S. No.,Age,Sex,RBC,PCV,PCV_Reference_Range,PCV_Unit,PCV_Status,MCV,MCH,MCH_Reference_Range,MCH_Unit,MCH_Status,MCHC,RDW,TLC,TLC_Reference_Range,TLC_Unit,TLC_Status,PLT /mm3,HGB
1,29,1,4.39,31.4,36-46,%,Low,71.5,21.5,27-32,pg,Low,29.9,18,7.76,3.5-11.5,ths/uL,Normal,359.2,9.4
2,24,0,3.92,35.4,36-46,%,Low,90.4,29.8,27-32,pg,Normal,33.1,14,4.46,3.5-11.5,ths/uL,Normal,191.1,11.7
3,62,0,4.34,38.3,36-46,%,Normal,88.2,29.6,27-32,pg,Normal,33.4,13.1,9.58,3.5-11.5,ths/uL,Normal,270.6,12.8
4,43,0,4.92,43.4,36-46,%,Normal,88.3,29.2,27-32,pg,Normal,33.2,13.9,9.18,3.5-11.5,ths/uL,Normal,197.1,14.4
5,49,1,5.13,46.5,36-46,%,High,90.7,27.8,27-32,pg,Normal,30.8,13.6,8.96,3.5-11.5,ths/uL,Normal,222.3,14.3
6,38,0,3.99,36,36-46,%,Normal,90.3,30,27-32,pg,Normal,33.3,14.4,9.16,3.5-11.5,ths/uL,Normal,259.9,12
7,56,1,4.76,44.2,36-46,%,Normal,92.8,30.2,27-32,pg,Normal,32.6,13.3,7.99,3.5-11.5,ths/uL,Normal,264.2,14.4
8,24,0,3.63,41.4,36-46,%,Normal,114.1,33.1,27-32,pg,High,29,15.3,6.15,3.5-11.5,ths/uL,Normal,145.2,12
9,59,0,5.18,45.4,36-46,%,Normal,87.7,30.2,27-32,pg,Normal,34.4,13.5,5.49,3.5-11.5,ths/uL,Normal,295.8,15.6
10,16,1,4.8,44.4,36-46,%,Normal,92.4,27.3,27-32,pg,Normal,29.5,14.6,5.22,3.5-11.5,ths/uL,Normal,114.4,13.1
11,65,0,5.06,44.2,36-46,%,Normal,87.3,30.1,27-32,pg,Normal,34.4,12.5,7.19,3.5-11.5,ths/uL,Normal,239.6,15.2
12,43,1,4.03,35.1,36-46,%,Low,87.2,28.3,27-32,pg,Normal,32.5,13.5,5.38,3.5-11.5,ths/uL,Normal,145.5,11.4
13,55,1,5.25,44.8,36-46,%,Normal,85.4,31.1,27-32,pg,Normal,36.4,13.2,7.57,3.5-11.5,ths/uL,Normal,299,16.3
14,10,0,4.76,37.1,36-46,%,Normal,77.9,26.1,27-32,pg,Low,33.4,14.6,6.35,3.5-11.5,ths/uL,Normal,274,12.4
15,60,1,4.1,35,36-46,%,Low,85.4,29,27-32,pg,Normal,34,15.8,8.58,3.5-11.5,ths/uL,Normal,123.3,11.9
16,29,0,3.74,40.3,36-46,%,Normal,107.7,31.7,27-32,pg,Normal,29.5,16.2,5.11,3.5-11.5,ths/uL,Normal,257.6,11.9
17,54,0,4.63,49,36-46,%,High,105.9,36.7,27-32,pg,High,34.7,19.2,8.37,3.5-11.5,ths/uL,Normal,206.1,17
18,34,1,3.53,22.5,36-46,%,Low,63.8,22.1,27-32,pg,Low,34.7,16.3,8.31,3.5-11.5,ths/uL,Normal,425.6,7.8
19,67,1,5.08,45.3,36-46,%,Normal,89.2,29.8,27-32,pg,Normal,33.3,14.2,5.67,3.5-11.5,ths/uL,Normal,282.1,15.1
20,72,0,4.53,40.6,36-46,%,Normal,89.6,29.6,27-32,pg,Normal,33,14.7,9.33,3.5-11.5,ths/uL,Normal,178.2,13.4
21,42,0,4.75,42.6,36-46,%,Normal,89.7,28.8,27-32,pg,Normal,32.2,14,16.6,3.5-11.5,ths/uL,High,252,13.7
22,25,1,4.99,43.6,36-46,%,Normal,87.3,32.6,27-32,pg,High,37.4,15.7,8.98,3.5-11.5,ths/uL,Normal,252.7,16.3
23,29,1,3.74,27.5,36-46,%,Low,73.6,22.2,27-32,pg,Low,30.2,17.7,10.5,3.5-11.5,ths/uL,Normal,342.9,8.3
24,28,1,5.24,50.7,36-46,%,High,96.7,31,27-32,pg,Normal,32,14.9,4.54,3.5-11.5,ths/uL,Normal,519.1,16.2
25,54,1,5.53,50.6,36-46,%,High,91.5,31.8,27-32,pg,Normal,34.8,13.7,15.7,3.5-11.5,ths/uL,High,222.5,17.6
26,89,0,4.43,38.5,36-46,%,Normal,86.9,28.1,27-32,pg,Normal,32.2,13.8,9.69,3.5-11.5,ths/uL,Normal,242.4,12.4
27,16,0,4.31,39.4,36-46,%,Normal,91.3,26.5,27-32,pg,Low,28.9,13.1,8.51,3.5-11.5,ths/uL,Normal,283.6,11.4
28,37,0,4.05,35.2,36-46,%,Low,86.8,29.2,27-32,pg,Normal,33.5,12.2,15.7,3.5-11.5,ths/uL,High,216.2,11.8
29,48,1,4.99,44.5,36-46,%,Normal,89.1,31.8,27-32,pg,Normal,35.7,14.9,4.58,3.5-11.5,ths/uL,Normal,342.8,15.9
30,16,0,4.16,35.1,36-46,%,Low,84.3,29.8,27-32,pg,Normal,35.3,13.2,5.6,3.5-11.5,ths/uL,Normal,250.9,12.4
31,19,0,4.09,34.6,36-46,%,Low,84.6,27.9,27-32,pg,Normal,32.9,14.8,8.18,3.5-11.5,ths/uL,Normal,54.4,11.4
32,8,0,4.92,41.5,36-46,%,Normal,84.3,26.1,27-32,pg,Low,30.8,13.5,8.5,3.5-11.5,ths/uL,Normal,495.5,12.8
33,43,0,4.7,38.1,36-46,%,Normal,81,29.6,27-32,pg,Normal,36.5,12.9,8.2,3.5-11.5,ths/uL,Normal,200.6,13.9
34,4,0,5.65,46.2,36-46,%,High,81.7,30.9,27-32,pg,Normal,37.9,14.2,9.29,3.5-11.5,ths/uL,Normal,285.4,17.5
35,36,1,4.38,41,36-46,%,Normal,93.5,29.1,27-32,pg,Normal,31,13.5,6.38,3.5-11.5,ths/uL,Normal,318.5,12.7
36,24,1,4.19,35.3,36-46,%,Low,84.2,28,27-32,pg,Normal,33.1,16.8,8.98,3.5-11.5,ths/uL,Normal,140.5,11.7
37,41,1,4.28,38,36-46,%,Normal,88.8,30.8,27-32,pg,Normal,34.7,13.9,2.74,3.5-11.5,ths/uL,Low,195.6,13.2
38,4,1,4.43,29.2,36-46,%,Low,66,21.7,27-32,pg,Low,32.9,15,9,3.5-11.5,ths/uL,Normal,344.9,9.6
39,62,0,5.13,44.4,36-46,%,Normal,86.6,27.9,27-32,pg,Normal,32.2,13.5,4.92,3.5-11.5,ths/uL,Normal,266.3,14.3
40,51,1,4.91,45,36-46,%,Normal,91.6,30.1,27-32,pg,Normal,32.9,15.6,9.74,3.5-11.5,ths/uL,Normal,443.6,14.8
41,15,0,4.99,43.7,36-46,%,Normal,87.5,30.2,27-32,pg,Normal,34.6,13.9,18.1,3.5-11.5,ths/uL,High,335.3,15.1
42,52,1,3.96,26.8,36-46,%,Low,67.7,22.6,27-32,pg,Low,33.2,18.8,9.72,3.5-11.5,ths/uL,Normal,361.4,8.9
43,55,1,5.29,46.7,36-46,%,High,88.3,30,27-32,pg,Normal,34,13.6,5.75,3.5-11.5,ths/uL,Normal,282.3,15.9
44,32,0,4.77,41.5,36-46,%,Normal,87.1,30.3,27-32,pg,Normal,34.9,14,7.31,3.5-11.5,ths/uL,Normal,243,14.5
45,34,0,3.23,21.8,36-46,%,Low,67.6,20.3,27-32,pg,Low,30.3,15.1,9.35,3.5-11.5,ths/uL,Normal,315.5,6.6
46,51,0,4.36,37.3,36-46,%,Normal,85.5,30.1,27-32,pg,Normal,35.1,12.5,5.42,3.5-11.5,ths/uL,Normal,235.3,13.1
47,52,0,3.81,31.2,36-46,%,Low,81.8,29.1,27-32,pg,Normal,35.6,14.6,2.45,3.5-11.5,ths/uL,Low,100.8,11.1
48,34,0,4.72,42.4,36-46,%,Normal,89.8,31.3,27-32,pg,Normal,34.9,14.5,5.03,3.5-11.5,ths/uL,Normal,212.2,14.8
49,35,1,4.87,43.5,36-46,%,Normal,89.4,32.9,27-32,pg,High,36.8,12.9,8.54,3.5-11.5,ths/uL,Normal,276.7,16
50,50,1,5.15,44.6,36-46,%,Normal,86.6,30,27-32,pg,Normal,34.5,13.9,12.8,3.5-11.5,ths/uL,High,237.1,15.4
51,63,1,3.97,35.8,36-46,%,Low,90.2,29.3,27-32,pg,Normal,32.4,14.2,2.44,3.5-11.5,ths/uL,Low,151.3,11.6
52,39,0,4.76,42,36-46,%,Normal,88.2,27.9,27-32,pg,Normal,31.7,12.5,6.44,3.5-11.5,ths/uL,Normal,199.3,13.3
53,49,1,5.54,52.5,36-46,%,High,94.7,31.3,27-32,pg,Normal,33,15.7,7.26,3.5-11.5,ths/uL,Normal,236,17.3
54,52,1,5.59,52.4,36-46,%,High,93.8,30.6,27-32,pg,Normal,32.6,13.8,10.2,3.5-11.5,ths/uL,Normal,279,17.1
55,43,0,3.61,23.9,36-46,%,Low,66.3,23.4,27-32,pg,Low,35.1,18.6,4.93,3.5-11.5,ths/uL,Normal,361.8,8.4
56,30,0,3.65,30.4,36-46,%,Low,83.3,28.8,27-32,pg,Normal,34.5,13.6,6.55,3.5-11.5,ths/uL,Normal,103.9,10.5
57,40,1,5.58,53.2,36-46,%,High,95.3,29.3,27-32,pg,Normal,30.6,12.3,13.9,3.5-11.5,ths/uL,High,365.4,16.3
58,57,0,4.25,37.6,36-46,%,Normal,88.4,29.7,27-32,pg,Normal,33.5,13.7,7.62,3.5-11.5,ths/uL,Normal,201.1,12.6
59,68,1,4.76,45.4,36-46,%,Normal,95.3,30.3,27-32,pg,Normal,31.7,12.8,9.5,3.5-11.5,ths/uL,Normal,256.9,14.4
60,55,0,4.34,48,36-46,%,High,110.5,30.8,27-32,pg,Normal,27.9,17.6,6.04,3.5-11.5,ths/uL,Normal,184.4,13.4
61,9,0,4.56,38.7,36-46,%,Normal,84.9,26.9,27-32,pg,Low,31.8,14.9,6.12,3.5-11.5,ths/uL,Normal,194,12.3
62,50,1,4.91,43.1,36-46,%,Normal,87.8,27.3,27-32,pg,Normal,31.1,13.6,5.43,3.5-11.5,ths/uL,Normal,221.2,13.4
63,48,1,5.05,45.8,36-46,%,Normal,90.6,29.6,27-32,pg,Normal,32.5,13.9,7.08,3.5-11.5,ths/uL,Normal,282.4,14.9
64,21,1,4.99,43.1,36-46,%,Normal,86.3,29.7,27-32,pg,Normal,34.3,14.9,5.04,3.5-11.5,ths/uL,Normal,240.8,14.8
65,52,0,4.77,40.4,36-46,%,Normal,84.6,28,27-32,pg,Normal,33.2,12.9,5.95,3.5-11.5,ths/uL,Normal,333.4,13.4
66,65,0,4.55,36.3,36-46,%,Normal,79.8,30.7,27-32,pg,Normal,38.6,13.4,10.1,3.5-11.5,ths/uL,Normal,296.3,14
67,77,1,5,45.5,36-46,%,Normal,90.9,31,27-32,pg,Normal,34.1,16,5.82,3.5-11.5,ths/uL,Normal,502.1,15.5
68,49,0,4,37.5,36-46,%,Normal,93.8,29.6,27-32,pg,Normal,31.5,13.8,10.4,3.5-11.5,ths/uL,Normal,211.4,11.8
69,15,1,3.76,41.2,36-46,%,Normal,109.5,34.5,27-32,pg,High,31.6,14.8,6.5,3.5-11.5,ths/uL,Normal,190.2,13
70,20,1,6.24,54.5,36-46,%,High,87.4,31.5,27-32,pg,Normal,36.1,14.4,6.99,3.5-11.5,ths/uL,Normal,161.7,19.7
71,7,1,4.73,40.8,36-46,%,Normal,86.2,30.5,27-32,pg,Normal,35.3,13.4,6.51,3.5-11.5,ths/uL,Normal,248,14.4
72,51,0,4.16,44.6,36-46,%,Normal,107.1,32.1,27-32,pg,High,30,16.7,6.91,3.5-11.5,ths/uL,Normal,192.2,13.4
73,8,0,5.45,46,36-46,%,Normal,84.4,25.8,27-32,pg,Low,30.7,13.8,9.5,3.5-11.5,ths/uL,Normal,202.2,14.1
74,31,0,5.33,47,36-46,%,High,88.2,28.7,27-32,pg,Normal,32.6,12.1,5.1,3.5-11.5,ths/uL,Normal,251.3,15.3
75,46,0,3.83,42.2,36-46,%,Normal,110.2,36,27-32,pg,High,32.7,16.5,5.53,3.5-11.5,ths/uL,Normal,236.9,13.8
76,14,0,3.89,24.9,36-46,%,Low,64,21.7,27-32,pg,Low,33.7,16.4,10.6,3.5-11.5,ths/uL,Normal,460.1,8.4
77,26,0,4.82,42.9,36-46,%,Normal,89,30.4,27-32,pg,Normal,34.3,12.9,7.08,3.5-11.5,ths/uL,Normal,186.3,14.7
78,39,1,4.94,42.7,36-46,%,Normal,86.5,28.4,27-32,pg,Normal,32.8,13.4,5.91,3.5-11.5,ths/uL,Normal,320.6,14
79,60,1,4.75,40.9,36-46,%,Normal,86.1,28.8,27-32,pg,Normal,33.5,14.2,7.18,3.5-11.5,ths/uL,Normal,221.4,13.7
80,13,1,4.56,44.5,36-46,%,Normal,97.5,32.4,27-32,pg,High,33.3,14,5.74,3.5-11.5,ths/uL,Normal,214.2,14.8
81,60,0,5.04,44.1,36-46,%,Normal,87.5,30.7,27-32,pg,Normal,35.1,15.5,6,3.5-11.5,ths/uL,Normal,208.4,15.5
82,51,0,3.97,35.7,36-46,%,Low,89.9,31.5,27-32,pg,Normal,35,14.6,1.87,3.5-11.5,ths/uL,Low,183.8,12.5
83,40,1,4.53,40.5,36-46,%,Normal,89.3,29.4,27-32,pg,Normal,32.8,14,9.37,3.5-11.5,ths/uL,Normal,240.3,13.3
84,9,1,4.93,40,36-46,%,Normal,81.1,27.4,27-32,pg,Normal,33.8,14.6,7.92,3.5-11.5,ths/uL,Normal,254.9,13.5
85,75,0,4.85,39.9,36-46,%,Normal,82.2,30,27-32,pg,Normal,36.6,13,4.79,3.5-11.5,ths/uL,Normal,286.5,14.6
86,19,1,4.58,39.2,36-46,%,Normal,85.5,29.4,27-32,pg,Normal,34.4,13.6,6,3.5-11.5,ths/uL,Normal,240.7,13.5
87,17,0,4.76,45,36-46,%,Normal,94.6,27.9,27-32,pg,Normal,29.6,13.6,7.78,3.5-11.5,ths/uL,Normal,165.3,13.3
88,64,0,4.78,38.2,36-46,%,Normal,80,29.4,27-32,pg,Normal,36.9,13.5,6.8,3.5-11.5,ths/uL,Normal,266.7,14.1
89,19,0,3.31,30.7,36-46,%,Low,92.8,27.9,27-32,pg,Normal,30,15.1,7.95,3.5-11.5,ths/uL,Normal,35.6,9.2
90,10,1,4.67,39.6,36-46,%,Normal,84.8,27.4,27-32,pg,Normal,32.3,14.2,5.23,3.5-11.5,ths/uL,Normal,193.3,12.8
91,13,1,4.66,43.3,36-46,%,Normal,93,30.3,27-32,pg,Normal,32.6,13.7,5.28,3.5-11.5,ths/uL,Normal,241.7,14.1
92,45,0,3.98,28.1,36-46,%,Low,70.5,21.3,27-32,pg,Low,30.2,15.8,7.92,3.5-11.5,ths/uL,Normal,414.5,8.5
93,70,1,5.59,50.2,36-46,%,High,89.8,30.7,27-32,pg,Normal,34.3,12.5,5.82,3.5-11.5,ths/uL,Normal,275.5,17.2
94,74,0,4.65,38.7,36-46,%,Normal,83.3,30.2,27-32,pg,Normal,36.2,13,7.14,3.5-11.5,ths/uL,Normal,248.1,14
95,45,0,4.31,28.4,36-46,%,Low,65.8,22.9,27-32,pg,Low,34.9,19,8.72,3.5-11.5,ths/uL,Normal,393.9,9.9
96,7,1,4.47,46.9,36-46,%,High,105,37.6,27-32,pg,High,35.8,20,7.69,3.5-11.5,ths/uL,Normal,190.3,16.8
97,25,0,4.24,30.9,36-46,%,Low,72.9,19.8,27-32,pg,Low,27.2,16.6,7.5,3.5-11.5,ths/uL,Normal,277.3,8.4
98,9,0,4.88,41.7,36-46,%,Normal,85.4,27.9,27-32,pg,Normal,32.6,13.3,3.84,3.5-11.5,ths/uL,Normal,308.4,13.6
99,22,1,5.11,43.4,36-46,%,Normal,84.9,28.9,27-32,pg,Normal,34.1,13.1,6.08,3.5-11.5,ths/uL,Normal,176.3,14.8
100,43,1,5.22,46.5,36-46,%,High,89.1,30.1,27-32,pg,Normal,33.8,14.5,6.85,3.5-11.5,ths/uL,Normal,167.9,15.7
101,87,0,4.66,40,36-46,%,Normal,85.8,29.3,27-32,pg,Normal,34.2,14.1,16.4,3.5-11.5,ths/uL,High,326.8,13.7
102,22,0,4.11,35.5,36-46,%,Low,86.3,26.4,27-32,pg,Low,30.7,13.3,6.96,3.5-11.5,ths/uL,Normal,186.4,10.9
103,65,0,4.49,42,36-46,%,Normal,93.5,28.9,27-32,pg,Normal,31,15.1,3.92,3.5-11.5,ths/uL,Normal,237.8,13
104,90,0,3.75,40.3,36-46,%,Normal,107.4,32.6,27-32,pg,High,30.3,17.8,5.01,3.5-11.5,ths/uL,Normal,219.3,12.2
105,49,0,4.81,44,36-46,%,Normal,91.5,28.6,27-32,pg,Normal,31.4,12.7,5.87,3.5-11.5,ths/uL,Normal,244.2,13.8
106,16,0,4.14,28.3,36-46,%,Low,68.3,23.8,27-32,pg,Low,35,15.2,10.2,3.5-11.5,ths/uL,Normal,350,9.9
107,6,1,5.4,42.4,36-46,%,Normal,78.5,30.5,27-32,pg,Normal,38.9,13.1,5.91,3.5-11.5,ths/uL,Normal,252.7,16.5
108,79,0,4.24,37.1,36-46,%,Normal,87.4,27.4,27-32,pg,Normal,31.3,14.2,9.22,3.5-11.5,ths/uL,Normal,337.2,11.6
109,60,1,4.19,45.2,36-46,%,Normal,107.9,32.6,27-32,pg,High,30.3,16.3,8.83,3.5-11.5,ths/uL,Normal,174.5,13.7
110,8,0,4.46,31.4,36-46,%,Low,70.4,22.2,27-32,pg,Low,31.5,16.1,7.64,3.5-11.5,ths/uL,Normal,280.5,9.9
111,39,0,4.44,37.2,36-46,%,Normal,83.8,27.8,27-32,pg,Normal,33.1,14.8,9.64,3.5-11.5,ths/uL,Normal,241.3,12.3
112,11,0,5,42,36-46,%,Normal,83.9,25.2,27-32,pg,Low,30,14.8,4.52,3.5-11.5,ths/uL,Normal,140.6,12.6
113,57,1,3.64,23.2,36-46,%,Low,63.8,21.7,27-32,pg,Low,34.1,17.5,8.24,3.5-11.5,ths/uL,Normal,373.6,7.9
114,14,0,3.83,35,36-46,%,Low,91.4,30.3,27-32,pg,Normal,33.1,14.4,2.52,3.5-11.5,ths/uL,Low,128.5,11.6
115,46,0,4.72,43.5,36-46,%,Normal,92.2,29.8,27-32,pg,Normal,32.4,14.9,6.91,3.5-11.5,ths/uL,Normal,172.3,14.1
116,47,1,5.06,44.3,36-46,%,Normal,87.6,29.2,27-32,pg,Normal,33.4,14.2,6.98,3.5-11.5,ths/uL,Normal,222.6,14.8
117,90,1,3.86,41.5,36-46,%,Normal,107.4,36.5,27-32,pg,High,34,14.4,7.83,3.5-11.5,ths/uL,Normal,177.3,14.1
118,33,0,4.46,40.2,36-46,%,Normal,90.1,29.1,27-32,pg,Normal,32.3,15,5.72,3.5-11.5,ths/uL,Normal,257.8,13
119,44,1,3.8,23.8,36-46,%,Low,62.6,24.7,27-32,pg,Low,39.5,22,6.06,3.5-11.5,ths/uL,Normal,403.8,9.4
120,53,0,4.14,33.6,36-46,%,Low,81.1,29.9,27-32,pg,Normal,36.9,13.9,4.11,3.5-11.5,ths/uL,Normal,196.5,12.4
121,3,0,5.27,46.3,36-46,%,High,87.8,28.6,27-32,pg,Normal,32.6,14.8,10.5,3.5-11.5,ths/uL,Normal,235.8,15.1
122,18,0,3.72,40.1,36-46,%,Normal,107.8,33.3,27-32,pg,High,30.9,15.6,6.03,3.5-11.5,ths/uL,Normal,261.9,12.4
123,63,1,4.41,39.5,36-46,%,Normal,89.5,30.7,27-32,pg,Normal,34.2,15.1,7.62,3.5-11.5,ths/uL,Normal,269.6,13.5
124,81,1,4.54,42.6,36-46,%,Normal,93.8,32,27-32,pg,Normal,34,13.2,6,3.5-11.5,ths/uL,Normal,217.9,14.5
125,38,0,4.03,42.3,36-46,%,Normal,105,35.3,27-32,pg,High,33.6,18.5,6.4,3.5-11.5,ths/uL,Normal,265.4,14.2
126,7,0,4.41,36.9,36-46,%,Normal,83.6,25.4,27-32,pg,Low,30.4,13.3,5.21,3.5-11.5,ths/uL,Normal,262.8,11.2
127,5,0,5.48,43.5,36-46,%,Normal,79.3,26.8,27-32,pg,Low,33.8,13.6,6.5,3.5-11.5,ths/uL,Normal,225.8,14.7
128,31,1,4.13,30.6,36-46,%,Low,74.2,21.4,27-32,pg,Low,28.8,16.6,7.76,3.5-11.5,ths/uL,Normal,421.1,8.8
129,30,0,3.04,26.6,36-46,%,Low,87.5,27.3,27-32,pg,Normal,31.2,16.3,7.07,3.5-11.5,ths/uL,Normal,112.6,8.3
130,7,0,4.99,40.1,36-46,%,Normal,80.4,25.6,27-32,pg,Low,31.9,13.3,8.5,3.5-11.5,ths/uL,Normal,207.6,12.8
131,81,0,3.74,34,36-46,%,Low,90.8,30.4,27-32,pg,Normal,33.5,14.2,4.92,3.5-11.5,ths/uL,Normal,127.3,11.4
132,48,1,5.1,42.1,36-46,%,Normal,82.6,31,27-32,pg,Normal,37.5,13.2,6.63,3.5-11.5,ths/uL,Normal,267,15.8
133,32,1,4.8,39.2,36-46,%,Normal,81.6,30.5,27-32,pg,Normal,37.2,14,7.02,3.5-11.5,ths/uL,Normal,288.9,14.6
134,30,0,4.85,47.1,36-46,%,High,97.1,28.9,27-32,pg,Normal,29.7,13.2,7.68,3.5-11.5,ths/uL,Normal,234,14
135,29,1,3.79,41.4,36-46,%,Normal,109.3,33.4,27-32,pg,High,30.7,16.3,7.2,3.5-11.5,ths/uL,Normal,272.5,12.7
136,7,1,3.8,41,36-46,%,Normal,108,32.9,27-32,pg,High,30.5,17,5.59,3.5-11.5,ths/uL,Normal,186,12.5
137,47,1,4.75,39.9,36-46,%,Normal,83.9,31.5,27-32,pg,Normal,37.6,13.6,3.9,3.5-11.5,ths/uL,Normal,161.9,15
138,13,1,4.97,47.3,36-46,%,High,95.2,30.9,27-32,pg,Normal,32.6,13.2,5.08,3.5-11.5,ths/uL,Normal,291,15.4
139,19,1,5.69,51.2,36-46,%,High,90,27.8,27-32,pg,Normal,30.9,13.5,9.22,3.5-11.5,ths/uL,Normal,156.5,15.8
140,20,1,5.14,45.2,36-46,%,Normal,88,30,27-32,pg,Normal,34.1,15.6,13.2,3.5-11.5,ths/uL,High,320.1,15.4
141,75,0,4.11,41.5,36-46,%,Normal,100.9,33.8,27-32,pg,High,33.5,17.7,5.2,3.5-11.5,ths/uL,Normal,291.4,13.9
142,18,0,4.51,38.3,36-46,%,Normal,85,30.4,27-32,pg,Normal,35.8,13.5,8.13,3.5-11.5,ths/uL,Normal,255.3,13.7
143,20,0,4.02,36.2,36-46,%,Normal,90,28.3,27-32,pg,Normal,31.5,14.1,7.39,3.5-11.5,ths/uL,Normal,329.3,11.4
144,77,0,5.82,50.6,36-46,%,High,86.9,32,27-32,pg,Normal,36.8,16,10.6,3.5-11.5,ths/uL,Normal,271.3,18.6
145,18,0,4.81,44.1,36-46,%,Normal,91.7,30.3,27-32,pg,Normal,33.1,12.9,19,3.5-11.5,ths/uL,High,306.3,14.6
146,50,1,4.49,40.3,36-46,%,Normal,89.8,32.3,27-32,pg,High,36,13.5,13.2,3.5-11.5,ths/uL,High,227.7,14.5
147,86,1,4.83,41.6,36-46,%,Normal,86.1,27.9,27-32,pg,Normal,32.5,13.7,9.75,3.5-11.5,ths/uL,Normal,300,13.5
148,15,1,5.36,43.6,36-46,%,Normal,81.3,30.2,27-32,pg,Normal,37.2,13.2,8.04,3.5-11.5,ths/uL,Normal,172.1,16.2
149,1,0,4.15,33.3,36-46,%,Low,80.2,27.8,27-32,pg,Normal,34.5,15.2,7.52,3.5-11.5,ths/uL,Normal,138,11.5
150,29,0,3.85,32.6,36-46,%,Low,84.7,30.6,27-32,pg,Normal,36.2,13.8,2.95,3.5-11.5,ths/uL,Low,109.4,11.8
151,86,1,4.85,40.9,36-46,%,Normal,84.4,29.9,27-32,pg,Normal,35.5,12.7,8.41,3.5-11.5,ths/uL,Normal,193,14.5
152,34,0,4.12,35.2,36-46,%,Low,85.4,30.9,27-32,pg,Normal,36.1,12.9,7.02,3.5-11.5,ths/uL,Normal,273,12.7
153,20,0,4.06,35.7,36-46,%,Low,88,27.5,27-32,pg,Normal,31.4,12.8,3.81,3.5-11.5,ths/uL,Normal,216.8,11.2
154,63,0,3.74,25.5,36-46,%,Low,68.2,19.7,27-32,pg,Low,29,15.8,9.5,3.5-11.5,ths/uL,Normal,335.7,7.4
155,77,1,5.07,44.8,36-46,%,Normal,88.4,29.6,27-32,pg,Normal,33.5,12.5,5.42,3.5-11.5,ths/uL,Normal,332.9,15
156,50,0,4.35,39,36-46,%,Normal,89.6,30.2,27-32,pg,Normal,33.6,13.8,5.93,3.5-11.5,ths/uL,Normal,290.7,13.1
157,37,1,4.65,38.6,36-46,%,Normal,83.1,29.4,27-32,pg,Normal,35.5,15.7,6.87,3.5-11.5,ths/uL,Normal,608.6,13.7
158,22,1,4.33,45,36-46,%,Normal,103.9,35.6,27-32,pg,High,34.2,17.2,7.77,3.5-11.5,ths/uL,Normal,221.4,15.4
159,80,0,4.91,41.2,36-46,%,Normal,84,27.4,27-32,pg,Normal,32.8,13.7,13.3,3.5-11.5,ths/uL,High,211,13.5
160,33,0,3.23,22.9,36-46,%,Low,71,23,27-32,pg,Low,32.3,18.2,10.9,3.5-11.5,ths/uL,Normal,385.8,7.4
161,81,0,4.77,38.5,36-46,%,Normal,80.7,27.9,27-32,pg,Normal,34.5,13.4,6.5,3.5-11.5,ths/uL,Normal,294.5,13.3
162,47,0,3.85,33.1,36-46,%,Low,86,29.2,27-32,pg,Normal,33.8,12.8,6.49,3.5-11.5,ths/uL,Normal,187.2,11.2
163,11,1,4.81,33,36-46,%,Low,68.7,23.9,27-32,pg,Low,34.8,20.1,7.57,3.5-11.5,ths/uL,Normal,351.8,11.5
164,29,0,5.02,43.8,36-46,%,Normal,87.3,32,27-32,pg,Normal,36.8,13.5,7.15,3.5-11.5,ths/uL,Normal,267.4,16.1
165,37,0,4.47,36.9,36-46,%,Normal,82.6,30.9,27-32,pg,Normal,37.4,13.4,6.21,3.5-11.5,ths/uL,Normal,242.7,13.8
166,51,1,3.71,28.5,36-46,%,Low,76.7,19.2,27-32,pg,Low,24.9,17.9,8.33,3.5-11.5,ths/uL,Normal,485.1,7.1
167,59,0,4.77,40.5,36-46,%,Normal,84.9,30.9,27-32,pg,Normal,36.3,15.1,6.25,3.5-11.5,ths/uL,Normal,202.8,14.7
168,84,1,4.81,45.3,36-46,%,Normal,94.2,32.8,27-32,pg,High,34.9,14.9,8.39,3.5-11.5,ths/uL,Normal,324.9,15.8
169,48,1,4.73,41.4,36-46,%,Normal,87.6,31.5,27-32,pg,Normal,36,14.1,12.8,3.5-11.5,ths/uL,High,383.1,14.9
170,87,0,3.67,26.9,36-46,%,Low,73.4,23.5,27-32,pg,Low,32,16.4,7.34,3.5-11.5,ths/uL,Normal,279.1,8.6
171,86,1,5.27,46.9,36-46,%,High,89,28.2,27-32,pg,Normal,31.8,14.1,8.26,3.5-11.5,ths/uL,Normal,340.4,14.9
172,88,0,4.67,42.6,36-46,%,Normal,91.3,26.8,27-32,pg,Low,29.3,12.9,3.96,3.5-11.5,ths/uL,Normal,226.7,12.5
173,44,0,4.62,39.3,36-46,%,Normal,85,28.8,27-32,pg,Normal,33.8,15.2,17,3.5-11.5,ths/uL,High,383.1,13.3
174,7,1,4.59,36.2,36-46,%,Normal,78.9,26.6,27-32,pg,Low,33.7,14.3,7.58,3.5-11.5,ths/uL,Normal,197.7,12.2
175,71,1,4.96,44.5,36-46,%,Normal,89.8,31,27-32,pg,Normal,34.6,14.8,8.49,3.5-11.5,ths/uL,Normal,222.1,15.4
176,53,0,4.95,45.1,36-46,%,Normal,91.1,28.2,27-32,pg,Normal,31,14.1,5.92,3.5-11.5,ths/uL,Normal,217.9,14
177,21,1,5.03,44.1,36-46,%,Normal,87.6,29.6,27-32,pg,Normal,33.8,14.1,9.91,3.5-11.5,ths/uL,Normal,173,14.9
178,19,1,4.81,45.9,36-46,%,Normal,95.4,29.2,27-32,pg,Normal,30.5,14.5,6.99,3.5-11.5,ths/uL,Normal,255.3,14
179,14,1,5.42,49.1,36-46,%,High,90.6,31.1,27-32,pg,Normal,34.4,13,10.1,3.5-11.5,ths/uL,Normal,200.7,16.9
180,10,1,4.26,34.5,36-46,%,Low,81.1,26.5,27-32,pg,Low,32.8,15.6,2.48,3.5-11.5,ths/uL,Low,173.8,11.3
181,72,0,5.51,49.1,36-46,%,High,89.1,29.9,27-32,pg,Normal,33.6,14.9,10.8,3.5-11.5,ths/uL,Normal,161.6,16.5
182,62,1,4.87,40.6,36-46,%,Normal,83.4,30.5,27-32,pg,Normal,36.7,14.8,17.2,3.5-11.5,ths/uL,High,392.7,14.9
183,82,1,3.53,25.2,36-46,%,Low,71.4,20.1,27-32,pg,Low,28.2,17.8,7,3.5-11.5,ths/uL,Normal,400.2,7.1
184,48,0,5.13,42.4,36-46,%,Normal,82.7,29.7,27-32,pg,Normal,35.8,15,13.1,3.5-11.5,ths/uL,High,314,15.2
185,43,0,4.38,42,36-46,%,Normal,95.8,28.1,27-32,pg,Normal,29.3,14.6,14.9,3.5-11.5,ths/uL,High,467,12.3
186,34,1,5.43,47,36-46,%,High,86.6,31,27-32,pg,Normal,35.7,13.6,6.06,3.5-11.5,ths/uL,Normal,274.7,16.8
187,29,1,5,45,36-46,%,Normal,89.9,28.9,27-32,pg,Normal,32,13.3,7.39,3.5-11.5,ths/uL,Normal,199.7,14.4
188,8,1,4.92,40.7,36-46,%,Normal,82.8,29.1,27-32,pg,Normal,35.1,12.9,7.41,3.5-11.5,ths/uL,Normal,300.8,14.3
189,36,0,4.25,37.5,36-46,%,Normal,88.3,29.1,27-32,pg,Normal,33.1,15.7,6.16,3.5-11.5,ths/uL,Normal,566.2,12.4
190,19,1,4.76,40.8,36-46,%,Normal,85.7,28.2,27-32,pg,Normal,32.8,13.6,4.52,3.5-11.5,ths/uL,Normal,274,13.4
191,70,0,4.85,42.7,36-46,%,Normal,88,28.8,27-32,pg,Normal,32.8,14.1,8.01,3.5-11.5,ths/uL,Normal,184.4,14
192,31,0,4.15,25.2,36-46,%,Low,60.7,21.6,27-32,pg,Low,35.7,17.9,8.97,3.5-11.5,ths/uL,Normal,315.9,9
193,15,0,4.07,34.7,36-46,%,Low,85.3,27.3,27-32,pg,Normal,32,14.6,4.19,3.5-11.5,ths/uL,Normal,189.5,11.1
194,60,1,4.96,41.3,36-46,%,Normal,83.3,31.4,27-32,pg,Normal,37.8,14.4,8.65,3.5-11.5,ths/uL,Normal,240.7,15.6
195,62,0,4.25,44,36-46,%,Normal,103.5,31.1,27-32,pg,Normal,30,19.5,7.37,3.5-11.5,ths/uL,Normal,215.9,13.2
196,35,1,5.31,45.2,36-46,%,Normal,85.1,31,27-32,pg,Normal,36.5,14.2,17.8,3.5-11.5,ths/uL,High,371,16.5
197,21,0,4.74,41,36-46,%,Normal,86.4,29.3,27-32,pg,Normal,33.9,13.9,6.99,3.5-11.5,ths/uL,Normal,341.4,13.9
198,2,0,5.06,39.2,36-46,%,Normal,77.5,25.7,27-32,pg,Low,33.2,13.7,5.69,3.5-11.5,ths/uL,Normal,257.6,13
199,3,0,4.35,36.7,36-46,%,Normal,84.3,27.1,27-32,pg,Normal,32.2,13.2,9.25,3.5-11.5,ths/uL,Normal,319,11.8
200,34,0,3.98,33.5,36-46,%,Low,84.1,30.4,27-32,pg,Normal,36.1,14.9,8.38,3.5-11.5,ths/uL,Normal,219.1,12.1
201,58,0,5.07,42.8,36-46,%,Normal,84.5,28.4,27-32,pg,Normal,33.6,14.1,6.18,3.5-11.5,ths/uL,Normal,290.6,14.4
202,86,1,5.07,44.6,36-46,%,Normal,87.9,26.2,27-32,pg,Low,29.8,14.5,16.3,3.5-11.5,ths/uL,High,278.7,13.3
203,60,0,4.37,37.9,36-46,%,Normal,86.7,27.4,27-32,pg,Normal,31.7,14,7.81,3.5-11.5,ths/uL,Normal,243.9,12
204,85,1,4.26,25.7,36-46,%,Low,60.3,22.4,27-32,pg,Low,37,17.2,7.41,3.5-11.5,ths/uL,Normal,320.3,9.5
205,37,0,3.8,28.3,36-46,%,Low,74.5,17.5,27-32,pg,Low,23.7,19.3,7.88,3.5-11.5,ths/uL,Normal,414,6.7
206,27,0,4.2,28.4,36-46,%,Low,67.5,21.7,27-32,pg,Low,32,19.5,7.31,3.5-11.5,ths/uL,Normal,352.2,9.1
207,14,1,3.75,32.8,36-46,%,Low,87.5,29.8,27-32,pg,Normal,34.1,12.8,2.67,3.5-11.5,ths/uL,Low,223.2,11.2
208,34,1,4.9,41.5,36-46,%,Normal,84.7,28,27-32,pg,Normal,33,13.3,5.73,3.5-11.5,ths/uL,Normal,249.2,13.7
209,34,0,4.16,37.7,36-46,%,Normal,90.6,30.4,27-32,pg,Normal,33.4,13.7,7.72,3.5-11.5,ths/uL,Normal,209,12.6
210,51,1,5.29,46.9,36-46,%,High,88.7,30.1,27-32,pg,Normal,33.9,13.1,9.77,3.5-11.5,ths/uL,Normal,285.4,15.9
211,23,1,4.64,43.8,36-46,%,Normal,94.4,29.4,27-32,pg,Normal,31.1,13.6,16.4,3.5-11.5,ths/uL,High,329.9,13.6
212,37,0,3.98,42.8,36-46,%,Normal,107.6,30.6,27-32,pg,Normal,28.5,14.2,7.21,3.5-11.5,ths/uL,Normal,188.6,12.2
213,19,0,4.55,37.2,36-46,%,Normal,81.7,29.1,27-32,pg,Normal,35.5,12.9,6.32,3.5-11.5,ths/uL,Normal,263.5,13.2
214,44,1,3.31,35.4,36-46,%,Low,106.9,35.8,27-32,pg,High,33.3,15.7,8.26,3.5-11.5,ths/uL,Normal,154.4,11.8
215,12,1,4.51,36.7,36-46,%,Normal,81.3,29.1,27-32,pg,Normal,35.7,13.9,5.48,3.5-11.5,ths/uL,Normal,211.4,13.1
216,71,1,5.18,44.9,36-46,%,Normal,86.7,29.3,27-32,pg,Normal,33.9,13.3,11.1,3.5-11.5,ths/uL,Normal,409.6,15.2
217,5,1,4.5,36.9,36-46,%,Normal,82.1,25.6,27-32,pg,Low,31.2,13,8.11,3.5-11.5,ths/uL,Normal,161.2,11.5
218,49,1,4.83,41.1,36-46,%,Normal,85.1,30.6,27-32,pg,Normal,36,13.6,7.2,3.5-11.5,ths/uL,Normal,296,14.8
219,55,0,4.89,42.1,36-46,%,Normal,86,27,27-32,pg,Normal,31.4,15.4,5.13,3.5-11.5,ths/uL,Normal,178.9,13.2
220,25,0,4.41,38.9,36-46,%,Normal,88.2,28.7,27-32,pg,Normal,32.6,14.1,6.3,3.5-11.5,ths/uL,Normal,201.8,12.7
221,52,1,3.36,22.8,36-46,%,Low,67.8,23.1,27-32,pg,Low,34.2,21.2,7.72,3.5-11.5,ths/uL,Normal,372,7.8
222,26,1,3.62,23.1,36-46,%,Low,63.7,21.9,27-32,pg,Low,34.2,17.3,10.7,3.5-11.5,ths/uL,Normal,361.8,7.9
223,39,1,4.55,39.1,36-46,%,Normal,85.9,30.6,27-32,pg,Normal,35.5,16.1,3.81,3.5-11.5,ths/uL,Normal,167.1,13.9
224,54,0,3.65,25.6,36-46,%,Low,70.2,23.9,27-32,pg,Low,34,20,8.78,3.5-11.5,ths/uL,Normal,378.5,8.7
225,17,1,4.52,38.1,36-46,%,Normal,84.3,30.2,27-32,pg,Normal,36,14.9,14.8,3.5-11.5,ths/uL,High,238.7,13.7
226,42,1,4.98,45.2,36-46,%,Normal,90.8,31.6,27-32,pg,Normal,34.7,13,6.05,3.5-11.5,ths/uL,Normal,288.9,15.7
227,23,0,3.03,24.8,36-46,%,Low,82,27.1,27-32,pg,Normal,33.1,15.4,2.8,3.5-11.5,ths/uL,Low,188.5,8.2
228,88,0,5.02,41.5,36-46,%,Normal,82.6,28.3,27-32,pg,Normal,34.2,14.6,8.7,3.5-11.5,ths/uL,Normal,224,14.2
229,68,1,3.69,24.6,36-46,%,Low,66.6,19.5,27-32,pg,Low,29.3,19.2,11.4,3.5-11.5,ths/uL,Normal,378.4,7.2
230,3,1,5.52,46,36-46,%,Normal,83.4,25.6,27-32,pg,Low,30.7,14.1,5.45,3.5-11.5,ths/uL,Normal,335.9,14.1
231,24,0,4.88,41.2,36-46,%,Normal,84.4,27.7,27-32,pg,Normal,32.8,14.2,6.1,3.5-11.5,ths/uL,Normal,288.8,13.5
232,21,1,5.01,45.6,36-46,%,Normal,91.1,30.6,27-32,pg,Normal,33.6,16.2,15.3,3.5-11.5,ths/uL,High,213.4,15.3
233,35,0,4.57,41.6,36-46,%,Normal,91,27.6,27-32,pg,Normal,30.3,12.8,6.5,3.5-11.5,ths/uL,Normal,299.8,12.6
234,19,1,5.15,32.7,36-46,%,Low,63.4,20.2,27-32,pg,Low,31.8,16.4,10.2,3.5-11.5,ths/uL,Normal,354.9,10.4
235,52,0,4.5,36.5,36-46,%,Normal,81,31.5,27-32,pg,Normal,38.9,14.4,6.77,3.5-11.5,ths/uL,Normal,326.1,14.2
236,13,1,4.1,43.1,36-46,%,Normal,105.1,30.7,27-32,pg,Normal,29.2,16.9,7.76,3.5-11.5,ths/uL,Normal,236,12.6
237,86,1,4.92,43.6,36-46,%,Normal,88.7,29.4,27-32,pg,Normal,33.3,13.2,9.68,3.5-11.5,ths/uL,Normal,198.5,14.5
238,75,0,3.99,35.4,36-46,%,Low,88.7,30.3,27-32,pg,Normal,34.2,15.4,4.57,3.5-11.5,ths/uL,Normal,99.5,12.1
239,49,0,5.46,44.2,36-46,%,Normal,80.9,32.2,27-32,pg,High,39.8,14.7,8.77,3.5-11.5,ths/uL,Normal,220.1,17.6
240,18,0,4.98,41.7,36-46,%,Normal,83.7,28,27-32,pg,Normal,33.3,13.6,6.13,3.5-11.5,ths/uL,Normal,234.9,13.9
241,31,0,3.36,22.9,36-46,%,Low,68.3,20.5,27-32,pg,Low,30.1,15,9.17,3.5-11.5,ths/uL,Normal,358.3,6.9
242,85,1,4.01,37.2,36-46,%,Normal,92.8,28.6,27-32,pg,Normal,30.9,13.7,1.53,3.5-11.5,ths/uL,Low,169.8,11.5
243,42,0,4.41,38.1,36-46,%,Normal,86.5,28.2,27-32,pg,Normal,32.5,13.2,5.63,3.5-11.5,ths/uL,Normal,231.3,12.4
244,75,1,3.95,41.2,36-46,%,Normal,104.2,32.4,27-32,pg,High,31.1,19,7.58,3.5-11.5,ths/uL,Normal,160.7,12.8
245,65,1,5.18,49.2,36-46,%,High,95,30.6,27-32,pg,Normal,32.3,15.1,12.6,3.5-11.5,ths/uL,High,246.9,15.9
246,54,1,5.31,48,36-46,%,High,90.4,29.1,27-32,pg,Normal,32.3,13.9,6.7,3.5-11.5,ths/uL,Normal,267.7,15.5
247,50,0,4.34,47,36-46,%,High,108.3,35.9,27-32,pg,High,33.2,18.4,6.54,3.5-11.5,ths/uL,Normal,192.1,15.6
248,57,0,4.68,38.6,36-46,%,Normal,82.4,29.1,27-32,pg,Normal,35.2,13.1,5.99,3.5-11.5,ths/uL,Normal,175.7,13.6
249,45,0,4.42,40.1,36-46,%,Normal,90.7,29.1,27-32,pg,Normal,32.2,13.9,6.81,3.5-11.5,ths/uL,Normal,275.8,12.9
250,48,0,4.07,36.1,36-46,%,Normal,88.8,28.5,27-32,pg,Normal,32.1,14.6,8.62,3.5-11.5,ths/uL,Normal,257.5,11.6
251,76,0,3.52,40.5,36-46,%,Normal,115.1,33.7,27-32,pg,High,29.4,19,8.47,3.5-11.5,ths/uL,Normal,202.9,11.9
252,40,0,4.74,42.1,36-46,%,Normal,88.8,27.2,27-32,pg,Normal,30.6,12.8,6.32,3.5-11.5,ths/uL,Normal,164,12.9
253,12,0,4.64,39.2,36-46,%,Normal,84.5,30.4,27-32,pg,Normal,36,11.9,6.49,3.5-11.5,ths/uL,Normal,229.4,14.1
254,39,1,4.85,42,36-46,%,Normal,86.7,28.9,27-32,pg,Normal,33.3,13.7,7.81,3.5-11.5,ths/uL,Normal,331.8,14
255,23,0,4.18,37.6,36-46,%,Normal,89.9,30.5,27-32,pg,Normal,33.8,13.6,8,3.5-11.5,ths/uL,Normal,252,12.7
256,30,1,3.86,25.9,36-46,%,Low,67.2,22.2,27-32,pg,Low,33.2,18.5,7.14,3.5-11.5,ths/uL,Normal,310.1,8.6
257,88,1,5.07,47,36-46,%,High,92.8,32,27-32,pg,Normal,34.5,13.8,7.9,3.5-11.5,ths/uL,Normal,183,16.2
258,13,0,4.22,37.4,36-46,%,Normal,88.7,26.9,27-32,pg,Low,30.5,14,8.49,3.5-11.5,ths/uL,Normal,263.6,11.4
259,56,1,4.25,27,36-46,%,Low,63.5,22.5,27-32,pg,Low,35.6,15.6,8.02,3.5-11.5,ths/uL,Normal,271,9.6
260,16,0,4.39,40.7,36-46,%,Normal,92.6,29.8,27-32,pg,Normal,32.2,14,13.1,3.5-11.5,ths/uL,High,225.2,13.1
261,28,1,4.51,39.6,36-46,%,Normal,87.9,30.6,27-32,pg,Normal,34.8,14.1,4.32,3.5-11.5,ths/uL,Normal,103.5,13.8
262,17,1,5.31,46.6,36-46,%,High,87.7,30.1,27-32,pg,Normal,34.3,14.5,6.93,3.5-11.5,ths/uL,Normal,279.4,16
263,67,0,4.76,39.1,36-46,%,Normal,82.1,29.9,27-32,pg,Normal,36.3,14.7,6.73,3.5-11.5,ths/uL,Normal,201.8,14.2
264,54,0,4.18,43.7,36-46,%,Normal,104.5,35.8,27-32,pg,High,34.3,15,7.05,3.5-11.5,ths/uL,Normal,191.9,15
265,52,0,4.21,28.5,36-46,%,Low,67.7,19.1,27-32,pg,Low,28.1,18.2,4.16,3.5-11.5,ths/uL,Normal,313.1,8
266,16,0,4.52,38.7,36-46,%,Normal,85.6,29.1,27-32,pg,Normal,34.1,14.4,9.01,3.5-11.5,ths/uL,Normal,247,13.2
267,15,0,3.14,35.4,36-46,%,Low,112.7,31.1,27-32,pg,Normal,27.7,14.7,5.51,3.5-11.5,ths/uL,Normal,243,9.8
268,41,0,4.35,39.1,36-46,%,Normal,89.8,30,27-32,pg,Normal,33.5,14.6,14.4,3.5-11.5,ths/uL,High,279.4,13.1
269,26,1,5.06,44.1,36-46,%,Normal,87.1,32,27-32,pg,Normal,36.7,13.1,6.97,3.5-11.5,ths/uL,Normal,276,16.2
270,57,1,5.17,46.2,36-46,%,High,89.3,30.3,27-32,pg,Normal,34,13.1,5.83,3.5-11.5,ths/uL,Normal,224.8,15.7
271,44,0,3.8,26.3,36-46,%,Low,69.3,20.4,27-32,pg,Low,29.7,17.1,8.32,3.5-11.5,ths/uL,Normal,435.1,7.8
272,22,0,4.49,37.2,36-46,%,Normal,82.8,27.5,27-32,pg,Normal,33.1,12.4,5.3,3.5-11.5,ths/uL,Normal,322.8,12.3
273,34,0,4.39,36.7,36-46,%,Normal,83.6,28.8,27-32,pg,Normal,34.3,14.4,8.54,3.5-11.5,ths/uL,Normal,264.4,12.6
274,41,1,5.63,49.9,36-46,%,High,88.7,30.1,27-32,pg,Normal,33.9,13,6.35,3.5-11.5,ths/uL,Normal,300.5,16.9
275,62,0,3.85,42.8,36-46,%,Normal,111.1,35.5,27-32,pg,High,32,21.1,8.6,3.5-11.5,ths/uL,Normal,175.3,13.7
276,28,0,4.16,36.8,36-46,%,Normal,88.5,28.6,27-32,pg,Normal,32.3,15.2,3.3,3.5-11.5,ths/uL,Low,156.5,11.9
277,35,0,3.73,39.2,36-46,%,Normal,105.2,37.2,27-32,pg,High,35.5,16.7,5.01,3.5-11.5,ths/uL,Normal,186.3,13.9
278,45,1,4.76,41.5,36-46,%,Normal,87.2,31.1,27-32,pg,Normal,35.7,14.5,6.88,3.5-11.5,ths/uL,Normal,212.4,14.8
279,42,0,4.69,44.6,36-46,%,Normal,95.1,29.1,27-32,pg,Normal,30.5,12.8,7.47,3.5-11.5,ths/uL,Normal,197.6,13.6
280,13,0,4.38,37.1,36-46,%,Normal,84.7,31.3,27-32,pg,Normal,36.9,11.8,5.88,3.5-11.5,ths/uL,Normal,173.3,13.7
281,25,0,5.16,43.5,36-46,%,Normal,84.3,30.3,27-32,pg,Normal,35.9,14.8,6.58,3.5-11.5,ths/uL,Normal,217.6,15.6
282,71,0,4.5,39.6,36-46,%,Normal,87.9,29.6,27-32,pg,Normal,33.6,14.1,6.7,3.5-11.5,ths/uL,Normal,203,13.3
283,32,1,4.86,42.2,36-46,%,Normal,86.9,29.6,27-32,pg,Normal,34.1,11.7,4.14,3.5-11.5,ths/uL,Normal,167.9,14.4
284,89,1,4.28,46.3,36-46,%,High,108.1,33.8,27-32,pg,High,31.3,16.6,6.64,3.5-11.5,ths/uL,Normal,231.7,14.5
285,21,1,4.86,41.7,36-46,%,Normal,85.7,31.5,27-32,pg,Normal,36.7,13.9,9.02,3.5-11.5,ths/uL,Normal,261.7,15.3
286,51,1,4.94,44.1,36-46,%,Normal,89.2,31.7,27-32,pg,Normal,35.6,13.1,7.51,3.5-11.5,ths/uL,Normal,238.5,15.7
287,41,0,4.61,40.9,36-46,%,Normal,88.8,29.1,27-32,pg,Normal,32.8,13.3,7.62,3.5-11.5,ths/uL,Normal,186.9,13.4
288,57,0,3.55,23.6,36-46,%,Low,66.6,21.9,27-32,pg,Low,33.1,16.1,7.55,3.5-11.5,ths/uL,Normal,252.9,7.8
289,39,1,4.72,43.8,36-46,%,Normal,92.8,29.8,27-32,pg,Normal,32.2,14.2,6.36,3.5-11.5,ths/uL,Normal,231,14.1
290,72,0,4.58,42.9,36-46,%,Normal,93.7,29.3,27-32,pg,Normal,31.2,15,8.02,3.5-11.5,ths/uL,Normal,538.4,13.4
291,55,0,4.05,33.6,36-46,%,Low,83,31.5,27-32,pg,Normal,38.1,12.7,8.61,3.5-11.5,ths/uL,Normal,164.7,12.8
292,42,0,4.65,39.5,36-46,%,Normal,84.9,31.7,27-32,pg,Normal,37.2,12.7,6.21,3.5-11.5,ths/uL,Normal,264.4,14.7
293,21,0,4.43,30.9,36-46,%,Low,69.8,24.6,27-32,pg,Low,35.3,16.1,7.52,3.5-11.5,ths/uL,Normal,397.7,10.9
294,44,0,5.05,44.3,36-46,%,Normal,87.8,29.1,27-32,pg,Normal,33.2,14.3,6.27,3.5-11.5,ths/uL,Normal,291.4,14.7
295,51,0,4.6,38,36-46,%,Normal,82.6,31.4,27-32,pg,Normal,37.9,14,8.54,3.5-11.5,ths/uL,Normal,509.3,14.4
296,25,1,5.18,45,36-46,%,Normal,86.8,29.1,27-32,pg,Normal,33.6,14.6,8,3.5-11.5,ths/uL,Normal,229.8,15.1
297,4,1,4.86,38,36-46,%,Normal,78.2,26.1,27-32,pg,Low,33.4,13.8,9.1,3.5-11.5,ths/uL,Normal,207.4,12.7
298,65,0,4.37,40,36-46,%,Normal,91.5,27.5,27-32,pg,Normal,30,14.7,5.53,3.5-11.5,ths/uL,Normal,252.2,12
299,45,1,5.25,47,36-46,%,High,89.6,30.6,27-32,pg,Normal,34.3,13,9.67,3.5-11.5,ths/uL,Normal,539.6,16.1
300,47,0,4.51,50.2,36-46,%,High,111.2,34.9,27-32,pg,High,31.3,17.1,10.6,3.5-11.5,ths/uL,Normal,181.2,15.7
301,20,0,4.02,34.4,36-46,%,Low,85.6,27.7,27-32,pg,Normal,32.3,12.1,6.46,3.5-11.5,ths/uL,Normal,261.3,11.1
302,88,0,3.76,40.5,36-46,%,Normal,107.6,35.2,27-32,pg,High,32.6,16.7,7.36,3.5-11.5,ths/uL,Normal,283.2,13.2
303,55,1,5.11,45.2,36-46,%,Normal,88.5,30.4,27-32,pg,Normal,34.3,13,7.35,3.5-11.5,ths/uL,Normal,212.5,15.5
304,84,1,5.31,46.4,36-46,%,High,87.3,31.4,27-32,pg,Normal,36,14.4,6.75,3.5-11.5,ths/uL,Normal,197.5,16.7
305,18,0,4.74,41.2,36-46,%,Normal,86.9,28.2,27-32,pg,Normal,32.5,12.4,9.8,3.5-11.5,ths/uL,Normal,234.2,13.4
306,25,0,4.31,38.3,36-46,%,Normal,88.9,28,27-32,pg,Normal,31.6,16.3,2.38,3.5-11.5,ths/uL,Low,163.1,12.1
307,61,1,4.25,43.9,36-46,%,Normal,103.2,28.6,27-32,pg,Normal,27.8,14.1,7.01,3.5-11.5,ths/uL,Normal,297.1,12.2
308,44,1,3.66,40.9,36-46,%,Normal,111.8,31.7,27-32,pg,Normal,28.4,15.3,5.88,3.5-11.5,ths/uL,Normal,289.6,11.6
309,34,1,5.37,44.2,36-46,%,Normal,82.4,28.8,27-32,pg,Normal,35.1,14.5,4.51,3.5-11.5,ths/uL,Normal,324.7,15.5
310,33,0,4.74,41.3,36-46,%,Normal,87.2,29.9,27-32,pg,Normal,34.4,15.4,11.9,3.5-11.5,ths/uL,High,216.7,14.2
311,88,0,3.99,32.6,36-46,%,Low,81.8,31.3,27-32,pg,Normal,38.3,12.9,7.67,3.5-11.5,ths/uL,Normal,224.4,12.5
312,53,1,4.68,43.2,36-46,%,Normal,92.4,30.8,27-32,pg,Normal,33.3,14.8,6.96,3.5-11.5,ths/uL,Normal,180.4,14.4
313,53,0,4.63,41.8,36-46,%,Normal,90.2,30.3,27-32,pg,Normal,33.5,13,5.23,3.5-11.5,ths/uL,Normal,225.5,14
314,55,0,4.47,41.3,36-46,%,Normal,92.3,28.3,27-32,pg,Normal,30.8,14.5,8,3.5-11.5,ths/uL,Normal,218.9,12.7
315,48,0,4.35,37.9,36-46,%,Normal,87.1,31.6,27-32,pg,Normal,36.1,15.1,6.34,3.5-11.5,ths/uL,Normal,332.8,13.7
316,83,1,5.57,50.5,36-46,%,High,90.7,31.6,27-32,pg,Normal,34.9,13.4,6.1,3.5-11.5,ths/uL,Normal,213.5,17.6
317,57,0,4.13,40.1,36-46,%,Normal,97,28.7,27-32,pg,Normal,29.7,13.7,2.57,3.5-11.5,ths/uL,Low,140.3,11.9
318,8,1,4.09,36.2,36-46,%,Normal,88.4,25,27-32,pg,Low,28.2,12.5,8.5,3.5-11.5,ths/uL,Normal,284.4,10.2
319,83,1,4.27,38.6,36-46,%,Normal,90.4,28.4,27-32,pg,Normal,31.3,13.9,4.21,3.5-11.5,ths/uL,Normal,232.4,12.1
320,32,1,5.26,46,36-46,%,Normal,87.5,29.3,27-32,pg,Normal,33.5,14.3,6.37,3.5-11.5,ths/uL,Normal,246,15.4
321,79,0,5,45.2,36-46,%,Normal,90.5,28.5,27-32,pg,Normal,31.4,13.5,6.01,3.5-11.5,ths/uL,Normal,161.4,14.2
322,23,1,5.23,48.2,36-46,%,High,92.2,32,27-32,pg,Normal,34.6,15.3,4.18,3.5-11.5,ths/uL,Normal,209.3,16.7
323,66,1,5.29,48.1,36-46,%,High,91,29.3,27-32,pg,Normal,32.2,13,4.53,3.5-11.5,ths/uL,Normal,310.3,15.5
324,39,1,4.73,43.5,36-46,%,Normal,91.9,28.8,27-32,pg,Normal,31.3,13.4,7.69,3.5-11.5,ths/uL,Normal,267.6,13.6
325,49,1,4.51,52.8,36-46,%,High,117,32.8,27-32,pg,High,28,18.2,6.21,3.5-11.5,ths/uL,Normal,141.7,14.8
326,20,0,4.22,36.1,36-46,%,Normal,85.6,28.6,27-32,pg,Normal,33.5,15,6.39,3.5-11.5,ths/uL,Normal,323.7,12.1
327,79,1,4.97,42.9,36-46,%,Normal,86.3,30.3,27-32,pg,Normal,35.2,14.1,7.49,3.5-11.5,ths/uL,Normal,217.9,15.1
328,13,1,5.4,46.8,36-46,%,High,86.6,30.6,27-32,pg,Normal,35.3,12.7,5.96,3.5-11.5,ths/uL,Normal,166.8,16.5
329,33,0,4.71,40.4,36-46,%,Normal,85.7,29.5,27-32,pg,Normal,34.4,13.8,7.79,3.5-11.5,ths/uL,Normal,170.6,13.9
330,48,1,5.26,49.9,36-46,%,High,94.8,30.8,27-32,pg,Normal,32.5,15.1,7.74,3.5-11.5,ths/uL,Normal,229.2,16.2
331,40,0,4.75,41.2,36-46,%,Normal,86.7,30.9,27-32,pg,Normal,35.7,14,10.5,3.5-11.5,ths/uL,Normal,219.8,14.7
332,71,1,4.78,41.8,36-46,%,Normal,87.5,32.1,27-32,pg,High,36.6,13.4,6.06,3.5-11.5,ths/uL,Normal,260.8,15.3
333,45,0,4.68,39.1,36-46,%,Normal,83.5,30.8,27-32,pg,Normal,36.8,13.9,9.12,3.5-11.5,ths/uL,Normal,218.8,14.4
334,21,1,4.98,45.5,36-46,%,Normal,91.3,29.5,27-32,pg,Normal,32.3,14.6,5.07,3.5-11.5,ths/uL,Normal,107.4,14.7
335,16,1,4.7,42.2,36-46,%,Normal,89.8,26.8,27-32,pg,Low,29.9,13.9,13.5,3.5-11.5,ths/uL,High,271.8,12.6
336,4,0,4.22,30.8,36-46,%,Low,72.9,22.6,27-32,pg,Low,30.8,16.2,8.58,3.5-11.5,ths/uL,Normal,358,9.5
337,39,0,3.58,35.8,36-46,%,Low,100,34.9,27-32,pg,High,34.9,17.5,7.38,3.5-11.5,ths/uL,Normal,208.3,12.5
338,10,0,4.86,39.6,36-46,%,Normal,81.5,25.2,27-32,pg,Low,30.8,13.8,6.49,3.5-11.5,ths/uL,Normal,227.5,12.2
339,25,1,4.44,37.4,36-46,%,Normal,84.3,27.7,27-32,pg,Normal,32.9,13.4,8.1,3.5-11.5,ths/uL,Normal,271.9,12.3
340,15,0,4.66,40.6,36-46,%,Normal,87.1,30.9,27-32,pg,Normal,35.5,14.2,7.3,3.5-11.5,ths/uL,Normal,282.7,14.4
341,28,0,3.71,38.7,36-46,%,Normal,104.4,33.7,27-32,pg,High,32.3,17.4,7.2,3.5-11.5,ths/uL,Normal,311.9,12.5
342,33,0,4.71,42.7,36-46,%,Normal,90.6,31.5,27-32,pg,Normal,34.7,14.4,6.98,3.5-11.5,ths/uL,Normal,221.2,14.8
343,27,0,3.68,25.6,36-46,%,Low,69.7,23.5,27-32,pg,Low,33.6,17.8,6.3,3.5-11.5,ths/uL,Normal,410.8,8.6
344,6,0,4.21,32.8,36-46,%,Low,77.9,25.1,27-32,pg,Low,32.3,13.9,5.74,3.5-11.5,ths/uL,Normal,262.7,10.6
345,61,1,3.64,31.1,36-46,%,Low,85.5,30.8,27-32,pg,Normal,36,15.6,7.91,3.5-11.5,ths/uL,Normal,91.2,11.2
346,15,0,3.98,36.8,36-46,%,Normal,92.4,28,27-32,pg,Normal,30.2,13.5,6.46,3.5-11.5,ths/uL,Normal,353.4,11.1
347,9,1,4.31,35.8,36-46,%,Low,83.1,24.4,27-32,pg,Low,29.3,15.3,3.3,3.5-11.5,ths/uL,Low,109.8,10.5
348,12,1,4.43,28.4,36-46,%,Low,64.1,22.3,27-32,pg,Low,34.9,15.4,8.06,3.5-11.5,ths/uL,Normal,459.8,9.9
349,23,1,5.15,43.2,36-46,%,Normal,83.9,27.4,27-32,pg,Normal,32.6,15.7,15.6,3.5-11.5,ths/uL,High,161.7,14.1
350,57,0,4.63,37,36-46,%,Normal,80,29,27-32,pg,Normal,36.2,12,7.12,3.5-11.5,ths/uL,Normal,313.1,13.4
351,51,0,4.63,37.1,36-46,%,Normal,80.1,27.5,27-32,pg,Normal,34.2,11.9,7.7,3.5-11.5,ths/uL,Normal,190.1,12.7
352,11,1,4.6,30.5,36-46,%,Low,66.3,21.4,27-32,pg,Low,32.1,18.9,5.08,3.5-11.5,ths/uL,Normal,263.1,9.8
353,76,1,4.94,45,36-46,%,Normal,91.1,29.4,27-32,pg,Normal,32.2,13.5,5.68,3.5-11.5,ths/uL,Normal,278.1,14.5
354,6,0,5.8,55.6,36-46,%,High,95.8,28.2,27-32,pg,Normal,29.5,14.7,8.06,3.5-11.5,ths/uL,Normal,268.4,16.4
355,44,0,4.4,39.2,36-46,%,Normal,89,29.7,27-32,pg,Normal,33.4,14.2,8.25,3.5-11.5,ths/uL,Normal,285.8,13.1
356,52,0,4.43,40.3,36-46,%,Normal,90.9,28.7,27-32,pg,Normal,31.5,17.1,4.49,3.5-11.5,ths/uL,Normal,209.9,12.7
357,36,1,4.16,31.7,36-46,%,Low,76.3,21.7,27-32,pg,Low,28.4,17.6,5.83,3.5-11.5,ths/uL,Normal,431.9,9
358,46,0,4.94,42.2,36-46,%,Normal,85.5,30,27-32,pg,Normal,35.1,13.4,8.23,3.5-11.5,ths/uL,Normal,218.8,14.8
359,86,0,3.28,27.3,36-46,%,Low,83.2,29,27-32,pg,Normal,34.8,15.2,2.77,3.5-11.5,ths/uL,Low,209.7,9.5
360,48,1,3.54,40.5,36-46,%,Normal,114.3,32,27-32,pg,Normal,27.9,16.8,6.4,3.5-11.5,ths/uL,Normal,206.4,11.3
361,89,1,5.17,43.7,36-46,%,Normal,84.5,29,27-32,pg,Normal,34.3,14.4,7.43,3.5-11.5,ths/uL,Normal,238.7,15
362,35,1,4.5,42.3,36-46,%,Normal,94,30.3,27-32,pg,Normal,32.2,14.4,15.1,3.5-11.5,ths/uL,High,395.1,13.6
363,43,1,4.85,44.3,36-46,%,Normal,91.3,28.5,27-32,pg,Normal,31.2,14.5,7.55,3.5-11.5,ths/uL,Normal,268.9,13.8
364,62,0,4.35,35.2,36-46,%,Low,81,28.7,27-32,pg,Normal,35.5,14.5,5.91,3.5-11.5,ths/uL,Normal,333.8,12.5
365,31,1,4.89,44.7,36-46,%,Normal,91.5,29.7,27-32,pg,Normal,32.4,13.2,8.45,3.5-11.5,ths/uL,Normal,273.2,14.5
366,44,1,5.17,47.3,36-46,%,High,91.5,27.3,27-32,pg,Normal,29.8,14.1,5.3,3.5-11.5,ths/uL,Normal,167.5,14.1
367,29,1,3.56,38.9,36-46,%,Normal,109.2,32.4,27-32,pg,High,29.6,14.6,6.57,3.5-11.5,ths/uL,Normal,271.5,11.5
368,77,1,5.28,48.6,36-46,%,High,92,31.8,27-32,pg,Normal,34.6,14.9,4.18,3.5-11.5,ths/uL,Normal,139.5,16.8
369,43,1,5.54,46.3,36-46,%,High,83.6,31.7,27-32,pg,Normal,38,15.7,9.21,3.5-11.5,ths/uL,Normal,403,17.6
370,39,0,4.29,29,36-46,%,Low,67.7,20.8,27-32,pg,Low,30.7,20.1,8.13,3.5-11.5,ths/uL,Normal,300.6,8.9
371,41,1,4.95,43,36-46,%,Normal,86.8,29.9,27-32,pg,Normal,34.4,13.6,4.99,3.5-11.5,ths/uL,Normal,161.8,14.8
372,18,0,3.83,33.4,36-46,%,Low,87.1,28,27-32,pg,Normal,32,14.4,2.48,3.5-11.5,ths/uL,Low,187.8,10.7
373,28,0,4.65,39.3,36-46,%,Normal,84.6,29.9,27-32,pg,Normal,35.4,14.1,10.9,3.5-11.5,ths/uL,Normal,270.4,13.9
374,73,1,4.84,40.2,36-46,%,Normal,83,29.1,27-32,pg,Normal,35.1,13.2,8.86,3.5-11.5,ths/uL,Normal,270.7,14.1
375,69,0,3.68,33.3,36-46,%,Low,90.5,26.1,27-32,pg,Low,28.8,13.7,2.9,3.5-11.5,ths/uL,Low,179.6,9.6
376,27,1,4.43,40.2,36-46,%,Normal,90.8,28.3,27-32,pg,Normal,31.1,13.9,8.98,3.5-11.5,ths/uL,Normal,229.5,12.5
377,22,0,4.11,36.1,36-46,%,Normal,87.9,28,27-32,pg,Normal,31.9,15.4,8.8,3.5-11.5,ths/uL,Normal,225.1,11.5
378,55,0,4.95,42.6,36-46,%,Normal,86.1,28.8,27-32,pg,Normal,33.6,13,8.27,3.5-11.5,ths/uL,Normal,328.9,14.3
379,43,0,3.78,33.5,36-46,%,Low,88.7,30.1,27-32,pg,Normal,34,15.6,8.97,3.5-11.5,ths/uL,Normal,87.8,11.4
380,23,1,4.51,42,36-46,%,Normal,93.1,30.7,27-32,pg,Normal,32.9,15.7,9.07,3.5-11.5,ths/uL,Normal,474.9,13.8
381,41,0,4,36.2,36-46,%,Normal,90.4,31.2,27-32,pg,Normal,34.5,15.1,8.48,3.5-11.5,ths/uL,Normal,334.8,12.5
382,32,1,5.06,45.2,36-46,%,Normal,89.3,27.1,27-32,pg,Normal,30.3,13.2,9.52,3.5-11.5,ths/uL,Normal,329.3,13.7
383,21,0,4.58,36.8,36-46,%,Normal,80.4,30.4,27-32,pg,Normal,37.8,12.8,5.07,3.5-11.5,ths/uL,Normal,171.7,13.9
384,56,1,6.01,52.6,36-46,%,High,87.6,30.5,27-32,pg,Normal,34.8,14.4,9.34,3.5-11.5,ths/uL,Normal,310,18.3
385,26,1,4.63,43,36-46,%,Normal,92.9,32.1,27-32,pg,High,34.7,11.2,7.82,3.5-11.5,ths/uL,Normal,323.2,14.9
386,28,0,4.17,36.3,36-46,%,Normal,87,30.5,27-32,pg,Normal,35,12.9,8.74,3.5-11.5,ths/uL,Normal,273.3,12.7
387,53,1,4.91,43.5,36-46,%,Normal,88.6,29.1,27-32,pg,Normal,32.9,15.8,12.8,3.5-11.5,ths/uL,High,321.9,14.3
388,54,1,5.13,47.8,36-46,%,High,93.2,26.3,27-32,pg,Low,28.2,14.8,8.34,3.5-11.5,ths/uL,Normal,260.5,13.5
389,88,1,5.44,46.2,36-46,%,High,84.9,29.4,27-32,pg,Normal,34.6,13.8,8.01,3.5-11.5,ths/uL,Normal,241.7,16
390,26,0,3.96,28.2,36-46,%,Low,71.1,19.4,27-32,pg,Low,27.3,18.1,6.56,3.5-11.5,ths/uL,Normal,283,7.7
391,24,0,4.75,43.7,36-46,%,Normal,92.1,31.9,27-32,pg,Normal,34.8,12,4.21,3.5-11.5,ths/uL,Normal,124.9,15.2
392,80,0,4.16,36.2,36-46,%,Normal,87.1,28.2,27-32,pg,Normal,32.3,12.2,7.11,3.5-11.5,ths/uL,Normal,236.5,11.7
393,34,0,4.7,40.2,36-46,%,Normal,85.5,30.7,27-32,pg,Normal,35.8,13.6,4.09,3.5-11.5,ths/uL,Normal,315.6,14.4
394,85,0,3.29,26.4,36-46,%,Low,80.1,28.9,27-32,pg,Normal,36,15.5,10.2,3.5-11.5,ths/uL,Normal,99.8,9.5
395,12,0,4.87,39.2,36-46,%,Normal,80.5,26.2,27-32,pg,Low,32.7,13.6,7.72,3.5-11.5,ths/uL,Normal,243.2,12.8
396,78,0,4.49,37.3,36-46,%,Normal,83.1,27.6,27-32,pg,Normal,33.2,13.7,6.43,3.5-11.5,ths/uL,Normal,305.1,12.4
397,45,0,4.65,40.8,36-46,%,Normal,87.7,29.9,27-32,pg,Normal,34.1,12.1,6.87,3.5-11.5,ths/uL,Normal,262.1,13.9
398,47,0,4.33,31.9,36-46,%,Low,73.7,23.3,27-32,pg,Low,31.7,17.2,7.58,3.5-11.5,ths/uL,Normal,369.3,10.1
399,63,1,5.72,50.2,36-46,%,High,87.8,31.2,27-32,pg,Normal,35.5,12.6,7.07,3.5-11.5,ths/uL,Normal,221.7,17.8
400,1,0,4.5,48.8,36-46,%,High,108.4,32.6,27-32,pg,High,30.1,19.6,8.54,3.5-11.5,ths/uL,Normal,186.9,14.7
401,19,0,4.09,33.4,36-46,%,Low,81.6,31.2,27-32,pg,Normal,38.3,15.1,3.11,3.5-11.5,ths/uL,Low,136.3,12.8
402,66,1,4.93,42.4,36-46,%,Normal,86.1,29.6,27-32,pg,Normal,34.4,14.3,6.7,3.5-11.5,ths/uL,Normal,261.9,14.6
403,50,1,5,46.5,36-46,%,High,93.1,31.1,27-32,pg,Normal,33.5,13.7,9.55,3.5-11.5,ths/uL,Normal,158.8,15.6
404,35,1,4.84,42.9,36-46,%,Normal,88.6,30.6,27-32,pg,Normal,34.5,13.9,12.8,3.5-11.5,ths/uL,High,252.1,14.8
405,49,0,4.99,44.4,36-46,%,Normal,88.9,29.1,27-32,pg,Normal,32.7,15.4,8.65,3.5-11.5,ths/uL,Normal,212.2,14.5
406,60,0,3.92,29.9,36-46,%,Low,76.4,24.4,27-32,pg,Low,32.1,15.6,7.47,3.5-11.5,ths/uL,Normal,373.6,9.6
407,80,1,4.43,34.8,36-46,%,Low,78.5,21.6,27-32,pg,Low,27.6,19.3,5.98,3.5-11.5,ths/uL,Normal,498.6,9.6
408,4,1,3.98,25,36-46,%,Low,62.9,22.5,27-32,pg,Low,36,18,9.65,3.5-11.5,ths/uL,Normal,386.8,9
409,12,0,4.92,41.2,36-46,%,Normal,83.8,24.3,27-32,pg,Low,29.1,13.1,5.93,3.5-11.5,ths/uL,Normal,187.2,12
410,90,1,5.24,47.7,36-46,%,High,91,28.1,27-32,pg,Normal,30.8,14.3,4.72,3.5-11.5,ths/uL,Normal,270.1,14.7
411,8,1,4.89,42.7,36-46,%,Normal,87.3,27.2,27-32,pg,Normal,31.1,13.2,7.36,3.5-11.5,ths/uL,Normal,289.4,13.3
412,59,0,4.64,40.7,36-46,%,Normal,87.8,29.4,27-32,pg,Normal,33.4,13.1,4.16,3.5-11.5,ths/uL,Normal,216.1,13.6
413,8,0,5.05,42.5,36-46,%,Normal,84.2,29,27-32,pg,Normal,34.4,15.6,16.5,3.5-11.5,ths/uL,High,322.3,14.6
414,28,1,4.97,43.1,36-46,%,Normal,86.8,30.3,27-32,pg,Normal,35,13,5.78,3.5-11.5,ths/uL,Normal,289.9,15.1
415,4,0,4.36,38.5,36-46,%,Normal,88.2,27.2,27-32,pg,Normal,30.9,14.1,7.29,3.5-11.5,ths/uL,Normal,293.1,11.9
416,50,1,5.49,49.8,36-46,%,High,90.8,30.6,27-32,pg,Normal,33.7,14,5.24,3.5-11.5,ths/uL,Normal,189.9,16.8
417,8,1,5.1,44.1,36-46,%,Normal,86.5,27.6,27-32,pg,Normal,32,14.1,6.3,3.5-11.5,ths/uL,Normal,250.1,14.1
418,6,1,5.21,42.1,36-46,%,Normal,80.8,28.1,27-32,pg,Normal,34.7,13.8,6.93,3.5-11.5,ths/uL,Normal,169.3,14.6
419,90,1,5.4,47.1,36-46,%,High,87.3,30.1,27-32,pg,Normal,34.6,14.1,7.68,3.5-11.5,ths/uL,Normal,211.4,16.3
420,5,1,3.75,31.8,36-46,%,Low,84.8,28.8,27-32,pg,Normal,34,15.4,2.66,3.5-11.5,ths/uL,Low,202.8,10.8
421,43,0,4.9,42.4,36-46,%,Normal,86.5,29.1,27-32,pg,Normal,33.7,13.7,5.97,3.5-11.5,ths/uL,Normal,185.8,14.3
422,8,0,4.84,42.7,36-46,%,Normal,88.3,24.9,27-32,pg,Low,28.3,12.9,8.66,3.5-11.5,ths/uL,Normal,318.4,12.1
423,84,0,3.99,37.3,36-46,%,Normal,93.4,29.4,27-32,pg,Normal,31.4,15.6,2.99,3.5-11.5,ths/uL,Low,117.8,11.7
424,4,0,5.46,44.6,36-46,%,Normal,81.7,26.5,27-32,pg,Low,32.5,14.3,7.17,3.5-11.5,ths/uL,Normal,259.3,14.5
425,3,0,4.67,38.9,36-46,%,Normal,83.2,24.5,27-32,pg,Low,29.3,14.7,6.89,3.5-11.5,ths/uL,Normal,157.9,11.4
426,14,0,4.91,41.3,36-46,%,Normal,84.2,29.3,27-32,pg,Normal,34.9,15.8,13.9,3.5-11.5,ths/uL,High,246.5,14.4
427,21,1,5.18,46.4,36-46,%,High,89.6,32.8,27-32,pg,High,36.6,16,18.4,3.5-11.5,ths/uL,High,237.7,17
428,44,0,4.25,35.7,36-46,%,Low,84,28.5,27-32,pg,Normal,33.9,12.1,8.66,3.5-11.5,ths/uL,Normal,269.7,12.1
429,23,0,4.5,40.3,36-46,%,Normal,89.6,30.7,27-32,pg,Normal,34.2,12.8,7.45,3.5-11.5,ths/uL,Normal,301.9,13.8
430,84,1,4.67,41.4,36-46,%,Normal,88.6,29.3,27-32,pg,Normal,33.1,12.8,8.91,3.5-11.5,ths/uL,Normal,668.4,13.7
431,3,0,4.65,37.9,36-46,%,Normal,81.4,27.9,27-32,pg,Normal,34.3,12.5,6.26,3.5-11.5,ths/uL,Normal,237.8,13
432,53,1,4.22,37.3,36-46,%,Normal,88.4,32.8,27-32,pg,High,37,16,2.51,3.5-11.5,ths/uL,Low,162.8,13.8
433,36,0,4.76,41,36-46,%,Normal,86.2,30,27-32,pg,Normal,34.9,12.5,9.13,3.5-11.5,ths/uL,Normal,269.2,14.3
434,15,0,4.18,38.7,36-46,%,Normal,92.7,32,27-32,pg,Normal,34.6,13.1,5.7,3.5-11.5,ths/uL,Normal,250.5,13.4
435,74,0,3.9,35.5,36-46,%,Low,91,32.1,27-32,pg,High,35.2,14.2,7.52,3.5-11.5,ths/uL,Normal,135.5,12.5
436,51,1,5.04,46.2,36-46,%,High,91.7,30,27-32,pg,Normal,32.7,13.8,8.01,3.5-11.5,ths/uL,Normal,282.3,15.1
437,24,1,4.43,29.6,36-46,%,Low,66.9,20.1,27-32,pg,Low,30.1,19.7,7.28,3.5-11.5,ths/uL,Normal,375.5,8.9
438,21,0,4.87,44.2,36-46,%,Normal,90.8,28.5,27-32,pg,Normal,31.4,14.6,7.32,3.5-11.5,ths/uL,Normal,279.9,13.9
439,32,1,4.92,45.2,36-46,%,Normal,91.9,30.9,27-32,pg,Normal,33.6,13.3,17.6,3.5-11.5,ths/uL,High,184.3,15.2
440,32,0,3.42,24.6,36-46,%,Low,72,25.5,27-32,pg,Low,35.4,18.1,8.55,3.5-11.5,ths/uL,Normal,336.5,8.7
441,31,0,5,41.5,36-46,%,Normal,82.9,29,27-32,pg,Normal,34.9,13.8,7.56,3.5-11.5,ths/uL,Normal,251.7,14.5
442,16,1,4.83,44.3,36-46,%,Normal,91.7,30,27-32,pg,Normal,32.7,12,5.29,3.5-11.5,ths/uL,Normal,349.2,14.5
443,36,0,5.39,48.8,36-46,%,High,90.5,31,27-32,pg,Normal,34.2,14.8,6.16,3.5-11.5,ths/uL,Normal,297.2,16.7
444,17,0,3.99,41.3,36-46,%,Normal,103.6,33.9,27-32,pg,High,32.7,17.1,6.58,3.5-11.5,ths/uL,Normal,239.7,13.5
445,24,0,4.33,34.6,36-46,%,Low,80,29.3,27-32,pg,Normal,36.7,13,8.84,3.5-11.5,ths/uL,Normal,284.9,12.7
446,28,0,4.35,37.5,36-46,%,Normal,86.1,28.3,27-32,pg,Normal,32.8,13.2,6.92,3.5-11.5,ths/uL,Normal,297.6,12.3
447,23,0,4.92,43.1,36-46,%,Normal,87.7,29.6,27-32,pg,Normal,33.9,14.8,6.06,3.5-11.5,ths/uL,Normal,250.2,14.6
448,15,1,5.36,48.6,36-46,%,High,90.7,28.8,27-32,pg,Normal,31.7,14.7,6.02,3.5-11.5,ths/uL,Normal,162.3,15.4
449,73,1,4.79,45.7,36-46,%,Normal,95.5,29.5,27-32,pg,Normal,30.9,14.2,6.5,3.5-11.5,ths/uL,Normal,276,14.1
450,18,0,4.56,40.5,36-46,%,Normal,88.9,27.2,27-32,pg,Normal,30.6,13.6,5.45,3.5-11.5,ths/uL,Normal,306.3,12.4
451,24,0,3.53,23.2,36-46,%,Low,65.6,25.3,27-32,pg,Low,38.4,18.8,6.46,3.5-11.5,ths/uL,Normal,354,8.9
452,83,1,4.74,43.7,36-46,%,Normal,92.1,28.5,27-32,pg,Normal,30.9,14.4,13.7,3.5-11.5,ths/uL,High,204.2,13.5
453,22,0,4.64,40.2,36-46,%,Normal,86.6,28.6,27-32,pg,Normal,33.1,12.7,4.55,3.5-11.5,ths/uL,Normal,213.2,13.3
454,29,1,3.73,39.6,36-46,%,Normal,106.3,30.8,27-32,pg,Normal,29,20,7.45,3.5-11.5,ths/uL,Normal,187.6,11.5
455,40,0,4.12,34.5,36-46,%,Low,83.8,28.1,27-32,pg,Normal,33.6,14.9,17.1,3.5-11.5,ths/uL,High,338.4,11.6
456,35,1,4.49,41,36-46,%,Normal,91.3,30.8,27-32,pg,Normal,33.7,14.7,3.81,3.5-11.5,ths/uL,Normal,585.3,13.8
457,80,1,3.78,39.8,36-46,%,Normal,105.4,34.8,27-32,pg,High,33.2,17.4,4.37,3.5-11.5,ths/uL,Normal,275.1,13.2
458,77,1,4.79,44.9,36-46,%,Normal,93.7,30.3,27-32,pg,Normal,32.3,15.5,18.1,3.5-11.5,ths/uL,High,285.6,14.5
459,41,0,3.81,26.3,36-46,%,Low,69,22.2,27-32,pg,Low,32.3,19.1,8.49,3.5-11.5,ths/uL,Normal,311.6,8.5
460,1,1,4.5,41.2,36-46,%,Normal,91.5,28.4,27-32,pg,Normal,31.1,13.4,5.89,3.5-11.5,ths/uL,Normal,202.8,12.8
461,34,0,3.38,30.4,36-46,%,Low,90,30.9,27-32,pg,Normal,34.2,13.5,2.84,3.5-11.5,ths/uL,Low,276,10.4
462,89,0,3.9,40.8,36-46,%,Normal,104.5,32.9,27-32,pg,High,31.4,15.6,7.23,3.5-11.5,ths/uL,Normal,195.1,12.8
463,41,0,4.88,39.3,36-46,%,Normal,80.5,29.6,27-32,pg,Normal,36.6,13.3,9.29,3.5-11.5,ths/uL,Normal,205.6,14.4
464,23,1,3.62,32.5,36-46,%,Low,89.8,30,27-32,pg,Normal,33.5,12.5,6.98,3.5-11.5,ths/uL,Normal,71.5,10.9
465,2,1,4.87,40.1,36-46,%,Normal,82.4,25.3,27-32,pg,Low,30.7,16,4.14,3.5-11.5,ths/uL,Normal,180.2,12.3
466,81,1,4.66,41.8,36-46,%,Normal,89.6,28,27-32,pg,Normal,31.1,12.3,5.84,3.5-11.5,ths/uL,Normal,217.7,13
467,39,1,4.37,31.8,36-46,%,Low,72.7,23.2,27-32,pg,Low,31.8,15.6,6.55,3.5-11.5,ths/uL,Normal,366.8,10.1
468,82,0,4.28,38.5,36-46,%,Normal,89.9,31.2,27-32,pg,Normal,34.8,13.3,9.35,3.5-11.5,ths/uL,Normal,326.1,13.4
469,10,1,5.67,53.9,36-46,%,High,95,27.6,27-32,pg,Normal,28.9,14.2,4.53,3.5-11.5,ths/uL,Normal,231.3,15.6
470,12,0,5.61,44.3,36-46,%,Normal,79,27.7,27-32,pg,Normal,35,13.1,7.38,3.5-11.5,ths/uL,Normal,284.5,15.5
471,31,1,4.48,39.9,36-46,%,Normal,89,32.3,27-32,pg,High,36.3,15.2,8.93,3.5-11.5,ths/uL,Normal,240,14.5
472,31,0,3.24,27.5,36-46,%,Low,84.9,30,27-32,pg,Normal,35.3,14,3.1,3.5-11.5,ths/uL,Low,160.9,9.7
473,9,0,5.21,42,36-46,%,Normal,80.6,28.6,27-32,pg,Normal,35.5,14.5,7.52,3.5-11.5,ths/uL,Normal,185.5,14.9
474,36,1,5.1,48.2,36-46,%,High,94.5,32.4,27-32,pg,High,34.2,14.1,8.05,3.5-11.5,ths/uL,Normal,288.7,16.5
475,34,0,5.03,45.6,36-46,%,Normal,90.7,31.7,27-32,pg,Normal,34.9,14.9,6.64,3.5-11.5,ths/uL,Normal,287.3,15.9
476,33,1,5.25,44.5,36-46,%,Normal,84.7,30.8,27-32,pg,Normal,36.4,14.7,14.5,3.5-11.5,ths/uL,High,396.1,16.2
477,78,1,4.48,37.4,36-46,%,Normal,83.5,30.5,27-32,pg,Normal,36.6,14.3,6.98,3.5-11.5,ths/uL,Normal,244.3,13.7
478,14,1,4.74,40.7,36-46,%,Normal,85.8,30.5,27-32,pg,Normal,35.6,13,5.78,3.5-11.5,ths/uL,Normal,285.9,14.5
479,15,0,4.86,44.1,36-46,%,Normal,90.7,26.8,27-32,pg,Low,29.5,12.8,6.07,3.5-11.5,ths/uL,Normal,228.7,13
480,52,0,4.92,43,36-46,%,Normal,87.4,30.4,27-32,pg,Normal,34.9,13.4,7.38,3.5-11.5,ths/uL,Normal,312.3,15
481,45,0,4.84,43.4,36-46,%,Normal,89.6,27.4,27-32,pg,Normal,30.6,15,7.68,3.5-11.5,ths/uL,Normal,175.1,13.3
482,45,1,4.06,29.5,36-46,%,Low,72.6,24.4,27-32,pg,Low,33.6,17.5,8.06,3.5-11.5,ths/uL,Normal,324.6,9.9
483,45,1,3.55,23.9,36-46,%,Low,67.2,20.4,27-32,pg,Low,30.1,19.6,7.51,3.5-11.5,ths/uL,Normal,326.2,7.2
484,1,1,4.93,39.2,36-46,%,Normal,79.6,27.5,27-32,pg,Normal,34.7,14.6,14.4,3.5-11.5,ths/uL,High,181.8,13.6
485,50,0,4.31,35.7,36-46,%,Low,82.8,30.3,27-32,pg,Normal,36.7,13.7,5.86,3.5-11.5,ths/uL,Normal,202.6,13.1
486,60,0,4.75,39.6,36-46,%,Normal,83.3,31.4,27-32,pg,Normal,37.6,14.3,8.94,3.5-11.5,ths/uL,Normal,275.7,14.9
487,3,0,4.83,40.5,36-46,%,Normal,83.9,28.9,27-32,pg,Normal,34.6,15.1,9.77,3.5-11.5,ths/uL,Normal,261.8,14
488,17,0,4.41,40.4,36-46,%,Normal,91.5,31.3,27-32,pg,Normal,34.2,16.2,15.3,3.5-11.5,ths/uL,High,291,13.8
489,31,0,4.14,36.6,36-46,%,Normal,88.3,29.1,27-32,pg,Normal,32.8,15,7.87,3.5-11.5,ths/uL,Normal,494.4,12
490,3,0,4.32,33.6,36-46,%,Low,77.8,25.3,27-32,pg,Low,32.4,14.3,6.73,3.5-11.5,ths/uL,Normal,298.2,10.9
491,36,1,4.95,43,36-46,%,Normal,86.9,29.7,27-32,pg,Normal,34.2,13.1,7.37,3.5-11.5,ths/uL,Normal,268.6,14.7
492,23,1,4.96,43.7,36-46,%,Normal,88.1,27.5,27-32,pg,Normal,31.1,14.1,5.54,3.5-11.5,ths/uL,Normal,212.4,13.6
493,80,1,3.8,26.1,36-46,%,Low,68.8,25.4,27-32,pg,Low,37.2,18.4,6.34,3.5-11.5,ths/uL,Normal,352.1,9.7
494,30,0,4.98,41.9,36-46,%,Normal,84.1,31.7,27-32,pg,Normal,37.7,13,5.48,3.5-11.5,ths/uL,Normal,305.6,15.8
495,16,1,4.54,40.7,36-46,%,Normal,89.7,30.9,27-32,pg,Normal,34.4,13.5,7.77,3.5-11.5,ths/uL,Normal,218.1,14
496,67,0,5.4,45.8,36-46,%,Normal,84.8,30.1,27-32,pg,Normal,35.6,13.2,7.28,3.5-11.5,ths/uL,Normal,209.3,16.3
497,76,1,5.41,48,36-46,%,High,88.7,30.2,27-32,pg,Normal,34,14.5,4.1,3.5-11.5,ths/uL,Normal,189.1,16.3
498,38,1,4.47,48.4,36-46,%,High,108.2,35.3,27-32,pg,High,32.6,17.9,8.26,3.5-11.5,ths/uL,Normal,167.4,15.8
499,36,0,3.71,39.4,36-46,%,Normal,106.2,30.8,27-32,pg,Normal,28.9,16.9,7.28,3.5-11.5,ths/uL,Normal,298.2,11.4
500,43,0,3.37,27.7,36-46,%,Low,82.3,29.9,27-32,pg,Normal,36.5,15.5,2.01,3.5-11.5,ths/uL,Low,199.4,10.1
501,50,0,4.83,39,36-46,%,Normal,80.7,28.4,27-32,pg,Normal,35.1,14.6,8.62,3.5-11.5,ths/uL,Normal,172.6,13.7
502,72,1,4.97,46.6,36-46,%,High,93.7,29.7,27-32,pg,Normal,31.8,14.9,5.63,3.5-11.5,ths/uL,Normal,223.5,14.8
503,67,1,4.1,27.8,36-46,%,Low,67.7,21,27-32,pg,Low,30.9,20.8,5.09,3.5-11.5,ths/uL,Normal,257.1,8.6
504,27,0,4.49,40.1,36-46,%,Normal,89.4,29.9,27-32,pg,Normal,33.4,14.3,15.7,3.5-11.5,ths/uL,High,261.1,13.4
505,23,0,4.8,41.7,36-46,%,Normal,86.9,29.5,27-32,pg,Normal,34.1,13.6,5.44,3.5-11.5,ths/uL,Normal,291.6,14.2
506,67,0,4.2,36.8,36-46,%,Normal,87.7,30.4,27-32,pg,Normal,34.8,13.9,6.01,3.5-11.5,ths/uL,Normal,188.5,12.8
507,32,1,4.82,40.6,36-46,%,Normal,84.3,29.2,27-32,pg,Normal,34.7,13.9,8.1,3.5-11.5,ths/uL,Normal,287,14.1
508,37,1,4.05,36.1,36-46,%,Normal,89.2,29.3,27-32,pg,Normal,33,14.2,8.21,3.5-11.5,ths/uL,Normal,270.3,11.9
509,3,1,4.64,31.6,36-46,%,Low,68.1,20.3,27-32,pg,Low,29.7,17,9.27,3.5-11.5,ths/uL,Normal,367.9,9.4
510,15,1,3.21,20.8,36-46,%,Low,64.8,21.3,27-32,pg,Low,32.7,15.9,10.4,3.5-11.5,ths/uL,Normal,331.2,6.8
511,31,1,5.11,47.1,36-46,%,High,92.1,29.4,27-32,pg,Normal,31.8,12.4,5.66,3.5-11.5,ths/uL,Normal,210.3,15
512,13,0,4.19,34.1,36-46,%,Low,81.3,29.1,27-32,pg,Normal,35.8,14,6.84,3.5-11.5,ths/uL,Normal,264.7,12.2
513,17,0,4.65,40.3,36-46,%,Normal,86.7,28.4,27-32,pg,Normal,32.8,15.3,6.37,3.5-11.5,ths/uL,Normal,178,13.2
514,57,0,4.56,40.8,36-46,%,Normal,89.4,29.3,27-32,pg,Normal,32.8,13.3,8.08,3.5-11.5,ths/uL,Normal,222,13.4
515,77,1,4.73,35.5,36-46,%,Low,75,22.5,27-32,pg,Low,29.9,16.9,6.61,3.5-11.5,ths/uL,Normal,425.8,10.6
516,47,1,4.35,39.1,36-46,%,Normal,89.9,30,27-32,pg,Normal,33.5,16,4.68,3.5-11.5,ths/uL,Normal,131.6,13.1
517,43,0,4.43,39.6,36-46,%,Normal,89.5,28.3,27-32,pg,Normal,31.6,13.9,7.68,3.5-11.5,ths/uL,Normal,283.3,12.5
518,66,1,5.38,45.4,36-46,%,Normal,84.4,29.1,27-32,pg,Normal,34.6,12.7,7.98,3.5-11.5,ths/uL,Normal,258.9,15.7
519,35,0,4.51,39.8,36-46,%,Normal,88.3,28,27-32,pg,Normal,31.7,14.4,7.94,3.5-11.5,ths/uL,Normal,202.2,12.6
520,34,0,4.71,40.9,36-46,%,Normal,86.8,28.2,27-32,pg,Normal,32.5,13.3,7.56,3.5-11.5,ths/uL,Normal,249.6,13.3
521,25,1,3.73,26.4,36-46,%,Low,70.8,17.3,27-32,pg,Low,24.6,17.2,8.23,3.5-11.5,ths/uL,Normal,397.7,6.5
522,40,0,3.61,39.5,36-46,%,Normal,109.3,35,27-32,pg,High,31.9,17,8.05,3.5-11.5,ths/uL,Normal,155,12.6
523,18,0,4.61,40.2,36-46,%,Normal,87.3,26.5,27-32,pg,Low,30.3,13.4,7.55,3.5-11.5,ths/uL,Normal,292.2,12.2
524,33,1,4.75,42.7,36-46,%,Normal,89.8,27.7,27-32,pg,Normal,30.9,13.9,6.64,3.5-11.5,ths/uL,Normal,218.4,13.2
525,54,1,5.98,54.2,36-46,%,High,90.7,29.4,27-32,pg,Normal,32.5,13.4,6.02,3.5-11.5,ths/uL,Normal,279,17.6
526,29,0,4.21,37.3,36-46,%,Normal,88.6,28.7,27-32,pg,Normal,32.4,12.7,6.97,3.5-11.5,ths/uL,Normal,268.2,12.1
527,48,1,5.49,45,36-46,%,Normal,81.9,28.3,27-32,pg,Normal,34.4,13.8,7.4,3.5-11.5,ths/uL,Normal,165.4,15.5
528,3,0,5,41.7,36-46,%,Normal,83.4,26.3,27-32,pg,Low,31.7,15.1,12.7,3.5-11.5,ths/uL,High,330.9,13.2
529,30,1,5.84,52.6,36-46,%,High,90.1,29.2,27-32,pg,Normal,32.5,13.1,7.36,3.5-11.5,ths/uL,Normal,286.5,17.1
530,35,0,4.12,28.3,36-46,%,Low,68.8,23,27-32,pg,Low,33.6,17.8,7.54,3.5-11.5,ths/uL,Normal,366.8,9.5
531,63,1,6.27,52.9,36-46,%,High,84.4,33.4,27-32,pg,High,39.5,14.4,4.88,3.5-11.5,ths/uL,Normal,153.6,20.9
532,56,0,4.66,43.4,36-46,%,Normal,93.2,30,27-32,pg,Normal,32.3,14.1,5.35,3.5-11.5,ths/uL,Normal,181,14
533,13,1,4.65,40.9,36-46,%,Normal,88,29.7,27-32,pg,Normal,33.7,13.5,7.73,3.5-11.5,ths/uL,Normal,198.6,13.8
534,50,0,3.53,39.6,36-46,%,Normal,112.3,32.2,27-32,pg,High,28.8,15.6,6.46,3.5-11.5,ths/uL,Normal,226.7,11.4
535,40,0,3.72,42.1,36-46,%,Normal,113.1,31.6,27-32,pg,Normal,28,16.2,6.98,3.5-11.5,ths/uL,Normal,168.8,11.8
536,86,1,4.39,29,36-46,%,Low,66.1,19.5,27-32,pg,Low,29.7,17,7,3.5-11.5,ths/uL,Normal,417,8.6
537,10,1,4.92,41.1,36-46,%,Normal,83.5,28.6,27-32,pg,Normal,34.3,16.5,17.4,3.5-11.5,ths/uL,High,293.4,14.1
538,37,1,4.6,42.1,36-46,%,Normal,91.5,31,27-32,pg,Normal,34,11.8,8.82,3.5-11.5,ths/uL,Normal,232.3,14.3
539,18,0,4,42.8,36-46,%,Normal,106.9,34.6,27-32,pg,High,32.2,16.3,5.8,3.5-11.5,ths/uL,Normal,253,13.8
540,7,0,4.85,40.8,36-46,%,Normal,84.1,24.9,27-32,pg,Low,29.7,14.1,7.77,3.5-11.5,ths/uL,Normal,228.1,12.1
541,61,1,4.96,44.3,36-46,%,Normal,89.4,28.2,27-32,pg,Normal,31.6,14.6,5.87,3.5-11.5,ths/uL,Normal,312,14
542,32,0,4.28,35.1,36-46,%,Low,82.1,28.7,27-32,pg,Normal,35,14.1,9.02,3.5-11.5,ths/uL,Normal,247.6,12.3
543,40,0,4.96,41.9,36-46,%,Normal,84.4,30.9,27-32,pg,Normal,36.5,12.8,5.93,3.5-11.5,ths/uL,Normal,267.3,15.3
544,46,1,5.17,46.3,36-46,%,High,89.5,31.3,27-32,pg,Normal,35,12.7,8.29,3.5-11.5,ths/uL,Normal,196.2,16.2
545,60,0,4.65,39,36-46,%,Normal,83.8,28.6,27-32,pg,Normal,34.1,12.4,7.45,3.5-11.5,ths/uL,Normal,231.1,13.3
546,49,0,3.81,27.4,36-46,%,Low,71.8,24.4,27-32,pg,Low,33.9,18.4,10.3,3.5-11.5,ths/uL,Normal,497.2,9.3
547,85,1,4.22,36.5,36-46,%,Normal,86.6,31.6,27-32,pg,Normal,36.4,13.5,10.8,3.5-11.5,ths/uL,Normal,117.3,13.3
548,13,1,4.25,38.9,36-46,%,Normal,91.5,29.2,27-32,pg,Normal,31.9,14.2,6.84,3.5-11.5,ths/uL,Normal,215.4,12.4
549,27,1,4.76,42,36-46,%,Normal,88.3,27.8,27-32,pg,Normal,31.4,14.6,5.46,3.5-11.5,ths/uL,Normal,197.9,13.2
550,25,1,4.33,42.3,36-46,%,Normal,97.6,29.5,27-32,pg,Normal,30.3,14.3,4.22,3.5-11.5,ths/uL,Normal,158.2,12.8
551,13,1,5.03,45.6,36-46,%,Normal,90.6,31.7,27-32,pg,Normal,34.9,13.2,7.89,3.5-11.5,ths/uL,Normal,280.3,15.9
552,15,0,4.98,44.3,36-46,%,Normal,88.9,32.7,27-32,pg,High,36.8,13.1,4.95,3.5-11.5,ths/uL,Normal,177.8,16.3
553,14,0,3.81,25.8,36-46,%,Low,67.8,20.5,27-32,pg,Low,30.2,16.9,7.52,3.5-11.5,ths/uL,Normal,329.8,7.8
554,40,1,4.86,44.8,36-46,%,Normal,92.1,31.3,27-32,pg,Normal,33.9,13.3,6.46,3.5-11.5,ths/uL,Normal,210.1,15.2
555,59,0,4.29,29.5,36-46,%,Low,68.8,20.2,27-32,pg,Low,29.5,20,10.4,3.5-11.5,ths/uL,Normal,277.9,8.7
556,13,0,4.52,37.6,36-46,%,Normal,83.2,27.6,27-32,pg,Normal,33.2,13.2,5.33,3.5-11.5,ths/uL,Normal,299.8,12.5
557,9,0,5.31,46,36-46,%,Normal,86.7,25.8,27-32,pg,Low,29.8,14.2,4.99,3.5-11.5,ths/uL,Normal,217.6,13.7
558,18,1,4.23,30.5,36-46,%,Low,72.2,22.4,27-32,pg,Low,31.1,17.3,8.1,3.5-11.5,ths/uL,Normal,339.4,9.5
559,37,1,4.59,38.8,36-46,%,Normal,84.5,31.6,27-32,pg,Normal,37.4,14.7,2.92,3.5-11.5,ths/uL,Low,140,14.5
560,86,0,3.82,42.1,36-46,%,Normal,110.2,36.3,27-32,pg,High,33,15.9,4.53,3.5-11.5,ths/uL,Normal,149,13.9
561,18,1,5.23,42.8,36-46,%,Normal,81.9,31,27-32,pg,Normal,37.9,13.4,6.52,3.5-11.5,ths/uL,Normal,375.2,16.2
562,28,1,5.04,46.3,36-46,%,High,91.8,31.4,27-32,pg,Normal,34.1,13.4,5.23,3.5-11.5,ths/uL,Normal,236,15.8
563,12,1,5.02,43.9,36-46,%,Normal,87.4,30.6,27-32,pg,Normal,35.1,12.6,8.42,3.5-11.5,ths/uL,Normal,317.8,15.4
564,31,1,5.21,45.5,36-46,%,Normal,87.3,29.1,27-32,pg,Normal,33.4,12.5,5.93,3.5-11.5,ths/uL,Normal,514.4,15.2
565,15,1,4.32,30.7,36-46,%,Low,71.1,20.5,27-32,pg,Low,29,18.8,5.16,3.5-11.5,ths/uL,Normal,322.5,8.9
566,17,0,4.39,49,36-46,%,High,111.6,36.6,27-32,pg,High,32.9,20.1,9.06,3.5-11.5,ths/uL,Normal,163.3,16.1
567,83,1,5.16,47.6,36-46,%,High,92.3,30.9,27-32,pg,Normal,33.4,13.1,6.95,3.5-11.5,ths/uL,Normal,259.9,15.9
568,29,0,5.19,44,36-46,%,Normal,84.7,28.5,27-32,pg,Normal,33.6,12.6,7.29,3.5-11.5,ths/uL,Normal,179.5,14.8
569,61,0,4.65,42.5,36-46,%,Normal,91.4,27.6,27-32,pg,Normal,30.1,14.3,7.96,3.5-11.5,ths/uL,Normal,334.4,12.8
570,58,0,3.95,35.7,36-46,%,Low,90.3,31.2,27-32,pg,Normal,34.5,16.1,8.25,3.5-11.5,ths/uL,Normal,93.2,12.3
571,36,0,3.83,31.9,36-46,%,Low,83.2,29.3,27-32,pg,Normal,35.1,14.1,6.9,3.5-11.5,ths/uL,Normal,344.1,11.2
572,31,1,5.22,45.7,36-46,%,Normal,87.6,30.1,27-32,pg,Normal,34.4,15.2,4.85,3.5-11.5,ths/uL,Normal,287.6,15.7
573,64,1,3.61,39.6,36-46,%,Normal,109.7,35.4,27-32,pg,High,32.3,17,6.03,3.5-11.5,ths/uL,Normal,258.5,12.8
574,54,1,4.58,42,36-46,%,Normal,91.7,30.9,27-32,pg,Normal,33.8,12.4,6.12,3.5-11.5,ths/uL,Normal,174.7,14.2
575,50,1,4.39,41.1,36-46,%,Normal,93.7,28.2,27-32,pg,Normal,30.2,14.2,5.45,3.5-11.5,ths/uL,Normal,217.6,12.4
576,35,0,4.01,37.3,36-46,%,Normal,93,29.2,27-32,pg,Normal,31.4,13.6,5.52,3.5-11.5,ths/uL,Normal,184.3,11.7
577,76,0,4.04,36.1,36-46,%,Normal,89.3,29.8,27-32,pg,Normal,33.2,14.5,4.36,3.5-11.5,ths/uL,Normal,182.2,12
578,44,1,3.75,40.3,36-46,%,Normal,107.5,34.6,27-32,pg,High,32.3,17,7.19,3.5-11.5,ths/uL,Normal,227.8,13
579,54,0,4.48,38.3,36-46,%,Normal,85.5,29.3,27-32,pg,Normal,34.2,13.5,6.77,3.5-11.5,ths/uL,Normal,187.9,13.1
580,16,1,4.29,39.5,36-46,%,Normal,92,28.4,27-32,pg,Normal,30.9,14.9,2.56,3.5-11.5,ths/uL,Low,195.6,12.2
581,44,1,4.38,37.8,36-46,%,Normal,86.4,28.1,27-32,pg,Normal,32.5,13,6.73,3.5-11.5,ths/uL,Normal,364.6,12.3
582,16,1,4.83,42.3,36-46,%,Normal,87.5,30.7,27-32,pg,Normal,35,14.1,7.4,3.5-11.5,ths/uL,Normal,216,14.8
583,2,0,3.98,24.8,36-46,%,Low,62.2,23.8,27-32,pg,Low,38.3,16.5,8.26,3.5-11.5,ths/uL,Normal,329.9,9.5
584,73,1,5.26,43.3,36-46,%,Normal,82.4,28.2,27-32,pg,Normal,34.2,14.7,7.3,3.5-11.5,ths/uL,Normal,246.8,14.8
585,60,0,4.05,34.5,36-46,%,Low,85.2,30.1,27-32,pg,Normal,35.4,15.2,17.3,3.5-11.5,ths/uL,High,285.3,12.2
586,40,0,4.23,28.8,36-46,%,Low,68.2,21.1,27-32,pg,Low,30.9,16.2,8.93,3.5-11.5,ths/uL,Normal,371.4,8.9
587,56,0,3.75,24.5,36-46,%,Low,65.4,20.7,27-32,pg,Low,31.8,17.5,7,3.5-11.5,ths/uL,Normal,380.4,7.8
588,39,1,3.84,26.5,36-46,%,Low,68.9,20.2,27-32,pg,Low,29.4,17.3,7.25,3.5-11.5,ths/uL,Normal,401.6,7.8
589,70,1,4.37,40.8,36-46,%,Normal,93.4,29.4,27-32,pg,Normal,31.4,15.8,10.6,3.5-11.5,ths/uL,Normal,279.7,12.8
590,80,0,4.41,37.5,36-46,%,Normal,85,28.8,27-32,pg,Normal,33.9,13.7,6.76,3.5-11.5,ths/uL,Normal,236,12.7
591,59,0,5.05,45.3,36-46,%,Normal,89.7,30.9,27-32,pg,Normal,34.4,13.2,9.56,3.5-11.5,ths/uL,Normal,271.6,15.6
592,46,0,4.26,38.7,36-46,%,Normal,90.9,28.6,27-32,pg,Normal,31.5,14.5,2.5,3.5-11.5,ths/uL,Low,146.1,12.2
593,70,1,3.61,23.6,36-46,%,Low,65.3,23.2,27-32,pg,Low,35.6,16.7,8.76,3.5-11.5,ths/uL,Normal,301.2,8.4
594,22,0,4.48,38.8,36-46,%,Normal,86.7,26.6,27-32,pg,Low,30.7,15,5.93,3.5-11.5,ths/uL,Normal,271.5,11.9
595,50,1,4.81,40.5,36-46,%,Normal,84.1,32,27-32,pg,Normal,38,14.4,4.58,3.5-11.5,ths/uL,Normal,223.7,15.4
596,17,0,4.31,38.9,36-46,%,Normal,90.2,27.6,27-32,pg,Normal,30.6,14.2,8.49,3.5-11.5,ths/uL,Normal,339.7,11.9
597,70,1,4.92,45,36-46,%,Normal,91.5,31,27-32,pg,Normal,34,13.4,5.42,3.5-11.5,ths/uL,Normal,252.4,15.3
598,20,0,4.54,40.9,36-46,%,Normal,90,29.7,27-32,pg,Normal,33,14.9,7.01,3.5-11.5,ths/uL,Normal,430.5,13.5
599,35,1,5.33,47.1,36-46,%,High,88.3,29.8,27-32,pg,Normal,33.8,14.7,9.05,3.5-11.5,ths/uL,Normal,325.9,15.9
600,83,1,5.07,45.6,36-46,%,Normal,89.9,29.2,27-32,pg,Normal,32.5,13,6.71,3.5-11.5,ths/uL,Normal,211.1,14.8
601,56,1,4.14,31.6,36-46,%,Low,76.3,20.3,27-32,pg,Low,26.6,16,7.62,3.5-11.5,ths/uL,Normal,416.3,8.4
602,6,1,4.15,47.5,36-46,%,High,114.5,32.8,27-32,pg,High,28.6,15,7.08,3.5-11.5,ths/uL,Normal,161.2,13.6
603,56,1,3.92,34,36-46,%,Low,86.7,31.9,27-32,pg,Normal,36.8,16.1,2.46,3.5-11.5,ths/uL,Low,111.7,12.5
604,14,1,4.12,30,36-46,%,Low,72.7,21.7,27-32,pg,Low,29.7,15.5,11.1,3.5-11.5,ths/uL,Normal,395.7,8.9
605,62,0,4.58,40,36-46,%,Normal,87.4,30.8,27-32,pg,Normal,35.2,12.7,6.36,3.5-11.5,ths/uL,Normal,239.4,14.1
606,28,0,3.82,27.8,36-46,%,Low,72.8,20,27-32,pg,Low,27.3,17.6,7.04,3.5-11.5,ths/uL,Normal,298.9,7.6
607,58,1,4.97,44.5,36-46,%,Normal,89.5,30.4,27-32,pg,Normal,33.9,13.8,4.47,3.5-11.5,ths/uL,Normal,288.8,15.1
608,43,0,3.75,25.8,36-46,%,Low,68.7,20.8,27-32,pg,Low,30.2,18.4,7.77,3.5-11.5,ths/uL,Normal,343.5,7.8
609,44,0,4.37,38.5,36-46,%,Normal,88,28.7,27-32,pg,Normal,32.5,12.2,6.39,3.5-11.5,ths/uL,Normal,224.2,12.5
610,39,0,3.39,24.4,36-46,%,Low,71.9,21.9,27-32,pg,Low,30.3,17.4,4.83,3.5-11.5,ths/uL,Normal,382.1,7.4
611,49,1,4.67,39.7,36-46,%,Normal,85.1,31.2,27-32,pg,Normal,36.8,13.8,7.27,3.5-11.5,ths/uL,Normal,342.4,14.6
612,56,0,4.87,40.5,36-46,%,Normal,83.2,28.3,27-32,pg,Normal,34.1,13.4,6.87,3.5-11.5,ths/uL,Normal,193.4,13.8
613,62,1,4.31,38.5,36-46,%,Normal,89.3,30.4,27-32,pg,Normal,34,14.5,7.31,3.5-11.5,ths/uL,Normal,88.9,13.1
614,36,0,4.1,41.4,36-46,%,Normal,100.9,32.9,27-32,pg,High,32.6,17.1,4.74,3.5-11.5,ths/uL,Normal,282.5,13.5
615,64,0,4.99,47.1,36-46,%,High,94.4,26.6,27-32,pg,Low,28.2,14.1,8.34,3.5-11.5,ths/uL,Normal,318.5,13.3
616,43,0,4.53,38.8,36-46,%,Normal,85.7,31.1,27-32,pg,Normal,36.3,14.7,9.85,3.5-11.5,ths/uL,Normal,240.6,14.1
617,24,1,5.1,46.3,36-46,%,High,90.8,29.2,27-32,pg,Normal,32.2,14.8,6.33,3.5-11.5,ths/uL,Normal,226.4,14.9
618,77,0,4.59,39.2,36-46,%,Normal,85.3,29.7,27-32,pg,Normal,34.7,13.3,5.86,3.5-11.5,ths/uL,Normal,351.1,13.6
619,5,0,4.46,39,36-46,%,Normal,87.4,26.6,27-32,pg,Low,30.5,14.4,3.02,3.5-11.5,ths/uL,Low,195.9,11.9
620,45,0,4.24,36.3,36-46,%,Normal,85.7,29,27-32,pg,Normal,33.9,16.3,5.45,3.5-11.5,ths/uL,Normal,254.5,12.3
621,68,0,4.24,31.5,36-46,%,Low,74.4,22.2,27-32,pg,Low,29.8,16,9.26,3.5-11.5,ths/uL,Normal,390.6,9.4
622,49,0,4.8,42.8,36-46,%,Normal,89.2,29.4,27-32,pg,Normal,32.9,14.1,7.16,3.5-11.5,ths/uL,Normal,237.4,14.1
623,73,0,4.39,38.4,36-46,%,Normal,87.4,31,27-32,pg,Normal,35.4,13.2,8.12,3.5-11.5,ths/uL,Normal,277,13.6
624,17,1,4.09,41.7,36-46,%,Normal,102,33.7,27-32,pg,High,33.1,16.1,5.86,3.5-11.5,ths/uL,Normal,250.3,13.8
625,27,0,4.29,37.7,36-46,%,Normal,87.9,30.9,27-32,pg,Normal,35.3,12.6,6.31,3.5-11.5,ths/uL,Normal,312.4,13.3
626,2,1,4.45,37.6,36-46,%,Normal,84.6,25.2,27-32,pg,Low,29.8,13.6,7.27,3.5-11.5,ths/uL,Normal,324.9,11.2
627,52,1,5.72,51.1,36-46,%,High,89.3,32,27-32,pg,Normal,35.8,11.8,5.82,3.5-11.5,ths/uL,Normal,305.7,18.3
628,25,1,3.85,28.5,36-46,%,Low,74.1,21.5,27-32,pg,Low,29.1,19.4,4.74,3.5-11.5,ths/uL,Normal,388.5,8.3
629,90,1,3.84,25.8,36-46,%,Low,67.1,21.9,27-32,pg,Low,32.6,19.6,10.7,3.5-11.5,ths/uL,Normal,370.2,8.4
630,37,1,5.12,44.3,36-46,%,Normal,86.6,30,27-32,pg,Normal,34.8,12.7,6.16,3.5-11.5,ths/uL,Normal,259.3,15.4
631,84,0,4.75,41.1,36-46,%,Normal,86.6,27.9,27-32,pg,Normal,32.4,14.2,4.2,3.5-11.5,ths/uL,Normal,186.5,13.3
632,81,1,5.1,45.8,36-46,%,Normal,89.9,28,27-32,pg,Normal,31.2,13.5,8.39,3.5-11.5,ths/uL,Normal,196.2,14.3
633,30,0,3.97,32.9,36-46,%,Low,82.8,28,27-32,pg,Normal,33.7,14,7.81,3.5-11.5,ths/uL,Normal,83.3,11.1
634,51,0,4.17,29,36-46,%,Low,69.6,21.4,27-32,pg,Low,30.7,17.3,8.82,3.5-11.5,ths/uL,Normal,376.4,8.9
635,54,1,5.4,48.8,36-46,%,High,90.4,30.1,27-32,pg,Normal,33.4,13,5.01,3.5-11.5,ths/uL,Normal,324.2,16.3
636,70,1,4.52,39.4,36-46,%,Normal,87.1,30.1,27-32,pg,Normal,34.5,13.8,6.61,3.5-11.5,ths/uL,Normal,241.2,13.6
637,60,1,5.27,46.7,36-46,%,High,88.7,29.1,27-32,pg,Normal,32.8,13.7,7.29,3.5-11.5,ths/uL,Normal,315.4,15.3
638,18,1,4.66,42.9,36-46,%,Normal,92.1,30.5,27-32,pg,Normal,33.1,14.2,16.1,3.5-11.5,ths/uL,High,311.1,14.2
639,44,0,4.43,30.4,36-46,%,Low,68.7,22.3,27-32,pg,Low,32.6,16.8,6.62,3.5-11.5,ths/uL,Normal,317.8,9.9
640,56,0,4.25,36.7,36-46,%,Normal,86.4,27.6,27-32,pg,Normal,31.9,13.7,5.05,3.5-11.5,ths/uL,Normal,304,11.7
641,20,0,3.63,22.9,36-46,%,Low,63.1,20.6,27-32,pg,Low,32.8,15.8,6.07,3.5-11.5,ths/uL,Normal,397.2,7.5
642,33,1,4.28,38.8,36-46,%,Normal,90.6,28.8,27-32,pg,Normal,31.7,16.6,7.09,3.5-11.5,ths/uL,Normal,465.2,12.3
643,28,1,4.52,37.8,36-46,%,Normal,83.6,29.6,27-32,pg,Normal,35.4,16.2,16.8,3.5-11.5,ths/uL,High,439.8,13.4
644,73,1,4.77,46.5,36-46,%,High,97.5,30.3,27-32,pg,Normal,31.2,14,5.95,3.5-11.5,ths/uL,Normal,263.2,14.5
645,57,0,4.31,40.3,36-46,%,Normal,93.4,27.2,27-32,pg,Normal,29,15.7,3.95,3.5-11.5,ths/uL,Normal,561.2,11.7
646,55,1,5.83,50.1,36-46,%,High,85.9,31.3,27-32,pg,Normal,36.3,13.7,6.57,3.5-11.5,ths/uL,Normal,273,18.2
647,41,0,3.63,38,36-46,%,Normal,104.8,29.1,27-32,pg,Normal,27.9,16.5,7.73,3.5-11.5,ths/uL,Normal,259.8,10.6
648,41,0,4.37,38.4,36-46,%,Normal,87.8,30.6,27-32,pg,Normal,34.9,13.2,5.79,3.5-11.5,ths/uL,Normal,289.5,13.4
649,62,1,4.8,41.7,36-46,%,Normal,86.8,30.7,27-32,pg,Normal,35.3,14.5,7.96,3.5-11.5,ths/uL,Normal,218.4,14.7
650,26,0,3.87,33.4,36-46,%,Low,86.3,28.7,27-32,pg,Normal,33.2,14,1.88,3.5-11.5,ths/uL,Low,156.1,11.1
651,51,1,4.17,31.2,36-46,%,Low,74.9,16.9,27-32,pg,Low,22.4,19.8,9.16,3.5-11.5,ths/uL,Normal,454.7,7
652,5,1,5.05,44.1,36-46,%,Normal,87.4,28.5,27-32,pg,Normal,32.7,14.9,8.72,3.5-11.5,ths/uL,Normal,283.7,14.4
653,65,1,5.04,42.6,36-46,%,Normal,84.5,31.2,27-32,pg,Normal,36.9,13.3,3.98,3.5-11.5,ths/uL,Normal,322.7,15.7
654,51,1,4.2,36.2,36-46,%,Normal,86.3,32.2,27-32,pg,High,37.3,14.6,7.38,3.5-11.5,ths/uL,Normal,219.7,13.5
655,64,0,4.4,38,36-46,%,Normal,86.4,27.7,27-32,pg,Normal,32.1,14.3,12,3.5-11.5,ths/uL,High,300.1,12.2
656,73,1,4.9,44.2,36-46,%,Normal,90.3,28.8,27-32,pg,Normal,31.9,13.4,6.91,3.5-11.5,ths/uL,Normal,217.7,14.1
657,82,1,5.01,44.5,36-46,%,Normal,88.8,29.5,27-32,pg,Normal,33.3,13.1,5.39,3.5-11.5,ths/uL,Normal,249.3,14.8
658,17,1,4.91,40.7,36-46,%,Normal,82.9,28.5,27-32,pg,Normal,34.4,13.6,7.36,3.5-11.5,ths/uL,Normal,278.7,14
659,3,1,5.51,48.4,36-46,%,High,87.8,28.8,27-32,pg,Normal,32.9,15.3,10.7,3.5-11.5,ths/uL,Normal,192.9,15.9
660,16,1,3.6,33.6,36-46,%,Low,93.2,30,27-32,pg,Normal,32.1,16.3,10.7,3.5-11.5,ths/uL,Normal,132.8,10.8
661,84,0,4.89,45.1,36-46,%,Normal,92.2,30.2,27-32,pg,Normal,32.8,14.8,4.48,3.5-11.5,ths/uL,Normal,303.8,14.8
662,46,1,5.03,47,36-46,%,High,93.4,28.8,27-32,pg,Normal,30.9,12.8,8.38,3.5-11.5,ths/uL,Normal,198,14.5
663,53,0,4.71,41.7,36-46,%,Normal,88.6,29.1,27-32,pg,Normal,32.9,13.8,7.28,3.5-11.5,ths/uL,Normal,262,13.7
664,33,1,4.97,42.9,36-46,%,Normal,86.3,28.1,27-32,pg,Normal,32.6,13.2,7.15,3.5-11.5,ths/uL,Normal,207.1,14
665,33,1,5.18,47.1,36-46,%,High,90.9,31.9,27-32,pg,Normal,35,16,7.53,3.5-11.5,ths/uL,Normal,418.9,16.5
666,53,0,3.5,28.8,36-46,%,Low,82.3,27.5,27-32,pg,Normal,33.3,14.1,2.83,3.5-11.5,ths/uL,Low,116.4,9.6
667,16,1,5.03,47.2,36-46,%,High,93.8,29.2,27-32,pg,Normal,31.1,13.6,6.91,3.5-11.5,ths/uL,Normal,286.1,14.7
668,48,0,4.81,43.3,36-46,%,Normal,90.1,29.3,27-32,pg,Normal,32.6,14,8.88,3.5-11.5,ths/uL,Normal,256.3,14.1
669,13,1,4.65,37.8,36-46,%,Normal,81.2,30.9,27-32,pg,Normal,38.1,14.3,3.98,3.5-11.5,ths/uL,Normal,132.3,14.4
670,88,1,5.17,46.9,36-46,%,High,90.7,30.9,27-32,pg,Normal,34.1,12.3,6.08,3.5-11.5,ths/uL,Normal,278.2,16
671,83,1,4.36,38.5,36-46,%,Normal,88.2,30.5,27-32,pg,Normal,34.5,16.7,2.18,3.5-11.5,ths/uL,Low,195,13.3
672,59,0,4.19,35.5,36-46,%,Low,84.8,29,27-32,pg,Normal,34.4,15.4,6.91,3.5-11.5,ths/uL,Normal,212.2,12.2
673,41,0,3.63,26.6,36-46,%,Low,73.3,22.5,27-32,pg,Low,30.8,16.4,7.93,3.5-11.5,ths/uL,Normal,302.8,8.2
674,63,1,5.26,47,36-46,%,High,89.4,30.9,27-32,pg,Normal,34.7,14.5,2.86,3.5-11.5,ths/uL,Low,179.9,16.3
675,40,0,4.33,39.9,36-46,%,Normal,92.2,30.5,27-32,pg,Normal,33.1,13,6.94,3.5-11.5,ths/uL,Normal,313,13.2
676,29,1,4.29,39.6,36-46,%,Normal,92.3,30.5,27-32,pg,Normal,33.1,14.1,7.7,3.5-11.5,ths/uL,Normal,268.1,13.1
677,45,1,4.65,41.7,36-46,%,Normal,89.6,30.5,27-32,pg,Normal,34.1,11.9,3.98,3.5-11.5,ths/uL,Normal,296,14.2
678,53,1,3.8,42.1,36-46,%,Normal,110.7,36.7,27-32,pg,High,33,19.1,5.32,3.5-11.5,ths/uL,Normal,285.8,13.9
679,53,0,3.87,33.8,36-46,%,Low,87.4,27.8,27-32,pg,Normal,32,13,4.79,3.5-11.5,ths/uL,Normal,294.7,10.8
680,2,1,5.62,45.7,36-46,%,Normal,81.4,28.2,27-32,pg,Normal,34.6,13.4,8.18,3.5-11.5,ths/uL,Normal,184.7,15.8
681,56,0,4.31,32.2,36-46,%,Low,74.8,22.4,27-32,pg,Low,30.1,18,7.72,3.5-11.5,ths/uL,Normal,270.4,9.7
682,16,1,4.49,40.9,36-46,%,Normal,91,29,27-32,pg,Normal,31.8,15,6.86,3.5-11.5,ths/uL,Normal,163.4,13
683,55,1,4.37,47.1,36-46,%,High,107.7,29.1,27-32,pg,Normal,27,18,5.16,3.5-11.5,ths/uL,Normal,208.1,12.7
684,59,0,4.2,36.7,36-46,%,Normal,87.3,28.4,27-32,pg,Normal,32.4,12.8,8.33,3.5-11.5,ths/uL,Normal,211.6,11.9
685,60,0,4.24,38.9,36-46,%,Normal,91.7,28.6,27-32,pg,Normal,31.1,14.4,5.41,3.5-11.5,ths/uL,Normal,230.3,12.1
686,6,1,4.53,39.6,36-46,%,Normal,87.5,26.4,27-32,pg,Low,30.3,13.2,6.56,3.5-11.5,ths/uL,Normal,223.8,12
687,29,0,3.91,27.2,36-46,%,Low,69.5,21,27-32,pg,Low,30.1,16.5,11.2,3.5-11.5,ths/uL,Normal,348.4,8.2
688,46,0,4.34,37.5,36-46,%,Normal,86.3,29.9,27-32,pg,Normal,34.7,12.8,7.51,3.5-11.5,ths/uL,Normal,259.8,13
689,15,0,4.77,41.7,36-46,%,Normal,87.5,28.4,27-32,pg,Normal,32.4,12.7,10.1,3.5-11.5,ths/uL,Normal,321.5,13.5
690,54,0,3.21,21.5,36-46,%,Low,67,21.3,27-32,pg,Low,31.6,15.8,11,3.5-11.5,ths/uL,Normal,389.3,6.8
691,19,1,5.02,46,36-46,%,Normal,91.6,29.1,27-32,pg,Normal,31.7,16,18,3.5-11.5,ths/uL,High,276.4,14.6
692,29,1,4.68,42.3,36-46,%,Normal,90.4,28.7,27-32,pg,Normal,31.7,13.2,8.62,3.5-11.5,ths/uL,Normal,236.8,13.4
693,53,1,3.28,34.1,36-46,%,Low,104.1,36,27-32,pg,High,34.6,15.4,5.92,3.5-11.5,ths/uL,Normal,233.6,11.8
694,81,0,3.9,41,36-46,%,Normal,105.1,32.2,27-32,pg,High,30.7,20.1,7.66,3.5-11.5,ths/uL,Normal,194.8,12.6
695,17,0,5.26,45.8,36-46,%,Normal,87,31.3,27-32,pg,Normal,36,14.4,6.54,3.5-11.5,ths/uL,Normal,166,16.5
696,4,0,4.34,35.5,36-46,%,Low,81.7,24,27-32,pg,Low,29.3,14.3,6.36,3.5-11.5,ths/uL,Normal,262.8,10.4
697,88,1,4.86,43.3,36-46,%,Normal,89.1,29.9,27-32,pg,Normal,33.5,15.3,6.48,3.5-11.5,ths/uL,Normal,483.9,14.5
698,22,1,5.41,50.3,36-46,%,High,92.9,31.5,27-32,pg,Normal,33.8,14.3,8.47,3.5-11.5,ths/uL,Normal,213.8,17
699,51,0,4.23,33.7,36-46,%,Low,79.6,29.4,27-32,pg,Normal,36.8,12.8,8.16,3.5-11.5,ths/uL,Normal,303.2,12.4
700,76,0,4.57,38.7,36-46,%,Normal,84.6,29.6,27-32,pg,Normal,34.9,12.9,5.21,3.5-11.5,ths/uL,Normal,175.6,13.5
701,90,1,4.15,26.4,36-46,%,Low,63.5,21.5,27-32,pg,Low,33.7,17.8,9.32,3.5-11.5,ths/uL,Normal,356,8.9
702,46,0,4.4,36.1,36-46,%,Normal,82.1,30.9,27-32,pg,Normal,37.7,13,7.28,3.5-11.5,ths/uL,Normal,279.2,13.6
703,41,0,4.49,39.4,36-46,%,Normal,87.7,26.1,27-32,pg,Low,29.7,14.5,7.35,3.5-11.5,ths/uL,Normal,186.9,11.7
704,56,0,4.22,37,36-46,%,Normal,87.7,30.6,27-32,pg,Normal,34.9,13.8,6.28,3.5-11.5,ths/uL,Normal,216.5,12.9
705,89,0,4.66,38.6,36-46,%,Normal,82.8,29.5,27-32,pg,Normal,35.5,15.7,4.22,3.5-11.5,ths/uL,Normal,184.3,13.7
706,42,1,4.03,30.5,36-46,%,Low,75.6,24.5,27-32,pg,Low,32.5,15.4,11.2,3.5-11.5,ths/uL,Normal,333.5,9.9
707,13,0,4.76,43.1,36-46,%,Normal,90.5,28.9,27-32,pg,Normal,32,13.8,8.74,3.5-11.5,ths/uL,Normal,278.3,13.8
708,36,1,5,45.2,36-46,%,Normal,90.5,29.8,27-32,pg,Normal,33,14.6,5.74,3.5-11.5,ths/uL,Normal,295.5,14.9
709,73,1,4.02,34.3,36-46,%,Low,85.3,31.2,27-32,pg,Normal,36.4,15,2.96,3.5-11.5,ths/uL,Low,176.5,12.5
710,9,1,4.92,40.4,36-46,%,Normal,82.2,26.5,27-32,pg,Low,32.2,12.9,7.37,3.5-11.5,ths/uL,Normal,257.4,13
711,86,1,5.02,45.9,36-46,%,Normal,91.5,29.4,27-32,pg,Normal,32.2,12.2,8.26,3.5-11.5,ths/uL,Normal,220.2,14.8
712,76,1,4.37,37.7,36-46,%,Normal,86.2,30.9,27-32,pg,Normal,35.8,15.1,8.84,3.5-11.5,ths/uL,Normal,250.5,13.5
713,29,1,4.43,41.3,36-46,%,Normal,93.2,29.7,27-32,pg,Normal,32,14.1,5.84,3.5-11.5,ths/uL,Normal,212.3,13.2
714,57,0,3.75,41,36-46,%,Normal,109.2,34,27-32,pg,High,31.2,17.5,5.72,3.5-11.5,ths/uL,Normal,260,12.8
715,26,1,5.1,48.2,36-46,%,High,94.5,31,27-32,pg,Normal,32.8,14,7.67,3.5-11.5,ths/uL,Normal,300,15.8
716,40,1,4.11,34.8,36-46,%,Low,84.7,30.8,27-32,pg,Normal,36.5,15.8,5.09,3.5-11.5,ths/uL,Normal,104.9,12.7
717,26,1,3.86,26.7,36-46,%,Low,69.1,22.2,27-32,pg,Low,32.2,20.7,8.6,3.5-11.5,ths/uL,Normal,338.3,8.6
718,46,1,4.86,44,36-46,%,Normal,90.5,31.2,27-32,pg,Normal,34.5,13.7,8.94,3.5-11.5,ths/uL,Normal,495.3,15.2
719,10,0,4.88,43.6,36-46,%,Normal,89.3,26.9,27-32,pg,Low,30,13,4.92,3.5-11.5,ths/uL,Normal,321.9,13.1
720,29,0,4.66,39.1,36-46,%,Normal,83.9,29.7,27-32,pg,Normal,35.3,13.8,7.71,3.5-11.5,ths/uL,Normal,295.5,13.8
721,89,1,5.09,45.6,36-46,%,Normal,89.5,29.7,27-32,pg,Normal,33.1,13.7,4.91,3.5-11.5,ths/uL,Normal,227.4,15.1
722,19,1,5.32,46.9,36-46,%,High,88.1,28.6,27-32,pg,Normal,32.4,12.9,6.79,3.5-11.5,ths/uL,Normal,335.4,15.2
723,4,1,4.37,46.6,36-46,%,High,106.6,33.8,27-32,pg,High,31.8,16.6,5.82,3.5-11.5,ths/uL,Normal,358.7,14.8
724,87,1,4.14,42.3,36-46,%,Normal,102.1,37,27-32,pg,High,36.2,18.9,7.02,3.5-11.5,ths/uL,Normal,176.7,15.3
725,30,1,4.73,41.6,36-46,%,Normal,88,29.7,27-32,pg,Normal,33.7,13.6,6.25,3.5-11.5,ths/uL,Normal,282.9,14
726,2,1,5.16,42.9,36-46,%,Normal,83.1,29.2,27-32,pg,Normal,35.2,16,16.2,3.5-11.5,ths/uL,High,185,15.1
727,27,1,5.56,51.8,36-46,%,High,93.2,30.9,27-32,pg,Normal,33.2,12.8,7.29,3.5-11.5,ths/uL,Normal,348,17.2
728,15,0,3.27,35,36-46,%,Low,107.1,36.5,27-32,pg,High,34,16.4,7.73,3.5-11.5,ths/uL,Normal,278.2,11.9
729,60,0,4.5,37.8,36-46,%,Normal,84.1,28.4,27-32,pg,Normal,33.9,14.3,7.53,3.5-11.5,ths/uL,Normal,238.6,12.8
730,28,1,4.99,44.6,36-46,%,Normal,89.4,31.2,27-32,pg,Normal,35,15.8,7.45,3.5-11.5,ths/uL,Normal,297.9,15.6
731,68,1,4.82,44.5,36-46,%,Normal,92.4,30.4,27-32,pg,Normal,33,15.4,6.51,3.5-11.5,ths/uL,Normal,255.9,14.7
732,9,0,4.9,39.9,36-46,%,Normal,81.5,26.8,27-32,pg,Low,32.8,13.4,7.76,3.5-11.5,ths/uL,Normal,246.5,13.1
733,77,0,3.57,25.2,36-46,%,Low,70.6,20.4,27-32,pg,Low,29,19.6,7.26,3.5-11.5,ths/uL,Normal,420.8,7.3
734,75,1,4.33,39.3,36-46,%,Normal,90.7,30.2,27-32,pg,Normal,33.3,15.6,6.36,3.5-11.5,ths/uL,Normal,663.9,13.1
735,57,1,3.96,25.1,36-46,%,Low,63.4,21.9,27-32,pg,Low,34.7,16.8,10.8,3.5-11.5,ths/uL,Normal,355.1,8.7
736,21,0,4.77,41.5,36-46,%,Normal,87.1,28.2,27-32,pg,Normal,32.5,14,8.16,3.5-11.5,ths/uL,Normal,240.7,13.5
737,40,0,4.3,38.6,36-46,%,Normal,89.7,31.8,27-32,pg,Normal,35.5,13.8,6.87,3.5-11.5,ths/uL,Normal,176.1,13.7
738,4,0,4.07,34.1,36-46,%,Low,83.8,28.6,27-32,pg,Normal,34,12.5,3.22,3.5-11.5,ths/uL,Low,211.9,11.6
739,27,0,4.11,34.1,36-46,%,Low,83,27.6,27-32,pg,Normal,33.1,12.8,6.59,3.5-11.5,ths/uL,Normal,254.4,11.3
740,10,1,4.83,38.8,36-46,%,Normal,80.3,26.3,27-32,pg,Low,32.7,14,8.77,3.5-11.5,ths/uL,Normal,161.6,12.7
741,73,1,3.97,37.4,36-46,%,Normal,94.2,29.5,27-32,pg,Normal,31.3,14,6.59,3.5-11.5,ths/uL,Normal,102.8,11.7
742,31,0,4.41,40.8,36-46,%,Normal,92.6,27.8,27-32,pg,Normal,30.1,12.9,8.52,3.5-11.5,ths/uL,Normal,166.9,12.3
743,17,0,4.64,42.1,36-46,%,Normal,90.7,26.7,27-32,pg,Low,29.5,13.8,6.07,3.5-11.5,ths/uL,Normal,313.4,12.4
744,63,0,4.88,43.9,36-46,%,Normal,89.9,28.5,27-32,pg,Normal,31.7,13.4,7.16,3.5-11.5,ths/uL,Normal,199.6,13.9
745,53,1,4.94,41.4,36-46,%,Normal,83.9,28.1,27-32,pg,Normal,33.6,13.4,6.16,3.5-11.5,ths/uL,Normal,189.7,13.9
746,90,0,3.8,33.1,36-46,%,Low,87.2,28,27-32,pg,Normal,32,13.6,6.79,3.5-11.5,ths/uL,Normal,534.4,10.6
747,24,1,5.61,48.4,36-46,%,High,86.3,30.6,27-32,pg,Normal,35.5,13.8,21,3.5-11.5,ths/uL,High,194.2,17.2
748,51,0,4.72,40.8,36-46,%,Normal,86.4,29.3,27-32,pg,Normal,33.8,12.6,7.34,3.5-11.5,ths/uL,Normal,230.7,13.8
749,24,0,4.65,42.5,36-46,%,Normal,91.5,28.7,27-32,pg,Normal,31.3,13.5,8.34,3.5-11.5,ths/uL,Normal,195.3,13.3
750,25,1,4.74,41.2,36-46,%,Normal,86.9,31.1,27-32,pg,Normal,35.7,13.6,5.25,3.5-11.5,ths/uL,Normal,241.6,14.7
751,14,1,4.97,43.7,36-46,%,Normal,88,30.7,27-32,pg,Normal,35,12.6,6.22,3.5-11.5,ths/uL,Normal,224.2,15.3
752,35,1,3.99,42.9,36-46,%,Normal,107.5,32.9,27-32,pg,High,30.5,18.7,6.8,3.5-11.5,ths/uL,Normal,258.2,13.1
753,51,1,4.82,41.6,36-46,%,Normal,86.3,30,27-32,pg,Normal,34.9,13,6.89,3.5-11.5,ths/uL,Normal,205.7,14.5
754,55,0,3.82,30.2,36-46,%,Low,79.1,29.6,27-32,pg,Normal,37.4,16.2,7.07,3.5-11.5,ths/uL,Normal,87.9,11.3
755,2,1,4.55,37.9,36-46,%,Normal,83.3,27.7,27-32,pg,Normal,33.2,14.1,5.99,3.5-11.5,ths/uL,Normal,312.5,12.6
756,19,0,3.18,34.9,36-46,%,Low,109.8,36.2,27-32,pg,High,33,15.9,6.16,3.5-11.5,ths/uL,Normal,219.4,11.5
757,35,1,5.04,47.5,36-46,%,High,94.2,29.4,27-32,pg,Normal,31.2,17.1,4.9,3.5-11.5,ths/uL,Normal,198.9,14.8
758,17,1,5.22,47.9,36-46,%,High,91.7,30.1,27-32,pg,Normal,32.8,13.8,5.66,3.5-11.5,ths/uL,Normal,212,15.7
759,6,1,5.59,44.3,36-46,%,Normal,79.2,28.3,27-32,pg,Normal,35.7,13.5,9.47,3.5-11.5,ths/uL,Normal,264.8,15.8
760,33,1,4.89,42.8,36-46,%,Normal,87.6,31.2,27-32,pg,Normal,35.7,13.2,7.66,3.5-11.5,ths/uL,Normal,318.1,15.3
761,59,1,5.71,50.8,36-46,%,High,89,28.4,27-32,pg,Normal,31.9,14.1,6.52,3.5-11.5,ths/uL,Normal,268.4,16.2
762,2,0,4.62,40.8,36-46,%,Normal,88.3,26.5,27-32,pg,Low,29.9,16.3,16.8,3.5-11.5,ths/uL,High,315.4,12.2
763,50,1,4.84,44.5,36-46,%,Normal,92,30.7,27-32,pg,Normal,33.5,15.8,15.9,3.5-11.5,ths/uL,High,273.2,14.9
764,55,0,4.72,41.7,36-46,%,Normal,88.4,28.4,27-32,pg,Normal,32.1,15.3,4.65,3.5-11.5,ths/uL,Normal,559.4,13.4
765,27,0,4.83,44,36-46,%,Normal,91,26.9,27-32,pg,Low,29.5,12.5,7.21,3.5-11.5,ths/uL,Normal,240.5,13
766,69,1,5.13,45.2,36-46,%,Normal,88.1,29.4,27-32,pg,Normal,33.4,14.1,9.8,3.5-11.5,ths/uL,Normal,228,15.1
767,14,1,4.83,42.9,36-46,%,Normal,88.8,30.4,27-32,pg,Normal,34.3,16.5,15.6,3.5-11.5,ths/uL,High,315.9,14.7
768,44,1,5.45,47.9,36-46,%,High,87.8,30.1,27-32,pg,Normal,34.2,14.6,7.88,3.5-11.5,ths/uL,Normal,198.4,16.4
769,56,1,4.86,42.3,36-46,%,Normal,87.1,28.9,27-32,pg,Normal,33.1,14.3,4.8,3.5-11.5,ths/uL,Normal,538.4,14
770,9,1,4.27,33.3,36-46,%,Low,78.1,24.5,27-32,pg,Low,31.5,13.8,6.72,3.5-11.5,ths/uL,Normal,281.1,10.5
771,54,0,4.6,38.8,36-46,%,Normal,84.3,28.6,27-32,pg,Normal,34,14,6.29,3.5-11.5,ths/uL,Normal,318.7,13.2
772,39,0,3.74,25.5,36-46,%,Low,68.3,23.3,27-32,pg,Low,34.1,16.5,7.27,3.5-11.5,ths/uL,Normal,325.9,8.7
773,44,1,5.33,48.7,36-46,%,High,91.4,30.2,27-32,pg,Normal,33.1,13.2,4.05,3.5-11.5,ths/uL,Normal,229,16.1
774,56,1,3.26,28,36-46,%,Low,86,28.2,27-32,pg,Normal,32.9,15.1,2.69,3.5-11.5,ths/uL,Low,224.3,9.2
775,76,1,4.86,44.3,36-46,%,Normal,91.1,28.7,27-32,pg,Normal,31.4,12.9,7.52,3.5-11.5,ths/uL,Normal,241.8,13.9
776,12,1,4.15,27.3,36-46,%,Low,65.9,20.1,27-32,pg,Low,30.4,19.4,8.59,3.5-11.5,ths/uL,Normal,405.1,8.3
777,2,0,4.39,38,36-46,%,Normal,86.6,29.4,27-32,pg,Normal,33.9,15,5.63,3.5-11.5,ths/uL,Normal,179,12.9
778,8,1,4.3,38.1,36-46,%,Normal,88.6,29.8,27-32,pg,Normal,33.6,13.6,6.82,3.5-11.5,ths/uL,Normal,304.7,12.8
779,80,1,5.17,48.1,36-46,%,High,93.1,31.2,27-32,pg,Normal,33.5,15.2,5.05,3.5-11.5,ths/uL,Normal,213,16.1
780,11,0,4.62,38.4,36-46,%,Normal,83.2,26.3,27-32,pg,Low,31.8,15.8,2.34,3.5-11.5,ths/uL,Low,223.2,12.2
781,12,0,4.64,40.2,36-46,%,Normal,86.7,24.5,27-32,pg,Low,28.4,15.7,17,3.5-11.5,ths/uL,High,297.9,11.4
782,56,1,4.29,37.5,36-46,%,Normal,87.3,31.7,27-32,pg,Normal,36.3,15.3,3.15,3.5-11.5,ths/uL,Low,146.3,13.6
783,50,0,4.76,41.6,36-46,%,Normal,87.5,27.7,27-32,pg,Normal,31.7,14.4,7.89,3.5-11.5,ths/uL,Normal,305,13.2
784,12,1,4.36,35,36-46,%,Low,80.2,25.1,27-32,pg,Low,31.1,14.1,9.11,3.5-11.5,ths/uL,Normal,272.7,10.9
785,79,1,5.22,44.5,36-46,%,Normal,85.2,31.3,27-32,pg,Normal,36.6,14.3,7.19,3.5-11.5,ths/uL,Normal,284.6,16.3
786,81,1,5.18,44.8,36-46,%,Normal,86.4,30.7,27-32,pg,Normal,35.5,12.5,5.05,3.5-11.5,ths/uL,Normal,184.6,15.9
787,54,0,4.22,37.6,36-46,%,Normal,89,31.7,27-32,pg,Normal,35.6,14.4,6.32,3.5-11.5,ths/uL,Normal,181.3,13.4
788,48,0,4.68,41.2,36-46,%,Normal,88,31.1,27-32,pg,Normal,35.4,14.1,8.46,3.5-11.5,ths/uL,Normal,156.6,14.6
789,1,1,4.64,38.4,36-46,%,Normal,82.8,26.6,27-32,pg,Low,32,13.8,6.96,3.5-11.5,ths/uL,Normal,244.1,12.3
790,23,0,4.17,38.6,36-46,%,Normal,92.5,28.3,27-32,pg,Normal,30.6,13,8.01,3.5-11.5,ths/uL,Normal,187.7,11.8
791,89,1,4.73,42.7,36-46,%,Normal,90.2,28.1,27-32,pg,Normal,31.1,13.5,5.04,3.5-11.5,ths/uL,Normal,204.5,13.3
792,52,1,6.11,56.9,36-46,%,High,93.2,30.2,27-32,pg,Normal,32.5,14.2,9.35,3.5-11.5,ths/uL,Normal,163.8,18.5
793,19,1,4.96,45.3,36-46,%,Normal,91.4,26.5,27-32,pg,Low,28.9,14.5,16.6,3.5-11.5,ths/uL,High,186.8,13.1
794,55,0,4.86,43.2,36-46,%,Normal,88.9,29,27-32,pg,Normal,32.6,14,3.41,3.5-11.5,ths/uL,Low,187.2,14.1
795,8,1,4.11,43.8,36-46,%,Normal,106.5,35.9,27-32,pg,High,33.8,16.7,7.74,3.5-11.5,ths/uL,Normal,235.9,14.8
796,78,1,4.52,39.4,36-46,%,Normal,87.1,27.8,27-32,pg,Normal,32,15.2,17.6,3.5-11.5,ths/uL,High,361.4,12.6
797,7,0,4.98,39.6,36-46,%,Normal,79.5,25.9,27-32,pg,Low,32.6,14.2,4.39,3.5-11.5,ths/uL,Normal,103.2,12.9
798,53,1,5.13,42.5,36-46,%,Normal,82.8,29.8,27-32,pg,Normal,36,14,7.48,3.5-11.5,ths/uL,Normal,287.6,15.3
799,43,0,3.68,33.5,36-46,%,Low,91.1,28.2,27-32,pg,Normal,31,16.2,2.66,3.5-11.5,ths/uL,Low,240.7,10.4
800,41,1,4.72,41.1,36-46,%,Normal,87.1,27,27-32,pg,Normal,30.9,12.2,5.89,3.5-11.5,ths/uL,Normal,261.7,12.7
801,42,0,4.24,27.2,36-46,%,Low,64.1,22.4,27-32,pg,Low,34.9,20.9,9.13,3.5-11.5,ths/uL,Normal,242.7,9.5
802,57,1,5.37,48.9,36-46,%,High,91.1,31.7,27-32,pg,Normal,34.8,12.6,4.63,3.5-11.5,ths/uL,Normal,215.4,17
803,76,1,5.32,48.3,36-46,%,High,90.8,31.2,27-32,pg,Normal,34.4,12.7,11.4,3.5-11.5,ths/uL,Normal,251.3,16.6
804,63,0,3.8,36.1,36-46,%,Normal,94.9,28.3,27-32,pg,Normal,29.9,17,6.03,3.5-11.5,ths/uL,Normal,108,10.8
805,88,1,4.03,26.4,36-46,%,Low,65.5,20.5,27-32,pg,Low,31.4,16.6,8.61,3.5-11.5,ths/uL,Normal,310.3,8.3
806,19,1,3.92,28.1,36-46,%,Low,71.7,20.8,27-32,pg,Low,29.2,16.2,7.6,3.5-11.5,ths/uL,Normal,381.6,8.2
807,55,1,4.79,45.1,36-46,%,Normal,94.2,32.9,27-32,pg,High,35,13.7,4.82,3.5-11.5,ths/uL,Normal,193,15.8
808,13,0,4.79,43.2,36-46,%,Normal,90.1,30.4,27-32,pg,Normal,33.8,14.6,6.77,3.5-11.5,ths/uL,Normal,198.3,14.6
809,45,0,4.83,41.4,36-46,%,Normal,85.8,29,27-32,pg,Normal,33.8,14.4,5.67,3.5-11.5,ths/uL,Normal,214.2,14
810,18,1,4.23,40,36-46,%,Normal,94.6,30.7,27-32,pg,Normal,32.5,14.2,6.96,3.5-11.5,ths/uL,Normal,141.8,13
811,44,0,4.66,45.3,36-46,%,Normal,97.3,30.5,27-32,pg,Normal,31.3,15.8,13,3.5-11.5,ths/uL,High,317.1,14.2
812,51,0,4.64,40.1,36-46,%,Normal,86.5,30.9,27-32,pg,Normal,35.7,14.6,5.57,3.5-11.5,ths/uL,Normal,208.3,14.3
813,8,0,4.66,38.8,36-46,%,Normal,83.2,24.9,27-32,pg,Low,29.9,14.1,6.56,3.5-11.5,ths/uL,Normal,243.2,11.6
814,52,0,5.27,42.8,36-46,%,Normal,81.2,30.3,27-32,pg,Normal,37.4,13.4,7.99,3.5-11.5,ths/uL,Normal,165.4,16
815,86,1,3.9,36.3,36-46,%,Normal,93.1,31.1,27-32,pg,Normal,33.3,13.4,8.24,3.5-11.5,ths/uL,Normal,97,12.1
816,28,0,4.98,42.6,36-46,%,Normal,85.5,28.6,27-32,pg,Normal,33.3,12.6,8.81,3.5-11.5,ths/uL,Normal,326.7,14.2
817,6,0,4.52,35.5,36-46,%,Low,78.5,27.4,27-32,pg,Normal,34.9,13.5,6.32,3.5-11.5,ths/uL,Normal,195.2,12.4
818,54,1,4.25,38.4,36-46,%,Normal,90.4,30.4,27-32,pg,Normal,33.6,12,6.25,3.5-11.5,ths/uL,Normal,263.3,12.9
819,32,1,4.83,41.7,36-46,%,Normal,86.3,30.2,27-32,pg,Normal,35,11.9,4.32,3.5-11.5,ths/uL,Normal,243,14.6
820,76,1,5.36,44.2,36-46,%,Normal,82.4,31.8,27-32,pg,Normal,38.5,12.8,7.67,3.5-11.5,ths/uL,Normal,297.2,17
821,33,1,4.55,36.1,36-46,%,Normal,79.3,28.9,27-32,pg,Normal,36.3,13.7,7.53,3.5-11.5,ths/uL,Normal,248.8,13.1
822,77,0,4.69,40.5,36-46,%,Normal,86.4,30.8,27-32,pg,Normal,35.6,13.9,8.14,3.5-11.5,ths/uL,Normal,289.2,14.4
823,58,0,4.29,34.9,36-46,%,Low,81.3,28.7,27-32,pg,Normal,35.2,14.5,8,3.5-11.5,ths/uL,Normal,206.8,12.3
824,58,0,5.04,46.7,36-46,%,High,92.7,30.3,27-32,pg,Normal,32.8,14.2,8.5,3.5-11.5,ths/uL,Normal,388.4,15.3
825,52,0,4.73,40.7,36-46,%,Normal,86,31.1,27-32,pg,Normal,36.1,13.8,16.6,3.5-11.5,ths/uL,High,198.1,14.7
826,19,0,4.4,37.9,36-46,%,Normal,86.2,26.6,27-32,pg,Low,30.9,12.4,4.52,3.5-11.5,ths/uL,Normal,203.2,11.7
827,13,0,4.02,43.9,36-46,%,Normal,109.1,33.7,27-32,pg,High,30.8,19.1,7.1,3.5-11.5,ths/uL,Normal,266.4,13.5
828,28,1,5.47,51.1,36-46,%,High,93.5,29.4,27-32,pg,Normal,31.5,13.6,6.45,3.5-11.5,ths/uL,Normal,240.7,16.1
829,53,0,4.39,39.3,36-46,%,Normal,89.5,29.7,27-32,pg,Normal,33.1,14.6,5.84,3.5-11.5,ths/uL,Normal,323.9,13
830,43,0,4.43,40.1,36-46,%,Normal,90.6,32.4,27-32,pg,High,35.9,13.4,8.87,3.5-11.5,ths/uL,Normal,213.2,14.4
831,69,0,4.76,38.1,36-46,%,Normal,80.1,30.6,27-32,pg,Normal,38.3,14.8,6.93,3.5-11.5,ths/uL,Normal,262.7,14.6
832,9,1,4.97,44,36-46,%,Normal,88.5,30.3,27-32,pg,Normal,34.3,13.3,5.35,3.5-11.5,ths/uL,Normal,272.5,15.1
833,20,1,5.33,47.5,36-46,%,High,89.2,26,27-32,pg,Low,29.3,13.4,4.16,3.5-11.5,ths/uL,Normal,199.4,13.9
834,38,1,4.15,38.4,36-46,%,Normal,92.5,27.2,27-32,pg,Normal,29.4,13.2,9.23,3.5-11.5,ths/uL,Normal,312.6,11.3
835,5,0,4.24,34,36-46,%,Low,80.1,26.7,27-32,pg,Low,33.2,12.1,9.22,3.5-11.5,ths/uL,Normal,362.1,11.3
836,30,1,3.56,22.6,36-46,%,Low,63.4,21.7,27-32,pg,Low,34.1,19.5,7.65,3.5-11.5,ths/uL,Normal,392.3,7.7
837,24,0,4.07,30.1,36-46,%,Low,73.9,22.1,27-32,pg,Low,29.9,18.7,7.99,3.5-11.5,ths/uL,Normal,334.4,9
838,29,0,4.53,37.9,36-46,%,Normal,83.6,28.1,27-32,pg,Normal,33.5,14.3,8.3,3.5-11.5,ths/uL,Normal,178,12.7
839,54,1,4.17,45.2,36-46,%,Normal,108.4,34.1,27-32,pg,High,31.4,16.7,7.51,3.5-11.5,ths/uL,Normal,238.7,14.2
840,82,0,3.56,37.6,36-46,%,Normal,105.7,30.3,27-32,pg,Normal,28.7,18.8,5.41,3.5-11.5,ths/uL,Normal,242.5,10.8
841,41,0,4.54,38.1,36-46,%,Normal,84,31.2,27-32,pg,Normal,37.3,13.2,6.69,3.5-11.5,ths/uL,Normal,243.6,14.2
842,1,0,5.2,46.4,36-46,%,High,89.3,29.8,27-32,pg,Normal,33.4,14.5,8.81,3.5-11.5,ths/uL,Normal,253.3,15.5
843,23,1,4.71,40.6,36-46,%,Normal,86.3,29.3,27-32,pg,Normal,34,14.8,6.99,3.5-11.5,ths/uL,Normal,328.8,13.8
844,85,0,5.06,43.8,36-46,%,Normal,86.6,26.1,27-32,pg,Low,30.1,13.5,8.58,3.5-11.5,ths/uL,Normal,286.4,13.2
845,42,0,4.83,40.3,36-46,%,Normal,83.4,30.3,27-32,pg,Normal,36.2,13.4,8.86,3.5-11.5,ths/uL,Normal,313.9,14.6
846,48,1,5.4,46.2,36-46,%,High,85.6,29.7,27-32,pg,Normal,34.6,13.6,7.14,3.5-11.5,ths/uL,Normal,325.7,16
847,9,1,5.57,49.8,36-46,%,High,89.4,30,27-32,pg,Normal,33.5,15.2,9.22,3.5-11.5,ths/uL,Normal,234,16.7
848,29,0,4.67,40.2,36-46,%,Normal,86,28,27-32,pg,Normal,32.6,12.1,8.55,3.5-11.5,ths/uL,Normal,192.7,13.1
849,51,0,3.6,27.7,36-46,%,Low,76.9,22.5,27-32,pg,Low,29.2,17.8,9.29,3.5-11.5,ths/uL,Normal,347.1,8.1
850,85,0,3.25,23.6,36-46,%,Low,72.7,22,27-32,pg,Low,30.5,16,6.59,3.5-11.5,ths/uL,Normal,366.3,7.2
851,73,0,4.96,40.9,36-46,%,Normal,82.4,27,27-32,pg,Normal,32.8,13.5,4.49,3.5-11.5,ths/uL,Normal,244.5,13.4
852,37,0,4.51,39.4,36-46,%,Normal,87.4,28.6,27-32,pg,Normal,32.7,13.5,5.99,3.5-11.5,ths/uL,Normal,167.3,12.9
853,49,1,4.98,40.8,36-46,%,Normal,82,29.7,27-32,pg,Normal,36.3,14.5,4.03,3.5-11.5,ths/uL,Normal,177.5,14.8
854,51,1,5.3,47.2,36-46,%,High,89.1,31.3,27-32,pg,Normal,35.2,12.7,6.61,3.5-11.5,ths/uL,Normal,201.5,16.6
855,44,0,5.05,43.4,36-46,%,Normal,86,29.8,27-32,pg,Normal,34.6,15.2,12,3.5-11.5,ths/uL,High,254,15
856,45,1,5.32,47.2,36-46,%,High,88.7,30.1,27-32,pg,Normal,33.9,13.8,8.3,3.5-11.5,ths/uL,Normal,267.6,16
857,18,1,5.36,47.6,36-46,%,High,88.8,30.2,27-32,pg,Normal,34,13.3,9.79,3.5-11.5,ths/uL,Normal,262,16.2
858,36,0,4.34,50.3,36-46,%,High,115.9,38.1,27-32,pg,High,32.8,15.7,5.25,3.5-11.5,ths/uL,Normal,262.6,16.5
859,29,0,4.59,40.4,36-46,%,Normal,88,31.6,27-32,pg,Normal,35.9,15.5,14.4,3.5-11.5,ths/uL,High,300.1,14.5
860,84,0,4.64,40.7,36-46,%,Normal,87.7,28.7,27-32,pg,Normal,32.7,13.9,6.96,3.5-11.5,ths/uL,Normal,251.7,13.3
861,25,1,4.11,27.2,36-46,%,Low,66.2,25.7,27-32,pg,Low,39,19,8.21,3.5-11.5,ths/uL,Normal,442.7,10.6
862,9,0,4.43,36.9,36-46,%,Normal,83.3,25.8,27-32,pg,Low,30.9,13.5,8.02,3.5-11.5,ths/uL,Normal,290.7,11.4
863,18,0,3.36,23.1,36-46,%,Low,68.7,20.8,27-32,pg,Low,30.3,16.5,9.41,3.5-11.5,ths/uL,Normal,367.5,7
864,43,1,5.39,44,36-46,%,Normal,81.7,28.8,27-32,pg,Normal,35.2,14.3,5.01,3.5-11.5,ths/uL,Normal,200.9,15.5
865,51,0,4.16,35.1,36-46,%,Low,84.3,29,27-32,pg,Normal,34.5,13.7,6.66,3.5-11.5,ths/uL,Normal,301.8,12.1
866,18,1,4.51,39.4,36-46,%,Normal,87.3,29.9,27-32,pg,Normal,34.3,13.7,7.67,3.5-11.5,ths/uL,Normal,288.8,13.5
867,83,1,3.77,25.5,36-46,%,Low,67.7,22.8,27-32,pg,Low,33.7,15.8,7.5,3.5-11.5,ths/uL,Normal,433.9,8.6
868,56,0,4.17,37.6,36-46,%,Normal,90.2,30.5,27-32,pg,Normal,33.8,16.7,19,3.5-11.5,ths/uL,High,288.3,12.7
869,58,1,4.6,42.5,36-46,%,Normal,92.4,30,27-32,pg,Normal,32.5,12.3,9.91,3.5-11.5,ths/uL,Normal,92.5,13.8
870,71,0,4.61,40,36-46,%,Normal,86.7,28.4,27-32,pg,Normal,32.8,14.3,4.08,3.5-11.5,ths/uL,Normal,174.5,13.1
871,54,1,5.07,44,36-46,%,Normal,86.7,30.6,27-32,pg,Normal,35.2,13.3,4.55,3.5-11.5,ths/uL,Normal,362.3,15.5
872,16,1,4.03,42.7,36-46,%,Normal,106,34.9,27-32,pg,High,33,17.1,7.68,3.5-11.5,ths/uL,Normal,205.6,14.1
873,79,1,5.17,46.2,36-46,%,High,89.4,29.3,27-32,pg,Normal,32.7,12.9,8.43,3.5-11.5,ths/uL,Normal,274.4,15.1
874,23,0,4.12,34.7,36-46,%,Low,84.3,30.5,27-32,pg,Normal,36.3,13.7,7.11,3.5-11.5,ths/uL,Normal,306.1,12.6
875,69,0,3.78,27.9,36-46,%,Low,73.8,20.1,27-32,pg,Low,27.2,17.2,7.56,3.5-11.5,ths/uL,Normal,348.9,7.6
876,26,1,4.75,41.6,36-46,%,Normal,87.5,29.8,27-32,pg,Normal,34.1,14.9,18.4,3.5-11.5,ths/uL,High,340.8,14.2
877,34,0,4.09,27.9,36-46,%,Low,68.1,22.9,27-32,pg,Low,33.7,17.1,11.3,3.5-11.5,ths/uL,Normal,237.2,9.4
878,6,0,3.65,31.3,36-46,%,Low,85.8,30.1,27-32,pg,Normal,35.1,15.3,5.34,3.5-11.5,ths/uL,Normal,60.3,11
879,13,0,4.08,33.9,36-46,%,Low,83.2,29.8,27-32,pg,Normal,36,14.5,8.12,3.5-11.5,ths/uL,Normal,231.8,12.2
880,85,1,4.46,38.9,36-46,%,Normal,87.3,30.2,27-32,pg,Normal,34.7,16.4,8.01,3.5-11.5,ths/uL,Normal,39,13.5
881,55,1,4.6,29.1,36-46,%,Low,63.3,21.5,27-32,pg,Low,34,15.6,8.28,3.5-11.5,ths/uL,Normal,443.7,9.9
882,22,1,3.81,27.8,36-46,%,Low,73,16.5,27-32,pg,Low,22.7,16.2,9.7,3.5-11.5,ths/uL,Normal,357.5,6.3
883,65,1,5.1,43.1,36-46,%,Normal,84.5,30.3,27-32,pg,Normal,36,11.8,5.35,3.5-11.5,ths/uL,Normal,180.6,15.5
884,28,1,4.67,34.8,36-46,%,Low,74.6,24.9,27-32,pg,Low,33.3,16.3,9.12,3.5-11.5,ths/uL,Normal,311,11.6
885,69,0,3.83,28,36-46,%,Low,73,22.7,27-32,pg,Low,31.1,15.3,8.43,3.5-11.5,ths/uL,Normal,330.9,8.7
886,41,0,3.46,38.5,36-46,%,Normal,111.2,35.5,27-32,pg,High,31.9,19.7,6.46,3.5-11.5,ths/uL,Normal,187.5,12.3
887,40,1,5.73,50.3,36-46,%,High,87.8,27.6,27-32,pg,Normal,31.4,14.3,6.68,3.5-11.5,ths/uL,Normal,215.3,15.8
888,58,1,5.49,50.3,36-46,%,High,91.7,28.7,27-32,pg,Normal,31.4,14.5,4.38,3.5-11.5,ths/uL,Normal,155.1,15.8
889,37,1,5.28,50.3,36-46,%,High,95.3,30.3,27-32,pg,Normal,31.8,12.9,5.91,3.5-11.5,ths/uL,Normal,211.3,16
890,63,1,3.89,27.9,36-46,%,Low,71.6,18.9,27-32,pg,Low,26.5,16.2,8.26,3.5-11.5,ths/uL,Normal,476.9,7.4
891,46,0,4.16,36.8,36-46,%,Normal,88.4,30.1,27-32,pg,Normal,34,12.7,7.67,3.5-11.5,ths/uL,Normal,256.4,12.5
892,50,0,4.74,41,36-46,%,Normal,86.6,29,27-32,pg,Normal,33.4,15.6,5.92,3.5-11.5,ths/uL,Normal,452.1,13.7
893,32,0,4.08,32,36-46,%,Low,78.5,30.6,27-32,pg,Normal,39.1,13.9,8.59,3.5-11.5,ths/uL,Normal,310.1,12.5
894,23,1,3.59,31,36-46,%,Low,86.4,32.7,27-32,pg,High,37.7,14.5,6.76,3.5-11.5,ths/uL,Normal,104.9,11.7
895,63,0,4.25,28.5,36-46,%,Low,67.1,21.9,27-32,pg,Low,32.6,15.1,8.31,3.5-11.5,ths/uL,Normal,385.9,9.3
896,48,1,4.74,41.7,36-46,%,Normal,87.9,29.8,27-32,pg,Normal,33.8,15.2,5.17,3.5-11.5,ths/uL,Normal,178.2,14.1
897,74,1,4.7,42.6,36-46,%,Normal,90.6,30.6,27-32,pg,Normal,33.8,12,6.3,3.5-11.5,ths/uL,Normal,322.8,14.4
898,13,0,3.85,39.9,36-46,%,Normal,103.6,37.2,27-32,pg,High,35.8,16.7,5.71,3.5-11.5,ths/uL,Normal,303.8,14.3
899,65,1,3.74,33.8,36-46,%,Low,90.3,28.7,27-32,pg,Normal,31.7,15.8,2.39,3.5-11.5,ths/uL,Low,168.6,10.7
900,11,0,4.84,39.8,36-46,%,Normal,82.3,27.2,27-32,pg,Normal,33.2,13.7,5.28,3.5-11.5,ths/uL,Normal,217.5,13.2
901,53,1,5.87,53.6,36-46,%,High,91.3,30.4,27-32,pg,Normal,33.2,13.4,6,3.5-11.5,ths/uL,Normal,185.6,17.8
902,29,1,5.13,44,36-46,%,Normal,85.8,32.3,27-32,pg,High,37.7,12.9,9.46,3.5-11.5,ths/uL,Normal,220.6,16.6
903,53,0,4.91,43.6,36-46,%,Normal,88.8,26.8,27-32,pg,Low,30.3,14,12.6,3.5-11.5,ths/uL,High,380,13.2
904,44,1,4.28,45.1,36-46,%,Normal,105.3,31.7,27-32,pg,Normal,30.2,16.5,7.43,3.5-11.5,ths/uL,Normal,183,13.6
905,45,1,5.41,47.8,36-46,%,High,88.4,29.8,27-32,pg,Normal,33.7,12.8,8.46,3.5-11.5,ths/uL,Normal,249.3,16.1
906,25,1,4.67,40.5,36-46,%,Normal,86.7,31.1,27-32,pg,Normal,35.8,15,6.24,3.5-11.5,ths/uL,Normal,606.5,14.5
907,16,0,4.01,33.9,36-46,%,Low,84.6,26.5,27-32,pg,Low,31.3,13.5,6.55,3.5-11.5,ths/uL,Normal,224,10.6
908,50,1,3.59,34.2,36-46,%,Low,95.3,30.3,27-32,pg,Normal,31.9,16.5,10.6,3.5-11.5,ths/uL,Normal,96.6,10.9
909,49,1,6.36,57.8,36-46,%,High,90.9,30.3,27-32,pg,Normal,33.4,14.9,7.57,3.5-11.5,ths/uL,Normal,282.7,19.3
910,50,1,5.45,49.3,36-46,%,High,90.5,30.8,27-32,pg,Normal,34.1,14.3,6.03,3.5-11.5,ths/uL,Normal,280.1,16.8
911,38,0,4.17,29,36-46,%,Low,69.6,20.9,27-32,pg,Low,30,17.6,8.41,3.5-11.5,ths/uL,Normal,432,8.7
912,24,1,4.36,46.1,36-46,%,High,105.8,34.2,27-32,pg,High,32.3,17.1,6.15,3.5-11.5,ths/uL,Normal,340.2,14.9
913,18,0,4.94,44.1,36-46,%,Normal,89.3,31.4,27-32,pg,Normal,35.1,15.1,15.1,3.5-11.5,ths/uL,High,240.7,15.5
914,12,0,5.43,46.4,36-46,%,High,85.4,28.5,27-32,pg,Normal,33.4,15.6,9.5,3.5-11.5,ths/uL,Normal,219.8,15.5
915,47,1,5.07,44.1,36-46,%,Normal,86.9,30.6,27-32,pg,Normal,35.1,13.1,7.97,3.5-11.5,ths/uL,Normal,264.2,15.5
916,43,1,4.37,49.8,36-46,%,High,113.9,33.3,27-32,pg,High,29.3,16.7,6.92,3.5-11.5,ths/uL,Normal,169.2,14.6
917,1,1,4.74,38.5,36-46,%,Normal,81.3,29.7,27-32,pg,Normal,36.6,13.6,6.81,3.5-11.5,ths/uL,Normal,253.7,14.1
918,65,1,3.69,40.9,36-46,%,Normal,110.8,35.8,27-32,pg,High,32.3,16,8.59,3.5-11.5,ths/uL,Normal,169.9,13.2
919,57,0,3.83,32.6,36-46,%,Low,85.2,27.7,27-32,pg,Normal,32.5,15.1,4.89,3.5-11.5,ths/uL,Normal,249.3,10.6
920,47,0,3.46,36.9,36-46,%,Normal,106.7,36.4,27-32,pg,High,34.1,19.2,5.6,3.5-11.5,ths/uL,Normal,231.6,12.6
921,22,1,5.32,50.4,36-46,%,High,94.8,32,27-32,pg,Normal,33.7,14.5,5.33,3.5-11.5,ths/uL,Normal,253.1,17
922,43,1,5.4,45.8,36-46,%,Normal,84.8,30.7,27-32,pg,Normal,36.2,14.9,18.6,3.5-11.5,ths/uL,High,334.8,16.6
923,10,1,4.61,37.4,36-46,%,Normal,81.1,25.4,27-32,pg,Low,31.3,13.8,5.29,3.5-11.5,ths/uL,Normal,239,11.7
924,77,0,3.83,28.2,36-46,%,Low,73.6,18.3,27-32,pg,Low,24.8,21,6.21,3.5-11.5,ths/uL,Normal,426.5,7
925,72,1,5.18,45.5,36-46,%,Normal,87.9,30.6,27-32,pg,Normal,34.9,14.7,7.25,3.5-11.5,ths/uL,Normal,260.5,15.9
926,52,1,4.42,41.8,36-46,%,Normal,94.5,32.2,27-32,pg,High,34,13.6,7.28,3.5-11.5,ths/uL,Normal,82.2,14.2
927,52,1,3.46,37.5,36-46,%,Normal,108.4,30.9,27-32,pg,Normal,28.5,16.7,7.26,3.5-11.5,ths/uL,Normal,303.2,10.7
928,43,0,3.98,42.6,36-46,%,Normal,107.1,34.4,27-32,pg,High,32.2,17.8,5.21,3.5-11.5,ths/uL,Normal,146.7,13.7
929,47,0,4.24,34.9,36-46,%,Low,82.4,29.9,27-32,pg,Normal,36.4,13.2,7.88,3.5-11.5,ths/uL,Normal,211.3,12.7
930,66,1,6.2,55.7,36-46,%,High,89.8,26.8,27-32,pg,Low,29.8,13.3,8.14,3.5-11.5,ths/uL,Normal,238.8,16.6
931,39,1,5.16,48,36-46,%,High,93,28.3,27-32,pg,Normal,30.4,13.3,7.16,3.5-11.5,ths/uL,Normal,282.7,14.6
932,54,0,4.64,38.4,36-46,%,Normal,82.8,29.8,27-32,pg,Normal,35.9,14.8,8.78,3.5-11.5,ths/uL,Normal,218.8,13.8
933,29,0,4.79,41.1,36-46,%,Normal,85.9,29.3,27-32,pg,Normal,34.1,14.2,7.73,3.5-11.5,ths/uL,Normal,326.6,14
934,60,1,3.47,21.7,36-46,%,Low,62.4,21.8,27-32,pg,Low,35,15.7,8.23,3.5-11.5,ths/uL,Normal,388.5,7.6
935,54,1,4.75,40.5,36-46,%,Normal,85.3,30.6,27-32,pg,Normal,35.8,13.8,8.36,3.5-11.5,ths/uL,Normal,248.7,14.5
936,38,0,3.58,24.8,36-46,%,Low,69.3,21,27-32,pg,Low,30.2,16.3,8.29,3.5-11.5,ths/uL,Normal,300.8,7.5
937,34,1,3.58,34.5,36-46,%,Low,96.5,29.2,27-32,pg,Normal,30.4,15.7,2.66,3.5-11.5,ths/uL,Low,240.3,10.5
938,60,1,4.77,41.5,36-46,%,Normal,86.9,30.6,27-32,pg,Normal,35.2,14,5.95,3.5-11.5,ths/uL,Normal,222.1,14.6
939,52,1,5.01,44,36-46,%,Normal,87.8,27.6,27-32,pg,Normal,31.4,14.7,16.5,3.5-11.5,ths/uL,High,281.8,13.8
940,84,0,4.44,38.2,36-46,%,Normal,86,29.5,27-32,pg,Normal,34.3,12.3,6.13,3.5-11.5,ths/uL,Normal,258.6,13.1
941,50,1,5.11,49.6,36-46,%,High,97.1,29.7,27-32,pg,Normal,30.6,13.2,8.68,3.5-11.5,ths/uL,Normal,188.6,15.2
942,83,0,4.3,37.4,36-46,%,Normal,86.9,30.8,27-32,pg,Normal,35.3,13.3,13.6,3.5-11.5,ths/uL,High,427.4,13.2
943,30,0,4.56,36.8,36-46,%,Normal,80.8,28.1,27-32,pg,Normal,34.8,14.7,3.29,3.5-11.5,ths/uL,Low,194.6,12.8
944,30,1,4.94,45,36-46,%,Normal,91.1,30.1,27-32,pg,Normal,33.1,14.1,8.66,3.5-11.5,ths/uL,Normal,180.9,14.9
945,9,1,4.91,40.9,36-46,%,Normal,83.2,26.8,27-32,pg,Low,32.3,14.7,3.96,3.5-11.5,ths/uL,Normal,339.7,13.2
946,9,1,4.3,33.9,36-46,%,Low,78.9,19.7,27-32,pg,Low,25.1,19.7,10.6,3.5-11.5,ths/uL,Normal,287,8.5
947,80,0,3,26.9,36-46,%,Low,89.5,27.7,27-32,pg,Normal,30.9,12.5,2.73,3.5-11.5,ths/uL,Low,149.8,8.3
948,4,0,4.48,37.9,36-46,%,Normal,84.5,28.1,27-32,pg,Normal,33.2,14.3,6.11,3.5-11.5,ths/uL,Normal,121.1,12.6
949,38,1,4.21,48.4,36-46,%,High,115,37.5,27-32,pg,High,32.6,14.8,6.76,3.5-11.5,ths/uL,Normal,188.3,15.8
950,28,0,4.29,38.2,36-46,%,Normal,89.1,27.6,27-32,pg,Normal,30.9,14.6,6.8,3.5-11.5,ths/uL,Normal,359.2,11.8
951,27,1,3.72,28.2,36-46,%,Low,75.8,22.4,27-32,pg,Low,29.4,17.6,7.15,3.5-11.5,ths/uL,Normal,380.1,8.3
952,26,1,5.07,48.5,36-46,%,High,95.7,29.8,27-32,pg,Normal,31.1,13.5,4.75,3.5-11.5,ths/uL,Normal,228.1,15.1
953,42,1,5.29,46.8,36-46,%,High,88.4,32.1,27-32,pg,High,36.3,13.9,7.82,3.5-11.5,ths/uL,Normal,229.3,17
954,69,0,4.31,34.5,36-46,%,Low,80.1,27.8,27-32,pg,Normal,34.8,15.1,9.7,3.5-11.5,ths/uL,Normal,304,12
955,46,1,3.89,27,36-46,%,Low,69.4,23.2,27-32,pg,Low,33.3,18,7.88,3.5-11.5,ths/uL,Normal,401.7,9
956,22,0,4.32,38,36-46,%,Normal,88,29.9,27-32,pg,Normal,33.9,13.5,8.51,3.5-11.5,ths/uL,Normal,244.5,12.9
957,63,1,5.4,50.2,36-46,%,High,93,29.6,27-32,pg,Normal,31.9,12.4,5.99,3.5-11.5,ths/uL,Normal,231.5,16
958,49,0,3.95,31.3,36-46,%,Low,79.2,26.6,27-32,pg,Low,33.5,11.7,7.54,3.5-11.5,ths/uL,Normal,180.9,10.5
959,74,0,4.35,38.3,36-46,%,Normal,88.1,30.9,27-32,pg,Normal,35,14.1,8.81,3.5-11.5,ths/uL,Normal,219.7,13.4
960,41,0,4.65,40.1,36-46,%,Normal,86.3,27.5,27-32,pg,Normal,31.9,12.8,7.66,3.5-11.5,ths/uL,Normal,313.3,12.8
961,59,0,3.24,24.1,36-46,%,Low,74.5,20.4,27-32,pg,Low,27.4,14.8,10.2,3.5-11.5,ths/uL,Normal,292.8,6.6
962,61,0,3.57,25.1,36-46,%,Low,70.3,18.9,27-32,pg,Low,26.7,15.8,9.27,3.5-11.5,ths/uL,Normal,238.8,6.7
963,40,0,4.84,43,36-46,%,Normal,88.9,29.9,27-32,pg,Normal,33.7,12,23.2,3.5-11.5,ths/uL,High,254.5,14.5
964,56,0,3.77,25.4,36-46,%,Low,67.4,19.8,27-32,pg,Low,29.5,15.2,9.89,3.5-11.5,ths/uL,Normal,275.3,7.5
965,31,1,4.63,40.3,36-46,%,Normal,87,31.2,27-32,pg,Normal,35.7,13.5,4.39,3.5-11.5,ths/uL,Normal,228.2,14.4
966,36,0,4.29,41.1,36-46,%,Normal,95.8,28.4,27-32,pg,Normal,29.7,13.4,5.62,3.5-11.5,ths/uL,Normal,216.1,12.2
967,64,1,4.91,43.8,36-46,%,Normal,89.2,27.6,27-32,pg,Normal,31.1,13.2,7.43,3.5-11.5,ths/uL,Normal,247.9,13.6
968,58,0,3.96,33.4,36-46,%,Low,84.3,26.5,27-32,pg,Low,31.4,13.4,10.2,3.5-11.5,ths/uL,Normal,186.5,10.5
969,43,1,5.81,48.1,36-46,%,High,82.8,28.6,27-32,pg,Normal,34.5,12.1,8.61,3.5-11.5,ths/uL,Normal,253.8,16.6
970,14,0,4.92,45.3,36-46,%,Normal,92,29.6,27-32,pg,Normal,32.2,13,5.97,3.5-11.5,ths/uL,Normal,260.4,14.6
971,25,1,4.58,41.8,36-46,%,Normal,91.3,30.1,27-32,pg,Normal,33,13.9,6.34,3.5-11.5,ths/uL,Normal,195.9,13.8
972,25,0,4.31,40.4,36-46,%,Normal,93.8,28.8,27-32,pg,Normal,30.7,13.5,8.32,3.5-11.5,ths/uL,Normal,224.3,12.4
973,10,0,4.01,28.6,36-46,%,Low,71.4,19.4,27-32,pg,Low,27.3,19.1,5.83,3.5-11.5,ths/uL,Normal,396.2,7.8
974,63,0,4.44,39.6,36-46,%,Normal,89.1,29.6,27-32,pg,Normal,33.1,13.7,7.45,3.5-11.5,ths/uL,Normal,204,13.1
975,13,0,4.33,41.1,36-46,%,Normal,95,29,27-32,pg,Normal,30.7,13,5.72,3.5-11.5,ths/uL,Normal,272.6,12.6
976,38,1,4.86,40,36-46,%,Normal,82.4,29.8,27-32,pg,Normal,36.2,14.9,7.38,3.5-11.5,ths/uL,Normal,271.4,14.5
977,62,0,4.41,38.5,36-46,%,Normal,87.2,30.7,27-32,pg,Normal,35.1,16.1,4.75,3.5-11.5,ths/uL,Normal,212.6,13.5
978,55,0,3.99,32.4,36-46,%,Low,81.1,28.8,27-32,pg,Normal,35.5,13.9,7.95,3.5-11.5,ths/uL,Normal,347.3,11.5
979,42,1,4.48,38.7,36-46,%,Normal,86.4,30.1,27-32,pg,Normal,34.9,14.3,5.2,3.5-11.5,ths/uL,Normal,288.6,13.5
980,49,1,4.8,41.4,36-46,%,Normal,86.3,29.6,27-32,pg,Normal,34.3,13,7.46,3.5-11.5,ths/uL,Normal,280.2,14.2
981,50,1,5.58,51.3,36-46,%,High,91.9,29.9,27-32,pg,Normal,32.6,14.9,5.38,3.5-11.5,ths/uL,Normal,244.1,16.7
982,4,0,3.6,39.8,36-46,%,Normal,110.6,34.9,27-32,pg,High,31.7,15.1,6.91,3.5-11.5,ths/uL,Normal,219.6,12.6
983,54,1,5.14,44.9,36-46,%,Normal,87.3,29,27-32,pg,Normal,33.2,13.3,5.76,3.5-11.5,ths/uL,Normal,281.6,14.9
984,30,1,3.9,26.4,36-46,%,Low,67.7,22.9,27-32,pg,Low,33.7,17.4,8.42,3.5-11.5,ths/uL,Normal,412.1,8.9
985,51,1,4.56,39.4,36-46,%,Normal,86.5,29.9,27-32,pg,Normal,34.5,14.3,4.05,3.5-11.5,ths/uL,Normal,279,13.6
986,50,1,4.6,43.6,36-46,%,Normal,94.7,28.6,27-32,pg,Normal,30.3,13.9,6.72,3.5-11.5,ths/uL,Normal,227.9,13.2
987,27,0,4.67,39.5,36-46,%,Normal,84.5,27.6,27-32,pg,Normal,32.7,13.5,5.59,3.5-11.5,ths/uL,Normal,222.2,12.9
988,59,1,4.67,41.9,36-46,%,Normal,89.8,31,27-32,pg,Normal,34.6,13,6.6,3.5-11.5,ths/uL,Normal,208.9,14.5
989,37,1,5.17,47.8,36-46,%,High,92.4,30.2,27-32,pg,Normal,32.6,13.9,7.46,3.5-11.5,ths/uL,Normal,204.7,15.6
990,45,0,4.75,39,36-46,%,Normal,82,28.2,27-32,pg,Normal,34.4,13.1,7.15,3.5-11.5,ths/uL,Normal,172.9,13.4
991,52,0,4.39,36.6,36-46,%,Normal,83.3,32.1,27-32,pg,High,38.5,14.1,13.2,3.5-11.5,ths/uL,High,234.2,14.1
992,22,1,5.23,44.1,36-46,%,Normal,84.3,27.4,27-32,pg,Normal,32.4,15.3,5.2,3.5-11.5,ths/uL,Normal,186.7,14.3
993,58,1,4.84,41.3,36-46,%,Normal,85.4,30.8,27-32,pg,Normal,36.1,13.6,5.39,3.5-11.5,ths/uL,Normal,261.2,14.9
994,38,0,3.72,30.7,36-46,%,Low,82.5,29.1,27-32,pg,Normal,35.2,13.4,2.75,3.5-11.5,ths/uL,Low,160,10.8
995,39,0,4.74,42.1,36-46,%,Normal,88.9,30,27-32,pg,Normal,33.7,15.4,7.7,3.5-11.5,ths/uL,Normal,536.9,14.2
996,69,1,5.02,44.2,36-46,%,Normal,88.1,27.5,27-32,pg,Normal,31.2,13.6,12.1,3.5-11.5,ths/uL,High,229.6,13.8
997,25,0,4.1,35.7,36-46,%,Low,87.1,29.9,27-32,pg,Normal,34.5,14.7,8.1,3.5-11.5,ths/uL,Normal,170.9,12.3
998,7,1,5.08,44.1,36-46,%,Normal,86.9,26.1,27-32,pg,Low,30.2,13.4,14.3,3.5-11.5,ths/uL,High,311.3,13.3
999,30,0,4.47,38,36-46,%,Normal,85.1,31.5,27-32,pg,Normal,37.1,13.4,7.67,3.5-11.5,ths/uL,Normal,214.8,14.1
1000,44,0,3.69,38,36-46,%,Normal,103.1,36,27-32,pg,High,35,16.3,4.47,3.5-11.5,ths/uL,Normal,238,13.3
