Patient_ID,Age,Gender,Test_Name,ESR_mm_hr,Unit,Reference_Range,CRP_mg_L,WBC_k_uL,Method,Sample_Type,Clinical_Category,Interpretation
PAT-10000,69,Male,Erythrocyte Sedimentation Rate (ESR),68.4,mm/hr,0-20 mm/hr,38.5,5.3,Westergren,Whole Blood (EDTA),High (Significant Inflammation),High (Significant Inflammation)
PAT-10001,32,Female,Erythrocyte Sedimentation Rate (ESR),45.8,mm/hr,0-20 mm/hr,41.6,10.1,Westergren,Whole Blood (EDTA),Moderately Elevated,Moderately Elevated
PAT-10002,78,Male,Erythrocyte Sedimentation Rate (ESR),16.2,mm/hr,0-20 mm/hr,2.0,5.5,Westergren,Whole Blood (EDTA),Normal,Normal
PAT-10003,38,Female,Erythrocyte Sedimentation Rate (ESR),12.8,mm/hr,0-20 mm/hr,1.1,10.9,Westergren,Whole Blood (EDTA),Normal,Normal
PAT-10004,41,Male,Erythrocyte Sedimentation Rate (ESR),4.4,mm/hr,0-15 mm/hr,4.1,6.9,Westergren,Whole Blood (EDTA),Normal,Normal
PAT-10005,20,Female,Erythrocyte Sedimentation Rate (ESR),11.2,mm/hr,0-20 mm/hr,0.6,10.8,Westergren,Whole Blood (EDTA),Normal,Normal
PAT-10006,39,Female,Erythrocyte Sedimentation Rate (ESR),62.1,mm/hr,0-20 mm/hr,25.5,8.9,Westergren,Whole Blood (EDTA),High (Significant Inflammation),High (Significant Inflammation)
PAT-10007,70,Female,Erythrocyte Sedimentation Rate (ESR),32.0,mm/hr,0-30 mm/hr,19.1,7.2,Westergren,Whole Blood (EDTA),Moderately Elevated,Moderately Elevated
PAT-10008,19,Male,Erythrocyte Sedimentation Rate (ESR),12.3,mm/hr,0-15 mm/hr,6.3,6.4,Westergren,Whole Blood (EDTA),Normal,Normal
PAT-10009,47,Male,Erythrocyte Sedimentation Rate (ESR),12.2,mm/hr,0-15 mm/hr,7.4,6.8,Westergren,Whole Blood (EDTA),Normal,Normal
PAT-10010,55,Male,Erythrocyte Sedimentation Rate (ESR),4.4,mm/hr,0-20 mm/hr,6.9,8.4,Westergren,Whole Blood (EDTA),Normal,Normal
PAT-10011,19,Female,Erythrocyte Sedimentation Rate (ESR),19.0,mm/hr,0-20 mm/hr,5.6,7.7,Westergren,Whole Blood (EDTA),Normal,Normal
PAT-10012,81,Female,Erythrocyte Sedimentation Rate (ESR),19.6,mm/hr,0-30 mm/hr,0.9,6.3,Westergren,Whole Blood (EDTA),Normal,Normal
PAT-10013,77,Female,Erythrocyte Sedimentation Rate (ESR),8.3,mm/hr,0-30 mm/hr,6.4,7.2,Westergren,Whole Blood (EDTA),Normal,Normal
PAT-10014,38,Female,Erythrocyte Sedimentation Rate (ESR),9.4,mm/hr,0-20 mm/hr,6.8,7.7,Westergren,Whole Blood (EDTA),Normal,Normal
PAT-10015,50,Female,Erythrocyte Sedimentation Rate (ESR),70.3,mm/hr,0-30 mm/hr,45.4,3.0,Westergren,Whole Blood (EDTA),High (Significant Inflammation),High (Significant Inflammation)
PAT-10016,75,Male,Erythrocyte Sedimentation Rate (ESR),52.3,mm/hr,0-20 mm/hr,15.3,8.5,Westergren,Whole Blood (EDTA),High (Significant Inflammation),High (Significant Inflammation)
PAT-10017,39,Female,Erythrocyte Sedimentation Rate (ESR),7.9,mm/hr,0-20 mm/hr,2.2,5.4,Westergren,Whole Blood (EDTA),Normal,Normal
PAT-10018,66,Male,Erythrocyte Sedimentation Rate (ESR),19.5,mm/hr,0-20 mm/hr,6.8,5.1,Westergren,Whole Blood (EDTA),Normal,Normal
PAT-10019,76,Male,Erythrocyte Sedimentation Rate (ESR),5.7,mm/hr,0-20 mm/hr,6.0,4.0,Westergren,Whole Blood (EDTA),Normal,Normal
PAT-10020,59,Female,Erythrocyte Sedimentation Rate (ESR),16.3,mm/hr,0-30 mm/hr,7.9,3.7,Westergren,Whole Blood (EDTA),Normal,Normal
PAT-10021,77,Male,Erythrocyte Sedimentation Rate (ESR),4.7,mm/hr,0-20 mm/hr,1.7,4.7,Westergren,Whole Blood (EDTA),Normal,Normal
PAT-10022,32,Male,Erythrocyte Sedimentation Rate (ESR),63.5,mm/hr,0-15 mm/hr,51.7,6.0,Westergren,Whole Blood (EDTA),High (Significant Inflammation),High (Significant Inflammation)
PAT-10023,79,Female,Erythrocyte Sedimentation Rate (ESR),24.2,mm/hr,0-30 mm/hr,2.1,11.6,Westergren,Whole Blood (EDTA),Normal,Normal
PAT-10024,79,Male,Erythrocyte Sedimentation Rate (ESR),5.2,mm/hr,0-20 mm/hr,6.4,6.4,Westergren,Whole Blood (EDTA),Normal,Normal
PAT-10025,64,Female,Erythrocyte Sedimentation Rate (ESR),6.9,mm/hr,0-30 mm/hr,1.9,7.9,Westergren,Whole Blood (EDTA),Normal,Normal
PAT-10026,79,Male,Erythrocyte Sedimentation Rate (ESR),15.1,mm/hr,0-20 mm/hr,1.0,8.3,Westergren,Whole Blood (EDTA),Normal,Normal
PAT-10027,68,Male,Erythrocyte Sedimentation Rate (ESR),3.4,mm/hr,0-20 mm/hr,8.0,7.8,Westergren,Whole Blood (EDTA),Normal,Normal
PAT-10028,72,Male,Erythrocyte Sedimentation Rate (ESR),45.7,mm/hr,0-20 mm/hr,41.9,7.3,Westergren,Whole Blood (EDTA),Moderately Elevated,Moderately Elevated
PAT-10029,81,Male,Erythrocyte Sedimentation Rate (ESR),57.6,mm/hr,0-20 mm/hr,14.1,5.0,Westergren,Whole Blood (EDTA),High (Significant Inflammation),High (Significant Inflammation)
PAT-10030,20,Female,Erythrocyte Sedimentation Rate (ESR),64.9,mm/hr,0-20 mm/hr,31.8,10.5,Westergren,Whole Blood (EDTA),High (Significant Inflammation),High (Significant Inflammation)
PAT-10031,68,Male,Erythrocyte Sedimentation Rate (ESR),3.3,mm/hr,0-20 mm/hr,6.8,11.3,Westergren,Whole Blood (EDTA),Normal,Normal
PAT-10032,24,Female,Erythrocyte Sedimentation Rate (ESR),3.6,mm/hr,0-20 mm/hr,4.7,4.0,Westergren,Whole Blood (EDTA),Normal,Normal
PAT-10033,38,Male,Erythrocyte Sedimentation Rate (ESR),48.5,mm/hr,0-15 mm/hr,16.7,5.3,Westergren,Whole Blood (EDTA),Moderately Elevated,Moderately Elevated
PAT-10034,56,Female,Erythrocyte Sedimentation Rate (ESR),14.9,mm/hr,0-30 mm/hr,7.4,6.9,Westergren,Whole Blood (EDTA),Normal,Normal
PAT-10035,35,Female,Erythrocyte Sedimentation Rate (ESR),20.1,mm/hr,0-20 mm/hr,0.6,5.5,Westergren,Whole Blood (EDTA),Moderately Elevated,Moderately Elevated
PAT-10036,21,Female,Erythrocyte Sedimentation Rate (ESR),88.8,mm/hr,0-20 mm/hr,18.2,8.6,Westergren,Whole Blood (EDTA),High (Significant Inflammation),High (Significant Inflammation)
PAT-10037,77,Male,Erythrocyte Sedimentation Rate (ESR),20.7,mm/hr,0-20 mm/hr,2.4,6.0,Westergren,Whole Blood (EDTA),Moderately Elevated,Moderately Elevated
PAT-10038,31,Male,Erythrocyte Sedimentation Rate (ESR),46.7,mm/hr,0-15 mm/hr,17.3,12.0,Westergren,Whole Blood (EDTA),Moderately Elevated,Moderately Elevated
PAT-10039,26,Male,Erythrocyte Sedimentation Rate (ESR),17.7,mm/hr,0-15 mm/hr,7.2,10.0,Westergren,Whole Blood (EDTA),Moderately Elevated,Moderately Elevated
PAT-10040,70,Female,Erythrocyte Sedimentation Rate (ESR),56.9,mm/hr,0-30 mm/hr,36.4,7.9,Westergren,Whole Blood (EDTA),High (Significant Inflammation),High (Significant Inflammation)
PAT-10041,19,Male,Erythrocyte Sedimentation Rate (ESR),9.4,mm/hr,0-15 mm/hr,5.1,9.7,Westergren,Whole Blood (EDTA),Normal,Normal
PAT-10042,77,Female,Erythrocyte Sedimentation Rate (ESR),20.6,mm/hr,0-30 mm/hr,1.9,9.8,Westergren,Whole Blood (EDTA),Normal,Normal
PAT-10043,61,Female,Erythrocyte Sedimentation Rate (ESR),6.3,mm/hr,0-30 mm/hr,6.5,6.3,Westergren,Whole Blood (EDTA),Normal,Normal
PAT-10044,25,Male,Erythrocyte Sedimentation Rate (ESR),43.2,mm/hr,0-15 mm/hr,53.4,5.8,Westergren,Whole Blood (EDTA),Moderately Elevated,Moderately Elevated
PAT-10045,64,Female,Erythrocyte Sedimentation Rate (ESR),19.3,mm/hr,0-30 mm/hr,2.5,7.7,Westergren,Whole Blood (EDTA),Normal,Normal
PAT-10046,52,Male,Erythrocyte Sedimentation Rate (ESR),4.3,mm/hr,0-20 mm/hr,4.2,9.3,Westergren,Whole Blood (EDTA),Normal,Normal
PAT-10047,53,Male,Erythrocyte Sedimentation Rate (ESR),16.5,mm/hr,0-20 mm/hr,1.1,7.8,Westergren,Whole Blood (EDTA),Normal,Normal
PAT-10048,67,Female,Erythrocyte Sedimentation Rate (ESR),75.7,mm/hr,0-30 mm/hr,15.6,4.2,Westergren,Whole Blood (EDTA),High (Significant Inflammation),High (Significant Inflammation)
PAT-10049,21,Female,Erythrocyte Sedimentation Rate (ESR),60.9,mm/hr,0-20 mm/hr,12.5,5.8,Westergren,Whole Blood (EDTA),High (Significant Inflammation),High (Significant Inflammation)
PAT-10050,19,Female,Erythrocyte Sedimentation Rate (ESR),88.5,mm/hr,0-20 mm/hr,22.9,7.3,Westergren,Whole Blood (EDTA),High (Significant Inflammation),High (Significant Inflammation)
PAT-10051,23,Male,Erythrocyte Sedimentation Rate (ESR),9.4,mm/hr,0-15 mm/hr,3.8,7.3,Westergren,Whole Blood (EDTA),Normal,Normal
PAT-10052,71,Male,Erythrocyte Sedimentation Rate (ESR),15.0,mm/hr,0-20 mm/hr,3.0,11.6,Westergren,Whole Blood (EDTA),Normal,Normal
PAT-10053,21,Female,Erythrocyte Sedimentation Rate (ESR),4.2,mm/hr,0-20 mm/hr,4.4,4.6,Westergren,Whole Blood (EDTA),Normal,Normal
PAT-10054,71,Female,Erythrocyte Sedimentation Rate (ESR),26.4,mm/hr,0-30 mm/hr,4.9,8.6,Westergren,Whole Blood (EDTA),Normal,Normal
PAT-10055,80,Female,Erythrocyte Sedimentation Rate (ESR),4.5,mm/hr,0-30 mm/hr,0.6,10.6,Westergren,Whole Blood (EDTA),Normal,Normal
PAT-10056,35,Male,Erythrocyte Sedimentation Rate (ESR),5.2,mm/hr,0-15 mm/hr,6.2,12.3,Westergren,Whole Blood (EDTA),Normal,Normal
PAT-10057,61,Female,Erythrocyte Sedimentation Rate (ESR),49.3,mm/hr,0-30 mm/hr,45.5,6.7,Westergren,Whole Blood (EDTA),Moderately Elevated,Moderately Elevated
PAT-10058,51,Male,Erythrocyte Sedimentation Rate (ESR),12.4,mm/hr,0-20 mm/hr,3.2,8.5,Westergren,Whole Blood (EDTA),Normal,Normal
PAT-10059,79,Male,Erythrocyte Sedimentation Rate (ESR),88.5,mm/hr,0-20 mm/hr,46.8,8.7,Westergren,Whole Blood (EDTA),High (Significant Inflammation),High (Significant Inflammation)
PAT-10060,31,Female,Erythrocyte Sedimentation Rate (ESR),7.5,mm/hr,0-20 mm/hr,6.2,7.9,Westergren,Whole Blood (EDTA),Normal,Normal
PAT-10061,65,Male,Erythrocyte Sedimentation Rate (ESR),21.7,mm/hr,0-20 mm/hr,7.7,7.3,Westergren,Whole Blood (EDTA),Moderately Elevated,Moderately Elevated
PAT-10062,32,Female,Erythrocyte Sedimentation Rate (ESR),3.5,mm/hr,0-20 mm/hr,2.3,8.4,Westergren,Whole Blood (EDTA),Normal,Normal
PAT-10063,79,Male,Erythrocyte Sedimentation Rate (ESR),81.7,mm/hr,0-20 mm/hr,59.9,3.0,Westergren,Whole Blood (EDTA),High (Significant Inflammation),High (Significant Inflammation)
PAT-10064,57,Male,Erythrocyte Sedimentation Rate (ESR),12.0,mm/hr,0-20 mm/hr,1.9,8.9,Westergren,Whole Blood (EDTA),Normal,Normal
PAT-10065,70,Female,Erythrocyte Sedimentation Rate (ESR),88.2,mm/hr,0-30 mm/hr,24.0,7.8,Westergren,Whole Blood (EDTA),High (Significant Inflammation),High (Significant Inflammation)
PAT-10066,41,Female,Erythrocyte Sedimentation Rate (ESR),17.7,mm/hr,0-20 mm/hr,1.7,7.0,Westergren,Whole Blood (EDTA),Normal,Normal
PAT-10067,43,Female,Erythrocyte Sedimentation Rate (ESR),6.9,mm/hr,0-20 mm/hr,3.2,11.8,Westergren,Whole Blood (EDTA),Normal,Normal
PAT-10068,77,Female,Erythrocyte Sedimentation Rate (ESR),11.3,mm/hr,0-30 mm/hr,5.7,6.1,Westergren,Whole Blood (EDTA),Normal,Normal
PAT-10069,58,Female,Erythrocyte Sedimentation Rate (ESR),19.8,mm/hr,0-30 mm/hr,4.7,6.7,Westergren,Whole Blood (EDTA),Normal,Normal
PAT-10070,46,Female,Erythrocyte Sedimentation Rate (ESR),18.2,mm/hr,0-20 mm/hr,3.4,11.7,Westergren,Whole Blood (EDTA),Normal,Normal
PAT-10071,32,Female,Erythrocyte Sedimentation Rate (ESR),20.4,mm/hr,0-20 mm/hr,3.7,5.8,Westergren,Whole Blood (EDTA),Moderately Elevated,Moderately Elevated
PAT-10072,62,Male,Erythrocyte Sedimentation Rate (ESR),5.2,mm/hr,0-20 mm/hr,4.7,6.3,Westergren,Whole Blood (EDTA),Normal,Normal
PAT-10073,82,Female,Erythrocyte Sedimentation Rate (ESR),26.0,mm/hr,0-30 mm/hr,0.5,7.2,Westergren,Whole Blood (EDTA),Normal,Normal
PAT-10074,26,Male,Erythrocyte Sedimentation Rate (ESR),15.7,mm/hr,0-15 mm/hr,1.1,9.3,Westergren,Whole Blood (EDTA),Moderately Elevated,Moderately Elevated
PAT-10075,18,Female,Erythrocyte Sedimentation Rate (ESR),8.3,mm/hr,0-20 mm/hr,7.1,7.9,Westergren,Whole Blood (EDTA),Normal,Normal
PAT-10076,25,Female,Erythrocyte Sedimentation Rate (ESR),5.7,mm/hr,0-20 mm/hr,1.1,4.8,Westergren,Whole Blood (EDTA),Normal,Normal
PAT-10077,80,Male,Erythrocyte Sedimentation Rate (ESR),75.4,mm/hr,0-20 mm/hr,16.4,6.4,Westergren,Whole Blood (EDTA),High (Significant Inflammation),High (Significant Inflammation)
PAT-10078,28,Female,Erythrocyte Sedimentation Rate (ESR),5.9,mm/hr,0-20 mm/hr,7.4,6.2,Westergren,Whole Blood (EDTA),Normal,Normal
PAT-10079,25,Female,Erythrocyte Sedimentation Rate (ESR),14.7,mm/hr,0-20 mm/hr,2.5,7.3,Westergren,Whole Blood (EDTA),Normal,Normal
PAT-10080,52,Male,Erythrocyte Sedimentation Rate (ESR),84.8,mm/hr,0-20 mm/hr,55.6,8.4,Westergren,Whole Blood (EDTA),High (Significant Inflammation),High (Significant Inflammation)
PAT-10081,52,Female,Erythrocyte Sedimentation Rate (ESR),31.0,mm/hr,0-30 mm/hr,32.0,8.4,Westergren,Whole Blood (EDTA),Moderately Elevated,Moderately Elevated
PAT-10082,50,Female,Erythrocyte Sedimentation Rate (ESR),31.5,mm/hr,0-30 mm/hr,12.0,3.8,Westergren,Whole Blood (EDTA),Moderately Elevated,Moderately Elevated
PAT-10083,22,Male,Erythrocyte Sedimentation Rate (ESR),12.2,mm/hr,0-15 mm/hr,7.6,9.7,Westergren,Whole Blood (EDTA),Normal,Normal
PAT-10084,58,Female,Erythrocyte Sedimentation Rate (ESR),75.0,mm/hr,0-30 mm/hr,51.3,8.0,Westergren,Whole Blood (EDTA),High (Significant Inflammation),High (Significant Inflammation)
PAT-10085,45,Male,Erythrocyte Sedimentation Rate (ESR),55.2,mm/hr,0-15 mm/hr,45.1,10.4,Westergren,Whole Blood (EDTA),High (Significant Inflammation),High (Significant Inflammation)
PAT-10086,24,Female,Erythrocyte Sedimentation Rate (ESR),16.7,mm/hr,0-20 mm/hr,5.5,8.4,Westergren,Whole Blood (EDTA),Normal,Normal
PAT-10087,29,Female,Erythrocyte Sedimentation Rate (ESR),4.5,mm/hr,0-20 mm/hr,3.6,9.8,Westergren,Whole Blood (EDTA),Normal,Normal
PAT-10088,51,Female,Erythrocyte Sedimentation Rate (ESR),8.4,mm/hr,0-30 mm/hr,4.0,8.5,Westergren,Whole Blood (EDTA),Normal,Normal
PAT-10089,50,Male,Erythrocyte Sedimentation Rate (ESR),18.4,mm/hr,0-20 mm/hr,0.9,10.3,Westergren,Whole Blood (EDTA),Normal,Normal
PAT-10090,65,Female,Erythrocyte Sedimentation Rate (ESR),23.6,mm/hr,0-30 mm/hr,1.9,8.6,Westergren,Whole Blood (EDTA),Normal,Normal
PAT-10091,40,Female,Erythrocyte Sedimentation Rate (ESR),12.0,mm/hr,0-20 mm/hr,6.4,7.3,Westergren,Whole Blood (EDTA),Normal,Normal
PAT-10092,79,Male,Erythrocyte Sedimentation Rate (ESR),11.2,mm/hr,0-20 mm/hr,3.9,12.3,Westergren,Whole Blood (EDTA),Normal,Normal
PAT-10093,54,Female,Erythrocyte Sedimentation Rate (ESR),17.3,mm/hr,0-30 mm/hr,2.8,9.4,Westergren,Whole Blood (EDTA),Normal,Normal
PAT-10094,61,Male,Erythrocyte Sedimentation Rate (ESR),8.7,mm/hr,0-20 mm/hr,3.4,8.7,Westergren,Whole Blood (EDTA),Normal,Normal
PAT-10095,52,Female,Erythrocyte Sedimentation Rate (ESR),89.9,mm/hr,0-30 mm/hr,58.6,4.8,Westergren,Whole Blood (EDTA),High (Significant Inflammation),High (Significant Inflammation)
PAT-10096,82,Male,Erythrocyte Sedimentation Rate (ESR),38.9,mm/hr,0-20 mm/hr,28.0,4.8,Westergren,Whole Blood (EDTA),Moderately Elevated,Moderately Elevated
PAT-10097,64,Male,Erythrocyte Sedimentation Rate (ESR),11.0,mm/hr,0-20 mm/hr,2.5,8.1,Westergren,Whole Blood (EDTA),Normal,Normal
PAT-10098,20,Male,Erythrocyte Sedimentation Rate (ESR),12.4,mm/hr,0-15 mm/hr,1.4,7.8,Westergren,Whole Blood (EDTA),Normal,Normal
PAT-10099,18,Female,Erythrocyte Sedimentation Rate (ESR),9.7,mm/hr,0-20 mm/hr,2.4,6.2,Westergren,Whole Blood (EDTA),Normal,Normal
PAT-10100,22,Male,Erythrocyte Sedimentation Rate (ESR),9.5,mm/hr,0-15 mm/hr,7.4,7.8,Westergren,Whole Blood (EDTA),Normal,Normal
PAT-10101,31,Female,Erythrocyte Sedimentation Rate (ESR),15.0,mm/hr,0-20 mm/hr,4.9,10.8,Westergren,Whole Blood (EDTA),Normal,Normal
PAT-10102,44,Male,Erythrocyte Sedimentation Rate (ESR),54.1,mm/hr,0-15 mm/hr,23.4,9.0,Westergren,Whole Blood (EDTA),High (Significant Inflammation),High (Significant Inflammation)
PAT-10103,26,Male,Erythrocyte Sedimentation Rate (ESR),3.1,mm/hr,0-15 mm/hr,5.0,5.1,Westergren,Whole Blood (EDTA),Normal,Normal
PAT-10104,32,Female,Erythrocyte Sedimentation Rate (ESR),55.6,mm/hr,0-20 mm/hr,16.3,7.3,Westergren,Whole Blood (EDTA),High (Significant Inflammation),High (Significant Inflammation)
PAT-10105,59,Female,Erythrocyte Sedimentation Rate (ESR),11.1,mm/hr,0-30 mm/hr,6.6,5.8,Westergren,Whole Blood (EDTA),Normal,Normal
PAT-10106,68,Male,Erythrocyte Sedimentation Rate (ESR),15.9,mm/hr,0-20 mm/hr,4.4,6.7,Westergren,Whole Blood (EDTA),Normal,Normal
PAT-10107,80,Female,Erythrocyte Sedimentation Rate (ESR),11.9,mm/hr,0-30 mm/hr,1.4,6.6,Westergren,Whole Blood (EDTA),Normal,Normal
PAT-10108,69,Female,Erythrocyte Sedimentation Rate (ESR),44.2,mm/hr,0-30 mm/hr,53.5,6.5,Westergren,Whole Blood (EDTA),Moderately Elevated,Moderately Elevated
PAT-10109,21,Female,Erythrocyte Sedimentation Rate (ESR),20.8,mm/hr,0-20 mm/hr,4.5,4.9,Westergren,Whole Blood (EDTA),Moderately Elevated,Moderately Elevated
PAT-10110,40,Male,Erythrocyte Sedimentation Rate (ESR),14.3,mm/hr,0-15 mm/hr,7.5,7.2,Westergren,Whole Blood (EDTA),Normal,Normal
PAT-10111,32,Male,Erythrocyte Sedimentation Rate (ESR),12.6,mm/hr,0-15 mm/hr,2.8,6.3,Westergren,Whole Blood (EDTA),Normal,Normal
PAT-10112,60,Female,Erythrocyte Sedimentation Rate (ESR),87.8,mm/hr,0-30 mm/hr,13.8,3.0,Westergren,Whole Blood (EDTA),High (Significant Inflammation),High (Significant Inflammation)
PAT-10113,46,Male,Erythrocyte Sedimentation Rate (ESR),3.8,mm/hr,0-15 mm/hr,6.2,11.8,Westergren,Whole Blood (EDTA),Normal,Normal
PAT-10114,53,Female,Erythrocyte Sedimentation Rate (ESR),16.4,mm/hr,0-30 mm/hr,2.4,9.8,Westergren,Whole Blood (EDTA),Normal,Normal
PAT-10115,30,Female,Erythrocyte Sedimentation Rate (ESR),13.4,mm/hr,0-20 mm/hr,0.8,6.7,Westergren,Whole Blood (EDTA),Normal,Normal
PAT-10116,49,Female,Erythrocyte Sedimentation Rate (ESR),21.6,mm/hr,0-20 mm/hr,1.3,7.5,Westergren,Whole Blood (EDTA),Moderately Elevated,Moderately Elevated
PAT-10117,76,Female,Erythrocyte Sedimentation Rate (ESR),42.4,mm/hr,0-30 mm/hr,51.9,5.0,Westergren,Whole Blood (EDTA),Moderately Elevated,Moderately Elevated
PAT-10118,45,Female,Erythrocyte Sedimentation Rate (ESR),20.4,mm/hr,0-20 mm/hr,2.0,11.1,Westergren,Whole Blood (EDTA),Moderately Elevated,Moderately Elevated
PAT-10119,83,Male,Erythrocyte Sedimentation Rate (ESR),58.8,mm/hr,0-20 mm/hr,22.2,11.5,Westergren,Whole Blood (EDTA),High (Significant Inflammation),High (Significant Inflammation)
PAT-10120,59,Female,Erythrocyte Sedimentation Rate (ESR),24.9,mm/hr,0-30 mm/hr,4.3,7.8,Westergren,Whole Blood (EDTA),Normal,Normal
PAT-10121,62,Male,Erythrocyte Sedimentation Rate (ESR),2.4,mm/hr,0-20 mm/hr,5.9,9.6,Westergren,Whole Blood (EDTA),Normal,Normal
PAT-10122,79,Male,Erythrocyte Sedimentation Rate (ESR),16.5,mm/hr,0-20 mm/hr,1.3,7.9,Westergren,Whole Blood (EDTA),Normal,Normal
PAT-10123,74,Female,Erythrocyte Sedimentation Rate (ESR),27.1,mm/hr,0-30 mm/hr,3.5,4.7,Westergren,Whole Blood (EDTA),Normal,Normal
PAT-10124,23,Female,Erythrocyte Sedimentation Rate (ESR),50.2,mm/hr,0-20 mm/hr,51.0,6.6,Westergren,Whole Blood (EDTA),High (Significant Inflammation),High (Significant Inflammation)
PAT-10125,45,Female,Erythrocyte Sedimentation Rate (ESR),13.3,mm/hr,0-20 mm/hr,4.6,7.8,Westergren,Whole Blood (EDTA),Normal,Normal
PAT-10126,45,Female,Erythrocyte Sedimentation Rate (ESR),33.2,mm/hr,0-20 mm/hr,12.4,6.5,Westergren,Whole Blood (EDTA),Moderately Elevated,Moderately Elevated
PAT-10127,61,Male,Erythrocyte Sedimentation Rate (ESR),8.0,mm/hr,0-20 mm/hr,1.8,7.0,Westergren,Whole Blood (EDTA),Normal,Normal
PAT-10128,47,Male,Erythrocyte Sedimentation Rate (ESR),6.8,mm/hr,0-15 mm/hr,6.6,7.3,Westergren,Whole Blood (EDTA),Normal,Normal
PAT-10129,79,Female,Erythrocyte Sedimentation Rate (ESR),52.0,mm/hr,0-30 mm/hr,27.1,7.3,Westergren,Whole Blood (EDTA),High (Significant Inflammation),High (Significant Inflammation)
PAT-10130,79,Male,Erythrocyte Sedimentation Rate (ESR),19.0,mm/hr,0-20 mm/hr,4.7,7.6,Westergren,Whole Blood (EDTA),Normal,Normal
PAT-10131,18,Male,Erythrocyte Sedimentation Rate (ESR),11.5,mm/hr,0-15 mm/hr,5.7,5.3,Westergren,Whole Blood (EDTA),Normal,Normal
PAT-10132,44,Male,Erythrocyte Sedimentation Rate (ESR),5.0,mm/hr,0-15 mm/hr,3.6,6.0,Westergren,Whole Blood (EDTA),Normal,Normal
PAT-10133,79,Male,Erythrocyte Sedimentation Rate (ESR),71.5,mm/hr,0-20 mm/hr,39.1,4.8,Westergren,Whole Blood (EDTA),High (Significant Inflammation),High (Significant Inflammation)
PAT-10134,20,Male,Erythrocyte Sedimentation Rate (ESR),86.1,mm/hr,0-15 mm/hr,19.3,9.6,Westergren,Whole Blood (EDTA),High (Significant Inflammation),High (Significant Inflammation)
PAT-10135,44,Male,Erythrocyte Sedimentation Rate (ESR),10.3,mm/hr,0-15 mm/hr,4.4,3.1,Westergren,Whole Blood (EDTA),Normal,Normal
PAT-10136,26,Male,Erythrocyte Sedimentation Rate (ESR),70.3,mm/hr,0-15 mm/hr,19.2,9.9,Westergren,Whole Blood (EDTA),High (Significant Inflammation),High (Significant Inflammation)
PAT-10137,79,Male,Erythrocyte Sedimentation Rate (ESR),74.4,mm/hr,0-20 mm/hr,12.9,10.4,Westergren,Whole Blood (EDTA),High (Significant Inflammation),High (Significant Inflammation)
PAT-10138,54,Female,Erythrocyte Sedimentation Rate (ESR),27.0,mm/hr,0-30 mm/hr,7.3,6.9,Westergren,Whole Blood (EDTA),Normal,Normal
PAT-10139,68,Male,Erythrocyte Sedimentation Rate (ESR),13.4,mm/hr,0-20 mm/hr,4.9,3.0,Westergren,Whole Blood (EDTA),Normal,Normal
PAT-10140,61,Male,Erythrocyte Sedimentation Rate (ESR),10.6,mm/hr,0-20 mm/hr,1.1,6.7,Westergren,Whole Blood (EDTA),Normal,Normal
PAT-10141,41,Female,Erythrocyte Sedimentation Rate (ESR),11.3,mm/hr,0-20 mm/hr,3.9,7.4,Westergren,Whole Blood (EDTA),Normal,Normal
PAT-10142,76,Male,Erythrocyte Sedimentation Rate (ESR),14.0,mm/hr,0-20 mm/hr,6.2,5.4,Westergren,Whole Blood (EDTA),Normal,Normal
PAT-10143,49,Female,Erythrocyte Sedimentation Rate (ESR),11.4,mm/hr,0-20 mm/hr,6.5,6.4,Westergren,Whole Blood (EDTA),Normal,Normal
PAT-10144,69,Female,Erythrocyte Sedimentation Rate (ESR),21.3,mm/hr,0-30 mm/hr,4.2,10.7,Westergren,Whole Blood (EDTA),Normal,Normal
PAT-10145,79,Male,Erythrocyte Sedimentation Rate (ESR),16.1,mm/hr,0-20 mm/hr,7.2,8.9,Westergren,Whole Blood (EDTA),Normal,Normal
PAT-10146,75,Male,Erythrocyte Sedimentation Rate (ESR),42.5,mm/hr,0-20 mm/hr,39.8,5.6,Westergren,Whole Blood (EDTA),Moderately Elevated,Moderately Elevated
PAT-10147,69,Female,Erythrocyte Sedimentation Rate (ESR),17.1,mm/hr,0-30 mm/hr,3.6,4.1,Westergren,Whole Blood (EDTA),Normal,Normal
PAT-10148,29,Female,Erythrocyte Sedimentation Rate (ESR),21.1,mm/hr,0-20 mm/hr,7.2,6.8,Westergren,Whole Blood (EDTA),Moderately Elevated,Moderately Elevated
PAT-10149,56,Male,Erythrocyte Sedimentation Rate (ESR),16.9,mm/hr,0-20 mm/hr,7.2,7.1,Westergren,Whole Blood (EDTA),Normal,Normal
PAT-10150,19,Female,Erythrocyte Sedimentation Rate (ESR),15.0,mm/hr,0-20 mm/hr,5.6,8.5,Westergren,Whole Blood (EDTA),Normal,Normal
PAT-10151,20,Male,Erythrocyte Sedimentation Rate (ESR),49.2,mm/hr,0-15 mm/hr,39.0,6.4,Westergren,Whole Blood (EDTA),Moderately Elevated,Moderately Elevated
PAT-10152,73,Female,Erythrocyte Sedimentation Rate (ESR),4.3,mm/hr,0-30 mm/hr,1.2,8.6,Westergren,Whole Blood (EDTA),Normal,Normal
PAT-10153,76,Male,Erythrocyte Sedimentation Rate (ESR),81.1,mm/hr,0-20 mm/hr,43.8,11.6,Westergren,Whole Blood (EDTA),High (Significant Inflammation),High (Significant Inflammation)
PAT-10154,19,Female,Erythrocyte Sedimentation Rate (ESR),12.2,mm/hr,0-20 mm/hr,2.9,9.2,Westergren,Whole Blood (EDTA),Normal,Normal
PAT-10155,19,Female,Erythrocyte Sedimentation Rate (ESR),53.6,mm/hr,0-20 mm/hr,27.6,7.4,Westergren,Whole Blood (EDTA),High (Significant Inflammation),High (Significant Inflammation)
PAT-10156,71,Female,Erythrocyte Sedimentation Rate (ESR),43.3,mm/hr,0-30 mm/hr,16.3,7.1,Westergren,Whole Blood (EDTA),Moderately Elevated,Moderately Elevated
PAT-10157,18,Female,Erythrocyte Sedimentation Rate (ESR),34.0,mm/hr,0-20 mm/hr,16.5,6.8,Westergren,Whole Blood (EDTA),Moderately Elevated,Moderately Elevated
PAT-10158,36,Male,Erythrocyte Sedimentation Rate (ESR),72.6,mm/hr,0-15 mm/hr,43.8,10.0,Westergren,Whole Blood (EDTA),High (Significant Inflammation),High (Significant Inflammation)
PAT-10159,19,Male,Erythrocyte Sedimentation Rate (ESR),10.2,mm/hr,0-15 mm/hr,2.9,6.2,Westergren,Whole Blood (EDTA),Normal,Normal
PAT-10160,70,Male,Erythrocyte Sedimentation Rate (ESR),65.5,mm/hr,0-20 mm/hr,58.1,7.6,Westergren,Whole Blood (EDTA),High (Significant Inflammation),High (Significant Inflammation)
PAT-10161,61,Male,Erythrocyte Sedimentation Rate (ESR),45.0,mm/hr,0-20 mm/hr,41.4,7.6,Westergren,Whole Blood (EDTA),Moderately Elevated,Moderately Elevated
PAT-10162,49,Female,Erythrocyte Sedimentation Rate (ESR),12.6,mm/hr,0-20 mm/hr,4.8,6.4,Westergren,Whole Blood (EDTA),Normal,Normal
PAT-10163,49,Male,Erythrocyte Sedimentation Rate (ESR),9.9,mm/hr,0-15 mm/hr,3.8,4.6,Westergren,Whole Blood (EDTA),Normal,Normal
PAT-10164,72,Male,Erythrocyte Sedimentation Rate (ESR),21.9,mm/hr,0-20 mm/hr,3.1,8.2,Westergren,Whole Blood (EDTA),Moderately Elevated,Moderately Elevated
PAT-10165,73,Female,Erythrocyte Sedimentation Rate (ESR),55.7,mm/hr,0-30 mm/hr,38.9,7.4,Westergren,Whole Blood (EDTA),High (Significant Inflammation),High (Significant Inflammation)
PAT-10166,34,Female,Erythrocyte Sedimentation Rate (ESR),10.8,mm/hr,0-20 mm/hr,7.2,8.6,Westergren,Whole Blood (EDTA),Normal,Normal
PAT-10167,55,Female,Erythrocyte Sedimentation Rate (ESR),23.7,mm/hr,0-30 mm/hr,6.2,6.4,Westergren,Whole Blood (EDTA),Normal,Normal
PAT-10168,41,Female,Erythrocyte Sedimentation Rate (ESR),8.9,mm/hr,0-20 mm/hr,3.0,10.1,Westergren,Whole Blood (EDTA),Normal,Normal
PAT-10169,28,Male,Erythrocyte Sedimentation Rate (ESR),17.3,mm/hr,0-15 mm/hr,6.1,5.7,Westergren,Whole Blood (EDTA),Moderately Elevated,Moderately Elevated
PAT-10170,33,Male,Erythrocyte Sedimentation Rate (ESR),2.0,mm/hr,0-15 mm/hr,1.6,11.1,Westergren,Whole Blood (EDTA),Normal,Normal
PAT-10171,76,Female,Erythrocyte Sedimentation Rate (ESR),4.5,mm/hr,0-30 mm/hr,1.5,3.8,Westergren,Whole Blood (EDTA),Normal,Normal
PAT-10172,20,Female,Erythrocyte Sedimentation Rate (ESR),59.3,mm/hr,0-20 mm/hr,52.5,8.4,Westergren,Whole Blood (EDTA),High (Significant Inflammation),High (Significant Inflammation)
PAT-10173,37,Male,Erythrocyte Sedimentation Rate (ESR),3.8,mm/hr,0-15 mm/hr,6.6,8.5,Westergren,Whole Blood (EDTA),Normal,Normal
PAT-10174,76,Female,Erythrocyte Sedimentation Rate (ESR),16.2,mm/hr,0-30 mm/hr,2.3,5.8,Westergren,Whole Blood (EDTA),Normal,Normal
PAT-10175,53,Male,Erythrocyte Sedimentation Rate (ESR),4.4,mm/hr,0-20 mm/hr,1.0,8.4,Westergren,Whole Blood (EDTA),Normal,Normal
PAT-10176,36,Male,Erythrocyte Sedimentation Rate (ESR),14.0,mm/hr,0-15 mm/hr,1.5,10.2,Westergren,Whole Blood (EDTA),Normal,Normal
PAT-10177,84,Female,Erythrocyte Sedimentation Rate (ESR),48.1,mm/hr,0-30 mm/hr,11.7,3.0,Westergren,Whole Blood (EDTA),Moderately Elevated,Moderately Elevated
PAT-10178,36,Female,Erythrocyte Sedimentation Rate (ESR),15.7,mm/hr,0-20 mm/hr,5.3,8.6,Westergren,Whole Blood (EDTA),Normal,Normal
PAT-10179,37,Female,Erythrocyte Sedimentation Rate (ESR),9.9,mm/hr,0-20 mm/hr,2.4,3.0,Westergren,Whole Blood (EDTA),Normal,Normal
PAT-10180,69,Male,Erythrocyte Sedimentation Rate (ESR),2.2,mm/hr,0-20 mm/hr,4.7,5.5,Westergren,Whole Blood (EDTA),Normal,Normal
PAT-10181,50,Female,Erythrocyte Sedimentation Rate (ESR),29.5,mm/hr,0-30 mm/hr,4.5,10.9,Westergren,Whole Blood (EDTA),Normal,Normal
PAT-10182,57,Male,Erythrocyte Sedimentation Rate (ESR),19.5,mm/hr,0-20 mm/hr,5.4,6.3,Westergren,Whole Blood (EDTA),Normal,Normal
PAT-10183,56,Male,Erythrocyte Sedimentation Rate (ESR),4.4,mm/hr,0-20 mm/hr,2.2,5.0,Westergren,Whole Blood (EDTA),Normal,Normal
PAT-10184,18,Female,Erythrocyte Sedimentation Rate (ESR),4.3,mm/hr,0-20 mm/hr,7.0,7.1,Westergren,Whole Blood (EDTA),Normal,Normal
PAT-10185,28,Female,Erythrocyte Sedimentation Rate (ESR),5.7,mm/hr,0-20 mm/hr,2.8,11.8,Westergren,Whole Blood (EDTA),Normal,Normal
PAT-10186,74,Female,Erythrocyte Sedimentation Rate (ESR),55.0,mm/hr,0-30 mm/hr,17.2,3.7,Westergren,Whole Blood (EDTA),High (Significant Inflammation),High (Significant Inflammation)
PAT-10187,67,Female,Erythrocyte Sedimentation Rate (ESR),19.7,mm/hr,0-30 mm/hr,0.6,5.3,Westergren,Whole Blood (EDTA),Normal,Normal
PAT-10188,40,Female,Erythrocyte Sedimentation Rate (ESR),58.3,mm/hr,0-20 mm/hr,35.0,10.6,Westergren,Whole Blood (EDTA),High (Significant Inflammation),High (Significant Inflammation)
PAT-10189,48,Female,Erythrocyte Sedimentation Rate (ESR),16.9,mm/hr,0-20 mm/hr,3.1,11.4,Westergren,Whole Blood (EDTA),Normal,Normal
PAT-10190,59,Male,Erythrocyte Sedimentation Rate (ESR),18.9,mm/hr,0-20 mm/hr,4.6,7.3,Westergren,Whole Blood (EDTA),Normal,Normal
PAT-10191,24,Male,Erythrocyte Sedimentation Rate (ESR),8.9,mm/hr,0-15 mm/hr,1.0,4.9,Westergren,Whole Blood (EDTA),Normal,Normal
PAT-10192,33,Male,Erythrocyte Sedimentation Rate (ESR),6.4,mm/hr,0-15 mm/hr,6.4,11.9,Westergren,Whole Blood (EDTA),Normal,Normal
PAT-10193,77,Male,Erythrocyte Sedimentation Rate (ESR),17.8,mm/hr,0-20 mm/hr,2.1,10.8,Westergren,Whole Blood (EDTA),Normal,Normal
PAT-10194,19,Female,Erythrocyte Sedimentation Rate (ESR),18.2,mm/hr,0-20 mm/hr,5.6,8.9,Westergren,Whole Blood (EDTA),Normal,Normal
PAT-10195,18,Female,Erythrocyte Sedimentation Rate (ESR),19.3,mm/hr,0-20 mm/hr,6.5,5.8,Westergren,Whole Blood (EDTA),Normal,Normal
PAT-10196,65,Male,Erythrocyte Sedimentation Rate (ESR),10.6,mm/hr,0-20 mm/hr,4.7,7.4,Westergren,Whole Blood (EDTA),Normal,Normal
PAT-10197,29,Male,Erythrocyte Sedimentation Rate (ESR),11.3,mm/hr,0-15 mm/hr,6.1,7.2,Westergren,Whole Blood (EDTA),Normal,Normal
PAT-10198,54,Female,Erythrocyte Sedimentation Rate (ESR),20.4,mm/hr,0-30 mm/hr,5.5,8.2,Westergren,Whole Blood (EDTA),Normal,Normal
PAT-10199,49,Male,Erythrocyte Sedimentation Rate (ESR),13.0,mm/hr,0-15 mm/hr,3.2,10.5,Westergren,Whole Blood (EDTA),Normal,Normal
PAT-10200,26,Female,Erythrocyte Sedimentation Rate (ESR),6.2,mm/hr,0-20 mm/hr,6.6,9.3,Westergren,Whole Blood (EDTA),Normal,Normal
PAT-10201,36,Female,Erythrocyte Sedimentation Rate (ESR),5.7,mm/hr,0-20 mm/hr,2.7,5.2,Westergren,Whole Blood (EDTA),Normal,Normal
PAT-10202,65,Female,Erythrocyte Sedimentation Rate (ESR),13.0,mm/hr,0-30 mm/hr,4.8,10.4,Westergren,Whole Blood (EDTA),Normal,Normal
PAT-10203,20,Female,Erythrocyte Sedimentation Rate (ESR),60.8,mm/hr,0-20 mm/hr,27.7,8.2,Westergren,Whole Blood (EDTA),High (Significant Inflammation),High (Significant Inflammation)
PAT-10204,37,Female,Erythrocyte Sedimentation Rate (ESR),9.5,mm/hr,0-20 mm/hr,3.3,8.9,Westergren,Whole Blood (EDTA),Normal,Normal
PAT-10205,41,Male,Erythrocyte Sedimentation Rate (ESR),49.1,mm/hr,0-15 mm/hr,22.6,10.6,Westergren,Whole Blood (EDTA),Moderately Elevated,Moderately Elevated
PAT-10206,71,Female,Erythrocyte Sedimentation Rate (ESR),20.6,mm/hr,0-30 mm/hr,3.9,5.2,Westergren,Whole Blood (EDTA),Normal,Normal
PAT-10207,50,Female,Erythrocyte Sedimentation Rate (ESR),9.3,mm/hr,0-30 mm/hr,6.6,7.4,Westergren,Whole Blood (EDTA),Normal,Normal
PAT-10208,41,Male,Erythrocyte Sedimentation Rate (ESR),9.3,mm/hr,0-15 mm/hr,7.5,6.4,Westergren,Whole Blood (EDTA),Normal,Normal
PAT-10209,53,Female,Erythrocyte Sedimentation Rate (ESR),7.1,mm/hr,0-30 mm/hr,4.6,4.2,Westergren,Whole Blood (EDTA),Normal,Normal
PAT-10210,55,Female,Erythrocyte Sedimentation Rate (ESR),3.8,mm/hr,0-30 mm/hr,5.5,8.2,Westergren,Whole Blood (EDTA),Normal,Normal
PAT-10211,42,Female,Erythrocyte Sedimentation Rate (ESR),21.3,mm/hr,0-20 mm/hr,7.3,12.8,Westergren,Whole Blood (EDTA),Moderately Elevated,Moderately Elevated
PAT-10212,35,Female,Erythrocyte Sedimentation Rate (ESR),3.7,mm/hr,0-20 mm/hr,1.2,3.6,Westergren,Whole Blood (EDTA),Normal,Normal
PAT-10213,83,Female,Erythrocyte Sedimentation Rate (ESR),47.3,mm/hr,0-30 mm/hr,58.4,7.4,Westergren,Whole Blood (EDTA),Moderately Elevated,Moderately Elevated
PAT-10214,71,Female,Erythrocyte Sedimentation Rate (ESR),72.9,mm/hr,0-30 mm/hr,32.6,8.8,Westergren,Whole Blood (EDTA),High (Significant Inflammation),High (Significant Inflammation)
PAT-10215,52,Female,Erythrocyte Sedimentation Rate (ESR),59.9,mm/hr,0-30 mm/hr,57.3,7.8,Westergren,Whole Blood (EDTA),High (Significant Inflammation),High (Significant Inflammation)
PAT-10216,78,Female,Erythrocyte Sedimentation Rate (ESR),12.1,mm/hr,0-30 mm/hr,6.9,7.3,Westergren,Whole Blood (EDTA),Normal,Normal
PAT-10217,58,Female,Erythrocyte Sedimentation Rate (ESR),20.5,mm/hr,0-30 mm/hr,3.6,4.8,Westergren,Whole Blood (EDTA),Normal,Normal
PAT-10218,50,Female,Erythrocyte Sedimentation Rate (ESR),31.5,mm/hr,0-30 mm/hr,19.4,8.0,Westergren,Whole Blood (EDTA),Moderately Elevated,Moderately Elevated
PAT-10219,50,Female,Erythrocyte Sedimentation Rate (ESR),75.3,mm/hr,0-30 mm/hr,25.2,5.9,Westergren,Whole Blood (EDTA),High (Significant Inflammation),High (Significant Inflammation)
PAT-10220,31,Male,Erythrocyte Sedimentation Rate (ESR),7.4,mm/hr,0-15 mm/hr,2.2,3.0,Westergren,Whole Blood (EDTA),Normal,Normal
PAT-10221,38,Female,Erythrocyte Sedimentation Rate (ESR),5.9,mm/hr,0-20 mm/hr,2.7,10.0,Westergren,Whole Blood (EDTA),Normal,Normal
PAT-10222,65,Female,Erythrocyte Sedimentation Rate (ESR),18.7,mm/hr,0-30 mm/hr,6.3,9.5,Westergren,Whole Blood (EDTA),Normal,Normal
PAT-10223,37,Male,Erythrocyte Sedimentation Rate (ESR),15.3,mm/hr,0-15 mm/hr,1.1,7.6,Westergren,Whole Blood (EDTA),Moderately Elevated,Moderately Elevated
PAT-10224,25,Female,Erythrocyte Sedimentation Rate (ESR),8.7,mm/hr,0-20 mm/hr,6.7,8.0,Westergren,Whole Blood (EDTA),Normal,Normal
PAT-10225,24,Male,Erythrocyte Sedimentation Rate (ESR),33.0,mm/hr,0-15 mm/hr,17.1,9.8,Westergren,Whole Blood (EDTA),Moderately Elevated,Moderately Elevated
PAT-10226,84,Male,Erythrocyte Sedimentation Rate (ESR),7.4,mm/hr,0-20 mm/hr,5.0,8.0,Westergren,Whole Blood (EDTA),Normal,Normal
PAT-10227,34,Female,Erythrocyte Sedimentation Rate (ESR),13.6,mm/hr,0-20 mm/hr,1.2,9.4,Westergren,Whole Blood (EDTA),Normal,Normal
PAT-10228,50,Male,Erythrocyte Sedimentation Rate (ESR),13.6,mm/hr,0-20 mm/hr,3.0,6.9,Westergren,Whole Blood (EDTA),Normal,Normal
PAT-10229,65,Female,Erythrocyte Sedimentation Rate (ESR),72.2,mm/hr,0-30 mm/hr,14.9,10.3,Westergren,Whole Blood (EDTA),High (Significant Inflammation),High (Significant Inflammation)
PAT-10230,76,Female,Erythrocyte Sedimentation Rate (ESR),14.7,mm/hr,0-30 mm/hr,7.7,8.2,Westergren,Whole Blood (EDTA),Normal,Normal
PAT-10231,39,Female,Erythrocyte Sedimentation Rate (ESR),19.7,mm/hr,0-20 mm/hr,6.6,7.9,Westergren,Whole Blood (EDTA),Normal,Normal
PAT-10232,47,Male,Erythrocyte Sedimentation Rate (ESR),11.1,mm/hr,0-15 mm/hr,3.9,4.8,Westergren,Whole Blood (EDTA),Normal,Normal
PAT-10233,55,Male,Erythrocyte Sedimentation Rate (ESR),6.0,mm/hr,0-20 mm/hr,2.2,8.1,Westergren,Whole Blood (EDTA),Normal,Normal
PAT-10234,68,Female,Erythrocyte Sedimentation Rate (ESR),4.1,mm/hr,0-30 mm/hr,7.5,5.8,Westergren,Whole Blood (EDTA),Normal,Normal
PAT-10235,71,Female,Erythrocyte Sedimentation Rate (ESR),18.7,mm/hr,0-30 mm/hr,3.1,6.2,Westergren,Whole Blood (EDTA),Normal,Normal
PAT-10236,25,Female,Erythrocyte Sedimentation Rate (ESR),91.8,mm/hr,0-20 mm/hr,43.9,5.8,Westergren,Whole Blood (EDTA),High (Significant Inflammation),High (Significant Inflammation)
PAT-10237,44,Male,Erythrocyte Sedimentation Rate (ESR),10.5,mm/hr,0-15 mm/hr,4.7,5.3,Westergren,Whole Blood (EDTA),Normal,Normal
PAT-10238,44,Female,Erythrocyte Sedimentation Rate (ESR),5.5,mm/hr,0-20 mm/hr,7.6,12.0,Westergren,Whole Blood (EDTA),Normal,Normal
PAT-10239,38,Female,Erythrocyte Sedimentation Rate (ESR),5.4,mm/hr,0-20 mm/hr,0.5,10.3,Westergren,Whole Blood (EDTA),Normal,Normal
PAT-10240,47,Female,Erythrocyte Sedimentation Rate (ESR),8.2,mm/hr,0-20 mm/hr,2.3,11.5,Westergren,Whole Blood (EDTA),Normal,Normal
PAT-10241,45,Male,Erythrocyte Sedimentation Rate (ESR),17.1,mm/hr,0-15 mm/hr,7.5,4.9,Westergren,Whole Blood (EDTA),Moderately Elevated,Moderately Elevated
PAT-10242,81,Female,Erythrocyte Sedimentation Rate (ESR),90.5,mm/hr,0-30 mm/hr,54.5,7.6,Westergren,Whole Blood (EDTA),High (Significant Inflammation),High (Significant Inflammation)
PAT-10243,78,Female,Erythrocyte Sedimentation Rate (ESR),28.0,mm/hr,0-30 mm/hr,1.3,4.8,Westergren,Whole Blood (EDTA),Normal,Normal
PAT-10244,65,Female,Erythrocyte Sedimentation Rate (ESR),13.9,mm/hr,0-30 mm/hr,4.8,6.0,Westergren,Whole Blood (EDTA),Normal,Normal
PAT-10245,36,Male,Erythrocyte Sedimentation Rate (ESR),68.3,mm/hr,0-15 mm/hr,59.6,5.6,Westergren,Whole Blood (EDTA),High (Significant Inflammation),High (Significant Inflammation)
PAT-10246,21,Female,Erythrocyte Sedimentation Rate (ESR),12.7,mm/hr,0-20 mm/hr,4.1,10.1,Westergren,Whole Blood (EDTA),Normal,Normal
PAT-10247,52,Female,Erythrocyte Sedimentation Rate (ESR),19.7,mm/hr,0-30 mm/hr,8.0,6.7,Westergren,Whole Blood (EDTA),Normal,Normal
PAT-10248,81,Male,Erythrocyte Sedimentation Rate (ESR),21.6,mm/hr,0-20 mm/hr,5.6,9.7,Westergren,Whole Blood (EDTA),Moderately Elevated,Moderately Elevated
PAT-10249,66,Female,Erythrocyte Sedimentation Rate (ESR),27.0,mm/hr,0-30 mm/hr,1.1,8.8,Westergren,Whole Blood (EDTA),Normal,Normal
PAT-10250,34,Female,Erythrocyte Sedimentation Rate (ESR),13.9,mm/hr,0-20 mm/hr,7.9,12.3,Westergren,Whole Blood (EDTA),Normal,Normal
PAT-10251,61,Male,Erythrocyte Sedimentation Rate (ESR),6.0,mm/hr,0-20 mm/hr,3.6,4.4,Westergren,Whole Blood (EDTA),Normal,Normal
PAT-10252,47,Male,Erythrocyte Sedimentation Rate (ESR),62.6,mm/hr,0-15 mm/hr,22.2,10.1,Westergren,Whole Blood (EDTA),High (Significant Inflammation),High (Significant Inflammation)
PAT-10253,63,Female,Erythrocyte Sedimentation Rate (ESR),28.9,mm/hr,0-30 mm/hr,4.7,9.9,Westergren,Whole Blood (EDTA),Normal,Normal
PAT-10254,23,Male,Erythrocyte Sedimentation Rate (ESR),63.6,mm/hr,0-15 mm/hr,15.4,5.5,Westergren,Whole Blood (EDTA),High (Significant Inflammation),High (Significant Inflammation)
PAT-10255,54,Female,Erythrocyte Sedimentation Rate (ESR),21.2,mm/hr,0-30 mm/hr,1.1,9.6,Westergren,Whole Blood (EDTA),Normal,Normal
PAT-10256,41,Male,Erythrocyte Sedimentation Rate (ESR),2.3,mm/hr,0-15 mm/hr,0.5,8.2,Westergren,Whole Blood (EDTA),Normal,Normal
PAT-10257,63,Female,Erythrocyte Sedimentation Rate (ESR),22.9,mm/hr,0-30 mm/hr,3.9,7.0,Westergren,Whole Blood (EDTA),Normal,Normal
PAT-10258,70,Male,Erythrocyte Sedimentation Rate (ESR),15.9,mm/hr,0-20 mm/hr,6.8,5.8,Westergren,Whole Blood (EDTA),Normal,Normal
PAT-10259,77,Female,Erythrocyte Sedimentation Rate (ESR),54.6,mm/hr,0-30 mm/hr,31.5,6.0,Westergren,Whole Blood (EDTA),High (Significant Inflammation),High (Significant Inflammation)
PAT-10260,80,Female,Erythrocyte Sedimentation Rate (ESR),11.1,mm/hr,0-30 mm/hr,8.0,11.8,Westergren,Whole Blood (EDTA),Normal,Normal
PAT-10261,49,Female,Erythrocyte Sedimentation Rate (ESR),46.6,mm/hr,0-20 mm/hr,25.5,7.5,Westergren,Whole Blood (EDTA),Moderately Elevated,Moderately Elevated
PAT-10262,50,Female,Erythrocyte Sedimentation Rate (ESR),22.6,mm/hr,0-30 mm/hr,2.6,9.1,Westergren,Whole Blood (EDTA),Normal,Normal
PAT-10263,84,Male,Erythrocyte Sedimentation Rate (ESR),7.9,mm/hr,0-20 mm/hr,1.7,5.8,Westergren,Whole Blood (EDTA),Normal,Normal
PAT-10264,35,Female,Erythrocyte Sedimentation Rate (ESR),83.7,mm/hr,0-20 mm/hr,57.0,5.9,Westergren,Whole Blood (EDTA),High (Significant Inflammation),High (Significant Inflammation)
PAT-10265,42,Male,Erythrocyte Sedimentation Rate (ESR),4.3,mm/hr,0-15 mm/hr,2.6,9.8,Westergren,Whole Blood (EDTA),Normal,Normal
PAT-10266,71,Male,Erythrocyte Sedimentation Rate (ESR),17.4,mm/hr,0-20 mm/hr,6.4,4.7,Westergren,Whole Blood (EDTA),Normal,Normal
PAT-10267,75,Male,Erythrocyte Sedimentation Rate (ESR),17.3,mm/hr,0-20 mm/hr,7.3,6.6,Westergren,Whole Blood (EDTA),Normal,Normal
PAT-10268,84,Female,Erythrocyte Sedimentation Rate (ESR),20.8,mm/hr,0-30 mm/hr,7.8,7.6,Westergren,Whole Blood (EDTA),Normal,Normal
PAT-10269,63,Female,Erythrocyte Sedimentation Rate (ESR),46.0,mm/hr,0-30 mm/hr,13.4,7.7,Westergren,Whole Blood (EDTA),Moderately Elevated,Moderately Elevated
PAT-10270,41,Female,Erythrocyte Sedimentation Rate (ESR),10.7,mm/hr,0-20 mm/hr,7.1,7.1,Westergren,Whole Blood (EDTA),Normal,Normal
PAT-10271,49,Male,Erythrocyte Sedimentation Rate (ESR),38.1,mm/hr,0-15 mm/hr,55.6,8.3,Westergren,Whole Blood (EDTA),Moderately Elevated,Moderately Elevated
PAT-10272,64,Male,Erythrocyte Sedimentation Rate (ESR),21.0,mm/hr,0-20 mm/hr,1.3,9.0,Westergren,Whole Blood (EDTA),Moderately Elevated,Moderately Elevated
PAT-10273,40,Female,Erythrocyte Sedimentation Rate (ESR),72.3,mm/hr,0-20 mm/hr,46.1,9.0,Westergren,Whole Blood (EDTA),High (Significant Inflammation),High (Significant Inflammation)
PAT-10274,83,Male,Erythrocyte Sedimentation Rate (ESR),53.6,mm/hr,0-20 mm/hr,22.9,5.4,Westergren,Whole Blood (EDTA),High (Significant Inflammation),High (Significant Inflammation)
PAT-10275,44,Male,Erythrocyte Sedimentation Rate (ESR),13.3,mm/hr,0-15 mm/hr,1.7,6.9,Westergren,Whole Blood (EDTA),Normal,Normal
PAT-10276,19,Male,Erythrocyte Sedimentation Rate (ESR),48.3,mm/hr,0-15 mm/hr,11.4,10.0,Westergren,Whole Blood (EDTA),Moderately Elevated,Moderately Elevated
PAT-10277,34,Female,Erythrocyte Sedimentation Rate (ESR),46.5,mm/hr,0-20 mm/hr,28.8,9.4,Westergren,Whole Blood (EDTA),Moderately Elevated,Moderately Elevated
PAT-10278,50,Female,Erythrocyte Sedimentation Rate (ESR),29.9,mm/hr,0-30 mm/hr,6.0,4.6,Westergren,Whole Blood (EDTA),Normal,Normal
PAT-10279,26,Male,Erythrocyte Sedimentation Rate (ESR),16.5,mm/hr,0-15 mm/hr,3.9,8.2,Westergren,Whole Blood (EDTA),Moderately Elevated,Moderately Elevated
PAT-10280,60,Male,Erythrocyte Sedimentation Rate (ESR),11.5,mm/hr,0-20 mm/hr,7.9,3.3,Westergren,Whole Blood (EDTA),Normal,Normal
PAT-10281,65,Female,Erythrocyte Sedimentation Rate (ESR),95.5,mm/hr,0-30 mm/hr,21.8,7.6,Westergren,Whole Blood (EDTA),High (Significant Inflammation),High (Significant Inflammation)
PAT-10282,56,Female,Erythrocyte Sedimentation Rate (ESR),13.4,mm/hr,0-30 mm/hr,3.2,11.5,Westergren,Whole Blood (EDTA),Normal,Normal
PAT-10283,59,Male,Erythrocyte Sedimentation Rate (ESR),4.5,mm/hr,0-20 mm/hr,4.1,5.5,Westergren,Whole Blood (EDTA),Normal,Normal
PAT-10284,43,Female,Erythrocyte Sedimentation Rate (ESR),12.6,mm/hr,0-20 mm/hr,4.3,5.7,Westergren,Whole Blood (EDTA),Normal,Normal
PAT-10285,67,Male,Erythrocyte Sedimentation Rate (ESR),13.7,mm/hr,0-20 mm/hr,2.9,9.1,Westergren,Whole Blood (EDTA),Normal,Normal
PAT-10286,42,Male,Erythrocyte Sedimentation Rate (ESR),3.1,mm/hr,0-15 mm/hr,6.0,4.3,Westergren,Whole Blood (EDTA),Normal,Normal
PAT-10287,41,Female,Erythrocyte Sedimentation Rate (ESR),7.6,mm/hr,0-20 mm/hr,7.1,6.2,Westergren,Whole Blood (EDTA),Normal,Normal
PAT-10288,30,Male,Erythrocyte Sedimentation Rate (ESR),15.2,mm/hr,0-15 mm/hr,7.5,8.8,Westergren,Whole Blood (EDTA),Moderately Elevated,Moderately Elevated
PAT-10289,77,Female,Erythrocyte Sedimentation Rate (ESR),19.0,mm/hr,0-30 mm/hr,6.5,6.2,Westergren,Whole Blood (EDTA),Normal,Normal
PAT-10290,24,Male,Erythrocyte Sedimentation Rate (ESR),4.3,mm/hr,0-15 mm/hr,6.9,7.0,Westergren,Whole Blood (EDTA),Normal,Normal
PAT-10291,74,Male,Erythrocyte Sedimentation Rate (ESR),7.4,mm/hr,0-20 mm/hr,4.6,9.1,Westergren,Whole Blood (EDTA),Normal,Normal
PAT-10292,53,Female,Erythrocyte Sedimentation Rate (ESR),11.2,mm/hr,0-30 mm/hr,6.7,8.4,Westergren,Whole Blood (EDTA),Normal,Normal
PAT-10293,62,Male,Erythrocyte Sedimentation Rate (ESR),42.3,mm/hr,0-20 mm/hr,43.1,8.1,Westergren,Whole Blood (EDTA),Moderately Elevated,Moderately Elevated
PAT-10294,37,Female,Erythrocyte Sedimentation Rate (ESR),9.0,mm/hr,0-20 mm/hr,3.5,6.8,Westergren,Whole Blood (EDTA),Normal,Normal
PAT-10295,82,Male,Erythrocyte Sedimentation Rate (ESR),39.6,mm/hr,0-20 mm/hr,55.8,8.3,Westergren,Whole Blood (EDTA),Moderately Elevated,Moderately Elevated
PAT-10296,25,Male,Erythrocyte Sedimentation Rate (ESR),41.4,mm/hr,0-15 mm/hr,35.1,7.2,Westergren,Whole Blood (EDTA),Moderately Elevated,Moderately Elevated
PAT-10297,33,Male,Erythrocyte Sedimentation Rate (ESR),2.1,mm/hr,0-15 mm/hr,2.6,8.5,Westergren,Whole Blood (EDTA),Normal,Normal
PAT-10298,31,Female,Erythrocyte Sedimentation Rate (ESR),57.9,mm/hr,0-20 mm/hr,16.8,6.5,Westergren,Whole Blood (EDTA),High (Significant Inflammation),High (Significant Inflammation)
PAT-10299,32,Male,Erythrocyte Sedimentation Rate (ESR),46.3,mm/hr,0-15 mm/hr,58.9,7.1,Westergren,Whole Blood (EDTA),Moderately Elevated,Moderately Elevated
PAT-10300,83,Female,Erythrocyte Sedimentation Rate (ESR),12.1,mm/hr,0-30 mm/hr,1.2,5.4,Westergren,Whole Blood (EDTA),Normal,Normal
PAT-10301,49,Male,Erythrocyte Sedimentation Rate (ESR),16.3,mm/hr,0-15 mm/hr,4.5,7.4,Westergren,Whole Blood (EDTA),Moderately Elevated,Moderately Elevated
PAT-10302,80,Female,Erythrocyte Sedimentation Rate (ESR),29.4,mm/hr,0-30 mm/hr,0.9,5.8,Westergren,Whole Blood (EDTA),Normal,Normal
PAT-10303,68,Male,Erythrocyte Sedimentation Rate (ESR),21.3,mm/hr,0-20 mm/hr,1.3,5.2,Westergren,Whole Blood (EDTA),Moderately Elevated,Moderately Elevated
PAT-10304,42,Female,Erythrocyte Sedimentation Rate (ESR),65.7,mm/hr,0-20 mm/hr,23.6,8.0,Westergren,Whole Blood (EDTA),High (Significant Inflammation),High (Significant Inflammation)
PAT-10305,75,Female,Erythrocyte Sedimentation Rate (ESR),21.3,mm/hr,0-30 mm/hr,4.0,7.9,Westergren,Whole Blood (EDTA),Normal,Normal
PAT-10306,80,Female,Erythrocyte Sedimentation Rate (ESR),3.1,mm/hr,0-30 mm/hr,3.7,9.1,Westergren,Whole Blood (EDTA),Normal,Normal
PAT-10307,79,Female,Erythrocyte Sedimentation Rate (ESR),82.0,mm/hr,0-30 mm/hr,14.4,6.6,Westergren,Whole Blood (EDTA),High (Significant Inflammation),High (Significant Inflammation)
PAT-10308,39,Female,Erythrocyte Sedimentation Rate (ESR),17.5,mm/hr,0-20 mm/hr,6.0,8.4,Westergren,Whole Blood (EDTA),Normal,Normal
PAT-10309,75,Female,Erythrocyte Sedimentation Rate (ESR),23.4,mm/hr,0-30 mm/hr,3.7,8.7,Westergren,Whole Blood (EDTA),Normal,Normal
PAT-10310,75,Male,Erythrocyte Sedimentation Rate (ESR),68.2,mm/hr,0-20 mm/hr,41.5,8.4,Westergren,Whole Blood (EDTA),High (Significant Inflammation),High (Significant Inflammation)
PAT-10311,66,Male,Erythrocyte Sedimentation Rate (ESR),3.0,mm/hr,0-20 mm/hr,2.9,5.8,Westergren,Whole Blood (EDTA),Normal,Normal
PAT-10312,69,Female,Erythrocyte Sedimentation Rate (ESR),30.7,mm/hr,0-30 mm/hr,18.3,7.8,Westergren,Whole Blood (EDTA),Moderately Elevated,Moderately Elevated
PAT-10313,59,Female,Erythrocyte Sedimentation Rate (ESR),15.5,mm/hr,0-30 mm/hr,0.9,8.3,Westergren,Whole Blood (EDTA),Normal,Normal
PAT-10314,32,Female,Erythrocyte Sedimentation Rate (ESR),7.0,mm/hr,0-20 mm/hr,0.6,7.5,Westergren,Whole Blood (EDTA),Normal,Normal
PAT-10315,71,Female,Erythrocyte Sedimentation Rate (ESR),13.7,mm/hr,0-30 mm/hr,6.5,3.1,Westergren,Whole Blood (EDTA),Normal,Normal
PAT-10316,77,Male,Erythrocyte Sedimentation Rate (ESR),63.2,mm/hr,0-20 mm/hr,13.5,7.8,Westergren,Whole Blood (EDTA),High (Significant Inflammation),High (Significant Inflammation)
PAT-10317,25,Male,Erythrocyte Sedimentation Rate (ESR),15.6,mm/hr,0-15 mm/hr,1.5,12.1,Westergren,Whole Blood (EDTA),Moderately Elevated,Moderately Elevated
PAT-10318,70,Female,Erythrocyte Sedimentation Rate (ESR),70.7,mm/hr,0-30 mm/hr,16.0,6.7,Westergren,Whole Blood (EDTA),High (Significant Inflammation),High (Significant Inflammation)
PAT-10319,77,Male,Erythrocyte Sedimentation Rate (ESR),6.3,mm/hr,0-20 mm/hr,7.5,6.0,Westergren,Whole Blood (EDTA),Normal,Normal
PAT-10320,22,Male,Erythrocyte Sedimentation Rate (ESR),11.7,mm/hr,0-15 mm/hr,6.9,8.3,Westergren,Whole Blood (EDTA),Normal,Normal
PAT-10321,23,Female,Erythrocyte Sedimentation Rate (ESR),63.2,mm/hr,0-20 mm/hr,34.8,8.2,Westergren,Whole Blood (EDTA),High (Significant Inflammation),High (Significant Inflammation)
PAT-10322,64,Male,Erythrocyte Sedimentation Rate (ESR),8.3,mm/hr,0-20 mm/hr,4.1,10.0,Westergren,Whole Blood (EDTA),Normal,Normal
PAT-10323,72,Female,Erythrocyte Sedimentation Rate (ESR),14.5,mm/hr,0-30 mm/hr,4.4,4.9,Westergren,Whole Blood (EDTA),Normal,Normal
PAT-10324,57,Male,Erythrocyte Sedimentation Rate (ESR),6.0,mm/hr,0-20 mm/hr,7.8,9.0,Westergren,Whole Blood (EDTA),Normal,Normal
PAT-10325,69,Female,Erythrocyte Sedimentation Rate (ESR),11.3,mm/hr,0-30 mm/hr,7.7,8.7,Westergren,Whole Blood (EDTA),Normal,Normal
PAT-10326,33,Male,Erythrocyte Sedimentation Rate (ESR),2.9,mm/hr,0-15 mm/hr,2.1,7.2,Westergren,Whole Blood (EDTA),Normal,Normal
PAT-10327,30,Male,Erythrocyte Sedimentation Rate (ESR),48.6,mm/hr,0-15 mm/hr,28.1,8.2,Westergren,Whole Blood (EDTA),Moderately Elevated,Moderately Elevated
PAT-10328,47,Male,Erythrocyte Sedimentation Rate (ESR),2.2,mm/hr,0-15 mm/hr,2.0,9.7,Westergren,Whole Blood (EDTA),Normal,Normal
PAT-10329,36,Male,Erythrocyte Sedimentation Rate (ESR),7.4,mm/hr,0-15 mm/hr,2.1,9.3,Westergren,Whole Blood (EDTA),Normal,Normal
PAT-10330,34,Male,Erythrocyte Sedimentation Rate (ESR),49.7,mm/hr,0-15 mm/hr,28.1,5.1,Westergren,Whole Blood (EDTA),Moderately Elevated,Moderately Elevated
PAT-10331,80,Male,Erythrocyte Sedimentation Rate (ESR),10.1,mm/hr,0-20 mm/hr,3.5,9.2,Westergren,Whole Blood (EDTA),Normal,Normal
PAT-10332,36,Female,Erythrocyte Sedimentation Rate (ESR),14.3,mm/hr,0-20 mm/hr,7.5,7.4,Westergren,Whole Blood (EDTA),Normal,Normal
PAT-10333,75,Male,Erythrocyte Sedimentation Rate (ESR),84.5,mm/hr,0-20 mm/hr,33.7,7.7,Westergren,Whole Blood (EDTA),High (Significant Inflammation),High (Significant Inflammation)
PAT-10334,72,Female,Erythrocyte Sedimentation Rate (ESR),22.6,mm/hr,0-30 mm/hr,4.3,7.7,Westergren,Whole Blood (EDTA),Normal,Normal
PAT-10335,79,Female,Erythrocyte Sedimentation Rate (ESR),25.4,mm/hr,0-30 mm/hr,7.4,7.2,Westergren,Whole Blood (EDTA),Normal,Normal
PAT-10336,40,Female,Erythrocyte Sedimentation Rate (ESR),12.9,mm/hr,0-20 mm/hr,7.3,10.0,Westergren,Whole Blood (EDTA),Normal,Normal
PAT-10337,26,Male,Erythrocyte Sedimentation Rate (ESR),4.0,mm/hr,0-15 mm/hr,1.7,7.3,Westergren,Whole Blood (EDTA),Normal,Normal
PAT-10338,29,Female,Erythrocyte Sedimentation Rate (ESR),83.0,mm/hr,0-20 mm/hr,54.3,5.1,Westergren,Whole Blood (EDTA),High (Significant Inflammation),High (Significant Inflammation)
PAT-10339,18,Male,Erythrocyte Sedimentation Rate (ESR),32.1,mm/hr,0-15 mm/hr,30.5,6.7,Westergren,Whole Blood (EDTA),Moderately Elevated,Moderately Elevated
PAT-10340,75,Male,Erythrocyte Sedimentation Rate (ESR),68.4,mm/hr,0-20 mm/hr,40.2,7.9,Westergren,Whole Blood (EDTA),High (Significant Inflammation),High (Significant Inflammation)
PAT-10341,18,Female,Erythrocyte Sedimentation Rate (ESR),10.1,mm/hr,0-20 mm/hr,7.8,10.1,Westergren,Whole Blood (EDTA),Normal,Normal
PAT-10342,51,Male,Erythrocyte Sedimentation Rate (ESR),65.3,mm/hr,0-20 mm/hr,30.9,8.8,Westergren,Whole Blood (EDTA),High (Significant Inflammation),High (Significant Inflammation)
PAT-10343,65,Female,Erythrocyte Sedimentation Rate (ESR),27.6,mm/hr,0-30 mm/hr,1.8,5.7,Westergren,Whole Blood (EDTA),Normal,Normal
PAT-10344,18,Female,Erythrocyte Sedimentation Rate (ESR),84.2,mm/hr,0-20 mm/hr,14.7,12.7,Westergren,Whole Blood (EDTA),High (Significant Inflammation),High (Significant Inflammation)
PAT-10345,33,Female,Erythrocyte Sedimentation Rate (ESR),11.7,mm/hr,0-20 mm/hr,1.1,8.1,Westergren,Whole Blood (EDTA),Normal,Normal
PAT-10346,78,Female,Erythrocyte Sedimentation Rate (ESR),11.8,mm/hr,0-30 mm/hr,7.3,10.2,Westergren,Whole Blood (EDTA),Normal,Normal
PAT-10347,81,Male,Erythrocyte Sedimentation Rate (ESR),43.9,mm/hr,0-20 mm/hr,21.8,7.2,Westergren,Whole Blood (EDTA),Moderately Elevated,Moderately Elevated
PAT-10348,80,Male,Erythrocyte Sedimentation Rate (ESR),16.9,mm/hr,0-20 mm/hr,3.6,8.6,Westergren,Whole Blood (EDTA),Normal,Normal
PAT-10349,39,Female,Erythrocyte Sedimentation Rate (ESR),4.1,mm/hr,0-20 mm/hr,3.9,9.3,Westergren,Whole Blood (EDTA),Normal,Normal
PAT-10350,84,Male,Erythrocyte Sedimentation Rate (ESR),20.9,mm/hr,0-20 mm/hr,5.0,10.1,Westergren,Whole Blood (EDTA),Moderately Elevated,Moderately Elevated
PAT-10351,43,Male,Erythrocyte Sedimentation Rate (ESR),17.9,mm/hr,0-15 mm/hr,1.0,9.7,Westergren,Whole Blood (EDTA),Moderately Elevated,Moderately Elevated
PAT-10352,33,Male,Erythrocyte Sedimentation Rate (ESR),17.4,mm/hr,0-15 mm/hr,2.2,9.3,Westergren,Whole Blood (EDTA),Moderately Elevated,Moderately Elevated
PAT-10353,68,Male,Erythrocyte Sedimentation Rate (ESR),45.6,mm/hr,0-20 mm/hr,58.0,6.8,Westergren,Whole Blood (EDTA),Moderately Elevated,Moderately Elevated
PAT-10354,74,Male,Erythrocyte Sedimentation Rate (ESR),60.9,mm/hr,0-20 mm/hr,52.6,6.3,Westergren,Whole Blood (EDTA),High (Significant Inflammation),High (Significant Inflammation)
PAT-10355,46,Male,Erythrocyte Sedimentation Rate (ESR),11.3,mm/hr,0-15 mm/hr,6.4,8.2,Westergren,Whole Blood (EDTA),Normal,Normal
PAT-10356,64,Female,Erythrocyte Sedimentation Rate (ESR),83.3,mm/hr,0-30 mm/hr,30.3,9.5,Westergren,Whole Blood (EDTA),High (Significant Inflammation),High (Significant Inflammation)
PAT-10357,79,Female,Erythrocyte Sedimentation Rate (ESR),22.5,mm/hr,0-30 mm/hr,3.0,7.0,Westergren,Whole Blood (EDTA),Normal,Normal
PAT-10358,33,Female,Erythrocyte Sedimentation Rate (ESR),80.4,mm/hr,0-20 mm/hr,17.2,9.7,Westergren,Whole Blood (EDTA),High (Significant Inflammation),High (Significant Inflammation)
PAT-10359,65,Male,Erythrocyte Sedimentation Rate (ESR),80.9,mm/hr,0-20 mm/hr,10.4,10.6,Westergren,Whole Blood (EDTA),High (Significant Inflammation),High (Significant Inflammation)
PAT-10360,56,Male,Erythrocyte Sedimentation Rate (ESR),3.2,mm/hr,0-20 mm/hr,7.3,5.6,Westergren,Whole Blood (EDTA),Normal,Normal
PAT-10361,50,Male,Erythrocyte Sedimentation Rate (ESR),58.7,mm/hr,0-20 mm/hr,39.3,5.7,Westergren,Whole Blood (EDTA),High (Significant Inflammation),High (Significant Inflammation)
PAT-10362,40,Female,Erythrocyte Sedimentation Rate (ESR),5.6,mm/hr,0-20 mm/hr,1.0,7.2,Westergren,Whole Blood (EDTA),Normal,Normal
PAT-10363,27,Female,Erythrocyte Sedimentation Rate (ESR),13.1,mm/hr,0-20 mm/hr,7.3,8.1,Westergren,Whole Blood (EDTA),Normal,Normal
PAT-10364,51,Male,Erythrocyte Sedimentation Rate (ESR),71.0,mm/hr,0-20 mm/hr,10.4,6.4,Westergren,Whole Blood (EDTA),High (Significant Inflammation),High (Significant Inflammation)
PAT-10365,69,Female,Erythrocyte Sedimentation Rate (ESR),76.3,mm/hr,0-30 mm/hr,31.1,10.3,Westergren,Whole Blood (EDTA),High (Significant Inflammation),High (Significant Inflammation)
PAT-10366,27,Male,Erythrocyte Sedimentation Rate (ESR),10.7,mm/hr,0-15 mm/hr,4.5,8.4,Westergren,Whole Blood (EDTA),Normal,Normal
PAT-10367,36,Female,Erythrocyte Sedimentation Rate (ESR),3.8,mm/hr,0-20 mm/hr,2.8,7.6,Westergren,Whole Blood (EDTA),Normal,Normal
PAT-10368,75,Female,Erythrocyte Sedimentation Rate (ESR),51.4,mm/hr,0-30 mm/hr,46.6,4.5,Westergren,Whole Blood (EDTA),High (Significant Inflammation),High (Significant Inflammation)
PAT-10369,18,Female,Erythrocyte Sedimentation Rate (ESR),93.1,mm/hr,0-20 mm/hr,21.7,4.7,Westergren,Whole Blood (EDTA),High (Significant Inflammation),High (Significant Inflammation)
PAT-10370,21,Female,Erythrocyte Sedimentation Rate (ESR),19.2,mm/hr,0-20 mm/hr,4.8,8.1,Westergren,Whole Blood (EDTA),Normal,Normal
PAT-10371,33,Female,Erythrocyte Sedimentation Rate (ESR),56.1,mm/hr,0-20 mm/hr,39.4,3.0,Westergren,Whole Blood (EDTA),High (Significant Inflammation),High (Significant Inflammation)
PAT-10372,41,Male,Erythrocyte Sedimentation Rate (ESR),17.9,mm/hr,0-15 mm/hr,4.3,9.6,Westergren,Whole Blood (EDTA),Moderately Elevated,Moderately Elevated
PAT-10373,19,Female,Erythrocyte Sedimentation Rate (ESR),21.6,mm/hr,0-20 mm/hr,1.1,7.2,Westergren,Whole Blood (EDTA),Moderately Elevated,Moderately Elevated
PAT-10374,49,Male,Erythrocyte Sedimentation Rate (ESR),6.2,mm/hr,0-15 mm/hr,5.2,14.3,Westergren,Whole Blood (EDTA),Normal,Normal
PAT-10375,41,Female,Erythrocyte Sedimentation Rate (ESR),14.3,mm/hr,0-20 mm/hr,3.1,12.3,Westergren,Whole Blood (EDTA),Normal,Normal
PAT-10376,29,Female,Erythrocyte Sedimentation Rate (ESR),88.9,mm/hr,0-20 mm/hr,30.8,7.1,Westergren,Whole Blood (EDTA),High (Significant Inflammation),High (Significant Inflammation)
PAT-10377,67,Female,Erythrocyte Sedimentation Rate (ESR),96.4,mm/hr,0-30 mm/hr,22.9,7.3,Westergren,Whole Blood (EDTA),High (Significant Inflammation),High (Significant Inflammation)
PAT-10378,52,Male,Erythrocyte Sedimentation Rate (ESR),21.2,mm/hr,0-20 mm/hr,1.9,9.6,Westergren,Whole Blood (EDTA),Moderately Elevated,Moderately Elevated
PAT-10379,50,Female,Erythrocyte Sedimentation Rate (ESR),31.3,mm/hr,0-30 mm/hr,43.5,11.1,Westergren,Whole Blood (EDTA),Moderately Elevated,Moderately Elevated
PAT-10380,50,Female,Erythrocyte Sedimentation Rate (ESR),7.7,mm/hr,0-30 mm/hr,6.3,4.1,Westergren,Whole Blood (EDTA),Normal,Normal
PAT-10381,78,Female,Erythrocyte Sedimentation Rate (ESR),23.8,mm/hr,0-30 mm/hr,2.5,3.7,Westergren,Whole Blood (EDTA),Normal,Normal
PAT-10382,68,Male,Erythrocyte Sedimentation Rate (ESR),73.1,mm/hr,0-20 mm/hr,20.2,6.2,Westergren,Whole Blood (EDTA),High (Significant Inflammation),High (Significant Inflammation)
PAT-10383,60,Male,Erythrocyte Sedimentation Rate (ESR),76.9,mm/hr,0-20 mm/hr,41.3,8.7,Westergren,Whole Blood (EDTA),High (Significant Inflammation),High (Significant Inflammation)
PAT-10384,29,Male,Erythrocyte Sedimentation Rate (ESR),2.2,mm/hr,0-15 mm/hr,2.9,8.5,Westergren,Whole Blood (EDTA),Normal,Normal
PAT-10385,84,Male,Erythrocyte Sedimentation Rate (ESR),80.5,mm/hr,0-20 mm/hr,59.8,9.7,Westergren,Whole Blood (EDTA),High (Significant Inflammation),High (Significant Inflammation)
PAT-10386,82,Female,Erythrocyte Sedimentation Rate (ESR),57.5,mm/hr,0-30 mm/hr,34.0,5.0,Westergren,Whole Blood (EDTA),High (Significant Inflammation),High (Significant Inflammation)
PAT-10387,50,Male,Erythrocyte Sedimentation Rate (ESR),19.0,mm/hr,0-20 mm/hr,7.5,3.0,Westergren,Whole Blood (EDTA),Normal,Normal
PAT-10388,57,Female,Erythrocyte Sedimentation Rate (ESR),5.8,mm/hr,0-30 mm/hr,2.1,9.3,Westergren,Whole Blood (EDTA),Normal,Normal
PAT-10389,60,Male,Erythrocyte Sedimentation Rate (ESR),2.6,mm/hr,0-20 mm/hr,3.2,5.8,Westergren,Whole Blood (EDTA),Normal,Normal
PAT-10390,61,Male,Erythrocyte Sedimentation Rate (ESR),15.2,mm/hr,0-20 mm/hr,1.6,3.3,Westergren,Whole Blood (EDTA),Normal,Normal
PAT-10391,46,Female,Erythrocyte Sedimentation Rate (ESR),53.4,mm/hr,0-20 mm/hr,32.6,7.8,Westergren,Whole Blood (EDTA),High (Significant Inflammation),High (Significant Inflammation)
PAT-10392,30,Female,Erythrocyte Sedimentation Rate (ESR),21.9,mm/hr,0-20 mm/hr,4.0,9.2,Westergren,Whole Blood (EDTA),Moderately Elevated,Moderately Elevated
PAT-10393,29,Female,Erythrocyte Sedimentation Rate (ESR),61.0,mm/hr,0-20 mm/hr,39.3,7.2,Westergren,Whole Blood (EDTA),High (Significant Inflammation),High (Significant Inflammation)
PAT-10394,63,Female,Erythrocyte Sedimentation Rate (ESR),24.9,mm/hr,0-30 mm/hr,7.5,6.5,Westergren,Whole Blood (EDTA),Normal,Normal
PAT-10395,19,Female,Erythrocyte Sedimentation Rate (ESR),21.1,mm/hr,0-20 mm/hr,3.4,7.2,Westergren,Whole Blood (EDTA),Moderately Elevated,Moderately Elevated
PAT-10396,52,Male,Erythrocyte Sedimentation Rate (ESR),9.1,mm/hr,0-20 mm/hr,4.2,6.7,Westergren,Whole Blood (EDTA),Normal,Normal
PAT-10397,25,Female,Erythrocyte Sedimentation Rate (ESR),7.8,mm/hr,0-20 mm/hr,7.2,4.7,Westergren,Whole Blood (EDTA),Normal,Normal
PAT-10398,43,Female,Erythrocyte Sedimentation Rate (ESR),9.8,mm/hr,0-20 mm/hr,6.6,6.0,Westergren,Whole Blood (EDTA),Normal,Normal
PAT-10399,51,Female,Erythrocyte Sedimentation Rate (ESR),10.0,mm/hr,0-30 mm/hr,0.5,8.6,Westergren,Whole Blood (EDTA),Normal,Normal
PAT-10400,24,Male,Erythrocyte Sedimentation Rate (ESR),46.8,mm/hr,0-15 mm/hr,57.6,8.2,Westergren,Whole Blood (EDTA),Moderately Elevated,Moderately Elevated
PAT-10401,75,Female,Erythrocyte Sedimentation Rate (ESR),9.4,mm/hr,0-30 mm/hr,3.7,7.9,Westergren,Whole Blood (EDTA),Normal,Normal
PAT-10402,46,Male,Erythrocyte Sedimentation Rate (ESR),36.3,mm/hr,0-15 mm/hr,41.6,5.4,Westergren,Whole Blood (EDTA),Moderately Elevated,Moderately Elevated
PAT-10403,53,Male,Erythrocyte Sedimentation Rate (ESR),7.6,mm/hr,0-20 mm/hr,2.0,7.1,Westergren,Whole Blood (EDTA),Normal,Normal
PAT-10404,38,Male,Erythrocyte Sedimentation Rate (ESR),11.3,mm/hr,0-15 mm/hr,0.8,3.0,Westergren,Whole Blood (EDTA),Normal,Normal
PAT-10405,53,Male,Erythrocyte Sedimentation Rate (ESR),13.6,mm/hr,0-20 mm/hr,5.3,7.9,Westergren,Whole Blood (EDTA),Normal,Normal
PAT-10406,27,Female,Erythrocyte Sedimentation Rate (ESR),17.4,mm/hr,0-20 mm/hr,2.5,10.5,Westergren,Whole Blood (EDTA),Normal,Normal
PAT-10407,41,Female,Erythrocyte Sedimentation Rate (ESR),79.4,mm/hr,0-20 mm/hr,41.1,4.4,Westergren,Whole Blood (EDTA),High (Significant Inflammation),High (Significant Inflammation)
PAT-10408,81,Female,Erythrocyte Sedimentation Rate (ESR),28.9,mm/hr,0-30 mm/hr,2.2,6.3,Westergren,Whole Blood (EDTA),Normal,Normal
PAT-10409,66,Male,Erythrocyte Sedimentation Rate (ESR),17.6,mm/hr,0-20 mm/hr,6.5,8.2,Westergren,Whole Blood (EDTA),Normal,Normal
PAT-10410,53,Male,Erythrocyte Sedimentation Rate (ESR),12.0,mm/hr,0-20 mm/hr,6.9,10.1,Westergren,Whole Blood (EDTA),Normal,Normal
PAT-10411,41,Male,Erythrocyte Sedimentation Rate (ESR),45.8,mm/hr,0-15 mm/hr,18.2,6.6,Westergren,Whole Blood (EDTA),Moderately Elevated,Moderately Elevated
PAT-10412,40,Female,Erythrocyte Sedimentation Rate (ESR),19.2,mm/hr,0-20 mm/hr,3.6,6.0,Westergren,Whole Blood (EDTA),Normal,Normal
PAT-10413,79,Male,Erythrocyte Sedimentation Rate (ESR),31.9,mm/hr,0-20 mm/hr,56.3,3.4,Westergren,Whole Blood (EDTA),Moderately Elevated,Moderately Elevated
PAT-10414,54,Female,Erythrocyte Sedimentation Rate (ESR),17.7,mm/hr,0-30 mm/hr,2.0,7.7,Westergren,Whole Blood (EDTA),Normal,Normal
PAT-10415,29,Female,Erythrocyte Sedimentation Rate (ESR),18.4,mm/hr,0-20 mm/hr,2.1,11.8,Westergren,Whole Blood (EDTA),Normal,Normal
PAT-10416,72,Male,Erythrocyte Sedimentation Rate (ESR),8.6,mm/hr,0-20 mm/hr,2.7,8.1,Westergren,Whole Blood (EDTA),Normal,Normal
PAT-10417,30,Female,Erythrocyte Sedimentation Rate (ESR),17.7,mm/hr,0-20 mm/hr,1.8,7.5,Westergren,Whole Blood (EDTA),Normal,Normal
PAT-10418,40,Female,Erythrocyte Sedimentation Rate (ESR),5.9,mm/hr,0-20 mm/hr,3.3,8.2,Westergren,Whole Blood (EDTA),Normal,Normal
PAT-10419,47,Female,Erythrocyte Sedimentation Rate (ESR),13.2,mm/hr,0-20 mm/hr,7.3,7.5,Westergren,Whole Blood (EDTA),Normal,Normal
PAT-10420,34,Female,Erythrocyte Sedimentation Rate (ESR),38.0,mm/hr,0-20 mm/hr,24.3,5.8,Westergren,Whole Blood (EDTA),Moderately Elevated,Moderately Elevated
PAT-10421,79,Male,Erythrocyte Sedimentation Rate (ESR),42.3,mm/hr,0-20 mm/hr,39.3,9.2,Westergren,Whole Blood (EDTA),Moderately Elevated,Moderately Elevated
PAT-10422,30,Male,Erythrocyte Sedimentation Rate (ESR),10.4,mm/hr,0-15 mm/hr,7.5,8.0,Westergren,Whole Blood (EDTA),Normal,Normal
PAT-10423,76,Female,Erythrocyte Sedimentation Rate (ESR),67.5,mm/hr,0-30 mm/hr,58.3,7.5,Westergren,Whole Blood (EDTA),High (Significant Inflammation),High (Significant Inflammation)
PAT-10424,36,Female,Erythrocyte Sedimentation Rate (ESR),8.8,mm/hr,0-20 mm/hr,2.1,5.5,Westergren,Whole Blood (EDTA),Normal,Normal
PAT-10425,66,Male,Erythrocyte Sedimentation Rate (ESR),63.5,mm/hr,0-20 mm/hr,42.4,10.2,Westergren,Whole Blood (EDTA),High (Significant Inflammation),High (Significant Inflammation)
PAT-10426,29,Female,Erythrocyte Sedimentation Rate (ESR),7.3,mm/hr,0-20 mm/hr,5.1,8.9,Westergren,Whole Blood (EDTA),Normal,Normal
PAT-10427,78,Female,Erythrocyte Sedimentation Rate (ESR),24.5,mm/hr,0-30 mm/hr,0.8,6.3,Westergren,Whole Blood (EDTA),Normal,Normal
PAT-10428,36,Female,Erythrocyte Sedimentation Rate (ESR),11.0,mm/hr,0-20 mm/hr,3.5,9.6,Westergren,Whole Blood (EDTA),Normal,Normal
PAT-10429,26,Male,Erythrocyte Sedimentation Rate (ESR),7.2,mm/hr,0-15 mm/hr,5.4,6.5,Westergren,Whole Blood (EDTA),Normal,Normal
PAT-10430,45,Female,Erythrocyte Sedimentation Rate (ESR),18.5,mm/hr,0-20 mm/hr,5.7,5.9,Westergren,Whole Blood (EDTA),Normal,Normal
PAT-10431,69,Female,Erythrocyte Sedimentation Rate (ESR),83.9,mm/hr,0-30 mm/hr,54.6,5.9,Westergren,Whole Blood (EDTA),High (Significant Inflammation),High (Significant Inflammation)
PAT-10432,33,Male,Erythrocyte Sedimentation Rate (ESR),17.8,mm/hr,0-15 mm/hr,2.9,3.8,Westergren,Whole Blood (EDTA),Moderately Elevated,Moderately Elevated
PAT-10433,29,Male,Erythrocyte Sedimentation Rate (ESR),8.3,mm/hr,0-15 mm/hr,1.2,8.5,Westergren,Whole Blood (EDTA),Normal,Normal
PAT-10434,42,Female,Erythrocyte Sedimentation Rate (ESR),15.6,mm/hr,0-20 mm/hr,3.7,3.7,Westergren,Whole Blood (EDTA),Normal,Normal
PAT-10435,69,Male,Erythrocyte Sedimentation Rate (ESR),73.4,mm/hr,0-20 mm/hr,59.4,4.9,Westergren,Whole Blood (EDTA),High (Significant Inflammation),High (Significant Inflammation)
PAT-10436,70,Female,Erythrocyte Sedimentation Rate (ESR),79.8,mm/hr,0-30 mm/hr,29.5,3.1,Westergren,Whole Blood (EDTA),High (Significant Inflammation),High (Significant Inflammation)
PAT-10437,40,Female,Erythrocyte Sedimentation Rate (ESR),3.8,mm/hr,0-20 mm/hr,4.1,7.3,Westergren,Whole Blood (EDTA),Normal,Normal
PAT-10438,33,Male,Erythrocyte Sedimentation Rate (ESR),51.5,mm/hr,0-15 mm/hr,44.2,7.2,Westergren,Whole Blood (EDTA),High (Significant Inflammation),High (Significant Inflammation)
PAT-10439,74,Female,Erythrocyte Sedimentation Rate (ESR),25.0,mm/hr,0-30 mm/hr,6.2,6.8,Westergren,Whole Blood (EDTA),Normal,Normal
PAT-10440,56,Male,Erythrocyte Sedimentation Rate (ESR),62.7,mm/hr,0-20 mm/hr,21.9,5.3,Westergren,Whole Blood (EDTA),High (Significant Inflammation),High (Significant Inflammation)
PAT-10441,70,Female,Erythrocyte Sedimentation Rate (ESR),30.1,mm/hr,0-30 mm/hr,24.1,5.0,Westergren,Whole Blood (EDTA),Moderately Elevated,Moderately Elevated
PAT-10442,59,Male,Erythrocyte Sedimentation Rate (ESR),15.9,mm/hr,0-20 mm/hr,6.6,8.5,Westergren,Whole Blood (EDTA),Normal,Normal
PAT-10443,75,Female,Erythrocyte Sedimentation Rate (ESR),16.4,mm/hr,0-30 mm/hr,7.0,6.3,Westergren,Whole Blood (EDTA),Normal,Normal
PAT-10444,56,Male,Erythrocyte Sedimentation Rate (ESR),15.9,mm/hr,0-20 mm/hr,5.5,8.2,Westergren,Whole Blood (EDTA),Normal,Normal
PAT-10445,31,Male,Erythrocyte Sedimentation Rate (ESR),15.8,mm/hr,0-15 mm/hr,0.9,5.6,Westergren,Whole Blood (EDTA),Moderately Elevated,Moderately Elevated
PAT-10446,22,Female,Erythrocyte Sedimentation Rate (ESR),53.1,mm/hr,0-20 mm/hr,58.3,7.9,Westergren,Whole Blood (EDTA),High (Significant Inflammation),High (Significant Inflammation)
PAT-10447,52,Male,Erythrocyte Sedimentation Rate (ESR),8.7,mm/hr,0-20 mm/hr,6.2,10.2,Westergren,Whole Blood (EDTA),Normal,Normal
PAT-10448,35,Female,Erythrocyte Sedimentation Rate (ESR),19.3,mm/hr,0-20 mm/hr,1.5,8.7,Westergren,Whole Blood (EDTA),Normal,Normal
PAT-10449,26,Male,Erythrocyte Sedimentation Rate (ESR),13.6,mm/hr,0-15 mm/hr,2.2,6.6,Westergren,Whole Blood (EDTA),Normal,Normal
PAT-10450,75,Female,Erythrocyte Sedimentation Rate (ESR),30.5,mm/hr,0-30 mm/hr,44.0,8.0,Westergren,Whole Blood (EDTA),Moderately Elevated,Moderately Elevated
PAT-10451,34,Male,Erythrocyte Sedimentation Rate (ESR),8.1,mm/hr,0-15 mm/hr,0.7,7.0,Westergren,Whole Blood (EDTA),Normal,Normal
PAT-10452,24,Female,Erythrocyte Sedimentation Rate (ESR),79.7,mm/hr,0-20 mm/hr,17.3,7.5,Westergren,Whole Blood (EDTA),High (Significant Inflammation),High (Significant Inflammation)
PAT-10453,63,Male,Erythrocyte Sedimentation Rate (ESR),2.5,mm/hr,0-20 mm/hr,4.1,6.8,Westergren,Whole Blood (EDTA),Normal,Normal
PAT-10454,30,Male,Erythrocyte Sedimentation Rate (ESR),2.2,mm/hr,0-15 mm/hr,3.9,7.2,Westergren,Whole Blood (EDTA),Normal,Normal
PAT-10455,57,Male,Erythrocyte Sedimentation Rate (ESR),21.4,mm/hr,0-20 mm/hr,0.6,7.9,Westergren,Whole Blood (EDTA),Moderately Elevated,Moderately Elevated
PAT-10456,59,Male,Erythrocyte Sedimentation Rate (ESR),6.7,mm/hr,0-20 mm/hr,6.6,5.4,Westergren,Whole Blood (EDTA),Normal,Normal
PAT-10457,26,Female,Erythrocyte Sedimentation Rate (ESR),18.5,mm/hr,0-20 mm/hr,3.2,5.4,Westergren,Whole Blood (EDTA),Normal,Normal
PAT-10458,67,Male,Erythrocyte Sedimentation Rate (ESR),21.3,mm/hr,0-20 mm/hr,4.6,4.6,Westergren,Whole Blood (EDTA),Moderately Elevated,Moderately Elevated
PAT-10459,44,Female,Erythrocyte Sedimentation Rate (ESR),73.5,mm/hr,0-20 mm/hr,28.4,4.1,Westergren,Whole Blood (EDTA),High (Significant Inflammation),High (Significant Inflammation)
PAT-10460,83,Male,Erythrocyte Sedimentation Rate (ESR),5.6,mm/hr,0-20 mm/hr,5.8,4.9,Westergren,Whole Blood (EDTA),Normal,Normal
PAT-10461,22,Male,Erythrocyte Sedimentation Rate (ESR),10.8,mm/hr,0-15 mm/hr,7.7,7.8,Westergren,Whole Blood (EDTA),Normal,Normal
PAT-10462,46,Female,Erythrocyte Sedimentation Rate (ESR),5.5,mm/hr,0-20 mm/hr,4.5,5.6,Westergren,Whole Blood (EDTA),Normal,Normal
PAT-10463,54,Female,Erythrocyte Sedimentation Rate (ESR),7.6,mm/hr,0-30 mm/hr,3.5,8.6,Westergren,Whole Blood (EDTA),Normal,Normal
PAT-10464,55,Male,Erythrocyte Sedimentation Rate (ESR),7.8,mm/hr,0-20 mm/hr,7.7,7.6,Westergren,Whole Blood (EDTA),Normal,Normal
PAT-10465,25,Male,Erythrocyte Sedimentation Rate (ESR),12.8,mm/hr,0-15 mm/hr,5.3,3.4,Westergren,Whole Blood (EDTA),Normal,Normal
PAT-10466,82,Male,Erythrocyte Sedimentation Rate (ESR),7.0,mm/hr,0-20 mm/hr,2.7,8.9,Westergren,Whole Blood (EDTA),Normal,Normal
PAT-10467,34,Female,Erythrocyte Sedimentation Rate (ESR),13.9,mm/hr,0-20 mm/hr,1.4,9.2,Westergren,Whole Blood (EDTA),Normal,Normal
PAT-10468,62,Female,Erythrocyte Sedimentation Rate (ESR),29.3,mm/hr,0-30 mm/hr,6.8,5.4,Westergren,Whole Blood (EDTA),Normal,Normal
PAT-10469,21,Male,Erythrocyte Sedimentation Rate (ESR),40.4,mm/hr,0-15 mm/hr,14.4,8.4,Westergren,Whole Blood (EDTA),Moderately Elevated,Moderately Elevated
PAT-10470,53,Female,Erythrocyte Sedimentation Rate (ESR),11.3,mm/hr,0-30 mm/hr,5.5,5.7,Westergren,Whole Blood (EDTA),Normal,Normal
PAT-10471,48,Female,Erythrocyte Sedimentation Rate (ESR),9.7,mm/hr,0-20 mm/hr,4.0,7.7,Westergren,Whole Blood (EDTA),Normal,Normal
PAT-10472,36,Female,Erythrocyte Sedimentation Rate (ESR),9.3,mm/hr,0-20 mm/hr,2.0,4.8,Westergren,Whole Blood (EDTA),Normal,Normal
PAT-10473,78,Female,Erythrocyte Sedimentation Rate (ESR),14.7,mm/hr,0-30 mm/hr,5.0,3.7,Westergren,Whole Blood (EDTA),Normal,Normal
PAT-10474,71,Male,Erythrocyte Sedimentation Rate (ESR),57.0,mm/hr,0-20 mm/hr,50.3,6.7,Westergren,Whole Blood (EDTA),High (Significant Inflammation),High (Significant Inflammation)
PAT-10475,56,Male,Erythrocyte Sedimentation Rate (ESR),15.7,mm/hr,0-20 mm/hr,3.6,7.2,Westergren,Whole Blood (EDTA),Normal,Normal
PAT-10476,36,Male,Erythrocyte Sedimentation Rate (ESR),2.9,mm/hr,0-15 mm/hr,4.6,6.7,Westergren,Whole Blood (EDTA),Normal,Normal
PAT-10477,56,Male,Erythrocyte Sedimentation Rate (ESR),20.9,mm/hr,0-20 mm/hr,3.8,5.0,Westergren,Whole Blood (EDTA),Moderately Elevated,Moderately Elevated
PAT-10478,84,Female,Erythrocyte Sedimentation Rate (ESR),22.5,mm/hr,0-30 mm/hr,6.1,6.7,Westergren,Whole Blood (EDTA),Normal,Normal
PAT-10479,62,Female,Erythrocyte Sedimentation Rate (ESR),8.8,mm/hr,0-30 mm/hr,6.7,8.1,Westergren,Whole Blood (EDTA),Normal,Normal
PAT-10480,30,Male,Erythrocyte Sedimentation Rate (ESR),14.0,mm/hr,0-15 mm/hr,6.3,7.4,Westergren,Whole Blood (EDTA),Normal,Normal
PAT-10481,75,Male,Erythrocyte Sedimentation Rate (ESR),46.4,mm/hr,0-20 mm/hr,38.8,7.9,Westergren,Whole Blood (EDTA),Moderately Elevated,Moderately Elevated
PAT-10482,37,Male,Erythrocyte Sedimentation Rate (ESR),17.7,mm/hr,0-15 mm/hr,2.0,6.1,Westergren,Whole Blood (EDTA),Moderately Elevated,Moderately Elevated
PAT-10483,78,Female,Erythrocyte Sedimentation Rate (ESR),52.0,mm/hr,0-30 mm/hr,10.8,10.0,Westergren,Whole Blood (EDTA),High (Significant Inflammation),High (Significant Inflammation)
PAT-10484,56,Male,Erythrocyte Sedimentation Rate (ESR),4.3,mm/hr,0-20 mm/hr,7.5,5.0,Westergren,Whole Blood (EDTA),Normal,Normal
PAT-10485,18,Female,Erythrocyte Sedimentation Rate (ESR),17.0,mm/hr,0-20 mm/hr,6.8,8.5,Westergren,Whole Blood (EDTA),Normal,Normal
PAT-10486,20,Male,Erythrocyte Sedimentation Rate (ESR),8.8,mm/hr,0-15 mm/hr,6.8,10.0,Westergren,Whole Blood (EDTA),Normal,Normal
PAT-10487,79,Male,Erythrocyte Sedimentation Rate (ESR),10.0,mm/hr,0-20 mm/hr,2.8,8.5,Westergren,Whole Blood (EDTA),Normal,Normal
PAT-10488,80,Female,Erythrocyte Sedimentation Rate (ESR),58.1,mm/hr,0-30 mm/hr,38.3,7.1,Westergren,Whole Blood (EDTA),High (Significant Inflammation),High (Significant Inflammation)
PAT-10489,42,Female,Erythrocyte Sedimentation Rate (ESR),66.3,mm/hr,0-20 mm/hr,56.6,6.4,Westergren,Whole Blood (EDTA),High (Significant Inflammation),High (Significant Inflammation)
PAT-10490,73,Male,Erythrocyte Sedimentation Rate (ESR),14.1,mm/hr,0-20 mm/hr,1.7,9.7,Westergren,Whole Blood (EDTA),Normal,Normal
PAT-10491,50,Female,Erythrocyte Sedimentation Rate (ESR),77.8,mm/hr,0-30 mm/hr,51.1,4.5,Westergren,Whole Blood (EDTA),High (Significant Inflammation),High (Significant Inflammation)
PAT-10492,55,Female,Erythrocyte Sedimentation Rate (ESR),60.6,mm/hr,0-30 mm/hr,10.7,5.5,Westergren,Whole Blood (EDTA),High (Significant Inflammation),High (Significant Inflammation)
PAT-10493,23,Female,Erythrocyte Sedimentation Rate (ESR),15.3,mm/hr,0-20 mm/hr,2.3,6.7,Westergren,Whole Blood (EDTA),Normal,Normal
PAT-10494,75,Male,Erythrocyte Sedimentation Rate (ESR),75.6,mm/hr,0-20 mm/hr,33.0,10.1,Westergren,Whole Blood (EDTA),High (Significant Inflammation),High (Significant Inflammation)
PAT-10495,61,Female,Erythrocyte Sedimentation Rate (ESR),82.9,mm/hr,0-30 mm/hr,34.9,8.3,Westergren,Whole Blood (EDTA),High (Significant Inflammation),High (Significant Inflammation)
PAT-10496,62,Female,Erythrocyte Sedimentation Rate (ESR),12.1,mm/hr,0-30 mm/hr,7.5,5.5,Westergren,Whole Blood (EDTA),Normal,Normal
PAT-10497,49,Female,Erythrocyte Sedimentation Rate (ESR),82.7,mm/hr,0-20 mm/hr,44.2,6.8,Westergren,Whole Blood (EDTA),High (Significant Inflammation),High (Significant Inflammation)
PAT-10498,62,Male,Erythrocyte Sedimentation Rate (ESR),4.1,mm/hr,0-20 mm/hr,5.5,6.2,Westergren,Whole Blood (EDTA),Normal,Normal
PAT-10499,78,Male,Erythrocyte Sedimentation Rate (ESR),82.7,mm/hr,0-20 mm/hr,48.3,6.0,Westergren,Whole Blood (EDTA),High (Significant Inflammation),High (Significant Inflammation)
PAT-10500,64,Male,Erythrocyte Sedimentation Rate (ESR),6.1,mm/hr,0-20 mm/hr,3.1,9.6,Westergren,Whole Blood (EDTA),Normal,Normal
PAT-10501,38,Female,Erythrocyte Sedimentation Rate (ESR),16.3,mm/hr,0-20 mm/hr,5.2,4.6,Westergren,Whole Blood (EDTA),Normal,Normal
PAT-10502,53,Male,Erythrocyte Sedimentation Rate (ESR),10.2,mm/hr,0-20 mm/hr,0.8,10.9,Westergren,Whole Blood (EDTA),Normal,Normal
PAT-10503,36,Female,Erythrocyte Sedimentation Rate (ESR),51.7,mm/hr,0-20 mm/hr,18.6,9.2,Westergren,Whole Blood (EDTA),High (Significant Inflammation),High (Significant Inflammation)
PAT-10504,37,Female,Erythrocyte Sedimentation Rate (ESR),21.2,mm/hr,0-20 mm/hr,6.7,9.8,Westergren,Whole Blood (EDTA),Moderately Elevated,Moderately Elevated
PAT-10505,74,Male,Erythrocyte Sedimentation Rate (ESR),18.8,mm/hr,0-20 mm/hr,6.3,6.5,Westergren,Whole Blood (EDTA),Normal,Normal
PAT-10506,35,Female,Erythrocyte Sedimentation Rate (ESR),89.6,mm/hr,0-20 mm/hr,17.9,7.2,Westergren,Whole Blood (EDTA),High (Significant Inflammation),High (Significant Inflammation)
PAT-10507,64,Male,Erythrocyte Sedimentation Rate (ESR),48.8,mm/hr,0-20 mm/hr,58.1,4.5,Westergren,Whole Blood (EDTA),Moderately Elevated,Moderately Elevated
PAT-10508,66,Female,Erythrocyte Sedimentation Rate (ESR),95.4,mm/hr,0-30 mm/hr,35.9,6.4,Westergren,Whole Blood (EDTA),High (Significant Inflammation),High (Significant Inflammation)
PAT-10509,31,Male,Erythrocyte Sedimentation Rate (ESR),6.1,mm/hr,0-15 mm/hr,0.5,8.5,Westergren,Whole Blood (EDTA),Normal,Normal
PAT-10510,32,Female,Erythrocyte Sedimentation Rate (ESR),16.7,mm/hr,0-20 mm/hr,2.3,10.2,Westergren,Whole Blood (EDTA),Normal,Normal
PAT-10511,48,Female,Erythrocyte Sedimentation Rate (ESR),69.9,mm/hr,0-20 mm/hr,22.7,5.2,Westergren,Whole Blood (EDTA),High (Significant Inflammation),High (Significant Inflammation)
PAT-10512,18,Female,Erythrocyte Sedimentation Rate (ESR),7.6,mm/hr,0-20 mm/hr,2.4,6.7,Westergren,Whole Blood (EDTA),Normal,Normal
PAT-10513,71,Female,Erythrocyte Sedimentation Rate (ESR),5.7,mm/hr,0-30 mm/hr,6.5,7.2,Westergren,Whole Blood (EDTA),Normal,Normal
PAT-10514,20,Female,Erythrocyte Sedimentation Rate (ESR),81.6,mm/hr,0-20 mm/hr,58.9,4.6,Westergren,Whole Blood (EDTA),High (Significant Inflammation),High (Significant Inflammation)
PAT-10515,33,Female,Erythrocyte Sedimentation Rate (ESR),43.4,mm/hr,0-20 mm/hr,35.1,8.7,Westergren,Whole Blood (EDTA),Moderately Elevated,Moderately Elevated
PAT-10516,74,Female,Erythrocyte Sedimentation Rate (ESR),38.3,mm/hr,0-30 mm/hr,32.7,6.0,Westergren,Whole Blood (EDTA),Moderately Elevated,Moderately Elevated
PAT-10517,29,Female,Erythrocyte Sedimentation Rate (ESR),16.9,mm/hr,0-20 mm/hr,7.0,7.1,Westergren,Whole Blood (EDTA),Normal,Normal
PAT-10518,33,Male,Erythrocyte Sedimentation Rate (ESR),12.8,mm/hr,0-15 mm/hr,2.3,6.6,Westergren,Whole Blood (EDTA),Normal,Normal
PAT-10519,41,Female,Erythrocyte Sedimentation Rate (ESR),88.0,mm/hr,0-20 mm/hr,37.3,5.8,Westergren,Whole Blood (EDTA),High (Significant Inflammation),High (Significant Inflammation)
PAT-10520,45,Female,Erythrocyte Sedimentation Rate (ESR),18.6,mm/hr,0-20 mm/hr,3.2,7.5,Westergren,Whole Blood (EDTA),Normal,Normal
PAT-10521,25,Female,Erythrocyte Sedimentation Rate (ESR),13.3,mm/hr,0-20 mm/hr,6.1,7.0,Westergren,Whole Blood (EDTA),Normal,Normal
PAT-10522,53,Male,Erythrocyte Sedimentation Rate (ESR),76.5,mm/hr,0-20 mm/hr,30.9,6.7,Westergren,Whole Blood (EDTA),High (Significant Inflammation),High (Significant Inflammation)
PAT-10523,25,Female,Erythrocyte Sedimentation Rate (ESR),12.9,mm/hr,0-20 mm/hr,6.6,6.0,Westergren,Whole Blood (EDTA),Normal,Normal
PAT-10524,75,Male,Erythrocyte Sedimentation Rate (ESR),80.5,mm/hr,0-20 mm/hr,52.8,8.2,Westergren,Whole Blood (EDTA),High (Significant Inflammation),High (Significant Inflammation)
PAT-10525,77,Female,Erythrocyte Sedimentation Rate (ESR),18.6,mm/hr,0-30 mm/hr,6.4,11.0,Westergren,Whole Blood (EDTA),Normal,Normal
PAT-10526,67,Male,Erythrocyte Sedimentation Rate (ESR),79.1,mm/hr,0-20 mm/hr,14.5,7.8,Westergren,Whole Blood (EDTA),High (Significant Inflammation),High (Significant Inflammation)
PAT-10527,45,Female,Erythrocyte Sedimentation Rate (ESR),18.0,mm/hr,0-20 mm/hr,4.2,9.6,Westergren,Whole Blood (EDTA),Normal,Normal
PAT-10528,58,Female,Erythrocyte Sedimentation Rate (ESR),21.3,mm/hr,0-30 mm/hr,0.8,4.6,Westergren,Whole Blood (EDTA),Normal,Normal
PAT-10529,81,Male,Erythrocyte Sedimentation Rate (ESR),62.5,mm/hr,0-20 mm/hr,16.4,7.8,Westergren,Whole Blood (EDTA),High (Significant Inflammation),High (Significant Inflammation)
PAT-10530,44,Female,Erythrocyte Sedimentation Rate (ESR),15.3,mm/hr,0-20 mm/hr,3.4,5.2,Westergren,Whole Blood (EDTA),Normal,Normal
PAT-10531,80,Male,Erythrocyte Sedimentation Rate (ESR),3.3,mm/hr,0-20 mm/hr,1.6,4.4,Westergren,Whole Blood (EDTA),Normal,Normal
PAT-10532,34,Female,Erythrocyte Sedimentation Rate (ESR),8.6,mm/hr,0-20 mm/hr,5.5,5.9,Westergren,Whole Blood (EDTA),Normal,Normal
PAT-10533,50,Female,Erythrocyte Sedimentation Rate (ESR),3.6,mm/hr,0-30 mm/hr,2.6,10.0,Westergren,Whole Blood (EDTA),Normal,Normal
PAT-10534,46,Female,Erythrocyte Sedimentation Rate (ESR),12.5,mm/hr,0-20 mm/hr,4.9,9.5,Westergren,Whole Blood (EDTA),Normal,Normal
PAT-10535,30,Female,Erythrocyte Sedimentation Rate (ESR),83.7,mm/hr,0-20 mm/hr,21.7,8.0,Westergren,Whole Blood (EDTA),High (Significant Inflammation),High (Significant Inflammation)
PAT-10536,63,Female,Erythrocyte Sedimentation Rate (ESR),70.7,mm/hr,0-30 mm/hr,42.0,4.3,Westergren,Whole Blood (EDTA),High (Significant Inflammation),High (Significant Inflammation)
PAT-10537,52,Male,Erythrocyte Sedimentation Rate (ESR),7.2,mm/hr,0-20 mm/hr,6.8,7.1,Westergren,Whole Blood (EDTA),Normal,Normal
PAT-10538,23,Male,Erythrocyte Sedimentation Rate (ESR),33.1,mm/hr,0-15 mm/hr,45.7,8.1,Westergren,Whole Blood (EDTA),Moderately Elevated,Moderately Elevated
PAT-10539,64,Female,Erythrocyte Sedimentation Rate (ESR),91.3,mm/hr,0-30 mm/hr,53.7,7.9,Westergren,Whole Blood (EDTA),High (Significant Inflammation),High (Significant Inflammation)
PAT-10540,42,Female,Erythrocyte Sedimentation Rate (ESR),16.0,mm/hr,0-20 mm/hr,4.5,3.6,Westergren,Whole Blood (EDTA),Normal,Normal
PAT-10541,83,Female,Erythrocyte Sedimentation Rate (ESR),51.9,mm/hr,0-30 mm/hr,53.3,5.6,Westergren,Whole Blood (EDTA),High (Significant Inflammation),High (Significant Inflammation)
PAT-10542,27,Female,Erythrocyte Sedimentation Rate (ESR),64.6,mm/hr,0-20 mm/hr,39.7,7.4,Westergren,Whole Blood (EDTA),High (Significant Inflammation),High (Significant Inflammation)
PAT-10543,73,Male,Erythrocyte Sedimentation Rate (ESR),9.1,mm/hr,0-20 mm/hr,3.5,8.6,Westergren,Whole Blood (EDTA),Normal,Normal
PAT-10544,47,Female,Erythrocyte Sedimentation Rate (ESR),18.0,mm/hr,0-20 mm/hr,5.3,3.0,Westergren,Whole Blood (EDTA),Normal,Normal
PAT-10545,22,Male,Erythrocyte Sedimentation Rate (ESR),16.6,mm/hr,0-15 mm/hr,1.6,7.2,Westergren,Whole Blood (EDTA),Moderately Elevated,Moderately Elevated
PAT-10546,50,Female,Erythrocyte Sedimentation Rate (ESR),12.5,mm/hr,0-30 mm/hr,7.5,7.8,Westergren,Whole Blood (EDTA),Normal,Normal
PAT-10547,82,Male,Erythrocyte Sedimentation Rate (ESR),12.1,mm/hr,0-20 mm/hr,3.4,9.3,Westergren,Whole Blood (EDTA),Normal,Normal
PAT-10548,35,Male,Erythrocyte Sedimentation Rate (ESR),16.0,mm/hr,0-15 mm/hr,6.0,9.0,Westergren,Whole Blood (EDTA),Moderately Elevated,Moderately Elevated
PAT-10549,66,Male,Erythrocyte Sedimentation Rate (ESR),62.5,mm/hr,0-20 mm/hr,35.3,8.7,Westergren,Whole Blood (EDTA),High (Significant Inflammation),High (Significant Inflammation)
PAT-10550,28,Male,Erythrocyte Sedimentation Rate (ESR),5.1,mm/hr,0-15 mm/hr,2.0,5.8,Westergren,Whole Blood (EDTA),Normal,Normal
PAT-10551,43,Female,Erythrocyte Sedimentation Rate (ESR),15.9,mm/hr,0-20 mm/hr,4.2,3.5,Westergren,Whole Blood (EDTA),Normal,Normal
PAT-10552,80,Male,Erythrocyte Sedimentation Rate (ESR),19.2,mm/hr,0-20 mm/hr,7.1,6.7,Westergren,Whole Blood (EDTA),Normal,Normal
PAT-10553,76,Male,Erythrocyte Sedimentation Rate (ESR),10.8,mm/hr,0-20 mm/hr,4.5,9.6,Westergren,Whole Blood (EDTA),Normal,Normal
PAT-10554,44,Male,Erythrocyte Sedimentation Rate (ESR),4.6,mm/hr,0-15 mm/hr,7.5,10.4,Westergren,Whole Blood (EDTA),Normal,Normal
PAT-10555,66,Male,Erythrocyte Sedimentation Rate (ESR),5.6,mm/hr,0-20 mm/hr,4.1,9.0,Westergren,Whole Blood (EDTA),Normal,Normal
PAT-10556,50,Male,Erythrocyte Sedimentation Rate (ESR),6.6,mm/hr,0-20 mm/hr,4.2,8.4,Westergren,Whole Blood (EDTA),Normal,Normal
PAT-10557,18,Male,Erythrocyte Sedimentation Rate (ESR),29.7,mm/hr,0-15 mm/hr,1.4,8.3,Westergren,Whole Blood (EDTA),Moderately Elevated,Moderately Elevated
PAT-10558,38,Female,Erythrocyte Sedimentation Rate (ESR),16.9,mm/hr,0-20 mm/hr,6.5,6.3,Westergren,Whole Blood (EDTA),Normal,Normal
PAT-10559,72,Female,Erythrocyte Sedimentation Rate (ESR),7.7,mm/hr,0-30 mm/hr,2.4,7.2,Westergren,Whole Blood (EDTA),Normal,Normal
PAT-10560,23,Female,Erythrocyte Sedimentation Rate (ESR),36.7,mm/hr,0-20 mm/hr,52.3,11.0,Westergren,Whole Blood (EDTA),Moderately Elevated,Moderately Elevated
PAT-10561,22,Male,Erythrocyte Sedimentation Rate (ESR),5.9,mm/hr,0-15 mm/hr,7.3,5.5,Westergren,Whole Blood (EDTA),Normal,Normal
PAT-10562,20,Male,Erythrocyte Sedimentation Rate (ESR),3.7,mm/hr,0-15 mm/hr,7.6,10.9,Westergren,Whole Blood (EDTA),Normal,Normal
PAT-10563,70,Female,Erythrocyte Sedimentation Rate (ESR),73.4,mm/hr,0-30 mm/hr,26.7,6.8,Westergren,Whole Blood (EDTA),High (Significant Inflammation),High (Significant Inflammation)
PAT-10564,40,Female,Erythrocyte Sedimentation Rate (ESR),48.6,mm/hr,0-20 mm/hr,34.6,10.3,Westergren,Whole Blood (EDTA),Moderately Elevated,Moderately Elevated
PAT-10565,70,Male,Erythrocyte Sedimentation Rate (ESR),79.4,mm/hr,0-20 mm/hr,38.6,4.5,Westergren,Whole Blood (EDTA),High (Significant Inflammation),High (Significant Inflammation)
PAT-10566,54,Male,Erythrocyte Sedimentation Rate (ESR),13.1,mm/hr,0-20 mm/hr,1.5,8.7,Westergren,Whole Blood (EDTA),Normal,Normal
PAT-10567,34,Male,Erythrocyte Sedimentation Rate (ESR),8.9,mm/hr,0-15 mm/hr,5.0,6.0,Westergren,Whole Blood (EDTA),Normal,Normal
PAT-10568,18,Male,Erythrocyte Sedimentation Rate (ESR),13.1,mm/hr,0-15 mm/hr,0.8,4.5,Westergren,Whole Blood (EDTA),Normal,Normal
PAT-10569,68,Male,Erythrocyte Sedimentation Rate (ESR),5.4,mm/hr,0-20 mm/hr,4.2,8.0,Westergren,Whole Blood (EDTA),Normal,Normal
PAT-10570,62,Female,Erythrocyte Sedimentation Rate (ESR),14.9,mm/hr,0-30 mm/hr,1.7,9.6,Westergren,Whole Blood (EDTA),Normal,Normal
PAT-10571,21,Female,Erythrocyte Sedimentation Rate (ESR),15.0,mm/hr,0-20 mm/hr,1.9,5.7,Westergren,Whole Blood (EDTA),Normal,Normal
PAT-10572,79,Female,Erythrocyte Sedimentation Rate (ESR),6.3,mm/hr,0-30 mm/hr,3.2,4.4,Westergren,Whole Blood (EDTA),Normal,Normal
PAT-10573,82,Female,Erythrocyte Sedimentation Rate (ESR),6.4,mm/hr,0-30 mm/hr,3.7,7.3,Westergren,Whole Blood (EDTA),Normal,Normal
PAT-10574,49,Female,Erythrocyte Sedimentation Rate (ESR),5.7,mm/hr,0-20 mm/hr,5.2,7.3,Westergren,Whole Blood (EDTA),Normal,Normal
PAT-10575,51,Female,Erythrocyte Sedimentation Rate (ESR),9.0,mm/hr,0-30 mm/hr,1.1,8.7,Westergren,Whole Blood (EDTA),Normal,Normal
PAT-10576,56,Female,Erythrocyte Sedimentation Rate (ESR),29.0,mm/hr,0-30 mm/hr,4.3,9.5,Westergren,Whole Blood (EDTA),Normal,Normal
PAT-10577,43,Male,Erythrocyte Sedimentation Rate (ESR),56.1,mm/hr,0-15 mm/hr,11.8,7.4,Westergren,Whole Blood (EDTA),High (Significant Inflammation),High (Significant Inflammation)
PAT-10578,51,Male,Erythrocyte Sedimentation Rate (ESR),46.3,mm/hr,0-20 mm/hr,26.2,11.4,Westergren,Whole Blood (EDTA),Moderately Elevated,Moderately Elevated
PAT-10579,71,Male,Erythrocyte Sedimentation Rate (ESR),13.2,mm/hr,0-20 mm/hr,5.3,8.0,Westergren,Whole Blood (EDTA),Normal,Normal
PAT-10580,20,Female,Erythrocyte Sedimentation Rate (ESR),16.1,mm/hr,0-20 mm/hr,4.7,6.8,Westergren,Whole Blood (EDTA),Normal,Normal
PAT-10581,67,Female,Erythrocyte Sedimentation Rate (ESR),64.5,mm/hr,0-30 mm/hr,27.8,4.1,Westergren,Whole Blood (EDTA),High (Significant Inflammation),High (Significant Inflammation)
PAT-10582,29,Male,Erythrocyte Sedimentation Rate (ESR),15.4,mm/hr,0-15 mm/hr,3.0,6.9,Westergren,Whole Blood (EDTA),Moderately Elevated,Moderately Elevated
PAT-10583,82,Female,Erythrocyte Sedimentation Rate (ESR),27.5,mm/hr,0-30 mm/hr,6.2,6.8,Westergren,Whole Blood (EDTA),Normal,Normal
PAT-10584,71,Male,Erythrocyte Sedimentation Rate (ESR),8.7,mm/hr,0-20 mm/hr,3.7,9.5,Westergren,Whole Blood (EDTA),Normal,Normal
PAT-10585,22,Female,Erythrocyte Sedimentation Rate (ESR),11.6,mm/hr,0-20 mm/hr,4.1,8.5,Westergren,Whole Blood (EDTA),Normal,Normal
PAT-10586,74,Male,Erythrocyte Sedimentation Rate (ESR),88.2,mm/hr,0-20 mm/hr,22.2,5.0,Westergren,Whole Blood (EDTA),High (Significant Inflammation),High (Significant Inflammation)
PAT-10587,34,Male,Erythrocyte Sedimentation Rate (ESR),3.2,mm/hr,0-15 mm/hr,0.6,7.9,Westergren,Whole Blood (EDTA),Normal,Normal
PAT-10588,64,Female,Erythrocyte Sedimentation Rate (ESR),26.3,mm/hr,0-30 mm/hr,5.4,8.9,Westergren,Whole Blood (EDTA),Normal,Normal
PAT-10589,40,Male,Erythrocyte Sedimentation Rate (ESR),5.3,mm/hr,0-15 mm/hr,5.1,10.7,Westergren,Whole Blood (EDTA),Normal,Normal
PAT-10590,31,Male,Erythrocyte Sedimentation Rate (ESR),60.5,mm/hr,0-15 mm/hr,45.5,9.4,Westergren,Whole Blood (EDTA),High (Significant Inflammation),High (Significant Inflammation)
PAT-10591,83,Male,Erythrocyte Sedimentation Rate (ESR),21.4,mm/hr,0-20 mm/hr,1.1,9.1,Westergren,Whole Blood (EDTA),Moderately Elevated,Moderately Elevated
PAT-10592,68,Female,Erythrocyte Sedimentation Rate (ESR),50.5,mm/hr,0-30 mm/hr,30.9,7.6,Westergren,Whole Blood (EDTA),High (Significant Inflammation),High (Significant Inflammation)
PAT-10593,55,Female,Erythrocyte Sedimentation Rate (ESR),26.3,mm/hr,0-30 mm/hr,7.4,8.3,Westergren,Whole Blood (EDTA),Normal,Normal
PAT-10594,81,Male,Erythrocyte Sedimentation Rate (ESR),21.9,mm/hr,0-20 mm/hr,5.7,10.1,Westergren,Whole Blood (EDTA),Moderately Elevated,Moderately Elevated
PAT-10595,55,Female,Erythrocyte Sedimentation Rate (ESR),12.3,mm/hr,0-30 mm/hr,1.5,4.7,Westergren,Whole Blood (EDTA),Normal,Normal
PAT-10596,67,Female,Erythrocyte Sedimentation Rate (ESR),56.8,mm/hr,0-30 mm/hr,20.2,6.8,Westergren,Whole Blood (EDTA),High (Significant Inflammation),High (Significant Inflammation)
PAT-10597,47,Male,Erythrocyte Sedimentation Rate (ESR),56.1,mm/hr,0-15 mm/hr,47.1,5.9,Westergren,Whole Blood (EDTA),High (Significant Inflammation),High (Significant Inflammation)
PAT-10598,68,Male,Erythrocyte Sedimentation Rate (ESR),15.1,mm/hr,0-20 mm/hr,6.8,8.3,Westergren,Whole Blood (EDTA),Normal,Normal
PAT-10599,80,Male,Erythrocyte Sedimentation Rate (ESR),2.2,mm/hr,0-20 mm/hr,0.8,10.1,Westergren,Whole Blood (EDTA),Normal,Normal
PAT-10600,69,Male,Erythrocyte Sedimentation Rate (ESR),64.4,mm/hr,0-20 mm/hr,19.9,6.2,Westergren,Whole Blood (EDTA),High (Significant Inflammation),High (Significant Inflammation)
PAT-10601,55,Female,Erythrocyte Sedimentation Rate (ESR),90.0,mm/hr,0-30 mm/hr,53.7,3.0,Westergren,Whole Blood (EDTA),High (Significant Inflammation),High (Significant Inflammation)
PAT-10602,47,Male,Erythrocyte Sedimentation Rate (ESR),3.1,mm/hr,0-15 mm/hr,0.6,6.6,Westergren,Whole Blood (EDTA),Normal,Normal
PAT-10603,68,Female,Erythrocyte Sedimentation Rate (ESR),19.9,mm/hr,0-30 mm/hr,2.0,9.4,Westergren,Whole Blood (EDTA),Normal,Normal
PAT-10604,22,Female,Erythrocyte Sedimentation Rate (ESR),17.3,mm/hr,0-20 mm/hr,7.7,8.6,Westergren,Whole Blood (EDTA),Normal,Normal
PAT-10605,46,Male,Erythrocyte Sedimentation Rate (ESR),10.3,mm/hr,0-15 mm/hr,5.1,8.4,Westergren,Whole Blood (EDTA),Normal,Normal
PAT-10606,21,Female,Erythrocyte Sedimentation Rate (ESR),71.8,mm/hr,0-20 mm/hr,16.3,6.9,Westergren,Whole Blood (EDTA),High (Significant Inflammation),High (Significant Inflammation)
PAT-10607,27,Male,Erythrocyte Sedimentation Rate (ESR),4.7,mm/hr,0-15 mm/hr,1.0,4.8,Westergren,Whole Blood (EDTA),Normal,Normal
PAT-10608,73,Female,Erythrocyte Sedimentation Rate (ESR),91.3,mm/hr,0-30 mm/hr,34.7,8.6,Westergren,Whole Blood (EDTA),High (Significant Inflammation),High (Significant Inflammation)
PAT-10609,34,Female,Erythrocyte Sedimentation Rate (ESR),17.4,mm/hr,0-20 mm/hr,2.3,5.7,Westergren,Whole Blood (EDTA),Normal,Normal
PAT-10610,34,Female,Erythrocyte Sedimentation Rate (ESR),15.4,mm/hr,0-20 mm/hr,7.1,12.1,Westergren,Whole Blood (EDTA),Normal,Normal
PAT-10611,51,Female,Erythrocyte Sedimentation Rate (ESR),19.8,mm/hr,0-30 mm/hr,3.6,8.7,Westergren,Whole Blood (EDTA),Normal,Normal
PAT-10612,23,Male,Erythrocyte Sedimentation Rate (ESR),4.5,mm/hr,0-15 mm/hr,5.9,6.3,Westergren,Whole Blood (EDTA),Normal,Normal
PAT-10613,70,Female,Erythrocyte Sedimentation Rate (ESR),23.8,mm/hr,0-30 mm/hr,7.4,6.2,Westergren,Whole Blood (EDTA),Normal,Normal
PAT-10614,83,Female,Erythrocyte Sedimentation Rate (ESR),49.6,mm/hr,0-30 mm/hr,56.2,7.3,Westergren,Whole Blood (EDTA),Moderately Elevated,Moderately Elevated
PAT-10615,60,Female,Erythrocyte Sedimentation Rate (ESR),55.5,mm/hr,0-30 mm/hr,37.2,7.0,Westergren,Whole Blood (EDTA),High (Significant Inflammation),High (Significant Inflammation)
PAT-10616,40,Female,Erythrocyte Sedimentation Rate (ESR),12.6,mm/hr,0-20 mm/hr,4.4,9.8,Westergren,Whole Blood (EDTA),Normal,Normal
PAT-10617,72,Female,Erythrocyte Sedimentation Rate (ESR),65.0,mm/hr,0-30 mm/hr,45.1,7.9,Westergren,Whole Blood (EDTA),High (Significant Inflammation),High (Significant Inflammation)
PAT-10618,33,Male,Erythrocyte Sedimentation Rate (ESR),15.1,mm/hr,0-15 mm/hr,6.5,6.0,Westergren,Whole Blood (EDTA),Moderately Elevated,Moderately Elevated
PAT-10619,25,Male,Erythrocyte Sedimentation Rate (ESR),14.7,mm/hr,0-15 mm/hr,1.0,11.5,Westergren,Whole Blood (EDTA),Normal,Normal
PAT-10620,21,Female,Erythrocyte Sedimentation Rate (ESR),54.4,mm/hr,0-20 mm/hr,23.3,7.6,Westergren,Whole Blood (EDTA),High (Significant Inflammation),High (Significant Inflammation)
PAT-10621,21,Male,Erythrocyte Sedimentation Rate (ESR),12.2,mm/hr,0-15 mm/hr,4.8,9.1,Westergren,Whole Blood (EDTA),Normal,Normal
PAT-10622,73,Female,Erythrocyte Sedimentation Rate (ESR),10.8,mm/hr,0-30 mm/hr,7.3,6.2,Westergren,Whole Blood (EDTA),Normal,Normal
PAT-10623,42,Female,Erythrocyte Sedimentation Rate (ESR),52.1,mm/hr,0-20 mm/hr,15.7,8.3,Westergren,Whole Blood (EDTA),High (Significant Inflammation),High (Significant Inflammation)
PAT-10624,84,Male,Erythrocyte Sedimentation Rate (ESR),7.3,mm/hr,0-20 mm/hr,4.5,8.2,Westergren,Whole Blood (EDTA),Normal,Normal
PAT-10625,84,Male,Erythrocyte Sedimentation Rate (ESR),18.3,mm/hr,0-20 mm/hr,7.1,3.5,Westergren,Whole Blood (EDTA),Normal,Normal
PAT-10626,44,Female,Erythrocyte Sedimentation Rate (ESR),17.5,mm/hr,0-20 mm/hr,3.6,11.7,Westergren,Whole Blood (EDTA),Normal,Normal
PAT-10627,49,Male,Erythrocyte Sedimentation Rate (ESR),63.4,mm/hr,0-15 mm/hr,49.3,10.2,Westergren,Whole Blood (EDTA),High (Significant Inflammation),High (Significant Inflammation)
PAT-10628,67,Female,Erythrocyte Sedimentation Rate (ESR),15.5,mm/hr,0-30 mm/hr,1.0,6.7,Westergren,Whole Blood (EDTA),Normal,Normal
PAT-10629,78,Male,Erythrocyte Sedimentation Rate (ESR),33.9,mm/hr,0-20 mm/hr,25.0,5.2,Westergren,Whole Blood (EDTA),Moderately Elevated,Moderately Elevated
PAT-10630,68,Female,Erythrocyte Sedimentation Rate (ESR),10.1,mm/hr,0-30 mm/hr,2.9,8.2,Westergren,Whole Blood (EDTA),Normal,Normal
PAT-10631,36,Male,Erythrocyte Sedimentation Rate (ESR),2.6,mm/hr,0-15 mm/hr,7.6,7.7,Westergren,Whole Blood (EDTA),Normal,Normal
PAT-10632,38,Female,Erythrocyte Sedimentation Rate (ESR),9.1,mm/hr,0-20 mm/hr,2.6,8.2,Westergren,Whole Blood (EDTA),Normal,Normal
PAT-10633,22,Male,Erythrocyte Sedimentation Rate (ESR),16.2,mm/hr,0-15 mm/hr,4.0,7.9,Westergren,Whole Blood (EDTA),Moderately Elevated,Moderately Elevated
PAT-10634,59,Female,Erythrocyte Sedimentation Rate (ESR),29.1,mm/hr,0-30 mm/hr,5.5,8.6,Westergren,Whole Blood (EDTA),Normal,Normal
PAT-10635,78,Male,Erythrocyte Sedimentation Rate (ESR),18.5,mm/hr,0-20 mm/hr,1.7,10.5,Westergren,Whole Blood (EDTA),Normal,Normal
PAT-10636,39,Female,Erythrocyte Sedimentation Rate (ESR),7.7,mm/hr,0-20 mm/hr,4.1,8.7,Westergren,Whole Blood (EDTA),Normal,Normal
PAT-10637,38,Female,Erythrocyte Sedimentation Rate (ESR),4.3,mm/hr,0-20 mm/hr,6.0,5.3,Westergren,Whole Blood (EDTA),Normal,Normal
PAT-10638,18,Male,Erythrocyte Sedimentation Rate (ESR),59.3,mm/hr,0-15 mm/hr,30.5,10.4,Westergren,Whole Blood (EDTA),High (Significant Inflammation),High (Significant Inflammation)
PAT-10639,22,Male,Erythrocyte Sedimentation Rate (ESR),14.9,mm/hr,0-15 mm/hr,5.2,10.9,Westergren,Whole Blood (EDTA),Normal,Normal
PAT-10640,29,Male,Erythrocyte Sedimentation Rate (ESR),18.0,mm/hr,0-15 mm/hr,5.5,14.1,Westergren,Whole Blood (EDTA),Moderately Elevated,Moderately Elevated
PAT-10641,63,Female,Erythrocyte Sedimentation Rate (ESR),49.7,mm/hr,0-30 mm/hr,50.1,5.1,Westergren,Whole Blood (EDTA),Moderately Elevated,Moderately Elevated
PAT-10642,51,Female,Erythrocyte Sedimentation Rate (ESR),46.7,mm/hr,0-30 mm/hr,33.3,8.0,Westergren,Whole Blood (EDTA),Moderately Elevated,Moderately Elevated
PAT-10643,66,Female,Erythrocyte Sedimentation Rate (ESR),19.4,mm/hr,0-30 mm/hr,1.5,3.1,Westergren,Whole Blood (EDTA),Normal,Normal
PAT-10644,62,Male,Erythrocyte Sedimentation Rate (ESR),15.1,mm/hr,0-20 mm/hr,6.3,8.7,Westergren,Whole Blood (EDTA),Normal,Normal
PAT-10645,44,Male,Erythrocyte Sedimentation Rate (ESR),65.4,mm/hr,0-15 mm/hr,53.8,6.3,Westergren,Whole Blood (EDTA),High (Significant Inflammation),High (Significant Inflammation)
PAT-10646,43,Female,Erythrocyte Sedimentation Rate (ESR),17.5,mm/hr,0-20 mm/hr,7.5,11.5,Westergren,Whole Blood (EDTA),Normal,Normal
PAT-10647,64,Female,Erythrocyte Sedimentation Rate (ESR),83.3,mm/hr,0-30 mm/hr,18.4,5.9,Westergren,Whole Blood (EDTA),High (Significant Inflammation),High (Significant Inflammation)
PAT-10648,73,Female,Erythrocyte Sedimentation Rate (ESR),21.1,mm/hr,0-30 mm/hr,6.2,4.0,Westergren,Whole Blood (EDTA),Normal,Normal
PAT-10649,80,Male,Erythrocyte Sedimentation Rate (ESR),13.7,mm/hr,0-20 mm/hr,2.1,6.5,Westergren,Whole Blood (EDTA),Normal,Normal
PAT-10650,65,Female,Erythrocyte Sedimentation Rate (ESR),31.7,mm/hr,0-30 mm/hr,41.3,3.4,Westergren,Whole Blood (EDTA),Moderately Elevated,Moderately Elevated
PAT-10651,78,Male,Erythrocyte Sedimentation Rate (ESR),10.8,mm/hr,0-20 mm/hr,5.1,9.1,Westergren,Whole Blood (EDTA),Normal,Normal
PAT-10652,43,Male,Erythrocyte Sedimentation Rate (ESR),8.2,mm/hr,0-15 mm/hr,6.3,3.2,Westergren,Whole Blood (EDTA),Normal,Normal
PAT-10653,53,Female,Erythrocyte Sedimentation Rate (ESR),91.7,mm/hr,0-30 mm/hr,37.0,7.6,Westergren,Whole Blood (EDTA),High (Significant Inflammation),High (Significant Inflammation)
PAT-10654,18,Female,Erythrocyte Sedimentation Rate (ESR),9.5,mm/hr,0-20 mm/hr,7.7,3.1,Westergren,Whole Blood (EDTA),Normal,Normal
PAT-10655,25,Female,Erythrocyte Sedimentation Rate (ESR),7.0,mm/hr,0-20 mm/hr,7.2,6.8,Westergren,Whole Blood (EDTA),Normal,Normal
PAT-10656,69,Male,Erythrocyte Sedimentation Rate (ESR),21.6,mm/hr,0-20 mm/hr,2.5,11.0,Westergren,Whole Blood (EDTA),Moderately Elevated,Moderately Elevated
PAT-10657,64,Male,Erythrocyte Sedimentation Rate (ESR),18.1,mm/hr,0-20 mm/hr,6.7,8.3,Westergren,Whole Blood (EDTA),Normal,Normal
PAT-10658,73,Female,Erythrocyte Sedimentation Rate (ESR),20.2,mm/hr,0-30 mm/hr,4.4,5.7,Westergren,Whole Blood (EDTA),Normal,Normal
PAT-10659,31,Female,Erythrocyte Sedimentation Rate (ESR),70.4,mm/hr,0-20 mm/hr,46.2,7.4,Westergren,Whole Blood (EDTA),High (Significant Inflammation),High (Significant Inflammation)
PAT-10660,45,Male,Erythrocyte Sedimentation Rate (ESR),8.0,mm/hr,0-15 mm/hr,2.9,7.5,Westergren,Whole Blood (EDTA),Normal,Normal
PAT-10661,19,Male,Erythrocyte Sedimentation Rate (ESR),4.7,mm/hr,0-15 mm/hr,4.9,8.5,Westergren,Whole Blood (EDTA),Normal,Normal
PAT-10662,43,Male,Erythrocyte Sedimentation Rate (ESR),13.1,mm/hr,0-15 mm/hr,6.0,4.6,Westergren,Whole Blood (EDTA),Normal,Normal
PAT-10663,31,Female,Erythrocyte Sedimentation Rate (ESR),15.3,mm/hr,0-20 mm/hr,3.6,8.7,Westergren,Whole Blood (EDTA),Normal,Normal
PAT-10664,76,Male,Erythrocyte Sedimentation Rate (ESR),61.9,mm/hr,0-20 mm/hr,22.4,3.0,Westergren,Whole Blood (EDTA),High (Significant Inflammation),High (Significant Inflammation)
PAT-10665,73,Male,Erythrocyte Sedimentation Rate (ESR),5.6,mm/hr,0-20 mm/hr,5.7,6.2,Westergren,Whole Blood (EDTA),Normal,Normal
PAT-10666,24,Male,Erythrocyte Sedimentation Rate (ESR),9.3,mm/hr,0-15 mm/hr,5.8,6.5,Westergren,Whole Blood (EDTA),Normal,Normal
PAT-10667,20,Male,Erythrocyte Sedimentation Rate (ESR),15.4,mm/hr,0-15 mm/hr,0.9,8.8,Westergren,Whole Blood (EDTA),Moderately Elevated,Moderately Elevated
PAT-10668,40,Male,Erythrocyte Sedimentation Rate (ESR),66.3,mm/hr,0-15 mm/hr,30.4,7.5,Westergren,Whole Blood (EDTA),High (Significant Inflammation),High (Significant Inflammation)
PAT-10669,35,Female,Erythrocyte Sedimentation Rate (ESR),16.3,mm/hr,0-20 mm/hr,3.9,4.5,Westergren,Whole Blood (EDTA),Normal,Normal
PAT-10670,55,Male,Erythrocyte Sedimentation Rate (ESR),18.1,mm/hr,0-20 mm/hr,2.5,5.4,Westergren,Whole Blood (EDTA),Normal,Normal
PAT-10671,32,Female,Erythrocyte Sedimentation Rate (ESR),13.2,mm/hr,0-20 mm/hr,2.3,7.9,Westergren,Whole Blood (EDTA),Normal,Normal
PAT-10672,81,Male,Erythrocyte Sedimentation Rate (ESR),10.0,mm/hr,0-20 mm/hr,4.1,7.3,Westergren,Whole Blood (EDTA),Normal,Normal
PAT-10673,45,Female,Erythrocyte Sedimentation Rate (ESR),52.7,mm/hr,0-20 mm/hr,41.3,6.3,Westergren,Whole Blood (EDTA),High (Significant Inflammation),High (Significant Inflammation)
PAT-10674,56,Female,Erythrocyte Sedimentation Rate (ESR),19.9,mm/hr,0-30 mm/hr,3.3,6.5,Westergren,Whole Blood (EDTA),Normal,Normal
PAT-10675,74,Female,Erythrocyte Sedimentation Rate (ESR),13.3,mm/hr,0-30 mm/hr,6.1,9.0,Westergren,Whole Blood (EDTA),Normal,Normal
PAT-10676,34,Female,Erythrocyte Sedimentation Rate (ESR),49.8,mm/hr,0-20 mm/hr,35.6,6.4,Westergren,Whole Blood (EDTA),Moderately Elevated,Moderately Elevated
PAT-10677,61,Male,Erythrocyte Sedimentation Rate (ESR),83.2,mm/hr,0-20 mm/hr,36.4,7.3,Westergren,Whole Blood (EDTA),High (Significant Inflammation),High (Significant Inflammation)
PAT-10678,42,Male,Erythrocyte Sedimentation Rate (ESR),12.5,mm/hr,0-15 mm/hr,7.9,12.1,Westergren,Whole Blood (EDTA),Normal,Normal
PAT-10679,34,Female,Erythrocyte Sedimentation Rate (ESR),88.7,mm/hr,0-20 mm/hr,18.5,4.5,Westergren,Whole Blood (EDTA),High (Significant Inflammation),High (Significant Inflammation)
PAT-10680,30,Female,Erythrocyte Sedimentation Rate (ESR),56.3,mm/hr,0-20 mm/hr,19.9,3.6,Westergren,Whole Blood (EDTA),High (Significant Inflammation),High (Significant Inflammation)
PAT-10681,42,Female,Erythrocyte Sedimentation Rate (ESR),21.9,mm/hr,0-20 mm/hr,4.3,9.1,Westergren,Whole Blood (EDTA),Moderately Elevated,Moderately Elevated
PAT-10682,27,Female,Erythrocyte Sedimentation Rate (ESR),76.2,mm/hr,0-20 mm/hr,39.7,6.1,Westergren,Whole Blood (EDTA),High (Significant Inflammation),High (Significant Inflammation)
PAT-10683,84,Female,Erythrocyte Sedimentation Rate (ESR),16.5,mm/hr,0-30 mm/hr,3.6,6.8,Westergren,Whole Blood (EDTA),Normal,Normal
PAT-10684,35,Male,Erythrocyte Sedimentation Rate (ESR),3.0,mm/hr,0-15 mm/hr,6.4,5.9,Westergren,Whole Blood (EDTA),Normal,Normal
PAT-10685,51,Male,Erythrocyte Sedimentation Rate (ESR),3.3,mm/hr,0-20 mm/hr,6.3,7.0,Westergren,Whole Blood (EDTA),Normal,Normal
PAT-10686,25,Female,Erythrocyte Sedimentation Rate (ESR),18.5,mm/hr,0-20 mm/hr,2.2,10.9,Westergren,Whole Blood (EDTA),Normal,Normal
PAT-10687,57,Female,Erythrocyte Sedimentation Rate (ESR),30.2,mm/hr,0-30 mm/hr,50.1,9.2,Westergren,Whole Blood (EDTA),Moderately Elevated,Moderately Elevated
PAT-10688,59,Male,Erythrocyte Sedimentation Rate (ESR),38.3,mm/hr,0-20 mm/hr,49.4,9.3,Westergren,Whole Blood (EDTA),Moderately Elevated,Moderately Elevated
PAT-10689,58,Female,Erythrocyte Sedimentation Rate (ESR),58.1,mm/hr,0-30 mm/hr,24.9,4.5,Westergren,Whole Blood (EDTA),High (Significant Inflammation),High (Significant Inflammation)
PAT-10690,23,Male,Erythrocyte Sedimentation Rate (ESR),37.0,mm/hr,0-15 mm/hr,16.8,5.1,Westergren,Whole Blood (EDTA),Moderately Elevated,Moderately Elevated
PAT-10691,69,Female,Erythrocyte Sedimentation Rate (ESR),94.2,mm/hr,0-30 mm/hr,17.3,3.0,Westergren,Whole Blood (EDTA),High (Significant Inflammation),High (Significant Inflammation)
PAT-10692,43,Male,Erythrocyte Sedimentation Rate (ESR),9.0,mm/hr,0-15 mm/hr,4.7,5.8,Westergren,Whole Blood (EDTA),Normal,Normal
PAT-10693,81,Male,Erythrocyte Sedimentation Rate (ESR),59.3,mm/hr,0-20 mm/hr,42.1,9.5,Westergren,Whole Blood (EDTA),High (Significant Inflammation),High (Significant Inflammation)
PAT-10694,76,Female,Erythrocyte Sedimentation Rate (ESR),41.2,mm/hr,0-30 mm/hr,49.1,8.6,Westergren,Whole Blood (EDTA),Moderately Elevated,Moderately Elevated
PAT-10695,73,Male,Erythrocyte Sedimentation Rate (ESR),67.8,mm/hr,0-20 mm/hr,56.9,7.0,Westergren,Whole Blood (EDTA),High (Significant Inflammation),High (Significant Inflammation)
PAT-10696,76,Female,Erythrocyte Sedimentation Rate (ESR),74.6,mm/hr,0-30 mm/hr,44.6,7.5,Westergren,Whole Blood (EDTA),High (Significant Inflammation),High (Significant Inflammation)
PAT-10697,50,Female,Erythrocyte Sedimentation Rate (ESR),81.2,mm/hr,0-30 mm/hr,17.8,6.1,Westergren,Whole Blood (EDTA),High (Significant Inflammation),High (Significant Inflammation)
PAT-10698,70,Female,Erythrocyte Sedimentation Rate (ESR),54.6,mm/hr,0-30 mm/hr,22.2,7.9,Westergren,Whole Blood (EDTA),High (Significant Inflammation),High (Significant Inflammation)
PAT-10699,39,Male,Erythrocyte Sedimentation Rate (ESR),11.0,mm/hr,0-15 mm/hr,6.2,9.1,Westergren,Whole Blood (EDTA),Normal,Normal
PAT-10700,38,Male,Erythrocyte Sedimentation Rate (ESR),4.2,mm/hr,0-15 mm/hr,7.5,4.1,Westergren,Whole Blood (EDTA),Normal,Normal
PAT-10701,21,Male,Erythrocyte Sedimentation Rate (ESR),10.1,mm/hr,0-15 mm/hr,7.6,8.1,Westergren,Whole Blood (EDTA),Normal,Normal
PAT-10702,79,Female,Erythrocyte Sedimentation Rate (ESR),59.8,mm/hr,0-30 mm/hr,45.2,9.5,Westergren,Whole Blood (EDTA),High (Significant Inflammation),High (Significant Inflammation)
PAT-10703,79,Female,Erythrocyte Sedimentation Rate (ESR),5.4,mm/hr,0-30 mm/hr,1.5,6.6,Westergren,Whole Blood (EDTA),Normal,Normal
PAT-10704,41,Female,Erythrocyte Sedimentation Rate (ESR),8.8,mm/hr,0-20 mm/hr,4.4,9.0,Westergren,Whole Blood (EDTA),Normal,Normal
PAT-10705,72,Female,Erythrocyte Sedimentation Rate (ESR),4.7,mm/hr,0-30 mm/hr,1.3,13.4,Westergren,Whole Blood (EDTA),Normal,Normal
PAT-10706,26,Female,Erythrocyte Sedimentation Rate (ESR),11.7,mm/hr,0-20 mm/hr,7.5,7.3,Westergren,Whole Blood (EDTA),Normal,Normal
PAT-10707,20,Female,Erythrocyte Sedimentation Rate (ESR),13.9,mm/hr,0-20 mm/hr,1.9,8.3,Westergren,Whole Blood (EDTA),Normal,Normal
PAT-10708,48,Male,Erythrocyte Sedimentation Rate (ESR),14.4,mm/hr,0-15 mm/hr,2.4,6.0,Westergren,Whole Blood (EDTA),Normal,Normal
PAT-10709,57,Female,Erythrocyte Sedimentation Rate (ESR),12.1,mm/hr,0-30 mm/hr,3.5,7.9,Westergren,Whole Blood (EDTA),Normal,Normal
PAT-10710,53,Male,Erythrocyte Sedimentation Rate (ESR),18.8,mm/hr,0-20 mm/hr,3.4,8.5,Westergren,Whole Blood (EDTA),Normal,Normal
PAT-10711,41,Female,Erythrocyte Sedimentation Rate (ESR),19.9,mm/hr,0-20 mm/hr,6.5,7.9,Westergren,Whole Blood (EDTA),Normal,Normal
PAT-10712,23,Female,Erythrocyte Sedimentation Rate (ESR),6.7,mm/hr,0-20 mm/hr,3.9,5.4,Westergren,Whole Blood (EDTA),Normal,Normal
PAT-10713,83,Female,Erythrocyte Sedimentation Rate (ESR),24.5,mm/hr,0-30 mm/hr,1.8,7.9,Westergren,Whole Blood (EDTA),Normal,Normal
PAT-10714,21,Male,Erythrocyte Sedimentation Rate (ESR),9.7,mm/hr,0-15 mm/hr,2.5,10.6,Westergren,Whole Blood (EDTA),Normal,Normal
PAT-10715,23,Male,Erythrocyte Sedimentation Rate (ESR),7.8,mm/hr,0-15 mm/hr,4.3,8.4,Westergren,Whole Blood (EDTA),Normal,Normal
PAT-10716,68,Male,Erythrocyte Sedimentation Rate (ESR),10.1,mm/hr,0-20 mm/hr,1.6,9.5,Westergren,Whole Blood (EDTA),Normal,Normal
PAT-10717,79,Male,Erythrocyte Sedimentation Rate (ESR),11.1,mm/hr,0-20 mm/hr,5.1,7.0,Westergren,Whole Blood (EDTA),Normal,Normal
PAT-10718,74,Male,Erythrocyte Sedimentation Rate (ESR),4.5,mm/hr,0-20 mm/hr,4.7,9.1,Westergren,Whole Blood (EDTA),Normal,Normal
PAT-10719,83,Female,Erythrocyte Sedimentation Rate (ESR),64.4,mm/hr,0-30 mm/hr,28.3,8.1,Westergren,Whole Blood (EDTA),High (Significant Inflammation),High (Significant Inflammation)
PAT-10720,25,Female,Erythrocyte Sedimentation Rate (ESR),14.0,mm/hr,0-20 mm/hr,7.5,5.5,Westergren,Whole Blood (EDTA),Normal,Normal
PAT-10721,43,Male,Erythrocyte Sedimentation Rate (ESR),12.3,mm/hr,0-15 mm/hr,7.3,8.2,Westergren,Whole Blood (EDTA),Normal,Normal
PAT-10722,68,Male,Erythrocyte Sedimentation Rate (ESR),56.7,mm/hr,0-20 mm/hr,49.9,5.4,Westergren,Whole Blood (EDTA),High (Significant Inflammation),High (Significant Inflammation)
PAT-10723,62,Male,Erythrocyte Sedimentation Rate (ESR),4.8,mm/hr,0-20 mm/hr,2.3,6.2,Westergren,Whole Blood (EDTA),Normal,Normal
PAT-10724,61,Female,Erythrocyte Sedimentation Rate (ESR),8.4,mm/hr,0-30 mm/hr,1.5,7.9,Westergren,Whole Blood (EDTA),Normal,Normal
PAT-10725,22,Female,Erythrocyte Sedimentation Rate (ESR),41.3,mm/hr,0-20 mm/hr,28.3,8.1,Westergren,Whole Blood (EDTA),Moderately Elevated,Moderately Elevated
PAT-10726,43,Female,Erythrocyte Sedimentation Rate (ESR),8.4,mm/hr,0-20 mm/hr,7.2,5.0,Westergren,Whole Blood (EDTA),Normal,Normal
PAT-10727,36,Female,Erythrocyte Sedimentation Rate (ESR),21.4,mm/hr,0-20 mm/hr,7.8,9.7,Westergren,Whole Blood (EDTA),Moderately Elevated,Moderately Elevated
PAT-10728,37,Female,Erythrocyte Sedimentation Rate (ESR),5.7,mm/hr,0-20 mm/hr,6.9,8.7,Westergren,Whole Blood (EDTA),Normal,Normal
PAT-10729,29,Female,Erythrocyte Sedimentation Rate (ESR),18.2,mm/hr,0-20 mm/hr,1.3,6.0,Westergren,Whole Blood (EDTA),Normal,Normal
PAT-10730,64,Male,Erythrocyte Sedimentation Rate (ESR),3.7,mm/hr,0-20 mm/hr,7.6,4.3,Westergren,Whole Blood (EDTA),Normal,Normal
PAT-10731,18,Female,Erythrocyte Sedimentation Rate (ESR),19.1,mm/hr,0-20 mm/hr,3.7,7.2,Westergren,Whole Blood (EDTA),Normal,Normal
PAT-10732,31,Male,Erythrocyte Sedimentation Rate (ESR),4.8,mm/hr,0-15 mm/hr,0.6,6.6,Westergren,Whole Blood (EDTA),Normal,Normal
PAT-10733,81,Female,Erythrocyte Sedimentation Rate (ESR),9.4,mm/hr,0-30 mm/hr,3.8,7.7,Westergren,Whole Blood (EDTA),Normal,Normal
PAT-10734,55,Male,Erythrocyte Sedimentation Rate (ESR),57.0,mm/hr,0-20 mm/hr,37.7,6.7,Westergren,Whole Blood (EDTA),High (Significant Inflammation),High (Significant Inflammation)
PAT-10735,54,Female,Erythrocyte Sedimentation Rate (ESR),71.6,mm/hr,0-30 mm/hr,18.7,3.3,Westergren,Whole Blood (EDTA),High (Significant Inflammation),High (Significant Inflammation)
PAT-10736,28,Female,Erythrocyte Sedimentation Rate (ESR),14.9,mm/hr,0-20 mm/hr,3.0,6.7,Westergren,Whole Blood (EDTA),Normal,Normal
PAT-10737,20,Female,Erythrocyte Sedimentation Rate (ESR),5.9,mm/hr,0-20 mm/hr,4.1,6.9,Westergren,Whole Blood (EDTA),Normal,Normal
PAT-10738,50,Female,Erythrocyte Sedimentation Rate (ESR),13.2,mm/hr,0-30 mm/hr,5.1,8.8,Westergren,Whole Blood (EDTA),Normal,Normal
PAT-10739,23,Male,Erythrocyte Sedimentation Rate (ESR),80.8,mm/hr,0-15 mm/hr,42.5,6.0,Westergren,Whole Blood (EDTA),High (Significant Inflammation),High (Significant Inflammation)
PAT-10740,67,Male,Erythrocyte Sedimentation Rate (ESR),43.2,mm/hr,0-20 mm/hr,53.3,11.0,Westergren,Whole Blood (EDTA),Moderately Elevated,Moderately Elevated
PAT-10741,27,Male,Erythrocyte Sedimentation Rate (ESR),64.9,mm/hr,0-15 mm/hr,54.7,3.5,Westergren,Whole Blood (EDTA),High (Significant Inflammation),High (Significant Inflammation)
PAT-10742,22,Male,Erythrocyte Sedimentation Rate (ESR),14.2,mm/hr,0-15 mm/hr,6.6,10.3,Westergren,Whole Blood (EDTA),Normal,Normal
PAT-10743,40,Female,Erythrocyte Sedimentation Rate (ESR),58.8,mm/hr,0-20 mm/hr,14.7,7.0,Westergren,Whole Blood (EDTA),High (Significant Inflammation),High (Significant Inflammation)
PAT-10744,27,Male,Erythrocyte Sedimentation Rate (ESR),18.0,mm/hr,0-15 mm/hr,1.4,9.3,Westergren,Whole Blood (EDTA),Moderately Elevated,Moderately Elevated
PAT-10745,61,Female,Erythrocyte Sedimentation Rate (ESR),14.5,mm/hr,0-30 mm/hr,4.5,7.7,Westergren,Whole Blood (EDTA),Normal,Normal
PAT-10746,19,Female,Erythrocyte Sedimentation Rate (ESR),6.2,mm/hr,0-20 mm/hr,2.6,9.9,Westergren,Whole Blood (EDTA),Normal,Normal
PAT-10747,30,Female,Erythrocyte Sedimentation Rate (ESR),48.9,mm/hr,0-20 mm/hr,40.3,6.7,Westergren,Whole Blood (EDTA),Moderately Elevated,Moderately Elevated
PAT-10748,57,Male,Erythrocyte Sedimentation Rate (ESR),14.3,mm/hr,0-20 mm/hr,5.5,5.2,Westergren,Whole Blood (EDTA),Normal,Normal
PAT-10749,19,Female,Erythrocyte Sedimentation Rate (ESR),12.7,mm/hr,0-20 mm/hr,7.0,10.5,Westergren,Whole Blood (EDTA),Normal,Normal
PAT-10750,82,Female,Erythrocyte Sedimentation Rate (ESR),4.5,mm/hr,0-30 mm/hr,1.7,7.3,Westergren,Whole Blood (EDTA),Normal,Normal
PAT-10751,80,Female,Erythrocyte Sedimentation Rate (ESR),65.9,mm/hr,0-30 mm/hr,14.3,8.0,Westergren,Whole Blood (EDTA),High (Significant Inflammation),High (Significant Inflammation)
PAT-10752,34,Female,Erythrocyte Sedimentation Rate (ESR),6.1,mm/hr,0-20 mm/hr,6.9,10.1,Westergren,Whole Blood (EDTA),Normal,Normal
PAT-10753,26,Female,Erythrocyte Sedimentation Rate (ESR),48.4,mm/hr,0-20 mm/hr,18.7,5.3,Westergren,Whole Blood (EDTA),Moderately Elevated,Moderately Elevated
PAT-10754,32,Male,Erythrocyte Sedimentation Rate (ESR),44.2,mm/hr,0-15 mm/hr,26.9,8.8,Westergren,Whole Blood (EDTA),Moderately Elevated,Moderately Elevated
PAT-10755,41,Female,Erythrocyte Sedimentation Rate (ESR),8.3,mm/hr,0-20 mm/hr,7.3,6.3,Westergren,Whole Blood (EDTA),Normal,Normal
PAT-10756,55,Male,Erythrocyte Sedimentation Rate (ESR),74.7,mm/hr,0-20 mm/hr,30.0,7.2,Westergren,Whole Blood (EDTA),High (Significant Inflammation),High (Significant Inflammation)
PAT-10757,52,Male,Erythrocyte Sedimentation Rate (ESR),17.0,mm/hr,0-20 mm/hr,4.6,7.7,Westergren,Whole Blood (EDTA),Normal,Normal
PAT-10758,66,Male,Erythrocyte Sedimentation Rate (ESR),54.3,mm/hr,0-20 mm/hr,41.0,4.3,Westergren,Whole Blood (EDTA),High (Significant Inflammation),High (Significant Inflammation)
PAT-10759,79,Male,Erythrocyte Sedimentation Rate (ESR),13.3,mm/hr,0-20 mm/hr,0.8,5.9,Westergren,Whole Blood (EDTA),Normal,Normal
PAT-10760,77,Male,Erythrocyte Sedimentation Rate (ESR),9.7,mm/hr,0-20 mm/hr,5.9,10.3,Westergren,Whole Blood (EDTA),Normal,Normal
PAT-10761,67,Male,Erythrocyte Sedimentation Rate (ESR),68.7,mm/hr,0-20 mm/hr,20.8,9.4,Westergren,Whole Blood (EDTA),High (Significant Inflammation),High (Significant Inflammation)
PAT-10762,26,Female,Erythrocyte Sedimentation Rate (ESR),17.7,mm/hr,0-20 mm/hr,2.4,7.4,Westergren,Whole Blood (EDTA),Normal,Normal
PAT-10763,51,Female,Erythrocyte Sedimentation Rate (ESR),39.5,mm/hr,0-30 mm/hr,52.6,8.0,Westergren,Whole Blood (EDTA),Moderately Elevated,Moderately Elevated
PAT-10764,52,Female,Erythrocyte Sedimentation Rate (ESR),22.4,mm/hr,0-30 mm/hr,5.5,6.9,Westergren,Whole Blood (EDTA),Normal,Normal
PAT-10765,18,Male,Erythrocyte Sedimentation Rate (ESR),6.2,mm/hr,0-15 mm/hr,0.5,10.3,Westergren,Whole Blood (EDTA),Normal,Normal
PAT-10766,57,Male,Erythrocyte Sedimentation Rate (ESR),15.6,mm/hr,0-20 mm/hr,6.5,7.1,Westergren,Whole Blood (EDTA),Normal,Normal
PAT-10767,81,Female,Erythrocyte Sedimentation Rate (ESR),27.6,mm/hr,0-30 mm/hr,1.1,8.0,Westergren,Whole Blood (EDTA),Normal,Normal
PAT-10768,39,Male,Erythrocyte Sedimentation Rate (ESR),16.2,mm/hr,0-15 mm/hr,1.9,9.9,Westergren,Whole Blood (EDTA),Moderately Elevated,Moderately Elevated
PAT-10769,77,Male,Erythrocyte Sedimentation Rate (ESR),7.5,mm/hr,0-20 mm/hr,3.4,5.9,Westergren,Whole Blood (EDTA),Normal,Normal
PAT-10770,81,Female,Erythrocyte Sedimentation Rate (ESR),56.5,mm/hr,0-30 mm/hr,25.2,10.8,Westergren,Whole Blood (EDTA),High (Significant Inflammation),High (Significant Inflammation)
PAT-10771,28,Male,Erythrocyte Sedimentation Rate (ESR),13.3,mm/hr,0-15 mm/hr,3.2,4.3,Westergren,Whole Blood (EDTA),Normal,Normal
PAT-10772,31,Female,Erythrocyte Sedimentation Rate (ESR),21.8,mm/hr,0-20 mm/hr,2.9,10.9,Westergren,Whole Blood (EDTA),Moderately Elevated,Moderately Elevated
PAT-10773,77,Female,Erythrocyte Sedimentation Rate (ESR),12.9,mm/hr,0-30 mm/hr,7.7,6.7,Westergren,Whole Blood (EDTA),Normal,Normal
PAT-10774,47,Male,Erythrocyte Sedimentation Rate (ESR),47.1,mm/hr,0-15 mm/hr,13.3,7.0,Westergren,Whole Blood (EDTA),Moderately Elevated,Moderately Elevated
PAT-10775,52,Male,Erythrocyte Sedimentation Rate (ESR),18.7,mm/hr,0-20 mm/hr,0.7,3.5,Westergren,Whole Blood (EDTA),Normal,Normal
PAT-10776,54,Female,Erythrocyte Sedimentation Rate (ESR),8.4,mm/hr,0-30 mm/hr,3.7,6.5,Westergren,Whole Blood (EDTA),Normal,Normal
PAT-10777,22,Male,Erythrocyte Sedimentation Rate (ESR),16.9,mm/hr,0-15 mm/hr,7.1,5.3,Westergren,Whole Blood (EDTA),Moderately Elevated,Moderately Elevated
PAT-10778,43,Male,Erythrocyte Sedimentation Rate (ESR),36.6,mm/hr,0-15 mm/hr,22.8,6.2,Westergren,Whole Blood (EDTA),Moderately Elevated,Moderately Elevated
PAT-10779,79,Female,Erythrocyte Sedimentation Rate (ESR),7.4,mm/hr,0-30 mm/hr,1.2,7.2,Westergren,Whole Blood (EDTA),Normal,Normal
PAT-10780,21,Male,Erythrocyte Sedimentation Rate (ESR),9.1,mm/hr,0-15 mm/hr,6.2,9.5,Westergren,Whole Blood (EDTA),Normal,Normal
PAT-10781,59,Female,Erythrocyte Sedimentation Rate (ESR),10.2,mm/hr,0-30 mm/hr,5.0,7.9,Westergren,Whole Blood (EDTA),Normal,Normal
PAT-10782,35,Female,Erythrocyte Sedimentation Rate (ESR),15.6,mm/hr,0-20 mm/hr,4.8,8.1,Westergren,Whole Blood (EDTA),Normal,Normal
PAT-10783,57,Male,Erythrocyte Sedimentation Rate (ESR),17.1,mm/hr,0-20 mm/hr,0.9,5.2,Westergren,Whole Blood (EDTA),Normal,Normal
PAT-10784,56,Male,Erythrocyte Sedimentation Rate (ESR),20.1,mm/hr,0-20 mm/hr,1.6,5.7,Westergren,Whole Blood (EDTA),Moderately Elevated,Moderately Elevated
PAT-10785,31,Male,Erythrocyte Sedimentation Rate (ESR),14.1,mm/hr,0-15 mm/hr,5.2,11.3,Westergren,Whole Blood (EDTA),Normal,Normal
PAT-10786,49,Male,Erythrocyte Sedimentation Rate (ESR),37.7,mm/hr,0-15 mm/hr,20.4,6.0,Westergren,Whole Blood (EDTA),Moderately Elevated,Moderately Elevated
PAT-10787,68,Male,Erythrocyte Sedimentation Rate (ESR),10.2,mm/hr,0-20 mm/hr,4.3,11.0,Westergren,Whole Blood (EDTA),Normal,Normal
PAT-10788,55,Female,Erythrocyte Sedimentation Rate (ESR),28.7,mm/hr,0-30 mm/hr,4.6,7.0,Westergren,Whole Blood (EDTA),Normal,Normal
PAT-10789,40,Male,Erythrocyte Sedimentation Rate (ESR),16.5,mm/hr,0-15 mm/hr,2.6,7.5,Westergren,Whole Blood (EDTA),Moderately Elevated,Moderately Elevated
PAT-10790,80,Female,Erythrocyte Sedimentation Rate (ESR),23.0,mm/hr,0-30 mm/hr,7.6,9.7,Westergren,Whole Blood (EDTA),Normal,Normal
PAT-10791,32,Female,Erythrocyte Sedimentation Rate (ESR),40.9,mm/hr,0-20 mm/hr,32.6,10.2,Westergren,Whole Blood (EDTA),Moderately Elevated,Moderately Elevated
PAT-10792,42,Female,Erythrocyte Sedimentation Rate (ESR),11.2,mm/hr,0-20 mm/hr,5.9,7.3,Westergren,Whole Blood (EDTA),Normal,Normal
PAT-10793,34,Female,Erythrocyte Sedimentation Rate (ESR),5.3,mm/hr,0-20 mm/hr,1.1,6.7,Westergren,Whole Blood (EDTA),Normal,Normal
PAT-10794,83,Male,Erythrocyte Sedimentation Rate (ESR),12.6,mm/hr,0-20 mm/hr,1.3,7.4,Westergren,Whole Blood (EDTA),Normal,Normal
PAT-10795,70,Female,Erythrocyte Sedimentation Rate (ESR),57.3,mm/hr,0-30 mm/hr,26.0,8.2,Westergren,Whole Blood (EDTA),High (Significant Inflammation),High (Significant Inflammation)
PAT-10796,68,Female,Erythrocyte Sedimentation Rate (ESR),15.6,mm/hr,0-30 mm/hr,1.7,9.4,Westergren,Whole Blood (EDTA),Normal,Normal
PAT-10797,56,Male,Erythrocyte Sedimentation Rate (ESR),56.7,mm/hr,0-20 mm/hr,54.1,7.5,Westergren,Whole Blood (EDTA),High (Significant Inflammation),High (Significant Inflammation)
PAT-10798,68,Male,Erythrocyte Sedimentation Rate (ESR),8.9,mm/hr,0-20 mm/hr,1.7,8.8,Westergren,Whole Blood (EDTA),Normal,Normal
PAT-10799,23,Female,Erythrocyte Sedimentation Rate (ESR),15.5,mm/hr,0-20 mm/hr,4.2,10.9,Westergren,Whole Blood (EDTA),Normal,Normal
PAT-10800,84,Male,Erythrocyte Sedimentation Rate (ESR),18.4,mm/hr,0-20 mm/hr,3.2,8.3,Westergren,Whole Blood (EDTA),Normal,Normal
PAT-10801,24,Male,Erythrocyte Sedimentation Rate (ESR),12.5,mm/hr,0-15 mm/hr,5.3,8.2,Westergren,Whole Blood (EDTA),Normal,Normal
PAT-10802,68,Male,Erythrocyte Sedimentation Rate (ESR),10.0,mm/hr,0-20 mm/hr,1.5,4.3,Westergren,Whole Blood (EDTA),Normal,Normal
PAT-10803,59,Male,Erythrocyte Sedimentation Rate (ESR),2.2,mm/hr,0-20 mm/hr,3.7,3.0,Westergren,Whole Blood (EDTA),Normal,Normal
PAT-10804,81,Female,Erythrocyte Sedimentation Rate (ESR),26.2,mm/hr,0-30 mm/hr,2.6,8.3,Westergren,Whole Blood (EDTA),Normal,Normal
PAT-10805,32,Female,Erythrocyte Sedimentation Rate (ESR),62.2,mm/hr,0-20 mm/hr,48.9,7.3,Westergren,Whole Blood (EDTA),High (Significant Inflammation),High (Significant Inflammation)
PAT-10806,46,Female,Erythrocyte Sedimentation Rate (ESR),57.4,mm/hr,0-20 mm/hr,29.1,6.4,Westergren,Whole Blood (EDTA),High (Significant Inflammation),High (Significant Inflammation)
PAT-10807,50,Male,Erythrocyte Sedimentation Rate (ESR),75.8,mm/hr,0-20 mm/hr,32.2,8.0,Westergren,Whole Blood (EDTA),High (Significant Inflammation),High (Significant Inflammation)
PAT-10808,44,Male,Erythrocyte Sedimentation Rate (ESR),64.2,mm/hr,0-15 mm/hr,28.8,7.4,Westergren,Whole Blood (EDTA),High (Significant Inflammation),High (Significant Inflammation)
PAT-10809,53,Female,Erythrocyte Sedimentation Rate (ESR),61.4,mm/hr,0-30 mm/hr,28.4,9.9,Westergren,Whole Blood (EDTA),High (Significant Inflammation),High (Significant Inflammation)
PAT-10810,46,Male,Erythrocyte Sedimentation Rate (ESR),83.0,mm/hr,0-15 mm/hr,36.3,7.7,Westergren,Whole Blood (EDTA),High (Significant Inflammation),High (Significant Inflammation)
PAT-10811,55,Male,Erythrocyte Sedimentation Rate (ESR),7.2,mm/hr,0-20 mm/hr,0.7,5.9,Westergren,Whole Blood (EDTA),Normal,Normal
PAT-10812,74,Female,Erythrocyte Sedimentation Rate (ESR),15.5,mm/hr,0-30 mm/hr,7.8,9.6,Westergren,Whole Blood (EDTA),Normal,Normal
PAT-10813,44,Male,Erythrocyte Sedimentation Rate (ESR),2.8,mm/hr,0-15 mm/hr,4.4,7.0,Westergren,Whole Blood (EDTA),Normal,Normal
PAT-10814,72,Female,Erythrocyte Sedimentation Rate (ESR),71.0,mm/hr,0-30 mm/hr,43.5,8.6,Westergren,Whole Blood (EDTA),High (Significant Inflammation),High (Significant Inflammation)
PAT-10815,50,Male,Erythrocyte Sedimentation Rate (ESR),51.9,mm/hr,0-20 mm/hr,23.5,6.5,Westergren,Whole Blood (EDTA),High (Significant Inflammation),High (Significant Inflammation)
PAT-10816,83,Male,Erythrocyte Sedimentation Rate (ESR),9.2,mm/hr,0-20 mm/hr,1.0,6.1,Westergren,Whole Blood (EDTA),Normal,Normal
PAT-10817,27,Male,Erythrocyte Sedimentation Rate (ESR),15.1,mm/hr,0-15 mm/hr,7.9,7.7,Westergren,Whole Blood (EDTA),Moderately Elevated,Moderately Elevated
PAT-10818,22,Female,Erythrocyte Sedimentation Rate (ESR),9.7,mm/hr,0-20 mm/hr,0.8,7.5,Westergren,Whole Blood (EDTA),Normal,Normal
PAT-10819,55,Female,Erythrocyte Sedimentation Rate (ESR),26.4,mm/hr,0-30 mm/hr,5.4,8.5,Westergren,Whole Blood (EDTA),Normal,Normal
PAT-10820,30,Female,Erythrocyte Sedimentation Rate (ESR),7.0,mm/hr,0-20 mm/hr,3.8,6.9,Westergren,Whole Blood (EDTA),Normal,Normal
PAT-10821,48,Female,Erythrocyte Sedimentation Rate (ESR),61.0,mm/hr,0-20 mm/hr,11.5,3.6,Westergren,Whole Blood (EDTA),High (Significant Inflammation),High (Significant Inflammation)
PAT-10822,64,Male,Erythrocyte Sedimentation Rate (ESR),6.4,mm/hr,0-20 mm/hr,2.3,6.6,Westergren,Whole Blood (EDTA),Normal,Normal
PAT-10823,69,Female,Erythrocyte Sedimentation Rate (ESR),26.4,mm/hr,0-30 mm/hr,4.5,9.2,Westergren,Whole Blood (EDTA),Normal,Normal
PAT-10824,73,Male,Erythrocyte Sedimentation Rate (ESR),9.7,mm/hr,0-20 mm/hr,4.1,6.9,Westergren,Whole Blood (EDTA),Normal,Normal
PAT-10825,32,Female,Erythrocyte Sedimentation Rate (ESR),8.8,mm/hr,0-20 mm/hr,5.8,7.0,Westergren,Whole Blood (EDTA),Normal,Normal
PAT-10826,46,Male,Erythrocyte Sedimentation Rate (ESR),3.9,mm/hr,0-15 mm/hr,1.0,9.6,Westergren,Whole Blood (EDTA),Normal,Normal
PAT-10827,25,Female,Erythrocyte Sedimentation Rate (ESR),16.0,mm/hr,0-20 mm/hr,2.0,6.0,Westergren,Whole Blood (EDTA),Normal,Normal
PAT-10828,22,Male,Erythrocyte Sedimentation Rate (ESR),2.5,mm/hr,0-15 mm/hr,2.1,4.3,Westergren,Whole Blood (EDTA),Normal,Normal
PAT-10829,46,Male,Erythrocyte Sedimentation Rate (ESR),8.5,mm/hr,0-15 mm/hr,6.0,7.2,Westergren,Whole Blood (EDTA),Normal,Normal
PAT-10830,64,Female,Erythrocyte Sedimentation Rate (ESR),95.6,mm/hr,0-30 mm/hr,33.3,6.5,Westergren,Whole Blood (EDTA),High (Significant Inflammation),High (Significant Inflammation)
PAT-10831,62,Male,Erythrocyte Sedimentation Rate (ESR),16.3,mm/hr,0-20 mm/hr,4.8,5.5,Westergren,Whole Blood (EDTA),Normal,Normal
PAT-10832,19,Male,Erythrocyte Sedimentation Rate (ESR),39.5,mm/hr,0-15 mm/hr,11.9,7.1,Westergren,Whole Blood (EDTA),Moderately Elevated,Moderately Elevated
PAT-10833,44,Male,Erythrocyte Sedimentation Rate (ESR),17.0,mm/hr,0-15 mm/hr,7.0,8.5,Westergren,Whole Blood (EDTA),Moderately Elevated,Moderately Elevated
PAT-10834,53,Male,Erythrocyte Sedimentation Rate (ESR),3.5,mm/hr,0-20 mm/hr,7.6,7.5,Westergren,Whole Blood (EDTA),Normal,Normal
PAT-10835,53,Female,Erythrocyte Sedimentation Rate (ESR),19.0,mm/hr,0-30 mm/hr,4.4,8.1,Westergren,Whole Blood (EDTA),Normal,Normal
PAT-10836,43,Female,Erythrocyte Sedimentation Rate (ESR),18.8,mm/hr,0-20 mm/hr,3.1,11.3,Westergren,Whole Blood (EDTA),Normal,Normal
PAT-10837,60,Female,Erythrocyte Sedimentation Rate (ESR),20.7,mm/hr,0-30 mm/hr,2.3,6.8,Westergren,Whole Blood (EDTA),Normal,Normal
PAT-10838,44,Female,Erythrocyte Sedimentation Rate (ESR),7.9,mm/hr,0-20 mm/hr,0.9,8.1,Westergren,Whole Blood (EDTA),Normal,Normal
PAT-10839,37,Male,Erythrocyte Sedimentation Rate (ESR),53.3,mm/hr,0-15 mm/hr,19.5,6.4,Westergren,Whole Blood (EDTA),High (Significant Inflammation),High (Significant Inflammation)
PAT-10840,28,Female,Erythrocyte Sedimentation Rate (ESR),15.5,mm/hr,0-20 mm/hr,5.4,5.7,Westergren,Whole Blood (EDTA),Normal,Normal
PAT-10841,55,Male,Erythrocyte Sedimentation Rate (ESR),44.0,mm/hr,0-20 mm/hr,24.3,6.3,Westergren,Whole Blood (EDTA),Moderately Elevated,Moderately Elevated
PAT-10842,23,Male,Erythrocyte Sedimentation Rate (ESR),42.3,mm/hr,0-15 mm/hr,22.4,6.5,Westergren,Whole Blood (EDTA),Moderately Elevated,Moderately Elevated
PAT-10843,40,Female,Erythrocyte Sedimentation Rate (ESR),6.2,mm/hr,0-20 mm/hr,3.5,8.3,Westergren,Whole Blood (EDTA),Normal,Normal
PAT-10844,64,Male,Erythrocyte Sedimentation Rate (ESR),13.1,mm/hr,0-20 mm/hr,5.7,12.4,Westergren,Whole Blood (EDTA),Normal,Normal
PAT-10845,63,Female,Erythrocyte Sedimentation Rate (ESR),79.1,mm/hr,0-30 mm/hr,51.2,6.0,Westergren,Whole Blood (EDTA),High (Significant Inflammation),High (Significant Inflammation)
PAT-10846,29,Male,Erythrocyte Sedimentation Rate (ESR),5.5,mm/hr,0-15 mm/hr,4.3,6.6,Westergren,Whole Blood (EDTA),Normal,Normal
PAT-10847,30,Female,Erythrocyte Sedimentation Rate (ESR),20.8,mm/hr,0-20 mm/hr,2.5,7.4,Westergren,Whole Blood (EDTA),Moderately Elevated,Moderately Elevated
PAT-10848,79,Female,Erythrocyte Sedimentation Rate (ESR),21.4,mm/hr,0-30 mm/hr,3.9,8.3,Westergren,Whole Blood (EDTA),Normal,Normal
PAT-10849,77,Female,Erythrocyte Sedimentation Rate (ESR),14.7,mm/hr,0-30 mm/hr,4.0,8.1,Westergren,Whole Blood (EDTA),Normal,Normal
PAT-10850,60,Female,Erythrocyte Sedimentation Rate (ESR),18.4,mm/hr,0-30 mm/hr,5.8,10.2,Westergren,Whole Blood (EDTA),Normal,Normal
PAT-10851,22,Female,Erythrocyte Sedimentation Rate (ESR),11.1,mm/hr,0-20 mm/hr,7.6,3.0,Westergren,Whole Blood (EDTA),Normal,Normal
PAT-10852,54,Male,Erythrocyte Sedimentation Rate (ESR),18.5,mm/hr,0-20 mm/hr,3.0,3.0,Westergren,Whole Blood (EDTA),Normal,Normal
PAT-10853,48,Female,Erythrocyte Sedimentation Rate (ESR),70.8,mm/hr,0-20 mm/hr,35.9,6.5,Westergren,Whole Blood (EDTA),High (Significant Inflammation),High (Significant Inflammation)
PAT-10854,26,Male,Erythrocyte Sedimentation Rate (ESR),8.9,mm/hr,0-15 mm/hr,4.2,9.8,Westergren,Whole Blood (EDTA),Normal,Normal
PAT-10855,68,Female,Erythrocyte Sedimentation Rate (ESR),29.5,mm/hr,0-30 mm/hr,4.6,4.2,Westergren,Whole Blood (EDTA),Normal,Normal
PAT-10856,46,Female,Erythrocyte Sedimentation Rate (ESR),68.2,mm/hr,0-20 mm/hr,56.0,3.0,Westergren,Whole Blood (EDTA),High (Significant Inflammation),High (Significant Inflammation)
PAT-10857,57,Female,Erythrocyte Sedimentation Rate (ESR),11.9,mm/hr,0-30 mm/hr,6.2,8.7,Westergren,Whole Blood (EDTA),Normal,Normal
PAT-10858,58,Male,Erythrocyte Sedimentation Rate (ESR),8.5,mm/hr,0-20 mm/hr,7.9,8.0,Westergren,Whole Blood (EDTA),Normal,Normal
PAT-10859,28,Male,Erythrocyte Sedimentation Rate (ESR),31.7,mm/hr,0-15 mm/hr,32.9,5.2,Westergren,Whole Blood (EDTA),Moderately Elevated,Moderately Elevated
PAT-10860,40,Female,Erythrocyte Sedimentation Rate (ESR),21.3,mm/hr,0-20 mm/hr,2.0,5.4,Westergren,Whole Blood (EDTA),Moderately Elevated,Moderately Elevated
PAT-10861,18,Male,Erythrocyte Sedimentation Rate (ESR),13.7,mm/hr,0-15 mm/hr,7.1,5.5,Westergren,Whole Blood (EDTA),Normal,Normal
PAT-10862,63,Male,Erythrocyte Sedimentation Rate (ESR),15.4,mm/hr,0-20 mm/hr,5.8,7.7,Westergren,Whole Blood (EDTA),Normal,Normal
PAT-10863,38,Male,Erythrocyte Sedimentation Rate (ESR),17.1,mm/hr,0-15 mm/hr,3.9,6.2,Westergren,Whole Blood (EDTA),Moderately Elevated,Moderately Elevated
PAT-10864,53,Female,Erythrocyte Sedimentation Rate (ESR),25.7,mm/hr,0-30 mm/hr,4.6,8.5,Westergren,Whole Blood (EDTA),Normal,Normal
PAT-10865,71,Female,Erythrocyte Sedimentation Rate (ESR),58.0,mm/hr,0-30 mm/hr,33.5,3.0,Westergren,Whole Blood (EDTA),High (Significant Inflammation),High (Significant Inflammation)
PAT-10866,74,Male,Erythrocyte Sedimentation Rate (ESR),15.2,mm/hr,0-20 mm/hr,4.1,5.7,Westergren,Whole Blood (EDTA),Normal,Normal
PAT-10867,18,Male,Erythrocyte Sedimentation Rate (ESR),3.9,mm/hr,0-15 mm/hr,3.3,5.1,Westergren,Whole Blood (EDTA),Normal,Normal
PAT-10868,80,Male,Erythrocyte Sedimentation Rate (ESR),5.6,mm/hr,0-20 mm/hr,4.2,7.0,Westergren,Whole Blood (EDTA),Normal,Normal
PAT-10869,71,Female,Erythrocyte Sedimentation Rate (ESR),9.5,mm/hr,0-30 mm/hr,4.8,6.4,Westergren,Whole Blood (EDTA),Normal,Normal
PAT-10870,72,Female,Erythrocyte Sedimentation Rate (ESR),18.8,mm/hr,0-30 mm/hr,1.9,9.2,Westergren,Whole Blood (EDTA),Normal,Normal
PAT-10871,57,Male,Erythrocyte Sedimentation Rate (ESR),5.2,mm/hr,0-20 mm/hr,7.3,3.6,Westergren,Whole Blood (EDTA),Normal,Normal
PAT-10872,32,Male,Erythrocyte Sedimentation Rate (ESR),71.6,mm/hr,0-15 mm/hr,43.2,7.6,Westergren,Whole Blood (EDTA),High (Significant Inflammation),High (Significant Inflammation)
PAT-10873,38,Male,Erythrocyte Sedimentation Rate (ESR),3.3,mm/hr,0-15 mm/hr,5.2,8.7,Westergren,Whole Blood (EDTA),Normal,Normal
PAT-10874,64,Female,Erythrocyte Sedimentation Rate (ESR),5.9,mm/hr,0-30 mm/hr,1.2,11.4,Westergren,Whole Blood (EDTA),Normal,Normal
PAT-10875,70,Female,Erythrocyte Sedimentation Rate (ESR),77.3,mm/hr,0-30 mm/hr,55.6,6.5,Westergren,Whole Blood (EDTA),High (Significant Inflammation),High (Significant Inflammation)
PAT-10876,26,Male,Erythrocyte Sedimentation Rate (ESR),31.9,mm/hr,0-15 mm/hr,20.5,8.2,Westergren,Whole Blood (EDTA),Moderately Elevated,Moderately Elevated
PAT-10877,69,Male,Erythrocyte Sedimentation Rate (ESR),21.5,mm/hr,0-20 mm/hr,1.1,3.7,Westergren,Whole Blood (EDTA),Moderately Elevated,Moderately Elevated
PAT-10878,74,Male,Erythrocyte Sedimentation Rate (ESR),75.0,mm/hr,0-20 mm/hr,47.1,3.0,Westergren,Whole Blood (EDTA),High (Significant Inflammation),High (Significant Inflammation)
PAT-10879,43,Female,Erythrocyte Sedimentation Rate (ESR),11.0,mm/hr,0-20 mm/hr,3.5,9.3,Westergren,Whole Blood (EDTA),Normal,Normal
PAT-10880,58,Male,Erythrocyte Sedimentation Rate (ESR),56.5,mm/hr,0-20 mm/hr,58.4,7.5,Westergren,Whole Blood (EDTA),High (Significant Inflammation),High (Significant Inflammation)
PAT-10881,52,Female,Erythrocyte Sedimentation Rate (ESR),3.8,mm/hr,0-30 mm/hr,1.2,10.0,Westergren,Whole Blood (EDTA),Normal,Normal
PAT-10882,80,Female,Erythrocyte Sedimentation Rate (ESR),3.3,mm/hr,0-30 mm/hr,3.7,4.6,Westergren,Whole Blood (EDTA),Normal,Normal
PAT-10883,42,Male,Erythrocyte Sedimentation Rate (ESR),6.9,mm/hr,0-15 mm/hr,1.8,8.6,Westergren,Whole Blood (EDTA),Normal,Normal
PAT-10884,55,Male,Erythrocyte Sedimentation Rate (ESR),58.7,mm/hr,0-20 mm/hr,11.4,11.4,Westergren,Whole Blood (EDTA),High (Significant Inflammation),High (Significant Inflammation)
PAT-10885,19,Male,Erythrocyte Sedimentation Rate (ESR),10.7,mm/hr,0-15 mm/hr,4.7,8.4,Westergren,Whole Blood (EDTA),Normal,Normal
PAT-10886,24,Female,Erythrocyte Sedimentation Rate (ESR),55.1,mm/hr,0-20 mm/hr,33.0,8.1,Westergren,Whole Blood (EDTA),High (Significant Inflammation),High (Significant Inflammation)
PAT-10887,51,Female,Erythrocyte Sedimentation Rate (ESR),13.9,mm/hr,0-30 mm/hr,2.9,7.5,Westergren,Whole Blood (EDTA),Normal,Normal
PAT-10888,34,Female,Erythrocyte Sedimentation Rate (ESR),4.0,mm/hr,0-20 mm/hr,1.2,4.2,Westergren,Whole Blood (EDTA),Normal,Normal
PAT-10889,60,Female,Erythrocyte Sedimentation Rate (ESR),27.1,mm/hr,0-30 mm/hr,7.8,10.3,Westergren,Whole Blood (EDTA),Normal,Normal
PAT-10890,76,Male,Erythrocyte Sedimentation Rate (ESR),6.5,mm/hr,0-20 mm/hr,2.6,6.2,Westergren,Whole Blood (EDTA),Normal,Normal
PAT-10891,68,Female,Erythrocyte Sedimentation Rate (ESR),98.2,mm/hr,0-30 mm/hr,38.2,8.6,Westergren,Whole Blood (EDTA),High (Significant Inflammation),High (Significant Inflammation)
PAT-10892,71,Female,Erythrocyte Sedimentation Rate (ESR),57.9,mm/hr,0-30 mm/hr,14.4,4.2,Westergren,Whole Blood (EDTA),High (Significant Inflammation),High (Significant Inflammation)
PAT-10893,41,Male,Erythrocyte Sedimentation Rate (ESR),3.3,mm/hr,0-15 mm/hr,0.7,5.0,Westergren,Whole Blood (EDTA),Normal,Normal
PAT-10894,42,Female,Erythrocyte Sedimentation Rate (ESR),44.9,mm/hr,0-20 mm/hr,47.5,10.5,Westergren,Whole Blood (EDTA),Moderately Elevated,Moderately Elevated
PAT-10895,69,Female,Erythrocyte Sedimentation Rate (ESR),15.8,mm/hr,0-30 mm/hr,4.5,6.8,Westergren,Whole Blood (EDTA),Normal,Normal
PAT-10896,50,Female,Erythrocyte Sedimentation Rate (ESR),14.4,mm/hr,0-30 mm/hr,2.6,10.6,Westergren,Whole Blood (EDTA),Normal,Normal
PAT-10897,66,Female,Erythrocyte Sedimentation Rate (ESR),7.7,mm/hr,0-30 mm/hr,1.0,7.3,Westergren,Whole Blood (EDTA),Normal,Normal
PAT-10898,46,Female,Erythrocyte Sedimentation Rate (ESR),18.3,mm/hr,0-20 mm/hr,1.7,3.6,Westergren,Whole Blood (EDTA),Normal,Normal
PAT-10899,80,Female,Erythrocyte Sedimentation Rate (ESR),7.5,mm/hr,0-30 mm/hr,7.2,9.4,Westergren,Whole Blood (EDTA),Normal,Normal
PAT-10900,39,Male,Erythrocyte Sedimentation Rate (ESR),49.3,mm/hr,0-15 mm/hr,32.0,6.3,Westergren,Whole Blood (EDTA),Moderately Elevated,Moderately Elevated
PAT-10901,43,Male,Erythrocyte Sedimentation Rate (ESR),12.9,mm/hr,0-15 mm/hr,2.4,9.0,Westergren,Whole Blood (EDTA),Normal,Normal
PAT-10902,45,Female,Erythrocyte Sedimentation Rate (ESR),48.3,mm/hr,0-20 mm/hr,44.2,7.6,Westergren,Whole Blood (EDTA),Moderately Elevated,Moderately Elevated
PAT-10903,66,Male,Erythrocyte Sedimentation Rate (ESR),5.9,mm/hr,0-20 mm/hr,5.7,4.3,Westergren,Whole Blood (EDTA),Normal,Normal
PAT-10904,66,Male,Erythrocyte Sedimentation Rate (ESR),7.2,mm/hr,0-20 mm/hr,4.8,7.8,Westergren,Whole Blood (EDTA),Normal,Normal
PAT-10905,37,Male,Erythrocyte Sedimentation Rate (ESR),16.3,mm/hr,0-15 mm/hr,3.5,12.1,Westergren,Whole Blood (EDTA),Moderately Elevated,Moderately Elevated
PAT-10906,80,Male,Erythrocyte Sedimentation Rate (ESR),52.2,mm/hr,0-20 mm/hr,13.0,8.5,Westergren,Whole Blood (EDTA),High (Significant Inflammation),High (Significant Inflammation)
PAT-10907,78,Female,Erythrocyte Sedimentation Rate (ESR),88.8,mm/hr,0-30 mm/hr,54.4,7.4,Westergren,Whole Blood (EDTA),High (Significant Inflammation),High (Significant Inflammation)
PAT-10908,66,Female,Erythrocyte Sedimentation Rate (ESR),26.9,mm/hr,0-30 mm/hr,5.5,9.8,Westergren,Whole Blood (EDTA),Normal,Normal
PAT-10909,18,Male,Erythrocyte Sedimentation Rate (ESR),4.5,mm/hr,0-15 mm/hr,7.8,7.9,Westergren,Whole Blood (EDTA),Normal,Normal
PAT-10910,30,Male,Erythrocyte Sedimentation Rate (ESR),7.8,mm/hr,0-15 mm/hr,1.8,7.9,Westergren,Whole Blood (EDTA),Normal,Normal
PAT-10911,68,Male,Erythrocyte Sedimentation Rate (ESR),7.4,mm/hr,0-20 mm/hr,5.0,5.2,Westergren,Whole Blood (EDTA),Normal,Normal
PAT-10912,73,Female,Erythrocyte Sedimentation Rate (ESR),64.6,mm/hr,0-30 mm/hr,12.4,8.0,Westergren,Whole Blood (EDTA),High (Significant Inflammation),High (Significant Inflammation)
PAT-10913,79,Female,Erythrocyte Sedimentation Rate (ESR),31.3,mm/hr,0-30 mm/hr,27.6,9.7,Westergren,Whole Blood (EDTA),Moderately Elevated,Moderately Elevated
PAT-10914,49,Male,Erythrocyte Sedimentation Rate (ESR),12.6,mm/hr,0-15 mm/hr,2.4,5.7,Westergren,Whole Blood (EDTA),Normal,Normal
PAT-10915,47,Female,Erythrocyte Sedimentation Rate (ESR),19.5,mm/hr,0-20 mm/hr,6.7,10.5,Westergren,Whole Blood (EDTA),Normal,Normal
PAT-10916,46,Female,Erythrocyte Sedimentation Rate (ESR),67.9,mm/hr,0-20 mm/hr,20.0,7.3,Westergren,Whole Blood (EDTA),High (Significant Inflammation),High (Significant Inflammation)
PAT-10917,66,Female,Erythrocyte Sedimentation Rate (ESR),15.4,mm/hr,0-30 mm/hr,4.6,5.6,Westergren,Whole Blood (EDTA),Normal,Normal
PAT-10918,62,Female,Erythrocyte Sedimentation Rate (ESR),19.4,mm/hr,0-30 mm/hr,2.8,9.6,Westergren,Whole Blood (EDTA),Normal,Normal
PAT-10919,47,Male,Erythrocyte Sedimentation Rate (ESR),5.2,mm/hr,0-15 mm/hr,1.9,6.9,Westergren,Whole Blood (EDTA),Normal,Normal
PAT-10920,33,Female,Erythrocyte Sedimentation Rate (ESR),16.1,mm/hr,0-20 mm/hr,1.1,9.1,Westergren,Whole Blood (EDTA),Normal,Normal
PAT-10921,57,Male,Erythrocyte Sedimentation Rate (ESR),13.1,mm/hr,0-20 mm/hr,5.9,6.9,Westergren,Whole Blood (EDTA),Normal,Normal
PAT-10922,36,Female,Erythrocyte Sedimentation Rate (ESR),3.3,mm/hr,0-20 mm/hr,2.0,7.4,Westergren,Whole Blood (EDTA),Normal,Normal
PAT-10923,35,Female,Erythrocyte Sedimentation Rate (ESR),3.8,mm/hr,0-20 mm/hr,5.7,8.5,Westergren,Whole Blood (EDTA),Normal,Normal
PAT-10924,18,Female,Erythrocyte Sedimentation Rate (ESR),21.8,mm/hr,0-20 mm/hr,3.4,8.1,Westergren,Whole Blood (EDTA),Moderately Elevated,Moderately Elevated
PAT-10925,64,Female,Erythrocyte Sedimentation Rate (ESR),72.4,mm/hr,0-30 mm/hr,23.1,3.3,Westergren,Whole Blood (EDTA),High (Significant Inflammation),High (Significant Inflammation)
PAT-10926,83,Male,Erythrocyte Sedimentation Rate (ESR),49.5,mm/hr,0-20 mm/hr,31.8,5.1,Westergren,Whole Blood (EDTA),Moderately Elevated,Moderately Elevated
PAT-10927,55,Female,Erythrocyte Sedimentation Rate (ESR),90.1,mm/hr,0-30 mm/hr,17.8,9.5,Westergren,Whole Blood (EDTA),High (Significant Inflammation),High (Significant Inflammation)
PAT-10928,68,Female,Erythrocyte Sedimentation Rate (ESR),12.4,mm/hr,0-30 mm/hr,1.3,7.2,Westergren,Whole Blood (EDTA),Normal,Normal
PAT-10929,80,Female,Erythrocyte Sedimentation Rate (ESR),20.2,mm/hr,0-30 mm/hr,2.8,6.4,Westergren,Whole Blood (EDTA),Normal,Normal
PAT-10930,21,Male,Erythrocyte Sedimentation Rate (ESR),12.9,mm/hr,0-15 mm/hr,5.5,4.6,Westergren,Whole Blood (EDTA),Normal,Normal
PAT-10931,18,Male,Erythrocyte Sedimentation Rate (ESR),8.9,mm/hr,0-15 mm/hr,5.5,5.2,Westergren,Whole Blood (EDTA),Normal,Normal
PAT-10932,25,Male,Erythrocyte Sedimentation Rate (ESR),50.6,mm/hr,0-15 mm/hr,46.1,3.3,Westergren,Whole Blood (EDTA),High (Significant Inflammation),High (Significant Inflammation)
PAT-10933,46,Female,Erythrocyte Sedimentation Rate (ESR),7.4,mm/hr,0-20 mm/hr,4.0,7.3,Westergren,Whole Blood (EDTA),Normal,Normal
PAT-10934,72,Female,Erythrocyte Sedimentation Rate (ESR),24.7,mm/hr,0-30 mm/hr,2.0,6.2,Westergren,Whole Blood (EDTA),Normal,Normal
PAT-10935,20,Male,Erythrocyte Sedimentation Rate (ESR),34.5,mm/hr,0-15 mm/hr,35.8,5.5,Westergren,Whole Blood (EDTA),Moderately Elevated,Moderately Elevated
PAT-10936,49,Female,Erythrocyte Sedimentation Rate (ESR),19.1,mm/hr,0-20 mm/hr,0.7,7.4,Westergren,Whole Blood (EDTA),Normal,Normal
PAT-10937,27,Female,Erythrocyte Sedimentation Rate (ESR),59.0,mm/hr,0-20 mm/hr,38.1,8.3,Westergren,Whole Blood (EDTA),High (Significant Inflammation),High (Significant Inflammation)
PAT-10938,51,Female,Erythrocyte Sedimentation Rate (ESR),29.9,mm/hr,0-30 mm/hr,2.1,11.9,Westergren,Whole Blood (EDTA),Normal,Normal
PAT-10939,72,Female,Erythrocyte Sedimentation Rate (ESR),16.5,mm/hr,0-30 mm/hr,2.2,4.3,Westergren,Whole Blood (EDTA),Normal,Normal
PAT-10940,49,Female,Erythrocyte Sedimentation Rate (ESR),42.5,mm/hr,0-20 mm/hr,16.3,9.9,Westergren,Whole Blood (EDTA),Moderately Elevated,Moderately Elevated
PAT-10941,67,Female,Erythrocyte Sedimentation Rate (ESR),67.6,mm/hr,0-30 mm/hr,36.5,9.5,Westergren,Whole Blood (EDTA),High (Significant Inflammation),High (Significant Inflammation)
PAT-10942,24,Male,Erythrocyte Sedimentation Rate (ESR),4.8,mm/hr,0-15 mm/hr,5.3,5.9,Westergren,Whole Blood (EDTA),Normal,Normal
PAT-10943,25,Female,Erythrocyte Sedimentation Rate (ESR),88.9,mm/hr,0-20 mm/hr,11.1,7.9,Westergren,Whole Blood (EDTA),High (Significant Inflammation),High (Significant Inflammation)
PAT-10944,82,Female,Erythrocyte Sedimentation Rate (ESR),82.7,mm/hr,0-30 mm/hr,46.1,6.5,Westergren,Whole Blood (EDTA),High (Significant Inflammation),High (Significant Inflammation)
PAT-10945,74,Female,Erythrocyte Sedimentation Rate (ESR),17.5,mm/hr,0-30 mm/hr,5.3,7.9,Westergren,Whole Blood (EDTA),Normal,Normal
PAT-10946,84,Female,Erythrocyte Sedimentation Rate (ESR),60.7,mm/hr,0-30 mm/hr,39.8,10.7,Westergren,Whole Blood (EDTA),High (Significant Inflammation),High (Significant Inflammation)
PAT-10947,76,Female,Erythrocyte Sedimentation Rate (ESR),29.6,mm/hr,0-30 mm/hr,5.8,8.8,Westergren,Whole Blood (EDTA),Normal,Normal
PAT-10948,71,Male,Erythrocyte Sedimentation Rate (ESR),4.9,mm/hr,0-20 mm/hr,4.7,8.6,Westergren,Whole Blood (EDTA),Normal,Normal
PAT-10949,84,Male,Erythrocyte Sedimentation Rate (ESR),7.9,mm/hr,0-20 mm/hr,2.4,6.6,Westergren,Whole Blood (EDTA),Normal,Normal
PAT-10950,68,Male,Erythrocyte Sedimentation Rate (ESR),16.0,mm/hr,0-20 mm/hr,5.4,4.4,Westergren,Whole Blood (EDTA),Normal,Normal
PAT-10951,25,Male,Erythrocyte Sedimentation Rate (ESR),14.7,mm/hr,0-15 mm/hr,1.4,7.1,Westergren,Whole Blood (EDTA),Normal,Normal
PAT-10952,51,Female,Erythrocyte Sedimentation Rate (ESR),22.7,mm/hr,0-30 mm/hr,4.5,10.0,Westergren,Whole Blood (EDTA),Normal,Normal
PAT-10953,52,Female,Erythrocyte Sedimentation Rate (ESR),11.6,mm/hr,0-30 mm/hr,3.8,4.3,Westergren,Whole Blood (EDTA),Normal,Normal
PAT-10954,49,Male,Erythrocyte Sedimentation Rate (ESR),42.2,mm/hr,0-15 mm/hr,31.5,5.3,Westergren,Whole Blood (EDTA),Moderately Elevated,Moderately Elevated
PAT-10955,63,Male,Erythrocyte Sedimentation Rate (ESR),14.7,mm/hr,0-20 mm/hr,5.0,7.8,Westergren,Whole Blood (EDTA),Normal,Normal
PAT-10956,33,Female,Erythrocyte Sedimentation Rate (ESR),3.3,mm/hr,0-20 mm/hr,7.0,5.4,Westergren,Whole Blood (EDTA),Normal,Normal
PAT-10957,54,Male,Erythrocyte Sedimentation Rate (ESR),8.5,mm/hr,0-20 mm/hr,8.0,5.8,Westergren,Whole Blood (EDTA),Normal,Normal
PAT-10958,71,Female,Erythrocyte Sedimentation Rate (ESR),19.1,mm/hr,0-30 mm/hr,5.1,6.6,Westergren,Whole Blood (EDTA),Normal,Normal
PAT-10959,31,Female,Erythrocyte Sedimentation Rate (ESR),5.6,mm/hr,0-20 mm/hr,3.5,4.6,Westergren,Whole Blood (EDTA),Normal,Normal
PAT-10960,72,Female,Erythrocyte Sedimentation Rate (ESR),98.0,mm/hr,0-30 mm/hr,12.1,5.5,Westergren,Whole Blood (EDTA),High (Significant Inflammation),High (Significant Inflammation)
PAT-10961,65,Male,Erythrocyte Sedimentation Rate (ESR),4.1,mm/hr,0-20 mm/hr,2.4,9.0,Westergren,Whole Blood (EDTA),Normal,Normal
PAT-10962,24,Male,Erythrocyte Sedimentation Rate (ESR),13.7,mm/hr,0-15 mm/hr,4.1,4.8,Westergren,Whole Blood (EDTA),Normal,Normal
PAT-10963,24,Female,Erythrocyte Sedimentation Rate (ESR),5.2,mm/hr,0-20 mm/hr,3.3,4.1,Westergren,Whole Blood (EDTA),Normal,Normal
PAT-10964,50,Female,Erythrocyte Sedimentation Rate (ESR),66.5,mm/hr,0-30 mm/hr,57.4,6.2,Westergren,Whole Blood (EDTA),High (Significant Inflammation),High (Significant Inflammation)
PAT-10965,40,Male,Erythrocyte Sedimentation Rate (ESR),54.2,mm/hr,0-15 mm/hr,23.4,9.0,Westergren,Whole Blood (EDTA),High (Significant Inflammation),High (Significant Inflammation)
PAT-10966,36,Female,Erythrocyte Sedimentation Rate (ESR),21.2,mm/hr,0-20 mm/hr,3.3,7.1,Westergren,Whole Blood (EDTA),Moderately Elevated,Moderately Elevated
PAT-10967,36,Male,Erythrocyte Sedimentation Rate (ESR),10.2,mm/hr,0-15 mm/hr,3.4,6.5,Westergren,Whole Blood (EDTA),Normal,Normal
PAT-10968,53,Female,Erythrocyte Sedimentation Rate (ESR),62.9,mm/hr,0-30 mm/hr,36.9,7.6,Westergren,Whole Blood (EDTA),High (Significant Inflammation),High (Significant Inflammation)
PAT-10969,46,Male,Erythrocyte Sedimentation Rate (ESR),8.2,mm/hr,0-15 mm/hr,5.4,3.8,Westergren,Whole Blood (EDTA),Normal,Normal
PAT-10970,77,Female,Erythrocyte Sedimentation Rate (ESR),46.5,mm/hr,0-30 mm/hr,56.7,8.5,Westergren,Whole Blood (EDTA),Moderately Elevated,Moderately Elevated
PAT-10971,19,Male,Erythrocyte Sedimentation Rate (ESR),79.2,mm/hr,0-15 mm/hr,48.3,8.3,Westergren,Whole Blood (EDTA),High (Significant Inflammation),High (Significant Inflammation)
PAT-10972,18,Male,Erythrocyte Sedimentation Rate (ESR),10.5,mm/hr,0-15 mm/hr,6.6,6.6,Westergren,Whole Blood (EDTA),Normal,Normal
PAT-10973,64,Male,Erythrocyte Sedimentation Rate (ESR),21.9,mm/hr,0-20 mm/hr,0.8,9.6,Westergren,Whole Blood (EDTA),Moderately Elevated,Moderately Elevated
PAT-10974,37,Male,Erythrocyte Sedimentation Rate (ESR),15.0,mm/hr,0-15 mm/hr,7.0,5.1,Westergren,Whole Blood (EDTA),Normal,Normal
PAT-10975,28,Female,Erythrocyte Sedimentation Rate (ESR),8.8,mm/hr,0-20 mm/hr,4.3,9.9,Westergren,Whole Blood (EDTA),Normal,Normal
PAT-10976,19,Female,Erythrocyte Sedimentation Rate (ESR),15.8,mm/hr,0-20 mm/hr,3.5,7.8,Westergren,Whole Blood (EDTA),Normal,Normal
PAT-10977,84,Male,Erythrocyte Sedimentation Rate (ESR),8.3,mm/hr,0-20 mm/hr,4.2,6.8,Westergren,Whole Blood (EDTA),Normal,Normal
PAT-10978,29,Male,Erythrocyte Sedimentation Rate (ESR),43.5,mm/hr,0-15 mm/hr,35.9,7.5,Westergren,Whole Blood (EDTA),Moderately Elevated,Moderately Elevated
PAT-10979,37,Female,Erythrocyte Sedimentation Rate (ESR),16.2,mm/hr,0-20 mm/hr,0.6,7.3,Westergren,Whole Blood (EDTA),Normal,Normal
PAT-10980,22,Female,Erythrocyte Sedimentation Rate (ESR),17.3,mm/hr,0-20 mm/hr,7.0,10.1,Westergren,Whole Blood (EDTA),Normal,Normal
PAT-10981,54,Female,Erythrocyte Sedimentation Rate (ESR),17.5,mm/hr,0-30 mm/hr,3.9,5.2,Westergren,Whole Blood (EDTA),Normal,Normal
PAT-10982,55,Male,Erythrocyte Sedimentation Rate (ESR),14.4,mm/hr,0-20 mm/hr,3.1,5.9,Westergren,Whole Blood (EDTA),Normal,Normal
PAT-10983,26,Male,Erythrocyte Sedimentation Rate (ESR),41.6,mm/hr,0-15 mm/hr,34.1,9.7,Westergren,Whole Blood (EDTA),Moderately Elevated,Moderately Elevated
PAT-10984,70,Female,Erythrocyte Sedimentation Rate (ESR),20.9,mm/hr,0-30 mm/hr,3.8,6.2,Westergren,Whole Blood (EDTA),Normal,Normal
PAT-10985,61,Male,Erythrocyte Sedimentation Rate (ESR),5.9,mm/hr,0-20 mm/hr,4.2,9.4,Westergren,Whole Blood (EDTA),Normal,Normal
PAT-10986,41,Female,Erythrocyte Sedimentation Rate (ESR),51.7,mm/hr,0-20 mm/hr,19.7,11.1,Westergren,Whole Blood (EDTA),High (Significant Inflammation),High (Significant Inflammation)
PAT-10987,47,Male,Erythrocyte Sedimentation Rate (ESR),11.4,mm/hr,0-15 mm/hr,5.6,6.7,Westergren,Whole Blood (EDTA),Normal,Normal
PAT-10988,76,Female,Erythrocyte Sedimentation Rate (ESR),5.5,mm/hr,0-30 mm/hr,3.7,8.9,Westergren,Whole Blood (EDTA),Normal,Normal
PAT-10989,31,Male,Erythrocyte Sedimentation Rate (ESR),58.0,mm/hr,0-15 mm/hr,29.2,5.1,Westergren,Whole Blood (EDTA),High (Significant Inflammation),High (Significant Inflammation)
PAT-10990,26,Female,Erythrocyte Sedimentation Rate (ESR),7.4,mm/hr,0-20 mm/hr,5.0,9.1,Westergren,Whole Blood (EDTA),Normal,Normal
PAT-10991,57,Female,Erythrocyte Sedimentation Rate (ESR),26.8,mm/hr,0-30 mm/hr,6.6,7.9,Westergren,Whole Blood (EDTA),Normal,Normal
PAT-10992,83,Female,Erythrocyte Sedimentation Rate (ESR),76.9,mm/hr,0-30 mm/hr,40.2,8.5,Westergren,Whole Blood (EDTA),High (Significant Inflammation),High (Significant Inflammation)
PAT-10993,42,Male,Erythrocyte Sedimentation Rate (ESR),62.6,mm/hr,0-15 mm/hr,24.9,6.1,Westergren,Whole Blood (EDTA),High (Significant Inflammation),High (Significant Inflammation)
PAT-10994,39,Female,Erythrocyte Sedimentation Rate (ESR),18.4,mm/hr,0-20 mm/hr,3.0,4.0,Westergren,Whole Blood (EDTA),Normal,Normal
PAT-10995,21,Female,Erythrocyte Sedimentation Rate (ESR),16.9,mm/hr,0-20 mm/hr,4.8,8.6,Westergren,Whole Blood (EDTA),Normal,Normal
PAT-10996,43,Female,Erythrocyte Sedimentation Rate (ESR),15.2,mm/hr,0-20 mm/hr,7.0,3.2,Westergren,Whole Blood (EDTA),Normal,Normal
PAT-10997,75,Female,Erythrocyte Sedimentation Rate (ESR),8.5,mm/hr,0-30 mm/hr,1.1,6.8,Westergren,Whole Blood (EDTA),Normal,Normal
PAT-10998,46,Female,Erythrocyte Sedimentation Rate (ESR),13.6,mm/hr,0-20 mm/hr,1.0,9.5,Westergren,Whole Blood (EDTA),Normal,Normal
PAT-10999,54,Female,Erythrocyte Sedimentation Rate (ESR),29.4,mm/hr,0-30 mm/hr,6.9,7.9,Westergren,Whole Blood (EDTA),Normal,Normal
