Sl No,Age,Gender,Blood Urea,Blood Urea Reference Range,Blood Urea Unit,Serum Creatinine,Creatinine Reference Range,Creatinine Unit,BUN,BUN Reference Range,BUN Unit,Sodium,Sodium Reference Range,Sodium Unit,Potassium,Potassium Reference Range,Potassium Unit,eGFR,eGFR Reference Range,eGFR Unit,Blood Urea Status,Serum Creatinine Status,BUN Status,Sodium Status,Potassium Status,eGFR Status
1,38,Male,36,15-40,mg/dL,1.2,0.6-1.3,mg/dL,10,7-20,mg/dL,136,135-145,mmol/L,4.7,3.5-5.1,mmol/L,117,>90,mL/min/1.73m²,Normal,Normal,Normal,Normal,Normal,Normal
2,76,Male,18,15-40,mg/dL,0.8,0.6-1.3,mg/dL,84,7-20,mg/dL,140,135-145,mmol/L,4,3.5-5.1,mmol/L,25,>90,mL/min/1.73m²,Normal,Normal,High,Normal,Normal,Severely Reduced
3,63,Male,53,15-40,mg/dL,1.8,0.6-1.3,mg/dL,17,7-20,mg/dL,135,135-145,mmol/L,4.8,3.5-5.1,mmol/L,109,>90,mL/min/1.73m²,High,High,Normal,Normal,Normal,Normal
4,54,Male,56,15-40,mg/dL,3.80000000000001,0.6-1.3,mg/dL,10,7-20,mg/dL,111,135-145,mmol/L,2.5,3.5-5.1,mmol/L,107,>90,mL/min/1.73m²,High,High,Normal,Low,Low,Normal
5,20,Male,26,15-40,mg/dL,1.4,0.6-1.3,mg/dL,17,7-20,mg/dL,140,135-145,mmol/L,4,3.5-5.1,mmol/L,97,>90,mL/min/1.73m²,Normal,High,Normal,Normal,Normal,Normal
6,71,Female,25,15-40,mg/dL,1.1,0.6-1.3,mg/dL,16,7-20,mg/dL,142,135-145,mmol/L,3.2,3.5-5.1,mmol/L,117,>90,mL/min/1.73m²,Normal,Normal,Normal,Normal,Low,Normal
7,56,Female,54,15-40,mg/dL,24.0000000000001,0.6-1.3,mg/dL,8,7-20,mg/dL,104,135-145,mmol/L,4,3.5-5.1,mmol/L,91,>90,mL/min/1.73m²,High,High,Normal,Low,Normal,Normal
8,84,Female,31,15-40,mg/dL,1.1,0.6-1.3,mg/dL,28,7-20,mg/dL,138,135-145,mmol/L,4.2,3.5-5.1,mmol/L,89,>90,mL/min/1.73m²,Normal,Normal,High,Normal,Normal,Mildly Reduced
9,70,Female,60,15-40,mg/dL,1.9,0.6-1.3,mg/dL,10,7-20,mg/dL,135,135-145,mmol/L,5,3.5-5.1,mmol/L,118,>90,mL/min/1.73m²,High,High,Normal,Normal,Normal,Normal
10,20,Female,107,15-40,mg/dL,7.2,0.6-1.3,mg/dL,10,7-20,mg/dL,114,135-145,mmol/L,3.7,3.5-5.1,mmol/L,116,>90,mL/min/1.73m²,High,High,Normal,Low,Normal,Normal
11,40,Male,55,15-40,mg/dL,4,0.6-1.3,mg/dL,16,7-20,mg/dL,135,135-145,mmol/L,5,3.5-5.1,mmol/L,95,>90,mL/min/1.73m²,High,High,Normal,Normal,Normal,Normal
12,72,Male,60,15-40,mg/dL,2.7,0.6-1.3,mg/dL,60,7-20,mg/dL,131,135-145,mmol/L,4.2,3.5-5.1,mmol/L,28,>90,mL/min/1.73m²,High,High,High,Low,Normal,Severely Reduced
13,35,Male,72,15-40,mg/dL,2.1,0.6-1.3,mg/dL,33,7-20,mg/dL,138,135-145,mmol/L,5.8,3.5-5.1,mmol/L,66,>90,mL/min/1.73m²,High,High,High,Normal,High,Mildly Reduced
14,80,Female,86,15-40,mg/dL,4.6,0.6-1.3,mg/dL,8,7-20,mg/dL,135,135-145,mmol/L,3.4,3.5-5.1,mmol/L,96,>90,mL/min/1.73m²,High,High,Normal,Normal,Low,Normal
15,73,Female,90,15-40,mg/dL,4.1,0.6-1.3,mg/dL,18,7-20,mg/dL,130,135-145,mmol/L,6.4,3.5-5.1,mmol/L,102,>90,mL/min/1.73m²,High,High,Normal,Low,High,Normal
16,59,Female,162,15-40,mg/dL,9.6,0.6-1.3,mg/dL,9,7-20,mg/dL,141,135-145,mmol/L,4.9,3.5-5.1,mmol/L,90,>90,mL/min/1.73m²,High,High,Normal,Normal,Normal,Normal
17,45,Female,46,15-40,mg/dL,2.2,0.6-1.3,mg/dL,13,7-20,mg/dL,138,135-145,mmol/L,4.1,3.5-5.1,mmol/L,97,>90,mL/min/1.73m²,High,High,Normal,Normal,Normal,Normal
18,84,Male,87,15-40,mg/dL,5.2,0.6-1.3,mg/dL,18,7-20,mg/dL,139,135-145,mmol/L,3.7,3.5-5.1,mmol/L,114,>90,mL/min/1.73m²,High,High,Normal,Normal,Normal,Normal
19,83,Female,27,15-40,mg/dL,1.3,0.6-1.3,mg/dL,15,7-20,mg/dL,135,135-145,mmol/L,4.3,3.5-5.1,mmol/L,119,>90,mL/min/1.73m²,Normal,Normal,Normal,Normal,Normal,Normal
20,62,Male,31,15-40,mg/dL,1.6,0.6-1.3,mg/dL,18,7-20,mg/dL,135,135-145,mmol/L,5,3.5-5.1,mmol/L,119,>90,mL/min/1.73m²,Normal,High,Normal,Normal,Normal,Normal
21,36,Female,148,15-40,mg/dL,3.9,0.6-1.3,mg/dL,11,7-20,mg/dL,135,135-145,mmol/L,5.2,3.5-5.1,mmol/L,112,>90,mL/min/1.73m²,High,High,Normal,Normal,High,Normal
22,78,Male,180,15-40,mg/dL,76,0.6-1.3,mg/dL,10,7-20,mg/dL,4.5,135-145,mmol/L,4.9,3.5-5.1,mmol/L,102,>90,mL/min/1.73m²,High,High,Normal,Low,Normal,Normal
23,42,Female,163,15-40,mg/dL,7.7,0.6-1.3,mg/dL,19,7-20,mg/dL,136,135-145,mmol/L,3.8,3.5-5.1,mmol/L,113,>90,mL/min/1.73m²,High,High,Normal,Normal,Normal,Normal
24,26,Female,38,15-40,mg/dL,1.91076754393545,0.6-1.3,mg/dL,8,7-20,mg/dL,135,135-145,mmol/L,4.3,3.5-5.1,mmol/L,109,>90,mL/min/1.73m²,Normal,High,Normal,Normal,Normal,Normal
25,63,Male,50,15-40,mg/dL,1.4,0.6-1.3,mg/dL,19,7-20,mg/dL,129,135-145,mmol/L,4,3.5-5.1,mmol/L,117,>90,mL/min/1.73m²,High,High,Normal,Low,Normal,Normal
26,72,Male,75,15-40,mg/dL,1.9,0.6-1.3,mg/dL,31,7-20,mg/dL,141,135-145,mmol/L,5.2,3.5-5.1,mmol/L,83,>90,mL/min/1.73m²,High,High,High,Normal,High,Mildly Reduced
27,53,Female,45,15-40,mg/dL,2.4,0.6-1.3,mg/dL,13,7-20,mg/dL,140,135-145,mmol/L,3.4,3.5-5.1,mmol/L,108,>90,mL/min/1.73m²,High,High,Normal,Normal,Low,Normal
28,65,Male,87,15-40,mg/dL,2.7,0.6-1.3,mg/dL,12,7-20,mg/dL,130,135-145,mmol/L,4,3.5-5.1,mmol/L,118,>90,mL/min/1.73m²,High,High,Normal,Low,Normal,Normal
29,35,Female,31,15-40,mg/dL,1.4,0.6-1.3,mg/dL,18,7-20,mg/dL,135,135-145,mmol/L,4.5,3.5-5.1,mmol/L,106,>90,mL/min/1.73m²,Normal,High,Normal,Normal,Normal,Normal
30,38,Female,28,15-40,mg/dL,1.4,0.6-1.3,mg/dL,18,7-20,mg/dL,139,135-145,mmol/L,4,3.5-5.1,mmol/L,102,>90,mL/min/1.73m²,Normal,High,Normal,Normal,Normal,Normal
31,21,Male,155,15-40,mg/dL,7.3,0.6-1.3,mg/dL,13,7-20,mg/dL,132,135-145,mmol/L,4.9,3.5-5.1,mmol/L,118,>90,mL/min/1.73m²,High,High,Normal,Low,Normal,Normal
32,29,Female,33,15-40,mg/dL,1.5,0.6-1.3,mg/dL,14,7-20,mg/dL,141,135-145,mmol/L,4.6,3.5-5.1,mmol/L,105,>90,mL/min/1.73m²,Normal,High,Normal,Normal,Normal,Normal
33,69,Female,39,15-40,mg/dL,1.5,0.6-1.3,mg/dL,15,7-20,mg/dL,133,135-145,mmol/L,4.9,3.5-5.1,mmol/L,113,>90,mL/min/1.73m²,Normal,High,Normal,Low,Normal,Normal
34,31,Male,55,15-40,mg/dL,2.5,0.6-1.3,mg/dL,69,7-20,mg/dL,136,135-145,mmol/L,4.2,3.5-5.1,mmol/L,29,>90,mL/min/1.73m²,High,High,High,Normal,Normal,Severely Reduced
35,41,Female,153,15-40,mg/dL,5.2,0.6-1.3,mg/dL,64,7-20,mg/dL,137,135-145,mmol/L,4.8,3.5-5.1,mmol/L,25,>90,mL/min/1.73m²,High,High,High,Normal,Normal,Severely Reduced
36,51,Female,39,15-40,mg/dL,2,0.6-1.3,mg/dL,30,7-20,mg/dL,136,135-145,mmol/L,4.8,3.5-5.1,mmol/L,71,>90,mL/min/1.73m²,Normal,High,High,Normal,Normal,Mildly Reduced
37,20,Female,29,15-40,mg/dL,1.8,0.6-1.3,mg/dL,11,7-20,mg/dL,133,135-145,mmol/L,3.9,3.5-5.1,mmol/L,111,>90,mL/min/1.73m²,Normal,High,Normal,Low,Normal,Normal
38,73,Female,65,15-40,mg/dL,3.4,0.6-1.3,mg/dL,10,7-20,mg/dL,141,135-145,mmol/L,4.7,3.5-5.1,mmol/L,114,>90,mL/min/1.73m²,High,High,Normal,Normal,Normal,Normal
39,77,Male,103,15-40,mg/dL,4.1,0.6-1.3,mg/dL,17,7-20,mg/dL,132,135-145,mmol/L,5.9,3.5-5.1,mmol/L,92,>90,mL/min/1.73m²,High,High,Normal,Low,High,Normal
40,37,Male,70,15-40,mg/dL,3.4,0.6-1.3,mg/dL,9,7-20,mg/dL,136,135-145,mmol/L,4.2,3.5-5.1,mmol/L,113,>90,mL/min/1.73m²,High,High,Normal,Normal,Normal,Normal
41,25,Male,80,15-40,mg/dL,2.1,0.6-1.3,mg/dL,19,7-20,mg/dL,135,135-145,mmol/L,4.5,3.5-5.1,mmol/L,114,>90,mL/min/1.73m²,High,High,Normal,Normal,Normal,Normal
42,64,Female,20,15-40,mg/dL,0.7,0.6-1.3,mg/dL,13,7-20,mg/dL,137,135-145,mmol/L,3.9,3.5-5.1,mmol/L,98,>90,mL/min/1.73m²,Normal,Normal,Normal,Normal,Normal,Normal
43,42,Male,29,15-40,mg/dL,1,0.6-1.3,mg/dL,19,7-20,mg/dL,139,135-145,mmol/L,4.2,3.5-5.1,mmol/L,117,>90,mL/min/1.73m²,Normal,Normal,Normal,Normal,Normal,Normal
44,42,Male,202,15-40,mg/dL,10.8,0.6-1.3,mg/dL,47,7-20,mg/dL,134,135-145,mmol/L,3.4,3.5-5.1,mmol/L,43,>90,mL/min/1.73m²,High,High,High,Low,Low,Moderately Reduced
45,45,Male,77,15-40,mg/dL,6.3,0.6-1.3,mg/dL,11,7-20,mg/dL,134,135-145,mmol/L,4.8,3.5-5.1,mmol/L,119,>90,mL/min/1.73m²,High,High,Normal,Low,Normal,Normal
46,26,Female,89,15-40,mg/dL,5.90000000000001,0.6-1.3,mg/dL,13,7-20,mg/dL,130,135-145,mmol/L,4.9,3.5-5.1,mmol/L,96,>90,mL/min/1.73m²,High,High,Normal,Low,Normal,Normal
47,63,Male,24,15-40,mg/dL,1.2,0.6-1.3,mg/dL,8,7-20,mg/dL,142,135-145,mmol/L,4.2,3.5-5.1,mmol/L,117,>90,mL/min/1.73m²,Normal,Normal,Normal,Normal,Normal,Normal
48,46,Male,17,15-40,mg/dL,0.8,0.6-1.3,mg/dL,15,7-20,mg/dL,140,135-145,mmol/L,4,3.5-5.1,mmol/L,100,>90,mL/min/1.73m²,Normal,Normal,Normal,Normal,Normal,Normal
49,45,Female,32,15-40,mg/dL,0.899999999999999,0.6-1.3,mg/dL,15,7-20,mg/dL,125,135-145,mmol/L,4,3.5-5.1,mmol/L,99,>90,mL/min/1.73m²,Normal,Normal,Normal,Low,Normal,Normal
50,55,Female,72,15-40,mg/dL,3,0.6-1.3,mg/dL,19,7-20,mg/dL,132,135-145,mmol/L,4.32030155424421,3.5-5.1,mmol/L,92,>90,mL/min/1.73m²,High,High,Normal,Low,Normal,Normal
51,74,Female,114,15-40,mg/dL,3.25,0.6-1.3,mg/dL,68,7-20,mg/dL,142,135-145,mmol/L,4.3,3.5-5.1,mmol/L,17,>90,mL/min/1.73m²,High,High,High,Normal,Normal,Severely Reduced
52,83,Female,66,15-40,mg/dL,1.6,0.6-1.3,mg/dL,32,7-20,mg/dL,136,135-145,mmol/L,4.4,3.5-5.1,mmol/L,61,>90,mL/min/1.73m²,High,High,High,Normal,Normal,Mildly Reduced
53,76,Female,38,15-40,mg/dL,2.2,0.6-1.3,mg/dL,47,7-20,mg/dL,135,135-145,mmol/L,4.4,3.5-5.1,mmol/L,46,>90,mL/min/1.73m²,Normal,High,High,Normal,Normal,Moderately Reduced
54,80,Female,24,15-40,mg/dL,1,0.6-1.3,mg/dL,39,7-20,mg/dL,136,135-145,mmol/L,4.7,3.5-5.1,mmol/L,58,>90,mL/min/1.73m²,Normal,Normal,High,Normal,Normal,Moderately Reduced
55,21,Male,49,15-40,mg/dL,3.4,0.6-1.3,mg/dL,16,7-20,mg/dL,136,135-145,mmol/L,4.2,3.5-5.1,mmol/L,91,>90,mL/min/1.73m²,High,High,Normal,Normal,Normal,Normal
56,74,Male,18,15-40,mg/dL,1.00597441785769,0.6-1.3,mg/dL,46,7-20,mg/dL,139,135-145,mmol/L,4,3.5-5.1,mmol/L,50,>90,mL/min/1.73m²,Normal,Normal,High,Normal,Normal,Moderately Reduced
57,57,Female,164,15-40,mg/dL,9.7,0.6-1.3,mg/dL,15,7-20,mg/dL,131,135-145,mmol/L,4.4,3.5-5.1,mmol/L,105,>90,mL/min/1.73m²,High,High,Normal,Low,Normal,Normal
58,48,Female,155,15-40,mg/dL,7.3,0.6-1.3,mg/dL,7,7-20,mg/dL,132,135-145,mmol/L,4.9,3.5-5.1,mmol/L,106,>90,mL/min/1.73m²,High,High,Normal,Low,Normal,Normal
59,45,Male,142,15-40,mg/dL,4.6,0.6-1.3,mg/dL,8,7-20,mg/dL,138,135-145,mmol/L,5.8,3.5-5.1,mmol/L,99,>90,mL/min/1.73m²,High,High,Normal,Normal,High,Normal
60,54,Female,96,15-40,mg/dL,6.40000000000001,0.6-1.3,mg/dL,16,7-20,mg/dL,135,135-145,mmol/L,6.45262151711935,3.5-5.1,mmol/L,93,>90,mL/min/1.73m²,High,High,Normal,Normal,High,Normal
61,48,Female,66,15-40,mg/dL,3.2,0.6-1.3,mg/dL,11,7-20,mg/dL,138,135-145,mmol/L,6.60000000000001,3.5-5.1,mmol/L,100,>90,mL/min/1.73m²,High,High,Normal,Normal,High,Normal
62,53,Male,391,15-40,mg/dL,32,0.6-1.3,mg/dL,11,7-20,mg/dL,163,135-145,mmol/L,39,3.5-5.1,mmol/L,115,>90,mL/min/1.73m²,High,High,Normal,High,High,Normal
63,60,Female,15,15-40,mg/dL,0.6,0.6-1.3,mg/dL,25,7-20,mg/dL,138,135-145,mmol/L,4,3.5-5.1,mmol/L,85,>90,mL/min/1.73m²,Normal,Normal,High,Normal,Normal,Mildly Reduced
64,60,Female,111,15-40,mg/dL,6.1,0.6-1.3,mg/dL,14,7-20,mg/dL,131,135-145,mmol/L,3.7,3.5-5.1,mmol/L,106,>90,mL/min/1.73m²,High,High,Normal,Low,Normal,Normal
65,42,Male,30.9940494661473,15-40,mg/dL,2.2,0.6-1.3,mg/dL,18,7-20,mg/dL,139,135-145,mmol/L,4,3.5-5.1,mmol/L,117,>90,mL/min/1.73m²,Normal,High,Normal,Normal,Normal,Normal
66,22,Male,20,15-40,mg/dL,1.1,0.6-1.3,mg/dL,7,7-20,mg/dL,139.896791057883,135-145,mmol/L,4.1,3.5-5.1,mmol/L,115,>90,mL/min/1.73m²,Normal,Normal,Normal,Normal,Normal,Normal
67,77,Male,55,15-40,mg/dL,1.6,0.6-1.3,mg/dL,16,7-20,mg/dL,131,135-145,mmol/L,4.8,3.5-5.1,mmol/L,113,>90,mL/min/1.73m²,High,High,Normal,Low,Normal,Normal
68,51,Male,40,15-40,mg/dL,2.7,0.6-1.3,mg/dL,31,7-20,mg/dL,140,135-145,mmol/L,4,3.5-5.1,mmol/L,71,>90,mL/min/1.73m²,Normal,High,High,Normal,Normal,Mildly Reduced
69,50,Male,73,15-40,mg/dL,3.3,0.6-1.3,mg/dL,15,7-20,mg/dL,137,135-145,mmol/L,4.3,3.5-5.1,mmol/L,110,>90,mL/min/1.73m²,High,High,Normal,Normal,Normal,Normal
70,62,Female,20,15-40,mg/dL,1.1,0.6-1.3,mg/dL,141,7-20,mg/dL,135,135-145,mmol/L,4.5,3.5-5.1,mmol/L,14,>90,mL/min/1.73m²,Normal,Normal,High,Normal,Normal,Kidney Failure
71,26,Female,19,15-40,mg/dL,0.7,0.6-1.3,mg/dL,27,7-20,mg/dL,137,135-145,mmol/L,4.4,3.5-5.1,mmol/L,75,>90,mL/min/1.73m²,Normal,Normal,High,Normal,Normal,Mildly Reduced
72,20,Female,92,15-40,mg/dL,3.3,0.6-1.3,mg/dL,18,7-20,mg/dL,141,135-145,mmol/L,4,3.5-5.1,mmol/L,93,>90,mL/min/1.73m²,High,High,Normal,Normal,Normal,Normal
73,80,Female,35,15-40,mg/dL,1.3,0.6-1.3,mg/dL,19,7-20,mg/dL,136,135-145,mmol/L,4.1,3.5-5.1,mmol/L,92,>90,mL/min/1.73m²,Normal,Normal,Normal,Normal,Normal,Normal
74,33,Female,107,15-40,mg/dL,6.7,0.6-1.3,mg/dL,31,7-20,mg/dL,132,135-145,mmol/L,4.4,3.5-5.1,mmol/L,68,>90,mL/min/1.73m²,High,High,High,Low,Normal,Mildly Reduced
75,71,Male,107,15-40,mg/dL,6.7,0.6-1.3,mg/dL,11,7-20,mg/dL,131,135-145,mmol/L,4.8,3.5-5.1,mmol/L,95,>90,mL/min/1.73m²,High,High,Normal,Low,Normal,Normal
76,25,Female,16,15-40,mg/dL,0.7,0.6-1.3,mg/dL,7,7-20,mg/dL,138,135-145,mmol/L,3.2,3.5-5.1,mmol/L,101,>90,mL/min/1.73m²,Normal,Normal,Normal,Normal,Low,Normal
77,29,Female,139,15-40,mg/dL,8.5,0.6-1.3,mg/dL,33,7-20,mg/dL,132,135-145,mmol/L,5.5,3.5-5.1,mmol/L,60,>90,mL/min/1.73m²,High,High,High,Low,High,Mildly Reduced
78,49,Female,48,15-40,mg/dL,3.2,0.6-1.3,mg/dL,15,7-20,mg/dL,137,135-145,mmol/L,5,3.5-5.1,mmol/L,103,>90,mL/min/1.73m²,High,High,Normal,Normal,Normal,Normal
79,40,Female,85,15-40,mg/dL,3.2,0.6-1.3,mg/dL,14,7-20,mg/dL,141,135-145,mmol/L,3.5,3.5-5.1,mmol/L,113,>90,mL/min/1.73m²,High,High,Normal,Normal,Normal,Normal
80,79,Female,55,15-40,mg/dL,1.8,0.6-1.3,mg/dL,11,7-20,mg/dL,135,135-145,mmol/L,4.7,3.5-5.1,mmol/L,99,>90,mL/min/1.73m²,High,High,Normal,Normal,Normal,Normal
81,82,Male,98,15-40,mg/dL,2.8,0.6-1.3,mg/dL,33,7-20,mg/dL,133,135-145,mmol/L,5,3.5-5.1,mmol/L,77,>90,mL/min/1.73m²,High,High,High,Low,Normal,Mildly Reduced
82,61,Female,45,15-40,mg/dL,2.4,0.6-1.3,mg/dL,17,7-20,mg/dL,128,135-145,mmol/L,4.4,3.5-5.1,mmol/L,102,>90,mL/min/1.73m²,High,High,Normal,Low,Normal,Normal
83,70,Female,77,15-40,mg/dL,1.9,0.6-1.3,mg/dL,10,7-20,mg/dL,140,135-145,mmol/L,3.9,3.5-5.1,mmol/L,98,>90,mL/min/1.73m²,High,High,Normal,Normal,Normal,Normal
84,83,Female,19,15-40,mg/dL,1,0.6-1.3,mg/dL,14,7-20,mg/dL,134,135-145,mmol/L,3.6,3.5-5.1,mmol/L,116,>90,mL/min/1.73m²,Normal,Normal,Normal,Low,Normal,Normal
85,75,Female,186,15-40,mg/dL,15,0.6-1.3,mg/dL,15,7-20,mg/dL,135,135-145,mmol/L,7.59999999999978,3.5-5.1,mmol/L,112,>90,mL/min/1.73m²,High,High,Normal,Normal,High,Normal
86,60,Female,46,15-40,mg/dL,1.5,0.6-1.3,mg/dL,13,7-20,mg/dL,134.022421116166,135-145,mmol/L,4.5,3.5-5.1,mmol/L,108,>90,mL/min/1.73m²,High,High,Normal,Low,Normal,Normal
87,51,Female,37,15-40,mg/dL,1.9,0.6-1.3,mg/dL,10,7-20,mg/dL,136,135-145,mmol/L,4.3,3.5-5.1,mmol/L,93,>90,mL/min/1.73m²,Normal,High,Normal,Normal,Normal,Normal
88,34,Male,47,15-40,mg/dL,2.9,0.6-1.3,mg/dL,13,7-20,mg/dL,132.112320739248,135-145,mmol/L,4.2,3.5-5.1,mmol/L,92,>90,mL/min/1.73m²,High,High,Normal,Low,Normal,Normal
89,81,Female,52,15-40,mg/dL,2.2,0.6-1.3,mg/dL,56,7-20,mg/dL,137.98708181916,135-145,mmol/L,4.8,3.5-5.1,mmol/L,35,>90,mL/min/1.73m²,High,High,High,Normal,Normal,Moderately Reduced
90,46,Male,32,15-40,mg/dL,1.4,0.6-1.3,mg/dL,17,7-20,mg/dL,139,135-145,mmol/L,4.7,3.5-5.1,mmol/L,98,>90,mL/min/1.73m²,Normal,High,Normal,Normal,Normal,Normal
91,47,Male,35,15-40,mg/dL,3.2,0.6-1.3,mg/dL,18,7-20,mg/dL,143,135-145,mmol/L,3.5,3.5-5.1,mmol/L,99,>90,mL/min/1.73m²,Normal,High,Normal,Normal,Normal,Normal
92,83,Female,26,15-40,mg/dL,1.7,0.6-1.3,mg/dL,9,7-20,mg/dL,136,135-145,mmol/L,3.8,3.5-5.1,mmol/L,98,>90,mL/min/1.73m²,Normal,High,Normal,Normal,Normal,Normal
93,78,Female,82,15-40,mg/dL,3.6,0.6-1.3,mg/dL,29,7-20,mg/dL,133,135-145,mmol/L,4.4,3.5-5.1,mmol/L,76,>90,mL/min/1.73m²,High,High,High,Low,Normal,Mildly Reduced
94,77,Female,90,15-40,mg/dL,5.6,0.6-1.3,mg/dL,9,7-20,mg/dL,140,135-145,mmol/L,2.9,3.5-5.1,mmol/L,99,>90,mL/min/1.73m²,High,High,Normal,Normal,Low,Normal
95,21,Male,66,15-40,mg/dL,1.6,0.6-1.3,mg/dL,20,7-20,mg/dL,137,135-145,mmol/L,4.5,3.5-5.1,mmol/L,65,>90,mL/min/1.73m²,High,High,Normal,Normal,Normal,Mildly Reduced
96,55,Female,25,15-40,mg/dL,1.1,0.6-1.3,mg/dL,19,7-20,mg/dL,131,135-145,mmol/L,3.7,3.5-5.1,mmol/L,105,>90,mL/min/1.73m²,Normal,Normal,Normal,Low,Normal,Normal
97,32,Female,32,15-40,mg/dL,2.7,0.6-1.3,mg/dL,11,7-20,mg/dL,135,135-145,mmol/L,4.7,3.5-5.1,mmol/L,106,>90,mL/min/1.73m²,Normal,High,Normal,Normal,Normal,Normal
98,34,Female,51,15-40,mg/dL,2.2,0.6-1.3,mg/dL,14,7-20,mg/dL,132,135-145,mmol/L,3.8,3.5-5.1,mmol/L,100,>90,mL/min/1.73m²,High,High,Normal,Low,Normal,Normal
99,79,Male,106,15-40,mg/dL,6.50000000000001,0.6-1.3,mg/dL,18,7-20,mg/dL,135,135-145,mmol/L,4.3,3.5-5.1,mmol/L,109,>90,mL/min/1.73m²,High,High,Normal,Normal,Normal,Normal
100,41,Male,24,15-40,mg/dL,1.2,0.6-1.3,mg/dL,12,7-20,mg/dL,139,135-145,mmol/L,3.9,3.5-5.1,mmol/L,96,>90,mL/min/1.73m²,Normal,Normal,Normal,Normal,Normal,Normal
101,82,Female,22,15-40,mg/dL,0.899999999999999,0.6-1.3,mg/dL,14,7-20,mg/dL,133,135-145,mmol/L,3.8,3.5-5.1,mmol/L,93,>90,mL/min/1.73m²,Normal,Normal,Normal,Low,Normal,Normal
102,44,Male,80,15-40,mg/dL,4.4,0.6-1.3,mg/dL,13,7-20,mg/dL,139,135-145,mmol/L,5.7,3.5-5.1,mmol/L,114,>90,mL/min/1.73m²,High,High,Normal,Normal,High,Normal
103,67,Female,32,15-40,mg/dL,2.1,0.6-1.3,mg/dL,8,7-20,mg/dL,141,135-145,mmol/L,4.2,3.5-5.1,mmol/L,119,>90,mL/min/1.73m²,Normal,High,Normal,Normal,Normal,Normal
104,62,Male,217,15-40,mg/dL,10.2,0.6-1.3,mg/dL,14,7-20,mg/dL,132,135-145,mmol/L,3.57187764552801,3.5-5.1,mmol/L,99,>90,mL/min/1.73m²,High,High,Normal,Low,Normal,Normal
105,57,Female,88,15-40,mg/dL,2,0.6-1.3,mg/dL,38,7-20,mg/dL,135,135-145,mmol/L,4.8,3.5-5.1,mmol/L,50,>90,mL/min/1.73m²,High,High,High,Normal,Normal,Moderately Reduced
106,60,Male,32,15-40,mg/dL,11.5,0.6-1.3,mg/dL,17,7-20,mg/dL,139,135-145,mmol/L,4,3.5-5.1,mmol/L,103,>90,mL/min/1.73m²,Normal,High,Normal,Normal,Normal,Normal
107,64,Female,118,15-40,mg/dL,6.1,0.6-1.3,mg/dL,11,7-20,mg/dL,127,135-145,mmol/L,4.4,3.5-5.1,mmol/L,114,>90,mL/min/1.73m²,High,High,Normal,Low,Normal,Normal
108,59,Female,53,15-40,mg/dL,2.8,0.6-1.3,mg/dL,30,7-20,mg/dL,139,135-145,mmol/L,4.5,3.5-5.1,mmol/L,76,>90,mL/min/1.73m²,High,High,High,Normal,Normal,Mildly Reduced
109,36,Male,15,15-40,mg/dL,1,0.6-1.3,mg/dL,19,7-20,mg/dL,141,135-145,mmol/L,4.2,3.5-5.1,mmol/L,118,>90,mL/min/1.73m²,Normal,Normal,Normal,Normal,Normal,Normal
110,76,Male,50.1,15-40,mg/dL,1.9,0.6-1.3,mg/dL,14,7-20,mg/dL,135,135-145,mmol/L,4.28858583222799,3.5-5.1,mmol/L,117,>90,mL/min/1.73m²,High,High,Normal,Normal,Normal,Normal
111,21,Male,19,15-40,mg/dL,2,0.6-1.3,mg/dL,11,7-20,mg/dL,142,135-145,mmol/L,3.8,3.5-5.1,mmol/L,103,>90,mL/min/1.73m²,Normal,High,Normal,Normal,Normal,Normal
112,81,Male,71,15-40,mg/dL,4.4,0.6-1.3,mg/dL,11,7-20,mg/dL,128,135-145,mmol/L,5.4,3.5-5.1,mmol/L,109,>90,mL/min/1.73m²,High,High,Normal,Low,High,Normal
113,28,Male,34,15-40,mg/dL,1.2,0.6-1.3,mg/dL,40,7-20,mg/dL,140,135-145,mmol/L,3.5,3.5-5.1,mmol/L,52,>90,mL/min/1.73m²,Normal,Normal,High,Normal,Normal,Moderately Reduced
114,36,Female,46.9802894531938,15-40,mg/dL,2.2,0.6-1.3,mg/dL,34,7-20,mg/dL,136,135-145,mmol/L,4.3,3.5-5.1,mmol/L,72,>90,mL/min/1.73m²,High,High,High,Normal,Normal,Mildly Reduced
115,69,Female,51,15-40,mg/dL,1.8,0.6-1.3,mg/dL,13,7-20,mg/dL,140,135-145,mmol/L,4.4,3.5-5.1,mmol/L,91,>90,mL/min/1.73m²,High,High,Normal,Normal,Normal,Normal
116,59,Male,28,15-40,mg/dL,0.899999999999999,0.6-1.3,mg/dL,59,7-20,mg/dL,139,135-145,mmol/L,3.9,3.5-5.1,mmol/L,38,>90,mL/min/1.73m²,Normal,Normal,High,Normal,Normal,Moderately Reduced
117,77,Female,16,15-40,mg/dL,0.5,0.6-1.3,mg/dL,33,7-20,mg/dL,137,135-145,mmol/L,4,3.5-5.1,mmol/L,62,>90,mL/min/1.73m²,Normal,Low,High,Normal,Normal,Mildly Reduced
118,40,Female,36,15-40,mg/dL,1.3,0.6-1.3,mg/dL,17,7-20,mg/dL,139,135-145,mmol/L,3.7,3.5-5.1,mmol/L,93,>90,mL/min/1.73m²,Normal,Normal,Normal,Normal,Normal,Normal
119,37,Male,25,15-40,mg/dL,1.2,0.6-1.3,mg/dL,41,7-20,mg/dL,136,135-145,mmol/L,4.2,3.5-5.1,mmol/L,41,>90,mL/min/1.73m²,Normal,Normal,High,Normal,Normal,Moderately Reduced
120,74,Female,27,15-40,mg/dL,1.2,0.6-1.3,mg/dL,12,7-20,mg/dL,139,135-145,mmol/L,4,3.5-5.1,mmol/L,119,>90,mL/min/1.73m²,Normal,Normal,Normal,Normal,Normal,Normal
121,48,Female,40,15-40,mg/dL,2.2,0.6-1.3,mg/dL,34,7-20,mg/dL,137,135-145,mmol/L,5.3,3.5-5.1,mmol/L,74,>90,mL/min/1.73m²,Normal,High,High,Normal,High,Mildly Reduced
122,43,Male,21,15-40,mg/dL,1.3,0.6-1.3,mg/dL,46,7-20,mg/dL,137,135-145,mmol/L,3.4,3.5-5.1,mmol/L,49,>90,mL/min/1.73m²,Normal,Normal,High,Normal,Low,Moderately Reduced
123,36,Male,219,15-40,mg/dL,12.2,0.6-1.3,mg/dL,16,7-20,mg/dL,130,135-145,mmol/L,3.8,3.5-5.1,mmol/L,97,>90,mL/min/1.73m²,High,High,Normal,Low,Normal,Normal
124,37,Female,30,15-40,mg/dL,1.1,0.6-1.3,mg/dL,10,7-20,mg/dL,137,135-145,mmol/L,3.8,3.5-5.1,mmol/L,107,>90,mL/min/1.73m²,Normal,Normal,Normal,Normal,Normal,Normal
125,61,Male,98,15-40,mg/dL,2.5,0.6-1.3,mg/dL,17,7-20,mg/dL,134.281490104886,135-145,mmol/L,4.13649828214961,3.5-5.1,mmol/L,94,>90,mL/min/1.73m²,High,High,Normal,Low,Normal,Normal
126,64,Female,36,15-40,mg/dL,2.5,0.6-1.3,mg/dL,16,7-20,mg/dL,131,135-145,mmol/L,4.3,3.5-5.1,mmol/L,91,>90,mL/min/1.73m²,Normal,High,Normal,Low,Normal,Normal
127,36,Male,125,15-40,mg/dL,4,0.6-1.3,mg/dL,31,7-20,mg/dL,136,135-145,mmol/L,4.6,3.5-5.1,mmol/L,87,>90,mL/min/1.73m²,High,High,High,Normal,Normal,Mildly Reduced
128,33,Male,125,15-40,mg/dL,5.3,0.6-1.3,mg/dL,21,7-20,mg/dL,136,135-145,mmol/L,4.9,3.5-5.1,mmol/L,81,>90,mL/min/1.73m²,High,High,High,Normal,Normal,Mildly Reduced
129,68,Male,166,15-40,mg/dL,5.6,0.6-1.3,mg/dL,17,7-20,mg/dL,133,135-145,mmol/L,47,3.5-5.1,mmol/L,98,>90,mL/min/1.73m²,High,High,Normal,Low,High,Normal
130,48,Male,49,15-40,mg/dL,1.4,0.6-1.3,mg/dL,19,7-20,mg/dL,135,135-145,mmol/L,4.7,3.5-5.1,mmol/L,117,>90,mL/min/1.73m²,High,High,Normal,Normal,Normal,Normal
131,23,Female,208,15-40,mg/dL,9.20000000000001,0.6-1.3,mg/dL,17,7-20,mg/dL,134,135-145,mmol/L,4.8,3.5-5.1,mmol/L,114,>90,mL/min/1.73m²,High,High,Normal,Low,Normal,Normal
132,39,Male,25,15-40,mg/dL,0.6,0.6-1.3,mg/dL,15,7-20,mg/dL,139,135-145,mmol/L,4,3.5-5.1,mmol/L,103,>90,mL/min/1.73m²,Normal,Normal,Normal,Normal,Normal,Normal
133,66,Male,176,15-40,mg/dL,13.8,0.6-1.3,mg/dL,16,7-20,mg/dL,136,135-145,mmol/L,4.5,3.5-5.1,mmol/L,90,>90,mL/min/1.73m²,High,High,Normal,Normal,Normal,Normal
134,28,Female,125,15-40,mg/dL,5.3,0.6-1.3,mg/dL,17,7-20,mg/dL,136,135-145,mmol/L,4.9,3.5-5.1,mmol/L,109,>90,mL/min/1.73m²,High,High,Normal,Normal,Normal,Normal
135,46,Female,48,15-40,mg/dL,16.9,0.6-1.3,mg/dL,80,7-20,mg/dL,138,135-145,mmol/L,5.2,3.5-5.1,mmol/L,18,>90,mL/min/1.73m²,High,High,High,Normal,High,Severely Reduced
136,34,Female,24,15-40,mg/dL,1.3,0.6-1.3,mg/dL,11,7-20,mg/dL,140,135-145,mmol/L,4,3.5-5.1,mmol/L,106,>90,mL/min/1.73m²,Normal,Normal,Normal,Normal,Normal,Normal
137,38,Female,68,15-40,mg/dL,2.8,0.6-1.3,mg/dL,17,7-20,mg/dL,146,135-145,mmol/L,6.3,3.5-5.1,mmol/L,99,>90,mL/min/1.73m²,High,High,Normal,High,High,Normal
138,71,Male,86,15-40,mg/dL,4,0.6-1.3,mg/dL,18,7-20,mg/dL,134,135-145,mmol/L,5.1,3.5-5.1,mmol/L,91,>90,mL/min/1.73m²,High,High,Normal,Low,High,Normal
139,45,Female,51,15-40,mg/dL,1.6,0.6-1.3,mg/dL,9,7-20,mg/dL,142,135-145,mmol/L,3.5,3.5-5.1,mmol/L,95,>90,mL/min/1.73m²,High,High,Normal,Normal,Normal,Normal
140,45,Male,68,15-40,mg/dL,2.8,0.6-1.3,mg/dL,88,7-20,mg/dL,132,135-145,mmol/L,4.1,3.5-5.1,mmol/L,24,>90,mL/min/1.73m²,High,High,High,Low,Normal,Severely Reduced
141,45,Female,40,15-40,mg/dL,1.2,0.6-1.3,mg/dL,75,7-20,mg/dL,142,135-145,mmol/L,5.6,3.5-5.1,mmol/L,29,>90,mL/min/1.73m²,Normal,Normal,High,Normal,High,Severely Reduced
142,65,Male,106,15-40,mg/dL,6,0.6-1.3,mg/dL,9,7-20,mg/dL,137,135-145,mmol/L,4.9,3.5-5.1,mmol/L,108,>90,mL/min/1.73m²,High,High,Normal,Normal,Normal,Normal
143,68,Female,145,15-40,mg/dL,7.1,0.6-1.3,mg/dL,7,7-20,mg/dL,135,135-145,mmol/L,5.3,3.5-5.1,mmol/L,98,>90,mL/min/1.73m²,High,High,Normal,Normal,High,Normal
144,72,Male,165,15-40,mg/dL,18,0.6-1.3,mg/dL,18,7-20,mg/dL,135,135-145,mmol/L,4.7,3.5-5.1,mmol/L,108,>90,mL/min/1.73m²,High,High,Normal,Normal,Normal,Normal
145,22,Male,53,15-40,mg/dL,2.3,0.6-1.3,mg/dL,17,7-20,mg/dL,136,135-145,mmol/L,5.2,3.5-5.1,mmol/L,108,>90,mL/min/1.73m²,High,High,Normal,Normal,High,Normal
146,61,Female,322,15-40,mg/dL,13,0.6-1.3,mg/dL,11,7-20,mg/dL,126,135-145,mmol/L,4.8,3.5-5.1,mmol/L,98,>90,mL/min/1.73m²,High,High,Normal,Low,Normal,Normal
147,38,Male,23,15-40,mg/dL,1,0.6-1.3,mg/dL,9,7-20,mg/dL,139,135-145,mmol/L,4,3.5-5.1,mmol/L,92,>90,mL/min/1.73m²,Normal,Normal,Normal,Normal,Normal,Normal
148,36,Male,36,15-40,mg/dL,1.7,0.6-1.3,mg/dL,17,7-20,mg/dL,130,135-145,mmol/L,3,3.5-5.1,mmol/L,95,>90,mL/min/1.73m²,Normal,High,Normal,Low,Low,Normal
149,52,Male,26,15-40,mg/dL,48.0999999999997,0.6-1.3,mg/dL,8,7-20,mg/dL,137,135-145,mmol/L,3.90548081083365,3.5-5.1,mmol/L,95,>90,mL/min/1.73m²,Normal,High,Normal,Normal,Normal,Normal
150,68,Male,29,15-40,mg/dL,1,0.6-1.3,mg/dL,17,7-20,mg/dL,138,135-145,mmol/L,3.7,3.5-5.1,mmol/L,106,>90,mL/min/1.73m²,Normal,Normal,Normal,Normal,Normal,Normal
151,75,Female,27,15-40,mg/dL,0.899999999999999,0.6-1.3,mg/dL,43,7-20,mg/dL,136,135-145,mmol/L,4.3,3.5-5.1,mmol/L,42,>90,mL/min/1.73m²,Normal,Normal,High,Normal,Normal,Moderately Reduced
152,82,Male,46,15-40,mg/dL,1.7,0.6-1.3,mg/dL,19,7-20,mg/dL,141,135-145,mmol/L,5.5,3.5-5.1,mmol/L,102,>90,mL/min/1.73m²,High,High,Normal,Normal,High,Normal
153,22,Male,20,15-40,mg/dL,0.8,0.6-1.3,mg/dL,16,7-20,mg/dL,133,135-145,mmol/L,3.5,3.5-5.1,mmol/L,96,>90,mL/min/1.73m²,Normal,Normal,Normal,Low,Normal,Normal
154,68,Female,235,15-40,mg/dL,14.2,0.6-1.3,mg/dL,12,7-20,mg/dL,132,135-145,mmol/L,3.4,3.5-5.1,mmol/L,98,>90,mL/min/1.73m²,High,High,Normal,Low,Low,Normal
155,74,Female,132,15-40,mg/dL,16.4,0.6-1.3,mg/dL,92,7-20,mg/dL,140,135-145,mmol/L,4.2,3.5-5.1,mmol/L,13,>90,mL/min/1.73m²,High,High,High,Normal,Normal,Kidney Failure
156,45,Female,40,15-40,mg/dL,1.8,0.6-1.3,mg/dL,13,7-20,mg/dL,139,135-145,mmol/L,4.49681808759923,3.5-5.1,mmol/L,114,>90,mL/min/1.73m²,Normal,High,Normal,Normal,Normal,Normal
157,71,Male,76,15-40,mg/dL,3.3,0.6-1.3,mg/dL,18,7-20,mg/dL,139,135-145,mmol/L,4.5,3.5-5.1,mmol/L,107,>90,mL/min/1.73m²,High,High,Normal,Normal,Normal,Normal
158,26,Male,42,15-40,mg/dL,1.7,0.6-1.3,mg/dL,28,7-20,mg/dL,136,135-145,mmol/L,4.7,3.5-5.1,mmol/L,60,>90,mL/min/1.73m²,High,High,High,Normal,Normal,Mildly Reduced
159,65,Female,48,15-40,mg/dL,1.5,0.6-1.3,mg/dL,15,7-20,mg/dL,132,135-145,mmol/L,4,3.5-5.1,mmol/L,111,>90,mL/min/1.73m²,High,High,Normal,Low,Normal,Normal
160,65,Male,35,15-40,mg/dL,1.3,0.6-1.3,mg/dL,7,7-20,mg/dL,122,135-145,mmol/L,3.5,3.5-5.1,mmol/L,111,>90,mL/min/1.73m²,Normal,Normal,Normal,Low,Normal,Normal
161,35,Female,39,15-40,mg/dL,2.1,0.6-1.3,mg/dL,8,7-20,mg/dL,147,135-145,mmol/L,4.2,3.5-5.1,mmol/L,109,>90,mL/min/1.73m²,Normal,High,Normal,High,Normal,Normal
162,43,Male,154.999850937987,15-40,mg/dL,7.3,0.6-1.3,mg/dL,14,7-20,mg/dL,132,135-145,mmol/L,4.9,3.5-5.1,mmol/L,102,>90,mL/min/1.73m²,High,High,Normal,Low,Normal,Normal
163,80,Female,34,15-40,mg/dL,1.5,0.6-1.3,mg/dL,17,7-20,mg/dL,124,135-145,mmol/L,4.1,3.5-5.1,mmol/L,97,>90,mL/min/1.73m²,Normal,High,Normal,Low,Normal,Normal
164,73,Male,40,15-40,mg/dL,2,0.6-1.3,mg/dL,7,7-20,mg/dL,140,135-145,mmol/L,4.1,3.5-5.1,mmol/L,110,>90,mL/min/1.73m²,Normal,High,Normal,Normal,Normal,Normal
165,81,Female,15,15-40,mg/dL,0.8,0.6-1.3,mg/dL,17,7-20,mg/dL,137,135-145,mmol/L,4.2,3.5-5.1,mmol/L,112,>90,mL/min/1.73m²,Normal,Normal,Normal,Normal,Normal,Normal
166,20,Male,41,15-40,mg/dL,2.2,0.6-1.3,mg/dL,31,7-20,mg/dL,134,135-145,mmol/L,4.7,3.5-5.1,mmol/L,68,>90,mL/min/1.73m²,High,High,High,Low,Normal,Mildly Reduced
167,68,Female,44,15-40,mg/dL,3.9,0.6-1.3,mg/dL,17,7-20,mg/dL,127,135-145,mmol/L,4.3,3.5-5.1,mmol/L,118,>90,mL/min/1.73m²,High,High,Normal,Low,Normal,Normal
168,44,Male,19,15-40,mg/dL,0.899999999999999,0.6-1.3,mg/dL,9,7-20,mg/dL,137,135-145,mmol/L,4.4,3.5-5.1,mmol/L,90,>90,mL/min/1.73m²,Normal,Normal,Normal,Normal,Normal,Normal
169,29,Male,28,15-40,mg/dL,1.5,0.6-1.3,mg/dL,17,7-20,mg/dL,135.343855902118,135-145,mmol/L,4.4,3.5-5.1,mmol/L,98,>90,mL/min/1.73m²,Normal,High,Normal,Normal,Normal,Normal
170,35,Male,68,15-40,mg/dL,2.8,0.6-1.3,mg/dL,13,7-20,mg/dL,136,135-145,mmol/L,5.02257890042586,3.5-5.1,mmol/L,118,>90,mL/min/1.73m²,High,High,Normal,Normal,Normal,Normal
171,77,Female,41,15-40,mg/dL,1.7,0.6-1.3,mg/dL,14,7-20,mg/dL,131,135-145,mmol/L,3.9,3.5-5.1,mmol/L,118,>90,mL/min/1.73m²,High,High,Normal,Low,Normal,Normal
172,48,Male,60,15-40,mg/dL,2.6,0.6-1.3,mg/dL,11,7-20,mg/dL,115,135-145,mmol/L,5.7,3.5-5.1,mmol/L,109,>90,mL/min/1.73m²,High,High,Normal,Low,High,Normal
173,25,Male,113,15-40,mg/dL,2.9,0.6-1.3,mg/dL,8,7-20,mg/dL,130,135-145,mmol/L,2.5,3.5-5.1,mmol/L,112,>90,mL/min/1.73m²,High,High,Normal,Low,Low,Normal
174,35,Male,1.5,15-40,mg/dL,7.3,0.6-1.3,mg/dL,9,7-20,mg/dL,145,135-145,mmol/L,2.8,3.5-5.1,mmol/L,100,>90,mL/min/1.73m²,Low,High,Normal,Normal,Low,Normal
175,39,Female,146,15-40,mg/dL,7.50000000000001,0.6-1.3,mg/dL,15,7-20,mg/dL,141,135-145,mmol/L,4.7,3.5-5.1,mmol/L,109,>90,mL/min/1.73m²,High,High,Normal,Normal,Normal,Normal
176,62,Male,58,15-40,mg/dL,2.2,0.6-1.3,mg/dL,19,7-20,mg/dL,113,135-145,mmol/L,3,3.5-5.1,mmol/L,93,>90,mL/min/1.73m²,High,High,Normal,Low,Low,Normal
177,45,Female,40,15-40,mg/dL,1.7,0.6-1.3,mg/dL,17,7-20,mg/dL,125,135-145,mmol/L,3.5,3.5-5.1,mmol/L,118,>90,mL/min/1.73m²,Normal,High,Normal,Low,Normal,Normal
178,52,Male,133,15-40,mg/dL,2.5,0.6-1.3,mg/dL,19,7-20,mg/dL,136,135-145,mmol/L,4.5,3.5-5.1,mmol/L,105,>90,mL/min/1.73m²,High,High,Normal,Normal,Normal,Normal
179,45,Female,153,15-40,mg/dL,2.7,0.6-1.3,mg/dL,41,7-20,mg/dL,139,135-145,mmol/L,4.3,3.5-5.1,mmol/L,43,>90,mL/min/1.73m²,High,High,High,Normal,Normal,Moderately Reduced
180,64,Female,53,15-40,mg/dL,2.3,0.6-1.3,mg/dL,19,7-20,mg/dL,140,135-145,mmol/L,4.4,3.5-5.1,mmol/L,109,>90,mL/min/1.73m²,High,High,Normal,Normal,Normal,Normal
181,82,Male,56,15-40,mg/dL,1.9,0.6-1.3,mg/dL,7,7-20,mg/dL,134,135-145,mmol/L,3.9,3.5-5.1,mmol/L,111,>90,mL/min/1.73m²,High,High,Normal,Low,Normal,Normal
182,71,Female,52,15-40,mg/dL,2.2,0.6-1.3,mg/dL,9,7-20,mg/dL,136,135-145,mmol/L,3.8,3.5-5.1,mmol/L,110,>90,mL/min/1.73m²,High,High,Normal,Normal,Normal,Normal
183,45,Female,23,15-40,mg/dL,0.8,0.6-1.3,mg/dL,59,7-20,mg/dL,140,135-145,mmol/L,4.1,3.5-5.1,mmol/L,47,>90,mL/min/1.73m²,Normal,Normal,High,Normal,Normal,Moderately Reduced
184,21,Male,106,15-40,mg/dL,6.50000000000001,0.6-1.3,mg/dL,41,7-20,mg/dL,135,135-145,mmol/L,4.3,3.5-5.1,mmol/L,54,>90,mL/min/1.73m²,High,High,High,Normal,Normal,Moderately Reduced
185,33,Female,137,15-40,mg/dL,3.3,0.6-1.3,mg/dL,18,7-20,mg/dL,133,135-145,mmol/L,4.5,3.5-5.1,mmol/L,116,>90,mL/min/1.73m²,High,High,Normal,Low,Normal,Normal
186,49,Female,23,15-40,mg/dL,0.6,0.6-1.3,mg/dL,19,7-20,mg/dL,138,135-145,mmol/L,4.4,3.5-5.1,mmol/L,111,>90,mL/min/1.73m²,Normal,Normal,Normal,Normal,Normal,Normal
187,68,Female,46,15-40,mg/dL,1,0.6-1.3,mg/dL,32,7-20,mg/dL,135,135-145,mmol/L,3.8,3.5-5.1,mmol/L,85,>90,mL/min/1.73m²,High,Normal,High,Normal,Normal,Mildly Reduced
188,31,Female,22,15-40,mg/dL,0.7,0.6-1.3,mg/dL,19,7-20,mg/dL,139,135-145,mmol/L,4.04215057010699,3.5-5.1,mmol/L,111,>90,mL/min/1.73m²,Normal,Normal,Normal,Normal,Normal,Normal
189,63,Male,66,15-40,mg/dL,2.5,0.6-1.3,mg/dL,8,7-20,mg/dL,142,135-145,mmol/L,3.6,3.5-5.1,mmol/L,98,>90,mL/min/1.73m²,High,High,Normal,Normal,Normal,Normal
190,52,Female,58,15-40,mg/dL,4.3,0.6-1.3,mg/dL,12,7-20,mg/dL,137,135-145,mmol/L,5.4,3.5-5.1,mmol/L,90,>90,mL/min/1.73m²,High,High,Normal,Normal,High,Normal
191,32,Female,67,15-40,mg/dL,1,0.6-1.3,mg/dL,15,7-20,mg/dL,135,135-145,mmol/L,4.9,3.5-5.1,mmol/L,112,>90,mL/min/1.73m²,High,Normal,Normal,Normal,Normal,Normal
192,45,Male,115,15-40,mg/dL,6,0.6-1.3,mg/dL,49,7-20,mg/dL,134,135-145,mmol/L,2.7,3.5-5.1,mmol/L,32,>90,mL/min/1.73m²,High,High,High,Low,Low,Moderately Reduced
193,40,Male,16,15-40,mg/dL,0.899999999999999,0.6-1.3,mg/dL,54,7-20,mg/dL,139,135-145,mmol/L,3.99307874593696,3.5-5.1,mmol/L,49,>90,mL/min/1.73m²,Normal,Normal,High,Normal,Normal,Moderately Reduced
194,47,Female,223,15-40,mg/dL,18.1,0.6-1.3,mg/dL,16,7-20,mg/dL,113,135-145,mmol/L,6.5,3.5-5.1,mmol/L,90,>90,mL/min/1.73m²,High,High,Normal,Low,High,Normal
195,67,Male,49,15-40,mg/dL,1.2,0.6-1.3,mg/dL,8,7-20,mg/dL,135,135-145,mmol/L,4.7,3.5-5.1,mmol/L,92,>90,mL/min/1.73m²,High,Normal,Normal,Normal,Normal,Normal
196,59,Male,98.6,15-40,mg/dL,3.3,0.6-1.3,mg/dL,9,7-20,mg/dL,138,135-145,mmol/L,3.9,3.5-5.1,mmol/L,103,>90,mL/min/1.73m²,High,High,Normal,Normal,Normal,Normal
197,42,Male,158,15-40,mg/dL,11.8,0.6-1.3,mg/dL,13,7-20,mg/dL,122,135-145,mmol/L,3.2,3.5-5.1,mmol/L,119,>90,mL/min/1.73m²,High,High,Normal,Low,Low,Normal
198,67,Male,111,15-40,mg/dL,9.3,0.6-1.3,mg/dL,54,7-20,mg/dL,124,135-145,mmol/L,5.3,3.5-5.1,mmol/L,43,>90,mL/min/1.73m²,High,High,High,Low,High,Moderately Reduced
199,21,Male,40,15-40,mg/dL,3.2,0.6-1.3,mg/dL,57,7-20,mg/dL,137,135-145,mmol/L,4.7,3.5-5.1,mmol/L,52,>90,mL/min/1.73m²,Normal,High,High,Normal,Normal,Moderately Reduced
200,39,Male,37,15-40,mg/dL,1.5,0.6-1.3,mg/dL,24,7-20,mg/dL,140,135-145,mmol/L,5.2,3.5-5.1,mmol/L,89,>90,mL/min/1.73m²,Normal,High,High,Normal,High,Mildly Reduced
201,78,Male,89,15-40,mg/dL,3,0.6-1.3,mg/dL,14,7-20,mg/dL,140,135-145,mmol/L,4.1,3.5-5.1,mmol/L,111,>90,mL/min/1.73m²,High,High,Normal,Normal,Normal,Normal
202,65,Male,93.9999999999999,15-40,mg/dL,7.3,0.6-1.3,mg/dL,14,7-20,mg/dL,137,135-145,mmol/L,4.3,3.5-5.1,mmol/L,102,>90,mL/min/1.73m²,High,High,Normal,Normal,Normal,Normal
203,22,Male,74,15-40,mg/dL,2.9,0.6-1.3,mg/dL,11,7-20,mg/dL,135,135-145,mmol/L,5.9,3.5-5.1,mmol/L,90,>90,mL/min/1.73m²,High,High,Normal,Normal,High,Normal
204,74,Female,80,15-40,mg/dL,6.8,0.6-1.3,mg/dL,41,7-20,mg/dL,142,135-145,mmol/L,5.5,3.5-5.1,mmol/L,44,>90,mL/min/1.73m²,High,High,High,Normal,High,Moderately Reduced
205,31,Female,82,15-40,mg/dL,13.5,0.6-1.3,mg/dL,17,7-20,mg/dL,145,135-145,mmol/L,6.3,3.5-5.1,mmol/L,114,>90,mL/min/1.73m²,High,High,Normal,Normal,High,Normal
206,59,Female,28,15-40,mg/dL,2.1,0.6-1.3,mg/dL,12,7-20,mg/dL,136,135-145,mmol/L,4.74964587297885,3.5-5.1,mmol/L,109,>90,mL/min/1.73m²,Normal,High,Normal,Normal,Normal,Normal
207,35,Female,96,15-40,mg/dL,3.9,0.6-1.3,mg/dL,19,7-20,mg/dL,135,135-145,mmol/L,4,3.5-5.1,mmol/L,96,>90,mL/min/1.73m²,High,High,Normal,Normal,Normal,Normal
208,53,Female,50,15-40,mg/dL,2.2,0.6-1.3,mg/dL,14,7-20,mg/dL,136,135-145,mmol/L,4.9,3.5-5.1,mmol/L,105,>90,mL/min/1.73m²,High,High,Normal,Normal,Normal,Normal
209,63,Male,37,15-40,mg/dL,1.5,0.6-1.3,mg/dL,15,7-20,mg/dL,137,135-145,mmol/L,5.64261437310118,3.5-5.1,mmol/L,109,>90,mL/min/1.73m²,Normal,High,Normal,Normal,High,Normal
210,25,Male,42,15-40,mg/dL,1.8,0.6-1.3,mg/dL,11,7-20,mg/dL,140,135-145,mmol/L,3.9,3.5-5.1,mmol/L,112,>90,mL/min/1.73m²,High,High,Normal,Normal,Normal,Normal
211,83,Female,132,15-40,mg/dL,12.8,0.6-1.3,mg/dL,13,7-20,mg/dL,135,135-145,mmol/L,5.7,3.5-5.1,mmol/L,110,>90,mL/min/1.73m²,High,High,Normal,Normal,High,Normal
212,41,Female,18,15-40,mg/dL,1.2,0.6-1.3,mg/dL,7,7-20,mg/dL,139,135-145,mmol/L,3.9360568538953,3.5-5.1,mmol/L,90,>90,mL/min/1.73m²,Normal,Normal,Normal,Normal,Normal,Normal
213,37,Male,150,15-40,mg/dL,11.9,0.6-1.3,mg/dL,17,7-20,mg/dL,132,135-145,mmol/L,5.6,3.5-5.1,mmol/L,104,>90,mL/min/1.73m²,High,High,Normal,Low,High,Normal
214,31,Female,73,15-40,mg/dL,3.9,0.6-1.3,mg/dL,14,7-20,mg/dL,137,135-145,mmol/L,4.9,3.5-5.1,mmol/L,109,>90,mL/min/1.73m²,High,High,Normal,Normal,Normal,Normal
215,71,Male,30,15-40,mg/dL,1,0.6-1.3,mg/dL,9,7-20,mg/dL,135,135-145,mmol/L,4.4,3.5-5.1,mmol/L,104,>90,mL/min/1.73m²,Normal,Normal,Normal,Normal,Normal,Normal
216,70,Female,95.3792186821641,15-40,mg/dL,2.29528477860868,0.6-1.3,mg/dL,7,7-20,mg/dL,141,135-145,mmol/L,3.9,3.5-5.1,mmol/L,108,>90,mL/min/1.73m²,High,High,Normal,Normal,Normal,Normal
217,67,Male,15,15-40,mg/dL,1.7,0.6-1.3,mg/dL,12,7-20,mg/dL,138,135-145,mmol/L,4,3.5-5.1,mmol/L,95,>90,mL/min/1.73m²,Normal,High,Normal,Normal,Normal,Normal
218,38,Female,61.0000000000001,15-40,mg/dL,1.8,0.6-1.3,mg/dL,19,7-20,mg/dL,141,135-145,mmol/L,4.4,3.5-5.1,mmol/L,95,>90,mL/min/1.73m²,High,High,Normal,Normal,Normal,Normal
219,25,Male,19,15-40,mg/dL,0.8,0.6-1.3,mg/dL,14,7-20,mg/dL,139,135-145,mmol/L,4,3.5-5.1,mmol/L,90,>90,mL/min/1.73m²,Normal,Normal,Normal,Normal,Normal,Normal
220,46,Female,57,15-40,mg/dL,2.5,0.6-1.3,mg/dL,30,7-20,mg/dL,135,135-145,mmol/L,3.9,3.5-5.1,mmol/L,89,>90,mL/min/1.73m²,High,High,High,Normal,Normal,Mildly Reduced
221,72,Female,34.7696508660332,15-40,mg/dL,2.36162751064927,0.6-1.3,mg/dL,9,7-20,mg/dL,139,135-145,mmol/L,4,3.5-5.1,mmol/L,119,>90,mL/min/1.73m²,Normal,High,Normal,Normal,Normal,Normal
222,67,Male,30,15-40,mg/dL,1.7,0.6-1.3,mg/dL,7,7-20,mg/dL,138,135-145,mmol/L,5.3,3.5-5.1,mmol/L,105,>90,mL/min/1.73m²,Normal,High,Normal,Normal,High,Normal
223,26,Male,68,15-40,mg/dL,1.8,0.6-1.3,mg/dL,9,7-20,mg/dL,135,135-145,mmol/L,4.64607692009886,3.5-5.1,mmol/L,116,>90,mL/min/1.73m²,High,High,Normal,Normal,Normal,Normal
224,78,Female,30,15-40,mg/dL,1.3,0.6-1.3,mg/dL,11,7-20,mg/dL,136,135-145,mmol/L,4.1,3.5-5.1,mmol/L,107,>90,mL/min/1.73m²,Normal,Normal,Normal,Normal,Normal,Normal
225,30,Female,28,15-40,mg/dL,2.2,0.6-1.3,mg/dL,17,7-20,mg/dL,138,135-145,mmol/L,3.8,3.5-5.1,mmol/L,102,>90,mL/min/1.73m²,Normal,High,Normal,Normal,Normal,Normal
226,34,Male,95.0000000000001,15-40,mg/dL,2.7,0.6-1.3,mg/dL,14,7-20,mg/dL,131,135-145,mmol/L,3.8,3.5-5.1,mmol/L,101,>90,mL/min/1.73m²,High,High,Normal,Low,Normal,Normal
227,83,Male,54,15-40,mg/dL,7.2,0.6-1.3,mg/dL,68,7-20,mg/dL,140,135-145,mmol/L,4.6,3.5-5.1,mmol/L,16,>90,mL/min/1.73m²,High,High,High,Normal,Normal,Severely Reduced
228,22,Male,48,15-40,mg/dL,1.6,0.6-1.3,mg/dL,19,7-20,mg/dL,136,135-145,mmol/L,4.9,3.5-5.1,mmol/L,117,>90,mL/min/1.73m²,High,High,Normal,Normal,Normal,Normal
229,42,Female,52,15-40,mg/dL,2.5,0.6-1.3,mg/dL,46,7-20,mg/dL,135,135-145,mmol/L,4.2,3.5-5.1,mmol/L,39,>90,mL/min/1.73m²,High,High,High,Normal,Normal,Moderately Reduced
230,72,Female,191,15-40,mg/dL,12,0.6-1.3,mg/dL,15,7-20,mg/dL,114,135-145,mmol/L,2.9,3.5-5.1,mmol/L,103,>90,mL/min/1.73m²,High,High,Normal,Low,Low,Normal
231,56,Male,17,15-40,mg/dL,1.7,0.6-1.3,mg/dL,23,7-20,mg/dL,130,135-145,mmol/L,4.3,3.5-5.1,mmol/L,79,>90,mL/min/1.73m²,Normal,High,High,Low,Normal,Mildly Reduced
232,28,Female,51,15-40,mg/dL,2.8,0.6-1.3,mg/dL,14,7-20,mg/dL,138,135-145,mmol/L,3.7,3.5-5.1,mmol/L,118,>90,mL/min/1.73m²,High,High,Normal,Normal,Normal,Normal
233,34,Female,25,15-40,mg/dL,0.9,0.6-1.3,mg/dL,17,7-20,mg/dL,139,135-145,mmol/L,3.99283675404622,3.5-5.1,mmol/L,114,>90,mL/min/1.73m²,Normal,Normal,Normal,Normal,Normal,Normal
234,22,Male,20,15-40,mg/dL,1.6,0.6-1.3,mg/dL,11,7-20,mg/dL,146,135-145,mmol/L,4.5,3.5-5.1,mmol/L,100,>90,mL/min/1.73m²,Normal,High,Normal,High,Normal,Normal
235,36,Female,19,15-40,mg/dL,1.3,0.6-1.3,mg/dL,9,7-20,mg/dL,135,135-145,mmol/L,3.9,3.5-5.1,mmol/L,107,>90,mL/min/1.73m²,Normal,Normal,Normal,Normal,Normal,Normal
236,45,Male,93,15-40,mg/dL,2.3,0.6-1.3,mg/dL,11,7-20,mg/dL,135,135-145,mmol/L,4.4,3.5-5.1,mmol/L,116,>90,mL/min/1.73m²,High,High,Normal,Normal,Normal,Normal
237,40,Male,66,15-40,mg/dL,2,0.6-1.3,mg/dL,8,7-20,mg/dL,136,135-145,mmol/L,5.4,3.5-5.1,mmol/L,113,>90,mL/min/1.73m²,High,High,Normal,Normal,High,Normal
238,40,Female,53,15-40,mg/dL,2.2,0.6-1.3,mg/dL,17,7-20,mg/dL,135,135-145,mmol/L,4.7,3.5-5.1,mmol/L,116,>90,mL/min/1.73m²,High,High,Normal,Normal,Normal,Normal
239,30,Female,241,15-40,mg/dL,13.4,0.6-1.3,mg/dL,17,7-20,mg/dL,127,135-145,mmol/L,4.8,3.5-5.1,mmol/L,101,>90,mL/min/1.73m²,High,High,Normal,Low,Normal,Normal
240,57,Male,50,15-40,mg/dL,1.6,0.6-1.3,mg/dL,17,7-20,mg/dL,137,135-145,mmol/L,4.1,3.5-5.1,mmol/L,106,>90,mL/min/1.73m²,High,High,Normal,Normal,Normal,Normal
241,54,Male,46,15-40,mg/dL,1.4,0.6-1.3,mg/dL,65,7-20,mg/dL,135,135-145,mmol/L,4.40409067560996,3.5-5.1,mmol/L,26,>90,mL/min/1.73m²,High,High,High,Normal,Normal,Severely Reduced
242,33,Male,45,15-40,mg/dL,1.5,0.6-1.3,mg/dL,60,7-20,mg/dL,140,135-145,mmol/L,3.3,3.5-5.1,mmol/L,22,>90,mL/min/1.73m²,High,High,High,Normal,Low,Severely Reduced
243,33,Female,96,15-40,mg/dL,6.3,0.6-1.3,mg/dL,56,7-20,mg/dL,120,135-145,mmol/L,3.9,3.5-5.1,mmol/L,32,>90,mL/min/1.73m²,High,High,High,Low,Normal,Moderately Reduced
244,29,Male,48,15-40,mg/dL,2.4,0.6-1.3,mg/dL,19,7-20,mg/dL,138,135-145,mmol/L,2.9,3.5-5.1,mmol/L,119,>90,mL/min/1.73m²,High,High,Normal,Normal,Low,Normal
245,31,Male,64,15-40,mg/dL,2.8,0.6-1.3,mg/dL,11,7-20,mg/dL,135,135-145,mmol/L,4.1,3.5-5.1,mmol/L,110,>90,mL/min/1.73m²,High,High,Normal,Normal,Normal,Normal
246,57,Male,79,15-40,mg/dL,5.3,0.6-1.3,mg/dL,43,7-20,mg/dL,135,135-145,mmol/L,6.3,3.5-5.1,mmol/L,30,>90,mL/min/1.73m²,High,High,High,Normal,High,Moderately Reduced
247,53,Male,215,15-40,mg/dL,15.2,0.6-1.3,mg/dL,19,7-20,mg/dL,120,135-145,mmol/L,5.7,3.5-5.1,mmol/L,90,>90,mL/min/1.73m²,High,High,Normal,Low,High,Normal
248,60,Female,18,15-40,mg/dL,1.2,0.6-1.3,mg/dL,89,7-20,mg/dL,140,135-145,mmol/L,4.2,3.5-5.1,mmol/L,20,>90,mL/min/1.73m²,Normal,Normal,High,Normal,Normal,Severely Reduced
249,29,Female,55,15-40,mg/dL,1.7,0.6-1.3,mg/dL,66,7-20,mg/dL,138,135-145,mmol/L,4.5,3.5-5.1,mmol/L,17,>90,mL/min/1.73m²,High,High,High,Normal,Normal,Severely Reduced
250,36,Male,309,15-40,mg/dL,13.3,0.6-1.3,mg/dL,25,7-20,mg/dL,124,135-145,mmol/L,6.5,3.5-5.1,mmol/L,83,>90,mL/min/1.73m²,High,High,High,Low,High,Mildly Reduced
251,36,Female,10,15-40,mg/dL,1.2,0.6-1.3,mg/dL,17,7-20,mg/dL,135,135-145,mmol/L,5,3.5-5.1,mmol/L,93,>90,mL/min/1.73m²,Low,Normal,Normal,Normal,Normal,Normal
252,81,Female,36,15-40,mg/dL,1,0.6-1.3,mg/dL,18,7-20,mg/dL,150,135-145,mmol/L,4.6,3.5-5.1,mmol/L,111,>90,mL/min/1.73m²,Normal,Normal,Normal,High,Normal,Normal
253,20,Female,49,15-40,mg/dL,0.6,0.6-1.3,mg/dL,26,7-20,mg/dL,147,135-145,mmol/L,4.4,3.5-5.1,mmol/L,72,>90,mL/min/1.73m²,High,Normal,High,High,Normal,Mildly Reduced
254,31,Male,17,15-40,mg/dL,1.2,0.6-1.3,mg/dL,16,7-20,mg/dL,135,135-145,mmol/L,4.7,3.5-5.1,mmol/L,115,>90,mL/min/1.73m²,Normal,Normal,Normal,Normal,Normal,Normal
255,23,Female,38,15-40,mg/dL,0.8,0.6-1.3,mg/dL,11,7-20,mg/dL,135,135-145,mmol/L,3.7,3.5-5.1,mmol/L,101,>90,mL/min/1.73m²,Normal,Normal,Normal,Normal,Normal,Normal
256,61,Female,27,15-40,mg/dL,1.2,0.6-1.3,mg/dL,7,7-20,mg/dL,144,135-145,mmol/L,3.9,3.5-5.1,mmol/L,114,>90,mL/min/1.73m²,Normal,Normal,Normal,Normal,Normal,Normal
257,32,Male,10,15-40,mg/dL,0.5,0.6-1.3,mg/dL,49,7-20,mg/dL,146,135-145,mmol/L,5,3.5-5.1,mmol/L,59,>90,mL/min/1.73m²,Low,Low,High,High,Normal,Moderately Reduced
258,23,Male,36,15-40,mg/dL,0.7,0.6-1.3,mg/dL,15,7-20,mg/dL,135,135-145,mmol/L,3.7,3.5-5.1,mmol/L,97,>90,mL/min/1.73m²,Normal,Normal,Normal,Normal,Normal,Normal
259,38,Female,20,15-40,mg/dL,0.5,0.6-1.3,mg/dL,11,7-20,mg/dL,140,135-145,mmol/L,3.5,3.5-5.1,mmol/L,109,>90,mL/min/1.73m²,Normal,Low,Normal,Normal,Normal,Normal
260,21,Female,31,15-40,mg/dL,1.2,0.6-1.3,mg/dL,10,7-20,mg/dL,135,135-145,mmol/L,5,3.5-5.1,mmol/L,115,>90,mL/min/1.73m²,Normal,Normal,Normal,Normal,Normal,Normal
261,31,Male,38,15-40,mg/dL,1,0.6-1.3,mg/dL,12,7-20,mg/dL,147,135-145,mmol/L,3.8,3.5-5.1,mmol/L,113,>90,mL/min/1.73m²,Normal,Normal,Normal,High,Normal,Normal
262,25,Male,32,15-40,mg/dL,1.2,0.6-1.3,mg/dL,126,7-20,mg/dL,139,135-145,mmol/L,3.9,3.5-5.1,mmol/L,11,>90,mL/min/1.73m²,Normal,Normal,High,Normal,Normal,Kidney Failure
263,27,Male,18,15-40,mg/dL,0.899999999999999,0.6-1.3,mg/dL,7,7-20,mg/dL,135,135-145,mmol/L,3.6,3.5-5.1,mmol/L,110,>90,mL/min/1.73m²,Normal,Normal,Normal,Normal,Normal,Normal
264,70,Male,46,15-40,mg/dL,1.2,0.6-1.3,mg/dL,8,7-20,mg/dL,137,135-145,mmol/L,5,3.5-5.1,mmol/L,96,>90,mL/min/1.73m²,High,Normal,Normal,Normal,Normal,Normal
265,30,Female,24,15-40,mg/dL,0.7,0.6-1.3,mg/dL,38,7-20,mg/dL,140,135-145,mmol/L,4.1,3.5-5.1,mmol/L,36,>90,mL/min/1.73m²,Normal,Normal,High,Normal,Normal,Moderately Reduced
266,82,Male,40,15-40,mg/dL,0.6,0.6-1.3,mg/dL,14,7-20,mg/dL,150,135-145,mmol/L,4.5,3.5-5.1,mmol/L,103,>90,mL/min/1.73m²,Normal,Normal,Normal,High,Normal,Normal
267,76,Female,17,15-40,mg/dL,1.2,0.6-1.3,mg/dL,11,7-20,mg/dL,135,135-145,mmol/L,4.8,3.5-5.1,mmol/L,118,>90,mL/min/1.73m²,Normal,Normal,Normal,Normal,Normal,Normal
268,31,Female,33,15-40,mg/dL,0.899999999999999,0.6-1.3,mg/dL,13,7-20,mg/dL,146,135-145,mmol/L,3.9,3.5-5.1,mmol/L,115,>90,mL/min/1.73m²,Normal,Normal,Normal,High,Normal,Normal
269,21,Female,49,15-40,mg/dL,1,0.6-1.3,mg/dL,8,7-20,mg/dL,140,135-145,mmol/L,5,3.5-5.1,mmol/L,107,>90,mL/min/1.73m²,High,Normal,Normal,Normal,Normal,Normal
270,27,Male,19,15-40,mg/dL,1.2,0.6-1.3,mg/dL,14,7-20,mg/dL,142,135-145,mmol/L,4.9,3.5-5.1,mmol/L,112,>90,mL/min/1.73m²,Normal,Normal,Normal,Normal,Normal,Normal
271,30,Male,34,15-40,mg/dL,1.1,0.6-1.3,mg/dL,24,7-20,mg/dL,145,135-145,mmol/L,4,3.5-5.1,mmol/L,78,>90,mL/min/1.73m²,Normal,Normal,High,Normal,Normal,Mildly Reduced
272,72,Female,25,15-40,mg/dL,0.5,0.6-1.3,mg/dL,23,7-20,mg/dL,144,135-145,mmol/L,4.8,3.5-5.1,mmol/L,83,>90,mL/min/1.73m²,Normal,Low,High,Normal,Normal,Mildly Reduced
273,29,Female,15,15-40,mg/dL,1.2,0.6-1.3,mg/dL,28,7-20,mg/dL,135,135-145,mmol/L,5,3.5-5.1,mmol/L,83,>90,mL/min/1.73m²,Normal,Normal,High,Normal,Normal,Mildly Reduced
274,27,Female,35,15-40,mg/dL,0.899999999999999,0.6-1.3,mg/dL,56,7-20,mg/dL,140,135-145,mmol/L,4.1,3.5-5.1,mmol/L,54,>90,mL/min/1.73m²,Normal,Normal,High,Normal,Normal,Moderately Reduced
275,55,Female,23,15-40,mg/dL,0.7,0.6-1.3,mg/dL,10,7-20,mg/dL,141,135-145,mmol/L,4.2,3.5-5.1,mmol/L,116,>90,mL/min/1.73m²,Normal,Normal,Normal,Normal,Normal,Normal
276,33,Female,22,15-40,mg/dL,1.2,0.6-1.3,mg/dL,14,7-20,mg/dL,139,135-145,mmol/L,4.6,3.5-5.1,mmol/L,109,>90,mL/min/1.73m²,Normal,Normal,Normal,Normal,Normal,Normal
277,73,Male,30,15-40,mg/dL,0.8,0.6-1.3,mg/dL,22,7-20,mg/dL,137,135-145,mmol/L,4.7,3.5-5.1,mmol/L,85,>90,mL/min/1.73m²,Normal,Normal,High,Normal,Normal,Mildly Reduced
278,40,Male,46,15-40,mg/dL,1,0.6-1.3,mg/dL,19,7-20,mg/dL,135,135-145,mmol/L,5,3.5-5.1,mmol/L,108,>90,mL/min/1.73m²,High,Normal,Normal,Normal,Normal,Normal
279,69,Male,44,15-40,mg/dL,1.2,0.6-1.3,mg/dL,16,7-20,mg/dL,142,135-145,mmol/L,4.9,3.5-5.1,mmol/L,114,>90,mL/min/1.73m²,High,Normal,Normal,Normal,Normal,Normal
280,58,Female,23,15-40,mg/dL,0.6,0.6-1.3,mg/dL,21,7-20,mg/dL,140,135-145,mmol/L,4.7,3.5-5.1,mmol/L,84,>90,mL/min/1.73m²,Normal,Normal,High,Normal,Normal,Mildly Reduced
281,39,Female,33,15-40,mg/dL,0.899999999999999,0.6-1.3,mg/dL,57,7-20,mg/dL,144,135-145,mmol/L,4.5,3.5-5.1,mmol/L,47,>90,mL/min/1.73m²,Normal,Normal,High,Normal,Normal,Moderately Reduced
282,26,Male,50,15-40,mg/dL,1.2,0.6-1.3,mg/dL,18,7-20,mg/dL,147,135-145,mmol/L,5,3.5-5.1,mmol/L,95,>90,mL/min/1.73m²,High,Normal,Normal,High,Normal,Normal
283,28,Male,44,15-40,mg/dL,1,0.6-1.3,mg/dL,10,7-20,mg/dL,135,135-145,mmol/L,3.8,3.5-5.1,mmol/L,105,>90,mL/min/1.73m²,High,Normal,Normal,Normal,Normal,Normal
284,20,Female,31,15-40,mg/dL,0.8,0.6-1.3,mg/dL,10,7-20,mg/dL,142,135-145,mmol/L,4.5,3.5-5.1,mmol/L,92,>90,mL/min/1.73m²,Normal,Normal,Normal,Normal,Normal,Normal
285,45,Male,37,15-40,mg/dL,1.2,0.6-1.3,mg/dL,16,7-20,mg/dL,142,135-145,mmol/L,4,3.5-5.1,mmol/L,110,>90,mL/min/1.73m²,Normal,Normal,Normal,Normal,Normal,Normal
286,57,Male,19,15-40,mg/dL,0.7,0.6-1.3,mg/dL,15,7-20,mg/dL,135,135-145,mmol/L,3.9,3.5-5.1,mmol/L,91,>90,mL/min/1.73m²,Normal,Normal,Normal,Normal,Normal,Normal
287,57,Male,18,15-40,mg/dL,0.8,0.6-1.3,mg/dL,8,7-20,mg/dL,145,135-145,mmol/L,5,3.5-5.1,mmol/L,104,>90,mL/min/1.73m²,Normal,Normal,Normal,Normal,Normal,Normal
288,80,Female,22,15-40,mg/dL,0.6,0.6-1.3,mg/dL,7,7-20,mg/dL,137,135-145,mmol/L,3.8,3.5-5.1,mmol/L,109,>90,mL/min/1.73m²,Normal,Normal,Normal,Normal,Normal,Normal
289,63,Female,46,15-40,mg/dL,1.2,0.6-1.3,mg/dL,13,7-20,mg/dL,135,135-145,mmol/L,4.9,3.5-5.1,mmol/L,100,>90,mL/min/1.73m²,High,Normal,Normal,Normal,Normal,Normal
290,63,Male,32,15-40,mg/dL,0.899999999999999,0.6-1.3,mg/dL,18,7-20,mg/dL,143,135-145,mmol/L,4.7,3.5-5.1,mmol/L,108,>90,mL/min/1.73m²,Normal,Normal,Normal,Normal,Normal,Normal
291,81,Female,28,15-40,mg/dL,0.6,0.6-1.3,mg/dL,14,7-20,mg/dL,146,135-145,mmol/L,3.5,3.5-5.1,mmol/L,107,>90,mL/min/1.73m²,Normal,Normal,Normal,High,Normal,Normal
292,25,Male,44,15-40,mg/dL,1,0.6-1.3,mg/dL,9,7-20,mg/dL,140,135-145,mmol/L,4.9,3.5-5.1,mmol/L,111,>90,mL/min/1.73m²,High,Normal,Normal,Normal,Normal,Normal
293,36,Male,42,15-40,mg/dL,0.5,0.6-1.3,mg/dL,21,7-20,mg/dL,139,135-145,mmol/L,5,3.5-5.1,mmol/L,70,>90,mL/min/1.73m²,High,Low,High,Normal,Normal,Mildly Reduced
294,70,Female,19,15-40,mg/dL,1.2,0.6-1.3,mg/dL,10,7-20,mg/dL,150,135-145,mmol/L,4.8,3.5-5.1,mmol/L,92,>90,mL/min/1.73m²,Normal,Normal,Normal,High,Normal,Normal
295,57,Female,50,15-40,mg/dL,0.7,0.6-1.3,mg/dL,8,7-20,mg/dL,135,135-145,mmol/L,5,3.5-5.1,mmol/L,93,>90,mL/min/1.73m²,High,Normal,Normal,Normal,Normal,Normal
296,43,Female,25,15-40,mg/dL,0.899999999999999,0.6-1.3,mg/dL,18,7-20,mg/dL,150,135-145,mmol/L,3.6,3.5-5.1,mmol/L,95,>90,mL/min/1.73m²,Normal,Normal,Normal,High,Normal,Normal
297,70,Male,38,15-40,mg/dL,0.6,0.6-1.3,mg/dL,21,7-20,mg/dL,140,135-145,mmol/L,5,3.5-5.1,mmol/L,71,>90,mL/min/1.73m²,Normal,Normal,High,Normal,Normal,Mildly Reduced
298,29,Male,26,15-40,mg/dL,1,0.6-1.3,mg/dL,11,7-20,mg/dL,146,135-145,mmol/L,4.9,3.5-5.1,mmol/L,118,>90,mL/min/1.73m²,Normal,Normal,Normal,High,Normal,Normal
299,40,Male,49,15-40,mg/dL,1.2,0.6-1.3,mg/dL,16,7-20,mg/dL,135,135-145,mmol/L,4.5,3.5-5.1,mmol/L,117,>90,mL/min/1.73m²,High,Normal,Normal,Normal,Normal,Normal
300,76,Female,48,15-40,mg/dL,0.5,0.6-1.3,mg/dL,11,7-20,mg/dL,150,135-145,mmol/L,3.5,3.5-5.1,mmol/L,110,>90,mL/min/1.73m²,High,Low,Normal,High,Normal,Normal
301,58,Male,26,15-40,mg/dL,0.7,0.6-1.3,mg/dL,14,7-20,mg/dL,141,135-145,mmol/L,4.2,3.5-5.1,mmol/L,93,>90,mL/min/1.73m²,Normal,Normal,Normal,Normal,Normal,Normal
302,52,Male,33,15-40,mg/dL,0.899999999999999,0.6-1.3,mg/dL,15,7-20,mg/dL,147,135-145,mmol/L,4.5,3.5-5.1,mmol/L,118,>90,mL/min/1.73m²,Normal,Normal,Normal,High,Normal,Normal
303,78,Male,44,15-40,mg/dL,1.2,0.6-1.3,mg/dL,8,7-20,mg/dL,145,135-145,mmol/L,5,3.5-5.1,mmol/L,119,>90,mL/min/1.73m²,High,Normal,Normal,Normal,Normal,Normal
304,37,Male,26,15-40,mg/dL,1.1,0.6-1.3,mg/dL,7,7-20,mg/dL,140,135-145,mmol/L,4.5,3.5-5.1,mmol/L,101,>90,mL/min/1.73m²,Normal,Normal,Normal,Normal,Normal,Normal
305,75,Female,38,15-40,mg/dL,0.6,0.6-1.3,mg/dL,9,7-20,mg/dL,135,135-145,mmol/L,3.9,3.5-5.1,mmol/L,93,>90,mL/min/1.73m²,Normal,Normal,Normal,Normal,Normal,Normal
306,76,Female,25,15-40,mg/dL,0.8,0.6-1.3,mg/dL,65,7-20,mg/dL,138,135-145,mmol/L,5,3.5-5.1,mmol/L,16,>90,mL/min/1.73m²,Normal,Normal,High,Normal,Normal,Severely Reduced
307,67,Female,30,15-40,mg/dL,1.2,0.6-1.3,mg/dL,11,7-20,mg/dL,140,135-145,mmol/L,4.5,3.5-5.1,mmol/L,101,>90,mL/min/1.73m²,Normal,Normal,Normal,Normal,Normal,Normal
308,61,Male,17,15-40,mg/dL,0.5,0.6-1.3,mg/dL,14,7-20,mg/dL,150,135-145,mmol/L,3.5,3.5-5.1,mmol/L,102,>90,mL/min/1.73m²,Normal,Low,Normal,High,Normal,Normal
309,46,Male,46,15-40,mg/dL,0.6,0.6-1.3,mg/dL,27,7-20,mg/dL,135,135-145,mmol/L,4.9,3.5-5.1,mmol/L,85,>90,mL/min/1.73m²,High,Normal,High,Normal,Normal,Mildly Reduced
310,71,Male,25,15-40,mg/dL,1.2,0.6-1.3,mg/dL,8,7-20,mg/dL,139,135-145,mmol/L,5,3.5-5.1,mmol/L,118,>90,mL/min/1.73m²,Normal,Normal,Normal,Normal,Normal,Normal
311,61,Female,27,15-40,mg/dL,0.7,0.6-1.3,mg/dL,15,7-20,mg/dL,142,135-145,mmol/L,4.9,3.5-5.1,mmol/L,105,>90,mL/min/1.73m²,Normal,Normal,Normal,Normal,Normal,Normal
312,51,Female,18,15-40,mg/dL,1.1,0.6-1.3,mg/dL,10,7-20,mg/dL,147,135-145,mmol/L,4.7,3.5-5.1,mmol/L,93,>90,mL/min/1.73m²,Normal,Normal,Normal,High,Normal,Normal
313,45,Female,32.4361186961348,15-40,mg/dL,0.8,0.6-1.3,mg/dL,7,7-20,mg/dL,135,135-145,mmol/L,4.1,3.5-5.1,mmol/L,117,>90,mL/min/1.73m²,Normal,Normal,Normal,Normal,Normal,Normal
314,44,Female,28,15-40,mg/dL,0.899999999999999,0.6-1.3,mg/dL,89,7-20,mg/dL,142,135-145,mmol/L,4.8,3.5-5.1,mmol/L,22,>90,mL/min/1.73m²,Normal,Normal,High,Normal,Normal,Severely Reduced
315,42,Female,46,15-40,mg/dL,0.6,0.6-1.3,mg/dL,21,7-20,mg/dL,145,135-145,mmol/L,5,3.5-5.1,mmol/L,64,>90,mL/min/1.73m²,High,Normal,High,Normal,Normal,Mildly Reduced
316,76,Male,30,15-40,mg/dL,0.7,0.6-1.3,mg/dL,17,7-20,mg/dL,141,135-145,mmol/L,4.3,3.5-5.1,mmol/L,119,>90,mL/min/1.73m²,Normal,Normal,Normal,Normal,Normal,Normal
317,71,Female,30,15-40,mg/dL,0.5,0.6-1.3,mg/dL,12,7-20,mg/dL,135,135-145,mmol/L,4.9,3.5-5.1,mmol/L,103,>90,mL/min/1.73m²,Normal,Low,Normal,Normal,Normal,Normal
318,50,Female,48,15-40,mg/dL,1.2,0.6-1.3,mg/dL,11,7-20,mg/dL,139,135-145,mmol/L,4.3,3.5-5.1,mmol/L,104,>90,mL/min/1.73m²,High,Normal,Normal,Normal,Normal,Normal
319,83,Female,29,15-40,mg/dL,0.7,0.6-1.3,mg/dL,18,7-20,mg/dL,137,135-145,mmol/L,3.5,3.5-5.1,mmol/L,119,>90,mL/min/1.73m²,Normal,Normal,Normal,Normal,Normal,Normal
320,52,Male,15,15-40,mg/dL,1.1,0.6-1.3,mg/dL,13,7-20,mg/dL,135,135-145,mmol/L,4.4,3.5-5.1,mmol/L,100,>90,mL/min/1.73m²,Normal,Normal,Normal,Normal,Normal,Normal
321,21,Female,49,15-40,mg/dL,1.2,0.6-1.3,mg/dL,15,7-20,mg/dL,150,135-145,mmol/L,4.7,3.5-5.1,mmol/L,99,>90,mL/min/1.73m²,High,Normal,Normal,High,Normal,Normal
322,37,Female,39,15-40,mg/dL,1,0.6-1.3,mg/dL,12,7-20,mg/dL,144,135-145,mmol/L,3.5,3.5-5.1,mmol/L,99,>90,mL/min/1.73m²,Normal,Normal,Normal,Normal,Normal,Normal
323,66,Female,40,15-40,mg/dL,0.5,0.6-1.3,mg/dL,12,7-20,mg/dL,140,135-145,mmol/L,4.6,3.5-5.1,mmol/L,113,>90,mL/min/1.73m²,Normal,Low,Normal,Normal,Normal,Normal
324,52,Male,30,15-40,mg/dL,1.1,0.6-1.3,mg/dL,8,7-20,mg/dL,143,135-145,mmol/L,5,3.5-5.1,mmol/L,95,>90,mL/min/1.73m²,Normal,Normal,Normal,Normal,Normal,Normal
325,54,Male,15,15-40,mg/dL,0.7,0.6-1.3,mg/dL,66,7-20,mg/dL,150,135-145,mmol/L,4.9,3.5-5.1,mmol/L,26,>90,mL/min/1.73m²,Normal,Normal,High,High,Normal,Severely Reduced
326,70,Female,50,15-40,mg/dL,1.2,0.6-1.3,mg/dL,8,7-20,mg/dL,140,135-145,mmol/L,3.5,3.5-5.1,mmol/L,115,>90,mL/min/1.73m²,High,Normal,Normal,Normal,Normal,Normal
327,37,Female,25,15-40,mg/dL,1.1,0.6-1.3,mg/dL,19,7-20,mg/dL,141,135-145,mmol/L,4.7,3.5-5.1,mmol/L,110,>90,mL/min/1.73m²,Normal,Normal,Normal,Normal,Normal,Normal
328,49,Female,31,15-40,mg/dL,0.8,0.6-1.3,mg/dL,13,7-20,mg/dL,150,135-145,mmol/L,4.6,3.5-5.1,mmol/L,93,>90,mL/min/1.73m²,Normal,Normal,Normal,High,Normal,Normal
329,63,Female,29,15-40,mg/dL,0.6,0.6-1.3,mg/dL,14,7-20,mg/dL,145,135-145,mmol/L,4.9,3.5-5.1,mmol/L,115,>90,mL/min/1.73m²,Normal,Normal,Normal,Normal,Normal,Normal
330,72,Male,25,15-40,mg/dL,0.899999999999999,0.6-1.3,mg/dL,18,7-20,mg/dL,146,135-145,mmol/L,3.5,3.5-5.1,mmol/L,98,>90,mL/min/1.73m²,Normal,Normal,Normal,High,Normal,Normal
331,29,Female,32,15-40,mg/dL,1.1,0.6-1.3,mg/dL,7,7-20,mg/dL,135,135-145,mmol/L,3.9,3.5-5.1,mmol/L,99,>90,mL/min/1.73m²,Normal,Normal,Normal,Normal,Normal,Normal
332,71,Male,39,15-40,mg/dL,0.7,0.6-1.3,mg/dL,28,7-20,mg/dL,147,135-145,mmol/L,4.7,3.5-5.1,mmol/L,89,>90,mL/min/1.73m²,Normal,Normal,High,High,Normal,Mildly Reduced
333,68,Female,33,15-40,mg/dL,1,0.6-1.3,mg/dL,14,7-20,mg/dL,150,135-145,mmol/L,5,3.5-5.1,mmol/L,94,>90,mL/min/1.73m²,Normal,Normal,Normal,High,Normal,Normal
334,30,Male,46,15-40,mg/dL,1.2,0.6-1.3,mg/dL,15,7-20,mg/dL,142,135-145,mmol/L,4,3.5-5.1,mmol/L,99,>90,mL/min/1.73m²,High,Normal,Normal,Normal,Normal,Normal
335,77,Male,25,15-40,mg/dL,0.745204902744285,0.6-1.3,mg/dL,11,7-20,mg/dL,136,135-145,mmol/L,3.5,3.5-5.1,mmol/L,105,>90,mL/min/1.73m²,Normal,Normal,Normal,Normal,Normal,Normal
336,55,Female,45,15-40,mg/dL,0.5,0.6-1.3,mg/dL,19,7-20,mg/dL,139,135-145,mmol/L,4.8,3.5-5.1,mmol/L,100,>90,mL/min/1.73m²,High,Low,Normal,Normal,Normal,Normal
337,52,Male,27,15-40,mg/dL,0.5,0.6-1.3,mg/dL,33,7-20,mg/dL,141,135-145,mmol/L,4.31603177856768,3.5-5.1,mmol/L,65,>90,mL/min/1.73m²,Normal,Low,High,Normal,Normal,Mildly Reduced
338,66,Female,40,15-40,mg/dL,0.899999999999999,0.6-1.3,mg/dL,10,7-20,mg/dL,141,135-145,mmol/L,4.9,3.5-5.1,mmol/L,96,>90,mL/min/1.73m²,Normal,Normal,Normal,Normal,Normal,Normal
339,32,Male,34,15-40,mg/dL,0.8,0.6-1.3,mg/dL,7,7-20,mg/dL,147,135-145,mmol/L,3.5,3.5-5.1,mmol/L,116,>90,mL/min/1.73m²,Normal,Normal,Normal,High,Normal,Normal
340,59,Male,42,15-40,mg/dL,0.5,0.6-1.3,mg/dL,15,7-20,mg/dL,136,135-145,mmol/L,3.5,3.5-5.1,mmol/L,101,>90,mL/min/1.73m²,High,Low,Normal,Normal,Normal,Normal
341,61,Female,29,15-40,mg/dL,1.1,0.6-1.3,mg/dL,10,7-20,mg/dL,142,135-145,mmol/L,4.5,3.5-5.1,mmol/L,116,>90,mL/min/1.73m²,Normal,Normal,Normal,Normal,Normal,Normal
342,38,Female,37,15-40,mg/dL,0.899999999999999,0.6-1.3,mg/dL,10,7-20,mg/dL,150,135-145,mmol/L,5,3.5-5.1,mmol/L,102,>90,mL/min/1.73m²,Normal,Normal,Normal,High,Normal,Normal
343,38,Male,46,15-40,mg/dL,0.5,0.6-1.3,mg/dL,10,7-20,mg/dL,138,135-145,mmol/L,4.2,3.5-5.1,mmol/L,106,>90,mL/min/1.73m²,High,Low,Normal,Normal,Normal,Normal
344,77,Male,35,15-40,mg/dL,0.8,0.6-1.3,mg/dL,8,7-20,mg/dL,135,135-145,mmol/L,4.1,3.5-5.1,mmol/L,98,>90,mL/min/1.73m²,Normal,Normal,Normal,Normal,Normal,Normal
345,42,Female,27,15-40,mg/dL,0.7,0.6-1.3,mg/dL,18,7-20,mg/dL,150,135-145,mmol/L,3.3,3.5-5.1,mmol/L,117,>90,mL/min/1.73m²,Normal,Normal,Normal,High,Low,Normal
346,73,Female,18,15-40,mg/dL,1.2,0.6-1.3,mg/dL,17,7-20,mg/dL,138,135-145,mmol/L,4.3,3.5-5.1,mmol/L,97,>90,mL/min/1.73m²,Normal,Normal,Normal,Normal,Normal,Normal
347,84,Female,41,15-40,mg/dL,0.899999999999999,0.6-1.3,mg/dL,19,7-20,mg/dL,141,135-145,mmol/L,4.4,3.5-5.1,mmol/L,117,>90,mL/min/1.73m²,High,Normal,Normal,Normal,Normal,Normal
348,31,Male,25,15-40,mg/dL,1,0.6-1.3,mg/dL,10,7-20,mg/dL,144,135-145,mmol/L,5,3.5-5.1,mmol/L,116,>90,mL/min/1.73m²,Normal,Normal,Normal,Normal,Normal,Normal
349,43,Female,19,15-40,mg/dL,0.5,0.6-1.3,mg/dL,8,7-20,mg/dL,147,135-145,mmol/L,3.5,3.5-5.1,mmol/L,105,>90,mL/min/1.73m²,Normal,Low,Normal,High,Normal,Normal
350,53,Female,36,15-40,mg/dL,1.1,0.6-1.3,mg/dL,14,7-20,mg/dL,150,135-145,mmol/L,3.5,3.5-5.1,mmol/L,110,>90,mL/min/1.73m²,Normal,Normal,Normal,High,Normal,Normal
351,72,Male,20,15-40,mg/dL,1,0.6-1.3,mg/dL,13,7-20,mg/dL,142,135-145,mmol/L,4.8,3.5-5.1,mmol/L,92,>90,mL/min/1.73m²,Normal,Normal,Normal,Normal,Normal,Normal
352,27,Female,49,15-40,mg/dL,0.899999999999999,0.6-1.3,mg/dL,30,7-20,mg/dL,139,135-145,mmol/L,3.3,3.5-5.1,mmol/L,64,>90,mL/min/1.73m²,High,Normal,High,Normal,Low,Mildly Reduced
353,37,Female,47,15-40,mg/dL,1.1,0.6-1.3,mg/dL,16,7-20,mg/dL,141,135-145,mmol/L,4.9,3.5-5.1,mmol/L,110,>90,mL/min/1.73m²,High,Normal,Normal,Normal,Normal,Normal
354,76,Female,37,15-40,mg/dL,0.6,0.6-1.3,mg/dL,8,7-20,mg/dL,150,135-145,mmol/L,5,3.5-5.1,mmol/L,114,>90,mL/min/1.73m²,Normal,Normal,Normal,High,Normal,Normal
355,24,Female,17,15-40,mg/dL,0.4,0.6-1.3,mg/dL,8,7-20,mg/dL,147,135-145,mmol/L,4.7,3.5-5.1,mmol/L,112,>90,mL/min/1.73m²,Normal,Low,Normal,High,Normal,Normal
356,45,Male,24,15-40,mg/dL,0.8,0.6-1.3,mg/dL,8,7-20,mg/dL,145,135-145,mmol/L,5,3.5-5.1,mmol/L,102,>90,mL/min/1.73m²,Normal,Normal,Normal,Normal,Normal,Normal
357,49,Female,38,15-40,mg/dL,0.5,0.6-1.3,mg/dL,7,7-20,mg/dL,144,135-145,mmol/L,4.8,3.5-5.1,mmol/L,107,>90,mL/min/1.73m²,Normal,Low,Normal,Normal,Normal,Normal
358,73,Female,16,15-40,mg/dL,1.1,0.6-1.3,mg/dL,19,7-20,mg/dL,140,135-145,mmol/L,3.6,3.5-5.1,mmol/L,110,>90,mL/min/1.73m²,Normal,Normal,Normal,Normal,Normal,Normal
359,32,Female,22,15-40,mg/dL,1.2,0.6-1.3,mg/dL,65,7-20,mg/dL,138,135-145,mmol/L,3.5,3.5-5.1,mmol/L,23,>90,mL/min/1.73m²,Normal,Normal,High,Normal,Normal,Severely Reduced
360,48,Female,50,15-40,mg/dL,0.6,0.6-1.3,mg/dL,12,7-20,mg/dL,147,135-145,mmol/L,3.7,3.5-5.1,mmol/L,103,>90,mL/min/1.73m²,High,Normal,Normal,High,Normal,Normal
361,22,Female,39,15-40,mg/dL,0.5,0.6-1.3,mg/dL,7,7-20,mg/dL,135,135-145,mmol/L,3.9,3.5-5.1,mmol/L,100,>90,mL/min/1.73m²,Normal,Low,Normal,Normal,Normal,Normal
362,77,Female,16,15-40,mg/dL,0.7,0.6-1.3,mg/dL,17,7-20,mg/dL,138,135-145,mmol/L,3.5,3.5-5.1,mmol/L,118,>90,mL/min/1.73m²,Normal,Normal,Normal,Normal,Normal,Normal
363,21,Male,19,15-40,mg/dL,1.1,0.6-1.3,mg/dL,7,7-20,mg/dL,144,135-145,mmol/L,5,3.5-5.1,mmol/L,107,>90,mL/min/1.73m²,Normal,Normal,Normal,Normal,Normal,Normal
364,47,Male,40,15-40,mg/dL,0.5,0.6-1.3,mg/dL,12,7-20,mg/dL,141,135-145,mmol/L,4.5,3.5-5.1,mmol/L,97,>90,mL/min/1.73m²,Normal,Low,Normal,Normal,Normal,Normal
365,21,Male,44,15-40,mg/dL,0.7,0.6-1.3,mg/dL,70,7-20,mg/dL,137,135-145,mmol/L,3.5,3.5-5.1,mmol/L,26,>90,mL/min/1.73m²,High,Normal,High,Normal,Normal,Severely Reduced
366,26,Female,46,15-40,mg/dL,1,0.6-1.3,mg/dL,12,7-20,mg/dL,145,135-145,mmol/L,3.5,3.5-5.1,mmol/L,108,>90,mL/min/1.73m²,High,Normal,Normal,Normal,Normal,Normal
367,45,Female,15,15-40,mg/dL,0.5,0.6-1.3,mg/dL,79,7-20,mg/dL,141,135-145,mmol/L,3.6,3.5-5.1,mmol/L,18,>90,mL/min/1.73m²,Normal,Low,High,Normal,Normal,Severely Reduced
368,35,Female,41,15-40,mg/dL,1.1,0.6-1.3,mg/dL,37,7-20,mg/dL,139,135-145,mmol/L,3.8,3.5-5.1,mmol/L,31,>90,mL/min/1.73m²,High,Normal,High,Normal,Normal,Moderately Reduced
369,42,Male,42,15-40,mg/dL,0.7,0.6-1.3,mg/dL,15,7-20,mg/dL,146,135-145,mmol/L,5,3.5-5.1,mmol/L,98,>90,mL/min/1.73m²,High,Normal,Normal,High,Normal,Normal
370,59,Female,48,15-40,mg/dL,0.8,0.6-1.3,mg/dL,12,7-20,mg/dL,144,135-145,mmol/L,3.5,3.5-5.1,mmol/L,111,>90,mL/min/1.73m²,High,Normal,Normal,Normal,Normal,Normal
371,79,Male,42,15-40,mg/dL,1.2,0.6-1.3,mg/dL,7,7-20,mg/dL,139,135-145,mmol/L,3.7,3.5-5.1,mmol/L,98,>90,mL/min/1.73m²,High,Normal,Normal,Normal,Normal,Normal
372,51,Female,50,15-40,mg/dL,0.5,0.6-1.3,mg/dL,9,7-20,mg/dL,145,135-145,mmol/L,5,3.5-5.1,mmol/L,103,>90,mL/min/1.73m²,High,Low,Normal,Normal,Normal,Normal
373,34,Female,26,15-40,mg/dL,0.899999999999999,0.6-1.3,mg/dL,7,7-20,mg/dL,150,135-145,mmol/L,4.9,3.5-5.1,mmol/L,104,>90,mL/min/1.73m²,Normal,Normal,Normal,High,Normal,Normal
374,32,Male,38,15-40,mg/dL,1,0.6-1.3,mg/dL,9,7-20,mg/dL,142,135-145,mmol/L,3.6,3.5-5.1,mmol/L,100,>90,mL/min/1.73m²,Normal,Normal,Normal,Normal,Normal,Normal
375,24,Male,44,15-40,mg/dL,1.2,0.6-1.3,mg/dL,8,7-20,mg/dL,146,135-145,mmol/L,3.6,3.5-5.1,mmol/L,118,>90,mL/min/1.73m²,High,Normal,Normal,High,Normal,Normal
376,71,Male,41,15-40,mg/dL,0.5,0.6-1.3,mg/dL,11,7-20,mg/dL,143,135-145,mmol/L,4.5,3.5-5.1,mmol/L,102,>90,mL/min/1.73m²,High,Low,Normal,Normal,Normal,Normal
377,60,Male,16,15-40,mg/dL,1.1,0.6-1.3,mg/dL,34,7-20,mg/dL,147,135-145,mmol/L,3.5,3.5-5.1,mmol/L,83,>90,mL/min/1.73m²,Normal,Normal,High,High,Normal,Mildly Reduced
378,72,Male,27,15-40,mg/dL,0.7,0.6-1.3,mg/dL,9,7-20,mg/dL,145,135-145,mmol/L,4.8,3.5-5.1,mmol/L,117,>90,mL/min/1.73m²,Normal,Normal,Normal,Normal,Normal,Normal
379,69,Male,30.9896801902599,15-40,mg/dL,0.899999999999999,0.6-1.3,mg/dL,26,7-20,mg/dL,140,135-145,mmol/L,4.8,3.5-5.1,mmol/L,84,>90,mL/min/1.73m²,Normal,Normal,High,Normal,Normal,Mildly Reduced
380,34,Female,45,15-40,mg/dL,0.6,0.6-1.3,mg/dL,14,7-20,mg/dL,138,135-145,mmol/L,3.5,3.5-5.1,mmol/L,94,>90,mL/min/1.73m²,High,Normal,Normal,Normal,Normal,Normal
381,26,Male,23,15-40,mg/dL,1.1,0.6-1.3,mg/dL,13,7-20,mg/dL,139,135-145,mmol/L,3.5,3.5-5.1,mmol/L,95,>90,mL/min/1.73m²,Normal,Normal,Normal,Normal,Normal,Normal
382,59,Female,47,15-40,mg/dL,0.5,0.6-1.3,mg/dL,8,7-20,mg/dL,142,135-145,mmol/L,4.8,3.5-5.1,mmol/L,112,>90,mL/min/1.73m²,High,Low,Normal,Normal,Normal,Normal
383,47,Female,22,15-40,mg/dL,0.8,0.6-1.3,mg/dL,16,7-20,mg/dL,137,135-145,mmol/L,5,3.5-5.1,mmol/L,94,>90,mL/min/1.73m²,Normal,Normal,Normal,Normal,Normal,Normal
384,51,Female,46,15-40,mg/dL,0.7,0.6-1.3,mg/dL,57,7-20,mg/dL,141,135-145,mmol/L,4.9,3.5-5.1,mmol/L,30,>90,mL/min/1.73m²,High,Normal,High,Normal,Normal,Moderately Reduced
385,34,Female,18,15-40,mg/dL,1.1,0.6-1.3,mg/dL,16,7-20,mg/dL,150,135-145,mmol/L,4.7,3.5-5.1,mmol/L,114,>90,mL/min/1.73m²,Normal,Normal,Normal,High,Normal,Normal
386,84,Female,25,15-40,mg/dL,0.6,0.6-1.3,mg/dL,22,7-20,mg/dL,146,135-145,mmol/L,4.9,3.5-5.1,mmol/L,77,>90,mL/min/1.73m²,Normal,Normal,High,High,Normal,Mildly Reduced
387,23,Male,47,15-40,mg/dL,0.5,0.6-1.3,mg/dL,13,7-20,mg/dL,142,135-145,mmol/L,3.5,3.5-5.1,mmol/L,112,>90,mL/min/1.73m²,High,Low,Normal,Normal,Normal,Normal
388,30,Male,17,15-40,mg/dL,0.899999999999999,0.6-1.3,mg/dL,7,7-20,mg/dL,136,135-145,mmol/L,3.9,3.5-5.1,mmol/L,117,>90,mL/min/1.73m²,Normal,Normal,Normal,Normal,Normal,Normal
389,45,Male,15,15-40,mg/dL,1.2,0.6-1.3,mg/dL,21,7-20,mg/dL,144,135-145,mmol/L,3.7,3.5-5.1,mmol/L,83,>90,mL/min/1.73m²,Normal,Normal,High,Normal,Normal,Mildly Reduced
390,80,Female,48,15-40,mg/dL,0.7,0.6-1.3,mg/dL,31,7-20,mg/dL,140,135-145,mmol/L,5,3.5-5.1,mmol/L,67,>90,mL/min/1.73m²,High,Normal,High,Normal,Normal,Mildly Reduced
391,56,Male,25,15-40,mg/dL,0.8,0.6-1.3,mg/dL,147,7-20,mg/dL,135,135-145,mmol/L,3.7,3.5-5.1,mmol/L,5,>90,mL/min/1.73m²,Normal,Normal,High,Normal,Normal,Kidney Failure
392,42,Female,16,15-40,mg/dL,1.1,0.6-1.3,mg/dL,7,7-20,mg/dL,142,135-145,mmol/L,4.1,3.5-5.1,mmol/L,115,>90,mL/min/1.73m²,Normal,Normal,Normal,Normal,Normal,Normal
393,59,Female,48,15-40,mg/dL,1.2,0.6-1.3,mg/dL,15,7-20,mg/dL,147,135-145,mmol/L,4.3,3.5-5.1,mmol/L,112,>90,mL/min/1.73m²,High,Normal,Normal,High,Normal,Normal
394,42,Female,45,15-40,mg/dL,0.7,0.6-1.3,mg/dL,32,7-20,mg/dL,141,135-145,mmol/L,4.4,3.5-5.1,mmol/L,84,>90,mL/min/1.73m²,High,Normal,High,Normal,Normal,Mildly Reduced
395,35,Female,46,15-40,mg/dL,0.8,0.6-1.3,mg/dL,19,7-20,mg/dL,139,135-145,mmol/L,5,3.5-5.1,mmol/L,100,>90,mL/min/1.73m²,High,Normal,Normal,Normal,Normal,Normal
396,80,Male,49,15-40,mg/dL,0.5,0.6-1.3,mg/dL,49,7-20,mg/dL,150,135-145,mmol/L,4.9,3.5-5.1,mmol/L,59,>90,mL/min/1.73m²,High,Low,High,High,Normal,Moderately Reduced
397,50,Male,31,15-40,mg/dL,1.2,0.6-1.3,mg/dL,21,7-20,mg/dL,141,135-145,mmol/L,3.5,3.5-5.1,mmol/L,89,>90,mL/min/1.73m²,Normal,Normal,High,Normal,Normal,Mildly Reduced
398,72,Male,26,15-40,mg/dL,0.6,0.6-1.3,mg/dL,8,7-20,mg/dL,137,135-145,mmol/L,4.4,3.5-5.1,mmol/L,100,>90,mL/min/1.73m²,Normal,Normal,Normal,Normal,Normal,Normal
399,44,Male,50,15-40,mg/dL,1,0.6-1.3,mg/dL,25,7-20,mg/dL,135,135-145,mmol/L,4.9,3.5-5.1,mmol/L,62,>90,mL/min/1.73m²,High,Normal,High,Normal,Normal,Mildly Reduced
400,63,Male,18,15-40,mg/dL,1.1,0.6-1.3,mg/dL,26,7-20,mg/dL,141,135-145,mmol/L,3.5,3.5-5.1,mmol/L,67,>90,mL/min/1.73m²,Normal,Normal,High,Normal,Normal,Mildly Reduced
401,31,Female,36,15-40,mg/dL,1.2,0.6-1.3,mg/dL,19,7-20,mg/dL,136,135-145,mmol/L,4.7,3.5-5.1,mmol/L,97,>90,mL/min/1.73m²,Normal,Normal,Normal,Normal,Normal,Normal
402,28,Male,18,15-40,mg/dL,0.8,0.6-1.3,mg/dL,52,7-20,mg/dL,140,135-145,mmol/L,4,3.5-5.1,mmol/L,54,>90,mL/min/1.73m²,Normal,Normal,High,Normal,Normal,Moderately Reduced
403,31,Female,53,15-40,mg/dL,1.8,0.6-1.3,mg/dL,10,7-20,mg/dL,135,135-145,mmol/L,4.8,3.5-5.1,mmol/L,113,>90,mL/min/1.73m²,High,High,Normal,Normal,Normal,Normal
404,73,Female,56,15-40,mg/dL,3.80000000000001,0.6-1.3,mg/dL,22,7-20,mg/dL,111,135-145,mmol/L,2.5,3.5-5.1,mmol/L,80,>90,mL/min/1.73m²,High,High,High,Low,Low,Mildly Reduced
405,73,Female,26,15-40,mg/dL,1.4,0.6-1.3,mg/dL,19,7-20,mg/dL,140,135-145,mmol/L,4,3.5-5.1,mmol/L,110,>90,mL/min/1.73m²,Normal,High,Normal,Normal,Normal,Normal
406,47,Male,25,15-40,mg/dL,1.1,0.6-1.3,mg/dL,39,7-20,mg/dL,142,135-145,mmol/L,3.2,3.5-5.1,mmol/L,32,>90,mL/min/1.73m²,Normal,Normal,High,Normal,Low,Moderately Reduced
407,75,Female,54,15-40,mg/dL,24.0000000000001,0.6-1.3,mg/dL,15,7-20,mg/dL,104,135-145,mmol/L,4,3.5-5.1,mmol/L,117,>90,mL/min/1.73m²,High,High,Normal,Low,Normal,Normal
408,77,Female,31,15-40,mg/dL,1.1,0.6-1.3,mg/dL,8,7-20,mg/dL,138,135-145,mmol/L,4.2,3.5-5.1,mmol/L,111,>90,mL/min/1.73m²,Normal,Normal,Normal,Normal,Normal,Normal
409,61,Male,60,15-40,mg/dL,1.9,0.6-1.3,mg/dL,47,7-20,mg/dL,135,135-145,mmol/L,5,3.5-5.1,mmol/L,39,>90,mL/min/1.73m²,High,High,High,Normal,Normal,Moderately Reduced
410,57,Female,107,15-40,mg/dL,7.2,0.6-1.3,mg/dL,11,7-20,mg/dL,114,135-145,mmol/L,3.7,3.5-5.1,mmol/L,108,>90,mL/min/1.73m²,High,High,Normal,Low,Normal,Normal
411,72,Female,55,15-40,mg/dL,4,0.6-1.3,mg/dL,14,7-20,mg/dL,135,135-145,mmol/L,5,3.5-5.1,mmol/L,103,>90,mL/min/1.73m²,High,High,Normal,Normal,Normal,Normal
412,52,Female,60,15-40,mg/dL,2.7,0.6-1.3,mg/dL,81,7-20,mg/dL,131,135-145,mmol/L,4.2,3.5-5.1,mmol/L,16,>90,mL/min/1.73m²,High,High,High,Low,Normal,Severely Reduced
413,75,Male,72,15-40,mg/dL,2.1,0.6-1.3,mg/dL,79,7-20,mg/dL,138,135-145,mmol/L,5.8,3.5-5.1,mmol/L,21,>90,mL/min/1.73m²,High,High,High,Normal,High,Severely Reduced
414,70,Female,86,15-40,mg/dL,4.6,0.6-1.3,mg/dL,16,7-20,mg/dL,135,135-145,mmol/L,3.4,3.5-5.1,mmol/L,115,>90,mL/min/1.73m²,High,High,Normal,Normal,Low,Normal
415,62,Female,90,15-40,mg/dL,4.1,0.6-1.3,mg/dL,14,7-20,mg/dL,130,135-145,mmol/L,6.4,3.5-5.1,mmol/L,92,>90,mL/min/1.73m²,High,High,Normal,Low,High,Normal
416,34,Male,162,15-40,mg/dL,9.6,0.6-1.3,mg/dL,9,7-20,mg/dL,141,135-145,mmol/L,4.9,3.5-5.1,mmol/L,118,>90,mL/min/1.73m²,High,High,Normal,Normal,Normal,Normal
417,57,Male,46,15-40,mg/dL,2.2,0.6-1.3,mg/dL,10,7-20,mg/dL,138,135-145,mmol/L,4.1,3.5-5.1,mmol/L,109,>90,mL/min/1.73m²,High,High,Normal,Normal,Normal,Normal
418,34,Female,87,15-40,mg/dL,5.2,0.6-1.3,mg/dL,17,7-20,mg/dL,139,135-145,mmol/L,3.7,3.5-5.1,mmol/L,103,>90,mL/min/1.73m²,High,High,Normal,Normal,Normal,Normal
419,24,Male,27,15-40,mg/dL,1.3,0.6-1.3,mg/dL,15,7-20,mg/dL,135,135-145,mmol/L,4.3,3.5-5.1,mmol/L,100,>90,mL/min/1.73m²,Normal,Normal,Normal,Normal,Normal,Normal
420,73,Male,31,15-40,mg/dL,1.6,0.6-1.3,mg/dL,24,7-20,mg/dL,135,135-145,mmol/L,5,3.5-5.1,mmol/L,69,>90,mL/min/1.73m²,Normal,High,High,Normal,Normal,Mildly Reduced
421,70,Male,148,15-40,mg/dL,3.9,0.6-1.3,mg/dL,25,7-20,mg/dL,135,135-145,mmol/L,5.2,3.5-5.1,mmol/L,83,>90,mL/min/1.73m²,High,High,High,Normal,High,Mildly Reduced
422,29,Male,180,15-40,mg/dL,76,0.6-1.3,mg/dL,31,7-20,mg/dL,4.5,135-145,mmol/L,4.9,3.5-5.1,mmol/L,73,>90,mL/min/1.73m²,High,High,High,Low,Normal,Mildly Reduced
423,31,Male,163,15-40,mg/dL,7.7,0.6-1.3,mg/dL,17,7-20,mg/dL,136,135-145,mmol/L,3.8,3.5-5.1,mmol/L,90,>90,mL/min/1.73m²,High,High,Normal,Normal,Normal,Normal
424,23,Male,38,15-40,mg/dL,1.91076754393545,0.6-1.3,mg/dL,8,7-20,mg/dL,135,135-145,mmol/L,4.3,3.5-5.1,mmol/L,105,>90,mL/min/1.73m²,Normal,High,Normal,Normal,Normal,Normal
425,37,Male,50,15-40,mg/dL,1.4,0.6-1.3,mg/dL,15,7-20,mg/dL,129,135-145,mmol/L,4,3.5-5.1,mmol/L,114,>90,mL/min/1.73m²,High,High,Normal,Low,Normal,Normal
426,55,Female,75,15-40,mg/dL,1.9,0.6-1.3,mg/dL,14,7-20,mg/dL,141,135-145,mmol/L,5.2,3.5-5.1,mmol/L,119,>90,mL/min/1.73m²,High,High,Normal,Normal,High,Normal
427,44,Male,45,15-40,mg/dL,2.4,0.6-1.3,mg/dL,13,7-20,mg/dL,140,135-145,mmol/L,3.4,3.5-5.1,mmol/L,95,>90,mL/min/1.73m²,High,High,Normal,Normal,Low,Normal
428,55,Male,87,15-40,mg/dL,2.7,0.6-1.3,mg/dL,59,7-20,mg/dL,130,135-145,mmol/L,4,3.5-5.1,mmol/L,47,>90,mL/min/1.73m²,High,High,High,Low,Normal,Moderately Reduced
429,28,Male,31,15-40,mg/dL,1.4,0.6-1.3,mg/dL,11,7-20,mg/dL,135,135-145,mmol/L,4.5,3.5-5.1,mmol/L,105,>90,mL/min/1.73m²,Normal,High,Normal,Normal,Normal,Normal
430,80,Female,28,15-40,mg/dL,1.4,0.6-1.3,mg/dL,11,7-20,mg/dL,139,135-145,mmol/L,4,3.5-5.1,mmol/L,108,>90,mL/min/1.73m²,Normal,High,Normal,Normal,Normal,Normal
431,72,Male,155,15-40,mg/dL,7.3,0.6-1.3,mg/dL,17,7-20,mg/dL,132,135-145,mmol/L,4.9,3.5-5.1,mmol/L,105,>90,mL/min/1.73m²,High,High,Normal,Low,Normal,Normal
432,37,Male,33,15-40,mg/dL,1.5,0.6-1.3,mg/dL,30,7-20,mg/dL,141,135-145,mmol/L,4.6,3.5-5.1,mmol/L,64,>90,mL/min/1.73m²,Normal,High,High,Normal,Normal,Mildly Reduced
433,62,Female,39,15-40,mg/dL,1.5,0.6-1.3,mg/dL,15,7-20,mg/dL,133,135-145,mmol/L,4.9,3.5-5.1,mmol/L,116,>90,mL/min/1.73m²,Normal,High,Normal,Low,Normal,Normal
434,54,Male,55,15-40,mg/dL,2.5,0.6-1.3,mg/dL,17,7-20,mg/dL,136,135-145,mmol/L,4.2,3.5-5.1,mmol/L,101,>90,mL/min/1.73m²,High,High,Normal,Normal,Normal,Normal
435,82,Female,153,15-40,mg/dL,5.2,0.6-1.3,mg/dL,11,7-20,mg/dL,137,135-145,mmol/L,4.8,3.5-5.1,mmol/L,95,>90,mL/min/1.73m²,High,High,Normal,Normal,Normal,Normal
436,23,Female,39,15-40,mg/dL,2,0.6-1.3,mg/dL,15,7-20,mg/dL,136,135-145,mmol/L,4.8,3.5-5.1,mmol/L,114,>90,mL/min/1.73m²,Normal,High,Normal,Normal,Normal,Normal
437,60,Male,29,15-40,mg/dL,1.8,0.6-1.3,mg/dL,7,7-20,mg/dL,133,135-145,mmol/L,3.9,3.5-5.1,mmol/L,91,>90,mL/min/1.73m²,Normal,High,Normal,Low,Normal,Normal
438,64,Female,65,15-40,mg/dL,3.4,0.6-1.3,mg/dL,34,7-20,mg/dL,141,135-145,mmol/L,4.7,3.5-5.1,mmol/L,75,>90,mL/min/1.73m²,High,High,High,Normal,Normal,Mildly Reduced
439,69,Male,103,15-40,mg/dL,4.1,0.6-1.3,mg/dL,16,7-20,mg/dL,132,135-145,mmol/L,5.9,3.5-5.1,mmol/L,110,>90,mL/min/1.73m²,High,High,Normal,Low,High,Normal
440,47,Male,70,15-40,mg/dL,3.4,0.6-1.3,mg/dL,16,7-20,mg/dL,136,135-145,mmol/L,4.2,3.5-5.1,mmol/L,112,>90,mL/min/1.73m²,High,High,Normal,Normal,Normal,Normal
441,61,Female,80,15-40,mg/dL,2.1,0.6-1.3,mg/dL,17,7-20,mg/dL,135,135-145,mmol/L,4.5,3.5-5.1,mmol/L,100,>90,mL/min/1.73m²,High,High,Normal,Normal,Normal,Normal
442,20,Female,20,15-40,mg/dL,0.7,0.6-1.3,mg/dL,129,7-20,mg/dL,137,135-145,mmol/L,3.9,3.5-5.1,mmol/L,11,>90,mL/min/1.73m²,Normal,Normal,High,Normal,Normal,Kidney Failure
443,58,Male,29,15-40,mg/dL,1,0.6-1.3,mg/dL,9,7-20,mg/dL,139,135-145,mmol/L,4.2,3.5-5.1,mmol/L,109,>90,mL/min/1.73m²,Normal,Normal,Normal,Normal,Normal,Normal
444,36,Male,202,15-40,mg/dL,10.8,0.6-1.3,mg/dL,19,7-20,mg/dL,134,135-145,mmol/L,3.4,3.5-5.1,mmol/L,108,>90,mL/min/1.73m²,High,High,Normal,Low,Low,Normal
445,54,Female,77,15-40,mg/dL,6.3,0.6-1.3,mg/dL,27,7-20,mg/dL,134,135-145,mmol/L,4.8,3.5-5.1,mmol/L,88,>90,mL/min/1.73m²,High,High,High,Low,Normal,Mildly Reduced
446,65,Male,89,15-40,mg/dL,5.90000000000001,0.6-1.3,mg/dL,64,7-20,mg/dL,130,135-145,mmol/L,4.9,3.5-5.1,mmol/L,22,>90,mL/min/1.73m²,High,High,High,Low,Normal,Severely Reduced
447,61,Male,24,15-40,mg/dL,1.2,0.6-1.3,mg/dL,139,7-20,mg/dL,142,135-145,mmol/L,4.2,3.5-5.1,mmol/L,6,>90,mL/min/1.73m²,Normal,Normal,High,Normal,Normal,Kidney Failure
448,58,Male,17,15-40,mg/dL,0.8,0.6-1.3,mg/dL,28,7-20,mg/dL,140,135-145,mmol/L,4,3.5-5.1,mmol/L,64,>90,mL/min/1.73m²,Normal,Normal,High,Normal,Normal,Mildly Reduced
449,68,Female,32,15-40,mg/dL,0.899999999999999,0.6-1.3,mg/dL,10,7-20,mg/dL,125,135-145,mmol/L,4,3.5-5.1,mmol/L,101,>90,mL/min/1.73m²,Normal,Normal,Normal,Low,Normal,Normal
450,81,Male,72,15-40,mg/dL,3,0.6-1.3,mg/dL,13,7-20,mg/dL,132,135-145,mmol/L,4.32030155424421,3.5-5.1,mmol/L,99,>90,mL/min/1.73m²,High,High,Normal,Low,Normal,Normal
451,57,Male,114,15-40,mg/dL,3.25,0.6-1.3,mg/dL,31,7-20,mg/dL,142,135-145,mmol/L,4.3,3.5-5.1,mmol/L,74,>90,mL/min/1.73m²,High,High,High,Normal,Normal,Mildly Reduced
452,42,Male,66,15-40,mg/dL,1.6,0.6-1.3,mg/dL,14,7-20,mg/dL,136,135-145,mmol/L,4.4,3.5-5.1,mmol/L,94,>90,mL/min/1.73m²,High,High,Normal,Normal,Normal,Normal
453,41,Female,38,15-40,mg/dL,2.2,0.6-1.3,mg/dL,13,7-20,mg/dL,135,135-145,mmol/L,4.4,3.5-5.1,mmol/L,106,>90,mL/min/1.73m²,Normal,High,Normal,Normal,Normal,Normal
454,23,Female,24,15-40,mg/dL,1,0.6-1.3,mg/dL,45,7-20,mg/dL,136,135-145,mmol/L,4.7,3.5-5.1,mmol/L,52,>90,mL/min/1.73m²,Normal,Normal,High,Normal,Normal,Moderately Reduced
455,68,Female,49,15-40,mg/dL,3.4,0.6-1.3,mg/dL,12,7-20,mg/dL,136,135-145,mmol/L,4.2,3.5-5.1,mmol/L,93,>90,mL/min/1.73m²,High,High,Normal,Normal,Normal,Normal
456,78,Male,18,15-40,mg/dL,1.00597441785769,0.6-1.3,mg/dL,18,7-20,mg/dL,139,135-145,mmol/L,4,3.5-5.1,mmol/L,115,>90,mL/min/1.73m²,Normal,Normal,Normal,Normal,Normal,Normal
457,21,Female,164,15-40,mg/dL,9.7,0.6-1.3,mg/dL,13,7-20,mg/dL,131,135-145,mmol/L,4.4,3.5-5.1,mmol/L,101,>90,mL/min/1.73m²,High,High,Normal,Low,Normal,Normal
458,68,Male,155,15-40,mg/dL,7.3,0.6-1.3,mg/dL,10,7-20,mg/dL,132,135-145,mmol/L,4.9,3.5-5.1,mmol/L,107,>90,mL/min/1.73m²,High,High,Normal,Low,Normal,Normal
459,50,Female,142,15-40,mg/dL,4.6,0.6-1.3,mg/dL,16,7-20,mg/dL,138,135-145,mmol/L,5.8,3.5-5.1,mmol/L,97,>90,mL/min/1.73m²,High,High,Normal,Normal,High,Normal
460,59,Male,96,15-40,mg/dL,6.40000000000001,0.6-1.3,mg/dL,7,7-20,mg/dL,135,135-145,mmol/L,6.45262151711935,3.5-5.1,mmol/L,109,>90,mL/min/1.73m²,High,High,Normal,Normal,High,Normal
461,67,Female,66,15-40,mg/dL,3.2,0.6-1.3,mg/dL,11,7-20,mg/dL,138,135-145,mmol/L,6.60000000000001,3.5-5.1,mmol/L,106,>90,mL/min/1.73m²,High,High,Normal,Normal,High,Normal
462,70,Male,391,15-40,mg/dL,32,0.6-1.3,mg/dL,14,7-20,mg/dL,163,135-145,mmol/L,39,3.5-5.1,mmol/L,97,>90,mL/min/1.73m²,High,High,Normal,High,High,Normal
463,62,Male,15,15-40,mg/dL,0.6,0.6-1.3,mg/dL,16,7-20,mg/dL,138,135-145,mmol/L,4,3.5-5.1,mmol/L,102,>90,mL/min/1.73m²,Normal,Normal,Normal,Normal,Normal,Normal
464,74,Female,111,15-40,mg/dL,6.1,0.6-1.3,mg/dL,12,7-20,mg/dL,131,135-145,mmol/L,3.7,3.5-5.1,mmol/L,116,>90,mL/min/1.73m²,High,High,Normal,Low,Normal,Normal
465,68,Male,30.9940494661473,15-40,mg/dL,2.2,0.6-1.3,mg/dL,80,7-20,mg/dL,139,135-145,mmol/L,4,3.5-5.1,mmol/L,21,>90,mL/min/1.73m²,Normal,High,High,Normal,Normal,Severely Reduced
466,76,Female,20,15-40,mg/dL,1.1,0.6-1.3,mg/dL,8,7-20,mg/dL,139.896791057883,135-145,mmol/L,4.1,3.5-5.1,mmol/L,92,>90,mL/min/1.73m²,Normal,Normal,Normal,Normal,Normal,Normal
467,34,Female,55,15-40,mg/dL,1.6,0.6-1.3,mg/dL,16,7-20,mg/dL,131,135-145,mmol/L,4.8,3.5-5.1,mmol/L,92,>90,mL/min/1.73m²,High,High,Normal,Low,Normal,Normal
468,46,Male,40,15-40,mg/dL,2.7,0.6-1.3,mg/dL,31,7-20,mg/dL,140,135-145,mmol/L,4,3.5-5.1,mmol/L,66,>90,mL/min/1.73m²,Normal,High,High,Normal,Normal,Mildly Reduced
469,83,Male,73,15-40,mg/dL,3.3,0.6-1.3,mg/dL,11,7-20,mg/dL,137,135-145,mmol/L,4.3,3.5-5.1,mmol/L,107,>90,mL/min/1.73m²,High,High,Normal,Normal,Normal,Normal
470,49,Female,20,15-40,mg/dL,1.1,0.6-1.3,mg/dL,69,7-20,mg/dL,135,135-145,mmol/L,4.5,3.5-5.1,mmol/L,19,>90,mL/min/1.73m²,Normal,Normal,High,Normal,Normal,Severely Reduced
471,55,Female,19,15-40,mg/dL,0.7,0.6-1.3,mg/dL,18,7-20,mg/dL,137,135-145,mmol/L,4.4,3.5-5.1,mmol/L,96,>90,mL/min/1.73m²,Normal,Normal,Normal,Normal,Normal,Normal
472,68,Female,92,15-40,mg/dL,3.3,0.6-1.3,mg/dL,62,7-20,mg/dL,141,135-145,mmol/L,4,3.5-5.1,mmol/L,20,>90,mL/min/1.73m²,High,High,High,Normal,Normal,Severely Reduced
473,74,Male,35,15-40,mg/dL,1.3,0.6-1.3,mg/dL,19,7-20,mg/dL,136,135-145,mmol/L,4.1,3.5-5.1,mmol/L,115,>90,mL/min/1.73m²,Normal,Normal,Normal,Normal,Normal,Normal
474,75,Female,107,15-40,mg/dL,6.7,0.6-1.3,mg/dL,50,7-20,mg/dL,132,135-145,mmol/L,4.4,3.5-5.1,mmol/L,52,>90,mL/min/1.73m²,High,High,High,Low,Normal,Moderately Reduced
475,63,Male,107,15-40,mg/dL,6.7,0.6-1.3,mg/dL,8,7-20,mg/dL,131,135-145,mmol/L,4.8,3.5-5.1,mmol/L,91,>90,mL/min/1.73m²,High,High,Normal,Low,Normal,Normal
476,50,Male,16,15-40,mg/dL,0.7,0.6-1.3,mg/dL,124,7-20,mg/dL,138,135-145,mmol/L,3.2,3.5-5.1,mmol/L,11,>90,mL/min/1.73m²,Normal,Normal,High,Normal,Low,Kidney Failure
477,77,Female,139,15-40,mg/dL,8.5,0.6-1.3,mg/dL,10,7-20,mg/dL,132,135-145,mmol/L,5.5,3.5-5.1,mmol/L,91,>90,mL/min/1.73m²,High,High,Normal,Low,High,Normal
478,72,Female,48,15-40,mg/dL,3.2,0.6-1.3,mg/dL,8,7-20,mg/dL,137,135-145,mmol/L,5,3.5-5.1,mmol/L,96,>90,mL/min/1.73m²,High,High,Normal,Normal,Normal,Normal
479,42,Male,85,15-40,mg/dL,3.2,0.6-1.3,mg/dL,89,7-20,mg/dL,141,135-145,mmol/L,3.5,3.5-5.1,mmol/L,28,>90,mL/min/1.73m²,High,High,High,Normal,Normal,Severely Reduced
480,47,Male,55,15-40,mg/dL,1.8,0.6-1.3,mg/dL,10,7-20,mg/dL,135,135-145,mmol/L,4.7,3.5-5.1,mmol/L,104,>90,mL/min/1.73m²,High,High,Normal,Normal,Normal,Normal
481,35,Male,98,15-40,mg/dL,2.8,0.6-1.3,mg/dL,10,7-20,mg/dL,133,135-145,mmol/L,5,3.5-5.1,mmol/L,105,>90,mL/min/1.73m²,High,High,Normal,Low,Normal,Normal
482,56,Male,45,15-40,mg/dL,2.4,0.6-1.3,mg/dL,12,7-20,mg/dL,128,135-145,mmol/L,4.4,3.5-5.1,mmol/L,113,>90,mL/min/1.73m²,High,High,Normal,Low,Normal,Normal
483,40,Female,77,15-40,mg/dL,1.9,0.6-1.3,mg/dL,18,7-20,mg/dL,140,135-145,mmol/L,3.9,3.5-5.1,mmol/L,115,>90,mL/min/1.73m²,High,High,Normal,Normal,Normal,Normal
484,36,Male,19,15-40,mg/dL,1,0.6-1.3,mg/dL,11,7-20,mg/dL,134,135-145,mmol/L,3.6,3.5-5.1,mmol/L,97,>90,mL/min/1.73m²,Normal,Normal,Normal,Low,Normal,Normal
485,56,Female,186,15-40,mg/dL,15,0.6-1.3,mg/dL,13,7-20,mg/dL,135,135-145,mmol/L,7.59999999999978,3.5-5.1,mmol/L,105,>90,mL/min/1.73m²,High,High,Normal,Normal,High,Normal
486,38,Female,46,15-40,mg/dL,1.5,0.6-1.3,mg/dL,45,7-20,mg/dL,134.022421116166,135-145,mmol/L,4.5,3.5-5.1,mmol/L,50,>90,mL/min/1.73m²,High,High,High,Low,Normal,Moderately Reduced
487,49,Female,37,15-40,mg/dL,1.9,0.6-1.3,mg/dL,13,7-20,mg/dL,136,135-145,mmol/L,4.3,3.5-5.1,mmol/L,96,>90,mL/min/1.73m²,Normal,High,Normal,Normal,Normal,Normal
488,64,Male,47,15-40,mg/dL,2.9,0.6-1.3,mg/dL,9,7-20,mg/dL,132.112320739248,135-145,mmol/L,4.2,3.5-5.1,mmol/L,100,>90,mL/min/1.73m²,High,High,Normal,Low,Normal,Normal
489,37,Male,52,15-40,mg/dL,2.2,0.6-1.3,mg/dL,68,7-20,mg/dL,137.98708181916,135-145,mmol/L,4.8,3.5-5.1,mmol/L,22,>90,mL/min/1.73m²,High,High,High,Normal,Normal,Severely Reduced
490,81,Female,32,15-40,mg/dL,1.4,0.6-1.3,mg/dL,41,7-20,mg/dL,139,135-145,mmol/L,4.7,3.5-5.1,mmol/L,33,>90,mL/min/1.73m²,Normal,High,High,Normal,Normal,Moderately Reduced
491,55,Female,35,15-40,mg/dL,3.2,0.6-1.3,mg/dL,13,7-20,mg/dL,143,135-145,mmol/L,3.5,3.5-5.1,mmol/L,107,>90,mL/min/1.73m²,Normal,High,Normal,Normal,Normal,Normal
492,71,Female,26,15-40,mg/dL,1.7,0.6-1.3,mg/dL,8,7-20,mg/dL,136,135-145,mmol/L,3.8,3.5-5.1,mmol/L,112,>90,mL/min/1.73m²,Normal,High,Normal,Normal,Normal,Normal
493,38,Female,82,15-40,mg/dL,3.6,0.6-1.3,mg/dL,18,7-20,mg/dL,133,135-145,mmol/L,4.4,3.5-5.1,mmol/L,102,>90,mL/min/1.73m²,High,High,Normal,Low,Normal,Normal
494,63,Male,90,15-40,mg/dL,5.6,0.6-1.3,mg/dL,16,7-20,mg/dL,140,135-145,mmol/L,2.9,3.5-5.1,mmol/L,106,>90,mL/min/1.73m²,High,High,Normal,Normal,Low,Normal
495,26,Female,66,15-40,mg/dL,1.6,0.6-1.3,mg/dL,9,7-20,mg/dL,137,135-145,mmol/L,4.5,3.5-5.1,mmol/L,101,>90,mL/min/1.73m²,High,High,Normal,Normal,Normal,Normal
496,63,Male,25,15-40,mg/dL,1.1,0.6-1.3,mg/dL,9,7-20,mg/dL,131,135-145,mmol/L,3.7,3.5-5.1,mmol/L,107,>90,mL/min/1.73m²,Normal,Normal,Normal,Low,Normal,Normal
497,53,Male,32,15-40,mg/dL,2.7,0.6-1.3,mg/dL,18,7-20,mg/dL,135,135-145,mmol/L,4.7,3.5-5.1,mmol/L,99,>90,mL/min/1.73m²,Normal,High,Normal,Normal,Normal,Normal
498,74,Male,51,15-40,mg/dL,2.2,0.6-1.3,mg/dL,19,7-20,mg/dL,132,135-145,mmol/L,3.8,3.5-5.1,mmol/L,96,>90,mL/min/1.73m²,High,High,Normal,Low,Normal,Normal
499,29,Male,106,15-40,mg/dL,6.50000000000001,0.6-1.3,mg/dL,81,7-20,mg/dL,135,135-145,mmol/L,4.3,3.5-5.1,mmol/L,26,>90,mL/min/1.73m²,High,High,High,Normal,Normal,Severely Reduced
500,61,Female,24,15-40,mg/dL,1.2,0.6-1.3,mg/dL,109,7-20,mg/dL,139,135-145,mmol/L,3.9,3.5-5.1,mmol/L,14,>90,mL/min/1.73m²,Normal,Normal,High,Normal,Normal,Kidney Failure
501,60,Male,22,15-40,mg/dL,0.899999999999999,0.6-1.3,mg/dL,10,7-20,mg/dL,133,135-145,mmol/L,3.8,3.5-5.1,mmol/L,102,>90,mL/min/1.73m²,Normal,Normal,Normal,Low,Normal,Normal
502,29,Female,80,15-40,mg/dL,4.4,0.6-1.3,mg/dL,7,7-20,mg/dL,139,135-145,mmol/L,5.7,3.5-5.1,mmol/L,90,>90,mL/min/1.73m²,High,High,Normal,Normal,High,Normal
503,29,Male,32,15-40,mg/dL,2.1,0.6-1.3,mg/dL,12,7-20,mg/dL,141,135-145,mmol/L,4.2,3.5-5.1,mmol/L,96,>90,mL/min/1.73m²,Normal,High,Normal,Normal,Normal,Normal
504,79,Female,217,15-40,mg/dL,10.2,0.6-1.3,mg/dL,27,7-20,mg/dL,132,135-145,mmol/L,3.57187764552801,3.5-5.1,mmol/L,75,>90,mL/min/1.73m²,High,High,High,Low,Normal,Mildly Reduced
505,70,Female,88,15-40,mg/dL,2,0.6-1.3,mg/dL,14,7-20,mg/dL,135,135-145,mmol/L,4.8,3.5-5.1,mmol/L,105,>90,mL/min/1.73m²,High,High,Normal,Normal,Normal,Normal
506,40,Female,32,15-40,mg/dL,11.5,0.6-1.3,mg/dL,14,7-20,mg/dL,139,135-145,mmol/L,4,3.5-5.1,mmol/L,110,>90,mL/min/1.73m²,Normal,High,Normal,Normal,Normal,Normal
507,27,Female,118,15-40,mg/dL,6.1,0.6-1.3,mg/dL,55,7-20,mg/dL,127,135-145,mmol/L,4.4,3.5-5.1,mmol/L,45,>90,mL/min/1.73m²,High,High,High,Low,Normal,Moderately Reduced
508,84,Female,53,15-40,mg/dL,2.8,0.6-1.3,mg/dL,29,7-20,mg/dL,139,135-145,mmol/L,4.5,3.5-5.1,mmol/L,75,>90,mL/min/1.73m²,High,High,High,Normal,Normal,Mildly Reduced
509,49,Male,15,15-40,mg/dL,1,0.6-1.3,mg/dL,81,7-20,mg/dL,141,135-145,mmol/L,4.2,3.5-5.1,mmol/L,28,>90,mL/min/1.73m²,Normal,Normal,High,Normal,Normal,Severely Reduced
510,68,Female,50.1,15-40,mg/dL,1.9,0.6-1.3,mg/dL,11,7-20,mg/dL,135,135-145,mmol/L,4.28858583222799,3.5-5.1,mmol/L,100,>90,mL/min/1.73m²,High,High,Normal,Normal,Normal,Normal
511,28,Male,19,15-40,mg/dL,2,0.6-1.3,mg/dL,10,7-20,mg/dL,142,135-145,mmol/L,3.8,3.5-5.1,mmol/L,108,>90,mL/min/1.73m²,Normal,High,Normal,Normal,Normal,Normal
512,36,Female,71,15-40,mg/dL,4.4,0.6-1.3,mg/dL,18,7-20,mg/dL,128,135-145,mmol/L,5.4,3.5-5.1,mmol/L,100,>90,mL/min/1.73m²,High,High,Normal,Low,High,Normal
513,77,Male,34,15-40,mg/dL,1.2,0.6-1.3,mg/dL,54,7-20,mg/dL,140,135-145,mmol/L,3.5,3.5-5.1,mmol/L,31,>90,mL/min/1.73m²,Normal,Normal,High,Normal,Normal,Moderately Reduced
514,76,Male,46.9802894531938,15-40,mg/dL,2.2,0.6-1.3,mg/dL,23,7-20,mg/dL,136,135-145,mmol/L,4.3,3.5-5.1,mmol/L,66,>90,mL/min/1.73m²,High,High,High,Normal,Normal,Mildly Reduced
515,81,Male,51,15-40,mg/dL,1.8,0.6-1.3,mg/dL,10,7-20,mg/dL,140,135-145,mmol/L,4.4,3.5-5.1,mmol/L,98,>90,mL/min/1.73m²,High,High,Normal,Normal,Normal,Normal
516,71,Female,28,15-40,mg/dL,0.899999999999999,0.6-1.3,mg/dL,12,7-20,mg/dL,139,135-145,mmol/L,3.9,3.5-5.1,mmol/L,98,>90,mL/min/1.73m²,Normal,Normal,Normal,Normal,Normal,Normal
517,80,Male,16,15-40,mg/dL,0.5,0.6-1.3,mg/dL,12,7-20,mg/dL,137,135-145,mmol/L,4,3.5-5.1,mmol/L,103,>90,mL/min/1.73m²,Normal,Low,Normal,Normal,Normal,Normal
518,59,Female,36,15-40,mg/dL,1.3,0.6-1.3,mg/dL,24,7-20,mg/dL,139,135-145,mmol/L,3.7,3.5-5.1,mmol/L,85,>90,mL/min/1.73m²,Normal,Normal,High,Normal,Normal,Mildly Reduced
519,57,Female,25,15-40,mg/dL,1.2,0.6-1.3,mg/dL,117,7-20,mg/dL,136,135-145,mmol/L,4.2,3.5-5.1,mmol/L,14,>90,mL/min/1.73m²,Normal,Normal,High,Normal,Normal,Kidney Failure
520,62,Male,27,15-40,mg/dL,1.2,0.6-1.3,mg/dL,17,7-20,mg/dL,139,135-145,mmol/L,4,3.5-5.1,mmol/L,105,>90,mL/min/1.73m²,Normal,Normal,Normal,Normal,Normal,Normal
521,82,Male,40,15-40,mg/dL,2.2,0.6-1.3,mg/dL,17,7-20,mg/dL,137,135-145,mmol/L,5.3,3.5-5.1,mmol/L,113,>90,mL/min/1.73m²,Normal,High,Normal,Normal,High,Normal
522,38,Female,21,15-40,mg/dL,1.3,0.6-1.3,mg/dL,15,7-20,mg/dL,137,135-145,mmol/L,3.4,3.5-5.1,mmol/L,107,>90,mL/min/1.73m²,Normal,Normal,Normal,Normal,Low,Normal
523,69,Female,219,15-40,mg/dL,12.2,0.6-1.3,mg/dL,83,7-20,mg/dL,130,135-145,mmol/L,3.8,3.5-5.1,mmol/L,15,>90,mL/min/1.73m²,High,High,High,Low,Normal,Severely Reduced
524,52,Female,30,15-40,mg/dL,1.1,0.6-1.3,mg/dL,29,7-20,mg/dL,137,135-145,mmol/L,3.8,3.5-5.1,mmol/L,83,>90,mL/min/1.73m²,Normal,Normal,High,Normal,Normal,Mildly Reduced
525,32,Female,98,15-40,mg/dL,2.5,0.6-1.3,mg/dL,25,7-20,mg/dL,134.281490104886,135-145,mmol/L,4.13649828214961,3.5-5.1,mmol/L,61,>90,mL/min/1.73m²,High,High,High,Low,Normal,Mildly Reduced
526,81,Female,36,15-40,mg/dL,2.5,0.6-1.3,mg/dL,17,7-20,mg/dL,131,135-145,mmol/L,4.3,3.5-5.1,mmol/L,109,>90,mL/min/1.73m²,Normal,High,Normal,Low,Normal,Normal
527,62,Female,125,15-40,mg/dL,4,0.6-1.3,mg/dL,15,7-20,mg/dL,136,135-145,mmol/L,4.6,3.5-5.1,mmol/L,117,>90,mL/min/1.73m²,High,High,Normal,Normal,Normal,Normal
528,68,Male,125,15-40,mg/dL,5.3,0.6-1.3,mg/dL,11,7-20,mg/dL,136,135-145,mmol/L,4.9,3.5-5.1,mmol/L,93,>90,mL/min/1.73m²,High,High,Normal,Normal,Normal,Normal
529,55,Female,166,15-40,mg/dL,5.6,0.6-1.3,mg/dL,16,7-20,mg/dL,133,135-145,mmol/L,47,3.5-5.1,mmol/L,91,>90,mL/min/1.73m²,High,High,Normal,Low,High,Normal
530,29,Female,49,15-40,mg/dL,1.4,0.6-1.3,mg/dL,34,7-20,mg/dL,135,135-145,mmol/L,4.7,3.5-5.1,mmol/L,63,>90,mL/min/1.73m²,High,High,High,Normal,Normal,Mildly Reduced
531,25,Male,208,15-40,mg/dL,9.20000000000001,0.6-1.3,mg/dL,23,7-20,mg/dL,134,135-145,mmol/L,4.8,3.5-5.1,mmol/L,82,>90,mL/min/1.73m²,High,High,High,Low,Normal,Mildly Reduced
532,76,Male,25,15-40,mg/dL,0.6,0.6-1.3,mg/dL,103,7-20,mg/dL,139,135-145,mmol/L,4,3.5-5.1,mmol/L,10,>90,mL/min/1.73m²,Normal,Normal,High,Normal,Normal,Kidney Failure
533,20,Male,176,15-40,mg/dL,13.8,0.6-1.3,mg/dL,127,7-20,mg/dL,136,135-145,mmol/L,4.5,3.5-5.1,mmol/L,14,>90,mL/min/1.73m²,High,High,High,Normal,Normal,Kidney Failure
534,77,Female,125,15-40,mg/dL,5.3,0.6-1.3,mg/dL,10,7-20,mg/dL,136,135-145,mmol/L,4.9,3.5-5.1,mmol/L,111,>90,mL/min/1.73m²,High,High,Normal,Normal,Normal,Normal
535,40,Male,48,15-40,mg/dL,16.9,0.6-1.3,mg/dL,27,7-20,mg/dL,138,135-145,mmol/L,5.2,3.5-5.1,mmol/L,63,>90,mL/min/1.73m²,High,High,High,Normal,High,Mildly Reduced
536,75,Male,24,15-40,mg/dL,1.3,0.6-1.3,mg/dL,82,7-20,mg/dL,140,135-145,mmol/L,4,3.5-5.1,mmol/L,16,>90,mL/min/1.73m²,Normal,Normal,High,Normal,Normal,Severely Reduced
537,39,Female,68,15-40,mg/dL,2.8,0.6-1.3,mg/dL,24,7-20,mg/dL,146,135-145,mmol/L,6.3,3.5-5.1,mmol/L,64,>90,mL/min/1.73m²,High,High,High,High,High,Mildly Reduced
538,73,Female,86,15-40,mg/dL,4,0.6-1.3,mg/dL,16,7-20,mg/dL,134,135-145,mmol/L,5.1,3.5-5.1,mmol/L,100,>90,mL/min/1.73m²,High,High,Normal,Low,High,Normal
539,44,Female,51,15-40,mg/dL,1.6,0.6-1.3,mg/dL,12,7-20,mg/dL,142,135-145,mmol/L,3.5,3.5-5.1,mmol/L,102,>90,mL/min/1.73m²,High,High,Normal,Normal,Normal,Normal
540,47,Female,68,15-40,mg/dL,2.8,0.6-1.3,mg/dL,17,7-20,mg/dL,132,135-145,mmol/L,4.1,3.5-5.1,mmol/L,92,>90,mL/min/1.73m²,High,High,Normal,Low,Normal,Normal
541,24,Male,40,15-40,mg/dL,1.2,0.6-1.3,mg/dL,75,7-20,mg/dL,142,135-145,mmol/L,5.6,3.5-5.1,mmol/L,17,>90,mL/min/1.73m²,Normal,Normal,High,Normal,High,Severely Reduced
542,40,Female,106,15-40,mg/dL,6,0.6-1.3,mg/dL,13,7-20,mg/dL,137,135-145,mmol/L,4.9,3.5-5.1,mmol/L,109,>90,mL/min/1.73m²,High,High,Normal,Normal,Normal,Normal
543,37,Male,145,15-40,mg/dL,7.1,0.6-1.3,mg/dL,8,7-20,mg/dL,135,135-145,mmol/L,5.3,3.5-5.1,mmol/L,100,>90,mL/min/1.73m²,High,High,Normal,Normal,High,Normal
544,66,Female,165,15-40,mg/dL,18,0.6-1.3,mg/dL,15,7-20,mg/dL,135,135-145,mmol/L,4.7,3.5-5.1,mmol/L,100,>90,mL/min/1.73m²,High,High,Normal,Normal,Normal,Normal
545,76,Male,53,15-40,mg/dL,2.3,0.6-1.3,mg/dL,13,7-20,mg/dL,136,135-145,mmol/L,5.2,3.5-5.1,mmol/L,110,>90,mL/min/1.73m²,High,High,Normal,Normal,High,Normal
546,38,Female,322,15-40,mg/dL,13,0.6-1.3,mg/dL,14,7-20,mg/dL,126,135-145,mmol/L,4.8,3.5-5.1,mmol/L,116,>90,mL/min/1.73m²,High,High,Normal,Low,Normal,Normal
547,84,Female,23,15-40,mg/dL,1,0.6-1.3,mg/dL,11,7-20,mg/dL,139,135-145,mmol/L,4,3.5-5.1,mmol/L,91,>90,mL/min/1.73m²,Normal,Normal,Normal,Normal,Normal,Normal
548,22,Female,36,15-40,mg/dL,1.7,0.6-1.3,mg/dL,9,7-20,mg/dL,130,135-145,mmol/L,3,3.5-5.1,mmol/L,111,>90,mL/min/1.73m²,Normal,High,Normal,Low,Low,Normal
549,61,Male,26,15-40,mg/dL,48.0999999999997,0.6-1.3,mg/dL,8,7-20,mg/dL,137,135-145,mmol/L,3.90548081083365,3.5-5.1,mmol/L,104,>90,mL/min/1.73m²,Normal,High,Normal,Normal,Normal,Normal
550,40,Male,29,15-40,mg/dL,1,0.6-1.3,mg/dL,34,7-20,mg/dL,138,135-145,mmol/L,3.7,3.5-5.1,mmol/L,81,>90,mL/min/1.73m²,Normal,Normal,High,Normal,Normal,Mildly Reduced
551,59,Male,27,15-40,mg/dL,0.899999999999999,0.6-1.3,mg/dL,8,7-20,mg/dL,136,135-145,mmol/L,4.3,3.5-5.1,mmol/L,97,>90,mL/min/1.73m²,Normal,Normal,Normal,Normal,Normal,Normal
552,44,Female,46,15-40,mg/dL,1.7,0.6-1.3,mg/dL,22,7-20,mg/dL,141,135-145,mmol/L,5.5,3.5-5.1,mmol/L,61,>90,mL/min/1.73m²,High,High,High,Normal,High,Mildly Reduced
553,74,Male,20,15-40,mg/dL,0.8,0.6-1.3,mg/dL,7,7-20,mg/dL,133,135-145,mmol/L,3.5,3.5-5.1,mmol/L,97,>90,mL/min/1.73m²,Normal,Normal,Normal,Low,Normal,Normal
554,71,Female,235,15-40,mg/dL,14.2,0.6-1.3,mg/dL,7,7-20,mg/dL,132,135-145,mmol/L,3.4,3.5-5.1,mmol/L,113,>90,mL/min/1.73m²,High,High,Normal,Low,Low,Normal
555,63,Female,132,15-40,mg/dL,16.4,0.6-1.3,mg/dL,41,7-20,mg/dL,140,135-145,mmol/L,4.2,3.5-5.1,mmol/L,49,>90,mL/min/1.73m²,High,High,High,Normal,Normal,Moderately Reduced
556,75,Female,40,15-40,mg/dL,1.8,0.6-1.3,mg/dL,16,7-20,mg/dL,139,135-145,mmol/L,4.49681808759923,3.5-5.1,mmol/L,112,>90,mL/min/1.73m²,Normal,High,Normal,Normal,Normal,Normal
557,74,Male,76,15-40,mg/dL,3.3,0.6-1.3,mg/dL,18,7-20,mg/dL,139,135-145,mmol/L,4.5,3.5-5.1,mmol/L,104,>90,mL/min/1.73m²,High,High,Normal,Normal,Normal,Normal
558,38,Female,42,15-40,mg/dL,1.7,0.6-1.3,mg/dL,17,7-20,mg/dL,136,135-145,mmol/L,4.7,3.5-5.1,mmol/L,105,>90,mL/min/1.73m²,High,High,Normal,Normal,Normal,Normal
559,26,Male,48,15-40,mg/dL,1.5,0.6-1.3,mg/dL,27,7-20,mg/dL,132,135-145,mmol/L,4,3.5-5.1,mmol/L,72,>90,mL/min/1.73m²,High,High,High,Low,Normal,Mildly Reduced
560,82,Female,35,15-40,mg/dL,1.3,0.6-1.3,mg/dL,12,7-20,mg/dL,122,135-145,mmol/L,3.5,3.5-5.1,mmol/L,112,>90,mL/min/1.73m²,Normal,Normal,Normal,Low,Normal,Normal
561,61,Female,39,15-40,mg/dL,2.1,0.6-1.3,mg/dL,13,7-20,mg/dL,147,135-145,mmol/L,4.2,3.5-5.1,mmol/L,106,>90,mL/min/1.73m²,Normal,High,Normal,High,Normal,Normal
562,61,Female,154.999850937987,15-40,mg/dL,7.3,0.6-1.3,mg/dL,7,7-20,mg/dL,132,135-145,mmol/L,4.9,3.5-5.1,mmol/L,103,>90,mL/min/1.73m²,High,High,Normal,Low,Normal,Normal
563,78,Male,34,15-40,mg/dL,1.5,0.6-1.3,mg/dL,7,7-20,mg/dL,124,135-145,mmol/L,4.1,3.5-5.1,mmol/L,118,>90,mL/min/1.73m²,Normal,High,Normal,Low,Normal,Normal
564,39,Male,40,15-40,mg/dL,2,0.6-1.3,mg/dL,15,7-20,mg/dL,140,135-145,mmol/L,4.1,3.5-5.1,mmol/L,103,>90,mL/min/1.73m²,Normal,High,Normal,Normal,Normal,Normal
565,36,Female,15,15-40,mg/dL,0.8,0.6-1.3,mg/dL,11,7-20,mg/dL,137,135-145,mmol/L,4.2,3.5-5.1,mmol/L,90,>90,mL/min/1.73m²,Normal,Normal,Normal,Normal,Normal,Normal
566,46,Male,41,15-40,mg/dL,2.2,0.6-1.3,mg/dL,13,7-20,mg/dL,134,135-145,mmol/L,4.7,3.5-5.1,mmol/L,113,>90,mL/min/1.73m²,High,High,Normal,Low,Normal,Normal
567,66,Male,44,15-40,mg/dL,3.9,0.6-1.3,mg/dL,12,7-20,mg/dL,127,135-145,mmol/L,4.3,3.5-5.1,mmol/L,116,>90,mL/min/1.73m²,High,High,Normal,Low,Normal,Normal
568,21,Female,19,15-40,mg/dL,0.899999999999999,0.6-1.3,mg/dL,10,7-20,mg/dL,137,135-145,mmol/L,4.4,3.5-5.1,mmol/L,90,>90,mL/min/1.73m²,Normal,Normal,Normal,Normal,Normal,Normal
569,82,Female,28,15-40,mg/dL,1.5,0.6-1.3,mg/dL,51,7-20,mg/dL,135.343855902118,135-145,mmol/L,4.4,3.5-5.1,mmol/L,32,>90,mL/min/1.73m²,Normal,High,High,Normal,Normal,Moderately Reduced
570,81,Male,68,15-40,mg/dL,2.8,0.6-1.3,mg/dL,10,7-20,mg/dL,136,135-145,mmol/L,5.02257890042586,3.5-5.1,mmol/L,111,>90,mL/min/1.73m²,High,High,Normal,Normal,Normal,Normal
571,38,Female,41,15-40,mg/dL,1.7,0.6-1.3,mg/dL,16,7-20,mg/dL,131,135-145,mmol/L,3.9,3.5-5.1,mmol/L,113,>90,mL/min/1.73m²,High,High,Normal,Low,Normal,Normal
572,36,Female,60,15-40,mg/dL,2.6,0.6-1.3,mg/dL,29,7-20,mg/dL,115,135-145,mmol/L,5.7,3.5-5.1,mmol/L,74,>90,mL/min/1.73m²,High,High,High,Low,High,Mildly Reduced
573,58,Male,113,15-40,mg/dL,2.9,0.6-1.3,mg/dL,14,7-20,mg/dL,130,135-145,mmol/L,2.5,3.5-5.1,mmol/L,94,>90,mL/min/1.73m²,High,High,Normal,Low,Low,Normal
574,58,Male,1.5,15-40,mg/dL,7.3,0.6-1.3,mg/dL,19,7-20,mg/dL,145,135-145,mmol/L,2.8,3.5-5.1,mmol/L,94,>90,mL/min/1.73m²,Low,High,Normal,Normal,Low,Normal
575,55,Female,146,15-40,mg/dL,7.50000000000001,0.6-1.3,mg/dL,31,7-20,mg/dL,141,135-145,mmol/L,4.7,3.5-5.1,mmol/L,63,>90,mL/min/1.73m²,High,High,High,Normal,Normal,Mildly Reduced
576,59,Male,58,15-40,mg/dL,2.2,0.6-1.3,mg/dL,86,7-20,mg/dL,113,135-145,mmol/L,3,3.5-5.1,mmol/L,28,>90,mL/min/1.73m²,High,High,High,Low,Low,Severely Reduced
577,64,Male,40,15-40,mg/dL,1.7,0.6-1.3,mg/dL,19,7-20,mg/dL,125,135-145,mmol/L,3.5,3.5-5.1,mmol/L,109,>90,mL/min/1.73m²,Normal,High,Normal,Low,Normal,Normal
578,23,Female,133,15-40,mg/dL,2.5,0.6-1.3,mg/dL,51,7-20,mg/dL,136,135-145,mmol/L,4.5,3.5-5.1,mmol/L,36,>90,mL/min/1.73m²,High,High,High,Normal,Normal,Moderately Reduced
579,44,Female,153,15-40,mg/dL,2.7,0.6-1.3,mg/dL,8,7-20,mg/dL,139,135-145,mmol/L,4.3,3.5-5.1,mmol/L,111,>90,mL/min/1.73m²,High,High,Normal,Normal,Normal,Normal
580,49,Female,53,15-40,mg/dL,2.3,0.6-1.3,mg/dL,14,7-20,mg/dL,140,135-145,mmol/L,4.4,3.5-5.1,mmol/L,113,>90,mL/min/1.73m²,High,High,Normal,Normal,Normal,Normal
581,48,Female,56,15-40,mg/dL,1.9,0.6-1.3,mg/dL,8,7-20,mg/dL,134,135-145,mmol/L,3.9,3.5-5.1,mmol/L,104,>90,mL/min/1.73m²,High,High,Normal,Low,Normal,Normal
582,70,Male,52,15-40,mg/dL,2.2,0.6-1.3,mg/dL,100,7-20,mg/dL,136,135-145,mmol/L,3.8,3.5-5.1,mmol/L,10,>90,mL/min/1.73m²,High,High,High,Normal,Normal,Kidney Failure
583,43,Male,23,15-40,mg/dL,0.8,0.6-1.3,mg/dL,19,7-20,mg/dL,140,135-145,mmol/L,4.1,3.5-5.1,mmol/L,116,>90,mL/min/1.73m²,Normal,Normal,Normal,Normal,Normal,Normal
584,33,Female,106,15-40,mg/dL,6.50000000000001,0.6-1.3,mg/dL,18,7-20,mg/dL,135,135-145,mmol/L,4.3,3.5-5.1,mmol/L,99,>90,mL/min/1.73m²,High,High,Normal,Normal,Normal,Normal
585,37,Female,137,15-40,mg/dL,3.3,0.6-1.3,mg/dL,16,7-20,mg/dL,133,135-145,mmol/L,4.5,3.5-5.1,mmol/L,96,>90,mL/min/1.73m²,High,High,Normal,Low,Normal,Normal
586,61,Female,23,15-40,mg/dL,0.6,0.6-1.3,mg/dL,15,7-20,mg/dL,138,135-145,mmol/L,4.4,3.5-5.1,mmol/L,99,>90,mL/min/1.73m²,Normal,Normal,Normal,Normal,Normal,Normal
587,76,Female,46,15-40,mg/dL,1,0.6-1.3,mg/dL,9,7-20,mg/dL,135,135-145,mmol/L,3.8,3.5-5.1,mmol/L,103,>90,mL/min/1.73m²,High,Normal,Normal,Normal,Normal,Normal
588,31,Male,22,15-40,mg/dL,0.7,0.6-1.3,mg/dL,9,7-20,mg/dL,139,135-145,mmol/L,4.04215057010699,3.5-5.1,mmol/L,115,>90,mL/min/1.73m²,Normal,Normal,Normal,Normal,Normal,Normal
589,36,Male,66,15-40,mg/dL,2.5,0.6-1.3,mg/dL,12,7-20,mg/dL,142,135-145,mmol/L,3.6,3.5-5.1,mmol/L,94,>90,mL/min/1.73m²,High,High,Normal,Normal,Normal,Normal
590,49,Female,58,15-40,mg/dL,4.3,0.6-1.3,mg/dL,9,7-20,mg/dL,137,135-145,mmol/L,5.4,3.5-5.1,mmol/L,111,>90,mL/min/1.73m²,High,High,Normal,Normal,High,Normal
591,42,Female,67,15-40,mg/dL,1,0.6-1.3,mg/dL,15,7-20,mg/dL,135,135-145,mmol/L,4.9,3.5-5.1,mmol/L,90,>90,mL/min/1.73m²,High,Normal,Normal,Normal,Normal,Normal
592,20,Male,115,15-40,mg/dL,6,0.6-1.3,mg/dL,17,7-20,mg/dL,134,135-145,mmol/L,2.7,3.5-5.1,mmol/L,108,>90,mL/min/1.73m²,High,High,Normal,Low,Low,Normal
593,51,Male,16,15-40,mg/dL,0.899999999999999,0.6-1.3,mg/dL,14,7-20,mg/dL,139,135-145,mmol/L,3.99307874593696,3.5-5.1,mmol/L,117,>90,mL/min/1.73m²,Normal,Normal,Normal,Normal,Normal,Normal
594,28,Male,223,15-40,mg/dL,18.1,0.6-1.3,mg/dL,10,7-20,mg/dL,113,135-145,mmol/L,6.5,3.5-5.1,mmol/L,97,>90,mL/min/1.73m²,High,High,Normal,Low,High,Normal
595,34,Male,49,15-40,mg/dL,1.2,0.6-1.3,mg/dL,56,7-20,mg/dL,135,135-145,mmol/L,4.7,3.5-5.1,mmol/L,48,>90,mL/min/1.73m²,High,Normal,High,Normal,Normal,Moderately Reduced
596,47,Female,98.6,15-40,mg/dL,3.3,0.6-1.3,mg/dL,14,7-20,mg/dL,138,135-145,mmol/L,3.9,3.5-5.1,mmol/L,119,>90,mL/min/1.73m²,High,High,Normal,Normal,Normal,Normal
597,43,Male,158,15-40,mg/dL,11.8,0.6-1.3,mg/dL,10,7-20,mg/dL,122,135-145,mmol/L,3.2,3.5-5.1,mmol/L,106,>90,mL/min/1.73m²,High,High,Normal,Low,Low,Normal
598,79,Male,111,15-40,mg/dL,9.3,0.6-1.3,mg/dL,19,7-20,mg/dL,124,135-145,mmol/L,5.3,3.5-5.1,mmol/L,108,>90,mL/min/1.73m²,High,High,Normal,Low,High,Normal
599,54,Male,40,15-40,mg/dL,3.2,0.6-1.3,mg/dL,11,7-20,mg/dL,137,135-145,mmol/L,4.7,3.5-5.1,mmol/L,117,>90,mL/min/1.73m²,Normal,High,Normal,Normal,Normal,Normal
600,46,Female,37,15-40,mg/dL,1.5,0.6-1.3,mg/dL,13,7-20,mg/dL,140,135-145,mmol/L,5.2,3.5-5.1,mmol/L,105,>90,mL/min/1.73m²,Normal,High,Normal,Normal,High,Normal
601,39,Female,89,15-40,mg/dL,3,0.6-1.3,mg/dL,14,7-20,mg/dL,140,135-145,mmol/L,4.1,3.5-5.1,mmol/L,93,>90,mL/min/1.73m²,High,High,Normal,Normal,Normal,Normal
602,84,Male,93.9999999999999,15-40,mg/dL,7.3,0.6-1.3,mg/dL,13,7-20,mg/dL,137,135-145,mmol/L,4.3,3.5-5.1,mmol/L,97,>90,mL/min/1.73m²,High,High,Normal,Normal,Normal,Normal
603,68,Male,74,15-40,mg/dL,2.9,0.6-1.3,mg/dL,14,7-20,mg/dL,135,135-145,mmol/L,5.9,3.5-5.1,mmol/L,114,>90,mL/min/1.73m²,High,High,Normal,Normal,High,Normal
604,20,Female,80,15-40,mg/dL,6.8,0.6-1.3,mg/dL,10,7-20,mg/dL,142,135-145,mmol/L,5.5,3.5-5.1,mmol/L,93,>90,mL/min/1.73m²,High,High,Normal,Normal,High,Normal
605,29,Female,82,15-40,mg/dL,13.5,0.6-1.3,mg/dL,7,7-20,mg/dL,145,135-145,mmol/L,6.3,3.5-5.1,mmol/L,102,>90,mL/min/1.73m²,High,High,Normal,Normal,High,Normal
606,66,Male,28,15-40,mg/dL,2.1,0.6-1.3,mg/dL,12,7-20,mg/dL,136,135-145,mmol/L,4.74964587297885,3.5-5.1,mmol/L,117,>90,mL/min/1.73m²,Normal,High,Normal,Normal,Normal,Normal
607,78,Female,96,15-40,mg/dL,3.9,0.6-1.3,mg/dL,11,7-20,mg/dL,135,135-145,mmol/L,4,3.5-5.1,mmol/L,96,>90,mL/min/1.73m²,High,High,Normal,Normal,Normal,Normal
608,81,Male,50,15-40,mg/dL,2.2,0.6-1.3,mg/dL,17,7-20,mg/dL,136,135-145,mmol/L,4.9,3.5-5.1,mmol/L,90,>90,mL/min/1.73m²,High,High,Normal,Normal,Normal,Normal
609,37,Female,37,15-40,mg/dL,1.5,0.6-1.3,mg/dL,10,7-20,mg/dL,137,135-145,mmol/L,5.64261437310118,3.5-5.1,mmol/L,98,>90,mL/min/1.73m²,Normal,High,Normal,Normal,High,Normal
610,65,Male,42,15-40,mg/dL,1.8,0.6-1.3,mg/dL,8,7-20,mg/dL,140,135-145,mmol/L,3.9,3.5-5.1,mmol/L,116,>90,mL/min/1.73m²,High,High,Normal,Normal,Normal,Normal
611,51,Male,132,15-40,mg/dL,12.8,0.6-1.3,mg/dL,7,7-20,mg/dL,135,135-145,mmol/L,5.7,3.5-5.1,mmol/L,117,>90,mL/min/1.73m²,High,High,Normal,Normal,High,Normal
612,46,Female,18,15-40,mg/dL,1.2,0.6-1.3,mg/dL,28,7-20,mg/dL,139,135-145,mmol/L,3.9360568538953,3.5-5.1,mmol/L,63,>90,mL/min/1.73m²,Normal,Normal,High,Normal,Normal,Mildly Reduced
613,37,Male,150,15-40,mg/dL,11.9,0.6-1.3,mg/dL,18,7-20,mg/dL,132,135-145,mmol/L,5.6,3.5-5.1,mmol/L,103,>90,mL/min/1.73m²,High,High,Normal,Low,High,Normal
614,58,Female,73,15-40,mg/dL,3.9,0.6-1.3,mg/dL,8,7-20,mg/dL,137,135-145,mmol/L,4.9,3.5-5.1,mmol/L,119,>90,mL/min/1.73m²,High,High,Normal,Normal,Normal,Normal
615,68,Female,30,15-40,mg/dL,1,0.6-1.3,mg/dL,43,7-20,mg/dL,135,135-145,mmol/L,4.4,3.5-5.1,mmol/L,38,>90,mL/min/1.73m²,Normal,Normal,High,Normal,Normal,Moderately Reduced
616,63,Female,95.3792186821641,15-40,mg/dL,2.29528477860868,0.6-1.3,mg/dL,40,7-20,mg/dL,141,135-145,mmol/L,3.9,3.5-5.1,mmol/L,59,>90,mL/min/1.73m²,High,High,High,Normal,Normal,Moderately Reduced
617,73,Male,15,15-40,mg/dL,1.7,0.6-1.3,mg/dL,19,7-20,mg/dL,138,135-145,mmol/L,4,3.5-5.1,mmol/L,92,>90,mL/min/1.73m²,Normal,High,Normal,Normal,Normal,Normal
618,53,Male,61.0000000000001,15-40,mg/dL,1.8,0.6-1.3,mg/dL,12,7-20,mg/dL,141,135-145,mmol/L,4.4,3.5-5.1,mmol/L,104,>90,mL/min/1.73m²,High,High,Normal,Normal,Normal,Normal
619,55,Male,19,15-40,mg/dL,0.8,0.6-1.3,mg/dL,21,7-20,mg/dL,139,135-145,mmol/L,4,3.5-5.1,mmol/L,86,>90,mL/min/1.73m²,Normal,Normal,High,Normal,Normal,Mildly Reduced
620,37,Female,57,15-40,mg/dL,2.5,0.6-1.3,mg/dL,12,7-20,mg/dL,135,135-145,mmol/L,3.9,3.5-5.1,mmol/L,118,>90,mL/min/1.73m²,High,High,Normal,Normal,Normal,Normal
621,57,Male,34.7696508660332,15-40,mg/dL,2.36162751064927,0.6-1.3,mg/dL,9,7-20,mg/dL,139,135-145,mmol/L,4,3.5-5.1,mmol/L,94,>90,mL/min/1.73m²,Normal,High,Normal,Normal,Normal,Normal
622,78,Male,30,15-40,mg/dL,1.7,0.6-1.3,mg/dL,13,7-20,mg/dL,138,135-145,mmol/L,5.3,3.5-5.1,mmol/L,90,>90,mL/min/1.73m²,Normal,High,Normal,Normal,High,Normal
623,28,Male,68,15-40,mg/dL,1.8,0.6-1.3,mg/dL,19,7-20,mg/dL,135,135-145,mmol/L,4.64607692009886,3.5-5.1,mmol/L,100,>90,mL/min/1.73m²,High,High,Normal,Normal,Normal,Normal
624,70,Male,30,15-40,mg/dL,1.3,0.6-1.3,mg/dL,16,7-20,mg/dL,136,135-145,mmol/L,4.1,3.5-5.1,mmol/L,108,>90,mL/min/1.73m²,Normal,Normal,Normal,Normal,Normal,Normal
625,54,Female,28,15-40,mg/dL,2.2,0.6-1.3,mg/dL,10,7-20,mg/dL,138,135-145,mmol/L,3.8,3.5-5.1,mmol/L,94,>90,mL/min/1.73m²,Normal,High,Normal,Normal,Normal,Normal
626,24,Male,95.0000000000001,15-40,mg/dL,2.7,0.6-1.3,mg/dL,15,7-20,mg/dL,131,135-145,mmol/L,3.8,3.5-5.1,mmol/L,111,>90,mL/min/1.73m²,High,High,Normal,Low,Normal,Normal
627,33,Female,54,15-40,mg/dL,7.2,0.6-1.3,mg/dL,11,7-20,mg/dL,140,135-145,mmol/L,4.6,3.5-5.1,mmol/L,118,>90,mL/min/1.73m²,High,High,Normal,Normal,Normal,Normal
628,49,Female,48,15-40,mg/dL,1.6,0.6-1.3,mg/dL,18,7-20,mg/dL,136,135-145,mmol/L,4.9,3.5-5.1,mmol/L,113,>90,mL/min/1.73m²,High,High,Normal,Normal,Normal,Normal
629,23,Female,52,15-40,mg/dL,2.5,0.6-1.3,mg/dL,16,7-20,mg/dL,135,135-145,mmol/L,4.2,3.5-5.1,mmol/L,106,>90,mL/min/1.73m²,High,High,Normal,Normal,Normal,Normal
630,58,Female,191,15-40,mg/dL,12,0.6-1.3,mg/dL,9,7-20,mg/dL,114,135-145,mmol/L,2.9,3.5-5.1,mmol/L,108,>90,mL/min/1.73m²,High,High,Normal,Low,Low,Normal
631,83,Male,17,15-40,mg/dL,1.7,0.6-1.3,mg/dL,7,7-20,mg/dL,130,135-145,mmol/L,4.3,3.5-5.1,mmol/L,106,>90,mL/min/1.73m²,Normal,High,Normal,Low,Normal,Normal
632,44,Male,51,15-40,mg/dL,2.8,0.6-1.3,mg/dL,35,7-20,mg/dL,138,135-145,mmol/L,3.7,3.5-5.1,mmol/L,34,>90,mL/min/1.73m²,High,High,High,Normal,Normal,Moderately Reduced
633,47,Male,25,15-40,mg/dL,0.9,0.6-1.3,mg/dL,19,7-20,mg/dL,139,135-145,mmol/L,3.99283675404622,3.5-5.1,mmol/L,113,>90,mL/min/1.73m²,Normal,Normal,Normal,Normal,Normal,Normal
634,41,Female,20,15-40,mg/dL,1.6,0.6-1.3,mg/dL,10,7-20,mg/dL,146,135-145,mmol/L,4.5,3.5-5.1,mmol/L,109,>90,mL/min/1.73m²,Normal,High,Normal,High,Normal,Normal
635,50,Male,19,15-40,mg/dL,1.3,0.6-1.3,mg/dL,16,7-20,mg/dL,135,135-145,mmol/L,3.9,3.5-5.1,mmol/L,118,>90,mL/min/1.73m²,Normal,Normal,Normal,Normal,Normal,Normal
636,42,Female,93,15-40,mg/dL,2.3,0.6-1.3,mg/dL,16,7-20,mg/dL,135,135-145,mmol/L,4.4,3.5-5.1,mmol/L,116,>90,mL/min/1.73m²,High,High,Normal,Normal,Normal,Normal
637,67,Male,66,15-40,mg/dL,2,0.6-1.3,mg/dL,10,7-20,mg/dL,136,135-145,mmol/L,5.4,3.5-5.1,mmol/L,98,>90,mL/min/1.73m²,High,High,Normal,Normal,High,Normal
638,39,Male,53,15-40,mg/dL,2.2,0.6-1.3,mg/dL,15,7-20,mg/dL,135,135-145,mmol/L,4.7,3.5-5.1,mmol/L,111,>90,mL/min/1.73m²,High,High,Normal,Normal,Normal,Normal
639,57,Male,241,15-40,mg/dL,13.4,0.6-1.3,mg/dL,14,7-20,mg/dL,127,135-145,mmol/L,4.8,3.5-5.1,mmol/L,95,>90,mL/min/1.73m²,High,High,Normal,Low,Normal,Normal
640,74,Female,50,15-40,mg/dL,1.6,0.6-1.3,mg/dL,10,7-20,mg/dL,137,135-145,mmol/L,4.1,3.5-5.1,mmol/L,116,>90,mL/min/1.73m²,High,High,Normal,Normal,Normal,Normal
641,20,Male,46,15-40,mg/dL,1.4,0.6-1.3,mg/dL,12,7-20,mg/dL,135,135-145,mmol/L,4.40409067560996,3.5-5.1,mmol/L,110,>90,mL/min/1.73m²,High,High,Normal,Normal,Normal,Normal
642,26,Female,45,15-40,mg/dL,1.5,0.6-1.3,mg/dL,13,7-20,mg/dL,140,135-145,mmol/L,3.3,3.5-5.1,mmol/L,102,>90,mL/min/1.73m²,High,High,Normal,Normal,Low,Normal
643,76,Female,96,15-40,mg/dL,6.3,0.6-1.3,mg/dL,16,7-20,mg/dL,120,135-145,mmol/L,3.9,3.5-5.1,mmol/L,115,>90,mL/min/1.73m²,High,High,Normal,Low,Normal,Normal
644,31,Female,48,15-40,mg/dL,2.4,0.6-1.3,mg/dL,14,7-20,mg/dL,138,135-145,mmol/L,2.9,3.5-5.1,mmol/L,110,>90,mL/min/1.73m²,High,High,Normal,Normal,Low,Normal
645,24,Male,64,15-40,mg/dL,2.8,0.6-1.3,mg/dL,10,7-20,mg/dL,135,135-145,mmol/L,4.1,3.5-5.1,mmol/L,100,>90,mL/min/1.73m²,High,High,Normal,Normal,Normal,Normal
646,69,Male,79,15-40,mg/dL,5.3,0.6-1.3,mg/dL,51,7-20,mg/dL,135,135-145,mmol/L,6.3,3.5-5.1,mmol/L,52,>90,mL/min/1.73m²,High,High,High,Normal,High,Moderately Reduced
647,61,Female,215,15-40,mg/dL,15.2,0.6-1.3,mg/dL,11,7-20,mg/dL,120,135-145,mmol/L,5.7,3.5-5.1,mmol/L,113,>90,mL/min/1.73m²,High,High,Normal,Low,High,Normal
648,31,Female,18,15-40,mg/dL,1.2,0.6-1.3,mg/dL,7,7-20,mg/dL,140,135-145,mmol/L,4.2,3.5-5.1,mmol/L,112,>90,mL/min/1.73m²,Normal,Normal,Normal,Normal,Normal,Normal
649,37,Female,55,15-40,mg/dL,1.7,0.6-1.3,mg/dL,30,7-20,mg/dL,138,135-145,mmol/L,4.5,3.5-5.1,mmol/L,60,>90,mL/min/1.73m²,High,High,High,Normal,Normal,Mildly Reduced
650,36,Female,309,15-40,mg/dL,13.3,0.6-1.3,mg/dL,17,7-20,mg/dL,124,135-145,mmol/L,6.5,3.5-5.1,mmol/L,106,>90,mL/min/1.73m²,High,High,Normal,Low,High,Normal
651,81,Female,10,15-40,mg/dL,1.2,0.6-1.3,mg/dL,10,7-20,mg/dL,135,135-145,mmol/L,5,3.5-5.1,mmol/L,115,>90,mL/min/1.73m²,Low,Normal,Normal,Normal,Normal,Normal
652,60,Male,36,15-40,mg/dL,1,0.6-1.3,mg/dL,13,7-20,mg/dL,150,135-145,mmol/L,4.6,3.5-5.1,mmol/L,95,>90,mL/min/1.73m²,Normal,Normal,Normal,High,Normal,Normal
653,53,Male,49,15-40,mg/dL,0.6,0.6-1.3,mg/dL,13,7-20,mg/dL,147,135-145,mmol/L,4.4,3.5-5.1,mmol/L,92,>90,mL/min/1.73m²,High,Normal,Normal,High,Normal,Normal
654,64,Male,17,15-40,mg/dL,1.2,0.6-1.3,mg/dL,7,7-20,mg/dL,135,135-145,mmol/L,4.7,3.5-5.1,mmol/L,105,>90,mL/min/1.73m²,Normal,Normal,Normal,Normal,Normal,Normal
655,77,Female,38,15-40,mg/dL,0.8,0.6-1.3,mg/dL,15,7-20,mg/dL,135,135-145,mmol/L,3.7,3.5-5.1,mmol/L,102,>90,mL/min/1.73m²,Normal,Normal,Normal,Normal,Normal,Normal
656,70,Female,27,15-40,mg/dL,1.2,0.6-1.3,mg/dL,8,7-20,mg/dL,144,135-145,mmol/L,3.9,3.5-5.1,mmol/L,101,>90,mL/min/1.73m²,Normal,Normal,Normal,Normal,Normal,Normal
657,53,Male,10,15-40,mg/dL,0.5,0.6-1.3,mg/dL,11,7-20,mg/dL,146,135-145,mmol/L,5,3.5-5.1,mmol/L,114,>90,mL/min/1.73m²,Low,Low,Normal,High,Normal,Normal
658,63,Male,36,15-40,mg/dL,0.7,0.6-1.3,mg/dL,12,7-20,mg/dL,135,135-145,mmol/L,3.7,3.5-5.1,mmol/L,100,>90,mL/min/1.73m²,Normal,Normal,Normal,Normal,Normal,Normal
659,34,Female,20,15-40,mg/dL,0.5,0.6-1.3,mg/dL,7,7-20,mg/dL,140,135-145,mmol/L,3.5,3.5-5.1,mmol/L,112,>90,mL/min/1.73m²,Normal,Low,Normal,Normal,Normal,Normal
660,69,Female,31,15-40,mg/dL,1.2,0.6-1.3,mg/dL,18,7-20,mg/dL,135,135-145,mmol/L,5,3.5-5.1,mmol/L,91,>90,mL/min/1.73m²,Normal,Normal,Normal,Normal,Normal,Normal
661,51,Female,38,15-40,mg/dL,1,0.6-1.3,mg/dL,8,7-20,mg/dL,147,135-145,mmol/L,3.8,3.5-5.1,mmol/L,117,>90,mL/min/1.73m²,Normal,Normal,Normal,High,Normal,Normal
662,22,Male,32,15-40,mg/dL,1.2,0.6-1.3,mg/dL,96,7-20,mg/dL,139,135-145,mmol/L,3.9,3.5-5.1,mmol/L,7,>90,mL/min/1.73m²,Normal,Normal,High,Normal,Normal,Kidney Failure
663,70,Female,18,15-40,mg/dL,0.899999999999999,0.6-1.3,mg/dL,12,7-20,mg/dL,135,135-145,mmol/L,3.6,3.5-5.1,mmol/L,97,>90,mL/min/1.73m²,Normal,Normal,Normal,Normal,Normal,Normal
664,67,Female,46,15-40,mg/dL,1.2,0.6-1.3,mg/dL,12,7-20,mg/dL,137,135-145,mmol/L,5,3.5-5.1,mmol/L,102,>90,mL/min/1.73m²,High,Normal,Normal,Normal,Normal,Normal
665,36,Female,24,15-40,mg/dL,0.7,0.6-1.3,mg/dL,12,7-20,mg/dL,140,135-145,mmol/L,4.1,3.5-5.1,mmol/L,103,>90,mL/min/1.73m²,Normal,Normal,Normal,Normal,Normal,Normal
666,26,Male,40,15-40,mg/dL,0.6,0.6-1.3,mg/dL,13,7-20,mg/dL,150,135-145,mmol/L,4.5,3.5-5.1,mmol/L,104,>90,mL/min/1.73m²,Normal,Normal,Normal,High,Normal,Normal
667,32,Female,17,15-40,mg/dL,1.2,0.6-1.3,mg/dL,16,7-20,mg/dL,135,135-145,mmol/L,4.8,3.5-5.1,mmol/L,106,>90,mL/min/1.73m²,Normal,Normal,Normal,Normal,Normal,Normal
668,23,Male,33,15-40,mg/dL,0.899999999999999,0.6-1.3,mg/dL,18,7-20,mg/dL,146,135-145,mmol/L,3.9,3.5-5.1,mmol/L,104,>90,mL/min/1.73m²,Normal,Normal,Normal,High,Normal,Normal
669,29,Female,49,15-40,mg/dL,1,0.6-1.3,mg/dL,18,7-20,mg/dL,140,135-145,mmol/L,5,3.5-5.1,mmol/L,110,>90,mL/min/1.73m²,High,Normal,Normal,Normal,Normal,Normal
670,36,Female,19,15-40,mg/dL,1.2,0.6-1.3,mg/dL,15,7-20,mg/dL,142,135-145,mmol/L,4.9,3.5-5.1,mmol/L,99,>90,mL/min/1.73m²,Normal,Normal,Normal,Normal,Normal,Normal
671,71,Male,34,15-40,mg/dL,1.1,0.6-1.3,mg/dL,15,7-20,mg/dL,145,135-145,mmol/L,4,3.5-5.1,mmol/L,90,>90,mL/min/1.73m²,Normal,Normal,Normal,Normal,Normal,Normal
672,25,Female,25,15-40,mg/dL,0.5,0.6-1.3,mg/dL,36,7-20,mg/dL,144,135-145,mmol/L,4.8,3.5-5.1,mmol/L,41,>90,mL/min/1.73m²,Normal,Low,High,Normal,Normal,Moderately Reduced
673,28,Male,15,15-40,mg/dL,1.2,0.6-1.3,mg/dL,8,7-20,mg/dL,135,135-145,mmol/L,5,3.5-5.1,mmol/L,98,>90,mL/min/1.73m²,Normal,Normal,Normal,Normal,Normal,Normal
674,40,Female,35,15-40,mg/dL,0.899999999999999,0.6-1.3,mg/dL,11,7-20,mg/dL,140,135-145,mmol/L,4.1,3.5-5.1,mmol/L,112,>90,mL/min/1.73m²,Normal,Normal,Normal,Normal,Normal,Normal
675,43,Male,23,15-40,mg/dL,0.7,0.6-1.3,mg/dL,16,7-20,mg/dL,141,135-145,mmol/L,4.2,3.5-5.1,mmol/L,94,>90,mL/min/1.73m²,Normal,Normal,Normal,Normal,Normal,Normal
676,23,Female,22,15-40,mg/dL,1.2,0.6-1.3,mg/dL,112,7-20,mg/dL,139,135-145,mmol/L,4.6,3.5-5.1,mmol/L,10,>90,mL/min/1.73m²,Normal,Normal,High,Normal,Normal,Kidney Failure
677,43,Male,30,15-40,mg/dL,0.8,0.6-1.3,mg/dL,18,7-20,mg/dL,137,135-145,mmol/L,4.7,3.5-5.1,mmol/L,116,>90,mL/min/1.73m²,Normal,Normal,Normal,Normal,Normal,Normal
678,78,Male,46,15-40,mg/dL,1,0.6-1.3,mg/dL,18,7-20,mg/dL,135,135-145,mmol/L,5,3.5-5.1,mmol/L,104,>90,mL/min/1.73m²,High,Normal,Normal,Normal,Normal,Normal
679,22,Female,44,15-40,mg/dL,1.2,0.6-1.3,mg/dL,72,7-20,mg/dL,142,135-145,mmol/L,4.9,3.5-5.1,mmol/L,17,>90,mL/min/1.73m²,High,Normal,High,Normal,Normal,Severely Reduced
680,59,Male,23,15-40,mg/dL,0.6,0.6-1.3,mg/dL,22,7-20,mg/dL,140,135-145,mmol/L,4.7,3.5-5.1,mmol/L,78,>90,mL/min/1.73m²,Normal,Normal,High,Normal,Normal,Mildly Reduced
681,67,Female,33,15-40,mg/dL,0.899999999999999,0.6-1.3,mg/dL,34,7-20,mg/dL,144,135-145,mmol/L,4.5,3.5-5.1,mmol/L,66,>90,mL/min/1.73m²,Normal,Normal,High,Normal,Normal,Mildly Reduced
682,73,Male,50,15-40,mg/dL,1.2,0.6-1.3,mg/dL,9,7-20,mg/dL,147,135-145,mmol/L,5,3.5-5.1,mmol/L,96,>90,mL/min/1.73m²,High,Normal,Normal,High,Normal,Normal
683,54,Female,44,15-40,mg/dL,1,0.6-1.3,mg/dL,10,7-20,mg/dL,135,135-145,mmol/L,3.8,3.5-5.1,mmol/L,96,>90,mL/min/1.73m²,High,Normal,Normal,Normal,Normal,Normal
684,75,Female,31,15-40,mg/dL,0.8,0.6-1.3,mg/dL,9,7-20,mg/dL,142,135-145,mmol/L,4.5,3.5-5.1,mmol/L,91,>90,mL/min/1.73m²,Normal,Normal,Normal,Normal,Normal,Normal
685,59,Female,37,15-40,mg/dL,1.2,0.6-1.3,mg/dL,49,7-20,mg/dL,142,135-145,mmol/L,4,3.5-5.1,mmol/L,31,>90,mL/min/1.73m²,Normal,Normal,High,Normal,Normal,Moderately Reduced
686,65,Female,19,15-40,mg/dL,0.7,0.6-1.3,mg/dL,9,7-20,mg/dL,135,135-145,mmol/L,3.9,3.5-5.1,mmol/L,116,>90,mL/min/1.73m²,Normal,Normal,Normal,Normal,Normal,Normal
687,32,Male,18,15-40,mg/dL,0.8,0.6-1.3,mg/dL,14,7-20,mg/dL,145,135-145,mmol/L,5,3.5-5.1,mmol/L,101,>90,mL/min/1.73m²,Normal,Normal,Normal,Normal,Normal,Normal
688,46,Female,22,15-40,mg/dL,0.6,0.6-1.3,mg/dL,13,7-20,mg/dL,137,135-145,mmol/L,3.8,3.5-5.1,mmol/L,94,>90,mL/min/1.73m²,Normal,Normal,Normal,Normal,Normal,Normal
689,25,Female,46,15-40,mg/dL,1.2,0.6-1.3,mg/dL,32,7-20,mg/dL,135,135-145,mmol/L,4.9,3.5-5.1,mmol/L,63,>90,mL/min/1.73m²,High,Normal,High,Normal,Normal,Mildly Reduced
690,36,Female,32,15-40,mg/dL,0.899999999999999,0.6-1.3,mg/dL,13,7-20,mg/dL,143,135-145,mmol/L,4.7,3.5-5.1,mmol/L,96,>90,mL/min/1.73m²,Normal,Normal,Normal,Normal,Normal,Normal
691,55,Female,28,15-40,mg/dL,0.6,0.6-1.3,mg/dL,16,7-20,mg/dL,146,135-145,mmol/L,3.5,3.5-5.1,mmol/L,105,>90,mL/min/1.73m²,Normal,Normal,Normal,High,Normal,Normal
692,21,Female,44,15-40,mg/dL,1,0.6-1.3,mg/dL,8,7-20,mg/dL,140,135-145,mmol/L,4.9,3.5-5.1,mmol/L,92,>90,mL/min/1.73m²,High,Normal,Normal,Normal,Normal,Normal
693,71,Male,42,15-40,mg/dL,0.5,0.6-1.3,mg/dL,17,7-20,mg/dL,139,135-145,mmol/L,5,3.5-5.1,mmol/L,110,>90,mL/min/1.73m²,High,Low,Normal,Normal,Normal,Normal
694,71,Female,19,15-40,mg/dL,1.2,0.6-1.3,mg/dL,15,7-20,mg/dL,150,135-145,mmol/L,4.8,3.5-5.1,mmol/L,91,>90,mL/min/1.73m²,Normal,Normal,Normal,High,Normal,Normal
695,62,Male,50,15-40,mg/dL,0.7,0.6-1.3,mg/dL,19,7-20,mg/dL,135,135-145,mmol/L,5,3.5-5.1,mmol/L,106,>90,mL/min/1.73m²,High,Normal,Normal,Normal,Normal,Normal
696,41,Male,25,15-40,mg/dL,0.899999999999999,0.6-1.3,mg/dL,12,7-20,mg/dL,150,135-145,mmol/L,3.6,3.5-5.1,mmol/L,98,>90,mL/min/1.73m²,Normal,Normal,Normal,High,Normal,Normal
697,74,Female,38,15-40,mg/dL,0.6,0.6-1.3,mg/dL,9,7-20,mg/dL,140,135-145,mmol/L,5,3.5-5.1,mmol/L,118,>90,mL/min/1.73m²,Normal,Normal,Normal,Normal,Normal,Normal
698,79,Female,26,15-40,mg/dL,1,0.6-1.3,mg/dL,15,7-20,mg/dL,146,135-145,mmol/L,4.9,3.5-5.1,mmol/L,109,>90,mL/min/1.73m²,Normal,Normal,Normal,High,Normal,Normal
699,77,Male,49,15-40,mg/dL,1.2,0.6-1.3,mg/dL,15,7-20,mg/dL,135,135-145,mmol/L,4.5,3.5-5.1,mmol/L,97,>90,mL/min/1.73m²,High,Normal,Normal,Normal,Normal,Normal
700,31,Male,48,15-40,mg/dL,0.5,0.6-1.3,mg/dL,12,7-20,mg/dL,150,135-145,mmol/L,3.5,3.5-5.1,mmol/L,118,>90,mL/min/1.73m²,High,Low,Normal,High,Normal,Normal
701,58,Male,26,15-40,mg/dL,0.7,0.6-1.3,mg/dL,19,7-20,mg/dL,141,135-145,mmol/L,4.2,3.5-5.1,mmol/L,101,>90,mL/min/1.73m²,Normal,Normal,Normal,Normal,Normal,Normal
702,32,Female,33,15-40,mg/dL,0.899999999999999,0.6-1.3,mg/dL,16,7-20,mg/dL,147,135-145,mmol/L,4.5,3.5-5.1,mmol/L,96,>90,mL/min/1.73m²,Normal,Normal,Normal,High,Normal,Normal
703,60,Male,44,15-40,mg/dL,1.2,0.6-1.3,mg/dL,12,7-20,mg/dL,145,135-145,mmol/L,5,3.5-5.1,mmol/L,103,>90,mL/min/1.73m²,High,Normal,Normal,Normal,Normal,Normal
704,76,Male,26,15-40,mg/dL,1.1,0.6-1.3,mg/dL,14,7-20,mg/dL,140,135-145,mmol/L,4.5,3.5-5.1,mmol/L,117,>90,mL/min/1.73m²,Normal,Normal,Normal,Normal,Normal,Normal
705,72,Female,38,15-40,mg/dL,0.6,0.6-1.3,mg/dL,14,7-20,mg/dL,135,135-145,mmol/L,3.9,3.5-5.1,mmol/L,105,>90,mL/min/1.73m²,Normal,Normal,Normal,Normal,Normal,Normal
706,31,Male,25,15-40,mg/dL,0.8,0.6-1.3,mg/dL,136,7-20,mg/dL,138,135-145,mmol/L,5,3.5-5.1,mmol/L,5,>90,mL/min/1.73m²,Normal,Normal,High,Normal,Normal,Kidney Failure
707,32,Female,30,15-40,mg/dL,1.2,0.6-1.3,mg/dL,12,7-20,mg/dL,140,135-145,mmol/L,4.5,3.5-5.1,mmol/L,99,>90,mL/min/1.73m²,Normal,Normal,Normal,Normal,Normal,Normal
708,76,Male,17,15-40,mg/dL,0.5,0.6-1.3,mg/dL,26,7-20,mg/dL,150,135-145,mmol/L,3.5,3.5-5.1,mmol/L,70,>90,mL/min/1.73m²,Normal,Low,High,High,Normal,Mildly Reduced
709,59,Female,46,15-40,mg/dL,0.6,0.6-1.3,mg/dL,10,7-20,mg/dL,135,135-145,mmol/L,4.9,3.5-5.1,mmol/L,96,>90,mL/min/1.73m²,High,Normal,Normal,Normal,Normal,Normal
710,64,Male,25,15-40,mg/dL,1.2,0.6-1.3,mg/dL,7,7-20,mg/dL,139,135-145,mmol/L,5,3.5-5.1,mmol/L,107,>90,mL/min/1.73m²,Normal,Normal,Normal,Normal,Normal,Normal
711,54,Female,27,15-40,mg/dL,0.7,0.6-1.3,mg/dL,23,7-20,mg/dL,142,135-145,mmol/L,4.9,3.5-5.1,mmol/L,78,>90,mL/min/1.73m²,Normal,Normal,High,Normal,Normal,Mildly Reduced
712,22,Female,18,15-40,mg/dL,1.1,0.6-1.3,mg/dL,14,7-20,mg/dL,147,135-145,mmol/L,4.7,3.5-5.1,mmol/L,103,>90,mL/min/1.73m²,Normal,Normal,Normal,High,Normal,Normal
713,24,Male,32.4361186961348,15-40,mg/dL,0.8,0.6-1.3,mg/dL,18,7-20,mg/dL,135,135-145,mmol/L,4.1,3.5-5.1,mmol/L,106,>90,mL/min/1.73m²,Normal,Normal,Normal,Normal,Normal,Normal
714,30,Female,28,15-40,mg/dL,0.899999999999999,0.6-1.3,mg/dL,19,7-20,mg/dL,142,135-145,mmol/L,4.8,3.5-5.1,mmol/L,112,>90,mL/min/1.73m²,Normal,Normal,Normal,Normal,Normal,Normal
715,75,Male,46,15-40,mg/dL,0.6,0.6-1.3,mg/dL,14,7-20,mg/dL,145,135-145,mmol/L,5,3.5-5.1,mmol/L,108,>90,mL/min/1.73m²,High,Normal,Normal,Normal,Normal,Normal
716,29,Female,30,15-40,mg/dL,0.7,0.6-1.3,mg/dL,48,7-20,mg/dL,141,135-145,mmol/L,4.3,3.5-5.1,mmol/L,51,>90,mL/min/1.73m²,Normal,Normal,High,Normal,Normal,Moderately Reduced
717,53,Female,30,15-40,mg/dL,0.5,0.6-1.3,mg/dL,21,7-20,mg/dL,135,135-145,mmol/L,4.9,3.5-5.1,mmol/L,87,>90,mL/min/1.73m²,Normal,Low,High,Normal,Normal,Mildly Reduced
718,50,Female,48,15-40,mg/dL,1.2,0.6-1.3,mg/dL,82,7-20,mg/dL,139,135-145,mmol/L,4.3,3.5-5.1,mmol/L,27,>90,mL/min/1.73m²,High,Normal,High,Normal,Normal,Severely Reduced
719,60,Female,29,15-40,mg/dL,0.7,0.6-1.3,mg/dL,19,7-20,mg/dL,137,135-145,mmol/L,3.5,3.5-5.1,mmol/L,112,>90,mL/min/1.73m²,Normal,Normal,Normal,Normal,Normal,Normal
720,82,Female,15,15-40,mg/dL,1.1,0.6-1.3,mg/dL,7,7-20,mg/dL,135,135-145,mmol/L,4.4,3.5-5.1,mmol/L,92,>90,mL/min/1.73m²,Normal,Normal,Normal,Normal,Normal,Normal
721,51,Female,49,15-40,mg/dL,1.2,0.6-1.3,mg/dL,52,7-20,mg/dL,150,135-145,mmol/L,4.7,3.5-5.1,mmol/L,31,>90,mL/min/1.73m²,High,Normal,High,High,Normal,Moderately Reduced
722,39,Female,39,15-40,mg/dL,1,0.6-1.3,mg/dL,14,7-20,mg/dL,144,135-145,mmol/L,3.5,3.5-5.1,mmol/L,114,>90,mL/min/1.73m²,Normal,Normal,Normal,Normal,Normal,Normal
723,76,Male,40,15-40,mg/dL,0.5,0.6-1.3,mg/dL,17,7-20,mg/dL,140,135-145,mmol/L,4.6,3.5-5.1,mmol/L,98,>90,mL/min/1.73m²,Normal,Low,Normal,Normal,Normal,Normal
724,69,Male,30,15-40,mg/dL,1.1,0.6-1.3,mg/dL,16,7-20,mg/dL,143,135-145,mmol/L,5,3.5-5.1,mmol/L,96,>90,mL/min/1.73m²,Normal,Normal,Normal,Normal,Normal,Normal
725,44,Female,15,15-40,mg/dL,0.7,0.6-1.3,mg/dL,19,7-20,mg/dL,150,135-145,mmol/L,4.9,3.5-5.1,mmol/L,103,>90,mL/min/1.73m²,Normal,Normal,Normal,High,Normal,Normal
726,31,Female,50,15-40,mg/dL,1.2,0.6-1.3,mg/dL,32,7-20,mg/dL,140,135-145,mmol/L,3.5,3.5-5.1,mmol/L,64,>90,mL/min/1.73m²,High,Normal,High,Normal,Normal,Mildly Reduced
727,58,Female,25,15-40,mg/dL,1.1,0.6-1.3,mg/dL,10,7-20,mg/dL,141,135-145,mmol/L,4.7,3.5-5.1,mmol/L,109,>90,mL/min/1.73m²,Normal,Normal,Normal,Normal,Normal,Normal
728,36,Male,31,15-40,mg/dL,0.8,0.6-1.3,mg/dL,33,7-20,mg/dL,150,135-145,mmol/L,4.6,3.5-5.1,mmol/L,74,>90,mL/min/1.73m²,Normal,Normal,High,High,Normal,Mildly Reduced
729,64,Female,29,15-40,mg/dL,0.6,0.6-1.3,mg/dL,9,7-20,mg/dL,145,135-145,mmol/L,4.9,3.5-5.1,mmol/L,109,>90,mL/min/1.73m²,Normal,Normal,Normal,Normal,Normal,Normal
730,30,Male,25,15-40,mg/dL,0.899999999999999,0.6-1.3,mg/dL,8,7-20,mg/dL,146,135-145,mmol/L,3.5,3.5-5.1,mmol/L,90,>90,mL/min/1.73m²,Normal,Normal,Normal,High,Normal,Normal
731,42,Female,32,15-40,mg/dL,1.1,0.6-1.3,mg/dL,17,7-20,mg/dL,135,135-145,mmol/L,3.9,3.5-5.1,mmol/L,109,>90,mL/min/1.73m²,Normal,Normal,Normal,Normal,Normal,Normal
732,57,Female,39,15-40,mg/dL,0.7,0.6-1.3,mg/dL,25,7-20,mg/dL,147,135-145,mmol/L,4.7,3.5-5.1,mmol/L,66,>90,mL/min/1.73m²,Normal,Normal,High,High,Normal,Mildly Reduced
733,21,Female,33,15-40,mg/dL,1,0.6-1.3,mg/dL,10,7-20,mg/dL,150,135-145,mmol/L,5,3.5-5.1,mmol/L,119,>90,mL/min/1.73m²,Normal,Normal,Normal,High,Normal,Normal
734,56,Female,46,15-40,mg/dL,1.2,0.6-1.3,mg/dL,9,7-20,mg/dL,142,135-145,mmol/L,4,3.5-5.1,mmol/L,94,>90,mL/min/1.73m²,High,Normal,Normal,Normal,Normal,Normal
735,68,Female,25,15-40,mg/dL,0.745204902744285,0.6-1.3,mg/dL,9,7-20,mg/dL,136,135-145,mmol/L,3.5,3.5-5.1,mmol/L,114,>90,mL/min/1.73m²,Normal,Normal,Normal,Normal,Normal,Normal
736,71,Male,45,15-40,mg/dL,0.5,0.6-1.3,mg/dL,37,7-20,mg/dL,139,135-145,mmol/L,4.8,3.5-5.1,mmol/L,33,>90,mL/min/1.73m²,High,Low,High,Normal,Normal,Moderately Reduced
737,52,Female,27,15-40,mg/dL,0.5,0.6-1.3,mg/dL,18,7-20,mg/dL,141,135-145,mmol/L,4.31603177856768,3.5-5.1,mmol/L,100,>90,mL/min/1.73m²,Normal,Low,Normal,Normal,Normal,Normal
738,41,Male,40,15-40,mg/dL,0.899999999999999,0.6-1.3,mg/dL,27,7-20,mg/dL,141,135-145,mmol/L,4.9,3.5-5.1,mmol/L,78,>90,mL/min/1.73m²,Normal,Normal,High,Normal,Normal,Mildly Reduced
739,24,Male,34,15-40,mg/dL,0.8,0.6-1.3,mg/dL,15,7-20,mg/dL,147,135-145,mmol/L,3.5,3.5-5.1,mmol/L,95,>90,mL/min/1.73m²,Normal,Normal,Normal,High,Normal,Normal
740,37,Female,42,15-40,mg/dL,0.5,0.6-1.3,mg/dL,15,7-20,mg/dL,136,135-145,mmol/L,3.5,3.5-5.1,mmol/L,109,>90,mL/min/1.73m²,High,Low,Normal,Normal,Normal,Normal
741,57,Female,29,15-40,mg/dL,1.1,0.6-1.3,mg/dL,11,7-20,mg/dL,142,135-145,mmol/L,4.5,3.5-5.1,mmol/L,116,>90,mL/min/1.73m²,Normal,Normal,Normal,Normal,Normal,Normal
742,56,Female,37,15-40,mg/dL,0.899999999999999,0.6-1.3,mg/dL,7,7-20,mg/dL,150,135-145,mmol/L,5,3.5-5.1,mmol/L,118,>90,mL/min/1.73m²,Normal,Normal,Normal,High,Normal,Normal
743,83,Male,46,15-40,mg/dL,0.5,0.6-1.3,mg/dL,16,7-20,mg/dL,138,135-145,mmol/L,4.2,3.5-5.1,mmol/L,107,>90,mL/min/1.73m²,High,Low,Normal,Normal,Normal,Normal
744,29,Male,35,15-40,mg/dL,0.8,0.6-1.3,mg/dL,11,7-20,mg/dL,135,135-145,mmol/L,4.1,3.5-5.1,mmol/L,94,>90,mL/min/1.73m²,Normal,Normal,Normal,Normal,Normal,Normal
745,61,Male,27,15-40,mg/dL,0.7,0.6-1.3,mg/dL,7,7-20,mg/dL,150,135-145,mmol/L,3.3,3.5-5.1,mmol/L,119,>90,mL/min/1.73m²,Normal,Normal,Normal,High,Low,Normal
746,67,Female,18,15-40,mg/dL,1.2,0.6-1.3,mg/dL,43,7-20,mg/dL,138,135-145,mmol/L,4.3,3.5-5.1,mmol/L,58,>90,mL/min/1.73m²,Normal,Normal,High,Normal,Normal,Moderately Reduced
747,63,Male,41,15-40,mg/dL,0.899999999999999,0.6-1.3,mg/dL,19,7-20,mg/dL,141,135-145,mmol/L,4.4,3.5-5.1,mmol/L,109,>90,mL/min/1.73m²,High,Normal,Normal,Normal,Normal,Normal
748,35,Male,25,15-40,mg/dL,1,0.6-1.3,mg/dL,16,7-20,mg/dL,144,135-145,mmol/L,5,3.5-5.1,mmol/L,104,>90,mL/min/1.73m²,Normal,Normal,Normal,Normal,Normal,Normal
749,73,Male,19,15-40,mg/dL,0.5,0.6-1.3,mg/dL,42,7-20,mg/dL,147,135-145,mmol/L,3.5,3.5-5.1,mmol/L,50,>90,mL/min/1.73m²,Normal,Low,High,High,Normal,Moderately Reduced
750,54,Female,36,15-40,mg/dL,1.1,0.6-1.3,mg/dL,13,7-20,mg/dL,150,135-145,mmol/L,3.5,3.5-5.1,mmol/L,117,>90,mL/min/1.73m²,Normal,Normal,Normal,High,Normal,Normal
751,47,Male,20,15-40,mg/dL,1,0.6-1.3,mg/dL,8,7-20,mg/dL,142,135-145,mmol/L,4.8,3.5-5.1,mmol/L,114,>90,mL/min/1.73m²,Normal,Normal,Normal,Normal,Normal,Normal
752,21,Male,49,15-40,mg/dL,0.899999999999999,0.6-1.3,mg/dL,36,7-20,mg/dL,139,135-145,mmol/L,3.3,3.5-5.1,mmol/L,49,>90,mL/min/1.73m²,High,Normal,High,Normal,Low,Moderately Reduced
753,32,Female,47,15-40,mg/dL,1.1,0.6-1.3,mg/dL,10,7-20,mg/dL,141,135-145,mmol/L,4.9,3.5-5.1,mmol/L,95,>90,mL/min/1.73m²,High,Normal,Normal,Normal,Normal,Normal
754,60,Female,37,15-40,mg/dL,0.6,0.6-1.3,mg/dL,15,7-20,mg/dL,150,135-145,mmol/L,5,3.5-5.1,mmol/L,93,>90,mL/min/1.73m²,Normal,Normal,Normal,High,Normal,Normal
755,78,Female,17,15-40,mg/dL,0.4,0.6-1.3,mg/dL,15,7-20,mg/dL,147,135-145,mmol/L,4.7,3.5-5.1,mmol/L,106,>90,mL/min/1.73m²,Normal,Low,Normal,High,Normal,Normal
756,72,Male,24,15-40,mg/dL,0.8,0.6-1.3,mg/dL,33,7-20,mg/dL,145,135-145,mmol/L,5,3.5-5.1,mmol/L,74,>90,mL/min/1.73m²,Normal,Normal,High,Normal,Normal,Mildly Reduced
757,64,Male,38,15-40,mg/dL,0.5,0.6-1.3,mg/dL,14,7-20,mg/dL,144,135-145,mmol/L,4.8,3.5-5.1,mmol/L,107,>90,mL/min/1.73m²,Normal,Low,Normal,Normal,Normal,Normal
758,39,Male,16,15-40,mg/dL,1.1,0.6-1.3,mg/dL,17,7-20,mg/dL,140,135-145,mmol/L,3.6,3.5-5.1,mmol/L,95,>90,mL/min/1.73m²,Normal,Normal,Normal,Normal,Normal,Normal
759,43,Female,22,15-40,mg/dL,1.2,0.6-1.3,mg/dL,55,7-20,mg/dL,138,135-145,mmol/L,3.5,3.5-5.1,mmol/L,53,>90,mL/min/1.73m²,Normal,Normal,High,Normal,Normal,Moderately Reduced
760,80,Male,50,15-40,mg/dL,0.6,0.6-1.3,mg/dL,33,7-20,mg/dL,147,135-145,mmol/L,3.7,3.5-5.1,mmol/L,84,>90,mL/min/1.73m²,High,Normal,High,High,Normal,Mildly Reduced
761,77,Female,39,15-40,mg/dL,0.5,0.6-1.3,mg/dL,13,7-20,mg/dL,135,135-145,mmol/L,3.9,3.5-5.1,mmol/L,109,>90,mL/min/1.73m²,Normal,Low,Normal,Normal,Normal,Normal
762,46,Female,16,15-40,mg/dL,0.7,0.6-1.3,mg/dL,18,7-20,mg/dL,138,135-145,mmol/L,3.5,3.5-5.1,mmol/L,111,>90,mL/min/1.73m²,Normal,Normal,Normal,Normal,Normal,Normal
763,45,Male,19,15-40,mg/dL,1.1,0.6-1.3,mg/dL,15,7-20,mg/dL,144,135-145,mmol/L,5,3.5-5.1,mmol/L,108,>90,mL/min/1.73m²,Normal,Normal,Normal,Normal,Normal,Normal
764,26,Male,40,15-40,mg/dL,0.5,0.6-1.3,mg/dL,9,7-20,mg/dL,141,135-145,mmol/L,4.5,3.5-5.1,mmol/L,101,>90,mL/min/1.73m²,Normal,Low,Normal,Normal,Normal,Normal
765,61,Male,44,15-40,mg/dL,0.7,0.6-1.3,mg/dL,10,7-20,mg/dL,137,135-145,mmol/L,3.5,3.5-5.1,mmol/L,98,>90,mL/min/1.73m²,High,Normal,Normal,Normal,Normal,Normal
766,66,Female,46,15-40,mg/dL,1,0.6-1.3,mg/dL,8,7-20,mg/dL,145,135-145,mmol/L,3.5,3.5-5.1,mmol/L,97,>90,mL/min/1.73m²,High,Normal,Normal,Normal,Normal,Normal
767,72,Female,15,15-40,mg/dL,0.5,0.6-1.3,mg/dL,28,7-20,mg/dL,141,135-145,mmol/L,3.6,3.5-5.1,mmol/L,87,>90,mL/min/1.73m²,Normal,Low,High,Normal,Normal,Mildly Reduced
768,78,Male,41,15-40,mg/dL,1.1,0.6-1.3,mg/dL,57,7-20,mg/dL,139,135-145,mmol/L,3.8,3.5-5.1,mmol/L,44,>90,mL/min/1.73m²,High,Normal,High,Normal,Normal,Moderately Reduced
769,57,Female,42,15-40,mg/dL,0.7,0.6-1.3,mg/dL,12,7-20,mg/dL,146,135-145,mmol/L,5,3.5-5.1,mmol/L,90,>90,mL/min/1.73m²,High,Normal,Normal,High,Normal,Normal
770,72,Male,48,15-40,mg/dL,0.8,0.6-1.3,mg/dL,24,7-20,mg/dL,144,135-145,mmol/L,3.5,3.5-5.1,mmol/L,88,>90,mL/min/1.73m²,High,Normal,High,Normal,Normal,Mildly Reduced
771,34,Male,42,15-40,mg/dL,1.2,0.6-1.3,mg/dL,18,7-20,mg/dL,139,135-145,mmol/L,3.7,3.5-5.1,mmol/L,91,>90,mL/min/1.73m²,High,Normal,Normal,Normal,Normal,Normal
772,45,Male,50,15-40,mg/dL,0.5,0.6-1.3,mg/dL,26,7-20,mg/dL,145,135-145,mmol/L,5,3.5-5.1,mmol/L,85,>90,mL/min/1.73m²,High,Low,High,Normal,Normal,Mildly Reduced
773,67,Female,26,15-40,mg/dL,0.899999999999999,0.6-1.3,mg/dL,9,7-20,mg/dL,150,135-145,mmol/L,4.9,3.5-5.1,mmol/L,119,>90,mL/min/1.73m²,Normal,Normal,Normal,High,Normal,Normal
774,38,Female,38,15-40,mg/dL,1,0.6-1.3,mg/dL,11,7-20,mg/dL,142,135-145,mmol/L,3.6,3.5-5.1,mmol/L,114,>90,mL/min/1.73m²,Normal,Normal,Normal,Normal,Normal,Normal
775,28,Male,44,15-40,mg/dL,1.2,0.6-1.3,mg/dL,21,7-20,mg/dL,146,135-145,mmol/L,3.6,3.5-5.1,mmol/L,85,>90,mL/min/1.73m²,High,Normal,High,High,Normal,Mildly Reduced
776,83,Male,41,15-40,mg/dL,0.5,0.6-1.3,mg/dL,11,7-20,mg/dL,143,135-145,mmol/L,4.5,3.5-5.1,mmol/L,92,>90,mL/min/1.73m²,High,Low,Normal,Normal,Normal,Normal
777,73,Female,16,15-40,mg/dL,1.1,0.6-1.3,mg/dL,13,7-20,mg/dL,147,135-145,mmol/L,3.5,3.5-5.1,mmol/L,119,>90,mL/min/1.73m²,Normal,Normal,Normal,High,Normal,Normal
778,70,Male,27,15-40,mg/dL,0.7,0.6-1.3,mg/dL,17,7-20,mg/dL,145,135-145,mmol/L,4.8,3.5-5.1,mmol/L,108,>90,mL/min/1.73m²,Normal,Normal,Normal,Normal,Normal,Normal
779,58,Female,30.9896801902599,15-40,mg/dL,0.899999999999999,0.6-1.3,mg/dL,16,7-20,mg/dL,140,135-145,mmol/L,4.8,3.5-5.1,mmol/L,99,>90,mL/min/1.73m²,Normal,Normal,Normal,Normal,Normal,Normal
780,23,Male,45,15-40,mg/dL,0.6,0.6-1.3,mg/dL,17,7-20,mg/dL,138,135-145,mmol/L,3.5,3.5-5.1,mmol/L,114,>90,mL/min/1.73m²,High,Normal,Normal,Normal,Normal,Normal
781,22,Female,23,15-40,mg/dL,1.1,0.6-1.3,mg/dL,13,7-20,mg/dL,139,135-145,mmol/L,3.5,3.5-5.1,mmol/L,103,>90,mL/min/1.73m²,Normal,Normal,Normal,Normal,Normal,Normal
782,83,Male,47,15-40,mg/dL,0.5,0.6-1.3,mg/dL,15,7-20,mg/dL,142,135-145,mmol/L,4.8,3.5-5.1,mmol/L,108,>90,mL/min/1.73m²,High,Low,Normal,Normal,Normal,Normal
783,48,Female,22,15-40,mg/dL,0.8,0.6-1.3,mg/dL,9,7-20,mg/dL,137,135-145,mmol/L,5,3.5-5.1,mmol/L,115,>90,mL/min/1.73m²,Normal,Normal,Normal,Normal,Normal,Normal
784,30,Male,46,15-40,mg/dL,0.7,0.6-1.3,mg/dL,14,7-20,mg/dL,141,135-145,mmol/L,4.9,3.5-5.1,mmol/L,117,>90,mL/min/1.73m²,High,Normal,Normal,Normal,Normal,Normal
785,77,Female,18,15-40,mg/dL,1.1,0.6-1.3,mg/dL,11,7-20,mg/dL,150,135-145,mmol/L,4.7,3.5-5.1,mmol/L,100,>90,mL/min/1.73m²,Normal,Normal,Normal,High,Normal,Normal
786,46,Female,25,15-40,mg/dL,0.6,0.6-1.3,mg/dL,57,7-20,mg/dL,146,135-145,mmol/L,4.9,3.5-5.1,mmol/L,50,>90,mL/min/1.73m²,Normal,Normal,High,High,Normal,Moderately Reduced
787,40,Female,47,15-40,mg/dL,0.5,0.6-1.3,mg/dL,7,7-20,mg/dL,142,135-145,mmol/L,3.5,3.5-5.1,mmol/L,95,>90,mL/min/1.73m²,High,Low,Normal,Normal,Normal,Normal
788,58,Female,17,15-40,mg/dL,0.899999999999999,0.6-1.3,mg/dL,7,7-20,mg/dL,136,135-145,mmol/L,3.9,3.5-5.1,mmol/L,108,>90,mL/min/1.73m²,Normal,Normal,Normal,Normal,Normal,Normal
789,65,Male,15,15-40,mg/dL,1.2,0.6-1.3,mg/dL,10,7-20,mg/dL,144,135-145,mmol/L,3.7,3.5-5.1,mmol/L,103,>90,mL/min/1.73m²,Normal,Normal,Normal,Normal,Normal,Normal
790,55,Female,48,15-40,mg/dL,0.7,0.6-1.3,mg/dL,64,7-20,mg/dL,140,135-145,mmol/L,5,3.5-5.1,mmol/L,24,>90,mL/min/1.73m²,High,Normal,High,Normal,Normal,Severely Reduced
791,84,Female,25,15-40,mg/dL,0.8,0.6-1.3,mg/dL,19,7-20,mg/dL,135,135-145,mmol/L,3.7,3.5-5.1,mmol/L,97,>90,mL/min/1.73m²,Normal,Normal,Normal,Normal,Normal,Normal
792,82,Male,16,15-40,mg/dL,1.1,0.6-1.3,mg/dL,16,7-20,mg/dL,142,135-145,mmol/L,4.1,3.5-5.1,mmol/L,91,>90,mL/min/1.73m²,Normal,Normal,Normal,Normal,Normal,Normal
793,54,Female,48,15-40,mg/dL,1.2,0.6-1.3,mg/dL,9,7-20,mg/dL,147,135-145,mmol/L,4.3,3.5-5.1,mmol/L,111,>90,mL/min/1.73m²,High,Normal,Normal,High,Normal,Normal
794,50,Male,45,15-40,mg/dL,0.7,0.6-1.3,mg/dL,12,7-20,mg/dL,141,135-145,mmol/L,4.4,3.5-5.1,mmol/L,107,>90,mL/min/1.73m²,High,Normal,Normal,Normal,Normal,Normal
795,47,Female,46,15-40,mg/dL,0.8,0.6-1.3,mg/dL,9,7-20,mg/dL,139,135-145,mmol/L,5,3.5-5.1,mmol/L,114,>90,mL/min/1.73m²,High,Normal,Normal,Normal,Normal,Normal
796,20,Female,49,15-40,mg/dL,0.5,0.6-1.3,mg/dL,55,7-20,mg/dL,150,135-145,mmol/L,4.9,3.5-5.1,mmol/L,51,>90,mL/min/1.73m²,High,Low,High,High,Normal,Moderately Reduced
797,44,Female,31,15-40,mg/dL,1.2,0.6-1.3,mg/dL,47,7-20,mg/dL,141,135-145,mmol/L,3.5,3.5-5.1,mmol/L,54,>90,mL/min/1.73m²,Normal,Normal,High,Normal,Normal,Moderately Reduced
798,62,Female,26,15-40,mg/dL,0.6,0.6-1.3,mg/dL,7,7-20,mg/dL,137,135-145,mmol/L,4.4,3.5-5.1,mmol/L,119,>90,mL/min/1.73m²,Normal,Normal,Normal,Normal,Normal,Normal
799,82,Female,50,15-40,mg/dL,1,0.6-1.3,mg/dL,9,7-20,mg/dL,135,135-145,mmol/L,4.9,3.5-5.1,mmol/L,93,>90,mL/min/1.73m²,High,Normal,Normal,Normal,Normal,Normal
800,70,Female,18,15-40,mg/dL,1.1,0.6-1.3,mg/dL,57,7-20,mg/dL,141,135-145,mmol/L,3.5,3.5-5.1,mmol/L,57,>90,mL/min/1.73m²,Normal,Normal,High,Normal,Normal,Moderately Reduced
801,21,Male,36,15-40,mg/dL,1.2,0.6-1.3,mg/dL,9,7-20,mg/dL,136,135-145,mmol/L,4.7,3.5-5.1,mmol/L,92,>90,mL/min/1.73m²,Normal,Normal,Normal,Normal,Normal,Normal
802,83,Male,18,15-40,mg/dL,0.8,0.6-1.3,mg/dL,11,7-20,mg/dL,140,135-145,mmol/L,4,3.5-5.1,mmol/L,91,>90,mL/min/1.73m²,Normal,Normal,Normal,Normal,Normal,Normal
803,28,Female,53,15-40,mg/dL,1.8,0.6-1.3,mg/dL,13,7-20,mg/dL,135,135-145,mmol/L,4.8,3.5-5.1,mmol/L,113,>90,mL/min/1.73m²,High,High,Normal,Normal,Normal,Normal
804,21,Female,56,15-40,mg/dL,3.80000000000001,0.6-1.3,mg/dL,19,7-20,mg/dL,111,135-145,mmol/L,2.5,3.5-5.1,mmol/L,93,>90,mL/min/1.73m²,High,High,Normal,Low,Low,Normal
805,53,Male,26,15-40,mg/dL,1.4,0.6-1.3,mg/dL,8,7-20,mg/dL,140,135-145,mmol/L,4,3.5-5.1,mmol/L,107,>90,mL/min/1.73m²,Normal,High,Normal,Normal,Normal,Normal
806,79,Male,25,15-40,mg/dL,1.1,0.6-1.3,mg/dL,9,7-20,mg/dL,142,135-145,mmol/L,3.2,3.5-5.1,mmol/L,100,>90,mL/min/1.73m²,Normal,Normal,Normal,Normal,Low,Normal
807,80,Female,54,15-40,mg/dL,24.0000000000001,0.6-1.3,mg/dL,54,7-20,mg/dL,104,135-145,mmol/L,4,3.5-5.1,mmol/L,38,>90,mL/min/1.73m²,High,High,High,Low,Normal,Moderately Reduced
808,50,Female,31,15-40,mg/dL,1.1,0.6-1.3,mg/dL,50,7-20,mg/dL,138,135-145,mmol/L,4.2,3.5-5.1,mmol/L,57,>90,mL/min/1.73m²,Normal,Normal,High,Normal,Normal,Moderately Reduced
809,29,Female,60,15-40,mg/dL,1.9,0.6-1.3,mg/dL,11,7-20,mg/dL,135,135-145,mmol/L,5,3.5-5.1,mmol/L,97,>90,mL/min/1.73m²,High,High,Normal,Normal,Normal,Normal
810,55,Female,107,15-40,mg/dL,7.2,0.6-1.3,mg/dL,18,7-20,mg/dL,114,135-145,mmol/L,3.7,3.5-5.1,mmol/L,110,>90,mL/min/1.73m²,High,High,Normal,Low,Normal,Normal
811,68,Female,55,15-40,mg/dL,4,0.6-1.3,mg/dL,146,7-20,mg/dL,135,135-145,mmol/L,5,3.5-5.1,mmol/L,12,>90,mL/min/1.73m²,High,High,High,Normal,Normal,Kidney Failure
812,68,Female,60,15-40,mg/dL,2.7,0.6-1.3,mg/dL,28,7-20,mg/dL,131,135-145,mmol/L,4.2,3.5-5.1,mmol/L,64,>90,mL/min/1.73m²,High,High,High,Low,Normal,Mildly Reduced
813,22,Male,72,15-40,mg/dL,2.1,0.6-1.3,mg/dL,10,7-20,mg/dL,138,135-145,mmol/L,5.8,3.5-5.1,mmol/L,102,>90,mL/min/1.73m²,High,High,Normal,Normal,High,Normal
814,24,Female,86,15-40,mg/dL,4.6,0.6-1.3,mg/dL,59,7-20,mg/dL,135,135-145,mmol/L,3.4,3.5-5.1,mmol/L,36,>90,mL/min/1.73m²,High,High,High,Normal,Low,Moderately Reduced
815,80,Female,90,15-40,mg/dL,4.1,0.6-1.3,mg/dL,23,7-20,mg/dL,130,135-145,mmol/L,6.4,3.5-5.1,mmol/L,80,>90,mL/min/1.73m²,High,High,High,Low,High,Mildly Reduced
816,45,Male,162,15-40,mg/dL,9.6,0.6-1.3,mg/dL,8,7-20,mg/dL,141,135-145,mmol/L,4.9,3.5-5.1,mmol/L,118,>90,mL/min/1.73m²,High,High,Normal,Normal,Normal,Normal
817,24,Male,46,15-40,mg/dL,2.2,0.6-1.3,mg/dL,16,7-20,mg/dL,138,135-145,mmol/L,4.1,3.5-5.1,mmol/L,94,>90,mL/min/1.73m²,High,High,Normal,Normal,Normal,Normal
818,34,Male,87,15-40,mg/dL,5.2,0.6-1.3,mg/dL,7,7-20,mg/dL,139,135-145,mmol/L,3.7,3.5-5.1,mmol/L,102,>90,mL/min/1.73m²,High,High,Normal,Normal,Normal,Normal
819,35,Male,27,15-40,mg/dL,1.3,0.6-1.3,mg/dL,13,7-20,mg/dL,135,135-145,mmol/L,4.3,3.5-5.1,mmol/L,109,>90,mL/min/1.73m²,Normal,Normal,Normal,Normal,Normal,Normal
820,20,Female,31,15-40,mg/dL,1.6,0.6-1.3,mg/dL,10,7-20,mg/dL,135,135-145,mmol/L,5,3.5-5.1,mmol/L,118,>90,mL/min/1.73m²,Normal,High,Normal,Normal,Normal,Normal
821,35,Male,148,15-40,mg/dL,3.9,0.6-1.3,mg/dL,31,7-20,mg/dL,135,135-145,mmol/L,5.2,3.5-5.1,mmol/L,75,>90,mL/min/1.73m²,High,High,High,Normal,High,Mildly Reduced
822,56,Male,180,15-40,mg/dL,76,0.6-1.3,mg/dL,14,7-20,mg/dL,4.5,135-145,mmol/L,4.9,3.5-5.1,mmol/L,119,>90,mL/min/1.73m²,High,High,Normal,Low,Normal,Normal
823,22,Female,163,15-40,mg/dL,7.7,0.6-1.3,mg/dL,14,7-20,mg/dL,136,135-145,mmol/L,3.8,3.5-5.1,mmol/L,103,>90,mL/min/1.73m²,High,High,Normal,Normal,Normal,Normal
824,71,Male,38,15-40,mg/dL,1.91076754393545,0.6-1.3,mg/dL,18,7-20,mg/dL,135,135-145,mmol/L,4.3,3.5-5.1,mmol/L,94,>90,mL/min/1.73m²,Normal,High,Normal,Normal,Normal,Normal
825,66,Male,50,15-40,mg/dL,1.4,0.6-1.3,mg/dL,14,7-20,mg/dL,129,135-145,mmol/L,4,3.5-5.1,mmol/L,112,>90,mL/min/1.73m²,High,High,Normal,Low,Normal,Normal
826,32,Female,75,15-40,mg/dL,1.9,0.6-1.3,mg/dL,56,7-20,mg/dL,141,135-145,mmol/L,5.2,3.5-5.1,mmol/L,48,>90,mL/min/1.73m²,High,High,High,Normal,High,Moderately Reduced
827,74,Female,45,15-40,mg/dL,2.4,0.6-1.3,mg/dL,15,7-20,mg/dL,140,135-145,mmol/L,3.4,3.5-5.1,mmol/L,93,>90,mL/min/1.73m²,High,High,Normal,Normal,Low,Normal
828,40,Female,87,15-40,mg/dL,2.7,0.6-1.3,mg/dL,10,7-20,mg/dL,130,135-145,mmol/L,4,3.5-5.1,mmol/L,113,>90,mL/min/1.73m²,High,High,Normal,Low,Normal,Normal
829,73,Female,31,15-40,mg/dL,1.4,0.6-1.3,mg/dL,11,7-20,mg/dL,135,135-145,mmol/L,4.5,3.5-5.1,mmol/L,111,>90,mL/min/1.73m²,Normal,High,Normal,Normal,Normal,Normal
830,46,Female,28,15-40,mg/dL,1.4,0.6-1.3,mg/dL,10,7-20,mg/dL,139,135-145,mmol/L,4,3.5-5.1,mmol/L,113,>90,mL/min/1.73m²,Normal,High,Normal,Normal,Normal,Normal
831,57,Female,155,15-40,mg/dL,7.3,0.6-1.3,mg/dL,11,7-20,mg/dL,132,135-145,mmol/L,4.9,3.5-5.1,mmol/L,100,>90,mL/min/1.73m²,High,High,Normal,Low,Normal,Normal
832,77,Female,33,15-40,mg/dL,1.5,0.6-1.3,mg/dL,8,7-20,mg/dL,141,135-145,mmol/L,4.6,3.5-5.1,mmol/L,91,>90,mL/min/1.73m²,Normal,High,Normal,Normal,Normal,Normal
833,81,Male,39,15-40,mg/dL,1.5,0.6-1.3,mg/dL,11,7-20,mg/dL,133,135-145,mmol/L,4.9,3.5-5.1,mmol/L,102,>90,mL/min/1.73m²,Normal,High,Normal,Low,Normal,Normal
834,65,Male,55,15-40,mg/dL,2.5,0.6-1.3,mg/dL,16,7-20,mg/dL,136,135-145,mmol/L,4.2,3.5-5.1,mmol/L,105,>90,mL/min/1.73m²,High,High,Normal,Normal,Normal,Normal
835,30,Female,153,15-40,mg/dL,5.2,0.6-1.3,mg/dL,14,7-20,mg/dL,137,135-145,mmol/L,4.8,3.5-5.1,mmol/L,98,>90,mL/min/1.73m²,High,High,Normal,Normal,Normal,Normal
836,27,Male,39,15-40,mg/dL,2,0.6-1.3,mg/dL,15,7-20,mg/dL,136,135-145,mmol/L,4.8,3.5-5.1,mmol/L,105,>90,mL/min/1.73m²,Normal,High,Normal,Normal,Normal,Normal
837,83,Female,29,15-40,mg/dL,1.8,0.6-1.3,mg/dL,41,7-20,mg/dL,133,135-145,mmol/L,3.9,3.5-5.1,mmol/L,36,>90,mL/min/1.73m²,Normal,High,High,Low,Normal,Moderately Reduced
838,40,Male,65,15-40,mg/dL,3.4,0.6-1.3,mg/dL,13,7-20,mg/dL,141,135-145,mmol/L,4.7,3.5-5.1,mmol/L,105,>90,mL/min/1.73m²,High,High,Normal,Normal,Normal,Normal
839,82,Female,103,15-40,mg/dL,4.1,0.6-1.3,mg/dL,12,7-20,mg/dL,132,135-145,mmol/L,5.9,3.5-5.1,mmol/L,102,>90,mL/min/1.73m²,High,High,Normal,Low,High,Normal
840,83,Male,70,15-40,mg/dL,3.4,0.6-1.3,mg/dL,8,7-20,mg/dL,136,135-145,mmol/L,4.2,3.5-5.1,mmol/L,94,>90,mL/min/1.73m²,High,High,Normal,Normal,Normal,Normal
841,39,Female,80,15-40,mg/dL,2.1,0.6-1.3,mg/dL,16,7-20,mg/dL,135,135-145,mmol/L,4.5,3.5-5.1,mmol/L,116,>90,mL/min/1.73m²,High,High,Normal,Normal,Normal,Normal
842,27,Male,20,15-40,mg/dL,0.7,0.6-1.3,mg/dL,18,7-20,mg/dL,137,135-145,mmol/L,3.9,3.5-5.1,mmol/L,104,>90,mL/min/1.73m²,Normal,Normal,Normal,Normal,Normal,Normal
843,77,Female,29,15-40,mg/dL,1,0.6-1.3,mg/dL,17,7-20,mg/dL,139,135-145,mmol/L,4.2,3.5-5.1,mmol/L,96,>90,mL/min/1.73m²,Normal,Normal,Normal,Normal,Normal,Normal
844,65,Male,202,15-40,mg/dL,10.8,0.6-1.3,mg/dL,69,7-20,mg/dL,134,135-145,mmol/L,3.4,3.5-5.1,mmol/L,16,>90,mL/min/1.73m²,High,High,High,Low,Low,Severely Reduced
845,50,Male,77,15-40,mg/dL,6.3,0.6-1.3,mg/dL,19,7-20,mg/dL,134,135-145,mmol/L,4.8,3.5-5.1,mmol/L,116,>90,mL/min/1.73m²,High,High,Normal,Low,Normal,Normal
846,28,Female,89,15-40,mg/dL,5.90000000000001,0.6-1.3,mg/dL,15,7-20,mg/dL,130,135-145,mmol/L,4.9,3.5-5.1,mmol/L,109,>90,mL/min/1.73m²,High,High,Normal,Low,Normal,Normal
847,34,Male,24,15-40,mg/dL,1.2,0.6-1.3,mg/dL,11,7-20,mg/dL,142,135-145,mmol/L,4.2,3.5-5.1,mmol/L,112,>90,mL/min/1.73m²,Normal,Normal,Normal,Normal,Normal,Normal
848,45,Male,17,15-40,mg/dL,0.8,0.6-1.3,mg/dL,111,7-20,mg/dL,140,135-145,mmol/L,4,3.5-5.1,mmol/L,6,>90,mL/min/1.73m²,Normal,Normal,High,Normal,Normal,Kidney Failure
849,29,Male,32,15-40,mg/dL,0.899999999999999,0.6-1.3,mg/dL,7,7-20,mg/dL,125,135-145,mmol/L,4,3.5-5.1,mmol/L,97,>90,mL/min/1.73m²,Normal,Normal,Normal,Low,Normal,Normal
850,48,Male,72,15-40,mg/dL,3,0.6-1.3,mg/dL,11,7-20,mg/dL,132,135-145,mmol/L,4.32030155424421,3.5-5.1,mmol/L,119,>90,mL/min/1.73m²,High,High,Normal,Low,Normal,Normal
851,55,Male,114,15-40,mg/dL,3.25,0.6-1.3,mg/dL,12,7-20,mg/dL,142,135-145,mmol/L,4.3,3.5-5.1,mmol/L,99,>90,mL/min/1.73m²,High,High,Normal,Normal,Normal,Normal
852,56,Female,66,15-40,mg/dL,1.6,0.6-1.3,mg/dL,16,7-20,mg/dL,136,135-145,mmol/L,4.4,3.5-5.1,mmol/L,99,>90,mL/min/1.73m²,High,High,Normal,Normal,Normal,Normal
853,42,Female,38,15-40,mg/dL,2.2,0.6-1.3,mg/dL,17,7-20,mg/dL,135,135-145,mmol/L,4.4,3.5-5.1,mmol/L,100,>90,mL/min/1.73m²,Normal,High,Normal,Normal,Normal,Normal
854,60,Male,24,15-40,mg/dL,1,0.6-1.3,mg/dL,36,7-20,mg/dL,136,135-145,mmol/L,4.7,3.5-5.1,mmol/L,50,>90,mL/min/1.73m²,Normal,Normal,High,Normal,Normal,Moderately Reduced
855,47,Female,49,15-40,mg/dL,3.4,0.6-1.3,mg/dL,13,7-20,mg/dL,136,135-145,mmol/L,4.2,3.5-5.1,mmol/L,118,>90,mL/min/1.73m²,High,High,Normal,Normal,Normal,Normal
856,67,Male,18,15-40,mg/dL,1.00597441785769,0.6-1.3,mg/dL,10,7-20,mg/dL,139,135-145,mmol/L,4,3.5-5.1,mmol/L,110,>90,mL/min/1.73m²,Normal,Normal,Normal,Normal,Normal,Normal
857,57,Female,164,15-40,mg/dL,9.7,0.6-1.3,mg/dL,11,7-20,mg/dL,131,135-145,mmol/L,4.4,3.5-5.1,mmol/L,97,>90,mL/min/1.73m²,High,High,Normal,Low,Normal,Normal
858,50,Male,155,15-40,mg/dL,7.3,0.6-1.3,mg/dL,9,7-20,mg/dL,132,135-145,mmol/L,4.9,3.5-5.1,mmol/L,105,>90,mL/min/1.73m²,High,High,Normal,Low,Normal,Normal
859,33,Male,142,15-40,mg/dL,4.6,0.6-1.3,mg/dL,11,7-20,mg/dL,138,135-145,mmol/L,5.8,3.5-5.1,mmol/L,105,>90,mL/min/1.73m²,High,High,Normal,Normal,High,Normal
860,48,Male,96,15-40,mg/dL,6.40000000000001,0.6-1.3,mg/dL,18,7-20,mg/dL,135,135-145,mmol/L,6.45262151711935,3.5-5.1,mmol/L,118,>90,mL/min/1.73m²,High,High,Normal,Normal,High,Normal
861,70,Male,66,15-40,mg/dL,3.2,0.6-1.3,mg/dL,23,7-20,mg/dL,138,135-145,mmol/L,6.60000000000001,3.5-5.1,mmol/L,88,>90,mL/min/1.73m²,High,High,High,Normal,High,Mildly Reduced
862,68,Female,391,15-40,mg/dL,32,0.6-1.3,mg/dL,18,7-20,mg/dL,163,135-145,mmol/L,39,3.5-5.1,mmol/L,117,>90,mL/min/1.73m²,High,High,Normal,High,High,Normal
863,62,Female,15,15-40,mg/dL,0.6,0.6-1.3,mg/dL,16,7-20,mg/dL,138,135-145,mmol/L,4,3.5-5.1,mmol/L,106,>90,mL/min/1.73m²,Normal,Normal,Normal,Normal,Normal,Normal
864,24,Female,111,15-40,mg/dL,6.1,0.6-1.3,mg/dL,12,7-20,mg/dL,131,135-145,mmol/L,3.7,3.5-5.1,mmol/L,95,>90,mL/min/1.73m²,High,High,Normal,Low,Normal,Normal
865,61,Male,30.9940494661473,15-40,mg/dL,2.2,0.6-1.3,mg/dL,8,7-20,mg/dL,139,135-145,mmol/L,4,3.5-5.1,mmol/L,107,>90,mL/min/1.73m²,Normal,High,Normal,Normal,Normal,Normal
866,26,Female,20,15-40,mg/dL,1.1,0.6-1.3,mg/dL,9,7-20,mg/dL,139.896791057883,135-145,mmol/L,4.1,3.5-5.1,mmol/L,106,>90,mL/min/1.73m²,Normal,Normal,Normal,Normal,Normal,Normal
867,61,Female,55,15-40,mg/dL,1.6,0.6-1.3,mg/dL,18,7-20,mg/dL,131,135-145,mmol/L,4.8,3.5-5.1,mmol/L,101,>90,mL/min/1.73m²,High,High,Normal,Low,Normal,Normal
868,55,Male,40,15-40,mg/dL,2.7,0.6-1.3,mg/dL,16,7-20,mg/dL,140,135-145,mmol/L,4,3.5-5.1,mmol/L,104,>90,mL/min/1.73m²,Normal,High,Normal,Normal,Normal,Normal
869,46,Male,73,15-40,mg/dL,3.3,0.6-1.3,mg/dL,20,7-20,mg/dL,137,135-145,mmol/L,4.3,3.5-5.1,mmol/L,88,>90,mL/min/1.73m²,High,High,Normal,Normal,Normal,Mildly Reduced
870,77,Male,20,15-40,mg/dL,1.1,0.6-1.3,mg/dL,66,7-20,mg/dL,135,135-145,mmol/L,4.5,3.5-5.1,mmol/L,21,>90,mL/min/1.73m²,Normal,Normal,High,Normal,Normal,Severely Reduced
871,65,Female,19,15-40,mg/dL,0.7,0.6-1.3,mg/dL,15,7-20,mg/dL,137,135-145,mmol/L,4.4,3.5-5.1,mmol/L,117,>90,mL/min/1.73m²,Normal,Normal,Normal,Normal,Normal,Normal
872,44,Female,92,15-40,mg/dL,3.3,0.6-1.3,mg/dL,8,7-20,mg/dL,141,135-145,mmol/L,4,3.5-5.1,mmol/L,103,>90,mL/min/1.73m²,High,High,Normal,Normal,Normal,Normal
873,46,Male,35,15-40,mg/dL,1.3,0.6-1.3,mg/dL,13,7-20,mg/dL,136,135-145,mmol/L,4.1,3.5-5.1,mmol/L,119,>90,mL/min/1.73m²,Normal,Normal,Normal,Normal,Normal,Normal
874,20,Female,107,15-40,mg/dL,6.7,0.6-1.3,mg/dL,9,7-20,mg/dL,132,135-145,mmol/L,4.4,3.5-5.1,mmol/L,93,>90,mL/min/1.73m²,High,High,Normal,Low,Normal,Normal
875,61,Male,107,15-40,mg/dL,6.7,0.6-1.3,mg/dL,11,7-20,mg/dL,131,135-145,mmol/L,4.8,3.5-5.1,mmol/L,106,>90,mL/min/1.73m²,High,High,Normal,Low,Normal,Normal
876,71,Female,16,15-40,mg/dL,0.7,0.6-1.3,mg/dL,12,7-20,mg/dL,138,135-145,mmol/L,3.2,3.5-5.1,mmol/L,115,>90,mL/min/1.73m²,Normal,Normal,Normal,Normal,Low,Normal
877,44,Male,139,15-40,mg/dL,8.5,0.6-1.3,mg/dL,14,7-20,mg/dL,132,135-145,mmol/L,5.5,3.5-5.1,mmol/L,100,>90,mL/min/1.73m²,High,High,Normal,Low,High,Normal
878,73,Female,48,15-40,mg/dL,3.2,0.6-1.3,mg/dL,10,7-20,mg/dL,137,135-145,mmol/L,5,3.5-5.1,mmol/L,116,>90,mL/min/1.73m²,High,High,Normal,Normal,Normal,Normal
879,25,Female,85,15-40,mg/dL,3.2,0.6-1.3,mg/dL,8,7-20,mg/dL,141,135-145,mmol/L,3.5,3.5-5.1,mmol/L,95,>90,mL/min/1.73m²,High,High,Normal,Normal,Normal,Normal
880,77,Female,55,15-40,mg/dL,1.8,0.6-1.3,mg/dL,9,7-20,mg/dL,135,135-145,mmol/L,4.7,3.5-5.1,mmol/L,99,>90,mL/min/1.73m²,High,High,Normal,Normal,Normal,Normal
881,72,Male,98,15-40,mg/dL,2.8,0.6-1.3,mg/dL,14,7-20,mg/dL,133,135-145,mmol/L,5,3.5-5.1,mmol/L,118,>90,mL/min/1.73m²,High,High,Normal,Low,Normal,Normal
882,77,Male,45,15-40,mg/dL,2.4,0.6-1.3,mg/dL,13,7-20,mg/dL,128,135-145,mmol/L,4.4,3.5-5.1,mmol/L,117,>90,mL/min/1.73m²,High,High,Normal,Low,Normal,Normal
883,21,Male,77,15-40,mg/dL,1.9,0.6-1.3,mg/dL,12,7-20,mg/dL,140,135-145,mmol/L,3.9,3.5-5.1,mmol/L,104,>90,mL/min/1.73m²,High,High,Normal,Normal,Normal,Normal
884,41,Female,19,15-40,mg/dL,1,0.6-1.3,mg/dL,11,7-20,mg/dL,134,135-145,mmol/L,3.6,3.5-5.1,mmol/L,118,>90,mL/min/1.73m²,Normal,Normal,Normal,Low,Normal,Normal
885,56,Male,186,15-40,mg/dL,15,0.6-1.3,mg/dL,30,7-20,mg/dL,135,135-145,mmol/L,7.59999999999978,3.5-5.1,mmol/L,65,>90,mL/min/1.73m²,High,High,High,Normal,High,Mildly Reduced
886,39,Female,46,15-40,mg/dL,1.5,0.6-1.3,mg/dL,11,7-20,mg/dL,134.022421116166,135-145,mmol/L,4.5,3.5-5.1,mmol/L,105,>90,mL/min/1.73m²,High,High,Normal,Low,Normal,Normal
887,43,Male,37,15-40,mg/dL,1.9,0.6-1.3,mg/dL,7,7-20,mg/dL,136,135-145,mmol/L,4.3,3.5-5.1,mmol/L,101,>90,mL/min/1.73m²,Normal,High,Normal,Normal,Normal,Normal
888,84,Male,47,15-40,mg/dL,2.9,0.6-1.3,mg/dL,12,7-20,mg/dL,132.112320739248,135-145,mmol/L,4.2,3.5-5.1,mmol/L,108,>90,mL/min/1.73m²,High,High,Normal,Low,Normal,Normal
889,84,Female,52,15-40,mg/dL,2.2,0.6-1.3,mg/dL,19,7-20,mg/dL,137.98708181916,135-145,mmol/L,4.8,3.5-5.1,mmol/L,105,>90,mL/min/1.73m²,High,High,Normal,Normal,Normal,Normal
890,20,Female,32,15-40,mg/dL,1.4,0.6-1.3,mg/dL,15,7-20,mg/dL,139,135-145,mmol/L,4.7,3.5-5.1,mmol/L,103,>90,mL/min/1.73m²,Normal,High,Normal,Normal,Normal,Normal
891,22,Male,35,15-40,mg/dL,3.2,0.6-1.3,mg/dL,14,7-20,mg/dL,143,135-145,mmol/L,3.5,3.5-5.1,mmol/L,95,>90,mL/min/1.73m²,Normal,High,Normal,Normal,Normal,Normal
892,65,Male,26,15-40,mg/dL,1.7,0.6-1.3,mg/dL,31,7-20,mg/dL,136,135-145,mmol/L,3.8,3.5-5.1,mmol/L,85,>90,mL/min/1.73m²,Normal,High,High,Normal,Normal,Mildly Reduced
893,74,Female,82,15-40,mg/dL,3.6,0.6-1.3,mg/dL,29,7-20,mg/dL,133,135-145,mmol/L,4.4,3.5-5.1,mmol/L,68,>90,mL/min/1.73m²,High,High,High,Low,Normal,Mildly Reduced
894,83,Female,90,15-40,mg/dL,5.6,0.6-1.3,mg/dL,7,7-20,mg/dL,140,135-145,mmol/L,2.9,3.5-5.1,mmol/L,111,>90,mL/min/1.73m²,High,High,Normal,Normal,Low,Normal
895,64,Male,66,15-40,mg/dL,1.6,0.6-1.3,mg/dL,17,7-20,mg/dL,137,135-145,mmol/L,4.5,3.5-5.1,mmol/L,90,>90,mL/min/1.73m²,High,High,Normal,Normal,Normal,Normal
896,45,Female,25,15-40,mg/dL,1.1,0.6-1.3,mg/dL,19,7-20,mg/dL,131,135-145,mmol/L,3.7,3.5-5.1,mmol/L,115,>90,mL/min/1.73m²,Normal,Normal,Normal,Low,Normal,Normal
897,84,Male,32,15-40,mg/dL,2.7,0.6-1.3,mg/dL,12,7-20,mg/dL,135,135-145,mmol/L,4.7,3.5-5.1,mmol/L,111,>90,mL/min/1.73m²,Normal,High,Normal,Normal,Normal,Normal
898,43,Male,51,15-40,mg/dL,2.2,0.6-1.3,mg/dL,37,7-20,mg/dL,132,135-145,mmol/L,3.8,3.5-5.1,mmol/L,37,>90,mL/min/1.73m²,High,High,High,Low,Normal,Moderately Reduced
899,54,Male,106,15-40,mg/dL,6.50000000000001,0.6-1.3,mg/dL,12,7-20,mg/dL,135,135-145,mmol/L,4.3,3.5-5.1,mmol/L,96,>90,mL/min/1.73m²,High,High,Normal,Normal,Normal,Normal
900,43,Female,24,15-40,mg/dL,1.2,0.6-1.3,mg/dL,15,7-20,mg/dL,139,135-145,mmol/L,3.9,3.5-5.1,mmol/L,103,>90,mL/min/1.73m²,Normal,Normal,Normal,Normal,Normal,Normal
901,47,Male,22,15-40,mg/dL,0.899999999999999,0.6-1.3,mg/dL,12,7-20,mg/dL,133,135-145,mmol/L,3.8,3.5-5.1,mmol/L,97,>90,mL/min/1.73m²,Normal,Normal,Normal,Low,Normal,Normal
902,35,Male,80,15-40,mg/dL,4.4,0.6-1.3,mg/dL,14,7-20,mg/dL,139,135-145,mmol/L,5.7,3.5-5.1,mmol/L,100,>90,mL/min/1.73m²,High,High,Normal,Normal,High,Normal
903,78,Female,32,15-40,mg/dL,2.1,0.6-1.3,mg/dL,12,7-20,mg/dL,141,135-145,mmol/L,4.2,3.5-5.1,mmol/L,117,>90,mL/min/1.73m²,Normal,High,Normal,Normal,Normal,Normal
904,73,Female,217,15-40,mg/dL,10.2,0.6-1.3,mg/dL,12,7-20,mg/dL,132,135-145,mmol/L,3.57187764552801,3.5-5.1,mmol/L,113,>90,mL/min/1.73m²,High,High,Normal,Low,Normal,Normal
905,35,Female,88,15-40,mg/dL,2,0.6-1.3,mg/dL,13,7-20,mg/dL,135,135-145,mmol/L,4.8,3.5-5.1,mmol/L,98,>90,mL/min/1.73m²,High,High,Normal,Normal,Normal,Normal
906,34,Male,32,15-40,mg/dL,11.5,0.6-1.3,mg/dL,45,7-20,mg/dL,139,135-145,mmol/L,4,3.5-5.1,mmol/L,48,>90,mL/min/1.73m²,Normal,High,High,Normal,Normal,Moderately Reduced
907,30,Female,118,15-40,mg/dL,6.1,0.6-1.3,mg/dL,32,7-20,mg/dL,127,135-145,mmol/L,4.4,3.5-5.1,mmol/L,66,>90,mL/min/1.73m²,High,High,High,Low,Normal,Mildly Reduced
908,84,Female,53,15-40,mg/dL,2.8,0.6-1.3,mg/dL,16,7-20,mg/dL,139,135-145,mmol/L,4.5,3.5-5.1,mmol/L,95,>90,mL/min/1.73m²,High,High,Normal,Normal,Normal,Normal
909,62,Male,15,15-40,mg/dL,1,0.6-1.3,mg/dL,17,7-20,mg/dL,141,135-145,mmol/L,4.2,3.5-5.1,mmol/L,107,>90,mL/min/1.73m²,Normal,Normal,Normal,Normal,Normal,Normal
910,32,Male,50.1,15-40,mg/dL,1.9,0.6-1.3,mg/dL,10,7-20,mg/dL,135,135-145,mmol/L,4.28858583222799,3.5-5.1,mmol/L,94,>90,mL/min/1.73m²,High,High,Normal,Normal,Normal,Normal
911,29,Male,19,15-40,mg/dL,2,0.6-1.3,mg/dL,19,7-20,mg/dL,142,135-145,mmol/L,3.8,3.5-5.1,mmol/L,108,>90,mL/min/1.73m²,Normal,High,Normal,Normal,Normal,Normal
912,60,Male,71,15-40,mg/dL,4.4,0.6-1.3,mg/dL,19,7-20,mg/dL,128,135-145,mmol/L,5.4,3.5-5.1,mmol/L,100,>90,mL/min/1.73m²,High,High,Normal,Low,High,Normal
913,69,Female,34,15-40,mg/dL,1.2,0.6-1.3,mg/dL,14,7-20,mg/dL,140,135-145,mmol/L,3.5,3.5-5.1,mmol/L,94,>90,mL/min/1.73m²,Normal,Normal,Normal,Normal,Normal,Normal
914,78,Male,46.9802894531938,15-40,mg/dL,2.2,0.6-1.3,mg/dL,10,7-20,mg/dL,136,135-145,mmol/L,4.3,3.5-5.1,mmol/L,119,>90,mL/min/1.73m²,High,High,Normal,Normal,Normal,Normal
915,58,Female,51,15-40,mg/dL,1.8,0.6-1.3,mg/dL,13,7-20,mg/dL,140,135-145,mmol/L,4.4,3.5-5.1,mmol/L,116,>90,mL/min/1.73m²,High,High,Normal,Normal,Normal,Normal
916,22,Male,28,15-40,mg/dL,0.899999999999999,0.6-1.3,mg/dL,7,7-20,mg/dL,139,135-145,mmol/L,3.9,3.5-5.1,mmol/L,114,>90,mL/min/1.73m²,Normal,Normal,Normal,Normal,Normal,Normal
917,26,Male,16,15-40,mg/dL,0.5,0.6-1.3,mg/dL,18,7-20,mg/dL,137,135-145,mmol/L,4,3.5-5.1,mmol/L,119,>90,mL/min/1.73m²,Normal,Low,Normal,Normal,Normal,Normal
918,68,Female,36,15-40,mg/dL,1.3,0.6-1.3,mg/dL,84,7-20,mg/dL,139,135-145,mmol/L,3.7,3.5-5.1,mmol/L,22,>90,mL/min/1.73m²,Normal,Normal,High,Normal,Normal,Severely Reduced
919,45,Female,25,15-40,mg/dL,1.2,0.6-1.3,mg/dL,29,7-20,mg/dL,136,135-145,mmol/L,4.2,3.5-5.1,mmol/L,84,>90,mL/min/1.73m²,Normal,Normal,High,Normal,Normal,Mildly Reduced
920,52,Female,27,15-40,mg/dL,1.2,0.6-1.3,mg/dL,15,7-20,mg/dL,139,135-145,mmol/L,4,3.5-5.1,mmol/L,98,>90,mL/min/1.73m²,Normal,Normal,Normal,Normal,Normal,Normal
921,67,Male,40,15-40,mg/dL,2.2,0.6-1.3,mg/dL,26,7-20,mg/dL,137,135-145,mmol/L,5.3,3.5-5.1,mmol/L,86,>90,mL/min/1.73m²,Normal,High,High,Normal,High,Mildly Reduced
922,21,Male,21,15-40,mg/dL,1.3,0.6-1.3,mg/dL,14,7-20,mg/dL,137,135-145,mmol/L,3.4,3.5-5.1,mmol/L,113,>90,mL/min/1.73m²,Normal,Normal,Normal,Normal,Low,Normal
923,51,Female,219,15-40,mg/dL,12.2,0.6-1.3,mg/dL,36,7-20,mg/dL,130,135-145,mmol/L,3.8,3.5-5.1,mmol/L,59,>90,mL/min/1.73m²,High,High,High,Low,Normal,Moderately Reduced
924,23,Female,30,15-40,mg/dL,1.1,0.6-1.3,mg/dL,29,7-20,mg/dL,137,135-145,mmol/L,3.8,3.5-5.1,mmol/L,67,>90,mL/min/1.73m²,Normal,Normal,High,Normal,Normal,Mildly Reduced
925,39,Male,98,15-40,mg/dL,2.5,0.6-1.3,mg/dL,18,7-20,mg/dL,134.281490104886,135-145,mmol/L,4.13649828214961,3.5-5.1,mmol/L,100,>90,mL/min/1.73m²,High,High,Normal,Low,Normal,Normal
926,55,Female,36,15-40,mg/dL,2.5,0.6-1.3,mg/dL,16,7-20,mg/dL,131,135-145,mmol/L,4.3,3.5-5.1,mmol/L,116,>90,mL/min/1.73m²,Normal,High,Normal,Low,Normal,Normal
927,51,Female,125,15-40,mg/dL,4,0.6-1.3,mg/dL,13,7-20,mg/dL,136,135-145,mmol/L,4.6,3.5-5.1,mmol/L,111,>90,mL/min/1.73m²,High,High,Normal,Normal,Normal,Normal
928,47,Male,125,15-40,mg/dL,5.3,0.6-1.3,mg/dL,7,7-20,mg/dL,136,135-145,mmol/L,4.9,3.5-5.1,mmol/L,95,>90,mL/min/1.73m²,High,High,Normal,Normal,Normal,Normal
929,20,Female,166,15-40,mg/dL,5.6,0.6-1.3,mg/dL,9,7-20,mg/dL,133,135-145,mmol/L,47,3.5-5.1,mmol/L,119,>90,mL/min/1.73m²,High,High,Normal,Low,High,Normal
930,79,Male,49,15-40,mg/dL,1.4,0.6-1.3,mg/dL,12,7-20,mg/dL,135,135-145,mmol/L,4.7,3.5-5.1,mmol/L,104,>90,mL/min/1.73m²,High,High,Normal,Normal,Normal,Normal
931,75,Male,208,15-40,mg/dL,9.20000000000001,0.6-1.3,mg/dL,11,7-20,mg/dL,134,135-145,mmol/L,4.8,3.5-5.1,mmol/L,95,>90,mL/min/1.73m²,High,High,Normal,Low,Normal,Normal
932,54,Male,25,15-40,mg/dL,0.6,0.6-1.3,mg/dL,24,7-20,mg/dL,139,135-145,mmol/L,4,3.5-5.1,mmol/L,85,>90,mL/min/1.73m²,Normal,Normal,High,Normal,Normal,Mildly Reduced
933,49,Female,176,15-40,mg/dL,13.8,0.6-1.3,mg/dL,146,7-20,mg/dL,136,135-145,mmol/L,4.5,3.5-5.1,mmol/L,10,>90,mL/min/1.73m²,High,High,High,Normal,Normal,Kidney Failure
934,73,Female,125,15-40,mg/dL,5.3,0.6-1.3,mg/dL,12,7-20,mg/dL,136,135-145,mmol/L,4.9,3.5-5.1,mmol/L,118,>90,mL/min/1.73m²,High,High,Normal,Normal,Normal,Normal
935,55,Female,48,15-40,mg/dL,16.9,0.6-1.3,mg/dL,9,7-20,mg/dL,138,135-145,mmol/L,5.2,3.5-5.1,mmol/L,119,>90,mL/min/1.73m²,High,High,Normal,Normal,High,Normal
936,74,Female,24,15-40,mg/dL,1.3,0.6-1.3,mg/dL,8,7-20,mg/dL,140,135-145,mmol/L,4,3.5-5.1,mmol/L,100,>90,mL/min/1.73m²,Normal,Normal,Normal,Normal,Normal,Normal
937,77,Male,68,15-40,mg/dL,2.8,0.6-1.3,mg/dL,15,7-20,mg/dL,146,135-145,mmol/L,6.3,3.5-5.1,mmol/L,118,>90,mL/min/1.73m²,High,High,Normal,High,High,Normal
938,84,Male,86,15-40,mg/dL,4,0.6-1.3,mg/dL,49,7-20,mg/dL,134,135-145,mmol/L,5.1,3.5-5.1,mmol/L,44,>90,mL/min/1.73m²,High,High,High,Low,High,Moderately Reduced
939,70,Female,51,15-40,mg/dL,1.6,0.6-1.3,mg/dL,16,7-20,mg/dL,142,135-145,mmol/L,3.5,3.5-5.1,mmol/L,101,>90,mL/min/1.73m²,High,High,Normal,Normal,Normal,Normal
940,41,Female,68,15-40,mg/dL,2.8,0.6-1.3,mg/dL,10,7-20,mg/dL,132,135-145,mmol/L,4.1,3.5-5.1,mmol/L,98,>90,mL/min/1.73m²,High,High,Normal,Low,Normal,Normal
941,72,Female,40,15-40,mg/dL,1.2,0.6-1.3,mg/dL,17,7-20,mg/dL,142,135-145,mmol/L,5.6,3.5-5.1,mmol/L,99,>90,mL/min/1.73m²,Normal,Normal,Normal,Normal,High,Normal
942,55,Female,106,15-40,mg/dL,6,0.6-1.3,mg/dL,11,7-20,mg/dL,137,135-145,mmol/L,4.9,3.5-5.1,mmol/L,118,>90,mL/min/1.73m²,High,High,Normal,Normal,Normal,Normal
943,55,Male,145,15-40,mg/dL,7.1,0.6-1.3,mg/dL,15,7-20,mg/dL,135,135-145,mmol/L,5.3,3.5-5.1,mmol/L,104,>90,mL/min/1.73m²,High,High,Normal,Normal,High,Normal
944,71,Female,165,15-40,mg/dL,18,0.6-1.3,mg/dL,24,7-20,mg/dL,135,135-145,mmol/L,4.7,3.5-5.1,mmol/L,76,>90,mL/min/1.73m²,High,High,High,Normal,Normal,Mildly Reduced
945,72,Male,53,15-40,mg/dL,2.3,0.6-1.3,mg/dL,13,7-20,mg/dL,136,135-145,mmol/L,5.2,3.5-5.1,mmol/L,105,>90,mL/min/1.73m²,High,High,Normal,Normal,High,Normal
946,69,Female,322,15-40,mg/dL,13,0.6-1.3,mg/dL,8,7-20,mg/dL,126,135-145,mmol/L,4.8,3.5-5.1,mmol/L,115,>90,mL/min/1.73m²,High,High,Normal,Low,Normal,Normal
947,60,Female,23,15-40,mg/dL,1,0.6-1.3,mg/dL,8,7-20,mg/dL,139,135-145,mmol/L,4,3.5-5.1,mmol/L,111,>90,mL/min/1.73m²,Normal,Normal,Normal,Normal,Normal,Normal
948,37,Female,36,15-40,mg/dL,1.7,0.6-1.3,mg/dL,54,7-20,mg/dL,130,135-145,mmol/L,3,3.5-5.1,mmol/L,37,>90,mL/min/1.73m²,Normal,High,High,Low,Low,Moderately Reduced
949,41,Male,26,15-40,mg/dL,48.0999999999997,0.6-1.3,mg/dL,58,7-20,mg/dL,137,135-145,mmol/L,3.90548081083365,3.5-5.1,mmol/L,46,>90,mL/min/1.73m²,Normal,High,High,Normal,Normal,Moderately Reduced
950,40,Female,29,15-40,mg/dL,1,0.6-1.3,mg/dL,8,7-20,mg/dL,138,135-145,mmol/L,3.7,3.5-5.1,mmol/L,100,>90,mL/min/1.73m²,Normal,Normal,Normal,Normal,Normal,Normal
951,63,Male,27,15-40,mg/dL,0.899999999999999,0.6-1.3,mg/dL,16,7-20,mg/dL,136,135-145,mmol/L,4.3,3.5-5.1,mmol/L,100,>90,mL/min/1.73m²,Normal,Normal,Normal,Normal,Normal,Normal
952,66,Male,46,15-40,mg/dL,1.7,0.6-1.3,mg/dL,13,7-20,mg/dL,141,135-145,mmol/L,5.5,3.5-5.1,mmol/L,95,>90,mL/min/1.73m²,High,High,Normal,Normal,High,Normal
953,58,Female,20,15-40,mg/dL,0.8,0.6-1.3,mg/dL,19,7-20,mg/dL,133,135-145,mmol/L,3.5,3.5-5.1,mmol/L,114,>90,mL/min/1.73m²,Normal,Normal,Normal,Low,Normal,Normal
954,48,Male,235,15-40,mg/dL,14.2,0.6-1.3,mg/dL,47,7-20,mg/dL,132,135-145,mmol/L,3.4,3.5-5.1,mmol/L,51,>90,mL/min/1.73m²,High,High,High,Low,Low,Moderately Reduced
955,73,Male,132,15-40,mg/dL,16.4,0.6-1.3,mg/dL,7,7-20,mg/dL,140,135-145,mmol/L,4.2,3.5-5.1,mmol/L,119,>90,mL/min/1.73m²,High,High,Normal,Normal,Normal,Normal
956,36,Male,40,15-40,mg/dL,1.8,0.6-1.3,mg/dL,15,7-20,mg/dL,139,135-145,mmol/L,4.49681808759923,3.5-5.1,mmol/L,91,>90,mL/min/1.73m²,Normal,High,Normal,Normal,Normal,Normal
957,79,Female,76,15-40,mg/dL,3.3,0.6-1.3,mg/dL,16,7-20,mg/dL,139,135-145,mmol/L,4.5,3.5-5.1,mmol/L,90,>90,mL/min/1.73m²,High,High,Normal,Normal,Normal,Normal
958,50,Male,42,15-40,mg/dL,1.7,0.6-1.3,mg/dL,12,7-20,mg/dL,136,135-145,mmol/L,4.7,3.5-5.1,mmol/L,109,>90,mL/min/1.73m²,High,High,Normal,Normal,Normal,Normal
959,68,Male,48,15-40,mg/dL,1.5,0.6-1.3,mg/dL,17,7-20,mg/dL,132,135-145,mmol/L,4,3.5-5.1,mmol/L,95,>90,mL/min/1.73m²,High,High,Normal,Low,Normal,Normal
960,21,Female,35,15-40,mg/dL,1.3,0.6-1.3,mg/dL,7,7-20,mg/dL,122,135-145,mmol/L,3.5,3.5-5.1,mmol/L,115,>90,mL/min/1.73m²,Normal,Normal,Normal,Low,Normal,Normal
961,67,Female,39,15-40,mg/dL,2.1,0.6-1.3,mg/dL,16,7-20,mg/dL,147,135-145,mmol/L,4.2,3.5-5.1,mmol/L,115,>90,mL/min/1.73m²,Normal,High,Normal,High,Normal,Normal
962,33,Male,154.999850937987,15-40,mg/dL,7.3,0.6-1.3,mg/dL,12,7-20,mg/dL,132,135-145,mmol/L,4.9,3.5-5.1,mmol/L,114,>90,mL/min/1.73m²,High,High,Normal,Low,Normal,Normal
963,78,Male,34,15-40,mg/dL,1.5,0.6-1.3,mg/dL,11,7-20,mg/dL,124,135-145,mmol/L,4.1,3.5-5.1,mmol/L,94,>90,mL/min/1.73m²,Normal,High,Normal,Low,Normal,Normal
964,77,Male,40,15-40,mg/dL,2,0.6-1.3,mg/dL,18,7-20,mg/dL,140,135-145,mmol/L,4.1,3.5-5.1,mmol/L,112,>90,mL/min/1.73m²,Normal,High,Normal,Normal,Normal,Normal
965,77,Male,15,15-40,mg/dL,0.8,0.6-1.3,mg/dL,11,7-20,mg/dL,137,135-145,mmol/L,4.2,3.5-5.1,mmol/L,111,>90,mL/min/1.73m²,Normal,Normal,Normal,Normal,Normal,Normal
966,70,Female,41,15-40,mg/dL,2.2,0.6-1.3,mg/dL,11,7-20,mg/dL,134,135-145,mmol/L,4.7,3.5-5.1,mmol/L,111,>90,mL/min/1.73m²,High,High,Normal,Low,Normal,Normal
967,21,Female,44,15-40,mg/dL,3.9,0.6-1.3,mg/dL,10,7-20,mg/dL,127,135-145,mmol/L,4.3,3.5-5.1,mmol/L,98,>90,mL/min/1.73m²,High,High,Normal,Low,Normal,Normal
968,60,Male,19,15-40,mg/dL,0.899999999999999,0.6-1.3,mg/dL,13,7-20,mg/dL,137,135-145,mmol/L,4.4,3.5-5.1,mmol/L,94,>90,mL/min/1.73m²,Normal,Normal,Normal,Normal,Normal,Normal
969,35,Female,28,15-40,mg/dL,1.5,0.6-1.3,mg/dL,19,7-20,mg/dL,135.343855902118,135-145,mmol/L,4.4,3.5-5.1,mmol/L,107,>90,mL/min/1.73m²,Normal,High,Normal,Normal,Normal,Normal
970,23,Male,68,15-40,mg/dL,2.8,0.6-1.3,mg/dL,15,7-20,mg/dL,136,135-145,mmol/L,5.02257890042586,3.5-5.1,mmol/L,113,>90,mL/min/1.73m²,High,High,Normal,Normal,Normal,Normal
971,31,Female,41,15-40,mg/dL,1.7,0.6-1.3,mg/dL,19,7-20,mg/dL,131,135-145,mmol/L,3.9,3.5-5.1,mmol/L,116,>90,mL/min/1.73m²,High,High,Normal,Low,Normal,Normal
972,48,Female,60,15-40,mg/dL,2.6,0.6-1.3,mg/dL,38,7-20,mg/dL,115,135-145,mmol/L,5.7,3.5-5.1,mmol/L,59,>90,mL/min/1.73m²,High,High,High,Low,High,Moderately Reduced
973,26,Male,113,15-40,mg/dL,2.9,0.6-1.3,mg/dL,8,7-20,mg/dL,130,135-145,mmol/L,2.5,3.5-5.1,mmol/L,108,>90,mL/min/1.73m²,High,High,Normal,Low,Low,Normal
974,33,Male,1.5,15-40,mg/dL,7.3,0.6-1.3,mg/dL,8,7-20,mg/dL,145,135-145,mmol/L,2.8,3.5-5.1,mmol/L,104,>90,mL/min/1.73m²,Low,High,Normal,Normal,Low,Normal
975,31,Male,146,15-40,mg/dL,7.50000000000001,0.6-1.3,mg/dL,8,7-20,mg/dL,141,135-145,mmol/L,4.7,3.5-5.1,mmol/L,119,>90,mL/min/1.73m²,High,High,Normal,Normal,Normal,Normal
976,24,Male,58,15-40,mg/dL,2.2,0.6-1.3,mg/dL,13,7-20,mg/dL,113,135-145,mmol/L,3,3.5-5.1,mmol/L,104,>90,mL/min/1.73m²,High,High,Normal,Low,Low,Normal
977,51,Female,40,15-40,mg/dL,1.7,0.6-1.3,mg/dL,10,7-20,mg/dL,125,135-145,mmol/L,3.5,3.5-5.1,mmol/L,98,>90,mL/min/1.73m²,Normal,High,Normal,Low,Normal,Normal
978,62,Female,133,15-40,mg/dL,2.5,0.6-1.3,mg/dL,10,7-20,mg/dL,136,135-145,mmol/L,4.5,3.5-5.1,mmol/L,103,>90,mL/min/1.73m²,High,High,Normal,Normal,Normal,Normal
979,64,Male,153,15-40,mg/dL,2.7,0.6-1.3,mg/dL,7,7-20,mg/dL,139,135-145,mmol/L,4.3,3.5-5.1,mmol/L,94,>90,mL/min/1.73m²,High,High,Normal,Normal,Normal,Normal
980,28,Female,53,15-40,mg/dL,2.3,0.6-1.3,mg/dL,10,7-20,mg/dL,140,135-145,mmol/L,4.4,3.5-5.1,mmol/L,119,>90,mL/min/1.73m²,High,High,Normal,Normal,Normal,Normal
981,68,Female,56,15-40,mg/dL,1.9,0.6-1.3,mg/dL,12,7-20,mg/dL,134,135-145,mmol/L,3.9,3.5-5.1,mmol/L,106,>90,mL/min/1.73m²,High,High,Normal,Low,Normal,Normal
982,52,Male,52,15-40,mg/dL,2.2,0.6-1.3,mg/dL,21,7-20,mg/dL,136,135-145,mmol/L,3.8,3.5-5.1,mmol/L,74,>90,mL/min/1.73m²,High,High,High,Normal,Normal,Mildly Reduced
983,37,Male,23,15-40,mg/dL,0.8,0.6-1.3,mg/dL,10,7-20,mg/dL,140,135-145,mmol/L,4.1,3.5-5.1,mmol/L,109,>90,mL/min/1.73m²,Normal,Normal,Normal,Normal,Normal,Normal
984,28,Female,106,15-40,mg/dL,6.50000000000001,0.6-1.3,mg/dL,17,7-20,mg/dL,135,135-145,mmol/L,4.3,3.5-5.1,mmol/L,114,>90,mL/min/1.73m²,High,High,Normal,Normal,Normal,Normal
985,81,Male,137,15-40,mg/dL,3.3,0.6-1.3,mg/dL,13,7-20,mg/dL,133,135-145,mmol/L,4.5,3.5-5.1,mmol/L,106,>90,mL/min/1.73m²,High,High,Normal,Low,Normal,Normal
986,76,Male,23,15-40,mg/dL,0.6,0.6-1.3,mg/dL,19,7-20,mg/dL,138,135-145,mmol/L,4.4,3.5-5.1,mmol/L,113,>90,mL/min/1.73m²,Normal,Normal,Normal,Normal,Normal,Normal
987,48,Female,46,15-40,mg/dL,1,0.6-1.3,mg/dL,15,7-20,mg/dL,135,135-145,mmol/L,3.8,3.5-5.1,mmol/L,113,>90,mL/min/1.73m²,High,Normal,Normal,Normal,Normal,Normal
988,44,Female,22,15-40,mg/dL,0.7,0.6-1.3,mg/dL,8,7-20,mg/dL,139,135-145,mmol/L,4.04215057010699,3.5-5.1,mmol/L,114,>90,mL/min/1.73m²,Normal,Normal,Normal,Normal,Normal,Normal
989,34,Male,66,15-40,mg/dL,2.5,0.6-1.3,mg/dL,14,7-20,mg/dL,142,135-145,mmol/L,3.6,3.5-5.1,mmol/L,98,>90,mL/min/1.73m²,High,High,Normal,Normal,Normal,Normal
990,25,Female,58,15-40,mg/dL,4.3,0.6-1.3,mg/dL,33,7-20,mg/dL,137,135-145,mmol/L,5.4,3.5-5.1,mmol/L,72,>90,mL/min/1.73m²,High,High,High,Normal,High,Mildly Reduced
991,61,Male,67,15-40,mg/dL,1,0.6-1.3,mg/dL,25,7-20,mg/dL,135,135-145,mmol/L,4.9,3.5-5.1,mmol/L,81,>90,mL/min/1.73m²,High,Normal,High,Normal,Normal,Mildly Reduced
992,48,Male,115,15-40,mg/dL,6,0.6-1.3,mg/dL,14,7-20,mg/dL,134,135-145,mmol/L,2.7,3.5-5.1,mmol/L,102,>90,mL/min/1.73m²,High,High,Normal,Low,Low,Normal
993,23,Female,16,15-40,mg/dL,0.899999999999999,0.6-1.3,mg/dL,8,7-20,mg/dL,139,135-145,mmol/L,3.99307874593696,3.5-5.1,mmol/L,94,>90,mL/min/1.73m²,Normal,Normal,Normal,Normal,Normal,Normal
994,76,Female,223,15-40,mg/dL,18.1,0.6-1.3,mg/dL,17,7-20,mg/dL,113,135-145,mmol/L,6.5,3.5-5.1,mmol/L,117,>90,mL/min/1.73m²,High,High,Normal,Low,High,Normal
995,68,Male,49,15-40,mg/dL,1.2,0.6-1.3,mg/dL,7,7-20,mg/dL,135,135-145,mmol/L,4.7,3.5-5.1,mmol/L,117,>90,mL/min/1.73m²,High,Normal,Normal,Normal,Normal,Normal
996,63,Male,98.6,15-40,mg/dL,3.3,0.6-1.3,mg/dL,13,7-20,mg/dL,138,135-145,mmol/L,3.9,3.5-5.1,mmol/L,103,>90,mL/min/1.73m²,High,High,Normal,Normal,Normal,Normal
997,33,Male,158,15-40,mg/dL,11.8,0.6-1.3,mg/dL,43,7-20,mg/dL,122,135-145,mmol/L,3.2,3.5-5.1,mmol/L,59,>90,mL/min/1.73m²,High,High,High,Low,Low,Moderately Reduced
998,22,Female,111,15-40,mg/dL,9.3,0.6-1.3,mg/dL,15,7-20,mg/dL,124,135-145,mmol/L,5.3,3.5-5.1,mmol/L,96,>90,mL/min/1.73m²,High,High,Normal,Low,High,Normal
999,81,Male,40,15-40,mg/dL,3.2,0.6-1.3,mg/dL,61,7-20,mg/dL,137,135-145,mmol/L,4.7,3.5-5.1,mmol/L,23,>90,mL/min/1.73m²,Normal,High,High,Normal,Normal,Severely Reduced
1000,83,Female,37,15-40,mg/dL,1.5,0.6-1.3,mg/dL,10,7-20,mg/dL,140,135-145,mmol/L,5.2,3.5-5.1,mmol/L,94,>90,mL/min/1.73m²,Normal,High,Normal,Normal,High,Normal
