Sl No,Age,Gender,TSH,T3 (Total T3),TT4 (Total T4),FTI,TSH Reference Range,TSH Unit,TSH Status,T3 (Total T3) Reference Range,T3 (Total T3) Unit,T3 (Total T3) Status,TT4 (Total T4) Reference Range,TT4 (Total T4) Unit,TT4 (Total T4) Status,FTI Reference Range,FTI Unit,FTI Status
1,51,Male,1.6,2.1,111.0,117.0,0.4–4.0,mIU/L,Normal,1.2–3.1,nmol/L,Normal,66–181,nmol/L,Normal,1.0–4.0,Index,High
2,60,Male,11.0,2.6,109.0,103.0,0.4–4.0,mIU/L,High,1.2–3.1,nmol/L,Normal,66–181,nmol/L,Normal,1.0–4.0,Index,High
3,75,Female,0.6,1.8,99.0,96.0,0.4–4.0,mIU/L,Normal,1.2–3.1,nmol/L,Normal,66–181,nmol/L,Normal,1.0–4.0,Index,High
4,25,Female,1.9,2.1,95.0,101.0,0.4–4.0,mIU/L,Normal,1.2–3.1,nmol/L,Normal,66–181,nmol/L,Normal,1.0–4.0,Index,High
5,70,Female,0.15,1.5,85.0,94.0,0.4–4.0,mIU/L,Low,1.2–3.1,nmol/L,Normal,66–181,nmol/L,Normal,1.0–4.0,Index,High
6,69,Male,2.3,1.8,84.0,68.0,0.4–4.0,mIU/L,Normal,1.2–3.1,nmol/L,Normal,66–181,nmol/L,Normal,1.0–4.0,Index,High
7,59,Female,0.1,2.2,156.0,166.0,0.4–4.0,mIU/L,Low,1.2–3.1,nmol/L,Normal,66–181,nmol/L,Normal,1.0–4.0,Index,High
8,38,Female,5.1,1.6,91.0,85.0,0.4–4.0,mIU/L,High,1.2–3.1,nmol/L,Normal,66–181,nmol/L,Normal,1.0–4.0,Index,High
9,28,Male,0.05,1.6,91.0,103.0,0.4–4.0,mIU/L,Low,1.2–3.1,nmol/L,Normal,66–181,nmol/L,Normal,1.0–4.0,Index,High
10,60,Female,0.01,1.8,130.0,151.0,0.4–4.0,mIU/L,Low,1.2–3.1,nmol/L,Normal,66–181,nmol/L,Normal,1.0–4.0,Index,High
11,70,Female,1.8,1.1,91.0,115.0,0.4–4.0,mIU/L,Normal,1.2–3.1,nmol/L,Low,66–181,nmol/L,Normal,1.0–4.0,Index,High
12,74,Female,1.1,1.7,102.0,104.0,0.4–4.0,mIU/L,Normal,1.2–3.1,nmol/L,Normal,66–181,nmol/L,Normal,1.0–4.0,Index,High
13,34,Female,0.22,2.8,95.0,86.0,0.4–4.0,mIU/L,Low,1.2–3.1,nmol/L,Normal,66–181,nmol/L,Normal,1.0–4.0,Index,High
14,53,Female,2.0,1.5,89.0,86.0,0.4–4.0,mIU/L,Normal,1.2–3.1,nmol/L,Normal,66–181,nmol/L,Normal,1.0–4.0,Index,High
15,53,Male,0.6,2.6,136.0,114.0,0.4–4.0,mIU/L,Normal,1.2–3.1,nmol/L,Normal,66–181,nmol/L,Normal,1.0–4.0,Index,High
16,59,Male,2.2,1.3,78.0,103.0,0.4–4.0,mIU/L,Normal,1.2–3.1,nmol/L,Normal,66–181,nmol/L,Normal,1.0–4.0,Index,High
17,79,Female,3.8,1.4,98.0,110.0,0.4–4.0,mIU/L,Normal,1.2–3.1,nmol/L,Normal,66–181,nmol/L,Normal,1.0–4.0,Index,High
18,72,Female,0.6,2.0,106.0,101.0,0.4–4.0,mIU/L,Normal,1.2–3.1,nmol/L,Normal,66–181,nmol/L,Normal,1.0–4.0,Index,High
19,41,Female,1.1,1.9,165.0,167.0,0.4–4.0,mIU/L,Normal,1.2–3.1,nmol/L,Normal,66–181,nmol/L,Normal,1.0–4.0,Index,High
20,50,Female,58.0,2.4,25.0,20.0,0.4–4.0,mIU/L,High,1.2–3.1,nmol/L,Normal,66–181,nmol/L,Low,1.0–4.0,Index,High
21,47,Female,1.2,1.6,81.0,86.0,0.4–4.0,mIU/L,Normal,1.2–3.1,nmol/L,Normal,66–181,nmol/L,Normal,1.0–4.0,Index,High
22,47,Female,0.63,2.6,160.0,134.0,0.4–4.0,mIU/L,Normal,1.2–3.1,nmol/L,Normal,66–181,nmol/L,Normal,1.0–4.0,Index,High
23,50,Male,0.2,1.8,130.0,116.0,0.4–4.0,mIU/L,Low,1.2–3.1,nmol/L,Normal,66–181,nmol/L,Normal,1.0–4.0,Index,High
24,21,Female,1.3,1.9,112.0,106.0,0.4–4.0,mIU/L,Normal,1.2–3.1,nmol/L,Normal,66–181,nmol/L,Normal,1.0–4.0,Index,High
25,46,Female,0.035,4.0,131.0,131.0,0.4–4.0,mIU/L,Low,1.2–3.1,nmol/L,High,66–181,nmol/L,Normal,1.0–4.0,Index,High
26,71,Male,0.48,1.7,97.0,93.0,0.4–4.0,mIU/L,Normal,1.2–3.1,nmol/L,Normal,66–181,nmol/L,Normal,1.0–4.0,Index,High
27,19,Female,0.25,1.1,67.0,68.0,0.4–4.0,mIU/L,Low,1.2–3.1,nmol/L,Low,66–181,nmol/L,Normal,1.0–4.0,Index,High
28,62,Male,2.9,2.9,122.0,110.0,0.4–4.0,mIU/L,Normal,1.2–3.1,nmol/L,Normal,66–181,nmol/L,Normal,1.0–4.0,Index,High
29,56,Male,0.035,2.7,212.0,184.0,0.4–4.0,mIU/L,Low,1.2–3.1,nmol/L,Normal,66–181,nmol/L,High,1.0–4.0,Index,High
30,79,Female,143.0,0.7,73.0,72.0,0.4–4.0,mIU/L,High,1.2–3.1,nmol/L,Low,66–181,nmol/L,Normal,1.0–4.0,Index,High
31,58,Female,0.1,2.0,101.0,84.0,0.4–4.0,mIU/L,Low,1.2–3.1,nmol/L,Normal,66–181,nmol/L,Normal,1.0–4.0,Index,High
32,40,Female,0.15,1.6,114.0,141.0,0.4–4.0,mIU/L,Low,1.2–3.1,nmol/L,Normal,66–181,nmol/L,Normal,1.0–4.0,Index,High
33,47,Female,3.0,1.4,159.0,166.0,0.4–4.0,mIU/L,Normal,1.2–3.1,nmol/L,Normal,66–181,nmol/L,Normal,1.0–4.0,Index,High
34,30,Female,0.2,1.4,105.0,133.0,0.4–4.0,mIU/L,Low,1.2–3.1,nmol/L,Normal,66–181,nmol/L,Normal,1.0–4.0,Index,High
35,71,Female,0.1,2.2,142.0,135.0,0.4–4.0,mIU/L,Low,1.2–3.1,nmol/L,Normal,66–181,nmol/L,Normal,1.0–4.0,Index,High
36,66,Male,5.4,0.3,70.0,71.0,0.4–4.0,mIU/L,High,1.2–3.1,nmol/L,Low,66–181,nmol/L,Normal,1.0–4.0,Index,High
37,50,Female,3.3,1.4,79.0,110.0,0.4–4.0,mIU/L,Normal,1.2–3.1,nmol/L,Normal,66–181,nmol/L,Normal,1.0–4.0,Index,High
38,58,Female,0.3,4.1,202.0,253.0,0.4–4.0,mIU/L,Low,1.2–3.1,nmol/L,High,66–181,nmol/L,High,1.0–4.0,Index,High
39,67,Female,0.46,2.4,158.0,135.0,0.4–4.0,mIU/L,Normal,1.2–3.1,nmol/L,Normal,66–181,nmol/L,Normal,1.0–4.0,Index,High
40,66,Female,2.1,2.0,128.0,123.0,0.4–4.0,mIU/L,Normal,1.2–3.1,nmol/L,Normal,66–181,nmol/L,Normal,1.0–4.0,Index,High
41,37,Female,0.25,2.0,114.0,128.0,0.4–4.0,mIU/L,Low,1.2–3.1,nmol/L,Normal,66–181,nmol/L,Normal,1.0–4.0,Index,High
42,20,Female,0.55,1.6,95.0,112.0,0.4–4.0,mIU/L,Normal,1.2–3.1,nmol/L,Normal,66–181,nmol/L,Normal,1.0–4.0,Index,High
43,64,Female,0.3,1.7,67.0,97.0,0.4–4.0,mIU/L,Low,1.2–3.1,nmol/L,Normal,66–181,nmol/L,Normal,1.0–4.0,Index,High
44,77,Female,18.0,0.3,44.0,77.0,0.4–4.0,mIU/L,High,1.2–3.1,nmol/L,Low,66–181,nmol/L,Low,1.0–4.0,Index,High
45,71,Male,0.46,1.4,85.0,77.0,0.4–4.0,mIU/L,Normal,1.2–3.1,nmol/L,Normal,66–181,nmol/L,Normal,1.0–4.0,Index,High
46,42,Male,0.82,2.1,121.0,157.0,0.4–4.0,mIU/L,Normal,1.2–3.1,nmol/L,Normal,66–181,nmol/L,Normal,1.0–4.0,Index,High
47,39,Female,0.7,1.2,81.0,82.0,0.4–4.0,mIU/L,Normal,1.2–3.1,nmol/L,Normal,66–181,nmol/L,Normal,1.0–4.0,Index,High
48,70,Male,2.1,0.7,81.0,142.0,0.4–4.0,mIU/L,Normal,1.2–3.1,nmol/L,Low,66–181,nmol/L,Normal,1.0–4.0,Index,High
49,44,Female,0.41,0.8,105.0,127.0,0.4–4.0,mIU/L,Normal,1.2–3.1,nmol/L,Low,66–181,nmol/L,Normal,1.0–4.0,Index,High
50,75,Female,0.25,2.2,111.0,111.0,0.4–4.0,mIU/L,Low,1.2–3.1,nmol/L,Normal,66–181,nmol/L,Normal,1.0–4.0,Index,High
51,74,Male,0.7,1.6,90.0,103.0,0.4–4.0,mIU/L,Normal,1.2–3.1,nmol/L,Normal,66–181,nmol/L,Normal,1.0–4.0,Index,High
52,64,Female,0.4,1.5,77.0,88.0,0.4–4.0,mIU/L,Normal,1.2–3.1,nmol/L,Normal,66–181,nmol/L,Normal,1.0–4.0,Index,High
53,65,Female,0.03,2.3,154.0,170.0,0.4–4.0,mIU/L,Low,1.2–3.1,nmol/L,Normal,66–181,nmol/L,Normal,1.0–4.0,Index,High
54,19,Female,500.0,0.5,5.0,4.0,0.4–4.0,mIU/L,High,1.2–3.1,nmol/L,Low,66–181,nmol/L,Low,1.0–4.0,Index,Normal
55,44,Male,1.9,2.2,103.0,86.0,0.4–4.0,mIU/L,Normal,1.2–3.1,nmol/L,Normal,66–181,nmol/L,Normal,1.0–4.0,Index,High
56,55,Female,2.2,1.8,129.0,132.0,0.4–4.0,mIU/L,Normal,1.2–3.1,nmol/L,Normal,66–181,nmol/L,Normal,1.0–4.0,Index,High
57,56,Female,0.07,2.3,124.0,151.0,0.4–4.0,mIU/L,Low,1.2–3.1,nmol/L,Normal,66–181,nmol/L,Normal,1.0–4.0,Index,High
58,43,Male,3.3,2.5,70.0,75.0,0.4–4.0,mIU/L,Normal,1.2–3.1,nmol/L,Normal,66–181,nmol/L,Normal,1.0–4.0,Index,High
59,33,Female,0.15,1.8,106.0,115.0,0.4–4.0,mIU/L,Low,1.2–3.1,nmol/L,Normal,66–181,nmol/L,Normal,1.0–4.0,Index,High
60,26,Female,1.8,2.7,119.0,88.0,0.4–4.0,mIU/L,Normal,1.2–3.1,nmol/L,Normal,66–181,nmol/L,Normal,1.0–4.0,Index,High
61,38,Female,2.5,2.0,128.0,115.0,0.4–4.0,mIU/L,Normal,1.2–3.1,nmol/L,Normal,66–181,nmol/L,Normal,1.0–4.0,Index,High
62,30,Female,0.1,1.4,112.0,132.0,0.4–4.0,mIU/L,Low,1.2–3.1,nmol/L,Normal,66–181,nmol/L,Normal,1.0–4.0,Index,High
63,65,Female,145.0,0.2,16.0,17.0,0.4–4.0,mIU/L,High,1.2–3.1,nmol/L,Low,66–181,nmol/L,Low,1.0–4.0,Index,High
64,70,Male,0.27,0.7,117.0,139.0,0.4–4.0,mIU/L,Low,1.2–3.1,nmol/L,Low,66–181,nmol/L,Normal,1.0–4.0,Index,High
65,51,Male,1.4,2.6,118.0,130.0,0.4–4.0,mIU/L,Normal,1.2–3.1,nmol/L,Normal,66–181,nmol/L,Normal,1.0–4.0,Index,High
66,39,Female,2.5,2.6,159.0,134.0,0.4–4.0,mIU/L,Normal,1.2–3.1,nmol/L,Normal,66–181,nmol/L,Normal,1.0–4.0,Index,High
67,78,Female,6.3,1.1,56.0,65.0,0.4–4.0,mIU/L,High,1.2–3.1,nmol/L,Low,66–181,nmol/L,Low,1.0–4.0,Index,High
68,42,Female,1.9,2.0,114.0,86.0,0.4–4.0,mIU/L,Normal,1.2–3.1,nmol/L,Normal,66–181,nmol/L,Normal,1.0–4.0,Index,High
69,63,Female,0.3,2.0,146.0,163.0,0.4–4.0,mIU/L,Low,1.2–3.1,nmol/L,Normal,66–181,nmol/L,Normal,1.0–4.0,Index,High
70,76,Female,0.35,1.4,139.0,151.0,0.4–4.0,mIU/L,Low,1.2–3.1,nmol/L,Normal,66–181,nmol/L,Normal,1.0–4.0,Index,High
71,45,Male,1.7,1.8,94.0,109.0,0.4–4.0,mIU/L,Normal,1.2–3.1,nmol/L,Normal,66–181,nmol/L,Normal,1.0–4.0,Index,High
72,75,Female,0.4,2.3,112.0,108.0,0.4–4.0,mIU/L,Normal,1.2–3.1,nmol/L,Normal,66–181,nmol/L,Normal,1.0–4.0,Index,High
73,76,Male,1.3,2.4,136.0,127.0,0.4–4.0,mIU/L,Normal,1.2–3.1,nmol/L,Normal,66–181,nmol/L,Normal,1.0–4.0,Index,High
74,61,Female,0.38,2.7,116.0,117.0,0.4–4.0,mIU/L,Low,1.2–3.1,nmol/L,Normal,66–181,nmol/L,Normal,1.0–4.0,Index,High
75,24,Female,1.8,2.4,92.0,108.0,0.4–4.0,mIU/L,Normal,1.2–3.1,nmol/L,Normal,66–181,nmol/L,Normal,1.0–4.0,Index,High
76,84,Male,1.9,2.5,137.0,125.0,0.4–4.0,mIU/L,Normal,1.2–3.1,nmol/L,Normal,66–181,nmol/L,Normal,1.0–4.0,Index,High
77,34,Female,26.0,3.7,107.0,88.0,0.4–4.0,mIU/L,High,1.2–3.1,nmol/L,High,66–181,nmol/L,Normal,1.0–4.0,Index,High
78,49,Female,0.7,2.4,101.0,90.0,0.4–4.0,mIU/L,Normal,1.2–3.1,nmol/L,Normal,66–181,nmol/L,Normal,1.0–4.0,Index,High
79,28,Male,1.4,2.4,110.0,111.0,0.4–4.0,mIU/L,Normal,1.2–3.1,nmol/L,Normal,66–181,nmol/L,Normal,1.0–4.0,Index,High
80,60,Female,1.1,3.1,62.0,66.0,0.4–4.0,mIU/L,Normal,1.2–3.1,nmol/L,Normal,66–181,nmol/L,Low,1.0–4.0,Index,High
81,45,Male,1.7,2.0,71.0,76.0,0.4–4.0,mIU/L,Normal,1.2–3.1,nmol/L,Normal,66–181,nmol/L,Normal,1.0–4.0,Index,High
82,49,Female,0.075,3.3,239.0,187.0,0.4–4.0,mIU/L,Low,1.2–3.1,nmol/L,High,66–181,nmol/L,High,1.0–4.0,Index,High
83,63,Male,0.4,1.4,115.0,113.0,0.4–4.0,mIU/L,Normal,1.2–3.1,nmol/L,Normal,66–181,nmol/L,Normal,1.0–4.0,Index,High
84,86,Female,1.7,1.6,124.0,122.0,0.4–4.0,mIU/L,Normal,1.2–3.1,nmol/L,Normal,66–181,nmol/L,Normal,1.0–4.0,Index,High
85,30,Female,0.3,1.7,139.0,156.0,0.4–4.0,mIU/L,Low,1.2–3.1,nmol/L,Normal,66–181,nmol/L,Normal,1.0–4.0,Index,High
86,61,Female,1.9,2.1,118.0,93.0,0.4–4.0,mIU/L,Normal,1.2–3.1,nmol/L,Normal,66–181,nmol/L,Normal,1.0–4.0,Index,High
87,65,Female,0.3,1.6,87.0,94.0,0.4–4.0,mIU/L,Low,1.2–3.1,nmol/L,Normal,66–181,nmol/L,Normal,1.0–4.0,Index,High
88,58,Female,5.1,1.5,63.0,53.0,0.4–4.0,mIU/L,High,1.2–3.1,nmol/L,Normal,66–181,nmol/L,Low,1.0–4.0,Index,High
89,59,Male,1.3,1.6,82.0,93.0,0.4–4.0,mIU/L,Normal,1.2–3.1,nmol/L,Normal,66–181,nmol/L,Normal,1.0–4.0,Index,High
90,33,Female,0.98,2.4,113.0,105.0,0.4–4.0,mIU/L,Normal,1.2–3.1,nmol/L,Normal,66–181,nmol/L,Normal,1.0–4.0,Index,High
91,63,Male,1.8,1.7,90.0,114.0,0.4–4.0,mIU/L,Normal,1.2–3.1,nmol/L,Normal,66–181,nmol/L,Normal,1.0–4.0,Index,High
92,23,Female,3.7,2.3,150.0,120.0,0.4–4.0,mIU/L,Normal,1.2–3.1,nmol/L,Normal,66–181,nmol/L,Normal,1.0–4.0,Index,High
93,63,Male,108.0,0.4,14.0,14.0,0.4–4.0,mIU/L,High,1.2–3.1,nmol/L,Low,66–181,nmol/L,Low,1.0–4.0,Index,High
94,81,Female,8.2,0.9,128.0,141.0,0.4–4.0,mIU/L,High,1.2–3.1,nmol/L,Low,66–181,nmol/L,Normal,1.0–4.0,Index,High
95,67,Female,1.3,2.3,97.0,88.0,0.4–4.0,mIU/L,Normal,1.2–3.1,nmol/L,Normal,66–181,nmol/L,Normal,1.0–4.0,Index,High
96,63,Female,1.9,1.9,125.0,124.0,0.4–4.0,mIU/L,Normal,1.2–3.1,nmol/L,Normal,66–181,nmol/L,Normal,1.0–4.0,Index,High
97,30,Male,0.61,1.5,82.0,69.0,0.4–4.0,mIU/L,Normal,1.2–3.1,nmol/L,Normal,66–181,nmol/L,Normal,1.0–4.0,Index,High
98,63,Female,0.07,1.1,145.0,167.0,0.4–4.0,mIU/L,Low,1.2–3.1,nmol/L,Low,66–181,nmol/L,Normal,1.0–4.0,Index,High
99,60,Male,36.0,0.6,23.0,34.0,0.4–4.0,mIU/L,High,1.2–3.1,nmol/L,Low,66–181,nmol/L,Low,1.0–4.0,Index,High
100,68,Male,1.1,2.7,118.0,127.0,0.4–4.0,mIU/L,Normal,1.2–3.1,nmol/L,Normal,66–181,nmol/L,Normal,1.0–4.0,Index,High
101,56,Male,5.1,2.9,133.0,133.0,0.4–4.0,mIU/L,High,1.2–3.1,nmol/L,Normal,66–181,nmol/L,Normal,1.0–4.0,Index,High
102,89,Female,2.5,1.6,108.0,118.0,0.4–4.0,mIU/L,Normal,1.2–3.1,nmol/L,Normal,66–181,nmol/L,Normal,1.0–4.0,Index,High
103,59,Female,3.3,2.3,140.0,127.0,0.4–4.0,mIU/L,Normal,1.2–3.1,nmol/L,Normal,66–181,nmol/L,Normal,1.0–4.0,Index,High
104,74,Female,0.99,1.9,121.0,111.0,0.4–4.0,mIU/L,Normal,1.2–3.1,nmol/L,Normal,66–181,nmol/L,Normal,1.0–4.0,Index,High
105,49,Male,0.72,0.7,123.0,168.0,0.4–4.0,mIU/L,Normal,1.2–3.1,nmol/L,Low,66–181,nmol/L,Normal,1.0–4.0,Index,High
106,48,Female,0.42,2.4,134.0,117.0,0.4–4.0,mIU/L,Normal,1.2–3.1,nmol/L,Normal,66–181,nmol/L,Normal,1.0–4.0,Index,High
107,43,Male,3.9,1.5,58.0,99.0,0.4–4.0,mIU/L,Normal,1.2–3.1,nmol/L,Normal,66–181,nmol/L,Low,1.0–4.0,Index,High
108,46,Female,0.3,2.2,187.0,170.0,0.4–4.0,mIU/L,Low,1.2–3.1,nmol/L,Normal,66–181,nmol/L,High,1.0–4.0,Index,High
109,52,Female,1.2,1.9,79.0,127.0,0.4–4.0,mIU/L,Normal,1.2–3.1,nmol/L,Normal,66–181,nmol/L,Normal,1.0–4.0,Index,High
110,37,Female,0.09,2.2,128.0,172.0,0.4–4.0,mIU/L,Low,1.2–3.1,nmol/L,Normal,66–181,nmol/L,Normal,1.0–4.0,Index,High
111,30,Female,0.2,1.2,128.0,156.0,0.4–4.0,mIU/L,Low,1.2–3.1,nmol/L,Normal,66–181,nmol/L,Normal,1.0–4.0,Index,High
112,27,Female,2.1,2.1,114.0,104.0,0.4–4.0,mIU/L,Normal,1.2–3.1,nmol/L,Normal,66–181,nmol/L,Normal,1.0–4.0,Index,High
113,19,Female,2.8,1.4,96.0,109.0,0.4–4.0,mIU/L,Normal,1.2–3.1,nmol/L,Normal,66–181,nmol/L,Normal,1.0–4.0,Index,High
114,56,Male,0.05,1.9,137.0,126.0,0.4–4.0,mIU/L,Low,1.2–3.1,nmol/L,Normal,66–181,nmol/L,Normal,1.0–4.0,Index,High
115,71,Female,0.03,1.5,104.0,100.0,0.4–4.0,mIU/L,Low,1.2–3.1,nmol/L,Normal,66–181,nmol/L,Normal,1.0–4.0,Index,High
116,82,Female,6.2,1.5,99.0,110.0,0.4–4.0,mIU/L,High,1.2–3.1,nmol/L,Normal,66–181,nmol/L,Normal,1.0–4.0,Index,High
117,59,Female,0.02,1.6,140.0,148.0,0.4–4.0,mIU/L,Low,1.2–3.1,nmol/L,Normal,66–181,nmol/L,Normal,1.0–4.0,Index,High
118,47,Male,1.1,2.1,94.0,119.0,0.4–4.0,mIU/L,Normal,1.2–3.1,nmol/L,Normal,66–181,nmol/L,Normal,1.0–4.0,Index,High
119,68,Female,3.9,1.6,139.0,150.0,0.4–4.0,mIU/L,Normal,1.2–3.1,nmol/L,Normal,66–181,nmol/L,Normal,1.0–4.0,Index,High
120,58,Female,0.15,3.0,148.0,163.0,0.4–4.0,mIU/L,Low,1.2–3.1,nmol/L,Normal,66–181,nmol/L,Normal,1.0–4.0,Index,High
121,62,Female,0.05,2.3,144.0,148.0,0.4–4.0,mIU/L,Low,1.2–3.1,nmol/L,Normal,66–181,nmol/L,Normal,1.0–4.0,Index,High
122,58,Female,7.5,1.4,40.0,35.0,0.4–4.0,mIU/L,High,1.2–3.1,nmol/L,Normal,66–181,nmol/L,Low,1.0–4.0,Index,High
123,52,Female,0.6,1.9,92.0,88.0,0.4–4.0,mIU/L,Normal,1.2–3.1,nmol/L,Normal,66–181,nmol/L,Normal,1.0–4.0,Index,High
124,70,Female,2.0,1.3,106.0,125.0,0.4–4.0,mIU/L,Normal,1.2–3.1,nmol/L,Normal,66–181,nmol/L,Normal,1.0–4.0,Index,High
125,47,Male,80.0,0.4,9.0,10.0,0.4–4.0,mIU/L,High,1.2–3.1,nmol/L,Low,66–181,nmol/L,Low,1.0–4.0,Index,High
126,33,Female,0.4,2.0,114.0,113.0,0.4–4.0,mIU/L,Normal,1.2–3.1,nmol/L,Normal,66–181,nmol/L,Normal,1.0–4.0,Index,High
127,83,Female,2.2,0.7,71.0,93.0,0.4–4.0,mIU/L,Normal,1.2–3.1,nmol/L,Low,66–181,nmol/L,Normal,1.0–4.0,Index,High
128,45,Female,0.94,2.4,80.0,76.0,0.4–4.0,mIU/L,Normal,1.2–3.1,nmol/L,Normal,66–181,nmol/L,Normal,1.0–4.0,Index,High
129,32,Female,17.4,1.9,90.0,74.0,0.4–4.0,mIU/L,High,1.2–3.1,nmol/L,Normal,66–181,nmol/L,Normal,1.0–4.0,Index,High
130,35,Female,2.0,3.2,146.0,122.0,0.4–4.0,mIU/L,Normal,1.2–3.1,nmol/L,High,66–181,nmol/L,Normal,1.0–4.0,Index,High
131,42,Female,3.3,1.7,56.0,62.0,0.4–4.0,mIU/L,Normal,1.2–3.1,nmol/L,Normal,66–181,nmol/L,Low,1.0–4.0,Index,High
132,60,Male,4.4,1.0,84.0,121.0,0.4–4.0,mIU/L,High,1.2–3.1,nmol/L,Low,66–181,nmol/L,Normal,1.0–4.0,Index,High
133,45,Male,0.75,2.3,119.0,126.0,0.4–4.0,mIU/L,Normal,1.2–3.1,nmol/L,Normal,66–181,nmol/L,Normal,1.0–4.0,Index,High
134,47,Male,1.5,1.4,90.0,92.0,0.4–4.0,mIU/L,Normal,1.2–3.1,nmol/L,Normal,66–181,nmol/L,Normal,1.0–4.0,Index,High
135,73,Female,2.3,1.6,77.0,75.0,0.4–4.0,mIU/L,Normal,1.2–3.1,nmol/L,Normal,66–181,nmol/L,Normal,1.0–4.0,Index,High
136,72,Female,1.5,2.4,112.0,110.0,0.4–4.0,mIU/L,Normal,1.2–3.1,nmol/L,Normal,66–181,nmol/L,Normal,1.0–4.0,Index,High
137,45,Male,1.8,1.9,105.0,117.0,0.4–4.0,mIU/L,Normal,1.2–3.1,nmol/L,Normal,66–181,nmol/L,Normal,1.0–4.0,Index,High
138,25,Female,0.3,4.1,158.0,111.0,0.4–4.0,mIU/L,Low,1.2–3.1,nmol/L,High,66–181,nmol/L,Normal,1.0–4.0,Index,High
139,42,Male,1.4,1.7,124.0,253.0,0.4–4.0,mIU/L,Normal,1.2–3.1,nmol/L,Normal,66–181,nmol/L,Normal,1.0–4.0,Index,High
140,60,Female,0.5,1.6,95.0,130.0,0.4–4.0,mIU/L,Normal,1.2–3.1,nmol/L,Normal,66–181,nmol/L,Normal,1.0–4.0,Index,High
141,56,Female,7.9,1.2,73.0,91.0,0.4–4.0,mIU/L,High,1.2–3.1,nmol/L,Normal,66–181,nmol/L,Normal,1.0–4.0,Index,High
142,52,Female,0.45,2.1,107.0,119.0,0.4–4.0,mIU/L,Normal,1.2–3.1,nmol/L,Normal,66–181,nmol/L,Normal,1.0–4.0,Index,High
143,38,Female,1.6,3.2,134.0,137.0,0.4–4.0,mIU/L,Normal,1.2–3.1,nmol/L,High,66–181,nmol/L,Normal,1.0–4.0,Index,High
144,30,Female,0.2,2.0,163.0,170.0,0.4–4.0,mIU/L,Low,1.2–3.1,nmol/L,Normal,66–181,nmol/L,Normal,1.0–4.0,Index,High
145,87,Female,1.9,1.8,119.0,134.0,0.4–4.0,mIU/L,Normal,1.2–3.1,nmol/L,Normal,66–181,nmol/L,Normal,1.0–4.0,Index,High
146,22,Female,5.6,3.0,123.0,101.0,0.4–4.0,mIU/L,High,1.2–3.1,nmol/L,Normal,66–181,nmol/L,Normal,1.0–4.0,Index,High
147,58,Female,0.1,2.2,157.0,171.0,0.4–4.0,mIU/L,Low,1.2–3.1,nmol/L,Normal,66–181,nmol/L,Normal,1.0–4.0,Index,High
148,32,Female,2.0,1.7,92.0,91.0,0.4–4.0,mIU/L,Normal,1.2–3.1,nmol/L,Normal,66–181,nmol/L,Normal,1.0–4.0,Index,High
149,59,Female,1.5,2.1,103.0,113.0,0.4–4.0,mIU/L,Normal,1.2–3.1,nmol/L,Normal,66–181,nmol/L,Normal,1.0–4.0,Index,High
150,60,Male,0.075,1.3,131.0,142.0,0.4–4.0,mIU/L,Low,1.2–3.1,nmol/L,Normal,66–181,nmol/L,Normal,1.0–4.0,Index,High
151,46,Female,0.91,2.4,124.0,118.0,0.4–4.0,mIU/L,Normal,1.2–3.1,nmol/L,Normal,66–181,nmol/L,Normal,1.0–4.0,Index,High
152,55,Male,2.5,1.9,109.0,104.0,0.4–4.0,mIU/L,Normal,1.2–3.1,nmol/L,Normal,66–181,nmol/L,Normal,1.0–4.0,Index,High
153,73,Female,0.005,3.6,119.0,133.0,0.4–4.0,mIU/L,Low,1.2–3.1,nmol/L,High,66–181,nmol/L,Normal,1.0–4.0,Index,High
154,44,Female,8.4,1.8,108.0,107.0,0.4–4.0,mIU/L,High,1.2–3.1,nmol/L,Normal,66–181,nmol/L,Normal,1.0–4.0,Index,High
155,68,Male,0.06,2.4,152.0,131.0,0.4–4.0,mIU/L,Low,1.2–3.1,nmol/L,Normal,66–181,nmol/L,Normal,1.0–4.0,Index,High
156,66,Female,2.1,2.8,148.0,99.0,0.4–4.0,mIU/L,Normal,1.2–3.1,nmol/L,Normal,66–181,nmol/L,Normal,1.0–4.0,Index,High
157,59,Male,2.2,2.5,96.0,105.0,0.4–4.0,mIU/L,Normal,1.2–3.1,nmol/L,Normal,66–181,nmol/L,Normal,1.0–4.0,Index,High
158,57,Female,1.4,2.3,70.0,71.0,0.4–4.0,mIU/L,Normal,1.2–3.1,nmol/L,Normal,66–181,nmol/L,Normal,1.0–4.0,Index,High
159,46,Male,3.0,2.3,85.0,94.0,0.4–4.0,mIU/L,Normal,1.2–3.1,nmol/L,Normal,66–181,nmol/L,Normal,1.0–4.0,Index,High
160,44,Female,2.6,1.4,88.0,111.0,0.4–4.0,mIU/L,Normal,1.2–3.1,nmol/L,Normal,66–181,nmol/L,Normal,1.0–4.0,Index,High
161,72,Female,1.1,2.2,116.0,112.0,0.4–4.0,mIU/L,Normal,1.2–3.1,nmol/L,Normal,66–181,nmol/L,Normal,1.0–4.0,Index,High
162,42,Female,0.3,2.0,90.0,92.0,0.4–4.0,mIU/L,Low,1.2–3.1,nmol/L,Normal,66–181,nmol/L,Normal,1.0–4.0,Index,High
163,53,Female,1.5,1.5,72.0,69.0,0.4–4.0,mIU/L,Normal,1.2–3.1,nmol/L,Normal,66–181,nmol/L,Normal,1.0–4.0,Index,High
164,48,Male,0.8,1.0,46.0,70.0,0.4–4.0,mIU/L,Normal,1.2–3.1,nmol/L,Low,66–181,nmol/L,Low,1.0–4.0,Index,High
165,73,Male,8.0,1.3,101.0,108.0,0.4–4.0,mIU/L,High,1.2–3.1,nmol/L,Normal,66–181,nmol/L,Normal,1.0–4.0,Index,High
166,43,Female,0.02,2.0,183.0,174.0,0.4–4.0,mIU/L,Low,1.2–3.1,nmol/L,Normal,66–181,nmol/L,High,1.0–4.0,Index,High
167,39,Male,0.1,2.5,125.0,128.0,0.4–4.0,mIU/L,Low,1.2–3.1,nmol/L,Normal,66–181,nmol/L,Normal,1.0–4.0,Index,High
168,89,Female,3.3,2.2,105.0,112.0,0.4–4.0,mIU/L,Normal,1.2–3.1,nmol/L,Normal,66–181,nmol/L,Normal,1.0–4.0,Index,High
169,40,Female,1.1,1.8,150.0,145.0,0.4–4.0,mIU/L,Normal,1.2–3.1,nmol/L,Normal,66–181,nmol/L,Normal,1.0–4.0,Index,High
170,78,Male,0.03,1.8,122.0,114.0,0.4–4.0,mIU/L,Low,1.2–3.1,nmol/L,Normal,66–181,nmol/L,Normal,1.0–4.0,Index,High
171,75,Female,1.2,1.2,77.0,118.0,0.4–4.0,mIU/L,Normal,1.2–3.1,nmol/L,Normal,66–181,nmol/L,Normal,1.0–4.0,Index,High
172,78,Male,0.77,1.8,109.0,118.0,0.4–4.0,mIU/L,Normal,1.2–3.1,nmol/L,Normal,66–181,nmol/L,Normal,1.0–4.0,Index,High
173,42,Male,2.8,1.7,105.0,101.0,0.4–4.0,mIU/L,Normal,1.2–3.1,nmol/L,Normal,66–181,nmol/L,Normal,1.0–4.0,Index,High
174,48,Female,1.8,2.7,124.0,104.0,0.4–4.0,mIU/L,Normal,1.2–3.1,nmol/L,Normal,66–181,nmol/L,Normal,1.0–4.0,Index,High
175,46,Female,0.045,1.5,75.0,83.0,0.4–4.0,mIU/L,Low,1.2–3.1,nmol/L,Normal,66–181,nmol/L,Normal,1.0–4.0,Index,High
176,80,Female,2.6,1.6,92.0,106.0,0.4–4.0,mIU/L,Normal,1.2–3.1,nmol/L,Normal,66–181,nmol/L,Normal,1.0–4.0,Index,High
177,50,Female,1.8,2.5,114.0,103.0,0.4–4.0,mIU/L,Normal,1.2–3.1,nmol/L,Normal,66–181,nmol/L,Normal,1.0–4.0,Index,High
178,77,Female,0.09,1.8,120.0,124.0,0.4–4.0,mIU/L,Low,1.2–3.1,nmol/L,Normal,66–181,nmol/L,Normal,1.0–4.0,Index,High
179,34,Male,2.3,1.7,117.0,158.0,0.4–4.0,mIU/L,Normal,1.2–3.1,nmol/L,Normal,66–181,nmol/L,Normal,1.0–4.0,Index,High
180,29,Female,14.0,1.5,95.0,106.0,0.4–4.0,mIU/L,High,1.2–3.1,nmol/L,Normal,66–181,nmol/L,Normal,1.0–4.0,Index,High
181,70,Female,5.1,0.2,59.0,82.0,0.4–4.0,mIU/L,High,1.2–3.1,nmol/L,Low,66–181,nmol/L,Low,1.0–4.0,Index,High
182,63,Female,0.03,5.5,199.0,190.0,0.4–4.0,mIU/L,Low,1.2–3.1,nmol/L,High,66–181,nmol/L,High,1.0–4.0,Index,High
183,37,Female,1.4,1.7,91.0,93.0,0.4–4.0,mIU/L,Normal,1.2–3.1,nmol/L,Normal,66–181,nmol/L,Normal,1.0–4.0,Index,High
184,60,Male,2.3,2.2,90.0,87.0,0.4–4.0,mIU/L,Normal,1.2–3.1,nmol/L,Normal,66–181,nmol/L,Normal,1.0–4.0,Index,High
185,59,Female,1.8,2.5,102.0,93.0,0.4–4.0,mIU/L,Normal,1.2–3.1,nmol/L,Normal,66–181,nmol/L,Normal,1.0–4.0,Index,High
186,67,Female,2.1,1.3,100.0,122.0,0.4–4.0,mIU/L,Normal,1.2–3.1,nmol/L,Normal,66–181,nmol/L,Normal,1.0–4.0,Index,High
187,57,Female,0.8,2.4,120.0,112.0,0.4–4.0,mIU/L,Normal,1.2–3.1,nmol/L,Normal,66–181,nmol/L,Normal,1.0–4.0,Index,High
188,66,Female,0.05,2.5,130.0,151.0,0.4–4.0,mIU/L,Low,1.2–3.1,nmol/L,Normal,66–181,nmol/L,Normal,1.0–4.0,Index,High
189,80,Male,0.46,1.8,115.0,115.0,0.4–4.0,mIU/L,Normal,1.2–3.1,nmol/L,Normal,66–181,nmol/L,Normal,1.0–4.0,Index,High
190,77,Female,1.3,1.2,123.0,126.0,0.4–4.0,mIU/L,Normal,1.2–3.1,nmol/L,Normal,66–181,nmol/L,Normal,1.0–4.0,Index,High
191,69,Female,2.9,1.4,135.0,113.0,0.4–4.0,mIU/L,Normal,1.2–3.1,nmol/L,Normal,66–181,nmol/L,Normal,1.0–4.0,Index,High
192,27,Female,0.05,2.8,131.0,104.0,0.4–4.0,mIU/L,Low,1.2–3.1,nmol/L,Normal,66–181,nmol/L,Normal,1.0–4.0,Index,High
193,53,Female,1.5,1.6,108.0,95.0,0.4–4.0,mIU/L,Normal,1.2–3.1,nmol/L,Normal,66–181,nmol/L,Normal,1.0–4.0,Index,High
194,22,Male,2.1,2.3,81.0,80.0,0.4–4.0,mIU/L,Normal,1.2–3.1,nmol/L,Normal,66–181,nmol/L,Normal,1.0–4.0,Index,High
195,40,Female,0.7,1.8,96.0,101.0,0.4–4.0,mIU/L,Normal,1.2–3.1,nmol/L,Normal,66–181,nmol/L,Normal,1.0–4.0,Index,High
196,60,Female,1.6,1.7,153.0,144.0,0.4–4.0,mIU/L,Normal,1.2–3.1,nmol/L,Normal,66–181,nmol/L,Normal,1.0–4.0,Index,High
197,40,Female,0.25,1.6,103.0,115.0,0.4–4.0,mIU/L,Low,1.2–3.1,nmol/L,Normal,66–181,nmol/L,Normal,1.0–4.0,Index,High
198,58,Male,0.9,1.6,91.0,86.0,0.4–4.0,mIU/L,Normal,1.2–3.1,nmol/L,Normal,66–181,nmol/L,Normal,1.0–4.0,Index,High
199,56,Male,2.2,2.2,90.0,107.0,0.4–4.0,mIU/L,Normal,1.2–3.1,nmol/L,Normal,66–181,nmol/L,Normal,1.0–4.0,Index,High
200,39,Male,3.2,3.1,99.0,98.0,0.4–4.0,mIU/L,Normal,1.2–3.1,nmol/L,Normal,66–181,nmol/L,Normal,1.0–4.0,Index,High
201,67,Female,1.9,2.5,102.0,110.0,0.4–4.0,mIU/L,Normal,1.2–3.1,nmol/L,Normal,66–181,nmol/L,Normal,1.0–4.0,Index,High
202,68,Male,0.9,1.9,108.0,102.0,0.4–4.0,mIU/L,Normal,1.2–3.1,nmol/L,Normal,66–181,nmol/L,Normal,1.0–4.0,Index,High
203,57,Male,0.3,1.9,145.0,180.0,0.4–4.0,mIU/L,Low,1.2–3.1,nmol/L,Normal,66–181,nmol/L,Normal,1.0–4.0,Index,High
204,31,Female,0.44,1.5,75.0,81.0,0.4–4.0,mIU/L,Normal,1.2–3.1,nmol/L,Normal,66–181,nmol/L,Normal,1.0–4.0,Index,High
205,78,Female,56.0,4.9,37.0,47.0,0.4–4.0,mIU/L,High,1.2–3.1,nmol/L,High,66–181,nmol/L,Low,1.0–4.0,Index,High
206,71,Male,1.8,1.5,139.0,135.0,0.4–4.0,mIU/L,Normal,1.2–3.1,nmol/L,Normal,66–181,nmol/L,Normal,1.0–4.0,Index,High
207,61,Female,2.8,1.7,96.0,116.0,0.4–4.0,mIU/L,Normal,1.2–3.1,nmol/L,Normal,66–181,nmol/L,Normal,1.0–4.0,Index,High
208,76,Female,0.4,1.6,176.0,132.0,0.4–4.0,mIU/L,Normal,1.2–3.1,nmol/L,Normal,66–181,nmol/L,Normal,1.0–4.0,Index,High
209,24,Female,0.82,2.5,97.0,107.0,0.4–4.0,mIU/L,Normal,1.2–3.1,nmol/L,Normal,66–181,nmol/L,Normal,1.0–4.0,Index,High
210,56,Female,0.4,2.3,120.0,117.0,0.4–4.0,mIU/L,Normal,1.2–3.1,nmol/L,Normal,66–181,nmol/L,Normal,1.0–4.0,Index,High
211,30,Female,0.2,2.6,80.0,95.0,0.4–4.0,mIU/L,Low,1.2–3.1,nmol/L,Normal,66–181,nmol/L,Normal,1.0–4.0,Index,High
212,35,Female,2.1,2.2,106.0,117.0,0.4–4.0,mIU/L,Normal,1.2–3.1,nmol/L,Normal,66–181,nmol/L,Normal,1.0–4.0,Index,High
213,61,Female,0.25,1.3,135.0,117.0,0.4–4.0,mIU/L,Low,1.2–3.1,nmol/L,Normal,66–181,nmol/L,Normal,1.0–4.0,Index,High
214,62,Female,0.66,2.1,150.0,126.0,0.4–4.0,mIU/L,Normal,1.2–3.1,nmol/L,Normal,66–181,nmol/L,Normal,1.0–4.0,Index,High
215,63,Male,0.75,1.4,112.0,130.0,0.4–4.0,mIU/L,Normal,1.2–3.1,nmol/L,Normal,66–181,nmol/L,Normal,1.0–4.0,Index,High
216,64,Female,0.2,1.8,146.0,106.0,0.4–4.0,mIU/L,Low,1.2–3.1,nmol/L,Normal,66–181,nmol/L,Normal,1.0–4.0,Index,High
217,45,Male,0.25,1.4,86.0,114.0,0.4–4.0,mIU/L,Low,1.2–3.1,nmol/L,Normal,66–181,nmol/L,Normal,1.0–4.0,Index,High
218,47,Female,2.1,2.4,106.0,95.0,0.4–4.0,mIU/L,Normal,1.2–3.1,nmol/L,Normal,66–181,nmol/L,Normal,1.0–4.0,Index,High
219,80,Female,3.9,2.1,101.0,110.0,0.4–4.0,mIU/L,Normal,1.2–3.1,nmol/L,Normal,66–181,nmol/L,Normal,1.0–4.0,Index,High
220,52,Female,0.2,1.9,87.0,132.0,0.4–4.0,mIU/L,Low,1.2–3.1,nmol/L,Normal,66–181,nmol/L,Normal,1.0–4.0,Index,High
221,71,Male,2.2,1.2,127.0,143.0,0.4–4.0,mIU/L,Normal,1.2–3.1,nmol/L,Normal,66–181,nmol/L,Normal,1.0–4.0,Index,High
222,38,Female,44.0,1.7,59.0,57.0,0.4–4.0,mIU/L,High,1.2–3.1,nmol/L,Normal,66–181,nmol/L,Low,1.0–4.0,Index,High
223,60,Male,0.9,1.5,86.0,132.0,0.4–4.0,mIU/L,Normal,1.2–3.1,nmol/L,Normal,66–181,nmol/L,Normal,1.0–4.0,Index,High
224,36,Female,2.4,3.1,133.0,87.0,0.4–4.0,mIU/L,Normal,1.2–3.1,nmol/L,Normal,66–181,nmol/L,Normal,1.0–4.0,Index,High
225,60,Male,0.035,7.6,236.0,259.0,0.4–4.0,mIU/L,Low,1.2–3.1,nmol/L,High,66–181,nmol/L,High,1.0–4.0,Index,High
226,69,Female,0.4,2.1,92.0,91.0,0.4–4.0,mIU/L,Normal,1.2–3.1,nmol/L,Normal,66–181,nmol/L,Normal,1.0–4.0,Index,High
227,62,Male,2.2,2.8,122.0,109.0,0.4–4.0,mIU/L,Normal,1.2–3.1,nmol/L,Normal,66–181,nmol/L,Normal,1.0–4.0,Index,High
228,64,Male,4.6,1.5,133.0,124.0,0.4–4.0,mIU/L,High,1.2–3.1,nmol/L,Normal,66–181,nmol/L,Normal,1.0–4.0,Index,High
229,69,Female,1.5,1.8,136.0,149.0,0.4–4.0,mIU/L,Normal,1.2–3.1,nmol/L,Normal,66–181,nmol/L,Normal,1.0–4.0,Index,High
230,45,Female,1.1,2.0,68.0,73.0,0.4–4.0,mIU/L,Normal,1.2–3.1,nmol/L,Normal,66–181,nmol/L,Normal,1.0–4.0,Index,High
231,29,Female,0.62,3.8,211.0,112.0,0.4–4.0,mIU/L,Normal,1.2–3.1,nmol/L,High,66–181,nmol/L,High,1.0–4.0,Index,High
232,82,Female,2.3,1.6,66.0,83.0,0.4–4.0,mIU/L,Normal,1.2–3.1,nmol/L,Normal,66–181,nmol/L,Normal,1.0–4.0,Index,High
233,55,Female,0.04,1.4,130.0,153.0,0.4–4.0,mIU/L,Low,1.2–3.1,nmol/L,Normal,66–181,nmol/L,Normal,1.0–4.0,Index,High
234,53,Male,1.5,2.8,130.0,128.0,0.4–4.0,mIU/L,Normal,1.2–3.1,nmol/L,Normal,66–181,nmol/L,Normal,1.0–4.0,Index,High
235,42,Female,1.9,1.6,101.0,116.0,0.4–4.0,mIU/L,Normal,1.2–3.1,nmol/L,Normal,66–181,nmol/L,Normal,1.0–4.0,Index,High
236,25,Female,2.4,2.0,106.0,125.0,0.4–4.0,mIU/L,Normal,1.2–3.1,nmol/L,Normal,66–181,nmol/L,Normal,1.0–4.0,Index,High
237,39,Male,1.1,2.0,81.0,101.0,0.4–4.0,mIU/L,Normal,1.2–3.1,nmol/L,Normal,66–181,nmol/L,Normal,1.0–4.0,Index,High
238,75,Female,2.3,0.7,78.0,95.0,0.4–4.0,mIU/L,Normal,1.2–3.1,nmol/L,Low,66–181,nmol/L,Normal,1.0–4.0,Index,High
239,22,Female,2.7,2.4,157.0,131.0,0.4–4.0,mIU/L,Normal,1.2–3.1,nmol/L,Normal,66–181,nmol/L,Normal,1.0–4.0,Index,High
240,55,Male,2.8,0.9,122.0,136.0,0.4–4.0,mIU/L,Normal,1.2–3.1,nmol/L,Low,66–181,nmol/L,Normal,1.0–4.0,Index,High
241,37,Female,0.13,1.8,118.0,130.0,0.4–4.0,mIU/L,Low,1.2–3.1,nmol/L,Normal,66–181,nmol/L,Normal,1.0–4.0,Index,High
242,35,Female,0.1,1.2,50.0,64.0,0.4–4.0,mIU/L,Low,1.2–3.1,nmol/L,Normal,66–181,nmol/L,Low,1.0–4.0,Index,High
243,60,Male,1.3,1.6,71.0,93.0,0.4–4.0,mIU/L,Normal,1.2–3.1,nmol/L,Normal,66–181,nmol/L,Normal,1.0–4.0,Index,High
244,66,Female,0.3,1.6,120.0,132.0,0.4–4.0,mIU/L,Low,1.2–3.1,nmol/L,Normal,66–181,nmol/L,Normal,1.0–4.0,Index,High
245,62,Male,0.8,1.5,106.0,103.0,0.4–4.0,mIU/L,Normal,1.2–3.1,nmol/L,Normal,66–181,nmol/L,Normal,1.0–4.0,Index,High
246,72,Female,13.0,1.3,106.0,82.0,0.4–4.0,mIU/L,High,1.2–3.1,nmol/L,Normal,66–181,nmol/L,Normal,1.0–4.0,Index,High
247,72,Male,1.1,1.8,126.0,156.0,0.4–4.0,mIU/L,Normal,1.2–3.1,nmol/L,Normal,66–181,nmol/L,Normal,1.0–4.0,Index,High
248,75,Female,1.6,1.6,102.0,109.0,0.4–4.0,mIU/L,Normal,1.2–3.1,nmol/L,Normal,66–181,nmol/L,Normal,1.0–4.0,Index,High
249,64,Female,7.6,4.2,164.0,106.0,0.4–4.0,mIU/L,High,1.2–3.1,nmol/L,High,66–181,nmol/L,Normal,1.0–4.0,Index,High
250,66,Female,0.7,1.1,115.0,137.0,0.4–4.0,mIU/L,Normal,1.2–3.1,nmol/L,Low,66–181,nmol/L,Normal,1.0–4.0,Index,High
251,82,Female,0.4,2.4,117.0,131.0,0.4–4.0,mIU/L,Normal,1.2–3.1,nmol/L,Normal,66–181,nmol/L,Normal,1.0–4.0,Index,High
252,62,Female,1.8,1.8,105.0,119.0,0.4–4.0,mIU/L,Normal,1.2–3.1,nmol/L,Normal,66–181,nmol/L,Normal,1.0–4.0,Index,High
253,34,Female,0.02,3.7,196.0,119.0,0.4–4.0,mIU/L,Low,1.2–3.1,nmol/L,High,66–181,nmol/L,High,1.0–4.0,Index,High
254,74,Female,1.8,2.3,114.0,104.0,0.4–4.0,mIU/L,Normal,1.2–3.1,nmol/L,Normal,66–181,nmol/L,Normal,1.0–4.0,Index,High
255,76,Male,1.1,1.4,99.0,165.0,0.4–4.0,mIU/L,Normal,1.2–3.1,nmol/L,Normal,66–181,nmol/L,Normal,1.0–4.0,Index,High
256,75,Female,0.7,1.6,107.0,106.0,0.4–4.0,mIU/L,Normal,1.2–3.1,nmol/L,Normal,66–181,nmol/L,Normal,1.0–4.0,Index,High
257,60,Female,0.1,3.3,225.0,197.0,0.4–4.0,mIU/L,Low,1.2–3.1,nmol/L,High,66–181,nmol/L,High,1.0–4.0,Index,High
258,45,Female,1.1,1.6,84.0,87.0,0.4–4.0,mIU/L,Normal,1.2–3.1,nmol/L,Normal,66–181,nmol/L,Normal,1.0–4.0,Index,High
259,44,Male,3.0,2.0,115.0,104.0,0.4–4.0,mIU/L,Normal,1.2–3.1,nmol/L,Normal,66–181,nmol/L,Normal,1.0–4.0,Index,High
260,20,Female,1.5,2.4,137.0,101.0,0.4–4.0,mIU/L,Normal,1.2–3.1,nmol/L,Normal,66–181,nmol/L,Normal,1.0–4.0,Index,High
261,51,Male,0.15,1.5,72.0,106.0,0.4–4.0,mIU/L,Low,1.2–3.1,nmol/L,Normal,66–181,nmol/L,Normal,1.0–4.0,Index,High
262,42,Male,52.0,0.8,28.0,33.0,0.4–4.0,mIU/L,High,1.2–3.1,nmol/L,Low,66–181,nmol/L,Low,1.0–4.0,Index,High
263,81,Female,3.9,1.4,102.0,100.0,0.4–4.0,mIU/L,Normal,1.2–3.1,nmol/L,Normal,66–181,nmol/L,Normal,1.0–4.0,Index,High
264,85,Female,0.84,0.8,161.0,166.0,0.4–4.0,mIU/L,Normal,1.2–3.1,nmol/L,Low,66–181,nmol/L,Normal,1.0–4.0,Index,High
265,59,Female,0.83,2.3,119.0,107.0,0.4–4.0,mIU/L,Normal,1.2–3.1,nmol/L,Normal,66–181,nmol/L,Normal,1.0–4.0,Index,High
266,28,Female,0.03,2.4,220.0,149.0,0.4–4.0,mIU/L,Low,1.2–3.1,nmol/L,Normal,66–181,nmol/L,High,1.0–4.0,Index,High
267,71,Female,2.6,1.3,93.0,115.0,0.4–4.0,mIU/L,Normal,1.2–3.1,nmol/L,Normal,66–181,nmol/L,Normal,1.0–4.0,Index,High
268,53,Male,2.4,2.6,151.0,130.0,0.4–4.0,mIU/L,Normal,1.2–3.1,nmol/L,Normal,66–181,nmol/L,Normal,1.0–4.0,Index,High
269,55,Female,4.5,1.2,151.0,132.0,0.4–4.0,mIU/L,High,1.2–3.1,nmol/L,Normal,66–181,nmol/L,Normal,1.0–4.0,Index,High
270,31,Female,0.95,2.6,152.0,110.0,0.4–4.0,mIU/L,Normal,1.2–3.1,nmol/L,Normal,66–181,nmol/L,Normal,1.0–4.0,Index,High
271,28,Female,0.05,1.8,97.0,92.0,0.4–4.0,mIU/L,Low,1.2–3.1,nmol/L,Normal,66–181,nmol/L,Normal,1.0–4.0,Index,High
272,36,Male,1.5,3.3,132.0,110.0,0.4–4.0,mIU/L,Normal,1.2–3.1,nmol/L,High,66–181,nmol/L,Normal,1.0–4.0,Index,High
273,72,Male,2.3,2.0,106.0,105.0,0.4–4.0,mIU/L,Normal,1.2–3.1,nmol/L,Normal,66–181,nmol/L,Normal,1.0–4.0,Index,High
274,66,Female,0.05,1.1,69.0,88.0,0.4–4.0,mIU/L,Low,1.2–3.1,nmol/L,Low,66–181,nmol/L,Normal,1.0–4.0,Index,High
275,73,Male,0.83,1.4,76.0,103.0,0.4–4.0,mIU/L,Normal,1.2–3.1,nmol/L,Normal,66–181,nmol/L,Normal,1.0–4.0,Index,High
276,42,Female,1.1,0.7,61.0,82.0,0.4–4.0,mIU/L,Normal,1.2–3.1,nmol/L,Low,66–181,nmol/L,Low,1.0–4.0,Index,High
277,36,Male,1.9,1.8,122.0,113.0,0.4–4.0,mIU/L,Normal,1.2–3.1,nmol/L,Normal,66–181,nmol/L,Normal,1.0–4.0,Index,High
278,72,Female,3.5,1.6,108.0,130.0,0.4–4.0,mIU/L,Normal,1.2–3.1,nmol/L,Normal,66–181,nmol/L,Normal,1.0–4.0,Index,High
279,25,Female,2.4,2.2,152.0,112.0,0.4–4.0,mIU/L,Normal,1.2–3.1,nmol/L,Normal,66–181,nmol/L,Normal,1.0–4.0,Index,High
280,72,Male,4.3,2.5,88.0,66.0,0.4–4.0,mIU/L,High,1.2–3.1,nmol/L,Normal,66–181,nmol/L,Normal,1.0–4.0,Index,High
281,32,Female,0.3,3.0,101.0,89.0,0.4–4.0,mIU/L,Low,1.2–3.1,nmol/L,Normal,66–181,nmol/L,Normal,1.0–4.0,Index,High
282,74,Female,5.1,2.5,132.0,136.0,0.4–4.0,mIU/L,High,1.2–3.1,nmol/L,Normal,66–181,nmol/L,Normal,1.0–4.0,Index,High
283,62,Male,1.8,1.0,55.0,64.0,0.4–4.0,mIU/L,Normal,1.2–3.1,nmol/L,Low,66–181,nmol/L,Low,1.0–4.0,Index,High
284,51,Male,0.2,2.0,113.0,134.0,0.4–4.0,mIU/L,Low,1.2–3.1,nmol/L,Normal,66–181,nmol/L,Normal,1.0–4.0,Index,High
285,63,Male,6.7,1.5,101.0,155.0,0.4–4.0,mIU/L,High,1.2–3.1,nmol/L,Normal,66–181,nmol/L,Normal,1.0–4.0,Index,High
286,33,Male,0.3,2.5,107.0,116.0,0.4–4.0,mIU/L,Low,1.2–3.1,nmol/L,Normal,66–181,nmol/L,Normal,1.0–4.0,Index,High
287,74,Female,1.6,2.3,118.0,120.0,0.4–4.0,mIU/L,Normal,1.2–3.1,nmol/L,Normal,66–181,nmol/L,Normal,1.0–4.0,Index,High
288,26,Female,0.39,1.8,147.0,185.0,0.4–4.0,mIU/L,Low,1.2–3.1,nmol/L,Normal,66–181,nmol/L,Normal,1.0–4.0,Index,High
289,58,Male,0.7,1.8,125.0,109.0,0.4–4.0,mIU/L,Normal,1.2–3.1,nmol/L,Normal,66–181,nmol/L,Normal,1.0–4.0,Index,High
290,30,Male,0.79,1.8,81.0,94.0,0.4–4.0,mIU/L,Normal,1.2–3.1,nmol/L,Normal,66–181,nmol/L,Normal,1.0–4.0,Index,High
291,39,Female,0.02,4.0,209.0,197.0,0.4–4.0,mIU/L,Low,1.2–3.1,nmol/L,High,66–181,nmol/L,High,1.0–4.0,Index,High
292,30,Female,3.5,2.4,95.0,88.0,0.4–4.0,mIU/L,Normal,1.2–3.1,nmol/L,Normal,66–181,nmol/L,Normal,1.0–4.0,Index,High
293,49,Female,0.7,1.3,58.0,71.0,0.4–4.0,mIU/L,Normal,1.2–3.1,nmol/L,Normal,66–181,nmol/L,Low,1.0–4.0,Index,High
294,66,Male,1.2,0.6,78.0,93.0,0.4–4.0,mIU/L,Normal,1.2–3.1,nmol/L,Low,66–181,nmol/L,Normal,1.0–4.0,Index,High
295,75,Female,3.5,2.2,118.0,117.0,0.4–4.0,mIU/L,Normal,1.2–3.1,nmol/L,Normal,66–181,nmol/L,Normal,1.0–4.0,Index,High
296,29,Male,1.7,2.0,93.0,115.0,0.4–4.0,mIU/L,Normal,1.2–3.1,nmol/L,Normal,66–181,nmol/L,Normal,1.0–4.0,Index,High
297,43,Male,0.68,2.0,54.0,58.0,0.4–4.0,mIU/L,Normal,1.2–3.1,nmol/L,Normal,66–181,nmol/L,Low,1.0–4.0,Index,High
298,43,Female,7.2,2.3,81.0,82.0,0.4–4.0,mIU/L,High,1.2–3.1,nmol/L,Normal,66–181,nmol/L,Normal,1.0–4.0,Index,High
299,72,Female,6.0,2.4,118.0,94.0,0.4–4.0,mIU/L,High,1.2–3.1,nmol/L,Normal,66–181,nmol/L,Normal,1.0–4.0,Index,High
300,32,Female,1.7,1.7,138.0,125.0,0.4–4.0,mIU/L,Normal,1.2–3.1,nmol/L,Normal,66–181,nmol/L,Normal,1.0–4.0,Index,High
301,43,Female,2.2,2.2,93.0,80.0,0.4–4.0,mIU/L,Normal,1.2–3.1,nmol/L,Normal,66–181,nmol/L,Normal,1.0–4.0,Index,High
302,83,Female,2.2,0.9,69.0,93.0,0.4–4.0,mIU/L,Normal,1.2–3.1,nmol/L,Low,66–181,nmol/L,Normal,1.0–4.0,Index,High
303,18,Male,2.3,2.1,79.0,72.0,0.4–4.0,mIU/L,Normal,1.2–3.1,nmol/L,Normal,66–181,nmol/L,Normal,1.0–4.0,Index,High
304,79,Female,4.2,1.1,78.0,81.0,0.4–4.0,mIU/L,High,1.2–3.1,nmol/L,Low,66–181,nmol/L,Normal,1.0–4.0,Index,High
305,74,Female,0.25,1.6,111.0,116.0,0.4–4.0,mIU/L,Low,1.2–3.1,nmol/L,Normal,66–181,nmol/L,Normal,1.0–4.0,Index,High
306,40,Male,1.6,2.4,105.0,125.0,0.4–4.0,mIU/L,Normal,1.2–3.1,nmol/L,Normal,66–181,nmol/L,Normal,1.0–4.0,Index,High
307,55,Female,0.035,2.0,109.0,117.0,0.4–4.0,mIU/L,Low,1.2–3.1,nmol/L,Normal,66–181,nmol/L,Normal,1.0–4.0,Index,High
308,52,Female,2.0,1.8,88.0,102.0,0.4–4.0,mIU/L,Normal,1.2–3.1,nmol/L,Normal,66–181,nmol/L,Normal,1.0–4.0,Index,High
309,52,Male,0.13,2.1,87.0,91.0,0.4–4.0,mIU/L,Low,1.2–3.1,nmol/L,Normal,66–181,nmol/L,Normal,1.0–4.0,Index,High
310,47,Male,176.0,0.5,6.0,4.0,0.4–4.0,mIU/L,High,1.2–3.1,nmol/L,Low,66–181,nmol/L,Low,1.0–4.0,Index,Normal
311,34,Female,0.9,2.3,122.0,111.0,0.4–4.0,mIU/L,Normal,1.2–3.1,nmol/L,Normal,66–181,nmol/L,Normal,1.0–4.0,Index,High
312,87,Female,0.15,1.7,162.0,186.0,0.4–4.0,mIU/L,Low,1.2–3.1,nmol/L,Normal,66–181,nmol/L,Normal,1.0–4.0,Index,High
313,55,Female,0.01,5.5,219.0,274.0,0.4–4.0,mIU/L,Low,1.2–3.1,nmol/L,High,66–181,nmol/L,High,1.0–4.0,Index,High
314,35,Male,1.2,2.7,137.0,115.0,0.4–4.0,mIU/L,Normal,1.2–3.1,nmol/L,Normal,66–181,nmol/L,Normal,1.0–4.0,Index,High
315,33,Female,1.7,2.5,93.0,119.0,0.4–4.0,mIU/L,Normal,1.2–3.1,nmol/L,Normal,66–181,nmol/L,Normal,1.0–4.0,Index,High
316,77,Female,0.7,2.2,72.0,62.0,0.4–4.0,mIU/L,Normal,1.2–3.1,nmol/L,Normal,66–181,nmol/L,Normal,1.0–4.0,Index,High
317,69,Female,0.1,2.1,188.0,194.0,0.4–4.0,mIU/L,Low,1.2–3.1,nmol/L,Normal,66–181,nmol/L,High,1.0–4.0,Index,High
318,26,Female,1.9,2.5,102.0,87.0,0.4–4.0,mIU/L,Normal,1.2–3.1,nmol/L,Normal,66–181,nmol/L,Normal,1.0–4.0,Index,High
319,19,Female,6.6,1.8,122.0,104.0,0.4–4.0,mIU/L,High,1.2–3.1,nmol/L,Normal,66–181,nmol/L,Normal,1.0–4.0,Index,High
320,59,Male,0.1,2.0,152.0,167.0,0.4–4.0,mIU/L,Low,1.2–3.1,nmol/L,Normal,66–181,nmol/L,Normal,1.0–4.0,Index,High
321,45,Female,3.0,2.1,107.0,92.0,0.4–4.0,mIU/L,Normal,1.2–3.1,nmol/L,Normal,66–181,nmol/L,Normal,1.0–4.0,Index,High
322,87,Male,1.0,1.5,96.0,120.0,0.4–4.0,mIU/L,Normal,1.2–3.1,nmol/L,Normal,66–181,nmol/L,Normal,1.0–4.0,Index,High
323,66,Male,0.9,1.9,72.0,86.0,0.4–4.0,mIU/L,Normal,1.2–3.1,nmol/L,Normal,66–181,nmol/L,Normal,1.0–4.0,Index,High
324,48,Female,1.0,3.3,157.0,123.0,0.4–4.0,mIU/L,Normal,1.2–3.1,nmol/L,High,66–181,nmol/L,Normal,1.0–4.0,Index,High
325,69,Female,3.3,1.5,130.0,151.0,0.4–4.0,mIU/L,Normal,1.2–3.1,nmol/L,Normal,66–181,nmol/L,Normal,1.0–4.0,Index,High
326,78,Female,1.1,2.0,123.0,135.0,0.4–4.0,mIU/L,Normal,1.2–3.1,nmol/L,Normal,66–181,nmol/L,Normal,1.0–4.0,Index,High
327,81,Female,13.0,1.1,110.0,131.0,0.4–4.0,mIU/L,High,1.2–3.1,nmol/L,Low,66–181,nmol/L,Normal,1.0–4.0,Index,High
328,26,Male,2.0,1.8,59.0,59.0,0.4–4.0,mIU/L,Normal,1.2–3.1,nmol/L,Normal,66–181,nmol/L,Low,1.0–4.0,Index,High
329,85,Male,0.05,0.1,47.0,69.0,0.4–4.0,mIU/L,Low,1.2–3.1,nmol/L,Low,66–181,nmol/L,Low,1.0–4.0,Index,High
330,37,Male,2.1,2.3,93.0,113.0,0.4–4.0,mIU/L,Normal,1.2–3.1,nmol/L,Normal,66–181,nmol/L,Normal,1.0–4.0,Index,High
331,30,Female,0.3,1.8,117.0,121.0,0.4–4.0,mIU/L,Low,1.2–3.1,nmol/L,Normal,66–181,nmol/L,Normal,1.0–4.0,Index,High
332,57,Female,2.9,1.5,85.0,102.0,0.4–4.0,mIU/L,Normal,1.2–3.1,nmol/L,Normal,66–181,nmol/L,Normal,1.0–4.0,Index,High
333,42,Female,4.4,1.9,127.0,111.0,0.4–4.0,mIU/L,High,1.2–3.1,nmol/L,Normal,66–181,nmol/L,Normal,1.0–4.0,Index,High
334,25,Female,0.81,1.8,78.0,77.0,0.4–4.0,mIU/L,Normal,1.2–3.1,nmol/L,Normal,66–181,nmol/L,Normal,1.0–4.0,Index,High
335,38,Male,0.13,6.4,256.0,332.0,0.4–4.0,mIU/L,Low,1.2–3.1,nmol/L,High,66–181,nmol/L,High,1.0–4.0,Index,High
336,46,Female,2.4,2.3,99.0,91.0,0.4–4.0,mIU/L,Normal,1.2–3.1,nmol/L,Normal,66–181,nmol/L,Normal,1.0–4.0,Index,High
337,51,Female,1.5,2.1,75.0,84.0,0.4–4.0,mIU/L,Normal,1.2–3.1,nmol/L,Normal,66–181,nmol/L,Normal,1.0–4.0,Index,High
338,59,Male,4.9,1.4,96.0,109.0,0.4–4.0,mIU/L,High,1.2–3.1,nmol/L,Normal,66–181,nmol/L,Normal,1.0–4.0,Index,High
339,44,Female,1.2,1.7,92.0,94.0,0.4–4.0,mIU/L,Normal,1.2–3.1,nmol/L,Normal,66–181,nmol/L,Normal,1.0–4.0,Index,High
340,60,Male,5.1,0.9,87.0,100.0,0.4–4.0,mIU/L,High,1.2–3.1,nmol/L,Low,66–181,nmol/L,Normal,1.0–4.0,Index,High
341,77,Female,0.03,13.299999,410.0,519.0,0.4–4.0,mIU/L,Low,1.2–3.1,nmol/L,High,66–181,nmol/L,High,1.0–4.0,Index,High
342,65,Female,0.47,0.8,154.0,204.0,0.4–4.0,mIU/L,Normal,1.2–3.1,nmol/L,Low,66–181,nmol/L,Normal,1.0–4.0,Index,High
343,68,Male,0.02,2.5,113.0,149.0,0.4–4.0,mIU/L,Low,1.2–3.1,nmol/L,Normal,66–181,nmol/L,Normal,1.0–4.0,Index,High
344,84,Female,0.25,2.2,138.0,143.0,0.4–4.0,mIU/L,Low,1.2–3.1,nmol/L,Normal,66–181,nmol/L,Normal,1.0–4.0,Index,High
345,33,Female,8.2,1.5,74.0,83.0,0.4–4.0,mIU/L,High,1.2–3.1,nmol/L,Normal,66–181,nmol/L,Normal,1.0–4.0,Index,High
346,43,Male,1.3,1.6,89.0,96.0,0.4–4.0,mIU/L,Normal,1.2–3.1,nmol/L,Normal,66–181,nmol/L,Normal,1.0–4.0,Index,High
347,27,Female,4.3,2.5,105.0,103.0,0.4–4.0,mIU/L,High,1.2–3.1,nmol/L,Normal,66–181,nmol/L,Normal,1.0–4.0,Index,High
348,43,Female,2.5,2.6,95.0,90.0,0.4–4.0,mIU/L,Normal,1.2–3.1,nmol/L,Normal,66–181,nmol/L,Normal,1.0–4.0,Index,High
349,82,Male,1.3,1.2,90.0,96.0,0.4–4.0,mIU/L,Normal,1.2–3.1,nmol/L,Normal,66–181,nmol/L,Normal,1.0–4.0,Index,High
350,72,Male,0.67,1.8,99.0,101.0,0.4–4.0,mIU/L,Normal,1.2–3.1,nmol/L,Normal,66–181,nmol/L,Normal,1.0–4.0,Index,High
351,23,Female,1.9,2.4,129.0,109.0,0.4–4.0,mIU/L,Normal,1.2–3.1,nmol/L,Normal,66–181,nmol/L,Normal,1.0–4.0,Index,High
352,74,Female,4.8,2.5,66.0,75.0,0.4–4.0,mIU/L,High,1.2–3.1,nmol/L,Normal,66–181,nmol/L,Normal,1.0–4.0,Index,High
353,41,Male,0.005,1.3,95.0,120.0,0.4–4.0,mIU/L,Low,1.2–3.1,nmol/L,Normal,66–181,nmol/L,Normal,1.0–4.0,Index,High
354,27,Male,1.6,1.9,119.0,134.0,0.4–4.0,mIU/L,Normal,1.2–3.1,nmol/L,Normal,66–181,nmol/L,Normal,1.0–4.0,Index,High
355,75,Female,0.05,1.6,157.0,176.0,0.4–4.0,mIU/L,Low,1.2–3.1,nmol/L,Normal,66–181,nmol/L,Normal,1.0–4.0,Index,High
356,61,Female,2.4,1.0,132.0,126.0,0.4–4.0,mIU/L,Normal,1.2–3.1,nmol/L,Low,66–181,nmol/L,Normal,1.0–4.0,Index,High
357,23,Male,0.05,3.3,232.0,174.0,0.4–4.0,mIU/L,Low,1.2–3.1,nmol/L,High,66–181,nmol/L,High,1.0–4.0,Index,High
358,21,Female,1.6,2.1,96.0,112.0,0.4–4.0,mIU/L,Normal,1.2–3.1,nmol/L,Normal,66–181,nmol/L,Normal,1.0–4.0,Index,High
359,58,Male,1.7,2.3,124.0,99.0,0.4–4.0,mIU/L,Normal,1.2–3.1,nmol/L,Normal,66–181,nmol/L,Normal,1.0–4.0,Index,High
360,65,Male,4.5,1.1,94.0,119.0,0.4–4.0,mIU/L,High,1.2–3.1,nmol/L,Low,66–181,nmol/L,Normal,1.0–4.0,Index,High
361,32,Female,3.8,2.6,144.0,101.0,0.4–4.0,mIU/L,Normal,1.2–3.1,nmol/L,Normal,66–181,nmol/L,Normal,1.0–4.0,Index,High
362,46,Female,1.7,2.3,136.0,127.0,0.4–4.0,mIU/L,Normal,1.2–3.1,nmol/L,Normal,66–181,nmol/L,Normal,1.0–4.0,Index,High
363,33,Male,1.3,2.2,120.0,126.0,0.4–4.0,mIU/L,Normal,1.2–3.1,nmol/L,Normal,66–181,nmol/L,Normal,1.0–4.0,Index,High
364,88,Female,0.2,0.4,98.0,134.0,0.4–4.0,mIU/L,Low,1.2–3.1,nmol/L,Low,66–181,nmol/L,Normal,1.0–4.0,Index,High
365,56,Male,1.6,1.9,97.0,99.0,0.4–4.0,mIU/L,Normal,1.2–3.1,nmol/L,Normal,66–181,nmol/L,Normal,1.0–4.0,Index,High
366,70,Female,0.1,1.8,170.0,171.0,0.4–4.0,mIU/L,Low,1.2–3.1,nmol/L,Normal,66–181,nmol/L,Normal,1.0–4.0,Index,High
367,65,Female,2.8,2.1,84.0,96.0,0.4–4.0,mIU/L,Normal,1.2–3.1,nmol/L,Normal,66–181,nmol/L,Normal,1.0–4.0,Index,High
368,97,Female,2.9,0.5,101.0,158.0,0.4–4.0,mIU/L,Normal,1.2–3.1,nmol/L,Low,66–181,nmol/L,Normal,1.0–4.0,Index,High
369,74,Female,1.3,1.3,111.0,120.0,0.4–4.0,mIU/L,Normal,1.2–3.1,nmol/L,Normal,66–181,nmol/L,Normal,1.0–4.0,Index,High
370,29,Male,1.4,3.3,139.0,139.0,0.4–4.0,mIU/L,Normal,1.2–3.1,nmol/L,High,66–181,nmol/L,Normal,1.0–4.0,Index,High
371,52,Female,4.6,1.7,84.0,127.0,0.4–4.0,mIU/L,High,1.2–3.1,nmol/L,Normal,66–181,nmol/L,Normal,1.0–4.0,Index,High
372,62,Male,54.0,0.6,41.0,52.0,0.4–4.0,mIU/L,High,1.2–3.1,nmol/L,Low,66–181,nmol/L,Low,1.0–4.0,Index,High
373,24,Female,0.83,2.2,79.0,99.0,0.4–4.0,mIU/L,Normal,1.2–3.1,nmol/L,Normal,66–181,nmol/L,Normal,1.0–4.0,Index,High
374,79,Male,0.05,2.1,124.0,200.0,0.4–4.0,mIU/L,Low,1.2–3.1,nmol/L,Normal,66–181,nmol/L,Normal,1.0–4.0,Index,High
375,56,Male,0.4,1.3,89.0,107.0,0.4–4.0,mIU/L,Normal,1.2–3.1,nmol/L,Normal,66–181,nmol/L,Normal,1.0–4.0,Index,High
376,28,Male,3.2,2.5,78.0,88.0,0.4–4.0,mIU/L,Normal,1.2–3.1,nmol/L,Normal,66–181,nmol/L,Normal,1.0–4.0,Index,High
377,61,Male,7.9,2.9,116.0,114.0,0.4–4.0,mIU/L,High,1.2–3.1,nmol/L,Normal,66–181,nmol/L,Normal,1.0–4.0,Index,High
378,81,Female,1.2,2.3,89.0,78.0,0.4–4.0,mIU/L,Normal,1.2–3.1,nmol/L,Normal,66–181,nmol/L,Normal,1.0–4.0,Index,High
379,54,Male,2.9,1.5,133.0,139.0,0.4–4.0,mIU/L,Normal,1.2–3.1,nmol/L,Normal,66–181,nmol/L,Normal,1.0–4.0,Index,High
380,44,Female,4.4,1.9,82.0,90.0,0.4–4.0,mIU/L,High,1.2–3.1,nmol/L,Normal,66–181,nmol/L,Normal,1.0–4.0,Index,High
381,37,Male,0.9,1.4,118.0,129.0,0.4–4.0,mIU/L,Normal,1.2–3.1,nmol/L,Normal,66–181,nmol/L,Normal,1.0–4.0,Index,High
382,60,Female,0.1,1.4,129.0,129.0,0.4–4.0,mIU/L,Low,1.2–3.1,nmol/L,Normal,66–181,nmol/L,Normal,1.0–4.0,Index,High
383,59,Male,1.5,1.7,97.0,129.0,0.4–4.0,mIU/L,Normal,1.2–3.1,nmol/L,Normal,66–181,nmol/L,Normal,1.0–4.0,Index,High
384,54,Male,0.1,1.9,102.0,110.0,0.4–4.0,mIU/L,Low,1.2–3.1,nmol/L,Normal,66–181,nmol/L,Normal,1.0–4.0,Index,High
385,76,Female,6.3,1.3,134.0,117.0,0.4–4.0,mIU/L,High,1.2–3.1,nmol/L,Normal,66–181,nmol/L,Normal,1.0–4.0,Index,High
386,32,Female,0.25,3.6,153.0,91.0,0.4–4.0,mIU/L,Low,1.2–3.1,nmol/L,High,66–181,nmol/L,Normal,1.0–4.0,Index,High
387,70,Female,2.0,2.2,138.0,111.0,0.4–4.0,mIU/L,Normal,1.2–3.1,nmol/L,Normal,66–181,nmol/L,Normal,1.0–4.0,Index,High
388,71,Male,0.8,2.0,70.0,74.0,0.4–4.0,mIU/L,Normal,1.2–3.1,nmol/L,Normal,66–181,nmol/L,Normal,1.0–4.0,Index,High
389,74,Female,1.0,2.0,104.0,106.0,0.4–4.0,mIU/L,Normal,1.2–3.1,nmol/L,Normal,66–181,nmol/L,Normal,1.0–4.0,Index,High
390,62,Male,0.95,2.5,138.0,118.0,0.4–4.0,mIU/L,Normal,1.2–3.1,nmol/L,Normal,66–181,nmol/L,Normal,1.0–4.0,Index,High
391,54,Female,1.5,1.1,74.0,92.0,0.4–4.0,mIU/L,Normal,1.2–3.1,nmol/L,Low,66–181,nmol/L,Normal,1.0–4.0,Index,High
392,57,Male,0.55,1.1,95.0,120.0,0.4–4.0,mIU/L,Normal,1.2–3.1,nmol/L,Low,66–181,nmol/L,Normal,1.0–4.0,Index,High
393,76,Female,2.9,1.6,109.0,131.0,0.4–4.0,mIU/L,Normal,1.2–3.1,nmol/L,Normal,66–181,nmol/L,Normal,1.0–4.0,Index,High
394,74,Female,0.19,1.9,109.0,112.0,0.4–4.0,mIU/L,Low,1.2–3.1,nmol/L,Normal,66–181,nmol/L,Normal,1.0–4.0,Index,High
395,34,Female,1.4,1.4,115.0,126.0,0.4–4.0,mIU/L,Normal,1.2–3.1,nmol/L,Normal,66–181,nmol/L,Normal,1.0–4.0,Index,High
396,37,Male,1.1,2.0,111.0,123.0,0.4–4.0,mIU/L,Normal,1.2–3.1,nmol/L,Normal,66–181,nmol/L,Normal,1.0–4.0,Index,High
397,33,Male,4.5,2.1,83.0,87.0,0.4–4.0,mIU/L,High,1.2–3.1,nmol/L,Normal,66–181,nmol/L,Normal,1.0–4.0,Index,High
398,70,Male,1.9,1.3,136.0,170.0,0.4–4.0,mIU/L,Normal,1.2–3.1,nmol/L,Normal,66–181,nmol/L,Normal,1.0–4.0,Index,High
399,20,Female,1.1,2.6,137.0,103.0,0.4–4.0,mIU/L,Normal,1.2–3.1,nmol/L,Normal,66–181,nmol/L,Normal,1.0–4.0,Index,High
400,70,Female,0.9,1.5,104.0,109.0,0.4–4.0,mIU/L,Normal,1.2–3.1,nmol/L,Normal,66–181,nmol/L,Normal,1.0–4.0,Index,High
401,26,Male,1.1,2.0,72.0,104.0,0.4–4.0,mIU/L,Normal,1.2–3.1,nmol/L,Normal,66–181,nmol/L,Normal,1.0–4.0,Index,High
402,47,Male,1.2,2.1,105.0,118.0,0.4–4.0,mIU/L,Normal,1.2–3.1,nmol/L,Normal,66–181,nmol/L,Normal,1.0–4.0,Index,High
403,37,Female,1.1,2.0,97.0,98.0,0.4–4.0,mIU/L,Normal,1.2–3.1,nmol/L,Normal,66–181,nmol/L,Normal,1.0–4.0,Index,High
404,49,Female,4.5,3.2,84.0,100.0,0.4–4.0,mIU/L,High,1.2–3.1,nmol/L,High,66–181,nmol/L,Normal,1.0–4.0,Index,High
405,55,Male,0.15,2.3,102.0,124.0,0.4–4.0,mIU/L,Low,1.2–3.1,nmol/L,Normal,66–181,nmol/L,Normal,1.0–4.0,Index,High
406,18,Male,0.1,2.3,98.0,115.0,0.4–4.0,mIU/L,Low,1.2–3.1,nmol/L,Normal,66–181,nmol/L,Normal,1.0–4.0,Index,High
407,25,Female,0.06,2.7,159.0,173.0,0.4–4.0,mIU/L,Low,1.2–3.1,nmol/L,Normal,66–181,nmol/L,Normal,1.0–4.0,Index,High
408,55,Female,0.1,1.9,125.0,132.0,0.4–4.0,mIU/L,Low,1.2–3.1,nmol/L,Normal,66–181,nmol/L,Normal,1.0–4.0,Index,High
409,59,Female,0.1,2.5,100.0,103.0,0.4–4.0,mIU/L,Low,1.2–3.1,nmol/L,Normal,66–181,nmol/L,Normal,1.0–4.0,Index,High
410,62,Female,0.2,1.4,107.0,122.0,0.4–4.0,mIU/L,Low,1.2–3.1,nmol/L,Normal,66–181,nmol/L,Normal,1.0–4.0,Index,High
411,33,Male,0.3,1.9,97.0,108.0,0.4–4.0,mIU/L,Low,1.2–3.1,nmol/L,Normal,66–181,nmol/L,Normal,1.0–4.0,Index,High
412,24,Female,10.0,2.5,110.0,94.0,0.4–4.0,mIU/L,High,1.2–3.1,nmol/L,Normal,66–181,nmol/L,Normal,1.0–4.0,Index,High
413,27,Female,3.3,1.2,87.0,68.0,0.4–4.0,mIU/L,Normal,1.2–3.1,nmol/L,Normal,66–181,nmol/L,Normal,1.0–4.0,Index,High
414,76,Male,1.5,1.9,95.0,118.0,0.4–4.0,mIU/L,Normal,1.2–3.1,nmol/L,Normal,66–181,nmol/L,Normal,1.0–4.0,Index,High
415,87,Female,2.2,0.9,106.0,115.0,0.4–4.0,mIU/L,Normal,1.2–3.1,nmol/L,Low,66–181,nmol/L,Normal,1.0–4.0,Index,High
416,35,Male,0.3,2.0,75.0,62.0,0.4–4.0,mIU/L,Low,1.2–3.1,nmol/L,Normal,66–181,nmol/L,Normal,1.0–4.0,Index,High
417,69,Female,21.0,0.8,53.0,61.0,0.4–4.0,mIU/L,High,1.2–3.1,nmol/L,Low,66–181,nmol/L,Low,1.0–4.0,Index,High
418,24,Male,2.1,1.9,77.0,78.0,0.4–4.0,mIU/L,Normal,1.2–3.1,nmol/L,Normal,66–181,nmol/L,Normal,1.0–4.0,Index,High
419,27,Female,2.6,2.2,94.0,106.0,0.4–4.0,mIU/L,Normal,1.2–3.1,nmol/L,Normal,66–181,nmol/L,Normal,1.0–4.0,Index,High
420,28,Female,0.8,3.8,193.0,100.0,0.4–4.0,mIU/L,Normal,1.2–3.1,nmol/L,High,66–181,nmol/L,High,1.0–4.0,Index,High
421,63,Female,0.1,1.6,99.0,106.0,0.4–4.0,mIU/L,Low,1.2–3.1,nmol/L,Normal,66–181,nmol/L,Normal,1.0–4.0,Index,High
422,32,Female,11.0,1.8,69.0,77.0,0.4–4.0,mIU/L,High,1.2–3.1,nmol/L,Normal,66–181,nmol/L,Normal,1.0–4.0,Index,High
423,75,Male,49.0,0.3,5.0,4.0,0.4–4.0,mIU/L,High,1.2–3.1,nmol/L,Low,66–181,nmol/L,Low,1.0–4.0,Index,Normal
424,60,Female,0.1,1.9,151.0,147.0,0.4–4.0,mIU/L,Low,1.2–3.1,nmol/L,Normal,66–181,nmol/L,Normal,1.0–4.0,Index,High
425,70,Female,4.1,2.0,125.0,128.0,0.4–4.0,mIU/L,High,1.2–3.1,nmol/L,Normal,66–181,nmol/L,Normal,1.0–4.0,Index,High
426,38,Female,1.3,2.8,122.0,111.0,0.4–4.0,mIU/L,Normal,1.2–3.1,nmol/L,Normal,66–181,nmol/L,Normal,1.0–4.0,Index,High
427,30,Female,8.5,2.1,91.0,79.0,0.4–4.0,mIU/L,High,1.2–3.1,nmol/L,Normal,66–181,nmol/L,Normal,1.0–4.0,Index,High
428,70,Male,0.2,2.0,119.0,138.0,0.4–4.0,mIU/L,Low,1.2–3.1,nmol/L,Normal,66–181,nmol/L,Normal,1.0–4.0,Index,High
429,58,Female,0.18,1.4,104.0,125.0,0.4–4.0,mIU/L,Low,1.2–3.1,nmol/L,Normal,66–181,nmol/L,Normal,1.0–4.0,Index,High
430,51,Male,0.1,2.7,109.0,116.0,0.4–4.0,mIU/L,Low,1.2–3.1,nmol/L,Normal,66–181,nmol/L,Normal,1.0–4.0,Index,High
431,59,Female,1.4,2.4,131.0,121.0,0.4–4.0,mIU/L,Normal,1.2–3.1,nmol/L,Normal,66–181,nmol/L,Normal,1.0–4.0,Index,High
432,33,Male,6.5,1.2,90.0,105.0,0.4–4.0,mIU/L,High,1.2–3.1,nmol/L,Normal,66–181,nmol/L,Normal,1.0–4.0,Index,High
433,74,Female,0.4,2.7,101.0,105.0,0.4–4.0,mIU/L,Normal,1.2–3.1,nmol/L,Normal,66–181,nmol/L,Normal,1.0–4.0,Index,High
434,34,Female,0.09,2.1,116.0,118.0,0.4–4.0,mIU/L,Low,1.2–3.1,nmol/L,Normal,66–181,nmol/L,Normal,1.0–4.0,Index,High
435,78,Female,2.2,3.1,132.0,125.0,0.4–4.0,mIU/L,Normal,1.2–3.1,nmol/L,Normal,66–181,nmol/L,Normal,1.0–4.0,Index,High
436,59,Male,0.075,2.4,146.0,135.0,0.4–4.0,mIU/L,Low,1.2–3.1,nmol/L,Normal,66–181,nmol/L,Normal,1.0–4.0,Index,High
437,78,Female,1.3,1.4,116.0,124.0,0.4–4.0,mIU/L,Normal,1.2–3.1,nmol/L,Normal,66–181,nmol/L,Normal,1.0–4.0,Index,High
438,34,Female,0.075,3.4,93.0,87.0,0.4–4.0,mIU/L,Low,1.2–3.1,nmol/L,High,66–181,nmol/L,Normal,1.0–4.0,Index,High
439,37,Male,2.6,2.3,68.0,72.0,0.4–4.0,mIU/L,Normal,1.2–3.1,nmol/L,Normal,66–181,nmol/L,Normal,1.0–4.0,Index,High
440,56,Female,13.0,2.5,77.0,81.0,0.4–4.0,mIU/L,High,1.2–3.1,nmol/L,Normal,66–181,nmol/L,Normal,1.0–4.0,Index,High
441,67,Female,2.1,1.4,119.0,121.0,0.4–4.0,mIU/L,Normal,1.2–3.1,nmol/L,Normal,66–181,nmol/L,Normal,1.0–4.0,Index,High
442,76,Female,1.3,2.2,142.0,108.0,0.4–4.0,mIU/L,Normal,1.2–3.1,nmol/L,Normal,66–181,nmol/L,Normal,1.0–4.0,Index,High
443,62,Female,150.0,1.6,34.0,32.0,0.4–4.0,mIU/L,High,1.2–3.1,nmol/L,Normal,66–181,nmol/L,Low,1.0–4.0,Index,High
444,55,Female,1.9,1.8,97.0,106.0,0.4–4.0,mIU/L,Normal,1.2–3.1,nmol/L,Normal,66–181,nmol/L,Normal,1.0–4.0,Index,High
445,62,Male,1.2,1.4,113.0,110.0,0.4–4.0,mIU/L,Normal,1.2–3.1,nmol/L,Normal,66–181,nmol/L,Normal,1.0–4.0,Index,High
446,28,Female,2.5,2.6,179.0,115.0,0.4–4.0,mIU/L,Normal,1.2–3.1,nmol/L,Normal,66–181,nmol/L,Normal,1.0–4.0,Index,High
447,58,Female,0.17,1.2,75.0,85.0,0.4–4.0,mIU/L,Low,1.2–3.1,nmol/L,Normal,66–181,nmol/L,Normal,1.0–4.0,Index,High
448,74,Male,2.6,2.1,149.0,147.0,0.4–4.0,mIU/L,Normal,1.2–3.1,nmol/L,Normal,66–181,nmol/L,Normal,1.0–4.0,Index,High
449,56,Male,0.2,1.6,80.0,129.0,0.4–4.0,mIU/L,Low,1.2–3.1,nmol/L,Normal,66–181,nmol/L,Normal,1.0–4.0,Index,High
450,26,Male,0.89,2.0,80.0,114.0,0.4–4.0,mIU/L,Normal,1.2–3.1,nmol/L,Normal,66–181,nmol/L,Normal,1.0–4.0,Index,High
451,60,Male,0.6,1.8,77.0,103.0,0.4–4.0,mIU/L,Normal,1.2–3.1,nmol/L,Normal,66–181,nmol/L,Normal,1.0–4.0,Index,High
452,59,Female,0.3,2.1,82.0,93.0,0.4–4.0,mIU/L,Low,1.2–3.1,nmol/L,Normal,66–181,nmol/L,Normal,1.0–4.0,Index,High
453,60,Female,0.18,2.1,132.0,120.0,0.4–4.0,mIU/L,Low,1.2–3.1,nmol/L,Normal,66–181,nmol/L,Normal,1.0–4.0,Index,High
454,29,Female,1.4,3.4,147.0,99.0,0.4–4.0,mIU/L,Normal,1.2–3.1,nmol/L,High,66–181,nmol/L,Normal,1.0–4.0,Index,High
455,55,Female,0.25,1.7,155.0,150.0,0.4–4.0,mIU/L,Low,1.2–3.1,nmol/L,Normal,66–181,nmol/L,Normal,1.0–4.0,Index,High
456,28,Female,2.1,2.6,63.0,85.0,0.4–4.0,mIU/L,Normal,1.2–3.1,nmol/L,Normal,66–181,nmol/L,Low,1.0–4.0,Index,High
457,53,Male,1.9,2.6,118.0,107.0,0.4–4.0,mIU/L,Normal,1.2–3.1,nmol/L,Normal,66–181,nmol/L,Normal,1.0–4.0,Index,High
458,35,Female,14.0,0.2,4.0,4.0,0.4–4.0,mIU/L,High,1.2–3.1,nmol/L,Low,66–181,nmol/L,Low,1.0–4.0,Index,Normal
459,22,Male,4.4,0.9,81.0,104.0,0.4–4.0,mIU/L,High,1.2–3.1,nmol/L,Low,66–181,nmol/L,Normal,1.0–4.0,Index,High
460,58,Female,7.5,1.6,82.0,77.0,0.4–4.0,mIU/L,High,1.2–3.1,nmol/L,Normal,66–181,nmol/L,Normal,1.0–4.0,Index,High
461,62,Female,0.45,1.6,101.0,114.0,0.4–4.0,mIU/L,Normal,1.2–3.1,nmol/L,Normal,66–181,nmol/L,Normal,1.0–4.0,Index,High
462,57,Female,1.9,2.3,111.0,94.0,0.4–4.0,mIU/L,Normal,1.2–3.1,nmol/L,Normal,66–181,nmol/L,Normal,1.0–4.0,Index,High
463,27,Female,56.0,2.0,36.0,32.0,0.4–4.0,mIU/L,High,1.2–3.1,nmol/L,Normal,66–181,nmol/L,Low,1.0–4.0,Index,High
464,65,Female,2.0,0.9,112.0,119.0,0.4–4.0,mIU/L,Normal,1.2–3.1,nmol/L,Low,66–181,nmol/L,Normal,1.0–4.0,Index,High
465,19,Female,3.0,2.1,80.0,91.0,0.4–4.0,mIU/L,Normal,1.2–3.1,nmol/L,Normal,66–181,nmol/L,Normal,1.0–4.0,Index,High
466,88,Female,0.83,1.5,89.0,95.0,0.4–4.0,mIU/L,Normal,1.2–3.1,nmol/L,Normal,66–181,nmol/L,Normal,1.0–4.0,Index,High
467,63,Female,1.5,1.2,117.0,121.0,0.4–4.0,mIU/L,Normal,1.2–3.1,nmol/L,Normal,66–181,nmol/L,Normal,1.0–4.0,Index,High
468,63,Male,1.4,1.4,90.0,100.0,0.4–4.0,mIU/L,Normal,1.2–3.1,nmol/L,Normal,66–181,nmol/L,Normal,1.0–4.0,Index,High
469,23,Male,1.7,1.0,115.0,125.0,0.4–4.0,mIU/L,Normal,1.2–3.1,nmol/L,Low,66–181,nmol/L,Normal,1.0–4.0,Index,High
470,56,Female,2.7,1.5,103.0,109.0,0.4–4.0,mIU/L,Normal,1.2–3.1,nmol/L,Normal,66–181,nmol/L,Normal,1.0–4.0,Index,High
471,61,Female,1.3,1.8,72.0,69.0,0.4–4.0,mIU/L,Normal,1.2–3.1,nmol/L,Normal,66–181,nmol/L,Normal,1.0–4.0,Index,High
472,76,Female,6.5,1.2,169.0,171.0,0.4–4.0,mIU/L,High,1.2–3.1,nmol/L,Normal,66–181,nmol/L,Normal,1.0–4.0,Index,High
473,47,Female,2.2,2.0,108.0,100.0,0.4–4.0,mIU/L,Normal,1.2–3.1,nmol/L,Normal,66–181,nmol/L,Normal,1.0–4.0,Index,High
474,35,Female,1.2,2.4,95.0,122.0,0.4–4.0,mIU/L,Normal,1.2–3.1,nmol/L,Normal,66–181,nmol/L,Normal,1.0–4.0,Index,High
475,45,Male,1.9,2.5,114.0,113.0,0.4–4.0,mIU/L,Normal,1.2–3.1,nmol/L,Normal,66–181,nmol/L,Normal,1.0–4.0,Index,High
476,73,Male,1.7,1.8,82.0,88.0,0.4–4.0,mIU/L,Normal,1.2–3.1,nmol/L,Normal,66–181,nmol/L,Normal,1.0–4.0,Index,High
477,27,Male,2.3,1.9,94.0,89.0,0.4–4.0,mIU/L,Normal,1.2–3.1,nmol/L,Normal,66–181,nmol/L,Normal,1.0–4.0,Index,High
478,55,Female,0.15,2.0,98.0,131.0,0.4–4.0,mIU/L,Low,1.2–3.1,nmol/L,Normal,66–181,nmol/L,Normal,1.0–4.0,Index,High
479,68,Female,0.3,1.2,69.0,64.0,0.4–4.0,mIU/L,Low,1.2–3.1,nmol/L,Normal,66–181,nmol/L,Normal,1.0–4.0,Index,High
480,73,Female,3.3,1.2,85.0,94.0,0.4–4.0,mIU/L,Normal,1.2–3.1,nmol/L,Normal,66–181,nmol/L,Normal,1.0–4.0,Index,High
481,32,Male,1.6,2.7,114.0,123.0,0.4–4.0,mIU/L,Normal,1.2–3.1,nmol/L,Normal,66–181,nmol/L,Normal,1.0–4.0,Index,High
482,27,Female,1.8,2.2,91.0,107.0,0.4–4.0,mIU/L,Normal,1.2–3.1,nmol/L,Normal,66–181,nmol/L,Normal,1.0–4.0,Index,High
483,54,Male,0.46,3.0,116.0,110.0,0.4–4.0,mIU/L,Normal,1.2–3.1,nmol/L,Normal,66–181,nmol/L,Normal,1.0–4.0,Index,High
484,75,Female,0.49,1.2,88.0,140.0,0.4–4.0,mIU/L,Normal,1.2–3.1,nmol/L,Normal,66–181,nmol/L,Normal,1.0–4.0,Index,High
485,75,Female,0.33,1.8,134.0,138.0,0.4–4.0,mIU/L,Low,1.2–3.1,nmol/L,Normal,66–181,nmol/L,Normal,1.0–4.0,Index,High
486,24,Female,0.94,3.7,190.0,97.0,0.4–4.0,mIU/L,Normal,1.2–3.1,nmol/L,High,66–181,nmol/L,High,1.0–4.0,Index,High
487,47,Male,2.7,2.0,110.0,108.0,0.4–4.0,mIU/L,Normal,1.2–3.1,nmol/L,Normal,66–181,nmol/L,Normal,1.0–4.0,Index,High
488,36,Female,1.5,2.4,90.0,85.0,0.4–4.0,mIU/L,Normal,1.2–3.1,nmol/L,Normal,66–181,nmol/L,Normal,1.0–4.0,Index,High
489,25,Female,11.0,0.7,122.0,108.0,0.4–4.0,mIU/L,High,1.2–3.1,nmol/L,Low,66–181,nmol/L,Normal,1.0–4.0,Index,High
490,38,Female,2.9,2.7,101.0,88.0,0.4–4.0,mIU/L,Normal,1.2–3.1,nmol/L,Normal,66–181,nmol/L,Normal,1.0–4.0,Index,High
491,59,Male,2.3,0.8,99.0,92.0,0.4–4.0,mIU/L,Normal,1.2–3.1,nmol/L,Low,66–181,nmol/L,Normal,1.0–4.0,Index,High
492,40,Female,0.44,1.9,146.0,172.0,0.4–4.0,mIU/L,Normal,1.2–3.1,nmol/L,Normal,66–181,nmol/L,Normal,1.0–4.0,Index,High
493,61,Male,0.02,2.1,128.0,136.0,0.4–4.0,mIU/L,Low,1.2–3.1,nmol/L,Normal,66–181,nmol/L,Normal,1.0–4.0,Index,High
494,23,Female,2.7,2.0,90.0,97.0,0.4–4.0,mIU/L,Normal,1.2–3.1,nmol/L,Normal,66–181,nmol/L,Normal,1.0–4.0,Index,High
495,72,Female,0.1,1.6,123.0,134.0,0.4–4.0,mIU/L,Low,1.2–3.1,nmol/L,Normal,66–181,nmol/L,Normal,1.0–4.0,Index,High
496,56,Female,1.2,1.6,114.0,158.0,0.4–4.0,mIU/L,Normal,1.2–3.1,nmol/L,Normal,66–181,nmol/L,Normal,1.0–4.0,Index,High
497,26,Female,1.9,1.5,87.0,93.0,0.4–4.0,mIU/L,Normal,1.2–3.1,nmol/L,Normal,66–181,nmol/L,Normal,1.0–4.0,Index,High
498,48,Female,0.02,2.2,127.0,121.0,0.4–4.0,mIU/L,Low,1.2–3.1,nmol/L,Normal,66–181,nmol/L,Normal,1.0–4.0,Index,High
499,28,Female,0.05,1.4,137.0,137.0,0.4–4.0,mIU/L,Low,1.2–3.1,nmol/L,Normal,66–181,nmol/L,Normal,1.0–4.0,Index,High
500,22,Female,0.5,1.8,109.0,113.0,0.4–4.0,mIU/L,Normal,1.2–3.1,nmol/L,Normal,66–181,nmol/L,Normal,1.0–4.0,Index,High
501,33,Male,2.7,3.2,143.0,170.0,0.4–4.0,mIU/L,Normal,1.2–3.1,nmol/L,High,66–181,nmol/L,Normal,1.0–4.0,Index,High
502,83,Female,0.73,2.0,105.0,125.0,0.4–4.0,mIU/L,Normal,1.2–3.1,nmol/L,Normal,66–181,nmol/L,Normal,1.0–4.0,Index,High
503,61,Female,1.3,1.7,91.0,93.0,0.4–4.0,mIU/L,Normal,1.2–3.1,nmol/L,Normal,66–181,nmol/L,Normal,1.0–4.0,Index,High
504,64,Female,32.0,1.4,85.0,71.0,0.4–4.0,mIU/L,High,1.2–3.1,nmol/L,Normal,66–181,nmol/L,Normal,1.0–4.0,Index,High
505,48,Female,4.4,1.6,61.0,56.0,0.4–4.0,mIU/L,High,1.2–3.1,nmol/L,Normal,66–181,nmol/L,Low,1.0–4.0,Index,High
506,58,Male,3.7,1.6,76.0,95.0,0.4–4.0,mIU/L,Normal,1.2–3.1,nmol/L,Normal,66–181,nmol/L,Normal,1.0–4.0,Index,High
507,42,Female,0.89,2.1,114.0,110.0,0.4–4.0,mIU/L,Normal,1.2–3.1,nmol/L,Normal,66–181,nmol/L,Normal,1.0–4.0,Index,High
508,67,Male,1.4,1.5,95.0,122.0,0.4–4.0,mIU/L,Normal,1.2–3.1,nmol/L,Normal,66–181,nmol/L,Normal,1.0–4.0,Index,High
509,46,Female,0.6,2.3,121.0,97.0,0.4–4.0,mIU/L,Normal,1.2–3.1,nmol/L,Normal,66–181,nmol/L,Normal,1.0–4.0,Index,High
510,55,Female,5.1,2.1,96.0,110.0,0.4–4.0,mIU/L,High,1.2–3.1,nmol/L,Normal,66–181,nmol/L,Normal,1.0–4.0,Index,High
511,32,Female,0.15,2.4,135.0,118.0,0.4–4.0,mIU/L,Low,1.2–3.1,nmol/L,Normal,66–181,nmol/L,Normal,1.0–4.0,Index,High
512,70,Female,1.4,2.2,106.0,141.0,0.4–4.0,mIU/L,Normal,1.2–3.1,nmol/L,Normal,66–181,nmol/L,Normal,1.0–4.0,Index,High
513,59,Male,0.35,2.2,172.0,134.0,0.4–4.0,mIU/L,Low,1.2–3.1,nmol/L,Normal,66–181,nmol/L,Normal,1.0–4.0,Index,High
514,40,Female,9.2,1.5,113.0,109.0,0.4–4.0,mIU/L,High,1.2–3.1,nmol/L,Normal,66–181,nmol/L,Normal,1.0–4.0,Index,High
515,55,Female,0.035,4.4,195.0,237.0,0.4–4.0,mIU/L,Low,1.2–3.1,nmol/L,High,66–181,nmol/L,High,1.0–4.0,Index,High
516,45,Female,6.7,2.5,98.0,111.0,0.4–4.0,mIU/L,High,1.2–3.1,nmol/L,Normal,66–181,nmol/L,Normal,1.0–4.0,Index,High
517,58,Male,0.8,2.2,97.0,88.0,0.4–4.0,mIU/L,Normal,1.2–3.1,nmol/L,Normal,66–181,nmol/L,Normal,1.0–4.0,Index,High
518,34,Female,8.299999,3.1,172.0,96.0,0.4–4.0,mIU/L,High,1.2–3.1,nmol/L,Normal,66–181,nmol/L,Normal,1.0–4.0,Index,High
519,90,Female,0.03,1.9,203.0,224.0,0.4–4.0,mIU/L,Low,1.2–3.1,nmol/L,Normal,66–181,nmol/L,High,1.0–4.0,Index,High
520,69,Female,3.8,2.5,76.0,78.0,0.4–4.0,mIU/L,Normal,1.2–3.1,nmol/L,Normal,66–181,nmol/L,Normal,1.0–4.0,Index,High
521,73,Female,1.1,3.6,161.0,233.0,0.4–4.0,mIU/L,Normal,1.2–3.1,nmol/L,High,66–181,nmol/L,Normal,1.0–4.0,Index,High
522,47,Female,2.0,1.0,130.0,148.0,0.4–4.0,mIU/L,Normal,1.2–3.1,nmol/L,Low,66–181,nmol/L,Normal,1.0–4.0,Index,High
523,59,Male,2.7,2.1,86.0,93.0,0.4–4.0,mIU/L,Normal,1.2–3.1,nmol/L,Normal,66–181,nmol/L,Normal,1.0–4.0,Index,High
524,37,Female,55.0,0.9,45.0,43.0,0.4–4.0,mIU/L,High,1.2–3.1,nmol/L,Low,66–181,nmol/L,Low,1.0–4.0,Index,High
525,53,Female,0.2,2.5,136.0,116.0,0.4–4.0,mIU/L,Low,1.2–3.1,nmol/L,Normal,66–181,nmol/L,Normal,1.0–4.0,Index,High
526,39,Female,1.5,1.9,102.0,118.0,0.4–4.0,mIU/L,Normal,1.2–3.1,nmol/L,Normal,66–181,nmol/L,Normal,1.0–4.0,Index,High
527,73,Female,4.4,1.2,95.0,85.0,0.4–4.0,mIU/L,High,1.2–3.1,nmol/L,Normal,66–181,nmol/L,Normal,1.0–4.0,Index,High
528,32,Male,0.7,2.9,90.0,88.0,0.4–4.0,mIU/L,Normal,1.2–3.1,nmol/L,Normal,66–181,nmol/L,Normal,1.0–4.0,Index,High
529,60,Female,0.02,1.6,155.0,216.0,0.4–4.0,mIU/L,Low,1.2–3.1,nmol/L,Normal,66–181,nmol/L,Normal,1.0–4.0,Index,High
530,58,Female,1.1,2.3,60.0,68.0,0.4–4.0,mIU/L,Normal,1.2–3.1,nmol/L,Normal,66–181,nmol/L,Low,1.0–4.0,Index,High
531,24,Female,0.11,3.8,96.0,119.0,0.4–4.0,mIU/L,Low,1.2–3.1,nmol/L,High,66–181,nmol/L,Normal,1.0–4.0,Index,High
532,71,Male,2.8,2.0,125.0,112.0,0.4–4.0,mIU/L,Normal,1.2–3.1,nmol/L,Normal,66–181,nmol/L,Normal,1.0–4.0,Index,High
533,38,Female,0.9,2.4,101.0,105.0,0.4–4.0,mIU/L,Normal,1.2–3.1,nmol/L,Normal,66–181,nmol/L,Normal,1.0–4.0,Index,High
534,59,Male,2.3,2.0,74.0,107.0,0.4–4.0,mIU/L,Normal,1.2–3.1,nmol/L,Normal,66–181,nmol/L,Normal,1.0–4.0,Index,High
535,77,Male,1.2,0.6,71.0,104.0,0.4–4.0,mIU/L,Normal,1.2–3.1,nmol/L,Low,66–181,nmol/L,Normal,1.0–4.0,Index,High
536,80,Female,0.9,1.0,58.0,67.0,0.4–4.0,mIU/L,Normal,1.2–3.1,nmol/L,Low,66–181,nmol/L,Low,1.0–4.0,Index,High
537,51,Male,0.1,1.8,77.0,193.0,0.4–4.0,mIU/L,Low,1.2–3.1,nmol/L,Normal,66–181,nmol/L,Normal,1.0–4.0,Index,High
538,43,Male,1.6,1.4,101.0,144.0,0.4–4.0,mIU/L,Normal,1.2–3.1,nmol/L,Normal,66–181,nmol/L,Normal,1.0–4.0,Index,High
539,49,Female,3.7,2.0,91.0,107.0,0.4–4.0,mIU/L,Normal,1.2–3.1,nmol/L,Normal,66–181,nmol/L,Normal,1.0–4.0,Index,High
540,28,Male,1.4,2.1,135.0,147.0,0.4–4.0,mIU/L,Normal,1.2–3.1,nmol/L,Normal,66–181,nmol/L,Normal,1.0–4.0,Index,High
541,78,Male,1.6,1.0,86.0,109.0,0.4–4.0,mIU/L,Normal,1.2–3.1,nmol/L,Low,66–181,nmol/L,Normal,1.0–4.0,Index,High
542,71,Male,2.7,1.8,97.0,96.0,0.4–4.0,mIU/L,Normal,1.2–3.1,nmol/L,Normal,66–181,nmol/L,Normal,1.0–4.0,Index,High
543,47,Female,0.38,3.4,144.0,114.0,0.4–4.0,mIU/L,Low,1.2–3.1,nmol/L,High,66–181,nmol/L,Normal,1.0–4.0,Index,High
544,57,Female,0.86,1.7,95.0,99.0,0.4–4.0,mIU/L,Normal,1.2–3.1,nmol/L,Normal,66–181,nmol/L,Normal,1.0–4.0,Index,High
545,29,Female,0.2,0.9,54.0,72.0,0.4–4.0,mIU/L,Low,1.2–3.1,nmol/L,Low,66–181,nmol/L,Low,1.0–4.0,Index,High
546,67,Female,0.1,2.2,93.0,82.0,0.4–4.0,mIU/L,Low,1.2–3.1,nmol/L,Normal,66–181,nmol/L,Normal,1.0–4.0,Index,High
547,41,Female,9.4,0.8,80.0,59.0,0.4–4.0,mIU/L,High,1.2–3.1,nmol/L,Low,66–181,nmol/L,Normal,1.0–4.0,Index,High
548,72,Female,1.1,2.4,189.0,179.0,0.4–4.0,mIU/L,Normal,1.2–3.1,nmol/L,Normal,66–181,nmol/L,High,1.0–4.0,Index,High
549,79,Male,0.03,4.1,160.0,204.0,0.4–4.0,mIU/L,Low,1.2–3.1,nmol/L,High,66–181,nmol/L,Normal,1.0–4.0,Index,High
550,21,Female,1.8,2.6,120.0,100.0,0.4–4.0,mIU/L,Normal,1.2–3.1,nmol/L,Normal,66–181,nmol/L,Normal,1.0–4.0,Index,High
551,40,Female,0.3,3.1,141.0,99.0,0.4–4.0,mIU/L,Low,1.2–3.1,nmol/L,Normal,66–181,nmol/L,Normal,1.0–4.0,Index,High
552,42,Female,0.065,3.1,156.0,166.0,0.4–4.0,mIU/L,Low,1.2–3.1,nmol/L,Normal,66–181,nmol/L,Normal,1.0–4.0,Index,High
553,62,Male,0.71,2.2,91.0,96.0,0.4–4.0,mIU/L,Normal,1.2–3.1,nmol/L,Normal,66–181,nmol/L,Normal,1.0–4.0,Index,High
554,74,Female,0.25,2.3,176.0,129.0,0.4–4.0,mIU/L,Low,1.2–3.1,nmol/L,Normal,66–181,nmol/L,Normal,1.0–4.0,Index,High
555,83,Male,0.065,2.0,116.0,163.0,0.4–4.0,mIU/L,Low,1.2–3.1,nmol/L,Normal,66–181,nmol/L,Normal,1.0–4.0,Index,High
556,74,Female,1.1,1.4,116.0,143.0,0.4–4.0,mIU/L,Normal,1.2–3.1,nmol/L,Normal,66–181,nmol/L,Normal,1.0–4.0,Index,High
557,55,Male,1.8,0.93,89.0,135.0,0.4–4.0,mIU/L,Normal,1.2–3.1,nmol/L,Low,66–181,nmol/L,Normal,1.0–4.0,Index,High
558,59,Female,0.9,2.6,118.0,105.0,0.4–4.0,mIU/L,Normal,1.2–3.1,nmol/L,Normal,66–181,nmol/L,Normal,1.0–4.0,Index,High
559,64,Female,0.07,1.9,112.0,119.0,0.4–4.0,mIU/L,Low,1.2–3.1,nmol/L,Normal,66–181,nmol/L,Normal,1.0–4.0,Index,High
560,60,Female,8.099999,1.8,59.0,61.0,0.4–4.0,mIU/L,High,1.2–3.1,nmol/L,Normal,66–181,nmol/L,Low,1.0–4.0,Index,High
561,59,Female,47.0,1.9,79.0,70.0,0.4–4.0,mIU/L,High,1.2–3.1,nmol/L,Normal,66–181,nmol/L,Normal,1.0–4.0,Index,High
562,36,Female,2.9,1.4,92.0,101.0,0.4–4.0,mIU/L,Normal,1.2–3.1,nmol/L,Normal,66–181,nmol/L,Normal,1.0–4.0,Index,High
563,55,Female,0.67,1.8,120.0,136.0,0.4–4.0,mIU/L,Normal,1.2–3.1,nmol/L,Normal,66–181,nmol/L,Normal,1.0–4.0,Index,High
564,53,Female,25.0,0.4,39.0,64.0,0.4–4.0,mIU/L,High,1.2–3.1,nmol/L,Low,66–181,nmol/L,Low,1.0–4.0,Index,High
565,69,Male,1.7,2.0,154.0,118.0,0.4–4.0,mIU/L,Normal,1.2–3.1,nmol/L,Normal,66–181,nmol/L,Normal,1.0–4.0,Index,High
566,57,Male,0.93,1.3,90.0,86.0,0.4–4.0,mIU/L,Normal,1.2–3.1,nmol/L,Normal,66–181,nmol/L,Normal,1.0–4.0,Index,High
567,68,Male,0.05,0.2,115.0,126.0,0.4–4.0,mIU/L,Low,1.2–3.1,nmol/L,Low,66–181,nmol/L,Normal,1.0–4.0,Index,High
568,64,Male,1.3,2.4,111.0,97.0,0.4–4.0,mIU/L,Normal,1.2–3.1,nmol/L,Normal,66–181,nmol/L,Normal,1.0–4.0,Index,High
569,55,Male,0.81,2.5,81.0,112.0,0.4–4.0,mIU/L,Normal,1.2–3.1,nmol/L,Normal,66–181,nmol/L,Normal,1.0–4.0,Index,High
570,19,Male,1.4,1.6,55.0,104.0,0.4–4.0,mIU/L,Normal,1.2–3.1,nmol/L,Normal,66–181,nmol/L,Low,1.0–4.0,Index,High
571,53,Male,0.05,2.2,89.0,107.0,0.4–4.0,mIU/L,Low,1.2–3.1,nmol/L,Normal,66–181,nmol/L,Normal,1.0–4.0,Index,High
572,58,Female,1.6,2.4,102.0,144.0,0.4–4.0,mIU/L,Normal,1.2–3.1,nmol/L,Normal,66–181,nmol/L,Normal,1.0–4.0,Index,High
573,79,Female,19.0,1.3,69.0,70.0,0.4–4.0,mIU/L,High,1.2–3.1,nmol/L,Normal,66–181,nmol/L,Normal,1.0–4.0,Index,High
574,45,Male,5.0,0.7,54.0,63.0,0.4–4.0,mIU/L,High,1.2–3.1,nmol/L,Low,66–181,nmol/L,Low,1.0–4.0,Index,High
575,69,Male,1.4,3.2,148.0,130.0,0.4–4.0,mIU/L,Normal,1.2–3.1,nmol/L,High,66–181,nmol/L,Normal,1.0–4.0,Index,High
576,51,Male,1.9,2.2,74.0,81.0,0.4–4.0,mIU/L,Normal,1.2–3.1,nmol/L,Normal,66–181,nmol/L,Normal,1.0–4.0,Index,High
577,42,Female,2.3,1.3,59.0,81.0,0.4–4.0,mIU/L,Normal,1.2–3.1,nmol/L,Normal,66–181,nmol/L,Low,1.0–4.0,Index,High
578,68,Male,4.8,2.1,107.0,108.0,0.4–4.0,mIU/L,High,1.2–3.1,nmol/L,Normal,66–181,nmol/L,Normal,1.0–4.0,Index,High
579,57,Female,0.57,2.7,189.0,140.0,0.4–4.0,mIU/L,Normal,1.2–3.1,nmol/L,Normal,66–181,nmol/L,High,1.0–4.0,Index,High
580,80,Female,8.4,1.3,68.0,76.0,0.4–4.0,mIU/L,High,1.2–3.1,nmol/L,Normal,66–181,nmol/L,Normal,1.0–4.0,Index,High
581,72,Female,0.34,1.4,100.0,124.0,0.4–4.0,mIU/L,Low,1.2–3.1,nmol/L,Normal,66–181,nmol/L,Normal,1.0–4.0,Index,High
582,70,Female,2.2,1.8,87.0,75.0,0.4–4.0,mIU/L,Normal,1.2–3.1,nmol/L,Normal,66–181,nmol/L,Normal,1.0–4.0,Index,High
583,36,Female,0.05,2.2,162.0,140.0,0.4–4.0,mIU/L,Low,1.2–3.1,nmol/L,Normal,66–181,nmol/L,Normal,1.0–4.0,Index,High
584,20,Female,2.0,2.1,116.0,97.0,0.4–4.0,mIU/L,Normal,1.2–3.1,nmol/L,Normal,66–181,nmol/L,Normal,1.0–4.0,Index,High
585,61,Female,2.5,2.0,101.0,119.0,0.4–4.0,mIU/L,Normal,1.2–3.1,nmol/L,Normal,66–181,nmol/L,Normal,1.0–4.0,Index,High
586,65,Female,213.0,0.9,43.0,45.0,0.4–4.0,mIU/L,High,1.2–3.1,nmol/L,Low,66–181,nmol/L,Low,1.0–4.0,Index,High
587,73,Female,0.95,2.5,119.0,114.0,0.4–4.0,mIU/L,Normal,1.2–3.1,nmol/L,Normal,66–181,nmol/L,Normal,1.0–4.0,Index,High
588,58,Female,1.3,1.8,111.0,120.0,0.4–4.0,mIU/L,Normal,1.2–3.1,nmol/L,Normal,66–181,nmol/L,Normal,1.0–4.0,Index,High
589,41,Female,0.1,1.9,81.0,94.0,0.4–4.0,mIU/L,Low,1.2–3.1,nmol/L,Normal,66–181,nmol/L,Normal,1.0–4.0,Index,High
590,72,Female,2.7,2.4,117.0,109.0,0.4–4.0,mIU/L,Normal,1.2–3.1,nmol/L,Normal,66–181,nmol/L,Normal,1.0–4.0,Index,High
591,42,Female,13.0,1.9,61.0,74.0,0.4–4.0,mIU/L,High,1.2–3.1,nmol/L,Normal,66–181,nmol/L,Low,1.0–4.0,Index,High
592,66,Female,0.1,1.6,124.0,135.0,0.4–4.0,mIU/L,Low,1.2–3.1,nmol/L,Normal,66–181,nmol/L,Normal,1.0–4.0,Index,High
593,76,Female,4.5,1.6,105.0,109.0,0.4–4.0,mIU/L,High,1.2–3.1,nmol/L,Normal,66–181,nmol/L,Normal,1.0–4.0,Index,High
594,73,Female,3.9,2.1,130.0,116.0,0.4–4.0,mIU/L,Normal,1.2–3.1,nmol/L,Normal,66–181,nmol/L,Normal,1.0–4.0,Index,High
595,61,Female,0.88,0.3,46.0,79.0,0.4–4.0,mIU/L,Normal,1.2–3.1,nmol/L,Low,66–181,nmol/L,Low,1.0–4.0,Index,High
596,65,Female,1.6,2.2,120.0,141.0,0.4–4.0,mIU/L,Normal,1.2–3.1,nmol/L,Normal,66–181,nmol/L,Normal,1.0–4.0,Index,High
597,46,Female,2.0,2.2,92.0,130.0,0.4–4.0,mIU/L,Normal,1.2–3.1,nmol/L,Normal,66–181,nmol/L,Normal,1.0–4.0,Index,High
598,74,Male,1.1,1.7,80.0,84.0,0.4–4.0,mIU/L,Normal,1.2–3.1,nmol/L,Normal,66–181,nmol/L,Normal,1.0–4.0,Index,High
599,71,Female,0.2,1.6,122.0,152.0,0.4–4.0,mIU/L,Low,1.2–3.1,nmol/L,Normal,66–181,nmol/L,Normal,1.0–4.0,Index,High
600,30,Male,0.97,1.7,51.0,91.0,0.4–4.0,mIU/L,Normal,1.2–3.1,nmol/L,Normal,66–181,nmol/L,Low,1.0–4.0,Index,High
601,24,Male,0.1,2.5,72.0,92.0,0.4–4.0,mIU/L,Low,1.2–3.1,nmol/L,Normal,66–181,nmol/L,Normal,1.0–4.0,Index,High
602,28,Male,0.66,2.4,87.0,106.0,0.4–4.0,mIU/L,Normal,1.2–3.1,nmol/L,Normal,66–181,nmol/L,Normal,1.0–4.0,Index,High
603,35,Female,0.54,2.3,99.0,92.0,0.4–4.0,mIU/L,Normal,1.2–3.1,nmol/L,Normal,66–181,nmol/L,Normal,1.0–4.0,Index,High
604,39,Female,0.015,1.5,84.0,85.0,0.4–4.0,mIU/L,Low,1.2–3.1,nmol/L,Normal,66–181,nmol/L,Normal,1.0–4.0,Index,High
605,36,Male,1.3,1.9,62.0,81.0,0.4–4.0,mIU/L,Normal,1.2–3.1,nmol/L,Normal,66–181,nmol/L,Low,1.0–4.0,Index,High
606,77,Female,0.12,1.4,91.0,112.0,0.4–4.0,mIU/L,Low,1.2–3.1,nmol/L,Normal,66–181,nmol/L,Normal,1.0–4.0,Index,High
607,63,Male,1.1,2.3,90.0,102.0,0.4–4.0,mIU/L,Normal,1.2–3.1,nmol/L,Normal,66–181,nmol/L,Normal,1.0–4.0,Index,High
608,86,Female,0.05,2.0,79.0,126.0,0.4–4.0,mIU/L,Low,1.2–3.1,nmol/L,Normal,66–181,nmol/L,Normal,1.0–4.0,Index,High
609,66,Male,0.045,0.3,72.0,119.0,0.4–4.0,mIU/L,Low,1.2–3.1,nmol/L,Low,66–181,nmol/L,Normal,1.0–4.0,Index,High
610,68,Male,2.0,1.5,110.0,124.0,0.4–4.0,mIU/L,Normal,1.2–3.1,nmol/L,Normal,66–181,nmol/L,Normal,1.0–4.0,Index,High
611,71,Female,2.3,1.8,111.0,108.0,0.4–4.0,mIU/L,Normal,1.2–3.1,nmol/L,Normal,66–181,nmol/L,Normal,1.0–4.0,Index,High
612,54,Female,0.4,1.8,83.0,92.0,0.4–4.0,mIU/L,Normal,1.2–3.1,nmol/L,Normal,66–181,nmol/L,Normal,1.0–4.0,Index,High
613,23,Female,2.9,2.3,192.0,130.0,0.4–4.0,mIU/L,Normal,1.2–3.1,nmol/L,Normal,66–181,nmol/L,High,1.0–4.0,Index,High
614,66,Female,2.6,1.2,107.0,112.0,0.4–4.0,mIU/L,Normal,1.2–3.1,nmol/L,Normal,66–181,nmol/L,Normal,1.0–4.0,Index,High
615,39,Male,1.4,2.4,112.0,109.0,0.4–4.0,mIU/L,Normal,1.2–3.1,nmol/L,Normal,66–181,nmol/L,Normal,1.0–4.0,Index,High
616,44,Male,1.9,1.8,94.0,106.0,0.4–4.0,mIU/L,Normal,1.2–3.1,nmol/L,Normal,66–181,nmol/L,Normal,1.0–4.0,Index,High
617,58,Female,1.7,2.4,133.0,116.0,0.4–4.0,mIU/L,Normal,1.2–3.1,nmol/L,Normal,66–181,nmol/L,Normal,1.0–4.0,Index,High
618,79,Female,3.2,1.5,159.0,136.0,0.4–4.0,mIU/L,Normal,1.2–3.1,nmol/L,Normal,66–181,nmol/L,Normal,1.0–4.0,Index,High
619,76,Female,1.1,1.4,74.0,101.0,0.4–4.0,mIU/L,Normal,1.2–3.1,nmol/L,Normal,66–181,nmol/L,Normal,1.0–4.0,Index,High
620,61,Female,0.3,2.0,93.0,93.0,0.4–4.0,mIU/L,Low,1.2–3.1,nmol/L,Normal,66–181,nmol/L,Normal,1.0–4.0,Index,High
621,72,Female,0.6,2.0,84.0,111.0,0.4–4.0,mIU/L,Normal,1.2–3.1,nmol/L,Normal,66–181,nmol/L,Normal,1.0–4.0,Index,High
622,55,Female,0.05,6.8,169.0,201.0,0.4–4.0,mIU/L,Low,1.2–3.1,nmol/L,High,66–181,nmol/L,Normal,1.0–4.0,Index,High
623,61,Female,2.2,1.8,123.0,118.0,0.4–4.0,mIU/L,Normal,1.2–3.1,nmol/L,Normal,66–181,nmol/L,Normal,1.0–4.0,Index,High
624,49,Female,1.7,2.0,155.0,154.0,0.4–4.0,mIU/L,Normal,1.2–3.1,nmol/L,Normal,66–181,nmol/L,Normal,1.0–4.0,Index,High
625,77,Male,0.7,1.8,108.0,96.0,0.4–4.0,mIU/L,Normal,1.2–3.1,nmol/L,Normal,66–181,nmol/L,Normal,1.0–4.0,Index,High
626,46,Female,0.025,2.7,107.0,139.0,0.4–4.0,mIU/L,Low,1.2–3.1,nmol/L,Normal,66–181,nmol/L,Normal,1.0–4.0,Index,High
627,27,Female,0.5,1.3,108.0,137.0,0.4–4.0,mIU/L,Normal,1.2–3.1,nmol/L,Normal,66–181,nmol/L,Normal,1.0–4.0,Index,High
628,50,Male,80.0,1.4,41.0,36.0,0.4–4.0,mIU/L,High,1.2–3.1,nmol/L,Normal,66–181,nmol/L,Low,1.0–4.0,Index,High
629,85,Male,0.25,1.1,132.0,154.0,0.4–4.0,mIU/L,Low,1.2–3.1,nmol/L,Low,66–181,nmol/L,Normal,1.0–4.0,Index,High
630,37,Female,0.25,2.0,144.0,173.0,0.4–4.0,mIU/L,Low,1.2–3.1,nmol/L,Normal,66–181,nmol/L,Normal,1.0–4.0,Index,High
631,26,Female,0.6,3.6,150.0,96.0,0.4–4.0,mIU/L,Normal,1.2–3.1,nmol/L,High,66–181,nmol/L,Normal,1.0–4.0,Index,High
632,70,Female,0.34,2.5,163.0,148.0,0.4–4.0,mIU/L,Low,1.2–3.1,nmol/L,Normal,66–181,nmol/L,Normal,1.0–4.0,Index,High
633,30,Female,2.6,1.7,82.0,79.0,0.4–4.0,mIU/L,Normal,1.2–3.1,nmol/L,Normal,66–181,nmol/L,Normal,1.0–4.0,Index,High
634,54,Female,19.0,2.2,83.0,81.0,0.4–4.0,mIU/L,High,1.2–3.1,nmol/L,Normal,66–181,nmol/L,Normal,1.0–4.0,Index,High
635,73,Male,3.9,1.9,91.0,114.0,0.4–4.0,mIU/L,Normal,1.2–3.1,nmol/L,Normal,66–181,nmol/L,Normal,1.0–4.0,Index,High
636,53,Female,0.1,1.1,287.0,305.0,0.4–4.0,mIU/L,Low,1.2–3.1,nmol/L,Low,66–181,nmol/L,High,1.0–4.0,Index,High
637,78,Female,21.0,0.7,42.0,43.0,0.4–4.0,mIU/L,High,1.2–3.1,nmol/L,Low,66–181,nmol/L,Low,1.0–4.0,Index,High
638,34,Male,0.98,1.9,133.0,133.0,0.4–4.0,mIU/L,Normal,1.2–3.1,nmol/L,Normal,66–181,nmol/L,Normal,1.0–4.0,Index,High
639,45,Female,0.9,2.3,138.0,126.0,0.4–4.0,mIU/L,Normal,1.2–3.1,nmol/L,Normal,66–181,nmol/L,Normal,1.0–4.0,Index,High
640,39,Female,1.9,2.4,95.0,78.0,0.4–4.0,mIU/L,Normal,1.2–3.1,nmol/L,Normal,66–181,nmol/L,Normal,1.0–4.0,Index,High
641,76,Female,1.3,1.8,101.0,86.0,0.4–4.0,mIU/L,Normal,1.2–3.1,nmol/L,Normal,66–181,nmol/L,Normal,1.0–4.0,Index,High
642,64,Male,2.4,2.0,101.0,107.0,0.4–4.0,mIU/L,Normal,1.2–3.1,nmol/L,Normal,66–181,nmol/L,Normal,1.0–4.0,Index,High
643,71,Female,0.02,2.2,152.0,196.0,0.4–4.0,mIU/L,Low,1.2–3.1,nmol/L,Normal,66–181,nmol/L,Normal,1.0–4.0,Index,High
644,71,Female,0.25,1.4,106.0,131.0,0.4–4.0,mIU/L,Low,1.2–3.1,nmol/L,Normal,66–181,nmol/L,Normal,1.0–4.0,Index,High
645,61,Female,0.04,1.1,82.0,87.0,0.4–4.0,mIU/L,Low,1.2–3.1,nmol/L,Low,66–181,nmol/L,Normal,1.0–4.0,Index,High
646,75,Female,0.3,2.4,177.0,155.0,0.4–4.0,mIU/L,Low,1.2–3.1,nmol/L,Normal,66–181,nmol/L,Normal,1.0–4.0,Index,High
647,61,Female,106.0,0.3,5.0,4.5,0.4–4.0,mIU/L,High,1.2–3.1,nmol/L,Low,66–181,nmol/L,Low,1.0–4.0,Index,High
648,56,Female,0.02,7.1,223.0,222.0,0.4–4.0,mIU/L,Low,1.2–3.1,nmol/L,High,66–181,nmol/L,High,1.0–4.0,Index,High
649,43,Female,6.5,1.8,60.0,67.0,0.4–4.0,mIU/L,High,1.2–3.1,nmol/L,Normal,66–181,nmol/L,Low,1.0–4.0,Index,High
650,59,Male,2.4,1.9,133.0,134.0,0.4–4.0,mIU/L,Normal,1.2–3.1,nmol/L,Normal,66–181,nmol/L,Normal,1.0–4.0,Index,High
651,35,Female,1.2,1.9,95.0,87.0,0.4–4.0,mIU/L,Normal,1.2–3.1,nmol/L,Normal,66–181,nmol/L,Normal,1.0–4.0,Index,High
652,69,Male,0.66,2.2,152.0,145.0,0.4–4.0,mIU/L,Normal,1.2–3.1,nmol/L,Normal,66–181,nmol/L,Normal,1.0–4.0,Index,High
653,40,Female,1.6,1.9,142.0,156.0,0.4–4.0,mIU/L,Normal,1.2–3.1,nmol/L,Normal,66–181,nmol/L,Normal,1.0–4.0,Index,High
654,57,Female,0.15,2.2,92.0,121.0,0.4–4.0,mIU/L,Low,1.2–3.1,nmol/L,Normal,66–181,nmol/L,Normal,1.0–4.0,Index,High
655,58,Male,22.0,1.0,155.0,137.0,0.4–4.0,mIU/L,High,1.2–3.1,nmol/L,Low,66–181,nmol/L,Normal,1.0–4.0,Index,High
656,73,Female,2.4,2.0,119.0,129.0,0.4–4.0,mIU/L,Normal,1.2–3.1,nmol/L,Normal,66–181,nmol/L,Normal,1.0–4.0,Index,High
657,28,Male,0.1,2.5,113.0,118.0,0.4–4.0,mIU/L,Low,1.2–3.1,nmol/L,Normal,66–181,nmol/L,Normal,1.0–4.0,Index,High
658,72,Female,3.1,1.7,98.0,102.0,0.4–4.0,mIU/L,Normal,1.2–3.1,nmol/L,Normal,66–181,nmol/L,Normal,1.0–4.0,Index,High
659,60,Male,0.04,2.3,155.0,221.0,0.4–4.0,mIU/L,Low,1.2–3.1,nmol/L,Normal,66–181,nmol/L,Normal,1.0–4.0,Index,High
660,73,Female,4.1,1.0,89.0,98.0,0.4–4.0,mIU/L,High,1.2–3.1,nmol/L,Low,66–181,nmol/L,Normal,1.0–4.0,Index,High
661,19,Female,1.7,1.9,100.0,93.0,0.4–4.0,mIU/L,Normal,1.2–3.1,nmol/L,Normal,66–181,nmol/L,Normal,1.0–4.0,Index,High
662,78,Male,0.25,2.0,110.0,124.0,0.4–4.0,mIU/L,Low,1.2–3.1,nmol/L,Normal,66–181,nmol/L,Normal,1.0–4.0,Index,High
663,22,Female,0.15,1.9,93.0,119.0,0.4–4.0,mIU/L,Low,1.2–3.1,nmol/L,Normal,66–181,nmol/L,Normal,1.0–4.0,Index,High
664,68,Male,1.6,2.1,120.0,109.0,0.4–4.0,mIU/L,Normal,1.2–3.1,nmol/L,Normal,66–181,nmol/L,Normal,1.0–4.0,Index,High
665,59,Female,0.15,2.1,89.0,97.0,0.4–4.0,mIU/L,Low,1.2–3.1,nmol/L,Normal,66–181,nmol/L,Normal,1.0–4.0,Index,High
666,53,Female,6.4,0.3,13.0,14.0,0.4–4.0,mIU/L,High,1.2–3.1,nmol/L,Low,66–181,nmol/L,Low,1.0–4.0,Index,High
667,69,Male,0.5,2.2,105.0,107.0,0.4–4.0,mIU/L,Normal,1.2–3.1,nmol/L,Normal,66–181,nmol/L,Normal,1.0–4.0,Index,High
668,37,Male,1.5,3.0,114.0,122.0,0.4–4.0,mIU/L,Normal,1.2–3.1,nmol/L,Normal,66–181,nmol/L,Normal,1.0–4.0,Index,High
669,55,Female,0.1,1.8,103.0,113.0,0.4–4.0,mIU/L,Low,1.2–3.1,nmol/L,Normal,66–181,nmol/L,Normal,1.0–4.0,Index,High
670,42,Female,3.5,1.5,83.0,90.0,0.4–4.0,mIU/L,Normal,1.2–3.1,nmol/L,Normal,66–181,nmol/L,Normal,1.0–4.0,Index,High
671,34,Male,0.03,1.6,96.0,99.0,0.4–4.0,mIU/L,Low,1.2–3.1,nmol/L,Normal,66–181,nmol/L,Normal,1.0–4.0,Index,High
672,72,Female,1.6,2.2,107.0,96.0,0.4–4.0,mIU/L,Normal,1.2–3.1,nmol/L,Normal,66–181,nmol/L,Normal,1.0–4.0,Index,High
673,75,Female,0.1,3.1,141.0,149.0,0.4–4.0,mIU/L,Low,1.2–3.1,nmol/L,Normal,66–181,nmol/L,Normal,1.0–4.0,Index,High
674,72,Female,0.45,2.5,126.0,117.0,0.4–4.0,mIU/L,Normal,1.2–3.1,nmol/L,Normal,66–181,nmol/L,Normal,1.0–4.0,Index,High
675,62,Female,0.005,2.1,130.0,131.0,0.4–4.0,mIU/L,Low,1.2–3.1,nmol/L,Normal,66–181,nmol/L,Normal,1.0–4.0,Index,High
676,70,Male,1.4,1.4,71.0,89.0,0.4–4.0,mIU/L,Normal,1.2–3.1,nmol/L,Normal,66–181,nmol/L,Normal,1.0–4.0,Index,High
677,72,Male,25.0,0.3,4.1,3.4,0.4–4.0,mIU/L,High,1.2–3.1,nmol/L,Low,66–181,nmol/L,Low,1.0–4.0,Index,Normal
678,48,Female,1.5,1.9,89.0,96.0,0.4–4.0,mIU/L,Normal,1.2–3.1,nmol/L,Normal,66–181,nmol/L,Normal,1.0–4.0,Index,High
679,53,Female,0.045,1.8,102.0,102.0,0.4–4.0,mIU/L,Low,1.2–3.1,nmol/L,Normal,66–181,nmol/L,Normal,1.0–4.0,Index,High
680,28,Female,0.1,1.6,79.0,74.0,0.4–4.0,mIU/L,Low,1.2–3.1,nmol/L,Normal,66–181,nmol/L,Normal,1.0–4.0,Index,High
681,35,Female,1.8,1.9,110.0,118.0,0.4–4.0,mIU/L,Normal,1.2–3.1,nmol/L,Normal,66–181,nmol/L,Normal,1.0–4.0,Index,High
682,69,Female,1.8,2.3,97.0,109.0,0.4–4.0,mIU/L,Normal,1.2–3.1,nmol/L,Normal,66–181,nmol/L,Normal,1.0–4.0,Index,High
683,23,Male,0.78,2.0,102.0,106.0,0.4–4.0,mIU/L,Normal,1.2–3.1,nmol/L,Normal,66–181,nmol/L,Normal,1.0–4.0,Index,High
684,68,Male,2.5,2.1,88.0,79.0,0.4–4.0,mIU/L,Normal,1.2–3.1,nmol/L,Normal,66–181,nmol/L,Normal,1.0–4.0,Index,High
685,62,Female,4.4,2.6,98.0,105.0,0.4–4.0,mIU/L,High,1.2–3.1,nmol/L,Normal,66–181,nmol/L,Normal,1.0–4.0,Index,High
686,20,Female,0.02,2.6,106.0,116.0,0.4–4.0,mIU/L,Low,1.2–3.1,nmol/L,Normal,66–181,nmol/L,Normal,1.0–4.0,Index,High
687,40,Female,6.0,2.0,125.0,120.0,0.4–4.0,mIU/L,High,1.2–3.1,nmol/L,Normal,66–181,nmol/L,Normal,1.0–4.0,Index,High
688,65,Female,55.0,1.0,50.0,43.0,0.4–4.0,mIU/L,High,1.2–3.1,nmol/L,Low,66–181,nmol/L,Low,1.0–4.0,Index,High
689,54,Female,0.3,2.3,134.0,163.0,0.4–4.0,mIU/L,Low,1.2–3.1,nmol/L,Normal,66–181,nmol/L,Normal,1.0–4.0,Index,High
690,37,Male,0.15,1.0,61.0,90.0,0.4–4.0,mIU/L,Low,1.2–3.1,nmol/L,Low,66–181,nmol/L,Low,1.0–4.0,Index,High
691,62,Male,0.86,1.9,78.0,91.0,0.4–4.0,mIU/L,Normal,1.2–3.1,nmol/L,Normal,66–181,nmol/L,Normal,1.0–4.0,Index,High
692,32,Male,2.6,3.0,138.0,111.0,0.4–4.0,mIU/L,Normal,1.2–3.1,nmol/L,Normal,66–181,nmol/L,Normal,1.0–4.0,Index,High
693,24,Male,2.4,2.8,122.0,109.0,0.4–4.0,mIU/L,Normal,1.2–3.1,nmol/L,Normal,66–181,nmol/L,Normal,1.0–4.0,Index,High
694,61,Female,0.6,1.7,113.0,131.0,0.4–4.0,mIU/L,Normal,1.2–3.1,nmol/L,Normal,66–181,nmol/L,Normal,1.0–4.0,Index,High
695,34,Male,3.8,2.0,87.0,76.0,0.4–4.0,mIU/L,Normal,1.2–3.1,nmol/L,Normal,66–181,nmol/L,Normal,1.0–4.0,Index,High
696,55,Female,2.4,2.3,143.0,151.0,0.4–4.0,mIU/L,Normal,1.2–3.1,nmol/L,Normal,66–181,nmol/L,Normal,1.0–4.0,Index,High
697,72,Female,1.4,1.6,72.0,69.0,0.4–4.0,mIU/L,Normal,1.2–3.1,nmol/L,Normal,66–181,nmol/L,Normal,1.0–4.0,Index,High
698,58,Female,1.8,2.2,78.0,79.0,0.4–4.0,mIU/L,Normal,1.2–3.1,nmol/L,Normal,66–181,nmol/L,Normal,1.0–4.0,Index,High
699,47,Male,5.6,1.9,81.0,82.0,0.4–4.0,mIU/L,High,1.2–3.1,nmol/L,Normal,66–181,nmol/L,Normal,1.0–4.0,Index,High
700,54,Female,6.5,1.9,88.0,86.0,0.4–4.0,mIU/L,High,1.2–3.1,nmol/L,Normal,66–181,nmol/L,Normal,1.0–4.0,Index,High
701,71,Female,2.7,1.2,107.0,97.0,0.4–4.0,mIU/L,Normal,1.2–3.1,nmol/L,Normal,66–181,nmol/L,Normal,1.0–4.0,Index,High
702,37,Female,1.5,2.4,106.0,123.0,0.4–4.0,mIU/L,Normal,1.2–3.1,nmol/L,Normal,66–181,nmol/L,Normal,1.0–4.0,Index,High
703,35,Female,1.5,2.0,93.0,93.0,0.4–4.0,mIU/L,Normal,1.2–3.1,nmol/L,Normal,66–181,nmol/L,Normal,1.0–4.0,Index,High
704,75,Male,1.0,1.6,101.0,112.0,0.4–4.0,mIU/L,Normal,1.2–3.1,nmol/L,Normal,66–181,nmol/L,Normal,1.0–4.0,Index,High
705,49,Female,0.035,2.1,183.0,179.0,0.4–4.0,mIU/L,Low,1.2–3.1,nmol/L,Normal,66–181,nmol/L,High,1.0–4.0,Index,High
706,51,Female,0.02,3.3,200.0,200.0,0.4–4.0,mIU/L,Low,1.2–3.1,nmol/L,High,66–181,nmol/L,High,1.0–4.0,Index,High
707,21,Female,1.3,1.8,95.0,99.0,0.4–4.0,mIU/L,Normal,1.2–3.1,nmol/L,Normal,66–181,nmol/L,Normal,1.0–4.0,Index,High
708,66,Female,0.32,2.5,169.0,149.0,0.4–4.0,mIU/L,Low,1.2–3.1,nmol/L,Normal,66–181,nmol/L,Normal,1.0–4.0,Index,High
709,53,Male,1.8,1.8,96.0,112.0,0.4–4.0,mIU/L,Normal,1.2–3.1,nmol/L,Normal,66–181,nmol/L,Normal,1.0–4.0,Index,High
710,32,Female,1.1,2.2,107.0,114.0,0.4–4.0,mIU/L,Normal,1.2–3.1,nmol/L,Normal,66–181,nmol/L,Normal,1.0–4.0,Index,High
711,56,Male,0.1,1.7,80.0,83.0,0.4–4.0,mIU/L,Low,1.2–3.1,nmol/L,Normal,66–181,nmol/L,Normal,1.0–4.0,Index,High
712,60,Female,1.0,2.1,97.0,90.0,0.4–4.0,mIU/L,Normal,1.2–3.1,nmol/L,Normal,66–181,nmol/L,Normal,1.0–4.0,Index,High
713,67,Male,0.25,2.0,101.0,124.0,0.4–4.0,mIU/L,Low,1.2–3.1,nmol/L,Normal,66–181,nmol/L,Normal,1.0–4.0,Index,High
714,58,Female,0.3,3.1,151.0,108.0,0.4–4.0,mIU/L,Low,1.2–3.1,nmol/L,Normal,66–181,nmol/L,Normal,1.0–4.0,Index,High
715,75,Male,0.035,1.2,98.0,118.0,0.4–4.0,mIU/L,Low,1.2–3.1,nmol/L,Normal,66–181,nmol/L,Normal,1.0–4.0,Index,High
716,51,Female,2.9,1.5,124.0,141.0,0.4–4.0,mIU/L,Normal,1.2–3.1,nmol/L,Normal,66–181,nmol/L,Normal,1.0–4.0,Index,High
717,87,Female,0.2,1.5,132.0,153.0,0.4–4.0,mIU/L,Low,1.2–3.1,nmol/L,Normal,66–181,nmol/L,Normal,1.0–4.0,Index,High
718,54,Male,1.1,0.9,86.0,101.0,0.4–4.0,mIU/L,Normal,1.2–3.1,nmol/L,Low,66–181,nmol/L,Normal,1.0–4.0,Index,High
719,25,Male,236.0,0.2,16.0,17.0,0.4–4.0,mIU/L,High,1.2–3.1,nmol/L,Low,66–181,nmol/L,Low,1.0–4.0,Index,High
720,34,Female,0.01,3.8,205.0,111.0,0.4–4.0,mIU/L,Low,1.2–3.1,nmol/L,High,66–181,nmol/L,High,1.0–4.0,Index,High
721,58,Female,0.1,2.3,155.0,144.0,0.4–4.0,mIU/L,Low,1.2–3.1,nmol/L,Normal,66–181,nmol/L,Normal,1.0–4.0,Index,High
722,25,Male,1.5,2.7,120.0,91.0,0.4–4.0,mIU/L,Normal,1.2–3.1,nmol/L,Normal,66–181,nmol/L,Normal,1.0–4.0,Index,High
723,65,Male,0.2,1.9,134.0,137.0,0.4–4.0,mIU/L,Low,1.2–3.1,nmol/L,Normal,66–181,nmol/L,Normal,1.0–4.0,Index,High
724,46,Female,1.2,2.3,98.0,105.0,0.4–4.0,mIU/L,Normal,1.2–3.1,nmol/L,Normal,66–181,nmol/L,Normal,1.0–4.0,Index,High
725,62,Male,39.0,1.3,45.0,55.0,0.4–4.0,mIU/L,High,1.2–3.1,nmol/L,Normal,66–181,nmol/L,Low,1.0–4.0,Index,High
726,77,Male,1.9,1.7,128.0,138.0,0.4–4.0,mIU/L,Normal,1.2–3.1,nmol/L,Normal,66–181,nmol/L,Normal,1.0–4.0,Index,High
727,90,Female,0.9,1.6,102.0,103.0,0.4–4.0,mIU/L,Normal,1.2–3.1,nmol/L,Normal,66–181,nmol/L,Normal,1.0–4.0,Index,High
728,50,Male,151.0,1.0,32.0,28.0,0.4–4.0,mIU/L,High,1.2–3.1,nmol/L,Low,66–181,nmol/L,Low,1.0–4.0,Index,High
729,66,Male,1.3,0.3,64.0,96.0,0.4–4.0,mIU/L,Normal,1.2–3.1,nmol/L,Low,66–181,nmol/L,Low,1.0–4.0,Index,High
730,32,Male,0.35,1.7,97.0,113.0,0.4–4.0,mIU/L,Low,1.2–3.1,nmol/L,Normal,66–181,nmol/L,Normal,1.0–4.0,Index,High
731,66,Female,1.9,2.2,135.0,126.0,0.4–4.0,mIU/L,Normal,1.2–3.1,nmol/L,Normal,66–181,nmol/L,Normal,1.0–4.0,Index,High
732,69,Male,0.04,1.4,199.0,204.0,0.4–4.0,mIU/L,Low,1.2–3.1,nmol/L,Normal,66–181,nmol/L,High,1.0–4.0,Index,High
733,95,Male,4.4,0.4,54.0,87.0,0.4–4.0,mIU/L,High,1.2–3.1,nmol/L,Low,66–181,nmol/L,Low,1.0–4.0,Index,High
734,72,Female,0.01,1.8,151.0,161.0,0.4–4.0,mIU/L,Low,1.2–3.1,nmol/L,Normal,66–181,nmol/L,Normal,1.0–4.0,Index,High
735,87,Male,0.025,1.6,134.0,170.0,0.4–4.0,mIU/L,Low,1.2–3.1,nmol/L,Normal,66–181,nmol/L,Normal,1.0–4.0,Index,High
736,91,Female,0.15,1.3,126.0,132.0,0.4–4.0,mIU/L,Low,1.2–3.1,nmol/L,Normal,66–181,nmol/L,Normal,1.0–4.0,Index,High
737,66,Female,1.9,0.6,86.0,100.0,0.4–4.0,mIU/L,Normal,1.2–3.1,nmol/L,Low,66–181,nmol/L,Normal,1.0–4.0,Index,High
738,28,Male,0.045,2.6,143.0,134.0,0.4–4.0,mIU/L,Low,1.2–3.1,nmol/L,Normal,66–181,nmol/L,Normal,1.0–4.0,Index,High
739,33,Female,6.2,0.8,51.0,58.0,0.4–4.0,mIU/L,High,1.2–3.1,nmol/L,Low,66–181,nmol/L,Low,1.0–4.0,Index,High
740,75,Female,12.0,2.0,141.0,125.0,0.4–4.0,mIU/L,High,1.2–3.1,nmol/L,Normal,66–181,nmol/L,Normal,1.0–4.0,Index,High
741,57,Male,0.02,2.1,97.0,135.0,0.4–4.0,mIU/L,Low,1.2–3.1,nmol/L,Normal,66–181,nmol/L,Normal,1.0–4.0,Index,High
742,40,Female,42.0,0.2,4.8,5.4,0.4–4.0,mIU/L,High,1.2–3.1,nmol/L,Low,66–181,nmol/L,Low,1.0–4.0,Index,High
743,58,Female,1.3,1.9,66.0,68.0,0.4–4.0,mIU/L,Normal,1.2–3.1,nmol/L,Normal,66–181,nmol/L,Normal,1.0–4.0,Index,High
744,73,Female,0.025,1.5,77.0,82.0,0.4–4.0,mIU/L,Low,1.2–3.1,nmol/L,Normal,66–181,nmol/L,Normal,1.0–4.0,Index,High
745,57,Female,6.7,1.8,91.0,97.0,0.4–4.0,mIU/L,High,1.2–3.1,nmol/L,Normal,66–181,nmol/L,Normal,1.0–4.0,Index,High
746,22,Female,0.4,2.2,134.0,99.0,0.4–4.0,mIU/L,Normal,1.2–3.1,nmol/L,Normal,66–181,nmol/L,Normal,1.0–4.0,Index,High
747,29,Female,2.8,2.2,120.0,123.0,0.4–4.0,mIU/L,Normal,1.2–3.1,nmol/L,Normal,66–181,nmol/L,Normal,1.0–4.0,Index,High
748,78,Female,191.0,0.8,5.0,4.85,0.4–4.0,mIU/L,High,1.2–3.1,nmol/L,Low,66–181,nmol/L,Low,1.0–4.0,Index,High
749,20,Female,1.2,1.5,63.0,89.0,0.4–4.0,mIU/L,Normal,1.2–3.1,nmol/L,Normal,66–181,nmol/L,Low,1.0–4.0,Index,High
750,51,Female,1.8,1.9,97.0,97.0,0.4–4.0,mIU/L,Normal,1.2–3.1,nmol/L,Normal,66–181,nmol/L,Normal,1.0–4.0,Index,High
751,64,Female,2.5,1.6,86.0,90.0,0.4–4.0,mIU/L,Normal,1.2–3.1,nmol/L,Normal,66–181,nmol/L,Normal,1.0–4.0,Index,High
752,44,Male,0.1,2.5,87.0,88.0,0.4–4.0,mIU/L,Low,1.2–3.1,nmol/L,Normal,66–181,nmol/L,Normal,1.0–4.0,Index,High
753,27,Male,0.98,2.6,144.0,143.0,0.4–4.0,mIU/L,Normal,1.2–3.1,nmol/L,Normal,66–181,nmol/L,Normal,1.0–4.0,Index,High
754,97,Male,2.3,1.8,93.0,104.0,0.4–4.0,mIU/L,Normal,1.2–3.1,nmol/L,Normal,66–181,nmol/L,Normal,1.0–4.0,Index,High
755,38,Female,4.8,2.4,114.0,135.0,0.4–4.0,mIU/L,High,1.2–3.1,nmol/L,Normal,66–181,nmol/L,Normal,1.0–4.0,Index,High
756,23,Male,0.8,1.3,119.0,126.0,0.4–4.0,mIU/L,Normal,1.2–3.1,nmol/L,Normal,66–181,nmol/L,Normal,1.0–4.0,Index,High
757,74,Female,0.5,1.9,130.0,143.0,0.4–4.0,mIU/L,Normal,1.2–3.1,nmol/L,Normal,66–181,nmol/L,Normal,1.0–4.0,Index,High
758,62,Male,80.0,0.4,42.0,53.0,0.4–4.0,mIU/L,High,1.2–3.1,nmol/L,Low,66–181,nmol/L,Low,1.0–4.0,Index,High
759,60,Male,1.1,2.9,104.0,110.0,0.4–4.0,mIU/L,Normal,1.2–3.1,nmol/L,Normal,66–181,nmol/L,Normal,1.0–4.0,Index,High
760,54,Female,1.4,1.4,79.0,98.0,0.4–4.0,mIU/L,Normal,1.2–3.1,nmol/L,Normal,66–181,nmol/L,Normal,1.0–4.0,Index,High
761,19,Male,1.0,2.4,106.0,122.0,0.4–4.0,mIU/L,Normal,1.2–3.1,nmol/L,Normal,66–181,nmol/L,Normal,1.0–4.0,Index,High
762,73,Female,1.9,1.5,113.0,106.0,0.4–4.0,mIU/L,Normal,1.2–3.1,nmol/L,Normal,66–181,nmol/L,Normal,1.0–4.0,Index,High
763,72,Female,1.6,2.1,114.0,100.0,0.4–4.0,mIU/L,Normal,1.2–3.1,nmol/L,Normal,66–181,nmol/L,Normal,1.0–4.0,Index,High
764,59,Female,2.8,1.7,97.0,107.0,0.4–4.0,mIU/L,Normal,1.2–3.1,nmol/L,Normal,66–181,nmol/L,Normal,1.0–4.0,Index,High
765,58,Male,0.25,2.4,102.0,134.0,0.4–4.0,mIU/L,Low,1.2–3.1,nmol/L,Normal,66–181,nmol/L,Normal,1.0–4.0,Index,High
766,58,Male,0.9,2.3,102.0,102.0,0.4–4.0,mIU/L,Normal,1.2–3.1,nmol/L,Normal,66–181,nmol/L,Normal,1.0–4.0,Index,High
767,31,Female,0.3,2.1,178.0,106.0,0.4–4.0,mIU/L,Low,1.2–3.1,nmol/L,Normal,66–181,nmol/L,Normal,1.0–4.0,Index,High
768,44,Male,2.0,1.3,136.0,145.0,0.4–4.0,mIU/L,Normal,1.2–3.1,nmol/L,Normal,66–181,nmol/L,Normal,1.0–4.0,Index,High
769,80,Female,1.7,0.8,101.0,125.0,0.4–4.0,mIU/L,Normal,1.2–3.1,nmol/L,Low,66–181,nmol/L,Normal,1.0–4.0,Index,High
770,35,Female,0.47,1.4,42.0,58.0,0.4–4.0,mIU/L,Normal,1.2–3.1,nmol/L,Normal,66–181,nmol/L,Low,1.0–4.0,Index,High
771,62,Male,12.0,1.5,105.0,122.0,0.4–4.0,mIU/L,High,1.2–3.1,nmol/L,Normal,66–181,nmol/L,Normal,1.0–4.0,Index,High
772,53,Female,0.1,2.4,182.0,152.0,0.4–4.0,mIU/L,Low,1.2–3.1,nmol/L,Normal,66–181,nmol/L,High,1.0–4.0,Index,High
773,67,Male,18.0,1.7,72.0,88.0,0.4–4.0,mIU/L,High,1.2–3.1,nmol/L,Normal,66–181,nmol/L,Normal,1.0–4.0,Index,High
774,53,Female,0.045,2.2,115.0,124.0,0.4–4.0,mIU/L,Low,1.2–3.1,nmol/L,Normal,66–181,nmol/L,Normal,1.0–4.0,Index,High
775,67,Male,0.1,2.1,96.0,95.0,0.4–4.0,mIU/L,Low,1.2–3.1,nmol/L,Normal,66–181,nmol/L,Normal,1.0–4.0,Index,High
776,23,Female,0.9,2.9,136.0,99.0,0.4–4.0,mIU/L,Normal,1.2–3.1,nmol/L,Normal,66–181,nmol/L,Normal,1.0–4.0,Index,High
777,81,Female,5.4,1.3,73.0,101.0,0.4–4.0,mIU/L,High,1.2–3.1,nmol/L,Normal,66–181,nmol/L,Normal,1.0–4.0,Index,High
778,74,Female,3.0,1.3,96.0,95.0,0.4–4.0,mIU/L,Normal,1.2–3.1,nmol/L,Normal,66–181,nmol/L,Normal,1.0–4.0,Index,High
779,40,Female,12.0,2.1,81.0,74.0,0.4–4.0,mIU/L,High,1.2–3.1,nmol/L,Normal,66–181,nmol/L,Normal,1.0–4.0,Index,High
780,38,Male,0.6,2.5,131.0,129.0,0.4–4.0,mIU/L,Normal,1.2–3.1,nmol/L,Normal,66–181,nmol/L,Normal,1.0–4.0,Index,High
781,41,Female,0.1,1.6,91.0,100.0,0.4–4.0,mIU/L,Low,1.2–3.1,nmol/L,Normal,66–181,nmol/L,Normal,1.0–4.0,Index,High
782,41,Female,0.3,1.9,117.0,108.0,0.4–4.0,mIU/L,Low,1.2–3.1,nmol/L,Normal,66–181,nmol/L,Normal,1.0–4.0,Index,High
783,48,Female,0.03,1.8,83.0,69.0,0.4–4.0,mIU/L,Low,1.2–3.1,nmol/L,Normal,66–181,nmol/L,Normal,1.0–4.0,Index,High
784,49,Female,0.12,2.3,181.0,164.0,0.4–4.0,mIU/L,Low,1.2–3.1,nmol/L,Normal,66–181,nmol/L,Normal,1.0–4.0,Index,High
785,27,Female,2.2,4.1,157.0,78.0,0.4–4.0,mIU/L,Normal,1.2–3.1,nmol/L,High,66–181,nmol/L,Normal,1.0–4.0,Index,High
786,75,Female,0.3,1.8,94.0,125.0,0.4–4.0,mIU/L,Low,1.2–3.1,nmol/L,Normal,66–181,nmol/L,Normal,1.0–4.0,Index,High
787,27,Female,0.2,1.7,98.0,102.0,0.4–4.0,mIU/L,Low,1.2–3.1,nmol/L,Normal,66–181,nmol/L,Normal,1.0–4.0,Index,High
788,50,Female,0.17,1.7,120.0,122.0,0.4–4.0,mIU/L,Low,1.2–3.1,nmol/L,Normal,66–181,nmol/L,Normal,1.0–4.0,Index,High
789,26,Female,2.3,1.8,93.0,78.0,0.4–4.0,mIU/L,Normal,1.2–3.1,nmol/L,Normal,66–181,nmol/L,Normal,1.0–4.0,Index,High
790,79,Male,0.02,2.4,99.0,135.0,0.4–4.0,mIU/L,Low,1.2–3.1,nmol/L,Normal,66–181,nmol/L,Normal,1.0–4.0,Index,High
791,53,Male,1.4,2.2,91.0,120.0,0.4–4.0,mIU/L,Normal,1.2–3.1,nmol/L,Normal,66–181,nmol/L,Normal,1.0–4.0,Index,High
792,46,Female,35.0,1.2,16.0,19.0,0.4–4.0,mIU/L,High,1.2–3.1,nmol/L,Normal,66–181,nmol/L,Low,1.0–4.0,Index,High
793,64,Female,0.25,2.3,202.0,217.0,0.4–4.0,mIU/L,Low,1.2–3.1,nmol/L,Normal,66–181,nmol/L,High,1.0–4.0,Index,High
794,71,Female,0.1,1.9,94.0,97.0,0.4–4.0,mIU/L,Low,1.2–3.1,nmol/L,Normal,66–181,nmol/L,Normal,1.0–4.0,Index,High
795,27,Female,1.7,2.4,104.0,93.0,0.4–4.0,mIU/L,Normal,1.2–3.1,nmol/L,Normal,66–181,nmol/L,Normal,1.0–4.0,Index,High
796,37,Female,6.5,1.1,152.0,157.0,0.4–4.0,mIU/L,High,1.2–3.1,nmol/L,Low,66–181,nmol/L,Normal,1.0–4.0,Index,High
797,22,Male,1.3,2.6,95.0,99.0,0.4–4.0,mIU/L,Normal,1.2–3.1,nmol/L,Normal,66–181,nmol/L,Normal,1.0–4.0,Index,High
798,19,Female,1.7,1.9,89.0,102.0,0.4–4.0,mIU/L,Normal,1.2–3.1,nmol/L,Normal,66–181,nmol/L,Normal,1.0–4.0,Index,High
799,59,Female,1.0,1.7,52.0,74.0,0.4–4.0,mIU/L,Normal,1.2–3.1,nmol/L,Normal,66–181,nmol/L,Low,1.0–4.0,Index,High
800,75,Female,0.25,2.1,172.0,171.0,0.4–4.0,mIU/L,Low,1.2–3.1,nmol/L,Normal,66–181,nmol/L,Normal,1.0–4.0,Index,High
801,63,Female,0.42,2.1,145.0,142.0,0.4–4.0,mIU/L,Normal,1.2–3.1,nmol/L,Normal,66–181,nmol/L,Normal,1.0–4.0,Index,High
802,42,Male,0.025,2.7,172.0,172.0,0.4–4.0,mIU/L,Low,1.2–3.1,nmol/L,Normal,66–181,nmol/L,Normal,1.0–4.0,Index,High
803,70,Male,0.8,0.3,90.0,100.0,0.4–4.0,mIU/L,Normal,1.2–3.1,nmol/L,Low,66–181,nmol/L,Normal,1.0–4.0,Index,High
804,84,Male,3.2,1.0,81.0,111.0,0.4–4.0,mIU/L,Normal,1.2–3.1,nmol/L,Low,66–181,nmol/L,Normal,1.0–4.0,Index,High
805,73,Female,19.0,2.3,66.0,61.0,0.4–4.0,mIU/L,High,1.2–3.1,nmol/L,Normal,66–181,nmol/L,Normal,1.0–4.0,Index,High
806,35,Female,1.1,2.8,127.0,80.0,0.4–4.0,mIU/L,Normal,1.2–3.1,nmol/L,Normal,66–181,nmol/L,Normal,1.0–4.0,Index,High
807,23,Male,0.4,2.3,98.0,94.0,0.4–4.0,mIU/L,Normal,1.2–3.1,nmol/L,Normal,66–181,nmol/L,Normal,1.0–4.0,Index,High
808,72,Female,0.015,2.9,198.0,217.0,0.4–4.0,mIU/L,Low,1.2–3.1,nmol/L,Normal,66–181,nmol/L,High,1.0–4.0,Index,High
809,24,Male,2.5,1.8,92.0,90.0,0.4–4.0,mIU/L,Normal,1.2–3.1,nmol/L,Normal,66–181,nmol/L,Normal,1.0–4.0,Index,High
810,39,Female,160.0,0.4,11.0,8.9,0.4–4.0,mIU/L,High,1.2–3.1,nmol/L,Low,66–181,nmol/L,Low,1.0–4.0,Index,High
811,23,Female,2.6,1.1,104.0,99.0,0.4–4.0,mIU/L,Normal,1.2–3.1,nmol/L,Low,66–181,nmol/L,Normal,1.0–4.0,Index,High
812,59,Male,0.06,2.1,99.0,136.0,0.4–4.0,mIU/L,Low,1.2–3.1,nmol/L,Normal,66–181,nmol/L,Normal,1.0–4.0,Index,High
813,38,Female,0.3,2.5,88.0,93.0,0.4–4.0,mIU/L,Low,1.2–3.1,nmol/L,Normal,66–181,nmol/L,Normal,1.0–4.0,Index,High
814,85,Male,0.25,2.3,128.0,121.0,0.4–4.0,mIU/L,Low,1.2–3.1,nmol/L,Normal,66–181,nmol/L,Normal,1.0–4.0,Index,High
815,66,Female,0.89,1.7,125.0,128.0,0.4–4.0,mIU/L,Normal,1.2–3.1,nmol/L,Normal,66–181,nmol/L,Normal,1.0–4.0,Index,High
816,36,Male,0.04,1.7,102.0,113.0,0.4–4.0,mIU/L,Low,1.2–3.1,nmol/L,Normal,66–181,nmol/L,Normal,1.0–4.0,Index,High
817,69,Female,1.3,1.7,116.0,122.0,0.4–4.0,mIU/L,Normal,1.2–3.1,nmol/L,Normal,66–181,nmol/L,Normal,1.0–4.0,Index,High
818,59,Female,0.2,1.2,119.0,108.0,0.4–4.0,mIU/L,Low,1.2–3.1,nmol/L,Normal,66–181,nmol/L,Normal,1.0–4.0,Index,High
819,50,Female,1.4,1.8,126.0,117.0,0.4–4.0,mIU/L,Normal,1.2–3.1,nmol/L,Normal,66–181,nmol/L,Normal,1.0–4.0,Index,High
820,69,Male,2.1,2.5,131.0,126.0,0.4–4.0,mIU/L,Normal,1.2–3.1,nmol/L,Normal,66–181,nmol/L,Normal,1.0–4.0,Index,High
821,52,Male,1.0,1.8,102.0,106.0,0.4–4.0,mIU/L,Normal,1.2–3.1,nmol/L,Normal,66–181,nmol/L,Normal,1.0–4.0,Index,High
822,78,Male,0.71,0.5,105.0,129.0,0.4–4.0,mIU/L,Normal,1.2–3.1,nmol/L,Low,66–181,nmol/L,Normal,1.0–4.0,Index,High
823,60,Male,2.6,2.8,82.0,93.0,0.4–4.0,mIU/L,Normal,1.2–3.1,nmol/L,Normal,66–181,nmol/L,Normal,1.0–4.0,Index,High
824,30,Female,2.1,1.8,101.0,98.0,0.4–4.0,mIU/L,Normal,1.2–3.1,nmol/L,Normal,66–181,nmol/L,Normal,1.0–4.0,Index,High
825,84,Female,1.1,2.2,115.0,121.0,0.4–4.0,mIU/L,Normal,1.2–3.1,nmol/L,Normal,66–181,nmol/L,Normal,1.0–4.0,Index,High
826,61,Female,0.9,2.3,124.0,106.0,0.4–4.0,mIU/L,Normal,1.2–3.1,nmol/L,Normal,66–181,nmol/L,Normal,1.0–4.0,Index,High
827,73,Female,2.3,1.3,100.0,114.0,0.4–4.0,mIU/L,Normal,1.2–3.1,nmol/L,Normal,66–181,nmol/L,Normal,1.0–4.0,Index,High
828,42,Female,0.065,2.3,130.0,126.0,0.4–4.0,mIU/L,Low,1.2–3.1,nmol/L,Normal,66–181,nmol/L,Normal,1.0–4.0,Index,High
829,33,Female,0.1,1.7,104.0,130.0,0.4–4.0,mIU/L,Low,1.2–3.1,nmol/L,Normal,66–181,nmol/L,Normal,1.0–4.0,Index,High
830,37,Female,2.4,2.7,155.0,109.0,0.4–4.0,mIU/L,Normal,1.2–3.1,nmol/L,Normal,66–181,nmol/L,Normal,1.0–4.0,Index,High
831,23,Female,1.6,1.4,76.0,91.0,0.4–4.0,mIU/L,Normal,1.2–3.1,nmol/L,Normal,66–181,nmol/L,Normal,1.0–4.0,Index,High
832,35,Female,0.2,2.1,116.0,109.0,0.4–4.0,mIU/L,Low,1.2–3.1,nmol/L,Normal,66–181,nmol/L,Normal,1.0–4.0,Index,High
833,74,Female,3.0,1.2,96.0,103.0,0.4–4.0,mIU/L,Normal,1.2–3.1,nmol/L,Normal,66–181,nmol/L,Normal,1.0–4.0,Index,High
834,45,Female,0.77,1.7,91.0,95.0,0.4–4.0,mIU/L,Normal,1.2–3.1,nmol/L,Normal,66–181,nmol/L,Normal,1.0–4.0,Index,High
835,61,Female,2.6,2.4,98.0,105.0,0.4–4.0,mIU/L,Normal,1.2–3.1,nmol/L,Normal,66–181,nmol/L,Normal,1.0–4.0,Index,High
836,76,Female,1.2,2.5,133.0,115.0,0.4–4.0,mIU/L,Normal,1.2–3.1,nmol/L,Normal,66–181,nmol/L,Normal,1.0–4.0,Index,High
837,63,Female,0.025,1.6,124.0,139.0,0.4–4.0,mIU/L,Low,1.2–3.1,nmol/L,Normal,66–181,nmol/L,Normal,1.0–4.0,Index,High
838,71,Female,1.5,2.0,96.0,92.0,0.4–4.0,mIU/L,Normal,1.2–3.1,nmol/L,Normal,66–181,nmol/L,Normal,1.0–4.0,Index,High
839,79,Female,2.0,1.2,88.0,104.0,0.4–4.0,mIU/L,Normal,1.2–3.1,nmol/L,Normal,66–181,nmol/L,Normal,1.0–4.0,Index,High
840,50,Male,1.0,2.0,101.0,108.0,0.4–4.0,mIU/L,Normal,1.2–3.1,nmol/L,Normal,66–181,nmol/L,Normal,1.0–4.0,Index,High
841,70,Male,0.46,0.7,78.0,132.0,0.4–4.0,mIU/L,Normal,1.2–3.1,nmol/L,Low,66–181,nmol/L,Normal,1.0–4.0,Index,High
842,67,Male,4.3,2.0,125.0,124.0,0.4–4.0,mIU/L,High,1.2–3.1,nmol/L,Normal,66–181,nmol/L,Normal,1.0–4.0,Index,High
843,76,Female,0.25,1.6,157.0,145.0,0.4–4.0,mIU/L,Low,1.2–3.1,nmol/L,Normal,66–181,nmol/L,Normal,1.0–4.0,Index,High
844,37,Male,0.91,2.0,85.0,81.0,0.4–4.0,mIU/L,Normal,1.2–3.1,nmol/L,Normal,66–181,nmol/L,Normal,1.0–4.0,Index,High
845,58,Male,2.1,2.4,95.0,100.0,0.4–4.0,mIU/L,Normal,1.2–3.1,nmol/L,Normal,66–181,nmol/L,Normal,1.0–4.0,Index,High
846,60,Female,0.13,1.3,146.0,160.0,0.4–4.0,mIU/L,Low,1.2–3.1,nmol/L,Normal,66–181,nmol/L,Normal,1.0–4.0,Index,High
847,85,Female,0.2,1.3,111.0,118.0,0.4–4.0,mIU/L,Low,1.2–3.1,nmol/L,Normal,66–181,nmol/L,Normal,1.0–4.0,Index,High
848,48,Female,0.96,1.5,77.0,67.0,0.4–4.0,mIU/L,Normal,1.2–3.1,nmol/L,Normal,66–181,nmol/L,Normal,1.0–4.0,Index,High
849,37,Male,1.1,1.9,117.0,118.0,0.4–4.0,mIU/L,Normal,1.2–3.1,nmol/L,Normal,66–181,nmol/L,Normal,1.0–4.0,Index,High
850,73,Female,0.6,1.3,146.0,165.0,0.4–4.0,mIU/L,Normal,1.2–3.1,nmol/L,Normal,66–181,nmol/L,Normal,1.0–4.0,Index,High
851,25,Female,0.1,1.7,92.0,103.0,0.4–4.0,mIU/L,Low,1.2–3.1,nmol/L,Normal,66–181,nmol/L,Normal,1.0–4.0,Index,High
852,67,Male,1.5,2.1,99.0,100.0,0.4–4.0,mIU/L,Normal,1.2–3.1,nmol/L,Normal,66–181,nmol/L,Normal,1.0–4.0,Index,High
853,23,Female,1.4,2.8,87.0,87.0,0.4–4.0,mIU/L,Normal,1.2–3.1,nmol/L,Normal,66–181,nmol/L,Normal,1.0–4.0,Index,High
854,64,Female,6.7,2.0,110.0,94.0,0.4–4.0,mIU/L,High,1.2–3.1,nmol/L,Normal,66–181,nmol/L,Normal,1.0–4.0,Index,High
855,83,Female,0.77,1.44,123.0,124.0,0.4–4.0,mIU/L,Normal,1.2–3.1,nmol/L,Normal,66–181,nmol/L,Normal,1.0–4.0,Index,High
856,68,Male,0.15,2.8,86.0,82.0,0.4–4.0,mIU/L,Low,1.2–3.1,nmol/L,Normal,66–181,nmol/L,Normal,1.0–4.0,Index,High
857,32,Male,1.7,1.7,101.0,126.0,0.4–4.0,mIU/L,Normal,1.2–3.1,nmol/L,Normal,66–181,nmol/L,Normal,1.0–4.0,Index,High
858,78,Female,12.0,0.5,60.0,97.0,0.4–4.0,mIU/L,High,1.2–3.1,nmol/L,Low,66–181,nmol/L,Low,1.0–4.0,Index,High
859,49,Male,1.7,3.0,125.0,101.0,0.4–4.0,mIU/L,Normal,1.2–3.1,nmol/L,Normal,66–181,nmol/L,Normal,1.0–4.0,Index,High
860,43,Male,0.5,1.5,105.0,103.0,0.4–4.0,mIU/L,Normal,1.2–3.1,nmol/L,Normal,66–181,nmol/L,Normal,1.0–4.0,Index,High
861,44,Female,2.3,1.9,74.0,94.0,0.4–4.0,mIU/L,Normal,1.2–3.1,nmol/L,Normal,66–181,nmol/L,Normal,1.0–4.0,Index,High
862,63,Female,6.5,0.7,86.0,120.0,0.4–4.0,mIU/L,High,1.2–3.1,nmol/L,Low,66–181,nmol/L,Normal,1.0–4.0,Index,High
863,73,Male,2.5,1.3,108.0,147.0,0.4–4.0,mIU/L,Normal,1.2–3.1,nmol/L,Normal,66–181,nmol/L,Normal,1.0–4.0,Index,High
864,42,Female,0.7,1.5,90.0,79.0,0.4–4.0,mIU/L,Normal,1.2–3.1,nmol/L,Normal,66–181,nmol/L,Normal,1.0–4.0,Index,High
865,60,Female,8.099999,2.1,118.0,112.0,0.4–4.0,mIU/L,High,1.2–3.1,nmol/L,Normal,66–181,nmol/L,Normal,1.0–4.0,Index,High
866,46,Female,0.87,2.6,129.0,91.0,0.4–4.0,mIU/L,Normal,1.2–3.1,nmol/L,Normal,66–181,nmol/L,Normal,1.0–4.0,Index,High
867,50,Female,0.32,1.5,138.0,131.0,0.4–4.0,mIU/L,Low,1.2–3.1,nmol/L,Normal,66–181,nmol/L,Normal,1.0–4.0,Index,High
868,50,Female,0.8,2.6,141.0,98.0,0.4–4.0,mIU/L,Normal,1.2–3.1,nmol/L,Normal,66–181,nmol/L,Normal,1.0–4.0,Index,High
869,29,Female,7.3,1.5,90.0,61.0,0.4–4.0,mIU/L,High,1.2–3.1,nmol/L,Normal,66–181,nmol/L,Normal,1.0–4.0,Index,High
870,56,Female,0.1,2.2,86.0,98.0,0.4–4.0,mIU/L,Low,1.2–3.1,nmol/L,Normal,66–181,nmol/L,Normal,1.0–4.0,Index,High
871,56,Male,1.2,1.6,119.0,113.0,0.4–4.0,mIU/L,Normal,1.2–3.1,nmol/L,Normal,66–181,nmol/L,Normal,1.0–4.0,Index,High
872,87,Male,1.0,1.2,103.0,118.0,0.4–4.0,mIU/L,Normal,1.2–3.1,nmol/L,Normal,66–181,nmol/L,Normal,1.0–4.0,Index,High
873,65,Female,0.25,2.2,81.0,90.0,0.4–4.0,mIU/L,Low,1.2–3.1,nmol/L,Normal,66–181,nmol/L,Normal,1.0–4.0,Index,High
874,55,Female,1.4,1.7,90.0,89.0,0.4–4.0,mIU/L,Normal,1.2–3.1,nmol/L,Normal,66–181,nmol/L,Normal,1.0–4.0,Index,High
875,84,Female,0.2,1.2,105.0,107.0,0.4–4.0,mIU/L,Low,1.2–3.1,nmol/L,Normal,66–181,nmol/L,Normal,1.0–4.0,Index,High
876,70,Female,3.5,2.5,123.0,107.0,0.4–4.0,mIU/L,Normal,1.2–3.1,nmol/L,Normal,66–181,nmol/L,Normal,1.0–4.0,Index,High
877,47,Female,0.61,1.4,107.0,124.0,0.4–4.0,mIU/L,Normal,1.2–3.1,nmol/L,Normal,66–181,nmol/L,Normal,1.0–4.0,Index,High
878,57,Male,0.1,4.5,159.0,153.0,0.4–4.0,mIU/L,Low,1.2–3.1,nmol/L,High,66–181,nmol/L,Normal,1.0–4.0,Index,High
879,18,Female,0.9,3.0,143.0,108.0,0.4–4.0,mIU/L,Normal,1.2–3.1,nmol/L,Normal,66–181,nmol/L,Normal,1.0–4.0,Index,High
880,72,Female,1.4,1.6,118.0,117.0,0.4–4.0,mIU/L,Normal,1.2–3.1,nmol/L,Normal,66–181,nmol/L,Normal,1.0–4.0,Index,High
881,84,Female,0.9,1.7,99.0,125.0,0.4–4.0,mIU/L,Normal,1.2–3.1,nmol/L,Normal,66–181,nmol/L,Normal,1.0–4.0,Index,High
882,39,Male,1.5,1.6,66.0,57.0,0.4–4.0,mIU/L,Normal,1.2–3.1,nmol/L,Normal,66–181,nmol/L,Normal,1.0–4.0,Index,High
883,39,Female,0.1,1.8,90.0,126.0,0.4–4.0,mIU/L,Low,1.2–3.1,nmol/L,Normal,66–181,nmol/L,Normal,1.0–4.0,Index,High
884,55,Female,0.015,1.8,180.0,219.0,0.4–4.0,mIU/L,Low,1.2–3.1,nmol/L,Normal,66–181,nmol/L,Normal,1.0–4.0,Index,High
885,19,Male,3.6,1.7,76.0,98.0,0.4–4.0,mIU/L,Normal,1.2–3.1,nmol/L,Normal,66–181,nmol/L,Normal,1.0–4.0,Index,High
886,60,Female,3.7,1.9,115.0,107.0,0.4–4.0,mIU/L,Normal,1.2–3.1,nmol/L,Normal,66–181,nmol/L,Normal,1.0–4.0,Index,High
887,70,Female,0.07,0.9,104.0,124.0,0.4–4.0,mIU/L,Low,1.2–3.1,nmol/L,Low,66–181,nmol/L,Normal,1.0–4.0,Index,High
888,72,Female,4.9,0.5,35.0,41.0,0.4–4.0,mIU/L,High,1.2–3.1,nmol/L,Low,66–181,nmol/L,Low,1.0–4.0,Index,High
889,40,Female,1.3,2.6,135.0,124.0,0.4–4.0,mIU/L,Normal,1.2–3.1,nmol/L,Normal,66–181,nmol/L,Normal,1.0–4.0,Index,High
890,58,Female,30.0,0.3,13.0,13.0,0.4–4.0,mIU/L,High,1.2–3.1,nmol/L,Low,66–181,nmol/L,Low,1.0–4.0,Index,High
891,66,Female,3.7,0.3,88.0,106.0,0.4–4.0,mIU/L,Normal,1.2–3.1,nmol/L,Low,66–181,nmol/L,Normal,1.0–4.0,Index,High
892,66,Male,0.32,1.7,152.0,135.0,0.4–4.0,mIU/L,Low,1.2–3.1,nmol/L,Normal,66–181,nmol/L,Normal,1.0–4.0,Index,High
893,39,Female,2.1,2.0,89.0,79.0,0.4–4.0,mIU/L,Normal,1.2–3.1,nmol/L,Normal,66–181,nmol/L,Normal,1.0–4.0,Index,High
894,36,Female,25.0,0.3,10.0,8.4,0.4–4.0,mIU/L,High,1.2–3.1,nmol/L,Low,66–181,nmol/L,Low,1.0–4.0,Index,High
895,76,Male,0.65,1.5,111.0,116.0,0.4–4.0,mIU/L,Normal,1.2–3.1,nmol/L,Normal,66–181,nmol/L,Normal,1.0–4.0,Index,High
896,78,Female,6.3,1.3,120.0,109.0,0.4–4.0,mIU/L,High,1.2–3.1,nmol/L,Normal,66–181,nmol/L,Normal,1.0–4.0,Index,High
897,37,Female,27.0,0.9,87.0,105.0,0.4–4.0,mIU/L,High,1.2–3.1,nmol/L,Low,66–181,nmol/L,Normal,1.0–4.0,Index,High
898,54,Female,0.07,3.1,156.0,193.0,0.4–4.0,mIU/L,Low,1.2–3.1,nmol/L,Normal,66–181,nmol/L,Normal,1.0–4.0,Index,High
899,55,Male,0.6,1.1,95.0,98.0,0.4–4.0,mIU/L,Normal,1.2–3.1,nmol/L,Low,66–181,nmol/L,Normal,1.0–4.0,Index,High
900,22,Female,0.5,1.7,83.0,97.0,0.4–4.0,mIU/L,Normal,1.2–3.1,nmol/L,Normal,66–181,nmol/L,Normal,1.0–4.0,Index,High
901,56,Male,3.1,0.9,57.0,93.0,0.4–4.0,mIU/L,Normal,1.2–3.1,nmol/L,Low,66–181,nmol/L,Low,1.0–4.0,Index,High
902,72,Female,0.54,1.7,90.0,109.0,0.4–4.0,mIU/L,Normal,1.2–3.1,nmol/L,Normal,66–181,nmol/L,Normal,1.0–4.0,Index,High
903,79,Female,1.4,1.6,110.0,129.0,0.4–4.0,mIU/L,Normal,1.2–3.1,nmol/L,Normal,66–181,nmol/L,Normal,1.0–4.0,Index,High
904,66,Female,0.08,1.0,141.0,188.0,0.4–4.0,mIU/L,Low,1.2–3.1,nmol/L,Low,66–181,nmol/L,Normal,1.0–4.0,Index,High
905,60,Female,1.5,1.9,72.0,68.0,0.4–4.0,mIU/L,Normal,1.2–3.1,nmol/L,Normal,66–181,nmol/L,Normal,1.0–4.0,Index,High
906,75,Female,1.9,1.4,107.0,116.0,0.4–4.0,mIU/L,Normal,1.2–3.1,nmol/L,Normal,66–181,nmol/L,Normal,1.0–4.0,Index,High
907,35,Female,13.0,3.0,141.0,111.0,0.4–4.0,mIU/L,High,1.2–3.1,nmol/L,Normal,66–181,nmol/L,Normal,1.0–4.0,Index,High
908,47,Male,2.6,1.7,66.0,88.0,0.4–4.0,mIU/L,Normal,1.2–3.1,nmol/L,Normal,66–181,nmol/L,Normal,1.0–4.0,Index,High
909,46,Female,0.5,0.9,113.0,142.0,0.4–4.0,mIU/L,Normal,1.2–3.1,nmol/L,Low,66–181,nmol/L,Normal,1.0–4.0,Index,High
910,78,Female,0.9,2.1,102.0,101.0,0.4–4.0,mIU/L,Normal,1.2–3.1,nmol/L,Normal,66–181,nmol/L,Normal,1.0–4.0,Index,High
911,73,Female,1.8,1.6,110.0,112.0,0.4–4.0,mIU/L,Normal,1.2–3.1,nmol/L,Normal,66–181,nmol/L,Normal,1.0–4.0,Index,High
912,73,Male,2.3,1.9,102.0,102.0,0.4–4.0,mIU/L,Normal,1.2–3.1,nmol/L,Normal,66–181,nmol/L,Normal,1.0–4.0,Index,High
913,50,Female,0.68,2.4,118.0,117.0,0.4–4.0,mIU/L,Normal,1.2–3.1,nmol/L,Normal,66–181,nmol/L,Normal,1.0–4.0,Index,High
914,43,Male,2.2,2.3,87.0,94.0,0.4–4.0,mIU/L,Normal,1.2–3.1,nmol/L,Normal,66–181,nmol/L,Normal,1.0–4.0,Index,High
915,21,Female,0.5,1.8,104.0,108.0,0.4–4.0,mIU/L,Normal,1.2–3.1,nmol/L,Normal,66–181,nmol/L,Normal,1.0–4.0,Index,High
916,62,Female,5.1,1.7,81.0,84.0,0.4–4.0,mIU/L,High,1.2–3.1,nmol/L,Normal,66–181,nmol/L,Normal,1.0–4.0,Index,High
917,81,Male,1.4,2.0,97.0,81.0,0.4–4.0,mIU/L,Normal,1.2–3.1,nmol/L,Normal,66–181,nmol/L,Normal,1.0–4.0,Index,High
918,46,Female,9.7,0.5,37.0,51.0,0.4–4.0,mIU/L,High,1.2–3.1,nmol/L,Low,66–181,nmol/L,Low,1.0–4.0,Index,High
919,79,Male,1.1,0.7,116.0,137.0,0.4–4.0,mIU/L,Normal,1.2–3.1,nmol/L,Low,66–181,nmol/L,Normal,1.0–4.0,Index,High
920,38,Female,1.5,2.1,109.0,107.0,0.4–4.0,mIU/L,Normal,1.2–3.1,nmol/L,Normal,66–181,nmol/L,Normal,1.0–4.0,Index,High
921,30,Female,0.6,3.2,123.0,96.0,0.4–4.0,mIU/L,Normal,1.2–3.1,nmol/L,High,66–181,nmol/L,Normal,1.0–4.0,Index,High
922,42,Male,3.1,2.1,134.0,135.0,0.4–4.0,mIU/L,Normal,1.2–3.1,nmol/L,Normal,66–181,nmol/L,Normal,1.0–4.0,Index,High
923,66,Male,1.3,1.7,86.0,94.0,0.4–4.0,mIU/L,Normal,1.2–3.1,nmol/L,Normal,66–181,nmol/L,Normal,1.0–4.0,Index,High
924,38,Female,0.4,1.8,88.0,117.0,0.4–4.0,mIU/L,Normal,1.2–3.1,nmol/L,Normal,66–181,nmol/L,Normal,1.0–4.0,Index,High
925,41,Male,0.12,1.4,184.0,297.0,0.4–4.0,mIU/L,Low,1.2–3.1,nmol/L,Normal,66–181,nmol/L,High,1.0–4.0,Index,High
926,71,Female,0.8,1.7,122.0,123.0,0.4–4.0,mIU/L,Normal,1.2–3.1,nmol/L,Normal,66–181,nmol/L,Normal,1.0–4.0,Index,High
927,34,Female,0.035,2.5,119.0,76.0,0.4–4.0,mIU/L,Low,1.2–3.1,nmol/L,Normal,66–181,nmol/L,Normal,1.0–4.0,Index,High
928,49,Female,1.9,1.8,81.0,88.0,0.4–4.0,mIU/L,Normal,1.2–3.1,nmol/L,Normal,66–181,nmol/L,Normal,1.0–4.0,Index,High
929,68,Male,1.0,1.6,78.0,95.0,0.4–4.0,mIU/L,Normal,1.2–3.1,nmol/L,Normal,66–181,nmol/L,Normal,1.0–4.0,Index,High
930,79,Female,1.7,0.3,92.0,206.0,0.4–4.0,mIU/L,Normal,1.2–3.1,nmol/L,Low,66–181,nmol/L,Normal,1.0–4.0,Index,High
931,27,Female,3.6,1.7,115.0,105.0,0.4–4.0,mIU/L,Normal,1.2–3.1,nmol/L,Normal,66–181,nmol/L,Normal,1.0–4.0,Index,High
932,83,Male,2.8,1.1,66.0,93.0,0.4–4.0,mIU/L,Normal,1.2–3.1,nmol/L,Low,66–181,nmol/L,Normal,1.0–4.0,Index,High
933,77,Female,0.02,2.7,155.0,159.0,0.4–4.0,mIU/L,Low,1.2–3.1,nmol/L,Normal,66–181,nmol/L,Normal,1.0–4.0,Index,High
934,39,Female,3.1,1.0,92.0,105.0,0.4–4.0,mIU/L,Normal,1.2–3.1,nmol/L,Low,66–181,nmol/L,Normal,1.0–4.0,Index,High
935,71,Female,1.7,2.3,154.0,135.0,0.4–4.0,mIU/L,Normal,1.2–3.1,nmol/L,Normal,66–181,nmol/L,Normal,1.0–4.0,Index,High
936,67,Female,2.6,0.2,99.0,138.0,0.4–4.0,mIU/L,Normal,1.2–3.1,nmol/L,Low,66–181,nmol/L,Normal,1.0–4.0,Index,High
937,73,Female,0.05,2.3,210.0,172.0,0.4–4.0,mIU/L,Low,1.2–3.1,nmol/L,Normal,66–181,nmol/L,High,1.0–4.0,Index,High
938,48,Female,6.6,1.5,111.0,129.0,0.4–4.0,mIU/L,High,1.2–3.1,nmol/L,Normal,66–181,nmol/L,Normal,1.0–4.0,Index,High
939,85,Female,2.4,1.4,86.0,88.0,0.4–4.0,mIU/L,Normal,1.2–3.1,nmol/L,Normal,66–181,nmol/L,Normal,1.0–4.0,Index,High
940,58,Male,3.1,2.9,96.0,93.0,0.4–4.0,mIU/L,Normal,1.2–3.1,nmol/L,Normal,66–181,nmol/L,Normal,1.0–4.0,Index,High
941,65,Female,0.68,1.4,101.0,103.0,0.4–4.0,mIU/L,Normal,1.2–3.1,nmol/L,Normal,66–181,nmol/L,Normal,1.0–4.0,Index,High
942,66,Male,1.7,0.7,69.0,74.0,0.4–4.0,mIU/L,Normal,1.2–3.1,nmol/L,Low,66–181,nmol/L,Normal,1.0–4.0,Index,High
943,37,Male,0.3,2.1,110.0,120.0,0.4–4.0,mIU/L,Low,1.2–3.1,nmol/L,Normal,66–181,nmol/L,Normal,1.0–4.0,Index,High
944,34,Female,5.8,1.1,47.0,48.0,0.4–4.0,mIU/L,High,1.2–3.1,nmol/L,Low,66–181,nmol/L,Low,1.0–4.0,Index,High
945,38,Female,0.61,1.7,107.0,132.0,0.4–4.0,mIU/L,Normal,1.2–3.1,nmol/L,Normal,66–181,nmol/L,Normal,1.0–4.0,Index,High
946,40,Female,1.2,2.3,104.0,96.0,0.4–4.0,mIU/L,Normal,1.2–3.1,nmol/L,Normal,66–181,nmol/L,Normal,1.0–4.0,Index,High
947,40,Female,5.9,2.1,88.0,105.0,0.4–4.0,mIU/L,High,1.2–3.1,nmol/L,Normal,66–181,nmol/L,Normal,1.0–4.0,Index,High
948,77,Female,0.05,2.4,107.0,95.0,0.4–4.0,mIU/L,Low,1.2–3.1,nmol/L,Normal,66–181,nmol/L,Normal,1.0–4.0,Index,High
949,51,Female,0.05,2.1,93.0,106.0,0.4–4.0,mIU/L,Low,1.2–3.1,nmol/L,Normal,66–181,nmol/L,Normal,1.0–4.0,Index,High
950,42,Male,3.0,2.0,91.0,100.0,0.4–4.0,mIU/L,Normal,1.2–3.1,nmol/L,Normal,66–181,nmol/L,Normal,1.0–4.0,Index,High
951,41,Male,0.05,1.6,39.0,39.0,0.4–4.0,mIU/L,Low,1.2–3.1,nmol/L,Normal,66–181,nmol/L,Low,1.0–4.0,Index,High
952,67,Male,0.05,2.0,88.0,93.0,0.4–4.0,mIU/L,Low,1.2–3.1,nmol/L,Normal,66–181,nmol/L,Normal,1.0–4.0,Index,High
953,51,Female,1.2,2.1,104.0,66.0,0.4–4.0,mIU/L,Normal,1.2–3.1,nmol/L,Normal,66–181,nmol/L,Normal,1.0–4.0,Index,High
954,55,Female,9.599999,2.4,136.0,92.0,0.4–4.0,mIU/L,High,1.2–3.1,nmol/L,Normal,66–181,nmol/L,Normal,1.0–4.0,Index,High
955,32,Female,0.05,2.0,163.0,173.0,0.4–4.0,mIU/L,Low,1.2–3.1,nmol/L,Normal,66–181,nmol/L,Normal,1.0–4.0,Index,High
956,44,Female,0.6,1.8,134.0,113.0,0.4–4.0,mIU/L,Normal,1.2–3.1,nmol/L,Normal,66–181,nmol/L,Normal,1.0–4.0,Index,High
957,51,Female,1.5,1.2,60.0,67.0,0.4–4.0,mIU/L,Normal,1.2–3.1,nmol/L,Normal,66–181,nmol/L,Low,1.0–4.0,Index,High
958,29,Male,1.7,2.4,102.0,101.0,0.4–4.0,mIU/L,Normal,1.2–3.1,nmol/L,Normal,66–181,nmol/L,Normal,1.0–4.0,Index,High
959,41,Female,0.05,1.5,97.0,92.0,0.4–4.0,mIU/L,Low,1.2–3.1,nmol/L,Normal,66–181,nmol/L,Normal,1.0–4.0,Index,High
960,82,Male,0.4,1.3,115.0,126.0,0.4–4.0,mIU/L,Normal,1.2–3.1,nmol/L,Normal,66–181,nmol/L,Normal,1.0–4.0,Index,High
961,70,Female,0.05,2.6,132.0,123.0,0.4–4.0,mIU/L,Low,1.2–3.1,nmol/L,Normal,66–181,nmol/L,Normal,1.0–4.0,Index,High
962,59,Female,6.8,2.5,94.0,68.0,0.4–4.0,mIU/L,High,1.2–3.1,nmol/L,Normal,66–181,nmol/L,Normal,1.0–4.0,Index,High
963,59,Male,2.1,1.8,104.0,121.0,0.4–4.0,mIU/L,Normal,1.2–3.1,nmol/L,Normal,66–181,nmol/L,Normal,1.0–4.0,Index,High
964,49,Female,1.2,2.2,80.0,105.0,0.4–4.0,mIU/L,Normal,1.2–3.1,nmol/L,Normal,66–181,nmol/L,Normal,1.0–4.0,Index,High
965,44,Female,1.1,1.5,105.0,117.0,0.4–4.0,mIU/L,Normal,1.2–3.1,nmol/L,Normal,66–181,nmol/L,Normal,1.0–4.0,Index,High
966,56,Female,0.05,2.5,152.0,131.0,0.4–4.0,mIU/L,Low,1.2–3.1,nmol/L,Normal,66–181,nmol/L,Normal,1.0–4.0,Index,High
967,54,Female,0.05,1.8,79.0,116.0,0.4–4.0,mIU/L,Low,1.2–3.1,nmol/L,Normal,66–181,nmol/L,Normal,1.0–4.0,Index,High
968,54,Male,0.8,2.4,109.0,97.0,0.4–4.0,mIU/L,Normal,1.2–3.1,nmol/L,Normal,66–181,nmol/L,Normal,1.0–4.0,Index,High
969,54,Female,0.05,1.6,114.0,124.0,0.4–4.0,mIU/L,Low,1.2–3.1,nmol/L,Normal,66–181,nmol/L,Normal,1.0–4.0,Index,High
970,61,Male,9.799999,1.2,114.0,136.0,0.4–4.0,mIU/L,High,1.2–3.1,nmol/L,Normal,66–181,nmol/L,Normal,1.0–4.0,Index,High
971,48,Male,3.7,2.8,106.0,106.0,0.4–4.0,mIU/L,Normal,1.2–3.1,nmol/L,Normal,66–181,nmol/L,Normal,1.0–4.0,Index,High
972,64,Female,0.4,2.0,104.0,100.0,0.4–4.0,mIU/L,Normal,1.2–3.1,nmol/L,Normal,66–181,nmol/L,Normal,1.0–4.0,Index,High
973,60,Female,0.35,1.8,109.0,131.0,0.4–4.0,mIU/L,Low,1.2–3.1,nmol/L,Normal,66–181,nmol/L,Normal,1.0–4.0,Index,High
974,27,Female,90.0,0.4,7.5,7.5,0.4–4.0,mIU/L,High,1.2–3.1,nmol/L,Low,66–181,nmol/L,Low,1.0–4.0,Index,High
975,27,Female,1.3,2.2,104.0,107.0,0.4–4.0,mIU/L,Normal,1.2–3.1,nmol/L,Normal,66–181,nmol/L,Normal,1.0–4.0,Index,High
976,51,Female,1.2,1.7,68.0,73.0,0.4–4.0,mIU/L,Normal,1.2–3.1,nmol/L,Normal,66–181,nmol/L,Normal,1.0–4.0,Index,High
977,76,Male,0.5,1.6,97.0,110.0,0.4–4.0,mIU/L,Normal,1.2–3.1,nmol/L,Normal,66–181,nmol/L,Normal,1.0–4.0,Index,High
978,68,Male,2.7,1.3,64.0,97.0,0.4–4.0,mIU/L,Normal,1.2–3.1,nmol/L,Normal,66–181,nmol/L,Low,1.0–4.0,Index,High
979,66,Male,1.6,2.1,92.0,88.0,0.4–4.0,mIU/L,Normal,1.2–3.1,nmol/L,Normal,66–181,nmol/L,Normal,1.0–4.0,Index,High
980,66,Female,2.9,1.6,115.0,128.0,0.4–4.0,mIU/L,Normal,1.2–3.1,nmol/L,Normal,66–181,nmol/L,Normal,1.0–4.0,Index,High
981,30,Male,1.7,1.9,120.0,122.0,0.4–4.0,mIU/L,Normal,1.2–3.1,nmol/L,Normal,66–181,nmol/L,Normal,1.0–4.0,Index,High
982,30,Female,0.25,1.8,95.0,102.0,0.4–4.0,mIU/L,Low,1.2–3.1,nmol/L,Normal,66–181,nmol/L,Normal,1.0–4.0,Index,High
983,38,Female,0.2,2.4,184.0,163.0,0.4–4.0,mIU/L,Low,1.2–3.1,nmol/L,Normal,66–181,nmol/L,High,1.0–4.0,Index,High
984,58,Female,5.8,1.7,86.0,95.0,0.4–4.0,mIU/L,High,1.2–3.1,nmol/L,Normal,66–181,nmol/L,Normal,1.0–4.0,Index,High
985,49,Female,0.6,0.8,57.0,81.0,0.4–4.0,mIU/L,Normal,1.2–3.1,nmol/L,Low,66–181,nmol/L,Low,1.0–4.0,Index,High
986,70,Female,1.6,1.0,82.0,109.0,0.4–4.0,mIU/L,Normal,1.2–3.1,nmol/L,Low,66–181,nmol/L,Normal,1.0–4.0,Index,High
987,45,Male,0.8,1.7,122.0,114.0,0.4–4.0,mIU/L,Normal,1.2–3.1,nmol/L,Normal,66–181,nmol/L,Normal,1.0–4.0,Index,High
988,83,Female,0.8,1.1,97.0,121.0,0.4–4.0,mIU/L,Normal,1.2–3.1,nmol/L,Low,66–181,nmol/L,Normal,1.0–4.0,Index,High
989,28,Female,0.2,3.7,170.0,93.0,0.4–4.0,mIU/L,Low,1.2–3.1,nmol/L,High,66–181,nmol/L,Normal,1.0–4.0,Index,High
990,44,Male,1.3,1.3,71.0,81.0,0.4–4.0,mIU/L,Normal,1.2–3.1,nmol/L,Normal,66–181,nmol/L,Normal,1.0–4.0,Index,High
991,51,Male,1.7,2.6,126.0,122.0,0.4–4.0,mIU/L,Normal,1.2–3.1,nmol/L,Normal,66–181,nmol/L,Normal,1.0–4.0,Index,High
992,77,Female,2.0,1.4,128.0,113.0,0.4–4.0,mIU/L,Normal,1.2–3.1,nmol/L,Normal,66–181,nmol/L,Normal,1.0–4.0,Index,High
993,60,Female,0.2,1.2,51.0,84.0,0.4–4.0,mIU/L,Low,1.2–3.1,nmol/L,Normal,66–181,nmol/L,Low,1.0–4.0,Index,High
994,86,Male,0.1,1.4,94.0,93.0,0.4–4.0,mIU/L,Low,1.2–3.1,nmol/L,Normal,66–181,nmol/L,Normal,1.0–4.0,Index,High
995,83,Female,0.9,4.4,144.0,100.0,0.4–4.0,mIU/L,Normal,1.2–3.1,nmol/L,High,66–181,nmol/L,Normal,1.0–4.0,Index,High
996,83,Male,0.7,2.1,131.0,111.0,0.4–4.0,mIU/L,Normal,1.2–3.1,nmol/L,Normal,66–181,nmol/L,Normal,1.0–4.0,Index,High
997,75,Female,0.2,1.8,73.0,85.0,0.4–4.0,mIU/L,Low,1.2–3.1,nmol/L,Normal,66–181,nmol/L,Normal,1.0–4.0,Index,High
998,72,Male,0.1,1.3,95.0,161.0,0.4–4.0,mIU/L,Low,1.2–3.1,nmol/L,Normal,66–181,nmol/L,Normal,1.0–4.0,Index,High
999,72,Female,0.1,1.4,63.0,78.0,0.4–4.0,mIU/L,Low,1.2–3.1,nmol/L,Normal,66–181,nmol/L,Low,1.0–4.0,Index,High
1000,55,Male,1.0,2.0,63.0,98.0,0.4–4.0,mIU/L,Normal,1.2–3.1,nmol/L,Normal,66–181,nmol/L,Low,1.0–4.0,Index,High
1001,14,Female,0.3,1.9,88.0,106.0,0.4–4.0,mIU/L,Low,1.2–3.1,nmol/L,Normal,66–181,nmol/L,Normal,1.0–4.0,Index,High
1002,40,Female,0.1,3.0,112.0,135.0,0.4–4.0,mIU/L,Low,1.2–3.1,nmol/L,Normal,66–181,nmol/L,Normal,1.0–4.0,Index,High
1003,28,Female,0.8,1.9,85.0,80.0,0.4–4.0,mIU/L,Normal,1.2–3.1,nmol/L,Normal,66–181,nmol/L,Normal,1.0–4.0,Index,High
1004,40,Female,0.5,1.9,125.0,128.0,0.4–4.0,mIU/L,Normal,1.2–3.1,nmol/L,Normal,66–181,nmol/L,Normal,1.0–4.0,Index,High
1005,15,Female,1.2,2.6,95.0,116.0,0.4–4.0,mIU/L,Normal,1.2–3.1,nmol/L,Normal,66–181,nmol/L,Normal,1.0–4.0,Index,High
1006,68,Female,0.1,1.8,196.0,213.0,0.4–4.0,mIU/L,Low,1.2–3.1,nmol/L,Normal,66–181,nmol/L,High,1.0–4.0,Index,High
1007,63,Female,0.1,2.3,153.0,149.0,0.4–4.0,mIU/L,Low,1.2–3.1,nmol/L,Normal,66–181,nmol/L,Normal,1.0–4.0,Index,High
1008,63,Female,1.2,1.4,90.0,110.0,0.4–4.0,mIU/L,Normal,1.2–3.1,nmol/L,Normal,66–181,nmol/L,Normal,1.0–4.0,Index,High
1009,60,Female,7.4,1.9,125.0,126.0,0.4–4.0,mIU/L,High,1.2–3.1,nmol/L,Normal,66–181,nmol/L,Normal,1.0–4.0,Index,High
1010,41,Female,0.5,1.8,78.0,89.0,0.4–4.0,mIU/L,Normal,1.2–3.1,nmol/L,Normal,66–181,nmol/L,Normal,1.0–4.0,Index,High
1011,63,Female,0.05,2.5,152.0,143.0,0.4–4.0,mIU/L,Low,1.2–3.1,nmol/L,Normal,66–181,nmol/L,Normal,1.0–4.0,Index,High
1012,77,Female,0.2,1.5,110.0,105.0,0.4–4.0,mIU/L,Low,1.2–3.1,nmol/L,Normal,66–181,nmol/L,Normal,1.0–4.0,Index,High
1013,61,Female,5.0,2.6,140.0,106.0,0.4–4.0,mIU/L,High,1.2–3.1,nmol/L,Normal,66–181,nmol/L,Normal,1.0–4.0,Index,High
1014,80,Female,0.05,1.3,132.0,150.0,0.4–4.0,mIU/L,Low,1.2–3.1,nmol/L,Normal,66–181,nmol/L,Normal,1.0–4.0,Index,High
1015,72,Female,0.9,1.4,98.0,120.0,0.4–4.0,mIU/L,Normal,1.2–3.1,nmol/L,Normal,66–181,nmol/L,Normal,1.0–4.0,Index,High
1016,72,Female,0.3,2.2,81.0,85.0,0.4–4.0,mIU/L,Low,1.2–3.1,nmol/L,Normal,66–181,nmol/L,Normal,1.0–4.0,Index,High
1017,55,Male,0.2,1.5,74.0,110.0,0.4–4.0,mIU/L,Low,1.2–3.1,nmol/L,Normal,66–181,nmol/L,Normal,1.0–4.0,Index,High
1018,29,Male,0.5,2.3,105.0,122.0,0.4–4.0,mIU/L,Normal,1.2–3.1,nmol/L,Normal,66–181,nmol/L,Normal,1.0–4.0,Index,High
1019,40,Female,70.0,0.4,3.9,5.0,0.4–4.0,mIU/L,High,1.2–3.1,nmol/L,Low,66–181,nmol/L,Low,1.0–4.0,Index,High
1020,18,Male,6.5,2.3,117.0,122.0,0.4–4.0,mIU/L,High,1.2–3.1,nmol/L,Normal,66–181,nmol/L,Normal,1.0–4.0,Index,High
1021,18,,11.599999,2.0,87.0,272.0,0.4–4.0,mIU/L,High,1.2–3.1,nmol/L,Normal,66–181,nmol/L,Normal,1.0–4.0,Index,High
1022,18,,4.2,0.9,84.0,263.0,0.4–4.0,mIU/L,High,1.2–3.1,nmol/L,Low,66–181,nmol/L,Normal,1.0–4.0,Index,High
1023,30,Female,0.7,1.3,91.0,111.0,0.4–4.0,mIU/L,Normal,1.2–3.1,nmol/L,Normal,66–181,nmol/L,Normal,1.0–4.0,Index,High
1024,63,Female,0.3,1.3,130.0,124.0,0.4–4.0,mIU/L,Low,1.2–3.1,nmol/L,Normal,66–181,nmol/L,Normal,1.0–4.0,Index,High
1025,13,Male,4.2,3.0,134.0,121.0,0.4–4.0,mIU/L,High,1.2–3.1,nmol/L,Normal,66–181,nmol/L,Normal,1.0–4.0,Index,High
1026,76,Female,0.25,1.7,138.0,166.0,0.4–4.0,mIU/L,Low,1.2–3.1,nmol/L,Normal,66–181,nmol/L,Normal,1.0–4.0,Index,High
1027,27,Female,88.0,0.9,79.0,86.0,0.4–4.0,mIU/L,High,1.2–3.1,nmol/L,Low,66–181,nmol/L,Normal,1.0–4.0,Index,High
1028,62,Male,0.9,2.3,90.0,107.0,0.4–4.0,mIU/L,Normal,1.2–3.1,nmol/L,Normal,66–181,nmol/L,Normal,1.0–4.0,Index,High
1029,60,Male,0.25,2.2,121.0,119.0,0.4–4.0,mIU/L,Low,1.2–3.1,nmol/L,Normal,66–181,nmol/L,Normal,1.0–4.0,Index,High
1030,49,Female,2.2,0.8,27.0,52.0,0.4–4.0,mIU/L,Normal,1.2–3.1,nmol/L,Low,66–181,nmol/L,Low,1.0–4.0,Index,High
1031,63,Male,1.2,2.2,119.0,124.0,0.4–4.0,mIU/L,Normal,1.2–3.1,nmol/L,Normal,66–181,nmol/L,Normal,1.0–4.0,Index,High
1032,58,Female,0.25,2.1,89.0,119.0,0.4–4.0,mIU/L,Low,1.2–3.1,nmol/L,Normal,66–181,nmol/L,Normal,1.0–4.0,Index,High
1033,58,Male,0.6,2.0,110.0,116.0,0.4–4.0,mIU/L,Normal,1.2–3.1,nmol/L,Normal,66–181,nmol/L,Normal,1.0–4.0,Index,High
1034,35,Female,0.25,2.3,112.0,93.0,0.4–4.0,mIU/L,Low,1.2–3.1,nmol/L,Normal,66–181,nmol/L,Normal,1.0–4.0,Index,High
1035,71,Female,0.25,1.7,119.0,131.0,0.4–4.0,mIU/L,Low,1.2–3.1,nmol/L,Normal,66–181,nmol/L,Normal,1.0–4.0,Index,High
1036,81,Male,0.25,2.0,83.0,100.0,0.4–4.0,mIU/L,Low,1.2–3.1,nmol/L,Normal,66–181,nmol/L,Normal,1.0–4.0,Index,High
1037,92,Female,0.8,1.7,134.0,121.0,0.4–4.0,mIU/L,Normal,1.2–3.1,nmol/L,Normal,66–181,nmol/L,Normal,1.0–4.0,Index,High
1038,92,Male,1.6,2.2,68.0,89.0,0.4–4.0,mIU/L,Normal,1.2–3.1,nmol/L,Normal,66–181,nmol/L,Normal,1.0–4.0,Index,High
1039,57,Male,0.25,4.2,236.0,337.0,0.4–4.0,mIU/L,Low,1.2–3.1,nmol/L,High,66–181,nmol/L,High,1.0–4.0,Index,High
1040,57,Female,1.7,2.3,91.0,94.0,0.4–4.0,mIU/L,Normal,1.2–3.1,nmol/L,Normal,66–181,nmol/L,Normal,1.0–4.0,Index,High
1041,57,Female,0.1,1.4,97.0,98.0,0.4–4.0,mIU/L,Low,1.2–3.1,nmol/L,Normal,66–181,nmol/L,Normal,1.0–4.0,Index,High
1042,74,Male,0.1,1.9,88.0,109.0,0.4–4.0,mIU/L,Low,1.2–3.1,nmol/L,Normal,66–181,nmol/L,Normal,1.0–4.0,Index,High
1043,74,Male,1.9,2.1,85.0,84.0,0.4–4.0,mIU/L,Normal,1.2–3.1,nmol/L,Normal,66–181,nmol/L,Normal,1.0–4.0,Index,High
1044,74,Male,0.1,1.8,82.0,134.0,0.4–4.0,mIU/L,Low,1.2–3.1,nmol/L,Normal,66–181,nmol/L,Normal,1.0–4.0,Index,High
1045,75,Female,1.1,1.3,88.0,114.0,0.4–4.0,mIU/L,Normal,1.2–3.1,nmol/L,Normal,66–181,nmol/L,Normal,1.0–4.0,Index,High
1046,41,Female,0.1,2.2,113.0,106.0,0.4–4.0,mIU/L,Low,1.2–3.1,nmol/L,Normal,66–181,nmol/L,Normal,1.0–4.0,Index,High
1047,33,Male,53.0,1.0,32.0,41.0,0.4–4.0,mIU/L,High,1.2–3.1,nmol/L,Low,66–181,nmol/L,Low,1.0–4.0,Index,High
1048,33,Female,0.5,2.1,55.0,70.0,0.4–4.0,mIU/L,Normal,1.2–3.1,nmol/L,Normal,66–181,nmol/L,Low,1.0–4.0,Index,High
1049,45,Female,2.0,2.3,111.0,108.0,0.4–4.0,mIU/L,Normal,1.2–3.1,nmol/L,Normal,66–181,nmol/L,Normal,1.0–4.0,Index,High
1050,62,Male,0.3,2.7,84.0,122.0,0.4–4.0,mIU/L,Low,1.2–3.1,nmol/L,Normal,66–181,nmol/L,Normal,1.0–4.0,Index,High
1051,9,Male,0.05,2.6,145.0,148.0,0.4–4.0,mIU/L,Low,1.2–3.1,nmol/L,Normal,66–181,nmol/L,Normal,1.0–4.0,Index,High
1052,28,Female,3.7,2.3,136.0,103.0,0.4–4.0,mIU/L,Normal,1.2–3.1,nmol/L,Normal,66–181,nmol/L,Normal,1.0–4.0,Index,High
1053,28,Male,4.1,2.2,81.0,81.0,0.4–4.0,mIU/L,High,1.2–3.1,nmol/L,Normal,66–181,nmol/L,Normal,1.0–4.0,Index,High
1054,41,Male,0.8,2.1,72.0,81.0,0.4–4.0,mIU/L,Normal,1.2–3.1,nmol/L,Normal,66–181,nmol/L,Normal,1.0–4.0,Index,High
1055,64,Female,0.05,1.4,96.0,93.0,0.4–4.0,mIU/L,Low,1.2–3.1,nmol/L,Normal,66–181,nmol/L,Normal,1.0–4.0,Index,High
1056,25,Female,0.8,2.3,118.0,122.0,0.4–4.0,mIU/L,Normal,1.2–3.1,nmol/L,Normal,66–181,nmol/L,Normal,1.0–4.0,Index,High
1057,60,Male,0.05,2.0,130.0,129.0,0.4–4.0,mIU/L,Low,1.2–3.1,nmol/L,Normal,66–181,nmol/L,Normal,1.0–4.0,Index,High
1058,73,Male,1.7,1.3,44.0,80.0,0.4–4.0,mIU/L,Normal,1.2–3.1,nmol/L,Normal,66–181,nmol/L,Low,1.0–4.0,Index,High
1059,71,Female,1.0,2.1,158.0,136.0,0.4–4.0,mIU/L,Normal,1.2–3.1,nmol/L,Normal,66–181,nmol/L,Normal,1.0–4.0,Index,High
1060,40,Male,0.4,1.8,69.0,68.0,0.4–4.0,mIU/L,Normal,1.2–3.1,nmol/L,Normal,66–181,nmol/L,Normal,1.0–4.0,Index,High
1061,70,Female,0.8,1.8,81.0,95.0,0.4–4.0,mIU/L,Normal,1.2–3.1,nmol/L,Normal,66–181,nmol/L,Normal,1.0–4.0,Index,High
1062,17,Male,1.5,2.4,87.0,91.0,0.4–4.0,mIU/L,Normal,1.2–3.1,nmol/L,Normal,66–181,nmol/L,Normal,1.0–4.0,Index,High
1063,25,Male,0.05,2.1,87.0,102.0,0.4–4.0,mIU/L,Low,1.2–3.1,nmol/L,Normal,66–181,nmol/L,Normal,1.0–4.0,Index,High
1064,72,Male,30.0,0.6,15.0,10.0,0.4–4.0,mIU/L,High,1.2–3.1,nmol/L,Low,66–181,nmol/L,Low,1.0–4.0,Index,High
1065,70,Male,1.2,2.1,96.0,96.0,0.4–4.0,mIU/L,Normal,1.2–3.1,nmol/L,Normal,66–181,nmol/L,Normal,1.0–4.0,Index,High
1066,76,Female,0.05,2.6,149.0,120.0,0.4–4.0,mIU/L,Low,1.2–3.1,nmol/L,Normal,66–181,nmol/L,Normal,1.0–4.0,Index,High
1067,71,Female,0.6,3.1,144.0,80.0,0.4–4.0,mIU/L,Normal,1.2–3.1,nmol/L,Normal,66–181,nmol/L,Normal,1.0–4.0,Index,High
1068,28,Female,1.2,1.5,84.0,90.0,0.4–4.0,mIU/L,Normal,1.2–3.1,nmol/L,Normal,66–181,nmol/L,Normal,1.0–4.0,Index,High
1069,72,Male,11.0,0.3,13.0,13.0,0.4–4.0,mIU/L,High,1.2–3.1,nmol/L,Low,66–181,nmol/L,Low,1.0–4.0,Index,High
1070,11,Male,4.0,0.7,95.0,140.0,0.4–4.0,mIU/L,Normal,1.2–3.1,nmol/L,Low,66–181,nmol/L,Normal,1.0–4.0,Index,High
1071,11,Female,0.1,1.8,61.0,74.0,0.4–4.0,mIU/L,Low,1.2–3.1,nmol/L,Normal,66–181,nmol/L,Low,1.0–4.0,Index,High
1072,50,,0.1,1.0,78.0,100.0,0.4–4.0,mIU/L,Low,1.2–3.1,nmol/L,Low,66–181,nmol/L,Normal,1.0–4.0,Index,High
1073,50,Female,0.1,1.6,105.0,113.0,0.4–4.0,mIU/L,Low,1.2–3.1,nmol/L,Normal,66–181,nmol/L,Normal,1.0–4.0,Index,High
1074,27,Female,6.0,3.8,149.0,86.0,0.4–4.0,mIU/L,High,1.2–3.1,nmol/L,High,66–181,nmol/L,Normal,1.0–4.0,Index,High
1075,74,Female,0.1,1.5,73.0,77.0,0.4–4.0,mIU/L,Low,1.2–3.1,nmol/L,Normal,66–181,nmol/L,Normal,1.0–4.0,Index,High
1076,72,Male,71.0,0.5,4.0,3.0,0.4–4.0,mIU/L,High,1.2–3.1,nmol/L,Low,66–181,nmol/L,Low,1.0–4.0,Index,Normal
1077,72,Female,0.6,1.9,83.0,82.0,0.4–4.0,mIU/L,Normal,1.2–3.1,nmol/L,Normal,66–181,nmol/L,Normal,1.0–4.0,Index,High
1078,32,Female,0.1,3.2,178.0,106.0,0.4–4.0,mIU/L,Low,1.2–3.1,nmol/L,High,66–181,nmol/L,Normal,1.0–4.0,Index,High
1079,27,Male,9.099999,1.7,135.0,145.0,0.4–4.0,mIU/L,High,1.2–3.1,nmol/L,Normal,66–181,nmol/L,Normal,1.0–4.0,Index,High
1080,26,Female,1.2,1.4,79.0,85.0,0.4–4.0,mIU/L,Normal,1.2–3.1,nmol/L,Normal,66–181,nmol/L,Normal,1.0–4.0,Index,High
1081,28,Male,1.9,1.8,78.0,77.0,0.4–4.0,mIU/L,Normal,1.2–3.1,nmol/L,Normal,66–181,nmol/L,Normal,1.0–4.0,Index,High
1082,75,Female,4.9,1.4,71.0,79.0,0.4–4.0,mIU/L,High,1.2–3.1,nmol/L,Normal,66–181,nmol/L,Normal,1.0–4.0,Index,High
1083,28,Female,0.1,2.2,131.0,147.0,0.4–4.0,mIU/L,Low,1.2–3.1,nmol/L,Normal,66–181,nmol/L,Normal,1.0–4.0,Index,High
1084,47,Female,0.1,1.7,96.0,88.0,0.4–4.0,mIU/L,Low,1.2–3.1,nmol/L,Normal,66–181,nmol/L,Normal,1.0–4.0,Index,High
1085,33,Female,0.1,2.6,151.0,106.0,0.4–4.0,mIU/L,Low,1.2–3.1,nmol/L,Normal,66–181,nmol/L,Normal,1.0–4.0,Index,High
1086,35,Female,1.7,1.6,100.0,104.0,0.4–4.0,mIU/L,Normal,1.2–3.1,nmol/L,Normal,66–181,nmol/L,Normal,1.0–4.0,Index,High
1087,35,Female,3.4,1.0,89.0,109.0,0.4–4.0,mIU/L,Normal,1.2–3.1,nmol/L,Low,66–181,nmol/L,Normal,1.0–4.0,Index,High
1088,60,Male,0.9,1.3,113.0,133.0,0.4–4.0,mIU/L,Normal,1.2–3.1,nmol/L,Normal,66–181,nmol/L,Normal,1.0–4.0,Index,High
1089,45,Male,1.3,2.6,56.0,54.0,0.4–4.0,mIU/L,Normal,1.2–3.1,nmol/L,Normal,66–181,nmol/L,Low,1.0–4.0,Index,High
1090,61,Male,0.1,1.9,118.0,123.0,0.4–4.0,mIU/L,Low,1.2–3.1,nmol/L,Normal,66–181,nmol/L,Normal,1.0–4.0,Index,High
1091,63,Male,0.1,1.6,73.0,86.0,0.4–4.0,mIU/L,Low,1.2–3.1,nmol/L,Normal,66–181,nmol/L,Normal,1.0–4.0,Index,High
1092,76,Male,1.83,1.4,117.0,116.0,0.4–4.0,mIU/L,Normal,1.2–3.1,nmol/L,Normal,66–181,nmol/L,Normal,1.0–4.0,Index,High
1093,33,Female,4.6,1.2,59.0,68.0,0.4–4.0,mIU/L,High,1.2–3.1,nmol/L,Normal,66–181,nmol/L,Low,1.0–4.0,Index,High
1094,75,Female,0.1,1.4,104.0,111.0,0.4–4.0,mIU/L,Low,1.2–3.1,nmol/L,Normal,66–181,nmol/L,Normal,1.0–4.0,Index,High
1095,34,Male,1.4,1.9,83.0,120.0,0.4–4.0,mIU/L,Normal,1.2–3.1,nmol/L,Normal,66–181,nmol/L,Normal,1.0–4.0,Index,High
1096,83,Male,0.2,1.7,79.0,99.0,0.4–4.0,mIU/L,Low,1.2–3.1,nmol/L,Normal,66–181,nmol/L,Normal,1.0–4.0,Index,High
1097,25,Male,1.2,2.0,98.0,108.0,0.4–4.0,mIU/L,Normal,1.2–3.1,nmol/L,Normal,66–181,nmol/L,Normal,1.0–4.0,Index,High
1098,70,Female,0.2,1.7,213.0,213.0,0.4–4.0,mIU/L,Low,1.2–3.1,nmol/L,Normal,66–181,nmol/L,High,1.0–4.0,Index,High
1099,8,Male,0.7,2.4,117.0,98.0,0.4–4.0,mIU/L,Normal,1.2–3.1,nmol/L,Normal,66–181,nmol/L,Normal,1.0–4.0,Index,High
1100,73,Male,1.8,0.8,63.0,83.0,0.4–4.0,mIU/L,Normal,1.2–3.1,nmol/L,Low,66–181,nmol/L,Low,1.0–4.0,Index,High
1101,73,Male,0.1,2.6,77.0,90.0,0.4–4.0,mIU/L,Low,1.2–3.1,nmol/L,Normal,66–181,nmol/L,Normal,1.0–4.0,Index,High
1102,41,Female,4.2,1.9,88.0,105.0,0.4–4.0,mIU/L,High,1.2–3.1,nmol/L,Normal,66–181,nmol/L,Normal,1.0–4.0,Index,High
1103,41,,14.0,2.7,222.0,634.0,0.4–4.0,mIU/L,High,1.2–3.1,nmol/L,Normal,66–181,nmol/L,High,1.0–4.0,Index,High
1104,41,,3.5,1.9,195.0,650.0,0.4–4.0,mIU/L,Normal,1.2–3.1,nmol/L,Normal,66–181,nmol/L,High,1.0–4.0,Index,High
1105,43,Male,1.1,1.7,98.0,138.0,0.4–4.0,mIU/L,Normal,1.2–3.1,nmol/L,Normal,66–181,nmol/L,Normal,1.0–4.0,Index,High
1106,79,Female,0.2,2.0,110.0,109.0,0.4–4.0,mIU/L,Low,1.2–3.1,nmol/L,Normal,66–181,nmol/L,Normal,1.0–4.0,Index,High
1107,79,Male,7.4,2.2,84.0,91.0,0.4–4.0,mIU/L,High,1.2–3.1,nmol/L,Normal,66–181,nmol/L,Normal,1.0–4.0,Index,High
1108,77,Female,46.0,0.5,14.0,12.0,0.4–4.0,mIU/L,High,1.2–3.1,nmol/L,Low,66–181,nmol/L,Low,1.0–4.0,Index,High
1109,77,Female,1.7,2.3,91.0,83.0,0.4–4.0,mIU/L,Normal,1.2–3.1,nmol/L,Normal,66–181,nmol/L,Normal,1.0–4.0,Index,High
1110,66,Female,0.2,2.1,139.0,126.0,0.4–4.0,mIU/L,Low,1.2–3.1,nmol/L,Normal,66–181,nmol/L,Normal,1.0–4.0,Index,High
1111,65,Female,170.0,0.3,12.0,11.0,0.4–4.0,mIU/L,High,1.2–3.1,nmol/L,Low,66–181,nmol/L,Low,1.0–4.0,Index,High
1112,53,Male,0.2,2.5,135.0,105.0,0.4–4.0,mIU/L,Low,1.2–3.1,nmol/L,Normal,66–181,nmol/L,Normal,1.0–4.0,Index,High
1113,55,Female,1.8,1.5,99.0,104.0,0.4–4.0,mIU/L,Normal,1.2–3.1,nmol/L,Normal,66–181,nmol/L,Normal,1.0–4.0,Index,High
1114,55,Male,4.2,2.0,67.0,82.0,0.4–4.0,mIU/L,High,1.2–3.1,nmol/L,Normal,66–181,nmol/L,Normal,1.0–4.0,Index,High
1115,55,Female,0.9,1.8,89.0,96.0,0.4–4.0,mIU/L,Normal,1.2–3.1,nmol/L,Normal,66–181,nmol/L,Normal,1.0–4.0,Index,High
1116,55,Male,0.6,2.2,127.0,108.0,0.4–4.0,mIU/L,Normal,1.2–3.1,nmol/L,Normal,66–181,nmol/L,Normal,1.0–4.0,Index,High
1117,56,Female,0.1,2.4,167.0,118.0,0.4–4.0,mIU/L,Low,1.2–3.1,nmol/L,Normal,66–181,nmol/L,Normal,1.0–4.0,Index,High
1118,18,Female,0.1,2.9,148.0,153.0,0.4–4.0,mIU/L,Low,1.2–3.1,nmol/L,Normal,66–181,nmol/L,Normal,1.0–4.0,Index,High
1119,10,Male,1.5,2.2,82.0,106.0,0.4–4.0,mIU/L,Normal,1.2–3.1,nmol/L,Normal,66–181,nmol/L,Normal,1.0–4.0,Index,High
1120,82,Female,0.1,1.4,147.0,131.0,0.4–4.0,mIU/L,Low,1.2–3.1,nmol/L,Normal,66–181,nmol/L,Normal,1.0–4.0,Index,High
1121,67,Female,1.1,2.0,78.0,91.0,0.4–4.0,mIU/L,Normal,1.2–3.1,nmol/L,Normal,66–181,nmol/L,Normal,1.0–4.0,Index,High
1122,68,Female,0.4,1.7,91.0,93.0,0.4–4.0,mIU/L,Normal,1.2–3.1,nmol/L,Normal,66–181,nmol/L,Normal,1.0–4.0,Index,High
1123,78,Female,1.7,1.8,101.0,110.0,0.4–4.0,mIU/L,Normal,1.2–3.1,nmol/L,Normal,66–181,nmol/L,Normal,1.0–4.0,Index,High
1124,60,Male,0.1,2.0,130.0,138.0,0.4–4.0,mIU/L,Low,1.2–3.1,nmol/L,Normal,66–181,nmol/L,Normal,1.0–4.0,Index,High
1125,88,Female,7.9,1.9,47.0,44.0,0.4–4.0,mIU/L,High,1.2–3.1,nmol/L,Normal,66–181,nmol/L,Low,1.0–4.0,Index,High
1126,76,Male,2.2,2.4,113.0,106.0,0.4–4.0,mIU/L,Normal,1.2–3.1,nmol/L,Normal,66–181,nmol/L,Normal,1.0–4.0,Index,High
1127,73,Female,1.3,1.6,81.0,94.0,0.4–4.0,mIU/L,Normal,1.2–3.1,nmol/L,Normal,66–181,nmol/L,Normal,1.0–4.0,Index,High
1128,73,Male,0.1,2.1,90.0,97.0,0.4–4.0,mIU/L,Low,1.2–3.1,nmol/L,Normal,66–181,nmol/L,Normal,1.0–4.0,Index,High
1129,73,Female,1.5,2.2,105.0,92.0,0.4–4.0,mIU/L,Normal,1.2–3.1,nmol/L,Normal,66–181,nmol/L,Normal,1.0–4.0,Index,High
1130,78,Male,1.1,1.9,49.0,55.0,0.4–4.0,mIU/L,Normal,1.2–3.1,nmol/L,Normal,66–181,nmol/L,Low,1.0–4.0,Index,High
1131,78,Male,0.1,0.7,72.0,118.0,0.4–4.0,mIU/L,Low,1.2–3.1,nmol/L,Low,66–181,nmol/L,Normal,1.0–4.0,Index,High
1132,29,Female,0.9,1.7,73.0,73.0,0.4–4.0,mIU/L,Normal,1.2–3.1,nmol/L,Normal,66–181,nmol/L,Normal,1.0–4.0,Index,High
1133,70,Female,0.1,1.2,75.0,71.0,0.4–4.0,mIU/L,Low,1.2–3.1,nmol/L,Normal,66–181,nmol/L,Normal,1.0–4.0,Index,High
1134,62,Female,0.3,6.6,169.0,197.0,0.4–4.0,mIU/L,Low,1.2–3.1,nmol/L,High,66–181,nmol/L,Normal,1.0–4.0,Index,High
1135,24,Male,0.3,1.5,101.0,117.0,0.4–4.0,mIU/L,Low,1.2–3.1,nmol/L,Normal,66–181,nmol/L,Normal,1.0–4.0,Index,High
1136,69,Female,2.6,1.8,126.0,124.0,0.4–4.0,mIU/L,Normal,1.2–3.1,nmol/L,Normal,66–181,nmol/L,Normal,1.0–4.0,Index,High
1137,65,Female,35.0,1.2,24.0,24.0,0.4–4.0,mIU/L,High,1.2–3.1,nmol/L,Normal,66–181,nmol/L,Low,1.0–4.0,Index,High
1138,65,Female,3.8,1.0,88.0,113.0,0.4–4.0,mIU/L,Normal,1.2–3.1,nmol/L,Low,66–181,nmol/L,Normal,1.0–4.0,Index,High
1139,65,Female,0.8,1.8,70.0,95.0,0.4–4.0,mIU/L,Normal,1.2–3.1,nmol/L,Normal,66–181,nmol/L,Normal,1.0–4.0,Index,High
1140,84,Female,1.1,2.8,105.0,104.0,0.4–4.0,mIU/L,Normal,1.2–3.1,nmol/L,Normal,66–181,nmol/L,Normal,1.0–4.0,Index,High
1141,30,Female,0.3,2.1,90.0,94.0,0.4–4.0,mIU/L,Low,1.2–3.1,nmol/L,Normal,66–181,nmol/L,Normal,1.0–4.0,Index,High
1142,34,Male,0.3,4.7,242.0,237.0,0.4–4.0,mIU/L,Low,1.2–3.1,nmol/L,High,66–181,nmol/L,High,1.0–4.0,Index,High
1143,86,Female,0.3,1.7,162.0,203.0,0.4–4.0,mIU/L,Low,1.2–3.1,nmol/L,Normal,66–181,nmol/L,Normal,1.0–4.0,Index,High
1144,66,Female,0.8,1.7,103.0,108.0,0.4–4.0,mIU/L,Normal,1.2–3.1,nmol/L,Normal,66–181,nmol/L,Normal,1.0–4.0,Index,High
1145,24,Female,0.3,2.6,151.0,99.0,0.4–4.0,mIU/L,Low,1.2–3.1,nmol/L,Normal,66–181,nmol/L,Normal,1.0–4.0,Index,High
1146,49,Female,5.9,2.2,112.0,112.0,0.4–4.0,mIU/L,High,1.2–3.1,nmol/L,Normal,66–181,nmol/L,Normal,1.0–4.0,Index,High
1147,31,Female,1.8,3.7,109.0,67.0,0.4–4.0,mIU/L,Normal,1.2–3.1,nmol/L,High,66–181,nmol/L,Normal,1.0–4.0,Index,High
1148,47,Female,1.4,2.1,82.0,80.0,0.4–4.0,mIU/L,Normal,1.2–3.1,nmol/L,Normal,66–181,nmol/L,Normal,1.0–4.0,Index,High
1149,68,Female,4.0,2.2,108.0,105.0,0.4–4.0,mIU/L,Normal,1.2–3.1,nmol/L,Normal,66–181,nmol/L,Normal,1.0–4.0,Index,High
1150,69,Male,2.3,2.4,94.0,91.0,0.4–4.0,mIU/L,Normal,1.2–3.1,nmol/L,Normal,66–181,nmol/L,Normal,1.0–4.0,Index,High
1151,70,Female,0.2,1.4,143.0,134.0,0.4–4.0,mIU/L,Low,1.2–3.1,nmol/L,Normal,66–181,nmol/L,Normal,1.0–4.0,Index,High
1152,70,Female,1.0,2.0,98.0,95.0,0.4–4.0,mIU/L,Normal,1.2–3.1,nmol/L,Normal,66–181,nmol/L,Normal,1.0–4.0,Index,High
1153,69,Female,0.8,0.9,90.0,148.0,0.4–4.0,mIU/L,Normal,1.2–3.1,nmol/L,Low,66–181,nmol/L,Normal,1.0–4.0,Index,High
1154,79,Female,0.7,1.6,117.0,143.0,0.4–4.0,mIU/L,Normal,1.2–3.1,nmol/L,Normal,66–181,nmol/L,Normal,1.0–4.0,Index,High
1155,51,Male,0.2,2.3,93.0,141.0,0.4–4.0,mIU/L,Low,1.2–3.1,nmol/L,Normal,66–181,nmol/L,Normal,1.0–4.0,Index,High
1156,70,Female,3.0,1.8,95.0,95.0,0.4–4.0,mIU/L,Normal,1.2–3.1,nmol/L,Normal,66–181,nmol/L,Normal,1.0–4.0,Index,High
1157,68,Female,0.2,2.0,112.0,107.0,0.4–4.0,mIU/L,Low,1.2–3.1,nmol/L,Normal,66–181,nmol/L,Normal,1.0–4.0,Index,High
1158,18,Female,4.6,2.5,104.0,87.0,0.4–4.0,mIU/L,High,1.2–3.1,nmol/L,Normal,66–181,nmol/L,Normal,1.0–4.0,Index,High
1159,76,Male,1.6,1.8,107.0,105.0,0.4–4.0,mIU/L,Normal,1.2–3.1,nmol/L,Normal,66–181,nmol/L,Normal,1.0–4.0,Index,High
1160,57,Female,2.7,2.0,82.0,78.0,0.4–4.0,mIU/L,Normal,1.2–3.1,nmol/L,Normal,66–181,nmol/L,Normal,1.0–4.0,Index,High
1161,64,Female,0.9,2.5,123.0,107.0,0.4–4.0,mIU/L,Normal,1.2–3.1,nmol/L,Normal,66–181,nmol/L,Normal,1.0–4.0,Index,High
1162,51,Female,5.5,4.4,4.0,3.5,0.4–4.0,mIU/L,High,1.2–3.1,nmol/L,High,66–181,nmol/L,Low,1.0–4.0,Index,Normal
1163,65,Male,0.1,2.2,186.0,190.0,0.4–4.0,mIU/L,Low,1.2–3.1,nmol/L,Normal,66–181,nmol/L,High,1.0–4.0,Index,High
1164,20,Female,0.1,1.9,110.0,120.0,0.4–4.0,mIU/L,Low,1.2–3.1,nmol/L,Normal,66–181,nmol/L,Normal,1.0–4.0,Index,High
1165,72,Female,4.2,1.1,74.0,91.0,0.4–4.0,mIU/L,High,1.2–3.1,nmol/L,Low,66–181,nmol/L,Normal,1.0–4.0,Index,High
1166,51,Male,1.3,2.0,75.0,107.0,0.4–4.0,mIU/L,Normal,1.2–3.1,nmol/L,Normal,66–181,nmol/L,Normal,1.0–4.0,Index,High
1167,48,Male,0.1,1.6,111.0,101.0,0.4–4.0,mIU/L,Low,1.2–3.1,nmol/L,Normal,66–181,nmol/L,Normal,1.0–4.0,Index,High
1168,21,Male,0.1,1.9,94.0,107.0,0.4–4.0,mIU/L,Low,1.2–3.1,nmol/L,Normal,66–181,nmol/L,Normal,1.0–4.0,Index,High
1169,53,Female,15.299999,1.5,44.0,45.0,0.4–4.0,mIU/L,High,1.2–3.1,nmol/L,Normal,66–181,nmol/L,Low,1.0–4.0,Index,High
1170,75,Male,0.15,2.1,87.0,98.0,0.4–4.0,mIU/L,Low,1.2–3.1,nmol/L,Normal,66–181,nmol/L,Normal,1.0–4.0,Index,High
1171,23,Male,0.1,2.2,103.0,107.0,0.4–4.0,mIU/L,Low,1.2–3.1,nmol/L,Normal,66–181,nmol/L,Normal,1.0–4.0,Index,High
1172,47,Female,0.1,2.4,109.0,102.0,0.4–4.0,mIU/L,Low,1.2–3.1,nmol/L,Normal,66–181,nmol/L,Normal,1.0–4.0,Index,High
1173,24,Female,0.1,1.7,74.0,111.0,0.4–4.0,mIU/L,Low,1.2–3.1,nmol/L,Normal,66–181,nmol/L,Normal,1.0–4.0,Index,High
1174,55,Female,0.1,1.2,51.0,57.0,0.4–4.0,mIU/L,Low,1.2–3.1,nmol/L,Normal,66–181,nmol/L,Low,1.0–4.0,Index,High
1175,72,Male,10.299999,1.3,35.0,76.0,0.4–4.0,mIU/L,High,1.2–3.1,nmol/L,Normal,66–181,nmol/L,Low,1.0–4.0,Index,High
1176,54,Female,3.0,2.5,144.0,100.0,0.4–4.0,mIU/L,Normal,1.2–3.1,nmol/L,Normal,66–181,nmol/L,Normal,1.0–4.0,Index,High
1177,67,Female,0.1,2.3,134.0,144.0,0.4–4.0,mIU/L,Low,1.2–3.1,nmol/L,Normal,66–181,nmol/L,Normal,1.0–4.0,Index,High
1178,24,Female,430.0,0.4,6.0,6.0,0.4–4.0,mIU/L,High,1.2–3.1,nmol/L,Low,66–181,nmol/L,Low,1.0–4.0,Index,High
1179,72,Female,0.1,8.599999,359.0,485.0,0.4–4.0,mIU/L,Low,1.2–3.1,nmol/L,High,66–181,nmol/L,High,1.0–4.0,Index,High
1180,57,Female,4.1,2.2,115.0,120.0,0.4–4.0,mIU/L,High,1.2–3.1,nmol/L,Normal,66–181,nmol/L,Normal,1.0–4.0,Index,High
1181,57,Female,0.6,2.1,123.0,127.0,0.4–4.0,mIU/L,Normal,1.2–3.1,nmol/L,Normal,66–181,nmol/L,Normal,1.0–4.0,Index,High
1182,71,Male,0.5,0.7,71.0,91.0,0.4–4.0,mIU/L,Normal,1.2–3.1,nmol/L,Low,66–181,nmol/L,Normal,1.0–4.0,Index,High
1183,39,Female,2.3,2.1,94.0,89.0,0.4–4.0,mIU/L,Normal,1.2–3.1,nmol/L,Normal,66–181,nmol/L,Normal,1.0–4.0,Index,High
1184,38,Female,0.7,2.0,105.0,105.0,0.4–4.0,mIU/L,Normal,1.2–3.1,nmol/L,Normal,66–181,nmol/L,Normal,1.0–4.0,Index,High
1185,74,Female,4.3,2.1,77.0,78.0,0.4–4.0,mIU/L,High,1.2–3.1,nmol/L,Normal,66–181,nmol/L,Normal,1.0–4.0,Index,High
1186,71,,1.7,2.2,95.0,86.0,0.4–4.0,mIU/L,Normal,1.2–3.1,nmol/L,Normal,66–181,nmol/L,Normal,1.0–4.0,Index,High
1187,42,Female,0.1,2.4,116.0,110.0,0.4–4.0,mIU/L,Low,1.2–3.1,nmol/L,Normal,66–181,nmol/L,Normal,1.0–4.0,Index,High
1188,72,Female,0.1,1.6,106.0,123.0,0.4–4.0,mIU/L,Low,1.2–3.1,nmol/L,Normal,66–181,nmol/L,Normal,1.0–4.0,Index,High
1189,71,Male,0.6,1.6,99.0,97.0,0.4–4.0,mIU/L,Normal,1.2–3.1,nmol/L,Normal,66–181,nmol/L,Normal,1.0–4.0,Index,High
1190,60,Female,0.1,1.4,59.0,92.0,0.4–4.0,mIU/L,Low,1.2–3.1,nmol/L,Normal,66–181,nmol/L,Low,1.0–4.0,Index,High
1191,51,Female,0.1,1.7,137.0,137.0,0.4–4.0,mIU/L,Low,1.2–3.1,nmol/L,Normal,66–181,nmol/L,Normal,1.0–4.0,Index,High
1192,73,Female,1.9,2.8,104.0,85.0,0.4–4.0,mIU/L,Normal,1.2–3.1,nmol/L,Normal,66–181,nmol/L,Normal,1.0–4.0,Index,High
1193,1,Male,0.1,1.2,65.0,73.0,0.4–4.0,mIU/L,Low,1.2–3.1,nmol/L,Normal,66–181,nmol/L,Low,1.0–4.0,Index,High
1194,30,Female,0.1,2.4,124.0,101.0,0.4–4.0,mIU/L,Low,1.2–3.1,nmol/L,Normal,66–181,nmol/L,Normal,1.0–4.0,Index,High
1195,52,Female,2.4,1.9,85.0,75.0,0.4–4.0,mIU/L,Normal,1.2–3.1,nmol/L,Normal,66–181,nmol/L,Normal,1.0–4.0,Index,High
1196,59,Female,2.1,2.2,98.0,92.0,0.4–4.0,mIU/L,Normal,1.2–3.1,nmol/L,Normal,66–181,nmol/L,Normal,1.0–4.0,Index,High
1197,78,Male,1.6,1.7,87.0,92.0,0.4–4.0,mIU/L,Normal,1.2–3.1,nmol/L,Normal,66–181,nmol/L,Normal,1.0–4.0,Index,High
1198,22,Female,1.6,2.4,83.0,89.0,0.4–4.0,mIU/L,Normal,1.2–3.1,nmol/L,Normal,66–181,nmol/L,Normal,1.0–4.0,Index,High
1199,79,Male,0.9,2.9,119.0,75.0,0.4–4.0,mIU/L,Normal,1.2–3.1,nmol/L,Normal,66–181,nmol/L,Normal,1.0–4.0,Index,High
1200,25,Female,4.0,1.2,80.0,99.0,0.4–4.0,mIU/L,Normal,1.2–3.1,nmol/L,Normal,66–181,nmol/L,Normal,1.0–4.0,Index,High
1201,25,Male,0.25,2.6,95.0,106.0,0.4–4.0,mIU/L,Low,1.2–3.1,nmol/L,Normal,66–181,nmol/L,Normal,1.0–4.0,Index,High
1202,70,Male,0.25,1.7,150.0,160.0,0.4–4.0,mIU/L,Low,1.2–3.1,nmol/L,Normal,66–181,nmol/L,Normal,1.0–4.0,Index,High
1203,46,,8.2,3.8,124.0,428.0,0.4–4.0,mIU/L,High,1.2–3.1,nmol/L,High,66–181,nmol/L,Normal,1.0–4.0,Index,High
1204,46,,14.4,1.2,153.0,450.0,0.4–4.0,mIU/L,High,1.2–3.1,nmol/L,Normal,66–181,nmol/L,Normal,1.0–4.0,Index,High
1205,27,Female,0.25,2.8,166.0,116.0,0.4–4.0,mIU/L,Low,1.2–3.1,nmol/L,Normal,66–181,nmol/L,Normal,1.0–4.0,Index,High
1206,60,Female,0.25,2.7,112.0,93.0,0.4–4.0,mIU/L,Low,1.2–3.1,nmol/L,Normal,66–181,nmol/L,Normal,1.0–4.0,Index,High
1207,64,Male,0.8,2.1,82.0,85.0,0.4–4.0,mIU/L,Normal,1.2–3.1,nmol/L,Normal,66–181,nmol/L,Normal,1.0–4.0,Index,High
1208,64,Female,0.25,1.1,109.0,124.0,0.4–4.0,mIU/L,Low,1.2–3.1,nmol/L,Low,66–181,nmol/L,Normal,1.0–4.0,Index,High
1209,31,Female,0.25,2.0,101.0,126.0,0.4–4.0,mIU/L,Low,1.2–3.1,nmol/L,Normal,66–181,nmol/L,Normal,1.0–4.0,Index,High
1210,66,Male,3.2,2.2,93.0,101.0,0.4–4.0,mIU/L,Normal,1.2–3.1,nmol/L,Normal,66–181,nmol/L,Normal,1.0–4.0,Index,High
1211,61,Female,0.25,2.3,150.0,174.0,0.4–4.0,mIU/L,Low,1.2–3.1,nmol/L,Normal,66–181,nmol/L,Normal,1.0–4.0,Index,High
1212,45,Female,0.1,2.1,166.0,189.0,0.4–4.0,mIU/L,Low,1.2–3.1,nmol/L,Normal,66–181,nmol/L,Normal,1.0–4.0,Index,High
1213,59,Female,0.1,2.8,196.0,202.0,0.4–4.0,mIU/L,Low,1.2–3.1,nmol/L,Normal,66–181,nmol/L,High,1.0–4.0,Index,High
1214,40,Female,0.1,2.0,153.0,159.0,0.4–4.0,mIU/L,Low,1.2–3.1,nmol/L,Normal,66–181,nmol/L,Normal,1.0–4.0,Index,High
1215,58,Female,0.1,2.0,129.0,136.0,0.4–4.0,mIU/L,Low,1.2–3.1,nmol/L,Normal,66–181,nmol/L,Normal,1.0–4.0,Index,High
1216,53,Male,0.7,1.8,75.0,77.0,0.4–4.0,mIU/L,Normal,1.2–3.1,nmol/L,Normal,66–181,nmol/L,Normal,1.0–4.0,Index,High
1217,65,Female,100.0,0.9,62.0,66.0,0.4–4.0,mIU/L,High,1.2–3.1,nmol/L,Low,66–181,nmol/L,Low,1.0–4.0,Index,High
1218,57,Female,8.4,1.7,108.0,127.0,0.4–4.0,mIU/L,High,1.2–3.1,nmol/L,Normal,66–181,nmol/L,Normal,1.0–4.0,Index,High
1219,45,Female,0.1,2.3,206.0,196.0,0.4–4.0,mIU/L,Low,1.2–3.1,nmol/L,Normal,66–181,nmol/L,High,1.0–4.0,Index,High
1220,41,Female,1.4,1.3,65.0,90.0,0.4–4.0,mIU/L,Normal,1.2–3.1,nmol/L,Normal,66–181,nmol/L,Low,1.0–4.0,Index,High
1221,54,Female,0.9,2.2,115.0,111.0,0.4–4.0,mIU/L,Normal,1.2–3.1,nmol/L,Normal,66–181,nmol/L,Normal,1.0–4.0,Index,High
1222,64,Male,0.1,2.4,77.0,79.0,0.4–4.0,mIU/L,Low,1.2–3.1,nmol/L,Normal,66–181,nmol/L,Normal,1.0–4.0,Index,High
1223,84,Female,0.1,1.2,71.0,79.0,0.4–4.0,mIU/L,Low,1.2–3.1,nmol/L,Normal,66–181,nmol/L,Normal,1.0–4.0,Index,High
1224,63,Male,0.1,1.8,121.0,122.0,0.4–4.0,mIU/L,Low,1.2–3.1,nmol/L,Normal,66–181,nmol/L,Normal,1.0–4.0,Index,High
1225,23,Male,13.2,0.8,66.0,67.0,0.4–4.0,mIU/L,High,1.2–3.1,nmol/L,Low,66–181,nmol/L,Normal,1.0–4.0,Index,High
1226,37,Male,0.1,2.4,109.0,121.0,0.4–4.0,mIU/L,Low,1.2–3.1,nmol/L,Normal,66–181,nmol/L,Normal,1.0–4.0,Index,High
1227,47,Female,0.5,1.4,81.0,86.0,0.4–4.0,mIU/L,Normal,1.2–3.1,nmol/L,Normal,66–181,nmol/L,Normal,1.0–4.0,Index,High
1228,63,Female,0.1,1.6,132.0,123.0,0.4–4.0,mIU/L,Low,1.2–3.1,nmol/L,Normal,66–181,nmol/L,Normal,1.0–4.0,Index,High
1229,30,Female,41.0,3.0,109.0,61.0,0.4–4.0,mIU/L,High,1.2–3.1,nmol/L,Normal,66–181,nmol/L,Normal,1.0–4.0,Index,High
1230,25,Female,0.8,2.8,143.0,86.0,0.4–4.0,mIU/L,Normal,1.2–3.1,nmol/L,Normal,66–181,nmol/L,Normal,1.0–4.0,Index,High
1231,21,Female,0.4,3.7,162.0,92.0,0.4–4.0,mIU/L,Normal,1.2–3.1,nmol/L,High,66–181,nmol/L,Normal,1.0–4.0,Index,High
1232,20,Female,0.1,2.6,150.0,135.0,0.4–4.0,mIU/L,Low,1.2–3.1,nmol/L,Normal,66–181,nmol/L,Normal,1.0–4.0,Index,High
1233,34,Female,0.1,3.2,149.0,154.0,0.4–4.0,mIU/L,Low,1.2–3.1,nmol/L,High,66–181,nmol/L,Normal,1.0–4.0,Index,High
1234,72,Male,5.5,0.9,83.0,90.0,0.4–4.0,mIU/L,High,1.2–3.1,nmol/L,Low,66–181,nmol/L,Normal,1.0–4.0,Index,High
1235,70,Male,1.3,2.3,118.0,111.0,0.4–4.0,mIU/L,Normal,1.2–3.1,nmol/L,Normal,66–181,nmol/L,Normal,1.0–4.0,Index,High
1236,27,Male,0.15,1.9,103.0,139.0,0.4–4.0,mIU/L,Low,1.2–3.1,nmol/L,Normal,66–181,nmol/L,Normal,1.0–4.0,Index,High
1237,38,Female,22.0,2.3,40.0,34.0,0.4–4.0,mIU/L,High,1.2–3.1,nmol/L,Normal,66–181,nmol/L,Low,1.0–4.0,Index,High
1238,72,Male,0.7,1.0,52.0,66.0,0.4–4.0,mIU/L,Normal,1.2–3.1,nmol/L,Low,66–181,nmol/L,Low,1.0–4.0,Index,High
1239,57,Female,0.15,2.0,102.0,103.0,0.4–4.0,mIU/L,Low,1.2–3.1,nmol/L,Normal,66–181,nmol/L,Normal,1.0–4.0,Index,High
1240,55,Female,1.9,1.2,79.0,91.0,0.4–4.0,mIU/L,Normal,1.2–3.1,nmol/L,Normal,66–181,nmol/L,Normal,1.0–4.0,Index,High
1241,68,Male,2.2,1.5,118.0,110.0,0.4–4.0,mIU/L,Normal,1.2–3.1,nmol/L,Normal,66–181,nmol/L,Normal,1.0–4.0,Index,High
1242,25,Female,1.1,2.1,86.0,90.0,0.4–4.0,mIU/L,Normal,1.2–3.1,nmol/L,Normal,66–181,nmol/L,Normal,1.0–4.0,Index,High
1243,25,Female,3.2,1.9,99.0,97.0,0.4–4.0,mIU/L,Normal,1.2–3.1,nmol/L,Normal,66–181,nmol/L,Normal,1.0–4.0,Index,High
1244,66,Male,0.7,1.5,69.0,103.0,0.4–4.0,mIU/L,Normal,1.2–3.1,nmol/L,Normal,66–181,nmol/L,Normal,1.0–4.0,Index,High
1245,34,Female,1.2,1.9,88.0,105.0,0.4–4.0,mIU/L,Normal,1.2–3.1,nmol/L,Normal,66–181,nmol/L,Normal,1.0–4.0,Index,High
1246,26,Female,1.4,2.1,195.0,222.0,0.4–4.0,mIU/L,Normal,1.2–3.1,nmol/L,Normal,66–181,nmol/L,High,1.0–4.0,Index,High
1247,67,Female,5.5,1.5,78.0,76.0,0.4–4.0,mIU/L,High,1.2–3.1,nmol/L,Normal,66–181,nmol/L,Normal,1.0–4.0,Index,High
1248,67,Male,0.15,2.1,155.0,170.0,0.4–4.0,mIU/L,Low,1.2–3.1,nmol/L,Normal,66–181,nmol/L,Normal,1.0–4.0,Index,High
1249,31,Female,0.5,1.7,96.0,120.0,0.4–4.0,mIU/L,Normal,1.2–3.1,nmol/L,Normal,66–181,nmol/L,Normal,1.0–4.0,Index,High
1250,56,Female,0.7,0.8,85.0,76.0,0.4–4.0,mIU/L,Normal,1.2–3.1,nmol/L,Low,66–181,nmol/L,Normal,1.0–4.0,Index,High
1251,55,Female,2.1,2.4,104.0,149.0,0.4–4.0,mIU/L,Normal,1.2–3.1,nmol/L,Normal,66–181,nmol/L,Normal,1.0–4.0,Index,High
1252,55,Male,0.6,2.4,92.0,121.0,0.4–4.0,mIU/L,Normal,1.2–3.1,nmol/L,Normal,66–181,nmol/L,Normal,1.0–4.0,Index,High
1253,59,Male,1.3,3.0,120.0,105.0,0.4–4.0,mIU/L,Normal,1.2–3.1,nmol/L,Normal,66–181,nmol/L,Normal,1.0–4.0,Index,High
1254,30,Female,45.0,2.8,123.0,71.0,0.4–4.0,mIU/L,High,1.2–3.1,nmol/L,Normal,66–181,nmol/L,Normal,1.0–4.0,Index,High
1255,58,Female,0.1,3.0,184.0,184.0,0.4–4.0,mIU/L,Low,1.2–3.1,nmol/L,Normal,66–181,nmol/L,High,1.0–4.0,Index,High
1256,65,Female,0.1,2.4,132.0,115.0,0.4–4.0,mIU/L,Low,1.2–3.1,nmol/L,Normal,66–181,nmol/L,Normal,1.0–4.0,Index,High
1257,58,Male,0.1,2.2,113.0,136.0,0.4–4.0,mIU/L,Low,1.2–3.1,nmol/L,Normal,66–181,nmol/L,Normal,1.0–4.0,Index,High
1258,49,Female,0.5,2.5,124.0,114.0,0.4–4.0,mIU/L,Normal,1.2–3.1,nmol/L,Normal,66–181,nmol/L,Normal,1.0–4.0,Index,High
1259,64,Female,0.1,2.4,119.0,131.0,0.4–4.0,mIU/L,Low,1.2–3.1,nmol/L,Normal,66–181,nmol/L,Normal,1.0–4.0,Index,High
1260,79,Female,1.5,1.9,119.0,121.0,0.4–4.0,mIU/L,Normal,1.2–3.1,nmol/L,Normal,66–181,nmol/L,Normal,1.0–4.0,Index,High
1261,34,Male,0.1,2.7,104.0,111.0,0.4–4.0,mIU/L,Low,1.2–3.1,nmol/L,Normal,66–181,nmol/L,Normal,1.0–4.0,Index,High
1262,22,Female,0.1,2.6,167.0,127.0,0.4–4.0,mIU/L,Low,1.2–3.1,nmol/L,Normal,66–181,nmol/L,Normal,1.0–4.0,Index,High
1263,69,Female,1.0,1.1,102.0,113.0,0.4–4.0,mIU/L,Normal,1.2–3.1,nmol/L,Low,66–181,nmol/L,Normal,1.0–4.0,Index,High
1264,71,Female,0.05,1.5,95.0,110.0,0.4–4.0,mIU/L,Low,1.2–3.1,nmol/L,Normal,66–181,nmol/L,Normal,1.0–4.0,Index,High
1265,73,Female,4.5,0.7,98.0,178.0,0.4–4.0,mIU/L,High,1.2–3.1,nmol/L,Low,66–181,nmol/L,Normal,1.0–4.0,Index,High
1266,55,Female,0.7,2.1,142.0,138.0,0.4–4.0,mIU/L,Normal,1.2–3.1,nmol/L,Normal,66–181,nmol/L,Normal,1.0–4.0,Index,High
1267,38,,0.6,2.2,82.0,117.0,0.4–4.0,mIU/L,Normal,1.2–3.1,nmol/L,Normal,66–181,nmol/L,Normal,1.0–4.0,Index,High
1268,20,Female,1.3,2.6,119.0,110.0,0.4–4.0,mIU/L,Normal,1.2–3.1,nmol/L,Normal,66–181,nmol/L,Normal,1.0–4.0,Index,High
1269,76,Female,0.4,1.1,103.0,106.0,0.4–4.0,mIU/L,Normal,1.2–3.1,nmol/L,Low,66–181,nmol/L,Normal,1.0–4.0,Index,High
1270,69,Female,24.0,1.1,85.0,116.0,0.4–4.0,mIU/L,High,1.2–3.1,nmol/L,Low,66–181,nmol/L,Normal,1.0–4.0,Index,High
1271,33,Male,0.5,1.4,97.0,93.0,0.4–4.0,mIU/L,Normal,1.2–3.1,nmol/L,Normal,66–181,nmol/L,Normal,1.0–4.0,Index,High
1272,51,Female,0.3,1.5,79.0,88.0,0.4–4.0,mIU/L,Low,1.2–3.1,nmol/L,Normal,66–181,nmol/L,Normal,1.0–4.0,Index,High
1273,75,Female,2.1,1.9,70.0,96.0,0.4–4.0,mIU/L,Normal,1.2–3.1,nmol/L,Normal,66–181,nmol/L,Normal,1.0–4.0,Index,High
1274,75,Female,1.9,2.8,95.0,94.0,0.4–4.0,mIU/L,Normal,1.2–3.1,nmol/L,Normal,66–181,nmol/L,Normal,1.0–4.0,Index,High
1275,34,Male,0.05,7.6,261.0,258.0,0.4–4.0,mIU/L,Low,1.2–3.1,nmol/L,High,66–181,nmol/L,High,1.0–4.0,Index,High
1276,79,Female,1.3,2.0,114.0,146.0,0.4–4.0,mIU/L,Normal,1.2–3.1,nmol/L,Normal,66–181,nmol/L,Normal,1.0–4.0,Index,High
1277,64,Female,2.6,1.3,118.0,159.0,0.4–4.0,mIU/L,Normal,1.2–3.1,nmol/L,Normal,66–181,nmol/L,Normal,1.0–4.0,Index,High
1278,53,Male,1.3,1.8,128.0,147.0,0.4–4.0,mIU/L,Normal,1.2–3.1,nmol/L,Normal,66–181,nmol/L,Normal,1.0–4.0,Index,High
1279,69,Male,0.4,1.9,106.0,115.0,0.4–4.0,mIU/L,Normal,1.2–3.1,nmol/L,Normal,66–181,nmol/L,Normal,1.0–4.0,Index,High
1280,73,Male,0.2,1.8,176.0,136.0,0.4–4.0,mIU/L,Low,1.2–3.1,nmol/L,Normal,66–181,nmol/L,Normal,1.0–4.0,Index,High
1281,27,Female,5.5,2.6,145.0,125.0,0.4–4.0,mIU/L,High,1.2–3.1,nmol/L,Normal,66–181,nmol/L,Normal,1.0–4.0,Index,High
1282,32,Female,2.2,2.1,76.0,88.0,0.4–4.0,mIU/L,Normal,1.2–3.1,nmol/L,Normal,66–181,nmol/L,Normal,1.0–4.0,Index,High
1283,38,Female,0.3,2.0,125.0,136.0,0.4–4.0,mIU/L,Low,1.2–3.1,nmol/L,Normal,66–181,nmol/L,Normal,1.0–4.0,Index,High
1284,41,Female,1.8,2.3,84.0,88.0,0.4–4.0,mIU/L,Normal,1.2–3.1,nmol/L,Normal,66–181,nmol/L,Normal,1.0–4.0,Index,High
1285,41,Female,0.8,1.6,75.0,114.0,0.4–4.0,mIU/L,Normal,1.2–3.1,nmol/L,Normal,66–181,nmol/L,Normal,1.0–4.0,Index,High
1286,67,Male,0.9,1.9,95.0,100.0,0.4–4.0,mIU/L,Normal,1.2–3.1,nmol/L,Normal,66–181,nmol/L,Normal,1.0–4.0,Index,High
1287,67,Female,1.3,1.8,85.0,149.0,0.4–4.0,mIU/L,Normal,1.2–3.1,nmol/L,Normal,66–181,nmol/L,Normal,1.0–4.0,Index,High
1288,62,Male,65.0,0.7,22.0,21.0,0.4–4.0,mIU/L,High,1.2–3.1,nmol/L,Low,66–181,nmol/L,Low,1.0–4.0,Index,High
1289,45,Male,1.8,2.0,96.0,97.0,0.4–4.0,mIU/L,Normal,1.2–3.1,nmol/L,Normal,66–181,nmol/L,Normal,1.0–4.0,Index,High
1290,33,Female,1.0,1.8,83.0,108.0,0.4–4.0,mIU/L,Normal,1.2–3.1,nmol/L,Normal,66–181,nmol/L,Normal,1.0–4.0,Index,High
1291,72,Male,1.6,2.1,81.0,103.0,0.4–4.0,mIU/L,Normal,1.2–3.1,nmol/L,Normal,66–181,nmol/L,Normal,1.0–4.0,Index,High
1292,72,Female,0.5,1.8,126.0,115.0,0.4–4.0,mIU/L,Normal,1.2–3.1,nmol/L,Normal,66–181,nmol/L,Normal,1.0–4.0,Index,High
1293,45,Female,1.4,1.6,99.0,101.0,0.4–4.0,mIU/L,Normal,1.2–3.1,nmol/L,Normal,66–181,nmol/L,Normal,1.0–4.0,Index,High
1294,54,Male,1.4,1.9,78.0,82.0,0.4–4.0,mIU/L,Normal,1.2–3.1,nmol/L,Normal,66–181,nmol/L,Normal,1.0–4.0,Index,High
1295,54,Male,0.9,2.1,119.0,105.0,0.4–4.0,mIU/L,Normal,1.2–3.1,nmol/L,Normal,66–181,nmol/L,Normal,1.0–4.0,Index,High
1296,26,Female,1.8,2.2,116.0,117.0,0.4–4.0,mIU/L,Normal,1.2–3.1,nmol/L,Normal,66–181,nmol/L,Normal,1.0–4.0,Index,High
1297,24,Male,0.9,1.7,86.0,92.0,0.4–4.0,mIU/L,Normal,1.2–3.1,nmol/L,Normal,66–181,nmol/L,Normal,1.0–4.0,Index,High
1298,53,Female,2.0,2.3,79.0,82.0,0.4–4.0,mIU/L,Normal,1.2–3.1,nmol/L,Normal,66–181,nmol/L,Normal,1.0–4.0,Index,High
1299,37,Female,3.0,2.3,84.0,100.0,0.4–4.0,mIU/L,Normal,1.2–3.1,nmol/L,Normal,66–181,nmol/L,Normal,1.0–4.0,Index,High
1300,27,Female,30.0,3.3,80.0,41.0,0.4–4.0,mIU/L,High,1.2–3.1,nmol/L,High,66–181,nmol/L,Normal,1.0–4.0,Index,High
1301,80,Female,0.5,2.5,101.0,100.0,0.4–4.0,mIU/L,Normal,1.2–3.1,nmol/L,Normal,66–181,nmol/L,Normal,1.0–4.0,Index,High
1302,58,Female,2.5,2.6,120.0,104.0,0.4–4.0,mIU/L,Normal,1.2–3.1,nmol/L,Normal,66–181,nmol/L,Normal,1.0–4.0,Index,High
1303,62,Female,0.1,2.9,132.0,139.0,0.4–4.0,mIU/L,Low,1.2–3.1,nmol/L,Normal,66–181,nmol/L,Normal,1.0–4.0,Index,High
1304,43,Female,2.7,1.7,103.0,94.0,0.4–4.0,mIU/L,Normal,1.2–3.1,nmol/L,Normal,66–181,nmol/L,Normal,1.0–4.0,Index,High
1305,28,Female,0.9,2.3,124.0,98.0,0.4–4.0,mIU/L,Normal,1.2–3.1,nmol/L,Normal,66–181,nmol/L,Normal,1.0–4.0,Index,High
1306,28,Female,0.1,1.7,116.0,151.0,0.4–4.0,mIU/L,Low,1.2–3.1,nmol/L,Normal,66–181,nmol/L,Normal,1.0–4.0,Index,High
1307,43,Male,1.9,2.3,73.0,71.0,0.4–4.0,mIU/L,Normal,1.2–3.1,nmol/L,Normal,66–181,nmol/L,Normal,1.0–4.0,Index,High
1308,57,Male,4.4,1.7,89.0,85.0,0.4–4.0,mIU/L,High,1.2–3.1,nmol/L,Normal,66–181,nmol/L,Normal,1.0–4.0,Index,High
1309,42,Male,0.8,2.4,106.0,101.0,0.4–4.0,mIU/L,Normal,1.2–3.1,nmol/L,Normal,66–181,nmol/L,Normal,1.0–4.0,Index,High
1310,42,,2.9,2.0,118.0,113.0,0.4–4.0,mIU/L,Normal,1.2–3.1,nmol/L,Normal,66–181,nmol/L,Normal,1.0–4.0,Index,High
1311,80,Female,0.7,1.7,119.0,137.0,0.4–4.0,mIU/L,Normal,1.2–3.1,nmol/L,Normal,66–181,nmol/L,Normal,1.0–4.0,Index,High
1312,24,Female,0.7,2.1,145.0,111.0,0.4–4.0,mIU/L,Normal,1.2–3.1,nmol/L,Normal,66–181,nmol/L,Normal,1.0–4.0,Index,High
1313,55,Female,1.4,2.0,83.0,82.0,0.4–4.0,mIU/L,Normal,1.2–3.1,nmol/L,Normal,66–181,nmol/L,Normal,1.0–4.0,Index,High
1314,47,Female,1.4,1.8,110.0,118.0,0.4–4.0,mIU/L,Normal,1.2–3.1,nmol/L,Normal,66–181,nmol/L,Normal,1.0–4.0,Index,High
1315,64,Male,1.6,1.6,67.0,74.0,0.4–4.0,mIU/L,Normal,1.2–3.1,nmol/L,Normal,66–181,nmol/L,Normal,1.0–4.0,Index,High
1316,62,Male,100.0,0.9,55.0,74.0,0.4–4.0,mIU/L,High,1.2–3.1,nmol/L,Low,66–181,nmol/L,Low,1.0–4.0,Index,High
1317,28,Female,0.1,2.1,101.0,75.0,0.4–4.0,mIU/L,Low,1.2–3.1,nmol/L,Normal,66–181,nmol/L,Normal,1.0–4.0,Index,High
1318,64,Female,2.6,2.0,103.0,102.0,0.4–4.0,mIU/L,Normal,1.2–3.1,nmol/L,Normal,66–181,nmol/L,Normal,1.0–4.0,Index,High
1319,72,Female,0.1,4.3,230.0,299.0,0.4–4.0,mIU/L,Low,1.2–3.1,nmol/L,High,66–181,nmol/L,High,1.0–4.0,Index,High
1320,39,Female,0.7,2.1,120.0,111.0,0.4–4.0,mIU/L,Normal,1.2–3.1,nmol/L,Normal,66–181,nmol/L,Normal,1.0–4.0,Index,High
1321,46,Female,0.1,1.9,133.0,266.0,0.4–4.0,mIU/L,Low,1.2–3.1,nmol/L,Normal,66–181,nmol/L,Normal,1.0–4.0,Index,High
1322,21,Female,0.9,1.4,97.0,114.0,0.4–4.0,mIU/L,Normal,1.2–3.1,nmol/L,Normal,66–181,nmol/L,Normal,1.0–4.0,Index,High
1323,69,Female,1.3,2.1,93.0,90.0,0.4–4.0,mIU/L,Normal,1.2–3.1,nmol/L,Normal,66–181,nmol/L,Normal,1.0–4.0,Index,High
1324,68,Male,0.6,1.3,86.0,92.0,0.4–4.0,mIU/L,Normal,1.2–3.1,nmol/L,Normal,66–181,nmol/L,Normal,1.0–4.0,Index,High
1325,36,Male,0.6,1.2,91.0,121.0,0.4–4.0,mIU/L,Normal,1.2–3.1,nmol/L,Normal,66–181,nmol/L,Normal,1.0–4.0,Index,High
1326,69,Female,0.1,1.6,125.0,129.0,0.4–4.0,mIU/L,Low,1.2–3.1,nmol/L,Normal,66–181,nmol/L,Normal,1.0–4.0,Index,High
1327,72,Female,1.6,1.4,136.0,146.0,0.4–4.0,mIU/L,Normal,1.2–3.1,nmol/L,Normal,66–181,nmol/L,Normal,1.0–4.0,Index,High
1328,17,Female,1.1,2.1,121.0,103.0,0.4–4.0,mIU/L,Normal,1.2–3.1,nmol/L,Normal,66–181,nmol/L,Normal,1.0–4.0,Index,High
1329,73,Male,0.1,1.0,104.0,137.0,0.4–4.0,mIU/L,Low,1.2–3.1,nmol/L,Low,66–181,nmol/L,Normal,1.0–4.0,Index,High
1330,73,Female,2.0,1.5,80.0,96.0,0.4–4.0,mIU/L,Normal,1.2–3.1,nmol/L,Normal,66–181,nmol/L,Normal,1.0–4.0,Index,High
1331,28,Female,0.1,0.9,103.0,123.0,0.4–4.0,mIU/L,Low,1.2–3.1,nmol/L,Low,66–181,nmol/L,Normal,1.0–4.0,Index,High
1332,88,Female,5.5,1.4,96.0,112.0,0.4–4.0,mIU/L,High,1.2–3.1,nmol/L,Normal,66–181,nmol/L,Normal,1.0–4.0,Index,High
1333,65,Male,1.2,1.2,123.0,134.0,0.4–4.0,mIU/L,Normal,1.2–3.1,nmol/L,Normal,66–181,nmol/L,Normal,1.0–4.0,Index,High
1334,74,Female,5.0,0.9,95.0,122.0,0.4–4.0,mIU/L,High,1.2–3.1,nmol/L,Low,66–181,nmol/L,Normal,1.0–4.0,Index,High
1335,55,Female,1.5,0.6,55.0,100.0,0.4–4.0,mIU/L,Normal,1.2–3.1,nmol/L,Low,66–181,nmol/L,Low,1.0–4.0,Index,High
1336,55,,24.0,0.6,21.0,22.0,0.4–4.0,mIU/L,High,1.2–3.1,nmol/L,Low,66–181,nmol/L,Low,1.0–4.0,Index,High
1337,55,,11.4,2.1,96.0,109.0,0.4–4.0,mIU/L,High,1.2–3.1,nmol/L,Normal,66–181,nmol/L,Normal,1.0–4.0,Index,High
1338,71,Female,3.1,1.6,87.0,89.0,0.4–4.0,mIU/L,Normal,1.2–3.1,nmol/L,Normal,66–181,nmol/L,Normal,1.0–4.0,Index,High
1339,64,Female,5.2,1.0,133.0,168.0,0.4–4.0,mIU/L,High,1.2–3.1,nmol/L,Low,66–181,nmol/L,Normal,1.0–4.0,Index,High
1340,32,Female,0.3,3.6,154.0,88.0,0.4–4.0,mIU/L,Low,1.2–3.1,nmol/L,High,66–181,nmol/L,Normal,1.0–4.0,Index,High
1341,84,Female,3.3,1.5,106.0,101.0,0.4–4.0,mIU/L,Normal,1.2–3.1,nmol/L,Normal,66–181,nmol/L,Normal,1.0–4.0,Index,High
1342,24,Female,0.9,0.5,98.0,121.0,0.4–4.0,mIU/L,Normal,1.2–3.1,nmol/L,Low,66–181,nmol/L,Normal,1.0–4.0,Index,High
1343,56,Male,0.6,1.8,81.0,88.0,0.4–4.0,mIU/L,Normal,1.2–3.1,nmol/L,Normal,66–181,nmol/L,Normal,1.0–4.0,Index,High
1344,52,Female,1.5,0.7,90.0,84.0,0.4–4.0,mIU/L,Normal,1.2–3.1,nmol/L,Low,66–181,nmol/L,Normal,1.0–4.0,Index,High
1345,48,Female,0.4,1.5,63.0,60.0,0.4–4.0,mIU/L,Normal,1.2–3.1,nmol/L,Normal,66–181,nmol/L,Low,1.0–4.0,Index,High
1346,76,Male,2.1,0.4,88.0,102.0,0.4–4.0,mIU/L,Normal,1.2–3.1,nmol/L,Low,66–181,nmol/L,Normal,1.0–4.0,Index,High
1347,60,Male,1.4,1.4,90.0,126.0,0.4–4.0,mIU/L,Normal,1.2–3.1,nmol/L,Normal,66–181,nmol/L,Normal,1.0–4.0,Index,High
1348,81,Male,0.1,1.2,107.0,97.0,0.4–4.0,mIU/L,Low,1.2–3.1,nmol/L,Normal,66–181,nmol/L,Normal,1.0–4.0,Index,High
1349,33,Male,0.1,1.8,93.0,96.0,0.4–4.0,mIU/L,Low,1.2–3.1,nmol/L,Normal,66–181,nmol/L,Normal,1.0–4.0,Index,High
1350,77,Male,3.3,0.9,108.0,119.0,0.4–4.0,mIU/L,Normal,1.2–3.1,nmol/L,Low,66–181,nmol/L,Normal,1.0–4.0,Index,High
1351,43,Male,0.1,1.6,114.0,187.0,0.4–4.0,mIU/L,Low,1.2–3.1,nmol/L,Normal,66–181,nmol/L,Normal,1.0–4.0,Index,High
1352,32,Female,0.1,2.1,183.0,197.0,0.4–4.0,mIU/L,Low,1.2–3.1,nmol/L,Normal,66–181,nmol/L,High,1.0–4.0,Index,High
1353,66,Male,11.0,1.4,68.0,70.0,0.4–4.0,mIU/L,High,1.2–3.1,nmol/L,Normal,66–181,nmol/L,Normal,1.0–4.0,Index,High
1354,46,Male,0.9,1.6,62.0,64.0,0.4–4.0,mIU/L,Normal,1.2–3.1,nmol/L,Normal,66–181,nmol/L,Low,1.0–4.0,Index,High
1355,58,Male,1.1,1.8,106.0,105.0,0.4–4.0,mIU/L,Normal,1.2–3.1,nmol/L,Normal,66–181,nmol/L,Normal,1.0–4.0,Index,High
1356,27,Female,5.6,2.0,134.0,95.0,0.4–4.0,mIU/L,High,1.2–3.1,nmol/L,Normal,66–181,nmol/L,Normal,1.0–4.0,Index,High
1357,60,Female,0.9,1.4,138.0,150.0,0.4–4.0,mIU/L,Normal,1.2–3.1,nmol/L,Normal,66–181,nmol/L,Normal,1.0–4.0,Index,High
1358,44,Female,0.3,1.5,94.0,88.0,0.4–4.0,mIU/L,Low,1.2–3.1,nmol/L,Normal,66–181,nmol/L,Normal,1.0–4.0,Index,High
1359,61,Female,0.1,1.9,198.0,220.0,0.4–4.0,mIU/L,Low,1.2–3.1,nmol/L,Normal,66–181,nmol/L,High,1.0–4.0,Index,High
1360,32,Female,0.9,1.2,80.0,92.0,0.4–4.0,mIU/L,Normal,1.2–3.1,nmol/L,Normal,66–181,nmol/L,Normal,1.0–4.0,Index,High
1361,23,Male,0.6,2.1,105.0,100.0,0.4–4.0,mIU/L,Normal,1.2–3.1,nmol/L,Normal,66–181,nmol/L,Normal,1.0–4.0,Index,High
1362,23,Female,0.5,1.0,83.0,108.0,0.4–4.0,mIU/L,Normal,1.2–3.1,nmol/L,Low,66–181,nmol/L,Normal,1.0–4.0,Index,High
1363,47,Male,1.3,2.0,120.0,126.0,0.4–4.0,mIU/L,Normal,1.2–3.1,nmol/L,Normal,66–181,nmol/L,Normal,1.0–4.0,Index,High
1364,66,Male,0.3,1.8,101.0,89.0,0.4–4.0,mIU/L,Low,1.2–3.1,nmol/L,Normal,66–181,nmol/L,Normal,1.0–4.0,Index,High
1365,59,Male,0.8,1.2,84.0,90.0,0.4–4.0,mIU/L,Normal,1.2–3.1,nmol/L,Normal,66–181,nmol/L,Normal,1.0–4.0,Index,High
1366,63,Female,2.5,1.6,70.0,80.0,0.4–4.0,mIU/L,Normal,1.2–3.1,nmol/L,Normal,66–181,nmol/L,Normal,1.0–4.0,Index,High
1367,71,Female,0.6,1.1,101.0,99.0,0.4–4.0,mIU/L,Normal,1.2–3.1,nmol/L,Low,66–181,nmol/L,Normal,1.0–4.0,Index,High
1368,71,Male,0.2,0.9,96.0,119.0,0.4–4.0,mIU/L,Low,1.2–3.1,nmol/L,Low,66–181,nmol/L,Normal,1.0–4.0,Index,High
1369,39,Female,0.2,1.0,127.0,127.0,0.4–4.0,mIU/L,Low,1.2–3.1,nmol/L,Low,66–181,nmol/L,Normal,1.0–4.0,Index,High
1370,38,Male,0.25,1.8,113.0,114.0,0.4–4.0,mIU/L,Low,1.2–3.1,nmol/L,Normal,66–181,nmol/L,Normal,1.0–4.0,Index,High
1371,66,Male,8.299999,1.1,82.0,84.0,0.4–4.0,mIU/L,High,1.2–3.1,nmol/L,Low,66–181,nmol/L,Normal,1.0–4.0,Index,High
1372,43,Male,0.2,0.7,104.0,113.0,0.4–4.0,mIU/L,Low,1.2–3.1,nmol/L,Low,66–181,nmol/L,Normal,1.0–4.0,Index,High
1373,57,Female,1.8,1.6,90.0,87.0,0.4–4.0,mIU/L,Normal,1.2–3.1,nmol/L,Normal,66–181,nmol/L,Normal,1.0–4.0,Index,High
1374,57,Female,0.2,2.1,174.0,232.0,0.4–4.0,mIU/L,Low,1.2–3.1,nmol/L,Normal,66–181,nmol/L,Normal,1.0–4.0,Index,High
1375,61,Male,0.2,2.2,208.0,254.0,0.4–4.0,mIU/L,Low,1.2–3.1,nmol/L,Normal,66–181,nmol/L,High,1.0–4.0,Index,High
1376,63,Male,0.7,1.2,101.0,115.0,0.4–4.0,mIU/L,Normal,1.2–3.1,nmol/L,Normal,66–181,nmol/L,Normal,1.0–4.0,Index,High
1377,62,Female,0.2,1.5,112.0,98.0,0.4–4.0,mIU/L,Low,1.2–3.1,nmol/L,Normal,66–181,nmol/L,Normal,1.0–4.0,Index,High
1378,24,Male,400.0,0.2,4.0,4.0,0.4–4.0,mIU/L,High,1.2–3.1,nmol/L,Low,66–181,nmol/L,Low,1.0–4.0,Index,Normal
1379,35,Female,0.2,2.1,151.0,148.0,0.4–4.0,mIU/L,Low,1.2–3.1,nmol/L,Normal,66–181,nmol/L,Normal,1.0–4.0,Index,High
1380,74,Female,0.4,2.2,128.0,99.0,0.4–4.0,mIU/L,Normal,1.2–3.1,nmol/L,Normal,66–181,nmol/L,Normal,1.0–4.0,Index,High
1381,30,Female,1.0,1.2,85.0,91.0,0.4–4.0,mIU/L,Normal,1.2–3.1,nmol/L,Normal,66–181,nmol/L,Normal,1.0–4.0,Index,High
1382,30,Female,0.4,1.9,142.0,139.0,0.4–4.0,mIU/L,Normal,1.2–3.1,nmol/L,Normal,66–181,nmol/L,Normal,1.0–4.0,Index,High
1383,81,Female,1.2,0.8,109.0,121.0,0.4–4.0,mIU/L,Normal,1.2–3.1,nmol/L,Low,66–181,nmol/L,Normal,1.0–4.0,Index,High
1384,55,Male,1.6,0.9,79.0,88.0,0.4–4.0,mIU/L,Normal,1.2–3.1,nmol/L,Low,66–181,nmol/L,Normal,1.0–4.0,Index,High
1385,62,Male,0.4,0.8,110.0,104.0,0.4–4.0,mIU/L,Normal,1.2–3.1,nmol/L,Low,66–181,nmol/L,Normal,1.0–4.0,Index,High
1386,71,Male,1.2,0.4,108.0,114.0,0.4–4.0,mIU/L,Normal,1.2–3.1,nmol/L,Low,66–181,nmol/L,Normal,1.0–4.0,Index,High
1387,22,Male,1.5,1.3,85.0,82.0,0.4–4.0,mIU/L,Normal,1.2–3.1,nmol/L,Normal,66–181,nmol/L,Normal,1.0–4.0,Index,High
1388,52,Male,1.1,1.5,136.0,126.0,0.4–4.0,mIU/L,Normal,1.2–3.1,nmol/L,Normal,66–181,nmol/L,Normal,1.0–4.0,Index,High
1389,72,Female,1.4,1.3,117.0,104.0,0.4–4.0,mIU/L,Normal,1.2–3.1,nmol/L,Normal,66–181,nmol/L,Normal,1.0–4.0,Index,High
1390,29,Male,1.3,1.1,83.0,90.0,0.4–4.0,mIU/L,Normal,1.2–3.1,nmol/L,Low,66–181,nmol/L,Normal,1.0–4.0,Index,High
1391,97,Female,3.2,1.3,84.0,87.0,0.4–4.0,mIU/L,Normal,1.2–3.1,nmol/L,Normal,66–181,nmol/L,Normal,1.0–4.0,Index,High
1392,51,Male,1.6,0.9,94.0,100.0,0.4–4.0,mIU/L,Normal,1.2–3.1,nmol/L,Low,66–181,nmol/L,Normal,1.0–4.0,Index,High
1393,62,Female,0.4,1.4,207.0,182.0,0.4–4.0,mIU/L,Normal,1.2–3.1,nmol/L,Normal,66–181,nmol/L,High,1.0–4.0,Index,High
1394,62,Female,260.0,0.05,4.0,3.0,0.4–4.0,mIU/L,High,1.2–3.1,nmol/L,Low,66–181,nmol/L,Low,1.0–4.0,Index,Normal
1395,75,Female,0.4,1.1,136.0,133.0,0.4–4.0,mIU/L,Normal,1.2–3.1,nmol/L,Low,66–181,nmol/L,Normal,1.0–4.0,Index,High
1396,75,Female,1.5,2.3,136.0,123.0,0.4–4.0,mIU/L,Normal,1.2–3.1,nmol/L,Normal,66–181,nmol/L,Normal,1.0–4.0,Index,High
1397,75,Female,1.0,2.0,136.0,115.0,0.4–4.0,mIU/L,Normal,1.2–3.1,nmol/L,Normal,66–181,nmol/L,Normal,1.0–4.0,Index,High
1398,80,Female,0.4,0.8,137.0,169.0,0.4–4.0,mIU/L,Normal,1.2–3.1,nmol/L,Low,66–181,nmol/L,Normal,1.0–4.0,Index,High
1399,64,Female,0.4,1.3,149.0,117.0,0.4–4.0,mIU/L,Normal,1.2–3.1,nmol/L,Normal,66–181,nmol/L,Normal,1.0–4.0,Index,High
1400,71,Male,0.4,1.1,137.0,123.0,0.4–4.0,mIU/L,Normal,1.2–3.1,nmol/L,Low,66–181,nmol/L,Normal,1.0–4.0,Index,High
1401,71,Male,2.7,1.7,113.0,107.0,0.4–4.0,mIU/L,Normal,1.2–3.1,nmol/L,Normal,66–181,nmol/L,Normal,1.0–4.0,Index,High
1402,34,Female,3.0,1.7,98.0,100.0,0.4–4.0,mIU/L,Normal,1.2–3.1,nmol/L,Normal,66–181,nmol/L,Normal,1.0–4.0,Index,High
1403,65,Female,0.4,1.2,103.0,105.0,0.4–4.0,mIU/L,Normal,1.2–3.1,nmol/L,Normal,66–181,nmol/L,Normal,1.0–4.0,Index,High
1404,45,Female,0.4,1.6,107.0,96.0,0.4–4.0,mIU/L,Normal,1.2–3.1,nmol/L,Normal,66–181,nmol/L,Normal,1.0–4.0,Index,High
1405,64,Male,1.0,0.9,109.0,115.0,0.4–4.0,mIU/L,Normal,1.2–3.1,nmol/L,Low,66–181,nmol/L,Normal,1.0–4.0,Index,High
1406,72,Female,0.3,1.3,118.0,102.0,0.4–4.0,mIU/L,Low,1.2–3.1,nmol/L,Normal,66–181,nmol/L,Normal,1.0–4.0,Index,High
1407,72,Female,0.05,0.4,93.0,119.0,0.4–4.0,mIU/L,Low,1.2–3.1,nmol/L,Low,66–181,nmol/L,Normal,1.0–4.0,Index,High
1408,47,Male,0.4,1.0,46.0,57.0,0.4–4.0,mIU/L,Normal,1.2–3.1,nmol/L,Low,66–181,nmol/L,Low,1.0–4.0,Index,High
1409,47,Female,0.2,2.0,148.0,149.0,0.4–4.0,mIU/L,Low,1.2–3.1,nmol/L,Normal,66–181,nmol/L,Normal,1.0–4.0,Index,High
1410,47,Female,1.4,1.3,86.0,89.0,0.4–4.0,mIU/L,Normal,1.2–3.1,nmol/L,Normal,66–181,nmol/L,Normal,1.0–4.0,Index,High
1411,47,,8.0,1.6,58.0,161.0,0.4–4.0,mIU/L,High,1.2–3.1,nmol/L,Normal,66–181,nmol/L,Low,1.0–4.0,Index,High
1412,47,,6.7,2.3,176.0,550.0,0.4–4.0,mIU/L,High,1.2–3.1,nmol/L,Normal,66–181,nmol/L,Normal,1.0–4.0,Index,High
1413,56,Female,1.0,1.7,132.0,121.0,0.4–4.0,mIU/L,Normal,1.2–3.1,nmol/L,Normal,66–181,nmol/L,Normal,1.0–4.0,Index,High
1414,78,Female,1.2,1.6,120.0,114.0,0.4–4.0,mIU/L,Normal,1.2–3.1,nmol/L,Normal,66–181,nmol/L,Normal,1.0–4.0,Index,High
1415,78,Female,0.8,2.3,117.0,114.0,0.4–4.0,mIU/L,Normal,1.2–3.1,nmol/L,Normal,66–181,nmol/L,Normal,1.0–4.0,Index,High
1416,26,Female,6.6,1.7,96.0,97.0,0.4–4.0,mIU/L,High,1.2–3.1,nmol/L,Normal,66–181,nmol/L,Normal,1.0–4.0,Index,High
1417,53,Male,8.5,1.7,93.0,102.0,0.4–4.0,mIU/L,High,1.2–3.1,nmol/L,Normal,66–181,nmol/L,Normal,1.0–4.0,Index,High
1418,74,Female,0.5,1.2,92.0,92.0,0.4–4.0,mIU/L,Normal,1.2–3.1,nmol/L,Normal,66–181,nmol/L,Normal,1.0–4.0,Index,High
1419,66,Female,1.2,2.2,118.0,104.0,0.4–4.0,mIU/L,Normal,1.2–3.1,nmol/L,Normal,66–181,nmol/L,Normal,1.0–4.0,Index,High
1420,55,Male,1.7,1.7,74.0,75.0,0.4–4.0,mIU/L,Normal,1.2–3.1,nmol/L,Normal,66–181,nmol/L,Normal,1.0–4.0,Index,High
1421,55,Male,0.2,1.2,68.0,94.0,0.4–4.0,mIU/L,Low,1.2–3.1,nmol/L,Normal,66–181,nmol/L,Normal,1.0–4.0,Index,High
1422,55,Male,0.3,1.0,142.0,145.0,0.4–4.0,mIU/L,Low,1.2–3.1,nmol/L,Low,66–181,nmol/L,Normal,1.0–4.0,Index,High
1423,51,Female,2.4,1.7,76.0,92.0,0.4–4.0,mIU/L,Normal,1.2–3.1,nmol/L,Normal,66–181,nmol/L,Normal,1.0–4.0,Index,High
1424,78,Female,0.05,1.7,106.0,99.0,0.4–4.0,mIU/L,Low,1.2–3.1,nmol/L,Normal,66–181,nmol/L,Normal,1.0–4.0,Index,High
1425,85,Female,138.0,1.1,27.0,23.0,0.4–4.0,mIU/L,High,1.2–3.1,nmol/L,Low,66–181,nmol/L,Low,1.0–4.0,Index,High
1426,59,Female,2.6,0.8,68.0,93.0,0.4–4.0,mIU/L,Normal,1.2–3.1,nmol/L,Low,66–181,nmol/L,Normal,1.0–4.0,Index,High
1427,42,Male,0.1,1.7,59.0,83.0,0.4–4.0,mIU/L,Low,1.2–3.1,nmol/L,Normal,66–181,nmol/L,Low,1.0–4.0,Index,High
1428,65,Female,1.9,1.3,124.0,145.0,0.4–4.0,mIU/L,Normal,1.2–3.1,nmol/L,Normal,66–181,nmol/L,Normal,1.0–4.0,Index,High
1429,77,Female,9.799999,1.4,134.0,123.0,0.4–4.0,mIU/L,High,1.2–3.1,nmol/L,Normal,66–181,nmol/L,Normal,1.0–4.0,Index,High
1430,23,Female,0.1,2.8,201.0,176.0,0.4–4.0,mIU/L,Low,1.2–3.1,nmol/L,Normal,66–181,nmol/L,High,1.0–4.0,Index,High
1431,59,Male,0.1,1.1,70.0,96.0,0.4–4.0,mIU/L,Low,1.2–3.1,nmol/L,Low,66–181,nmol/L,Normal,1.0–4.0,Index,High
1432,73,Female,2.0,1.7,100.0,102.0,0.4–4.0,mIU/L,Normal,1.2–3.1,nmol/L,Normal,66–181,nmol/L,Normal,1.0–4.0,Index,High
1433,58,Male,2.1,2.5,140.0,108.0,0.4–4.0,mIU/L,Normal,1.2–3.1,nmol/L,Normal,66–181,nmol/L,Normal,1.0–4.0,Index,High
1434,27,Female,1.4,2.2,149.0,115.0,0.4–4.0,mIU/L,Normal,1.2–3.1,nmol/L,Normal,66–181,nmol/L,Normal,1.0–4.0,Index,High
1435,73,Female,3.3,1.5,115.0,106.0,0.4–4.0,mIU/L,Normal,1.2–3.1,nmol/L,Normal,66–181,nmol/L,Normal,1.0–4.0,Index,High
1436,73,Male,2.4,1.2,79.0,104.0,0.4–4.0,mIU/L,Normal,1.2–3.1,nmol/L,Normal,66–181,nmol/L,Normal,1.0–4.0,Index,High
1437,67,Female,0.1,1.0,148.0,163.0,0.4–4.0,mIU/L,Low,1.2–3.1,nmol/L,Low,66–181,nmol/L,Normal,1.0–4.0,Index,High
1438,68,Female,56.0,0.6,23.0,22.0,0.4–4.0,mIU/L,High,1.2–3.1,nmol/L,Low,66–181,nmol/L,Low,1.0–4.0,Index,High
1439,27,Female,2.7,1.8,102.0,94.0,0.4–4.0,mIU/L,Normal,1.2–3.1,nmol/L,Normal,66–181,nmol/L,Normal,1.0–4.0,Index,High
1440,72,Female,0.1,3.2,333.0,450.0,0.4–4.0,mIU/L,Low,1.2–3.1,nmol/L,High,66–181,nmol/L,High,1.0–4.0,Index,High
1441,72,Female,0.1,1.3,101.0,120.0,0.4–4.0,mIU/L,Low,1.2–3.1,nmol/L,Normal,66–181,nmol/L,Normal,1.0–4.0,Index,High
1442,58,Male,8.0,1.3,83.0,98.0,0.4–4.0,mIU/L,High,1.2–3.1,nmol/L,Normal,66–181,nmol/L,Normal,1.0–4.0,Index,High
1443,29,Female,2.5,2.0,91.0,64.0,0.4–4.0,mIU/L,Normal,1.2–3.1,nmol/L,Normal,66–181,nmol/L,Normal,1.0–4.0,Index,High
1444,13,,2.2,1.5,97.0,95.0,0.4–4.0,mIU/L,Normal,1.2–3.1,nmol/L,Normal,66–181,nmol/L,Normal,1.0–4.0,Index,High
1445,52,Female,0.15,0.8,115.0,126.0,0.4–4.0,mIU/L,Low,1.2–3.1,nmol/L,Low,66–181,nmol/L,Normal,1.0–4.0,Index,High
1446,70,Female,1.6,0.5,68.0,90.0,0.4–4.0,mIU/L,Normal,1.2–3.1,nmol/L,Low,66–181,nmol/L,Normal,1.0–4.0,Index,High
1447,34,Female,0.9,2.9,202.0,134.0,0.4–4.0,mIU/L,Normal,1.2–3.1,nmol/L,Normal,66–181,nmol/L,High,1.0–4.0,Index,High
1448,58,Female,0.15,1.7,93.0,94.0,0.4–4.0,mIU/L,Low,1.2–3.1,nmol/L,Normal,66–181,nmol/L,Normal,1.0–4.0,Index,High
1449,85,Female,44.0,2.0,38.0,37.0,0.4–4.0,mIU/L,High,1.2–3.1,nmol/L,Normal,66–181,nmol/L,Low,1.0–4.0,Index,High
1450,72,Female,4.0,1.5,85.0,101.0,0.4–4.0,mIU/L,Normal,1.2–3.1,nmol/L,Normal,66–181,nmol/L,Normal,1.0–4.0,Index,High
1451,72,Male,1.1,1.9,119.0,124.0,0.4–4.0,mIU/L,Normal,1.2–3.1,nmol/L,Normal,66–181,nmol/L,Normal,1.0–4.0,Index,High
1452,72,Male,0.15,1.6,113.0,130.0,0.4–4.0,mIU/L,Low,1.2–3.1,nmol/L,Normal,66–181,nmol/L,Normal,1.0–4.0,Index,High
1453,55,Male,0.15,1.7,136.0,142.0,0.4–4.0,mIU/L,Low,1.2–3.1,nmol/L,Normal,66–181,nmol/L,Normal,1.0–4.0,Index,High
1454,83,Male,1.4,0.8,77.0,98.0,0.4–4.0,mIU/L,Normal,1.2–3.1,nmol/L,Low,66–181,nmol/L,Normal,1.0–4.0,Index,High
1455,31,Female,0.15,0.4,94.0,118.0,0.4–4.0,mIU/L,Low,1.2–3.1,nmol/L,Low,66–181,nmol/L,Normal,1.0–4.0,Index,High
1456,57,Female,0.2,0.7,141.0,153.0,0.4–4.0,mIU/L,Low,1.2–3.1,nmol/L,Low,66–181,nmol/L,Normal,1.0–4.0,Index,High
1457,25,Female,1.0,1.9,106.0,103.0,0.4–4.0,mIU/L,Normal,1.2–3.1,nmol/L,Normal,66–181,nmol/L,Normal,1.0–4.0,Index,High
1458,25,Male,0.15,1.7,97.0,99.0,0.4–4.0,mIU/L,Low,1.2–3.1,nmol/L,Normal,66–181,nmol/L,Normal,1.0–4.0,Index,High
1459,53,Female,1.3,1.9,104.0,100.0,0.4–4.0,mIU/L,Normal,1.2–3.1,nmol/L,Normal,66–181,nmol/L,Normal,1.0–4.0,Index,High
1460,71,Female,3.7,1.4,81.0,71.0,0.4–4.0,mIU/L,Normal,1.2–3.1,nmol/L,Normal,66–181,nmol/L,Normal,1.0–4.0,Index,High
1461,72,Female,0.7,1.7,97.0,98.0,0.4–4.0,mIU/L,Normal,1.2–3.1,nmol/L,Normal,66–181,nmol/L,Normal,1.0–4.0,Index,High
1462,69,Male,0.15,1.5,71.0,118.0,0.4–4.0,mIU/L,Low,1.2–3.1,nmol/L,Normal,66–181,nmol/L,Normal,1.0–4.0,Index,High
1463,75,Male,1.0,0.2,47.0,77.0,0.4–4.0,mIU/L,Normal,1.2–3.1,nmol/L,Low,66–181,nmol/L,Low,1.0–4.0,Index,High
1464,30,Male,0.15,1.3,112.0,130.0,0.4–4.0,mIU/L,Low,1.2–3.1,nmol/L,Normal,66–181,nmol/L,Normal,1.0–4.0,Index,High
1465,74,Male,0.6,0.7,68.0,89.0,0.4–4.0,mIU/L,Normal,1.2–3.1,nmol/L,Low,66–181,nmol/L,Normal,1.0–4.0,Index,High
1466,74,Female,3.1,2.5,168.0,138.0,0.4–4.0,mIU/L,Normal,1.2–3.1,nmol/L,Normal,66–181,nmol/L,Normal,1.0–4.0,Index,High
1467,40,Female,0.15,1.3,105.0,119.0,0.4–4.0,mIU/L,Low,1.2–3.1,nmol/L,Normal,66–181,nmol/L,Normal,1.0–4.0,Index,High
1468,40,Female,0.15,0.7,128.0,154.0,0.4–4.0,mIU/L,Low,1.2–3.1,nmol/L,Low,66–181,nmol/L,Normal,1.0–4.0,Index,High
1469,50,Female,0.25,1.8,128.0,134.0,0.4–4.0,mIU/L,Low,1.2–3.1,nmol/L,Normal,66–181,nmol/L,Normal,1.0–4.0,Index,High
1470,66,Female,1.2,1.5,142.0,131.0,0.4–4.0,mIU/L,Normal,1.2–3.1,nmol/L,Normal,66–181,nmol/L,Normal,1.0–4.0,Index,High
1471,17,Female,2.1,1.8,113.0,109.0,0.4–4.0,mIU/L,Normal,1.2–3.1,nmol/L,Normal,66–181,nmol/L,Normal,1.0–4.0,Index,High
1472,77,Female,1.4,1.7,114.0,119.0,0.4–4.0,mIU/L,Normal,1.2–3.1,nmol/L,Normal,66–181,nmol/L,Normal,1.0–4.0,Index,High
1473,62,Male,0.25,2.0,122.0,123.0,0.4–4.0,mIU/L,Low,1.2–3.1,nmol/L,Normal,66–181,nmol/L,Normal,1.0–4.0,Index,High
1474,62,Female,2.7,1.4,101.0,115.0,0.4–4.0,mIU/L,Normal,1.2–3.1,nmol/L,Normal,66–181,nmol/L,Normal,1.0–4.0,Index,High
1475,70,Female,1.6,1.8,175.0,148.0,0.4–4.0,mIU/L,Normal,1.2–3.1,nmol/L,Normal,66–181,nmol/L,Normal,1.0–4.0,Index,High
1476,58,Male,0.25,1.8,153.0,188.0,0.4–4.0,mIU/L,Low,1.2–3.1,nmol/L,Normal,66–181,nmol/L,Normal,1.0–4.0,Index,High
1477,66,Female,3.1,1.7,76.0,92.0,0.4–4.0,mIU/L,Normal,1.2–3.1,nmol/L,Normal,66–181,nmol/L,Normal,1.0–4.0,Index,High
1478,46,,0.2,2.3,175.0,192.0,0.4–4.0,mIU/L,Low,1.2–3.1,nmol/L,Normal,66–181,nmol/L,Normal,1.0–4.0,Index,High
1479,71,Female,1.2,1.5,105.0,109.0,0.4–4.0,mIU/L,Normal,1.2–3.1,nmol/L,Normal,66–181,nmol/L,Normal,1.0–4.0,Index,High
1480,73,Male,0.25,1.0,96.0,108.0,0.4–4.0,mIU/L,Low,1.2–3.1,nmol/L,Low,66–181,nmol/L,Normal,1.0–4.0,Index,High
1481,66,Female,0.25,2.2,121.0,144.0,0.4–4.0,mIU/L,Low,1.2–3.1,nmol/L,Normal,66–181,nmol/L,Normal,1.0–4.0,Index,High
1482,61,Male,0.25,1.7,103.0,105.0,0.4–4.0,mIU/L,Low,1.2–3.1,nmol/L,Normal,66–181,nmol/L,Normal,1.0–4.0,Index,High
1483,55,Female,2.3,1.6,146.0,140.0,0.4–4.0,mIU/L,Normal,1.2–3.1,nmol/L,Normal,66–181,nmol/L,Normal,1.0–4.0,Index,High
1484,55,Male,1.2,0.8,103.0,113.0,0.4–4.0,mIU/L,Normal,1.2–3.1,nmol/L,Low,66–181,nmol/L,Normal,1.0–4.0,Index,High
1485,55,Male,0.25,0.9,108.0,112.0,0.4–4.0,mIU/L,Low,1.2–3.1,nmol/L,Low,66–181,nmol/L,Normal,1.0–4.0,Index,High
1486,57,Male,0.25,1.1,65.0,78.0,0.4–4.0,mIU/L,Low,1.2–3.1,nmol/L,Low,66–181,nmol/L,Low,1.0–4.0,Index,High
1487,35,Female,0.25,1.3,158.0,179.0,0.4–4.0,mIU/L,Low,1.2–3.1,nmol/L,Normal,66–181,nmol/L,Normal,1.0–4.0,Index,High
1488,35,Female,0.1,1.9,132.0,134.0,0.4–4.0,mIU/L,Low,1.2–3.1,nmol/L,Normal,66–181,nmol/L,Normal,1.0–4.0,Index,High
1489,51,Female,0.4,1.6,88.0,85.0,0.4–4.0,mIU/L,Normal,1.2–3.1,nmol/L,Normal,66–181,nmol/L,Normal,1.0–4.0,Index,High
1490,46,Female,0.7,1.6,107.0,107.0,0.4–4.0,mIU/L,Normal,1.2–3.1,nmol/L,Normal,66–181,nmol/L,Normal,1.0–4.0,Index,High
1491,65,Female,5.9,1.8,98.0,98.0,0.4–4.0,mIU/L,High,1.2–3.1,nmol/L,Normal,66–181,nmol/L,Normal,1.0–4.0,Index,High
1492,65,Female,2.3,1.6,122.0,122.0,0.4–4.0,mIU/L,Normal,1.2–3.1,nmol/L,Normal,66–181,nmol/L,Normal,1.0–4.0,Index,High
1493,41,Female,3.9,1.6,79.0,79.0,0.4–4.0,mIU/L,Normal,1.2–3.1,nmol/L,Normal,66–181,nmol/L,Normal,1.0–4.0,Index,High
1494,67,Female,0.1,1.8,139.0,139.0,0.4–4.0,mIU/L,Low,1.2–3.1,nmol/L,Normal,66–181,nmol/L,Normal,1.0–4.0,Index,High
1495,39,,1.6,1.9,140.0,140.0,0.4–4.0,mIU/L,Normal,1.2–3.1,nmol/L,Normal,66–181,nmol/L,Normal,1.0–4.0,Index,High
1496,58,Female,1.4,1.1,114.0,124.0,0.4–4.0,mIU/L,Normal,1.2–3.1,nmol/L,Low,66–181,nmol/L,Normal,1.0–4.0,Index,High
1497,78,Female,2.9,1.7,103.0,117.0,0.4–4.0,mIU/L,Normal,1.2–3.1,nmol/L,Normal,66–181,nmol/L,Normal,1.0–4.0,Index,High
1498,78,Male,0.1,1.8,93.0,120.0,0.4–4.0,mIU/L,Low,1.2–3.1,nmol/L,Normal,66–181,nmol/L,Normal,1.0–4.0,Index,High
1499,62,Female,0.1,1.3,211.0,218.0,0.4–4.0,mIU/L,Low,1.2–3.1,nmol/L,Normal,66–181,nmol/L,High,1.0–4.0,Index,High
1500,19,Female,0.7,3.1,181.0,136.0,0.4–4.0,mIU/L,Normal,1.2–3.1,nmol/L,Normal,66–181,nmol/L,Normal,1.0–4.0,Index,High
1501,32,Male,150.0,0.4,16.0,17.0,0.4–4.0,mIU/L,High,1.2–3.1,nmol/L,Low,66–181,nmol/L,Low,1.0–4.0,Index,High
1502,67,Female,0.1,1.2,111.0,118.0,0.4–4.0,mIU/L,Low,1.2–3.1,nmol/L,Normal,66–181,nmol/L,Normal,1.0–4.0,Index,High
1503,30,Female,0.1,3.1,202.0,116.0,0.4–4.0,mIU/L,Low,1.2–3.1,nmol/L,Normal,66–181,nmol/L,High,1.0–4.0,Index,High
1504,38,Female,0.1,2.0,109.0,111.0,0.4–4.0,mIU/L,Low,1.2–3.1,nmol/L,Normal,66–181,nmol/L,Normal,1.0–4.0,Index,High
1505,17,Female,0.5,3.4,143.0,100.0,0.4–4.0,mIU/L,Normal,1.2–3.1,nmol/L,High,66–181,nmol/L,Normal,1.0–4.0,Index,High
1506,62,Female,0.1,1.3,109.0,128.0,0.4–4.0,mIU/L,Low,1.2–3.1,nmol/L,Normal,66–181,nmol/L,Normal,1.0–4.0,Index,High
1507,45,Male,3.5,1.7,96.0,102.0,0.4–4.0,mIU/L,Normal,1.2–3.1,nmol/L,Normal,66–181,nmol/L,Normal,1.0–4.0,Index,High
1508,84,Male,0.6,1.5,83.0,88.0,0.4–4.0,mIU/L,Normal,1.2–3.1,nmol/L,Normal,66–181,nmol/L,Normal,1.0–4.0,Index,High
1509,55,Female,4.3,1.5,119.0,110.0,0.4–4.0,mIU/L,High,1.2–3.1,nmol/L,Normal,66–181,nmol/L,Normal,1.0–4.0,Index,High
1510,68,Female,0.1,1.1,116.0,142.0,0.4–4.0,mIU/L,Low,1.2–3.1,nmol/L,Low,66–181,nmol/L,Normal,1.0–4.0,Index,High
1511,68,Male,0.1,1.3,116.0,139.0,0.4–4.0,mIU/L,Low,1.2–3.1,nmol/L,Normal,66–181,nmol/L,Normal,1.0–4.0,Index,High
1512,68,Male,0.9,1.9,104.0,126.0,0.4–4.0,mIU/L,Normal,1.2–3.1,nmol/L,Normal,66–181,nmol/L,Normal,1.0–4.0,Index,High
1513,73,Female,2.7,1.2,87.0,104.0,0.4–4.0,mIU/L,Normal,1.2–3.1,nmol/L,Normal,66–181,nmol/L,Normal,1.0–4.0,Index,High
1514,62,Female,0.1,1.5,198.0,211.0,0.4–4.0,mIU/L,Low,1.2–3.1,nmol/L,Normal,66–181,nmol/L,High,1.0–4.0,Index,High
1515,69,Female,0.1,0.9,86.0,88.0,0.4–4.0,mIU/L,Low,1.2–3.1,nmol/L,Low,66–181,nmol/L,Normal,1.0–4.0,Index,High
1516,41,Male,0.8,2.2,92.0,98.0,0.4–4.0,mIU/L,Normal,1.2–3.1,nmol/L,Normal,66–181,nmol/L,Normal,1.0–4.0,Index,High
1517,48,Male,2.1,1.0,128.0,125.0,0.4–4.0,mIU/L,Normal,1.2–3.1,nmol/L,Low,66–181,nmol/L,Normal,1.0–4.0,Index,High
1518,41,Female,0.1,2.1,148.0,103.0,0.4–4.0,mIU/L,Low,1.2–3.1,nmol/L,Normal,66–181,nmol/L,Normal,1.0–4.0,Index,High
1519,41,Female,53.0,0.4,9.7,6.6,0.4–4.0,mIU/L,High,1.2–3.1,nmol/L,Low,66–181,nmol/L,Low,1.0–4.0,Index,High
1520,20,Female,0.1,0.8,201.0,240.0,0.4–4.0,mIU/L,Low,1.2–3.1,nmol/L,Low,66–181,nmol/L,High,1.0–4.0,Index,High
1521,77,Female,1.7,0.4,64.0,79.0,0.4–4.0,mIU/L,Normal,1.2–3.1,nmol/L,Low,66–181,nmol/L,Low,1.0–4.0,Index,High
1522,65,Male,0.1,1.8,132.0,158.0,0.4–4.0,mIU/L,Low,1.2–3.1,nmol/L,Normal,66–181,nmol/L,Normal,1.0–4.0,Index,High
1523,55,Female,8.4,1.4,44.0,43.0,0.4–4.0,mIU/L,High,1.2–3.1,nmol/L,Normal,66–181,nmol/L,Low,1.0–4.0,Index,High
1524,62,Female,31.0,2.0,65.0,65.0,0.4–4.0,mIU/L,High,1.2–3.1,nmol/L,Normal,66–181,nmol/L,Low,1.0–4.0,Index,High
1525,66,Female,0.15,1.3,134.0,135.0,0.4–4.0,mIU/L,Low,1.2–3.1,nmol/L,Normal,66–181,nmol/L,Normal,1.0–4.0,Index,High
1526,73,Female,2.6,1.6,122.0,120.0,0.4–4.0,mIU/L,Normal,1.2–3.1,nmol/L,Normal,66–181,nmol/L,Normal,1.0–4.0,Index,High
1527,73,Male,0.15,3.0,125.0,154.0,0.4–4.0,mIU/L,Low,1.2–3.1,nmol/L,Normal,66–181,nmol/L,Normal,1.0–4.0,Index,High
1528,41,Female,0.15,1.8,94.0,91.0,0.4–4.0,mIU/L,Low,1.2–3.1,nmol/L,Normal,66–181,nmol/L,Normal,1.0–4.0,Index,High
1529,28,Female,0.8,1.4,141.0,126.0,0.4–4.0,mIU/L,Normal,1.2–3.1,nmol/L,Normal,66–181,nmol/L,Normal,1.0–4.0,Index,High
1530,28,Female,0.15,1.9,131.0,156.0,0.4–4.0,mIU/L,Low,1.2–3.1,nmol/L,Normal,66–181,nmol/L,Normal,1.0–4.0,Index,High
1531,64,Female,0.15,1.3,141.0,158.0,0.4–4.0,mIU/L,Low,1.2–3.1,nmol/L,Normal,66–181,nmol/L,Normal,1.0–4.0,Index,High
1532,35,Male,0.25,4.6,275.0,259.0,0.4–4.0,mIU/L,Low,1.2–3.1,nmol/L,High,66–181,nmol/L,High,1.0–4.0,Index,High
1533,78,Female,1.3,1.6,100.0,90.0,0.4–4.0,mIU/L,Normal,1.2–3.1,nmol/L,Normal,66–181,nmol/L,Normal,1.0–4.0,Index,High
1534,54,Male,0.65,1.3,75.0,109.0,0.4–4.0,mIU/L,Normal,1.2–3.1,nmol/L,Normal,66–181,nmol/L,Normal,1.0–4.0,Index,High
1535,76,Female,0.25,1.1,142.0,148.0,0.4–4.0,mIU/L,Low,1.2–3.1,nmol/L,Low,66–181,nmol/L,Normal,1.0–4.0,Index,High
1536,23,Female,0.25,3.3,247.0,265.0,0.4–4.0,mIU/L,Low,1.2–3.1,nmol/L,High,66–181,nmol/L,High,1.0–4.0,Index,High
1537,56,Female,0.25,3.2,268.0,266.0,0.4–4.0,mIU/L,Low,1.2–3.1,nmol/L,High,66–181,nmol/L,High,1.0–4.0,Index,High
1538,18,Female,0.25,2.5,269.0,165.0,0.4–4.0,mIU/L,Low,1.2–3.1,nmol/L,Normal,66–181,nmol/L,High,1.0–4.0,Index,High
1539,34,Female,0.9,2.5,143.0,114.0,0.4–4.0,mIU/L,Normal,1.2–3.1,nmol/L,Normal,66–181,nmol/L,Normal,1.0–4.0,Index,High
1540,65,Male,0.25,0.9,78.0,116.0,0.4–4.0,mIU/L,Low,1.2–3.1,nmol/L,Low,66–181,nmol/L,Normal,1.0–4.0,Index,High
1541,64,Female,1.3,1.7,127.0,113.0,0.4–4.0,mIU/L,Normal,1.2–3.1,nmol/L,Normal,66–181,nmol/L,Normal,1.0–4.0,Index,High
1542,30,Female,0.25,1.5,108.0,102.0,0.4–4.0,mIU/L,Low,1.2–3.1,nmol/L,Normal,66–181,nmol/L,Normal,1.0–4.0,Index,High
1543,74,Male,0.25,1.4,113.0,136.0,0.4–4.0,mIU/L,Low,1.2–3.1,nmol/L,Normal,66–181,nmol/L,Normal,1.0–4.0,Index,High
1544,79,Female,200.0,0.4,10.0,9.0,0.4–4.0,mIU/L,High,1.2–3.1,nmol/L,Low,66–181,nmol/L,Low,1.0–4.0,Index,High
1545,73,Male,0.25,1.3,127.0,156.0,0.4–4.0,mIU/L,Low,1.2–3.1,nmol/L,Normal,66–181,nmol/L,Normal,1.0–4.0,Index,High
1546,62,Female,0.25,1.2,186.0,212.0,0.4–4.0,mIU/L,Low,1.2–3.1,nmol/L,Normal,66–181,nmol/L,High,1.0–4.0,Index,High
1547,62,Female,0.25,1.7,93.0,97.0,0.4–4.0,mIU/L,Low,1.2–3.1,nmol/L,Normal,66–181,nmol/L,Normal,1.0–4.0,Index,High
1548,62,Female,1.4,1.5,98.0,99.0,0.4–4.0,mIU/L,Normal,1.2–3.1,nmol/L,Normal,66–181,nmol/L,Normal,1.0–4.0,Index,High
1549,66,Female,0.25,1.2,112.0,132.0,0.4–4.0,mIU/L,Low,1.2–3.1,nmol/L,Normal,66–181,nmol/L,Normal,1.0–4.0,Index,High
1550,36,Male,0.25,1.6,79.0,88.0,0.4–4.0,mIU/L,Low,1.2–3.1,nmol/L,Normal,66–181,nmol/L,Normal,1.0–4.0,Index,High
1551,36,,0.25,1.1,131.0,141.0,0.4–4.0,mIU/L,Low,1.2–3.1,nmol/L,Low,66–181,nmol/L,Normal,1.0–4.0,Index,High
1552,85,Female,85.0,0.7,70.0,75.0,0.4–4.0,mIU/L,High,1.2–3.1,nmol/L,Low,66–181,nmol/L,Normal,1.0–4.0,Index,High
1553,36,Male,0.1,2.0,95.0,102.0,0.4–4.0,mIU/L,Low,1.2–3.1,nmol/L,Normal,66–181,nmol/L,Normal,1.0–4.0,Index,High
1554,62,Female,0.15,1.4,64.0,66.0,0.4–4.0,mIU/L,Low,1.2–3.1,nmol/L,Normal,66–181,nmol/L,Low,1.0–4.0,Index,High
1555,27,Male,0.15,1.3,155.0,174.0,0.4–4.0,mIU/L,Low,1.2–3.1,nmol/L,Normal,66–181,nmol/L,Normal,1.0–4.0,Index,High
1556,27,Female,0.15,1.4,106.0,107.0,0.4–4.0,mIU/L,Low,1.2–3.1,nmol/L,Normal,66–181,nmol/L,Normal,1.0–4.0,Index,High
1557,70,Female,5.9,0.4,48.0,68.0,0.4–4.0,mIU/L,High,1.2–3.1,nmol/L,Low,66–181,nmol/L,Low,1.0–4.0,Index,High
1558,71,Female,0.5,1.3,130.0,126.0,0.4–4.0,mIU/L,Normal,1.2–3.1,nmol/L,Normal,66–181,nmol/L,Normal,1.0–4.0,Index,High
1559,67,Female,0.5,2.2,117.0,124.0,0.4–4.0,mIU/L,Normal,1.2–3.1,nmol/L,Normal,66–181,nmol/L,Normal,1.0–4.0,Index,High
1560,45,Female,0.25,1.9,128.0,128.0,0.4–4.0,mIU/L,Low,1.2–3.1,nmol/L,Normal,66–181,nmol/L,Normal,1.0–4.0,Index,High
1561,30,Female,0.15,2.7,216.0,128.0,0.4–4.0,mIU/L,Low,1.2–3.1,nmol/L,Normal,66–181,nmol/L,High,1.0–4.0,Index,High
1562,29,Female,0.5,1.6,95.0,119.0,0.4–4.0,mIU/L,Normal,1.2–3.1,nmol/L,Normal,66–181,nmol/L,Normal,1.0–4.0,Index,High
1563,40,Female,0.7,1.7,127.0,136.0,0.4–4.0,mIU/L,Normal,1.2–3.1,nmol/L,Normal,66–181,nmol/L,Normal,1.0–4.0,Index,High
1564,60,Male,0.6,3.2,95.0,84.0,0.4–4.0,mIU/L,Normal,1.2–3.1,nmol/L,High,66–181,nmol/L,Normal,1.0–4.0,Index,High
1565,75,Female,0.2,1.3,115.0,110.0,0.4–4.0,mIU/L,Low,1.2–3.1,nmol/L,Normal,66–181,nmol/L,Normal,1.0–4.0,Index,High
1566,75,Female,4.0,1.8,82.0,82.0,0.4–4.0,mIU/L,Normal,1.2–3.1,nmol/L,Normal,66–181,nmol/L,Normal,1.0–4.0,Index,High
1567,59,Female,0.15,1.9,143.0,143.0,0.4–4.0,mIU/L,Low,1.2–3.1,nmol/L,Normal,66–181,nmol/L,Normal,1.0–4.0,Index,High
1568,59,Male,0.15,1.6,123.0,124.0,0.4–4.0,mIU/L,Low,1.2–3.1,nmol/L,Normal,66–181,nmol/L,Normal,1.0–4.0,Index,High
1569,85,Female,86.0,0.6,69.0,75.0,0.4–4.0,mIU/L,High,1.2–3.1,nmol/L,Low,66–181,nmol/L,Normal,1.0–4.0,Index,High
1570,59,Female,0.15,2.4,113.0,91.0,0.4–4.0,mIU/L,Low,1.2–3.1,nmol/L,Normal,66–181,nmol/L,Normal,1.0–4.0,Index,High
1571,59,Female,0.5,2.3,116.0,104.0,0.4–4.0,mIU/L,Normal,1.2–3.1,nmol/L,Normal,66–181,nmol/L,Normal,1.0–4.0,Index,High
1572,66,Female,0.15,2.3,105.0,110.0,0.4–4.0,mIU/L,Low,1.2–3.1,nmol/L,Normal,66–181,nmol/L,Normal,1.0–4.0,Index,High
1573,49,Male,0.7,1.9,106.0,109.0,0.4–4.0,mIU/L,Normal,1.2–3.1,nmol/L,Normal,66–181,nmol/L,Normal,1.0–4.0,Index,High
1574,61,Male,0.1,2.1,106.0,107.0,0.4–4.0,mIU/L,Low,1.2–3.1,nmol/L,Normal,66–181,nmol/L,Normal,1.0–4.0,Index,High
1575,52,Female,0.1,2.0,98.0,85.0,0.4–4.0,mIU/L,Low,1.2–3.1,nmol/L,Normal,66–181,nmol/L,Normal,1.0–4.0,Index,High
1576,37,Female,2.3,2.2,126.0,99.0,0.4–4.0,mIU/L,Normal,1.2–3.1,nmol/L,Normal,66–181,nmol/L,Normal,1.0–4.0,Index,High
1577,70,Female,6.3,1.3,125.0,117.0,0.4–4.0,mIU/L,High,1.2–3.1,nmol/L,Normal,66–181,nmol/L,Normal,1.0–4.0,Index,High
1578,70,Male,0.15,2.1,89.0,88.0,0.4–4.0,mIU/L,Low,1.2–3.1,nmol/L,Normal,66–181,nmol/L,Normal,1.0–4.0,Index,High
1579,28,Female,0.6,2.4,112.0,88.0,0.4–4.0,mIU/L,Normal,1.2–3.1,nmol/L,Normal,66–181,nmol/L,Normal,1.0–4.0,Index,High
1580,85,Female,50.0,0.6,74.0,81.0,0.4–4.0,mIU/L,High,1.2–3.1,nmol/L,Low,66–181,nmol/L,Normal,1.0–4.0,Index,High
1581,73,Female,3.1,1.4,104.0,93.0,0.4–4.0,mIU/L,Normal,1.2–3.1,nmol/L,Normal,66–181,nmol/L,Normal,1.0–4.0,Index,High
1582,59,Male,0.1,1.8,126.0,98.0,0.4–4.0,mIU/L,Low,1.2–3.1,nmol/L,Normal,66–181,nmol/L,Normal,1.0–4.0,Index,High
1583,36,Male,0.1,2.2,111.0,96.0,0.4–4.0,mIU/L,Low,1.2–3.1,nmol/L,Normal,66–181,nmol/L,Normal,1.0–4.0,Index,High
1584,28,Female,0.1,1.9,95.0,94.0,0.4–4.0,mIU/L,Low,1.2–3.1,nmol/L,Normal,66–181,nmol/L,Normal,1.0–4.0,Index,High
1585,53,Female,34.0,1.2,44.0,41.0,0.4–4.0,mIU/L,High,1.2–3.1,nmol/L,Normal,66–181,nmol/L,Low,1.0–4.0,Index,High
1586,75,Female,0.7,1.8,122.0,116.0,0.4–4.0,mIU/L,Normal,1.2–3.1,nmol/L,Normal,66–181,nmol/L,Normal,1.0–4.0,Index,High
1587,22,Male,0.15,2.0,223.0,232.0,0.4–4.0,mIU/L,Low,1.2–3.1,nmol/L,Normal,66–181,nmol/L,High,1.0–4.0,Index,High
1588,85,Female,0.4,1.1,101.0,116.0,0.4–4.0,mIU/L,Normal,1.2–3.1,nmol/L,Low,66–181,nmol/L,Normal,1.0–4.0,Index,High
1589,34,Male,0.15,2.2,83.0,73.0,0.4–4.0,mIU/L,Low,1.2–3.1,nmol/L,Normal,66–181,nmol/L,Normal,1.0–4.0,Index,High
1590,58,Female,0.15,1.6,97.0,101.0,0.4–4.0,mIU/L,Low,1.2–3.1,nmol/L,Normal,66–181,nmol/L,Normal,1.0–4.0,Index,High
1591,21,Male,0.2,1.8,100.0,119.0,0.4–4.0,mIU/L,Low,1.2–3.1,nmol/L,Normal,66–181,nmol/L,Normal,1.0–4.0,Index,High
1592,43,Male,16.0,1.9,63.0,57.0,0.4–4.0,mIU/L,High,1.2–3.1,nmol/L,Normal,66–181,nmol/L,Low,1.0–4.0,Index,High
1593,27,Female,0.15,1.9,167.0,216.0,0.4–4.0,mIU/L,Low,1.2–3.1,nmol/L,Normal,66–181,nmol/L,Normal,1.0–4.0,Index,High
1594,32,Male,1.4,2.1,92.0,88.0,0.4–4.0,mIU/L,Normal,1.2–3.1,nmol/L,Normal,66–181,nmol/L,Normal,1.0–4.0,Index,High
1595,16,Female,0.15,2.0,123.0,105.0,0.4–4.0,mIU/L,Low,1.2–3.1,nmol/L,Normal,66–181,nmol/L,Normal,1.0–4.0,Index,High
1596,38,Female,0.15,1.0,77.0,96.0,0.4–4.0,mIU/L,Low,1.2–3.1,nmol/L,Low,66–181,nmol/L,Normal,1.0–4.0,Index,High
1597,78,Female,0.15,0.7,74.0,100.0,0.4–4.0,mIU/L,Low,1.2–3.1,nmol/L,Low,66–181,nmol/L,Normal,1.0–4.0,Index,High
1598,33,Female,0.8,1.4,102.0,106.0,0.4–4.0,mIU/L,Normal,1.2–3.1,nmol/L,Normal,66–181,nmol/L,Normal,1.0–4.0,Index,High
1599,66,Female,0.15,1.6,100.0,94.0,0.4–4.0,mIU/L,Low,1.2–3.1,nmol/L,Normal,66–181,nmol/L,Normal,1.0–4.0,Index,High
1600,56,Female,0.15,1.4,118.0,122.0,0.4–4.0,mIU/L,Low,1.2–3.1,nmol/L,Normal,66–181,nmol/L,Normal,1.0–4.0,Index,High
1601,74,Female,0.15,1.7,100.0,100.0,0.4–4.0,mIU/L,Low,1.2–3.1,nmol/L,Normal,66–181,nmol/L,Normal,1.0–4.0,Index,High
1602,31,Male,0.15,1.7,132.0,101.0,0.4–4.0,mIU/L,Low,1.2–3.1,nmol/L,Normal,66–181,nmol/L,Normal,1.0–4.0,Index,High
1603,70,Male,0.15,1.2,94.0,101.0,0.4–4.0,mIU/L,Low,1.2–3.1,nmol/L,Normal,66–181,nmol/L,Normal,1.0–4.0,Index,High
1604,70,Female,3.8,1.7,79.0,85.0,0.4–4.0,mIU/L,Normal,1.2–3.1,nmol/L,Normal,66–181,nmol/L,Normal,1.0–4.0,Index,High
1605,63,Male,3.0,1.2,87.0,96.0,0.4–4.0,mIU/L,Normal,1.2–3.1,nmol/L,Normal,66–181,nmol/L,Normal,1.0–4.0,Index,High
1606,63,Female,0.9,1.3,101.0,114.0,0.4–4.0,mIU/L,Normal,1.2–3.1,nmol/L,Normal,66–181,nmol/L,Normal,1.0–4.0,Index,High
1607,72,Male,2.7,1.0,80.0,78.0,0.4–4.0,mIU/L,Normal,1.2–3.1,nmol/L,Low,66–181,nmol/L,Normal,1.0–4.0,Index,High
1608,1,Male,0.8,1.5,100.0,107.0,0.4–4.0,mIU/L,Normal,1.2–3.1,nmol/L,Normal,66–181,nmol/L,Normal,1.0–4.0,Index,High
1609,78,Female,0.15,2.0,117.0,104.0,0.4–4.0,mIU/L,Low,1.2–3.1,nmol/L,Normal,66–181,nmol/L,Normal,1.0–4.0,Index,High
1610,75,Female,0.15,1.7,94.0,96.0,0.4–4.0,mIU/L,Low,1.2–3.1,nmol/L,Normal,66–181,nmol/L,Normal,1.0–4.0,Index,High
1611,24,Female,0.15,2.8,159.0,114.0,0.4–4.0,mIU/L,Low,1.2–3.1,nmol/L,Normal,66–181,nmol/L,Normal,1.0–4.0,Index,High
1612,54,Male,0.15,1.7,95.0,107.0,0.4–4.0,mIU/L,Low,1.2–3.1,nmol/L,Normal,66–181,nmol/L,Normal,1.0–4.0,Index,High
1613,37,Male,0.15,1.6,119.0,109.0,0.4–4.0,mIU/L,Low,1.2–3.1,nmol/L,Normal,66–181,nmol/L,Normal,1.0–4.0,Index,High
1614,38,Female,0.15,2.5,131.0,110.0,0.4–4.0,mIU/L,Low,1.2–3.1,nmol/L,Normal,66–181,nmol/L,Normal,1.0–4.0,Index,High
1615,83,Female,9.4,0.6,30.0,29.0,0.4–4.0,mIU/L,High,1.2–3.1,nmol/L,Low,66–181,nmol/L,Low,1.0–4.0,Index,High
1616,59,Male,0.15,4.9,116.0,123.0,0.4–4.0,mIU/L,Low,1.2–3.1,nmol/L,High,66–181,nmol/L,Normal,1.0–4.0,Index,High
1617,55,Female,0.15,1.5,110.0,144.0,0.4–4.0,mIU/L,Low,1.2–3.1,nmol/L,Normal,66–181,nmol/L,Normal,1.0–4.0,Index,High
1618,72,Female,0.15,2.6,110.0,107.0,0.4–4.0,mIU/L,Low,1.2–3.1,nmol/L,Normal,66–181,nmol/L,Normal,1.0–4.0,Index,High
1619,56,Male,0.1,1.7,71.0,84.0,0.4–4.0,mIU/L,Low,1.2–3.1,nmol/L,Normal,66–181,nmol/L,Normal,1.0–4.0,Index,High
1620,71,Female,2.6,1.0,87.0,97.0,0.4–4.0,mIU/L,Normal,1.2–3.1,nmol/L,Low,66–181,nmol/L,Normal,1.0–4.0,Index,High
1621,86,Female,0.1,1.0,65.0,69.0,0.4–4.0,mIU/L,Low,1.2–3.1,nmol/L,Low,66–181,nmol/L,Low,1.0–4.0,Index,High
1622,36,Female,0.1,2.2,160.0,111.0,0.4–4.0,mIU/L,Low,1.2–3.1,nmol/L,Normal,66–181,nmol/L,Normal,1.0–4.0,Index,High
1623,49,Female,0.1,2.0,99.0,111.0,0.4–4.0,mIU/L,Low,1.2–3.1,nmol/L,Normal,66–181,nmol/L,Normal,1.0–4.0,Index,High
1624,80,Female,0.4,1.5,80.0,81.0,0.4–4.0,mIU/L,Normal,1.2–3.1,nmol/L,Normal,66–181,nmol/L,Normal,1.0–4.0,Index,High
1625,31,Male,14.299999,1.9,111.0,101.0,0.4–4.0,mIU/L,High,1.2–3.1,nmol/L,Normal,66–181,nmol/L,Normal,1.0–4.0,Index,High
1626,26,Male,0.6,2.2,111.0,103.0,0.4–4.0,mIU/L,Normal,1.2–3.1,nmol/L,Normal,66–181,nmol/L,Normal,1.0–4.0,Index,High
1627,43,Female,3.7,1.2,107.0,87.0,0.4–4.0,mIU/L,Normal,1.2–3.1,nmol/L,Normal,66–181,nmol/L,Normal,1.0–4.0,Index,High
1628,25,Male,0.1,3.3,164.0,172.0,0.4–4.0,mIU/L,Low,1.2–3.1,nmol/L,High,66–181,nmol/L,Normal,1.0–4.0,Index,High
1629,78,Male,0.1,1.8,107.0,124.0,0.4–4.0,mIU/L,Low,1.2–3.1,nmol/L,Normal,66–181,nmol/L,Normal,1.0–4.0,Index,High
1630,58,Male,0.1,2.1,111.0,108.0,0.4–4.0,mIU/L,Low,1.2–3.1,nmol/L,Normal,66–181,nmol/L,Normal,1.0–4.0,Index,High
1631,43,Female,0.1,1.8,117.0,107.0,0.4–4.0,mIU/L,Low,1.2–3.1,nmol/L,Normal,66–181,nmol/L,Normal,1.0–4.0,Index,High
1632,16,Male,0.7,1.1,99.0,133.0,0.4–4.0,mIU/L,Normal,1.2–3.1,nmol/L,Low,66–181,nmol/L,Normal,1.0–4.0,Index,High
1633,77,Male,7.3,1.2,57.0,44.0,0.4–4.0,mIU/L,High,1.2–3.1,nmol/L,Normal,66–181,nmol/L,Low,1.0–4.0,Index,High
1634,77,Male,0.9,1.5,86.0,88.0,0.4–4.0,mIU/L,Normal,1.2–3.1,nmol/L,Normal,66–181,nmol/L,Normal,1.0–4.0,Index,High
1635,77,Male,0.1,1.8,98.0,98.0,0.4–4.0,mIU/L,Low,1.2–3.1,nmol/L,Normal,66–181,nmol/L,Normal,1.0–4.0,Index,High
1636,77,Female,0.1,0.9,105.0,117.0,0.4–4.0,mIU/L,Low,1.2–3.1,nmol/L,Low,66–181,nmol/L,Normal,1.0–4.0,Index,High
1637,60,Female,1.5,2.1,74.0,67.0,0.4–4.0,mIU/L,Normal,1.2–3.1,nmol/L,Normal,66–181,nmol/L,Normal,1.0–4.0,Index,High
1638,53,Male,0.6,1.9,112.0,109.0,0.4–4.0,mIU/L,Normal,1.2–3.1,nmol/L,Normal,66–181,nmol/L,Normal,1.0–4.0,Index,High
1639,53,,0.1,1.0,83.0,115.0,0.4–4.0,mIU/L,Low,1.2–3.1,nmol/L,Low,66–181,nmol/L,Normal,1.0–4.0,Index,High
1640,63,Male,0.6,1.5,93.0,104.0,0.4–4.0,mIU/L,Normal,1.2–3.1,nmol/L,Normal,66–181,nmol/L,Normal,1.0–4.0,Index,High
1641,37,Male,0.1,2.1,118.0,155.0,0.4–4.0,mIU/L,Low,1.2–3.1,nmol/L,Normal,66–181,nmol/L,Normal,1.0–4.0,Index,High
1642,63,Male,0.1,2.1,99.0,107.0,0.4–4.0,mIU/L,Low,1.2–3.1,nmol/L,Normal,66–181,nmol/L,Normal,1.0–4.0,Index,High
1643,63,Female,5.5,1.7,103.0,107.0,0.4–4.0,mIU/L,High,1.2–3.1,nmol/L,Normal,66–181,nmol/L,Normal,1.0–4.0,Index,High
1644,45,Male,2.1,2.1,96.0,108.0,0.4–4.0,mIU/L,Normal,1.2–3.1,nmol/L,Normal,66–181,nmol/L,Normal,1.0–4.0,Index,High
1645,83,Male,0.1,1.3,100.0,110.0,0.4–4.0,mIU/L,Low,1.2–3.1,nmol/L,Normal,66–181,nmol/L,Normal,1.0–4.0,Index,High
1646,82,Female,0.1,4.3,147.0,139.0,0.4–4.0,mIU/L,Low,1.2–3.1,nmol/L,High,66–181,nmol/L,Normal,1.0–4.0,Index,High
1647,86,Female,0.1,1.5,144.0,178.0,0.4–4.0,mIU/L,Low,1.2–3.1,nmol/L,Normal,66–181,nmol/L,Normal,1.0–4.0,Index,High
1648,86,Female,0.6,1.3,135.0,117.0,0.4–4.0,mIU/L,Normal,1.2–3.1,nmol/L,Normal,66–181,nmol/L,Normal,1.0–4.0,Index,High
1649,87,Female,0.1,1.1,105.0,103.0,0.4–4.0,mIU/L,Low,1.2–3.1,nmol/L,Low,66–181,nmol/L,Normal,1.0–4.0,Index,High
1650,34,Female,49.0,0.4,9.0,9.0,0.4–4.0,mIU/L,High,1.2–3.1,nmol/L,Low,66–181,nmol/L,Low,1.0–4.0,Index,High
1651,17,Female,0.3,2.8,147.0,116.0,0.4–4.0,mIU/L,Low,1.2–3.1,nmol/L,Normal,66–181,nmol/L,Normal,1.0–4.0,Index,High
1652,80,Male,0.1,1.0,141.0,154.0,0.4–4.0,mIU/L,Low,1.2–3.1,nmol/L,Low,66–181,nmol/L,Normal,1.0–4.0,Index,High
1653,45,Female,0.1,1.6,125.0,132.0,0.4–4.0,mIU/L,Low,1.2–3.1,nmol/L,Normal,66–181,nmol/L,Normal,1.0–4.0,Index,High
1654,52,Female,1.8,1.4,83.0,84.0,0.4–4.0,mIU/L,Normal,1.2–3.1,nmol/L,Normal,66–181,nmol/L,Normal,1.0–4.0,Index,High
1655,53,Female,2.8,1.4,63.0,133.0,0.4–4.0,mIU/L,Normal,1.2–3.1,nmol/L,Normal,66–181,nmol/L,Low,1.0–4.0,Index,High
1656,59,Female,3.8,1.8,91.0,111.0,0.4–4.0,mIU/L,Normal,1.2–3.1,nmol/L,Normal,66–181,nmol/L,Normal,1.0–4.0,Index,High
1657,44,Female,0.8,1.2,85.0,91.0,0.4–4.0,mIU/L,Normal,1.2–3.1,nmol/L,Normal,66–181,nmol/L,Normal,1.0–4.0,Index,High
1658,37,Female,1.1,2.2,103.0,105.0,0.4–4.0,mIU/L,Normal,1.2–3.1,nmol/L,Normal,66–181,nmol/L,Normal,1.0–4.0,Index,High
1659,41,Male,0.1,6.2,207.0,232.0,0.4–4.0,mIU/L,Low,1.2–3.1,nmol/L,High,66–181,nmol/L,High,1.0–4.0,Index,High
1660,46,Female,0.1,2.0,197.0,165.0,0.4–4.0,mIU/L,Low,1.2–3.1,nmol/L,Normal,66–181,nmol/L,High,1.0–4.0,Index,High
1661,50,Male,6.2,1.8,118.0,109.0,0.4–4.0,mIU/L,High,1.2–3.1,nmol/L,Normal,66–181,nmol/L,Normal,1.0–4.0,Index,High
1662,31,Female,0.3,2.2,118.0,117.0,0.4–4.0,mIU/L,Low,1.2–3.1,nmol/L,Normal,66–181,nmol/L,Normal,1.0–4.0,Index,High
1663,51,Female,2.5,1.9,116.0,106.0,0.4–4.0,mIU/L,Normal,1.2–3.1,nmol/L,Normal,66–181,nmol/L,Normal,1.0–4.0,Index,High
1664,51,Male,0.1,1.7,90.0,129.0,0.4–4.0,mIU/L,Low,1.2–3.1,nmol/L,Normal,66–181,nmol/L,Normal,1.0–4.0,Index,High
1665,73,Female,0.1,2.5,156.0,120.0,0.4–4.0,mIU/L,Low,1.2–3.1,nmol/L,Normal,66–181,nmol/L,Normal,1.0–4.0,Index,High
1666,63,Female,0.1,1.5,152.0,127.0,0.4–4.0,mIU/L,Low,1.2–3.1,nmol/L,Normal,66–181,nmol/L,Normal,1.0–4.0,Index,High
1667,27,Female,2.3,2.5,70.0,68.0,0.4–4.0,mIU/L,Normal,1.2–3.1,nmol/L,Normal,66–181,nmol/L,Normal,1.0–4.0,Index,High
1668,19,Female,6.0,1.4,106.0,94.0,0.4–4.0,mIU/L,High,1.2–3.1,nmol/L,Normal,66–181,nmol/L,Normal,1.0–4.0,Index,High
1669,64,Female,0.8,1.2,129.0,125.0,0.4–4.0,mIU/L,Normal,1.2–3.1,nmol/L,Normal,66–181,nmol/L,Normal,1.0–4.0,Index,High
1670,40,Female,2.0,1.7,99.0,109.0,0.4–4.0,mIU/L,Normal,1.2–3.1,nmol/L,Normal,66–181,nmol/L,Normal,1.0–4.0,Index,High
1671,59,Female,0.1,1.6,117.0,113.0,0.4–4.0,mIU/L,Low,1.2–3.1,nmol/L,Normal,66–181,nmol/L,Normal,1.0–4.0,Index,High
1672,59,Female,0.1,1.6,108.0,101.0,0.4–4.0,mIU/L,Low,1.2–3.1,nmol/L,Normal,66–181,nmol/L,Normal,1.0–4.0,Index,High
1673,36,Female,0.6,0.9,87.0,148.0,0.4–4.0,mIU/L,Normal,1.2–3.1,nmol/L,Low,66–181,nmol/L,Normal,1.0–4.0,Index,High
1674,36,Male,2.0,1.2,81.0,98.0,0.4–4.0,mIU/L,Normal,1.2–3.1,nmol/L,Normal,66–181,nmol/L,Normal,1.0–4.0,Index,High
1675,77,Female,5.0,1.9,116.0,108.0,0.4–4.0,mIU/L,High,1.2–3.1,nmol/L,Normal,66–181,nmol/L,Normal,1.0–4.0,Index,High
1676,77,Female,3.4,1.4,105.0,106.0,0.4–4.0,mIU/L,Normal,1.2–3.1,nmol/L,Normal,66–181,nmol/L,Normal,1.0–4.0,Index,High
1677,47,Female,0.7,1.4,76.0,99.0,0.4–4.0,mIU/L,Normal,1.2–3.1,nmol/L,Normal,66–181,nmol/L,Normal,1.0–4.0,Index,High
1678,30,Female,0.4,2.9,217.0,133.0,0.4–4.0,mIU/L,Normal,1.2–3.1,nmol/L,Normal,66–181,nmol/L,High,1.0–4.0,Index,High
1679,60,Male,4.0,1.9,78.0,86.0,0.4–4.0,mIU/L,Normal,1.2–3.1,nmol/L,Normal,66–181,nmol/L,Normal,1.0–4.0,Index,High
1680,37,Male,0.7,1.5,69.0,110.0,0.4–4.0,mIU/L,Normal,1.2–3.1,nmol/L,Normal,66–181,nmol/L,Normal,1.0–4.0,Index,High
1681,64,Female,0.9,1.8,94.0,101.0,0.4–4.0,mIU/L,Normal,1.2–3.1,nmol/L,Normal,66–181,nmol/L,Normal,1.0–4.0,Index,High
1682,38,Male,0.1,2.2,96.0,124.0,0.4–4.0,mIU/L,Low,1.2–3.1,nmol/L,Normal,66–181,nmol/L,Normal,1.0–4.0,Index,High
1683,38,Male,0.6,1.9,98.0,89.0,0.4–4.0,mIU/L,Normal,1.2–3.1,nmol/L,Normal,66–181,nmol/L,Normal,1.0–4.0,Index,High
1684,51,Female,82.0,0.6,10.0,10.0,0.4–4.0,mIU/L,High,1.2–3.1,nmol/L,Low,66–181,nmol/L,Low,1.0–4.0,Index,High
1685,31,Female,1.6,1.5,100.0,113.0,0.4–4.0,mIU/L,Normal,1.2–3.1,nmol/L,Normal,66–181,nmol/L,Normal,1.0–4.0,Index,High
1686,60,Male,2.2,2.1,109.0,99.0,0.4–4.0,mIU/L,Normal,1.2–3.1,nmol/L,Normal,66–181,nmol/L,Normal,1.0–4.0,Index,High
1687,80,Female,0.4,1.0,101.0,100.0,0.4–4.0,mIU/L,Normal,1.2–3.1,nmol/L,Low,66–181,nmol/L,Normal,1.0–4.0,Index,High
1688,42,Female,0.1,2.5,112.0,108.0,0.4–4.0,mIU/L,Low,1.2–3.1,nmol/L,Normal,66–181,nmol/L,Normal,1.0–4.0,Index,High
1689,42,Male,1.0,2.0,113.0,125.0,0.4–4.0,mIU/L,Normal,1.2–3.1,nmol/L,Normal,66–181,nmol/L,Normal,1.0–4.0,Index,High
1690,1,Female,0.8,1.6,110.0,143.0,0.4–4.0,mIU/L,Normal,1.2–3.1,nmol/L,Normal,66–181,nmol/L,Normal,1.0–4.0,Index,High
1691,71,Female,77.0,0.3,18.0,17.0,0.4–4.0,mIU/L,High,1.2–3.1,nmol/L,Low,66–181,nmol/L,Low,1.0–4.0,Index,High
1692,76,Female,34.0,1.7,61.0,70.0,0.4–4.0,mIU/L,High,1.2–3.1,nmol/L,Normal,66–181,nmol/L,Low,1.0–4.0,Index,High
1693,43,Female,0.9,2.1,94.0,94.0,0.4–4.0,mIU/L,Normal,1.2–3.1,nmol/L,Normal,66–181,nmol/L,Normal,1.0–4.0,Index,High
1694,54,Female,5.1,1.5,66.0,92.0,0.4–4.0,mIU/L,High,1.2–3.1,nmol/L,Normal,66–181,nmol/L,Normal,1.0–4.0,Index,High
1695,73,Male,0.05,1.0,135.0,154.0,0.4–4.0,mIU/L,Low,1.2–3.1,nmol/L,Low,66–181,nmol/L,Normal,1.0–4.0,Index,High
1696,78,Male,2.4,1.4,65.0,75.0,0.4–4.0,mIU/L,Normal,1.2–3.1,nmol/L,Normal,66–181,nmol/L,Low,1.0–4.0,Index,High
1697,85,Female,13.0,0.6,113.0,131.0,0.4–4.0,mIU/L,High,1.2–3.1,nmol/L,Low,66–181,nmol/L,Normal,1.0–4.0,Index,High
1698,22,Female,0.15,2.0,87.0,98.0,0.4–4.0,mIU/L,Low,1.2–3.1,nmol/L,Normal,66–181,nmol/L,Normal,1.0–4.0,Index,High
1699,22,,0.1,1.6,88.0,111.0,0.4–4.0,mIU/L,Low,1.2–3.1,nmol/L,Normal,66–181,nmol/L,Normal,1.0–4.0,Index,High
1700,55,Male,0.05,1.5,89.0,124.0,0.4–4.0,mIU/L,Low,1.2–3.1,nmol/L,Normal,66–181,nmol/L,Normal,1.0–4.0,Index,High
1701,33,Female,0.05,1.7,109.0,137.0,0.4–4.0,mIU/L,Low,1.2–3.1,nmol/L,Normal,66–181,nmol/L,Normal,1.0–4.0,Index,High
1702,76,Female,1.2,1.6,111.0,114.0,0.4–4.0,mIU/L,Normal,1.2–3.1,nmol/L,Normal,66–181,nmol/L,Normal,1.0–4.0,Index,High
1703,18,Male,2.5,2.7,131.0,149.0,0.4–4.0,mIU/L,Normal,1.2–3.1,nmol/L,Normal,66–181,nmol/L,Normal,1.0–4.0,Index,High
1704,41,Female,0.2,1.2,86.0,116.0,0.4–4.0,mIU/L,Low,1.2–3.1,nmol/L,Normal,66–181,nmol/L,Normal,1.0–4.0,Index,High
1705,57,Male,0.05,3.7,244.0,256.0,0.4–4.0,mIU/L,Low,1.2–3.1,nmol/L,High,66–181,nmol/L,High,1.0–4.0,Index,High
1706,57,Male,0.6,1.3,93.0,118.0,0.4–4.0,mIU/L,Normal,1.2–3.1,nmol/L,Normal,66–181,nmol/L,Normal,1.0–4.0,Index,High
1707,89,Male,1.3,0.9,82.0,103.0,0.4–4.0,mIU/L,Normal,1.2–3.1,nmol/L,Low,66–181,nmol/L,Normal,1.0–4.0,Index,High
1708,60,Male,1.2,1.6,103.0,96.0,0.4–4.0,mIU/L,Normal,1.2–3.1,nmol/L,Normal,66–181,nmol/L,Normal,1.0–4.0,Index,High
1709,50,Male,0.7,1.4,71.0,91.0,0.4–4.0,mIU/L,Normal,1.2–3.1,nmol/L,Normal,66–181,nmol/L,Normal,1.0–4.0,Index,High
1710,78,Male,2.2,1.0,73.0,109.0,0.4–4.0,mIU/L,Normal,1.2–3.1,nmol/L,Low,66–181,nmol/L,Normal,1.0–4.0,Index,High
1711,38,Male,1.6,1.8,84.0,89.0,0.4–4.0,mIU/L,Normal,1.2–3.1,nmol/L,Normal,66–181,nmol/L,Normal,1.0–4.0,Index,High
1712,50,Female,0.2,1.4,109.0,134.0,0.4–4.0,mIU/L,Low,1.2–3.1,nmol/L,Normal,66–181,nmol/L,Normal,1.0–4.0,Index,High
1713,76,Female,0.3,0.9,80.0,144.0,0.4–4.0,mIU/L,Low,1.2–3.1,nmol/L,Low,66–181,nmol/L,Normal,1.0–4.0,Index,High
1714,79,Female,1.3,1.6,94.0,112.0,0.4–4.0,mIU/L,Normal,1.2–3.1,nmol/L,Normal,66–181,nmol/L,Normal,1.0–4.0,Index,High
1715,37,Female,0.05,1.4,154.0,156.0,0.4–4.0,mIU/L,Low,1.2–3.1,nmol/L,Normal,66–181,nmol/L,Normal,1.0–4.0,Index,High
1716,82,Female,0.4,0.8,102.0,138.0,0.4–4.0,mIU/L,Normal,1.2–3.1,nmol/L,Low,66–181,nmol/L,Normal,1.0–4.0,Index,High
1717,85,Female,13.0,0.7,106.0,122.0,0.4–4.0,mIU/L,High,1.2–3.1,nmol/L,Low,66–181,nmol/L,Normal,1.0–4.0,Index,High
1718,63,Female,0.8,2.4,123.0,124.0,0.4–4.0,mIU/L,Normal,1.2–3.1,nmol/L,Normal,66–181,nmol/L,Normal,1.0–4.0,Index,High
1719,64,Male,4.7,2.0,76.0,77.0,0.4–4.0,mIU/L,High,1.2–3.1,nmol/L,Normal,66–181,nmol/L,Normal,1.0–4.0,Index,High
1720,43,Female,1.3,2.6,69.0,73.0,0.4–4.0,mIU/L,Normal,1.2–3.1,nmol/L,Normal,66–181,nmol/L,Normal,1.0–4.0,Index,High
1721,43,Male,0.3,2.1,86.0,103.0,0.4–4.0,mIU/L,Low,1.2–3.1,nmol/L,Normal,66–181,nmol/L,Normal,1.0–4.0,Index,High
1722,54,Female,0.15,2.7,122.0,177.0,0.4–4.0,mIU/L,Low,1.2–3.1,nmol/L,Normal,66–181,nmol/L,Normal,1.0–4.0,Index,High
1723,54,Male,1.1,2.4,70.0,73.0,0.4–4.0,mIU/L,Normal,1.2–3.1,nmol/L,Normal,66–181,nmol/L,Normal,1.0–4.0,Index,High
1724,28,Female,0.15,1.8,83.0,88.0,0.4–4.0,mIU/L,Low,1.2–3.1,nmol/L,Normal,66–181,nmol/L,Normal,1.0–4.0,Index,High
1725,24,Female,52.0,1.2,96.0,102.0,0.4–4.0,mIU/L,High,1.2–3.1,nmol/L,Normal,66–181,nmol/L,Normal,1.0–4.0,Index,High
1726,40,Female,0.15,3.5,126.0,162.0,0.4–4.0,mIU/L,Low,1.2–3.1,nmol/L,High,66–181,nmol/L,Normal,1.0–4.0,Index,High
1727,48,Female,3.4,1.8,87.0,98.0,0.4–4.0,mIU/L,Normal,1.2–3.1,nmol/L,Normal,66–181,nmol/L,Normal,1.0–4.0,Index,High
1728,15,Female,35.0,2.0,19.0,20.0,0.4–4.0,mIU/L,High,1.2–3.1,nmol/L,Normal,66–181,nmol/L,Low,1.0–4.0,Index,High
1729,64,Male,2.7,1.2,98.0,107.0,0.4–4.0,mIU/L,Normal,1.2–3.1,nmol/L,Normal,66–181,nmol/L,Normal,1.0–4.0,Index,High
1730,37,Male,1.6,1.4,95.0,98.0,0.4–4.0,mIU/L,Normal,1.2–3.1,nmol/L,Normal,66–181,nmol/L,Normal,1.0–4.0,Index,High
1731,75,Female,3.3,2.8,169.0,124.0,0.4–4.0,mIU/L,Normal,1.2–3.1,nmol/L,Normal,66–181,nmol/L,Normal,1.0–4.0,Index,High
1732,19,Female,3.4,2.3,92.0,96.0,0.4–4.0,mIU/L,Normal,1.2–3.1,nmol/L,Normal,66–181,nmol/L,Normal,1.0–4.0,Index,High
1733,70,Female,0.15,1.3,112.0,125.0,0.4–4.0,mIU/L,Low,1.2–3.1,nmol/L,Normal,66–181,nmol/L,Normal,1.0–4.0,Index,High
1734,20,Male,0.15,1.6,80.0,101.0,0.4–4.0,mIU/L,Low,1.2–3.1,nmol/L,Normal,66–181,nmol/L,Normal,1.0–4.0,Index,High
1735,25,Male,2.0,1.9,98.0,121.0,0.4–4.0,mIU/L,Normal,1.2–3.1,nmol/L,Normal,66–181,nmol/L,Normal,1.0–4.0,Index,High
1736,54,Female,0.1,2.7,134.0,149.0,0.4–4.0,mIU/L,Low,1.2–3.1,nmol/L,Normal,66–181,nmol/L,Normal,1.0–4.0,Index,High
1737,28,Female,2.6,4.6,170.0,110.0,0.4–4.0,mIU/L,Normal,1.2–3.1,nmol/L,High,66–181,nmol/L,Normal,1.0–4.0,Index,High
1738,17,Female,1.9,2.3,102.0,92.0,0.4–4.0,mIU/L,Normal,1.2–3.1,nmol/L,Normal,66–181,nmol/L,Normal,1.0–4.0,Index,High
1739,34,Female,30.0,3.3,89.0,71.0,0.4–4.0,mIU/L,High,1.2–3.1,nmol/L,High,66–181,nmol/L,Normal,1.0–4.0,Index,High
1740,34,Female,4.0,0.1,31.0,33.0,0.4–4.0,mIU/L,Normal,1.2–3.1,nmol/L,Low,66–181,nmol/L,Low,1.0–4.0,Index,High
1741,58,Male,0.1,2.1,115.0,121.0,0.4–4.0,mIU/L,Low,1.2–3.1,nmol/L,Normal,66–181,nmol/L,Normal,1.0–4.0,Index,High
1742,33,Female,0.1,2.2,153.0,188.0,0.4–4.0,mIU/L,Low,1.2–3.1,nmol/L,Normal,66–181,nmol/L,Normal,1.0–4.0,Index,High
1743,52,Female,27.0,1.6,76.0,70.0,0.4–4.0,mIU/L,High,1.2–3.1,nmol/L,Normal,66–181,nmol/L,Normal,1.0–4.0,Index,High
1744,46,Female,0.1,2.5,145.0,107.0,0.4–4.0,mIU/L,Low,1.2–3.1,nmol/L,Normal,66–181,nmol/L,Normal,1.0–4.0,Index,High
1745,46,Male,1.1,1.3,89.0,114.0,0.4–4.0,mIU/L,Normal,1.2–3.1,nmol/L,Normal,66–181,nmol/L,Normal,1.0–4.0,Index,High
1746,79,Female,0.9,1.2,109.0,128.0,0.4–4.0,mIU/L,Normal,1.2–3.1,nmol/L,Normal,66–181,nmol/L,Normal,1.0–4.0,Index,High
1747,67,Male,0.7,2.1,124.0,111.0,0.4–4.0,mIU/L,Normal,1.2–3.1,nmol/L,Normal,66–181,nmol/L,Normal,1.0–4.0,Index,High
1748,28,Female,0.1,3.0,235.0,171.0,0.4–4.0,mIU/L,Low,1.2–3.1,nmol/L,Normal,66–181,nmol/L,High,1.0–4.0,Index,High
1749,28,,0.9,2.3,89.0,100.0,0.4–4.0,mIU/L,Normal,1.2–3.1,nmol/L,Normal,66–181,nmol/L,Normal,1.0–4.0,Index,High
1750,57,Male,0.1,1.9,121.0,126.0,0.4–4.0,mIU/L,Low,1.2–3.1,nmol/L,Normal,66–181,nmol/L,Normal,1.0–4.0,Index,High
1751,67,Male,2.4,1.6,83.0,95.0,0.4–4.0,mIU/L,Normal,1.2–3.1,nmol/L,Normal,66–181,nmol/L,Normal,1.0–4.0,Index,High
1752,62,Male,1.8,2.2,75.0,79.0,0.4–4.0,mIU/L,Normal,1.2–3.1,nmol/L,Normal,66–181,nmol/L,Normal,1.0–4.0,Index,High
1753,24,Female,0.1,3.0,131.0,107.0,0.4–4.0,mIU/L,Low,1.2–3.1,nmol/L,Normal,66–181,nmol/L,Normal,1.0–4.0,Index,High
1754,69,Female,0.5,1.6,150.0,120.0,0.4–4.0,mIU/L,Normal,1.2–3.1,nmol/L,Normal,66–181,nmol/L,Normal,1.0–4.0,Index,High
1755,57,Female,0.1,6.6,190.0,222.0,0.4–4.0,mIU/L,Low,1.2–3.1,nmol/L,High,66–181,nmol/L,High,1.0–4.0,Index,High
1756,78,Male,0.9,2.2,102.0,100.0,0.4–4.0,mIU/L,Normal,1.2–3.1,nmol/L,Normal,66–181,nmol/L,Normal,1.0–4.0,Index,High
1757,42,Male,0.1,1.9,80.0,119.0,0.4–4.0,mIU/L,Low,1.2–3.1,nmol/L,Normal,66–181,nmol/L,Normal,1.0–4.0,Index,High
1758,51,Male,1.3,2.0,72.0,111.0,0.4–4.0,mIU/L,Normal,1.2–3.1,nmol/L,Normal,66–181,nmol/L,Normal,1.0–4.0,Index,High
1759,34,Female,1.2,2.0,83.0,83.0,0.4–4.0,mIU/L,Normal,1.2–3.1,nmol/L,Normal,66–181,nmol/L,Normal,1.0–4.0,Index,High
1760,34,Female,0.4,3.9,164.0,96.0,0.4–4.0,mIU/L,Normal,1.2–3.1,nmol/L,High,66–181,nmol/L,Normal,1.0–4.0,Index,High
1761,88,Female,0.1,1.5,127.0,162.0,0.4–4.0,mIU/L,Low,1.2–3.1,nmol/L,Normal,66–181,nmol/L,Normal,1.0–4.0,Index,High
1762,88,Male,2.2,2.4,105.0,100.0,0.4–4.0,mIU/L,Normal,1.2–3.1,nmol/L,Normal,66–181,nmol/L,Normal,1.0–4.0,Index,High
1763,55,Male,1.05,1.8,73.0,84.0,0.4–4.0,mIU/L,Normal,1.2–3.1,nmol/L,Normal,66–181,nmol/L,Normal,1.0–4.0,Index,High
1764,65,Female,0.1,2.2,94.0,106.0,0.4–4.0,mIU/L,Low,1.2–3.1,nmol/L,Normal,66–181,nmol/L,Normal,1.0–4.0,Index,High
1765,65,Male,0.6,2.9,102.0,112.0,0.4–4.0,mIU/L,Normal,1.2–3.1,nmol/L,Normal,66–181,nmol/L,Normal,1.0–4.0,Index,High
1766,24,Male,0.1,1.7,95.0,119.0,0.4–4.0,mIU/L,Low,1.2–3.1,nmol/L,Normal,66–181,nmol/L,Normal,1.0–4.0,Index,High
1767,84,Female,0.6,2.3,162.0,158.0,0.4–4.0,mIU/L,Normal,1.2–3.1,nmol/L,Normal,66–181,nmol/L,Normal,1.0–4.0,Index,High
1768,68,Male,1.0,1.5,71.0,88.0,0.4–4.0,mIU/L,Normal,1.2–3.1,nmol/L,Normal,66–181,nmol/L,Normal,1.0–4.0,Index,High
1769,51,Female,1.3,1.4,63.0,64.0,0.4–4.0,mIU/L,Normal,1.2–3.1,nmol/L,Normal,66–181,nmol/L,Low,1.0–4.0,Index,High
1770,73,Male,1.0,1.7,103.0,128.0,0.4–4.0,mIU/L,Normal,1.2–3.1,nmol/L,Normal,66–181,nmol/L,Normal,1.0–4.0,Index,High
1771,36,Female,0.3,2.2,163.0,153.0,0.4–4.0,mIU/L,Low,1.2–3.1,nmol/L,Normal,66–181,nmol/L,Normal,1.0–4.0,Index,High
1772,58,Female,0.1,1.6,72.0,73.0,0.4–4.0,mIU/L,Low,1.2–3.1,nmol/L,Normal,66–181,nmol/L,Normal,1.0–4.0,Index,High
1773,42,,1.8,1.4,108.0,308.0,0.4–4.0,mIU/L,Normal,1.2–3.1,nmol/L,Normal,66–181,nmol/L,Normal,1.0–4.0,Index,High
1774,42,,8.099999,3.5,134.0,482.0,0.4–4.0,mIU/L,High,1.2–3.1,nmol/L,High,66–181,nmol/L,Normal,1.0–4.0,Index,High
1775,67,Female,1.5,1.4,139.0,131.0,0.4–4.0,mIU/L,Normal,1.2–3.1,nmol/L,Normal,66–181,nmol/L,Normal,1.0–4.0,Index,High
1776,67,Female,0.1,1.3,108.0,116.0,0.4–4.0,mIU/L,Low,1.2–3.1,nmol/L,Normal,66–181,nmol/L,Normal,1.0–4.0,Index,High
1777,67,,0.9,2.3,121.0,113.0,0.4–4.0,mIU/L,Normal,1.2–3.1,nmol/L,Normal,66–181,nmol/L,Normal,1.0–4.0,Index,High
1778,63,Male,1.3,0.6,75.0,89.0,0.4–4.0,mIU/L,Normal,1.2–3.1,nmol/L,Low,66–181,nmol/L,Normal,1.0–4.0,Index,High
1779,45,Male,1.3,1.8,62.0,88.0,0.4–4.0,mIU/L,Normal,1.2–3.1,nmol/L,Normal,66–181,nmol/L,Low,1.0–4.0,Index,High
1780,81,Male,1.9,1.5,79.0,85.0,0.4–4.0,mIU/L,Normal,1.2–3.1,nmol/L,Normal,66–181,nmol/L,Normal,1.0–4.0,Index,High
1781,65,Female,8.099999,1.5,108.0,105.0,0.4–4.0,mIU/L,High,1.2–3.1,nmol/L,Normal,66–181,nmol/L,Normal,1.0–4.0,Index,High
1782,62,Female,1.9,1.5,123.0,102.0,0.4–4.0,mIU/L,Normal,1.2–3.1,nmol/L,Normal,66–181,nmol/L,Normal,1.0–4.0,Index,High
1783,60,Female,0.1,2.6,206.0,184.0,0.4–4.0,mIU/L,Low,1.2–3.1,nmol/L,Normal,66–181,nmol/L,High,1.0–4.0,Index,High
1784,73,Female,13.0,0.9,114.0,106.0,0.4–4.0,mIU/L,High,1.2–3.1,nmol/L,Low,66–181,nmol/L,Normal,1.0–4.0,Index,High
1785,19,Female,8.0,1.6,110.0,121.0,0.4–4.0,mIU/L,High,1.2–3.1,nmol/L,Normal,66–181,nmol/L,Normal,1.0–4.0,Index,High
1786,77,Female,2.0,2.4,95.0,94.0,0.4–4.0,mIU/L,Normal,1.2–3.1,nmol/L,Normal,66–181,nmol/L,Normal,1.0–4.0,Index,High
1787,82,Male,3.1,2.0,134.0,135.0,0.4–4.0,mIU/L,Normal,1.2–3.1,nmol/L,Normal,66–181,nmol/L,Normal,1.0–4.0,Index,High
1788,57,Male,1.5,1.9,92.0,100.0,0.4–4.0,mIU/L,Normal,1.2–3.1,nmol/L,Normal,66–181,nmol/L,Normal,1.0–4.0,Index,High
1789,57,Female,0.25,3.2,168.0,160.0,0.4–4.0,mIU/L,Low,1.2–3.1,nmol/L,High,66–181,nmol/L,Normal,1.0–4.0,Index,High
1790,16,Female,1.3,1.8,72.0,80.0,0.4–4.0,mIU/L,Normal,1.2–3.1,nmol/L,Normal,66–181,nmol/L,Normal,1.0–4.0,Index,High
1791,77,Male,4.6,2.1,108.0,105.0,0.4–4.0,mIU/L,High,1.2–3.1,nmol/L,Normal,66–181,nmol/L,Normal,1.0–4.0,Index,High
1792,77,Female,13.299999,2.5,68.0,66.0,0.4–4.0,mIU/L,High,1.2–3.1,nmol/L,Normal,66–181,nmol/L,Normal,1.0–4.0,Index,High
1793,77,Female,2.1,2.6,91.0,87.0,0.4–4.0,mIU/L,Normal,1.2–3.1,nmol/L,Normal,66–181,nmol/L,Normal,1.0–4.0,Index,High
1794,36,Female,0.25,1.7,105.0,136.0,0.4–4.0,mIU/L,Low,1.2–3.1,nmol/L,Normal,66–181,nmol/L,Normal,1.0–4.0,Index,High
1795,49,Female,0.8,2.1,144.0,147.0,0.4–4.0,mIU/L,Normal,1.2–3.1,nmol/L,Normal,66–181,nmol/L,Normal,1.0–4.0,Index,High
1796,25,Male,0.25,2.8,109.0,111.0,0.4–4.0,mIU/L,Low,1.2–3.1,nmol/L,Normal,66–181,nmol/L,Normal,1.0–4.0,Index,High
1797,66,Female,0.25,1.6,153.0,176.0,0.4–4.0,mIU/L,Low,1.2–3.1,nmol/L,Normal,66–181,nmol/L,Normal,1.0–4.0,Index,High
1798,24,Female,0.25,1.8,73.0,82.0,0.4–4.0,mIU/L,Low,1.2–3.1,nmol/L,Normal,66–181,nmol/L,Normal,1.0–4.0,Index,High
1799,37,Female,0.25,1.8,86.0,82.0,0.4–4.0,mIU/L,Low,1.2–3.1,nmol/L,Normal,66–181,nmol/L,Normal,1.0–4.0,Index,High
1800,70,Female,14.0,1.6,68.0,78.0,0.4–4.0,mIU/L,High,1.2–3.1,nmol/L,Normal,66–181,nmol/L,Normal,1.0–4.0,Index,High
1801,50,Male,0.9,1.2,98.0,95.0,0.4–4.0,mIU/L,Normal,1.2–3.1,nmol/L,Normal,66–181,nmol/L,Normal,1.0–4.0,Index,High
1802,60,Female,0.3,2.4,140.0,138.0,0.4–4.0,mIU/L,Low,1.2–3.1,nmol/L,Normal,66–181,nmol/L,Normal,1.0–4.0,Index,High
1803,60,Female,0.3,1.0,80.0,94.0,0.4–4.0,mIU/L,Low,1.2–3.1,nmol/L,Low,66–181,nmol/L,Normal,1.0–4.0,Index,High
1804,53,Female,0.3,1.8,83.0,76.0,0.4–4.0,mIU/L,Low,1.2–3.1,nmol/L,Normal,66–181,nmol/L,Normal,1.0–4.0,Index,High
1805,70,Female,3.1,2.1,69.0,61.0,0.4–4.0,mIU/L,Normal,1.2–3.1,nmol/L,Normal,66–181,nmol/L,Normal,1.0–4.0,Index,High
1806,35,Female,0.3,2.8,107.0,99.0,0.4–4.0,mIU/L,Low,1.2–3.1,nmol/L,Normal,66–181,nmol/L,Normal,1.0–4.0,Index,High
1807,65,Female,1.1,1.5,85.0,88.0,0.4–4.0,mIU/L,Normal,1.2–3.1,nmol/L,Normal,66–181,nmol/L,Normal,1.0–4.0,Index,High
1808,62,Male,0.3,1.7,120.0,112.0,0.4–4.0,mIU/L,Low,1.2–3.1,nmol/L,Normal,66–181,nmol/L,Normal,1.0–4.0,Index,High
1809,62,Male,0.3,1.1,70.0,96.0,0.4–4.0,mIU/L,Low,1.2–3.1,nmol/L,Low,66–181,nmol/L,Normal,1.0–4.0,Index,High
1810,62,Female,2.2,1.4,106.0,91.0,0.4–4.0,mIU/L,Normal,1.2–3.1,nmol/L,Normal,66–181,nmol/L,Normal,1.0–4.0,Index,High
1811,68,Female,0.3,1.6,99.0,104.0,0.4–4.0,mIU/L,Low,1.2–3.1,nmol/L,Normal,66–181,nmol/L,Normal,1.0–4.0,Index,High
1812,40,Male,0.3,1.5,117.0,141.0,0.4–4.0,mIU/L,Low,1.2–3.1,nmol/L,Normal,66–181,nmol/L,Normal,1.0–4.0,Index,High
1813,38,Female,0.3,1.8,140.0,129.0,0.4–4.0,mIU/L,Low,1.2–3.1,nmol/L,Normal,66–181,nmol/L,Normal,1.0–4.0,Index,High
1814,41,Female,0.3,2.0,149.0,149.0,0.4–4.0,mIU/L,Low,1.2–3.1,nmol/L,Normal,66–181,nmol/L,Normal,1.0–4.0,Index,High
1815,69,Female,0.8,1.2,60.0,54.0,0.4–4.0,mIU/L,Normal,1.2–3.1,nmol/L,Normal,66–181,nmol/L,Low,1.0–4.0,Index,High
1816,69,Female,0.3,1.8,121.0,121.0,0.4–4.0,mIU/L,Low,1.2–3.1,nmol/L,Normal,66–181,nmol/L,Normal,1.0–4.0,Index,High
1817,78,Female,28.0,0.2,17.0,16.0,0.4–4.0,mIU/L,High,1.2–3.1,nmol/L,Low,66–181,nmol/L,Low,1.0–4.0,Index,High
1818,89,Male,0.8,0.8,111.0,165.0,0.4–4.0,mIU/L,Normal,1.2–3.1,nmol/L,Low,66–181,nmol/L,Normal,1.0–4.0,Index,High
1819,6,Female,3.2,1.9,78.0,91.0,0.4–4.0,mIU/L,Normal,1.2–3.1,nmol/L,Normal,66–181,nmol/L,Normal,1.0–4.0,Index,High
1820,63,Female,4.7,0.4,38.0,60.0,0.4–4.0,mIU/L,High,1.2–3.1,nmol/L,Low,66–181,nmol/L,Low,1.0–4.0,Index,High
1821,70,Female,0.3,2.0,108.0,103.0,0.4–4.0,mIU/L,Low,1.2–3.1,nmol/L,Normal,66–181,nmol/L,Normal,1.0–4.0,Index,High
1822,70,Female,0.3,1.8,130.0,117.0,0.4–4.0,mIU/L,Low,1.2–3.1,nmol/L,Normal,66–181,nmol/L,Normal,1.0–4.0,Index,High
1823,57,Male,0.3,1.9,129.0,151.0,0.4–4.0,mIU/L,Low,1.2–3.1,nmol/L,Normal,66–181,nmol/L,Normal,1.0–4.0,Index,High
1824,48,Female,125.0,0.2,11.0,11.0,0.4–4.0,mIU/L,High,1.2–3.1,nmol/L,Low,66–181,nmol/L,Low,1.0–4.0,Index,High
1825,29,Female,0.3,4.3,209.0,128.0,0.4–4.0,mIU/L,Low,1.2–3.1,nmol/L,High,66–181,nmol/L,High,1.0–4.0,Index,High
1826,80,Female,0.3,2.6,163.0,180.0,0.4–4.0,mIU/L,Low,1.2–3.1,nmol/L,Normal,66–181,nmol/L,Normal,1.0–4.0,Index,High
1827,26,Female,1.5,1.5,119.0,126.0,0.4–4.0,mIU/L,Normal,1.2–3.1,nmol/L,Normal,66–181,nmol/L,Normal,1.0–4.0,Index,High
1828,35,Female,0.3,2.0,125.0,133.0,0.4–4.0,mIU/L,Low,1.2–3.1,nmol/L,Normal,66–181,nmol/L,Normal,1.0–4.0,Index,High
1829,27,Male,0.3,2.1,148.0,137.0,0.4–4.0,mIU/L,Low,1.2–3.1,nmol/L,Normal,66–181,nmol/L,Normal,1.0–4.0,Index,High
1830,27,Male,0.3,2.0,108.0,107.0,0.4–4.0,mIU/L,Low,1.2–3.1,nmol/L,Normal,66–181,nmol/L,Normal,1.0–4.0,Index,High
1831,72,Female,0.15,1.5,66.0,69.0,0.4–4.0,mIU/L,Low,1.2–3.1,nmol/L,Normal,66–181,nmol/L,Normal,1.0–4.0,Index,High
1832,69,Female,0.15,2.7,101.0,96.0,0.4–4.0,mIU/L,Low,1.2–3.1,nmol/L,Normal,66–181,nmol/L,Normal,1.0–4.0,Index,High
1833,27,Female,5.1,2.3,121.0,101.0,0.4–4.0,mIU/L,High,1.2–3.1,nmol/L,Normal,66–181,nmol/L,Normal,1.0–4.0,Index,High
1834,76,Male,0.15,1.5,125.0,165.0,0.4–4.0,mIU/L,Low,1.2–3.1,nmol/L,Normal,66–181,nmol/L,Normal,1.0–4.0,Index,High
1835,85,Female,0.15,1.4,114.0,149.0,0.4–4.0,mIU/L,Low,1.2–3.1,nmol/L,Normal,66–181,nmol/L,Normal,1.0–4.0,Index,High
1836,66,Female,0.15,1.7,66.0,59.0,0.4–4.0,mIU/L,Low,1.2–3.1,nmol/L,Normal,66–181,nmol/L,Normal,1.0–4.0,Index,High
1837,54,Male,0.15,2.3,88.0,91.0,0.4–4.0,mIU/L,Low,1.2–3.1,nmol/L,Normal,66–181,nmol/L,Normal,1.0–4.0,Index,High
1838,61,Male,0.15,2.2,121.0,105.0,0.4–4.0,mIU/L,Low,1.2–3.1,nmol/L,Normal,66–181,nmol/L,Normal,1.0–4.0,Index,High
1839,67,Female,1.4,0.8,89.0,96.0,0.4–4.0,mIU/L,Normal,1.2–3.1,nmol/L,Low,66–181,nmol/L,Normal,1.0–4.0,Index,High
1840,22,Female,0.9,2.6,172.0,129.0,0.4–4.0,mIU/L,Normal,1.2–3.1,nmol/L,Normal,66–181,nmol/L,Normal,1.0–4.0,Index,High
1841,71,Female,0.2,2.2,119.0,121.0,0.4–4.0,mIU/L,Low,1.2–3.1,nmol/L,Normal,66–181,nmol/L,Normal,1.0–4.0,Index,High
1842,79,Female,15.0,1.3,50.0,55.0,0.4–4.0,mIU/L,High,1.2–3.1,nmol/L,Normal,66–181,nmol/L,Low,1.0–4.0,Index,High
1843,39,Female,1.01,1.7,84.0,99.0,0.4–4.0,mIU/L,Normal,1.2–3.1,nmol/L,Normal,66–181,nmol/L,Normal,1.0–4.0,Index,High
1844,53,Male,1.4,1.9,77.0,100.0,0.4–4.0,mIU/L,Normal,1.2–3.1,nmol/L,Normal,66–181,nmol/L,Normal,1.0–4.0,Index,High
1845,53,Female,1.3,2.1,178.0,178.0,0.4–4.0,mIU/L,Normal,1.2–3.1,nmol/L,Normal,66–181,nmol/L,Normal,1.0–4.0,Index,High
1846,45,Female,0.9,1.8,126.0,136.0,0.4–4.0,mIU/L,Normal,1.2–3.1,nmol/L,Normal,66–181,nmol/L,Normal,1.0–4.0,Index,High
1847,39,Male,8.799999,1.8,67.0,75.0,0.4–4.0,mIU/L,High,1.2–3.1,nmol/L,Normal,66–181,nmol/L,Normal,1.0–4.0,Index,High
1848,61,Female,0.15,1.1,94.0,103.0,0.4–4.0,mIU/L,Low,1.2–3.1,nmol/L,Low,66–181,nmol/L,Normal,1.0–4.0,Index,High
1849,23,Female,1.8,2.4,124.0,107.0,0.4–4.0,mIU/L,Normal,1.2–3.1,nmol/L,Normal,66–181,nmol/L,Normal,1.0–4.0,Index,High
1850,61,Male,0.5,1.3,93.0,111.0,0.4–4.0,mIU/L,Normal,1.2–3.1,nmol/L,Normal,66–181,nmol/L,Normal,1.0–4.0,Index,High
1851,61,Female,288.0,0.7,14.0,12.0,0.4–4.0,mIU/L,High,1.2–3.1,nmol/L,Low,66–181,nmol/L,Low,1.0–4.0,Index,High
1852,50,Female,1.7,2.3,82.0,86.0,0.4–4.0,mIU/L,Normal,1.2–3.1,nmol/L,Normal,66–181,nmol/L,Normal,1.0–4.0,Index,High
1853,46,Female,0.15,1.8,144.0,156.0,0.4–4.0,mIU/L,Low,1.2–3.1,nmol/L,Normal,66–181,nmol/L,Normal,1.0–4.0,Index,High
1854,33,Female,0.6,1.7,115.0,122.0,0.4–4.0,mIU/L,Normal,1.2–3.1,nmol/L,Normal,66–181,nmol/L,Normal,1.0–4.0,Index,High
1855,32,Female,1.3,1.9,84.0,98.0,0.4–4.0,mIU/L,Normal,1.2–3.1,nmol/L,Normal,66–181,nmol/L,Normal,1.0–4.0,Index,High
1856,56,Female,0.1,2.2,125.0,140.0,0.4–4.0,mIU/L,Low,1.2–3.1,nmol/L,Normal,66–181,nmol/L,Normal,1.0–4.0,Index,High
1857,56,,7.5,1.2,37.0,35.0,0.4–4.0,mIU/L,High,1.2–3.1,nmol/L,Normal,66–181,nmol/L,Low,1.0–4.0,Index,High
1858,56,,14.0,4.7,117.0,122.0,0.4–4.0,mIU/L,High,1.2–3.1,nmol/L,High,66–181,nmol/L,Normal,1.0–4.0,Index,High
1859,59,,24.0,8.9,218.0,264.0,0.4–4.0,mIU/L,High,1.2–3.1,nmol/L,High,66–181,nmol/L,High,1.0–4.0,Index,High
1860,58,Male,2.3,2.3,98.0,108.0,0.4–4.0,mIU/L,Normal,1.2–3.1,nmol/L,Normal,66–181,nmol/L,Normal,1.0–4.0,Index,High
1861,38,Female,1.0,2.0,139.0,149.0,0.4–4.0,mIU/L,Normal,1.2–3.1,nmol/L,Normal,66–181,nmol/L,Normal,1.0–4.0,Index,High
1862,20,Female,0.5,1.8,68.0,68.0,0.4–4.0,mIU/L,Normal,1.2–3.1,nmol/L,Normal,66–181,nmol/L,Normal,1.0–4.0,Index,High
1863,53,Female,2.0,1.6,103.0,116.0,0.4–4.0,mIU/L,Normal,1.2–3.1,nmol/L,Normal,66–181,nmol/L,Normal,1.0–4.0,Index,High
1864,84,Female,4.1,1.8,100.0,101.0,0.4–4.0,mIU/L,High,1.2–3.1,nmol/L,Normal,66–181,nmol/L,Normal,1.0–4.0,Index,High
1865,79,Female,0.4,1.5,96.0,142.0,0.4–4.0,mIU/L,Normal,1.2–3.1,nmol/L,Normal,66–181,nmol/L,Normal,1.0–4.0,Index,High
1866,79,Female,2.1,2.2,122.0,108.0,0.4–4.0,mIU/L,Normal,1.2–3.1,nmol/L,Normal,66–181,nmol/L,Normal,1.0–4.0,Index,High
1867,67,Male,3.0,0.9,63.0,92.0,0.4–4.0,mIU/L,Normal,1.2–3.1,nmol/L,Low,66–181,nmol/L,Low,1.0–4.0,Index,High
1868,64,Female,0.4,1.7,137.0,137.0,0.4–4.0,mIU/L,Normal,1.2–3.1,nmol/L,Normal,66–181,nmol/L,Normal,1.0–4.0,Index,High
1869,65,Female,0.5,2.2,112.0,107.0,0.4–4.0,mIU/L,Normal,1.2–3.1,nmol/L,Normal,66–181,nmol/L,Normal,1.0–4.0,Index,High
1870,65,Female,0.4,1.6,108.0,117.0,0.4–4.0,mIU/L,Normal,1.2–3.1,nmol/L,Normal,66–181,nmol/L,Normal,1.0–4.0,Index,High
1871,56,Female,0.4,1.8,139.0,143.0,0.4–4.0,mIU/L,Normal,1.2–3.1,nmol/L,Normal,66–181,nmol/L,Normal,1.0–4.0,Index,High
1872,76,Female,1.4,4.2,112.0,113.0,0.4–4.0,mIU/L,Normal,1.2–3.1,nmol/L,High,66–181,nmol/L,Normal,1.0–4.0,Index,High
1873,75,Female,1.7,1.8,106.0,114.0,0.4–4.0,mIU/L,Normal,1.2–3.1,nmol/L,Normal,66–181,nmol/L,Normal,1.0–4.0,Index,High
1874,64,,1.5,2.2,93.0,110.0,0.4–4.0,mIU/L,Normal,1.2–3.1,nmol/L,Normal,66–181,nmol/L,Normal,1.0–4.0,Index,High
1875,84,Female,0.4,0.9,90.0,102.0,0.4–4.0,mIU/L,Normal,1.2–3.1,nmol/L,Low,66–181,nmol/L,Normal,1.0–4.0,Index,High
1876,52,Female,0.4,2.0,149.0,132.0,0.4–4.0,mIU/L,Normal,1.2–3.1,nmol/L,Normal,66–181,nmol/L,Normal,1.0–4.0,Index,High
1877,57,Female,0.4,2.4,102.0,123.0,0.4–4.0,mIU/L,Normal,1.2–3.1,nmol/L,Normal,66–181,nmol/L,Normal,1.0–4.0,Index,High
1878,57,,1.5,1.7,75.0,89.0,0.4–4.0,mIU/L,Normal,1.2–3.1,nmol/L,Normal,66–181,nmol/L,Normal,1.0–4.0,Index,High
1879,62,Male,3.2,1.7,85.0,98.0,0.4–4.0,mIU/L,Normal,1.2–3.1,nmol/L,Normal,66–181,nmol/L,Normal,1.0–4.0,Index,High
1880,32,Male,2.1,2.0,111.0,118.0,0.4–4.0,mIU/L,Normal,1.2–3.1,nmol/L,Normal,66–181,nmol/L,Normal,1.0–4.0,Index,High
1881,32,Female,2.7,2.6,113.0,110.0,0.4–4.0,mIU/L,Normal,1.2–3.1,nmol/L,Normal,66–181,nmol/L,Normal,1.0–4.0,Index,High
1882,16,Male,0.4,1.7,81.0,94.0,0.4–4.0,mIU/L,Normal,1.2–3.1,nmol/L,Normal,66–181,nmol/L,Normal,1.0–4.0,Index,High
1883,53,Female,0.4,1.7,77.0,97.0,0.4–4.0,mIU/L,Normal,1.2–3.1,nmol/L,Normal,66–181,nmol/L,Normal,1.0–4.0,Index,High
1884,71,Female,0.4,1.4,90.0,132.0,0.4–4.0,mIU/L,Normal,1.2–3.1,nmol/L,Normal,66–181,nmol/L,Normal,1.0–4.0,Index,High
1885,38,Female,0.4,1.9,99.0,111.0,0.4–4.0,mIU/L,Normal,1.2–3.1,nmol/L,Normal,66–181,nmol/L,Normal,1.0–4.0,Index,High
1886,47,Female,0.4,1.7,105.0,105.0,0.4–4.0,mIU/L,Normal,1.2–3.1,nmol/L,Normal,66–181,nmol/L,Normal,1.0–4.0,Index,High
1887,34,Female,0.4,2.5,128.0,122.0,0.4–4.0,mIU/L,Normal,1.2–3.1,nmol/L,Normal,66–181,nmol/L,Normal,1.0–4.0,Index,High
1888,52,Male,0.4,1.7,107.0,140.0,0.4–4.0,mIU/L,Normal,1.2–3.1,nmol/L,Normal,66–181,nmol/L,Normal,1.0–4.0,Index,High
1889,52,Female,0.15,1.2,99.0,128.0,0.4–4.0,mIU/L,Low,1.2–3.1,nmol/L,Normal,66–181,nmol/L,Normal,1.0–4.0,Index,High
1890,53,Female,0.15,1.1,90.0,121.0,0.4–4.0,mIU/L,Low,1.2–3.1,nmol/L,Low,66–181,nmol/L,Normal,1.0–4.0,Index,High
1891,46,Female,0.15,1.2,122.0,120.0,0.4–4.0,mIU/L,Low,1.2–3.1,nmol/L,Normal,66–181,nmol/L,Normal,1.0–4.0,Index,High
1892,29,Female,0.8,1.8,99.0,98.0,0.4–4.0,mIU/L,Normal,1.2–3.1,nmol/L,Normal,66–181,nmol/L,Normal,1.0–4.0,Index,High
1893,14,Female,15.0,1.8,56.0,59.0,0.4–4.0,mIU/L,High,1.2–3.1,nmol/L,Normal,66–181,nmol/L,Low,1.0–4.0,Index,High
1894,36,Female,7.3,1.4,95.0,98.0,0.4–4.0,mIU/L,High,1.2–3.1,nmol/L,Normal,66–181,nmol/L,Normal,1.0–4.0,Index,High
1895,26,Female,0.7,1.3,82.0,106.0,0.4–4.0,mIU/L,Normal,1.2–3.1,nmol/L,Normal,66–181,nmol/L,Normal,1.0–4.0,Index,High
1896,61,Male,1.5,1.3,107.0,165.0,0.4–4.0,mIU/L,Normal,1.2–3.1,nmol/L,Normal,66–181,nmol/L,Normal,1.0–4.0,Index,High
1897,61,Male,0.15,2.2,101.0,119.0,0.4–4.0,mIU/L,Low,1.2–3.1,nmol/L,Normal,66–181,nmol/L,Normal,1.0–4.0,Index,High
1898,28,Male,1.9,2.5,93.0,111.0,0.4–4.0,mIU/L,Normal,1.2–3.1,nmol/L,Normal,66–181,nmol/L,Normal,1.0–4.0,Index,High
1899,27,Female,1.0,2.3,60.0,67.0,0.4–4.0,mIU/L,Normal,1.2–3.1,nmol/L,Normal,66–181,nmol/L,Low,1.0–4.0,Index,High
1900,69,Female,3.6,0.9,88.0,111.0,0.4–4.0,mIU/L,Normal,1.2–3.1,nmol/L,Low,66–181,nmol/L,Normal,1.0–4.0,Index,High
1901,45,Female,1.9,1.0,82.0,112.0,0.4–4.0,mIU/L,Normal,1.2–3.1,nmol/L,Low,66–181,nmol/L,Normal,1.0–4.0,Index,High
1902,54,Male,2.7,1.9,122.0,110.0,0.4–4.0,mIU/L,Normal,1.2–3.1,nmol/L,Normal,66–181,nmol/L,Normal,1.0–4.0,Index,High
1903,73,Male,1.0,0.7,92.0,150.0,0.4–4.0,mIU/L,Normal,1.2–3.1,nmol/L,Low,66–181,nmol/L,Normal,1.0–4.0,Index,High
1904,57,Male,24.0,1.3,52.0,66.0,0.4–4.0,mIU/L,High,1.2–3.1,nmol/L,Normal,66–181,nmol/L,Low,1.0–4.0,Index,High
1905,57,,7.5,1.6,62.0,192.0,0.4–4.0,mIU/L,High,1.2–3.1,nmol/L,Normal,66–181,nmol/L,Low,1.0–4.0,Index,High
1906,57,,4.4,2.8,252.0,881.0,0.4–4.0,mIU/L,High,1.2–3.1,nmol/L,Normal,66–181,nmol/L,High,1.0–4.0,Index,High
1907,51,Male,1.9,1.9,76.0,100.0,0.4–4.0,mIU/L,Normal,1.2–3.1,nmol/L,Normal,66–181,nmol/L,Normal,1.0–4.0,Index,High
1908,24,Male,0.8,2.0,112.0,128.0,0.4–4.0,mIU/L,Normal,1.2–3.1,nmol/L,Normal,66–181,nmol/L,Normal,1.0–4.0,Index,High
1909,40,Female,0.15,1.7,106.0,141.0,0.4–4.0,mIU/L,Low,1.2–3.1,nmol/L,Normal,66–181,nmol/L,Normal,1.0–4.0,Index,High
1910,37,Female,0.15,1.5,95.0,99.0,0.4–4.0,mIU/L,Low,1.2–3.1,nmol/L,Normal,66–181,nmol/L,Normal,1.0–4.0,Index,High
1911,63,Female,2.1,2.0,87.0,84.0,0.4–4.0,mIU/L,Normal,1.2–3.1,nmol/L,Normal,66–181,nmol/L,Normal,1.0–4.0,Index,High
1912,72,Female,143.0,0.4,15.0,15.0,0.4–4.0,mIU/L,High,1.2–3.1,nmol/L,Low,66–181,nmol/L,Low,1.0–4.0,Index,High
1913,55,Female,4.1,2.0,78.0,99.0,0.4–4.0,mIU/L,High,1.2–3.1,nmol/L,Normal,66–181,nmol/L,Normal,1.0–4.0,Index,High
1914,62,Female,1.4,1.9,106.0,98.0,0.4–4.0,mIU/L,Normal,1.2–3.1,nmol/L,Normal,66–181,nmol/L,Normal,1.0–4.0,Index,High
1915,61,Male,0.2,1.8,90.0,128.0,0.4–4.0,mIU/L,Low,1.2–3.1,nmol/L,Normal,66–181,nmol/L,Normal,1.0–4.0,Index,High
1916,58,Female,4.4,2.2,124.0,109.0,0.4–4.0,mIU/L,High,1.2–3.1,nmol/L,Normal,66–181,nmol/L,Normal,1.0–4.0,Index,High
1917,69,Female,2.6,1.7,117.0,129.0,0.4–4.0,mIU/L,Normal,1.2–3.1,nmol/L,Normal,66–181,nmol/L,Normal,1.0–4.0,Index,High
1918,76,Female,2.3,2.1,101.0,90.0,0.4–4.0,mIU/L,Normal,1.2–3.1,nmol/L,Normal,66–181,nmol/L,Normal,1.0–4.0,Index,High
1919,60,Male,0.05,2.7,108.0,98.0,0.4–4.0,mIU/L,Low,1.2–3.1,nmol/L,Normal,66–181,nmol/L,Normal,1.0–4.0,Index,High
1920,33,Male,0.7,2.1,97.0,95.0,0.4–4.0,mIU/L,Normal,1.2–3.1,nmol/L,Normal,66–181,nmol/L,Normal,1.0–4.0,Index,High
1921,72,Female,0.8,2.2,83.0,79.0,0.4–4.0,mIU/L,Normal,1.2–3.1,nmol/L,Normal,66–181,nmol/L,Normal,1.0–4.0,Index,High
1922,50,Female,0.05,2.1,100.0,119.0,0.4–4.0,mIU/L,Low,1.2–3.1,nmol/L,Normal,66–181,nmol/L,Normal,1.0–4.0,Index,High
1923,42,Male,235.0,0.5,2.0,1.4,0.4–4.0,mIU/L,High,1.2–3.1,nmol/L,Low,66–181,nmol/L,Low,1.0–4.0,Index,Normal
1924,69,Female,6.6,1.5,50.0,60.0,0.4–4.0,mIU/L,High,1.2–3.1,nmol/L,Normal,66–181,nmol/L,Low,1.0–4.0,Index,High
1925,68,Male,0.05,2.0,103.0,113.0,0.4–4.0,mIU/L,Low,1.2–3.1,nmol/L,Normal,66–181,nmol/L,Normal,1.0–4.0,Index,High
1926,68,Female,0.3,1.3,96.0,104.0,0.4–4.0,mIU/L,Low,1.2–3.1,nmol/L,Normal,66–181,nmol/L,Normal,1.0–4.0,Index,High
1927,65,Female,0.05,2.3,98.0,109.0,0.4–4.0,mIU/L,Low,1.2–3.1,nmol/L,Normal,66–181,nmol/L,Normal,1.0–4.0,Index,High
1928,13,Female,2.2,2.4,62.0,60.0,0.4–4.0,mIU/L,Normal,1.2–3.1,nmol/L,Normal,66–181,nmol/L,Low,1.0–4.0,Index,High
1929,41,Female,0.1,2.1,72.0,84.0,0.4–4.0,mIU/L,Low,1.2–3.1,nmol/L,Normal,66–181,nmol/L,Normal,1.0–4.0,Index,High
1930,20,Female,0.3,1.2,72.0,87.0,0.4–4.0,mIU/L,Low,1.2–3.1,nmol/L,Normal,66–181,nmol/L,Normal,1.0–4.0,Index,High
1931,61,Female,0.4,1.8,96.0,140.0,0.4–4.0,mIU/L,Normal,1.2–3.1,nmol/L,Normal,66–181,nmol/L,Normal,1.0–4.0,Index,High
1932,70,Female,2.9,1.7,119.0,123.0,0.4–4.0,mIU/L,Normal,1.2–3.1,nmol/L,Normal,66–181,nmol/L,Normal,1.0–4.0,Index,High
1933,55,Female,0.1,4.1,450.0,271.0,0.4–4.0,mIU/L,Low,1.2–3.1,nmol/L,High,66–181,nmol/L,High,1.0–4.0,Index,High
1934,63,Male,5.6,1.4,56.0,58.0,0.4–4.0,mIU/L,High,1.2–3.1,nmol/L,Normal,66–181,nmol/L,Low,1.0–4.0,Index,High
1935,15,Female,14.0,2.1,78.0,79.0,0.4–4.0,mIU/L,High,1.2–3.1,nmol/L,Normal,66–181,nmol/L,Normal,1.0–4.0,Index,High
1936,78,Male,0.3,1.2,118.0,154.0,0.4–4.0,mIU/L,Low,1.2–3.1,nmol/L,Normal,66–181,nmol/L,Normal,1.0–4.0,Index,High
1937,81,Female,0.1,1.8,128.0,150.0,0.4–4.0,mIU/L,Low,1.2–3.1,nmol/L,Normal,66–181,nmol/L,Normal,1.0–4.0,Index,High
1938,84,Female,1.3,1.3,101.0,121.0,0.4–4.0,mIU/L,Normal,1.2–3.1,nmol/L,Normal,66–181,nmol/L,Normal,1.0–4.0,Index,High
1939,84,,0.1,1.9,68.0,86.0,0.4–4.0,mIU/L,Low,1.2–3.1,nmol/L,Normal,66–181,nmol/L,Normal,1.0–4.0,Index,High
1940,84,Male,5.8,1.9,52.0,81.0,0.4–4.0,mIU/L,High,1.2–3.1,nmol/L,Normal,66–181,nmol/L,Low,1.0–4.0,Index,High
1941,19,Female,1.3,4.4,174.0,99.0,0.4–4.0,mIU/L,Normal,1.2–3.1,nmol/L,High,66–181,nmol/L,Normal,1.0–4.0,Index,High
1942,26,Female,0.4,1.9,81.0,102.0,0.4–4.0,mIU/L,Normal,1.2–3.1,nmol/L,Normal,66–181,nmol/L,Normal,1.0–4.0,Index,High
1943,18,Female,1.0,3.0,224.0,136.0,0.4–4.0,mIU/L,Normal,1.2–3.1,nmol/L,Normal,66–181,nmol/L,High,1.0–4.0,Index,High
1944,53,Male,1.0,1.9,86.0,97.0,0.4–4.0,mIU/L,Normal,1.2–3.1,nmol/L,Normal,66–181,nmol/L,Normal,1.0–4.0,Index,High
1945,35,Female,0.3,1.5,70.0,88.0,0.4–4.0,mIU/L,Low,1.2–3.1,nmol/L,Normal,66–181,nmol/L,Normal,1.0–4.0,Index,High
1946,85,Male,0.1,0.8,80.0,125.0,0.4–4.0,mIU/L,Low,1.2–3.1,nmol/L,Low,66–181,nmol/L,Normal,1.0–4.0,Index,High
1947,85,Female,0.1,2.3,76.0,84.0,0.4–4.0,mIU/L,Low,1.2–3.1,nmol/L,Normal,66–181,nmol/L,Normal,1.0–4.0,Index,High
1948,43,Female,0.7,1.9,104.0,104.0,0.4–4.0,mIU/L,Normal,1.2–3.1,nmol/L,Normal,66–181,nmol/L,Normal,1.0–4.0,Index,High
1949,72,Female,0.15,2.2,182.0,214.0,0.4–4.0,mIU/L,Low,1.2–3.1,nmol/L,Normal,66–181,nmol/L,High,1.0–4.0,Index,High
1950,49,Male,1.8,2.2,94.0,103.0,0.4–4.0,mIU/L,Normal,1.2–3.1,nmol/L,Normal,66–181,nmol/L,Normal,1.0–4.0,Index,High
1951,49,Female,3.6,1.5,107.0,147.0,0.4–4.0,mIU/L,Normal,1.2–3.1,nmol/L,Normal,66–181,nmol/L,Normal,1.0–4.0,Index,High
1952,74,Female,7.6,1.6,122.0,108.0,0.4–4.0,mIU/L,High,1.2–3.1,nmol/L,Normal,66–181,nmol/L,Normal,1.0–4.0,Index,High
1953,74,Female,2.9,1.9,60.0,79.0,0.4–4.0,mIU/L,Normal,1.2–3.1,nmol/L,Normal,66–181,nmol/L,Low,1.0–4.0,Index,High
1954,60,Male,0.5,2.3,108.0,161.0,0.4–4.0,mIU/L,Normal,1.2–3.1,nmol/L,Normal,66–181,nmol/L,Normal,1.0–4.0,Index,High
1955,59,Female,4.3,2.2,65.0,79.0,0.4–4.0,mIU/L,High,1.2–3.1,nmol/L,Normal,66–181,nmol/L,Low,1.0–4.0,Index,High
1956,59,Male,2.7,2.1,91.0,112.0,0.4–4.0,mIU/L,Normal,1.2–3.1,nmol/L,Normal,66–181,nmol/L,Normal,1.0–4.0,Index,High
1957,68,Male,1.0,1.6,95.0,108.0,0.4–4.0,mIU/L,Normal,1.2–3.1,nmol/L,Normal,66–181,nmol/L,Normal,1.0–4.0,Index,High
1958,73,Female,3.4,2.5,96.0,99.0,0.4–4.0,mIU/L,Normal,1.2–3.1,nmol/L,Normal,66–181,nmol/L,Normal,1.0–4.0,Index,High
1959,80,Male,0.15,1.6,63.0,90.0,0.4–4.0,mIU/L,Low,1.2–3.1,nmol/L,Normal,66–181,nmol/L,Low,1.0–4.0,Index,High
1960,35,Male,0.15,1.7,106.0,140.0,0.4–4.0,mIU/L,Low,1.2–3.1,nmol/L,Normal,66–181,nmol/L,Normal,1.0–4.0,Index,High
1961,72,Female,1.3,1.5,58.0,109.0,0.4–4.0,mIU/L,Normal,1.2–3.1,nmol/L,Normal,66–181,nmol/L,Low,1.0–4.0,Index,High
1962,65,Female,1.6,1.7,74.0,73.0,0.4–4.0,mIU/L,Normal,1.2–3.1,nmol/L,Normal,66–181,nmol/L,Normal,1.0–4.0,Index,High
1963,87,Female,0.15,1.8,194.0,228.0,0.4–4.0,mIU/L,Low,1.2–3.1,nmol/L,Normal,66–181,nmol/L,High,1.0–4.0,Index,High
1964,38,Female,2.3,1.8,92.0,108.0,0.4–4.0,mIU/L,Normal,1.2–3.1,nmol/L,Normal,66–181,nmol/L,Normal,1.0–4.0,Index,High
1965,70,Female,0.15,2.2,98.0,105.0,0.4–4.0,mIU/L,Low,1.2–3.1,nmol/L,Normal,66–181,nmol/L,Normal,1.0–4.0,Index,High
1966,73,Female,0.15,1.0,100.0,143.0,0.4–4.0,mIU/L,Low,1.2–3.1,nmol/L,Low,66–181,nmol/L,Normal,1.0–4.0,Index,High
1967,73,Female,0.15,1.9,162.0,205.0,0.4–4.0,mIU/L,Low,1.2–3.1,nmol/L,Normal,66–181,nmol/L,Normal,1.0–4.0,Index,High
1968,57,Male,0.15,1.6,93.0,120.0,0.4–4.0,mIU/L,Low,1.2–3.1,nmol/L,Normal,66–181,nmol/L,Normal,1.0–4.0,Index,High
1969,74,Female,0.6,1.7,112.0,111.0,0.4–4.0,mIU/L,Normal,1.2–3.1,nmol/L,Normal,66–181,nmol/L,Normal,1.0–4.0,Index,High
1970,69,Male,0.15,1.9,73.0,94.0,0.4–4.0,mIU/L,Low,1.2–3.1,nmol/L,Normal,66–181,nmol/L,Normal,1.0–4.0,Index,High
1971,29,Female,1.8,3.5,138.0,96.0,0.4–4.0,mIU/L,Normal,1.2–3.1,nmol/L,High,66–181,nmol/L,Normal,1.0–4.0,Index,High
1972,28,Female,0.15,8.099999,111.0,122.0,0.4–4.0,mIU/L,Low,1.2–3.1,nmol/L,High,66–181,nmol/L,Normal,1.0–4.0,Index,High
1973,20,Female,0.5,2.9,138.0,105.0,0.4–4.0,mIU/L,Normal,1.2–3.1,nmol/L,Normal,66–181,nmol/L,Normal,1.0–4.0,Index,High
1974,33,Female,1.7,2.1,107.0,109.0,0.4–4.0,mIU/L,Normal,1.2–3.1,nmol/L,Normal,66–181,nmol/L,Normal,1.0–4.0,Index,High
1975,22,Female,1.3,1.8,89.0,109.0,0.4–4.0,mIU/L,Normal,1.2–3.1,nmol/L,Normal,66–181,nmol/L,Normal,1.0–4.0,Index,High
1976,30,Female,0.35,2.0,106.0,109.0,0.4–4.0,mIU/L,Low,1.2–3.1,nmol/L,Normal,66–181,nmol/L,Normal,1.0–4.0,Index,High
1977,44,Female,0.35,1.1,62.0,85.0,0.4–4.0,mIU/L,Low,1.2–3.1,nmol/L,Low,66–181,nmol/L,Low,1.0–4.0,Index,High
1978,64,Female,1.8,1.6,80.0,72.0,0.4–4.0,mIU/L,Normal,1.2–3.1,nmol/L,Normal,66–181,nmol/L,Normal,1.0–4.0,Index,High
1979,19,Female,0.3,7.6,221.0,256.0,0.4–4.0,mIU/L,Low,1.2–3.1,nmol/L,High,66–181,nmol/L,High,1.0–4.0,Index,High
1980,70,Female,0.3,1.8,159.0,159.0,0.4–4.0,mIU/L,Low,1.2–3.1,nmol/L,Normal,66–181,nmol/L,Normal,1.0–4.0,Index,High
1981,50,Female,0.3,1.7,125.0,130.0,0.4–4.0,mIU/L,Low,1.2–3.1,nmol/L,Normal,66–181,nmol/L,Normal,1.0–4.0,Index,High
1982,58,Female,1.2,1.9,90.0,85.0,0.4–4.0,mIU/L,Normal,1.2–3.1,nmol/L,Normal,66–181,nmol/L,Normal,1.0–4.0,Index,High
1983,48,Female,0.3,8.9,212.0,240.0,0.4–4.0,mIU/L,Low,1.2–3.1,nmol/L,High,66–181,nmol/L,High,1.0–4.0,Index,High
1984,62,Male,1.2,2.5,102.0,92.0,0.4–4.0,mIU/L,Normal,1.2–3.1,nmol/L,Normal,66–181,nmol/L,Normal,1.0–4.0,Index,High
1985,57,Female,1.1,1.8,81.0,59.0,0.4–4.0,mIU/L,Normal,1.2–3.1,nmol/L,Normal,66–181,nmol/L,Normal,1.0–4.0,Index,High
1986,77,Male,0.3,1.9,70.0,73.0,0.4–4.0,mIU/L,Low,1.2–3.1,nmol/L,Normal,66–181,nmol/L,Normal,1.0–4.0,Index,High
1987,80,Male,2.1,1.8,104.0,117.0,0.4–4.0,mIU/L,Normal,1.2–3.1,nmol/L,Normal,66–181,nmol/L,Normal,1.0–4.0,Index,High
1988,66,Female,0.25,5.0,215.0,183.0,0.4–4.0,mIU/L,Low,1.2–3.1,nmol/L,High,66–181,nmol/L,High,1.0–4.0,Index,High
1989,64,Female,2.1,4.5,208.0,118.0,0.4–4.0,mIU/L,Normal,1.2–3.1,nmol/L,High,66–181,nmol/L,High,1.0–4.0,Index,High
1990,61,Female,1.5,1.8,113.0,112.0,0.4–4.0,mIU/L,Normal,1.2–3.1,nmol/L,Normal,66–181,nmol/L,Normal,1.0–4.0,Index,High
1991,66,Male,1.5,1.9,59.0,96.0,0.4–4.0,mIU/L,Normal,1.2–3.1,nmol/L,Normal,66–181,nmol/L,Low,1.0–4.0,Index,High
1992,39,Male,0.25,3.1,85.0,97.0,0.4–4.0,mIU/L,Low,1.2–3.1,nmol/L,Normal,66–181,nmol/L,Normal,1.0–4.0,Index,High
1993,69,Female,6.5,1.8,45.0,51.0,0.4–4.0,mIU/L,High,1.2–3.1,nmol/L,Normal,66–181,nmol/L,Low,1.0–4.0,Index,High
1994,83,Female,0.25,1.1,117.0,170.0,0.4–4.0,mIU/L,Low,1.2–3.1,nmol/L,Low,66–181,nmol/L,Normal,1.0–4.0,Index,High
1995,59,Male,0.7,1.9,96.0,101.0,0.4–4.0,mIU/L,Normal,1.2–3.1,nmol/L,Normal,66–181,nmol/L,Normal,1.0–4.0,Index,High
1996,59,Female,1.2,1.9,89.0,89.0,0.4–4.0,mIU/L,Normal,1.2–3.1,nmol/L,Normal,66–181,nmol/L,Normal,1.0–4.0,Index,High
1997,41,Female,18.0,2.1,93.0,80.0,0.4–4.0,mIU/L,High,1.2–3.1,nmol/L,Normal,66–181,nmol/L,Normal,1.0–4.0,Index,High
1998,78,Female,0.25,2.1,100.0,85.0,0.4–4.0,mIU/L,Low,1.2–3.1,nmol/L,Normal,66–181,nmol/L,Normal,1.0–4.0,Index,High
1999,80,Female,0.25,1.0,86.0,134.0,0.4–4.0,mIU/L,Low,1.2–3.1,nmol/L,Low,66–181,nmol/L,Normal,1.0–4.0,Index,High
2000,51,Male,0.25,2.2,129.0,122.0,0.4–4.0,mIU/L,Low,1.2–3.1,nmol/L,Normal,66–181,nmol/L,Normal,1.0–4.0,Index,High
2001,61,Female,0.25,1.8,102.0,135.0,0.4–4.0,mIU/L,Low,1.2–3.1,nmol/L,Normal,66–181,nmol/L,Normal,1.0–4.0,Index,High
2002,69,Female,6.5,2.1,56.0,64.0,0.4–4.0,mIU/L,High,1.2–3.1,nmol/L,Normal,66–181,nmol/L,Low,1.0–4.0,Index,High
2003,69,Female,0.3,1.9,94.0,90.0,0.4–4.0,mIU/L,Low,1.2–3.1,nmol/L,Normal,66–181,nmol/L,Normal,1.0–4.0,Index,High
2004,31,Female,1.8,1.6,98.0,131.0,0.4–4.0,mIU/L,Normal,1.2–3.1,nmol/L,Normal,66–181,nmol/L,Normal,1.0–4.0,Index,High
2005,37,Female,0.25,2.0,107.0,99.0,0.4–4.0,mIU/L,Low,1.2–3.1,nmol/L,Normal,66–181,nmol/L,Normal,1.0–4.0,Index,High
2006,75,Female,0.25,1.1,92.0,91.0,0.4–4.0,mIU/L,Low,1.2–3.1,nmol/L,Low,66–181,nmol/L,Normal,1.0–4.0,Index,High
2007,75,Female,0.25,1.2,115.0,115.0,0.4–4.0,mIU/L,Low,1.2–3.1,nmol/L,Normal,66–181,nmol/L,Normal,1.0–4.0,Index,High
2008,37,Female,0.25,0.7,61.0,84.0,0.4–4.0,mIU/L,Low,1.2–3.1,nmol/L,Low,66–181,nmol/L,Low,1.0–4.0,Index,High
2009,47,Male,1.0,1.3,78.0,96.0,0.4–4.0,mIU/L,Normal,1.2–3.1,nmol/L,Normal,66–181,nmol/L,Normal,1.0–4.0,Index,High
2010,40,Male,0.25,2.5,106.0,106.0,0.4–4.0,mIU/L,Low,1.2–3.1,nmol/L,Normal,66–181,nmol/L,Normal,1.0–4.0,Index,High
2011,74,Female,1.4,1.4,126.0,141.0,0.4–4.0,mIU/L,Normal,1.2–3.1,nmol/L,Normal,66–181,nmol/L,Normal,1.0–4.0,Index,High
2012,72,Female,0.25,2.6,92.0,98.0,0.4–4.0,mIU/L,Low,1.2–3.1,nmol/L,Normal,66–181,nmol/L,Normal,1.0–4.0,Index,High
2013,73,Female,5.1,1.5,101.0,89.0,0.4–4.0,mIU/L,High,1.2–3.1,nmol/L,Normal,66–181,nmol/L,Normal,1.0–4.0,Index,High
2014,73,Female,0.6,1.5,120.0,146.0,0.4–4.0,mIU/L,Normal,1.2–3.1,nmol/L,Normal,66–181,nmol/L,Normal,1.0–4.0,Index,High
2015,24,Female,0.25,3.0,143.0,108.0,0.4–4.0,mIU/L,Low,1.2–3.1,nmol/L,Normal,66–181,nmol/L,Normal,1.0–4.0,Index,High
2016,47,,1.9,2.4,102.0,78.0,0.4–4.0,mIU/L,Normal,1.2–3.1,nmol/L,Normal,66–181,nmol/L,Normal,1.0–4.0,Index,High
2017,64,Male,0.9,1.7,77.0,85.0,0.4–4.0,mIU/L,Normal,1.2–3.1,nmol/L,Normal,66–181,nmol/L,Normal,1.0–4.0,Index,High
2018,23,Female,0.25,2.6,139.0,153.0,0.4–4.0,mIU/L,Low,1.2–3.1,nmol/L,Normal,66–181,nmol/L,Normal,1.0–4.0,Index,High
2019,69,Male,0.25,1.6,86.0,123.0,0.4–4.0,mIU/L,Low,1.2–3.1,nmol/L,Normal,66–181,nmol/L,Normal,1.0–4.0,Index,High
2020,48,Male,2.1,2.0,86.0,110.0,0.4–4.0,mIU/L,Normal,1.2–3.1,nmol/L,Normal,66–181,nmol/L,Normal,1.0–4.0,Index,High
2021,67,Female,1.3,2.4,87.0,80.0,0.4–4.0,mIU/L,Normal,1.2–3.1,nmol/L,Normal,66–181,nmol/L,Normal,1.0–4.0,Index,High
2022,76,Female,0.1,2.9,124.0,97.0,0.4–4.0,mIU/L,Low,1.2–3.1,nmol/L,Normal,66–181,nmol/L,Normal,1.0–4.0,Index,High
2023,62,Female,11.0,0.8,73.0,98.0,0.4–4.0,mIU/L,High,1.2–3.1,nmol/L,Low,66–181,nmol/L,Normal,1.0–4.0,Index,High
2024,49,Female,0.6,2.3,113.0,111.0,0.4–4.0,mIU/L,Normal,1.2–3.1,nmol/L,Normal,66–181,nmol/L,Normal,1.0–4.0,Index,High
2025,53,Male,2.3,2.0,63.0,66.0,0.4–4.0,mIU/L,Normal,1.2–3.1,nmol/L,Normal,66–181,nmol/L,Low,1.0–4.0,Index,High
2026,39,,0.6,2.0,114.0,114.0,0.4–4.0,mIU/L,Normal,1.2–3.1,nmol/L,Normal,66–181,nmol/L,Normal,1.0–4.0,Index,High
2027,65,Male,1.6,1.8,78.0,85.0,0.4–4.0,mIU/L,Normal,1.2–3.1,nmol/L,Normal,66–181,nmol/L,Normal,1.0–4.0,Index,High
2028,76,Female,0.1,2.1,98.0,97.0,0.4–4.0,mIU/L,Low,1.2–3.1,nmol/L,Normal,66–181,nmol/L,Normal,1.0–4.0,Index,High
2029,62,Male,2.1,2.1,87.0,94.0,0.4–4.0,mIU/L,Normal,1.2–3.1,nmol/L,Normal,66–181,nmol/L,Normal,1.0–4.0,Index,High
2030,77,Male,0.9,2.4,100.0,124.0,0.4–4.0,mIU/L,Normal,1.2–3.1,nmol/L,Normal,66–181,nmol/L,Normal,1.0–4.0,Index,High
2031,77,Female,0.8,1.4,124.0,103.0,0.4–4.0,mIU/L,Normal,1.2–3.1,nmol/L,Normal,66–181,nmol/L,Normal,1.0–4.0,Index,High
2032,78,Female,25.0,0.9,50.0,60.0,0.4–4.0,mIU/L,High,1.2–3.1,nmol/L,Low,66–181,nmol/L,Low,1.0–4.0,Index,High
2033,72,Male,0.3,0.6,120.0,113.0,0.4–4.0,mIU/L,Low,1.2–3.1,nmol/L,Low,66–181,nmol/L,Normal,1.0–4.0,Index,High
2034,22,Female,0.9,2.5,110.0,110.0,0.4–4.0,mIU/L,Normal,1.2–3.1,nmol/L,Normal,66–181,nmol/L,Normal,1.0–4.0,Index,High
2035,33,Male,0.4,2.2,90.0,91.0,0.4–4.0,mIU/L,Normal,1.2–3.1,nmol/L,Normal,66–181,nmol/L,Normal,1.0–4.0,Index,High
2036,44,Female,0.9,1.8,119.0,120.0,0.4–4.0,mIU/L,Normal,1.2–3.1,nmol/L,Normal,66–181,nmol/L,Normal,1.0–4.0,Index,High
2037,31,Female,0.1,3.2,207.0,132.0,0.4–4.0,mIU/L,Low,1.2–3.1,nmol/L,High,66–181,nmol/L,High,1.0–4.0,Index,High
2038,38,,9.599999,4.8,168.0,612.0,0.4–4.0,mIU/L,High,1.2–3.1,nmol/L,High,66–181,nmol/L,Normal,1.0–4.0,Index,High
2039,38,,7.9,4.7,123.0,445.0,0.4–4.0,mIU/L,High,1.2–3.1,nmol/L,High,66–181,nmol/L,Normal,1.0–4.0,Index,High
2040,72,Female,0.1,2.5,180.0,217.0,0.4–4.0,mIU/L,Low,1.2–3.1,nmol/L,Normal,66–181,nmol/L,Normal,1.0–4.0,Index,High
2041,78,Female,0.1,0.6,70.0,177.0,0.4–4.0,mIU/L,Low,1.2–3.1,nmol/L,Low,66–181,nmol/L,Normal,1.0–4.0,Index,High
2042,61,Female,9.799999,0.4,81.0,126.0,0.4–4.0,mIU/L,High,1.2–3.1,nmol/L,Low,66–181,nmol/L,Normal,1.0–4.0,Index,High
2043,38,Male,0.1,1.5,106.0,134.0,0.4–4.0,mIU/L,Low,1.2–3.1,nmol/L,Normal,66–181,nmol/L,Normal,1.0–4.0,Index,High
2044,83,Female,2.9,1.4,95.0,118.0,0.4–4.0,mIU/L,Normal,1.2–3.1,nmol/L,Normal,66–181,nmol/L,Normal,1.0–4.0,Index,High
2045,53,Male,1.4,1.9,104.0,112.0,0.4–4.0,mIU/L,Normal,1.2–3.1,nmol/L,Normal,66–181,nmol/L,Normal,1.0–4.0,Index,High
2046,66,Female,0.1,1.8,108.0,151.0,0.4–4.0,mIU/L,Low,1.2–3.1,nmol/L,Normal,66–181,nmol/L,Normal,1.0–4.0,Index,High
2047,49,Male,0.5,1.8,86.0,105.0,0.4–4.0,mIU/L,Normal,1.2–3.1,nmol/L,Normal,66–181,nmol/L,Normal,1.0–4.0,Index,High
2048,61,Male,1.0,2.2,91.0,105.0,0.4–4.0,mIU/L,Normal,1.2–3.1,nmol/L,Normal,66–181,nmol/L,Normal,1.0–4.0,Index,High
2049,49,Male,0.1,1.3,82.0,82.0,0.4–4.0,mIU/L,Low,1.2–3.1,nmol/L,Normal,66–181,nmol/L,Normal,1.0–4.0,Index,High
2050,28,Female,0.1,1.8,85.0,109.0,0.4–4.0,mIU/L,Low,1.2–3.1,nmol/L,Normal,66–181,nmol/L,Normal,1.0–4.0,Index,High
2051,55,Female,0.05,2.8,189.0,114.0,0.4–4.0,mIU/L,Low,1.2–3.1,nmol/L,Normal,66–181,nmol/L,High,1.0–4.0,Index,High
2052,63,Male,0.3,0.8,74.0,87.0,0.4–4.0,mIU/L,Low,1.2–3.1,nmol/L,Low,66–181,nmol/L,Normal,1.0–4.0,Index,High
2053,59,Female,0.05,3.6,94.0,92.0,0.4–4.0,mIU/L,Low,1.2–3.1,nmol/L,High,66–181,nmol/L,Normal,1.0–4.0,Index,High
2054,67,Male,2.1,2.0,83.0,87.0,0.4–4.0,mIU/L,Normal,1.2–3.1,nmol/L,Normal,66–181,nmol/L,Normal,1.0–4.0,Index,High
2055,72,Female,1.0,1.7,93.0,119.0,0.4–4.0,mIU/L,Normal,1.2–3.1,nmol/L,Normal,66–181,nmol/L,Normal,1.0–4.0,Index,High
2056,78,Male,2.4,1.3,87.0,97.0,0.4–4.0,mIU/L,Normal,1.2–3.1,nmol/L,Normal,66–181,nmol/L,Normal,1.0–4.0,Index,High
2057,62,Female,2.6,2.1,79.0,90.0,0.4–4.0,mIU/L,Normal,1.2–3.1,nmol/L,Normal,66–181,nmol/L,Normal,1.0–4.0,Index,High
2058,62,Male,1.4,3.9,97.0,115.0,0.4–4.0,mIU/L,Normal,1.2–3.1,nmol/L,High,66–181,nmol/L,Normal,1.0–4.0,Index,High
2059,65,Female,2.0,2.6,134.0,136.0,0.4–4.0,mIU/L,Normal,1.2–3.1,nmol/L,Normal,66–181,nmol/L,Normal,1.0–4.0,Index,High
2060,80,Female,0.8,2.3,124.0,118.0,0.4–4.0,mIU/L,Normal,1.2–3.1,nmol/L,Normal,66–181,nmol/L,Normal,1.0–4.0,Index,High
2061,70,Female,2.3,1.8,122.0,144.0,0.4–4.0,mIU/L,Normal,1.2–3.1,nmol/L,Normal,66–181,nmol/L,Normal,1.0–4.0,Index,High
2062,57,Male,0.3,2.1,122.0,150.0,0.4–4.0,mIU/L,Low,1.2–3.1,nmol/L,Normal,66–181,nmol/L,Normal,1.0–4.0,Index,High
2063,57,Male,1.0,2.2,79.0,114.0,0.4–4.0,mIU/L,Normal,1.2–3.1,nmol/L,Normal,66–181,nmol/L,Normal,1.0–4.0,Index,High
2064,47,Male,0.3,2.1,99.0,117.0,0.4–4.0,mIU/L,Low,1.2–3.1,nmol/L,Normal,66–181,nmol/L,Normal,1.0–4.0,Index,High
2065,58,Female,0.8,2.2,96.0,111.0,0.4–4.0,mIU/L,Normal,1.2–3.1,nmol/L,Normal,66–181,nmol/L,Normal,1.0–4.0,Index,High
2066,58,Female,0.05,1.9,123.0,124.0,0.4–4.0,mIU/L,Low,1.2–3.1,nmol/L,Normal,66–181,nmol/L,Normal,1.0–4.0,Index,High
2067,36,Male,0.3,1.1,69.0,114.0,0.4–4.0,mIU/L,Low,1.2–3.1,nmol/L,Low,66–181,nmol/L,Normal,1.0–4.0,Index,High
2068,16,Female,0.05,6.2,255.0,244.0,0.4–4.0,mIU/L,Low,1.2–3.1,nmol/L,High,66–181,nmol/L,High,1.0–4.0,Index,High
2069,56,Female,8.2,2.0,66.0,70.0,0.4–4.0,mIU/L,High,1.2–3.1,nmol/L,Normal,66–181,nmol/L,Normal,1.0–4.0,Index,High
2070,31,Male,0.8,2.6,113.0,123.0,0.4–4.0,mIU/L,Normal,1.2–3.1,nmol/L,Normal,66–181,nmol/L,Normal,1.0–4.0,Index,High
2071,42,,0.05,2.0,129.0,126.0,0.4–4.0,mIU/L,Low,1.2–3.1,nmol/L,Normal,66–181,nmol/L,Normal,1.0–4.0,Index,High
2072,29,Male,0.2,2.2,89.0,90.0,0.4–4.0,mIU/L,Low,1.2–3.1,nmol/L,Normal,66–181,nmol/L,Normal,1.0–4.0,Index,High
2073,55,Female,0.2,3.6,301.0,172.0,0.4–4.0,mIU/L,Low,1.2–3.1,nmol/L,High,66–181,nmol/L,High,1.0–4.0,Index,High
2074,55,Male,7.6,1.0,86.0,102.0,0.4–4.0,mIU/L,High,1.2–3.1,nmol/L,Low,66–181,nmol/L,Normal,1.0–4.0,Index,High
2075,40,Male,0.2,1.6,95.0,96.0,0.4–4.0,mIU/L,Low,1.2–3.1,nmol/L,Normal,66–181,nmol/L,Normal,1.0–4.0,Index,High
2076,27,Female,1.7,1.9,146.0,123.0,0.4–4.0,mIU/L,Normal,1.2–3.1,nmol/L,Normal,66–181,nmol/L,Normal,1.0–4.0,Index,High
2077,50,Female,0.2,2.0,121.0,116.0,0.4–4.0,mIU/L,Low,1.2–3.1,nmol/L,Normal,66–181,nmol/L,Normal,1.0–4.0,Index,High
2078,67,,0.2,0.9,75.0,102.0,0.4–4.0,mIU/L,Low,1.2–3.1,nmol/L,Low,66–181,nmol/L,Normal,1.0–4.0,Index,High
2079,58,Male,0.2,2.1,106.0,113.0,0.4–4.0,mIU/L,Low,1.2–3.1,nmol/L,Normal,66–181,nmol/L,Normal,1.0–4.0,Index,High
2080,32,Female,0.25,2.5,105.0,100.0,0.4–4.0,mIU/L,Low,1.2–3.1,nmol/L,Normal,66–181,nmol/L,Normal,1.0–4.0,Index,High
2081,25,Female,1.1,2.2,112.0,115.0,0.4–4.0,mIU/L,Normal,1.2–3.1,nmol/L,Normal,66–181,nmol/L,Normal,1.0–4.0,Index,High
2082,73,Female,47.0,1.1,52.0,58.0,0.4–4.0,mIU/L,High,1.2–3.1,nmol/L,Low,66–181,nmol/L,Low,1.0–4.0,Index,High
2083,78,Female,0.7,1.6,102.0,83.0,0.4–4.0,mIU/L,Normal,1.2–3.1,nmol/L,Normal,66–181,nmol/L,Normal,1.0–4.0,Index,High
2084,65,Male,1.2,0.6,61.0,105.0,0.4–4.0,mIU/L,Normal,1.2–3.1,nmol/L,Low,66–181,nmol/L,Low,1.0–4.0,Index,High
2085,74,Female,1.3,1.2,89.0,95.0,0.4–4.0,mIU/L,Normal,1.2–3.1,nmol/L,Normal,66–181,nmol/L,Normal,1.0–4.0,Index,High
2086,49,Male,0.2,2.0,94.0,98.0,0.4–4.0,mIU/L,Low,1.2–3.1,nmol/L,Normal,66–181,nmol/L,Normal,1.0–4.0,Index,High
2087,69,Male,0.2,2.5,124.0,108.0,0.4–4.0,mIU/L,Low,1.2–3.1,nmol/L,Normal,66–181,nmol/L,Normal,1.0–4.0,Index,High
2088,22,Female,0.2,1.8,157.0,175.0,0.4–4.0,mIU/L,Low,1.2–3.1,nmol/L,Normal,66–181,nmol/L,Normal,1.0–4.0,Index,High
2089,38,Male,3.9,2.2,61.0,80.0,0.4–4.0,mIU/L,Normal,1.2–3.1,nmol/L,Normal,66–181,nmol/L,Low,1.0–4.0,Index,High
2090,43,Female,70.0,0.5,2.9,2.8,0.4–4.0,mIU/L,High,1.2–3.1,nmol/L,Low,66–181,nmol/L,Low,1.0–4.0,Index,Normal
2091,42,Female,31.0,0.8,13.0,11.0,0.4–4.0,mIU/L,High,1.2–3.1,nmol/L,Low,66–181,nmol/L,Low,1.0–4.0,Index,High
2092,30,Male,0.2,1.9,86.0,96.0,0.4–4.0,mIU/L,Low,1.2–3.1,nmol/L,Normal,66–181,nmol/L,Normal,1.0–4.0,Index,High
2093,28,Female,0.2,2.0,115.0,124.0,0.4–4.0,mIU/L,Low,1.2–3.1,nmol/L,Normal,66–181,nmol/L,Normal,1.0–4.0,Index,High
2094,43,Male,0.2,1.9,98.0,110.0,0.4–4.0,mIU/L,Low,1.2–3.1,nmol/L,Normal,66–181,nmol/L,Normal,1.0–4.0,Index,High
2095,63,Female,0.2,0.9,110.0,134.0,0.4–4.0,mIU/L,Low,1.2–3.1,nmol/L,Low,66–181,nmol/L,Normal,1.0–4.0,Index,High
2096,63,Female,0.9,2.1,153.0,126.0,0.4–4.0,mIU/L,Normal,1.2–3.1,nmol/L,Normal,66–181,nmol/L,Normal,1.0–4.0,Index,High
2097,36,Female,2.1,2.4,179.0,131.0,0.4–4.0,mIU/L,Normal,1.2–3.1,nmol/L,Normal,66–181,nmol/L,Normal,1.0–4.0,Index,High
2098,43,Female,2.6,1.8,137.0,134.0,0.4–4.0,mIU/L,Normal,1.2–3.1,nmol/L,Normal,66–181,nmol/L,Normal,1.0–4.0,Index,High
2099,50,Male,0.2,1.8,123.0,126.0,0.4–4.0,mIU/L,Low,1.2–3.1,nmol/L,Normal,66–181,nmol/L,Normal,1.0–4.0,Index,High
2100,42,Female,2.3,1.1,93.0,127.0,0.4–4.0,mIU/L,Normal,1.2–3.1,nmol/L,Low,66–181,nmol/L,Normal,1.0–4.0,Index,High
2101,55,Male,2.1,0.8,75.0,98.0,0.4–4.0,mIU/L,Normal,1.2–3.1,nmol/L,Low,66–181,nmol/L,Normal,1.0–4.0,Index,High
2102,53,Female,3.1,2.4,87.0,93.0,0.4–4.0,mIU/L,Normal,1.2–3.1,nmol/L,Normal,66–181,nmol/L,Normal,1.0–4.0,Index,High
2103,61,Female,0.2,3.8,252.0,222.0,0.4–4.0,mIU/L,Low,1.2–3.1,nmol/L,High,66–181,nmol/L,High,1.0–4.0,Index,High
2104,26,Female,0.2,5.1,187.0,160.0,0.4–4.0,mIU/L,Low,1.2–3.1,nmol/L,High,66–181,nmol/L,High,1.0–4.0,Index,High
2105,84,Female,0.2,0.7,137.0,164.0,0.4–4.0,mIU/L,Low,1.2–3.1,nmol/L,Low,66–181,nmol/L,Normal,1.0–4.0,Index,High
2106,59,Female,4.3,1.2,59.0,71.0,0.4–4.0,mIU/L,High,1.2–3.1,nmol/L,Normal,66–181,nmol/L,Low,1.0–4.0,Index,High
2107,62,Female,0.2,0.8,124.0,137.0,0.4–4.0,mIU/L,Low,1.2–3.1,nmol/L,Low,66–181,nmol/L,Normal,1.0–4.0,Index,High
2108,67,Male,0.2,1.9,109.0,106.0,0.4–4.0,mIU/L,Low,1.2–3.1,nmol/L,Normal,66–181,nmol/L,Normal,1.0–4.0,Index,High
2109,67,,2.8,2.2,105.0,115.0,0.4–4.0,mIU/L,Normal,1.2–3.1,nmol/L,Normal,66–181,nmol/L,Normal,1.0–4.0,Index,High
2110,49,Female,1.0,1.6,93.0,99.0,0.4–4.0,mIU/L,Normal,1.2–3.1,nmol/L,Normal,66–181,nmol/L,Normal,1.0–4.0,Index,High
2111,20,Female,0.9,3.3,156.0,93.0,0.4–4.0,mIU/L,Normal,1.2–3.1,nmol/L,High,66–181,nmol/L,Normal,1.0–4.0,Index,High
2112,59,Female,0.2,2.8,142.0,143.0,0.4–4.0,mIU/L,Low,1.2–3.1,nmol/L,Normal,66–181,nmol/L,Normal,1.0–4.0,Index,High
2113,56,Female,2.2,1.4,88.0,114.0,0.4–4.0,mIU/L,Normal,1.2–3.1,nmol/L,Normal,66–181,nmol/L,Normal,1.0–4.0,Index,High
2114,18,,0.2,2.1,120.0,107.0,0.4–4.0,mIU/L,Low,1.2–3.1,nmol/L,Normal,66–181,nmol/L,Normal,1.0–4.0,Index,High
2115,78,Female,0.9,2.3,112.0,104.0,0.4–4.0,mIU/L,Normal,1.2–3.1,nmol/L,Normal,66–181,nmol/L,Normal,1.0–4.0,Index,High
2116,52,Female,0.9,2.7,114.0,87.0,0.4–4.0,mIU/L,Normal,1.2–3.1,nmol/L,Normal,66–181,nmol/L,Normal,1.0–4.0,Index,High
2117,46,Male,0.8,2.1,108.0,119.0,0.4–4.0,mIU/L,Normal,1.2–3.1,nmol/L,Normal,66–181,nmol/L,Normal,1.0–4.0,Index,High
2118,66,Female,0.2,2.5,142.0,113.0,0.4–4.0,mIU/L,Low,1.2–3.1,nmol/L,Normal,66–181,nmol/L,Normal,1.0–4.0,Index,High
2119,66,Female,0.2,1.6,137.0,144.0,0.4–4.0,mIU/L,Low,1.2–3.1,nmol/L,Normal,66–181,nmol/L,Normal,1.0–4.0,Index,High
2120,36,Female,0.8,2.3,72.0,68.0,0.4–4.0,mIU/L,Normal,1.2–3.1,nmol/L,Normal,66–181,nmol/L,Normal,1.0–4.0,Index,High
2121,68,Female,1.6,2.5,99.0,90.0,0.4–4.0,mIU/L,Normal,1.2–3.1,nmol/L,Normal,66–181,nmol/L,Normal,1.0–4.0,Index,High
2122,57,Female,0.1,2.4,81.0,91.0,0.4–4.0,mIU/L,Low,1.2–3.1,nmol/L,Normal,66–181,nmol/L,Normal,1.0–4.0,Index,High
2123,29,Male,1.3,0.9,74.0,104.0,0.4–4.0,mIU/L,Normal,1.2–3.1,nmol/L,Low,66–181,nmol/L,Normal,1.0–4.0,Index,High
2124,77,Female,0.2,1.6,84.0,97.0,0.4–4.0,mIU/L,Low,1.2–3.1,nmol/L,Normal,66–181,nmol/L,Normal,1.0–4.0,Index,High
2125,65,Female,0.2,2.4,129.0,131.0,0.4–4.0,mIU/L,Low,1.2–3.1,nmol/L,Normal,66–181,nmol/L,Normal,1.0–4.0,Index,High
2126,62,Male,1.1,1.7,105.0,103.0,0.4–4.0,mIU/L,Normal,1.2–3.1,nmol/L,Normal,66–181,nmol/L,Normal,1.0–4.0,Index,High
2127,38,Female,0.4,2.4,102.0,92.0,0.4–4.0,mIU/L,Normal,1.2–3.1,nmol/L,Normal,66–181,nmol/L,Normal,1.0–4.0,Index,High
2128,35,Female,2.3,2.4,130.0,117.0,0.4–4.0,mIU/L,Normal,1.2–3.1,nmol/L,Normal,66–181,nmol/L,Normal,1.0–4.0,Index,High
2129,63,Female,2.6,1.3,128.0,120.0,0.4–4.0,mIU/L,Normal,1.2–3.1,nmol/L,Normal,66–181,nmol/L,Normal,1.0–4.0,Index,High
2130,52,Male,1.1,2.7,159.0,134.0,0.4–4.0,mIU/L,Normal,1.2–3.1,nmol/L,Normal,66–181,nmol/L,Normal,1.0–4.0,Index,High
2131,68,Male,0.1,1.8,80.0,104.0,0.4–4.0,mIU/L,Low,1.2–3.1,nmol/L,Normal,66–181,nmol/L,Normal,1.0–4.0,Index,High
2132,24,Male,3.3,1.2,70.0,80.0,0.4–4.0,mIU/L,Normal,1.2–3.1,nmol/L,Normal,66–181,nmol/L,Normal,1.0–4.0,Index,High
2133,68,Male,0.3,2.2,99.0,115.0,0.4–4.0,mIU/L,Low,1.2–3.1,nmol/L,Normal,66–181,nmol/L,Normal,1.0–4.0,Index,High
2134,61,Female,1.5,1.7,111.0,118.0,0.4–4.0,mIU/L,Normal,1.2–3.1,nmol/L,Normal,66–181,nmol/L,Normal,1.0–4.0,Index,High
2135,59,Female,0.7,1.6,129.0,121.0,0.4–4.0,mIU/L,Normal,1.2–3.1,nmol/L,Normal,66–181,nmol/L,Normal,1.0–4.0,Index,High
2136,57,Male,1.0,1.6,73.0,75.0,0.4–4.0,mIU/L,Normal,1.2–3.1,nmol/L,Normal,66–181,nmol/L,Normal,1.0–4.0,Index,High
2137,57,Female,0.1,2.2,150.0,149.0,0.4–4.0,mIU/L,Low,1.2–3.1,nmol/L,Normal,66–181,nmol/L,Normal,1.0–4.0,Index,High
2138,25,Male,0.4,2.3,107.0,114.0,0.4–4.0,mIU/L,Normal,1.2–3.1,nmol/L,Normal,66–181,nmol/L,Normal,1.0–4.0,Index,High
2139,49,Female,0.1,2.5,109.0,100.0,0.4–4.0,mIU/L,Low,1.2–3.1,nmol/L,Normal,66–181,nmol/L,Normal,1.0–4.0,Index,High
2140,71,Male,0.1,1.4,120.0,138.0,0.4–4.0,mIU/L,Low,1.2–3.1,nmol/L,Normal,66–181,nmol/L,Normal,1.0–4.0,Index,High
2141,34,Female,0.1,3.9,200.0,147.0,0.4–4.0,mIU/L,Low,1.2–3.1,nmol/L,High,66–181,nmol/L,High,1.0–4.0,Index,High
2142,29,Female,0.1,3.1,142.0,80.0,0.4–4.0,mIU/L,Low,1.2–3.1,nmol/L,Normal,66–181,nmol/L,Normal,1.0–4.0,Index,High
2143,69,Female,0.8,2.4,73.0,75.0,0.4–4.0,mIU/L,Normal,1.2–3.1,nmol/L,Normal,66–181,nmol/L,Normal,1.0–4.0,Index,High
2144,69,Male,0.05,2.6,93.0,106.0,0.4–4.0,mIU/L,Low,1.2–3.1,nmol/L,Normal,66–181,nmol/L,Normal,1.0–4.0,Index,High
2145,52,Female,0.7,2.0,85.0,96.0,0.4–4.0,mIU/L,Normal,1.2–3.1,nmol/L,Normal,66–181,nmol/L,Normal,1.0–4.0,Index,High
2146,32,Female,0.5,3.0,167.0,92.0,0.4–4.0,mIU/L,Normal,1.2–3.1,nmol/L,Normal,66–181,nmol/L,Normal,1.0–4.0,Index,High
2147,32,Female,0.1,1.9,126.0,163.0,0.4–4.0,mIU/L,Low,1.2–3.1,nmol/L,Normal,66–181,nmol/L,Normal,1.0–4.0,Index,High
2148,73,Female,1.0,1.6,76.0,94.0,0.4–4.0,mIU/L,Normal,1.2–3.1,nmol/L,Normal,66–181,nmol/L,Normal,1.0–4.0,Index,High
2149,73,Female,0.1,1.8,137.0,140.0,0.4–4.0,mIU/L,Low,1.2–3.1,nmol/L,Normal,66–181,nmol/L,Normal,1.0–4.0,Index,High
2150,73,Female,0.1,2.0,192.0,188.0,0.4–4.0,mIU/L,Low,1.2–3.1,nmol/L,Normal,66–181,nmol/L,High,1.0–4.0,Index,High
2151,29,Female,0.1,2.2,85.0,80.0,0.4–4.0,mIU/L,Low,1.2–3.1,nmol/L,Normal,66–181,nmol/L,Normal,1.0–4.0,Index,High
2152,51,Female,24.0,0.4,3.0,3.0,0.4–4.0,mIU/L,High,1.2–3.1,nmol/L,Low,66–181,nmol/L,Low,1.0–4.0,Index,Normal
2153,32,Female,0.05,1.4,139.0,157.0,0.4–4.0,mIU/L,Low,1.2–3.1,nmol/L,Normal,66–181,nmol/L,Normal,1.0–4.0,Index,High
2154,59,Male,1.5,2.1,77.0,107.0,0.4–4.0,mIU/L,Normal,1.2–3.1,nmol/L,Normal,66–181,nmol/L,Normal,1.0–4.0,Index,High
2155,78,Female,1.0,2.3,96.0,92.0,0.4–4.0,mIU/L,Normal,1.2–3.1,nmol/L,Normal,66–181,nmol/L,Normal,1.0–4.0,Index,High
2156,64,Female,1.5,2.8,130.0,111.0,0.4–4.0,mIU/L,Normal,1.2–3.1,nmol/L,Normal,66–181,nmol/L,Normal,1.0–4.0,Index,High
2157,71,Male,1.9,1.2,61.0,76.0,0.4–4.0,mIU/L,Normal,1.2–3.1,nmol/L,Normal,66–181,nmol/L,Low,1.0–4.0,Index,High
2158,55,Female,1.6,1.7,76.0,116.0,0.4–4.0,mIU/L,Normal,1.2–3.1,nmol/L,Normal,66–181,nmol/L,Normal,1.0–4.0,Index,High
2159,55,Female,0.05,2.0,149.0,136.0,0.4–4.0,mIU/L,Low,1.2–3.1,nmol/L,Normal,66–181,nmol/L,Normal,1.0–4.0,Index,High
2160,62,Female,0.4,2.2,85.0,79.0,0.4–4.0,mIU/L,Normal,1.2–3.1,nmol/L,Normal,66–181,nmol/L,Normal,1.0–4.0,Index,High
2161,26,Female,1.3,2.5,132.0,107.0,0.4–4.0,mIU/L,Normal,1.2–3.1,nmol/L,Normal,66–181,nmol/L,Normal,1.0–4.0,Index,High
2162,74,Female,1.0,1.8,105.0,117.0,0.4–4.0,mIU/L,Normal,1.2–3.1,nmol/L,Normal,66–181,nmol/L,Normal,1.0–4.0,Index,High
2163,79,Female,2.1,2.2,97.0,97.0,0.4–4.0,mIU/L,Normal,1.2–3.1,nmol/L,Normal,66–181,nmol/L,Normal,1.0–4.0,Index,High
2164,70,Female,0.9,1.8,94.0,115.0,0.4–4.0,mIU/L,Normal,1.2–3.1,nmol/L,Normal,66–181,nmol/L,Normal,1.0–4.0,Index,High
2165,76,Male,0.3,2.3,146.0,146.0,0.4–4.0,mIU/L,Low,1.2–3.1,nmol/L,Normal,66–181,nmol/L,Normal,1.0–4.0,Index,High
2166,75,Male,1.0,1.5,121.0,153.0,0.4–4.0,mIU/L,Normal,1.2–3.1,nmol/L,Normal,66–181,nmol/L,Normal,1.0–4.0,Index,High
2167,53,Male,0.3,1.2,105.0,115.0,0.4–4.0,mIU/L,Low,1.2–3.1,nmol/L,Normal,66–181,nmol/L,Normal,1.0–4.0,Index,High
2168,46,Male,1.1,2.9,125.0,122.0,0.4–4.0,mIU/L,Normal,1.2–3.1,nmol/L,Normal,66–181,nmol/L,Normal,1.0–4.0,Index,High
2169,70,Female,0.3,1.8,98.0,105.0,0.4–4.0,mIU/L,Low,1.2–3.1,nmol/L,Normal,66–181,nmol/L,Normal,1.0–4.0,Index,High
2170,75,Male,1.8,2.0,84.0,93.0,0.4–4.0,mIU/L,Normal,1.2–3.1,nmol/L,Normal,66–181,nmol/L,Normal,1.0–4.0,Index,High
2171,75,Female,2.4,2.6,108.0,102.0,0.4–4.0,mIU/L,Normal,1.2–3.1,nmol/L,Normal,66–181,nmol/L,Normal,1.0–4.0,Index,High
2172,75,Female,0.3,2.1,117.0,123.0,0.4–4.0,mIU/L,Low,1.2–3.1,nmol/L,Normal,66–181,nmol/L,Normal,1.0–4.0,Index,High
2173,57,Female,1.5,2.5,135.0,132.0,0.4–4.0,mIU/L,Normal,1.2–3.1,nmol/L,Normal,66–181,nmol/L,Normal,1.0–4.0,Index,High
2174,41,Female,0.3,2.3,111.0,134.0,0.4–4.0,mIU/L,Low,1.2–3.1,nmol/L,Normal,66–181,nmol/L,Normal,1.0–4.0,Index,High
2175,23,Female,0.7,1.9,116.0,130.0,0.4–4.0,mIU/L,Normal,1.2–3.1,nmol/L,Normal,66–181,nmol/L,Normal,1.0–4.0,Index,High
2176,71,Female,3.6,1.7,89.0,86.0,0.4–4.0,mIU/L,Normal,1.2–3.1,nmol/L,Normal,66–181,nmol/L,Normal,1.0–4.0,Index,High
2177,71,Female,0.3,2.3,120.0,149.0,0.4–4.0,mIU/L,Low,1.2–3.1,nmol/L,Normal,66–181,nmol/L,Normal,1.0–4.0,Index,High
2178,71,Female,0.3,2.1,119.0,116.0,0.4–4.0,mIU/L,Low,1.2–3.1,nmol/L,Normal,66–181,nmol/L,Normal,1.0–4.0,Index,High
2179,62,Female,0.3,2.0,89.0,99.0,0.4–4.0,mIU/L,Low,1.2–3.1,nmol/L,Normal,66–181,nmol/L,Normal,1.0–4.0,Index,High
2180,49,Female,0.8,2.5,205.0,170.0,0.4–4.0,mIU/L,Normal,1.2–3.1,nmol/L,Normal,66–181,nmol/L,High,1.0–4.0,Index,High
2181,60,Male,0.3,1.8,114.0,114.0,0.4–4.0,mIU/L,Low,1.2–3.1,nmol/L,Normal,66–181,nmol/L,Normal,1.0–4.0,Index,High
2182,65,Male,14.799999,1.5,61.0,72.0,0.4–4.0,mIU/L,High,1.2–3.1,nmol/L,Normal,66–181,nmol/L,Low,1.0–4.0,Index,High
2183,72,Male,0.7,2.0,82.0,87.0,0.4–4.0,mIU/L,Normal,1.2–3.1,nmol/L,Normal,66–181,nmol/L,Normal,1.0–4.0,Index,High
2184,21,Female,0.9,1.8,84.0,113.0,0.4–4.0,mIU/L,Normal,1.2–3.1,nmol/L,Normal,66–181,nmol/L,Normal,1.0–4.0,Index,High
2185,21,Female,0.3,2.6,106.0,101.0,0.4–4.0,mIU/L,Low,1.2–3.1,nmol/L,Normal,66–181,nmol/L,Normal,1.0–4.0,Index,High
2186,73,Female,2.5,2.1,123.0,119.0,0.4–4.0,mIU/L,Normal,1.2–3.1,nmol/L,Normal,66–181,nmol/L,Normal,1.0–4.0,Index,High
2187,32,Female,1.8,2.2,101.0,90.0,0.4–4.0,mIU/L,Normal,1.2–3.1,nmol/L,Normal,66–181,nmol/L,Normal,1.0–4.0,Index,High
2188,73,Female,0.8,1.9,121.0,119.0,0.4–4.0,mIU/L,Normal,1.2–3.1,nmol/L,Normal,66–181,nmol/L,Normal,1.0–4.0,Index,High
2189,80,Female,2.1,1.4,111.0,115.0,0.4–4.0,mIU/L,Normal,1.2–3.1,nmol/L,Normal,66–181,nmol/L,Normal,1.0–4.0,Index,High
2190,53,Male,1.0,2.2,108.0,121.0,0.4–4.0,mIU/L,Normal,1.2–3.1,nmol/L,Normal,66–181,nmol/L,Normal,1.0–4.0,Index,High
2191,77,Female,1.6,2.3,144.0,152.0,0.4–4.0,mIU/L,Normal,1.2–3.1,nmol/L,Normal,66–181,nmol/L,Normal,1.0–4.0,Index,High
2192,20,Male,1.6,2.4,93.0,101.0,0.4–4.0,mIU/L,Normal,1.2–3.1,nmol/L,Normal,66–181,nmol/L,Normal,1.0–4.0,Index,High
2193,54,Female,1.6,2.9,115.0,107.0,0.4–4.0,mIU/L,Normal,1.2–3.1,nmol/L,Normal,66–181,nmol/L,Normal,1.0–4.0,Index,High
2194,69,Female,1.2,2.3,135.0,127.0,0.4–4.0,mIU/L,Normal,1.2–3.1,nmol/L,Normal,66–181,nmol/L,Normal,1.0–4.0,Index,High
2195,68,,26.0,0.3,6.0,7.6,0.4–4.0,mIU/L,High,1.2–3.1,nmol/L,Low,66–181,nmol/L,Low,1.0–4.0,Index,High
2196,26,Male,1.4,1.5,90.0,100.0,0.4–4.0,mIU/L,Normal,1.2–3.1,nmol/L,Normal,66–181,nmol/L,Normal,1.0–4.0,Index,High
2197,49,Male,2.4,2.7,93.0,94.0,0.4–4.0,mIU/L,Normal,1.2–3.1,nmol/L,Normal,66–181,nmol/L,Normal,1.0–4.0,Index,High
2198,70,Female,1.0,2.0,91.0,96.0,0.4–4.0,mIU/L,Normal,1.2–3.1,nmol/L,Normal,66–181,nmol/L,Normal,1.0–4.0,Index,High
2199,67,Male,0.8,2.3,104.0,100.0,0.4–4.0,mIU/L,Normal,1.2–3.1,nmol/L,Normal,66–181,nmol/L,Normal,1.0–4.0,Index,High
2200,45,Male,0.2,2.1,101.0,121.0,0.4–4.0,mIU/L,Low,1.2–3.1,nmol/L,Normal,66–181,nmol/L,Normal,1.0–4.0,Index,High
2201,53,Female,1.1,2.2,83.0,79.0,0.4–4.0,mIU/L,Normal,1.2–3.1,nmol/L,Normal,66–181,nmol/L,Normal,1.0–4.0,Index,High
2202,45,Female,0.2,2.0,133.0,136.0,0.4–4.0,mIU/L,Low,1.2–3.1,nmol/L,Normal,66–181,nmol/L,Normal,1.0–4.0,Index,High
2203,38,Male,0.2,2.0,78.0,92.0,0.4–4.0,mIU/L,Low,1.2–3.1,nmol/L,Normal,66–181,nmol/L,Normal,1.0–4.0,Index,High
2204,73,Female,0.2,2.5,136.0,153.0,0.4–4.0,mIU/L,Low,1.2–3.1,nmol/L,Normal,66–181,nmol/L,Normal,1.0–4.0,Index,High
2205,62,Female,1.3,1.8,112.0,126.0,0.4–4.0,mIU/L,Normal,1.2–3.1,nmol/L,Normal,66–181,nmol/L,Normal,1.0–4.0,Index,High
2206,35,Male,0.2,1.0,68.0,78.0,0.4–4.0,mIU/L,Low,1.2–3.1,nmol/L,Low,66–181,nmol/L,Normal,1.0–4.0,Index,High
2207,81,Female,0.2,2.2,133.0,171.0,0.4–4.0,mIU/L,Low,1.2–3.1,nmol/L,Normal,66–181,nmol/L,Normal,1.0–4.0,Index,High
2208,62,Female,0.8,1.3,110.0,98.0,0.4–4.0,mIU/L,Normal,1.2–3.1,nmol/L,Normal,66–181,nmol/L,Normal,1.0–4.0,Index,High
2209,50,Female,3.1,1.9,77.0,97.0,0.4–4.0,mIU/L,Normal,1.2–3.1,nmol/L,Normal,66–181,nmol/L,Normal,1.0–4.0,Index,High
2210,70,Female,1.6,1.8,107.0,97.0,0.4–4.0,mIU/L,Normal,1.2–3.1,nmol/L,Normal,66–181,nmol/L,Normal,1.0–4.0,Index,High
2211,47,Female,3.2,1.8,95.0,87.0,0.4–4.0,mIU/L,Normal,1.2–3.1,nmol/L,Normal,66–181,nmol/L,Normal,1.0–4.0,Index,High
2212,29,Female,0.8,3.1,169.0,114.0,0.4–4.0,mIU/L,Normal,1.2–3.1,nmol/L,Normal,66–181,nmol/L,Normal,1.0–4.0,Index,High
2213,52,Female,1.7,2.1,103.0,100.0,0.4–4.0,mIU/L,Normal,1.2–3.1,nmol/L,Normal,66–181,nmol/L,Normal,1.0–4.0,Index,High
2214,52,Female,2.9,2.0,73.0,70.0,0.4–4.0,mIU/L,Normal,1.2–3.1,nmol/L,Normal,66–181,nmol/L,Normal,1.0–4.0,Index,High
2215,75,Female,0.1,1.9,152.0,188.0,0.4–4.0,mIU/L,Low,1.2–3.1,nmol/L,Normal,66–181,nmol/L,Normal,1.0–4.0,Index,High
2216,49,Female,0.1,2.7,141.0,120.0,0.4–4.0,mIU/L,Low,1.2–3.1,nmol/L,Normal,66–181,nmol/L,Normal,1.0–4.0,Index,High
2217,73,Female,1.6,2.0,105.0,89.0,0.4–4.0,mIU/L,Normal,1.2–3.1,nmol/L,Normal,66–181,nmol/L,Normal,1.0–4.0,Index,High
2218,42,Female,1.8,2.0,66.0,71.0,0.4–4.0,mIU/L,Normal,1.2–3.1,nmol/L,Normal,66–181,nmol/L,Normal,1.0–4.0,Index,High
2219,42,Female,0.1,1.5,87.0,109.0,0.4–4.0,mIU/L,Low,1.2–3.1,nmol/L,Normal,66–181,nmol/L,Normal,1.0–4.0,Index,High
2220,57,Female,1.2,1.4,118.0,116.0,0.4–4.0,mIU/L,Normal,1.2–3.1,nmol/L,Normal,66–181,nmol/L,Normal,1.0–4.0,Index,High
2221,43,Male,1.5,1.2,78.0,108.0,0.4–4.0,mIU/L,Normal,1.2–3.1,nmol/L,Normal,66–181,nmol/L,Normal,1.0–4.0,Index,High
2222,37,Female,18.0,1.5,98.0,112.0,0.4–4.0,mIU/L,High,1.2–3.1,nmol/L,Normal,66–181,nmol/L,Normal,1.0–4.0,Index,High
2223,49,Female,0.1,0.3,32.0,60.0,0.4–4.0,mIU/L,Low,1.2–3.1,nmol/L,Low,66–181,nmol/L,Low,1.0–4.0,Index,High
2224,37,Female,1.2,2.0,103.0,95.0,0.4–4.0,mIU/L,Normal,1.2–3.1,nmol/L,Normal,66–181,nmol/L,Normal,1.0–4.0,Index,High
2225,21,Female,0.4,3.4,189.0,140.0,0.4–4.0,mIU/L,Normal,1.2–3.1,nmol/L,High,66–181,nmol/L,High,1.0–4.0,Index,High
2226,19,Female,0.1,4.2,128.0,130.0,0.4–4.0,mIU/L,Low,1.2–3.1,nmol/L,High,66–181,nmol/L,Normal,1.0–4.0,Index,High
2227,74,Female,2.2,2.6,84.0,86.0,0.4–4.0,mIU/L,Normal,1.2–3.1,nmol/L,Normal,66–181,nmol/L,Normal,1.0–4.0,Index,High
2228,73,Male,0.4,2.3,94.0,105.0,0.4–4.0,mIU/L,Normal,1.2–3.1,nmol/L,Normal,66–181,nmol/L,Normal,1.0–4.0,Index,High
2229,70,Female,0.8,1.8,82.0,107.0,0.4–4.0,mIU/L,Normal,1.2–3.1,nmol/L,Normal,66–181,nmol/L,Normal,1.0–4.0,Index,High
2230,58,Female,0.5,2.3,115.0,115.0,0.4–4.0,mIU/L,Normal,1.2–3.1,nmol/L,Normal,66–181,nmol/L,Normal,1.0–4.0,Index,High
2231,78,Female,10.0,2.0,69.0,71.0,0.4–4.0,mIU/L,High,1.2–3.1,nmol/L,Normal,66–181,nmol/L,Normal,1.0–4.0,Index,High
2232,33,Male,1.0,2.4,120.0,123.0,0.4–4.0,mIU/L,Normal,1.2–3.1,nmol/L,Normal,66–181,nmol/L,Normal,1.0–4.0,Index,High
2233,65,Female,0.6,2.0,144.0,145.0,0.4–4.0,mIU/L,Normal,1.2–3.1,nmol/L,Normal,66–181,nmol/L,Normal,1.0–4.0,Index,High
2234,63,Female,2.0,1.8,133.0,115.0,0.4–4.0,mIU/L,Normal,1.2–3.1,nmol/L,Normal,66–181,nmol/L,Normal,1.0–4.0,Index,High
2235,60,Male,0.4,2.4,77.0,78.0,0.4–4.0,mIU/L,Normal,1.2–3.1,nmol/L,Normal,66–181,nmol/L,Normal,1.0–4.0,Index,High
2236,53,Male,1.0,2.1,74.0,83.0,0.4–4.0,mIU/L,Normal,1.2–3.1,nmol/L,Normal,66–181,nmol/L,Normal,1.0–4.0,Index,High
2237,77,Female,1.0,2.4,101.0,87.0,0.4–4.0,mIU/L,Normal,1.2–3.1,nmol/L,Normal,66–181,nmol/L,Normal,1.0–4.0,Index,High
2238,77,Male,0.6,1.2,146.0,157.0,0.4–4.0,mIU/L,Normal,1.2–3.1,nmol/L,Normal,66–181,nmol/L,Normal,1.0–4.0,Index,High
2239,77,Male,3.9,2.0,105.0,100.0,0.4–4.0,mIU/L,Normal,1.2–3.1,nmol/L,Normal,66–181,nmol/L,Normal,1.0–4.0,Index,High
2240,19,Female,1.3,2.5,151.0,125.0,0.4–4.0,mIU/L,Normal,1.2–3.1,nmol/L,Normal,66–181,nmol/L,Normal,1.0–4.0,Index,High
2241,84,Female,2.2,0.3,73.0,86.0,0.4–4.0,mIU/L,Normal,1.2–3.1,nmol/L,Low,66–181,nmol/L,Normal,1.0–4.0,Index,High
2242,49,Male,0.5,1.8,128.0,128.0,0.4–4.0,mIU/L,Normal,1.2–3.1,nmol/L,Normal,66–181,nmol/L,Normal,1.0–4.0,Index,High
2243,70,Female,1.8,1.8,85.0,92.0,0.4–4.0,mIU/L,Normal,1.2–3.1,nmol/L,Normal,66–181,nmol/L,Normal,1.0–4.0,Index,High
2244,66,Female,0.1,0.6,121.0,143.0,0.4–4.0,mIU/L,Low,1.2–3.1,nmol/L,Low,66–181,nmol/L,Normal,1.0–4.0,Index,High
2245,33,Female,0.5,1.9,92.0,101.0,0.4–4.0,mIU/L,Normal,1.2–3.1,nmol/L,Normal,66–181,nmol/L,Normal,1.0–4.0,Index,High
2246,89,Female,0.7,1.5,120.0,130.0,0.4–4.0,mIU/L,Normal,1.2–3.1,nmol/L,Normal,66–181,nmol/L,Normal,1.0–4.0,Index,High
2247,50,Male,0.4,2.8,94.0,106.0,0.4–4.0,mIU/L,Normal,1.2–3.1,nmol/L,Normal,66–181,nmol/L,Normal,1.0–4.0,Index,High
2248,41,Female,0.4,2.5,98.0,96.0,0.4–4.0,mIU/L,Normal,1.2–3.1,nmol/L,Normal,66–181,nmol/L,Normal,1.0–4.0,Index,High
2249,72,Male,0.3,1.9,104.0,104.0,0.4–4.0,mIU/L,Low,1.2–3.1,nmol/L,Normal,66–181,nmol/L,Normal,1.0–4.0,Index,High
2250,37,Male,0.7,2.1,98.0,100.0,0.4–4.0,mIU/L,Normal,1.2–3.1,nmol/L,Normal,66–181,nmol/L,Normal,1.0–4.0,Index,High
2251,79,Male,0.2,1.6,82.0,104.0,0.4–4.0,mIU/L,Low,1.2–3.1,nmol/L,Normal,66–181,nmol/L,Normal,1.0–4.0,Index,High
2252,56,Female,0.6,2.4,142.0,127.0,0.4–4.0,mIU/L,Normal,1.2–3.1,nmol/L,Normal,66–181,nmol/L,Normal,1.0–4.0,Index,High
2253,65,Female,0.05,3.4,210.0,199.0,0.4–4.0,mIU/L,Low,1.2–3.1,nmol/L,High,66–181,nmol/L,High,1.0–4.0,Index,High
2254,39,Male,0.05,2.3,95.0,106.0,0.4–4.0,mIU/L,Low,1.2–3.1,nmol/L,Normal,66–181,nmol/L,Normal,1.0–4.0,Index,High
2255,85,Male,0.5,1.2,93.0,117.0,0.4–4.0,mIU/L,Normal,1.2–3.1,nmol/L,Normal,66–181,nmol/L,Normal,1.0–4.0,Index,High
2256,83,Male,0.2,1.1,95.0,129.0,0.4–4.0,mIU/L,Low,1.2–3.1,nmol/L,Low,66–181,nmol/L,Normal,1.0–4.0,Index,High
2257,83,Female,1.9,2.6,119.0,97.0,0.4–4.0,mIU/L,Normal,1.2–3.1,nmol/L,Normal,66–181,nmol/L,Normal,1.0–4.0,Index,High
2258,16,Male,0.5,3.2,137.0,119.0,0.4–4.0,mIU/L,Normal,1.2–3.1,nmol/L,High,66–181,nmol/L,Normal,1.0–4.0,Index,High
2259,73,Male,0.1,1.5,77.0,97.0,0.4–4.0,mIU/L,Low,1.2–3.1,nmol/L,Normal,66–181,nmol/L,Normal,1.0–4.0,Index,High
2260,72,Male,0.05,1.1,108.0,165.0,0.4–4.0,mIU/L,Low,1.2–3.1,nmol/L,Low,66–181,nmol/L,Normal,1.0–4.0,Index,High
2261,35,Male,0.05,2.3,112.0,112.0,0.4–4.0,mIU/L,Low,1.2–3.1,nmol/L,Normal,66–181,nmol/L,Normal,1.0–4.0,Index,High
2262,54,Female,0.05,1.2,112.0,145.0,0.4–4.0,mIU/L,Low,1.2–3.1,nmol/L,Normal,66–181,nmol/L,Normal,1.0–4.0,Index,High
2263,28,Female,0.3,2.9,171.0,143.0,0.4–4.0,mIU/L,Low,1.2–3.1,nmol/L,Normal,66–181,nmol/L,Normal,1.0–4.0,Index,High
2264,57,Male,0.9,1.5,91.0,116.0,0.4–4.0,mIU/L,Normal,1.2–3.1,nmol/L,Normal,66–181,nmol/L,Normal,1.0–4.0,Index,High
2265,25,Female,4.6,2.4,61.0,75.0,0.4–4.0,mIU/L,High,1.2–3.1,nmol/L,Normal,66–181,nmol/L,Low,1.0–4.0,Index,High
2266,31,Female,0.3,2.7,108.0,103.0,0.4–4.0,mIU/L,Low,1.2–3.1,nmol/L,Normal,66–181,nmol/L,Normal,1.0–4.0,Index,High
2267,64,Female,0.3,2.8,123.0,100.0,0.4–4.0,mIU/L,Low,1.2–3.1,nmol/L,Normal,66–181,nmol/L,Normal,1.0–4.0,Index,High
2268,38,Female,0.5,2.2,88.0,92.0,0.4–4.0,mIU/L,Normal,1.2–3.1,nmol/L,Normal,66–181,nmol/L,Normal,1.0–4.0,Index,High
2269,69,Male,0.3,2.6,89.0,81.0,0.4–4.0,mIU/L,Low,1.2–3.1,nmol/L,Normal,66–181,nmol/L,Normal,1.0–4.0,Index,High
2270,68,Female,0.3,1.7,144.0,150.0,0.4–4.0,mIU/L,Low,1.2–3.1,nmol/L,Normal,66–181,nmol/L,Normal,1.0–4.0,Index,High
2271,57,Male,0.9,1.5,91.0,115.0,0.4–4.0,mIU/L,Normal,1.2–3.1,nmol/L,Normal,66–181,nmol/L,Normal,1.0–4.0,Index,High
2272,75,Female,1.6,1.5,85.0,90.0,0.4–4.0,mIU/L,Normal,1.2–3.1,nmol/L,Normal,66–181,nmol/L,Normal,1.0–4.0,Index,High
2273,70,Female,0.15,1.1,171.0,157.0,0.4–4.0,mIU/L,Low,1.2–3.1,nmol/L,Low,66–181,nmol/L,Normal,1.0–4.0,Index,High
2274,55,Male,2.7,2.4,133.0,132.0,0.4–4.0,mIU/L,Normal,1.2–3.1,nmol/L,Normal,66–181,nmol/L,Normal,1.0–4.0,Index,High
2275,72,Male,0.8,1.8,93.0,117.0,0.4–4.0,mIU/L,Normal,1.2–3.1,nmol/L,Normal,66–181,nmol/L,Normal,1.0–4.0,Index,High
2276,49,Female,2.2,1.2,89.0,82.0,0.4–4.0,mIU/L,Normal,1.2–3.1,nmol/L,Normal,66–181,nmol/L,Normal,1.0–4.0,Index,High
2277,59,Female,0.6,1.5,133.0,112.0,0.4–4.0,mIU/L,Normal,1.2–3.1,nmol/L,Normal,66–181,nmol/L,Normal,1.0–4.0,Index,High
2278,69,Female,20.0,1.0,51.0,61.0,0.4–4.0,mIU/L,High,1.2–3.1,nmol/L,Low,66–181,nmol/L,Low,1.0–4.0,Index,High
2279,69,Female,0.5,0.8,87.0,98.0,0.4–4.0,mIU/L,Normal,1.2–3.1,nmol/L,Low,66–181,nmol/L,Normal,1.0–4.0,Index,High
2280,74,Female,1.3,1.9,99.0,88.0,0.4–4.0,mIU/L,Normal,1.2–3.1,nmol/L,Normal,66–181,nmol/L,Normal,1.0–4.0,Index,High
2281,56,Female,0.6,2.7,100.0,96.0,0.4–4.0,mIU/L,Normal,1.2–3.1,nmol/L,Normal,66–181,nmol/L,Normal,1.0–4.0,Index,High
2282,68,Male,0.5,2.3,81.0,88.0,0.4–4.0,mIU/L,Normal,1.2–3.1,nmol/L,Normal,66–181,nmol/L,Normal,1.0–4.0,Index,High
2283,79,Female,0.4,2.0,143.0,112.0,0.4–4.0,mIU/L,Normal,1.2–3.1,nmol/L,Normal,66–181,nmol/L,Normal,1.0–4.0,Index,High
2284,59,Female,1.3,3.2,149.0,127.0,0.4–4.0,mIU/L,Normal,1.2–3.1,nmol/L,High,66–181,nmol/L,Normal,1.0–4.0,Index,High
2285,68,Male,1.3,1.5,74.0,103.0,0.4–4.0,mIU/L,Normal,1.2–3.1,nmol/L,Normal,66–181,nmol/L,Normal,1.0–4.0,Index,High
2286,89,Male,0.8,0.6,101.0,138.0,0.4–4.0,mIU/L,Normal,1.2–3.1,nmol/L,Low,66–181,nmol/L,Normal,1.0–4.0,Index,High
2287,40,Female,0.15,3.0,210.0,142.0,0.4–4.0,mIU/L,Low,1.2–3.1,nmol/L,Normal,66–181,nmol/L,High,1.0–4.0,Index,High
2288,45,Male,0.9,2.6,92.0,102.0,0.4–4.0,mIU/L,Normal,1.2–3.1,nmol/L,Normal,66–181,nmol/L,Normal,1.0–4.0,Index,High
2289,73,Male,0.1,1.7,107.0,113.0,0.4–4.0,mIU/L,Low,1.2–3.1,nmol/L,Normal,66–181,nmol/L,Normal,1.0–4.0,Index,High
2290,74,Male,0.1,2.0,113.0,116.0,0.4–4.0,mIU/L,Low,1.2–3.1,nmol/L,Normal,66–181,nmol/L,Normal,1.0–4.0,Index,High
2291,46,Female,0.6,2.3,101.0,102.0,0.4–4.0,mIU/L,Normal,1.2–3.1,nmol/L,Normal,66–181,nmol/L,Normal,1.0–4.0,Index,High
2292,46,Female,0.3,2.2,85.0,75.0,0.4–4.0,mIU/L,Low,1.2–3.1,nmol/L,Normal,66–181,nmol/L,Normal,1.0–4.0,Index,High
2293,12,Male,0.1,3.0,176.0,197.0,0.4–4.0,mIU/L,Low,1.2–3.1,nmol/L,Normal,66–181,nmol/L,Normal,1.0–4.0,Index,High
2294,15,Female,0.1,2.3,183.0,205.0,0.4–4.0,mIU/L,Low,1.2–3.1,nmol/L,Normal,66–181,nmol/L,High,1.0–4.0,Index,High
2295,58,Female,3.2,2.1,75.0,72.0,0.4–4.0,mIU/L,Normal,1.2–3.1,nmol/L,Normal,66–181,nmol/L,Normal,1.0–4.0,Index,High
2296,20,Female,0.9,2.4,123.0,125.0,0.4–4.0,mIU/L,Normal,1.2–3.1,nmol/L,Normal,66–181,nmol/L,Normal,1.0–4.0,Index,High
2297,58,Male,1.1,0.9,83.0,106.0,0.4–4.0,mIU/L,Normal,1.2–3.1,nmol/L,Low,66–181,nmol/L,Normal,1.0–4.0,Index,High
2298,74,Female,0.6,1.6,95.0,89.0,0.4–4.0,mIU/L,Normal,1.2–3.1,nmol/L,Normal,66–181,nmol/L,Normal,1.0–4.0,Index,High
2299,46,Female,0.1,0.7,69.0,89.0,0.4–4.0,mIU/L,Low,1.2–3.1,nmol/L,Low,66–181,nmol/L,Normal,1.0–4.0,Index,High
2300,32,Male,1.0,2.9,152.0,130.0,0.4–4.0,mIU/L,Normal,1.2–3.1,nmol/L,Normal,66–181,nmol/L,Normal,1.0–4.0,Index,High
2301,28,Male,0.5,2.2,107.0,113.0,0.4–4.0,mIU/L,Normal,1.2–3.1,nmol/L,Normal,66–181,nmol/L,Normal,1.0–4.0,Index,High
2302,28,Male,2.2,2.2,82.0,87.0,0.4–4.0,mIU/L,Normal,1.2–3.1,nmol/L,Normal,66–181,nmol/L,Normal,1.0–4.0,Index,High
2303,25,Female,0.9,2.6,120.0,96.0,0.4–4.0,mIU/L,Normal,1.2–3.1,nmol/L,Normal,66–181,nmol/L,Normal,1.0–4.0,Index,High
2304,54,Male,1.0,2.4,107.0,101.0,0.4–4.0,mIU/L,Normal,1.2–3.1,nmol/L,Normal,66–181,nmol/L,Normal,1.0–4.0,Index,High
2305,54,Female,1.2,1.7,81.0,94.0,0.4–4.0,mIU/L,Normal,1.2–3.1,nmol/L,Normal,66–181,nmol/L,Normal,1.0–4.0,Index,High
2306,68,Male,1.1,1.8,89.0,105.0,0.4–4.0,mIU/L,Normal,1.2–3.1,nmol/L,Normal,66–181,nmol/L,Normal,1.0–4.0,Index,High
2307,56,Male,5.4,1.7,104.0,103.0,0.4–4.0,mIU/L,High,1.2–3.1,nmol/L,Normal,66–181,nmol/L,Normal,1.0–4.0,Index,High
2308,26,Male,1.4,2.5,98.0,107.0,0.4–4.0,mIU/L,Normal,1.2–3.1,nmol/L,Normal,66–181,nmol/L,Normal,1.0–4.0,Index,High
2309,35,Female,3.0,2.9,87.0,79.0,0.4–4.0,mIU/L,Normal,1.2–3.1,nmol/L,Normal,66–181,nmol/L,Normal,1.0–4.0,Index,High
2310,19,Female,1.6,2.2,96.0,102.0,0.4–4.0,mIU/L,Normal,1.2–3.1,nmol/L,Normal,66–181,nmol/L,Normal,1.0–4.0,Index,High
2311,28,Female,9.0,3.1,131.0,106.0,0.4–4.0,mIU/L,High,1.2–3.1,nmol/L,Normal,66–181,nmol/L,Normal,1.0–4.0,Index,High
2312,51,Female,1.5,2.4,103.0,90.0,0.4–4.0,mIU/L,Normal,1.2–3.1,nmol/L,Normal,66–181,nmol/L,Normal,1.0–4.0,Index,High
2313,56,Male,0.2,2.1,69.0,86.0,0.4–4.0,mIU/L,Low,1.2–3.1,nmol/L,Normal,66–181,nmol/L,Normal,1.0–4.0,Index,High
2314,62,Male,0.1,0.7,71.0,96.0,0.4–4.0,mIU/L,Low,1.2–3.1,nmol/L,Low,66–181,nmol/L,Normal,1.0–4.0,Index,High
2315,73,Female,0.1,0.6,113.0,127.0,0.4–4.0,mIU/L,Low,1.2–3.1,nmol/L,Low,66–181,nmol/L,Normal,1.0–4.0,Index,High
2316,28,Female,1.0,2.5,134.0,119.0,0.4–4.0,mIU/L,Normal,1.2–3.1,nmol/L,Normal,66–181,nmol/L,Normal,1.0–4.0,Index,High
2317,28,Female,4.4,2.8,103.0,94.0,0.4–4.0,mIU/L,High,1.2–3.1,nmol/L,Normal,66–181,nmol/L,Normal,1.0–4.0,Index,High
2318,75,Male,1.3,2.2,100.0,104.0,0.4–4.0,mIU/L,Normal,1.2–3.1,nmol/L,Normal,66–181,nmol/L,Normal,1.0–4.0,Index,High
2319,47,Male,0.6,2.9,113.0,100.0,0.4–4.0,mIU/L,Normal,1.2–3.1,nmol/L,Normal,66–181,nmol/L,Normal,1.0–4.0,Index,High
2320,47,Male,0.7,1.9,99.0,125.0,0.4–4.0,mIU/L,Normal,1.2–3.1,nmol/L,Normal,66–181,nmol/L,Normal,1.0–4.0,Index,High
2321,47,Female,0.5,2.1,56.0,58.0,0.4–4.0,mIU/L,Normal,1.2–3.1,nmol/L,Normal,66–181,nmol/L,Low,1.0–4.0,Index,High
2322,47,Male,0.9,2.1,91.0,92.0,0.4–4.0,mIU/L,Normal,1.2–3.1,nmol/L,Normal,66–181,nmol/L,Normal,1.0–4.0,Index,High
2323,56,Female,1.4,2.3,111.0,115.0,0.4–4.0,mIU/L,Normal,1.2–3.1,nmol/L,Normal,66–181,nmol/L,Normal,1.0–4.0,Index,High
2324,60,,0.9,2.4,111.0,99.0,0.4–4.0,mIU/L,Normal,1.2–3.1,nmol/L,Normal,66–181,nmol/L,Normal,1.0–4.0,Index,High
2325,32,Female,1.6,1.3,119.0,133.0,0.4–4.0,mIU/L,Normal,1.2–3.1,nmol/L,Normal,66–181,nmol/L,Normal,1.0–4.0,Index,High
2326,29,Female,1.3,1.6,90.0,93.0,0.4–4.0,mIU/L,Normal,1.2–3.1,nmol/L,Normal,66–181,nmol/L,Normal,1.0–4.0,Index,High
2327,75,Female,0.2,3.4,103.0,78.0,0.4–4.0,mIU/L,Low,1.2–3.1,nmol/L,High,66–181,nmol/L,Normal,1.0–4.0,Index,High
2328,56,Male,0.8,1.8,76.0,95.0,0.4–4.0,mIU/L,Normal,1.2–3.1,nmol/L,Normal,66–181,nmol/L,Normal,1.0–4.0,Index,High
2329,56,Female,0.2,2.2,108.0,122.0,0.4–4.0,mIU/L,Low,1.2–3.1,nmol/L,Normal,66–181,nmol/L,Normal,1.0–4.0,Index,High
2330,68,Male,1.2,1.2,84.0,107.0,0.4–4.0,mIU/L,Normal,1.2–3.1,nmol/L,Normal,66–181,nmol/L,Normal,1.0–4.0,Index,High
2331,17,Female,0.6,2.6,102.0,106.0,0.4–4.0,mIU/L,Normal,1.2–3.1,nmol/L,Normal,66–181,nmol/L,Normal,1.0–4.0,Index,High
2332,22,Female,0.2,2.3,147.0,145.0,0.4–4.0,mIU/L,Low,1.2–3.1,nmol/L,Normal,66–181,nmol/L,Normal,1.0–4.0,Index,High
2333,26,Male,2.2,2.9,85.0,79.0,0.4–4.0,mIU/L,Normal,1.2–3.1,nmol/L,Normal,66–181,nmol/L,Normal,1.0–4.0,Index,High
2334,18,Female,9.599999,2.4,220.0,131.0,0.4–4.0,mIU/L,High,1.2–3.1,nmol/L,Normal,66–181,nmol/L,High,1.0–4.0,Index,High
2335,48,Female,98.0,1.9,29.0,26.0,0.4–4.0,mIU/L,High,1.2–3.1,nmol/L,Normal,66–181,nmol/L,Low,1.0–4.0,Index,High
2336,41,Female,1.8,2.4,115.0,104.0,0.4–4.0,mIU/L,Normal,1.2–3.1,nmol/L,Normal,66–181,nmol/L,Normal,1.0–4.0,Index,High
2337,26,Female,0.2,3.9,122.0,96.0,0.4–4.0,mIU/L,Low,1.2–3.1,nmol/L,High,66–181,nmol/L,Normal,1.0–4.0,Index,High
2338,78,Female,2.5,1.1,70.0,76.0,0.4–4.0,mIU/L,Normal,1.2–3.1,nmol/L,Low,66–181,nmol/L,Normal,1.0–4.0,Index,High
2339,78,,0.3,1.7,76.0,88.0,0.4–4.0,mIU/L,Low,1.2–3.1,nmol/L,Normal,66–181,nmol/L,Normal,1.0–4.0,Index,High
2340,39,Female,1.5,2.8,131.0,104.0,0.4–4.0,mIU/L,Normal,1.2–3.1,nmol/L,Normal,66–181,nmol/L,Normal,1.0–4.0,Index,High
2341,59,Male,0.3,1.9,144.0,156.0,0.4–4.0,mIU/L,Low,1.2–3.1,nmol/L,Normal,66–181,nmol/L,Normal,1.0–4.0,Index,High
2342,59,Male,1.2,1.2,70.0,99.0,0.4–4.0,mIU/L,Normal,1.2–3.1,nmol/L,Normal,66–181,nmol/L,Normal,1.0–4.0,Index,High
2343,59,Male,1.0,1.4,83.0,96.0,0.4–4.0,mIU/L,Normal,1.2–3.1,nmol/L,Normal,66–181,nmol/L,Normal,1.0–4.0,Index,High
2344,55,Male,0.3,2.1,100.0,96.0,0.4–4.0,mIU/L,Low,1.2–3.1,nmol/L,Normal,66–181,nmol/L,Normal,1.0–4.0,Index,High
2345,51,Male,1.2,2.3,72.0,85.0,0.4–4.0,mIU/L,Normal,1.2–3.1,nmol/L,Normal,66–181,nmol/L,Normal,1.0–4.0,Index,High
2346,33,Male,1.0,2.2,84.0,100.0,0.4–4.0,mIU/L,Normal,1.2–3.1,nmol/L,Normal,66–181,nmol/L,Normal,1.0–4.0,Index,High
2347,51,Female,0.9,1.7,95.0,100.0,0.4–4.0,mIU/L,Normal,1.2–3.1,nmol/L,Normal,66–181,nmol/L,Normal,1.0–4.0,Index,High
2348,59,Male,0.3,1.6,112.0,148.0,0.4–4.0,mIU/L,Low,1.2–3.1,nmol/L,Normal,66–181,nmol/L,Normal,1.0–4.0,Index,High
2349,65,Female,1.6,1.9,99.0,97.0,0.4–4.0,mIU/L,Normal,1.2–3.1,nmol/L,Normal,66–181,nmol/L,Normal,1.0–4.0,Index,High
2350,60,Female,2.4,2.1,93.0,97.0,0.4–4.0,mIU/L,Normal,1.2–3.1,nmol/L,Normal,66–181,nmol/L,Normal,1.0–4.0,Index,High
2351,66,Female,0.6,2.2,123.0,132.0,0.4–4.0,mIU/L,Normal,1.2–3.1,nmol/L,Normal,66–181,nmol/L,Normal,1.0–4.0,Index,High
2352,37,Female,1.0,2.3,89.0,95.0,0.4–4.0,mIU/L,Normal,1.2–3.1,nmol/L,Normal,66–181,nmol/L,Normal,1.0–4.0,Index,High
2353,79,Female,29.0,1.6,47.0,48.0,0.4–4.0,mIU/L,High,1.2–3.1,nmol/L,Normal,66–181,nmol/L,Low,1.0–4.0,Index,High
2354,48,Female,0.3,2.4,117.0,115.0,0.4–4.0,mIU/L,Low,1.2–3.1,nmol/L,Normal,66–181,nmol/L,Normal,1.0–4.0,Index,High
2355,17,Female,0.9,1.4,111.0,109.0,0.4–4.0,mIU/L,Normal,1.2–3.1,nmol/L,Normal,66–181,nmol/L,Normal,1.0–4.0,Index,High
2356,17,Female,0.3,1.5,101.0,125.0,0.4–4.0,mIU/L,Low,1.2–3.1,nmol/L,Normal,66–181,nmol/L,Normal,1.0–4.0,Index,High
2357,74,Female,21.0,1.8,126.0,107.0,0.4–4.0,mIU/L,High,1.2–3.1,nmol/L,Normal,66–181,nmol/L,Normal,1.0–4.0,Index,High
2358,46,Female,6.4,2.3,64.0,65.0,0.4–4.0,mIU/L,High,1.2–3.1,nmol/L,Normal,66–181,nmol/L,Low,1.0–4.0,Index,High
2359,48,Male,0.3,2.6,119.0,100.0,0.4–4.0,mIU/L,Low,1.2–3.1,nmol/L,Normal,66–181,nmol/L,Normal,1.0–4.0,Index,High
2360,59,Male,0.15,2.5,90.0,106.0,0.4–4.0,mIU/L,Low,1.2–3.1,nmol/L,Normal,66–181,nmol/L,Normal,1.0–4.0,Index,High
2361,59,Male,0.5,2.1,86.0,107.0,0.4–4.0,mIU/L,Normal,1.2–3.1,nmol/L,Normal,66–181,nmol/L,Normal,1.0–4.0,Index,High
2362,39,Female,0.5,2.2,121.0,121.0,0.4–4.0,mIU/L,Normal,1.2–3.1,nmol/L,Normal,66–181,nmol/L,Normal,1.0–4.0,Index,High
2363,62,Male,17.0,1.7,65.0,97.0,0.4–4.0,mIU/L,High,1.2–3.1,nmol/L,Normal,66–181,nmol/L,Low,1.0–4.0,Index,High
2364,77,Female,23.0,0.5,33.0,49.0,0.4–4.0,mIU/L,High,1.2–3.1,nmol/L,Low,66–181,nmol/L,Low,1.0–4.0,Index,High
2365,85,Female,7.3,2.4,66.0,61.0,0.4–4.0,mIU/L,High,1.2–3.1,nmol/L,Normal,66–181,nmol/L,Normal,1.0–4.0,Index,High
2366,34,Female,0.15,2.7,96.0,91.0,0.4–4.0,mIU/L,Low,1.2–3.1,nmol/L,Normal,66–181,nmol/L,Normal,1.0–4.0,Index,High
2367,73,Female,2.1,2.8,109.0,83.0,0.4–4.0,mIU/L,Normal,1.2–3.1,nmol/L,Normal,66–181,nmol/L,Normal,1.0–4.0,Index,High
2368,65,Female,0.15,3.5,217.0,221.0,0.4–4.0,mIU/L,Low,1.2–3.1,nmol/L,High,66–181,nmol/L,High,1.0–4.0,Index,High
2369,35,Female,0.15,5.1,167.0,168.0,0.4–4.0,mIU/L,Low,1.2–3.1,nmol/L,High,66–181,nmol/L,Normal,1.0–4.0,Index,High
2370,68,Female,1.4,2.4,149.0,126.0,0.4–4.0,mIU/L,Normal,1.2–3.1,nmol/L,Normal,66–181,nmol/L,Normal,1.0–4.0,Index,High
2371,81,Female,0.5,2.2,102.0,119.0,0.4–4.0,mIU/L,Normal,1.2–3.1,nmol/L,Normal,66–181,nmol/L,Normal,1.0–4.0,Index,High
2372,90,Male,0.15,1.7,118.0,144.0,0.4–4.0,mIU/L,Low,1.2–3.1,nmol/L,Normal,66–181,nmol/L,Normal,1.0–4.0,Index,High
2373,47,Female,0.15,4.3,189.0,176.0,0.4–4.0,mIU/L,Low,1.2–3.1,nmol/L,High,66–181,nmol/L,High,1.0–4.0,Index,High
2374,32,Male,1.0,2.4,121.0,101.0,0.4–4.0,mIU/L,Normal,1.2–3.1,nmol/L,Normal,66–181,nmol/L,Normal,1.0–4.0,Index,High
2375,48,Female,0.15,2.7,119.0,106.0,0.4–4.0,mIU/L,Low,1.2–3.1,nmol/L,Normal,66–181,nmol/L,Normal,1.0–4.0,Index,High
2376,28,Female,2.5,2.9,86.0,72.0,0.4–4.0,mIU/L,Normal,1.2–3.1,nmol/L,Normal,66–181,nmol/L,Normal,1.0–4.0,Index,High
2377,59,Male,0.15,2.8,84.0,86.0,0.4–4.0,mIU/L,Low,1.2–3.1,nmol/L,Normal,66–181,nmol/L,Normal,1.0–4.0,Index,High
2378,67,Male,0.15,1.6,94.0,108.0,0.4–4.0,mIU/L,Low,1.2–3.1,nmol/L,Normal,66–181,nmol/L,Normal,1.0–4.0,Index,High
2379,46,Female,1.4,1.6,86.0,111.0,0.4–4.0,mIU/L,Normal,1.2–3.1,nmol/L,Normal,66–181,nmol/L,Normal,1.0–4.0,Index,High
2380,54,Male,0.6,1.8,100.0,130.0,0.4–4.0,mIU/L,Normal,1.2–3.1,nmol/L,Normal,66–181,nmol/L,Normal,1.0–4.0,Index,High
2381,24,Female,65.0,0.7,28.0,28.0,0.4–4.0,mIU/L,High,1.2–3.1,nmol/L,Low,66–181,nmol/L,Low,1.0–4.0,Index,High
2382,24,Male,0.15,2.7,116.0,143.0,0.4–4.0,mIU/L,Low,1.2–3.1,nmol/L,Normal,66–181,nmol/L,Normal,1.0–4.0,Index,High
2383,27,Male,0.2,2.2,99.0,120.0,0.4–4.0,mIU/L,Low,1.2–3.1,nmol/L,Normal,66–181,nmol/L,Normal,1.0–4.0,Index,High
2384,46,Female,0.15,3.0,161.0,174.0,0.4–4.0,mIU/L,Low,1.2–3.1,nmol/L,Normal,66–181,nmol/L,Normal,1.0–4.0,Index,High
2385,55,Male,0.15,2.5,109.0,145.0,0.4–4.0,mIU/L,Low,1.2–3.1,nmol/L,Normal,66–181,nmol/L,Normal,1.0–4.0,Index,High
2386,22,Male,1.0,2.3,87.0,98.0,0.4–4.0,mIU/L,Normal,1.2–3.1,nmol/L,Normal,66–181,nmol/L,Normal,1.0–4.0,Index,High
2387,27,Female,0.15,2.8,199.0,137.0,0.4–4.0,mIU/L,Low,1.2–3.1,nmol/L,Normal,66–181,nmol/L,High,1.0–4.0,Index,High
2388,29,Female,0.15,3.6,144.0,82.0,0.4–4.0,mIU/L,Low,1.2–3.1,nmol/L,High,66–181,nmol/L,Normal,1.0–4.0,Index,High
2389,41,Female,6.0,1.9,114.0,114.0,0.4–4.0,mIU/L,High,1.2–3.1,nmol/L,Normal,66–181,nmol/L,Normal,1.0–4.0,Index,High
2390,74,Female,1.7,1.4,75.0,101.0,0.4–4.0,mIU/L,Normal,1.2–3.1,nmol/L,Normal,66–181,nmol/L,Normal,1.0–4.0,Index,High
2391,39,Female,0.15,1.6,74.0,83.0,0.4–4.0,mIU/L,Low,1.2–3.1,nmol/L,Normal,66–181,nmol/L,Normal,1.0–4.0,Index,High
2392,32,Male,0.15,2.9,132.0,116.0,0.4–4.0,mIU/L,Low,1.2–3.1,nmol/L,Normal,66–181,nmol/L,Normal,1.0–4.0,Index,High
2393,66,Female,0.15,0.8,90.0,117.0,0.4–4.0,mIU/L,Low,1.2–3.1,nmol/L,Low,66–181,nmol/L,Normal,1.0–4.0,Index,High
2394,50,Female,0.15,2.2,151.0,166.0,0.4–4.0,mIU/L,Low,1.2–3.1,nmol/L,Normal,66–181,nmol/L,Normal,1.0–4.0,Index,High
2395,50,Female,0.8,2.1,105.0,100.0,0.4–4.0,mIU/L,Normal,1.2–3.1,nmol/L,Normal,66–181,nmol/L,Normal,1.0–4.0,Index,High
2396,38,Female,0.15,4.3,144.0,89.0,0.4–4.0,mIU/L,Low,1.2–3.1,nmol/L,High,66–181,nmol/L,Normal,1.0–4.0,Index,High
2397,62,Male,1.1,2.3,130.0,105.0,0.4–4.0,mIU/L,Normal,1.2–3.1,nmol/L,Normal,66–181,nmol/L,Normal,1.0–4.0,Index,High
2398,89,Male,0.9,2.4,105.0,110.0,0.4–4.0,mIU/L,Normal,1.2–3.1,nmol/L,Normal,66–181,nmol/L,Normal,1.0–4.0,Index,High
2399,41,Female,0.7,2.2,104.0,102.0,0.4–4.0,mIU/L,Normal,1.2–3.1,nmol/L,Normal,66–181,nmol/L,Normal,1.0–4.0,Index,High
2400,45,Female,0.6,1.9,121.0,116.0,0.4–4.0,mIU/L,Normal,1.2–3.1,nmol/L,Normal,66–181,nmol/L,Normal,1.0–4.0,Index,High
2401,85,Female,0.8,2.1,100.0,95.0,0.4–4.0,mIU/L,Normal,1.2–3.1,nmol/L,Normal,66–181,nmol/L,Normal,1.0–4.0,Index,High
2402,30,Female,1.2,3.5,120.0,98.0,0.4–4.0,mIU/L,Normal,1.2–3.1,nmol/L,High,66–181,nmol/L,Normal,1.0–4.0,Index,High
2403,70,Female,0.2,2.7,79.0,81.0,0.4–4.0,mIU/L,Low,1.2–3.1,nmol/L,Normal,66–181,nmol/L,Normal,1.0–4.0,Index,High
2404,71,Female,0.6,1.0,88.0,94.0,0.4–4.0,mIU/L,Normal,1.2–3.1,nmol/L,Low,66–181,nmol/L,Normal,1.0–4.0,Index,High
2405,62,Female,1.6,1.9,66.0,93.0,0.4–4.0,mIU/L,Normal,1.2–3.1,nmol/L,Normal,66–181,nmol/L,Normal,1.0–4.0,Index,High
2406,60,Female,12.0,2.2,71.0,51.0,0.4–4.0,mIU/L,High,1.2–3.1,nmol/L,Normal,66–181,nmol/L,Normal,1.0–4.0,Index,High
2407,74,Female,1.6,0.7,82.0,93.0,0.4–4.0,mIU/L,Normal,1.2–3.1,nmol/L,Low,66–181,nmol/L,Normal,1.0–4.0,Index,High
2408,32,Female,0.6,1.6,134.0,112.0,0.4–4.0,mIU/L,Normal,1.2–3.1,nmol/L,Normal,66–181,nmol/L,Normal,1.0–4.0,Index,High
2409,68,Male,0.2,0.9,72.0,94.0,0.4–4.0,mIU/L,Low,1.2–3.1,nmol/L,Low,66–181,nmol/L,Normal,1.0–4.0,Index,High
2410,71,Male,0.2,2.2,140.0,123.0,0.4–4.0,mIU/L,Low,1.2–3.1,nmol/L,Normal,66–181,nmol/L,Normal,1.0–4.0,Index,High
2411,64,Male,1.0,0.7,91.0,110.0,0.4–4.0,mIU/L,Normal,1.2–3.1,nmol/L,Low,66–181,nmol/L,Normal,1.0–4.0,Index,High
2412,21,Female,0.2,2.5,108.0,96.0,0.4–4.0,mIU/L,Low,1.2–3.1,nmol/L,Normal,66–181,nmol/L,Normal,1.0–4.0,Index,High
2413,66,Female,3.8,2.1,79.0,74.0,0.4–4.0,mIU/L,Normal,1.2–3.1,nmol/L,Normal,66–181,nmol/L,Normal,1.0–4.0,Index,High
2414,57,Male,0.2,1.6,141.0,158.0,0.4–4.0,mIU/L,Low,1.2–3.1,nmol/L,Normal,66–181,nmol/L,Normal,1.0–4.0,Index,High
2415,41,Female,0.2,2.6,197.0,195.0,0.4–4.0,mIU/L,Low,1.2–3.1,nmol/L,Normal,66–181,nmol/L,High,1.0–4.0,Index,High
2416,28,Female,1.0,2.3,116.0,103.0,0.4–4.0,mIU/L,Normal,1.2–3.1,nmol/L,Normal,66–181,nmol/L,Normal,1.0–4.0,Index,High
2417,43,Female,3.5,1.7,99.0,87.0,0.4–4.0,mIU/L,Normal,1.2–3.1,nmol/L,Normal,66–181,nmol/L,Normal,1.0–4.0,Index,High
2418,51,Female,0.25,1.9,101.0,94.0,0.4–4.0,mIU/L,Low,1.2–3.1,nmol/L,Normal,66–181,nmol/L,Normal,1.0–4.0,Index,High
2419,41,Male,0.25,3.1,134.0,134.0,0.4–4.0,mIU/L,Low,1.2–3.1,nmol/L,Normal,66–181,nmol/L,Normal,1.0–4.0,Index,High
2420,68,Female,1.4,1.3,119.0,107.0,0.4–4.0,mIU/L,Normal,1.2–3.1,nmol/L,Normal,66–181,nmol/L,Normal,1.0–4.0,Index,High
2421,53,Female,0.25,2.1,145.0,141.0,0.4–4.0,mIU/L,Low,1.2–3.1,nmol/L,Normal,66–181,nmol/L,Normal,1.0–4.0,Index,High
2422,36,Female,0.25,1.7,83.0,90.0,0.4–4.0,mIU/L,Low,1.2–3.1,nmol/L,Normal,66–181,nmol/L,Normal,1.0–4.0,Index,High
2423,50,Female,0.25,2.0,77.0,103.0,0.4–4.0,mIU/L,Low,1.2–3.1,nmol/L,Normal,66–181,nmol/L,Normal,1.0–4.0,Index,High
2424,34,Female,0.25,6.7,230.0,133.0,0.4–4.0,mIU/L,Low,1.2–3.1,nmol/L,High,66–181,nmol/L,High,1.0–4.0,Index,High
2425,84,Female,0.25,2.0,134.0,170.0,0.4–4.0,mIU/L,Low,1.2–3.1,nmol/L,Normal,66–181,nmol/L,Normal,1.0–4.0,Index,High
2426,35,Male,0.25,0.4,38.0,35.0,0.4–4.0,mIU/L,Low,1.2–3.1,nmol/L,Low,66–181,nmol/L,Low,1.0–4.0,Index,High
2427,58,Female,1.5,1.6,103.0,114.0,0.4–4.0,mIU/L,Normal,1.2–3.1,nmol/L,Normal,66–181,nmol/L,Normal,1.0–4.0,Index,High
2428,34,Female,0.6,2.3,76.0,73.0,0.4–4.0,mIU/L,Normal,1.2–3.1,nmol/L,Normal,66–181,nmol/L,Normal,1.0–4.0,Index,High
2429,49,Male,1.7,2.3,123.0,106.0,0.4–4.0,mIU/L,Normal,1.2–3.1,nmol/L,Normal,66–181,nmol/L,Normal,1.0–4.0,Index,High
2430,22,Female,1.3,2.3,83.0,85.0,0.4–4.0,mIU/L,Normal,1.2–3.1,nmol/L,Normal,66–181,nmol/L,Normal,1.0–4.0,Index,High
2431,56,Female,0.25,2.0,83.0,96.0,0.4–4.0,mIU/L,Low,1.2–3.1,nmol/L,Normal,66–181,nmol/L,Normal,1.0–4.0,Index,High
2432,63,Female,2.8,2.0,93.0,89.0,0.4–4.0,mIU/L,Normal,1.2–3.1,nmol/L,Normal,66–181,nmol/L,Normal,1.0–4.0,Index,High
2433,75,Female,2.3,1.3,88.0,103.0,0.4–4.0,mIU/L,Normal,1.2–3.1,nmol/L,Normal,66–181,nmol/L,Normal,1.0–4.0,Index,High
2434,62,Male,100.0,0.4,10.0,10.0,0.4–4.0,mIU/L,High,1.2–3.1,nmol/L,Low,66–181,nmol/L,Low,1.0–4.0,Index,High
2435,30,,0.9,1.9,76.0,92.0,0.4–4.0,mIU/L,Normal,1.2–3.1,nmol/L,Normal,66–181,nmol/L,Normal,1.0–4.0,Index,High
2436,34,Male,1.1,1.8,93.0,103.0,0.4–4.0,mIU/L,Normal,1.2–3.1,nmol/L,Normal,66–181,nmol/L,Normal,1.0–4.0,Index,High
2437,34,Female,35.0,1.4,78.0,80.0,0.4–4.0,mIU/L,High,1.2–3.1,nmol/L,Normal,66–181,nmol/L,Normal,1.0–4.0,Index,High
2438,39,Female,0.25,1.9,94.0,101.0,0.4–4.0,mIU/L,Low,1.2–3.1,nmol/L,Normal,66–181,nmol/L,Normal,1.0–4.0,Index,High
2439,49,Male,2.1,1.3,120.0,83.0,0.4–4.0,mIU/L,Normal,1.2–3.1,nmol/L,Normal,66–181,nmol/L,Normal,1.0–4.0,Index,High
2440,55,Male,0.2,1.8,134.0,131.0,0.4–4.0,mIU/L,Low,1.2–3.1,nmol/L,Normal,66–181,nmol/L,Normal,1.0–4.0,Index,High
2441,76,Female,11.0,1.2,86.0,101.0,0.4–4.0,mIU/L,High,1.2–3.1,nmol/L,Normal,66–181,nmol/L,Normal,1.0–4.0,Index,High
2442,59,Female,0.4,2.1,78.0,95.0,0.4–4.0,mIU/L,Normal,1.2–3.1,nmol/L,Normal,66–181,nmol/L,Normal,1.0–4.0,Index,High
2443,72,Female,0.2,2.3,87.0,93.0,0.4–4.0,mIU/L,Low,1.2–3.1,nmol/L,Normal,66–181,nmol/L,Normal,1.0–4.0,Index,High
2444,72,Female,1.4,1.4,115.0,118.0,0.4–4.0,mIU/L,Normal,1.2–3.1,nmol/L,Normal,66–181,nmol/L,Normal,1.0–4.0,Index,High
2445,73,Female,0.7,2.0,116.0,117.0,0.4–4.0,mIU/L,Normal,1.2–3.1,nmol/L,Normal,66–181,nmol/L,Normal,1.0–4.0,Index,High
2446,47,Male,0.2,1.5,61.0,67.0,0.4–4.0,mIU/L,Low,1.2–3.1,nmol/L,Normal,66–181,nmol/L,Low,1.0–4.0,Index,High
2447,35,Female,0.2,2.1,139.0,139.0,0.4–4.0,mIU/L,Low,1.2–3.1,nmol/L,Normal,66–181,nmol/L,Normal,1.0–4.0,Index,High
2448,38,Male,0.2,1.5,48.0,67.0,0.4–4.0,mIU/L,Low,1.2–3.1,nmol/L,Normal,66–181,nmol/L,Low,1.0–4.0,Index,High
2449,56,Male,1.0,2.3,103.0,95.0,0.4–4.0,mIU/L,Normal,1.2–3.1,nmol/L,Normal,66–181,nmol/L,Normal,1.0–4.0,Index,High
2450,49,Male,0.7,2.1,102.0,110.0,0.4–4.0,mIU/L,Normal,1.2–3.1,nmol/L,Normal,66–181,nmol/L,Normal,1.0–4.0,Index,High
2451,82,Female,0.2,1.4,113.0,132.0,0.4–4.0,mIU/L,Low,1.2–3.1,nmol/L,Normal,66–181,nmol/L,Normal,1.0–4.0,Index,High
2452,20,Female,0.2,3.0,135.0,105.0,0.4–4.0,mIU/L,Low,1.2–3.1,nmol/L,Normal,66–181,nmol/L,Normal,1.0–4.0,Index,High
2453,61,Female,0.15,2.1,97.0,95.0,0.4–4.0,mIU/L,Low,1.2–3.1,nmol/L,Normal,66–181,nmol/L,Normal,1.0–4.0,Index,High
2454,38,,2.9,1.8,93.0,98.0,0.4–4.0,mIU/L,Normal,1.2–3.1,nmol/L,Normal,66–181,nmol/L,Normal,1.0–4.0,Index,High
2455,38,,1.2,2.0,101.0,100.0,0.4–4.0,mIU/L,Normal,1.2–3.1,nmol/L,Normal,66–181,nmol/L,Normal,1.0–4.0,Index,High
2456,82,Female,0.2,0.1,50.0,161.0,0.4–4.0,mIU/L,Low,1.2–3.1,nmol/L,Low,66–181,nmol/L,Low,1.0–4.0,Index,High
2457,58,Female,1.6,2.0,109.0,100.0,0.4–4.0,mIU/L,Normal,1.2–3.1,nmol/L,Normal,66–181,nmol/L,Normal,1.0–4.0,Index,High
2458,27,Female,0.15,1.6,101.0,92.0,0.4–4.0,mIU/L,Low,1.2–3.1,nmol/L,Normal,66–181,nmol/L,Normal,1.0–4.0,Index,High
2459,45,Male,0.9,1.9,83.0,124.0,0.4–4.0,mIU/L,Normal,1.2–3.1,nmol/L,Normal,66–181,nmol/L,Normal,1.0–4.0,Index,High
2460,48,Male,2.2,2.1,55.0,65.0,0.4–4.0,mIU/L,Normal,1.2–3.1,nmol/L,Normal,66–181,nmol/L,Low,1.0–4.0,Index,High
2461,28,Male,1.0,3.1,107.0,103.0,0.4–4.0,mIU/L,Normal,1.2–3.1,nmol/L,Normal,66–181,nmol/L,Normal,1.0–4.0,Index,High
2462,31,Male,1.4,2.3,150.0,106.0,0.4–4.0,mIU/L,Normal,1.2–3.1,nmol/L,Normal,66–181,nmol/L,Normal,1.0–4.0,Index,High
2463,35,Male,0.1,2.8,138.0,122.0,0.4–4.0,mIU/L,Low,1.2–3.1,nmol/L,Normal,66–181,nmol/L,Normal,1.0–4.0,Index,High
2464,60,Male,26.0,2.0,69.0,71.0,0.4–4.0,mIU/L,High,1.2–3.1,nmol/L,Normal,66–181,nmol/L,Normal,1.0–4.0,Index,High
2465,60,Male,2.1,1.4,89.0,90.0,0.4–4.0,mIU/L,Normal,1.2–3.1,nmol/L,Normal,66–181,nmol/L,Normal,1.0–4.0,Index,High
2466,75,Female,1.0,2.2,120.0,117.0,0.4–4.0,mIU/L,Normal,1.2–3.1,nmol/L,Normal,66–181,nmol/L,Normal,1.0–4.0,Index,High
2467,58,Female,0.15,2.5,87.0,109.0,0.4–4.0,mIU/L,Low,1.2–3.1,nmol/L,Normal,66–181,nmol/L,Normal,1.0–4.0,Index,High
2468,73,Female,2.6,1.6,89.0,95.0,0.4–4.0,mIU/L,Normal,1.2–3.1,nmol/L,Normal,66–181,nmol/L,Normal,1.0–4.0,Index,High
2469,54,Female,0.6,2.2,98.0,96.0,0.4–4.0,mIU/L,Normal,1.2–3.1,nmol/L,Normal,66–181,nmol/L,Normal,1.0–4.0,Index,High
2470,60,Female,0.5,1.0,73.0,89.0,0.4–4.0,mIU/L,Normal,1.2–3.1,nmol/L,Low,66–181,nmol/L,Normal,1.0–4.0,Index,High
2471,37,Male,0.7,2.6,98.0,103.0,0.4–4.0,mIU/L,Normal,1.2–3.1,nmol/L,Normal,66–181,nmol/L,Normal,1.0–4.0,Index,High
2472,60,Male,0.4,1.9,106.0,100.0,0.4–4.0,mIU/L,Normal,1.2–3.1,nmol/L,Normal,66–181,nmol/L,Normal,1.0–4.0,Index,High
2473,82,Male,0.15,1.4,133.0,134.0,0.4–4.0,mIU/L,Low,1.2–3.1,nmol/L,Normal,66–181,nmol/L,Normal,1.0–4.0,Index,High
2474,41,Female,0.15,7.3,430.0,395.0,0.4–4.0,mIU/L,Low,1.2–3.1,nmol/L,High,66–181,nmol/L,High,1.0–4.0,Index,High
2475,20,Female,0.15,2.5,93.0,93.0,0.4–4.0,mIU/L,Low,1.2–3.1,nmol/L,Normal,66–181,nmol/L,Normal,1.0–4.0,Index,High
2476,60,Male,0.5,2.4,93.0,89.0,0.4–4.0,mIU/L,Normal,1.2–3.1,nmol/L,Normal,66–181,nmol/L,Normal,1.0–4.0,Index,High
2477,75,Female,0.8,2.5,141.0,110.0,0.4–4.0,mIU/L,Normal,1.2–3.1,nmol/L,Normal,66–181,nmol/L,Normal,1.0–4.0,Index,High
2478,16,Male,0.4,1.7,88.0,99.0,0.4–4.0,mIU/L,Normal,1.2–3.1,nmol/L,Normal,66–181,nmol/L,Normal,1.0–4.0,Index,High
2479,25,Female,0.7,1.6,94.0,101.0,0.4–4.0,mIU/L,Normal,1.2–3.1,nmol/L,Normal,66–181,nmol/L,Normal,1.0–4.0,Index,High
2480,84,Female,0.7,1.6,70.0,75.0,0.4–4.0,mIU/L,Normal,1.2–3.1,nmol/L,Normal,66–181,nmol/L,Normal,1.0–4.0,Index,High
2481,52,Female,1.7,1.8,102.0,103.0,0.4–4.0,mIU/L,Normal,1.2–3.1,nmol/L,Normal,66–181,nmol/L,Normal,1.0–4.0,Index,High
2482,36,Female,0.2,2.7,120.0,123.0,0.4–4.0,mIU/L,Low,1.2–3.1,nmol/L,Normal,66–181,nmol/L,Normal,1.0–4.0,Index,High
2483,41,Female,0.2,3.8,253.0,204.0,0.4–4.0,mIU/L,Low,1.2–3.1,nmol/L,High,66–181,nmol/L,High,1.0–4.0,Index,High
2484,34,Female,0.2,2.8,160.0,106.0,0.4–4.0,mIU/L,Low,1.2–3.1,nmol/L,Normal,66–181,nmol/L,Normal,1.0–4.0,Index,High
2485,63,Female,0.2,1.1,187.0,197.0,0.4–4.0,mIU/L,Low,1.2–3.1,nmol/L,Low,66–181,nmol/L,High,1.0–4.0,Index,High
2486,42,Female,6.2,1.7,72.0,81.0,0.4–4.0,mIU/L,High,1.2–3.1,nmol/L,Normal,66–181,nmol/L,Normal,1.0–4.0,Index,High
2487,64,Female,1.0,2.2,99.0,92.0,0.4–4.0,mIU/L,Normal,1.2–3.1,nmol/L,Normal,66–181,nmol/L,Normal,1.0–4.0,Index,High
2488,64,Male,2.0,1.8,80.0,88.0,0.4–4.0,mIU/L,Normal,1.2–3.1,nmol/L,Normal,66–181,nmol/L,Normal,1.0–4.0,Index,High
2489,64,,1.4,1.2,119.0,121.0,0.4–4.0,mIU/L,Normal,1.2–3.1,nmol/L,Normal,66–181,nmol/L,Normal,1.0–4.0,Index,High
2490,59,Female,11.0,1.5,89.0,79.0,0.4–4.0,mIU/L,High,1.2–3.1,nmol/L,Normal,66–181,nmol/L,Normal,1.0–4.0,Index,High
2491,56,Female,0.2,2.5,138.0,119.0,0.4–4.0,mIU/L,Low,1.2–3.1,nmol/L,Normal,66–181,nmol/L,Normal,1.0–4.0,Index,High
2492,70,Female,3.8,3.1,110.0,102.0,0.4–4.0,mIU/L,Normal,1.2–3.1,nmol/L,Normal,66–181,nmol/L,Normal,1.0–4.0,Index,High
2493,66,Female,0.2,1.8,91.0,81.0,0.4–4.0,mIU/L,Low,1.2–3.1,nmol/L,Normal,66–181,nmol/L,Normal,1.0–4.0,Index,High
2494,22,Male,0.2,2.9,107.0,106.0,0.4–4.0,mIU/L,Low,1.2–3.1,nmol/L,Normal,66–181,nmol/L,Normal,1.0–4.0,Index,High
2495,43,Male,0.9,2.7,109.0,99.0,0.4–4.0,mIU/L,Normal,1.2–3.1,nmol/L,Normal,66–181,nmol/L,Normal,1.0–4.0,Index,High
2496,60,Male,12.0,1.7,67.0,77.0,0.4–4.0,mIU/L,High,1.2–3.1,nmol/L,Normal,66–181,nmol/L,Normal,1.0–4.0,Index,High
2497,54,Male,0.7,2.0,101.0,92.0,0.4–4.0,mIU/L,Normal,1.2–3.1,nmol/L,Normal,66–181,nmol/L,Normal,1.0–4.0,Index,High
2498,34,Male,1.1,1.8,60.0,80.0,0.4–4.0,mIU/L,Normal,1.2–3.1,nmol/L,Normal,66–181,nmol/L,Low,1.0–4.0,Index,High
2499,33,Female,0.2,1.5,157.0,172.0,0.4–4.0,mIU/L,Low,1.2–3.1,nmol/L,Normal,66–181,nmol/L,Normal,1.0–4.0,Index,High
2500,72,Female,6.3,1.5,94.0,102.0,0.4–4.0,mIU/L,High,1.2–3.1,nmol/L,Normal,66–181,nmol/L,Normal,1.0–4.0,Index,High
2501,65,Female,1.8,2.6,121.0,115.0,0.4–4.0,mIU/L,Normal,1.2–3.1,nmol/L,Normal,66–181,nmol/L,Normal,1.0–4.0,Index,High
2502,56,Female,0.5,2.3,85.0,105.0,0.4–4.0,mIU/L,Normal,1.2–3.1,nmol/L,Normal,66–181,nmol/L,Normal,1.0–4.0,Index,High
2503,84,Male,1.6,1.5,96.0,117.0,0.4–4.0,mIU/L,Normal,1.2–3.1,nmol/L,Normal,66–181,nmol/L,Normal,1.0–4.0,Index,High
2504,56,Female,0.6,2.5,122.0,116.0,0.4–4.0,mIU/L,Normal,1.2–3.1,nmol/L,Normal,66–181,nmol/L,Normal,1.0–4.0,Index,High
2505,65,Male,1.1,1.4,121.0,149.0,0.4–4.0,mIU/L,Normal,1.2–3.1,nmol/L,Normal,66–181,nmol/L,Normal,1.0–4.0,Index,High
2506,89,Female,0.25,1.2,70.0,66.0,0.4–4.0,mIU/L,Low,1.2–3.1,nmol/L,Normal,66–181,nmol/L,Normal,1.0–4.0,Index,High
2507,66,Female,0.25,0.6,110.0,133.0,0.4–4.0,mIU/L,Low,1.2–3.1,nmol/L,Low,66–181,nmol/L,Normal,1.0–4.0,Index,High
2508,55,Female,0.9,2.3,117.0,123.0,0.4–4.0,mIU/L,Normal,1.2–3.1,nmol/L,Normal,66–181,nmol/L,Normal,1.0–4.0,Index,High
2509,58,Male,0.8,1.4,129.0,120.0,0.4–4.0,mIU/L,Normal,1.2–3.1,nmol/L,Normal,66–181,nmol/L,Normal,1.0–4.0,Index,High
2510,22,Female,1.7,1.5,133.0,159.0,0.4–4.0,mIU/L,Normal,1.2–3.1,nmol/L,Normal,66–181,nmol/L,Normal,1.0–4.0,Index,High
2511,44,Male,0.2,1.5,107.0,135.0,0.4–4.0,mIU/L,Low,1.2–3.1,nmol/L,Normal,66–181,nmol/L,Normal,1.0–4.0,Index,High
2512,75,Female,0.25,3.4,151.0,134.0,0.4–4.0,mIU/L,Low,1.2–3.1,nmol/L,High,66–181,nmol/L,Normal,1.0–4.0,Index,High
2513,54,Female,0.25,2.9,101.0,100.0,0.4–4.0,mIU/L,Low,1.2–3.1,nmol/L,Normal,66–181,nmol/L,Normal,1.0–4.0,Index,High
2514,54,Female,2.3,2.0,78.0,75.0,0.4–4.0,mIU/L,Normal,1.2–3.1,nmol/L,Normal,66–181,nmol/L,Normal,1.0–4.0,Index,High
2515,76,Female,0.25,0.8,78.0,104.0,0.4–4.0,mIU/L,Low,1.2–3.1,nmol/L,Low,66–181,nmol/L,Normal,1.0–4.0,Index,High
2516,70,Female,1.8,1.5,70.0,81.0,0.4–4.0,mIU/L,Normal,1.2–3.1,nmol/L,Normal,66–181,nmol/L,Normal,1.0–4.0,Index,High
2517,16,Female,30.0,1.2,30.0,21.0,0.4–4.0,mIU/L,High,1.2–3.1,nmol/L,Normal,66–181,nmol/L,Low,1.0–4.0,Index,High
2518,63,Female,8.2,2.1,80.0,78.0,0.4–4.0,mIU/L,High,1.2–3.1,nmol/L,Normal,66–181,nmol/L,Normal,1.0–4.0,Index,High
2519,29,Female,0.05,2.0,127.0,138.0,0.4–4.0,mIU/L,Low,1.2–3.1,nmol/L,Normal,66–181,nmol/L,Normal,1.0–4.0,Index,High
2520,92,Female,0.7,1.3,120.0,143.0,0.4–4.0,mIU/L,Normal,1.2–3.1,nmol/L,Normal,66–181,nmol/L,Normal,1.0–4.0,Index,High
2521,36,Male,0.25,1.8,124.0,166.0,0.4–4.0,mIU/L,Low,1.2–3.1,nmol/L,Normal,66–181,nmol/L,Normal,1.0–4.0,Index,High
2522,42,Female,0.05,2.6,122.0,105.0,0.4–4.0,mIU/L,Low,1.2–3.1,nmol/L,Normal,66–181,nmol/L,Normal,1.0–4.0,Index,High
2523,45,Male,1.3,2.3,88.0,106.0,0.4–4.0,mIU/L,Normal,1.2–3.1,nmol/L,Normal,66–181,nmol/L,Normal,1.0–4.0,Index,High
2524,59,Female,1.2,2.0,110.0,114.0,0.4–4.0,mIU/L,Normal,1.2–3.1,nmol/L,Normal,66–181,nmol/L,Normal,1.0–4.0,Index,High
2525,48,Female,0.3,1.6,86.0,92.0,0.4–4.0,mIU/L,Low,1.2–3.1,nmol/L,Normal,66–181,nmol/L,Normal,1.0–4.0,Index,High
2526,73,Male,10.0,1.0,84.0,60.0,0.4–4.0,mIU/L,High,1.2–3.1,nmol/L,Low,66–181,nmol/L,Normal,1.0–4.0,Index,High
2527,19,Female,0.4,2.4,103.0,114.0,0.4–4.0,mIU/L,Normal,1.2–3.1,nmol/L,Normal,66–181,nmol/L,Normal,1.0–4.0,Index,High
2528,78,Female,0.05,2.0,114.0,134.0,0.4–4.0,mIU/L,Low,1.2–3.1,nmol/L,Normal,66–181,nmol/L,Normal,1.0–4.0,Index,High
2529,67,Female,0.2,1.6,90.0,93.0,0.4–4.0,mIU/L,Low,1.2–3.1,nmol/L,Normal,66–181,nmol/L,Normal,1.0–4.0,Index,High
2530,76,Female,1.7,0.8,80.0,104.0,0.4–4.0,mIU/L,Normal,1.2–3.1,nmol/L,Low,66–181,nmol/L,Normal,1.0–4.0,Index,High
2531,48,Male,0.05,0.4,98.0,133.0,0.4–4.0,mIU/L,Low,1.2–3.1,nmol/L,Low,66–181,nmol/L,Normal,1.0–4.0,Index,High
2532,55,Male,1.0,1.8,95.0,101.0,0.4–4.0,mIU/L,Normal,1.2–3.1,nmol/L,Normal,66–181,nmol/L,Normal,1.0–4.0,Index,High
2533,73,Female,0.05,1.9,76.0,86.0,0.4–4.0,mIU/L,Low,1.2–3.1,nmol/L,Normal,66–181,nmol/L,Normal,1.0–4.0,Index,High
2534,50,Male,0.05,1.8,109.0,141.0,0.4–4.0,mIU/L,Low,1.2–3.1,nmol/L,Normal,66–181,nmol/L,Normal,1.0–4.0,Index,High
2535,46,Female,0.2,3.5,172.0,173.0,0.4–4.0,mIU/L,Low,1.2–3.1,nmol/L,High,66–181,nmol/L,Normal,1.0–4.0,Index,High
2536,59,Male,0.05,2.0,118.0,129.0,0.4–4.0,mIU/L,Low,1.2–3.1,nmol/L,Normal,66–181,nmol/L,Normal,1.0–4.0,Index,High
2537,79,Female,0.5,1.6,128.0,129.0,0.4–4.0,mIU/L,Normal,1.2–3.1,nmol/L,Normal,66–181,nmol/L,Normal,1.0–4.0,Index,High
2538,39,Male,0.5,2.1,95.0,107.0,0.4–4.0,mIU/L,Normal,1.2–3.1,nmol/L,Normal,66–181,nmol/L,Normal,1.0–4.0,Index,High
2539,28,Male,0.5,2.2,89.0,84.0,0.4–4.0,mIU/L,Normal,1.2–3.1,nmol/L,Normal,66–181,nmol/L,Normal,1.0–4.0,Index,High
2540,28,,1.5,2.8,117.0,114.0,0.4–4.0,mIU/L,Normal,1.2–3.1,nmol/L,Normal,66–181,nmol/L,Normal,1.0–4.0,Index,High
2541,59,Male,0.3,2.4,86.0,96.0,0.4–4.0,mIU/L,Low,1.2–3.1,nmol/L,Normal,66–181,nmol/L,Normal,1.0–4.0,Index,High
2542,34,Female,0.05,4.2,213.0,110.0,0.4–4.0,mIU/L,Low,1.2–3.1,nmol/L,High,66–181,nmol/L,High,1.0–4.0,Index,High
2543,27,Female,2.0,2.5,90.0,85.0,0.4–4.0,mIU/L,Normal,1.2–3.1,nmol/L,Normal,66–181,nmol/L,Normal,1.0–4.0,Index,High
2544,64,Female,0.05,3.1,169.0,140.0,0.4–4.0,mIU/L,Low,1.2–3.1,nmol/L,Normal,66–181,nmol/L,Normal,1.0–4.0,Index,High
2545,32,Female,0.05,3.1,206.0,129.0,0.4–4.0,mIU/L,Low,1.2–3.1,nmol/L,Normal,66–181,nmol/L,High,1.0–4.0,Index,High
2546,32,Male,109.0,0.2,3.0,3.0,0.4–4.0,mIU/L,High,1.2–3.1,nmol/L,Low,66–181,nmol/L,Low,1.0–4.0,Index,Normal
2547,80,Male,0.05,3.7,152.0,164.0,0.4–4.0,mIU/L,Low,1.2–3.1,nmol/L,High,66–181,nmol/L,Normal,1.0–4.0,Index,High
2548,68,Male,0.4,2.2,117.0,136.0,0.4–4.0,mIU/L,Normal,1.2–3.1,nmol/L,Normal,66–181,nmol/L,Normal,1.0–4.0,Index,High
2549,47,Female,0.6,2.0,142.0,142.0,0.4–4.0,mIU/L,Normal,1.2–3.1,nmol/L,Normal,66–181,nmol/L,Normal,1.0–4.0,Index,High
2550,58,Male,0.05,2.4,103.0,107.0,0.4–4.0,mIU/L,Low,1.2–3.1,nmol/L,Normal,66–181,nmol/L,Normal,1.0–4.0,Index,High
2551,36,Female,7.5,4.1,139.0,84.0,0.4–4.0,mIU/L,High,1.2–3.1,nmol/L,High,66–181,nmol/L,Normal,1.0–4.0,Index,High
2552,40,Male,0.05,2.5,131.0,144.0,0.4–4.0,mIU/L,Low,1.2–3.1,nmol/L,Normal,66–181,nmol/L,Normal,1.0–4.0,Index,High
2553,73,,2.0,2.9,116.0,99.0,0.4–4.0,mIU/L,Normal,1.2–3.1,nmol/L,Normal,66–181,nmol/L,Normal,1.0–4.0,Index,High
2554,33,Female,1.3,2.5,101.0,112.0,0.4–4.0,mIU/L,Normal,1.2–3.1,nmol/L,Normal,66–181,nmol/L,Normal,1.0–4.0,Index,High
2555,66,Male,0.05,1.8,133.0,130.0,0.4–4.0,mIU/L,Low,1.2–3.1,nmol/L,Normal,66–181,nmol/L,Normal,1.0–4.0,Index,High
2556,76,Female,1.0,2.9,100.0,98.0,0.4–4.0,mIU/L,Normal,1.2–3.1,nmol/L,Normal,66–181,nmol/L,Normal,1.0–4.0,Index,High
2557,41,Male,0.05,3.0,90.0,94.0,0.4–4.0,mIU/L,Low,1.2–3.1,nmol/L,Normal,66–181,nmol/L,Normal,1.0–4.0,Index,High
2558,75,Male,2.3,2.6,90.0,91.0,0.4–4.0,mIU/L,Normal,1.2–3.1,nmol/L,Normal,66–181,nmol/L,Normal,1.0–4.0,Index,High
2559,34,Female,0.25,3.9,139.0,110.0,0.4–4.0,mIU/L,Low,1.2–3.1,nmol/L,High,66–181,nmol/L,Normal,1.0–4.0,Index,High
2560,29,Female,1.6,2.6,89.0,91.0,0.4–4.0,mIU/L,Normal,1.2–3.1,nmol/L,Normal,66–181,nmol/L,Normal,1.0–4.0,Index,High
2561,29,Male,2.6,1.6,135.0,157.0,0.4–4.0,mIU/L,Normal,1.2–3.1,nmol/L,Normal,66–181,nmol/L,Normal,1.0–4.0,Index,High
2562,58,Female,0.05,2.6,132.0,128.0,0.4–4.0,mIU/L,Low,1.2–3.1,nmol/L,Normal,66–181,nmol/L,Normal,1.0–4.0,Index,High
2563,37,Male,0.25,2.0,83.0,72.0,0.4–4.0,mIU/L,Low,1.2–3.1,nmol/L,Normal,66–181,nmol/L,Normal,1.0–4.0,Index,High
2564,40,Male,0.25,2.3,134.0,160.0,0.4–4.0,mIU/L,Low,1.2–3.1,nmol/L,Normal,66–181,nmol/L,Normal,1.0–4.0,Index,High
2565,60,Male,0.2,4.0,68.0,67.0,0.4–4.0,mIU/L,Low,1.2–3.1,nmol/L,High,66–181,nmol/L,Normal,1.0–4.0,Index,High
2566,86,Female,0.25,1.8,89.0,100.0,0.4–4.0,mIU/L,Low,1.2–3.1,nmol/L,Normal,66–181,nmol/L,Normal,1.0–4.0,Index,High
2567,74,Male,1.6,2.1,120.0,122.0,0.4–4.0,mIU/L,Normal,1.2–3.1,nmol/L,Normal,66–181,nmol/L,Normal,1.0–4.0,Index,High
2568,78,Female,0.6,2.4,118.0,135.0,0.4–4.0,mIU/L,Normal,1.2–3.1,nmol/L,Normal,66–181,nmol/L,Normal,1.0–4.0,Index,High
2569,36,Female,8.599999,3.7,131.0,79.0,0.4–4.0,mIU/L,High,1.2–3.1,nmol/L,High,66–181,nmol/L,Normal,1.0–4.0,Index,High
2570,57,Female,0.9,2.1,93.0,104.0,0.4–4.0,mIU/L,Normal,1.2–3.1,nmol/L,Normal,66–181,nmol/L,Normal,1.0–4.0,Index,High
2571,38,Male,0.4,2.0,91.0,117.0,0.4–4.0,mIU/L,Normal,1.2–3.1,nmol/L,Normal,66–181,nmol/L,Normal,1.0–4.0,Index,High
2572,34,Female,0.25,2.3,103.0,98.0,0.4–4.0,mIU/L,Low,1.2–3.1,nmol/L,Normal,66–181,nmol/L,Normal,1.0–4.0,Index,High
2573,34,Female,0.25,1.6,107.0,102.0,0.4–4.0,mIU/L,Low,1.2–3.1,nmol/L,Normal,66–181,nmol/L,Normal,1.0–4.0,Index,High
2574,51,Female,1.0,1.9,91.0,89.0,0.4–4.0,mIU/L,Normal,1.2–3.1,nmol/L,Normal,66–181,nmol/L,Normal,1.0–4.0,Index,High
2575,66,Male,0.5,1.9,80.0,94.0,0.4–4.0,mIU/L,Normal,1.2–3.1,nmol/L,Normal,66–181,nmol/L,Normal,1.0–4.0,Index,High
2576,19,Female,0.6,2.3,100.0,106.0,0.4–4.0,mIU/L,Normal,1.2–3.1,nmol/L,Normal,66–181,nmol/L,Normal,1.0–4.0,Index,High
2577,35,Female,0.25,2.0,121.0,148.0,0.4–4.0,mIU/L,Low,1.2–3.1,nmol/L,Normal,66–181,nmol/L,Normal,1.0–4.0,Index,High
2578,59,,0.25,2.4,109.0,113.0,0.4–4.0,mIU/L,Low,1.2–3.1,nmol/L,Normal,66–181,nmol/L,Normal,1.0–4.0,Index,High
2579,83,Female,0.25,2.3,147.0,135.0,0.4–4.0,mIU/L,Low,1.2–3.1,nmol/L,Normal,66–181,nmol/L,Normal,1.0–4.0,Index,High
2580,45,Female,7.4,1.4,108.0,100.0,0.4–4.0,mIU/L,High,1.2–3.1,nmol/L,Normal,66–181,nmol/L,Normal,1.0–4.0,Index,High
2581,80,Male,6.1,1.3,83.0,95.0,0.4–4.0,mIU/L,High,1.2–3.1,nmol/L,Normal,66–181,nmol/L,Normal,1.0–4.0,Index,High
2582,79,Male,0.8,2.2,103.0,109.0,0.4–4.0,mIU/L,Normal,1.2–3.1,nmol/L,Normal,66–181,nmol/L,Normal,1.0–4.0,Index,High
2583,84,Male,0.6,2.1,110.0,106.0,0.4–4.0,mIU/L,Normal,1.2–3.1,nmol/L,Normal,66–181,nmol/L,Normal,1.0–4.0,Index,High
2584,82,Female,0.5,0.6,139.0,161.0,0.4–4.0,mIU/L,Normal,1.2–3.1,nmol/L,Low,66–181,nmol/L,Normal,1.0–4.0,Index,High
2585,34,Female,0.15,2.3,139.0,131.0,0.4–4.0,mIU/L,Low,1.2–3.1,nmol/L,Normal,66–181,nmol/L,Normal,1.0–4.0,Index,High
2586,28,Female,0.15,1.9,75.0,67.0,0.4–4.0,mIU/L,Low,1.2–3.1,nmol/L,Normal,66–181,nmol/L,Normal,1.0–4.0,Index,High
2587,64,Female,0.2,1.9,159.0,153.0,0.4–4.0,mIU/L,Low,1.2–3.1,nmol/L,Normal,66–181,nmol/L,Normal,1.0–4.0,Index,High
2588,26,Female,1.2,4.0,168.0,106.0,0.4–4.0,mIU/L,Normal,1.2–3.1,nmol/L,High,66–181,nmol/L,Normal,1.0–4.0,Index,High
2589,52,Female,8.799999,2.3,106.0,85.0,0.4–4.0,mIU/L,High,1.2–3.1,nmol/L,Normal,66–181,nmol/L,Normal,1.0–4.0,Index,High
2590,70,Female,2.1,2.3,180.0,139.0,0.4–4.0,mIU/L,Normal,1.2–3.1,nmol/L,Normal,66–181,nmol/L,Normal,1.0–4.0,Index,High
2591,70,Male,0.5,1.9,87.0,100.0,0.4–4.0,mIU/L,Normal,1.2–3.1,nmol/L,Normal,66–181,nmol/L,Normal,1.0–4.0,Index,High
2592,70,Female,2.5,2.3,84.0,92.0,0.4–4.0,mIU/L,Normal,1.2–3.1,nmol/L,Normal,66–181,nmol/L,Normal,1.0–4.0,Index,High
2593,42,Female,0.6,2.5,125.0,102.0,0.4–4.0,mIU/L,Normal,1.2–3.1,nmol/L,Normal,66–181,nmol/L,Normal,1.0–4.0,Index,High
2594,40,Female,0.15,1.7,132.0,141.0,0.4–4.0,mIU/L,Low,1.2–3.1,nmol/L,Normal,66–181,nmol/L,Normal,1.0–4.0,Index,High
2595,58,Male,0.5,3.4,91.0,94.0,0.4–4.0,mIU/L,Normal,1.2–3.1,nmol/L,High,66–181,nmol/L,Normal,1.0–4.0,Index,High
2596,41,Female,1.0,1.5,100.0,116.0,0.4–4.0,mIU/L,Normal,1.2–3.1,nmol/L,Normal,66–181,nmol/L,Normal,1.0–4.0,Index,High
2597,80,Male,0.15,2.2,124.0,152.0,0.4–4.0,mIU/L,Low,1.2–3.1,nmol/L,Normal,66–181,nmol/L,Normal,1.0–4.0,Index,High
2598,67,Female,0.15,2.9,99.0,88.0,0.4–4.0,mIU/L,Low,1.2–3.1,nmol/L,Normal,66–181,nmol/L,Normal,1.0–4.0,Index,High
2599,50,Female,0.3,1.5,146.0,124.0,0.4–4.0,mIU/L,Low,1.2–3.1,nmol/L,Normal,66–181,nmol/L,Normal,1.0–4.0,Index,High
2600,74,Female,0.6,2.4,137.0,116.0,0.4–4.0,mIU/L,Normal,1.2–3.1,nmol/L,Normal,66–181,nmol/L,Normal,1.0–4.0,Index,High
2601,55,,0.2,1.7,95.0,121.0,0.4–4.0,mIU/L,Low,1.2–3.1,nmol/L,Normal,66–181,nmol/L,Normal,1.0–4.0,Index,High
2602,60,Female,3.8,2.2,76.0,58.0,0.4–4.0,mIU/L,Normal,1.2–3.1,nmol/L,Normal,66–181,nmol/L,Normal,1.0–4.0,Index,High
2603,79,Female,17.0,1.6,66.0,65.0,0.4–4.0,mIU/L,High,1.2–3.1,nmol/L,Normal,66–181,nmol/L,Normal,1.0–4.0,Index,High
2604,37,Male,0.9,2.3,77.0,96.0,0.4–4.0,mIU/L,Normal,1.2–3.1,nmol/L,Normal,66–181,nmol/L,Normal,1.0–4.0,Index,High
2605,55,Male,0.2,1.8,52.0,55.0,0.4–4.0,mIU/L,Low,1.2–3.1,nmol/L,Normal,66–181,nmol/L,Low,1.0–4.0,Index,High
2606,22,,1.7,2.2,93.0,87.0,0.4–4.0,mIU/L,Normal,1.2–3.1,nmol/L,Normal,66–181,nmol/L,Normal,1.0–4.0,Index,High
2607,15,Female,0.7,1.8,84.0,86.0,0.4–4.0,mIU/L,Normal,1.2–3.1,nmol/L,Normal,66–181,nmol/L,Normal,1.0–4.0,Index,High
2608,87,Female,0.3,1.5,100.0,83.0,0.4–4.0,mIU/L,Low,1.2–3.1,nmol/L,Normal,66–181,nmol/L,Normal,1.0–4.0,Index,High
2609,58,Male,0.6,2.0,107.0,113.0,0.4–4.0,mIU/L,Normal,1.2–3.1,nmol/L,Normal,66–181,nmol/L,Normal,1.0–4.0,Index,High
2610,70,Male,0.9,2.6,92.0,103.0,0.4–4.0,mIU/L,Normal,1.2–3.1,nmol/L,Normal,66–181,nmol/L,Normal,1.0–4.0,Index,High
2611,70,Male,1.4,2.1,91.0,92.0,0.4–4.0,mIU/L,Normal,1.2–3.1,nmol/L,Normal,66–181,nmol/L,Normal,1.0–4.0,Index,High
2612,85,Female,1.0,1.0,92.0,164.0,0.4–4.0,mIU/L,Normal,1.2–3.1,nmol/L,Low,66–181,nmol/L,Normal,1.0–4.0,Index,High
2613,55,Male,3.4,2.3,86.0,80.0,0.4–4.0,mIU/L,Normal,1.2–3.1,nmol/L,Normal,66–181,nmol/L,Normal,1.0–4.0,Index,High
2614,51,Female,1.0,2.2,69.0,66.0,0.4–4.0,mIU/L,Normal,1.2–3.1,nmol/L,Normal,66–181,nmol/L,Normal,1.0–4.0,Index,High
2615,75,Female,0.8,0.05,106.0,93.0,0.4–4.0,mIU/L,Normal,1.2–3.1,nmol/L,Low,66–181,nmol/L,Normal,1.0–4.0,Index,High
2616,75,Female,9.599999,1.9,79.0,80.0,0.4–4.0,mIU/L,High,1.2–3.1,nmol/L,Normal,66–181,nmol/L,Normal,1.0–4.0,Index,High
2617,70,Female,0.6,2.5,98.0,92.0,0.4–4.0,mIU/L,Normal,1.2–3.1,nmol/L,Normal,66–181,nmol/L,Normal,1.0–4.0,Index,High
2618,49,Male,1.0,2.8,141.0,127.0,0.4–4.0,mIU/L,Normal,1.2–3.1,nmol/L,Normal,66–181,nmol/L,Normal,1.0–4.0,Index,High
2619,36,Female,0.2,3.2,187.0,107.0,0.4–4.0,mIU/L,Low,1.2–3.1,nmol/L,High,66–181,nmol/L,High,1.0–4.0,Index,High
2620,36,Female,0.2,3.0,125.0,169.0,0.4–4.0,mIU/L,Low,1.2–3.1,nmol/L,Normal,66–181,nmol/L,Normal,1.0–4.0,Index,High
2621,63,Female,126.0,1.3,39.0,37.0,0.4–4.0,mIU/L,High,1.2–3.1,nmol/L,Normal,66–181,nmol/L,Low,1.0–4.0,Index,High
2622,58,Female,0.2,1.9,93.0,111.0,0.4–4.0,mIU/L,Low,1.2–3.1,nmol/L,Normal,66–181,nmol/L,Normal,1.0–4.0,Index,High
2623,80,Male,0.2,1.8,111.0,114.0,0.4–4.0,mIU/L,Low,1.2–3.1,nmol/L,Normal,66–181,nmol/L,Normal,1.0–4.0,Index,High
2624,73,Male,1.0,1.4,48.0,46.0,0.4–4.0,mIU/L,Normal,1.2–3.1,nmol/L,Normal,66–181,nmol/L,Low,1.0–4.0,Index,High
2625,71,Female,0.2,4.5,125.0,152.0,0.4–4.0,mIU/L,Low,1.2–3.1,nmol/L,High,66–181,nmol/L,Normal,1.0–4.0,Index,High
2626,31,,1.1,2.2,103.0,98.0,0.4–4.0,mIU/L,Normal,1.2–3.1,nmol/L,Normal,66–181,nmol/L,Normal,1.0–4.0,Index,High
2627,45,Male,0.2,1.8,94.0,111.0,0.4–4.0,mIU/L,Low,1.2–3.1,nmol/L,Normal,66–181,nmol/L,Normal,1.0–4.0,Index,High
2628,67,Female,0.5,1.9,109.0,108.0,0.4–4.0,mIU/L,Normal,1.2–3.1,nmol/L,Normal,66–181,nmol/L,Normal,1.0–4.0,Index,High
2629,59,Female,0.2,4.3,140.0,83.0,0.4–4.0,mIU/L,Low,1.2–3.1,nmol/L,High,66–181,nmol/L,Normal,1.0–4.0,Index,High
2630,48,Female,2.4,2.3,99.0,95.0,0.4–4.0,mIU/L,Normal,1.2–3.1,nmol/L,Normal,66–181,nmol/L,Normal,1.0–4.0,Index,High
2631,48,Female,0.2,1.8,104.0,94.0,0.4–4.0,mIU/L,Low,1.2–3.1,nmol/L,Normal,66–181,nmol/L,Normal,1.0–4.0,Index,High
2632,48,Male,0.2,2.5,91.0,78.0,0.4–4.0,mIU/L,Low,1.2–3.1,nmol/L,Normal,66–181,nmol/L,Normal,1.0–4.0,Index,High
2633,48,Male,0.8,1.2,97.0,107.0,0.4–4.0,mIU/L,Normal,1.2–3.1,nmol/L,Normal,66–181,nmol/L,Normal,1.0–4.0,Index,High
2634,48,Female,0.5,1.4,80.0,91.0,0.4–4.0,mIU/L,Normal,1.2–3.1,nmol/L,Normal,66–181,nmol/L,Normal,1.0–4.0,Index,High
2635,59,Male,0.7,2.8,87.0,87.0,0.4–4.0,mIU/L,Normal,1.2–3.1,nmol/L,Normal,66–181,nmol/L,Normal,1.0–4.0,Index,High
2636,43,Female,0.7,2.5,99.0,89.0,0.4–4.0,mIU/L,Normal,1.2–3.1,nmol/L,Normal,66–181,nmol/L,Normal,1.0–4.0,Index,High
2637,34,Female,0.2,2.5,104.0,86.0,0.4–4.0,mIU/L,Low,1.2–3.1,nmol/L,Normal,66–181,nmol/L,Normal,1.0–4.0,Index,High
2638,38,Female,0.5,4.7,172.0,94.0,0.4–4.0,mIU/L,Normal,1.2–3.1,nmol/L,High,66–181,nmol/L,Normal,1.0–4.0,Index,High
2639,39,Female,0.2,1.9,83.0,93.0,0.4–4.0,mIU/L,Low,1.2–3.1,nmol/L,Normal,66–181,nmol/L,Normal,1.0–4.0,Index,High
2640,39,Female,0.2,0.3,73.0,94.0,0.4–4.0,mIU/L,Low,1.2–3.1,nmol/L,Low,66–181,nmol/L,Normal,1.0–4.0,Index,High
2641,32,Male,1.2,2.9,128.0,114.0,0.4–4.0,mIU/L,Normal,1.2–3.1,nmol/L,Normal,66–181,nmol/L,Normal,1.0–4.0,Index,High
2642,28,Female,0.5,2.5,84.0,79.0,0.4–4.0,mIU/L,Normal,1.2–3.1,nmol/L,Normal,66–181,nmol/L,Normal,1.0–4.0,Index,High
2643,75,Male,0.6,1.5,63.0,92.0,0.4–4.0,mIU/L,Normal,1.2–3.1,nmol/L,Normal,66–181,nmol/L,Low,1.0–4.0,Index,High
2644,75,Female,1.5,2.2,70.0,82.0,0.4–4.0,mIU/L,Normal,1.2–3.1,nmol/L,Normal,66–181,nmol/L,Normal,1.0–4.0,Index,High
2645,19,Male,0.2,2.3,91.0,98.0,0.4–4.0,mIU/L,Low,1.2–3.1,nmol/L,Normal,66–181,nmol/L,Normal,1.0–4.0,Index,High
2646,73,Male,0.5,0.7,110.0,118.0,0.4–4.0,mIU/L,Normal,1.2–3.1,nmol/L,Low,66–181,nmol/L,Normal,1.0–4.0,Index,High
2647,60,Male,1.2,0.8,44.0,52.0,0.4–4.0,mIU/L,Normal,1.2–3.1,nmol/L,Low,66–181,nmol/L,Low,1.0–4.0,Index,High
2648,60,Female,0.6,2.4,101.0,86.0,0.4–4.0,mIU/L,Normal,1.2–3.1,nmol/L,Normal,66–181,nmol/L,Normal,1.0–4.0,Index,High
2649,60,Male,0.2,2.1,105.0,97.0,0.4–4.0,mIU/L,Low,1.2–3.1,nmol/L,Normal,66–181,nmol/L,Normal,1.0–4.0,Index,High
2650,68,Male,1.9,2.9,90.0,90.0,0.4–4.0,mIU/L,Normal,1.2–3.1,nmol/L,Normal,66–181,nmol/L,Normal,1.0–4.0,Index,High
2651,39,Female,0.2,2.2,106.0,141.0,0.4–4.0,mIU/L,Low,1.2–3.1,nmol/L,Normal,66–181,nmol/L,Normal,1.0–4.0,Index,High
2652,32,Male,0.2,1.7,85.0,101.0,0.4–4.0,mIU/L,Low,1.2–3.1,nmol/L,Normal,66–181,nmol/L,Normal,1.0–4.0,Index,High
2653,57,Male,0.2,2.0,91.0,77.0,0.4–4.0,mIU/L,Low,1.2–3.1,nmol/L,Normal,66–181,nmol/L,Normal,1.0–4.0,Index,High
2654,45,Female,1.9,2.3,92.0,88.0,0.4–4.0,mIU/L,Normal,1.2–3.1,nmol/L,Normal,66–181,nmol/L,Normal,1.0–4.0,Index,High
2655,38,Male,0.6,2.8,146.0,133.0,0.4–4.0,mIU/L,Normal,1.2–3.1,nmol/L,Normal,66–181,nmol/L,Normal,1.0–4.0,Index,High
2656,76,Female,0.9,2.2,105.0,96.0,0.4–4.0,mIU/L,Normal,1.2–3.1,nmol/L,Normal,66–181,nmol/L,Normal,1.0–4.0,Index,High
2657,73,Female,3.5,1.6,143.0,134.0,0.4–4.0,mIU/L,Normal,1.2–3.1,nmol/L,Normal,66–181,nmol/L,Normal,1.0–4.0,Index,High
2658,87,Female,0.2,3.4,164.0,200.0,0.4–4.0,mIU/L,Low,1.2–3.1,nmol/L,High,66–181,nmol/L,Normal,1.0–4.0,Index,High
2659,56,Female,0.9,2.4,99.0,82.0,0.4–4.0,mIU/L,Normal,1.2–3.1,nmol/L,Normal,66–181,nmol/L,Normal,1.0–4.0,Index,High
2660,61,Female,3.7,2.4,77.0,62.0,0.4–4.0,mIU/L,Normal,1.2–3.1,nmol/L,Normal,66–181,nmol/L,Normal,1.0–4.0,Index,High
2661,10,Male,2.9,4.0,90.0,81.0,0.4–4.0,mIU/L,Normal,1.2–3.1,nmol/L,High,66–181,nmol/L,Normal,1.0–4.0,Index,High
2662,36,Female,0.9,2.8,126.0,98.0,0.4–4.0,mIU/L,Normal,1.2–3.1,nmol/L,Normal,66–181,nmol/L,Normal,1.0–4.0,Index,High
2663,34,Female,0.2,5.0,223.0,131.0,0.4–4.0,mIU/L,Low,1.2–3.1,nmol/L,High,66–181,nmol/L,High,1.0–4.0,Index,High
2664,24,Female,1.7,2.4,126.0,136.0,0.4–4.0,mIU/L,Normal,1.2–3.1,nmol/L,Normal,66–181,nmol/L,Normal,1.0–4.0,Index,High
2665,52,Male,0.2,2.3,116.0,123.0,0.4–4.0,mIU/L,Low,1.2–3.1,nmol/L,Normal,66–181,nmol/L,Normal,1.0–4.0,Index,High
2666,49,,0.6,1.3,77.0,118.0,0.4–4.0,mIU/L,Normal,1.2–3.1,nmol/L,Normal,66–181,nmol/L,Normal,1.0–4.0,Index,High
2667,52,Female,0.5,1.6,80.0,98.0,0.4–4.0,mIU/L,Normal,1.2–3.1,nmol/L,Normal,66–181,nmol/L,Normal,1.0–4.0,Index,High
2668,79,Male,1.0,1.4,92.0,105.0,0.4–4.0,mIU/L,Normal,1.2–3.1,nmol/L,Normal,66–181,nmol/L,Normal,1.0–4.0,Index,High
2669,61,Female,0.2,2.3,112.0,111.0,0.4–4.0,mIU/L,Low,1.2–3.1,nmol/L,Normal,66–181,nmol/L,Normal,1.0–4.0,Index,High
2670,74,Male,1.0,2.1,77.0,84.0,0.4–4.0,mIU/L,Normal,1.2–3.1,nmol/L,Normal,66–181,nmol/L,Normal,1.0–4.0,Index,High
2671,63,Male,0.8,1.9,98.0,111.0,0.4–4.0,mIU/L,Normal,1.2–3.1,nmol/L,Normal,66–181,nmol/L,Normal,1.0–4.0,Index,High
2672,68,Male,1.1,1.5,92.0,85.0,0.4–4.0,mIU/L,Normal,1.2–3.1,nmol/L,Normal,66–181,nmol/L,Normal,1.0–4.0,Index,High
2673,65,Male,1.6,1.4,78.0,96.0,0.4–4.0,mIU/L,Normal,1.2–3.1,nmol/L,Normal,66–181,nmol/L,Normal,1.0–4.0,Index,High
2674,46,Male,0.25,2.0,112.0,111.0,0.4–4.0,mIU/L,Low,1.2–3.1,nmol/L,Normal,66–181,nmol/L,Normal,1.0–4.0,Index,High
2675,37,Female,0.25,2.5,111.0,114.0,0.4–4.0,mIU/L,Low,1.2–3.1,nmol/L,Normal,66–181,nmol/L,Normal,1.0–4.0,Index,High
2676,29,Male,0.25,1.1,46.0,104.0,0.4–4.0,mIU/L,Low,1.2–3.1,nmol/L,Low,66–181,nmol/L,Low,1.0–4.0,Index,High
2677,28,Male,0.25,2.0,99.0,124.0,0.4–4.0,mIU/L,Low,1.2–3.1,nmol/L,Normal,66–181,nmol/L,Normal,1.0–4.0,Index,High
2678,27,Female,5.4,2.2,75.0,84.0,0.4–4.0,mIU/L,High,1.2–3.1,nmol/L,Normal,66–181,nmol/L,Normal,1.0–4.0,Index,High
2679,36,Female,1.5,1.3,62.0,83.0,0.4–4.0,mIU/L,Normal,1.2–3.1,nmol/L,Normal,66–181,nmol/L,Low,1.0–4.0,Index,High
2680,36,Male,0.25,2.5,102.0,106.0,0.4–4.0,mIU/L,Low,1.2–3.1,nmol/L,Normal,66–181,nmol/L,Normal,1.0–4.0,Index,High
2681,70,Male,0.6,2.6,144.0,120.0,0.4–4.0,mIU/L,Normal,1.2–3.1,nmol/L,Normal,66–181,nmol/L,Normal,1.0–4.0,Index,High
2682,59,Male,0.25,1.8,102.0,124.0,0.4–4.0,mIU/L,Low,1.2–3.1,nmol/L,Normal,66–181,nmol/L,Normal,1.0–4.0,Index,High
2683,64,Female,0.6,1.8,112.0,106.0,0.4–4.0,mIU/L,Normal,1.2–3.1,nmol/L,Normal,66–181,nmol/L,Normal,1.0–4.0,Index,High
2684,76,Male,0.8,1.1,94.0,101.0,0.4–4.0,mIU/L,Normal,1.2–3.1,nmol/L,Low,66–181,nmol/L,Normal,1.0–4.0,Index,High
2685,64,Male,1.8,1.4,117.0,121.0,0.4–4.0,mIU/L,Normal,1.2–3.1,nmol/L,Normal,66–181,nmol/L,Normal,1.0–4.0,Index,High
2686,81,Female,1.2,1.5,114.0,115.0,0.4–4.0,mIU/L,Normal,1.2–3.1,nmol/L,Normal,66–181,nmol/L,Normal,1.0–4.0,Index,High
2687,74,Female,0.25,0.8,103.0,141.0,0.4–4.0,mIU/L,Low,1.2–3.1,nmol/L,Low,66–181,nmol/L,Normal,1.0–4.0,Index,High
2688,65,Female,0.25,1.4,79.0,103.0,0.4–4.0,mIU/L,Low,1.2–3.1,nmol/L,Normal,66–181,nmol/L,Normal,1.0–4.0,Index,High
2689,78,Female,0.7,1.5,88.0,101.0,0.4–4.0,mIU/L,Normal,1.2–3.1,nmol/L,Normal,66–181,nmol/L,Normal,1.0–4.0,Index,High
2690,49,Male,0.8,1.5,85.0,116.0,0.4–4.0,mIU/L,Normal,1.2–3.1,nmol/L,Normal,66–181,nmol/L,Normal,1.0–4.0,Index,High
2691,58,Male,0.9,1.5,88.0,105.0,0.4–4.0,mIU/L,Normal,1.2–3.1,nmol/L,Normal,66–181,nmol/L,Normal,1.0–4.0,Index,High
2692,66,Female,0.6,2.4,100.0,100.0,0.4–4.0,mIU/L,Normal,1.2–3.1,nmol/L,Normal,66–181,nmol/L,Normal,1.0–4.0,Index,High
2693,68,Male,5.4,2.7,94.0,82.0,0.4–4.0,mIU/L,High,1.2–3.1,nmol/L,Normal,66–181,nmol/L,Normal,1.0–4.0,Index,High
2694,21,Male,0.25,1.3,54.0,51.0,0.4–4.0,mIU/L,Low,1.2–3.1,nmol/L,Normal,66–181,nmol/L,Low,1.0–4.0,Index,High
2695,50,Female,1.1,2.2,81.0,86.0,0.4–4.0,mIU/L,Normal,1.2–3.1,nmol/L,Normal,66–181,nmol/L,Normal,1.0–4.0,Index,High
2696,76,Male,2.1,1.3,93.0,91.0,0.4–4.0,mIU/L,Normal,1.2–3.1,nmol/L,Normal,66–181,nmol/L,Normal,1.0–4.0,Index,High
2697,61,Male,0.6,1.0,96.0,104.0,0.4–4.0,mIU/L,Normal,1.2–3.1,nmol/L,Low,66–181,nmol/L,Normal,1.0–4.0,Index,High
2698,79,Female,0.8,1.2,113.0,111.0,0.4–4.0,mIU/L,Normal,1.2–3.1,nmol/L,Normal,66–181,nmol/L,Normal,1.0–4.0,Index,High
2699,66,Male,0.8,1.8,114.0,124.0,0.4–4.0,mIU/L,Normal,1.2–3.1,nmol/L,Normal,66–181,nmol/L,Normal,1.0–4.0,Index,High
2700,59,Female,0.9,3.6,112.0,96.0,0.4–4.0,mIU/L,Normal,1.2–3.1,nmol/L,High,66–181,nmol/L,Normal,1.0–4.0,Index,High
2701,24,Male,0.6,3.0,119.0,115.0,0.4–4.0,mIU/L,Normal,1.2–3.1,nmol/L,Normal,66–181,nmol/L,Normal,1.0–4.0,Index,High
2702,44,Male,0.6,2.7,107.0,125.0,0.4–4.0,mIU/L,Normal,1.2–3.1,nmol/L,Normal,66–181,nmol/L,Normal,1.0–4.0,Index,High
2703,44,Male,3.5,1.7,103.0,107.0,0.4–4.0,mIU/L,Normal,1.2–3.1,nmol/L,Normal,66–181,nmol/L,Normal,1.0–4.0,Index,High
2704,44,Male,3.2,1.9,99.0,139.0,0.4–4.0,mIU/L,Normal,1.2–3.1,nmol/L,Normal,66–181,nmol/L,Normal,1.0–4.0,Index,High
2705,18,Female,0.25,3.1,160.0,177.0,0.4–4.0,mIU/L,Low,1.2–3.1,nmol/L,Normal,66–181,nmol/L,Normal,1.0–4.0,Index,High
2706,40,Female,3.6,2.5,95.0,95.0,0.4–4.0,mIU/L,Normal,1.2–3.1,nmol/L,Normal,66–181,nmol/L,Normal,1.0–4.0,Index,High
2707,59,Female,0.6,4.5,161.0,97.0,0.4–4.0,mIU/L,Normal,1.2–3.1,nmol/L,High,66–181,nmol/L,Normal,1.0–4.0,Index,High
2708,59,Female,4.4,2.4,80.0,81.0,0.4–4.0,mIU/L,High,1.2–3.1,nmol/L,Normal,66–181,nmol/L,Normal,1.0–4.0,Index,High
2709,59,Female,0.6,2.0,106.0,121.0,0.4–4.0,mIU/L,Normal,1.2–3.1,nmol/L,Normal,66–181,nmol/L,Normal,1.0–4.0,Index,High
2710,26,Female,2.9,2.4,90.0,98.0,0.4–4.0,mIU/L,Normal,1.2–3.1,nmol/L,Normal,66–181,nmol/L,Normal,1.0–4.0,Index,High
2711,73,Female,1.7,1.8,198.0,198.0,0.4–4.0,mIU/L,Normal,1.2–3.1,nmol/L,Normal,66–181,nmol/L,High,1.0–4.0,Index,High
2712,62,Female,24.0,1.7,72.0,68.0,0.4–4.0,mIU/L,High,1.2–3.1,nmol/L,Normal,66–181,nmol/L,Normal,1.0–4.0,Index,High
2713,19,Male,0.25,1.9,165.0,174.0,0.4–4.0,mIU/L,Low,1.2–3.1,nmol/L,Normal,66–181,nmol/L,Normal,1.0–4.0,Index,High
2714,52,Female,35.0,2.1,77.0,70.0,0.4–4.0,mIU/L,High,1.2–3.1,nmol/L,Normal,66–181,nmol/L,Normal,1.0–4.0,Index,High
2715,39,Female,0.25,2.9,125.0,130.0,0.4–4.0,mIU/L,Low,1.2–3.1,nmol/L,Normal,66–181,nmol/L,Normal,1.0–4.0,Index,High
2716,77,Female,0.25,1.7,113.0,120.0,0.4–4.0,mIU/L,Low,1.2–3.1,nmol/L,Normal,66–181,nmol/L,Normal,1.0–4.0,Index,High
2717,60,Male,0.15,7.6,120.0,116.0,0.4–4.0,mIU/L,Low,1.2–3.1,nmol/L,High,66–181,nmol/L,Normal,1.0–4.0,Index,High
2718,76,Male,6.6,1.0,91.0,88.0,0.4–4.0,mIU/L,High,1.2–3.1,nmol/L,Low,66–181,nmol/L,Normal,1.0–4.0,Index,High
2719,76,,2.0,3.7,142.0,126.0,0.4–4.0,mIU/L,Normal,1.2–3.1,nmol/L,High,66–181,nmol/L,Normal,1.0–4.0,Index,High
2720,52,Female,0.15,2.7,133.0,127.0,0.4–4.0,mIU/L,Low,1.2–3.1,nmol/L,Normal,66–181,nmol/L,Normal,1.0–4.0,Index,High
2721,74,Female,0.65,0.9,92.0,129.0,0.4–4.0,mIU/L,Normal,1.2–3.1,nmol/L,Low,66–181,nmol/L,Normal,1.0–4.0,Index,High
2722,55,Female,1.8,2.3,98.0,101.0,0.4–4.0,mIU/L,Normal,1.2–3.1,nmol/L,Normal,66–181,nmol/L,Normal,1.0–4.0,Index,High
2723,70,Female,1.5,0.3,79.0,98.0,0.4–4.0,mIU/L,Normal,1.2–3.1,nmol/L,Low,66–181,nmol/L,Normal,1.0–4.0,Index,High
2724,39,Female,6.9,1.6,125.0,123.0,0.4–4.0,mIU/L,High,1.2–3.1,nmol/L,Normal,66–181,nmol/L,Normal,1.0–4.0,Index,High
2725,36,Female,0.25,2.3,99.0,104.0,0.4–4.0,mIU/L,Low,1.2–3.1,nmol/L,Normal,66–181,nmol/L,Normal,1.0–4.0,Index,High
2726,55,Male,8.599999,0.3,73.0,96.0,0.4–4.0,mIU/L,High,1.2–3.1,nmol/L,Low,66–181,nmol/L,Normal,1.0–4.0,Index,High
2727,15,Female,0.04,1.4,103.0,120.0,0.4–4.0,mIU/L,Low,1.2–3.1,nmol/L,Normal,66–181,nmol/L,Normal,1.0–4.0,Index,High
2728,83,Female,1.6,1.2,103.0,131.0,0.4–4.0,mIU/L,Normal,1.2–3.1,nmol/L,Normal,66–181,nmol/L,Normal,1.0–4.0,Index,High
2729,72,Female,1.1,2.2,124.0,115.0,0.4–4.0,mIU/L,Normal,1.2–3.1,nmol/L,Normal,66–181,nmol/L,Normal,1.0–4.0,Index,High
2730,34,Female,0.04,2.9,144.0,91.0,0.4–4.0,mIU/L,Low,1.2–3.1,nmol/L,Normal,66–181,nmol/L,Normal,1.0–4.0,Index,High
2731,33,Female,1.8,2.0,139.0,137.0,0.4–4.0,mIU/L,Normal,1.2–3.1,nmol/L,Normal,66–181,nmol/L,Normal,1.0–4.0,Index,High
2732,33,Male,2.2,2.6,86.0,98.0,0.4–4.0,mIU/L,Normal,1.2–3.1,nmol/L,Normal,66–181,nmol/L,Normal,1.0–4.0,Index,High
2733,72,Female,15.0,2.2,98.0,76.0,0.4–4.0,mIU/L,High,1.2–3.1,nmol/L,Normal,66–181,nmol/L,Normal,1.0–4.0,Index,High
2734,80,Female,6.0,1.6,99.0,104.0,0.4–4.0,mIU/L,High,1.2–3.1,nmol/L,Normal,66–181,nmol/L,Normal,1.0–4.0,Index,High
2735,80,Female,2.6,2.2,97.0,94.0,0.4–4.0,mIU/L,Normal,1.2–3.1,nmol/L,Normal,66–181,nmol/L,Normal,1.0–4.0,Index,High
2736,50,Male,0.53,2.1,94.0,99.0,0.4–4.0,mIU/L,Normal,1.2–3.1,nmol/L,Normal,66–181,nmol/L,Normal,1.0–4.0,Index,High
2737,70,Female,2.1,1.7,131.0,130.0,0.4–4.0,mIU/L,Normal,1.2–3.1,nmol/L,Normal,66–181,nmol/L,Normal,1.0–4.0,Index,High
2738,70,Female,1.3,1.8,94.0,110.0,0.4–4.0,mIU/L,Normal,1.2–3.1,nmol/L,Normal,66–181,nmol/L,Normal,1.0–4.0,Index,High
2739,70,Female,3.2,0.9,84.0,96.0,0.4–4.0,mIU/L,Normal,1.2–3.1,nmol/L,Low,66–181,nmol/L,Normal,1.0–4.0,Index,High
2740,61,Female,4.7,1.1,89.0,118.0,0.4–4.0,mIU/L,High,1.2–3.1,nmol/L,Low,66–181,nmol/L,Normal,1.0–4.0,Index,High
2741,73,Male,2.7,1.6,97.0,125.0,0.4–4.0,mIU/L,Normal,1.2–3.1,nmol/L,Normal,66–181,nmol/L,Normal,1.0–4.0,Index,High
2742,35,Male,0.26,1.0,57.0,64.0,0.4–4.0,mIU/L,Low,1.2–3.1,nmol/L,Low,66–181,nmol/L,Low,1.0–4.0,Index,High
2743,71,Female,0.77,2.1,123.0,135.0,0.4–4.0,mIU/L,Normal,1.2–3.1,nmol/L,Normal,66–181,nmol/L,Normal,1.0–4.0,Index,High
2744,32,Female,7.9,2.2,76.0,75.0,0.4–4.0,mIU/L,High,1.2–3.1,nmol/L,Normal,66–181,nmol/L,Normal,1.0–4.0,Index,High
2745,49,Male,2.0,2.1,79.0,91.0,0.4–4.0,mIU/L,Normal,1.2–3.1,nmol/L,Normal,66–181,nmol/L,Normal,1.0–4.0,Index,High
2746,78,Female,2.9,1.7,104.0,137.0,0.4–4.0,mIU/L,Normal,1.2–3.1,nmol/L,Normal,66–181,nmol/L,Normal,1.0–4.0,Index,High
2747,19,Male,3.1,2.8,131.0,138.0,0.4–4.0,mIU/L,Normal,1.2–3.1,nmol/L,Normal,66–181,nmol/L,Normal,1.0–4.0,Index,High
2748,50,Female,40.0,2.2,75.0,74.0,0.4–4.0,mIU/L,High,1.2–3.1,nmol/L,Normal,66–181,nmol/L,Normal,1.0–4.0,Index,High
2749,38,Female,0.23,3.4,183.0,186.0,0.4–4.0,mIU/L,Low,1.2–3.1,nmol/L,High,66–181,nmol/L,High,1.0–4.0,Index,High
2750,38,Female,2.8,2.4,96.0,99.0,0.4–4.0,mIU/L,Normal,1.2–3.1,nmol/L,Normal,66–181,nmol/L,Normal,1.0–4.0,Index,High
2751,69,Male,1.8,2.3,108.0,105.0,0.4–4.0,mIU/L,Normal,1.2–3.1,nmol/L,Normal,66–181,nmol/L,Normal,1.0–4.0,Index,High
2752,81,Male,0.65,1.3,91.0,104.0,0.4–4.0,mIU/L,Normal,1.2–3.1,nmol/L,Normal,66–181,nmol/L,Normal,1.0–4.0,Index,High
2753,43,Female,1.1,1.3,136.0,140.0,0.4–4.0,mIU/L,Normal,1.2–3.1,nmol/L,Normal,66–181,nmol/L,Normal,1.0–4.0,Index,High
2754,65,,0.025,3.2,129.0,168.0,0.4–4.0,mIU/L,Low,1.2–3.1,nmol/L,High,66–181,nmol/L,Normal,1.0–4.0,Index,High
2755,17,Female,28.0,2.0,86.0,87.0,0.4–4.0,mIU/L,High,1.2–3.1,nmol/L,Normal,66–181,nmol/L,Normal,1.0–4.0,Index,High
2756,19,Male,0.84,2.0,98.0,112.0,0.4–4.0,mIU/L,Normal,1.2–3.1,nmol/L,Normal,66–181,nmol/L,Normal,1.0–4.0,Index,High
2757,50,Female,1.6,2.4,111.0,111.0,0.4–4.0,mIU/L,Normal,1.2–3.1,nmol/L,Normal,66–181,nmol/L,Normal,1.0–4.0,Index,High
2758,70,Female,1.4,1.7,97.0,122.0,0.4–4.0,mIU/L,Normal,1.2–3.1,nmol/L,Normal,66–181,nmol/L,Normal,1.0–4.0,Index,High
2759,62,Female,2.3,2.3,92.0,97.0,0.4–4.0,mIU/L,Normal,1.2–3.1,nmol/L,Normal,66–181,nmol/L,Normal,1.0–4.0,Index,High
2760,71,Female,1.9,1.5,135.0,127.0,0.4–4.0,mIU/L,Normal,1.2–3.1,nmol/L,Normal,66–181,nmol/L,Normal,1.0–4.0,Index,High
2761,55,Male,6.1,2.3,88.0,97.0,0.4–4.0,mIU/L,High,1.2–3.1,nmol/L,Normal,66–181,nmol/L,Normal,1.0–4.0,Index,High
2762,55,Female,9.2,2.5,106.0,94.0,0.4–4.0,mIU/L,High,1.2–3.1,nmol/L,Normal,66–181,nmol/L,Normal,1.0–4.0,Index,High
2763,72,Female,1.5,1.9,141.0,129.0,0.4–4.0,mIU/L,Normal,1.2–3.1,nmol/L,Normal,66–181,nmol/L,Normal,1.0–4.0,Index,High
2764,30,Female,1.3,2.0,80.0,110.0,0.4–4.0,mIU/L,Normal,1.2–3.1,nmol/L,Normal,66–181,nmol/L,Normal,1.0–4.0,Index,High
2765,32,Female,0.025,3.7,139.0,104.0,0.4–4.0,mIU/L,Low,1.2–3.1,nmol/L,High,66–181,nmol/L,Normal,1.0–4.0,Index,High
2766,43,Female,0.95,1.9,101.0,125.0,0.4–4.0,mIU/L,Normal,1.2–3.1,nmol/L,Normal,66–181,nmol/L,Normal,1.0–4.0,Index,High
2767,43,Female,1.9,1.8,114.0,125.0,0.4–4.0,mIU/L,Normal,1.2–3.1,nmol/L,Normal,66–181,nmol/L,Normal,1.0–4.0,Index,High
2768,33,Female,1.9,1.9,83.0,81.0,0.4–4.0,mIU/L,Normal,1.2–3.1,nmol/L,Normal,66–181,nmol/L,Normal,1.0–4.0,Index,High
2769,54,Female,0.38,1.1,128.0,160.0,0.4–4.0,mIU/L,Low,1.2–3.1,nmol/L,Low,66–181,nmol/L,Normal,1.0–4.0,Index,High
2770,66,Female,3.8,1.9,119.0,119.0,0.4–4.0,mIU/L,Normal,1.2–3.1,nmol/L,Normal,66–181,nmol/L,Normal,1.0–4.0,Index,High
2771,455,Female,1.1,2.0,118.0,104.0,0.4–4.0,mIU/L,Normal,1.2–3.1,nmol/L,Normal,66–181,nmol/L,Normal,1.0–4.0,Index,High
2772,38,Female,1.8,2.5,101.0,97.0,0.4–4.0,mIU/L,Normal,1.2–3.1,nmol/L,Normal,66–181,nmol/L,Normal,1.0–4.0,Index,High
2773,38,,5.8,2.0,102.0,89.0,0.4–4.0,mIU/L,High,1.2–3.1,nmol/L,Normal,66–181,nmol/L,Normal,1.0–4.0,Index,High
2774,37,Female,1.6,2.3,97.0,93.0,0.4–4.0,mIU/L,Normal,1.2–3.1,nmol/L,Normal,66–181,nmol/L,Normal,1.0–4.0,Index,High
2775,65,Female,2.6,2.2,73.0,74.0,0.4–4.0,mIU/L,Normal,1.2–3.1,nmol/L,Normal,66–181,nmol/L,Normal,1.0–4.0,Index,High
2776,26,Female,2.4,1.9,170.0,138.0,0.4–4.0,mIU/L,Normal,1.2–3.1,nmol/L,Normal,66–181,nmol/L,Normal,1.0–4.0,Index,High
2777,61,Female,0.41,1.2,116.0,134.0,0.4–4.0,mIU/L,Normal,1.2–3.1,nmol/L,Normal,66–181,nmol/L,Normal,1.0–4.0,Index,High
2778,51,Female,0.065,2.2,164.0,151.0,0.4–4.0,mIU/L,Low,1.2–3.1,nmol/L,Normal,66–181,nmol/L,Normal,1.0–4.0,Index,High
2779,57,Female,0.065,4.2,235.0,214.0,0.4–4.0,mIU/L,Low,1.2–3.1,nmol/L,High,66–181,nmol/L,High,1.0–4.0,Index,High
2780,66,Female,0.065,2.0,153.0,154.0,0.4–4.0,mIU/L,Low,1.2–3.1,nmol/L,Normal,66–181,nmol/L,Normal,1.0–4.0,Index,High
2781,58,Female,0.065,3.4,129.0,136.0,0.4–4.0,mIU/L,Low,1.2–3.1,nmol/L,High,66–181,nmol/L,Normal,1.0–4.0,Index,High
2782,58,Male,0.65,3.0,92.0,92.0,0.4–4.0,mIU/L,Normal,1.2–3.1,nmol/L,Normal,66–181,nmol/L,Normal,1.0–4.0,Index,High
2783,85,Female,8.0,1.1,125.0,142.0,0.4–4.0,mIU/L,High,1.2–3.1,nmol/L,Low,66–181,nmol/L,Normal,1.0–4.0,Index,High
2784,50,Male,0.005,2.4,153.0,129.0,0.4–4.0,mIU/L,Low,1.2–3.1,nmol/L,Normal,66–181,nmol/L,Normal,1.0–4.0,Index,High
2785,58,,0.04,2.6,117.0,114.0,0.4–4.0,mIU/L,Low,1.2–3.1,nmol/L,Normal,66–181,nmol/L,Normal,1.0–4.0,Index,High
2786,71,Male,0.005,2.2,93.0,107.0,0.4–4.0,mIU/L,Low,1.2–3.1,nmol/L,Normal,66–181,nmol/L,Normal,1.0–4.0,Index,High
2787,29,Female,0.15,5.5,161.0,100.0,0.4–4.0,mIU/L,Low,1.2–3.1,nmol/L,High,66–181,nmol/L,Normal,1.0–4.0,Index,High
2788,61,Male,0.25,2.5,101.0,101.0,0.4–4.0,mIU/L,Low,1.2–3.1,nmol/L,Normal,66–181,nmol/L,Normal,1.0–4.0,Index,High
2789,37,Female,5.1,2.5,84.0,80.0,0.4–4.0,mIU/L,High,1.2–3.1,nmol/L,Normal,66–181,nmol/L,Normal,1.0–4.0,Index,High
2790,70,Female,0.78,1.9,136.0,152.0,0.4–4.0,mIU/L,Normal,1.2–3.1,nmol/L,Normal,66–181,nmol/L,Normal,1.0–4.0,Index,High
2791,26,Male,2.7,2.5,130.0,121.0,0.4–4.0,mIU/L,Normal,1.2–3.1,nmol/L,Normal,66–181,nmol/L,Normal,1.0–4.0,Index,High
2792,26,Female,2.3,2.0,135.0,111.0,0.4–4.0,mIU/L,Normal,1.2–3.1,nmol/L,Normal,66–181,nmol/L,Normal,1.0–4.0,Index,High
2793,70,Female,0.005,3.5,194.0,215.0,0.4–4.0,mIU/L,Low,1.2–3.1,nmol/L,High,66–181,nmol/L,High,1.0–4.0,Index,High
2794,70,Female,2.0,2.5,102.0,111.0,0.4–4.0,mIU/L,Normal,1.2–3.1,nmol/L,Normal,66–181,nmol/L,Normal,1.0–4.0,Index,High
2795,41,Male,2.0,2.8,110.0,97.0,0.4–4.0,mIU/L,Normal,1.2–3.1,nmol/L,Normal,66–181,nmol/L,Normal,1.0–4.0,Index,High
2796,58,Male,3.7,1.7,64.0,93.0,0.4–4.0,mIU/L,Normal,1.2–3.1,nmol/L,Normal,66–181,nmol/L,Low,1.0–4.0,Index,High
2797,48,Male,2.4,2.7,110.0,101.0,0.4–4.0,mIU/L,Normal,1.2–3.1,nmol/L,Normal,66–181,nmol/L,Normal,1.0–4.0,Index,High
2798,32,Female,3.5,1.8,91.0,101.0,0.4–4.0,mIU/L,Normal,1.2–3.1,nmol/L,Normal,66–181,nmol/L,Normal,1.0–4.0,Index,High
2799,67,Female,1.1,1.2,90.0,110.0,0.4–4.0,mIU/L,Normal,1.2–3.1,nmol/L,Normal,66–181,nmol/L,Normal,1.0–4.0,Index,High
2800,25,Female,0.81,2.8,106.0,81.0,0.4–4.0,mIU/L,Normal,1.2–3.1,nmol/L,Normal,66–181,nmol/L,Normal,1.0–4.0,Index,High
2801,72,Female,2.3,2.6,111.0,105.0,0.4–4.0,mIU/L,Normal,1.2–3.1,nmol/L,Normal,66–181,nmol/L,Normal,1.0–4.0,Index,High
2802,72,Female,0.005,2.6,82.0,93.0,0.4–4.0,mIU/L,Low,1.2–3.1,nmol/L,Normal,66–181,nmol/L,Normal,1.0–4.0,Index,High
2803,60,Female,183.0,1.1,45.0,46.0,0.4–4.0,mIU/L,High,1.2–3.1,nmol/L,Low,66–181,nmol/L,Low,1.0–4.0,Index,High
2804,65,Female,0.61,1.8,96.0,94.0,0.4–4.0,mIU/L,Normal,1.2–3.1,nmol/L,Normal,66–181,nmol/L,Normal,1.0–4.0,Index,High
2805,36,Female,1.7,2.3,77.0,74.0,0.4–4.0,mIU/L,Normal,1.2–3.1,nmol/L,Normal,66–181,nmol/L,Normal,1.0–4.0,Index,High
2806,47,Female,0.005,3.0,145.0,117.0,0.4–4.0,mIU/L,Low,1.2–3.1,nmol/L,Normal,66–181,nmol/L,Normal,1.0–4.0,Index,High
2807,78,Male,2.3,2.1,112.0,101.0,0.4–4.0,mIU/L,Normal,1.2–3.1,nmol/L,Normal,66–181,nmol/L,Normal,1.0–4.0,Index,High
2808,65,Female,1.9,1.8,84.0,93.0,0.4–4.0,mIU/L,Normal,1.2–3.1,nmol/L,Normal,66–181,nmol/L,Normal,1.0–4.0,Index,High
2809,74,Female,9.099999,2.0,72.0,80.0,0.4–4.0,mIU/L,High,1.2–3.1,nmol/L,Normal,66–181,nmol/L,Normal,1.0–4.0,Index,High
2810,59,Female,0.82,2.6,180.0,126.0,0.4–4.0,mIU/L,Normal,1.2–3.1,nmol/L,Normal,66–181,nmol/L,Normal,1.0–4.0,Index,High
2811,59,Male,12.0,1.5,88.0,90.0,0.4–4.0,mIU/L,High,1.2–3.1,nmol/L,Normal,66–181,nmol/L,Normal,1.0–4.0,Index,High
2812,64,Female,8.9,1.2,67.0,89.0,0.4–4.0,mIU/L,High,1.2–3.1,nmol/L,Normal,66–181,nmol/L,Normal,1.0–4.0,Index,High
2813,37,Female,13.0,2.5,96.0,73.0,0.4–4.0,mIU/L,High,1.2–3.1,nmol/L,Normal,66–181,nmol/L,Normal,1.0–4.0,Index,High
2814,67,Female,1.3,2.2,104.0,114.0,0.4–4.0,mIU/L,Normal,1.2–3.1,nmol/L,Normal,66–181,nmol/L,Normal,1.0–4.0,Index,High
2815,40,Male,0.98,1.8,98.0,99.0,0.4–4.0,mIU/L,Normal,1.2–3.1,nmol/L,Normal,66–181,nmol/L,Normal,1.0–4.0,Index,High
2816,67,Female,0.98,1.8,94.0,107.0,0.4–4.0,mIU/L,Normal,1.2–3.1,nmol/L,Normal,66–181,nmol/L,Normal,1.0–4.0,Index,High
2817,28,Male,3.3,1.8,109.0,119.0,0.4–4.0,mIU/L,Normal,1.2–3.1,nmol/L,Normal,66–181,nmol/L,Normal,1.0–4.0,Index,High
2818,28,Male,1.1,2.0,105.0,116.0,0.4–4.0,mIU/L,Normal,1.2–3.1,nmol/L,Normal,66–181,nmol/L,Normal,1.0–4.0,Index,High
2819,66,Female,3.2,1.6,126.0,123.0,0.4–4.0,mIU/L,Normal,1.2–3.1,nmol/L,Normal,66–181,nmol/L,Normal,1.0–4.0,Index,High
2820,43,Male,1.4,2.2,75.0,88.0,0.4–4.0,mIU/L,Normal,1.2–3.1,nmol/L,Normal,66–181,nmol/L,Normal,1.0–4.0,Index,High
2821,48,,1.6,1.6,140.0,138.0,0.4–4.0,mIU/L,Normal,1.2–3.1,nmol/L,Normal,66–181,nmol/L,Normal,1.0–4.0,Index,High
2822,65,Female,1.7,2.4,73.0,82.0,0.4–4.0,mIU/L,Normal,1.2–3.1,nmol/L,Normal,66–181,nmol/L,Normal,1.0–4.0,Index,High
2823,63,Male,3.5,2.5,108.0,113.0,0.4–4.0,mIU/L,Normal,1.2–3.1,nmol/L,Normal,66–181,nmol/L,Normal,1.0–4.0,Index,High
2824,93,Female,2.7,0.4,77.0,90.0,0.4–4.0,mIU/L,Normal,1.2–3.1,nmol/L,Low,66–181,nmol/L,Normal,1.0–4.0,Index,High
2825,74,Female,1.3,2.3,113.0,118.0,0.4–4.0,mIU/L,Normal,1.2–3.1,nmol/L,Normal,66–181,nmol/L,Normal,1.0–4.0,Index,High
2826,73,Female,0.88,1.5,113.0,153.0,0.4–4.0,mIU/L,Normal,1.2–3.1,nmol/L,Normal,66–181,nmol/L,Normal,1.0–4.0,Index,High
2827,26,Female,0.43,4.1,123.0,83.0,0.4–4.0,mIU/L,Normal,1.2–3.1,nmol/L,High,66–181,nmol/L,Normal,1.0–4.0,Index,High
2828,61,Female,0.08,2.3,150.0,125.0,0.4–4.0,mIU/L,Low,1.2–3.1,nmol/L,Normal,66–181,nmol/L,Normal,1.0–4.0,Index,High
2829,83,Female,2.6,1.3,100.0,117.0,0.4–4.0,mIU/L,Normal,1.2–3.1,nmol/L,Normal,66–181,nmol/L,Normal,1.0–4.0,Index,High
2830,55,Female,0.81,0.3,61.0,113.0,0.4–4.0,mIU/L,Normal,1.2–3.1,nmol/L,Low,66–181,nmol/L,Low,1.0–4.0,Index,High
2831,55,Male,2.1,1.6,86.0,107.0,0.4–4.0,mIU/L,Normal,1.2–3.1,nmol/L,Normal,66–181,nmol/L,Normal,1.0–4.0,Index,High
2832,65,Female,0.89,2.6,95.0,95.0,0.4–4.0,mIU/L,Normal,1.2–3.1,nmol/L,Normal,66–181,nmol/L,Normal,1.0–4.0,Index,High
2833,48,Male,1.2,2.5,81.0,89.0,0.4–4.0,mIU/L,Normal,1.2–3.1,nmol/L,Normal,66–181,nmol/L,Normal,1.0–4.0,Index,High
2834,29,Female,1.6,2.7,87.0,102.0,0.4–4.0,mIU/L,Normal,1.2–3.1,nmol/L,Normal,66–181,nmol/L,Normal,1.0–4.0,Index,High
2835,59,Female,1.1,3.8,263.0,155.0,0.4–4.0,mIU/L,Normal,1.2–3.1,nmol/L,High,66–181,nmol/L,High,1.0–4.0,Index,High
2836,31,Female,0.91,2.1,66.0,99.0,0.4–4.0,mIU/L,Normal,1.2–3.1,nmol/L,Normal,66–181,nmol/L,Normal,1.0–4.0,Index,High
2837,59,Female,530.0,2.0,10.0,8.5,0.4–4.0,mIU/L,High,1.2–3.1,nmol/L,Normal,66–181,nmol/L,Low,1.0–4.0,Index,High
2838,70,,0.35,0.3,44.0,118.0,0.4–4.0,mIU/L,Low,1.2–3.1,nmol/L,Low,66–181,nmol/L,Low,1.0–4.0,Index,High
2839,88,Male,2.3,2.2,101.0,101.0,0.4–4.0,mIU/L,Normal,1.2–3.1,nmol/L,Normal,66–181,nmol/L,Normal,1.0–4.0,Index,High
2840,62,Female,1.1,2.4,81.0,84.0,0.4–4.0,mIU/L,Normal,1.2–3.1,nmol/L,Normal,66–181,nmol/L,Normal,1.0–4.0,Index,High
2841,73,Female,2.0,1.6,162.0,173.0,0.4–4.0,mIU/L,Normal,1.2–3.1,nmol/L,Normal,66–181,nmol/L,Normal,1.0–4.0,Index,High
2842,34,Male,3.3,2.7,104.0,103.0,0.4–4.0,mIU/L,Normal,1.2–3.1,nmol/L,Normal,66–181,nmol/L,Normal,1.0–4.0,Index,High
2843,52,Male,0.01,2.4,108.0,154.0,0.4–4.0,mIU/L,Low,1.2–3.1,nmol/L,Normal,66–181,nmol/L,Normal,1.0–4.0,Index,High
2844,17,Female,145.0,1.2,36.0,24.0,0.4–4.0,mIU/L,High,1.2–3.1,nmol/L,Normal,66–181,nmol/L,Low,1.0–4.0,Index,High
2845,34,Female,6.8,2.4,96.0,90.0,0.4–4.0,mIU/L,High,1.2–3.1,nmol/L,Normal,66–181,nmol/L,Normal,1.0–4.0,Index,High
2846,34,Male,0.01,2.3,149.0,169.0,0.4–4.0,mIU/L,Low,1.2–3.1,nmol/L,Normal,66–181,nmol/L,Normal,1.0–4.0,Index,High
2847,58,Female,18.0,2.1,68.0,63.0,0.4–4.0,mIU/L,High,1.2–3.1,nmol/L,Normal,66–181,nmol/L,Normal,1.0–4.0,Index,High
2848,36,Male,1.7,2.6,129.0,109.0,0.4–4.0,mIU/L,Normal,1.2–3.1,nmol/L,Normal,66–181,nmol/L,Normal,1.0–4.0,Index,High
2849,67,Female,1.7,0.7,79.0,102.0,0.4–4.0,mIU/L,Normal,1.2–3.1,nmol/L,Low,66–181,nmol/L,Normal,1.0–4.0,Index,High
2850,27,Male,1.8,2.5,97.0,85.0,0.4–4.0,mIU/L,Normal,1.2–3.1,nmol/L,Normal,66–181,nmol/L,Normal,1.0–4.0,Index,High
2851,67,Female,0.015,4.2,188.0,135.0,0.4–4.0,mIU/L,Low,1.2–3.1,nmol/L,High,66–181,nmol/L,High,1.0–4.0,Index,High
2852,23,Female,1.6,2.7,138.0,103.0,0.4–4.0,mIU/L,Normal,1.2–3.1,nmol/L,Normal,66–181,nmol/L,Normal,1.0–4.0,Index,High
2853,21,Male,2.3,1.6,88.0,87.0,0.4–4.0,mIU/L,Normal,1.2–3.1,nmol/L,Normal,66–181,nmol/L,Normal,1.0–4.0,Index,High
2854,32,Female,0.9,2.3,129.0,100.0,0.4–4.0,mIU/L,Normal,1.2–3.1,nmol/L,Normal,66–181,nmol/L,Normal,1.0–4.0,Index,High
2855,35,Female,2.3,2.3,83.0,69.0,0.4–4.0,mIU/L,Normal,1.2–3.1,nmol/L,Normal,66–181,nmol/L,Normal,1.0–4.0,Index,High
2856,35,Female,2.5,1.2,124.0,111.0,0.4–4.0,mIU/L,Normal,1.2–3.1,nmol/L,Normal,66–181,nmol/L,Normal,1.0–4.0,Index,High
2857,39,Female,1.7,2.0,78.0,93.0,0.4–4.0,mIU/L,Normal,1.2–3.1,nmol/L,Normal,66–181,nmol/L,Normal,1.0–4.0,Index,High
2858,69,Female,5.9,1.8,163.0,149.0,0.4–4.0,mIU/L,High,1.2–3.1,nmol/L,Normal,66–181,nmol/L,Normal,1.0–4.0,Index,High
2859,60,Female,7.3,1.6,109.0,105.0,0.4–4.0,mIU/L,High,1.2–3.1,nmol/L,Normal,66–181,nmol/L,Normal,1.0–4.0,Index,High
2860,31,Male,1.3,1.5,101.0,113.0,0.4–4.0,mIU/L,Normal,1.2–3.1,nmol/L,Normal,66–181,nmol/L,Normal,1.0–4.0,Index,High
2861,71,Female,0.59,2.1,119.0,110.0,0.4–4.0,mIU/L,Normal,1.2–3.1,nmol/L,Normal,66–181,nmol/L,Normal,1.0–4.0,Index,High
2862,44,Male,2.8,2.3,129.0,103.0,0.4–4.0,mIU/L,Normal,1.2–3.1,nmol/L,Normal,66–181,nmol/L,Normal,1.0–4.0,Index,High
2863,55,Male,0.91,1.8,93.0,89.0,0.4–4.0,mIU/L,Normal,1.2–3.1,nmol/L,Normal,66–181,nmol/L,Normal,1.0–4.0,Index,High
2864,51,Female,2.0,1.8,68.0,86.0,0.4–4.0,mIU/L,Normal,1.2–3.1,nmol/L,Normal,66–181,nmol/L,Normal,1.0–4.0,Index,High
2865,18,Female,16.0,1.3,75.0,68.0,0.4–4.0,mIU/L,High,1.2–3.1,nmol/L,Normal,66–181,nmol/L,Normal,1.0–4.0,Index,High
2866,74,Female,1.3,0.1,65.0,137.0,0.4–4.0,mIU/L,Normal,1.2–3.1,nmol/L,Low,66–181,nmol/L,Low,1.0–4.0,Index,High
2867,17,Male,1.5,0.5,43.0,105.0,0.4–4.0,mIU/L,Normal,1.2–3.1,nmol/L,Low,66–181,nmol/L,Low,1.0–4.0,Index,High
2868,75,Female,3.8,1.6,106.0,120.0,0.4–4.0,mIU/L,Normal,1.2–3.1,nmol/L,Normal,66–181,nmol/L,Normal,1.0–4.0,Index,High
2869,31,Female,4.8,2.6,93.0,79.0,0.4–4.0,mIU/L,High,1.2–3.1,nmol/L,Normal,66–181,nmol/L,Normal,1.0–4.0,Index,High
2870,53,Male,0.62,1.7,116.0,116.0,0.4–4.0,mIU/L,Normal,1.2–3.1,nmol/L,Normal,66–181,nmol/L,Normal,1.0–4.0,Index,High
2871,82,Female,2.1,1.7,99.0,108.0,0.4–4.0,mIU/L,Normal,1.2–3.1,nmol/L,Normal,66–181,nmol/L,Normal,1.0–4.0,Index,High
2872,82,Male,2.0,0.4,58.0,85.0,0.4–4.0,mIU/L,Normal,1.2–3.1,nmol/L,Low,66–181,nmol/L,Low,1.0–4.0,Index,High
2873,80,Female,2.5,2.2,113.0,97.0,0.4–4.0,mIU/L,Normal,1.2–3.1,nmol/L,Normal,66–181,nmol/L,Normal,1.0–4.0,Index,High
2874,73,Male,0.84,1.3,66.0,56.0,0.4–4.0,mIU/L,Normal,1.2–3.1,nmol/L,Normal,66–181,nmol/L,Normal,1.0–4.0,Index,High
2875,81,Female,2.5,1.8,76.0,75.0,0.4–4.0,mIU/L,Normal,1.2–3.1,nmol/L,Normal,66–181,nmol/L,Normal,1.0–4.0,Index,High
2876,78,Female,0.5,1.9,81.0,98.0,0.4–4.0,mIU/L,Normal,1.2–3.1,nmol/L,Normal,66–181,nmol/L,Normal,1.0–4.0,Index,High
2877,40,Female,3.1,2.2,103.0,93.0,0.4–4.0,mIU/L,Normal,1.2–3.1,nmol/L,Normal,66–181,nmol/L,Normal,1.0–4.0,Index,High
2878,57,Female,0.01,2.9,98.0,113.0,0.4–4.0,mIU/L,Low,1.2–3.1,nmol/L,Normal,66–181,nmol/L,Normal,1.0–4.0,Index,High
2879,80,Female,0.005,2.7,101.0,121.0,0.4–4.0,mIU/L,Low,1.2–3.1,nmol/L,Normal,66–181,nmol/L,Normal,1.0–4.0,Index,High
2880,48,Female,0.74,2.9,100.0,95.0,0.4–4.0,mIU/L,Normal,1.2–3.1,nmol/L,Normal,66–181,nmol/L,Normal,1.0–4.0,Index,High
2881,62,Male,8.599999,1.1,84.0,114.0,0.4–4.0,mIU/L,High,1.2–3.1,nmol/L,Low,66–181,nmol/L,Normal,1.0–4.0,Index,High
2882,78,Female,2.1,2.1,141.0,167.0,0.4–4.0,mIU/L,Normal,1.2–3.1,nmol/L,Normal,66–181,nmol/L,Normal,1.0–4.0,Index,High
2883,78,Female,2.8,2.2,105.0,105.0,0.4–4.0,mIU/L,Normal,1.2–3.1,nmol/L,Normal,66–181,nmol/L,Normal,1.0–4.0,Index,High
2884,56,Female,1.9,1.4,62.0,85.0,0.4–4.0,mIU/L,Normal,1.2–3.1,nmol/L,Normal,66–181,nmol/L,Low,1.0–4.0,Index,High
2885,75,,0.12,1.5,117.0,125.0,0.4–4.0,mIU/L,Low,1.2–3.1,nmol/L,Normal,66–181,nmol/L,Normal,1.0–4.0,Index,High
2886,7,Male,0.4,2.3,54.0,63.0,0.4–4.0,mIU/L,Normal,1.2–3.1,nmol/L,Normal,66–181,nmol/L,Low,1.0–4.0,Index,High
2887,73,Female,2.0,1.6,116.0,125.0,0.4–4.0,mIU/L,Normal,1.2–3.1,nmol/L,Normal,66–181,nmol/L,Normal,1.0–4.0,Index,High
2888,56,Male,1.4,1.0,99.0,142.0,0.4–4.0,mIU/L,Normal,1.2–3.1,nmol/L,Low,66–181,nmol/L,Normal,1.0–4.0,Index,High
2889,73,Female,8.5,2.1,104.0,92.0,0.4–4.0,mIU/L,High,1.2–3.1,nmol/L,Normal,66–181,nmol/L,Normal,1.0–4.0,Index,High
2890,41,Male,0.005,2.2,64.0,69.0,0.4–4.0,mIU/L,Low,1.2–3.1,nmol/L,Normal,66–181,nmol/L,Low,1.0–4.0,Index,High
2891,51,Male,0.005,2.8,132.0,139.0,0.4–4.0,mIU/L,Low,1.2–3.1,nmol/L,Normal,66–181,nmol/L,Normal,1.0–4.0,Index,High
2892,45,Female,15.0,2.1,83.0,67.0,0.4–4.0,mIU/L,High,1.2–3.1,nmol/L,Normal,66–181,nmol/L,Normal,1.0–4.0,Index,High
2893,61,Male,0.005,2.5,114.0,122.0,0.4–4.0,mIU/L,Low,1.2–3.1,nmol/L,Normal,66–181,nmol/L,Normal,1.0–4.0,Index,High
2894,56,Male,1.1,1.7,82.0,81.0,0.4–4.0,mIU/L,Normal,1.2–3.1,nmol/L,Normal,66–181,nmol/L,Normal,1.0–4.0,Index,High
2895,63,Female,1.1,1.9,110.0,108.0,0.4–4.0,mIU/L,Normal,1.2–3.1,nmol/L,Normal,66–181,nmol/L,Normal,1.0–4.0,Index,High
2896,65,Male,1.3,1.5,110.0,137.0,0.4–4.0,mIU/L,Normal,1.2–3.1,nmol/L,Normal,66–181,nmol/L,Normal,1.0–4.0,Index,High
2897,46,Female,4.7,1.9,96.0,85.0,0.4–4.0,mIU/L,High,1.2–3.1,nmol/L,Normal,66–181,nmol/L,Normal,1.0–4.0,Index,High
2898,20,Female,0.7,2.4,113.0,84.0,0.4–4.0,mIU/L,Normal,1.2–3.1,nmol/L,Normal,66–181,nmol/L,Normal,1.0–4.0,Index,High
2899,48,Male,2.1,1.6,96.0,122.0,0.4–4.0,mIU/L,Normal,1.2–3.1,nmol/L,Normal,66–181,nmol/L,Normal,1.0–4.0,Index,High
2900,48,Female,178.0,1.0,63.0,59.0,0.4–4.0,mIU/L,High,1.2–3.1,nmol/L,Low,66–181,nmol/L,Low,1.0–4.0,Index,High
2901,42,Female,0.02,4.0,200.0,128.0,0.4–4.0,mIU/L,Low,1.2–3.1,nmol/L,High,66–181,nmol/L,High,1.0–4.0,Index,High
2902,34,Female,0.02,2.3,122.0,73.0,0.4–4.0,mIU/L,Low,1.2–3.1,nmol/L,Normal,66–181,nmol/L,Normal,1.0–4.0,Index,High
2903,34,Female,1.0,2.3,120.0,119.0,0.4–4.0,mIU/L,Normal,1.2–3.1,nmol/L,Normal,66–181,nmol/L,Normal,1.0–4.0,Index,High
2904,75,Male,1.4,2.1,115.0,119.0,0.4–4.0,mIU/L,Normal,1.2–3.1,nmol/L,Normal,66–181,nmol/L,Normal,1.0–4.0,Index,High
2905,75,Female,1.2,2.0,101.0,109.0,0.4–4.0,mIU/L,Normal,1.2–3.1,nmol/L,Normal,66–181,nmol/L,Normal,1.0–4.0,Index,High
2906,45,Male,2.1,1.3,109.0,122.0,0.4–4.0,mIU/L,Normal,1.2–3.1,nmol/L,Normal,66–181,nmol/L,Normal,1.0–4.0,Index,High
2907,53,Female,1.6,2.1,117.0,107.0,0.4–4.0,mIU/L,Normal,1.2–3.1,nmol/L,Normal,66–181,nmol/L,Normal,1.0–4.0,Index,High
2908,66,Female,4.6,2.4,125.0,115.0,0.4–4.0,mIU/L,High,1.2–3.1,nmol/L,Normal,66–181,nmol/L,Normal,1.0–4.0,Index,High
2909,72,Female,2.3,2.3,111.0,97.0,0.4–4.0,mIU/L,Normal,1.2–3.1,nmol/L,Normal,66–181,nmol/L,Normal,1.0–4.0,Index,High
2910,56,Female,3.0,2.3,128.0,112.0,0.4–4.0,mIU/L,Normal,1.2–3.1,nmol/L,Normal,66–181,nmol/L,Normal,1.0–4.0,Index,High
2911,64,Female,0.09,1.0,101.0,123.0,0.4–4.0,mIU/L,Low,1.2–3.1,nmol/L,Low,66–181,nmol/L,Normal,1.0–4.0,Index,High
2912,76,Female,6.2,0.5,130.0,153.0,0.4–4.0,mIU/L,High,1.2–3.1,nmol/L,Low,66–181,nmol/L,Normal,1.0–4.0,Index,High
2913,57,Male,1.6,2.1,164.0,145.0,0.4–4.0,mIU/L,Normal,1.2–3.1,nmol/L,Normal,66–181,nmol/L,Normal,1.0–4.0,Index,High
2914,63,,3.4,2.1,157.0,135.0,0.4–4.0,mIU/L,Normal,1.2–3.1,nmol/L,Normal,66–181,nmol/L,Normal,1.0–4.0,Index,High
2915,53,Female,165.0,0.4,17.0,14.0,0.4–4.0,mIU/L,High,1.2–3.1,nmol/L,Low,66–181,nmol/L,Low,1.0–4.0,Index,High
2916,31,Female,22.0,1.2,146.0,121.0,0.4–4.0,mIU/L,High,1.2–3.1,nmol/L,Normal,66–181,nmol/L,Normal,1.0–4.0,Index,High
2917,28,Female,54.0,2.1,50.0,46.0,0.4–4.0,mIU/L,High,1.2–3.1,nmol/L,Normal,66–181,nmol/L,Low,1.0–4.0,Index,High
2918,15,Female,1.0,1.4,64.0,81.0,0.4–4.0,mIU/L,Normal,1.2–3.1,nmol/L,Normal,66–181,nmol/L,Low,1.0–4.0,Index,High
2919,60,Male,0.91,1.0,102.0,112.0,0.4–4.0,mIU/L,Normal,1.2–3.1,nmol/L,Low,66–181,nmol/L,Normal,1.0–4.0,Index,High
2920,72,Female,0.01,1.1,240.0,223.0,0.4–4.0,mIU/L,Low,1.2–3.1,nmol/L,Low,66–181,nmol/L,High,1.0–4.0,Index,High
2921,61,Female,0.61,1.6,103.0,111.0,0.4–4.0,mIU/L,Normal,1.2–3.1,nmol/L,Normal,66–181,nmol/L,Normal,1.0–4.0,Index,High
2922,61,Female,1.8,1.9,102.0,97.0,0.4–4.0,mIU/L,Normal,1.2–3.1,nmol/L,Normal,66–181,nmol/L,Normal,1.0–4.0,Index,High
2923,29,Female,4.6,1.6,97.0,87.0,0.4–4.0,mIU/L,High,1.2–3.1,nmol/L,Normal,66–181,nmol/L,Normal,1.0–4.0,Index,High
2924,68,Female,2.3,1.5,112.0,114.0,0.4–4.0,mIU/L,Normal,1.2–3.1,nmol/L,Normal,66–181,nmol/L,Normal,1.0–4.0,Index,High
2925,63,Female,8.2,2.1,80.0,79.0,0.4–4.0,mIU/L,High,1.2–3.1,nmol/L,Normal,66–181,nmol/L,Normal,1.0–4.0,Index,High
2926,70,Male,1.1,1.4,106.0,115.0,0.4–4.0,mIU/L,Normal,1.2–3.1,nmol/L,Normal,66–181,nmol/L,Normal,1.0–4.0,Index,High
2927,28,Female,35.0,2.3,42.0,41.0,0.4–4.0,mIU/L,High,1.2–3.1,nmol/L,Normal,66–181,nmol/L,Low,1.0–4.0,Index,High
2928,28,Female,1.4,2.4,102.0,95.0,0.4–4.0,mIU/L,Normal,1.2–3.1,nmol/L,Normal,66–181,nmol/L,Normal,1.0–4.0,Index,High
2929,64,Female,0.85,1.1,99.0,90.0,0.4–4.0,mIU/L,Normal,1.2–3.1,nmol/L,Low,66–181,nmol/L,Normal,1.0–4.0,Index,High
2930,71,Male,1.3,1.4,116.0,121.0,0.4–4.0,mIU/L,Normal,1.2–3.1,nmol/L,Normal,66–181,nmol/L,Normal,1.0–4.0,Index,High
2931,72,Female,0.4,1.3,91.0,89.0,0.4–4.0,mIU/L,Normal,1.2–3.1,nmol/L,Normal,66–181,nmol/L,Normal,1.0–4.0,Index,High
2932,42,Female,5.2,1.4,58.0,69.0,0.4–4.0,mIU/L,High,1.2–3.1,nmol/L,Normal,66–181,nmol/L,Low,1.0–4.0,Index,High
2933,82,Female,0.17,1.8,119.0,130.0,0.4–4.0,mIU/L,Low,1.2–3.1,nmol/L,Normal,66–181,nmol/L,Normal,1.0–4.0,Index,High
2934,21,Female,0.83,2.2,132.0,133.0,0.4–4.0,mIU/L,Normal,1.2–3.1,nmol/L,Normal,66–181,nmol/L,Normal,1.0–4.0,Index,High
2935,54,Female,0.035,1.4,152.0,145.0,0.4–4.0,mIU/L,Low,1.2–3.1,nmol/L,Normal,66–181,nmol/L,Normal,1.0–4.0,Index,High
2936,71,Female,1.6,1.8,136.0,117.0,0.4–4.0,mIU/L,Normal,1.2–3.1,nmol/L,Normal,66–181,nmol/L,Normal,1.0–4.0,Index,High
2937,76,Female,2.4,0.05,38.0,73.0,0.4–4.0,mIU/L,Normal,1.2–3.1,nmol/L,Low,66–181,nmol/L,Low,1.0–4.0,Index,High
2938,62,Female,0.035,2.6,128.0,124.0,0.4–4.0,mIU/L,Low,1.2–3.1,nmol/L,Normal,66–181,nmol/L,Normal,1.0–4.0,Index,High
2939,76,Female,5.6,1.0,143.0,173.0,0.4–4.0,mIU/L,High,1.2–3.1,nmol/L,Low,66–181,nmol/L,Normal,1.0–4.0,Index,High
2940,73,Male,0.35,1.6,120.0,108.0,0.4–4.0,mIU/L,Low,1.2–3.1,nmol/L,Normal,66–181,nmol/L,Normal,1.0–4.0,Index,High
2941,73,Male,1.7,3.6,115.0,93.0,0.4–4.0,mIU/L,Normal,1.2–3.1,nmol/L,High,66–181,nmol/L,Normal,1.0–4.0,Index,High
2942,64,Female,0.035,1.0,103.0,122.0,0.4–4.0,mIU/L,Low,1.2–3.1,nmol/L,Low,66–181,nmol/L,Normal,1.0–4.0,Index,High
2943,34,Female,0.035,3.1,142.0,97.0,0.4–4.0,mIU/L,Low,1.2–3.1,nmol/L,Normal,66–181,nmol/L,Normal,1.0–4.0,Index,High
2944,39,Male,2.3,2.5,130.0,129.0,0.4–4.0,mIU/L,Normal,1.2–3.1,nmol/L,Normal,66–181,nmol/L,Normal,1.0–4.0,Index,High
2945,59,Female,7.1,1.9,98.0,88.0,0.4–4.0,mIU/L,High,1.2–3.1,nmol/L,Normal,66–181,nmol/L,Normal,1.0–4.0,Index,High
2946,22,Female,2.4,1.7,103.0,103.0,0.4–4.0,mIU/L,Normal,1.2–3.1,nmol/L,Normal,66–181,nmol/L,Normal,1.0–4.0,Index,High
2947,71,Female,0.32,1.6,164.0,148.0,0.4–4.0,mIU/L,Low,1.2–3.1,nmol/L,Normal,66–181,nmol/L,Normal,1.0–4.0,Index,High
2948,25,Female,1.9,1.7,167.0,137.0,0.4–4.0,mIU/L,Normal,1.2–3.1,nmol/L,Normal,66–181,nmol/L,Normal,1.0–4.0,Index,High
2949,54,Female,0.035,1.9,100.0,90.0,0.4–4.0,mIU/L,Low,1.2–3.1,nmol/L,Normal,66–181,nmol/L,Normal,1.0–4.0,Index,High
2950,64,Male,2.0,1.3,124.0,138.0,0.4–4.0,mIU/L,Normal,1.2–3.1,nmol/L,Normal,66–181,nmol/L,Normal,1.0–4.0,Index,High
2951,69,Female,2.5,1.5,82.0,124.0,0.4–4.0,mIU/L,Normal,1.2–3.1,nmol/L,Normal,66–181,nmol/L,Normal,1.0–4.0,Index,High
2952,71,Male,7.8,1.4,111.0,116.0,0.4–4.0,mIU/L,High,1.2–3.1,nmol/L,Normal,66–181,nmol/L,Normal,1.0–4.0,Index,High
2953,35,Female,3.8,2.0,98.0,97.0,0.4–4.0,mIU/L,Normal,1.2–3.1,nmol/L,Normal,66–181,nmol/L,Normal,1.0–4.0,Index,High
2954,78,Female,4.1,1.9,116.0,110.0,0.4–4.0,mIU/L,High,1.2–3.1,nmol/L,Normal,66–181,nmol/L,Normal,1.0–4.0,Index,High
2955,20,Female,0.02,2.6,171.0,153.0,0.4–4.0,mIU/L,Low,1.2–3.1,nmol/L,Normal,66–181,nmol/L,Normal,1.0–4.0,Index,High
2956,64,Female,1.0,1.5,126.0,147.0,0.4–4.0,mIU/L,Normal,1.2–3.1,nmol/L,Normal,66–181,nmol/L,Normal,1.0–4.0,Index,High
2957,56,Male,0.05,0.7,50.0,205.0,0.4–4.0,mIU/L,Low,1.2–3.1,nmol/L,Low,66–181,nmol/L,Low,1.0–4.0,Index,High
2958,70,Female,6.2,1.8,124.0,112.0,0.4–4.0,mIU/L,High,1.2–3.1,nmol/L,Normal,66–181,nmol/L,Normal,1.0–4.0,Index,High
2959,25,Male,8.799999,2.2,109.0,113.0,0.4–4.0,mIU/L,High,1.2–3.1,nmol/L,Normal,66–181,nmol/L,Normal,1.0–4.0,Index,High
2960,30,Female,1.3,2.3,106.0,100.0,0.4–4.0,mIU/L,Normal,1.2–3.1,nmol/L,Normal,66–181,nmol/L,Normal,1.0–4.0,Index,High
2961,73,Female,9.9,0.7,111.0,120.0,0.4–4.0,mIU/L,High,1.2–3.1,nmol/L,Low,66–181,nmol/L,Normal,1.0–4.0,Index,High
2962,73,Female,4.1,2.2,145.0,108.0,0.4–4.0,mIU/L,High,1.2–3.1,nmol/L,Normal,66–181,nmol/L,Normal,1.0–4.0,Index,High
2963,29,,4.4,1.7,94.0,97.0,0.4–4.0,mIU/L,High,1.2–3.1,nmol/L,Normal,66–181,nmol/L,Normal,1.0–4.0,Index,High
2964,76,Female,0.42,1.0,115.0,104.0,0.4–4.0,mIU/L,Normal,1.2–3.1,nmol/L,Low,66–181,nmol/L,Normal,1.0–4.0,Index,High
2965,79,Female,5.6,1.5,94.0,92.0,0.4–4.0,mIU/L,High,1.2–3.1,nmol/L,Normal,66–181,nmol/L,Normal,1.0–4.0,Index,High
2966,72,Male,0.28,0.9,79.0,112.0,0.4–4.0,mIU/L,Low,1.2–3.1,nmol/L,Low,66–181,nmol/L,Normal,1.0–4.0,Index,High
2967,80,Male,0.37,0.7,134.0,120.0,0.4–4.0,mIU/L,Low,1.2–3.1,nmol/L,Low,66–181,nmol/L,Normal,1.0–4.0,Index,High
2968,28,Female,0.9,4.5,204.0,100.0,0.4–4.0,mIU/L,Normal,1.2–3.1,nmol/L,High,66–181,nmol/L,High,1.0–4.0,Index,High
2969,23,Female,1.3,2.1,108.0,105.0,0.4–4.0,mIU/L,Normal,1.2–3.1,nmol/L,Normal,66–181,nmol/L,Normal,1.0–4.0,Index,High
2970,69,Male,1.3,2.0,121.0,113.0,0.4–4.0,mIU/L,Normal,1.2–3.1,nmol/L,Normal,66–181,nmol/L,Normal,1.0–4.0,Index,High
2971,29,Male,0.9,2.7,156.0,125.0,0.4–4.0,mIU/L,Normal,1.2–3.1,nmol/L,Normal,66–181,nmol/L,Normal,1.0–4.0,Index,High
2972,59,Female,0.4,1.6,113.0,114.0,0.4–4.0,mIU/L,Normal,1.2–3.1,nmol/L,Normal,66–181,nmol/L,Normal,1.0–4.0,Index,High
2973,59,Female,1.4,1.1,121.0,109.0,0.4–4.0,mIU/L,Normal,1.2–3.1,nmol/L,Low,66–181,nmol/L,Normal,1.0–4.0,Index,High
2974,56,,2.1,2.2,91.0,108.0,0.4–4.0,mIU/L,Normal,1.2–3.1,nmol/L,Normal,66–181,nmol/L,Normal,1.0–4.0,Index,High
2975,70,Male,1.5,2.3,141.0,117.0,0.4–4.0,mIU/L,Normal,1.2–3.1,nmol/L,Normal,66–181,nmol/L,Normal,1.0–4.0,Index,High
2976,70,Female,1.1,2.6,162.0,134.0,0.4–4.0,mIU/L,Normal,1.2–3.1,nmol/L,Normal,66–181,nmol/L,Normal,1.0–4.0,Index,High
2977,84,Male,1.7,1.2,132.0,145.0,0.4–4.0,mIU/L,Normal,1.2–3.1,nmol/L,Normal,66–181,nmol/L,Normal,1.0–4.0,Index,High
2978,69,Female,2.1,1.9,90.0,104.0,0.4–4.0,mIU/L,Normal,1.2–3.1,nmol/L,Normal,66–181,nmol/L,Normal,1.0–4.0,Index,High
2979,73,Female,2.2,1.6,129.0,106.0,0.4–4.0,mIU/L,Normal,1.2–3.1,nmol/L,Normal,66–181,nmol/L,Normal,1.0–4.0,Index,High
2980,76,Male,3.2,0.8,101.0,103.0,0.4–4.0,mIU/L,Normal,1.2–3.1,nmol/L,Low,66–181,nmol/L,Normal,1.0–4.0,Index,High
2981,28,Male,2.1,2.6,121.0,130.0,0.4–4.0,mIU/L,Normal,1.2–3.1,nmol/L,Normal,66–181,nmol/L,Normal,1.0–4.0,Index,High
2982,1,Male,1.6,1.8,119.0,113.0,0.4–4.0,mIU/L,Normal,1.2–3.1,nmol/L,Normal,66–181,nmol/L,Normal,1.0–4.0,Index,High
2983,80,Male,1.4,0.8,105.0,120.0,0.4–4.0,mIU/L,Normal,1.2–3.1,nmol/L,Low,66–181,nmol/L,Normal,1.0–4.0,Index,High
2984,73,Female,1.8,1.7,130.0,109.0,0.4–4.0,mIU/L,Normal,1.2–3.1,nmol/L,Normal,66–181,nmol/L,Normal,1.0–4.0,Index,High
2985,73,Female,2.9,2.0,121.0,102.0,0.4–4.0,mIU/L,Normal,1.2–3.1,nmol/L,Normal,66–181,nmol/L,Normal,1.0–4.0,Index,High
2986,88,Female,3.5,1.6,94.0,100.0,0.4–4.0,mIU/L,Normal,1.2–3.1,nmol/L,Normal,66–181,nmol/L,Normal,1.0–4.0,Index,High
2987,72,Male,1.7,2.0,78.0,87.0,0.4–4.0,mIU/L,Normal,1.2–3.1,nmol/L,Normal,66–181,nmol/L,Normal,1.0–4.0,Index,High
2988,72,Male,2.4,2.2,96.0,103.0,0.4–4.0,mIU/L,Normal,1.2–3.1,nmol/L,Normal,66–181,nmol/L,Normal,1.0–4.0,Index,High
2989,69,Male,1.1,1.6,99.0,108.0,0.4–4.0,mIU/L,Normal,1.2–3.1,nmol/L,Normal,66–181,nmol/L,Normal,1.0–4.0,Index,High
2990,46,Female,1.9,2.0,106.0,104.0,0.4–4.0,mIU/L,Normal,1.2–3.1,nmol/L,Normal,66–181,nmol/L,Normal,1.0–4.0,Index,High
2991,46,Male,1.4,1.5,97.0,104.0,0.4–4.0,mIU/L,Normal,1.2–3.1,nmol/L,Normal,66–181,nmol/L,Normal,1.0–4.0,Index,High
2992,53,Female,0.005,3.4,201.0,186.0,0.4–4.0,mIU/L,Low,1.2–3.1,nmol/L,High,66–181,nmol/L,High,1.0–4.0,Index,High
2993,68,Male,4.0,1.1,115.0,128.0,0.4–4.0,mIU/L,Normal,1.2–3.1,nmol/L,Low,66–181,nmol/L,Normal,1.0–4.0,Index,High
2994,43,Male,0.9,1.5,76.0,93.0,0.4–4.0,mIU/L,Normal,1.2–3.1,nmol/L,Normal,66–181,nmol/L,Normal,1.0–4.0,Index,High
2995,39,Male,1.4,1.7,94.0,110.0,0.4–4.0,mIU/L,Normal,1.2–3.1,nmol/L,Normal,66–181,nmol/L,Normal,1.0–4.0,Index,High
2996,28,Female,5.9,2.0,126.0,100.0,0.4–4.0,mIU/L,High,1.2–3.1,nmol/L,Normal,66–181,nmol/L,Normal,1.0–4.0,Index,High
2997,31,Female,1.6,2.3,89.0,72.0,0.4–4.0,mIU/L,Normal,1.2–3.1,nmol/L,Normal,66–181,nmol/L,Normal,1.0–4.0,Index,High
2998,55,Female,0.005,1.6,115.0,138.0,0.4–4.0,mIU/L,Low,1.2–3.1,nmol/L,Normal,66–181,nmol/L,Normal,1.0–4.0,Index,High
2999,54,Female,0.7,2.0,95.0,96.0,0.4–4.0,mIU/L,Normal,1.2–3.1,nmol/L,Normal,66–181,nmol/L,Normal,1.0–4.0,Index,High
3000,46,Female,1.7,1.1,94.0,103.0,0.4–4.0,mIU/L,Normal,1.2–3.1,nmol/L,Low,66–181,nmol/L,Normal,1.0–4.0,Index,High
3001,49,Female,1.1,1.3,108.0,130.0,0.4–4.0,mIU/L,Normal,1.2–3.1,nmol/L,Normal,66–181,nmol/L,Normal,1.0–4.0,Index,High
3002,81,Female,3.2,1.8,123.0,125.0,0.4–4.0,mIU/L,Normal,1.2–3.1,nmol/L,Normal,66–181,nmol/L,Normal,1.0–4.0,Index,High
3003,56,,2.4,1.7,86.0,95.0,0.4–4.0,mIU/L,Normal,1.2–3.1,nmol/L,Normal,66–181,nmol/L,Normal,1.0–4.0,Index,High
3004,23,Female,2.6,1.8,107.0,101.0,0.4–4.0,mIU/L,Normal,1.2–3.1,nmol/L,Normal,66–181,nmol/L,Normal,1.0–4.0,Index,High
3005,32,Male,3.1,2.1,88.0,125.0,0.4–4.0,mIU/L,Normal,1.2–3.1,nmol/L,Normal,66–181,nmol/L,Normal,1.0–4.0,Index,High
3006,72,Female,0.02,1.4,140.0,124.0,0.4–4.0,mIU/L,Low,1.2–3.1,nmol/L,Normal,66–181,nmol/L,Normal,1.0–4.0,Index,High
3007,61,Male,0.005,2.3,110.0,109.0,0.4–4.0,mIU/L,Low,1.2–3.1,nmol/L,Normal,66–181,nmol/L,Normal,1.0–4.0,Index,High
3008,46,Female,5.0,2.0,107.0,94.0,0.4–4.0,mIU/L,High,1.2–3.1,nmol/L,Normal,66–181,nmol/L,Normal,1.0–4.0,Index,High
3009,23,Male,0.03,2.8,183.0,149.0,0.4–4.0,mIU/L,Low,1.2–3.1,nmol/L,Normal,66–181,nmol/L,High,1.0–4.0,Index,High
3010,34,Female,1.7,1.9,104.0,92.0,0.4–4.0,mIU/L,Normal,1.2–3.1,nmol/L,Normal,66–181,nmol/L,Normal,1.0–4.0,Index,High
3011,34,Male,2.7,3.1,97.0,86.0,0.4–4.0,mIU/L,Normal,1.2–3.1,nmol/L,Normal,66–181,nmol/L,Normal,1.0–4.0,Index,High
3012,64,Female,0.08,1.3,105.0,101.0,0.4–4.0,mIU/L,Low,1.2–3.1,nmol/L,Normal,66–181,nmol/L,Normal,1.0–4.0,Index,High
3013,18,Female,440.0,0.5,24.0,18.0,0.4–4.0,mIU/L,High,1.2–3.1,nmol/L,Low,66–181,nmol/L,Low,1.0–4.0,Index,High
3014,55,Male,1.4,1.6,101.0,108.0,0.4–4.0,mIU/L,Normal,1.2–3.1,nmol/L,Normal,66–181,nmol/L,Normal,1.0–4.0,Index,High
3015,77,Female,1.4,1.7,77.0,89.0,0.4–4.0,mIU/L,Normal,1.2–3.1,nmol/L,Normal,66–181,nmol/L,Normal,1.0–4.0,Index,High
3016,83,Male,2.1,1.6,103.0,112.0,0.4–4.0,mIU/L,Normal,1.2–3.1,nmol/L,Normal,66–181,nmol/L,Normal,1.0–4.0,Index,High
3017,73,Female,0.84,2.0,101.0,97.0,0.4–4.0,mIU/L,Normal,1.2–3.1,nmol/L,Normal,66–181,nmol/L,Normal,1.0–4.0,Index,High
3018,61,Female,0.63,1.8,120.0,132.0,0.4–4.0,mIU/L,Normal,1.2–3.1,nmol/L,Normal,66–181,nmol/L,Normal,1.0–4.0,Index,High
3019,63,Female,2.0,1.6,102.0,128.0,0.4–4.0,mIU/L,Normal,1.2–3.1,nmol/L,Normal,66–181,nmol/L,Normal,1.0–4.0,Index,High
3020,77,Male,2.0,1.3,97.0,108.0,0.4–4.0,mIU/L,Normal,1.2–3.1,nmol/L,Normal,66–181,nmol/L,Normal,1.0–4.0,Index,High
3021,36,Female,1.3,3.7,184.0,102.0,0.4–4.0,mIU/L,Normal,1.2–3.1,nmol/L,High,66–181,nmol/L,High,1.0–4.0,Index,High
3022,47,Female,2.3,2.0,109.0,109.0,0.4–4.0,mIU/L,Normal,1.2–3.1,nmol/L,Normal,66–181,nmol/L,Normal,1.0–4.0,Index,High
3023,72,Male,1.6,2.2,87.0,74.0,0.4–4.0,mIU/L,Normal,1.2–3.1,nmol/L,Normal,66–181,nmol/L,Normal,1.0–4.0,Index,High
3024,59,Female,0.02,1.8,162.0,164.0,0.4–4.0,mIU/L,Low,1.2–3.1,nmol/L,Normal,66–181,nmol/L,Normal,1.0–4.0,Index,High
3025,69,Female,1.5,1.8,142.0,125.0,0.4–4.0,mIU/L,Normal,1.2–3.1,nmol/L,Normal,66–181,nmol/L,Normal,1.0–4.0,Index,High
3026,31,Male,2.2,2.3,132.0,114.0,0.4–4.0,mIU/L,Normal,1.2–3.1,nmol/L,Normal,66–181,nmol/L,Normal,1.0–4.0,Index,High
3027,49,Female,1.3,1.6,126.0,145.0,0.4–4.0,mIU/L,Normal,1.2–3.1,nmol/L,Normal,66–181,nmol/L,Normal,1.0–4.0,Index,High
3028,59,Female,0.015,1.5,140.0,160.0,0.4–4.0,mIU/L,Low,1.2–3.1,nmol/L,Normal,66–181,nmol/L,Normal,1.0–4.0,Index,High
3029,78,Male,1.5,1.3,116.0,119.0,0.4–4.0,mIU/L,Normal,1.2–3.1,nmol/L,Normal,66–181,nmol/L,Normal,1.0–4.0,Index,High
3030,52,Male,1.5,2.3,117.0,105.0,0.4–4.0,mIU/L,Normal,1.2–3.1,nmol/L,Normal,66–181,nmol/L,Normal,1.0–4.0,Index,High
3031,83,Female,0.43,0.4,92.0,123.0,0.4–4.0,mIU/L,Normal,1.2–3.1,nmol/L,Low,66–181,nmol/L,Normal,1.0–4.0,Index,High
3032,30,Female,0.015,2.0,71.0,80.0,0.4–4.0,mIU/L,Low,1.2–3.1,nmol/L,Normal,66–181,nmol/L,Normal,1.0–4.0,Index,High
3033,78,Female,1.1,1.8,98.0,85.0,0.4–4.0,mIU/L,Normal,1.2–3.1,nmol/L,Normal,66–181,nmol/L,Normal,1.0–4.0,Index,High
3034,78,Female,0.57,1.9,90.0,102.0,0.4–4.0,mIU/L,Normal,1.2–3.1,nmol/L,Normal,66–181,nmol/L,Normal,1.0–4.0,Index,High
3035,39,,4.4,1.1,63.0,78.0,0.4–4.0,mIU/L,High,1.2–3.1,nmol/L,Low,66–181,nmol/L,Low,1.0–4.0,Index,High
3036,63,Female,3.0,0.9,137.0,144.0,0.4–4.0,mIU/L,Normal,1.2–3.1,nmol/L,Low,66–181,nmol/L,Normal,1.0–4.0,Index,High
3037,41,Male,3.7,1.7,112.0,107.0,0.4–4.0,mIU/L,Normal,1.2–3.1,nmol/L,Normal,66–181,nmol/L,Normal,1.0–4.0,Index,High
3038,81,Male,1.9,0.3,102.0,106.0,0.4–4.0,mIU/L,Normal,1.2–3.1,nmol/L,Low,66–181,nmol/L,Normal,1.0–4.0,Index,High
3039,53,Female,8.099999,2.4,132.0,103.0,0.4–4.0,mIU/L,High,1.2–3.1,nmol/L,Normal,66–181,nmol/L,Normal,1.0–4.0,Index,High
3040,77,Female,3.1,0.9,105.0,129.0,0.4–4.0,mIU/L,Normal,1.2–3.1,nmol/L,Low,66–181,nmol/L,Normal,1.0–4.0,Index,High
3041,77,Male,2.0,2.9,151.0,111.0,0.4–4.0,mIU/L,Normal,1.2–3.1,nmol/L,Normal,66–181,nmol/L,Normal,1.0–4.0,Index,High
3042,50,Female,2.3,2.0,127.0,113.0,0.4–4.0,mIU/L,Normal,1.2–3.1,nmol/L,Normal,66–181,nmol/L,Normal,1.0–4.0,Index,High
3043,23,Female,2.4,1.3,72.0,80.0,0.4–4.0,mIU/L,Normal,1.2–3.1,nmol/L,Normal,66–181,nmol/L,Normal,1.0–4.0,Index,High
3044,28,Female,3.2,1.3,96.0,107.0,0.4–4.0,mIU/L,Normal,1.2–3.1,nmol/L,Normal,66–181,nmol/L,Normal,1.0–4.0,Index,High
3045,54,Male,2.4,2.2,116.0,112.0,0.4–4.0,mIU/L,Normal,1.2–3.1,nmol/L,Normal,66–181,nmol/L,Normal,1.0–4.0,Index,High
3046,23,Female,2.6,2.0,104.0,98.0,0.4–4.0,mIU/L,Normal,1.2–3.1,nmol/L,Normal,66–181,nmol/L,Normal,1.0–4.0,Index,High
3047,23,Female,1.9,1.6,88.0,100.0,0.4–4.0,mIU/L,Normal,1.2–3.1,nmol/L,Normal,66–181,nmol/L,Normal,1.0–4.0,Index,High
3048,52,Female,2.0,1.8,93.0,95.0,0.4–4.0,mIU/L,Normal,1.2–3.1,nmol/L,Normal,66–181,nmol/L,Normal,1.0–4.0,Index,High
3049,78,Female,3.1,1.1,112.0,137.0,0.4–4.0,mIU/L,Normal,1.2–3.1,nmol/L,Low,66–181,nmol/L,Normal,1.0–4.0,Index,High
3050,70,Male,0.005,1.9,103.0,109.0,0.4–4.0,mIU/L,Low,1.2–3.1,nmol/L,Normal,66–181,nmol/L,Normal,1.0–4.0,Index,High
3051,78,Male,1.5,0.8,108.0,133.0,0.4–4.0,mIU/L,Normal,1.2–3.1,nmol/L,Low,66–181,nmol/L,Normal,1.0–4.0,Index,High
3052,58,Female,22.0,2.3,197.0,213.0,0.4–4.0,mIU/L,High,1.2–3.1,nmol/L,Normal,66–181,nmol/L,High,1.0–4.0,Index,High
3053,25,Male,1.6,2.1,89.0,103.0,0.4–4.0,mIU/L,Normal,1.2–3.1,nmol/L,Normal,66–181,nmol/L,Normal,1.0–4.0,Index,High
3054,66,Female,0.71,1.7,102.0,92.0,0.4–4.0,mIU/L,Normal,1.2–3.1,nmol/L,Normal,66–181,nmol/L,Normal,1.0–4.0,Index,High
3055,71,Female,0.52,1.3,138.0,129.0,0.4–4.0,mIU/L,Normal,1.2–3.1,nmol/L,Normal,66–181,nmol/L,Normal,1.0–4.0,Index,High
3056,70,Female,0.005,2.6,160.0,180.0,0.4–4.0,mIU/L,Low,1.2–3.1,nmol/L,Normal,66–181,nmol/L,Normal,1.0–4.0,Index,High
3057,70,Female,0.005,1.7,71.0,66.0,0.4–4.0,mIU/L,Low,1.2–3.1,nmol/L,Normal,66–181,nmol/L,Normal,1.0–4.0,Index,High
3058,16,Male,1.8,2.0,103.0,100.0,0.4–4.0,mIU/L,Normal,1.2–3.1,nmol/L,Normal,66–181,nmol/L,Normal,1.0–4.0,Index,High
3059,45,Male,6.3,2.0,119.0,114.0,0.4–4.0,mIU/L,High,1.2–3.1,nmol/L,Normal,66–181,nmol/L,Normal,1.0–4.0,Index,High
3060,33,Female,3.9,2.2,120.0,85.0,0.4–4.0,mIU/L,Normal,1.2–3.1,nmol/L,Normal,66–181,nmol/L,Normal,1.0–4.0,Index,High
3061,35,Female,0.72,3.8,140.0,121.0,0.4–4.0,mIU/L,Normal,1.2–3.1,nmol/L,High,66–181,nmol/L,Normal,1.0–4.0,Index,High
3062,81,Male,1.3,1.2,147.0,138.0,0.4–4.0,mIU/L,Normal,1.2–3.1,nmol/L,Normal,66–181,nmol/L,Normal,1.0–4.0,Index,High
3063,68,Female,1.0,2.1,124.0,114.0,0.4–4.0,mIU/L,Normal,1.2–3.1,nmol/L,Normal,66–181,nmol/L,Normal,1.0–4.0,Index,High
3064,23,Female,1.3,2.2,103.0,76.0,0.4–4.0,mIU/L,Normal,1.2–3.1,nmol/L,Normal,66–181,nmol/L,Normal,1.0–4.0,Index,High
3065,74,Female,0.5,0.8,151.0,150.0,0.4–4.0,mIU/L,Normal,1.2–3.1,nmol/L,Low,66–181,nmol/L,Normal,1.0–4.0,Index,High
3066,49,Female,0.49,1.7,146.0,165.0,0.4–4.0,mIU/L,Normal,1.2–3.1,nmol/L,Normal,66–181,nmol/L,Normal,1.0–4.0,Index,High
3067,34,Female,4.4,2.7,131.0,76.0,0.4–4.0,mIU/L,High,1.2–3.1,nmol/L,Normal,66–181,nmol/L,Normal,1.0–4.0,Index,High
3068,37,Female,2.3,1.8,78.0,76.0,0.4–4.0,mIU/L,Normal,1.2–3.1,nmol/L,Normal,66–181,nmol/L,Normal,1.0–4.0,Index,High
3069,70,Female,1.7,1.0,112.0,110.0,0.4–4.0,mIU/L,Normal,1.2–3.1,nmol/L,Low,66–181,nmol/L,Normal,1.0–4.0,Index,High
3070,62,Female,1.1,1.9,113.0,99.0,0.4–4.0,mIU/L,Normal,1.2–3.1,nmol/L,Normal,66–181,nmol/L,Normal,1.0–4.0,Index,High
3071,34,Male,1.6,1.7,67.0,59.0,0.4–4.0,mIU/L,Normal,1.2–3.1,nmol/L,Normal,66–181,nmol/L,Normal,1.0–4.0,Index,High
3072,34,Female,0.005,2.0,54.0,33.0,0.4–4.0,mIU/L,Low,1.2–3.1,nmol/L,Normal,66–181,nmol/L,Low,1.0–4.0,Index,High
3073,80,Male,2.0,1.2,39.0,41.0,0.4–4.0,mIU/L,Normal,1.2–3.1,nmol/L,Normal,66–181,nmol/L,Low,1.0–4.0,Index,High
3074,80,Male,3.3,1.3,93.0,108.0,0.4–4.0,mIU/L,Normal,1.2–3.1,nmol/L,Normal,66–181,nmol/L,Normal,1.0–4.0,Index,High
3075,75,Male,2.4,0.2,78.0,139.0,0.4–4.0,mIU/L,Normal,1.2–3.1,nmol/L,Low,66–181,nmol/L,Normal,1.0–4.0,Index,High
3076,82,Male,2.2,1.0,68.0,88.0,0.4–4.0,mIU/L,Normal,1.2–3.1,nmol/L,Low,66–181,nmol/L,Normal,1.0–4.0,Index,High
3077,47,Male,1.5,1.5,98.0,113.0,0.4–4.0,mIU/L,Normal,1.2–3.1,nmol/L,Normal,66–181,nmol/L,Normal,1.0–4.0,Index,High
3078,62,Male,3.4,1.3,92.0,104.0,0.4–4.0,mIU/L,Normal,1.2–3.1,nmol/L,Normal,66–181,nmol/L,Normal,1.0–4.0,Index,High
3079,80,Female,2.2,1.7,83.0,76.0,0.4–4.0,mIU/L,Normal,1.2–3.1,nmol/L,Normal,66–181,nmol/L,Normal,1.0–4.0,Index,High
3080,66,Female,0.005,1.5,76.0,89.0,0.4–4.0,mIU/L,Low,1.2–3.1,nmol/L,Normal,66–181,nmol/L,Normal,1.0–4.0,Index,High
3081,56,Male,2.2,1.4,71.0,99.0,0.4–4.0,mIU/L,Normal,1.2–3.1,nmol/L,Normal,66–181,nmol/L,Normal,1.0–4.0,Index,High
3082,66,Male,4.5,1.3,89.0,121.0,0.4–4.0,mIU/L,High,1.2–3.1,nmol/L,Normal,66–181,nmol/L,Normal,1.0–4.0,Index,High
3083,66,Female,4.5,0.5,83.0,108.0,0.4–4.0,mIU/L,High,1.2–3.1,nmol/L,Low,66–181,nmol/L,Normal,1.0–4.0,Index,High
3084,37,Male,11.0,1.2,74.0,96.0,0.4–4.0,mIU/L,High,1.2–3.1,nmol/L,Normal,66–181,nmol/L,Normal,1.0–4.0,Index,High
3085,79,Female,2.4,1.3,92.0,100.0,0.4–4.0,mIU/L,Normal,1.2–3.1,nmol/L,Normal,66–181,nmol/L,Normal,1.0–4.0,Index,High
3086,54,Female,0.94,1.3,78.0,70.0,0.4–4.0,mIU/L,Normal,1.2–3.1,nmol/L,Normal,66–181,nmol/L,Normal,1.0–4.0,Index,High
3087,75,Male,0.97,0.6,80.0,110.0,0.4–4.0,mIU/L,Normal,1.2–3.1,nmol/L,Low,66–181,nmol/L,Normal,1.0–4.0,Index,High
3088,51,Female,12.0,1.5,106.0,115.0,0.4–4.0,mIU/L,High,1.2–3.1,nmol/L,Normal,66–181,nmol/L,Normal,1.0–4.0,Index,High
3089,71,Female,0.56,0.6,49.0,90.0,0.4–4.0,mIU/L,Normal,1.2–3.1,nmol/L,Low,66–181,nmol/L,Low,1.0–4.0,Index,High
3090,41,Male,0.005,1.5,100.0,99.0,0.4–4.0,mIU/L,Low,1.2–3.1,nmol/L,Normal,66–181,nmol/L,Normal,1.0–4.0,Index,High
3091,27,Female,0.005,2.5,145.0,100.0,0.4–4.0,mIU/L,Low,1.2–3.1,nmol/L,Normal,66–181,nmol/L,Normal,1.0–4.0,Index,High
3092,65,,0.03,1.9,151.0,169.0,0.4–4.0,mIU/L,Low,1.2–3.1,nmol/L,Normal,66–181,nmol/L,Normal,1.0–4.0,Index,High
3093,36,Female,0.88,1.6,114.0,112.0,0.4–4.0,mIU/L,Normal,1.2–3.1,nmol/L,Normal,66–181,nmol/L,Normal,1.0–4.0,Index,High
3094,38,Female,1.5,3.3,122.0,83.0,0.4–4.0,mIU/L,Normal,1.2–3.1,nmol/L,High,66–181,nmol/L,Normal,1.0–4.0,Index,High
3095,70,Male,1.9,1.8,114.0,112.0,0.4–4.0,mIU/L,Normal,1.2–3.1,nmol/L,Normal,66–181,nmol/L,Normal,1.0–4.0,Index,High
3096,37,Female,0.54,2.5,170.0,121.0,0.4–4.0,mIU/L,Normal,1.2–3.1,nmol/L,Normal,66–181,nmol/L,Normal,1.0–4.0,Index,High
3097,37,Male,12.0,1.2,105.0,125.0,0.4–4.0,mIU/L,High,1.2–3.1,nmol/L,Normal,66–181,nmol/L,Normal,1.0–4.0,Index,High
3098,47,Male,3.3,1.8,91.0,99.0,0.4–4.0,mIU/L,Normal,1.2–3.1,nmol/L,Normal,66–181,nmol/L,Normal,1.0–4.0,Index,High
3099,71,Female,1.3,0.9,126.0,148.0,0.4–4.0,mIU/L,Normal,1.2–3.1,nmol/L,Low,66–181,nmol/L,Normal,1.0–4.0,Index,High
3100,71,Female,0.03,3.8,171.0,151.0,0.4–4.0,mIU/L,Low,1.2–3.1,nmol/L,High,66–181,nmol/L,Normal,1.0–4.0,Index,High
3101,66,Female,1.7,1.4,89.0,103.0,0.4–4.0,mIU/L,Normal,1.2–3.1,nmol/L,Normal,66–181,nmol/L,Normal,1.0–4.0,Index,High
3102,87,Female,0.79,1.5,145.0,165.0,0.4–4.0,mIU/L,Normal,1.2–3.1,nmol/L,Normal,66–181,nmol/L,Normal,1.0–4.0,Index,High
3103,87,Female,15.0,4.5,239.0,113.0,0.4–4.0,mIU/L,High,1.2–3.1,nmol/L,High,66–181,nmol/L,High,1.0–4.0,Index,High
3104,61,Male,3.8,1.3,93.0,111.0,0.4–4.0,mIU/L,Normal,1.2–3.1,nmol/L,Normal,66–181,nmol/L,Normal,1.0–4.0,Index,High
3105,76,Female,3.9,1.7,104.0,100.0,0.4–4.0,mIU/L,Normal,1.2–3.1,nmol/L,Normal,66–181,nmol/L,Normal,1.0–4.0,Index,High
3106,47,Female,1.2,2.1,130.0,131.0,0.4–4.0,mIU/L,Normal,1.2–3.1,nmol/L,Normal,66–181,nmol/L,Normal,1.0–4.0,Index,High
3107,35,Male,0.035,1.7,114.0,115.0,0.4–4.0,mIU/L,Low,1.2–3.1,nmol/L,Normal,66–181,nmol/L,Normal,1.0–4.0,Index,High
3108,52,Female,1.8,2.3,128.0,105.0,0.4–4.0,mIU/L,Normal,1.2–3.1,nmol/L,Normal,66–181,nmol/L,Normal,1.0–4.0,Index,High
3109,52,Female,2.6,1.6,103.0,111.0,0.4–4.0,mIU/L,Normal,1.2–3.1,nmol/L,Normal,66–181,nmol/L,Normal,1.0–4.0,Index,High
3110,36,Female,4.7,2.0,19.0,17.0,0.4–4.0,mIU/L,High,1.2–3.1,nmol/L,Normal,66–181,nmol/L,Low,1.0–4.0,Index,High
3111,17,Female,13.0,1.6,151.0,109.0,0.4–4.0,mIU/L,High,1.2–3.1,nmol/L,Normal,66–181,nmol/L,Normal,1.0–4.0,Index,High
3112,41,Female,3.2,1.3,78.0,80.0,0.4–4.0,mIU/L,Normal,1.2–3.1,nmol/L,Normal,66–181,nmol/L,Normal,1.0–4.0,Index,High
3113,56,Female,2.0,1.0,54.0,70.0,0.4–4.0,mIU/L,Normal,1.2–3.1,nmol/L,Low,66–181,nmol/L,Low,1.0–4.0,Index,High
3114,34,Female,1.8,1.4,85.0,92.0,0.4–4.0,mIU/L,Normal,1.2–3.1,nmol/L,Normal,66–181,nmol/L,Normal,1.0–4.0,Index,High
3115,77,Male,1.3,1.3,102.0,108.0,0.4–4.0,mIU/L,Normal,1.2–3.1,nmol/L,Normal,66–181,nmol/L,Normal,1.0–4.0,Index,High
3116,59,Female,6.8,0.7,84.0,107.0,0.4–4.0,mIU/L,High,1.2–3.1,nmol/L,Low,66–181,nmol/L,Normal,1.0–4.0,Index,High
3117,60,Female,400.0,0.5,11.0,9.099999,0.4–4.0,mIU/L,High,1.2–3.1,nmol/L,Low,66–181,nmol/L,Low,1.0–4.0,Index,High
3118,32,Female,2.8,1.3,86.0,96.0,0.4–4.0,mIU/L,Normal,1.2–3.1,nmol/L,Normal,66–181,nmol/L,Normal,1.0–4.0,Index,High
3119,28,Female,103.0,2.1,65.0,56.0,0.4–4.0,mIU/L,High,1.2–3.1,nmol/L,Normal,66–181,nmol/L,Low,1.0–4.0,Index,High
3120,20,Female,0.03,2.7,107.0,100.0,0.4–4.0,mIU/L,Low,1.2–3.1,nmol/L,Normal,66–181,nmol/L,Normal,1.0–4.0,Index,High
3121,86,Male,5.5,0.2,38.0,50.0,0.4–4.0,mIU/L,High,1.2–3.1,nmol/L,Low,66–181,nmol/L,Low,1.0–4.0,Index,High
3122,63,Male,7.4,2.0,120.0,117.0,0.4–4.0,mIU/L,High,1.2–3.1,nmol/L,Normal,66–181,nmol/L,Normal,1.0–4.0,Index,High
3123,69,Female,0.75,1.6,100.0,107.0,0.4–4.0,mIU/L,Normal,1.2–3.1,nmol/L,Normal,66–181,nmol/L,Normal,1.0–4.0,Index,High
3124,74,Female,23.0,0.2,50.0,58.0,0.4–4.0,mIU/L,High,1.2–3.1,nmol/L,Low,66–181,nmol/L,Low,1.0–4.0,Index,High
3125,57,Male,1.0,2.1,102.0,105.0,0.4–4.0,mIU/L,Normal,1.2–3.1,nmol/L,Normal,66–181,nmol/L,Normal,1.0–4.0,Index,High
3126,32,Male,2.2,2.0,102.0,119.0,0.4–4.0,mIU/L,Normal,1.2–3.1,nmol/L,Normal,66–181,nmol/L,Normal,1.0–4.0,Index,High
3127,59,Female,1.7,2.1,84.0,83.0,0.4–4.0,mIU/L,Normal,1.2–3.1,nmol/L,Normal,66–181,nmol/L,Normal,1.0–4.0,Index,High
3128,88,Female,1.2,1.6,107.0,99.0,0.4–4.0,mIU/L,Normal,1.2–3.1,nmol/L,Normal,66–181,nmol/L,Normal,1.0–4.0,Index,High
3129,63,Female,1.8,2.3,146.0,108.0,0.4–4.0,mIU/L,Normal,1.2–3.1,nmol/L,Normal,66–181,nmol/L,Normal,1.0–4.0,Index,High
3130,26,Male,2.9,1.7,129.0,116.0,0.4–4.0,mIU/L,Normal,1.2–3.1,nmol/L,Normal,66–181,nmol/L,Normal,1.0–4.0,Index,High
3131,63,Female,1.5,1.9,97.0,94.0,0.4–4.0,mIU/L,Normal,1.2–3.1,nmol/L,Normal,66–181,nmol/L,Normal,1.0–4.0,Index,High
3132,58,Male,2.3,2.3,104.0,96.0,0.4–4.0,mIU/L,Normal,1.2–3.1,nmol/L,Normal,66–181,nmol/L,Normal,1.0–4.0,Index,High
3133,43,Female,2.0,1.8,121.0,129.0,0.4–4.0,mIU/L,Normal,1.2–3.1,nmol/L,Normal,66–181,nmol/L,Normal,1.0–4.0,Index,High
3134,22,Male,1.7,2.3,127.0,127.0,0.4–4.0,mIU/L,Normal,1.2–3.1,nmol/L,Normal,66–181,nmol/L,Normal,1.0–4.0,Index,High
3135,75,Female,4.9,1.9,122.0,129.0,0.4–4.0,mIU/L,High,1.2–3.1,nmol/L,Normal,66–181,nmol/L,Normal,1.0–4.0,Index,High
3136,82,Female,0.03,1.4,74.0,143.0,0.4–4.0,mIU/L,Low,1.2–3.1,nmol/L,Normal,66–181,nmol/L,Normal,1.0–4.0,Index,High
3137,60,Female,4.2,1.6,101.0,92.0,0.4–4.0,mIU/L,High,1.2–3.1,nmol/L,Normal,66–181,nmol/L,Normal,1.0–4.0,Index,High
3138,59,Female,0.03,2.0,164.0,178.0,0.4–4.0,mIU/L,Low,1.2–3.1,nmol/L,Normal,66–181,nmol/L,Normal,1.0–4.0,Index,High
3139,54,Female,0.86,1.7,98.0,102.0,0.4–4.0,mIU/L,Normal,1.2–3.1,nmol/L,Normal,66–181,nmol/L,Normal,1.0–4.0,Index,High
3140,60,Male,5.73,1.8,109.0,104.0,0.4–4.0,mIU/L,High,1.2–3.1,nmol/L,Normal,66–181,nmol/L,Normal,1.0–4.0,Index,High
3141,25,Male,1.3,1.8,118.0,119.0,0.4–4.0,mIU/L,Normal,1.2–3.1,nmol/L,Normal,66–181,nmol/L,Normal,1.0–4.0,Index,High
3142,56,Male,0.67,1.1,137.0,160.0,0.4–4.0,mIU/L,Normal,1.2–3.1,nmol/L,Low,66–181,nmol/L,Normal,1.0–4.0,Index,High
3143,42,Male,1.3,1.7,84.0,133.0,0.4–4.0,mIU/L,Normal,1.2–3.1,nmol/L,Normal,66–181,nmol/L,Normal,1.0–4.0,Index,High
3144,31,Female,1.7,2.2,116.0,102.0,0.4–4.0,mIU/L,Normal,1.2–3.1,nmol/L,Normal,66–181,nmol/L,Normal,1.0–4.0,Index,High
3145,62,Female,3.5,1.7,98.0,132.0,0.4–4.0,mIU/L,Normal,1.2–3.1,nmol/L,Normal,66–181,nmol/L,Normal,1.0–4.0,Index,High
3146,61,Female,6.0,1.5,97.0,110.0,0.4–4.0,mIU/L,High,1.2–3.1,nmol/L,Normal,66–181,nmol/L,Normal,1.0–4.0,Index,High
3147,68,Female,2.4,1.3,80.0,91.0,0.4–4.0,mIU/L,Normal,1.2–3.1,nmol/L,Normal,66–181,nmol/L,Normal,1.0–4.0,Index,High
3148,54,Male,2.1,2.0,92.0,92.0,0.4–4.0,mIU/L,Normal,1.2–3.1,nmol/L,Normal,66–181,nmol/L,Normal,1.0–4.0,Index,High
3149,41,Male,1.2,1.6,91.0,133.0,0.4–4.0,mIU/L,Normal,1.2–3.1,nmol/L,Normal,66–181,nmol/L,Normal,1.0–4.0,Index,High
3150,44,Female,3.5,2.6,113.0,104.0,0.4–4.0,mIU/L,Normal,1.2–3.1,nmol/L,Normal,66–181,nmol/L,Normal,1.0–4.0,Index,High
3151,35,Male,1.7,2.2,114.0,123.0,0.4–4.0,mIU/L,Normal,1.2–3.1,nmol/L,Normal,66–181,nmol/L,Normal,1.0–4.0,Index,High
3152,48,Female,1.5,2.5,101.0,104.0,0.4–4.0,mIU/L,Normal,1.2–3.1,nmol/L,Normal,66–181,nmol/L,Normal,1.0–4.0,Index,High
3153,60,Female,1.2,2.6,117.0,90.0,0.4–4.0,mIU/L,Normal,1.2–3.1,nmol/L,Normal,66–181,nmol/L,Normal,1.0–4.0,Index,High
3154,42,Female,7.2,2.1,123.0,104.0,0.4–4.0,mIU/L,High,1.2–3.1,nmol/L,Normal,66–181,nmol/L,Normal,1.0–4.0,Index,High
3155,60,Female,2.0,1.0,61.0,80.0,0.4–4.0,mIU/L,Normal,1.2–3.1,nmol/L,Low,66–181,nmol/L,Low,1.0–4.0,Index,High
3156,61,Male,2.1,1.3,92.0,103.0,0.4–4.0,mIU/L,Normal,1.2–3.1,nmol/L,Normal,66–181,nmol/L,Normal,1.0–4.0,Index,High
3157,61,Male,0.02,1.5,125.0,163.0,0.4–4.0,mIU/L,Low,1.2–3.1,nmol/L,Normal,66–181,nmol/L,Normal,1.0–4.0,Index,High
3158,29,Female,1.6,2.4,107.0,92.0,0.4–4.0,mIU/L,Normal,1.2–3.1,nmol/L,Normal,66–181,nmol/L,Normal,1.0–4.0,Index,High
3159,39,Male,1.0,2.4,98.0,91.0,0.4–4.0,mIU/L,Normal,1.2–3.1,nmol/L,Normal,66–181,nmol/L,Normal,1.0–4.0,Index,High
3160,24,Female,1.6,2.2,139.0,136.0,0.4–4.0,mIU/L,Normal,1.2–3.1,nmol/L,Normal,66–181,nmol/L,Normal,1.0–4.0,Index,High
3161,24,Female,1.8,2.1,91.0,98.0,0.4–4.0,mIU/L,Normal,1.2–3.1,nmol/L,Normal,66–181,nmol/L,Normal,1.0–4.0,Index,High
3162,32,Female,3.0,1.9,94.0,88.0,0.4–4.0,mIU/L,Normal,1.2–3.1,nmol/L,Normal,66–181,nmol/L,Normal,1.0–4.0,Index,High
3163,60,Male,2.2,1.6,123.0,113.0,0.4–4.0,mIU/L,Normal,1.2–3.1,nmol/L,Normal,66–181,nmol/L,Normal,1.0–4.0,Index,High
3164,38,Female,2.7,1.5,76.0,86.0,0.4–4.0,mIU/L,Normal,1.2–3.1,nmol/L,Normal,66–181,nmol/L,Normal,1.0–4.0,Index,High
3165,33,Female,10.299999,2.0,68.0,59.0,0.4–4.0,mIU/L,High,1.2–3.1,nmol/L,Normal,66–181,nmol/L,Normal,1.0–4.0,Index,High
3166,77,Female,2.9,2.6,118.0,99.0,0.4–4.0,mIU/L,Normal,1.2–3.1,nmol/L,Normal,66–181,nmol/L,Normal,1.0–4.0,Index,High
3167,33,Female,3.0,2.5,121.0,88.0,0.4–4.0,mIU/L,Normal,1.2–3.1,nmol/L,Normal,66–181,nmol/L,Normal,1.0–4.0,Index,High
3168,69,Female,0.02,2.4,136.0,148.0,0.4–4.0,mIU/L,Low,1.2–3.1,nmol/L,Normal,66–181,nmol/L,Normal,1.0–4.0,Index,High
3169,69,Female,11.099999,1.3,88.0,83.0,0.4–4.0,mIU/L,High,1.2–3.1,nmol/L,Normal,66–181,nmol/L,Normal,1.0–4.0,Index,High
3170,54,,0.93,1.8,115.0,123.0,0.4–4.0,mIU/L,Normal,1.2–3.1,nmol/L,Normal,66–181,nmol/L,Normal,1.0–4.0,Index,High
3171,22,Male,3.7,2.1,83.0,101.0,0.4–4.0,mIU/L,Normal,1.2–3.1,nmol/L,Normal,66–181,nmol/L,Normal,1.0–4.0,Index,High
3172,31,Female,7.8,2.0,159.0,105.0,0.4–4.0,mIU/L,High,1.2–3.1,nmol/L,Normal,66–181,nmol/L,Normal,1.0–4.0,Index,High
3173,77,Female,4.9,1.6,85.0,98.0,0.4–4.0,mIU/L,High,1.2–3.1,nmol/L,Normal,66–181,nmol/L,Normal,1.0–4.0,Index,High
3174,51,Male,2.4,2.5,106.0,130.0,0.4–4.0,mIU/L,Normal,1.2–3.1,nmol/L,Normal,66–181,nmol/L,Normal,1.0–4.0,Index,High
3175,77,Female,2.5,1.7,101.0,119.0,0.4–4.0,mIU/L,Normal,1.2–3.1,nmol/L,Normal,66–181,nmol/L,Normal,1.0–4.0,Index,High
3176,53,Male,5.2,2.0,88.0,85.0,0.4–4.0,mIU/L,High,1.2–3.1,nmol/L,Normal,66–181,nmol/L,Normal,1.0–4.0,Index,High
3177,43,Female,0.92,2.3,93.0,108.0,0.4–4.0,mIU/L,Normal,1.2–3.1,nmol/L,Normal,66–181,nmol/L,Normal,1.0–4.0,Index,High
3178,83,Male,2.3,1.6,105.0,127.0,0.4–4.0,mIU/L,Normal,1.2–3.1,nmol/L,Normal,66–181,nmol/L,Normal,1.0–4.0,Index,High
3179,46,Male,3.2,1.2,122.0,131.0,0.4–4.0,mIU/L,Normal,1.2–3.1,nmol/L,Normal,66–181,nmol/L,Normal,1.0–4.0,Index,High
3180,58,Female,0.015,2.6,166.0,207.0,0.4–4.0,mIU/L,Low,1.2–3.1,nmol/L,Normal,66–181,nmol/L,Normal,1.0–4.0,Index,High
3181,75,Male,1.9,1.4,79.0,101.0,0.4–4.0,mIU/L,Normal,1.2–3.1,nmol/L,Normal,66–181,nmol/L,Normal,1.0–4.0,Index,High
3182,25,Female,1.8,2.1,102.0,91.0,0.4–4.0,mIU/L,Normal,1.2–3.1,nmol/L,Normal,66–181,nmol/L,Normal,1.0–4.0,Index,High
3183,15,Female,0.51,1.3,121.0,155.0,0.4–4.0,mIU/L,Normal,1.2–3.1,nmol/L,Normal,66–181,nmol/L,Normal,1.0–4.0,Index,High
3184,26,Female,0.04,1.6,97.0,95.0,0.4–4.0,mIU/L,Low,1.2–3.1,nmol/L,Normal,66–181,nmol/L,Normal,1.0–4.0,Index,High
3185,34,Female,1.9,2.1,118.0,98.0,0.4–4.0,mIU/L,Normal,1.2–3.1,nmol/L,Normal,66–181,nmol/L,Normal,1.0–4.0,Index,High
3186,33,Female,0.01,1.5,160.0,185.0,0.4–4.0,mIU/L,Low,1.2–3.1,nmol/L,Normal,66–181,nmol/L,Normal,1.0–4.0,Index,High
3187,33,Female,2.6,1.3,89.0,98.0,0.4–4.0,mIU/L,Normal,1.2–3.1,nmol/L,Normal,66–181,nmol/L,Normal,1.0–4.0,Index,High
3188,68,Female,12.0,1.4,111.0,93.0,0.4–4.0,mIU/L,High,1.2–3.1,nmol/L,Normal,66–181,nmol/L,Normal,1.0–4.0,Index,High
3189,68,Female,0.97,1.3,85.0,98.0,0.4–4.0,mIU/L,Normal,1.2–3.1,nmol/L,Normal,66–181,nmol/L,Normal,1.0–4.0,Index,High
3190,69,Female,1.9,1.5,126.0,131.0,0.4–4.0,mIU/L,Normal,1.2–3.1,nmol/L,Normal,66–181,nmol/L,Normal,1.0–4.0,Index,High
3191,79,Male,2.7,0.9,86.0,102.0,0.4–4.0,mIU/L,Normal,1.2–3.1,nmol/L,Low,66–181,nmol/L,Normal,1.0–4.0,Index,High
3192,83,Male,2.4,1.3,101.0,117.0,0.4–4.0,mIU/L,Normal,1.2–3.1,nmol/L,Normal,66–181,nmol/L,Normal,1.0–4.0,Index,High
3193,83,,1.7,1.5,97.0,99.0,0.4–4.0,mIU/L,Normal,1.2–3.1,nmol/L,Normal,66–181,nmol/L,Normal,1.0–4.0,Index,High
3194,30,Female,1.3,1.7,93.0,98.0,0.4–4.0,mIU/L,Normal,1.2–3.1,nmol/L,Normal,66–181,nmol/L,Normal,1.0–4.0,Index,High
3195,38,Male,0.37,2.2,86.0,115.0,0.4–4.0,mIU/L,Low,1.2–3.1,nmol/L,Normal,66–181,nmol/L,Normal,1.0–4.0,Index,High
3196,20,Female,1.5,2.5,94.0,90.0,0.4–4.0,mIU/L,Normal,1.2–3.1,nmol/L,Normal,66–181,nmol/L,Normal,1.0–4.0,Index,High
3197,20,Female,1.8,1.6,63.0,63.0,0.4–4.0,mIU/L,Normal,1.2–3.1,nmol/L,Normal,66–181,nmol/L,Low,1.0–4.0,Index,High
3198,27,Female,1.9,2.4,115.0,100.0,0.4–4.0,mIU/L,Normal,1.2–3.1,nmol/L,Normal,66–181,nmol/L,Normal,1.0–4.0,Index,High
3199,64,Female,1.0,1.7,96.0,107.0,0.4–4.0,mIU/L,Normal,1.2–3.1,nmol/L,Normal,66–181,nmol/L,Normal,1.0–4.0,Index,High
3200,61,Male,6.2,1.2,83.0,101.0,0.4–4.0,mIU/L,High,1.2–3.1,nmol/L,Normal,66–181,nmol/L,Normal,1.0–4.0,Index,High
3201,61,Male,1.2,1.6,93.0,114.0,0.4–4.0,mIU/L,Normal,1.2–3.1,nmol/L,Normal,66–181,nmol/L,Normal,1.0–4.0,Index,High
3202,61,Male,1.1,2.2,83.0,101.0,0.4–4.0,mIU/L,Normal,1.2–3.1,nmol/L,Normal,66–181,nmol/L,Normal,1.0–4.0,Index,High
3203,53,Male,3.8,2.5,105.0,101.0,0.4–4.0,mIU/L,Normal,1.2–3.1,nmol/L,Normal,66–181,nmol/L,Normal,1.0–4.0,Index,High
3204,85,Female,1.3,0.9,111.0,107.0,0.4–4.0,mIU/L,Normal,1.2–3.1,nmol/L,Low,66–181,nmol/L,Normal,1.0–4.0,Index,High
3205,40,Female,2.6,2.4,105.0,88.0,0.4–4.0,mIU/L,Normal,1.2–3.1,nmol/L,Normal,66–181,nmol/L,Normal,1.0–4.0,Index,High
3206,36,Female,0.025,2.9,194.0,119.0,0.4–4.0,mIU/L,Low,1.2–3.1,nmol/L,Normal,66–181,nmol/L,High,1.0–4.0,Index,High
3207,77,,0.05,2.4,96.0,98.0,0.4–4.0,mIU/L,Low,1.2–3.1,nmol/L,Normal,66–181,nmol/L,Normal,1.0–4.0,Index,High
3208,25,Female,1.6,5.4,152.0,102.0,0.4–4.0,mIU/L,Normal,1.2–3.1,nmol/L,High,66–181,nmol/L,Normal,1.0–4.0,Index,High
3209,25,,36.0,4.5,162.0,142.0,0.4–4.0,mIU/L,High,1.2–3.1,nmol/L,High,66–181,nmol/L,Normal,1.0–4.0,Index,High
3210,25,Male,2.0,2.3,92.0,114.0,0.4–4.0,mIU/L,Normal,1.2–3.1,nmol/L,Normal,66–181,nmol/L,Normal,1.0–4.0,Index,High
3211,39,Male,2.6,3.0,125.0,111.0,0.4–4.0,mIU/L,Normal,1.2–3.1,nmol/L,Normal,66–181,nmol/L,Normal,1.0–4.0,Index,High
3212,15,Male,2.3,3.4,115.0,120.0,0.4–4.0,mIU/L,Normal,1.2–3.1,nmol/L,High,66–181,nmol/L,Normal,1.0–4.0,Index,High
3213,63,,7.7,1.9,89.0,85.0,0.4–4.0,mIU/L,High,1.2–3.1,nmol/L,Normal,66–181,nmol/L,Normal,1.0–4.0,Index,High
3214,58,Female,0.005,3.9,181.0,188.0,0.4–4.0,mIU/L,Low,1.2–3.1,nmol/L,High,66–181,nmol/L,Normal,1.0–4.0,Index,High
3215,62,Female,1.5,1.6,69.0,83.0,0.4–4.0,mIU/L,Normal,1.2–3.1,nmol/L,Normal,66–181,nmol/L,Normal,1.0–4.0,Index,High
3216,70,Male,86.0,0.5,27.0,32.0,0.4–4.0,mIU/L,High,1.2–3.1,nmol/L,Low,66–181,nmol/L,Low,1.0–4.0,Index,High
3217,38,Female,1.4,1.5,80.0,71.0,0.4–4.0,mIU/L,Normal,1.2–3.1,nmol/L,Normal,66–181,nmol/L,Normal,1.0–4.0,Index,High
3218,46,Female,1.4,1.3,104.0,99.0,0.4–4.0,mIU/L,Normal,1.2–3.1,nmol/L,Normal,66–181,nmol/L,Normal,1.0–4.0,Index,High
3219,85,Female,1.0,1.1,110.0,102.0,0.4–4.0,mIU/L,Normal,1.2–3.1,nmol/L,Low,66–181,nmol/L,Normal,1.0–4.0,Index,High
3220,77,Male,1.3,0.5,54.0,62.0,0.4–4.0,mIU/L,Normal,1.2–3.1,nmol/L,Low,66–181,nmol/L,Low,1.0–4.0,Index,High
3221,49,Female,2.4,2.5,94.0,82.0,0.4–4.0,mIU/L,Normal,1.2–3.1,nmol/L,Normal,66–181,nmol/L,Normal,1.0–4.0,Index,High
3222,93,Female,3.0,0.9,92.0,112.0,0.4–4.0,mIU/L,Normal,1.2–3.1,nmol/L,Low,66–181,nmol/L,Normal,1.0–4.0,Index,High
3223,70,Female,5.5,1.7,131.0,88.0,0.4–4.0,mIU/L,High,1.2–3.1,nmol/L,Normal,66–181,nmol/L,Normal,1.0–4.0,Index,High
3224,59,Female,0.06,2.5,121.0,97.0,0.4–4.0,mIU/L,Low,1.2–3.1,nmol/L,Normal,66–181,nmol/L,Normal,1.0–4.0,Index,High
3225,46,Male,4.8,2.9,132.0,104.0,0.4–4.0,mIU/L,High,1.2–3.1,nmol/L,Normal,66–181,nmol/L,Normal,1.0–4.0,Index,High
3226,65,Male,1.3,2.0,105.0,83.0,0.4–4.0,mIU/L,Normal,1.2–3.1,nmol/L,Normal,66–181,nmol/L,Normal,1.0–4.0,Index,High
3227,50,Female,2.0,2.5,133.0,123.0,0.4–4.0,mIU/L,Normal,1.2–3.1,nmol/L,Normal,66–181,nmol/L,Normal,1.0–4.0,Index,High
3228,50,Female,2.8,2.0,116.0,92.0,0.4–4.0,mIU/L,Normal,1.2–3.1,nmol/L,Normal,66–181,nmol/L,Normal,1.0–4.0,Index,High
3229,19,Male,2.7,2.7,121.0,104.0,0.4–4.0,mIU/L,Normal,1.2–3.1,nmol/L,Normal,66–181,nmol/L,Normal,1.0–4.0,Index,High
3230,36,Female,1.3,1.6,112.0,100.0,0.4–4.0,mIU/L,Normal,1.2–3.1,nmol/L,Normal,66–181,nmol/L,Normal,1.0–4.0,Index,High
3231,50,Male,3.0,2.2,91.0,82.0,0.4–4.0,mIU/L,Normal,1.2–3.1,nmol/L,Normal,66–181,nmol/L,Normal,1.0–4.0,Index,High
3232,32,Female,1.2,1.6,68.0,66.0,0.4–4.0,mIU/L,Normal,1.2–3.1,nmol/L,Normal,66–181,nmol/L,Normal,1.0–4.0,Index,High
3233,23,Female,7.2,3.5,126.0,92.0,0.4–4.0,mIU/L,High,1.2–3.1,nmol/L,High,66–181,nmol/L,Normal,1.0–4.0,Index,High
3234,40,Female,2.4,2.1,112.0,90.0,0.4–4.0,mIU/L,Normal,1.2–3.1,nmol/L,Normal,66–181,nmol/L,Normal,1.0–4.0,Index,High
3235,40,Female,1.0,1.1,111.0,109.0,0.4–4.0,mIU/L,Normal,1.2–3.1,nmol/L,Low,66–181,nmol/L,Normal,1.0–4.0,Index,High
3236,55,Female,1.7,1.9,132.0,114.0,0.4–4.0,mIU/L,Normal,1.2–3.1,nmol/L,Normal,66–181,nmol/L,Normal,1.0–4.0,Index,High
3237,79,Female,3.5,1.6,91.0,91.0,0.4–4.0,mIU/L,Normal,1.2–3.1,nmol/L,Normal,66–181,nmol/L,Normal,1.0–4.0,Index,High
3238,54,Female,4.0,2.0,110.0,111.0,0.4–4.0,mIU/L,Normal,1.2–3.1,nmol/L,Normal,66–181,nmol/L,Normal,1.0–4.0,Index,High
3239,37,Female,1.7,2.5,139.0,124.0,0.4–4.0,mIU/L,Normal,1.2–3.1,nmol/L,Normal,66–181,nmol/L,Normal,1.0–4.0,Index,High
3240,35,Female,1.5,2.4,111.0,73.0,0.4–4.0,mIU/L,Normal,1.2–3.1,nmol/L,Normal,66–181,nmol/L,Normal,1.0–4.0,Index,High
3241,64,Female,1.3,2.6,118.0,106.0,0.4–4.0,mIU/L,Normal,1.2–3.1,nmol/L,Normal,66–181,nmol/L,Normal,1.0–4.0,Index,High
3242,53,Female,0.85,2.0,103.0,111.0,0.4–4.0,mIU/L,Normal,1.2–3.1,nmol/L,Normal,66–181,nmol/L,Normal,1.0–4.0,Index,High
3243,84,Female,3.0,1.4,103.0,94.0,0.4–4.0,mIU/L,Normal,1.2–3.1,nmol/L,Normal,66–181,nmol/L,Normal,1.0–4.0,Index,High
3244,68,Male,3.0,2.6,117.0,94.0,0.4–4.0,mIU/L,Normal,1.2–3.1,nmol/L,Normal,66–181,nmol/L,Normal,1.0–4.0,Index,High
3245,62,Male,0.37,1.2,91.0,96.0,0.4–4.0,mIU/L,Low,1.2–3.1,nmol/L,Normal,66–181,nmol/L,Normal,1.0–4.0,Index,High
3246,74,Female,0.025,2.2,108.0,126.0,0.4–4.0,mIU/L,Low,1.2–3.1,nmol/L,Normal,66–181,nmol/L,Normal,1.0–4.0,Index,High
3247,39,Male,3.0,2.7,91.0,98.0,0.4–4.0,mIU/L,Normal,1.2–3.1,nmol/L,Normal,66–181,nmol/L,Normal,1.0–4.0,Index,High
3248,42,Female,0.04,3.5,158.0,100.0,0.4–4.0,mIU/L,Low,1.2–3.1,nmol/L,High,66–181,nmol/L,Normal,1.0–4.0,Index,High
3249,59,Female,0.025,5.7,372.0,291.0,0.4–4.0,mIU/L,Low,1.2–3.1,nmol/L,High,66–181,nmol/L,High,1.0–4.0,Index,High
3250,72,Female,2.3,0.8,90.0,112.0,0.4–4.0,mIU/L,Normal,1.2–3.1,nmol/L,Low,66–181,nmol/L,Normal,1.0–4.0,Index,High
3251,38,Female,0.89,1.3,118.0,136.0,0.4–4.0,mIU/L,Normal,1.2–3.1,nmol/L,Normal,66–181,nmol/L,Normal,1.0–4.0,Index,High
3252,64,Female,0.68,1.4,92.0,114.0,0.4–4.0,mIU/L,Normal,1.2–3.1,nmol/L,Normal,66–181,nmol/L,Normal,1.0–4.0,Index,High
3253,54,Male,1.3,1.1,130.0,127.0,0.4–4.0,mIU/L,Normal,1.2–3.1,nmol/L,Low,66–181,nmol/L,Normal,1.0–4.0,Index,High
3254,54,Female,2.5,0.4,56.0,83.0,0.4–4.0,mIU/L,Normal,1.2–3.1,nmol/L,Low,66–181,nmol/L,Low,1.0–4.0,Index,High
3255,40,Male,1.3,2.3,87.0,90.0,0.4–4.0,mIU/L,Normal,1.2–3.1,nmol/L,Normal,66–181,nmol/L,Normal,1.0–4.0,Index,High
3256,70,Female,0.025,1.7,141.0,160.0,0.4–4.0,mIU/L,Low,1.2–3.1,nmol/L,Normal,66–181,nmol/L,Normal,1.0–4.0,Index,High
3257,35,Male,2.0,2.6,102.0,91.0,0.4–4.0,mIU/L,Normal,1.2–3.1,nmol/L,Normal,66–181,nmol/L,Normal,1.0–4.0,Index,High
3258,48,Female,1.6,1.0,71.0,88.0,0.4–4.0,mIU/L,Normal,1.2–3.1,nmol/L,Low,66–181,nmol/L,Normal,1.0–4.0,Index,High
3259,48,Male,0.64,2.3,107.0,101.0,0.4–4.0,mIU/L,Normal,1.2–3.1,nmol/L,Normal,66–181,nmol/L,Normal,1.0–4.0,Index,High
3260,34,Female,0.02,3.7,182.0,104.0,0.4–4.0,mIU/L,Low,1.2–3.1,nmol/L,High,66–181,nmol/L,High,1.0–4.0,Index,High
3261,35,Female,0.35,2.5,99.0,96.0,0.4–4.0,mIU/L,Low,1.2–3.1,nmol/L,Normal,66–181,nmol/L,Normal,1.0–4.0,Index,High
3262,90,Male,5.7,1.6,89.0,98.0,0.4–4.0,mIU/L,High,1.2–3.1,nmol/L,Normal,66–181,nmol/L,Normal,1.0–4.0,Index,High
3263,76,Female,0.68,2.0,107.0,110.0,0.4–4.0,mIU/L,Normal,1.2–3.1,nmol/L,Normal,66–181,nmol/L,Normal,1.0–4.0,Index,High
3264,38,Female,1.3,2.4,138.0,118.0,0.4–4.0,mIU/L,Normal,1.2–3.1,nmol/L,Normal,66–181,nmol/L,Normal,1.0–4.0,Index,High
3265,50,Male,15.0,2.0,71.0,66.0,0.4–4.0,mIU/L,High,1.2–3.1,nmol/L,Normal,66–181,nmol/L,Normal,1.0–4.0,Index,High
3266,34,Female,0.73,1.8,97.0,101.0,0.4–4.0,mIU/L,Normal,1.2–3.1,nmol/L,Normal,66–181,nmol/L,Normal,1.0–4.0,Index,High
3267,44,Male,199.0,0.6,10.0,10.0,0.4–4.0,mIU/L,High,1.2–3.1,nmol/L,Low,66–181,nmol/L,Low,1.0–4.0,Index,High
3268,21,Male,1.6,1.7,79.0,102.0,0.4–4.0,mIU/L,Normal,1.2–3.1,nmol/L,Normal,66–181,nmol/L,Normal,1.0–4.0,Index,High
3269,1,,8.799999,1.9,113.0,131.0,0.4–4.0,mIU/L,High,1.2–3.1,nmol/L,Normal,66–181,nmol/L,Normal,1.0–4.0,Index,High
3270,1,Male,1.5,1.4,82.0,111.0,0.4–4.0,mIU/L,Normal,1.2–3.1,nmol/L,Normal,66–181,nmol/L,Normal,1.0–4.0,Index,High
3271,74,Male,0.61,0.9,115.0,153.0,0.4–4.0,mIU/L,Normal,1.2–3.1,nmol/L,Low,66–181,nmol/L,Normal,1.0–4.0,Index,High
3272,74,Male,3.4,1.0,102.0,114.0,0.4–4.0,mIU/L,Normal,1.2–3.1,nmol/L,Low,66–181,nmol/L,Normal,1.0–4.0,Index,High
3273,61,Female,17.0,2.2,131.0,108.0,0.4–4.0,mIU/L,High,1.2–3.1,nmol/L,Normal,66–181,nmol/L,Normal,1.0–4.0,Index,High
3274,37,Male,2.6,2.2,80.0,75.0,0.4–4.0,mIU/L,Normal,1.2–3.1,nmol/L,Normal,66–181,nmol/L,Normal,1.0–4.0,Index,High
3275,62,Male,11.0,1.0,101.0,128.0,0.4–4.0,mIU/L,High,1.2–3.1,nmol/L,Low,66–181,nmol/L,Normal,1.0–4.0,Index,High
3276,73,Female,1.4,1.6,119.0,130.0,0.4–4.0,mIU/L,Normal,1.2–3.1,nmol/L,Normal,66–181,nmol/L,Normal,1.0–4.0,Index,High
3277,73,Female,0.025,2.3,122.0,142.0,0.4–4.0,mIU/L,Low,1.2–3.1,nmol/L,Normal,66–181,nmol/L,Normal,1.0–4.0,Index,High
3278,38,Female,0.035,1.8,130.0,150.0,0.4–4.0,mIU/L,Low,1.2–3.1,nmol/L,Normal,66–181,nmol/L,Normal,1.0–4.0,Index,High
3279,59,Male,0.78,2.0,70.0,92.0,0.4–4.0,mIU/L,Normal,1.2–3.1,nmol/L,Normal,66–181,nmol/L,Normal,1.0–4.0,Index,High
3280,60,Female,99.0,0.8,12.0,10.0,0.4–4.0,mIU/L,High,1.2–3.1,nmol/L,Low,66–181,nmol/L,Low,1.0–4.0,Index,High
3281,37,Female,22.0,1.4,71.0,73.0,0.4–4.0,mIU/L,High,1.2–3.1,nmol/L,Normal,66–181,nmol/L,Normal,1.0–4.0,Index,High
3282,39,Female,0.79,1.9,107.0,108.0,0.4–4.0,mIU/L,Normal,1.2–3.1,nmol/L,Normal,66–181,nmol/L,Normal,1.0–4.0,Index,High
3283,78,Female,1.3,0.9,65.0,74.0,0.4–4.0,mIU/L,Normal,1.2–3.1,nmol/L,Low,66–181,nmol/L,Low,1.0–4.0,Index,High
3284,60,Female,0.035,0.3,87.0,126.0,0.4–4.0,mIU/L,Low,1.2–3.1,nmol/L,Low,66–181,nmol/L,Normal,1.0–4.0,Index,High
3285,74,Female,23.0,0.7,69.0,66.0,0.4–4.0,mIU/L,High,1.2–3.1,nmol/L,Low,66–181,nmol/L,Normal,1.0–4.0,Index,High
3286,64,Male,3.5,1.8,72.0,84.0,0.4–4.0,mIU/L,Normal,1.2–3.1,nmol/L,Normal,66–181,nmol/L,Normal,1.0–4.0,Index,High
3287,60,Female,18.0,1.5,66.0,66.0,0.4–4.0,mIU/L,High,1.2–3.1,nmol/L,Normal,66–181,nmol/L,Normal,1.0–4.0,Index,High
3288,20,Female,0.1,1.9,94.0,102.0,0.4–4.0,mIU/L,Low,1.2–3.1,nmol/L,Normal,66–181,nmol/L,Normal,1.0–4.0,Index,High
3289,74,Female,1.1,2.4,95.0,86.0,0.4–4.0,mIU/L,Normal,1.2–3.1,nmol/L,Normal,66–181,nmol/L,Normal,1.0–4.0,Index,High
3290,65,Female,0.025,3.9,133.0,108.0,0.4–4.0,mIU/L,Low,1.2–3.1,nmol/L,High,66–181,nmol/L,Normal,1.0–4.0,Index,High
3291,60,Female,0.77,3.2,175.0,119.0,0.4–4.0,mIU/L,Normal,1.2–3.1,nmol/L,High,66–181,nmol/L,Normal,1.0–4.0,Index,High
3292,80,Female,2.5,1.8,112.0,113.0,0.4–4.0,mIU/L,Normal,1.2–3.1,nmol/L,Normal,66–181,nmol/L,Normal,1.0–4.0,Index,High
3293,62,Female,0.025,2.2,183.0,178.0,0.4–4.0,mIU/L,Low,1.2–3.1,nmol/L,Normal,66–181,nmol/L,High,1.0–4.0,Index,High
3294,60,Female,0.025,3.9,123.0,126.0,0.4–4.0,mIU/L,Low,1.2–3.1,nmol/L,High,66–181,nmol/L,Normal,1.0–4.0,Index,High
3295,66,Female,1.5,1.5,129.0,127.0,0.4–4.0,mIU/L,Normal,1.2–3.1,nmol/L,Normal,66–181,nmol/L,Normal,1.0–4.0,Index,High
3296,58,Male,1.2,1.7,123.0,129.0,0.4–4.0,mIU/L,Normal,1.2–3.1,nmol/L,Normal,66–181,nmol/L,Normal,1.0–4.0,Index,High
3297,56,Male,0.93,2.1,92.0,109.0,0.4–4.0,mIU/L,Normal,1.2–3.1,nmol/L,Normal,66–181,nmol/L,Normal,1.0–4.0,Index,High
3298,44,Female,1.7,1.3,93.0,107.0,0.4–4.0,mIU/L,Normal,1.2–3.1,nmol/L,Normal,66–181,nmol/L,Normal,1.0–4.0,Index,High
3299,74,Female,6.3,1.2,80.0,87.0,0.4–4.0,mIU/L,High,1.2–3.1,nmol/L,Normal,66–181,nmol/L,Normal,1.0–4.0,Index,High
3300,14,Male,5.1,2.8,93.0,109.0,0.4–4.0,mIU/L,High,1.2–3.1,nmol/L,Normal,66–181,nmol/L,Normal,1.0–4.0,Index,High
3301,48,Female,7.1,1.4,88.0,95.0,0.4–4.0,mIU/L,High,1.2–3.1,nmol/L,Normal,66–181,nmol/L,Normal,1.0–4.0,Index,High
3302,55,Female,11.0,1.5,144.0,116.0,0.4–4.0,mIU/L,High,1.2–3.1,nmol/L,Normal,66–181,nmol/L,Normal,1.0–4.0,Index,High
3303,25,Female,2.0,2.2,123.0,81.0,0.4–4.0,mIU/L,Normal,1.2–3.1,nmol/L,Normal,66–181,nmol/L,Normal,1.0–4.0,Index,High
3304,25,Female,3.0,2.1,93.0,92.0,0.4–4.0,mIU/L,Normal,1.2–3.1,nmol/L,Normal,66–181,nmol/L,Normal,1.0–4.0,Index,High
3305,54,Female,0.08,2.1,133.0,116.0,0.4–4.0,mIU/L,Low,1.2–3.1,nmol/L,Normal,66–181,nmol/L,Normal,1.0–4.0,Index,High
3306,25,Female,0.53,1.8,107.0,115.0,0.4–4.0,mIU/L,Normal,1.2–3.1,nmol/L,Normal,66–181,nmol/L,Normal,1.0–4.0,Index,High
3307,65,Female,0.02,3.1,114.0,126.0,0.4–4.0,mIU/L,Low,1.2–3.1,nmol/L,Normal,66–181,nmol/L,Normal,1.0–4.0,Index,High
3308,21,Female,1.4,1.6,95.0,102.0,0.4–4.0,mIU/L,Normal,1.2–3.1,nmol/L,Normal,66–181,nmol/L,Normal,1.0–4.0,Index,High
3309,82,Female,1.9,2.9,116.0,97.0,0.4–4.0,mIU/L,Normal,1.2–3.1,nmol/L,Normal,66–181,nmol/L,Normal,1.0–4.0,Index,High
3310,59,Male,0.9,2.0,97.0,135.0,0.4–4.0,mIU/L,Normal,1.2–3.1,nmol/L,Normal,66–181,nmol/L,Normal,1.0–4.0,Index,High
3311,79,Female,0.84,0.8,94.0,109.0,0.4–4.0,mIU/L,Normal,1.2–3.1,nmol/L,Low,66–181,nmol/L,Normal,1.0–4.0,Index,High
3312,77,Female,2.1,0.8,99.0,113.0,0.4–4.0,mIU/L,Normal,1.2–3.1,nmol/L,Low,66–181,nmol/L,Normal,1.0–4.0,Index,High
3313,84,Female,34.0,0.7,52.0,47.0,0.4–4.0,mIU/L,High,1.2–3.1,nmol/L,Low,66–181,nmol/L,Low,1.0–4.0,Index,High
3314,60,Female,27.0,1.8,65.0,66.0,0.4–4.0,mIU/L,High,1.2–3.1,nmol/L,Normal,66–181,nmol/L,Low,1.0–4.0,Index,High
3315,16,Male,0.81,2.1,70.0,84.0,0.4–4.0,mIU/L,Normal,1.2–3.1,nmol/L,Normal,66–181,nmol/L,Normal,1.0–4.0,Index,High
3316,66,Female,0.83,2.3,113.0,134.0,0.4–4.0,mIU/L,Normal,1.2–3.1,nmol/L,Normal,66–181,nmol/L,Normal,1.0–4.0,Index,High
3317,27,Male,1.4,1.9,89.0,105.0,0.4–4.0,mIU/L,Normal,1.2–3.1,nmol/L,Normal,66–181,nmol/L,Normal,1.0–4.0,Index,High
3318,55,Male,0.6,1.5,113.0,117.0,0.4–4.0,mIU/L,Normal,1.2–3.1,nmol/L,Normal,66–181,nmol/L,Normal,1.0–4.0,Index,High
3319,88,Female,1.2,2.0,123.0,107.0,0.4–4.0,mIU/L,Normal,1.2–3.1,nmol/L,Normal,66–181,nmol/L,Normal,1.0–4.0,Index,High
3320,66,Female,1.2,2.2,122.0,106.0,0.4–4.0,mIU/L,Normal,1.2–3.1,nmol/L,Normal,66–181,nmol/L,Normal,1.0–4.0,Index,High
3321,38,Male,2.0,2.6,76.0,89.0,0.4–4.0,mIU/L,Normal,1.2–3.1,nmol/L,Normal,66–181,nmol/L,Normal,1.0–4.0,Index,High
3322,34,Male,1.7,2.4,94.0,81.0,0.4–4.0,mIU/L,Normal,1.2–3.1,nmol/L,Normal,66–181,nmol/L,Normal,1.0–4.0,Index,High
3323,56,Male,0.87,2.0,95.0,105.0,0.4–4.0,mIU/L,Normal,1.2–3.1,nmol/L,Normal,66–181,nmol/L,Normal,1.0–4.0,Index,High
3324,76,Female,3.1,2.0,118.0,102.0,0.4–4.0,mIU/L,Normal,1.2–3.1,nmol/L,Normal,66–181,nmol/L,Normal,1.0–4.0,Index,High
3325,28,Female,2.2,1.8,90.0,108.0,0.4–4.0,mIU/L,Normal,1.2–3.1,nmol/L,Normal,66–181,nmol/L,Normal,1.0–4.0,Index,High
3326,71,Female,6.7,1.9,91.0,89.0,0.4–4.0,mIU/L,High,1.2–3.1,nmol/L,Normal,66–181,nmol/L,Normal,1.0–4.0,Index,High
3327,53,Male,4.3,1.5,94.0,107.0,0.4–4.0,mIU/L,High,1.2–3.1,nmol/L,Normal,66–181,nmol/L,Normal,1.0–4.0,Index,High
3328,67,Male,1.9,1.0,65.0,105.0,0.4–4.0,mIU/L,Normal,1.2–3.1,nmol/L,Low,66–181,nmol/L,Low,1.0–4.0,Index,High
3329,45,Female,3.0,2.1,121.0,118.0,0.4–4.0,mIU/L,Normal,1.2–3.1,nmol/L,Normal,66–181,nmol/L,Normal,1.0–4.0,Index,High
3330,18,Female,12.0,2.2,94.0,98.0,0.4–4.0,mIU/L,High,1.2–3.1,nmol/L,Normal,66–181,nmol/L,Normal,1.0–4.0,Index,High
3331,76,Female,0.61,1.5,112.0,114.0,0.4–4.0,mIU/L,Normal,1.2–3.1,nmol/L,Normal,66–181,nmol/L,Normal,1.0–4.0,Index,High
3332,77,Female,1.0,2.1,113.0,115.0,0.4–4.0,mIU/L,Normal,1.2–3.1,nmol/L,Normal,66–181,nmol/L,Normal,1.0–4.0,Index,High
3333,80,Female,2.2,0.6,80.0,115.0,0.4–4.0,mIU/L,Normal,1.2–3.1,nmol/L,Low,66–181,nmol/L,Normal,1.0–4.0,Index,High
3334,44,Female,4.2,2.2,113.0,103.0,0.4–4.0,mIU/L,High,1.2–3.1,nmol/L,Normal,66–181,nmol/L,Normal,1.0–4.0,Index,High
3335,55,Female,2.0,1.7,115.0,105.0,0.4–4.0,mIU/L,Normal,1.2–3.1,nmol/L,Normal,66–181,nmol/L,Normal,1.0–4.0,Index,High
3336,40,Female,0.73,2.0,121.0,118.0,0.4–4.0,mIU/L,Normal,1.2–3.1,nmol/L,Normal,66–181,nmol/L,Normal,1.0–4.0,Index,High
3337,68,Female,20.0,2.5,111.0,71.0,0.4–4.0,mIU/L,High,1.2–3.1,nmol/L,Normal,66–181,nmol/L,Normal,1.0–4.0,Index,High
3338,67,Female,0.07,1.7,132.0,130.0,0.4–4.0,mIU/L,Low,1.2–3.1,nmol/L,Normal,66–181,nmol/L,Normal,1.0–4.0,Index,High
3339,72,Male,5.7,1.4,92.0,93.0,0.4–4.0,mIU/L,High,1.2–3.1,nmol/L,Normal,66–181,nmol/L,Normal,1.0–4.0,Index,High
3340,72,Male,5.4,1.0,75.0,92.0,0.4–4.0,mIU/L,High,1.2–3.1,nmol/L,Low,66–181,nmol/L,Normal,1.0–4.0,Index,High
3341,83,Female,0.6,1.2,95.0,114.0,0.4–4.0,mIU/L,Normal,1.2–3.1,nmol/L,Normal,66–181,nmol/L,Normal,1.0–4.0,Index,High
3342,49,Male,2.5,1.5,101.0,92.0,0.4–4.0,mIU/L,Normal,1.2–3.1,nmol/L,Normal,66–181,nmol/L,Normal,1.0–4.0,Index,High
3343,49,Female,8.299999,0.9,103.0,93.0,0.4–4.0,mIU/L,High,1.2–3.1,nmol/L,Low,66–181,nmol/L,Normal,1.0–4.0,Index,High
3344,68,Female,16.0,1.4,68.0,67.0,0.4–4.0,mIU/L,High,1.2–3.1,nmol/L,Normal,66–181,nmol/L,Normal,1.0–4.0,Index,High
3345,70,Female,1.1,1.7,95.0,140.0,0.4–4.0,mIU/L,Normal,1.2–3.1,nmol/L,Normal,66–181,nmol/L,Normal,1.0–4.0,Index,High
3346,59,Female,4.3,1.1,70.0,70.0,0.4–4.0,mIU/L,High,1.2–3.1,nmol/L,Low,66–181,nmol/L,Normal,1.0–4.0,Index,High
3347,53,Female,0.02,2.0,131.0,142.0,0.4–4.0,mIU/L,Low,1.2–3.1,nmol/L,Normal,66–181,nmol/L,Normal,1.0–4.0,Index,High
3348,63,Female,4.4,2.3,118.0,101.0,0.4–4.0,mIU/L,High,1.2–3.1,nmol/L,Normal,66–181,nmol/L,Normal,1.0–4.0,Index,High
3349,76,Female,0.93,2.1,142.0,129.0,0.4–4.0,mIU/L,Normal,1.2–3.1,nmol/L,Normal,66–181,nmol/L,Normal,1.0–4.0,Index,High
3350,76,Female,1.1,2.0,92.0,97.0,0.4–4.0,mIU/L,Normal,1.2–3.1,nmol/L,Normal,66–181,nmol/L,Normal,1.0–4.0,Index,High
3351,76,Female,27.0,2.3,135.0,88.0,0.4–4.0,mIU/L,High,1.2–3.1,nmol/L,Normal,66–181,nmol/L,Normal,1.0–4.0,Index,High
3352,15,Female,145.0,1.7,19.0,17.0,0.4–4.0,mIU/L,High,1.2–3.1,nmol/L,Normal,66–181,nmol/L,Low,1.0–4.0,Index,High
3353,27,Female,0.02,2.9,118.0,78.0,0.4–4.0,mIU/L,Low,1.2–3.1,nmol/L,Normal,66–181,nmol/L,Normal,1.0–4.0,Index,High
3354,41,Female,8.4,1.5,123.0,129.0,0.4–4.0,mIU/L,High,1.2–3.1,nmol/L,Normal,66–181,nmol/L,Normal,1.0–4.0,Index,High
3355,25,Female,0.09,2.2,181.0,147.0,0.4–4.0,mIU/L,Low,1.2–3.1,nmol/L,Normal,66–181,nmol/L,Normal,1.0–4.0,Index,High
3356,25,Male,3.0,2.7,110.0,126.0,0.4–4.0,mIU/L,Normal,1.2–3.1,nmol/L,Normal,66–181,nmol/L,Normal,1.0–4.0,Index,High
3357,37,Female,1.7,1.9,95.0,90.0,0.4–4.0,mIU/L,Normal,1.2–3.1,nmol/L,Normal,66–181,nmol/L,Normal,1.0–4.0,Index,High
3358,79,Female,1.3,0.9,102.0,107.0,0.4–4.0,mIU/L,Normal,1.2–3.1,nmol/L,Low,66–181,nmol/L,Normal,1.0–4.0,Index,High
3359,67,Male,3.2,1.9,91.0,115.0,0.4–4.0,mIU/L,Normal,1.2–3.1,nmol/L,Normal,66–181,nmol/L,Normal,1.0–4.0,Index,High
3360,24,Male,2.3,2.0,121.0,149.0,0.4–4.0,mIU/L,Normal,1.2–3.1,nmol/L,Normal,66–181,nmol/L,Normal,1.0–4.0,Index,High
3361,66,Male,2.0,2.1,108.0,112.0,0.4–4.0,mIU/L,Normal,1.2–3.1,nmol/L,Normal,66–181,nmol/L,Normal,1.0–4.0,Index,High
3362,58,Female,5.6,2.1,94.0,93.0,0.4–4.0,mIU/L,High,1.2–3.1,nmol/L,Normal,66–181,nmol/L,Normal,1.0–4.0,Index,High
3363,38,Female,0.75,1.8,114.0,113.0,0.4–4.0,mIU/L,Normal,1.2–3.1,nmol/L,Normal,66–181,nmol/L,Normal,1.0–4.0,Index,High
3364,56,Male,0.02,2.0,139.0,170.0,0.4–4.0,mIU/L,Low,1.2–3.1,nmol/L,Normal,66–181,nmol/L,Normal,1.0–4.0,Index,High
3365,58,Male,0.22,2.6,156.0,140.0,0.4–4.0,mIU/L,Low,1.2–3.1,nmol/L,Normal,66–181,nmol/L,Normal,1.0–4.0,Index,High
3366,67,Female,2.7,1.6,127.0,126.0,0.4–4.0,mIU/L,Normal,1.2–3.1,nmol/L,Normal,66–181,nmol/L,Normal,1.0–4.0,Index,High
3367,33,,1.8,1.8,92.0,110.0,0.4–4.0,mIU/L,Normal,1.2–3.1,nmol/L,Normal,66–181,nmol/L,Normal,1.0–4.0,Index,High
3368,32,Male,1.5,1.8,93.0,100.0,0.4–4.0,mIU/L,Normal,1.2–3.1,nmol/L,Normal,66–181,nmol/L,Normal,1.0–4.0,Index,High
3369,24,Female,66.0,1.0,112.0,110.0,0.4–4.0,mIU/L,High,1.2–3.1,nmol/L,Low,66–181,nmol/L,Normal,1.0–4.0,Index,High
3370,42,Female,3.0,0.8,83.0,84.0,0.4–4.0,mIU/L,Normal,1.2–3.1,nmol/L,Low,66–181,nmol/L,Normal,1.0–4.0,Index,High
3371,28,Female,9.4,2.6,89.0,87.0,0.4–4.0,mIU/L,High,1.2–3.1,nmol/L,Normal,66–181,nmol/L,Normal,1.0–4.0,Index,High
3372,5,Female,17.0,2.0,74.0,78.0,0.4–4.0,mIU/L,High,1.2–3.1,nmol/L,Normal,66–181,nmol/L,Normal,1.0–4.0,Index,High
3373,75,Female,5.1,2.2,82.0,105.0,0.4–4.0,mIU/L,High,1.2–3.1,nmol/L,Normal,66–181,nmol/L,Normal,1.0–4.0,Index,High
3374,68,Female,1.3,2.4,82.0,90.0,0.4–4.0,mIU/L,Normal,1.2–3.1,nmol/L,Normal,66–181,nmol/L,Normal,1.0–4.0,Index,High
3375,83,Female,0.92,0.9,86.0,113.0,0.4–4.0,mIU/L,Normal,1.2–3.1,nmol/L,Low,66–181,nmol/L,Normal,1.0–4.0,Index,High
3376,83,Female,1.5,2.2,112.0,115.0,0.4–4.0,mIU/L,Normal,1.2–3.1,nmol/L,Normal,66–181,nmol/L,Normal,1.0–4.0,Index,High
3377,83,Male,2.4,1.2,99.0,112.0,0.4–4.0,mIU/L,Normal,1.2–3.1,nmol/L,Normal,66–181,nmol/L,Normal,1.0–4.0,Index,High
3378,23,Female,0.01,2.9,205.0,235.0,0.4–4.0,mIU/L,Low,1.2–3.1,nmol/L,Normal,66–181,nmol/L,High,1.0–4.0,Index,High
3379,48,Male,5.4,1.9,87.0,87.0,0.4–4.0,mIU/L,High,1.2–3.1,nmol/L,Normal,66–181,nmol/L,Normal,1.0–4.0,Index,High
3380,66,,2.5,1.6,73.0,92.0,0.4–4.0,mIU/L,Normal,1.2–3.1,nmol/L,Normal,66–181,nmol/L,Normal,1.0–4.0,Index,High
3381,23,Female,0.19,1.3,100.0,118.0,0.4–4.0,mIU/L,Low,1.2–3.1,nmol/L,Normal,66–181,nmol/L,Normal,1.0–4.0,Index,High
3382,72,Female,3.7,1.3,83.0,60.0,0.4–4.0,mIU/L,Normal,1.2–3.1,nmol/L,Normal,66–181,nmol/L,Normal,1.0–4.0,Index,High
3383,42,Female,2.3,2.3,128.0,151.0,0.4–4.0,mIU/L,Normal,1.2–3.1,nmol/L,Normal,66–181,nmol/L,Normal,1.0–4.0,Index,High
3384,55,Male,0.02,2.2,71.0,71.0,0.4–4.0,mIU/L,Low,1.2–3.1,nmol/L,Normal,66–181,nmol/L,Normal,1.0–4.0,Index,High
3385,32,Female,0.01,2.3,147.0,198.0,0.4–4.0,mIU/L,Low,1.2–3.1,nmol/L,Normal,66–181,nmol/L,Normal,1.0–4.0,Index,High
3386,61,Male,1.6,1.9,103.0,118.0,0.4–4.0,mIU/L,Normal,1.2–3.1,nmol/L,Normal,66–181,nmol/L,Normal,1.0–4.0,Index,High
3387,62,Male,1.4,2.0,101.0,88.0,0.4–4.0,mIU/L,Normal,1.2–3.1,nmol/L,Normal,66–181,nmol/L,Normal,1.0–4.0,Index,High
3388,62,Male,1.1,2.0,139.0,134.0,0.4–4.0,mIU/L,Normal,1.2–3.1,nmol/L,Normal,66–181,nmol/L,Normal,1.0–4.0,Index,High
3389,64,Female,0.24,1.4,65.0,77.0,0.4–4.0,mIU/L,Low,1.2–3.1,nmol/L,Normal,66–181,nmol/L,Low,1.0–4.0,Index,High
3390,30,Male,2.5,1.9,110.0,125.0,0.4–4.0,mIU/L,Normal,1.2–3.1,nmol/L,Normal,66–181,nmol/L,Normal,1.0–4.0,Index,High
3391,60,Female,2.0,2.2,128.0,103.0,0.4–4.0,mIU/L,Normal,1.2–3.1,nmol/L,Normal,66–181,nmol/L,Normal,1.0–4.0,Index,High
3392,53,Female,1.6,1.8,81.0,70.0,0.4–4.0,mIU/L,Normal,1.2–3.1,nmol/L,Normal,66–181,nmol/L,Normal,1.0–4.0,Index,High
3393,53,Female,0.19,1.8,124.0,110.0,0.4–4.0,mIU/L,Low,1.2–3.1,nmol/L,Normal,66–181,nmol/L,Normal,1.0–4.0,Index,High
3394,55,Female,3.6,2.0,96.0,88.0,0.4–4.0,mIU/L,Normal,1.2–3.1,nmol/L,Normal,66–181,nmol/L,Normal,1.0–4.0,Index,High
3395,61,Female,11.0,1.2,83.0,82.0,0.4–4.0,mIU/L,High,1.2–3.1,nmol/L,Normal,66–181,nmol/L,Normal,1.0–4.0,Index,High
3396,83,Female,2.9,1.3,92.0,92.0,0.4–4.0,mIU/L,Normal,1.2–3.1,nmol/L,Normal,66–181,nmol/L,Normal,1.0–4.0,Index,High
3397,43,Female,1.1,2.3,140.0,116.0,0.4–4.0,mIU/L,Normal,1.2–3.1,nmol/L,Normal,66–181,nmol/L,Normal,1.0–4.0,Index,High
3398,28,Female,2.8,2.2,83.0,82.0,0.4–4.0,mIU/L,Normal,1.2–3.1,nmol/L,Normal,66–181,nmol/L,Normal,1.0–4.0,Index,High
3399,61,Female,0.04,0.8,74.0,99.0,0.4–4.0,mIU/L,Low,1.2–3.1,nmol/L,Low,66–181,nmol/L,Normal,1.0–4.0,Index,High
3400,68,Male,1.4,1.9,98.0,118.0,0.4–4.0,mIU/L,Normal,1.2–3.1,nmol/L,Normal,66–181,nmol/L,Normal,1.0–4.0,Index,High
3401,23,Male,1.8,1.9,77.0,97.0,0.4–4.0,mIU/L,Normal,1.2–3.1,nmol/L,Normal,66–181,nmol/L,Normal,1.0–4.0,Index,High
3402,27,Male,3.2,2.4,102.0,116.0,0.4–4.0,mIU/L,Normal,1.2–3.1,nmol/L,Normal,66–181,nmol/L,Normal,1.0–4.0,Index,High
3403,48,Female,2.0,2.7,181.0,109.0,0.4–4.0,mIU/L,Normal,1.2–3.1,nmol/L,Normal,66–181,nmol/L,Normal,1.0–4.0,Index,High
3404,76,Male,2.5,1.5,81.0,88.0,0.4–4.0,mIU/L,Normal,1.2–3.1,nmol/L,Normal,66–181,nmol/L,Normal,1.0–4.0,Index,High
3405,45,Male,2.3,2.4,91.0,106.0,0.4–4.0,mIU/L,Normal,1.2–3.1,nmol/L,Normal,66–181,nmol/L,Normal,1.0–4.0,Index,High
3406,54,Female,4.1,0.8,77.0,93.0,0.4–4.0,mIU/L,High,1.2–3.1,nmol/L,Low,66–181,nmol/L,Normal,1.0–4.0,Index,High
3407,45,Female,2.3,2.5,165.0,161.0,0.4–4.0,mIU/L,Normal,1.2–3.1,nmol/L,Normal,66–181,nmol/L,Normal,1.0–4.0,Index,High
3408,55,Male,0.55,2.1,75.0,74.0,0.4–4.0,mIU/L,Normal,1.2–3.1,nmol/L,Normal,66–181,nmol/L,Normal,1.0–4.0,Index,High
3409,22,Female,1.7,1.7,85.0,92.0,0.4–4.0,mIU/L,Normal,1.2–3.1,nmol/L,Normal,66–181,nmol/L,Normal,1.0–4.0,Index,High
3410,36,Female,3.1,1.8,87.0,75.0,0.4–4.0,mIU/L,Normal,1.2–3.1,nmol/L,Normal,66–181,nmol/L,Normal,1.0–4.0,Index,High
3411,35,Male,1.7,2.4,102.0,96.0,0.4–4.0,mIU/L,Normal,1.2–3.1,nmol/L,Normal,66–181,nmol/L,Normal,1.0–4.0,Index,High
3412,35,Male,1.5,2.3,98.0,106.0,0.4–4.0,mIU/L,Normal,1.2–3.1,nmol/L,Normal,66–181,nmol/L,Normal,1.0–4.0,Index,High
3413,34,Female,0.85,2.5,108.0,99.0,0.4–4.0,mIU/L,Normal,1.2–3.1,nmol/L,Normal,66–181,nmol/L,Normal,1.0–4.0,Index,High
3414,34,Female,6.3,2.7,153.0,90.0,0.4–4.0,mIU/L,High,1.2–3.1,nmol/L,Normal,66–181,nmol/L,Normal,1.0–4.0,Index,High
3415,94,Male,1.9,1.3,119.0,114.0,0.4–4.0,mIU/L,Normal,1.2–3.1,nmol/L,Normal,66–181,nmol/L,Normal,1.0–4.0,Index,High
3416,29,Female,1.1,1.5,93.0,124.0,0.4–4.0,mIU/L,Normal,1.2–3.1,nmol/L,Normal,66–181,nmol/L,Normal,1.0–4.0,Index,High
3417,25,Female,8.9,1.7,62.0,83.0,0.4–4.0,mIU/L,High,1.2–3.1,nmol/L,Normal,66–181,nmol/L,Low,1.0–4.0,Index,High
3418,28,Female,1.5,2.3,134.0,109.0,0.4–4.0,mIU/L,Normal,1.2–3.1,nmol/L,Normal,66–181,nmol/L,Normal,1.0–4.0,Index,High
3419,68,Male,2.0,2.5,79.0,92.0,0.4–4.0,mIU/L,Normal,1.2–3.1,nmol/L,Normal,66–181,nmol/L,Normal,1.0–4.0,Index,High
3420,74,Female,5.1,1.8,112.0,105.0,0.4–4.0,mIU/L,High,1.2–3.1,nmol/L,Normal,66–181,nmol/L,Normal,1.0–4.0,Index,High
3421,14,Male,5.8,2.8,91.0,88.0,0.4–4.0,mIU/L,High,1.2–3.1,nmol/L,Normal,66–181,nmol/L,Normal,1.0–4.0,Index,High
3422,75,Female,0.005,3.6,184.0,162.0,0.4–4.0,mIU/L,Low,1.2–3.1,nmol/L,High,66–181,nmol/L,High,1.0–4.0,Index,High
3423,52,Male,0.04,1.9,86.0,112.0,0.4–4.0,mIU/L,Low,1.2–3.1,nmol/L,Normal,66–181,nmol/L,Normal,1.0–4.0,Index,High
3424,52,Female,12.0,1.8,109.0,102.0,0.4–4.0,mIU/L,High,1.2–3.1,nmol/L,Normal,66–181,nmol/L,Normal,1.0–4.0,Index,High
3425,22,Female,2.0,1.9,101.0,109.0,0.4–4.0,mIU/L,Normal,1.2–3.1,nmol/L,Normal,66–181,nmol/L,Normal,1.0–4.0,Index,High
3426,69,Female,0.22,2.4,129.0,113.0,0.4–4.0,mIU/L,Low,1.2–3.1,nmol/L,Normal,66–181,nmol/L,Normal,1.0–4.0,Index,High
3427,48,Female,2.9,2.2,146.0,98.0,0.4–4.0,mIU/L,Normal,1.2–3.1,nmol/L,Normal,66–181,nmol/L,Normal,1.0–4.0,Index,High
3428,78,Female,2.6,0.3,87.0,91.0,0.4–4.0,mIU/L,Normal,1.2–3.1,nmol/L,Low,66–181,nmol/L,Normal,1.0–4.0,Index,High
3429,75,Female,2.8,2.0,92.0,89.0,0.4–4.0,mIU/L,Normal,1.2–3.1,nmol/L,Normal,66–181,nmol/L,Normal,1.0–4.0,Index,High
3430,52,Male,0.3,1.2,101.0,112.0,0.4–4.0,mIU/L,Low,1.2–3.1,nmol/L,Normal,66–181,nmol/L,Normal,1.0–4.0,Index,High
3431,57,Female,0.005,3.6,144.0,171.0,0.4–4.0,mIU/L,Low,1.2–3.1,nmol/L,High,66–181,nmol/L,Normal,1.0–4.0,Index,High
3432,73,Female,0.01,1.0,101.0,117.0,0.4–4.0,mIU/L,Low,1.2–3.1,nmol/L,Low,66–181,nmol/L,Normal,1.0–4.0,Index,High
3433,56,Male,0.52,2.4,158.0,134.0,0.4–4.0,mIU/L,Normal,1.2–3.1,nmol/L,Normal,66–181,nmol/L,Normal,1.0–4.0,Index,High
3434,38,Male,0.67,1.9,92.0,121.0,0.4–4.0,mIU/L,Normal,1.2–3.1,nmol/L,Normal,66–181,nmol/L,Normal,1.0–4.0,Index,High
3435,67,Female,1.9,2.9,133.0,113.0,0.4–4.0,mIU/L,Normal,1.2–3.1,nmol/L,Normal,66–181,nmol/L,Normal,1.0–4.0,Index,High
3436,28,Female,2.2,1.9,86.0,81.0,0.4–4.0,mIU/L,Normal,1.2–3.1,nmol/L,Normal,66–181,nmol/L,Normal,1.0–4.0,Index,High
3437,28,Female,1.5,1.5,120.0,118.0,0.4–4.0,mIU/L,Normal,1.2–3.1,nmol/L,Normal,66–181,nmol/L,Normal,1.0–4.0,Index,High
3438,45,Male,1.2,2.7,120.0,106.0,0.4–4.0,mIU/L,Normal,1.2–3.1,nmol/L,Normal,66–181,nmol/L,Normal,1.0–4.0,Index,High
3439,77,Male,0.93,1.9,121.0,89.0,0.4–4.0,mIU/L,Normal,1.2–3.1,nmol/L,Normal,66–181,nmol/L,Normal,1.0–4.0,Index,High
3440,56,Female,0.72,2.1,114.0,103.0,0.4–4.0,mIU/L,Normal,1.2–3.1,nmol/L,Normal,66–181,nmol/L,Normal,1.0–4.0,Index,High
3441,39,Male,1.4,2.9,97.0,94.0,0.4–4.0,mIU/L,Normal,1.2–3.1,nmol/L,Normal,66–181,nmol/L,Normal,1.0–4.0,Index,High
3442,42,Female,0.005,3.9,205.0,121.0,0.4–4.0,mIU/L,Low,1.2–3.1,nmol/L,High,66–181,nmol/L,High,1.0–4.0,Index,High
3443,34,Female,0.005,3.5,198.0,111.0,0.4–4.0,mIU/L,Low,1.2–3.1,nmol/L,High,66–181,nmol/L,High,1.0–4.0,Index,High
3444,84,Male,0.67,0.9,70.0,90.0,0.4–4.0,mIU/L,Normal,1.2–3.1,nmol/L,Low,66–181,nmol/L,Normal,1.0–4.0,Index,High
3445,49,Male,0.08,0.2,59.0,74.0,0.4–4.0,mIU/L,Low,1.2–3.1,nmol/L,Low,66–181,nmol/L,Low,1.0–4.0,Index,High
3446,60,Female,0.005,1.5,132.0,138.0,0.4–4.0,mIU/L,Low,1.2–3.1,nmol/L,Normal,66–181,nmol/L,Normal,1.0–4.0,Index,High
3447,77,Female,2.3,1.7,92.0,96.0,0.4–4.0,mIU/L,Normal,1.2–3.1,nmol/L,Normal,66–181,nmol/L,Normal,1.0–4.0,Index,High
3448,29,Male,1.4,3.8,127.0,112.0,0.4–4.0,mIU/L,Normal,1.2–3.1,nmol/L,High,66–181,nmol/L,Normal,1.0–4.0,Index,High
3449,65,Male,3.1,2.7,131.0,126.0,0.4–4.0,mIU/L,Normal,1.2–3.1,nmol/L,Normal,66–181,nmol/L,Normal,1.0–4.0,Index,High
3450,44,Male,14.0,2.7,63.0,54.0,0.4–4.0,mIU/L,High,1.2–3.1,nmol/L,Normal,66–181,nmol/L,Low,1.0–4.0,Index,High
3451,24,Female,0.85,3.0,121.0,97.0,0.4–4.0,mIU/L,Normal,1.2–3.1,nmol/L,Normal,66–181,nmol/L,Normal,1.0–4.0,Index,High
3452,30,Female,1.1,3.6,159.0,96.0,0.4–4.0,mIU/L,Normal,1.2–3.1,nmol/L,High,66–181,nmol/L,Normal,1.0–4.0,Index,High
3453,70,Male,2.3,1.4,98.0,105.0,0.4–4.0,mIU/L,Normal,1.2–3.1,nmol/L,Normal,66–181,nmol/L,Normal,1.0–4.0,Index,High
3454,70,Female,0.82,2.4,96.0,105.0,0.4–4.0,mIU/L,Normal,1.2–3.1,nmol/L,Normal,66–181,nmol/L,Normal,1.0–4.0,Index,High
3455,62,Female,0.43,2.2,122.0,104.0,0.4–4.0,mIU/L,Normal,1.2–3.1,nmol/L,Normal,66–181,nmol/L,Normal,1.0–4.0,Index,High
3456,50,Female,28.0,0.2,33.0,47.0,0.4–4.0,mIU/L,High,1.2–3.1,nmol/L,Low,66–181,nmol/L,Low,1.0–4.0,Index,High
3457,28,Female,4.2,2.8,134.0,107.0,0.4–4.0,mIU/L,High,1.2–3.1,nmol/L,Normal,66–181,nmol/L,Normal,1.0–4.0,Index,High
3458,62,Female,3.4,1.3,134.0,113.0,0.4–4.0,mIU/L,Normal,1.2–3.1,nmol/L,Normal,66–181,nmol/L,Normal,1.0–4.0,Index,High
3459,68,Male,15.0,2.0,81.0,81.0,0.4–4.0,mIU/L,High,1.2–3.1,nmol/L,Normal,66–181,nmol/L,Normal,1.0–4.0,Index,High
3460,60,Female,8.2,1.7,65.0,68.0,0.4–4.0,mIU/L,High,1.2–3.1,nmol/L,Normal,66–181,nmol/L,Low,1.0–4.0,Index,High
3461,13,Female,2.9,3.3,113.0,92.0,0.4–4.0,mIU/L,Normal,1.2–3.1,nmol/L,High,66–181,nmol/L,Normal,1.0–4.0,Index,High
3462,84,Female,3.3,2.2,109.0,101.0,0.4–4.0,mIU/L,Normal,1.2–3.1,nmol/L,Normal,66–181,nmol/L,Normal,1.0–4.0,Index,High
3463,58,Female,0.21,0.9,122.0,117.0,0.4–4.0,mIU/L,Low,1.2–3.1,nmol/L,Low,66–181,nmol/L,Normal,1.0–4.0,Index,High
3464,75,Female,2.1,1.5,103.0,96.0,0.4–4.0,mIU/L,Normal,1.2–3.1,nmol/L,Normal,66–181,nmol/L,Normal,1.0–4.0,Index,High
3465,75,Female,0.46,2.9,139.0,91.0,0.4–4.0,mIU/L,Normal,1.2–3.1,nmol/L,Normal,66–181,nmol/L,Normal,1.0–4.0,Index,High
3466,33,Female,2.9,2.2,96.0,93.0,0.4–4.0,mIU/L,Normal,1.2–3.1,nmol/L,Normal,66–181,nmol/L,Normal,1.0–4.0,Index,High
3467,27,Male,0.87,1.8,98.0,98.0,0.4–4.0,mIU/L,Normal,1.2–3.1,nmol/L,Normal,66–181,nmol/L,Normal,1.0–4.0,Index,High
3468,62,Female,0.81,2.3,109.0,93.0,0.4–4.0,mIU/L,Normal,1.2–3.1,nmol/L,Normal,66–181,nmol/L,Normal,1.0–4.0,Index,High
3469,67,Male,0.67,1.8,80.0,93.0,0.4–4.0,mIU/L,Normal,1.2–3.1,nmol/L,Normal,66–181,nmol/L,Normal,1.0–4.0,Index,High
3470,60,Male,1.1,2.2,107.0,113.0,0.4–4.0,mIU/L,Normal,1.2–3.1,nmol/L,Normal,66–181,nmol/L,Normal,1.0–4.0,Index,High
3471,78,Male,2.1,1.8,80.0,111.0,0.4–4.0,mIU/L,Normal,1.2–3.1,nmol/L,Normal,66–181,nmol/L,Normal,1.0–4.0,Index,High
3472,79,Female,2.8,1.2,122.0,122.0,0.4–4.0,mIU/L,Normal,1.2–3.1,nmol/L,Normal,66–181,nmol/L,Normal,1.0–4.0,Index,High
3473,66,Female,1.9,2.2,110.0,91.0,0.4–4.0,mIU/L,Normal,1.2–3.1,nmol/L,Normal,66–181,nmol/L,Normal,1.0–4.0,Index,High
3474,29,Female,1.3,1.8,106.0,91.0,0.4–4.0,mIU/L,Normal,1.2–3.1,nmol/L,Normal,66–181,nmol/L,Normal,1.0–4.0,Index,High
3475,23,Female,3.6,7.0,141.0,80.0,0.4–4.0,mIU/L,Normal,1.2–3.1,nmol/L,High,66–181,nmol/L,Normal,1.0–4.0,Index,High
3476,37,Male,0.6,2.1,148.0,124.0,0.4–4.0,mIU/L,Normal,1.2–3.1,nmol/L,Normal,66–181,nmol/L,Normal,1.0–4.0,Index,High
3477,48,Male,1.8,2.3,89.0,107.0,0.4–4.0,mIU/L,Normal,1.2–3.1,nmol/L,Normal,66–181,nmol/L,Normal,1.0–4.0,Index,High
3478,57,Female,0.005,2.3,213.0,195.0,0.4–4.0,mIU/L,Low,1.2–3.1,nmol/L,Normal,66–181,nmol/L,High,1.0–4.0,Index,High
3479,41,Male,0.025,4.4,138.0,218.0,0.4–4.0,mIU/L,Low,1.2–3.1,nmol/L,High,66–181,nmol/L,Normal,1.0–4.0,Index,High
3480,50,Male,11.0,2.2,95.0,86.0,0.4–4.0,mIU/L,High,1.2–3.1,nmol/L,Normal,66–181,nmol/L,Normal,1.0–4.0,Index,High
3481,19,Female,8.799999,2.7,108.0,97.0,0.4–4.0,mIU/L,High,1.2–3.1,nmol/L,Normal,66–181,nmol/L,Normal,1.0–4.0,Index,High
3482,63,Female,5.6,2.2,99.0,97.0,0.4–4.0,mIU/L,High,1.2–3.1,nmol/L,Normal,66–181,nmol/L,Normal,1.0–4.0,Index,High
3483,22,Male,1.7,2.3,111.0,108.0,0.4–4.0,mIU/L,Normal,1.2–3.1,nmol/L,Normal,66–181,nmol/L,Normal,1.0–4.0,Index,High
3484,22,Female,1.3,1.9,94.0,105.0,0.4–4.0,mIU/L,Normal,1.2–3.1,nmol/L,Normal,66–181,nmol/L,Normal,1.0–4.0,Index,High
3485,63,Female,0.005,3.4,210.0,188.0,0.4–4.0,mIU/L,Low,1.2–3.1,nmol/L,High,66–181,nmol/L,High,1.0–4.0,Index,High
3486,21,Female,1.5,2.1,130.0,124.0,0.4–4.0,mIU/L,Normal,1.2–3.1,nmol/L,Normal,66–181,nmol/L,Normal,1.0–4.0,Index,High
3487,80,Female,1.1,1.8,94.0,100.0,0.4–4.0,mIU/L,Normal,1.2–3.1,nmol/L,Normal,66–181,nmol/L,Normal,1.0–4.0,Index,High
3488,36,Female,0.04,2.2,116.0,111.0,0.4–4.0,mIU/L,Low,1.2–3.1,nmol/L,Normal,66–181,nmol/L,Normal,1.0–4.0,Index,High
3489,52,Male,2.0,1.8,86.0,101.0,0.4–4.0,mIU/L,Normal,1.2–3.1,nmol/L,Normal,66–181,nmol/L,Normal,1.0–4.0,Index,High
3490,65,Female,0.47,2.3,113.0,124.0,0.4–4.0,mIU/L,Normal,1.2–3.1,nmol/L,Normal,66–181,nmol/L,Normal,1.0–4.0,Index,High
3491,79,Male,0.005,3.4,151.0,203.0,0.4–4.0,mIU/L,Low,1.2–3.1,nmol/L,High,66–181,nmol/L,Normal,1.0–4.0,Index,High
3492,45,Female,1.4,2.1,100.0,106.0,0.4–4.0,mIU/L,Normal,1.2–3.1,nmol/L,Normal,66–181,nmol/L,Normal,1.0–4.0,Index,High
3493,33,Female,1.5,2.5,109.0,98.0,0.4–4.0,mIU/L,Normal,1.2–3.1,nmol/L,Normal,66–181,nmol/L,Normal,1.0–4.0,Index,High
3494,19,Female,3.2,3.6,139.0,91.0,0.4–4.0,mIU/L,Normal,1.2–3.1,nmol/L,High,66–181,nmol/L,Normal,1.0–4.0,Index,High
3495,19,Female,4.0,2.2,90.0,78.0,0.4–4.0,mIU/L,Normal,1.2–3.1,nmol/L,Normal,66–181,nmol/L,Normal,1.0–4.0,Index,High
3496,83,Male,0.38,2.1,90.0,102.0,0.4–4.0,mIU/L,Low,1.2–3.1,nmol/L,Normal,66–181,nmol/L,Normal,1.0–4.0,Index,High
3497,83,Female,1.8,2.4,100.0,98.0,0.4–4.0,mIU/L,Normal,1.2–3.1,nmol/L,Normal,66–181,nmol/L,Normal,1.0–4.0,Index,High
3498,68,Male,1.3,2.0,131.0,122.0,0.4–4.0,mIU/L,Normal,1.2–3.1,nmol/L,Normal,66–181,nmol/L,Normal,1.0–4.0,Index,High
3499,14,Female,0.78,2.2,78.0,89.0,0.4–4.0,mIU/L,Normal,1.2–3.1,nmol/L,Normal,66–181,nmol/L,Normal,1.0–4.0,Index,High
3500,59,Female,2.9,1.4,95.0,86.0,0.4–4.0,mIU/L,Normal,1.2–3.1,nmol/L,Normal,66–181,nmol/L,Normal,1.0–4.0,Index,High
3501,22,Female,0.56,2.7,179.0,143.0,0.4–4.0,mIU/L,Normal,1.2–3.1,nmol/L,Normal,66–181,nmol/L,Normal,1.0–4.0,Index,High
3502,44,Female,1.4,2.4,112.0,111.0,0.4–4.0,mIU/L,Normal,1.2–3.1,nmol/L,Normal,66–181,nmol/L,Normal,1.0–4.0,Index,High
3503,44,Female,2.1,3.3,140.0,86.0,0.4–4.0,mIU/L,Normal,1.2–3.1,nmol/L,High,66–181,nmol/L,Normal,1.0–4.0,Index,High
3504,74,Male,1.5,2.1,70.0,94.0,0.4–4.0,mIU/L,Normal,1.2–3.1,nmol/L,Normal,66–181,nmol/L,Normal,1.0–4.0,Index,High
3505,39,Male,0.38,1.3,84.0,97.0,0.4–4.0,mIU/L,Low,1.2–3.1,nmol/L,Normal,66–181,nmol/L,Normal,1.0–4.0,Index,High
3506,67,Female,2.2,2.0,99.0,103.0,0.4–4.0,mIU/L,Normal,1.2–3.1,nmol/L,Normal,66–181,nmol/L,Normal,1.0–4.0,Index,High
3507,38,Female,2.8,2.2,57.0,63.0,0.4–4.0,mIU/L,Normal,1.2–3.1,nmol/L,Normal,66–181,nmol/L,Low,1.0–4.0,Index,High
3508,68,Female,42.0,0.2,18.0,16.0,0.4–4.0,mIU/L,High,1.2–3.1,nmol/L,Low,66–181,nmol/L,Low,1.0–4.0,Index,High
3509,48,Male,1.6,2.1,80.0,82.0,0.4–4.0,mIU/L,Normal,1.2–3.1,nmol/L,Normal,66–181,nmol/L,Normal,1.0–4.0,Index,High
3510,22,Female,2.9,1.9,83.0,112.0,0.4–4.0,mIU/L,Normal,1.2–3.1,nmol/L,Normal,66–181,nmol/L,Normal,1.0–4.0,Index,High
3511,45,Female,1.7,2.5,106.0,110.0,0.4–4.0,mIU/L,Normal,1.2–3.1,nmol/L,Normal,66–181,nmol/L,Normal,1.0–4.0,Index,High
3512,61,Female,0.99,1.5,63.0,113.0,0.4–4.0,mIU/L,Normal,1.2–3.1,nmol/L,Normal,66–181,nmol/L,Low,1.0–4.0,Index,High
3513,71,Male,25.0,0.3,31.0,46.0,0.4–4.0,mIU/L,High,1.2–3.1,nmol/L,Low,66–181,nmol/L,Low,1.0–4.0,Index,High
3514,57,Male,1.3,2.7,89.0,99.0,0.4–4.0,mIU/L,Normal,1.2–3.1,nmol/L,Normal,66–181,nmol/L,Normal,1.0–4.0,Index,High
3515,32,Male,0.45,2.5,100.0,86.0,0.4–4.0,mIU/L,Normal,1.2–3.1,nmol/L,Normal,66–181,nmol/L,Normal,1.0–4.0,Index,High
3516,47,Female,4.7,2.4,102.0,92.0,0.4–4.0,mIU/L,High,1.2–3.1,nmol/L,Normal,66–181,nmol/L,Normal,1.0–4.0,Index,High
3517,47,Male,2.4,2.2,143.0,154.0,0.4–4.0,mIU/L,Normal,1.2–3.1,nmol/L,Normal,66–181,nmol/L,Normal,1.0–4.0,Index,High
3518,61,Male,1.8,2.3,89.0,105.0,0.4–4.0,mIU/L,Normal,1.2–3.1,nmol/L,Normal,66–181,nmol/L,Normal,1.0–4.0,Index,High
3519,49,Female,1.2,2.2,100.0,108.0,0.4–4.0,mIU/L,Normal,1.2–3.1,nmol/L,Normal,66–181,nmol/L,Normal,1.0–4.0,Index,High
3520,78,Female,1.4,2.0,130.0,139.0,0.4–4.0,mIU/L,Normal,1.2–3.1,nmol/L,Normal,66–181,nmol/L,Normal,1.0–4.0,Index,High
3521,53,Male,1.6,2.1,133.0,123.0,0.4–4.0,mIU/L,Normal,1.2–3.1,nmol/L,Normal,66–181,nmol/L,Normal,1.0–4.0,Index,High
3522,54,Female,3.1,3.8,157.0,103.0,0.4–4.0,mIU/L,Normal,1.2–3.1,nmol/L,High,66–181,nmol/L,Normal,1.0–4.0,Index,High
3523,54,,0.01,3.6,142.0,115.0,0.4–4.0,mIU/L,Low,1.2–3.1,nmol/L,High,66–181,nmol/L,Normal,1.0–4.0,Index,High
3524,42,Female,1.3,2.0,87.0,118.0,0.4–4.0,mIU/L,Normal,1.2–3.1,nmol/L,Normal,66–181,nmol/L,Normal,1.0–4.0,Index,High
3525,49,Male,4.9,0.7,82.0,104.0,0.4–4.0,mIU/L,High,1.2–3.1,nmol/L,Low,66–181,nmol/L,Normal,1.0–4.0,Index,High
3526,34,Female,0.03,4.2,134.0,81.0,0.4–4.0,mIU/L,Low,1.2–3.1,nmol/L,High,66–181,nmol/L,Normal,1.0–4.0,Index,High
3527,24,Female,1.4,2.3,73.0,67.0,0.4–4.0,mIU/L,Normal,1.2–3.1,nmol/L,Normal,66–181,nmol/L,Normal,1.0–4.0,Index,High
3528,30,Female,4.5,2.0,139.0,161.0,0.4–4.0,mIU/L,High,1.2–3.1,nmol/L,Normal,66–181,nmol/L,Normal,1.0–4.0,Index,High
3529,63,Female,0.03,3.3,120.0,125.0,0.4–4.0,mIU/L,Low,1.2–3.1,nmol/L,High,66–181,nmol/L,Normal,1.0–4.0,Index,High
3530,62,Female,1.2,2.1,134.0,127.0,0.4–4.0,mIU/L,Normal,1.2–3.1,nmol/L,Normal,66–181,nmol/L,Normal,1.0–4.0,Index,High
3531,71,Male,3.2,1.8,86.0,106.0,0.4–4.0,mIU/L,Normal,1.2–3.1,nmol/L,Normal,66–181,nmol/L,Normal,1.0–4.0,Index,High
3532,78,Female,1.3,1.9,126.0,141.0,0.4–4.0,mIU/L,Normal,1.2–3.1,nmol/L,Normal,66–181,nmol/L,Normal,1.0–4.0,Index,High
3533,50,Female,117.0,0.4,17.0,15.0,0.4–4.0,mIU/L,High,1.2–3.1,nmol/L,Low,66–181,nmol/L,Low,1.0–4.0,Index,High
3534,68,Female,24.0,1.3,84.0,102.0,0.4–4.0,mIU/L,High,1.2–3.1,nmol/L,Normal,66–181,nmol/L,Normal,1.0–4.0,Index,High
3535,66,Female,1.1,1.8,135.0,124.0,0.4–4.0,mIU/L,Normal,1.2–3.1,nmol/L,Normal,66–181,nmol/L,Normal,1.0–4.0,Index,High
3536,66,Female,1.2,2.3,133.0,113.0,0.4–4.0,mIU/L,Normal,1.2–3.1,nmol/L,Normal,66–181,nmol/L,Normal,1.0–4.0,Index,High
3537,44,Female,2.3,2.3,118.0,117.0,0.4–4.0,mIU/L,Normal,1.2–3.1,nmol/L,Normal,66–181,nmol/L,Normal,1.0–4.0,Index,High
3538,38,Male,0.73,2.4,135.0,129.0,0.4–4.0,mIU/L,Normal,1.2–3.1,nmol/L,Normal,66–181,nmol/L,Normal,1.0–4.0,Index,High
3539,34,Male,0.88,3.0,69.0,102.0,0.4–4.0,mIU/L,Normal,1.2–3.1,nmol/L,Normal,66–181,nmol/L,Normal,1.0–4.0,Index,High
3540,25,Male,1.2,2.6,121.0,125.0,0.4–4.0,mIU/L,Normal,1.2–3.1,nmol/L,Normal,66–181,nmol/L,Normal,1.0–4.0,Index,High
3541,50,Female,89.0,0.2,10.0,9.0,0.4–4.0,mIU/L,High,1.2–3.1,nmol/L,Low,66–181,nmol/L,Low,1.0–4.0,Index,High
3542,50,Female,7.6,1.7,128.0,118.0,0.4–4.0,mIU/L,High,1.2–3.1,nmol/L,Normal,66–181,nmol/L,Normal,1.0–4.0,Index,High
3543,68,Female,1.5,2.3,117.0,113.0,0.4–4.0,mIU/L,Normal,1.2–3.1,nmol/L,Normal,66–181,nmol/L,Normal,1.0–4.0,Index,High
3544,71,Male,38.0,0.4,37.0,50.0,0.4–4.0,mIU/L,High,1.2–3.1,nmol/L,Low,66–181,nmol/L,Low,1.0–4.0,Index,High
3545,69,Female,0.8,0.6,82.0,179.0,0.4–4.0,mIU/L,Normal,1.2–3.1,nmol/L,Low,66–181,nmol/L,Normal,1.0–4.0,Index,High
3546,37,Female,0.61,1.6,116.0,127.0,0.4–4.0,mIU/L,Normal,1.2–3.1,nmol/L,Normal,66–181,nmol/L,Normal,1.0–4.0,Index,High
3547,50,Female,76.0,0.5,22.0,19.0,0.4–4.0,mIU/L,High,1.2–3.1,nmol/L,Low,66–181,nmol/L,Low,1.0–4.0,Index,High
3548,39,Female,43.0,1.6,63.0,75.0,0.4–4.0,mIU/L,High,1.2–3.1,nmol/L,Normal,66–181,nmol/L,Low,1.0–4.0,Index,High
3549,70,Female,0.69,1.9,129.0,126.0,0.4–4.0,mIU/L,Normal,1.2–3.1,nmol/L,Normal,66–181,nmol/L,Normal,1.0–4.0,Index,High
3550,44,Female,2.5,1.6,119.0,110.0,0.4–4.0,mIU/L,Normal,1.2–3.1,nmol/L,Normal,66–181,nmol/L,Normal,1.0–4.0,Index,High
3551,50,Female,4.8,0.6,98.0,122.0,0.4–4.0,mIU/L,High,1.2–3.1,nmol/L,Low,66–181,nmol/L,Normal,1.0–4.0,Index,High
3552,69,Female,6.2,1.9,89.0,95.0,0.4–4.0,mIU/L,High,1.2–3.1,nmol/L,Normal,66–181,nmol/L,Normal,1.0–4.0,Index,High
3553,63,Male,5.8,1.9,102.0,87.0,0.4–4.0,mIU/L,High,1.2–3.1,nmol/L,Normal,66–181,nmol/L,Normal,1.0–4.0,Index,High
3554,60,Female,0.48,1.7,88.0,105.0,0.4–4.0,mIU/L,Normal,1.2–3.1,nmol/L,Normal,66–181,nmol/L,Normal,1.0–4.0,Index,High
3555,41,Female,4.1,2.0,127.0,122.0,0.4–4.0,mIU/L,High,1.2–3.1,nmol/L,Normal,66–181,nmol/L,Normal,1.0–4.0,Index,High
3556,54,,2.7,1.9,111.0,112.0,0.4–4.0,mIU/L,Normal,1.2–3.1,nmol/L,Normal,66–181,nmol/L,Normal,1.0–4.0,Index,High
3557,71,Female,1.6,0.3,73.0,81.0,0.4–4.0,mIU/L,Normal,1.2–3.1,nmol/L,Low,66–181,nmol/L,Normal,1.0–4.0,Index,High
3558,19,Female,4.0,2.9,122.0,119.0,0.4–4.0,mIU/L,Normal,1.2–3.1,nmol/L,Normal,66–181,nmol/L,Normal,1.0–4.0,Index,High
3559,48,Male,2.4,2.0,66.0,89.0,0.4–4.0,mIU/L,Normal,1.2–3.1,nmol/L,Normal,66–181,nmol/L,Normal,1.0–4.0,Index,High
3560,59,Male,0.1,2.0,102.0,125.0,0.4–4.0,mIU/L,Low,1.2–3.1,nmol/L,Normal,66–181,nmol/L,Normal,1.0–4.0,Index,High
3561,44,Male,41.0,1.5,48.0,41.0,0.4–4.0,mIU/L,High,1.2–3.1,nmol/L,Normal,66–181,nmol/L,Low,1.0–4.0,Index,High
3562,16,Female,2.7,1.9,112.0,89.0,0.4–4.0,mIU/L,Normal,1.2–3.1,nmol/L,Normal,66–181,nmol/L,Normal,1.0–4.0,Index,High
3563,75,Female,4.5,1.1,132.0,131.0,0.4–4.0,mIU/L,High,1.2–3.1,nmol/L,Low,66–181,nmol/L,Normal,1.0–4.0,Index,High
3564,70,Female,34.0,1.5,88.0,83.0,0.4–4.0,mIU/L,High,1.2–3.1,nmol/L,Normal,66–181,nmol/L,Normal,1.0–4.0,Index,High
3565,34,Male,0.83,2.4,114.0,112.0,0.4–4.0,mIU/L,Normal,1.2–3.1,nmol/L,Normal,66–181,nmol/L,Normal,1.0–4.0,Index,High
3566,33,Male,1.0,1.4,88.0,113.0,0.4–4.0,mIU/L,Normal,1.2–3.1,nmol/L,Normal,66–181,nmol/L,Normal,1.0–4.0,Index,High
3567,76,Female,1.8,1.2,65.0,86.0,0.4–4.0,mIU/L,Normal,1.2–3.1,nmol/L,Normal,66–181,nmol/L,Low,1.0–4.0,Index,High
3568,67,Female,2.0,2.5,133.0,112.0,0.4–4.0,mIU/L,Normal,1.2–3.1,nmol/L,Normal,66–181,nmol/L,Normal,1.0–4.0,Index,High
3569,78,Female,0.99,1.7,114.0,119.0,0.4–4.0,mIU/L,Normal,1.2–3.1,nmol/L,Normal,66–181,nmol/L,Normal,1.0–4.0,Index,High
3570,62,Male,13.0,1.1,87.0,107.0,0.4–4.0,mIU/L,High,1.2–3.1,nmol/L,Low,66–181,nmol/L,Normal,1.0–4.0,Index,High
3571,62,Female,6.5,1.8,97.0,76.0,0.4–4.0,mIU/L,High,1.2–3.1,nmol/L,Normal,66–181,nmol/L,Normal,1.0–4.0,Index,High
3572,55,Female,1.2,2.4,95.0,90.0,0.4–4.0,mIU/L,Normal,1.2–3.1,nmol/L,Normal,66–181,nmol/L,Normal,1.0–4.0,Index,High
3573,55,Female,1.9,2.3,98.0,95.0,0.4–4.0,mIU/L,Normal,1.2–3.1,nmol/L,Normal,66–181,nmol/L,Normal,1.0–4.0,Index,High
3574,35,Female,31.0,2.6,46.0,46.0,0.4–4.0,mIU/L,High,1.2–3.1,nmol/L,Normal,66–181,nmol/L,Low,1.0–4.0,Index,High
3575,35,Female,0.93,2.8,155.0,153.0,0.4–4.0,mIU/L,Normal,1.2–3.1,nmol/L,Normal,66–181,nmol/L,Normal,1.0–4.0,Index,High
3576,50,Female,2.8,1.6,105.0,131.0,0.4–4.0,mIU/L,Normal,1.2–3.1,nmol/L,Normal,66–181,nmol/L,Normal,1.0–4.0,Index,High
3577,78,Female,0.58,2.2,92.0,96.0,0.4–4.0,mIU/L,Normal,1.2–3.1,nmol/L,Normal,66–181,nmol/L,Normal,1.0–4.0,Index,High
3578,78,Female,0.77,1.9,113.0,110.0,0.4–4.0,mIU/L,Normal,1.2–3.1,nmol/L,Normal,66–181,nmol/L,Normal,1.0–4.0,Index,High
3579,58,Female,4.2,2.1,83.0,69.0,0.4–4.0,mIU/L,High,1.2–3.1,nmol/L,Normal,66–181,nmol/L,Normal,1.0–4.0,Index,High
3580,58,,0.01,3.3,129.0,105.0,0.4–4.0,mIU/L,Low,1.2–3.1,nmol/L,High,66–181,nmol/L,Normal,1.0–4.0,Index,High
3581,61,,0.01,2.1,159.0,140.0,0.4–4.0,mIU/L,Low,1.2–3.1,nmol/L,Normal,66–181,nmol/L,Normal,1.0–4.0,Index,High
3582,39,Male,1.6,1.8,114.0,120.0,0.4–4.0,mIU/L,Normal,1.2–3.1,nmol/L,Normal,66–181,nmol/L,Normal,1.0–4.0,Index,High
3583,87,Female,2.5,1.7,140.0,147.0,0.4–4.0,mIU/L,Normal,1.2–3.1,nmol/L,Normal,66–181,nmol/L,Normal,1.0–4.0,Index,High
3584,63,,5.8,1.3,92.0,98.0,0.4–4.0,mIU/L,High,1.2–3.1,nmol/L,Normal,66–181,nmol/L,Normal,1.0–4.0,Index,High
3585,63,,0.43,2.9,118.0,83.0,0.4–4.0,mIU/L,Normal,1.2–3.1,nmol/L,Normal,66–181,nmol/L,Normal,1.0–4.0,Index,High
3586,62,Female,6.6,2.2,99.0,85.0,0.4–4.0,mIU/L,High,1.2–3.1,nmol/L,Normal,66–181,nmol/L,Normal,1.0–4.0,Index,High
3587,56,Female,0.3,2.8,141.0,142.0,0.4–4.0,mIU/L,Low,1.2–3.1,nmol/L,Normal,66–181,nmol/L,Normal,1.0–4.0,Index,High
3588,60,Male,98.0,0.4,5.8,7.0,0.4–4.0,mIU/L,High,1.2–3.1,nmol/L,Low,66–181,nmol/L,Low,1.0–4.0,Index,High
3589,19,,5.7,1.9,104.0,94.0,0.4–4.0,mIU/L,High,1.2–3.1,nmol/L,Normal,66–181,nmol/L,Normal,1.0–4.0,Index,High
3590,54,Female,2.1,2.5,128.0,114.0,0.4–4.0,mIU/L,Normal,1.2–3.1,nmol/L,Normal,66–181,nmol/L,Normal,1.0–4.0,Index,High
3591,74,Female,6.3,1.7,146.0,119.0,0.4–4.0,mIU/L,High,1.2–3.1,nmol/L,Normal,66–181,nmol/L,Normal,1.0–4.0,Index,High
3592,80,Male,1.3,2.8,225.0,134.0,0.4–4.0,mIU/L,Normal,1.2–3.1,nmol/L,Normal,66–181,nmol/L,High,1.0–4.0,Index,High
3593,66,Female,0.42,1.9,153.0,147.0,0.4–4.0,mIU/L,Normal,1.2–3.1,nmol/L,Normal,66–181,nmol/L,Normal,1.0–4.0,Index,High
3594,71,Female,0.09,2.5,167.0,140.0,0.4–4.0,mIU/L,Low,1.2–3.1,nmol/L,Normal,66–181,nmol/L,Normal,1.0–4.0,Index,High
3595,39,Female,2.0,2.3,102.0,88.0,0.4–4.0,mIU/L,Normal,1.2–3.1,nmol/L,Normal,66–181,nmol/L,Normal,1.0–4.0,Index,High
3596,62,Male,4.2,2.2,104.0,93.0,0.4–4.0,mIU/L,High,1.2–3.1,nmol/L,Normal,66–181,nmol/L,Normal,1.0–4.0,Index,High
3597,69,Female,2.0,1.7,109.0,117.0,0.4–4.0,mIU/L,Normal,1.2–3.1,nmol/L,Normal,66–181,nmol/L,Normal,1.0–4.0,Index,High
3598,19,Female,3.7,3.0,68.0,80.0,0.4–4.0,mIU/L,Normal,1.2–3.1,nmol/L,Normal,66–181,nmol/L,Normal,1.0–4.0,Index,High
3599,63,Female,4.5,1.5,93.0,107.0,0.4–4.0,mIU/L,High,1.2–3.1,nmol/L,Normal,66–181,nmol/L,Normal,1.0–4.0,Index,High
3600,69,Female,0.01,2.4,127.0,152.0,0.4–4.0,mIU/L,Low,1.2–3.1,nmol/L,Normal,66–181,nmol/L,Normal,1.0–4.0,Index,High
3601,24,Female,1.3,1.8,95.0,116.0,0.4–4.0,mIU/L,Normal,1.2–3.1,nmol/L,Normal,66–181,nmol/L,Normal,1.0–4.0,Index,High
3602,60,Male,5.8,1.8,98.0,112.0,0.4–4.0,mIU/L,High,1.2–3.1,nmol/L,Normal,66–181,nmol/L,Normal,1.0–4.0,Index,High
3603,21,Female,2.2,1.5,78.0,88.0,0.4–4.0,mIU/L,Normal,1.2–3.1,nmol/L,Normal,66–181,nmol/L,Normal,1.0–4.0,Index,High
3604,40,Male,0.65,1.7,101.0,109.0,0.4–4.0,mIU/L,Normal,1.2–3.1,nmol/L,Normal,66–181,nmol/L,Normal,1.0–4.0,Index,High
3605,45,Female,0.94,2.0,102.0,119.0,0.4–4.0,mIU/L,Normal,1.2–3.1,nmol/L,Normal,66–181,nmol/L,Normal,1.0–4.0,Index,High
3606,41,Female,3.1,2.5,149.0,137.0,0.4–4.0,mIU/L,Normal,1.2–3.1,nmol/L,Normal,66–181,nmol/L,Normal,1.0–4.0,Index,High
3607,38,Female,0.71,4.3,129.0,79.0,0.4–4.0,mIU/L,Normal,1.2–3.1,nmol/L,High,66–181,nmol/L,Normal,1.0–4.0,Index,High
3608,15,Female,0.015,6.0,250.0,312.0,0.4–4.0,mIU/L,Low,1.2–3.1,nmol/L,High,66–181,nmol/L,High,1.0–4.0,Index,High
3609,61,Female,0.73,1.7,160.0,149.0,0.4–4.0,mIU/L,Normal,1.2–3.1,nmol/L,Normal,66–181,nmol/L,Normal,1.0–4.0,Index,High
3610,73,Male,0.79,1.5,110.0,125.0,0.4–4.0,mIU/L,Normal,1.2–3.1,nmol/L,Normal,66–181,nmol/L,Normal,1.0–4.0,Index,High
3611,79,Female,1.4,1.6,121.0,107.0,0.4–4.0,mIU/L,Normal,1.2–3.1,nmol/L,Normal,66–181,nmol/L,Normal,1.0–4.0,Index,High
3612,24,Female,3.7,2.3,100.0,90.0,0.4–4.0,mIU/L,Normal,1.2–3.1,nmol/L,Normal,66–181,nmol/L,Normal,1.0–4.0,Index,High
3613,73,Male,1.4,0.8,61.0,124.0,0.4–4.0,mIU/L,Normal,1.2–3.1,nmol/L,Low,66–181,nmol/L,Low,1.0–4.0,Index,High
3614,67,Female,0.52,1.4,129.0,134.0,0.4–4.0,mIU/L,Normal,1.2–3.1,nmol/L,Normal,66–181,nmol/L,Normal,1.0–4.0,Index,High
3615,67,Female,51.0,0.4,12.0,10.0,0.4–4.0,mIU/L,High,1.2–3.1,nmol/L,Low,66–181,nmol/L,Low,1.0–4.0,Index,High
3616,44,Male,45.0,1.4,39.0,33.0,0.4–4.0,mIU/L,High,1.2–3.1,nmol/L,Normal,66–181,nmol/L,Low,1.0–4.0,Index,High
3617,57,Female,0.02,3.4,136.0,185.0,0.4–4.0,mIU/L,Low,1.2–3.1,nmol/L,High,66–181,nmol/L,Normal,1.0–4.0,Index,High
3618,53,Female,0.02,4.3,250.0,247.0,0.4–4.0,mIU/L,Low,1.2–3.1,nmol/L,High,66–181,nmol/L,High,1.0–4.0,Index,High
3619,73,,0.015,1.8,173.0,173.0,0.4–4.0,mIU/L,Low,1.2–3.1,nmol/L,Normal,66–181,nmol/L,Normal,1.0–4.0,Index,High
3620,50,Female,1.3,2.0,94.0,98.0,0.4–4.0,mIU/L,Normal,1.2–3.1,nmol/L,Normal,66–181,nmol/L,Normal,1.0–4.0,Index,High
3621,28,Female,139.0,0.9,36.0,40.0,0.4–4.0,mIU/L,High,1.2–3.1,nmol/L,Low,66–181,nmol/L,Low,1.0–4.0,Index,High
3622,25,Male,1.3,1.5,96.0,121.0,0.4–4.0,mIU/L,Normal,1.2–3.1,nmol/L,Normal,66–181,nmol/L,Normal,1.0–4.0,Index,High
3623,45,Female,0.42,1.9,109.0,138.0,0.4–4.0,mIU/L,Normal,1.2–3.1,nmol/L,Normal,66–181,nmol/L,Normal,1.0–4.0,Index,High
3624,22,Female,1.2,1.9,92.0,105.0,0.4–4.0,mIU/L,Normal,1.2–3.1,nmol/L,Normal,66–181,nmol/L,Normal,1.0–4.0,Index,High
3625,64,Female,3.3,1.5,102.0,108.0,0.4–4.0,mIU/L,Normal,1.2–3.1,nmol/L,Normal,66–181,nmol/L,Normal,1.0–4.0,Index,High
3626,33,Male,1.9,2.1,69.0,93.0,0.4–4.0,mIU/L,Normal,1.2–3.1,nmol/L,Normal,66–181,nmol/L,Normal,1.0–4.0,Index,High
3627,71,,0.02,1.0,120.0,213.0,0.4–4.0,mIU/L,Low,1.2–3.1,nmol/L,Low,66–181,nmol/L,Normal,1.0–4.0,Index,High
3628,67,Female,1.7,1.8,143.0,164.0,0.4–4.0,mIU/L,Normal,1.2–3.1,nmol/L,Normal,66–181,nmol/L,Normal,1.0–4.0,Index,High
3629,27,Male,0.85,2.3,141.0,125.0,0.4–4.0,mIU/L,Normal,1.2–3.1,nmol/L,Normal,66–181,nmol/L,Normal,1.0–4.0,Index,High
3630,65,Male,2.7,2.3,100.0,90.0,0.4–4.0,mIU/L,Normal,1.2–3.1,nmol/L,Normal,66–181,nmol/L,Normal,1.0–4.0,Index,High
3631,81,Female,1.9,1.5,71.0,91.0,0.4–4.0,mIU/L,Normal,1.2–3.1,nmol/L,Normal,66–181,nmol/L,Normal,1.0–4.0,Index,High
3632,73,Male,3.9,0.9,62.0,115.0,0.4–4.0,mIU/L,Normal,1.2–3.1,nmol/L,Low,66–181,nmol/L,Low,1.0–4.0,Index,High
3633,51,,2.1,2.0,96.0,101.0,0.4–4.0,mIU/L,Normal,1.2–3.1,nmol/L,Normal,66–181,nmol/L,Normal,1.0–4.0,Index,High
3634,65,Female,1.4,1.7,141.0,123.0,0.4–4.0,mIU/L,Normal,1.2–3.1,nmol/L,Normal,66–181,nmol/L,Normal,1.0–4.0,Index,High
3635,62,Male,3.5,2.0,67.0,92.0,0.4–4.0,mIU/L,Normal,1.2–3.1,nmol/L,Normal,66–181,nmol/L,Normal,1.0–4.0,Index,High
3636,78,Female,0.35,2.0,93.0,90.0,0.4–4.0,mIU/L,Low,1.2–3.1,nmol/L,Normal,66–181,nmol/L,Normal,1.0–4.0,Index,High
3637,30,Female,2.5,2.2,99.0,96.0,0.4–4.0,mIU/L,Normal,1.2–3.1,nmol/L,Normal,66–181,nmol/L,Normal,1.0–4.0,Index,High
3638,67,Female,0.42,1.4,140.0,143.0,0.4–4.0,mIU/L,Normal,1.2–3.1,nmol/L,Normal,66–181,nmol/L,Normal,1.0–4.0,Index,High
3639,65,Female,1.7,2.3,101.0,106.0,0.4–4.0,mIU/L,Normal,1.2–3.1,nmol/L,Normal,66–181,nmol/L,Normal,1.0–4.0,Index,High
3640,25,Female,1.4,1.6,78.0,89.0,0.4–4.0,mIU/L,Normal,1.2–3.1,nmol/L,Normal,66–181,nmol/L,Normal,1.0–4.0,Index,High
3641,67,Female,1.7,1.9,103.0,104.0,0.4–4.0,mIU/L,Normal,1.2–3.1,nmol/L,Normal,66–181,nmol/L,Normal,1.0–4.0,Index,High
3642,79,Female,1.1,1.7,111.0,108.0,0.4–4.0,mIU/L,Normal,1.2–3.1,nmol/L,Normal,66–181,nmol/L,Normal,1.0–4.0,Index,High
3643,73,Female,4.6,0.8,91.0,106.0,0.4–4.0,mIU/L,High,1.2–3.1,nmol/L,Low,66–181,nmol/L,Normal,1.0–4.0,Index,High
3644,55,Male,1.6,1.6,114.0,123.0,0.4–4.0,mIU/L,Normal,1.2–3.1,nmol/L,Normal,66–181,nmol/L,Normal,1.0–4.0,Index,High
3645,44,Female,0.7,1.9,108.0,103.0,0.4–4.0,mIU/L,Normal,1.2–3.1,nmol/L,Normal,66–181,nmol/L,Normal,1.0–4.0,Index,High
3646,24,Male,1.3,1.7,106.0,106.0,0.4–4.0,mIU/L,Normal,1.2–3.1,nmol/L,Normal,66–181,nmol/L,Normal,1.0–4.0,Index,High
3647,37,Male,1.1,2.4,106.0,109.0,0.4–4.0,mIU/L,Normal,1.2–3.1,nmol/L,Normal,66–181,nmol/L,Normal,1.0–4.0,Index,High
3648,48,Female,0.77,1.1,81.0,95.0,0.4–4.0,mIU/L,Normal,1.2–3.1,nmol/L,Low,66–181,nmol/L,Normal,1.0–4.0,Index,High
3649,34,Female,4.1,4.0,159.0,98.0,0.4–4.0,mIU/L,High,1.2–3.1,nmol/L,High,66–181,nmol/L,Normal,1.0–4.0,Index,High
3650,47,Female,1.9,1.7,98.0,90.0,0.4–4.0,mIU/L,Normal,1.2–3.1,nmol/L,Normal,66–181,nmol/L,Normal,1.0–4.0,Index,High
3651,18,Female,0.83,2.9,68.0,58.0,0.4–4.0,mIU/L,Normal,1.2–3.1,nmol/L,Normal,66–181,nmol/L,Normal,1.0–4.0,Index,High
3652,30,Female,0.71,3.1,125.0,90.0,0.4–4.0,mIU/L,Normal,1.2–3.1,nmol/L,Normal,66–181,nmol/L,Normal,1.0–4.0,Index,High
3653,62,Female,3.3,2.0,116.0,110.0,0.4–4.0,mIU/L,Normal,1.2–3.1,nmol/L,Normal,66–181,nmol/L,Normal,1.0–4.0,Index,High
3654,79,Female,2.3,0.4,73.0,122.0,0.4–4.0,mIU/L,Normal,1.2–3.1,nmol/L,Low,66–181,nmol/L,Normal,1.0–4.0,Index,High
3655,73,Male,3.2,1.5,69.0,86.0,0.4–4.0,mIU/L,Normal,1.2–3.1,nmol/L,Normal,66–181,nmol/L,Normal,1.0–4.0,Index,High
3656,18,,1.5,2.6,86.0,94.0,0.4–4.0,mIU/L,Normal,1.2–3.1,nmol/L,Normal,66–181,nmol/L,Normal,1.0–4.0,Index,High
3657,53,Female,0.06,1.9,135.0,132.0,0.4–4.0,mIU/L,Low,1.2–3.1,nmol/L,Normal,66–181,nmol/L,Normal,1.0–4.0,Index,High
3658,32,Female,0.64,1.7,102.0,134.0,0.4–4.0,mIU/L,Normal,1.2–3.1,nmol/L,Normal,66–181,nmol/L,Normal,1.0–4.0,Index,High
3659,46,Female,1.5,1.6,125.0,118.0,0.4–4.0,mIU/L,Normal,1.2–3.1,nmol/L,Normal,66–181,nmol/L,Normal,1.0–4.0,Index,High
3660,59,Male,2.0,2.4,94.0,98.0,0.4–4.0,mIU/L,Normal,1.2–3.1,nmol/L,Normal,66–181,nmol/L,Normal,1.0–4.0,Index,High
3661,63,Female,1.8,2.0,152.0,129.0,0.4–4.0,mIU/L,Normal,1.2–3.1,nmol/L,Normal,66–181,nmol/L,Normal,1.0–4.0,Index,High
3662,33,Male,1.2,2.2,118.0,132.0,0.4–4.0,mIU/L,Normal,1.2–3.1,nmol/L,Normal,66–181,nmol/L,Normal,1.0–4.0,Index,High
3663,33,Female,1.0,0.2,87.0,161.0,0.4–4.0,mIU/L,Normal,1.2–3.1,nmol/L,Low,66–181,nmol/L,Normal,1.0–4.0,Index,High
3664,46,Male,2.1,3.2,160.0,105.0,0.4–4.0,mIU/L,Normal,1.2–3.1,nmol/L,High,66–181,nmol/L,Normal,1.0–4.0,Index,High
3665,52,Male,1.0,1.9,88.0,110.0,0.4–4.0,mIU/L,Normal,1.2–3.1,nmol/L,Normal,66–181,nmol/L,Normal,1.0–4.0,Index,High
3666,52,Female,0.97,2.3,125.0,117.0,0.4–4.0,mIU/L,Normal,1.2–3.1,nmol/L,Normal,66–181,nmol/L,Normal,1.0–4.0,Index,High
3667,52,Male,0.015,2.7,122.0,147.0,0.4–4.0,mIU/L,Low,1.2–3.1,nmol/L,Normal,66–181,nmol/L,Normal,1.0–4.0,Index,High
3668,53,Female,183.0,1.4,14.0,11.0,0.4–4.0,mIU/L,High,1.2–3.1,nmol/L,Normal,66–181,nmol/L,Low,1.0–4.0,Index,High
3669,53,Male,0.63,1.6,115.0,128.0,0.4–4.0,mIU/L,Normal,1.2–3.1,nmol/L,Normal,66–181,nmol/L,Normal,1.0–4.0,Index,High
3670,53,Male,0.51,2.4,124.0,129.0,0.4–4.0,mIU/L,Normal,1.2–3.1,nmol/L,Normal,66–181,nmol/L,Normal,1.0–4.0,Index,High
3671,71,Female,4.7,1.7,93.0,94.0,0.4–4.0,mIU/L,High,1.2–3.1,nmol/L,Normal,66–181,nmol/L,Normal,1.0–4.0,Index,High
3672,50,Female,0.54,1.8,160.0,146.0,0.4–4.0,mIU/L,Normal,1.2–3.1,nmol/L,Normal,66–181,nmol/L,Normal,1.0–4.0,Index,High
3673,59,Female,0.015,2.2,164.0,162.0,0.4–4.0,mIU/L,Low,1.2–3.1,nmol/L,Normal,66–181,nmol/L,Normal,1.0–4.0,Index,High
3674,37,,0.72,2.8,110.0,111.0,0.4–4.0,mIU/L,Normal,1.2–3.1,nmol/L,Normal,66–181,nmol/L,Normal,1.0–4.0,Index,High
3675,72,Female,0.74,1.0,82.0,95.0,0.4–4.0,mIU/L,Normal,1.2–3.1,nmol/L,Low,66–181,nmol/L,Normal,1.0–4.0,Index,High
3676,73,Female,0.01,3.4,133.0,159.0,0.4–4.0,mIU/L,Low,1.2–3.1,nmol/L,High,66–181,nmol/L,Normal,1.0–4.0,Index,High
3677,46,Female,0.02,1.9,116.0,129.0,0.4–4.0,mIU/L,Low,1.2–3.1,nmol/L,Normal,66–181,nmol/L,Normal,1.0–4.0,Index,High
3678,52,Female,5.5,2.0,95.0,88.0,0.4–4.0,mIU/L,High,1.2–3.1,nmol/L,Normal,66–181,nmol/L,Normal,1.0–4.0,Index,High
3679,46,Female,0.5,1.7,132.0,130.0,0.4–4.0,mIU/L,Normal,1.2–3.1,nmol/L,Normal,66–181,nmol/L,Normal,1.0–4.0,Index,High
3680,65,Female,2.8,1.8,107.0,98.0,0.4–4.0,mIU/L,Normal,1.2–3.1,nmol/L,Normal,66–181,nmol/L,Normal,1.0–4.0,Index,High
3681,74,,0.33,2.3,99.0,101.0,0.4–4.0,mIU/L,Low,1.2–3.1,nmol/L,Normal,66–181,nmol/L,Normal,1.0–4.0,Index,High
3682,74,Male,0.73,2.3,122.0,152.0,0.4–4.0,mIU/L,Normal,1.2–3.1,nmol/L,Normal,66–181,nmol/L,Normal,1.0–4.0,Index,High
3683,42,Female,7.6,2.3,131.0,113.0,0.4–4.0,mIU/L,High,1.2–3.1,nmol/L,Normal,66–181,nmol/L,Normal,1.0–4.0,Index,High
3684,67,Female,2.8,1.8,143.0,157.0,0.4–4.0,mIU/L,Normal,1.2–3.1,nmol/L,Normal,66–181,nmol/L,Normal,1.0–4.0,Index,High
3685,27,Female,2.2,2.3,105.0,109.0,0.4–4.0,mIU/L,Normal,1.2–3.1,nmol/L,Normal,66–181,nmol/L,Normal,1.0–4.0,Index,High
3686,38,Male,2.0,1.9,139.0,145.0,0.4–4.0,mIU/L,Normal,1.2–3.1,nmol/L,Normal,66–181,nmol/L,Normal,1.0–4.0,Index,High
3687,68,Male,3.7,0.6,65.0,74.0,0.4–4.0,mIU/L,Normal,1.2–3.1,nmol/L,Low,66–181,nmol/L,Low,1.0–4.0,Index,High
3688,44,Female,1.8,1.9,118.0,110.0,0.4–4.0,mIU/L,Normal,1.2–3.1,nmol/L,Normal,66–181,nmol/L,Normal,1.0–4.0,Index,High
3689,55,Female,0.28,2.1,116.0,102.0,0.4–4.0,mIU/L,Low,1.2–3.1,nmol/L,Normal,66–181,nmol/L,Normal,1.0–4.0,Index,High
3690,55,Female,0.01,2.2,172.0,157.0,0.4–4.0,mIU/L,Low,1.2–3.1,nmol/L,Normal,66–181,nmol/L,Normal,1.0–4.0,Index,High
3691,47,Female,0.01,4.2,214.0,148.0,0.4–4.0,mIU/L,Low,1.2–3.1,nmol/L,High,66–181,nmol/L,High,1.0–4.0,Index,High
3692,59,Female,1.8,2.9,123.0,94.0,0.4–4.0,mIU/L,Normal,1.2–3.1,nmol/L,Normal,66–181,nmol/L,Normal,1.0–4.0,Index,High
3693,48,Female,0.42,2.5,93.0,82.0,0.4–4.0,mIU/L,Normal,1.2–3.1,nmol/L,Normal,66–181,nmol/L,Normal,1.0–4.0,Index,High
3694,68,Female,0.02,2.2,142.0,143.0,0.4–4.0,mIU/L,Low,1.2–3.1,nmol/L,Normal,66–181,nmol/L,Normal,1.0–4.0,Index,High
3695,20,Female,2.6,3.3,121.0,112.0,0.4–4.0,mIU/L,Normal,1.2–3.1,nmol/L,High,66–181,nmol/L,Normal,1.0–4.0,Index,High
3696,59,Female,4.1,3.1,110.0,104.0,0.4–4.0,mIU/L,High,1.2–3.1,nmol/L,Normal,66–181,nmol/L,Normal,1.0–4.0,Index,High
3697,77,Male,0.37,1.7,140.0,182.0,0.4–4.0,mIU/L,Low,1.2–3.1,nmol/L,Normal,66–181,nmol/L,Normal,1.0–4.0,Index,High
3698,68,Male,2.4,1.6,83.0,93.0,0.4–4.0,mIU/L,Normal,1.2–3.1,nmol/L,Normal,66–181,nmol/L,Normal,1.0–4.0,Index,High
3699,66,,0.19,1.4,97.0,111.0,0.4–4.0,mIU/L,Low,1.2–3.1,nmol/L,Normal,66–181,nmol/L,Normal,1.0–4.0,Index,High
3700,76,Female,2.0,1.4,107.0,139.0,0.4–4.0,mIU/L,Normal,1.2–3.1,nmol/L,Normal,66–181,nmol/L,Normal,1.0–4.0,Index,High
3701,63,Male,2.4,1.1,124.0,145.0,0.4–4.0,mIU/L,Normal,1.2–3.1,nmol/L,Low,66–181,nmol/L,Normal,1.0–4.0,Index,High
3702,39,Male,0.93,2.6,130.0,115.0,0.4–4.0,mIU/L,Normal,1.2–3.1,nmol/L,Normal,66–181,nmol/L,Normal,1.0–4.0,Index,High
3703,77,Female,4.1,2.1,98.0,87.0,0.4–4.0,mIU/L,High,1.2–3.1,nmol/L,Normal,66–181,nmol/L,Normal,1.0–4.0,Index,High
3704,65,Female,0.015,3.1,168.0,171.0,0.4–4.0,mIU/L,Low,1.2–3.1,nmol/L,Normal,66–181,nmol/L,Normal,1.0–4.0,Index,High
3705,29,Female,1.6,2.2,87.0,92.0,0.4–4.0,mIU/L,Normal,1.2–3.1,nmol/L,Normal,66–181,nmol/L,Normal,1.0–4.0,Index,High
3706,65,Male,2.3,1.3,157.0,172.0,0.4–4.0,mIU/L,Normal,1.2–3.1,nmol/L,Normal,66–181,nmol/L,Normal,1.0–4.0,Index,High
3707,23,Male,1.4,2.0,156.0,134.0,0.4–4.0,mIU/L,Normal,1.2–3.1,nmol/L,Normal,66–181,nmol/L,Normal,1.0–4.0,Index,High
3708,78,Male,2.9,1.9,90.0,93.0,0.4–4.0,mIU/L,Normal,1.2–3.1,nmol/L,Normal,66–181,nmol/L,Normal,1.0–4.0,Index,High
3709,24,Male,0.77,2.8,110.0,121.0,0.4–4.0,mIU/L,Normal,1.2–3.1,nmol/L,Normal,66–181,nmol/L,Normal,1.0–4.0,Index,High
3710,26,Female,1.2,2.5,114.0,104.0,0.4–4.0,mIU/L,Normal,1.2–3.1,nmol/L,Normal,66–181,nmol/L,Normal,1.0–4.0,Index,High
3711,61,Male,2.0,1.7,107.0,107.0,0.4–4.0,mIU/L,Normal,1.2–3.1,nmol/L,Normal,66–181,nmol/L,Normal,1.0–4.0,Index,High
3712,22,Male,1.9,2.1,76.0,96.0,0.4–4.0,mIU/L,Normal,1.2–3.1,nmol/L,Normal,66–181,nmol/L,Normal,1.0–4.0,Index,High
3713,72,Female,1.3,1.0,101.0,127.0,0.4–4.0,mIU/L,Normal,1.2–3.1,nmol/L,Low,66–181,nmol/L,Normal,1.0–4.0,Index,High
3714,26,Male,0.25,1.8,120.0,140.0,0.4–4.0,mIU/L,Low,1.2–3.1,nmol/L,Normal,66–181,nmol/L,Normal,1.0–4.0,Index,High
3715,74,Male,2.0,2.2,109.0,119.0,0.4–4.0,mIU/L,Normal,1.2–3.1,nmol/L,Normal,66–181,nmol/L,Normal,1.0–4.0,Index,High
3716,65,Female,0.015,1.9,88.0,109.0,0.4–4.0,mIU/L,Low,1.2–3.1,nmol/L,Normal,66–181,nmol/L,Normal,1.0–4.0,Index,High
3717,56,Female,5.0,1.7,60.0,78.0,0.4–4.0,mIU/L,High,1.2–3.1,nmol/L,Normal,66–181,nmol/L,Low,1.0–4.0,Index,High
3718,21,,2.4,3.5,171.0,115.0,0.4–4.0,mIU/L,Normal,1.2–3.1,nmol/L,High,66–181,nmol/L,Normal,1.0–4.0,Index,High
3719,81,Female,3.9,1.8,131.0,133.0,0.4–4.0,mIU/L,Normal,1.2–3.1,nmol/L,Normal,66–181,nmol/L,Normal,1.0–4.0,Index,High
3720,28,Male,1.7,2.1,142.0,133.0,0.4–4.0,mIU/L,Normal,1.2–3.1,nmol/L,Normal,66–181,nmol/L,Normal,1.0–4.0,Index,High
3721,63,Male,0.78,1.9,85.0,77.0,0.4–4.0,mIU/L,Normal,1.2–3.1,nmol/L,Normal,66–181,nmol/L,Normal,1.0–4.0,Index,High
3722,68,Female,0.95,2.0,109.0,94.0,0.4–4.0,mIU/L,Normal,1.2–3.1,nmol/L,Normal,66–181,nmol/L,Normal,1.0–4.0,Index,High
3723,64,Male,0.44,2.5,89.0,92.0,0.4–4.0,mIU/L,Normal,1.2–3.1,nmol/L,Normal,66–181,nmol/L,Normal,1.0–4.0,Index,High
3724,68,Female,28.0,1.8,72.0,82.0,0.4–4.0,mIU/L,High,1.2–3.1,nmol/L,Normal,66–181,nmol/L,Normal,1.0–4.0,Index,High
3725,82,Female,1.3,1.4,131.0,121.0,0.4–4.0,mIU/L,Normal,1.2–3.1,nmol/L,Normal,66–181,nmol/L,Normal,1.0–4.0,Index,High
3726,70,Female,1.5,0.8,99.0,126.0,0.4–4.0,mIU/L,Normal,1.2–3.1,nmol/L,Low,66–181,nmol/L,Normal,1.0–4.0,Index,High
3727,72,Female,9.7,1.1,77.0,97.0,0.4–4.0,mIU/L,High,1.2–3.1,nmol/L,Low,66–181,nmol/L,Normal,1.0–4.0,Index,High
3728,67,Female,1.1,2.3,114.0,104.0,0.4–4.0,mIU/L,Normal,1.2–3.1,nmol/L,Normal,66–181,nmol/L,Normal,1.0–4.0,Index,High
3729,24,Female,2.6,1.3,67.0,76.0,0.4–4.0,mIU/L,Normal,1.2–3.1,nmol/L,Normal,66–181,nmol/L,Normal,1.0–4.0,Index,High
3730,47,Female,1.9,2.3,135.0,126.0,0.4–4.0,mIU/L,Normal,1.2–3.1,nmol/L,Normal,66–181,nmol/L,Normal,1.0–4.0,Index,High
3731,37,Female,4.4,2.6,108.0,96.0,0.4–4.0,mIU/L,High,1.2–3.1,nmol/L,Normal,66–181,nmol/L,Normal,1.0–4.0,Index,High
3732,74,Male,3.3,1.2,91.0,99.0,0.4–4.0,mIU/L,Normal,1.2–3.1,nmol/L,Normal,66–181,nmol/L,Normal,1.0–4.0,Index,High
3733,59,Female,7.1,2.1,79.0,83.0,0.4–4.0,mIU/L,High,1.2–3.1,nmol/L,Normal,66–181,nmol/L,Normal,1.0–4.0,Index,High
3734,69,Female,1.6,1.9,90.0,91.0,0.4–4.0,mIU/L,Normal,1.2–3.1,nmol/L,Normal,66–181,nmol/L,Normal,1.0–4.0,Index,High
3735,41,Female,0.03,2.1,187.0,210.0,0.4–4.0,mIU/L,Low,1.2–3.1,nmol/L,Normal,66–181,nmol/L,High,1.0–4.0,Index,High
3736,31,Male,1.2,2.7,99.0,113.0,0.4–4.0,mIU/L,Normal,1.2–3.1,nmol/L,Normal,66–181,nmol/L,Normal,1.0–4.0,Index,High
3737,37,Female,0.64,2.1,92.0,93.0,0.4–4.0,mIU/L,Normal,1.2–3.1,nmol/L,Normal,66–181,nmol/L,Normal,1.0–4.0,Index,High
3738,62,Female,1.1,2.3,119.0,125.0,0.4–4.0,mIU/L,Normal,1.2–3.1,nmol/L,Normal,66–181,nmol/L,Normal,1.0–4.0,Index,High
3739,71,Female,0.92,2.1,84.0,98.0,0.4–4.0,mIU/L,Normal,1.2–3.1,nmol/L,Normal,66–181,nmol/L,Normal,1.0–4.0,Index,High
3740,27,Female,0.035,2.2,88.0,98.0,0.4–4.0,mIU/L,Low,1.2–3.1,nmol/L,Normal,66–181,nmol/L,Normal,1.0–4.0,Index,High
3741,62,Male,2.4,2.0,103.0,109.0,0.4–4.0,mIU/L,Normal,1.2–3.1,nmol/L,Normal,66–181,nmol/L,Normal,1.0–4.0,Index,High
3742,65,Female,1.3,2.1,162.0,137.0,0.4–4.0,mIU/L,Normal,1.2–3.1,nmol/L,Normal,66–181,nmol/L,Normal,1.0–4.0,Index,High
3743,71,Female,0.16,2.4,165.0,123.0,0.4–4.0,mIU/L,Low,1.2–3.1,nmol/L,Normal,66–181,nmol/L,Normal,1.0–4.0,Index,High
3744,72,Female,3.9,2.5,87.0,78.0,0.4–4.0,mIU/L,Normal,1.2–3.1,nmol/L,Normal,66–181,nmol/L,Normal,1.0–4.0,Index,High
3745,78,Female,0.64,1.7,113.0,115.0,0.4–4.0,mIU/L,Normal,1.2–3.1,nmol/L,Normal,66–181,nmol/L,Normal,1.0–4.0,Index,High
3746,65,Male,2.0,2.1,154.0,156.0,0.4–4.0,mIU/L,Normal,1.2–3.1,nmol/L,Normal,66–181,nmol/L,Normal,1.0–4.0,Index,High
3747,80,Female,0.04,2.0,141.0,134.0,0.4–4.0,mIU/L,Low,1.2–3.1,nmol/L,Normal,66–181,nmol/L,Normal,1.0–4.0,Index,High
3748,30,Female,0.5,2.2,124.0,95.0,0.4–4.0,mIU/L,Normal,1.2–3.1,nmol/L,Normal,66–181,nmol/L,Normal,1.0–4.0,Index,High
3749,71,Female,0.8,2.3,133.0,121.0,0.4–4.0,mIU/L,Normal,1.2–3.1,nmol/L,Normal,66–181,nmol/L,Normal,1.0–4.0,Index,High
3750,68,Female,0.005,1.8,142.0,135.0,0.4–4.0,mIU/L,Low,1.2–3.1,nmol/L,Normal,66–181,nmol/L,Normal,1.0–4.0,Index,High
3751,72,Male,0.82,1.5,83.0,117.0,0.4–4.0,mIU/L,Normal,1.2–3.1,nmol/L,Normal,66–181,nmol/L,Normal,1.0–4.0,Index,High
3752,82,Female,3.2,1.4,76.0,88.0,0.4–4.0,mIU/L,Normal,1.2–3.1,nmol/L,Normal,66–181,nmol/L,Normal,1.0–4.0,Index,High
3753,76,Male,7.5,2.1,89.0,78.0,0.4–4.0,mIU/L,High,1.2–3.1,nmol/L,Normal,66–181,nmol/L,Normal,1.0–4.0,Index,High
3754,76,Female,0.005,3.0,158.0,183.0,0.4–4.0,mIU/L,Low,1.2–3.1,nmol/L,Normal,66–181,nmol/L,Normal,1.0–4.0,Index,High
3755,68,Male,55.0,0.6,15.0,17.0,0.4–4.0,mIU/L,High,1.2–3.1,nmol/L,Low,66–181,nmol/L,Low,1.0–4.0,Index,High
3756,59,Male,1.5,1.8,147.0,132.0,0.4–4.0,mIU/L,Normal,1.2–3.1,nmol/L,Normal,66–181,nmol/L,Normal,1.0–4.0,Index,High
3757,61,Female,6.4,2.4,141.0,112.0,0.4–4.0,mIU/L,High,1.2–3.1,nmol/L,Normal,66–181,nmol/L,Normal,1.0–4.0,Index,High
3758,14,Female,3.6,1.2,103.0,118.0,0.4–4.0,mIU/L,Normal,1.2–3.1,nmol/L,Normal,66–181,nmol/L,Normal,1.0–4.0,Index,High
3759,59,Male,1.1,2.0,95.0,111.0,0.4–4.0,mIU/L,Normal,1.2–3.1,nmol/L,Normal,66–181,nmol/L,Normal,1.0–4.0,Index,High
3760,71,Female,1.9,2.9,111.0,121.0,0.4–4.0,mIU/L,Normal,1.2–3.1,nmol/L,Normal,66–181,nmol/L,Normal,1.0–4.0,Index,High
3761,31,Female,1.1,2.0,98.0,117.0,0.4–4.0,mIU/L,Normal,1.2–3.1,nmol/L,Normal,66–181,nmol/L,Normal,1.0–4.0,Index,High
3762,71,Female,1.4,1.8,94.0,124.0,0.4–4.0,mIU/L,Normal,1.2–3.1,nmol/L,Normal,66–181,nmol/L,Normal,1.0–4.0,Index,High
3763,69,Male,2.3,1.4,88.0,102.0,0.4–4.0,mIU/L,Normal,1.2–3.1,nmol/L,Normal,66–181,nmol/L,Normal,1.0–4.0,Index,High
3764,58,,2.0,1.7,144.0,153.0,0.4–4.0,mIU/L,Normal,1.2–3.1,nmol/L,Normal,66–181,nmol/L,Normal,1.0–4.0,Index,High
3765,59,Female,0.82,1.4,91.0,94.0,0.4–4.0,mIU/L,Normal,1.2–3.1,nmol/L,Normal,66–181,nmol/L,Normal,1.0–4.0,Index,High
3766,73,Female,3.4,1.6,100.0,113.0,0.4–4.0,mIU/L,Normal,1.2–3.1,nmol/L,Normal,66–181,nmol/L,Normal,1.0–4.0,Index,High
3767,65,Male,3.4,1.9,93.0,96.0,0.4–4.0,mIU/L,Normal,1.2–3.1,nmol/L,Normal,66–181,nmol/L,Normal,1.0–4.0,Index,High
3768,45,Female,0.57,1.8,128.0,112.0,0.4–4.0,mIU/L,Normal,1.2–3.1,nmol/L,Normal,66–181,nmol/L,Normal,1.0–4.0,Index,High
3769,34,Male,1.8,2.2,78.0,102.0,0.4–4.0,mIU/L,Normal,1.2–3.1,nmol/L,Normal,66–181,nmol/L,Normal,1.0–4.0,Index,High
3770,55,Male,1.4,1.8,103.0,115.0,0.4–4.0,mIU/L,Normal,1.2–3.1,nmol/L,Normal,66–181,nmol/L,Normal,1.0–4.0,Index,High
3771,67,Female,1.4,2.1,132.0,116.0,0.4–4.0,mIU/L,Normal,1.2–3.1,nmol/L,Normal,66–181,nmol/L,Normal,1.0–4.0,Index,High
3772,58,Male,0.82,2.2,100.0,102.0,0.4–4.0,mIU/L,Normal,1.2–3.1,nmol/L,Normal,66–181,nmol/L,Normal,1.0–4.0,Index,High
3773,60,Male,0.53,2.5,105.0,104.0,0.4–4.0,mIU/L,Normal,1.2–3.1,nmol/L,Normal,66–181,nmol/L,Normal,1.0–4.0,Index,High
3774,35,Female,1.9,1.8,100.0,123.0,0.4–4.0,mIU/L,Normal,1.2–3.1,nmol/L,Normal,66–181,nmol/L,Normal,1.0–4.0,Index,High
3775,56,Female,3.0,1.1,122.0,108.0,0.4–4.0,mIU/L,Normal,1.2–3.1,nmol/L,Low,66–181,nmol/L,Normal,1.0–4.0,Index,High
3776,29,Male,1.7,2.3,135.0,140.0,0.4–4.0,mIU/L,Normal,1.2–3.1,nmol/L,Normal,66–181,nmol/L,Normal,1.0–4.0,Index,High
3777,27,Male,1.4,2.3,132.0,140.0,0.4–4.0,mIU/L,Normal,1.2–3.1,nmol/L,Normal,66–181,nmol/L,Normal,1.0–4.0,Index,High
3778,39,Female,0.25,2.9,136.0,94.0,0.4–4.0,mIU/L,Low,1.2–3.1,nmol/L,Normal,66–181,nmol/L,Normal,1.0–4.0,Index,High
3779,60,Female,151.0,1.4,42.0,39.0,0.4–4.0,mIU/L,High,1.2–3.1,nmol/L,Normal,66–181,nmol/L,Low,1.0–4.0,Index,High
3780,39,,2.2,3.2,108.0,100.0,0.4–4.0,mIU/L,Normal,1.2–3.1,nmol/L,High,66–181,nmol/L,Normal,1.0–4.0,Index,High
3781,58,Female,0.59,1.5,83.0,97.0,0.4–4.0,mIU/L,Normal,1.2–3.1,nmol/L,Normal,66–181,nmol/L,Normal,1.0–4.0,Index,High
3782,72,Male,5.4,1.8,87.0,95.0,0.4–4.0,mIU/L,High,1.2–3.1,nmol/L,Normal,66–181,nmol/L,Normal,1.0–4.0,Index,High
3783,32,Male,8.099999,2.5,90.0,95.0,0.4–4.0,mIU/L,High,1.2–3.1,nmol/L,Normal,66–181,nmol/L,Normal,1.0–4.0,Index,High
3784,53,Male,1.6,1.9,96.0,124.0,0.4–4.0,mIU/L,Normal,1.2–3.1,nmol/L,Normal,66–181,nmol/L,Normal,1.0–4.0,Index,High
3785,23,Female,1.4,3.0,174.0,129.0,0.4–4.0,mIU/L,Normal,1.2–3.1,nmol/L,Normal,66–181,nmol/L,Normal,1.0–4.0,Index,High
3786,23,Female,0.015,4.0,204.0,242.0,0.4–4.0,mIU/L,Low,1.2–3.1,nmol/L,High,66–181,nmol/L,High,1.0–4.0,Index,High
3787,23,Male,2.1,2.7,113.0,102.0,0.4–4.0,mIU/L,Normal,1.2–3.1,nmol/L,Normal,66–181,nmol/L,Normal,1.0–4.0,Index,High
3788,37,Female,12.0,2.4,84.0,68.0,0.4–4.0,mIU/L,High,1.2–3.1,nmol/L,Normal,66–181,nmol/L,Normal,1.0–4.0,Index,High
3789,23,Female,0.02,3.4,91.0,83.0,0.4–4.0,mIU/L,Low,1.2–3.1,nmol/L,High,66–181,nmol/L,Normal,1.0–4.0,Index,High
3790,57,Male,0.75,0.9,82.0,133.0,0.4–4.0,mIU/L,Normal,1.2–3.1,nmol/L,Low,66–181,nmol/L,Normal,1.0–4.0,Index,High
3791,57,Male,1.1,3.0,117.0,120.0,0.4–4.0,mIU/L,Normal,1.2–3.1,nmol/L,Normal,66–181,nmol/L,Normal,1.0–4.0,Index,High
3792,42,Female,2.3,2.2,178.0,142.0,0.4–4.0,mIU/L,Normal,1.2–3.1,nmol/L,Normal,66–181,nmol/L,Normal,1.0–4.0,Index,High
3793,58,Female,0.6,2.0,151.0,144.0,0.4–4.0,mIU/L,Normal,1.2–3.1,nmol/L,Normal,66–181,nmol/L,Normal,1.0–4.0,Index,High
3794,24,Female,0.78,2.5,148.0,120.0,0.4–4.0,mIU/L,Normal,1.2–3.1,nmol/L,Normal,66–181,nmol/L,Normal,1.0–4.0,Index,High
3795,83,Female,8.299999,2.1,104.0,97.0,0.4–4.0,mIU/L,High,1.2–3.1,nmol/L,Normal,66–181,nmol/L,Normal,1.0–4.0,Index,High
3796,2,,472.0,1.7,34.0,29.0,0.4–4.0,mIU/L,High,1.2–3.1,nmol/L,Normal,66–181,nmol/L,Low,1.0–4.0,Index,High
3797,55,Female,2.9,1.5,88.0,94.0,0.4–4.0,mIU/L,Normal,1.2–3.1,nmol/L,Normal,66–181,nmol/L,Normal,1.0–4.0,Index,High
3798,26,Female,2.1,2.2,95.0,95.0,0.4–4.0,mIU/L,Normal,1.2–3.1,nmol/L,Normal,66–181,nmol/L,Normal,1.0–4.0,Index,High
3799,75,Male,0.04,0.8,93.0,160.0,0.4–4.0,mIU/L,Low,1.2–3.1,nmol/L,Low,66–181,nmol/L,Normal,1.0–4.0,Index,High
3800,72,Female,0.05,0.9,93.0,97.0,0.4–4.0,mIU/L,Low,1.2–3.1,nmol/L,Low,66–181,nmol/L,Normal,1.0–4.0,Index,High
3801,69,Female,0.83,2.4,123.0,108.0,0.4–4.0,mIU/L,Normal,1.2–3.1,nmol/L,Normal,66–181,nmol/L,Normal,1.0–4.0,Index,High
3802,63,Female,2.3,2.3,111.0,105.0,0.4–4.0,mIU/L,Normal,1.2–3.1,nmol/L,Normal,66–181,nmol/L,Normal,1.0–4.0,Index,High
3803,74,Female,5.5,1.4,89.0,89.0,0.4–4.0,mIU/L,High,1.2–3.1,nmol/L,Normal,66–181,nmol/L,Normal,1.0–4.0,Index,High
3804,27,Female,1.8,2.3,119.0,120.0,0.4–4.0,mIU/L,Normal,1.2–3.1,nmol/L,Normal,66–181,nmol/L,Normal,1.0–4.0,Index,High
3805,27,Female,15.0,1.6,82.0,100.0,0.4–4.0,mIU/L,High,1.2–3.1,nmol/L,Normal,66–181,nmol/L,Normal,1.0–4.0,Index,High
3806,71,Female,0.02,2.2,165.0,186.0,0.4–4.0,mIU/L,Low,1.2–3.1,nmol/L,Normal,66–181,nmol/L,Normal,1.0–4.0,Index,High
3807,71,,1.1,2.4,122.0,109.0,0.4–4.0,mIU/L,Normal,1.2–3.1,nmol/L,Normal,66–181,nmol/L,Normal,1.0–4.0,Index,High
3808,34,Female,1.2,1.6,103.0,142.0,0.4–4.0,mIU/L,Normal,1.2–3.1,nmol/L,Normal,66–181,nmol/L,Normal,1.0–4.0,Index,High
3809,34,,3.3,1.6,83.0,118.0,0.4–4.0,mIU/L,Normal,1.2–3.1,nmol/L,Normal,66–181,nmol/L,Normal,1.0–4.0,Index,High
3810,81,Female,1.3,1.6,94.0,119.0,0.4–4.0,mIU/L,Normal,1.2–3.1,nmol/L,Normal,66–181,nmol/L,Normal,1.0–4.0,Index,High
3811,54,Female,2.9,2.5,74.0,75.0,0.4–4.0,mIU/L,Normal,1.2–3.1,nmol/L,Normal,66–181,nmol/L,Normal,1.0–4.0,Index,High
3812,67,Female,0.84,3.3,222.0,122.0,0.4–4.0,mIU/L,Normal,1.2–3.1,nmol/L,High,66–181,nmol/L,High,1.0–4.0,Index,High
3813,37,Female,1.4,1.7,71.0,99.0,0.4–4.0,mIU/L,Normal,1.2–3.1,nmol/L,Normal,66–181,nmol/L,Normal,1.0–4.0,Index,High
3814,29,Female,3.0,2.2,86.0,79.0,0.4–4.0,mIU/L,Normal,1.2–3.1,nmol/L,Normal,66–181,nmol/L,Normal,1.0–4.0,Index,High
3815,61,Female,3.9,2.7,84.0,81.0,0.4–4.0,mIU/L,Normal,1.2–3.1,nmol/L,Normal,66–181,nmol/L,Normal,1.0–4.0,Index,High
3816,60,Female,1.7,1.7,109.0,130.0,0.4–4.0,mIU/L,Normal,1.2–3.1,nmol/L,Normal,66–181,nmol/L,Normal,1.0–4.0,Index,High
3817,63,Male,1.5,2.1,129.0,120.0,0.4–4.0,mIU/L,Normal,1.2–3.1,nmol/L,Normal,66–181,nmol/L,Normal,1.0–4.0,Index,High
3818,85,Female,0.58,1.9,140.0,145.0,0.4–4.0,mIU/L,Normal,1.2–3.1,nmol/L,Normal,66–181,nmol/L,Normal,1.0–4.0,Index,High
3819,81,Female,3.1,1.8,105.0,114.0,0.4–4.0,mIU/L,Normal,1.2–3.1,nmol/L,Normal,66–181,nmol/L,Normal,1.0–4.0,Index,High
3820,77,Female,6.2,1.2,89.0,121.0,0.4–4.0,mIU/L,High,1.2–3.1,nmol/L,Normal,66–181,nmol/L,Normal,1.0–4.0,Index,High
3821,22,,3.1,2.7,136.0,107.0,0.4–4.0,mIU/L,Normal,1.2–3.1,nmol/L,Normal,66–181,nmol/L,Normal,1.0–4.0,Index,High
3822,47,Male,2.3,1.6,75.0,80.0,0.4–4.0,mIU/L,Normal,1.2–3.1,nmol/L,Normal,66–181,nmol/L,Normal,1.0–4.0,Index,High
3823,67,Female,1.2,2.2,121.0,118.0,0.4–4.0,mIU/L,Normal,1.2–3.1,nmol/L,Normal,66–181,nmol/L,Normal,1.0–4.0,Index,High
3824,59,Female,4.0,1.3,120.0,128.0,0.4–4.0,mIU/L,Normal,1.2–3.1,nmol/L,Normal,66–181,nmol/L,Normal,1.0–4.0,Index,High
3825,72,Male,5.3,1.0,97.0,150.0,0.4–4.0,mIU/L,High,1.2–3.1,nmol/L,Low,66–181,nmol/L,Normal,1.0–4.0,Index,High
3826,51,Female,3.3,1.9,92.0,98.0,0.4–4.0,mIU/L,Normal,1.2–3.1,nmol/L,Normal,66–181,nmol/L,Normal,1.0–4.0,Index,High
3827,31,,0.4,2.5,165.0,184.0,0.4–4.0,mIU/L,Normal,1.2–3.1,nmol/L,Normal,66–181,nmol/L,Normal,1.0–4.0,Index,High
3828,41,Female,2.5,1.8,95.0,106.0,0.4–4.0,mIU/L,Normal,1.2–3.1,nmol/L,Normal,66–181,nmol/L,Normal,1.0–4.0,Index,High
3829,77,Female,2.7,2.0,103.0,114.0,0.4–4.0,mIU/L,Normal,1.2–3.1,nmol/L,Normal,66–181,nmol/L,Normal,1.0–4.0,Index,High
3830,26,Female,1.6,2.1,140.0,132.0,0.4–4.0,mIU/L,Normal,1.2–3.1,nmol/L,Normal,66–181,nmol/L,Normal,1.0–4.0,Index,High
3831,55,Male,1.9,2.3,90.0,112.0,0.4–4.0,mIU/L,Normal,1.2–3.1,nmol/L,Normal,66–181,nmol/L,Normal,1.0–4.0,Index,High
3832,45,Male,1.1,2.0,63.0,96.0,0.4–4.0,mIU/L,Normal,1.2–3.1,nmol/L,Normal,66–181,nmol/L,Low,1.0–4.0,Index,High
3833,45,,4.8,0.9,87.0,112.0,0.4–4.0,mIU/L,High,1.2–3.1,nmol/L,Low,66–181,nmol/L,Normal,1.0–4.0,Index,High
3834,45,,9.0,2.8,237.0,203.0,0.4–4.0,mIU/L,High,1.2–3.1,nmol/L,Normal,66–181,nmol/L,High,1.0–4.0,Index,High
3835,35,,1.7,2.3,82.0,93.0,0.4–4.0,mIU/L,Normal,1.2–3.1,nmol/L,Normal,66–181,nmol/L,Normal,1.0–4.0,Index,High
3836,34,,7.8,2.0,95.0,96.0,0.4–4.0,mIU/L,High,1.2–3.1,nmol/L,Normal,66–181,nmol/L,Normal,1.0–4.0,Index,High
3837,62,Female,0.02,2.0,113.0,110.0,0.4–4.0,mIU/L,Low,1.2–3.1,nmol/L,Normal,66–181,nmol/L,Normal,1.0–4.0,Index,High
3838,74,Female,0.28,1.3,138.0,166.0,0.4–4.0,mIU/L,Low,1.2–3.1,nmol/L,Normal,66–181,nmol/L,Normal,1.0–4.0,Index,High
3839,57,Male,1.6,2.0,87.0,143.0,0.4–4.0,mIU/L,Normal,1.2–3.1,nmol/L,Normal,66–181,nmol/L,Normal,1.0–4.0,Index,High
3840,57,Male,1.9,1.7,76.0,93.0,0.4–4.0,mIU/L,Normal,1.2–3.1,nmol/L,Normal,66–181,nmol/L,Normal,1.0–4.0,Index,High
3841,54,Male,1.2,1.9,89.0,104.0,0.4–4.0,mIU/L,Normal,1.2–3.1,nmol/L,Normal,66–181,nmol/L,Normal,1.0–4.0,Index,High
3842,75,Female,10.0,1.6,90.0,101.0,0.4–4.0,mIU/L,High,1.2–3.1,nmol/L,Normal,66–181,nmol/L,Normal,1.0–4.0,Index,High
3843,75,Female,0.77,2.3,83.0,94.0,0.4–4.0,mIU/L,Normal,1.2–3.1,nmol/L,Normal,66–181,nmol/L,Normal,1.0–4.0,Index,High
3844,35,Male,0.97,2.4,81.0,109.0,0.4–4.0,mIU/L,Normal,1.2–3.1,nmol/L,Normal,66–181,nmol/L,Normal,1.0–4.0,Index,High
3845,42,,1.2,1.8,70.0,81.0,0.4–4.0,mIU/L,Normal,1.2–3.1,nmol/L,Normal,66–181,nmol/L,Normal,1.0–4.0,Index,High
3846,23,,4.1,1.9,66.0,77.0,0.4–4.0,mIU/L,High,1.2–3.1,nmol/L,Normal,66–181,nmol/L,Normal,1.0–4.0,Index,High
3847,50,,1.7,1.8,113.0,112.0,0.4–4.0,mIU/L,Normal,1.2–3.1,nmol/L,Normal,66–181,nmol/L,Normal,1.0–4.0,Index,High
3848,70,,2.3,2.7,95.0,88.0,0.4–4.0,mIU/L,Normal,1.2–3.1,nmol/L,Normal,66–181,nmol/L,Normal,1.0–4.0,Index,High
3849,72,Female,0.005,2.5,231.0,251.0,0.4–4.0,mIU/L,Low,1.2–3.1,nmol/L,Normal,66–181,nmol/L,High,1.0–4.0,Index,High
3850,73,Female,5.6,1.9,115.0,118.0,0.4–4.0,mIU/L,High,1.2–3.1,nmol/L,Normal,66–181,nmol/L,Normal,1.0–4.0,Index,High
3851,72,Female,1.5,1.3,86.0,99.0,0.4–4.0,mIU/L,Normal,1.2–3.1,nmol/L,Normal,66–181,nmol/L,Normal,1.0–4.0,Index,High
3852,47,Female,1.1,2.3,113.0,103.0,0.4–4.0,mIU/L,Normal,1.2–3.1,nmol/L,Normal,66–181,nmol/L,Normal,1.0–4.0,Index,High
3853,47,,0.02,1.9,111.0,119.0,0.4–4.0,mIU/L,Low,1.2–3.1,nmol/L,Normal,66–181,nmol/L,Normal,1.0–4.0,Index,High
3854,38,Male,2.5,2.3,90.0,99.0,0.4–4.0,mIU/L,Normal,1.2–3.1,nmol/L,Normal,66–181,nmol/L,Normal,1.0–4.0,Index,High
3855,25,Male,3.4,1.9,63.0,78.0,0.4–4.0,mIU/L,Normal,1.2–3.1,nmol/L,Normal,66–181,nmol/L,Low,1.0–4.0,Index,High
3856,51,Female,0.08,2.8,109.0,121.0,0.4–4.0,mIU/L,Low,1.2–3.1,nmol/L,Normal,66–181,nmol/L,Normal,1.0–4.0,Index,High
3857,54,Female,1.9,2.0,88.0,92.0,0.4–4.0,mIU/L,Normal,1.2–3.1,nmol/L,Normal,66–181,nmol/L,Normal,1.0–4.0,Index,High
3858,27,Female,1.4,2.0,93.0,102.0,0.4–4.0,mIU/L,Normal,1.2–3.1,nmol/L,Normal,66–181,nmol/L,Normal,1.0–4.0,Index,High
3859,61,Female,4.3,1.8,124.0,125.0,0.4–4.0,mIU/L,High,1.2–3.1,nmol/L,Normal,66–181,nmol/L,Normal,1.0–4.0,Index,High
3860,61,Female,6.2,2.3,118.0,91.0,0.4–4.0,mIU/L,High,1.2–3.1,nmol/L,Normal,66–181,nmol/L,Normal,1.0–4.0,Index,High
3861,57,Male,0.58,2.5,89.0,89.0,0.4–4.0,mIU/L,Normal,1.2–3.1,nmol/L,Normal,66–181,nmol/L,Normal,1.0–4.0,Index,High
3862,57,Female,1.0,2.0,87.0,103.0,0.4–4.0,mIU/L,Normal,1.2–3.1,nmol/L,Normal,66–181,nmol/L,Normal,1.0–4.0,Index,High
3863,25,Male,1.7,2.0,90.0,106.0,0.4–4.0,mIU/L,Normal,1.2–3.1,nmol/L,Normal,66–181,nmol/L,Normal,1.0–4.0,Index,High
3864,25,Female,0.02,2.3,85.0,107.0,0.4–4.0,mIU/L,Low,1.2–3.1,nmol/L,Normal,66–181,nmol/L,Normal,1.0–4.0,Index,High
3865,18,,1.2,2.4,74.0,63.0,0.4–4.0,mIU/L,Normal,1.2–3.1,nmol/L,Normal,66–181,nmol/L,Normal,1.0–4.0,Index,High
3866,25,,1.1,2.6,212.0,121.0,0.4–4.0,mIU/L,Normal,1.2–3.1,nmol/L,Normal,66–181,nmol/L,High,1.0–4.0,Index,High
3867,31,,1.9,2.7,99.0,99.0,0.4–4.0,mIU/L,Normal,1.2–3.1,nmol/L,Normal,66–181,nmol/L,Normal,1.0–4.0,Index,High
3868,58,Male,1.8,1.6,102.0,96.0,0.4–4.0,mIU/L,Normal,1.2–3.1,nmol/L,Normal,66–181,nmol/L,Normal,1.0–4.0,Index,High
3869,52,Male,3.3,1.5,111.0,114.0,0.4–4.0,mIU/L,Normal,1.2–3.1,nmol/L,Normal,66–181,nmol/L,Normal,1.0–4.0,Index,High
3870,52,Female,5.1,1.4,117.0,114.0,0.4–4.0,mIU/L,High,1.2–3.1,nmol/L,Normal,66–181,nmol/L,Normal,1.0–4.0,Index,High
3871,84,Male,3.6,0.6,82.0,110.0,0.4–4.0,mIU/L,Normal,1.2–3.1,nmol/L,Low,66–181,nmol/L,Normal,1.0–4.0,Index,High
3872,35,Female,230.0,1.5,36.0,27.0,0.4–4.0,mIU/L,High,1.2–3.1,nmol/L,Normal,66–181,nmol/L,Low,1.0–4.0,Index,High
3873,26,Female,1.8,2.5,147.0,129.0,0.4–4.0,mIU/L,Normal,1.2–3.1,nmol/L,Normal,66–181,nmol/L,Normal,1.0–4.0,Index,High
3874,73,Male,1.8,2.1,103.0,112.0,0.4–4.0,mIU/L,Normal,1.2–3.1,nmol/L,Normal,66–181,nmol/L,Normal,1.0–4.0,Index,High
3875,36,Female,22.0,0.2,4.0,4.0,0.4–4.0,mIU/L,High,1.2–3.1,nmol/L,Low,66–181,nmol/L,Low,1.0–4.0,Index,Normal
3876,66,Female,0.31,2.0,123.0,107.0,0.4–4.0,mIU/L,Low,1.2–3.1,nmol/L,Normal,66–181,nmol/L,Normal,1.0–4.0,Index,High
3877,27,Female,1.5,2.2,182.0,133.0,0.4–4.0,mIU/L,Normal,1.2–3.1,nmol/L,Normal,66–181,nmol/L,High,1.0–4.0,Index,High
3878,70,Female,0.72,1.2,61.0,70.0,0.4–4.0,mIU/L,Normal,1.2–3.1,nmol/L,Normal,66–181,nmol/L,Low,1.0–4.0,Index,High
3879,57,Male,0.8,1.9,109.0,139.0,0.4–4.0,mIU/L,Normal,1.2–3.1,nmol/L,Normal,66–181,nmol/L,Normal,1.0–4.0,Index,High
3880,23,Female,1.2,1.6,105.0,120.0,0.4–4.0,mIU/L,Normal,1.2–3.1,nmol/L,Normal,66–181,nmol/L,Normal,1.0–4.0,Index,High
3881,42,,0.02,2.6,138.0,88.0,0.4–4.0,mIU/L,Low,1.2–3.1,nmol/L,Normal,66–181,nmol/L,Normal,1.0–4.0,Index,High
3882,16,Female,0.07,1.5,140.0,157.0,0.4–4.0,mIU/L,Low,1.2–3.1,nmol/L,Normal,66–181,nmol/L,Normal,1.0–4.0,Index,High
3883,12,Male,0.02,2.3,152.0,190.0,0.4–4.0,mIU/L,Low,1.2–3.1,nmol/L,Normal,66–181,nmol/L,Normal,1.0–4.0,Index,High
3884,50,Male,1.9,2.0,97.0,110.0,0.4–4.0,mIU/L,Normal,1.2–3.1,nmol/L,Normal,66–181,nmol/L,Normal,1.0–4.0,Index,High
3885,19,Female,1.4,1.9,111.0,102.0,0.4–4.0,mIU/L,Normal,1.2–3.1,nmol/L,Normal,66–181,nmol/L,Normal,1.0–4.0,Index,High
3886,52,Male,2.3,2.5,114.0,106.0,0.4–4.0,mIU/L,Normal,1.2–3.1,nmol/L,Normal,66–181,nmol/L,Normal,1.0–4.0,Index,High
3887,38,Male,0.57,1.3,156.0,112.0,0.4–4.0,mIU/L,Normal,1.2–3.1,nmol/L,Normal,66–181,nmol/L,Normal,1.0–4.0,Index,High
3888,61,Female,0.81,2.3,103.0,100.0,0.4–4.0,mIU/L,Normal,1.2–3.1,nmol/L,Normal,66–181,nmol/L,Normal,1.0–4.0,Index,High
3889,68,Female,2.6,2.0,152.0,108.0,0.4–4.0,mIU/L,Normal,1.2–3.1,nmol/L,Normal,66–181,nmol/L,Normal,1.0–4.0,Index,High
3890,68,Female,3.7,1.9,67.0,72.0,0.4–4.0,mIU/L,Normal,1.2–3.1,nmol/L,Normal,66–181,nmol/L,Normal,1.0–4.0,Index,High
3891,54,,5.4,1.5,102.0,106.0,0.4–4.0,mIU/L,High,1.2–3.1,nmol/L,Normal,66–181,nmol/L,Normal,1.0–4.0,Index,High
3892,54,,2.9,2.1,127.0,102.0,0.4–4.0,mIU/L,Normal,1.2–3.1,nmol/L,Normal,66–181,nmol/L,Normal,1.0–4.0,Index,High
3893,60,Male,2.5,1.3,119.0,135.0,0.4–4.0,mIU/L,Normal,1.2–3.1,nmol/L,Normal,66–181,nmol/L,Normal,1.0–4.0,Index,High
3894,67,Female,2.3,1.4,124.0,144.0,0.4–4.0,mIU/L,Normal,1.2–3.1,nmol/L,Normal,66–181,nmol/L,Normal,1.0–4.0,Index,High
3895,26,Female,4.5,2.1,113.0,111.0,0.4–4.0,mIU/L,High,1.2–3.1,nmol/L,Normal,66–181,nmol/L,Normal,1.0–4.0,Index,High
3896,48,Female,2.8,2.7,102.0,109.0,0.4–4.0,mIU/L,Normal,1.2–3.1,nmol/L,Normal,66–181,nmol/L,Normal,1.0–4.0,Index,High
3897,48,Female,0.15,2.0,124.0,130.0,0.4–4.0,mIU/L,Low,1.2–3.1,nmol/L,Normal,66–181,nmol/L,Normal,1.0–4.0,Index,High
3898,48,,3.1,2.5,90.0,88.0,0.4–4.0,mIU/L,Normal,1.2–3.1,nmol/L,Normal,66–181,nmol/L,Normal,1.0–4.0,Index,High
3899,64,Female,0.08,1.7,74.0,69.0,0.4–4.0,mIU/L,Low,1.2–3.1,nmol/L,Normal,66–181,nmol/L,Normal,1.0–4.0,Index,High
3900,64,Female,1.6,2.8,99.0,119.0,0.4–4.0,mIU/L,Normal,1.2–3.1,nmol/L,Normal,66–181,nmol/L,Normal,1.0–4.0,Index,High
3901,79,Female,5.1,2.0,107.0,104.0,0.4–4.0,mIU/L,High,1.2–3.1,nmol/L,Normal,66–181,nmol/L,Normal,1.0–4.0,Index,High
3902,79,,12.099999,3.4,94.0,102.0,0.4–4.0,mIU/L,High,1.2–3.1,nmol/L,High,66–181,nmol/L,Normal,1.0–4.0,Index,High
3903,79,Male,0.02,1.6,143.0,159.0,0.4–4.0,mIU/L,Low,1.2–3.1,nmol/L,Normal,66–181,nmol/L,Normal,1.0–4.0,Index,High
3904,42,Male,2.8,2.0,68.0,78.0,0.4–4.0,mIU/L,Normal,1.2–3.1,nmol/L,Normal,66–181,nmol/L,Normal,1.0–4.0,Index,High
3905,31,,0.02,2.1,212.0,181.0,0.4–4.0,mIU/L,Low,1.2–3.1,nmol/L,Normal,66–181,nmol/L,High,1.0–4.0,Index,High
3906,73,Female,0.56,1.3,70.0,75.0,0.4–4.0,mIU/L,Normal,1.2–3.1,nmol/L,Normal,66–181,nmol/L,Normal,1.0–4.0,Index,High
3907,67,Male,0.97,1.8,102.0,111.0,0.4–4.0,mIU/L,Normal,1.2–3.1,nmol/L,Normal,66–181,nmol/L,Normal,1.0–4.0,Index,High
3908,61,Male,2.1,1.2,109.0,140.0,0.4–4.0,mIU/L,Normal,1.2–3.1,nmol/L,Normal,66–181,nmol/L,Normal,1.0–4.0,Index,High
3909,44,Female,3.4,1.6,107.0,93.0,0.4–4.0,mIU/L,Normal,1.2–3.1,nmol/L,Normal,66–181,nmol/L,Normal,1.0–4.0,Index,High
3910,51,Female,2.4,2.0,143.0,109.0,0.4–4.0,mIU/L,Normal,1.2–3.1,nmol/L,Normal,66–181,nmol/L,Normal,1.0–4.0,Index,High
3911,74,,0.5,2.4,100.0,93.0,0.4–4.0,mIU/L,Normal,1.2–3.1,nmol/L,Normal,66–181,nmol/L,Normal,1.0–4.0,Index,High
3912,26,Male,5.7,2.1,73.0,98.0,0.4–4.0,mIU/L,High,1.2–3.1,nmol/L,Normal,66–181,nmol/L,Normal,1.0–4.0,Index,High
3913,54,Male,2.3,2.4,106.0,106.0,0.4–4.0,mIU/L,Normal,1.2–3.1,nmol/L,Normal,66–181,nmol/L,Normal,1.0–4.0,Index,High
3914,18,,1.2,1.9,83.0,77.0,0.4–4.0,mIU/L,Normal,1.2–3.1,nmol/L,Normal,66–181,nmol/L,Normal,1.0–4.0,Index,High
3915,23,Female,2.5,3.4,165.0,108.0,0.4–4.0,mIU/L,Normal,1.2–3.1,nmol/L,High,66–181,nmol/L,Normal,1.0–4.0,Index,High
3916,68,Female,2.8,1.9,123.0,106.0,0.4–4.0,mIU/L,Normal,1.2–3.1,nmol/L,Normal,66–181,nmol/L,Normal,1.0–4.0,Index,High
3917,84,Female,4.6,1.5,83.0,106.0,0.4–4.0,mIU/L,High,1.2–3.1,nmol/L,Normal,66–181,nmol/L,Normal,1.0–4.0,Index,High
3918,53,Female,0.045,2.5,157.0,147.0,0.4–4.0,mIU/L,Low,1.2–3.1,nmol/L,Normal,66–181,nmol/L,Normal,1.0–4.0,Index,High
3919,57,Female,0.055,1.7,75.0,93.0,0.4–4.0,mIU/L,Low,1.2–3.1,nmol/L,Normal,66–181,nmol/L,Normal,1.0–4.0,Index,High
3920,55,Male,60.0,0.7,14.0,13.0,0.4–4.0,mIU/L,High,1.2–3.1,nmol/L,Low,66–181,nmol/L,Low,1.0–4.0,Index,High
3921,28,Female,47.0,0.2,2.0,2.0,0.4–4.0,mIU/L,High,1.2–3.1,nmol/L,Low,66–181,nmol/L,Low,1.0–4.0,Index,Normal
3922,52,Male,0.93,1.3,86.0,134.0,0.4–4.0,mIU/L,Normal,1.2–3.1,nmol/L,Normal,66–181,nmol/L,Normal,1.0–4.0,Index,High
3923,78,Female,0.73,2.0,92.0,97.0,0.4–4.0,mIU/L,Normal,1.2–3.1,nmol/L,Normal,66–181,nmol/L,Normal,1.0–4.0,Index,High
3924,39,Male,1.0,1.9,83.0,92.0,0.4–4.0,mIU/L,Normal,1.2–3.1,nmol/L,Normal,66–181,nmol/L,Normal,1.0–4.0,Index,High
3925,50,Male,0.2,1.8,142.0,144.0,0.4–4.0,mIU/L,Low,1.2–3.1,nmol/L,Normal,66–181,nmol/L,Normal,1.0–4.0,Index,High
3926,71,Female,0.02,1.8,143.0,164.0,0.4–4.0,mIU/L,Low,1.2–3.1,nmol/L,Normal,66–181,nmol/L,Normal,1.0–4.0,Index,High
3927,74,Female,2.4,1.2,95.0,119.0,0.4–4.0,mIU/L,Normal,1.2–3.1,nmol/L,Normal,66–181,nmol/L,Normal,1.0–4.0,Index,High
3928,57,Male,1.4,2.5,101.0,96.0,0.4–4.0,mIU/L,Normal,1.2–3.1,nmol/L,Normal,66–181,nmol/L,Normal,1.0–4.0,Index,High
3929,23,Female,2.1,3.1,116.0,96.0,0.4–4.0,mIU/L,Normal,1.2–3.1,nmol/L,Normal,66–181,nmol/L,Normal,1.0–4.0,Index,High
3930,37,Female,3.1,2.1,87.0,115.0,0.4–4.0,mIU/L,Normal,1.2–3.1,nmol/L,Normal,66–181,nmol/L,Normal,1.0–4.0,Index,High
3931,60,Male,0.35,1.6,98.0,131.0,0.4–4.0,mIU/L,Low,1.2–3.1,nmol/L,Normal,66–181,nmol/L,Normal,1.0–4.0,Index,High
3932,70,Female,1.7,1.8,167.0,189.0,0.4–4.0,mIU/L,Normal,1.2–3.1,nmol/L,Normal,66–181,nmol/L,Normal,1.0–4.0,Index,High
3933,79,Male,2.1,1.7,112.0,117.0,0.4–4.0,mIU/L,Normal,1.2–3.1,nmol/L,Normal,66–181,nmol/L,Normal,1.0–4.0,Index,High
3934,55,Male,1.5,0.4,52.0,69.0,0.4–4.0,mIU/L,Normal,1.2–3.1,nmol/L,Low,66–181,nmol/L,Low,1.0–4.0,Index,High
3935,70,Female,2.8,2.4,111.0,139.0,0.4–4.0,mIU/L,Normal,1.2–3.1,nmol/L,Normal,66–181,nmol/L,Normal,1.0–4.0,Index,High
3936,62,,2.2,2.0,117.0,145.0,0.4–4.0,mIU/L,Normal,1.2–3.1,nmol/L,Normal,66–181,nmol/L,Normal,1.0–4.0,Index,High
3937,40,Female,7.2,2.3,111.0,112.0,0.4–4.0,mIU/L,High,1.2–3.1,nmol/L,Normal,66–181,nmol/L,Normal,1.0–4.0,Index,High
3938,63,Female,4.9,1.9,90.0,92.0,0.4–4.0,mIU/L,High,1.2–3.1,nmol/L,Normal,66–181,nmol/L,Normal,1.0–4.0,Index,High
3939,33,Male,1.8,2.4,120.0,121.0,0.4–4.0,mIU/L,Normal,1.2–3.1,nmol/L,Normal,66–181,nmol/L,Normal,1.0–4.0,Index,High
3940,44,Female,1.9,2.9,164.0,119.0,0.4–4.0,mIU/L,Normal,1.2–3.1,nmol/L,Normal,66–181,nmol/L,Normal,1.0–4.0,Index,High
3941,20,Female,0.7,5.4,148.0,100.0,0.4–4.0,mIU/L,Normal,1.2–3.1,nmol/L,High,66–181,nmol/L,Normal,1.0–4.0,Index,High
3942,74,Male,3.3,1.8,98.0,118.0,0.4–4.0,mIU/L,Normal,1.2–3.1,nmol/L,Normal,66–181,nmol/L,Normal,1.0–4.0,Index,High
3943,72,Female,3.0,2.3,121.0,120.0,0.4–4.0,mIU/L,Normal,1.2–3.1,nmol/L,Normal,66–181,nmol/L,Normal,1.0–4.0,Index,High
3944,41,Male,1.9,2.2,138.0,154.0,0.4–4.0,mIU/L,Normal,1.2–3.1,nmol/L,Normal,66–181,nmol/L,Normal,1.0–4.0,Index,High
3945,63,Female,14.0,0.5,95.0,114.0,0.4–4.0,mIU/L,High,1.2–3.1,nmol/L,Low,66–181,nmol/L,Normal,1.0–4.0,Index,High
3946,58,Female,1.5,1.6,140.0,127.0,0.4–4.0,mIU/L,Normal,1.2–3.1,nmol/L,Normal,66–181,nmol/L,Normal,1.0–4.0,Index,High
3947,79,Female,2.8,1.9,108.0,116.0,0.4–4.0,mIU/L,Normal,1.2–3.1,nmol/L,Normal,66–181,nmol/L,Normal,1.0–4.0,Index,High
3948,26,Female,9.2,1.6,104.0,93.0,0.4–4.0,mIU/L,High,1.2–3.1,nmol/L,Normal,66–181,nmol/L,Normal,1.0–4.0,Index,High
3949,34,Female,0.06,4.7,157.0,94.0,0.4–4.0,mIU/L,Low,1.2–3.1,nmol/L,High,66–181,nmol/L,Normal,1.0–4.0,Index,High
3950,27,Female,0.94,2.9,92.0,100.0,0.4–4.0,mIU/L,Normal,1.2–3.1,nmol/L,Normal,66–181,nmol/L,Normal,1.0–4.0,Index,High
3951,27,Female,0.055,8.5,244.0,249.0,0.4–4.0,mIU/L,Low,1.2–3.1,nmol/L,High,66–181,nmol/L,High,1.0–4.0,Index,High
3952,19,Male,2.1,2.9,135.0,167.0,0.4–4.0,mIU/L,Normal,1.2–3.1,nmol/L,Normal,66–181,nmol/L,Normal,1.0–4.0,Index,High
3953,30,Female,1.4,2.2,122.0,111.0,0.4–4.0,mIU/L,Normal,1.2–3.1,nmol/L,Normal,66–181,nmol/L,Normal,1.0–4.0,Index,High
3954,74,Female,3.7,2.2,99.0,96.0,0.4–4.0,mIU/L,Normal,1.2–3.1,nmol/L,Normal,66–181,nmol/L,Normal,1.0–4.0,Index,High
3955,30,Female,2.9,1.4,113.0,136.0,0.4–4.0,mIU/L,Normal,1.2–3.1,nmol/L,Normal,66–181,nmol/L,Normal,1.0–4.0,Index,High
3956,76,Male,2.3,1.5,93.0,132.0,0.4–4.0,mIU/L,Normal,1.2–3.1,nmol/L,Normal,66–181,nmol/L,Normal,1.0–4.0,Index,High
3957,76,,1.4,2.4,118.0,130.0,0.4–4.0,mIU/L,Normal,1.2–3.1,nmol/L,Normal,66–181,nmol/L,Normal,1.0–4.0,Index,High
3958,61,Female,1.7,2.5,121.0,114.0,0.4–4.0,mIU/L,Normal,1.2–3.1,nmol/L,Normal,66–181,nmol/L,Normal,1.0–4.0,Index,High
3959,73,Female,1.9,2.2,134.0,114.0,0.4–4.0,mIU/L,Normal,1.2–3.1,nmol/L,Normal,66–181,nmol/L,Normal,1.0–4.0,Index,High
3960,56,Female,1.1,2.2,103.0,114.0,0.4–4.0,mIU/L,Normal,1.2–3.1,nmol/L,Normal,66–181,nmol/L,Normal,1.0–4.0,Index,High
3961,14,Male,3.0,2.7,80.0,97.0,0.4–4.0,mIU/L,Normal,1.2–3.1,nmol/L,Normal,66–181,nmol/L,Normal,1.0–4.0,Index,High
3962,14,Female,2.9,0.8,121.0,127.0,0.4–4.0,mIU/L,Normal,1.2–3.1,nmol/L,Low,66–181,nmol/L,Normal,1.0–4.0,Index,High
3963,36,Female,1.8,1.9,138.0,155.0,0.4–4.0,mIU/L,Normal,1.2–3.1,nmol/L,Normal,66–181,nmol/L,Normal,1.0–4.0,Index,High
3964,36,,3.6,1.3,153.0,152.0,0.4–4.0,mIU/L,Normal,1.2–3.1,nmol/L,Normal,66–181,nmol/L,Normal,1.0–4.0,Index,High
3965,80,Female,0.97,1.7,83.0,86.0,0.4–4.0,mIU/L,Normal,1.2–3.1,nmol/L,Normal,66–181,nmol/L,Normal,1.0–4.0,Index,High
3966,36,Male,2.2,1.7,115.0,118.0,0.4–4.0,mIU/L,Normal,1.2–3.1,nmol/L,Normal,66–181,nmol/L,Normal,1.0–4.0,Index,High
3967,42,Male,6.8,1.2,44.0,51.0,0.4–4.0,mIU/L,High,1.2–3.1,nmol/L,Normal,66–181,nmol/L,Low,1.0–4.0,Index,High
3968,42,Female,7.2,1.3,93.0,104.0,0.4–4.0,mIU/L,High,1.2–3.1,nmol/L,Normal,66–181,nmol/L,Normal,1.0–4.0,Index,High
3969,42,Female,1.6,1.6,139.0,134.0,0.4–4.0,mIU/L,Normal,1.2–3.1,nmol/L,Normal,66–181,nmol/L,Normal,1.0–4.0,Index,High
3970,44,Female,1.01,1.8,109.0,109.0,0.4–4.0,mIU/L,Normal,1.2–3.1,nmol/L,Normal,66–181,nmol/L,Normal,1.0–4.0,Index,High
3971,44,Female,0.72,0.9,96.0,127.0,0.4–4.0,mIU/L,Normal,1.2–3.1,nmol/L,Low,66–181,nmol/L,Normal,1.0–4.0,Index,High
3972,72,Female,0.035,4.9,192.0,176.0,0.4–4.0,mIU/L,Low,1.2–3.1,nmol/L,High,66–181,nmol/L,High,1.0–4.0,Index,High
3973,79,Female,2.4,2.6,111.0,111.0,0.4–4.0,mIU/L,Normal,1.2–3.1,nmol/L,Normal,66–181,nmol/L,Normal,1.0–4.0,Index,High
3974,44,Male,3.0,1.4,103.0,118.0,0.4–4.0,mIU/L,Normal,1.2–3.1,nmol/L,Normal,66–181,nmol/L,Normal,1.0–4.0,Index,High
3975,37,Female,1.4,2.0,99.0,97.0,0.4–4.0,mIU/L,Normal,1.2–3.1,nmol/L,Normal,66–181,nmol/L,Normal,1.0–4.0,Index,High
3976,42,Male,5.1,1.5,53.0,70.0,0.4–4.0,mIU/L,High,1.2–3.1,nmol/L,Normal,66–181,nmol/L,Low,1.0–4.0,Index,High
3977,24,Female,0.38,2.3,152.0,158.0,0.4–4.0,mIU/L,Low,1.2–3.1,nmol/L,Normal,66–181,nmol/L,Normal,1.0–4.0,Index,High
3978,40,Female,2.7,2.0,128.0,126.0,0.4–4.0,mIU/L,Normal,1.2–3.1,nmol/L,Normal,66–181,nmol/L,Normal,1.0–4.0,Index,High
3979,70,Female,1.4,1.8,88.0,76.0,0.4–4.0,mIU/L,Normal,1.2–3.1,nmol/L,Normal,66–181,nmol/L,Normal,1.0–4.0,Index,High
3980,90,Female,2.5,1.2,97.0,104.0,0.4–4.0,mIU/L,Normal,1.2–3.1,nmol/L,Normal,66–181,nmol/L,Normal,1.0–4.0,Index,High
3981,78,Female,0.89,1.8,103.0,105.0,0.4–4.0,mIU/L,Normal,1.2–3.1,nmol/L,Normal,66–181,nmol/L,Normal,1.0–4.0,Index,High
3982,6,Female,1.4,2.0,134.0,140.0,0.4–4.0,mIU/L,Normal,1.2–3.1,nmol/L,Normal,66–181,nmol/L,Normal,1.0–4.0,Index,High
3983,7,Male,0.94,2.0,93.0,110.0,0.4–4.0,mIU/L,Normal,1.2–3.1,nmol/L,Normal,66–181,nmol/L,Normal,1.0–4.0,Index,High
3984,34,Female,2.3,2.5,121.0,94.0,0.4–4.0,mIU/L,Normal,1.2–3.1,nmol/L,Normal,66–181,nmol/L,Normal,1.0–4.0,Index,High
3985,55,Female,9.2,1.8,87.0,84.0,0.4–4.0,mIU/L,High,1.2–3.1,nmol/L,Normal,66–181,nmol/L,Normal,1.0–4.0,Index,High
3986,27,,1.6,2.4,121.0,98.0,0.4–4.0,mIU/L,Normal,1.2–3.1,nmol/L,Normal,66–181,nmol/L,Normal,1.0–4.0,Index,High
3987,82,Female,1.0,2.4,139.0,121.0,0.4–4.0,mIU/L,Normal,1.2–3.1,nmol/L,Normal,66–181,nmol/L,Normal,1.0–4.0,Index,High
3988,21,Female,1.5,2.0,76.0,73.0,0.4–4.0,mIU/L,Normal,1.2–3.1,nmol/L,Normal,66–181,nmol/L,Normal,1.0–4.0,Index,High
3989,31,Female,188.0,1.3,63.0,53.0,0.4–4.0,mIU/L,High,1.2–3.1,nmol/L,Normal,66–181,nmol/L,Low,1.0–4.0,Index,High
3990,71,Female,5.1,1.8,87.0,98.0,0.4–4.0,mIU/L,High,1.2–3.1,nmol/L,Normal,66–181,nmol/L,Normal,1.0–4.0,Index,High
3991,40,Female,2.8,1.6,75.0,99.0,0.4–4.0,mIU/L,Normal,1.2–3.1,nmol/L,Normal,66–181,nmol/L,Normal,1.0–4.0,Index,High
3992,70,Male,1.5,1.5,70.0,91.0,0.4–4.0,mIU/L,Normal,1.2–3.1,nmol/L,Normal,66–181,nmol/L,Normal,1.0–4.0,Index,High
3993,70,Female,0.8,2.0,109.0,129.0,0.4–4.0,mIU/L,Normal,1.2–3.1,nmol/L,Normal,66–181,nmol/L,Normal,1.0–4.0,Index,High
3994,36,Female,6.0,1.7,121.0,108.0,0.4–4.0,mIU/L,High,1.2–3.1,nmol/L,Normal,66–181,nmol/L,Normal,1.0–4.0,Index,High
3995,36,Female,1.1,2.3,101.0,107.0,0.4–4.0,mIU/L,Normal,1.2–3.1,nmol/L,Normal,66–181,nmol/L,Normal,1.0–4.0,Index,High
3996,16,Female,1.1,2.2,90.0,92.0,0.4–4.0,mIU/L,Normal,1.2–3.1,nmol/L,Normal,66–181,nmol/L,Normal,1.0–4.0,Index,High
3997,16,Female,2.3,2.4,110.0,119.0,0.4–4.0,mIU/L,Normal,1.2–3.1,nmol/L,Normal,66–181,nmol/L,Normal,1.0–4.0,Index,High
3998,55,Male,2.2,1.6,84.0,92.0,0.4–4.0,mIU/L,Normal,1.2–3.1,nmol/L,Normal,66–181,nmol/L,Normal,1.0–4.0,Index,High
3999,25,Male,1.8,2.0,90.0,98.0,0.4–4.0,mIU/L,Normal,1.2–3.1,nmol/L,Normal,66–181,nmol/L,Normal,1.0–4.0,Index,High
4000,54,Male,14.4,1.1,51.0,75.0,0.4–4.0,mIU/L,High,1.2–3.1,nmol/L,Low,66–181,nmol/L,Low,1.0–4.0,Index,High
4001,33,Female,2.2,1.7,94.0,94.0,0.4–4.0,mIU/L,Normal,1.2–3.1,nmol/L,Normal,66–181,nmol/L,Normal,1.0–4.0,Index,High
4002,65,Female,4.7,1.6,72.0,85.0,0.4–4.0,mIU/L,High,1.2–3.1,nmol/L,Normal,66–181,nmol/L,Normal,1.0–4.0,Index,High
4003,72,Female,1.9,1.4,109.0,116.0,0.4–4.0,mIU/L,Normal,1.2–3.1,nmol/L,Normal,66–181,nmol/L,Normal,1.0–4.0,Index,High
4004,60,Male,0.4,2.0,113.0,110.0,0.4–4.0,mIU/L,Normal,1.2–3.1,nmol/L,Normal,66–181,nmol/L,Normal,1.0–4.0,Index,High
4005,69,Female,1.2,2.3,110.0,98.0,0.4–4.0,mIU/L,Normal,1.2–3.1,nmol/L,Normal,66–181,nmol/L,Normal,1.0–4.0,Index,High
4006,7,Female,7.3,1.6,64.0,66.0,0.4–4.0,mIU/L,High,1.2–3.1,nmol/L,Normal,66–181,nmol/L,Low,1.0–4.0,Index,High
4007,59,Female,0.04,2.5,161.0,195.0,0.4–4.0,mIU/L,Low,1.2–3.1,nmol/L,Normal,66–181,nmol/L,Normal,1.0–4.0,Index,High
4008,60,Male,30.5,1.0,32.0,51.0,0.4–4.0,mIU/L,High,1.2–3.1,nmol/L,Low,66–181,nmol/L,Low,1.0–4.0,Index,High
4009,29,Female,0.7,2.1,110.0,116.0,0.4–4.0,mIU/L,Normal,1.2–3.1,nmol/L,Normal,66–181,nmol/L,Normal,1.0–4.0,Index,High
4010,23,Female,0.04,3.8,131.0,125.0,0.4–4.0,mIU/L,Low,1.2–3.1,nmol/L,High,66–181,nmol/L,Normal,1.0–4.0,Index,High
4011,20,Female,1.2,2.1,106.0,115.0,0.4–4.0,mIU/L,Normal,1.2–3.1,nmol/L,Normal,66–181,nmol/L,Normal,1.0–4.0,Index,High
4012,21,Female,0.4,2.1,82.0,108.0,0.4–4.0,mIU/L,Normal,1.2–3.1,nmol/L,Normal,66–181,nmol/L,Normal,1.0–4.0,Index,High
4013,62,Male,1.3,2.5,91.0,90.0,0.4–4.0,mIU/L,Normal,1.2–3.1,nmol/L,Normal,66–181,nmol/L,Normal,1.0–4.0,Index,High
4014,67,Female,46.0,1.0,48.0,49.0,0.4–4.0,mIU/L,High,1.2–3.1,nmol/L,Low,66–181,nmol/L,Low,1.0–4.0,Index,High
4015,73,Female,3.1,1.5,120.0,127.0,0.4–4.0,mIU/L,Normal,1.2–3.1,nmol/L,Normal,66–181,nmol/L,Normal,1.0–4.0,Index,High
4016,73,,2.2,2.5,110.0,85.0,0.4–4.0,mIU/L,Normal,1.2–3.1,nmol/L,Normal,66–181,nmol/L,Normal,1.0–4.0,Index,High
4017,47,Female,1.1,2.8,96.0,103.0,0.4–4.0,mIU/L,Normal,1.2–3.1,nmol/L,Normal,66–181,nmol/L,Normal,1.0–4.0,Index,High
4018,13,Male,2.7,2.8,110.0,100.0,0.4–4.0,mIU/L,Normal,1.2–3.1,nmol/L,Normal,66–181,nmol/L,Normal,1.0–4.0,Index,High
4019,31,Female,0.045,2.7,163.0,172.0,0.4–4.0,mIU/L,Low,1.2–3.1,nmol/L,Normal,66–181,nmol/L,Normal,1.0–4.0,Index,High
4020,50,Female,0.6,2.0,83.0,63.0,0.4–4.0,mIU/L,Normal,1.2–3.1,nmol/L,Normal,66–181,nmol/L,Normal,1.0–4.0,Index,High
4021,87,Female,3.0,1.6,71.0,67.0,0.4–4.0,mIU/L,Normal,1.2–3.1,nmol/L,Normal,66–181,nmol/L,Normal,1.0–4.0,Index,High
4022,76,Male,2.7,1.4,91.0,108.0,0.4–4.0,mIU/L,Normal,1.2–3.1,nmol/L,Normal,66–181,nmol/L,Normal,1.0–4.0,Index,High
4023,48,Male,3.5,3.5,166.0,123.0,0.4–4.0,mIU/L,Normal,1.2–3.1,nmol/L,High,66–181,nmol/L,Normal,1.0–4.0,Index,High
4024,29,,0.5,2.5,80.0,91.0,0.4–4.0,mIU/L,Normal,1.2–3.1,nmol/L,Normal,66–181,nmol/L,Normal,1.0–4.0,Index,High
4025,72,Female,0.7,1.4,110.0,124.0,0.4–4.0,mIU/L,Normal,1.2–3.1,nmol/L,Normal,66–181,nmol/L,Normal,1.0–4.0,Index,High
4026,77,Female,0.045,1.2,67.0,69.0,0.4–4.0,mIU/L,Low,1.2–3.1,nmol/L,Normal,66–181,nmol/L,Normal,1.0–4.0,Index,High
4027,77,Male,0.015,10.599999,226.0,349.0,0.4–4.0,mIU/L,Low,1.2–3.1,nmol/L,High,66–181,nmol/L,High,1.0–4.0,Index,High
4028,25,Female,468.0,0.7,21.0,19.0,0.4–4.0,mIU/L,High,1.2–3.1,nmol/L,Low,66–181,nmol/L,Low,1.0–4.0,Index,High
4029,29,Female,1.3,2.8,144.0,123.0,0.4–4.0,mIU/L,Normal,1.2–3.1,nmol/L,Normal,66–181,nmol/L,Normal,1.0–4.0,Index,High
4030,63,Female,1.2,2.4,134.0,145.0,0.4–4.0,mIU/L,Normal,1.2–3.1,nmol/L,Normal,66–181,nmol/L,Normal,1.0–4.0,Index,High
4031,34,Male,2.2,2.3,99.0,125.0,0.4–4.0,mIU/L,Normal,1.2–3.1,nmol/L,Normal,66–181,nmol/L,Normal,1.0–4.0,Index,High
4032,22,Female,1.0,2.7,150.0,124.0,0.4–4.0,mIU/L,Normal,1.2–3.1,nmol/L,Normal,66–181,nmol/L,Normal,1.0–4.0,Index,High
4033,84,Female,1.4,2.5,134.0,120.0,0.4–4.0,mIU/L,Normal,1.2–3.1,nmol/L,Normal,66–181,nmol/L,Normal,1.0–4.0,Index,High
4034,31,Female,1.2,2.2,103.0,112.0,0.4–4.0,mIU/L,Normal,1.2–3.1,nmol/L,Normal,66–181,nmol/L,Normal,1.0–4.0,Index,High
4035,55,Female,3.2,1.7,126.0,101.0,0.4–4.0,mIU/L,Normal,1.2–3.1,nmol/L,Normal,66–181,nmol/L,Normal,1.0–4.0,Index,High
4036,65,Female,1.5,2.2,97.0,111.0,0.4–4.0,mIU/L,Normal,1.2–3.1,nmol/L,Normal,66–181,nmol/L,Normal,1.0–4.0,Index,High
4037,40,Female,2.6,1.8,62.0,73.0,0.4–4.0,mIU/L,Normal,1.2–3.1,nmol/L,Normal,66–181,nmol/L,Low,1.0–4.0,Index,High
4038,85,Female,3.3,2.3,120.0,126.0,0.4–4.0,mIU/L,Normal,1.2–3.1,nmol/L,Normal,66–181,nmol/L,Normal,1.0–4.0,Index,High
4039,71,Male,1.2,2.6,105.0,103.0,0.4–4.0,mIU/L,Normal,1.2–3.1,nmol/L,Normal,66–181,nmol/L,Normal,1.0–4.0,Index,High
4040,90,Female,1.8,2.4,73.0,69.0,0.4–4.0,mIU/L,Normal,1.2–3.1,nmol/L,Normal,66–181,nmol/L,Normal,1.0–4.0,Index,High
4041,74,Female,1.8,2.6,131.0,111.0,0.4–4.0,mIU/L,Normal,1.2–3.1,nmol/L,Normal,66–181,nmol/L,Normal,1.0–4.0,Index,High
4042,46,Male,1.1,2.8,143.0,110.0,0.4–4.0,mIU/L,Normal,1.2–3.1,nmol/L,Normal,66–181,nmol/L,Normal,1.0–4.0,Index,High
4043,65,Female,3.9,1.6,103.0,91.0,0.4–4.0,mIU/L,Normal,1.2–3.1,nmol/L,Normal,66–181,nmol/L,Normal,1.0–4.0,Index,High
4044,71,Female,1.0,1.7,79.0,83.0,0.4–4.0,mIU/L,Normal,1.2–3.1,nmol/L,Normal,66–181,nmol/L,Normal,1.0–4.0,Index,High
4045,64,Female,10.0,0.8,99.0,102.0,0.4–4.0,mIU/L,High,1.2–3.1,nmol/L,Low,66–181,nmol/L,Normal,1.0–4.0,Index,High
4046,4,Male,0.07,3.2,246.0,232.0,0.4–4.0,mIU/L,Low,1.2–3.1,nmol/L,High,66–181,nmol/L,High,1.0–4.0,Index,High
4047,63,Female,0.88,2.2,101.0,97.0,0.4–4.0,mIU/L,Normal,1.2–3.1,nmol/L,Normal,66–181,nmol/L,Normal,1.0–4.0,Index,High
4048,56,Male,3.2,1.7,87.0,100.0,0.4–4.0,mIU/L,Normal,1.2–3.1,nmol/L,Normal,66–181,nmol/L,Normal,1.0–4.0,Index,High
4049,63,Female,0.67,1.8,107.0,126.0,0.4–4.0,mIU/L,Normal,1.2–3.1,nmol/L,Normal,66–181,nmol/L,Normal,1.0–4.0,Index,High
4050,59,Male,0.02,2.7,117.0,157.0,0.4–4.0,mIU/L,Low,1.2–3.1,nmol/L,Normal,66–181,nmol/L,Normal,1.0–4.0,Index,High
4051,75,Female,0.83,1.9,116.0,117.0,0.4–4.0,mIU/L,Normal,1.2–3.1,nmol/L,Normal,66–181,nmol/L,Normal,1.0–4.0,Index,High
4052,75,,2.3,1.6,111.0,145.0,0.4–4.0,mIU/L,Normal,1.2–3.1,nmol/L,Normal,66–181,nmol/L,Normal,1.0–4.0,Index,High
4053,75,Female,0.31,2.2,85.0,71.0,0.4–4.0,mIU/L,Low,1.2–3.1,nmol/L,Normal,66–181,nmol/L,Normal,1.0–4.0,Index,High
4054,47,Female,0.68,1.8,104.0,117.0,0.4–4.0,mIU/L,Normal,1.2–3.1,nmol/L,Normal,66–181,nmol/L,Normal,1.0–4.0,Index,High
4055,38,Female,1.0,2.0,131.0,138.0,0.4–4.0,mIU/L,Normal,1.2–3.1,nmol/L,Normal,66–181,nmol/L,Normal,1.0–4.0,Index,High
4056,61,Male,2.2,1.7,79.0,101.0,0.4–4.0,mIU/L,Normal,1.2–3.1,nmol/L,Normal,66–181,nmol/L,Normal,1.0–4.0,Index,High
4057,41,Female,1.2,2.7,113.0,107.0,0.4–4.0,mIU/L,Normal,1.2–3.1,nmol/L,Normal,66–181,nmol/L,Normal,1.0–4.0,Index,High
4058,52,Male,9.2,2.2,72.0,66.0,0.4–4.0,mIU/L,High,1.2–3.1,nmol/L,Normal,66–181,nmol/L,Normal,1.0–4.0,Index,High
4059,46,Female,0.15,5.3,233.0,253.0,0.4–4.0,mIU/L,Low,1.2–3.1,nmol/L,High,66–181,nmol/L,High,1.0–4.0,Index,High
4060,42,Male,1.0,2.4,128.0,115.0,0.4–4.0,mIU/L,Normal,1.2–3.1,nmol/L,Normal,66–181,nmol/L,Normal,1.0–4.0,Index,High
4061,67,Female,52.0,1.2,65.0,71.0,0.4–4.0,mIU/L,High,1.2–3.1,nmol/L,Normal,66–181,nmol/L,Low,1.0–4.0,Index,High
4062,16,Female,3.6,2.6,94.0,100.0,0.4–4.0,mIU/L,Normal,1.2–3.1,nmol/L,Normal,66–181,nmol/L,Normal,1.0–4.0,Index,High
4063,16,,4.9,1.8,143.0,148.0,0.4–4.0,mIU/L,High,1.2–3.1,nmol/L,Normal,66–181,nmol/L,Normal,1.0–4.0,Index,High
4064,30,Female,5.3,2.1,92.0,88.0,0.4–4.0,mIU/L,High,1.2–3.1,nmol/L,Normal,66–181,nmol/L,Normal,1.0–4.0,Index,High
4065,78,Female,0.74,0.5,85.0,110.0,0.4–4.0,mIU/L,Normal,1.2–3.1,nmol/L,Low,66–181,nmol/L,Normal,1.0–4.0,Index,High
4066,68,,1.5,0.8,98.0,119.0,0.4–4.0,mIU/L,Normal,1.2–3.1,nmol/L,Low,66–181,nmol/L,Normal,1.0–4.0,Index,High
4067,77,Female,0.07,0.9,61.0,61.0,0.4–4.0,mIU/L,Low,1.2–3.1,nmol/L,Low,66–181,nmol/L,Low,1.0–4.0,Index,High
4068,70,Female,4.4,1.3,107.0,95.0,0.4–4.0,mIU/L,High,1.2–3.1,nmol/L,Normal,66–181,nmol/L,Normal,1.0–4.0,Index,High
4069,68,Female,2.6,1.8,104.0,95.0,0.4–4.0,mIU/L,Normal,1.2–3.1,nmol/L,Normal,66–181,nmol/L,Normal,1.0–4.0,Index,High
4070,39,Female,1.5,2.8,99.0,104.0,0.4–4.0,mIU/L,Normal,1.2–3.1,nmol/L,Normal,66–181,nmol/L,Normal,1.0–4.0,Index,High
4071,42,Female,0.04,1.9,117.0,153.0,0.4–4.0,mIU/L,Low,1.2–3.1,nmol/L,Normal,66–181,nmol/L,Normal,1.0–4.0,Index,High
4072,61,,0.29,1.5,119.0,132.0,0.4–4.0,mIU/L,Low,1.2–3.1,nmol/L,Normal,66–181,nmol/L,Normal,1.0–4.0,Index,High
4073,56,Female,0.015,4.1,191.0,191.0,0.4–4.0,mIU/L,Low,1.2–3.1,nmol/L,High,66–181,nmol/L,High,1.0–4.0,Index,High
4074,47,Female,4.4,1.6,100.0,99.0,0.4–4.0,mIU/L,High,1.2–3.1,nmol/L,Normal,66–181,nmol/L,Normal,1.0–4.0,Index,High
4075,73,Male,2.7,1.1,62.0,89.0,0.4–4.0,mIU/L,Normal,1.2–3.1,nmol/L,Low,66–181,nmol/L,Low,1.0–4.0,Index,High
4076,45,Female,2.0,1.7,93.0,111.0,0.4–4.0,mIU/L,Normal,1.2–3.1,nmol/L,Normal,66–181,nmol/L,Normal,1.0–4.0,Index,High
4077,65,Female,3.2,1.4,84.0,88.0,0.4–4.0,mIU/L,Normal,1.2–3.1,nmol/L,Normal,66–181,nmol/L,Normal,1.0–4.0,Index,High
4078,65,Female,0.36,2.4,128.0,127.0,0.4–4.0,mIU/L,Low,1.2–3.1,nmol/L,Normal,66–181,nmol/L,Normal,1.0–4.0,Index,High
4079,65,Female,1.5,1.7,116.0,108.0,0.4–4.0,mIU/L,Normal,1.2–3.1,nmol/L,Normal,66–181,nmol/L,Normal,1.0–4.0,Index,High
4080,63,Female,3.9,1.8,103.0,124.0,0.4–4.0,mIU/L,Normal,1.2–3.1,nmol/L,Normal,66–181,nmol/L,Normal,1.0–4.0,Index,High
4081,8,Male,1.1,2.2,77.0,91.0,0.4–4.0,mIU/L,Normal,1.2–3.1,nmol/L,Normal,66–181,nmol/L,Normal,1.0–4.0,Index,High
4082,61,Female,0.05,2.4,128.0,114.0,0.4–4.0,mIU/L,Low,1.2–3.1,nmol/L,Normal,66–181,nmol/L,Normal,1.0–4.0,Index,High
4083,41,Male,0.39,1.9,120.0,117.0,0.4–4.0,mIU/L,Low,1.2–3.1,nmol/L,Normal,66–181,nmol/L,Normal,1.0–4.0,Index,High
4084,71,Female,9.4,1.4,77.0,87.0,0.4–4.0,mIU/L,High,1.2–3.1,nmol/L,Normal,66–181,nmol/L,Normal,1.0–4.0,Index,High
4085,54,Male,16.0,1.5,60.0,77.0,0.4–4.0,mIU/L,High,1.2–3.1,nmol/L,Normal,66–181,nmol/L,Low,1.0–4.0,Index,High
4086,54,Female,3.3,0.7,76.0,105.0,0.4–4.0,mIU/L,Normal,1.2–3.1,nmol/L,Low,66–181,nmol/L,Normal,1.0–4.0,Index,High
4087,64,Female,1.5,2.3,116.0,107.0,0.4–4.0,mIU/L,Normal,1.2–3.1,nmol/L,Normal,66–181,nmol/L,Normal,1.0–4.0,Index,High
4088,64,Female,3.2,1.5,106.0,117.0,0.4–4.0,mIU/L,Normal,1.2–3.1,nmol/L,Normal,66–181,nmol/L,Normal,1.0–4.0,Index,High
4089,66,Female,1.9,1.3,109.0,105.0,0.4–4.0,mIU/L,Normal,1.2–3.1,nmol/L,Normal,66–181,nmol/L,Normal,1.0–4.0,Index,High
4090,76,Male,1.8,1.4,111.0,142.0,0.4–4.0,mIU/L,Normal,1.2–3.1,nmol/L,Normal,66–181,nmol/L,Normal,1.0–4.0,Index,High
4091,63,Female,2.7,0.7,41.0,69.0,0.4–4.0,mIU/L,Normal,1.2–3.1,nmol/L,Low,66–181,nmol/L,Low,1.0–4.0,Index,High
4092,15,Female,1.6,2.4,105.0,91.0,0.4–4.0,mIU/L,Normal,1.2–3.1,nmol/L,Normal,66–181,nmol/L,Normal,1.0–4.0,Index,High
4093,14,Male,2.9,3.1,112.0,106.0,0.4–4.0,mIU/L,Normal,1.2–3.1,nmol/L,Normal,66–181,nmol/L,Normal,1.0–4.0,Index,High
4094,27,Male,2.2,1.7,89.0,104.0,0.4–4.0,mIU/L,Normal,1.2–3.1,nmol/L,Normal,66–181,nmol/L,Normal,1.0–4.0,Index,High
4095,31,Female,3.1,1.8,120.0,99.0,0.4–4.0,mIU/L,Normal,1.2–3.1,nmol/L,Normal,66–181,nmol/L,Normal,1.0–4.0,Index,High
4096,34,Female,2.4,3.2,137.0,80.0,0.4–4.0,mIU/L,Normal,1.2–3.1,nmol/L,High,66–181,nmol/L,Normal,1.0–4.0,Index,High
4097,42,Male,1.1,1.7,79.0,90.0,0.4–4.0,mIU/L,Normal,1.2–3.1,nmol/L,Normal,66–181,nmol/L,Normal,1.0–4.0,Index,High
4098,39,Female,2.2,1.9,98.0,110.0,0.4–4.0,mIU/L,Normal,1.2–3.1,nmol/L,Normal,66–181,nmol/L,Normal,1.0–4.0,Index,High
4099,70,,0.02,1.5,160.0,171.0,0.4–4.0,mIU/L,Low,1.2–3.1,nmol/L,Normal,66–181,nmol/L,Normal,1.0–4.0,Index,High
4100,49,Female,1.2,1.8,109.0,104.0,0.4–4.0,mIU/L,Normal,1.2–3.1,nmol/L,Normal,66–181,nmol/L,Normal,1.0–4.0,Index,High
4101,36,Female,0.24,2.4,119.0,109.0,0.4–4.0,mIU/L,Low,1.2–3.1,nmol/L,Normal,66–181,nmol/L,Normal,1.0–4.0,Index,High
4102,63,Female,3.3,0.9,82.0,75.0,0.4–4.0,mIU/L,Normal,1.2–3.1,nmol/L,Low,66–181,nmol/L,Normal,1.0–4.0,Index,High
4103,76,Female,1.1,2.6,122.0,98.0,0.4–4.0,mIU/L,Normal,1.2–3.1,nmol/L,Normal,66–181,nmol/L,Normal,1.0–4.0,Index,High
4104,69,Female,1.1,1.9,135.0,141.0,0.4–4.0,mIU/L,Normal,1.2–3.1,nmol/L,Normal,66–181,nmol/L,Normal,1.0–4.0,Index,High
4105,34,Male,2.1,1.7,138.0,134.0,0.4–4.0,mIU/L,Normal,1.2–3.1,nmol/L,Normal,66–181,nmol/L,Normal,1.0–4.0,Index,High
4106,25,Female,26.4,2.3,73.0,67.0,0.4–4.0,mIU/L,High,1.2–3.1,nmol/L,Normal,66–181,nmol/L,Normal,1.0–4.0,Index,High
4107,83,Female,2.5,1.5,91.0,113.0,0.4–4.0,mIU/L,Normal,1.2–3.1,nmol/L,Normal,66–181,nmol/L,Normal,1.0–4.0,Index,High
4108,60,Female,1.6,2.1,112.0,114.0,0.4–4.0,mIU/L,Normal,1.2–3.1,nmol/L,Normal,66–181,nmol/L,Normal,1.0–4.0,Index,High
4109,84,Female,0.5,2.1,138.0,150.0,0.4–4.0,mIU/L,Normal,1.2–3.1,nmol/L,Normal,66–181,nmol/L,Normal,1.0–4.0,Index,High
4110,37,Male,0.65,1.3,136.0,115.0,0.4–4.0,mIU/L,Normal,1.2–3.1,nmol/L,Normal,66–181,nmol/L,Normal,1.0–4.0,Index,High
4111,80,Female,5.3,2.0,86.0,83.0,0.4–4.0,mIU/L,High,1.2–3.1,nmol/L,Normal,66–181,nmol/L,Normal,1.0–4.0,Index,High
4112,65,Male,1.3,2.1,111.0,112.0,0.4–4.0,mIU/L,Normal,1.2–3.1,nmol/L,Normal,66–181,nmol/L,Normal,1.0–4.0,Index,High
4113,55,Male,2.1,2.2,84.0,99.0,0.4–4.0,mIU/L,Normal,1.2–3.1,nmol/L,Normal,66–181,nmol/L,Normal,1.0–4.0,Index,High
4114,28,Female,7.1,1.7,96.0,108.0,0.4–4.0,mIU/L,High,1.2–3.1,nmol/L,Normal,66–181,nmol/L,Normal,1.0–4.0,Index,High
4115,28,Female,0.47,2.2,161.0,153.0,0.4–4.0,mIU/L,Normal,1.2–3.1,nmol/L,Normal,66–181,nmol/L,Normal,1.0–4.0,Index,High
4116,53,Male,1.7,1.9,110.0,150.0,0.4–4.0,mIU/L,Normal,1.2–3.1,nmol/L,Normal,66–181,nmol/L,Normal,1.0–4.0,Index,High
4117,41,Female,0.02,2.0,122.0,122.0,0.4–4.0,mIU/L,Low,1.2–3.1,nmol/L,Normal,66–181,nmol/L,Normal,1.0–4.0,Index,High
4118,77,Female,2.2,0.2,80.0,99.0,0.4–4.0,mIU/L,Normal,1.2–3.1,nmol/L,Low,66–181,nmol/L,Normal,1.0–4.0,Index,High
4119,57,Female,1.6,2.5,103.0,101.0,0.4–4.0,mIU/L,Normal,1.2–3.1,nmol/L,Normal,66–181,nmol/L,Normal,1.0–4.0,Index,High
4120,57,,0.67,2.6,79.0,93.0,0.4–4.0,mIU/L,Normal,1.2–3.1,nmol/L,Normal,66–181,nmol/L,Normal,1.0–4.0,Index,High
4121,40,Male,1.1,2.8,107.0,99.0,0.4–4.0,mIU/L,Normal,1.2–3.1,nmol/L,Normal,66–181,nmol/L,Normal,1.0–4.0,Index,High
4122,28,Female,1.3,1.4,120.0,146.0,0.4–4.0,mIU/L,Normal,1.2–3.1,nmol/L,Normal,66–181,nmol/L,Normal,1.0–4.0,Index,High
4123,57,Male,0.62,2.4,118.0,106.0,0.4–4.0,mIU/L,Normal,1.2–3.1,nmol/L,Normal,66–181,nmol/L,Normal,1.0–4.0,Index,High
4124,65,Female,55.0,0.7,15.0,14.0,0.4–4.0,mIU/L,High,1.2–3.1,nmol/L,Low,66–181,nmol/L,Low,1.0–4.0,Index,High
4125,34,Male,4.0,1.8,135.0,134.0,0.4–4.0,mIU/L,Normal,1.2–3.1,nmol/L,Normal,66–181,nmol/L,Normal,1.0–4.0,Index,High
4126,73,Female,2.5,2.0,134.0,115.0,0.4–4.0,mIU/L,Normal,1.2–3.1,nmol/L,Normal,66–181,nmol/L,Normal,1.0–4.0,Index,High
4127,69,Female,0.69,1.6,89.0,93.0,0.4–4.0,mIU/L,Normal,1.2–3.1,nmol/L,Normal,66–181,nmol/L,Normal,1.0–4.0,Index,High
4128,72,Male,2.3,1.2,77.0,91.0,0.4–4.0,mIU/L,Normal,1.2–3.1,nmol/L,Normal,66–181,nmol/L,Normal,1.0–4.0,Index,High
4129,65,Female,0.32,2.7,96.0,69.0,0.4–4.0,mIU/L,Low,1.2–3.1,nmol/L,Normal,66–181,nmol/L,Normal,1.0–4.0,Index,High
4130,47,Female,1.7,1.7,91.0,94.0,0.4–4.0,mIU/L,Normal,1.2–3.1,nmol/L,Normal,66–181,nmol/L,Normal,1.0–4.0,Index,High
4131,55,Female,4.5,1.7,91.0,84.0,0.4–4.0,mIU/L,High,1.2–3.1,nmol/L,Normal,66–181,nmol/L,Normal,1.0–4.0,Index,High
4132,61,Male,1.2,2.3,143.0,141.0,0.4–4.0,mIU/L,Normal,1.2–3.1,nmol/L,Normal,66–181,nmol/L,Normal,1.0–4.0,Index,High
4133,23,Male,0.66,2.3,114.0,129.0,0.4–4.0,mIU/L,Normal,1.2–3.1,nmol/L,Normal,66–181,nmol/L,Normal,1.0–4.0,Index,High
4134,73,Male,2.1,1.9,118.0,131.0,0.4–4.0,mIU/L,Normal,1.2–3.1,nmol/L,Normal,66–181,nmol/L,Normal,1.0–4.0,Index,High
4135,71,Female,0.5,2.2,198.0,160.0,0.4–4.0,mIU/L,Normal,1.2–3.1,nmol/L,Normal,66–181,nmol/L,High,1.0–4.0,Index,High
4136,14,Male,3.8,2.5,80.0,90.0,0.4–4.0,mIU/L,Normal,1.2–3.1,nmol/L,Normal,66–181,nmol/L,Normal,1.0–4.0,Index,High
4137,43,,6.6,1.4,137.0,123.0,0.4–4.0,mIU/L,High,1.2–3.1,nmol/L,Normal,66–181,nmol/L,Normal,1.0–4.0,Index,High
4138,22,Female,2.6,1.1,102.0,125.0,0.4–4.0,mIU/L,Normal,1.2–3.1,nmol/L,Low,66–181,nmol/L,Normal,1.0–4.0,Index,High
4139,32,Female,0.05,3.9,289.0,165.0,0.4–4.0,mIU/L,Low,1.2–3.1,nmol/L,High,66–181,nmol/L,High,1.0–4.0,Index,High
4140,22,Female,1.3,1.8,118.0,123.0,0.4–4.0,mIU/L,Normal,1.2–3.1,nmol/L,Normal,66–181,nmol/L,Normal,1.0–4.0,Index,High
4141,42,Female,0.02,2.6,203.0,200.0,0.4–4.0,mIU/L,Low,1.2–3.1,nmol/L,Normal,66–181,nmol/L,High,1.0–4.0,Index,High
4142,81,Female,1.4,1.0,92.0,93.0,0.4–4.0,mIU/L,Normal,1.2–3.1,nmol/L,Low,66–181,nmol/L,Normal,1.0–4.0,Index,High
4143,39,Female,0.06,2.4,148.0,138.0,0.4–4.0,mIU/L,Low,1.2–3.1,nmol/L,Normal,66–181,nmol/L,Normal,1.0–4.0,Index,High
4144,39,Female,1.2,2.0,102.0,110.0,0.4–4.0,mIU/L,Normal,1.2–3.1,nmol/L,Normal,66–181,nmol/L,Normal,1.0–4.0,Index,High
4145,47,Male,0.02,1.2,72.0,88.0,0.4–4.0,mIU/L,Low,1.2–3.1,nmol/L,Normal,66–181,nmol/L,Normal,1.0–4.0,Index,High
4146,81,Female,1.8,1.8,148.0,125.0,0.4–4.0,mIU/L,Normal,1.2–3.1,nmol/L,Normal,66–181,nmol/L,Normal,1.0–4.0,Index,High
4147,74,Female,5.4,1.4,109.0,131.0,0.4–4.0,mIU/L,High,1.2–3.1,nmol/L,Normal,66–181,nmol/L,Normal,1.0–4.0,Index,High
4148,55,Male,2.0,1.2,95.0,96.0,0.4–4.0,mIU/L,Normal,1.2–3.1,nmol/L,Normal,66–181,nmol/L,Normal,1.0–4.0,Index,High
4149,55,Female,0.9,1.6,126.0,135.0,0.4–4.0,mIU/L,Normal,1.2–3.1,nmol/L,Normal,66–181,nmol/L,Normal,1.0–4.0,Index,High
4150,29,Female,2.1,2.2,101.0,129.0,0.4–4.0,mIU/L,Normal,1.2–3.1,nmol/L,Normal,66–181,nmol/L,Normal,1.0–4.0,Index,High
4151,28,Female,0.36,3.0,131.0,126.0,0.4–4.0,mIU/L,Low,1.2–3.1,nmol/L,Normal,66–181,nmol/L,Normal,1.0–4.0,Index,High
4152,70,Male,3.6,1.0,60.0,68.0,0.4–4.0,mIU/L,Normal,1.2–3.1,nmol/L,Low,66–181,nmol/L,Low,1.0–4.0,Index,High
4153,65,Female,2.2,1.9,101.0,102.0,0.4–4.0,mIU/L,Normal,1.2–3.1,nmol/L,Normal,66–181,nmol/L,Normal,1.0–4.0,Index,High
4154,72,,4.1,1.6,94.0,102.0,0.4–4.0,mIU/L,High,1.2–3.1,nmol/L,Normal,66–181,nmol/L,Normal,1.0–4.0,Index,High
4155,42,Male,0.2,1.9,151.0,154.0,0.4–4.0,mIU/L,Low,1.2–3.1,nmol/L,Normal,66–181,nmol/L,Normal,1.0–4.0,Index,High
4156,74,,22.0,1.2,71.0,64.0,0.4–4.0,mIU/L,High,1.2–3.1,nmol/L,Normal,66–181,nmol/L,Normal,1.0–4.0,Index,High
4157,51,Female,0.04,3.7,169.0,148.0,0.4–4.0,mIU/L,Low,1.2–3.1,nmol/L,High,66–181,nmol/L,Normal,1.0–4.0,Index,High
4158,68,Female,4.8,2.0,87.0,91.0,0.4–4.0,mIU/L,High,1.2–3.1,nmol/L,Normal,66–181,nmol/L,Normal,1.0–4.0,Index,High
4159,45,Female,0.08,4.8,257.0,214.0,0.4–4.0,mIU/L,Low,1.2–3.1,nmol/L,High,66–181,nmol/L,High,1.0–4.0,Index,High
4160,53,Female,0.05,4.3,184.0,155.0,0.4–4.0,mIU/L,Low,1.2–3.1,nmol/L,High,66–181,nmol/L,High,1.0–4.0,Index,High
4161,54,Female,1.8,1.8,94.0,94.0,0.4–4.0,mIU/L,Normal,1.2–3.1,nmol/L,Normal,66–181,nmol/L,Normal,1.0–4.0,Index,High
4162,30,Female,0.76,3.4,129.0,84.0,0.4–4.0,mIU/L,Normal,1.2–3.1,nmol/L,High,66–181,nmol/L,Normal,1.0–4.0,Index,High
4163,40,,2.1,0.6,79.0,87.0,0.4–4.0,mIU/L,Normal,1.2–3.1,nmol/L,Low,66–181,nmol/L,Normal,1.0–4.0,Index,High
4164,40,,34.0,1.7,78.0,87.0,0.4–4.0,mIU/L,High,1.2–3.1,nmol/L,Normal,66–181,nmol/L,Normal,1.0–4.0,Index,High
4165,75,Female,6.7,2.1,160.0,132.0,0.4–4.0,mIU/L,High,1.2–3.1,nmol/L,Normal,66–181,nmol/L,Normal,1.0–4.0,Index,High
4166,58,Female,0.26,2.7,120.0,95.0,0.4–4.0,mIU/L,Low,1.2–3.1,nmol/L,Normal,66–181,nmol/L,Normal,1.0–4.0,Index,High
4167,55,Female,0.99,1.3,93.0,108.0,0.4–4.0,mIU/L,Normal,1.2–3.1,nmol/L,Normal,66–181,nmol/L,Normal,1.0–4.0,Index,High
4168,28,Female,6.1,2.2,136.0,110.0,0.4–4.0,mIU/L,High,1.2–3.1,nmol/L,Normal,66–181,nmol/L,Normal,1.0–4.0,Index,High
4169,60,Female,0.035,2.3,160.0,151.0,0.4–4.0,mIU/L,Low,1.2–3.1,nmol/L,Normal,66–181,nmol/L,Normal,1.0–4.0,Index,High
4170,62,Male,0.72,0.5,78.0,82.0,0.4–4.0,mIU/L,Normal,1.2–3.1,nmol/L,Low,66–181,nmol/L,Normal,1.0–4.0,Index,High
4171,34,Female,27.0,4.4,273.0,222.0,0.4–4.0,mIU/L,High,1.2–3.1,nmol/L,High,66–181,nmol/L,High,1.0–4.0,Index,High
4172,77,Female,1.6,1.5,117.0,136.0,0.4–4.0,mIU/L,Normal,1.2–3.1,nmol/L,Normal,66–181,nmol/L,Normal,1.0–4.0,Index,High
4173,80,Female,7.9,1.5,106.0,113.0,0.4–4.0,mIU/L,High,1.2–3.1,nmol/L,Normal,66–181,nmol/L,Normal,1.0–4.0,Index,High
4174,59,Female,1.7,1.2,101.0,112.0,0.4–4.0,mIU/L,Normal,1.2–3.1,nmol/L,Normal,66–181,nmol/L,Normal,1.0–4.0,Index,High
4175,65,Male,0.4,1.0,154.0,149.0,0.4–4.0,mIU/L,Normal,1.2–3.1,nmol/L,Low,66–181,nmol/L,Normal,1.0–4.0,Index,High
4176,23,Female,7.9,2.2,104.0,97.0,0.4–4.0,mIU/L,High,1.2–3.1,nmol/L,Normal,66–181,nmol/L,Normal,1.0–4.0,Index,High
4177,23,Male,1.3,1.8,122.0,111.0,0.4–4.0,mIU/L,Normal,1.2–3.1,nmol/L,Normal,66–181,nmol/L,Normal,1.0–4.0,Index,High
4178,31,Female,3.0,2.1,86.0,86.0,0.4–4.0,mIU/L,Normal,1.2–3.1,nmol/L,Normal,66–181,nmol/L,Normal,1.0–4.0,Index,High
4179,72,Female,0.005,2.1,98.0,109.0,0.4–4.0,mIU/L,Low,1.2–3.1,nmol/L,Normal,66–181,nmol/L,Normal,1.0–4.0,Index,High
4180,63,Female,0.63,2.3,139.0,125.0,0.4–4.0,mIU/L,Normal,1.2–3.1,nmol/L,Normal,66–181,nmol/L,Normal,1.0–4.0,Index,High
4181,27,Female,0.02,5.3,272.0,281.0,0.4–4.0,mIU/L,Low,1.2–3.1,nmol/L,High,66–181,nmol/L,High,1.0–4.0,Index,High
4182,77,Female,1.3,1.8,104.0,100.0,0.4–4.0,mIU/L,Normal,1.2–3.1,nmol/L,Normal,66–181,nmol/L,Normal,1.0–4.0,Index,High
4183,46,Male,0.02,4.5,156.0,205.0,0.4–4.0,mIU/L,Low,1.2–3.1,nmol/L,High,66–181,nmol/L,Normal,1.0–4.0,Index,High
4184,42,Male,0.67,1.9,74.0,93.0,0.4–4.0,mIU/L,Normal,1.2–3.1,nmol/L,Normal,66–181,nmol/L,Normal,1.0–4.0,Index,High
4185,50,Male,13.0,1.3,86.0,99.0,0.4–4.0,mIU/L,High,1.2–3.1,nmol/L,Normal,66–181,nmol/L,Normal,1.0–4.0,Index,High
4186,19,Female,1.6,1.6,94.0,89.0,0.4–4.0,mIU/L,Normal,1.2–3.1,nmol/L,Normal,66–181,nmol/L,Normal,1.0–4.0,Index,High
4187,19,Male,0.005,2.0,147.0,163.0,0.4–4.0,mIU/L,Low,1.2–3.1,nmol/L,Normal,66–181,nmol/L,Normal,1.0–4.0,Index,High
4188,19,Female,3.7,1.1,126.0,138.0,0.4–4.0,mIU/L,Normal,1.2–3.1,nmol/L,Low,66–181,nmol/L,Normal,1.0–4.0,Index,High
4189,32,Female,0.005,2.9,138.0,120.0,0.4–4.0,mIU/L,Low,1.2–3.1,nmol/L,Normal,66–181,nmol/L,Normal,1.0–4.0,Index,High
4190,53,Female,2.4,3.7,172.0,103.0,0.4–4.0,mIU/L,Normal,1.2–3.1,nmol/L,High,66–181,nmol/L,Normal,1.0–4.0,Index,High
4191,64,Female,1.2,2.3,177.0,117.0,0.4–4.0,mIU/L,Normal,1.2–3.1,nmol/L,Normal,66–181,nmol/L,Normal,1.0–4.0,Index,High
4192,19,Male,2.3,2.3,82.0,92.0,0.4–4.0,mIU/L,Normal,1.2–3.1,nmol/L,Normal,66–181,nmol/L,Normal,1.0–4.0,Index,High
4193,21,Female,1.2,1.6,99.0,114.0,0.4–4.0,mIU/L,Normal,1.2–3.1,nmol/L,Normal,66–181,nmol/L,Normal,1.0–4.0,Index,High
4194,44,Male,11.0,0.8,86.0,130.0,0.4–4.0,mIU/L,High,1.2–3.1,nmol/L,Low,66–181,nmol/L,Normal,1.0–4.0,Index,High
4195,76,Male,1.2,2.1,81.0,86.0,0.4–4.0,mIU/L,Normal,1.2–3.1,nmol/L,Normal,66–181,nmol/L,Normal,1.0–4.0,Index,High
4196,30,Female,5.0,2.4,99.0,93.0,0.4–4.0,mIU/L,High,1.2–3.1,nmol/L,Normal,66–181,nmol/L,Normal,1.0–4.0,Index,High
4197,55,Female,9.299999,1.9,85.0,80.0,0.4–4.0,mIU/L,High,1.2–3.1,nmol/L,Normal,66–181,nmol/L,Normal,1.0–4.0,Index,High
4198,42,Female,2.5,2.1,121.0,108.0,0.4–4.0,mIU/L,Normal,1.2–3.1,nmol/L,Normal,66–181,nmol/L,Normal,1.0–4.0,Index,High
4199,45,Female,1.6,1.8,89.0,112.0,0.4–4.0,mIU/L,Normal,1.2–3.1,nmol/L,Normal,66–181,nmol/L,Normal,1.0–4.0,Index,High
4200,89,Female,2.5,1.8,86.0,83.0,0.4–4.0,mIU/L,Normal,1.2–3.1,nmol/L,Normal,66–181,nmol/L,Normal,1.0–4.0,Index,High
4201,26,Male,1.9,2.9,94.0,82.0,0.4–4.0,mIU/L,Normal,1.2–3.1,nmol/L,Normal,66–181,nmol/L,Normal,1.0–4.0,Index,High
4202,26,Female,2.7,2.8,96.0,118.0,0.4–4.0,mIU/L,Normal,1.2–3.1,nmol/L,Normal,66–181,nmol/L,Normal,1.0–4.0,Index,High
4203,75,Male,1.8,2.0,102.0,124.0,0.4–4.0,mIU/L,Normal,1.2–3.1,nmol/L,Normal,66–181,nmol/L,Normal,1.0–4.0,Index,High
4204,43,Female,2.0,2.6,87.0,78.0,0.4–4.0,mIU/L,Normal,1.2–3.1,nmol/L,Normal,66–181,nmol/L,Normal,1.0–4.0,Index,High
4205,41,Female,2.0,2.5,109.0,105.0,0.4–4.0,mIU/L,Normal,1.2–3.1,nmol/L,Normal,66–181,nmol/L,Normal,1.0–4.0,Index,High
4206,63,Female,42.0,1.6,60.0,64.0,0.4–4.0,mIU/L,High,1.2–3.1,nmol/L,Normal,66–181,nmol/L,Low,1.0–4.0,Index,High
4207,38,,1.4,1.5,95.0,104.0,0.4–4.0,mIU/L,Normal,1.2–3.1,nmol/L,Normal,66–181,nmol/L,Normal,1.0–4.0,Index,High
4208,68,Female,1.4,1.8,120.0,110.0,0.4–4.0,mIU/L,Normal,1.2–3.1,nmol/L,Normal,66–181,nmol/L,Normal,1.0–4.0,Index,High
4209,60,Female,1.4,1.7,103.0,116.0,0.4–4.0,mIU/L,Normal,1.2–3.1,nmol/L,Normal,66–181,nmol/L,Normal,1.0–4.0,Index,High
4210,46,Male,0.98,2.5,120.0,113.0,0.4–4.0,mIU/L,Normal,1.2–3.1,nmol/L,Normal,66–181,nmol/L,Normal,1.0–4.0,Index,High
4211,74,Male,2.9,1.6,90.0,114.0,0.4–4.0,mIU/L,Normal,1.2–3.1,nmol/L,Normal,66–181,nmol/L,Normal,1.0–4.0,Index,High
4212,17,Female,1.6,1.1,52.0,145.0,0.4–4.0,mIU/L,Normal,1.2–3.1,nmol/L,Low,66–181,nmol/L,Low,1.0–4.0,Index,High
4213,14,Female,1.9,3.0,128.0,116.0,0.4–4.0,mIU/L,Normal,1.2–3.1,nmol/L,Normal,66–181,nmol/L,Normal,1.0–4.0,Index,High
4214,31,Female,2.2,2.5,85.0,105.0,0.4–4.0,mIU/L,Normal,1.2–3.1,nmol/L,Normal,66–181,nmol/L,Normal,1.0–4.0,Index,High
4215,45,Female,3.2,2.0,73.0,99.0,0.4–4.0,mIU/L,Normal,1.2–3.1,nmol/L,Normal,66–181,nmol/L,Normal,1.0–4.0,Index,High
4216,56,Male,0.66,1.7,114.0,128.0,0.4–4.0,mIU/L,Normal,1.2–3.1,nmol/L,Normal,66–181,nmol/L,Normal,1.0–4.0,Index,High
4217,41,Female,0.82,1.4,129.0,147.0,0.4–4.0,mIU/L,Normal,1.2–3.1,nmol/L,Normal,66–181,nmol/L,Normal,1.0–4.0,Index,High
4218,57,Female,1.8,3.0,106.0,96.0,0.4–4.0,mIU/L,Normal,1.2–3.1,nmol/L,Normal,66–181,nmol/L,Normal,1.0–4.0,Index,High
4219,65,Female,0.03,1.9,139.0,165.0,0.4–4.0,mIU/L,Low,1.2–3.1,nmol/L,Normal,66–181,nmol/L,Normal,1.0–4.0,Index,High
4220,61,Female,0.03,1.8,145.0,140.0,0.4–4.0,mIU/L,Low,1.2–3.1,nmol/L,Normal,66–181,nmol/L,Normal,1.0–4.0,Index,High
4221,38,Female,0.88,1.6,108.0,127.0,0.4–4.0,mIU/L,Normal,1.2–3.1,nmol/L,Normal,66–181,nmol/L,Normal,1.0–4.0,Index,High
4222,50,Female,0.03,3.4,131.0,129.0,0.4–4.0,mIU/L,Low,1.2–3.1,nmol/L,High,66–181,nmol/L,Normal,1.0–4.0,Index,High
4223,18,Male,25.0,1.1,136.0,143.0,0.4–4.0,mIU/L,High,1.2–3.1,nmol/L,Low,66–181,nmol/L,Normal,1.0–4.0,Index,High
4224,22,Female,2.3,3.6,148.0,104.0,0.4–4.0,mIU/L,Normal,1.2–3.1,nmol/L,High,66–181,nmol/L,Normal,1.0–4.0,Index,High
4225,53,Female,0.03,5.4,162.0,222.0,0.4–4.0,mIU/L,Low,1.2–3.1,nmol/L,High,66–181,nmol/L,Normal,1.0–4.0,Index,High
4226,29,Male,2.3,1.9,100.0,107.0,0.4–4.0,mIU/L,Normal,1.2–3.1,nmol/L,Normal,66–181,nmol/L,Normal,1.0–4.0,Index,High
4227,73,Female,0.03,1.7,127.0,143.0,0.4–4.0,mIU/L,Low,1.2–3.1,nmol/L,Normal,66–181,nmol/L,Normal,1.0–4.0,Index,High
4228,41,Female,5.1,1.8,91.0,82.0,0.4–4.0,mIU/L,High,1.2–3.1,nmol/L,Normal,66–181,nmol/L,Normal,1.0–4.0,Index,High
4229,64,Female,0.73,2.0,152.0,131.0,0.4–4.0,mIU/L,Normal,1.2–3.1,nmol/L,Normal,66–181,nmol/L,Normal,1.0–4.0,Index,High
4230,29,Male,0.33,2.2,142.0,153.0,0.4–4.0,mIU/L,Low,1.2–3.1,nmol/L,Normal,66–181,nmol/L,Normal,1.0–4.0,Index,High
4231,35,Female,0.14,1.9,73.0,63.0,0.4–4.0,mIU/L,Low,1.2–3.1,nmol/L,Normal,66–181,nmol/L,Normal,1.0–4.0,Index,High
4232,60,Female,1.7,1.6,130.0,123.0,0.4–4.0,mIU/L,Normal,1.2–3.1,nmol/L,Normal,66–181,nmol/L,Normal,1.0–4.0,Index,High
4233,36,Female,1.3,2.1,81.0,90.0,0.4–4.0,mIU/L,Normal,1.2–3.1,nmol/L,Normal,66–181,nmol/L,Normal,1.0–4.0,Index,High
4234,57,Male,0.62,1.5,74.0,96.0,0.4–4.0,mIU/L,Normal,1.2–3.1,nmol/L,Normal,66–181,nmol/L,Normal,1.0–4.0,Index,High
4235,54,Female,0.58,2.6,100.0,99.0,0.4–4.0,mIU/L,Normal,1.2–3.1,nmol/L,Normal,66–181,nmol/L,Normal,1.0–4.0,Index,High
4236,83,Male,2.3,0.9,56.0,84.0,0.4–4.0,mIU/L,Normal,1.2–3.1,nmol/L,Low,66–181,nmol/L,Low,1.0–4.0,Index,High
4237,38,Female,0.93,1.6,131.0,101.0,0.4–4.0,mIU/L,Normal,1.2–3.1,nmol/L,Normal,66–181,nmol/L,Normal,1.0–4.0,Index,High
4238,37,Female,1.6,2.2,104.0,105.0,0.4–4.0,mIU/L,Normal,1.2–3.1,nmol/L,Normal,66–181,nmol/L,Normal,1.0–4.0,Index,High
4239,20,Female,1.3,1.7,104.0,108.0,0.4–4.0,mIU/L,Normal,1.2–3.1,nmol/L,Normal,66–181,nmol/L,Normal,1.0–4.0,Index,High
4240,16,,3.1,1.1,96.0,111.0,0.4–4.0,mIU/L,Normal,1.2–3.1,nmol/L,Low,66–181,nmol/L,Normal,1.0–4.0,Index,High
4241,38,Male,3.0,1.7,84.0,85.0,0.4–4.0,mIU/L,Normal,1.2–3.1,nmol/L,Normal,66–181,nmol/L,Normal,1.0–4.0,Index,High
4242,61,Female,0.35,1.4,108.0,105.0,0.4–4.0,mIU/L,Low,1.2–3.1,nmol/L,Normal,66–181,nmol/L,Normal,1.0–4.0,Index,High
4243,30,Female,1.8,2.1,116.0,110.0,0.4–4.0,mIU/L,Normal,1.2–3.1,nmol/L,Normal,66–181,nmol/L,Normal,1.0–4.0,Index,High
4244,2,Female,4.2,2.1,152.0,163.0,0.4–4.0,mIU/L,High,1.2–3.1,nmol/L,Normal,66–181,nmol/L,Normal,1.0–4.0,Index,High
4245,21,,3.1,3.1,164.0,201.0,0.4–4.0,mIU/L,Normal,1.2–3.1,nmol/L,Normal,66–181,nmol/L,Normal,1.0–4.0,Index,High
4246,37,Female,0.57,2.6,159.0,114.0,0.4–4.0,mIU/L,Normal,1.2–3.1,nmol/L,Normal,66–181,nmol/L,Normal,1.0–4.0,Index,High
4247,59,Female,0.09,1.3,80.0,79.0,0.4–4.0,mIU/L,Low,1.2–3.1,nmol/L,Normal,66–181,nmol/L,Normal,1.0–4.0,Index,High
4248,30,Male,1.1,3.1,119.0,109.0,0.4–4.0,mIU/L,Normal,1.2–3.1,nmol/L,Normal,66–181,nmol/L,Normal,1.0–4.0,Index,High
4249,41,Female,2.8,1.6,75.0,99.0,0.4–4.0,mIU/L,Normal,1.2–3.1,nmol/L,Normal,66–181,nmol/L,Normal,1.0–4.0,Index,High
4250,69,Female,26.0,2.0,89.0,59.0,0.4–4.0,mIU/L,High,1.2–3.1,nmol/L,Normal,66–181,nmol/L,Normal,1.0–4.0,Index,High
4251,62,Male,13.0,0.8,83.0,103.0,0.4–4.0,mIU/L,High,1.2–3.1,nmol/L,Low,66–181,nmol/L,Normal,1.0–4.0,Index,High
4252,62,,1.3,1.5,96.0,109.0,0.4–4.0,mIU/L,Normal,1.2–3.1,nmol/L,Normal,66–181,nmol/L,Normal,1.0–4.0,Index,High
4253,72,Female,5.8,1.4,107.0,100.0,0.4–4.0,mIU/L,High,1.2–3.1,nmol/L,Normal,66–181,nmol/L,Normal,1.0–4.0,Index,High
4254,19,Female,0.45,3.2,130.0,71.0,0.4–4.0,mIU/L,Normal,1.2–3.1,nmol/L,High,66–181,nmol/L,Normal,1.0–4.0,Index,High
4255,19,Female,5.0,2.2,115.0,114.0,0.4–4.0,mIU/L,High,1.2–3.1,nmol/L,Normal,66–181,nmol/L,Normal,1.0–4.0,Index,High
4256,36,Female,0.59,1.5,116.0,124.0,0.4–4.0,mIU/L,Normal,1.2–3.1,nmol/L,Normal,66–181,nmol/L,Normal,1.0–4.0,Index,High
4257,67,Female,1.3,1.4,113.0,132.0,0.4–4.0,mIU/L,Normal,1.2–3.1,nmol/L,Normal,66–181,nmol/L,Normal,1.0–4.0,Index,High
4258,78,Female,2.9,2.2,129.0,133.0,0.4–4.0,mIU/L,Normal,1.2–3.1,nmol/L,Normal,66–181,nmol/L,Normal,1.0–4.0,Index,High
4259,78,Female,0.015,2.1,214.0,245.0,0.4–4.0,mIU/L,Low,1.2–3.1,nmol/L,Normal,66–181,nmol/L,High,1.0–4.0,Index,High
4260,77,Female,3.5,0.8,68.0,70.0,0.4–4.0,mIU/L,Normal,1.2–3.1,nmol/L,Low,66–181,nmol/L,Normal,1.0–4.0,Index,High
4261,76,Male,0.69,2.3,138.0,133.0,0.4–4.0,mIU/L,Normal,1.2–3.1,nmol/L,Normal,66–181,nmol/L,Normal,1.0–4.0,Index,High
4262,70,Male,3.0,1.3,105.0,112.0,0.4–4.0,mIU/L,Normal,1.2–3.1,nmol/L,Normal,66–181,nmol/L,Normal,1.0–4.0,Index,High
4263,55,Male,0.57,1.4,75.0,104.0,0.4–4.0,mIU/L,Normal,1.2–3.1,nmol/L,Normal,66–181,nmol/L,Normal,1.0–4.0,Index,High
4264,55,Female,0.015,1.9,115.0,149.0,0.4–4.0,mIU/L,Low,1.2–3.1,nmol/L,Normal,66–181,nmol/L,Normal,1.0–4.0,Index,High
4265,46,Female,0.015,2.0,93.0,96.0,0.4–4.0,mIU/L,Low,1.2–3.1,nmol/L,Normal,66–181,nmol/L,Normal,1.0–4.0,Index,High
4266,52,Female,44.0,2.5,66.0,54.0,0.4–4.0,mIU/L,High,1.2–3.1,nmol/L,Normal,66–181,nmol/L,Normal,1.0–4.0,Index,High
4267,70,Male,2.3,1.2,107.0,105.0,0.4–4.0,mIU/L,Normal,1.2–3.1,nmol/L,Normal,66–181,nmol/L,Normal,1.0–4.0,Index,High
4268,29,Female,0.84,1.5,100.0,135.0,0.4–4.0,mIU/L,Normal,1.2–3.1,nmol/L,Normal,66–181,nmol/L,Normal,1.0–4.0,Index,High
4269,30,Female,0.42,1.8,120.0,128.0,0.4–4.0,mIU/L,Normal,1.2–3.1,nmol/L,Normal,66–181,nmol/L,Normal,1.0–4.0,Index,High
4270,52,Male,1.2,1.7,92.0,121.0,0.4–4.0,mIU/L,Normal,1.2–3.1,nmol/L,Normal,66–181,nmol/L,Normal,1.0–4.0,Index,High
4271,47,Female,0.04,2.0,104.0,120.0,0.4–4.0,mIU/L,Low,1.2–3.1,nmol/L,Normal,66–181,nmol/L,Normal,1.0–4.0,Index,High
4272,35,Male,0.44,1.8,94.0,110.0,0.4–4.0,mIU/L,Normal,1.2–3.1,nmol/L,Normal,66–181,nmol/L,Normal,1.0–4.0,Index,High
4273,33,,0.015,5.0,244.0,362.0,0.4–4.0,mIU/L,Low,1.2–3.1,nmol/L,High,66–181,nmol/L,High,1.0–4.0,Index,High
4274,65,Male,12.0,1.2,118.0,130.0,0.4–4.0,mIU/L,High,1.2–3.1,nmol/L,Normal,66–181,nmol/L,Normal,1.0–4.0,Index,High
4275,46,Male,1.4,2.2,122.0,119.0,0.4–4.0,mIU/L,Normal,1.2–3.1,nmol/L,Normal,66–181,nmol/L,Normal,1.0–4.0,Index,High
4276,80,Female,1.1,1.3,118.0,105.0,0.4–4.0,mIU/L,Normal,1.2–3.1,nmol/L,Normal,66–181,nmol/L,Normal,1.0–4.0,Index,High
4277,34,Female,19.0,3.9,146.0,125.0,0.4–4.0,mIU/L,High,1.2–3.1,nmol/L,High,66–181,nmol/L,Normal,1.0–4.0,Index,High
4278,41,Female,15.0,1.7,119.0,120.0,0.4–4.0,mIU/L,High,1.2–3.1,nmol/L,Normal,66–181,nmol/L,Normal,1.0–4.0,Index,High
4279,46,Female,4.6,1.2,48.0,54.0,0.4–4.0,mIU/L,High,1.2–3.1,nmol/L,Normal,66–181,nmol/L,Low,1.0–4.0,Index,High
4280,50,Male,0.82,2.1,124.0,121.0,0.4–4.0,mIU/L,Normal,1.2–3.1,nmol/L,Normal,66–181,nmol/L,Normal,1.0–4.0,Index,High
4281,50,Male,0.67,2.6,85.0,96.0,0.4–4.0,mIU/L,Normal,1.2–3.1,nmol/L,Normal,66–181,nmol/L,Normal,1.0–4.0,Index,High
4282,29,Female,1.1,3.8,161.0,93.0,0.4–4.0,mIU/L,Normal,1.2–3.1,nmol/L,High,66–181,nmol/L,Normal,1.0–4.0,Index,High
4283,48,Female,2.3,0.9,105.0,173.0,0.4–4.0,mIU/L,Normal,1.2–3.1,nmol/L,Low,66–181,nmol/L,Normal,1.0–4.0,Index,High
4284,29,,1.0,1.2,84.0,125.0,0.4–4.0,mIU/L,Normal,1.2–3.1,nmol/L,Normal,66–181,nmol/L,Normal,1.0–4.0,Index,High
4285,36,Female,1.9,1.0,77.0,90.0,0.4–4.0,mIU/L,Normal,1.2–3.1,nmol/L,Low,66–181,nmol/L,Normal,1.0–4.0,Index,High
4286,37,Male,1.5,1.8,109.0,112.0,0.4–4.0,mIU/L,Normal,1.2–3.1,nmol/L,Normal,66–181,nmol/L,Normal,1.0–4.0,Index,High
4287,53,Female,60.0,0.3,13.0,13.0,0.4–4.0,mIU/L,High,1.2–3.1,nmol/L,Low,66–181,nmol/L,Low,1.0–4.0,Index,High
4288,59,Male,5.5,0.7,77.0,104.0,0.4–4.0,mIU/L,High,1.2–3.1,nmol/L,Low,66–181,nmol/L,Normal,1.0–4.0,Index,High
4289,47,Female,3.4,2.2,102.0,101.0,0.4–4.0,mIU/L,Normal,1.2–3.1,nmol/L,Normal,66–181,nmol/L,Normal,1.0–4.0,Index,High
4290,26,Male,2.6,2.0,111.0,138.0,0.4–4.0,mIU/L,Normal,1.2–3.1,nmol/L,Normal,66–181,nmol/L,Normal,1.0–4.0,Index,High
4291,51,Male,1.0,2.2,95.0,100.0,0.4–4.0,mIU/L,Normal,1.2–3.1,nmol/L,Normal,66–181,nmol/L,Normal,1.0–4.0,Index,High
4292,55,Female,1.7,2.0,102.0,106.0,0.4–4.0,mIU/L,Normal,1.2–3.1,nmol/L,Normal,66–181,nmol/L,Normal,1.0–4.0,Index,High
4293,58,Male,3.0,1.6,71.0,86.0,0.4–4.0,mIU/L,Normal,1.2–3.1,nmol/L,Normal,66–181,nmol/L,Normal,1.0–4.0,Index,High
4294,60,Male,0.005,7.1,184.0,177.0,0.4–4.0,mIU/L,Low,1.2–3.1,nmol/L,High,66–181,nmol/L,High,1.0–4.0,Index,High
4295,39,Female,4.3,2.4,135.0,89.0,0.4–4.0,mIU/L,High,1.2–3.1,nmol/L,Normal,66–181,nmol/L,Normal,1.0–4.0,Index,High
4296,73,Female,0.42,3.0,91.0,79.0,0.4–4.0,mIU/L,Normal,1.2–3.1,nmol/L,Normal,66–181,nmol/L,Normal,1.0–4.0,Index,High
4297,40,Male,1.4,1.8,92.0,108.0,0.4–4.0,mIU/L,Normal,1.2–3.1,nmol/L,Normal,66–181,nmol/L,Normal,1.0–4.0,Index,High
4298,35,Female,0.27,1.6,104.0,134.0,0.4–4.0,mIU/L,Low,1.2–3.1,nmol/L,Normal,66–181,nmol/L,Normal,1.0–4.0,Index,High
4299,75,Female,0.045,2.0,146.0,139.0,0.4–4.0,mIU/L,Low,1.2–3.1,nmol/L,Normal,66–181,nmol/L,Normal,1.0–4.0,Index,High
4300,50,Female,0.01,2.8,74.0,65.0,0.4–4.0,mIU/L,Low,1.2–3.1,nmol/L,Normal,66–181,nmol/L,Normal,1.0–4.0,Index,High
4301,53,Male,1.8,2.4,104.0,128.0,0.4–4.0,mIU/L,Normal,1.2–3.1,nmol/L,Normal,66–181,nmol/L,Normal,1.0–4.0,Index,High
4302,44,Male,0.1,0.6,61.0,71.0,0.4–4.0,mIU/L,Low,1.2–3.1,nmol/L,Low,66–181,nmol/L,Low,1.0–4.0,Index,High
4303,28,Male,3.1,2.7,100.0,108.0,0.4–4.0,mIU/L,Normal,1.2–3.1,nmol/L,Normal,66–181,nmol/L,Normal,1.0–4.0,Index,High
4304,45,Female,0.97,1.1,77.0,89.0,0.4–4.0,mIU/L,Normal,1.2–3.1,nmol/L,Low,66–181,nmol/L,Normal,1.0–4.0,Index,High
4305,55,Female,2.6,1.9,115.0,114.0,0.4–4.0,mIU/L,Normal,1.2–3.1,nmol/L,Normal,66–181,nmol/L,Normal,1.0–4.0,Index,High
4306,72,Female,0.005,4.1,139.0,196.0,0.4–4.0,mIU/L,Low,1.2–3.1,nmol/L,High,66–181,nmol/L,Normal,1.0–4.0,Index,High
4307,55,Female,0.005,1.9,107.0,144.0,0.4–4.0,mIU/L,Low,1.2–3.1,nmol/L,Normal,66–181,nmol/L,Normal,1.0–4.0,Index,High
4308,42,Male,0.06,2.0,79.0,98.0,0.4–4.0,mIU/L,Low,1.2–3.1,nmol/L,Normal,66–181,nmol/L,Normal,1.0–4.0,Index,High
4309,47,Female,0.79,1.2,117.0,138.0,0.4–4.0,mIU/L,Normal,1.2–3.1,nmol/L,Normal,66–181,nmol/L,Normal,1.0–4.0,Index,High
4310,47,,0.005,2.0,128.0,136.0,0.4–4.0,mIU/L,Low,1.2–3.1,nmol/L,Normal,66–181,nmol/L,Normal,1.0–4.0,Index,High
4311,55,Male,0.34,1.4,123.0,128.0,0.4–4.0,mIU/L,Low,1.2–3.1,nmol/L,Normal,66–181,nmol/L,Normal,1.0–4.0,Index,High
4312,35,Female,0.045,2.1,71.0,64.0,0.4–4.0,mIU/L,Low,1.2–3.1,nmol/L,Normal,66–181,nmol/L,Normal,1.0–4.0,Index,High
4313,38,Female,2.5,1.5,81.0,94.0,0.4–4.0,mIU/L,Normal,1.2–3.1,nmol/L,Normal,66–181,nmol/L,Normal,1.0–4.0,Index,High
4314,55,Female,0.13,1.0,102.0,124.0,0.4–4.0,mIU/L,Low,1.2–3.1,nmol/L,Low,66–181,nmol/L,Normal,1.0–4.0,Index,High
4315,55,Female,2.4,2.3,104.0,101.0,0.4–4.0,mIU/L,Normal,1.2–3.1,nmol/L,Normal,66–181,nmol/L,Normal,1.0–4.0,Index,High
4316,72,Female,4.0,3.2,106.0,122.0,0.4–4.0,mIU/L,Normal,1.2–3.1,nmol/L,High,66–181,nmol/L,Normal,1.0–4.0,Index,High
4317,39,Male,1.6,1.2,95.0,102.0,0.4–4.0,mIU/L,Normal,1.2–3.1,nmol/L,Normal,66–181,nmol/L,Normal,1.0–4.0,Index,High
4318,45,Female,0.065,4.6,210.0,190.0,0.4–4.0,mIU/L,Low,1.2–3.1,nmol/L,High,66–181,nmol/L,High,1.0–4.0,Index,High
4319,45,Female,0.44,2.8,153.0,168.0,0.4–4.0,mIU/L,Normal,1.2–3.1,nmol/L,Normal,66–181,nmol/L,Normal,1.0–4.0,Index,High
4320,46,Male,0.05,2.2,97.0,125.0,0.4–4.0,mIU/L,Low,1.2–3.1,nmol/L,Normal,66–181,nmol/L,Normal,1.0–4.0,Index,High
4321,33,Female,1.5,2.1,104.0,122.0,0.4–4.0,mIU/L,Normal,1.2–3.1,nmol/L,Normal,66–181,nmol/L,Normal,1.0–4.0,Index,High
4322,27,Female,3.1,1.6,86.0,83.0,0.4–4.0,mIU/L,Normal,1.2–3.1,nmol/L,Normal,66–181,nmol/L,Normal,1.0–4.0,Index,High
4323,58,Female,5.5,2.1,82.0,89.0,0.4–4.0,mIU/L,High,1.2–3.1,nmol/L,Normal,66–181,nmol/L,Normal,1.0–4.0,Index,High
4324,49,Female,116.0,0.7,72.0,76.0,0.4–4.0,mIU/L,High,1.2–3.1,nmol/L,Low,66–181,nmol/L,Normal,1.0–4.0,Index,High
4325,82,Male,6.6,1.6,92.0,91.0,0.4–4.0,mIU/L,High,1.2–3.1,nmol/L,Normal,66–181,nmol/L,Normal,1.0–4.0,Index,High
4326,33,Female,0.16,5.2,183.0,220.0,0.4–4.0,mIU/L,Low,1.2–3.1,nmol/L,High,66–181,nmol/L,High,1.0–4.0,Index,High
4327,33,Female,0.045,2.1,159.0,157.0,0.4–4.0,mIU/L,Low,1.2–3.1,nmol/L,Normal,66–181,nmol/L,Normal,1.0–4.0,Index,High
4328,38,,1.1,2.2,145.0,118.0,0.4–4.0,mIU/L,Normal,1.2–3.1,nmol/L,Normal,66–181,nmol/L,Normal,1.0–4.0,Index,High
4329,35,,1.8,1.7,118.0,107.0,0.4–4.0,mIU/L,Normal,1.2–3.1,nmol/L,Normal,66–181,nmol/L,Normal,1.0–4.0,Index,High
4330,54,Male,0.75,2.3,109.0,95.0,0.4–4.0,mIU/L,Normal,1.2–3.1,nmol/L,Normal,66–181,nmol/L,Normal,1.0–4.0,Index,High
4331,36,Male,0.74,1.5,72.0,145.0,0.4–4.0,mIU/L,Normal,1.2–3.1,nmol/L,Normal,66–181,nmol/L,Normal,1.0–4.0,Index,High
4332,60,Male,13.0,1.4,57.0,92.0,0.4–4.0,mIU/L,High,1.2–3.1,nmol/L,Normal,66–181,nmol/L,Low,1.0–4.0,Index,High
4333,37,Female,2.1,2.4,177.0,122.0,0.4–4.0,mIU/L,Normal,1.2–3.1,nmol/L,Normal,66–181,nmol/L,Normal,1.0–4.0,Index,High
4334,26,Female,0.08,1.7,174.0,142.0,0.4–4.0,mIU/L,Low,1.2–3.1,nmol/L,Normal,66–181,nmol/L,Normal,1.0–4.0,Index,High
4335,30,Female,0.08,1.9,147.0,143.0,0.4–4.0,mIU/L,Low,1.2–3.1,nmol/L,Normal,66–181,nmol/L,Normal,1.0–4.0,Index,High
4336,50,Female,3.3,2.1,107.0,100.0,0.4–4.0,mIU/L,Normal,1.2–3.1,nmol/L,Normal,66–181,nmol/L,Normal,1.0–4.0,Index,High
4337,59,Female,0.01,2.0,113.0,131.0,0.4–4.0,mIU/L,Low,1.2–3.1,nmol/L,Normal,66–181,nmol/L,Normal,1.0–4.0,Index,High
4338,41,Female,1.3,2.5,125.0,109.0,0.4–4.0,mIU/L,Normal,1.2–3.1,nmol/L,Normal,66–181,nmol/L,Normal,1.0–4.0,Index,High
4339,71,Female,2.4,1.9,133.0,123.0,0.4–4.0,mIU/L,Normal,1.2–3.1,nmol/L,Normal,66–181,nmol/L,Normal,1.0–4.0,Index,High
4340,36,Female,0.22,4.0,191.0,194.0,0.4–4.0,mIU/L,Low,1.2–3.1,nmol/L,High,66–181,nmol/L,High,1.0–4.0,Index,High
4341,70,Male,1.1,0.9,94.0,103.0,0.4–4.0,mIU/L,Normal,1.2–3.1,nmol/L,Low,66–181,nmol/L,Normal,1.0–4.0,Index,High
4342,70,Female,0.7,1.3,96.0,84.0,0.4–4.0,mIU/L,Normal,1.2–3.1,nmol/L,Normal,66–181,nmol/L,Normal,1.0–4.0,Index,High
4343,70,Female,1.0,1.8,112.0,106.0,0.4–4.0,mIU/L,Normal,1.2–3.1,nmol/L,Normal,66–181,nmol/L,Normal,1.0–4.0,Index,High
4344,34,Male,0.08,2.1,99.0,113.0,0.4–4.0,mIU/L,Low,1.2–3.1,nmol/L,Normal,66–181,nmol/L,Normal,1.0–4.0,Index,High
4345,74,Male,1.3,1.8,96.0,90.0,0.4–4.0,mIU/L,Normal,1.2–3.1,nmol/L,Normal,66–181,nmol/L,Normal,1.0–4.0,Index,High
4346,53,Female,0.09,3.9,216.0,188.0,0.4–4.0,mIU/L,Low,1.2–3.1,nmol/L,High,66–181,nmol/L,High,1.0–4.0,Index,High
4347,70,Female,0.08,2.1,136.0,127.0,0.4–4.0,mIU/L,Low,1.2–3.1,nmol/L,Normal,66–181,nmol/L,Normal,1.0–4.0,Index,High
4348,34,Male,1.3,1.8,86.0,101.0,0.4–4.0,mIU/L,Normal,1.2–3.1,nmol/L,Normal,66–181,nmol/L,Normal,1.0–4.0,Index,High
4349,68,Female,3.9,1.0,104.0,137.0,0.4–4.0,mIU/L,Normal,1.2–3.1,nmol/L,Low,66–181,nmol/L,Normal,1.0–4.0,Index,High
4350,58,Female,2.2,2.1,114.0,121.0,0.4–4.0,mIU/L,Normal,1.2–3.1,nmol/L,Normal,66–181,nmol/L,Normal,1.0–4.0,Index,High
4351,76,Female,11.0,0.8,60.0,58.0,0.4–4.0,mIU/L,High,1.2–3.1,nmol/L,Low,66–181,nmol/L,Low,1.0–4.0,Index,High
4352,79,Female,2.8,1.5,105.0,100.0,0.4–4.0,mIU/L,Normal,1.2–3.1,nmol/L,Normal,66–181,nmol/L,Normal,1.0–4.0,Index,High
4353,45,Female,1.1,2.0,111.0,114.0,0.4–4.0,mIU/L,Normal,1.2–3.1,nmol/L,Normal,66–181,nmol/L,Normal,1.0–4.0,Index,High
4354,68,Female,2.1,1.5,126.0,100.0,0.4–4.0,mIU/L,Normal,1.2–3.1,nmol/L,Normal,66–181,nmol/L,Normal,1.0–4.0,Index,High
4355,29,Female,6.1,2.8,111.0,85.0,0.4–4.0,mIU/L,High,1.2–3.1,nmol/L,Normal,66–181,nmol/L,Normal,1.0–4.0,Index,High
4356,32,Female,1.3,1.9,84.0,107.0,0.4–4.0,mIU/L,Normal,1.2–3.1,nmol/L,Normal,66–181,nmol/L,Normal,1.0–4.0,Index,High
4357,35,Female,0.005,3.1,239.0,239.0,0.4–4.0,mIU/L,Low,1.2–3.1,nmol/L,Normal,66–181,nmol/L,High,1.0–4.0,Index,High
4358,21,Female,1.0,1.8,87.0,99.0,0.4–4.0,mIU/L,Normal,1.2–3.1,nmol/L,Normal,66–181,nmol/L,Normal,1.0–4.0,Index,High
4359,22,Female,1.6,2.0,123.0,109.0,0.4–4.0,mIU/L,Normal,1.2–3.1,nmol/L,Normal,66–181,nmol/L,Normal,1.0–4.0,Index,High
4360,39,Female,1.6,3.6,133.0,93.0,0.4–4.0,mIU/L,Normal,1.2–3.1,nmol/L,High,66–181,nmol/L,Normal,1.0–4.0,Index,High
4361,45,Male,61.0,0.6,23.0,26.0,0.4–4.0,mIU/L,High,1.2–3.1,nmol/L,Low,66–181,nmol/L,Low,1.0–4.0,Index,High
4362,55,Female,1.0,2.8,122.0,109.0,0.4–4.0,mIU/L,Normal,1.2–3.1,nmol/L,Normal,66–181,nmol/L,Normal,1.0–4.0,Index,High
4363,59,Female,7.7,1.8,111.0,104.0,0.4–4.0,mIU/L,High,1.2–3.1,nmol/L,Normal,66–181,nmol/L,Normal,1.0–4.0,Index,High
4364,60,Female,0.06,1.6,123.0,152.0,0.4–4.0,mIU/L,Low,1.2–3.1,nmol/L,Normal,66–181,nmol/L,Normal,1.0–4.0,Index,High
4365,73,Female,0.89,1.9,151.0,155.0,0.4–4.0,mIU/L,Normal,1.2–3.1,nmol/L,Normal,66–181,nmol/L,Normal,1.0–4.0,Index,High
4366,81,Female,1.9,1.9,118.0,116.0,0.4–4.0,mIU/L,Normal,1.2–3.1,nmol/L,Normal,66–181,nmol/L,Normal,1.0–4.0,Index,High
4367,21,Female,2.5,1.4,109.0,148.0,0.4–4.0,mIU/L,Normal,1.2–3.1,nmol/L,Normal,66–181,nmol/L,Normal,1.0–4.0,Index,High
4368,39,Male,1.1,1.6,133.0,131.0,0.4–4.0,mIU/L,Normal,1.2–3.1,nmol/L,Normal,66–181,nmol/L,Normal,1.0–4.0,Index,High
4369,39,Female,4.5,1.7,171.0,117.0,0.4–4.0,mIU/L,High,1.2–3.1,nmol/L,Normal,66–181,nmol/L,Normal,1.0–4.0,Index,High
4370,45,Male,1.4,2.2,141.0,144.0,0.4–4.0,mIU/L,Normal,1.2–3.1,nmol/L,Normal,66–181,nmol/L,Normal,1.0–4.0,Index,High
4371,35,Male,2.6,2.5,161.0,128.0,0.4–4.0,mIU/L,Normal,1.2–3.1,nmol/L,Normal,66–181,nmol/L,Normal,1.0–4.0,Index,High
4372,36,Male,1.0,1.8,101.0,110.0,0.4–4.0,mIU/L,Normal,1.2–3.1,nmol/L,Normal,66–181,nmol/L,Normal,1.0–4.0,Index,High
4373,36,Female,1.2,2.6,148.0,115.0,0.4–4.0,mIU/L,Normal,1.2–3.1,nmol/L,Normal,66–181,nmol/L,Normal,1.0–4.0,Index,High
4374,51,Male,2.1,1.9,63.0,107.0,0.4–4.0,mIU/L,Normal,1.2–3.1,nmol/L,Normal,66–181,nmol/L,Low,1.0–4.0,Index,High
4375,29,Female,1.9,2.1,96.0,96.0,0.4–4.0,mIU/L,Normal,1.2–3.1,nmol/L,Normal,66–181,nmol/L,Normal,1.0–4.0,Index,High
4376,63,Male,1.4,2.0,136.0,119.0,0.4–4.0,mIU/L,Normal,1.2–3.1,nmol/L,Normal,66–181,nmol/L,Normal,1.0–4.0,Index,High
4377,63,Female,33.0,1.9,65.0,70.0,0.4–4.0,mIU/L,High,1.2–3.1,nmol/L,Normal,66–181,nmol/L,Low,1.0–4.0,Index,High
4378,61,Female,0.065,1.5,147.0,247.0,0.4–4.0,mIU/L,Low,1.2–3.1,nmol/L,Normal,66–181,nmol/L,Normal,1.0–4.0,Index,High
4379,77,Female,12.0,1.7,123.0,120.0,0.4–4.0,mIU/L,High,1.2–3.1,nmol/L,Normal,66–181,nmol/L,Normal,1.0–4.0,Index,High
4380,29,Female,3.4,2.1,164.0,121.0,0.4–4.0,mIU/L,Normal,1.2–3.1,nmol/L,Normal,66–181,nmol/L,Normal,1.0–4.0,Index,High
4381,25,Male,3.6,2.1,107.0,113.0,0.4–4.0,mIU/L,Normal,1.2–3.1,nmol/L,Normal,66–181,nmol/L,Normal,1.0–4.0,Index,High
4382,76,Female,0.065,2.2,137.0,135.0,0.4–4.0,mIU/L,Low,1.2–3.1,nmol/L,Normal,66–181,nmol/L,Normal,1.0–4.0,Index,High
4383,32,Female,2.5,2.4,150.0,155.0,0.4–4.0,mIU/L,Normal,1.2–3.1,nmol/L,Normal,66–181,nmol/L,Normal,1.0–4.0,Index,High
4384,61,Female,29.0,1.5,61.0,64.0,0.4–4.0,mIU/L,High,1.2–3.1,nmol/L,Normal,66–181,nmol/L,Low,1.0–4.0,Index,High
4385,75,Female,32.0,1.5,96.0,98.0,0.4–4.0,mIU/L,High,1.2–3.1,nmol/L,Normal,66–181,nmol/L,Normal,1.0–4.0,Index,High
4386,78,Female,1.2,1.2,82.0,81.0,0.4–4.0,mIU/L,Normal,1.2–3.1,nmol/L,Normal,66–181,nmol/L,Normal,1.0–4.0,Index,High
4387,78,Female,1.8,2.3,116.0,107.0,0.4–4.0,mIU/L,Normal,1.2–3.1,nmol/L,Normal,66–181,nmol/L,Normal,1.0–4.0,Index,High
4388,63,Male,3.0,1.7,93.0,146.0,0.4–4.0,mIU/L,Normal,1.2–3.1,nmol/L,Normal,66–181,nmol/L,Normal,1.0–4.0,Index,High
4389,67,Female,0.98,1.6,147.0,165.0,0.4–4.0,mIU/L,Normal,1.2–3.1,nmol/L,Normal,66–181,nmol/L,Normal,1.0–4.0,Index,High
4390,16,Female,29.0,1.9,58.0,56.0,0.4–4.0,mIU/L,High,1.2–3.1,nmol/L,Normal,66–181,nmol/L,Low,1.0–4.0,Index,High
4391,61,Female,0.85,2.3,66.0,62.0,0.4–4.0,mIU/L,Normal,1.2–3.1,nmol/L,Normal,66–181,nmol/L,Normal,1.0–4.0,Index,High
4392,70,Female,0.6,2.8,122.0,112.0,0.4–4.0,mIU/L,Normal,1.2–3.1,nmol/L,Normal,66–181,nmol/L,Normal,1.0–4.0,Index,High
4393,66,Female,2.8,2.3,119.0,132.0,0.4–4.0,mIU/L,Normal,1.2–3.1,nmol/L,Normal,66–181,nmol/L,Normal,1.0–4.0,Index,High
4394,56,Female,0.51,1.2,76.0,102.0,0.4–4.0,mIU/L,Normal,1.2–3.1,nmol/L,Normal,66–181,nmol/L,Normal,1.0–4.0,Index,High
4395,85,Female,114.0,0.3,24.0,39.0,0.4–4.0,mIU/L,High,1.2–3.1,nmol/L,Low,66–181,nmol/L,Low,1.0–4.0,Index,High
4396,61,Female,0.18,1.5,90.0,115.0,0.4–4.0,mIU/L,Low,1.2–3.1,nmol/L,Normal,66–181,nmol/L,Normal,1.0–4.0,Index,High
4397,46,Male,0.01,4.7,141.0,156.0,0.4–4.0,mIU/L,Low,1.2–3.1,nmol/L,High,66–181,nmol/L,Normal,1.0–4.0,Index,High
4398,65,Female,2.1,1.7,164.0,151.0,0.4–4.0,mIU/L,Normal,1.2–3.1,nmol/L,Normal,66–181,nmol/L,Normal,1.0–4.0,Index,High
4399,78,Female,7.2,1.4,131.0,121.0,0.4–4.0,mIU/L,High,1.2–3.1,nmol/L,Normal,66–181,nmol/L,Normal,1.0–4.0,Index,High
4400,42,Male,0.92,1.6,89.0,108.0,0.4–4.0,mIU/L,Normal,1.2–3.1,nmol/L,Normal,66–181,nmol/L,Normal,1.0–4.0,Index,High
4401,61,Male,1.6,1.1,113.0,100.0,0.4–4.0,mIU/L,Normal,1.2–3.1,nmol/L,Low,66–181,nmol/L,Normal,1.0–4.0,Index,High
4402,23,Female,4.0,2.7,132.0,96.0,0.4–4.0,mIU/L,Normal,1.2–3.1,nmol/L,Normal,66–181,nmol/L,Normal,1.0–4.0,Index,High
4403,53,Female,0.33,0.4,83.0,154.0,0.4–4.0,mIU/L,Low,1.2–3.1,nmol/L,Low,66–181,nmol/L,Normal,1.0–4.0,Index,High
4404,64,Male,0.91,1.1,170.0,176.0,0.4–4.0,mIU/L,Normal,1.2–3.1,nmol/L,Low,66–181,nmol/L,Normal,1.0–4.0,Index,High
4405,27,Female,0.76,2.5,160.0,116.0,0.4–4.0,mIU/L,Normal,1.2–3.1,nmol/L,Normal,66–181,nmol/L,Normal,1.0–4.0,Index,High
4406,38,Male,0.87,1.8,107.0,121.0,0.4–4.0,mIU/L,Normal,1.2–3.1,nmol/L,Normal,66–181,nmol/L,Normal,1.0–4.0,Index,High
4407,28,Male,4.6,1.5,92.0,90.0,0.4–4.0,mIU/L,High,1.2–3.1,nmol/L,Normal,66–181,nmol/L,Normal,1.0–4.0,Index,High
4408,28,Male,0.96,1.4,105.0,105.0,0.4–4.0,mIU/L,Normal,1.2–3.1,nmol/L,Normal,66–181,nmol/L,Normal,1.0–4.0,Index,High
4409,79,Female,13.0,0.7,124.0,122.0,0.4–4.0,mIU/L,High,1.2–3.1,nmol/L,Low,66–181,nmol/L,Normal,1.0–4.0,Index,High
4410,43,Female,0.52,0.05,46.0,86.0,0.4–4.0,mIU/L,Normal,1.2–3.1,nmol/L,Low,66–181,nmol/L,Low,1.0–4.0,Index,High
4411,43,Female,2.4,1.7,138.0,136.0,0.4–4.0,mIU/L,Normal,1.2–3.1,nmol/L,Normal,66–181,nmol/L,Normal,1.0–4.0,Index,High
4412,74,Female,6.4,0.9,102.0,106.0,0.4–4.0,mIU/L,High,1.2–3.1,nmol/L,Low,66–181,nmol/L,Normal,1.0–4.0,Index,High
4413,53,Female,0.36,0.4,82.0,140.0,0.4–4.0,mIU/L,Low,1.2–3.1,nmol/L,Low,66–181,nmol/L,Normal,1.0–4.0,Index,High
4414,53,Male,3.3,1.5,39.0,46.0,0.4–4.0,mIU/L,Normal,1.2–3.1,nmol/L,Normal,66–181,nmol/L,Low,1.0–4.0,Index,High
4415,65511,Male,0.38,2.0,113.0,104.0,0.4–4.0,mIU/L,Low,1.2–3.1,nmol/L,Normal,66–181,nmol/L,Normal,1.0–4.0,Index,High
4416,69,Male,12.0,0.7,84.0,121.0,0.4–4.0,mIU/L,High,1.2–3.1,nmol/L,Low,66–181,nmol/L,Normal,1.0–4.0,Index,High
4417,41,,0.55,1.7,110.0,102.0,0.4–4.0,mIU/L,Normal,1.2–3.1,nmol/L,Normal,66–181,nmol/L,Normal,1.0–4.0,Index,High
4418,40,Male,1.03,2.0,98.0,103.0,0.4–4.0,mIU/L,Normal,1.2–3.1,nmol/L,Normal,66–181,nmol/L,Normal,1.0–4.0,Index,High
4419,20,Male,1.2,1.5,103.0,93.0,0.4–4.0,mIU/L,Normal,1.2–3.1,nmol/L,Normal,66–181,nmol/L,Normal,1.0–4.0,Index,High
4420,81,Female,10.0,0.05,91.0,93.0,0.4–4.0,mIU/L,High,1.2–3.1,nmol/L,Low,66–181,nmol/L,Normal,1.0–4.0,Index,High
4421,57,Female,3.1,1.0,128.0,119.0,0.4–4.0,mIU/L,Normal,1.2–3.1,nmol/L,Low,66–181,nmol/L,Normal,1.0–4.0,Index,High
4422,39,,1.7,0.5,77.0,70.0,0.4–4.0,mIU/L,Normal,1.2–3.1,nmol/L,Low,66–181,nmol/L,Normal,1.0–4.0,Index,High
4423,43,Female,8.299999,1.9,95.0,81.0,0.4–4.0,mIU/L,High,1.2–3.1,nmol/L,Normal,66–181,nmol/L,Normal,1.0–4.0,Index,High
4424,58,Female,2.7,1.4,120.0,141.0,0.4–4.0,mIU/L,Normal,1.2–3.1,nmol/L,Normal,66–181,nmol/L,Normal,1.0–4.0,Index,High
4425,91,Female,4.7,1.4,101.0,115.0,0.4–4.0,mIU/L,High,1.2–3.1,nmol/L,Normal,66–181,nmol/L,Normal,1.0–4.0,Index,High
4426,33,Female,0.025,5.3,278.0,356.0,0.4–4.0,mIU/L,Low,1.2–3.1,nmol/L,High,66–181,nmol/L,High,1.0–4.0,Index,High
4427,63,Female,0.09,4.9,221.0,237.0,0.4–4.0,mIU/L,Low,1.2–3.1,nmol/L,High,66–181,nmol/L,High,1.0–4.0,Index,High
4428,25,Female,1.6,1.7,123.0,116.0,0.4–4.0,mIU/L,Normal,1.2–3.1,nmol/L,Normal,66–181,nmol/L,Normal,1.0–4.0,Index,High
4429,39,Female,1.3,1.2,58.0,68.0,0.4–4.0,mIU/L,Normal,1.2–3.1,nmol/L,Normal,66–181,nmol/L,Low,1.0–4.0,Index,High
4430,76,Female,0.76,0.8,96.0,111.0,0.4–4.0,mIU/L,Normal,1.2–3.1,nmol/L,Low,66–181,nmol/L,Normal,1.0–4.0,Index,High
4431,49,Male,96.0,0.4,2.9,2.4,0.4–4.0,mIU/L,High,1.2–3.1,nmol/L,Low,66–181,nmol/L,Low,1.0–4.0,Index,Normal
4432,95,Female,0.96,0.8,103.0,116.0,0.4–4.0,mIU/L,Normal,1.2–3.1,nmol/L,Low,66–181,nmol/L,Normal,1.0–4.0,Index,High
4433,70,Male,1.4,1.0,77.0,107.0,0.4–4.0,mIU/L,Normal,1.2–3.1,nmol/L,Low,66–181,nmol/L,Normal,1.0–4.0,Index,High
4434,60,Male,1.2,1.6,100.0,117.0,0.4–4.0,mIU/L,Normal,1.2–3.1,nmol/L,Normal,66–181,nmol/L,Normal,1.0–4.0,Index,High
4435,48,Male,1.6,2.3,82.0,91.0,0.4–4.0,mIU/L,Normal,1.2–3.1,nmol/L,Normal,66–181,nmol/L,Normal,1.0–4.0,Index,High
4436,56,Male,1.1,2.6,142.0,149.0,0.4–4.0,mIU/L,Normal,1.2–3.1,nmol/L,Normal,66–181,nmol/L,Normal,1.0–4.0,Index,High
4437,56,Female,2.2,1.3,97.0,115.0,0.4–4.0,mIU/L,Normal,1.2–3.1,nmol/L,Normal,66–181,nmol/L,Normal,1.0–4.0,Index,High
4438,72,Female,0.06,0.8,61.0,62.0,0.4–4.0,mIU/L,Low,1.2–3.1,nmol/L,Low,66–181,nmol/L,Low,1.0–4.0,Index,High
4439,74,Female,0.59,2.0,130.0,128.0,0.4–4.0,mIU/L,Normal,1.2–3.1,nmol/L,Normal,66–181,nmol/L,Normal,1.0–4.0,Index,High
4440,70,,11.5,1.0,128.0,133.0,0.4–4.0,mIU/L,High,1.2–3.1,nmol/L,Low,66–181,nmol/L,Normal,1.0–4.0,Index,High
4441,71,Female,1.01,2.5,125.0,122.0,0.4–4.0,mIU/L,Normal,1.2–3.1,nmol/L,Normal,66–181,nmol/L,Normal,1.0–4.0,Index,High
4442,33,Female,0.02,3.7,46.0,51.0,0.4–4.0,mIU/L,Low,1.2–3.1,nmol/L,High,66–181,nmol/L,Low,1.0–4.0,Index,High
4443,50,Female,5.5,1.6,44.0,40.0,0.4–4.0,mIU/L,High,1.2–3.1,nmol/L,Normal,66–181,nmol/L,Low,1.0–4.0,Index,High
4444,82,Male,0.32,1.6,98.0,110.0,0.4–4.0,mIU/L,Low,1.2–3.1,nmol/L,Normal,66–181,nmol/L,Normal,1.0–4.0,Index,High
4445,40,Male,1.3,1.8,81.0,95.0,0.4–4.0,mIU/L,Normal,1.2–3.1,nmol/L,Normal,66–181,nmol/L,Normal,1.0–4.0,Index,High
4446,36,Male,0.5,2.7,163.0,156.0,0.4–4.0,mIU/L,Normal,1.2–3.1,nmol/L,Normal,66–181,nmol/L,Normal,1.0–4.0,Index,High
4447,74,Male,4.4,2.4,115.0,101.0,0.4–4.0,mIU/L,High,1.2–3.1,nmol/L,Normal,66–181,nmol/L,Normal,1.0–4.0,Index,High
4448,77,Male,1.9,1.6,114.0,114.0,0.4–4.0,mIU/L,Normal,1.2–3.1,nmol/L,Normal,66–181,nmol/L,Normal,1.0–4.0,Index,High
4449,27,Female,1.3,3.8,146.0,103.0,0.4–4.0,mIU/L,Normal,1.2–3.1,nmol/L,High,66–181,nmol/L,Normal,1.0–4.0,Index,High
4450,18,Female,0.74,2.3,143.0,124.0,0.4–4.0,mIU/L,Normal,1.2–3.1,nmol/L,Normal,66–181,nmol/L,Normal,1.0–4.0,Index,High
4451,35,Female,3.7,2.8,190.0,136.0,0.4–4.0,mIU/L,Normal,1.2–3.1,nmol/L,Normal,66–181,nmol/L,High,1.0–4.0,Index,High
4452,58,Female,1.6,2.0,119.0,107.0,0.4–4.0,mIU/L,Normal,1.2–3.1,nmol/L,Normal,66–181,nmol/L,Normal,1.0–4.0,Index,High
4453,74,Female,2.9,1.5,96.0,114.0,0.4–4.0,mIU/L,Normal,1.2–3.1,nmol/L,Normal,66–181,nmol/L,Normal,1.0–4.0,Index,High
4454,61,Female,1.0,1.4,118.0,116.0,0.4–4.0,mIU/L,Normal,1.2–3.1,nmol/L,Normal,66–181,nmol/L,Normal,1.0–4.0,Index,High
4455,64,Female,0.92,1.9,162.0,151.0,0.4–4.0,mIU/L,Normal,1.2–3.1,nmol/L,Normal,66–181,nmol/L,Normal,1.0–4.0,Index,High
4456,29,Female,1.5,2.5,100.0,107.0,0.4–4.0,mIU/L,Normal,1.2–3.1,nmol/L,Normal,66–181,nmol/L,Normal,1.0–4.0,Index,High
4457,35,Male,1.3,2.5,126.0,112.0,0.4–4.0,mIU/L,Normal,1.2–3.1,nmol/L,Normal,66–181,nmol/L,Normal,1.0–4.0,Index,High
4458,66,Female,1.2,1.2,93.0,74.0,0.4–4.0,mIU/L,Normal,1.2–3.1,nmol/L,Normal,66–181,nmol/L,Normal,1.0–4.0,Index,High
4459,51,Female,131.0,0.3,8.4,8.299999,0.4–4.0,mIU/L,High,1.2–3.1,nmol/L,Low,66–181,nmol/L,Low,1.0–4.0,Index,High
4460,16,Female,1.5,1.9,106.0,104.0,0.4–4.0,mIU/L,Normal,1.2–3.1,nmol/L,Normal,66–181,nmol/L,Normal,1.0–4.0,Index,High
4461,30,Female,4.2,2.5,114.0,97.0,0.4–4.0,mIU/L,High,1.2–3.1,nmol/L,Normal,66–181,nmol/L,Normal,1.0–4.0,Index,High
4462,42,Male,8.9,1.3,75.0,102.0,0.4–4.0,mIU/L,High,1.2–3.1,nmol/L,Normal,66–181,nmol/L,Normal,1.0–4.0,Index,High
4463,42,Female,1.4,1.4,116.0,123.0,0.4–4.0,mIU/L,Normal,1.2–3.1,nmol/L,Normal,66–181,nmol/L,Normal,1.0–4.0,Index,High
4464,75,Male,3.7,2.0,112.0,115.0,0.4–4.0,mIU/L,Normal,1.2–3.1,nmol/L,Normal,66–181,nmol/L,Normal,1.0–4.0,Index,High
4465,20,Female,0.03,2.0,92.0,89.0,0.4–4.0,mIU/L,Low,1.2–3.1,nmol/L,Normal,66–181,nmol/L,Normal,1.0–4.0,Index,High
4466,20,Female,6.2,0.7,101.0,120.0,0.4–4.0,mIU/L,High,1.2–3.1,nmol/L,Low,66–181,nmol/L,Normal,1.0–4.0,Index,High
4467,72,Male,1.1,1.4,100.0,123.0,0.4–4.0,mIU/L,Normal,1.2–3.1,nmol/L,Normal,66–181,nmol/L,Normal,1.0–4.0,Index,High
4468,76,Female,1.0,1.9,130.0,107.0,0.4–4.0,mIU/L,Normal,1.2–3.1,nmol/L,Normal,66–181,nmol/L,Normal,1.0–4.0,Index,High
4469,44,Female,1.9,0.9,125.0,119.0,0.4–4.0,mIU/L,Normal,1.2–3.1,nmol/L,Low,66–181,nmol/L,Normal,1.0–4.0,Index,High
4470,58,Female,3.3,1.8,106.0,111.0,0.4–4.0,mIU/L,Normal,1.2–3.1,nmol/L,Normal,66–181,nmol/L,Normal,1.0–4.0,Index,High
4471,57,Male,1.5,1.2,97.0,100.0,0.4–4.0,mIU/L,Normal,1.2–3.1,nmol/L,Normal,66–181,nmol/L,Normal,1.0–4.0,Index,High
4472,57,Female,1.9,2.1,113.0,112.0,0.4–4.0,mIU/L,Normal,1.2–3.1,nmol/L,Normal,66–181,nmol/L,Normal,1.0–4.0,Index,High
4473,56,Male,3.0,1.5,103.0,128.0,0.4–4.0,mIU/L,Normal,1.2–3.1,nmol/L,Normal,66–181,nmol/L,Normal,1.0–4.0,Index,High
4474,70,Female,0.62,2.5,111.0,88.0,0.4–4.0,mIU/L,Normal,1.2–3.1,nmol/L,Normal,66–181,nmol/L,Normal,1.0–4.0,Index,High
4475,32,Male,1.5,2.8,133.0,149.0,0.4–4.0,mIU/L,Normal,1.2–3.1,nmol/L,Normal,66–181,nmol/L,Normal,1.0–4.0,Index,High
4476,42,Female,0.83,2.9,123.0,130.0,0.4–4.0,mIU/L,Normal,1.2–3.1,nmol/L,Normal,66–181,nmol/L,Normal,1.0–4.0,Index,High
4477,76,Male,2.6,2.2,162.0,156.0,0.4–4.0,mIU/L,Normal,1.2–3.1,nmol/L,Normal,66–181,nmol/L,Normal,1.0–4.0,Index,High
4478,71,Female,1.6,2.0,81.0,106.0,0.4–4.0,mIU/L,Normal,1.2–3.1,nmol/L,Normal,66–181,nmol/L,Normal,1.0–4.0,Index,High
4479,69,Female,0.5,1.0,111.0,131.0,0.4–4.0,mIU/L,Normal,1.2–3.1,nmol/L,Low,66–181,nmol/L,Normal,1.0–4.0,Index,High
4480,50,Female,67.0,0.7,80.0,74.0,0.4–4.0,mIU/L,High,1.2–3.1,nmol/L,Low,66–181,nmol/L,Normal,1.0–4.0,Index,High
4481,26,Male,1.6,2.3,115.0,136.0,0.4–4.0,mIU/L,Normal,1.2–3.1,nmol/L,Normal,66–181,nmol/L,Normal,1.0–4.0,Index,High
4482,64,Female,8.2,1.4,127.0,114.0,0.4–4.0,mIU/L,High,1.2–3.1,nmol/L,Normal,66–181,nmol/L,Normal,1.0–4.0,Index,High
4483,32,Male,1.8,2.5,138.0,154.0,0.4–4.0,mIU/L,Normal,1.2–3.1,nmol/L,Normal,66–181,nmol/L,Normal,1.0–4.0,Index,High
4484,32,Female,7.8,5.5,166.0,138.0,0.4–4.0,mIU/L,High,1.2–3.1,nmol/L,High,66–181,nmol/L,Normal,1.0–4.0,Index,High
4485,32,Female,1.6,1.7,102.0,115.0,0.4–4.0,mIU/L,Normal,1.2–3.1,nmol/L,Normal,66–181,nmol/L,Normal,1.0–4.0,Index,High
4486,32,Female,1.8,1.7,123.0,130.0,0.4–4.0,mIU/L,Normal,1.2–3.1,nmol/L,Normal,66–181,nmol/L,Normal,1.0–4.0,Index,High
4487,42,Male,0.045,3.1,119.0,149.0,0.4–4.0,mIU/L,Low,1.2–3.1,nmol/L,Normal,66–181,nmol/L,Normal,1.0–4.0,Index,High
4488,41,Female,3.1,1.2,144.0,139.0,0.4–4.0,mIU/L,Normal,1.2–3.1,nmol/L,Normal,66–181,nmol/L,Normal,1.0–4.0,Index,High
4489,41,Female,1.7,1.8,135.0,145.0,0.4–4.0,mIU/L,Normal,1.2–3.1,nmol/L,Normal,66–181,nmol/L,Normal,1.0–4.0,Index,High
4490,43,Male,0.55,2.9,128.0,148.0,0.4–4.0,mIU/L,Normal,1.2–3.1,nmol/L,Normal,66–181,nmol/L,Normal,1.0–4.0,Index,High
4491,72,Female,85.0,0.6,22.0,20.0,0.4–4.0,mIU/L,High,1.2–3.1,nmol/L,Low,66–181,nmol/L,Low,1.0–4.0,Index,High
4492,33,Female,1.2,2.2,117.0,126.0,0.4–4.0,mIU/L,Normal,1.2–3.1,nmol/L,Normal,66–181,nmol/L,Normal,1.0–4.0,Index,High
4493,72,Male,1.1,1.0,53.0,87.0,0.4–4.0,mIU/L,Normal,1.2–3.1,nmol/L,Low,66–181,nmol/L,Low,1.0–4.0,Index,High
4494,83,Male,5.2,1.8,107.0,104.0,0.4–4.0,mIU/L,High,1.2–3.1,nmol/L,Normal,66–181,nmol/L,Normal,1.0–4.0,Index,High
4495,60,Male,0.52,2.6,119.0,114.0,0.4–4.0,mIU/L,Normal,1.2–3.1,nmol/L,Normal,66–181,nmol/L,Normal,1.0–4.0,Index,High
4496,85,Male,1.4,0.6,124.0,129.0,0.4–4.0,mIU/L,Normal,1.2–3.1,nmol/L,Low,66–181,nmol/L,Normal,1.0–4.0,Index,High
4497,38,Female,1.5,3.2,136.0,149.0,0.4–4.0,mIU/L,Normal,1.2–3.1,nmol/L,High,66–181,nmol/L,Normal,1.0–4.0,Index,High
4498,81,Female,2.3,2.4,155.0,137.0,0.4–4.0,mIU/L,Normal,1.2–3.1,nmol/L,Normal,66–181,nmol/L,Normal,1.0–4.0,Index,High
4499,60,Male,1.8,0.7,76.0,102.0,0.4–4.0,mIU/L,Normal,1.2–3.1,nmol/L,Low,66–181,nmol/L,Normal,1.0–4.0,Index,High
4500,58,Female,0.045,2.7,108.0,149.0,0.4–4.0,mIU/L,Low,1.2–3.1,nmol/L,Normal,66–181,nmol/L,Normal,1.0–4.0,Index,High
4501,86,Female,1.2,1.2,128.0,137.0,0.4–4.0,mIU/L,Normal,1.2–3.1,nmol/L,Normal,66–181,nmol/L,Normal,1.0–4.0,Index,High
4502,56,Female,1.8,1.0,112.0,113.0,0.4–4.0,mIU/L,Normal,1.2–3.1,nmol/L,Low,66–181,nmol/L,Normal,1.0–4.0,Index,High
4503,70,Male,9.5,0.5,99.0,169.0,0.4–4.0,mIU/L,High,1.2–3.1,nmol/L,Low,66–181,nmol/L,Normal,1.0–4.0,Index,High
4504,29,Female,0.68,2.0,142.0,135.0,0.4–4.0,mIU/L,Normal,1.2–3.1,nmol/L,Normal,66–181,nmol/L,Normal,1.0–4.0,Index,High
4505,51,Female,2.7,2.9,136.0,114.0,0.4–4.0,mIU/L,Normal,1.2–3.1,nmol/L,Normal,66–181,nmol/L,Normal,1.0–4.0,Index,High
4506,50,,2.8,1.5,84.0,82.0,0.4–4.0,mIU/L,Normal,1.2–3.1,nmol/L,Normal,66–181,nmol/L,Normal,1.0–4.0,Index,High
4507,61,Female,29.0,2.4,58.0,59.0,0.4–4.0,mIU/L,High,1.2–3.1,nmol/L,Normal,66–181,nmol/L,Low,1.0–4.0,Index,High
4508,80,Female,0.75,2.1,129.0,122.0,0.4–4.0,mIU/L,Normal,1.2–3.1,nmol/L,Normal,66–181,nmol/L,Normal,1.0–4.0,Index,High
4509,37,Female,1.4,1.3,102.0,110.0,0.4–4.0,mIU/L,Normal,1.2–3.1,nmol/L,Normal,66–181,nmol/L,Normal,1.0–4.0,Index,High
4510,45,Male,1.1,1.6,123.0,120.0,0.4–4.0,mIU/L,Normal,1.2–3.1,nmol/L,Normal,66–181,nmol/L,Normal,1.0–4.0,Index,High
4511,45,Female,2.0,2.6,108.0,113.0,0.4–4.0,mIU/L,Normal,1.2–3.1,nmol/L,Normal,66–181,nmol/L,Normal,1.0–4.0,Index,High
4512,53,Female,5.1,2.4,105.0,80.0,0.4–4.0,mIU/L,High,1.2–3.1,nmol/L,Normal,66–181,nmol/L,Normal,1.0–4.0,Index,High
4513,63,Female,0.63,2.0,108.0,119.0,0.4–4.0,mIU/L,Normal,1.2–3.1,nmol/L,Normal,66–181,nmol/L,Normal,1.0–4.0,Index,High
4514,52,Female,1.7,2.4,115.0,95.0,0.4–4.0,mIU/L,Normal,1.2–3.1,nmol/L,Normal,66–181,nmol/L,Normal,1.0–4.0,Index,High
4515,67,Female,2.0,1.6,104.0,97.0,0.4–4.0,mIU/L,Normal,1.2–3.1,nmol/L,Normal,66–181,nmol/L,Normal,1.0–4.0,Index,High
4516,21,Female,0.76,1.1,104.0,92.0,0.4–4.0,mIU/L,Normal,1.2–3.1,nmol/L,Low,66–181,nmol/L,Normal,1.0–4.0,Index,High
4517,21,Female,11.0,1.4,82.0,83.0,0.4–4.0,mIU/L,High,1.2–3.1,nmol/L,Normal,66–181,nmol/L,Normal,1.0–4.0,Index,High
4518,69,Male,1.4,1.9,136.0,159.0,0.4–4.0,mIU/L,Normal,1.2–3.1,nmol/L,Normal,66–181,nmol/L,Normal,1.0–4.0,Index,High
4519,72,Female,0.25,4.4,192.0,211.0,0.4–4.0,mIU/L,Low,1.2–3.1,nmol/L,High,66–181,nmol/L,High,1.0–4.0,Index,High
4520,19,Male,1.2,2.8,112.0,99.0,0.4–4.0,mIU/L,Normal,1.2–3.1,nmol/L,Normal,66–181,nmol/L,Normal,1.0–4.0,Index,High
4521,72,Female,0.05,1.4,89.0,79.0,0.4–4.0,mIU/L,Low,1.2–3.1,nmol/L,Normal,66–181,nmol/L,Normal,1.0–4.0,Index,High
4522,87,Female,1.2,1.1,118.0,157.0,0.4–4.0,mIU/L,Normal,1.2–3.1,nmol/L,Low,66–181,nmol/L,Normal,1.0–4.0,Index,High
4523,28,Male,1.4,2.6,91.0,135.0,0.4–4.0,mIU/L,Normal,1.2–3.1,nmol/L,Normal,66–181,nmol/L,Normal,1.0–4.0,Index,High
4524,83,Female,0.36,1.9,96.0,102.0,0.4–4.0,mIU/L,Low,1.2–3.1,nmol/L,Normal,66–181,nmol/L,Normal,1.0–4.0,Index,High
4525,60,Male,4.8,2.8,100.0,94.0,0.4–4.0,mIU/L,High,1.2–3.1,nmol/L,Normal,66–181,nmol/L,Normal,1.0–4.0,Index,High
4526,82,Female,0.76,2.3,93.0,92.0,0.4–4.0,mIU/L,Normal,1.2–3.1,nmol/L,Normal,66–181,nmol/L,Normal,1.0–4.0,Index,High
4527,27,Female,1.8,3.3,119.0,90.0,0.4–4.0,mIU/L,Normal,1.2–3.1,nmol/L,High,66–181,nmol/L,Normal,1.0–4.0,Index,High
4528,61,Female,3.4,1.6,118.0,111.0,0.4–4.0,mIU/L,Normal,1.2–3.1,nmol/L,Normal,66–181,nmol/L,Normal,1.0–4.0,Index,High
4529,61,Male,1.5,2.3,104.0,113.0,0.4–4.0,mIU/L,Normal,1.2–3.1,nmol/L,Normal,66–181,nmol/L,Normal,1.0–4.0,Index,High
4530,43,Male,0.62,2.5,134.0,123.0,0.4–4.0,mIU/L,Normal,1.2–3.1,nmol/L,Normal,66–181,nmol/L,Normal,1.0–4.0,Index,High
4531,71,Male,0.63,1.3,164.0,164.0,0.4–4.0,mIU/L,Normal,1.2–3.1,nmol/L,Normal,66–181,nmol/L,Normal,1.0–4.0,Index,High
4532,45,Male,2.4,1.8,117.0,117.0,0.4–4.0,mIU/L,Normal,1.2–3.1,nmol/L,Normal,66–181,nmol/L,Normal,1.0–4.0,Index,High
4533,73,Female,0.51,2.4,192.0,162.0,0.4–4.0,mIU/L,Normal,1.2–3.1,nmol/L,Normal,66–181,nmol/L,High,1.0–4.0,Index,High
4534,59,Male,42.0,0.2,14.0,12.0,0.4–4.0,mIU/L,High,1.2–3.1,nmol/L,Low,66–181,nmol/L,Low,1.0–4.0,Index,High
4535,19,Female,8.5,3.4,134.0,86.0,0.4–4.0,mIU/L,High,1.2–3.1,nmol/L,High,66–181,nmol/L,Normal,1.0–4.0,Index,High
4536,46,Male,1.1,1.8,103.0,118.0,0.4–4.0,mIU/L,Normal,1.2–3.1,nmol/L,Normal,66–181,nmol/L,Normal,1.0–4.0,Index,High
4537,40,Female,2.4,2.3,150.0,121.0,0.4–4.0,mIU/L,Normal,1.2–3.1,nmol/L,Normal,66–181,nmol/L,Normal,1.0–4.0,Index,High
4538,76,Male,1.1,3.0,96.0,119.0,0.4–4.0,mIU/L,Normal,1.2–3.1,nmol/L,Normal,66–181,nmol/L,Normal,1.0–4.0,Index,High
4539,23,Female,1.7,3.9,120.0,102.0,0.4–4.0,mIU/L,Normal,1.2–3.1,nmol/L,High,66–181,nmol/L,Normal,1.0–4.0,Index,High
4540,60,Male,0.44,1.7,115.0,133.0,0.4–4.0,mIU/L,Normal,1.2–3.1,nmol/L,Normal,66–181,nmol/L,Normal,1.0–4.0,Index,High
4541,62,Female,2.2,2.1,96.0,112.0,0.4–4.0,mIU/L,Normal,1.2–3.1,nmol/L,Normal,66–181,nmol/L,Normal,1.0–4.0,Index,High
4542,63,Female,6.6,2.2,103.0,120.0,0.4–4.0,mIU/L,High,1.2–3.1,nmol/L,Normal,66–181,nmol/L,Normal,1.0–4.0,Index,High
4543,41,Female,4.6,2.4,129.0,127.0,0.4–4.0,mIU/L,High,1.2–3.1,nmol/L,Normal,66–181,nmol/L,Normal,1.0–4.0,Index,High
4544,73,Female,6.1,1.4,82.0,97.0,0.4–4.0,mIU/L,High,1.2–3.1,nmol/L,Normal,66–181,nmol/L,Normal,1.0–4.0,Index,High
4545,73,Female,0.83,3.1,124.0,113.0,0.4–4.0,mIU/L,Normal,1.2–3.1,nmol/L,Normal,66–181,nmol/L,Normal,1.0–4.0,Index,High
4546,32,Female,0.025,1.9,137.0,172.0,0.4–4.0,mIU/L,Low,1.2–3.1,nmol/L,Normal,66–181,nmol/L,Normal,1.0–4.0,Index,High
4547,27,Male,2.7,2.7,116.0,134.0,0.4–4.0,mIU/L,Normal,1.2–3.1,nmol/L,Normal,66–181,nmol/L,Normal,1.0–4.0,Index,High
4548,11,Female,3.0,2.7,99.0,99.0,0.4–4.0,mIU/L,Normal,1.2–3.1,nmol/L,Normal,66–181,nmol/L,Normal,1.0–4.0,Index,High
4549,64,Female,0.13,3.0,122.0,128.0,0.4–4.0,mIU/L,Low,1.2–3.1,nmol/L,Normal,66–181,nmol/L,Normal,1.0–4.0,Index,High
4550,19,Female,3.2,2.2,118.0,119.0,0.4–4.0,mIU/L,Normal,1.2–3.1,nmol/L,Normal,66–181,nmol/L,Normal,1.0–4.0,Index,High
4551,73,Male,1.1,1.6,89.0,119.0,0.4–4.0,mIU/L,Normal,1.2–3.1,nmol/L,Normal,66–181,nmol/L,Normal,1.0–4.0,Index,High
4552,70,Female,2.7,1.0,67.0,70.0,0.4–4.0,mIU/L,Normal,1.2–3.1,nmol/L,Low,66–181,nmol/L,Normal,1.0–4.0,Index,High
4553,60,Female,1.3,1.7,148.0,141.0,0.4–4.0,mIU/L,Normal,1.2–3.1,nmol/L,Normal,66–181,nmol/L,Normal,1.0–4.0,Index,High
4554,74,Male,1.3,1.9,100.0,108.0,0.4–4.0,mIU/L,Normal,1.2–3.1,nmol/L,Normal,66–181,nmol/L,Normal,1.0–4.0,Index,High
4555,43,,3.2,2.1,140.0,123.0,0.4–4.0,mIU/L,Normal,1.2–3.1,nmol/L,Normal,66–181,nmol/L,Normal,1.0–4.0,Index,High
4556,43,Female,0.68,2.5,175.0,143.0,0.4–4.0,mIU/L,Normal,1.2–3.1,nmol/L,Normal,66–181,nmol/L,Normal,1.0–4.0,Index,High
4557,42,Female,24.0,0.9,62.0,69.0,0.4–4.0,mIU/L,High,1.2–3.1,nmol/L,Low,66–181,nmol/L,Low,1.0–4.0,Index,High
4558,53,Female,1.4,2.4,54.0,63.0,0.4–4.0,mIU/L,Normal,1.2–3.1,nmol/L,Normal,66–181,nmol/L,Low,1.0–4.0,Index,High
4559,24,Female,0.06,1.7,66.0,84.0,0.4–4.0,mIU/L,Low,1.2–3.1,nmol/L,Normal,66–181,nmol/L,Normal,1.0–4.0,Index,High
4560,30,Female,1.4,1.3,117.0,101.0,0.4–4.0,mIU/L,Normal,1.2–3.1,nmol/L,Normal,66–181,nmol/L,Normal,1.0–4.0,Index,High
4561,66,Female,0.065,1.9,158.0,148.0,0.4–4.0,mIU/L,Low,1.2–3.1,nmol/L,Normal,66–181,nmol/L,Normal,1.0–4.0,Index,High
4562,32,Male,0.76,2.1,82.0,95.0,0.4–4.0,mIU/L,Normal,1.2–3.1,nmol/L,Normal,66–181,nmol/L,Normal,1.0–4.0,Index,High
4563,42,Male,0.05,2.7,111.0,127.0,0.4–4.0,mIU/L,Low,1.2–3.1,nmol/L,Normal,66–181,nmol/L,Normal,1.0–4.0,Index,High
4564,56,Male,1.3,1.9,86.0,120.0,0.4–4.0,mIU/L,Normal,1.2–3.1,nmol/L,Normal,66–181,nmol/L,Normal,1.0–4.0,Index,High
4565,60,Male,2.2,2.3,87.0,93.0,0.4–4.0,mIU/L,Normal,1.2–3.1,nmol/L,Normal,66–181,nmol/L,Normal,1.0–4.0,Index,High
4566,45,Female,0.37,2.2,97.0,97.0,0.4–4.0,mIU/L,Low,1.2–3.1,nmol/L,Normal,66–181,nmol/L,Normal,1.0–4.0,Index,High
4567,51,Male,106.0,0.4,10.0,8.7,0.4–4.0,mIU/L,High,1.2–3.1,nmol/L,Low,66–181,nmol/L,Low,1.0–4.0,Index,High
4568,45,Male,1.6,2.6,113.0,100.0,0.4–4.0,mIU/L,Normal,1.2–3.1,nmol/L,Normal,66–181,nmol/L,Normal,1.0–4.0,Index,High
4569,68,Female,0.6,1.6,86.0,92.0,0.4–4.0,mIU/L,Normal,1.2–3.1,nmol/L,Normal,66–181,nmol/L,Normal,1.0–4.0,Index,High
4570,58,Female,1.3,3.0,136.0,135.0,0.4–4.0,mIU/L,Normal,1.2–3.1,nmol/L,Normal,66–181,nmol/L,Normal,1.0–4.0,Index,High
4571,39,Male,3.2,2.4,107.0,110.0,0.4–4.0,mIU/L,Normal,1.2–3.1,nmol/L,Normal,66–181,nmol/L,Normal,1.0–4.0,Index,High
4572,41,Female,0.05,2.3,190.0,177.0,0.4–4.0,mIU/L,Low,1.2–3.1,nmol/L,Normal,66–181,nmol/L,High,1.0–4.0,Index,High
4573,32,Male,3.9,2.0,104.0,113.0,0.4–4.0,mIU/L,Normal,1.2–3.1,nmol/L,Normal,66–181,nmol/L,Normal,1.0–4.0,Index,High
4574,87,Female,3.4,1.4,111.0,88.0,0.4–4.0,mIU/L,Normal,1.2–3.1,nmol/L,Normal,66–181,nmol/L,Normal,1.0–4.0,Index,High
4575,64,,0.92,0.9,39.0,43.0,0.4–4.0,mIU/L,Normal,1.2–3.1,nmol/L,Low,66–181,nmol/L,Low,1.0–4.0,Index,High
4576,25,Male,0.88,1.7,84.0,109.0,0.4–4.0,mIU/L,Normal,1.2–3.1,nmol/L,Normal,66–181,nmol/L,Normal,1.0–4.0,Index,High
4577,34,Male,1.2,2.1,115.0,111.0,0.4–4.0,mIU/L,Normal,1.2–3.1,nmol/L,Normal,66–181,nmol/L,Normal,1.0–4.0,Index,High
4578,57,Female,4.8,2.1,85.0,87.0,0.4–4.0,mIU/L,High,1.2–3.1,nmol/L,Normal,66–181,nmol/L,Normal,1.0–4.0,Index,High
4579,60,Female,0.53,1.4,131.0,133.0,0.4–4.0,mIU/L,Normal,1.2–3.1,nmol/L,Normal,66–181,nmol/L,Normal,1.0–4.0,Index,High
4580,27,Female,8.2,1.4,60.0,48.0,0.4–4.0,mIU/L,High,1.2–3.1,nmol/L,Normal,66–181,nmol/L,Low,1.0–4.0,Index,High
4581,33,Female,2.3,1.6,13.0,14.0,0.4–4.0,mIU/L,Normal,1.2–3.1,nmol/L,Normal,66–181,nmol/L,Low,1.0–4.0,Index,High
4582,38,Female,0.045,1.6,149.0,154.0,0.4–4.0,mIU/L,Low,1.2–3.1,nmol/L,Normal,66–181,nmol/L,Normal,1.0–4.0,Index,High
4583,74,Female,3.0,1.5,131.0,117.0,0.4–4.0,mIU/L,Normal,1.2–3.1,nmol/L,Normal,66–181,nmol/L,Normal,1.0–4.0,Index,High
4584,40,Female,2.2,1.7,129.0,148.0,0.4–4.0,mIU/L,Normal,1.2–3.1,nmol/L,Normal,66–181,nmol/L,Normal,1.0–4.0,Index,High
4585,61,Male,2.2,1.8,83.0,117.0,0.4–4.0,mIU/L,Normal,1.2–3.1,nmol/L,Normal,66–181,nmol/L,Normal,1.0–4.0,Index,High
4586,33,,0.96,3.2,154.0,117.0,0.4–4.0,mIU/L,Normal,1.2–3.1,nmol/L,High,66–181,nmol/L,Normal,1.0–4.0,Index,High
4587,64,Male,1.4,1.3,119.0,157.0,0.4–4.0,mIU/L,Normal,1.2–3.1,nmol/L,Normal,66–181,nmol/L,Normal,1.0–4.0,Index,High
4588,73,Female,1.3,1.5,102.0,117.0,0.4–4.0,mIU/L,Normal,1.2–3.1,nmol/L,Normal,66–181,nmol/L,Normal,1.0–4.0,Index,High
4589,74,Female,2.8,2.0,99.0,95.0,0.4–4.0,mIU/L,Normal,1.2–3.1,nmol/L,Normal,66–181,nmol/L,Normal,1.0–4.0,Index,High
4590,25,Male,1.2,2.5,123.0,111.0,0.4–4.0,mIU/L,Normal,1.2–3.1,nmol/L,Normal,66–181,nmol/L,Normal,1.0–4.0,Index,High
4591,49,Female,0.76,1.9,99.0,83.0,0.4–4.0,mIU/L,Normal,1.2–3.1,nmol/L,Normal,66–181,nmol/L,Normal,1.0–4.0,Index,High
4592,77,Female,0.42,1.3,67.0,62.0,0.4–4.0,mIU/L,Normal,1.2–3.1,nmol/L,Normal,66–181,nmol/L,Normal,1.0–4.0,Index,High
4593,36,Male,0.71,1.7,93.0,106.0,0.4–4.0,mIU/L,Normal,1.2–3.1,nmol/L,Normal,66–181,nmol/L,Normal,1.0–4.0,Index,High
4594,13,Female,2.5,1.7,96.0,142.0,0.4–4.0,mIU/L,Normal,1.2–3.1,nmol/L,Normal,66–181,nmol/L,Normal,1.0–4.0,Index,High
4595,57,Male,1.6,1.5,93.0,95.0,0.4–4.0,mIU/L,Normal,1.2–3.1,nmol/L,Normal,66–181,nmol/L,Normal,1.0–4.0,Index,High
4596,42,Male,1.9,1.7,101.0,120.0,0.4–4.0,mIU/L,Normal,1.2–3.1,nmol/L,Normal,66–181,nmol/L,Normal,1.0–4.0,Index,High
4597,59,Male,2.8,1.8,101.0,94.0,0.4–4.0,mIU/L,Normal,1.2–3.1,nmol/L,Normal,66–181,nmol/L,Normal,1.0–4.0,Index,High
4598,53,Female,1.2,1.6,68.0,78.0,0.4–4.0,mIU/L,Normal,1.2–3.1,nmol/L,Normal,66–181,nmol/L,Normal,1.0–4.0,Index,High
4599,53,Male,2.3,1.5,119.0,118.0,0.4–4.0,mIU/L,Normal,1.2–3.1,nmol/L,Normal,66–181,nmol/L,Normal,1.0–4.0,Index,High
4600,62,Female,0.64,1.4,110.0,142.0,0.4–4.0,mIU/L,Normal,1.2–3.1,nmol/L,Normal,66–181,nmol/L,Normal,1.0–4.0,Index,High
4601,52,Male,1.9,2.8,124.0,106.0,0.4–4.0,mIU/L,Normal,1.2–3.1,nmol/L,Normal,66–181,nmol/L,Normal,1.0–4.0,Index,High
4602,52,Female,0.035,2.1,183.0,179.0,0.4–4.0,mIU/L,Low,1.2–3.1,nmol/L,Normal,66–181,nmol/L,High,1.0–4.0,Index,High
4603,50,Female,2.7,1.5,172.0,149.0,0.4–4.0,mIU/L,Normal,1.2–3.1,nmol/L,Normal,66–181,nmol/L,Normal,1.0–4.0,Index,High
4604,51,Male,6.4,2.1,120.0,110.0,0.4–4.0,mIU/L,High,1.2–3.1,nmol/L,Normal,66–181,nmol/L,Normal,1.0–4.0,Index,High
4605,45,Male,0.025,4.2,183.0,235.0,0.4–4.0,mIU/L,Low,1.2–3.1,nmol/L,High,66–181,nmol/L,High,1.0–4.0,Index,High
4606,42,Female,114.0,0.8,4.06,3.84,0.4–4.0,mIU/L,High,1.2–3.1,nmol/L,Low,66–181,nmol/L,Low,1.0–4.0,Index,Normal
4607,32,Female,0.09,2.3,212.0,158.0,0.4–4.0,mIU/L,Low,1.2–3.1,nmol/L,Normal,66–181,nmol/L,High,1.0–4.0,Index,High
4608,79,Female,6.4,1.8,109.0,113.0,0.4–4.0,mIU/L,High,1.2–3.1,nmol/L,Normal,66–181,nmol/L,Normal,1.0–4.0,Index,High
4609,61,Female,0.75,1.7,88.0,96.0,0.4–4.0,mIU/L,Normal,1.2–3.1,nmol/L,Normal,66–181,nmol/L,Normal,1.0–4.0,Index,High
4610,42,Female,0.025,3.1,136.0,136.0,0.4–4.0,mIU/L,Low,1.2–3.1,nmol/L,Normal,66–181,nmol/L,Normal,1.0–4.0,Index,High
4611,76,Female,0.19,1.6,129.0,130.0,0.4–4.0,mIU/L,Low,1.2–3.1,nmol/L,Normal,66–181,nmol/L,Normal,1.0–4.0,Index,High
4612,46,Female,0.84,1.7,111.0,113.0,0.4–4.0,mIU/L,Normal,1.2–3.1,nmol/L,Normal,66–181,nmol/L,Normal,1.0–4.0,Index,High
4613,71,Male,0.55,1.1,91.0,105.0,0.4–4.0,mIU/L,Normal,1.2–3.1,nmol/L,Low,66–181,nmol/L,Normal,1.0–4.0,Index,High
4614,69,Female,2.6,1.6,116.0,111.0,0.4–4.0,mIU/L,Normal,1.2–3.1,nmol/L,Normal,66–181,nmol/L,Normal,1.0–4.0,Index,High
4615,75,Female,4.3,1.7,142.0,127.0,0.4–4.0,mIU/L,High,1.2–3.1,nmol/L,Normal,66–181,nmol/L,Normal,1.0–4.0,Index,High
4616,25,Female,1.5,1.8,93.0,94.0,0.4–4.0,mIU/L,Normal,1.2–3.1,nmol/L,Normal,66–181,nmol/L,Normal,1.0–4.0,Index,High
4617,28,Female,0.07,1.9,175.0,143.0,0.4–4.0,mIU/L,Low,1.2–3.1,nmol/L,Normal,66–181,nmol/L,Normal,1.0–4.0,Index,High
4618,44,Male,1.3,1.5,64.0,63.0,0.4–4.0,mIU/L,Normal,1.2–3.1,nmol/L,Normal,66–181,nmol/L,Low,1.0–4.0,Index,High
4619,57,Female,3.3,1.3,67.0,70.0,0.4–4.0,mIU/L,Normal,1.2–3.1,nmol/L,Normal,66–181,nmol/L,Normal,1.0–4.0,Index,High
4620,31,Male,3.6,1.5,105.0,131.0,0.4–4.0,mIU/L,Normal,1.2–3.1,nmol/L,Normal,66–181,nmol/L,Normal,1.0–4.0,Index,High
4621,31,Male,1.7,1.4,62.0,98.0,0.4–4.0,mIU/L,Normal,1.2–3.1,nmol/L,Normal,66–181,nmol/L,Low,1.0–4.0,Index,High
4622,39,Male,1.1,1.8,91.0,97.0,0.4–4.0,mIU/L,Normal,1.2–3.1,nmol/L,Normal,66–181,nmol/L,Normal,1.0–4.0,Index,High
4623,76,Female,0.04,0.9,100.0,100.0,0.4–4.0,mIU/L,Low,1.2–3.1,nmol/L,Low,66–181,nmol/L,Normal,1.0–4.0,Index,High
4624,56,Female,0.05,3.8,200.0,264.0,0.4–4.0,mIU/L,Low,1.2–3.1,nmol/L,High,66–181,nmol/L,High,1.0–4.0,Index,High
4625,50,Female,0.05,1.7,185.0,231.0,0.4–4.0,mIU/L,Low,1.2–3.1,nmol/L,Normal,66–181,nmol/L,High,1.0–4.0,Index,High
4626,66,Female,48.0,0.4,12.0,9.099999,0.4–4.0,mIU/L,High,1.2–3.1,nmol/L,Low,66–181,nmol/L,Low,1.0–4.0,Index,High
4627,66,Female,2.7,1.0,67.0,80.0,0.4–4.0,mIU/L,Normal,1.2–3.1,nmol/L,Low,66–181,nmol/L,Normal,1.0–4.0,Index,High
4628,66,Female,1.0,2.0,91.0,95.0,0.4–4.0,mIU/L,Normal,1.2–3.1,nmol/L,Normal,66–181,nmol/L,Normal,1.0–4.0,Index,High
4629,69,Female,0.005,1.8,203.0,224.0,0.4–4.0,mIU/L,Low,1.2–3.1,nmol/L,Normal,66–181,nmol/L,High,1.0–4.0,Index,High
4630,65,Female,1.3,1.4,144.0,110.0,0.4–4.0,mIU/L,Normal,1.2–3.1,nmol/L,Normal,66–181,nmol/L,Normal,1.0–4.0,Index,High
4631,56,Female,2.1,1.7,124.0,112.0,0.4–4.0,mIU/L,Normal,1.2–3.1,nmol/L,Normal,66–181,nmol/L,Normal,1.0–4.0,Index,High
4632,61,Male,2.0,1.1,140.0,156.0,0.4–4.0,mIU/L,Normal,1.2–3.1,nmol/L,Low,66–181,nmol/L,Normal,1.0–4.0,Index,High
4633,36,Male,0.44,1.6,122.0,141.0,0.4–4.0,mIU/L,Normal,1.2–3.1,nmol/L,Normal,66–181,nmol/L,Normal,1.0–4.0,Index,High
4634,78,Female,0.72,1.7,122.0,114.0,0.4–4.0,mIU/L,Normal,1.2–3.1,nmol/L,Normal,66–181,nmol/L,Normal,1.0–4.0,Index,High
4635,29,Male,1.2,2.3,99.0,104.0,0.4–4.0,mIU/L,Normal,1.2–3.1,nmol/L,Normal,66–181,nmol/L,Normal,1.0–4.0,Index,High
4636,26,Female,1.1,1.4,36.0,42.0,0.4–4.0,mIU/L,Normal,1.2–3.1,nmol/L,Normal,66–181,nmol/L,Low,1.0–4.0,Index,High
4637,74,Female,7.2,1.3,96.0,97.0,0.4–4.0,mIU/L,High,1.2–3.1,nmol/L,Normal,66–181,nmol/L,Normal,1.0–4.0,Index,High
4638,49,Male,1.7,1.6,106.0,108.0,0.4–4.0,mIU/L,Normal,1.2–3.1,nmol/L,Normal,66–181,nmol/L,Normal,1.0–4.0,Index,High
4639,38,Male,0.54,1.7,113.0,120.0,0.4–4.0,mIU/L,Normal,1.2–3.1,nmol/L,Normal,66–181,nmol/L,Normal,1.0–4.0,Index,High
4640,38,Female,3.4,1.9,124.0,103.0,0.4–4.0,mIU/L,Normal,1.2–3.1,nmol/L,Normal,66–181,nmol/L,Normal,1.0–4.0,Index,High
4641,73,Male,2.4,1.4,91.0,87.0,0.4–4.0,mIU/L,Normal,1.2–3.1,nmol/L,Normal,66–181,nmol/L,Normal,1.0–4.0,Index,High
4642,46,Male,0.77,1.3,50.0,75.0,0.4–4.0,mIU/L,Normal,1.2–3.1,nmol/L,Normal,66–181,nmol/L,Low,1.0–4.0,Index,High
4643,69,Female,2.1,1.7,118.0,130.0,0.4–4.0,mIU/L,Normal,1.2–3.1,nmol/L,Normal,66–181,nmol/L,Normal,1.0–4.0,Index,High
4644,33,Female,0.005,3.2,185.0,206.0,0.4–4.0,mIU/L,Low,1.2–3.1,nmol/L,High,66–181,nmol/L,High,1.0–4.0,Index,High
4645,57,,1.6,0.5,110.0,127.0,0.4–4.0,mIU/L,Normal,1.2–3.1,nmol/L,Low,66–181,nmol/L,Normal,1.0–4.0,Index,High
4646,35,Female,0.01,1.9,136.0,127.0,0.4–4.0,mIU/L,Low,1.2–3.1,nmol/L,Normal,66–181,nmol/L,Normal,1.0–4.0,Index,High
4647,78,Male,0.59,2.0,101.0,112.0,0.4–4.0,mIU/L,Normal,1.2–3.1,nmol/L,Normal,66–181,nmol/L,Normal,1.0–4.0,Index,High
4648,69,Male,0.45,1.4,91.0,114.0,0.4–4.0,mIU/L,Normal,1.2–3.1,nmol/L,Normal,66–181,nmol/L,Normal,1.0–4.0,Index,High
4649,38,Male,0.97,1.6,105.0,122.0,0.4–4.0,mIU/L,Normal,1.2–3.1,nmol/L,Normal,66–181,nmol/L,Normal,1.0–4.0,Index,High
4650,49,Female,68.0,0.3,68.0,77.0,0.4–4.0,mIU/L,High,1.2–3.1,nmol/L,Low,66–181,nmol/L,Normal,1.0–4.0,Index,High
4651,43,Male,3.8,2.2,130.0,134.0,0.4–4.0,mIU/L,Normal,1.2–3.1,nmol/L,Normal,66–181,nmol/L,Normal,1.0–4.0,Index,High
4652,43,Female,1.9,1.8,98.0,112.0,0.4–4.0,mIU/L,Normal,1.2–3.1,nmol/L,Normal,66–181,nmol/L,Normal,1.0–4.0,Index,High
4653,43,Male,1.1,2.3,121.0,137.0,0.4–4.0,mIU/L,Normal,1.2–3.1,nmol/L,Normal,66–181,nmol/L,Normal,1.0–4.0,Index,High
4654,43,Female,2.1,0.6,87.0,100.0,0.4–4.0,mIU/L,Normal,1.2–3.1,nmol/L,Low,66–181,nmol/L,Normal,1.0–4.0,Index,High
4655,78,Female,1.8,1.3,98.0,95.0,0.4–4.0,mIU/L,Normal,1.2–3.1,nmol/L,Normal,66–181,nmol/L,Normal,1.0–4.0,Index,High
4656,42,Female,5.8,2.7,79.0,79.0,0.4–4.0,mIU/L,High,1.2–3.1,nmol/L,Normal,66–181,nmol/L,Normal,1.0–4.0,Index,High
4657,76,Female,3.8,2.7,97.0,81.0,0.4–4.0,mIU/L,Normal,1.2–3.1,nmol/L,Normal,66–181,nmol/L,Normal,1.0–4.0,Index,High
4658,70,Male,2.3,2.8,90.0,82.0,0.4–4.0,mIU/L,Normal,1.2–3.1,nmol/L,Normal,66–181,nmol/L,Normal,1.0–4.0,Index,High
4659,52,Male,3.4,2.3,84.0,117.0,0.4–4.0,mIU/L,Normal,1.2–3.1,nmol/L,Normal,66–181,nmol/L,Normal,1.0–4.0,Index,High
4660,80,Female,4.6,1.8,120.0,116.0,0.4–4.0,mIU/L,High,1.2–3.1,nmol/L,Normal,66–181,nmol/L,Normal,1.0–4.0,Index,High
4661,20,Female,3.2,2.6,38.0,35.0,0.4–4.0,mIU/L,Normal,1.2–3.1,nmol/L,Normal,66–181,nmol/L,Low,1.0–4.0,Index,High
4662,70,Female,5.2,1.1,112.0,143.0,0.4–4.0,mIU/L,High,1.2–3.1,nmol/L,Low,66–181,nmol/L,Normal,1.0–4.0,Index,High
4663,60,Female,4.1,0.7,105.0,124.0,0.4–4.0,mIU/L,High,1.2–3.1,nmol/L,Low,66–181,nmol/L,Normal,1.0–4.0,Index,High
4664,65512,Male,0.03,2.8,112.0,133.0,0.4–4.0,mIU/L,Low,1.2–3.1,nmol/L,Normal,66–181,nmol/L,Normal,1.0–4.0,Index,High
4665,34,Female,0.03,3.2,123.0,114.0,0.4–4.0,mIU/L,Low,1.2–3.1,nmol/L,High,66–181,nmol/L,Normal,1.0–4.0,Index,High
4666,34,Female,0.03,2.2,105.0,123.0,0.4–4.0,mIU/L,Low,1.2–3.1,nmol/L,Normal,66–181,nmol/L,Normal,1.0–4.0,Index,High
4667,53,Female,0.04,1.0,65.0,108.0,0.4–4.0,mIU/L,Low,1.2–3.1,nmol/L,Low,66–181,nmol/L,Low,1.0–4.0,Index,High
4668,59,Male,0.68,1.2,23.0,136.0,0.4–4.0,mIU/L,Normal,1.2–3.1,nmol/L,Normal,66–181,nmol/L,Low,1.0–4.0,Index,High
4669,51,Male,19.0,1.9,92.0,110.0,0.4–4.0,mIU/L,High,1.2–3.1,nmol/L,Normal,66–181,nmol/L,Normal,1.0–4.0,Index,High
4670,56,Female,0.04,3.8,162.0,155.0,0.4–4.0,mIU/L,Low,1.2–3.1,nmol/L,High,66–181,nmol/L,Normal,1.0–4.0,Index,High
4671,39,Female,8.9,1.7,97.0,111.0,0.4–4.0,mIU/L,High,1.2–3.1,nmol/L,Normal,66–181,nmol/L,Normal,1.0–4.0,Index,High
4672,27,Female,0.04,2.3,166.0,198.0,0.4–4.0,mIU/L,Low,1.2–3.1,nmol/L,Normal,66–181,nmol/L,Normal,1.0–4.0,Index,High
4673,60,Male,6.2,0.7,55.0,96.0,0.4–4.0,mIU/L,High,1.2–3.1,nmol/L,Low,66–181,nmol/L,Low,1.0–4.0,Index,High
4674,28,Female,2.1,1.7,116.0,115.0,0.4–4.0,mIU/L,Normal,1.2–3.1,nmol/L,Normal,66–181,nmol/L,Normal,1.0–4.0,Index,High
4675,61,Female,6.8,0.9,96.0,95.0,0.4–4.0,mIU/L,High,1.2–3.1,nmol/L,Low,66–181,nmol/L,Normal,1.0–4.0,Index,High
4676,39,Female,2.1,3.1,153.0,96.0,0.4–4.0,mIU/L,Normal,1.2–3.1,nmol/L,Normal,66–181,nmol/L,Normal,1.0–4.0,Index,High
4677,39,Female,0.07,2.4,37.0,45.0,0.4–4.0,mIU/L,Low,1.2–3.1,nmol/L,Normal,66–181,nmol/L,Low,1.0–4.0,Index,High
4678,13,Female,5.0,1.0,103.0,142.0,0.4–4.0,mIU/L,High,1.2–3.1,nmol/L,Low,66–181,nmol/L,Normal,1.0–4.0,Index,High
4679,36,Male,0.07,4.1,153.0,178.0,0.4–4.0,mIU/L,Low,1.2–3.1,nmol/L,High,66–181,nmol/L,Normal,1.0–4.0,Index,High
4680,34,Female,2.4,1.6,110.0,105.0,0.4–4.0,mIU/L,Normal,1.2–3.1,nmol/L,Normal,66–181,nmol/L,Normal,1.0–4.0,Index,High
4681,75,Male,0.075,3.0,139.0,141.0,0.4–4.0,mIU/L,Low,1.2–3.1,nmol/L,Normal,66–181,nmol/L,Normal,1.0–4.0,Index,High
4682,77,Female,6.6,1.3,146.0,137.0,0.4–4.0,mIU/L,High,1.2–3.1,nmol/L,Normal,66–181,nmol/L,Normal,1.0–4.0,Index,High
4683,73,Female,3.3,0.9,90.0,102.0,0.4–4.0,mIU/L,Normal,1.2–3.1,nmol/L,Low,66–181,nmol/L,Normal,1.0–4.0,Index,High
4684,57,Female,0.04,1.3,121.0,152.0,0.4–4.0,mIU/L,Low,1.2–3.1,nmol/L,Normal,66–181,nmol/L,Normal,1.0–4.0,Index,High
4685,57,Male,2.4,1.9,124.0,115.0,0.4–4.0,mIU/L,Normal,1.2–3.1,nmol/L,Normal,66–181,nmol/L,Normal,1.0–4.0,Index,High
4686,66,Female,2.2,1.6,77.0,90.0,0.4–4.0,mIU/L,Normal,1.2–3.1,nmol/L,Normal,66–181,nmol/L,Normal,1.0–4.0,Index,High
4687,41,Male,0.61,1.7,108.0,135.0,0.4–4.0,mIU/L,Normal,1.2–3.1,nmol/L,Normal,66–181,nmol/L,Normal,1.0–4.0,Index,High
4688,62,Female,1.9,2.1,116.0,103.0,0.4–4.0,mIU/L,Normal,1.2–3.1,nmol/L,Normal,66–181,nmol/L,Normal,1.0–4.0,Index,High
4689,56,Female,0.3,1.6,131.0,138.0,0.4–4.0,mIU/L,Low,1.2–3.1,nmol/L,Normal,66–181,nmol/L,Normal,1.0–4.0,Index,High
4690,84,Female,1.7,1.8,82.0,89.0,0.4–4.0,mIU/L,Normal,1.2–3.1,nmol/L,Normal,66–181,nmol/L,Normal,1.0–4.0,Index,High
4691,66,Female,48.0,0.5,4.2,3.1,0.4–4.0,mIU/L,High,1.2–3.1,nmol/L,Low,66–181,nmol/L,Low,1.0–4.0,Index,Normal
4692,74,Female,0.3,0.9,104.0,133.0,0.4–4.0,mIU/L,Low,1.2–3.1,nmol/L,Low,66–181,nmol/L,Normal,1.0–4.0,Index,High
4693,25,Female,28.0,1.1,87.0,93.0,0.4–4.0,mIU/L,High,1.2–3.1,nmol/L,Low,66–181,nmol/L,Normal,1.0–4.0,Index,High
4694,37,Female,1.8,2.1,184.0,130.0,0.4–4.0,mIU/L,Normal,1.2–3.1,nmol/L,Normal,66–181,nmol/L,High,1.0–4.0,Index,High
4695,42,Female,1.4,2.3,95.0,97.0,0.4–4.0,mIU/L,Normal,1.2–3.1,nmol/L,Normal,66–181,nmol/L,Normal,1.0–4.0,Index,High
4696,67,Female,2.0,1.9,101.0,105.0,0.4–4.0,mIU/L,Normal,1.2–3.1,nmol/L,Normal,66–181,nmol/L,Normal,1.0–4.0,Index,High
4697,35,Female,2.1,1.3,52.0,63.0,0.4–4.0,mIU/L,Normal,1.2–3.1,nmol/L,Normal,66–181,nmol/L,Low,1.0–4.0,Index,High
4698,28,Female,3.2,1.4,95.0,105.0,0.4–4.0,mIU/L,Normal,1.2–3.1,nmol/L,Normal,66–181,nmol/L,Normal,1.0–4.0,Index,High
4699,38,Female,1.1,1.8,81.0,93.0,0.4–4.0,mIU/L,Normal,1.2–3.1,nmol/L,Normal,66–181,nmol/L,Normal,1.0–4.0,Index,High
4700,63,Female,4.1,1.8,100.0,83.0,0.4–4.0,mIU/L,High,1.2–3.1,nmol/L,Normal,66–181,nmol/L,Normal,1.0–4.0,Index,High
4701,62,Female,0.07,2.0,209.0,218.0,0.4–4.0,mIU/L,Low,1.2–3.1,nmol/L,Normal,66–181,nmol/L,High,1.0–4.0,Index,High
4702,52,Female,1.2,2.1,144.0,115.0,0.4–4.0,mIU/L,Normal,1.2–3.1,nmol/L,Normal,66–181,nmol/L,Normal,1.0–4.0,Index,High
4703,24,Female,2.5,3.1,119.0,97.0,0.4–4.0,mIU/L,Normal,1.2–3.1,nmol/L,Normal,66–181,nmol/L,Normal,1.0–4.0,Index,High
4704,22,Female,0.055,6.2,386.0,378.0,0.4–4.0,mIU/L,Low,1.2–3.1,nmol/L,High,66–181,nmol/L,High,1.0–4.0,Index,High
4705,78,Female,0.9,1.8,100.0,110.0,0.4–4.0,mIU/L,Normal,1.2–3.1,nmol/L,Normal,66–181,nmol/L,Normal,1.0–4.0,Index,High
4706,29,Female,1.5,2.4,133.0,122.0,0.4–4.0,mIU/L,Normal,1.2–3.1,nmol/L,Normal,66–181,nmol/L,Normal,1.0–4.0,Index,High
4707,57,Female,11.0,2.1,75.0,74.0,0.4–4.0,mIU/L,High,1.2–3.1,nmol/L,Normal,66–181,nmol/L,Normal,1.0–4.0,Index,High
4708,83,Male,0.79,1.3,108.0,141.0,0.4–4.0,mIU/L,Normal,1.2–3.1,nmol/L,Normal,66–181,nmol/L,Normal,1.0–4.0,Index,High
4709,77,Female,141.0,0.05,3.0,3.0,0.4–4.0,mIU/L,High,1.2–3.1,nmol/L,Low,66–181,nmol/L,Low,1.0–4.0,Index,Normal
4710,29,Female,3.9,1.0,126.0,117.0,0.4–4.0,mIU/L,Normal,1.2–3.1,nmol/L,Low,66–181,nmol/L,Normal,1.0–4.0,Index,High
4711,29,Female,0.45,0.6,79.0,148.0,0.4–4.0,mIU/L,Normal,1.2–3.1,nmol/L,Low,66–181,nmol/L,Normal,1.0–4.0,Index,High
4712,37,Female,1.4,1.6,81.0,74.0,0.4–4.0,mIU/L,Normal,1.2–3.1,nmol/L,Normal,66–181,nmol/L,Normal,1.0–4.0,Index,High
4713,30,Female,4.8,1.5,82.0,73.0,0.4–4.0,mIU/L,High,1.2–3.1,nmol/L,Normal,66–181,nmol/L,Normal,1.0–4.0,Index,High
4714,35,Female,0.77,1.5,141.0,134.0,0.4–4.0,mIU/L,Normal,1.2–3.1,nmol/L,Normal,66–181,nmol/L,Normal,1.0–4.0,Index,High
4715,70,Female,1.3,0.05,20.0,31.0,0.4–4.0,mIU/L,Normal,1.2–3.1,nmol/L,Low,66–181,nmol/L,Low,1.0–4.0,Index,High
4716,19,Male,1.5,1.1,105.0,129.0,0.4–4.0,mIU/L,Normal,1.2–3.1,nmol/L,Low,66–181,nmol/L,Normal,1.0–4.0,Index,High
4717,62,,21.0,1.4,88.0,115.0,0.4–4.0,mIU/L,High,1.2–3.1,nmol/L,Normal,66–181,nmol/L,Normal,1.0–4.0,Index,High
4718,73,Female,2.4,1.3,43.0,48.0,0.4–4.0,mIU/L,Normal,1.2–3.1,nmol/L,Normal,66–181,nmol/L,Low,1.0–4.0,Index,High
4719,51,,1.1,5.3,116.0,119.0,0.4–4.0,mIU/L,Normal,1.2–3.1,nmol/L,High,66–181,nmol/L,Normal,1.0–4.0,Index,High
4720,46,Female,3.0,1.3,127.0,115.0,0.4–4.0,mIU/L,Normal,1.2–3.1,nmol/L,Normal,66–181,nmol/L,Normal,1.0–4.0,Index,High
4721,46,Female,1.2,1.4,140.0,156.0,0.4–4.0,mIU/L,Normal,1.2–3.1,nmol/L,Normal,66–181,nmol/L,Normal,1.0–4.0,Index,High
4722,30,Male,0.99,1.9,119.0,143.0,0.4–4.0,mIU/L,Normal,1.2–3.1,nmol/L,Normal,66–181,nmol/L,Normal,1.0–4.0,Index,High
4723,30,Female,2.0,1.9,107.0,126.0,0.4–4.0,mIU/L,Normal,1.2–3.1,nmol/L,Normal,66–181,nmol/L,Normal,1.0–4.0,Index,High
4724,74,Female,0.36,1.3,96.0,129.0,0.4–4.0,mIU/L,Low,1.2–3.1,nmol/L,Normal,66–181,nmol/L,Normal,1.0–4.0,Index,High
4725,54,Female,0.065,1.7,148.0,155.0,0.4–4.0,mIU/L,Low,1.2–3.1,nmol/L,Normal,66–181,nmol/L,Normal,1.0–4.0,Index,High
4726,25,Male,2.8,2.6,111.0,127.0,0.4–4.0,mIU/L,Normal,1.2–3.1,nmol/L,Normal,66–181,nmol/L,Normal,1.0–4.0,Index,High
4727,37,Female,0.13,2.5,173.0,161.0,0.4–4.0,mIU/L,Low,1.2–3.1,nmol/L,Normal,66–181,nmol/L,Normal,1.0–4.0,Index,High
4728,55,Female,1.0,2.1,100.0,130.0,0.4–4.0,mIU/L,Normal,1.2–3.1,nmol/L,Normal,66–181,nmol/L,Normal,1.0–4.0,Index,High
4729,77,Male,1.7,1.9,80.0,90.0,0.4–4.0,mIU/L,Normal,1.2–3.1,nmol/L,Normal,66–181,nmol/L,Normal,1.0–4.0,Index,High
4730,75,Female,21.0,1.6,124.0,114.0,0.4–4.0,mIU/L,High,1.2–3.1,nmol/L,Normal,66–181,nmol/L,Normal,1.0–4.0,Index,High
4731,24,Female,1.04,2.5,116.0,131.0,0.4–4.0,mIU/L,Normal,1.2–3.1,nmol/L,Normal,66–181,nmol/L,Normal,1.0–4.0,Index,High
4732,32,Female,5.9,1.2,53.0,67.0,0.4–4.0,mIU/L,High,1.2–3.1,nmol/L,Normal,66–181,nmol/L,Low,1.0–4.0,Index,High
4733,78,Female,3.2,1.1,126.0,142.0,0.4–4.0,mIU/L,Normal,1.2–3.1,nmol/L,Low,66–181,nmol/L,Normal,1.0–4.0,Index,High
4734,83,Male,1.9,0.5,134.0,183.0,0.4–4.0,mIU/L,Normal,1.2–3.1,nmol/L,Low,66–181,nmol/L,Normal,1.0–4.0,Index,High
4735,37,Male,0.61,1.1,73.0,93.0,0.4–4.0,mIU/L,Normal,1.2–3.1,nmol/L,Low,66–181,nmol/L,Normal,1.0–4.0,Index,High
4736,42,Female,2.0,1.8,126.0,138.0,0.4–4.0,mIU/L,Normal,1.2–3.1,nmol/L,Normal,66–181,nmol/L,Normal,1.0–4.0,Index,High
4737,75,Female,4.8,1.6,93.0,96.0,0.4–4.0,mIU/L,High,1.2–3.1,nmol/L,Normal,66–181,nmol/L,Normal,1.0–4.0,Index,High
4738,32,,3.7,2.1,124.0,131.0,0.4–4.0,mIU/L,Normal,1.2–3.1,nmol/L,Normal,66–181,nmol/L,Normal,1.0–4.0,Index,High
4739,48,Female,2.9,1.7,75.0,77.0,0.4–4.0,mIU/L,Normal,1.2–3.1,nmol/L,Normal,66–181,nmol/L,Normal,1.0–4.0,Index,High
4740,59,Female,0.1,1.7,122.0,135.0,0.4–4.0,mIU/L,Low,1.2–3.1,nmol/L,Normal,66–181,nmol/L,Normal,1.0–4.0,Index,High
4741,62,Female,3.6,1.8,139.0,125.0,0.4–4.0,mIU/L,Normal,1.2–3.1,nmol/L,Normal,66–181,nmol/L,Normal,1.0–4.0,Index,High
4742,59,Female,2.6,2.1,115.0,129.0,0.4–4.0,mIU/L,Normal,1.2–3.1,nmol/L,Normal,66–181,nmol/L,Normal,1.0–4.0,Index,High
4743,15,Male,3.3,2.5,144.0,121.0,0.4–4.0,mIU/L,Normal,1.2–3.1,nmol/L,Normal,66–181,nmol/L,Normal,1.0–4.0,Index,High
4744,15,Female,3.3,2.3,120.0,110.0,0.4–4.0,mIU/L,Normal,1.2–3.1,nmol/L,Normal,66–181,nmol/L,Normal,1.0–4.0,Index,High
4745,15,Male,0.9,2.9,101.0,106.0,0.4–4.0,mIU/L,Normal,1.2–3.1,nmol/L,Normal,66–181,nmol/L,Normal,1.0–4.0,Index,High
4746,26,Male,0.73,2.9,102.0,116.0,0.4–4.0,mIU/L,Normal,1.2–3.1,nmol/L,Normal,66–181,nmol/L,Normal,1.0–4.0,Index,High
4747,20,Female,2.0,1.8,130.0,128.0,0.4–4.0,mIU/L,Normal,1.2–3.1,nmol/L,Normal,66–181,nmol/L,Normal,1.0–4.0,Index,High
4748,66,Female,0.87,1.8,110.0,124.0,0.4–4.0,mIU/L,Normal,1.2–3.1,nmol/L,Normal,66–181,nmol/L,Normal,1.0–4.0,Index,High
4749,73,Female,1.2,1.8,121.0,134.0,0.4–4.0,mIU/L,Normal,1.2–3.1,nmol/L,Normal,66–181,nmol/L,Normal,1.0–4.0,Index,High
4750,24,,1.9,2.2,77.0,100.0,0.4–4.0,mIU/L,Normal,1.2–3.1,nmol/L,Normal,66–181,nmol/L,Normal,1.0–4.0,Index,High
4751,18,Male,0.48,1.5,87.0,100.0,0.4–4.0,mIU/L,Normal,1.2–3.1,nmol/L,Normal,66–181,nmol/L,Normal,1.0–4.0,Index,High
4752,61,Female,1.2,0.9,97.0,104.0,0.4–4.0,mIU/L,Normal,1.2–3.1,nmol/L,Low,66–181,nmol/L,Normal,1.0–4.0,Index,High
4753,74,Female,2.1,0.7,89.0,123.0,0.4–4.0,mIU/L,Normal,1.2–3.1,nmol/L,Low,66–181,nmol/L,Normal,1.0–4.0,Index,High
4754,63,Male,1.3,2.4,91.0,115.0,0.4–4.0,mIU/L,Normal,1.2–3.1,nmol/L,Normal,66–181,nmol/L,Normal,1.0–4.0,Index,High
4755,33,Female,8.799999,2.0,91.0,111.0,0.4–4.0,mIU/L,High,1.2–3.1,nmol/L,Normal,66–181,nmol/L,Normal,1.0–4.0,Index,High
4756,72,Female,0.135,2.2,112.0,118.0,0.4–4.0,mIU/L,Low,1.2–3.1,nmol/L,Normal,66–181,nmol/L,Normal,1.0–4.0,Index,High
4757,76,Female,1.6,2.2,131.0,123.0,0.4–4.0,mIU/L,Normal,1.2–3.1,nmol/L,Normal,66–181,nmol/L,Normal,1.0–4.0,Index,High
4758,53,Female,1.0,0.9,93.0,109.0,0.4–4.0,mIU/L,Normal,1.2–3.1,nmol/L,Low,66–181,nmol/L,Normal,1.0–4.0,Index,High
4759,53,Male,3.6,2.5,123.0,123.0,0.4–4.0,mIU/L,Normal,1.2–3.1,nmol/L,Normal,66–181,nmol/L,Normal,1.0–4.0,Index,High
4760,35,Female,3.3,2.9,132.0,124.0,0.4–4.0,mIU/L,Normal,1.2–3.1,nmol/L,Normal,66–181,nmol/L,Normal,1.0–4.0,Index,High
4761,33,Male,2.1,3.9,115.0,110.0,0.4–4.0,mIU/L,Normal,1.2–3.1,nmol/L,High,66–181,nmol/L,Normal,1.0–4.0,Index,High
4762,26,,1.0,2.3,140.0,127.0,0.4–4.0,mIU/L,Normal,1.2–3.1,nmol/L,Normal,66–181,nmol/L,Normal,1.0–4.0,Index,High
4763,26,Female,3.1,1.5,113.0,122.0,0.4–4.0,mIU/L,Normal,1.2–3.1,nmol/L,Normal,66–181,nmol/L,Normal,1.0–4.0,Index,High
4764,28,Male,0.99,2.6,152.0,135.0,0.4–4.0,mIU/L,Normal,1.2–3.1,nmol/L,Normal,66–181,nmol/L,Normal,1.0–4.0,Index,High
4765,47,Male,0.49,1.7,101.0,134.0,0.4–4.0,mIU/L,Normal,1.2–3.1,nmol/L,Normal,66–181,nmol/L,Normal,1.0–4.0,Index,High
4766,52,Female,4.6,0.9,105.0,145.0,0.4–4.0,mIU/L,High,1.2–3.1,nmol/L,Low,66–181,nmol/L,Normal,1.0–4.0,Index,High
4767,27,Female,0.36,2.4,114.0,115.0,0.4–4.0,mIU/L,Low,1.2–3.1,nmol/L,Normal,66–181,nmol/L,Normal,1.0–4.0,Index,High
4768,54,Male,0.91,1.8,125.0,169.0,0.4–4.0,mIU/L,Normal,1.2–3.1,nmol/L,Normal,66–181,nmol/L,Normal,1.0–4.0,Index,High
4769,57,Female,0.51,1.9,136.0,180.0,0.4–4.0,mIU/L,Normal,1.2–3.1,nmol/L,Normal,66–181,nmol/L,Normal,1.0–4.0,Index,High
4770,72,Female,0.04,2.6,214.0,216.0,0.4–4.0,mIU/L,Low,1.2–3.1,nmol/L,Normal,66–181,nmol/L,High,1.0–4.0,Index,High
4771,61,Male,2.4,2.4,130.0,137.0,0.4–4.0,mIU/L,Normal,1.2–3.1,nmol/L,Normal,66–181,nmol/L,Normal,1.0–4.0,Index,High
4772,52,Female,4.5,1.2,108.0,148.0,0.4–4.0,mIU/L,High,1.2–3.1,nmol/L,Normal,66–181,nmol/L,Normal,1.0–4.0,Index,High
4773,52,Male,0.9,2.0,101.0,94.0,0.4–4.0,mIU/L,Normal,1.2–3.1,nmol/L,Normal,66–181,nmol/L,Normal,1.0–4.0,Index,High
4774,76,Female,1.8,2.5,136.0,129.0,0.4–4.0,mIU/L,Normal,1.2–3.1,nmol/L,Normal,66–181,nmol/L,Normal,1.0–4.0,Index,High
4775,69,Female,0.18,1.4,104.0,153.0,0.4–4.0,mIU/L,Low,1.2–3.1,nmol/L,Normal,66–181,nmol/L,Normal,1.0–4.0,Index,High
4776,69,Female,0.79,1.7,118.0,119.0,0.4–4.0,mIU/L,Normal,1.2–3.1,nmol/L,Normal,66–181,nmol/L,Normal,1.0–4.0,Index,High
4777,87,Female,2.1,2.1,118.0,127.0,0.4–4.0,mIU/L,Normal,1.2–3.1,nmol/L,Normal,66–181,nmol/L,Normal,1.0–4.0,Index,High
4778,59,,0.74,2.2,95.0,113.0,0.4–4.0,mIU/L,Normal,1.2–3.1,nmol/L,Normal,66–181,nmol/L,Normal,1.0–4.0,Index,High
4779,43,Female,0.04,4.5,161.0,149.0,0.4–4.0,mIU/L,Low,1.2–3.1,nmol/L,High,66–181,nmol/L,Normal,1.0–4.0,Index,High
4780,58,Male,1.4,2.5,99.0,86.0,0.4–4.0,mIU/L,Normal,1.2–3.1,nmol/L,Normal,66–181,nmol/L,Normal,1.0–4.0,Index,High
4781,36,Female,1.3,1.8,82.0,86.0,0.4–4.0,mIU/L,Normal,1.2–3.1,nmol/L,Normal,66–181,nmol/L,Normal,1.0–4.0,Index,High
4782,70,Male,0.97,1.3,113.0,124.0,0.4–4.0,mIU/L,Normal,1.2–3.1,nmol/L,Normal,66–181,nmol/L,Normal,1.0–4.0,Index,High
4783,78,Male,0.5,0.3,57.0,52.0,0.4–4.0,mIU/L,Normal,1.2–3.1,nmol/L,Low,66–181,nmol/L,Low,1.0–4.0,Index,High
4784,78,,29.0,2.2,103.0,114.0,0.4–4.0,mIU/L,High,1.2–3.1,nmol/L,Normal,66–181,nmol/L,Normal,1.0–4.0,Index,High
4785,47,Male,0.96,1.4,106.0,118.0,0.4–4.0,mIU/L,Normal,1.2–3.1,nmol/L,Normal,66–181,nmol/L,Normal,1.0–4.0,Index,High
4786,66,Female,3.9,2.8,124.0,115.0,0.4–4.0,mIU/L,Normal,1.2–3.1,nmol/L,Normal,66–181,nmol/L,Normal,1.0–4.0,Index,High
4787,75,Female,2.2,1.6,71.0,72.0,0.4–4.0,mIU/L,Normal,1.2–3.1,nmol/L,Normal,66–181,nmol/L,Normal,1.0–4.0,Index,High
4788,75,Female,0.98,1.9,150.0,146.0,0.4–4.0,mIU/L,Normal,1.2–3.1,nmol/L,Normal,66–181,nmol/L,Normal,1.0–4.0,Index,High
4789,61,Female,36.0,1.2,109.0,103.0,0.4–4.0,mIU/L,High,1.2–3.1,nmol/L,Normal,66–181,nmol/L,Normal,1.0–4.0,Index,High
4790,40,Female,2.0,1.8,130.0,149.0,0.4–4.0,mIU/L,Normal,1.2–3.1,nmol/L,Normal,66–181,nmol/L,Normal,1.0–4.0,Index,High
4791,60,Male,1.2,1.6,104.0,105.0,0.4–4.0,mIU/L,Normal,1.2–3.1,nmol/L,Normal,66–181,nmol/L,Normal,1.0–4.0,Index,High
4792,36,Female,0.085,4.5,198.0,172.0,0.4–4.0,mIU/L,Low,1.2–3.1,nmol/L,High,66–181,nmol/L,High,1.0–4.0,Index,High
4793,62,Female,1.9,2.0,146.0,154.0,0.4–4.0,mIU/L,Normal,1.2–3.1,nmol/L,Normal,66–181,nmol/L,Normal,1.0–4.0,Index,High
4794,66,Female,1.7,0.3,61.0,52.0,0.4–4.0,mIU/L,Normal,1.2–3.1,nmol/L,Low,66–181,nmol/L,Low,1.0–4.0,Index,High
4795,60,Male,0.9,1.0,141.0,138.0,0.4–4.0,mIU/L,Normal,1.2–3.1,nmol/L,Low,66–181,nmol/L,Normal,1.0–4.0,Index,High
4796,70,Female,2.2,1.5,108.0,101.0,0.4–4.0,mIU/L,Normal,1.2–3.1,nmol/L,Normal,66–181,nmol/L,Normal,1.0–4.0,Index,High
4797,46,Female,1.7,1.0,105.0,105.0,0.4–4.0,mIU/L,Normal,1.2–3.1,nmol/L,Low,66–181,nmol/L,Normal,1.0–4.0,Index,High
4798,64,Female,0.085,1.5,131.0,121.0,0.4–4.0,mIU/L,Low,1.2–3.1,nmol/L,Normal,66–181,nmol/L,Normal,1.0–4.0,Index,High
4799,66,Male,7.5,1.7,127.0,131.0,0.4–4.0,mIU/L,High,1.2–3.1,nmol/L,Normal,66–181,nmol/L,Normal,1.0–4.0,Index,High
4800,81,Female,4.3,0.4,106.0,156.0,0.4–4.0,mIU/L,High,1.2–3.1,nmol/L,Low,66–181,nmol/L,Normal,1.0–4.0,Index,High
4801,73,Female,1.7,0.7,82.0,86.0,0.4–4.0,mIU/L,Normal,1.2–3.1,nmol/L,Low,66–181,nmol/L,Normal,1.0–4.0,Index,High
4802,80,Male,0.91,0.7,99.0,105.0,0.4–4.0,mIU/L,Normal,1.2–3.1,nmol/L,Low,66–181,nmol/L,Normal,1.0–4.0,Index,High
4803,52,Male,3.8,1.5,111.0,152.0,0.4–4.0,mIU/L,Normal,1.2–3.1,nmol/L,Normal,66–181,nmol/L,Normal,1.0–4.0,Index,High
4804,52,Male,5.3,1.1,98.0,107.0,0.4–4.0,mIU/L,High,1.2–3.1,nmol/L,Low,66–181,nmol/L,Normal,1.0–4.0,Index,High
4805,71,Male,1.1,0.5,93.0,124.0,0.4–4.0,mIU/L,Normal,1.2–3.1,nmol/L,Low,66–181,nmol/L,Normal,1.0–4.0,Index,High
4806,48,Female,0.72,1.7,144.0,133.0,0.4–4.0,mIU/L,Normal,1.2–3.1,nmol/L,Normal,66–181,nmol/L,Normal,1.0–4.0,Index,High
4807,42,Female,0.085,2.1,173.0,186.0,0.4–4.0,mIU/L,Low,1.2–3.1,nmol/L,Normal,66–181,nmol/L,Normal,1.0–4.0,Index,High
4808,40,Male,0.91,3.1,102.0,136.0,0.4–4.0,mIU/L,Normal,1.2–3.1,nmol/L,Normal,66–181,nmol/L,Normal,1.0–4.0,Index,High
4809,40,,0.62,1.2,68.0,184.0,0.4–4.0,mIU/L,Normal,1.2–3.1,nmol/L,Normal,66–181,nmol/L,Normal,1.0–4.0,Index,High
4810,64,,0.98,1.5,106.0,122.0,0.4–4.0,mIU/L,Normal,1.2–3.1,nmol/L,Normal,66–181,nmol/L,Normal,1.0–4.0,Index,High
4811,60,Female,0.87,1.9,120.0,125.0,0.4–4.0,mIU/L,Normal,1.2–3.1,nmol/L,Normal,66–181,nmol/L,Normal,1.0–4.0,Index,High
4812,20,Male,4.7,3.0,109.0,103.0,0.4–4.0,mIU/L,High,1.2–3.1,nmol/L,Normal,66–181,nmol/L,Normal,1.0–4.0,Index,High
4813,62,Female,1.7,2.0,132.0,120.0,0.4–4.0,mIU/L,Normal,1.2–3.1,nmol/L,Normal,66–181,nmol/L,Normal,1.0–4.0,Index,High
4814,39,Female,1.1,1.9,79.0,74.0,0.4–4.0,mIU/L,Normal,1.2–3.1,nmol/L,Normal,66–181,nmol/L,Normal,1.0–4.0,Index,High
4815,62,Female,0.07,2.1,182.0,177.0,0.4–4.0,mIU/L,Low,1.2–3.1,nmol/L,Normal,66–181,nmol/L,High,1.0–4.0,Index,High
4816,74,Female,13.0,1.6,128.0,127.0,0.4–4.0,mIU/L,High,1.2–3.1,nmol/L,Normal,66–181,nmol/L,Normal,1.0–4.0,Index,High
4817,60,Male,5.8,1.4,96.0,97.0,0.4–4.0,mIU/L,High,1.2–3.1,nmol/L,Normal,66–181,nmol/L,Normal,1.0–4.0,Index,High
4818,46,Female,0.06,2.4,103.0,97.0,0.4–4.0,mIU/L,Low,1.2–3.1,nmol/L,Normal,66–181,nmol/L,Normal,1.0–4.0,Index,High
4819,29,Male,0.46,2.3,96.0,148.0,0.4–4.0,mIU/L,Normal,1.2–3.1,nmol/L,Normal,66–181,nmol/L,Normal,1.0–4.0,Index,High
4820,19,Female,2.1,1.9,142.0,88.0,0.4–4.0,mIU/L,Normal,1.2–3.1,nmol/L,Normal,66–181,nmol/L,Normal,1.0–4.0,Index,High
4821,19,Female,4.1,2.6,124.0,95.0,0.4–4.0,mIU/L,High,1.2–3.1,nmol/L,Normal,66–181,nmol/L,Normal,1.0–4.0,Index,High
4822,19,Female,1.6,1.8,125.0,169.0,0.4–4.0,mIU/L,Normal,1.2–3.1,nmol/L,Normal,66–181,nmol/L,Normal,1.0–4.0,Index,High
4823,68,Male,1.7,1.4,85.0,91.0,0.4–4.0,mIU/L,Normal,1.2–3.1,nmol/L,Normal,66–181,nmol/L,Normal,1.0–4.0,Index,High
4824,26,Female,1.4,2.2,116.0,102.0,0.4–4.0,mIU/L,Normal,1.2–3.1,nmol/L,Normal,66–181,nmol/L,Normal,1.0–4.0,Index,High
4825,77,Female,1.8,1.1,131.0,126.0,0.4–4.0,mIU/L,Normal,1.2–3.1,nmol/L,Low,66–181,nmol/L,Normal,1.0–4.0,Index,High
4826,57,Female,3.6,1.6,99.0,105.0,0.4–4.0,mIU/L,Normal,1.2–3.1,nmol/L,Normal,66–181,nmol/L,Normal,1.0–4.0,Index,High
4827,57,Male,2.8,0.8,48.0,69.0,0.4–4.0,mIU/L,Normal,1.2–3.1,nmol/L,Low,66–181,nmol/L,Low,1.0–4.0,Index,High
4828,57,Female,13.0,1.2,108.0,120.0,0.4–4.0,mIU/L,High,1.2–3.1,nmol/L,Normal,66–181,nmol/L,Normal,1.0–4.0,Index,High
4829,52,Female,4.4,2.3,110.0,95.0,0.4–4.0,mIU/L,High,1.2–3.1,nmol/L,Normal,66–181,nmol/L,Normal,1.0–4.0,Index,High
4830,32,Female,0.09,0.6,91.0,134.0,0.4–4.0,mIU/L,Low,1.2–3.1,nmol/L,Low,66–181,nmol/L,Normal,1.0–4.0,Index,High
4831,74,Male,1.5,1.8,96.0,106.0,0.4–4.0,mIU/L,Normal,1.2–3.1,nmol/L,Normal,66–181,nmol/L,Normal,1.0–4.0,Index,High
4832,42,Male,6.7,1.6,86.0,102.0,0.4–4.0,mIU/L,High,1.2–3.1,nmol/L,Normal,66–181,nmol/L,Normal,1.0–4.0,Index,High
4833,54,Female,10.0,2.2,81.0,74.0,0.4–4.0,mIU/L,High,1.2–3.1,nmol/L,Normal,66–181,nmol/L,Normal,1.0–4.0,Index,High
4834,41,Female,1.5,2.1,95.0,98.0,0.4–4.0,mIU/L,Normal,1.2–3.1,nmol/L,Normal,66–181,nmol/L,Normal,1.0–4.0,Index,High
4835,63,Female,1.1,2.0,92.0,107.0,0.4–4.0,mIU/L,Normal,1.2–3.1,nmol/L,Normal,66–181,nmol/L,Normal,1.0–4.0,Index,High
4836,64,Female,1.3,2.0,104.0,111.0,0.4–4.0,mIU/L,Normal,1.2–3.1,nmol/L,Normal,66–181,nmol/L,Normal,1.0–4.0,Index,High
4837,42,Male,0.075,2.0,99.0,115.0,0.4–4.0,mIU/L,Low,1.2–3.1,nmol/L,Normal,66–181,nmol/L,Normal,1.0–4.0,Index,High
4838,58,Female,4.2,2.7,132.0,78.0,0.4–4.0,mIU/L,High,1.2–3.1,nmol/L,Normal,66–181,nmol/L,Normal,1.0–4.0,Index,High
4839,46,Female,3.7,2.8,92.0,75.0,0.4–4.0,mIU/L,Normal,1.2–3.1,nmol/L,Normal,66–181,nmol/L,Normal,1.0–4.0,Index,High
4840,94,Female,3.4,0.9,106.0,93.0,0.4–4.0,mIU/L,Normal,1.2–3.1,nmol/L,Low,66–181,nmol/L,Normal,1.0–4.0,Index,High
4841,34,Female,1.2,3.0,95.0,71.0,0.4–4.0,mIU/L,Normal,1.2–3.1,nmol/L,Normal,66–181,nmol/L,Normal,1.0–4.0,Index,High
4842,69,Female,0.08,2.4,132.0,139.0,0.4–4.0,mIU/L,Low,1.2–3.1,nmol/L,Normal,66–181,nmol/L,Normal,1.0–4.0,Index,High
4843,42,Female,0.07,2.2,138.0,162.0,0.4–4.0,mIU/L,Low,1.2–3.1,nmol/L,Normal,66–181,nmol/L,Normal,1.0–4.0,Index,High
4844,90,Female,1.9,1.6,91.0,95.0,0.4–4.0,mIU/L,Normal,1.2–3.1,nmol/L,Normal,66–181,nmol/L,Normal,1.0–4.0,Index,High
4845,53,Male,0.65,2.1,87.0,105.0,0.4–4.0,mIU/L,Normal,1.2–3.1,nmol/L,Normal,66–181,nmol/L,Normal,1.0–4.0,Index,High
4846,52,Male,7.7,2.6,57.0,61.0,0.4–4.0,mIU/L,High,1.2–3.1,nmol/L,Normal,66–181,nmol/L,Low,1.0–4.0,Index,High
4847,52,Female,0.74,3.9,148.0,97.0,0.4–4.0,mIU/L,Normal,1.2–3.1,nmol/L,High,66–181,nmol/L,Normal,1.0–4.0,Index,High
4848,62,Male,0.22,0.8,73.0,97.0,0.4–4.0,mIU/L,Low,1.2–3.1,nmol/L,Low,66–181,nmol/L,Normal,1.0–4.0,Index,High
4849,72,Female,3.4,2.1,88.0,92.0,0.4–4.0,mIU/L,Normal,1.2–3.1,nmol/L,Normal,66–181,nmol/L,Normal,1.0–4.0,Index,High
4850,69,Female,0.21,0.9,93.0,107.0,0.4–4.0,mIU/L,Low,1.2–3.1,nmol/L,Low,66–181,nmol/L,Normal,1.0–4.0,Index,High
4851,42,Male,1.1,2.6,114.0,120.0,0.4–4.0,mIU/L,Normal,1.2–3.1,nmol/L,Normal,66–181,nmol/L,Normal,1.0–4.0,Index,High
4852,58,Female,0.21,2.0,142.0,138.0,0.4–4.0,mIU/L,Low,1.2–3.1,nmol/L,Normal,66–181,nmol/L,Normal,1.0–4.0,Index,High
4853,67,Female,0.09,1.6,192.0,164.0,0.4–4.0,mIU/L,Low,1.2–3.1,nmol/L,Normal,66–181,nmol/L,High,1.0–4.0,Index,High
4854,46,Female,5.3,1.6,93.0,102.0,0.4–4.0,mIU/L,High,1.2–3.1,nmol/L,Normal,66–181,nmol/L,Normal,1.0–4.0,Index,High
4855,24,Female,1.4,3.8,180.0,115.0,0.4–4.0,mIU/L,Normal,1.2–3.1,nmol/L,High,66–181,nmol/L,Normal,1.0–4.0,Index,High
4856,23,Female,0.78,2.9,137.0,97.0,0.4–4.0,mIU/L,Normal,1.2–3.1,nmol/L,Normal,66–181,nmol/L,Normal,1.0–4.0,Index,High
4857,72,Female,17.0,2.7,90.0,122.0,0.4–4.0,mIU/L,High,1.2–3.1,nmol/L,Normal,66–181,nmol/L,Normal,1.0–4.0,Index,High
4858,81,Female,39.0,0.7,99.0,111.0,0.4–4.0,mIU/L,High,1.2–3.1,nmol/L,Low,66–181,nmol/L,Normal,1.0–4.0,Index,High
4859,45,Female,9.299999,1.5,57.0,83.0,0.4–4.0,mIU/L,High,1.2–3.1,nmol/L,Normal,66–181,nmol/L,Low,1.0–4.0,Index,High
4860,74,Female,4.8,1.7,130.0,128.0,0.4–4.0,mIU/L,High,1.2–3.1,nmol/L,Normal,66–181,nmol/L,Normal,1.0–4.0,Index,High
4861,61,Male,1.7,2.2,91.0,88.0,0.4–4.0,mIU/L,Normal,1.2–3.1,nmol/L,Normal,66–181,nmol/L,Normal,1.0–4.0,Index,High
4862,67,Female,0.09,1.9,160.0,200.0,0.4–4.0,mIU/L,Low,1.2–3.1,nmol/L,Normal,66–181,nmol/L,Normal,1.0–4.0,Index,High
4863,40,Male,2.3,2.2,123.0,113.0,0.4–4.0,mIU/L,Normal,1.2–3.1,nmol/L,Normal,66–181,nmol/L,Normal,1.0–4.0,Index,High
4864,28,Female,2.0,2.3,69.0,76.0,0.4–4.0,mIU/L,Normal,1.2–3.1,nmol/L,Normal,66–181,nmol/L,Normal,1.0–4.0,Index,High
4865,76,Male,0.065,3.9,186.0,198.0,0.4–4.0,mIU/L,Low,1.2–3.1,nmol/L,High,66–181,nmol/L,High,1.0–4.0,Index,High
4866,76,Female,0.075,2.6,157.0,144.0,0.4–4.0,mIU/L,Low,1.2–3.1,nmol/L,Normal,66–181,nmol/L,Normal,1.0–4.0,Index,High
4867,80,Male,2.0,1.3,122.0,123.0,0.4–4.0,mIU/L,Normal,1.2–3.1,nmol/L,Normal,66–181,nmol/L,Normal,1.0–4.0,Index,High
4868,65,Female,0.45,1.2,133.0,142.0,0.4–4.0,mIU/L,Normal,1.2–3.1,nmol/L,Normal,66–181,nmol/L,Normal,1.0–4.0,Index,High
4869,60,Female,2.1,2.4,127.0,106.0,0.4–4.0,mIU/L,Normal,1.2–3.1,nmol/L,Normal,66–181,nmol/L,Normal,1.0–4.0,Index,High
4870,64,Male,1.8,2.1,90.0,101.0,0.4–4.0,mIU/L,Normal,1.2–3.1,nmol/L,Normal,66–181,nmol/L,Normal,1.0–4.0,Index,High
4871,46,Male,1.7,1.4,93.0,121.0,0.4–4.0,mIU/L,Normal,1.2–3.1,nmol/L,Normal,66–181,nmol/L,Normal,1.0–4.0,Index,High
4872,46,Male,1.2,2.8,181.0,144.0,0.4–4.0,mIU/L,Normal,1.2–3.1,nmol/L,Normal,66–181,nmol/L,Normal,1.0–4.0,Index,High
4873,32,Male,3.1,2.3,76.0,88.0,0.4–4.0,mIU/L,Normal,1.2–3.1,nmol/L,Normal,66–181,nmol/L,Normal,1.0–4.0,Index,High
4874,75,Female,0.73,2.2,106.0,143.0,0.4–4.0,mIU/L,Normal,1.2–3.1,nmol/L,Normal,66–181,nmol/L,Normal,1.0–4.0,Index,High
4875,75,Male,2.1,3.4,135.0,129.0,0.4–4.0,mIU/L,Normal,1.2–3.1,nmol/L,High,66–181,nmol/L,Normal,1.0–4.0,Index,High
4876,46,Male,0.9,1.2,97.0,107.0,0.4–4.0,mIU/L,Normal,1.2–3.1,nmol/L,Normal,66–181,nmol/L,Normal,1.0–4.0,Index,High
4877,35,Female,0.85,1.8,122.0,185.0,0.4–4.0,mIU/L,Normal,1.2–3.1,nmol/L,Normal,66–181,nmol/L,Normal,1.0–4.0,Index,High
4878,84,Male,1.5,2.3,101.0,125.0,0.4–4.0,mIU/L,Normal,1.2–3.1,nmol/L,Normal,66–181,nmol/L,Normal,1.0–4.0,Index,High
4879,35,Female,0.87,2.8,113.0,96.0,0.4–4.0,mIU/L,Normal,1.2–3.1,nmol/L,Normal,66–181,nmol/L,Normal,1.0–4.0,Index,High
4880,66,Male,2.5,0.1,37.0,71.0,0.4–4.0,mIU/L,Normal,1.2–3.1,nmol/L,Low,66–181,nmol/L,Low,1.0–4.0,Index,High
4881,58,Male,1.7,1.1,105.0,121.0,0.4–4.0,mIU/L,Normal,1.2–3.1,nmol/L,Low,66–181,nmol/L,Normal,1.0–4.0,Index,High
4882,58,Male,2.7,2.3,91.0,92.0,0.4–4.0,mIU/L,Normal,1.2–3.1,nmol/L,Normal,66–181,nmol/L,Normal,1.0–4.0,Index,High
4883,34,Female,1.4,2.3,126.0,126.0,0.4–4.0,mIU/L,Normal,1.2–3.1,nmol/L,Normal,66–181,nmol/L,Normal,1.0–4.0,Index,High
4884,44,Female,3.2,2.5,88.0,86.0,0.4–4.0,mIU/L,Normal,1.2–3.1,nmol/L,Normal,66–181,nmol/L,Normal,1.0–4.0,Index,High
4885,35,Female,0.085,2.2,130.0,143.0,0.4–4.0,mIU/L,Low,1.2–3.1,nmol/L,Normal,66–181,nmol/L,Normal,1.0–4.0,Index,High
4886,65,Female,2.6,1.6,142.0,141.0,0.4–4.0,mIU/L,Normal,1.2–3.1,nmol/L,Normal,66–181,nmol/L,Normal,1.0–4.0,Index,High
4887,65,Female,1.3,3.3,130.0,107.0,0.4–4.0,mIU/L,Normal,1.2–3.1,nmol/L,High,66–181,nmol/L,Normal,1.0–4.0,Index,High
4888,44,Female,0.85,1.7,81.0,84.0,0.4–4.0,mIU/L,Normal,1.2–3.1,nmol/L,Normal,66–181,nmol/L,Normal,1.0–4.0,Index,High
4889,66,Female,1.6,1.7,109.0,133.0,0.4–4.0,mIU/L,Normal,1.2–3.1,nmol/L,Normal,66–181,nmol/L,Normal,1.0–4.0,Index,High
4890,44,Female,0.1,2.9,165.0,147.0,0.4–4.0,mIU/L,Low,1.2–3.1,nmol/L,Normal,66–181,nmol/L,Normal,1.0–4.0,Index,High
4891,64,Female,2.2,2.3,113.0,164.0,0.4–4.0,mIU/L,Normal,1.2–3.1,nmol/L,Normal,66–181,nmol/L,Normal,1.0–4.0,Index,High
4892,42,Female,1.9,2.2,126.0,130.0,0.4–4.0,mIU/L,Normal,1.2–3.1,nmol/L,Normal,66–181,nmol/L,Normal,1.0–4.0,Index,High
4893,58,Female,0.15,1.6,144.0,132.0,0.4–4.0,mIU/L,Low,1.2–3.1,nmol/L,Normal,66–181,nmol/L,Normal,1.0–4.0,Index,High
4894,20,Female,2.0,3.1,135.0,115.0,0.4–4.0,mIU/L,Normal,1.2–3.1,nmol/L,Normal,66–181,nmol/L,Normal,1.0–4.0,Index,High
4895,38,Female,2.6,2.0,86.0,100.0,0.4–4.0,mIU/L,Normal,1.2–3.1,nmol/L,Normal,66–181,nmol/L,Normal,1.0–4.0,Index,High
4896,69,Male,0.59,1.2,89.0,99.0,0.4–4.0,mIU/L,Normal,1.2–3.1,nmol/L,Normal,66–181,nmol/L,Normal,1.0–4.0,Index,High
4897,60,Male,1.4,1.1,92.0,110.0,0.4–4.0,mIU/L,Normal,1.2–3.1,nmol/L,Low,66–181,nmol/L,Normal,1.0–4.0,Index,High
4898,66,Female,0.085,1.1,138.0,173.0,0.4–4.0,mIU/L,Low,1.2–3.1,nmol/L,Low,66–181,nmol/L,Normal,1.0–4.0,Index,High
4899,66,Female,0.07,2.9,145.0,116.0,0.4–4.0,mIU/L,Low,1.2–3.1,nmol/L,Normal,66–181,nmol/L,Normal,1.0–4.0,Index,High
4900,51,Female,12.0,2.9,44.0,39.0,0.4–4.0,mIU/L,High,1.2–3.1,nmol/L,Normal,66–181,nmol/L,Low,1.0–4.0,Index,High
4901,47,Female,1.2,2.7,82.0,78.0,0.4–4.0,mIU/L,Normal,1.2–3.1,nmol/L,Normal,66–181,nmol/L,Normal,1.0–4.0,Index,High
4902,66,Female,0.115,2.6,118.0,127.0,0.4–4.0,mIU/L,Low,1.2–3.1,nmol/L,Normal,66–181,nmol/L,Normal,1.0–4.0,Index,High
4903,74,Female,0.62,2.3,102.0,99.0,0.4–4.0,mIU/L,Normal,1.2–3.1,nmol/L,Normal,66–181,nmol/L,Normal,1.0–4.0,Index,High
4904,69,Male,1.8,2.6,122.0,118.0,0.4–4.0,mIU/L,Normal,1.2–3.1,nmol/L,Normal,66–181,nmol/L,Normal,1.0–4.0,Index,High
4905,42,Female,2.0,2.3,134.0,134.0,0.4–4.0,mIU/L,Normal,1.2–3.1,nmol/L,Normal,66–181,nmol/L,Normal,1.0–4.0,Index,High
4906,2,Female,0.05,7.6,257.0,268.0,0.4–4.0,mIU/L,Low,1.2–3.1,nmol/L,High,66–181,nmol/L,High,1.0–4.0,Index,High
4907,79,Female,2.7,1.2,100.0,108.0,0.4–4.0,mIU/L,Normal,1.2–3.1,nmol/L,Normal,66–181,nmol/L,Normal,1.0–4.0,Index,High
4908,49,Female,3.7,2.0,53.0,75.0,0.4–4.0,mIU/L,Normal,1.2–3.1,nmol/L,Normal,66–181,nmol/L,Low,1.0–4.0,Index,High
4909,46,Female,2.5,1.5,69.0,77.0,0.4–4.0,mIU/L,Normal,1.2–3.1,nmol/L,Normal,66–181,nmol/L,Normal,1.0–4.0,Index,High
4910,42,Male,0.045,2.1,111.0,125.0,0.4–4.0,mIU/L,Low,1.2–3.1,nmol/L,Normal,66–181,nmol/L,Normal,1.0–4.0,Index,High
4911,42,Female,1.2,2.5,106.0,108.0,0.4–4.0,mIU/L,Normal,1.2–3.1,nmol/L,Normal,66–181,nmol/L,Normal,1.0–4.0,Index,High
4912,73,Female,17.0,1.7,112.0,97.0,0.4–4.0,mIU/L,High,1.2–3.1,nmol/L,Normal,66–181,nmol/L,Normal,1.0–4.0,Index,High
4913,37,Female,1.5,1.0,117.0,98.0,0.4–4.0,mIU/L,Normal,1.2–3.1,nmol/L,Low,66–181,nmol/L,Normal,1.0–4.0,Index,High
4914,52,Male,0.1,2.9,123.0,119.0,0.4–4.0,mIU/L,Low,1.2–3.1,nmol/L,Normal,66–181,nmol/L,Normal,1.0–4.0,Index,High
4915,71,Female,4.3,1.3,55.0,66.0,0.4–4.0,mIU/L,High,1.2–3.1,nmol/L,Normal,66–181,nmol/L,Low,1.0–4.0,Index,High
4916,30,Male,2.0,3.5,120.0,102.0,0.4–4.0,mIU/L,Normal,1.2–3.1,nmol/L,High,66–181,nmol/L,Normal,1.0–4.0,Index,High
4917,30,Male,0.6,1.9,104.0,103.0,0.4–4.0,mIU/L,Normal,1.2–3.1,nmol/L,Normal,66–181,nmol/L,Normal,1.0–4.0,Index,High
4918,66,Male,7.1,2.3,90.0,92.0,0.4–4.0,mIU/L,High,1.2–3.1,nmol/L,Normal,66–181,nmol/L,Normal,1.0–4.0,Index,High
4919,54,Female,0.045,2.2,132.0,142.0,0.4–4.0,mIU/L,Low,1.2–3.1,nmol/L,Normal,66–181,nmol/L,Normal,1.0–4.0,Index,High
4920,61,Male,6.6,2.2,105.0,119.0,0.4–4.0,mIU/L,High,1.2–3.1,nmol/L,Normal,66–181,nmol/L,Normal,1.0–4.0,Index,High
4921,74,Female,0.125,2.3,106.0,115.0,0.4–4.0,mIU/L,Low,1.2–3.1,nmol/L,Normal,66–181,nmol/L,Normal,1.0–4.0,Index,High
4922,24,Female,0.63,2.4,94.0,101.0,0.4–4.0,mIU/L,Normal,1.2–3.1,nmol/L,Normal,66–181,nmol/L,Normal,1.0–4.0,Index,High
4923,62,Female,2.7,2.5,131.0,110.0,0.4–4.0,mIU/L,Normal,1.2–3.1,nmol/L,Normal,66–181,nmol/L,Normal,1.0–4.0,Index,High
4924,61,Female,0.08,2.5,157.0,162.0,0.4–4.0,mIU/L,Low,1.2–3.1,nmol/L,Normal,66–181,nmol/L,Normal,1.0–4.0,Index,High
4925,78,Female,1.8,2.3,109.0,79.0,0.4–4.0,mIU/L,Normal,1.2–3.1,nmol/L,Normal,66–181,nmol/L,Normal,1.0–4.0,Index,High
4926,73,Male,1.6,1.2,106.0,86.0,0.4–4.0,mIU/L,Normal,1.2–3.1,nmol/L,Normal,66–181,nmol/L,Normal,1.0–4.0,Index,High
4927,76,Male,1.1,1.8,127.0,99.0,0.4–4.0,mIU/L,Normal,1.2–3.1,nmol/L,Normal,66–181,nmol/L,Normal,1.0–4.0,Index,High
4928,60,Male,0.55,0.3,33.0,52.0,0.4–4.0,mIU/L,Normal,1.2–3.1,nmol/L,Low,66–181,nmol/L,Low,1.0–4.0,Index,High
4929,42,Male,0.97,2.7,69.0,133.0,0.4–4.0,mIU/L,Normal,1.2–3.1,nmol/L,Normal,66–181,nmol/L,Normal,1.0–4.0,Index,High
4930,67,Female,4.1,1.9,104.0,107.0,0.4–4.0,mIU/L,High,1.2–3.1,nmol/L,Normal,66–181,nmol/L,Normal,1.0–4.0,Index,High
4931,73,Male,2.0,1.2,108.0,115.0,0.4–4.0,mIU/L,Normal,1.2–3.1,nmol/L,Normal,66–181,nmol/L,Normal,1.0–4.0,Index,High
4932,78,Female,1.1,2.5,131.0,118.0,0.4–4.0,mIU/L,Normal,1.2–3.1,nmol/L,Normal,66–181,nmol/L,Normal,1.0–4.0,Index,High
4933,54,Female,5.2,1.7,168.0,147.0,0.4–4.0,mIU/L,High,1.2–3.1,nmol/L,Normal,66–181,nmol/L,Normal,1.0–4.0,Index,High
4934,82,Female,2.5,1.1,112.0,165.0,0.4–4.0,mIU/L,Normal,1.2–3.1,nmol/L,Low,66–181,nmol/L,Normal,1.0–4.0,Index,High
4935,72,Female,1.7,1.3,108.0,115.0,0.4–4.0,mIU/L,Normal,1.2–3.1,nmol/L,Normal,66–181,nmol/L,Normal,1.0–4.0,Index,High
4936,48,Female,73.0,2.3,87.0,78.0,0.4–4.0,mIU/L,High,1.2–3.1,nmol/L,Normal,66–181,nmol/L,Normal,1.0–4.0,Index,High
4937,34,Female,0.1,3.1,30.0,34.0,0.4–4.0,mIU/L,Low,1.2–3.1,nmol/L,Normal,66–181,nmol/L,Low,1.0–4.0,Index,High
4938,19,Male,0.35,0.8,70.0,84.0,0.4–4.0,mIU/L,Low,1.2–3.1,nmol/L,Low,66–181,nmol/L,Normal,1.0–4.0,Index,High
4939,33,Male,12.0,1.5,86.0,86.0,0.4–4.0,mIU/L,High,1.2–3.1,nmol/L,Normal,66–181,nmol/L,Normal,1.0–4.0,Index,High
4940,25,Male,1.3,2.2,133.0,145.0,0.4–4.0,mIU/L,Normal,1.2–3.1,nmol/L,Normal,66–181,nmol/L,Normal,1.0–4.0,Index,High
4941,69,Male,3.5,1.3,70.0,76.0,0.4–4.0,mIU/L,Normal,1.2–3.1,nmol/L,Normal,66–181,nmol/L,Normal,1.0–4.0,Index,High
4942,75,Male,0.7,1.5,112.0,126.0,0.4–4.0,mIU/L,Normal,1.2–3.1,nmol/L,Normal,66–181,nmol/L,Normal,1.0–4.0,Index,High
4943,60,Male,1.2,0.6,103.0,102.0,0.4–4.0,mIU/L,Normal,1.2–3.1,nmol/L,Low,66–181,nmol/L,Normal,1.0–4.0,Index,High
4944,27,Female,1.4,1.9,148.0,131.0,0.4–4.0,mIU/L,Normal,1.2–3.1,nmol/L,Normal,66–181,nmol/L,Normal,1.0–4.0,Index,High
4945,47,Female,0.3,2.1,114.0,126.0,0.4–4.0,mIU/L,Low,1.2–3.1,nmol/L,Normal,66–181,nmol/L,Normal,1.0–4.0,Index,High
4946,29,Female,2.1,2.1,122.0,107.0,0.4–4.0,mIU/L,Normal,1.2–3.1,nmol/L,Normal,66–181,nmol/L,Normal,1.0–4.0,Index,High
4947,29,Female,2.3,2.3,135.0,138.0,0.4–4.0,mIU/L,Normal,1.2–3.1,nmol/L,Normal,66–181,nmol/L,Normal,1.0–4.0,Index,High
4948,71,Female,1.2,3.3,153.0,129.0,0.4–4.0,mIU/L,Normal,1.2–3.1,nmol/L,High,66–181,nmol/L,Normal,1.0–4.0,Index,High
4949,80,Female,3.0,1.5,95.0,104.0,0.4–4.0,mIU/L,Normal,1.2–3.1,nmol/L,Normal,66–181,nmol/L,Normal,1.0–4.0,Index,High
4950,63,Female,5.3,2.0,142.0,123.0,0.4–4.0,mIU/L,High,1.2–3.1,nmol/L,Normal,66–181,nmol/L,Normal,1.0–4.0,Index,High
4951,55,Female,1.7,2.0,108.0,111.0,0.4–4.0,mIU/L,Normal,1.2–3.1,nmol/L,Normal,66–181,nmol/L,Normal,1.0–4.0,Index,High
4952,44,Male,1.6,1.7,87.0,98.0,0.4–4.0,mIU/L,Normal,1.2–3.1,nmol/L,Normal,66–181,nmol/L,Normal,1.0–4.0,Index,High
4953,67,Male,2.6,0.4,80.0,140.0,0.4–4.0,mIU/L,Normal,1.2–3.1,nmol/L,Low,66–181,nmol/L,Normal,1.0–4.0,Index,High
4954,81,Female,0.09,0.6,152.0,203.0,0.4–4.0,mIU/L,Low,1.2–3.1,nmol/L,Low,66–181,nmol/L,Normal,1.0–4.0,Index,High
4955,71,Female,4.5,1.5,90.0,93.0,0.4–4.0,mIU/L,High,1.2–3.1,nmol/L,Normal,66–181,nmol/L,Normal,1.0–4.0,Index,High
4956,34,Female,0.38,1.9,137.0,167.0,0.4–4.0,mIU/L,Low,1.2–3.1,nmol/L,Normal,66–181,nmol/L,Normal,1.0–4.0,Index,High
4957,61,Female,4.8,1.7,105.0,98.0,0.4–4.0,mIU/L,High,1.2–3.1,nmol/L,Normal,66–181,nmol/L,Normal,1.0–4.0,Index,High
4958,28,Female,2.5,2.4,150.0,127.0,0.4–4.0,mIU/L,Normal,1.2–3.1,nmol/L,Normal,66–181,nmol/L,Normal,1.0–4.0,Index,High
4959,78,Female,1.9,1.7,107.0,99.0,0.4–4.0,mIU/L,Normal,1.2–3.1,nmol/L,Normal,66–181,nmol/L,Normal,1.0–4.0,Index,High
4960,35,Female,1.5,2.2,98.0,86.0,0.4–4.0,mIU/L,Normal,1.2–3.1,nmol/L,Normal,66–181,nmol/L,Normal,1.0–4.0,Index,High
4961,76,Female,33.0,2.4,64.0,55.0,0.4–4.0,mIU/L,High,1.2–3.1,nmol/L,Normal,66–181,nmol/L,Low,1.0–4.0,Index,High
4962,26,Female,6.5,2.3,101.0,89.0,0.4–4.0,mIU/L,High,1.2–3.1,nmol/L,Normal,66–181,nmol/L,Normal,1.0–4.0,Index,High
4963,46,Female,2.9,1.2,101.0,94.0,0.4–4.0,mIU/L,Normal,1.2–3.1,nmol/L,Normal,66–181,nmol/L,Normal,1.0–4.0,Index,High
4964,64,Female,0.47,2.4,92.0,128.0,0.4–4.0,mIU/L,Normal,1.2–3.1,nmol/L,Normal,66–181,nmol/L,Normal,1.0–4.0,Index,High
4965,29,Female,0.27,2.1,92.0,88.0,0.4–4.0,mIU/L,Low,1.2–3.1,nmol/L,Normal,66–181,nmol/L,Normal,1.0–4.0,Index,High
4966,15,Female,2.5,1.8,81.0,91.0,0.4–4.0,mIU/L,Normal,1.2–3.1,nmol/L,Normal,66–181,nmol/L,Normal,1.0–4.0,Index,High
4967,86,Female,6.0,0.7,58.0,87.0,0.4–4.0,mIU/L,High,1.2–3.1,nmol/L,Low,66–181,nmol/L,Low,1.0–4.0,Index,High
4968,56,Male,1.6,1.4,90.0,113.0,0.4–4.0,mIU/L,Normal,1.2–3.1,nmol/L,Normal,66–181,nmol/L,Normal,1.0–4.0,Index,High
4969,35,Male,3.2,2.3,80.0,125.0,0.4–4.0,mIU/L,Normal,1.2–3.1,nmol/L,Normal,66–181,nmol/L,Normal,1.0–4.0,Index,High
4970,72,Male,4.1,1.9,85.0,85.0,0.4–4.0,mIU/L,High,1.2–3.1,nmol/L,Normal,66–181,nmol/L,Normal,1.0–4.0,Index,High
4971,34,Female,0.09,3.7,201.0,207.0,0.4–4.0,mIU/L,Low,1.2–3.1,nmol/L,High,66–181,nmol/L,High,1.0–4.0,Index,High
4972,61,Female,4.6,2.5,82.0,70.0,0.4–4.0,mIU/L,High,1.2–3.1,nmol/L,Normal,66–181,nmol/L,Normal,1.0–4.0,Index,High
4973,15,Male,1.6,2.2,89.0,109.0,0.4–4.0,mIU/L,Normal,1.2–3.1,nmol/L,Normal,66–181,nmol/L,Normal,1.0–4.0,Index,High
4974,83,Female,2.7,1.3,100.0,121.0,0.4–4.0,mIU/L,Normal,1.2–3.1,nmol/L,Normal,66–181,nmol/L,Normal,1.0–4.0,Index,High
4975,68,Female,5.0,1.3,113.0,135.0,0.4–4.0,mIU/L,High,1.2–3.1,nmol/L,Normal,66–181,nmol/L,Normal,1.0–4.0,Index,High
4976,49,Male,1.2,2.0,80.0,80.0,0.4–4.0,mIU/L,Normal,1.2–3.1,nmol/L,Normal,66–181,nmol/L,Normal,1.0–4.0,Index,High
4977,68,Female,0.19,1.6,91.0,88.0,0.4–4.0,mIU/L,Low,1.2–3.1,nmol/L,Normal,66–181,nmol/L,Normal,1.0–4.0,Index,High
4978,63,Female,1.9,1.5,63.0,111.0,0.4–4.0,mIU/L,Normal,1.2–3.1,nmol/L,Normal,66–181,nmol/L,Low,1.0–4.0,Index,High
4979,71,Male,0.99,1.1,129.0,162.0,0.4–4.0,mIU/L,Normal,1.2–3.1,nmol/L,Low,66–181,nmol/L,Normal,1.0–4.0,Index,High
4980,77,Female,6.2,0.7,84.0,115.0,0.4–4.0,mIU/L,High,1.2–3.1,nmol/L,Low,66–181,nmol/L,Normal,1.0–4.0,Index,High
4981,64,Female,3.3,0.8,88.0,131.0,0.4–4.0,mIU/L,Normal,1.2–3.1,nmol/L,Low,66–181,nmol/L,Normal,1.0–4.0,Index,High
4982,16,Male,1.3,2.5,103.0,120.0,0.4–4.0,mIU/L,Normal,1.2–3.1,nmol/L,Normal,66–181,nmol/L,Normal,1.0–4.0,Index,High
4983,75,Female,1.2,1.5,128.0,144.0,0.4–4.0,mIU/L,Normal,1.2–3.1,nmol/L,Normal,66–181,nmol/L,Normal,1.0–4.0,Index,High
4984,60,Male,1.9,2.5,95.0,97.0,0.4–4.0,mIU/L,Normal,1.2–3.1,nmol/L,Normal,66–181,nmol/L,Normal,1.0–4.0,Index,High
4985,49,Male,3.0,2.2,91.0,105.0,0.4–4.0,mIU/L,Normal,1.2–3.1,nmol/L,Normal,66–181,nmol/L,Normal,1.0–4.0,Index,High
4986,83,Female,1.2,1.6,100.0,112.0,0.4–4.0,mIU/L,Normal,1.2–3.1,nmol/L,Normal,66–181,nmol/L,Normal,1.0–4.0,Index,High
4987,58,Female,0.83,2.1,127.0,126.0,0.4–4.0,mIU/L,Normal,1.2–3.1,nmol/L,Normal,66–181,nmol/L,Normal,1.0–4.0,Index,High
4988,64,Female,3.8,1.8,97.0,114.0,0.4–4.0,mIU/L,Normal,1.2–3.1,nmol/L,Normal,66–181,nmol/L,Normal,1.0–4.0,Index,High
4989,61,Female,7.4,1.2,86.0,90.0,0.4–4.0,mIU/L,High,1.2–3.1,nmol/L,Normal,66–181,nmol/L,Normal,1.0–4.0,Index,High
4990,42,Female,0.12,1.3,93.0,139.0,0.4–4.0,mIU/L,Low,1.2–3.1,nmol/L,Normal,66–181,nmol/L,Normal,1.0–4.0,Index,High
4991,37,Female,1.4,2.6,136.0,118.0,0.4–4.0,mIU/L,Normal,1.2–3.1,nmol/L,Normal,66–181,nmol/L,Normal,1.0–4.0,Index,High
4992,44,Male,2.9,3.3,82.0,92.0,0.4–4.0,mIU/L,Normal,1.2–3.1,nmol/L,High,66–181,nmol/L,Normal,1.0–4.0,Index,High
4993,30,Male,2.9,2.1,116.0,173.0,0.4–4.0,mIU/L,Normal,1.2–3.1,nmol/L,Normal,66–181,nmol/L,Normal,1.0–4.0,Index,High
4994,61,Female,1.9,1.7,104.0,116.0,0.4–4.0,mIU/L,Normal,1.2–3.1,nmol/L,Normal,66–181,nmol/L,Normal,1.0–4.0,Index,High
4995,30,Male,2.5,1.4,77.0,110.0,0.4–4.0,mIU/L,Normal,1.2–3.1,nmol/L,Normal,66–181,nmol/L,Normal,1.0–4.0,Index,High
4996,73,Male,1.5,2.2,119.0,129.0,0.4–4.0,mIU/L,Normal,1.2–3.1,nmol/L,Normal,66–181,nmol/L,Normal,1.0–4.0,Index,High
4997,75,Male,1.3,1.8,78.0,121.0,0.4–4.0,mIU/L,Normal,1.2–3.1,nmol/L,Normal,66–181,nmol/L,Normal,1.0–4.0,Index,High
4998,74,Male,0.48,1.5,92.0,108.0,0.4–4.0,mIU/L,Normal,1.2–3.1,nmol/L,Normal,66–181,nmol/L,Normal,1.0–4.0,Index,High
4999,74,Female,1.2,1.9,122.0,218.0,0.4–4.0,mIU/L,Normal,1.2–3.1,nmol/L,Normal,66–181,nmol/L,Normal,1.0–4.0,Index,High
5000,63,Female,1.7,1.6,98.0,111.0,0.4–4.0,mIU/L,Normal,1.2–3.1,nmol/L,Normal,66–181,nmol/L,Normal,1.0–4.0,Index,High
5001,15,Female,2.6,1.4,137.0,169.0,0.4–4.0,mIU/L,Normal,1.2–3.1,nmol/L,Normal,66–181,nmol/L,Normal,1.0–4.0,Index,High
5002,62,Female,2.8,1.0,84.0,162.0,0.4–4.0,mIU/L,Normal,1.2–3.1,nmol/L,Low,66–181,nmol/L,Normal,1.0–4.0,Index,High
5003,56,,2.1,2.4,137.0,115.0,0.4–4.0,mIU/L,Normal,1.2–3.1,nmol/L,Normal,66–181,nmol/L,Normal,1.0–4.0,Index,High
5004,56,Male,0.95,0.9,116.0,258.0,0.4–4.0,mIU/L,Normal,1.2–3.1,nmol/L,Low,66–181,nmol/L,Normal,1.0–4.0,Index,High
5005,58,Female,0.71,2.5,94.0,100.0,0.4–4.0,mIU/L,Normal,1.2–3.1,nmol/L,Normal,66–181,nmol/L,Normal,1.0–4.0,Index,High
5006,61,Female,3.9,1.2,107.0,122.0,0.4–4.0,mIU/L,Normal,1.2–3.1,nmol/L,Normal,66–181,nmol/L,Normal,1.0–4.0,Index,High
5007,47,Female,1.9,1.7,109.0,123.0,0.4–4.0,mIU/L,Normal,1.2–3.1,nmol/L,Normal,66–181,nmol/L,Normal,1.0–4.0,Index,High
5008,82,Female,73.0,1.0,25.0,25.0,0.4–4.0,mIU/L,High,1.2–3.1,nmol/L,Low,66–181,nmol/L,Low,1.0–4.0,Index,High
5009,58,Female,0.63,1.6,107.0,115.0,0.4–4.0,mIU/L,Normal,1.2–3.1,nmol/L,Normal,66–181,nmol/L,Normal,1.0–4.0,Index,High
5010,38,Female,1.7,1.1,64.0,84.0,0.4–4.0,mIU/L,Normal,1.2–3.1,nmol/L,Low,66–181,nmol/L,Low,1.0–4.0,Index,High
5011,69,Male,1.4,0.1,54.0,76.0,0.4–4.0,mIU/L,Normal,1.2–3.1,nmol/L,Low,66–181,nmol/L,Low,1.0–4.0,Index,High
5012,42,Female,0.3,2.8,118.0,122.0,0.4–4.0,mIU/L,Low,1.2–3.1,nmol/L,Normal,66–181,nmol/L,Normal,1.0–4.0,Index,High
5013,72,Female,4.9,0.9,99.0,127.0,0.4–4.0,mIU/L,High,1.2–3.1,nmol/L,Low,66–181,nmol/L,Normal,1.0–4.0,Index,High
5014,28,Female,1.0,1.9,98.0,103.0,0.4–4.0,mIU/L,Normal,1.2–3.1,nmol/L,Normal,66–181,nmol/L,Normal,1.0–4.0,Index,High
5015,63,Male,3.2,1.7,87.0,116.0,0.4–4.0,mIU/L,Normal,1.2–3.1,nmol/L,Normal,66–181,nmol/L,Normal,1.0–4.0,Index,High
5016,36,Female,2.9,2.0,96.0,106.0,0.4–4.0,mIU/L,Normal,1.2–3.1,nmol/L,Normal,66–181,nmol/L,Normal,1.0–4.0,Index,High
5017,45,Female,1.9,1.8,129.0,205.0,0.4–4.0,mIU/L,Normal,1.2–3.1,nmol/L,Normal,66–181,nmol/L,Normal,1.0–4.0,Index,High
5018,72,Female,4.1,0.3,100.0,115.0,0.4–4.0,mIU/L,High,1.2–3.1,nmol/L,Low,66–181,nmol/L,Normal,1.0–4.0,Index,High
5019,80,Female,4.1,0.7,131.0,177.0,0.4–4.0,mIU/L,High,1.2–3.1,nmol/L,Low,66–181,nmol/L,Normal,1.0–4.0,Index,High
5020,37,Female,1.8,1.9,115.0,97.0,0.4–4.0,mIU/L,Normal,1.2–3.1,nmol/L,Normal,66–181,nmol/L,Normal,1.0–4.0,Index,High
5021,37,Female,2.4,2.0,99.0,119.0,0.4–4.0,mIU/L,Normal,1.2–3.1,nmol/L,Normal,66–181,nmol/L,Normal,1.0–4.0,Index,High
5022,76,Female,4.3,2.5,89.0,94.0,0.4–4.0,mIU/L,High,1.2–3.1,nmol/L,Normal,66–181,nmol/L,Normal,1.0–4.0,Index,High
5023,33,Female,1.0,2.1,108.0,117.0,0.4–4.0,mIU/L,Normal,1.2–3.1,nmol/L,Normal,66–181,nmol/L,Normal,1.0–4.0,Index,High
5024,58,Female,6.4,2.3,85.0,80.0,0.4–4.0,mIU/L,High,1.2–3.1,nmol/L,Normal,66–181,nmol/L,Normal,1.0–4.0,Index,High
5025,34,Female,0.095,6.1,182.0,182.0,0.4–4.0,mIU/L,Low,1.2–3.1,nmol/L,High,66–181,nmol/L,High,1.0–4.0,Index,High
5026,53,Male,1.4,2.7,129.0,136.0,0.4–4.0,mIU/L,Normal,1.2–3.1,nmol/L,Normal,66–181,nmol/L,Normal,1.0–4.0,Index,High
5027,76,Male,2.1,1.3,93.0,113.0,0.4–4.0,mIU/L,Normal,1.2–3.1,nmol/L,Normal,66–181,nmol/L,Normal,1.0–4.0,Index,High
5028,60,Female,1.7,2.6,113.0,126.0,0.4–4.0,mIU/L,Normal,1.2–3.1,nmol/L,Normal,66–181,nmol/L,Normal,1.0–4.0,Index,High
5029,60,Male,31.0,2.3,236.0,231.0,0.4–4.0,mIU/L,High,1.2–3.1,nmol/L,Normal,66–181,nmol/L,High,1.0–4.0,Index,High
5030,61,,17.0,1.6,89.0,129.0,0.4–4.0,mIU/L,High,1.2–3.1,nmol/L,Normal,66–181,nmol/L,Normal,1.0–4.0,Index,High
5031,31,Female,0.14,1.0,103.0,156.0,0.4–4.0,mIU/L,Low,1.2–3.1,nmol/L,Low,66–181,nmol/L,Normal,1.0–4.0,Index,High
5032,75,Female,0.18,1.0,151.0,216.0,0.4–4.0,mIU/L,Low,1.2–3.1,nmol/L,Low,66–181,nmol/L,Normal,1.0–4.0,Index,High
5033,28,Female,1.9,1.5,102.0,128.0,0.4–4.0,mIU/L,Normal,1.2–3.1,nmol/L,Normal,66–181,nmol/L,Normal,1.0–4.0,Index,High
5034,83,Female,12.0,1.5,94.0,100.0,0.4–4.0,mIU/L,High,1.2–3.1,nmol/L,Normal,66–181,nmol/L,Normal,1.0–4.0,Index,High
5035,68,Female,1.6,0.9,83.0,128.0,0.4–4.0,mIU/L,Normal,1.2–3.1,nmol/L,Low,66–181,nmol/L,Normal,1.0–4.0,Index,High
5036,61,Female,3.0,2.4,88.0,142.0,0.4–4.0,mIU/L,Normal,1.2–3.1,nmol/L,Normal,66–181,nmol/L,Normal,1.0–4.0,Index,High
5037,56,Female,1.4,1.9,107.0,115.0,0.4–4.0,mIU/L,Normal,1.2–3.1,nmol/L,Normal,66–181,nmol/L,Normal,1.0–4.0,Index,High
5038,48,Female,3.4,2.6,54.0,53.0,0.4–4.0,mIU/L,Normal,1.2–3.1,nmol/L,Normal,66–181,nmol/L,Low,1.0–4.0,Index,High
5039,35,Male,0.9,1.5,97.0,114.0,0.4–4.0,mIU/L,Normal,1.2–3.1,nmol/L,Normal,66–181,nmol/L,Normal,1.0–4.0,Index,High
5040,48,Female,0.065,3.4,133.0,251.0,0.4–4.0,mIU/L,Low,1.2–3.1,nmol/L,High,66–181,nmol/L,Normal,1.0–4.0,Index,High
5041,76,Female,1.3,2.4,97.0,98.0,0.4–4.0,mIU/L,Normal,1.2–3.1,nmol/L,Normal,66–181,nmol/L,Normal,1.0–4.0,Index,High
5042,44,Female,1.2,2.4,135.0,135.0,0.4–4.0,mIU/L,Normal,1.2–3.1,nmol/L,Normal,66–181,nmol/L,Normal,1.0–4.0,Index,High
5043,64,Male,0.85,1.6,122.0,154.0,0.4–4.0,mIU/L,Normal,1.2–3.1,nmol/L,Normal,66–181,nmol/L,Normal,1.0–4.0,Index,High
5044,78,Female,1.0,2.0,120.0,125.0,0.4–4.0,mIU/L,Normal,1.2–3.1,nmol/L,Normal,66–181,nmol/L,Normal,1.0–4.0,Index,High
5045,37,Female,1.2,1.4,72.0,153.0,0.4–4.0,mIU/L,Normal,1.2–3.1,nmol/L,Normal,66–181,nmol/L,Normal,1.0–4.0,Index,High
5046,56,Male,0.8,1.7,93.0,127.0,0.4–4.0,mIU/L,Normal,1.2–3.1,nmol/L,Normal,66–181,nmol/L,Normal,1.0–4.0,Index,High
5047,81,Female,3.8,2.1,87.0,83.0,0.4–4.0,mIU/L,Normal,1.2–3.1,nmol/L,Normal,66–181,nmol/L,Normal,1.0–4.0,Index,High
5048,61,Female,2.0,1.8,95.0,104.0,0.4–4.0,mIU/L,Normal,1.2–3.1,nmol/L,Normal,66–181,nmol/L,Normal,1.0–4.0,Index,High
5049,72,Female,1.5,1.8,97.0,97.0,0.4–4.0,mIU/L,Normal,1.2–3.1,nmol/L,Normal,66–181,nmol/L,Normal,1.0–4.0,Index,High
5050,72,Female,2.4,1.8,82.0,99.0,0.4–4.0,mIU/L,Normal,1.2–3.1,nmol/L,Normal,66–181,nmol/L,Normal,1.0–4.0,Index,High
5051,57,Male,1.7,2.2,86.0,126.0,0.4–4.0,mIU/L,Normal,1.2–3.1,nmol/L,Normal,66–181,nmol/L,Normal,1.0–4.0,Index,High
5052,27,Male,0.78,2.3,116.0,159.0,0.4–4.0,mIU/L,Normal,1.2–3.1,nmol/L,Normal,66–181,nmol/L,Normal,1.0–4.0,Index,High
5053,68,Female,54.0,1.2,19.0,18.0,0.4–4.0,mIU/L,High,1.2–3.1,nmol/L,Normal,66–181,nmol/L,Low,1.0–4.0,Index,High
5054,47,Male,0.55,1.8,134.0,138.0,0.4–4.0,mIU/L,Normal,1.2–3.1,nmol/L,Normal,66–181,nmol/L,Normal,1.0–4.0,Index,High
5055,56,Female,0.21,2.4,232.0,237.0,0.4–4.0,mIU/L,Low,1.2–3.1,nmol/L,Normal,66–181,nmol/L,High,1.0–4.0,Index,High
5056,71,Male,3.3,1.9,116.0,128.0,0.4–4.0,mIU/L,Normal,1.2–3.1,nmol/L,Normal,66–181,nmol/L,Normal,1.0–4.0,Index,High
5057,70,Male,3.2,1.0,85.0,144.0,0.4–4.0,mIU/L,Normal,1.2–3.1,nmol/L,Low,66–181,nmol/L,Normal,1.0–4.0,Index,High
5058,48,Female,0.07,5.6,292.0,298.0,0.4–4.0,mIU/L,Low,1.2–3.1,nmol/L,High,66–181,nmol/L,High,1.0–4.0,Index,High
5059,65,Female,2.0,2.7,121.0,125.0,0.4–4.0,mIU/L,Normal,1.2–3.1,nmol/L,Normal,66–181,nmol/L,Normal,1.0–4.0,Index,High
5060,70,Female,1.0,2.7,161.0,175.0,0.4–4.0,mIU/L,Normal,1.2–3.1,nmol/L,Normal,66–181,nmol/L,Normal,1.0–4.0,Index,High
5061,58,Female,6.9,1.5,91.0,96.0,0.4–4.0,mIU/L,High,1.2–3.1,nmol/L,Normal,66–181,nmol/L,Normal,1.0–4.0,Index,High
5062,49,Female,32.0,2.1,82.0,112.0,0.4–4.0,mIU/L,High,1.2–3.1,nmol/L,Normal,66–181,nmol/L,Normal,1.0–4.0,Index,High
5063,76,Female,3.1,1.2,100.0,143.0,0.4–4.0,mIU/L,Normal,1.2–3.1,nmol/L,Normal,66–181,nmol/L,Normal,1.0–4.0,Index,High
5064,37,Female,3.9,1.0,90.0,117.0,0.4–4.0,mIU/L,Normal,1.2–3.1,nmol/L,Low,66–181,nmol/L,Normal,1.0–4.0,Index,High
5065,17,Female,2.9,2.5,110.0,121.0,0.4–4.0,mIU/L,Normal,1.2–3.1,nmol/L,Normal,66–181,nmol/L,Normal,1.0–4.0,Index,High
5066,22,Female,2.4,3.1,110.0,134.0,0.4–4.0,mIU/L,Normal,1.2–3.1,nmol/L,Normal,66–181,nmol/L,Normal,1.0–4.0,Index,High
5067,38,Female,0.56,2.9,158.0,211.0,0.4–4.0,mIU/L,Normal,1.2–3.1,nmol/L,Normal,66–181,nmol/L,Normal,1.0–4.0,Index,High
5068,34,Female,2.2,2.4,85.0,155.0,0.4–4.0,mIU/L,Normal,1.2–3.1,nmol/L,Normal,66–181,nmol/L,Normal,1.0–4.0,Index,High
5069,1,Male,1.7,3.0,196.0,204.0,0.4–4.0,mIU/L,Normal,1.2–3.1,nmol/L,Normal,66–181,nmol/L,High,1.0–4.0,Index,High
5070,51,Female,0.23,3.7,144.0,158.0,0.4–4.0,mIU/L,Low,1.2–3.1,nmol/L,High,66–181,nmol/L,Normal,1.0–4.0,Index,High
5071,19,Female,2.4,2.9,108.0,108.0,0.4–4.0,mIU/L,Normal,1.2–3.1,nmol/L,Normal,66–181,nmol/L,Normal,1.0–4.0,Index,High
5072,74,Female,98.0,3.5,13.0,14.0,0.4–4.0,mIU/L,High,1.2–3.1,nmol/L,High,66–181,nmol/L,Low,1.0–4.0,Index,High
5073,78,Female,1.4,0.8,84.0,171.0,0.4–4.0,mIU/L,Normal,1.2–3.1,nmol/L,Low,66–181,nmol/L,Normal,1.0–4.0,Index,High
5074,69,Male,4.2,1.9,144.0,164.0,0.4–4.0,mIU/L,High,1.2–3.1,nmol/L,Normal,66–181,nmol/L,Normal,1.0–4.0,Index,High
5075,79,Female,2.4,1.2,75.0,132.0,0.4–4.0,mIU/L,Normal,1.2–3.1,nmol/L,Normal,66–181,nmol/L,Normal,1.0–4.0,Index,High
5076,63,Male,2.0,1.8,73.0,114.0,0.4–4.0,mIU/L,Normal,1.2–3.1,nmol/L,Normal,66–181,nmol/L,Normal,1.0–4.0,Index,High
5077,33,Male,1.7,2.6,89.0,148.0,0.4–4.0,mIU/L,Normal,1.2–3.1,nmol/L,Normal,66–181,nmol/L,Normal,1.0–4.0,Index,High
5078,48,Female,1.1,1.9,86.0,92.0,0.4–4.0,mIU/L,Normal,1.2–3.1,nmol/L,Normal,66–181,nmol/L,Normal,1.0–4.0,Index,High
5079,56,Female,1.7,2.4,91.0,87.0,0.4–4.0,mIU/L,Normal,1.2–3.1,nmol/L,Normal,66–181,nmol/L,Normal,1.0–4.0,Index,High
5080,39,Female,7.5,1.9,99.0,96.0,0.4–4.0,mIU/L,High,1.2–3.1,nmol/L,Normal,66–181,nmol/L,Normal,1.0–4.0,Index,High
5081,34,Female,0.065,5.1,138.0,122.0,0.4–4.0,mIU/L,Low,1.2–3.1,nmol/L,High,66–181,nmol/L,Normal,1.0–4.0,Index,High
5082,56,Female,1.4,2.3,115.0,107.0,0.4–4.0,mIU/L,Normal,1.2–3.1,nmol/L,Normal,66–181,nmol/L,Normal,1.0–4.0,Index,High
5083,36,Male,1.6,2.8,131.0,125.0,0.4–4.0,mIU/L,Normal,1.2–3.1,nmol/L,Normal,66–181,nmol/L,Normal,1.0–4.0,Index,High
5084,52,Male,11.9,2.6,79.0,88.0,0.4–4.0,mIU/L,High,1.2–3.1,nmol/L,Normal,66–181,nmol/L,Normal,1.0–4.0,Index,High
5085,52,Female,2.4,2.8,118.0,117.0,0.4–4.0,mIU/L,Normal,1.2–3.1,nmol/L,Normal,66–181,nmol/L,Normal,1.0–4.0,Index,High
5086,28,Male,1.9,1.7,74.0,101.0,0.4–4.0,mIU/L,Normal,1.2–3.1,nmol/L,Normal,66–181,nmol/L,Normal,1.0–4.0,Index,High
5087,39,Female,0.9,1.5,84.0,94.0,0.4–4.0,mIU/L,Normal,1.2–3.1,nmol/L,Normal,66–181,nmol/L,Normal,1.0–4.0,Index,High
5088,22,Male,1.6,2.7,111.0,122.0,0.4–4.0,mIU/L,Normal,1.2–3.1,nmol/L,Normal,66–181,nmol/L,Normal,1.0–4.0,Index,High
5089,62,Female,0.4,2.6,101.0,98.0,0.4–4.0,mIU/L,Normal,1.2–3.1,nmol/L,Normal,66–181,nmol/L,Normal,1.0–4.0,Index,High
5090,36,Female,3.2,2.0,107.0,127.0,0.4–4.0,mIU/L,Normal,1.2–3.1,nmol/L,Normal,66–181,nmol/L,Normal,1.0–4.0,Index,High
5091,83,Male,2.4,1.8,99.0,130.0,0.4–4.0,mIU/L,Normal,1.2–3.1,nmol/L,Normal,66–181,nmol/L,Normal,1.0–4.0,Index,High
5092,76,Female,1.9,1.4,67.0,103.0,0.4–4.0,mIU/L,Normal,1.2–3.1,nmol/L,Normal,66–181,nmol/L,Normal,1.0–4.0,Index,High
5093,55,Female,4.9,2.0,97.0,112.0,0.4–4.0,mIU/L,High,1.2–3.1,nmol/L,Normal,66–181,nmol/L,Normal,1.0–4.0,Index,High
5094,77,Female,1.5,1.8,114.0,141.0,0.4–4.0,mIU/L,Normal,1.2–3.1,nmol/L,Normal,66–181,nmol/L,Normal,1.0–4.0,Index,High
5095,61,Female,0.065,5.3,210.0,241.0,0.4–4.0,mIU/L,Low,1.2–3.1,nmol/L,High,66–181,nmol/L,High,1.0–4.0,Index,High
5096,38,Female,1.5,2.9,89.0,89.0,0.4–4.0,mIU/L,Normal,1.2–3.1,nmol/L,Normal,66–181,nmol/L,Normal,1.0–4.0,Index,High
5097,38,Female,0.065,3.3,95.0,104.0,0.4–4.0,mIU/L,Low,1.2–3.1,nmol/L,High,66–181,nmol/L,Normal,1.0–4.0,Index,High
5098,34,Female,4.7,2.2,155.0,165.0,0.4–4.0,mIU/L,High,1.2–3.1,nmol/L,Normal,66–181,nmol/L,Normal,1.0–4.0,Index,High
5099,80,Female,3.3,1.9,112.0,129.0,0.4–4.0,mIU/L,Normal,1.2–3.1,nmol/L,Normal,66–181,nmol/L,Normal,1.0–4.0,Index,High
5100,47,Male,1.5,2.9,69.0,68.0,0.4–4.0,mIU/L,Normal,1.2–3.1,nmol/L,Normal,66–181,nmol/L,Normal,1.0–4.0,Index,High
5101,57,Male,3.6,2.5,60.0,64.0,0.4–4.0,mIU/L,Normal,1.2–3.1,nmol/L,Normal,66–181,nmol/L,Low,1.0–4.0,Index,High
5102,57,Female,2.1,2.5,134.0,142.0,0.4–4.0,mIU/L,Normal,1.2–3.1,nmol/L,Normal,66–181,nmol/L,Normal,1.0–4.0,Index,High
5103,77,Female,3.0,2.6,114.0,130.0,0.4–4.0,mIU/L,Normal,1.2–3.1,nmol/L,Normal,66–181,nmol/L,Normal,1.0–4.0,Index,High
5104,36,Female,2.1,1.7,83.0,143.0,0.4–4.0,mIU/L,Normal,1.2–3.1,nmol/L,Normal,66–181,nmol/L,Normal,1.0–4.0,Index,High
5105,73,Female,2.9,1.2,78.0,107.0,0.4–4.0,mIU/L,Normal,1.2–3.1,nmol/L,Normal,66–181,nmol/L,Normal,1.0–4.0,Index,High
5106,28,Female,3.3,2.0,75.0,92.0,0.4–4.0,mIU/L,Normal,1.2–3.1,nmol/L,Normal,66–181,nmol/L,Normal,1.0–4.0,Index,High
5107,47,Male,0.35,2.6,63.0,69.0,0.4–4.0,mIU/L,Low,1.2–3.1,nmol/L,Normal,66–181,nmol/L,Low,1.0–4.0,Index,High
5108,72,Female,1.6,1.8,99.0,94.0,0.4–4.0,mIU/L,Normal,1.2–3.1,nmol/L,Normal,66–181,nmol/L,Normal,1.0–4.0,Index,High
5109,19,Male,4.5,1.3,62.0,84.0,0.4–4.0,mIU/L,High,1.2–3.1,nmol/L,Normal,66–181,nmol/L,Low,1.0–4.0,Index,High
5110,55,Male,4.0,1.1,79.0,108.0,0.4–4.0,mIU/L,Normal,1.2–3.1,nmol/L,Low,66–181,nmol/L,Normal,1.0–4.0,Index,High
5111,37,Male,0.48,0.4,64.0,200.0,0.4–4.0,mIU/L,Normal,1.2–3.1,nmol/L,Low,66–181,nmol/L,Low,1.0–4.0,Index,High
5112,57,Male,1.0,1.1,64.0,95.0,0.4–4.0,mIU/L,Normal,1.2–3.1,nmol/L,Low,66–181,nmol/L,Low,1.0–4.0,Index,High
5113,71,Male,6.3,1.4,66.0,103.0,0.4–4.0,mIU/L,High,1.2–3.1,nmol/L,Normal,66–181,nmol/L,Normal,1.0–4.0,Index,High
5114,72,Female,2.4,0.8,84.0,102.0,0.4–4.0,mIU/L,Normal,1.2–3.1,nmol/L,Low,66–181,nmol/L,Normal,1.0–4.0,Index,High
5115,71,Female,2.0,3.0,97.0,85.0,0.4–4.0,mIU/L,Normal,1.2–3.1,nmol/L,Normal,66–181,nmol/L,Normal,1.0–4.0,Index,High
5116,55,Male,3.0,1.7,94.0,111.0,0.4–4.0,mIU/L,Normal,1.2–3.1,nmol/L,Normal,66–181,nmol/L,Normal,1.0–4.0,Index,High
5117,42,Female,1.5,2.4,109.0,112.0,0.4–4.0,mIU/L,Normal,1.2–3.1,nmol/L,Normal,66–181,nmol/L,Normal,1.0–4.0,Index,High
5118,49,Male,2.8,1.8,103.0,143.0,0.4–4.0,mIU/L,Normal,1.2–3.1,nmol/L,Normal,66–181,nmol/L,Normal,1.0–4.0,Index,High
5119,27,Female,0.34,0.7,66.0,56.0,0.4–4.0,mIU/L,Low,1.2–3.1,nmol/L,Low,66–181,nmol/L,Normal,1.0–4.0,Index,High
5120,44,Male,1.6,2.4,130.0,120.0,0.4–4.0,mIU/L,Normal,1.2–3.1,nmol/L,Normal,66–181,nmol/L,Normal,1.0–4.0,Index,High
5121,46,Female,0.74,2.1,127.0,119.0,0.4–4.0,mIU/L,Normal,1.2–3.1,nmol/L,Normal,66–181,nmol/L,Normal,1.0–4.0,Index,High
5122,46,,27.0,2.5,91.0,105.0,0.4–4.0,mIU/L,High,1.2–3.1,nmol/L,Normal,66–181,nmol/L,Normal,1.0–4.0,Index,High
5123,75,Male,2.0,1.7,123.0,164.0,0.4–4.0,mIU/L,Normal,1.2–3.1,nmol/L,Normal,66–181,nmol/L,Normal,1.0–4.0,Index,High
5124,81,Female,494.0,0.5,12.0,9.0,0.4–4.0,mIU/L,High,1.2–3.1,nmol/L,Low,66–181,nmol/L,Low,1.0–4.0,Index,High
5125,45,Male,1.3,1.7,90.0,158.0,0.4–4.0,mIU/L,Normal,1.2–3.1,nmol/L,Normal,66–181,nmol/L,Normal,1.0–4.0,Index,High
5126,59,Female,2.1,2.1,107.0,115.0,0.4–4.0,mIU/L,Normal,1.2–3.1,nmol/L,Normal,66–181,nmol/L,Normal,1.0–4.0,Index,High
5127,54,,1.9,2.3,161.0,155.0,0.4–4.0,mIU/L,Normal,1.2–3.1,nmol/L,Normal,66–181,nmol/L,Normal,1.0–4.0,Index,High
5128,23,Female,0.065,18.0,430.0,642.0,0.4–4.0,mIU/L,Low,1.2–3.1,nmol/L,High,66–181,nmol/L,High,1.0–4.0,Index,High
5129,74,Female,1.8,1.7,107.0,127.0,0.4–4.0,mIU/L,Normal,1.2–3.1,nmol/L,Normal,66–181,nmol/L,Normal,1.0–4.0,Index,High
5130,56,Female,1.4,2.4,129.0,137.0,0.4–4.0,mIU/L,Normal,1.2–3.1,nmol/L,Normal,66–181,nmol/L,Normal,1.0–4.0,Index,High
5131,56,Female,30.0,2.6,151.0,102.0,0.4–4.0,mIU/L,High,1.2–3.1,nmol/L,Normal,66–181,nmol/L,Normal,1.0–4.0,Index,High
5132,67,Female,2.3,2.7,124.0,123.0,0.4–4.0,mIU/L,Normal,1.2–3.1,nmol/L,Normal,66–181,nmol/L,Normal,1.0–4.0,Index,High
5133,30,Male,4.4,2.7,131.0,132.0,0.4–4.0,mIU/L,High,1.2–3.1,nmol/L,Normal,66–181,nmol/L,Normal,1.0–4.0,Index,High
5134,35,Male,1.3,2.0,80.0,81.0,0.4–4.0,mIU/L,Normal,1.2–3.1,nmol/L,Normal,66–181,nmol/L,Normal,1.0–4.0,Index,High
5135,79,Female,1.9,2.0,189.0,180.0,0.4–4.0,mIU/L,Normal,1.2–3.1,nmol/L,Normal,66–181,nmol/L,High,1.0–4.0,Index,High
5136,21,Female,7.1,2.9,48.0,48.0,0.4–4.0,mIU/L,High,1.2–3.1,nmol/L,Normal,66–181,nmol/L,Low,1.0–4.0,Index,High
5137,58,Male,3.1,1.9,133.0,134.0,0.4–4.0,mIU/L,Normal,1.2–3.1,nmol/L,Normal,66–181,nmol/L,Normal,1.0–4.0,Index,High
5138,66,,1.6,2.5,147.0,165.0,0.4–4.0,mIU/L,Normal,1.2–3.1,nmol/L,Normal,66–181,nmol/L,Normal,1.0–4.0,Index,High
5139,58,Male,1.5,2.5,161.0,127.0,0.4–4.0,mIU/L,Normal,1.2–3.1,nmol/L,Normal,66–181,nmol/L,Normal,1.0–4.0,Index,High
5140,64,Female,24.0,1.1,100.0,122.0,0.4–4.0,mIU/L,High,1.2–3.1,nmol/L,Low,66–181,nmol/L,Normal,1.0–4.0,Index,High
5141,45,Female,0.39,2.5,120.0,115.0,0.4–4.0,mIU/L,Low,1.2–3.1,nmol/L,Normal,66–181,nmol/L,Normal,1.0–4.0,Index,High
5142,76,Male,0.07,3.3,183.0,183.0,0.4–4.0,mIU/L,Low,1.2–3.1,nmol/L,High,66–181,nmol/L,High,1.0–4.0,Index,High
5143,49,Female,0.085,2.7,157.0,148.0,0.4–4.0,mIU/L,Low,1.2–3.1,nmol/L,Normal,66–181,nmol/L,Normal,1.0–4.0,Index,High
5144,34,Female,0.06,3.9,148.0,147.0,0.4–4.0,mIU/L,Low,1.2–3.1,nmol/L,High,66–181,nmol/L,Normal,1.0–4.0,Index,High
5145,59,Male,1.7,1.5,120.0,158.0,0.4–4.0,mIU/L,Normal,1.2–3.1,nmol/L,Normal,66–181,nmol/L,Normal,1.0–4.0,Index,High
5146,37,Male,1.9,2.3,112.0,129.0,0.4–4.0,mIU/L,Normal,1.2–3.1,nmol/L,Normal,66–181,nmol/L,Normal,1.0–4.0,Index,High
5147,43,Female,0.85,1.8,93.0,127.0,0.4–4.0,mIU/L,Normal,1.2–3.1,nmol/L,Normal,66–181,nmol/L,Normal,1.0–4.0,Index,High
5148,51,Male,1.3,2.5,117.0,141.0,0.4–4.0,mIU/L,Normal,1.2–3.1,nmol/L,Normal,66–181,nmol/L,Normal,1.0–4.0,Index,High
5149,46,Female,2.2,2.4,116.0,145.0,0.4–4.0,mIU/L,Normal,1.2–3.1,nmol/L,Normal,66–181,nmol/L,Normal,1.0–4.0,Index,High
5150,49,Female,0.075,3.9,224.0,181.0,0.4–4.0,mIU/L,Low,1.2–3.1,nmol/L,High,66–181,nmol/L,High,1.0–4.0,Index,High
5151,48,Female,0.06,1.9,123.0,166.0,0.4–4.0,mIU/L,Low,1.2–3.1,nmol/L,Normal,66–181,nmol/L,Normal,1.0–4.0,Index,High
5152,58,Male,1.4,1.5,98.0,136.0,0.4–4.0,mIU/L,Normal,1.2–3.1,nmol/L,Normal,66–181,nmol/L,Normal,1.0–4.0,Index,High
5153,38,Female,1.9,2.3,180.0,173.0,0.4–4.0,mIU/L,Normal,1.2–3.1,nmol/L,Normal,66–181,nmol/L,Normal,1.0–4.0,Index,High
5154,74,Female,22.0,2.0,89.0,81.0,0.4–4.0,mIU/L,High,1.2–3.1,nmol/L,Normal,66–181,nmol/L,Normal,1.0–4.0,Index,High
5155,20,Male,1.0,2.4,165.0,170.0,0.4–4.0,mIU/L,Normal,1.2–3.1,nmol/L,Normal,66–181,nmol/L,Normal,1.0–4.0,Index,High
5156,70,Female,1.0,1.7,127.0,138.0,0.4–4.0,mIU/L,Normal,1.2–3.1,nmol/L,Normal,66–181,nmol/L,Normal,1.0–4.0,Index,High
5157,86,Female,3.4,0.7,97.0,114.0,0.4–4.0,mIU/L,Normal,1.2–3.1,nmol/L,Low,66–181,nmol/L,Normal,1.0–4.0,Index,High
5158,66,Female,0.38,4.2,179.0,107.0,0.4–4.0,mIU/L,Low,1.2–3.1,nmol/L,High,66–181,nmol/L,Normal,1.0–4.0,Index,High
5159,29,Female,1.4,2.1,146.0,121.0,0.4–4.0,mIU/L,Normal,1.2–3.1,nmol/L,Normal,66–181,nmol/L,Normal,1.0–4.0,Index,High
5160,86,Female,2.2,0.7,105.0,148.0,0.4–4.0,mIU/L,Normal,1.2–3.1,nmol/L,Low,66–181,nmol/L,Normal,1.0–4.0,Index,High
5161,27,Female,1.5,0.4,42.0,36.0,0.4–4.0,mIU/L,Normal,1.2–3.1,nmol/L,Low,66–181,nmol/L,Low,1.0–4.0,Index,High
5162,71,Male,4.5,1.0,85.0,107.0,0.4–4.0,mIU/L,High,1.2–3.1,nmol/L,Low,66–181,nmol/L,Normal,1.0–4.0,Index,High
5163,75,Female,6.6,1.4,115.0,122.0,0.4–4.0,mIU/L,High,1.2–3.1,nmol/L,Normal,66–181,nmol/L,Normal,1.0–4.0,Index,High
5164,70,Male,4.0,0.4,48.0,94.0,0.4–4.0,mIU/L,Normal,1.2–3.1,nmol/L,Low,66–181,nmol/L,Low,1.0–4.0,Index,High
5165,57,Male,4.3,1.0,50.0,61.0,0.4–4.0,mIU/L,High,1.2–3.1,nmol/L,Low,66–181,nmol/L,Low,1.0–4.0,Index,High
5166,49,Male,0.88,1.2,110.0,138.0,0.4–4.0,mIU/L,Normal,1.2–3.1,nmol/L,Normal,66–181,nmol/L,Normal,1.0–4.0,Index,High
5167,74,Female,4.1,1.2,123.0,131.0,0.4–4.0,mIU/L,High,1.2–3.1,nmol/L,Normal,66–181,nmol/L,Normal,1.0–4.0,Index,High
5168,43,Male,1.9,3.3,110.0,92.0,0.4–4.0,mIU/L,Normal,1.2–3.1,nmol/L,High,66–181,nmol/L,Normal,1.0–4.0,Index,High
5169,37,Female,1.8,2.0,118.0,103.0,0.4–4.0,mIU/L,Normal,1.2–3.1,nmol/L,Normal,66–181,nmol/L,Normal,1.0–4.0,Index,High
5170,67,Female,0.75,1.7,147.0,165.0,0.4–4.0,mIU/L,Normal,1.2–3.1,nmol/L,Normal,66–181,nmol/L,Normal,1.0–4.0,Index,High
5171,67,Male,2.2,2.8,99.0,148.0,0.4–4.0,mIU/L,Normal,1.2–3.1,nmol/L,Normal,66–181,nmol/L,Normal,1.0–4.0,Index,High
5172,79,Female,3.0,1.0,139.0,174.0,0.4–4.0,mIU/L,Normal,1.2–3.1,nmol/L,Low,66–181,nmol/L,Normal,1.0–4.0,Index,High
5173,74,Male,2.2,1.3,80.0,108.0,0.4–4.0,mIU/L,Normal,1.2–3.1,nmol/L,Normal,66–181,nmol/L,Normal,1.0–4.0,Index,High
5174,49,Male,1.7,2.1,104.0,133.0,0.4–4.0,mIU/L,Normal,1.2–3.1,nmol/L,Normal,66–181,nmol/L,Normal,1.0–4.0,Index,High
5175,57,Female,0.3,1.1,100.0,156.0,0.4–4.0,mIU/L,Low,1.2–3.1,nmol/L,Low,66–181,nmol/L,Normal,1.0–4.0,Index,High
5176,37,Male,0.09,1.9,108.0,140.0,0.4–4.0,mIU/L,Low,1.2–3.1,nmol/L,Normal,66–181,nmol/L,Normal,1.0–4.0,Index,High
5177,76,Female,4.9,1.0,122.0,111.0,0.4–4.0,mIU/L,High,1.2–3.1,nmol/L,Low,66–181,nmol/L,Normal,1.0–4.0,Index,High
5178,41,Female,1.9,2.0,141.0,181.0,0.4–4.0,mIU/L,Normal,1.2–3.1,nmol/L,Normal,66–181,nmol/L,Normal,1.0–4.0,Index,High
5179,41,Male,1.6,1.8,111.0,137.0,0.4–4.0,mIU/L,Normal,1.2–3.1,nmol/L,Normal,66–181,nmol/L,Normal,1.0–4.0,Index,High
5180,31,Female,1.2,1.7,101.0,117.0,0.4–4.0,mIU/L,Normal,1.2–3.1,nmol/L,Normal,66–181,nmol/L,Normal,1.0–4.0,Index,High
5181,22,Male,1.5,1.7,106.0,147.0,0.4–4.0,mIU/L,Normal,1.2–3.1,nmol/L,Normal,66–181,nmol/L,Normal,1.0–4.0,Index,High
5182,19,Male,1.6,2.8,86.0,97.0,0.4–4.0,mIU/L,Normal,1.2–3.1,nmol/L,Normal,66–181,nmol/L,Normal,1.0–4.0,Index,High
5183,27,Male,0.74,2.0,108.0,180.0,0.4–4.0,mIU/L,Normal,1.2–3.1,nmol/L,Normal,66–181,nmol/L,Normal,1.0–4.0,Index,High
5184,46,Female,3.4,1.8,123.0,137.0,0.4–4.0,mIU/L,Normal,1.2–3.1,nmol/L,Normal,66–181,nmol/L,Normal,1.0–4.0,Index,High
5185,73,Female,15.0,2.0,80.0,96.0,0.4–4.0,mIU/L,High,1.2–3.1,nmol/L,Normal,66–181,nmol/L,Normal,1.0–4.0,Index,High
5186,68,Female,6.0,1.1,121.0,164.0,0.4–4.0,mIU/L,High,1.2–3.1,nmol/L,Low,66–181,nmol/L,Normal,1.0–4.0,Index,High
5187,62,Female,1.2,1.3,109.0,118.0,0.4–4.0,mIU/L,Normal,1.2–3.1,nmol/L,Normal,66–181,nmol/L,Normal,1.0–4.0,Index,High
5188,68,Male,1.5,2.0,101.0,115.0,0.4–4.0,mIU/L,Normal,1.2–3.1,nmol/L,Normal,66–181,nmol/L,Normal,1.0–4.0,Index,High
5189,29,Female,4.3,3.7,124.0,85.0,0.4–4.0,mIU/L,High,1.2–3.1,nmol/L,High,66–181,nmol/L,Normal,1.0–4.0,Index,High
5190,46,Female,3.5,2.0,106.0,118.0,0.4–4.0,mIU/L,Normal,1.2–3.1,nmol/L,Normal,66–181,nmol/L,Normal,1.0–4.0,Index,High
5191,46,Male,1.5,2.3,96.0,110.0,0.4–4.0,mIU/L,Normal,1.2–3.1,nmol/L,Normal,66–181,nmol/L,Normal,1.0–4.0,Index,High
5192,37,Female,3.7,2.0,47.0,63.0,0.4–4.0,mIU/L,Normal,1.2–3.1,nmol/L,Normal,66–181,nmol/L,Low,1.0–4.0,Index,High
5193,72,Male,2.3,2.1,70.0,92.0,0.4–4.0,mIU/L,Normal,1.2–3.1,nmol/L,Normal,66–181,nmol/L,Normal,1.0–4.0,Index,High
5194,70,Male,37.0,1.3,94.0,94.0,0.4–4.0,mIU/L,High,1.2–3.1,nmol/L,Normal,66–181,nmol/L,Normal,1.0–4.0,Index,High
5195,67,Female,4.8,1.2,128.0,139.0,0.4–4.0,mIU/L,High,1.2–3.1,nmol/L,Normal,66–181,nmol/L,Normal,1.0–4.0,Index,High
5196,53,Male,1.1,1.9,76.0,113.0,0.4–4.0,mIU/L,Normal,1.2–3.1,nmol/L,Normal,66–181,nmol/L,Normal,1.0–4.0,Index,High
5197,42,Female,3.5,1.1,60.0,67.0,0.4–4.0,mIU/L,Normal,1.2–3.1,nmol/L,Low,66–181,nmol/L,Low,1.0–4.0,Index,High
5198,59,Female,6.8,1.9,90.0,92.0,0.4–4.0,mIU/L,High,1.2–3.1,nmol/L,Normal,66–181,nmol/L,Normal,1.0–4.0,Index,High
5199,41,Female,1.2,1.7,76.0,97.0,0.4–4.0,mIU/L,Normal,1.2–3.1,nmol/L,Normal,66–181,nmol/L,Normal,1.0–4.0,Index,High
5200,53,Female,3.8,1.9,107.0,106.0,0.4–4.0,mIU/L,Normal,1.2–3.1,nmol/L,Normal,66–181,nmol/L,Normal,1.0–4.0,Index,High
5201,22,Male,0.66,2.2,120.0,98.0,0.4–4.0,mIU/L,Normal,1.2–3.1,nmol/L,Normal,66–181,nmol/L,Normal,1.0–4.0,Index,High
5202,68,,1.0,6.8,109.0,113.0,0.4–4.0,mIU/L,Normal,1.2–3.1,nmol/L,High,66–181,nmol/L,Normal,1.0–4.0,Index,High
5203,66,Female,2.2,2.0,90.0,100.0,0.4–4.0,mIU/L,Normal,1.2–3.1,nmol/L,Normal,66–181,nmol/L,Normal,1.0–4.0,Index,High
5204,41,Female,0.96,2.0,102.0,105.0,0.4–4.0,mIU/L,Normal,1.2–3.1,nmol/L,Normal,66–181,nmol/L,Normal,1.0–4.0,Index,High
5205,57,Male,1.4,2.5,121.0,119.0,0.4–4.0,mIU/L,Normal,1.2–3.1,nmol/L,Normal,66–181,nmol/L,Normal,1.0–4.0,Index,High
5206,15,Female,1.2,2.1,113.0,126.0,0.4–4.0,mIU/L,Normal,1.2–3.1,nmol/L,Normal,66–181,nmol/L,Normal,1.0–4.0,Index,High
5207,77,Female,0.075,2.4,250.0,238.0,0.4–4.0,mIU/L,Low,1.2–3.1,nmol/L,Normal,66–181,nmol/L,High,1.0–4.0,Index,High
5208,56,Male,0.64,2.4,86.0,94.0,0.4–4.0,mIU/L,Normal,1.2–3.1,nmol/L,Normal,66–181,nmol/L,Normal,1.0–4.0,Index,High
5209,70,Female,2.0,2.2,133.0,140.0,0.4–4.0,mIU/L,Normal,1.2–3.1,nmol/L,Normal,66–181,nmol/L,Normal,1.0–4.0,Index,High
5210,41,Male,1.6,3.1,61.0,66.0,0.4–4.0,mIU/L,Normal,1.2–3.1,nmol/L,Normal,66–181,nmol/L,Low,1.0–4.0,Index,High
5211,41,Male,3.6,3.4,99.0,93.0,0.4–4.0,mIU/L,Normal,1.2–3.1,nmol/L,High,66–181,nmol/L,Normal,1.0–4.0,Index,High
5212,49,Female,0.8,1.8,98.0,87.0,0.4–4.0,mIU/L,Normal,1.2–3.1,nmol/L,Normal,66–181,nmol/L,Normal,1.0–4.0,Index,High
5213,28,Female,0.1,9.5,90.0,80.0,0.4–4.0,mIU/L,Low,1.2–3.1,nmol/L,High,66–181,nmol/L,Normal,1.0–4.0,Index,High
5214,42,Female,1.5,3.2,108.0,102.0,0.4–4.0,mIU/L,Normal,1.2–3.1,nmol/L,High,66–181,nmol/L,Normal,1.0–4.0,Index,High
5215,55,Female,2.6,2.4,74.0,76.0,0.4–4.0,mIU/L,Normal,1.2–3.1,nmol/L,Normal,66–181,nmol/L,Normal,1.0–4.0,Index,High
5216,60,Female,0.08,2.8,161.0,144.0,0.4–4.0,mIU/L,Low,1.2–3.1,nmol/L,Normal,66–181,nmol/L,Normal,1.0–4.0,Index,High
5217,26,Female,1.1,2.3,96.0,123.0,0.4–4.0,mIU/L,Normal,1.2–3.1,nmol/L,Normal,66–181,nmol/L,Normal,1.0–4.0,Index,High
5218,65,Male,1.8,2.3,119.0,114.0,0.4–4.0,mIU/L,Normal,1.2–3.1,nmol/L,Normal,66–181,nmol/L,Normal,1.0–4.0,Index,High
5219,53,Female,2.9,0.9,50.0,81.0,0.4–4.0,mIU/L,Normal,1.2–3.1,nmol/L,Low,66–181,nmol/L,Low,1.0–4.0,Index,High
5220,76,Female,3.1,1.4,96.0,94.0,0.4–4.0,mIU/L,Normal,1.2–3.1,nmol/L,Normal,66–181,nmol/L,Normal,1.0–4.0,Index,High
5221,28,Female,2.4,0.9,58.0,45.0,0.4–4.0,mIU/L,Normal,1.2–3.1,nmol/L,Low,66–181,nmol/L,Low,1.0–4.0,Index,High
5222,67,Male,3.0,1.6,80.0,125.0,0.4–4.0,mIU/L,Normal,1.2–3.1,nmol/L,Normal,66–181,nmol/L,Normal,1.0–4.0,Index,High
5223,47,Female,3.1,2.4,93.0,85.0,0.4–4.0,mIU/L,Normal,1.2–3.1,nmol/L,Normal,66–181,nmol/L,Normal,1.0–4.0,Index,High
5224,49,Male,0.27,1.6,75.0,97.0,0.4–4.0,mIU/L,Low,1.2–3.1,nmol/L,Normal,66–181,nmol/L,Normal,1.0–4.0,Index,High
5225,83,Female,4.9,1.2,55.0,74.0,0.4–4.0,mIU/L,High,1.2–3.1,nmol/L,Normal,66–181,nmol/L,Low,1.0–4.0,Index,High
5226,70,Female,2.0,2.1,110.0,126.0,0.4–4.0,mIU/L,Normal,1.2–3.1,nmol/L,Normal,66–181,nmol/L,Normal,1.0–4.0,Index,High
5227,62,Male,2.7,2.0,103.0,143.0,0.4–4.0,mIU/L,Normal,1.2–3.1,nmol/L,Normal,66–181,nmol/L,Normal,1.0–4.0,Index,High
5228,75,Male,1.9,2.3,103.0,108.0,0.4–4.0,mIU/L,Normal,1.2–3.1,nmol/L,Normal,66–181,nmol/L,Normal,1.0–4.0,Index,High
5229,71,Female,0.83,3.0,154.0,135.0,0.4–4.0,mIU/L,Normal,1.2–3.1,nmol/L,Normal,66–181,nmol/L,Normal,1.0–4.0,Index,High
5230,41,Female,0.89,2.3,98.0,100.0,0.4–4.0,mIU/L,Normal,1.2–3.1,nmol/L,Normal,66–181,nmol/L,Normal,1.0–4.0,Index,High
5231,42,Female,0.13,2.1,84.0,112.0,0.4–4.0,mIU/L,Low,1.2–3.1,nmol/L,Normal,66–181,nmol/L,Normal,1.0–4.0,Index,High
5232,47,Male,2.3,2.3,75.0,84.0,0.4–4.0,mIU/L,Normal,1.2–3.1,nmol/L,Normal,66–181,nmol/L,Normal,1.0–4.0,Index,High
5233,47,Female,11.0,2.1,95.0,89.0,0.4–4.0,mIU/L,High,1.2–3.1,nmol/L,Normal,66–181,nmol/L,Normal,1.0–4.0,Index,High
5234,78,Male,4.5,0.9,69.0,93.0,0.4–4.0,mIU/L,High,1.2–3.1,nmol/L,Low,66–181,nmol/L,Normal,1.0–4.0,Index,High
5235,75,Female,2.1,1.3,84.0,133.0,0.4–4.0,mIU/L,Normal,1.2–3.1,nmol/L,Normal,66–181,nmol/L,Normal,1.0–4.0,Index,High
5236,81,Female,5.4,2.1,102.0,93.0,0.4–4.0,mIU/L,High,1.2–3.1,nmol/L,Normal,66–181,nmol/L,Normal,1.0–4.0,Index,High
5237,90,Female,1.5,1.8,98.0,104.0,0.4–4.0,mIU/L,Normal,1.2–3.1,nmol/L,Normal,66–181,nmol/L,Normal,1.0–4.0,Index,High
5238,86,Male,2.1,2.2,75.0,92.0,0.4–4.0,mIU/L,Normal,1.2–3.1,nmol/L,Normal,66–181,nmol/L,Normal,1.0–4.0,Index,High
5239,38,Female,0.59,2.3,99.0,103.0,0.4–4.0,mIU/L,Normal,1.2–3.1,nmol/L,Normal,66–181,nmol/L,Normal,1.0–4.0,Index,High
5240,38,Female,0.39,2.1,111.0,122.0,0.4–4.0,mIU/L,Low,1.2–3.1,nmol/L,Normal,66–181,nmol/L,Normal,1.0–4.0,Index,High
5241,48,Male,4.4,0.6,65.0,98.0,0.4–4.0,mIU/L,High,1.2–3.1,nmol/L,Low,66–181,nmol/L,Low,1.0–4.0,Index,High
5242,47,Female,0.25,2.4,150.0,136.0,0.4–4.0,mIU/L,Low,1.2–3.1,nmol/L,Normal,66–181,nmol/L,Normal,1.0–4.0,Index,High
5243,34,Male,10.0,2.2,86.0,95.0,0.4–4.0,mIU/L,High,1.2–3.1,nmol/L,Normal,66–181,nmol/L,Normal,1.0–4.0,Index,High
5244,47,Male,1.1,2.1,61.0,69.0,0.4–4.0,mIU/L,Normal,1.2–3.1,nmol/L,Normal,66–181,nmol/L,Low,1.0–4.0,Index,High
5245,48,Male,0.21,3.8,168.0,171.0,0.4–4.0,mIU/L,Low,1.2–3.1,nmol/L,High,66–181,nmol/L,Normal,1.0–4.0,Index,High
5246,53,Female,14.0,1.3,77.0,82.0,0.4–4.0,mIU/L,High,1.2–3.1,nmol/L,Normal,66–181,nmol/L,Normal,1.0–4.0,Index,High
5247,73,Male,2.0,1.9,99.0,119.0,0.4–4.0,mIU/L,Normal,1.2–3.1,nmol/L,Normal,66–181,nmol/L,Normal,1.0–4.0,Index,High
5248,78,Female,38.0,1.4,74.0,76.0,0.4–4.0,mIU/L,High,1.2–3.1,nmol/L,Normal,66–181,nmol/L,Normal,1.0–4.0,Index,High
5249,79,Female,1.9,1.3,73.0,96.0,0.4–4.0,mIU/L,Normal,1.2–3.1,nmol/L,Normal,66–181,nmol/L,Normal,1.0–4.0,Index,High
5250,79,Female,8.7,3.3,138.0,90.0,0.4–4.0,mIU/L,High,1.2–3.1,nmol/L,High,66–181,nmol/L,Normal,1.0–4.0,Index,High
5251,70,Male,1.0,2.3,112.0,108.0,0.4–4.0,mIU/L,Normal,1.2–3.1,nmol/L,Normal,66–181,nmol/L,Normal,1.0–4.0,Index,High
5252,79,Male,3.7,1.0,81.0,99.0,0.4–4.0,mIU/L,Normal,1.2–3.1,nmol/L,Low,66–181,nmol/L,Normal,1.0–4.0,Index,High
5253,56,Female,0.105,1.5,108.0,133.0,0.4–4.0,mIU/L,Low,1.2–3.1,nmol/L,Normal,66–181,nmol/L,Normal,1.0–4.0,Index,High
5254,62,Male,0.88,1.0,90.0,134.0,0.4–4.0,mIU/L,Normal,1.2–3.1,nmol/L,Low,66–181,nmol/L,Normal,1.0–4.0,Index,High
5255,69,Female,2.4,2.1,93.0,88.0,0.4–4.0,mIU/L,Normal,1.2–3.1,nmol/L,Normal,66–181,nmol/L,Normal,1.0–4.0,Index,High
5256,30,Male,2.1,1.7,111.0,135.0,0.4–4.0,mIU/L,Normal,1.2–3.1,nmol/L,Normal,66–181,nmol/L,Normal,1.0–4.0,Index,High
5257,51,Male,1.7,1.3,160.0,162.0,0.4–4.0,mIU/L,Normal,1.2–3.1,nmol/L,Normal,66–181,nmol/L,Normal,1.0–4.0,Index,High
5258,16,Female,252.0,1.7,5.0,5.0,0.4–4.0,mIU/L,High,1.2–3.1,nmol/L,Normal,66–181,nmol/L,Low,1.0–4.0,Index,High
5259,61,Male,1.2,2.3,96.0,133.0,0.4–4.0,mIU/L,Normal,1.2–3.1,nmol/L,Normal,66–181,nmol/L,Normal,1.0–4.0,Index,High
5260,67,Female,2.6,2.6,157.0,135.0,0.4–4.0,mIU/L,Normal,1.2–3.1,nmol/L,Normal,66–181,nmol/L,Normal,1.0–4.0,Index,High
5261,56,Male,0.76,2.3,90.0,96.0,0.4–4.0,mIU/L,Normal,1.2–3.1,nmol/L,Normal,66–181,nmol/L,Normal,1.0–4.0,Index,High
5262,52,Female,0.19,3.0,108.0,96.0,0.4–4.0,mIU/L,Low,1.2–3.1,nmol/L,Normal,66–181,nmol/L,Normal,1.0–4.0,Index,High
5263,28,Female,1.7,2.9,119.0,84.0,0.4–4.0,mIU/L,Normal,1.2–3.1,nmol/L,Normal,66–181,nmol/L,Normal,1.0–4.0,Index,High
5264,52,Female,1.9,1.7,107.0,106.0,0.4–4.0,mIU/L,Normal,1.2–3.1,nmol/L,Normal,66–181,nmol/L,Normal,1.0–4.0,Index,High
5265,60,,2.7,1.3,105.0,104.0,0.4–4.0,mIU/L,Normal,1.2–3.1,nmol/L,Normal,66–181,nmol/L,Normal,1.0–4.0,Index,High
5266,57,Male,0.93,1.4,57.0,79.0,0.4–4.0,mIU/L,Normal,1.2–3.1,nmol/L,Normal,66–181,nmol/L,Low,1.0–4.0,Index,High
5267,61,Female,1.3,2.0,137.0,119.0,0.4–4.0,mIU/L,Normal,1.2–3.1,nmol/L,Normal,66–181,nmol/L,Normal,1.0–4.0,Index,High
5268,29,Female,7.9,2.4,151.0,93.0,0.4–4.0,mIU/L,High,1.2–3.1,nmol/L,Normal,66–181,nmol/L,Normal,1.0–4.0,Index,High
5269,73,Male,2.1,2.3,104.0,110.0,0.4–4.0,mIU/L,Normal,1.2–3.1,nmol/L,Normal,66–181,nmol/L,Normal,1.0–4.0,Index,High
5270,65,Female,2.8,2.7,105.0,91.0,0.4–4.0,mIU/L,Normal,1.2–3.1,nmol/L,Normal,66–181,nmol/L,Normal,1.0–4.0,Index,High
5271,66,Female,0.09,3.4,153.0,66.0,0.4–4.0,mIU/L,Low,1.2–3.1,nmol/L,High,66–181,nmol/L,Normal,1.0–4.0,Index,High
5272,47,Female,3.2,4.2,126.0,115.0,0.4–4.0,mIU/L,Normal,1.2–3.1,nmol/L,High,66–181,nmol/L,Normal,1.0–4.0,Index,High
5273,42,Male,1.2,2.0,57.0,140.0,0.4–4.0,mIU/L,Normal,1.2–3.1,nmol/L,Normal,66–181,nmol/L,Low,1.0–4.0,Index,High
5274,32,Female,1.6,1.7,125.0,130.0,0.4–4.0,mIU/L,Normal,1.2–3.1,nmol/L,Normal,66–181,nmol/L,Normal,1.0–4.0,Index,High
5275,84,Female,7.8,1.2,83.0,121.0,0.4–4.0,mIU/L,High,1.2–3.1,nmol/L,Normal,66–181,nmol/L,Normal,1.0–4.0,Index,High
5276,72,Female,1.1,2.1,104.0,114.0,0.4–4.0,mIU/L,Normal,1.2–3.1,nmol/L,Normal,66–181,nmol/L,Normal,1.0–4.0,Index,High
5277,72,Female,3.6,1.4,89.0,117.0,0.4–4.0,mIU/L,Normal,1.2–3.1,nmol/L,Normal,66–181,nmol/L,Normal,1.0–4.0,Index,High
5278,43,Female,0.83,3.3,144.0,122.0,0.4–4.0,mIU/L,Normal,1.2–3.1,nmol/L,High,66–181,nmol/L,Normal,1.0–4.0,Index,High
5279,23,Female,0.22,6.5,245.0,325.0,0.4–4.0,mIU/L,Low,1.2–3.1,nmol/L,High,66–181,nmol/L,High,1.0–4.0,Index,High
5280,26,Female,2.4,2.4,82.0,102.0,0.4–4.0,mIU/L,Normal,1.2–3.1,nmol/L,Normal,66–181,nmol/L,Normal,1.0–4.0,Index,High
5281,26,Female,5.1,2.0,80.0,104.0,0.4–4.0,mIU/L,High,1.2–3.1,nmol/L,Normal,66–181,nmol/L,Normal,1.0–4.0,Index,High
5282,84,Female,1.0,1.1,129.0,150.0,0.4–4.0,mIU/L,Normal,1.2–3.1,nmol/L,Low,66–181,nmol/L,Normal,1.0–4.0,Index,High
5283,29,Female,1.1,2.6,99.0,106.0,0.4–4.0,mIU/L,Normal,1.2–3.1,nmol/L,Normal,66–181,nmol/L,Normal,1.0–4.0,Index,High
5284,29,Male,1.9,1.8,93.0,135.0,0.4–4.0,mIU/L,Normal,1.2–3.1,nmol/L,Normal,66–181,nmol/L,Normal,1.0–4.0,Index,High
5285,26,Female,2.2,2.4,110.0,129.0,0.4–4.0,mIU/L,Normal,1.2–3.1,nmol/L,Normal,66–181,nmol/L,Normal,1.0–4.0,Index,High
5286,79,Female,2.5,2.0,88.0,97.0,0.4–4.0,mIU/L,Normal,1.2–3.1,nmol/L,Normal,66–181,nmol/L,Normal,1.0–4.0,Index,High
5287,56,Male,12.0,1.4,67.0,94.0,0.4–4.0,mIU/L,High,1.2–3.1,nmol/L,Normal,66–181,nmol/L,Normal,1.0–4.0,Index,High
5288,75,Male,1.4,0.9,94.0,127.0,0.4–4.0,mIU/L,Normal,1.2–3.1,nmol/L,Low,66–181,nmol/L,Normal,1.0–4.0,Index,High
5289,49,Male,0.63,1.1,60.0,94.0,0.4–4.0,mIU/L,Normal,1.2–3.1,nmol/L,Low,66–181,nmol/L,Low,1.0–4.0,Index,High
5290,62,Male,2.0,1.5,95.0,142.0,0.4–4.0,mIU/L,Normal,1.2–3.1,nmol/L,Normal,66–181,nmol/L,Normal,1.0–4.0,Index,High
5291,28,Female,3.0,1.0,79.0,71.0,0.4–4.0,mIU/L,Normal,1.2–3.1,nmol/L,Low,66–181,nmol/L,Normal,1.0–4.0,Index,High
5292,53,Female,5.2,0.7,61.0,133.0,0.4–4.0,mIU/L,High,1.2–3.1,nmol/L,Low,66–181,nmol/L,Low,1.0–4.0,Index,High
5293,67,Male,2.4,1.2,100.0,115.0,0.4–4.0,mIU/L,Normal,1.2–3.1,nmol/L,Normal,66–181,nmol/L,Normal,1.0–4.0,Index,High
5294,22,Male,1.1,2.0,81.0,92.0,0.4–4.0,mIU/L,Normal,1.2–3.1,nmol/L,Normal,66–181,nmol/L,Normal,1.0–4.0,Index,High
5295,69,Male,1.6,2.1,109.0,112.0,0.4–4.0,mIU/L,Normal,1.2–3.1,nmol/L,Normal,66–181,nmol/L,Normal,1.0–4.0,Index,High
5296,68,Female,2.2,2.4,117.0,113.0,0.4–4.0,mIU/L,Normal,1.2–3.1,nmol/L,Normal,66–181,nmol/L,Normal,1.0–4.0,Index,High
5297,75,Female,5.1,2.1,90.0,84.0,0.4–4.0,mIU/L,High,1.2–3.1,nmol/L,Normal,66–181,nmol/L,Normal,1.0–4.0,Index,High
5298,66,Female,0.09,2.2,198.0,204.0,0.4–4.0,mIU/L,Low,1.2–3.1,nmol/L,Normal,66–181,nmol/L,High,1.0–4.0,Index,High
5299,59,Male,15.0,1.4,155.0,148.0,0.4–4.0,mIU/L,High,1.2–3.1,nmol/L,Normal,66–181,nmol/L,Normal,1.0–4.0,Index,High
5300,1,Male,16.0,2.7,150.0,138.0,0.4–4.0,mIU/L,High,1.2–3.1,nmol/L,Normal,66–181,nmol/L,Normal,1.0–4.0,Index,High
5301,61,Male,1.8,0.3,23.0,45.0,0.4–4.0,mIU/L,Normal,1.2–3.1,nmol/L,Low,66–181,nmol/L,Low,1.0–4.0,Index,High
5302,77,Female,0.08,2.5,208.0,242.0,0.4–4.0,mIU/L,Low,1.2–3.1,nmol/L,Normal,66–181,nmol/L,High,1.0–4.0,Index,High
5303,77,Male,1.6,2.4,75.0,77.0,0.4–4.0,mIU/L,Normal,1.2–3.1,nmol/L,Normal,66–181,nmol/L,Normal,1.0–4.0,Index,High
5304,64,Male,4.4,2.2,98.0,101.0,0.4–4.0,mIU/L,High,1.2–3.1,nmol/L,Normal,66–181,nmol/L,Normal,1.0–4.0,Index,High
5305,30,Male,0.05,1.9,112.0,145.0,0.4–4.0,mIU/L,Low,1.2–3.1,nmol/L,Normal,66–181,nmol/L,Normal,1.0–4.0,Index,High
5306,49,Female,8.2,2.1,79.0,89.0,0.4–4.0,mIU/L,High,1.2–3.1,nmol/L,Normal,66–181,nmol/L,Normal,1.0–4.0,Index,High
5307,79,Female,0.81,1.1,106.0,131.0,0.4–4.0,mIU/L,Normal,1.2–3.1,nmol/L,Low,66–181,nmol/L,Normal,1.0–4.0,Index,High
5308,47,Female,2.5,1.8,94.0,94.0,0.4–4.0,mIU/L,Normal,1.2–3.1,nmol/L,Normal,66–181,nmol/L,Normal,1.0–4.0,Index,High
5309,29,Male,1.0,1.1,92.0,114.0,0.4–4.0,mIU/L,Normal,1.2–3.1,nmol/L,Low,66–181,nmol/L,Normal,1.0–4.0,Index,High
5310,81,Female,0.06,3.2,138.0,128.0,0.4–4.0,mIU/L,Low,1.2–3.1,nmol/L,High,66–181,nmol/L,Normal,1.0–4.0,Index,High
5311,70,Female,0.1,2.1,126.0,152.0,0.4–4.0,mIU/L,Low,1.2–3.1,nmol/L,Normal,66–181,nmol/L,Normal,1.0–4.0,Index,High
5312,81,Female,4.2,2.1,88.0,82.0,0.4–4.0,mIU/L,High,1.2–3.1,nmol/L,Normal,66–181,nmol/L,Normal,1.0–4.0,Index,High
5313,44,Female,1.6,1.7,118.0,107.0,0.4–4.0,mIU/L,Normal,1.2–3.1,nmol/L,Normal,66–181,nmol/L,Normal,1.0–4.0,Index,High
5314,62,Male,0.41,3.1,108.0,101.0,0.4–4.0,mIU/L,Normal,1.2–3.1,nmol/L,Normal,66–181,nmol/L,Normal,1.0–4.0,Index,High
5315,50,Female,62.0,0.9,87.0,92.0,0.4–4.0,mIU/L,High,1.2–3.1,nmol/L,Low,66–181,nmol/L,Normal,1.0–4.0,Index,High
5316,31,Female,2.7,2.3,87.0,74.0,0.4–4.0,mIU/L,Normal,1.2–3.1,nmol/L,Normal,66–181,nmol/L,Normal,1.0–4.0,Index,High
5317,31,Female,5.3,1.4,56.0,64.0,0.4–4.0,mIU/L,High,1.2–3.1,nmol/L,Normal,66–181,nmol/L,Low,1.0–4.0,Index,High
5318,56,Male,2.4,2.7,80.0,85.0,0.4–4.0,mIU/L,Normal,1.2–3.1,nmol/L,Normal,66–181,nmol/L,Normal,1.0–4.0,Index,High
5319,35,Male,1.5,1.9,92.0,103.0,0.4–4.0,mIU/L,Normal,1.2–3.1,nmol/L,Normal,66–181,nmol/L,Normal,1.0–4.0,Index,High
5320,37,Female,1.1,2.0,92.0,96.0,0.4–4.0,mIU/L,Normal,1.2–3.1,nmol/L,Normal,66–181,nmol/L,Normal,1.0–4.0,Index,High
5321,81,Female,0.6,0.6,123.0,135.0,0.4–4.0,mIU/L,Normal,1.2–3.1,nmol/L,Low,66–181,nmol/L,Normal,1.0–4.0,Index,High
5322,24,Male,0.045,1.9,107.0,126.0,0.4–4.0,mIU/L,Low,1.2–3.1,nmol/L,Normal,66–181,nmol/L,Normal,1.0–4.0,Index,High
5323,24,Female,7.2,1.6,85.0,93.0,0.4–4.0,mIU/L,High,1.2–3.1,nmol/L,Normal,66–181,nmol/L,Normal,1.0–4.0,Index,High
5324,55,Male,2.3,2.5,93.0,85.0,0.4–4.0,mIU/L,Normal,1.2–3.1,nmol/L,Normal,66–181,nmol/L,Normal,1.0–4.0,Index,High
5325,54,Female,2.8,2.4,104.0,141.0,0.4–4.0,mIU/L,Normal,1.2–3.1,nmol/L,Normal,66–181,nmol/L,Normal,1.0–4.0,Index,High
5326,46,Male,0.46,2.3,93.0,104.0,0.4–4.0,mIU/L,Normal,1.2–3.1,nmol/L,Normal,66–181,nmol/L,Normal,1.0–4.0,Index,High
5327,33,Male,4.3,2.3,125.0,132.0,0.4–4.0,mIU/L,High,1.2–3.1,nmol/L,Normal,66–181,nmol/L,Normal,1.0–4.0,Index,High
5328,75,Female,7.0,2.3,95.0,86.0,0.4–4.0,mIU/L,High,1.2–3.1,nmol/L,Normal,66–181,nmol/L,Normal,1.0–4.0,Index,High
5329,75,Female,0.78,2.1,165.0,165.0,0.4–4.0,mIU/L,Normal,1.2–3.1,nmol/L,Normal,66–181,nmol/L,Normal,1.0–4.0,Index,High
5330,61,Male,0.06,2.3,152.0,163.0,0.4–4.0,mIU/L,Low,1.2–3.1,nmol/L,Normal,66–181,nmol/L,Normal,1.0–4.0,Index,High
5331,48,Female,2.7,2.3,94.0,100.0,0.4–4.0,mIU/L,Normal,1.2–3.1,nmol/L,Normal,66–181,nmol/L,Normal,1.0–4.0,Index,High
5332,29,Female,4.1,1.3,63.0,61.0,0.4–4.0,mIU/L,High,1.2–3.1,nmol/L,Normal,66–181,nmol/L,Low,1.0–4.0,Index,High
5333,53,Female,0.04,2.5,166.0,169.0,0.4–4.0,mIU/L,Low,1.2–3.1,nmol/L,Normal,66–181,nmol/L,Normal,1.0–4.0,Index,High
5334,60,Female,0.17,2.4,165.0,165.0,0.4–4.0,mIU/L,Low,1.2–3.1,nmol/L,Normal,66–181,nmol/L,Normal,1.0–4.0,Index,High
5335,29,Female,0.5,2.6,157.0,120.0,0.4–4.0,mIU/L,Normal,1.2–3.1,nmol/L,Normal,66–181,nmol/L,Normal,1.0–4.0,Index,High
5336,34,Female,0.035,2.4,46.0,42.0,0.4–4.0,mIU/L,Low,1.2–3.1,nmol/L,Normal,66–181,nmol/L,Low,1.0–4.0,Index,High
5337,72,Male,1.0,1.6,125.0,132.0,0.4–4.0,mIU/L,Normal,1.2–3.1,nmol/L,Normal,66–181,nmol/L,Normal,1.0–4.0,Index,High
5338,24,Female,1.4,3.0,132.0,98.0,0.4–4.0,mIU/L,Normal,1.2–3.1,nmol/L,Normal,66–181,nmol/L,Normal,1.0–4.0,Index,High
5339,15,Male,3.0,2.3,84.0,86.0,0.4–4.0,mIU/L,Normal,1.2–3.1,nmol/L,Normal,66–181,nmol/L,Normal,1.0–4.0,Index,High
5340,15,Female,1.0,1.8,121.0,97.0,0.4–4.0,mIU/L,Normal,1.2–3.1,nmol/L,Normal,66–181,nmol/L,Normal,1.0–4.0,Index,High
5341,15,Female,1.5,1.9,138.0,141.0,0.4–4.0,mIU/L,Normal,1.2–3.1,nmol/L,Normal,66–181,nmol/L,Normal,1.0–4.0,Index,High
5342,70,Male,2.3,1.6,86.0,119.0,0.4–4.0,mIU/L,Normal,1.2–3.1,nmol/L,Normal,66–181,nmol/L,Normal,1.0–4.0,Index,High
5343,72,Female,1.3,0.8,108.0,132.0,0.4–4.0,mIU/L,Normal,1.2–3.1,nmol/L,Low,66–181,nmol/L,Normal,1.0–4.0,Index,High
5344,22,Female,1.4,3.8,177.0,101.0,0.4–4.0,mIU/L,Normal,1.2–3.1,nmol/L,High,66–181,nmol/L,Normal,1.0–4.0,Index,High
5345,22,Female,2.0,2.4,181.0,166.0,0.4–4.0,mIU/L,Normal,1.2–3.1,nmol/L,Normal,66–181,nmol/L,Normal,1.0–4.0,Index,High
5346,76,Male,0.075,2.1,94.0,94.0,0.4–4.0,mIU/L,Low,1.2–3.1,nmol/L,Normal,66–181,nmol/L,Normal,1.0–4.0,Index,High
5347,81,Male,1.1,1.3,112.0,140.0,0.4–4.0,mIU/L,Normal,1.2–3.1,nmol/L,Normal,66–181,nmol/L,Normal,1.0–4.0,Index,High
5348,84,Female,1.0,1.2,100.0,143.0,0.4–4.0,mIU/L,Normal,1.2–3.1,nmol/L,Normal,66–181,nmol/L,Normal,1.0–4.0,Index,High
5349,83,Male,0.78,0.8,102.0,128.0,0.4–4.0,mIU/L,Normal,1.2–3.1,nmol/L,Low,66–181,nmol/L,Normal,1.0–4.0,Index,High
5350,17,Female,3.6,2.2,111.0,110.0,0.4–4.0,mIU/L,Normal,1.2–3.1,nmol/L,Normal,66–181,nmol/L,Normal,1.0–4.0,Index,High
5351,85,Female,3.0,2.5,194.0,180.0,0.4–4.0,mIU/L,Normal,1.2–3.1,nmol/L,Normal,66–181,nmol/L,High,1.0–4.0,Index,High
5352,77,Female,3.1,1.3,106.0,120.0,0.4–4.0,mIU/L,Normal,1.2–3.1,nmol/L,Normal,66–181,nmol/L,Normal,1.0–4.0,Index,High
5353,49,Female,7.4,1.9,101.0,122.0,0.4–4.0,mIU/L,High,1.2–3.1,nmol/L,Normal,66–181,nmol/L,Normal,1.0–4.0,Index,High
5354,52,Male,2.7,2.0,83.0,132.0,0.4–4.0,mIU/L,Normal,1.2–3.1,nmol/L,Normal,66–181,nmol/L,Normal,1.0–4.0,Index,High
5355,66,Male,0.33,2.2,134.0,141.0,0.4–4.0,mIU/L,Low,1.2–3.1,nmol/L,Normal,66–181,nmol/L,Normal,1.0–4.0,Index,High
5356,73,Female,0.025,4.4,235.0,255.0,0.4–4.0,mIU/L,Low,1.2–3.1,nmol/L,High,66–181,nmol/L,High,1.0–4.0,Index,High
5357,57,Female,0.94,2.6,115.0,104.0,0.4–4.0,mIU/L,Normal,1.2–3.1,nmol/L,Normal,66–181,nmol/L,Normal,1.0–4.0,Index,High
5358,57,Male,1.7,2.0,95.0,106.0,0.4–4.0,mIU/L,Normal,1.2–3.1,nmol/L,Normal,66–181,nmol/L,Normal,1.0–4.0,Index,High
5359,42,Female,0.63,2.5,111.0,114.0,0.4–4.0,mIU/L,Normal,1.2–3.1,nmol/L,Normal,66–181,nmol/L,Normal,1.0–4.0,Index,High
5360,86,Female,0.12,0.9,119.0,131.0,0.4–4.0,mIU/L,Low,1.2–3.1,nmol/L,Low,66–181,nmol/L,Normal,1.0–4.0,Index,High
5361,54,Male,3.4,1.7,113.0,122.0,0.4–4.0,mIU/L,Normal,1.2–3.1,nmol/L,Normal,66–181,nmol/L,Normal,1.0–4.0,Index,High
5362,82,Female,1.6,0.5,100.0,104.0,0.4–4.0,mIU/L,Normal,1.2–3.1,nmol/L,Low,66–181,nmol/L,Normal,1.0–4.0,Index,High
5363,51,Female,4.9,0.8,81.0,95.0,0.4–4.0,mIU/L,High,1.2–3.1,nmol/L,Low,66–181,nmol/L,Normal,1.0–4.0,Index,High
5364,71,Male,2.3,0.7,108.0,156.0,0.4–4.0,mIU/L,Normal,1.2–3.1,nmol/L,Low,66–181,nmol/L,Normal,1.0–4.0,Index,High
5365,4,Female,4.0,1.2,94.0,162.0,0.4–4.0,mIU/L,Normal,1.2–3.1,nmol/L,Normal,66–181,nmol/L,Normal,1.0–4.0,Index,High
5366,24,Female,0.08,0.4,58.0,76.0,0.4–4.0,mIU/L,Low,1.2–3.1,nmol/L,Low,66–181,nmol/L,Low,1.0–4.0,Index,High
5367,62,Male,1.6,1.5,105.0,138.0,0.4–4.0,mIU/L,Normal,1.2–3.1,nmol/L,Normal,66–181,nmol/L,Normal,1.0–4.0,Index,High
5368,69,Male,0.055,0.3,65.0,155.0,0.4–4.0,mIU/L,Low,1.2–3.1,nmol/L,Low,66–181,nmol/L,Low,1.0–4.0,Index,High
5369,65,Male,4.2,0.6,58.0,79.0,0.4–4.0,mIU/L,High,1.2–3.1,nmol/L,Low,66–181,nmol/L,Low,1.0–4.0,Index,High
5370,56,Male,14.0,1.9,94.0,109.0,0.4–4.0,mIU/L,High,1.2–3.1,nmol/L,Normal,66–181,nmol/L,Normal,1.0–4.0,Index,High
5371,67,Male,5.5,2.2,107.0,124.0,0.4–4.0,mIU/L,High,1.2–3.1,nmol/L,Normal,66–181,nmol/L,Normal,1.0–4.0,Index,High
5372,60,Female,11.0,2.3,91.0,95.0,0.4–4.0,mIU/L,High,1.2–3.1,nmol/L,Normal,66–181,nmol/L,Normal,1.0–4.0,Index,High
5373,58,Female,0.87,1.3,94.0,92.0,0.4–4.0,mIU/L,Normal,1.2–3.1,nmol/L,Normal,66–181,nmol/L,Normal,1.0–4.0,Index,High
5374,57,Female,0.59,0.9,110.0,125.0,0.4–4.0,mIU/L,Normal,1.2–3.1,nmol/L,Low,66–181,nmol/L,Normal,1.0–4.0,Index,High
5375,55,Female,5.2,2.5,94.0,96.0,0.4–4.0,mIU/L,High,1.2–3.1,nmol/L,Normal,66–181,nmol/L,Normal,1.0–4.0,Index,High
5376,54,Female,0.03,2.7,112.0,112.0,0.4–4.0,mIU/L,Low,1.2–3.1,nmol/L,Normal,66–181,nmol/L,Normal,1.0–4.0,Index,High
5377,75,Male,0.37,1.7,101.0,131.0,0.4–4.0,mIU/L,Low,1.2–3.1,nmol/L,Normal,66–181,nmol/L,Normal,1.0–4.0,Index,High
5378,66,Male,0.18,2.6,83.0,104.0,0.4–4.0,mIU/L,Low,1.2–3.1,nmol/L,Normal,66–181,nmol/L,Normal,1.0–4.0,Index,High
5379,70,Female,2.4,1.6,145.0,149.0,0.4–4.0,mIU/L,Normal,1.2–3.1,nmol/L,Normal,66–181,nmol/L,Normal,1.0–4.0,Index,High
5380,80,Male,2.6,0.5,76.0,129.0,0.4–4.0,mIU/L,Normal,1.2–3.1,nmol/L,Low,66–181,nmol/L,Normal,1.0–4.0,Index,High
5381,73,Female,0.56,1.3,111.0,128.0,0.4–4.0,mIU/L,Normal,1.2–3.1,nmol/L,Normal,66–181,nmol/L,Normal,1.0–4.0,Index,High
5382,13,Male,0.36,2.2,161.0,130.0,0.4–4.0,mIU/L,Low,1.2–3.1,nmol/L,Normal,66–181,nmol/L,Normal,1.0–4.0,Index,High
5383,32,Male,3.0,2.9,107.0,123.0,0.4–4.0,mIU/L,Normal,1.2–3.1,nmol/L,Normal,66–181,nmol/L,Normal,1.0–4.0,Index,High
5384,51,Male,0.88,2.1,88.0,104.0,0.4–4.0,mIU/L,Normal,1.2–3.1,nmol/L,Normal,66–181,nmol/L,Normal,1.0–4.0,Index,High
5385,38,Female,0.37,2.5,180.0,146.0,0.4–4.0,mIU/L,Low,1.2–3.1,nmol/L,Normal,66–181,nmol/L,Normal,1.0–4.0,Index,High
5386,55,Female,3.5,2.4,119.0,70.0,0.4–4.0,mIU/L,Normal,1.2–3.1,nmol/L,Normal,66–181,nmol/L,Normal,1.0–4.0,Index,High
5387,32,Male,0.99,2.5,101.0,103.0,0.4–4.0,mIU/L,Normal,1.2–3.1,nmol/L,Normal,66–181,nmol/L,Normal,1.0–4.0,Index,High
5388,74,Female,5.0,2.3,82.0,80.0,0.4–4.0,mIU/L,High,1.2–3.1,nmol/L,Normal,66–181,nmol/L,Normal,1.0–4.0,Index,High
5389,74,Female,0.71,2.5,141.0,101.0,0.4–4.0,mIU/L,Normal,1.2–3.1,nmol/L,Normal,66–181,nmol/L,Normal,1.0–4.0,Index,High
5390,25,Female,4.2,2.2,78.0,83.0,0.4–4.0,mIU/L,High,1.2–3.1,nmol/L,Normal,66–181,nmol/L,Normal,1.0–4.0,Index,High
5391,52,Female,2.2,2.6,106.0,109.0,0.4–4.0,mIU/L,Normal,1.2–3.1,nmol/L,Normal,66–181,nmol/L,Normal,1.0–4.0,Index,High
5392,36,Female,2.6,2.1,95.0,97.0,0.4–4.0,mIU/L,Normal,1.2–3.1,nmol/L,Normal,66–181,nmol/L,Normal,1.0–4.0,Index,High
5393,70,Female,5.3,2.7,103.0,80.0,0.4–4.0,mIU/L,High,1.2–3.1,nmol/L,Normal,66–181,nmol/L,Normal,1.0–4.0,Index,High
5394,69,Female,0.82,1.9,159.0,137.0,0.4–4.0,mIU/L,Normal,1.2–3.1,nmol/L,Normal,66–181,nmol/L,Normal,1.0–4.0,Index,High
5395,11,Male,2.1,2.8,92.0,95.0,0.4–4.0,mIU/L,Normal,1.2–3.1,nmol/L,Normal,66–181,nmol/L,Normal,1.0–4.0,Index,High
5396,65,Female,1.7,0.3,70.0,115.0,0.4–4.0,mIU/L,Normal,1.2–3.1,nmol/L,Low,66–181,nmol/L,Normal,1.0–4.0,Index,High
5397,28,Female,2.5,0.7,87.0,81.0,0.4–4.0,mIU/L,Normal,1.2–3.1,nmol/L,Low,66–181,nmol/L,Normal,1.0–4.0,Index,High
5398,51,Female,0.99,1.9,91.0,96.0,0.4–4.0,mIU/L,Normal,1.2–3.1,nmol/L,Normal,66–181,nmol/L,Normal,1.0–4.0,Index,High
5399,79,Female,1.5,2.2,102.0,113.0,0.4–4.0,mIU/L,Normal,1.2–3.1,nmol/L,Normal,66–181,nmol/L,Normal,1.0–4.0,Index,High
5400,69,Female,0.07,2.7,123.0,95.0,0.4–4.0,mIU/L,Low,1.2–3.1,nmol/L,Normal,66–181,nmol/L,Normal,1.0–4.0,Index,High
5401,48,Female,1.1,2.5,111.0,85.0,0.4–4.0,mIU/L,Normal,1.2–3.1,nmol/L,Normal,66–181,nmol/L,Normal,1.0–4.0,Index,High
5402,32,Female,0.055,2.2,164.0,122.0,0.4–4.0,mIU/L,Low,1.2–3.1,nmol/L,Normal,66–181,nmol/L,Normal,1.0–4.0,Index,High
5403,57,Male,0.13,2.4,116.0,130.0,0.4–4.0,mIU/L,Low,1.2–3.1,nmol/L,Normal,66–181,nmol/L,Normal,1.0–4.0,Index,High
5404,33,Male,0.96,2.7,112.0,109.0,0.4–4.0,mIU/L,Normal,1.2–3.1,nmol/L,Normal,66–181,nmol/L,Normal,1.0–4.0,Index,High
5405,60,Female,5.7,2.2,108.0,94.0,0.4–4.0,mIU/L,High,1.2–3.1,nmol/L,Normal,66–181,nmol/L,Normal,1.0–4.0,Index,High
5406,56,Male,0.97,1.9,96.0,103.0,0.4–4.0,mIU/L,Normal,1.2–3.1,nmol/L,Normal,66–181,nmol/L,Normal,1.0–4.0,Index,High
5407,65,Male,1.3,1.4,97.0,118.0,0.4–4.0,mIU/L,Normal,1.2–3.1,nmol/L,Normal,66–181,nmol/L,Normal,1.0–4.0,Index,High
5408,38,Female,2.2,1.6,80.0,81.0,0.4–4.0,mIU/L,Normal,1.2–3.1,nmol/L,Normal,66–181,nmol/L,Normal,1.0–4.0,Index,High
5409,45,Female,1.3,1.2,95.0,113.0,0.4–4.0,mIU/L,Normal,1.2–3.1,nmol/L,Normal,66–181,nmol/L,Normal,1.0–4.0,Index,High
5410,71,Male,0.88,2.2,148.0,121.0,0.4–4.0,mIU/L,Normal,1.2–3.1,nmol/L,Normal,66–181,nmol/L,Normal,1.0–4.0,Index,High
5411,14,,4.1,3.0,114.0,114.0,0.4–4.0,mIU/L,High,1.2–3.1,nmol/L,Normal,66–181,nmol/L,Normal,1.0–4.0,Index,High
5412,79,Male,1.5,1.5,139.0,143.0,0.4–4.0,mIU/L,Normal,1.2–3.1,nmol/L,Normal,66–181,nmol/L,Normal,1.0–4.0,Index,High
5413,57,Female,1.0,1.9,83.0,82.0,0.4–4.0,mIU/L,Normal,1.2–3.1,nmol/L,Normal,66–181,nmol/L,Normal,1.0–4.0,Index,High
5414,76,Male,2.7,1.8,99.0,124.0,0.4–4.0,mIU/L,Normal,1.2–3.1,nmol/L,Normal,66–181,nmol/L,Normal,1.0–4.0,Index,High
5415,41,Male,1.8,2.8,60.0,63.0,0.4–4.0,mIU/L,Normal,1.2–3.1,nmol/L,Normal,66–181,nmol/L,Low,1.0–4.0,Index,High
5416,56,Male,8.9,1.2,109.0,117.0,0.4–4.0,mIU/L,High,1.2–3.1,nmol/L,Normal,66–181,nmol/L,Normal,1.0–4.0,Index,High
5417,73,Female,1.3,1.7,59.0,68.0,0.4–4.0,mIU/L,Normal,1.2–3.1,nmol/L,Normal,66–181,nmol/L,Low,1.0–4.0,Index,High
5418,74,Female,10.0,1.5,100.0,115.0,0.4–4.0,mIU/L,High,1.2–3.1,nmol/L,Normal,66–181,nmol/L,Normal,1.0–4.0,Index,High
5419,70,Male,0.37,0.6,115.0,158.0,0.4–4.0,mIU/L,Low,1.2–3.1,nmol/L,Low,66–181,nmol/L,Normal,1.0–4.0,Index,High
5420,65,Female,0.31,0.3,80.0,111.0,0.4–4.0,mIU/L,Low,1.2–3.1,nmol/L,Low,66–181,nmol/L,Normal,1.0–4.0,Index,High
5421,18,Female,4.7,2.8,135.0,113.0,0.4–4.0,mIU/L,High,1.2–3.1,nmol/L,Normal,66–181,nmol/L,Normal,1.0–4.0,Index,High
5422,54,Female,1.4,2.5,56.0,62.0,0.4–4.0,mIU/L,Normal,1.2–3.1,nmol/L,Normal,66–181,nmol/L,Low,1.0–4.0,Index,High
5423,84,Female,0.04,4.2,151.0,172.0,0.4–4.0,mIU/L,Low,1.2–3.1,nmol/L,High,66–181,nmol/L,Normal,1.0–4.0,Index,High
5424,41,Female,1.4,2.1,103.0,100.0,0.4–4.0,mIU/L,Normal,1.2–3.1,nmol/L,Normal,66–181,nmol/L,Normal,1.0–4.0,Index,High
5425,51,Male,2.8,2.5,82.0,89.0,0.4–4.0,mIU/L,Normal,1.2–3.1,nmol/L,Normal,66–181,nmol/L,Normal,1.0–4.0,Index,High
5426,77,Male,0.1,1.9,100.0,102.0,0.4–4.0,mIU/L,Low,1.2–3.1,nmol/L,Normal,66–181,nmol/L,Normal,1.0–4.0,Index,High
5427,20,Female,3.1,2.2,101.0,95.0,0.4–4.0,mIU/L,Normal,1.2–3.1,nmol/L,Normal,66–181,nmol/L,Normal,1.0–4.0,Index,High
5428,53,Male,0.67,1.7,92.0,93.0,0.4–4.0,mIU/L,Normal,1.2–3.1,nmol/L,Normal,66–181,nmol/L,Normal,1.0–4.0,Index,High
5429,58,Female,11.0,3.5,146.0,133.0,0.4–4.0,mIU/L,High,1.2–3.1,nmol/L,High,66–181,nmol/L,Normal,1.0–4.0,Index,High
5430,20,Male,3.7,2.8,158.0,165.0,0.4–4.0,mIU/L,Normal,1.2–3.1,nmol/L,Normal,66–181,nmol/L,Normal,1.0–4.0,Index,High
5431,65,Female,1.6,1.9,131.0,138.0,0.4–4.0,mIU/L,Normal,1.2–3.1,nmol/L,Normal,66–181,nmol/L,Normal,1.0–4.0,Index,High
5432,86,Male,6.5,0.4,105.0,131.0,0.4–4.0,mIU/L,High,1.2–3.1,nmol/L,Low,66–181,nmol/L,Normal,1.0–4.0,Index,High
5433,71,Female,0.28,0.5,109.0,142.0,0.4–4.0,mIU/L,Low,1.2–3.1,nmol/L,Low,66–181,nmol/L,Normal,1.0–4.0,Index,High
5434,54,Female,14.0,2.0,62.0,69.0,0.4–4.0,mIU/L,High,1.2–3.1,nmol/L,Normal,66–181,nmol/L,Low,1.0–4.0,Index,High
5435,40,Female,2.8,3.1,223.0,169.0,0.4–4.0,mIU/L,Normal,1.2–3.1,nmol/L,Normal,66–181,nmol/L,High,1.0–4.0,Index,High
5436,62,Female,1.7,2.7,129.0,117.0,0.4–4.0,mIU/L,Normal,1.2–3.1,nmol/L,Normal,66–181,nmol/L,Normal,1.0–4.0,Index,High
5437,39,Male,0.58,2.7,176.0,180.0,0.4–4.0,mIU/L,Normal,1.2–3.1,nmol/L,Normal,66–181,nmol/L,Normal,1.0–4.0,Index,High
5438,31,Female,0.05,3.1,152.0,132.0,0.4–4.0,mIU/L,Low,1.2–3.1,nmol/L,Normal,66–181,nmol/L,Normal,1.0–4.0,Index,High
5439,35,Male,1.0,1.9,115.0,134.0,0.4–4.0,mIU/L,Normal,1.2–3.1,nmol/L,Normal,66–181,nmol/L,Normal,1.0–4.0,Index,High
5440,73,Female,4.5,3.1,109.0,100.0,0.4–4.0,mIU/L,High,1.2–3.1,nmol/L,Normal,66–181,nmol/L,Normal,1.0–4.0,Index,High
5441,28,Female,2.2,1.1,89.0,96.0,0.4–4.0,mIU/L,Normal,1.2–3.1,nmol/L,Low,66–181,nmol/L,Normal,1.0–4.0,Index,High
5442,62,Female,1.3,2.1,110.0,96.0,0.4–4.0,mIU/L,Normal,1.2–3.1,nmol/L,Normal,66–181,nmol/L,Normal,1.0–4.0,Index,High
5443,88,Female,0.49,0.9,110.0,126.0,0.4–4.0,mIU/L,Normal,1.2–3.1,nmol/L,Low,66–181,nmol/L,Normal,1.0–4.0,Index,High
5444,40,Male,4.2,2.0,144.0,124.0,0.4–4.0,mIU/L,High,1.2–3.1,nmol/L,Normal,66–181,nmol/L,Normal,1.0–4.0,Index,High
5445,23,Male,1.3,1.6,79.0,120.0,0.4–4.0,mIU/L,Normal,1.2–3.1,nmol/L,Normal,66–181,nmol/L,Normal,1.0–4.0,Index,High
5446,39,Female,1.2,2.5,117.0,113.0,0.4–4.0,mIU/L,Normal,1.2–3.1,nmol/L,Normal,66–181,nmol/L,Normal,1.0–4.0,Index,High
5447,72,Female,1.1,0.3,85.0,139.0,0.4–4.0,mIU/L,Normal,1.2–3.1,nmol/L,Low,66–181,nmol/L,Normal,1.0–4.0,Index,High
5448,72,Male,1.8,1.7,114.0,111.0,0.4–4.0,mIU/L,Normal,1.2–3.1,nmol/L,Normal,66–181,nmol/L,Normal,1.0–4.0,Index,High
5449,37,Female,0.62,2.0,95.0,115.0,0.4–4.0,mIU/L,Normal,1.2–3.1,nmol/L,Normal,66–181,nmol/L,Normal,1.0–4.0,Index,High
5450,71,Female,18.0,1.9,97.0,104.0,0.4–4.0,mIU/L,High,1.2–3.1,nmol/L,Normal,66–181,nmol/L,Normal,1.0–4.0,Index,High
5451,71,Female,3.8,1.7,92.0,90.0,0.4–4.0,mIU/L,Normal,1.2–3.1,nmol/L,Normal,66–181,nmol/L,Normal,1.0–4.0,Index,High
5452,77,Female,1.3,1.5,125.0,118.0,0.4–4.0,mIU/L,Normal,1.2–3.1,nmol/L,Normal,66–181,nmol/L,Normal,1.0–4.0,Index,High
5453,56,Female,44.0,1.6,28.0,29.0,0.4–4.0,mIU/L,High,1.2–3.1,nmol/L,Normal,66–181,nmol/L,Low,1.0–4.0,Index,High
5454,37,Male,1.5,2.2,100.0,115.0,0.4–4.0,mIU/L,Normal,1.2–3.1,nmol/L,Normal,66–181,nmol/L,Normal,1.0–4.0,Index,High
5455,64,Female,0.37,2.6,108.0,101.0,0.4–4.0,mIU/L,Low,1.2–3.1,nmol/L,Normal,66–181,nmol/L,Normal,1.0–4.0,Index,High
5456,56,Female,0.03,6.4,191.0,197.0,0.4–4.0,mIU/L,Low,1.2–3.1,nmol/L,High,66–181,nmol/L,High,1.0–4.0,Index,High
5457,39,Female,0.81,2.1,117.0,122.0,0.4–4.0,mIU/L,Normal,1.2–3.1,nmol/L,Normal,66–181,nmol/L,Normal,1.0–4.0,Index,High
5458,34,Female,3.5,1.7,5.0,4.15,0.4–4.0,mIU/L,Normal,1.2–3.1,nmol/L,Normal,66–181,nmol/L,Low,1.0–4.0,Index,High
5459,19,Male,2.3,3.0,93.0,98.0,0.4–4.0,mIU/L,Normal,1.2–3.1,nmol/L,Normal,66–181,nmol/L,Normal,1.0–4.0,Index,High
5460,34,Female,2.9,2.0,68.0,77.0,0.4–4.0,mIU/L,Normal,1.2–3.1,nmol/L,Normal,66–181,nmol/L,Normal,1.0–4.0,Index,High
5461,70,Male,1.5,1.3,139.0,142.0,0.4–4.0,mIU/L,Normal,1.2–3.1,nmol/L,Normal,66–181,nmol/L,Normal,1.0–4.0,Index,High
5462,60,Female,27.0,1.2,139.0,128.0,0.4–4.0,mIU/L,High,1.2–3.1,nmol/L,Normal,66–181,nmol/L,Normal,1.0–4.0,Index,High
5463,76,Female,5.5,1.3,128.0,121.0,0.4–4.0,mIU/L,High,1.2–3.1,nmol/L,Normal,66–181,nmol/L,Normal,1.0–4.0,Index,High
5464,36,Male,0.03,4.0,178.0,156.0,0.4–4.0,mIU/L,Low,1.2–3.1,nmol/L,High,66–181,nmol/L,Normal,1.0–4.0,Index,High
5465,72,Female,1.2,0.5,79.0,126.0,0.4–4.0,mIU/L,Normal,1.2–3.1,nmol/L,Low,66–181,nmol/L,Normal,1.0–4.0,Index,High
5466,34,Male,0.67,1.3,72.0,96.0,0.4–4.0,mIU/L,Normal,1.2–3.1,nmol/L,Normal,66–181,nmol/L,Normal,1.0–4.0,Index,High
5467,34,Male,0.04,2.8,155.0,155.0,0.4–4.0,mIU/L,Low,1.2–3.1,nmol/L,Normal,66–181,nmol/L,Normal,1.0–4.0,Index,High
5468,78,Female,3.0,0.5,104.0,99.0,0.4–4.0,mIU/L,Normal,1.2–3.1,nmol/L,Low,66–181,nmol/L,Normal,1.0–4.0,Index,High
5469,80,Female,0.94,1.1,133.0,160.0,0.4–4.0,mIU/L,Normal,1.2–3.1,nmol/L,Low,66–181,nmol/L,Normal,1.0–4.0,Index,High
5470,58,Female,59.0,1.9,38.0,34.0,0.4–4.0,mIU/L,High,1.2–3.1,nmol/L,Normal,66–181,nmol/L,Low,1.0–4.0,Index,High
5471,58,Female,2.6,2.9,119.0,106.0,0.4–4.0,mIU/L,Normal,1.2–3.1,nmol/L,Normal,66–181,nmol/L,Normal,1.0–4.0,Index,High
5472,58,Female,0.22,2.0,134.0,203.0,0.4–4.0,mIU/L,Low,1.2–3.1,nmol/L,Normal,66–181,nmol/L,Normal,1.0–4.0,Index,High
5473,62,Male,1.1,2.2,116.0,112.0,0.4–4.0,mIU/L,Normal,1.2–3.1,nmol/L,Normal,66–181,nmol/L,Normal,1.0–4.0,Index,High
5474,65,Male,7.7,1.4,79.0,86.0,0.4–4.0,mIU/L,High,1.2–3.1,nmol/L,Normal,66–181,nmol/L,Normal,1.0–4.0,Index,High
5475,56,Male,9.099999,0.8,81.0,123.0,0.4–4.0,mIU/L,High,1.2–3.1,nmol/L,Low,66–181,nmol/L,Normal,1.0–4.0,Index,High
5476,66,Male,0.32,0.7,87.0,96.0,0.4–4.0,mIU/L,Low,1.2–3.1,nmol/L,Low,66–181,nmol/L,Normal,1.0–4.0,Index,High
5477,39,Male,0.045,1.3,86.0,84.0,0.4–4.0,mIU/L,Low,1.2–3.1,nmol/L,Normal,66–181,nmol/L,Normal,1.0–4.0,Index,High
5478,68,Female,1.8,1.6,99.0,121.0,0.4–4.0,mIU/L,Normal,1.2–3.1,nmol/L,Normal,66–181,nmol/L,Normal,1.0–4.0,Index,High
5479,74,Female,9.299999,2.4,117.0,108.0,0.4–4.0,mIU/L,High,1.2–3.1,nmol/L,Normal,66–181,nmol/L,Normal,1.0–4.0,Index,High
5480,70,Male,0.46,1.5,118.0,157.0,0.4–4.0,mIU/L,Normal,1.2–3.1,nmol/L,Normal,66–181,nmol/L,Normal,1.0–4.0,Index,High
5481,74,Female,0.59,1.0,90.0,117.0,0.4–4.0,mIU/L,Normal,1.2–3.1,nmol/L,Low,66–181,nmol/L,Normal,1.0–4.0,Index,High
5482,62,Female,2.2,2.5,85.0,92.0,0.4–4.0,mIU/L,Normal,1.2–3.1,nmol/L,Normal,66–181,nmol/L,Normal,1.0–4.0,Index,High
5483,30,Male,0.31,2.9,143.0,103.0,0.4–4.0,mIU/L,Low,1.2–3.1,nmol/L,Normal,66–181,nmol/L,Normal,1.0–4.0,Index,High
5484,51,Female,3.4,2.2,78.0,75.0,0.4–4.0,mIU/L,Normal,1.2–3.1,nmol/L,Normal,66–181,nmol/L,Normal,1.0–4.0,Index,High
5485,42,Female,0.045,2.8,142.0,135.0,0.4–4.0,mIU/L,Low,1.2–3.1,nmol/L,Normal,66–181,nmol/L,Normal,1.0–4.0,Index,High
5486,79,Female,3.9,0.9,90.0,145.0,0.4–4.0,mIU/L,Normal,1.2–3.1,nmol/L,Low,66–181,nmol/L,Normal,1.0–4.0,Index,High
5487,87,Female,3.3,1.1,64.0,116.0,0.4–4.0,mIU/L,Normal,1.2–3.1,nmol/L,Low,66–181,nmol/L,Low,1.0–4.0,Index,High
5488,69,Male,2.8,2.2,83.0,104.0,0.4–4.0,mIU/L,Normal,1.2–3.1,nmol/L,Normal,66–181,nmol/L,Normal,1.0–4.0,Index,High
5489,32,Female,16.0,1.6,62.0,71.0,0.4–4.0,mIU/L,High,1.2–3.1,nmol/L,Normal,66–181,nmol/L,Low,1.0–4.0,Index,High
5490,55,Female,0.85,2.6,112.0,111.0,0.4–4.0,mIU/L,Normal,1.2–3.1,nmol/L,Normal,66–181,nmol/L,Normal,1.0–4.0,Index,High
5491,55,Female,4.2,1.6,69.0,70.0,0.4–4.0,mIU/L,High,1.2–3.1,nmol/L,Normal,66–181,nmol/L,Normal,1.0–4.0,Index,High
5492,19,Male,1.1,1.7,111.0,134.0,0.4–4.0,mIU/L,Normal,1.2–3.1,nmol/L,Normal,66–181,nmol/L,Normal,1.0–4.0,Index,High
5493,33,Female,0.99,2.3,130.0,129.0,0.4–4.0,mIU/L,Normal,1.2–3.1,nmol/L,Normal,66–181,nmol/L,Normal,1.0–4.0,Index,High
5494,54,Male,0.04,3.1,231.0,241.0,0.4–4.0,mIU/L,Low,1.2–3.1,nmol/L,Normal,66–181,nmol/L,High,1.0–4.0,Index,High
5495,65,Female,7.7,1.1,156.0,155.0,0.4–4.0,mIU/L,High,1.2–3.1,nmol/L,Low,66–181,nmol/L,Normal,1.0–4.0,Index,High
5496,67,Male,3.2,0.9,92.0,106.0,0.4–4.0,mIU/L,Normal,1.2–3.1,nmol/L,Low,66–181,nmol/L,Normal,1.0–4.0,Index,High
5497,80,Female,5.3,1.1,97.0,112.0,0.4–4.0,mIU/L,High,1.2–3.1,nmol/L,Low,66–181,nmol/L,Normal,1.0–4.0,Index,High
5498,21,Female,7.0,2.4,45.0,41.0,0.4–4.0,mIU/L,High,1.2–3.1,nmol/L,Normal,66–181,nmol/L,Low,1.0–4.0,Index,High
5499,73,Male,2.1,0.9,91.0,169.0,0.4–4.0,mIU/L,Normal,1.2–3.1,nmol/L,Low,66–181,nmol/L,Normal,1.0–4.0,Index,High
5500,68,Female,0.32,0.8,82.0,130.0,0.4–4.0,mIU/L,Low,1.2–3.1,nmol/L,Low,66–181,nmol/L,Normal,1.0–4.0,Index,High
5501,57,Female,0.23,2.4,108.0,105.0,0.4–4.0,mIU/L,Low,1.2–3.1,nmol/L,Normal,66–181,nmol/L,Normal,1.0–4.0,Index,High
5502,68,Male,0.48,3.0,97.0,92.0,0.4–4.0,mIU/L,Normal,1.2–3.1,nmol/L,Normal,66–181,nmol/L,Normal,1.0–4.0,Index,High
5503,47,Female,2.4,2.0,122.0,111.0,0.4–4.0,mIU/L,Normal,1.2–3.1,nmol/L,Normal,66–181,nmol/L,Normal,1.0–4.0,Index,High
5504,66,Female,3.7,2.4,133.0,103.0,0.4–4.0,mIU/L,Normal,1.2–3.1,nmol/L,Normal,66–181,nmol/L,Normal,1.0–4.0,Index,High
5505,65,Female,0.05,2.9,138.0,113.0,0.4–4.0,mIU/L,Low,1.2–3.1,nmol/L,Normal,66–181,nmol/L,Normal,1.0–4.0,Index,High
5506,65,Female,1.6,2.1,104.0,79.0,0.4–4.0,mIU/L,Normal,1.2–3.1,nmol/L,Normal,66–181,nmol/L,Normal,1.0–4.0,Index,High
5507,49,Female,0.11,1.6,186.0,191.0,0.4–4.0,mIU/L,Low,1.2–3.1,nmol/L,Normal,66–181,nmol/L,High,1.0–4.0,Index,High
5508,80,Female,2.7,2.0,130.0,124.0,0.4–4.0,mIU/L,Normal,1.2–3.1,nmol/L,Normal,66–181,nmol/L,Normal,1.0–4.0,Index,High
5509,28,Female,0.82,1.3,57.0,83.0,0.4–4.0,mIU/L,Normal,1.2–3.1,nmol/L,Normal,66–181,nmol/L,Low,1.0–4.0,Index,High
5510,46,Male,1.1,2.3,90.0,103.0,0.4–4.0,mIU/L,Normal,1.2–3.1,nmol/L,Normal,66–181,nmol/L,Normal,1.0–4.0,Index,High
5511,22,Female,0.3,3.0,161.0,93.0,0.4–4.0,mIU/L,Low,1.2–3.1,nmol/L,Normal,66–181,nmol/L,Normal,1.0–4.0,Index,High
5512,68,Female,1.2,2.4,111.0,122.0,0.4–4.0,mIU/L,Normal,1.2–3.1,nmol/L,Normal,66–181,nmol/L,Normal,1.0–4.0,Index,High
5513,61,Male,1.2,2.0,121.0,136.0,0.4–4.0,mIU/L,Normal,1.2–3.1,nmol/L,Normal,66–181,nmol/L,Normal,1.0–4.0,Index,High
5514,76,Female,8.5,1.0,109.0,124.0,0.4–4.0,mIU/L,High,1.2–3.1,nmol/L,Low,66–181,nmol/L,Normal,1.0–4.0,Index,High
5515,85,Female,0.58,1.7,107.0,126.0,0.4–4.0,mIU/L,Normal,1.2–3.1,nmol/L,Normal,66–181,nmol/L,Normal,1.0–4.0,Index,High
5516,78,Female,1.3,2.3,120.0,103.0,0.4–4.0,mIU/L,Normal,1.2–3.1,nmol/L,Normal,66–181,nmol/L,Normal,1.0–4.0,Index,High
5517,61,Female,0.17,2.4,122.0,122.0,0.4–4.0,mIU/L,Low,1.2–3.1,nmol/L,Normal,66–181,nmol/L,Normal,1.0–4.0,Index,High
5518,58,Female,0.14,2.0,175.0,165.0,0.4–4.0,mIU/L,Low,1.2–3.1,nmol/L,Normal,66–181,nmol/L,Normal,1.0–4.0,Index,High
5519,20,Female,0.46,2.0,119.0,108.0,0.4–4.0,mIU/L,Normal,1.2–3.1,nmol/L,Normal,66–181,nmol/L,Normal,1.0–4.0,Index,High
5520,28,Male,1.12,2.6,122.0,127.0,0.4–4.0,mIU/L,Normal,1.2–3.1,nmol/L,Normal,66–181,nmol/L,Normal,1.0–4.0,Index,High
5521,57,,2.9,2.5,118.0,98.0,0.4–4.0,mIU/L,Normal,1.2–3.1,nmol/L,Normal,66–181,nmol/L,Normal,1.0–4.0,Index,High
5522,32,Male,2.9,2.0,88.0,105.0,0.4–4.0,mIU/L,Normal,1.2–3.1,nmol/L,Normal,66–181,nmol/L,Normal,1.0–4.0,Index,High
5523,44,Male,0.06,1.6,113.0,128.0,0.4–4.0,mIU/L,Low,1.2–3.1,nmol/L,Normal,66–181,nmol/L,Normal,1.0–4.0,Index,High
5524,29,Male,0.95,2.0,136.0,134.0,0.4–4.0,mIU/L,Normal,1.2–3.1,nmol/L,Normal,66–181,nmol/L,Normal,1.0–4.0,Index,High
5525,61,Female,11.0,2.4,59.0,67.0,0.4–4.0,mIU/L,High,1.2–3.1,nmol/L,Normal,66–181,nmol/L,Low,1.0–4.0,Index,High
5526,61,Male,0.62,2.0,104.0,109.0,0.4–4.0,mIU/L,Normal,1.2–3.1,nmol/L,Normal,66–181,nmol/L,Normal,1.0–4.0,Index,High
5527,73,Female,0.82,1.7,73.0,84.0,0.4–4.0,mIU/L,Normal,1.2–3.1,nmol/L,Normal,66–181,nmol/L,Normal,1.0–4.0,Index,High
5528,75,Female,3.6,2.1,106.0,101.0,0.4–4.0,mIU/L,Normal,1.2–3.1,nmol/L,Normal,66–181,nmol/L,Normal,1.0–4.0,Index,High
5529,57,Female,1.7,1.9,87.0,78.0,0.4–4.0,mIU/L,Normal,1.2–3.1,nmol/L,Normal,66–181,nmol/L,Normal,1.0–4.0,Index,High
5530,48,Female,1.3,1.5,124.0,115.0,0.4–4.0,mIU/L,Normal,1.2–3.1,nmol/L,Normal,66–181,nmol/L,Normal,1.0–4.0,Index,High
5531,62,Male,3.7,1.4,83.0,102.0,0.4–4.0,mIU/L,Normal,1.2–3.1,nmol/L,Normal,66–181,nmol/L,Normal,1.0–4.0,Index,High
5532,58,Male,0.03,2.1,130.0,149.0,0.4–4.0,mIU/L,Low,1.2–3.1,nmol/L,Normal,66–181,nmol/L,Normal,1.0–4.0,Index,High
5533,62,Female,1.8,0.9,121.0,126.0,0.4–4.0,mIU/L,Normal,1.2–3.1,nmol/L,Low,66–181,nmol/L,Normal,1.0–4.0,Index,High
5534,34,Male,0.015,4.0,239.0,266.0,0.4–4.0,mIU/L,Low,1.2–3.1,nmol/L,High,66–181,nmol/L,High,1.0–4.0,Index,High
5535,69,Male,1.6,2.9,119.0,111.0,0.4–4.0,mIU/L,Normal,1.2–3.1,nmol/L,Normal,66–181,nmol/L,Normal,1.0–4.0,Index,High
5536,48,Female,0.03,3.1,96.0,104.0,0.4–4.0,mIU/L,Low,1.2–3.1,nmol/L,Normal,66–181,nmol/L,Normal,1.0–4.0,Index,High
5537,69,Female,1.8,2.0,126.0,124.0,0.4–4.0,mIU/L,Normal,1.2–3.1,nmol/L,Normal,66–181,nmol/L,Normal,1.0–4.0,Index,High
5538,74,Female,1.2,1.3,95.0,93.0,0.4–4.0,mIU/L,Normal,1.2–3.1,nmol/L,Normal,66–181,nmol/L,Normal,1.0–4.0,Index,High
5539,33,Female,1.7,2.5,115.0,103.0,0.4–4.0,mIU/L,Normal,1.2–3.1,nmol/L,Normal,66–181,nmol/L,Normal,1.0–4.0,Index,High
5540,75,Female,5.1,2.4,126.0,112.0,0.4–4.0,mIU/L,High,1.2–3.1,nmol/L,Normal,66–181,nmol/L,Normal,1.0–4.0,Index,High
5541,77,Female,0.055,2.4,146.0,159.0,0.4–4.0,mIU/L,Low,1.2–3.1,nmol/L,Normal,66–181,nmol/L,Normal,1.0–4.0,Index,High
5542,58,Female,1.1,2.6,134.0,119.0,0.4–4.0,mIU/L,Normal,1.2–3.1,nmol/L,Normal,66–181,nmol/L,Normal,1.0–4.0,Index,High
5543,45,Female,1.1,1.2,70.0,71.0,0.4–4.0,mIU/L,Normal,1.2–3.1,nmol/L,Normal,66–181,nmol/L,Normal,1.0–4.0,Index,High
5544,50,Female,1.9,1.8,120.0,119.0,0.4–4.0,mIU/L,Normal,1.2–3.1,nmol/L,Normal,66–181,nmol/L,Normal,1.0–4.0,Index,High
5545,60,Male,2.0,2.1,100.0,105.0,0.4–4.0,mIU/L,Normal,1.2–3.1,nmol/L,Normal,66–181,nmol/L,Normal,1.0–4.0,Index,High
5546,82,Female,1.1,2.0,126.0,116.0,0.4–4.0,mIU/L,Normal,1.2–3.1,nmol/L,Normal,66–181,nmol/L,Normal,1.0–4.0,Index,High
5547,49,Female,0.43,1.5,168.0,151.0,0.4–4.0,mIU/L,Normal,1.2–3.1,nmol/L,Normal,66–181,nmol/L,Normal,1.0–4.0,Index,High
5548,23,Male,0.75,2.2,106.0,120.0,0.4–4.0,mIU/L,Normal,1.2–3.1,nmol/L,Normal,66–181,nmol/L,Normal,1.0–4.0,Index,High
5549,66,Male,6.0,2.0,91.0,85.0,0.4–4.0,mIU/L,High,1.2–3.1,nmol/L,Normal,66–181,nmol/L,Normal,1.0–4.0,Index,High
5550,40,Female,2.0,1.8,115.0,103.0,0.4–4.0,mIU/L,Normal,1.2–3.1,nmol/L,Normal,66–181,nmol/L,Normal,1.0–4.0,Index,High
5551,29,Female,0.66,2.1,109.0,96.0,0.4–4.0,mIU/L,Normal,1.2–3.1,nmol/L,Normal,66–181,nmol/L,Normal,1.0–4.0,Index,High
5552,48,Female,0.055,3.4,219.0,145.0,0.4–4.0,mIU/L,Low,1.2–3.1,nmol/L,High,66–181,nmol/L,High,1.0–4.0,Index,High
5553,46,Male,3.0,1.8,115.0,114.0,0.4–4.0,mIU/L,Normal,1.2–3.1,nmol/L,Normal,66–181,nmol/L,Normal,1.0–4.0,Index,High
5554,48,Male,1.2,2.4,122.0,117.0,0.4–4.0,mIU/L,Normal,1.2–3.1,nmol/L,Normal,66–181,nmol/L,Normal,1.0–4.0,Index,High
5555,39,,3.5,2.6,106.0,97.0,0.4–4.0,mIU/L,Normal,1.2–3.1,nmol/L,Normal,66–181,nmol/L,Normal,1.0–4.0,Index,High
5556,68,Female,1.9,2.0,100.0,109.0,0.4–4.0,mIU/L,Normal,1.2–3.1,nmol/L,Normal,66–181,nmol/L,Normal,1.0–4.0,Index,High
5557,20,Female,4.3,3.1,105.0,103.0,0.4–4.0,mIU/L,High,1.2–3.1,nmol/L,Normal,66–181,nmol/L,Normal,1.0–4.0,Index,High
5558,74,Male,1.2,0.9,99.0,100.0,0.4–4.0,mIU/L,Normal,1.2–3.1,nmol/L,Low,66–181,nmol/L,Normal,1.0–4.0,Index,High
5559,32,Male,1.5,2.7,163.0,143.0,0.4–4.0,mIU/L,Normal,1.2–3.1,nmol/L,Normal,66–181,nmol/L,Normal,1.0–4.0,Index,High
5560,46,Female,1.1,3.4,126.0,103.0,0.4–4.0,mIU/L,Normal,1.2–3.1,nmol/L,High,66–181,nmol/L,Normal,1.0–4.0,Index,High
5561,39,Male,0.005,2.8,148.0,136.0,0.4–4.0,mIU/L,Low,1.2–3.1,nmol/L,Normal,66–181,nmol/L,Normal,1.0–4.0,Index,High
5562,81,Female,1.7,1.6,112.0,123.0,0.4–4.0,mIU/L,Normal,1.2–3.1,nmol/L,Normal,66–181,nmol/L,Normal,1.0–4.0,Index,High
5563,58,,4.3,3.0,105.0,106.0,0.4–4.0,mIU/L,High,1.2–3.1,nmol/L,Normal,66–181,nmol/L,Normal,1.0–4.0,Index,High
5564,46,Female,0.62,3.3,130.0,108.0,0.4–4.0,mIU/L,Normal,1.2–3.1,nmol/L,High,66–181,nmol/L,Normal,1.0–4.0,Index,High
5565,67,Female,0.09,1.0,101.0,87.0,0.4–4.0,mIU/L,Low,1.2–3.1,nmol/L,Low,66–181,nmol/L,Normal,1.0–4.0,Index,High
5566,71,Female,9.9,1.8,89.0,90.0,0.4–4.0,mIU/L,High,1.2–3.1,nmol/L,Normal,66–181,nmol/L,Normal,1.0–4.0,Index,High
5567,68,,0.33,3.1,103.0,94.0,0.4–4.0,mIU/L,Low,1.2–3.1,nmol/L,Normal,66–181,nmol/L,Normal,1.0–4.0,Index,High
5568,60,,0.73,3.0,148.0,115.0,0.4–4.0,mIU/L,Normal,1.2–3.1,nmol/L,Normal,66–181,nmol/L,Normal,1.0–4.0,Index,High
5569,74,Female,4.3,1.2,27.0,26.0,0.4–4.0,mIU/L,High,1.2–3.1,nmol/L,Normal,66–181,nmol/L,Low,1.0–4.0,Index,High
5570,77,Female,1.7,0.7,87.0,107.0,0.4–4.0,mIU/L,Normal,1.2–3.1,nmol/L,Low,66–181,nmol/L,Normal,1.0–4.0,Index,High
5571,68,Female,1.5,0.9,76.0,121.0,0.4–4.0,mIU/L,Normal,1.2–3.1,nmol/L,Low,66–181,nmol/L,Normal,1.0–4.0,Index,High
5572,76,Female,2.3,1.6,125.0,132.0,0.4–4.0,mIU/L,Normal,1.2–3.1,nmol/L,Normal,66–181,nmol/L,Normal,1.0–4.0,Index,High
5573,23,Female,0.31,1.7,147.0,141.0,0.4–4.0,mIU/L,Low,1.2–3.1,nmol/L,Normal,66–181,nmol/L,Normal,1.0–4.0,Index,High
5574,62,Male,0.16,2.1,77.0,86.0,0.4–4.0,mIU/L,Low,1.2–3.1,nmol/L,Normal,66–181,nmol/L,Normal,1.0–4.0,Index,High
5575,54,Male,1.4,1.5,107.0,124.0,0.4–4.0,mIU/L,Normal,1.2–3.1,nmol/L,Normal,66–181,nmol/L,Normal,1.0–4.0,Index,High
5576,29,Male,1.9,2.1,81.0,88.0,0.4–4.0,mIU/L,Normal,1.2–3.1,nmol/L,Normal,66–181,nmol/L,Normal,1.0–4.0,Index,High
5577,59,Female,1.0,2.1,108.0,104.0,0.4–4.0,mIU/L,Normal,1.2–3.1,nmol/L,Normal,66–181,nmol/L,Normal,1.0–4.0,Index,High
5578,51,Female,3.4,2.2,108.0,96.0,0.4–4.0,mIU/L,Normal,1.2–3.1,nmol/L,Normal,66–181,nmol/L,Normal,1.0–4.0,Index,High
5579,76,Female,12.0,1.5,126.0,133.0,0.4–4.0,mIU/L,High,1.2–3.1,nmol/L,Normal,66–181,nmol/L,Normal,1.0–4.0,Index,High
5580,66,Female,2.5,1.3,94.0,106.0,0.4–4.0,mIU/L,Normal,1.2–3.1,nmol/L,Normal,66–181,nmol/L,Normal,1.0–4.0,Index,High
5581,52,Female,0.4,1.1,132.0,142.0,0.4–4.0,mIU/L,Normal,1.2–3.1,nmol/L,Low,66–181,nmol/L,Normal,1.0–4.0,Index,High
5582,43,Female,4.5,0.2,44.0,69.0,0.4–4.0,mIU/L,High,1.2–3.1,nmol/L,Low,66–181,nmol/L,Low,1.0–4.0,Index,High
5583,21,Male,22.0,1.5,107.0,118.0,0.4–4.0,mIU/L,High,1.2–3.1,nmol/L,Normal,66–181,nmol/L,Normal,1.0–4.0,Index,High
5584,66,Male,0.81,1.1,143.0,157.0,0.4–4.0,mIU/L,Normal,1.2–3.1,nmol/L,Low,66–181,nmol/L,Normal,1.0–4.0,Index,High
5585,28,Male,1.4,2.3,120.0,128.0,0.4–4.0,mIU/L,Normal,1.2–3.1,nmol/L,Normal,66–181,nmol/L,Normal,1.0–4.0,Index,High
5586,72,Female,3.8,1.2,122.0,104.0,0.4–4.0,mIU/L,Normal,1.2–3.1,nmol/L,Normal,66–181,nmol/L,Normal,1.0–4.0,Index,High
5587,75,Female,0.41,1.7,134.0,160.0,0.4–4.0,mIU/L,Normal,1.2–3.1,nmol/L,Normal,66–181,nmol/L,Normal,1.0–4.0,Index,High
5588,75,Female,1.7,3.1,90.0,94.0,0.4–4.0,mIU/L,Normal,1.2–3.1,nmol/L,Normal,66–181,nmol/L,Normal,1.0–4.0,Index,High
5589,65,Male,0.75,1.1,78.0,110.0,0.4–4.0,mIU/L,Normal,1.2–3.1,nmol/L,Low,66–181,nmol/L,Normal,1.0–4.0,Index,High
5590,26,Male,3.1,2.6,95.0,107.0,0.4–4.0,mIU/L,Normal,1.2–3.1,nmol/L,Normal,66–181,nmol/L,Normal,1.0–4.0,Index,High
5591,45,,3.5,5.1,175.0,192.0,0.4–4.0,mIU/L,Normal,1.2–3.1,nmol/L,High,66–181,nmol/L,Normal,1.0–4.0,Index,High
5592,61,Female,8.099999,1.2,92.0,96.0,0.4–4.0,mIU/L,High,1.2–3.1,nmol/L,Normal,66–181,nmol/L,Normal,1.0–4.0,Index,High
5593,60,Female,3.4,1.2,109.0,127.0,0.4–4.0,mIU/L,Normal,1.2–3.1,nmol/L,Normal,66–181,nmol/L,Normal,1.0–4.0,Index,High
5594,46,Female,2.6,0.8,97.0,109.0,0.4–4.0,mIU/L,Normal,1.2–3.1,nmol/L,Low,66–181,nmol/L,Normal,1.0–4.0,Index,High
5595,51,Female,1.4,2.3,122.0,111.0,0.4–4.0,mIU/L,Normal,1.2–3.1,nmol/L,Normal,66–181,nmol/L,Normal,1.0–4.0,Index,High
5596,74,Female,0.075,2.2,191.0,197.0,0.4–4.0,mIU/L,Low,1.2–3.1,nmol/L,Normal,66–181,nmol/L,High,1.0–4.0,Index,High
5597,29,Female,1.5,1.6,83.0,82.0,0.4–4.0,mIU/L,Normal,1.2–3.1,nmol/L,Normal,66–181,nmol/L,Normal,1.0–4.0,Index,High
5598,60,Male,0.07,2.0,144.0,185.0,0.4–4.0,mIU/L,Low,1.2–3.1,nmol/L,Normal,66–181,nmol/L,Normal,1.0–4.0,Index,High
5599,67,Female,7.7,1.4,83.0,80.0,0.4–4.0,mIU/L,High,1.2–3.1,nmol/L,Normal,66–181,nmol/L,Normal,1.0–4.0,Index,High
5600,57,Female,0.07,1.6,75.0,69.0,0.4–4.0,mIU/L,Low,1.2–3.1,nmol/L,Normal,66–181,nmol/L,Normal,1.0–4.0,Index,High
5601,90,Female,4.5,0.1,28.0,35.0,0.4–4.0,mIU/L,High,1.2–3.1,nmol/L,Low,66–181,nmol/L,Low,1.0–4.0,Index,High
5602,92,Female,0.14,0.9,92.0,101.0,0.4–4.0,mIU/L,Low,1.2–3.1,nmol/L,Low,66–181,nmol/L,Normal,1.0–4.0,Index,High
5603,22,Female,3.0,2.2,134.0,138.0,0.4–4.0,mIU/L,Normal,1.2–3.1,nmol/L,Normal,66–181,nmol/L,Normal,1.0–4.0,Index,High
5604,22,Female,0.09,2.2,189.0,185.0,0.4–4.0,mIU/L,Low,1.2–3.1,nmol/L,Normal,66–181,nmol/L,High,1.0–4.0,Index,High
5605,34,Female,0.24,2.7,117.0,108.0,0.4–4.0,mIU/L,Low,1.2–3.1,nmol/L,Normal,66–181,nmol/L,Normal,1.0–4.0,Index,High
5606,39,Female,2.0,2.4,96.0,98.0,0.4–4.0,mIU/L,Normal,1.2–3.1,nmol/L,Normal,66–181,nmol/L,Normal,1.0–4.0,Index,High
5607,54,Female,0.075,5.0,216.0,251.0,0.4–4.0,mIU/L,Low,1.2–3.1,nmol/L,High,66–181,nmol/L,High,1.0–4.0,Index,High
5608,76,Female,3.4,1.9,126.0,107.0,0.4–4.0,mIU/L,Normal,1.2–3.1,nmol/L,Normal,66–181,nmol/L,Normal,1.0–4.0,Index,High
5609,18,Female,5.9,2.1,93.0,97.0,0.4–4.0,mIU/L,High,1.2–3.1,nmol/L,Normal,66–181,nmol/L,Normal,1.0–4.0,Index,High
5610,73,Female,7.3,2.1,139.0,121.0,0.4–4.0,mIU/L,High,1.2–3.1,nmol/L,Normal,66–181,nmol/L,Normal,1.0–4.0,Index,High
5611,49,Female,0.1,3.1,139.0,122.0,0.4–4.0,mIU/L,Low,1.2–3.1,nmol/L,Normal,66–181,nmol/L,Normal,1.0–4.0,Index,High
5612,45,Male,2.3,2.2,98.0,105.0,0.4–4.0,mIU/L,Normal,1.2–3.1,nmol/L,Normal,66–181,nmol/L,Normal,1.0–4.0,Index,High
5613,43,Female,5.5,0.4,47.0,53.0,0.4–4.0,mIU/L,High,1.2–3.1,nmol/L,Low,66–181,nmol/L,Low,1.0–4.0,Index,High
5614,76,Male,0.26,0.1,34.0,56.0,0.4–4.0,mIU/L,Low,1.2–3.1,nmol/L,Low,66–181,nmol/L,Low,1.0–4.0,Index,High
5615,35,Female,1.1,1.8,111.0,109.0,0.4–4.0,mIU/L,Normal,1.2–3.1,nmol/L,Normal,66–181,nmol/L,Normal,1.0–4.0,Index,High
5616,38,Female,0.085,4.0,221.0,203.0,0.4–4.0,mIU/L,Low,1.2–3.1,nmol/L,High,66–181,nmol/L,High,1.0–4.0,Index,High
5617,54,Female,0.69,3.4,147.0,109.0,0.4–4.0,mIU/L,Normal,1.2–3.1,nmol/L,High,66–181,nmol/L,Normal,1.0–4.0,Index,High
5618,39,Male,0.105,4.1,131.0,138.0,0.4–4.0,mIU/L,Low,1.2–3.1,nmol/L,High,66–181,nmol/L,Normal,1.0–4.0,Index,High
5619,29,Female,2.1,1.6,99.0,114.0,0.4–4.0,mIU/L,Normal,1.2–3.1,nmol/L,Normal,66–181,nmol/L,Normal,1.0–4.0,Index,High
5620,72,,8.799999,0.6,40.0,48.0,0.4–4.0,mIU/L,High,1.2–3.1,nmol/L,Low,66–181,nmol/L,Low,1.0–4.0,Index,High
5621,66,,2.0,2.0,177.0,150.0,0.4–4.0,mIU/L,Normal,1.2–3.1,nmol/L,Normal,66–181,nmol/L,Normal,1.0–4.0,Index,High
5622,21,,8.5,1.6,112.0,123.0,0.4–4.0,mIU/L,High,1.2–3.1,nmol/L,Normal,66–181,nmol/L,Normal,1.0–4.0,Index,High
5623,63,Male,3.2,1.9,114.0,114.0,0.4–4.0,mIU/L,Normal,1.2–3.1,nmol/L,Normal,66–181,nmol/L,Normal,1.0–4.0,Index,High
5624,87,Female,6.4,0.05,40.0,59.0,0.4–4.0,mIU/L,High,1.2–3.1,nmol/L,Low,66–181,nmol/L,Low,1.0–4.0,Index,High
5625,58,Female,1.0,1.9,112.0,118.0,0.4–4.0,mIU/L,Normal,1.2–3.1,nmol/L,Normal,66–181,nmol/L,Normal,1.0–4.0,Index,High
5626,31,Female,166.0,0.6,32.0,31.0,0.4–4.0,mIU/L,High,1.2–3.1,nmol/L,Low,66–181,nmol/L,Low,1.0–4.0,Index,High
5627,87,Female,2.0,1.3,98.0,108.0,0.4–4.0,mIU/L,Normal,1.2–3.1,nmol/L,Normal,66–181,nmol/L,Normal,1.0–4.0,Index,High
5628,64,Female,6.2,2.0,73.0,73.0,0.4–4.0,mIU/L,High,1.2–3.1,nmol/L,Normal,66–181,nmol/L,Normal,1.0–4.0,Index,High
5629,24,Female,0.065,2.6,176.0,164.0,0.4–4.0,mIU/L,Low,1.2–3.1,nmol/L,Normal,66–181,nmol/L,Normal,1.0–4.0,Index,High
5630,73,Female,0.04,3.8,292.0,321.0,0.4–4.0,mIU/L,Low,1.2–3.1,nmol/L,High,66–181,nmol/L,High,1.0–4.0,Index,High
5631,66,Male,2.6,2.2,193.0,158.0,0.4–4.0,mIU/L,Normal,1.2–3.1,nmol/L,Normal,66–181,nmol/L,High,1.0–4.0,Index,High
5632,69,Female,1.8,1.6,109.0,117.0,0.4–4.0,mIU/L,Normal,1.2–3.1,nmol/L,Normal,66–181,nmol/L,Normal,1.0–4.0,Index,High
5633,70,Female,4.4,2.8,118.0,117.0,0.4–4.0,mIU/L,High,1.2–3.1,nmol/L,Normal,66–181,nmol/L,Normal,1.0–4.0,Index,High
5634,28,Male,1.1,2.3,99.0,115.0,0.4–4.0,mIU/L,Normal,1.2–3.1,nmol/L,Normal,66–181,nmol/L,Normal,1.0–4.0,Index,High
5635,38,Female,4.3,1.5,142.0,146.0,0.4–4.0,mIU/L,High,1.2–3.1,nmol/L,Normal,66–181,nmol/L,Normal,1.0–4.0,Index,High
5636,35,Female,0.52,2.6,91.0,94.0,0.4–4.0,mIU/L,Normal,1.2–3.1,nmol/L,Normal,66–181,nmol/L,Normal,1.0–4.0,Index,High
5637,42,Female,3.8,2.3,127.0,131.0,0.4–4.0,mIU/L,Normal,1.2–3.1,nmol/L,Normal,66–181,nmol/L,Normal,1.0–4.0,Index,High
5638,73,Female,0.05,2.5,202.0,202.0,0.4–4.0,mIU/L,Low,1.2–3.1,nmol/L,Normal,66–181,nmol/L,High,1.0–4.0,Index,High
5639,16,Female,0.21,2.4,126.0,135.0,0.4–4.0,mIU/L,Low,1.2–3.1,nmol/L,Normal,66–181,nmol/L,Normal,1.0–4.0,Index,High
5640,19,Female,0.91,2.2,96.0,109.0,0.4–4.0,mIU/L,Normal,1.2–3.1,nmol/L,Normal,66–181,nmol/L,Normal,1.0–4.0,Index,High
5641,54,Female,3.1,1.9,98.0,97.0,0.4–4.0,mIU/L,Normal,1.2–3.1,nmol/L,Normal,66–181,nmol/L,Normal,1.0–4.0,Index,High
5642,65,Female,1.4,1.9,109.0,118.0,0.4–4.0,mIU/L,Normal,1.2–3.1,nmol/L,Normal,66–181,nmol/L,Normal,1.0–4.0,Index,High
5643,56,Female,1.6,3.0,104.0,90.0,0.4–4.0,mIU/L,Normal,1.2–3.1,nmol/L,Normal,66–181,nmol/L,Normal,1.0–4.0,Index,High
5644,74,Male,0.04,2.1,166.0,186.0,0.4–4.0,mIU/L,Low,1.2–3.1,nmol/L,Normal,66–181,nmol/L,Normal,1.0–4.0,Index,High
5645,15,Female,0.04,3.0,129.0,133.0,0.4–4.0,mIU/L,Low,1.2–3.1,nmol/L,Normal,66–181,nmol/L,Normal,1.0–4.0,Index,High
5646,71,Female,1.2,2.0,103.0,104.0,0.4–4.0,mIU/L,Normal,1.2–3.1,nmol/L,Normal,66–181,nmol/L,Normal,1.0–4.0,Index,High
5647,69,Male,0.04,1.4,163.0,199.0,0.4–4.0,mIU/L,Low,1.2–3.1,nmol/L,Normal,66–181,nmol/L,Normal,1.0–4.0,Index,High
5648,54,Female,0.85,1.3,102.0,113.0,0.4–4.0,mIU/L,Normal,1.2–3.1,nmol/L,Normal,66–181,nmol/L,Normal,1.0–4.0,Index,High
5649,47,Female,2.5,2.5,108.0,88.0,0.4–4.0,mIU/L,Normal,1.2–3.1,nmol/L,Normal,66–181,nmol/L,Normal,1.0–4.0,Index,High
5650,28,Male,3.7,2.4,107.0,112.0,0.4–4.0,mIU/L,Normal,1.2–3.1,nmol/L,Normal,66–181,nmol/L,Normal,1.0–4.0,Index,High
5651,59,Male,2.5,2.7,74.0,66.0,0.4–4.0,mIU/L,Normal,1.2–3.1,nmol/L,Normal,66–181,nmol/L,Normal,1.0–4.0,Index,High
5652,51,Male,1.0,2.6,89.0,100.0,0.4–4.0,mIU/L,Normal,1.2–3.1,nmol/L,Normal,66–181,nmol/L,Normal,1.0–4.0,Index,High
5653,51,Female,0.11,2.1,135.0,125.0,0.4–4.0,mIU/L,Low,1.2–3.1,nmol/L,Normal,66–181,nmol/L,Normal,1.0–4.0,Index,High
5654,64,Female,0.045,2.4,132.0,139.0,0.4–4.0,mIU/L,Low,1.2–3.1,nmol/L,Normal,66–181,nmol/L,Normal,1.0–4.0,Index,High
5655,16,Female,0.055,2.6,109.0,110.0,0.4–4.0,mIU/L,Low,1.2–3.1,nmol/L,Normal,66–181,nmol/L,Normal,1.0–4.0,Index,High
5656,66,Female,3.4,2.7,90.0,91.0,0.4–4.0,mIU/L,Normal,1.2–3.1,nmol/L,Normal,66–181,nmol/L,Normal,1.0–4.0,Index,High
5657,26,Female,460.0,0.5,22.0,16.0,0.4–4.0,mIU/L,High,1.2–3.1,nmol/L,Low,66–181,nmol/L,Low,1.0–4.0,Index,High
5658,13,Male,3.3,2.3,105.0,124.0,0.4–4.0,mIU/L,Normal,1.2–3.1,nmol/L,Normal,66–181,nmol/L,Normal,1.0–4.0,Index,High
5659,17,Female,15.0,1.8,132.0,148.0,0.4–4.0,mIU/L,High,1.2–3.1,nmol/L,Normal,66–181,nmol/L,Normal,1.0–4.0,Index,High
5660,72,,4.1,1.3,101.0,130.0,0.4–4.0,mIU/L,High,1.2–3.1,nmol/L,Normal,66–181,nmol/L,Normal,1.0–4.0,Index,High
5661,72,,1.4,2.3,65.0,75.0,0.4–4.0,mIU/L,Normal,1.2–3.1,nmol/L,Normal,66–181,nmol/L,Low,1.0–4.0,Index,High
5662,39,Female,0.11,2.4,135.0,147.0,0.4–4.0,mIU/L,Low,1.2–3.1,nmol/L,Normal,66–181,nmol/L,Normal,1.0–4.0,Index,High
5663,75,Female,1.7,2.0,111.0,103.0,0.4–4.0,mIU/L,Normal,1.2–3.1,nmol/L,Normal,66–181,nmol/L,Normal,1.0–4.0,Index,High
5664,72,Female,1.6,2.2,128.0,114.0,0.4–4.0,mIU/L,Normal,1.2–3.1,nmol/L,Normal,66–181,nmol/L,Normal,1.0–4.0,Index,High
5665,40,Male,2.6,2.4,105.0,106.0,0.4–4.0,mIU/L,Normal,1.2–3.1,nmol/L,Normal,66–181,nmol/L,Normal,1.0–4.0,Index,High
5666,79,Female,1.2,2.9,127.0,127.0,0.4–4.0,mIU/L,Normal,1.2–3.1,nmol/L,Normal,66–181,nmol/L,Normal,1.0–4.0,Index,High
5667,84,Female,4.0,1.7,64.0,67.0,0.4–4.0,mIU/L,Normal,1.2–3.1,nmol/L,Normal,66–181,nmol/L,Low,1.0–4.0,Index,High
5668,71,Male,2.0,2.5,107.0,105.0,0.4–4.0,mIU/L,Normal,1.2–3.1,nmol/L,Normal,66–181,nmol/L,Normal,1.0–4.0,Index,High
5669,70,Female,2.3,2.6,117.0,108.0,0.4–4.0,mIU/L,Normal,1.2–3.1,nmol/L,Normal,66–181,nmol/L,Normal,1.0–4.0,Index,High
5670,51,Female,0.035,4.3,167.0,164.0,0.4–4.0,mIU/L,Low,1.2–3.1,nmol/L,High,66–181,nmol/L,Normal,1.0–4.0,Index,High
5671,57,Female,31.0,4.1,230.0,115.0,0.4–4.0,mIU/L,High,1.2–3.1,nmol/L,High,66–181,nmol/L,High,1.0–4.0,Index,High
5672,66,Male,2.0,1.9,91.0,95.0,0.4–4.0,mIU/L,Normal,1.2–3.1,nmol/L,Normal,66–181,nmol/L,Normal,1.0–4.0,Index,High
5673,79,Male,0.28,1.5,138.0,139.0,0.4–4.0,mIU/L,Low,1.2–3.1,nmol/L,Normal,66–181,nmol/L,Normal,1.0–4.0,Index,High
5674,67,Female,2.7,1.9,138.0,145.0,0.4–4.0,mIU/L,Normal,1.2–3.1,nmol/L,Normal,66–181,nmol/L,Normal,1.0–4.0,Index,High
5675,76,Female,2.1,2.2,107.0,119.0,0.4–4.0,mIU/L,Normal,1.2–3.1,nmol/L,Normal,66–181,nmol/L,Normal,1.0–4.0,Index,High
5676,87,Female,10.0,0.2,43.0,68.0,0.4–4.0,mIU/L,High,1.2–3.1,nmol/L,Low,66–181,nmol/L,Low,1.0–4.0,Index,High
5677,86,Female,1.6,0.4,76.0,72.0,0.4–4.0,mIU/L,Normal,1.2–3.1,nmol/L,Low,66–181,nmol/L,Normal,1.0–4.0,Index,High
5678,32,Male,0.33,2.3,77.0,93.0,0.4–4.0,mIU/L,Low,1.2–3.1,nmol/L,Normal,66–181,nmol/L,Normal,1.0–4.0,Index,High
5679,79,Female,7.1,2.6,153.0,124.0,0.4–4.0,mIU/L,High,1.2–3.1,nmol/L,Normal,66–181,nmol/L,Normal,1.0–4.0,Index,High
5680,75,Male,1.4,1.6,86.0,97.0,0.4–4.0,mIU/L,Normal,1.2–3.1,nmol/L,Normal,66–181,nmol/L,Normal,1.0–4.0,Index,High
5681,41,,2.0,2.4,103.0,101.0,0.4–4.0,mIU/L,Normal,1.2–3.1,nmol/L,Normal,66–181,nmol/L,Normal,1.0–4.0,Index,High
5682,41,Female,5.6,1.4,130.0,112.0,0.4–4.0,mIU/L,High,1.2–3.1,nmol/L,Normal,66–181,nmol/L,Normal,1.0–4.0,Index,High
5683,63,Female,0.035,1.5,147.0,158.0,0.4–4.0,mIU/L,Low,1.2–3.1,nmol/L,Normal,66–181,nmol/L,Normal,1.0–4.0,Index,High
5684,61,Female,109.0,1.3,44.0,45.0,0.4–4.0,mIU/L,High,1.2–3.1,nmol/L,Normal,66–181,nmol/L,Low,1.0–4.0,Index,High
5685,67,Female,0.055,3.1,157.0,171.0,0.4–4.0,mIU/L,Low,1.2–3.1,nmol/L,Normal,66–181,nmol/L,Normal,1.0–4.0,Index,High
5686,29,Female,0.035,2.7,201.0,239.0,0.4–4.0,mIU/L,Low,1.2–3.1,nmol/L,Normal,66–181,nmol/L,High,1.0–4.0,Index,High
5687,56,Female,15.0,2.1,133.0,137.0,0.4–4.0,mIU/L,High,1.2–3.1,nmol/L,Normal,66–181,nmol/L,Normal,1.0–4.0,Index,High
5688,40,Male,0.15,1.6,173.0,192.0,0.4–4.0,mIU/L,Low,1.2–3.1,nmol/L,Normal,66–181,nmol/L,Normal,1.0–4.0,Index,High
5689,72,Female,1.9,1.8,148.0,118.0,0.4–4.0,mIU/L,Normal,1.2–3.1,nmol/L,Normal,66–181,nmol/L,Normal,1.0–4.0,Index,High
5690,72,Male,0.85,1.7,81.0,91.0,0.4–4.0,mIU/L,Normal,1.2–3.1,nmol/L,Normal,66–181,nmol/L,Normal,1.0–4.0,Index,High
5691,48,,0.06,1.4,129.0,143.0,0.4–4.0,mIU/L,Low,1.2–3.1,nmol/L,Normal,66–181,nmol/L,Normal,1.0–4.0,Index,High
5692,46,Male,2.0,0.9,102.0,109.0,0.4–4.0,mIU/L,Normal,1.2–3.1,nmol/L,Low,66–181,nmol/L,Normal,1.0–4.0,Index,High
5693,67,Female,0.85,2.0,140.0,103.0,0.4–4.0,mIU/L,Normal,1.2–3.1,nmol/L,Normal,66–181,nmol/L,Normal,1.0–4.0,Index,High
5694,59,,3.3,1.0,92.0,102.0,0.4–4.0,mIU/L,Normal,1.2–3.1,nmol/L,Low,66–181,nmol/L,Normal,1.0–4.0,Index,High
5695,74,Male,2.7,1.7,115.0,104.0,0.4–4.0,mIU/L,Normal,1.2–3.1,nmol/L,Normal,66–181,nmol/L,Normal,1.0–4.0,Index,High
5696,24,Female,11.0,1.9,92.0,110.0,0.4–4.0,mIU/L,High,1.2–3.1,nmol/L,Normal,66–181,nmol/L,Normal,1.0–4.0,Index,High
5697,66,Female,0.04,4.9,249.0,290.0,0.4–4.0,mIU/L,Low,1.2–3.1,nmol/L,High,66–181,nmol/L,High,1.0–4.0,Index,High
5698,39,Male,0.04,1.0,61.0,79.0,0.4–4.0,mIU/L,Low,1.2–3.1,nmol/L,Low,66–181,nmol/L,Low,1.0–4.0,Index,High
5699,48,Male,1.9,1.0,60.0,81.0,0.4–4.0,mIU/L,Normal,1.2–3.1,nmol/L,Low,66–181,nmol/L,Low,1.0–4.0,Index,High
5700,37,Male,0.94,1.9,99.0,115.0,0.4–4.0,mIU/L,Normal,1.2–3.1,nmol/L,Normal,66–181,nmol/L,Normal,1.0–4.0,Index,High
5701,37,Female,0.03,1.8,161.0,199.0,0.4–4.0,mIU/L,Low,1.2–3.1,nmol/L,Normal,66–181,nmol/L,Normal,1.0–4.0,Index,High
5702,76,Female,1.8,1.6,123.0,128.0,0.4–4.0,mIU/L,Normal,1.2–3.1,nmol/L,Normal,66–181,nmol/L,Normal,1.0–4.0,Index,High
5703,31,Male,1.8,2.4,107.0,129.0,0.4–4.0,mIU/L,Normal,1.2–3.1,nmol/L,Normal,66–181,nmol/L,Normal,1.0–4.0,Index,High
5704,71,Female,2.3,2.5,160.0,136.0,0.4–4.0,mIU/L,Normal,1.2–3.1,nmol/L,Normal,66–181,nmol/L,Normal,1.0–4.0,Index,High
5705,46,Male,3.2,1.1,123.0,131.0,0.4–4.0,mIU/L,Normal,1.2–3.1,nmol/L,Low,66–181,nmol/L,Normal,1.0–4.0,Index,High
5706,81,Female,0.28,1.3,91.0,89.0,0.4–4.0,mIU/L,Low,1.2–3.1,nmol/L,Normal,66–181,nmol/L,Normal,1.0–4.0,Index,High
5707,66,Female,2.0,1.8,115.0,119.0,0.4–4.0,mIU/L,Normal,1.2–3.1,nmol/L,Normal,66–181,nmol/L,Normal,1.0–4.0,Index,High
5708,70,Female,0.03,2.1,204.0,219.0,0.4–4.0,mIU/L,Low,1.2–3.1,nmol/L,Normal,66–181,nmol/L,High,1.0–4.0,Index,High
5709,46,Male,2.2,1.3,114.0,136.0,0.4–4.0,mIU/L,Normal,1.2–3.1,nmol/L,Normal,66–181,nmol/L,Normal,1.0–4.0,Index,High
5710,71,Female,11.0,1.3,81.0,89.0,0.4–4.0,mIU/L,High,1.2–3.1,nmol/L,Normal,66–181,nmol/L,Normal,1.0–4.0,Index,High
5711,43,Male,0.005,3.0,130.0,155.0,0.4–4.0,mIU/L,Low,1.2–3.1,nmol/L,Normal,66–181,nmol/L,Normal,1.0–4.0,Index,High
5712,30,,15.0,5.6,278.0,356.0,0.4–4.0,mIU/L,High,1.2–3.1,nmol/L,High,66–181,nmol/L,High,1.0–4.0,Index,High
5713,25,Female,1.0,3.2,117.0,105.0,0.4–4.0,mIU/L,Normal,1.2–3.1,nmol/L,High,66–181,nmol/L,Normal,1.0–4.0,Index,High
5714,33,Female,0.8,2.3,114.0,110.0,0.4–4.0,mIU/L,Normal,1.2–3.1,nmol/L,Normal,66–181,nmol/L,Normal,1.0–4.0,Index,High
5715,58,,1.3,2.7,116.0,103.0,0.4–4.0,mIU/L,Normal,1.2–3.1,nmol/L,Normal,66–181,nmol/L,Normal,1.0–4.0,Index,High
5716,70,Male,7.8,1.9,52.0,68.0,0.4–4.0,mIU/L,High,1.2–3.1,nmol/L,Normal,66–181,nmol/L,Low,1.0–4.0,Index,High
5717,69,Female,0.34,0.9,150.0,167.0,0.4–4.0,mIU/L,Low,1.2–3.1,nmol/L,Low,66–181,nmol/L,Normal,1.0–4.0,Index,High
5718,83,Female,2.2,1.5,115.0,137.0,0.4–4.0,mIU/L,Normal,1.2–3.1,nmol/L,Normal,66–181,nmol/L,Normal,1.0–4.0,Index,High
5719,49,Female,0.27,1.8,98.0,91.0,0.4–4.0,mIU/L,Low,1.2–3.1,nmol/L,Normal,66–181,nmol/L,Normal,1.0–4.0,Index,High
5720,49,Female,2.5,2.5,100.0,97.0,0.4–4.0,mIU/L,Normal,1.2–3.1,nmol/L,Normal,66–181,nmol/L,Normal,1.0–4.0,Index,High
5721,54,Female,40.0,1.9,48.0,61.0,0.4–4.0,mIU/L,High,1.2–3.1,nmol/L,Normal,66–181,nmol/L,Low,1.0–4.0,Index,High
5722,63,Male,2.6,2.5,109.0,102.0,0.4–4.0,mIU/L,Normal,1.2–3.1,nmol/L,Normal,66–181,nmol/L,Normal,1.0–4.0,Index,High
5723,28,,1.8,1.7,120.0,132.0,0.4–4.0,mIU/L,Normal,1.2–3.1,nmol/L,Normal,66–181,nmol/L,Normal,1.0–4.0,Index,High
5724,76,Male,0.83,2.1,134.0,125.0,0.4–4.0,mIU/L,Normal,1.2–3.1,nmol/L,Normal,66–181,nmol/L,Normal,1.0–4.0,Index,High
5725,75,Female,1.7,1.6,112.0,98.0,0.4–4.0,mIU/L,Normal,1.2–3.1,nmol/L,Normal,66–181,nmol/L,Normal,1.0–4.0,Index,High
5726,75,,3.2,1.6,80.0,88.0,0.4–4.0,mIU/L,Normal,1.2–3.1,nmol/L,Normal,66–181,nmol/L,Normal,1.0–4.0,Index,High
5727,49,Female,3.5,1.2,144.0,164.0,0.4–4.0,mIU/L,Normal,1.2–3.1,nmol/L,Normal,66–181,nmol/L,Normal,1.0–4.0,Index,High
5728,65,Female,0.035,2.4,152.0,217.0,0.4–4.0,mIU/L,Low,1.2–3.1,nmol/L,Normal,66–181,nmol/L,Normal,1.0–4.0,Index,High
5729,67,Female,1.0,2.2,204.0,140.0,0.4–4.0,mIU/L,Normal,1.2–3.1,nmol/L,Normal,66–181,nmol/L,High,1.0–4.0,Index,High
5730,82,Female,4.7,1.4,98.0,108.0,0.4–4.0,mIU/L,High,1.2–3.1,nmol/L,Normal,66–181,nmol/L,Normal,1.0–4.0,Index,High
5731,68,Female,0.8,1.8,69.0,82.0,0.4–4.0,mIU/L,Normal,1.2–3.1,nmol/L,Normal,66–181,nmol/L,Normal,1.0–4.0,Index,High
5732,47,Male,0.5,1.3,92.0,118.0,0.4–4.0,mIU/L,Normal,1.2–3.1,nmol/L,Normal,66–181,nmol/L,Normal,1.0–4.0,Index,High
5733,82,Female,1.6,0.83,104.0,135.0,0.4–4.0,mIU/L,Normal,1.2–3.1,nmol/L,Low,66–181,nmol/L,Normal,1.0–4.0,Index,High
5734,67,,2.1,2.3,138.0,111.0,0.4–4.0,mIU/L,Normal,1.2–3.1,nmol/L,Normal,66–181,nmol/L,Normal,1.0–4.0,Index,High
5735,48,,1.9,0.69,115.0,144.0,0.4–4.0,mIU/L,Normal,1.2–3.1,nmol/L,Low,66–181,nmol/L,Normal,1.0–4.0,Index,High
5736,56,Female,0.02,1.9,98.0,151.0,0.4–4.0,mIU/L,Low,1.2–3.1,nmol/L,Normal,66–181,nmol/L,Normal,1.0–4.0,Index,High
5737,62,Female,0.4,2.5,129.0,124.0,0.4–4.0,mIU/L,Normal,1.2–3.1,nmol/L,Normal,66–181,nmol/L,Normal,1.0–4.0,Index,High
5738,44,Female,1.8,2.1,163.0,136.0,0.4–4.0,mIU/L,Normal,1.2–3.1,nmol/L,Normal,66–181,nmol/L,Normal,1.0–4.0,Index,High
5739,54,Male,3.2,2.2,107.0,107.0,0.4–4.0,mIU/L,Normal,1.2–3.1,nmol/L,Normal,66–181,nmol/L,Normal,1.0–4.0,Index,High
5740,62,Female,1.0,1.3,79.0,104.0,0.4–4.0,mIU/L,Normal,1.2–3.1,nmol/L,Normal,66–181,nmol/L,Normal,1.0–4.0,Index,High
5741,60,Male,3.4,1.2,106.0,96.0,0.4–4.0,mIU/L,Normal,1.2–3.1,nmol/L,Normal,66–181,nmol/L,Normal,1.0–4.0,Index,High
5742,38,Female,0.02,2.1,144.0,136.0,0.4–4.0,mIU/L,Low,1.2–3.1,nmol/L,Normal,66–181,nmol/L,Normal,1.0–4.0,Index,High
5743,18,Female,1.3,3.3,163.0,107.0,0.4–4.0,mIU/L,Normal,1.2–3.1,nmol/L,High,66–181,nmol/L,Normal,1.0–4.0,Index,High
5744,63,Female,0.02,1.6,183.0,178.0,0.4–4.0,mIU/L,Low,1.2–3.1,nmol/L,Normal,66–181,nmol/L,High,1.0–4.0,Index,High
5745,52,Male,2.2,1.9,88.0,85.0,0.4–4.0,mIU/L,Normal,1.2–3.1,nmol/L,Normal,66–181,nmol/L,Normal,1.0–4.0,Index,High
5746,50,Female,0.5,0.8,123.0,105.0,0.4–4.0,mIU/L,Normal,1.2–3.1,nmol/L,Low,66–181,nmol/L,Normal,1.0–4.0,Index,High
5747,34,Female,2.5,2.3,113.0,107.0,0.4–4.0,mIU/L,Normal,1.2–3.1,nmol/L,Normal,66–181,nmol/L,Normal,1.0–4.0,Index,High
5748,17,Male,1.0,1.5,103.0,117.0,0.4–4.0,mIU/L,Normal,1.2–3.1,nmol/L,Normal,66–181,nmol/L,Normal,1.0–4.0,Index,High
5749,59,Female,1.7,2.1,142.0,111.0,0.4–4.0,mIU/L,Normal,1.2–3.1,nmol/L,Normal,66–181,nmol/L,Normal,1.0–4.0,Index,High
5750,39,Female,2.1,1.1,84.0,86.0,0.4–4.0,mIU/L,Normal,1.2–3.1,nmol/L,Low,66–181,nmol/L,Normal,1.0–4.0,Index,High
5751,27,Female,0.01,3.2,163.0,148.0,0.4–4.0,mIU/L,Low,1.2–3.1,nmol/L,High,66–181,nmol/L,Normal,1.0–4.0,Index,High
5752,27,Female,0.52,2.3,102.0,109.0,0.4–4.0,mIU/L,Normal,1.2–3.1,nmol/L,Normal,66–181,nmol/L,Normal,1.0–4.0,Index,High
5753,27,Female,1.3,1.8,160.0,143.0,0.4–4.0,mIU/L,Normal,1.2–3.1,nmol/L,Normal,66–181,nmol/L,Normal,1.0–4.0,Index,High
5754,48,Male,0.04,1.5,81.0,80.0,0.4–4.0,mIU/L,Low,1.2–3.1,nmol/L,Normal,66–181,nmol/L,Normal,1.0–4.0,Index,High
5755,75,Female,11.0,1.0,99.0,108.0,0.4–4.0,mIU/L,High,1.2–3.1,nmol/L,Low,66–181,nmol/L,Normal,1.0–4.0,Index,High
5756,71,Male,2.4,2.5,93.0,87.0,0.4–4.0,mIU/L,Normal,1.2–3.1,nmol/L,Normal,66–181,nmol/L,Normal,1.0–4.0,Index,High
5757,75,Female,1.1,1.7,103.0,134.0,0.4–4.0,mIU/L,Normal,1.2–3.1,nmol/L,Normal,66–181,nmol/L,Normal,1.0–4.0,Index,High
5758,83,Male,3.5,1.8,131.0,107.0,0.4–4.0,mIU/L,Normal,1.2–3.1,nmol/L,Normal,66–181,nmol/L,Normal,1.0–4.0,Index,High
5759,69,Female,1.3,2.5,147.0,165.0,0.4–4.0,mIU/L,Normal,1.2–3.1,nmol/L,Normal,66–181,nmol/L,Normal,1.0–4.0,Index,High
5760,75,Male,1.5,0.5,53.0,42.0,0.4–4.0,mIU/L,Normal,1.2–3.1,nmol/L,Low,66–181,nmol/L,Low,1.0–4.0,Index,High
5761,71,Female,1.5,2.0,141.0,137.0,0.4–4.0,mIU/L,Normal,1.2–3.1,nmol/L,Normal,66–181,nmol/L,Normal,1.0–4.0,Index,High
5762,71,Female,0.86,1.5,150.0,161.0,0.4–4.0,mIU/L,Normal,1.2–3.1,nmol/L,Normal,66–181,nmol/L,Normal,1.0–4.0,Index,High
5763,86,Female,6.7,1.6,121.0,138.0,0.4–4.0,mIU/L,High,1.2–3.1,nmol/L,Normal,66–181,nmol/L,Normal,1.0–4.0,Index,High
5764,86,Female,1.5,2.1,64.0,91.0,0.4–4.0,mIU/L,Normal,1.2–3.1,nmol/L,Normal,66–181,nmol/L,Low,1.0–4.0,Index,High
5765,24,Male,2.7,2.4,139.0,142.0,0.4–4.0,mIU/L,Normal,1.2–3.1,nmol/L,Normal,66–181,nmol/L,Normal,1.0–4.0,Index,High
5766,48,Female,2.9,2.8,122.0,103.0,0.4–4.0,mIU/L,Normal,1.2–3.1,nmol/L,Normal,66–181,nmol/L,Normal,1.0–4.0,Index,High
5767,77,Female,1.1,2.1,84.0,93.0,0.4–4.0,mIU/L,Normal,1.2–3.1,nmol/L,Normal,66–181,nmol/L,Normal,1.0–4.0,Index,High
5768,77,Male,2.5,0.4,99.0,124.0,0.4–4.0,mIU/L,Normal,1.2–3.1,nmol/L,Low,66–181,nmol/L,Normal,1.0–4.0,Index,High
5769,50,Female,1.8,2.4,116.0,120.0,0.4–4.0,mIU/L,Normal,1.2–3.1,nmol/L,Normal,66–181,nmol/L,Normal,1.0–4.0,Index,High
5770,64,Female,1.8,2.1,97.0,93.0,0.4–4.0,mIU/L,Normal,1.2–3.1,nmol/L,Normal,66–181,nmol/L,Normal,1.0–4.0,Index,High
5771,70,Female,4.0,1.8,109.0,133.0,0.4–4.0,mIU/L,Normal,1.2–3.1,nmol/L,Normal,66–181,nmol/L,Normal,1.0–4.0,Index,High
5772,67,Female,0.035,2.4,137.0,161.0,0.4–4.0,mIU/L,Low,1.2–3.1,nmol/L,Normal,66–181,nmol/L,Normal,1.0–4.0,Index,High
5773,24,Male,0.92,2.5,99.0,102.0,0.4–4.0,mIU/L,Normal,1.2–3.1,nmol/L,Normal,66–181,nmol/L,Normal,1.0–4.0,Index,High
5774,42,Female,2.2,1.7,105.0,115.0,0.4–4.0,mIU/L,Normal,1.2–3.1,nmol/L,Normal,66–181,nmol/L,Normal,1.0–4.0,Index,High
5775,69,Female,0.95,2.2,134.0,149.0,0.4–4.0,mIU/L,Normal,1.2–3.1,nmol/L,Normal,66–181,nmol/L,Normal,1.0–4.0,Index,High
5776,19,Female,2.5,2.7,137.0,120.0,0.4–4.0,mIU/L,Normal,1.2–3.1,nmol/L,Normal,66–181,nmol/L,Normal,1.0–4.0,Index,High
5777,64,Female,0.09,2.3,114.0,123.0,0.4–4.0,mIU/L,Low,1.2–3.1,nmol/L,Normal,66–181,nmol/L,Normal,1.0–4.0,Index,High
5778,49,Female,6.0,2.6,128.0,102.0,0.4–4.0,mIU/L,High,1.2–3.1,nmol/L,Normal,66–181,nmol/L,Normal,1.0–4.0,Index,High
5779,65,Female,1.0,1.4,129.0,129.0,0.4–4.0,mIU/L,Normal,1.2–3.1,nmol/L,Normal,66–181,nmol/L,Normal,1.0–4.0,Index,High
5780,64,Female,38.0,1.2,60.0,58.0,0.4–4.0,mIU/L,High,1.2–3.1,nmol/L,Normal,66–181,nmol/L,Low,1.0–4.0,Index,High
5781,84,Female,2.8,0.2,94.0,116.0,0.4–4.0,mIU/L,Normal,1.2–3.1,nmol/L,Low,66–181,nmol/L,Normal,1.0–4.0,Index,High
5782,21,Female,9.5,2.1,140.0,94.0,0.4–4.0,mIU/L,High,1.2–3.1,nmol/L,Normal,66–181,nmol/L,Normal,1.0–4.0,Index,High
5783,21,,1.4,1.6,63.0,74.0,0.4–4.0,mIU/L,Normal,1.2–3.1,nmol/L,Normal,66–181,nmol/L,Low,1.0–4.0,Index,High
5784,60,Female,0.09,1.9,142.0,145.0,0.4–4.0,mIU/L,Low,1.2–3.1,nmol/L,Normal,66–181,nmol/L,Normal,1.0–4.0,Index,High
5785,50,Male,3.5,2.1,177.0,177.0,0.4–4.0,mIU/L,Normal,1.2–3.1,nmol/L,Normal,66–181,nmol/L,Normal,1.0–4.0,Index,High
5786,48,Male,4.3,1.8,72.0,80.0,0.4–4.0,mIU/L,High,1.2–3.1,nmol/L,Normal,66–181,nmol/L,Normal,1.0–4.0,Index,High
5787,47,Female,1.4,1.4,96.0,110.0,0.4–4.0,mIU/L,Normal,1.2–3.1,nmol/L,Normal,66–181,nmol/L,Normal,1.0–4.0,Index,High
5788,58,Female,1.0,1.8,112.0,156.0,0.4–4.0,mIU/L,Normal,1.2–3.1,nmol/L,Normal,66–181,nmol/L,Normal,1.0–4.0,Index,High
5789,60,Female,3.1,1.8,95.0,104.0,0.4–4.0,mIU/L,Normal,1.2–3.1,nmol/L,Normal,66–181,nmol/L,Normal,1.0–4.0,Index,High
5790,51,Female,0.31,3.6,175.0,177.0,0.4–4.0,mIU/L,Low,1.2–3.1,nmol/L,High,66–181,nmol/L,Normal,1.0–4.0,Index,High
5791,64,Female,0.49,1.6,97.0,123.0,0.4–4.0,mIU/L,Normal,1.2–3.1,nmol/L,Normal,66–181,nmol/L,Normal,1.0–4.0,Index,High
5792,67,Male,1.2,1.2,123.0,137.0,0.4–4.0,mIU/L,Normal,1.2–3.1,nmol/L,Normal,66–181,nmol/L,Normal,1.0–4.0,Index,High
5793,56,Female,0.025,1.5,114.0,163.0,0.4–4.0,mIU/L,Low,1.2–3.1,nmol/L,Normal,66–181,nmol/L,Normal,1.0–4.0,Index,High
5794,70,Male,1.8,1.5,59.0,75.0,0.4–4.0,mIU/L,Normal,1.2–3.1,nmol/L,Normal,66–181,nmol/L,Low,1.0–4.0,Index,High
5795,53,Male,0.025,2.5,134.0,152.0,0.4–4.0,mIU/L,Low,1.2–3.1,nmol/L,Normal,66–181,nmol/L,Normal,1.0–4.0,Index,High
5796,68,Female,2.3,1.4,85.0,98.0,0.4–4.0,mIU/L,Normal,1.2–3.1,nmol/L,Normal,66–181,nmol/L,Normal,1.0–4.0,Index,High
5797,21,Male,0.025,2.3,119.0,151.0,0.4–4.0,mIU/L,Low,1.2–3.1,nmol/L,Normal,66–181,nmol/L,Normal,1.0–4.0,Index,High
5798,57,Male,2.0,2.0,152.0,160.0,0.4–4.0,mIU/L,Normal,1.2–3.1,nmol/L,Normal,66–181,nmol/L,Normal,1.0–4.0,Index,High
5799,76,Female,0.48,0.8,62.0,82.0,0.4–4.0,mIU/L,Normal,1.2–3.1,nmol/L,Low,66–181,nmol/L,Low,1.0–4.0,Index,High
5800,33,Female,0.015,2.4,139.0,145.0,0.4–4.0,mIU/L,Low,1.2–3.1,nmol/L,Normal,66–181,nmol/L,Normal,1.0–4.0,Index,High
5801,40,Female,0.05,1.5,135.0,127.0,0.4–4.0,mIU/L,Low,1.2–3.1,nmol/L,Normal,66–181,nmol/L,Normal,1.0–4.0,Index,High
5802,53,Male,0.03,2.2,132.0,150.0,0.4–4.0,mIU/L,Low,1.2–3.1,nmol/L,Normal,66–181,nmol/L,Normal,1.0–4.0,Index,High
5803,30,Female,31.0,1.3,66.0,75.0,0.4–4.0,mIU/L,High,1.2–3.1,nmol/L,Normal,66–181,nmol/L,Normal,1.0–4.0,Index,High
5804,67,Female,3.1,1.5,108.0,115.0,0.4–4.0,mIU/L,Normal,1.2–3.1,nmol/L,Normal,66–181,nmol/L,Normal,1.0–4.0,Index,High
5805,56,Female,1.7,0.6,121.0,102.0,0.4–4.0,mIU/L,Normal,1.2–3.1,nmol/L,Low,66–181,nmol/L,Normal,1.0–4.0,Index,High
5806,70,Male,3.6,2.2,94.0,116.0,0.4–4.0,mIU/L,Normal,1.2–3.1,nmol/L,Normal,66–181,nmol/L,Normal,1.0–4.0,Index,High
5807,57,Female,2.3,0.1,56.0,72.0,0.4–4.0,mIU/L,Normal,1.2–3.1,nmol/L,Low,66–181,nmol/L,Low,1.0–4.0,Index,High
5808,24,Female,0.03,2.3,42.0,46.0,0.4–4.0,mIU/L,Low,1.2–3.1,nmol/L,Normal,66–181,nmol/L,Low,1.0–4.0,Index,High
5809,60,Male,0.015,2.3,116.0,123.0,0.4–4.0,mIU/L,Low,1.2–3.1,nmol/L,Normal,66–181,nmol/L,Normal,1.0–4.0,Index,High
5810,51,Female,0.06,1.0,146.0,149.0,0.4–4.0,mIU/L,Low,1.2–3.1,nmol/L,Low,66–181,nmol/L,Normal,1.0–4.0,Index,High
5811,75,Female,1.5,1.2,91.0,94.0,0.4–4.0,mIU/L,Normal,1.2–3.1,nmol/L,Normal,66–181,nmol/L,Normal,1.0–4.0,Index,High
5812,62,Female,0.64,1.4,130.0,143.0,0.4–4.0,mIU/L,Normal,1.2–3.1,nmol/L,Normal,66–181,nmol/L,Normal,1.0–4.0,Index,High
5813,51,Female,1.6,1.9,96.0,96.0,0.4–4.0,mIU/L,Normal,1.2–3.1,nmol/L,Normal,66–181,nmol/L,Normal,1.0–4.0,Index,High
5814,44,Male,0.49,1.8,109.0,133.0,0.4–4.0,mIU/L,Normal,1.2–3.1,nmol/L,Normal,66–181,nmol/L,Normal,1.0–4.0,Index,High
5815,18,Male,1.6,2.1,63.0,81.0,0.4–4.0,mIU/L,Normal,1.2–3.1,nmol/L,Normal,66–181,nmol/L,Low,1.0–4.0,Index,High
5816,91,Female,3.1,1.2,84.0,92.0,0.4–4.0,mIU/L,Normal,1.2–3.1,nmol/L,Normal,66–181,nmol/L,Normal,1.0–4.0,Index,High
5817,45,Female,1.3,1.3,73.0,70.0,0.4–4.0,mIU/L,Normal,1.2–3.1,nmol/L,Normal,66–181,nmol/L,Normal,1.0–4.0,Index,High
5818,39,Male,1.1,1.8,77.0,124.0,0.4–4.0,mIU/L,Normal,1.2–3.1,nmol/L,Normal,66–181,nmol/L,Normal,1.0–4.0,Index,High
5819,62,Female,0.18,0.2,94.0,119.0,0.4–4.0,mIU/L,Low,1.2–3.1,nmol/L,Low,66–181,nmol/L,Normal,1.0–4.0,Index,High
5820,54,Female,0.06,1.4,108.0,111.0,0.4–4.0,mIU/L,Low,1.2–3.1,nmol/L,Normal,66–181,nmol/L,Normal,1.0–4.0,Index,High
5821,62,Female,1.1,1.4,103.0,115.0,0.4–4.0,mIU/L,Normal,1.2–3.1,nmol/L,Normal,66–181,nmol/L,Normal,1.0–4.0,Index,High
5822,63,Male,0.005,1.3,96.0,104.0,0.4–4.0,mIU/L,Low,1.2–3.1,nmol/L,Normal,66–181,nmol/L,Normal,1.0–4.0,Index,High
5823,60,Female,0.005,1.7,158.0,152.0,0.4–4.0,mIU/L,Low,1.2–3.1,nmol/L,Normal,66–181,nmol/L,Normal,1.0–4.0,Index,High
5824,58,Female,3.2,1.5,73.0,89.0,0.4–4.0,mIU/L,Normal,1.2–3.1,nmol/L,Normal,66–181,nmol/L,Normal,1.0–4.0,Index,High
5825,70,Male,2.9,1.1,94.0,152.0,0.4–4.0,mIU/L,Normal,1.2–3.1,nmol/L,Low,66–181,nmol/L,Normal,1.0–4.0,Index,High
5826,33,Female,1.1,1.6,104.0,132.0,0.4–4.0,mIU/L,Normal,1.2–3.1,nmol/L,Normal,66–181,nmol/L,Normal,1.0–4.0,Index,High
5827,71,Female,3.0,1.2,92.0,133.0,0.4–4.0,mIU/L,Normal,1.2–3.1,nmol/L,Normal,66–181,nmol/L,Normal,1.0–4.0,Index,High
5828,47,Female,0.75,1.0,141.0,148.0,0.4–4.0,mIU/L,Normal,1.2–3.1,nmol/L,Low,66–181,nmol/L,Normal,1.0–4.0,Index,High
5829,76,Male,0.64,1.4,101.0,120.0,0.4–4.0,mIU/L,Normal,1.2–3.1,nmol/L,Normal,66–181,nmol/L,Normal,1.0–4.0,Index,High
5830,72,Female,0.04,3.2,239.0,288.0,0.4–4.0,mIU/L,Low,1.2–3.1,nmol/L,High,66–181,nmol/L,High,1.0–4.0,Index,High
5831,72,,2.6,5.0,160.0,184.0,0.4–4.0,mIU/L,Normal,1.2–3.1,nmol/L,High,66–181,nmol/L,Normal,1.0–4.0,Index,High
5832,70,Female,1.0,1.9,100.0,109.0,0.4–4.0,mIU/L,Normal,1.2–3.1,nmol/L,Normal,66–181,nmol/L,Normal,1.0–4.0,Index,High
5833,81,Female,0.02,2.2,153.0,140.0,0.4–4.0,mIU/L,Low,1.2–3.1,nmol/L,Normal,66–181,nmol/L,Normal,1.0–4.0,Index,High
5834,64,Female,1.5,1.5,89.0,92.0,0.4–4.0,mIU/L,Normal,1.2–3.1,nmol/L,Normal,66–181,nmol/L,Normal,1.0–4.0,Index,High
5835,64,,0.56,1.8,90.0,114.0,0.4–4.0,mIU/L,Normal,1.2–3.1,nmol/L,Normal,66–181,nmol/L,Normal,1.0–4.0,Index,High
5836,70,Female,0.57,2.1,101.0,129.0,0.4–4.0,mIU/L,Normal,1.2–3.1,nmol/L,Normal,66–181,nmol/L,Normal,1.0–4.0,Index,High
5837,31,Female,20.0,2.5,58.0,54.0,0.4–4.0,mIU/L,High,1.2–3.1,nmol/L,Normal,66–181,nmol/L,Low,1.0–4.0,Index,High
5838,21,Female,1.1,2.3,60.0,61.0,0.4–4.0,mIU/L,Normal,1.2–3.1,nmol/L,Normal,66–181,nmol/L,Low,1.0–4.0,Index,High
5839,85,Female,0.65,2.1,160.0,163.0,0.4–4.0,mIU/L,Normal,1.2–3.1,nmol/L,Normal,66–181,nmol/L,Normal,1.0–4.0,Index,High
5840,80,Female,18.0,2.0,76.0,70.0,0.4–4.0,mIU/L,High,1.2–3.1,nmol/L,Normal,66–181,nmol/L,Normal,1.0–4.0,Index,High
5841,72,Male,0.41,1.9,108.0,150.0,0.4–4.0,mIU/L,Normal,1.2–3.1,nmol/L,Normal,66–181,nmol/L,Normal,1.0–4.0,Index,High
5842,77,Female,26.0,3.0,61.0,69.0,0.4–4.0,mIU/L,High,1.2–3.1,nmol/L,Normal,66–181,nmol/L,Low,1.0–4.0,Index,High
5843,37,Female,0.02,2.0,126.0,148.0,0.4–4.0,mIU/L,Low,1.2–3.1,nmol/L,Normal,66–181,nmol/L,Normal,1.0–4.0,Index,High
5844,67,Female,1.1,1.5,87.0,98.0,0.4–4.0,mIU/L,Normal,1.2–3.1,nmol/L,Normal,66–181,nmol/L,Normal,1.0–4.0,Index,High
5845,44,Female,1.4,2.9,100.0,103.0,0.4–4.0,mIU/L,Normal,1.2–3.1,nmol/L,Normal,66–181,nmol/L,Normal,1.0–4.0,Index,High
5846,40,Male,0.64,2.0,57.0,84.0,0.4–4.0,mIU/L,Normal,1.2–3.1,nmol/L,Normal,66–181,nmol/L,Low,1.0–4.0,Index,High
5847,54,Female,22.0,1.5,52.0,62.0,0.4–4.0,mIU/L,High,1.2–3.1,nmol/L,Normal,66–181,nmol/L,Low,1.0–4.0,Index,High
5848,42,Female,2.3,2.3,93.0,73.0,0.4–4.0,mIU/L,Normal,1.2–3.1,nmol/L,Normal,66–181,nmol/L,Normal,1.0–4.0,Index,High
5849,74,Female,1.1,1.9,106.0,91.0,0.4–4.0,mIU/L,Normal,1.2–3.1,nmol/L,Normal,66–181,nmol/L,Normal,1.0–4.0,Index,High
5850,51,Female,4.0,1.7,70.0,78.0,0.4–4.0,mIU/L,Normal,1.2–3.1,nmol/L,Normal,66–181,nmol/L,Normal,1.0–4.0,Index,High
5851,29,Male,0.02,5.7,172.0,200.0,0.4–4.0,mIU/L,Low,1.2–3.1,nmol/L,High,66–181,nmol/L,Normal,1.0–4.0,Index,High
5852,79,Female,1.3,1.7,102.0,113.0,0.4–4.0,mIU/L,Normal,1.2–3.1,nmol/L,Normal,66–181,nmol/L,Normal,1.0–4.0,Index,High
5853,54,Female,1.8,2.3,77.0,86.0,0.4–4.0,mIU/L,Normal,1.2–3.1,nmol/L,Normal,66–181,nmol/L,Normal,1.0–4.0,Index,High
5854,61,Female,1.0,1.6,130.0,130.0,0.4–4.0,mIU/L,Normal,1.2–3.1,nmol/L,Normal,66–181,nmol/L,Normal,1.0–4.0,Index,High
5855,40,Female,4.2,1.7,93.0,102.0,0.4–4.0,mIU/L,High,1.2–3.1,nmol/L,Normal,66–181,nmol/L,Normal,1.0–4.0,Index,High
5856,76,Female,1.4,2.1,80.0,71.0,0.4–4.0,mIU/L,Normal,1.2–3.1,nmol/L,Normal,66–181,nmol/L,Normal,1.0–4.0,Index,High
5857,53,Male,0.72,1.6,65.0,100.0,0.4–4.0,mIU/L,Normal,1.2–3.1,nmol/L,Normal,66–181,nmol/L,Low,1.0–4.0,Index,High
5858,28,Male,0.02,5.9,183.0,223.0,0.4–4.0,mIU/L,Low,1.2–3.1,nmol/L,High,66–181,nmol/L,High,1.0–4.0,Index,High
5859,43,Male,0.02,2.9,130.0,163.0,0.4–4.0,mIU/L,Low,1.2–3.1,nmol/L,Normal,66–181,nmol/L,Normal,1.0–4.0,Index,High
5860,20,Male,0.4,2.3,132.0,159.0,0.4–4.0,mIU/L,Normal,1.2–3.1,nmol/L,Normal,66–181,nmol/L,Normal,1.0–4.0,Index,High
5861,66,Female,0.02,1.7,150.0,172.0,0.4–4.0,mIU/L,Low,1.2–3.1,nmol/L,Normal,66–181,nmol/L,Normal,1.0–4.0,Index,High
5862,78,Female,1.6,0.9,102.0,144.0,0.4–4.0,mIU/L,Normal,1.2–3.1,nmol/L,Low,66–181,nmol/L,Normal,1.0–4.0,Index,High
5863,30,Male,1.5,1.7,106.0,115.0,0.4–4.0,mIU/L,Normal,1.2–3.1,nmol/L,Normal,66–181,nmol/L,Normal,1.0–4.0,Index,High
5864,47,Male,2.8,1.5,91.0,99.0,0.4–4.0,mIU/L,Normal,1.2–3.1,nmol/L,Normal,66–181,nmol/L,Normal,1.0–4.0,Index,High
5865,30,Female,2.6,2.2,140.0,105.0,0.4–4.0,mIU/L,Normal,1.2–3.1,nmol/L,Normal,66–181,nmol/L,Normal,1.0–4.0,Index,High
5866,14,Male,0.02,2.5,119.0,163.0,0.4–4.0,mIU/L,Low,1.2–3.1,nmol/L,Normal,66–181,nmol/L,Normal,1.0–4.0,Index,High
5867,17,Female,0.98,1.6,138.0,164.0,0.4–4.0,mIU/L,Normal,1.2–3.1,nmol/L,Normal,66–181,nmol/L,Normal,1.0–4.0,Index,High
5868,79,Female,2.9,0.8,74.0,103.0,0.4–4.0,mIU/L,Normal,1.2–3.1,nmol/L,Low,66–181,nmol/L,Normal,1.0–4.0,Index,High
5869,57,Female,16.799999,1.7,34.0,35.0,0.4–4.0,mIU/L,High,1.2–3.1,nmol/L,Normal,66–181,nmol/L,Low,1.0–4.0,Index,High
5870,65,Female,0.15,2.4,137.0,138.0,0.4–4.0,mIU/L,Low,1.2–3.1,nmol/L,Normal,66–181,nmol/L,Normal,1.0–4.0,Index,High
5871,66,Male,5.9,1.5,108.0,121.0,0.4–4.0,mIU/L,High,1.2–3.1,nmol/L,Normal,66–181,nmol/L,Normal,1.0–4.0,Index,High
5872,78,Female,1.0,1.0,102.0,148.0,0.4–4.0,mIU/L,Normal,1.2–3.1,nmol/L,Low,66–181,nmol/L,Normal,1.0–4.0,Index,High
5873,56,Male,74.0,0.5,5.0,5.5,0.4–4.0,mIU/L,High,1.2–3.1,nmol/L,Low,66–181,nmol/L,Low,1.0–4.0,Index,High
5874,79,Female,3.3,0.8,83.0,124.0,0.4–4.0,mIU/L,Normal,1.2–3.1,nmol/L,Low,66–181,nmol/L,Normal,1.0–4.0,Index,High
5875,76,Female,1.3,3.6,204.0,114.0,0.4–4.0,mIU/L,Normal,1.2–3.1,nmol/L,High,66–181,nmol/L,High,1.0–4.0,Index,High
5876,9,Male,1.7,3.2,125.0,147.0,0.4–4.0,mIU/L,Normal,1.2–3.1,nmol/L,High,66–181,nmol/L,Normal,1.0–4.0,Index,High
5877,66,Male,5.0,2.0,106.0,101.0,0.4–4.0,mIU/L,High,1.2–3.1,nmol/L,Normal,66–181,nmol/L,Normal,1.0–4.0,Index,High
5878,27,Male,0.97,2.7,96.0,120.0,0.4–4.0,mIU/L,Normal,1.2–3.1,nmol/L,Normal,66–181,nmol/L,Normal,1.0–4.0,Index,High
5879,52,Female,0.035,1.9,84.0,125.0,0.4–4.0,mIU/L,Low,1.2–3.1,nmol/L,Normal,66–181,nmol/L,Normal,1.0–4.0,Index,High
5880,57,Female,0.3,2.2,98.0,127.0,0.4–4.0,mIU/L,Low,1.2–3.1,nmol/L,Normal,66–181,nmol/L,Normal,1.0–4.0,Index,High
5881,65,Female,1.4,2.5,180.0,144.0,0.4–4.0,mIU/L,Normal,1.2–3.1,nmol/L,Normal,66–181,nmol/L,Normal,1.0–4.0,Index,High
5882,22,Male,2.3,1.8,145.0,158.0,0.4–4.0,mIU/L,Normal,1.2–3.1,nmol/L,Normal,66–181,nmol/L,Normal,1.0–4.0,Index,High
5883,60,Female,3.0,1.6,104.0,106.0,0.4–4.0,mIU/L,Normal,1.2–3.1,nmol/L,Normal,66–181,nmol/L,Normal,1.0–4.0,Index,High
5884,30,Male,4.3,2.0,154.0,154.0,0.4–4.0,mIU/L,High,1.2–3.1,nmol/L,Normal,66–181,nmol/L,Normal,1.0–4.0,Index,High
5885,37,Female,1.7,1.8,72.0,104.0,0.4–4.0,mIU/L,Normal,1.2–3.1,nmol/L,Normal,66–181,nmol/L,Normal,1.0–4.0,Index,High
5886,66,Female,53.0,1.6,113.0,88.0,0.4–4.0,mIU/L,High,1.2–3.1,nmol/L,Normal,66–181,nmol/L,Normal,1.0–4.0,Index,High
5887,69,Male,1.6,0.8,44.0,38.0,0.4–4.0,mIU/L,Normal,1.2–3.1,nmol/L,Low,66–181,nmol/L,Low,1.0–4.0,Index,High
5888,69,,1.8,2.4,132.0,109.0,0.4–4.0,mIU/L,Normal,1.2–3.1,nmol/L,Normal,66–181,nmol/L,Normal,1.0–4.0,Index,High
5889,59,Male,4.2,2.5,90.0,88.0,0.4–4.0,mIU/L,High,1.2–3.1,nmol/L,Normal,66–181,nmol/L,Normal,1.0–4.0,Index,High
5890,71,Male,3.4,2.1,87.0,98.0,0.4–4.0,mIU/L,Normal,1.2–3.1,nmol/L,Normal,66–181,nmol/L,Normal,1.0–4.0,Index,High
5891,49,Female,0.035,2.4,180.0,144.0,0.4–4.0,mIU/L,Low,1.2–3.1,nmol/L,Normal,66–181,nmol/L,Normal,1.0–4.0,Index,High
5892,51,Male,13.0,2.1,82.0,77.0,0.4–4.0,mIU/L,High,1.2–3.1,nmol/L,Normal,66–181,nmol/L,Normal,1.0–4.0,Index,High
5893,59,Female,30.0,1.1,45.0,49.0,0.4–4.0,mIU/L,High,1.2–3.1,nmol/L,Low,66–181,nmol/L,Low,1.0–4.0,Index,High
5894,41,Female,3.3,1.7,115.0,132.0,0.4–4.0,mIU/L,Normal,1.2–3.1,nmol/L,Normal,66–181,nmol/L,Normal,1.0–4.0,Index,High
5895,61,Male,3.0,1.2,69.0,70.0,0.4–4.0,mIU/L,Normal,1.2–3.1,nmol/L,Normal,66–181,nmol/L,Normal,1.0–4.0,Index,High
5896,37,Female,24.0,1.6,95.0,110.0,0.4–4.0,mIU/L,High,1.2–3.1,nmol/L,Normal,66–181,nmol/L,Normal,1.0–4.0,Index,High
5897,31,Female,4.7,2.6,73.0,75.0,0.4–4.0,mIU/L,High,1.2–3.1,nmol/L,Normal,66–181,nmol/L,Normal,1.0–4.0,Index,High
5898,60,Female,0.02,1.4,90.0,111.0,0.4–4.0,mIU/L,Low,1.2–3.1,nmol/L,Normal,66–181,nmol/L,Normal,1.0–4.0,Index,High
5899,8,Male,9.299999,2.4,126.0,131.0,0.4–4.0,mIU/L,High,1.2–3.1,nmol/L,Normal,66–181,nmol/L,Normal,1.0–4.0,Index,High
5900,77,Female,3.6,1.8,134.0,131.0,0.4–4.0,mIU/L,Normal,1.2–3.1,nmol/L,Normal,66–181,nmol/L,Normal,1.0–4.0,Index,High
5901,51,Male,2.7,2.0,115.0,128.0,0.4–4.0,mIU/L,Normal,1.2–3.1,nmol/L,Normal,66–181,nmol/L,Normal,1.0–4.0,Index,High
5902,65,Male,7.2,1.7,81.0,90.0,0.4–4.0,mIU/L,High,1.2–3.1,nmol/L,Normal,66–181,nmol/L,Normal,1.0–4.0,Index,High
5903,59,Male,6.0,1.1,48.0,77.0,0.4–4.0,mIU/L,High,1.2–3.1,nmol/L,Low,66–181,nmol/L,Low,1.0–4.0,Index,High
5904,59,Female,3.2,1.8,106.0,91.0,0.4–4.0,mIU/L,Normal,1.2–3.1,nmol/L,Normal,66–181,nmol/L,Normal,1.0–4.0,Index,High
5905,26,Male,0.56,2.1,137.0,151.0,0.4–4.0,mIU/L,Normal,1.2–3.1,nmol/L,Normal,66–181,nmol/L,Normal,1.0–4.0,Index,High
5906,84,Female,0.41,1.1,148.0,136.0,0.4–4.0,mIU/L,Normal,1.2–3.1,nmol/L,Low,66–181,nmol/L,Normal,1.0–4.0,Index,High
5907,84,Male,5.0,2.6,128.0,112.0,0.4–4.0,mIU/L,High,1.2–3.1,nmol/L,Normal,66–181,nmol/L,Normal,1.0–4.0,Index,High
5908,84,,14.0,6.7,280.0,329.0,0.4–4.0,mIU/L,High,1.2–3.1,nmol/L,High,66–181,nmol/L,High,1.0–4.0,Index,High
5909,80,Female,0.54,2.0,112.0,101.0,0.4–4.0,mIU/L,Normal,1.2–3.1,nmol/L,Normal,66–181,nmol/L,Normal,1.0–4.0,Index,High
5910,52,Male,9.599999,1.2,126.0,140.0,0.4–4.0,mIU/L,High,1.2–3.1,nmol/L,Normal,66–181,nmol/L,Normal,1.0–4.0,Index,High
5911,80,Female,0.55,0.4,90.0,127.0,0.4–4.0,mIU/L,Normal,1.2–3.1,nmol/L,Low,66–181,nmol/L,Normal,1.0–4.0,Index,High
5912,38,Female,0.55,2.2,145.0,144.0,0.4–4.0,mIU/L,Normal,1.2–3.1,nmol/L,Normal,66–181,nmol/L,Normal,1.0–4.0,Index,High
5913,66,Female,0.02,2.4,122.0,133.0,0.4–4.0,mIU/L,Low,1.2–3.1,nmol/L,Normal,66–181,nmol/L,Normal,1.0–4.0,Index,High
5914,63,Male,2.5,1.8,94.0,107.0,0.4–4.0,mIU/L,Normal,1.2–3.1,nmol/L,Normal,66–181,nmol/L,Normal,1.0–4.0,Index,High
5915,70,Female,2.0,2.0,99.0,90.0,0.4–4.0,mIU/L,Normal,1.2–3.1,nmol/L,Normal,66–181,nmol/L,Normal,1.0–4.0,Index,High
5916,62,Female,0.94,1.8,83.0,101.0,0.4–4.0,mIU/L,Normal,1.2–3.1,nmol/L,Normal,66–181,nmol/L,Normal,1.0–4.0,Index,High
5917,66,Female,3.6,1.9,82.0,73.0,0.4–4.0,mIU/L,Normal,1.2–3.1,nmol/L,Normal,66–181,nmol/L,Normal,1.0–4.0,Index,High
5918,77,Female,39.0,1.2,48.0,42.0,0.4–4.0,mIU/L,High,1.2–3.1,nmol/L,Normal,66–181,nmol/L,Low,1.0–4.0,Index,High
5919,71,Female,23.0,1.8,87.0,91.0,0.4–4.0,mIU/L,High,1.2–3.1,nmol/L,Normal,66–181,nmol/L,Normal,1.0–4.0,Index,High
5920,31,Male,1.3,1.6,124.0,129.0,0.4–4.0,mIU/L,Normal,1.2–3.1,nmol/L,Normal,66–181,nmol/L,Normal,1.0–4.0,Index,High
5921,67,Male,5.4,1.2,88.0,128.0,0.4–4.0,mIU/L,High,1.2–3.1,nmol/L,Normal,66–181,nmol/L,Normal,1.0–4.0,Index,High
5922,56,Female,2.0,2.0,94.0,104.0,0.4–4.0,mIU/L,Normal,1.2–3.1,nmol/L,Normal,66–181,nmol/L,Normal,1.0–4.0,Index,High
5923,34,Male,0.08,4.1,115.0,120.0,0.4–4.0,mIU/L,Low,1.2–3.1,nmol/L,High,66–181,nmol/L,Normal,1.0–4.0,Index,High
5924,46,Male,4.0,2.2,123.0,137.0,0.4–4.0,mIU/L,Normal,1.2–3.1,nmol/L,Normal,66–181,nmol/L,Normal,1.0–4.0,Index,High
5925,70,Female,1.1,2.6,117.0,111.0,0.4–4.0,mIU/L,Normal,1.2–3.1,nmol/L,Normal,66–181,nmol/L,Normal,1.0–4.0,Index,High
5926,35,Female,0.68,2.0,90.0,113.0,0.4–4.0,mIU/L,Normal,1.2–3.1,nmol/L,Normal,66–181,nmol/L,Normal,1.0–4.0,Index,High
5927,57,Male,4.8,2.4,164.0,146.0,0.4–4.0,mIU/L,High,1.2–3.1,nmol/L,Normal,66–181,nmol/L,Normal,1.0–4.0,Index,High
5928,88,Female,1.9,1.3,110.0,134.0,0.4–4.0,mIU/L,Normal,1.2–3.1,nmol/L,Normal,66–181,nmol/L,Normal,1.0–4.0,Index,High
5929,49,Female,4.6,2.2,92.0,111.0,0.4–4.0,mIU/L,High,1.2–3.1,nmol/L,Normal,66–181,nmol/L,Normal,1.0–4.0,Index,High
5930,22,Male,2.6,1.1,119.0,135.0,0.4–4.0,mIU/L,Normal,1.2–3.1,nmol/L,Low,66–181,nmol/L,Normal,1.0–4.0,Index,High
5931,45,Male,3.3,2.0,93.0,95.0,0.4–4.0,mIU/L,Normal,1.2–3.1,nmol/L,Normal,66–181,nmol/L,Normal,1.0–4.0,Index,High
5932,82,Female,0.59,0.9,96.0,126.0,0.4–4.0,mIU/L,Normal,1.2–3.1,nmol/L,Low,66–181,nmol/L,Normal,1.0–4.0,Index,High
5933,57,Female,3.3,2.5,66.0,73.0,0.4–4.0,mIU/L,Normal,1.2–3.1,nmol/L,Normal,66–181,nmol/L,Normal,1.0–4.0,Index,High
5934,26,Male,0.5,1.8,111.0,134.0,0.4–4.0,mIU/L,Normal,1.2–3.1,nmol/L,Normal,66–181,nmol/L,Normal,1.0–4.0,Index,High
5935,39,Female,4.2,2.4,102.0,100.0,0.4–4.0,mIU/L,High,1.2–3.1,nmol/L,Normal,66–181,nmol/L,Normal,1.0–4.0,Index,High
5936,74,Female,3.6,2.0,84.0,108.0,0.4–4.0,mIU/L,Normal,1.2–3.1,nmol/L,Normal,66–181,nmol/L,Normal,1.0–4.0,Index,High
5937,66,Male,0.73,1.5,97.0,136.0,0.4–4.0,mIU/L,Normal,1.2–3.1,nmol/L,Normal,66–181,nmol/L,Normal,1.0–4.0,Index,High
5938,33,Female,0.96,2.8,118.0,101.0,0.4–4.0,mIU/L,Normal,1.2–3.1,nmol/L,Normal,66–181,nmol/L,Normal,1.0–4.0,Index,High
5939,65,Female,0.03,2.2,146.0,138.0,0.4–4.0,mIU/L,Low,1.2–3.1,nmol/L,Normal,66–181,nmol/L,Normal,1.0–4.0,Index,High
5940,39,Female,0.8,2.2,91.0,115.0,0.4–4.0,mIU/L,Normal,1.2–3.1,nmol/L,Normal,66–181,nmol/L,Normal,1.0–4.0,Index,High
5941,36,,3.4,4.7,172.0,198.0,0.4–4.0,mIU/L,Normal,1.2–3.1,nmol/L,High,66–181,nmol/L,Normal,1.0–4.0,Index,High
5942,81,Male,1.3,1.3,107.0,126.0,0.4–4.0,mIU/L,Normal,1.2–3.1,nmol/L,Normal,66–181,nmol/L,Normal,1.0–4.0,Index,High
5943,82,Male,1.2,1.4,115.0,155.0,0.4–4.0,mIU/L,Normal,1.2–3.1,nmol/L,Normal,66–181,nmol/L,Normal,1.0–4.0,Index,High
5944,72,Female,1.0,1.4,120.0,128.0,0.4–4.0,mIU/L,Normal,1.2–3.1,nmol/L,Normal,66–181,nmol/L,Normal,1.0–4.0,Index,High
5945,30,Male,1.7,2.3,83.0,102.0,0.4–4.0,mIU/L,Normal,1.2–3.1,nmol/L,Normal,66–181,nmol/L,Normal,1.0–4.0,Index,High
5946,69,Male,0.44,1.1,66.0,66.0,0.4–4.0,mIU/L,Normal,1.2–3.1,nmol/L,Low,66–181,nmol/L,Normal,1.0–4.0,Index,High
5947,56,Female,0.46,1.9,103.0,97.0,0.4–4.0,mIU/L,Normal,1.2–3.1,nmol/L,Normal,66–181,nmol/L,Normal,1.0–4.0,Index,High
5948,59,Female,2.5,2.1,79.0,80.0,0.4–4.0,mIU/L,Normal,1.2–3.1,nmol/L,Normal,66–181,nmol/L,Normal,1.0–4.0,Index,High
5949,51,Female,106.0,0.6,5.0,5.5,0.4–4.0,mIU/L,High,1.2–3.1,nmol/L,Low,66–181,nmol/L,Low,1.0–4.0,Index,High
5950,65,Female,5.9,2.1,109.0,122.0,0.4–4.0,mIU/L,High,1.2–3.1,nmol/L,Normal,66–181,nmol/L,Normal,1.0–4.0,Index,High
5951,66,Female,0.06,1.6,100.0,86.0,0.4–4.0,mIU/L,Low,1.2–3.1,nmol/L,Normal,66–181,nmol/L,Normal,1.0–4.0,Index,High
5952,22,Male,1.8,1.7,104.0,117.0,0.4–4.0,mIU/L,Normal,1.2–3.1,nmol/L,Normal,66–181,nmol/L,Normal,1.0–4.0,Index,High
5953,80,Male,0.045,0.9,127.0,198.0,0.4–4.0,mIU/L,Low,1.2–3.1,nmol/L,Low,66–181,nmol/L,Normal,1.0–4.0,Index,High
5954,34,Male,2.3,2.2,81.0,104.0,0.4–4.0,mIU/L,Normal,1.2–3.1,nmol/L,Normal,66–181,nmol/L,Normal,1.0–4.0,Index,High
5955,53,Female,0.87,2.1,122.0,126.0,0.4–4.0,mIU/L,Normal,1.2–3.1,nmol/L,Normal,66–181,nmol/L,Normal,1.0–4.0,Index,High
5956,57,Male,1.1,1.6,120.0,138.0,0.4–4.0,mIU/L,Normal,1.2–3.1,nmol/L,Normal,66–181,nmol/L,Normal,1.0–4.0,Index,High
5957,65,Male,1.1,2.5,95.0,97.0,0.4–4.0,mIU/L,Normal,1.2–3.1,nmol/L,Normal,66–181,nmol/L,Normal,1.0–4.0,Index,High
5958,51,Male,1.9,1.8,85.0,109.0,0.4–4.0,mIU/L,Normal,1.2–3.1,nmol/L,Normal,66–181,nmol/L,Normal,1.0–4.0,Index,High
5959,17,Male,2.6,3.0,89.0,90.0,0.4–4.0,mIU/L,Normal,1.2–3.1,nmol/L,Normal,66–181,nmol/L,Normal,1.0–4.0,Index,High
5960,66,Female,85.0,1.8,118.0,93.0,0.4–4.0,mIU/L,High,1.2–3.1,nmol/L,Normal,66–181,nmol/L,Normal,1.0–4.0,Index,High
5961,69,Female,0.41,2.3,160.0,151.0,0.4–4.0,mIU/L,Normal,1.2–3.1,nmol/L,Normal,66–181,nmol/L,Normal,1.0–4.0,Index,High
5962,30,Female,5.3,3.3,120.0,80.0,0.4–4.0,mIU/L,High,1.2–3.1,nmol/L,High,66–181,nmol/L,Normal,1.0–4.0,Index,High
5963,55,Female,1.6,1.8,101.0,99.0,0.4–4.0,mIU/L,Normal,1.2–3.1,nmol/L,Normal,66–181,nmol/L,Normal,1.0–4.0,Index,High
5964,94,Female,0.99,0.9,109.0,119.0,0.4–4.0,mIU/L,Normal,1.2–3.1,nmol/L,Low,66–181,nmol/L,Normal,1.0–4.0,Index,High
5965,41,Female,0.36,1.9,154.0,148.0,0.4–4.0,mIU/L,Low,1.2–3.1,nmol/L,Normal,66–181,nmol/L,Normal,1.0–4.0,Index,High
5966,54,Female,4.01,1.4,69.0,73.0,0.4–4.0,mIU/L,High,1.2–3.1,nmol/L,Normal,66–181,nmol/L,Normal,1.0–4.0,Index,High
5967,54,,1.7,3.0,141.0,118.0,0.4–4.0,mIU/L,Normal,1.2–3.1,nmol/L,Normal,66–181,nmol/L,Normal,1.0–4.0,Index,High
5968,76,Female,2.8,2.4,86.0,109.0,0.4–4.0,mIU/L,Normal,1.2–3.1,nmol/L,Normal,66–181,nmol/L,Normal,1.0–4.0,Index,High
5969,80,Female,0.08,2.5,68.0,82.0,0.4–4.0,mIU/L,Low,1.2–3.1,nmol/L,Normal,66–181,nmol/L,Normal,1.0–4.0,Index,High
5970,80,Male,1.2,1.1,88.0,106.0,0.4–4.0,mIU/L,Normal,1.2–3.1,nmol/L,Low,66–181,nmol/L,Normal,1.0–4.0,Index,High
5971,73,Female,2.0,2.2,119.0,112.0,0.4–4.0,mIU/L,Normal,1.2–3.1,nmol/L,Normal,66–181,nmol/L,Normal,1.0–4.0,Index,High
5972,54,Female,1.2,2.4,91.0,96.0,0.4–4.0,mIU/L,Normal,1.2–3.1,nmol/L,Normal,66–181,nmol/L,Normal,1.0–4.0,Index,High
5973,69,Male,0.26,1.1,99.0,81.0,0.4–4.0,mIU/L,Low,1.2–3.1,nmol/L,Low,66–181,nmol/L,Normal,1.0–4.0,Index,High
5974,79,Male,2.0,1.8,103.0,103.0,0.4–4.0,mIU/L,Normal,1.2–3.1,nmol/L,Normal,66–181,nmol/L,Normal,1.0–4.0,Index,High
5975,60,Male,0.45,2.5,153.0,146.0,0.4–4.0,mIU/L,Normal,1.2–3.1,nmol/L,Normal,66–181,nmol/L,Normal,1.0–4.0,Index,High
5976,56,Female,4.4,1.9,88.0,106.0,0.4–4.0,mIU/L,High,1.2–3.1,nmol/L,Normal,66–181,nmol/L,Normal,1.0–4.0,Index,High
5977,51,Female,1.4,1.5,37.0,52.0,0.4–4.0,mIU/L,Normal,1.2–3.1,nmol/L,Normal,66–181,nmol/L,Low,1.0–4.0,Index,High
5978,69,Male,0.16,1.0,106.0,86.0,0.4–4.0,mIU/L,Low,1.2–3.1,nmol/L,Low,66–181,nmol/L,Normal,1.0–4.0,Index,High
5979,57,Female,2.2,1.9,94.0,104.0,0.4–4.0,mIU/L,Normal,1.2–3.1,nmol/L,Normal,66–181,nmol/L,Normal,1.0–4.0,Index,High
5980,63,Female,2.1,3.1,126.0,76.0,0.4–4.0,mIU/L,Normal,1.2–3.1,nmol/L,Normal,66–181,nmol/L,Normal,1.0–4.0,Index,High
5981,75,Female,17.0,1.4,104.0,90.0,0.4–4.0,mIU/L,High,1.2–3.1,nmol/L,Normal,66–181,nmol/L,Normal,1.0–4.0,Index,High
5982,65,Male,0.73,1.8,85.0,94.0,0.4–4.0,mIU/L,Normal,1.2–3.1,nmol/L,Normal,66–181,nmol/L,Normal,1.0–4.0,Index,High
5983,65,Female,4.1,2.1,135.0,113.0,0.4–4.0,mIU/L,High,1.2–3.1,nmol/L,Normal,66–181,nmol/L,Normal,1.0–4.0,Index,High
5984,74,Female,53.0,1.0,49.0,39.0,0.4–4.0,mIU/L,High,1.2–3.1,nmol/L,Low,66–181,nmol/L,Low,1.0–4.0,Index,High
5985,42,Female,2.4,1.8,102.0,107.0,0.4–4.0,mIU/L,Normal,1.2–3.1,nmol/L,Normal,66–181,nmol/L,Normal,1.0–4.0,Index,High
