,,,,,,Urine,,,,,,,,,,,,,,,,,CBC,,,,,,,,,,,,,,,,,,,Platelet Profile,,,,,,,,,Lipid Profile,,,,,,,,, Liver Function,,,,,,,,,,,Kidney Function,,,,,,,,,Iron Profile,,,,HbA1c,,,Urine ACR,,,Calcium & Phos,,Thyroid Profile,,,Glucose - Fasting,Glucose - PP,Glucose (Diagnopath),
MedID,LabReference,Sample ID,Collected,Time,Reported Time,Colour,Appearance,Specific Gravity,pH,Proteins,Glucose,Bilirubin,Ketones,Blood,Urobilinogen,Nitrites,WBC (Pus Cells) (/HPF),RBC,Epithelial Cells (/HPF),Casts,Crystals,Others,Hemoglobin (g/dL),RBC Count (mil/µL),Hematocrit %,MCV (fL),MCH (pg),MCHC (g/dL),RDW-CV %,RDW-SD (fL),WBC (cells/µL),Neutrophils %,Lymphocytes %,Eosinophils %,Monocytes %,Basophils %,Abs Neutrophils,Abs Lymphocytes,Abs Monocytes,Abs Eosinophils,Abs Basophils,Platelet Count (×10^3/µL),MPV (fL),Platelet RDW %,PCT %,P-LCR %,IMG %,IMM %,IML %,LIC %,Total Cholesterol (mg/dL),HDL (mg/dL),LDL (mg/dL),VLDL (mg/dL),Triglycerides (mg/dL),Non-HDL (mg/dL),Total/HDL Ratio,LDL/HDL Ratio,HDL/LDL Ratio,Bilirubin Total (mg/dL),Bilirubin Direct (mg/dL),Bilirubin Indirect (mg/dL),ALP (U/L),ALT/SGPT (U/L),AST/SGOT (U/L),GGT (U/L),Protein Total (g/dL),Albumin (g/dL),Globulin (g/dL),A/G Ratio,Creatinine (mg/dL),Urea (mg/dL),BUN (mg/dL),BUN/Creatinine Ratio,Sodium (mmol/L),Potassium (mmol/L),Chloride (mmol/L),Uric Acid (mg/dL),eGFR (mL/min/1.73m²),Iron (µg/dL),UIBC (µg/dL),TIBC (µg/dL),Transferrin Saturation %,HbA1c %,Estimated Avg Glucose (mg/dL),HbF %,Urine Albumin (mg/L),Urine Creatinine (mg/dL),Albumin/Creatinine Ratio,Calcium (mg/dL),Phosphorus (mg/dL),TT3 (ng/dL),TT4 (µg/dL),TSH (µIU/mL),Fasting Glucose (mg/dL),Postprandial Glucose (mg/dL),FBS (mg/dL),PLBS (mg/dL)
560252,PBCHD03PBP,462943,26/04/2019,06:10,07:26,Pale Yellow,Clear,1.02,6.5,Trace,Negative,Negative,Negative,Negative,Normal,Negative,4–5,Nil,1–2,Nil,Nil,Nil,15.2,5.8,47,80,26,32.4,14.9,39,4260,53,38,2,7,0,2.26,1.62,0.3,0.09,0,160,11,17,0.2,34.5,0.2,0.2,0.2,0.9,196,35,63.2,97.8,489,161,5.6,1.81,0.55,0.6,0.2,0.4,101,47,35,66,7.6,4.6,3,1.53,0.8,16.5,7.71,9.64,139,4.2,101,5.7,106.48,100,288,388,25.77,6.9,151.33,0.2,26.3,57.9,45.42,8.4,2.8,112,5.6,4.42,145,160,103,129
348202,MZLGI07RJK,425799,27/04/2019,06:55,08:03,Yellow,Hazy,1.01,6.5,Trace,Negative,Negative,Negative,Negative,Normal,Negative,8-10,0,2-2,Nil,Nil,NIL,19.7,5.1,42.5,71.1,38,46,14.2,40.7,8554,62,24,0,13,0,0.78,2.86,0.36,0.03,0.18,411,16.9,17,0.09,26.7,4.6,0.04,0.49,0.11,156,28,117.1,5.2,26,198,5.6,4.18,0.24,0.9,0.2,0.7,115,23,36,31,8.2,3.5,4.7,0.74,1,13.7,6.3979,6.4,143,4.2,113,6.3,92.07,133,106,239,55.65,5.4,108.28,0.5,27.2,112.4,24.2,9.9,3.9,184,9.2,4.28,99,84,65,204
178677,PBCHD15RJU,761408,26/04/2019,07:26,07:59,Light Yellow,Slightly cloudy,1.017,4.8,Negative,Negative,Negative,Negative,Negative,Normal,Negative,11-13,0,2-4,Nil,Nil,NIL,12.5,4.6,40.8,110.2,27,30,14.5,48,5602,47,38,2,9,0,9.72,1.79,0.24,0.31,0.19,210,9.8,30,0.5,13.9,1.3,0.21,0.06,0.32,239,45,146.2,11.4,57,127,5.3,3.25,0.31,0.6,0.2,0.4,61,20,29,46,7.2,3.9,3.3,1.18,1,9.3,4.3431,4.34,120,4.9,106,2.7,43.71,115,350,465,24.73,6.7,145.59,0.4,13.3,42.5,31.29,10.4,4.4,73,16.1,8.51,125,63,118,110
118231,PBCHD13SKM,450430,24/04/2019,09:28,10:36,Straw,Slightly cloudy,1.026,6.7,Negative,Trace,Negative,Negative,Negative,Normal,Negative,4-5,0,1-2,Nil,Nil,NIL,9.6,5.3,51.6,82.8,18,18,11.6,45.4,6872,52,14,6,8,0,11.12,2,0.98,0.06,0.04,216,7.4,28,0.38,28.1,0.7,0.33,0.09,6.55,227,33,70.6,26.3,131.5,134,6.9,2.14,0.47,0.5,0.1,0.4,43,19,34,40,6.1,3.5,2.6,1.35,0.8,7.5,3.5025,4.38,142,2.7,101,2.8,112.56,112,215,327,34.25,6.2,131.24,0.8,20.4,109.6,18.61,9,5.3,186,3.7,1.83,241,102,92,96
869170,MZLGI09MHP,377779,25/04/2019,08:08,08:39,Pink,Hazy,1.014,6.6,1+,Negative,Negative,Negative,Negative,Normal,Negative,13-14,2,3-4,Rare,Nil,Mucus threads,8.8,4.7,49.9,88.4,18,17,14.5,40.2,9192,23,20,1,4,2.9,5.35,2.9,0.72,0.32,0.02,319,6.7,27,0.22,40.9,0.9,0.35,0.5,0.29,152,24,90.3,14,70,61,6.3,3.76,0.27,0.3,0,0.3,43,14,17,32,5.3,4.5,0.8,5.63,0.7,12.2,5.6974,8.14,135,4.2,100,4.4,111.05,27,128,155,17.42,5.9,122.63,0.6,13.3,211.2,6.3,8.6,3.4,153,7.6,0.87,79,79,97,191
200291,PBCHD11RJU,420321,27/04/2019,07:26,08:54,Straw,Slightly cloudy,1.019,5.3,Trace,Trace,Negative,Negative,Negative,Normal,Negative,TNTC,2,1-4,Nil,Few,NIL,17.4,4.8,56.5,96.5,36,30,13.8,42.4,2756,66,13,2,5,0,1,2.95,0.37,0.27,0.08,382,9.9,12,0.26,23.3,4.1,0.72,0.11,0.26,193,74,62.9,26.9,134.5,141,2.6,0.85,1.18,0.8,0.1,0.7,53,54,32,44,5.6,4.1,1.5,2.73,1.2,15.3,7.1451,5.95,149,5.8,100,6.4,103.58,134,292,426,31.46,6,125.5,0.4,10.8,93.1,11.6,11.6,5.2,95,9.5,0.67,90,181,98,133
525348,GYAHD05JHJ,269342,28/04/2019,10:07,10:48,Pale Yellow,Slightly cloudy,1.019,6.8,1+,Negative,Negative,Negative,Negative,Normal,Negative,12-13,1,3-4,Nil,Nil,NIL,15,4.3,30.3,81.2,34,49,9.7,44.5,47287,52,39,2,8,0,20.5,2.72,0.41,0.5,0.02,160,7.6,9,0.14,12.4,1.8,0.12,0.84,0.23,162,44,112.2,11.8,59,219,3.7,2.55,0.39,0.5,0,0.5,62,27,28,12,7.1,4.5,2.6,1.73,0.7,8.5,3.9695,5.67,136,3.8,99,5.7,104.65,62,305,367,16.89,8.8,205.86,0.5,12.7,177.3,7.16,9.1,2.9,84,8.3,0.85,88,64,133,144
114307,KLTRS11ODB,734249,26/04/2019,11:47,12:52,Light Yellow,Clear,1.026,4.5,Negative,Trace,Negative,Negative,2+,Normal,Negative,11-12,2,3-3,Nil,Nil,NIL,14.4,5.8,54.1,80.9,24,26,13.9,40.8,4658,52,30,3,2,0,6.02,3.52,0.39,0.31,0.03,354,13.3,15,0.31,35.6,0.1,0.17,3.34,0.4,180,40,146,64.5,322.5,133,4.5,3.65,0.27,0.9,0.3,0.6,71,12,7,45,6.8,4.9,1.9,2.58,1.1,10.8,5.0436,4.59,144,3.3,107,2.4,97.35,114,130,244,46.72,5.8,119.76,1,13.6,91.1,14.93,8.6,6.4,146,10.6,0.55,90,84,122,114
577148,PBCHD08MHS,688750,25/04/2019,06:22,07:32,Green,Clear,1.019,6.9,Trace,1+,Negative,2+,Negative,Normal,Negative,9-11,2,1-4,Nil,Nil,Fat droplets or lipiduria,13.9,8.1,47.8,84.3,17,29,14.2,44.1,5338,49,20,2,6,0,7.36,5.32,0.72,0.15,0.05,131,7.4,10,0.26,29.7,4.6,0.33,0.39,0.25,157,42,123.1,28.4,142,103,3.7,2.93,0.34,0.7,0.3,0.4,52,46,20,20,5.2,3.5,1.7,2.06,0.7,8.3,3.8761,5.54,147,4.3,101,6,96.76,159,262,421,37.77,6,125.5,0.4,15.8,264.4,5.98,8.9,5,194,10.7,3.97,109,71,102,209
750381,GYAHD03ODK,327017,27/04/2019,06:42,07:46,Straw,Slightly cloudy,1.012,4.6,Negative,Negative,Negative,Negative,Negative,Normal,Negative,9-10,1,1-2,Nil,Nil,Fungal elements,10.7,5.9,36.3,87.8,18,29,14.5,43.5,6361,50,20,2,3,0,3.14,2.75,0.61,0.57,0.03,92,9.1,16,0.21,44.8,3.4,0.27,0.05,0.32,238,21,59.2,68.6,343,116,11.3,2.82,0.35,0.7,0,0.7,42,40,12,17,6.1,4.6,1.5,3.07,1,6,2.802,2.8,140,4.3,96,5,88.15,58,331,389,14.91,7.6,171.42,0.1,13.6,132,10.3,11.7,5.5,190,17.4,3.98,81,62,149,262
663177,GYAHD10JHJ,793750,24/04/2019,11:29,12:22,Light Yellow,Milky,1.03,6.7,Trace,3+,Negative,Negative,Negative,Normal,Negative,11-12,1,1-4,Nil,Nil,NIL,17.6,5.5,43.3,71.4,32,40,11.9,42.2,6393,64,28,5,5,0,15.18,2.09,0.2,0.26,0.03,311,14.4,12,0.21,12,4.1,0.1,0.28,0.1,168,48,127.8,49.1,245.5,78,3.5,2.66,0.38,0.8,0.1,0.7,46,47,13,11,7.1,4.1,3,1.37,1.1,75,35.025,31.84,122,2.9,109,7.5,92.06,149,106,255,58.43,8.7,202.99,0.5,220.2,30.3,726.73,9.2,3.2,273,18.4,2.23,81,125,96,125
965906,KLTRS08ODB,995861,26/04/2019,11:33,12:40,Pale Yellow,Clear,1.013,7.6,1+,Negative,Negative,Negative,Negative,Normal,Negative,5-6,10,2-2,Rare,Nil,Fungal elements,15.4,4.9,43.4,46.6,31,35,13.4,44.5,4424,51,22,1,6,0,7.58,1.14,0.79,0.45,0.02,132,14.1,12,0.29,15.3,1.2,0.03,0.03,0.26,231,26,86.6,36.1,180.5,99,8.9,3.33,0.3,0.6,0,0.6,53,47,28,63,7.2,3.6,3.6,1,0.8,11.2,5.2304,6.54,148,4.2,105,9.7,94.72,240,153,393,61.07,7.8,177.16,0.3,16.6,115.8,14.34,9.4,2.7,148,7.5,3.49,113,75,85,105
316178,PBCHD04GAM,901396,28/04/2019,06:57,07:35,Pale Yellow,Slightly cloudy,1.028,6.9,Trace,Trace,Negative,Negative,Negative,Normal,Negative,10-12,0,3-4,Few,Nil,Amorphous debris,15.2,5.7,26.2,61.8,26,58,13.2,39.9,10150,43,17,25,6,0,0.42,3.86,0.71,0.39,0.07,437,11.1,14,0.05,26.3,0.5,0.29,6.38,0.28,224,57,94.8,28.9,144.5,155,3.9,1.66,0.6,2.1,1,1.1,119,7,33,41,6.4,4.2,2.2,1.91,0.7,18.1,8.4527,12.08,132,4.9,84,6.8,116.27,199,253,452,44.03,8.5,197.25,0.5,22.6,147.7,15.3,8.5,6.8,285,14.6,5.18,148,94,77,82
698944,PBCHD10MHS,215947,26/04/2019,09:31,10:02,Pale Yellow,Clear,1.015,5.1,Negative,Trace,Negative,Negative,Negative,2+,Negative,79-80,2,7-15,Nil,Nil,NIL,11.6,6,44.8,86.3,19,25,16,41.8,9504,40,20,3,8,0,9.96,4.2,1.22,0.06,0.07,531,7.4,13,0.58,28,0.1,5.65,0.71,1.33,216,58,58.7,8.5,42.5,102,3.7,1.01,0.99,0.7,0.1,0.6,41,18,33,7,6.4,5.4,1,5.4,0.8,9,4.203,5.25,139,3.5,99,5.8,117.59,99,354,453,21.85,8.1,185.77,0.3,20.8,143.5,14.49,8.3,4.9,179,8.2,1.32,79,86,60,112
130589,GYAHD07KAU,237286,24/04/2019,11:29,12:48,Light Yellow,Slightly cloudy,1.016,6.8,1+,Trace,Negative,Negative,Negative,Normal,Negative,6-7,1,1-3,Nil,Nil,NIL,8.7,4.2,16.1,83.8,20,54,13.6,40.8,7822,48,43,1,1,0,4.34,6.68,0.56,0.28,0.1,384,7.4,14,0.23,29.9,4.2,0.31,0.12,0.31,186,56,71.2,104.4,522,80,3.3,1.27,0.79,0.5,0.2,0.3,90,29,31,40,8,4.1,3.9,1.05,1,18.4,8.5928,8.59,136,3.9,104,2.9,97.08,147,321,468,31.41,6.4,136.98,0.1,13.5,128.2,10.53,9.2,4.6,323,17.5,0.29,90,76,80,102
811384,PBCHD03GAM,175167,27/04/2019,09:35,10:48,Light Yellow,Slightly cloudy,1.006,5.1,Trace,1+,2+,Trace,Negative,Normal,Negative,TNTC,2,2-4,Nil,Nil,NIL,16.5,6,35.1,61.3,27,47,12.7,44.8,31308,48,35,8,7,0.9,5.62,4.88,0.27,0.15,0.01,131,7,8,0.21,26.5,0.1,0.12,0.39,0.39,779,49,55.8,38.8,194,116,15.9,1.14,0.88,0.8,0.3,0.5,55,24,32,38,8.2,3.5,4.7,0.74,0.9,234.9,109.6983,121.89,145,4.9,100,4.7,108.69,248,227,475,52.21,5.8,119.76,0.8,27.9,151.4,18.43,7.8,4.2,168,7.1,1,83,67,60,136
578164,KLTRS14TSS,923464,24/04/2019,08:05,09:24,Straw,Clear,1.014,5.7,Trace,Negative,1+,Trace,Negative,Normal,Negative,11-12,0,1-4,Nil,Few,NIL,10.7,4.6,40.8,116.7,23,26,14.2,44.6,4022,52,50,1,2,0,4.07,3.09,0.06,0.56,0,370,11.4,11,0.21,17.8,0.7,0.25,0.39,2.92,197,57,177.1,48.9,244.5,155,3.5,3.11,0.32,0.5,0.1,0.4,85,23,14,36,7.1,4.9,2.2,2.23,1,19.8,9.2466,9.25,124,4.9,106,7.9,97.8,146,118,264,55.3,5,96.8,0.2,27.3,250.1,10.92,8.7,4.2,142,10.4,3.07,111,64,63,92
167119,KLTRS03WBD,588250,26/04/2019,07:04,08:13,Light Yellow,Clear,1.022,5,Trace,Trace,Negative,Negative,Negative,Normal,Negative,7-8,0,14-15,Nil,Nil,NIL,10.3,5.2,47.6,95.1,19,21,16.8,41.9,9335,28,50,8,5,0,2.82,2.12,0.98,0.55,0.03,418,11.9,15,0.22,37.5,0.1,0.3,0.18,0.05,171,41,68.3,19.8,99,104,4.2,1.67,0.6,14.6,10.1,4.5,39,87,34,15,8.9,4.4,4.5,0.98,0.3,17.8,8.3126,27.71,141,2.7,103,5.3,97.53,191,180,371,51.48,7.2,159.94,0.5,774,111.9,691.69,8.6,2.9,69,5.1,9.32,115,120,77,92
201194,PBCHD06HPP,900267,27/04/2019,08:05,09:13,Light Yellow,Clear,1.005,6.7,Trace,Negative,Negative,Negative,Negative,Normal,Negative,14-15,5,1-3,Nil,Nil,Yeast cells,18.7,4.3,31.5,88.6,43,59,13.6,39.2,9860,66,49,1,3,0,1.33,1.97,0.2,0.04,0.02,439,13.3,13,0.13,41.5,3.7,4.26,0.08,0.33,107,55,79.7,5.9,29.5,62,1.9,1.45,0.69,0.4,0.1,0.3,46,45,37,23,7,3.7,3.3,1.12,1,10.8,5.0436,5.04,143,3.7,83,5.9,113.14,135,348,483,27.95,5.9,122.63,0.4,22.1,93.6,23.61,9.1,2.8,187,5,4.81,123,88,78,111
217661,PBCHD07HPP,941159,27/04/2019,07:02,08:13,Light Yellow,Clear,1.036,6.8,Negative,2+,Negative,Negative,Negative,Normal,Negative,5-6,1,1-3,Nil,Nil,NIL,9.5,6.5,64.5,90,14,14,12.1,43.4,10595,20,38,6,7,10.6,6.74,2.2,0.63,0,0.02,122,7.8,17,0.3,13.4,4,0.24,0.31,0.29,123,23,134.1,17.4,87,61,5.3,5.83,0.17,0.2,0,0.2,66,21,39,27,7.2,4.9,2.3,2.13,1,9.3,4.3431,4.34,148,4.5,104,3.2,98.51,113,357,470,24.04,6.2,131.24,0.1,27.6,95.9,28.78,10.3,4.9,164,7.3,1.23,97,112,60,75
997187,KLTRS11NLZ,588039,28/04/2019,06:58,08:23,Straw,Opaque,1.026,6.1,Negative,Negative,Negative,Trace,Negative,Normal,Negative,67-72,1,1-2,Nil,Nil,Fungal elements,13.4,4.9,51.4,84.6,27,26,12.6,41.2,5163,41,27,1,5,0,0.95,2.81,0.31,0.23,0.03,129,7.4,12,0.36,25.1,5.4,5.55,1.09,0.02,172,54,82.5,19.8,99,125,3.2,1.53,0.65,3.3,1.6,1.7,94,97,14,16,6.7,4.5,2.2,2.05,1,58.3,27.2261,27.23,135,3.2,107,5.2,85.95,63,94,157,40.13,8,182.9,0.8,13.2,152.7,8.64,10.2,5.6,150,3.8,3.04,81,95,94,95
552423,GYAHD13KAU,561157,28/04/2019,08:19,08:50,Yellow,Hazy,1.023,4.8,Negative,Negative,Trace,Negative,Negative,Normal,Negative,5-7,1,1-4,Nil,Nil,Artifacts,9.9,5,38.7,73.1,19,25,12.5,49.5,10400,74,31,5,8,0,1.14,1.52,0.71,0.58,0.06,539,9.9,17,0.22,41.9,7,0.33,0.29,0.32,225,59,84.4,34.5,172.5,79,3.8,1.43,0.7,0.4,0.1,0.3,74,22,40,6,7.9,4.2,3.7,1.14,1.1,10.8,5.0436,4.59,142,4.3,110,7,129.51,23,268,291,7.9,12.8,320.66,0.2,28.3,190.6,14.85,7.8,3.5,235,5.1,3.11,94,118,86,79
775154,KLTRS02TSS,852108,24/04/2019,09:29,10:26,Green,Slightly cloudy,1.017,6.9,Negative,Negative,Negative,Negative,Negative,Normal,Negative,8-10,1,1-4,Nil,Nil,Yeast cells,15.4,5.2,52.9,86.2,29,29,12.3,44.6,6821,40,33,6,5,0,8.17,1.25,0.58,0.36,0.07,104,9.1,16,0.33,20.1,6.8,0.02,0.36,0.24,143,46,96.5,35.5,177.5,130,3.1,2.1,0.48,0.6,0,0.6,49,27,12,16,7.9,4.5,3.4,1.32,1.1,18.6,8.6862,7.9,148,2.3,99,6.6,99.57,111,318,429,25.87,6,125.5,0,255.2,298.8,85.41,10.5,2.1,127,6,4.61,117,62,118,121
354654,GYAHD08KLM,988195,26/04/2019,11:39,12:17,Orange,Slightly cloudy,1.014,5.3,Trace,Trace,Negative,Negative,Negative,Normal,Negative,9-11,1,6-13,Nil,Nil,NIL,12.6,5.2,37.3,84.5,24,33,12.9,41.6,10394,58,31,1,7,0,1.54,1.63,0.46,0.46,0.03,230,8.9,25,0.32,20.7,3.2,0.08,0.1,6.06,206,29,119.6,38.6,193,116,7.1,4.12,0.24,0.7,0.3,0.4,46,25,33,16,7,4.8,2.2,2.18,0.8,12.3,5.7441,7.18,170,4.1,100,2.6,96.6,142,353,495,28.69,9,211.6,0.5,13.9,134.5,10.33,10.4,3.6,70,8.4,2.53,113,297,89,173
338118,PBCHD14PBM,477813,28/04/2019,10:18,11:35,Deep Amber,Clear,1.013,4.6,Negative,Trace,Negative,Negative,Trace,Normal,Negative,11-12,2,1-2,Rare,Moderate,Fat droplets or lipiduria,9.1,6.8,50.1,55.5,13,18,12.1,40.1,6331,41,20,6,3,9.6,6.16,1.04,0.44,0.47,0.08,138,10.9,10,0.25,24.9,3.2,0.11,3.5,0.37,157,50,112.3,15.2,76,100,3.1,2.25,0.45,0.5,0.2,0.3,33,5,23,41,6.6,4.8,1.8,2.67,0.7,15.3,7.1451,10.21,132,3.8,102,2.5,90.76,110,298,408,26.96,7.3,162.81,0.6,17.1,95.1,17.98,10.9,2.5,275,4.5,0.14,83,83,90,187
115246,KLTRS04WBD,112100,26/04/2019,09:12,10:27,Yellow,Slightly cloudy,1.019,6.7,Negative,Trace,Negative,1+,Negative,Normal,Positive,TNTC,0,3-3,Few,Nil,Fat droplets or lipiduria,9.8,5.8,51.9,67.6,16,18,12.1,43.6,8037,42,27,10,8,0,5.49,1.56,1.18,0.44,0.05,216,10,14,0.38,13.6,7,0.24,0.01,0.8,120,57,115.1,37.9,189.5,179,2.1,2.02,0.5,0.4,0,0.4,49,42,25,28,7.5,5,2.5,2,0.6,14,6.538,10.9,145,3.8,107,5.3,110.78,247,127,374,66.04,6,125.5,1,23.3,166.3,14.01,10.5,4.5,99,11.9,2.98,152,249,80,118
255580,GYAHD11KLM,395539,25/04/2019,11:46,12:54,Light Yellow,Slightly cloudy,1.023,4.9,1+,Trace,Negative,Negative,Negative,Normal,Negative,TNTC,2,3-3,Nil,Nil,NIL,16.7,5.2,46.3,64.8,32,36,16.9,40.2,5346,44,37,4,3,0,6.04,1.35,0.83,0.4,0.09,274,12.2,10,0.35,16.4,2.5,0.01,1,0.07,179,35,75,66.2,331,79,5.1,2.14,0.47,0.7,0,0.7,91,37,50,23,7.9,3.9,4,0.98,0.6,17.6,8.2192,13.7,135,4.7,95,3.5,105.47,105,215,320,32.81,8.9,208.73,0.5,17.7,60.3,29.35,10.6,4.3,287,6.6,2.46,157,72,87,90
787227,GYAHD15KAU,237110,26/04/2019,08:04,09:20,Yellow,Slightly cloudy,1.018,6.8,Negative,Negative,Negative,Negative,Negative,Normal,Negative,12-14,2,15-13,Nil,Rare,NIL,8.7,4.8,51.9,82.5,18,16,13,26.6,6865,51,32,2,6,0,1.02,2.01,0.47,0.02,0.09,186,6.1,16,0.39,12.7,3.9,0.08,0.19,0.56,174,48,74.2,38.5,192.5,122,3.6,1.55,0.65,0.6,0,0.6,86,46,30,30,6.6,4.2,2.4,1.75,0.9,12,5.604,6.23,140,4.1,97,4.1,108.55,96,150,246,39.02,6.2,131.24,0,14,37.5,37.33,10.9,3.3,82,6.4,2.8,75,102,116,128
718025,MZLGI15RJK,251356,27/04/2019,07:44,08:44,Light Yellow,Clear,1.015,6.6,Negative,Trace,Negative,Negative,Negative,Normal,Negative,10-11,1,2-4,Nil,Nil,Fungal elements,16.6,4.2,51,83,39,32,12.3,40.1,9005,31,12,1,12,0,1.04,2.54,0.03,0.06,0,316,8.2,14,0.27,40.4,4.2,0.15,4.38,2.77,784,41,91.5,37.9,189.5,93,19.1,2.23,0.45,0.7,0.3,0.4,94,24,19,44,7,4.4,2.6,1.69,0.9,19.2,8.9664,9.96,133,4.4,98,5.6,107.25,214,324,538,39.78,5.3,105.41,0.6,13.8,99.6,13.86,9.2,2.9,82,5.1,2.33,88,91,95,125
676076,MZLGI08BRC,563322,27/04/2019,11:51,12:58,Pale Yellow,Hazy,1.01,5.2,Negative,Negative,Negative,Trace,Negative,1+,Negative,13-14,1,1-4,Nil,Rare,NIL,13.5,5.5,41.4,82.3,24,32,14.2,39.2,9961,45,37,3,5,0,1.3,1.87,0.66,0.04,0.12,121,9,11,0.28,45,2.3,0.79,0.31,0.17,226,24,90.3,38.5,192.5,154,9.4,3.76,0.27,0.6,0,0.6,100,22,30,41,7.1,4.8,2.3,2.09,1,9.5,4.4365,4.44,136,5.3,95,5.8,117.85,135,238,373,36.19,5.9,122.63,0.7,20.9,101.6,20.57,7,5.4,89,6.7,0.09,81,74,158,93
681640,GYAHD05KAU,662101,26/04/2019,08:35,09:59,Pale Yellow,Clear,1.019,7,Negative,Trace,Negative,Negative,Negative,Normal,Negative,13-14,0,2-4,Nil,Nil,Yeast cells,12.9,5,34.2,62.3,25,37,13.1,42.3,6310,51,17,3,2,0,3.57,2.03,0.61,0.1,0.08,119,7.3,13,0.24,21.2,4.3,0.18,0.02,0.17,167,54,181.8,23.3,116.5,200,3.1,3.37,0.3,0.5,0.1,0.4,114,26,32,15,6.1,5,1.1,4.55,1.2,16,7.472,6.23,145,5.3,107,2.8,117.1,104,107,211,49.29,5.4,108.28,0.6,27.4,85.3,32.12,11.1,2.7,90,8.4,0.64,111,71,84,152
816456,MZLGI13APK,371214,24/04/2019,08:40,09:46,Pale Yellow,Clear,1.016,6.6,Negative,Negative,Negative,Negative,Negative,Normal,Negative,7-9,1,2-2,Nil,Nil,NIL,8.8,5.1,53.9,89.8,17,16,12.1,44.2,9835,40,20,4,12,0,4.46,1.91,0.85,0.29,0.01,139,9.9,13,0.31,31.3,4.9,0.18,0.38,0.18,152,55,116.2,16.8,84,71,2.8,2.11,0.47,0.7,0.1,0.6,104,17,11,41,6.1,4.8,1.3,3.69,1.9,7.8,3.6426,1.92,139,3,96,6.9,115.04,150,299,449,33.41,6.3,134.11,0.1,19,139.4,13.63,10.8,3.6,253,16.7,12.05,78,77,74,141
216805,PBCHD02RJU,323236,25/04/2019,08:35,09:22,Light Yellow,Hazy,1.027,5.4,Trace,Negative,Negative,Negative,Negative,Normal,Negative,2-4,0,3-4,Nil,Rare,Amorphous debris,3.1,5.6,46.4,72.5,5,6,13.3,35.1,6613,43,32,5,3,0,7.94,2.99,0.4,0.04,0.01,224,11.8,12,0.46,14.9,1.8,0.05,0.29,0.46,208,59,84,27.9,139.5,208,3.5,1.42,0.7,0.6,0.1,0.5,64,44,33,24,6.2,4.8,1.4,3.43,1.2,11.4,5.3238,4.44,142,4.3,103,2.6,106.55,117,354,471,24.84,6.8,148.46,0,14.6,46.5,31.4,8.5,3.9,78,4.3,9.89,109,93,90,136
914445,MZLGI06BRC,500936,28/04/2019,07:21,07:59,Dark Yellow,Slightly cloudy,1.017,4.7,2+,Negative,Negative,Negative,Negative,Normal,Negative,14-15,0,11-14,Rare,Nil,Parasites,8.5,5.8,46,81.3,14,18,12.6,37.7,3212,42,20,10,10,0,7.53,1.01,0.76,0.01,0.03,338,10.7,12,0.33,47.1,2.3,0.61,0.33,0.88,184,26,50.7,89.8,449,91,7.1,1.95,0.51,8.9,4.4,4.5,70,8,21,44,7.8,4.8,3,1.6,1.1,6.1,2.8487,2.59,143,4.4,96,8.3,107.21,114,148,262,43.51,6.2,131.24,0.2,11.7,120.5,9.71,10.5,3.5,343,5.1,9.84,80,197,76,181
318787,GYAHD05KAU,656365,27/04/2019,10:57,12:01,Pale Yellow,Slightly cloudy,1.015,6.6,Trace,Negative,Negative,Negative,Negative,Normal,Negative,11-12,2,1-3,Nil,Nil,NIL,17.3,5.1,59.7,81.4,33,28,11.7,41.2,9197,50,31,24,8,9,1.13,1.4,0.23,0.19,0.17,207,5.9,12,0.36,33.1,6.3,0.24,0.12,0.15,164,40,106.4,12.2,61,126,4.1,2.66,0.38,0.9,0.2,0.7,92,10,18,29,7.3,3.7,3.6,1.03,1.5,6.9,3.2223,2.15,138,4.5,102,2.6,106.51,182,360,542,33.58,6,125.5,0.7,17.4,94,18.51,8.6,3.9,240,4.1,3.68,93,197,78,118
338565,GYAHD06JHJ,100204,25/04/2019,06:20,06:53,Yellow,Slightly cloudy,1.014,4.5,Trace,Trace,Trace,2+,Negative,Normal,Negative,5-7,1,3-4,Nil,Rare,NIL,9.1,5.8,36.9,51.4,15,24,12.9,27.4,31791,42,20,10,2,0,7.21,2.53,0.3,0.2,0.04,161,7.6,20,0.11,15.1,0.9,0.73,0.33,0.16,170,55,32.1,37.9,189.5,141,3.1,0.58,1.71,0.6,0.2,0.4,114,20,29,29,6.2,4.4,1.8,2.44,0.6,12.8,5.9776,9.96,125,2.9,101,2.5,104.09,85,173,258,32.95,8.2,188.64,0.9,15.2,79.8,19.05,8.9,3.2,155,6.9,3.79,108,94,63,210
836233,PBCHD05PBP,258493,28/04/2019,11:57,12:57,Pale Yellow,Slightly cloudy,1.014,4.6,Trace,Trace,Negative,Negative,Negative,Normal,Negative,11-13,1,3-2,Nil,Nil,Amorphous debris,11.8,6.6,58.4,78.1,17,20,12.7,39.5,3256,38,23,7,3,0,1.3,2.96,0.77,0.16,0.02,50,7,12,0.29,29.9,2.5,0.23,0.39,0.39,174,59,99.1,35.6,178,138,2.9,1.68,0.6,0.8,0.1,0.7,41,13,17,21,7.9,4.5,3.4,1.32,0.7,15.8,7.3786,10.54,129,4.9,113,3.7,111.76,61,317,378,16.14,5.8,119.76,0.1,88.1,139.5,63.15,11.2,2.5,186,5.4,1.42,100,283,75,120
624821,GYAHD07KAU,696839,28/04/2019,09:11,10:34,Light Yellow,Slightly cloudy,1.025,6.9,Trace,Negative,Negative,Negative,Negative,Normal,Negative,4-5,0,2-2,Nil,Rare,NIL,11.1,2.1,39.4,95.8,52,28,14.2,39.9,5582,59,25,1,19,0.5,16.35,5.65,0.06,0.57,0,356,11.7,14,0.36,32,2.3,3.88,0.23,0.07,168,36,146.4,56.2,281,137,4.7,4.07,0.25,0.4,0,0.4,49,24,34,46,6.7,4.2,2.5,1.68,0.8,28.5,13.3095,16.64,148,5,115,7.6,101.83,101,235,336,30.06,5.9,122.63,0.3,10,122.2,8.18,14.8,3.9,210,19.3,2.71,156,96,135,161
412576,GYAHD01KAU,948409,26/04/2019,10:53,12:04,Pale Yellow,Clear,1.015,4.7,Negative,Negative,Negative,Negative,1+,Normal,Negative,2-4,0,1-2,Nil,Nil,NIL,12.1,4.8,40.6,96.7,25,29,12.4,44.2,7564,37,48,6,4,0,1.4,2.5,0.91,0.12,0.06,178,11.9,17,0.33,22.2,1.1,5.93,0.62,0.61,210,59,20.4,27.3,136.5,100,3.6,0.35,2.89,0.5,0.2,0.3,93,8,30,41,7,4.8,2.2,2.18,0.6,7.2,3.3624,5.6,142,3,99,4.2,66.84,123,269,392,31.38,6.7,145.59,0.6,28.2,234.3,12.04,7.1,2.7,221,19.6,7.54,81,79,77,144
256905,MZLGI11APK,916580,24/04/2019,08:58,09:49,Dark Yellow,Clear,1.006,6.9,3+,Negative,Negative,Negative,Negative,Normal,Negative,8-9,1,1-2,Nil,Rare,Parasites,17.4,4.8,25,75.1,36,69,12.5,39.3,4507,41,51,5,5,0,3.45,2.97,0.68,0.04,0.09,54,9.8,17,0.36,23.1,0.9,0.36,3.21,0.11,239,36,114.6,35.9,179.5,121,6.6,3.18,0.31,0.6,0.2,0.4,128,11,15,22,7.6,4.1,3.5,1.17,0.8,16.2,7.5654,9.46,140,3.1,96,3.6,21.16,170,118,288,59.03,6.4,136.98,0.6,24.2,91.1,26.56,10.1,4.1,222,3.4,3.14,123,62,86,76
843182,PBCHD12HPP,499522,25/04/2019,08:29,09:51,Light Yellow,Clear,1.026,6.5,Negative,1+,Negative,Negative,Negative,Normal,Negative,4-6,2,1-2,Nil,Nil,NIL,14.2,5.1,56.2,96.6,27,25,13.7,45.3,7685,60,26,8,6,0,3.85,2.89,0.99,0.53,0.07,332,9,15,0.29,24.1,5.4,0.13,0.73,0.3,207,59,76.7,32.5,162.5,177,3.5,1.3,0.77,0.5,0.2,0.3,51,54,34,24,7.8,4.8,3,1.6,0.6,18.2,8.4994,14.17,142,5.4,104,6.2,90.75,157,353,510,30.78,6.6,142.72,0.8,15.2,27,56.3,9.4,2.4,142,18.8,3.28,87,75,75,170
273490,PBCHD15HPP,780548,26/04/2019,09:12,10:38,Pink,Clear,1.013,9.1,Trace,Trace,Negative,Negative,Trace,Normal,Negative,9-11,2,3-3,Nil,Nil,NIL,16.8,5,62.3,94.1,33,26,12,43.5,10428,60,34,1,7,0,22.25,2.27,0.42,0.21,0.08,408,7.2,13,0.35,21.5,4.8,0.34,0.25,0.01,159,51,96.1,28.7,143.5,129,3.1,1.88,0.53,1.7,0.8,0.9,48,37,11,89,8.3,4.2,4.1,1.02,1,11,5.137,5.14,138,4.9,99,5.5,110.14,98,274,372,26.34,8.3,191.51,0.2,14.7,236.3,6.22,9.9,3.5,64,6.6,3.5,93,75,70,95
704940,PBCHD12NLM,525855,27/04/2019,09:10,10:07,Straw,Clear,1.016,6,Trace,Trace,Negative,Negative,Negative,Normal,Negative,5-6,0,3-4,Nil,Nil,NIL,17.1,5.7,42,89.9,30,40,12.2,42.6,10659,44,15,6,7,2.2,2.62,1.95,0.48,0.01,0.01,123,7.8,19,0.11,13.6,0.9,0.33,2.25,0.88,201,32,149.6,16.2,81,166,6.3,4.68,0.21,0.5,0.2,0.3,52,19,20,23,8.3,4.1,4.2,0.98,1.6,67.1,31.3357,19.58,127,1.7,97,5,56.76,91,186,277,32.85,6.3,134.11,0.6,55,265.1,20.75,10.9,4,86,8.6,0.46,102,86,147,90
489980,GYAHD05KAU,869049,25/04/2019,10:52,12:00,Yellow,Clear,1.024,7.9,Negative,3+,Negative,Negative,Negative,Normal,Positive,4-5,4,2-4,Nil,Nil,NIL,12.7,4.3,46.5,48.9,29,27,12.1,31.6,6313,74,51,7,4,0,5.83,1.24,0.41,0.08,0.05,279,7.8,19,0.18,32.3,1.1,0.22,0.05,3.4,159,65,54.3,22.3,111.5,125,2.4,0.84,1.2,0.6,0.1,0.5,110,43,10,16,7.2,4.3,2.9,1.48,1,94.3,44.0381,44.04,104,3.5,97,3.2,108.76,67,328,395,16.96,6,125.5,0.4,10.3,210.3,4.9,8.7,3.4,84,4,2.66,88,73,193,392
182760,GYAHD08KAU,424306,26/04/2019,07:54,08:28,Yellow,Clear,1.013,6.6,Negative,2+,Negative,Negative,Negative,Normal,Negative,TNTC,1,3-4,Nil,Nil,NIL,13.9,6,31.2,84.8,23,44,14.2,46.7,8950,22,30,1,15,0,6.95,2.82,0.45,0.46,0.17,145,11,9,0.57,24.9,1.2,0.05,0.43,0.55,197,54,109.5,10.5,52.5,150,3.6,2.03,0.49,0.7,0.3,0.4,115,12,10,48,7.5,3.9,3.6,1.08,1,15.8,7.3786,7.38,135,5.3,95,2.8,118.61,128,347,475,26.95,7,154.2,0.9,10.3,230.7,4.46,11.9,3.7,77,9.8,2.95,99,90,147,133
550941,KLTRS06MLT,975160,26/04/2019,10:35,11:31,Light Yellow,Slightly cloudy,1.016,6.8,Negative,Negative,Negative,Negative,Negative,Normal,Negative,1-3,2,6-16,Moderate,Rare,Yeast cells,17.9,8,40.1,96.2,22,44,11.9,42.6,9408,60,47,1,16,0,5.21,1.04,0.51,0.77,0.02,31,11.3,12,0.3,16,0.1,0.23,0.29,0.39,201,54,80.8,42.6,213,96,3.7,1.5,0.67,0.6,0.2,0.4,116,84,18,30,8.4,3.8,4.6,0.83,0.7,18.1,8.4527,12.08,148,3.9,96,5.7,91.97,62,164,226,27.43,5,96.8,0.3,17.8,70.8,25.14,9.5,2.6,105,10.7,1.06,136,187,96,182
100311,MZLGI05APK,152942,28/04/2019,09:35,10:57,Light Yellow,Clear,1.013,6,Negative,Trace,Negative,Negative,Negative,Normal,Negative,6-8,4,3-3,Nil,Nil,NIL,9.9,4.4,36.1,72.5,22,27,14,31.4,10750,56,25,1,0,0.9,3.44,2.9,0.31,0.02,0.32,328,7.4,29,0.44,12.2,1.2,0.23,0.27,3.04,141,42,78.1,33.1,165.5,160,3.4,1.86,0.54,0.8,0.2,0.6,81,13,17,33,7.4,4.1,3.3,1.24,0.7,13.5,6.3045,9.01,137,4.4,102,4.8,113.64,114,283,397,28.72,6,125.5,0.6,11.8,80.5,14.66,8.7,2.6,188,7.8,1.22,87,75,89,123
592368,PBCHD01SKM,794279,27/04/2019,06:44,08:09,Pale Yellow,Clear,1.019,5,Negative,Negative,Negative,Negative,Negative,Normal,Negative,1-3,2,11-18,Rare,Nil,Yeast cells,16.8,5.6,42.9,93,30,39,11.7,44.3,6899,22,16,9,2,0,19.09,0.56,0.26,0.06,0.05,80,8.1,8,0.29,38.9,2.4,0.08,0.18,1.24,168,52,97.8,53.9,269.5,115,3.2,1.88,0.53,0.3,0,0.3,84,14,15,36,7.6,3.5,4.1,0.85,0.8,9.8,4.5766,5.72,125,3.7,95,3.1,103.98,193,350,543,35.54,5.8,119.76,1,12.4,119.2,10.4,10.3,2,87,22.1,1.52,109,78,77,99
373801,MZLGI06GJS,209919,24/04/2019,11:57,12:50,Pale Yellow,Clear,1.017,6.6,Negative,1+,Negative,2+,Negative,Normal,Negative,TNTC,0,11-12,Nil,Few,Fungal elements,15.4,6,45.5,85.4,25,33,12.7,44.9,5654,50,32,2,8,1.1,3.77,1.68,0.25,0.41,0.03,132,11.1,13,0.63,33.8,4.3,0.49,0.36,0.11,169,54,88.1,31.7,158.5,80,3.1,1.63,0.61,0.4,0.1,0.3,58,16,38,35,8.2,4,4.2,0.95,0.9,12.5,5.8375,6.49,143,4.5,97,6.8,92.44,75,317,392,19.13,8.5,197.25,0.8,16.4,94.8,17.3,11,3.6,113,9.6,3.08,79,91,65,85
307112,KLTRS04WBD,880318,27/04/2019,07:03,08:18,Dark Yellow,Clear,1.011,5.5,Trace,3+,Negative,1+,Negative,Normal,Negative,2-3,2,2-3,Nil,Nil,Fungal elements,6.8,5.4,54.5,85,12,12,14,44.6,8944,41,37,6,5,0,4.62,1.26,0.46,0.27,0.02,840,10.8,8,0.53,14.3,0.4,0.17,0.25,4.57,185,55,89.3,27.7,138.5,101,3.4,1.62,0.62,0.6,0,0.6,50,16,13,40,7.3,4.2,3.1,1.35,0.7,13,6.071,8.67,128,4.5,107,7,112.89,95,349,444,21.4,7.8,177.16,0.7,18.9,74.6,25.34,8.4,3.4,111,14.3,5.85,79,152,74,161
383283,GYAHD11ODK,522642,24/04/2019,07:13,08:37,Straw,Clear,1.018,5.4,Trace,Trace,Negative,Negative,Negative,Normal,Negative,8-9,1,1-4,Nil,Nil,NIL,13.3,2.8,32.2,84.7,47,41,12,41.6,50013,47,22,3,2,0,9.57,3.43,0.91,0.14,0.03,577,9.4,18,0.55,14.7,1.4,0.63,4.14,0.32,107,42,41.9,15.9,79.5,98,2.5,1,1,0.7,0,0.7,108,43,13,47,6,4.1,1.9,2.16,2.5,19.5,9.1065,3.64,138,3.8,99,3.6,110.01,150,156,306,49.02,6.4,136.98,0.4,11.8,146.3,8.07,9,4.5,239,12.4,0.3,116,121,62,70
411457,MZLGI08APK,325439,27/04/2019,09:14,09:46,Green,Clear,1.01,6.8,Negative,3+,Negative,Negative,Trace,Normal,Negative,TNTC,2,3-3,Nil,Nil,NIL,9,4.4,46.5,77.4,20,19,13.9,42.8,5311,50,36,2,3,0.2,0.36,1.28,0.53,0.01,0.07,56,16.6,11,0.22,16.7,0.8,0.1,0.27,0.38,205,76,70.1,55.8,279,106,2.7,0.92,1.08,0.4,0,0.4,55,26,35,36,6.9,4.5,2.4,1.88,1.2,13.3,6.2111,5.18,127,3.6,103,2.4,115.11,142,162,304,46.71,10.9,266.13,0.6,12.1,138.8,8.72,9,6.4,222,10.3,2.43,125,78,81,131
694502,MZLGI01BRC,757945,24/04/2019,07:56,09:14,Straw,Slightly cloudy,1.027,5.8,Negative,Negative,1+,Negative,Negative,Normal,Negative,5-6,1,2-3,Nil,Nil,NIL,13.4,5.9,42.8,45.7,22,31,12.2,41.7,5472,69,10,1,8,7.9,0.8,1.57,0.62,0.53,0.19,1087,6.1,12,0.27,29.8,0.1,0.13,0.99,0.14,207,35,75,5.2,26,155,5.9,2.14,0.47,0.7,0.2,0.5,104,37,38,45,7,4.9,2.1,2.33,1.1,16.3,7.6121,6.92,140,3.7,97,4.6,114.42,68,196,264,25.76,7.3,162.81,0.2,12.3,137.2,8.97,10.1,2.7,288,5.7,2.55,75,93,100,98
892081,KLTRS02TSS,699787,24/04/2019,07:21,08:26,Straw,Clear,1.019,6.2,Negative,2+,Negative,Negative,Negative,Normal,Negative,14-15,1,2-3,Nil,Nil,NIL,14.2,5.3,60.8,75.4,26,23,16.9,45.2,13264,51,31,3,4,0,9.81,1.1,0.6,0.05,0.03,202,9.6,17,0.53,24.5,4.6,0.94,0.11,0.04,673,51,93.8,94.6,473,140,13.2,1.84,0.54,3.9,1.9,2,320,40,25,45,5.3,4.1,1.2,3.42,0.9,12.2,5.6974,6.33,141,3.3,104,4.2,109.9,88,99,187,47.06,6,125.5,0.9,16.4,136.7,12,11.7,3.4,293,4.4,0.43,98,87,94,174
963323,GYAHD10KAU,372911,26/04/2019,06:53,08:19,Pale Yellow,Slightly cloudy,1.016,6.4,Negative,Trace,Negative,Negative,Negative,Normal,Negative,14-15,2,1-2,Moderate,Nil,NIL,11.3,4.6,38.8,40.9,24,29,11.7,43.4,8481,48,55,4,2,0,1.13,1.46,0.27,0.26,0,269,11.1,17,0.42,14.1,0.2,0.15,0.19,0.16,140,50,152.7,38.7,193.5,137,2.8,3.05,0.33,0.3,0,0.3,103,34,28,37,6.5,4.6,1.9,2.42,1.1,215.1,100.4517,91.32,138,5.9,92,4.2,86.96,170,263,433,39.26,8,182.9,0.6,11.8,152.7,7.73,11.3,4.5,140,5.2,7.44,108,70,73,199
413974,MZLGI07GJS,659765,27/04/2019,11:53,13:21,Green,Slightly cloudy,1.011,6.6,Trace,Trace,Negative,Negative,Negative,Normal,Negative,6-7,0,>20,Nil,Moderate,NIL,14.3,5.6,45.3,78.4,25,31,14.5,47.5,7992,60,16,4,4,0,9.24,2.22,0.38,0.44,0.1,402,11.3,14,0.23,15,3.6,2.71,0.15,0.57,150,45,112.9,37.6,188,120,3.3,2.51,0.4,0.9,0.3,0.6,124,33,13,21,7.1,2.7,4.4,0.61,0.7,19.5,9.1065,13.01,140,4.1,120,3.4,105.93,142,353,495,28.69,6.3,134.11,0.2,62,109.6,56.57,10.3,2.6,127,10.7,1.52,185,63,185,176
145866,GYAHD09JHJ,291984,27/04/2019,07:52,08:31,Pale Yellow,Hazy,1.01,4.9,1+,1+,Negative,Negative,Negative,Normal,Negative,6-8,2,>20,Few,Nil,NIL,12.5,5.3,29.2,64.3,23,42,14.2,40.5,4388,46,15,10,1,0.6,5.31,1.66,0.59,0.4,0.1,417,11.7,17,0.25,20,4.6,0.31,0.21,0.39,223,49,71.5,27.6,138,185,4.6,1.46,0.69,0.9,0.2,0.7,48,91,61,75,6,3.7,2.3,1.61,1,19,8.873,8.87,142,3.6,104,4.6,42.81,69,175,244,28.28,6.1,128.37,0.6,13,39.4,32.99,9.8,3,89,4.8,0.78,114,74,61,294
494719,GYAHD05KLM,535378,24/04/2019,11:16,12:08,Yellow,Clear,1.02,6.8,Trace,Trace,Negative,Negative,Negative,Normal,Negative,12-13,0,2-2,Nil,Nil,NIL,11.3,5.8,54.2,95.3,19,20,12.6,41.1,10327,38,35,4,3,0,8.64,1.63,1.13,0.3,0.07,565,14.2,11,0.07,15,3.1,0.24,0.24,0.25,199,47,97.3,95.6,478,63,4.2,2.07,0.48,0.8,0.3,0.5,127,36,32,48,9,4.6,4.4,1.05,1.2,14.1,6.5847,5.49,142,3.9,115,3.7,101.78,158,280,438,36.07,8.8,205.86,0.2,16.4,128.5,12.76,8.5,5.5,140,12.7,0.81,122,103,80,127
306867,MZLGI12APK,200426,27/04/2019,10:19,11:16,Yellow,Slightly cloudy,1.019,5.1,Trace,Negative,Negative,Negative,Negative,Normal,Negative,12-14,2,5-9,Moderate,Nil,NIL,16.5,3.9,45.7,90,42,36,13,45.2,7984,48,29,4,9,0.2,8.07,2.21,0.88,0.22,0.06,1191,10.5,10,0.21,25.9,0.1,0.89,0.33,0.89,807,67,113.1,33.1,165.5,152,12,1.69,0.59,0.7,0.2,0.5,106,55,32,45,7.3,3.9,3.4,1.15,1.1,12,5.604,5.09,124,3.3,111,4.8,91.13,109,189,298,36.58,8,182.9,0.3,14.5,138,10.51,12.5,6.5,191,19.4,10.93,75,98,94,115
753838,KLTRS11ODB,502700,24/04/2019,11:30,12:14,Pale Yellow,Clear,1.012,5,Negative,Negative,Negative,Negative,Negative,Normal,Negative,4-6,5,2-4,Nil,Nil,NIL,8.2,2.8,27.3,88.6,29,30,13.8,42.6,19736,32,51,4,2,0.6,8.46,0.68,0.41,0.44,0.02,446,10.8,15,0.23,25.4,2.4,0.04,0.07,0.36,896,26,98.2,18.8,94,138,34.5,3.78,0.26,14.8,10.3,4.5,68,10,11,12,8.3,4.6,3.7,1.24,1,26.4,12.3288,12.33,138,4,112,2.2,115.24,93,295,388,23.97,7.1,157.07,0.5,231.4,216.9,106.69,10.3,2.9,74,7.8,2.7,93,61,156,413
135962,MZLGI09RJK,335273,28/04/2019,07:01,08:17,Deep Amber,Slightly cloudy,1.018,7,Negative,Trace,Negative,Negative,Negative,Normal,Negative,4-6,0,2-3,Nil,Nil,Fat droplets or lipiduria,9.9,6.9,33.3,44.4,14,29,14.1,41.1,9873,72,15,1,6,0.9,6.97,2.6,0.2,0.3,0.08,233,10.9,11,0.38,24.8,2.2,0.36,0.04,2.9,112,42,71.6,23.5,117.5,99,2.7,1.7,0.59,0.4,0,0.4,89,27,11,21,6.3,3.7,2.6,1.42,1,13.8,6.4446,6.44,145,3.6,96,5.3,101.97,148,319,467,31.69,11.5,283.35,0.1,13.7,78.6,17.43,10.2,4.8,107,16.4,11.65,86,74,96,188
880235,MZLGI12MHP,115911,24/04/2019,11:19,11:51,Light Yellow,Clear,1.021,4.9,Negative,Trace,Negative,Negative,Negative,Normal,Negative,6-8,2,1-3,Nil,Nil,Amorphous debris,9.2,5.7,41.8,80.1,16,22,13.9,41,7636,37,28,4,12,0,9.39,1.56,0.71,0.47,0.05,230,7.7,14,0.1,31.6,4.9,0.28,0.15,0.34,150,54,74.7,44.2,221,90,2.8,1.38,0.72,0.3,0.1,0.2,96,15,11,14,7.9,4.3,3.6,1.19,0.8,15.2,7.0984,8.87,128,3.7,97,2.7,100.58,118,202,320,36.88,12.8,320.66,0.9,10,60.3,16.58,8.7,2.4,303,6.7,0.39,96,130,114,140
212578,KLTRS03KLP,108451,25/04/2019,08:36,09:53,Pale Yellow,Clear,1.011,6.8,Trace,Negative,Negative,Negative,Negative,Normal,Negative,11-13,1,3-4,Nil,Few,Amorphous debris,9.1,5.2,38.2,47.4,17,23,11.6,42.3,6992,33,11,6,23,0.7,2.3,2.82,0.04,0.17,0.19,232,8.4,15,0.26,21.9,0.1,0,0.31,0.77,237,24,78.2,26.4,132,142,9.9,3.26,0.31,0.7,0.3,0.4,122,44,25,33,6.2,3.6,2.6,1.38,0.8,16.2,7.5654,9.46,138,2.8,97,6.3,37.87,164,296,460,35.65,6.3,134.11,0.4,13.5,205.4,6.57,9.3,2.3,144,8.7,0.77,117,167,100,136
369004,GYAHD10ODK,596190,27/04/2019,11:05,12:23,Pale Yellow,Hazy,1.025,5.4,Trace,Trace,2+,Negative,Negative,Normal,Negative,8-9,1,2-2,Nil,Nil,Artifacts,18.9,5.1,32.9,98.2,37,57,13.1,32.7,36690,51,18,3,4,2.4,8.23,1.67,1.34,0.36,0.09,447,8.7,14,0.31,14.8,1.7,0.26,0.66,0.16,191,60,43.5,14.8,74,68,3.2,0.73,1.38,0.7,0.2,0.5,94,40,82,40,6.1,4,2.1,1.9,0.6,8.4,3.9228,6.54,126,4.9,106,3.5,42.17,136,139,275,49.45,6,125.5,0.6,28.8,85.6,33.64,13.2,3.7,106,5.2,1.93,79,60,97,116
733294,MZLGI04RJK,315603,25/04/2019,06:15,07:14,Pale Yellow,Slightly cloudy,1.014,5.4,1+,Trace,Negative,Negative,Negative,Normal,Negative,14-15,0,3-2,Nil,Nil,NIL,11.8,4.7,12.1,88.1,25,97,12.7,42.4,4482,37,31,1,6,11,1.1,4.02,0.78,0.12,0.13,214,9.4,11,0.24,31.7,0.1,0.86,0.56,0.17,127,51,86.7,10.6,53,119,2.5,1.7,0.59,1.1,0.1,1,107,50,30,21,8,3.6,4.4,0.82,1,7.8,3.6426,3.64,149,4.4,109,6.4,101.3,138,345,483,28.57,7,154.2,0.9,92.6,253.8,36.49,9.8,6,85,3.4,2.65,100,97,96,130
877155,GYAHD06JHJ,448322,24/04/2019,06:29,07:50,Straw,Slightly cloudy,1.017,6.5,Negative,3+,Negative,Negative,Negative,Normal,Negative,9-10,1,1-3,Nil,Nil,NIL,8.3,5.3,38.2,62.6,15,21,14.2,39.4,19611,48,31,3,5,0.8,0.76,1.06,0.56,0.46,0.19,419,5.5,17,0.56,12.3,1.6,0.08,0,0.21,200,49,92.1,34.6,173,143,4.1,1.88,0.53,0.9,0.3,0.6,71,9,16,48,7.4,3.6,3.8,0.95,1,6.9,3.2223,3.22,142,3.2,115,2.1,92.56,146,236,382,38.22,6,125.5,0.1,10.4,109.4,9.51,10.4,5.4,85,12.3,0.4,116,68,92,95
629104,KLTRS10MLT,181769,25/04/2019,10:51,12:17,Light Yellow,Clear,1.012,6.6,3+,Negative,Negative,Negative,Negative,Normal,Negative,11-13,2,3-4,Nil,Nil,NIL,15.2,3.4,48.3,79.8,44,31,12.7,42.6,7815,15,38,5,8,0,6.97,1.75,0.24,0.94,0.04,401,10.8,12,0.32,22,4.3,4.07,0.23,0.38,207,45,77.3,5,25,63,4.6,1.72,0.58,0.5,0.2,0.3,136,19,37,30,5.9,3.6,2.3,1.57,1.1,8.1,3.7827,3.44,148,5.7,101,2.8,92.94,129,301,430,30,5.8,119.76,0.4,18.7,51.3,36.45,10.6,4.5,195,2.3,7.9,95,84,119,127
996245,GYAHD13KAU,206226,24/04/2019,08:35,09:23,Yellow,Clear,1.017,6.8,Negative,Negative,Negative,2+,Negative,Normal,Negative,11-12,2,15-8,Rare,Rare,NIL,8.2,4.6,40.2,42.4,17,20,13.8,43.8,9857,67,38,10,3,6.9,1.98,2.3,0.63,0.9,0.08,448,7.7,17,0.09,13.6,2.4,0.87,0.11,0.29,240,57,136.5,25.5,127.5,103,4.2,2.39,0.42,0.6,0,0.6,66,23,34,27,7.2,3.8,3.4,1.12,0.6,7.1,3.3157,5.53,139,3,91,3.2,38.86,63,124,187,33.69,7.5,168.55,0.9,15.4,60.8,25.33,8.2,3,170,16.4,2.35,103,84,74,129
241880,MZLGI05RJK,744977,26/04/2019,11:49,12:34,Dark Yellow,Clear,1.02,4.6,Trace,Negative,Negative,Negative,Negative,Normal,Negative,9-10,2,2-2,Rare,Nil,Artifacts,9.3,5.8,37.5,90.1,16,24,12.1,43.9,8860,44,22,5,8,0,3.88,2.62,0.56,0.17,0.09,411,11.9,20,0.28,26.5,0.1,1.81,3.42,0.06,775,49,109,24.3,121.5,130,15.8,2.22,0.45,0.7,0.1,0.6,56,35,17,25,6.2,4.7,1.5,3.13,0.8,17.6,8.2192,10.27,120,2.9,106,6.6,101.11,197,357,554,35.56,6.5,139.85,0.6,23.8,37.2,63.98,12.6,5.5,89,9.5,0.69,71,84,97,187
363521,KLTRS01WBD,625646,24/04/2019,10:51,12:04,Yellow,Clear,1.03,4.8,Negative,1+,Negative,Negative,Negative,Normal,Negative,1-3,2,1-4,Nil,Moderate,Mucus threads,14.6,5,49.7,111,29,29,13.4,41,4064,56,25,6,2,0,0.85,1.57,1.32,0.3,0.09,71,14,18,0.34,30.9,0.9,0.4,0.97,0.07,159,56,86.6,10.8,54,173,2.8,1.55,0.65,0.6,0.2,0.4,124,16,20,43,7.1,4.3,2.8,1.54,1.4,13.7,6.3979,4.57,147,2.2,96,4.9,99.41,133,132,265,50.19,6.3,134.11,0.9,14,206.6,6.78,9.1,2.1,145,17.5,3.69,113,61,97,63
974785,PBCHD04KLC,566819,27/04/2019,11:57,13:14,Orange,Clear,1.004,4.8,Trace,Negative,Trace,Negative,Negative,Normal,Negative,5-6,1,17-17,Rare,Moderate,NIL,10.5,5.4,45.4,74.7,19,23,13.5,40.9,4304,55,31,1,11,0,5.78,5.09,0.6,0.42,0.04,20,8.2,26,0.31,14.6,2.9,0.18,0.04,0.02,618,43,84.9,32.1,160.5,161,14.4,1.97,0.51,0.8,0.2,0.6,128,25,39,43,6.5,4.3,2.2,1.95,1.2,82.8,38.6676,32.22,136,3.1,101,4.2,105.55,219,268,487,44.97,8.9,208.73,0.8,10.3,95.3,10.81,9,3,149,8.3,3.29,94,102,77,112
197321,GYAHD03JHJ,639816,25/04/2019,07:42,08:13,Light Yellow,Milky,1.014,4,Trace,Negative,Trace,Negative,Negative,Normal,Negative,56-59,1,1-2,Nil,Rare,NIL,14.1,5.5,28.6,80,25,49,14.5,45.5,6503,50,27,4,2,12,5.58,1.06,0.6,0.36,0.11,479,9.3,10,0.1,34,2.2,4.15,4.29,1.76,149,22,184.1,44.1,220.5,108,6.8,8.37,0.12,0.5,0.2,0.3,99,55,40,77,6.1,3.9,2.2,1.77,0.9,14,6.538,7.26,115,4.7,100,6.7,117.79,92,208,300,30.67,7.7,174.29,0.2,21.5,68.8,31.25,8.6,3.3,263,8.5,1.5,91,81,87,111
702720,GYAHD13ODK,960679,25/04/2019,10:56,11:34,Yellow,Clear,1.012,5.1,Negative,Trace,Negative,Negative,Negative,Normal,Negative,12-14,1,1-2,Nil,Nil,NIL,3.9,5.7,28.2,79.9,6,13,15.9,44.2,5791,60,44,9,8,1.2,20.62,0.79,0.22,0.03,0.09,357,9.6,11,0.33,12.7,4.3,0.35,0.19,0.84,130,53,79.9,26.4,132,137,2.5,1.51,0.66,1,0.3,0.7,74,11,10,34,7.5,3.7,3.8,0.97,0.7,13.9,6.4913,9.27,141,4.4,100,2.7,108.86,101,136,237,42.62,5.1,99.67,1,10.2,128.9,7.91,10.1,3.3,117,5.1,3.59,118,62,72,109
338604,MZLGI08RJK,288597,26/04/2019,11:38,12:08,Dark Yellow,Clear,1.01,4.9,Negative,Negative,Negative,Negative,Negative,Normal,Negative,3-4,1,1-3,Nil,Nil,NIL,16.3,5.4,20.7,51.4,30,78,12.9,32.3,9850,58,52,2,3,4.4,5.92,1.37,0.75,0.16,0.02,291,8.4,15,0.22,39.6,2.7,1.64,4.78,0.36,189,56,160.8,31.2,156,135,3.4,2.87,0.35,0.7,0.1,0.6,72,37,24,44,8.1,3.8,4.3,0.88,1.1,14.3,6.6781,6.07,143,5.2,100,9.7,95.86,158,202,360,43.89,5.9,122.63,0.5,981,137.7,712.42,8.2,2.1,153,4.1,1.7,107,63,101,174
685525,PBCHD10PBM,436875,26/04/2019,08:14,09:04,Straw,Clear,1.012,6.8,Trace,Negative,Negative,Negative,Negative,Normal,Negative,10-12,2,3-4,Nil,Moderate,NIL,14.7,8.1,57.2,76.8,18,25,12.4,41.5,9787,79,15,3,4,0,2.66,0.11,0.66,0.33,0.08,410,8.7,14,0.2,21.4,1.3,3.78,0.85,2.66,185,32,23.7,5.6,28,142,5.8,0.74,1.35,0.7,0.2,0.5,59,49,17,23,6.2,3.6,2.6,1.38,0.8,37.2,17.3724,21.72,145,3.9,100,5.1,82.4,76,344,420,18.1,6.3,134.11,0.3,13.9,96.6,14.39,9.3,2.6,67,10.2,1.17,101,155,89,116
433592,KLTRS03NLZ,388126,26/04/2019,10:07,11:13,Straw,Slightly cloudy,1.019,6.8,Negative,1+,Negative,Negative,Negative,Normal,Negative,10-12,1,3-4,Nil,Rare,Artifacts,14.4,5.1,40.4,69.2,28,35,12.2,41.7,9459,60,33,4,8,0,7.07,2.47,0.8,0.41,0.04,168,8.5,15,0.29,24.3,3.2,0.63,3.23,5.85,188,49,89.4,37.8,189,78,3.8,1.82,0.55,0.5,0.2,0.3,128,54,30,38,7.2,3.8,3.4,1.12,0.7,17.3,8.0791,11.54,139,1.5,84,5.9,95.69,136,184,320,42.5,6.2,131.24,0.1,18.5,205.8,8.99,11.6,2.7,238,9,5.36,88,138,101,148
399651,PBCHD10GAM,835102,24/04/2019,10:40,11:59,Straw,Opaque,1.012,6.7,Negative,Negative,Negative,Negative,2+,Normal,Negative,10-11,18,2-2,Nil,Nil,NIL,9.5,5.9,43.9,80.7,16,21,13.8,43.6,6700,56,26,1,8,0,1.06,1.64,0.64,0.08,0.06,425,12.1,13,0.13,16.9,1,0.15,0.59,0.03,193,24,90.4,14,70,157,8,3.77,0.27,0.6,0.1,0.5,95,44,33,20,7,4.7,2.3,2.04,0.7,14.4,6.7248,9.61,137,4.4,112,5.3,115.53,96,184,280,34.29,7.9,180.03,0.9,24.4,144.6,16.87,8.6,4.9,264,10.5,1.41,76,117,115,237
689966,GYAHD07KLM,166417,26/04/2019,10:05,10:38,Pale Yellow,Hazy,1.016,5.4,Trace,Trace,Negative,Negative,Negative,Normal,Negative,13-15,1,1-3,Nil,Nil,Amorphous debris,11.6,4.3,31.2,95.4,26,37,14.5,42.7,2517,62,34,2,8,0,4.11,2.01,0.57,0.23,0.01,149,11,11,0.22,44.8,4.4,0.95,0.26,0.3,200,40,50.1,6.4,32,130,5,1.25,0.8,1,0.3,0.7,103,38,24,25,6.7,5,1.7,2.94,1.1,13.3,6.2111,5.65,146,3.9,104,3.6,108.69,89,347,436,20.41,7.4,165.68,0.1,11.9,184.6,6.45,10.8,2,147,4.2,3.68,82,84,118,264
653774,GYAHD15KLM,542357,24/04/2019,07:13,08:26,Pale Yellow,Clear,1.015,6.1,Trace,Negative,Negative,Negative,Negative,Normal,Negative,13-15,1,2-3,Rare,Nil,NIL,15.1,6.4,21.2,82,23,71,16.7,42.4,16277,50,29,2,10,0,22.99,0.13,0.53,0.11,0.07,121,9.5,26,0.18,26.2,0.8,0.4,0.21,0.13,169,74,77.1,24.7,123.5,67,2.3,1.04,0.96,0.2,0,0.2,116,41,20,36,7.5,3.8,3.7,1.03,0.6,14.2,6.6314,11.05,133,2.5,115,4.6,100.79,67,187,254,26.38,6,125.5,0.7,15.2,100.7,15.09,9.4,3.9,104,15.2,1.4,118,61,84,137
322857,MZLGI05GJS,311058,26/04/2019,09:52,11:08,Straw,Clear,1.012,4.8,1+,Negative,Negative,2+,Negative,Normal,Negative,4-5,0,1-2,Nil,Nil,Yeast cells,6.4,5,47.4,98.7,12,13,13.6,41.6,40236,46,39,3,8,0,8.21,5.42,0.59,0.39,0.01,163,8.7,14,0.38,29.5,4.3,0.32,0.12,2.18,159,21,73.9,24.6,123,121,7.6,3.52,0.28,0.5,0.2,0.3,63,35,26,11,7.7,4.3,3.4,1.26,0.9,7.5,3.5025,3.89,142,3.7,101,5.4,119.26,90,303,393,22.9,5.7,116.89,0.5,16.4,549,2.99,10.5,3.9,119,10.7,2.22,93,173,98,92
308510,PBCHD01MHS,774593,24/04/2019,08:23,09:31,Pale Yellow,Clear,1.013,6.6,Negative,Negative,Negative,Negative,1+,1+,Negative,3-5,1,2-4,Nil,Nil,NIL,9.7,5.6,48.1,90.7,17,20,11.6,44,8686,59,35,5,4,0,1.41,1.07,0.67,0.14,0.09,421,9.7,8,0.31,31.3,3.6,0.36,0.03,0.22,100,75,118.2,5.7,28.5,216,1.3,1.58,0.63,0.3,0.1,0.2,92,9,14,6,7.2,4.1,3.1,1.32,1,37.9,17.6993,17.7,147,4.7,103,9.1,105.56,172,339,511,33.66,6,125.5,0.3,149.4,27,553.33,8.6,4.1,93,11.5,1.38,75,61,96,177
177419,KLTRS04KLP,338112,26/04/2019,07:35,08:48,Light Yellow,Slightly cloudy,1.013,5.8,Negative,Negative,Negative,Negative,Negative,Normal,Negative,10-11,0,2-2,Few,Nil,NIL,16.6,4.9,30.7,78.8,33,54,13.6,40.3,9000,47,32,5,12,0,6.3,0.56,0.89,0.2,0.14,77,16,11,0.2,24.6,3.9,0.11,0.35,2.3,228,55,95.2,10.3,51.5,146,4.1,1.73,0.58,0.5,0.2,0.3,72,50,12,44,6.3,4.4,1.9,2.32,0.8,13.9,6.4913,8.11,120,3.1,109,6.6,93.48,150,359,509,29.47,12,297.7,0.2,12.8,72.8,17.58,10.3,3.2,229,21.3,3.77,116,70,244,74
564791,MZLGI08RJK,535932,28/04/2019,10:02,11:25,Light Yellow,Clear,1.013,5.6,Trace,Trace,Negative,Negative,Negative,Normal,Negative,5-7,1,2-2,Rare,Nil,NIL,16.3,8.3,39.7,77.9,19,41,14.5,43.2,48416,57,40,23,11,0,11.5,1.19,0.74,0.18,0.02,126,11.6,14,0.39,25.4,7.1,3.46,0.64,0.09,118,42,74.2,12.1,60.5,123,2.8,1.77,0.57,4.8,0.3,4.5,93,52,29,11,7.4,3.5,3.9,0.9,0.8,7.2,3.3624,4.2,135,3.7,115,4.6,119.01,233,113,346,67.34,5.9,122.63,0.7,21.3,114.8,18.55,9.1,2.6,182,20.8,3.55,75,80,104,84
645814,PBCHD03GAM,333563,25/04/2019,07:09,07:41,Light Yellow,Hazy,1.019,6.7,Trace,3+,Negative,Negative,Negative,Normal,Negative,5-7,1,2-3,Nil,Rare,NIL,19.8,5.1,51.6,93.9,38,38,12.8,37.7,4449,30,31,4,7,0,5.62,2.76,0.35,0.4,0.04,233,7.8,14,0.31,49,4.5,0.04,0.01,3.78,194,35,144.3,31.7,158.5,195,5.5,4.12,0.24,0.7,0,0.7,59,23,20,10,8,3.4,4.6,0.74,0.8,18.3,8.5461,10.68,145,3,102,4.9,109.54,94,139,233,40.34,6.1,128.37,0.7,15.7,148.1,10.6,9.9,2.7,148,19.1,2.91,108,71,107,70
543271,PBCHD13GAM,793211,25/04/2019,07:57,09:15,Yellow,Slightly cloudy,1.011,5,2+,3+,Negative,Negative,Negative,Normal,Negative,2-3,2,3-4,Nil,Nil,Mucus threads,9,6.9,25.1,90,13,35,13.7,43.4,5684,46,12,9,4,0,3.25,2.98,0.79,0.33,0.43,284,9,20,0.37,34.6,0.6,0.16,0.16,4.59,203,26,87.5,7.9,39.5,105,7.8,3.37,0.3,0.5,0.2,0.3,90,25,16,24,7.6,4.4,3.2,1.38,0.8,13.7,6.3979,8,137,4.9,90,5.9,117.44,147,353,500,29.4,6.8,148.46,0.8,17.1,252.2,6.78,9,6.8,145,10.6,3.07,81,123,114,125
336738,KLTRS08KLP,112498,26/04/2019,11:48,12:38,Pale Yellow,Clear,1.017,5.7,Trace,Negative,Negative,Negative,Negative,Normal,Negative,TNTC,1,1-2,Nil,Nil,NIL,17,5.6,15.3,43.1,30,111,13.9,45.4,5052,26,47,2,8,0,8.28,1.4,0.89,0.43,0.01,298,14.4,11,0.24,26.1,6.8,0.3,0.46,3.32,164,36,70.8,59.7,298.5,79,4.6,1.97,0.51,0.7,0.3,0.4,99,11,14,16,7,3.1,3.9,0.79,2.3,16.7,7.7989,3.39,149,4.6,112,3.8,127.84,86,153,239,35.98,6.2,131.24,0.5,241.9,92.7,260.95,10.9,1.9,96,8,2.95,93,81,77,70
961299,PBCHD01KLC,952428,25/04/2019,08:48,09:46,Pale Yellow,Hazy,1.011,5.3,Negative,Negative,Negative,Negative,Negative,1+,Negative,TNTC,0,15-14,Nil,Nil,Artifacts,10.2,5.7,43.9,71.2,17,23,13.4,41.8,8982,36,32,5,10,0,7.28,1.32,0.77,0.25,0.14,304,14.1,11,0.59,35.7,0.1,0.27,0.34,5.01,172,64,82.2,20,100,162,2.7,1.28,0.78,0.2,0,0.2,114,50,17,9,7.7,4.8,2.9,1.66,0.6,16.3,7.6121,12.69,142,4.3,102,6.4,111.07,160,181,341,46.92,7.8,177.16,0.4,16.3,427,3.82,11,4.7,130,7.2,3.65,90,88,156,168
966545,PBCHD04RJU,448790,26/04/2019,08:14,08:52,Pale Yellow,Hazy,1.017,5,Trace,Negative,Negative,Negative,Negative,Normal,Negative,10-11,2,3-4,Rare,Nil,NIL,16.2,4.7,27.7,90.5,34,58,13.4,49.6,10770,68,26,1,5,0,8.42,1.06,0.67,0.48,0.05,103,7.2,17,0.33,45.2,1,2.59,2.72,0.08,192,23,53.1,12.2,61,180,8.3,2.31,0.43,1,0.3,0.7,73,18,35,17,8.1,4,4.1,0.98,0.7,31.2,14.5704,20.81,141,4.8,100,2.1,64.66,99,212,311,31.83,10.5,254.65,0.7,688.6,68.7,1002.33,7.7,2.7,91,18.4,3.27,78,78,160,286
103747,MZLGI01RJK,457824,24/04/2019,06:37,07:12,Yellow,Clear,1.015,6.8,Trace,Trace,Negative,Negative,Negative,Normal,Negative,7-9,16,2-3,Nil,Rare,Artifacts,1.6,7.2,45.9,98.2,2,3,13.9,39.9,10836,60,18,11,11,0,2.09,1.94,0.62,0.54,0.07,131,7,14,0.09,17,1.9,0.33,0.04,0.36,150,24,103.2,18.3,91.5,129,6.3,4.3,0.23,1,0.3,0.7,68,28,14,46,5.7,4.9,0.8,6.13,1.2,12.1,5.6507,4.71,117,3.7,95,4.4,100.3,133,346,479,27.77,6.7,145.59,0.3,21.5,28,76.79,8.6,4.4,160,12.2,1.96,105,154,97,299
386544,PBCHD04GAM,180857,28/04/2019,08:10,09:23,Straw,Slightly cloudy,1.012,6.6,Trace,Negative,Negative,Negative,Negative,Normal,Negative,1-2,1,1-4,Nil,Nil,Fat droplets or lipiduria,16,5.8,41.8,88.8,27,38,12.7,43.6,7811,71,39,1,3,0,2.8,5.76,0.71,0.24,0.13,274,7.2,15,0.09,16.8,0.1,0.01,0.36,0.43,176,56,149.4,58.6,293,89,3.1,2.67,0.37,0.5,0.1,0.4,58,32,10,42,7.9,4.7,3.2,1.47,1.2,11.7,5.4639,4.55,137,4.4,103,4.5,104.42,67,338,405,16.54,8.9,208.73,0.9,14.9,60.1,24.79,8.4,5.7,82,19.9,8.25,121,71,79,96
974441,GYAHD14ODK,649030,27/04/2019,08:41,09:25,Red,Clear,1.019,6.1,Trace,Trace,Negative,Negative,Negative,Normal,Negative,5-7,2,17-8,Nil,Nil,Fat droplets or lipiduria,12.7,7.5,36.9,89.4,16,34,12.5,40.5,7351,37,40,4,3,0,9.18,1.43,0.75,0.69,0.06,425,9.3,11,0.52,24.9,4.9,0.96,0.28,0.27,201,43,151.4,5.9,29.5,104,4.7,3.52,0.28,0.7,0.3,0.4,42,55,36,19,7.8,4.9,2.9,1.69,1.6,13.3,6.2111,3.88,130,4.6,101,4.1,108.51,200,275,475,42.11,8.4,194.38,0.8,26.3,127.2,20.68,10.3,7,229,13.5,3,77,82,179,62
372561,MZLGI12RJK,681777,24/04/2019,09:32,10:47,Pale Yellow,Hazy,1.017,8,Trace,4+,Negative,Negative,Negative,Normal,Negative,2-4,0,3-4,Nil,Rare,NIL,12.2,6.1,48.4,98.6,20,25,14.6,39.8,2121,52,49,5,8,0,19.1,2.17,0.74,0.47,0.03,182,11.4,11,0.38,34.4,0.9,0.01,0.04,0.23,170,34,91.5,33,165,97,5,2.69,0.37,0.4,0.1,0.3,54,44,20,43,6.3,3.5,2.8,1.25,1.2,7,3.269,2.72,139,5.9,102,2.2,108.14,149,165,314,47.45,9.6,228.82,0,14.1,96,14.69,10.3,3.2,147,13,1.54,108,93,64,77
240667,KLTRS12KLP,827119,25/04/2019,06:55,07:38,Pale Yellow,Slightly cloudy,1.018,5.7,Negative,1+,Negative,2+,Negative,Normal,Negative,TNTC,0,1-3,Nil,Nil,Fat droplets or lipiduria,11.6,4.8,44.3,115.6,24,26,13.4,39.5,2964,39,37,4,8,0,18.83,3.38,0.81,0.02,0.05,443,9.7,14,0.21,13.8,1.9,2.95,0.02,0.45,186,78,80.1,21.5,107.5,105,2.4,1.03,0.97,0.6,0,0.6,63,27,30,22,7.2,4.9,2.3,2.13,0.8,38.5,17.9795,22.47,142,5.6,97,5.9,113.68,70,249,319,21.94,6,125.5,1,18.1,31.4,57.64,11.4,6,98,7.7,6.31,125,100,101,74
245629,PBCHD06PBP,847458,26/04/2019,11:39,13:05,Pale Yellow,Clear,1.026,5.1,Trace,Negative,Negative,Negative,Negative,Normal,Negative,10-11,4,1-4,Nil,Nil,NIL,8.3,5.5,61.7,72.2,15,13,13,39.2,9592,53,23,6,4,0,2.55,1.06,0.71,0.61,0.11,395,11.9,16,0.1,27.5,4.2,0.81,1.62,0.05,112,55,84.5,17.6,88,143,2,1.54,0.65,0.7,0.3,0.4,187,41,27,36,8.1,4.9,3.2,1.53,1.2,18.6,8.6862,7.24,128,3.9,95,3.8,10.03,146,327,473,30.87,6,125.5,0.2,15.8,63.9,24.73,9.4,3,290,10.5,5.58,178,75,235,144
539854,PBCHD09SKM,208753,24/04/2019,08:22,09:07,Light Yellow,Clear,1.023,6.7,Trace,Trace,Negative,Negative,Negative,Normal,Negative,6-7,0,1-4,Nil,Nil,NIL,15.2,4.1,23.7,81.9,37,64,12.3,41.8,8939,41,10,7,2,0,5.55,1.28,0.25,0.08,0.03,338,7.6,13,0.39,15.1,3.2,0,3.76,1,141,51,94.1,66.1,330.5,123,2.8,1.85,0.54,0.7,0.3,0.4,317,20,22,43,6.4,4.1,2.3,1.78,1,9,4.203,4.2,138,5.8,97,6,109.02,123,117,240,51.25,6,125.5,8.4,16.5,124.9,13.21,9.6,3.9,280,3.3,4,98,143,100,70
245948,MZLGI02RJK,313071,24/04/2019,06:45,08:06,Straw,Hazy,1.011,6.1,Trace,Negative,Negative,Negative,Negative,Normal,Negative,14-15,2,1-2,Nil,Nil,NIL,20.2,4.3,45.4,80,46,44,13.6,41.6,7534,32,26,8,11,0,6.54,5.63,0.75,0.31,0.07,1129,7.7,12,0.25,35.6,3.3,0.31,0.02,0.02,200,20,79.5,48.3,241.5,133,10,3.98,0.25,0.7,0.3,0.4,97,46,27,25,7,4.8,2.2,2.18,0.8,11.4,5.3238,6.65,124,3.9,96,6.3,102.26,70,218,288,24.31,8.2,188.64,1,13.4,85.1,15.75,8.9,5.8,240,12.7,2.03,98,63,84,345
394152,PBCHD05GAM,704208,27/04/2019,11:53,12:39,Straw,Clear,1.014,5.1,Trace,1+,Negative,1+,2+,Normal,Negative,34-35,2,3-2,Rare,Nil,NIL,17,5.8,37,74.1,29,45,13.8,42.1,10441,45,22,4,0,0,6.08,0.76,0.06,0.26,0.08,384,11.8,11,0.66,26.6,0.5,0.22,0.2,2.62,175,22,152.8,62.4,312,116,8,6.95,0.14,0.7,0.3,0.4,59,18,37,48,8.2,4.1,4.1,1,1.1,30.4,14.1968,12.91,90,3.7,102,3.5,112.18,66,295,361,18.28,8.7,202.99,1,15,133.4,11.24,9.6,4.1,62,3.1,0.11,116,75,80,159
555353,PBCHD15PBM,457620,28/04/2019,09:15,09:48,Straw,Clear,1.012,6.7,Trace,Negative,Negative,Negative,Negative,Normal,Negative,6-8,1,3-3,Moderate,Nil,Amorphous debris,9,2.5,40.4,96.2,36,22,10.7,40.7,4050,60,22,1,4,0,7.44,2.35,0.06,0.37,0.17,168,10.6,16,0.23,27.6,1.3,0.6,0.1,0.36,178,39,79.8,13.2,66,142,4.6,2.05,0.49,0.4,0,0.4,96,53,30,41,7.3,4.6,2.7,1.7,1,13.2,6.1644,6.16,144,4.8,95,4.8,116.06,123,133,256,48.05,8,182.9,0.8,144.2,95.7,150.68,9.3,1.2,289,8.9,1.66,96,76,88,79
322927,PBCHD07GAM,698117,27/04/2019,10:30,11:13,Light Yellow,Clear,1.022,6.8,Negative,Trace,Negative,Negative,Negative,Normal,Negative,9-10,2,2-2,Nil,Nil,NIL,9.6,4.5,21.2,76.4,21,45,13,39.4,7768,56,16,4,6,0,1.11,1.61,0.71,0.24,0.05,253,7.4,13,0.6,28.2,0.9,0.11,0.08,0.48,157,37,108.9,16.5,82.5,72,4.2,2.94,0.34,0.6,0,0.6,63,20,12,36,8.3,4.5,3.8,1.18,0.8,33.4,15.5978,19.5,133,4.7,114,3.8,90.06,78,251,329,23.71,5.4,108.28,3.9,24,166,14.46,6.6,5.1,271,3.3,1.29,100,96,70,138
629649,GYAHD05JHJ,680475,27/04/2019,10:26,11:41,Pale Yellow,Slightly cloudy,1.017,4.7,Negative,Trace,Negative,Negative,Negative,Normal,Positive,13-15,1,3-3,Nil,Nil,Amorphous debris,14.4,5.4,48.8,82.3,26,29,12.6,40,10888,52,40,3,8,0,15.22,0.32,1.4,0.1,0.06,255,10.4,17,0.32,23.2,3.8,0.17,0.15,0.01,127,53,110.7,13.9,69.5,183,2.4,2.09,0.48,0.7,0.2,0.5,116,45,59,31,7.1,4.1,3,1.37,0.6,15.6,7.2852,12.14,120,4.6,98,6.5,103.42,77,190,267,28.84,7.4,165.68,0.3,24.8,132.4,18.73,10.3,2,71,8,6.36,94,174,85,179
598504,MZLGI12RJK,631769,28/04/2019,10:30,11:10,Dark Yellow,Clear,1.026,7,Trace,Trace,Negative,Negative,Negative,Normal,Negative,13-14,1,1-3,Nil,Nil,NIL,20.9,5.3,43.2,71.6,39,48,13.7,39.1,2410,15,53,6,11,0,3.92,1.98,0.03,0.67,0.04,359,7.2,17,0.25,34.6,2.3,0.79,0.99,0.2,231,43,22.1,57.3,286.5,131,5.4,0.51,1.95,0.5,0.2,0.3,111,15,38,31,7.2,3.9,3.3,1.18,0.7,18.5,8.6395,12.34,136,2.7,99,3.1,99.24,77,122,199,38.69,6.3,134.11,0.5,28.3,139.9,20.23,10.4,3.6,163,8.9,3.85,77,107,97,173
925420,PBCHD02KLC,973212,26/04/2019,08:51,09:36,Deep Amber,Slightly cloudy,1.013,5.8,Negative,Negative,Negative,Negative,Negative,Normal,Negative,2-3,2,3-2,Nil,Nil,Yeast cells,15.4,5.3,64.6,70,29,23,11.8,39.7,10154,42,20,1,5,0,9.82,3.28,0.68,0.15,0.09,326,11.7,13,0.13,14.7,1.6,0.62,0.66,3.37,205,54,96,23.1,115.5,158,3.8,1.78,0.56,0.8,0.2,0.6,121,48,23,28,8.3,4.8,3.5,1.37,0.8,8.1,3.7827,4.73,136,4,110,4.8,103.44,88,306,394,22.34,8.8,205.86,0.5,10.6,135,7.85,10.7,5.9,83,20.2,0.34,106,97,76,139
207854,KLTRS11WBD,451038,27/04/2019,06:00,06:58,Pale Yellow,Clear,1.025,4.5,Trace,Trace,Negative,Trace,Negative,Normal,Negative,TNTC,0,1-2,Nil,Few,Fungal elements,20.6,5.5,42.6,70.6,37,48,13.1,40.7,7575,60,30,2,3,0,9.78,1.33,0.62,0.01,0.36,45,7.5,15,0.37,46.1,1.1,0.12,0.13,0.92,177,45,127.7,5.4,27,158,3.9,2.84,0.35,3.9,0,3.9,61,17,24,23,7.9,4.6,3.3,1.39,1,17,7.939,7.94,140,2.8,102,2.5,104.17,187,170,357,52.38,19.5,512.95,0.6,23,107.5,21.4,9.6,4.7,120,4.8,1.24,75,74,89,176
343547,KLTRS06NLZ,569937,28/04/2019,11:11,12:26,Light Yellow,Clear,1.013,7,Trace,Trace,Negative,Negative,Negative,Normal,Negative,9-11,0,3-4,Nil,Nil,NIL,8.7,5.8,30.9,64.9,15,28,11.6,38.6,42350,73,26,3,8,0,4.61,1.12,0.69,0.01,0.36,274,8.4,10,0.19,14.2,0.8,1.09,0.33,0.15,202,55,67.7,27.8,139,86,3.7,1.23,0.81,0.7,0,0.7,77,30,24,25,6,4.3,1.7,2.53,1.1,17.2,8.0324,7.3,142,3.7,96,2.9,110.41,156,115,271,57.56,8.9,208.73,0.9,11.2,83.8,13.37,10.1,2.5,141,7.6,0.34,109,87,116,130
825120,KLTRS03TSS,855257,24/04/2019,07:53,09:12,Light Yellow,Hazy,1.019,5.1,Trace,Negative,Negative,Negative,Negative,Normal,Negative,6-7,0,14-9,Nil,Nil,Mucus threads,16.1,5.4,29.6,45.6,29,54,14.2,35.9,10642,69,32,0,6,0.2,3.18,6.7,0.21,0.57,0.1,53,9.4,12,0.22,16.3,1,0.35,0.17,3.14,185,65,73.9,36.4,182,127,2.8,1.14,0.88,0.3,0,0.3,115,19,19,44,6.6,4.5,2.1,2.14,0.8,19.9,9.2933,11.62,145,4.5,103,3.5,109.57,137,357,494,27.73,6.6,142.72,0.1,16.1,97.3,16.55,11.2,2.7,172,8.2,8.21,172,85,228,176
154220,MZLGI09APK,979222,28/04/2019,06:13,07:32,Deep Amber,Hazy,1.024,6.3,Negative,Trace,Negative,Negative,Negative,Normal,Negative,2-3,2,>20,Nil,Rare,Artifacts,15.7,5.4,32.1,77.1,29,48,11.9,43.2,4263,52,24,5,4,0,8.04,1.31,0.53,0.35,0.08,230,8.2,12,0.25,33.4,0.7,0.28,0.73,0.33,194,20,109.8,7.6,38,93,9.7,5.49,0.18,0.3,0,0.3,92,35,16,39,5.9,3.7,2.2,1.68,0.8,36.8,17.1856,21.48,128,2.3,100,5.3,129.65,81,112,193,41.97,8.5,197.25,0.2,20,90.8,22.03,10.4,3.1,283,9.2,1.61,123,89,118,121
546348,GYAHD05KAU,513143,28/04/2019,11:33,12:31,Pale Yellow,Slightly cloudy,1.015,5.6,Negative,Negative,Negative,Negative,Negative,Normal,Negative,2-4,1,1-3,Few,Nil,Yeast cells,2.6,5.9,44.1,80.6,4,5,13.6,47.3,4879,51,55,23,4,0,3.35,1.02,0.6,0.05,0.03,399,6.6,12,0.11,22.2,3.8,0.23,0.72,0.28,200,67,122.7,97.3,486.5,74,3,1.83,0.55,0.6,0,0.6,109,37,31,43,7.1,4.7,2.4,1.96,0.5,13.6,6.3512,12.7,143,3.3,97,2.7,114.74,127,157,284,44.72,7.7,174.29,0.6,16.5,239.6,6.89,8.7,2.7,172,2.2,1.82,124,61,89,155
981058,MZLGI06BRC,580420,27/04/2019,09:58,11:16,Yellow,Hazy,1.02,6.9,Trace,Trace,Negative,Negative,Negative,Normal,Negative,1-3,1,1-3,Nil,Few,NIL,1.4,5.9,35,52.3,2,4,14.4,44,9172,36,21,6,6,0,1.21,1.64,0.68,0.61,0.05,147,10,12,0.32,32.9,1.6,0.18,3.43,0.29,194,39,93.5,42.1,210.5,75,5,2.4,0.42,0.3,0.1,0.2,76,44,13,25,6.4,4.2,2.2,1.91,1.2,38.2,17.8394,14.87,141,4.4,102,5.3,62.96,159,279,438,36.3,6.5,139.85,0.9,17.6,94.8,18.57,10.1,4.1,107,5.6,2.89,109,117,77,62
828855,KLTRS02WBD,804043,24/04/2019,08:41,09:39,Deep Amber,Clear,1.018,6.9,Trace,Trace,Negative,Negative,Negative,Normal,Positive,7-8,2,1-2,Rare,Rare,Artifacts,11.4,4.4,56.5,76.7,25,20,12.7,42.1,10464,47,52,5,8,0,1.44,2.71,0.24,0.16,0.08,65,9.4,11,0.29,27.7,1.9,0.05,0.13,0.08,228,58,84,26.2,131,127,3.9,1.45,0.69,0.4,0.1,0.3,125,12,30,32,7.3,4.7,2.6,1.81,0.8,18.5,8.6395,10.8,141,4.6,111,3.4,118.09,101,308,409,24.69,5.9,122.63,0.5,27.8,85.8,32.4,10,3.5,125,4.2,7.36,80,94,71,157
930327,KLTRS09KLP,900207,28/04/2019,07:22,08:46,Yellow,Clear,1.019,4.8,Negative,Trace,Negative,Negative,Negative,Normal,Negative,6-7,2,14-13,Nil,Nil,Fat droplets or lipiduria,6.2,5.3,34.2,79,11,18,16.5,40.2,52662,46,18,6,22,0,9.97,0.37,0.64,0.69,0,159,11.1,10,0.31,22.2,3,0.12,0.04,0.03,162,52,96,29.8,149,85,3.1,1.85,0.54,12.6,8.1,4.5,65,33,40,71,6.2,4.2,2,2.1,1,13.5,6.3045,6.3,140,4.3,99,3,112.49,79,271,350,22.57,6.3,134.11,0.5,20.5,32.4,63.27,10.9,4.2,176,13,3.69,78,111,82,126
126796,PBCHD07HPP,484718,26/04/2019,08:36,10:01,Deep Amber,Slightly cloudy,1.024,6.7,Negative,Trace,Trace,Negative,Negative,Normal,Negative,27-30,0,2-4,Few,Rare,Parasites,19.7,4.1,37.8,80.2,48,52,12.8,44.4,10287,42,16,20,2,0,2.59,1.54,0.7,0.01,0.14,243,16.8,17,0.26,12.9,3.1,0.51,4.56,0.02,185,28,84.2,78.3,391.5,78,6.6,3.01,0.33,0.2,0,0.2,76,46,22,46,7.2,3.9,3.3,1.18,0.8,9.3,4.3431,5.43,142,2.7,110,10.3,111.92,69,191,260,26.54,6,125.5,0.4,16.1,196.8,8.18,8.6,3.8,104,10.3,7.21,165,70,74,104
889258,PBCHD07PBP,366143,26/04/2019,08:49,09:29,Light Yellow,Clear,1.026,6.6,Negative,Trace,Negative,Negative,Negative,Normal,Negative,4-5,0,>20,Nil,Nil,NIL,21.7,4.4,55,47.6,49,39,14.4,43.9,6279,60,31,7,5,1.3,1.45,0.39,0.28,0.26,0.01,140,7.4,25,0.21,12.3,0.1,0.18,3.47,0.25,165,55,123.5,28.7,143.5,116,3,2.25,0.45,1,0.3,0.7,116,47,23,44,8,3.8,4.2,0.9,1.1,9.9,4.6233,4.2,142,5.6,109,5.6,106.85,160,264,424,37.74,6.4,136.98,0.4,13.2,148.8,8.87,9.5,5.8,178,13.9,0.19,81,108,75,111
246371,MZLGI06BRC,723633,26/04/2019,09:27,10:02,Pale Yellow,Clear,1.019,5.9,Negative,Trace,Negative,Negative,Negative,Normal,Negative,7-8,1,2-2,Nil,Nil,NIL,8.6,7,36,97.4,12,23,11.8,40.8,9523,53,20,1,5,0,1.07,1.93,0.83,0.33,0.1,258,10.1,19,0.31,14.3,3.2,0.14,0.11,0.82,183,56,98.9,38.2,191,141,3.3,1.77,0.57,0.5,0.2,0.3,69,16,38,37,7.1,4.3,2.8,1.54,0.7,16.1,7.5187,10.74,139,3.2,105,4.2,108.23,165,349,514,32.1,10.5,254.65,7.2,11.5,123.2,9.33,10.2,4,41,17.8,1.29,169,89,100,286
690003,MZLGI11GJS,690738,26/04/2019,07:53,09:17,Yellow,Slightly cloudy,1.017,4.9,Negative,Trace,Negative,Negative,Trace,Normal,Negative,62-64,1,1-3,Nil,Nil,Fat droplets or lipiduria,3.5,4.2,42.2,94.7,8,8,14.1,42.9,7433,53,30,2,5,11.9,3.67,1.61,0.3,0.13,0.07,261,14.2,15,0.26,13.8,3.2,0.08,0.05,3.85,206,49,74.8,31.1,155.5,66,4.2,1.53,0.66,0.4,0.1,0.3,93,14,31,25,8.1,3.6,4.5,0.8,1.2,12.8,5.9776,4.98,138,3.9,104,4,121.48,111,282,393,28.24,6,125.5,0.8,18,242.5,7.42,7.1,4.2,75,12.6,2.34,146,66,93,118
232311,MZLGI10MHP,648110,26/04/2019,06:36,07:51,Light Yellow,Slightly cloudy,1.017,6.5,Trace,Negative,Negative,Negative,Negative,Normal,Negative,11-12,46,2-2,Nil,Nil,NIL,3.5,5.2,45.5,75.2,6,7,12.4,43.6,5816,31,20,2,8,0,13.85,1.13,0.77,0.42,0.09,444,12.1,13,0.19,27.2,3.2,0.04,0.16,1.86,153,45,71.8,9.6,48,203,3.4,1.6,0.63,0.7,0.3,0.4,60,31,34,44,7.3,4.2,3.1,1.35,1.1,13.4,6.2578,5.69,131,2.7,108,2,39.11,142,288,430,33.02,6.1,128.37,0.7,10.3,45.4,22.69,9.6,2.8,85,11.2,0.61,81,173,78,99
823130,KLTRS06NLZ,949096,25/04/2019,07:50,08:21,Light Yellow,Clear,1.015,4.6,Trace,Trace,Negative,Negative,Negative,Normal,Negative,1-3,2,1-3,Nil,Rare,NIL,16.8,5.3,33.3,120.3,31,50,12.8,45.5,8873,67,28,1,3,0,6.8,1.83,0.61,0.39,0.01,362,12.3,14,0.49,22.2,0.1,0.36,0.33,0.17,155,40,61.9,37.5,187.5,157,3.9,1.55,0.65,0.4,0,0.4,74,36,35,44,8.1,4.1,4,1.03,0.9,9.5,4.4365,4.93,142,4.1,99,3.9,92.56,106,117,223,47.53,5.4,108.28,0.8,26.1,131.8,19.8,10.3,3.2,157,6.7,3.12,273,83,120,114
734576,KLTRS15NLZ,168811,28/04/2019,06:09,06:59,Yellow,Clear,1.014,5.1,Negative,Negative,Negative,Negative,Negative,Normal,Negative,11-12,1,2-3,Nil,Nil,NIL,9.8,4.6,39.9,82.1,21,24,12.8,46,8087,36,53,5,2,0.3,6.83,2.14,0.85,0.02,0.06,371,8,12,0.35,31.7,4.7,3.15,0.38,0.73,178,43,37.3,26.5,132.5,131,4.1,0.87,1.15,0.7,0.3,0.4,41,28,33,35,7.7,5,2.7,1.85,0.7,16.6,7.7522,11.07,143,5.6,70,4.2,94.73,134,264,398,33.67,5.9,122.63,0.4,17.3,124,13.95,10.7,6.8,149,18,2.85,121,86,79,172
124404,MZLGI14BRC,658713,26/04/2019,06:16,07:32,Light Yellow,Slightly cloudy,1.018,6.9,Trace,Trace,Negative,Negative,Negative,Normal,Negative,3-5,0,3-2,Few,Nil,NIL,13.9,5.2,31.6,79.1,26,43,13.1,41.3,7733,58,50,1,4,0,0.73,1.19,0.54,0.48,0.05,122,11.2,19,0.24,14.5,1.4,0.35,3.53,0.69,168,35,100.8,21.5,107.5,112,4.8,2.88,0.35,0.4,0,0.4,105,54,21,42,7.8,3.5,4.3,0.81,0.4,13.9,6.4913,16.23,144,4.6,100,2.7,94.19,189,354,543,34.81,7.4,165.68,0.7,12.2,131.7,9.26,9.7,4.5,259,7.7,0.98,78,86,113,104
857176,GYAHD14JHJ,584861,27/04/2019,08:20,09:12,Pale Yellow,Slightly cloudy,1.013,5.3,Trace,Trace,Negative,Negative,Negative,Normal,Negative,7-8,1,6-16,Nil,Nil,NIL,16.7,7.5,49.6,99.7,22,33,14.3,43.5,33800,53,36,2,5,0,1.2,1.64,0.34,0.55,0.01,423,11.2,14,0.25,30.2,3.4,0.26,0.16,0.97,226,42,57,86.5,432.5,181,5.4,1.36,0.74,0.2,0,0.2,86,12,21,22,8.3,4.2,4.1,1.02,0.9,15.7,7.3319,8.15,146,2.8,102,3.4,91.09,108,252,360,30,7.4,165.68,0.7,18,146.9,12.25,6.2,3.7,166,20.8,1.36,89,92,70,101
265407,MZLGI05BRC,235573,26/04/2019,09:28,10:40,Red,Clear,1.016,6.7,1+,Negative,Negative,Negative,Negative,Normal,Negative,1-2,1,3-2,Nil,Nil,NIL,14.9,6.5,38.7,99.8,22,38,14.2,45.6,3053,41,38,17,7,9.3,6.86,1.26,1.36,0.58,0.04,166,10.6,13,0.37,29,5.9,0.84,0.14,0.05,236,52,73.9,61.7,308.5,107,4.5,1.42,0.7,0.5,0.1,0.4,67,50,28,13,6.6,4.6,2,2.3,1.1,16.9,7.8923,7.17,141,3.3,103,5.8,91.49,92,221,313,29.39,6.6,142.72,0.9,13.9,102.6,13.55,7.8,4.5,275,4.4,6.14,95,213,100,93
864780,KLTRS09TSS,892337,28/04/2019,08:12,08:51,Pale Yellow,Clear,1.012,4.5,1+,2+,Negative,2+,1+,Normal,Negative,3-4,0,2-2,Nil,Nil,Amorphous debris,3.9,5.2,39.6,87.2,7,9,12.1,46.6,5322,57,38,2,5,0,3.08,2.25,0.09,0.25,0.02,62,7.7,10,0.18,18.4,0.8,0.98,0.1,0.29,166,47,74.6,31.2,156,62,3.5,1.59,0.63,0.5,0.2,0.3,53,52,21,20,6.4,3.7,2.7,1.37,1,14.2,6.6314,6.63,139,4.7,99,2.7,95.88,57,344,401,14.21,12.3,306.31,0,24.7,213.9,11.55,8.7,3.9,99,6,6.38,75,66,86,121
318674,GYAHD01JHJ,583781,24/04/2019,09:36,10:19,Pale Yellow,Clear,1.024,5.1,Negative,Negative,Negative,Negative,Negative,Normal,Negative,TNTC,1,13-16,Nil,Few,Parasites,8.2,4.2,51.3,95.5,19,15,12.6,49.5,4365,50,43,2,2,0,3.33,1.9,0.4,0.21,0.17,172,10.9,17,0.23,18.9,4.4,0.29,0.02,0.18,185,27,95.1,35.8,179,124,6.9,3.52,0.28,0.6,0,0.6,123,10,28,29,6.1,4,2.1,1.9,1,14.1,6.5847,6.58,135,4.2,115,2.9,99.8,186,237,423,43.97,5.9,122.63,0.6,10.8,92.4,11.69,8.8,3.7,190,11.4,0.11,144,71,122,79
729204,KLTRS11WBD,543943,25/04/2019,11:49,12:40,Pale Yellow,Hazy,1.018,6.9,Trace,Negative,Negative,Negative,Negative,Normal,Negative,82-84,0,3-2,Nil,Rare,NIL,16,4.1,51.2,78,39,31,12.9,40,7645,63,25,5,5,1.6,7.01,2.6,0.45,0.67,0.14,861,10.8,17,0.28,27.9,3.9,0.28,0.23,0.35,187,48,77.2,34.2,171,110,3.9,1.61,0.62,0.7,0.3,0.4,91,31,10,89,7,4.9,2.1,2.33,1.2,6.2,2.8954,2.41,156,2.7,87,2.2,108.67,124,120,244,50.82,6.3,134.11,0.9,11,91.9,11.97,10.3,3.8,277,2.4,3.03,122,76,78,147
371039,GYAHD05KAU,867885,28/04/2019,11:30,12:30,Straw,Clear,1.019,5.4,Trace,Negative,Negative,Negative,Negative,Normal,Negative,7-9,1,1-4,Nil,Rare,NIL,13.5,4.1,45.3,43.2,32,29,11.7,49.3,7887,26,20,3,2,0,5.93,1.5,0.82,0.33,0.05,211,9.8,12,0.31,31,3.7,0.39,0.32,0.11,187,43,119.5,8.5,42.5,184,4.3,2.78,0.36,0.7,0.3,0.4,45,48,39,47,6.6,3.6,3,1.2,1.2,9.1,4.2497,3.54,137,2.1,99,4.1,47.03,140,133,273,51.28,6,125.5,0.2,21.9,53.1,41.24,10.7,5.7,89,12.2,3.23,84,88,84,327
510361,GYAHD04KLM,973991,26/04/2019,10:37,11:30,Orange,Slightly cloudy,1.027,5.7,Trace,3+,Negative,Trace,Negative,Normal,Negative,12-13,2,3-3,Nil,Nil,NIL,9.4,4.5,52.8,91.8,20,17,12,45,7441,60,34,5,7,1.7,1.29,1.95,0.22,0.1,0.07,590,8.3,16,0.34,20.3,0.1,0.59,0.95,0.09,110,39,126.3,6.8,34,101,2.8,3.24,0.31,0.8,0.2,0.6,114,96,28,9,6.2,3.1,3.1,1,1.1,100,46.7,42.45,147,4.2,109,5.9,118.43,142,207,349,40.69,8.4,194.38,2.4,12.1,82.7,14.63,11.7,2.8,155,6.7,0.83,125,97,96,107
286210,KLTRS11WBD,730989,26/04/2019,09:52,11:00,Yellow,Hazy,1.018,4.8,Negative,Negative,Negative,Negative,Negative,Normal,Negative,TNTC,1,3-3,Nil,Rare,NIL,9.6,7.6,31.8,84.4,12,30,14.1,32.1,4050,76,37,8,5,0,0.81,2.31,0.42,0.35,0.16,293,8.5,12,0.58,16.3,2.4,0.63,0.25,0.24,227,41,127.7,75.7,378.5,130,5.5,3.11,0.32,0.6,0.1,0.5,99,25,39,45,6.3,4.1,2.2,1.86,0.6,10.9,5.0903,8.48,131,3.5,95,5.6,41.86,113,265,378,29.89,5.8,119.76,0.6,13.1,144.9,9.04,11.3,3.2,118,11.9,0.89,102,76,119,75
881283,GYAHD13KAU,641926,24/04/2019,11:50,13:07,Pale Yellow,Clear,1.013,6.6,Trace,Trace,2+,Negative,Negative,Normal,Negative,2-3,0,3-4,Nil,Nil,NIL,14.7,5.6,49,94.3,26,30,13.1,44.2,10255,56,33,25,2,0,1.88,3.72,0.49,0.42,0.06,290,9.6,14,0.62,40.5,2.7,0.21,0.31,0.25,200,57,91.4,32.4,162,129,3.5,1.6,0.62,5.7,2.8,2.9,64,113,22,47,6.5,3.5,3,1.17,1,16.8,7.8456,7.85,137,4.1,95,5.4,110.9,115,348,463,24.84,7.7,174.29,0.9,94.2,138.7,67.92,13,2.9,85,10.3,0.05,141,89,87,99
448421,GYAHD15KAU,473282,28/04/2019,07:39,09:06,Straw,Clear,1.015,4.9,Trace,2+,Negative,Negative,Negative,Normal,Negative,1-3,5,1-4,Nil,Rare,Fat droplets or lipiduria,19.6,5.7,46.9,80.2,34,41,12.1,42.8,2532,53,50,14,8,0,9.29,0.97,0.55,0.49,0.03,238,14.4,17,0.36,30.1,3.8,0.66,0.1,1.65,177,41,85.2,50.2,251,97,4.3,2.08,0.48,0.5,0.2,0.3,116,37,11,17,6.5,3.7,2.8,1.32,0.9,14.4,6.7248,7.47,138,4.9,103,2.1,35.01,164,332,496,33.06,10.6,257.52,0.9,17.8,549.4,3.24,13,2.4,265,3.3,1.42,102,62,67,262
197593,GYAHD09KAU,987758,26/04/2019,10:38,11:47,Straw,Hazy,1.015,6.3,Trace,1+,Trace,Negative,Negative,Normal,Negative,TNTC,2,3-3,Nil,Nil,NIL,9,5.3,31.3,89.2,16,28,12.9,43.3,8940,58,16,8,7,0,5.27,1.69,0.15,0.13,0.01,224,12.7,14,0.25,31.8,0.1,0.29,1.69,0.11,190,49,92.9,17.1,85.5,138,3.9,1.9,0.53,0.3,0.1,0.2,53,27,12,40,8.8,3.7,5.1,0.73,1.2,11.2,5.2304,4.36,133,2.9,107,3.6,99.53,64,225,289,22.15,5.8,119.76,0.3,13.7,99.1,13.82,8.4,3.2,78,7.8,3.85,101,124,83,118
332486,MZLGI04BRC,224356,24/04/2019,07:30,08:13,Light Yellow,Slightly cloudy,1.013,4.8,Negative,Trace,Negative,Negative,Negative,Normal,Negative,11-13,2,3-4,Nil,Nil,NIL,14,3.6,33.8,83.6,38,41,11.6,45.6,8331,44,35,2,8,0,1.04,1.03,0.52,0.35,0.03,110,7.4,12,0.24,14.6,4.8,0.02,0.1,0.11,227,45,76,37.8,189,98,5,1.69,0.59,0.9,0.4,0.5,68,10,17,30,6.7,3.8,2.9,1.31,0.6,10.6,4.9502,8.25,96,4,107,4.7,118.75,143,278,421,33.97,6.1,128.37,0.6,942.9,274.7,343.25,8.9,5.4,129,6.6,3.78,89,128,99,175
764833,KLTRS15MLT,771390,26/04/2019,08:26,09:02,Light Yellow,Clear,1.017,4.6,Negative,1+,Negative,Trace,Negative,Normal,Negative,10-11,1,2-3,Nil,Nil,NIL,7,5.4,44,71.8,12,15,13.5,39.1,7451,60,21,6,8,0,0.11,1.35,0.62,0.5,0.04,109,7.5,28,0.34,19.9,3.8,0.31,3.41,0.03,229,50,92.3,33.3,166.5,170,4.6,1.85,0.54,1,0.3,0.7,87,36,12,39,7.4,4.5,2.9,1.55,0.6,7.9,3.6893,6.15,141,3.8,102,6,101.12,60,344,404,14.85,5.9,122.63,0.2,15.5,142.6,10.87,9.3,4.8,74,9.6,1.45,123,74,80,192
288118,GYAHD07KLM,317608,25/04/2019,07:51,08:32,Yellow,Clear,1.011,6.9,Trace,Trace,Negative,Negative,Negative,Normal,Negative,TNTC,0,2-2,Nil,Rare,NIL,13.7,4.2,16.4,98,32,83,16,43.4,9231,43,31,23,7,0,0.22,2.16,0.78,0.12,0.08,126,9.8,11,0.35,20.6,1.3,0.07,0.34,0.21,149,54,92.8,27.1,135.5,190,2.8,1.72,0.58,0.6,0,0.6,101,37,13,14,8,3.6,4.4,0.82,1.1,101.6,47.4472,43.13,133,2,107,3.2,92.17,127,348,475,26.74,7.7,174.29,1,12,98.1,12.23,8.2,3.4,169,6.8,2.72,101,67,84,172
759321,MZLGI08APK,102302,28/04/2019,09:24,10:50,Pale Yellow,Clear,1.023,5.2,Negative,Negative,Negative,Negative,Negative,Normal,Negative,43-44,2,>20,Nil,Nil,Parasites,10.7,5.4,36.9,58.4,19,28,13.4,28.7,7381,55,37,6,8,2.1,9.2,5.07,1.33,0,0.16,1170,14.2,11,0.21,27.4,0.7,0.52,0.05,0.23,154,65,123.1,36.3,181.5,151,2.4,1.89,0.53,0.6,0.1,0.5,128,51,39,35,8.2,3.9,4.3,0.91,0.6,6.3,2.9421,4.9,138,5.5,108,5.9,115.37,64,268,332,19.28,6.4,136.98,0.9,24.7,56.1,44.03,10,3.3,127,20.3,2.31,112,85,207,119
153644,GYAHD09KLM,360775,27/04/2019,11:18,11:51,Light Yellow,Hazy,1.02,6.1,Trace,Trace,Negative,Negative,Negative,Normal,Negative,6-8,1,3-4,Nil,Nil,NIL,18.6,5.1,27.8,70.6,36,66,13.6,41,4548,49,30,6,6,0,1.34,0.8,0.7,0.38,0.42,276,16.2,17,0.15,29.4,1.3,0.03,0.3,1.97,173,53,78.3,8.1,40.5,183,3.3,1.48,0.68,0.8,0.2,0.6,56,39,29,13,5.8,4.3,1.5,2.87,2.2,15,7.005,3.18,139,5.1,92,3.2,112.64,145,349,494,29.35,8.2,188.64,0.7,14.3,120.7,11.85,11.7,3.3,92,10.6,4.85,81,98,85,221
236131,PBCHD05KLC,658650,27/04/2019,11:08,12:31,Yellow,Hazy,1.017,6.8,Trace,Negative,Trace,Negative,Negative,Normal,Negative,1-2,2,3-4,Nil,Nil,Mucus threads,17.1,4.2,53.9,96,40,31,13.8,27.3,4963,55,48,5,5,0,6.32,1.67,0.41,0.37,0.02,201,17.1,14,0.24,28.7,0.2,4.48,0.04,0.37,181,57,76.2,37.8,189,140,3.2,1.34,0.75,0.7,0,0.7,116,51,11,6,7,3.7,3.3,1.12,1.1,16.5,7.7055,7.01,142,2.9,108,2.2,118.11,183,177,360,50.83,6.5,139.85,1,13.7,109.7,12.49,10.2,1.7,61,11.8,3.92,86,62,76,196
857886,PBCHD13PBP,465306,25/04/2019,09:24,09:57,Deep Amber,Clear,1.014,5.2,Trace,Negative,Negative,Negative,Negative,Normal,Negative,7-9,0,3-2,Few,Nil,NIL,10,6.7,58.8,84.7,14,17,13.2,40.3,6643,42,15,1,6,0.2,9.7,2.26,0.31,0.39,0.08,256,7.1,20,0.55,32.9,3.4,0.08,0.07,0.31,171,53,59.6,12.2,61,213,3.2,1.12,0.89,0.5,0,0.5,103,14,12,34,6,4.2,1.8,2.33,1,10.2,4.7634,4.76,141,4,96,3.6,119.14,71,346,417,17.03,7.7,174.29,0.6,11.5,70.4,16.34,9.1,4.9,172,10.5,5.32,143,108,93,64
306831,KLTRS09KLP,247620,26/04/2019,10:14,11:41,Green,Clear,1.014,7,Negative,Negative,Negative,Negative,2+,Normal,Negative,11-12,0,15-7,Nil,Nil,NIL,17.6,5.7,56.7,77.5,30,31,12.3,43.3,7311,43,39,6,3,0,3.94,1.73,0.38,0.42,0.1,312,5.2,15,0.34,13.2,0.1,0.7,0.15,5.29,169,57,90.5,10.9,54.5,166,3,1.59,0.63,0.7,0.3,0.4,119,32,21,13,7.9,4.2,3.7,1.14,1,12.3,5.7441,5.74,145,4.9,103,5.4,96.67,143,346,489,29.24,11,269,0.2,22.8,81.6,27.94,10.1,2.9,141,11.1,2.89,71,74,118,117
809058,MZLGI05MHP,464798,24/04/2019,11:01,11:42,Light Yellow,Clear,1.013,6,Trace,Negative,Negative,Negative,Negative,Normal,Negative,9-10,0,2-3,Nil,Nil,Artifacts,7.5,6.8,24.1,94.7,11,31,10.9,47.3,4524,47,48,6,7,0,1.38,0.18,0.56,0.09,0.01,281,10.9,7,0.27,29.3,3.5,0.38,0.35,4.16,159,30,91.1,17.3,86.5,147,5.3,3.04,0.33,0.2,0,0.2,50,32,15,19,7,3.9,3.1,1.26,1,121.2,56.6004,56.6,148,3.2,96,3.4,82.78,105,343,448,23.44,5.7,116.89,0.9,18.1,39.1,46.29,9.5,4.3,88,4.8,1.66,193,113,84,71
520093,KLTRS02ODB,407316,26/04/2019,11:42,12:26,Light Yellow,Clear,1.011,5.1,Trace,Trace,Negative,Negative,Negative,Normal,Negative,5-7,1,1-3,Nil,Nil,Parasites,5.6,5,39.5,83.7,11,14,13.1,41.9,3622,48,29,6,5,0.9,1.67,1.78,0.63,0.14,0.02,371,7.7,11,0.23,17.2,1.2,0.53,0.26,0.13,236,24,53.9,16.4,82,136,9.8,2.25,0.45,0.7,0.3,0.4,123,25,30,39,6.6,2.9,3.7,0.78,1.8,29.5,13.7765,7.65,139,2.5,112,5.1,107.62,132,347,479,27.56,6.3,134.11,0.5,25.2,118.7,21.23,11.9,3.3,89,6.5,2.44,95,98,121,70
995675,GYAHD03KAU,864871,28/04/2019,10:07,10:56,Light Yellow,Hazy,1.016,6.3,Negative,Trace,Negative,Negative,Negative,Normal,Negative,6-7,0,3-4,Nil,Nil,NIL,14.6,4.5,57.7,43.3,32,25,13.4,40.8,49023,52,38,25,3,0,5.97,2.65,0.82,0.25,0.07,219,10.1,14,0.37,40.7,4.1,0.14,0.13,0.09,175,74,121.5,61.3,306.5,65,2.4,1.64,0.61,0.5,0.2,0.3,106,43,32,11,7.8,3.5,4.3,0.81,0.7,8.9,4.1563,5.94,133,4.2,95,2.7,101.12,141,170,311,45.34,5.7,116.89,0.1,14,186.3,7.51,10.6,3.6,243,6.3,1.96,94,121,82,130
837539,PBCHD11HPP,721187,28/04/2019,09:58,10:32,Straw,Clear,1.027,6.4,Negative,Negative,Negative,Trace,Negative,Normal,Negative,9-10,5,3-4,Nil,Nil,NIL,19.8,4.2,23.8,60,47,83,14.3,42,12135,32,43,6,6,0,6.3,1.88,0.83,0.59,0.17,354,7.1,11,0.07,34.5,1.2,0.17,0.14,0.17,200,33,81.2,25.7,128.5,198,6.1,2.46,0.41,0.9,0.3,0.6,81,48,81,48,6.3,3.5,2.8,1.25,1.6,9.6,4.4832,2.8,128,4.4,104,5.1,102.47,162,350,512,31.64,5.9,122.63,0.5,13.3,125.1,10.63,11.3,2.6,296,2.1,3.02,80,90,309,87
833857,KLTRS13ODB,530361,27/04/2019,09:53,11:16,Dark Yellow,Hazy,1.011,6.6,Negative,Trace,Negative,Negative,Negative,Normal,Negative,5-6,2,2-3,Nil,Nil,NIL,15.2,5.1,50.7,80.7,29,29,13.3,43.8,9945,44,35,1,7,0,5.92,1.43,0.63,0.38,0,307,9.4,11,0.32,14.8,2.9,0.12,4.93,0.1,156,40,92.6,23.6,118,101,3.9,2.32,0.43,0.8,0.3,0.5,56,10,24,31,7.9,3.6,4.3,0.84,0.6,12.5,5.8375,9.73,141,2.1,105,5.2,116.17,116,191,307,37.79,7.1,157.07,0.1,17.5,137.5,12.73,8.1,4.3,133,11.6,0.12,112,61,74,60
665695,GYAHD03JHJ,307222,28/04/2019,11:45,12:43,Light Yellow,Clear,1.021,6.4,Trace,Trace,Negative,Negative,Negative,Normal,Negative,46-50,1,2-4,Nil,Nil,Artifacts,11.6,2.8,52.1,91.9,41,22,12.2,44.8,4954,43,41,6,8,0,21.32,2.63,0.36,0.03,0.08,12,11.8,17,0.25,32.6,3.2,0.16,0.3,0.47,202,44,127.3,15.5,77.5,185,4.6,2.89,0.35,0.8,0.2,0.6,211,8,14,33,6.5,3.8,2.7,1.41,1,8.5,3.9695,3.97,149,4.7,96,5.5,110.89,67,322,389,17.22,6.1,128.37,0.6,10.7,108.3,9.88,9.6,6.4,128,19.7,3.99,95,124,71,143
451134,MZLGI15MHP,406023,24/04/2019,10:00,11:17,Dark Yellow,Slightly cloudy,1.015,6,Negative,Trace,Negative,Negative,1+,Normal,Negative,8-9,1,3-2,Rare,Nil,Yeast cells,2.2,5.9,51.2,128.6,3,4,14.5,40.6,7794,33,32,5,4,0,21.45,2.6,0.47,0.44,0.09,95,7.5,16,0.21,33.7,3.7,0.12,0.37,0.21,471,64,69.9,9.8,49,111,7.4,1.09,0.92,0.7,0.2,0.5,57,51,22,18,5.6,3.6,2,1.8,0.7,16,7.472,10.67,148,2.7,75,5.9,90.88,176,279,455,38.68,6.9,151.33,0.7,11.6,272.8,4.25,10,2.4,141,8.1,1.72,98,190,81,108
521501,PBCHD12PBM,745854,26/04/2019,08:08,09:13,Straw,Slightly cloudy,1.016,5.2,1+,Trace,Negative,Negative,Negative,Normal,Negative,8-10,2,2-4,Rare,Rare,NIL,9.3,4.5,32.2,85.8,20,28,9.8,45.8,7225,40,48,6,23,0,5.99,1.15,0.61,0.49,0.03,444,9.3,25,0.43,25.1,1.4,6.49,0.38,0.22,152,43,63.9,55.3,276.5,63,3.5,1.49,0.67,0.5,0.1,0.4,68,47,23,18,7.3,4.2,3.1,1.35,1,10.1,4.7167,4.72,125,4.8,106,3.6,98.71,149,167,316,47.15,12.3,306.31,0.5,11,108.9,10.1,12.4,3.2,98,11.3,0.009,71,79,72,82
439195,PBCHD05PBP,866599,24/04/2019,09:07,09:40,Yellow,Clear,1.017,4.7,Trace,Trace,Negative,Negative,Negative,Normal,Negative,TNTC,2,3-3,Nil,Nil,Yeast cells,11.4,6.7,44.4,93,17,25,13,41.9,10689,59,18,0,3,1.5,9.74,2.31,0.88,0.23,0.16,415,7,16,0.35,24.7,0.4,0.35,0.06,0.96,174,27,84.5,10.5,52.5,169,6.4,3.13,0.32,0.5,0.2,0.3,66,16,30,45,7.8,4.2,3.6,1.17,0.6,16,7.472,12.45,121,2.2,102,3.9,111.66,57,273,330,17.27,5.9,122.63,0.2,12.9,114.8,11.24,8.7,2,242,19.1,1.17,82,62,91,124
846920,PBCHD02MHS,966798,26/04/2019,06:45,08:02,Dark Yellow,Slightly cloudy,1.013,7,Negative,Trace,Negative,Negative,Negative,Normal,Negative,7-8,0,3-3,Nil,Nil,NIL,19.2,4.3,39.8,95.4,44,48,14.5,45.4,27489,36,26,5,11,0,7.23,0.5,0.48,0.02,0.02,427,8.6,13,0.36,32.5,1.4,0.34,0.15,0.2,185,60,98.4,38.8,194,88,3.1,1.64,0.61,0.9,0.2,0.7,113,40,7,21,6.4,4.8,1.6,3,1.2,13.6,6.3512,5.29,137,3.6,101,2.9,107.79,133,290,423,31.44,7.9,180.03,0.2,25.2,123.8,20.36,10.2,4.5,190,10.8,6.45,100,90,105,127
717139,MZLGI02MHP,717649,25/04/2019,06:00,06:47,Light Yellow,Slightly cloudy,1.012,4.4,Trace,Trace,Negative,Negative,Trace,Normal,Negative,17-18,2,1-4,Nil,Nil,NIL,12.6,6,21,88.9,21,60,13.9,40.1,9031,47,33,5,2,0,2.46,1.78,0.41,0.49,0.08,293,9.9,12,0.16,12.1,7.1,0.16,2.76,0.31,153,52,138.7,10.5,52.5,114,2.9,2.67,0.37,0.8,0.1,0.7,129,45,51,41,8.3,4.1,4.2,0.98,0.9,9.2,4.2964,4.77,142,4.3,113,5.6,94.09,194,255,449,43.21,7.4,165.68,0.9,16.4,166.4,9.86,11.1,3.1,153,11.2,2.42,93,80,246,91
491809,MZLGI03MHP,708145,28/04/2019,06:12,06:50,Yellow,Clear,1.015,6.3,Trace,Trace,Negative,Negative,Negative,1+,Negative,4-5,0,2-4,Nil,Few,Artifacts,8,5.5,19.3,45,14,41,13.9,42.8,2904,47,24,1,7,0,5.48,1.89,0.16,0.67,0.47,101,7.3,19,0.36,24.1,3.6,0.27,0.06,0.44,197,49,86.9,16.7,83.5,65,4,1.77,0.56,0.3,0,0.3,85,43,38,39,6.1,3.8,2.3,1.65,0.9,7.7,3.5959,4,149,2.4,105,2.4,113.67,73,242,315,23.17,6.3,134.11,0.7,24.9,92.5,26.92,9.4,5.9,121,5.4,0.86,71,74,63,216
481822,GYAHD11JHJ,133557,25/04/2019,09:55,11:08,Orange,Hazy,1.012,4.9,3+,Trace,Negative,Negative,Negative,Normal,Negative,11-12,0,3-4,Rare,Nil,NIL,3.7,6,26.9,46.1,6,13,12,32.7,10331,80,40,4,7,0.4,9.24,1.73,0.29,0.46,0.01,117,8.4,17,0.23,26.7,4.1,1.12,0.13,0.34,157,41,147.8,16.6,83,72,3.8,3.6,0.28,0.7,0.2,0.5,86,51,11,31,6.8,4.5,2.3,1.96,0.9,16.6,7.7522,8.61,141,4.4,82,2.5,96.92,154,150,304,50.66,6.3,134.11,0.8,26.2,71.7,36.54,9.6,3.8,302,8.3,3.04,87,182,98,162
884220,MZLGI04APK,609807,26/04/2019,06:24,07:09,Pale Yellow,Slightly cloudy,1.037,4.9,Negative,1+,Negative,Negative,Negative,Normal,Negative,TNTC,1,1-3,Rare,Nil,NIL,13,5.1,30.5,89,25,42,10.2,30.4,8737,40,49,9,9,0,1.12,2.11,0.35,0.42,0.09,62,10.5,10,0.12,19.5,3.6,0.36,0.48,0.78,219,53,88.7,32.8,164,142,4.1,1.67,0.6,0.9,0.3,0.6,61,43,34,17,7.3,4.9,2.4,2.04,1,19.1,8.9197,8.92,143,3.1,104,2.1,94.97,61,306,367,16.62,5.7,116.89,0.6,15,108,13.89,7,2.8,208,7.2,0.97,72,76,77,248
301823,PBCHD08PBM,480317,28/04/2019,09:53,10:50,Pale Yellow,Clear,1.017,4.6,Negative,Negative,Negative,Negative,Negative,Normal,Negative,TNTC,2,9-7,Rare,Nil,Fat droplets or lipiduria,8.9,4.5,35.8,88.5,19,24,13.9,40.1,6629,48,25,1,8,0,3.61,2.32,0.09,0.32,0.03,244,6.5,10,0.24,13.6,2.5,0.98,0.01,0.1,217,44,86.2,32.9,164.5,200,4.9,1.96,0.51,3.5,1.7,1.8,116,52,30,47,6.2,4.3,1.9,2.26,0.7,22.1,10.3207,14.74,138,3.7,108,2.5,97.58,189,306,495,38.18,7.5,168.55,0.9,22.2,126.7,17.52,9.1,3.4,330,7.5,0.45,123,93,88,194
972624,MZLGI05APK,793235,28/04/2019,09:06,09:49,Straw,Slightly cloudy,1.01,6.6,3+,Trace,Negative,Negative,Negative,Normal,Negative,8-9,3,3-4,Nil,Nil,NIL,14.9,4.1,50.8,94.1,36,29,10.8,42.6,10951,42,13,6,8,0,8.45,3.36,0.34,0.34,0.04,300,7.5,17,0.1,14.7,4.6,0.06,0.3,0.88,157,43,92.1,18.4,92,183,3.7,2.14,0.47,0.7,0.2,0.5,185,43,22,10,6,5,1,5,0.8,13.9,6.4913,8.11,127,3.2,104,5.7,114.79,136,293,429,31.7,6,125.5,0.4,28.6,127.7,22.4,10.7,4,47,5.7,3.87,86,116,74,111
355179,MZLGI14GJS,409256,28/04/2019,08:08,09:33,Yellow,Cloudy,1.021,7,Negative,1+,Negative,Negative,Negative,Normal,Negative,3-4,1,2-3,Nil,Nil,NIL,5.8,4.1,53.9,96,14,10,12,39.4,2587,51,31,5,2,0,2.06,3.56,0.79,0.39,0.09,234,13.1,14,0.23,33.3,1.1,0.67,0.21,0.12,156,45,78.8,98.3,491.5,140,3.5,1.75,0.57,0.2,0,0.2,305,9,10,46,8.3,4.8,3.5,1.37,1.2,65.1,30.4017,25.33,140,2.1,104,2.8,115.27,183,163,346,52.89,8,182.9,0.3,13.4,137.2,9.77,9.7,3.6,136,9,5.4,112,67,81,218
563047,MZLGI10BRC,940540,28/04/2019,09:22,10:23,Pale Yellow,Clear,1.017,6.8,2+,Trace,Negative,Negative,Negative,Normal,Negative,14-15,0,8-8,Nil,Nil,Fungal elements,15.7,5.8,30.3,87.1,27,51,14.1,26.3,8139,47,15,2,6,0.8,2.67,1.33,1.42,0.26,0.12,394,7.1,15,0.27,14.5,1.1,3.23,0.22,0.47,179,56,88.4,10.5,52.5,121,3.2,1.58,0.63,0.7,0.3,0.4,62,7,38,29,7.7,4.9,2.8,1.75,0.6,9.9,4.6233,7.71,133,5.4,98,6.5,111.54,118,351,469,25.16,6.3,134.11,0.4,28.3,140.7,20.11,9.7,4.1,198,11,1.63,142,190,227,98
424706,MZLGI03MHP,246386,25/04/2019,06:15,06:48,Pale Yellow,Slightly cloudy,1.011,4.8,Trace,Negative,Negative,Negative,Negative,Normal,Negative,TNTC,63,2-3,Nil,Rare,NIL,16.5,5.1,43.2,82.2,32,38,14.1,39.8,6819,19,15,6,8,0.8,7.93,4.05,0.38,0.19,0.09,362,8.7,11,0.6,17.4,0.9,0.27,0.11,0.31,183,59,76.4,17.5,87.5,89,3.1,1.29,0.77,0.5,0.2,0.3,79,67,23,43,7.2,3.6,3.6,1,1,15.3,7.1451,7.15,137,4.5,96,2.8,115.09,159,266,425,37.41,6,125.5,0.7,246.5,79.3,310.84,9,4.1,330,6.8,2.35,110,61,64,187
231622,MZLGI09BRC,499574,25/04/2019,09:02,09:43,Light Yellow,Slightly cloudy,1.013,5,1+,Trace,Negative,Negative,Negative,Normal,Negative,65-66,2,16-16,Nil,Nil,Amorphous debris,8.9,5.9,40.9,58,15,21,12.5,44.7,9914,42,31,7,10,0,2.56,1.36,0.28,0.03,0.06,13,8.5,11,0.17,13.4,5.4,0.19,0.22,0.37,238,47,84.9,12.5,62.5,95,5.1,1.81,0.55,0.6,0.2,0.4,88,55,25,13,6,4.1,1.9,2.16,2,12,5.604,2.8,129,2.8,96,5.1,102.72,177,266,443,39.95,6.1,128.37,0.4,280.6,133.4,210.34,11.4,5.9,128,9.5,0.41,85,188,80,168
448356,GYAHD04KLM,830332,26/04/2019,09:59,10:49,Yellow,Hazy,1.02,5.1,Trace,Negative,1+,Negative,Trace,Normal,Negative,3-5,1,1-2,Nil,Nil,NIL,15.6,7.2,38.1,88,21,40,13.3,43.8,7112,57,44,3,2,0,3.48,2.99,0.26,0.44,0.08,188,11.2,13,0.34,25.3,0.4,0.12,0,0.57,129,48,99.3,81,405,68,2.7,2.07,0.48,0.3,0,0.3,76,4,13,43,7,4.4,2.6,1.69,0.7,24.1,11.2547,16.08,120,4.5,95,5.8,39.28,170,118,288,59.03,5.8,119.76,0.2,18.4,122.9,14.97,9.1,3.6,46,3.6,1.53,114,64,109,186
854196,MZLGI10BRC,384686,26/04/2019,08:43,09:51,Light Yellow,Slightly cloudy,1.013,5.3,Negative,Trace,Negative,Negative,Negative,Normal,Negative,10-12,5,1-3,Nil,Nil,NIL,15.1,5.7,47.5,92.9,26,31,10.6,41.4,4709,48,48,6,5,0.5,1.02,1.94,0.51,0.46,0.02,271,8.7,14,0.35,32,5.3,0.75,0.09,2.81,182,45,72.6,65.8,329,60,4,1.61,0.62,0.6,0.1,0.5,62,37,24,16,6.9,4.3,2.6,1.65,0.8,27.4,12.7958,15.99,123,5.3,108,4.2,116.79,135,317,452,29.87,6.9,151.33,0.1,26.7,83.2,32.09,11.1,3.9,188,21.7,2.33,87,87,61,183
802564,MZLGI11BRC,835340,24/04/2019,09:11,10:19,Straw,Hazy,1.02,5,Trace,Negative,Negative,Negative,Negative,Normal,Negative,4-5,2,2-2,Nil,Few,Amorphous debris,12.5,7.3,47.2,70.2,17,26,12.1,41.9,8663,66,15,10,7,0,8.38,2.94,0.72,0.24,0.01,62,10.2,16,0.2,16.2,4,0.29,0.63,2.33,226,29,69.5,27.7,138.5,93,7.8,2.4,0.42,11.3,6.8,4.5,48,42,20,31,7,3.8,3.2,1.19,1,10.3,4.8101,4.81,136,4.2,107,3.9,105.83,117,345,462,25.32,7.2,159.94,1,22.9,147.8,15.49,9.4,3.3,159,10.3,1.88,74,125,70,139
494174,MZLGI14APK,692737,27/04/2019,07:45,08:38,Straw,Slightly cloudy,1.011,6.9,Negative,Trace,Negative,1+,Negative,Normal,Negative,86-89,1,1-2,Few,Nil,NIL,9.6,5.8,55.1,41.3,16,17,14.2,43.2,8267,45,33,1,8,0,6.63,2.74,0.51,0.02,0.03,132,14.6,15,0.27,12.6,1.5,0.71,0.21,0.36,215,39,115.4,27.9,139.5,152,5.5,2.96,0.34,1,0.3,0.7,53,33,40,31,7.9,4.9,3,1.63,1.1,15,7.005,6.37,149,4.5,81,9.7,99.94,181,348,529,34.22,6.2,131.24,0.5,20.7,170.2,12.16,9.9,5.2,153,13.8,1.03,92,86,81,226
475870,GYAHD12ODK,910434,24/04/2019,06:42,08:03,Pale Yellow,Slightly cloudy,1.029,6.6,Negative,1+,Negative,Negative,Negative,Normal,Negative,TNTC,0,2-3,Rare,Few,NIL,15.9,5.2,38.3,59.5,30,41,13.3,43.6,7472,37,21,10,7,0.3,20.21,6.51,0.73,0.35,0.04,321,11.5,11,0.3,30.5,5.1,0.12,1.05,0.13,223,41,94.5,24.8,124,61,5.4,2.3,0.43,0.7,0.1,0.6,98,33,13,40,7.1,4.8,2.3,2.09,0.7,183,85.461,122.09,136,4.1,95,5.5,94.71,184,348,532,34.59,8.5,197.25,0.9,18.1,119.6,15.13,9.1,5,117,6,2.76,95,115,204,101
778892,MZLGI01GJS,256114,26/04/2019,09:30,10:31,Pale Yellow,Clear,1.013,6.5,Trace,2+,Negative,Negative,Negative,Normal,Negative,13-15,2,1-3,Nil,Nil,Amorphous debris,15.5,4.1,47.9,73.8,37,32,10.9,29,9079,40,25,6,3,0,21.76,2.22,0.7,0.48,0.06,435,9.1,10,0.27,20.6,0.1,0.18,0.22,0.15,177,26,105,13.1,65.5,99,6.8,4.04,0.25,0.6,0.1,0.5,73,6,28,33,6,4.8,1.2,4,1,9.6,4.4832,4.48,141,4.2,101,6.8,109.38,141,157,298,47.32,7.9,180.03,0.8,25,90.8,27.53,7.7,6.8,190,4,3.75,84,60,78,91
382871,PBCHD15KLC,811211,27/04/2019,11:09,11:39,Light Yellow,Clear,1.012,5,Negative,Negative,Negative,Negative,Negative,Normal,Negative,11-13,2,1-2,Rare,Nil,NIL,19.1,7.5,33,87.3,25,57,13,40.2,8350,22,48,4,6,0.2,8.79,0.65,0.51,0.07,0.04,1136,5,17,0.29,20.8,4.2,0.37,4.22,0.25,150,42,85.4,19.6,98,70,3.6,2.03,0.49,0.4,0,0.4,42,47,10,36,6.5,3.9,2.6,1.5,1,13.7,6.3979,6.4,142,2.3,100,7.9,32.76,75,151,226,33.19,9,211.6,0.1,14,146.5,9.56,9.9,3.3,158,8.1,1.08,78,97,88,119
607285,PBCHD15SKM,566783,26/04/2019,06:13,07:18,Straw,Slightly cloudy,1.016,6.6,Negative,Negative,Negative,Negative,Trace,Normal,Negative,3-5,2,2-3,Rare,Rare,NIL,16.9,8.4,60.2,62,20,28,12.5,44.8,9102,40,17,2,3,0,6.63,5.18,0.21,0.41,0.02,182,11.1,10,0.09,15.9,2.8,0.34,0.27,0.32,120,45,187.2,22.6,113,80,2.7,4.16,0.24,0.7,0.3,0.4,62,25,36,25,7.2,3.6,3.6,1,1.1,18.8,8.7796,7.98,138,5,108,7,92.82,93,336,429,21.68,5.9,122.63,0.1,24,130.8,18.35,11.9,5.7,99,11.6,2.41,73,80,90,98
363385,PBCHD10HPP,475381,25/04/2019,08:44,09:14,Yellow,Hazy,1.014,4.8,Negative,Trace,1+,Negative,Negative,Normal,Negative,1-2,0,2-2,Nil,Nil,Mucus threads,8.7,4.6,43.8,91.6,18,19,15,39.7,5456,46,15,5,4,0,1.13,3.56,0.73,0.05,0.03,166,9.7,17,0.08,22.2,0.1,0.29,0.34,0.22,172,22,46.8,26.6,133,103,7.8,2.13,0.47,0.6,0,0.6,70,25,38,39,5,4.1,0.9,4.56,0.6,14,6.538,10.9,135,5.5,103,6,116.16,157,180,337,46.59,6,125.5,0,25,104.5,23.92,10,4.2,131,8.8,3.56,149,99,88,206
160911,PBCHD06NLM,552855,26/04/2019,06:53,07:30,Yellow,Slightly cloudy,1.013,4.2,1+,Trace,Negative,Negative,Negative,Normal,Negative,4-5,2,2-3,Rare,Nil,Parasites,11.8,4.1,33.7,90.6,28,35,13.4,42,6004,78,19,3,8,0.9,8.74,1.9,0.99,0.53,0.03,197,11.5,15,0.34,34.2,6.2,0.17,0.23,0.32,202,50,89,85.2,426,134,4,1.78,0.56,1.5,0.7,0.8,54,20,18,21,7.6,4.8,2.8,1.71,0.6,19.2,8.9664,14.94,158,2.2,99,2.3,73.78,134,337,471,28.45,5.8,119.76,0.9,23.4,290.1,8.07,8.2,2.9,91,8,2.11,253,83,123,148
749140,PBCHD03KLC,965475,25/04/2019,07:09,07:43,Orange,Slightly cloudy,1.014,4.7,3+,Negative,Negative,Negative,Negative,Normal,Negative,42-43,0,5-8,Nil,Rare,Fungal elements,10.4,4.9,59.4,87.4,21,17,14.3,41.6,4056,47,22,1,16,0,1.07,0.76,0.87,0.01,0.06,402,6.1,28,0.07,19.1,0.1,0.15,0.03,5.34,179,67,105.2,23.3,116.5,130,2.7,1.57,0.64,14.2,9.7,4.5,125,50,39,34,7.2,4.8,2.4,2,0.8,5.5,2.5685,3.21,123,4.3,101,2.8,90.32,136,346,482,28.22,8.6,200.12,0.3,16.3,53.6,30.41,11.4,4.8,207,8.2,0.04,106,70,90,86
993038,MZLGI12GJS,727268,26/04/2019,07:52,08:27,Straw,Clear,1.012,6.7,Trace,Negative,Trace,Negative,Negative,Normal,Negative,5-7,1,2-4,Nil,Rare,Mucus threads,13.1,4.6,32.5,51.4,28,40,11.9,43.5,6928,55,46,6,2,0,1.92,1.4,0.91,0.46,0.06,195,9.9,15,0.34,12.9,0.1,1.82,0.27,0.06,170,63,135.4,16.4,82,130,2.7,2.15,0.47,0.5,0.1,0.4,44,27,15,26,6,4.8,1.2,4,0.9,18.7,8.7329,9.7,137,5.3,92,3.2,102.79,76,222,298,25.5,5.8,119.76,0.9,12.6,120.3,10.47,7,3.5,187,11.3,6.24,107,117,250,79
907240,PBCHD11NLM,337341,25/04/2019,09:50,11:18,Light Yellow,Hazy,1.014,6.5,1+,Trace,Negative,Negative,Negative,Normal,Negative,4-6,0,6-13,Nil,Few,Parasites,13.4,5.8,29.6,71.9,23,45,14.6,42.8,8670,49,54,1,3,0,3.74,2.12,0.94,0.37,0.03,394,10.6,11,0.28,45.4,0.1,0.13,0.4,0.31,166,59,94.4,58.4,292,118,2.8,1.6,0.63,0.5,0.2,0.3,58,41,31,35,7.9,4.3,3.6,1.19,1.1,8.1,3.7827,3.44,125,3.9,97,4,97.71,208,193,401,51.87,10.8,263.26,0.3,13.1,101.8,12.87,10,4.5,204,15.9,2.27,94,90,104,182
926092,PBCHD08PBP,304934,25/04/2019,10:45,12:08,Straw,Slightly cloudy,1.012,6.4,1+,Negative,Negative,Negative,Negative,Normal,Negative,6-8,1,1-4,Nil,Rare,NIL,9.9,5.5,42.5,92.2,18,23,16.4,27.1,53773,52,13,1,8,0,4.39,2.68,0.81,0.28,0.07,1169,8.7,10,0.24,30.8,5.6,0.43,1.89,0.8,181,54,97.7,31,155,102,3.4,1.81,0.55,1,0.3,0.7,129,54,40,13,6.2,4.6,1.6,2.88,1,7.3,3.4091,3.41,138,1.9,95,6.7,90.13,145,356,501,28.94,7.4,165.68,3.4,25.4,216,11.76,9.2,3.4,118,10.3,11.9,108,145,94,155
953137,PBCHD07MHS,510109,26/04/2019,11:41,13:10,Pale Yellow,Clear,1.02,6.6,Trace,1+,Negative,Negative,Negative,Normal,Negative,6-7,1,1-2,Nil,Nil,Fungal elements,14.6,4.7,28.3,71.4,31,51,13.2,41.6,5697,40,24,6,4,4.3,4.39,1.83,0.55,0.92,0.07,890,8.4,16,0.25,28.4,1.1,0.27,0.33,1.74,156,58,87.1,37,185,71,2.7,1.5,0.67,0.8,0.2,0.6,108,54,17,22,7.2,4.6,2.6,1.77,0.9,11.5,5.3705,5.97,135,3.7,85,6,104.09,47,231,278,16.91,7.8,177.16,0.2,18.7,123,15.2,11.4,4.4,96,10.8,1.17,93,79,82,105
610362,GYAHD02JHJ,373123,25/04/2019,10:07,11:21,Pale Yellow,Clear,1.017,5.1,Negative,Trace,Negative,Negative,Negative,Normal,Negative,5-7,2,1-3,Nil,Few,NIL,9.9,3.9,30.7,55.9,25,32,11.8,40.4,10857,59,11,6,3,0,8.87,1.98,0.36,0.23,0.05,380,10.3,17,0.32,28.5,4.1,0.17,4.38,0.28,121,62,80,44.5,222.5,176,2,1.29,0.78,0.9,0.3,0.6,49,29,10,46,7.6,4.4,3.2,1.38,0.7,8.9,4.1563,5.94,148,4.4,99,11.6,105.48,81,130,211,38.39,5.7,116.89,0.9,26,111.7,23.28,9.4,2.9,183,10,7.84,196,128,60,102
595894,GYAHD07ODK,748668,28/04/2019,08:46,09:54,Light Yellow,Clear,1.019,4.6,1+,Trace,Negative,2+,Negative,Normal,Negative,4-6,1,2-2,Nil,Nil,NIL,21.2,4,32.1,89.8,53,66,13.4,44.1,8932,41,18,3,5,0,0.66,1.81,0.91,0.11,0.08,410,8.6,11,0.59,25.1,3.5,0.9,0.38,2.89,177,32,62.1,31.3,156.5,204,5.5,1.94,0.52,0.4,0.1,0.3,107,45,36,40,6.9,4.5,2.4,1.88,1.1,18.5,8.6395,7.85,142,4.5,112,4.9,93.59,133,318,451,29.49,6,125.5,0.6,17.1,85,20.12,10,4.1,87,5.9,1.02,71,185,84,293
525439,GYAHD12ODK,210554,24/04/2019,07:25,08:46,Straw,Hazy,1.014,5.4,Negative,Negative,Trace,Negative,Negative,Normal,Negative,8-10,1,3-4,Nil,Nil,Mucus threads,14.8,5.9,50,99.1,25,29,14.5,40.5,54973,80,32,6,7,0,5.69,2.01,0.54,0.47,0.08,433,14.2,25,0.25,35,1.3,0.84,0.79,2.8,169,71,70.3,13.1,65.5,103,2.4,0.99,1.01,0.6,0.2,0.4,45,17,36,32,7.6,5,2.6,1.92,1,9.9,4.6233,4.62,140,4.7,100,5.3,112.52,84,209,293,28.67,5.8,119.76,28.1,25.6,484.6,5.28,8.6,5.9,62,3.1,8.11,96,70,89,134
281607,KLTRS05NLZ,792380,24/04/2019,09:25,10:43,Pale Yellow,Clear,1.016,6.9,Negative,Negative,Negative,Negative,Negative,Normal,Negative,90-92,1,3-4,Nil,Rare,Mucus threads,19.8,2.7,31,97.1,73,63,14.1,39.2,5747,43,24,5,6,0,9.05,1.88,0.42,0.53,0.04,197,12.3,14,0.39,16.7,2.7,5.06,0.21,4.6,192,67,76.7,32.1,160.5,155,2.9,1.14,0.87,0.8,0.2,0.6,68,30,34,20,6.1,4.5,1.6,2.81,1.6,5.1,2.3817,1.49,144,5.9,99,4.1,94.29,88,256,344,25.58,8.8,205.86,0.4,198.1,189.2,104.7,9.7,3.8,73,4.4,6.61,98,90,239,79
997382,GYAHD13KAU,340297,24/04/2019,07:49,08:33,Orange,Slightly cloudy,1.015,6.6,Negative,Trace,Negative,Negative,Negative,Normal,Negative,9-11,0,2-3,Moderate,Nil,NIL,8.4,5.9,36.2,81.9,14,23,12.5,39.3,10479,54,23,9,4,0,3.72,2.38,0.73,0.31,0.09,150,9.7,10,0.38,16.7,5.4,0.03,0.06,0.19,260,45,115.8,36.7,183.5,151,5.8,2.57,0.39,0.4,0.1,0.3,125,56,30,14,6.6,4.8,1.8,2.67,1,15.2,7.0984,7.1,133,4.1,104,4.3,117.64,131,150,281,46.62,11.8,291.96,0.6,274.1,261.8,104.7,10.5,2.6,303,5.4,0.58,102,140,96,114
353969,KLTRS05WBD,543826,24/04/2019,09:10,10:08,Light Yellow,Hazy,1.011,4.9,1+,Trace,Negative,Negative,Negative,Normal,Negative,20-25,2,2-2,Nil,Rare,NIL,15.8,5.6,51.4,80,28,30,13.3,40.5,54686,44,47,3,7,0,0.92,2.85,0.84,0.37,0.09,46,10.7,13,0.32,12.3,0.1,0.36,1.5,0.04,180,48,61,8.8,44,91,3.8,1.27,0.79,1.4,0.3,1.1,85,53,16,63,7.9,3.9,4,0.98,0.9,7.2,3.3624,3.74,143,3.3,106,4.5,107.72,150,221,371,40.43,5.2,102.54,0.9,14.4,176.3,8.17,9.2,2.6,176,9.6,0.05,76,116,163,272
848355,KLTRS10MLT,328528,28/04/2019,08:39,09:31,Light Yellow,Clear,1.011,4.8,1+,Negative,Negative,Negative,2+,Normal,Negative,12-14,0,13-12,Nil,Nil,NIL,8.8,6.4,53.7,85.5,13,16,14.6,42.3,6041,49,36,2,5,0,12.22,1.11,0.65,0.04,0.08,293,7.2,15,0.47,18.3,4.7,0.58,0.16,5.02,202,53,116,29.6,148,113,3.8,2.19,0.46,0.9,0.2,0.7,104,13,25,43,7,4.6,2.4,1.92,1.1,10.6,4.9502,4.5,145,2.1,109,6.4,91.74,177,345,522,33.91,7.2,159.94,0.4,15.6,50.1,31.14,8.7,3.3,172,9.8,0.07,85,73,61,104
711666,GYAHD11KAU,324102,28/04/2019,11:16,12:41,Light Yellow,Slightly cloudy,1.011,5.1,2+,Negative,Negative,Negative,Negative,Normal,Negative,5-7,1,1-2,Nil,Nil,NIL,13.4,4.2,40.1,96.6,31,33,14.1,45.8,8518,15,53,4,8,0,1.11,3.49,0.33,0.84,0.08,113,10,14,0.15,46.3,3.5,0.04,0.04,0.76,120,40,86.7,34.8,174,120,3,2.17,0.46,0.5,0,0.5,86,10,30,11,8.3,4.7,3.6,1.31,1.7,7.8,3.6426,2.14,142,3.9,107,4.3,47.33,66,236,302,21.85,6.2,131.24,0.4,26.6,267.5,9.94,8.5,2.7,86,12.2,2.68,122,114,70,97
787843,KLTRS03WBD,780905,28/04/2019,08:18,09:27,Pale Yellow,Clear,1.011,5.2,1+,Negative,Negative,Negative,Negative,Normal,Negative,13-14,2,2-2,Nil,Nil,NIL,14.5,4.6,27,97.9,31,53,9.4,45.3,5007,44,25,3,8,0,7.55,1.43,0.38,0.31,0.06,51,8.1,18,0.29,34.7,0.1,0.16,4.41,0.02,182,42,85.5,9.9,49.5,117,4.3,2.04,0.49,0.2,0,0.2,89,17,31,47,6.2,4.7,1.5,3.13,1.1,14.4,6.7248,6.11,125,4.1,103,5.9,90.02,180,301,481,37.42,5.8,119.76,0.4,176.3,208.4,84.6,11,5.2,157,3.4,12.21,114,73,88,117
588811,PBCHD08PBM,967331,26/04/2019,09:17,10:33,Pale Yellow,Hazy,1.014,4.8,Trace,Negative,Negative,Negative,Negative,Normal,Negative,13-14,2,2-2,Few,Nil,NIL,20.3,6.7,32.2,124.5,30,63,12.8,43.6,41313,41,24,2,5,0,14.77,4.39,0.59,0.43,0.14,17,11,11,0.29,20,1.6,0.19,0.76,0.22,185,22,76.1,38.3,191.5,137,8.4,3.46,0.29,0.9,0.3,0.6,88,8,21,40,8.3,4.6,3.7,1.24,1,26.8,12.5156,12.52,149,4.2,110,4.1,113.75,83,123,206,40.29,6.1,128.37,0.5,168,89.6,187.5,9.5,4.2,145,18.5,2.15,73,73,82,71
347540,GYAHD10ODK,956002,25/04/2019,06:43,07:22,Pale Yellow,Clear,1.026,4.6,Trace,1+,Negative,Negative,Negative,Normal,Negative,TNTC,0,7-18,Nil,Nil,NIL,10.8,5.9,26.7,79.6,18,40,11.2,40,9700,59,31,4,7,0,7.55,2.82,0.46,0.15,0.05,409,13,14,0.36,20,2.8,0.23,5.24,0.13,177,53,79.1,13.7,68.5,157,3.3,1.49,0.67,0.7,0.2,0.5,65,41,26,45,6.9,5,1.9,2.63,1.1,8.3,3.8761,3.52,143,4.4,96,8.8,114.03,147,382,529,27.79,7.1,157.07,8.5,20.2,48.1,42,10,3.8,140,21.6,3.28,123,82,129,151
853310,PBCHD05HPP,535389,24/04/2019,08:30,09:52,Straw,Slightly cloudy,1.012,5.1,Negative,Negative,Negative,Negative,Trace,Normal,Negative,4-5,0,3-2,Nil,Nil,NIL,11.9,5.2,42.4,98.4,22,28,15.4,44.5,6165,53,35,4,7,0,0.52,2.36,1.41,0.15,0.03,357,16.2,18,0.31,40.8,3.9,0.34,0.78,0.18,174,42,72.9,97.4,487,104,4.1,1.74,0.58,0.7,0.2,0.5,68,11,21,43,7.8,3.8,4,0.95,1.2,18.8,8.7796,7.32,139,4.9,113,3.6,62.79,35,360,395,8.86,6.5,139.85,0.1,23.3,47.2,49.36,10.3,5.6,180,15.6,1.88,99,117,105,89
351378,PBCHD03CGD,618671,28/04/2019,07:21,08:13,Straw,Slightly cloudy,1.011,5.3,Trace,Trace,Negative,Negative,Negative,Normal,Negative,2-3,2,16-14,Rare,Moderate,NIL,10,4.4,35.3,72.8,22,28,12.9,40.4,9850,45,28,2,5,0,6.33,2.1,0.09,0.6,0.03,860,7.5,23,0.2,14.6,3.3,4.05,0.14,0.13,202,67,53,31.9,159.5,144,3,0.79,1.26,0.8,0.3,0.5,54,63,38,13,7.8,3.9,3.9,1,0.9,14.2,6.6314,7.37,132,6,102,5.2,119.64,162,301,463,34.99,8.2,188.64,0.9,243.8,198.3,122.95,10.3,4.9,283,15.8,0.67,96,83,70,132
101660,KLTRS05TSS,234383,26/04/2019,06:38,07:20,Straw,Clear,1.015,4.5,Negative,Negative,Negative,Negative,Negative,Normal,Negative,1-3,1,3-4,Nil,Nil,NIL,11.9,8.1,53,81.7,14,22,13.2,44.1,9905,53,37,6,4,0,8.99,1.76,0,0.34,0.05,60,7.4,15,0.32,15.7,0.7,3.96,0.8,0.13,167,67,80.2,16.9,84.5,80,2.5,1.2,0.84,1.4,0.2,1.2,113,42,20,35,7.1,3.6,3.5,1.03,0.9,13.8,6.4446,7.16,133,4.7,101,3.3,105.28,69,202,271,25.46,5.7,116.89,0.7,16.8,143.4,11.72,11.6,4.3,97,13.2,2.26,102,77,158,172
431700,MZLGI11APK,641154,26/04/2019,10:23,10:57,Straw,Slightly cloudy,1.018,5.1,Negative,Negative,Trace,Negative,Negative,Normal,Negative,4-6,2,3-3,Nil,Nil,Parasites,6.5,4.2,56.5,95.9,15,11,16.1,43.3,7538,33,18,4,3,0,13.09,2.4,0.37,0.24,0.04,366,10.8,11,0.51,16.5,3.8,1.57,0.97,0.08,230,21,47.4,95.7,478.5,194,11,2.26,0.44,1,0.3,0.7,65,42,30,48,7.5,4.4,3.1,1.42,0.6,6.5,3.0355,5.06,137,5.5,102,1.7,102.94,72,354,426,16.9,5.9,122.63,0.8,11.4,86,13.26,10.3,2.3,99,2.8,3.65,106,85,72,87
965266,KLTRS14TSS,349757,24/04/2019,08:19,08:52,Straw,Clear,1.012,5,Trace,Trace,Negative,Negative,Negative,Normal,Negative,24-25,0,3-3,Nil,Nil,NIL,20.7,4.8,31.3,83.7,43,66,16.8,42.1,6599,44,46,5,5,0,6.27,2.71,0.23,0.47,0.07,1016,14.7,27,0.46,20.8,1.5,0.05,0.33,0.85,226,68,77.7,27.4,137,79,3.3,1.14,0.88,1.5,0.7,0.8,55,56,39,29,8.1,4.6,3.5,1.31,0.7,179.5,83.8265,119.75,138,5.8,105,6.5,102.51,135,258,393,34.35,8.1,185.77,0.6,18.2,80.8,22.52,11.1,3.9,108,18.3,3.51,123,78,93,95
273576,GYAHD09JHJ,732136,24/04/2019,07:46,09:08,Pale Yellow,Clear,1.01,6.7,1+,Trace,Negative,Negative,Negative,Normal,Negative,13-14,1,2-3,Nil,Rare,NIL,15.8,5.1,37.3,89.4,30,42,14.1,43.7,10263,44,45,1,6,0,6.13,2.78,0.58,0.38,0.06,238,9.9,11,0.07,17.3,2.2,0.53,0.31,0.83,171,45,90.1,28.5,142.5,67,3.8,2,0.5,0.5,0.2,0.3,75,42,11,48,7.3,3.5,3.8,0.92,0.9,19.2,8.9664,9.96,140,3.8,111,5.3,113.37,80,347,427,18.74,7.9,180.03,5.1,14.3,135.5,10.55,9.3,4,275,12.1,0.02,90,96,122,81
966121,KLTRS04NLZ,884169,28/04/2019,06:46,07:18,Pale Yellow,Clear,1.024,6.8,Trace,Trace,Negative,Negative,Negative,Normal,Negative,6-7,0,1-2,Moderate,Nil,NIL,15,5.4,32.8,68.4,27,45,12.2,35.4,5142,40,47,1,4,0,9.21,7.13,0.41,0.29,0.06,117,11.8,16,0.27,19.9,0.1,4.79,1.75,0.51,152,47,88.4,34.5,172.5,158,3.2,1.88,0.53,0.7,0,0.7,58,37,25,20,6.9,4.3,2.6,1.65,0.7,189,88.263,126.09,120,2.8,101,2.5,94.48,153,100,253,60.47,6.4,136.98,0.6,14.7,98.1,14.98,10.4,3.4,168,21.1,2.84,114,87,83,91
574878,PBCHD01RJU,439862,27/04/2019,08:58,09:42,Pink,Opaque,1.017,5,Trace,Negative,Trace,Negative,Negative,Normal,Negative,7-8,1,1-3,Nil,Nil,NIL,11.3,2.9,52.4,89.3,38,21,14.1,40.4,10756,41,23,5,2,0,1.37,2.94,0.13,0.18,0.03,364,11.1,17,0.23,27.5,1.6,0.22,2.77,4.6,170,40,89.2,19.2,96,183,4.3,2.23,0.45,0.9,0.3,0.6,66,5,15,46,7.4,4.6,2.8,1.64,0.6,17.2,8.0324,13.39,146,4.6,81,2.3,102.61,124,345,469,26.44,6,125.5,0.9,17.7,40.3,43.92,8.8,3.2,256,5.5,1.98,109,197,202,83
641423,PBCHD13SKM,504866,26/04/2019,11:36,12:21,Straw,Clear,1.018,6.2,Trace,Negative,Negative,Negative,Negative,Normal,Negative,11-12,0,11-16,Nil,Nil,NIL,2,3.1,52,99.2,6,3,12.6,43.2,7324,41,44,2,10,0,2.17,1.11,0.38,0.09,0.14,913,9,14,0.13,14.6,2.7,0.12,1.92,0.03,568,75,74.4,22.8,114,83,7.6,0.99,1.01,0.8,0.2,0.6,95,32,12,18,6.4,4.2,2.2,1.91,0.8,7.3,3.4091,4.26,143,2.5,86,6.4,107.96,166,337,503,33,6.7,145.59,0.1,20.7,139.4,14.85,9.3,4.2,274,8,0.52,93,146,83,138
775235,MZLGI06APK,571678,28/04/2019,11:24,12:03,Straw,Slightly cloudy,1.015,7,Trace,Negative,2+,Negative,Negative,Normal,Negative,12-14,2,2-3,Nil,Nil,NIL,19.5,7,63.7,83.2,27,30,12.2,45,45153,35,39,6,5,0,1.46,2.49,0.54,0.06,0.03,292,10.6,17,0.27,40.5,0.2,0.07,0.04,0.37,179,52,96.7,20.1,100.5,79,3.4,1.86,0.54,0.5,0.1,0.4,107,25,40,17,7,4.2,2.8,1.5,0.8,15.1,7.0517,8.81,140,1.5,113,4.1,99.78,93,324,417,22.3,9.1,214.47,0,17.4,141.6,12.29,8.7,2.8,144,10.3,3.6,108,72,317,130
930315,PBCHD13RJU,313224,27/04/2019,07:08,08:17,Dark Yellow,Slightly cloudy,1.008,6.8,Negative,Negative,Negative,1+,Negative,Normal,Negative,8-9,2,2-2,Moderate,Nil,NIL,5.2,5.7,40.8,71.9,9,12,13.3,40,54226,52,20,1,7,0,8.93,3.81,0.63,0.05,0,182,11.8,11,0.21,18.5,5,0.24,0.26,0.02,189,71,90.8,82.8,414,90,2.7,1.28,0.78,0.8,0.3,0.5,76,34,38,9,6.3,4.9,1.4,3.5,1.1,11.8,5.5106,5.01,144,3.8,99,5.8,113.81,132,133,265,49.81,5.9,122.63,0.7,10.9,102.5,10.63,9,2.6,212,9.7,0.77,97,99,92,77
855950,MZLGI01APK,243613,27/04/2019,10:09,11:28,Yellow,Clear,1.013,6.2,1+,Negative,Negative,Negative,Negative,Normal,Negative,2-4,1,1-4,Moderate,Nil,NIL,16.5,3.5,56.1,82.4,47,29,11.6,41,9404,47,34,2,10,0,0.78,4.24,0.68,0.68,0.09,155,8.6,15,0.26,20.5,1.6,0.31,0.99,0.09,185,55,76.9,61.1,305.5,82,3.4,1.4,0.72,0.4,0,0.4,58,52,32,35,6.7,3.9,2.8,1.39,0.9,19.1,8.9197,9.91,138,4.5,96,4.1,79.28,125,221,346,36.13,5.8,119.76,4.7,290.9,27.9,1042.65,10.1,3.7,208,9.2,5.05,89,65,84,125
175339,GYAHD11ODK,898213,28/04/2019,08:48,09:59,Dark Yellow,Slightly cloudy,1.021,5.7,Trace,Negative,Negative,Negative,Negative,Normal,Negative,7-9,1,3-2,Nil,Rare,NIL,14.7,4.3,23.4,62.6,34,62,12.8,39.3,10239,38,26,6,5,0,1.17,1.33,0.74,0.46,0.01,141,12,12,0.2,19.8,1.3,0.32,0.22,0.29,233,47,163.2,27.2,136,154,5,3.47,0.29,0.7,0.3,0.4,52,9,33,19,7.5,4.7,2.8,1.68,1.1,18,8.406,7.64,140,3.7,95,5.7,111.16,63,352,415,15.18,6,125.5,0.2,21.9,138.4,15.82,8.9,2.5,142,7.2,0.68,98,97,95,172
270902,GYAHD12KAU,799622,27/04/2019,07:12,07:58,Light Yellow,Clear,1.033,6,Trace,Negative,Negative,Negative,Negative,Normal,Negative,13-14,0,3-2,Nil,Nil,Fat droplets or lipiduria,16.9,5.9,36.4,80.4,28,46,14.1,35.7,9691,56,20,4,5,0,1.21,2.39,0.24,0.3,0.1,129,10,24,0.3,30.7,2.5,0.03,1.31,0.14,152,32,78.2,20.9,104.5,80,4.8,2.44,0.41,0.7,0.2,0.5,83,49,38,6,8.2,4.9,3.3,1.48,1.2,7.8,3.6426,3.04,148,5.2,98,5.8,103.08,95,165,260,36.54,6.2,131.24,0.2,22.1,273.6,8.08,11.3,2.9,171,12.6,1.02,93,90,94,110
516598,MZLGI03APK,150447,27/04/2019,08:33,09:25,Straw,Hazy,1.011,5.3,Negative,Trace,Negative,Negative,Negative,Normal,Negative,9-11,2,1-3,Nil,Nil,NIL,14.3,5.8,33.4,95.5,24,42,15.6,40.5,10260,73,15,3,2,0,3.2,2.87,0.84,0.1,0.06,289,14.8,15,0.34,13.8,2.1,0.2,4.23,0.08,235,60,138.1,11.5,57.5,128,3.9,2.3,0.43,0.7,0.3,0.4,45,54,29,17,8.2,4.9,3.3,1.48,0.7,25.8,12.0486,17.21,137,3.2,101,3.2,94.41,108,218,326,33.13,7.5,168.55,0.9,11.8,131.1,9,10.1,3.9,181,11.4,8.35,80,117,250,241
232141,MZLGI12GJS,993377,28/04/2019,07:40,09:02,Pale Yellow,Clear,1.017,6.9,Negative,1+,Negative,Negative,Negative,Normal,Negative,68-70,2,5-9,Nil,Rare,NIL,11.8,4.7,43,73.2,25,27,11.8,42.9,2284,47,30,6,2,1.8,6.77,3.8,0.57,0.56,0.09,371,10.8,18,0.67,47,0.8,0.05,0.33,0.59,216,53,92.1,13.5,67.5,167,4.1,1.74,0.58,1.9,0.9,1,104,45,26,29,6.2,4,2.2,1.82,0.6,12.6,5.8842,9.81,142,5.4,99,4.8,58.99,69,360,429,16.08,6,125.5,0.5,18.9,112.6,16.79,9.8,3.3,109,3.8,3.27,83,162,118,298
977945,PBCHD08RJU,187774,25/04/2019,06:07,07:05,Pale Yellow,Cloudy,1.013,6.1,Trace,1+,Negative,Negative,Negative,Normal,Negative,20-23,0,3-4,Nil,Rare,NIL,13.7,5.3,50.9,59.6,25,26,13.2,31.7,8247,58,22,5,11,0,1.64,1.45,0.24,0.46,0,343,5.6,25,0.36,33,7.1,0.1,0.31,0.29,152,46,87.1,31.4,157,103,3.3,1.89,0.53,0.4,0.1,0.3,68,43,12,25,6.9,3.9,3,1.3,1,13.5,6.3045,6.3,139,3.1,101,1.2,115.91,156,189,345,45.22,5.4,108.28,0.4,143.4,75.1,190.95,9.8,2.1,130,7.6,12.59,114,286,93,102
713299,GYAHD11KLM,841998,27/04/2019,06:37,07:50,Light Yellow,Clear,1.01,4.9,Trace,Trace,Negative,Negative,Negative,Normal,Negative,9-10,1,2-3,Nil,Rare,NIL,8.9,5.6,32.6,70.1,15,27,10.6,41.6,10449,45,48,8,8,0,2.26,3.4,0.68,0.18,0.09,11,7.2,13,0.13,21.3,0.1,0.33,0.84,0.27,153,41,120.4,19.1,95.5,183,3.7,2.94,0.34,0.3,0.1,0.2,252,15,93,14,6.4,3.5,2.9,1.21,0.9,11.4,5.3238,5.92,143,4.8,97,2.4,109.09,79,186,265,29.81,8.5,197.25,0.8,35,97.7,35.82,9.6,2.9,293,4.5,3.6,86,248,90,110
661839,PBCHD02HPP,723836,24/04/2019,09:12,09:44,Light Yellow,Slightly cloudy,1.017,4.6,Trace,Negative,Negative,Negative,Negative,Normal,Negative,5-7,0,2-2,Nil,Rare,NIL,11.4,5.1,36.7,94.6,22,31,13.5,26.8,30254,45,50,21,8,0,1.23,1.96,0.95,0.46,0.08,430,11.8,12,0.22,13.9,3.1,0.19,0.44,0.15,167,46,36.4,27.1,135.5,108,3.6,0.79,1.26,0.5,0,0.5,121,41,21,44,7.7,4.9,2.8,1.75,0.7,11.6,5.4172,7.74,140,4.1,99,3.9,102.59,138,135,273,50.55,6.7,145.59,0.1,12.1,22.5,53.78,8.7,6.3,195,9.3,3.88,115,189,105,204
959785,PBCHD09MHS,134889,25/04/2019,09:01,10:19,Deep Amber,Clear,1.025,6.9,1+,1+,Negative,Negative,Trace,Normal,Negative,6-7,0,11-17,Rare,Nil,NIL,10.2,4.4,24.1,73.3,23,42,14,40.8,6163,50,51,1,5,0,1.08,7.42,0.45,0.56,0.09,148,8.3,14,0.1,42.1,0.6,0.81,0.19,0.04,115,45,142.2,36.9,184.5,87,2.6,3.16,0.32,0.8,0.3,0.5,63,20,13,9,7.6,4.6,3,1.53,0.6,34.3,16.0181,26.7,124,2.6,106,4.1,95.52,105,142,247,42.51,8.4,194.38,0.6,17.9,81.2,22.04,13.4,5.8,296,5.6,2.38,90,66,225,138
155635,GYAHD02JHJ,822232,27/04/2019,10:27,11:05,Light Yellow,Clear,1.015,6.8,Negative,Negative,Negative,Negative,Negative,Normal,Negative,11-13,0,3-2,Nil,Nil,Parasites,12.9,5.4,38.9,96.2,23,33,13.9,43.5,4973,40,28,3,21,0,0.83,1.53,1.03,0.18,0.01,35,10.6,17,0.31,14.2,1.7,0.95,0.99,3.98,107,31,104,65.2,326,95,3.5,3.35,0.3,0.4,0.1,0.3,103,14,33,6,8.2,5,3.2,1.56,1.1,11.6,5.4172,4.92,141,4.9,94,4.3,115.85,85,380,465,18.28,7.7,174.29,1,12.8,41.4,30.92,8,2,134,10.4,0.009,119,102,84,103
534206,GYAHD10JHJ,889328,28/04/2019,11:17,12:05,Yellow,Hazy,1.016,6.4,Trace,2+,Negative,Negative,Negative,Normal,Negative,8-10,4,6-13,Nil,Nil,Fat droplets or lipiduria,16.8,5.8,30.9,71.4,28,54,14.2,41.1,10195,31,36,2,2,0,5.53,1.03,0.21,0.55,0.09,428,11.1,20,0.29,25.9,0.8,0.07,0.93,0.78,163,36,61.6,20.7,103.5,151,4.5,1.71,0.58,0.5,0.1,0.4,123,21,37,33,6.5,4.6,1.9,2.42,1.2,19.4,9.0598,7.55,141,5.8,105,3.9,111.38,154,344,498,30.92,5.8,119.76,0.1,13.5,136.8,9.87,7.9,3.3,192,3.9,1.51,149,94,116,198
325269,PBCHD03HPP,763781,25/04/2019,10:39,11:23,Pale Yellow,Clear,1.015,4.7,Trace,Negative,Negative,Negative,Negative,Normal,Negative,9-10,0,10-16,Rare,Nil,Yeast cells,11.4,4,33.7,92.7,28,33,12.5,28.1,10640,65,26,5,6,8.7,7.27,2.58,0.94,0.07,0.09,448,7.1,21,0.2,25.8,4.2,0.36,2.94,0.15,169,48,84.4,24.4,122,217,3.5,1.76,0.57,0.6,0,0.6,57,32,19,27,6.3,4.5,1.8,2.5,0.7,14.1,6.5847,9.41,147,6.4,108,4.9,90.41,152,296,448,33.93,7.9,180.03,1.6,17.9,131.8,13.58,9.2,3.5,176,6.4,0.98,91,80,73,121
292730,MZLGI11RJK,481597,28/04/2019,08:18,09:14,Pale Yellow,Clear,1.015,4.6,Trace,Negative,Negative,Negative,Negative,Normal,Negative,13-15,2,11-13,Nil,Few,NIL,10.3,8.3,45.7,81.4,12,22,13.7,29.2,51104,52,50,2,4,0,9.63,2.51,0.42,0.16,0.04,350,11.7,11,0.13,21.7,3,0.28,0.02,0.27,165,43,82.2,15,75,146,3.8,1.91,0.52,0.6,0.1,0.5,52,39,13,22,6.5,4.9,1.6,3.06,1,12.8,5.9776,5.98,149,4.5,107,2.4,104.11,122,331,453,26.93,8.9,208.73,0.5,27.3,45.8,59.61,11.7,4,131,18.7,3.05,92,81,62,120
399332,KLTRS15NLZ,970571,26/04/2019,07:45,08:38,Light Yellow,Clear,1.018,5.1,Trace,Trace,Negative,Negative,Negative,Normal,Negative,8-10,2,2-2,Nil,Nil,NIL,17.6,6.7,23,66.1,26,76,12.2,39.2,9749,56,38,9,3,0,5.83,1.24,0.56,0.03,0.05,210,7.7,11,0.25,26.9,0.8,0.24,4.67,0.35,157,46,97.2,9.2,46,78,3.4,2.11,0.47,0.6,0.1,0.5,102,8,38,41,6.9,5,1.9,2.63,0.8,17.4,8.1258,10.16,144,3.8,109,2.1,93.89,146,346,492,29.67,6.3,134.11,3.5,22.3,88.2,25.28,10.3,6.7,336,4.8,2.04,125,171,159,108
595935,MZLGI14MHP,624506,26/04/2019,08:01,09:11,Light Yellow,Clear,1.018,5.4,Trace,Negative,Negative,Negative,Negative,Normal,Negative,10-12,0,1-3,Nil,Nil,NIL,1.5,5.2,57.5,82.3,2,2,12.1,40.7,8190,80,29,4,13,0.8,0.9,1.63,0.72,0.31,0.09,171,8.6,14,0.35,25.2,3.1,0.06,0.34,0.04,150,56,126.2,100.7,503.5,192,2.7,2.25,0.44,0.3,0.1,0.2,49,41,33,14,7.6,3.8,3.8,1,0.6,16.2,7.5654,12.61,142,3.4,98,6.8,99.07,173,193,366,47.27,7.5,168.55,0.4,23.1,139.4,16.57,6.7,5.2,188,11.8,1.12,81,133,70,146
138690,KLTRS13NLZ,822617,27/04/2019,07:00,07:53,Light Yellow,Slightly cloudy,1.013,6.7,Negative,Trace,Negative,Negative,2+,Normal,Negative,3-5,1,2-4,Nil,Nil,Yeast cells,11.8,4.7,53.9,92,25,21,11.6,45.6,6950,48,31,3,3,0,1.72,2.86,1.48,0.05,0.07,671,9.7,13,0.35,25.4,1.2,0.26,1.85,0.34,163,60,73.7,9.7,48.5,195,2.7,1.23,0.81,0.8,0.1,0.7,329,26,12,51,6.2,4.7,1.5,3.13,0.8,14.6,6.8182,8.52,129,2.7,99,5.4,95.06,143,348,491,29.12,5.8,119.76,0.8,12.2,253.6,4.81,7.8,6.6,193,4.8,0.72,70,60,70,88
610520,GYAHD06KLM,388852,26/04/2019,06:26,07:33,Pale Yellow,Hazy,1.009,6.6,Trace,Negative,Negative,3+,Negative,Normal,Negative,18-19,1,3-2,Nil,Nil,NIL,14.1,8.1,38,46.2,17,37,12.1,46.4,9966,68,38,10,2,0,0.43,2.63,0.36,0.33,0.09,117,11.8,11,0.22,26.9,0.4,0.23,3.33,0.29,838,38,92,8.1,40.5,130,22.1,2.42,0.41,1.4,0.3,1.1,86,18,27,8,7.4,4.2,3.2,1.31,1.2,11,5.137,4.28,143,4.7,115,1.5,96.06,183,210,393,46.56,6.2,131.24,0.8,12.4,323.3,3.84,11.5,4,70,15.4,0.43,91,114,96,121
951820,PBCHD01CGD,885707,26/04/2019,06:57,07:28,Orange,Hazy,1.02,6.7,Negative,Trace,Negative,Negative,Negative,Normal,Positive,10-11,1,14-19,Nil,Nil,NIL,14.3,6.3,47.4,91.3,22,30,11.9,39.2,10094,51,32,1,5,0,3.3,2.94,0.78,0.26,0.01,313,10.8,12,0.34,21,3.4,0.14,0.14,0.17,104,24,73.7,42.6,213,131,4.3,3.07,0.33,0.8,0.1,0.7,42,11,14,36,7.3,3.8,3.5,1.09,0.7,9.1,4.2497,6.07,124,4.5,110,5.1,115.61,107,203,310,34.52,6.5,139.85,0.6,44.8,93.7,47.81,9.7,3.8,113,10.5,3.67,97,99,91,124
733977,PBCHD11SKM,448067,26/04/2019,11:45,12:41,Straw,Clear,1.026,6.7,Trace,Trace,Negative,Negative,Negative,Normal,Negative,13-15,5,2-2,Nil,Nil,NIL,10,6.1,23.9,97.2,16,41,13,45.2,4614,80,26,6,5,0,3.85,1.33,0.59,0.66,0.07,186,5.6,15,0.36,40.2,3.1,0.7,0.69,0.19,187,25,74.1,36.1,180.5,88,7.5,2.96,0.34,0.9,0.3,0.6,55,11,38,14,6.9,4.7,2.2,2.14,0.7,9.2,4.2964,6.14,137,4.5,96,2,117.86,129,253,382,33.77,9,211.6,0.2,23,86.3,26.65,10,3.6,190,2.1,3.54,104,138,119,119
902567,MZLGI12RJK,847857,28/04/2019,11:34,12:44,Pale Yellow,Clear,1.023,5.2,1+,Negative,Negative,Negative,Negative,Normal,Negative,11-12,1,14-15,Nil,Rare,NIL,16.6,4.6,38.1,95.2,36,43,12.2,48.1,8786,34,46,3,4,0,22.98,2.69,0.49,0.41,0.1,1043,7,16,0.59,13.3,7.2,0.23,0.33,0.25,180,23,94.5,23.2,116,104,7.8,4.11,0.24,0.5,0.2,0.3,88,46,12,18,7.9,5,2.9,1.72,0.8,15.2,7.0984,8.87,149,2.6,93,3.1,118.01,170,278,448,37.95,7.1,157.07,0,10.1,198.8,5.08,9.7,4.7,155,7,2.87,77,76,187,294
403870,PBCHD07HPP,796958,26/04/2019,06:06,06:46,Light Yellow,Clear,1.02,6.8,Trace,Negative,Negative,Negative,2+,Normal,Negative,75-76,1,1-4,Nil,Nil,NIL,5.3,6,52.6,92.9,8,10,11.8,45.1,6769,40,31,1,6,2.1,9.45,1.11,0.64,0.61,0.06,416,15.3,16,0.37,13,1.2,0.16,1.79,0.25,169,56,76.1,94.3,471.5,209,3,1.36,0.74,0.3,0,0.3,126,20,33,33,6,4.1,1.9,2.16,0.8,10,4.67,5.84,137,5.8,95,3.1,117.77,95,280,375,25.33,6.4,136.98,0.6,18.5,93.4,19.81,9.2,2.7,155,7,1.83,134,75,71,127
825858,PBCHD14SKM,367771,25/04/2019,07:47,08:42,Deep Amber,Clear,1.019,6.4,3+,Trace,Negative,Negative,Negative,Normal,Negative,4-5,1,3-3,Nil,Nil,Artifacts,21.7,5,52.4,80.1,43,41,13.7,39.1,5200,47,24,4,7,0,8.54,2.27,0.53,0.15,0.07,393,7.5,24,0.34,15.9,2.3,0.27,0.31,3,231,75,81.3,7.2,36,126,3.1,1.08,0.92,0.9,0.3,0.6,101,8,31,38,7.6,3.5,4.1,0.85,1,37.9,17.6993,17.7,139,4.2,107,2.8,88.21,70,358,428,16.36,6.3,134.11,0.6,14.5,86.2,16.82,10.1,4.2,149,7.7,1.21,125,84,91,289
556981,GYAHD15KLM,649846,24/04/2019,11:57,13:21,Light Yellow,Opaque,1.024,4.7,Trace,Trace,Negative,Negative,Negative,Normal,Negative,2-3,1,3-4,Moderate,Nil,Yeast cells,9.4,4.8,33.1,84.2,19,28,13.4,42.1,3304,44,53,6,4,0,7.42,4.26,0.52,0.35,0.04,14,11.7,13,0.34,28.8,3.3,0.77,0.62,0.79,208,24,76.2,32.2,161,161,8.7,3.18,0.31,0.6,0.2,0.4,65,19,36,45,7.8,4.9,2.9,1.69,1.2,10.7,4.9969,4.16,121,4.4,102,5.2,96.47,103,188,291,35.4,6,125.5,0.4,16,93.2,17.17,7.4,3.2,112,3.3,6.34,114,68,121,223
425210,PBCHD07GAM,285998,26/04/2019,06:52,07:30,Light Yellow,Clear,1.019,5.8,Negative,2+,Negative,Negative,Negative,Normal,Negative,2-4,0,3-3,Rare,Moderate,NIL,11,6.4,49.9,99.1,17,22,16.7,44.4,4222,51,40,6,8,0,5.88,3.35,0.48,0.32,0.04,46,15.9,17,0.38,23.2,1.7,0.15,0.38,0.74,225,34,85.3,84.3,421.5,183,6.6,2.51,0.4,0.8,0.2,0.6,90,51,20,27,6.2,3.5,2.7,1.3,0.9,17.8,8.3126,9.24,142,2.6,102,5.7,47.94,106,357,463,22.89,8.9,208.73,0.4,16.1,206.8,7.79,11.3,2.7,64,6.3,1.21,78,117,92,220
481946,GYAHD15KAU,329846,24/04/2019,10:43,11:18,Straw,Clear,1.018,6.6,Trace,Negative,Negative,Negative,Negative,Normal,Negative,7-8,0,2-4,Nil,Nil,NIL,18.5,4.4,38.2,85.9,42,48,12.2,44.2,9032,46,35,9,4,0,0.5,1.87,0.55,0.19,0.05,44,10.8,15,0.35,30.8,3,0.11,0.43,0.13,224,58,80.6,63.7,318.5,158,3.9,1.39,0.72,0.9,0.2,0.7,52,7,11,17,6.2,5,1.2,4.17,0.6,17.1,7.9857,13.31,143,1.5,101,2.4,111.36,149,307,456,32.68,6,125.5,0.2,81.4,147,55.37,10.3,2.5,254,12.2,2.08,83,60,121,114
619834,MZLGI08MHP,491472,24/04/2019,06:21,07:40,Straw,Clear,1.012,5.1,Negative,3+,Negative,Negative,Negative,Normal,Negative,7-9,2,9-12,Few,Nil,Yeast cells,8.2,5.3,33.7,88.2,15,24,13,41.6,5277,49,39,2,7,0,7.84,1.33,0.34,0.21,0,440,10.3,15,0.26,14.6,0.7,0.83,0.21,0.72,167,80,81.4,18.2,91,83,2.1,1.02,0.98,0.8,0.2,0.6,64,47,30,46,7.2,5,2.2,2.27,0.7,23.4,10.9278,15.61,144,4.8,102,3.4,98.57,230,148,378,60.85,6.2,131.24,0.9,28.4,56.7,50.09,9.3,5,306,8.1,0.29,86,98,102,112
144260,PBCHD06NLM,804387,27/04/2019,08:22,09:14,Dark Yellow,Clear,1.019,4.9,Negative,Negative,Negative,Negative,Negative,Normal,Negative,8-9,0,2-4,Nil,Nil,NIL,15,5.5,20.6,72.3,27,72,14.4,41.1,7284,31,17,5,2,0,3.77,2.61,0.58,0.49,0.2,750,9.8,20,0.34,17.3,1.8,0.23,0.89,0.96,199,59,48.9,9.9,49.5,90,3.4,0.83,1.21,0.7,0.3,0.4,40,32,16,48,6.2,4.5,1.7,2.65,1.2,17.1,7.9857,6.65,137,4.7,108,6.6,94.95,80,353,433,18.48,5.1,99.67,0.5,26.8,213.4,12.56,10.7,4.7,138,4.5,0.02,297,113,102,95
167585,MZLGI02MHP,120296,27/04/2019,06:13,07:13,Yellow,Clear,1.015,7,Trace,Negative,Negative,Negative,Negative,Normal,Negative,40-43,59,1-3,Nil,Nil,NIL,14,8.4,45.1,58.6,16,31,10,39.4,2377,20,37,6,7,0,9.37,2.56,0.43,0.28,0.07,225,8.7,14,0.34,23.3,2.8,0.08,0.09,0.1,183,49,119.3,56,280,78,3.7,2.43,0.41,0.5,0.2,0.3,72,41,18,41,6.4,3.9,2.5,1.56,0.6,9.1,4.2497,7.08,141,1.8,104,4.5,111.01,91,120,211,43.13,5.8,119.76,0,26.9,403.9,6.66,9,2.1,118,7.8,2.6,119,64,73,72
743968,PBCHD14PBP,391464,27/04/2019,08:34,09:27,Pale Yellow,Slightly cloudy,1.362,4.9,Trace,Negative,Negative,Negative,Negative,Normal,Negative,12-14,2,3-2,Rare,Rare,Mucus threads,15.3,5.5,43.8,91.2,27,34,11.8,39.5,9200,40,45,5,5,0,0.74,1.24,0.87,0.35,0.25,298,12.6,12,0.19,19.8,2.8,0.22,0.25,4.4,128,58,71.8,24.5,122.5,113,2.2,1.24,0.81,0.7,0.3,0.4,123,13,10,38,6,5.1,0.9,5.67,0.7,12.1,5.6507,8.07,138,2.5,105,3.7,97.51,156,358,514,30.35,6.1,128.37,0.2,28.5,183.5,15.53,10.1,5.3,84,8.5,5.16,95,71,88,103
604992,GYAHD12KLM,941166,27/04/2019,08:13,09:28,Light Yellow,Clear,1.015,5.9,Negative,Trace,Negative,Negative,Negative,Normal,Negative,6-7,1,1-2,Nil,Nil,NIL,8,4.3,25.9,98.7,18,30,13.6,44.4,9389,67,30,6,18,0,21.5,5.32,0.8,0.19,0.07,834,9.3,17,0.31,14.2,7.4,0.1,0.82,2.02,178,54,116.2,17.1,85.5,184,3.3,2.15,0.46,0.5,0.2,0.3,128,11,17,40,8.1,4.1,4,1.03,1,14.9,6.9583,6.96,148,3.5,113,6,93.82,83,228,311,26.69,6,125.5,0.1,24.9,144,17.29,10.5,2.7,243,3.2,2.6,123,77,86,187
846401,MZLGI10MHP,780272,26/04/2019,08:43,09:33,Yellow,Slightly cloudy,1.02,6.5,Negative,Trace,Negative,Negative,Negative,Normal,Negative,10-12,1,15-15,Nil,Nil,NIL,11.9,5.6,54.5,78.6,21,21,11.9,42.8,44743,29,21,4,6,0,8.81,2.39,0.91,0.08,0.04,21,11,16,0.23,24.7,0.1,0.35,0.02,0.34,166,46,103.8,18.6,93,154,3.6,2.26,0.44,0.5,0.2,0.3,104,50,28,10,6.8,3.6,3.2,1.13,0.6,10.4,4.8568,8.09,116,3.6,106,4.6,111.68,161,238,399,40.35,8,182.9,0.1,22.4,148.5,15.08,9.9,5.3,148,9,0.11,111,97,161,79
571099,PBCHD03KLC,771513,27/04/2019,06:50,08:00,Pale Yellow,Slightly cloudy,1.023,5.6,Trace,Trace,Negative,Negative,Negative,Normal,Negative,8-9,0,2-3,Nil,Moderate,Amorphous debris,16.8,7.2,35,97.5,23,48,13.2,31.7,2817,58,49,4,8,0,6.46,0.57,0.5,0.17,0.07,236,10.7,13,0.37,17.9,0.1,0.24,0.27,0.12,188,72,76.8,31.2,156,149,2.6,1.07,0.94,0.5,0.2,0.3,72,53,33,45,6.1,4.8,1.3,3.69,1.1,10.8,5.0436,4.59,146,3.1,96,4.6,106.33,34,289,323,10.53,6.2,131.24,0.2,22,83.5,26.35,7.7,3.7,180,9.2,0.64,196,83,99,153
964735,MZLGI01GJS,487104,25/04/2019,06:42,07:34,Light Yellow,Hazy,1.03,5.7,Trace,Trace,Negative,Negative,Negative,Normal,Negative,7-9,0,3-4,Nil,Nil,NIL,12.2,5.6,20.7,99,21,58,13.4,40.8,10552,50,27,3,2,0.6,0.75,2.15,0.3,0.19,0.08,412,13.5,17,0.25,19.6,1.1,4.75,0.3,0.18,199,62,95,38.6,193,163,3.2,1.53,0.65,0.5,0.1,0.4,53,55,15,32,7.7,4.2,3.5,1.2,0.8,6.9,3.2223,4.03,142,3.8,98,3.3,95.14,61,263,324,18.83,7.7,174.29,0.1,274.9,85.9,320.02,10.9,2.8,212,11.7,10.25,71,89,118,88
878014,GYAHD09KLM,724108,25/04/2019,07:33,08:31,Pale Yellow,Clear,1.014,4.9,1+,Negative,Trace,Trace,Negative,Normal,Negative,10-11,0,1-4,Nil,Nil,Mucus threads,11.1,4.6,39.9,99.3,24,27,12.9,41.8,9032,42,48,1,6,0,1.96,0.23,0.7,0.37,0.07,294,11.5,18,0.23,26.3,2.1,0.36,0.22,0.23,152,45,61.9,14,70,210,3.4,1.38,0.73,0.5,0.2,0.3,86,26,34,18,7.3,4.1,3.2,1.28,0.9,12.3,5.7441,6.38,123,3.9,99,3.4,111.05,95,146,241,39.42,6.3,134.11,0,16.4,111.8,14.67,9.2,4.2,137,10.7,0.93,77,94,98,141
256950,MZLGI04RJK,313209,28/04/2019,10:51,12:18,Pale Yellow,Clear,1.022,6.5,1+,Trace,Negative,1+,Negative,Normal,Negative,TNTC,0,>20,Nil,Few,NIL,16.5,4.3,20.9,99.8,38,78,12.2,42.8,9183,20,21,5,2,0,4.35,1.47,0.44,0.18,0.1,424,13.1,12,0.24,31.3,0.1,0.39,0.05,0.28,185,23,121.3,7.1,35.5,152,8,5.27,0.19,0.6,0,0.6,70,23,13,45,6.1,3.9,2.2,1.77,0.8,19.7,9.1999,11.5,127,4.7,105,3.1,79.81,92,354,446,20.63,8.6,200.12,0.5,16.4,111.3,14.73,8,2.4,63,15.2,1.94,152,66,87,239
563116,GYAHD07ODK,244963,24/04/2019,08:26,09:38,Dark Yellow,Clear,1.021,4.5,Negative,Trace,Negative,Negative,Negative,Normal,Negative,6-7,1,1-2,Rare,Few,NIL,11.2,4.8,43.8,74.7,23,25,12.6,25.1,10178,58,51,2,3,0,8.65,2.2,0.81,0.14,0.04,262,7.1,9,0.22,27.9,1,0.26,0.34,0.19,130,40,72.8,55,275,93,3.3,1.82,0.55,0.3,0,0.3,57,36,19,23,7.9,4.6,3.3,1.39,2.5,7.1,3.3157,1.33,132,4.3,99,2.1,101.93,87,345,432,20.14,10.4,251.78,0.6,20.5,143.9,14.25,11.8,6.8,121,11.4,0.87,107,105,95,252
317893,PBCHD14PBM,133178,28/04/2019,10:32,11:05,Straw,Clear,1.016,6.3,Trace,1+,Negative,Negative,Negative,Normal,Negative,9-10,1,1-4,Rare,Nil,NIL,9.8,5.1,15.1,92.6,19,64,15.7,41.3,4912,52,28,1,3,0,17.99,2.89,0.3,0.03,0.01,118,10.9,20,0.31,22.5,0.1,0.13,0.65,0.18,806,46,92,15.6,78,108,17.5,2,0.5,0.8,0.3,0.5,72,23,13,28,7.1,4.2,2.9,1.45,1,26,12.142,12.14,143,4.3,105,3.4,100.22,88,168,256,34.38,6,125.5,0.9,258.1,131.3,196.57,11.1,3,243,4.8,0.007,72,86,113,116
240290,GYAHD10ODK,630257,24/04/2019,07:40,08:28,Yellow,Slightly cloudy,1.033,6.9,Trace,Trace,Negative,Negative,Negative,Normal,Negative,11-12,65,2-3,Nil,Nil,NIL,12.7,4.6,20.5,83.7,27,61,12.1,41.1,8808,40,20,1,12,0,1.49,0.33,0.59,0.43,0.09,260,8.7,14,0.32,24.5,2.3,0.27,0.15,0.22,191,57,108.7,29.1,145.5,117,3.4,1.91,0.52,0.9,0.4,0.5,68,47,30,36,6,4.9,1.1,4.45,1.5,71.7,33.4839,22.32,156,3.6,96,2.6,91.96,62,280,342,18.13,6.2,131.24,0.6,21,140,15,10.2,3.5,137,19.4,1.08,175,79,76,214
653702,GYAHD14KLM,890446,26/04/2019,06:09,06:59,Straw,Clear,1.014,4.7,Trace,Trace,Negative,Negative,Negative,Normal,Negative,TNTC,2,16-17,Nil,Nil,NIL,4.2,6.5,49.9,49.4,6,8,12.9,39,5614,52,36,6,7,0,0.66,2.15,0.66,0.15,0.03,102,14.6,19,0.05,34.9,4.8,1.66,0.08,0.14,155,47,84,73.5,367.5,96,3.3,1.79,0.56,1.5,0.7,0.8,46,14,18,16,8.1,4.9,3.2,1.53,0.7,17.2,8.0324,11.47,144,3.7,105,6.6,109.57,70,142,212,33.02,12.3,306.31,0.9,22.3,47.1,47.35,8.6,4.2,153,3.6,9.33,104,300,90,143
700122,KLTRS04MLT,175478,26/04/2019,06:37,07:31,Light Yellow,Slightly cloudy,1.014,4.6,Negative,Trace,Trace,1+,Negative,Normal,Negative,4-5,4,7-12,Nil,Nil,NIL,1.2,5.6,55.1,81.1,2,2,13.8,43.6,4351,72,37,1,2,0,0.46,1.9,0.36,0.42,0.06,142,8.1,18,0.09,34.7,4.9,0.72,0.34,0.89,185,60,94.4,5.4,27,80,3.1,1.57,0.64,0.5,0.2,0.3,49,22,13,41,7.6,3.9,3.7,1.05,0.7,8.4,3.9228,5.6,139,4.6,105,5.4,92.74,173,241,414,41.79,5.9,122.63,0.3,18,38.1,47.24,9.4,5.1,130,4.9,2.76,108,182,117,173
921941,KLTRS14KLP,600839,26/04/2019,07:16,08:32,Pale Yellow,Clear,1.019,6.2,Trace,Negative,Negative,Negative,Negative,Normal,Negative,12-13,0,1-2,Rare,Nil,NIL,13.1,4.2,53.8,97.5,31,24,12.9,37,5683,45,25,4,7,0,3.62,3.32,0.86,0.13,0.08,253,13.8,11,0.09,23.8,0.4,0.16,0.1,0.13,151,48,98.2,21.8,109,99,3.1,2.05,0.49,0.7,0,0.7,53,15,31,12,6.7,3.5,3.2,1.09,0.6,19.7,9.1999,15.33,126,3.5,70,2.3,116.62,109,347,456,23.9,7.8,177.16,0.6,20.4,145.4,14.03,9.9,5.8,129,5.4,2.17,80,124,91,70
420888,KLTRS10NLZ,876147,28/04/2019,10:54,11:51,Light Yellow,Clear,1.019,6.3,Negative,1+,Negative,Negative,Negative,Normal,Negative,1-2,2,3-2,Nil,Nil,NIL,17.7,4.3,39.5,45.2,41,44,13.8,42.7,10645,38,34,9,4,0,8.19,2.33,0.49,0.49,0.09,349,14.3,10,0.21,34.8,2.9,0.44,0.28,3.2,208,62,91.4,24.5,122.5,61,3.4,1.47,0.68,0.7,0.3,0.4,125,44,14,35,7.1,3.5,3.6,0.97,1.1,14,6.538,5.94,135,4.6,107,6,90.88,174,241,415,41.93,6.2,131.24,0.6,259.2,66.5,389.77,10.9,2.5,158,11.7,1,74,76,110,131
373691,MZLGI14BRC,373426,27/04/2019,08:59,10:23,Deep Amber,Slightly cloudy,1.013,5.9,3+,Trace,Negative,Negative,Negative,Normal,Negative,11-12,2,3-3,Rare,Rare,NIL,8.5,5.9,50.6,79.3,14,16,14.3,40,10569,31,26,3,2,0,0.72,0.37,0.89,0.38,0.1,95,11.4,12,0.28,15.4,0.4,0.24,0.01,0.76,165,53,107.9,34.8,174,150,3.1,2.04,0.49,1.1,0.4,0.7,102,30,38,29,7.4,4,3.4,1.18,0.6,39.9,18.6333,31.06,137,4.8,83,2.8,44.52,94,254,348,27.01,6.6,142.72,0.2,20.9,168.7,12.39,9.2,3.3,252,3.1,7.61,176,87,105,82
345532,KLTRS15NLZ,797516,27/04/2019,08:18,09:29,Yellow,Clear,1.018,6,Trace,Trace,Negative,Negative,Negative,Normal,Negative,1-3,13,3-3,Nil,Rare,NIL,6.6,5.2,56.7,84.1,12,11,13.4,39.9,9139,37,20,1,5,0,6.16,0.84,0.24,0.2,0.17,133,13.7,13,0.34,24.2,4.8,0.84,0.66,0.3,115,65,93.7,36.7,183.5,139,1.8,1.44,0.69,15.4,10.9,4.5,71,27,16,23,7.2,4.8,2.4,2,0.6,12.5,5.8375,9.73,143,2.8,109,9.6,102.07,96,355,451,21.29,5.9,122.63,0.1,13.7,109.2,12.55,10.4,4.5,67,5.3,2.84,105,70,70,118
824692,GYAHD10KAU,749159,24/04/2019,11:21,12:22,Pale Yellow,Clear,1.025,5,Negative,Negative,Trace,2+,1+,Normal,Negative,13-15,0,11-18,Nil,Nil,NIL,12.8,4.4,12.3,76.6,29,104,12.2,31.5,4600,42,40,4,6,0,4.77,0.96,0.79,0.04,0.17,438,10.4,18,0.5,13.5,0.8,0.97,0.38,4.4,185,47,52.6,52.4,262,165,3.9,1.12,0.89,0.6,0,0.6,58,33,25,40,8,3.8,4.2,0.9,1,46.4,21.6688,21.67,133,3.9,105,6.7,117.12,152,231,383,39.69,7.6,171.42,0.3,15.3,128.2,11.93,9,5.4,227,8.9,1.84,122,80,98,164
644044,KLTRS13KLP,959906,25/04/2019,08:47,09:30,Dark Yellow,Opaque,1.038,5.8,Negative,1+,Negative,Negative,Negative,Normal,Negative,2-4,2,3-4,Nil,Nil,Mucus threads,19.8,7.5,54.3,75.1,26,36,12.2,27.9,7245,60,39,3,5,0,3.32,1.81,0.44,0.49,0.05,206,8.8,13,0.15,35.1,0.2,1.41,3.29,0.24,151,37,116.1,22.1,110.5,192,4.1,3.14,0.32,0.7,0,0.7,109,35,21,34,6.3,4.2,2.1,2,0.6,11.2,5.2304,8.72,128,4.4,101,4.6,99.83,88,210,298,29.53,6.3,134.11,0.8,255.6,448.5,56.99,9.8,3.6,170,12.5,1.61,108,116,94,94
630659,PBCHD11KLC,436058,24/04/2019,06:46,07:30,Orange,Clear,1.016,4.4,Negative,Negative,Negative,Negative,Negative,Normal,Negative,79-81,1,3-4,Rare,Rare,NIL,20.2,5.7,41.7,70.2,35,48,13.2,44.3,5218,60,24,8,4,1,6.45,2.07,0.52,0.34,0,166,9.1,15,0.3,22.9,5.4,0.19,1.53,0.97,127,68,41.7,14.3,71.5,133,1.9,0.61,1.63,0.6,0,0.6,64,9,28,15,7.1,5.5,1.6,3.44,0.9,28.3,13.2161,14.68,142,2.2,106,5.5,117.88,101,299,400,25.25,7.7,174.29,0.8,136.9,115.7,118.32,9.7,5.3,151,8.8,8.99,75,84,70,141
604405,MZLGI10MHP,711991,25/04/2019,11:09,12:34,Light Yellow,Clear,1.02,6.8,Trace,Trace,Negative,Negative,Negative,Normal,Negative,7-8,2,2-4,Nil,Nil,Fungal elements,12,6.9,28.8,74.3,17,41,11.5,42.4,5195,61,37,5,8,0,4.89,1.94,0.75,0.04,0.01,942,9.3,17,0.35,47.1,2,3.04,0.21,0.31,176,68,79.6,33.2,166,166,2.6,1.17,0.85,0.4,0,0.4,60,26,31,42,6,4.5,1.5,3,0.8,12.3,5.7441,7.18,135,3.6,106,6.7,108.19,185,340,525,35.24,6.3,134.11,0.5,99.3,26.6,373.31,9.4,4.1,81,18.6,2.09,75,120,110,111
953654,MZLGI12RJK,506371,28/04/2019,09:27,10:45,Light Yellow,Cloudy,1.013,6.5,Trace,3+,Negative,Negative,Negative,Normal,Negative,14-15,5,2-2,Nil,Nil,NIL,14.7,5,54.2,86.7,29,27,13.9,43.7,4023,56,20,15,6,0,7.19,1.21,0.51,0.3,0.11,168,13,20,0.34,20,1.6,0.01,0.05,0.45,198,50,74.5,35.3,176.5,114,4,1.49,0.67,0.4,0,0.4,45,47,20,39,7.6,5,2.6,1.92,0.6,11.5,5.3705,8.95,146,1.8,105,6.4,103,89,279,368,24.18,6.1,128.37,0,13.4,63.5,21.1,10.4,2.6,171,4.8,3.71,107,130,106,198
800396,PBCHD06RJU,981611,25/04/2019,10:23,11:12,Pale Yellow,Clear,1.012,6.5,2+,Negative,Negative,Negative,Negative,Normal,Negative,9-11,1,3-2,Nil,Rare,Fat droplets or lipiduria,17.4,5.5,40.5,97.4,31,42,12.9,45.9,17920,46,36,4,2,0,0.44,1.11,0.6,0.37,0.02,200,17.4,13,0.32,31.7,1.5,0.26,0.1,0.33,189,53,87.1,38.3,191.5,80,3.6,1.64,0.61,0.7,0.1,0.6,87,25,35,29,6.9,2.5,4.4,0.57,1.5,9.2,4.2964,2.86,138,3,110,4.6,33.11,195,350,545,35.78,11.6,286.22,0.4,91.7,65.7,139.57,9.2,6.7,199,3.1,0.41,110,63,88,93
200869,MZLGI14BRC,696905,28/04/2019,11:08,11:57,Light Yellow,Slightly cloudy,1.026,6.9,Negative,1+,Negative,Negative,Negative,Normal,Negative,29-33,50,3-4,Nil,Nil,NIL,9.5,4.5,30.5,60.3,21,31,12.5,44.2,5007,55,32,4,17,10.3,6.48,2.4,0.86,0.04,0.08,156,10.8,11,0.3,21.1,3.3,0.19,5.22,0.31,219,53,95.5,10.6,53,67,4.1,1.8,0.55,0.8,0.2,0.6,53,17,34,27,7.4,4,3.4,1.18,1.1,6.6,3.0822,2.8,145,5.6,100,5.6,94.35,131,222,353,37.11,5.7,116.89,0.8,19,82.9,22.92,10.5,3.7,334,5.6,2.41,152,106,108,176
314766,KLTRS12MLT,613639,28/04/2019,08:29,09:00,Pale Yellow,Clear,1.02,6.9,2+,Negative,Negative,Negative,Negative,Normal,Negative,8-9,5,3-2,Nil,Nil,Artifacts,19.4,8.3,59.8,70.6,23,32,14.6,41.5,10785,43,39,5,4,0,0.91,1.35,0.68,0.33,0.01,808,8.1,16,0.33,18.2,1.3,2.19,0.19,0.97,114,41,87.6,7.3,36.5,149,2.8,2.14,0.47,0.3,0,0.3,89,34,18,46,8.3,4.6,3.7,1.24,0.6,30.9,14.4303,24.05,138,4,107,7.4,92.95,173,349,522,33.14,6,125.5,0.9,21.5,247.2,8.7,7.7,2.5,46,11.3,7.14,136,97,87,187
555466,GYAHD03KAU,315115,27/04/2019,11:46,12:24,Pale Yellow,Slightly cloudy,1.02,6.9,Negative,Trace,Trace,Negative,Negative,Normal,Negative,11-13,3,15-18,Nil,Nil,Artifacts,14.3,4.7,44.3,80.4,30,32,14.5,45.4,4145,46,31,4,6,0,5.45,1.02,0.35,0.36,0.08,390,11.5,17,0.23,34.3,4.6,0.4,0.31,0.13,165,46,29.7,27.5,137.5,122,3.6,0.65,1.55,0.7,0.1,0.6,116,53,33,34,8.2,3.6,4.6,0.78,1.1,14.5,6.7715,6.16,123,6,108,2.4,110.39,77,330,407,18.92,5.9,122.63,1,11.4,37.6,30.32,12.8,2.9,215,19,7.69,121,92,88,83
467648,PBCHD11MHS,689604,26/04/2019,08:24,09:52,Light Yellow,Clear,1.012,6.9,Trace,1+,Negative,Negative,Negative,Normal,Negative,7-9,1,2-2,Rare,Nil,Amorphous debris,1.2,5.2,47.1,73.7,2,2,11.6,44,7347,42,27,5,12,0,6.56,1.04,0.32,0.53,0.04,383,9.9,13,0.31,22,0.1,0.33,0.09,0.35,220,43,175.4,88.6,443,112,5.1,4.08,0.25,0.9,0.3,0.6,129,35,18,31,6.9,4.6,2.3,2,1.1,10,4.67,4.25,135,5.4,102,5.6,65.84,118,127,245,48.16,6.3,134.11,0.7,15.7,117.5,13.36,9,5.8,194,5.5,2.49,131,80,94,110
265778,GYAHD10KAU,920790,26/04/2019,10:04,10:44,Yellow,Slightly cloudy,1.023,5.9,Trace,Trace,Negative,Negative,Negative,Normal,Negative,4-6,1,2-3,Rare,Nil,NIL,16.2,6.3,47.8,55.3,25,33,13.3,41.7,7107,40,49,6,5,0.2,6.52,1.57,1.28,0.46,0.02,126,10.5,10,0.24,34.8,1.3,0.23,2.32,0.16,240,45,92.5,20.1,100.5,149,5.3,2.06,0.49,0.8,0.3,0.5,116,112,31,25,8,3.6,4.4,0.82,0.7,14.8,6.9116,9.87,126,2.9,101,3.5,108.26,149,201,350,42.57,8.6,200.12,0.4,10.6,79.9,13.27,8.4,5.6,171,7.4,0.19,89,92,93,108
349835,GYAHD04ODK,222253,24/04/2019,06:14,07:43,Orange,Slightly cloudy,1.016,4.2,Trace,1+,Negative,Negative,Negative,Normal,Negative,45-46,1,2-3,Few,Nil,NIL,11.8,2.8,27.6,85.2,42,42,14.5,41.2,7257,43,29,2,5,0,1.3,2.33,0.72,0.49,0.06,55,8.8,15,0.36,20.9,4.9,0.12,0.05,0.05,126,28,47.1,8.1,40.5,93,4.5,1.68,0.59,16.1,11.6,4.5,94,7,30,22,7.8,3.6,4.2,0.86,1,19.7,9.1999,9.2,129,2.7,101,3,91.66,73,238,311,23.47,8.9,208.73,1,14.8,297.1,4.98,9.8,4.9,150,4.4,2.41,77,97,65,138
412998,MZLGI08RJK,291658,26/04/2019,07:53,09:05,Light Yellow,Clear,1.011,6.7,Negative,Trace,Negative,Negative,Negative,Normal,Negative,5-7,2,3-4,Nil,Nil,NIL,7.2,5,29.5,74.5,14,24,12.3,42.4,9377,35,35,1,8,0.8,8.57,1.54,0.62,0.5,0.04,131,12.5,15,0.36,12.7,0.6,0.39,0.92,0.13,158,47,116.1,25.4,127,79,3.4,2.47,0.4,0.7,0.3,0.4,306,40,30,43,6.5,4.2,2.3,1.83,0.6,13.9,6.4913,10.82,136,5.4,108,3.5,106.81,136,239,375,36.27,12.1,300.57,0.3,28.1,64.3,43.7,9.7,4.2,213,7.4,8.58,97,75,86,122
806590,GYAHD03KAU,350644,24/04/2019,10:58,11:40,Yellow,Slightly cloudy,1.015,6.9,Negative,Negative,Negative,Negative,Negative,Normal,Negative,4-6,1,>20,Nil,Nil,Yeast cells,9.9,7,56,88.5,14,17,14.3,30.5,5192,45,25,2,10,0,4.66,1.22,0.37,0.42,0.44,110,8.1,11,0.39,17,2.6,0.99,0.1,0.14,186,41,108.9,13.6,68,77,4.5,2.66,0.38,0.4,0,0.4,102,51,14,19,7.9,4,3.9,1.03,1.1,10.2,4.7634,4.33,145,5.7,111,7.2,119.23,113,132,245,46.12,5.9,122.63,0,11.2,54.5,20.55,9.6,4.4,83,14.5,1.82,167,77,102,186
961104,PBCHD05CGD,838817,27/04/2019,06:12,06:56,Yellow,Hazy,1.014,4.7,Negative,1+,Negative,Negative,Trace,Normal,Negative,11-12,1,2-4,Rare,Moderate,Parasites,10.8,5.7,29.3,49.6,18,36,13,45.3,2186,71,46,6,3,2.2,22.31,2.06,0.48,0.15,0.05,49,16,19,0.32,32.1,3.7,0.03,0.19,0.39,178,38,52.2,21.1,105.5,62,4.7,1.37,0.73,0.4,0,0.4,124,46,6,14,5.8,5,0.8,6.25,0.8,17.3,8.0791,10.1,136,2.3,96,5.7,96.98,38,273,311,12.22,11.3,277.61,0.2,10.5,70,15,10.3,3.8,220,17.4,0.76,87,124,93,139
919452,KLTRS10WBD,428100,24/04/2019,06:10,07:28,Pale Yellow,Clear,1.021,7,Negative,Trace,Negative,Negative,Negative,Normal,Negative,4-5,2,2-3,Nil,Nil,NIL,2.8,4.3,38.4,97,6,7,12.6,45.3,4362,60,32,4,4,0,20.77,1.93,0.8,0.21,0.01,262,7.6,17,0.34,24.3,3.8,0.52,0.12,1.24,208,44,40.6,31.8,159,145,4.7,0.92,1.08,0.5,0.1,0.4,62,49,33,13,6.7,4.1,2.6,1.58,0.6,16.6,7.7522,12.92,145,4.8,105,3.6,118.63,112,257,369,30.35,5.4,108.28,8.6,16.4,151.1,10.85,11.4,4.2,161,5.4,2.73,78,95,90,99
838977,GYAHD15KLM,482230,26/04/2019,06:47,07:52,Light Yellow,Clear,1.013,4.9,Trace,Negative,Negative,1+,Negative,Normal,Negative,4-6,1,1-2,Nil,Nil,NIL,11.9,5.1,34.2,73.5,23,34,11.5,48.4,9259,51,31,2,2,0,1.47,2.21,0.31,0.49,0.06,247,12.9,11,0.3,22.1,2.2,0.24,0.53,3.75,222,55,42.7,37.4,187,129,4,0.78,1.29,0.9,0.3,0.6,75,37,18,73,6.5,3.9,2.6,1.5,1.2,7.2,3.3624,2.8,142,4.5,101,6.5,92.51,51,147,198,25.76,7.4,165.68,0.9,16.5,94.1,17.53,10,3.3,168,10.3,3.17,77,92,83,102
228310,GYAHD02JHJ,310828,25/04/2019,07:12,08:24,Straw,Milky,1.018,6.5,Negative,Negative,Negative,Negative,Negative,Normal,Negative,76-79,1,1-4,Nil,Rare,Yeast cells,9.7,4.1,25.7,80.5,23,37,13.9,43.3,8153,41,44,3,3,0.4,19.42,2.88,0.46,0.75,0.14,335,10.3,10,0.08,44.5,3.5,0.74,0.26,0.02,152,26,209.3,20.6,103,156,5.8,8.05,0.12,0.7,0.3,0.4,68,4,10,28,7,4.9,2.1,2.33,1.1,19.6,9.1532,8.32,140,4.6,99,5.4,118.32,109,254,363,30.03,6.1,128.37,0.2,15.3,73,20.96,10.6,2.9,280,12.3,3.9,108,82,64,296
407248,PBCHD07RJU,834553,26/04/2019,11:12,12:29,Pale Yellow,Slightly cloudy,1.019,5.1,Trace,Trace,Negative,Negative,Negative,Normal,Negative,8-9,2,>20,Nil,Nil,NIL,4.4,6.5,47.4,85.9,6,9,12.1,45.5,6808,65,39,2,10,0,1.65,1.73,0.44,0.28,0.1,245,11,16,0.3,41.7,3.5,0.15,0.35,4.92,186,51,91.9,21,105,160,3.6,1.8,0.55,0.6,0.2,0.4,49,33,35,23,7.4,4.2,3.2,1.31,1.2,13.7,6.3979,5.33,127,3.1,95,3.8,119.84,124,134,258,48.06,11,269,0.3,18.3,414.1,4.42,8.9,3.5,126,9.5,3.06,122,79,104,125
182969,KLTRS11WBD,511119,27/04/2019,06:32,07:12,Pale Yellow,Clear,1.01,5.3,1+,Negative,Negative,Negative,Negative,Normal,Negative,3-4,15,3-3,Nil,Nil,NIL,17.8,5.4,61.6,53.6,32,28,16,45.7,10615,56,43,3,9,2.3,8.95,1.12,0.46,0.43,0.03,95,8.2,20,0.18,15,2.6,0.03,0.8,1.75,169,41,150.7,31.3,156.5,134,4.1,3.68,0.27,0.9,0.2,0.7,69,129,20,10,7.8,3.5,4.3,0.81,1,7.9,3.6893,3.69,132,3.3,96,2.2,112.76,141,128,269,52.42,6.3,134.11,0,18.4,20,92,7.9,3.9,283,3.2,1.66,93,93,94,128
986429,PBCHD08RJU,833367,28/04/2019,11:56,13:19,Pale Yellow,Hazy,1.01,5.8,Negative,Negative,Negative,Negative,Negative,Normal,Negative,11-12,0,3-2,Nil,Nil,Fungal elements,11.3,6,42.5,99,18,26,11.8,39.6,5802,53,53,6,3,0.1,6.05,1.73,0.98,0.38,0.1,398,8.6,17,0.27,30.9,0.1,0.11,0.05,0.78,171,31,97,32.1,160.5,67,5.5,3.13,0.32,0.8,0.1,0.7,92,48,29,22,6.9,3.5,3.4,1.03,0.9,17.6,8.2192,9.13,134,3.2,103,3,110.98,133,286,419,31.74,7,154.2,22.9,16.3,53.8,30.3,10.2,3.6,90,9.2,1.43,92,88,95,109
567292,GYAHD11KAU,907732,25/04/2019,11:22,12:45,Pale Yellow,Hazy,1.017,5.5,Negative,Trace,Negative,Negative,Negative,Normal,Negative,11-12,0,2-2,Rare,Nil,Yeast cells,13.1,5.9,35.3,78.2,22,37,12,42.8,8077,64,52,2,8,0.4,5.89,0.87,1.04,0.17,0.08,151,7.1,13,0.23,14.1,0.1,0.44,0.01,0.47,164,59,99.3,8.4,42,73,2.8,1.68,0.59,0.7,0,0.7,98,25,17,31,6.9,4.5,2.4,1.88,1.1,12.1,5.6507,5.14,141,4.6,98,5,96.2,127,208,335,37.91,6.3,134.11,0.1,355.2,259,137.14,9.8,3.1,167,5.6,3.59,89,68,95,120
227829,GYAHD09ODK,281010,27/04/2019,06:41,07:54,Pale Yellow,Clear,1.014,4.6,Trace,Negative,Negative,Negative,Negative,Normal,Negative,13-15,2,3-3,Nil,Nil,Mucus threads,16.7,5.7,42.8,81.1,29,39,12,39.3,5194,54,30,2,7,0.9,9.85,2.66,0.76,0.29,0.02,386,11.8,19,0.08,25.7,0.9,0.37,1.95,0.12,208,33,93,23.5,117.5,107,6.3,2.82,0.35,0.8,0.2,0.6,80,36,16,13,8,3.9,4.1,0.95,1,17.2,8.0324,8.03,120,4.8,115,3.9,114.74,90,258,348,25.86,6.2,131.24,0.8,13.7,116.1,11.8,11.9,3.7,171,5,5.03,76,123,73,90
577169,GYAHD03JHJ,221623,24/04/2019,06:43,08:01,Pale Yellow,Clear,1.018,5.3,Negative,1+,Negative,Negative,Negative,Normal,Negative,1-2,1,2-2,Few,Nil,NIL,13.2,5.8,36.2,88.3,22,36,13,42.7,5275,29,33,2,8,0,4.89,2.89,0.24,0.42,0.08,240,17.7,20,0.3,20.1,4.5,2.63,0.81,0.16,164,52,140,60.6,303,128,3.2,2.69,0.37,9.3,4.8,4.5,125,29,35,25,8.3,3.9,4.4,0.89,1.2,12.9,6.0243,5.02,133,4,100,4.9,104.57,44,121,165,26.67,6,125.5,0.3,27.6,136.8,20.18,10.6,3,108,15.5,3.53,70,80,92,136
862569,PBCHD10MHS,533843,25/04/2019,11:39,12:43,Light Yellow,Clear,1.015,5.9,1+,Negative,Negative,Negative,Negative,Normal,Negative,7-9,2,3-2,Nil,Nil,Artifacts,9.4,2.3,50,88.2,40,18,13.5,45.4,10352,53,22,6,4,0,12.32,1.96,0.67,0.07,0.01,443,6.6,16,0.37,14,4,0.09,0.14,0.09,179,41,88.4,9.7,48.5,204,4.4,2.16,0.46,1.5,0.7,0.8,72,54,38,26,7.5,3.7,3.8,0.97,0.9,16.1,7.5187,8.35,143,4,109,6.9,114.86,94,213,307,30.62,6,125.5,0.8,22.5,117.9,19.08,11,3.8,137,19.2,1.08,273,136,77,87
980433,GYAHD04KLM,992530,27/04/2019,07:40,08:59,Pale Yellow,Hazy,1.019,8.3,Trace,Negative,Negative,2+,Negative,Normal,Negative,TNTC,2,1-3,Nil,Nil,NIL,14.5,5.7,45.2,60.8,25,32,12.5,45.2,2458,44,46,5,12,0.7,5.31,0.93,0.68,0.32,0.01,400,9.7,13,0.2,26.4,0.8,0.8,0.31,0.65,220,42,77.5,21.2,106,130,5.2,1.85,0.54,0.5,0,0.5,76,10,12,20,6.1,4.4,1.7,2.59,0.8,11.2,5.2304,6.54,140,3.3,104,3.5,95.63,143,184,327,43.73,6.3,134.11,0.2,18.9,109.8,17.21,10.1,2.2,192,8.1,1.49,124,96,94,124
596373,KLTRS02WBD,698817,26/04/2019,08:14,09:26,Light Yellow,Clear,1.026,4.7,Negative,Negative,Negative,Negative,Negative,Normal,Negative,10-11,2,3-2,Nil,Nil,NIL,15.5,4,30.8,54.1,38,50,12.8,39.4,5210,39,16,9,6,0,3.22,3.05,1.43,0.44,0.24,354,8.7,18,0.29,12.6,2.1,0.01,0.53,0.28,204,41,80.7,22.7,113.5,74,5,1.97,0.51,16.5,12,4.5,109,5,35,42,6.5,4.7,1.8,2.61,0.9,18.7,8.7329,9.7,137,3.9,99,3.6,93.71,180,257,437,41.19,12,297.7,0.9,10.2,141.1,7.23,9.4,4.5,130,18.1,0.89,82,85,92,124
805706,KLTRS15MLT,614121,26/04/2019,11:05,12:21,Orange,Clear,1.011,5.2,Trace,Negative,Negative,Negative,Negative,Normal,Negative,6-8,0,2-4,Rare,Nil,NIL,11.7,4.9,53.9,81.9,23,21,12.3,39.7,10461,33,39,1,2,0,4.84,1.59,0.61,0.07,0.14,415,17.6,14,0.15,30.9,3,0.86,0.25,0.17,101,52,130.7,87.9,439.5,118,1.9,2.51,0.4,2.4,0.2,2.2,75,13,15,22,6.8,4,2.8,1.43,1.2,6.3,2.9421,2.45,131,3.3,112,3.8,114.2,178,201,379,46.97,5.7,116.89,0.5,13.1,118.3,11.07,10.4,2.5,197,12.8,5.79,143,66,96,89
704383,GYAHD06JHJ,583324,26/04/2019,10:15,11:44,Yellow,Slightly cloudy,1.02,6.6,Trace,3+,Negative,Negative,Negative,Normal,Positive,2-3,4,2-4,Nil,Nil,NIL,9.3,5.2,52.4,89.3,17,17,13.5,44.2,4723,26,39,3,3,2.2,2.53,1.55,0.32,0.03,0.1,212,8.6,14,0.31,25.1,1.8,0.36,1,0.27,217,54,42.3,39,195,93,4,0.78,1.28,0.7,0,0.7,96,46,13,32,7.2,4.1,3.1,1.32,1.2,16.5,7.7055,6.42,144,3,100,3.9,101.28,104,275,379,27.44,5.8,119.76,0,10.9,46.1,23.64,7.4,3.3,115,6.5,1.73,119,79,89,93
697870,MZLGI13BRC,585215,28/04/2019,10:01,10:35,Pale Yellow,Clear,1.026,6.6,Trace,1+,Trace,Negative,Negative,Normal,Negative,10-11,0,3-3,Few,Nil,NIL,10.8,4.6,62.8,85.4,23,17,12.8,39.7,4081,70,27,2,8,0,0.12,1.14,0.63,0.25,0.08,225,14.8,18,0.33,40.3,3.8,0.09,0.27,0.2,150,58,112.7,8,40,187,2.6,1.94,0.51,0.8,0.1,0.7,72,44,12,35,8,4,4,1,0.9,13.9,6.4913,7.21,139,3.8,98,1.5,114.32,151,340,491,30.75,5.7,116.89,0.5,146.3,579.2,25.26,7.7,4.1,250,13.9,0.7,123,85,70,97
491695,KLTRS12MLT,446654,27/04/2019,11:59,13:11,Pale Yellow,Clear,1.021,7.2,2+,Trace,Negative,Negative,Negative,Normal,Negative,7-9,2,2-2,Few,Nil,NIL,16.3,4.6,49.2,98.6,35,33,12.3,45.4,10287,73,53,6,3,0,20.86,2.56,0.42,0.17,0.06,389,9.7,11,0.2,13.8,0.7,0.34,0.92,0.05,100,75,82.1,71.5,357.5,142,1.3,1.09,0.91,3.2,0.6,2.6,80,15,16,43,6,3.8,2.2,1.73,1.2,18.3,8.5461,7.12,144,3.7,108,4.4,115.3,148,360,508,29.13,7.8,177.16,0.7,17.7,113.9,15.54,10.7,3.7,100,10.2,1.13,89,63,70,192
590687,PBCHD05CGD,958200,28/04/2019,11:03,12:06,Pale Yellow,Hazy,1.023,7,3+,Negative,Negative,Negative,Negative,Normal,Negative,9-11,0,2-3,Nil,Nil,Parasites,11.7,5.8,55.1,80,20,21,13.8,41,6292,49,15,3,4,0,7.76,2.64,0.33,0.23,0.28,275,7.5,19,0.34,40.7,4.8,6.34,5.95,0.22,192,68,89.3,7,35,114,2.8,1.31,0.76,0.8,0.2,0.6,73,32,15,21,7.8,4.6,3.2,1.44,1.2,10.4,4.8568,4.05,145,4.3,108,3.5,106.31,146,269,415,35.18,5.7,116.89,1,11.4,110.8,10.29,11.8,2.1,46,9.5,3.14,123,120,317,130
206179,MZLGI11APK,753004,25/04/2019,11:29,12:21,Pale Yellow,Clear,1.019,4.2,Negative,Trace,Negative,Negative,Negative,2+,Negative,13-15,2,1-3,Nil,Nil,Fat droplets or lipiduria,19.5,6.1,28.1,97.3,31,69,13.4,39.7,10758,55,12,6,2,0,9.52,0.89,1.07,0.21,0.07,207,8.4,16,0.34,17.5,4.5,0.5,0.82,4.83,164,59,96.5,31,155,149,2.8,1.64,0.61,0.5,0,0.5,84,9,34,39,8,3.6,4.4,0.82,0.4,19,8.873,22.18,144,4.9,80,5.6,115.38,167,244,411,40.63,7,154.2,0.1,15.8,105.3,15,7.9,5.8,120,7.1,3.77,125,82,220,128
101476,GYAHD02KAU,677859,27/04/2019,10:30,11:38,Deep Amber,Clear,1.018,6.8,Negative,Trace,Negative,Negative,Negative,Normal,Negative,7-8,2,3-3,Nil,Nil,NIL,16.5,4.8,32.3,93.5,34,51,13.4,29.6,10936,62,28,4,2,0,8.76,5.57,0.57,0.43,0.15,282,7.3,17,0.45,20.9,2.4,0.2,0.91,0.65,228,56,158,27.2,136,97,4.1,2.82,0.35,0.7,0.1,0.6,40,37,14,41,6,3.6,2.4,1.5,0.9,37,17.279,19.2,124,4.6,86,3.8,100.66,171,342,513,33.33,6.8,148.46,0.2,13,76.4,17.02,10,3,70,12.4,1.03,97,64,100,73
326788,MZLGI15APK,401924,25/04/2019,10:11,11:27,Pale Yellow,Slightly cloudy,1.027,6.6,Negative,2+,Negative,Negative,Negative,1+,Negative,8-9,0,2-2,Nil,Nil,NIL,11.6,5.3,47,88.3,21,24,13.4,43.6,10368,67,22,6,8,0,8,2.3,0.81,0.32,0.02,327,9.8,20,0.5,12.5,2.2,0.19,0,0.22,396,20,60.2,36.5,182.5,203,19.8,3.01,0.33,0.4,0.1,0.3,40,46,27,25,7.8,3.7,4.1,0.9,0.8,12.8,5.9776,7.47,149,4,111,4.1,97.42,141,134,275,51.27,5.7,116.89,0.7,14.8,64.4,22.98,10.1,2.4,63,6.1,0.99,78,100,112,94
339807,PBCHD08RJU,566726,25/04/2019,07:16,07:46,Pale Yellow,Clear,1.019,4.6,Negative,Trace,Negative,Negative,Negative,Normal,Negative,9-11,1,1-3,Nil,Moderate,Fat droplets or lipiduria,14.3,4.2,24.5,94.7,34,58,16.3,41.1,10045,60,46,6,8,0.9,8.34,1.44,0.38,0.21,0.17,85,15.9,17,0.23,27.3,3.3,0.05,0.02,0.15,169,56,84.7,28.3,141.5,89,3,1.51,0.66,0.8,0.2,0.6,119,26,23,28,7.1,5,2.1,2.38,0.7,7.2,3.3624,4.8,142,2.7,98,5.6,101.98,198,252,450,44,5.9,122.63,0.6,13.4,144.5,9.27,7.3,4.5,269,7.1,5.64,120,282,64,394
883336,PBCHD07NLM,889478,26/04/2019,09:30,10:00,Pale Yellow,Hazy,1.022,8.1,Trace,Negative,Negative,Negative,Negative,Normal,Negative,TNTC,2,2-3,Nil,Nil,Artifacts,17.7,5.8,49.1,95.5,30,36,11.9,44.5,4459,57,15,1,0,0,1.19,1.7,0.79,0.42,0.04,370,7,11,0.52,24.1,3.1,0.25,0.23,0.28,215,40,49.2,53,265,91,5.4,1.23,0.81,0.7,0,0.7,108,38,37,21,6.6,3.8,2.8,1.36,1.1,13.4,6.2578,5.69,138,4.3,96,5.3,103.16,93,351,444,20.95,6.2,131.24,0.7,17,27.9,60.93,11.4,3.7,84,9.2,8.75,82,114,254,118
295849,PBCHD02SKM,144046,24/04/2019,06:41,08:00,Light Yellow,Clear,1.186,7,1+,3+,Trace,Negative,Negative,Normal,Negative,42-43,2,3-4,Nil,Nil,Yeast cells,17,5.4,35.2,77.4,31,48,11.8,42,9905,59,22,1,6,0,4.78,4.75,0.35,0.21,0.03,167,7.9,11,0.39,32.3,2.1,0.16,0.37,0.35,199,58,92.3,31.1,155.5,83,3.4,1.59,0.63,2.1,1,1.1,121,38,34,37,4.6,4.1,0.5,8.2,0.8,53.3,24.8911,31.11,132,4.7,96,5.9,93.28,102,343,445,22.92,6.3,134.11,0.9,700.2,121,578.68,8.7,5.2,169,3.2,0.008,103,96,85,226
454492,KLTRS14WBD,453213,28/04/2019,07:55,08:48,Pale Yellow,Clear,1.015,4.1,1+,Negative,Negative,Negative,Negative,Normal,Negative,TNTC,2,3-3,Nil,Few,NIL,5.1,5.3,33,72.8,9,15,13.7,40.9,6812,49,39,5,6,0,0.76,1.31,0.72,0.39,0.08,150,7.2,15,0.19,14.8,5.5,0.43,2.15,0.21,175,48,82.8,9.7,48.5,204,3.6,1.73,0.58,0.3,0.1,0.2,51,19,21,8,7.4,3.5,3.9,0.9,0.9,9.6,4.4832,4.98,146,4.2,108,3.2,115.75,133,330,463,28.73,5.7,116.89,0.6,15.7,23.9,65.69,8.1,3.4,153,10.7,1.28,111,115,60,191
129694,MZLGI09BRC,845478,24/04/2019,11:45,12:24,Straw,Clear,1.019,4.7,Trace,Negative,Trace,Negative,Negative,Normal,Negative,6-8,2,9-16,Nil,Nil,NIL,9.4,5.8,54.8,96.3,16,17,14.3,44.9,6023,73,23,3,20,0,8.92,2.19,0.5,0.41,0.11,271,14.1,15,0.36,21.2,1.1,0.28,0.4,0.1,182,78,106.2,80.6,403,167,2.3,1.36,0.73,0.7,0.2,0.5,57,27,38,13,7.8,4.9,2.9,1.69,0.7,8,3.736,5.34,142,3.1,96,3.7,92.06,64,279,343,18.66,8.7,202.99,0.8,27.9,251.5,11.09,9.8,2.3,122,4.6,2.59,150,122,106,66
509745,MZLGI14GJS,179933,27/04/2019,07:38,08:52,Straw,Slightly cloudy,1.016,6.5,Trace,1+,Negative,2+,Trace,Normal,Negative,3-5,2,1-2,Few,Moderate,NIL,9.5,7.9,45.8,79.9,12,20,14.8,45,2184,37,23,0,7,0,9.8,1.27,0.98,0.04,0.03,292,13.7,17,0.3,21.8,5.5,0.3,0.81,0.6,195,59,108.6,22,110,179,3.3,1.84,0.54,0.8,0.1,0.7,96,12,29,39,8.2,4.3,3.9,1.1,1.2,9.8,4.5766,3.81,138,3.5,103,3.3,106.76,75,296,371,20.22,7.9,180.03,0.5,707.3,101.9,694.11,11.9,5.7,46,5.9,1.18,120,76,111,97
343123,GYAHD06JHJ,708109,28/04/2019,11:32,12:18,Light Yellow,Clear,1.021,6.4,Negative,Trace,Negative,Negative,Negative,Normal,Negative,61-65,1,3-3,Nil,Nil,Fat droplets or lipiduria,15.7,5.6,34.9,79.2,28,44,13.1,41.6,8047,51,30,1,5,0.1,4.03,1.69,0.74,0.26,0.05,258,11.6,19,0.32,19.7,4.1,0.38,0.95,1.76,189,51,88.5,38.6,193,68,3.7,1.74,0.58,0.8,0.3,0.5,50,49,24,29,6.7,4.4,2.3,1.91,0.9,12,5.604,6.23,139,4,95,9,93.25,185,345,530,34.91,5.7,116.89,0.6,17.1,87.2,19.61,11.6,5.5,175,4.6,3.87,141,67,208,81
324166,PBCHD10RJU,484239,24/04/2019,06:02,07:28,Straw,Slightly cloudy,1.016,6.6,Trace,1+,Negative,Negative,Negative,Normal,Negative,12-13,2,1-3,Nil,Nil,Fat droplets or lipiduria,15.5,5.7,42.9,90,27,36,12.9,41.2,2918,42,40,5,25,0.4,19.89,2.6,0.7,0.09,0.02,47,8.3,13,0.69,16.4,2.3,0.62,2.73,0.67,101,43,73.6,11.6,58,133,2.3,1.71,0.58,0.8,0.1,0.7,325,14,26,18,8,4,4,1,0.8,17.2,8.0324,10.04,141,3.7,98,3.9,102.84,71,351,422,16.82,6.1,128.37,0.7,25.5,92,27.72,10.3,4.8,104,14.4,5.51,99,66,89,113
162743,KLTRS08NLZ,419407,24/04/2019,11:57,12:34,Pale Yellow,Slightly cloudy,1.023,6.7,Negative,Trace,Negative,Negative,Negative,Normal,Negative,1-3,1,13-8,Nil,Nil,Artifacts,2.5,5.5,40.6,83.9,4,6,15.9,44.9,9564,40,44,6,4,0,0.83,2.24,0.57,0.3,0.07,319,7.1,13,0.35,18.5,0.2,0.3,0.4,0.17,154,41,73.7,25.7,128.5,130,3.8,1.8,0.56,0.8,0.3,0.5,92,49,10,18,7.5,4,3.5,1.14,0.9,6.3,2.9421,3.27,125,3,109,5.7,90.28,125,298,423,29.55,7.9,180.03,0.7,22.3,102.2,21.82,9.5,3.2,82,12.5,1.76,116,70,97,106
524928,PBCHD05CGD,208845,26/04/2019,06:20,07:14,Pale Yellow,Clear,1.021,4.7,Trace,Negative,Negative,Negative,Negative,Normal,Negative,12-14,1,16-17,Nil,Nil,Fungal elements,11.7,4.4,52.5,90.2,26,22,11.9,45.9,2005,48,54,3,6,0,1.42,1.15,0.53,0.29,0.08,103,8.1,23,0.26,14.2,1.6,0.22,5.7,0.25,173,42,94.4,34.4,172,126,4.1,2.25,0.44,0.2,0,0.2,94,48,18,33,6.3,4.1,2.2,1.86,1,9.1,4.2497,4.25,135,4,96,4.8,119.28,129,342,471,27.39,8.5,197.25,0.1,17.5,90.1,19.42,13.1,3.7,173,8.8,2.2,88,78,87,119
543208,PBCHD08GAM,280385,26/04/2019,10:18,11:13,Pale Yellow,Slightly cloudy,1,4.6,Trace,Negative,Negative,Trace,Negative,Normal,Negative,4-6,2,14-14,Few,Few,NIL,5.2,8,36.8,82.8,6,14,12.9,41.8,4000,48,43,4,11,0.5,1.07,2.6,0.31,0.42,0.06,113,7.4,13,0.07,32.3,5.6,4.57,0.05,6.8,108,41,93,21.7,108.5,60,2.6,2.27,0.44,0.5,0.2,0.3,126,108,16,10,7,4.2,2.8,1.5,0.8,27.9,13.0293,16.29,148,4.9,88,4.4,87.05,130,234,364,35.71,6,125.5,0.7,13.7,72.4,18.92,10,2.2,87,14.1,8.27,78,72,80,64
681216,KLTRS13WBD,533595,27/04/2019,06:36,07:22,Pale Yellow,Clear,1.02,5.7,Negative,Negative,Negative,Trace,Trace,Normal,Negative,81-84,5,3-2,Nil,Nil,Fat droplets or lipiduria,15.4,5.6,31.8,92.3,27,48,9.5,27.7,10215,38,40,4,6,0,0.09,2.23,0.52,0.49,0.02,137,7.3,11,0.31,16.3,1.2,0.21,0.21,0,166,69,82.8,34.8,174,136,2.4,1.2,0.83,1,0.3,0.7,113,40,23,43,8.2,3.8,4.4,0.86,0.7,14.1,6.5847,9.41,143,4.9,101,2.4,26.25,133,344,477,27.88,7.8,177.16,0.7,15.1,130,11.62,10.5,6.5,89,11,5.88,120,111,95,136
591383,MZLGI08GJS,437706,26/04/2019,09:50,11:14,Straw,Clear,1.015,5.8,2+,1+,Negative,Negative,Negative,Normal,Negative,3-5,0,2-3,Nil,Nil,NIL,9.3,5.7,44.3,93.1,16,20,10.4,43.5,3400,58,42,2,6,0,7.04,2.73,0.56,0.28,0.08,307,17,18,0.22,28.7,4,0.02,0.04,0.38,195,46,54.7,20.9,104.5,127,4.2,1.19,0.84,0.8,0.1,0.7,87,11,23,45,6.1,4,2.1,1.9,0.6,13.3,6.2111,10.35,139,4.5,95,4,51.91,163,105,268,60.82,5.9,122.63,0.3,16.6,100.3,16.55,9.5,2.9,111,18.1,2.91,109,156,75,103
281999,KLTRS14WBD,602556,24/04/2019,08:00,09:03,Straw,Clear,1.016,5.7,Negative,Trace,Negative,Negative,Negative,Normal,Negative,9-10,0,3-2,Nil,Nil,Yeast cells,19.5,4.6,45.6,41.5,42,42,12.4,43.4,4113,60,20,4,7,1.5,7.07,1.61,0.44,0.05,0.13,186,7.6,17,0.38,37.3,0.5,0.38,4.1,2.01,169,48,102.8,23.8,119,189,3.5,2.14,0.47,0.6,0.1,0.5,55,37,30,26,6.6,3.7,2.9,1.28,1,26.6,12.4222,12.42,135,5.1,109,3.8,101.51,69,203,272,25.37,6.9,151.33,1,17.5,62.6,27.96,7.8,3.2,152,10.2,11.82,74,93,92,199
489332,GYAHD04ODK,275410,24/04/2019,11:10,12:38,Red,Slightly cloudy,1.015,5.5,Trace,Trace,Negative,Negative,Negative,Normal,Negative,8-10,0,3-3,Nil,Nil,Mucus threads,14.1,5.5,56,54.4,25,25,12.8,40.4,51359,51,14,2,2,0,1.76,1.9,0.04,0.23,0.02,393,17.9,17,0.3,12.1,6.8,3.85,3.14,0.32,200,55,41.5,33.5,167.5,97,3.6,0.75,1.33,0.2,0,0.2,85,26,27,13,8,4.9,3.1,1.58,1.2,31.8,14.8506,12.38,122,4.2,106,3.2,117.29,73,104,177,41.24,7.7,174.29,0.7,23.3,60.7,38.39,10.2,2.9,175,3.7,3.99,117,77,124,178
828189,PBCHD06PBP,861267,28/04/2019,10:59,12:02,Pale Yellow,Slightly cloudy,1.022,5.9,Trace,1+,Negative,1+,Negative,Normal,Negative,11-12,2,3-2,Nil,Rare,NIL,2.5,5.7,37,81.5,4,6,11.9,39.8,6974,39,27,6,5,0,8.34,3.47,0.65,0.03,0.1,219,7.8,16,0.26,29.7,4.4,6.2,0.33,0.12,210,28,133.5,36.5,182.5,134,7.5,4.77,0.21,1,0.3,0.7,54,43,26,33,6.5,4.1,2.4,1.71,1.1,14.9,6.9583,6.33,145,5.4,104,4.3,92.22,74,144,218,33.94,7.3,162.81,0,200.9,210.8,95.3,8.3,3,127,18.6,3.42,84,73,102,117
907201,GYAHD10KLM,672752,28/04/2019,10:48,11:18,Straw,Slightly cloudy,1.013,4.6,Negative,Trace,Negative,Negative,Negative,Normal,Negative,5-7,0,3-2,Few,Nil,NIL,19.1,5.6,41.9,84.8,34,45,13.8,42.5,7969,52,20,3,6,0,3.51,2.68,0.45,0.47,0.05,370,12.6,13,0.3,20.3,6.4,0.39,0.12,0.11,164,25,69.4,29.7,148.5,74,6.6,2.78,0.36,0.6,0,0.6,93,54,15,119,8.1,3.6,4.5,0.8,1,12.9,6.0243,6.02,145,3.7,102,5,93.35,88,229,317,27.76,5.8,119.76,0.7,23.8,131.2,18.14,8.9,2,78,7.3,2.43,76,84,98,237
851495,KLTRS08NLZ,291479,26/04/2019,06:38,07:37,Green,Hazy,1.019,6.5,Negative,Trace,Negative,Negative,Negative,Normal,Negative,11-12,2,1-3,Nil,Nil,NIL,9.3,5.6,22.7,78.1,16,40,15.6,39.1,5210,50,20,1,12,0,0.57,2.9,0.3,0.29,0.02,340,10.5,11,0.08,30.9,3.3,0.89,0.06,0.16,211,59,76.6,67.3,336.5,181,3.6,1.3,0.77,0.8,0.3,0.5,79,37,34,27,7.2,4.9,2.3,2.13,0.6,17.7,8.2659,13.78,139,5.5,103,3.4,78.43,80,352,432,18.52,6.3,134.11,0.2,12.2,100.4,12.15,9.8,3.1,74,9.7,5.24,76,92,312,136
665912,MZLGI14RJK,809666,27/04/2019,09:38,10:22,Pale Yellow,Clear,1.015,6.9,Negative,Trace,Negative,Negative,Negative,Normal,Negative,TNTC,1,16-10,Nil,Few,NIL,17.9,2.1,57.3,93.6,85,31,11.6,39.6,5510,53,26,2,5,0.2,3.73,1.05,0.21,0.24,0.05,1023,9.7,22,0.32,23.6,2.1,0.23,0.2,0.21,151,40,109.4,90.5,452.5,144,3.8,2.74,0.37,0.3,0.1,0.2,118,24,36,26,7.2,3.9,3.3,1.18,0.6,7.6,3.5492,5.92,142,4.9,99,6.7,108.04,129,251,380,33.95,6.9,151.33,0,10.2,140.6,7.25,8.6,6.3,267,5.6,2.66,86,84,94,254
710136,GYAHD15JHJ,756313,28/04/2019,08:33,09:33,Pale Yellow,Hazy,1.014,4,Trace,3+,Trace,Negative,Negative,Normal,Negative,4-5,2,1-2,Nil,Nil,NIL,14.2,6,41.6,75.4,23,34,13.6,44.5,8276,52,25,1,25,0,1.14,1.6,0.7,0.09,0.05,153,7.5,17,0.34,14.6,2.2,0.27,2.56,0.46,200,28,90.1,94.2,471,87,7.1,3.22,0.31,9.5,5,4.5,66,55,23,30,7.5,4.2,3.3,1.27,0.7,17.8,8.3126,11.88,137,2.7,104,2.3,100.02,157,158,315,49.84,6.3,134.11,0.3,13.3,74.1,17.95,11.6,4.5,151,4.6,1.92,120,106,118,165
689221,GYAHD13ODK,982467,27/04/2019,08:54,09:41,Straw,Slightly cloudy,1.006,6.2,Trace,Negative,Negative,Negative,Negative,Normal,Negative,3-5,0,1-3,Nil,Nil,NIL,15.9,4,38.3,84.7,39,41,12.3,42.2,5081,59,31,2,7,0,4.1,1.48,0.24,0.25,0.03,234,9.1,17,0.38,16,1.9,3.78,3.12,3.65,155,51,83.4,38.1,190.5,159,3,1.64,0.61,0.6,0.1,0.5,101,32,11,44,7.8,3.8,4,0.95,0.6,11.3,5.2771,8.8,136,3.6,102,4.4,97.84,86,294,380,22.63,6.1,128.37,3.1,68,267.7,25.4,8.7,4.5,87,4.6,0.33,112,105,110,77
759388,KLTRS14MLT,675764,28/04/2019,10:11,11:28,Red,Slightly cloudy,1.038,4.8,4+,Negative,Negative,Negative,Negative,Normal,Negative,13-15,2,1-3,Few,Nil,NIL,21,5.4,20.8,99.1,38,100,12.3,31.8,5929,44,28,5,5,0,0.69,2.86,0.42,0.06,0.05,229,8.3,16,0.54,44.4,1.2,0.11,0.33,0.21,157,47,87.9,37.8,189,83,3.3,1.87,0.53,0.6,0.1,0.5,111,18,39,46,6.4,4.3,2.1,2.05,1.1,78.5,36.6595,33.33,128,3.5,108,4.6,104.4,167,208,375,44.53,6.2,131.24,0.1,23.1,94.6,24.42,7.6,3.9,119,7.1,0.59,125,83,112,110
226443,MZLGI03GJS,314323,27/04/2019,06:38,07:56,Light Yellow,Slightly cloudy,1.026,6,Trace,Negative,Negative,Negative,Negative,Normal,Negative,5-7,2,1-2,Nil,Nil,NIL,10.1,6.7,33.8,92.6,15,29,13.8,46.9,46564,70,18,2,2,0,1.35,0.73,0.67,0.28,0.1,220,10.1,10,0.37,25.4,4.3,0.38,0.08,0.1,185,72,137.8,36,180,134,2.6,1.91,0.52,0.7,0,0.7,108,55,88,47,6.1,5.3,0.8,6.63,0.7,39.4,18.3998,26.29,144,2.8,105,5.2,117.77,78,346,424,18.4,6.3,134.11,0.7,18.7,144.8,12.91,9,4.4,185,10.9,4.36,76,83,78,200
286200,PBCHD03CGD,598249,24/04/2019,11:32,12:32,Orange,Clear,1.037,5.9,Negative,Trace,Negative,Negative,Negative,Normal,Negative,6-7,2,2-3,Nil,Nil,NIL,12.7,5.7,12.4,66.3,22,102,13.6,40.5,15902,44,27,3,3,0,4.74,4.75,0.26,0.59,0.06,387,8.5,13,0.13,14.1,0.3,0.25,0.2,2.4,196,25,87.3,26.9,134.5,140,7.8,3.49,0.29,0.3,0,0.3,123,11,18,30,7.6,4.6,3,1.53,1.2,5.6,2.6152,2.18,136,2.8,92,4.2,106.17,194,208,402,48.26,11.8,291.96,0.1,17.4,36,48.33,8.3,4.1,89,6.2,1.19,78,80,281,154
199627,MZLGI06MHP,839859,24/04/2019,08:55,09:48,Pale Yellow,Clear,1.015,5.1,1+,Trace,Negative,Negative,Negative,Normal,Negative,52-56,0,3-3,Moderate,Nil,Yeast cells,17.2,5.6,29.3,85.9,30,58,12.8,48.5,6159,45,33,4,8,2.8,20.3,1.46,0.35,0.09,0.1,296,11.7,13,0.2,22.8,0.1,5.56,0.29,4.48,106,75,85.2,14.7,73.5,136,1.4,1.14,0.88,1.1,0.5,0.6,78,139,24,41,6.9,4.7,2.2,2.14,1.1,9.1,4.2497,3.86,143,1.5,104,6.8,98.45,169,152,321,52.65,7.4,165.68,0.8,15.4,128.9,11.95,9.6,3.5,198,5.4,0.03,188,94,82,100
692464,PBCHD05NLM,707914,27/04/2019,09:45,10:19,Pale Yellow,Clear,1.011,4.7,Negative,Negative,Negative,Negative,Negative,Normal,Negative,11-13,2,3-3,Nil,Nil,NIL,15.3,4.8,50.2,98.4,31,30,13,45.3,5651,52,47,5,7,0,7.83,2.37,0.49,0.69,0.05,115,7.4,15,0.37,30.2,0.1,0.65,0.23,0.24,173,62,86.3,73.7,368.5,116,2.8,1.39,0.72,0.3,0,0.3,93,11,10,32,5.1,3.9,1.2,3.25,0.8,16.2,7.5654,9.46,158,3.9,82,6.5,100.07,246,235,481,51.14,8.4,194.38,0.5,1029.4,116.1,886.65,7.3,4.8,227,14.3,1.37,103,91,80,193
494945,PBCHD04MHS,952322,27/04/2019,07:43,08:33,Light Yellow,Clear,1.03,5,Negative,Trace,Negative,Negative,Negative,2+,Negative,16-19,2,2-2,Nil,Nil,NIL,3,5.2,49.1,92.5,5,6,12.4,30.4,21257,47,23,5,2,0,21.39,2.54,0.15,0.29,0.15,320,10.9,10,0.2,22.1,0.3,0.01,0.33,0.11,185,41,92.3,28.2,141,165,4.5,2.25,0.44,0.3,0,0.3,119,39,27,20,7.1,4.9,2.2,2.23,1.2,10.3,4.8101,4.01,139,4.9,92,2.3,92.81,110,344,454,24.23,6.9,151.33,0.6,17.2,21.6,79.63,10.6,4.9,86,5.8,0.98,144,60,63,129
966160,KLTRS15WBD,456714,25/04/2019,06:21,07:42,Orange,Hazy,1.015,6.2,Trace,Negative,Negative,Negative,Negative,Normal,Negative,9-10,0,2-3,Nil,Nil,NIL,19.5,5,55.1,79.3,39,35,13.1,40.9,7888,80,27,4,6,0,7.93,2.08,0.4,0.23,0.09,94,11.9,11,0.27,14.5,4.3,0.29,0.38,0.37,157,51,75.8,51.2,256,137,3.1,1.49,0.67,0.5,0,0.5,108,38,10,39,6.7,4.7,2,2.35,0.8,12.7,5.9309,7.41,141,5,114,3.9,110.55,76,127,203,37.44,5.9,122.63,0.4,20.9,137.5,15.2,9.6,4.8,240,3.2,1.25,74,86,68,63
751778,KLTRS15NLZ,794717,25/04/2019,09:09,09:41,Light Yellow,Clear,1.015,7.1,Trace,Trace,Negative,Negative,Negative,Normal,Negative,12-13,2,3-2,Nil,Nil,Amorphous debris,11.6,2.6,43.9,96.2,44,26,14.1,39.4,34541,54,49,2,4,1.6,5.08,4.36,0.54,0,0.11,400,8.8,17,0.37,24.1,3.5,0.36,0.37,0.12,211,51,82.4,53,265,110,4.1,1.62,0.62,0.5,0,0.5,52,54,27,46,8.3,3.7,4.6,0.8,1.9,150.9,70.4703,37.09,135,4.7,114,5.4,119.11,167,283,450,37.11,6.2,131.24,1,24.8,129.9,19.09,9.9,4.2,146,9.7,5.49,87,78,99,172
490687,MZLGI05BRC,882392,26/04/2019,11:02,11:32,Straw,Clear,1.016,8.2,Trace,1+,Negative,Negative,Negative,Normal,Negative,TNTC,0,3-4,Nil,Nil,NIL,10.8,4.9,40.1,52.3,22,26,16.7,42.2,6900,37,45,3,4,0,6.12,2.51,0.67,0.04,0.09,121,10.5,16,0.35,22.8,2.5,0.15,6.28,0.16,178,51,120.8,34,170,149,3.5,2.37,0.42,0.5,0.2,0.3,91,18,34,16,8.2,5,3.2,1.56,0.7,9.4,4.3898,6.27,149,5.9,96,2.8,113.5,84,246,330,25.45,7,154.2,0.1,24.9,154.7,16.1,9.5,4.5,229,9.1,2.03,113,108,93,289
170923,KLTRS10KLP,916994,27/04/2019,10:16,11:16,Light Yellow,Hazy,1.035,5.7,Trace,Trace,Trace,Negative,Negative,Normal,Negative,TNTC,5,1-4,Rare,Nil,NIL,8.5,5.7,35.9,97.2,14,23,12.4,46,4344,59,24,3,3,0,1.67,2.03,0.33,0.04,0.2,365,7.6,19,0.53,13.6,1.4,0.04,0.07,0.63,203,26,89.6,23.8,119,130,7.8,3.45,0.29,4.7,0.3,4.4,321,46,19,23,8,4,4,1,1.2,13.2,6.1644,5.14,126,3.7,104,5.4,96.38,161,268,429,37.53,5.9,122.63,0.1,22.2,100.9,22,9.9,2.2,145,8,1.85,72,86,75,86
950377,GYAHD13ODK,995618,26/04/2019,07:35,08:45,Yellow,Hazy,1.015,6.7,Negative,3+,Negative,Negative,Negative,Normal,Negative,4-6,0,3-4,Nil,Nil,Amorphous debris,14.2,5.4,57.3,40,26,24,13.7,41.3,9466,39,33,5,2,0,3.19,1.43,0.33,0.53,0.19,182,11.4,10,0.34,28.9,3,0.33,0.23,0.35,195,63,84,20.5,102.5,149,3.1,1.33,0.75,0.5,0.2,0.3,87,55,6,25,7.9,3.4,4.5,0.76,0.8,17.2,8.0324,10.04,129,1.9,95,3.3,115.04,94,352,446,21.08,6.1,128.37,0.4,14.8,102.3,14.47,9.2,3.3,293,6.2,1.61,88,80,117,136
304730,KLTRS10TSS,620389,27/04/2019,06:03,07:30,Green,Clear,1.018,4.7,Trace,Trace,Negative,Negative,Negative,Normal,Negative,13-14,1,2-3,Nil,Nil,Mucus threads,18.7,5.7,45.3,87.3,32,41,13.4,39.1,4608,32,39,5,20,6.5,4.07,1.9,0.22,0.31,0.03,129,8.7,19,0.38,27.8,1,6.79,2.35,0.2,135,25,77.9,37.7,188.5,67,5.4,3.12,0.32,0.8,0.2,0.6,36,53,33,30,6.2,4.6,1.6,2.88,0.6,36.2,16.9054,28.18,130,2.7,101,6.2,103.43,157,299,456,34.43,8.6,200.12,0.6,213.4,211.4,100.95,9.8,3.2,95,10.9,2.43,108,72,105,129
964497,GYAHD11KLM,804163,28/04/2019,06:57,08:07,Orange,Clear,1.018,5.9,Trace,1+,Negative,Negative,Negative,Normal,Negative,10-11,0,3-2,Nil,Nil,Yeast cells,3.8,4.6,32.1,84.2,8,11,12.1,43.3,10302,45,34,1,2,0,7.87,1.34,0.24,0.29,0.03,446,13.2,15,0.25,20.9,4.9,0.81,2.75,0.3,229,41,43.9,8.4,42,132,5.6,1.07,0.93,0.4,0.1,0.3,113,34,12,47,6.9,4.1,2.8,1.46,1.2,9.4,4.3898,3.66,144,3,110,3,68.06,125,347,472,26.48,5.8,119.76,0.6,25.7,69,37.25,13.3,4.2,63,3.5,2.64,91,93,224,87
139278,KLTRS02TSS,875550,25/04/2019,07:35,08:49,Pale Yellow,Clear,1.032,6.2,Trace,Negative,Trace,1+,Negative,Normal,Negative,9-11,2,2-4,Nil,Nil,NIL,11.6,5.2,32.9,63,22,35,12,44.2,8238,39,47,24,8,0,1.32,2.47,0.48,0.27,0.12,411,11.7,11,0.32,28.7,4.8,5.17,0.12,0.11,179,65,78.7,72.7,363.5,88,2.8,1.21,0.83,0.7,0.2,0.5,106,25,35,37,8.1,4.8,3.3,1.45,1.1,18.5,8.6395,7.85,121,5.8,95,6.5,95.22,163,360,523,31.17,10.8,263.26,0.6,18.9,68.6,27.55,10.5,1.6,98,18.3,3.44,94,65,123,90
150964,KLTRS06NLZ,240249,28/04/2019,11:28,12:38,Light Yellow,Clear,1.014,4.9,Negative,Negative,Negative,Negative,Negative,Normal,Negative,9-10,2,1-3,Rare,Nil,NIL,12.5,4.7,45,80.8,26,27,13.3,43.8,9327,45,31,12,8,0,0.48,4.83,0.78,0.8,0.08,186,11.2,17,0.59,42.1,0.7,0.2,0.21,0.29,216,22,137.3,8.7,43.5,147,9.8,6.24,0.16,0.8,0.2,0.6,91,46,26,16,6.1,3.2,2.9,1.1,1,121.5,56.7405,56.74,148,5.8,105,2.8,102.39,75,221,296,25.34,6.1,128.37,0.3,12.4,108,11.48,11.8,4,222,11,3.1,106,119,83,98
361085,PBCHD02HPP,995916,25/04/2019,11:01,12:24,Pale Yellow,Slightly cloudy,1.01,6.9,Trace,2+,Negative,Negative,Negative,Normal,Negative,3-4,2,1-3,Nil,Few,NIL,17,5.7,34.5,85,29,49,13.4,40,10797,26,25,4,2,0,4.36,1.03,1.06,0.33,0.15,20,11.5,15,0.26,12.9,0.1,0.29,0.95,0.14,186,51,147.5,22.7,113.5,74,3.6,2.89,0.35,0.7,0,0.7,121,28,32,16,6.8,4,2.8,1.43,0.8,6.6,3.0822,3.85,103,4.3,94,4.6,102.92,75,118,193,38.86,6.7,145.59,0.9,13.7,63.2,21.68,11.2,4.1,158,9.3,0.77,113,108,105,241
812982,PBCHD03SKM,731826,26/04/2019,09:45,10:24,Yellow,Clear,1.018,5.7,Negative,1+,Negative,Negative,Negative,Normal,Negative,12-13,2,3-4,Nil,Nil,Yeast cells,10.6,4.4,48.4,84.3,24,21,13.8,28.9,3091,52,34,6,2,0,6.25,2.05,0.69,0.01,0.05,438,8.7,16,0.24,35.4,3.1,0.23,0.08,0.15,171,29,80.9,58.3,291.5,131,5.9,2.79,0.36,0.9,0.2,0.7,118,15,18,45,6.7,3.6,3.1,1.16,1.1,19.2,8.9664,8.15,122,5.7,103,4.4,99.27,111,357,468,23.72,6.9,151.33,0.4,28.8,110.4,26.09,7.7,2.5,192,6.2,1.01,176,109,76,103
636098,MZLGI05GJS,672853,27/04/2019,10:07,11:30,Light Yellow,Slightly cloudy,1.019,6.3,Negative,Negative,Negative,Negative,Negative,Normal,Negative,7-8,0,10-8,Rare,Nil,Yeast cells,9.1,8.1,47.6,81.7,11,19,15.9,43.9,4549,58,31,6,4,0,7.86,1.79,0.57,0.42,0.06,498,11.9,16,0.27,13.2,6.6,2.58,0.4,0.37,204,43,92.5,6.1,30.5,91,4.7,2.15,0.46,0.7,0.3,0.4,61,44,12,88,7.7,4.1,3.6,1.14,1,10.2,4.7634,4.76,138,4.4,104,5.9,112.35,62,315,377,16.45,6,125.5,0.4,27.9,207,13.48,10.3,2.1,110,6.9,2.36,75,103,96,90
915304,MZLGI11RJK,224158,28/04/2019,08:03,09:12,Pale Yellow,Clear,1.019,5.1,Negative,Trace,Negative,Negative,Negative,Normal,Negative,14-15,2,3-2,Nil,Nil,Mucus threads,13.6,4.5,52.2,74.8,30,26,13.8,39.1,5223,26,35,1,7,0,5.36,1.12,0.23,0.39,0.09,122,7.3,16,0.22,22.2,4.4,2.73,0.24,0.35,199,55,64.7,19.3,96.5,175,3.6,1.18,0.85,0.7,0.1,0.6,73,27,39,31,6.9,3.6,3.3,1.09,0.8,123.9,57.8613,72.33,149,2.6,106,4.2,104.98,99,335,434,22.81,9,211.6,0.3,11,176,6.25,9.8,5.2,179,11.9,0.13,112,79,85,136
198700,KLTRS10MLT,621209,28/04/2019,09:17,10:30,Light Yellow,Clear,1.015,6.2,Negative,Negative,Negative,Negative,Negative,Normal,Negative,TNTC,0,12-8,Nil,Rare,NIL,11.8,5.1,30.2,85.3,23,39,15.3,42.7,8986,56,31,5,5,0,3.33,2.13,0.54,0.25,0.06,39,7.5,13,0.38,13.1,1.5,0.01,0.18,0.25,212,47,57.8,27.3,136.5,113,4.5,1.23,0.81,0.7,0,0.7,45,13,13,30,7.5,4.5,3,1.5,1.1,7.2,3.3624,3.06,126,4.6,97,5.4,97.88,235,349,584,40.24,6.1,128.37,0.3,20.5,34.4,59.59,10.4,2.3,91,12.4,10.52,85,81,104,74
872070,GYAHD01KLM,164064,26/04/2019,11:49,13:15,Pale Yellow,Slightly cloudy,1.01,6.9,2+,Negative,Negative,Negative,Negative,Normal,Negative,14-15,0,3-3,Nil,Rare,NIL,8.2,4.7,45.9,96.6,17,17,12.1,41.8,8941,30,23,4,2,0,1.08,2.14,0.31,0.45,0.13,358,7,14,0.33,12.2,2,0.2,1.02,0.68,193,55,100.5,29.3,146.5,171,3.5,1.83,0.55,0.5,0.2,0.3,84,48,30,48,7.7,3.9,3.8,1.03,0.6,17,7.939,13.23,141,4.3,106,3.2,112.9,117,144,261,44.83,8.8,205.86,0.9,875.5,77.5,1129.68,10.4,3.3,106,12.5,0.27,117,75,93,194
563541,KLTRS10MLT,850847,25/04/2019,10:43,11:22,Straw,Clear,1.012,6.7,Negative,Negative,Negative,Negative,Negative,Normal,Negative,8-9,0,13-18,Nil,Moderate,Mucus threads,12.9,6.3,20.5,59.9,20,62,12.6,40.2,4549,53,31,4,4,0,1.99,1.07,0.49,0.05,0.08,362,9.2,15,0.25,13.1,0.9,0.26,0.39,0.43,169,79,80.4,21.2,106,62,2.1,1.02,0.98,0.4,0,0.4,54,36,114,11,6,4.9,1.1,4.45,1.1,26,12.142,11.04,138,4.4,101,5.5,65.22,138,304,442,31.22,6.4,136.98,0.9,12.6,197,6.4,11.5,3.9,70,22.8,4.97,84,63,104,260
658587,PBCHD03RJU,170879,28/04/2019,10:45,11:33,Straw,Slightly cloudy,1.02,6.9,Negative,Negative,Negative,Negative,Negative,Normal,Negative,13-14,0,3-3,Rare,Rare,NIL,13.8,4.9,35.9,72,28,38,12.1,45.4,12952,44,27,5,6,0,1.12,2.33,0.53,0.28,0.01,116,14.6,15,0.31,15.1,2.2,0.07,4.88,0.33,154,71,49.4,55.8,279,141,2.2,0.7,1.44,1,0.3,0.7,58,19,11,21,7.5,4.6,2.9,1.59,0.4,25.6,11.9552,29.89,134,4,96,4.9,106.13,128,315,443,28.89,6.1,128.37,0.9,940.5,98.9,950.96,8.6,2.1,97,10.2,3.5,99,94,110,148
594563,GYAHD13ODK,458263,26/04/2019,07:01,08:13,Light Yellow,Clear,1.019,4.2,Negative,Trace,Negative,Negative,Negative,Normal,Negative,33-35,2,16-17,Nil,Nil,Artifacts,14.6,5.9,48,71.6,24,30,14.1,31.4,6459,33,24,1,5,0,2.27,1.7,0.05,0.49,0.03,359,8.1,14,0.23,17.8,1.4,2.92,0.35,3.94,204,59,91.7,55.7,278.5,128,3.5,1.55,0.64,0.5,0.1,0.4,118,8,17,12,6.7,4.4,2.3,1.91,1.2,9.2,4.2964,3.58,134,3,105,2.1,50,63,328,391,16.11,6.2,131.24,0.4,14.9,122.4,12.17,9.1,2.9,154,12.7,3.13,85,99,88,254
233154,KLTRS12TSS,852659,26/04/2019,11:48,13:16,Pale Yellow,Clear,1.011,6.8,3+,Negative,Negative,Negative,Negative,Normal,Negative,2-4,1,3-4,Nil,Nil,NIL,7.3,5.1,38.4,58.8,14,19,11.7,44.5,6103,36,36,3,2,0,6.63,2.71,0.55,0.04,0.1,327,10,12,0.3,13.4,0.1,0.18,2.13,0.02,199,51,63.5,25.2,126,203,3.9,1.25,0.8,4,0,4,108,11,13,32,7.7,4,3.7,1.08,0.7,12.2,5.6974,8.14,144,4.7,105,3.3,14.85,144,350,494,29.15,5.7,116.89,0.5,25.6,145.1,17.64,10.4,4.2,117,9,5.67,107,67,81,407
622372,KLTRS08WBD,112361,24/04/2019,11:49,13:00,Pale Yellow,Hazy,1.011,4.6,1+,Negative,Negative,Negative,Trace,1+,Negative,3-5,1,3-3,Nil,Nil,NIL,18.7,5.2,33,86,35,56,11.7,42,7897,38,28,2,4,0.5,7.81,1.1,0.33,0.21,0.07,239,7,15,0.37,18.8,1.7,6.19,0.11,6.58,166,56,110.9,45.3,226.5,143,3,1.98,0.5,0.6,0.1,0.5,81,29,22,25,7.1,3.7,3.4,1.09,0.6,8.6,4.0162,6.69,145,3.9,101,3,96.2,132,200,332,39.76,6.1,128.37,0.6,24.8,73.3,33.83,9.4,5.5,77,9.5,2.66,114,78,77,127
300610,PBCHD15HPP,173500,26/04/2019,06:22,07:27,Light Yellow,Clear,1.01,4.7,Negative,Trace,Negative,Negative,Negative,Normal,Negative,12-13,67,1-4,Nil,Nil,NIL,13.5,4.4,43.2,50.2,30,31,12,39.5,7842,72,25,3,8,0,6.2,2.35,0.48,0.18,0.1,216,7,16,0.21,21.7,3.4,0.35,0.5,0.24,159,53,118.5,83.6,418,99,3,2.24,0.45,0.7,0,0.7,59,38,28,14,6,4.2,1.8,2.33,1.9,14.1,6.5847,3.47,139,2.8,99,6.5,90.2,154,176,330,46.67,6.1,128.37,0.6,24.3,140.1,17.34,8.6,4.1,245,15,0.11,96,73,87,130
917043,GYAHD09JHJ,179032,25/04/2019,08:13,09:30,Pale Yellow,Hazy,1.011,5,Negative,Negative,Trace,Negative,Negative,Normal,Negative,10-12,2,1-4,Nil,Nil,Fungal elements,15.5,4.2,49.5,50.4,36,31,16.4,42,7783,73,26,6,6,0,5.91,1.78,0.8,0.19,0.06,249,9.3,16,0.22,13.1,1.1,0.62,0.18,1.21,154,65,96.9,10.5,52.5,138,2.4,1.49,0.67,0.6,0.2,0.4,246,10,8,47,7.5,4.2,3.3,1.27,1.2,10.8,5.0436,4.2,138,4.3,96,4.2,97.46,67,352,419,15.99,8.4,194.38,0.5,19,145,13.1,8.6,2.3,152,6.1,0.02,189,70,65,161
429927,MZLGI14GJS,435656,28/04/2019,10:43,11:51,Pale Yellow,Slightly cloudy,1.021,6.6,1+,Trace,Negative,Negative,Negative,Normal,Negative,14-15,2,3-3,Few,Nil,NIL,17.8,5.4,31.9,100.7,32,55,13.1,39.7,9491,43,28,4,16,0,3.38,1.8,0.23,0.4,0.04,965,10.6,14,0.39,20.2,2.4,0.14,0.28,0.67,179,41,73.7,5.4,27,100,4.4,1.8,0.56,0.7,0.3,0.4,104,32,30,18,6.3,4.5,1.8,2.5,2.2,8.3,3.8761,1.76,106,5,97,5.8,101.15,194,258,452,42.92,6,125.5,3.8,13.4,147.7,9.07,7.8,2.3,117,9.5,2.68,75,117,187,114
872696,GYAHD03KLM,690806,25/04/2019,10:09,11:31,Straw,Clear,1.017,6.8,Trace,1+,Negative,Negative,Negative,Normal,Negative,TNTC,2,3-2,Nil,Rare,Mucus threads,9.1,5.7,56.8,94.7,15,16,13.7,36.5,4345,56,15,1,7,0,5.4,1.48,0.67,0.65,0.19,1053,7.1,11,0.33,12.1,3.5,0.09,0.18,0.12,216,68,65.6,38.4,192,142,3.2,0.96,1.04,3.4,0.4,3,232,31,14,15,7.8,4.9,2.9,1.69,1.5,12,5.604,3.74,143,3.9,100,2.4,102.27,112,155,267,41.95,8.1,185.77,0.6,16.4,161,10.19,9.1,4.1,214,11,10.67,160,75,91,126
563909,GYAHD10JHJ,794025,26/04/2019,11:57,13:01,Pale Yellow,Hazy,1.01,5,Trace,3+,Negative,Negative,1+,Normal,Negative,1-3,0,1-4,Rare,Nil,NIL,9.6,4.1,46.7,78,23,20,9.4,30.4,10694,40,38,4,5,0.3,1.34,0.06,0.66,0.06,0.01,151,13.2,16,0.22,15.6,3.5,0.37,0.22,0.02,196,39,40.4,34.4,172,64,5,1.04,0.97,2,0.8,1.2,74,49,22,35,6.5,5,1.5,3.33,0.9,13.1,6.1177,6.8,145,4,107,2.1,102.74,65,117,182,35.71,5.9,122.63,0.8,13.9,78.8,17.64,10.4,4.9,143,10.8,2.76,110,62,98,264
894238,GYAHD12JHJ,952882,27/04/2019,09:15,10:11,Deep Amber,Clear,1.017,6.6,4+,Negative,Negative,Negative,Negative,Normal,Negative,7-8,2,3-2,Nil,Nil,Artifacts,18.9,4.1,48.4,90.2,46,39,12.2,46,5088,65,39,3,6,0,8.14,1.73,0.51,0.3,0,223,7.9,12,0.47,25,0.7,0.26,0.14,0.42,213,45,85.3,34.4,172,102,4.7,1.9,0.53,0.2,0,0.2,97,12,13,21,7.9,4.4,3.5,1.26,0.9,18.8,8.7796,9.76,146,5.3,100,6.7,103.16,61,197,258,23.64,8.6,200.12,0.6,13.7,97.5,14.05,9.7,3.2,154,10.6,11.71,75,189,80,72
731878,KLTRS04NLZ,889891,26/04/2019,06:27,07:38,Pale Yellow,Milky,1.015,4.6,Trace,1+,Negative,Negative,Negative,1+,Negative,7-8,2,2-4,Nil,Nil,NIL,12.9,4.7,46.6,93.4,27,27,12.5,42.9,10736,78,45,4,8,0,3,3.22,0.17,0.49,0.03,298,10.8,16,0.67,12.4,3.2,0.04,0.18,0.22,185,37,47.7,21.1,105.5,116,5,1.29,0.78,0.6,0.2,0.4,61,31,21,15,7,4.7,2.3,2.04,0.7,18.5,8.6395,12.34,145,4.5,100,5.7,100.51,153,296,449,34.08,5.7,116.89,0.2,23.3,79.6,29.27,8,4.5,202,17.2,3.95,80,99,147,120
993119,PBCHD13SKM,446760,27/04/2019,06:54,07:33,Light Yellow,Slightly cloudy,1.016,6.6,1+,Negative,Negative,Negative,Negative,Normal,Negative,7-9,2,3-3,Nil,Nil,NIL,9.6,5.9,43.3,68.9,16,22,12.6,44.3,4804,77,37,6,3,0,0.88,1.12,1.26,0.3,0.07,412,9.4,15,0.28,43.5,6.6,0.35,0.4,0.19,183,74,40.1,38.7,193.5,110,2.5,0.54,1.85,0.7,0.3,0.4,41,92,17,14,6.8,4.3,2.5,1.72,1,18.6,8.6862,8.69,132,5.1,89,5.7,116.58,77,221,298,25.84,7.4,165.68,0.3,12.9,50.1,25.75,9.3,5.8,152,7.9,3.96,87,150,87,147
477062,PBCHD06MHS,267775,25/04/2019,07:27,08:13,Pale Yellow,Clear,1.02,6.6,Negative,Trace,Negative,Trace,Negative,1+,Negative,7-8,1,3-4,Rare,Rare,NIL,14.1,5.9,37.3,90.7,23,37,12.7,42.5,7641,48,29,2,8,0,10.69,0.36,0.27,0.28,0.07,200,7.3,16,0.32,34.7,2.5,0.38,0.03,2.32,125,57,82.4,37.8,189,68,2.2,1.45,0.69,0.6,0.1,0.5,101,80,40,10,8,3.5,4.5,0.78,1.1,10,4.67,4.25,137,4.5,99,6.2,105.42,169,350,519,32.56,7.3,162.81,0.2,15,388.1,3.86,12.8,4,260,9.5,3.77,108,65,86,62
565161,GYAHD13JHJ,732750,24/04/2019,08:35,09:24,Yellow,Hazy,1.018,6.7,Negative,Trace,Negative,Negative,Negative,Normal,Negative,10-12,12,7-10,Nil,Nil,NIL,14.9,6.9,46.2,73.8,21,32,15.6,43.8,6432,51,30,5,12,0,1.96,2.78,0.7,0.45,0.07,324,15.4,16,0.33,14.8,4.9,0.14,0.38,0.16,206,21,132.5,13.6,68,181,9.8,6.31,0.16,1,0.3,0.7,89,55,36,19,7,4.9,2.1,2.33,0.7,12.5,5.8375,8.34,143,2.6,99,2.9,102.05,85,359,444,19.14,7.6,171.42,0.4,96.2,63.1,152.46,9.6,5.9,120,5.7,3.5,111,90,75,107
894190,GYAHD03KAU,248842,27/04/2019,10:21,11:03,Pale Yellow,Slightly cloudy,1.016,4.9,Trace,Trace,Negative,Negative,Negative,Normal,Negative,2-4,2,5-11,Rare,Nil,Parasites,16,5.3,63.2,72.7,30,25,15.1,42.7,7707,76,47,11,7,0.3,3.64,1.37,0.37,0.45,0.03,384,6.4,11,0.34,29.7,6.9,0.22,0.42,3.44,206,71,71,53.8,269,144,2.9,1,1,0.7,0.1,0.6,85,24,11,48,7.4,4.9,2.5,1.96,0.7,34.2,15.9714,22.82,127,2.3,114,10,118.37,129,293,422,30.57,6,125.5,1,23.8,95.1,25.03,9.4,4.5,105,7.5,5.3,118,82,88,187
218850,GYAHD10JHJ,763031,26/04/2019,08:20,09:07,Light Yellow,Slightly cloudy,1.027,5.7,Negative,Negative,Negative,Negative,Negative,Normal,Negative,11-12,5,1-4,Nil,Nil,Artifacts,17.3,7.1,45.5,94.8,24,38,14.5,35,9518,41,22,6,4,0,3.61,2.24,0.64,0.35,0.01,41,11.8,22,0.26,32.1,4.7,0.55,0.02,0.77,163,56,95.5,92,460,77,2.9,1.71,0.59,2.1,1,1.1,103,105,30,16,6,4.8,1.2,4,1,25.6,11.9552,11.96,128,4.4,99,4.3,96.54,61,169,230,26.52,6,125.5,0.6,11.5,548.7,2.1,9.5,4.1,289,12.9,2.11,78,104,113,115
603338,KLTRS01KLP,114428,27/04/2019,07:40,08:25,Straw,Slightly cloudy,1.012,5,Trace,Trace,Negative,Negative,Negative,Normal,Negative,12-13,0,3-4,Nil,Nil,NIL,17.6,5.7,53.1,91.8,30,33,10.9,44.8,9934,43,31,4,4,0,2.31,2.96,0.38,0.57,0.1,187,7.7,12,0.42,26.6,4.5,3.62,4.77,0.38,218,33,76.4,18.8,94,122,6.6,2.32,0.43,0.5,0.2,0.3,71,14,28,7,6.9,4.9,2,2.45,1,14.9,6.9583,6.96,127,3.2,115,3,116.86,135,219,354,38.14,6,125.5,0.3,17.9,138,12.97,9.6,3.9,136,11,0.34,92,93,96,116
920783,GYAHD07KAU,195719,27/04/2019,09:21,10:27,Straw,Slightly cloudy,1.015,5.4,Trace,Trace,Negative,Negative,Negative,Normal,Negative,3-4,0,2-2,Rare,Nil,Amorphous debris,14.7,3.7,19.5,96.9,39,75,12,42.2,6001,54,20,1,5,0,0.08,4.11,0.13,0.48,0.04,365,11.5,13,0.06,17.2,1,3.5,0.8,0.37,193,59,101.3,11,55,138,3.3,1.72,0.58,15.1,10.6,4.5,106,14,14,13,7.6,4.9,2.7,1.81,1.1,33.5,15.6445,14.22,141,3.6,114,2.1,78.74,79,326,405,19.51,12.4,309.18,0.3,27.1,90.5,29.94,8,3.7,205,11.7,1.05,93,100,92,236
204267,KLTRS06NLZ,627130,28/04/2019,11:34,12:22,Light Yellow,Clear,1.012,6.6,Trace,Trace,Negative,Negative,Negative,Normal,Negative,1-2,2,3-2,Nil,Rare,NIL,15.3,5,31.9,117.5,30,47,13.5,39.4,9723,49,26,4,2,0,8.32,1.47,0.08,0.22,0.1,327,14.9,20,0.07,29.3,2,0.11,0.15,0.16,170,41,79.3,24.1,120.5,149,4.1,1.93,0.52,0.4,0,0.4,67,33,15,117,6.6,3.8,2.8,1.36,1,15,7.005,7.01,135,6,102,4,92.04,84,141,225,37.33,6.1,128.37,0.5,22.7,101.2,22.43,9.8,3.9,175,7.1,2.23,201,170,97,94
778160,GYAHD15KLM,511505,28/04/2019,08:27,09:24,Light Yellow,Clear,1.024,6.3,Negative,Trace,Negative,Negative,Negative,Normal,Negative,13-15,0,3-2,Rare,Nil,Fat droplets or lipiduria,18.2,6,30.3,78.3,30,60,14.1,47.1,7257,53,33,5,8,0,2.19,0.71,0.26,0.68,0.05,235,7.4,10,0.14,34.3,0.8,0.17,0.81,0.27,173,47,23.5,23.4,117,111,3.7,0.5,2,0.7,0,0.7,92,43,15,11,6.6,3.5,3.1,1.13,1.1,11.9,5.5573,5.05,105,4.3,96,2.8,114.56,170,212,382,44.5,7.2,159.94,0.7,23.2,86.7,26.76,8.4,5.9,170,19,11.73,100,183,109,264
468674,PBCHD04HPP,498954,28/04/2019,09:48,10:32,Green,Slightly cloudy,1.018,4.5,Trace,Trace,Negative,1+,Trace,Normal,Negative,5-7,3,2-3,Nil,Nil,Fungal elements,6.4,4.1,51.3,90.1,15,12,13.5,40.9,6374,16,51,4,4,0,1.06,2.24,0.69,0.21,0.14,156,8.9,11,0.11,26.1,4.3,0.1,0.1,0.16,207,56,77,25.9,129.5,131,3.7,1.38,0.73,0.3,0,0.3,122,10,18,40,7.5,5,2.5,2,1.1,10,4.67,4.25,143,4.9,102,6.6,104.61,135,287,422,31.99,8.7,202.99,0.2,199.3,137.5,144.95,9.4,2.6,198,12.3,0.54,123,104,94,101
295307,GYAHD03KAU,475717,24/04/2019,10:04,11:09,Straw,Clear,1.012,6.2,3+,Trace,Negative,Negative,Negative,Normal,Negative,7-9,1,2-4,Nil,Few,Fat droplets or lipiduria,6.5,5.2,32.8,46.5,12,19,14.5,46,52548,41,44,25,4,0,0.33,2.93,0.32,0.38,0.14,191,10.8,14,0.29,16.4,0.2,0.22,0.35,6.42,233,45,106.2,6.4,32,126,5.2,2.36,0.42,0.3,0,0.3,111,25,13,48,8.2,5,3.2,1.56,0.6,17,7.939,13.23,140,3.9,104,5.2,113.62,100,228,328,30.49,6.3,134.11,0.4,231.6,115,201.39,10.3,7,119,13.9,3.68,97,97,102,73
176293,KLTRS12TSS,391389,28/04/2019,10:58,12:09,Pale Yellow,Clear,1.01,4.6,Negative,1+,Negative,Negative,Negative,Normal,Positive,1-2,0,11-15,Nil,Nil,NIL,12,4.4,39,99,27,30,14.2,42.7,8487,54,28,2,8,0,9.51,1.89,0.46,0.18,0.09,329,14,14,0.27,37.5,0.6,0.03,0.31,0.32,168,46,91.1,37.6,188,99,3.7,1.98,0.5,0.7,0.3,0.4,80,3,16,28,6.2,4.8,1.4,3.43,0.9,11.6,5.4172,6.02,147,2.5,82,4.4,117.05,153,207,360,42.5,7.3,162.81,0.4,219.3,79.2,276.89,7.9,5.7,44,10.9,3.27,103,114,91,134
392032,GYAHD02KLM,772167,27/04/2019,10:02,10:57,Yellow,Clear,1.027,6.9,Negative,Negative,Negative,Negative,Trace,Normal,Negative,TNTC,2,3-4,Nil,Nil,Fat droplets or lipiduria,1.1,5.7,63.1,79,1,1,12.5,42.8,5025,47,24,10,16,0,20.65,5.08,0.51,0.13,0.01,382,11.2,11,0.38,20.9,6.4,0.03,0.18,0.15,231,54,76.6,33.5,167.5,176,4.3,1.42,0.7,2.1,1,1.1,59,23,32,21,7.1,3.8,3.3,1.15,1.1,7.8,3.6426,3.31,144,3.8,106,2.9,118.49,166,114,280,59.29,5.6,114.02,0.9,16.2,72,22.5,7.5,1.1,64,11.4,14.81,86,72,86,232
769221,MZLGI02GJS,647912,26/04/2019,08:58,09:35,Straw,Clear,1.018,6.2,Negative,Negative,Negative,Negative,Negative,Normal,Negative,2-4,1,2-2,Nil,Nil,NIL,17.8,5.9,43.2,70.4,30,41,11.6,41.8,7247,46,27,5,6,0,7.64,1.04,0.55,0.63,0.21,297,9.9,14,0.47,30.3,0.7,0.25,0.21,0.14,220,40,55.7,69.7,348.5,134,5.5,1.39,0.72,0.6,0.2,0.4,57,22,25,15,6.7,3.7,3,1.23,0.8,13.1,6.1177,7.65,149,4.2,101,4.5,116.48,116,315,431,26.91,6.6,142.72,0.9,16.1,223.1,7.22,10.3,3,160,5.2,3.88,97,108,74,196
247986,KLTRS08TSS,278371,28/04/2019,08:40,09:48,Light Yellow,Slightly cloudy,1.016,6.6,Trace,2+,Negative,Negative,Negative,Normal,Negative,TNTC,1,2-4,Nil,Nil,NIL,12.9,7.3,43.7,75.8,17,29,14.2,39.7,36033,67,42,5,5,0,1.16,4.87,0.89,0.47,0.09,205,11.1,15,0.25,47.1,4.3,0.27,0.39,0.16,169,79,80,13,65,147,2.1,1.01,0.99,0.5,0,0.5,75,33,36,13,7.6,4.9,2.7,1.81,0.7,17.7,8.2659,11.81,139,3.8,96,3.1,81.32,115,347,462,24.89,6.1,128.37,0.1,17.7,166.8,10.61,9.5,5,326,11.7,0.03,144,78,87,90
113566,GYAHD14ODK,277959,27/04/2019,07:00,08:08,Pale Yellow,Clear,1.012,5.6,Negative,Trace,Negative,Negative,Negative,Normal,Negative,14-15,5,3-2,Few,Moderate,NIL,7.9,6.7,42.6,95.5,11,18,10.5,41.9,3322,32,32,6,7,0,1.85,1.01,0.67,0.22,0.09,144,9,11,0.14,27.8,0.8,0.34,0.03,0.12,212,56,75.6,5.3,26.5,189,3.8,1.35,0.74,1.4,0.2,1.2,123,11,34,23,5.7,3.5,2.2,1.59,0.6,14.5,6.7715,11.29,137,3.3,105,5.7,116.42,152,184,336,45.24,7.4,165.68,0.9,20.3,112.1,18.11,9.3,3.8,64,9.6,9.28,97,64,84,119
339062,MZLGI15GJS,339444,26/04/2019,07:16,08:41,Pale Yellow,Slightly cloudy,1.015,5.8,Negative,Negative,Negative,Negative,Negative,Normal,Negative,13-14,0,2-3,Nil,Nil,NIL,17.8,4.1,52.3,80.8,43,34,12.3,42.3,5003,25,28,3,5,0,0.26,1.49,0.24,0.36,0.01,399,7.3,29,0.26,43.4,0.7,0.06,0.48,0.01,220,47,93,44.5,222.5,143,4.7,1.98,0.51,0.7,0.3,0.4,86,50,61,24,4.6,3.9,0.7,5.57,1.1,6.7,3.1289,2.84,142,3.7,101,5.2,97.25,76,148,224,33.93,11.6,286.22,0.2,12.8,83.1,15.4,7.3,2.3,172,11.7,1.83,98,78,80,83
131746,GYAHD08KAU,272519,26/04/2019,06:27,07:30,Pale Yellow,Slightly cloudy,1.015,6.3,Trace,Negative,Negative,Negative,Negative,Normal,Negative,75-76,0,3-4,Nil,Nil,NIL,14.4,5.6,59.5,79.1,25,24,12.7,48,3818,47,37,1,6,0,5.24,2.78,0.95,0.43,0.04,41,10.9,14,0.54,30.7,2.2,0.11,0.08,0.82,203,62,116.9,22.2,111,100,3.3,1.89,0.53,0.7,0,0.7,55,21,36,43,6,4.1,1.9,2.16,0.6,13.6,6.3512,10.59,118,4.9,100,4.9,119.19,84,186,270,31.11,5.8,119.76,0.9,10.7,98.5,10.86,9,4,177,4.1,0.01,124,83,75,136
556834,KLTRS04MLT,636333,25/04/2019,10:35,12:00,Deep Amber,Slightly cloudy,1.029,6.8,Negative,Negative,Negative,Negative,Negative,Normal,Negative,6-8,2,2-2,Moderate,Moderate,NIL,1.5,4.1,59.7,99.6,3,2,13.7,44.6,7886,33,34,12,5,0,9.85,2.61,0.71,0.39,0.06,806,8.6,10,0.29,27.7,0.7,0,0.16,0.62,237,79,164.1,37.9,189.5,129,3,2.08,0.48,2.1,1,1.1,54,101,28,45,8.2,4.7,3.5,1.34,0.8,16.2,7.5654,9.46,102,3.7,95,2.9,110.8,124,200,324,38.27,8.4,194.38,2.6,10.6,40.4,26.24,8.9,5.1,234,9.7,3.72,125,122,106,126
363173,KLTRS04NLZ,421206,24/04/2019,08:04,08:54,Pale Yellow,Slightly cloudy,1.02,5,2+,1+,Negative,Negative,Negative,Normal,Negative,6-8,1,2-2,Nil,Nil,Fat droplets or lipiduria,20.9,3.1,43.2,76.9,67,48,15.7,45.6,5084,34,11,4,4,0,1.22,2.27,0.76,0.55,0.03,167,9.2,20,0.25,24,1.6,4.66,0.2,0.84,133,54,59,38.6,193,131,2.5,1.09,0.92,1.7,0.8,0.9,49,46,27,21,7,4.8,2.2,2.18,0.9,18.9,8.8263,9.81,138,5.8,96,6.8,100.54,95,240,335,28.36,7.1,157.07,0.3,274,123.5,221.86,6.4,4.9,182,8.7,2.83,138,100,60,249
433688,KLTRS14TSS,892939,25/04/2019,09:32,10:23,Straw,Clear,1.017,6.9,Negative,Negative,Negative,Negative,Negative,Normal,Negative,4-6,2,1-2,Rare,Nil,NIL,5.2,5.9,30,98.6,8,17,12.4,39.4,44335,44,46,6,6,0,1.14,1.57,0.38,0.03,0.01,624,7.9,13,0.38,12.5,2.6,0.09,0.8,0.38,173,29,140.8,9.8,49,153,6,4.86,0.21,0.7,0,0.7,48,28,23,15,8.1,3.7,4.4,0.84,0.6,33.8,15.7846,26.31,135,3.9,118,3.8,104.83,95,146,241,39.42,8.8,205.86,0.4,21.6,82.6,26.15,8.2,3.3,170,19.8,5.08,79,96,85,68
458319,KLTRS15WBD,976178,28/04/2019,10:47,11:39,Red,Clear,1.025,4.8,Negative,Negative,Negative,Negative,Negative,Normal,Negative,4-5,2,2-4,Nil,Nil,NIL,17.5,5.9,61.8,70.6,29,28,12.4,41.3,8279,60,30,4,6,0,6.78,4.98,0.65,0.09,0.08,146,11.3,11,0.31,17.3,2.7,1.67,0.03,0.21,195,23,148.6,19.9,99.5,62,8.5,6.46,0.15,0.7,0.3,0.4,91,19,19,39,6.8,3.9,2.9,1.34,0.6,18.1,8.4527,14.09,139,4.5,97,4.8,97.95,131,256,387,33.85,5.9,122.63,0.8,21,258.7,8.12,10.5,3.2,177,20.1,2.92,113,116,247,222
406097,GYAHD06KLM,921680,27/04/2019,10:15,11:13,Pale Yellow,Slightly cloudy,1.017,4.6,Trace,Trace,Negative,Negative,Negative,Normal,Negative,11-13,1,1-4,Rare,Rare,Amorphous debris,10.7,7.4,38.1,96,14,28,13.4,43.7,8022,46,48,9,9,0,6.72,1.14,0.19,0.65,0.04,312,11.2,13,0.14,34.1,2.6,2.85,0.27,0.16,228,67,103.9,33.5,167.5,145,3.4,1.55,0.64,0.4,0,0.4,80,20,29,46,7.2,4,3.2,1.25,0.9,5.1,2.3817,2.65,145,4.3,103,3.9,95.51,165,147,312,52.88,5.8,119.76,0.6,20.5,134.8,15.21,11.4,7.4,103,11.1,0.02,123,69,72,185
287197,PBCHD03HPP,398113,24/04/2019,10:53,12:06,Orange,Clear,1.019,6.6,Negative,Negative,Negative,Negative,Negative,Normal,Negative,2-3,6,2-2,Nil,Nil,NIL,15.7,5.8,41.2,95,27,38,13.4,40.1,23309,75,16,1,4,0,8.61,4.93,0.53,0.51,0.06,372,7.7,20,0.36,17.4,2,0.28,0.14,0.2,139,48,85.6,45.3,226.5,209,2.9,1.78,0.56,12.9,8.4,4.5,119,48,35,44,5.4,4.4,1,4.4,0.6,19.4,9.0598,15.1,143,4,99,4.9,115.4,111,349,460,24.13,6.3,134.11,0.9,13,464.7,2.8,12,3.3,183,17.9,12.06,162,86,290,65
377354,PBCHD04CGD,700792,25/04/2019,11:13,12:16,Pale Yellow,Clear,1.013,6.6,Negative,Negative,Negative,Negative,Negative,Normal,Negative,12-13,2,1-4,Rare,Nil,Fungal elements,17.8,6.2,51.3,51.8,28,34,12.7,44.1,4148,25,26,1,8,0,1.03,2.55,0.57,0.29,0.02,345,9.6,11,0.17,29.9,1.4,0.39,0.22,3.92,179,78,86.4,33.8,169,177,2.3,1.11,0.9,0.5,0,0.5,102,49,13,16,8.1,4.5,3.6,1.25,1.1,16.6,7.7522,7.05,139,4.2,98,5.6,114.5,31,299,330,9.39,5.4,108.28,0.2,17.2,145.9,11.79,11.8,4,68,4.4,3.53,95,146,83,118
445948,MZLGI05APK,161647,27/04/2019,11:59,12:30,Straw,Clear,1.019,7.1,Negative,1+,Negative,Negative,Negative,Normal,Negative,10-12,2,1-2,Nil,Rare,NIL,18.8,4.7,11.6,96.8,40,162,15.7,31.8,8046,60,42,3,5,3.5,4.33,2.53,0.16,0.29,0.06,175,10,11,0.3,13.1,2.5,0.73,0.44,0.15,175,56,76.8,38.1,190.5,177,3.1,1.37,0.73,1,0.3,0.7,104,33,30,38,7.8,4.3,3.5,1.23,0.6,17.5,8.1725,13.62,144,2.5,102,3.1,116.75,127,133,260,48.85,8.7,202.99,0.4,23.7,242.7,9.77,9.8,5.3,238,11.6,3.1,122,125,80,203
486088,GYAHD14JHJ,244768,27/04/2019,09:33,10:18,Deep Amber,Slightly cloudy,1.015,5.3,Trace,Negative,Negative,Negative,Negative,Normal,Negative,75-80,2,1-4,Nil,Nil,Amorphous debris,9.8,4.8,40,84.4,20,24,13.9,34.9,7418,52,30,6,2,0,9.8,4.03,0.24,0.19,0.03,405,8.9,28,0.23,29.9,4.7,0.39,0.15,0.37,168,51,96.3,29.5,147.5,140,3.3,1.89,0.53,0.7,0.2,0.5,95,55,33,23,7.1,3.6,3.5,1.03,0.9,17.2,8.0324,8.92,137,4.7,99,3.8,63.31,64,185,249,25.7,6.9,151.33,0.2,17.7,105.5,16.78,9.2,2.7,267,9.1,0.23,121,97,72,192
831231,PBCHD06PBM,571462,28/04/2019,10:58,11:28,Light Yellow,Clear,1.016,4.8,Trace,2+,Negative,Negative,Negative,Normal,Negative,6-8,0,14-10,Nil,Nil,Fungal elements,15.5,4.4,26.8,73.1,35,57,13.9,45.4,8288,50,18,5,7,0.7,10.54,2.47,0.69,0.85,0.03,1134,7.2,14,0.19,32.2,1.5,0.15,0.22,0.08,158,32,88.2,15.2,76,127,4.9,2.76,0.36,0.5,0.2,0.3,122,56,16,42,7.4,5,2.4,2.08,0.6,14.3,6.6781,11.13,145,3,104,6.4,100.36,139,327,466,29.83,5.8,119.76,0.5,107.4,128.6,83.51,7.9,3.7,88,9.5,7.12,72,117,80,89
809802,MZLGI09RJK,703790,25/04/2019,10:36,11:24,Orange,Slightly cloudy,1.012,4.9,Negative,Trace,Negative,Negative,2+,Normal,Negative,6-8,0,2-3,Nil,Nil,NIL,14.3,5.5,39.4,98,26,36,14.3,45.3,7436,58,34,6,7,0,18.41,0.13,0.53,0.22,0.01,1150,7.4,11,0.31,18.6,1.6,0.26,0.78,0.07,216,53,96,20,100,183,4.1,1.81,0.55,0.5,0.1,0.4,77,9,11,25,6.1,3.3,2.8,1.18,1.1,13.1,6.1177,5.56,138,6,92,2.3,117.62,89,353,442,20.14,6.1,128.37,0.6,18,160.1,11.24,9.2,2.2,105,8.4,3.89,99,71,89,101
653558,MZLGI13APK,445545,24/04/2019,11:54,12:27,Pale Yellow,Clear,1.02,7,Trace,Trace,Negative,Negative,Negative,Normal,Negative,5-6,1,2-3,Few,Moderate,Artifacts,1.6,7,51.3,65.9,2,3,13.9,42.2,2455,54,29,5,1,0.7,7.24,2.95,0.53,0.39,0.05,163,8.1,14,0.48,35,1.8,0.56,0.04,0.14,198,49,71.4,95.3,476.5,181,4,1.46,0.69,0.3,0.1,0.2,92,31,13,61,6.4,3.7,2.7,1.37,1.2,18,8.406,7.01,143,4.7,102,6,76.43,151,325,476,31.72,6.7,145.59,0.4,21.6,220.1,9.81,9.2,4.5,121,6.1,1.91,82,68,100,157
316775,GYAHD02KLM,173217,27/04/2019,06:22,07:13,Light Yellow,Cloudy,1.021,6.5,Negative,Negative,Negative,Negative,Negative,2+,Negative,8-10,4,5-10,Nil,Nil,NIL,12.9,5.5,49,80.9,23,26,13.6,42.7,7656,59,29,2,3,0,3.24,3.38,0.22,0.38,0.09,369,8.9,14,0.25,24.6,1.9,0.37,0.27,0.25,197,63,160.6,18.5,92.5,78,3.1,2.55,0.39,0.7,0,0.7,63,12,37,36,7.4,4.8,2.6,1.85,0.8,14,6.538,8.17,135,3.9,95,5.1,72.91,147,354,501,29.34,8,182.9,0,21,124.3,16.89,12.7,3,106,10.5,1.03,92,215,96,61
240786,KLTRS14WBD,237974,27/04/2019,10:44,11:33,Dark Yellow,Clear,1.021,5.8,Negative,Trace,Negative,Negative,Negative,Normal,Negative,13-15,2,3-2,Nil,Nil,NIL,16.5,5.9,46.1,90.8,27,35,12.5,45.8,2040,53,27,4,5,0,2.35,2.19,0.71,0.14,0.1,552,11.8,11,0.39,26.6,2.5,0.17,0.31,0.26,179,45,90.7,16.1,80.5,117,4,2.02,0.5,0.4,0.1,0.3,95,44,39,69,7.1,4.8,2.3,2.09,1.2,15.6,7.2852,6.07,145,7.1,95,4.2,97.63,42,226,268,15.67,7.3,162.81,0.2,12.7,144,8.82,8.8,3.9,75,15.2,6.95,125,168,99,108
248160,PBCHD03NLM,756315,27/04/2019,10:58,11:59,Light Yellow,Slightly cloudy,1.015,5.7,Trace,Negative,Negative,Negative,Negative,Normal,Negative,4-6,2,2-2,Nil,Nil,Fungal elements,10.4,6.3,61.8,49.3,16,16,12.8,40.1,10526,64,16,3,4,0,4.18,4.48,0.8,0.23,0.02,24,12.7,11,0.09,14.7,6.1,3.58,0.23,0.19,204,31,104,35.3,176.5,125,6.6,3.35,0.3,12.2,7.7,4.5,84,49,40,38,5.6,3.6,2,1.8,0.7,8,3.736,5.34,148,4.2,105,5.2,111.2,76,99,175,43.43,7.1,157.07,0.7,26.5,116.7,22.71,9.7,4.5,102,17.4,12.89,125,123,100,76
700968,GYAHD11ODK,355930,28/04/2019,08:58,09:29,Red,Clear,1.015,5.2,Trace,Negative,Negative,Negative,Negative,Normal,Negative,1-3,5,2-2,Nil,Nil,NIL,1.8,5.5,49.2,77,3,3,14.6,40.2,8436,51,21,6,6,0.8,5.85,6.1,0.46,0.06,0.43,417,14.4,20,0.22,13.9,4.9,0.2,0.17,1.96,234,67,131.7,29.9,149.5,139,3.5,1.97,0.51,0.9,0.3,0.6,92,10,23,10,8.1,4.4,3.7,1.19,0.7,34.2,15.9714,22.82,135,4,97,7,108.92,180,265,445,40.45,6.2,131.24,4.1,14.5,140.5,10.32,8.6,2.2,151,14,8.23,94,63,72,91
910231,GYAHD05JHJ,547067,28/04/2019,07:53,09:09,Pale Yellow,Slightly cloudy,1.013,5,Trace,Trace,Negative,2+,Negative,Normal,Negative,8-9,2,3-2,Nil,Rare,Yeast cells,6.5,6.2,51.9,55.2,10,12,13.9,44.7,7187,51,15,2,6,0,4.06,1.64,0.48,0.36,0.05,313,7.7,18,0.15,30.6,2.7,0.12,6.47,0.46,183,49,76,16.3,81.5,157,3.7,1.55,0.64,0.4,0.1,0.3,95,42,18,17,6,3.9,2.1,1.86,0.8,12.5,5.8375,7.3,139,5.8,89,2.2,94.32,152,203,355,42.82,6.4,136.98,0.6,10.7,91.6,11.68,7.7,4.6,78,7.5,8.98,174,78,79,176
326876,PBCHD03CGD,742485,24/04/2019,07:34,08:55,Pale Yellow,Slightly cloudy,1.015,4.9,Negative,Trace,Negative,Negative,Negative,Normal,Negative,9-10,2,2-2,Nil,Few,Parasites,13.7,2.7,64.1,67.9,50,21,13.3,41.2,7463,45,48,3,3,0,0.62,1.34,0.59,0.52,0.03,103,10.9,15,0.22,18.8,4,0.18,0.16,0.24,158,48,23.1,21.9,109.5,71,3.3,0.48,2.08,0.7,0,0.7,106,53,10,16,7.1,3.5,3.6,0.97,1.2,8.3,3.8761,3.23,139,4.1,97,4.6,114.46,97,115,212,45.75,6.2,131.24,0.6,19,120.6,15.75,9.2,2.4,64,6.3,12.78,91,105,71,137
956608,KLTRS14MLT,628515,27/04/2019,09:52,10:48,Yellow,Clear,1.018,6.6,Trace,Trace,Negative,Negative,Trace,Normal,Negative,6-8,2,1-4,Nil,Rare,NIL,10.3,5.8,15.8,91.1,17,65,12.1,40.3,10223,74,25,5,3,0,22.35,2.04,0.68,0.35,0.05,261,6.7,13,0.12,24,4.7,0.22,6.18,1.04,163,41,90.6,26.6,133,142,4,2.21,0.45,0.5,0,0.5,53,44,40,10,7.9,4.2,3.7,1.14,1,9.3,4.3431,4.34,91,4,102,2.7,113.37,80,218,298,26.85,8.7,202.99,0.7,11.4,81.7,13.95,10.5,4.9,142,8.2,0.39,121,184,71,125
428239,MZLGI08RJK,385258,27/04/2019,07:21,08:24,Pale Yellow,Clear,1.025,5,Negative,Negative,Trace,Negative,Negative,Normal,Negative,12-14,1,1-4,Rare,Nil,NIL,9.4,4.8,42.4,100.4,19,22,11.8,42,10513,49,20,3,4,0,1.7,2.21,0.91,0.47,0.02,146,8.9,16,0.12,40.7,4.1,0.05,0.31,0.14,167,45,20.2,27.6,138,144,3.7,0.45,2.23,0.9,0.2,0.7,67,25,17,19,7.7,4.3,3.4,1.26,1.2,15.2,7.0984,5.92,137,4.9,97,2.7,96.39,119,227,346,34.39,6.3,134.11,0.5,16.1,26.2,61.45,10.5,5.1,225,4.3,1.16,72,125,108,145
195349,GYAHD02ODK,171500,27/04/2019,07:57,08:54,Light Yellow,Slightly cloudy,1.017,6.8,Negative,Negative,Negative,Negative,Negative,Normal,Negative,33-37,1,1-4,Nil,Moderate,NIL,15,5.7,36.7,75.3,26,40,14.5,45.3,4782,38,48,8,6,5.4,16.11,2.05,0.69,0.15,0.13,387,11.1,15,0.59,26.3,0.1,1.47,0.16,0.94,169,39,85,38.9,194.5,156,4.3,2.18,0.46,0.8,0.3,0.5,98,55,13,27,7.9,4.1,3.8,1.08,0.6,38.6,18.0262,30.04,144,3.6,108,3.8,119.46,117,160,277,42.24,5.9,122.63,0,14.3,282.6,5.06,13,2.7,208,7.6,0.46,116,75,247,81
109135,MZLGI12RJK,787546,28/04/2019,09:59,10:37,Light Yellow,Clear,1.013,6.7,Negative,Negative,Negative,Negative,Trace,Normal,Negative,4-5,2,9-13,Nil,Nil,Artifacts,16.7,5.5,44.8,88.3,30,37,14.4,40.9,8890,44,44,7,6,0,6.48,2.35,0.73,0.58,0.06,251,8.8,11,0.36,29.3,0.3,0.05,0.11,0.99,165,40,74.8,47.7,238.5,169,4.1,1.87,0.53,0.9,0.2,0.7,112,7,13,24,7.2,4,3.2,1.25,1,18,8.406,8.41,130,5.8,103,5.8,106.79,45,294,339,13.27,6.2,131.24,2.8,16.6,128.9,12.88,10.4,2.5,113,12,2.38,107,88,112,83
494122,PBCHD10CGD,976935,28/04/2019,06:07,07:17,Light Yellow,Slightly cloudy,1.021,5.1,Trace,Negative,Negative,Negative,Negative,Normal,Negative,10-12,1,>20,Nil,Nil,Yeast cells,12.9,5.5,49.4,80.1,23,26,12.2,43.8,9675,22,37,7,4,0,12.86,3.71,0.79,0.62,0.12,159,9.5,17,0.29,31.6,4.8,0.01,6.33,0.71,240,72,158.9,5.6,28,148,3.3,2.21,0.45,11.2,6.7,4.5,100,100,15,22,8,3.7,4.3,0.86,1,18.8,8.7796,8.78,141,4.7,115,2.5,104.1,37,359,396,9.34,6.3,134.11,0.9,24.5,118.4,20.69,7.5,2.9,217,18.7,9.53,93,84,118,277
519466,PBCHD07PBP,351953,26/04/2019,10:17,11:14,Deep Amber,Clear,1.036,4.8,1+,Trace,Negative,Negative,Negative,Normal,Negative,10-11,2,3-2,Nil,Nil,Yeast cells,16.6,5.8,15.7,76.5,28,105,11,31.1,8355,76,39,2,10,0,6.6,0.39,0.22,0.04,0,398,12,13,0.23,25.7,1.7,0.26,0.1,0.29,217,42,49.6,8.9,44.5,155,5.2,1.18,0.85,0.6,0.2,0.4,108,21,34,19,7.8,3.7,4.1,0.9,0.8,12.9,6.0243,7.53,126,3.8,104,2.3,65.59,136,124,260,52.31,7.9,180.03,0.4,24.8,88.6,27.99,8.7,2.8,192,19.8,1.6,93,83,227,137
609650,MZLGI15RJK,738084,28/04/2019,06:14,07:12,Pale Yellow,Clear,1.03,6.6,1+,Trace,Trace,Negative,Negative,Normal,Negative,8-10,2,14-12,Nil,Nil,Parasites,20.5,4.9,47.1,75.9,41,43,13.5,42.1,8436,43,35,5,4,0,2.08,0.72,0.29,0.31,0.04,235,7.6,11,0.5,43.6,4.9,0.2,2.56,0.5,177,47,79.3,37.3,186.5,91,3.8,1.69,0.59,0.9,0.3,0.6,40,12,22,30,6.3,4,2.3,1.74,0.7,8.1,3.7827,5.4,144,4.8,102,5.8,116.35,93,111,204,45.59,5.7,116.89,3.2,11.6,195.4,5.94,10.2,3.9,295,6.1,9.07,115,92,72,72
645348,MZLGI09BRC,762055,28/04/2019,11:11,11:41,Light Yellow,Clear,1.018,4.6,Trace,Negative,Negative,Negative,Negative,Normal,Negative,4-6,2,5-19,Moderate,Rare,Parasites,19.7,5.2,37.1,93.7,37,53,11.7,44.2,8445,54,44,5,5,2.4,4.05,0.11,0.94,0.52,0.08,427,10.3,20,0.14,16.2,3.8,0.3,0.14,0.02,188,42,98.5,84.5,422.5,158,4.5,2.35,0.43,0.5,0.2,0.3,62,9,10,27,6.6,4.9,1.7,2.88,0.6,21.4,9.9938,16.66,136,3.7,108,5.8,113.1,210,117,327,64.22,6.8,148.46,0.3,18.6,244.5,7.61,9,6,260,11.3,3.11,181,216,92,167
334587,KLTRS07ODB,141043,28/04/2019,07:39,08:24,Deep Amber,Cloudy,1.015,4.8,Negative,Trace,Negative,Negative,Negative,Normal,Negative,13-15,0,>20,Few,Rare,Yeast cells,14.8,6.9,42.7,79.1,21,34,17,42.5,10602,53,26,2,7,0,2.04,2.59,0.34,0.52,0.03,19,11.9,16,0.4,12.3,3.8,0.11,0.35,0,130,48,98.9,12.8,64,155,2.7,2.06,0.49,18.2,13.7,4.5,69,38,19,11,6.7,4.9,1.8,2.72,1,9.9,4.6233,4.62,143,4.9,107,3,103.96,157,337,494,31.78,6.3,134.11,0.8,11.8,147.3,8.01,11.1,2.2,126,5,0.48,105,260,92,173
160294,MZLGI15BRC,124940,24/04/2019,10:06,10:43,Light Yellow,Clear,1.012,4.6,Negative,Trace,Negative,Trace,Negative,Normal,Negative,5-6,43,1-4,Nil,Nil,Fat droplets or lipiduria,11.1,4.4,28.2,86.4,25,39,14,42.5,5444,46,48,5,2,0,6.21,2.84,0.35,0.52,0.05,359,14.6,14,0.29,33,5,0.88,0.08,0.93,180,78,164.3,36.7,183.5,159,2.3,2.11,0.47,10.1,5.6,4.5,66,46,13,16,7,3.9,3.1,1.26,0.8,17.9,8.3593,10.45,141,3.6,97,4.9,98.84,168,182,350,48,7.7,174.29,0.1,28.3,124.9,22.66,8.6,4.9,188,6.9,3.6,115,95,92,131
504356,GYAHD12KLM,450786,27/04/2019,06:34,08:02,Pale Yellow,Hazy,1.003,6.9,Trace,Negative,Negative,Negative,Negative,Normal,Negative,TNTC,1,3-4,Nil,Nil,Amorphous debris,15.1,4.8,52.9,89,31,28,12.3,42.3,7497,59,15,2,5,0,7.34,1.86,0.8,0.21,0.06,280,14.6,15,0.19,32.5,4.1,0.1,0.18,0.23,160,20,109,11.1,55.5,107,8,5.45,0.18,0.7,0.2,0.5,100,37,23,39,8.1,3.6,4.5,0.8,1,11.9,5.5573,5.56,142,2.4,99,2.4,104.64,170,288,458,37.12,7.3,162.81,0.7,27.2,80,34,9,3,208,10.7,1.73,93,87,63,66
249098,KLTRS05TSS,352581,28/04/2019,11:28,12:45,Pale Yellow,Clear,1.012,6.7,Negative,Negative,Negative,Negative,Negative,Normal,Positive,20-24,4,2-2,Nil,Rare,Amorphous debris,13.6,4.8,29.5,95.8,28,46,14,39.9,9904,35,39,1,10,0,2.43,0.75,0.59,0.43,0.17,433,8.1,17,0.28,29.4,0.7,0.32,2.95,0.02,236,50,44.1,73.2,366,145,4.7,0.88,1.13,0.6,0.2,0.4,99,8,24,14,7.6,4.9,2.7,1.81,0.6,12.2,5.6974,9.5,137,2.7,107,5.9,44.54,34,276,310,10.97,6.8,148.46,0.7,26.6,66.1,40.24,8.6,2.9,145,5.4,3.65,70,101,86,140
712175,MZLGI01MHP,745780,27/04/2019,06:47,07:39,Pale Yellow,Clear,1.021,6.7,Negative,Negative,Negative,Negative,Negative,Normal,Negative,8-9,0,11-8,Nil,Nil,NIL,14.9,5.1,48.3,91.6,29,30,15.1,44.1,10646,64,37,2,4,0,9.58,1.89,0.65,0.13,0.1,56,6.3,13,0.13,13.2,4.9,0.21,0.97,0.09,224,59,87,25.6,128,153,3.8,1.47,0.68,0.7,0.2,0.5,109,55,14,18,6,3.9,2.1,1.86,1.1,18.6,8.6862,7.9,137,3.3,108,6.8,107.05,197,241,438,44.98,7,154.2,0.7,14.2,225,6.31,11.9,2.1,133,6.3,1.5,122,72,77,96
407641,KLTRS14ODB,936835,27/04/2019,06:27,07:17,Yellow,Clear,1.028,6.4,Negative,1+,Negative,Negative,Trace,Normal,Negative,12-13,2,>20,Rare,Nil,NIL,14.3,4.3,25.5,63,33,56,12.3,41.9,6474,51,36,1,2,0,1.87,1.2,0.11,0.25,0.02,135,10,16,0.32,12.2,5,0.12,0.06,0.22,179,58,109.6,37.4,187,89,3.1,1.89,0.53,0.3,0,0.3,116,47,13,14,8.6,3.3,5.3,0.62,0.9,38.3,17.8861,19.87,139,3.6,111,5.6,103.63,86,318,404,21.29,6.1,128.37,0.4,24.4,79,30.89,11.1,3.3,185,9.1,0.71,94,277,82,124
647878,PBCHD05NLM,229436,26/04/2019,10:07,11:16,Light Yellow,Clear,1.015,4.4,1+,Trace,Negative,Negative,Negative,Normal,Negative,9-10,0,3-3,Nil,Nil,NIL,15.1,5.8,37.1,90,26,40,14,39.5,2258,58,37,6,0,0,9.48,2.81,0.17,0.23,0.18,250,7.8,12,0.3,22,4.6,0.15,2.27,0.05,191,40,155.7,16.4,82,108,4.8,3.89,0.26,0.4,0,0.4,120,36,10,17,7.3,4,3.3,1.21,1,6,2.802,2.8,142,5.5,88,4.3,105.1,85,148,233,36.48,6,125.5,0.6,12.7,110.4,11.5,8,2.9,160,11.9,2.72,108,102,84,68
722503,KLTRS04ODB,663085,27/04/2019,11:52,12:55,Pale Yellow,Milky,1.017,5.1,Negative,Trace,Negative,Negative,Negative,Normal,Negative,10-12,1,>20,Nil,Nil,NIL,12.4,5.4,38.6,74,22,32,11.6,40.3,6275,45,24,5,6,0.4,4.21,1.37,0.54,0.12,0.06,135,7.9,16,0.47,17.3,0.9,0.32,0.16,0.37,211,47,101.3,46.7,233.5,144,4.5,2.16,0.46,0.7,0,0.7,56,44,27,47,8,3.9,4.1,0.95,0.6,8.9,4.1563,6.93,139,5.7,98,3.7,108.11,144,178,322,44.72,7.9,180.03,0.5,16.8,208.3,8.07,8.6,5.1,83,10.8,7.32,92,106,89,84
397423,KLTRS10MLT,708151,27/04/2019,07:46,08:19,Dark Yellow,Slightly cloudy,1.02,5.4,Trace,Negative,Negative,Negative,Negative,Normal,Negative,11-13,3,1-2,Few,Few,Parasites,13.2,4.6,29.3,62.7,28,45,13.7,39.3,8584,29,25,6,3,0.5,1.09,1.4,0.03,0.62,0.05,59,9.7,10,0.12,33.8,4.6,0.26,0.9,0.39,182,53,88.7,24.2,121,184,3.4,1.67,0.6,0.3,0,0.3,88,4,23,16,7,4.1,2.9,1.41,1.1,17.9,8.3593,7.6,144,3.6,98,2.4,35.9,197,360,557,35.37,8.1,185.77,0.1,11.7,138.1,8.47,7.8,6,231,11.1,3.08,90,77,109,117
733461,KLTRS14NLZ,900661,24/04/2019,08:58,10:03,Dark Yellow,Clear,1.016,4.8,Trace,Trace,Negative,Negative,Negative,Normal,Negative,11-13,2,3-4,Nil,Nil,Yeast cells,1.6,4,37.1,49.9,4,4,15.5,40.8,10611,60,40,1,6,0,6.05,2.96,0.89,0.49,0.04,238,11,13,0.2,20.3,4.4,0.1,0.12,0.37,182,28,90.6,6.2,31,190,6.5,3.24,0.31,0.8,0.2,0.6,75,7,27,30,8.3,3.8,4.5,0.84,0.9,68.1,31.8027,35.34,143,4.9,95,2.9,118.52,67,242,309,21.68,5.9,122.63,0.9,10.9,159.9,6.82,7.6,5.5,76,11.8,4.53,124,65,73,137
544669,MZLGI09RJK,704134,27/04/2019,06:17,06:52,Yellow,Clear,1.013,5.2,Negative,Trace,Negative,Negative,Negative,Normal,Negative,5-6,0,3-3,Rare,Nil,Mucus threads,14.8,5.8,32.7,95.4,25,45,14.6,41.3,5072,57,10,3,3,0,0.71,1.16,0.47,0.48,0.07,321,10.7,15,0.44,21.6,4.9,0.37,0.23,0.22,196,59,115.1,7.7,38.5,101,3.3,1.95,0.51,0.7,0.3,0.4,59,24,26,10,7.2,3.5,3.7,0.95,1.2,20,9.34,7.78,114,4.9,97,4.5,75.32,134,294,428,31.31,8.1,185.77,0.8,24.8,51.9,47.78,10.1,3.7,147,8.2,0.51,113,85,86,146
841480,MZLGI10GJS,311047,24/04/2019,08:00,09:20,Light Yellow,Clear,1.017,4.9,Trace,Negative,Negative,Negative,Negative,Normal,Negative,TNTC,1,1-2,Nil,Nil,Artifacts,17.7,5.4,51.6,94.7,32,34,11.5,44.1,10373,41,37,6,2,0,1.12,2.73,1.28,0.15,0.02,1003,7.2,11,0.25,40.7,1.8,0.35,0.41,0.11,770,54,149.4,38.4,192,139,14.3,2.77,0.36,0.5,0.1,0.4,107,32,28,19,8.3,3.9,4.4,0.89,0.9,19.3,9.0131,10.01,149,2.7,106,5.2,95.45,102,215,317,32.18,6.4,136.98,0.1,17.6,137.9,12.76,7.7,2.1,93,12.4,1.45,80,84,77,146
942692,MZLGI12BRC,990949,26/04/2019,09:03,09:51,Straw,Clear,1.017,5,Trace,Negative,Negative,Negative,Negative,Normal,Negative,14-15,2,3-3,Nil,Nil,NIL,8,4.2,56.7,97.3,19,14,13.8,41.5,6824,55,42,6,5,1.2,5.33,3.07,0.26,0.43,0.08,304,10,13,0.31,13.9,2.7,0.78,0.36,0.92,161,54,43.6,6.8,34,73,3,0.81,1.24,0.5,0.1,0.4,113,18,39,31,6.3,3.7,2.6,1.42,0.7,10.7,4.9969,7.14,147,5.9,103,6.5,51.89,154,347,501,30.74,6.1,128.37,0.6,15.8,133.2,11.86,10.2,4.8,243,9.1,5.01,92,92,117,139
649915,PBCHD13PBP,831847,25/04/2019,10:20,10:56,Light Yellow,Clear,1.014,6.8,Negative,Trace,Negative,Negative,Negative,Normal,Negative,10-11,0,3-2,Nil,Nil,NIL,9.7,5.4,35.9,74.3,17,27,14,40.7,6533,44,26,8,3,0,2.79,2.59,0.91,0.68,0.01,297,11.3,12,0.22,28.1,5.3,0.76,0.17,0.08,161,47,74.9,105.9,529.5,148,3.4,1.59,0.63,0.5,0.1,0.4,126,34,12,20,6.5,4.6,1.9,2.42,1.2,15.9,7.4253,6.19,139,2.2,97,4,87.77,150,240,390,38.46,7.7,174.29,0.4,139.9,38.5,363.38,7.6,4.4,229,17.3,3.71,186,85,77,298
201573,PBCHD04SKM,527792,26/04/2019,06:17,07:14,Pale Yellow,Clear,1.022,4.9,Negative,Negative,Negative,Negative,Negative,Normal,Negative,4-5,2,1-3,Rare,Nil,NIL,13.7,6.1,35.8,72.5,22,38,13.6,45.8,7913,45,31,2,11,0,5.03,1.3,0.4,0.16,0.02,19,14.8,11,0.1,19.5,4.4,0.69,2.59,0.72,204,56,152.4,19,95,110,3.6,2.72,0.37,13.6,9.1,4.5,119,28,19,57,7.3,4.2,3.1,1.35,0.9,9.4,4.3898,4.88,136,3.7,108,7,96.97,115,216,331,34.74,6.1,128.37,0.9,10,494,2.02,11.8,3.8,169,22,1.32,86,85,61,88
607389,PBCHD03KLC,897356,27/04/2019,09:48,10:54,Light Yellow,Slightly cloudy,1.02,7,3+,2+,Negative,Negative,Negative,Normal,Negative,14-15,2,2-3,Nil,Nil,NIL,16.4,5.2,38.9,97,31,42,13.5,39.6,46087,30,40,6,3,0,0.92,2.87,0.72,0.24,0.1,201,6.7,13,0.08,13.2,3.9,0.25,0.15,0.22,156,52,60.3,35.9,179.5,69,3,1.16,0.86,0.7,0.3,0.4,315,8,12,15,7,3.7,3.3,1.12,0.9,19,8.873,9.86,143,3.6,97,4.4,26.79,93,350,443,20.99,5.9,122.63,0.1,16.7,32.4,51.54,9.4,4.6,85,5.1,2.94,95,67,121,132
472559,GYAHD04KLM,692081,25/04/2019,08:17,09:24,Light Yellow,Clear,1.014,4.9,Trace,Trace,Negative,Negative,Negative,Normal,Negative,11-12,1,2-3,Rare,Nil,Yeast cells,12.8,4.3,53,94.1,29,24,12.9,44.9,8315,43,50,2,12,11.8,1.41,5.79,0.86,0.24,0.09,294,10.4,25,0.26,42.2,5.8,0.24,0.31,0.34,166,42,157.6,74.9,374.5,96,4,3.75,0.27,0.5,0,0.5,63,24,12,28,7.5,3.7,3.8,0.97,1.1,18.1,8.4527,7.68,146,5,108,7.6,92.46,72,258,330,21.82,12.3,306.31,0.6,11.6,91.6,12.66,7.1,5.6,173,18.2,0.92,81,112,86,205
305842,PBCHD02SKM,158939,26/04/2019,11:12,11:47,Light Yellow,Clear,1.01,4.9,Trace,Trace,Negative,Negative,Trace,Normal,Negative,6-8,0,1-2,Nil,Nil,Mucus threads,15.1,5.5,47.4,62.4,27,31,12.4,42.7,8189,45,40,15,22,0,9.51,2.61,0.32,0.31,0.1,270,11.7,14,0.17,30,0.3,0.06,3.55,0.13,198,21,53.2,8.4,42,124,9.4,2.53,0.39,0.6,0.1,0.5,83,34,26,21,8,4.3,3.7,1.16,0.7,18.5,8.6395,12.34,138,4.2,111,6.7,85.29,118,352,470,25.11,7.2,159.94,0.4,10.4,146.5,7.1,11.1,4.7,198,4.3,9.85,92,79,107,183
420673,GYAHD01KAU,944447,27/04/2019,11:23,12:20,Green,Clear,1.013,4.7,Negative,Negative,Negative,Negative,Negative,Normal,Negative,3-4,0,3-3,Nil,Few,NIL,11.4,5.2,45.2,55.9,21,25,12.1,39.9,8131,48,22,5,8,0.3,4.99,1.75,0.51,0,0.08,314,10,17,0.2,34.2,6.4,0.4,0.76,6.1,235,32,90.6,11.9,59.5,86,7.3,2.83,0.35,0.4,0,0.4,71,32,31,20,7.2,4.5,2.7,1.67,0.9,18.1,8.4527,9.39,139,4,98,5.7,112.41,202,360,562,35.94,5.9,122.63,0.4,15.7,139.8,11.23,8.1,3.7,165,17.5,1.68,166,76,108,60
532826,GYAHD08KLM,199264,25/04/2019,11:06,12:04,Straw,Clear,1.02,5.3,Negative,Negative,Negative,Negative,Negative,Normal,Negative,3-4,0,14-9,Nil,Nil,Artifacts,8.8,5.1,51.1,83.4,17,17,14.2,45.3,6424,40,33,4,3,0,7.42,2.06,0.25,0.09,0.07,335,7.5,11,0.41,14.2,0.1,0.17,0.05,0.25,169,31,148.3,55.4,277,211,5.5,4.78,0.21,0.7,0.3,0.4,77,49,20,39,6.5,3.2,3.3,0.97,1.1,19.4,9.0598,8.24,131,2.6,109,7,110.97,116,190,306,37.91,6,125.5,0.5,16.7,29.8,56.04,10.5,3.7,263,9.8,3.31,93,70,84,163
336729,GYAHD09JHJ,391696,24/04/2019,06:10,06:54,Pale Yellow,Clear,1.017,7.4,2+,Negative,Negative,Negative,Negative,Normal,Negative,13-15,5,3-4,Rare,Rare,Amorphous debris,7.5,4.2,53.9,76.5,17,13,12.8,41.2,2766,40,28,4,4,0,7.86,1.03,0.21,0.35,0.17,292,5.3,13,0.08,31.6,3,0.27,0.02,0.2,178,21,74.7,32.5,162.5,86,8.5,3.56,0.28,0.5,0.2,0.3,102,53,28,45,7.7,4.4,3.3,1.33,1.1,13.9,6.4913,5.9,137,2,108,3.1,67.93,96,309,405,23.7,5.9,122.63,0.2,11.2,104.5,10.72,9.4,3.9,87,14.7,0.57,93,79,72,193
391262,MZLGI10APK,171062,26/04/2019,10:03,11:09,Pale Yellow,Clear,1.024,6.6,Trace,Trace,2+,Negative,Negative,Normal,Negative,13-15,1,2-3,Nil,Rare,NIL,18.6,2.6,31.7,108.4,71,58,12.7,39.9,10710,60,22,6,8,0,3.46,2.45,0.11,0.22,0.01,1046,8.5,8,0.21,20.2,2.3,2.16,0.18,0.39,229,22,90.8,78.4,392,189,10.4,4.13,0.24,1,0.3,0.7,54,28,33,30,8.2,5,3.2,1.56,0.8,88.9,41.5163,51.9,140,3.8,108,4.9,90.72,96,111,207,46.38,8.8,205.86,0.4,10.4,77.9,13.35,9.9,3.9,68,6.4,0.78,78,82,122,113
711964,GYAHD01JHJ,488370,25/04/2019,08:27,09:19,Deep Amber,Hazy,1.012,7.8,Negative,2+,Negative,Negative,Negative,Normal,Negative,2-4,1,10-14,Rare,Nil,Artifacts,8.8,5.5,24.9,99.6,16,35,14.4,43.6,5499,60,33,2,5,0,1.86,1.5,0.94,0.36,0.11,287,8.1,11,0.38,20.9,0.9,0.03,0.17,0.5,204,40,174,23.8,119,78,5.1,4.35,0.23,0.5,0.2,0.3,43,30,31,46,6.3,4.3,2,2.15,1.1,10.6,4.9502,4.5,126,4,99,3,110.92,143,150,293,48.81,5.7,116.89,7.6,14.4,52.1,27.64,8.6,2.9,250,20.3,1.84,114,90,225,96
338486,PBCHD09KLC,480437,25/04/2019,07:03,08:29,Straw,Clear,1.008,6.7,Negative,Negative,Negative,Negative,Negative,Normal,Negative,TNTC,2,12-7,Nil,Nil,Artifacts,12.3,6.9,61.3,55.8,17,20,12.1,44.6,10274,38,17,6,0,0,15.36,6.67,0.53,0.33,0.05,135,8.7,15,0.52,48.2,4.8,0.29,4.72,0.23,179,29,60,12.9,64.5,159,6.2,2.07,0.48,0.7,0.1,0.6,87,55,27,35,8,4.1,3.9,1.05,1.1,9.2,4.2964,3.91,149,3.2,107,3.9,103.11,90,270,360,25,6.2,131.24,0.3,161.7,128.6,125.74,9.1,1.8,62,7.3,2.54,134,73,103,176
377217,MZLGI01APK,190762,28/04/2019,06:10,07:06,Light Yellow,Slightly cloudy,1.012,6.6,Negative,Trace,Negative,Negative,Negative,Normal,Negative,TNTC,0,3-2,Nil,Few,NIL,11,4.3,39.8,85.1,25,27,13.1,47.9,4093,53,38,7,2,0,5.15,1.58,0.21,0.23,0.05,359,12,12,0.31,31.4,4.8,0.68,0.71,0.2,180,30,123.2,62.7,313.5,84,6,4.11,0.24,0.7,0.3,0.4,53,53,40,10,7.1,4.3,2.8,1.54,1.1,27.8,12.9826,11.8,145,3.2,102,4.1,98.61,153,317,470,32.55,5.7,116.89,0.9,10.6,31.6,33.54,12.4,3.9,62,8.8,1.63,121,105,83,63
384522,MZLGI01RJK,339067,27/04/2019,11:05,12:23,Pale Yellow,Hazy,1.013,6.5,Negative,2+,Negative,Negative,Negative,Normal,Negative,TNTC,1,16-18,Nil,Nil,NIL,9.9,2.5,29.1,72.7,39,34,13.3,42.3,7884,41,35,1,2,0,1.36,1.6,0.69,0.45,0.12,338,7.5,10,0.27,27,0.1,0.47,0.1,0.88,178,25,50,7.2,36,120,7.1,2,0.5,0.7,0.3,0.4,63,33,17,10,7.9,3.9,4,0.98,1,5.6,2.6152,2.62,147,4.5,99,5.6,102.65,120,257,377,31.83,6.3,134.11,0.8,13.8,67.9,20.32,9.3,3,210,21.7,1.47,86,84,98,121
420599,MZLGI15BRC,806290,24/04/2019,07:28,08:13,Yellow,Clear,1.011,6.9,Trace,Trace,Negative,1+,Negative,Normal,Negative,21-24,0,1-3,Nil,Nil,NIL,11.5,4.4,50.4,62.8,26,22,15.3,32.1,8025,56,40,1,3,0,9.85,2.2,0.49,0.21,0.35,255,8.8,11,0.14,19,3.1,6.78,0.26,0.87,167,20,206.5,97.3,486.5,186,8.4,10.33,0.1,0.4,0,0.4,83,68,36,12,6.3,4.1,2.2,1.86,1.5,224.3,104.7481,69.83,138,3.3,98,6.2,99.92,87,257,344,25.29,8.6,200.12,1,22.2,133.7,16.6,10.3,2.7,162,11.4,3.9,95,181,86,302
233357,PBCHD12RJU,308044,27/04/2019,11:09,12:05,Dark Yellow,Clear,1.01,6.1,Trace,Trace,1+,Negative,Negative,Normal,Negative,2-3,0,15-16,Nil,Nil,NIL,3.7,5.5,32.3,87.2,6,11,11.7,42.1,10417,44,52,5,7,0,5.7,2.96,1.2,0.68,0.05,204,12.5,13,0.1,14.3,2.7,0.26,0.13,0.08,154,43,60.2,25.6,128,170,3.6,1.4,0.71,0.7,0.3,0.4,76,56,29,24,6.6,4.4,2.2,2,0.6,10.4,4.8568,8.09,146,2.7,96,4.6,91.56,108,304,412,26.21,6,125.5,0.3,23.8,100.7,23.63,8.9,3.1,71,7.1,2.59,80,83,77,94
294220,MZLGI11BRC,869381,26/04/2019,06:53,07:39,Green,Opaque,1.016,4.7,Negative,1+,Negative,Negative,Negative,Normal,Negative,13-14,0,3-3,Nil,Nil,NIL,1.2,4.6,57.7,43.3,2,2,12.7,41,9417,47,27,2,5,0,9.99,1.93,0.57,0.38,0.04,378,7.9,17,0.69,31.2,3.2,0.29,0.01,0.08,210,48,88.9,38.3,191.5,128,4.4,1.85,0.54,0.7,0.3,0.4,59,39,36,31,7.2,5,2.2,2.27,1.2,24.2,11.3014,9.42,127,4.7,100,5.4,107.34,94,225,319,29.47,8.7,202.99,0.5,24.4,82.2,29.68,10.5,3.7,181,3.7,2.88,80,70,94,243
630114,PBCHD04CGD,972491,26/04/2019,07:28,08:00,Light Yellow,Clear,1.016,6.5,Negative,1+,Negative,Negative,Negative,Normal,Negative,6-7,49,3-2,Nil,Few,Amorphous debris,9.1,5.3,50.8,89.7,17,17,12,42.3,51689,41,39,5,5,0,3,1.19,0.56,0.19,0.15,110,8.3,11,0.36,20.3,2.7,0.95,0.68,0.17,184,39,67.8,46.8,234,87,4.7,1.74,0.58,1,0.3,0.7,112,43,38,12,6.3,5,1.3,3.85,0.9,155.1,72.4317,80.48,125,5.5,112,5.9,112.67,109,135,244,44.67,7.1,157.07,0.2,10.9,69.2,15.75,12.8,3.2,99,4.1,1.49,81,83,110,107
909602,MZLGI06MHP,458073,26/04/2019,11:16,12:39,Red,Slightly cloudy,1.012,4.6,Negative,Negative,1+,Negative,Negative,Normal,Negative,5-7,1,3-3,Nil,Rare,NIL,15.9,5.5,40.7,97.7,28,39,15.3,41.7,7518,43,55,9,14,0,9.24,2.99,0.43,0.33,0.12,153,7.5,10,0.29,37.6,3.1,0.18,0.07,0.23,222,45,79.8,27.3,136.5,122,4.9,1.77,0.56,0.6,0.1,0.5,78,20,21,27,6.8,4,2.8,1.43,1,24.1,11.2547,11.25,139,3,104,4.5,107.58,96,280,376,25.53,6.8,148.46,0.5,12.8,139.7,9.16,11.5,4.6,102,5.3,1.17,82,78,329,153
232625,KLTRS07WBD,155009,25/04/2019,08:19,09:32,Pale Yellow,Cloudy,1.02,4.8,Negative,Negative,Negative,Negative,Negative,Normal,Negative,8-10,0,2-4,Few,Nil,NIL,14.7,5.9,51.4,58,24,28,13.3,43.2,13034,54,36,5,4,0,0.83,2.07,0.33,0.29,0.09,1098,7.1,16,0.07,29.5,0.1,0.65,6.17,0.8,214,54,187.7,56.6,283,189,4,3.48,0.29,0.7,0.3,0.4,52,50,31,16,7.6,5,2.6,1.92,1,18.6,8.6862,8.69,149,2.6,114,2.9,93.57,88,194,282,31.21,6.3,134.11,0,12.8,186.9,6.85,10.3,3,253,9.6,2.03,102,162,120,70
198071,KLTRS07KLP,342287,26/04/2019,11:29,12:27,Pale Yellow,Opaque,1.014,6.4,Negative,Negative,Negative,Negative,Negative,Normal,Negative,16-18,3,1-3,Rare,Nil,NIL,1.7,6,49.2,77.3,2,3,11,41.1,5079,32,22,6,7,0,5.16,1.91,0.6,0.25,0.07,60,7.3,26,0.31,29.7,2.7,0.31,0.25,1,198,70,185.6,93.7,468.5,180,2.8,2.65,0.38,0.5,0.2,0.3,119,25,38,37,6.5,3.2,3.3,0.97,0.8,13.2,6.1644,7.71,136,3.1,97,2.9,109.97,183,126,309,59.22,9.6,228.82,0.4,21.1,35.7,59.1,11.7,3.2,119,12,7.65,123,71,115,203
154719,GYAHD05JHJ,714320,26/04/2019,06:51,07:51,Orange,Clear,1.024,4.9,Trace,Negative,Negative,2+,Negative,Normal,Negative,79-81,1,1-3,Rare,Rare,NIL,8.6,4.6,54.8,90.7,18,15,13.1,45.4,43625,52,38,4,2,0,3.02,2.73,0.33,0.48,0.03,13,7.8,13,0.19,20.8,4.6,0.03,0.31,0.35,215,41,204.7,36.8,184,97,5.2,4.99,0.2,1,0.3,0.7,52,39,34,39,7.1,5,2.1,2.38,1.1,19,8.873,8.07,136,3.6,102,3.9,114.84,109,127,236,46.19,7.2,159.94,0.4,10.9,37.8,28.84,8.9,3.9,193,6.7,0.77,84,92,113,106
254427,MZLGI15APK,998320,28/04/2019,06:05,07:06,Yellow,Slightly cloudy,1.01,4.8,Negative,Negative,Trace,Negative,Negative,Normal,Negative,51-54,2,1-3,Nil,Nil,Fat droplets or lipiduria,19.6,5,64.8,54.7,39,30,14,44.8,6882,71,19,5,3,0,6.81,1.16,0.72,0.46,0.05,143,11,17,0.28,12.3,4.3,0.06,0.39,0.94,182,38,106.2,57.1,285.5,143,4.8,2.79,0.36,0.7,0.3,0.4,115,21,15,18,6.5,4.2,2.3,1.83,0.7,47.9,22.3693,31.96,140,4.1,102,6,41.91,125,346,471,26.54,10.8,263.26,0.8,15.9,60.7,26.19,11.4,5.2,298,5.9,0.83,73,68,104,246
822437,GYAHD05ODK,135067,24/04/2019,09:51,10:42,Straw,Clear,1.014,5.4,Trace,Negative,Negative,Negative,1+,Normal,Negative,TNTC,2,2-4,Few,Nil,Amorphous debris,17.7,5.8,37.7,85.4,30,46,12.6,41.9,5617,43,24,2,3,0,21.94,1.98,0.74,0.28,0.03,411,10.6,12,0.37,17.3,1.5,0.3,1.6,0.33,171,56,65.2,61.1,305.5,161,3.1,1.16,0.86,0.5,0.2,0.3,177,13,27,48,7.1,3.7,3.4,1.09,0.8,11.1,5.1837,6.48,113,4.8,115,4.2,105.02,67,247,314,21.34,7.8,177.16,0.3,14.2,26.2,54.2,10.2,2.4,114,9.9,4.29,92,233,113,195
993277,GYAHD14JHJ,785650,28/04/2019,11:49,13:16,Yellow,Clear,1.019,4.7,Trace,Trace,Negative,Negative,Negative,Normal,Negative,11-12,0,3-3,Nil,Nil,NIL,6.2,5.1,45.1,40.4,12,13,12.3,39.9,7442,71,37,6,7,0.3,6.18,2.66,0.55,0.06,0.05,362,9.6,11,0.39,21.1,1.5,0.25,0.3,0.51,177,43,122.9,26.1,130.5,101,4.1,2.86,0.35,1,0.3,0.7,110,38,28,31,7.2,4.2,3,1.4,1,16.1,7.5187,7.52,112,3.3,102,3.5,116.02,144,269,413,34.87,6.1,128.37,0.9,20.2,67.9,29.75,9.5,5.1,161,5.8,3.14,106,88,98,89
494695,PBCHD08SKM,960515,25/04/2019,08:55,10:12,Yellow,Clear,1.013,6.7,Trace,Trace,Negative,2+,Negative,Normal,Negative,8-10,0,2-2,Nil,Nil,Artifacts,17,4.3,64.1,97.5,39,26,14.3,41.3,9220,48,16,3,6,0,8.33,2.94,0.5,0.5,0.13,71,10.6,12,0.14,17.9,6.5,0.17,0.6,0.27,787,51,20.5,37.2,186,144,15.4,0.4,2.49,0.9,0,0.9,90,36,15,47,7.1,3.9,3.2,1.22,0.6,14.7,6.8649,11.44,145,4.7,107,2.9,76.74,62,330,392,15.82,8.8,205.86,0.6,27.5,74.3,37.01,10.5,2.1,96,6,3.95,109,89,100,118
832818,GYAHD02KAU,341572,25/04/2019,06:20,07:38,Light Yellow,Slightly cloudy,1.029,6.6,Trace,Trace,Negative,Negative,Negative,Normal,Negative,9-11,2,11-12,Nil,Nil,NIL,16.2,4.8,50.8,84.4,33,31,12,39.5,3728,70,42,5,8,0.7,9.24,1.92,0.22,0.1,0.02,206,8.5,13,0.07,12.6,3.2,0.33,0.04,0.33,176,46,123.6,76.5,382.5,102,3.8,2.69,0.37,0.5,0.1,0.4,114,52,10,27,7.7,4.7,3,1.57,0.7,16.8,7.8456,11.21,144,2.3,113,3,94.19,97,351,448,21.65,6,125.5,0.4,13.7,23.9,57.32,10.1,4.7,253,2.2,5.81,86,72,101,91
301840,KLTRS05NLZ,991955,24/04/2019,07:14,08:26,Yellow,Clear,1.015,5.1,Negative,Trace,Negative,Negative,Negative,Normal,Negative,13-14,0,2-3,Rare,Nil,NIL,19.4,5,33.3,65.4,38,58,13.7,45.5,5116,50,24,6,4,0,5.7,1.3,0.92,0.64,0.11,1006,7.9,10,0.24,16.6,2.8,0.67,0.24,0.38,180,30,84.4,29.2,146,100,6,2.81,0.36,0.2,0,0.2,72,42,39,22,6.5,4.3,2.2,1.95,0.9,14.9,6.9583,7.73,135,4.9,100,6.9,111.43,97,347,444,21.85,5.8,119.76,0.5,28.4,108.8,26.1,8.6,3.5,179,4.7,1.38,133,70,98,147
900968,KLTRS06NLZ,702636,28/04/2019,08:20,09:49,Light Yellow,Clear,1.021,5.4,Trace,Trace,Negative,Negative,Negative,Normal,Negative,TNTC,2,>20,Nil,Nil,NIL,10.1,3.5,47.4,82.8,28,21,13.5,45.2,43173,48,29,10,4,0,5.73,1.97,0.44,0.68,0,116,8.7,11,0.3,25.8,5.5,0.09,0.21,0.13,213,54,86.2,28.3,141.5,95,3.9,1.6,0.63,0.7,0.2,0.5,84,26,28,28,6.8,3.8,3,1.27,3,10.1,4.7167,1.57,139,4.3,107,4,114.38,139,291,430,32.33,6,125.5,0.8,20.6,463.1,4.45,10.6,3.3,188,7,1.56,107,195,92,159
754701,GYAHD02ODK,856873,28/04/2019,06:46,07:21,Yellow,Clear,1.018,6.8,Trace,Negative,2+,Negative,Negative,Normal,Negative,11-12,0,>20,Few,Nil,NIL,22,5,61.9,68.9,44,35,12.4,42.3,9379,43,37,6,2,0,4.38,1.56,0.68,0.35,0.02,80,8.4,17,0.36,30.1,0.1,3.15,0.22,0.99,178,20,97.5,15.1,75.5,75,8.9,4.88,0.21,0.9,0.3,0.6,66,6,35,23,6.6,3.5,3.1,1.13,1,11.9,5.5573,5.56,145,3.5,81,6.7,105.39,146,297,443,32.96,7.6,171.42,0.1,12,128.2,9.36,8.9,3.9,159,13.5,3.75,92,81,79,76
855309,GYAHD05KAU,900512,24/04/2019,06:48,07:51,Yellow,Slightly cloudy,1.024,5.9,Negative,Negative,Trace,Negative,Negative,Normal,Negative,57-61,0,10-17,Rare,Nil,NIL,7.3,4.8,33.7,74.1,15,21,14.4,25.7,8145,57,34,2,5,0,1.29,1.11,0.32,0.14,0.06,178,7.4,17,0.21,36.3,0.2,0.14,0.33,3.13,157,41,96.6,97.9,489.5,148,3.8,2.36,0.42,0.7,0.3,0.4,88,36,6,15,6,3.9,2.1,1.86,0.6,55.2,25.7784,42.96,144,3.6,112,8.4,97.71,106,135,241,43.98,8.2,188.64,0.8,11,146.5,7.51,9.9,4.5,235,10.4,1.13,74,128,86,141
550596,PBCHD05CGD,555505,24/04/2019,11:40,13:05,Pale Yellow,Opaque,1.016,4.9,Negative,Trace,Negative,Negative,Negative,Normal,Negative,TNTC,0,10-12,Nil,Nil,Amorphous debris,3.5,5.7,33.9,71.1,6,10,11.7,40.7,8890,40,15,5,10,0,8.78,2.72,0.83,0.15,0.03,216,13.1,20,0.37,23.8,1.4,0.18,2.27,0.23,175,31,53.6,103,515,130,5.6,1.73,0.58,0.5,0.2,0.3,66,34,9,35,7.9,4.7,3.2,1.47,1.1,13.9,6.4913,5.9,152,4.3,108,3.1,96.6,158,215,373,42.36,5.7,116.89,1,937,110.2,850.27,8.3,3.9,74,7.3,4.68,115,84,81,96
623405,KLTRS13WBD,132720,25/04/2019,08:27,09:00,Light Yellow,Clear,1.011,4.8,3+,Negative,Negative,Negative,Negative,Normal,Negative,20-21,1,2-4,Nil,Nil,NIL,11.7,4.4,43.2,127.9,26,27,12.4,42.3,4017,60,21,4,8,0.9,9.12,2.13,0.75,0.59,0.01,253,11.1,11,0.29,21.9,2.7,0.28,0.26,0.25,213,39,71.8,16.1,80.5,213,5.5,1.84,0.54,18.2,13.7,4.5,118,7,39,21,6.3,4,2.3,1.74,0.8,10.8,5.0436,6.3,133,4.4,96,5.1,127.31,183,336,519,35.26,5.9,122.63,0.3,27.8,86.9,31.99,9.8,3.5,67,9,3.2,71,237,100,392
246923,KLTRS09NLZ,871770,26/04/2019,08:54,10:18,Straw,Cloudy,1.018,6.4,1+,Trace,Trace,Negative,2+,Normal,Negative,12-13,0,3-3,Nil,Nil,NIL,13.9,5.8,64.6,89.5,23,21,12.1,36.8,4171,59,28,6,5,12,0.56,1.38,0.32,0.08,0,128,8.1,11,0.1,33.7,0.6,0.22,0.16,0.01,174,76,171.2,7.5,37.5,200,2.3,2.25,0.44,0.7,0.3,0.4,125,13,38,14,7.4,3.6,3.8,0.95,1.1,13.4,6.2578,5.69,135,4.3,106,2.4,107.4,157,283,440,35.68,6.1,128.37,0.7,21.2,99.5,21.31,8,3.1,168,5.8,3.03,136,80,74,82
467007,MZLGI05MHP,587644,25/04/2019,07:00,07:52,Yellow,Clear,1.018,4.8,Trace,Negative,Negative,Trace,Negative,Normal,Negative,12-14,0,3-4,Nil,Nil,Amorphous debris,12.1,5.3,33.2,119.2,22,36,12.1,42,8437,33,25,4,4,0,21.47,0.43,0.32,0.23,0.08,134,10.1,12,0.31,31.4,1.2,0.1,0.38,0.44,227,65,124,81.5,407.5,146,3.5,1.91,0.52,0.6,0,0.6,56,12,29,22,7.6,3.8,3.8,1,0.6,8.1,3.7827,6.3,140,5.7,101,6.8,112.29,39,266,305,12.79,7.7,174.29,0.6,17.6,79.3,22.19,8.2,6.2,172,8.9,0.27,79,84,76,172
361457,GYAHD10KLM,123975,24/04/2019,09:37,10:09,Light Yellow,Clear,1.022,5.3,Negative,Trace,Negative,Negative,Negative,Normal,Negative,19-21,1,>20,Nil,Nil,NIL,1.5,4.6,42.8,74.5,3,3,13,42,5253,46,52,6,6,0,9.9,2.42,0.31,0.56,0.06,211,8.2,8,0.62,34.8,0.9,0.18,0.09,0.03,168,42,91.8,23,115,154,4,2.19,0.46,0.6,0.2,0.4,102,36,16,37,6.6,3.9,2.7,1.44,0.9,7.8,3.6426,4.05,147,4.3,96,4.1,108.43,110,311,421,26.13,6.3,134.11,0.7,27.8,123.4,22.53,9.2,3.1,185,11.4,2.79,99,192,83,136
345354,MZLGI05MHP,694053,25/04/2019,11:56,13:17,Pale Yellow,Hazy,1.017,5.8,Negative,Trace,Negative,Negative,Negative,Normal,Negative,12-13,1,2-2,Nil,Nil,Fat droplets or lipiduria,19.4,5.8,56.5,75.3,33,34,11.9,40.3,9736,72,27,6,6,0,4.07,2.9,0.04,0.32,0.18,110,10.2,13,0.15,16.7,4.5,0.3,0.05,0.21,234,57,75.1,22.2,111,127,4.1,1.32,0.76,4.9,2.4,2.5,62,114,22,25,7.5,4.5,3,1.5,0.6,10.1,4.7167,7.86,110,8.5,100,9.7,69.14,126,222,348,36.21,9,211.6,0.4,23.6,175.2,13.47,9.4,3.7,123,6.5,10.74,75,76,114,100
795531,KLTRS13ODB,283255,28/04/2019,06:35,07:31,Orange,Hazy,1.011,6.8,Negative,Trace,Negative,Negative,Negative,Normal,Negative,12-14,1,2-2,Nil,Rare,Fat droplets or lipiduria,11.9,5.7,25.7,81.8,20,46,13.1,45.2,4127,41,20,3,23,0,4.83,3.76,0.73,0.42,0.08,392,9.3,11,0.57,24.2,3,0.06,0.36,4.61,179,40,216.7,32.4,162,85,4.5,5.42,0.18,1,0.3,0.7,92,11,32,16,7.5,4.3,3.2,1.34,1.2,50.1,23.3967,19.5,145,4.1,107,4.7,115.84,104,358,462,22.51,7.1,157.07,0,11.5,430.6,2.67,10,3.9,78,8.6,8.09,119,206,79,133
232130,KLTRS10KLP,341645,26/04/2019,11:55,13:19,Dark Yellow,Clear,1.012,6.7,2+,Trace,Negative,Negative,Negative,Normal,Negative,7-9,2,3-4,Rare,Nil,NIL,13.2,4.4,20.2,80.6,30,65,12.1,42.7,24220,36,40,4,4,0,0.71,0.45,0.57,0.5,0.01,200,7.2,18,0.3,17.9,1.8,0.36,1.62,0.03,187,26,94.2,50.5,252.5,100,7.2,3.62,0.28,16.3,11.8,4.5,128,13,19,31,6.4,4.2,2.2,1.91,1.1,15.9,7.4253,6.75,143,4.7,104,4.6,90.04,62,303,365,16.99,7.8,177.16,0.6,18.8,21.9,85.84,10.5,2.9,77,9.7,8.55,154,188,214,108
477983,GYAHD02KLM,740166,26/04/2019,11:18,11:59,Yellow,Clear,1.011,5.6,Negative,Trace,Negative,Trace,Negative,Normal,Negative,1-2,5,2-2,Rare,Few,NIL,15.4,6.7,54.2,90.4,22,28,11.4,39.2,5828,63,20,2,8,0,20.58,0.32,0.63,0.1,0.08,249,6.9,11,0.24,27.8,4.8,0.14,0.61,0.19,223,23,68,6.6,33,101,9.7,2.96,0.34,0.7,0.3,0.4,44,3,43,19,8,4.4,3.6,1.22,0.9,15.9,7.4253,8.25,143,3.8,109,4.4,99.62,96,256,352,27.27,7.8,177.16,0.6,214.7,49.8,431.12,9,2.6,146,11.1,2.14,77,63,89,108
755690,GYAHD03JHJ,565460,28/04/2019,10:05,10:41,Pink,Slightly cloudy,1.021,4.7,Negative,Negative,Negative,Negative,Negative,Normal,Negative,1-2,1,1-4,Nil,Rare,NIL,14.5,5.8,39.8,52.8,25,36,13.8,39.6,8635,59,40,4,6,0,4.11,2.96,0.52,0.34,0.03,370,10.6,15,0.25,24.5,0.1,0.25,0.95,0.03,188,56,54.3,51.8,259,160,3.4,0.97,1.03,1,0.1,0.9,62,50,26,13,7.7,3.7,4,0.93,1,9,4.203,4.2,157,4.6,96,4.2,24.37,69,147,216,31.94,6.2,131.24,0.6,28.6,72.8,39.29,10.4,3.1,96,11.6,0.81,76,84,83,208
959699,GYAHD04JHJ,412820,26/04/2019,07:38,08:47,Yellow,Slightly cloudy,1.019,6.7,Negative,Negative,Negative,Negative,Negative,Normal,Negative,5-6,5,7-15,Few,Nil,Fat droplets or lipiduria,9.1,4.3,46.5,93.3,21,19,14.1,40.4,4556,67,22,6,7,0,5.5,1.32,0.27,0.44,0.05,368,10.6,12,0.34,37.3,3.6,0.39,0.18,0.16,123,46,98.6,54.8,274,117,2.7,2.14,0.47,0.5,0.2,0.3,116,22,33,38,6.7,4.3,2.4,1.79,1,13.8,6.4446,6.44,139,2.8,91,2.7,119.01,155,231,386,40.16,5.8,119.76,0.7,16.8,112.9,14.88,11.4,2.3,123,13.4,5.94,77,108,96,126
769874,KLTRS07TSS,922155,24/04/2019,07:57,08:39,Pale Yellow,Clear,1.018,5,Negative,Negative,Trace,Negative,Negative,Normal,Negative,8-10,0,1-2,Nil,Nil,Parasites,15.9,4.4,52.1,72.1,36,30,13.2,44.4,4040,40,40,3,2,0.4,0.53,1.07,0.5,0.07,0.04,171,9.2,12,0.13,27.5,0.6,0.17,0.1,0.26,202,36,62.1,9.5,47.5,118,5.6,1.73,0.58,0.2,0,0.2,81,8,10,22,6.1,3.6,2.5,1.44,1.2,69.8,32.5966,27.16,125,3.9,96,4.8,98.31,89,260,349,25.5,6,125.5,0.1,199.2,93.3,213.5,8.7,6.7,99,9.3,1.76,124,120,90,117
711955,GYAHD01JHJ,268267,24/04/2019,09:34,10:38,Light Yellow,Slightly cloudy,1.015,6.7,Trace,Trace,Negative,Negative,Negative,Normal,Negative,9-10,2,2-2,Nil,Nil,NIL,17.1,5.3,59.5,70.4,32,28,15,42.4,5945,46,22,6,3,0,1.25,1.88,0.57,0.11,0.07,86,9.9,14,0.09,22.2,1.4,0.39,0.32,0.36,182,49,24.5,27,135,159,3.7,0.5,2,0.3,0,0.3,98,28,13,40,6.9,4.9,2,2.45,1.2,17.3,8.0791,6.73,143,3.1,84,4.5,106,149,308,457,32.6,6.5,139.85,0.8,18.1,94.1,19.23,9.9,3.1,152,9.7,2.18,81,73,124,195
222120,KLTRS10MLT,772271,25/04/2019,10:48,11:46,Deep Amber,Clear,1.019,6,Negative,2+,Negative,Negative,Negative,Normal,Negative,1-3,0,10-11,Few,Nil,NIL,18.1,6,42.8,91.4,30,42,12.4,45.9,8119,31,47,3,3,0,4.12,1.89,0.25,0.95,0.08,783,12.5,26,0.29,13.9,0.1,0.41,0.26,0.05,175,24,71.4,8.2,41,173,7.3,2.98,0.34,0.7,0.3,0.4,69,44,22,23,8.1,4.3,3.8,1.13,0.9,16.6,7.7522,8.61,118,2.1,106,6.8,96.84,83,302,385,21.56,6.4,136.98,0.5,10,83.3,12,9.4,5.9,120,10.7,0.5,97,132,85,95
378058,GYAHD13KAU,921741,28/04/2019,09:12,10:02,Pale Yellow,Cloudy,1.011,4.8,Trace,Trace,Negative,3+,Negative,Normal,Negative,TNTC,1,7-11,Nil,Nil,NIL,10.7,4.7,49.1,57.3,22,21,13.4,41.7,7541,45,23,3,8,0,3.35,1.13,0.93,0.09,0.15,728,9,10,0.37,32.4,4.2,0.19,0.39,0.21,209,35,89.2,24.5,122.5,125,6,2.55,0.39,0.6,0.2,0.4,74,37,12,74,7.7,4.8,2.9,1.66,0.7,14.7,6.8649,9.81,137,4.1,103,6.6,90.24,202,324,526,38.4,5.8,119.76,0.7,986.6,71.4,1381.79,9.5,3.1,282,5.7,9.91,74,89,79,73
270954,GYAHD01JHJ,193494,28/04/2019,06:35,07:46,Pale Yellow,Clear,1.014,6.8,1+,Trace,Negative,Negative,Negative,Normal,Negative,12-14,0,2-3,Rare,Nil,NIL,18.3,4.5,47.6,85.7,40,38,14,42.1,9935,43,40,6,12,0,7.85,1.41,0.06,0.02,0.08,110,13.6,12,0.47,22.5,1.9,0.17,0.9,3.81,104,33,138.9,32.1,160.5,170,3.2,4.21,0.24,0.5,0.1,0.4,72,32,27,25,6.2,4.8,1.4,3.43,1,7.5,3.5025,3.5,144,4.3,105,3.5,80.24,199,353,552,36.05,5.4,108.28,0.2,17.5,140.7,12.44,9.7,4.5,64,8.5,2.67,137,81,74,237
908824,KLTRS06ODB,700815,24/04/2019,06:21,06:54,Orange,Slightly cloudy,1.011,4.3,Trace,Trace,Negative,1+,1+,Normal,Negative,2-4,2,1-2,Nil,Nil,NIL,8.2,5.1,34.1,90.8,16,24,14.2,39.4,10220,56,49,4,11,0,7.45,2.27,0.32,0.51,0.07,316,13.5,13,0.38,22.6,4.1,0.34,0.05,0.14,866,28,42.9,58.1,290.5,139,30.9,1.53,0.65,0.6,0.2,0.4,97,16,33,18,7.7,3.7,4,0.93,1.7,11.5,5.3705,3.16,127,5,103,1.5,119.28,108,274,382,28.27,6.4,136.98,0.1,28.1,104.4,26.92,9.6,2.6,65,10.8,0.36,106,75,108,105
717401,KLTRS13KLP,549750,27/04/2019,06:02,06:36,Light Yellow,Slightly cloudy,1.011,6.8,Negative,Negative,Negative,Negative,Negative,Normal,Negative,6-7,2,3-2,Nil,Nil,NIL,17,8.3,40,94.4,20,42,11.9,40.4,4130,40,19,2,8,0,1.18,2.1,0.36,0.64,0.04,128,7.5,12,0.25,44.8,7.2,3.13,0.36,0.52,184,42,99.2,65.2,326,154,4.4,2.36,0.42,0.5,0.2,0.3,68,42,13,16,6.6,4.8,1.8,2.67,0.9,8.3,3.8761,4.31,134,4.4,102,7,98.7,102,141,243,41.98,6.6,142.72,0.5,21.1,265,7.96,8.7,3.4,102,6.8,5.93,94,96,157,87
728774,KLTRS10WBD,986741,24/04/2019,07:14,08:09,Light Yellow,Clear,1.013,5.9,Trace,1+,Negative,Negative,Negative,Normal,Negative,9-10,2,9-15,Few,Nil,NIL,18.1,5.4,33.5,99.5,33,54,12.4,31.1,10705,42,26,6,6,0,16.68,2.63,0.88,0.07,0.03,268,11.8,14,0.34,14.2,4.8,0.14,0.09,0.03,127,53,93.9,18,90,76,2.4,1.77,0.56,0.3,0.1,0.2,54,23,23,47,7.9,3.8,4.1,0.93,1.1,10.7,4.9969,4.54,137,5.8,110,2.6,112.13,140,118,258,54.26,6.1,128.37,0.9,13.4,175.6,7.63,11.8,4.9,67,4.9,3.61,88,114,113,62
193055,MZLGI14RJK,486874,25/04/2019,07:57,09:05,Deep Amber,Slightly cloudy,1.019,5.3,Negative,Negative,1+,Negative,Negative,Normal,Negative,13-15,2,16-10,Rare,Nil,NIL,21.7,5,49.5,97.6,43,43,11.8,44,5978,34,34,1,12,3,0.75,0.58,0.76,0.02,0.03,10,7.3,17,0.55,21.6,1.5,0.29,0.07,0.2,186,42,33.7,36.1,180.5,109,4.4,0.8,1.25,0.7,0.3,0.4,94,13,12,30,7.2,5,2.2,2.27,0.9,13.5,6.3045,7.01,141,4.6,100,4.5,119.54,102,177,279,36.56,8.1,185.77,0.6,24.6,35.7,68.91,9.6,5.4,145,2.6,14.3,106,144,87,275
416660,KLTRS09TSS,239591,27/04/2019,08:18,09:16,Deep Amber,Cloudy,1.016,6,Trace,Negative,Negative,Negative,Negative,Normal,Negative,11-12,1,1-4,Nil,Nil,NIL,15.9,4.3,29.8,94.6,36,53,12.5,43.5,8466,66,21,8,6,0.4,0.14,2.44,0.88,0.71,0.06,47,7.8,17,0.29,36.7,0.4,0.33,0.15,0.31,232,61,179.5,21.4,107,162,3.8,2.94,0.34,0.7,0.1,0.6,127,12,34,24,6.9,5,1.9,2.63,0.6,15.5,7.2385,12.06,142,4.2,97,6,98.15,93,182,275,33.82,6.2,131.24,0.7,14.9,125.1,11.91,7.9,4.3,348,7.9,0.43,90,71,223,272
222054,GYAHD06KAU,687438,26/04/2019,06:50,07:30,Straw,Clear,1.017,5.9,Trace,Negative,Negative,Negative,Negative,Normal,Negative,11-13,1,3-4,Nil,Rare,NIL,9.7,4.8,38.4,82.5,20,25,9.8,45,6916,57,21,3,3,0,10.04,2.4,0.84,0.53,0.07,120,7.3,19,0.15,13.4,5,0.09,3.81,0.03,214,21,87.2,28.5,142.5,150,10.2,4.15,0.24,0.7,0.3,0.4,76,25,24,37,6.8,3.8,3,1.27,0.9,10.5,4.9035,5.45,116,6,115,5.2,103.02,119,133,252,47.22,6.3,134.11,0.9,13.1,136.4,9.6,10.4,5.3,233,11.6,2.86,85,80,70,199
159524,PBCHD06NLM,628860,24/04/2019,07:51,08:23,Dark Yellow,Clear,1.012,4.9,4+,Negative,Negative,Negative,Negative,Normal,Negative,12-14,2,2-2,Nil,Rare,Parasites,11.1,5.4,35.8,99.6,20,31,13.7,45.5,9994,52,32,5,12,0,4.76,0.34,0.45,0.61,0.04,447,9,13,0.25,28.2,2.2,0.33,0.27,0.7,230,27,70.6,71.9,359.5,80,8.5,2.61,0.38,0.3,0,0.3,114,39,35,9,6.9,4.8,2.1,2.29,2.8,11.2,5.2304,1.87,145,6.7,97,2.1,114.12,163,360,523,31.17,5.8,119.76,6.9,12.1,78.9,15.34,11.4,4.3,297,11.4,0.07,89,159,116,103
593777,GYAHD02ODK,839432,27/04/2019,10:04,10:34,Pale Yellow,Clear,1.019,6.8,Negative,Trace,Negative,Negative,Negative,Normal,Negative,TNTC,2,1-2,Nil,Nil,Mucus threads,1.4,4.4,38.2,98.8,3,3,13.9,40.5,2536,50,14,19,6,0,2.32,1.3,0.39,0.1,0,197,9.8,17,0.14,33.9,0.1,0.24,0.74,0.15,161,44,81.6,37.6,188,71,3.7,1.85,0.54,0.7,0.3,0.4,96,24,8,45,8.2,4,4.2,0.95,0.7,14,6.538,9.34,138,2.8,97,2.4,106.59,169,111,280,60.36,5.9,122.63,0.6,23.2,71.4,32.49,9.2,3.3,193,11.8,9.56,84,102,101,251
591481,KLTRS01ODB,496629,24/04/2019,10:49,11:51,Pale Yellow,Slightly cloudy,1.004,7.6,Trace,Negative,3+,Negative,Negative,Normal,Negative,43-47,0,1-4,Nil,Nil,Yeast cells,7.6,5.5,43.9,90.7,13,17,13.9,44.4,5203,39,45,4,4,0,6.48,1.54,0.01,0.59,0.01,355,17.4,15,0.25,23.7,4.8,0.56,0.23,0.12,237,48,117.3,35.2,176,63,4.9,2.44,0.41,0.5,0.2,0.3,99,9,17,17,7.4,4,3.4,1.18,0.8,19.7,9.1999,11.5,137,3.6,106,3.3,114.32,129,294,423,30.5,8.2,188.64,0.4,624.9,130.2,479.95,8,2.9,141,5.2,0.25,99,77,83,105
330274,PBCHD01GAM,820810,24/04/2019,08:08,09:29,Pale Yellow,Hazy,1.018,6.8,2+,Trace,Negative,Negative,Negative,Normal,Negative,10-12,0,1-4,Nil,Few,Mucus threads,2.5,5.2,38.3,84.3,4,6,12.4,39.9,4333,36,42,2,15,0.1,18.61,1.89,1.17,0.53,0.01,594,9.8,25,0.23,27.6,3.5,0.19,0.01,0.22,205,53,166.6,46.7,233.5,155,3.9,3.14,0.32,0.6,0,0.6,48,21,35,18,6.4,3.8,2.6,1.46,0.8,7.7,3.5959,4.49,142,4.3,100,2.1,108.44,148,348,496,29.84,6,125.5,0,16.9,94.7,17.85,11.5,5.6,208,16.4,0.53,99,97,125,100
542747,PBCHD02NLM,296493,24/04/2019,09:49,10:27,Pale Yellow,Slightly cloudy,1.016,6.7,Trace,Negative,Negative,Negative,1+,Normal,Negative,75-76,0,3-2,Nil,Rare,NIL,15.4,4.2,38.4,79.9,36,40,14.5,42.4,2944,42,33,1,11,0.1,5.87,2.6,0.38,0.44,0.05,18,8.5,13,0.09,16.7,3.1,2.23,0.84,0.78,168,27,164.4,36.1,180.5,148,6.2,6.09,0.16,0.3,0.1,0.2,73,13,21,46,6.4,4.5,1.9,2.37,1.2,6,2.802,2.34,140,4.2,108,5.8,105.03,124,145,269,46.1,7,154.2,0.4,23.9,134.1,17.82,7.6,2.5,67,12.6,0.38,96,93,98,137
669255,KLTRS12KLP,742932,25/04/2019,07:25,08:02,Yellow,Clear,1.019,6.8,Trace,Negative,Negative,Negative,Negative,Normal,Negative,8-10,2,3-4,Few,Nil,NIL,20.2,4.9,35.8,79.8,41,56,14.2,40.1,4605,51,17,2,13,0,2.11,1.04,0.72,0.21,0.06,280,7.1,14,0.56,14.1,5.5,4.01,0.4,0.2,165,54,79.4,27.4,137,161,3.1,1.47,0.68,0.6,0,0.6,70,27,10,41,6.6,3.6,3,1.2,1,19.8,9.2466,9.25,110,2.3,103,8.2,103.33,191,155,346,55.2,6.3,134.11,0.7,17.3,120.9,14.31,6.7,2.2,139,18.4,1.85,102,104,213,398
863285,MZLGI05MHP,942309,24/04/2019,06:48,07:37,Light Yellow,Slightly cloudy,1.026,7,Trace,Trace,Trace,Negative,Negative,Normal,Negative,3-4,0,3-2,Nil,Nil,NIL,8.6,5.2,43.7,96.6,16,19,16.6,41.8,10362,32,23,5,2,0,9.94,0.38,0.38,0.39,0.1,405,7.5,11,0.21,12.8,0.8,4.9,0.2,5.31,182,57,83.9,28.5,142.5,64,3.2,1.47,0.68,0.6,0.2,0.4,74,51,18,43,8.1,4.5,3.6,1.25,0.3,18.1,8.4527,28.18,148,4.7,115,5.6,106.5,145,353,498,29.12,7.8,177.16,0.7,28,146.3,19.14,13.4,2.6,127,11.3,2.43,105,84,62,128
334314,GYAHD10KLM,158030,25/04/2019,08:42,10:05,Light Yellow,Cloudy,1.038,7,Negative,Negative,Negative,Negative,Negative,Normal,Negative,14-15,5,1-4,Rare,Nil,Mucus threads,16.8,5.5,21.9,85.2,30,76,10.7,30.5,9666,50,27,1,3,0,0.6,1.95,0.29,0.3,0.05,278,11.7,12,0.22,34.4,1.8,0.87,0.05,0.77,113,54,90,34.6,173,180,2.1,1.67,0.6,0.8,0.3,0.5,89,13,40,27,6.9,3.5,3.4,1.03,1,7.9,3.6893,3.69,144,4.9,100,6.5,110.59,152,282,434,35.02,6.1,128.37,0.7,16.2,413.3,3.92,9.2,2.7,42,7.8,4.69,82,85,84,295
447952,GYAHD03JHJ,150688,25/04/2019,10:28,11:52,Yellow,Slightly cloudy,1.017,5.3,Trace,Negative,Negative,Negative,Negative,Normal,Negative,13-14,2,3-4,Rare,Few,Fat droplets or lipiduria,8.6,5.3,19.9,72.3,16,43,11.6,34.2,5185,72,36,2,5,0,4.01,0.26,0.97,0.15,0,142,15.5,13,0.58,27.9,2.4,0.31,0.21,1.79,181,68,89.1,51.5,257.5,62,2.7,1.31,0.76,0.7,0.3,0.4,91,13,18,10,7.4,4.9,2.5,1.96,1.1,7.7,3.5959,3.27,148,1.8,106,2.8,125.16,69,242,311,22.19,6,125.5,0.9,20.6,75.1,27.43,10.6,2.8,256,8.1,6.67,87,72,243,113
496533,KLTRS02MLT,695659,24/04/2019,10:36,11:18,Light Yellow,Clear,1.017,5.3,Trace,3+,Negative,Negative,1+,Normal,Negative,2-3,1,3-3,Nil,Nil,Mucus threads,10.9,5.4,50.3,94.9,20,21,13,45.4,5817,55,25,2,6,0,6.29,1.4,0.83,0.22,0.08,418,7.4,10,0.29,44.3,3.2,0.04,0.12,0.02,167,44,74.1,15.9,79.5,150,3.8,1.68,0.59,0.8,0.2,0.6,76,89,15,44,8.3,4.2,4.1,1.02,0.7,38.6,18.0262,25.75,137,3.7,107,3,102.46,90,360,450,20,8.4,194.38,0.3,17.1,113.1,15.12,10.5,5.6,191,7.9,2.72,119,96,70,199
298118,PBCHD08MHS,302860,25/04/2019,07:27,08:46,Pale Yellow,Clear,1.012,6.7,Trace,Negative,Negative,Negative,3+,Normal,Negative,6-8,0,3-3,Nil,Nil,Artifacts,14.2,5.5,34.5,90.1,25,41,13.8,45.9,3519,46,24,2,2,0,4.03,2.81,0.03,0.32,0.04,449,11,18,0.62,43.3,2.2,0.04,0.1,0.5,151,44,109.9,90.2,451,124,3.4,2.5,0.4,0.4,0,0.4,63,37,10,14,8,3.9,4.1,0.95,0.7,18.1,8.4527,12.08,130,4.4,105,5.6,100.11,106,210,316,33.54,5.8,119.76,0.7,12.2,75.5,16.16,10.3,3,139,19.1,2.08,103,131,81,298
888613,MZLGI06GJS,341964,27/04/2019,10:36,11:48,Orange,Clear,1.017,6.4,Negative,Negative,Negative,Negative,Negative,Normal,Negative,6-7,2,1-2,Nil,Nil,NIL,19.2,6.2,39.5,66.6,30,48,13,42.4,5045,51,32,17,3,0,8.83,4.89,0.68,0.28,0.37,217,11.5,14,0.08,35.4,0.1,0.28,6.08,0.29,230,38,33,34.3,171.5,133,6.1,0.87,1.15,0.7,0.3,0.4,81,56,19,22,8.3,3.9,4.4,0.89,1.2,16.7,7.7989,6.5,147,3.9,100,3.9,118.13,62,221,283,21.91,7.6,171.42,0.7,23.4,30.2,77.48,11.7,4,194,7.2,0.9,75,61,101,94
311532,GYAHD14KAU,160183,24/04/2019,06:53,07:23,Dark Yellow,Hazy,1.015,5.5,Negative,Trace,Negative,Negative,Trace,Normal,Negative,9-11,0,9-9,Nil,Nil,Fat droplets or lipiduria,14.3,4.4,30.3,78.7,32,47,11.7,39.6,9536,48,36,5,4,0.8,0.71,7.27,0.79,0.01,0.01,280,13.2,11,0.32,23.8,0.5,6.72,0.09,0.17,164,59,139.5,20.9,104.5,66,2.8,2.36,0.42,0.6,0.1,0.5,87,9,24,13,8.3,3.9,4.4,0.89,0.8,12.8,5.9776,7.47,148,4.1,96,5.9,106.42,67,121,188,35.64,6.2,131.24,0.2,16.8,249.7,6.73,10.5,4.1,338,14.4,3.89,121,92,200,105
577806,PBCHD04PBP,550665,24/04/2019,08:35,09:12,Red,Slightly cloudy,1.025,5.5,Trace,Negative,Negative,Negative,Negative,Normal,Negative,13-15,2,9-14,Nil,Nil,NIL,14,5.4,54.8,96.7,25,25,12.6,44.6,9869,74,40,5,22,0,0.81,2.63,0.8,0.33,0.05,69,11.8,11,0.24,43.2,2.6,0.19,0.06,0.08,157,40,83.5,21.3,106.5,89,3.9,2.09,0.48,0.5,0.1,0.4,53,40,26,38,6.4,4,2.4,1.67,0.9,8.5,3.9695,4.41,129,2.9,108,4.2,90.66,164,120,284,57.75,6.4,136.98,0.2,21.6,74.1,29.15,11.4,3.5,77,12.1,1.12,121,87,75,179
958793,MZLGI07BRC,676284,27/04/2019,06:26,07:46,Yellow,Slightly cloudy,1.006,6.6,Trace,Negative,Negative,Negative,Trace,Normal,Negative,6-7,1,3-2,Nil,Nil,Artifacts,16.4,4.4,44.4,80.3,37,36,12.1,45.8,4481,39,44,14,7,2.2,4.99,3.58,0.99,0.11,0.03,407,12.5,11,0.37,25.8,0.1,5.12,0.26,0.22,159,52,96.4,33.8,169,107,3.1,1.85,0.54,0.6,0,0.6,107,107,33,15,6.6,4.8,1.8,2.67,0.9,17.3,8.0791,8.98,138,4.5,110,5.9,98.99,178,136,314,56.69,6.2,131.24,4.9,11.5,180,6.39,10.5,5.2,150,5.4,1.86,99,183,140,177
771939,MZLGI13GJS,668706,25/04/2019,10:59,12:01,Yellow,Clear,1.016,4.8,Negative,Trace,Negative,Negative,Negative,1+,Negative,9-10,1,2-4,Nil,Few,NIL,7.4,4,60.7,81.1,18,12,13.6,43.9,5411,58,26,5,3,0,3.41,1.41,0.63,0.31,0.04,95,12.6,17,0.31,34.2,1.4,0.34,0.74,1.69,198,57,70.9,32.7,163.5,184,3.5,1.24,0.8,0.4,0.1,0.3,86,9,22,29,8.2,4,4.2,0.95,0.6,14.6,6.8182,11.36,136,3.9,87,2.4,91.57,154,149,303,50.83,6.4,136.98,0.8,15.1,245.7,6.15,10.5,3.3,237,5.5,2.2,84,102,73,241
838694,GYAHD02JHJ,222930,24/04/2019,06:01,07:26,Pink,Slightly cloudy,1.015,6.9,Negative,Negative,Negative,Negative,Negative,Normal,Negative,12-13,2,15-8,Nil,Nil,NIL,12,5.3,46.2,82.7,22,25,12.6,43.2,7335,59,53,6,2,0,7.59,1.85,0.21,0.05,0.42,20,14.3,15,0.32,16.2,4.6,4.28,0.36,0.13,164,34,142.5,100.2,501,87,4.8,4.19,0.24,0.7,0.3,0.4,87,33,22,40,6.9,4.3,2.6,1.65,0.8,6.6,3.0822,3.85,139,4.1,95,5.6,109.42,144,128,272,52.94,7.7,174.29,0.3,18.2,27.8,65.47,9.2,6,83,13.4,7.5,79,102,82,148
931141,GYAHD06KAU,863093,27/04/2019,08:34,09:29,Straw,Clear,1.017,6.3,Negative,Negative,Negative,Negative,Negative,1+,Positive,9-10,2,1-2,Rare,Nil,NIL,15.6,5.3,42.1,121,29,37,13,39.6,3943,43,32,2,18,0,8.56,2.59,1.19,0.48,0.01,334,8.2,11,0.4,21.5,3.5,0,0.03,4.01,167,28,78.9,37.4,187,69,6,2.82,0.35,0.5,0.2,0.3,80,31,18,47,8.1,4.7,3.4,1.38,1.1,29.3,13.6831,12.44,145,4.9,104,11.8,51.08,180,353,533,33.77,8.7,202.99,23,25.8,112.6,22.91,8.6,5,210,7.1,9.47,151,95,78,164
797239,KLTRS03KLP,326901,28/04/2019,10:02,10:45,Pale Yellow,Clear,1.02,5,Trace,Negative,Negative,Negative,Trace,Normal,Negative,12-14,1,12-14,Nil,Nil,NIL,14.4,4.7,43.1,79,30,33,13.8,47.6,31953,40,32,1,5,0.5,4.86,1.79,0.32,0.29,0.05,147,10,11,0.32,26.1,3.2,0.24,0.71,0.14,221,33,92.5,15.6,78,216,6.7,2.8,0.36,9.5,5,4.5,81,52,21,42,7.1,4.4,2.7,1.63,1.2,8.2,3.8294,3.19,131,3.6,98,5.8,105.65,141,128,269,52.42,8,182.9,0.8,17.7,261.1,6.78,9.6,5.5,160,4.7,2.51,113,62,121,155
438769,GYAHD13KAU,449680,27/04/2019,07:53,09:08,Pale Yellow,Clear,1.019,5.5,Trace,Trace,Negative,Negative,1+,Normal,Negative,10-11,0,2-4,Rare,Nil,Fat droplets or lipiduria,8.1,4.6,42.5,75.8,17,19,11.6,39.4,8682,31,43,10,4,0,5.29,1.44,0.36,0.22,0.27,48,7.5,14,0.38,24.3,1,0.2,4.59,0.34,166,38,143.8,7.1,35.5,125,4.4,3.78,0.26,0.6,0.1,0.5,128,6,14,33,5.3,4.1,1.2,3.42,1,5.8,2.7086,2.71,141,4.8,105,2.1,115.69,167,245,412,40.53,6,125.5,0.2,16.6,143,11.61,13,6.9,157,11.9,0.14,99,66,291,136
249121,PBCHD14GAM,230305,28/04/2019,09:33,10:08,Yellow,Hazy,1.014,6.5,1+,Trace,Negative,Negative,Negative,3+,Negative,3-4,1,1-3,Nil,Few,Amorphous debris,14.9,4.1,37.6,44,36,39,14.1,43.2,4655,33,33,2,3,0,2.94,2.59,1.36,0.62,0.07,447,7.3,13,0.31,28.1,1.4,0.31,0.01,0.16,229,67,42.2,31.8,159,67,3.4,0.63,1.59,2.2,0.3,1.9,111,11,35,13,6.5,4.4,2.1,2.1,1,32.9,15.3643,15.36,142,2.8,104,7,118.92,132,321,453,29.14,5,96.8,0.5,21.8,75.6,28.84,9.9,3.9,52,9.1,2.21,103,173,103,115
307473,GYAHD13KLM,236122,27/04/2019,06:01,06:49,Straw,Slightly cloudy,1.023,5.5,Trace,Negative,2+,Negative,Negative,Normal,Negative,8-9,1,2-3,Nil,Nil,NIL,8.8,4.9,39,91.8,17,22,12.1,45.5,8637,56,23,9,6,0.3,3.28,1.3,0.37,0.02,0.06,344,13.8,10,0.58,34.5,2.8,0.2,0.05,0.19,154,29,77,5.7,28.5,70,5.3,2.66,0.38,1,0.3,0.7,88,11,12,11,7.2,5,2.2,2.27,1.2,19.2,8.9664,7.47,125,4.4,90,5.9,38.14,138,328,466,29.61,13.2,332.14,0.4,162,114.1,141.98,9.6,2.3,94,6.7,0.09,82,92,77,157
353451,PBCHD03GAM,885456,27/04/2019,10:45,11:36,Pale Yellow,Hazy,1.015,5.9,Negative,Negative,Negative,Negative,Negative,Normal,Negative,TNTC,16,2-3,Nil,Nil,NIL,17.5,5.2,33.4,89.8,33,52,16.1,44.7,3442,40,33,1,11,0,4.98,2.79,0.5,0.76,0.05,1122,7.9,15,0.32,25.6,0.1,0.06,0.14,0.33,193,54,55.5,63.7,318.5,71,3.6,1.03,0.97,0.3,0,0.3,125,40,14,13,7.9,4.8,3.1,1.55,0.9,12.9,6.0243,6.69,141,4.2,90,3,112.36,128,352,480,26.67,7.4,165.68,0.8,15.6,59,26.44,10.6,6.9,180,5.3,9.92,121,78,99,137
154886,PBCHD08RJU,657801,25/04/2019,10:25,11:26,Dark Yellow,Clear,1.014,4.9,Negative,Trace,Trace,Negative,Negative,Normal,Negative,4-6,0,1-4,Nil,Nil,NIL,13,2.2,53.2,89.4,59,24,12.6,45.9,8066,43,29,4,5,0,0.65,2.69,0.21,0.24,0.08,414,11.6,11,0.36,26.5,1.3,0.68,0.18,4.64,177,54,42.1,7.4,37,155,3.3,0.78,1.28,0.8,0.1,0.7,83,30,39,14,6.6,4.5,2.1,2.14,1,15.3,7.1451,7.15,120,5.1,112,4.6,101.51,82,207,289,28.37,7.4,165.68,0.8,15.1,109.5,13.79,9.5,3.2,77,3.1,2.45,106,138,127,84
332624,KLTRS14WBD,632017,28/04/2019,08:15,09:15,Pale Yellow,Slightly cloudy,1.011,4.9,Negative,Trace,Negative,Negative,Negative,Normal,Negative,TNTC,1,1-2,Few,Nil,NIL,10.7,5.9,14.4,97.2,18,74,12.2,45.3,10092,40,27,1,5,0,3.52,2.75,1.07,0.13,0.08,197,6.5,16,0.26,27.6,2.9,0.31,0.29,0.05,181,23,127.1,9.1,45.5,147,7.9,5.53,0.18,0.5,0.2,0.3,53,21,18,23,6.2,3.7,2.5,1.48,1,11.3,5.2771,5.28,121,4,106,4.6,47.71,136,357,493,27.59,7,154.2,0.7,24.8,97.4,25.46,9.6,3.7,199,13.9,1.18,85,92,161,84
943686,PBCHD03PBP,682108,26/04/2019,06:26,07:32,Light Yellow,Clear,1.01,4.7,1+,Trace,Negative,Negative,Negative,Normal,Negative,14-15,4,7-17,Rare,Nil,NIL,14.8,5.1,30.5,92.7,29,48,15.9,46.2,9847,76,15,1,2,2.6,19.84,7.28,0.77,0.74,0,273,14.5,13,0.38,43.3,1.1,0.27,0.22,0.9,174,26,94.8,6.3,31.5,161,6.7,3.65,0.27,0.6,0.2,0.4,60,38,24,28,8.3,4.7,3.6,1.31,1.8,33.8,15.7846,8.77,141,4.7,107,6.9,128.56,106,168,274,38.69,8.9,208.73,0.4,24.4,98.6,24.75,12.8,4,206,6.6,1.3,113,88,120,290
350097,MZLGI02APK,603266,24/04/2019,06:48,07:30,Light Yellow,Hazy,1.013,5.5,3+,Trace,Negative,Trace,Negative,Normal,Negative,7-8,2,1-4,Rare,Moderate,Fat droplets or lipiduria,7.3,4.1,33.6,90.7,17,21,14.2,42,9863,31,18,8,7,0,9.21,2.27,0.3,0.48,0.09,308,11.7,17,0.08,17.4,0.1,0.05,0.04,0.4,185,21,106.4,8.5,42.5,95,8.8,5.07,0.2,0.7,0.3,0.4,65,7,30,35,6.2,5,1.2,4.17,0.7,39.1,18.2597,26.09,138,3.8,105,2.6,107.89,102,349,451,22.62,8,182.9,0.4,21.7,441,4.92,11.6,3.3,119,12.2,5.61,83,68,75,252
383910,PBCHD06CGD,402163,28/04/2019,09:54,10:42,Pale Yellow,Hazy,1.018,5.7,Trace,Trace,Negative,1+,Negative,Normal,Positive,3-5,2,1-2,Nil,Nil,Fat droplets or lipiduria,5.3,5.4,51.8,95.5,9,10,13.7,43.4,8268,41,53,4,5,0,8.92,1.27,0.14,0.18,0.14,433,8.8,23,0.36,25.8,4.9,0.23,0.25,0,234,43,68.4,34.5,172.5,90,5.4,1.59,0.63,0.7,0.3,0.4,157,43,21,28,7.6,3.6,4,0.9,0.6,10.8,5.0436,8.41,130,4,97,7.5,109.01,135,173,308,43.83,6.4,136.98,0.9,12.8,148.7,8.61,11.6,4.9,98,3.9,0.42,93,86,107,158
809898,MZLGI14BRC,840779,28/04/2019,09:35,10:20,Pale Yellow,Cloudy,1.029,4.5,Negative,Trace,Negative,Negative,Negative,Normal,Negative,9-10,1,2-4,Nil,Nil,Fungal elements,14,4.2,43.8,87.8,33,31,14.3,40.5,35705,58,23,6,2,0,9.5,2.06,0.07,0.45,0.06,392,8.2,11,0.21,18.5,2.7,0.25,0.14,0.05,184,30,92.9,41.7,208.5,69,6.1,3.1,0.32,0.7,0.3,0.4,67,90,22,34,8,4.1,3.9,1.05,1.2,7,3.269,2.72,121,3.9,101,4.6,96.53,148,270,418,35.41,6.1,128.37,3,11.3,34.4,32.85,10.2,6,140,6,3.73,80,77,199,288
798195,PBCHD14CGD,855050,26/04/2019,11:04,11:45,Straw,Slightly cloudy,1.018,6.6,Trace,Trace,Negative,Negative,Negative,Normal,Positive,5-6,2,1-4,Nil,Few,Yeast cells,10.9,4.9,32.4,96.3,22,33,14.5,44.3,4565,58,29,2,8,0,1.2,2.33,0.14,0.36,0.04,436,11.3,17,0.2,20.2,2.5,0.09,0.68,0.01,195,75,127.1,28.2,141,139,2.6,1.69,0.59,0.3,0.1,0.2,54,37,23,93,6.4,4,2.4,1.67,1.1,16.2,7.5654,6.88,145,3.2,96,4,96.18,191,185,376,50.8,7.5,168.55,0.9,206.6,132,156.52,9.6,6.6,180,13.4,0.15,86,83,70,244
260469,MZLGI05BRC,759905,26/04/2019,10:18,11:29,Dark Yellow,Clear,1.014,4.6,Negative,1+,Negative,Negative,Negative,Normal,Negative,8-10,1,1-3,Nil,Nil,NIL,8.5,7.5,48.7,90.6,11,17,12.8,45.8,10525,58,28,3,4,0,8.82,2.17,0.33,0.35,0.07,435,10.5,11,0.22,44.3,3,0.26,0.21,0.01,237,35,84.5,58.4,292,176,6.8,2.41,0.41,0.8,0.2,0.6,42,34,23,25,6.7,5.4,1.3,4.15,1.6,6.4,2.9888,1.87,138,3.8,103,6.6,110.83,145,180,325,44.62,5.3,105.41,0.4,16.5,143.2,11.52,9.7,2.2,177,11.6,10,74,90,92,186
263143,KLTRS12NLZ,924558,27/04/2019,10:28,11:25,Light Yellow,Clear,1.018,4.5,2+,2+,Negative,Negative,Negative,Normal,Negative,12-13,2,1-3,Nil,Moderate,Mucus threads,16.8,5.5,37,70.5,30,45,11.6,44.3,4085,50,32,2,6,0.6,9.31,1.56,0.3,0.19,0.02,799,10.7,15,0.3,28.3,1,0.02,2.02,0.26,105,50,94.4,21.3,106.5,93,2.1,1.89,0.53,0.7,0.2,0.5,121,35,37,23,6.3,3.5,2.8,1.25,1.2,9.6,4.4832,3.74,108,5.8,89,3.1,99.25,173,268,441,39.23,6.3,134.11,0.8,20.1,130.1,15.45,8.1,4.1,49,17.4,2.41,71,98,99,78
159830,KLTRS12TSS,500323,27/04/2019,09:41,11:03,Straw,Hazy,1.013,5.1,Negative,1+,Negative,Negative,Negative,Normal,Negative,48-53,1,1-4,Moderate,Rare,Yeast cells,2,5.1,20.6,77.1,3,9,12.3,38.8,5668,58,19,6,6,0,0.77,1.19,0.35,0.3,0.17,158,7.1,17,0.37,32.3,2.1,2.23,0.48,3.6,237,37,75,88.4,442,87,6.4,2.03,0.49,0.9,0.2,0.7,79,15,13,25,7.1,4.9,2.2,2.23,0.7,12.2,5.6974,8.14,145,4.5,113,2.6,93.57,122,107,229,53.28,5.9,122.63,0.3,12.8,100.2,12.77,8.7,4.3,206,21.2,2.63,142,76,244,185
377365,GYAHD14ODK,452523,25/04/2019,10:01,11:05,Light Yellow,Hazy,1.013,5.6,Trace,Trace,1+,Negative,Negative,Normal,Negative,64-65,2,3-2,Nil,Nil,NIL,8.7,6.4,49.6,87.7,13,17,16.6,42.9,5918,62,15,6,23,2,8.47,0.64,0.73,0.22,0.01,156,8.1,18,0.16,17.3,2.2,0.92,0.04,0.4,157,45,85.5,32.3,161.5,74,3.5,1.9,0.53,0.7,0.3,0.4,59,73,32,12,6.5,3.8,2.7,1.41,0.9,9.9,4.6233,5.14,144,5.9,102,4.1,95.55,78,157,235,33.19,10.7,260.39,0.4,24.5,51.3,47.76,10.5,2.8,190,12.5,3.88,120,77,114,217
612044,MZLGI11GJS,204178,25/04/2019,08:35,09:11,Pale Yellow,Slightly cloudy,1.015,6.2,Trace,Trace,Negative,Negative,Negative,Normal,Negative,3-4,3,3-3,Nil,Nil,NIL,2.8,4.7,44,91.8,5,6,13.7,45.1,39371,49,48,1,7,0,1.85,2.05,0.27,0.08,0,1093,10.6,14,0.64,41.5,2.5,0.23,0.22,0.01,173,73,93.9,35.3,176.5,80,2.4,1.29,0.78,0.6,0.1,0.5,64,15,22,34,7.4,4.2,3.2,1.31,1,7.7,3.5959,3.6,142,4.8,102,5,109.48,112,345,457,24.51,6.2,131.24,0.7,17.4,63.7,27.32,11.4,2.7,125,6.7,0.71,202,89,326,155
279535,MZLGI03RJK,262658,28/04/2019,09:07,10:32,Straw,Hazy,1.014,6.9,Negative,Trace,Negative,Negative,Negative,Normal,Negative,3-4,1,3-4,Nil,Nil,NIL,21.3,5.3,47.7,95.6,40,44,11.9,42.4,7884,45,20,6,8,0,1.47,2.56,0.53,0.36,0.07,387,10,16,0.34,12.2,6.3,0.03,0.79,0.72,176,53,126.7,35.5,177.5,77,3.3,2.39,0.42,0.9,0.2,0.7,310,43,10,30,6.4,4.8,1.6,3,1.4,9.4,4.3898,3.14,139,3.7,112,4.2,109.87,220,279,499,44.09,7.2,159.94,0.1,23.4,79.9,29.29,8.9,2.9,144,6.5,2.89,116,70,75,176
498582,MZLGI14RJK,181255,25/04/2019,10:10,11:37,Light Yellow,Clear,1.021,5.6,Trace,Trace,Negative,Negative,Negative,Normal,Negative,12-13,2,3-3,Nil,Nil,NIL,17.2,4,34.4,94.2,43,50,13,43.4,43764,47,25,1,10,0,4.44,2.9,0.55,0.35,0.02,427,8.8,5,0.19,24.7,0.3,0.26,0.23,0.16,193,74,82.7,8.3,41.5,105,2.6,1.12,0.89,0.7,0.2,0.5,44,25,10,16,6.3,4,2.3,1.74,0.7,13.1,6.1177,8.74,149,5.3,107,4.6,107.83,265,103,368,72.01,5.8,119.76,0.7,57.3,62,92.42,9.3,3.4,150,6.8,8.7,81,94,82,435
966099,PBCHD09NLM,922756,25/04/2019,10:53,12:13,Light Yellow,Slightly cloudy,1.011,6.7,Negative,1+,Negative,Negative,Negative,Normal,Positive,14-15,0,2-3,Nil,Nil,NIL,17.3,4,25.2,77.2,43,68,13,45.8,8036,32,17,6,4,0,1.22,1.41,1.08,0.03,0.04,204,11.9,13,0.06,35.4,0.4,0.24,0.13,0.28,166,66,61.3,19.2,96,116,2.5,0.93,1.08,1,0.3,0.7,51,37,38,40,6.4,4.9,1.5,3.27,0.8,5.5,2.5685,3.21,116,4.4,106,4.9,105.98,111,346,457,24.29,5.9,122.63,0.1,14,21.2,66.04,9.9,4.1,62,10.5,2.5,114,80,118,75
182420,PBCHD15NLM,490740,28/04/2019,08:50,09:45,Light Yellow,Slightly cloudy,1.021,6.8,2+,Trace,Negative,Negative,Negative,Normal,Negative,12-14,2,3-3,Nil,Rare,Yeast cells,14.9,4.3,46.8,94.1,34,31,13.7,42.4,6577,53,38,4,8,0,6.91,2.54,0.68,0.14,0.04,436,8.4,13,0.38,21.9,1,0.12,0.25,0.23,161,55,86.3,36.5,182.5,98,2.9,1.57,0.64,0.3,0,0.3,55,50,32,29,7,5,2,2.5,1.2,76.2,35.5854,29.65,120,4.4,102,4.3,118.24,131,156,287,45.64,6.3,134.11,0.3,16.6,68.8,24.13,11.2,5.1,118,8.6,1.77,100,82,76,365
260317,PBCHD02PBM,854652,24/04/2019,07:59,09:23,Light Yellow,Clear,1.022,6.9,Trace,1+,Negative,Negative,Negative,Normal,Negative,6-8,1,2-4,Nil,Rare,NIL,16.8,4.7,39.5,94.9,35,42,11.8,45.3,6255,53,37,13,6,0,2.32,2.37,0.75,0.01,0.05,118,9.6,11,0.24,28.7,3.7,0.06,0,0.39,145,55,41.7,33.2,166,82,2.6,0.76,1.32,0.6,0.2,0.4,105,36,36,25,7.3,3.9,3.4,1.15,0.6,26.2,12.2354,20.39,122,2.6,95,2.3,91.58,140,263,403,34.74,8.7,202.99,0.4,20,64.7,30.91,10.2,3.7,118,7,6.53,83,84,108,268
464139,GYAHD15KLM,534638,24/04/2019,06:47,07:57,Light Yellow,Clear,1.019,6.5,Negative,Trace,Negative,Negative,Negative,Normal,Negative,6-8,0,2-4,Nil,Nil,NIL,17.5,4.2,13.8,88.7,41,126,13.9,44.8,5893,59,40,1,11,0,6.09,1.02,0.6,0.15,0.09,404,11.4,13,0.27,44.2,3.4,0.28,0.05,2.03,131,31,143.6,21.3,106.5,147,4.2,4.63,0.22,0.3,0,0.3,124,24,10,41,6.5,4.6,1.9,2.42,0.7,6.7,3.1289,4.47,136,2.9,99,4.4,66.13,138,208,346,39.88,12.9,323.53,0.7,27.2,33.2,81.93,10.4,3.6,186,7.6,2.85,85,62,82,120
798441,KLTRS09NLZ,614633,27/04/2019,07:08,08:15,Pale Yellow,Clear,1.026,4.7,Trace,1+,Negative,Negative,Negative,Normal,Negative,TNTC,1,3-3,Few,Nil,Fungal elements,11.1,5,50.1,87.6,22,22,11.7,45.4,2126,41,40,5,2,0,3.48,1.75,0.61,0.06,0.08,343,9.7,17,0.28,28.6,1.3,0.24,0.22,0.06,226,44,71.8,34.2,171,66,5.1,1.63,0.61,0.4,0.1,0.3,79,42,43,44,7.8,4.5,3.3,1.36,0.6,18,8.406,14.01,144,2.7,105,4,86.38,244,134,378,64.55,5.9,122.63,0.7,21.1,125.5,16.81,8.7,4.3,140,13,5.58,89,93,110,119
110316,PBCHD09SKM,403450,28/04/2019,06:12,06:56,Light Yellow,Clear,1.013,6.6,Negative,Trace,Negative,Negative,Negative,2+,Negative,4-5,0,10-15,Nil,Nil,Fat droplets or lipiduria,16.4,5.3,26.5,49.2,30,61,14,48.2,10693,28,22,4,2,0,9.76,2.95,0.61,0.38,0,14,7.1,19,0.54,20.2,4.8,0.37,3.57,0.11,173,58,80.4,37.8,189,100,3,1.39,0.72,0.6,0.1,0.5,96,56,29,19,8,4.9,3.1,1.58,1,14.7,6.8649,6.86,144,3.9,105,5.3,95.1,110,353,463,23.76,6.1,128.37,1.6,26.6,23.8,111.76,9.4,4.4,373,4.2,2.76,97,87,245,109
205362,PBCHD04PBM,816714,28/04/2019,11:45,13:05,Red,Hazy,1.015,4.6,Negative,Trace,Negative,Negative,Negative,Normal,Negative,76-78,0,1-4,Nil,Nil,NIL,15.3,2.8,53.8,54.5,54,28,13,40.7,10090,40,20,3,8,0,7.19,3.19,0.51,0.25,0.03,139,8.5,5,0.27,31.3,4.7,0.14,0.07,3.27,180,44,90.9,22.9,114.5,156,4.1,2.07,0.48,0.5,0.2,0.3,62,29,115,36,6.4,3.9,2.5,1.56,1.3,12.8,5.9776,4.6,149,5.7,97,3.8,94.73,88,259,347,25.36,8.9,208.73,0.4,17.4,119.7,14.54,10.1,3.7,285,7.2,3.1,84,72,81,112
952263,KLTRS13MLT,438552,24/04/2019,07:45,08:22,Red,Clear,1.019,6.5,Negative,Negative,Negative,Negative,Negative,Normal,Negative,11-13,0,3-4,Nil,Rare,NIL,11.2,5.1,49.1,96.4,21,22,13.9,44.2,8785,43,30,2,2,0.5,8.48,1.4,0.98,0.2,0.07,836,11.7,14,0.3,14.3,1.4,0.24,0.04,0.92,136,42,79.4,21.7,108.5,209,3.2,1.89,0.53,0.8,0.1,0.7,304,49,29,23,6.3,4.1,2.2,1.86,1.1,5.9,2.7553,2.5,145,3.9,99,5.9,111.54,24,343,367,6.54,5.8,119.76,0.9,63,75.1,83.89,9.7,6.3,82,9,0.49,95,66,258,103
308988,GYAHD15KLM,563704,28/04/2019,06:22,07:07,Light Yellow,Clear,1.015,4.4,Trace,Negative,Negative,Negative,Negative,Normal,Negative,TNTC,0,2-3,Nil,Nil,Fat droplets or lipiduria,8.8,4.2,59.9,76.2,20,14,13.4,44.6,7253,42,12,2,1,0,8.58,2.75,0.77,0.14,0.03,812,7.9,12,0.41,22.5,0.5,0.11,0.28,0.22,171,47,74.9,31.6,158,149,3.6,1.59,0.63,0.7,0.2,0.5,115,8,23,46,6.7,4.7,2,2.35,1.1,14.4,6.7248,6.11,142,2.1,97,6.6,97.19,63,316,379,16.62,6.1,128.37,2.3,22.4,61.4,36.48,8.6,3.7,140,9.4,0.66,120,86,109,198
739712,GYAHD04JHJ,605889,27/04/2019,08:40,09:57,Yellow,Clear,1.013,6.9,Negative,Negative,Negative,Negative,Negative,Normal,Negative,5-7,1,3-4,Nil,Nil,NIL,8.5,4.3,44.8,96.9,19,18,13.2,41.2,4626,60,24,5,6,0.6,4.4,1.32,0.75,0.53,0.09,230,8.3,11,0.22,43.2,3.7,0.52,2.83,2.47,143,52,87.4,38.6,193,171,2.8,1.68,0.59,4.7,2.3,2.4,46,22,34,35,7.6,4.4,3.2,1.38,0.7,12.1,5.6507,8.07,144,4.1,105,2.4,69.69,147,225,372,39.52,5.9,122.63,0.1,80.1,266.2,30.09,9,2.7,108,16.1,3.82,79,108,71,77
587059,KLTRS09TSS,985031,27/04/2019,08:07,09:09,Dark Yellow,Hazy,1.139,4.9,1+,Negative,Negative,Negative,Negative,Normal,Negative,5-7,0,1-4,Nil,Nil,Mucus threads,10.3,4.7,63.3,64.1,21,16,12.9,45.2,9277,40,35,3,9,0,9.62,3.91,0.12,0.04,0.08,123,6.8,11,0.47,13.7,1.2,0.16,0.37,0.11,174,75,89.4,15.1,75.5,172,2.3,1.19,0.84,0.6,0.1,0.5,47,32,22,44,8.1,4,4.1,0.98,0.9,16.1,7.5187,8.35,142,4.2,105,3.5,92.44,119,353,472,25.21,8.3,191.51,0.9,26.5,56.8,46.65,8.4,4,116,9.7,1.64,92,111,70,169
790573,MZLGI08GJS,722752,26/04/2019,10:28,11:06,Light Yellow,Clear,1.007,6.7,Negative,Negative,1+,Negative,Negative,Normal,Negative,2-3,3,1-2,Nil,Nil,NIL,7.1,4.8,32.3,86.9,14,21,13.5,43.5,11346,42,22,5,7,1.8,5.74,1.67,0.85,0.36,0.08,131,8.3,11,0.13,46.8,1.5,0.16,0.6,0.78,188,42,140.2,78.2,391,112,4.5,3.34,0.3,0.2,0,0.2,62,7,11,16,6.6,3.8,2.8,1.36,1.1,17.6,8.2192,7.47,143,3.5,104,6.3,118.66,158,226,384,41.15,7.6,171.42,0.1,27.2,77.2,35.23,8.8,5.7,135,5,0.27,122,96,120,185
958573,GYAHD01KLM,117302,26/04/2019,11:25,12:15,Light Yellow,Hazy,1.177,4.9,Negative,Trace,Trace,Trace,Negative,Normal,Negative,14-15,1,3-4,Nil,Nil,NIL,16.5,6.1,53.4,82.3,27,30,14.2,41.3,4772,75,29,2,6,0,9.34,1.74,0.29,0.43,0.18,261,7.2,16,0.37,25.8,0.1,0.9,0.21,0.13,149,65,93.2,68.4,342,79,2.3,1.43,0.7,0.7,0.3,0.4,81,51,29,85,6.2,4.8,1.4,3.43,0.9,33.9,15.8313,17.59,135,2.8,106,3.4,58.36,108,345,453,23.84,12.2,303.44,0.6,15,30.4,49.34,9.4,2.1,205,9.8,0.5,78,88,120,166
649477,KLTRS14MLT,994717,28/04/2019,11:20,12:45,Dark Yellow,Clear,1.015,6.8,Trace,Trace,Negative,Negative,Negative,Normal,Negative,10-12,0,11-17,Nil,Nil,Artifacts,15.7,5.2,48.1,87.5,30,32,15.3,44.2,5972,60,23,6,11,0,7.87,4.96,0.51,0.5,0.08,311,7,13,0.15,17.3,3.3,2.98,0.34,0.25,220,45,103.9,44,220,84,4.9,2.31,0.43,0.4,0.1,0.3,124,9,26,14,6.1,4.9,1.2,4.08,1.2,12.1,5.6507,4.71,138,5.3,97,3.9,38.13,95,134,229,41.48,8.9,208.73,1,26.6,72.3,36.79,8.4,2.3,97,8.1,3.84,89,153,67,203
544929,KLTRS12MLT,132660,27/04/2019,08:13,08:58,Pale Yellow,Slightly cloudy,1.014,4.9,Negative,Negative,Negative,Negative,Negative,Normal,Negative,TNTC,2,3-3,Nil,Rare,Yeast cells,9.7,4.9,49,73,19,19,13.1,44.3,5909,53,46,1,9,0,6.9,1.21,0.94,0.2,0.09,123,7.4,14,0.39,33.9,1.5,4.63,0.17,0.2,191,71,95.7,23.3,116.5,195,2.7,1.35,0.74,17.3,12.8,4.5,106,43,36,27,7.6,4.4,3.2,1.38,0.8,16.9,7.8923,9.87,145,2.6,102,3.3,107.29,116,354,470,24.68,6.4,136.98,0.4,25.5,61.1,41.73,10,1.1,258,12.5,2.53,154,89,91,136
558530,PBCHD06HPP,295950,26/04/2019,06:01,07:05,Yellow,Clear,1.027,6.1,Trace,Negative,Negative,Negative,Negative,Normal,Negative,14-15,0,3-4,Nil,Nil,NIL,9.3,4.8,50.1,85.9,19,18,14.4,45.1,9861,38,31,2,25,0,19.48,2.26,0.35,0.37,0.09,512,16.1,18,0.31,49.5,3.1,0.21,0.04,0.49,195,57,83.1,25.2,126,138,3.4,1.46,0.69,0.8,0.1,0.7,90,53,47,34,7.5,3.7,3.8,0.97,0.6,12.3,5.7441,9.57,138,7.7,92,3.1,96.33,141,348,489,28.83,5.7,116.89,0.2,13.8,142.9,9.66,10.4,3.2,65,3,3.87,112,96,188,70
780189,GYAHD08KAU,218291,28/04/2019,11:48,12:57,Deep Amber,Slightly cloudy,1.016,5.3,Trace,Trace,Negative,Negative,Negative,Normal,Negative,2-3,11,3-2,Nil,Nil,NIL,9.1,5.6,54.2,88.8,16,16,13.1,49.3,16969,31,38,2,21,0,21.64,1.44,0.62,0.42,0.07,420,10.4,12,0.09,34.8,3.3,0.3,0.97,0.39,478,22,70.7,74.3,371.5,127,21.7,3.21,0.31,0.2,0,0.2,53,20,12,13,6,4.3,1.7,2.53,1,12.6,5.8842,5.88,147,5.5,101,5.9,90.54,138,108,246,56.1,5.9,122.63,0.9,12.3,280.9,4.38,10.7,4.5,144,6.9,5.38,91,69,98,110
229781,GYAHD08KLM,259945,24/04/2019,07:32,08:02,Dark Yellow,Clear,1.019,6.8,Trace,Trace,Negative,Trace,Negative,Normal,Negative,1-2,0,2-4,Nil,Nil,NIL,4.8,5.2,45,73.3,9,10,13.7,40,6861,48,20,6,2,0,7.26,2.74,0.65,0.18,0.04,922,13.1,21,0.27,17.8,4.4,0.2,0.93,0.32,154,40,85.7,5.1,25.5,204,3.9,2.14,0.47,0.6,0,0.6,93,33,25,30,7.2,3.7,3.5,1.06,0.8,11.2,5.2304,6.54,145,2.4,105,1.3,93.27,111,139,250,44.4,6.3,134.11,0.1,16.7,180.1,9.27,11.6,4.3,129,12.4,2.22,143,65,129,151
944123,PBCHD04MHS,570573,27/04/2019,06:42,07:20,Light Yellow,Hazy,1.011,6.9,1+,Negative,Negative,Negative,Negative,Normal,Negative,12-13,1,2-4,Nil,Nil,Amorphous debris,19.3,5.3,55.8,84.7,36,34,12.1,40.6,9850,46,46,4,10,0,2.53,1.82,0.27,0.65,0.01,220,10,22,0.26,12.4,0.1,1.18,0.72,0.25,151,55,90.2,20.1,100.5,96,2.7,1.64,0.61,0.7,0.3,0.4,45,51,17,12,8.7,3.9,4.8,0.81,0.9,16.7,7.7989,8.67,143,3.7,96,3.9,101.35,63,106,169,37.28,8.6,200.12,0.6,14.7,67.7,21.71,10.1,3.7,135,17.4,2.61,90,86,115,65
506616,KLTRS11ODB,276547,28/04/2019,07:13,08:01,Light Yellow,Clear,1.017,7,Negative,Negative,Negative,Negative,Negative,Normal,Negative,2-3,2,2-4,Rare,Nil,NIL,14.1,5.3,48.1,90.1,26,29,10.8,41.9,4660,40,24,5,6,0,16.22,1.23,0.27,0.34,0.04,313,11.6,15,0.45,26.7,1.9,0.73,0.14,0.2,107,43,86.3,15.6,78,61,2.5,2.01,0.5,0.3,0,0.3,79,20,28,34,6.1,4.4,1.7,2.59,0.6,9.4,4.3898,7.32,142,2.8,99,5.5,33.66,126,117,243,51.85,8.9,208.73,0.3,1050.5,148.3,708.36,11,3.4,155,18.1,4.54,90,73,63,67
216127,PBCHD08SKM,140472,24/04/2019,11:33,12:17,Yellow,Slightly cloudy,1.019,6.9,Trace,Negative,Negative,Negative,Trace,Normal,Negative,84-86,3,3-3,Nil,Nil,Amorphous debris,13.1,5,37.9,48,26,34,11.5,45.1,2418,52,36,1,8,0,19.52,0.84,0.32,0.34,0.07,230,6.2,11,0.32,21.6,4.7,0.21,0.01,0.13,207,47,56.2,28.1,140.5,123,4.4,1.2,0.84,0.8,0.1,0.7,97,27,32,39,7.7,5,2.7,1.85,1.1,17.3,8.0791,7.34,136,4.4,112,4.1,90.05,78,137,215,36.28,11.1,271.87,0.8,18.7,258,7.25,8.8,4,182,12.3,2.6,83,193,77,79
368485,PBCHD12GAM,375083,28/04/2019,08:12,09:06,Orange,Clear,1.015,6.7,3+,Negative,Negative,Negative,Negative,Normal,Negative,7-8,0,1-2,Nil,Few,NIL,15.8,5.3,18.5,88.2,29,85,11.8,43.3,10183,40,11,5,2,0,2.06,2.13,0.5,0.28,0.05,282,7.4,13,0.39,23.6,7.4,0.27,0.39,0.08,141,52,121,21.3,106.5,127,2.7,2.33,0.43,0.8,0.2,0.6,54,8,19,20,8.2,4.8,3.4,1.41,0.8,15.3,7.1451,8.93,145,4.3,101,11.6,100.88,94,183,277,33.94,5.9,122.63,0.2,25.6,111.5,22.96,10,3.1,98,8.5,5.03,212,60,73,95
381454,GYAHD10KAU,491279,28/04/2019,10:59,11:44,Yellow,Slightly cloudy,1.327,6.3,Trace,Negative,Negative,Negative,Negative,Normal,Negative,9-11,1,>20,Nil,Nil,NIL,8.6,4.9,36.7,42.8,17,23,11.9,41.5,8492,48,21,7,7,0,3.91,0.67,0.65,0,0.06,722,8.6,14,0.29,33.3,0.8,6.99,0.46,0.33,199,38,152.3,8.3,41.5,180,5.2,4.01,0.25,0.2,0,0.2,294,22,36,37,7.8,4.3,3.5,1.23,0.9,28,13.076,14.53,140,4.5,96,5.1,92.56,31,287,318,9.75,6,125.5,0.6,17.5,66.4,26.36,9.1,2.7,255,5,0.57,120,94,89,259
992069,KLTRS05TSS,720954,27/04/2019,07:24,08:36,Straw,Slightly cloudy,1.011,5.9,3+,Negative,Negative,Negative,Negative,Normal,Negative,1-3,0,1-2,Rare,Nil,Fungal elements,12.3,4.8,52,91,25,23,14.2,44.8,6859,58,36,9,6,0,0.13,0.53,0.3,0.46,0.02,146,7.6,15,0.25,23.5,0.3,0.26,0.28,0.04,190,54,53.6,72.1,360.5,123,3.5,0.99,1.01,0.7,0.3,0.4,111,37,27,45,6.3,4.8,1.5,3.2,0.7,17.7,8.2659,11.81,143,3.2,89,4.4,103.12,152,252,404,37.62,6.4,136.98,0.8,83.4,134.9,61.82,11,5.2,128,9.5,3.22,109,145,185,86
175285,PBCHD13RJU,615843,28/04/2019,11:57,13:06,Pink,Clear,1.011,6.9,Negative,Trace,Trace,Negative,Negative,Normal,Negative,11-12,2,1-2,Rare,Rare,Parasites,1.6,4.2,63,94,3,2,13.6,39.2,9422,57,28,2,9,0,4.57,3.64,1.38,0.08,0.07,84,7.4,12,0.7,26.4,2.5,0.02,0.34,0.07,221,50,79.7,38.9,194.5,172,4.4,1.59,0.63,0.7,0.3,0.4,98,12,29,39,6.1,4.7,1.4,3.36,1.1,15.9,7.4253,6.75,144,4.4,115,5,71.9,185,130,315,58.73,6.1,128.37,0.4,17,185,9.19,10.1,2.3,213,22,0.62,167,98,158,182
693460,GYAHD03KLM,229670,26/04/2019,10:29,11:38,Yellow,Slightly cloudy,1.011,6.9,Negative,Trace,Negative,2+,Negative,Normal,Negative,8-10,1,3-3,Few,Nil,NIL,9,4,14.3,95.7,22,62,14.4,45.6,4003,42,29,0,7,0,4.59,2.39,0.43,0.27,0.01,103,10,14,0.2,33.2,0.1,0.32,0.03,0.63,226,50,56.3,13.6,68,97,4.5,1.13,0.89,0.4,0.1,0.3,39,5,23,31,7.4,3.8,3.6,1.06,1.2,16.2,7.5654,6.3,145,4.7,108,7.5,112.98,66,132,198,33.33,5.7,116.89,0.8,214,108.4,197.42,8.9,1.7,106,10.8,2.98,111,102,71,193
353008,MZLGI03BRC,733501,24/04/2019,06:38,07:17,Red,Hazy,1.018,6.8,Negative,1+,Negative,Negative,Negative,Normal,Negative,13-15,2,3-3,Nil,Rare,Parasites,16.9,4.8,36.9,64.1,35,45,11.8,43.7,4952,77,21,2,7,0,7.2,1.54,0.8,0.45,0.06,413,10.5,13,0.29,29.2,0.9,2.4,0,0.13,215,23,86.9,28.5,142.5,63,9.3,3.78,0.26,5.7,2.8,2.9,103,32,39,12,6.7,4.1,2.6,1.58,1.1,17.9,8.3593,7.6,125,4.5,102,3,93.37,135,360,495,27.27,6.1,128.37,0.6,12.5,76.2,16.4,8.5,3.9,54,10.5,5.77,116,95,83,164
736967,MZLGI04RJK,473645,24/04/2019,09:08,10:07,Light Yellow,Hazy,1.019,6.3,4+,2+,Negative,Negative,Negative,Normal,Negative,TNTC,0,2-3,Nil,Nil,NIL,17.9,4.2,33.6,75.3,42,53,13,40,10144,43,28,2,7,0,8.25,2.8,0.25,0.46,0.05,223,7.3,10,0.33,44.5,2.3,0.34,0.26,1.57,174,46,130.3,67.3,336.5,167,3.8,2.83,0.35,0.6,0,0.6,129,21,13,21,7.1,3.9,3.2,1.22,0.8,11.2,5.2304,6.54,113,2.3,100,2.6,94.95,127,336,463,27.43,6.9,151.33,0.2,24.8,130.8,18.96,10.1,3.7,63,10.7,12.76,87,117,99,156
476577,KLTRS03ODB,207378,27/04/2019,11:02,12:15,Straw,Slightly cloudy,1.013,6.7,Negative,Negative,Negative,Negative,Negative,Normal,Negative,57-61,3,1-2,Nil,Nil,NIL,15.9,5.3,29.8,88.7,30,53,13.9,42.4,10296,54,28,1,7,2.1,8.09,2.85,1.06,0.25,0.08,358,13.7,10,0.26,14,2.3,5.51,0.15,0.95,171,42,155.3,96.3,481.5,66,4.1,3.7,0.27,0.4,0,0.4,45,118,35,9,7.4,4.8,2.6,1.85,1.2,16.6,7.7522,6.46,133,5.9,108,2.1,62.17,75,350,425,17.65,6.2,131.24,0.1,87.1,55,158.36,10.1,3,105,12,1.7,84,101,120,124
243974,PBCHD06HPP,854347,26/04/2019,09:15,10:21,Deep Amber,Slightly cloudy,1.011,5.5,1+,1+,Negative,Negative,Negative,Normal,Negative,8-9,2,12-9,Nil,Nil,Artifacts,14.2,5.6,10.9,77.5,25,130,11.7,26,10559,49,47,20,5,0,12.09,1.96,0.97,0.01,0.07,306,11.1,20,0.33,46.3,1.5,0.01,0.31,0.54,227,56,110.8,51.9,259.5,102,4.1,1.98,0.51,0.8,0.3,0.5,85,22,38,34,6.6,4.6,2,2.3,1.2,8.1,3.7827,3.15,135,5.6,95,3.5,119.12,99,287,386,25.65,6.8,148.46,0.9,10.1,282.2,3.58,10.5,4.8,53,5.4,3.24,112,95,216,88
560751,KLTRS07TSS,826341,25/04/2019,10:46,11:36,Light Yellow,Clear,1.017,5,Negative,Negative,Negative,Negative,Negative,Normal,Negative,37-38,1,3-4,Few,Nil,NIL,15.6,5.4,24.5,90.1,28,63,12.8,43.8,5094,51,27,25,3,0,22.35,1.28,0.22,0.32,0.09,288,7,12,0.2,27.8,4.5,6.38,0.1,0.23,148,54,81.7,58.1,290.5,213,2.7,1.51,0.66,0.7,0.1,0.6,100,17,14,29,8.1,3.9,4.2,0.93,0.8,10.9,5.0903,6.36,144,4.5,98,6.9,104.48,154,232,386,39.9,5.9,122.63,9.4,25.9,81.6,31.74,9.9,5.8,72,6.5,7.58,90,190,66,273
468771,GYAHD12KAU,216832,24/04/2019,11:21,12:00,Light Yellow,Clear,1.012,6.5,Trace,Negative,Negative,Negative,Negative,Normal,Positive,11-12,1,2-3,Nil,Nil,Yeast cells,17.7,4.1,59.1,51.5,43,29,14.1,43.8,5771,43,40,2,8,0,8.04,2.18,0.61,0.49,0.01,32,8.8,17,0.31,32.9,4.5,3.17,0.36,0.83,217,48,48.4,97.2,486,122,4.5,1.01,0.99,0.7,0.3,0.4,174,11,17,14,6.1,3.7,2.4,1.54,0.9,11.3,5.2771,5.86,120,3.5,109,6.4,108.11,95,359,454,20.93,6,125.5,0,22.9,78.4,29.21,10,2.2,219,8.5,2.93,102,72,73,112
793415,PBCHD06KLC,701575,24/04/2019,11:59,13:22,Orange,Hazy,1.012,6.8,Trace,Trace,Negative,Negative,Negative,Normal,Negative,6-7,3,2-2,Nil,Rare,Fat droplets or lipiduria,15.8,4.2,49.7,104.6,37,31,12.7,27.5,12434,56,24,1,15,0.9,1.02,2.64,0.18,0.52,0.09,408,12.1,17,0.35,26.8,3.6,0.07,6.25,0.33,240,46,42.5,17.9,89.5,154,5.2,0.92,1.08,2.1,1,1.1,101,19,36,43,6.2,4.4,1.8,2.44,1,8.6,4.0162,4.02,133,4.5,99,6.7,106.41,65,190,255,25.49,6,125.5,0.4,16.8,475.5,3.53,10.4,3.5,159,8.4,3.23,71,99,90,78
219745,MZLGI11RJK,459157,28/04/2019,11:30,12:28,Yellow,Clear,1.019,5,Trace,Trace,Negative,Negative,Trace,Normal,Negative,10-12,0,1-3,Nil,Nil,Mucus threads,19.8,5.9,10.6,49,33,186,14,44.4,9438,38,38,4,10,0,21.92,1.7,0.32,0.47,0.08,981,11.2,19,0.36,45,2.8,0.31,0.34,0.07,160,53,115.2,17,85,71,3,2.17,0.46,0.3,0,0.3,75,35,15,26,6.3,4.8,1.5,3.2,0.9,9.2,4.2964,4.77,136,5.9,102,5.9,25.64,122,294,416,29.33,6.9,151.33,0.8,26.7,108.2,24.68,8.9,3,163,10.7,0.93,83,98,94,192
112232,PBCHD10CGD,721384,24/04/2019,10:03,10:39,Deep Amber,Slightly cloudy,1.012,4.6,Trace,Trace,Negative,Negative,Negative,Normal,Negative,3-4,0,1-4,Rare,Nil,NIL,9.3,4.8,49.5,81,19,18,12.3,43.1,4560,57,15,3,11,0,18.85,1.84,0.22,0.31,0.18,281,8.1,14,0.19,22.9,0.8,0.26,0.39,2.15,131,78,72.1,35.4,177,131,1.7,0.92,1.08,0.8,0.3,0.5,60,67,13,12,8.1,3.3,4.8,0.69,0.9,19,8.873,9.86,132,1.9,98,9.9,114.1,151,358,509,29.67,5.8,119.76,0.9,11,136.5,8.06,10.3,2.4,75,11.2,5.1,94,99,82,130
162712,KLTRS08TSS,458361,26/04/2019,08:46,09:32,Light Yellow,Clear,1.01,6.2,Trace,Trace,Negative,Negative,Negative,Normal,Negative,11-13,0,2-3,Nil,Nil,NIL,17.5,5.4,30.5,97.2,32,57,14,40.8,10528,35,39,5,7,0,9.12,2.29,0.42,0.28,0.09,141,9.2,17,0.35,35.6,6.7,0.26,0.16,0.17,864,47,81.8,26.5,132.5,98,18.4,1.74,0.57,0.8,0.3,0.5,59,5,40,10,7,4.3,2.7,1.59,0.7,10.1,4.7167,6.74,139,4.6,95,5.4,46.02,66,185,251,26.29,8.6,200.12,0.2,140.5,68.5,205.11,9.4,3.5,237,11.8,0.56,83,98,69,99
105081,PBCHD10NLM,552153,26/04/2019,08:58,09:36,Light Yellow,Clear,1.012,6.9,Negative,2+,Negative,Negative,Negative,Normal,Negative,2-4,2,11-10,Nil,Rare,NIL,1,4.8,51.9,68.5,2,1,12.1,44.5,6189,57,25,5,9,0,15.12,4.52,0.45,0.33,0.11,373,8.4,16,0.38,20.6,0.6,0.15,0.59,0.11,115,50,119.1,36.3,181.5,133,2.3,2.38,0.42,0.6,0,0.6,112,31,17,12,6.6,4.8,1.8,2.67,0.7,8.1,3.7827,5.4,143,5.5,111,4.3,102.26,134,358,492,27.24,6.4,136.98,0.9,15.8,69.3,22.8,8.9,3.6,109,7.6,3.25,91,60,90,144
832226,MZLGI05MHP,164108,25/04/2019,06:51,07:43,Straw,Slightly cloudy,1.01,6.6,Negative,1+,Negative,Negative,Negative,Normal,Negative,2-4,2,1-4,Nil,Nil,NIL,8.1,5.7,44.1,82.6,14,18,12.5,43,9494,48,39,2,3,0,3.22,2.21,0.9,0.31,0.08,446,9.4,17,0.47,20.6,3.4,0.11,0.1,5.1,155,41,91.7,19.5,97.5,61,3.8,2.24,0.45,0.8,0.3,0.5,52,51,10,13,6.4,4.5,1.9,2.37,1.2,5.9,2.7553,2.3,138,2.1,97,5.5,105.47,108,163,271,39.85,5.9,122.63,3.9,16.8,133.4,12.59,8,2.9,68,17.7,6.33,94,89,88,79
989442,MZLGI12APK,527559,26/04/2019,08:54,09:49,Pale Yellow,Clear,1.011,6.6,Negative,Negative,Negative,Negative,Negative,Normal,Negative,8-9,1,2-2,Nil,Nil,NIL,12.1,5.9,46.7,69.8,20,25,12.5,44.2,7417,48,13,6,3,0,7.63,2.87,0.87,0.33,0.05,30,17.4,13,0.61,46.3,2.3,0.7,0.1,0.04,134,53,47.6,55.7,278.5,85,2.5,0.9,1.11,0.9,0.3,0.6,82,36,11,47,6.4,5,1.4,3.57,1,18.4,8.5928,8.59,145,3,96,5.7,95.83,141,241,382,36.91,6.3,134.11,1,21.2,56,37.86,11.3,4.1,123,17.6,1.41,94,93,80,105
553086,GYAHD15KLM,981867,26/04/2019,06:00,07:21,Yellow,Clear,1.018,5.5,Negative,Negative,Negative,Negative,Negative,Normal,Negative,8-10,0,2-3,Nil,Rare,Amorphous debris,14.5,4.7,18.9,88.7,30,76,12.2,42.2,7869,44,34,5,4,0,2.54,1.67,0.68,0.18,0.07,422,7.6,15,0.3,32.1,2.1,3.34,0.82,0.19,177,32,144.7,9.8,49,96,5.5,4.52,0.22,0.5,0,0.5,55,35,17,40,6.7,4.8,1.9,2.53,0.3,8,3.736,12.45,120,3.7,97,2.8,119.48,123,173,296,41.55,7.7,174.29,0.4,22.1,335.5,6.59,10.8,2.3,111,16.6,6.02,123,72,100,118
727190,GYAHD03KLM,671372,25/04/2019,11:00,12:28,Yellow,Hazy,1.015,6.5,Negative,Trace,Negative,Negative,Negative,Normal,Negative,9-11,1,2-3,Rare,Nil,NIL,18.5,4.9,57.7,80.6,37,32,14.6,40.5,6815,60,48,3,12,1.1,4.03,2.32,1.36,0.01,0.1,244,11.1,8,0.17,16.9,6.9,0.38,1.24,0.14,174,67,73.8,5.1,25.5,123,2.6,1.1,0.91,0.8,0.2,0.6,45,13,28,10,8,4.6,3.4,1.35,1.7,7.8,3.6426,2.14,144,4.3,96,6.7,108.09,184,242,426,43.19,6.9,151.33,0.9,28.1,128.7,21.83,11.5,4.9,286,8.1,6.55,153,99,172,70
248426,MZLGI07MHP,886805,26/04/2019,07:50,08:50,Yellow,Clear,1.014,4.5,Trace,Trace,Negative,Negative,Negative,Normal,Negative,TNTC,0,1-3,Nil,Nil,NIL,11.7,5.3,40.7,77.1,22,28,10.2,41.5,6747,46,20,6,7,0,1.96,1.02,0.92,0.11,0.06,101,10.9,16,0.26,29.9,0.8,0.34,0.15,0.15,215,58,88.8,28.1,140.5,122,3.7,1.53,0.65,0.5,0.2,0.3,81,49,29,22,7.9,5,2.9,1.72,1.2,14.9,6.9583,5.8,136,4,113,2.9,116.05,179,266,445,40.22,5.9,122.63,0,15.5,178.2,8.7,8.9,4.5,82,11.4,3.41,97,115,119,95
629580,GYAHD03JHJ,999168,27/04/2019,08:04,09:18,Light Yellow,Clear,1.017,4.5,Trace,Negative,Negative,Negative,Negative,Normal,Negative,TNTC,1,2-2,Nil,Moderate,Amorphous debris,9.5,6,36.8,86.7,15,25,15.2,43.4,5232,56,42,5,8,0.2,5.73,2.22,0.46,0.64,0.07,119,8.5,25,0.58,34.8,5.8,1.42,0.01,0.87,181,71,156.7,37.3,186.5,218,2.5,2.21,0.45,0.6,0.2,0.4,99,55,91,30,8.3,4.4,3.9,1.13,0.9,13.2,6.1644,6.85,140,4.4,108,2.2,115.78,99,303,402,24.63,5.9,122.63,39.5,23,162.1,14.19,11,4.8,72,6.9,0.59,70,116,99,129
553814,GYAHD13ODK,169770,25/04/2019,09:03,09:57,Yellow,Clear,1.014,5.9,Trace,Negative,Negative,Negative,Negative,Normal,Negative,12-13,1,1-2,Nil,Nil,NIL,12.6,5.4,41.4,48.9,23,30,12.5,42.5,10410,60,16,6,7,0,0.02,2.82,0.34,0.04,0.07,1055,11.3,13,0.29,29.9,0.1,0.12,0.07,0.06,153,58,51.7,20.9,104.5,150,2.6,0.89,1.12,1.2,0.3,0.9,85,26,28,32,8.9,3.7,5.2,0.71,1.2,8.2,3.8294,3.19,140,1.8,97,3,101.49,69,354,423,16.31,7.7,174.29,8.1,11.7,209.4,5.59,9.7,2.1,127,8.4,1.24,121,90,117,96
806585,KLTRS10NLZ,941208,25/04/2019,07:35,08:47,Orange,Clear,1.016,7.8,Negative,Trace,Negative,Negative,Negative,Normal,Negative,7-8,2,2-4,Rare,Nil,Yeast cells,16.2,5.8,40.6,45.5,27,39,12.4,39.7,9553,67,46,2,2,0,2.72,2.58,0.24,0.09,0.11,291,10.5,13,0.28,36.9,3.6,0.18,0.16,0.26,236,67,177.4,36.3,181.5,119,3.5,2.65,0.38,0.8,0.3,0.5,63,9,23,21,7.8,4.9,2.9,1.69,1.1,36.7,17.1389,15.58,143,4.7,98,3.1,118.63,84,122,206,40.78,6.3,134.11,18.1,15.7,267.9,5.86,9.8,2.9,143,15.4,0.57,76,165,124,292
405287,KLTRS07TSS,250402,24/04/2019,11:54,12:44,Pale Yellow,Clear,1.018,6.1,2+,Trace,Negative,Negative,Negative,Normal,Negative,12-14,0,1-3,Nil,Nil,NIL,9.2,5,53.9,82.7,18,17,12.6,45.6,19616,60,34,1,8,0,4.91,6.92,0.56,0.4,0.06,524,7,12,0.18,34,1.3,6.01,0.12,0.26,806,58,78.8,33.8,169,70,13.9,1.36,0.74,0.3,0.1,0.2,45,35,38,7,7.2,3.6,3.6,1,1.2,36.9,17.2323,14.36,146,3.3,95,2.8,116.1,84,352,436,19.27,8.3,191.51,0,15.4,73.3,21.01,10.1,4.2,116,18.6,7.8,89,73,119,89
560919,KLTRS01MLT,675239,28/04/2019,08:52,10:10,Orange,Clear,1.025,4.9,Negative,Negative,Negative,Negative,Negative,Normal,Negative,4-5,1,1-3,Nil,Nil,Fat droplets or lipiduria,15.3,7.9,14.3,92,19,106,11.7,45,8863,56,27,6,2,0,3.18,2.9,0.21,0.29,0.09,263,8,16,0.07,30.7,2.4,0.18,0.19,0.09,217,58,79.6,7.8,39,93,3.7,1.37,0.73,0.5,0.2,0.3,92,38,40,43,8.5,4.7,3.8,1.24,1.6,10.3,4.8101,3.01,138,6.6,100,3.4,117.31,111,299,410,27.07,6.2,131.24,0.1,26.8,85.5,31.35,11.6,5.8,146,7.2,3.39,82,81,82,70
377768,GYAHD06JHJ,635333,26/04/2019,11:01,12:17,Straw,Clear,1.023,4.9,Negative,Negative,2+,Negative,Negative,Normal,Negative,60-64,1,>20,Nil,Nil,NIL,17.8,4.3,53,94.5,41,33,9.9,45.9,9036,49,42,3,3,0,1.88,2.85,0.35,0,0.06,1086,8.8,17,0.51,28.8,3.8,0.27,0.09,0.04,207,20,91.5,32.4,162,127,10.4,4.58,0.22,0.7,0.3,0.4,104,45,40,39,8.3,5,3.3,1.52,1.2,14,6.538,5.45,94,4.2,106,2.3,112.33,74,255,329,22.49,6.3,134.11,8,16.3,103.8,15.7,10.5,2.3,157,9.1,1.81,113,89,68,108
909515,MZLGI15APK,757271,25/04/2019,11:14,12:07,Yellow,Hazy,1.026,5.5,Trace,Negative,Negative,Negative,Negative,1+,Negative,7-8,1,17-15,Nil,Nil,Amorphous debris,8.9,4.1,47.9,95.7,21,18,13.6,26.2,6701,74,12,6,4,0,6.44,1.38,0.42,0.01,0.06,175,7,15,0.46,42.3,5.9,0.94,0.29,0.17,229,40,163.5,23.6,118,192,5.7,4.09,0.24,0.5,0.2,0.3,86,43,12,18,6.6,4.3,2.3,1.87,0.9,14.1,6.5847,7.32,125,3.7,100,4.3,106.1,156,113,269,57.99,8.6,200.12,0.5,11.9,73,16.3,8.8,2.6,98,10.5,1.51,78,70,77,109
634842,PBCHD01NLM,568131,24/04/2019,06:35,08:03,Pale Yellow,Clear,1.017,5.3,Trace,2+,Negative,Negative,Negative,Normal,Negative,11-12,9,2-3,Nil,Nil,NIL,1.4,4.9,32.6,87.8,2,4,11.7,44.5,9219,44,27,4,14,0,7.75,3.27,0.66,0.28,0.04,244,5.4,12,0.36,29.8,3.1,0.8,0.1,0.6,183,54,155.5,15.3,76.5,162,3.4,2.88,0.35,0.4,0.1,0.3,100,43,65,15,8.1,4.5,3.6,1.25,0.6,9.2,4.2964,7.16,122,4.3,108,2.8,97.49,123,314,437,28.15,6,125.5,0.4,11.6,116.9,9.92,10.1,5.6,141,2.8,0.05,100,118,92,108
271685,PBCHD04KLC,412989,25/04/2019,08:31,09:09,Light Yellow,Clear,1.015,5,Negative,Trace,1+,Negative,Negative,Normal,Negative,11-12,0,2-4,Rare,Nil,NIL,2.4,8.3,46.6,93.9,2,5,12.9,39.4,8684,22,35,2,4,0,5.51,6.64,0.2,0.17,0.09,295,10.8,8,0.21,14.9,4.9,0.21,0.39,0.26,185,56,156.6,5.2,26,98,3.3,2.8,0.36,0.5,0.2,0.3,86,17,22,20,7.2,5,2.2,2.27,1.2,15.2,7.0984,5.92,146,2,99,3.9,118.42,216,294,510,42.35,6.2,131.24,6.2,26.8,64.5,41.55,7.7,3.2,170,6,0.64,111,86,62,181
754969,PBCHD12PBM,167794,24/04/2019,06:06,07:05,Straw,Clear,1.019,6.8,1+,Negative,Negative,Negative,Negative,Normal,Negative,13-15,2,7-19,Nil,Nil,NIL,13.9,4.7,55.7,78.9,29,24,13.2,43.1,9681,37,34,5,5,0.9,1.87,2.52,0.23,0.52,0.02,265,7.2,13,0.33,17.2,2.2,0.05,0.37,2.54,193,41,97.4,35,175,94,4.7,2.38,0.42,0.9,0.2,0.7,128,44,9,16,6.4,3.8,2.6,1.46,0.7,18.9,8.8263,12.61,145,4.9,104,3.7,45.17,145,272,417,34.77,6,125.5,0.4,248.3,233.2,106.48,6.9,2.5,290,15.1,1.32,128,65,169,141
122368,GYAHD10JHJ,670883,27/04/2019,08:31,09:22,Light Yellow,Slightly cloudy,1.019,6.4,2+,3+,Negative,Negative,Negative,Normal,Negative,9-11,1,1-4,Nil,Nil,NIL,14.3,5.8,47.3,88.3,24,30,13.5,44.4,8591,21,35,4,8,0,20.92,2.59,0.63,0.18,0.14,17,7,17,0.68,23.9,1.3,0.39,0.04,0.33,151,49,95.3,33.7,168.5,60,3.1,1.94,0.51,2.1,1,1.1,77,28,13,27,6.4,4.3,2.1,2.05,1.1,16.3,7.6121,6.92,144,3.9,110,5,119.15,171,118,289,59.17,5.7,116.89,0.1,14,79.9,17.52,9,3.2,268,18.4,7.6,124,96,106,129
819061,MZLGI10MHP,266531,24/04/2019,10:58,12:01,Pale Yellow,Clear,1.012,6.8,Trace,Negative,Trace,Negative,Negative,Normal,Negative,4-5,2,12-7,Nil,Nil,NIL,7.8,5,40.2,73.3,15,19,12.7,43.8,7875,66,38,6,7,0.8,8.91,3.46,0.72,0.07,0.17,422,9.1,13,0.17,49.8,2.6,0.37,0.23,0.24,162,32,128.7,33.4,167,161,5.1,4.02,0.25,0.5,0.2,0.3,114,55,14,45,6.9,3.5,3.4,1.03,1.8,179.5,83.8265,46.57,138,5.7,101,3.6,111.59,139,122,261,53.26,6.2,131.24,1,12.7,82.8,15.34,12.6,3.1,269,3.8,5.53,88,67,117,95
596503,PBCHD14SKM,569801,28/04/2019,07:12,08:31,Pale Yellow,Slightly cloudy,1.013,6.3,Trace,Negative,Negative,Negative,Negative,Normal,Negative,2-4,5,2-2,Nil,Nil,Parasites,9.9,5.9,41.4,99.7,16,23,11.7,40.9,8668,30,53,2,7,0,18.17,1.53,0.68,0.94,0.04,207,9.3,10,0.21,14.1,5.2,0.09,0.2,0.84,195,56,77.2,70.1,350.5,155,3.5,1.38,0.73,0.7,0.3,0.4,45,34,12,40,6.3,4.1,2.2,1.86,1.2,18.9,8.8263,7.36,149,3.9,95,3.4,108.62,140,347,487,28.75,5.5,111.15,0.1,11.9,76.7,15.51,10.3,2.3,139,10.1,0.27,148,100,85,93
587808,GYAHD14KAU,702573,24/04/2019,07:22,08:13,Yellow,Clear,1.017,4.7,Negative,Trace,Trace,Negative,Negative,Normal,Negative,1-3,0,>20,Nil,Nil,NIL,15.5,4.3,35.1,122.9,36,44,14.1,41.5,6736,48,34,2,3,0,8.01,2.45,0.29,0.35,0.03,379,10,17,0.34,14.9,1.3,5.91,0.08,0.43,819,37,78.5,21.5,107.5,81,22.1,2.12,0.47,0.7,0.3,0.4,113,12,31,34,7.5,4.3,3.2,1.34,0.9,59.4,27.7398,30.82,147,5.7,114,3.4,107.54,185,227,412,44.9,6,125.5,0.7,17.2,121.3,14.18,10.4,4.1,155,4.1,1.62,77,91,82,107
362554,KLTRS01NLZ,246501,24/04/2019,10:28,10:58,Deep Amber,Clear,1.017,6.1,3+,Negative,Negative,Negative,Negative,Normal,Negative,7-8,1,1-3,Nil,Nil,Amorphous debris,12.8,4.1,11.5,94.2,31,111,13.6,41.5,6986,40,37,9,8,0,0.99,1.76,0.85,0.11,0.17,138,9.7,17,0.33,26,0.1,0.17,0.28,0.88,181,62,85.8,16.1,80.5,118,2.9,1.38,0.72,0.5,0.2,0.3,81,35,27,18,7,4.8,2.2,2.18,1,13.2,6.1644,6.16,137,4.9,100,5.1,96.47,119,323,442,26.92,6,125.5,0.2,14.5,276,5.25,10,2.2,292,5.2,3.74,78,121,258,116
142805,PBCHD06MHS,688124,25/04/2019,10:13,11:29,Light Yellow,Clear,1.015,6.8,Trace,Trace,Negative,Negative,Negative,Normal,Negative,12-14,1,2-3,Nil,Rare,NIL,15.9,5.5,55.7,99.8,28,28,14.6,40.9,4270,45,30,4,7,0,7.97,2.32,0.6,0.44,0.07,59,10.8,17,0.29,22.4,0.1,5.51,0.29,0.07,191,32,55.7,6.9,34.5,137,6,1.74,0.57,0.3,0.1,0.2,106,31,30,12,7.8,3.7,4.1,0.9,1.1,13.7,6.3979,5.82,120,3,106,4,40.73,178,281,459,38.78,6.2,131.24,0.9,28,33.4,83.83,10.3,2.7,257,9.5,6.79,94,101,77,78
740762,KLTRS09KLP,571270,27/04/2019,08:25,08:56,Pale Yellow,Slightly cloudy,1.018,6.5,Trace,Trace,Negative,Negative,Negative,Normal,Negative,6-7,2,3-2,Nil,Nil,Parasites,10.7,5.5,52,86,19,20,14,45.2,2328,36,41,6,12,0,2.06,1.84,0.27,0.2,0.02,248,9.6,17,0.5,31,0.3,0.25,0.42,0.26,190,20,53.5,66.7,333.5,65,9.5,2.68,0.37,0.8,0.1,0.7,120,35,21,41,6,3.2,2.8,1.14,2.4,16.5,7.7055,3.21,133,6.3,105,2.8,111.05,61,226,287,21.25,5.8,119.76,0.2,20.8,149,13.96,10,4.1,64,3,2.44,123,148,85,322
873301,MZLGI11RJK,392765,28/04/2019,08:55,09:33,Light Yellow,Hazy,1.018,4.9,Trace,Negative,Negative,Trace,Negative,Normal,Negative,7-9,66,1-4,Nil,Nil,NIL,11.4,5.9,44.4,94.2,19,25,13.3,41.4,31209,53,21,3,3,0,0.75,5.1,0.54,0.72,0.03,232,11.4,14,0.29,25,2.5,0.23,2.05,0.27,229,57,101.2,9.7,48.5,79,4,1.78,0.56,0.5,0.2,0.3,81,33,25,27,4.7,3.8,0.9,4.22,1.1,13.3,6.2111,5.65,137,4.3,95,6.2,103.21,108,288,396,27.27,6,125.5,0.3,24.5,53.6,45.71,7.8,2.4,149,7.8,3.34,119,121,72,120
850088,GYAHD06JHJ,443841,26/04/2019,10:00,11:06,Light Yellow,Hazy,1.014,4.7,Negative,Negative,Negative,Negative,Negative,Normal,Negative,TNTC,1,2-3,Nil,Nil,NIL,8.1,5.2,50.8,70.3,15,15,13.5,43.5,4622,38,42,7,3,0,1.4,1.47,0.61,0.06,0.11,250,10.7,16,0.1,29.9,0.4,5.35,0.74,0.31,230,29,69,26,130,133,7.9,2.38,0.42,0.7,0,0.7,61,23,17,38,7.3,5,2.3,2.17,0.6,16.3,7.6121,12.69,130,4.9,95,4.1,100.09,134,346,480,27.92,6.1,128.37,0,12.2,22.4,54.46,9.4,3.5,77,5.6,2.63,100,68,82,126
676818,KLTRS06TSS,600064,28/04/2019,08:14,09:01,Straw,Clear,1.018,6.8,Negative,Trace,Negative,Trace,Negative,Normal,Negative,2-3,0,3-3,Few,Nil,NIL,19.2,4.1,42.1,88.4,46,45,12.7,41,8494,32,29,5,9,0,21.84,2.31,0.47,0.32,0.09,259,7.8,14,0.29,13.8,1.2,0,0.24,0.27,208,74,82.6,10.1,50.5,64,2.8,1.12,0.9,0.7,0.1,0.6,45,41,31,33,7.4,3.9,3.5,1.11,1.2,39.7,18.5399,15.45,145,5.8,98,3.6,96.88,116,338,454,25.55,5.1,99.67,0.7,18.7,90.8,20.59,12,7,167,12.4,3.95,96,66,122,153
594130,MZLGI07APK,529202,24/04/2019,08:24,09:46,Light Yellow,Clear,1.013,6.4,Negative,Negative,Negative,Negative,Negative,Normal,Negative,4-6,1,3-3,Rare,Nil,NIL,11.8,5.5,39.6,93.4,21,29,13.5,41.6,6117,32,30,8,3,0.7,4.44,1.97,0.57,0.04,0,293,9.6,17,0.26,22.4,4.6,0.69,3.95,0.31,192,40,84.5,28.2,141,144,4.8,2.11,0.47,1,0.3,0.7,40,22,16,30,7.2,3.9,3.3,1.18,0.7,26.7,12.4689,17.81,144,3.1,107,3.1,106.43,48,337,385,12.47,6.1,128.37,0.8,10.2,77.8,13.11,11,3.6,80,10.6,3.11,183,106,90,76
704114,PBCHD02PBM,888804,28/04/2019,09:03,10:21,Straw,Clear,1.021,4.8,Negative,Trace,Negative,Negative,3+,Normal,Negative,2-3,0,1-3,Nil,Nil,Yeast cells,17.7,6.6,24.9,89.7,26,71,12.4,42.2,4258,65,16,4,2,0,6.81,1.75,1.26,0.49,0.05,314,12.7,17,0.33,22.2,2.8,0.09,0.95,0.25,120,51,73.2,27.1,135.5,195,2.4,1.44,0.7,0.7,0.3,0.4,71,14,25,46,7.3,3.6,3.7,0.97,0.8,14.3,6.6781,8.35,136,3.8,90,3.5,112.53,148,247,395,37.47,8.5,197.25,0.1,12.5,86.1,14.52,13.2,4.3,53,8.4,3.2,73,95,96,99
992646,KLTRS13WBD,820890,28/04/2019,07:48,08:38,Light Yellow,Hazy,1.011,4.7,Negative,Negative,Negative,3+,Negative,Normal,Negative,65-66,1,3-2,Nil,Few,Amorphous debris,15.4,2.3,53,128.8,66,29,14.6,40.8,7592,43,55,4,2,0.8,18.56,2.75,0.53,0.32,0.04,223,11,12,0.2,32.5,1.9,0.34,0.23,3.31,187,49,98.8,58.5,292.5,123,3.8,2.02,0.5,2.3,1.1,1.2,109,45,24,18,7.1,4.5,2.6,1.73,0.9,19.1,8.9197,9.91,143,3.2,101,2.2,97.18,151,305,456,33.11,5.4,108.28,0.8,289.3,142.9,202.45,9.7,5.4,174,11.7,1.38,99,217,109,136
395819,GYAHD05KAU,771354,25/04/2019,11:48,12:52,Pale Yellow,Clear,1.028,6.7,Negative,Trace,2+,Negative,Negative,Normal,Negative,1-3,2,3-4,Nil,Nil,NIL,3.7,6.1,34.5,82.3,6,10,14.5,49,10923,40,31,5,6,0,4.95,0.44,0.22,0.2,0.06,402,10.6,10,0.37,31.6,5.8,0.34,0.11,0.09,226,78,76.3,5,25,120,2.9,0.98,1.02,1,0.3,0.7,42,55,37,10,8.3,4.1,4.2,0.98,0.8,9.3,4.3431,5.43,120,2.9,93,6.6,99.44,126,323,449,28.06,6.1,128.37,0.8,276.7,137.9,200.65,8.7,3.8,297,9.5,0.29,71,68,108,83
232810,PBCHD02HPP,602581,25/04/2019,07:44,08:55,Yellow,Clear,1.023,5,Negative,Trace,Negative,Negative,Negative,Normal,Negative,5-7,2,2-3,Nil,Few,Yeast cells,9.2,5.9,47.2,98.5,15,19,16,40.3,5880,56,15,4,5,0.8,4.19,2.05,0.52,0.6,0.06,106,10.1,11,0.2,28.2,1.8,0.87,2.53,0.23,193,79,53.6,29,145,203,2.4,0.68,1.47,0.6,0.2,0.4,40,24,36,38,8.3,4.8,3.5,1.37,1.2,14.7,6.8649,5.72,135,1.9,97,5.4,35.94,136,288,424,32.08,8.4,194.38,0.9,13.2,114.1,11.57,9.1,4.6,192,19.3,7.41,80,101,87,195
700466,MZLGI09BRC,929192,27/04/2019,10:31,11:50,Pale Yellow,Hazy,1.014,6.9,Trace,Negative,Negative,Negative,Negative,Normal,Negative,10-12,2,7-16,Nil,Few,NIL,1.8,6,42.5,42.5,3,4,12.5,40.5,4270,56,29,6,6,0,0.24,1.58,0.79,0.33,0.01,362,7.5,11,0.26,47.7,0.1,0.08,0.23,0.19,216,26,122.7,35,175,107,8.3,4.72,0.21,18.5,14,4.5,42,44,33,22,6.5,4.4,2.1,2.1,0.6,15.5,7.2385,12.06,170,4.3,96,2.5,100.08,104,318,422,24.64,6.1,128.37,23.7,28.1,127.5,22.04,8.7,5.9,114,5.9,2.96,85,82,91,67
350367,GYAHD12KLM,637092,28/04/2019,08:28,09:22,Light Yellow,Clear,1.02,6,Negative,Negative,Negative,Negative,Negative,1+,Negative,3-4,0,2-4,Nil,Nil,NIL,15.4,5.6,46.6,92.1,27,33,13.5,44.2,7908,49,28,8,8,0,6.79,2.98,0.36,0.28,0.02,226,9.8,12,0.21,34.1,2,0.15,0.05,0.08,130,41,100.2,10.3,51.5,175,3.2,2.44,0.41,0.8,0.2,0.6,55,35,24,21,7.4,4.1,3.3,1.24,1.1,14.5,6.7715,6.16,145,6,105,4.3,91.53,70,173,243,28.81,5.9,122.63,0.1,14.2,98.6,14.4,9.4,3.6,107,10.4,1.41,174,80,90,257
800478,MZLGI06MHP,615370,27/04/2019,07:54,09:22,Pale Yellow,Hazy,1.019,6.2,Negative,1+,Negative,Negative,Negative,Normal,Positive,6-7,1,3-3,Nil,Nil,NIL,8.8,5,35.9,90.5,17,24,10.8,45.3,9089,45,21,6,18,0,18.32,3.58,0.71,0.28,0,124,10.9,10,0.34,34.9,5.3,0.28,0.17,0.22,218,78,127.1,34.2,171,110,2.8,1.63,0.61,0.5,0.2,0.3,85,27,36,42,6.5,4.3,2.2,1.95,0.8,17.6,8.2192,10.27,135,3.6,70,9.8,113.51,63,284,347,18.16,9.5,225.95,0.6,18.1,132.6,13.65,11.7,5.3,112,15.2,2.7,99,76,77,64
653219,GYAHD04ODK,583841,28/04/2019,08:30,09:24,Yellow,Slightly cloudy,1.028,7,Negative,Trace,Negative,Negative,Negative,Normal,Negative,11-13,0,2-3,Nil,Moderate,NIL,8.2,6.5,39.7,89.6,12,20,12.3,43.4,5109,36,29,1,3,0,11.7,1.77,0.74,0.48,0,391,5.4,10,0.06,27.9,5.8,0.34,0.26,1.6,102,47,71.7,58.9,294.5,105,2.2,1.53,0.66,0.5,0.2,0.3,119,18,34,31,7.3,4.4,2.9,1.52,1,15.7,7.3319,7.33,108,4.2,105,2.3,114.14,139,360,499,27.86,5.3,105.41,0.3,16.7,183,9.13,11.2,5.2,130,6.7,5.36,100,114,90,283
923818,GYAHD12KLM,704652,27/04/2019,08:55,09:45,Light Yellow,Slightly cloudy,1.012,6.7,Trace,1+,Negative,Negative,Negative,Normal,Negative,7-9,2,1-2,Few,Rare,Fungal elements,10,5,41.1,98.2,20,24,10.2,47.4,7010,58,34,3,9,0,0.03,2.59,0.43,0.37,0.03,286,9.8,14,0.12,18.8,2.8,0.1,0.24,0.17,175,48,45.1,94.3,471.5,77,3.6,0.94,1.06,1,0.3,0.7,48,106,14,44,6.9,4,2.9,1.38,1.1,9.7,4.5299,4.12,139,4.2,95,2.6,87.59,96,150,246,39.02,7.9,180.03,0.7,17.3,129.5,13.36,7.6,2,107,4.3,1.98,151,69,95,97
443253,GYAHD14KAU,630689,28/04/2019,08:52,09:45,Straw,Clear,1.017,4.9,Negative,Negative,Negative,Negative,Negative,Normal,Negative,9-10,2,2-3,Nil,Nil,NIL,11.1,5.4,39.9,95.6,20,27,11.5,42.4,28029,33,12,5,6,0,1.84,2.95,0.92,0.67,0.01,262,10,11,0.38,15.9,2,0.3,0.07,0.08,219,25,110.6,23.9,119.5,123,8.8,4.42,0.23,0.7,0.3,0.4,50,18,31,41,6.3,4.3,2,2.15,0.6,18.6,8.6862,14.48,135,4.3,107,6.8,107.53,121,173,294,41.16,8.6,200.12,0.1,28,220.1,12.72,10.2,1.8,140,9.8,6.05,71,66,98,183
353895,KLTRS14WBD,197743,25/04/2019,09:30,10:38,Yellow,Slightly cloudy,1.013,6.1,Trace,Trace,Negative,Negative,Negative,Normal,Negative,1-3,0,12-18,Few,Nil,NIL,14.6,5.6,57.7,82.3,26,25,12.1,43.2,10329,25,23,3,2,0,3.49,2.74,0.92,0.64,0.02,319,7.3,15,0.18,23.6,5.8,0.29,0.92,0.74,197,53,185.4,63.2,316,193,3.7,3.5,0.29,15.1,10.6,4.5,96,49,16,22,7.4,4.1,3.3,1.24,0.7,8.7,4.0629,5.8,142,3.8,110,6.2,116.08,154,350,504,30.56,7.6,171.42,0.7,22.4,42.5,52.71,10.1,3.8,40,5.7,2.75,88,99,312,166
699452,KLTRS07KLP,543198,26/04/2019,10:41,11:20,Straw,Slightly cloudy,1.025,6.7,2+,Trace,Negative,Negative,Negative,1+,Negative,TNTC,0,1-3,Nil,Nil,NIL,19,5.6,25.3,80,33,75,13.8,45.6,9218,40,39,2,11,0,7.19,0.55,0.21,0.27,0.05,125,17,11,0.57,33.1,2.8,3.76,0.11,0.17,201,32,97.6,21.2,106,166,6.3,3.05,0.33,0.8,0.1,0.7,98,53,19,35,6.5,4.1,2.4,1.71,0.8,24,11.208,14.01,123,4.5,112,4.3,15.12,140,157,297,47.14,5.8,119.76,1,248.3,164.1,151.31,12.3,4.3,186,11.3,9.98,73,61,93,114
100427,PBCHD15HPP,420398,27/04/2019,07:23,08:16,Yellow,Clear,1.018,6.3,2+,Negative,Negative,Trace,Negative,Normal,Negative,4-6,2,1-2,Nil,Nil,NIL,5.4,5.3,53.5,126.3,10,10,13.3,40.6,7990,80,13,1,5,0,2.28,0.46,0.77,0.11,0.08,356,8.2,13,0.38,25.2,3.2,4.23,0.38,1.16,182,23,70.8,49.5,247.5,89,7.9,3.08,0.32,0.3,0.1,0.2,123,29,9,24,8.2,3.7,4.5,0.82,1,15.7,7.3319,7.33,141,4.4,86,4.3,99.31,190,344,534,35.58,6.4,136.98,1.7,27.9,111.4,25.04,6.4,5.4,204,8.5,2.51,135,118,148,164
410662,PBCHD02PBP,282001,28/04/2019,06:15,07:33,Straw,Clear,1.015,4.8,Negative,Negative,Negative,Negative,Negative,Normal,Negative,TNTC,2,3-3,Moderate,Nil,Fungal elements,8.6,4.7,45.5,87.1,18,18,12.4,42.1,10701,44,11,4,4,0,4.79,1.47,0.55,0.1,0.09,565,8.4,14,0.05,19.7,3.9,0.19,0.34,0.93,194,58,78.3,14.8,74,69,3.3,1.35,0.74,14,9.5,4.5,115,13,33,34,6.5,3.8,2.7,1.41,0.7,16.3,7.6121,10.87,137,3.2,99,4.7,109.16,81,250,331,24.47,5.9,122.63,0.1,15.1,20.5,73.66,9.1,5.4,231,5.7,0.61,155,91,75,276
459733,MZLGI01GJS,630713,27/04/2019,09:06,10:35,Straw,Opaque,1.005,4.9,Negative,Negative,Trace,Negative,Negative,Normal,Negative,12-14,1,1-4,Few,Nil,NIL,13.5,5.2,15.3,80.6,25,88,12.6,44.9,3436,31,35,2,4,0,9.9,2.41,0.29,0.16,0.1,255,12.1,17,0.35,24.6,2.7,0.04,4.66,0.01,123,61,80.3,25.8,129,79,2,1.32,0.76,1.1,0.5,0.6,122,39,23,17,8.2,4.4,3.8,1.16,1.1,11.4,5.3238,4.84,136,4.3,102,3.6,43.81,39,101,140,27.86,5.8,119.76,0,10.3,136.6,7.54,8.5,2.6,156,3.2,3.54,74,141,117,98
512379,KLTRS11KLP,791910,25/04/2019,07:22,07:53,Green,Clear,1.037,9,1+,Negative,Negative,Negative,Negative,Normal,Negative,5-7,1,10-9,Nil,Nil,Parasites,9.6,4.9,18.4,86.7,19,52,13.1,25.2,7018,56,48,16,2,0,3.58,2.75,0.75,0.07,0.09,619,8.4,17,0.21,17.6,5,1.58,0.39,0.34,184,61,92,15.8,79,98,3,1.51,0.66,0.4,0,0.4,87,3,53,42,8.2,4.4,3.8,1.16,0.6,9.6,4.4832,7.47,129,4.8,102,5.6,109.11,181,271,452,40.04,6.2,131.24,0.5,15.5,101.6,15.26,9.2,4.1,176,18.5,3.8,82,79,80,138
931523,PBCHD06PBM,547509,28/04/2019,06:26,07:32,Deep Amber,Slightly cloudy,1.015,4.8,Negative,Negative,Negative,Negative,Negative,Normal,Negative,13-15,1,3-4,Nil,Rare,Amorphous debris,9.2,5.1,33.6,42.9,18,27,13.3,45.1,6322,49,54,5,6,2.8,5,1.52,0.99,0.67,0.01,447,9.3,15,0.28,49.2,1.1,0.76,0.34,0.34,226,49,74.6,59.4,297,65,4.6,1.52,0.66,0.5,0.2,0.3,100,35,19,14,8.3,3.9,4.4,0.89,0.9,17.9,8.3593,9.29,136,3.5,111,5.3,108.76,172,249,421,40.86,8.5,197.25,0.7,14.2,24.5,57.96,7.8,2.7,156,9.3,3.56,87,81,104,222
211734,KLTRS03ODB,212679,27/04/2019,06:26,07:18,Yellow,Hazy,1.011,6.5,Negative,1+,Negative,Negative,1+,Normal,Negative,1-2,41,1-2,Few,Nil,Fat droplets or lipiduria,4.9,6.6,54.7,90,7,8,14.1,43.9,7753,52,44,2,2,0,6.47,1.94,0.56,0.83,0.01,196,7.5,7,0.39,46.6,3.8,0.62,0.13,0.28,209,48,160.1,34.6,173,113,4.4,3.34,0.3,0.5,0.2,0.3,89,48,20,16,6.2,5,1.2,4.17,0.7,7.8,3.6426,5.2,125,5.2,97,2.8,124.93,138,281,419,32.94,8.3,191.51,19.2,14.5,258.7,5.6,11.2,4.2,151,3.5,3.16,94,117,91,105
594555,GYAHD13JHJ,925077,25/04/2019,10:18,11:18,Pale Yellow,Hazy,1.015,5.7,1+,Negative,Negative,Negative,Negative,Normal,Negative,5-7,2,2-2,Rare,Nil,NIL,3.8,4.5,57.5,53.7,8,6,14.4,45.1,52634,38,48,2,2,0,1.04,1.64,0.63,0.92,0.03,240,7.1,14,0.34,13.2,1.3,0.23,0.73,0.05,219,40,86.2,25.6,128,61,5.5,2.16,0.46,0.5,0.1,0.4,80,24,27,23,8.2,4.9,3.3,1.48,0.9,12,5.604,6.23,144,3.4,108,3.2,109.11,97,191,288,33.68,8,182.9,0.8,12.8,33.8,37.87,11.8,4.2,164,7.8,1.96,92,93,72,297
169179,GYAHD01JHJ,869604,28/04/2019,09:16,10:00,Light Yellow,Clear,1.012,6.9,2+,Negative,Negative,Negative,Negative,Normal,Negative,14-15,1,1-4,Nil,Nil,Fungal elements,17.3,4.2,34.6,87.5,41,50,14.6,42.6,5357,40,33,6,3,0.8,6.92,1.89,0.24,0.43,0.09,297,8.9,15,0.28,15.6,2.9,0,6.26,0.11,197,21,93.3,99.7,498.5,77,9.4,4.44,0.23,3.3,1.6,1.7,50,32,26,42,9,3.8,5.2,0.73,1,8.5,3.9695,3.97,141,5.7,111,3.2,99.37,148,225,373,39.68,6.2,131.24,0.5,20.8,147.9,14.06,11.6,2.9,121,5.7,8.16,81,85,122,139
654593,PBCHD12KLC,188561,28/04/2019,08:34,09:37,Orange,Clear,1.014,6.8,Negative,Negative,Negative,Negative,Negative,Normal,Negative,3-4,0,1-4,Nil,Nil,NIL,14,4.7,31.7,61.2,29,44,16.4,40.9,7761,59,47,3,5,0.4,9.98,2.05,0.33,0.05,0.13,224,10.2,12,0.18,29.9,2.8,0.61,0.79,3.98,155,53,87.4,19.6,98,68,2.9,1.65,0.61,1.7,0.8,0.9,114,31,14,40,6.2,3.6,2.6,1.38,1.2,18.9,8.8263,7.36,142,4.3,96,3.1,113.33,61,185,246,24.8,6.1,128.37,0.8,27.2,60.7,44.81,8.7,3.9,67,8.8,3.47,120,119,72,129
908007,PBCHD03HPP,227133,26/04/2019,06:35,07:43,Pale Yellow,Slightly cloudy,1.014,6.7,Negative,Negative,Negative,Negative,Negative,Normal,Negative,55-57,2,3-4,Nil,Nil,NIL,16.5,4.5,40,74.7,36,41,11.8,39.5,6775,46,24,4,3,0,8.3,2.08,1.12,0.23,0.08,227,9,13,0.49,17.4,4,0.56,0.01,0.12,151,73,88,17.7,88.5,62,2.1,1.21,0.83,0.5,0.2,0.3,45,22,8,13,6.5,4.7,1.8,2.61,0.8,26.4,12.3288,15.41,140,3.7,106,3.1,97.04,117,269,386,30.31,9,211.6,0.8,17.9,70.7,25.32,8.9,2.5,137,11.9,3.07,95,82,73,122
796383,GYAHD06KAU,769902,26/04/2019,08:48,10:11,Dark Yellow,Hazy,1.018,6.6,Negative,Trace,Negative,Negative,3+,Normal,Negative,38-39,1,1-4,Nil,Nil,Mucus threads,17.2,4.3,41.6,79.9,40,41,15.1,43.6,4755,55,52,2,20,0,7.96,2.94,0.21,0.34,0.02,214,7.1,13,0.32,23.6,1.1,0.06,0.12,0.26,184,31,123,19.2,96,103,5.9,3.97,0.25,0.5,0.2,0.3,126,27,11,30,7.9,4.4,3.5,1.26,0.5,15.7,7.3319,14.66,124,4.2,107,5.3,77.27,94,315,409,22.98,6.3,134.11,0.6,14.8,26.9,55.02,11.5,4.4,164,8.3,2.8,91,74,97,97
789794,GYAHD14ODK,540702,28/04/2019,06:17,07:42,Yellow,Hazy,1.016,5.4,Negative,Negative,Negative,Negative,Negative,Normal,Negative,49-52,1,2-3,Nil,Nil,NIL,10.3,8.4,57.1,99.2,12,18,13.8,25.2,6537,42,43,4,3,0,1.61,2.45,0.5,0.29,0.04,382,7.6,12,0.11,29.3,4.3,2.93,0.36,0.52,164,40,93.7,69.8,349,60,4.1,2.34,0.43,0.5,0.2,0.3,105,24,25,45,7.5,4.7,2.8,1.68,0.9,17,7.939,8.82,125,4.3,112,6.4,111.41,212,349,561,37.79,6.1,128.37,3.4,23.9,92.9,25.73,11.1,4.7,183,4.2,0.88,74,80,73,86
406736,PBCHD10PBM,746079,27/04/2019,08:46,10:13,Pale Yellow,Slightly cloudy,1.013,4.9,Negative,Negative,Trace,Negative,Negative,Normal,Negative,TNTC,1,13-12,Nil,Nil,Fungal elements,15.4,4,38.8,86.2,38,39,14.6,41.5,3404,50,34,7,5,0,0.88,2.72,0.64,0.03,0.04,122,7.4,11,0.3,17.5,3.9,1.31,0.35,0.4,184,51,92.7,32,160,135,3.6,1.82,0.55,2.8,0,2.8,127,8,19,17,6.3,4.6,1.7,2.71,0.7,10.2,4.7634,6.8,126,4.5,111,4.9,65.11,96,270,366,26.23,7.1,157.07,0.8,11.5,181.7,6.33,9.8,4.9,101,5.6,1.58,73,97,120,177
152091,GYAHD04ODK,893832,26/04/2019,06:06,06:50,Straw,Slightly cloudy,1.02,8.6,Negative,1+,Negative,Negative,Negative,Normal,Negative,6-8,2,2-2,Rare,Rare,Parasites,5.7,4.7,42.8,78.1,12,13,13.2,42.1,5368,56,26,4,2,0,5.7,1.73,0.38,0.22,0.09,237,13.9,17,0.11,28.8,6.5,0.24,0.38,0.39,183,57,41.1,8.3,41.5,96,3.2,0.72,1.39,0.8,0.2,0.6,191,41,35,22,7.5,4.7,2.8,1.68,0.5,15.7,7.3319,14.66,135,5,100,2.8,96.28,89,148,237,37.55,6.3,134.11,0.1,28.8,37.7,76.39,11.2,2.7,104,5.1,2.59,95,97,95,101
105937,MZLGI03MHP,955579,26/04/2019,10:42,11:55,Yellow,Hazy,1.02,4.9,Negative,Trace,Negative,Negative,Negative,Normal,Negative,TNTC,1,1-4,Nil,Nil,Amorphous debris,10,5.8,51.7,50,17,19,13.7,43.4,9140,23,44,6,4,2.2,8.13,1.7,0.76,0.53,0.03,149,13.1,17,0.45,44.3,0.1,0.23,0.99,0.1,692,45,72.7,35.2,176,129,15.4,1.62,0.62,0.9,0.3,0.6,99,55,21,46,6.7,4,2.7,1.48,1.1,7.7,3.5959,3.27,134,3.9,97,5.7,33.34,86,349,435,19.77,5.7,116.89,0.4,15.5,223.9,6.92,9.4,2.5,322,5.2,2.95,75,94,207,70
487017,PBCHD15CGD,685242,24/04/2019,07:58,09:16,Yellow,Slightly cloudy,1.016,5.5,Trace,Negative,Negative,Negative,Negative,Normal,Negative,TNTC,1,3-2,Nil,Nil,Yeast cells,11.1,5.1,30.1,85.5,21,36,13.2,39.1,10422,54,53,2,6,0,6.72,1.84,0.9,0.47,0.04,100,11.6,11,0.21,13.5,1.1,0.47,0.27,1.05,115,64,85.9,19.8,99,101,1.8,1.34,0.75,0.5,0.2,0.3,70,7,29,32,7.3,3.8,3.5,1.09,0.9,14.9,6.9583,7.73,144,1.5,98,5.4,80.01,182,94,276,65.94,6,125.5,0.7,10.7,446.4,2.4,11.5,3,102,8,2.49,103,188,78,95
581211,GYAHD10JHJ,587420,25/04/2019,09:12,09:42,Light Yellow,Slightly cloudy,1.023,5.3,Negative,Negative,Negative,Negative,Negative,Normal,Negative,9-11,2,3-4,Nil,Nil,Amorphous debris,13.7,6.4,59.7,46.2,21,22,11.5,45.5,4044,45,29,4,0,0,4.32,0.45,0.73,0.63,0.07,187,9.1,12,0.52,13.8,4.1,0.3,0.1,0.02,224,31,127.1,40.6,203,153,7.2,4.1,0.24,0.9,0.2,0.7,89,23,11,42,8.3,4.6,3.7,1.24,0.7,224.7,104.9349,149.91,140,2.6,88,4.8,99.17,71,238,309,22.98,7.9,180.03,0.3,11.6,62,18.71,9.3,2,135,5.7,1.53,124,69,111,135
124326,MZLGI10BRC,819150,24/04/2019,11:39,12:41,Yellow,Clear,1.017,4.8,Trace,1+,Negative,Negative,Trace,Normal,Negative,1-2,2,3-3,Nil,Rare,NIL,14.7,4.2,37.1,95.3,35,39,13,44.1,9714,50,34,6,8,0,7.3,1.72,0.13,0.41,0.07,1027,7.9,20,0.27,16.3,4.8,0.34,0.41,3.44,208,57,76.4,86.5,432.5,111,3.6,1.34,0.75,0.8,0.1,0.7,88,53,80,18,7.8,4.9,2.9,1.69,0.9,9.9,4.6233,5.14,128,4.6,114,3.8,74.63,163,300,463,35.21,7.7,174.29,0.9,14.4,51.7,27.85,6.2,2.9,76,3.7,0.77,90,123,89,194
703800,MZLGI04GJS,158060,27/04/2019,10:40,11:50,Light Yellow,Clear,1.028,6.9,Negative,Negative,Negative,Negative,Negative,Normal,Negative,12-14,2,2-4,Nil,Nil,NIL,10.3,5.8,35.4,97.3,17,29,11.6,41.3,7083,57,26,6,10,0,8.55,7.05,0.66,0.12,0.06,389,11.9,16,0.19,12.9,1.3,0.35,1.08,0.01,223,40,97.1,82.2,411,61,5.6,2.43,0.41,0.7,0.3,0.4,94,50,32,16,7.1,4,3.1,1.29,0.6,8,3.736,6.23,139,5.2,102,6.7,113.14,168,355,523,32.12,5.9,122.63,0.1,28.9,88.9,32.51,12,4.8,149,7.3,3.89,73,82,99,115
447249,MZLGI14MHP,909546,28/04/2019,06:13,07:18,Light Yellow,Clear,1.017,5.9,Trace,Trace,Trace,Negative,Negative,Normal,Negative,1-2,1,>20,Nil,Nil,Artifacts,16.8,6.2,32.6,72.9,27,51,9.1,41.1,7446,74,40,6,10,10.4,5.62,1.6,0.69,0.12,0.09,234,8.8,15,0.25,26.1,1.3,0.14,0.14,0.28,175,29,74.2,60.8,304,114,6,2.56,0.39,0.5,0.1,0.4,87,39,15,44,6.2,4.2,2,2.1,0.8,18.2,8.4994,10.62,143,5.6,115,4.6,91.63,96,206,302,31.79,5.7,116.89,0.2,17.6,393.7,4.47,9.4,2.5,91,3.5,3.11,119,77,81,105
529827,PBCHD05NLM,100369,25/04/2019,10:55,12:04,Deep Amber,Clear,1.017,5.7,4+,Trace,Negative,Negative,Negative,Normal,Negative,13-14,1,3-2,Nil,Rare,NIL,13.5,5,21.1,70.4,27,63,14.6,43.4,10414,20,39,2,8,1.1,1.67,2.14,0.74,0.47,0.05,246,14.8,12,0.32,20.1,4.2,1.32,0.01,0.96,232,43,98.4,29.4,147,103,5.4,2.29,0.44,0.8,0.3,0.5,70,41,11,44,7.7,3.8,3.9,0.97,1.2,39.5,18.4465,15.37,143,5.3,93,3.1,111.34,155,154,309,50.16,8.1,185.77,0.2,18.6,78.8,23.6,8.9,3.4,166,5,2.83,136,73,71,67
179467,PBCHD09KLC,805665,24/04/2019,11:39,13:00,Yellow,Slightly cloudy,1.015,6.5,Negative,Trace,Negative,Negative,Negative,Normal,Negative,8-9,0,3-2,Nil,Nil,NIL,9.1,6.2,58.5,90.8,14,15,13.1,41.9,10668,52,24,6,3,0.1,1.66,2.77,0.8,0.44,0.08,340,8.6,28,0.06,33.7,4.5,0.01,0.69,0.37,173,50,22,86.7,433.5,189,3.5,0.44,2.27,0.8,0.2,0.6,114,8,33,26,5,3.8,1.2,3.17,1.2,15.8,7.3786,6.15,101,4.8,90,4.8,104.64,80,254,334,23.95,8.4,194.38,0.9,12.5,22.1,56.56,9.6,5,185,4.6,3.66,123,101,92,258
877795,PBCHD02RJU,225186,26/04/2019,09:44,10:52,Red,Clear,1.012,6.9,2+,Negative,Negative,2+,Negative,Normal,Negative,11-12,2,1-4,Nil,Nil,NIL,16.8,4.9,39.8,90.1,34,42,13.5,41.3,24852,43,47,6,18,0.9,5.45,1.33,0.56,0.11,0.31,138,8,13,0.09,26.8,2.5,0.02,0.31,0.21,115,38,72.4,20.8,104,92,3,1.91,0.52,0.4,0,0.4,90,12,20,32,8.2,4.1,4.1,1,0.7,169.4,79.1098,113.01,140,2,96,2.6,57.76,84,348,432,19.44,8,182.9,0.5,24.5,144.1,17,7.7,4.5,132,15.7,3.82,78,129,72,123
701979,PBCHD15MHS,975953,27/04/2019,11:05,11:37,Yellow,Slightly cloudy,1.014,6,Trace,1+,Negative,Negative,Negative,Normal,Negative,12-13,1,1-3,Few,Nil,NIL,8.2,4.3,47.1,79.5,19,17,12.4,39.8,8161,50,24,5,8,0,4.76,2.86,0.56,0.12,0.08,428,8.1,15,0.38,44.6,1.9,0.21,0.02,0.49,194,46,79,62.8,314,177,4.2,1.72,0.58,0.7,0.2,0.5,131,44,18,38,6.7,4.2,2.5,1.68,0.9,9.3,4.3431,4.83,141,4.3,114,9.5,88.92,98,285,383,25.59,6.2,131.24,0.5,15.5,251.7,6.16,8.7,4,264,5.3,3.63,78,88,73,196
801752,KLTRS15WBD,463670,26/04/2019,10:08,11:10,Yellow,Clear,1.018,6.8,4+,Trace,Negative,Negative,Negative,Normal,Negative,1-2,2,3-3,Rare,Nil,Yeast cells,10.5,5.6,59.9,83.4,18,17,14.1,41.8,6366,55,38,0,3,5.6,9.03,1.75,0.57,0.23,0.14,322,7.4,10,0.37,34.1,2.8,0.9,0.05,0.71,169,46,70.3,8.3,41.5,85,3.7,1.53,0.65,1,0.3,0.7,69,17,32,19,7.6,4.6,3,1.53,0.9,8.9,4.1563,4.62,141,5.9,106,2.2,112.17,129,181,310,41.61,5.9,122.63,0.7,695.6,83.8,830.07,8.4,5,146,10.1,2.48,105,112,85,88
309083,KLTRS04NLZ,467009,25/04/2019,09:59,11:01,Pale Yellow,Clear,1.011,5.8,Trace,Negative,2+,Negative,Negative,2+,Negative,93-97,2,3-4,Moderate,Nil,NIL,16.7,5.3,18.1,80.9,31,92,12.4,40.3,10708,56,38,5,5,0,19.87,1.65,0.48,0.05,0.07,276,10.5,13,0.31,43.5,0.8,0.24,0.21,6.95,111,45,72.2,10,50,202,2.5,1.6,0.62,0.3,0,0.3,97,29,20,22,7.9,4.5,3.4,1.32,0.8,27.7,12.9359,16.17,113,3.2,101,6.3,111.81,159,156,315,50.48,8.3,191.51,0.1,13.6,49.2,27.64,8.4,4,93,8.6,7.31,287,79,87,106
901741,PBCHD06KLC,739498,26/04/2019,09:12,10:31,Yellow,Slightly cloudy,1.005,4.6,Trace,Trace,Negative,Trace,Negative,Normal,Negative,TNTC,3,3-3,Nil,Few,NIL,16.8,4,49.5,46.7,42,33,11.9,49.4,43107,40,42,5,8,0,9.68,3.7,1.13,0.94,0.03,245,10.9,15,0.24,31.4,3.5,2.5,0.15,0.33,171,79,58.1,29.7,148.5,179,2.2,0.74,1.36,0.5,0.1,0.4,62,16,44,20,7.1,3.5,3.6,0.97,0.7,8.5,3.9695,5.67,138,4.8,110,2.5,93.33,93,213,306,30.39,5.7,116.89,0.7,10.3,238.2,4.32,8.7,3.7,318,3.8,2.02,166,110,77,120
202897,GYAHD05JHJ,322646,26/04/2019,11:43,12:38,Straw,Hazy,1.017,6.9,Trace,2+,Negative,Negative,Negative,Normal,Negative,9-11,0,2-2,Few,Rare,Fat droplets or lipiduria,13.2,4.2,51.5,72.3,31,25,14.2,45.1,5295,26,24,8,8,0.6,8,4.01,0.46,0.07,0,54,10.7,16,0.46,14.6,0.7,0.04,0.39,0.13,173,51,85.3,25.7,128.5,63,3.4,1.67,0.6,0.4,0.1,0.3,63,23,15,40,8.3,3.5,4.8,0.73,1.1,14.6,6.8182,6.2,145,5.8,101,2.6,97.95,151,345,496,30.44,6.2,131.24,0.7,26.2,217.4,12.05,9.5,3.6,55,5.4,2.68,193,76,192,356
461310,GYAHD13JHJ,461860,26/04/2019,07:06,07:55,Light Yellow,Slightly cloudy,1.016,6.9,Negative,Trace,Negative,Negative,Negative,Normal,Negative,11-12,1,3-2,Nil,Nil,NIL,6.5,5.4,42,89,12,15,12.4,40.8,4626,48,52,0,3,0,9.62,1.33,0.55,0.05,0.05,1039,12.7,13,0.62,30.1,2.3,0.22,0.29,0.09,686,34,65,9.4,47,99,20.2,1.91,0.52,0.9,0.3,0.6,71,42,17,47,6.6,3.5,3.1,1.13,1.2,19.5,9.1065,7.59,125,6,94,4,102.94,68,144,212,32.08,5.9,122.63,1,20.4,79.4,25.69,9.7,2.7,115,8.2,0.8,97,66,90,239
878873,GYAHD07JHJ,514616,28/04/2019,09:56,10:29,Straw,Clear,1.012,5,Trace,Trace,Negative,Negative,Negative,Normal,Negative,48-52,1,3-3,Rare,Rare,NIL,16.3,4.9,55.6,85.9,33,29,14.2,45.4,8909,48,26,4,3,0,0.71,1.43,0.85,0.48,0.01,403,13.6,14,0.27,31,0.1,4.73,0.27,0.31,219,22,97.2,33.9,169.5,72,10,4.42,0.23,0.3,0.1,0.2,128,40,36,18,6.2,4.3,1.9,2.26,0.7,10.3,4.8101,6.87,141,4,99,4.1,108.7,55,344,399,13.78,7.5,168.55,0.4,216.8,143.4,151.19,9.9,2.8,350,18.5,8.82,83,75,81,232
953446,KLTRS15KLP,330098,27/04/2019,08:32,09:21,Orange,Clear,1.01,6.8,Trace,Trace,Negative,2+,Negative,Normal,Negative,14-15,2,1-3,Nil,Nil,NIL,10.7,5.1,43.6,48.3,20,24,11.5,43.9,4221,56,36,4,8,0,1.96,2.93,0.66,0.62,0.27,323,7,12,0.37,46.4,2.7,0.42,0.22,1.86,137,58,82,29.7,148.5,88,2.4,1.41,0.71,0.7,0,0.7,88,34,12,9,7.5,4.4,3.1,1.42,0.6,12.7,5.9309,9.88,148,4.8,104,5,104.45,99,356,455,21.76,6.5,139.85,0.7,81.7,226.2,36.12,10.1,2.9,84,11.2,3.17,105,83,71,143
797596,MZLGI01APK,917449,28/04/2019,07:15,08:04,Pale Yellow,Clear,1.022,5.9,Negative,Trace,Negative,Negative,Negative,Normal,Negative,TNTC,0,3-4,Nil,Few,NIL,16.5,4.6,42.8,76,35,38,13.2,39.6,9327,72,36,10,8,0,4.28,2.42,0.52,0.45,0.02,737,7.5,17,0.45,31.1,1.9,1.43,0.15,0.6,208,47,81.8,32.1,160.5,196,4.4,1.74,0.57,1,0.3,0.7,70,36,21,31,7.7,5,2.7,1.85,0.7,17.3,8.0791,11.54,145,5.9,111,3.3,113.22,170,170,340,50,8.5,197.25,0.2,23.7,270,8.78,9.8,2.9,168,11.6,8.94,71,96,92,247
837270,GYAHD05ODK,677588,27/04/2019,09:06,09:40,Yellow,Slightly cloudy,1.011,6.8,Negative,Negative,Negative,Negative,Negative,Normal,Negative,3-5,1,3-2,Rare,Rare,Fat droplets or lipiduria,9.5,4.9,36.2,71.6,19,26,12.8,44,6804,39,49,10,3,0,19.25,1.09,0.84,0.42,0.05,226,7.5,15,0.22,13.9,1.7,0.2,0.03,0.05,198,53,146,24,120,177,3.7,2.75,0.36,1,0.3,0.7,89,35,23,43,7.9,3.8,4.1,0.93,0.8,17.4,8.1258,10.16,127,2.8,101,5.9,117.88,171,174,345,49.57,5.8,119.76,0.9,10.8,123,8.78,9.7,3.2,89,14.1,0.005,105,83,187,63
591285,GYAHD15KLM,904932,26/04/2019,10:14,10:59,Yellow,Clear,1.011,5.3,Trace,3+,Negative,Negative,Negative,Normal,Negative,13-15,0,3-4,Nil,Rare,NIL,11.3,2.1,18.9,87.3,53,59,14.1,43.5,10107,27,30,5,8,0,5.27,2.39,0.1,0.33,0,174,7.2,5,0.45,26.4,4.2,0.38,0.58,0.22,181,49,72.6,45.5,227.5,66,3.7,1.48,0.67,0.9,0.2,0.7,71,49,18,42,6.5,4.6,1.9,2.42,1,8.2,3.8294,3.83,147,4.2,90,5.2,111.25,163,191,354,46.05,6,125.5,0.7,21.8,74.8,29.14,9,4.1,102,10.8,1.34,138,79,98,99
477555,PBCHD06GAM,906781,27/04/2019,08:50,09:54,Pale Yellow,Clear,1.014,5.6,Trace,Trace,Negative,Negative,Negative,Normal,Negative,10-11,1,2-3,Nil,Nil,NIL,9.8,4.7,42.2,79.6,20,23,13,28.3,6669,42,20,1,8,0,1.89,2.44,0.35,0.27,0.1,326,10.8,19,0.21,19.6,2.7,2.34,6.97,0.32,755,29,85.8,52.9,264.5,122,26,2.96,0.34,0.4,0.1,0.3,116,8,14,37,6,4.4,1.6,2.75,0.6,18.6,8.6862,14.48,144,5.9,105,2.8,99.93,97,109,206,47.09,7.8,177.16,0.5,11.1,73.3,15.14,13,3.5,103,8.7,2.4,75,171,87,85
201619,GYAHD01JHJ,750845,28/04/2019,08:15,08:48,Light Yellow,Slightly cloudy,1.019,5.6,Negative,Trace,Negative,Negative,Negative,Normal,Negative,11-12,0,1-4,Nil,Nil,NIL,8.2,6,41.4,119.1,13,19,13.3,40.4,6531,41,30,10,2,0,3.74,3.18,0.53,0.54,0.03,84,9.6,13,0.33,26.9,6.1,0.3,0.69,0.26,224,41,52.7,35.6,178,142,5.5,1.29,0.78,11.2,6.7,4.5,117,51,21,22,6,4.5,1.5,3,1,18.5,8.6395,8.64,139,2.7,108,2.7,111.77,87,219,306,28.43,5.7,116.89,1,12.3,77.1,15.95,11.2,4.2,170,16.8,0.25,121,75,88,72
319612,GYAHD06KLM,216410,25/04/2019,09:57,11:25,Green,Clear,1.024,5.4,Trace,Negative,1+,Negative,Negative,Normal,Negative,50-55,2,6-16,Nil,Few,NIL,17.4,4.6,57.9,99.7,37,30,12.7,45.2,7989,48,38,10,13,0,2.17,1.12,0.82,0.37,0.03,203,16.4,16,0.08,14,2.2,0.31,0.2,0.47,183,50,97.1,108.1,540.5,121,3.7,1.94,0.51,0.7,0.2,0.5,40,34,7,21,6.5,5,1.5,3.33,1.1,8.4,3.9228,3.57,127,2.7,84,1.8,112.01,64,360,424,15.09,5.2,102.54,0.3,25.8,129,20,9,4.5,106,8.8,1.59,95,125,61,121
505085,GYAHD01ODK,712492,27/04/2019,11:06,12:17,Light Yellow,Clear,1.018,6.8,1+,Negative,Negative,3+,Negative,Normal,Negative,12-14,1,1-3,Nil,Nil,NIL,10,5.6,43.8,89.8,17,22,12.7,41.8,7472,52,46,2,3,0,6.73,1.51,0.23,0.14,0.05,116,9.2,15,0.32,18.2,3.1,0.22,0.3,0.37,210,46,114.9,22.4,112,140,4.6,2.5,0.4,1.3,0.6,0.7,44,48,13,59,7,5,2,2.5,1.1,14.7,6.8649,6.24,128,4.3,80,3.1,97.98,144,173,317,45.43,8.9,208.73,6.4,24.9,140.7,17.7,10.1,5.8,148,3.7,3.04,97,120,87,61
819398,KLTRS02MLT,660332,27/04/2019,11:41,12:12,Straw,Slightly cloudy,1.02,6.9,Negative,Trace,1+,Negative,Negative,Normal,Negative,13-15,0,1-4,Nil,Nil,Fat droplets or lipiduria,11.6,6.6,41.4,99.9,17,28,13.7,41.3,33262,47,41,3,7,0,4.96,6.17,0.62,0.24,0.06,273,11.5,13,0.2,20.1,7.2,0.05,0.13,0.23,162,20,68.5,31.6,158,125,8.1,3.43,0.29,0.8,0.1,0.7,97,51,16,14,8.1,3.9,4.2,0.93,0.9,8.4,3.9228,4.36,148,4,95,2.6,63.8,85,185,270,31.48,6,125.5,0.4,11.6,136.9,8.47,11.5,3,62,5,0.02,96,94,85,264
570769,MZLGI02GJS,904928,27/04/2019,07:41,09:08,Yellow,Clear,1.013,4.8,Negative,Negative,1+,Negative,Negative,Normal,Negative,7-9,0,2-4,Rare,Rare,NIL,16.1,6,35.2,93.9,26,45,14.1,41.1,4895,43,20,1,1,11.4,6.08,1.86,0.45,0.3,0.05,15,11.4,8,0.28,19.4,1.2,6.67,0.75,0.4,155,54,80.9,105.1,525.5,154,2.9,1.5,0.67,0.7,0.3,0.4,94,42,39,26,7.9,4.1,3.8,1.08,1.1,17.6,8.2192,7.47,136,3.9,100,6.3,116.76,87,253,340,25.59,8.2,188.64,0.1,25.5,263,9.7,11,6.3,291,8.9,9.25,89,60,91,167
506888,PBCHD07CGD,755503,28/04/2019,06:17,06:59,Dark Yellow,Clear,1.013,4.7,Negative,Trace,Negative,Negative,Negative,Normal,Negative,85-86,2,2-4,Nil,Nil,NIL,21.8,6.4,33.4,52.7,34,65,13.4,41.6,18384,45,15,2,5,0,6.98,1.16,0.23,0.22,0.02,322,9.3,21,0.28,31.5,5.9,1.31,0.14,0.76,157,52,32.9,36.2,181,105,3,0.63,1.58,0.2,0,0.2,85,34,31,48,8.1,4.8,3.3,1.45,0.7,14.2,6.6314,9.47,138,4.9,101,5.7,94.39,181,149,330,54.85,6.3,134.11,0.8,12.2,87.8,13.9,8.4,6.1,177,18.2,3.89,70,98,82,325
262208,GYAHD03KLM,278681,24/04/2019,10:30,11:42,Straw,Clear,1.019,4.6,Negative,Negative,Negative,Negative,Negative,Normal,Negative,7-8,3,1-4,Nil,Rare,NIL,14.6,5.7,30.9,84,25,47,13.6,39.1,5734,71,33,8,4,0,5.8,1.1,0.95,0.49,0.04,137,11.1,20,0.3,27.9,5.3,0.36,1.98,0.17,179,50,127.6,23.7,118.5,167,3.6,2.55,0.39,1.5,0.7,0.8,55,24,10,14,7.8,4.5,3.3,1.36,1.7,9.6,4.4832,2.64,136,4.4,104,6.8,109.18,96,103,199,48.24,6.3,134.11,0.3,27.6,50.1,55.09,6.3,5.8,205,7.5,7.35,100,194,84,68
863999,GYAHD13JHJ,437977,25/04/2019,10:10,10:40,Dark Yellow,Hazy,1.013,4.9,Trace,Trace,Negative,Negative,Negative,Normal,Negative,2-3,2,1-4,Nil,Nil,NIL,11.1,5,44.2,88.2,22,25,12.3,44.9,4826,56,28,18,5,0,3.01,1.63,0.9,0.41,0.01,813,12,14,0.23,33.8,1.3,0.3,0.21,0.3,183,38,164.4,10,50,70,4.8,4.33,0.23,0.5,0.1,0.4,118,24,28,16,6.8,4.5,2.3,1.96,0.6,7.7,3.5959,5.99,135,3.8,97,4.4,96.65,161,153,314,51.27,8.5,197.25,0.6,21.7,138.2,15.7,11.9,4,86,6.7,3.77,93,84,242,193
381354,GYAHD13JHJ,358108,28/04/2019,08:56,10:18,Yellow,Clear,1.027,5.6,Negative,Trace,Negative,Negative,Negative,Normal,Negative,9-10,0,3-2,Nil,Moderate,Amorphous debris,14.1,5.7,31.7,89.4,24,44,14.2,43.8,8237,54,35,8,7,0,6.3,6.41,0.67,0.43,0.05,157,16.9,17,0.33,26,0.3,0.06,0.15,0.22,132,20,92.8,14,70,161,6.6,4.64,0.22,0.8,0.2,0.6,62,27,23,16,7.7,3.9,3.8,1.03,1.2,8.1,3.7827,3.15,126,5.6,117,4.7,116.56,183,332,515,35.53,6.2,131.24,0.4,14.1,127.1,11.09,8.9,3,42,11.7,3.94,110,102,84,198
392236,MZLGI10APK,128966,24/04/2019,09:05,10:34,Yellow,Clear,1.018,4.6,Trace,Trace,Negative,Negative,Negative,1+,Negative,TNTC,2,>20,Nil,Nil,NIL,6.6,4.6,30.2,84.5,14,21,10.3,43.1,9669,60,33,1,6,0.6,9.2,1.93,0.97,0.81,0.03,38,9.6,23,0.25,24.2,0.3,0.87,1.88,0.51,175,37,88.2,42.8,214,114,4.7,2.38,0.42,0.7,0.3,0.4,222,22,15,30,6.2,3.9,2.3,1.7,1.1,7.8,3.6426,3.31,145,3.2,103,5.6,106.14,101,256,357,28.29,7.7,174.29,0.8,12.5,143.9,8.69,9.9,2.8,159,18.4,0.71,140,103,79,101
123597,MZLGI03BRC,962965,28/04/2019,11:48,13:16,Light Yellow,Clear,1.012,6.9,Trace,Trace,Negative,Negative,Negative,Normal,Negative,1-2,1,2-2,Nil,Nil,Fungal elements,17.7,6.9,52.4,97,25,33,11.7,45,5602,59,36,6,0,0.3,4.58,2.69,0.89,0.14,0.11,251,7.4,13,0.24,12.5,6,0.33,0.3,0.01,234,51,65.1,70.2,351,66,4.6,1.28,0.78,0.7,0.2,0.5,106,47,23,14,5.9,3.6,2.3,1.57,0.3,146.5,68.4155,228.05,135,3.9,108,5.6,112.8,178,199,377,47.21,5.8,119.76,0.3,18.2,78.7,23.13,8.8,5.1,191,5.9,2.37,95,97,90,184
994374,GYAHD09ODK,949314,24/04/2019,10:58,11:38,Pale Yellow,Clear,1.016,6.8,Trace,Negative,Negative,Negative,Negative,Normal,Negative,79-83,2,3-4,Few,Few,Fat droplets or lipiduria,9.2,4.1,57.1,86.3,22,16,13.3,41.4,54090,50,22,6,7,0,7.77,2.2,0.51,0.06,0.02,126,7.9,11,0.22,12.3,0.8,0.4,0.02,0.27,136,40,91.2,35.8,179,132,3.4,2.28,0.44,1.7,0.8,0.9,70,19,39,24,7.6,4.5,3.1,1.45,1.1,37.7,17.6059,16.01,144,4.2,95,5.4,65.74,118,355,473,24.95,5.2,102.54,0.8,28.5,123.9,23,11.5,3.2,173,4.3,0.93,137,79,85,178
834226,PBCHD13PBM,457080,24/04/2019,11:23,12:02,Yellow,Clear,1.027,5.7,Negative,Trace,Negative,Trace,Negative,Normal,Negative,7-8,1,3-4,Nil,Nil,NIL,15.3,4.3,55.8,96.6,35,27,12.1,44.6,26890,46,15,2,8,10,8.2,1.85,0.71,0.23,0.05,267,10.2,11,0.27,22.8,5.1,0.66,5.63,0.1,195,25,120.2,99.2,496,66,7.8,4.81,0.21,0.7,0,0.7,79,96,37,52,7,3.6,3.4,1.06,1.2,9.6,4.4832,3.74,145,4.6,111,3.2,45.71,132,351,483,27.33,5.8,119.76,0.7,12.1,107.6,11.25,8.2,5.8,275,3,10.35,194,77,79,125
506031,KLTRS11NLZ,563958,27/04/2019,09:06,09:49,Pale Yellow,Slightly cloudy,1.011,6.7,Negative,Trace,Negative,Negative,Negative,Normal,Negative,11-12,1,1-4,Rare,Nil,Artifacts,10.6,5.2,32.3,71.9,20,32,13,29.1,9269,59,15,6,4,0,8.7,2.3,0.76,0.28,0.05,1118,10.5,13,0.23,19,3.9,2.77,0.2,0.38,110,52,181.9,33.8,169,124,2.1,3.5,0.29,1.4,0.2,1.2,129,44,15,29,7.9,3.8,4.1,0.93,0.9,11.5,5.3705,5.97,139,4.5,105,4.7,104.34,156,255,411,37.96,6.8,148.46,0.8,22.8,104.2,21.88,8.6,3.3,179,3.6,7.4,86,70,93,158
650709,MZLGI06RJK,920122,25/04/2019,10:14,11:34,Dark Yellow,Slightly cloudy,1.016,4.5,Negative,Trace,Negative,Negative,Negative,Normal,Negative,2-3,1,1-3,Nil,Nil,NIL,13.6,4.6,42.9,71.5,29,31,12.7,39.6,10614,58,25,8,6,0,8.41,3.62,1.01,0.24,0.05,629,8.7,13,0.22,32,3.7,0.33,3.62,0.08,157,36,88.3,22.7,113.5,187,4.4,2.45,0.41,1,0.3,0.7,105,23,23,26,6.3,3.6,2.7,1.33,1,15.1,7.0517,7.05,137,5,107,6.4,68.48,90,347,437,20.59,6.2,131.24,1,27.7,137.8,20.1,7.7,5.1,126,10.6,0.11,103,65,123,68
375108,KLTRS13KLP,484049,27/04/2019,11:50,12:53,Orange,Hazy,1.014,6,1+,Negative,Negative,Negative,Negative,Normal,Negative,10-12,2,1-2,Rare,Nil,NIL,8.9,5.5,31.8,75.2,16,27,14.2,39.3,6892,35,27,5,7,0,4.44,2.66,0.87,0.69,0.01,250,10.4,13,0.25,13.9,3.7,0.18,0.19,0.25,169,41,75.1,64.3,321.5,165,4.1,1.83,0.55,0.7,0.3,0.4,85,17,38,29,7.2,4.8,2.4,2,0.3,33.4,15.5978,51.99,143,5,96,4.2,105.69,161,198,359,44.85,5.7,116.89,0.7,10.9,187.1,5.83,9.9,4.4,152,9,3.46,242,61,89,197
387830,PBCHD14PBM,141195,24/04/2019,07:20,08:17,Yellow,Hazy,1.016,4.6,Trace,Trace,Negative,Negative,Trace,Normal,Negative,1-2,1,6-14,Nil,Few,NIL,12.1,5.2,43.2,97.6,23,28,12.3,46.4,6884,62,36,3,6,0,4.32,1.55,0.46,0.42,0.1,434,14,16,0.42,28.1,4,0.12,0.29,0.19,213,55,72.1,33.5,167.5,97,3.9,1.31,0.76,15.2,10.7,4.5,64,9,18,24,7.8,3.9,3.9,1,1.6,10.6,4.9502,3.09,145,4,111,6.5,95.38,176,281,457,38.51,14.4,366.58,0.9,21.2,137.1,15.46,8,3.2,76,7.2,5.99,137,149,90,190
157655,GYAHD14JHJ,669623,24/04/2019,09:15,09:57,Yellow,Hazy,1.013,6.6,Trace,Trace,Negative,Negative,Negative,Normal,Negative,88-92,2,17-17,Rare,Nil,NIL,7.2,8.3,51.1,97.4,8,14,12.7,45,8236,46,36,21,4,0,1.23,2.5,0.28,0.5,0.12,143,9.1,20,0.24,25.3,0.1,0.04,0.01,4.46,210,33,84.3,92.6,463,98,6.4,2.55,0.39,0.5,0.2,0.3,58,42,22,43,7,5.1,1.9,2.68,0.9,9.8,4.5766,5.09,141,4,101,6.2,98.41,111,349,460,24.13,7.7,174.29,0.8,13.3,122.1,10.89,7.6,6.8,137,4.1,2.04,87,64,72,283
232477,PBCHD10KLC,947263,27/04/2019,06:07,06:52,Pale Yellow,Clear,1.015,6.5,Negative,Negative,Negative,Negative,Negative,Normal,Negative,67-68,2,2-3,Nil,Nil,Yeast cells,11.2,4.4,20.6,80.3,25,54,13.9,44.4,4628,55,35,5,7,0,0.66,3.92,0.67,0.35,0.03,12,9.6,12,0.33,33.9,4.6,0.37,0.11,0.35,199,51,150.3,61.4,307,198,3.9,2.95,0.34,16.4,11.9,4.5,78,51,15,28,7.3,3.7,3.6,1.03,0.7,5.4,2.5218,3.6,142,3.9,103,6.6,93.56,145,232,377,38.46,5.8,119.76,0,28.6,52.4,54.58,10.1,4.1,155,8.6,0.34,74,89,92,128
241269,KLTRS07TSS,299618,26/04/2019,08:47,10:06,Pale Yellow,Slightly cloudy,1.016,4.6,Trace,Trace,Negative,Negative,Negative,Normal,Negative,9-11,2,2-3,Rare,Nil,Amorphous debris,13.3,4.6,27.7,42.7,28,48,13.6,40.3,28340,65,45,4,7,0.3,6.62,2.81,0.47,0.12,0.08,127,11.2,15,0.32,29.7,0.1,0.03,0.03,6.51,237,42,114.7,38,190,144,5.6,2.73,0.37,0.7,0.2,0.5,104,50,22,39,7.2,4.3,2.9,1.48,1,18.3,8.5461,8.55,125,4.5,104,6.3,110.91,73,354,427,17.1,5.8,119.76,0.3,10.6,219.2,4.84,9.2,3.6,123,5.2,1.63,85,96,204,230
968725,GYAHD15KLM,471560,25/04/2019,10:39,11:55,Deep Amber,Hazy,1.028,5.4,1+,Negative,Negative,Negative,Negative,Normal,Negative,13-14,0,3-2,Rare,Nil,NIL,17.5,4.8,48.7,87.3,36,35,12.8,40.6,7551,56,53,3,3,0,8.78,2.2,0.29,0.45,0.06,388,7.2,15,0.55,34.7,6.1,0.18,0.29,0.08,298,22,84.1,12.5,62.5,93,13.5,3.82,0.26,0.5,0,0.5,84,10,34,42,7.3,4.5,2.8,1.61,0.7,107.9,50.3893,71.98,136,4.2,96,3.4,96.24,124,354,478,25.94,7.6,171.42,0.7,17.5,168.2,10.4,10.4,4.2,192,4.3,0.34,73,91,331,131
624679,MZLGI05BRC,142370,27/04/2019,07:34,08:17,Light Yellow,Slightly cloudy,1.012,5.6,1+,Trace,Negative,Negative,Negative,Normal,Negative,3-5,1,2-2,Nil,Nil,NIL,13.6,5.5,24.4,77.7,24,55,13.3,40.6,9884,36,54,2,8,0,1.58,2.67,0.46,0.27,0.17,152,7.9,11,0.32,28.9,2,1.84,0.05,0.3,210,52,87.9,37.4,187,161,4,1.69,0.59,0.4,0.1,0.3,43,9,38,24,7.3,3.3,4,0.83,1,14.7,6.8649,6.86,142,4,105,3.4,101.51,175,358,533,32.83,6.2,131.24,0.4,12.7,297.2,4.27,10.3,3.2,161,6.9,1.57,71,84,114,115
382231,MZLGI01GJS,764734,28/04/2019,07:05,08:24,Yellow,Slightly cloudy,1.013,6.1,Negative,Negative,Negative,2+,Negative,1+,Negative,13-15,2,1-4,Nil,Nil,Artifacts,13,4,36.4,77,32,35,12.1,32.4,10710,39,20,5,5,0.6,4.27,3.13,0.42,0.58,0.1,434,7.9,17,0.12,32.3,3,0.33,0.32,0.02,222,20,80.8,63.4,317,144,11.1,4.04,0.25,0.8,0.3,0.5,107,49,17,40,7.2,5,2.2,2.27,0.6,10,4.67,7.78,147,5.6,114,5.9,65.42,85,210,295,28.81,8.6,200.12,1,16.6,73,22.74,10.9,4.2,53,3.4,1.49,104,193,84,125
953630,MZLGI07RJK,435296,28/04/2019,09:54,10:39,Light Yellow,Cloudy,1.021,5,Trace,Negative,2+,Negative,Negative,Normal,Negative,4-6,1,1-2,Nil,Nil,Fungal elements,9.4,4.2,51.7,98.4,22,18,10.1,45.5,5685,49,31,4,0,0,21.68,6.29,0.4,0.15,0.03,25,12.6,16,0.19,32.8,1.2,0.46,0.09,0.27,186,45,32.8,36,180,70,4.1,0.73,1.37,0.8,0.2,0.6,88,46,11,9,4.7,4.3,0.4,10.75,0.4,8.9,4.1563,10.39,139,4,99,4.9,109.38,175,357,532,32.89,6,125.5,0.5,84.4,146.6,57.57,9.9,3.8,158,11,11.19,84,145,85,120
100271,KLTRS02KLP,487547,24/04/2019,10:41,12:01,Straw,Clear,1.024,7.3,Trace,1+,Negative,Negative,Negative,Normal,Negative,12-14,1,2-2,Nil,Moderate,NIL,12.4,4,29.7,92.4,31,41,13.6,45.6,21249,55,31,2,3,0.1,6.68,1.57,0.5,0.6,0.07,101,8,14,0.71,21.1,3.9,0.34,4.71,0.35,209,55,117.7,22.3,111.5,191,3.8,2.14,0.47,0.5,0.2,0.3,71,44,11,20,6.2,4.4,1.8,2.44,1.2,14.7,6.8649,5.72,139,3.6,104,4,91.52,162,257,419,38.66,8.5,197.25,0.8,12.6,39.4,31.98,7.8,6,144,8.9,1.78,100,86,88,119
977140,PBCHD03PBP,103939,26/04/2019,08:28,09:52,Pink,Slightly cloudy,1.014,5.5,Negative,4+,Negative,3+,Negative,Normal,Negative,12-13,6,1-2,Nil,Nil,Yeast cells,9.5,4.2,57,97.5,22,16,14.6,41.5,5072,40,18,4,3,0,15,1.25,0.59,0.37,0.08,150,15.5,13,0.48,27,0.6,4.58,0.09,0.15,156,30,73.1,33.8,169,191,5.2,2.44,0.41,0.8,0.2,0.6,105,55,37,11,6,4.5,1.5,3,0.7,5.5,2.5685,3.67,146,5,100,3,101.22,165,138,303,54.46,7.4,165.68,0.5,20.1,148.9,13.5,11.9,2.9,134,6.5,1.85,108,184,77,271
946832,PBCHD11PBP,500885,27/04/2019,09:34,10:18,Yellow,Hazy,1.015,4.9,Trace,Trace,Negative,Negative,Negative,Normal,Negative,1-3,2,>20,Nil,Nil,Artifacts,14.4,7.7,51.5,81,18,27,13.4,42.9,4846,79,38,18,9,0,8.16,1.21,0.74,0.42,0.08,1034,10,11,0.19,21.5,4.6,0.35,0.63,3.57,152,44,91,8,40,171,3.5,2.07,0.48,0.7,0.3,0.4,107,50,24,24,8,4.4,3.6,1.22,1.2,15,7.005,5.84,90,5.1,98,4.9,112.88,76,199,275,27.64,6.6,142.72,0.3,15,113.5,13.22,10.5,2.6,165,7.3,2.81,98,60,129,276
443424,MZLGI14APK,951262,28/04/2019,08:06,09:26,Light Yellow,Slightly cloudy,1.016,5.7,Negative,Negative,Trace,Negative,Negative,Normal,Negative,13-15,1,3-4,Nil,Nil,Amorphous debris,17.8,5.4,42.3,81.6,32,42,15.3,39,9991,25,38,3,2,0,4.65,2.19,0.68,0.36,0.08,134,12.6,12,0.69,16.8,2.1,0.01,0.92,0.35,164,47,105,20.5,102.5,148,3.5,2.23,0.45,0.9,0.2,0.7,77,40,15,14,7.4,3.6,3.8,0.95,0.6,18.4,8.5928,14.32,141,3.8,96,2.5,108.23,71,196,267,26.59,7,154.2,0.4,20.3,138.4,14.67,7.9,3.3,141,7.3,3.7,93,94,82,167
812644,GYAHD03JHJ,203824,27/04/2019,10:28,11:02,Pale Yellow,Slightly cloudy,1.013,4.6,Trace,Negative,Negative,Negative,Negative,Normal,Negative,TNTC,4,3-3,Few,Nil,Parasites,14.7,4.3,63.1,90.4,34,23,12.4,31.3,4560,65,44,4,8,0.4,3.03,3.9,0.96,0.32,0.1,93,8.3,21,0.21,24.5,5.2,1.66,0.37,0.64,203,36,112.7,49.1,245.5,87,5.6,3.13,0.32,0.5,0.2,0.3,93,55,32,40,6.5,4.3,2.2,1.95,0.6,24.3,11.3481,18.91,122,4.1,105,6,103.75,147,357,504,29.17,8.9,208.73,0.6,11.8,577.3,2.04,11.5,4.3,108,7.6,9.48,83,61,89,160
333809,KLTRS12KLP,831432,25/04/2019,09:31,10:59,Light Yellow,Clear,1.025,6.9,Negative,Trace,Negative,Negative,Negative,Normal,Negative,12-13,2,2-2,Moderate,Nil,Yeast cells,14.1,2.2,41.5,83.3,64,33,13.2,39.5,22840,56,15,6,2,0,1.37,7.88,0.56,0.32,0.02,127,10.6,12,0.15,16.6,4.9,0.14,0.21,0.81,163,78,140.8,5.8,29,139,2.1,1.81,0.55,1,0.3,0.7,128,27,26,35,6.9,3.6,3.3,1.09,1,13.2,6.1644,6.16,137,3.3,106,2.7,108.66,155,170,325,47.69,6.1,128.37,1,287.3,99.1,289.91,9.6,3.8,183,16.9,3.13,118,159,74,186
326164,KLTRS02TSS,958939,27/04/2019,08:26,09:02,Straw,Clear,1.017,5.2,Negative,Negative,Negative,Negative,Negative,Normal,Negative,14-15,0,3-3,Nil,Nil,NIL,16,6.1,30.4,87.1,26,52,12.1,46.1,4672,55,34,0,8,0,6.2,1.07,0.19,0.18,0.1,133,8.1,11,0.33,19.1,4,0.07,0.2,0.16,190,71,103.7,61.5,307.5,72,2.7,1.46,0.68,0.2,0,0.2,126,98,40,9,7.5,3.8,3.7,1.03,0.9,23.1,10.7877,11.99,140,5.8,102,2.5,107.74,185,108,293,63.14,8.4,194.38,0.7,15.8,34.7,45.53,10.1,4.9,164,5.3,12.56,81,115,100,151
757469,GYAHD05KAU,787418,25/04/2019,06:24,07:06,Pale Yellow,Clear,1.019,5.4,Negative,Negative,Negative,Negative,Negative,Normal,Negative,12-14,0,6-8,Rare,Nil,Parasites,14.4,5.7,52.3,43.9,25,27,12.4,42,10917,41,14,1,3,0,2.97,3.87,0.71,0.59,0.02,21,9.4,11,0.31,28.8,4.1,0.31,1.03,0.21,176,43,124.1,31,155,123,4.1,2.89,0.35,0.3,0.1,0.2,68,44,23,46,7.5,4.9,2.6,1.88,0.9,18.4,8.5928,9.55,133,5.2,101,2.9,113.33,124,318,442,28.05,5.9,122.63,0.1,18.8,53.2,35.34,9.4,3.4,289,5.4,2.67,84,71,79,125
520960,PBCHD07RJU,656577,24/04/2019,06:06,06:49,Yellow,Clear,1.034,6.6,Negative,Negative,Negative,Negative,Negative,Normal,Positive,5-7,1,2-2,Rare,Nil,NIL,15.2,4.7,43.4,91.2,32,35,12.4,44.1,5464,45,41,9,8,0,0.09,2.75,0.48,0.68,0.08,106,7.4,12,0.06,42.5,2.7,4.95,0.28,0.28,195,48,84.6,10,50,154,4.1,1.76,0.57,0.4,0,0.4,70,79,21,40,8,4.1,3.9,1.05,0.8,61.7,28.8139,36.02,125,3.9,83,4.1,99.42,159,176,335,47.46,8.9,208.73,0.4,12.6,84.8,14.86,9.9,3,129,9.5,0.95,95,82,185,224
574184,MZLGI15APK,914728,25/04/2019,10:28,11:07,Pale Yellow,Slightly cloudy,1.017,6.6,4+,Trace,Negative,1+,Negative,Normal,Negative,12-14,53,2-3,Nil,Nil,Parasites,11.9,4,52.3,40.1,29,22,12.7,45.9,10750,46,36,3,3,0,20.6,1.99,0.58,0.02,0.08,1191,10.8,15,0.27,14.4,0.1,4.23,0.96,0.21,155,48,92.4,25.6,128,102,3.2,1.93,0.52,0.6,0,0.6,64,38,30,47,7.9,4.5,3.4,1.32,0.9,17.9,8.3593,9.29,99,1.8,102,6.9,96.54,197,277,474,41.56,5.8,119.76,0.6,83.4,61.8,134.95,7.6,6.1,149,14.7,3.17,85,150,124,65
885868,KLTRS04NLZ,361779,27/04/2019,10:36,11:25,Pale Yellow,Clear,1.017,5.3,Trace,Negative,Negative,Trace,Trace,Normal,Negative,11-13,0,2-3,Few,Nil,NIL,11.2,5.5,58.8,94.9,20,19,13.1,33,8552,54,38,1,2,0,9.96,2.96,1.12,0.37,0.08,346,8.3,16,0.66,33.8,7.2,2.64,0.19,0.27,210,33,164.5,61.6,308,60,6.4,4.98,0.2,0.2,0,0.2,107,4,13,39,6.4,5,1.4,3.57,1.2,9.1,4.2497,3.54,144,3.7,105,3.8,108.17,172,356,528,32.58,6,125.5,8.7,18,95.8,18.79,9,6.7,167,21.3,1.56,173,63,80,88
795562,MZLGI09GJS,642185,25/04/2019,08:41,09:39,Light Yellow,Clear,1.016,6.7,Trace,Negative,Negative,Negative,Negative,Normal,Negative,TNTC,0,7-19,Nil,Nil,NIL,10.3,5.2,55.5,91.1,19,18,11.6,39.1,8340,55,43,8,2,0,6.22,2.72,0.34,0.75,0,50,9.6,17,0.12,30.8,1.7,1.07,0.32,0.22,174,34,90.9,31.7,158.5,150,5.1,2.67,0.37,0.5,0.2,0.3,91,41,36,21,7.8,3.7,4.1,0.9,0.7,91.2,42.5904,60.84,145,4.6,95,2.2,33.04,77,192,269,28.62,8.1,185.77,0.7,25.2,101.6,24.8,9.1,2.8,154,6,0.11,76,95,87,70
631016,MZLGI13BRC,647181,27/04/2019,09:42,10:57,Light Yellow,Slightly cloudy,1.026,6.1,Negative,Trace,Negative,Negative,Negative,Normal,Negative,3-4,0,3-3,Nil,Moderate,NIL,9.9,6.6,38.1,91.4,15,25,12.8,47.9,8985,74,40,6,12,0,5.51,1.6,0.71,0.34,0.01,967,11.4,12,0.25,32.8,3.3,0.31,0.38,0.21,238,20,138.8,37.5,187.5,162,11.9,6.94,0.14,1.5,0.3,1.2,78,15,19,48,7.5,4.3,3.2,1.34,1.1,15,7.005,6.37,133,2.7,110,4.2,84.9,132,314,446,29.6,6,125.5,0.3,13,88.6,14.67,9.5,5.4,113,11.1,3.43,108,84,93,104
431802,PBCHD05GAM,107656,28/04/2019,07:26,08:34,Dark Yellow,Hazy,1.015,6.3,Negative,Trace,Negative,Negative,Negative,Normal,Negative,8-10,5,2-2,Nil,Few,NIL,17.2,5.1,30.2,49.9,33,56,13.5,42.8,9033,58,47,0,8,0,1.22,2.06,0.71,0.37,0.13,18,9.8,12,0.42,20.9,0.1,4.98,0.99,0.2,207,44,96.8,37.4,187,159,4.7,2.2,0.45,0.9,0.2,0.7,65,50,24,19,6.7,4.3,2.4,1.79,0.9,15.7,7.3319,8.15,144,4,95,7,31.26,161,352,513,31.38,7.9,180.03,0.6,18.3,148.4,12.33,11.9,6.2,148,2.2,0.09,77,84,151,93
923830,PBCHD15RJU,720495,27/04/2019,11:56,13:12,Pale Yellow,Slightly cloudy,1.025,5.5,Trace,Trace,Negative,Negative,Negative,Normal,Negative,TNTC,0,2-2,Nil,Nil,Parasites,13.3,4.1,34.9,75.1,32,38,12.1,44.5,10566,57,29,6,5,0,22.11,1.07,0.53,0.41,0.01,438,10.2,16,0.28,25.2,3.7,0.37,0.16,1.71,175,49,71.7,52.3,261.5,149,3.6,1.46,0.68,0.6,0.2,0.4,90,27,20,32,7,4.4,2.6,1.69,0.7,17.8,8.3126,11.88,147,5,99,2.6,102.29,88,354,442,19.91,6.2,131.24,0.2,17.5,51,34.31,9.3,1.3,93,9.5,9.25,75,119,62,280
265947,MZLGI05BRC,757730,25/04/2019,10:34,11:37,Red,Clear,1.011,5.6,Trace,Negative,Negative,Negative,Negative,Normal,Negative,4-6,0,1-4,Nil,Few,NIL,10.4,6.3,47,98,16,22,12.6,44.6,4746,55,38,14,1,0,9.05,2.14,0.13,0.37,0.11,148,10.4,11,0.1,42.4,5.2,3.58,0.3,2.75,150,58,71.4,15.8,79,82,2.6,1.23,0.81,0.4,0.1,0.3,52,13,40,22,8.1,4.5,3.6,1.25,1,16.5,7.7055,7.71,129,5.8,105,10.8,99.01,126,349,475,26.53,6,125.5,0.3,17.3,120.2,14.39,11.8,3.7,101,6.6,1.93,180,112,84,84
550725,MZLGI11APK,550475,26/04/2019,07:18,08:18,Yellow,Clear,1.019,6.5,Negative,Trace,Negative,Negative,Negative,Normal,Negative,70-75,1,2-4,Nil,Nil,Parasites,14.6,4.9,35.9,98.9,29,40,10.2,43.4,4997,27,36,6,2,0,2.69,1.57,0.75,0.42,0.09,448,9.3,18,0.34,21.5,1.1,0.16,0.27,0.08,169,48,92.4,40.6,203,69,3.5,1.93,0.52,0.6,0.2,0.4,123,41,24,21,5.7,3.5,2.2,1.59,0.8,15.9,7.4253,9.28,136,4.6,99,6.2,115.79,114,218,332,34.34,5.8,119.76,0,22.9,146.6,15.62,7.6,2.2,142,16.1,3.11,108,153,81,112
758528,PBCHD10RJU,669686,24/04/2019,07:37,09:02,Orange,Slightly cloudy,1.016,5.2,Negative,Negative,Negative,Negative,Negative,Normal,Negative,5-7,1,1-3,Nil,Nil,NIL,9.6,4.7,56.7,90.3,20,16,13.6,40.9,50732,57,44,1,4,0,6.89,7.57,0.58,0.27,0.1,277,7.1,30,0.56,25.4,4,0.49,0.22,0.35,239,50,77.1,32.9,164.5,86,4.8,1.54,0.65,0.7,0,0.7,50,42,19,37,7.1,4.5,2.6,1.73,0.7,7.7,3.5959,5.14,121,4.5,83,3.2,91.75,83,352,435,19.08,6.2,131.24,0.1,23.2,97.4,23.82,9.8,5.2,129,4.9,2.52,101,157,79,168
230087,KLTRS12TSS,925484,26/04/2019,06:31,07:03,Light Yellow,Slightly cloudy,1.013,5.5,Trace,Trace,Negative,Trace,Negative,Normal,Negative,5-7,2,2-2,Nil,Nil,NIL,11.2,4.3,59.6,85.9,26,18,10.9,41.6,8337,52,35,2,7,0,3.72,2.19,0.29,0.3,0.09,104,11.4,20,0.23,31.5,1.2,0.51,0.38,0.72,207,31,60.8,20.4,102,115,6.7,1.96,0.51,0.8,0.1,0.7,76,20,38,38,6.5,3.7,2.8,1.32,1.2,17,7.939,6.62,146,3,95,4.2,95.6,158,318,476,33.19,5.9,122.63,0.2,14.5,139.2,10.42,9.1,4.5,273,11.8,9.16,82,96,99,93
725071,PBCHD06SKM,403519,25/04/2019,11:09,11:46,Orange,Clear,1.013,6.9,Trace,1+,Negative,Negative,Negative,Normal,Negative,8-10,2,1-3,Nil,Nil,NIL,14.2,5.5,21,88.1,25,67,13.5,31,8445,67,39,4,11,0,6.16,4.58,0.42,0.01,0.07,172,11.8,20,0.37,20.5,1.6,0.32,0.17,0.39,267,65,78.6,14.5,72.5,148,4.1,1.21,0.83,0.2,0,0.2,100,102,17,13,6.2,4.1,2.1,1.95,1,14,6.538,6.54,140,5.4,103,4.4,116.11,63,290,353,17.85,11.1,271.87,0.6,25.3,111.3,22.73,9.6,5.6,175,8.6,2.42,118,88,88,162
203664,MZLGI05GJS,889788,26/04/2019,09:47,10:53,Yellow,Clear,1.014,5.3,2+,1+,Negative,Negative,Negative,Normal,Negative,10-12,2,11-19,Nil,Nil,NIL,9.3,6.6,32.2,47.9,14,28,13.5,41,6645,49,35,6,3,0,1.95,0.42,0.74,0.93,0.02,18,7.1,17,0.51,14,4.3,1.07,0.98,2.65,215,40,80.9,32,160,63,5.4,2.02,0.49,1.7,0.8,0.9,42,11,39,46,6.6,4.5,2.1,2.14,1,6.8,3.1756,3.18,120,7.9,102,5.7,111.39,189,228,417,45.32,6.1,128.37,12.5,452.3,64.1,705.62,10.4,3.1,308,4.7,1.51,124,110,91,106
216686,PBCHD01PBP,817876,25/04/2019,06:36,08:03,Deep Amber,Clear,1.012,5.4,Trace,Negative,Negative,Negative,Negative,Normal,Negative,TNTC,1,>20,Nil,Rare,Yeast cells,6.7,8.3,51.6,88.3,8,12,14,28.7,5165,55,45,9,5,0,0.94,1.81,0.31,0.15,0.02,169,10,13,0.25,13.6,2.5,0.04,0.25,0.05,189,57,87.9,34.6,173,215,3.3,1.54,0.65,0.9,0,0.9,94,10,21,42,7.4,4.2,3.2,1.31,0.6,57.9,27.0393,45.07,106,4.3,101,4.5,112.25,244,282,526,46.39,6,125.5,0.8,12,126.9,9.46,10.1,2.2,137,3.9,1.9,86,90,60,108
350054,PBCHD10CGD,815637,26/04/2019,10:10,11:26,Orange,Slightly cloudy,1.019,5.5,Negative,Trace,Negative,Negative,Negative,Normal,Negative,6-7,2,3-4,Nil,Nil,NIL,9.9,4.8,14.2,97.8,20,69,11.8,39.1,6706,43,49,6,3,2.9,14.65,1.41,0.6,0.01,0.11,201,8.9,20,0.47,27.7,4.8,0.22,0.16,3.72,166,41,154.1,9.9,49.5,124,4,3.76,0.27,0.7,0.1,0.6,106,42,23,28,7.7,3.9,3.8,1.03,1.7,6.8,3.1756,1.87,138,4.3,110,2.8,97.59,137,306,443,30.93,5.9,122.63,0.2,15.1,107.5,14.05,9.8,3,79,7.4,3.48,102,80,89,78
894092,PBCHD07RJU,163153,28/04/2019,10:47,11:59,Light Yellow,Slightly cloudy,1.036,6.9,Trace,Trace,Negative,Negative,Negative,Normal,Negative,3-4,2,3-2,Nil,Rare,NIL,15.8,6.5,54.1,87.5,24,29,14.3,45.3,7141,41,28,2,19,0,1.6,1.88,0.06,0.08,0.08,280,8.8,19,0.12,28.8,2.9,0.01,0.31,0.14,162,42,94.5,25.8,129,101,3.9,2.25,0.44,0.8,0.2,0.6,86,56,14,25,6,5,1,5,0.6,27.9,13.0293,21.72,158,2.3,107,5.7,114.82,94,277,371,25.34,6.4,136.98,0.7,13.9,117.6,11.82,9,1.9,172,12.3,2.64,70,80,112,89
103562,MZLGI05BRC,865747,25/04/2019,06:19,07:45,Yellow,Clear,1.015,7,Trace,Negative,1+,Negative,Negative,Normal,Negative,TNTC,0,1-4,Few,Nil,NIL,15.6,7.6,53.6,95.3,20,29,10.2,42.2,7500,76,40,9,7,0,2.52,0.51,0.05,0.48,0.05,204,15.6,18,0.06,12.8,3.4,0.38,0.97,0.26,194,44,83.3,67.6,338,131,4.4,1.89,0.53,0.7,0.2,0.5,66,54,31,46,5.1,3.6,1.5,2.4,0.6,207.9,97.0893,161.82,142,4.5,106,2.6,91.85,27,172,199,13.57,6.1,128.37,0,28,121.9,22.97,10.8,3.4,193,11.1,3.55,90,91,200,107
739683,PBCHD02PBP,918715,28/04/2019,07:19,08:04,Straw,Clear,1.013,5.8,1+,Negative,Negative,Negative,Negative,Normal,Negative,3-4,1,3-2,Rare,Nil,NIL,8.5,5.1,37.9,90.4,16,22,12.7,45.2,8980,53,37,4,6,0,4.02,2.08,0.76,0.44,0.07,291,11.5,7,0.23,28.9,3,2.22,0.6,0.02,178,45,142.7,60.6,303,150,4,3.17,0.32,0.7,0.3,0.4,40,40,22,28,8.1,4.3,3.8,1.13,1,27.1,12.6557,12.66,144,4.8,111,3.3,115.24,140,125,265,52.83,9.3,220.21,0.9,14.5,33.9,42.77,11.2,3.9,95,7.8,3.45,76,115,125,129
303313,PBCHD09NLM,685054,26/04/2019,06:25,07:28,Straw,Slightly cloudy,1.014,5.8,Trace,Trace,2+,Negative,Negative,Normal,Negative,TNTC,1,1-4,Nil,Nil,NIL,12.7,6.9,52.2,80.8,18,24,13.4,43.3,8410,39,40,1,8,0,4.41,3,0.26,0.45,0.32,745,11.6,12,0.35,21.4,1.9,0.34,1.15,0.29,153,56,94.1,5.9,29.5,104,2.7,1.68,0.6,0.5,0.1,0.4,220,49,40,14,7,3.7,3.3,1.12,1.1,14.9,6.9583,6.33,140,2.6,99,3.3,96.15,93,177,270,34.44,5.9,122.63,0.4,14.7,100.4,14.64,10.9,2.6,91,13.5,0.73,83,289,73,106
709599,KLTRS08ODB,219530,25/04/2019,09:06,10:02,Pale Yellow,Clear,1.024,5.9,Negative,1+,1+,Negative,Negative,Normal,Negative,TNTC,0,2-4,Rare,Rare,NIL,13.7,4.8,52.7,96.3,28,25,13,42.3,6204,59,43,1,8,0,5.43,0.6,0.47,0.49,0.01,152,9.3,11,0.36,17.8,0.1,0.34,2.85,0.34,174,45,67.3,32.7,163.5,63,3.9,1.5,0.67,0.5,0,0.5,94,37,13,46,6.2,3.8,2.4,1.58,1.2,9.4,4.3898,3.66,141,5.1,107,2.7,119.96,105,272,377,27.85,7.1,157.07,0.3,28.7,23.1,124.24,9.3,3.1,224,9.1,3.95,114,142,70,83
100757,KLTRS04TSS,759779,28/04/2019,06:42,07:25,Deep Amber,Clear,1.019,4.6,Trace,Negative,Negative,Negative,Negative,Normal,Negative,3-5,0,3-4,Nil,Nil,Amorphous debris,9.3,4.4,33.1,83.4,21,28,13.4,44.8,27998,33,55,6,2,0,3.73,1.96,0.2,0.62,0.14,103,12,18,0.5,19.4,0.3,0.12,0.43,0.37,164,42,151.5,54.9,274.5,128,3.9,3.61,0.28,0.5,0.1,0.4,126,31,29,39,8.2,4.6,3.6,1.28,0.8,19.2,8.9664,11.21,140,4.8,104,3.6,105.4,142,349,491,28.92,7.3,162.81,0.9,12,33.9,35.4,9.3,3,70,17.9,3.61,110,277,71,73
651195,PBCHD09MHS,398562,27/04/2019,11:09,11:54,Deep Amber,Clear,1.012,5.9,Trace,1+,Negative,Negative,Negative,Normal,Negative,2-3,0,3-4,Nil,Nil,Fungal elements,1.7,6.5,26.4,82.5,2,6,12.5,45.3,5589,64,35,2,2,0,7.6,6.25,0.69,0.31,0.03,248,8.3,8,0.28,25.8,2.4,0.2,0.19,6.91,780,42,77.6,29.8,149,67,18.6,1.85,0.54,0.5,0.2,0.3,123,48,33,22,7.6,3.8,3.8,1,1.6,17.1,7.9857,4.99,139,1.5,99,5.8,114.63,184,255,439,41.91,5.9,122.63,0.6,27.9,44.2,63.12,9.5,4.9,76,3.1,0.24,70,128,61,101
593193,KLTRS08NLZ,957813,24/04/2019,10:42,11:31,Orange,Slightly cloudy,1.026,4.7,Negative,Trace,Negative,Negative,Negative,Normal,Negative,94-97,0,2-4,Moderate,Nil,NIL,8.3,5.4,50,88.7,15,16,13.2,40,6606,46,14,5,2,0,7.89,0.96,0.44,0.18,0.04,168,8.6,19,0.29,24.6,2.4,0.34,0.29,0.09,171,48,56.1,51.1,255.5,79,3.6,1.17,0.86,0.4,0,0.4,111,28,67,29,7.4,4.7,2.7,1.74,0.6,15.5,7.2385,12.06,135,2.2,109,5.7,106.75,118,270,388,30.41,8.2,188.64,0.5,131.3,361.3,36.34,9.4,3.5,255,10.3,2.05,73,157,60,195
532432,PBCHD01NLM,898833,24/04/2019,06:16,06:50,Light Yellow,Cloudy,1.016,6.7,2+,Trace,Negative,Negative,Negative,Normal,Negative,12-13,4,2-4,Nil,Nil,NIL,13.5,7.7,44.6,93.7,17,30,13.2,39.9,8413,57,38,1,8,0,0.28,2.48,0.54,0.26,0.03,105,9.2,15,0.24,12.4,4.2,0.27,0.34,0.16,218,41,99.2,41.2,206,60,5.3,2.42,0.41,0.7,0,0.7,120,13,34,16,7.4,3.6,3.8,0.95,0.6,8.2,3.8294,6.38,140,4.1,100,4.9,108.63,118,286,404,29.21,6.8,148.46,1,18.1,98.7,18.34,8,4.5,95,9,0.19,75,68,71,246
405554,KLTRS02WBD,566699,25/04/2019,06:31,07:58,Light Yellow,Hazy,1.016,4.6,1+,1+,Negative,Negative,Negative,Normal,Negative,12-14,1,16-8,Nil,Nil,Artifacts,19.5,5.6,51,71.3,34,38,14.5,43,10155,32,21,3,5,0,12.4,2.45,0.49,0.32,0.09,217,9.3,12,0.29,18,0.1,0.21,0.29,0.26,187,44,83.4,21.3,106.5,122,4.3,1.9,0.53,0.4,0,0.4,306,52,22,30,6.5,3.9,2.6,1.5,1,14.4,6.7248,6.72,137,4.7,103,3.9,61.29,70,354,424,16.51,6.3,134.11,6.7,17.8,118.2,15.06,10.3,2.8,173,6.6,5.4,94,136,79,90
961533,PBCHD12PBP,764963,25/04/2019,07:08,07:47,Yellow,Clear,1.018,6.6,Negative,Negative,Negative,Negative,Negative,Normal,Negative,5-7,0,>20,Nil,Nil,Artifacts,8.1,4.3,49.1,93.4,18,16,13.2,39.8,4854,35,31,6,4,0,6.46,2.68,0.8,0.13,0.04,202,7,9,0.57,31.8,2.3,0.88,0.34,0.12,221,36,80.5,5.2,26,65,6.1,2.24,0.45,0.9,0.3,0.6,180,9,11,35,7.4,4.4,3,1.47,0.8,14.9,6.9583,8.7,138,2.9,100,2.5,109.68,71,347,418,16.99,5.8,119.76,0.2,11.2,95.6,11.72,7.9,3.6,266,7.5,2.21,97,82,123,117
559361,GYAHD09KLM,464342,25/04/2019,06:44,07:56,Straw,Hazy,1.028,6.8,Negative,Trace,Negative,Negative,Negative,Normal,Negative,13-15,2,2-2,Nil,Nil,NIL,13.2,5.3,48.9,87.7,24,26,13.3,40.8,10133,52,39,1,8,0,6.77,1.49,0.28,0.41,0.03,342,9.2,11,0.68,33.1,3.6,0.35,0.03,0.24,113,75,71.8,37.8,189,134,1.5,0.96,1.04,0.5,0.2,0.3,102,17,34,46,6.9,4.4,2.5,1.76,1.1,14.4,6.7248,6.11,141,3.1,103,2,96.58,143,168,311,45.98,6.2,131.24,0.5,23.9,118.3,20.2,9.7,4.8,265,6.3,3.66,136,286,76,87
333964,GYAHD11ODK,890681,27/04/2019,10:13,11:13,Deep Amber,Clear,1.024,6.2,Trace,1+,Negative,Negative,Negative,Normal,Positive,59-63,2,3-4,Nil,Rare,NIL,8.7,5.8,36.6,80.8,15,23,11.5,43,8124,33,29,6,3,0,2.27,2.2,0.72,0.19,0.03,706,10.5,17,0.31,30.1,1.4,0.06,0.36,0.12,180,57,88.5,89.1,445.5,68,3.2,1.55,0.64,0.8,0.3,0.5,88,33,30,46,7.1,4.9,2.2,2.23,0.8,16.7,7.7989,9.75,90,4.7,108,4.6,113.33,114,138,252,45.24,6,125.5,0.9,11,55.2,19.93,9.2,3.4,199,8.2,0.8,110,96,100,219
445719,GYAHD05KAU,459997,26/04/2019,11:22,12:08,Light Yellow,Clear,1.014,5.7,Negative,Trace,Negative,Negative,Negative,Normal,Negative,5-6,5,2-4,Nil,Rare,NIL,13.2,5.7,40.9,99,23,32,13.2,45.8,9845,40,38,2,6,0,5.05,1.31,0.24,0.57,0.03,405,10,17,0.21,22.7,2.4,0.44,0.37,0.19,215,59,196,12.8,64,96,3.6,3.32,0.3,0.6,0.1,0.5,55,29,6,56,6.9,3.5,3.4,1.03,0.7,19.1,8.9197,12.74,138,4.7,106,3.9,113.26,60,179,239,25.1,5.9,122.63,0.2,13.7,24.6,55.69,8.6,2.9,194,6.9,3.23,127,83,96,122
782471,GYAHD13KLM,329169,25/04/2019,08:12,09:40,Light Yellow,Clear,1.03,4.8,Trace,Negative,Negative,Negative,Negative,Normal,Negative,10-11,2,1-3,Nil,Rare,NIL,13.5,2.9,56.1,74.1,46,24,11.9,45.1,2114,40,20,4,1,0,1.44,1.37,0.42,0.15,0.19,73,11.6,16,0.31,13,1.2,0.38,0.35,0.96,216,47,174,59.9,299.5,123,4.6,3.7,0.27,0.9,0.3,0.6,97,33,18,40,7.9,3.6,4.3,0.84,1.2,11.2,5.2304,4.36,136,2.5,113,3.9,105.65,40,359,399,10.03,5.8,119.76,0.3,24.6,132,18.64,9.6,4.1,160,15,0.32,114,73,75,78
312669,KLTRS05ODB,174820,28/04/2019,11:00,11:59,Red,Slightly cloudy,1.014,6.1,Trace,1+,Negative,Negative,Negative,Normal,Negative,8-9,1,3-4,Nil,Nil,Fat droplets or lipiduria,13,5.1,54.4,87.1,25,23,12.8,44,27332,22,18,25,4,0,1.31,0.1,0.28,0.05,0.05,162,7.3,12,0.26,29.9,1.9,0.37,0.28,0.16,155,68,82,28.9,144.5,83,2.3,1.21,0.83,0.9,0.2,0.7,63,13,29,26,5.1,4.3,0.8,5.38,1.2,15.6,7.2852,6.07,147,3.9,110,2.8,93.25,164,360,524,31.3,6.5,139.85,0.1,27.4,71.6,38.27,10.2,2.1,108,9.9,0.78,86,83,82,100
836561,PBCHD01HPP,502222,27/04/2019,07:22,08:41,Pale Yellow,Clear,1.024,4.8,Trace,Negative,Negative,Trace,1+,Normal,Negative,11-12,1,1-3,Rare,Nil,Amorphous debris,10.7,5.1,53.6,71.5,20,19,13.8,43.1,8213,60,20,3,8,0,6.09,2.67,0.53,0.01,0.01,261,8.5,12,0.19,21,6.8,0.19,0.13,0.05,200,50,134.9,58.2,291,173,4,2.7,0.37,0.5,0.1,0.4,49,12,29,40,6.9,4.8,2.1,2.29,0.6,32.4,15.1308,25.22,141,5.6,103,5.1,65.64,148,356,504,29.37,6.1,128.37,0.6,22.9,182.4,12.55,8.6,3.3,90,15.5,6.53,82,86,88,251
190772,MZLGI10MHP,690941,26/04/2019,08:38,09:18,Pale Yellow,Clear,1.016,5.9,Negative,1+,Negative,Negative,Negative,Normal,Negative,1-2,1,5-13,Nil,Nil,NIL,13.4,4.3,53.8,105.7,31,24,9.9,34.2,8992,61,21,1,2,0,3.8,0.62,0.84,0.08,0.03,359,10.4,10,0.36,34.3,3.1,0.19,4.97,3.73,202,78,127.2,17.3,86.5,170,2.6,1.63,0.61,0.4,0,0.4,90,27,33,26,6.6,3.9,2.7,1.44,1.1,26.2,12.2354,11.12,140,3.5,104,3.2,112.98,131,353,484,27.07,7.9,180.03,0.4,128.5,127.4,100.86,11.1,2.6,86,5.1,0.18,168,75,80,133
343204,PBCHD10MHS,520436,24/04/2019,11:36,12:37,Light Yellow,Cloudy,1.015,5.8,Negative,Trace,Negative,Negative,Negative,Normal,Negative,13-14,0,1-4,Nil,Nil,NIL,11.6,4.5,53.4,76.1,25,21,13.5,39.5,22921,54,24,5,2,0,2.76,1.95,0.24,0.37,0.09,415,8.7,16,0.19,31.1,2.4,0.02,0.15,0.26,182,42,43.4,37.4,187,173,4.3,1.03,0.97,0.5,0.2,0.3,73,50,38,37,6.1,4.5,1.6,2.81,1.1,7.2,3.3624,3.06,100,3,100,4.9,99.1,94,349,443,21.22,6.4,136.98,0.1,13.8,87.8,15.72,8.4,2.5,123,7.6,1.38,83,90,88,123
136872,PBCHD08CGD,252522,24/04/2019,08:46,09:34,Light Yellow,Slightly cloudy,1.014,6,Trace,Negative,Negative,Negative,Negative,Normal,Negative,3-4,36,2-4,Nil,Nil,NIL,13.5,5.5,48.1,84.5,24,28,12,43.5,4572,63,20,6,20,0,9.5,1.03,0.93,0.28,0.1,126,9.1,12,0.51,26.5,3.3,2.06,0.35,0.37,174,27,77.9,64.9,324.5,74,6.4,2.89,0.35,1,0.3,0.7,58,45,93,32,8.3,4.6,3.7,1.24,1,19.3,9.0131,9.01,140,5.3,98,3.5,119.99,80,357,437,18.31,5.9,122.63,0.6,14.1,102.5,13.76,9.2,4.8,149,3.4,2.81,111,72,74,291
753540,MZLGI08GJS,268760,28/04/2019,11:09,11:45,Pale Yellow,Clear,1.011,4.8,Negative,Trace,1+,Negative,Negative,Normal,Negative,13-15,0,1-4,Nil,Nil,Fungal elements,13.2,6.1,62.7,80.9,21,21,13.7,44.7,4464,60,46,5,3,0,3.1,2.72,0.97,0.09,0.19,108,11.8,29,0.07,29.5,4.1,0.22,0.19,0.58,173,43,82,53.3,266.5,165,4,1.91,0.52,0.4,0,0.4,57,13,19,31,6.8,4.6,2.2,2.09,0.7,11.7,5.4639,7.81,147,3.8,97,6.9,91.15,100,356,456,21.93,8.6,200.12,0.8,13.7,83.1,16.49,9.4,4.1,86,10.7,3.29,91,121,141,192
844692,PBCHD04CGD,886112,26/04/2019,07:52,09:03,Light Yellow,Clear,1.011,5.6,Trace,Trace,Negative,Negative,Negative,Normal,Negative,33-35,2,2-2,Nil,Nil,Fat droplets or lipiduria,14.1,6.6,57.4,93.3,21,24,11.8,43.1,3186,45,23,2,4,0.8,0.45,2.74,0.23,0.36,0.02,33,16.7,15,0.15,17,1.6,0.39,0.11,0.23,150,54,71.6,22.4,112,136,2.8,1.33,0.75,0.7,0.3,0.4,70,7,38,14,7.4,4.6,2.8,1.64,1.2,14.3,6.6781,5.57,125,3.6,108,3.5,93.3,136,245,381,35.7,6.2,131.24,0.3,13.7,110.2,12.43,8.5,2.6,129,3.8,2.08,123,60,93,106
416632,KLTRS03WBD,902614,28/04/2019,08:04,08:44,Pale Yellow,Slightly cloudy,1.024,5.8,Negative,Trace,Negative,Negative,Trace,Normal,Negative,1-2,13,2-4,Nil,Rare,Fungal elements,2.2,5.1,34.5,77.8,4,6,12.7,37,9564,63,36,6,20,0.6,7.37,1.89,0.71,0,0.08,450,15.2,10,0.05,35,4.8,6.43,0.08,0.31,151,46,162.3,95,475,147,3.3,3.53,0.28,1,0.2,0.8,46,56,40,45,6.9,3.9,3,1.3,1,17,7.939,7.94,144,4.3,99,2.3,90.54,212,217,429,49.42,7,154.2,0.2,12.3,120.8,10.18,8.7,3.8,281,13.2,3.39,160,108,87,89
897248,KLTRS02WBD,332712,25/04/2019,10:55,11:25,Light Yellow,Clear,1.012,4.7,Negative,Trace,Negative,Negative,Negative,Normal,Negative,6-8,0,13-15,Rare,Moderate,NIL,17.6,6.9,53.6,84.6,25,32,10.1,42,10728,40,28,5,3,0,2.82,2.13,0.1,0.52,0.07,15,13.6,10,0.38,42.7,3.5,4.1,0.09,1.8,200,68,76.7,7.4,37,74,2.9,1.13,0.89,0.4,0.1,0.3,45,27,36,21,7.8,3.9,3.9,1,0.8,13.1,6.1177,7.65,95,4.3,95,3.2,91.49,76,347,423,17.97,8.3,191.51,7.4,49.8,106.8,46.63,10.9,2.4,137,4.4,0.58,100,219,114,178
971143,GYAHD05ODK,213276,25/04/2019,07:24,08:25,Yellow,Slightly cloudy,1.016,7,Negative,Trace,Negative,Negative,Negative,Normal,Negative,10-12,0,2-4,Nil,Nil,NIL,12.8,4,21.5,77,32,59,13.8,49.5,4998,41,40,6,2,2.3,6.03,2.35,0.22,0.42,0.07,110,10.9,20,0.34,43.7,0.1,0.14,0.06,0.13,116,40,88.8,50.3,251.5,162,2.9,2.22,0.45,0.7,0.3,0.4,67,55,64,32,7.2,3.7,3.5,1.06,1,16.4,7.6588,7.66,144,3.2,102,5.6,104.11,158,243,401,39.4,6,125.5,0.9,11.1,94.9,11.7,11.1,3.6,137,17.6,2.27,79,79,108,132
977157,PBCHD10PBP,341960,26/04/2019,10:38,11:41,Orange,Opaque,1.026,6.1,Negative,1+,Trace,Negative,Negative,Normal,Negative,9-10,2,3-3,Nil,Few,Mucus threads,14.2,4.2,36.8,96.6,33,38,12.7,42.3,34243,54,30,4,5,0,3.25,1.28,1.2,0.31,0.04,267,7.8,12,0.26,27.8,1.3,0.34,0.25,0.13,182,71,42.6,41.5,207.5,64,2.6,0.6,1.67,0.6,0.2,0.4,127,15,90,29,6.4,4.6,1.8,2.56,1,8.2,3.8294,3.83,135,3.8,107,5.3,111.45,185,226,411,45.01,8.7,202.99,0.7,16.2,142.1,11.4,10.3,2.1,151,8.9,1.92,189,75,106,84
828292,GYAHD06KAU,476261,25/04/2019,09:08,10:09,Light Yellow,Clear,1.017,7.9,Trace,Negative,Negative,Negative,Negative,1+,Negative,4-6,0,1-3,Few,Nil,NIL,14.2,5,24.7,71.4,28,57,11.5,31.6,4482,37,11,2,6,0,5.45,2.07,0.94,0.11,0.06,418,9.5,16,0.32,25.5,4.5,1.42,0.12,0.2,187,42,112.3,23,115,183,4.5,2.67,0.37,0.8,0.2,0.6,47,56,82,45,7.9,3.5,4.4,0.8,0.7,66.4,31.0088,44.3,136,3.3,105,6,114.25,83,354,437,18.99,5.7,116.89,0.9,22.3,70.8,31.5,8.5,3.7,132,6.7,1.46,138,153,99,88
642916,GYAHD01KLM,130163,26/04/2019,09:41,11:07,Straw,Clear,1.023,6.8,Negative,Negative,Negative,Trace,Negative,Normal,Negative,7-9,2,3-2,Rare,Nil,Mucus threads,12.2,6.5,32.3,80.7,18,37,12.4,41,6132,35,46,6,5,0,2.34,0.29,0.41,0.67,0.04,414,11.4,12,0.27,16.7,4.6,0.38,0.29,5,115,59,160.5,56.8,284,103,1.9,2.72,0.37,0.4,0.1,0.3,114,50,22,11,6.7,3.6,3.1,1.16,1.3,50.6,23.6302,18.18,143,3.7,99,6.4,98.6,248,345,593,41.82,5.9,122.63,0.6,14.3,97.4,14.68,9.7,4.5,176,11.2,2,73,85,75,227
524545,KLTRS14KLP,973935,24/04/2019,09:19,10:13,Light Yellow,Clear,1.012,6.7,Trace,Negative,Negative,Negative,Negative,Normal,Negative,9-11,59,3-2,Nil,Rare,NIL,8.8,5.9,49.7,86.6,14,17,13.6,44.4,9664,33,29,15,5,0,5.52,0.01,0.6,0.03,0.03,818,7.4,11,0.29,22.8,1.1,0.13,0.36,0.2,163,65,40,15.3,76.5,112,2.5,0.62,1.63,0.5,0.2,0.3,221,36,13,40,7.2,3.5,3.7,0.95,0.9,16.8,7.8456,8.72,143,3.7,101,4.3,102.04,69,157,226,30.53,5.9,122.63,0.5,15.3,119.8,12.77,8.7,5,296,12.5,0.99,97,89,95,237
343689,PBCHD09KLC,453765,25/04/2019,09:08,10:05,Pale Yellow,Clear,1.016,6.4,Trace,Trace,1+,Negative,Negative,Normal,Negative,12-14,1,2-2,Nil,Nil,NIL,12.1,4.7,30.1,82,25,40,12.5,44.8,9085,35,25,2,2,0.3,0.9,2.86,0.26,0.08,0.09,417,7.6,11,0.29,20.3,4.1,3.84,0.16,0.39,227,50,150.5,102.5,512.5,160,4.5,3.01,0.33,0.6,0.2,0.4,98,7,13,43,6.4,4.3,2.1,2.05,0.8,13,6.071,7.59,144,4.7,97,5.6,119.81,65,279,344,18.9,8.2,188.64,1,30.4,83,36.63,9.3,4.3,266,10.1,9.88,72,125,78,65
367114,KLTRS07WBD,508965,27/04/2019,06:04,07:15,Pale Yellow,Slightly cloudy,1.028,4.8,Trace,Trace,Negative,Negative,Negative,1+,Negative,4-6,0,1-4,Nil,Nil,NIL,12.7,4,60.2,70.4,31,21,13.3,40.5,22968,40,33,1,16,0,5.81,2.02,0.63,0.48,0.01,18,8.4,16,0.33,22.9,4.5,0.66,0.27,0.02,137,39,123.7,22.9,114.5,66,3.5,3.17,0.32,0.5,0.2,0.3,62,9,34,31,6.8,4.1,2.7,1.52,1.1,17.4,8.1258,7.39,139,3.4,102,9.2,114.04,182,140,322,56.52,6.8,148.46,1,11.6,110,10.55,10.4,4.5,66,12.3,1.75,128,174,92,64
417137,MZLGI01BRC,576046,28/04/2019,08:08,09:26,Dark Yellow,Slightly cloudy,1.013,4.1,Negative,Negative,Negative,Negative,Negative,Normal,Negative,1-2,2,1-4,Nil,Nil,NIL,17.1,5.6,28.3,82.9,30,60,11.2,40,8813,33,34,4,14,0,4.16,1.06,0.67,0.43,0.1,180,6.9,14,0.65,30.9,1.5,1.43,0.17,3.31,158,27,119.1,6.7,33.5,156,5.9,4.41,0.23,0.5,0.2,0.3,68,38,32,20,7.1,3.8,3.3,1.15,0.7,19.1,8.9197,12.74,141,3.7,103,5.9,51.94,166,357,523,31.74,6.1,128.37,0.5,15.9,87.9,18.09,9.7,3.2,196,3.4,6.98,95,120,74,118
912542,GYAHD13KAU,837879,28/04/2019,08:53,09:44,Orange,Slightly cloudy,1.028,6.1,Trace,Negative,Trace,1+,Negative,Normal,Negative,TNTC,2,1-4,Nil,Nil,Fungal elements,11.9,6.7,17.6,41.9,17,67,13.8,44.1,25927,27,18,4,3,0,8.09,2.48,0.53,0.34,0.02,254,11,11,0.2,37.5,4,0.22,4.55,0.15,370,52,89.8,21.1,105.5,177,7.1,1.73,0.58,0.9,0.3,0.6,102,49,40,24,6.7,4.3,2.4,1.79,0.8,11.7,5.4639,6.83,138,4.7,96,4.6,94.33,62,274,336,18.45,6.2,131.24,0,13,141.4,9.19,6.7,2.5,198,13.7,2.6,101,94,95,119
329360,PBCHD15PBM,576475,27/04/2019,06:49,07:43,Light Yellow,Clear,1.025,6.8,Negative,Trace,Negative,Negative,Negative,Normal,Negative,1-2,1,3-4,Nil,Nil,Mucus threads,3.1,4.4,41,88.3,7,7,13.4,44.9,2199,47,40,5,8,0,5.41,1.27,0.71,0.53,0.02,114,7.1,19,0.37,18.7,4.8,0.06,0.05,0.63,155,28,112.8,23.6,118,134,5.5,4.03,0.25,10.4,5.9,4.5,89,19,39,12,6.6,4,2.6,1.54,1,27,12.609,12.61,137,5.9,99,2.1,92.3,121,248,369,32.79,8.9,208.73,0.7,16.3,94.3,17.29,9,4.5,319,8.8,0.33,116,100,106,100
176883,PBCHD10KLC,312258,25/04/2019,09:23,10:02,Pale Yellow,Slightly cloudy,1.295,4.5,Negative,Trace,Negative,Trace,Negative,Normal,Negative,1-3,0,2-2,Moderate,Nil,Mucus threads,19.8,2,56.4,86.2,99,35,12.3,41.7,8340,30,39,5,8,0,1.08,2.89,0.62,0.02,0.09,694,7.9,15,0.38,15.7,4.9,0.32,0.3,0.14,206,42,72.9,14,70,143,4.9,1.74,0.58,1,0.3,0.7,98,20,35,23,6.3,4.2,2.1,2,0.8,6.8,3.1756,3.97,133,4.2,91,4.9,115.59,157,152,309,50.81,8.7,202.99,0.8,296.1,140.7,210.45,10.6,2.5,168,4,3.5,78,88,85,167
628761,GYAHD05KAU,732551,28/04/2019,09:12,10:20,Pale Yellow,Hazy,1.012,7,Negative,Trace,Trace,Negative,Negative,Normal,Negative,4-6,1,3-2,Nil,Nil,Mucus threads,12.2,5.5,43.8,86.3,22,27,13.2,40.9,4255,80,40,6,8,0,7.07,0.57,0.37,0.57,0.06,77,17.8,12,0.22,14.5,0.1,1.72,0.32,0.8,134,43,71.5,16.1,80.5,67,3.1,1.66,0.6,0.8,0.2,0.6,58,43,73,48,6.8,4.6,2.2,2.09,1.1,6.8,3.1756,2.89,124,4.4,73,3.2,93.99,106,111,217,48.85,6.4,136.98,0.6,18.6,91.1,20.42,11.5,2.7,199,8.2,5.31,167,72,72,134
520608,MZLGI02RJK,710349,25/04/2019,06:31,07:52,Light Yellow,Slightly cloudy,1.018,4.9,Trace,Negative,Negative,1+,Negative,Normal,Negative,13-15,1,1-3,Nil,Few,NIL,3.9,4.2,43.4,90.9,9,8,13,43.1,10219,45,23,1,7,0,2.06,1.97,0.37,0.09,0.04,335,7.2,17,0.19,29.2,5.6,0.2,0.25,0.53,179,55,43.3,46.5,232.5,131,3.3,0.79,1.27,0.4,0.1,0.3,77,33,32,27,7.5,5,2.5,2,1.1,123.9,57.8613,52.6,149,3.8,96,3,119.39,192,259,451,42.57,11,269,0.7,26.8,64.2,41.74,8.4,3.8,254,5.7,0.22,110,100,103,194
769520,GYAHD07JHJ,573802,24/04/2019,09:06,09:49,Orange,Slightly cloudy,1.024,6,Trace,2+,Negative,2+,Negative,Normal,Negative,2-4,1,3-4,Nil,Nil,NIL,14.5,4.9,52.2,87.9,29,27,13.3,45,7562,45,11,1,3,0,5.55,0.51,0.09,0.19,0.01,112,9,17,0.23,28.1,2.2,3.38,5.22,0.22,206,53,98.6,18.7,93.5,128,3.9,1.86,0.54,0.7,0.3,0.4,70,25,39,27,8,4.4,3.6,1.22,0.9,14.4,6.7248,7.47,129,6.4,107,5.4,105.33,124,282,406,30.54,6.8,148.46,0.5,77.6,49.6,156.45,9.4,2.1,339,9.7,7.31,88,99,82,181
485351,PBCHD09PBP,752486,25/04/2019,09:22,10:47,Yellow,Clear,1.012,5.1,Negative,Negative,Negative,Negative,Negative,Normal,Negative,43-48,1,>20,Nil,Nil,Amorphous debris,17.4,4.2,35,85,41,49,12.5,40.7,5139,70,39,5,4,0,2.13,0.2,0.53,0.16,0.04,186,8.3,17,0.33,15,4.7,0.32,0.09,0.17,152,34,126.1,60.8,304,97,4.5,3.71,0.27,0.7,0.3,0.4,128,23,40,43,6.7,4.4,2.3,1.91,1.2,15.5,7.2385,6.03,140,2.9,105,4.7,110.47,95,343,438,21.69,7.8,177.16,0.4,26.3,129.8,20.26,9.5,5.8,68,8.9,9.04,100,72,165,143
256210,GYAHD08KAU,736316,24/04/2019,07:30,08:41,Pale Yellow,Opaque,1.025,5.9,Trace,Negative,Negative,Negative,Negative,1+,Negative,11-12,2,2-3,Moderate,Nil,NIL,11.3,4.1,51.9,87.2,27,21,13.8,43.6,7842,64,21,4,4,0,0.93,1.99,0.04,0.29,0.07,125,9.1,15,0.22,27.8,4.2,0.03,0.38,0.81,231,57,102.6,35.6,178,77,4.1,1.8,0.56,1.5,0.3,1.2,323,13,19,19,7.3,3.9,3.4,1.15,1.1,7.9,3.6893,3.35,147,5.5,108,6.9,117.15,85,353,438,19.41,8.4,194.38,1,26.2,221.5,11.83,8.7,3.6,217,22.4,1.59,295,89,72,98
541797,PBCHD14PBM,700822,28/04/2019,10:30,11:32,Light Yellow,Clear,1.029,6.9,1+,Negative,Negative,Trace,Negative,Normal,Negative,62-64,12,1-2,Rare,Nil,Fungal elements,13.6,5.4,43.1,90.6,25,31,11.6,40,9257,52,19,6,7,0,1.82,2.83,0.26,0.07,0.1,265,7.2,18,0.13,32,4.9,0.14,0.05,4.24,108,53,152.1,36.5,182.5,188,2,2.87,0.35,1,0.3,0.7,51,25,20,44,6.3,4.6,1.7,2.71,0.8,9.5,4.4365,5.55,139,4.1,101,4.9,108.45,116,240,356,32.58,6.1,128.37,0.8,12.3,205.4,5.99,9.8,5.7,155,8.5,1.72,74,71,78,85
352676,KLTRS07TSS,534435,27/04/2019,11:08,12:06,Light Yellow,Clear,1.017,5.3,Trace,Trace,Negative,Negative,Negative,Normal,Negative,2-4,0,5-14,Nil,Rare,NIL,12.2,4.3,23.4,97.8,28,52,14.5,44.7,4725,37,30,4,7,0,2.76,1.96,0.51,0.61,0,383,17.2,10,0.38,28.5,2.8,0.35,0.94,0.26,151,37,123,64.1,320.5,169,4.1,3.32,0.3,0.8,0.3,0.5,312,47,21,9,7.3,4.6,2.7,1.7,1.2,35.7,16.6719,13.89,109,4.9,104,3.6,115.97,128,138,266,48.12,8.4,194.38,0.3,20.5,69.8,29.37,6.1,1.4,123,10.8,3.57,118,73,77,109
153031,KLTRS04ODB,388576,24/04/2019,07:41,08:20,Dark Yellow,Hazy,1.015,6.5,Trace,Trace,Negative,Negative,Negative,Normal,Negative,1-3,2,3-4,Nil,Nil,Amorphous debris,10.7,2.5,34.7,86.3,42,30,14.2,38.5,4720,73,54,3,3,0,3.02,2.06,0.26,0.22,0.07,107,7.6,11,0.33,31.8,5.2,0.06,0.51,0.27,198,70,109.2,28,140,127,2.8,1.56,0.64,0.5,0.1,0.4,93,5,22,10,6.3,4.7,1.6,2.94,0.9,17.5,8.1725,9.08,141,5.5,100,3.4,98.99,130,165,295,44.07,8.3,191.51,0.5,24.2,218.4,11.08,8.1,2,196,6,2.05,84,85,89,190
143032,PBCHD06NLM,557935,25/04/2019,11:43,12:58,Pale Yellow,Clear,1.019,6.1,Trace,Trace,Negative,Negative,Negative,Normal,Negative,3-4,1,1-2,Rare,Nil,NIL,18.6,4.4,32,84.4,42,58,11.9,45.9,9248,38,22,7,8,0,1.16,2.39,0.46,0.46,0.18,319,7.4,12,0.13,23.8,1.3,0.07,0.36,0.78,168,56,71.3,20.7,103.5,103,3,1.27,0.79,0.4,0.1,0.3,49,48,39,13,6.9,3.9,3,1.3,1.2,15.9,7.4253,6.19,144,5.9,106,7.9,46.31,243,231,474,51.27,7.8,177.16,1.6,22,217.5,10.11,9.9,1.5,193,9.3,1.84,101,84,256,109
469453,MZLGI13GJS,421674,26/04/2019,06:31,07:57,Straw,Slightly cloudy,1.014,5.2,2+,Negative,Negative,Negative,Negative,Normal,Negative,14-15,1,1-4,Moderate,Nil,Fat droplets or lipiduria,16,4,54.4,92.2,40,29,14,45.5,7969,58,15,3,5,0,7.66,2.02,0.77,0.44,0.01,386,8.4,13,0.37,14.9,0.9,0.05,0.4,5.6,181,45,61,29.4,147,127,4,1.36,0.74,0.5,0,0.5,76,108,13,16,7.8,4.1,3.7,1.11,1,17,7.939,7.94,136,3,100,3.3,90.64,109,217,326,33.44,8.3,191.51,0.9,11.4,129.4,8.81,9.4,3.4,224,5.4,1.68,116,69,77,174
146315,MZLGI07MHP,905626,25/04/2019,09:58,11:27,Deep Amber,Clear,1.014,6.3,Negative,Negative,Negative,Negative,Negative,Normal,Negative,8-10,0,1-2,Nil,Nil,Mucus threads,12,4.3,47,72.4,27,25,11.6,42.7,20897,49,37,3,3,0,0.64,2.72,0.65,0.42,0.05,423,8.7,15,0.42,24,1.8,0.48,0.62,2.57,215,71,41.1,37.1,185.5,94,3,0.58,1.73,0.5,0.2,0.3,120,40,37,47,6.4,5,1.4,3.57,0.9,216,100.872,112.08,139,4.1,97,3.9,112.59,184,355,539,34.14,6.7,145.59,0.7,15.7,63.5,24.72,9.3,2.5,100,4.6,2.32,84,82,81,266
798971,KLTRS06MLT,421541,25/04/2019,09:27,10:08,Straw,Hazy,1.017,5.8,Negative,Trace,Negative,Negative,Negative,Normal,Negative,22-23,3,1-3,Few,Few,NIL,16.2,5.8,30.8,92.6,27,52,13.6,44.7,8033,59,41,2,20,0.5,1.32,7.01,0.92,0.49,0.07,263,11.7,24,0.19,17.4,1.7,3.29,4.51,0.51,161,22,77.1,11.9,59.5,66,7.3,3.5,0.29,16.8,12.3,4.5,126,17,34,44,7.8,3.9,3.9,1,1.2,8.3,3.8761,3.23,140,8.6,99,4.4,108.08,64,178,242,26.45,8.7,202.99,0.4,14.6,94.4,15.47,10.8,4.5,67,9.8,2.02,116,93,91,152
866879,MZLGI08RJK,133159,28/04/2019,11:32,12:16,Pale Yellow,Slightly cloudy,1.016,6.8,Negative,Trace,Negative,Negative,Negative,Normal,Negative,6-7,1,>20,Nil,Nil,NIL,12.6,5.9,39.6,82.9,21,31,12.2,45.7,6379,42,38,2,8,1,8.65,1.81,0.46,0.33,0.1,254,7.2,11,0.16,38.9,0.3,0.54,0.21,0.16,161,26,88.2,5.8,29,113,6.2,3.39,0.29,0.5,0.2,0.3,78,18,38,48,6.3,4.5,1.8,2.5,1.1,15,7.005,6.37,139,3.2,106,2.5,116.19,30,128,158,18.99,7.9,180.03,0.5,26.8,122.5,21.88,9.5,5.6,245,20.6,0.68,73,82,146,265
523503,MZLGI04BRC,286439,24/04/2019,11:13,12:02,Pale Yellow,Clear,1.012,4.7,Negative,Trace,Negative,Negative,Trace,Normal,Negative,12-13,1,3-2,Nil,Rare,Fat droplets or lipiduria,13.3,6,33.7,78.1,22,39,13.1,43.5,51417,50,37,6,7,0,2.26,2.26,0.59,0.07,0.05,419,11.3,14,0.28,15.2,3.4,0.01,0.6,0.66,230,23,99.1,67.5,337.5,68,10,4.31,0.23,0.6,0.2,0.4,81,30,21,39,7,4.5,2.5,1.8,0.7,7.3,3.4091,4.87,128,3.6,94,6.6,96.02,120,266,386,31.09,17.5,455.55,0.6,11,142.8,7.7,8,5.9,149,10,8.53,149,101,75,80
859019,KLTRS12MLT,938372,28/04/2019,08:07,08:46,Dark Yellow,Slightly cloudy,1.011,5.2,Trace,2+,Negative,Negative,Negative,Normal,Negative,37-39,2,3-2,Nil,Rare,Parasites,8.7,4.4,34.5,95.7,19,25,12.7,41.6,9557,32,53,1,3,0,13.06,2.44,0.33,0.47,0.17,353,9,15,0.28,13.7,4.3,0.28,0.35,0.03,226,41,71.2,17.7,88.5,127,5.5,1.74,0.58,0.6,0.1,0.5,104,44,29,46,8,3.8,4.2,0.9,0.7,17.5,8.1725,11.68,143,3.7,102,5,93.58,241,324,565,42.65,5.7,116.89,0.6,17.9,40.7,43.98,10.2,3.3,168,7,1.27,74,66,86,96
143079,KLTRS02TSS,394704,27/04/2019,07:43,08:50,Pale Yellow,Clear,1.018,4.7,Trace,1+,Negative,Negative,Negative,Normal,Negative,6-7,2,3-2,Nil,Few,Yeast cells,12.3,4.2,42.1,41.6,29,29,13.8,45.9,38498,44,11,3,2,0,8.34,2.01,0.25,0.36,0.24,292,11.7,10,0.31,23.7,4.8,0.01,0.29,0.38,168,44,175.8,7.9,39.5,99,3.8,4,0.25,1.3,0.1,1.2,69,52,25,26,6.9,3.8,3.1,1.23,1.1,16.3,7.6121,6.92,143,3.1,98,5.4,115.39,83,210,293,28.33,8.3,191.51,0,18.8,136,13.82,11.3,2.6,78,5.8,1.39,95,120,185,258
281427,MZLGI05MHP,112050,24/04/2019,09:50,11:11,Straw,Slightly cloudy,1.022,5,Trace,3+,Negative,Negative,Negative,Normal,Negative,6-7,0,>20,Nil,Nil,NIL,9.9,5.6,53.8,83.3,17,18,15.6,42.7,47527,32,50,6,7,0,1.12,4.7,0.42,0.37,0,145,7.5,15,0.19,34.9,2.6,0.86,2.88,0.17,195,58,78.1,22.5,112.5,145,3.4,1.35,0.74,0.8,0.3,0.5,66,31,16,12,7.1,4,3.1,1.29,0.8,10.2,4.7634,5.95,90,4.8,106,2.2,95.79,149,172,321,46.42,6,125.5,0.9,17.3,81.9,21.12,8.6,4.3,259,11.9,1.62,116,90,70,158
583786,PBCHD07RJU,890921,25/04/2019,08:17,09:20,Pale Yellow,Slightly cloudy,1.018,6.4,Trace,2+,Negative,Negative,Negative,Normal,Negative,3-4,1,2-2,Nil,Nil,NIL,9.8,5.1,29.8,42.8,19,32,12.7,40.2,10587,68,10,2,7,0,2.89,1.54,0.36,0.47,0.01,295,10.8,11,0.36,31.9,1.5,4.41,4.77,0.47,149,30,54.3,67.9,339.5,137,5,1.81,0.55,0.4,0,0.4,91,24,14,15,8.1,4.6,3.5,1.31,0.6,11.1,5.1837,8.64,126,4.3,98,5.7,109.65,60,347,407,14.74,7.9,180.03,0.8,17.1,128.7,13.29,11.6,2.6,199,6.6,0.11,94,79,100,244
581526,KLTRS03KLP,710311,28/04/2019,08:15,09:38,Deep Amber,Clear,1.013,4.6,Negative,Negative,Negative,Negative,Negative,Normal,Negative,1-3,1,2-3,Nil,Rare,NIL,6.7,4.2,20.7,94.7,15,32,11.8,44.3,7114,55,20,5,2,0.4,6.82,2.53,0.22,0.09,0.19,275,7.2,10,0.39,22.1,2.6,4.84,4.78,0.07,789,76,94.4,25.9,129.5,112,10.4,1.24,0.81,0.9,0.3,0.6,107,138,39,19,5.7,3.8,1.9,2,0.7,17.5,8.1725,11.68,144,4.5,103,6.6,49.17,76,97,173,43.93,5.9,122.63,0,10.6,464.1,2.28,9.4,4.1,267,11.3,1.79,98,155,123,391
782988,PBCHD04PBP,713954,24/04/2019,10:26,11:22,Yellow,Slightly cloudy,1.015,7,Trace,Negative,Negative,Negative,2+,Normal,Negative,3-5,4,1-4,Nil,Nil,NIL,18.4,6.5,18.3,80.4,28,100,15.9,39.9,8850,32,24,2,3,0,1.39,1.5,0.31,0.4,0.09,392,7.8,14,0.34,34.8,4.3,0.02,0.02,0.18,174,58,35.3,15.2,76,157,3,0.61,1.64,0.4,0.1,0.3,67,8,24,35,7.7,5.4,2.3,2.35,0.8,9.8,4.5766,5.72,144,4.2,97,3.8,63.27,150,225,375,40,13,326.4,0.2,15.8,39.1,40.41,10.3,2.9,72,4,8.65,89,86,83,177
619256,PBCHD13PBP,988530,24/04/2019,10:56,11:35,Light Yellow,Hazy,1.016,6,Negative,1+,Negative,Negative,Negative,Normal,Negative,TNTC,1,2-3,Nil,Nil,NIL,17,5.9,44.9,74,28,37,12.1,37.4,7739,47,37,5,5,11.5,2.86,0.29,0.29,0.78,0.03,191,9.1,11,0.24,25.4,1.8,0.27,0.86,0.02,196,45,81.7,6.6,33,121,4.4,1.82,0.55,0.7,0.3,0.4,108,52,33,31,7.2,4.8,2.4,2,0.8,11.1,5.1837,6.48,136,3.8,107,7.7,90.23,89,268,357,24.93,8.1,185.77,0.7,18.7,54.2,34.5,9.1,4.3,192,11.7,1.22,125,80,96,95
516473,KLTRS13MLT,101643,25/04/2019,06:45,08:02,Light Yellow,Slightly cloudy,1.017,5.5,Trace,2+,Negative,Negative,Negative,Normal,Negative,12-13,0,3-2,Nil,Nil,NIL,3.6,4.4,40.4,99.1,8,8,14,40.8,10018,50,10,1,3,0,1.51,2.27,0.56,0.2,0.05,179,10.9,15,0.46,36,2.8,0.3,0.16,0.62,201,51,48.5,37.9,189.5,67,3.9,0.95,1.05,0.5,0.1,0.4,164,26,16,7,6,3.8,2.2,1.73,1.6,17.9,8.3593,5.22,138,4.1,95,5.5,99.33,68,210,278,24.46,7.9,180.03,0.5,12.5,130.5,9.58,8.9,3.4,149,3.3,3.49,118,104,95,98
399527,GYAHD14ODK,681707,26/04/2019,11:54,12:42,Green,Clear,1.012,4.6,Negative,4+,Negative,1+,Negative,Normal,Negative,4-5,0,2-3,Nil,Rare,NIL,14.3,8.1,60,65.7,17,23,11.7,45.4,9225,36,44,7,5,0,0.84,2.57,0.83,0.69,0.01,447,9.1,16,0.27,33.8,4.2,0.16,3.31,0.23,158,52,184.9,27.4,137,150,3,3.56,0.28,0.6,0,0.6,118,41,21,26,6.4,3.5,2.9,1.21,0.8,15.7,7.3319,9.16,134,4,98,2.2,102.27,79,228,307,25.73,8.6,200.12,0.8,13.1,140.1,9.35,10.8,2.7,221,18.6,0.006,114,178,124,121
700258,MZLGI14APK,933080,25/04/2019,06:40,07:56,Pale Yellow,Hazy,1.019,5.1,Trace,Negative,Negative,1+,Negative,Normal,Negative,1-3,0,2-4,Nil,Nil,NIL,17.9,5.7,21.7,92.1,31,82,15,39.3,7570,47,43,5,8,0,6.73,4.69,0.6,0.4,0.07,302,10.9,14,0.24,18,2.2,0.01,0.33,0.04,188,56,43.6,26.2,131,160,3.4,0.78,1.28,0.4,0.1,0.3,292,7,28,36,6.5,4.4,2.1,2.1,1.2,8.2,3.8294,3.19,136,4.8,114,2.8,107.9,97,224,321,30.22,7.6,171.42,0.1,17.9,260.1,6.88,9.8,3.6,163,6.1,0.32,103,85,98,171
498559,PBCHD08SKM,549083,28/04/2019,08:49,09:39,Pale Yellow,Clear,1.011,5.5,Negative,Negative,Negative,Trace,Negative,Normal,Negative,9-10,1,1-3,Nil,Nil,Amorphous debris,12,7,52.7,84.2,17,22,13.9,44.6,4123,50,20,4,6,0.8,8.49,2.95,1.17,0.21,0.04,316,7.2,12,0.33,16.1,3,6.1,0.52,0.9,179,79,187.7,65.9,329.5,158,2.3,2.38,0.42,15.3,10.8,4.5,72,42,20,14,6.8,4.1,2.7,1.52,0.7,5.9,2.7553,3.94,134,5,115,4.5,39.12,204,327,531,38.42,5.8,119.76,0.8,17.7,87.4,20.25,11.5,4.4,77,9.1,1.8,88,81,70,102
529529,PBCHD08HPP,847002,28/04/2019,11:12,12:38,Orange,Slightly cloudy,1.029,5.8,Negative,Trace,Negative,Negative,Negative,Normal,Negative,2-3,0,2-2,Nil,Nil,NIL,11,4.9,21.7,77.3,22,50,11.8,42.1,7219,52,16,1,7,0,3.13,0.12,0.4,0.27,0.09,433,11.3,14,0.12,24.6,0.1,0.14,0.14,0.27,150,51,128.2,50.3,251.5,105,2.9,2.51,0.4,0.9,0.3,0.6,57,11,36,36,6.8,3.6,3.2,1.13,1.1,12.6,5.8842,5.35,137,5.2,99,5.9,99.76,189,292,481,39.29,8.4,194.38,0.8,18.6,77.6,23.97,10.3,6.1,108,16.5,0.89,93,67,101,80
382724,KLTRS11ODB,616876,27/04/2019,10:58,12:02,Pale Yellow,Clear,1.018,4.9,Negative,Trace,Negative,Negative,Negative,Normal,Negative,14-15,1,2-3,Nil,Nil,NIL,4.9,5.7,51.2,97,8,9,13.3,47,7406,32,18,0,8,0,1.23,1.02,0.43,0.42,0.07,28,10.3,11,0.26,23.9,5.4,0.31,0.29,0.69,151,34,32.6,53.8,269,128,4.4,0.96,1.04,0.8,0.1,0.7,47,44,21,48,7.8,3.5,4.3,0.81,1.1,10.3,4.8101,4.37,140,5.1,106,4.6,92.29,65,137,202,32.18,8.6,200.12,0.4,12.9,131,9.85,10.2,4.1,255,12.2,3.85,123,87,97,87
660271,KLTRS03TSS,819730,28/04/2019,08:17,09:35,Pale Yellow,Clear,1.01,6.6,Negative,Trace,Negative,Negative,Negative,Normal,Negative,77-81,2,9-14,Nil,Nil,Parasites,18.2,6,20.1,88.2,30,90,12.8,39,8184,42,24,1,8,0,1.44,2.9,0.95,0.09,0.04,423,8.3,14,0.47,14.3,5.8,0.18,0.26,0.33,186,54,88.8,25.7,128.5,82,3.4,1.64,0.61,0.7,0.3,0.4,53,46,14,15,6.9,3.8,3.1,1.23,1.2,17.6,8.2192,6.85,142,4.9,99,3.2,108.37,131,182,313,41.85,8.9,208.73,0.1,24.8,94.7,26.19,8.2,6.1,131,16.5,1.42,91,89,71,100
983430,KLTRS05MLT,638301,25/04/2019,07:03,08:22,Straw,Slightly cloudy,1.017,6.7,Trace,Trace,1+,Negative,Negative,Normal,Negative,7-8,0,3-3,Nil,Nil,Yeast cells,11.6,4.4,47.1,84.6,26,24,13.6,42.4,5590,40,19,3,2,0,1.44,4.65,0.54,0.1,0.08,220,9,11,0.48,27.5,2.2,0.3,0.17,0.87,237,54,118.3,22.2,111,61,4.4,2.19,0.46,0.4,0.1,0.3,70,32,29,18,7.2,4.4,2.8,1.57,0.7,11.6,5.4172,7.74,141,2.5,112,5.5,90.25,125,282,407,30.71,6.3,134.11,0.6,25.1,136.2,18.43,11.1,4.5,44,3.7,0.13,108,64,82,129
998413,MZLGI03BRC,787798,24/04/2019,06:52,08:06,Pale Yellow,Clear,1.01,4.8,2+,Negative,Negative,Negative,Negative,Normal,Negative,5-6,2,10-13,Nil,Nil,NIL,9.6,5.4,33.6,92.5,17,28,11.6,45.7,50646,41,53,3,25,0,11.63,1.93,0.32,0.3,0.49,261,10.2,17,0.21,12,0.2,0,0.14,6.36,167,50,71.3,36.2,181,129,3.3,1.43,0.7,0.5,0,0.5,96,53,12,18,7.3,3.8,3.5,1.09,0.8,19.9,9.2933,11.62,138,4.9,113,5.6,98.39,193,300,493,39.15,6,125.5,3.5,28.4,146.3,19.41,8.7,4.5,219,4.7,0.85,118,198,79,190
464235,MZLGI14GJS,239717,25/04/2019,08:31,09:01,Light Yellow,Slightly cloudy,1.018,4.6,1+,Negative,Trace,Negative,Negative,1+,Negative,TNTC,5,2-3,Rare,Nil,NIL,16.1,5.1,33.7,94.5,31,47,13.6,40.2,7259,54,32,6,4,0,8.13,2.33,0.31,0.41,0.07,348,11.4,11,0.36,14.8,3.3,0.26,2.44,0.64,150,64,82.9,37.7,188.5,151,2.3,1.3,0.77,0.7,0.3,0.4,101,12,35,29,6.4,4.2,2.2,1.91,0.6,16.2,7.5654,12.61,139,4.4,98,6.8,95.96,164,285,449,36.53,5.9,122.63,0.3,18.1,78.9,22.94,10.6,1.8,184,5.4,1.12,125,98,202,86
742055,PBCHD11NLM,645650,26/04/2019,11:26,12:27,Pale Yellow,Slightly cloudy,1.016,5,Trace,Negative,Negative,Negative,Negative,Normal,Negative,4-6,2,8-10,Moderate,Nil,NIL,20.9,4.5,45.9,124.9,46,45,14.2,40.7,8634,66,15,10,14,0,4.58,4.79,0.28,0.14,0,321,7.1,17,0.26,22.4,3.5,0.25,0.13,0.27,158,34,83.7,35.6,178,102,4.6,2.46,0.41,0.3,0,0.3,97,28,36,15,8.3,3.5,4.8,0.73,0.7,12.4,5.7908,8.27,137,6.6,79,3.3,90.57,118,113,231,51.08,5.8,119.76,0.2,13.9,110.4,12.59,9.7,4.2,274,12.7,1.33,102,87,92,122
184088,PBCHD11SKM,543437,26/04/2019,06:19,07:19,Pale Yellow,Slightly cloudy,1.04,5,Negative,Trace,Negative,Negative,Negative,Normal,Negative,8-9,2,1-2,Nil,Nil,Artifacts,21.6,4.5,31.1,82.6,48,69,13.2,43.3,6113,41,22,3,3,0,3.61,2.09,0.19,0.09,0.05,218,7.8,13,0.1,12,6.4,0.2,0.13,0.11,238,51,41.5,22.6,113,115,4.7,0.81,1.23,0.7,0.2,0.5,91,47,38,40,5.6,3.8,1.8,2.11,1.2,14.6,6.8182,5.68,139,3.1,98,4.7,104.29,94,183,277,33.94,7.7,174.29,0.4,24,48.5,49.48,9.3,5.5,151,10.3,1.48,100,66,78,132
547991,PBCHD11PBP,932018,27/04/2019,06:53,08:04,Yellow,Slightly cloudy,1.01,5.1,Trace,1+,Negative,Negative,Negative,Normal,Negative,TNTC,0,2-4,Nil,Nil,NIL,10.6,4.8,48.5,97,22,21,9.6,39.9,8971,11,29,4,8,0,8.29,1.27,0.43,0.54,0.02,395,8.8,12,0.09,20.9,1.1,0.21,0.39,0.76,186,46,71.2,58.1,290.5,147,4,1.55,0.65,0.9,0.2,0.7,63,9,28,36,6.3,5,1.3,3.85,0.7,13.8,6.4446,9.21,137,6.6,86,3,100.59,81,287,368,22.01,6,125.5,0.4,11.8,140.6,8.39,9,4.9,90,5.4,3.88,109,185,70,99
338788,KLTRS13MLT,125748,25/04/2019,11:11,12:24,Orange,Slightly cloudy,1.014,6.9,3+,Negative,Negative,Trace,Trace,Normal,Negative,4-6,1,2-3,Nil,Nil,NIL,11.9,8.2,48.1,83.1,14,24,14.3,45.7,10501,46,29,5,5,0,9.49,1.02,0.22,0.46,0.06,138,8.9,11,0.24,35,2.3,0.36,0.34,0.36,223,40,71.5,64.5,322.5,217,5.6,1.79,0.56,0.5,0.1,0.4,123,33,39,20,6.6,3.6,3,1.2,1.2,12.2,5.6974,4.75,145,3.9,97,7.8,90.48,224,252,476,47.06,10.7,260.39,0,15.3,89.8,17.04,8.5,5.4,140,19,1.64,95,78,118,82
874609,MZLGI03GJS,230414,25/04/2019,11:13,12:19,Light Yellow,Clear,1.029,5.1,Trace,Trace,Negative,1+,Negative,Normal,Negative,7-9,2,1-3,Rare,Nil,NIL,14,6,50.2,69.8,23,27,12.8,42.6,10553,54,51,5,3,0,13.94,1.79,0.29,0.34,0.19,255,10.2,21,0.28,38.4,0.1,0.88,0.11,0.92,145,44,82.1,31.7,158.5,78,3.3,1.87,0.54,0.5,0.2,0.3,121,19,26,14,6.7,4.1,2.6,1.58,0.6,9.7,4.5299,7.55,137,3.6,102,4.9,118.53,101,220,321,31.46,6.3,134.11,0.9,25.7,117.4,21.89,8.9,5.4,184,3,2.55,70,122,112,128
791781,KLTRS11WBD,310902,25/04/2019,11:48,12:18,Yellow,Clear,1.016,4.9,Trace,Negative,Negative,Negative,Negative,Normal,Negative,2-4,1,>20,Nil,Rare,NIL,11,5.8,63.9,88.9,18,17,12.4,43,6273,40,42,10,0,0,0.86,1.87,0.7,0.55,0.12,137,8.2,17,0.11,15.8,0.1,0.24,0.2,0.32,181,56,80.9,93.9,469.5,138,3.2,1.44,0.69,0.9,0.3,0.6,62,34,24,11,7,4.7,2.3,2.04,0.6,13.1,6.1177,10.2,142,4.6,109,5.7,78.01,49,327,376,13.03,5.9,122.63,0.6,15.5,136.3,11.37,9,5.3,193,4,0.91,117,65,74,248
250508,MZLGI05GJS,929547,28/04/2019,11:50,12:53,Deep Amber,Slightly cloudy,1.02,4.9,2+,Negative,Negative,Negative,1+,Normal,Negative,6-7,2,2-4,Nil,Nil,Yeast cells,8.4,6.1,30.3,84,13,27,13.2,41.9,14574,59,17,2,7,0,11.95,1.17,0.7,0.26,0.05,235,10.3,14,0.28,33.7,0.1,0.01,4.35,0.37,171,49,126.5,48.9,244.5,150,3.5,2.58,0.39,10.9,6.4,4.5,86,39,71,11,6.7,3.6,3.1,1.16,1.1,10,4.67,4.25,141,2.5,113,5.6,102.86,95,135,230,41.3,6.9,151.33,22.4,11.6,289.4,4.01,12.9,3.6,153,5.1,2.38,147,86,102,133
227563,MZLGI08APK,930442,28/04/2019,07:07,08:05,Yellow,Clear,1.017,6.5,Trace,Trace,Negative,Negative,Negative,Normal,Negative,TNTC,2,3-4,Few,Nil,Artifacts,10.4,6.5,53.9,79.3,16,19,12.6,30.5,4551,52,16,6,3,0,3.05,4.74,0.78,0.06,0.07,92,8,15,0.27,16.9,2.2,0.24,0.33,0.22,142,22,104.6,34.7,173.5,141,6.5,4.75,0.21,0.6,0.2,0.4,63,15,61,42,6.6,5,1.6,3.13,1.1,30.3,14.1501,12.86,146,2.7,106,3.2,30.5,180,320,500,36,6.1,128.37,0.3,11.2,63.1,17.75,9.4,2.5,199,10.1,9.05,112,85,96,110
110418,MZLGI08MHP,606602,28/04/2019,07:38,08:22,Yellow,Clear,1.011,5.4,1+,Trace,Negative,Negative,Negative,Normal,Negative,2-3,1,2-3,Nil,Few,Fat droplets or lipiduria,9.6,4.1,33.9,48.2,23,28,13,39.7,4338,40,22,4,4,0,6.56,1.75,0.76,0.28,0.07,250,10.4,10,0.35,17.6,7.1,0.24,0.26,0.02,135,51,74.7,22,110,98,2.6,1.46,0.68,0.7,0.3,0.4,45,47,33,35,7.1,4.4,2.7,1.63,1,16.4,7.6588,7.66,147,3.8,102,9.2,93,95,342,437,21.74,5.3,105.41,0.2,14.9,123.4,12.07,11.8,2.1,133,6.2,3,101,85,75,201
445920,PBCHD06PBP,517848,24/04/2019,10:13,11:34,Yellow,Opaque,1.029,5.1,Negative,Negative,Negative,Negative,Negative,Normal,Negative,3-5,1,>20,Rare,Few,NIL,4.5,5.4,52.1,74.1,8,8,11.6,40.3,6305,59,29,5,6,0.3,5.38,3.35,0.32,0.18,0.06,205,14.5,14,0.24,12.3,7.1,2.09,0,0.74,138,50,117.3,32,160,139,2.8,2.35,0.43,0.6,0.1,0.5,76,12,31,15,8,4.3,3.7,1.16,1.1,19.1,8.9197,8.11,139,4.5,96,5.3,87.96,69,152,221,31.22,6,125.5,0.5,13.9,123.5,11.26,8.8,6,64,3.9,3.06,97,82,86,209
911957,GYAHD03JHJ,108872,24/04/2019,10:00,10:57,Straw,Slightly cloudy,1.028,4.2,Trace,Negative,Negative,Negative,Negative,Normal,Negative,5-6,2,3-2,Rare,Nil,Yeast cells,21.7,4.5,63,74,48,34,12,42.9,8799,50,36,4,3,0,8.12,2.15,0.59,0.11,0.01,240,10.8,16,0.3,13.4,3.8,0.12,0.16,0.21,191,52,137.3,10.6,53,148,3.7,2.64,0.38,0.5,0.2,0.3,84,53,33,25,6.2,5,1.2,4.17,0.6,16.8,7.8456,13.08,145,4.4,100,5.3,109.08,106,352,458,23.14,6,125.5,0.2,11.1,107.5,10.33,9.3,2.4,165,3.7,1.29,88,108,188,132
960166,PBCHD01MHS,670438,28/04/2019,11:35,12:29,Pale Yellow,Clear,1.011,6.9,1+,Negative,Negative,Negative,Negative,Normal,Negative,2-3,1,2-3,Nil,Nil,Fungal elements,13.6,5.9,39.3,82.9,23,34,12.6,44.4,8917,60,10,4,5,0,9.52,2.47,0.24,0.03,0.04,357,10.9,16,0.31,31.3,4.6,0.28,0.07,0.09,195,50,94.6,59.7,298.5,143,3.9,1.89,0.53,0.8,0.2,0.6,123,53,14,30,6.6,3.9,2.7,1.44,1.1,13.2,6.1644,5.6,139,3.7,103,2.9,102.19,109,213,322,33.85,6.1,128.37,0.5,26.3,56.1,46.88,8.5,4.2,214,17.5,2.54,99,87,98,93
315609,MZLGI08GJS,233191,28/04/2019,08:46,10:03,Pale Yellow,Hazy,1.016,4.5,3+,Negative,Negative,Negative,Negative,Normal,Negative,6-8,2,3-2,Nil,Nil,NIL,13.6,6.1,41.8,66.3,22,32,14.4,39.5,10236,35,37,5,3,0,16.39,1.06,0.41,0.12,0.07,326,9.8,11,0.16,16.7,4.4,0.11,0.31,0.19,185,56,107.9,14,70,181,3.3,1.93,0.52,0.9,0.3,0.6,51,42,35,32,7.1,4.5,2.6,1.73,1,33.8,15.7846,15.78,143,2.2,103,4.2,110.59,44,112,156,28.21,5.7,116.89,0.7,75.7,144.4,52.42,10,4,122,22.6,0.63,100,173,99,126
571227,PBCHD10GAM,852080,28/04/2019,08:19,09:45,Pale Yellow,Slightly cloudy,1.019,6.9,Trace,Trace,Negative,1+,Negative,Normal,Negative,4-5,1,14-11,Nil,Nil,Fat droplets or lipiduria,21.4,4.7,41.7,95.2,45,51,13.9,42.3,8264,55,30,4,7,1.1,3.36,1.09,0.34,0.05,0.06,19,9.5,9,0.18,24.9,4.3,0.39,0.01,0.08,190,51,87,10.5,52.5,149,3.7,1.71,0.59,12.7,8.2,4.5,97,31,18,44,7.9,4.7,3.2,1.47,1,18,8.406,8.41,105,4.3,102,3.6,63.18,72,205,277,25.99,7.4,165.68,0.9,20,66.1,30.26,8.6,1.9,92,17.9,11.84,93,102,185,138
729012,PBCHD04GAM,439336,26/04/2019,07:56,08:42,Yellow,Slightly cloudy,1.017,6.9,Negative,Trace,1+,Negative,Trace,Normal,Negative,TNTC,0,1-3,Nil,Nil,NIL,17.8,4.7,24.8,73.3,37,71,11.9,43.3,6565,53,48,1,2,0.8,0.58,4.63,0.26,0.64,0.02,390,7.1,11,0.36,44.3,0.1,0.27,0.17,0.26,167,56,52.8,34.2,171,139,3,0.94,1.06,0.7,0,0.7,63,30,12,10,6,3.7,2.3,1.61,0.9,10.2,4.7634,5.29,144,5.6,105,2.1,94.89,142,215,357,39.78,6.6,142.72,0.9,15.6,136.3,11.45,10.6,4.2,218,7.8,2.96,111,79,165,73
723592,GYAHD15ODK,142402,26/04/2019,09:35,10:51,Light Yellow,Clear,1.03,6.4,Trace,Negative,Negative,Negative,Negative,Normal,Negative,12-14,2,3-4,Nil,Nil,NIL,10.8,6.5,49.7,94.7,16,21,13.2,44.6,9971,43,44,1,7,0,9.32,1.57,0.23,0.17,0.04,21,8.6,11,0.56,23.3,0.9,4.13,0.83,0.42,216,34,90.9,69.8,349,182,6.4,2.67,0.37,0.7,0.3,0.4,96,48,17,42,6.9,4.9,2,2.45,1,16,7.472,7.47,135,4,106,8.6,117.64,180,211,391,46.04,5.9,122.63,0.1,18.5,45.8,40.39,9.1,4,112,12.5,0.08,252,83,78,105
877117,MZLGI03BRC,782030,26/04/2019,09:02,09:33,Red,Clear,1.022,5.9,Trace,Negative,Negative,Negative,Negative,Normal,Negative,13-14,2,2-2,Moderate,Few,Parasites,12,5.9,58.8,88.3,20,20,11.8,44,36270,56,41,5,8,0,7.7,1.85,0.44,0.22,0.01,261,10,11,0.29,16.4,3.6,0.18,0.06,5.81,193,41,107.6,38.6,193,88,4.7,2.62,0.38,0.5,0.2,0.3,68,38,27,34,7.3,4.6,2.7,1.7,0.6,18.5,8.6395,14.4,145,5,103,3.7,110.34,72,329,401,17.96,5.5,111.15,0.6,12.6,45.6,27.63,8.5,4.1,90,10.5,2.68,85,71,101,82
910143,GYAHD03ODK,479091,26/04/2019,10:08,11:34,Light Yellow,Opaque,1.015,4.6,Trace,1+,Negative,Negative,Negative,Normal,Negative,9-11,1,1-4,Nil,Nil,NIL,13.9,5.6,33.3,68.1,24,41,13.1,33.6,5509,43,23,6,5,0,21.17,1.34,0.35,0.15,0.07,1110,8.2,15,0.19,14.6,0.6,0.31,4.7,0.68,154,45,85.6,5.3,26.5,89,3.4,1.9,0.53,0.8,0.1,0.7,71,9,25,37,6.5,4.8,1.7,2.82,1.2,16.6,7.7522,6.46,139,2.1,98,4.2,42.57,180,185,365,49.32,7.2,159.94,0.2,12.4,83.8,14.8,8,6.8,268,6.5,6.43,111,60,81,78
435814,KLTRS03NLZ,888114,28/04/2019,11:23,12:09,Pale Yellow,Slightly cloudy,1.007,6.6,Trace,Negative,Negative,Negative,Negative,Normal,Negative,TNTC,0,1-4,Nil,Nil,NIL,8.5,4.3,42.9,83.4,19,19,12.7,44.5,9667,52,47,1,8,0,6.74,6.5,1.41,0.05,0.05,187,8.7,13,0.34,16.9,2.9,0.38,2.22,0.24,195,78,86,17.6,88,146,2.5,1.1,0.91,0.5,0.1,0.4,45,50,33,44,7.3,3.7,3.6,1.03,0.6,17.1,7.9857,13.31,139,5.7,102,6.4,111.54,83,232,315,26.35,5.8,119.76,0.9,15.9,61.9,25.69,10.1,4.6,181,4,0.76,76,75,98,241
891232,GYAHD10KLM,265525,25/04/2019,10:13,11:17,Light Yellow,Clear,1.016,6.5,Negative,Negative,Negative,Negative,Negative,Normal,Negative,12-14,1,2-4,Nil,Nil,NIL,12.3,5.6,31.4,55.6,21,39,16.7,44.5,7000,46,30,1,2,0,6.55,3.93,0.44,0.11,0.06,61,7.4,11,0.34,22.2,2.5,0.59,0.13,0.94,237,29,203.3,76.1,380.5,113,8.2,7.01,0.14,2.5,1.2,1.3,47,45,32,8,6.7,4.6,2.1,2.19,1,9.2,4.2964,4.3,120,4.1,107,2.1,94.43,135,303,438,30.82,6.3,134.11,1,15.8,49.1,32.18,10.3,3.1,112,3.5,0.008,106,74,92,105
608301,KLTRS07TSS,811277,27/04/2019,09:43,11:11,Light Yellow,Slightly cloudy,1.022,7.4,Trace,Trace,Negative,Negative,Negative,1+,Positive,6-7,1,3-2,Nil,Nil,NIL,9.4,4.3,30.4,75.9,21,30,13.4,40.9,7257,53,46,4,3,0,6.98,2.74,0.23,0.06,0,277,12.5,14,0.19,44.6,0.5,0.25,0.23,0.07,187,54,90.9,28.9,144.5,112,3.5,1.68,0.59,0.9,0.3,0.6,94,15,7,39,5.2,5,0.2,25,0.9,17.2,8.0324,8.92,141,3.7,102,8.2,95.57,131,278,409,32.03,5.1,99.67,0.4,12.2,68.2,17.89,9.5,3.1,225,10.1,1.36,85,94,87,107
619387,KLTRS15KLP,424537,24/04/2019,11:59,12:58,Light Yellow,Clear,1.025,6.3,Trace,Negative,Negative,3+,Negative,Normal,Negative,14-15,0,2-4,Nil,Nil,NIL,10.1,4.7,42.5,89.7,21,23,11.6,44,5143,43,46,4,6,0,7,2.43,0.7,0.57,0.07,135,7.1,11,0.16,33.1,5,0.05,0.22,2.03,157,32,23.4,35.9,179.5,100,4.9,0.73,1.37,1.9,0.2,1.7,107,71,34,26,5.1,4.5,0.6,7.5,1.2,14.1,6.5847,5.49,135,3.8,107,3.2,105.72,157,326,483,32.51,5.9,122.63,0.7,12.2,135.1,9.03,8.5,4.7,275,4.9,2.22,90,128,115,65
817235,GYAHD04ODK,705880,27/04/2019,06:04,07:22,Light Yellow,Clear,1.018,4.9,Trace,1+,Negative,Negative,Negative,Normal,Negative,6-7,1,3-2,Nil,Nil,Fungal elements,16.1,5.9,38.8,63.8,27,41,11.8,39.2,5156,63,20,2,8,0,0.69,7.61,0.97,0.44,0.09,174,9.8,11,0.24,32.3,1.3,0.03,0.12,0.23,215,30,109.5,36.5,182.5,115,7.2,3.65,0.27,0.5,0.2,0.3,82,53,27,37,7.3,5,2.3,2.17,0.7,15.2,7.0984,10.14,143,4,111,5.6,101.54,249,299,548,45.44,6.1,128.37,0.9,16.9,68.9,24.53,9,3.4,145,15.1,3.73,71,70,103,203
333864,KLTRS08ODB,722497,27/04/2019,06:41,07:47,Pale Yellow,Hazy,1.019,4.9,1+,Negative,Negative,Negative,Negative,Normal,Negative,3-4,0,3-3,Nil,Nil,Parasites,13.2,5.1,45.5,55.4,25,29,12.8,41.1,7565,55,33,1,12,0,1.07,1.8,0.78,0.3,0.08,324,13.6,11,0.58,21.2,2.4,4.18,0.19,0.3,947,58,83.5,7.7,38.5,103,16.3,1.44,0.69,1,0.3,0.7,70,23,17,47,6.9,4.4,2.5,1.76,1.1,19.6,9.1532,8.32,103,3.7,101,3.7,93.27,62,226,288,21.53,6,125.5,0.5,23.6,145,16.28,10.2,3.7,73,8.1,9.08,95,121,108,180
281329,MZLGI12MHP,875836,25/04/2019,10:46,11:49,Light Yellow,Clear,1.011,4.2,Trace,Negative,Negative,Negative,Negative,Normal,Negative,9-11,2,2-2,Nil,Few,Yeast cells,13.2,5.3,59.1,77,24,22,13.4,43.6,10374,58,45,5,17,0,4.33,1.49,0.03,0.48,0.05,150,7.3,12,0.2,43.7,2.5,0.15,0.12,0.39,219,59,71.7,18.6,93,111,3.7,1.22,0.82,0.3,0.1,0.2,33,30,40,21,7.8,4.7,3.1,1.52,0.8,15.1,7.0517,8.81,129,5.6,100,4.1,112.43,190,112,302,62.91,5.4,108.28,0.7,10.5,129.4,8.11,9.9,4.4,220,20.8,7.66,90,90,80,134
759750,GYAHD12ODK,457989,26/04/2019,10:01,10:33,Light Yellow,Clear,1.019,6.8,Negative,Negative,Negative,Negative,Negative,Normal,Negative,1-3,0,1-4,Nil,Nil,Amorphous debris,14.1,7.6,33.5,72.8,18,42,13.3,45.8,6026,57,36,6,2,0,2.94,1.03,0.22,0.31,0.08,281,7.4,15,0.07,13.5,0.2,0.26,0.36,0.08,205,46,95.2,13.4,67,172,4.5,2.07,0.48,0.8,0.1,0.7,100,39,22,28,8.3,4.5,3.8,1.18,1.1,14.4,6.7248,6.11,149,5.8,104,4.7,103.62,120,129,249,48.19,7,154.2,0.5,18.8,121.9,15.42,12.7,2.9,130,14.9,3.32,117,76,119,62
157009,PBCHD06PBP,483160,28/04/2019,06:36,07:08,Pale Yellow,Hazy,1.027,4.7,Negative,Negative,Negative,Negative,Trace,Normal,Negative,89-91,2,1-3,Nil,Nil,NIL,18.3,4.6,58,78.5,39,31,12.9,44.8,9990,36,35,5,3,0,8.55,1.32,0.84,0.31,0.05,507,11.6,10,0.22,33.3,4.7,0.35,1.66,0.31,127,54,78.5,37,185,78,2.4,1.45,0.69,0.7,0.3,0.4,40,7,27,42,7.8,5,2.8,1.79,1,11.7,5.4639,5.46,140,4.1,101,2.6,112.47,162,136,298,54.36,6.4,136.98,0.9,13.5,25.4,53.15,8.2,5.5,289,6.3,2.25,91,66,104,66
385796,MZLGI04APK,234785,24/04/2019,11:47,12:20,Straw,Clear,1.015,6.5,Negative,Trace,Negative,Negative,Negative,Normal,Negative,1-3,2,2-3,Nil,Rare,Yeast cells,17.3,5,32.1,98.5,34,53,12.6,45.4,10557,64,19,1,2,0,6.13,2.56,0.41,0.14,0.03,382,10.4,16,0.5,13.9,1.4,4.61,0.32,0.02,228,41,130.8,38.5,192.5,78,5.6,3.19,0.31,17.5,13,4.5,117,29,24,26,6.6,3.7,2.9,1.28,1.8,14.5,6.7715,3.76,147,4.4,99,5.1,99.12,42,349,391,10.74,6.1,128.37,0.6,16.5,143.1,11.53,10.7,2.7,202,5.5,1.66,104,67,79,130
974953,MZLGI01BRC,720116,25/04/2019,09:11,10:07,Pale Yellow,Clear,1.019,6.8,Trace,Negative,Negative,Negative,Negative,Normal,Negative,8-10,16,16-17,Nil,Nil,NIL,14.2,7.4,20.2,80.9,19,70,11.7,42.2,10008,55,43,4,4,0,8.5,3.13,0.54,0.25,0.02,415,7,17,0.36,31.7,3.8,0.87,0.18,6.54,200,46,152.8,10.3,51.5,106,4.3,3.32,0.3,0.8,0.2,0.6,113,15,35,28,6.6,3.8,2.8,1.36,0.6,17.3,8.0791,13.47,138,1.5,100,4.3,90.27,62,131,193,32.12,6.3,134.11,0.7,17.3,144.5,11.97,10.4,2.6,137,9.4,0.57,109,110,91,247
657839,PBCHD09NLM,766654,24/04/2019,10:35,11:33,Light Yellow,Slightly cloudy,1.016,6.8,Negative,Trace,Negative,Trace,Negative,Normal,Negative,8-10,1,2-2,Rare,Nil,Mucus threads,12.6,4.4,40.9,97.9,28,30,13.8,45.2,39945,37,30,1,3,0,0.69,1.14,0.45,0.06,0.04,363,7,8,0.24,15.1,3.5,0.35,0.18,0.46,190,78,46.8,16.9,84.5,172,2.4,0.6,1.67,0.8,0.1,0.7,127,34,40,24,6.4,5,1.4,3.57,1,11.2,5.2304,5.23,131,4.6,108,7.2,109.77,118,138,256,46.09,6.2,131.24,0.6,15.5,117.6,13.18,10.4,2.2,282,14.7,3.11,95,109,119,86
932730,KLTRS02NLZ,611927,28/04/2019,08:05,09:03,Light Yellow,Slightly cloudy,1.028,4.8,Negative,Negative,Negative,Negative,Negative,Normal,Negative,11-12,2,>20,Nil,Rare,Amorphous debris,15,6,52.4,76,25,28,15.9,42.5,4427,49,42,3,6,0,3.5,2.05,0.51,0.35,0.02,445,9.6,17,0.35,27.6,1.1,0.21,0.15,0.01,788,51,51,7.4,37,73,15.5,1,1,10.6,6.1,4.5,75,44,40,37,7.1,4.3,2.8,1.54,0.6,22.7,10.6009,17.67,139,3.3,113,2.3,61.9,191,304,495,38.59,6.4,136.98,0.7,12.3,102.6,11.99,11.4,2.5,74,16.7,1.24,116,81,82,91
652329,PBCHD06HPP,838100,26/04/2019,10:07,10:41,Green,Slightly cloudy,1.039,6.1,Negative,Negative,Trace,Negative,Negative,Normal,Negative,11-13,0,1-2,Rare,Nil,NIL,10.4,5.5,42.8,92.6,18,24,13.5,34.9,6832,26,31,14,7,0,6.09,3.07,0.38,0.19,0.04,106,11.7,13,0.45,16.7,3.3,0.58,0.18,0.11,168,33,93.9,21.9,109.5,89,5.1,2.85,0.35,0.7,0,0.7,77,25,38,35,6.2,4.8,1.4,3.43,1.1,18,8.406,7.64,149,5.5,103,5.2,39.42,92,241,333,27.63,5.8,119.76,0.3,10.3,124.2,8.29,11.1,3.5,161,6.8,2.98,139,105,70,118
370328,PBCHD13KLC,667654,26/04/2019,08:38,09:10,Pale Yellow,Slightly cloudy,1.011,6.7,Negative,Trace,1+,Negative,Negative,Normal,Negative,1-2,0,2-4,Nil,Nil,NIL,3.3,5.8,31.4,89.9,5,10,13.7,40.2,32739,65,15,2,7,0,9.29,2.92,1.18,0.26,0.05,155,14.5,19,0.26,30.7,1.4,0.37,4.21,0.39,169,45,83.5,35.6,178,110,3.8,1.86,0.54,1.1,0.5,0.6,114,11,33,34,6,4.5,1.5,3,0.7,15.6,7.2852,10.41,122,1.5,108,4.1,116.53,68,261,329,20.67,6,125.5,0.7,15.2,134.1,11.33,10.2,3.2,193,12.2,2,98,69,84,96
788335,MZLGI01BRC,958951,24/04/2019,10:09,11:15,Straw,Hazy,1.013,4.8,Trace,Negative,Negative,Negative,Negative,Normal,Negative,78-82,5,2-4,Nil,Rare,Fat droplets or lipiduria,14.8,5,23.7,78.8,29,62,14.4,41.1,42546,40,32,2,5,0,7.99,2.77,0.12,0.42,0.05,396,7.3,17,0.24,22.8,1.7,0.22,0.17,0.2,236,51,48.2,9.2,46,122,4.6,0.95,1.06,0.4,0.1,0.3,105,55,90,41,5,3.6,1.4,2.57,0.8,10.4,4.8568,6.07,149,3.7,99,6.5,113.78,141,157,298,47.32,9,211.6,0.1,13.5,151.1,8.93,8.9,4.3,138,6.8,2.94,121,74,93,249
823421,PBCHD04SKM,731112,25/04/2019,08:58,09:35,Light Yellow,Clear,1.012,5.8,Negative,Trace,Negative,Negative,Negative,Normal,Negative,23-26,1,>20,Nil,Moderate,NIL,11.4,7.4,46.3,84.8,15,24,10.2,36.7,14550,31,22,5,5,0.9,6.26,1.01,0.26,0.24,0.1,100,7,13,0.33,16,4,0.13,0.09,1.39,156,51,149.2,37.1,185.5,120,3.1,2.93,0.34,0.4,0.1,0.3,127,10,39,42,7.6,4.2,3.4,1.24,0.9,10.8,5.0436,5.6,142,4.9,115,2.1,109.33,78,216,294,26.53,6,125.5,0.3,22,177.6,12.39,10.4,5.6,65,6.2,2.23,93,132,98,80
133216,PBCHD03NLM,973329,27/04/2019,10:57,11:38,Pink,Clear,1.011,6.5,Negative,1+,Negative,Trace,Negative,Normal,Positive,5-7,0,>20,Nil,Few,Fat droplets or lipiduria,11,5.1,41.4,73.5,21,26,14,39.5,4500,36,22,22,7,0,1.13,1.93,0.84,0.41,0.07,732,14.2,15,0.56,14.5,1.5,0.28,0.28,0.11,150,33,85.4,23.1,115.5,125,4.5,2.59,0.39,0.6,0.2,0.4,127,42,23,26,7.1,4.5,2.6,1.73,0.3,17.4,8.1258,27.09,144,4.8,103,6.1,104.1,129,140,269,47.96,5.9,122.63,0.7,26,180.6,14.4,9.3,3.9,325,16.6,3.83,106,81,322,92
539872,KLTRS01TSS,183780,25/04/2019,07:53,08:41,Pale Yellow,Slightly cloudy,1.019,6,Negative,Negative,Negative,Negative,Negative,Normal,Negative,3-5,1,1-3,Nil,Nil,NIL,14.7,2.7,43.6,91,54,33,14.3,40.9,45451,42,33,1,0,0,0.63,2.09,0.09,0.03,0.1,364,8.1,15,0.28,22,1.8,0.18,0.11,0.36,177,44,91.8,11.6,58,170,4,2.09,0.48,2.1,1,1.1,81,44,24,10,6.8,3.5,3.3,1.06,1,14.8,6.9116,6.91,133,3.8,109,4.6,85.47,64,142,206,31.07,6.4,136.98,0.5,22.8,177.9,12.82,8.5,4.4,180,10.8,1.76,92,61,97,92
854366,MZLGI13RJK,845470,24/04/2019,09:54,10:43,Pale Yellow,Clear,1.016,8.7,Negative,Trace,Negative,Negative,Negative,Normal,Negative,8-9,2,5-9,Nil,Nil,NIL,13.9,5.6,34.6,79.2,24,40,11.6,41.2,5666,52,27,6,11,0,1.72,0.63,0.59,0.23,0.19,140,11.5,14,0.3,31.3,3.1,0.19,0.23,0.34,102,46,71.8,24.8,124,87,2.2,1.56,0.64,0.4,0,0.4,46,3,39,48,7.2,5,2.2,2.27,1.7,17.8,8.3126,4.89,141,4.3,108,3.2,98.7,147,211,358,41.06,8.1,185.77,0.3,18,92,19.57,8.9,3,70,6.9,2.87,83,72,89,123
914222,GYAHD01JHJ,352980,27/04/2019,09:14,10:28,Pale Yellow,Hazy,1.013,6.8,1+,Negative,Negative,Negative,Negative,Normal,Negative,10-11,2,3-3,Nil,Nil,Artifacts,6.8,4.8,30.1,91.6,14,22,16.4,41.6,5961,41,15,1,3,0,1.17,5.29,0.59,0.31,0.06,291,9.9,17,0.37,26.2,2.6,0.26,0.35,0.06,152,24,87.4,37.5,187.5,139,6.3,3.64,0.27,16,11.5,4.5,97,29,13,43,6.7,4.1,2.6,1.58,0.8,15,7.005,8.76,144,4.2,103,2.3,112.87,191,309,500,38.2,7.5,168.55,0.2,20.4,109.7,18.6,9.9,3.7,120,19.2,6.72,88,102,105,68
591345,PBCHD13PBP,573840,28/04/2019,10:52,11:46,Light Yellow,Clear,1.014,6.7,Negative,Trace,Negative,Negative,Negative,Normal,Negative,5-7,36,2-3,Rare,Rare,NIL,12,5,32.1,96.1,24,37,12.5,42.3,9879,69,36,3,7,0.1,2.57,2.06,0.55,0.05,0.04,150,11.8,17,0.31,27.5,2.7,0.16,0.22,0.19,155,56,106.1,18,90,158,2.8,1.89,0.53,0.8,0.3,0.5,60,40,40,27,7,4.8,2.2,2.18,0.9,19.8,9.2466,10.27,134,4.8,93,8.4,110.46,180,251,431,41.76,7.4,165.68,0.8,23.7,156.5,15.14,9.8,3.8,74,13.3,1.54,122,81,60,154
175037,PBCHD05MHS,489754,24/04/2019,11:08,12:08,Green,Clear,1.02,6.6,Trace,2+,Negative,Negative,Negative,Normal,Negative,7-9,1,1-3,Nil,Nil,Amorphous debris,7.7,5.5,30.7,64.6,14,25,14.2,40.1,7604,57,20,3,3,0,2.64,1.24,0.57,0.11,0.03,170,7.4,14,0.24,21.1,3.3,0.05,0.76,0.89,141,21,125.4,31.8,159,69,6.7,5.97,0.17,0.5,0.1,0.4,50,15,27,38,6.8,4.5,2.3,1.96,0.6,14.6,6.8182,11.36,135,5.4,105,2.6,95.94,169,359,528,32.01,7.4,165.68,0.4,26.1,85,30.71,10,4.4,224,8.6,8.53,94,92,181,245
797420,KLTRS12ODB,650233,26/04/2019,07:59,08:48,Straw,Clear,1.022,6.2,Trace,Trace,Negative,Negative,Negative,Normal,Negative,94-96,2,3-3,Nil,Few,Artifacts,18.2,5.3,42.3,102.4,34,43,11.8,43.4,6839,59,20,2,7,11.9,2.41,7.44,0.51,0.04,0.02,1159,6.5,13,0.14,16,2,0.3,5.22,0.14,168,27,106.7,106.8,534,80,6.2,3.95,0.25,2.8,0.1,2.7,46,51,14,41,6.4,4.2,2.2,1.91,0.6,25.8,12.0486,20.08,136,4.4,95,5.4,88.79,118,200,318,37.11,8,182.9,0.6,16.3,141,11.56,10.7,3.4,62,6.8,6.6,71,112,88,88
687980,MZLGI14RJK,117412,26/04/2019,08:26,09:14,Light Yellow,Slightly cloudy,1.013,6.6,Trace,Trace,Negative,Negative,Negative,Normal,Negative,5-7,0,2-3,Nil,Nil,Amorphous debris,15,4.7,26.7,90.1,31,56,13.5,42.4,5533,53,20,1,2,0.5,16.53,0.71,0.5,0.32,0.05,237,11.9,18,0.28,29.6,4.9,0,0.23,0,217,68,56.2,19.7,98.5,164,3.2,0.83,1.21,0.4,0,0.4,101,42,21,40,8,4.9,3.1,1.58,1.1,23.8,11.1146,10.1,107,4,95,4,104.77,126,194,320,39.38,7,154.2,0.9,13.3,53.1,25.05,10.5,4.7,277,11.6,0.68,85,71,124,67
530357,MZLGI06MHP,245202,27/04/2019,06:17,07:32,Red,Clear,1.016,5.5,Trace,Negative,Negative,Negative,2+,Normal,Negative,TNTC,1,>20,Nil,Nil,Amorphous debris,8.2,5.4,49.3,99.7,15,16,14.4,40,2704,75,30,4,12,0,4.1,2.32,0.08,0.01,0.09,265,9.6,15,0.25,20.2,6.4,0.16,0.2,0.07,227,43,69,36.2,181,141,5.3,1.6,0.62,0.3,0,0.3,90,18,30,37,6.7,5,1.7,2.94,0.8,6.5,3.0355,3.79,146,3,98,2.9,94.6,140,132,272,51.47,5.7,116.89,0.7,17.7,292,6.06,8.6,3.8,180,9.5,8.03,79,71,125,137
110204,MZLGI15APK,551926,28/04/2019,08:48,09:20,Light Yellow,Slightly cloudy,1.016,6.6,Negative,Negative,Negative,Negative,Negative,Normal,Negative,1-3,4,3-2,Nil,Nil,NIL,11.3,7,47,89.5,16,24,12.9,40.1,4647,57,49,10,5,0,21.26,2.21,0.33,0.28,0.15,333,8.4,15,0.37,25.8,3.6,0.29,0.16,1.47,200,47,93.2,18.1,90.5,72,4.3,1.98,0.5,0.7,0.3,0.4,57,39,35,40,6.7,4.1,2.6,1.58,1.1,14.8,6.9116,6.28,126,5.8,98,5.1,112.85,85,288,373,22.79,6,125.5,0.6,11.8,133.8,8.82,13.4,2.5,146,8.6,3.4,129,165,97,175
567274,MZLGI12GJS,656058,27/04/2019,07:32,08:59,Pale Yellow,Milky,1.013,4.8,Negative,Trace,Negative,Negative,Negative,Normal,Negative,14-15,1,2-2,Nil,Moderate,Fat droplets or lipiduria,14.7,5.2,49.3,50.6,28,29,13.6,41.3,5698,50,34,2,6,0,3.15,1.81,0.72,0.3,0.01,981,8.8,20,0.29,40.4,2.8,0.82,0.49,0.2,228,65,75.8,13.4,67,178,3.5,1.17,0.86,0.7,0.3,0.4,64,16,33,48,6.4,4.8,1.6,3,0.9,10.9,5.0903,5.66,129,4.8,108,4.7,107.33,101,195,296,34.12,8.6,200.12,0.5,18.2,564.4,3.22,9.2,2.9,89,19.4,2,146,94,314,68
650259,MZLGI07GJS,726842,26/04/2019,11:04,12:13,Straw,Slightly cloudy,1.012,6.2,Trace,Trace,Trace,Negative,Negative,Normal,Negative,1-3,1,2-2,Nil,Few,Yeast cells,16.5,3.8,31.6,76.8,43,52,11.7,40.2,9487,60,22,4,6,0,0.97,2.69,0.33,0.24,0,248,6.6,17,0.27,31.2,3.1,0.12,0.03,0.11,227,50,75.8,107.3,536.5,130,4.5,1.52,0.66,0.5,0.1,0.4,127,139,37,21,8.3,4.7,3.6,1.31,0.6,5.1,2.3817,3.97,137,3.7,105,3.9,107.31,142,124,266,53.38,5.9,122.63,0.2,793.8,229.4,346.03,11.1,4.2,112,17.1,2.6,83,88,74,334
235072,PBCHD08GAM,758852,24/04/2019,07:12,08:37,Pale Yellow,Clear,1.013,8.6,Negative,Trace,Negative,Negative,Negative,Normal,Negative,3-5,0,1-2,Nil,Nil,NIL,1.7,4.6,59,123.2,3,2,14.4,26.3,5916,44,13,6,7,0,3.17,2.6,0.68,0.26,0.04,403,8,11,0.53,13.6,0.1,0.37,0.1,0.18,159,50,104.8,33.8,169,106,3.2,2.1,0.48,0.5,0.1,0.4,129,6,20,41,6.1,5,1.1,4.55,0.6,11.9,5.5573,9.26,139,3.7,101,5.5,108.51,67,186,253,26.48,8.5,197.25,0.5,26.3,36.7,71.66,10.1,4.3,282,3.6,0.66,93,64,120,121
182165,MZLGI15APK,801999,28/04/2019,11:07,12:21,Straw,Slightly cloudy,1.013,4.6,Trace,Negative,Negative,Negative,Negative,Normal,Negative,10-11,4,2-4,Few,Nil,NIL,9.7,7,47.4,88.2,13,20,13.4,42.3,7024,58,28,3,4,0,6.56,1.14,0.85,0.04,0,579,9.2,19,0.1,12.4,4.6,0.19,0.57,4.2,788,20,180.7,95.3,476.5,77,39.4,9.04,0.11,0.8,0.1,0.7,67,19,37,48,7.1,4.4,2.7,1.63,0.9,14.9,6.9583,7.73,148,5.5,95,2.2,113.47,146,282,428,34.11,6.3,134.11,0,13.1,81.8,16.01,11.8,4.6,195,8.8,2.77,73,60,163,317
559247,KLTRS08KLP,764853,25/04/2019,07:57,08:56,Pale Yellow,Clear,1.012,5.9,1+,Negative,Negative,Negative,Negative,Normal,Negative,2-3,0,16-17,Few,Nil,NIL,17.4,4.4,48.7,75.7,39,35,12.1,43.5,6058,49,23,1,7,0,1.14,0.78,0.44,0.18,0.1,198,11.6,20,0.28,24.2,1.9,3.84,0.08,0.71,191,21,94,61.8,309,73,9.1,4.48,0.22,0.7,0.1,0.6,98,50,21,100,7,3.8,3.2,1.19,0.8,9.2,4.2964,5.37,144,4.6,96,4.2,118.37,97,338,435,22.3,5.9,122.63,0.3,13.3,134.1,9.92,9.3,3.7,239,22.9,5.7,99,69,71,134
645382,PBCHD02PBM,495605,25/04/2019,11:19,12:36,Straw,Clear,1.016,4.7,1+,Trace,Negative,Negative,Negative,Normal,Negative,11-13,1,1-3,Nil,Nil,NIL,12.5,6,63.9,82.5,20,19,12.2,43.6,9095,61,30,3,3,0,3.11,2.14,0.84,0.34,0.08,260,16.8,10,0.38,20.9,0.1,0.29,4.97,0.07,238,59,143.8,21.4,107,187,4,2.44,0.41,0.5,0.2,0.3,111,83,33,43,6.7,4.3,2.4,1.79,0.6,5.4,2.5218,4.2,135,3.1,106,1.5,116.58,85,178,263,32.32,8.6,200.12,0.5,10.5,53,19.81,10.4,4.9,132,5.5,10.48,71,68,112,120
665469,GYAHD05KAU,215915,28/04/2019,07:34,08:50,Light Yellow,Clear,1.018,6.4,Negative,Trace,Negative,Negative,Negative,Normal,Negative,11-13,1,2-4,Nil,Nil,Amorphous debris,11.9,4.6,46.3,84.3,25,25,14.4,39.7,7143,39,21,8,10,0,6.06,1.89,0.37,0.31,0.01,103,9.8,17,0.27,20.1,3.7,5.42,0.21,0.26,221,58,155.3,11.8,59,104,3.8,2.68,0.37,0.8,0.3,0.5,100,20,24,33,7,3.9,3.1,1.26,0.6,16.7,7.7989,13,137,4.1,96,1.1,91.89,122,214,336,36.31,9,211.6,6.5,26.1,26.3,99.24,8.8,5,92,8.1,1.13,102,85,79,107
825828,GYAHD02JHJ,229968,24/04/2019,10:39,12:06,Yellow,Clear,1.015,6.4,Negative,Trace,Negative,Negative,Trace,Normal,Negative,91-93,2,17-14,Nil,Nil,NIL,16.5,5,20.1,47.5,33,82,12.9,44.2,5566,42,16,4,3,0,6.85,2.33,0.41,0.13,0.07,428,8.1,19,0.36,13.2,1.9,0.24,0.35,0.91,155,47,104.5,27.2,136,141,3.3,2.22,0.45,0.3,0.1,0.2,79,10,31,33,6.9,4.2,2.7,1.56,0.9,15.1,7.0517,7.84,135,5,101,2.7,102.35,145,338,483,30.02,5.4,108.28,0.1,17.6,120.7,14.58,10.2,4.2,81,7.2,3.93,97,91,99,95
185402,GYAHD10JHJ,265184,26/04/2019,08:07,09:21,Orange,Clear,1.029,4.8,1+,Trace,Negative,Negative,Negative,Normal,Negative,12-13,1,>20,Rare,Nil,Mucus threads,12.6,4.5,36.8,89.1,28,34,14.1,45.8,10451,48,39,6,7,0,20.81,1.46,0.4,0.48,0.08,993,11.5,12,0.08,33,0.1,0.31,0.11,0.02,186,69,38.1,69,345,134,2.7,0.55,1.81,0.6,0.1,0.5,48,29,24,14,8,4.7,3.3,1.42,0.3,18.3,8.5461,28.49,140,4.7,107,3.1,102.26,204,353,557,36.62,6.1,128.37,0.9,13.2,188.6,7,10,2.4,149,6.9,1.81,84,74,85,101
899963,PBCHD09PBP,260150,25/04/2019,08:01,08:52,Straw,Hazy,1.017,4.7,Negative,Negative,Negative,Negative,Negative,Normal,Negative,9-11,1,5-14,Moderate,Nil,Yeast cells,6,4.3,31.4,79.2,13,19,14.5,45.6,8504,50,16,4,6,0,9.48,1.4,0.32,0.42,0.06,241,14.7,15,0.29,38.6,1.7,1,0.2,0.25,239,52,80.5,18.4,92,110,4.6,1.55,0.65,0.7,0.1,0.6,50,5,14,22,7.3,3.6,3.7,0.97,0.6,8.4,3.9228,6.54,140,3.7,95,2.1,90.47,67,252,319,21,7.9,180.03,0.8,21.7,126.4,17.17,8.8,2.6,132,6.1,5.26,109,268,166,70
179860,PBCHD04MHS,585902,26/04/2019,06:02,07:12,Pale Yellow,Clear,1.012,5.1,Trace,Negative,Negative,Negative,Negative,Normal,Negative,5-7,0,2-2,Nil,Nil,NIL,17.5,4.1,48.3,73.5,42,36,11.7,45.5,48662,34,34,3,2,0,0.82,1.13,1.08,0.49,0.1,262,8.4,11,0.36,16.1,2.8,0.16,0.22,0.05,168,43,158,60.8,304,83,3.9,3.67,0.27,0.7,0,0.7,92,53,28,30,7.2,3.7,3.5,1.06,0.7,14.6,6.8182,9.74,135,4.5,97,10.8,70.5,74,292,366,20.22,5.9,122.63,0.9,276.4,104.9,263.49,12.2,3.9,68,7.6,2.04,84,89,76,135
614990,KLTRS10KLP,145030,25/04/2019,08:51,09:44,Yellow,Slightly cloudy,1.012,6.8,Negative,1+,Trace,Negative,Negative,Normal,Negative,TNTC,0,2-3,Nil,Nil,NIL,1.1,5.2,46.9,88.1,2,2,13.9,42.4,9877,47,30,1,2,0,0.98,7.76,0.35,0.77,0.06,164,9.6,11,0.19,14,1.8,0.16,0.05,0.22,181,44,62.8,27.2,136,72,4.1,1.43,0.7,0.9,0.3,0.6,70,27,37,18,6.5,3.9,2.6,1.5,0.7,12.8,5.9776,8.54,115,3.6,101,5.9,11.58,164,271,435,37.7,5.9,122.63,21.6,18.5,133.2,13.89,9.1,4.2,269,11.3,1.35,84,88,152,238
340136,PBCHD12GAM,452232,26/04/2019,09:23,10:26,Light Yellow,Clear,1.015,4.9,1+,Negative,Negative,Negative,Negative,Normal,Negative,6-8,1,12-14,Nil,Nil,NIL,16.5,5.6,47.9,90.5,29,34,13.6,45.4,9420,42,44,2,6,0,2.1,3.93,0.11,0.05,0.03,106,17.4,23,0.17,24.5,3.6,4.51,0.95,0.19,157,78,91.5,37.6,188,218,2,1.17,0.85,0.5,0.1,0.4,68,19,25,34,7.2,4.3,2.9,1.48,0.6,17.9,8.3593,13.93,143,3.3,115,3.9,112.68,107,233,340,31.47,5.9,122.63,0.5,11.5,79.8,14.41,11.3,3.4,121,6.5,1.24,122,86,122,114
608299,MZLGI15MHP,100015,25/04/2019,07:36,08:20,Light Yellow,Clear,1.018,5.7,Trace,1+,Negative,Negative,Negative,Normal,Negative,8-10,0,3-4,Nil,Nil,Fat droplets or lipiduria,14.4,5.7,55.4,85.9,25,25,11.9,44.4,5873,48,40,4,8,3.7,9.2,1.66,0.82,0.23,0.09,333,7.9,12,0.33,41.7,3.2,0.81,0.05,0.36,154,44,149.7,106.7,533.5,159,3.5,3.4,0.29,0.5,0,0.5,115,119,24,31,7.6,3.8,3.8,1,0.6,17.9,8.3593,13.93,143,4.8,103,3.5,53.93,161,225,386,41.71,6.2,131.24,0.6,23.4,114.4,20.45,9,5.8,144,16.5,1.57,81,71,63,84
327258,KLTRS09MLT,510870,26/04/2019,09:21,10:39,Yellow,Slightly cloudy,1.019,4.9,Negative,Negative,Trace,Negative,Trace,Normal,Negative,2-4,2,3-3,Nil,Rare,Parasites,11.3,5,40.8,70.3,22,27,12.8,45.5,9309,41,17,5,3,0,5.54,2.87,0.49,0.12,0.09,370,11.3,14,0.47,33.8,2.2,0.31,0.3,0.25,232,67,60.7,37.5,187.5,137,3.5,0.91,1.1,0.8,0.3,0.5,128,34,25,30,6.8,4.4,2.4,1.83,1.2,11.7,5.4639,4.55,143,3.9,95,5.6,77.77,218,350,568,38.38,6.1,128.37,0.1,13.4,128.6,10.42,11.1,5.4,195,10.9,1.58,93,113,74,128
209488,KLTRS04KLP,475288,26/04/2019,08:19,09:45,Green,Slightly cloudy,1.023,7,Negative,Negative,Negative,Negative,Negative,Normal,Negative,10-11,4,11-11,Nil,Rare,NIL,12.2,4.7,32.5,96.6,25,37,13.4,39.1,4981,45,25,1,5,0,0.95,1.74,0.97,0.18,0.06,438,10.4,12,0.27,27.7,0.5,0.37,0.09,0.13,168,52,87.4,55.1,275.5,160,3.2,1.68,0.59,0.5,0.2,0.3,51,24,18,27,5.2,3.7,1.5,2.47,0.8,19.2,8.9664,11.21,144,3.7,103,3.1,115.42,200,357,557,35.91,7.5,168.55,0.2,13.8,123.5,11.17,8.7,2.6,96,8,3.13,119,128,116,188
998843,GYAHD10ODK,706672,28/04/2019,08:14,08:48,Pale Yellow,Clear,1.026,4.8,Trace,Trace,Negative,Negative,Negative,Normal,Negative,11-12,2,>20,Nil,Nil,Amorphous debris,8,4.9,57.1,91.9,16,14,13.8,40.6,5631,31,12,1,8,0,3.23,2.79,0.85,0.36,0.07,406,11.7,14,0.13,39.7,6.4,0.55,0.33,0.16,170,79,75.8,32.7,163.5,133,2.2,0.96,1.04,0.8,0.1,0.7,78,43,30,26,6,3.2,2.8,1.14,0.9,19,8.873,9.86,123,4.3,109,2,118.44,97,356,453,21.41,6.9,151.33,0.7,22.1,107.3,20.6,10.3,4.3,128,10.7,2.72,285,75,75,164
628208,KLTRS06WBD,774109,25/04/2019,09:15,10:05,Straw,Slightly cloudy,1.016,6.3,3+,Negative,Negative,Negative,Negative,Normal,Negative,12-14,0,1-4,Few,Nil,NIL,14.1,4.7,25.9,91.9,30,54,12.7,43.6,17039,80,35,6,4,0,1.82,2.9,0.28,0.39,0.06,291,10.1,12,0.32,21.5,3,0.35,1.3,0.09,140,62,83.5,72.6,363,78,2.3,1.35,0.74,0.7,0.1,0.6,38,51,16,27,8.3,5,3.3,1.52,1.2,11.1,5.1837,4.32,136,3.2,105,11.2,105.16,161,172,333,48.35,8.2,188.64,0,25.4,112.3,22.62,10.1,3.1,90,2.7,3.85,71,69,84,173
100004,PBCHD07NLM,602705,24/04/2019,10:16,11:41,Light Yellow,Hazy,1.016,5.8,Negative,Trace,Negative,Negative,Negative,Normal,Negative,14-15,2,2-2,Nil,Rare,Parasites,14.9,4.3,45.7,88.3,34,32,13.5,43,4789,50,44,1,3,0,5.6,1.44,0.17,0.45,0.08,119,10.9,14,0.34,19.6,4.2,1,0.28,0.15,165,58,36.1,37.9,189.5,107,2.8,0.62,1.61,0.6,0.1,0.5,81,24,16,42,6.6,3.7,2.9,1.28,0.7,16.4,7.6588,10.94,135,3.8,107,4.8,96.91,146,141,287,50.87,7.2,159.94,0.2,12.5,148.6,8.41,11.4,2.9,55,8.5,2.45,78,109,70,102
747043,MZLGI14BRC,671615,28/04/2019,10:31,11:32,Yellow,Slightly cloudy,1.01,5.4,Trace,Trace,Negative,Negative,Trace,Normal,Negative,1-3,2,2-2,Rare,Nil,Artifacts,13.6,4.3,38.5,71.6,31,35,10.4,41.1,8756,60,54,1,6,0.8,3.46,1.24,0.47,0.35,0.05,300,9,14,0.67,31.6,3,0.1,0.29,0.21,237,24,70.2,10.8,54,75,9.9,2.93,0.34,0.3,0.1,0.2,40,5,34,104,7,4.9,2.1,2.33,1.2,12.9,6.0243,5.02,124,3.1,95,6.9,94.29,63,217,280,22.5,13,326.4,1.6,25.1,133.8,18.76,8.8,3,259,3.3,2.69,114,173,113,80
722906,PBCHD11PBP,834645,26/04/2019,11:58,13:19,Deep Amber,Clear,1.019,6.9,Trace,Trace,Negative,Negative,Negative,Normal,Negative,2-3,0,1-2,Nil,Nil,NIL,16.5,4.8,48.7,79.5,34,33,14.1,39.4,8855,27,35,2,4,0,6.54,2.85,0.39,0.21,0.3,148,11.6,12,0.39,23.9,2.6,0.15,0.11,0.34,237,39,72.2,20.4,102,77,6.1,1.85,0.54,0.7,0.3,0.4,77,11,26,40,8.3,4.1,4.2,0.98,1.2,15.9,7.4253,6.19,136,4.8,100,3.2,106.78,138,138,276,50,6.3,134.11,0.3,17.1,63.1,27.1,7.8,3.5,195,6.3,6.11,121,70,99,163
604900,MZLGI14BRC,676874,26/04/2019,09:17,10:39,Straw,Clear,1.019,6.7,Negative,Trace,Negative,1+,Negative,Normal,Negative,10-11,0,1-4,Nil,Nil,Fat droplets or lipiduria,13.8,6,26.1,80.1,23,52,13.6,28.5,10957,40,32,1,2,0,0.14,2.98,0.44,0.2,0.02,367,9.4,11,0.33,30.6,1.1,0.21,0.33,0.16,133,72,106.1,7.5,37.5,158,1.8,1.47,0.68,0.7,0.3,0.4,241,45,20,17,7.2,3.5,3.7,0.95,0.8,15.8,7.3786,9.22,121,4.5,99,5,111,95,109,204,46.57,7.3,162.81,0.7,18.5,137.6,13.44,10.2,5.1,119,8.3,3.71,117,112,301,125
390795,GYAHD03ODK,383148,24/04/2019,11:37,12:11,Pale Yellow,Clear,1.017,5.6,Trace,Negative,Negative,Negative,Negative,Normal,Negative,7-8,0,3-3,Rare,Nil,Fat droplets or lipiduria,8,6.7,41.9,95.8,11,19,13.3,44.2,8242,64,28,1,6,0,7.05,1.34,0.95,0.46,0.18,115,6.1,18,0.25,31.9,7.4,0.24,0.62,0.27,150,43,85.3,68.9,344.5,112,3.5,1.98,0.5,0.7,0,0.7,47,54,23,46,7,4.6,2.4,1.92,0.7,5.3,2.4751,3.54,134,5,99,8.5,112.85,100,236,336,29.76,7,154.2,0.3,12.1,247.6,4.89,10.4,2.7,129,2.7,3.77,97,154,81,206
728515,KLTRS06KLP,116397,25/04/2019,07:03,08:05,Pale Yellow,Clear,1.013,4.8,Trace,1+,Trace,Negative,Negative,Normal,Negative,1-3,0,2-2,Nil,Nil,Amorphous debris,8.5,5.2,31.1,89.2,16,27,11.9,42.4,6782,59,47,3,5,8.9,8.58,0.61,0.54,0.47,0.05,378,7.6,11,0.31,29,2.3,0.26,0.83,4.3,200,35,106.9,61.7,308.5,93,5.7,3.05,0.33,0.9,0.2,0.7,48,18,39,16,6.8,4.6,2.2,2.09,1.1,12.8,5.9776,5.43,148,8.2,103,4.6,104.56,105,258,363,28.93,5.5,111.15,0.4,15.7,243.5,6.45,9.7,2.3,139,22.7,3.49,112,172,75,82
797727,GYAHD07KLM,146333,25/04/2019,08:30,09:49,Pale Yellow,Hazy,1.017,5.1,Trace,Negative,Negative,Negative,Negative,Normal,Negative,14-15,0,3-2,Few,Nil,NIL,13.1,5.6,56.3,70.5,23,23,10.4,45.8,17806,56,27,5,6,0,21.8,2.4,0.66,0.23,0,385,7.9,13,0.35,27.2,0.4,0.08,0.16,0.32,189,37,48.9,31.3,156.5,139,5.1,1.32,0.76,0.6,0.1,0.5,76,52,24,20,7.3,4.2,3.1,1.35,0.7,18.7,8.7329,12.48,135,4.8,96,4.2,69.75,134,156,290,46.21,8.9,208.73,0.6,20.8,47.7,43.61,10.6,4.5,167,9.7,1.9,99,74,79,104
845825,KLTRS04ODB,626196,25/04/2019,06:50,07:47,Straw,Clear,1.016,4.5,Trace,Negative,Negative,Negative,Negative,Normal,Negative,80-85,1,2-4,Nil,Nil,NIL,17.5,5.1,42.9,113.7,34,40,14.3,39.7,4184,49,34,4,7,0,4.24,2.23,0.52,0.2,0,108,8.6,18,0.28,24.6,4.7,0,4.09,0.01,160,36,32,31.2,156,140,4.4,0.89,1.13,0.7,0.3,0.4,74,49,91,17,6.8,5,1.8,2.78,0.6,14.7,6.8649,11.44,143,3.3,97,2.7,110.95,86,197,283,30.39,7.5,168.55,0.1,18.2,43.9,41.46,8.4,2.6,105,3.6,7.87,92,85,103,110
318540,KLTRS04MLT,450977,25/04/2019,06:43,08:04,Light Yellow,Clear,1.02,4,Trace,3+,Negative,Negative,Negative,Normal,Negative,14-15,2,3-4,Rare,Rare,Parasites,7.5,6.4,48.5,87.8,11,15,11.9,41.2,6305,59,38,4,2,0,9.55,2.2,0.68,0.37,0,41,8.4,19,0.15,21.5,0.5,0.09,1.44,4.29,232,45,72.1,17.5,87.5,215,5.2,1.6,0.62,0.8,0.3,0.5,78,13,13,45,8.3,4,4.3,0.93,0.9,19.6,9.1532,10.17,145,2.5,98,5,77.67,135,147,282,47.87,5.7,116.89,0.9,11.4,232.6,4.9,9.6,6.3,63,10.3,9.04,98,85,88,275
429131,KLTRS06NLZ,271088,24/04/2019,08:36,10:04,Pale Yellow,Clear,1.021,6.3,Trace,Negative,Negative,Negative,Negative,Normal,Negative,27-32,2,1-4,Rare,Nil,NIL,10.2,5.5,37.1,74.5,18,27,12,45.4,7579,73,30,3,5,0,2.01,2.22,0.43,0.13,0.01,175,7.1,17,0.34,39.9,1.4,0.12,0.28,0.28,132,74,77.2,36.4,182,93,1.8,1.04,0.96,0.6,0,0.6,106,38,23,6,5.4,3.9,1.5,2.6,1.2,12.4,5.7908,4.83,140,3.6,95,3.7,106.57,81,349,430,18.84,8,182.9,0,17.6,128.8,13.66,11.8,4.1,285,12.4,2.33,79,110,116,88
373580,PBCHD01GAM,262902,26/04/2019,08:16,09:16,Pale Yellow,Clear,1.024,5.5,Trace,1+,Negative,Negative,Negative,Normal,Negative,3-5,2,2-3,Nil,Nil,NIL,17.2,3.4,36.6,44.1,50,46,16.1,45,10500,29,41,5,4,11.5,1.37,1.61,0.25,0.24,0.05,50,8.2,10,0.42,35.1,7.4,0.24,0.32,2.65,237,38,42.8,104.5,522.5,92,6.2,1.13,0.89,0.6,0,0.6,99,12,11,12,7,4,3,1.33,1.2,13.8,6.4446,5.37,135,3.9,103,3.6,112.36,157,279,436,36.01,10.5,254.65,0.5,150.4,118.5,126.92,10.4,4.2,184,15.9,2.31,126,81,96,160
598933,KLTRS06KLP,913452,24/04/2019,08:39,09:20,Light Yellow,Cloudy,1.015,5,1+,Trace,2+,Negative,Negative,Normal,Negative,13-14,0,1-2,Nil,Nil,Fat droplets or lipiduria,13.1,4.1,39.5,98.8,31,33,14,41.2,4256,57,17,3,4,11.1,17.83,0.78,0.75,0.49,0.09,316,11.4,11,0.17,13.2,0.8,0.24,0.2,0.13,207,30,97,24.7,123.5,143,6.9,3.23,0.31,0.5,0.2,0.3,92,38,21,11,7.4,3.2,4.2,0.76,0.9,15.2,7.0984,7.89,139,4.8,98,4.9,104.88,136,353,489,27.81,8.8,205.86,0.8,22.8,138.6,16.45,8.9,3.2,62,4.8,6.66,126,146,97,118
273613,PBCHD12HPP,217907,27/04/2019,07:21,08:00,Light Yellow,Slightly cloudy,1.018,6.5,Negative,1+,Trace,Negative,Negative,Normal,Negative,13-14,0,2-3,Nil,Nil,NIL,15.2,6.7,40.8,76.3,22,37,13.4,41.8,7934,49,39,3,6,0,1.47,3.11,0.7,0.02,0.06,367,11.2,20,0.05,25.2,1.6,0.66,0.25,0.36,185,26,97.8,14.3,71.5,100,7.1,3.76,0.27,0.5,0,0.5,94,56,21,29,8,4.5,3.5,1.29,1,17.4,8.1258,8.13,144,3.7,107,2.9,107.95,116,230,346,33.53,5.8,119.76,0.3,15,66.9,22.42,13,4,100,11.5,5.44,98,81,87,159
476714,GYAHD03KLM,622877,26/04/2019,09:05,10:11,Pale Yellow,Slightly cloudy,1.016,5.4,3+,Negative,Negative,Negative,Negative,Normal,Negative,3-4,23,2-3,Few,Rare,Fungal elements,1.5,5.7,24.5,59.6,2,6,14,49.9,5743,51,28,6,6,0,4.42,0.56,0.1,0.36,0.01,113,7.4,10,0.31,15.1,4.4,0.38,2.23,0.1,216,44,59.5,6.9,34.5,139,4.9,1.35,0.74,0.5,0.1,0.4,69,9,31,9,6.3,3.5,2.8,1.25,1.1,8.3,3.8761,3.52,135,5.3,106,5.2,72.4,80,235,315,25.4,8.7,202.99,0.6,10,111.7,8.95,9.9,2.1,90,6.9,0.009,92,95,295,246
506502,MZLGI15MHP,908203,24/04/2019,09:59,11:07,Light Yellow,Slightly cloudy,1.012,6.7,3+,Trace,Trace,Negative,Trace,Normal,Negative,60-65,0,2-2,Nil,Nil,NIL,14.4,4.6,50.8,94.6,31,28,13.2,45.5,4391,42,49,3,3,0,7.46,1.2,0.26,0.26,0.08,369,9.2,11,0.34,16.6,6.6,0.49,0.11,0.09,215,51,89,36.6,183,212,4.2,1.75,0.57,4.9,2.4,2.5,85,36,39,20,6.3,3.7,2.6,1.42,0.6,17.9,8.3593,13.93,128,3.7,95,3.8,100.1,89,327,416,21.39,5.8,119.76,0.1,16.3,264.7,6.16,8.5,4.8,303,18.6,1.83,149,73,95,149
679852,KLTRS15MLT,259281,26/04/2019,10:16,11:45,Yellow,Slightly cloudy,1.017,6.6,1+,Negative,Negative,Negative,Negative,Normal,Negative,10-12,2,2-4,Rare,Nil,NIL,15.3,5.4,55,68.8,28,27,12.9,46,7040,30,32,23,8,0,11.34,2.82,0.56,0.26,0.04,288,13.1,11,0.21,33.5,2.4,5.18,3.13,0.08,191,38,98,16.9,84.5,133,5,2.58,0.39,0.7,0.2,0.5,127,44,33,28,7.9,4.7,3.2,1.47,0.9,13.6,6.3512,7.06,129,4.5,104,5.1,101.15,104,254,358,29.05,7.9,180.03,0.4,25.8,126,20.48,8.7,3.3,133,4.9,3.83,99,72,80,103
982692,MZLGI04MHP,154649,26/04/2019,08:24,09:04,Yellow,Hazy,1.023,6.3,Negative,Trace,Negative,Negative,Negative,Normal,Negative,7-8,0,16-10,Nil,Rare,NIL,9.1,8.2,37.1,90.1,11,24,13.1,42.4,7429,52,16,3,4,0,10.23,1.12,0.18,0.23,0.05,277,9.5,17,0.48,27.3,2.3,0.25,0.07,0.13,663,24,51.7,26.2,131,134,27.6,2.15,0.46,0.2,0,0.2,282,12,33,43,6,3.6,2.4,1.5,2,18.3,8.5461,4.27,136,5.1,99,2.1,93.41,111,344,455,24.4,6.4,136.98,0.2,10.8,173.2,6.24,11.7,3.3,187,8.8,2.79,78,86,123,106
981935,PBCHD03GAM,620209,28/04/2019,10:36,11:29,Straw,Slightly cloudy,1.014,4.8,Negative,3+,Negative,Negative,Negative,Normal,Negative,8-10,0,2-2,Nil,Nil,Fungal elements,15.7,7.6,46.8,67.6,20,33,12.3,45.6,6836,45,25,25,12,2.5,1.57,1.09,0.79,0.28,0.02,225,11,11,0.34,30.5,0.4,0.32,0.02,0.21,135,63,98.1,50.1,250.5,86,2.1,1.56,0.64,0.6,0,0.6,127,45,39,21,5.1,4.7,0.4,11.75,0.6,13.2,6.1644,10.27,135,4.8,101,2.8,99.29,103,349,452,22.79,12.1,300.57,0.8,14.8,125.3,11.81,10.2,4.9,215,5.6,8.54,94,100,91,421
657378,GYAHD09ODK,838418,26/04/2019,07:41,08:55,Pale Yellow,Clear,1.019,4.8,Negative,Negative,Negative,Negative,2+,Normal,Negative,6-8,1,16-9,Nil,Nil,Mucus threads,14.3,5.3,29.4,82.6,26,48,9.8,44.9,8791,79,41,1,14,1.3,5.44,1.97,0.64,0.25,0.08,344,10.7,12,0.23,48.6,3,0.39,0.87,0.27,199,54,103.1,65.9,329.5,129,3.7,1.91,0.52,0.9,0.3,0.6,74,15,15,31,8,3.5,4.5,0.78,1.1,19.6,9.1532,8.32,139,4.8,99,6.3,95.66,113,306,419,26.97,5.9,122.63,0.7,18.6,295,6.31,9.8,3.5,210,10.1,2.57,82,91,76,166
911527,GYAHD09KAU,338402,25/04/2019,07:08,07:44,Straw,Clear,1.013,7,Trace,Negative,Negative,Trace,Trace,Normal,Negative,TNTC,0,1-3,Nil,Nil,NIL,8.8,4,37.9,70.5,22,23,12.2,44.7,5047,40,24,1,4,0,7.15,1.74,0.07,0.21,0.08,404,9.5,26,0.37,25.7,3.7,0.13,0.17,5.7,171,49,83.6,6,30,66,3.5,1.71,0.59,0.5,0.2,0.3,103,23,35,14,7,4.6,2.4,1.92,1,15.4,7.1918,7.19,140,3.3,111,6.9,114.49,83,333,416,19.95,6.2,131.24,0.3,315.2,78.4,402.04,8.8,2.9,71,8.5,1.86,88,86,60,171
849322,PBCHD13NLM,198638,26/04/2019,08:43,09:35,Pale Yellow,Clear,1.014,7,Negative,Negative,Negative,Negative,1+,Normal,Negative,14-15,0,3-4,Rare,Rare,NIL,17.4,5.3,28.5,84.9,32,61,13.6,42.9,9501,55,35,1,11,0,9.77,1.98,0.81,0.64,0.06,234,11.3,13,0.07,12.4,1.6,0.31,0.07,0.37,210,43,86.5,17.4,87,156,4.9,2.01,0.5,0.5,0.2,0.3,125,6,26,13,7.5,3.7,3.8,0.97,1.2,7.2,3.3624,2.8,146,4.2,113,4.1,110.11,144,161,305,47.21,6.2,131.24,0.6,13.9,76.5,18.17,6.2,3.5,136,7.4,1.03,91,163,76,154
669275,PBCHD13GAM,694492,24/04/2019,07:19,07:59,Yellow,Clear,1.012,5.6,Negative,Trace,Negative,Negative,Negative,Normal,Negative,7-8,0,2-2,Nil,Nil,NIL,8.4,4.1,48,91.4,20,17,12,42.3,9761,75,20,1,12,0,22.56,6.5,0.61,0.34,0.06,447,7.1,7,0.33,12.9,1.5,0.03,0.3,0.09,183,37,53.8,20.8,104,141,4.9,1.45,0.69,0.2,0,0.2,104,27,12,19,6.2,5,1.2,4.17,0.8,14.2,6.6314,8.29,144,2.8,105,5.7,107.18,108,268,376,28.72,5.8,119.76,0.8,15.3,126.6,12.09,11.8,2,189,4.6,3.67,81,80,301,95
596162,PBCHD04RJU,387810,26/04/2019,08:26,09:42,Light Yellow,Slightly cloudy,1.013,6.2,Trace,Negative,Negative,Negative,Negative,Normal,Negative,4-6,1,6-12,Moderate,Rare,Fat droplets or lipiduria,9.9,4.6,48.6,80.3,21,20,9.7,49,4766,55,30,10,11,0.3,1.19,4.91,1,0.12,0.01,562,9.7,19,0.07,18.6,0.1,0.94,0.16,0.36,167,76,30.3,35.5,177.5,151,2.2,0.4,2.51,0.5,0.1,0.4,110,15,24,46,7.5,3,4.5,0.67,0.8,16.2,7.5654,9.46,143,4.7,98,3.3,70.07,77,352,429,17.95,5.8,119.76,0.4,22.4,94.5,23.7,10.1,3.6,82,19.8,1.61,83,90,93,71
257261,GYAHD09ODK,492862,28/04/2019,11:44,12:38,Deep Amber,Hazy,1.014,4.6,1+,Negative,Negative,Negative,Negative,Normal,Negative,8-10,1,1-3,Rare,Nil,Fat droplets or lipiduria,7.3,5,53,56.9,14,13,12.8,39,8975,60,17,9,3,0,8.37,4.96,0.77,0.11,0.02,151,7.4,11,0.24,30.5,6.8,4.2,2.55,0.95,209,52,113.3,13.7,68.5,124,4,2.18,0.46,0.6,0,0.6,73,42,35,21,8,5,3,1.67,0.8,18.9,8.8263,11.03,125,4,104,4.7,112.3,150,351,501,29.94,8.1,185.77,0.4,26,106.1,24.51,12,4.5,318,19.4,3.37,85,91,80,168
740530,PBCHD08MHS,784735,25/04/2019,06:48,08:12,Straw,Slightly cloudy,1.03,4.8,1+,Negative,Negative,Negative,Negative,Normal,Negative,6-8,1,3-3,Nil,Nil,Fat droplets or lipiduria,11.6,5.4,36.8,50.5,21,31,12.9,44.6,10806,25,36,6,4,0,7.02,1.23,0.76,0.41,0.03,280,17.9,13,0.16,30.2,4.2,0.1,0.24,0.37,163,25,85.5,34.9,174.5,93,6.5,3.42,0.29,0.5,0,0.5,85,10,20,22,6.2,3.9,2.3,1.7,0.7,12.8,5.9776,8.54,128,5.6,112,5.1,92.12,107,92,199,53.77,6.4,136.98,0.7,26.4,77.9,33.89,6.3,4.1,190,19.1,0.85,114,112,79,70
918886,MZLGI05APK,347546,28/04/2019,11:53,12:58,Pale Yellow,Clear,1.013,5,3+,Trace,Negative,Negative,Negative,Normal,Negative,75-77,4,3-4,Nil,Nil,NIL,2.9,5.6,56.3,72.7,5,5,13.8,44.2,8068,45,22,2,11,4.2,1.07,0.76,0.97,0.21,0.02,326,7.4,11,0.27,45.5,3.9,0.17,0.18,2.4,230,40,121.3,26.4,132,66,5.8,3.03,0.33,0.7,0.2,0.5,245,31,26,21,6.3,4.4,1.9,2.32,0.3,11.1,5.1837,17.28,130,3.7,104,4.8,92.46,186,119,305,60.98,6.2,131.24,1,14.6,186.8,7.82,10.7,4.8,220,12.2,1.93,104,97,90,98
639014,PBCHD04SKM,177166,26/04/2019,08:42,09:22,Dark Yellow,Slightly cloudy,1.021,4.7,1+,1+,Negative,Negative,Negative,Normal,Negative,10-12,2,1-3,Nil,Nil,Artifacts,13.7,6.7,46.1,97.9,20,29,14,45.1,9599,56,27,6,4,1.5,8.79,2.67,0.86,0.22,0.02,149,10.9,17,0.28,26.4,4.9,0.31,0.27,5.31,168,25,128,38.4,192,158,6.7,5.12,0.2,6.1,3,3.1,123,18,26,17,7.9,3.9,4,0.98,1.1,18.8,8.7796,7.98,141,4.8,100,6.2,110.65,178,349,527,33.78,6.3,134.11,0.4,14,124.9,11.21,11,5.5,170,15,9.14,109,109,97,162
808825,PBCHD15PBP,605562,24/04/2019,10:23,10:55,Straw,Hazy,1.021,4.1,Trace,Negative,Negative,Negative,Negative,Normal,Negative,1-3,0,2-3,Nil,Rare,NIL,10.6,5.7,48.3,83.7,18,21,16.4,43.3,53084,55,31,10,2,2.4,1.81,1.71,0.79,0.67,0.02,411,6.9,15,0.32,17.1,4.1,0.89,0.33,0.07,212,51,76.2,45.1,225.5,169,4.2,1.49,0.67,0.3,0.1,0.2,59,12,28,17,6.6,4.6,2,2.3,0.9,10.7,4.9969,5.55,137,4.9,99,8.5,93.24,49,101,150,32.67,5.9,122.63,9,22,140,15.71,13.4,2.6,104,9.8,9.69,112,118,114,99
954209,MZLGI14GJS,278771,26/04/2019,06:36,07:54,Red,Slightly cloudy,1.012,6.4,Negative,Trace,Negative,Negative,Negative,Normal,Negative,11-13,1,2-2,Few,Few,NIL,11.1,5,24.9,48.5,22,44,12.9,44.7,10036,46,18,2,3,0,1.36,6.55,0.13,0.29,0.06,430,7.6,20,0.56,14.8,2.7,0.31,3.04,0.88,185,48,75.7,59.8,299,124,3.9,1.58,0.63,0.4,0,0.4,96,27,23,9,8.2,4.9,3.3,1.48,0.9,5.5,2.5685,2.85,139,3.6,107,4,117.62,177,192,369,47.97,8.7,202.99,0.8,17.1,108,15.83,8.1,4.5,148,15.7,7.03,91,132,154,76
669191,KLTRS10ODB,300065,27/04/2019,10:22,11:26,Pink,Clear,1.014,4.9,2+,Trace,Negative,Negative,Trace,Normal,Negative,12-14,4,>20,Nil,Nil,NIL,12.5,5.9,58.2,74.8,21,21,16.7,39.9,4397,34,47,23,8,0,1.21,5.02,0.47,0.31,0.07,313,12.3,16,0.29,16.4,1.9,0.18,0.07,0.42,185,39,95.1,97.7,488.5,95,4.7,2.44,0.41,1,0.3,0.7,84,21,40,30,6.4,3.9,2.5,1.56,0.9,7.1,3.3157,3.68,148,4.3,90,6.5,92.17,117,240,357,32.77,11.1,271.87,0.3,10.7,24.7,43.32,11.6,3.3,69,6.6,1.97,119,115,71,198
699907,PBCHD03PBM,975533,26/04/2019,09:14,09:45,Pale Yellow,Clear,1.011,4.8,Trace,Trace,Negative,Negative,Negative,Normal,Negative,7-9,2,8-12,Nil,Nil,Yeast cells,10.1,5.9,47.5,94.3,17,21,15.1,39,5177,58,34,5,3,0,1.15,2.63,0.92,0.57,0.03,67,12.8,17,0.35,28.4,2.7,4.59,0.22,0.23,236,29,101.9,19.2,96,78,8.1,3.51,0.28,3.9,1.9,2,74,22,24,20,7.4,3.5,3.9,0.9,1.2,9.8,4.5766,3.81,148,4.5,100,5.7,99.73,197,293,490,40.2,6,125.5,0.3,28.1,62.4,45.03,9.7,3,67,8.1,4.59,75,73,85,66
139191,MZLGI06BRC,350388,24/04/2019,10:27,11:12,Orange,Slightly cloudy,1.013,5.3,Trace,Negative,Negative,Negative,Negative,Normal,Negative,7-9,2,2-3,Few,Nil,NIL,11,4.6,34.1,92.6,23,32,13.9,39.6,4001,72,46,3,6,0,1.36,1.9,0.01,0.49,0.09,189,10.6,19,0.2,19.2,0.1,0.02,0.23,0.53,158,76,86.7,63.2,316,114,2.1,1.14,0.88,0.6,0,0.6,107,29,15,29,6.8,4.6,2.2,2.09,1.5,29.1,13.5897,9.06,120,3.4,90,4.4,113.3,222,124,346,64.16,6.2,131.24,0.6,11.8,20.6,57.28,9.2,1.2,193,9.6,3.06,168,178,88,208
786571,GYAHD09ODK,203835,27/04/2019,11:21,12:26,Light Yellow,Clear,1.015,6.5,Negative,Trace,Negative,Negative,Negative,Normal,Negative,10-11,0,1-2,Nil,Nil,NIL,9.2,8.5,25,76.8,10,36,15.9,33.3,6420,42,34,5,7,0,3.18,4.8,0.8,0.35,0.03,216,7.9,15,0.3,32.7,3.3,1.69,1.71,0.25,119,45,83.9,34.2,171,154,2.6,1.86,0.54,0.6,0.1,0.5,120,41,26,44,8.3,3.5,4.8,0.73,0.9,14.4,6.7248,7.47,132,4.4,104,2.5,107.81,197,169,366,53.83,6.3,134.11,0.2,20.1,72.1,27.88,8.6,3.6,188,19.5,2.43,156,104,114,163
327932,KLTRS06NLZ,372641,25/04/2019,09:26,10:44,Pale Yellow,Hazy,1.01,5.6,1+,Trace,Negative,Negative,Negative,Normal,Negative,86-87,0,5-9,Rare,Nil,NIL,19.5,5.8,58.2,83.9,33,33,13.1,40.6,9126,74,31,5,5,0,0.71,1.77,0.49,0.09,0.11,409,5.7,10,0.22,28.1,4.3,0.18,0.39,0.31,189,57,112.7,38.3,191.5,181,3.3,1.98,0.51,0.7,0,0.7,73,75,12,11,7.1,4.3,2.8,1.54,1,12.6,5.8842,5.88,143,4.1,88,4.8,105.55,85,270,355,23.94,11.1,271.87,0.5,23.8,53.6,44.4,10.5,4.2,173,19.9,2.32,72,65,88,213
678498,MZLGI07RJK,413328,28/04/2019,08:55,10:03,Light Yellow,Hazy,1.014,4.5,Negative,1+,Negative,Negative,Negative,Normal,Negative,11-12,3,2-2,Moderate,Rare,NIL,9.9,6,41,99.9,16,24,14.1,44.1,9993,58,49,4,6,0,11.73,1.99,0.84,0.15,0.13,127,8.2,11,0.16,19.6,2.2,0.14,0.36,0.32,228,65,88.3,34.9,174.5,136,3.5,1.36,0.74,0.9,0.2,0.7,71,12,22,21,6.1,4.6,1.5,3.07,1.1,11.9,5.5573,5.05,143,4.3,115,3.7,77.34,185,176,361,51.25,6.3,134.11,0.8,17.3,96.7,17.89,9.7,3.7,278,5.8,0.59,73,101,94,111
191948,KLTRS03NLZ,363306,27/04/2019,11:19,12:36,Light Yellow,Slightly cloudy,1.019,5.4,Negative,Negative,Negative,Negative,Negative,Normal,Negative,1-3,2,3-2,Nil,Nil,NIL,10.9,5.3,48.5,72,20,22,11.8,41.6,10199,69,28,3,5,0,0.01,3.03,0.34,0.09,0.06,371,10.7,13,0.31,19,3,0.06,0.05,0.29,167,57,94.7,52.3,261.5,141,2.9,1.66,0.6,0.7,0.3,0.4,79,21,18,17,6.8,4.1,2.7,1.52,1.2,16.5,7.7055,6.42,140,4.9,101,3.5,109.37,83,358,441,18.82,6,125.5,0.3,10.8,209.6,5.15,8.5,3.7,253,6.8,7.31,86,75,107,149
994271,MZLGI11GJS,223670,24/04/2019,08:52,09:22,Orange,Clear,1.025,6.3,Negative,Negative,Trace,Trace,Negative,Normal,Negative,14-15,0,3-3,Nil,Few,NIL,9.5,8.5,40.5,82.6,11,23,12.7,42.5,4548,38,40,2,4,0,21.19,1.04,0.69,0.44,0.48,129,11.3,29,0.16,14.2,0.1,0.13,0.18,3.15,193,63,151.5,5.2,26,123,3.1,2.4,0.42,8.1,4,4.1,119,10,32,29,7.9,3.6,4.3,0.84,1,10.1,4.7167,4.72,132,4.4,96,6,105.9,125,301,426,29.34,8,182.9,0.2,10,147.2,6.79,9.8,2.8,256,20.5,0.72,120,95,64,141
750756,KLTRS01ODB,365683,28/04/2019,10:42,11:54,Pale Yellow,Cloudy,1.016,5.5,Negative,Trace,Negative,Negative,Negative,Normal,Negative,3-4,0,2-4,Nil,Nil,Parasites,10.8,4.2,46.1,85.6,25,23,13.6,39.6,5531,48,55,14,4,0,6.88,4.71,0.05,0.41,0.09,143,7,15,0.25,32.2,3.4,3.44,0.07,0.37,186,48,95.1,13.1,65.5,135,3.9,1.98,0.5,0.7,0.3,0.4,59,31,13,11,9,4.1,4.9,0.84,1.1,19.2,8.9664,8.15,141,4.4,104,3.5,96.98,120,285,405,29.63,5.9,122.63,1.7,16.4,80,20.5,9.2,4.7,126,10.7,9.78,78,82,91,116
990098,GYAHD10KLM,821370,24/04/2019,09:10,10:01,Pink,Slightly cloudy,1.015,4.8,Negative,Negative,Negative,Trace,2+,Normal,Negative,4-5,1,2-2,Moderate,Nil,NIL,3.5,7.6,31,79.1,4,11,12.8,42.8,5734,38,33,6,5,0,6.66,4.31,0.86,0.44,0.08,409,17.8,11,0.3,18.6,0.1,0.84,0.59,0.02,127,56,66.6,62.5,312.5,200,2.3,1.19,0.84,0.7,0.3,0.4,66,25,19,35,7.7,4.4,3.3,1.33,0.9,19.9,9.2933,10.33,136,4.1,96,6.4,99.52,203,171,374,54.28,7.7,174.29,0.7,11.8,234.8,5.03,8.4,3.5,86,20.2,8.07,88,86,118,98
986691,MZLGI07MHP,267726,27/04/2019,08:34,09:25,Pale Yellow,Clear,1.012,4.7,Trace,Trace,Negative,Negative,Negative,Normal,Negative,3-4,2,2-3,Nil,Nil,NIL,16.4,4.4,60,81.1,37,27,11.7,45.4,3466,56,17,1,5,0,2.99,1.64,0.32,0.15,0.09,381,11.7,14,0.33,38,3.7,0.16,0.22,0.91,190,75,76.4,6.2,31,66,2.5,1.02,0.98,4.7,0.2,4.5,113,23,23,20,6.9,3.4,3.5,0.97,1,18.5,8.6395,8.64,139,4.9,100,6.7,93.24,66,212,278,23.74,12.4,309.18,0.1,235.2,57.7,407.63,9.5,3.9,152,9.9,3.69,100,197,89,189
270400,MZLGI05BRC,262477,27/04/2019,06:49,07:39,Light Yellow,Slightly cloudy,1.017,6.4,Negative,Trace,Negative,3+,Trace,Normal,Negative,6-8,32,1-2,Nil,Nil,NIL,14.1,6.8,31.9,73.3,20,44,14.4,40.4,4664,59,39,0,21,2.7,6.22,1.82,0.56,0.2,0.09,370,10.4,13,0.32,26.9,1.4,2.94,0.39,0.93,142,46,76.8,11.7,58.5,109,3.1,1.67,0.6,2.1,1,1.1,107,56,15,37,6.9,4.2,2.7,1.56,1,16.9,7.8923,7.89,122,5,101,2.4,114.47,160,202,362,44.2,8.5,197.25,0.5,21.7,140,15.5,12,2.4,121,22.4,1.84,118,112,105,238
794510,GYAHD01JHJ,336913,28/04/2019,11:35,12:10,Green,Slightly cloudy,1.018,6.8,Negative,Trace,Negative,Negative,Negative,Normal,Negative,TNTC,2,1-2,Rare,Nil,Parasites,21.4,4.2,29.4,94.8,50,72,12.1,44,6076,49,22,8,2,0,7.63,2.48,0.37,0.45,0.06,350,7.3,15,0.16,30.7,4.9,0.7,0.19,0.27,219,57,96.6,18.4,92,115,3.8,1.69,0.59,0.4,0.1,0.3,114,25,28,23,4.8,3.9,0.9,4.33,0.7,8.2,3.8294,5.47,139,3.1,81,7.5,95.85,64,351,415,15.42,6.1,128.37,0.3,20.9,293.6,7.12,9.7,4,154,3.6,4.32,107,67,84,190
226943,MZLGI07GJS,818709,27/04/2019,08:46,10:15,Pale Yellow,Clear,1.011,4.7,3+,Trace,Negative,Negative,Negative,Normal,Negative,41-46,2,2-4,Nil,Nil,Artifacts,11.6,4.2,59.5,96.8,27,19,11.7,39.5,6162,50,55,25,2,0,8.7,2.98,0.56,0.48,0.04,150,10.5,13,0.35,34.2,6.7,0.34,0.37,0.16,214,23,89.7,12.6,63,214,9.3,3.9,0.26,0.7,0.3,0.4,101,49,10,11,7,4.8,2.2,2.18,1,8.1,3.7827,3.78,137,2.7,103,2.1,93.97,97,162,259,37.45,6.1,128.37,0.5,20.8,183.7,11.32,8.8,5.5,171,5.2,1.14,86,112,88,91
514658,KLTRS06WBD,596883,25/04/2019,10:31,11:58,Yellow,Hazy,1.012,5.3,Trace,Trace,Negative,Negative,Negative,Normal,Negative,TNTC,2,3-2,Nil,Nil,Fungal elements,16.5,5.8,31.8,91.4,28,51,13.3,39.9,7593,49,31,7,7,0,2.38,0.03,0.92,0.23,0.01,147,7.5,17,0.23,43.7,3.9,0.03,0.29,0.18,116,30,84,29.2,146,150,3.9,2.8,0.36,0.5,0,0.5,124,41,21,19,6.8,3.8,3,1.27,0.7,10.5,4.9035,7.01,124,4.9,104,3.6,107.17,74,203,277,26.71,6.3,134.11,0.2,28.3,135.7,20.85,11.6,4.6,122,12.2,3.31,119,200,80,154
239096,GYAHD08KAU,629969,27/04/2019,09:16,10:30,Light Yellow,Hazy,1.02,4.9,Trace,Negative,Negative,Negative,Negative,Normal,Negative,4-6,0,3-2,Nil,Nil,NIL,17.5,6.7,45.8,90.4,26,38,11.7,25.8,6821,39,21,1,4,0,6.07,2.69,0.65,0.61,0.09,362,11.4,15,0.28,44.8,0.1,0.28,0.09,0.84,178,43,51.7,9.2,46,88,4.1,1.2,0.83,1.9,0.9,1,89,37,19,19,6.1,4.3,1.8,2.39,0.9,23.2,10.8344,12.04,141,4.4,95,5.4,105.85,127,160,287,44.25,6.3,134.11,0.4,10.9,145.8,7.48,10.9,3,275,5.6,0.63,79,87,118,108
463168,PBCHD13RJU,741791,24/04/2019,10:51,11:58,Yellow,Clear,1.011,6.6,Negative,2+,Negative,Negative,Negative,Normal,Negative,3-4,1,2-3,Nil,Rare,Amorphous debris,15.5,5,31.7,80.8,31,48,14.2,42.8,10129,46,50,12,3,0,14.71,2.99,0.45,0.17,0.05,92,8.8,15,0.25,16.2,4.5,0.22,0.25,0.17,159,46,43.5,15.6,78,139,3.5,0.95,1.06,0.8,0.1,0.7,119,7,30,63,8,4.1,3.9,1.05,0.6,17.8,8.3126,13.85,140,5.8,100,4.1,93.6,153,346,499,30.66,8,182.9,0.9,18.6,87.2,21.33,10.1,5.3,193,5.9,3.58,88,66,92,264
663298,PBCHD08GAM,849002,24/04/2019,06:53,08:11,Orange,Clear,1.015,6.6,Trace,Negative,Negative,Negative,Negative,Normal,Negative,TNTC,0,2-4,Rare,Few,NIL,14.6,5.4,24.9,88.6,27,58,11.8,45,4488,40,15,1,5,10.5,9.18,0.06,0.45,0.1,0,201,8.4,20,0.19,44.9,1.9,0.21,0.14,0.15,155,52,99.4,7.2,36,130,3,1.91,0.52,0.3,0.1,0.2,99,34,36,12,8.3,5.2,3.1,1.68,0.6,16.7,7.7989,13,148,4,101,5.1,66.93,184,357,541,34.01,5.8,119.76,0.6,18.4,117.6,15.65,8.1,3.4,114,6.3,1.74,74,76,110,203
441173,MZLGI13RJK,567301,25/04/2019,09:54,10:44,Light Yellow,Clear,1.011,6,1+,Trace,Negative,Negative,Negative,Normal,Negative,1-2,3,3-4,Nil,Rare,Fat droplets or lipiduria,10.5,4.1,34.4,84.4,25,30,12.1,41.7,9066,59,37,5,4,0.5,0.31,1.18,0.43,0.47,0.07,219,8,22,0.2,12.9,1,0.15,0.3,0.5,171,57,121.1,19.3,96.5,186,3,2.12,0.47,0.7,0.2,0.5,98,13,26,12,8.1,4.6,3.5,1.31,0.7,28.2,13.1694,18.81,140,4.2,95,4.9,104.48,155,125,280,55.36,6.2,131.24,0.3,11,205.2,5.36,9.5,4.1,273,18.5,2.19,95,60,122,103
707151,KLTRS03TSS,292240,25/04/2019,09:41,10:45,Pale Yellow,Clear,1.017,7,Negative,Negative,Negative,Negative,Negative,Normal,Negative,TNTC,2,2-4,Few,Nil,NIL,20.9,5.8,45.9,109.8,36,45,13.5,42.2,10102,61,16,5,2,0,0.91,2.12,0.4,0.34,0.09,111,8.3,17,0.28,19,3.8,0.81,0.3,0.07,240,24,70.2,26.6,133,101,10,2.93,0.34,0.7,0.3,0.4,121,41,35,34,6.2,3.6,2.6,1.38,1.1,17.3,8.0791,7.34,141,4.2,100,4.9,81.23,146,90,236,61.86,7.9,180.03,0.8,21.7,96.5,22.49,8.7,4.4,172,6.2,0.66,79,82,105,189
587363,GYAHD09KAU,707456,26/04/2019,08:01,09:16,Pale Yellow,Clear,1.012,5.2,Negative,Negative,Negative,Negative,Trace,Normal,Negative,10-12,0,2-3,Rare,Nil,NIL,12.5,5.7,63.9,89.7,21,19,14.4,45.1,17174,50,32,7,17,0,1.27,2.95,0.39,0.48,0.16,304,8.2,17,0.09,12.2,2.6,0.24,1.8,0.25,167,22,157.4,65.4,327,156,7.6,7.15,0.14,0.5,0.2,0.3,128,118,11,21,6.7,3.6,3.1,1.16,1.1,35.7,16.6719,15.16,136,6,110,2.5,90.57,67,198,265,25.28,6.6,142.72,0.6,11.5,295.5,3.89,9.6,5.3,188,16.3,3.44,143,121,71,180
129681,MZLGI13BRC,498696,24/04/2019,06:55,07:29,Light Yellow,Clear,1.014,5.5,Trace,1+,1+,Negative,Negative,Normal,Negative,83-88,1,16-19,Nil,Nil,Fungal elements,12.9,4.4,46.4,93,29,27,11.7,44.3,6643,74,49,2,4,0,2.37,1.67,0.7,0.46,0.02,433,7.3,10,0.34,13,6.6,0.23,0.21,0.49,212,54,91.7,#VALUE!,#VALUE!,113,3.9,1.7,0.59,0.7,0,0.7,108,49,14,24,7.9,4.7,3.2,1.47,0.6,15.9,7.4253,12.38,123,3.5,102,4.1,98.52,68,166,234,29.06,8.7,202.99,0.9,16.9,79.1,21.37,10,5.2,267,11.8,0.87,93,71,197,158
377840,KLTRS05TSS,558815,26/04/2019,09:48,10:56,Light Yellow,Clear,1.021,5.7,Negative,Negative,Negative,Negative,Negative,Normal,Negative,13-14,2,>20,Nil,Nil,Artifacts,14.7,4.1,33.3,89.8,35,44,11.6,27.6,6968,42,19,9,7,0,6.39,1.92,0.65,0.04,0,101,11.3,13,0.33,15.6,4.2,0.17,0.03,0.3,196,54,53.8,16.4,82,158,3.6,1,1,0.8,0.2,0.6,92,31,32,27,7.1,4.1,3,1.37,0.8,15.9,7.4253,9.28,139,4.3,97,3.8,112.5,249,350,599,41.57,9,211.6,0.1,17.7,31.5,56.19,11.6,3.8,162,16.9,2.95,155,120,77,202
182518,GYAHD09KAU,367077,24/04/2019,08:15,09:08,Pink,Clear,1.01,4.8,Trace,Trace,Negative,Negative,Negative,Normal,Negative,10-12,0,3-4,Rare,Nil,Fungal elements,15.6,6.8,54.5,64.5,22,28,13.9,39.4,10101,59,35,4,12,0,2.4,1.02,0.85,0.63,0.01,618,5.4,13,0.31,22.4,0.6,0.94,0.08,0.01,147,57,151.9,59.4,297,106,2.6,2.66,0.38,0.5,0.2,0.3,86,9,35,17,8.1,4.1,4,1.03,0.6,17.1,7.9857,13.31,140,4.8,108,5.8,32.87,60,352,412,14.56,6.2,131.24,1,76.2,148,51.49,11.4,3.4,84,11,2.36,117,74,70,65
467954,GYAHD08ODK,147053,25/04/2019,10:24,11:33,Straw,Slightly cloudy,1.016,6.8,1+,Trace,Negative,Negative,Negative,Normal,Negative,2-3,2,3-3,Nil,Few,Parasites,6.5,4.6,59.7,95.4,14,10,14.1,40.8,5829,43,28,6,3,0,5.34,2.78,0.91,0.22,0.03,506,10.8,16,0.29,22.1,1.8,5.62,0.28,0.27,224,35,86.2,100.2,501,167,6.4,2.46,0.41,0.7,0.3,0.4,62,21,24,29,7.7,4.7,3,1.57,1,8.4,3.9228,3.92,128,5.7,108,5.1,94.48,104,347,451,23.06,6.4,136.98,0.6,11.9,149,7.99,9.8,3.6,192,5.4,6.5,108,66,89,113
333597,KLTRS07KLP,702265,26/04/2019,07:54,09:14,Light Yellow,Clear,1.018,6.3,Negative,Trace,Negative,Negative,Negative,2+,Negative,TNTC,1,8-16,Nil,Nil,Parasites,10.6,5.7,32,80.7,18,33,12.2,39.7,5997,58,20,2,5,0.5,2.38,2.19,0.04,0.57,0.07,22,8.5,18,0.25,26.9,6,4.5,0.24,0.05,171,53,83.2,69.9,349.5,139,3.2,1.57,0.64,1,0.3,0.7,60,34,37,11,7.3,3.8,3.5,1.09,1.2,8.6,4.0162,3.35,134,4,100,4.7,97.57,229,294,523,43.79,8.1,185.77,0.9,13.8,126.5,10.91,9.6,3.1,241,5.5,0.83,148,68,151,119
582652,MZLGI13RJK,302368,26/04/2019,07:57,09:02,Dark Yellow,Slightly cloudy,1.025,6.9,Negative,Negative,Negative,Negative,Negative,Normal,Negative,9-10,0,1-3,Moderate,Nil,NIL,12.3,5.9,30.4,72.6,20,40,13.9,39.1,10778,60,25,5,1,0,5.3,3.95,0.04,0.37,0.01,260,12,19,0.05,34.8,4.8,0.51,0.05,0.17,188,76,40.5,100.7,503.5,160,2.5,0.53,1.88,0.9,0.2,0.7,100,34,19,34,5.6,4,1.6,2.5,0.6,9.7,4.5299,7.55,135,1.9,96,4.1,99.54,113,179,292,38.7,9,211.6,0.9,12.9,79.1,16.31,9.4,6.7,198,6.7,0.63,77,115,91,93
886997,MZLGI06RJK,773743,25/04/2019,07:12,08:41,Yellow,Clear,1.013,4.9,Negative,Negative,Negative,Trace,Negative,Normal,Negative,3-4,1,>20,Nil,Nil,Mucus threads,10,5.1,20.4,89.2,19,49,14,45.3,10996,42,16,3,2,0.7,5.92,4.02,0.72,0.07,0.03,582,7.3,11,0.26,44.1,4.1,0.36,0.46,0.27,106,39,75.4,47.8,239,138,2.7,1.93,0.52,0.3,0,0.3,67,44,22,28,6.2,3.7,2.5,1.48,1.1,18.9,8.8263,8.02,141,2.9,99,6.8,115.13,169,233,402,42.04,6.2,131.24,0.6,21,117.5,17.87,7.8,4.3,146,7.1,9.43,119,103,81,133
639179,KLTRS01NLZ,427963,24/04/2019,07:24,08:07,Red,Slightly cloudy,1.029,6.8,Negative,Trace,Negative,Negative,Negative,Normal,Negative,11-12,1,1-3,Moderate,Nil,NIL,9,5,58.9,65.5,18,15,12.5,40,6787,55,53,2,6,1.9,1.63,1.37,0.23,0.2,0.08,179,8,12,0.14,14.1,2.2,0.81,0.37,0.23,179,48,82.2,24.2,121,177,3.7,1.71,0.58,0.3,0.1,0.2,71,20,15,24,6.1,4,2.1,1.9,0.8,13.2,6.1644,7.71,121,3.4,104,3.4,30.44,70,276,346,20.23,7.5,168.55,0.3,16.2,73.7,21.98,9,5.5,188,12.5,1.67,89,71,125,91
789574,PBCHD09RJU,152219,26/04/2019,08:07,08:52,Pink,Slightly cloudy,1.017,4.6,Negative,Negative,Negative,Negative,Negative,Normal,Negative,12-14,1,2-2,Nil,Few,NIL,18.4,5.8,33.7,52.3,31,54,12.5,36.4,5013,47,22,2,6,0,3.06,5.26,0.52,0.2,0.09,280,9.1,17,0.38,40.2,2.9,0.11,5.89,0.03,169,77,102.8,28.2,141,119,2.2,1.34,0.75,0.9,0.3,0.6,44,24,28,13,6.9,4.8,2.1,2.29,1.1,7.2,3.3624,3.06,136,5.9,99,2.2,109.54,69,359,428,16.12,6.2,131.24,0,19,141.5,13.43,8,3.5,181,4.9,3.45,94,79,75,122
387298,PBCHD13PBM,566170,26/04/2019,10:57,11:48,Straw,Slightly cloudy,1.013,6.6,Negative,Trace,Negative,Negative,Negative,Normal,Negative,TNTC,1,1-3,Nil,Nil,NIL,13.2,4.2,29.6,86.9,31,44,13.9,40.1,10685,45,51,5,5,0,7.53,1.88,0.78,0.04,0,447,5.1,20,0.32,16.1,3.8,0.15,0.06,0.12,132,57,87.7,35.8,179,124,2.3,1.54,0.65,0.7,0.3,0.4,109,4,18,38,7.1,4.6,2.5,1.84,0.9,9.1,4.2497,4.72,136,2.7,97,6.5,107.96,196,266,462,42.42,8.8,205.86,1.4,28.9,137.6,21,11.9,3.3,188,13.8,2.7,111,60,115,114
811466,PBCHD09GAM,305537,24/04/2019,10:25,11:53,Pale Yellow,Clear,1.013,5,Trace,Negative,Negative,Negative,Negative,Normal,Negative,11-13,0,>20,Nil,Nil,Amorphous debris,9,4.7,49.7,90.6,19,18,13.8,41.3,4451,42,18,4,3,0,5.88,1.68,0.25,0.24,0.02,245,7.2,10,0.34,17.4,1,0.31,0.08,0.12,164,71,55.8,20.8,104,152,2.3,0.79,1.27,0.6,0.1,0.5,72,55,28,12,7.4,4.5,2.9,1.55,1.1,15.7,7.3319,6.67,137,3.9,105,3.5,97.97,156,355,511,30.53,6.9,151.33,1,14.2,128.2,11.08,8.9,2.5,112,10.9,1.96,123,64,198,70
986400,GYAHD08JHJ,611543,27/04/2019,06:41,07:12,Yellow,Clear,1.029,4.8,Negative,Negative,Negative,Negative,Negative,Normal,Negative,5-6,6,1-2,Few,Few,Artifacts,19.6,4.9,20.4,75.7,40,96,12.6,42.3,8802,52,55,2,5,0,0.51,2.03,0.49,0.2,0.49,221,10.6,11,0.32,14,3.8,0.37,0.19,0.04,194,53,85.6,17.3,86.5,78,3.7,1.62,0.62,0.6,0.1,0.5,113,12,13,36,6.6,4.3,2.3,1.87,1.2,25.9,12.0953,10.08,158,3.8,106,2.8,76.44,168,123,291,57.73,6.8,148.46,0.1,17,183.9,9.24,9.8,3.1,83,4.5,2.83,99,90,90,99
864233,KLTRS04ODB,877167,25/04/2019,06:21,07:47,Light Yellow,Clear,1.023,6.9,Negative,Trace,Negative,Negative,Negative,Normal,Negative,4-5,1,>20,Nil,Nil,Amorphous debris,13.3,5.9,33.9,86.2,22,39,13.1,42.2,10513,20,18,4,14,10.5,1.11,2.61,0.27,0.5,0.04,342,7.3,14,0.16,14.3,2.3,0.3,3.71,0.01,163,50,72.6,10,50,65,3.3,1.45,0.69,0.9,0.3,0.6,97,51,30,10,5,5,0,#DIV/0!,0.8,19.6,9.1532,11.44,146,4.9,107,2.9,99.59,127,166,293,43.34,6.1,128.37,0.3,24.2,109.8,22.04,8.6,4.5,193,10.8,1.65,99,71,77,194
887537,KLTRS04TSS,253015,28/04/2019,08:41,09:53,Yellow,Hazy,1.013,5.3,Trace,Negative,Negative,Negative,Negative,Normal,Negative,8-10,2,2-4,Nil,Nil,Parasites,17.6,4.5,29.6,70.4,39,59,11.5,39.8,10215,52,15,3,5,0,6.92,1.36,0.83,0.13,0.04,201,13.6,20,0.08,32,0.4,0.69,0.1,0.29,159,52,76.8,38.6,193,129,3.1,1.48,0.68,0.8,0.3,0.5,125,48,39,45,7.5,4.3,3.2,1.34,1.2,162.3,75.7941,63.16,141,4.4,95,6.4,83,115,212,327,35.17,7.5,168.55,0.2,269.2,216.7,124.23,8.2,5.4,64,4.7,0.32,97,159,94,168
847697,PBCHD12GAM,618089,24/04/2019,10:47,12:15,Light Yellow,Clear,1.015,4.6,Negative,Trace,Negative,Negative,Negative,Normal,Negative,6-8,4,1-3,Nil,Nil,NIL,18.5,8.1,43.6,61.7,22,42,14.4,44,5888,47,32,6,8,0,17.26,1.63,0.96,0.5,0.18,112,7.1,16,0.28,25.5,4.2,0.12,0.92,0.16,136,48,55.2,12.4,62,122,2.8,1.15,0.87,0.9,0.3,0.6,120,31,24,38,8.2,4.1,4.1,1,1.1,18.8,8.7796,7.98,146,3.2,98,2.2,115.5,71,344,415,17.11,7.4,165.68,0.2,17.5,340.6,5.14,9.5,3.2,141,7.2,0.91,94,85,87,60
268116,MZLGI09GJS,892701,26/04/2019,10:10,11:11,Light Yellow,Cloudy,1.005,6.6,Trace,Negative,Negative,Trace,Negative,Normal,Negative,48-49,0,3-2,Nil,Nil,NIL,21,4.8,23,94.3,43,91,12.8,45,10722,36,21,3,3,0,2.6,1.54,0.47,0.15,0.04,128,7.5,20,0.38,25.4,2.7,0.06,0.08,0.05,171,79,73.4,32.7,163.5,80,2.2,0.93,1.08,0.5,0.2,0.3,48,13,26,27,8.1,3.5,4.6,0.76,1.1,37.2,17.3724,15.79,92,5.7,108,5.4,119.74,172,295,467,36.83,7.8,177.16,0.7,26.2,68.5,38.25,10.7,3.7,98,10.9,0.7,98,88,124,162
411297,KLTRS04WBD,995164,25/04/2019,11:24,11:58,Straw,Hazy,1.013,4.6,Negative,Negative,Negative,Negative,Negative,Normal,Negative,2-3,1,3-2,Nil,Rare,NIL,17.1,4.7,51.8,98.6,36,33,13.1,45.3,8596,46,34,4,5,0,18,2.04,0.94,0.04,0.07,381,11.8,14,0.6,44.2,3.6,0.58,3.99,0.38,395,59,106,38.1,190.5,144,6.7,1.8,0.56,0.3,0.1,0.2,75,55,17,44,7.7,3.6,4.1,0.88,0.8,14.4,6.7248,8.41,124,4.4,112,2.1,77.35,160,111,271,59.04,8.9,208.73,0.8,451.5,99.8,452.4,9.5,4,200,4,0.98,117,68,90,299
603836,MZLGI04GJS,147253,25/04/2019,11:46,12:18,Red,Clear,1.012,6.7,Trace,2+,Trace,Negative,Negative,Normal,Negative,72-77,2,1-2,Nil,Nil,NIL,5.2,4.9,34.8,76.4,10,14,12.8,33.2,9155,20,23,6,7,0,6.52,1.69,0.8,0.5,0.02,975,10.8,17,0.38,29.4,0.3,0.37,0.91,0.23,164,48,72.6,32.9,164.5,112,3.4,1.51,0.66,0.2,0,0.2,63,49,27,24,7,3.5,3.5,1,1,15.4,7.1918,7.19,140,3.7,106,3.1,28.1,97,313,410,23.66,8.4,194.38,0.9,13.4,85.1,15.75,9.4,3.2,77,10.3,0.1,86,99,83,127
706043,KLTRS06WBD,135938,24/04/2019,11:34,12:42,Deep Amber,Slightly cloudy,1.029,5.1,Trace,3+,Negative,Negative,Negative,Normal,Negative,86-88,0,3-4,Rare,Nil,NIL,11.1,5.9,56.3,119.3,18,19,10.9,45.7,7005,44,35,6,6,6.8,8.38,2.34,0.96,0.25,0.01,155,9.3,17,0.37,20.9,4.4,0.15,0.2,0.39,179,45,79.2,46,230,108,4,1.76,0.57,17.4,12.9,4.5,65,43,37,31,6.8,5,1.8,2.78,1.8,8,3.736,2.08,136,4.6,96,4.6,116.07,73,145,218,33.49,5.7,116.89,0.1,24.9,53.9,46.2,10.9,1.5,333,4.5,5.79,87,147,110,219
144494,GYAHD13KLM,126208,26/04/2019,07:29,08:06,Straw,Slightly cloudy,1.017,4.9,Trace,1+,Negative,Negative,Negative,Normal,Negative,1-3,4,3-4,Nil,Moderate,NIL,9.3,3.2,48,91.1,29,19,13.6,42.7,4223,51,26,4,5,0,2.96,2.74,0.5,0.4,0.08,394,8.5,14,0.21,27.6,2.4,0.31,3.37,0.08,168,60,44.8,100.6,503,80,2.8,0.75,1.34,0.3,0.1,0.2,125,21,40,46,8.2,3.6,4.6,0.78,1,56.6,26.4322,26.43,145,3.7,102,5.6,109.73,45,301,346,13.01,10.4,251.78,0.3,23.3,256.6,9.08,9.2,2.7,126,5.9,1.76,105,66,92,65
997426,MZLGI08RJK,637343,27/04/2019,11:59,13:18,Light Yellow,Hazy,1.012,4.7,Trace,Negative,Negative,Negative,Trace,Normal,Negative,11-12,0,3-4,Nil,Nil,Fat droplets or lipiduria,14.1,4.5,41.9,57.7,31,33,12.1,41.3,9402,43,20,12,5,0,3.01,1.11,0.58,0.21,0.09,359,9.2,11,0.28,13.6,2.7,0.17,0.41,0.25,217,35,94.5,69.6,348,112,6.2,2.7,0.37,0.8,0.3,0.5,87,16,84,34,6.8,3.6,3.2,1.13,0.7,17.2,8.0324,11.47,145,5.9,95,3.1,93.7,248,345,593,41.82,8.3,191.51,0.8,18.9,76,24.87,10.4,5.5,94,6,6.23,87,90,119,198
344280,KLTRS04KLP,810628,27/04/2019,10:44,11:16,Pale Yellow,Slightly cloudy,1.013,6.5,Negative,Trace,Negative,Negative,Trace,Normal,Negative,8-10,2,2-4,Rare,Few,NIL,16.2,5.3,25.5,79.9,30,63,12.1,44.8,2493,38,23,1,6,0,9.38,1.98,0.4,0,0.07,610,11.2,13,0.3,31.2,1.8,0.36,0.19,0.1,208,23,45.9,56.2,281,213,9,2,0.5,0.8,0.3,0.5,120,19,18,42,7.6,5,2.6,1.92,1.1,19.1,8.9197,8.11,120,5.3,103,9,109.68,146,242,388,37.63,5,96.8,0.6,17.2,248.6,6.92,11.3,5.5,119,15.8,6.75,82,73,74,117
818259,GYAHD01JHJ,833505,27/04/2019,09:42,10:51,Pale Yellow,Slightly cloudy,1.025,5.5,1+,Negative,Negative,Negative,Negative,Normal,Negative,13-15,1,1-4,Nil,Nil,NIL,15.7,4.4,45.6,94.1,35,34,12.3,43.2,9321,37,11,2,3,0,8.02,2.36,0.78,0.26,0.02,291,14.1,12,0.2,14.5,4.6,2.82,0.13,0.15,186,80,74.6,40.5,202.5,169,2.3,0.93,1.07,0.6,0.1,0.5,94,37,34,18,7.6,3.5,4.1,0.85,1,9,4.203,4.2,138,4.7,103,5.6,113.76,147,271,418,35.17,5.9,122.63,0.7,100.9,65.2,154.75,9,2.6,214,6.4,8.71,74,86,82,86
228252,PBCHD14KLC,122544,28/04/2019,08:42,09:19,Pale Yellow,Hazy,1.014,5.6,2+,Negative,Negative,Negative,Negative,Normal,Negative,TNTC,2,1-3,Nil,Nil,NIL,8.3,5.6,40.4,91.4,14,20,12.9,40.9,4708,61,16,25,4,0,4.57,1.16,0.67,0.08,0.03,214,7.8,15,0.32,14.1,0.5,0.15,0.92,3.25,111,52,85.6,18.4,92,172,2.1,1.65,0.61,0.7,0.2,0.5,71,12,22,48,7.1,3.5,3.6,0.97,0.6,13.3,6.2111,10.35,148,6,113,2.1,105.6,139,142,281,49.47,8.8,205.86,1,27.4,154.1,17.78,11.2,4.4,77,9.1,13.73,92,166,84,112
873362,GYAHD11ODK,544458,28/04/2019,11:34,12:20,Light Yellow,Clear,1.021,4.5,Negative,Negative,Negative,Negative,1+,Normal,Negative,6-8,1,1-4,Nil,Nil,NIL,3.9,4.6,43.7,92.5,8,8,12.1,41.2,9033,40,24,6,3,0,20.58,7.79,0.33,0.15,0.01,428,7.2,16,0.37,12.1,4.4,0.95,0.37,0.26,157,46,95.9,25.9,129.5,62,3.4,2.08,0.48,0.7,0.2,0.5,129,47,30,48,7.8,4.2,3.6,1.17,0.6,14,6.538,10.9,142,2.8,102,1.1,117.69,49,232,281,17.44,5.9,122.63,0.4,11.5,110.9,10.37,7.6,3.4,117,10.6,0.21,72,225,179,101
332573,KLTRS05ODB,323415,24/04/2019,06:51,08:08,Straw,Slightly cloudy,1,6.6,Negative,Negative,Negative,Negative,1+,Normal,Negative,1-2,0,2-2,Nil,Nil,Mucus threads,10.9,4.3,41.1,87.3,25,26,14,39.7,5978,60,39,4,25,0,9.92,4.7,0.23,0.5,0.07,446,8.6,11,0.31,21.4,3.3,0.06,0.01,0.31,193,30,75.9,37.2,186,104,6.4,2.53,0.4,0.5,0.2,0.3,114,24,32,26,6.1,4.5,1.6,2.81,1,17.6,8.2192,8.22,138,4.2,72,4.6,100.08,103,322,425,24.24,8.8,205.86,0.5,15.3,57.5,26.61,10.2,4.7,138,11.7,1.42,97,76,121,176
950781,GYAHD07KAU,764657,25/04/2019,07:01,07:49,Yellow,Hazy,1.01,6,Negative,Trace,Negative,Negative,Negative,Normal,Negative,10-12,0,>20,Nil,Nil,NIL,18.8,4.8,54.6,99.3,39,34,14.3,39.9,4892,58,30,2,8,0,9.08,1.35,1.33,0.17,0.04,151,8.5,11,0.27,41.9,6.6,0.73,0.07,0.29,233,47,67.9,24,120,165,5,1.44,0.69,0.5,0,0.5,46,12,18,41,8.1,4.7,3.4,1.38,1.2,26.3,12.2821,10.24,141,4.6,101,2.4,104.64,76,164,240,31.67,6.3,134.11,0.9,15.8,114.7,13.78,11,3,175,9.9,1.4,86,167,144,276
501493,KLTRS03TSS,510866,28/04/2019,10:59,12:21,Pale Yellow,Slightly cloudy,1.015,7.3,1+,Negative,Negative,Negative,Negative,Normal,Negative,13-15,2,2-3,Nil,Nil,Fat droplets or lipiduria,10.3,5.7,56.4,72.9,18,18,12.7,41.5,10590,45,34,6,3,0,0.94,2.45,1.28,0.04,0.08,236,11.8,15,0.29,23.7,0.9,0.19,0.09,0.3,192,56,87.1,6.9,34.5,69,3.4,1.56,0.64,0.3,0.1,0.2,69,16,33,12,8,4.1,3.9,1.05,1.1,16.1,7.5187,6.84,124,3.2,97,6.2,92.76,141,233,374,37.7,6.1,128.37,0.3,21.7,23.1,93.94,7.9,5.2,219,4.4,3.43,115,160,103,105
699159,GYAHD06KLM,456210,24/04/2019,11:55,13:00,Light Yellow,Clear,1.019,4.4,Trace,3+,Negative,Negative,Negative,Normal,Negative,13-14,2,3-2,Nil,Nil,Parasites,11.6,4.4,44,84.6,26,26,14.2,42.1,3343,58,43,4,5,0,21.35,2.36,0.11,0.13,0.02,55,7.3,15,0.15,13.5,3.3,0.31,0.17,2.63,166,58,128.3,74.9,374.5,143,2.9,2.21,0.45,0.5,0.2,0.3,72,55,37,31,8.3,4.8,3.5,1.37,0.6,53.4,24.9378,41.56,146,4.5,84,4.3,92.06,97,277,374,25.94,10.4,251.78,0.7,28.8,133.2,21.62,9.7,5.3,185,6,2.3,121,72,196,123
715967,PBCHD08PBP,838985,24/04/2019,11:41,12:39,Deep Amber,Cloudy,1.026,6.5,Trace,Negative,Negative,1+,Negative,Normal,Negative,9-10,2,3-2,Nil,Nil,NIL,15.9,4.6,53.6,92.7,34,29,12,40.9,7040,51,45,1,5,0,5.7,2.73,0.44,0.27,0.07,330,11.5,16,0.33,16,5,0.92,0.84,0.96,179,58,211.3,36,180,208,3.1,3.64,0.27,0.6,0.2,0.4,59,16,27,19,7.5,3.2,4.3,0.74,0.9,13.9,6.4913,7.21,136,5.5,111,3.2,51.39,104,281,385,27.01,6.8,148.46,0.8,17.4,89.3,19.48,8.7,6,188,18.9,1.76,79,98,64,201
638466,GYAHD09JHJ,274427,28/04/2019,11:25,12:38,Pale Yellow,Cloudy,1.028,4.9,Negative,Trace,Negative,Negative,1+,Normal,Negative,3-4,1,2-2,Nil,Nil,NIL,17.4,8,45.5,78.6,21,38,13.8,39.1,5004,43,33,10,10,0,9.1,4.26,0.77,0.4,0.04,254,7.9,16,0.39,39.1,3.9,0.21,0.07,0,173,42,152.5,11.8,59,98,4.1,3.63,0.28,1.3,0.6,0.7,105,25,16,15,7.2,4.5,2.7,1.67,0.7,58.8,27.4596,39.23,136,3.7,112,2.5,117.06,80,185,265,30.19,8.2,188.64,0.9,24.7,88.7,27.85,9.2,3,118,8.8,3.71,112,95,121,109
273907,PBCHD13GAM,610846,26/04/2019,11:53,12:40,Yellow,Clear,1.026,5.1,1+,Trace,Negative,Negative,Negative,Normal,Negative,58-59,2,17-15,Nil,Nil,Artifacts,14.5,4.1,11.4,95.1,35,127,11.8,45.3,8227,70,31,1,2,0,0.52,0.61,0.23,0.44,0.05,226,7.2,17,0.34,16.5,3.8,1.68,0.07,0.23,160,49,158.8,21.6,108,83,3.3,3.24,0.31,0.7,0,0.7,255,94,10,43,7.1,3.9,3.2,1.22,0.6,13.3,6.2111,10.35,136,4.2,114,2.8,109.01,152,213,365,41.64,8.6,200.12,0.8,25.2,38,66.32,10,3.3,218,17,1.89,128,76,82,102
540596,MZLGI03MHP,304139,28/04/2019,06:38,07:57,Pale Yellow,Hazy,1.021,4.9,Negative,Negative,Negative,Negative,Negative,Normal,Negative,42-47,1,1-3,Nil,Nil,NIL,17.7,4.5,38.8,90.6,39,45,11.7,43.4,8408,40,15,4,3,0.3,6.58,1.24,0.38,0.37,0.06,58,9.9,17,0.22,29.7,0.5,0.33,4.09,0.74,109,56,85.1,21.9,109.5,102,1.9,1.52,0.66,0.7,0.2,0.5,89,13,39,46,7,3.6,3.4,1.06,0.8,130.8,61.0836,76.35,148,2.6,110,6.2,115.02,114,226,340,33.53,5.8,119.76,0.8,19,71.6,26.54,9.4,2.3,134,5.2,2.05,92,63,188,91
345790,PBCHD04SKM,700623,28/04/2019,08:24,08:56,Light Yellow,Clear,1.011,5.4,Trace,Trace,Negative,Negative,Trace,Normal,Negative,2-4,5,1-4,Nil,Nil,Artifacts,12.2,4.4,59,76.7,27,20,13.8,44.6,6990,68,30,1,6,0,6.03,1.43,0.22,0.48,0.04,147,7.4,13,0.42,24.4,0.2,0.08,0.2,1.48,213,32,96,33.5,167.5,132,6.7,3,0.33,0.6,0,0.6,53,55,12,32,6.7,3.9,2.8,1.39,0.3,17.6,8.2192,27.4,130,3.6,99,9.2,118.5,115,249,364,31.59,5.8,119.76,0.4,18.6,261.6,7.11,9.4,5.3,173,11.8,3.22,97,118,74,138
449067,GYAHD15ODK,104984,28/04/2019,07:43,08:38,Pale Yellow,Clear,1.029,6,Negative,3+,Negative,Trace,Negative,Normal,Negative,3-5,1,3-2,Rare,Nil,NIL,19.8,4.8,48.8,90,41,40,12,39.1,5979,44,39,5,3,0,5.88,4.06,0.11,0.41,0.48,128,7,15,0.33,32.5,0.1,0.25,0.56,0.14,145,25,163.7,7.8,39,138,5.8,6.55,0.15,0.6,0,0.6,81,24,31,39,7.4,3.7,3.7,1,0.6,10.8,5.0436,8.41,101,4.8,103,5.1,105.91,66,130,196,33.67,7.8,177.16,0.8,15.7,435.5,3.61,10,2,100,7.2,3.45,123,80,62,132
612207,GYAHD09ODK,570075,27/04/2019,06:24,07:52,Pale Yellow,Clear,1.018,5.7,2+,Trace,Negative,Negative,Negative,Normal,Negative,8-10,0,3-2,Moderate,Nil,Mucus threads,10,4.3,39.5,93.6,23,25,12.6,43.5,10946,42,46,2,5,0.8,5.49,0.52,0.73,0.17,0.05,1174,11.1,17,0.23,26.5,0.4,0.28,0.15,0.49,240,38,107.7,35.4,177,109,6.3,2.83,0.35,0.7,0.3,0.4,61,16,27,21,7.4,4.2,3.2,1.31,0.8,11,5.137,6.42,147,3.7,99,3.5,115.11,105,342,447,23.49,5.7,116.89,0.2,12.1,124.7,9.7,10.4,4.5,76,5.8,9.38,118,70,79,93
720783,PBCHD02CGD,580781,24/04/2019,09:26,10:35,Deep Amber,Clear,1.014,4.6,Negative,1+,Negative,Negative,Negative,Normal,Negative,20-25,0,>20,Nil,Rare,NIL,14.6,5.4,33.2,86.5,27,43,14,42,4383,56,12,2,7,0.4,6.99,2.63,0.39,0.46,0.04,108,11.7,6,0.37,30.5,3.2,1.39,0.6,0.56,201,50,111.1,7.2,36,61,4,2.22,0.45,0.5,0.2,0.3,79,36,35,37,8.3,4.9,3.4,1.44,0.8,15.5,7.2385,9.05,135,3,104,2.3,111.29,116,165,281,41.28,8.8,205.86,0,16,82.2,19.46,11.9,4.5,190,3,2.55,71,154,72,80
946635,MZLGI14APK,134813,27/04/2019,06:33,07:17,Pale Yellow,Slightly cloudy,1.012,6.8,Trace,Trace,Negative,Negative,Negative,Normal,Negative,3-5,1,3-4,Few,Nil,NIL,14.9,4.5,34.4,98.5,33,43,12.2,47.5,7267,59,52,6,3,0,8.33,1.22,0.31,0.44,0.09,1027,11.3,16,0.32,14.5,1.3,0.78,0.94,0.14,130,48,95.1,15.7,78.5,133,2.7,1.98,0.5,0.8,0.1,0.7,91,54,35,44,6.6,3.3,3.3,1,1,17.7,8.2659,8.27,137,4,98,3.6,106.81,67,360,427,15.69,7.4,165.68,0.2,277.2,120.3,230.42,7.5,3.7,67,12.2,0.59,88,83,110,124
893073,MZLGI15MHP,557202,28/04/2019,10:56,11:30,Light Yellow,Cloudy,1.018,6.8,Negative,Negative,2+,Negative,Negative,Normal,Negative,97-99,1,1-2,Nil,Nil,Fat droplets or lipiduria,9.7,6.9,52.7,93,14,18,12.3,42.6,5780,45,43,5,8,0,8.05,1.22,1.46,0.35,0.07,495,7.6,11,0.37,12.7,0.4,0.25,0.52,0.29,178,69,90.5,12.6,63,168,2.6,1.31,0.76,0.7,0.1,0.6,110,24,25,30,8.1,4.8,3.3,1.45,1.2,31.7,14.8039,12.34,135,3.8,104,6.5,99.13,111,154,265,41.89,5,96.8,0.8,10.5,111.8,9.39,8.8,2.5,119,9.4,3.79,90,78,84,110
344501,GYAHD04JHJ,529223,28/04/2019,08:20,09:25,Pale Yellow,Clear,1.002,6.6,Negative,Negative,Negative,Negative,Negative,Normal,Negative,60-62,2,2-2,Nil,Nil,NIL,15.9,6.2,21.8,97.1,25,72,12.9,41.3,7441,52,20,5,2,0,2.7,1.58,0.87,0.39,0.11,292,11.9,15,0.21,43.8,7.2,0.22,0.3,0.31,151,26,72.8,32.9,164.5,148,5.8,2.8,0.36,0.8,0.1,0.7,65,50,31,35,6.7,3.9,2.8,1.39,0.6,19.9,9.2933,15.49,137,4.7,98,2.1,97.76,157,155,312,50.32,12.5,312.05,10.3,15,62.9,23.85,8.7,2.5,62,3.5,1.82,98,62,164,425
906256,KLTRS03MLT,915450,24/04/2019,08:37,09:24,Light Yellow,Clear,1.019,4.9,1+,Trace,Negative,Trace,1+,Normal,Negative,6-7,2,3-2,Rare,Nil,Artifacts,14.3,4,40.8,55.4,35,35,12.4,40.6,4308,46,21,3,20,0,6.88,1.11,0.35,0.38,0.01,389,7.5,14,0.25,31,0.1,0.06,0.11,0.03,145,77,80.3,35.7,178.5,107,1.9,1.04,0.96,0.8,0.2,0.6,62,45,39,43,5.2,4.8,0.4,12,0.7,13.3,6.2111,8.87,146,4.6,103,10.2,84.89,187,243,430,43.49,6.1,128.37,0.6,17.8,78.2,22.76,12.3,2.8,162,6.2,2.22,94,166,80,220
370880,KLTRS03TSS,969633,27/04/2019,10:54,12:16,Yellow,Clear,1.018,6.1,1+,Trace,Negative,Negative,Negative,Normal,Negative,4-5,0,3-3,Nil,Rare,NIL,16,6.2,44.6,88.3,25,35,12.4,42.4,51900,33,43,6,7,0,8.28,1.26,0.27,0.35,0.09,130,7.3,13,0.23,32,4.6,0.63,0.14,0.08,161,56,126.5,35.1,175.5,133,2.9,2.26,0.44,0.7,0.3,0.4,82,8,24,48,7.9,4.8,3.1,1.55,0.3,17.2,8.0324,26.77,147,3.9,107,6.3,90.15,168,331,499,33.67,6.7,145.59,0.5,27.2,75.7,35.93,13.3,3.3,139,16.9,0.9,76,103,97,106
213193,MZLGI11APK,246843,25/04/2019,06:29,07:26,Straw,Clear,1.015,5.2,1+,Trace,Negative,Negative,Negative,Normal,Negative,13-14,2,2-3,Few,Nil,NIL,5.7,5.3,37.9,72.9,10,15,12.8,43.2,7617,20,29,1,4,0,0.08,2.04,0.45,0.47,0.06,196,7.4,14,0.39,26.2,4.3,0.4,3.22,0.25,162,22,173,37.6,188,163,7.4,7.86,0.13,0.4,0.1,0.3,77,29,39,38,6.3,5,1.3,3.85,0.9,6.4,2.9888,3.32,137,3.6,104,5,108.38,150,240,390,38.46,6.1,128.37,0.2,13.2,115.1,11.47,7.6,3.4,282,9.4,2.94,92,89,145,130
176249,GYAHD05KAU,710876,24/04/2019,10:08,11:23,Yellow,Clear,1.024,6.7,Negative,Negative,Negative,Negative,Negative,Normal,Negative,10-11,2,3-4,Nil,Nil,NIL,10.6,6.2,36.6,98.5,17,28,13.8,43.9,5357,23,33,6,5,0,2.57,4.11,0.75,0.02,0.09,213,11.8,11,0.29,22.8,4.8,0.32,0.11,0.2,175,55,98.5,69.5,347.5,124,3.2,1.79,0.56,0.7,0.2,0.5,99,54,18,18,7.9,4.2,3.7,1.14,0.7,11.1,5.1837,7.41,145,5.9,106,2.3,25.86,133,340,473,28.12,6.3,134.11,0.5,16,390.6,4.1,10.3,3.8,75,9.7,0.42,119,70,93,98
568871,KLTRS01NLZ,343557,28/04/2019,06:07,07:31,Yellow,Cloudy,1.013,5.4,Trace,Trace,Negative,Negative,1+,Normal,Negative,94-98,0,2-4,Rare,Nil,NIL,9.2,5.4,53.4,99.5,17,17,12.9,46.3,9472,31,31,2,8,0.7,3.41,4.46,0.75,0.16,0.03,428,7.5,10,0.19,20.6,0.4,0.82,0.07,0.29,165,51,46.9,70.5,352.5,80,3.2,0.92,1.09,0.2,0,0.2,53,12,29,21,7.2,4.7,2.5,1.88,0.6,19.2,8.9664,14.94,128,3.7,97,2.7,102.33,33,190,223,14.8,6,125.5,0.1,27.2,242.5,11.22,11.8,3.4,89,3,0.008,172,78,92,102
432377,GYAHD01ODK,413602,28/04/2019,09:15,10:42,Light Yellow,Clear,1.017,4.9,Trace,Negative,Trace,Negative,Negative,Normal,Negative,5-7,1,2-4,Nil,Nil,NIL,11.5,5.7,17.7,70.7,20,64,12.4,40.5,10436,42,18,3,3,0.3,7.56,2.48,0.53,0.56,0.01,109,7.2,15,0.22,28,1.5,0.41,0.74,0.29,193,25,218.5,62.7,313.5,154,7.7,8.74,0.11,0.6,0.1,0.5,82,43,15,100,5.3,4.7,0.6,7.83,0.6,7,3.269,5.45,123,2.3,107,3.1,114.86,131,249,380,34.47,8.7,202.99,0.6,889.3,97.4,913.04,8.8,3,89,16.6,1.89,83,74,118,82
476931,GYAHD08ODK,472916,28/04/2019,11:59,12:32,Light Yellow,Slightly cloudy,1.019,5.8,Trace,Negative,Negative,Negative,Negative,Normal,Negative,5-7,0,14-7,Nil,Nil,Parasites,16.3,4.9,12.3,65.5,33,132,13.5,39.5,10195,38,33,3,4,0,1.29,1.62,0.65,0.32,0.02,809,7.7,15,0.21,47.8,0.1,0.82,0.27,0.28,200,34,124.3,9.9,49.5,190,5.9,3.66,0.27,0.7,0.2,0.5,120,48,22,24,7.9,3,4.9,0.61,0.9,17,7.939,8.82,142,4.1,106,6.8,119.49,66,132,198,33.33,6.3,134.11,0.2,14.2,64.2,22.12,11.7,2.8,198,5.4,0.57,78,93,73,127
896846,MZLGI11BRC,605323,24/04/2019,09:00,09:34,Yellow,Slightly cloudy,1.014,6.4,Negative,Negative,Negative,Negative,Negative,Normal,Negative,8-9,2,2-4,Few,Nil,Yeast cells,1.2,4.4,31.3,52.1,2,3,12.9,47.2,8906,59,14,2,8,0,0.68,1.84,0.85,0.13,0.02,360,7.1,15,0.34,19.6,2.4,0.05,0.8,0.34,204,68,112.1,17,85,113,3,1.65,0.61,5.1,2.5,2.6,46,55,10,15,6,4.5,1.5,3,0.8,17.2,8.0324,10.04,123,2.5,114,6.3,104.76,198,273,471,42.04,5.9,122.63,0.3,495.5,23.9,2073.22,8.8,4.4,65,3,3.32,87,72,77,104
613684,GYAHD03ODK,763128,25/04/2019,11:09,12:20,Dark Yellow,Clear,1.016,6.6,Negative,Negative,Negative,Negative,Negative,Normal,Negative,8-10,1,2-4,Nil,Nil,Amorphous debris,19.7,4.9,10.4,74.1,40,189,11.9,45.7,9320,32,20,17,4,0.5,6.42,1.12,0.5,0.26,0.02,401,11.5,11,0.35,45.8,1.9,1.5,0.05,0.12,196,47,91.9,33.3,166.5,67,4.2,1.96,0.51,0.8,0.1,0.7,48,51,31,8,6.7,4.7,2,2.35,0.9,9.9,4.6233,5.14,153,4.5,108,3.9,113.17,165,94,259,63.71,8.3,191.51,0.8,23.2,125.9,18.43,8.8,4.6,128,10.8,1.59,102,112,87,122
936369,MZLGI14BRC,131825,24/04/2019,10:23,11:41,Straw,Clear,1.013,6.6,1+,Trace,Negative,Negative,Negative,Normal,Negative,1-3,0,3-2,Nil,Moderate,NIL,13.5,4.7,45.6,71,28,29,12.4,39.8,4391,39,26,6,8,0,2.4,1.09,0.34,0.42,0.01,317,10.6,15,0.06,13.4,2,0.37,0.21,0.4,194,52,74.3,55.5,277.5,104,3.7,1.43,0.7,0.8,0.3,0.5,84,28,37,34,6.7,4.5,2.2,2.05,0.7,24.8,11.5816,16.55,137,4,115,2.3,100.35,66,233,299,22.07,6.2,131.24,0.4,16.7,108.7,15.36,8.6,4.3,100,12.6,5.6,109,84,88,158
333433,KLTRS10ODB,563590,27/04/2019,11:11,12:34,Deep Amber,Slightly cloudy,1.028,4.9,Trace,Trace,Negative,Negative,Negative,Normal,Negative,8-9,1,1-3,Nil,Rare,NIL,15.7,5.7,37.1,98.6,27,42,13.3,45.7,6536,52,50,4,3,0,6.76,1.92,0.54,0.34,0.1,197,12.9,13,0.26,21.1,0.4,0.04,4.53,0.02,188,55,100,11.9,59.5,63,3.4,1.82,0.55,1,0.3,0.7,112,39,23,47,7.7,4.4,3.3,1.33,0.8,14,6.538,8.17,142,4.8,103,5.7,112.12,91,186,277,32.85,6.1,128.37,0.5,18.2,562.3,3.24,9.8,2.8,159,8.8,0.19,130,118,343,170
768597,KLTRS03KLP,502473,28/04/2019,07:00,08:00,Pale Yellow,Clear,1.019,6.8,Trace,2+,Trace,Negative,Negative,Normal,Negative,6-8,0,17-15,Nil,Nil,Yeast cells,14.8,5,44,74.3,29,33,12.3,41.8,8915,25,31,3,4,0,1.3,2.26,0.37,0.05,0.09,172,7.5,12,0.15,20.3,3.1,0.29,0.28,0.45,163,56,41.2,96.7,483.5,64,2.9,0.74,1.36,0.5,0.2,0.3,125,30,11,28,8.1,4.7,3.4,1.38,1,11.1,5.1837,5.18,105,3.8,102,6.4,106.29,93,111,204,45.59,6.3,134.11,2.3,22.1,233.5,9.46,11.4,4.9,146,4.8,0.23,98,138,144,65
732623,KLTRS09NLZ,842939,25/04/2019,10:22,10:53,Light Yellow,Hazy,1.019,4.8,1+,Trace,Negative,Negative,Negative,Normal,Negative,2-3,4,16-19,Rare,Nil,Mucus threads,8.1,8,39.6,94.5,10,20,12,45.2,4616,68,31,4,7,0,1.03,2.35,0.69,0.32,0.03,197,16.7,16,0.36,22.5,0.6,0,0.2,0.02,228,50,56.4,108.5,542.5,167,4.6,1.13,0.89,0.9,0.2,0.7,44,44,11,26,6.7,4.9,1.8,2.72,1,13.6,6.3512,6.35,142,3.6,108,4.2,90.03,100,187,287,34.84,6.2,131.24,0.2,27.2,41.4,65.7,9.7,2.6,175,9.4,1.06,101,119,61,126
497866,KLTRS04ODB,298648,27/04/2019,07:22,08:46,Pale Yellow,Slightly cloudy,1.015,5.9,Trace,Negative,Negative,Negative,Negative,Normal,Negative,3-4,0,1-2,Nil,Rare,NIL,17.6,5.4,31.3,74,32,56,12.1,37.2,4177,71,39,6,7,0,4,0.56,0.3,0.07,0.16,431,9.4,12,0.36,25.2,4.7,0.06,0.27,0.28,168,40,93.5,36.7,183.5,205,4.2,2.34,0.43,0.3,0,0.3,127,20,18,25,8,4,4,1,0.8,24.9,11.6283,14.54,145,3.5,106,5.7,35.54,124,135,259,47.88,12.7,317.79,1,13.2,87.6,15.07,11.5,4.6,197,3.6,0.98,83,184,89,170
294558,MZLGI06APK,463213,26/04/2019,11:01,11:52,Straw,Clear,1.011,5.1,Negative,Negative,Negative,Negative,Negative,Normal,Negative,63-66,57,3-2,Nil,Rare,Mucus threads,12.3,4.4,36.6,82.5,27,33,12.9,40,3623,31,26,3,3,0.4,2.05,2.15,0.62,0.29,0.05,342,11.9,11,0.35,12.4,1.5,0.3,0.02,0.13,197,49,94.8,35.2,176,88,4,1.93,0.52,0.3,0,0.3,129,9,10,25,6.4,3.8,2.6,1.46,1.1,7.8,3.6426,3.31,139,5,98,4.5,116.46,102,270,372,27.42,6.2,131.24,0.4,22.8,105,21.71,8.6,4.3,213,4,2.99,111,61,111,114
487573,KLTRS08NLZ,247152,25/04/2019,11:08,12:15,Pale Yellow,Clear,1.015,4.7,Trace,Trace,Negative,Negative,Negative,Normal,Negative,13-15,0,1-2,Nil,Nil,Parasites,14.4,4.4,51.9,99.5,32,27,12.1,42.2,9917,70,33,5,8,0,4.39,2.27,0.83,0.04,0.09,242,10.7,15,0.26,26,1.4,1.29,5.39,0.08,178,39,165.9,35.5,177.5,210,4.6,4.25,0.24,1,0.3,0.7,43,13,24,28,8,4.8,3.2,1.5,0.9,6,2.802,3.11,136,4.3,97,2.9,108.16,105,172,277,37.91,6.1,128.37,0.5,32.9,139.7,23.55,8.5,2.3,121,3.4,0.98,82,66,67,117
858206,KLTRS08WBD,327507,27/04/2019,10:59,12:01,Red,Clear,1.012,4.6,Trace,1+,Negative,Negative,Negative,Normal,Negative,7-9,1,3-3,Few,Nil,NIL,18.2,4.8,25.1,93.3,37,72,11.9,44.5,8732,57,44,13,2,0,6.05,0.26,0.8,0.29,0.09,585,11.5,9,0.33,14.4,3.4,0.3,0.62,1.13,186,42,91.3,109.4,547,151,4.4,2.17,0.46,0.8,0.2,0.6,47,99,24,34,6.2,4,2.2,1.82,1.8,10.5,4.9035,2.72,141,3.3,106,5.4,104.42,74,354,428,17.29,6.1,128.37,0.9,24.9,129,19.3,9.6,2.6,112,5.5,7.05,119,79,98,179
405602,MZLGI02MHP,234144,26/04/2019,11:30,12:13,Light Yellow,Hazy,1.01,6.9,Negative,Negative,Negative,Negative,Negative,Normal,Negative,6-7,1,3-4,Nil,Rare,Parasites,10.3,2.2,44.4,98.7,46,23,13.6,49.1,6038,43,42,3,3,0,8.45,5.1,0.5,0.47,0.05,388,10.5,14,0.38,26.7,4.1,0.35,1.65,0.43,173,54,68.1,16.9,84.5,136,3.2,1.26,0.79,0.8,0.3,0.5,44,40,25,37,7,4.9,2.1,2.33,1.1,16,7.472,6.79,136,3.8,104,4,108.34,103,260,363,28.37,5.7,116.89,0.7,15.9,96.8,16.43,10.1,3.5,164,3.7,0.76,100,78,79,73
744298,KLTRS08NLZ,738914,27/04/2019,10:32,11:06,Straw,Clear,1.019,5.5,Trace,Trace,Negative,Negative,Negative,Normal,Negative,49-54,0,6-17,Moderate,Rare,NIL,8.9,4.1,46.5,75.2,21,19,13.4,43.2,10464,67,28,6,8,0,7.94,1.25,0.52,0.2,0.09,100,8.5,16,0.31,25.1,3.7,0.24,0.3,3.22,187,49,76.3,58.6,293,69,3.8,1.56,0.64,0.5,0.1,0.4,92,109,31,18,7,3.5,3.5,1,1.2,16.1,7.5187,6.27,143,4.6,101,4.4,72.32,128,311,439,29.16,6.4,136.98,0.4,10.4,188.6,5.51,8.8,3.1,188,8.2,3.33,150,77,98,166
758925,GYAHD10ODK,984779,26/04/2019,08:10,09:37,Dark Yellow,Clear,1.014,6.9,1+,Trace,Negative,Negative,Negative,Normal,Negative,7-8,0,>20,Nil,Nil,NIL,13.8,4.6,49.6,63.4,30,27,13.4,40.7,9192,48,27,3,2,0,13.71,2.87,0.12,0.4,0.04,120,8.4,20,0.29,14.3,3.3,0.2,0.38,0.06,183,78,58.5,37.2,186,101,2.3,0.75,1.33,0.5,0.2,0.3,70,25,11,47,8.1,3.9,4.2,0.93,1,28.9,13.4963,13.5,139,3.7,111,5.5,119.36,149,197,346,43.06,7.2,159.94,0.8,18.6,126,14.76,8.9,4.6,233,2.3,1.92,83,87,85,122
674511,MZLGI09BRC,185330,25/04/2019,11:35,12:55,Light Yellow,Slightly cloudy,1.015,6.2,Trace,Negative,Trace,Negative,Negative,Normal,Negative,5-7,2,1-4,Rare,Rare,NIL,15.4,5.2,41.7,71,29,36,12.9,40.4,9164,39,24,2,4,0,5.78,0.13,0.44,0.33,0.11,267,11,17,0.38,37,4.7,0.09,3.91,3.19,168,40,67.3,38.7,193.5,60,4.2,1.68,0.59,0.6,0.1,0.5,185,48,31,43,5.8,4.4,1.4,3.14,0.6,7.2,3.3624,5.6,143,5.2,114,3.8,112.31,159,256,415,38.31,6.1,128.37,0.4,22.4,105.2,21.29,8.1,3.2,149,4.5,3.47,110,103,123,81
810518,GYAHD15ODK,615219,26/04/2019,08:01,09:24,Pale Yellow,Slightly cloudy,1.013,6.7,Negative,Negative,Negative,Negative,1+,Normal,Negative,2-4,2,1-2,Rare,Nil,Parasites,10.1,5.7,36.5,87.7,17,27,13.7,43,3293,50,33,1,5,0,2.17,0.89,0.2,0.16,0.01,131,7.7,17,0.22,34.1,0.1,0.27,0.24,0.23,156,56,92.8,43.5,217.5,157,2.8,1.66,0.6,1.2,0.2,1,56,19,16,34,6.8,5,1.8,2.78,0.8,39.3,18.3531,22.94,137,2.6,107,4.9,114.7,146,292,438,33.33,5.9,122.63,0.3,22.5,296.2,7.6,8.6,3.5,250,11.8,3.22,90,285,190,80
483260,GYAHD04JHJ,446864,26/04/2019,10:48,11:34,Yellow,Slightly cloudy,1.016,5.6,3+,2+,Negative,Negative,2+,Normal,Negative,76-81,2,1-4,Nil,Nil,NIL,13.4,5,31.1,91.7,26,43,13.9,43.4,7685,50,17,2,4,0,1.1,1.16,0.59,0.38,0.01,367,10.8,10,0.23,30,3.2,0.06,0.2,0.06,158,32,187.8,103.1,515.5,101,4.9,5.87,0.17,0.8,0.2,0.6,121,17,6,18,7.9,4.3,3.6,1.19,0.8,19.2,8.9664,11.21,139,2.5,104,6.1,113.58,159,327,486,32.72,6.2,131.24,0.8,146.4,66.8,219.16,9.4,5.4,62,8.2,2.92,103,114,94,249
625213,PBCHD08RJU,755330,27/04/2019,11:42,12:35,Straw,Opaque,1.014,4.5,Trace,Trace,Negative,1+,Negative,Normal,Negative,13-14,1,1-2,Nil,Nil,Amorphous debris,3,6.3,36.9,71.9,4,8,13.8,45.8,9554,52,41,3,5,0,3.85,1.21,0.97,0.36,0.03,449,7.4,16,0.56,12.3,4.9,2.1,0.39,0.16,173,55,89.9,27.6,138,90,3.1,1.63,0.61,0.6,0.1,0.5,99,8,16,34,6.7,4.4,2.3,1.91,1.2,9.9,4.6233,3.85,144,4.3,97,6.4,112.06,120,345,465,25.81,7.8,177.16,2,18.4,68.6,26.82,10,3.7,92,19.5,0.75,93,98,115,209
645523,PBCHD03CGD,688262,25/04/2019,07:34,08:07,Light Yellow,Clear,1.016,6.6,Trace,Negative,Negative,Negative,Negative,Normal,Negative,12-13,0,1-4,Few,Nil,Parasites,13.8,6,32.7,79.7,23,42,13.5,39.3,6010,60,37,1,2,0.7,17.15,1.87,0.5,0.01,0.04,351,14.9,15,0.52,31.7,2.6,0.37,0.14,0.86,233,52,95.8,22.7,113.5,150,4.5,1.84,0.54,0.8,0.3,0.5,58,23,18,33,8.2,4.7,3.5,1.34,0.8,216.8,101.2456,126.56,146,3.7,105,3.4,104.5,159,298,457,34.79,6.2,131.24,2.2,16.3,308.2,5.29,11.8,2.1,123,19.3,6.69,91,70,85,235
881575,PBCHD09PBM,502419,26/04/2019,06:45,07:41,Pale Yellow,Hazy,1.026,6.6,2+,Trace,Negative,Negative,Negative,3+,Negative,97-100,1,3-2,Nil,Nil,Amorphous debris,10,5,43.8,95.9,20,22,14.5,39.5,10719,58,27,5,8,1.6,3.64,1.12,0.07,0.38,0.09,362,8.2,14,0.32,45.9,1.1,1.86,0.32,0.34,194,53,112.9,33.2,166,220,3.7,2.13,0.47,16.2,11.7,4.5,82,35,35,79,7.8,5,2.8,1.79,0.9,18.8,8.7796,9.76,149,4,92,2.7,61.55,186,151,337,55.19,5.1,99.67,1,13,67.4,19.29,11.3,4.7,187,12.9,0.39,111,61,118,79
247098,GYAHD15KAU,924689,26/04/2019,10:34,11:49,Deep Amber,Slightly cloudy,1.019,6.5,Negative,Trace,Negative,Negative,Negative,Normal,Negative,2-3,1,2-2,Rare,Nil,NIL,18.4,4.1,29.9,46.2,44,61,14.8,41.8,4383,34,23,6,4,0,8.11,1.83,0.5,0.15,0.09,243,12.6,15,0.26,31.7,1.1,0.27,4.58,0.17,239,54,83,33.8,169,97,4.4,1.54,0.65,0.7,0.1,0.6,120,55,25,46,7,3.8,3.2,1.19,0.7,8.2,3.8294,5.47,148,5,112,5,52.58,160,349,509,31.43,9,211.6,0.7,12.5,137.5,9.09,11.8,2.6,203,11.7,3.45,115,121,350,264
583858,PBCHD08CGD,853581,25/04/2019,09:19,10:05,Light Yellow,Hazy,1.022,6.9,Negative,1+,Negative,Negative,Negative,Normal,Negative,1-2,2,3-4,Nil,Nil,NIL,12.8,4.5,44.6,74.1,28,28,12.9,39.9,6469,43,21,5,6,0,7.72,2.09,0.29,0.41,0.09,401,11.1,14,0.34,13.3,5.9,5.01,0.21,0.24,207,48,97.1,38,190,73,4.3,2.02,0.49,0.5,0.2,0.3,67,41,35,15,7.5,4.1,3.4,1.21,1.2,13.4,6.2578,5.21,149,3.6,109,3.8,92.16,157,132,289,54.33,6.1,128.37,0.6,20.7,122.5,16.9,12,2.2,63,12.1,3.16,82,88,173,155
974751,PBCHD10SKM,830880,28/04/2019,06:43,08:04,Red,Slightly cloudy,1.011,4.5,Negative,3+,Negative,Negative,Negative,Normal,Negative,8-10,0,2-2,Nil,Nil,NIL,10,4.8,31,42.6,20,32,13.1,42.7,9360,74,47,1,5,0,11.4,2.09,0.54,0.2,0.12,123,9.3,14,0.2,20.2,3.2,0.25,3.72,0.27,164,58,88.4,14.2,71,97,2.8,1.52,0.66,0.7,0.3,0.4,104,21,12,12,6.5,4.1,2.4,1.71,0.8,5.4,2.5218,3.15,140,5.6,102,5.2,74.67,100,277,377,26.53,5.9,122.63,35.8,18.1,428.9,4.22,11.6,2,84,10.5,3.53,71,253,108,85
463104,GYAHD09KLM,449016,27/04/2019,07:32,08:19,Light Yellow,Clear,1.022,4.6,Negative,Negative,Negative,Negative,Negative,Normal,Negative,5-6,0,1-2,Nil,Nil,NIL,15.8,5.9,54.2,89,26,29,12.1,44.1,2814,56,17,5,7,0,3.06,4.54,0.43,0.25,0.04,124,9.9,17,0.26,27,2.8,0.24,0.18,0.9,167,54,85.9,26,130,163,3.1,1.59,0.63,0.4,0,0.4,54,34,23,38,7.4,4.8,2.6,1.85,1.2,19.4,9.0598,7.55,135,3.6,103,3.6,95.18,146,112,258,56.59,5.8,119.76,0.8,16.9,255.8,6.61,10,5.7,195,6.2,0.36,87,60,82,207
649076,GYAHD03ODK,434314,28/04/2019,10:08,10:43,Light Yellow,Clear,1.012,5.5,Negative,Negative,Negative,Negative,Negative,Normal,Negative,11-12,0,1-3,Nil,Nil,NIL,15.3,5.1,13.3,98.3,30,115,13.2,42.8,9773,79,34,3,5,0,0.42,2.31,0.4,0.47,0.06,266,12,16,0.14,24.8,0.1,0.36,0.01,0.04,151,33,137.7,36.2,181,111,4.6,4.17,0.24,0.5,0,0.5,96,45,23,9,7.4,3.7,3.7,1,1.2,25.3,11.8151,9.85,91,4.9,101,2.7,115.34,201,254,455,44.18,5.9,122.63,0.8,27.4,126.4,21.68,10.2,3.5,254,18.3,3.76,122,70,273,126
618769,KLTRS10ODB,717374,25/04/2019,11:54,12:41,Pale Yellow,Clear,1.018,4.8,Negative,Negative,Negative,Negative,Negative,Normal,Negative,8-9,0,8-9,Nil,Nil,Mucus threads,16.5,5.1,37,76.3,32,44,12.5,41.2,9827,59,25,4,7,0,5.65,1.47,0.38,0.09,0.05,234,10.1,11,0.24,20.7,4.4,0.09,0.64,0.12,235,20,111.7,57.4,287,79,11.8,5.59,0.18,0.8,0.2,0.6,111,31,37,45,8.3,4,4.3,0.93,0.6,16.2,7.5654,12.61,147,5.1,92,4,95.34,86,187,273,31.5,8.7,202.99,2.3,25.3,192.1,13.17,8.7,4.9,175,11.1,1.76,75,84,70,121
868902,MZLGI13RJK,456747,26/04/2019,09:42,11:04,Pale Yellow,Clear,1.018,5.1,Trace,Trace,Negative,Negative,Negative,Normal,Negative,6-8,1,2-2,Rare,Nil,Parasites,10,4,49.6,94.5,25,20,11.9,43.5,8412,49,40,6,4,0,10.79,4.99,0.34,0.03,0.15,115,9.5,22,0.15,12.6,0.1,0.02,0.51,0.55,227,55,174.6,8.3,41.5,96,4.1,3.17,0.32,0.4,0,0.4,57,12,16,15,5.6,4.4,1.2,3.67,0.9,30.3,14.1501,15.72,144,4.8,97,4.9,62.21,102,130,232,43.97,6.1,128.37,0.5,10.7,81.8,13.08,10.8,5.6,107,6.4,2.31,104,88,76,141
816253,PBCHD07CGD,458802,26/04/2019,08:05,09:33,Straw,Slightly cloudy,1.01,5.7,1+,Trace,Negative,Negative,Negative,Normal,Negative,TNTC,1,1-3,Nil,Few,NIL,17.4,5.2,49.7,95.5,33,35,13.8,39.8,6962,53,42,4,4,0,2.12,1.49,0.39,0.11,0.08,450,7.3,17,0.24,14.9,0.1,0.56,0.15,0.81,191,39,91.5,12.2,61,137,4.9,2.35,0.43,0.7,0.3,0.4,111,32,15,43,6.8,4.3,2.5,1.72,0.9,11.2,5.2304,5.81,141,4.6,92,3.8,93.52,61,238,299,20.4,6.3,134.11,0.8,27.2,83.3,32.65,10.1,3.3,248,20.4,0.87,99,99,122,103
577390,MZLGI15APK,333605,24/04/2019,09:37,10:24,Light Yellow,Clear,1.013,4.5,Negative,Trace,Negative,Negative,Negative,Normal,Negative,30-31,2,3-3,Rare,Nil,NIL,16.6,5.7,34,45.1,29,48,11.6,44.3,5592,51,39,10,6,0.2,5.93,1.86,0.35,0.04,0.08,133,11.9,13,0.33,29.8,3,0.62,0.16,6.58,174,72,97.8,8.4,42,127,2.4,1.36,0.74,0.8,0.1,0.7,69,29,22,28,8.2,3.8,4.4,0.86,0.9,17.8,8.3126,9.24,105,4.1,106,2.9,110.83,61,151,212,28.77,5.7,116.89,0.6,26.1,21.6,120.83,9.1,4.3,106,3.5,0.15,124,91,92,94
881651,MZLGI05MHP,355860,25/04/2019,10:47,11:41,Yellow,Hazy,1.03,6.7,Trace,Negative,Negative,Negative,Negative,Normal,Negative,TNTC,11,1-3,Few,Nil,Artifacts,20.7,2.6,52.5,62.6,79,39,14.3,41.7,9664,51,28,4,3,0.3,3.07,6.24,0.47,0.34,0.03,100,14.5,14,0.47,34.2,1.5,0.13,0.2,6.27,135,40,61.3,10.3,51.5,107,3.4,1.53,0.65,0.8,0.2,0.6,69,35,13,31,7.8,4.8,3,1.6,1.1,6.2,2.8954,2.63,136,3.9,105,2.2,93.51,159,317,476,33.4,8.1,185.77,0.6,10.3,36,28.61,10.2,3.4,87,9.9,1.22,96,86,103,164
956336,MZLGI11RJK,849163,26/04/2019,09:15,10:25,Orange,Slightly cloudy,1.02,6.1,Negative,1+,Negative,Negative,Trace,Normal,Negative,10-11,2,3-3,Nil,Nil,Parasites,14.1,5.9,47.7,94.4,23,29,12.8,41,9049,56,47,3,2,0,5.41,3.84,0.23,0.52,0.04,407,10.3,20,0.11,24.7,1.8,0.08,0.03,0.01,150,41,135,32.3,161.5,126,3.7,3.29,0.3,0.6,0.1,0.5,73,34,26,76,8.3,3.9,4.4,0.89,1,8,3.736,3.74,122,3.8,96,3.7,119.63,141,315,456,30.92,6,125.5,0.8,12,106.3,11.29,9.4,5.2,133,5.5,0.07,121,104,61,279
474675,PBCHD03RJU,471258,27/04/2019,09:31,10:26,Deep Amber,Clear,1.015,5.9,2+,Negative,Negative,Negative,Negative,Normal,Negative,TNTC,0,1-3,Nil,Nil,NIL,13.5,5.4,48.2,73.6,25,28,12.2,44.6,10829,37,43,4,6,0,10.64,1.77,0.27,0.26,0.03,160,15.1,13,0.29,18.5,3.3,0.33,0.6,0.11,171,54,71.5,7.1,35.5,172,3.2,1.32,0.76,1.1,0.1,1,114,44,16,18,6.3,4.8,1.5,3.2,1.2,10.7,4.9969,4.16,138,3.1,88,3.3,78.02,103,317,420,24.52,6.4,136.98,0.1,12.4,67.4,18.4,10.4,4.5,144,4.3,0.64,103,126,72,72
617990,GYAHD02KLM,781021,28/04/2019,06:17,07:45,Pale Yellow,Slightly cloudy,1.016,4.6,Negative,1+,Negative,Negative,Negative,Normal,Negative,6-8,1,3-4,Nil,Nil,Amorphous debris,12.1,4.7,54.4,81.9,25,22,12.6,29.7,9019,43,22,2,8,0.4,3.06,2.48,0.8,0.1,0.04,236,7.2,11,0.35,19,7.5,0.11,0.27,0.24,171,77,125.5,21.5,107.5,134,2.2,1.63,0.61,0.7,0.3,0.4,104,41,13,25,6,3.7,2.3,1.61,1.4,37.8,17.6526,12.61,126,2.8,106,5.2,74.81,128,225,353,36.26,8.8,205.86,0.6,17.7,93,19.03,9.4,5.8,104,7.2,0.58,87,89,113,85
369768,KLTRS14KLP,657916,27/04/2019,07:16,07:54,Straw,Clear,1.02,6,Negative,Trace,Negative,1+,Negative,Normal,Negative,TNTC,1,3-2,Nil,Nil,NIL,18.3,5.9,13.5,87,31,135,13.6,45.9,5594,37,18,5,3,0,9.17,2.63,0.21,0.27,0.25,185,11.1,17,0.38,33.1,1.8,5.85,0.32,0.24,213,24,116.2,32.4,162,190,8.9,4.84,0.21,1,0.3,0.7,49,41,24,37,7.8,4.4,3.4,1.29,0.9,18.3,8.5461,9.5,131,2.6,98,3.6,111.17,152,324,476,31.93,5.9,122.63,0.9,12.8,237.3,5.39,9.2,4,71,7.1,3.16,138,156,105,233
446911,MZLGI06BRC,149017,24/04/2019,10:22,11:00,Green,Clear,1.011,4.8,Negative,Negative,Negative,1+,Negative,Normal,Negative,7-8,2,1-3,Nil,Nil,Artifacts,13.5,6,16.5,57.1,22,81,13.9,43.4,6591,52,48,8,3,0,5.53,2.56,0.47,0.27,0.06,295,12,16,0.17,37.9,3.3,0.31,0.06,0.02,183,45,169.8,54,270,140,4.1,3.77,0.27,0.9,0.3,0.6,111,25,17,15,6.1,5,1.1,4.55,0.7,18.4,8.5928,12.28,142,4.3,107,2.5,90.37,62,322,384,16.15,5.8,119.76,0.2,26.1,120.6,21.64,9.4,4,273,3.8,2.14,105,98,80,134
629341,PBCHD05MHS,222818,26/04/2019,11:30,12:23,Light Yellow,Clear,1.016,5.6,1+,Trace,Negative,Negative,Negative,Normal,Negative,11-13,0,3-3,Nil,Nil,NIL,9.4,5.4,50.5,99.7,17,18,9,42.8,8302,56,25,3,7,0,14.81,3.67,0.33,0.32,0.07,253,7.2,8,0.15,45,6.4,0.21,1.95,0.27,133,52,70.9,12.5,62.5,99,2.6,1.36,0.73,0.8,0.3,0.5,99,43,16,27,7,3.8,3.2,1.19,0.8,22,10.274,12.84,149,4.5,102,4.1,104.9,147,265,412,35.68,5.8,119.76,0,11.2,73.6,15.22,8.3,2.9,174,8.5,1.14,86,68,102,256
339281,PBCHD11PBM,248204,24/04/2019,10:32,11:46,Straw,Clear,1.013,6.7,Negative,Trace,Negative,Negative,Negative,Normal,Negative,TNTC,1,10-7,Nil,Nil,Amorphous debris,15.7,4.6,30,81.6,34,52,12.2,42.1,5840,51,23,2,5,0,4.29,2.14,0.51,0.17,0.02,959,7.9,16,0.15,14.5,0.1,0.11,0.09,0.28,794,41,119.4,5.4,27,211,19.4,2.91,0.34,0.7,0.3,0.4,64,30,21,26,6.3,4.9,1.4,3.5,1,17,7.939,7.94,135,4.2,105,3.2,104.76,139,194,333,41.74,5.9,122.63,0.9,176.4,27.5,641.45,9.5,4.8,49,6.1,0.008,92,81,63,61
921056,MZLGI13RJK,920773,24/04/2019,07:21,08:47,Straw,Clear,1.03,4.4,Negative,Trace,Negative,Negative,Negative,Normal,Negative,TNTC,2,2-4,Few,Nil,NIL,14.9,4.4,46.3,95.3,33,32,14.3,43.5,9029,50,15,4,6,5.1,1.95,3.7,0.74,0.02,0.01,443,8.6,11,0.35,15.1,2.8,0.06,0.23,3.49,236,61,98.7,32.2,161,192,3.9,1.62,0.62,2.4,0.3,2.1,72,14,15,46,6.8,5,1.8,2.78,0.5,19.1,8.9197,17.84,142,4.8,105,4.9,104.24,82,238,320,25.63,6.3,134.11,0.9,13.5,141.7,9.53,9.9,3.1,110,3.3,3.94,71,98,121,92
561425,KLTRS08NLZ,990356,27/04/2019,07:09,08:11,Straw,Slightly cloudy,1.013,6.2,Trace,Trace,Negative,Negative,Negative,Normal,Negative,4-6,0,3-2,Nil,Nil,Parasites,16,5.5,48.9,52,29,32,13.6,48.1,16130,63,26,2,5,0,18.46,1.12,0.43,0.53,0.08,112,7.8,15,0.21,30.1,0.5,0.34,0.2,4.1,152,41,93.4,46.8,234,170,3.7,2.28,0.44,0.8,0.2,0.6,103,12,32,29,7.7,4,3.7,1.08,0.9,7.8,3.6426,4.05,148,3.8,101,2.1,100.91,117,162,279,41.94,7.3,162.81,0.2,19,217.3,8.74,11.6,6,67,7.6,2.08,147,78,97,77
577542,MZLGI06APK,730706,26/04/2019,08:31,09:15,Orange,Hazy,1.012,6.3,Negative,Trace,Negative,Negative,Negative,Normal,Negative,17-18,0,1-4,Nil,Nil,Parasites,10.5,6,34.1,91.5,17,30,12.9,43.7,24970,57,37,2,14,0,1.35,2.15,0.31,0.1,0.09,212,8.9,19,0.44,33.5,2.5,0.9,2.88,0.07,203,52,121.4,27,135,150,3.9,2.33,0.43,1.2,0.3,0.9,64,17,19,31,6.2,5,1.2,4.17,0.9,15.7,7.3319,8.15,137,4.8,107,5.5,91.7,80,360,440,18.18,7.1,157.07,0,18.4,131.9,13.95,10.1,4.1,109,5.3,2.31,133,70,78,114
489466,KLTRS10MLT,913510,28/04/2019,09:35,10:14,Pale Yellow,Slightly cloudy,1.017,5,Trace,Negative,Negative,Negative,Negative,Normal,Negative,1-2,2,1-4,Rare,Nil,Parasites,20.1,5.2,62.9,96.9,38,31,12.7,39.3,6538,49,41,2,10,0,9.34,1.82,0.96,0.28,0.09,156,7.1,6,0.22,34.1,0.1,0.31,4.2,0.07,225,47,75.3,14.2,71,138,4.8,1.6,0.62,0.7,0.3,0.4,80,43,10,44,8,3.6,4.4,0.82,0.6,205.3,95.8751,159.79,134,4.7,96,2,117.34,119,359,478,24.9,6.2,131.24,18.2,17.5,296.8,5.9,11,3.9,299,14.7,0.68,125,179,89,144
552326,GYAHD11ODK,428995,25/04/2019,06:46,07:29,Yellow,Clear,1.018,5.1,Trace,Negative,3+,Negative,Negative,Normal,Negative,10-12,0,3-3,Nil,Nil,Amorphous debris,8.5,4,52.5,76.5,21,16,12.2,36.9,7621,78,36,6,5,0,1.75,2.15,0.28,0.19,0.16,98,8.1,14,0.25,19.9,0.8,0.06,0.99,0.02,196,58,74.4,19.7,98.5,64,3.4,1.28,0.78,1.9,0.9,1,128,37,12,16,6.4,4,2.4,1.67,1,7.1,3.3157,3.32,139,1.7,96,2.9,100.71,126,226,352,35.8,5.9,122.63,0.2,10.8,105.9,10.2,10.5,4,159,22.7,11.87,102,72,92,170
528698,PBCHD09NLM,817633,27/04/2019,10:33,11:37,Pale Yellow,Clear,1.015,6.9,Trace,Negative,Negative,Negative,Negative,Normal,Negative,10-11,1,2-2,Nil,Nil,Parasites,16.6,5.6,54.8,51,29,30,14.5,46.1,4131,45,55,5,4,0,8.52,1.89,0.59,0.23,0.04,408,11.2,27,0.06,14.1,1.2,0.92,3.45,3.54,225,55,109.8,21.1,105.5,151,4.1,2,0.5,0.9,0.2,0.7,78,10,21,21,7.8,3.4,4.4,0.77,0.9,22.4,10.4608,11.62,144,3.7,81,1.8,110.8,83,303,386,21.5,6.2,131.24,0.3,11.8,72.4,16.3,8.4,5.6,173,4.9,2.91,73,106,95,63
456803,PBCHD14HPP,618974,27/04/2019,11:57,12:45,Red,Hazy,1.027,5,Trace,Trace,Negative,Negative,Negative,Normal,Negative,5-6,2,2-2,Few,Few,Amorphous debris,13.9,5.7,53.3,87.1,24,26,12.9,44.6,10979,65,37,1,16,0,4.34,2.54,0.29,0.94,0.02,318,11.2,17,0.34,16,4.9,0.38,0.91,0.15,187,44,72.6,33.9,169.5,188,4.3,1.65,0.61,0.8,0.2,0.6,109,8,30,32,6.5,3.6,2.9,1.24,1.1,29,13.543,12.31,149,3,107,1.2,109.01,132,299,431,30.63,5.9,122.63,0,28.6,76.3,37.48,10.7,5.1,187,10.6,2.04,94,120,88,226
400827,GYAHD13JHJ,498409,27/04/2019,10:25,11:21,Straw,Cloudy,1.012,6.7,Negative,Trace,Negative,Negative,Negative,Normal,Negative,5-6,0,2-3,Few,Rare,Fat droplets or lipiduria,9.8,4.5,17.9,83.1,21,54,12.5,45.1,6566,37,19,2,3,0,9.65,2.84,0.68,0.16,0.01,169,7.6,16,0.38,34,1.4,0.38,0.19,0.01,164,58,86.8,49.9,249.5,142,2.8,1.5,0.67,0.2,0,0.2,87,43,37,25,7.3,4.5,2.8,1.61,0.7,19.9,9.2933,13.28,113,3.1,82,4.3,104.96,205,172,377,54.38,6.1,128.37,0.9,26.4,140.6,18.78,11.7,3.8,206,5.2,4.2,121,97,87,60
140222,PBCHD15HPP,994778,25/04/2019,10:51,11:34,Yellow,Slightly cloudy,1.011,6.5,Negative,Negative,Negative,Negative,Negative,Normal,Negative,13-14,1,2-4,Rare,Nil,NIL,9.1,4.7,41.3,92.6,19,22,13.6,44.3,8051,59,49,5,4,0,12.45,2.64,0.49,0.07,0.05,132,16.5,16,0.28,23.7,1.7,0.77,0.31,3.69,168,79,79.2,26.4,132,121,2.1,1,1,0.9,0.2,0.7,109,13,14,23,6,4.3,1.7,2.53,1,16.7,7.7989,7.8,124,4.2,114,2.1,85.79,173,188,361,47.92,7.4,165.68,0.7,21.5,88.6,24.27,9,3.6,166,15.5,9.41,103,63,103,135
161091,KLTRS08MLT,148090,26/04/2019,07:08,08:01,Pale Yellow,Clear,1.014,6.3,Negative,Trace,Negative,Negative,Negative,Normal,Negative,9-11,1,>20,Few,Nil,NIL,3.4,5.4,21.4,81,6,15,12.2,45,6752,51,24,5,5,0,2.26,1.38,1.18,0.08,0.07,148,10.4,11,0.24,28,4.8,0.03,0.19,0.61,193,62,77.7,17,85,128,3.1,1.25,0.8,0.8,0.3,0.5,63,34,15,39,4.5,4.8,-0.3,-16,0.9,14.6,6.8182,7.58,136,3.8,101,4.6,95.2,96,258,354,27.12,15.2,389.54,0.6,234.6,195.5,120,8.5,2.9,153,16.8,5.81,105,99,76,116
623388,KLTRS01WBD,131291,27/04/2019,08:35,10:02,Straw,Clear,1.013,6.6,3+,Trace,Negative,Negative,Negative,Normal,Negative,3-5,2,1-4,Nil,Nil,Fungal elements,8.4,5.8,13.6,70.5,14,61,13.1,45.1,20736,40,27,2,2,0,8.61,7.98,0.67,0.26,0.14,282,12,17,0.23,23.1,2.7,0.28,0.21,0.22,163,80,70.5,28,140,60,2,0.88,1.13,0.3,0.1,0.2,59,45,38,17,6.6,4.9,1.7,2.88,0.8,13.7,6.3979,8,140,4.3,106,9.9,33.49,153,346,499,30.66,6.3,134.11,0.5,23.8,86.2,27.61,9.1,5.9,159,11.4,0.45,122,67,172,197
213545,PBCHD08PBM,187655,26/04/2019,06:44,07:33,Pale Yellow,Slightly cloudy,1.018,6.9,3+,Negative,Negative,Negative,Negative,Normal,Negative,11-13,1,5-14,Nil,Nil,NIL,13.6,5.5,39.6,97.2,24,34,12.2,26.1,2064,53,15,8,6,0,5.25,0.82,0.38,0.5,0.03,62,7.5,17,0.27,24.4,6.9,0.14,0.08,0.44,231,45,74.5,23.1,115.5,196,5.1,1.66,0.6,0.8,0.3,0.5,91,52,43,31,7.1,4.2,2.9,1.45,0.4,11.7,5.4639,13.66,149,3.7,100,4.7,95.02,141,310,451,31.26,8.5,197.25,0.1,205.4,28,733.57,8.8,6.1,122,12.2,1.69,109,95,67,137
396945,PBCHD02KLC,241971,28/04/2019,10:34,11:49,Straw,Clear,1.018,4.5,1+,Trace,Negative,Negative,Negative,Normal,Negative,TNTC,2,3-4,Nil,Nil,NIL,5.3,6.2,11.3,98,8,46,14.3,39,7768,65,30,1,8,0,8.65,2.02,0.95,0.22,0,177,7.8,10,0.2,18.4,1.4,0.22,0.95,6.81,161,50,73.7,7.9,39.5,183,3.2,1.47,0.68,0.3,0,0.3,47,39,24,24,6.3,4.9,1.4,3.5,1,15.9,7.4253,7.43,143,4,114,2.2,101.51,77,239,316,24.37,6.1,128.37,0.1,137,45.7,299.78,10.8,5.1,283,14,2.83,98,91,86,182
163223,PBCHD04SKM,369187,24/04/2019,11:51,13:04,Pale Yellow,Clear,1.013,4.9,Negative,4+,Negative,Negative,Negative,Normal,Negative,13-14,0,13-10,Rare,Rare,NIL,15.3,4.7,34.7,86.6,32,44,13.3,27.3,4257,49,22,4,2,0.9,3.51,1.2,0.33,0.39,0.14,165,8.9,20,0.2,20.7,3,0.2,0.28,0.16,163,79,133.8,88.7,443.5,84,2.1,1.69,0.59,0.8,0.1,0.7,303,38,14,27,7.3,5,2.3,2.17,0.8,57.7,26.9459,33.68,149,4.4,101,4.2,90.56,165,335,500,33,12.3,306.31,0.7,11.7,105.1,11.13,9.2,4.7,113,12.3,0.76,104,101,99,95
122283,KLTRS03ODB,852258,26/04/2019,09:21,10:07,Yellow,Clear,1.013,6.1,Trace,Trace,Negative,Negative,Negative,Normal,Negative,22-27,1,2-2,Nil,Nil,NIL,17.7,4.7,35.3,75,37,50,14.5,42.7,10151,40,31,6,8,0,4.89,4.2,0.31,0.24,0.17,752,8.4,14,0.37,26,2.1,0.12,0.16,0.22,150,37,92.1,32.9,164.5,155,4.1,2.49,0.4,0.6,0.2,0.4,94,18,14,27,7.6,5,2.6,1.92,1.2,10.4,4.8568,4.05,135,5,108,5.4,68.92,72,291,363,19.83,6.2,131.24,0.8,18.6,63.8,29.15,10.2,4.5,107,19.2,2.96,109,90,107,66
421558,PBCHD15NLM,548332,25/04/2019,07:07,08:19,Deep Amber,Clear,1.019,5.6,Trace,Trace,Negative,3+,Negative,Normal,Negative,TNTC,1,1-2,Nil,Nil,NIL,17.7,4.2,33.1,61,42,53,13.7,44.3,2797,58,18,6,4,0,6.19,2.88,0.81,0.1,0.02,202,8.8,12,0.38,23.9,4.6,0.11,0.41,0.2,203,44,83.4,18.6,93,74,4.6,1.9,0.53,0.5,0.2,0.3,46,52,36,14,6.8,4.3,2.5,1.72,0.8,16.3,7.6121,9.52,137,4.2,113,2.5,65.13,143,318,461,31.02,5.8,119.76,0.6,155.7,71,219.3,10.8,4,136,17.9,2.18,93,88,85,65
816968,GYAHD15KAU,532047,26/04/2019,09:02,10:11,Pale Yellow,Slightly cloudy,1.029,6,Trace,Trace,Negative,Negative,Negative,Normal,Negative,4-5,2,1-3,Nil,Nil,Fat droplets or lipiduria,13.3,4.7,31.2,79.5,28,42,13.8,45.9,9266,55,31,19,6,0,0,3.53,0.34,0.28,0.04,110,11.2,12,0.26,28.1,1.3,0.22,0.77,0.08,207,53,208.9,23.6,118,171,3.9,3.94,0.25,0.2,0,0.2,48,31,33,48,6.1,4.9,1.2,4.08,0.7,7.5,3.5025,5,145,4.6,102,3.6,112.59,144,314,458,31.44,6.4,136.98,0.3,12.6,78.7,16.01,11.2,4.4,199,7,3.12,78,86,85,62
507311,GYAHD07JHJ,911588,28/04/2019,08:25,09:34,Straw,Milky,1.011,4.7,Negative,Negative,Negative,Negative,Negative,Normal,Positive,6-8,0,3-4,Nil,Nil,Fat droplets or lipiduria,10.8,4.1,36.4,72,26,29,12.9,40.9,9994,72,46,5,2,0,0.63,3.74,0.32,0.11,0.15,343,17.4,17,0.23,26.2,0.2,0.28,0.23,0.62,143,79,103.5,21.6,108,110,1.8,1.31,0.76,0.3,0,0.3,41,42,39,35,7.6,3.5,4.1,0.85,0.7,229.3,107.0831,152.98,135,5.8,114,6.8,98.32,76,182,258,29.46,10,240.3,0.8,91.8,337.4,27.21,12.7,3.6,196,5.3,10.8,91,93,250,128
941217,MZLGI15RJK,561792,25/04/2019,08:48,09:19,Light Yellow,Slightly cloudy,1.011,7,Negative,Negative,Negative,2+,Negative,Normal,Negative,12-13,2,1-4,Nil,Nil,NIL,15.9,4.9,39.9,84.2,32,39,12.5,44.1,8854,50,17,4,7,0,2.73,2.6,0.3,0.17,0,419,16.3,13,0.43,22,1.6,0.79,0.13,2.62,175,45,86.4,23.3,116.5,156,3.9,1.92,0.52,0.8,0.1,0.7,68,12,13,15,6.5,3.5,3,1.17,0.7,12.3,5.7441,8.21,135,4.2,107,5.5,118.05,99,180,279,35.48,5.9,122.63,0.2,23.5,99.1,23.71,9.6,2.9,83,5.4,2.76,118,94,94,97
603151,PBCHD03MHS,519853,28/04/2019,09:25,10:50,Dark Yellow,Clear,1.011,5.8,Negative,Negative,1+,Negative,Negative,Normal,Negative,12-14,0,3-4,Nil,Nil,NIL,9,4.9,31.9,95.9,18,28,11.6,41.4,4950,43,29,4,2,0,1.99,0.84,0.78,0.16,0.02,126,7.3,16,0.54,31.7,4.5,1.85,0.3,0.37,180,43,74.8,17.9,89.5,130,4.2,1.74,0.57,0.8,0.1,0.7,102,7,32,28,7.4,3.9,3.5,1.11,0.6,8,3.736,6.23,128,3,113,5.7,73.91,213,279,492,43.29,6.3,134.11,0.7,17.2,147.3,11.68,10.2,3.7,183,11.2,2.92,143,66,89,137
331248,KLTRS10TSS,412410,26/04/2019,06:07,07:24,Light Yellow,Clear,1.004,7,Negative,Negative,Negative,Negative,Negative,Normal,Negative,8-9,1,3-4,Nil,Nil,NIL,6,3.5,32.6,96.3,17,18,14,45.8,6009,36,20,3,20,0,9.47,1.42,0.12,0.11,0.12,164,8.9,13,0.2,15.6,4.3,0.21,0.11,0.12,195,45,93.9,20,100,114,4.3,2.09,0.48,0.3,0,0.3,105,17,26,40,7.9,3.6,4.3,0.84,1.2,7.1,3.3157,2.76,138,3.7,104,3.8,103.65,100,152,252,39.68,6.8,148.46,0.3,12.1,62.2,19.45,10.4,2.9,85,3.8,1.84,80,87,70,108
761396,KLTRS15WBD,939217,26/04/2019,08:26,09:26,Green,Clear,1.02,6.5,Negative,3+,Negative,Negative,Negative,Normal,Negative,3-5,2,2-2,Nil,Nil,Mucus threads,17.3,4.8,23.6,75.3,36,73,13,27.3,6301,47,30,5,4,0,0.45,1.72,0.97,0.42,0.3,260,12,10,0.23,30.2,2.9,0.02,0.33,0.4,179,49,133.5,17.7,88.5,208,3.7,2.72,0.37,0.2,0,0.2,201,29,18,43,7.2,4.9,2.3,2.13,1.1,9.2,4.2964,3.91,139,4.7,109,4.9,107.38,131,171,302,43.38,5.7,116.89,0.2,14.9,28.9,51.56,9,4.6,350,10.8,9.56,134,95,76,137
136619,GYAHD05KAU,824316,25/04/2019,06:39,07:37,Pale Yellow,Clear,1.009,5.3,Trace,Trace,Negative,Negative,Negative,Normal,Negative,5-7,0,2-2,Moderate,Nil,NIL,15.9,4.2,45,45,37,35,13,32.9,10038,33,45,5,6,0,0.86,2.1,0.75,0.48,0.19,293,7.6,11,0.3,27.5,0.8,0.23,2.17,0.1,221,38,95.2,32.9,164.5,196,5.8,2.51,0.4,3.9,0.2,3.7,80,55,11,29,7.7,4.5,3.2,1.41,0.8,34.5,16.1115,20.14,142,4.8,78,4.5,99.91,198,173,371,53.37,6.2,131.24,0.2,144.4,140.6,102.7,7.8,4,314,16.9,3.02,70,191,117,102
672934,MZLGI02RJK,561947,24/04/2019,08:21,09:33,Light Yellow,Slightly cloudy,1.012,4.9,1+,Negative,Negative,Negative,Negative,1+,Negative,TNTC,1,3-4,Nil,Nil,NIL,14.2,5.5,23.4,96.5,25,60,12.2,41.7,14135,53,13,6,1,0,1.65,2.04,0.23,0.17,0.08,421,7.6,12,0.16,21.9,4.5,2.34,0.02,4.74,178,32,123.1,38.1,190.5,185,5.6,3.85,0.26,0.6,0,0.6,101,16,14,38,7.1,4.6,2.5,1.84,0.8,6.9,3.2223,4.03,136,1.9,107,3.2,90.66,64,260,324,19.75,8,182.9,0.3,11.5,268.9,4.28,10.2,4.6,140,14.3,4.47,119,77,90,144
407957,GYAHD09ODK,258766,24/04/2019,07:42,09:10,Pale Yellow,Hazy,1.016,4.6,2+,2+,Negative,Negative,Negative,Normal,Negative,31-34,2,1-4,Nil,Few,NIL,13.3,6.8,44.2,96.1,19,30,13.2,42.1,6144,54,36,1,4,0,6.78,1.72,0.44,0.32,0.04,163,8.5,11,0.32,31.7,3.6,0.28,0.9,0.37,195,23,95.9,34.7,173.5,89,8.5,4.17,0.24,0.5,0,0.5,109,51,22,14,7.5,4,3.5,1.14,1.2,9.1,4.2497,3.54,136,5.8,113,3,100.76,161,141,302,53.31,6.1,128.37,0.1,15.8,92.4,17.1,12.5,4.6,73,20.5,2.39,80,77,240,287
748083,PBCHD10MHS,166881,24/04/2019,11:29,12:55,Yellow,Clear,1.01,6.7,Trace,Trace,Negative,Negative,Negative,Normal,Negative,3-5,0,2-2,Nil,Few,NIL,9.2,5.9,45.3,99,15,20,14.3,39.7,10382,67,47,2,7,0.2,1.46,2.36,0.6,0.28,0.1,391,7.7,16,0.26,49,3.7,0.13,0.19,0.24,232,56,132.7,19.2,96,173,4.1,2.37,0.42,0.5,0,0.5,57,43,31,39,8,4.5,3.5,1.29,0.7,13.9,6.4913,9.27,141,3.7,107,2.3,96.97,85,221,306,27.78,7,154.2,0.7,21.5,100.4,21.41,10.3,4.6,128,12.9,1.15,85,173,91,119
177134,MZLGI14BRC,590008,24/04/2019,10:55,12:02,Dark Yellow,Clear,1.02,4.9,Trace,Trace,Negative,Negative,Negative,Normal,Negative,11-12,0,1-2,Nil,Nil,NIL,11.9,4.7,47.2,77.9,25,25,11.8,42.9,10034,70,46,8,7,0,4.16,2.23,0.51,0.58,0.08,186,17.4,12,0.33,35.3,4.1,0.27,0.19,0.18,233,33,87.6,18.7,93.5,134,7.1,2.65,0.38,0.7,0.3,0.4,51,32,21,16,7,4.6,2.4,1.92,0.8,13.4,6.2578,7.82,141,4.9,113,5.1,58.61,123,130,253,48.62,6.6,142.72,0.8,18.6,109.8,16.94,9.9,4.3,123,9.1,4,162,175,97,166
431877,PBCHD11PBM,341337,25/04/2019,11:18,12:40,Pale Yellow,Hazy,1.026,5.4,Trace,1+,Negative,Negative,Negative,Normal,Negative,4-5,1,2-4,Nil,Few,Fungal elements,11.9,4.6,47.5,74.6,25,25,12.8,42.8,7199,58,52,2,6,0,6.11,3.21,0.73,0.11,0.09,128,11.9,17,0.17,33.2,4,0.38,0.28,0.35,234,58,84.1,6.9,34.5,137,4,1.45,0.69,0.5,0.1,0.4,87,54,10,11,6.2,3.5,2.7,1.3,0.9,9.9,4.6233,5.14,141,3.9,101,6.6,76.61,125,250,375,33.33,5.9,122.63,19.7,21.7,53.9,40.26,10,3.3,68,9.8,3.91,145,81,86,176
188534,MZLGI08BRC,298801,26/04/2019,08:01,08:43,Dark Yellow,Cloudy,1.011,6.1,Trace,Negative,Negative,1+,Negative,Normal,Negative,TNTC,0,2-2,Nil,Nil,NIL,13.6,4.1,58,123.5,33,23,11.8,40.7,3520,60,36,2,2,0,6.46,2.19,0.56,0.4,0.04,71,11.5,17,0.31,12.6,7.5,0.07,0.26,0.75,178,46,87.3,34.8,174,87,3.9,1.9,0.53,0.7,0.3,0.4,102,13,40,32,8,3.7,4.3,0.86,1.2,19.4,9.0598,7.55,140,3.6,103,6.3,64.65,126,356,482,26.14,6,125.5,0.9,17.6,57.3,30.72,9.3,3.1,72,10.5,3.48,92,90,84,118
142762,KLTRS13ODB,703838,27/04/2019,08:52,09:27,Pale Yellow,Clear,1.018,6.6,Negative,1+,1+,Negative,Trace,Normal,Negative,3-4,0,1-3,Nil,Nil,Parasites,10.3,5.3,35.3,92.5,19,29,12.5,39.5,5079,48,11,2,7,0,12.84,0.7,0.47,0.08,0.04,314,8.3,17,0.24,24.9,1,0.76,0.7,1.69,164,48,150.3,61.4,307,139,3.4,3.13,0.32,0.6,0,0.6,41,49,34,18,6,4.6,1.4,3.29,0.7,10.8,5.0436,7.21,148,4.3,101,5.3,93.58,119,229,348,34.2,7.3,162.81,0.7,10.9,114,9.56,10.5,4,176,6.8,7.69,93,188,120,133
253763,MZLGI08APK,752050,25/04/2019,07:20,08:34,Orange,Slightly cloudy,1.014,7,Negative,Trace,Negative,Negative,Trace,Normal,Negative,5-6,0,7-18,Rare,Nil,Artifacts,9.1,4.4,18,90.9,20,50,13.9,43.3,7801,80,25,1,8,0,2.7,2.97,0.4,0.34,0.01,379,12.2,14,0.11,35,3.3,3.97,0.17,0.13,130,48,210.9,26.8,134,72,2.7,4.39,0.23,0.5,0.1,0.4,308,33,12,35,6.9,4.8,2.1,2.29,1.2,15.2,7.0984,5.92,129,4.2,108,5.3,100.31,134,307,441,30.39,6.4,136.98,0.2,27.1,92.7,29.23,9,4.9,186,7.2,0.74,98,95,85,275
909193,MZLGI05GJS,104952,26/04/2019,07:56,08:32,Yellow,Slightly cloudy,1.028,6.8,Negative,Negative,Negative,Negative,Negative,Normal,Negative,1-3,2,2-4,Nil,Rare,Fat droplets or lipiduria,5.6,4.9,42.3,92.9,11,13,12.5,41.5,8918,63,16,6,3,0,2.08,2.1,1.01,0.26,0.04,204,11.4,16,0.2,27.9,0.4,0.07,0.21,0.32,225,47,87,10.8,54,127,4.8,1.85,0.54,0.9,0.3,0.6,111,15,17,30,6,5.3,0.7,7.57,0.6,19.8,9.2466,15.41,138,4.2,103,6.7,94.22,59,301,360,16.39,8.2,188.64,0.5,11,193.3,5.69,8.5,3.7,173,11.3,4.21,129,61,71,188
736264,KLTRS15MLT,299169,27/04/2019,10:05,11:27,Yellow,Slightly cloudy,1.014,6.5,Negative,Trace,Trace,Negative,Negative,Normal,Negative,3-4,1,1-4,Nil,Nil,NIL,21.7,5.3,24.7,78.2,40,87,14.4,41.5,4828,41,31,20,8,0,9.35,1.91,0.8,0.54,0.03,1197,7.1,12,0.36,33.2,4.7,3.68,0.27,0.33,180,39,41.6,27,135,130,4.6,1.07,0.94,0.3,0.1,0.2,73,52,36,11,7.6,5,2.6,1.92,1.9,11.7,5.4639,2.88,139,4.2,100,4.2,60.4,101,263,364,27.75,6.3,134.11,0.9,28.5,68.8,41.42,11,4.2,59,3.5,2.83,117,76,95,118
324006,GYAHD07KAU,552193,24/04/2019,06:33,07:36,Light Yellow,Hazy,1.013,6.8,Trace,Negative,Negative,Negative,Negative,Normal,Negative,7-8,0,3-2,Nil,Nil,Amorphous debris,18.6,5.3,59.4,86.2,35,31,12.4,41.6,3146,73,43,2,2,5.2,5.27,3.24,0.62,0.08,0.02,910,5.9,18,0.34,14.1,0.4,0.25,0.14,5.32,137,51,81.7,11.9,59.5,160,2.7,1.6,0.62,0.7,0,0.7,306,54,32,36,6.7,4.6,2.1,2.19,1,17.1,7.9857,7.99,137,4.5,99,3.3,14.38,62,302,364,17.03,6.4,136.98,0.2,11.3,88.4,12.78,8.8,3.1,225,6.7,3.42,70,72,86,166
225190,PBCHD09KLC,208300,28/04/2019,11:20,12:18,Pale Yellow,Slightly cloudy,1.014,4.6,Trace,Trace,Negative,Negative,Negative,Normal,Negative,8-10,0,3-3,Nil,Nil,NIL,3,4.6,50.6,82.4,6,5,12.4,39.5,5630,48,35,1,6,0,1.37,1.83,0.53,0.24,0.05,321,11.8,16,0.53,17.4,1.9,0.2,1.95,1.12,194,46,94.6,6.2,31,78,4.2,2.06,0.49,0.8,0.1,0.7,78,36,12,7,7.9,4.1,3.8,1.08,1.1,16,7.472,6.79,143,2.9,98,6.3,93.54,83,93,176,47.16,5.7,116.89,0.8,16.8,83.7,20.07,7.9,4.6,198,10.4,2.53,88,129,84,110
355094,MZLGI02RJK,932721,25/04/2019,07:29,08:10,Light Yellow,Clear,1.018,4.8,Trace,4+,Negative,Negative,Negative,Normal,Negative,1-3,2,1-3,Nil,Rare,Mucus threads,8.6,4.8,47.3,95.1,17,18,11.7,41.9,5476,67,32,4,8,0.2,2.91,2.04,0.47,0.22,0.02,100,7.1,11,0.14,33.4,7.3,0.14,0.81,0.05,160,42,89.7,35.4,177,109,3.8,2.14,0.47,0.8,0.3,0.5,104,30,28,48,7,3.5,3.5,1,0.9,37.2,17.3724,19.3,135,4.3,108,5.3,95.79,121,301,422,28.67,6.3,134.11,0.5,16.3,135.3,12.05,11.2,2.6,66,8.6,1.46,70,87,72,70
644634,PBCHD11PBP,618626,27/04/2019,10:44,11:32,Pale Yellow,Clear,1.016,4.8,Negative,2+,Negative,Negative,Negative,Normal,Negative,7-8,1,3-4,Rare,Nil,NIL,10.5,6.7,56.9,66.5,15,18,11.9,47.5,5920,56,33,4,22,0,7.23,4.99,0.51,0.43,0.05,193,7.4,16,0.24,22,1.6,0,0.32,0.21,205,37,65.8,22.1,110.5,139,5.5,1.78,0.56,0.7,0.3,0.4,254,48,34,16,7,5.2,1.8,2.89,1,11.7,5.4639,5.46,136,3.7,104,4.4,113.71,157,344,501,31.34,5.9,122.63,0,24.8,86.1,28.8,9.3,6.5,181,9.5,1.35,112,78,85,124
429953,MZLGI13GJS,904681,27/04/2019,07:08,07:55,Orange,Slightly cloudy,1.013,6.7,Trace,Trace,Negative,Negative,Negative,Normal,Negative,3-4,1,12-14,Nil,Nil,Artifacts,17.4,4.5,49.7,50.3,38,35,12.3,45.9,4743,57,45,2,7,0,2.23,2.74,0.77,0.04,0.06,144,14.8,16,0.08,12.1,4.1,0.28,0.73,0.14,117,45,78.5,27.5,137.5,127,2.6,1.74,0.57,0.7,0.2,0.5,89,32,19,25,8.1,3.5,4.6,0.76,0.9,10.2,4.7634,5.29,111,2.7,88,6.1,109.82,134,344,478,28.03,8.8,205.86,0.2,17.7,29,61.03,12.1,2.6,122,4.2,1.12,100,83,107,151
702399,MZLGI09GJS,438450,24/04/2019,08:37,09:19,Deep Amber,Hazy,1.018,6.5,Trace,Trace,Negative,Negative,Negative,Normal,Negative,6-7,1,10-13,Nil,Nil,Amorphous debris,13.1,4.4,39,97.2,29,33,13.4,30.4,6527,40,52,6,2,0.4,1.95,3.83,0.62,0.05,0.16,262,9.6,17,0.25,21,1.1,0.28,0.4,0.09,231,57,93.4,38.3,191.5,83,4.1,1.64,0.61,0.4,0,0.4,91,17,48,32,6.1,4,2.1,1.9,0.7,10.9,5.0903,7.27,140,4.7,108,3.9,109.65,170,359,529,32.14,5.8,119.76,0,15.7,271.4,5.78,10.6,3.6,119,9.9,2.5,75,80,75,135
498701,MZLGI12BRC,171803,25/04/2019,07:30,08:00,Light Yellow,Slightly cloudy,1.018,4.9,Trace,Negative,Negative,Negative,Negative,Normal,Negative,9-10,0,2-2,Nil,Rare,NIL,9.8,6.4,37.9,89.2,15,25,14.5,40.9,5469,47,37,7,12,0,0.75,0.92,0.7,0.08,0.06,268,10.4,14,0.35,21,2.4,3.05,0.69,5.86,179,40,82.1,5.3,26.5,90,4.5,2.05,0.49,0.9,0.2,0.7,78,52,14,43,6.3,4.9,1.4,3.5,1.2,28.6,13.3562,11.13,138,3.9,83,2.4,115.93,199,250,449,44.32,8.5,197.25,0.5,88.4,284.7,31.05,7.7,3.5,237,10.5,0.58,77,93,78,147
198021,KLTRS10TSS,962572,27/04/2019,10:26,11:19,Pale Yellow,Slightly cloudy,1.02,5.1,3+,Trace,Negative,Negative,Negative,Normal,Negative,3-5,0,>20,Rare,Rare,Fat droplets or lipiduria,8.4,5.5,22.7,91.3,15,37,13,44.8,6159,31,26,3,5,0,6.45,4.6,0.37,0.4,0.09,428,10.6,7,0.2,21.3,1.3,0.38,2.27,0.21,871,48,126,58.8,294,185,18.1,2.63,0.38,0.9,0.3,0.6,87,18,13,17,8,4.5,3.5,1.29,0.8,5.9,2.7553,3.44,131,4.1,96,2.2,118.04,147,164,311,47.27,6.2,131.24,1,14.6,129.2,11.3,9.1,2.7,99,8.1,1.88,95,67,95,224
264919,MZLGI06BRC,156381,27/04/2019,11:41,12:27,Light Yellow,Clear,1.015,6.9,Negative,Trace,Negative,Negative,Negative,Normal,Negative,7-9,0,3-2,Nil,Nil,Yeast cells,14.2,8,53.4,58.7,17,26,12.7,27.5,9505,45,31,1,7,0,2.86,0.85,0.64,0.62,0.08,297,7.2,25,0.29,18.4,4.4,1.9,0.15,0.38,159,37,199.1,65,325,147,4.3,5.38,0.19,0.7,0,0.7,100,37,28,48,6.9,5,1.9,2.63,0.9,19.3,9.0131,10.01,149,4,102,3,115.5,227,260,487,46.61,8.5,197.25,0.4,22.5,111.6,20.16,8.6,3.1,172,6.9,6.25,84,71,115,134
202585,GYAHD02KLM,163279,26/04/2019,06:02,06:37,Straw,Hazy,1.027,6.8,Trace,Trace,Negative,Negative,Negative,Normal,Negative,11-12,1,2-3,Nil,Few,Artifacts,21.3,5,52.2,114.9,42,40,13.1,44.2,5818,40,29,4,4,0,12.68,2.97,0.43,0.31,0.06,442,9.5,11,0.25,20.2,0.6,0,2.36,0.28,115,72,85,12.6,63,122,1.6,1.18,0.85,0.6,0.2,0.4,42,47,16,37,8.3,3.7,4.6,0.8,0.3,35,16.345,54.48,144,5.2,100,2.4,61.99,147,180,327,44.95,6.3,134.11,0.9,266.1,80.7,329.74,11.5,4.4,162,8.5,0.26,77,69,82,188
288957,GYAHD12JHJ,149465,25/04/2019,08:21,09:47,Light Yellow,Hazy,1.012,6.9,Trace,Negative,Negative,Negative,Negative,Normal,Negative,3-5,2,2-3,Nil,Nil,NIL,10.4,5.7,48.6,98.7,18,21,9.8,41.8,10462,75,55,8,12,0,7.23,2.22,0.72,0.19,0.1,389,11.7,15,0.19,31.3,0.1,0.02,5.85,0.07,168,52,74.6,104,520,63,3.2,1.43,0.7,0.9,0.3,0.6,54,16,31,35,6.3,3.5,2.8,1.25,2.6,9.4,4.3898,1.69,137,4.4,98,4.7,99.14,146,323,469,31.13,8.3,191.51,0.1,791.8,144.3,548.72,10,2.5,199,3.5,0.04,97,103,86,131
499363,PBCHD11PBM,842960,25/04/2019,08:41,09:44,Pale Yellow,Slightly cloudy,1.019,4.7,Negative,Trace,Negative,Negative,Negative,Normal,Negative,7-9,2,2-4,Nil,Few,Fungal elements,14.2,5.6,63.5,64.5,25,22,13.5,41.7,7268,56,36,2,6,0,0.94,2.25,0.57,0.15,0.06,450,7.1,17,0.71,24.3,6.3,0.21,1.77,0.17,168,49,86.8,27,135,105,3.4,1.77,0.56,0.2,0,0.2,45,4,11,27,6.6,4.6,2,2.3,0.6,11.5,5.3705,8.95,118,3.1,97,2.9,108.88,155,360,515,30.1,8.4,194.38,0.6,18.5,106.2,17.42,9,4.5,108,9.3,8.3,123,74,102,167
513550,MZLGI14MHP,973219,26/04/2019,06:04,07:24,Green,Cloudy,1.015,5.7,Trace,Negative,Negative,Negative,Negative,Normal,Negative,8-10,0,3-3,Nil,Rare,NIL,16.1,5.3,45.6,63.2,30,35,12.7,39.4,9744,45,36,3,3,0,2.48,1.22,0.46,0.37,0.01,363,13.6,16,0.15,31.2,3.1,3.53,4.83,0.02,198,54,125.1,18.3,91.5,162,3.7,2.32,0.43,0.7,0,0.7,73,13,16,36,7.7,4.3,3.4,1.26,0.6,10.7,4.9969,8.33,141,3.6,97,5.2,117.01,68,254,322,21.12,8.3,191.51,0,242.1,349.2,69.33,9.8,2.4,177,17.3,3.86,79,121,90,169
243498,PBCHD03RJU,474774,26/04/2019,07:45,09:11,Straw,Hazy,1.02,6,Negative,Negative,Negative,Negative,Negative,2+,Negative,12-13,0,1-3,Nil,Nil,NIL,12.9,5.1,42.4,94.2,25,30,13.9,41.5,7128,40,20,2,18,0.3,6.34,2.65,0.36,0.12,0.13,192,10.7,17,0.19,27.4,2.7,0.71,0.09,0.84,156,50,182.2,27.1,135.5,148,3.1,3.64,0.27,0.8,0.1,0.7,48,20,37,7,6.9,3.8,3.1,1.23,1.2,16,7.472,6.23,140,4.1,107,5.6,99.74,94,229,323,29.1,6.6,142.72,0.8,16.2,104.1,15.56,9.2,6.7,109,10,1.04,128,70,75,87
163641,MZLGI13GJS,939978,25/04/2019,09:52,10:41,Pale Yellow,Hazy,1.01,4.3,2+,Trace,Negative,Negative,Negative,Normal,Negative,6-8,0,2-4,Nil,Nil,NIL,21.2,5.2,44.6,97.7,40,47,13.1,45.7,8301,26,35,25,4,0,6.49,5.81,0.77,0.05,0.18,80,7.7,12,0.22,33.9,1.4,0.35,0.12,0.01,180,46,59.6,36.2,181,86,3.9,1.3,0.77,0.4,0.1,0.3,96,28,23,18,8.3,3.9,4.4,0.89,0.6,14.3,6.6781,11.13,139,3.2,99,3.8,109.27,82,359,441,18.59,5.9,122.63,0.7,14.9,89.9,16.57,8.8,3,225,12,1.66,99,70,117,66
187746,MZLGI15APK,364226,28/04/2019,09:54,10:44,Yellow,Hazy,1.017,4.7,Negative,Trace,Negative,Trace,Negative,Normal,Negative,TNTC,2,1-3,Nil,Nil,Yeast cells,11.6,6.1,37.3,96.4,19,31,11.7,43.1,23308,48,30,5,8,11,0.89,1.75,0.94,0.25,0.05,228,11.3,11,0.26,37.8,4.7,0.07,0.32,0.08,117,47,153.8,31.2,156,130,2.5,3.27,0.31,2.1,1,1.1,88,22,37,23,6.3,3.6,2.7,1.33,0.6,15.3,7.1451,11.91,129,4.9,95,3,92.33,80,163,243,32.92,10.3,248.91,0.4,274.4,280,98,10.3,3.3,98,6.2,0.25,99,89,95,83
216339,PBCHD15KLC,583284,24/04/2019,09:04,10:28,Light Yellow,Clear,1.026,6.8,Trace,1+,Negative,Negative,Negative,Normal,Negative,6-8,1,2-3,Nil,Nil,Amorphous debris,18.4,5.8,44.5,97.3,31,41,14.2,45.1,7728,40,32,5,17,0.8,5.05,1.01,0.82,0.26,0.18,165,9.8,10,0.33,29.6,2.2,0.01,0.09,2.75,157,48,96.8,27.8,139,163,3.3,2.02,0.5,0.7,0.2,0.5,120,43,12,38,6.1,4,2.1,1.9,1.2,7,3.269,2.72,142,5.4,97,5.3,113.25,155,273,428,36.21,6.4,136.98,0.6,10.4,151.6,6.86,8.6,5.4,124,8.3,0.13,101,114,91,113
905443,MZLGI13MHP,722686,28/04/2019,11:55,12:27,Pale Yellow,Clear,1.017,6,Negative,Trace,Negative,Negative,Negative,Normal,Negative,7-8,0,3-4,Nil,Nil,NIL,8.7,6.4,45.2,79.1,13,19,13.7,40.1,10823,43,50,6,8,7.6,0.16,4.14,0.36,0.32,0.18,377,17.3,8,0.35,12.8,2.1,0.28,0.29,0.33,205,67,78.9,24.2,121,122,3.1,1.18,0.85,0.8,0.3,0.5,93,106,28,16,6.7,3.7,3,1.23,0.7,16.5,7.7055,11.01,140,4.5,107,9.8,110.06,70,104,174,40.23,6.1,128.37,0.2,27.4,93.3,29.37,10.5,3.1,186,11.8,0.02,104,61,70,75
241514,GYAHD07JHJ,914826,26/04/2019,11:50,13:05,Straw,Clear,1.022,5.8,Negative,Trace,Negative,Negative,Negative,Normal,Negative,11-13,2,10-17,Rare,Nil,Artifacts,15.3,4.3,56.9,80.2,35,26,11.8,44.1,8539,62,24,3,2,0,9.74,2.04,0.6,0.16,0.05,339,7.3,12,0.08,22.6,5.3,0.41,0.13,3.46,151,79,90.3,82.1,410.5,111,1.9,1.14,0.87,6.1,3,3.1,73,29,22,38,7.4,5,2.4,2.08,1,7.2,3.3624,3.36,146,4.8,105,3.4,117.67,108,221,329,32.83,6.7,145.59,0.9,10.5,50.7,20.71,9.4,3.2,108,5.8,0.84,74,124,189,117
583824,PBCHD03HPP,247952,24/04/2019,06:26,07:53,Green,Clear,1.019,5.8,1+,Trace,Negative,Negative,2+,Normal,Negative,7-8,2,2-3,Nil,Nil,Amorphous debris,15.9,5.9,43.2,90.5,26,36,14.2,39.7,9686,61,39,1,7,0,16.69,2.53,0.3,0.68,0.02,132,5.3,15,0.34,48.1,1.6,0.16,0.15,0.24,199,25,154.9,20.5,102.5,116,8,6.2,0.16,0.7,0.3,0.4,121,25,12,79,6.5,4.4,2.1,2.1,1.7,13.9,6.4913,3.82,103,4.6,100,3.1,94.81,200,248,448,44.64,6.3,134.11,0.5,13.4,35.9,37.33,11.6,2.7,106,7.6,1.21,91,97,97,139
477184,KLTRS15ODB,836921,25/04/2019,08:13,09:10,Light Yellow,Hazy,1.014,6.7,Trace,1+,Negative,Negative,Negative,1+,Negative,9-11,1,2-4,Moderate,Rare,Artifacts,15,3,36.1,47.6,50,41,12.8,26.7,9114,36,29,0,4,0,6.45,2.46,0.59,0.42,0.05,126,11.4,15,0.3,12.9,2.5,0.72,0.13,0.48,202,27,79.6,20.2,101,122,7.5,2.95,0.34,0.5,0.2,0.3,93,54,66,8,6.6,4.4,2.2,2,0.7,13.5,6.3045,9.01,137,4.6,97,6.7,93.99,170,359,529,32.14,6,125.5,0.7,286.8,260.3,110.18,9.3,5.2,79,12.1,3.56,96,144,84,127
681821,KLTRS14TSS,281022,28/04/2019,08:37,09:28,Yellow,Hazy,1.027,5.5,Negative,Negative,Negative,1+,Negative,1+,Negative,9-11,3,13-10,Rare,Nil,NIL,15.7,5.1,31.4,71.1,30,50,14.3,36.3,6536,51,39,2,7,0,1.83,2.55,0.54,0.34,0.03,388,16.8,17,0.74,16,4.5,0.29,0.31,0.26,234,65,77.2,16,80,100,3.6,1.19,0.84,0.8,0.2,0.6,69,32,13,22,8,3.9,4.1,0.95,1,13.8,6.4446,6.44,136,4.7,110,6.4,117.75,118,219,337,35.01,6.3,134.11,0.3,17.6,82.7,21.28,13,2.8,43,18,1.9,77,77,78,71
211350,MZLGI01APK,833011,25/04/2019,08:55,10:09,Light Yellow,Slightly cloudy,1.01,5.5,Negative,Trace,Negative,Negative,Negative,Normal,Negative,2-4,2,17-19,Nil,Rare,Amorphous debris,12.4,6.6,52.1,89.5,18,23,14.2,38.5,6732,26,36,5,4,0,4.96,2.86,0.14,0.82,0.01,124,5.9,18,0.35,18.2,0.4,0.01,0.31,0.04,155,47,75,17.8,89,111,3.3,1.6,0.63,0.8,0.2,0.6,117,47,25,35,6.2,3,3.2,0.94,1.2,9.6,4.4832,3.74,128,5.7,100,2.8,102.81,134,360,494,27.13,6.9,151.33,0,28.6,136,21.03,12.6,5.4,163,14.7,1.87,121,114,98,89
206621,MZLGI14RJK,565699,26/04/2019,09:40,10:43,Yellow,Hazy,1.02,5.1,Trace,Negative,Negative,Negative,Negative,Normal,Negative,50-51,0,1-3,Nil,Moderate,Fat droplets or lipiduria,18.2,6.3,14,96,28,130,13.2,49.1,8422,63,48,4,8,0,8.6,2.87,0.7,0.69,0.04,307,11.4,16,0.53,24.3,4,0.37,0.1,0.25,161,78,92,17.5,87.5,142,2.1,1.18,0.85,1.2,0.2,1,104,7,13,35,5,3.7,1.3,2.85,0.7,8.8,4.1096,5.87,145,3.9,97,3.1,92.08,196,179,375,52.27,7.3,162.81,0.2,13.3,127.3,10.45,10.9,2.7,265,6.9,1.95,71,85,113,286
572854,KLTRS05WBD,646793,28/04/2019,08:13,09:01,Pale Yellow,Clear,1.028,6.5,Negative,Trace,Negative,Negative,Negative,Normal,Negative,TNTC,0,3-3,Nil,Nil,NIL,4.6,5.8,53.7,57.6,7,8,12.7,40.7,8428,59,22,2,6,0,8.46,1.06,0.24,0.55,0.07,332,11.7,23,0.4,14.6,4.1,0.1,0.66,0.03,173,23,94.2,59.1,295.5,109,7.5,4.1,0.24,0.4,0,0.4,91,44,7,39,6.4,4.9,1.5,3.27,1,14.9,6.9583,6.96,143,3.9,97,5,105.38,87,138,225,38.67,6.1,128.37,0.4,27.7,140.5,19.72,10.6,4,148,10.6,0.3,95,71,88,122
598870,KLTRS15NLZ,458558,25/04/2019,11:55,12:58,Dark Yellow,Clear,1.004,6.6,Trace,2+,Negative,Negative,Negative,Normal,Negative,14-15,1,3-4,Rare,Nil,NIL,4.8,5.7,54.7,76.6,8,8,11.7,45.6,4728,58,34,4,5,0,6.94,1.54,0.29,0.14,0.05,300,8.1,12,0.08,28.1,1.4,0.08,0.26,0.23,168,74,126.2,34.3,171.5,143,2.3,1.71,0.59,0.3,0.1,0.2,126,41,27,12,7.1,4.2,2.9,1.45,0.6,18.5,8.6395,14.4,137,1.9,103,5.7,101.69,136,346,482,28.22,5.8,119.76,0.8,15.5,131.1,11.82,8,3.3,79,3.1,9.75,210,72,308,144
849608,MZLGI14APK,927415,26/04/2019,08:31,09:32,Straw,Clear,1.022,5.7,Negative,Trace,Negative,Negative,Negative,Normal,Negative,1-3,1,3-3,Nil,Nil,NIL,12.6,5.1,35.9,68.5,24,35,11.6,40.3,7934,68,28,2,10,0,4.14,2.42,0.35,0.36,0.05,443,8.5,18,0.35,25.4,6.6,5.94,0.02,0.1,200,56,53.4,59,295,135,3.6,0.95,1.05,0.8,0.2,0.6,70,22,37,15,6.5,3.5,3,1.17,1.2,27.1,12.6557,10.55,139,4.8,109,2.8,127.35,66,240,306,21.57,6.3,134.11,0.7,11.1,295.7,3.75,14.8,3.4,208,21.7,1.12,110,190,109,73
994123,KLTRS14TSS,469521,25/04/2019,08:25,09:42,Light Yellow,Slightly cloudy,1.018,6,Trace,Trace,Negative,Negative,Negative,Normal,Negative,8-10,0,3-2,Nil,Nil,Yeast cells,12.2,4.8,30.2,94.7,25,40,13.1,41.8,10257,48,38,5,7,0,7.23,2.69,0.96,0.48,0.09,307,13.7,11,0.24,25,3,0.23,3.58,0.34,190,58,98.1,25.3,126.5,220,3.3,1.69,0.59,0.3,0.1,0.2,102,47,25,22,7.9,3.6,4.3,0.84,1,19.6,9.1532,9.15,140,3,101,7.8,118,79,349,428,18.46,8.4,194.38,0.3,16.8,101.9,16.49,10.3,3.8,230,11.9,8.29,80,132,85,80
536873,MZLGI09RJK,434071,25/04/2019,08:37,09:29,Deep Amber,Clear,1.014,6.7,Negative,Negative,Negative,Negative,Negative,Normal,Negative,8-10,0,1-3,Nil,Nil,Parasites,19.2,5.1,48.1,81.8,37,39,12.7,42.2,9628,45,32,9,7,0,9.96,2.23,0.88,0.14,0.03,227,10,15,0.39,22.8,2.5,0.77,0.37,0.13,228,57,136.9,19.6,98,87,4,2.4,0.42,0.5,0.2,0.3,44,18,13,24,8.9,3.8,5.1,0.75,2.2,14.8,6.9116,3.14,147,4.3,108,6.8,91.92,185,171,356,51.97,6,125.5,0,14.7,96,15.31,9.8,3.2,102,16.1,1.96,193,88,66,249
783444,GYAHD11KAU,413510,24/04/2019,06:36,07:19,Red,Clear,1.018,6.6,Trace,Trace,Negative,Negative,Negative,Normal,Negative,76-78,4,1-4,Nil,Nil,NIL,16.3,5,37.3,93.4,32,43,12.6,43.8,4321,41,35,3,15,0,1.36,1.25,0.57,0.28,0.01,375,10.6,10,0.22,22.8,0.1,0.19,0.06,0.26,221,55,60.2,11.4,57,104,4,1.09,0.91,0.5,0.2,0.3,137,8,24,17,7.8,3.5,4.3,0.81,0.8,16.5,7.7055,9.63,138,3.9,106,3.8,102.19,131,354,485,27.01,8.5,197.25,0.8,21,62,33.87,6,3.5,342,8.7,1.56,97,177,191,78
934650,PBCHD02GAM,130494,27/04/2019,09:57,11:20,Light Yellow,Clear,1.024,4.8,Negative,Negative,Negative,Negative,Negative,Normal,Negative,5-7,1,9-11,Nil,Nil,Amorphous debris,21.7,6,39.6,95.5,36,54,14.6,44.2,4789,32,14,0,2,0,1.04,1.91,0.69,0.32,0.18,324,9.4,15,0.36,18.7,0.9,0.01,0.04,0.03,159,58,72.9,108,540,121,2.7,1.26,0.8,0.7,0.1,0.6,73,10,20,10,6.2,3.7,2.5,1.48,0.8,10.9,5.0903,6.36,133,4.8,95,3.2,114.95,98,134,232,42.24,6.1,128.37,0.5,14.3,31.9,44.83,10,2.1,168,9.3,0.34,131,96,85,158
524527,MZLGI03RJK,169420,26/04/2019,11:54,12:41,Orange,Hazy,1.019,4.5,1+,1+,Negative,Negative,Negative,Normal,Negative,3-4,2,2-2,Nil,Nil,Amorphous debris,11.3,4.8,35.8,91.2,23,31,13.9,39.8,4247,54,50,3,4,0,2.02,1.35,0.9,0.42,0.1,260,11.4,11,0.52,17.5,3,0.69,0.22,0.33,177,47,89.5,20.3,101.5,158,3.8,1.9,0.53,0.3,0.1,0.2,83,56,83,37,8.1,4.1,4,1.03,1.9,10.4,4.8568,2.56,138,2.5,87,4,117.36,83,349,432,19.21,6.3,134.11,0.4,27.3,118.2,23.1,9.6,3.4,103,10.9,0.44,119,104,77,234
525745,GYAHD09KLM,110622,27/04/2019,10:01,11:07,Straw,Clear,1.02,5.2,Negative,Trace,Negative,Negative,Trace,Normal,Negative,3-4,0,16-10,Nil,Nil,NIL,16.7,6.9,38.2,54.3,24,43,14.1,40.9,4240,77,15,6,10,0,5.22,1.71,0.45,0.43,0.03,447,7,13,0.23,12.6,0.2,0.02,0.27,0.14,185,57,78.6,11.3,56.5,65,3.2,1.38,0.73,0.6,0,0.6,102,45,16,26,8.2,4.7,3.5,1.34,1.2,11.5,5.3705,4.48,132,5.3,104,3,119.27,159,242,401,39.65,8.7,202.99,0.9,15.5,36.3,42.7,9.6,3.9,160,13.8,1.47,78,62,73,140
484668,MZLGI07GJS,171766,28/04/2019,08:47,09:42,Straw,Hazy,1.019,5.9,1+,Trace,Negative,Negative,Negative,Normal,Negative,2-3,0,3-2,Nil,Rare,Yeast cells,18.6,5.4,15.9,49.3,34,116,13.6,45,21194,56,20,1,20,0,1.79,0.16,1.15,0.29,0.1,193,10.5,10,0.24,29.8,0.2,0.09,0.51,0.13,166,20,98.6,81.4,407,200,8.3,4.93,0.2,0.7,0.1,0.6,66,31,36,27,7.8,3.8,4,0.95,0.7,10.2,4.7634,6.8,123,4.9,81,5.8,91.26,87,315,402,21.64,8.9,208.73,0.8,116.6,121.4,96.05,9.1,4.9,109,6.7,2.91,93,112,93,111
751804,MZLGI07MHP,293127,28/04/2019,06:00,06:38,Orange,Hazy,1.011,4.6,Negative,Trace,Negative,Negative,Negative,Normal,Negative,9-10,0,1-2,Nil,Nil,Mucus threads,9.3,4.1,47.8,84.6,22,19,12.5,44.5,7731,64,41,2,6,0,0.39,4.93,0.27,0.31,0.45,212,8.9,15,0.24,20.8,1.6,1.84,1.64,0.18,815,56,50.3,38.4,192,90,14.6,0.9,1.11,0.3,0.1,0.2,82,50,25,26,7.6,4.5,3.1,1.45,0.9,8.5,3.9695,4.41,141,4.4,109,3.3,108.41,82,101,183,44.81,7.6,171.42,2,16,74,21.62,9.1,5.9,286,3.1,1.09,86,73,121,83
381173,MZLGI06BRC,576539,27/04/2019,10:16,10:49,Straw,Slightly cloudy,1.015,5.6,Negative,Trace,Negative,Negative,Negative,Normal,Negative,12-14,23,1-3,Nil,Nil,Amorphous debris,15.1,6.5,37.5,75.6,23,40,13.5,39.6,10535,45,20,5,3,0,9.75,1.04,0.17,0.43,0.09,199,11,16,0.21,25.2,0.9,3.27,0.02,0.27,150,56,74.1,16.5,82.5,82,2.7,1.32,0.76,0.9,0.3,0.6,51,58,40,55,6.3,4.4,1.9,2.32,0.7,9.6,4.4832,6.4,136,4.5,97,5.6,94.02,159,278,437,36.38,10.3,248.91,0.8,14.6,32.2,45.34,10.1,5.1,91,22.8,4.26,97,198,96,226
742308,PBCHD14HPP,581263,28/04/2019,10:13,10:51,Dark Yellow,Cloudy,1.014,8.5,2+,Negative,Negative,Trace,Negative,Normal,Negative,12-14,1,1-2,Nil,Nil,NIL,8.9,5.6,54.3,71.1,15,16,11.9,41.4,9025,45,20,1,5,0,3.52,2.28,0.91,0.36,0.49,124,7.7,16,0.4,12.6,4.7,0.99,2.35,0.12,106,72,85.7,100.1,500.5,171,1.5,1.19,0.84,0.7,0.3,0.4,41,48,22,11,7.5,4.6,2.9,1.59,0.7,10.7,4.9969,7.14,141,2.5,105,2.3,118.62,120,303,423,28.37,5.8,119.76,0.1,12.8,27.2,47.06,9.8,4.4,188,4.5,3.13,96,125,99,64
878597,KLTRS04ODB,550225,24/04/2019,06:15,06:50,Red,Clear,1.019,6.7,Negative,Negative,Negative,Negative,Negative,Normal,Negative,TNTC,0,2-4,Nil,Nil,Artifacts,13.7,4,18.2,117.9,34,75,13.6,45.3,9178,47,29,5,5,0,9.49,0.31,0.22,0.26,0.06,44,7,14,0.07,12.9,2,3.92,0.16,3.63,153,59,80.7,12.9,64.5,101,2.6,1.37,0.73,0.8,0.2,0.6,96,66,35,12,7.4,3.3,4.1,0.8,1.2,11.3,5.2771,4.4,142,2.7,111,6.2,112.75,138,354,492,28.05,5.1,99.67,0.4,24.6,28.4,86.62,10.7,4,267,19.2,1.65,73,87,97,99
547284,PBCHD14MHS,118952,26/04/2019,06:20,07:16,Dark Yellow,Clear,1.012,6.9,1+,Negative,Negative,1+,Trace,Normal,Negative,3-4,1,2-2,Nil,Nil,NIL,19.2,5.3,59.4,96.2,36,32,13.8,43.5,7286,16,41,5,8,1.1,5.78,1.19,0.21,0.07,0.05,232,10.8,16,0.35,21.5,0.1,0.19,0.31,0.23,200,63,87.1,24.4,122,176,3.2,1.38,0.72,0.7,0.2,0.5,59,20,26,26,8.3,4.1,4.2,0.98,0.9,17.5,8.1725,9.08,131,4.7,94,6,97.97,117,230,347,33.72,6.3,134.11,0.5,18.4,210.8,8.73,9,6.5,70,4.1,3.47,78,118,99,199
695504,GYAHD07KAU,616049,27/04/2019,08:47,09:43,Light Yellow,Clear,1.016,6.9,Negative,Negative,Negative,Negative,Negative,Normal,Negative,4-5,1,3-2,Nil,Rare,NIL,1.6,4.1,37.5,76.3,3,4,13.7,40.1,8675,58,22,4,8,0,5.18,0.36,0.74,0.51,0.03,317,7.4,16,0.36,21.7,1.1,3.72,0.93,0.17,164,35,71.3,9.4,47,131,4.7,2.04,0.49,0.5,0.2,0.3,72,18,23,46,6,3.6,2.4,1.5,1,30.5,14.2435,14.24,138,4.6,106,5.1,34.36,97,157,254,38.19,6.3,134.11,0.8,11.3,287.5,3.93,10.9,2.8,89,7.8,0.17,91,122,92,141
560021,KLTRS07WBD,120449,27/04/2019,06:13,06:55,Pale Yellow,Slightly cloudy,1.016,4.7,Trace,Trace,Negative,Negative,Negative,Normal,Negative,4-6,2,1-3,Nil,Nil,NIL,13.1,6.7,21.5,77,19,60,13.7,41.7,6870,56,31,2,6,0.9,4.49,1.48,0.26,0.19,0.04,388,5.1,15,0.28,25.2,0.3,0.08,0.48,0.53,218,46,74.3,5.3,26.5,174,4.7,1.62,0.62,0.7,0,0.7,70,10,17,32,7.9,3.5,4.4,0.8,0.7,16.2,7.5654,10.81,141,3.8,95,3.3,33.84,81,359,440,18.41,8.7,202.99,0.2,15.4,46.5,33.12,10.7,5.5,259,4.4,1.48,106,64,131,152
837257,KLTRS07ODB,873289,24/04/2019,08:49,10:10,Light Yellow,Clear,1.011,6.1,Trace,Trace,Negative,2+,Negative,Normal,Negative,7-9,1,1-2,Nil,Nil,NIL,18.1,6.7,30.6,81,27,59,13.3,43.6,4248,76,27,1,6,0,8.68,0.7,0.4,0.7,0.07,128,9.2,14,0.19,14.3,4.8,0.31,0.33,0.76,127,56,41.5,6.8,34,125,2.3,0.74,1.35,0.6,0.1,0.5,93,9,35,42,7.1,4.2,2.9,1.45,0.6,18.4,8.5928,14.32,167,3.8,98,6.1,91.37,143,245,388,36.86,12.1,300.57,0.3,12.8,146.8,8.72,8.9,3.8,170,14.4,9.13,195,121,106,61
214001,GYAHD02JHJ,317252,24/04/2019,10:59,11:33,Pale Yellow,Clear,1.019,4.8,Negative,Negative,Negative,Negative,Negative,Normal,Negative,10-11,0,14-13,Nil,Rare,NIL,16.1,6.4,35.7,81.2,25,45,13.2,40.3,9936,55,38,2,15,0,10.09,4.54,0.4,0.2,0.08,293,9.7,13,0.63,28,6.1,0.02,0.14,0.12,181,34,93.6,35.2,176,166,5.3,2.75,0.36,0.4,0,0.4,120,25,21,34,6.1,3.7,2.4,1.54,0.8,67.2,31.3824,39.23,90,3.2,108,6.8,119.65,156,339,495,31.52,6.1,128.37,1,80.4,416.2,19.32,9.2,2.5,163,8.2,0.73,91,73,275,121
929156,KLTRS14NLZ,871536,26/04/2019,10:25,11:42,Light Yellow,Clear,1.017,7,Negative,Negative,Negative,Negative,Negative,Normal,Negative,40-44,2,2-2,Rare,Nil,Fat droplets or lipiduria,12.4,5.3,51,61.8,23,24,13.8,44.5,9397,57,44,1,8,0.1,19.02,1.41,0.47,0.33,0.03,67,7.8,11,0.21,20.6,1.8,0.2,0.96,0.28,175,40,90.1,44.5,222.5,68,4.4,2.25,0.44,0.7,0.3,0.4,59,9,20,14,6.5,4.4,2.1,2.1,1.2,10.5,4.9035,4.09,135,4.2,105,5.8,109.29,147,124,271,54.24,6.7,145.59,0.4,13.5,76.3,17.69,9.2,7.1,79,2.9,3.09,84,80,246,70
949547,KLTRS09WBD,785915,27/04/2019,06:20,07:45,Yellow,Hazy,1.008,5.5,Trace,Negative,Negative,Negative,Negative,Normal,Negative,58-60,0,2-3,Few,Nil,Yeast cells,3.4,4.1,52.9,74.8,8,6,12.5,45.1,7293,57,47,4,7,0,14.81,1.96,0.93,0.44,0.02,123,7.5,12,0.28,30.6,0.4,0.74,2.88,0.14,152,47,65.5,24.8,124,139,3.2,1.39,0.72,0.3,0,0.3,81,37,26,32,6.6,4.2,2.4,1.75,1,27.4,12.7958,12.8,144,3.2,103,4.3,118.41,135,311,446,30.27,8.8,205.86,0.3,15.8,126.7,12.47,13.7,3.9,273,13,1.46,89,66,98,96
415130,PBCHD01PBM,157223,25/04/2019,07:18,07:53,Pink,Slightly cloudy,1.025,4.6,Trace,Negative,Negative,Negative,Negative,1+,Negative,8-9,0,2-3,Moderate,Nil,NIL,3.3,4.7,21.6,84.2,7,15,11.6,46.8,7998,56,25,4,5,0,9.56,2.27,0.37,0.57,0.18,185,12.7,8,0.39,26,3.9,2.53,0.24,0.67,182,53,85.4,66.4,332,130,3.4,1.61,0.62,0.6,0.2,0.4,61,31,30,18,7.3,4.4,2.9,1.52,1.1,19.1,8.9197,8.11,139,4.1,97,4.1,102.52,112,347,459,24.4,6.1,128.37,2.5,10.8,122.6,8.81,11,2,287,9.6,3.57,93,74,66,185
762888,KLTRS04NLZ,939159,26/04/2019,06:43,08:02,Straw,Slightly cloudy,1.014,6.3,Negative,Negative,Negative,Negative,Negative,Normal,Negative,13-15,5,1-2,Nil,Moderate,NIL,3.7,8.3,31.5,77.8,4,11,11.6,28,7736,43,25,4,8,0,1.58,1.3,0.23,0.44,0.09,416,9.1,10,0.32,24.8,7.5,0.05,0.34,0.3,192,42,148.3,29.8,149,98,4.6,3.53,0.28,0.7,0.2,0.5,52,11,17,20,6.4,4,2.4,1.67,1,7,3.269,3.27,139,4.4,95,5.1,112.69,141,226,367,38.42,5.7,116.89,0.2,28,111.9,25.02,10,3.5,195,12.1,0.63,83,122,78,184
987336,KLTRS10MLT,540091,26/04/2019,07:10,08:19,Light Yellow,Clear,1.022,4.6,Negative,Negative,Negative,Negative,Negative,Normal,Negative,1-3,1,3-2,Rare,Nil,NIL,16.7,4.1,63.5,99.8,40,26,14,42.3,4549,45,29,1,7,0,6.42,1.02,0.1,0.09,0.03,202,6.3,16,0.26,21.9,3.7,0.2,0.05,0.23,440,74,91.8,6.6,33,80,5.9,1.24,0.81,0.2,0,0.2,63,37,11,28,6.6,3.7,2.9,1.28,0.9,6.3,2.9421,3.27,137,4.6,98,4.5,98.02,78,298,376,20.74,6.1,128.37,0,183.5,107,171.5,9.9,4.2,248,12.1,1.3,97,99,85,120
985137,GYAHD14KLM,474236,25/04/2019,07:59,08:37,Light Yellow,Clear,1.008,6.9,Trace,Trace,Negative,Negative,Negative,Normal,Negative,1-3,2,15-9,Nil,Nil,NIL,6.6,5.9,38.4,91.5,11,17,13.1,42.5,8127,50,36,5,2,0,3.83,1.13,0.05,0.01,0.02,373,7.1,15,0.55,14.2,7.3,0.36,5.76,0.21,199,27,86,105.7,528.5,174,7.4,3.19,0.31,0.4,0.1,0.3,87,12,13,63,6.1,4.8,1.3,3.69,0.9,10.9,5.0903,5.66,147,5.5,83,7,98.43,196,259,455,43.08,7.5,168.55,0.9,21.1,92.4,22.84,8.9,4,169,12.1,0.76,97,78,78,123
223583,PBCHD01PBM,972585,26/04/2019,07:36,08:17,Straw,Clear,1.017,5.2,Negative,Negative,Negative,Negative,Negative,Normal,Negative,86-89,2,1-4,Nil,Nil,NIL,17.4,5.2,41.7,46.7,33,41,12.5,41.3,4481,74,24,3,2,0.4,7.41,2.5,0.49,0.33,0.07,112,11.9,20,0.15,24.9,2.1,0.01,1.94,4.28,112,39,60.2,35.7,178.5,115,2.9,1.54,0.65,11,6.5,4.5,110,44,40,33,6.5,5,1.5,3.33,1.2,15.7,7.3319,6.11,147,2.6,104,3.2,92.12,113,243,356,31.74,7.6,171.42,0.9,261,304.6,85.69,10.4,2.8,103,19.9,2.14,125,101,73,180
604121,MZLGI01APK,725576,26/04/2019,07:23,08:24,Light Yellow,Clear,1.011,5,Negative,Negative,1+,Negative,Negative,Normal,Negative,13-14,2,1-4,Nil,Nil,NIL,14.6,6.1,57,95.8,23,25,11.8,43.9,10944,59,45,0,8,0,5.58,5.46,0.7,0.43,0.07,340,8.3,13,0.36,28.9,2.3,1.07,0.14,0.33,156,47,111.6,7.5,37.5,87,3.3,2.37,0.42,0.9,0.3,0.6,64,10,26,12,6.4,5,1.4,3.57,0.6,14,6.538,10.9,129,4.8,104,4.8,110.6,95,180,275,34.55,6.2,131.24,0.3,10.5,167.8,6.26,9.4,2.8,239,4.7,2.1,87,68,79,112
710379,MZLGI04BRC,977812,25/04/2019,06:23,07:51,Straw,Clear,1.011,6.7,1+,Negative,Negative,Negative,Negative,Normal,Negative,73-74,5,3-3,Nil,Nil,Parasites,21,3.8,26.4,92.8,55,79,12.8,40.7,9445,68,37,4,15,11.6,7.45,1.89,0.45,0.44,0.06,211,11.9,16,0.14,18.5,2.1,0.16,0.53,0.09,194,51,93.5,18.8,94,108,3.8,1.83,0.55,1,0.3,0.7,89,8,17,48,7.7,4.2,3.5,1.2,1.2,8.2,3.8294,3.19,127,5.6,98,2.8,97.18,90,276,366,24.59,6,125.5,0.4,18.1,128.2,14.12,9.4,3.9,129,10.5,2.66,93,62,68,89
282543,KLTRS03ODB,205658,26/04/2019,06:37,07:35,Straw,Milky,1.015,6.8,Trace,Trace,Negative,2+,Negative,Normal,Negative,2-3,2,1-2,Nil,Rare,NIL,11.9,5.6,24,94.6,21,49,14.2,44,5848,56,28,5,3,0,1.37,3.24,0.99,0.95,0.08,121,7.2,17,0.23,25.2,4.7,0.38,0.11,0.07,744,56,73.9,40.2,201,137,13.3,1.32,0.76,0.3,0,0.3,106,46,23,24,8.3,3.6,4.7,0.77,0.9,8.8,4.1096,4.57,123,2.8,100,5.9,96.79,98,224,322,30.43,12,297.7,0.9,163,40.7,400.49,9.3,3.7,172,12.2,1.12,81,120,116,130
785414,PBCHD13RJU,683946,28/04/2019,07:17,08:40,Yellow,Clear,1.021,6.4,1+,Negative,Negative,Negative,Negative,Normal,Negative,21-26,1,2-2,Nil,Nil,Fungal elements,9.5,5.4,53.3,94.2,17,17,12.7,40.8,6692,39,20,8,3,1.8,8.15,1.62,0.59,0.06,0.17,120,7.6,11,0.72,28.4,0.6,0.22,0.09,1.58,106,52,149.9,36.1,180.5,157,2,2.88,0.35,0.5,0,0.5,100,41,27,23,7.6,3.7,3.9,0.95,0.9,13.8,6.4446,7.16,143,4.7,96,2.3,103.18,90,155,245,36.73,6.6,142.72,0.4,10.4,99.5,10.45,8.1,4,128,3.7,8.54,96,78,87,130
967060,PBCHD02MHS,465224,24/04/2019,07:07,08:10,Dark Yellow,Slightly cloudy,1.013,5,Trace,Trace,Negative,1+,Negative,Normal,Negative,1-2,2,>20,Nil,Nil,NIL,8.1,5.5,43.2,83.8,14,18,12.2,42.2,4693,28,34,4,7,0,8.82,2.74,0.89,0.28,0.09,672,11.1,14,0.31,33.9,0.6,0.25,0.26,0.01,108,29,109.7,26.5,132.5,66,3.7,3.78,0.26,0.5,0.2,0.3,89,16,13,45,6.8,3.5,3.3,1.06,0.9,9.3,4.3431,4.83,145,3.2,113,4.5,102.45,189,177,366,51.64,6.6,142.72,0.7,17.2,68.2,25.22,9.5,3.9,104,9.2,0.76,76,72,87,118
858392,PBCHD09SKM,204195,25/04/2019,07:00,08:27,Orange,Slightly cloudy,1.016,4.5,1+,Negative,Negative,Negative,Negative,Normal,Negative,12-13,2,>20,Few,Nil,NIL,12.9,5.6,49.6,98.6,23,26,13.4,42.7,10444,71,13,2,2,0,4.13,1.34,0.71,0.59,0.08,196,7.4,13,0.24,27.2,0.1,0.02,0.27,6.3,191,43,75.2,23.9,119.5,145,4.4,1.75,0.57,0.8,0.1,0.7,126,68,39,31,7.2,4.2,3,1.4,0.9,17.1,7.9857,8.87,147,4,115,2.5,99.47,72,94,166,43.37,7.8,177.16,0.5,16.7,133.2,12.54,9.5,3.2,102,5.6,2.97,74,86,77,136
680462,KLTRS10ODB,362486,24/04/2019,09:28,10:10,Light Yellow,Milky,1.03,5.6,1+,3+,Trace,Negative,Negative,Normal,Negative,1-3,1,2-2,Nil,Nil,Fungal elements,11.8,5,18,94.2,23,65,9.7,39.8,10274,41,32,3,7,0,1.93,2.38,0.45,0.58,0.08,281,7.3,12,0.15,33.3,3.4,0.65,2.64,0.66,203,74,51.7,34,170,123,2.7,0.7,1.43,0.7,0.2,0.5,127,47,18,32,6.3,5,1.3,3.85,1.2,12.5,5.8375,4.86,136,4.8,102,8.6,119.19,90,191,281,32.03,6.8,148.46,0,18.3,117.9,15.52,9.2,4,141,8.2,3.31,177,85,183,82
912513,MZLGI02MHP,527444,26/04/2019,10:47,11:24,Light Yellow,Clear,1.017,6.3,2+,Trace,1+,Trace,Negative,Normal,Negative,9-10,0,2-2,Nil,Nil,NIL,15.4,5.4,31.5,65.2,28,48,12.6,39.8,10192,71,28,1,5,0,3.54,2.02,0.32,0.43,0.09,269,16.6,19,0.17,12.3,2.4,4.71,0.78,0.12,179,40,126.3,35.2,176,72,4.5,3.16,0.32,0.9,0.3,0.6,48,56,15,47,7.2,3.5,3.7,0.95,0.9,14.4,6.7248,7.47,144,2.6,97,3.9,108.84,172,275,447,38.48,5.8,119.76,0.7,17.4,86.7,20.07,8.6,4.6,188,18.2,1.37,119,93,97,122
729591,KLTRS14TSS,229250,24/04/2019,08:32,09:14,Dark Yellow,Slightly cloudy,1.017,6.1,Trace,Negative,Negative,Trace,Negative,Normal,Negative,1-2,1,1-2,Nil,Nil,Fungal elements,8.5,5.1,41.7,88,16,20,13.8,44.3,4232,59,52,1,9,0,8.7,1.45,0.07,0.28,0.01,401,10.8,15,0.2,30,3.3,0.2,0.87,0.4,157,40,86.5,54.9,274.5,117,3.9,2.16,0.46,0.6,0.2,0.4,52,50,11,36,7.5,5.1,2.4,2.13,1.1,14.2,6.6314,6.03,127,4,105,4.7,108.48,73,345,418,17.46,6.1,128.37,0.5,21.2,107.3,19.76,9.4,2.7,207,2.8,3.92,94,84,125,178
491715,MZLGI01GJS,794132,28/04/2019,08:19,09:03,Yellow,Clear,1.019,6,Negative,Negative,Negative,Negative,Negative,Normal,Negative,3-4,2,2-2,Few,Rare,NIL,11.7,5.5,22.2,53.8,21,52,13.5,44.6,6132,54,26,5,9,0,6.39,6.64,0.44,0.04,0.02,294,7,26,0.22,15.5,3.7,0.39,0.13,0.14,160,58,189,28.6,143,113,2.8,3.26,0.31,0.7,0.3,0.4,74,20,14,23,7,4.5,2.5,1.8,0.9,8.5,3.9695,4.41,141,5,98,4.1,110.85,109,151,260,41.92,6.3,134.11,0.3,18.3,69.7,26.26,8.2,3.7,93,6.7,0.1,115,83,78,278
402276,KLTRS10KLP,706200,28/04/2019,08:43,09:52,Light Yellow,Hazy,1.013,5.4,Trace,2+,Negative,Negative,Negative,Normal,Negative,TNTC,2,2-2,Nil,Rare,NIL,9.3,5.2,33.6,99.7,17,27,14.8,39.4,7096,54,31,5,6,0,0.89,2.07,0.82,0.55,0.32,118,10,17,0.15,41.5,3.8,0.73,0.1,0.09,234,52,152.4,15.1,75.5,103,4.5,2.93,0.34,14.2,9.7,4.5,95,41,34,34,6.6,4.4,2.2,2,1,29.1,13.5897,13.59,128,4.8,108,6.8,91.09,186,230,416,44.71,6.2,131.24,0.9,14.3,195.2,7.33,11.8,3.6,127,14.3,3.63,98,94,98,107
165971,KLTRS01MLT,424331,25/04/2019,06:02,07:17,Deep Amber,Slightly cloudy,1.014,7,1+,Negative,Negative,Negative,Negative,Normal,Negative,3-4,2,2-2,Nil,Nil,NIL,11.5,7,52.3,90.9,16,21,13.6,48.3,9546,71,27,11,10,0,4.61,2.75,0.37,0.3,0.09,202,8.8,11,0.33,18.9,0.1,0.39,0.5,0.26,122,24,77.2,22.3,111.5,92,5.1,3.22,0.31,15.1,10.6,4.5,73,42,15,18,6.5,4.2,2.3,1.83,0.9,9.1,4.2497,4.72,137,4.6,102,5.9,78.15,168,112,280,60,5.9,122.63,0.8,26.8,23.3,115.02,11.1,2.6,71,11.6,3.68,118,93,88,123
184792,PBCHD10NLM,530434,28/04/2019,09:48,10:58,Pale Yellow,Hazy,1.013,5.2,Trace,Negative,Negative,Negative,Negative,Normal,Negative,48-50,0,3-4,Few,Nil,Fat droplets or lipiduria,6.3,4.3,52.8,84.4,14,11,12.9,44.8,4564,47,32,5,2,0,4.21,1.84,0.62,0.94,0.01,82,13.4,14,0.08,31.1,3.7,0.34,0.07,4.89,636,73,104.7,38.5,192.5,168,8.7,1.43,0.7,0.5,0.2,0.3,47,51,10,26,7.8,4.3,3.5,1.23,1.1,10.7,4.9969,4.54,135,3.5,97,2.5,97.6,102,118,220,46.36,6.7,145.59,0.7,27,121.7,22.19,9.5,3.2,145,15,1.92,91,73,99,171
585774,KLTRS03ODB,238707,25/04/2019,06:06,07:16,Light Yellow,Clear,1.448,4.8,Negative,Negative,Trace,Negative,Negative,Normal,Negative,TNTC,0,9-10,Nil,Nil,NIL,13.1,4.7,34.2,81,27,38,12.8,42.8,4211,55,27,6,6,0,6.17,4.69,0.82,0.45,0.08,170,9.8,12,0.38,40.1,0.1,0.83,0.17,2.71,173,56,22.6,16.8,84,133,3.1,0.4,2.48,0.5,0.2,0.3,44,16,32,48,7.3,4.3,3,1.43,0.8,19.9,9.2933,11.62,135,4.6,110,3.3,92.69,68,293,361,18.84,11.1,271.87,0.1,10.6,40.7,26.04,10.4,2.2,249,9.4,1.89,129,87,77,184
156523,PBCHD07MHS,399806,27/04/2019,06:56,08:24,Light Yellow,Clear,1.013,4.7,Trace,Trace,Negative,Negative,Negative,1+,Negative,11-13,1,1-2,Rare,Nil,NIL,17.1,5.7,63.8,77.8,30,26,13.9,43.9,9640,48,23,6,8,0.6,1.25,4.29,0.6,0.3,0.15,552,7.2,16,0.1,22.5,3.6,2.93,4.45,0.01,151,60,85.8,14.1,70.5,108,2.5,1.43,0.7,0.5,0.1,0.4,115,5,24,27,8,3.8,4.2,0.9,0.9,7.2,3.3624,3.74,141,2.3,99,2.4,95.22,111,324,435,25.52,7.4,165.68,0.1,22.6,147,15.37,9.7,2.8,124,5.7,0.23,125,98,209,123
119788,KLTRS05TSS,839287,27/04/2019,11:31,12:47,Green,Slightly cloudy,1.013,5.6,Negative,Trace,Negative,Negative,Negative,Normal,Negative,TNTC,0,6-8,Nil,Nil,Artifacts,8.6,5.8,43.7,66.9,14,19,14,30.5,8989,67,37,3,8,0,7.68,2.68,0.87,0.02,0.05,177,8.2,10,0.51,17.3,0.1,6.28,0.56,3.11,166,41,60.3,26.9,134.5,190,4,1.47,0.68,0.7,0.2,0.5,109,48,20,45,5.1,5,0.1,50,0.6,14.5,6.7715,11.29,142,4,95,4.3,112.19,81,327,408,19.85,7.4,165.68,0.8,12.4,78.1,15.88,7.8,3.8,210,12.6,3.56,89,256,82,180
982417,PBCHD08PBM,885296,25/04/2019,11:41,12:29,Yellow,Hazy,1.021,4.7,Negative,Negative,Negative,1+,Negative,Normal,Negative,12-13,1,2-2,Nil,Nil,Artifacts,6,6.3,42.9,54.5,9,13,14.4,44.7,5660,54,24,6,12,1.4,8.87,1.06,0.74,0.33,0.03,218,9.5,13,0.14,32.4,1.8,0.2,0.36,0.37,222,56,212.7,21.4,107,187,4,3.8,0.26,0.7,0.3,0.4,118,36,24,33,7.9,4.4,3.5,1.26,1.1,6.6,3.0822,2.8,155,4.7,110,5.7,93.15,156,165,321,48.6,6,125.5,0.1,14.3,80.5,17.76,9.4,2.4,176,12,1.11,88,65,94,97
910121,KLTRS09TSS,923889,25/04/2019,07:16,08:39,Pale Yellow,Clear,1.013,4.9,Trace,1+,Negative,Negative,Negative,Normal,Negative,3-5,2,3-4,Nil,Nil,NIL,13.7,5.6,44.7,75.4,24,30,14.1,40,5630,31,40,17,7,2,0.79,2.34,0.33,0.43,0.01,581,10.4,10,0.26,25.1,4.8,0.04,0,0.82,829,22,151.7,22.7,113.5,135,37.7,6.9,0.15,0.7,0.1,0.6,80,48,19,14,6.9,3.5,3.4,1.03,0.4,8.4,3.9228,9.81,138,4.5,99,2.2,91.93,118,348,466,25.32,7.9,180.03,1,26.7,89.3,29.9,9.3,4.5,169,8.5,2.21,120,64,69,75
458896,KLTRS01MLT,952497,26/04/2019,09:33,10:03,Red,Clear,1.012,6.3,Negative,Negative,Negative,Negative,Negative,Normal,Negative,6-8,2,3-3,Few,Nil,NIL,13.8,5,49.9,55.6,27,27,10.5,41.4,10981,39,22,15,3,0,7.44,5,0.66,0.37,0.07,208,14.7,17,0.18,34.3,2.5,0.29,0,0.17,175,41,72.5,17.7,88.5,84,4.3,1.77,0.57,0.4,0.1,0.3,63,42,13,30,7.3,4.9,2.4,2.04,0.8,7.1,3.3157,4.14,142,3.6,100,2.9,114.85,198,151,349,56.73,9.3,220.21,0.7,24,117,20.51,9.2,2.3,277,11.4,2.41,70,95,88,187
177020,GYAHD13KLM,290434,27/04/2019,10:11,11:04,Yellow,Clear,1.027,4.8,1+,Trace,Negative,Negative,Negative,Normal,Negative,8-10,1,2-3,Nil,Few,Artifacts,17.2,5.6,32.2,86.2,30,53,12.2,29.6,6323,50,28,3,7,0,9.47,1.3,0.26,0.14,0,312,11.7,10,0.44,25.7,2.6,0.2,0.09,0.17,219,56,77.2,38.2,191,147,3.9,1.38,0.73,1.3,0.6,0.7,102,12,23,16,5.6,3.9,1.7,2.29,1,9.8,4.5766,4.58,137,2.7,114,2.8,105.48,83,294,377,22.02,8.8,205.86,0.8,11.8,45,26.22,11,5,174,5.2,2.45,122,107,182,281
721781,GYAHD14KAU,178338,28/04/2019,08:50,09:36,Yellow,Clear,1.028,6.8,Negative,Trace,Negative,Negative,1+,Normal,Negative,6-8,1,15-8,Nil,Nil,NIL,10.7,5.1,52.4,92.9,20,20,13.7,40.5,3721,25,16,3,11,0,15.47,4.05,0.42,0.15,0.22,372,8,15,0.24,26.8,1.3,0.93,1.67,0.5,230,48,63.5,9.5,47.5,125,4.8,1.32,0.76,0.5,0.2,0.3,96,16,33,15,6.5,4.4,2.1,2.1,0.6,6.8,3.1756,5.29,141,3.2,102,7,103.13,93,341,434,21.43,5.7,116.89,0.7,15.5,106.7,14.53,10.4,5.2,147,5.8,0.9,76,247,136,101
369866,PBCHD04RJU,296889,26/04/2019,09:19,10:30,Yellow,Slightly cloudy,1.016,4.5,Negative,Negative,Trace,1+,Negative,Normal,Negative,6-7,0,1-4,Nil,Nil,NIL,11.9,5.5,47.3,94,21,25,12,39.2,19346,59,21,5,8,0,9.97,1.49,0.53,0.68,0.08,242,11.3,19,0.05,29.8,0.2,0.53,0.39,6.62,175,56,85.7,87.1,435.5,96,3.1,1.53,0.65,0.7,0.2,0.5,61,52,32,13,6,4.5,1.5,3,1,13.1,6.1177,6.12,136,3.7,97,2.3,74.29,57,175,232,24.57,6.8,148.46,0.9,16.8,94,17.87,11.3,3.1,82,16.4,4.53,100,83,109,70
700349,GYAHD04JHJ,282003,27/04/2019,06:35,07:52,Light Yellow,Clear,1.016,5.8,Negative,Trace,Negative,Negative,Negative,Normal,Negative,9-10,0,3-4,Nil,Rare,Amorphous debris,10.2,5.8,37,76,17,27,10.1,40.3,6287,56,20,4,7,0,1.37,2.41,0.56,0.38,0.04,349,11.7,17,0.15,33.3,0.1,0.12,0.1,0.2,192,20,76.8,8.8,44,114,9.6,3.84,0.26,1,0.3,0.7,129,4,15,11,7,4.7,2.3,2.04,1.8,17.9,8.3593,4.64,120,4.9,90,1.4,30.38,63,300,363,17.36,6.2,131.24,0.1,18.9,94.3,20.04,8.6,2.8,298,8.9,8.36,106,100,76,195
329529,GYAHD05ODK,324744,28/04/2019,08:26,09:15,Straw,Hazy,1.019,8.9,Negative,1+,Negative,Negative,Negative,Normal,Negative,9-10,1,3-3,Rare,Nil,NIL,17,5.2,23.9,93.7,32,71,12.1,41.9,8006,51,29,6,7,0,9.79,3.87,0.64,0.51,0.09,119,11.5,12,0.37,23.9,3.3,0.14,0.32,0.37,162,27,98.4,21.7,108.5,151,6,3.64,0.27,0.5,0,0.5,93,29,17,27,7.7,3.8,3.9,0.97,0.6,23.5,10.9745,18.29,138,4.7,81,3.3,66.02,81,250,331,24.47,8,182.9,0.2,290.1,36.4,796.98,8.9,5.3,159,5,3.37,96,81,93,135
489183,PBCHD03KLC,185908,24/04/2019,11:57,13:23,Straw,Clear,1.016,4.7,Trace,Negative,Negative,Negative,Negative,Normal,Negative,1-2,0,2-4,Rare,Nil,Mucus threads,12.2,4.9,51.3,74.6,24,23,14.1,39.1,3984,50,36,5,3,0,21.87,2,0.72,0.02,0.02,356,8.2,23,0.16,12.2,4.5,0.34,0.09,3.89,171,56,97.3,21.2,106,105,3.1,1.74,0.58,0.4,0.1,0.3,112,47,30,26,5.6,3.9,1.7,2.29,0.8,9.9,4.6233,5.78,145,3.6,99,4.3,109.99,91,351,442,20.59,7.3,162.81,0.4,830.7,63.7,1304.08,8,3.3,122,4.8,6.42,76,98,66,79
384794,PBCHD10RJU,262288,24/04/2019,06:59,07:33,Light Yellow,Clear,1.014,6.7,Trace,Negative,Negative,2+,Negative,1+,Negative,47-52,5,>20,Nil,Nil,NIL,9.1,5,53.9,84.7,18,16,14.2,40.2,9347,50,50,10,4,0,12.82,2.5,0.13,0.08,0.08,247,7.1,12,0.12,19.5,0.1,0.27,0.04,0.38,178,62,98.5,59.1,295.5,71,2.9,1.59,0.63,0.7,0.1,0.6,115,17,21,23,7.4,4.1,3.3,1.24,1.2,17.3,8.0791,6.73,137,3.6,101,3.5,97.18,114,234,348,32.76,6.1,128.37,0.4,13.8,74,18.65,8.2,4.3,141,6.1,2.87,97,66,73,187
541892,PBCHD09PBP,163808,24/04/2019,06:42,07:57,Light Yellow,Clear,1.013,7.1,Trace,Negative,Negative,Negative,Negative,Normal,Negative,7-9,1,1-4,Nil,Nil,NIL,14.5,4.5,46.9,71.9,32,30,15.1,40.6,8664,36,10,7,8,0,22.7,2.05,0.43,0.24,0.02,226,15.2,13,0.43,30.6,4.1,0.21,0.13,0.99,183,37,44,49.6,248,65,4.9,1.19,0.84,0.7,0.3,0.4,99,39,24,13,5,4.5,0.5,9,1.1,62.3,29.0941,26.45,133,2.9,115,3.9,117.43,107,353,460,23.26,6,125.5,0.9,17.4,131.3,13.25,13.4,3.2,174,3.2,10.55,95,185,87,129
383174,GYAHD10KLM,162135,28/04/2019,10:11,10:53,Pink,Slightly cloudy,1.023,6.7,Negative,Trace,Negative,Negative,Negative,Normal,Negative,8-10,2,3-3,Nil,Nil,NIL,17.4,4.3,52.4,71.6,40,33,11.5,45.7,7240,37,32,6,6,0,1.23,3.5,0.56,0.36,0.03,326,10.3,13,0.25,30.7,0.1,0.07,0.06,0.04,211,40,70.7,36.9,184.5,132,5.3,1.77,0.57,0.7,0.3,0.4,106,33,37,31,7.3,3.5,3.8,0.92,1.2,15.5,7.2385,6.03,141,4.8,95,5.2,62.31,97,249,346,28.03,6.4,136.98,0.6,28.9,66.7,43.33,8.6,3.7,126,19.1,3.39,81,83,119,94
212647,PBCHD12KLC,684165,27/04/2019,10:03,11:04,Straw,Clear,1.023,6.9,Trace,Negative,Negative,Negative,Negative,Normal,Negative,1-3,1,2-4,Nil,Nil,Fungal elements,15.6,4.6,47.1,72,33,33,12.1,41.3,10063,40,24,8,4,0,6.04,1.1,0.5,0.3,0.04,142,9.3,14,0.38,28.9,0.1,0.34,4.45,1.39,179,50,110.3,23.6,118,95,3.6,2.21,0.45,0.4,0,0.4,112,45,32,38,6,4.6,1.4,3.29,0.7,73.1,34.1377,48.77,120,3.3,98,2.9,118.06,102,233,335,30.45,6.9,151.33,0.8,58,87.9,65.98,11.1,2.7,136,8.7,0.54,156,97,92,169
842108,PBCHD04RJU,629057,26/04/2019,07:39,08:36,Red,Slightly cloudy,1.014,4.9,Trace,Negative,Negative,Negative,Negative,Normal,Negative,12-14,0,5-14,Rare,Nil,Artifacts,10.7,4.4,34.3,52.6,24,31,14.2,41.4,9824,32,37,1,12,0,9.02,3.86,0.52,0.23,0.01,140,8.4,10,0.11,12.3,6.6,4.41,0.22,5.96,152,64,72.6,38.2,191,91,2.4,1.13,0.88,0.4,0,0.4,120,50,38,6,7.2,3.7,3.5,1.06,0.8,15.6,7.2852,9.11,145,4.8,99,3.7,99.74,92,353,445,20.67,6.1,128.37,0.5,12.9,78.5,16.43,11.1,4.6,298,15,1.95,117,119,87,153
535417,GYAHD01JHJ,371833,27/04/2019,10:12,10:55,Light Yellow,Clear,1.029,6.1,Negative,1+,Negative,Negative,Negative,Normal,Negative,5-7,0,2-2,Nil,Nil,NIL,14.2,6.6,44.2,46.9,21,32,10.6,39.9,4923,79,20,10,8,0,4.77,2.73,0.22,0.17,0.06,724,8,10,0.2,36.9,2.3,0.25,3.06,0.09,168,56,74.7,16.5,82.5,160,3,1.33,0.75,14.5,10,4.5,43,47,14,44,7,4.3,2.7,1.59,0.6,9.8,4.5766,7.63,134,5.2,119,4,102.55,113,350,463,24.41,9.8,234.56,0.8,11.9,63.2,18.83,11.5,4.6,162,4.3,8.19,123,86,81,124
166852,GYAHD13KAU,613469,24/04/2019,11:14,12:09,Light Yellow,Clear,1.016,4.8,Negative,Negative,Negative,Negative,Negative,Normal,Negative,10-11,0,2-3,Few,Nil,NIL,16.5,5.1,20.3,69.3,32,81,14.7,41.5,6080,37,54,3,5,0,7.14,0.59,1.49,0.39,0.08,310,15.6,13,0.36,22.3,4.4,0.33,0.23,0.25,192,37,107.3,93.2,466,159,5.2,2.9,0.34,0.8,0.3,0.5,57,54,27,32,7,4.7,2.3,2.04,1.1,10.5,4.9035,4.46,146,4.6,87,5.3,98.68,155,164,319,48.59,8,182.9,0.6,130.8,148,88.38,10,2.4,113,14,7.88,166,67,72,188
111762,KLTRS04TSS,806453,26/04/2019,08:06,09:22,Pale Yellow,Hazy,1.017,6.7,2+,Negative,Negative,Negative,Negative,Normal,Negative,9-11,1,2-4,Nil,Nil,NIL,11.9,2.5,43.5,78.3,47,27,13.7,39.1,6048,52,52,6,6,0,2.92,2.26,0.62,0.29,0.05,245,12.6,16,0.28,21.4,2.6,0.11,1.73,0.31,154,32,98.4,34.3,171.5,118,4.8,3.08,0.33,0.6,0,0.6,34,14,27,14,6,4,2,2,1.1,15.7,7.3319,6.67,120,3.6,96,3.4,103.6,63,155,218,28.9,5.9,122.63,0.7,11.8,125.1,9.43,11.9,2.1,85,6.1,11.76,70,79,120,96
983705,PBCHD01NLM,715877,28/04/2019,11:51,13:06,Light Yellow,Cloudy,1.013,4.9,Trace,Negative,Negative,Negative,Negative,Normal,Negative,9-10,0,3-3,Nil,Nil,Mucus threads,8.1,4.9,40.8,78.1,16,19,12.5,44,7597,34,20,6,5,1.9,17.72,1.59,0.43,0.27,0.06,293,9.7,17,0.17,34.3,4,0.05,0.55,3.77,155,69,92.1,38.7,193.5,111,2.2,1.33,0.75,0.7,0.2,0.5,60,20,21,16,7.3,4.4,2.9,1.52,1.2,5.6,2.6152,2.18,128,3.8,100,2.8,111.28,79,182,261,30.27,6.3,134.11,0.9,14,78.9,17.74,11.5,2.6,186,5,1.65,80,70,106,113
547582,PBCHD10NLM,698692,25/04/2019,07:28,08:51,Light Yellow,Slightly cloudy,1.015,6.7,Trace,Negative,Trace,Negative,Negative,Normal,Negative,4-6,0,3-2,Nil,Nil,NIL,18.4,8.4,39.7,96.5,21,46,13,39.1,6620,52,46,5,6,0,6.26,2.69,0.37,0.63,0.02,166,10.9,17,0.73,22.8,1.4,0.29,0.03,0.01,151,43,99.8,23.9,119.5,204,3.5,2.32,0.43,0.5,0.1,0.4,122,7,32,30,8,3.6,4.4,0.82,1.2,14.5,6.7715,5.64,142,5.8,81,8.1,115.66,69,201,270,25.56,8.3,191.51,0.2,23.9,218.3,10.95,11.8,3.1,94,7.2,3.45,125,63,123,99
421343,GYAHD07JHJ,189715,25/04/2019,11:26,12:54,Light Yellow,Slightly cloudy,1.018,6.7,Trace,Trace,Negative,Negative,Negative,Normal,Negative,4-5,1,3-3,Nil,Moderate,Mucus threads,12.8,3.6,36.3,62.6,35,35,12.9,40.1,10454,59,33,6,7,0,6.41,2.15,0.69,0.26,0.08,368,5.4,15,0.3,30.7,1.4,0.14,0.34,0.25,190,50,41.4,34.7,173.5,86,3.8,0.83,1.21,0.6,0.1,0.5,104,31,19,13,7.2,4.5,2.7,1.67,0.8,11.1,5.1837,6.48,148,3.9,102,4.1,105.14,95,213,308,30.84,8.9,208.73,0.2,10.3,335.8,3.07,10.5,3.3,101,7.5,0.68,85,113,83,95
640054,KLTRS13MLT,583135,25/04/2019,10:21,10:58,Straw,Clear,1.105,6.9,Negative,Trace,Negative,Negative,Negative,Normal,Negative,8-9,0,2-2,Nil,Moderate,NIL,9.2,5.6,45.4,84.8,16,20,13.4,44.8,10327,34,27,3,2,0,13.84,1.79,0.42,0.61,0.1,159,9.9,15,0.34,48.3,1.2,0.12,3.04,0.76,177,80,72.6,20.3,101.5,105,2.2,0.91,1.1,0.5,0,0.5,124,18,34,11,7.4,4.6,2.8,1.64,1.2,17.2,8.0324,6.69,141,3.9,95,2.4,93.2,67,345,412,16.26,6.1,128.37,0.8,12.9,219.9,5.87,9.7,3.3,65,4.9,0.44,92,70,71,265
682771,MZLGI06GJS,839661,24/04/2019,09:47,10:30,Straw,Slightly cloudy,1.014,5.6,Trace,Trace,Negative,Negative,Negative,Normal,Negative,13-14,2,3-3,Nil,Nil,NIL,2.7,6.4,56.3,45.6,4,4,13.3,41.8,7986,40,20,2,5,0,14.92,5.24,0.52,0.05,0.19,424,11,14,0.22,21.4,2.1,0.12,0.03,0.2,103,57,138.6,34.3,171.5,147,1.8,2.43,0.41,0.5,0,0.5,108,15,25,14,6.1,4.5,1.6,2.81,0.9,27,12.609,14.01,132,4.9,99,5.4,118.37,123,178,301,40.86,8.8,205.86,0.3,16,112.9,14.17,10.7,4.3,135,16.8,2.19,98,106,246,293
711414,KLTRS12ODB,904374,26/04/2019,10:02,11:24,Red,Clear,1.014,6.5,Negative,Trace,Negative,Negative,Negative,Normal,Negative,7-9,2,1-4,Rare,Nil,NIL,12.1,4.1,31.7,81.2,29,38,13.6,41.5,5716,48,52,10,2,0,7.37,2.91,0.61,0.05,0.1,282,8.6,17,0.36,33.4,4.2,2.28,6.51,0.13,158,55,75.3,20.2,101,205,2.9,1.37,0.73,0.5,0.2,0.3,67,20,79,32,5.3,4.3,1,4.3,1.9,9.6,4.4832,2.36,125,5.4,101,2.9,100.91,105,359,464,22.63,6.2,131.24,0.6,19,186.1,10.21,9.7,4.6,87,8.3,1.26,74,76,90,122
172971,PBCHD03NLM,318522,28/04/2019,11:17,11:48,Pale Yellow,Slightly cloudy,1.017,6.8,Negative,2+,Negative,Negative,Negative,Normal,Negative,4-5,2,1-2,Nil,Nil,NIL,11.6,5.5,63.2,99.6,21,18,11.6,41.6,9123,40,24,18,8,0,6.94,1.88,0.34,0.38,0.1,262,8.5,13,0.37,31.1,1.1,0.22,0.79,2.81,188,73,58.1,10.9,54.5,80,2.6,0.8,1.26,0.6,0,0.6,84,25,32,20,6.9,4.7,2.2,2.14,1.2,37.5,17.5125,14.59,135,3.8,95,4.4,74.29,35,345,380,9.21,5.9,122.63,18.4,20.7,255.4,8.1,11.3,3.2,255,12.2,6.36,105,70,70,156
654375,PBCHD12CGD,201660,27/04/2019,09:48,11:10,Deep Amber,Clear,1.015,6.1,Trace,Negative,Negative,Negative,Negative,Normal,Negative,11-13,2,3-4,Rare,Rare,NIL,10.7,4.4,30.4,76.1,24,35,12.1,42.6,8654,33,54,6,2,0,8.45,2.49,0.78,0.22,0.15,932,11.8,11,0.26,24.9,0.1,0.12,0.38,3.28,170,45,88.4,12.7,63.5,106,3.8,1.96,0.51,0.9,0.4,0.5,44,50,11,33,8.2,5.2,3,1.73,0.8,16.8,7.8456,9.81,121,4.2,108,6.9,116.01,218,206,424,51.42,5.8,119.76,0.8,13,49,26.53,11.7,4.2,92,18,0.33,122,181,72,79
693656,KLTRS01NLZ,491571,24/04/2019,11:18,11:55,Light Yellow,Hazy,1.013,5.8,Negative,Negative,Negative,Negative,Negative,Normal,Negative,3-4,1,3-3,Nil,Nil,NIL,7.9,6.9,44,92.7,11,17,13.2,42,9845,45,30,3,9,0,4.16,1.34,0.34,0.18,0.09,254,8,13,0.44,27.8,0.8,0.32,0.06,0.23,151,29,77.3,37,185,199,5.2,2.67,0.38,1,0.3,0.7,63,9,39,35,6.9,4.6,2.3,2,0.9,17.1,7.9857,8.87,137,4.6,100,1.2,95.25,172,356,528,32.58,12.8,320.66,0.3,10.1,92.2,10.95,10.2,4,152,18.7,3.45,119,105,184,210
651211,GYAHD01KAU,528833,24/04/2019,11:40,12:48,Pale Yellow,Slightly cloudy,1.023,6.7,Trace,1+,Negative,Negative,Negative,Normal,Negative,73-74,0,2-4,Rare,Nil,Mucus threads,11.6,4.5,37.7,100,25,30,13.4,33.9,6432,63,30,4,10,0,1.16,2.96,0.78,0.48,0.03,364,8.3,12,0.27,42.2,4,0.38,0.3,0.34,968,47,84.1,37.2,186,198,20.6,1.79,0.56,0.2,0,0.2,70,30,15,20,6.7,4.9,1.8,2.72,1,11,5.137,5.14,140,5.7,97,6.7,114.56,110,179,289,38.06,6.4,136.98,0.2,15.9,76.3,20.84,8.6,2.1,185,15.8,1.26,111,121,79,226
625637,KLTRS13MLT,324586,26/04/2019,08:26,09:23,Yellow,Slightly cloudy,1.022,6.8,Negative,Negative,Negative,Negative,Negative,Normal,Negative,43-45,0,2-2,Few,Nil,Artifacts,8.6,5.2,43.1,83.8,16,19,13,43.8,5931,48,32,6,7,0,10.25,4.24,0.47,0,0,209,8.6,11,0.26,28.4,4.4,0.09,0.36,0.26,159,76,95.9,24.7,123.5,127,2.1,1.26,0.79,0.3,0,0.3,44,23,35,43,6.8,3.9,2.9,1.34,0.7,16.1,7.5187,10.74,137,5.6,96,1.1,92.59,241,173,414,58.21,7,154.2,0.5,10.5,109.2,9.62,7.6,4,165,10,1.33,123,87,98,141
676988,PBCHD06HPP,415369,28/04/2019,06:00,07:11,Dark Yellow,Slightly cloudy,1.01,6.6,Trace,Negative,Negative,Negative,Trace,Normal,Negative,TNTC,5,10-11,Nil,Rare,NIL,16.8,4.1,49.4,86.9,40,34,13.3,27.5,35660,36,39,16,7,0,4.92,0.36,0.68,0.03,0.02,150,7.1,12,0.18,15.4,2.4,0.27,0.11,0.85,150,54,42.8,26.1,130.5,188,2.8,0.79,1.26,0.2,0,0.2,90,38,16,39,6.6,3.5,3.1,1.13,1.1,17.7,8.2659,7.51,136,3.8,98,4.3,101.57,94,346,440,21.36,5.8,119.76,0.9,145.6,126.9,114.74,9.2,6.2,173,7.5,2.98,95,60,122,120
271092,MZLGI12MHP,774033,26/04/2019,06:53,08:02,Straw,Clear,1.016,6.4,2+,Trace,Negative,Negative,Negative,Normal,Negative,13-14,66,1-3,Nil,Nil,NIL,12.5,5.1,47.3,90.9,24,26,14.6,40.3,5181,47,46,1,20,0.2,4.03,2.42,0.88,0.22,0.06,139,7.8,6,0.58,22.8,2.2,3.91,0.19,0.23,194,73,93.9,10.2,51,126,2.7,1.29,0.78,0.6,0,0.6,157,35,39,20,7.9,5,2.9,1.72,1.5,11.9,5.5573,3.7,121,4.1,108,3.2,119.97,121,256,377,32.1,7.2,159.94,1,16.3,119.9,13.59,9.1,3,108,3.1,1.07,123,71,236,131
795836,MZLGI03RJK,733280,28/04/2019,10:31,11:37,Straw,Clear,1.02,5.7,Trace,Trace,Negative,Negative,Negative,Normal,Negative,7-9,0,3-3,Nil,Nil,NIL,16.5,6.8,42.1,81.9,24,39,16.7,42.3,6594,57,42,10,6,0,17.1,2.91,0.58,0.35,0.06,368,11.4,25,0.45,30.4,1.6,0.2,0.03,0.04,193,29,84.6,46.3,231.5,209,6.7,2.92,0.34,0.7,0.3,0.4,109,15,18,29,7.4,4.3,3.1,1.39,0.9,14.1,6.5847,7.32,138,3.8,89,5.8,101.52,133,90,223,59.64,6.6,142.72,0.6,10.4,446.8,2.33,7.6,3.7,108,9.1,0.98,176,87,164,95
428350,KLTRS09ODB,246595,28/04/2019,07:00,07:45,Dark Yellow,Clear,1.026,4.8,2+,Negative,Negative,Negative,1+,Normal,Negative,12-14,1,1-4,Rare,Nil,NIL,13.5,5,44.3,98.7,27,30,15.3,39.2,6670,31,32,5,3,0,1.5,0.66,0.56,0.87,0.15,291,11.1,5,0.23,32.9,0.1,0.04,4.86,0.61,124,67,84.4,18.8,94,150,1.9,1.26,0.79,0.8,0.1,0.7,47,30,11,33,6.2,4.6,1.6,2.88,0.8,13.4,6.2578,7.82,137,4.2,98,5.4,110.22,111,200,311,35.69,6.3,134.11,0.1,16.8,126,13.33,8.4,6.5,229,18.9,0.45,96,73,73,119
304232,MZLGI09GJS,337573,24/04/2019,08:44,09:23,Yellow,Clear,1.018,4.8,Negative,2+,Negative,Negative,Negative,Normal,Negative,11-12,2,1-2,Nil,Nil,Mucus threads,19.8,4.9,52.9,58.6,40,37,14.4,43.2,6997,30,18,23,4,0,4.33,6.9,0.43,0.13,0.02,370,9.2,12,0.22,17.3,4.3,0.39,0.31,0.32,214,48,71.8,6.2,31,146,4.5,1.5,0.67,3.5,1.7,1.8,107,20,23,9,7.5,4,3.5,1.14,0.6,14.3,6.6781,11.13,135,1.8,104,5,99.39,75,133,208,36.06,6.4,136.98,0.6,939.5,110.1,853.32,11.2,4.5,80,16.9,1.84,98,81,119,253
952992,GYAHD10JHJ,809089,24/04/2019,11:45,12:38,Light Yellow,Slightly cloudy,1.011,6.1,Trace,Trace,1+,Negative,Negative,Normal,Negative,55-59,1,1-3,Nil,Nil,NIL,12.4,6.2,50.1,89.3,20,24,11.9,39.1,9958,58,15,1,8,0,6.4,3.87,0.52,0.68,0.03,230,7.2,12,0.35,17.7,0.1,0.2,0.38,0.02,195,41,127.2,32.6,163,123,4.8,3.1,0.32,0.7,0.2,0.5,99,38,14,29,6.6,5.2,1.4,3.71,0.6,21.7,10.1339,16.89,140,3.7,109,3.7,108.92,119,136,255,46.67,7.8,177.16,0.3,28.6,42.2,67.77,9,3.4,322,10.2,0.9,74,80,72,105
603185,MZLGI07RJK,441562,28/04/2019,09:10,10:27,Straw,Slightly cloudy,1.026,6.8,Trace,Trace,Negative,Negative,Negative,Normal,Negative,10-12,0,1-3,Nil,Nil,NIL,9.9,5.1,57,97.3,19,17,14.9,41.8,8189,43,19,6,6,0,4.99,1.41,0.83,0.26,0.08,375,8.1,14,0.28,12.5,2.7,3,0.39,0.17,228,29,50.4,13.7,68.5,100,7.9,1.74,0.58,0.5,0,0.5,44,120,23,10,7.6,5,2.6,1.92,0.9,6.4,2.9888,3.32,145,4.5,102,6.5,113.95,140,353,493,28.4,8.1,185.77,0.1,11.3,139,8.13,8.7,3.3,153,6.5,6.18,99,87,76,113
380504,KLTRS15ODB,294386,24/04/2019,09:21,10:45,Light Yellow,Clear,1.018,8.5,Trace,Negative,Trace,Negative,Negative,1+,Negative,4-6,2,1-2,Moderate,Nil,NIL,17.6,5.5,47.6,98.6,32,36,11.6,42.8,4956,79,32,6,7,0,8.27,1.27,0.99,0.4,0.05,36,10.6,16,0.26,12.6,2,0.21,0.36,0.14,154,36,127,10.9,54.5,129,4.3,3.53,0.28,1,0.4,0.6,46,29,22,25,6.9,4.7,2.2,2.14,0.7,18.2,8.4994,12.14,134,5.4,105,9.1,110.65,147,272,419,35.08,6.4,136.98,0,10.2,74.3,13.73,8.6,5.2,67,3.9,1.85,95,80,81,85
494155,GYAHD05KAU,820357,25/04/2019,06:49,07:47,Light Yellow,Slightly cloudy,1.028,4.5,Trace,Negative,Negative,Negative,Negative,Normal,Negative,12-14,2,17-16,Nil,Few,NIL,11.6,7,51.5,66,16,22,13,42.9,9863,48,45,4,8,0,1.84,5.88,0.43,0.29,0.01,126,8.9,6,0.15,13.6,2.3,0.09,0.27,0.14,134,45,73.4,29.4,147,69,3,1.63,0.61,1,0.3,0.7,114,31,11,12,6.4,5,1.4,3.57,0.7,12.2,5.6974,8.14,143,3.6,108,4.2,114.5,200,349,549,36.43,6.2,131.24,0.8,10.3,77.7,13.26,7.9,2.5,124,13.1,3.59,94,124,88,117
548886,GYAHD06ODK,236679,24/04/2019,10:49,11:30,Light Yellow,Slightly cloudy,1.017,6.5,Negative,Trace,Negative,2+,Negative,Normal,Negative,11-13,1,1-3,Nil,Nil,NIL,11.6,6.4,35,89.8,18,33,12.5,48,5631,31,47,10,8,0.3,9.06,4.13,0.07,0.16,0.04,221,9,15,0.22,28.6,2.6,0.29,0.17,0.26,121,25,103.2,37.5,187.5,216,4.8,4.13,0.24,0.4,0,0.4,55,105,40,32,6.4,4.2,2.2,1.91,1.9,18.4,8.5928,4.52,119,2.8,97,5.8,82.5,80,149,229,34.93,5.8,119.76,0.9,15.8,409.4,3.86,8.6,2.7,242,3.2,1.39,90,101,124,117
647263,MZLGI14GJS,940454,27/04/2019,06:50,08:13,Yellow,Slightly cloudy,1.015,6.8,Negative,Trace,Negative,Negative,Negative,Normal,Positive,78-81,1,17-15,Nil,Nil,NIL,14.9,5.1,35.3,87.8,29,42,13.5,39.1,5785,69,22,23,22,0,9.65,1.48,0.47,0.19,0.04,188,8.7,16,0.33,29.7,3.2,1.63,0.36,0.2,168,42,63.7,8.2,41,109,4,1.52,0.66,0.8,0.2,0.6,118,70,12,38,7.4,4.8,2.6,1.85,1.1,11.6,5.4172,4.92,137,4.5,99,3.3,112.32,88,311,399,22.06,6,125.5,0.3,14.4,121.8,11.82,9.8,2.8,313,5.6,8.43,148,135,93,119
155586,GYAHD01KLM,737179,25/04/2019,11:57,12:39,Pale Yellow,Slightly cloudy,1.013,4.9,1+,Negative,Negative,Negative,Negative,Normal,Negative,3-4,1,2-4,Rare,Nil,Parasites,16.6,5.5,20.6,89.6,30,80,14.5,46.6,8573,48,24,2,1,0,1,2.94,0.5,0.16,0.04,1042,11.5,16,0.1,18.6,3.3,0.06,1.61,0.34,190,26,91,33.5,167.5,219,7.3,3.5,0.29,0.5,0.2,0.3,101,34,12,8,7.4,4.7,2.7,1.74,0.7,16.6,7.7522,11.07,149,4.4,102,3.3,90.54,181,135,316,57.28,5.9,122.63,0.1,10.1,241.7,4.18,7.6,4.3,99,6.8,1.56,70,98,82,99
643801,MZLGI01RJK,655765,24/04/2019,08:50,09:32,Pale Yellow,Clear,1.014,4.7,Trace,Trace,Negative,Negative,Negative,Normal,Negative,6-8,2,1-3,Nil,Nil,NIL,4.1,4.8,40.8,98.4,8,10,12.5,42.8,5666,56,10,1,20,0,7.21,1.56,0.54,0.25,0.02,107,15.6,16,0.3,24.8,2.6,0.34,0.63,0.35,132,41,77.6,13.4,67,74,3.2,1.89,0.53,1,0.3,0.7,100,16,13,40,8,3.4,4.6,0.74,0.6,53.7,25.0779,41.8,126,2.6,92,3.3,110.8,125,297,422,29.62,7.7,174.29,0.3,10.3,96,10.73,9.3,4.4,119,17.1,3.18,90,66,101,74
226907,KLTRS13NLZ,312450,28/04/2019,06:38,07:19,Pale Yellow,Hazy,1.015,4.4,2+,Negative,Negative,Negative,Negative,Normal,Negative,4-6,0,3-4,Few,Nil,NIL,13.4,5.5,45.6,91.9,24,29,13.8,39.8,6544,30,48,4,7,0.7,1.06,2.21,0.57,0.53,0.03,259,7.2,12,0.37,29.1,1.2,0.4,0.04,3.7,231,48,112.7,7.1,35.5,146,4.8,2.35,0.43,1.5,0.7,0.8,86,15,36,35,6.3,3.5,2.8,1.25,1.1,35.7,16.6719,15.16,146,4.5,107,4.1,115.31,147,347,494,29.76,6.6,142.72,0.3,288.9,127,227.48,8.1,5.7,94,3.5,0.86,77,62,87,126
264878,PBCHD12SKM,920456,25/04/2019,08:51,09:46,Yellow,Hazy,1.019,5.9,Negative,Negative,Negative,Negative,Negative,Normal,Negative,11-12,0,1-3,Few,Rare,NIL,11,4,42.7,99.7,27,25,12.3,42.2,8289,65,38,3,2,0,16.8,1.49,0.73,0.38,0.04,27,11.1,12,0.51,27.3,0.1,0.45,0.4,0.36,217,22,89.5,53.1,265.5,110,9.9,4.07,0.25,0.5,0,0.5,122,35,34,16,6.5,3.5,3,1.17,2.4,147.9,69.0693,28.78,138,3.3,92,2.6,109.31,130,204,334,38.92,6.2,131.24,0.5,21,80.4,26.12,8,1.2,95,7.3,3.09,93,122,84,72
133905,KLTRS15MLT,192017,26/04/2019,08:52,09:44,Red,Clear,1.015,6.4,Negative,Negative,Negative,Negative,Negative,Normal,Negative,13-14,2,3-3,Few,Nil,Artifacts,19.8,6.2,51.4,76.7,31,38,12.2,42.1,6436,51,22,2,11,10.6,9.86,2.62,1.1,0,0.01,266,14.7,15,0.22,13.9,0.1,0.02,0.39,0.61,658,45,87.5,24.6,123,120,14.6,1.94,0.51,0.8,0.3,0.5,94,48,45,20,6.8,4.8,2,2.4,0.8,17.3,8.0791,10.1,145,3.4,97,3.4,97.27,102,125,227,44.93,8.6,200.12,0.9,12.3,240.5,5.11,10,3.6,296,5.5,1.43,100,252,121,254
107854,GYAHD01KLM,209860,27/04/2019,07:50,09:14,Light Yellow,Clear,1.014,5.9,Negative,1+,Negative,Negative,Negative,Normal,Negative,7-8,1,>20,Nil,Nil,NIL,16.8,4.5,46.1,79.2,37,36,14.1,41.7,8476,36,40,1,4,0,11.3,3.66,0.7,0.58,0.07,376,11.1,16,0.19,28.9,1.5,3.77,0.39,4.48,284,74,123.2,77.8,389,107,3.8,1.66,0.6,0.7,0,0.7,112,6,33,37,7.1,3.5,3.6,0.97,1,8.1,3.7827,3.78,135,4.7,99,4.1,90.64,190,316,506,37.55,6.1,128.37,0.2,24.1,100,24.1,8.4,2.1,101,7.4,4.29,139,85,70,107
402784,MZLGI04MHP,351611,26/04/2019,11:35,12:18,Yellow,Clear,1.013,5.9,Negative,Trace,Negative,Negative,Negative,Normal,Negative,1-3,0,2-3,Nil,Rare,NIL,19.9,4.7,39.2,84.6,42,50,11.9,43.7,8474,47,36,5,7,0,9.49,1.36,0.24,0.03,0.09,271,7,13,0.22,28.1,6.9,0.03,4.6,0.31,155,59,75.4,35.7,178.5,72,2.6,1.28,0.78,0.9,0.2,0.7,173,32,27,33,7.1,4.7,2.4,1.96,0.9,10,4.67,5.19,135,3.1,104,5.6,116.77,156,190,346,45.09,6.2,131.24,0.9,12,66.8,17.96,10.8,4.3,114,8.3,1.95,139,94,201,318
569708,MZLGI10GJS,349788,26/04/2019,10:25,11:16,Pale Yellow,Slightly cloudy,1.013,4.7,Trace,Negative,Negative,Negative,Negative,Normal,Negative,6-8,0,15-13,Nil,Nil,Fungal elements,12.6,4.7,35.1,124.7,26,35,13,39.5,6577,79,39,1,7,0,4.56,6.49,0.3,0.33,0.06,441,9.3,20,0.09,25.7,3.9,0.32,0.22,0.37,186,59,77.8,24.1,120.5,142,3.2,1.32,0.76,0.3,0,0.3,100,38,14,9,8.2,4.7,3.5,1.34,0.9,10.2,4.7634,5.29,142,3.9,96,6.3,35.84,82,255,337,24.33,7.9,180.03,0.1,12.8,107.7,11.88,7.9,4.9,103,6,3.69,124,65,120,116
430000,GYAHD05JHJ,923718,28/04/2019,06:43,07:38,Light Yellow,Hazy,1.015,5.1,Trace,Negative,Trace,Negative,Negative,Normal,Negative,TNTC,1,13-9,Rare,Nil,NIL,17.3,5,41.8,53.8,34,41,13.8,41.6,6092,35,39,5,6,0,0.32,1.39,0.54,0.16,0.08,260,10.1,17,0.66,14.5,5,1.91,0.23,0.24,151,44,87.1,16.3,81.5,85,3.4,1.98,0.51,0.6,0.2,0.4,45,27,11,10,6.3,4.3,2,2.15,0.6,8.5,3.9695,6.62,145,2.7,108,5.1,118.17,62,240,302,20.53,6,125.5,0.6,13,588,2.21,9.8,3.4,127,16.1,0.62,79,74,81,202
618316,PBCHD08PBP,916646,24/04/2019,11:57,13:11,Yellow,Slightly cloudy,1.011,6.7,1+,Trace,Negative,Negative,Negative,Normal,Negative,12-14,0,3-2,Nil,Nil,Fat droplets or lipiduria,9.9,4,38,92.3,24,26,12.6,43.2,9476,44,25,4,4,0,8.37,2.46,1.26,0.23,0.13,653,8.3,13,0.38,38.8,4,0.3,0.32,0.25,187,50,96.3,6,30,208,3.7,1.93,0.52,0.6,0.2,0.4,125,47,22,35,6.3,2.6,3.7,0.7,1,19.9,9.2933,9.29,138,4,95,2.6,113.61,172,132,304,56.58,6.3,134.11,0.7,28.4,294.2,9.65,8.8,5,121,4.8,3.05,111,63,68,140
584138,KLTRS05ODB,973999,27/04/2019,08:55,09:54,Yellow,Clear,1.018,4.9,2+,Negative,Negative,Negative,Negative,Normal,Negative,4-5,1,3-4,Nil,Nil,NIL,10,4.6,13.9,97.1,21,71,12,42.4,5800,58,47,3,3,0,18.57,0.88,0.72,0.47,0.08,156,11.6,10,0.08,32.1,5,0.06,1.33,0.06,160,53,81,79.1,395.5,66,3,1.53,0.65,0.4,0,0.4,126,18,31,36,6.9,5,1.9,2.63,1,87.8,41.0026,41,136,4.7,106,5.8,64.62,85,350,435,19.54,7.1,157.07,0.8,11.6,44.9,25.84,10.2,3.9,76,11.6,3.95,96,75,94,68
253603,GYAHD08KAU,121818,27/04/2019,11:20,12:48,Pale Yellow,Hazy,1.015,5.7,Trace,Trace,Negative,Negative,Negative,1+,Negative,39-44,1,3-4,Nil,Nil,Fungal elements,15,5,64.3,94,30,23,11.9,42.4,10696,52,31,3,3,8.8,4.83,1.06,0.23,0.34,0.1,331,17,12,0.21,21.8,5.7,0.34,0.71,0.72,131,57,75.3,18.4,92,134,2.3,1.32,0.76,0.3,0,0.3,107,26,11,34,8,4.1,3.9,1.05,1.1,10.9,5.0903,4.63,142,4,89,3.2,104.95,153,160,313,48.88,5.4,108.28,0.4,45.5,85.1,53.47,11,4.4,131,12.6,2.51,92,193,90,127
313602,MZLGI01MHP,234281,24/04/2019,08:29,09:11,Light Yellow,Cloudy,1.018,5,Trace,1+,Negative,Negative,Negative,Normal,Negative,3-5,2,7-14,Nil,Nil,Parasites,3.6,2.8,28.6,44,12,12,11.9,45.8,5797,56,32,2,4,0,6.86,1.46,0.7,0.59,0.1,132,10.9,14,0.23,23.5,0.4,0.09,0.24,0.3,161,56,77.1,73.6,368,116,2.9,1.38,0.73,0.9,0.2,0.7,44,20,34,21,7.3,5,2.3,2.17,0.9,20,9.34,10.38,126,5,113,2.7,95.79,153,319,472,32.42,7.4,165.68,0.8,10.7,44.3,24.15,8.3,3.5,342,10.3,0.43,120,86,241,132
490128,MZLGI05GJS,976987,24/04/2019,06:58,07:42,Yellow,Clear,1.014,6.8,Trace,Trace,Negative,Negative,Negative,Normal,Negative,5-6,5,3-4,Nil,Rare,Parasites,13.7,5.9,55.1,78.6,23,24,14.5,46.3,6799,38,21,4,10,0,1.06,2.66,0.76,0.99,0.01,382,15.1,15,0.31,15.2,2.3,0.41,0.34,2.91,181,56,103.6,37.2,186,71,3.2,1.85,0.54,0.2,0,0.2,125,44,33,27,6.7,3.7,3,1.23,0.7,14.9,6.9583,9.94,148,4.3,106,5.5,75.31,76,205,281,27.05,6.2,131.24,0.9,14,375.2,3.73,9.8,3,67,10.2,8.65,87,150,84,99
733117,PBCHD10PBM,215890,24/04/2019,11:44,13:08,Light Yellow,Slightly cloudy,1.023,4.6,Negative,Trace,Negative,Negative,Negative,Normal,Negative,10-11,0,1-4,Nil,Nil,NIL,12.6,5.8,33.9,98.3,21,37,12.2,36.9,7216,62,27,4,7,0,0.52,2.19,0.53,0.23,0.1,531,8.1,14,0.1,13.6,2.3,0.25,0.26,0.4,211,67,77,23.9,119.5,175,3.1,1.15,0.87,0.7,0,0.7,110,13,29,33,7.6,4.7,2.9,1.62,0.9,13.4,6.2578,6.95,141,4.3,98,1.5,104.56,121,241,362,33.43,5.8,119.76,1,16.8,34.5,48.7,9.5,2.8,248,11.7,1.74,153,84,99,80
377426,GYAHD05KLM,266076,26/04/2019,10:59,11:40,Deep Amber,Clear,1.016,4.5,Negative,Negative,Negative,Negative,Negative,Normal,Negative,47-50,0,>20,Nil,Rare,Amorphous debris,14.8,5.7,14.2,86.6,25,104,11.6,45.6,6706,45,21,2,8,0,6.59,4.31,0.43,0.08,0.06,433,15,16,0.05,15.7,0.4,0.7,0.16,0.19,188,49,51.8,28.5,142.5,80,3.8,1.06,0.95,0.4,0.1,0.3,116,8,19,11,6.5,4.5,2,2.25,0.6,31,14.477,24.13,124,4.9,115,7.1,94.1,100,202,302,33.11,6.1,128.37,0.5,26.2,82,31.95,11.2,3.8,72,7.2,0.22,92,68,88,158
547053,MZLGI07RJK,545058,27/04/2019,08:49,09:31,Pale Yellow,Clear,1.025,6.6,Trace,Trace,Negative,Negative,Negative,Normal,Negative,7-9,1,2-3,Rare,Nil,NIL,13.4,6.9,34.7,61.7,19,38,13.2,40.9,7082,38,24,5,2,2,0.63,6.83,0.4,0.1,0.02,377,9.7,10,0.4,13.8,1.9,0.05,0.08,0.67,174,49,83.3,87.8,439,196,3.6,1.7,0.59,0.7,0.1,0.6,60,47,13,21,6.2,4.6,1.6,2.88,0.7,16.3,7.6121,10.87,135,3.6,102,5.3,102.57,180,272,452,39.82,5.8,119.76,0.3,17.6,45.1,39.02,9.6,3.9,150,8.2,1.3,151,61,61,129
472483,KLTRS01ODB,505767,28/04/2019,11:48,12:59,Pale Yellow,Slightly cloudy,1.018,6.9,Negative,Trace,Negative,Negative,Negative,Normal,Negative,6-7,0,8-9,Nil,Rare,Amorphous debris,11.9,5.1,12.8,52.1,23,92,13.2,45.2,7096,37,21,1,9,0,3.09,0.09,0.73,0.04,0.16,338,9.8,13,0.09,40.3,7.2,0.23,0.09,0.32,188,49,62.3,98.4,492,143,3.8,1.27,0.79,0.7,0.3,0.4,81,20,32,35,7.7,4.1,3.6,1.14,0.9,12.7,5.9309,6.59,137,3.1,100,2.7,92.79,98,138,236,41.53,6,125.5,0.3,14.4,308.9,4.66,9.9,4.1,195,11.9,9.1,95,124,82,66
554810,PBCHD11PBM,121164,27/04/2019,11:06,12:15,Yellow,Slightly cloudy,1.02,6,Trace,Trace,Negative,2+,Trace,Normal,Negative,12-14,2,2-3,Few,Few,NIL,10.9,5.5,15.3,47.5,19,71,16.4,39.9,6871,60,49,10,11,0.7,0.54,2.27,0.34,0.01,0.03,145,13.7,15,0.38,13.7,2.9,0.11,2.52,0.84,226,55,83.2,27.7,138.5,91,4.1,1.51,0.66,0.7,0.2,0.5,114,18,18,25,7.8,4.7,3.1,1.52,0.7,16.2,7.5654,10.81,142,5.5,103,3.7,116.37,208,263,471,44.16,8.8,205.86,0.1,25.2,161.3,15.62,8.8,5,117,10.7,3.79,88,87,89,122
382127,GYAHD05ODK,409772,28/04/2019,08:00,08:52,Pale Yellow,Clear,1.027,6.9,Trace,1+,Trace,Negative,Negative,Normal,Negative,2-3,1,1-2,Nil,Nil,NIL,14.4,7.2,41.9,90.7,20,34,12.7,40.6,4536,58,38,1,4,0,3.96,1.45,0.1,0.79,0.02,321,5.3,15,0.24,35,5.5,6.44,0.12,0.02,190,26,94.2,35.2,176,126,7.3,3.62,0.28,0.6,0.2,0.4,93,12,29,13,5.4,5,0.4,12.5,0.6,14.7,6.8649,11.44,142,3.1,102,3.1,106.31,30,297,327,9.17,8.9,208.73,0.9,24.4,244.8,9.97,9.2,5.4,125,11.6,2.21,81,84,119,62
185821,KLTRS12ODB,420900,24/04/2019,09:32,10:28,Pink,Clear,1.025,6.2,Negative,Trace,Negative,Negative,Negative,Normal,Negative,TNTC,2,3-2,Nil,Nil,NIL,12.2,4.3,35.6,44.6,28,34,13.2,41.6,8006,46,21,5,2,0,1.64,2.11,0.46,0.18,0.09,393,9.5,17,0.21,33,3.4,0.59,0.5,0.12,182,31,71.2,6.7,33.5,64,5.9,2.3,0.44,0.7,0.3,0.4,73,55,21,44,7.6,3.6,4,0.9,1.2,19.1,8.9197,7.43,148,3,80,3,114.04,82,347,429,19.11,6.9,151.33,0.7,13.3,124.8,10.66,9.3,2.7,67,8.1,2.79,114,84,71,284
559006,MZLGI15BRC,852445,26/04/2019,07:18,08:44,Pale Yellow,Clear,1.017,6.7,Negative,Negative,Negative,Negative,Negative,Normal,Negative,2-4,0,1-3,Nil,Nil,Amorphous debris,10.4,4.5,31.4,64.1,23,33,12.3,42.8,10370,40,31,3,4,0,1.04,1.76,0.67,0.31,0.07,398,7.8,15,0.32,23.6,0.6,0.1,0.35,0.13,179,41,73.8,39,195,90,4.4,1.8,0.56,0.2,0,0.2,97,20,91,10,6.7,4.3,2.4,1.79,0.8,9.1,4.2497,5.31,128,3.6,114,5.7,105.28,64,360,424,15.09,7.2,159.94,0.6,17.3,62.9,27.5,7.8,3.1,137,8.9,3.68,78,62,120,144
977542,KLTRS10MLT,503056,24/04/2019,09:42,10:35,Pale Yellow,Hazy,1.018,5.3,Negative,Trace,Negative,Negative,Negative,Normal,Negative,TNTC,4,14-16,Nil,Nil,Fungal elements,7,4.8,31.5,92.3,14,22,13.1,41.5,7409,58,16,4,10,0,0.53,2.48,1.13,0.67,0.02,102,8,17,0.51,30.8,3,0.76,6.17,0.34,168,45,128.2,30,150,199,3.7,2.85,0.35,4.3,0.1,4.2,47,32,29,43,7.6,3.2,4.4,0.73,1,7.2,3.3624,3.36,146,4,97,3.8,105.25,115,252,367,31.34,5.9,122.63,0.3,28.7,51.9,55.3,8.8,3.3,136,5.9,2.57,116,92,77,129
970563,GYAHD15KLM,626024,24/04/2019,08:23,09:33,Straw,Slightly cloudy,1.025,5.9,Trace,2+,Negative,Negative,Negative,Normal,Negative,7-9,0,2-3,Nil,Few,Parasites,22,4.6,11.9,79.3,47,184,12.6,39.2,5178,50,24,3,4,0,9.57,6.84,1.18,0.51,0.08,1082,10.9,27,0.38,13.2,2.8,0.71,0.06,0.18,224,53,141.6,36,180,97,4.2,2.67,0.37,0.8,0.2,0.6,57,12,25,16,7.7,3.7,4,0.93,0.7,17.2,8.0324,11.47,142,3.5,73,6.3,102.49,66,291,357,18.49,6.4,136.98,0.4,15.4,51,30.2,10.5,2.7,109,7.9,1.68,93,68,76,173
744899,MZLGI13GJS,322279,24/04/2019,09:20,10:39,Pale Yellow,Hazy,1.02,6.7,Trace,Trace,Negative,Negative,Negative,Normal,Negative,12-13,0,1-3,Few,Nil,NIL,9.2,4.4,33.5,77.4,20,27,13.6,40.9,3859,33,31,4,7,0,2.58,2.44,0.41,0.17,0,385,7.3,19,0.38,12.3,3.6,0.23,0.04,0.97,158,72,78.7,32.7,163.5,90,2.2,1.09,0.91,0.6,0,0.6,111,40,27,25,8.2,3.7,4.5,0.82,1.1,18.6,8.6862,7.9,145,4.8,100,3.1,92.1,33,209,242,13.64,5.7,116.89,0.3,27.5,126.7,21.7,10.1,3.3,265,7.9,1.13,124,63,115,127
745661,PBCHD02PBP,875722,26/04/2019,10:15,11:28,Light Yellow,Clear,1.024,4.9,Negative,Negative,1+,Negative,Negative,Normal,Negative,5-6,2,1-3,Rare,Nil,Amorphous debris,14.3,8,51.7,86.9,17,27,12,35.2,7182,32,10,3,6,0.7,5.96,2.68,0.79,0.3,0.09,48,11.2,14,0.16,19.6,3.8,0.24,0.34,0.1,146,27,96.4,18.5,92.5,206,5.4,3.57,0.28,1.1,0.4,0.7,57,19,34,33,7.6,4.3,3.3,1.3,1.2,16.7,7.7989,6.5,147,5,100,6.1,116.9,68,131,199,34.17,5.7,116.89,0.2,10.2,27.3,37.36,9.5,5.2,81,14.7,3.62,113,69,105,373
674929,MZLGI03APK,254670,26/04/2019,07:01,08:07,Light Yellow,Slightly cloudy,1.01,5.5,1+,Negative,Negative,Negative,Negative,Normal,Negative,8-9,0,>20,Nil,Nil,Mucus threads,10,5.3,59.9,66.2,18,16,12.1,44.5,33602,69,39,4,8,0,3.58,1.73,0.89,0.49,0.06,118,11,13,0.27,32.2,4.9,0.31,0.25,0.15,530,50,76.6,11.3,56.5,126,10.6,1.53,0.65,5.9,2.9,3,85,41,14,35,8,4.8,3.2,1.5,0.9,10.6,4.9502,5.5,140,2.4,103,4.1,82.5,154,298,452,34.07,6.2,131.24,0.6,693.7,131.5,527.53,14.3,4.6,143,10.5,1.36,81,127,75,251
182526,MZLGI04APK,986324,24/04/2019,07:52,09:08,Pale Yellow,Slightly cloudy,1.015,6.6,Trace,Trace,Negative,Negative,Negative,Normal,Negative,3-4,2,3-4,Nil,Rare,Fungal elements,15.9,4.7,32.8,88.9,33,48,13.7,43.3,9061,37,40,7,11,6.5,9,2.62,0.27,0.26,0.05,179,11.4,5,0.2,29.9,2.3,0.13,1.19,0.22,110,41,147.2,11.9,59.5,75,2.7,3.59,0.28,0.3,0.1,0.2,97,50,23,39,6.7,3.8,2.9,1.31,0.7,34.2,15.9714,22.82,133,3.6,95,4.3,111.79,156,319,475,32.84,12.3,306.31,0.8,16.7,106.6,15.67,9,2.5,252,5.9,0.18,118,70,93,128
844197,KLTRS06WBD,354101,28/04/2019,09:36,10:11,Light Yellow,Clear,1.016,5.2,Negative,Negative,Negative,Negative,Negative,Normal,Negative,TNTC,1,1-2,Nil,Nil,Yeast cells,10.1,4.1,31.8,50.2,24,31,12.9,41,10912,59,19,2,2,0,8.05,1.28,0.38,0.36,0.06,416,11.5,20,0.15,24.2,3.9,0.22,0.02,0.36,196,57,99.6,36.2,181,77,3.4,1.75,0.57,0.8,0.3,0.5,100,49,28,17,6.8,3.5,3.3,1.06,0.6,15,7.005,11.68,147,4.9,89,3.9,91.47,89,348,437,20.37,12.2,303.44,0.2,13.1,95.8,13.67,12,2.1,268,10.2,2.56,107,72,61,86
571391,PBCHD07KLC,269706,25/04/2019,11:06,11:48,Pale Yellow,Opaque,1.026,4.6,Negative,Negative,Negative,Negative,Negative,Normal,Negative,14-15,1,5-12,Rare,Nil,Mucus threads,15.6,4.2,12.1,98.4,37,128,12.2,40.4,6160,25,15,2,2,0,0.75,1.22,1.05,0.42,0.12,245,11.7,18,0.39,12.3,1.2,5.3,3.7,0.25,153,21,43.7,76.7,383.5,62,7.3,2.08,0.48,0.7,0.3,0.4,73,35,19,34,6.5,4.2,2.3,1.83,1.2,11.7,5.4639,4.55,146,4.7,103,3.9,94.49,83,196,279,29.75,7.5,168.55,0,16.9,118.5,14.26,11.6,4,169,8.6,0.71,75,178,61,218
978898,PBCHD01PBP,593373,26/04/2019,06:14,06:57,Straw,Clear,1.011,6.9,Trace,1+,Negative,Negative,Negative,Normal,Negative,1-3,0,2-3,Nil,Nil,NIL,15.7,5,46.2,82.8,31,33,14.1,40.9,4335,51,15,6,6,0,7.58,6.05,0.76,0.49,0.08,205,11.7,15,0.28,12.2,0.3,0.23,0.35,0.34,150,59,73.1,59.3,296.5,172,2.5,1.24,0.81,0.4,0.1,0.3,64,48,10,17,7.6,4.7,2.9,1.62,0.7,10.6,4.9502,7.07,140,3,100,2.5,104.68,76,116,192,39.58,5.9,122.63,0.1,25.3,127.8,19.8,11.1,3.7,72,11.8,2.56,112,91,92,88
765168,PBCHD05SKM,335755,27/04/2019,06:14,06:45,Yellow,Hazy,1.013,6.6,Trace,Negative,Negative,1+,Negative,1+,Negative,3-5,4,1-2,Nil,Nil,NIL,10.1,4.7,37.4,114.3,21,27,12.6,39.3,10502,34,34,4,6,0,8.85,2.62,0.69,0.42,0.04,231,6.1,18,0.38,24.7,1.5,0.97,0.02,0.33,158,40,134.7,95.5,477.5,64,4,3.37,0.3,0.7,0.3,0.4,87,10,36,41,7.1,3.7,3.4,1.09,0.7,12.2,5.6974,8.14,144,4,99,2.4,119.7,68,216,284,23.94,6.2,131.24,0.5,65.4,288.3,22.68,8.9,2.6,113,11.9,2.88,78,182,92,89
104534,PBCHD05PBM,889617,24/04/2019,07:25,08:34,Pale Yellow,Clear,1.029,4.7,1+,Trace,Negative,Negative,Negative,Normal,Negative,65-70,0,2-4,Rare,Nil,NIL,13.5,5.9,42,49.3,22,32,11.7,43.9,9866,55,40,2,2,0,4.41,2.78,0.96,0.38,0.08,110,13.7,12,0.34,23.8,0.1,3.12,0.03,0.28,181,49,71.1,10.2,51,115,3.7,1.45,0.69,0.4,0,0.4,46,49,15,36,7.3,4.3,3,1.43,1.1,16.1,7.5187,6.84,135,4.6,97,1.1,43.76,62,359,421,14.73,6.2,131.24,0.7,22.3,232.9,9.57,9.9,5.7,156,6,3.88,95,88,72,130
186686,KLTRS01KLP,519840,26/04/2019,07:37,09:02,Pale Yellow,Slightly cloudy,1.014,6.9,1+,Trace,Negative,Negative,Negative,Normal,Negative,12-14,0,12-9,Nil,Nil,NIL,15,8.1,35.5,81.7,18,42,12.6,41.4,7373,48,26,8,1,0,9.35,7.24,0.72,0.73,0.06,138,7,17,0.72,20.7,3.3,0.6,5.15,0.31,149,47,157.7,37,185,170,3.2,3.36,0.3,0.6,0,0.6,91,40,25,43,7.4,3.9,3.5,1.11,0.7,29.8,13.9166,19.88,146,4.3,100,4,106.64,73,188,261,27.97,6.7,145.59,0.7,13.8,148.6,9.29,9,5.8,277,9.4,1.5,136,84,100,238
954051,MZLGI13MHP,899495,24/04/2019,10:53,12:22,Yellow,Clear,1.016,5.4,Negative,Trace,Negative,Negative,Negative,Normal,Negative,2-4,1,14-11,Nil,Nil,Fat droplets or lipiduria,17.7,5.1,46.7,85.6,34,37,14.1,42.8,10989,42,50,9,7,0,2.18,4.38,0.23,0.15,0.06,231,15.2,11,0.1,28.8,0.1,0.39,0.02,0.17,188,24,72.2,27,135,172,7.8,3.01,0.33,0.4,0,0.4,99,37,17,29,7.8,3.5,4.3,0.81,1.1,8.5,3.9695,3.61,139,4.7,104,6.8,94.81,158,347,505,31.29,6,125.5,1,17.8,60.5,29.42,11.2,2.3,190,12,0.61,73,84,130,182
905977,KLTRS12ODB,562804,25/04/2019,07:29,08:44,Yellow,Clear,1.018,5.2,Negative,Negative,2+,Negative,Negative,Normal,Negative,TNTC,2,3-2,Moderate,Nil,NIL,12.8,5.2,46.7,70.2,24,27,11.6,34.4,7207,53,19,9,14,0,1.44,1.75,0.65,0.98,0.04,633,11.2,14,0.35,33.8,4.2,0.11,0.33,0.97,111,68,78.7,61.1,305.5,168,1.6,1.16,0.86,0.5,0.1,0.4,123,28,8,12,6.1,3.8,2.3,1.65,0.7,10.1,4.7167,6.74,149,4.2,102,5.9,102.23,110,230,340,32.35,5.9,122.63,0.3,20.1,144.9,13.87,7.6,4.2,106,17.8,0.35,70,93,146,171
600936,KLTRS14TSS,296209,25/04/2019,10:43,11:57,Light Yellow,Clear,1.01,5.1,Negative,Negative,Negative,Negative,Negative,Normal,Negative,1-3,1,3-3,Nil,Nil,NIL,16.2,8.4,31.7,73.5,19,51,12.3,41.1,51422,44,33,5,20,0,6.03,4.01,0.55,0.68,0,415,15.6,11,0.15,21.1,1.5,0.02,0.95,0.12,163,58,86.2,28.1,140.5,83,2.8,1.49,0.67,0.4,0.1,0.3,102,54,39,32,8.3,4.4,3.9,1.13,1.6,29.9,13.9633,8.73,100,4.7,103,4.2,96.16,65,263,328,19.82,5.9,122.63,0.2,14.1,237.7,5.93,9.8,5.6,88,11.6,1.67,83,69,90,169
476850,MZLGI08APK,660300,28/04/2019,10:11,11:19,Pale Yellow,Clear,1.023,6,Trace,Trace,Negative,Negative,Negative,Normal,Negative,10-12,2,15-20,Nil,Few,NIL,14.1,5.9,45,77.5,23,31,14.4,39.7,10195,59,15,3,7,0,9.07,0.18,0.94,0.29,0.01,214,7.3,12,0.05,33.6,4.9,0.18,0.34,4.19,158,53,87.6,52.6,263,110,3,1.65,0.61,0.5,0.2,0.3,65,9,30,47,7.7,5,2.7,1.85,1.1,8.9,4.1563,3.78,138,3.7,101,3.5,98.31,60,291,351,17.09,5.8,119.76,0.6,205.9,72.5,284,9.4,2.5,284,18.6,3.02,115,91,88,98
650170,KLTRS14NLZ,536198,25/04/2019,11:09,12:26,Pale Yellow,Slightly cloudy,1.014,6.9,Negative,Trace,Negative,Negative,1+,Normal,Negative,6-7,2,10-10,Nil,Nil,NIL,17.9,5,38.6,67.3,35,46,13.3,40.3,4693,58,39,4,3,1.5,9.69,1.5,1.37,0.25,0.01,293,9.1,11,0.23,29.5,0.9,0.29,0.28,0.55,240,49,113.2,23.1,115.5,84,4.9,2.31,0.43,0.5,0.2,0.3,64,14,15,21,6.9,3.8,3.1,1.23,1.1,19,8.873,8.07,140,2.9,101,4.2,109.24,177,190,367,48.23,6,125.5,0.2,10.2,61.3,16.64,11.2,2.4,166,8.8,3.92,109,96,60,94
715077,MZLGI04GJS,660453,24/04/2019,11:58,13:12,Pale Yellow,Clear,1.01,4.8,Trace,Trace,Negative,Negative,2+,Normal,Negative,8-9,2,>20,Nil,Nil,Artifacts,7.7,5,39.5,87.9,15,19,14.5,39.7,9839,42,26,2,5,0,7.84,2.1,1.09,0.63,0.04,10,9.3,16,0.39,23.2,0.1,3.39,0.16,0.29,216,56,47,33.1,165.5,177,3.9,0.84,1.19,1.1,0.1,1,49,29,36,27,6.3,3.6,2.7,1.33,0.6,13.7,6.3979,10.66,142,4,97,5.7,103.22,144,139,283,50.88,5.8,119.76,0.5,13.4,239.1,5.6,8,6.8,175,9.5,2.51,114,202,204,178
274735,PBCHD09RJU,715778,26/04/2019,06:31,07:01,Dark Yellow,Hazy,1.01,5.5,2+,Negative,Negative,Negative,Negative,Normal,Negative,3-5,0,3-4,Nil,Nil,NIL,13.4,4.1,60.6,87.4,32,22,11.9,44.2,6125,67,31,3,2,0,7.26,1.78,0.57,0.31,0.03,142,9.1,16,0.31,28.5,3.8,0.06,0.28,0.38,194,49,71,28.2,141,83,4,1.45,0.69,13.9,9.4,4.5,54,33,37,30,7.7,3.7,4,0.93,2.8,19.5,9.1065,3.25,139,5.3,99,4.8,118.8,150,323,473,31.71,6.3,134.11,0.3,25.5,64.9,39.29,8.5,5.9,90,4.8,0.02,98,90,77,146
957869,PBCHD02MHS,249344,24/04/2019,07:34,08:15,Pale Yellow,Clear,1.024,6.9,Trace,1+,Negative,Trace,Negative,Normal,Negative,13-15,1,3-4,Nil,Nil,Amorphous debris,12.4,4.1,36.8,95.9,30,33,12.8,40.6,7121,40,48,6,2,0,4.27,1.92,0.65,0.26,0.02,136,9.4,10,0.23,22.4,6.4,3.85,0.38,0.11,168,44,114.1,21.9,109.5,97,3.8,2.59,0.39,0.7,0,0.7,60,25,26,37,6.4,4,2.4,1.67,1,8.7,4.0629,4.06,147,3,106,2.6,108.52,100,360,460,21.74,9.8,234.56,0.5,25.4,35.1,72.36,10.4,2.2,329,11,7.38,95,62,125,114
576063,PBCHD03NLM,464135,26/04/2019,09:30,10:39,Straw,Hazy,1.017,5.6,Negative,Trace,Negative,Negative,Negative,Normal,Negative,12-14,2,>20,Few,Nil,Artifacts,18,5.5,61.6,93.3,32,29,11.9,41.4,4808,75,31,5,3,0,3.84,0.83,0.76,0.12,0.02,298,11.7,19,0.3,12.5,2.9,0.3,0.9,0.7,199,24,74.4,32.4,162,87,8.3,3.1,0.32,0.9,0,0.9,68,46,36,10,8.3,3.8,4.5,0.84,0.8,15.2,7.0984,8.87,142,2.3,71,3.4,101.03,241,348,589,40.92,8,182.9,0.7,12.2,37.1,32.88,11,3.3,167,18.7,0.62,74,79,99,64
281277,GYAHD07KLM,282035,25/04/2019,10:24,11:01,Orange,Hazy,1.014,4.6,Negative,Trace,Negative,Negative,1+,Normal,Negative,8-9,2,1-3,Rare,Nil,NIL,17,5.7,53,77.8,29,32,12.6,40,5333,53,28,1,7,11.5,9.29,2,0.41,0.06,0.06,169,10.6,14,0.73,38.7,4,0.34,0.17,3.39,189,59,151.4,33,165,86,3.2,2.57,0.39,0.9,0.3,0.6,50,42,23,46,6.7,3.5,3.2,1.09,1.1,17.2,8.0324,7.3,149,4.7,102,6,83.04,145,91,236,61.44,6,125.5,0.1,28.4,21.5,132.09,9.5,2.9,112,8.8,2.76,100,100,124,282
279145,GYAHD07JHJ,815231,26/04/2019,11:29,12:11,Dark Yellow,Clear,1.016,6.6,Trace,Trace,Negative,2+,Negative,Normal,Negative,11-13,2,2-4,Nil,Nil,Fungal elements,17.2,6.7,40.4,86.8,25,42,9.7,45.3,7211,42,23,3,2,0,4.99,2.12,0.68,0.66,0.03,149,8.1,13,0.11,19.5,0.6,0.05,0.57,0.06,165,74,49,14.6,73,101,2.2,0.66,1.51,0.3,0.1,0.2,74,52,37,23,5.8,3.6,2.2,1.64,0.6,15.5,7.2385,12.06,135,5.8,107,5,118.12,220,170,390,56.41,8,182.9,0.3,21.6,80.9,26.7,9.8,3.8,162,11.3,0.03,147,122,346,247
902850,GYAHD07ODK,986430,28/04/2019,07:34,08:05,Straw,Slightly cloudy,1.029,6.7,Negative,Negative,Negative,Negative,Negative,Normal,Negative,TNTC,0,3-4,Rare,Nil,NIL,14.9,5.5,53.8,83.8,27,27,16.1,43.3,8193,30,36,2,3,0,5.49,2.72,0.16,0.16,0.06,120,7.8,11,0.32,23.6,0.1,0.01,4.18,0.06,210,74,83.2,42.1,210.5,84,2.8,1.12,0.89,0.6,0,0.6,89,7,21,19,6.9,4.3,2.6,1.65,1.2,16.2,7.5654,6.3,127,5.6,100,4.7,113.83,84,292,376,22.34,5.9,122.63,0.8,828.6,26,3186.92,7.8,5.2,180,13.7,3.16,123,121,86,163
569395,GYAHD06KAU,157400,25/04/2019,10:42,11:25,Pale Yellow,Slightly cloudy,1.018,6.7,Negative,1+,Negative,Negative,Negative,Normal,Positive,11-12,1,2-4,Nil,Nil,Amorphous debris,16.3,5.3,61.6,93.1,30,26,11.5,43,5683,43,48,13,10,0,10.63,2.38,0.64,0.47,0.01,325,12.5,20,0.62,15.1,1.6,0.17,0.62,0.11,230,46,80.2,47.9,239.5,110,5,1.74,0.57,0.9,0.2,0.7,112,46,25,34,7.3,5,2.3,2.17,0.6,13.2,6.1644,10.27,91,3.6,108,5.6,95.97,69,358,427,16.16,5.7,116.89,0.3,102.4,245.2,41.76,9.5,3.9,145,12,12.98,113,90,71,107
654545,PBCHD08KLC,310036,27/04/2019,06:06,07:26,Pale Yellow,Clear,1.014,4.9,Negative,Trace,Negative,Negative,Negative,Normal,Negative,10-12,1,3-2,Nil,Few,Artifacts,13.9,5,35.1,82.5,27,39,13.6,38,4089,33,43,3,4,0,6.5,1.53,0.41,0.42,0.04,423,12.6,16,0.49,36.2,2,2.08,0.3,0.36,182,57,85,34.5,172.5,130,3.2,1.49,0.67,0.3,0.1,0.2,114,14,25,18,8,4.3,3.7,1.16,0.6,14.7,6.8649,11.44,139,3.7,107,5,77.01,141,230,371,38.01,5.8,119.76,0,18.3,69.6,26.29,7.5,3,168,8.1,0.31,104,199,63,192
966880,PBCHD14NLM,210907,24/04/2019,06:35,08:04,Light Yellow,Clear,1.02,7.8,Negative,Trace,Negative,Negative,Trace,Normal,Negative,1-3,25,1-3,Nil,Few,Mucus threads,14,4.8,49.9,80.6,29,28,14,45.5,7876,57,15,5,6,0,2.69,1.81,0.45,0.39,0.05,175,5.3,11,0.38,19,2.2,0.86,0.23,0.35,188,57,124.1,82.6,413,74,3.3,2.18,0.46,0.7,0.3,0.4,125,24,29,14,8.1,4.9,3.2,1.53,0.6,16.9,7.8923,13.15,145,3.7,101,11.5,93.5,142,114,256,55.47,7.5,168.55,0.3,1035.7,203.3,509.44,13.4,2.8,85,5.9,3.24,95,122,112,116
777901,KLTRS12ODB,723555,24/04/2019,10:05,11:18,Straw,Clear,1.011,4.6,1+,Negative,Negative,Negative,Negative,Normal,Negative,13-14,2,12-10,Nil,Nil,NIL,19.2,6.5,35.2,75.3,29,54,13.5,40.5,8049,54,20,5,5,0,0.78,2.48,1.06,0.4,0.07,327,11.3,14,0.19,33.9,1.5,0.56,0.3,0.98,190,55,87.5,14.1,70.5,125,3.5,1.59,0.63,0.6,0,0.6,96,37,37,23,7.5,5,2.5,2,0.8,14.5,6.7715,8.46,137,2.8,113,5.6,117.77,224,348,572,39.16,6.3,134.11,0.3,10.1,136.5,7.4,10.6,4.2,173,11.5,2.2,71,73,89,243
273265,KLTRS03MLT,321175,27/04/2019,07:32,08:46,Pale Yellow,Slightly cloudy,1.012,6.8,Trace,Negative,Negative,1+,Negative,Normal,Negative,13-15,1,>20,Nil,Nil,NIL,16.8,5.9,47.8,77.1,28,35,12.6,45.8,7128,35,19,2,8,0,4.8,1.7,0.46,0.57,0.03,122,8.5,17,0.24,33.2,4.5,0.29,0.25,0.24,201,72,90.7,62.2,311,94,2.8,1.26,0.79,1.1,0.3,0.8,107,26,28,11,8.1,3.6,4.5,0.8,0.7,13.3,6.2111,8.87,141,4.8,97,3.1,91.76,184,123,307,59.93,6.2,131.24,0.5,128.5,454.2,28.29,11.8,5.7,86,5.1,2.8,103,80,106,92
164942,PBCHD11CGD,436082,26/04/2019,10:08,11:05,Straw,Hazy,1.013,4.8,Trace,Negative,Trace,Trace,Negative,Normal,Negative,5-7,1,3-2,Nil,Nil,NIL,17.1,5.9,54,92.9,28,31,12.2,40.7,10292,41,39,8,6,0,3.93,1.58,0.51,0.27,0.1,129,9.5,14,0.13,24,0.1,0.2,6.3,2.16,152,60,128.1,27.1,135.5,147,2.5,2.14,0.47,0.8,0.3,0.5,69,48,38,7,7.6,4.1,3.5,1.17,1.2,9,4.203,3.5,133,3.6,105,5.2,91.04,60,299,359,16.71,5.9,122.63,0,18.4,143.5,12.82,10,4.3,142,16,1.11,86,90,113,95
868627,MZLGI12RJK,158812,28/04/2019,11:31,12:58,Pale Yellow,Slightly cloudy,1.013,6,Trace,Trace,Negative,Negative,Negative,Normal,Negative,65-66,1,2-3,Nil,Nil,NIL,7.1,2.5,30.4,76.3,28,23,15.9,39.2,9710,57,19,5,4,0,9.15,1.99,0.66,0.1,0.07,317,9.4,11,0.29,29.7,6.5,0.15,0.41,0.22,200,20,98.8,34.3,171.5,142,10,4.94,0.2,0.7,0.3,0.4,127,26,10,16,7,4.2,2.8,1.5,0.9,26.1,12.1887,13.54,143,4.4,104,6.6,45.5,143,156,299,47.83,5.3,105.41,0.1,690.9,143.6,481.13,10.2,4,110,10.9,9.69,71,123,114,65
583932,MZLGI14RJK,245006,27/04/2019,06:16,07:04,Red,Clear,1.027,6.9,Negative,Negative,Negative,1+,Negative,Normal,Negative,13-15,2,3-2,Nil,Nil,Mucus threads,16.6,5.2,31.3,95.8,31,53,13.8,39.6,8614,49,23,5,6,7.3,5.84,2.7,0.84,0.33,0.47,235,10.7,12,0.07,15.5,2.6,0.02,0.3,0.21,188,30,42.2,18.2,91,146,6.3,1.41,0.71,0.6,0.2,0.4,124,42,20,9,7.9,3.8,4.1,0.93,1.1,38.9,18.1663,16.51,123,4.3,96,5.4,99.32,80,360,440,18.18,8.5,197.25,0.1,13.8,108.1,12.77,8.8,2.7,154,19.7,3.12,176,71,75,90
381054,GYAHD05ODK,959314,24/04/2019,07:41,08:41,Light Yellow,Clear,1.027,6.9,Trace,1+,Negative,Trace,Negative,Normal,Negative,7-8,1,1-2,Rare,Nil,NIL,17.7,5.1,56.1,99.8,34,31,11.8,40,10777,43,53,4,2,4.8,7,2.57,0.15,0.41,0.11,18,8.7,17,0.19,30.8,4,2.8,0.37,0.1,175,29,104.8,24.3,121.5,111,6,3.61,0.28,1,0.3,0.7,47,19,22,24,7.7,4.3,3.4,1.26,1.2,13.2,6.1644,5.14,138,4.9,107,3.3,102.79,158,360,518,30.5,8.8,205.86,0.1,28.3,70.8,39.97,9.6,3.1,138,4.8,2.05,141,60,271,150
959297,GYAHD03KAU,688914,25/04/2019,07:39,09:00,Pale Yellow,Slightly cloudy,1.018,4.5,Trace,Negative,Negative,Negative,Negative,Normal,Negative,3-4,1,10-20,Nil,Nil,Mucus threads,17.5,5.4,29.7,70.5,32,58,14.3,42.6,17714,40,35,1,8,0,3.45,4.15,0.3,0.39,0,35,10.2,22,0.06,30.7,6.4,0.11,0.91,0.32,214,54,92.6,35.8,179,165,4,1.71,0.58,0.7,0.1,0.6,120,48,33,47,7.3,3.6,3.7,0.97,0.8,19,8.873,11.09,145,4,95,5.4,105.9,105,171,276,38.04,6,125.5,0.9,10.6,44.5,23.82,11,2.8,194,17.9,2.6,113,107,66,130
356066,GYAHD02JHJ,318318,27/04/2019,08:02,08:59,Yellow,Clear,1.01,5.8,Negative,Trace,Negative,Negative,Negative,Normal,Negative,3-4,2,1-2,Nil,Nil,NIL,3.8,4.2,37.9,97.4,9,10,16.5,45.9,7953,36,51,6,6,0.9,4.69,2.67,0.61,0.39,0.1,410,12.4,13,0.19,28.1,1.4,0.33,1.23,0.86,218,32,79.5,38.5,192.5,106,6.8,2.48,0.4,6.1,3,3.1,94,16,29,26,8.2,4,4.2,0.95,0.9,11.7,5.4639,6.07,148,4.3,107,6.7,117.2,66,122,188,35.11,6,125.5,0.3,12.8,157.2,8.14,9.7,3.3,215,7.8,11.71,150,74,90,81
585117,MZLGI09APK,353710,25/04/2019,07:07,07:44,Red,Clear,1.017,5.2,Negative,2+,Negative,Negative,Negative,Normal,Negative,14-15,2,3-2,Nil,Few,Artifacts,3.9,6.9,25.9,78.2,5,15,14.3,41.5,10734,59,37,3,3,0,0.93,2.56,0.86,0.19,0.09,313,12.8,20,0.24,21.3,2.1,0.28,0.06,1.79,102,74,73.5,10.5,52.5,176,1.4,0.99,1.01,0.2,0,0.2,76,51,22,46,6,4.8,1.2,4,0.7,10.3,4.8101,6.87,142,2.8,100,2.1,119.9,100,198,298,33.56,5.9,122.63,0.2,14.8,53.5,27.66,12,3.9,253,5.2,6.31,104,62,70,82
390014,KLTRS01MLT,769440,25/04/2019,10:02,11:30,Green,Hazy,1.015,4.6,Negative,Negative,Negative,Negative,Negative,Normal,Negative,12-13,2,1-4,Nil,Nil,NIL,12,4,28.4,86.3,30,42,11.9,40.7,10906,58,24,4,3,0,1.3,2.27,0.1,0.76,0.1,358,10.3,14,0.57,35.1,6.1,0.01,0.01,0.06,179,42,97.8,105.5,527.5,166,4.3,2.33,0.43,0.9,0.3,0.6,100,19,12,44,6.4,4.1,2.3,1.78,0.8,7.8,3.6426,4.55,139,4.6,115,4.1,102.17,95,358,453,20.97,6.8,148.46,0.5,242.4,320.1,75.73,10.1,2.4,274,4.6,1.17,83,80,72,253
562112,PBCHD10PBM,935248,28/04/2019,10:14,11:33,Light Yellow,Hazy,1.017,6.5,Negative,Negative,Negative,Negative,Negative,Normal,Negative,9-11,1,3-4,Nil,Nil,NIL,7.4,7.3,45.5,78.5,10,16,14.5,32.7,6627,47,38,16,12,6.6,21.48,2.11,0.79,0.23,0.08,417,8.6,12,0.28,14.2,0.4,6.08,0.36,0.49,233,49,46.7,16.4,82,74,4.8,0.95,1.05,1.3,0.3,1,47,40,22,23,7.1,4.9,2.2,2.23,1.2,8.6,4.0162,3.35,141,4.3,110,3,114.2,103,102,205,50.24,6,125.5,0.2,21.6,322.6,6.7,8.3,6,166,5.8,2.38,95,95,91,103
615859,PBCHD13SKM,595425,28/04/2019,06:25,07:24,Green,Clear,1.025,5,Negative,Trace,Negative,Negative,Negative,Normal,Negative,9-10,2,1-2,Nil,Nil,NIL,14.5,5.8,41.3,88.4,25,35,14.2,44.5,4926,79,28,4,6,0,1.64,2.7,0.66,0.28,0.08,148,8.1,12,0.06,25.2,6.4,0.23,1.37,0.01,140,34,95.2,32.1,160.5,184,4.1,2.8,0.36,4.5,2.2,2.3,70,26,40,39,8.2,5,3.2,1.56,0.9,46.3,21.6221,24.02,141,1.6,100,6.6,113,86,102,188,45.74,6.2,131.24,0.5,21.1,94.4,22.35,12.4,2.7,162,13.7,2.1,73,92,78,142
194187,KLTRS12NLZ,100951,25/04/2019,07:10,08:09,Straw,Slightly cloudy,1.017,6.8,Trace,Trace,Negative,Negative,Negative,Normal,Negative,6-7,1,2-4,Nil,Rare,NIL,9.4,3.7,37.9,49.2,25,24,14.3,25.4,2825,47,47,1,4,0,4.61,1.26,0.26,0.21,0.01,332,13,16,0.16,17.9,2.6,0.24,0.1,0.17,174,51,98.2,65,325,153,3.4,1.93,0.52,0.7,0.2,0.5,278,27,23,15,8,4.6,3.4,1.35,1,26.7,12.4689,12.47,143,4,105,5.2,118.31,162,181,343,47.23,5.8,119.76,0.6,156.6,126.7,123.6,10.2,5.4,86,8.5,6.05,84,89,72,127
840945,KLTRS12WBD,135966,24/04/2019,07:41,08:55,Light Yellow,Clear,1.012,4.6,Trace,Trace,Negative,Negative,Negative,Normal,Negative,6-8,1,2-3,Nil,Nil,NIL,16.8,6.4,52,97.3,26,32,12.9,43.5,5846,62,27,6,3,0,15.56,1.58,0.41,0.08,0.03,121,7,15,0.31,12.9,3.6,0.38,0.15,0.05,876,65,117.1,37.9,189.5,92,13.5,1.8,0.56,1.2,0.5,0.7,59,20,13,13,8.1,4.6,3.5,1.31,1.2,7.6,3.5492,2.96,145,3.4,103,4.1,118.58,106,155,261,40.61,5.9,122.63,0.2,16.6,134.2,12.37,8.7,5.8,70,15.7,0.13,107,84,106,95
550283,KLTRS03WBD,561366,24/04/2019,07:47,08:38,Pale Yellow,Clear,1.01,4.7,Negative,Trace,Negative,Negative,Negative,Normal,Negative,1-3,1,1-4,Nil,Nil,NIL,19.5,4.9,52.4,92.5,39,37,13.3,42.7,8055,48,17,10,2,0,2.34,2.36,0.55,0.4,0.11,334,7.3,11,0.39,27.2,4.3,0.97,0.18,0.33,210,49,90.5,19.2,96,173,4.3,1.85,0.54,0.7,0.3,0.4,59,8,22,46,7.9,4.6,3.3,1.39,0.8,12.9,6.0243,7.53,140,2.6,100,5,119.57,159,351,510,31.18,5.3,105.41,0.2,26.1,84.1,31.03,6.4,3.9,111,4.8,3.28,196,93,91,158
252275,KLTRS03KLP,114378,27/04/2019,06:32,07:55,Deep Amber,Clear,1.01,6.5,Trace,Trace,Negative,Negative,Negative,Normal,Negative,TNTC,3,3-3,Few,Moderate,NIL,20.6,5.3,30.9,53.6,38,66,14.4,40.2,10428,44,32,1,5,0,1.86,3.21,0.23,0.27,0.05,172,15.9,11,0.52,12.3,4.5,1.92,0.05,0.38,170,39,60.4,8.4,42,153,4.4,1.55,0.65,1,0.3,0.7,63,37,16,17,6.4,3.6,2.8,1.29,1.2,28.2,13.1694,10.97,121,3.7,106,4.8,58.76,123,315,438,28.08,6,125.5,0,15.4,121.2,12.71,10.6,4.3,175,12.3,1.82,114,92,61,434
103412,KLTRS04ODB,498859,28/04/2019,11:48,12:27,Light Yellow,Clear,1.011,5,1+,Trace,Negative,Trace,Negative,Normal,Negative,3-4,2,1-4,Nil,Nil,NIL,12,6.1,53.1,50.7,19,22,12,44.5,8123,62,24,6,3,0,7.94,1.4,0.31,0.24,0.05,374,11.9,18,0.28,43.8,1.4,0.29,0.35,0.21,185,40,101.8,27.5,137.5,155,4.6,2.55,0.39,0.5,0,0.5,54,28,36,15,8.8,4.6,4.2,1.1,1.1,18,8.406,7.64,140,4.3,95,5.6,116.92,66,350,416,15.87,5.9,122.63,0.8,11.9,145.9,8.16,9.8,4,190,18.1,13.09,123,75,115,186
770352,MZLGI11APK,779262,26/04/2019,06:34,07:55,Dark Yellow,Slightly cloudy,1.021,5.9,Trace,Trace,Negative,Negative,Negative,Normal,Negative,8-9,1,1-4,Nil,Nil,NIL,12,4.1,37.5,64.1,29,32,12.9,40,5134,50,31,3,3,3.7,12.84,1.08,0.99,0.14,0.09,373,8.8,13,0.36,13.5,1.9,0.31,0.09,0.07,184,46,57.6,96.8,484,215,4,1.25,0.8,0.5,0,0.5,82,55,17,14,6.8,4.3,2.5,1.72,1.1,11.1,5.1837,4.71,122,2.5,96,5.4,116.96,118,159,277,42.6,6.1,128.37,0.1,10.1,102.9,9.82,9.4,4.9,134,14.6,3.2,81,83,77,79
931802,MZLGI01APK,968725,28/04/2019,08:06,09:25,Pink,Slightly cloudy,1.022,5.4,Trace,Trace,Negative,Negative,Negative,Normal,Negative,7-8,0,3-3,Nil,Nil,NIL,10.7,4.9,31,86.2,21,34,11.6,44.2,7771,75,30,7,2,0,1.22,1.66,0.39,0.34,0.02,214,13.3,17,0.27,17.1,1.4,0.32,3.33,0.25,213,27,54.8,36.6,183,188,7.9,2.03,0.49,0.3,0.1,0.2,68,44,12,17,8.4,5,3.4,1.47,0.8,17.5,8.1725,10.22,127,2.7,108,2.1,110.73,188,197,385,48.83,5.7,116.89,0.3,24.9,125.4,19.86,9.5,6.3,161,16.9,0.8,111,74,88,97
812494,KLTRS11MLT,209464,24/04/2019,11:33,12:28,Yellow,Slightly cloudy,1.016,5.6,2+,Trace,Negative,Negative,Negative,Normal,Negative,5-6,1,2-3,Nil,Nil,NIL,8.7,5,38.3,88.7,17,22,14.1,43.5,3331,45,36,2,5,0,3.5,2.87,0.4,0.13,0.08,222,8.3,13,0.25,14,3.4,3.96,0.27,0.13,210,47,44.4,38.2,191,209,4.5,0.94,1.06,0.5,0.1,0.4,123,7,30,23,7.5,3.6,3.9,0.92,0.6,8.1,3.7827,6.3,145,4.3,113,2.9,112.76,156,347,503,31.01,6,125.5,0.3,127.2,138.7,91.71,9.8,3.9,325,4,1.72,102,154,245,79
314633,PBCHD05KLC,305125,28/04/2019,10:38,11:10,Orange,Hazy,1.017,5.9,2+,Trace,Trace,Negative,Negative,Normal,Negative,14-15,0,6-8,Nil,Nil,NIL,13.4,4.6,39.4,96.8,29,34,14.5,40.5,8995,43,30,5,5,0,1.16,2.81,0.4,0.35,0.05,234,11.7,12,0.51,38.2,0.9,0.15,0.25,0.03,170,36,105.2,23.5,117.5,160,4.7,2.92,0.34,0.5,0,0.5,65,43,25,38,7,4.4,2.6,1.69,0.7,12.8,5.9776,8.54,142,3.1,96,8.5,100.18,87,271,358,24.3,6.1,128.37,0.4,25.5,27.7,92.06,11.4,3,168,4.7,0.25,121,141,61,138
200435,GYAHD11KLM,910338,27/04/2019,10:05,11:34,Dark Yellow,Cloudy,1.015,6.1,Trace,2+,Negative,Negative,Negative,Normal,Negative,7-9,2,1-4,Nil,Nil,Artifacts,3.9,6.6,42,76.2,5,9,16,40.5,9325,57,35,12,3,0,9.16,3.35,0.62,0.44,0.03,169,7.1,16,0.11,12.7,4.8,0.08,0.25,0.17,227,27,41,32.7,163.5,148,8.4,1.52,0.66,0.7,0,0.7,126,29,25,32,6.2,3.9,2.3,1.7,1.1,9.5,4.4365,4.03,145,2.6,94,5.2,106,149,344,493,30.22,7.2,159.94,0.1,11.7,73.1,16.01,8.1,2.5,188,9.6,0.37,95,124,209,61
234005,MZLGI13BRC,434881,28/04/2019,10:44,11:25,Dark Yellow,Clear,1.013,6.6,Negative,Trace,Negative,Negative,Negative,Normal,Negative,8-9,1,3-4,Nil,Nil,NIL,4.5,4.3,61.5,90.1,10,7,11.9,45.5,9187,53,39,8,0,0,3.79,1.6,0.2,0.28,0.08,401,8.3,14,0.24,34.6,4.9,0.17,0.7,0.18,163,40,76.1,6.2,31,175,4.1,1.9,0.53,0.8,0.2,0.6,118,8,32,36,6.4,4.8,1.6,3,1.2,18.6,8.6862,7.24,130,4.2,97,2.1,116.95,137,223,360,38.06,6.2,131.24,0.7,400,85.8,466.2,9.4,2.9,235,17,9.2,81,96,91,245
220859,KLTRS05TSS,107500,25/04/2019,08:34,09:22,Dark Yellow,Clear,1.02,4.8,Negative,Negative,Negative,Negative,2+,Normal,Negative,6-8,0,1-2,Nil,Nil,NIL,10.7,4.9,60.1,99.4,21,17,13.7,41.7,8001,68,37,2,8,4.8,3.86,1.47,0.04,0.26,0.25,176,10,14,0.37,38,3.1,0.13,0.18,0.04,135,53,97.2,14.7,73.5,212,2.5,1.83,0.55,0.4,0.1,0.3,107,107,14,10,6.8,3.7,3.1,1.19,0.9,7.2,3.3624,3.74,145,5.5,105,5.5,106.1,118,344,462,25.54,8.1,185.77,0.2,18.9,103.1,18.33,10.2,5.5,103,15.7,0.05,117,266,196,68
101700,GYAHD01KAU,383745,26/04/2019,06:02,06:55,Dark Yellow,Slightly cloudy,1.011,4.8,Trace,Trace,Negative,Negative,Negative,Normal,Negative,4-5,1,1-2,Rare,Nil,NIL,10.5,4.6,36.3,70.5,22,28,12.5,44.7,8329,53,37,1,3,0,0.9,2.36,0.73,0.6,0.05,427,10.2,12,0.39,24.3,0.1,0.3,0.41,4.76,222,58,81.3,97.6,488,101,3.8,1.4,0.71,0.6,0,0.6,103,29,16,14,7.2,4.1,3.1,1.32,1.1,11.9,5.5573,5.05,128,3.3,108,1.4,99.16,82,354,436,18.81,7.2,159.94,0.1,21.4,87.9,24.35,9.9,2.7,83,17.1,1.82,97,90,97,112
611720,GYAHD05KLM,740069,27/04/2019,07:39,09:02,Pink,Clear,1.011,5.3,Trace,Negative,Negative,Negative,Negative,Normal,Negative,13-14,1,2-2,Few,Nil,Amorphous debris,13.5,6.6,41,85.8,20,32,13.4,41,6097,53,38,4,4,0,6.97,2.2,0.72,0.09,0.01,196,9.3,11,0.08,36.1,0.3,0.17,4.06,0.43,228,25,49.2,6.2,31,81,9.1,1.97,0.51,0.7,0.2,0.5,71,7,11,39,8.1,4.7,3.4,1.38,0.8,17.7,8.2659,10.33,128,5.9,108,2.1,52.27,85,344,429,19.81,6.1,128.37,0.6,13.3,171.2,7.77,10.5,2.9,142,17.9,1.61,71,98,87,131
524726,PBCHD04NLM,521387,24/04/2019,10:34,12:03,Straw,Slightly cloudy,1.01,6.2,1+,Trace,Negative,Negative,Negative,Normal,Negative,11-13,2,10-15,Few,Nil,NIL,12.2,4.5,31.2,89.5,27,39,12.1,29.7,8062,34,39,3,2,0,4.71,2.51,0.25,0.14,0.02,512,7.2,19,0.28,15.3,4.2,0.21,0.15,0.32,221,44,143,44.8,224,157,5,3.25,0.31,0.5,0.2,0.3,66,54,11,46,6.3,5,1.3,3.85,0.7,16.1,7.5187,10.74,141,5.5,105,5.9,79.34,137,150,287,47.74,6,125.5,0.4,18.4,97.5,18.87,11.8,4.6,289,10.4,3.54,94,84,107,96
142110,PBCHD13RJU,176571,25/04/2019,09:49,10:25,Pale Yellow,Clear,1.018,6.7,Trace,1+,Negative,Negative,Negative,Normal,Negative,4-6,0,2-3,Nil,Rare,NIL,9.3,5.4,55.6,94.1,17,16,15.4,43.6,6805,49,32,7,4,0,3.19,1.49,0.1,0.4,0,149,7.5,15,0.2,17,1.4,0.19,0.4,0.78,225,57,65.8,29.7,148.5,154,3.9,1.15,0.87,0.9,0.4,0.5,75,46,12,90,7,4.1,2.9,1.41,1.2,16.6,7.7522,6.46,143,2.7,101,2.2,101.41,135,107,242,55.79,6.1,128.37,0.9,20.2,97.7,20.68,9.4,4,62,11.1,0.63,114,60,80,82
465452,MZLGI14BRC,870704,28/04/2019,09:01,09:38,Red,Hazy,1.016,6.7,Trace,Negative,Negative,Trace,Negative,Normal,Negative,13-14,0,1-3,Few,Nil,NIL,11,4,31.4,53.8,27,35,14.3,45.8,5663,49,24,3,7,0,6.23,1.83,0.44,0.77,0.01,331,9.2,16,0.13,12.3,1.1,0.18,0.79,0.25,183,69,98.4,63.4,317,188,2.7,1.43,0.7,1,0.3,0.7,117,33,40,23,6.8,3.5,3.3,1.06,0.7,12.9,6.0243,8.61,143,2.1,113,3.1,80.28,178,299,477,37.32,5.7,116.89,0,23.4,107,21.87,13.3,2.5,269,12.3,4.13,110,120,92,152
458366,KLTRS09NLZ,962259,28/04/2019,11:50,13:04,Light Yellow,Slightly cloudy,1.011,6.9,Trace,Trace,Negative,Negative,2+,Normal,Negative,57-59,1,1-4,Nil,Nil,Fat droplets or lipiduria,13.2,4.8,45.7,83.5,27,28,15.2,30.3,10498,55,27,5,8,0,2.23,2.75,1.01,0.13,0.1,155,7.9,15,0.35,22,0.3,0.16,0.09,0.05,210,49,80.6,36.9,184.5,96,4.3,1.64,0.61,0.6,0,0.6,75,14,35,10,7.6,2.8,4.8,0.58,1.4,210.3,98.2101,70.15,149,4.6,98,4.1,91.87,145,288,433,33.49,8.8,205.86,0.6,13.8,59,23.39,11.2,4.9,151,4.6,2.12,124,116,91,117
591003,GYAHD10KLM,225710,25/04/2019,08:10,08:51,Light Yellow,Slightly cloudy,1.016,6.1,Trace,2+,Trace,Negative,Negative,Normal,Negative,7-9,1,3-3,Nil,Rare,Amorphous debris,10,5.1,40.3,63.4,19,24,13.9,40.5,7668,59,11,15,8,0,9.13,1.89,0.67,0.05,0,443,11.9,13,0.32,28.1,0.6,0.04,0.14,0.46,200,26,144.2,23.6,118,134,7.7,5.55,0.18,0.6,0,0.6,107,42,39,32,6.3,3.6,2.7,1.33,1.2,11,5.137,4.28,137,2.8,99,3.2,91.02,118,143,261,45.21,5.8,119.76,0.7,15.7,110.7,14.18,13.4,4.9,67,5.5,0.27,78,96,241,136
775225,GYAHD13JHJ,762253,26/04/2019,09:41,11:09,Pale Yellow,Hazy,1.025,5.7,Negative,1+,Negative,Trace,Negative,Normal,Negative,40-44,1,1-3,Nil,Nil,NIL,15.4,5.7,42.7,83.6,27,36,12.1,42.3,9534,53,25,2,3,1.9,2.34,2.24,0.45,0.51,0.01,336,8.7,14,0.26,41.5,0.2,0.94,2.86,0.44,200,67,66.3,27,135,62,3,0.99,1.01,1,0.3,0.7,67,43,11,34,7.3,4,3.3,1.21,0.7,11,5.137,7.34,130,4.7,88,5.5,99.04,142,312,454,31.28,6.7,145.59,0.3,17.4,35.4,49.15,8.6,3.2,194,10.9,3.24,90,107,73,137
409309,KLTRS09NLZ,766097,28/04/2019,07:27,07:57,Yellow,Slightly cloudy,1.02,6.8,Trace,Trace,Negative,1+,Negative,Normal,Negative,3-5,1,1-2,Nil,Nil,Amorphous debris,8.6,4.4,64.7,79.9,19,13,12.6,45.2,9720,43,45,3,4,0,13.37,2.8,0.55,0.09,0.09,291,10.6,16,0.33,19.1,0.1,0.09,0.26,0.26,158,33,98.9,54.3,271.5,90,4.8,3,0.33,0.2,0,0.2,68,31,15,18,8.6,4.8,3.8,1.26,0.7,66.7,31.1489,44.5,120,2.3,99,3.9,111.49,73,360,433,16.86,6.3,134.11,0,14.1,378.8,3.72,11.6,2.8,47,10.3,2.39,88,64,87,74
545373,MZLGI11APK,352951,26/04/2019,08:59,10:04,Pale Yellow,Clear,1.021,4.7,Negative,Negative,1+,Negative,Negative,Normal,Negative,3-5,0,11-13,Nil,Nil,NIL,10.8,5,22.3,98.5,21,48,11.1,43.5,6647,53,34,5,21,0,2.59,4.31,1.08,0.19,0,977,7.9,17,0.17,13.9,2.3,0.67,0.24,0.03,127,40,97.7,5.4,27,184,3.2,2.44,0.41,0.4,0,0.4,122,27,13,13,7.2,3.6,3.6,1,0.4,238.3,111.2861,278.22,143,3.2,103,3.5,75.53,82,122,204,40.2,11.8,291.96,0.2,28.2,115,24.52,10.6,3,118,4.6,2.7,113,81,70,103
608981,MZLGI02GJS,368911,28/04/2019,11:27,12:23,Light Yellow,Slightly cloudy,1.016,6,Negative,Negative,Negative,Negative,Negative,Normal,Negative,1-3,2,3-3,Nil,Nil,NIL,7.5,4.1,48.4,99.8,18,15,12.1,27,8957,23,48,5,11,10.4,5.47,1.72,0.36,0.46,0.08,392,8.1,11,0.34,17.7,5.3,0.33,0.14,0.35,156,26,85,19.7,98.5,201,6,3.27,0.31,0.5,0.2,0.3,110,38,38,36,6.2,3.8,2.4,1.58,1.2,14.8,6.9116,5.76,143,5.6,106,5.5,117.43,106,199,305,34.75,6.2,131.24,3.5,14,161.9,8.65,9.2,5.4,80,5,3.36,130,60,98,237
836411,PBCHD13GAM,559409,24/04/2019,11:44,12:55,Straw,Clear,1.03,6.9,1+,Negative,Negative,Negative,Negative,2+,Negative,11-12,2,3-4,Nil,Nil,Amorphous debris,9.8,4.4,41.6,94,22,23,12,40.3,7828,20,15,1,2,0,18.16,2.08,0.79,0.21,0.09,194,12.2,12,0.13,31.8,2.1,0.13,0.15,0.39,207,43,95.5,20.4,102,91,4.8,2.22,0.45,16.6,12.1,4.5,43,16,38,30,6,4.4,1.6,2.75,0.6,17.6,8.2192,13.7,129,4.5,96,4.2,101.65,191,173,364,52.47,6.3,134.11,0.6,21.6,82.6,26.15,9.1,4.9,130,3.9,1.55,115,65,174,74
386994,MZLGI14APK,606404,25/04/2019,08:30,09:36,Light Yellow,Clear,1.028,4.7,Negative,Trace,Trace,Negative,Negative,Normal,Negative,10-12,1,3-2,Nil,Rare,Fat droplets or lipiduria,17,5.8,50.6,98.1,29,33,13.9,40.6,15979,47,34,5,8,0,4.22,2.13,0.34,0.29,0.09,301,17.7,13,0.45,26.5,3.3,1.86,0.3,0.17,118,54,136.4,31,155,82,2.2,2.53,0.4,0.7,0.1,0.6,124,8,19,23,8,4.6,3.4,1.35,0.7,14.6,6.8182,9.74,127,3.7,99,2.2,80.26,62,354,416,14.9,7.4,165.68,0.7,172.1,69.1,249.06,9.9,2.8,103,21.7,0.37,96,74,103,180
713022,PBCHD12SKM,916717,28/04/2019,11:06,12:28,Pale Yellow,Clear,1.027,6.2,Trace,Negative,Negative,Trace,Negative,Normal,Negative,11-13,0,2-2,Nil,Moderate,NIL,11.9,4.4,35.1,92.2,27,33,11.7,43.4,7320,33,29,8,9,1.7,3.2,3.03,0.91,0.14,0.04,412,9.4,16,0.23,26.1,0.3,0.66,0.02,2.62,144,40,81.1,24.7,123.5,162,3.6,2.03,0.49,0.3,0.1,0.2,70,16,22,9,7.7,5,2.7,1.85,0.9,19.8,9.2466,10.27,142,2.5,97,7,91.12,51,268,319,15.99,5.8,119.76,0.1,24.2,111.7,21.67,10.2,4.8,215,4.3,1.58,82,96,84,191
960491,GYAHD14KLM,866770,26/04/2019,07:31,08:23,Pale Yellow,Clear,1.018,4.7,Negative,1+,Negative,Negative,Negative,Normal,Negative,10-11,0,1-4,Nil,Few,NIL,11.2,4.5,39.3,89.7,24,28,13.1,44.6,8624,31,34,6,4,0,7.13,2.03,0.93,0.23,0.09,434,15.6,11,0.25,24.7,3.7,0.35,0.37,0.38,168,43,178.2,29.1,145.5,103,3.9,4.14,0.24,0.7,0,0.7,125,3,29,20,6.2,3.7,2.5,1.48,1.1,9,4.203,3.82,149,2.2,102,3.2,107.05,113,354,467,24.2,6,125.5,58.3,102.9,135.1,76.17,9.9,5.9,89,8.5,2.82,123,84,99,162
840886,MZLGI08GJS,949082,24/04/2019,06:21,06:54,Yellow,Clear,1.017,4.7,Trace,Negative,Negative,Negative,Negative,Normal,Negative,TNTC,2,12-13,Nil,Nil,NIL,15.1,4,44.1,86,37,34,14.3,45.9,6864,57,39,5,7,0,11.34,1.87,0.31,0.21,0.03,296,9.4,30,0.25,45.1,1.3,0.44,0.22,0.27,130,39,89.2,32.9,164.5,77,3.3,2.29,0.44,0.7,0.1,0.6,52,32,33,43,6.4,4.4,2,2.2,0.9,10.9,5.0903,5.66,101,4.7,114,5.1,96.72,132,244,376,35.11,8.1,185.77,0.3,16.4,75.5,21.72,8.7,3,198,7,3.5,160,90,164,60
278268,GYAHD13JHJ,286958,28/04/2019,08:05,08:35,Light Yellow,Hazy,1.027,6,Negative,Negative,Negative,Negative,Negative,Normal,Negative,1-2,0,2-2,Nil,Nil,NIL,11.2,5.4,35.5,98.1,20,31,12.9,43.3,4112,60,38,6,14,0,1.36,0.41,1.13,0.08,0.07,220,7.4,14,0.37,49.7,1.3,0.48,0.13,0.12,153,58,90.1,48.4,242,186,2.6,1.55,0.64,0.7,0.1,0.6,56,43,26,14,7.2,3.9,3.3,1.18,2.5,12.2,5.6974,2.28,140,5.7,102,6.2,92.96,113,304,417,27.1,6.2,131.24,0.1,13.8,217.8,6.34,11.5,3.4,158,8.7,0.24,101,183,76,117
380667,GYAHD03ODK,289262,26/04/2019,06:47,07:40,Pale Yellow,Clear,1.018,6.3,Negative,Trace,Negative,Negative,Negative,Normal,Negative,TNTC,1,9-13,Nil,Nil,NIL,6.7,4.2,46.8,98.6,15,14,12.4,41,7474,39,26,4,11,0,6.18,1.97,0.52,0.39,0.05,89,11.9,7,0.33,21.3,0.1,0.01,0.25,1.97,191,43,132.8,20.5,102.5,91,4.4,3.09,0.32,0.3,0,0.3,103,25,25,29,6.4,3.6,2.8,1.29,0.8,30.9,14.4303,18.04,138,4.8,115,3.6,110.82,62,103,165,37.58,6.2,131.24,0.6,22.5,136,16.54,10.1,2.7,238,12.4,2.75,105,88,92,136
855909,KLTRS02NLZ,297504,24/04/2019,09:55,10:56,Orange,Slightly cloudy,1.018,6.8,Negative,Negative,Negative,Negative,Negative,Normal,Negative,9-10,1,3-2,Nil,Nil,NIL,12.8,7.1,47.3,82.1,18,27,12.5,42.2,6237,47,49,1,6,1.6,8.05,2.27,0.26,0.37,0.1,204,12.6,10,0.33,42.3,1.9,5.18,0.01,0.23,153,35,95.3,37.7,188.5,219,4.4,2.72,0.37,0.5,0.1,0.4,98,53,24,34,7,4.8,2.2,2.18,0.3,15.1,7.0517,23.51,126,4.7,89,7.2,114.35,159,134,293,54.27,8.3,191.51,0.2,11.8,78.6,15.01,7.9,2.4,101,11.8,4.87,75,83,136,90
899609,PBCHD11CGD,398805,27/04/2019,08:46,10:04,Light Yellow,Hazy,1.016,7,Trace,2+,Negative,Negative,Negative,Normal,Negative,7-9,0,3-3,Nil,Nil,NIL,10.2,2.1,31,92.7,48,32,13.1,49.7,9499,55,26,2,5,0.8,0.93,1.53,0.05,0.24,0.08,223,8.4,13,0.15,26.5,2.7,0.12,0.72,0.13,154,48,83.9,15.3,76.5,190,3.2,1.75,0.57,0.5,0.2,0.3,91,10,20,37,8.2,4.4,3.8,1.16,1.2,11.8,5.5106,4.59,93,3.8,106,3,90.13,100,286,386,25.91,5.8,119.76,0.2,10.1,88,11.48,9,2.1,180,6.5,2.87,89,136,89,358
319395,MZLGI08MHP,203899,25/04/2019,10:44,11:26,Light Yellow,Clear,1.013,5.3,Trace,1+,Negative,Trace,Negative,Normal,Negative,5-6,1,2-4,Nil,Nil,NIL,13.9,5.1,49.6,76.9,27,28,13.7,42.9,10832,55,28,5,9,0,8.05,1.14,0.26,0.44,0.11,18,10.7,18,0.26,33.4,0.8,0.15,0.28,0.07,158,42,81.5,24.3,121.5,151,3.8,1.94,0.52,0.8,0.3,0.5,116,48,22,46,7.2,3.9,3.3,1.18,0.9,27.5,12.8425,14.27,123,3.8,102,2.1,86.06,224,244,468,47.86,6.8,148.46,0.1,26.4,144.2,18.31,9.2,4.4,145,18,1.01,96,95,80,183
306611,KLTRS07KLP,161509,27/04/2019,07:20,08:31,Pale Yellow,Clear,1.016,5.2,Negative,Negative,Negative,Negative,Negative,1+,Negative,9-10,5,12-18,Nil,Nil,Mucus threads,18.6,6.4,31.3,93.9,29,59,12.2,45.8,10983,52,54,1,6,0,1.06,2.01,0.49,0.36,0.01,262,8.9,15,0.34,14.6,0.8,0.33,0.15,0.37,168,67,192.4,25.8,129,194,2.5,2.87,0.35,0.6,0,0.6,123,53,24,14,6.6,4.7,1.9,2.47,1.2,16.7,7.7989,6.5,141,4.4,97,4.5,119.64,106,352,458,23.14,6,125.5,0.8,14.1,68.5,20.58,8.5,5.5,75,7.5,1.79,93,87,82,99
308941,MZLGI10GJS,519754,24/04/2019,11:22,12:02,Light Yellow,Clear,1.027,7.4,Negative,Negative,Trace,Negative,1+,Normal,Negative,14-15,2,1-2,Nil,Nil,NIL,17.4,6.3,44.2,88.8,27,39,13,45,10832,49,21,5,9,0,9.73,1.11,1.35,0.44,0.11,228,11.8,20,0.59,20.8,0.1,0.1,0.08,0.11,150,42,98.1,12.3,61.5,202,3.6,2.34,0.43,0.9,0.3,0.6,110,28,15,34,7.5,4.1,3.4,1.21,0.9,8.6,4.0162,4.46,141,5,98,3.3,96.94,87,114,201,43.28,6.1,128.37,0.5,23.4,70.5,33.19,8.6,4.3,72,6,12.79,88,80,131,188
978047,PBCHD01PBP,745068,28/04/2019,10:05,11:33,Light Yellow,Hazy,1.016,4.7,Trace,Negative,Negative,Negative,Negative,Normal,Negative,11-12,2,2-3,Nil,Nil,NIL,11.2,2.7,60.2,77.5,41,18,11.2,47.7,24021,44,38,6,2,0,5.57,4.02,0.27,0.56,0.18,310,10.5,16,0.25,33.3,6,0.14,0.21,0.14,223,25,59.2,33.8,169,121,8.9,2.37,0.42,0.7,0.1,0.6,99,26,14,23,7.2,4.8,2.4,2,1.1,14.7,6.8649,6.24,139,4.4,104,2.3,23.81,163,154,317,51.42,5.5,111.15,0.6,15.1,27.7,54.51,11.2,4.5,97,4.2,10.73,70,184,83,137
373573,GYAHD11KAU,656566,27/04/2019,06:51,07:27,Straw,Clear,1.023,6.8,Trace,1+,Negative,Negative,3+,Normal,Negative,5-7,2,1-2,Moderate,Nil,NIL,10,4.9,33.1,61.8,20,30,13.7,42.9,5960,32,14,5,5,0,3.12,1.91,0.37,0.54,0.09,152,11.6,11,0.22,37.8,2.2,4.7,3.76,0.67,169,54,215.1,34.1,170.5,201,3.1,3.98,0.25,5.5,2.7,2.8,120,55,10,18,7.1,4.4,2.7,1.63,1.1,17,7.939,7.22,141,3,97,2.2,118.13,78,224,302,25.83,5.9,122.63,3.5,12.2,55,22.18,11.8,3.4,238,8.4,7.66,106,96,91,114
797792,MZLGI13MHP,144338,27/04/2019,11:29,12:34,Light Yellow,Slightly cloudy,1.02,4.6,Trace,Negative,Negative,Negative,Negative,Normal,Negative,75-80,0,2-4,Nil,Nil,NIL,16.4,6,28.9,109.7,27,56,12.4,43.4,7065,51,40,6,8,10.3,10.23,2.37,0.09,0.34,0.04,302,11,23,0.21,15.1,2.7,1.12,0.23,1.22,240,57,79.8,108.5,542.5,118,4.2,1.4,0.71,0.4,0.1,0.3,109,26,16,20,6.5,4.6,1.9,2.42,0.9,11.4,5.3238,5.92,98,5.9,115,3.3,95.45,131,274,405,32.35,6,125.5,0.3,105.8,34.7,304.9,9.1,4.5,148,7.9,1.94,71,99,97,68
521686,KLTRS15KLP,205303,27/04/2019,07:00,07:32,Dark Yellow,Clear,1.017,5.7,Negative,Trace,Negative,Negative,Negative,Normal,Negative,13-14,0,3-2,Nil,Few,NIL,9,7.8,42,97.7,11,21,16.8,39.1,4387,74,12,3,7,0.8,0.72,1.25,1.16,0.15,0.04,168,9.2,11,0.35,14.1,4.1,0.08,0.17,0.03,191,49,93.4,21.5,107.5,130,3.9,1.91,0.52,0.7,0.1,0.6,40,19,38,69,8.1,3.8,4.3,0.88,0.6,10.5,4.9035,8.17,137,3.9,106,4.3,91.65,183,278,461,39.7,5.8,119.76,0.2,14.3,101.2,14.13,9.4,5.3,186,7.6,2.43,183,92,231,122
767074,PBCHD05RJU,517335,26/04/2019,10:46,12:00,Straw,Clear,1.016,4.9,Trace,Negative,2+,Negative,Negative,2+,Negative,1-2,0,8-10,Few,Few,Amorphous debris,16.6,5.4,38.1,52.9,30,43,14.4,41.5,7439,48,34,3,5,0,5.77,3.07,0.33,0.08,0.03,303,13.3,5,0.06,43.3,6,0.39,0.29,0.21,220,41,76.3,25,125,110,5.4,1.86,0.54,4.6,0.2,4.4,78,26,24,23,7.9,4.2,3.7,1.14,0.6,17.7,8.2659,13.78,109,2.2,107,3.4,92,71,146,217,32.72,7.5,168.55,0.4,14.1,161.5,8.73,9.8,3.6,154,10.9,2.97,116,68,74,437
451684,MZLGI07MHP,266292,25/04/2019,09:01,10:19,Light Yellow,Slightly cloudy,1.016,7.8,Negative,Negative,Trace,3+,Negative,Normal,Negative,10-11,0,1-3,Nil,Nil,NIL,17.3,5.8,28.1,75.6,29,61,11.6,40.1,10234,21,24,4,7,0,15.57,1.45,0.42,0.18,0.06,301,11.4,12,0.11,39.2,5.6,0.11,0.7,0.02,208,46,97.1,34.9,174.5,109,4.5,2.11,0.47,0.7,0.3,0.4,124,13,22,39,7,3.4,3.6,0.94,1,15.9,7.4253,7.43,141,3.7,92,2.1,91.6,44,93,137,32.12,6.4,136.98,0.4,25.6,87,29.43,8.4,3.4,222,2.8,3.23,72,80,111,121
819842,PBCHD14PBM,940615,26/04/2019,09:20,10:32,Yellow,Hazy,1.014,6.5,Trace,Negative,Negative,Negative,Negative,Normal,Positive,11-12,0,1-4,Nil,Nil,NIL,17.8,4.7,35.6,78.5,37,50,12.3,45.4,18454,42,37,0,2,0,3.49,2.3,0.98,0.24,0.16,159,9.5,15,0.36,20.7,7,0.09,0.1,0.61,170,25,94.5,32.2,161,73,6.8,3.78,0.26,0.7,0.3,0.4,50,11,19,19,6.9,4.1,2.8,1.46,1.2,14.3,6.6781,5.57,148,4.4,93,3.6,112.77,117,257,374,31.28,5.7,116.89,0.9,28.5,85.5,33.33,10.5,2.2,291,3.7,1.77,187,96,61,105
341246,GYAHD12KAU,613805,25/04/2019,11:07,12:20,Yellow,Clear,1.018,6,Trace,Trace,Negative,Trace,Trace,Normal,Negative,9-10,0,3-3,Nil,Nil,NIL,16.8,4.5,45.9,59.5,37,36,12.6,41.8,6910,49,20,2,8,0,5.46,6.31,1.49,0.21,0.18,196,14.9,18,0.26,16,0.1,0.01,0.23,0.3,194,54,98.7,83,415,99,3.6,1.83,0.55,0.9,0.3,0.6,64,8,35,12,7.3,4,3.3,1.21,1,17.5,8.1725,8.17,144,2.9,83,2.6,116.64,127,322,449,28.29,6.2,131.24,0.5,27.2,114.8,23.69,11.6,4,93,5.9,0.09,85,91,70,136
391191,KLTRS11TSS,498700,27/04/2019,10:27,11:47,Light Yellow,Clear,1.016,4.9,2+,Trace,Negative,Negative,Negative,Normal,Negative,5-6,2,1-2,Nil,Rare,Mucus threads,11.3,5.5,34,86.7,20,33,13.6,42.3,9887,50,36,1,5,0,4.95,2.35,0.44,0.43,0.06,197,8.4,16,0.58,26.1,2.5,0.17,0.02,1.09,201,28,72.4,15.6,78,210,7.2,2.59,0.39,0.9,0.2,0.7,68,18,21,9,8,3.7,4.3,0.86,1,9.7,4.5299,4.53,143,3.5,110,2.7,106.17,124,268,392,31.63,6.9,151.33,0.7,26.9,230.5,11.67,9.8,3,288,6.6,1.06,95,112,100,207
441141,GYAHD13KLM,570731,27/04/2019,10:10,11:08,Yellow,Slightly cloudy,1.013,6,Trace,Negative,Negative,Negative,Negative,Normal,Negative,7-9,0,2-2,Nil,Nil,NIL,9.7,5.4,33.5,96.6,17,28,13.2,40.4,7805,59,29,2,7,0,6.84,1.37,0.59,0.24,0.14,427,10.6,15,0.51,19.2,1.8,0.06,0.26,0.28,157,56,145.4,37.2,186,86,2.8,2.6,0.39,1.1,0.5,0.6,103,40,25,25,6.3,3.6,2.7,1.33,0.8,9.9,4.6233,5.78,128,3.9,100,2.2,102,146,146,292,50,6,125.5,0,13.3,67.6,19.67,12,4.3,251,5.7,0.44,90,98,90,129
303681,GYAHD05JHJ,451141,28/04/2019,07:02,07:33,Pale Yellow,Slightly cloudy,1.013,6.7,1+,Trace,Negative,Negative,Negative,Normal,Negative,TNTC,0,3-4,Nil,Nil,NIL,9.3,4,48.7,73.4,23,19,13.8,44.1,8149,58,27,4,2,2.6,5.5,1.35,0.02,0.58,0.06,444,9.9,18,0.12,26.5,4.3,0.29,0.22,0.03,200,50,85.1,19.2,96,207,4,1.7,0.59,0.3,0.1,0.2,77,32,38,46,7.4,3.9,3.5,1.11,0.8,9,4.203,5.25,144,4,102,9.8,99.19,174,112,286,60.84,5.8,119.76,0.6,16.3,258.4,6.31,9.6,5.8,262,18.1,0.99,100,73,99,173
696502,GYAHD12KLM,624486,28/04/2019,06:08,06:45,Dark Yellow,Clear,1.019,4.4,4+,Negative,Negative,Negative,Negative,Normal,Negative,11-13,2,2-4,Nil,Nil,Fat droplets or lipiduria,12.1,4.1,40.9,89.7,29,29,12.5,41.5,44765,44,46,7,5,0,7.91,2.27,0.31,0.9,0.05,71,11.6,17,0.4,30.5,2.4,0.16,0.44,0.22,229,75,45.4,13,65,90,3.1,0.61,1.65,0.4,0.1,0.3,83,45,35,45,8.1,3.5,4.6,0.76,1,6.9,3.2223,3.22,123,4,102,3.8,108.04,169,337,506,33.4,6.4,136.98,0.4,21.7,519.4,4.18,8.5,2.6,63,5.9,3.51,86,72,104,86
293733,KLTRS13NLZ,384013,24/04/2019,10:30,11:05,Pale Yellow,Hazy,1.023,6.4,Negative,Trace,Negative,Negative,Negative,Normal,Negative,2-4,0,1-3,Few,Nil,NIL,16.5,5.9,43.2,41.1,27,38,12.2,43.8,10286,56,34,6,2,0,1.66,4.89,0.32,0.05,0.01,121,11.2,11,0.27,26.6,0.9,2.75,0.4,0.55,199,40,132.3,36,180,177,5,3.31,0.3,0.3,0,0.3,42,31,88,44,5.4,3.6,1.8,2,0.8,32,14.944,18.68,131,5.7,98,6.1,87.64,145,158,303,47.85,11.5,283.35,0,17.7,53.2,33.27,10.5,2.3,134,8,1.77,119,141,97,195
795797,GYAHD04KLM,699078,28/04/2019,06:34,07:20,Yellow,Clear,1.024,5.2,Negative,Negative,2+,Negative,Negative,Normal,Negative,7-9,0,2-4,Rare,Rare,NIL,20.4,4.8,11.9,73.5,42,171,13.4,45.7,8594,53,39,1,7,0,5.29,1.56,0.28,0.38,0.04,432,14,12,0.36,12.1,1.4,0.19,0.54,0.35,767,80,193.7,23.1,115.5,98,9.6,2.42,0.41,0.3,0,0.3,85,35,12,32,6.4,4.7,1.7,2.76,0.6,8.4,3.9228,6.54,136,5.6,99,3.2,92.37,172,286,458,37.55,6,125.5,0.9,12.2,141.9,8.6,9.6,5.5,66,11.1,9.09,115,79,76,119
491679,GYAHD05KLM,206201,27/04/2019,10:00,10:36,Light Yellow,Slightly cloudy,1.021,6.6,Trace,Negative,Negative,Negative,Negative,Normal,Negative,10-12,2,1-2,Nil,Nil,NIL,12.1,4.8,13.2,71.8,25,91,12.9,26.3,7105,32,45,2,5,0,5.54,2.49,0.04,0.68,0.04,545,9.1,14,0.14,28.4,0.2,0.37,0.26,0.18,199,24,125,13.7,68.5,110,8.3,5.21,0.19,0.9,0.3,0.6,114,14,21,34,7.9,3.8,4.1,0.93,1.2,18.8,8.7796,7.32,120,4.6,104,2.8,110,189,308,497,38.03,5.9,122.63,0,24.5,29.4,83.33,9.1,6.2,171,11.5,0.22,173,72,94,185
835969,KLTRS04ODB,527975,24/04/2019,07:06,08:01,Straw,Hazy,1.011,6.7,Trace,Negative,Negative,Negative,Negative,Normal,Negative,10-12,0,1-4,Nil,Nil,Mucus threads,12.8,6,30.8,95.8,21,41,13.5,45,9711,61,40,1,3,7,3.98,2.26,0.8,0.3,0.01,448,9.7,11,0.48,39.7,5.2,0.27,0.35,0.09,127,59,107,10.6,53,169,2.2,1.81,0.55,0.6,0.1,0.5,55,10,30,31,8.1,4.1,4,1.03,0.7,7,3.269,4.67,144,3.9,108,6.4,103.9,148,172,320,46.25,6.4,136.98,0.3,21.8,120.2,18.14,9,3.9,348,11.9,9.22,118,114,85,61
819321,MZLGI12MHP,868388,25/04/2019,07:15,08:15,Light Yellow,Clear,1.026,4.7,Negative,Trace,Negative,Negative,1+,Normal,Negative,TNTC,1,1-3,Nil,Nil,NIL,12.4,5.5,40.9,88.5,22,30,14,44.8,9670,75,15,2,7,0,0.1,1.12,0.33,0.11,0.02,329,10.1,12,0.17,21.4,3.3,0.04,0.37,0.22,161,44,72.4,37.8,189,97,3.7,1.65,0.61,16.5,12,4.5,79,3,15,46,7.8,4.2,3.6,1.17,0.6,16.6,7.7522,12.92,145,4,107,5.1,51.4,80,360,440,18.18,7,154.2,0.8,14.5,23,63.04,9.7,6.6,98,10.9,2.7,88,126,90,134
359738,KLTRS13WBD,615659,24/04/2019,11:26,12:21,Yellow,Slightly cloudy,1.011,6.7,Trace,Trace,Negative,Negative,Negative,Normal,Negative,TNTC,0,2-2,Nil,Nil,NIL,10.7,4.6,52.7,62,23,20,11.8,37.7,10736,38,32,5,8,0,9.85,1.64,1.13,0.29,0.01,234,8.8,21,0.19,21.3,0.1,0.59,2.31,0.01,183,48,172.7,45.2,226,122,3.8,3.6,0.28,0.9,0.3,0.6,83,139,24,33,6,3.9,2.1,1.86,1.2,7.8,3.6426,3.04,141,4.4,109,4.3,63.02,86,190,276,31.16,8,182.9,0.5,12.9,164.7,7.83,10,5,195,8.1,3.13,114,92,89,275
842121,PBCHD15KLC,694830,28/04/2019,07:13,08:17,Straw,Clear,1.012,5,1+,Trace,Negative,Negative,Negative,Normal,Negative,3-4,0,2-3,Nil,Nil,NIL,18.9,5.9,34.6,97.5,32,54,12.7,42.1,5373,56,42,6,3,0,18.77,1.36,0.34,0.45,0.09,140,5.3,25,0.74,27.3,1.9,0.25,0.39,0.77,104,58,97,38.5,192.5,146,1.8,1.67,0.6,0.9,0.2,0.7,137,41,17,28,7,4.3,2.7,1.59,0.8,9.9,4.6233,5.78,145,3.9,97,3.2,104.98,163,344,507,32.15,6.3,134.11,0.5,14,87.1,16.07,9.5,3.4,260,14.8,2.08,92,113,76,105
700738,GYAHD14ODK,984428,24/04/2019,09:49,10:53,Yellow,Clear,1.018,4.9,3+,Negative,Negative,Negative,Negative,Normal,Negative,27-31,2,3-4,Nil,Nil,Mucus threads,11.9,4.7,30.4,74.8,25,39,14.4,42.2,5773,32,35,1,13,0,6.8,3.29,0.36,0.08,0.02,126,10.8,29,0.1,32.9,3,0.09,0.04,0.28,158,44,23.5,55.9,279.5,205,3.6,0.53,1.87,0.5,0.2,0.3,107,54,13,13,7.3,4.8,2.5,1.92,0.9,5.9,2.7553,3.06,140,2.2,98,5.7,116.17,95,288,383,24.8,8.1,185.77,0.6,18.7,168.1,11.12,10.3,4.1,119,10.4,2.73,89,197,203,87
181704,KLTRS10NLZ,277604,27/04/2019,07:47,08:24,Green,Clear,1.026,6.1,Trace,Negative,Negative,Negative,Negative,3+,Negative,8-9,0,3-4,Nil,Nil,Amorphous debris,18.4,5.9,43.9,75.7,31,41,12.8,27.3,7783,34,50,3,3,0,5.26,1.35,0.72,0.09,0.03,174,13.8,16,0.25,21.2,1.8,0.02,0.47,1,233,50,72.2,34.8,174,70,4.7,1.44,0.69,0.4,0,0.4,98,11,21,34,9,4.2,4.8,0.88,1.1,14,6.538,5.94,139,5,100,2.8,82.74,60,329,389,15.42,6.1,128.37,0.4,12.5,32.3,38.7,9.1,4.4,124,4.2,3.51,71,76,70,89
568428,PBCHD09PBM,457892,24/04/2019,06:28,07:56,Pale Yellow,Clear,1.017,7.6,Trace,Negative,Negative,Negative,Negative,Normal,Negative,6-7,0,2-4,Rare,Nil,Fungal elements,11.3,4.5,48.1,70.8,25,23,13.8,43.7,9112,55,33,7,24,0,7.24,1.63,0.48,0.49,0.02,414,10.9,16,0.24,13.4,4.7,0.23,0.68,5.16,200,59,99.7,11.6,58,214,3.4,1.69,0.59,0.5,0.1,0.4,121,54,29,9,7.7,4.9,2.8,1.75,1,8.9,4.1563,4.16,102,4.7,100,8.5,94.48,140,340,480,29.17,8,182.9,0.6,29,177.7,16.32,10,4.6,107,5.1,10.46,95,149,78,157
139971,KLTRS04WBD,925719,25/04/2019,06:05,07:24,Straw,Slightly cloudy,1.011,4.7,Negative,Negative,Negative,Negative,Negative,Normal,Negative,2-4,1,17-20,Nil,Nil,NIL,19,4.2,43.5,82.9,45,43,12.6,45.9,8918,68,26,4,8,0,9.99,3.37,0.52,0.24,0.01,232,11.1,18,0.2,24.6,1.8,0.31,3.25,5.94,925,47,146.7,62.1,310.5,113,19.7,3.12,0.32,0.7,0,0.7,107,25,36,22,6.3,3.7,2.6,1.42,0.9,9,4.203,4.67,145,4.8,107,2.2,82.23,158,126,284,55.63,5.7,116.89,0.8,167.1,141.1,118.43,10.1,4.1,213,6.4,8.44,96,61,83,126
246011,MZLGI09APK,965625,24/04/2019,11:28,12:38,Straw,Clear,1.013,6.9,Trace,1+,Negative,2+,Negative,Normal,Negative,2-3,2,3-4,Rare,Nil,NIL,10.6,5.2,37.4,74.8,20,28,12.7,39.7,7822,43,20,3,12,0,2.71,1.49,0.26,0.33,0.1,25,15.7,11,0.19,16.8,4,0.11,0.08,0.24,162,49,78.2,17.8,89,85,3.3,1.6,0.63,0.4,0,0.4,85,24,25,46,7.1,3.9,3.2,1.22,0.8,7.5,3.5025,4.38,143,4.8,110,2.8,97.31,31,131,162,19.14,5.7,116.89,0.7,18.1,34.3,52.77,11.1,4.3,199,8.9,7.15,98,113,95,199
525260,KLTRS01NLZ,769828,28/04/2019,06:45,08:00,Yellow,Hazy,1.012,4.9,Negative,Trace,Negative,Negative,Negative,Normal,Negative,2-4,1,2-3,Nil,Nil,Yeast cells,11.3,5.7,27.2,48.3,19,41,14.8,44.1,43245,62,30,3,8,0,8.06,1.25,0.08,0.17,0.01,54,11,13,0.21,32,0.1,0.26,0.13,0.01,109,51,107.7,14.7,73.5,112,2.1,2.11,0.47,1.3,0.3,1,54,31,26,25,8.3,3.5,4.8,0.73,0.8,15.5,7.2385,9.05,141,5.7,105,4.7,112.17,167,274,441,37.87,7.4,165.68,0.7,15.5,95.7,16.2,10.2,4.8,159,7.7,6.62,169,85,82,103
876447,KLTRS08NLZ,250563,25/04/2019,09:31,10:28,Pale Yellow,Clear,1.015,4.4,Trace,Negative,Negative,Negative,Negative,Normal,Negative,9-11,0,1-2,Nil,Nil,Fungal elements,20.5,4.6,52,68.2,44,39,12.7,39.1,9049,49,35,20,8,0,1.38,1.49,0.7,0.18,0.15,168,9.2,19,0.34,30.1,0.3,0.06,0.04,0.34,166,23,90.8,38,190,116,7.2,3.95,0.25,0.6,0.1,0.5,69,17,37,97,7.6,4.9,2.7,1.81,0.7,19.7,9.1999,13.14,145,4.5,98,6.6,115.91,102,351,453,22.52,6.2,131.24,0.1,27.3,57.9,47.15,9.3,2.8,136,10.5,2.64,93,97,75,187
698018,GYAHD06KAU,208697,25/04/2019,08:34,09:53,Light Yellow,Hazy,1.014,6.7,2+,Trace,Negative,Negative,2+,Normal,Negative,5-6,1,3-3,Nil,Nil,Parasites,13.4,6.6,38.2,40.4,20,35,13.8,35.5,6450,60,37,4,18,0,11.94,1.2,0.35,0.5,0.02,415,5.8,14,0.75,13.6,0.4,0.17,1.8,0.3,117,53,76.5,17.9,89.5,104,2.2,1.44,0.69,0.7,0.2,0.5,51,22,26,26,6.1,4.6,1.5,3.07,1.1,5.5,2.5685,2.34,137,3.8,106,6.9,119.73,79,205,284,27.82,6.1,128.37,0.6,26.2,131.1,19.98,9.8,2.9,244,8.6,2.2,120,101,122,82
367204,MZLGI09RJK,502656,24/04/2019,06:53,07:40,Pale Yellow,Hazy,1.019,6.4,Trace,Trace,Negative,Negative,Negative,Normal,Negative,4-5,1,1-3,Nil,Few,NIL,18.8,4.2,53.8,72.5,44,34,14.1,40.7,5932,31,31,3,11,0,6.23,2.18,0.26,0.45,0.1,577,9.7,17,0.23,22.1,2.8,0.24,0.21,0.19,173,41,119.7,12.6,63,67,4.2,2.92,0.34,0.6,0.1,0.5,120,54,34,15,6.5,4.7,1.8,2.61,1.1,16.6,7.7522,7.05,148,3.8,81,3.2,107.34,189,184,373,50.67,6,125.5,0.2,15.7,64.8,24.23,13,3.2,244,6.8,1.85,141,98,78,160
