,,,,,,Urine,,,,,,,,,,,,,,,,,CBC,,,,,,,,,,,,,,,,,,,Platelet Profile,,,,,,,,,Lipid Profile,,,,,,,,, Liver Function,,,,,,,,,,,Kidney Function,,,,,,,,,Iron Profile,,,,HbA1c,,,Urine ACR,,,Calcium & Phos,,Thyroid Profile,,,Glucose - Fasting,Glucose - PP,Glucose (Diagnopath),
MedID,LabReference,Sample ID,Collected,,Reported,Colour,Appearance,Specific Gravity,pH,Proteins,Glucose,Bilirubin,Ketones,Blood,Urobilinogen,Nitrites,WBC (Pus Cells) (/HPF),RBC,Epithelial Cells (/HPF),Casts,Crystals,Others,Hemoglobin (g/dL),RBC Count (mil/µL),Hematocrit %,MCV (fL),MCH (pg),MCHC (g/dL),RDW-CV %,RDW-SD (fL),WBC (cells/µL),Neutrophils %,Lymphocytes %,Eosinophils %,Monocytes %,Basophils %,Abs Neutrophils,Abs Lymphocytes,Abs Monocytes,Abs Eosinophils,Abs Basophils,Platelet Count (×10^3/µL),MPV (fL),Platelet RDW %,PCT %,P-LCR %,IMG %,IMM %,IML %,LIC %,Total Cholesterol (mg/dL),HDL (mg/dL),LDL (mg/dL),VLDL (mg/dL),Triglycerides (mg/dL),Non-HDL (mg/dL),Total/HDL Ratio,LDL/HDL Ratio,HDL/LDL Ratio,Bilirubin Total (mg/dL),Bilirubin Direct (mg/dL),Bilirubin Indirect (mg/dL),ALP (U/L),ALT/SGPT (U/L),AST/SGOT (U/L),GGT (U/L),Protein Total (g/dL),Albumin (g/dL),Globulin (g/dL),A/G Ratio,Creatinine (mg/dL),Urea (mg/dL),BUN (mg/dL),BUN/Creatinine Ratio,Sodium (mmol/L),Potassium (mmol/L),Chloride (mmol/L),Uric Acid (mg/dL),eGFR (mL/min/1.73m²),Iron (µg/dL),UIBC (µg/dL),TIBC (µg/dL),Transferrin Saturation %,HbA1c %,Estimated Avg Glucose (mg/dL),HbF %,Urine Albumin (mg/L),Urine Creatinine (mg/dL),Albumin/Creatinine Ratio,Calcium (mg/dL),Phosphorus (mg/dL),TT3 (ng/dL),TT4 (µg/dL),TSH (µIU/mL),Fasting Glucose (mg/dL),Postprandial Glucose (mg/dL),FBS (mg/dL),PLBS (mg/dL)
560252,GYAHD06KAU,741606,26/08/2018,10:47,11:19,Pale Yellow,Slightly cloudy,1.02,6.5,Trace,Negative,Negative,Negative,Negative,Normal,Negative,4–5,Nil,1–2,Nil,Nil,Nil,15.2,5.8,47,80,26,32.4,14.9,39,4260,53,38,2,7,0,2.26,1.62,0.3,0.09,0,160,11,17,0.2,34.5,0.2,0.2,0.2,0.9,196,35,63.2,97.8,489,161,5.6,1.81,0.55,0.6,0.2,0.4,101,47,35,66,7.6,4.6,3,1.53,0.8,16.5,7.71,9.64,139,4.2,101,5.7,106.48,100,288,388,25.77,6.9,151.33,0.2,26.3,57.9,45.42,8.4,2.8,112,5.6,4.42,145,160,103,129
348202,GYAHD03JHJ,876082,26/08/2018,06:12,07:15,Light Yellow,Clear,1.022,5.5,Negative,Trace,Negative,Trace,Negative,Normal,Negative,11-13,1,7-15,Rare,Few,NIL,13.6,8.3,63.4,76,16,21,13.1,45.4,6959,40,24,2,6,0,8.56,2.45,0.54,0.3,0.1,207,8.9,11,0.37,13.2,4.2,0.86,3.08,0.18,224,26,92.5,11.5,57.5,75,8.6,3.56,0.28,0.7,0.3,0.4,46,56,32,22,7.7,3.6,4.1,0.88,0.6,18.3,8.5461,14.24,141,4.5,96,5.2,100.9,134,344,478,28.03,6.1,128.37,0.5,24,168.8,14.22,10.4,4.3,127,7.7,1.21,75,60,90,210
178677,MZLGI05RJK,942792,26/08/2018,09:24,09:59,Pale Yellow,Slightly cloudy,1.024,5.4,Negative,Trace,Negative,Negative,Negative,Normal,Negative,13-15,0,3-2,Few,Rare,NIL,10.4,5.3,33.9,86.3,19,30,13.8,41.6,4307,27,32,10,6,0,1.25,1.47,0.22,0.41,0.09,245,7.4,12,0.23,23.6,7,0.1,1.57,0.11,192,43,70.3,23.4,117,160,4.5,1.63,0.61,0.4,0.1,0.3,64,31,35,35,7.1,4.5,2.6,1.73,0.9,76.5,35.7255,39.7,149,4.1,104,4.6,63.02,152,301,453,33.55,7.3,162.81,0.4,10.1,55.1,18.33,10.1,4,89,12.3,8.21,88,71,87,293
118231,GYAHD05KLM,400072,26/08/2018,08:41,09:15,Yellow,Slightly cloudy,1.015,5.8,Trace,Negative,Negative,Negative,Negative,Normal,Negative,4-6,2,3-2,Nil,Nil,Yeast cells,16.3,3,55.8,125.6,54,29,11.9,44.9,10873,37,39,4,5,0,9.62,2.6,0.72,0.28,0.31,19,7.9,13,0.24,24.7,4.5,0.24,0.23,0.21,232,38,64.2,31,155,114,6.1,1.69,0.59,0.7,0.1,0.6,122,29,18,26,7.9,4.7,3.2,1.47,0.9,13.3,6.2111,6.9,144,4.6,96,3.6,103.57,61,355,416,14.66,8.9,208.73,0.7,17,63.9,26.6,7.6,5.9,104,9.6,2.7,78,118,119,120
869170,PBCHD06PBP,430048,28/08/2018,10:10,10:51,Pale Yellow,Slightly cloudy,1.029,6.7,Negative,3+,Negative,Negative,Negative,Normal,Negative,3-4,1,6-11,Nil,Few,NIL,19.6,4.8,43.7,78.9,40,44,10.7,47.3,8782,34,30,1,3,0,2.01,1.1,0.39,0.44,0.07,101,10.3,13,0.63,31.4,0.1,0.66,0.4,5.2,189,39,89.7,17.3,86.5,63,4.8,2.3,0.43,0.7,0.2,0.5,95,50,13,34,6.1,4.5,1.6,2.81,1,30.9,14.4303,14.43,141,4.5,101,6.2,119.53,191,304,495,38.59,5.9,122.63,0.5,22.7,80.1,28.34,8.8,4.4,167,7.1,3.53,110,79,279,84
200291,PBCHD09HPP,786905,25/08/2018,08:15,09:10,Yellow,Clear,1.029,6.8,Trace,1+,1+,Negative,Negative,Normal,Negative,14-15,2,2-4,Few,Nil,NIL,17.1,5.1,46.9,92.6,33,36,12.1,42.3,4337,40,15,5,5,0,9.9,2.43,0.86,0.52,0.01,230,9.6,16,0.28,23.6,5.9,3.14,6.41,0.27,187,31,125.8,9.4,47,145,6,4.06,0.25,0.7,0.3,0.4,69,47,20,37,8.2,5,3.2,1.56,0.7,11.1,5.1837,7.41,141,4,97,3.9,92.67,141,231,372,37.9,7.8,177.16,0.4,27.2,21.7,125.35,9.2,3.4,110,5.7,3.73,105,76,327,125
525348,MZLGI02BRC,939733,27/08/2018,07:07,07:43,Pale Yellow,Clear,1.011,6.9,2+,Negative,Negative,Negative,Negative,Normal,Negative,13-15,0,2-4,Nil,Nil,NIL,20.8,8.1,31.8,74.6,25,65,13.5,44.9,7392,78,17,6,10,0,17.08,1.46,0.69,0.04,0.05,270,9.9,16,0.32,21.2,2.7,0.39,0.38,0.01,174,73,87.7,48.6,243,117,2.4,1.2,0.83,1.3,0.1,1.2,129,35,30,43,7.5,5,2.5,2,1.1,12.7,5.9309,5.39,134,3.3,101,7.8,91.49,142,291,433,32.79,5.7,116.89,0.2,208.5,23.2,898.71,9.5,2.5,169,5.6,3.62,112,89,67,275
114307,KLTRS13MLT,421137,27/08/2018,11:45,12:32,Pale Yellow,Clear,1.006,5.9,1+,Trace,Negative,Negative,Negative,Normal,Negative,1-3,2,1-3,Moderate,Rare,NIL,11.8,7.6,22.5,63.3,15,52,14.1,40.9,7287,59,36,3,2,0,2.65,4.34,0.3,0.2,0.07,264,10.5,14,0.35,19.3,1.5,0.1,0.92,0.01,171,57,76.3,24.1,120.5,172,3,1.34,0.75,0.7,0.2,0.5,103,19,21,43,7,4.6,2.4,1.92,0.5,12.7,5.9309,11.86,148,4.3,100,3.9,93.83,90,152,242,37.19,8.3,191.51,0.7,16.8,108.2,15.53,9.4,1.8,184,6.6,0.89,128,60,64,184
577148,MZLGI14MHP,607557,28/08/2018,07:53,08:24,Light Yellow,Slightly cloudy,1.025,5.6,Negative,2+,Negative,Negative,Negative,Normal,Negative,6-8,4,3-4,Nil,Nil,Artifacts,19.6,5.2,50.6,42.2,37,38,13.7,39.5,6471,53,34,2,6,0,5.09,2.01,1.38,0.29,0.07,271,10.2,20,0.37,23.2,2.4,0.2,0.74,0.3,165,41,92.4,14.5,72.5,68,4,2.25,0.44,2.9,1.4,1.5,85,43,29,21,6.4,3.7,2.7,1.37,0.7,11.9,5.5573,7.94,147,2.7,103,6.6,108.35,142,140,282,50.35,6.6,142.72,0,13.9,84.7,16.41,11.7,4.2,145,10.6,1.93,71,124,70,173
750381,MZLGI07GJS,224358,26/08/2018,09:13,10:07,Dark Yellow,Opaque,1.017,4.5,Trace,Trace,Negative,Negative,Negative,Normal,Negative,14-15,0,2-3,Nil,Nil,Artifacts,12.9,4.7,51.1,73.2,27,25,13.4,39.5,9944,55,28,15,4,0,15.59,1.81,0.46,0.07,0.07,318,10.5,28,0.26,18.3,4.4,0.23,0.66,0.21,175,37,91.8,5.6,28,91,4.7,2.48,0.4,1,0.3,0.7,119,18,44,47,6.7,5,1.7,2.94,0.7,6,2.802,4,91,4.4,100,1.3,81.27,115,155,270,42.59,7.7,174.29,0.3,22.3,24.6,90.65,9.2,2.5,144,21.5,0.9,89,117,102,99
663177,PBCHD11MHS,380493,24/08/2018,06:27,06:58,Pale Yellow,Hazy,1.02,4.7,Negative,Trace,Negative,Negative,2+,Normal,Negative,TNTC,2,2-2,Nil,Nil,NIL,11.5,6.9,57.1,77.8,16,20,12.1,44.9,7959,72,23,17,7,1.9,2.7,0.3,0.15,0.3,0.01,52,11.8,16,0.36,34.4,4.9,4.44,0.33,0.42,234,75,71.6,21.1,105.5,150,3.1,0.95,1.05,1,0.3,0.7,99,39,20,23,8.2,4.9,3.3,1.48,1,8.4,3.9228,3.92,135,4.3,99,2.5,78.61,68,358,426,15.96,6,125.5,0.7,11,30.3,36.3,8.3,3.3,214,11.1,1.54,71,91,162,132
965906,GYAHD06KAU,565795,28/08/2018,07:16,08:19,Pink,Hazy,1.013,4.8,Negative,Negative,Negative,Negative,Trace,Normal,Negative,TNTC,2,3-3,Nil,Moderate,Yeast cells,10.1,4.4,11.1,94.2,22,90,14.5,42.7,8778,43,24,6,6,0,21.24,3.34,0.01,0.53,0.07,319,10.6,17,0.35,26.1,2.2,0.03,0.19,0.99,228,46,88,45.2,226,90,5,1.91,0.52,0.5,0.2,0.3,46,44,11,26,7.3,5,2.3,2.17,0.6,23.7,11.0679,18.45,140,5.5,107,4,103.29,134,329,463,28.94,7.3,162.81,0.7,13.8,100.1,13.79,9.9,5.9,186,8.8,1.97,82,168,90,71
316178,GYAHD05KAU,985284,28/08/2018,07:54,08:48,Pale Yellow,Slightly cloudy,1.02,4,Trace,Negative,Negative,Negative,Negative,Normal,Negative,9-11,2,10-18,Nil,Nil,NIL,18.3,5.2,25.7,80.9,35,71,14,45.4,25762,58,30,2,6,0.1,2.08,2.94,0.29,0.19,0.26,250,7.1,14,0.58,19.7,0.3,0.3,0.09,4,176,77,59.9,18.1,90.5,156,2.3,0.78,1.29,0.6,0.2,0.4,85,41,34,46,6.3,4.6,1.7,2.71,0.6,6,2.802,4.67,144,3.1,105,5.7,118.11,194,174,368,52.72,6.2,131.24,0.4,20,31.9,62.7,9.2,5.1,203,11.5,0.13,107,101,61,176
698944,GYAHD03ODK,128809,24/08/2018,06:35,07:05,Light Yellow,Slightly cloudy,1.016,4.7,Negative,Negative,Negative,Negative,Negative,Normal,Negative,12-13,0,1-4,Nil,Nil,NIL,8.3,5.8,42.7,71.7,14,19,13.3,33.3,4755,47,37,1,3,0.9,5.92,1.21,0.16,0.41,0.06,153,13.3,17,0.26,19.7,4,0.02,0.03,3.73,184,40,108.4,10.1,50.5,65,4.6,2.71,0.37,0.5,0.2,0.3,71,32,17,12,7.5,3.7,3.8,0.97,0.8,14.5,6.7715,8.46,128,4.4,100,3.1,84.14,66,276,342,19.3,6,125.5,0.4,14.3,378.4,3.78,9.9,3.1,81,12.6,3.72,119,96,112,122
130589,MZLGI14APK,967134,24/08/2018,11:42,12:19,Straw,Clear,1.259,6.8,Trace,Trace,Negative,Negative,2+,Normal,Negative,2-4,0,3-2,Nil,Nil,Mucus threads,12.3,5.3,48.2,83.7,23,25,11.5,44.6,9359,46,17,3,6,0,1.46,2.13,0.21,0.08,0.06,421,14.1,17,0.3,14.9,2.7,0.08,0.24,2.17,165,71,100,29.4,147,157,2.3,1.41,0.71,0.9,0.3,0.6,114,16,39,21,7.3,3.5,3.8,0.92,1.1,7.8,3.6426,3.31,135,3.5,86,8.3,116.11,91,215,306,29.74,7.3,162.81,0.4,16.9,87.5,19.31,11.1,3.2,82,13,0.16,88,63,90,81
811384,PBCHD15HPP,149172,26/08/2018,08:57,10:24,Straw,Clear,1.011,7,Negative,Negative,Negative,Negative,Negative,Normal,Negative,12-14,1,2-3,Rare,Nil,Fat droplets or lipiduria,18.4,5.2,59.5,74.4,35,30,13.3,39.6,6199,44,36,6,8,0,0.58,4.67,0.32,0.39,0.15,164,16.2,14,0.21,33.6,0.1,5.65,0.39,0.38,175,31,93,34.8,174,178,5.6,3,0.33,0.3,0.1,0.2,127,23,10,26,6,3.7,2.3,1.61,0.5,11.8,5.5106,11.02,134,4.6,107,3,115.26,155,94,249,62.25,7.5,168.55,0.1,137.5,82.1,167.48,9.1,2.6,127,4.8,1.37,122,84,119,242
578164,MZLGI08APK,728646,28/08/2018,06:28,07:41,Dark Yellow,Slightly cloudy,1.011,5.7,Negative,Negative,Trace,Negative,Negative,Normal,Negative,9-10,1,1-4,Nil,Rare,Mucus threads,9.2,6.6,55.6,114.1,13,16,13.5,28.2,9791,33,28,5,7,0,1.83,2.09,0.72,0.47,0.08,374,6.7,5,0.25,20.9,1,0.37,1.27,0.94,227,37,76.3,28.6,143,132,6.1,2.06,0.48,0.5,0.2,0.3,79,27,15,24,6.3,3.6,2.7,1.33,1.1,19.4,9.0598,8.24,138,4.3,102,8.4,104.34,170,326,496,34.27,5.9,122.63,0.2,13.5,90.9,14.85,10.8,4,90,9.7,6.21,126,111,102,221
167119,KLTRS12KLP,610655,26/08/2018,07:52,09:01,Straw,Clear,1.012,6.6,Negative,Trace,Negative,Negative,Negative,Normal,Negative,9-10,1,3-2,Few,Nil,NIL,9.9,6.3,44,92.7,15,22,12.2,26,21240,47,31,3,10,0,4.41,1.81,0.67,0.16,0.08,171,7.3,11,0.27,30.6,2.1,0.46,0.23,0.35,186,66,78.2,26.5,132.5,158,2.8,1.18,0.84,0.6,0.1,0.5,74,13,26,48,6.8,3.9,2.9,1.34,1.1,7.1,3.3157,3.01,131,2.5,96,2.5,113.31,155,160,315,49.21,8.8,205.86,0.2,25.2,74.9,33.64,11.5,3.4,146,10.9,2.19,269,93,80,194
201194,KLTRS08NLZ,812847,27/08/2018,07:58,08:49,Pale Yellow,Clear,1.026,6.7,Negative,Trace,3+,Negative,Negative,Normal,Negative,TNTC,1,1-4,Nil,Rare,Artifacts,13.6,3.2,30.2,50.5,42,45,12.7,34.1,10481,60,34,5,4,0,6.17,4.61,0.46,0.54,0.02,219,7.9,11,0.28,21.7,0.1,5.69,0.07,0.23,157,25,50.5,54.1,270.5,102,6.3,2.02,0.5,5.9,2.9,3,48,24,27,46,7.2,4.7,2.5,1.88,0.7,14.7,6.8649,9.81,103,4.2,107,6.3,108.25,123,99,222,55.41,9.6,228.82,0.2,25,93.7,26.68,9,3.2,61,14.3,2.08,72,73,124,77
217661,PBCHD10PBM,719173,28/08/2018,09:46,10:26,Light Yellow,Slightly cloudy,1.018,5.7,Negative,1+,Negative,Negative,Negative,Normal,Negative,9-10,1,1-4,Nil,Nil,NIL,4,6.4,36.2,76.9,6,11,11.9,45.7,30046,51,39,3,10,0,1.27,4.35,0.47,0.21,0.02,217,13.1,18,0.14,15.8,0.1,0.35,0.18,0.15,177,32,95.6,10.4,52,98,5.5,2.99,0.33,0.3,0,0.3,125,51,24,45,7.9,3.7,4.2,0.88,1,7.2,3.3624,3.36,135,2.6,107,4.8,105.57,108,271,379,28.5,6,125.5,0,10.4,146.9,7.08,10.9,2.9,132,6.5,3.37,77,77,96,188
997187,MZLGI02BRC,816614,24/08/2018,06:57,07:43,Pink,Slightly cloudy,1.028,6.8,Trace,Trace,Negative,Negative,Negative,Normal,Negative,1-3,2,2-3,Nil,Rare,NIL,8.7,5.4,39.5,73.6,16,22,13,48.6,7945,76,40,3,6,0,22.85,2.21,0.54,0.09,0.07,347,11.6,14,0.23,33.8,1.4,0.01,0.1,0.38,157,58,63,61.5,307.5,103,2.7,1.09,0.92,0.7,0.1,0.6,101,40,35,43,6.3,3.8,2.5,1.52,0.8,12,5.604,7.01,149,4,106,4.5,105.77,114,213,327,34.86,7.6,171.42,1,16.3,129.8,12.56,8.5,2.7,64,11,12.56,114,68,90,212
552423,PBCHD01KLC,287504,28/08/2018,11:39,12:53,Pale Yellow,Clear,1.019,6.4,Trace,Negative,Negative,Negative,Negative,Normal,Negative,14-15,0,3-2,Nil,Nil,Mucus threads,13,5.5,50.8,90.8,23,25,12.3,41.7,8388,20,37,1,5,0,7.46,3.6,0.49,0.42,0.07,289,6.3,15,0.56,13.2,4.3,0.29,4.21,0.06,184,53,94.5,32.4,162,124,3.5,1.78,0.56,0.5,0.2,0.3,54,35,14,10,8.3,3.7,4.6,0.8,0.8,13.8,6.4446,8.06,98,2.7,107,6.5,92.36,61,353,414,14.73,7.1,157.07,0.8,28.6,111.9,25.56,11.4,5,191,5.2,1.74,105,77,74,80
775154,PBCHD02RJU,601238,24/08/2018,10:24,11:10,Straw,Hazy,1.029,5.9,Negative,2+,Negative,Negative,Negative,Normal,Negative,TNTC,1,>20,Moderate,Rare,Yeast cells,8.1,8.2,43.5,81.2,9,18,13.6,39.4,5409,64,22,4,6,0,3.64,0.13,0.38,0.35,0.11,105,11.2,27,0.3,14.6,3,0.14,0.29,0.03,155,54,93.7,108.8,544,116,2.9,1.74,0.58,0.9,0.2,0.7,78,12,31,16,6.8,4.2,2.6,1.62,0.6,11.1,5.1837,8.64,137,4.4,95,2.5,109.9,124,133,257,48.25,12.3,306.31,3.2,16.5,64,25.78,9.5,4.6,270,8.1,3.12,86,76,85,223
354654,PBCHD10CGD,745991,28/08/2018,06:45,07:19,Yellow,Slightly cloudy,1.021,5.6,Negative,Negative,Negative,Negative,Negative,Normal,Negative,7-9,4,1-2,Nil,Rare,Parasites,17,5.6,48.4,83.6,30,35,11.9,45.2,8203,35,23,5,5,0,12.98,1.8,0.68,0.02,0.02,427,10.2,16,0.2,26.4,2.3,0.01,0.02,0.05,207,33,89.8,37.5,187.5,131,6.3,2.72,0.37,0.6,0.1,0.5,71,51,12,25,6,5,1,5,0.9,9.6,4.4832,4.98,139,4.9,99,5.1,111.43,154,306,460,33.48,7.2,159.94,0.3,52.2,188.4,27.71,11.1,2.2,86,4.6,0.26,134,187,86,149
338118,MZLGI10APK,365414,25/08/2018,10:30,11:45,Orange,Hazy,1.017,5.8,Negative,Negative,Negative,Negative,Negative,Normal,Negative,10-11,1,3-3,Few,Nil,NIL,13.6,5,28.5,87.8,27,47,14.1,39.6,5847,50,38,6,7,0,8.71,4.47,0.55,0.3,0.01,121,9.8,12,0.24,17.3,2.4,3.78,0.3,0.6,171,44,92.8,33.3,166.5,62,3.9,2.11,0.47,0.2,0,0.2,59,27,11,18,7.6,4.9,2.7,1.81,0.6,8.1,3.7827,6.3,137,4.3,108,4.1,105.98,69,259,328,21.04,6.2,131.24,0.4,18.6,64,29.06,9.1,2.7,169,21.4,1.46,100,71,103,133
115246,MZLGI15BRC,689835,27/08/2018,09:55,10:57,Deep Amber,Slightly cloudy,1.018,4.7,Negative,Trace,Negative,2+,Negative,Normal,Negative,TNTC,2,8-19,Nil,Nil,Yeast cells,9.9,2.4,33.6,40.4,41,29,13.1,44.2,7767,54,22,1,2,0,5.2,1.85,0.97,0.33,0.04,218,15.6,22,0.36,16.8,4.2,0.32,0.38,2.11,167,28,85.1,22.8,114,74,6,3.04,0.33,0.4,0,0.4,107,8,15,43,8.2,3.6,4.6,0.78,0.8,12.3,5.7441,7.18,135,2.9,97,4,95.05,139,334,473,29.39,6.1,128.37,0.6,11,65,16.92,9,2.8,167,12.3,0.46,91,62,139,186
255580,GYAHD08ODK,975943,24/08/2018,11:35,12:44,Orange,Clear,1.016,6.7,4+,4+,Negative,Trace,Negative,Normal,Negative,TNTC,0,2-3,Nil,Nil,Amorphous debris,17.3,5.5,47.9,44.5,31,36,13.4,44.1,10172,44,39,0,7,0,1.17,1.92,0.37,0.01,0.1,1172,8.7,16,0.24,24.6,0.9,0.57,0.25,0.12,157,51,89.2,16.2,81,141,3.1,1.75,0.57,0.4,0,0.4,65,40,25,30,6.3,4.5,1.8,2.5,0.6,11.4,5.3238,8.87,141,5.7,102,6.9,88.17,217,92,309,70.23,10.1,243.17,0.8,28.4,129,22.02,12.7,2.4,107,5.9,4.7,87,97,86,89
787227,KLTRS09MLT,935658,25/08/2018,10:58,12:21,Light Yellow,Clear,1.012,5.5,Trace,2+,Negative,Negative,Negative,Normal,Negative,TNTC,0,14-16,Nil,Nil,Parasites,9.4,5.7,39.1,72.1,16,24,13.1,39.3,5510,41,48,5,2,1.9,0.45,0.97,0.41,0.01,0.01,70,10.2,12,0.23,33.2,1.8,0.39,0.15,0.15,189,29,70.7,5.2,26,65,6.5,2.44,0.41,1.3,0.6,0.7,124,29,36,39,6.4,3.7,2.7,1.37,1,12.5,5.8375,5.84,138,5.7,98,6.4,95.85,199,223,422,47.16,7,154.2,0,22.7,114.1,19.89,10.6,6.7,97,10.3,0.64,100,87,116,132
718025,MZLGI01MHP,515190,24/08/2018,09:03,10:30,Dark Yellow,Clear,1.012,4.5,Negative,Negative,Negative,Negative,Negative,Normal,Negative,7-8,2,3-4,Few,Rare,NIL,16.2,6.4,43.2,40.7,25,37,12.1,42.5,8204,40,43,4,3,0,3.2,1.66,0.68,0.53,0.05,338,7.8,16,0.29,35.8,3.9,3.15,1,0.51,229,31,116.2,15.4,77,208,7.4,3.75,0.27,0.5,0,0.5,124,38,15,17,7.3,3.9,3.4,1.15,0.7,10.4,4.8568,6.94,146,5.6,106,3.1,94.6,181,321,502,36.06,6.2,131.24,0.8,23.9,92.8,25.75,9.6,7,68,5.6,5.86,123,71,137,155
676076,GYAHD12KAU,446958,26/08/2018,07:52,08:32,Pale Yellow,Slightly cloudy,1.014,5.4,Negative,Trace,Negative,Negative,Negative,Normal,Negative,1-3,2,12-15,Nil,Nil,Artifacts,14,5.8,57.5,92.9,24,24,11.8,41.4,6297,17,42,23,18,0,1.27,2.64,0.32,0.42,0.05,236,9.7,16,0.19,30,0.7,0.59,0.2,0.24,174,50,98.8,24.9,124.5,73,3.5,1.98,0.51,0.6,0.1,0.5,102,38,29,16,7.2,4.4,2.8,1.57,1.2,17.9,8.3593,6.97,144,3.8,108,2.7,100.61,38,127,165,23.03,12.3,306.31,0,11.6,102.6,11.31,8.7,3.4,186,18.5,2.73,147,113,105,82
681640,PBCHD09MHS,152381,24/08/2018,09:14,10:00,Light Yellow,Clear,1.011,6.8,Negative,Negative,Negative,Negative,Negative,Normal,Negative,TNTC,0,2-2,Nil,Nil,NIL,13.4,5.9,43,70.5,22,31,14.4,45,21629,38,32,2,3,0,7.84,4.41,0.39,0.27,0.43,31,11.5,20,0.25,33.7,4.4,0.2,0.67,0.15,219,21,114.9,96.9,484.5,131,10.4,5.47,0.18,0.7,0.3,0.4,41,12,34,42,7.4,3.9,3.5,1.11,1,19.9,9.2933,9.29,135,3.2,98,3.9,93.83,132,310,442,29.86,6.1,128.37,0.7,205.7,139.7,147.24,11.2,2.9,46,4.2,9.03,78,80,93,142
816456,MZLGI03GJS,118064,25/08/2018,07:05,08:11,Light Yellow,Slightly cloudy,1.02,5.5,Negative,Negative,Negative,Negative,Negative,Normal,Negative,TNTC,1,3-3,Nil,Nil,NIL,17.1,4.2,53.9,88.3,40,31,12,49,4886,51,30,6,6,0.8,3.81,2.23,0.25,0.11,0.01,268,9.8,17,0.25,34.4,1.1,0.28,0.35,0.63,171,43,92.4,27.5,137.5,86,4,2.15,0.47,0.2,0,0.2,122,23,37,29,7.5,4.1,3.4,1.21,1.1,20,9.34,8.49,105,3.2,97,5.5,109.17,181,307,488,37.09,8,182.9,0.3,27.9,92.2,30.26,7.9,4.3,190,3.8,3.78,74,101,82,88
216805,MZLGI05GJS,840437,24/08/2018,06:14,07:04,Red,Slightly cloudy,1.013,4.5,Trace,Trace,Negative,Negative,Negative,Normal,Negative,TNTC,1,8-12,Nil,Nil,NIL,17.2,4.5,18.8,99.9,38,91,12.3,41.8,4455,48,36,1,6,1,4.46,1.37,0.04,0.49,0.38,352,10.3,17,0.43,15.6,0.3,0.22,0.2,0.31,167,42,50.8,25.9,129.5,198,4,1.21,0.83,0.5,0.2,0.3,100,28,22,48,8.1,3.5,4.6,0.76,1.1,79.7,37.2199,33.84,136,3.6,99,3.7,110.35,92,126,218,42.2,9,211.6,1.7,13,139.1,9.35,9.8,4,113,10,2.41,135,82,96,220
914445,KLTRS10WBD,485597,28/08/2018,11:55,12:49,Pale Yellow,Clear,1.021,6.5,Negative,Negative,Negative,Trace,Negative,Normal,Negative,36-38,2,16-13,Nil,Nil,NIL,19.1,4.3,42,67.8,44,45,16.4,45,7612,41,25,25,8,0,4.37,2.22,0.57,0.13,0.02,903,11.6,11,0.56,25.2,3.6,3.98,0.25,0.03,162,53,96.7,63.1,315.5,115,3.1,1.82,0.55,0.7,0.2,0.5,123,20,60,28,6.9,4.2,2.7,1.56,1.2,18.6,8.6862,7.24,148,5.5,102,4.5,103.86,134,182,316,42.41,7.7,174.29,0.4,10.8,160.2,6.74,8.8,4.5,346,4.9,1.41,91,76,338,196
318787,MZLGI08APK,447581,28/08/2018,11:02,11:38,Pale Yellow,Hazy,1.015,6.6,Negative,2+,Negative,Negative,Negative,1+,Negative,5-7,2,1-4,Nil,Nil,Mucus threads,4.4,3.9,40.3,87.2,11,10,12.4,40.4,6314,61,19,4,2,0,2.15,2.39,0.55,0.18,0.09,1125,9.1,14,0.31,31.8,0.1,0.28,0.1,0.06,171,37,93.5,38.8,194,156,4.6,2.53,0.4,0.3,0,0.3,113,48,16,35,6.5,4.8,1.7,2.82,1.5,27.7,12.9359,8.62,138,4.6,100,4.3,103.86,35,205,240,14.58,6.5,139.85,0.9,11.5,137.6,8.36,11.4,2,73,7.2,2.83,74,89,89,132
338565,MZLGI10APK,907390,24/08/2018,08:38,10:04,Light Yellow,Clear,1.013,4.6,Negative,Trace,2+,Negative,1+,Normal,Negative,5-7,0,1-2,Nil,Nil,NIL,8.8,6.6,58.8,53.6,13,14,11.9,39.5,7666,42,42,5,7,0,3.41,1.37,0.03,0.87,0.03,397,9.1,14,0.73,19.4,2.5,0.06,0.69,0.01,239,34,94.7,68.7,343.5,110,7,2.79,0.36,0.3,0,0.3,71,23,37,47,7.3,3.6,3.7,0.97,0.8,19.6,9.1532,11.44,142,3.7,104,5.2,115.1,131,300,431,30.39,6.1,128.37,0.5,148.9,109.3,136.23,10.7,3.1,165,21.5,5.86,71,69,93,84
836233,GYAHD05KAU,906464,27/08/2018,06:27,07:29,Pale Yellow,Hazy,1.01,4.6,2+,Negative,Negative,Negative,Negative,Normal,Negative,9-10,1,2-4,Nil,Few,NIL,15.8,5.3,40.6,81.4,29,38,13.9,43.3,7387,79,27,1,4,0,3.4,0.27,0.99,0.23,0.04,107,6.8,15,0.13,24,4.1,4.89,0.33,0.05,202,40,68.5,34.2,171,148,5.1,1.71,0.58,13.6,9.1,4.5,101,34,17,47,5.6,4.5,1.1,4.09,0.7,18.4,8.5928,12.28,137,3.8,100,3.4,113.06,90,347,437,20.59,6.2,131.24,0.2,14.8,70.3,21.05,10.3,3.3,160,7.7,0.62,100,70,73,160
624821,KLTRS13WBD,993442,24/08/2018,10:33,11:27,Light Yellow,Slightly cloudy,1.013,4.9,Negative,Negative,Negative,Negative,Negative,Normal,Negative,9-11,0,2-2,Nil,Nil,NIL,10.8,4.9,16.9,54.6,22,63,14.2,42.7,6979,38,10,6,3,0,8.28,0.94,0.65,0.18,0.02,262,11,10,0.17,32.8,0.4,0.38,4.43,0.23,208,44,90.4,8.6,43,107,4.7,2.05,0.49,0.9,0.2,0.7,98,17,14,30,7.1,3.8,3.3,1.15,0.9,18,8.406,9.34,109,4.8,105,3.9,118.47,72,217,289,24.91,6.2,131.24,0.5,12.8,67.7,18.91,11.7,3.6,104,9.2,1.43,73,74,117,185
412576,GYAHD09ODK,691315,25/08/2018,09:04,09:34,Yellow,Clear,1.018,5.8,Negative,Trace,Negative,Negative,Negative,Normal,Negative,8-10,0,1-4,Nil,Nil,NIL,16.8,8.4,63.3,94.7,20,26,14.6,45.7,4617,60,37,1,4,0,7.93,3,1.18,0.41,0.03,267,12.9,11,0.24,33.9,2.8,0.23,2.67,0.12,196,51,90.7,11.3,56.5,85,3.8,1.78,0.56,0.9,0.3,0.6,99,11,21,32,8.1,4.6,3.5,1.31,1.1,8.6,4.0162,3.65,143,4.8,97,4.4,110.44,140,272,412,33.98,8.3,191.51,0.3,15.7,94.4,16.63,10.2,4,187,5.1,0.62,85,97,153,86
256905,MZLGI06BRC,314959,27/08/2018,10:35,11:44,Light Yellow,Clear,1.028,6.7,Negative,Negative,1+,Negative,Negative,Normal,Negative,82-87,2,2-2,Nil,Nil,NIL,14.8,5.8,56.3,79.7,25,26,12,42,4608,51,37,4,10,0,1.33,1.02,1.31,0.17,0,187,12.7,12,0.3,22.7,0.1,0.08,0.17,0.03,185,40,74.3,34.3,171.5,74,4.6,1.86,0.54,0.5,0.2,0.3,50,35,49,35,8,4.2,3.8,1.11,0.6,18.1,8.4527,14.09,142,3.8,107,3.9,79.07,24,219,243,9.88,6.4,136.98,0.2,15.5,67.6,22.93,8.7,4.6,132,11.6,3.64,80,108,78,89
843182,KLTRS11WBD,863195,26/08/2018,11:51,13:20,Light Yellow,Hazy,1.014,4.6,Negative,Trace,Negative,Negative,Negative,Normal,Negative,6-7,0,1-4,Nil,Nil,NIL,15.6,5.6,60.6,73.4,27,25,12.2,25.6,9630,45,26,5,3,0,5.95,2.24,0.69,0.13,0.07,243,8.2,12,0.22,18.9,4.5,0.2,0.27,0.32,185,47,67.3,14.8,74,92,3.9,1.43,0.7,0.4,0.1,0.3,60,17,12,76,7.8,4.1,3.7,1.11,0.6,15.7,7.3319,12.22,140,4.1,101,5.7,92.08,226,120,346,65.32,6.1,128.37,0.5,147.4,146.4,100.68,10.3,2.4,179,16.6,3.64,91,90,89,94
273490,GYAHD05ODK,823147,25/08/2018,08:02,09:28,Dark Yellow,Clear,1.007,5.3,Trace,Negative,Negative,Negative,Negative,Normal,Negative,8-10,1,3-3,Nil,Nil,Fungal elements,19.1,5.5,58.6,77.9,34,32,11.5,39.6,4079,35,36,2,2,0,1.74,0.59,0.82,0.11,0.09,148,13.8,25,0.36,30.5,1.7,0.43,0.21,0.03,239,58,115.2,6.5,32.5,105,4.1,1.99,0.5,0.3,0.1,0.2,63,41,38,42,6.5,4.2,2.3,1.83,0.9,11.4,5.3238,5.92,139,2.6,101,3.5,115.8,61,347,408,14.95,6,125.5,0.3,15.8,36.3,43.53,7.6,4.7,235,9.6,1.68,172,122,82,133
704940,KLTRS04ODB,820071,27/08/2018,06:57,08:18,Straw,Slightly cloudy,1.011,4.6,3+,Negative,Negative,Negative,Negative,Normal,Negative,20-23,1,2-2,Nil,Nil,NIL,12.8,4.1,34,59.5,31,37,13.7,43.1,8730,47,20,1,12,0,8.75,2.49,0.65,0.21,0.04,303,11.1,12,0.28,23,3.2,0.35,0.26,0.14,188,21,68.1,15.6,78,109,9,3.24,0.31,0.3,0.1,0.2,66,46,20,42,8.8,4.6,4.2,1.1,1.1,19.6,9.1532,8.32,123,2.8,106,7.9,105.22,161,282,443,36.34,6,125.5,0.2,15.1,88,17.16,12,3.9,105,5.9,5.19,92,92,83,109
489980,PBCHD03PBM,187497,25/08/2018,07:46,08:19,Light Yellow,Slightly cloudy,1.013,4.6,Negative,Negative,1+,Negative,Negative,Normal,Negative,2-3,0,2-4,Nil,Nil,Fat droplets or lipiduria,13.7,5.1,38.5,83.6,26,35,14.2,45,6389,60,18,2,12,0,0.01,2.93,0.39,0.18,0.04,26,8.1,25,0.53,36.1,2.8,0.07,0.73,0.02,165,44,73.3,20.8,104,130,3.8,1.67,0.6,0.7,0.2,0.5,85,39,26,10,6.2,4,2.2,1.82,0.9,18.2,8.4994,9.44,144,4.9,114,5.7,108.19,138,345,483,28.57,5.9,122.63,0.3,24.4,126.6,19.27,9.7,2.4,179,3.2,4.5,74,89,198,114
182760,MZLGI15BRC,671825,24/08/2018,09:52,11:11,Light Yellow,Clear,1.013,6.9,Negative,Trace,Negative,Negative,1+,Normal,Negative,10-11,2,1-3,Nil,Rare,Amorphous debris,13.9,8.4,34.8,84.4,16,39,11.8,39.9,5494,46,17,5,3,0,20,1.23,0.47,0.06,0.01,267,9,14,0.39,15,2.7,0.88,0.73,0.07,161,39,89.6,38.6,193,138,4.1,2.3,0.44,0.7,0.2,0.5,102,30,53,41,7.1,3.6,3.5,1.03,1.2,11.5,5.3705,4.48,135,2,101,3.4,99.23,154,234,388,39.69,5.7,116.89,0.4,17.9,95.6,18.72,10.6,3.3,100,9.9,0.17,96,77,113,119
550941,GYAHD14ODK,419145,28/08/2018,11:53,12:30,Light Yellow,Clear,1.016,6.8,Negative,Trace,1+,Negative,Negative,Normal,Negative,13-15,1,2-4,Rare,Nil,Yeast cells,13.3,5.2,43,65.7,25,30,11.6,41.2,29841,52,38,1,8,0,7.13,2.23,0.63,0.25,0.14,64,7.2,15,0.38,32.1,5.5,0.21,0.4,0.15,107,49,83.5,36.6,183,211,2.2,1.7,0.59,0.7,0.1,0.6,49,24,38,32,6.4,5,1.4,3.57,0.7,14,6.538,9.34,138,5.4,106,5.5,111.92,62,251,313,19.81,7.3,162.81,0.2,20.5,52.1,39.35,8,2.6,176,10.9,7.48,123,72,99,83
100311,MZLGI15RJK,660910,28/08/2018,10:33,11:22,Yellow,Slightly cloudy,1.016,5.3,Negative,Trace,Negative,2+,Negative,Normal,Negative,13-15,2,14-18,Nil,Nil,NIL,17.4,5.9,53.9,92.2,29,32,11.6,28.3,7753,42,24,3,3,0,1.69,2.39,0.65,0.3,0.02,388,16.6,17,0.31,43.3,5.9,0.16,0.16,0.02,159,41,148.2,5.8,29,112,3.9,3.61,0.28,0.5,0.1,0.4,129,51,39,17,6.4,4.3,2.1,2.05,1,119.9,55.9933,55.99,134,4.1,98,4.8,90.92,160,352,512,31.25,6.3,134.11,0.1,14.6,355.4,4.11,9.3,3.5,77,18.1,1.87,110,95,62,78
592368,MZLGI05APK,245498,27/08/2018,07:15,08:38,Orange,Clear,1.017,4.4,Trace,Negative,Negative,Negative,Negative,Normal,Negative,6-7,1,2-3,Nil,Nil,Fat droplets or lipiduria,7.2,5.2,34.5,50.6,13,20,13.2,43.6,10794,44,49,3,14,0,6.63,1.92,0.61,0.69,0.31,243,8.2,11,0.67,33.6,0.8,0.84,0.39,0.28,585,62,46.9,19.6,98,163,9.4,0.76,1.32,0.6,0,0.6,111,47,27,9,7.5,4.9,2.6,1.88,1.1,17.6,8.2192,7.47,143,4.6,95,5.7,72.65,175,137,312,56.09,12.3,306.31,0.7,13.5,102.5,13.17,6.1,5.6,204,11.7,5.37,99,78,117,89
373801,KLTRS07ODB,369121,28/08/2018,07:56,09:14,Light Yellow,Clear,1.02,6.7,Negative,Trace,Negative,2+,Negative,Normal,Negative,12-14,2,3-3,Nil,Nil,Fat droplets or lipiduria,14.2,6.2,27.9,80.6,22,50,12,40,4060,51,19,2,3,0,9.97,1.37,0.62,0.05,0.08,196,5.1,16,0.32,32.3,0.6,0.29,0.31,0.35,173,44,116.8,20,100,157,3.9,2.65,0.38,1,0.3,0.7,88,53,21,47,7.2,4.9,2.3,2.13,1.2,7.2,3.3624,2.8,140,2.9,108,4.5,108.51,62,246,308,20.13,5,96.8,0.6,14.1,246.9,5.71,10,2.7,199,12.5,12.13,115,98,89,150
307112,GYAHD14KAU,795292,24/08/2018,06:47,08:10,Yellow,Clear,1.016,6.2,Negative,Trace,Negative,Negative,Negative,Normal,Negative,12-14,1,9-10,Rare,Nil,NIL,5.3,5.4,52.7,53.1,9,10,11.5,35.7,6859,60,37,11,2,0,9.96,0.11,0.39,0.27,0.04,411,8,13,0.07,26.9,1,2.41,0.32,0.2,191,42,91.2,37.7,188.5,116,4.5,2.17,0.46,0.4,0.1,0.3,70,10,24,14,7.7,5,2.7,1.85,0.9,52.2,24.3774,27.09,146,3.6,98,4.5,93.56,112,140,252,44.44,6.3,134.11,0.4,15.3,470.5,3.25,9.9,3.2,194,19.3,1.96,79,99,104,271
383283,MZLGI01MHP,964502,26/08/2018,06:29,07:39,Straw,Clear,1.012,5.4,Trace,Negative,Negative,Negative,Negative,Normal,Negative,4-6,2,1-2,Rare,Nil,Mucus threads,4.2,5,49.2,90.4,8,8,12.4,42.9,6135,80,48,3,2,0,11.2,2.98,0.53,0.33,0.07,393,10.6,23,0.21,28.7,3.1,0.1,0.32,0.3,197,45,79.4,99.8,499,70,4.4,1.76,0.57,0.9,0.3,0.6,109,43,29,32,7.3,4.7,2.6,1.81,0.9,10.6,4.9502,5.5,145,4.1,103,5.2,101.48,61,204,265,23.02,11,269,0.3,10.6,124,8.55,8.2,5.2,123,6,2.56,86,94,117,92
411457,PBCHD14NLM,782927,27/08/2018,07:48,09:15,Pale Yellow,Clear,1.019,7.8,Negative,Negative,Negative,Negative,Negative,Normal,Negative,12-14,1,3-4,Rare,Few,NIL,21.4,4.9,42.6,87,43,50,13.9,34.1,8542,78,32,3,8,0,7.73,0.38,0.51,0.22,0.06,216,15.8,18,0.61,27.7,3.2,0.15,0.29,0.28,179,54,95,14.9,74.5,108,3.3,1.76,0.57,0.5,0.2,0.3,96,36,23,22,7.9,5.4,2.5,2.16,0.7,8.8,4.1096,5.87,141,2.7,105,2.8,113.86,159,233,392,40.56,6,125.5,0.1,14,74.3,18.84,9.5,2.7,87,8.3,4.6,99,285,100,113
694502,PBCHD01HPP,364456,27/08/2018,08:19,09:39,Yellow,Clear,1.015,4.7,Trace,Trace,Negative,Trace,Negative,Normal,Negative,61-64,1,2-4,Nil,Nil,Mucus threads,8.1,5.2,48.6,81.5,15,16,11.4,40.9,8731,58,18,3,3,0,6.09,1.25,0.66,0.8,0.04,233,9.5,16,0.33,48.3,2.4,3.21,0.05,6.22,172,25,92.6,11.2,56,94,6.9,3.7,0.27,0.4,0,0.4,124,46,24,15,6.8,3.1,3.7,0.84,0.9,15.7,7.3319,8.15,131,4.1,102,6.9,92.1,118,234,352,33.52,5.9,122.63,0.6,25.8,44.5,57.98,8.2,5.9,207,17.3,7.1,93,110,95,144
892081,PBCHD09CGD,923357,28/08/2018,11:28,12:36,Light Yellow,Slightly cloudy,1.019,5,Negative,Trace,Negative,Negative,Negative,Normal,Negative,8-10,0,2-4,Nil,Nil,Fat droplets or lipiduria,13.7,5.8,44.4,83.8,23,30,11.7,40.8,7048,48,18,2,8,0,7.76,1.67,0.03,0.1,0.06,196,11.2,14,0.62,18.1,6.3,1.41,0.05,0,237,34,90.7,18.4,92,187,7,2.67,0.37,0.3,0,0.3,60,24,36,29,7.7,4.5,3.2,1.41,1,18.9,8.8263,8.83,145,2.6,106,6.9,116.86,112,144,256,43.75,8.1,185.77,0.7,13.2,62,21.29,9.6,2.6,62,10.8,2.98,83,110,105,91
963323,PBCHD13NLM,799621,25/08/2018,07:19,08:36,Pale Yellow,Slightly cloudy,1.01,4.8,Trace,1+,1+,Negative,Trace,Normal,Negative,5-6,2,3-3,Few,Nil,Fungal elements,9.4,5.8,33.8,62.8,16,27,12.5,43.4,4070,52,44,6,4,0,20.8,1.45,0.67,0.03,0.03,357,8.7,14,0.21,32.9,0.9,0.74,1.41,4.63,155,49,74.4,15.1,75.5,116,3.2,1.52,0.66,0.4,0,0.4,319,38,14,17,8.2,3.9,4.3,0.91,0.6,57.7,26.9459,44.91,145,4.3,104,6.8,113.77,169,305,474,35.65,6.3,134.11,0.7,80.7,123.3,65.45,10,3.1,83,9.1,0.26,128,82,117,129
413974,PBCHD06PBP,576415,27/08/2018,06:39,07:37,Red,Hazy,1.013,4.9,Negative,1+,Negative,Negative,Negative,Normal,Negative,3-5,0,2-4,Nil,Nil,Yeast cells,12.6,5.1,34.8,76.1,24,36,12.8,46.3,9529,47,34,5,8,0,4,2.05,0.49,0.3,0,275,8.5,10,0.18,18.2,5.3,0.25,0.14,0.15,185,57,128.2,74.7,373.5,135,3.2,2.25,0.44,0.7,0.3,0.4,94,117,17,23,7.7,3.9,3.8,1.03,0.4,12.1,5.6507,14.13,137,5.4,96,4.7,100.17,92,335,427,21.55,5.8,119.76,0.9,15.8,258.9,6.1,9,2.8,198,14.6,0.25,120,85,64,110
145866,PBCHD15PBP,219786,28/08/2018,11:01,11:51,Dark Yellow,Clear,1.021,6.9,Negative,2+,Trace,Negative,Negative,Normal,Negative,3-4,1,>20,Nil,Nil,NIL,14.9,6.3,45.9,86.3,23,32,10.4,36.7,8824,56,45,2,17,0,4.82,1.42,0.4,0.38,0.03,284,11.7,21,0.53,13.5,7.4,0.9,3.3,3.07,191,42,75.5,21.8,109,140,4.5,1.8,0.56,0.8,0.3,0.5,94,7,28,13,6,4.7,1.3,3.62,0.6,7.2,3.3624,5.6,134,3.1,107,5.5,98.97,124,237,361,34.35,6.2,131.24,0.6,26.4,124.7,21.17,8.3,2.9,71,7.7,4.16,234,71,108,101
494719,PBCHD08HPP,478425,28/08/2018,06:42,07:24,Yellow,Clear,1.017,5.5,Trace,Negative,Negative,Negative,Negative,Normal,Negative,9-11,0,2-4,Nil,Rare,NIL,18,4.5,52.6,97.3,40,34,12.5,44,4456,48,28,5,3,2.2,1.45,2.37,1.19,0.41,0.08,188,16.3,10,0.57,33.4,3.8,0.39,0.17,0.66,202,55,91,14.7,73.5,146,3.7,1.65,0.6,2.1,1,1.1,55,20,10,10,7.3,4.2,3.1,1.35,0.6,13.1,6.1177,10.2,139,4.6,102,4.8,95.75,148,358,506,29.25,5.7,116.89,0.1,13.6,109.8,12.39,10,5,289,19.8,2.94,96,65,137,192
306867,KLTRS04MLT,194158,26/08/2018,07:24,08:03,Straw,Clear,1.018,6.8,Trace,Trace,Negative,Negative,Negative,Normal,Negative,7-9,0,6-7,Nil,Nil,NIL,12.3,4.7,36.9,80.8,26,33,12.2,43.7,9579,32,51,4,6,0,5.78,1.4,0.81,0.33,0.1,119,7.7,10,0.22,29.2,3.7,0.2,0.17,0.03,390,43,162.4,13.2,66,119,9.1,3.78,0.26,0.5,0.2,0.3,63,10,81,26,7.9,3.8,4.1,0.93,1,10.4,4.8568,4.86,135,4.9,105,3.4,108.93,134,147,281,47.69,12,297.7,0.1,22.2,132.7,16.73,9.4,2.5,76,6,11.45,75,85,116,168
753838,KLTRS01NLZ,782716,24/08/2018,10:44,11:41,Dark Yellow,Slightly cloudy,1.023,4.8,Trace,Trace,Negative,Negative,Negative,Normal,Negative,9-11,0,2-4,Nil,Nil,Fat droplets or lipiduria,14.5,4.9,41.9,92.7,29,34,13.4,45.9,7256,60,20,13,2,0,1.4,1.44,0.37,0.47,0.1,300,9.7,25,0.23,33.9,3.5,0.1,0.36,0.15,102,46,81.9,46.9,234.5,74,2.2,1.78,0.56,5.7,2.8,2.9,69,49,37,25,7.4,4.5,2.9,1.55,1.1,11.8,5.5106,5.01,122,1.8,113,6.7,68.8,193,161,354,54.52,7.6,171.42,0.6,16.4,21.6,75.93,9.2,5.6,64,12.3,0.91,95,118,77,164
135962,KLTRS04TSS,418312,25/08/2018,06:32,07:28,Straw,Clear,1.017,6.5,Trace,Negative,1+,Negative,Negative,Normal,Negative,14-15,0,3-4,Nil,Nil,Yeast cells,8.1,5.8,52.7,40.4,13,15,13.2,30.4,11431,43,54,8,6,0,2.6,3.97,0.43,0.24,0,397,10.3,16,0.28,22.9,3,4.62,0.76,0.12,120,38,81.1,37.3,186.5,144,3.2,2.13,0.47,0.7,0.1,0.6,94,35,6,12,7.9,3.8,4.1,0.93,0.6,13.6,6.3512,10.59,145,4.7,110,3.5,32.46,166,178,344,48.26,5.9,122.63,0.2,22.1,251,8.8,13.3,3.2,88,6.3,0.39,116,73,72,280
880235,PBCHD14PBM,600311,24/08/2018,09:39,10:51,Yellow,Slightly cloudy,1.007,5.3,Trace,Trace,Trace,Negative,Negative,Normal,Negative,4-6,1,3-4,Nil,Nil,NIL,9.2,5,33.3,92.5,18,27,10.9,42.6,7713,49,42,1,8,0,6.07,1.98,0.87,0.51,0.02,176,17.7,17,0.36,36.3,4.2,0.48,0.31,0.08,155,42,197.2,34.6,173,103,3.7,4.7,0.21,0.7,0.3,0.4,107,10,13,24,7.1,4.8,2.3,2.09,1.1,14.8,6.9116,6.28,130,3.1,108,4.1,46.06,82,349,431,19.03,6,125.5,0.5,12.4,30.6,40.52,11.6,3.8,153,15.6,8.41,134,90,94,114
212578,MZLGI15BRC,286198,24/08/2018,10:54,11:31,Light Yellow,Clear,1.011,6.9,Negative,Negative,Negative,Trace,Negative,Normal,Negative,3-5,2,11-17,Nil,Rare,Mucus threads,9.9,5.7,51.1,88.2,17,19,14.4,44.5,10174,53,20,2,11,0,1.88,2.73,0.2,0.79,0.05,209,11.2,11,0.27,32.5,0.1,4.06,0.34,0.31,170,55,80.9,11,55,91,3.1,1.47,0.68,0.9,0.2,0.7,48,19,21,21,7.6,3.5,4.1,0.85,0.7,16.1,7.5187,10.74,136,4.3,96,5.1,100.99,108,281,389,27.76,6.4,136.98,0.7,152.8,121.8,125.45,9.3,4.2,118,5.5,0.53,103,107,78,176
369004,MZLGI14APK,845746,28/08/2018,07:34,08:04,Dark Yellow,Slightly cloudy,1.017,4.8,Negative,Trace,Trace,Negative,Negative,Normal,Negative,10-11,5,1-2,Nil,Nil,Mucus threads,13.4,5.9,41,87.2,22,32,12.5,45.7,3358,30,50,1,9,0,1.11,3.39,0.87,0.49,0.04,228,12.3,17,0.35,18.4,5.8,0.35,0.05,0.24,177,58,113.4,27.1,135.5,158,3.1,1.96,0.51,0.5,0.2,0.3,83,18,34,13,7.4,3.6,3.8,0.95,1.1,9,4.203,3.82,140,4.1,83,5.4,94.3,168,207,375,44.8,5.8,119.76,0.8,11.9,94.5,12.59,8.8,3.9,138,6.5,4.68,98,84,114,103
733294,MZLGI07RJK,128459,25/08/2018,06:22,06:59,Light Yellow,Clear,1.014,6.7,Negative,Negative,Negative,Negative,Negative,Normal,Negative,14-15,2,1-3,Nil,Nil,NIL,10.4,6.4,52.8,83.1,16,19,14.1,34.6,10758,30,39,16,2,0,5.08,2.58,0.25,0.06,0.05,336,7,11,0.06,34.9,3.9,0.22,4.67,0.15,155,65,98.4,27,135,80,2.4,1.51,0.66,0.8,0.2,0.6,68,50,29,18,6.7,4.3,2.4,1.79,1.1,11.7,5.4639,4.97,138,2.9,106,6.4,105.13,63,153,216,29.17,8,182.9,0.2,10.9,30,36.33,8.1,4.5,205,11.3,0.13,70,78,87,99
877155,GYAHD06KAU,343254,24/08/2018,11:17,12:45,Pale Yellow,Hazy,1.017,6.4,1+,Negative,Negative,Negative,Negative,Normal,Negative,7-9,0,3-3,Nil,Nil,Parasites,16.2,5.4,29.9,75.2,30,54,12.5,40,4307,61,27,1,7,11.3,7.05,1.99,0.35,0.31,0.06,320,11.9,14,0.35,13.4,1.6,0.44,0.17,0.44,190,57,81.1,67.3,336.5,119,3.3,1.42,0.7,0.4,0,0.4,78,35,18,11,7.4,4.7,2.7,1.74,0.7,9.6,4.4832,6.4,138,5.4,99,2.1,106.57,125,234,359,34.82,5.7,116.89,2.6,10.1,296.4,3.41,11.1,3.5,138,4.1,2.97,101,95,62,138
629104,KLTRS13TSS,513636,28/08/2018,09:27,10:00,Light Yellow,Clear,1.017,6.8,Negative,Trace,Negative,Negative,Negative,Normal,Negative,11-13,1,3-4,Rare,Nil,Artifacts,8.8,6.4,53.1,124.1,13,16,12.7,43.3,6197,68,20,7,5,0,2.27,2.27,0.67,0.26,0.01,129,7.1,11,0.37,12.8,4.1,0.14,0.85,0.36,189,59,95.6,77.4,387,96,3.2,1.62,0.62,0.6,0,0.6,63,10,12,32,6.1,4.8,1.3,3.69,1.4,16.9,7.8923,5.64,139,2.7,98,4.2,116.1,95,163,258,36.82,10.9,266.13,0.8,15.9,404.7,3.93,11.6,3.8,113,9.8,3.07,95,65,83,63
996245,PBCHD09SKM,239086,27/08/2018,10:38,11:52,Yellow,Clear,1.011,6.9,Negative,Trace,Negative,Negative,Negative,Normal,Negative,6-8,0,>20,Nil,Rare,Fat droplets or lipiduria,13,4.6,58.5,92.9,28,22,14.5,44.5,7024,57,34,4,4,0,8.37,2.35,0.15,0.45,0.04,139,9.6,17,0.38,38.2,3.9,0.15,0.27,0.07,214,27,92.8,23.4,117,117,7.9,3.44,0.29,0.9,0.3,0.6,101,38,12,28,7.5,4.2,3.3,1.27,1,15.3,7.1451,7.15,121,5.8,85,4.1,74.13,71,171,242,29.34,7.1,157.07,0.2,14.1,74.3,18.98,9,2.3,292,4.1,6.65,83,62,96,121
241880,KLTRS12ODB,831197,26/08/2018,11:12,12:10,Yellow,Slightly cloudy,1.012,4.6,Trace,1+,Negative,2+,Negative,Normal,Negative,8-10,0,2-2,Nil,Rare,NIL,17.2,5.1,41.3,50.8,33,41,12.3,44.7,8767,40,51,6,3,0.4,4.15,4.52,0.48,0.15,0.06,174,11.9,15,0.28,32.8,5.4,0.03,0.19,0.24,237,41,60.5,17.8,89,91,5.8,1.48,0.68,0.7,0.3,0.4,70,28,38,37,7.2,4.8,2.4,2,0.8,8.7,4.0629,5.08,122,3.6,101,3.8,98.57,125,345,470,26.6,6,125.5,0.5,26.3,578.6,4.55,10.2,2.1,132,5.3,1.24,70,88,114,119
363521,MZLGI11APK,939108,27/08/2018,09:02,09:59,Light Yellow,Slightly cloudy,1.013,4.5,Negative,Negative,Negative,Negative,Negative,Normal,Negative,3-4,0,3-3,Nil,Nil,NIL,9.4,4.8,45.9,88.5,19,20,14.5,43.1,6668,78,36,5,6,7.3,5.93,1.66,0.71,0.07,0.04,390,11.8,7,0.22,18.5,4,0.78,0.01,0.13,233,62,79.6,5.3,26.5,139,3.8,1.28,0.78,0.4,0,0.4,192,36,28,48,8,3.8,4.2,0.9,0.9,9.1,4.2497,4.72,123,2.8,101,2.2,99.45,92,159,251,36.65,5.7,116.89,0.7,12.8,495.8,2.58,8.1,3.7,192,7.7,6.21,107,83,95,112
974785,KLTRS15NLZ,375765,26/08/2018,09:21,09:52,Straw,Clear,1.017,6.6,Trace,Trace,Negative,Negative,Negative,Normal,Negative,14-15,4,2-3,Nil,Nil,Parasites,8.1,6.5,55.6,92.8,12,14,13.4,45.4,7623,43,40,15,2,0,6.31,2.46,0.38,0.55,0.09,246,8.1,15,0.63,25.6,3.8,0.58,0.05,0.3,154,41,57.2,25.2,126,137,3.8,1.4,0.72,0.7,0.3,0.4,37,22,34,44,7.9,3.8,4.1,0.93,0.8,14.2,6.6314,8.29,136,3.9,102,8.6,102.09,195,354,549,35.52,6.2,131.24,0.1,15.5,78.2,19.82,10.3,3.9,190,7.3,1.64,79,78,113,64
197321,KLTRS09WBD,479989,26/08/2018,09:36,11:02,Pale Yellow,Clear,1.018,4.8,Negative,Trace,Negative,Negative,Negative,Normal,Negative,5-6,0,2-3,Few,Nil,Fat droplets or lipiduria,17,4.9,19.7,99.2,34,86,9.6,42.8,5945,66,27,6,4,0,18.78,1.86,0.73,0.15,0.07,372,9.6,12,0.21,32.5,2.3,0.85,0.06,0.29,180,43,97.9,66.8,334,99,4.2,2.28,0.44,0.5,0.1,0.4,125,22,24,11,6.3,4,2.3,1.74,0.8,65.8,30.7286,38.41,128,2.7,102,2.4,111.15,71,355,426,16.67,8.9,208.73,0.5,15.8,98,16.12,9.2,3.8,161,12.1,12.7,84,74,286,294
702720,GYAHD08JHJ,919544,27/08/2018,08:53,10:13,Light Yellow,Slightly cloudy,1.018,5.4,Negative,Negative,Negative,3+,Negative,Normal,Negative,6-8,2,1-2,Nil,Nil,Amorphous debris,12.1,6,40.7,92,20,29,12.6,40.8,4391,49,16,5,5,0,2.48,1.06,1.06,0.39,0.08,359,6.2,11,0.41,16.4,0.6,0.29,0.56,0.12,180,64,85.3,20.4,102,122,2.8,1.33,0.75,0.5,0.2,0.3,50,34,38,9,5.7,4.7,1,4.7,1.2,19.1,8.9197,7.43,138,1.6,107,3.3,111.99,109,243,352,30.97,5.8,119.76,0.6,11.7,128.5,9.11,9.2,2.7,337,4.2,0.5,92,88,97,122
338604,MZLGI11GJS,273842,25/08/2018,06:45,08:06,Pale Yellow,Clear,1.014,5.9,Trace,2+,Negative,Trace,Negative,Normal,Negative,7-9,0,2-4,Nil,Nil,NIL,11.4,4.3,51,54.3,26,22,13.7,44.5,10946,75,16,1,2,0.4,0.65,6.16,0.89,0.11,0.01,329,9.1,19,0.31,34.7,5,0.22,0.12,0.01,145,65,77.3,80.1,400.5,189,2.2,1.19,0.84,0.6,0.2,0.4,44,32,35,41,7.6,4.5,3.1,1.45,0.6,15.7,7.3319,12.22,126,4.3,108,2.9,109.44,73,348,421,17.34,5.9,122.63,0.1,13.1,307.1,4.27,9.7,2.1,177,10.9,0.4,97,86,99,99
685525,MZLGI08GJS,831694,26/08/2018,08:20,09:25,Straw,Clear,1.009,5.7,Negative,1+,Negative,Negative,Trace,Normal,Negative,7-8,0,6-9,Rare,Nil,Mucus threads,21.6,4.9,34.2,63.4,44,63,11.6,45.8,4325,59,33,1,4,0,0.78,1.72,0.27,0.13,0.35,111,7.1,7,0.26,21,1,0.37,0.19,0.4,232,33,95.1,26.4,132,150,7,2.88,0.35,0.5,0.2,0.3,83,23,19,30,7.7,3.5,4.2,0.83,0.9,19.1,8.9197,9.91,138,4.4,103,5.1,103.59,98,349,447,21.92,7.4,165.68,0.8,10.8,38.8,27.84,8.1,5.6,71,9.8,3.23,121,76,112,109
433592,GYAHD02KLM,951040,26/08/2018,07:29,08:18,Straw,Clear,1.026,6.7,Trace,1+,Negative,2+,Negative,Normal,Negative,7-8,0,3-3,Nil,Few,NIL,11.3,5,60.5,100,22,18,12.9,43.7,8874,29,38,4,8,0,1.84,1.67,0.8,0.09,0.09,139,8.7,17,0.37,21,4.6,0.33,0.18,0.81,646,55,56.8,62.9,314.5,62,11.7,1.03,0.97,0.7,0.2,0.5,62,23,21,27,6.9,4.8,2.1,2.29,0.9,10.3,4.8101,5.34,137,4.8,97,11.7,110.44,133,209,342,38.89,6.6,142.72,0.6,28.1,117.4,23.94,10.7,2.8,131,12.4,0.05,148,92,96,187
399651,MZLGI14MHP,292854,24/08/2018,11:10,12:28,Light Yellow,Clear,1.015,6.8,Negative,Negative,Trace,Negative,Negative,Normal,Negative,2-4,1,3-2,Nil,Nil,Amorphous debris,8.4,6.4,32,93.2,13,26,12,44.9,10775,40,31,3,2,0,9.72,0.44,0.69,0.06,0,11,9.6,23,0.3,31.6,4.5,0.21,0.23,0.25,205,77,89.4,26.1,130.5,203,2.7,1.16,0.86,0.6,0,0.6,122,39,33,12,4.7,4.3,0.4,10.75,1.1,11.2,5.2304,4.75,142,4.6,97,6,93.6,75,299,374,20.05,7.5,168.55,0.2,23,110.4,20.83,9.1,5.3,280,21.2,1.23,211,107,69,85
689966,MZLGI12GJS,651369,24/08/2018,11:35,12:58,Yellow,Hazy,1.011,6.2,Negative,Trace,Negative,Negative,Negative,Normal,Negative,3-4,1,2-3,Nil,Nil,NIL,15.9,4.8,28.1,75.1,33,56,13.7,45,5817,34,30,2,2,9.3,0.75,1.62,0.71,0.45,0.05,222,11.5,14,0.26,29.3,4.4,0.62,0.04,1.11,178,41,74.9,10.2,51,69,4.3,1.83,0.55,0.5,0,0.5,81,53,10,29,6.2,4.8,1.4,3.43,0.7,17.1,7.9857,11.41,153,3.3,109,5.6,91.85,117,237,354,33.05,10.6,257.52,0.5,24.1,148.5,16.23,11.7,3.5,89,7.3,7.62,72,63,96,100
653774,PBCHD06HPP,364808,27/08/2018,10:40,11:34,Deep Amber,Clear,1.019,4.6,Negative,1+,Negative,Negative,Negative,Normal,Negative,3-4,0,3-4,Nil,Nil,NIL,14.2,4.7,22,79.2,30,64,12.1,39.5,10663,55,16,3,5,0.8,15.12,1.46,0.06,0.16,0.01,208,11.5,16,0.08,31.2,0.1,0.91,0.26,0.28,158,46,160.9,24.3,121.5,117,3.4,3.5,0.29,0.6,0,0.6,87,84,27,32,7.3,3.1,4.2,0.74,1.1,9.1,4.2497,3.86,142,5,103,4.6,113.86,232,162,394,58.88,6,125.5,0.1,14.9,239.6,6.22,10.4,3.6,314,7.5,1.1,155,162,91,63
322857,GYAHD03JHJ,787543,27/08/2018,08:38,09:36,Pale Yellow,Slightly cloudy,1.014,7,Trace,1+,Negative,Negative,Negative,Normal,Negative,13-15,4,1-2,Nil,Nil,NIL,16.5,6.6,60.1,57.6,25,27,12,43.3,4829,74,23,4,0,0,4.75,2.09,0.54,0.18,0.16,234,11.7,17,0.11,17.7,6.5,0.33,0.76,0.24,173,77,76.4,6.3,31.5,153,2.2,0.99,1.01,0.8,0.3,0.5,77,33,31,21,8.3,4.4,3.9,1.13,0.6,8.2,3.8294,6.38,121,4.7,106,5.7,105.5,99,212,311,31.83,6.2,131.24,0.9,10.1,109.1,9.26,11.7,4.5,241,8.6,3.82,141,102,312,76
308510,PBCHD13HPP,494052,27/08/2018,10:54,11:48,Pale Yellow,Slightly cloudy,1.18,5.9,Negative,1+,Negative,Negative,Negative,Normal,Negative,TNTC,0,1-4,Nil,Nil,Amorphous debris,17.6,4.2,51.9,78.1,41,33,12,30,3387,46,51,2,3,0,5.08,2.26,0.66,0.5,0.07,1070,9.9,17,0.12,34.3,0.1,0.17,0.02,0.07,155,25,103.8,10.2,51,101,6.2,4.15,0.24,0.8,0.2,0.6,113,19,20,12,7.7,4.1,3.6,1.14,0.7,12.1,5.6507,8.07,135,3.5,105,4,94.79,178,262,440,40.45,6.1,128.37,1,13,114.1,11.39,9.3,3.2,150,8.1,0.92,100,82,76,198
177419,PBCHD15CGD,743328,25/08/2018,09:30,10:48,Light Yellow,Clear,1.018,6.9,Trace,Negative,2+,Trace,Negative,Normal,Negative,TNTC,1,3-4,Nil,Few,NIL,10.8,4.5,46,49.2,24,23,12.2,40.9,3427,43,29,9,5,0,1.62,2.7,0.28,0.45,0.02,265,7.6,12,0.07,21.9,3.3,3.47,0.01,0.18,164,54,98,23.1,115.5,108,3,1.81,0.55,4.3,2.1,2.2,78,8,11,24,8.2,4.4,3.8,1.16,0.9,10.4,4.8568,5.4,135,1.9,99,3,115,66,245,311,21.22,10.2,246.04,0.5,22.4,99.6,22.49,8.8,2.9,63,10.2,2.94,84,212,74,125
564791,PBCHD11RJU,489056,24/08/2018,07:42,08:30,Yellow,Clear,1.015,6.6,1+,1+,Negative,Trace,Negative,Normal,Negative,TNTC,1,3-3,Nil,Nil,Amorphous debris,9.6,6.3,44.1,93.4,15,21,14.5,45.1,3837,33,52,4,6,0,2.14,7.31,0.16,0.69,0,874,8.7,14,0.16,12.7,4.8,0.37,2.76,0.32,208,69,112.2,60.1,300.5,134,3,1.63,0.61,0.5,0.2,0.3,111,10,17,25,6.3,3.6,2.7,1.33,1.1,13,6.071,5.52,144,2.7,108,3.2,114.34,160,284,444,36.04,5.9,122.63,0.2,10.2,404.9,2.52,12.9,3.1,94,6.6,4.87,78,112,122,296
645814,MZLGI06BRC,193175,24/08/2018,10:41,11:46,Light Yellow,Clear,1.016,6.1,Negative,Negative,Negative,Negative,Negative,Normal,Negative,3-4,0,3-2,Nil,Nil,Artifacts,11.7,5.3,34,88,22,34,13.1,39,7824,38,33,5,7,0,3.19,2.26,0.95,0.3,0.06,264,9,11,0.24,26.8,0.3,0.04,0.11,0.3,226,49,69.1,21,105,111,4.6,1.41,0.71,0.3,0.1,0.2,72,18,25,59,7.5,4.1,3.4,1.21,1.2,12.5,5.8375,4.86,137,5.3,101,4,90.25,128,284,412,31.07,6.1,128.37,0.8,14.7,132.2,11.12,10.8,2.6,78,9,3.41,232,88,107,177
543271,PBCHD06HPP,574809,27/08/2018,08:32,09:14,Pale Yellow,Clear,1.029,5.1,Trace,Negative,Negative,Negative,Negative,Normal,Negative,5-7,0,2-4,Rare,Nil,NIL,12.4,7.8,35.2,87,15,35,14,43.3,38888,59,22,5,4,0,7.04,1.51,0.6,0.43,0.04,308,7.3,9,0.43,12.3,1.4,0.09,2.87,0.14,199,61,77.6,38.3,191.5,205,3.3,1.27,0.79,0.7,0,0.7,98,11,19,22,6.4,4.9,1.5,3.27,1,7.7,3.5959,3.6,148,3.7,104,6,58.3,141,188,329,42.86,10.8,263.26,0.8,21.4,46.5,46.02,9.2,3.9,106,9.4,1.87,91,64,61,83
336738,GYAHD01KLM,386316,25/08/2018,07:47,08:42,Light Yellow,Hazy,1.014,6.8,Negative,Trace,Negative,Negative,Negative,Normal,Negative,14-15,1,5-14,Nil,Rare,NIL,6.9,5,53.8,82.5,13,12,13.8,44.5,10147,59,22,5,5,0,1.1,4.75,0.39,0.89,0.07,328,14.7,11,0.59,19.6,3.7,4.52,4.43,4.22,155,36,86.2,31.9,159.5,107,4.3,2.39,0.42,0.6,0,0.6,110,11,32,32,6.7,3.9,2.8,1.39,0.6,9.1,4.2497,7.08,131,2.6,112,5.6,97.75,66,114,180,36.67,5.8,119.76,1,14.4,123,11.71,10.3,2.9,86,5.4,3.03,96,71,118,118
961299,PBCHD04RJU,568014,26/08/2018,09:43,11:06,Yellow,Clear,1.024,6.6,Negative,Negative,Negative,Negative,Negative,Normal,Negative,TNTC,2,3-4,Nil,Nil,NIL,17.5,5.2,51.7,88.3,33,33,12.5,40.3,6980,55,35,4,7,0,8.63,1.72,0.23,0.47,0.05,329,14.5,14,0.25,13.1,1.8,0.23,0.23,0.02,106,49,88.7,8.8,44,123,2.2,1.81,0.55,0.9,0.3,0.6,98,30,21,31,6.3,4.5,1.8,2.5,0.6,18.9,8.8263,14.71,134,4.5,97,5.7,115.64,162,112,274,59.12,7.6,171.42,0.6,22.9,201.5,11.36,8.6,3.7,167,4.9,7.45,104,78,92,143
966545,KLTRS10MLT,649175,26/08/2018,08:05,09:23,Light Yellow,Clear,1.018,9.2,Trace,Trace,Negative,Negative,Negative,1+,Negative,9-11,2,3-2,Nil,Nil,NIL,15.2,4.4,60.6,73.7,34,25,13.5,40,9251,38,35,5,3,3.4,1.02,7.71,0.77,0.63,0.02,353,7.1,14,0.32,33.1,4.8,0.23,0.12,0.35,186,54,103.7,53.8,269,159,3.4,1.92,0.52,0.5,0,0.5,98,54,6,14,8,3.9,4.1,0.95,1,18.3,8.5461,8.55,139,4.7,101,1.4,91.78,157,158,315,49.84,6.1,128.37,0.6,11.9,64.1,18.56,10.5,3.7,114,9,2.54,106,90,240,96
103747,GYAHD02KLM,478178,25/08/2018,08:45,10:11,Straw,Clear,1.022,5.2,1+,Trace,1+,Negative,Trace,Normal,Negative,52-56,16,2-2,Nil,Nil,NIL,3.8,4,20.3,95,9,18,13,47.7,11219,52,43,1,6,0,8.42,0.29,0.38,0.46,0.16,215,13.4,25,0.38,13,1.4,0.01,0.37,0.01,171,56,98,54.8,274,160,3.1,1.75,0.57,0.6,0.1,0.5,66,46,27,30,7.8,3.7,4.1,0.9,0.7,13.9,6.4913,9.27,122,4.3,104,2.3,93.21,68,158,226,30.09,5.7,116.89,0.4,11.3,108.7,10.4,10.9,3.6,232,6.6,0.06,98,75,112,120
386544,PBCHD09SKM,497773,27/08/2018,10:00,11:22,Pale Yellow,Clear,1.019,6.7,Trace,1+,1+,Negative,Negative,Normal,Negative,TNTC,1,3-2,Nil,Rare,NIL,9.4,4.2,60.3,86.7,22,15,13.6,40.8,7446,47,21,1,11,0,2.21,1.88,0.83,0.24,0.06,514,11.8,10,0.3,28,4.3,0.01,0.45,0.38,176,52,61.5,9.2,46,91,3.4,1.18,0.85,0.9,0.3,0.6,117,21,34,32,6.8,4,2.8,1.43,0.7,17.7,8.2659,11.81,130,4,93,5.5,112.99,170,343,513,33.14,6.1,128.37,0.2,20.6,52.7,39.09,10.1,2.5,156,13.6,3.5,173,80,111,162
974441,KLTRS11WBD,845462,28/08/2018,08:39,09:11,Pale Yellow,Slightly cloudy,1.017,6.7,Trace,1+,Negative,Negative,Negative,Normal,Negative,3-4,2,1-2,Nil,Nil,Fat droplets or lipiduria,11.1,4.1,59.5,92.9,27,18,11.7,40.3,37981,37,25,1,2,0,4.33,1.99,0.34,0.05,0.04,370,7.7,12,0.19,19.2,2.9,0.59,0.34,0.28,156,27,77.4,36.6,183,65,5.8,2.87,0.35,9.9,5.4,4.5,55,62,19,12,5.7,4.5,1.2,3.75,0.9,12.2,5.6974,6.33,137,4.2,105,6.9,97.54,100,218,318,31.45,8.8,205.86,1,10.8,139.6,7.74,8.5,4.2,116,8.1,8.46,96,92,80,268
372561,PBCHD08CGD,135738,24/08/2018,11:52,12:54,Pale Yellow,Clear,1.017,6.9,Trace,Trace,Negative,Negative,Negative,Normal,Negative,7-8,0,3-4,Moderate,Rare,NIL,11.8,5.2,44,86.9,22,26,16.5,26.6,9832,49,55,14,5,0,2.17,0.42,0.3,0.63,0.29,445,5.1,15,0.39,13.5,4.6,0.07,0.03,0.38,172,59,90.9,5.8,29,118,2.9,1.54,0.65,0.6,0,0.6,123,27,29,9,6.1,4,2.1,1.9,1.2,10.2,4.7634,3.97,122,3.8,98,5.7,116.35,131,356,487,26.9,6.1,128.37,0.5,11.5,131.3,8.76,12.6,3.7,241,5.1,3.6,75,65,74,228
240667,KLTRS08MLT,636556,28/08/2018,10:30,11:59,Yellow,Slightly cloudy,1.018,5,Trace,Negative,Negative,Negative,Negative,Normal,Negative,12-14,1,1-4,Few,Nil,NIL,15.3,4.7,49.6,72.2,32,30,14.5,39.1,28552,47,25,5,7,0,4.79,3.55,0.63,0.08,0.19,324,12,15,0.36,21.7,1.3,0.58,0.36,1.39,191,42,89.3,11,55,133,4.5,2.13,0.47,0.9,0.2,0.7,87,40,28,44,8.2,3.5,4.7,0.74,0.9,21.1,9.8537,10.95,140,4.4,97,4.9,73.61,107,220,327,32.72,6.3,134.11,0.1,21.8,38.4,56.77,9.4,3.7,258,14,0.49,76,98,64,234
245629,PBCHD15HPP,159613,28/08/2018,07:00,08:08,Light Yellow,Clear,1.011,4.9,Negative,Trace,Negative,Negative,2+,Normal,Negative,12-14,2,2-2,Nil,Nil,NIL,4.5,5.5,43.7,74.6,8,10,13.7,39.2,7404,58,38,17,3,0,6.91,1.18,0.9,0.39,0.11,386,11.6,15,0.19,37.2,0.1,5.37,1.16,2.06,168,48,70.4,33.3,166.5,138,3.5,1.47,0.68,0.9,0.2,0.7,74,18,29,37,7.5,4.6,2.9,1.59,1.2,6,2.802,2.34,148,3.7,91,4.8,45.33,133,219,352,37.78,7.6,171.42,0.6,20.1,90,22.33,7.8,2.4,135,15.2,2.11,105,80,335,167
539854,MZLGI03RJK,894631,28/08/2018,08:43,09:35,Straw,Slightly cloudy,1.024,4.9,Trace,Trace,Negative,Negative,Negative,Normal,Negative,14-15,0,3-4,Nil,Nil,NIL,15,4.5,19.3,93.1,33,77,14.6,39.3,8584,31,31,5,4,0,6.93,1.67,0.56,0.69,0.03,169,7.3,20,0.43,14.8,0.1,0.07,0.16,0.36,126,52,24.6,12.6,63,93,2.4,0.47,2.11,0.7,0.3,0.4,115,109,29,7,6.7,4.8,1.9,2.53,1,198.6,92.7462,92.75,137,4.2,106,5.3,95.28,87,357,444,19.59,8.9,208.73,0.3,152.3,24.5,621.63,8.6,3,158,3.3,6.55,84,86,74,88
245948,MZLGI12MHP,807514,24/08/2018,08:41,09:51,Pale Yellow,Clear,1.019,7,Negative,Negative,Negative,Negative,Negative,Normal,Negative,1-2,2,1-3,Nil,Nil,NIL,10.9,4.3,33.1,99.3,25,32,11.1,46.9,6268,49,32,2,7,1.5,2.07,1.13,0.7,0.31,0.04,790,10,13,0.35,34.5,0.5,0.1,0.06,4.57,107,73,86.3,54.4,272,84,1.5,1.18,0.85,0.7,0.3,0.4,51,29,25,25,7.2,4.3,2.9,1.48,1,13.4,6.2578,6.26,99,4.1,101,3.3,49.88,78,150,228,34.21,5.8,119.76,0.3,22.8,80.9,28.18,8,3.2,187,7.2,0.12,120,75,83,136
394152,PBCHD11NLM,886546,28/08/2018,11:05,12:16,Light Yellow,Slightly cloudy,1.016,5.1,Trace,1+,Negative,Negative,Negative,Normal,Negative,4-5,1,3-2,Nil,Nil,Amorphous debris,21.4,4,31.3,94.3,53,68,16.3,45.5,9111,45,53,3,2,0,2.76,1.88,0.7,0.03,0.01,1112,7.5,14,0.29,20.4,0.1,6.26,0.03,0.01,156,38,48.6,15.8,79,89,4.1,1.28,0.78,4.1,2,2.1,71,43,40,15,7.6,4.1,3.5,1.17,1.2,14.7,6.8649,5.72,141,3.3,105,6.7,67.64,149,256,405,36.79,8.7,202.99,1,20.7,56.4,36.7,8.9,3.9,306,19,2.83,133,71,74,149
555353,PBCHD13KLC,616162,26/08/2018,09:09,10:32,Pale Yellow,Slightly cloudy,1.022,4.7,Trace,Negative,Negative,Negative,Negative,Normal,Negative,13-15,2,12-17,Nil,Nil,NIL,8.3,5.4,43,87.7,15,19,13.3,42,6226,36,55,1,5,0,9.11,2.08,0.88,0.14,0.01,62,7.1,14,0.33,22.5,3.5,1.24,0.11,2.66,514,71,154.3,35.2,176,164,7.2,2.17,0.46,0.4,0.1,0.3,126,52,11,42,6.4,4.4,2,2.2,0.6,18.4,8.5928,14.32,142,3.9,96,5,96.97,168,195,363,46.28,6.3,134.11,0.7,10.2,105.5,9.67,11.8,5.5,164,10.9,2.33,113,105,97,187
322927,KLTRS13NLZ,951305,25/08/2018,07:29,08:39,Light Yellow,Slightly cloudy,1.011,5.1,Negative,Negative,Negative,Negative,Negative,Normal,Negative,32-33,5,>20,Nil,Rare,NIL,8.4,5.5,41.6,64.7,15,20,15.6,39.5,5097,49,37,7,3,0,5.57,2.56,0.28,0.1,0.13,199,7.4,24,0.58,22.5,0.6,0.08,1.99,0.22,159,57,79.9,107.5,537.5,152,2.8,1.4,0.71,0.6,0.1,0.5,42,43,14,14,6.6,4.6,2,2.3,0.9,16.8,7.8456,8.72,128,2.6,102,5.1,97,76,279,355,21.41,7.4,165.68,0.3,15,20.6,72.82,11.1,3.6,189,5.9,5.62,117,68,107,115
629649,MZLGI14MHP,960967,28/08/2018,11:55,12:34,Straw,Clear,1.01,4.6,Trace,1+,Negative,Negative,Negative,Normal,Negative,14-15,0,3-2,Nil,Nil,NIL,15.1,5.7,33.6,61.6,26,44,11.9,44.5,10127,59,54,1,5,0,4.94,7.72,0.61,0.08,0,179,13.8,11,0.34,33.9,4,0.68,0.08,0.08,165,49,176.8,9.8,49,100,3.4,3.61,0.28,0.7,0.3,0.4,119,51,33,31,7.8,3.5,4.3,0.81,0.6,20,9.34,15.57,147,3.8,108,3.6,116.21,131,305,436,30.05,7,154.2,0.2,16.1,139.5,11.54,10.2,2.3,98,7,2.08,87,121,79,155
598504,KLTRS05MLT,970853,28/08/2018,09:17,10:14,Light Yellow,Slightly cloudy,1.019,6.2,Negative,Negative,2+,Negative,Negative,Normal,Negative,6-8,1,3-3,Nil,Nil,Yeast cells,15.7,5.6,34.5,59.9,28,45,13.7,42.2,6983,51,35,4,12,10.2,1.05,4.64,0.64,0.34,0.06,425,15.8,17,0.14,19,1.4,0.02,0.33,1.66,166,74,86.2,8.4,42,148,2.2,1.16,0.86,0.4,0,0.4,48,13,14,33,6.5,3.9,2.6,1.5,0.6,10.5,4.9035,8.17,143,5.8,105,5.2,122.63,119,279,398,29.9,5.9,122.63,0.7,11.9,79,15.06,8.2,4.4,80,15.6,2.57,185,98,84,102
925420,PBCHD11KLC,632424,25/08/2018,09:55,10:46,Light Yellow,Slightly cloudy,1.012,7,Negative,1+,Negative,Negative,Negative,Normal,Negative,74-78,1,2-2,Nil,Rare,NIL,12.1,4.3,51.9,76.1,28,23,14.5,39.9,4446,54,39,6,12,2,9.05,2.68,0.6,0.1,0.04,187,5.4,14,0.2,49.7,4.4,0.3,0.06,0.12,159,47,65.3,34.4,172,90,3.4,1.39,0.72,0.3,0.1,0.2,93,51,112,16,6.8,3.6,3.2,1.13,1.1,21.6,10.0872,9.17,109,4.4,120,4.1,94.74,132,123,255,51.76,5.9,122.63,0.2,28.5,79.3,35.94,9.1,3.6,150,11.2,0.84,108,113,85,70
207854,KLTRS07WBD,419450,26/08/2018,11:11,11:58,Pale Yellow,Milky,1.014,5.2,Negative,Trace,Negative,Negative,Negative,Normal,Negative,10-12,1,3-4,Nil,Nil,Fungal elements,17.9,5.1,55.9,65,35,32,12.9,45.8,46353,45,40,6,2,0,8.52,1.14,0.29,0.24,0.03,134,12.2,17,0.36,31.2,0.8,0.85,0.54,0.98,215,45,54.9,27.7,138.5,69,4.8,1.22,0.82,0.3,0.1,0.2,80,18,16,22,6.7,4.6,2.1,2.19,1.1,6.1,2.8487,2.59,127,3.6,113,2.1,101.4,149,291,440,33.86,6.9,151.33,0.5,16.5,43.8,37.67,11.2,2.1,77,17.8,0.009,121,186,92,100
343547,KLTRS01NLZ,406660,27/08/2018,11:14,12:11,Yellow,Clear,1.011,6.3,Negative,Negative,Negative,Negative,Negative,Normal,Negative,5-7,0,3-2,Nil,Nil,Amorphous debris,18.7,6.5,55,82.4,28,34,14.4,39.5,7096,56,40,1,7,0,1.07,0.95,0.73,0.28,0.07,561,6.2,15,0.13,31.1,1,0.3,0.34,0.37,180,42,86.6,11.4,57,134,4.3,2.06,0.48,0.7,0.2,0.5,120,49,15,29,7.6,4.9,2.7,1.81,0.6,16.8,7.8456,13.08,149,4.4,99,5.1,101.98,81,355,436,18.58,6,125.5,0.7,13,79.1,16.43,9,4.3,187,14.7,2.17,93,98,76,151
825120,PBCHD05MHS,407765,26/08/2018,08:13,08:58,Orange,Clear,1.016,4.8,Negative,Trace,Negative,Negative,Trace,Normal,Negative,6-8,1,3-3,Moderate,Nil,NIL,15.8,5.1,46.8,75.1,30,33,13.1,40.9,9525,54,24,0,4,1.3,8.14,2.23,0.24,0.24,0.08,312,7.1,14,0.25,21.9,3.1,0.31,0.47,0.21,191,50,111.1,13.7,68.5,199,3.8,2.22,0.45,0.7,0.1,0.6,129,11,40,10,6.8,4.5,2.3,1.96,2.4,6.4,2.9888,1.25,124,3.3,97,6,114.91,151,358,509,29.67,7,154.2,0.6,11.2,242.9,4.61,9.6,4.6,119,10.3,3.47,116,69,113,85
154220,PBCHD15MHS,716178,26/08/2018,11:55,13:16,Green,Slightly cloudy,1.011,5.8,Negative,Negative,Negative,Trace,Negative,Normal,Positive,TNTC,2,1-2,Nil,Nil,NIL,19.8,5.1,27.3,73,38,72,14,44.4,9122,21,42,8,6,0,6.86,1.22,0.86,0.51,0.1,647,10.1,16,0.35,15.3,2.4,0.25,0.51,0.39,165,55,109.9,12.2,61,66,3,2,0.5,0.5,0.2,0.3,49,56,13,13,6.5,5,1.5,3.33,1.1,6.3,2.9421,2.67,136,2.9,107,2.1,96.67,133,189,322,41.3,6.4,136.98,0.2,12.2,64.6,18.89,9.6,3.3,163,19,2.92,84,61,119,112
546348,PBCHD06PBM,628953,28/08/2018,11:09,11:45,Light Yellow,Slightly cloudy,1.013,5.4,1+,Negative,Negative,Negative,Negative,Normal,Negative,11-12,1,3-4,Nil,Rare,NIL,9.4,5.3,54.1,87.7,17,17,14.8,42.6,4591,42,36,2,8,0.3,2.55,2.64,0.57,0.27,0.03,1018,10,16,0.26,22.8,3.7,3.3,3.69,0.32,157,59,153.9,36.3,181.5,203,2.7,2.61,0.38,1,0.3,0.7,120,50,28,13,8.1,3.9,4.2,0.93,1.9,7.7,3.5959,1.89,141,3.8,99,11.3,93.96,91,349,440,20.68,5.9,122.63,0.7,18.6,162.1,11.47,9.7,3.9,157,4.1,2.89,104,73,110,163
981058,GYAHD03KLM,383261,26/08/2018,11:26,11:59,Light Yellow,Clear,1.013,8.8,Negative,1+,Negative,Negative,Negative,Normal,Negative,7-9,2,3-4,Few,Nil,Amorphous debris,2.6,5.4,56.2,88.1,4,4,13.7,41.6,8008,58,39,9,6,0,0.72,2.38,0.56,0.48,0.06,415,7.5,9,0.1,29.2,3.6,0.01,0.37,0.02,222,59,108.3,52.3,261.5,183,3.8,1.84,0.54,0.9,0.3,0.6,78,27,30,11,8.3,3.5,4.8,0.73,1.1,13.1,6.1177,5.56,149,3,107,3.5,85.7,100,113,213,46.95,6.7,145.59,0.8,15.7,95.9,16.37,10.4,3.4,122,3.3,1.03,96,63,76,173
828855,PBCHD04KLC,627775,26/08/2018,08:42,09:49,Pale Yellow,Clear,1.025,4.8,1+,Trace,1+,Negative,Negative,Normal,Negative,13-15,16,>20,Nil,Nil,NIL,10.9,6.4,50.8,77,17,21,13.7,40.9,54693,53,30,4,4,0,7.67,1.88,0.05,0.02,0.03,216,11.1,8,0.47,31.6,0.1,0.16,0.01,0.32,184,42,85.9,9.4,47,210,4.4,2.05,0.49,1.5,0.7,0.8,97,30,11,37,6.1,4.3,1.8,2.39,1.1,14.1,6.5847,5.99,128,4.7,96,3.8,118.39,122,173,295,41.36,8.8,205.86,0.8,10.5,104.3,10.07,10,3.2,74,5.1,3.07,107,82,81,87
930327,GYAHD04KLM,118221,25/08/2018,10:47,11:51,Pink,Clear,1.035,6.7,Trace,Trace,Negative,Negative,Negative,Normal,Negative,9-11,0,2-2,Nil,Rare,NIL,11.1,3.4,40.4,98.4,32,27,13.6,39.7,5736,43,16,5,2,0,3.54,6.89,0.76,0.64,0.12,450,9.4,12,0.27,12.8,1.9,3.87,0.12,6.73,162,39,98.1,14.5,72.5,86,4.2,2.52,0.4,0.7,0.3,0.4,97,25,24,25,6.8,4.7,2.1,2.24,1.1,33.3,15.5511,14.14,136,4.9,101,2.1,106.05,112,242,354,31.64,8.3,191.51,15.5,253.1,30.8,821.75,11.1,2.3,67,10.8,0.31,160,75,193,95
126796,MZLGI13MHP,295221,28/08/2018,08:44,09:16,Straw,Clear,1.012,4,Trace,Negative,Negative,Negative,Negative,Normal,Negative,14-15,2,3-4,Nil,Nil,NIL,17.4,5.5,39.4,76.3,31,44,9.3,42.1,10177,30,15,4,2,0,8.44,6.83,0.87,0.31,0.09,132,11.1,10,0.06,14.1,3.2,0.06,0.08,0.1,197,28,71.5,5.6,28,148,7,2.55,0.39,0.6,0,0.6,87,31,20,45,7.6,5,2.6,1.92,0.9,8.2,3.8294,4.25,132,3.5,104,5.2,94.45,190,348,538,35.32,6.4,136.98,0.7,12.7,101.3,12.54,9.7,4.1,275,10.7,2.19,75,112,80,124
889258,GYAHD05KLM,440627,26/08/2018,11:06,11:54,Pale Yellow,Clear,1.011,6.9,Negative,Trace,Negative,Negative,Negative,Normal,Negative,7-8,1,1-4,Nil,Nil,NIL,19.5,5.3,42.5,81,36,45,12.6,43,10961,69,20,2,7,0,1.18,2.64,0.65,0.23,0.07,443,8.2,5,0.46,31.7,0.7,0.36,0.41,0.35,199,23,86.9,54.8,274,157,8.7,3.78,0.26,0.5,0.1,0.4,95,15,25,33,6,4.8,1.2,4,1.2,8.1,3.7827,3.15,145,4.4,98,6.8,70.35,111,135,246,45.12,5.7,116.89,0.9,21.7,194.5,11.16,11.5,5.2,289,10.4,2.86,110,94,95,114
246371,PBCHD08GAM,382258,24/08/2018,06:13,06:51,Light Yellow,Hazy,1.014,6.6,Negative,Trace,Negative,Negative,Negative,1+,Negative,5-6,2,3-4,Nil,Nil,NIL,20.1,5,29,93.2,40,69,13.4,39.2,10716,40,48,5,4,2.1,1.09,0.74,0.55,0.3,0.06,249,8.9,11,0.29,20.7,6.4,0.35,0.22,3.36,161,37,139.8,8.4,42,172,4.4,3.78,0.26,0.9,0.2,0.7,56,7,28,36,7.4,3.4,4,0.85,1.1,17.9,8.3593,7.6,146,4,105,6.6,108.96,68,212,280,24.29,9,211.6,0.1,20.2,149,13.56,9.1,2.7,347,3.3,2.56,148,96,143,79
690003,MZLGI03RJK,962975,24/08/2018,06:01,07:20,Pale Yellow,Clear,1.03,5.9,1+,Trace,Negative,Negative,Trace,Normal,Negative,7-9,4,3-2,Nil,Nil,NIL,17.7,4.7,42.8,62.7,37,41,16.5,44.6,5575,43,21,8,11,0,0.79,1.01,0.22,0.04,0.01,220,16.7,14,0.09,23.9,6.2,0.02,0.56,0.01,227,23,61.2,77.8,389,130,9.9,2.66,0.38,0.6,0.2,0.4,87,45,26,13,7.4,3.1,4.3,0.72,0.9,25.6,11.9552,13.28,134,2.6,106,10.7,115.56,112,209,321,34.89,8.7,202.99,0.5,20.2,110.9,18.21,9.2,6.7,124,6.5,0.05,280,104,77,118
232311,KLTRS07ODB,996758,25/08/2018,09:23,10:23,Yellow,Slightly cloudy,1.021,6.7,Trace,Negative,Trace,Negative,Trace,Normal,Negative,TNTC,2,2-4,Nil,Few,NIL,16.3,5.6,48.1,86.9,29,33,13.5,25.1,8923,58,19,14,0,0,1.11,1.42,0.35,0.34,0.1,194,9.2,13,0.17,19.5,2.3,0.18,0.36,2.71,198,23,91.2,33,165,149,8.6,3.97,0.25,0.5,0.1,0.4,62,41,16,25,7.2,4.6,2.6,1.77,0.9,5.9,2.7553,3.06,139,4.1,99,2.2,104.38,81,297,378,21.43,6.4,136.98,0.7,27.8,71.1,39.1,9.6,2.6,104,8.2,1.68,78,120,220,217
823130,GYAHD13ODK,639852,26/08/2018,08:08,09:24,Yellow,Slightly cloudy,1.026,6.6,Trace,Negative,Negative,Negative,Negative,Normal,Negative,2-3,2,5-11,Nil,Nil,NIL,19.6,5.9,45.7,40.3,33,42,14.3,36.6,10254,40,43,2,8,0,15.09,0.76,0.46,0.3,0.07,209,8.7,14,0.48,34,4.5,0.33,0.09,0.08,174,40,63.2,10.3,51.5,99,4.4,1.58,0.63,0.7,0.3,0.4,87,9,6,42,6.7,4.5,2.2,2.05,0.6,10.8,5.0436,8.41,136,3.1,96,5,107.55,66,351,417,15.83,6.1,128.37,0.8,198,42.9,461.54,9.7,3.7,96,7.1,3.41,91,167,106,130
734576,GYAHD09JHJ,728313,26/08/2018,06:44,07:33,Light Yellow,Clear,1.013,6.9,Negative,Negative,Negative,Negative,Negative,Normal,Negative,8-9,0,2-2,Nil,Moderate,Yeast cells,15.9,6.4,30,76,24,53,12.7,42.9,8683,56,19,4,9,2.4,8.84,2.65,0.75,0.44,0.1,325,7.4,12,0.29,38.8,6.5,0.66,5.43,0.08,150,53,76,106.9,534.5,62,2.8,1.43,0.7,0.4,0.1,0.3,46,8,15,46,7.7,3.6,4.1,0.88,0.9,11.7,5.4639,6.07,129,3.5,104,4.1,102.31,63,338,401,15.71,6.1,128.37,0.3,78.3,93,84.19,11.3,3.2,84,13.2,2.58,91,81,124,135
124404,MZLGI02GJS,700135,26/08/2018,11:26,12:21,Yellow,Slightly cloudy,1.013,4.8,Trace,2+,Negative,Negative,Negative,Normal,Negative,11-13,1,1-3,Nil,Nil,NIL,12.2,4.5,60,96.9,27,20,12.4,43.6,7689,34,28,2,4,0,2.36,2.09,0.77,0.14,0.08,366,13.8,15,0.29,12.3,3.5,0.6,0.54,0.21,361,49,96.2,12.9,64.5,187,7.4,1.96,0.51,0.7,0.3,0.4,44,22,17,16,7.3,3.7,3.6,1.03,1.2,17.1,7.9857,6.65,143,5,107,9.4,108.41,125,174,299,41.81,7.9,180.03,0.2,27.1,21.3,127.23,8.7,5.6,183,4.9,1.08,100,85,75,113
857176,MZLGI01APK,658227,24/08/2018,07:22,08:17,Yellow,Clear,1.015,6.6,Trace,Negative,Negative,Negative,Negative,1+,Negative,13-14,0,3-2,Rare,Rare,NIL,12.6,4.9,39.9,84,25,31,13.1,41.6,9311,43,21,3,4,0,8.1,2.88,0.72,0.09,0.01,380,7.7,18,0.27,12,5.8,0.11,0.14,0.09,153,59,108.8,11.6,58,111,2.6,1.84,0.54,0.6,0,0.6,45,42,39,24,7.4,4.9,2.5,1.96,0.6,11.9,5.5573,9.26,126,4.6,99,5.7,110.44,140,350,490,28.57,8.9,208.73,0.5,13.8,26.3,52.47,7.1,3.8,155,9.7,0.47,170,94,94,252
265407,KLTRS04ODB,664981,27/08/2018,06:08,06:40,Pale Yellow,Clear,1.017,4.6,Negative,Negative,Negative,Trace,Negative,Normal,Negative,3-4,2,2-3,Nil,Nil,NIL,14.4,4.7,50.8,79.7,30,28,13.3,39.8,9745,51,20,4,5,0,8.45,1.6,0.55,0.17,0,182,10.6,10,0.28,33.8,0.3,6.62,2.55,5.8,187,73,73.9,86.7,433.5,80,2.6,1.01,0.99,0.6,0,0.6,100,28,6,30,6.2,3.8,2.4,1.58,0.6,10.3,4.8101,8.02,144,4.7,95,3.6,102.6,88,164,252,34.92,6.3,134.11,2,11.6,100.5,11.54,6.8,3.1,97,9.3,3.68,122,74,222,76
864780,KLTRS03TSS,274940,25/08/2018,06:57,08:18,Dark Yellow,Slightly cloudy,1.011,5.1,Negative,Negative,Trace,Negative,Negative,Normal,Negative,TNTC,5,2-4,Nil,Rare,NIL,9.1,4.3,21,92.4,21,43,13.1,43.3,43853,50,38,2,14,0,4.84,1.83,0.59,0.41,0.09,401,10.6,11,0.28,16,2.3,0.77,0.29,0.64,237,50,149.5,40.9,204.5,168,4.7,2.99,0.33,0.7,0.2,0.5,239,56,29,52,8.3,3.6,4.7,0.77,0.8,14.4,6.7248,8.41,138,5.5,95,2.5,106.37,151,132,283,53.36,6.4,136.98,0.9,12.7,311.9,4.07,8.7,3.8,40,10.3,1.82,93,79,112,106
318674,KLTRS06MLT,944569,27/08/2018,07:19,08:15,Yellow,Clear,1.018,4.7,Trace,2+,1+,Negative,Negative,Normal,Negative,10-11,2,1-4,Nil,Nil,NIL,8.8,5,30.3,60.6,17,29,11.8,38.5,9177,53,33,4,12,0,3.33,1.07,0.24,0.47,0.02,56,11.9,16,0.07,12.2,0.1,0.8,0.28,0.39,186,34,72.9,24.8,124,210,5.5,2.14,0.47,16.6,12.1,4.5,192,35,18,15,6.1,4.2,1.9,2.21,0.8,29.6,13.8232,17.28,143,4.1,112,3.8,94.25,63,209,272,23.16,8.8,205.86,0.1,21.9,76.8,28.52,11.5,3.5,221,7.1,0.14,87,79,205,103
729204,GYAHD15KAU,664116,25/08/2018,08:57,09:42,Straw,Clear,1.021,5,Negative,Trace,Negative,Negative,Trace,Normal,Negative,3-5,0,14-9,Nil,Nil,Yeast cells,14.4,5.7,57,72.3,25,25,15.1,39.1,7899,55,29,3,8,0,2.55,2.66,0.39,0.17,0.09,280,7.2,11,0.32,29.1,3.2,2.96,0.38,0.22,225,54,52.9,36.6,183,141,4.2,0.98,1.02,0.4,0.1,0.3,62,14,17,29,6,4,2,2,0.6,9,4.203,7.01,136,4.8,100,5.2,109.61,105,301,406,25.86,6.3,134.11,0.4,24.9,76.5,32.55,10.1,2.9,132,4.1,5.69,95,144,84,192
371039,MZLGI09RJK,284693,27/08/2018,07:46,08:41,Yellow,Hazy,1.015,6.5,Negative,1+,1+,Negative,Negative,Normal,Negative,13-14,2,1-2,Nil,Nil,NIL,20.3,6.6,46.8,88.7,30,43,13.4,42.5,6084,65,11,4,21,0,3.08,3.23,0.58,0.38,0.05,1181,7.4,17,0.58,28.2,1.8,2.46,0.2,0.33,200,29,67.7,63.9,319.5,90,6.9,2.33,0.43,0.3,0.1,0.2,84,45,25,28,8.3,4.9,3.4,1.44,0.9,17.8,8.3126,9.24,121,2.9,97,4.6,85.08,107,198,305,35.08,8.1,185.77,0.8,15.3,92.5,16.54,9.4,3,93,9.6,8.44,93,90,82,152
510361,KLTRS13WBD,663704,28/08/2018,07:17,08:10,Light Yellow,Slightly cloudy,1.011,4.9,Trace,Trace,Negative,Negative,Negative,Normal,Negative,5-6,3,2-4,Nil,Few,Yeast cells,14.4,5.4,42.5,87,26,33,13.2,44.8,8111,50,46,1,8,0,8.53,2.61,1.12,0.01,0,256,7.4,11,0.65,20.4,1.9,0.02,0.19,0.08,178,26,61.6,6.1,30.5,217,6.8,2.37,0.42,0.4,0.1,0.3,72,113,39,36,6.4,4.5,1.9,2.37,0.6,18.7,8.7329,14.55,140,2.8,95,6.6,100.12,44,169,213,20.66,6.1,128.37,30.3,27.9,136.2,20.48,10,2.7,299,4.7,12.65,113,105,189,170
286210,PBCHD09PBP,784159,27/08/2018,10:32,11:56,Yellow,Clear,1.016,8,Trace,Negative,Negative,Negative,Negative,Normal,Negative,3-5,0,1-4,Few,Nil,NIL,9.3,4.6,58.6,48.4,20,15,14,40.9,8532,74,30,5,4,0,8.52,1.53,0.79,0.08,0.08,395,10.7,15,0.1,33.6,1.5,0.2,0.02,0.24,186,57,76.5,32.5,162.5,96,3.3,1.34,0.75,1,0.3,0.7,53,45,30,10,7.4,4.2,3.2,1.31,1.4,105.5,49.2685,35.19,149,2.6,95,3.4,98.69,121,203,324,37.35,6,125.5,0.3,18,271.7,6.62,9.6,3.7,164,6.8,3.48,70,71,79,111
881283,PBCHD08NLM,526787,27/08/2018,06:24,07:27,Pale Yellow,Clear,1.026,6.3,Negative,Negative,Negative,Negative,Negative,Normal,Negative,5-7,0,1-2,Rare,Rare,Amorphous debris,6.1,5.5,37,98.3,11,16,12.7,47,8594,49,20,9,5,1,5.9,2.47,0.05,0.24,0.06,169,9.5,14,0.23,35,4,0.34,0.38,0.28,164,41,85.8,104.3,521.5,121,4,2.09,0.48,0.5,0.2,0.3,93,46,15,10,8.2,4.9,3.3,1.48,1.1,15.7,7.3319,6.67,142,2.1,95,4,107.45,108,129,237,45.57,6.1,128.37,0,25.5,24,106.25,10.4,2.9,192,12.6,0.26,138,93,90,118
448421,GYAHD06ODK,333984,24/08/2018,06:16,07:28,Yellow,Clear,1.022,4.8,Negative,Negative,Negative,Negative,Trace,Normal,Negative,4-6,2,1-4,Nil,Nil,NIL,9.1,5.5,31.1,89.7,16,29,14,43.6,10028,53,24,3,7,0,4.47,2.11,0.58,0.03,0.01,429,10.2,11,0.28,19.3,0.1,0.89,0.37,0.33,179,47,93.6,45.4,227,116,3.8,1.99,0.5,0.5,0.1,0.4,109,11,21,27,6.4,3.6,2.8,1.29,0.9,14.1,6.5847,7.32,133,4.2,111,3.9,99.25,93,262,355,26.2,6.9,151.33,0.4,20.3,63.2,32.12,9.1,3.9,293,11.5,0.75,223,188,98,138
197593,PBCHD12PBP,990687,25/08/2018,10:16,11:22,Pale Yellow,Clear,1.021,6.7,Trace,Trace,Negative,Negative,Negative,Normal,Negative,1-2,0,>20,Moderate,Rare,Yeast cells,14.9,4.4,21.5,97.5,33,69,12,43.7,9520,40,41,5,5,0,8.67,0.71,0.59,0.11,0.02,144,14.5,15,0.33,12.1,3.9,0.81,5,0.41,140,26,45.2,72.6,363,110,5.4,1.74,0.58,0.4,0,0.4,67,5,35,10,7.2,3.1,4.1,0.76,0.7,11.1,5.1837,7.41,132,5,105,6,90.17,137,231,368,37.23,8.2,188.64,7.3,20.1,133.6,15.04,10.1,3.8,273,12.1,3.21,72,95,80,120
332486,KLTRS15ODB,589274,27/08/2018,10:41,11:29,Straw,Clear,1.016,6.9,Trace,3+,Trace,Negative,Negative,Normal,Negative,10-11,33,1-2,Nil,Nil,Artifacts,11.1,4.3,48.5,71.4,25,22,14,40.3,7147,37,52,1,2,0,4.97,1.88,0.29,0.66,0.31,310,7,18,0.7,33.2,0.3,0.12,0.01,0.33,143,46,97.1,6.1,30.5,142,3.1,2.11,0.47,0.6,0.2,0.4,72,44,32,22,7.6,4.4,3.2,1.38,1.1,17.7,8.2659,7.51,136,3,99,8.1,114.85,151,159,310,48.71,5.8,119.76,0,16.1,111.7,14.41,9.9,3.3,195,10.7,2.98,100,184,118,71
764833,PBCHD08MHS,658422,25/08/2018,09:02,10:17,Pale Yellow,Cloudy,1.011,5.1,Negative,Negative,Negative,Negative,3+,Normal,Negative,11-12,1,1-4,Nil,Nil,NIL,14.6,4.2,34,98.1,34,42,14.2,48.5,5831,54,15,5,6,0,9.1,2.87,0.63,0.26,0.11,113,9.1,7,0.15,17,3.8,0.12,0.11,0.55,116,46,73.6,5.3,26.5,126,2.5,1.6,0.63,1.1,0.5,0.6,111,41,30,77,7.1,4.9,2.2,2.23,0.9,19,8.873,9.86,130,3.1,98,8.3,49.75,101,170,271,37.27,5.8,119.76,0.9,18.1,260.1,6.96,9,5.4,189,7.1,2.61,71,77,72,116
288118,KLTRS15MLT,805506,25/08/2018,10:55,11:38,Yellow,Clear,1.013,4.8,Trace,Negative,Negative,Negative,Negative,Normal,Negative,4-6,1,3-2,Nil,Nil,NIL,8.2,4.8,23.3,90.2,17,35,15.1,40.7,10943,58,46,2,7,0,4.33,4.3,0.49,0.03,0.09,953,12,17,0.28,32.8,0.7,0.89,0.25,2.96,147,21,73.6,35.9,179.5,217,7,3.5,0.29,0.9,0.3,0.6,71,23,23,25,7.5,4.1,3.4,1.21,1.1,8.4,3.9228,3.57,149,4.5,107,2.5,71.91,98,230,328,29.88,7.7,174.29,0.8,13.1,127.8,10.25,8.6,5.3,296,7.7,1.26,112,80,95,130
759321,KLTRS06WBD,206498,25/08/2018,10:11,10:58,Straw,Clear,1.016,4.4,Negative,Negative,Negative,Negative,Trace,Normal,Negative,13-15,0,1-2,Nil,Nil,NIL,13.4,5.6,49.2,94.5,23,27,14.6,32.2,9973,42,48,2,12,0.6,1.69,1.87,0.93,0.22,0.07,446,7.3,17,0.45,33.8,3.2,0.74,4.54,0.34,194,23,100.5,16.6,83,118,8.4,4.37,0.23,0.7,0.3,0.4,92,45,15,45,8.3,4.7,3.6,1.31,1,12.5,5.8375,5.84,132,4.2,101,3.9,116.92,149,286,435,34.25,6.3,134.11,0.4,20.6,76,27.11,12,4.3,118,7.8,0.81,123,155,106,108
153644,KLTRS08MLT,172532,26/08/2018,09:15,10:02,Light Yellow,Slightly cloudy,1.019,4.6,Trace,Negative,Negative,Negative,Negative,Normal,Negative,10-11,0,1-3,Nil,Few,NIL,10.3,4.6,20.7,62.4,22,49,13.4,43.7,7879,53,35,2,8,0,9.76,1.63,0.38,0.35,0.03,328,10.5,15,0.1,13.4,0.2,0.11,0.21,0.02,190,51,72.1,17.7,88.5,189,3.7,1.41,0.71,1.9,0.9,1,82,4,27,47,7.7,4.5,3.2,1.41,0.6,14,6.538,10.9,146,4.7,100,6.7,90.96,127,334,461,27.55,6.3,134.11,1,22.6,268.2,8.43,8.6,3.6,169,8.4,3.38,93,120,97,75
236131,MZLGI02MHP,678648,26/08/2018,06:52,07:38,Pale Yellow,Clear,1.02,6.4,Negative,Negative,1+,Negative,Negative,Normal,Negative,6-8,1,3-4,Nil,Nil,NIL,10.3,8,54.4,47,12,18,12,42.8,4183,46,16,3,7,0,1.76,2.48,0.6,0.5,0.08,177,12.9,11,0.22,20.1,3,0.49,0.69,0.39,183,57,57.9,9.6,48,149,3.2,1.02,0.98,0.5,0.2,0.3,75,20,6,40,7.7,4.1,3.6,1.14,0.7,10.5,4.9035,7.01,144,6.2,109,3.6,91.99,99,143,242,40.91,5.2,102.54,0.3,17,167.9,10.13,7.9,2.4,295,4.7,2.7,175,199,91,171
857886,GYAHD04KAU,959353,25/08/2018,08:21,09:47,Light Yellow,Clear,1.027,4.6,Negative,Trace,Negative,Negative,Negative,Normal,Negative,TNTC,2,>20,Nil,Nil,Fungal elements,17.5,5.1,51.9,54.7,34,33,13.6,46.4,5450,45,31,7,4,0,6.75,1.56,0.41,0.23,0.06,109,6.1,15,0.32,49.8,2.4,0.38,0.13,0.05,190,71,111.4,54.2,271,154,2.7,1.57,0.64,0.5,0,0.5,100,22,32,12,5.5,4.1,1.4,2.93,1,39.5,18.4465,18.45,145,5.8,106,4.2,74.87,163,347,510,31.96,6.2,131.24,0.2,24.1,51.6,46.71,10.3,2.7,94,7.5,0.18,88,85,77,162
306831,GYAHD12JHJ,172606,25/08/2018,11:54,12:25,Yellow,Slightly cloudy,1.018,4.2,Trace,Negative,Negative,Negative,Negative,Normal,Negative,53-57,1,3-3,Nil,Nil,Amorphous debris,10.4,4.3,35.6,98.9,24,29,11.7,43.6,9718,44,22,1,2,0,5.19,1.14,0.49,0.45,0.05,150,7.9,8,0.2,40.2,3.1,0.31,0.04,0.11,238,43,76.7,17.6,88,108,5.5,1.78,0.56,0.6,0.2,0.4,118,24,33,45,7.5,4.1,3.4,1.21,1.9,19.7,9.1999,4.84,148,5,96,5.5,40.59,162,172,334,48.5,5.3,105.41,1,15.7,459.4,3.42,10.5,4.4,207,19.8,1.08,95,196,78,154
809058,GYAHD05KLM,256517,27/08/2018,09:02,10:06,Yellow,Slightly cloudy,1.015,4.7,1+,Negative,Negative,Negative,Negative,Normal,Negative,5-7,0,1-3,Nil,Nil,Yeast cells,19.9,5.6,30.7,70.4,35,64,12.4,48,4356,64,32,6,0,0,0.65,1.49,1.05,0.07,0.1,172,10.8,13,0.19,30.9,2.7,0.34,6.49,0.24,198,53,79.8,25.5,127.5,131,3.7,1.51,0.66,0.5,0,0.5,57,27,33,44,7.5,4.5,3,1.5,1.2,17.2,8.0324,6.69,125,3.1,101,3.6,107.33,87,115,202,43.07,5.7,116.89,0,24,144.9,16.56,9.3,2.8,92,8.5,0.68,83,67,118,298
520093,PBCHD10PBM,572583,28/08/2018,07:13,08:28,Pale Yellow,Hazy,1.011,6.9,Negative,Trace,Negative,Negative,Negative,Normal,Negative,87-89,2,3-3,Nil,Nil,Fat droplets or lipiduria,13.9,3,32.5,81.1,46,42,11.4,45.5,9147,41,16,4,8,0,3.23,1.74,0.54,0.47,0.28,118,10.1,11,0.32,21.2,4.1,0.19,0.11,0.18,208,31,83.9,11.1,55.5,97,6.7,2.71,0.37,0.5,0.1,0.4,65,24,26,47,8.1,5,3.1,1.61,0.3,16,7.472,24.91,125,2.9,96,2.6,75.01,149,265,414,35.99,5.9,122.63,3.6,18.2,136.3,13.35,10.2,5.3,85,18.5,3.39,111,114,194,181
995675,KLTRS04NLZ,235899,26/08/2018,09:28,10:36,Straw,Clear,1.014,6.1,Trace,2+,Trace,2+,Negative,Normal,Negative,10-12,2,1-3,Nil,Few,NIL,9.1,5.1,57.8,90.8,17,15,14.2,41.6,53936,40,30,1,5,0,0.63,2.03,0.25,0.49,0.02,262,7.3,24,0.75,12.4,2.4,2.75,0.49,3.92,173,31,119.7,15.8,79,113,5.6,3.86,0.26,0.8,0.2,0.6,88,39,27,37,8.1,3.5,4.6,0.76,0.6,12.5,5.8375,9.73,123,2.2,98,3.8,106.48,97,356,453,21.41,5.9,122.63,0.1,14.7,142.1,10.34,6.7,3.7,212,10.2,0.76,92,68,114,290
837539,PBCHD04HPP,628247,28/08/2018,07:26,08:05,Orange,Clear,1.029,5.5,Negative,Trace,Negative,Negative,3+,Normal,Negative,TNTC,6,>20,Nil,Nil,Artifacts,14.2,4.1,39.6,79.8,34,35,13.7,39.8,5964,53,26,5,2,0,7.49,0.42,0.7,0.42,0.03,70,7.8,13,0.18,31,4.2,0.48,0.31,4.71,167,57,89.6,35.8,179,181,2.9,1.57,0.64,0.7,0.3,0.4,82,31,12,39,5.1,5,0.1,50,0.7,99.8,46.6066,66.58,122,3.8,100,6.7,93.07,94,185,279,33.69,6.6,142.72,0.5,23.4,132.4,17.67,9.8,3.7,42,9.9,0.6,93,117,125,112
833857,KLTRS04WBD,840158,25/08/2018,11:54,13:00,Straw,Slightly cloudy,1.004,4.9,1+,Negative,Negative,1+,Negative,Normal,Negative,5-7,2,>20,Nil,Few,NIL,15.3,4.4,32,92.4,34,47,12,48.1,7954,48,22,2,5,0,4.83,2.86,0.3,0.38,0.09,435,7.9,20,0.27,25,4.9,6.75,2.7,0.22,121,48,83.3,17,85,181,2.5,1.74,0.58,0.6,0.2,0.4,56,51,16,16,7.9,4.4,3.5,1.26,0.6,16.8,7.8456,13.08,124,2.9,107,3.1,91.9,119,116,235,50.64,8.7,202.99,0.5,10.7,122.5,8.73,9.8,3.1,268,19.4,2.43,81,102,101,102
665695,GYAHD13KLM,436149,25/08/2018,09:29,10:14,Light Yellow,Clear,1.023,4.7,Negative,Negative,Negative,Negative,3+,Normal,Negative,1-3,0,2-2,Nil,Nil,NIL,8.9,6.7,38.7,74.9,13,22,12.5,42.6,8780,32,39,4,4,0.3,2.51,0.33,0.07,0.55,0.15,388,10.1,19,0.37,25.3,4.5,3.91,5.21,0.09,196,57,34.5,20.5,102.5,122,3.4,0.61,1.65,1,0.3,0.7,69,94,38,24,7.5,4.5,3,1.5,0.6,8.8,4.1096,6.85,139,5.9,97,3.5,113.45,124,165,289,42.91,6.3,134.11,0.8,13.1,81.6,16.05,10.2,2.8,72,12.3,2.74,94,98,97,214
451134,MZLGI13RJK,477363,24/08/2018,10:33,11:45,Pale Yellow,Clear,1.012,5.3,1+,Trace,Negative,Negative,Negative,Normal,Negative,2-4,1,3-3,Nil,Nil,NIL,21.5,4.8,62,85,44,34,11.7,25.7,6831,41,27,13,2,0,7.88,3.47,0.9,0.21,0.13,275,9.9,11,0.27,25.3,6.6,0.28,0.27,0.3,240,47,161.9,45.3,226.5,90,5.1,3.44,0.29,1,0.3,0.7,54,40,16,42,7.6,4.9,2.7,1.81,1.2,18.8,8.7796,7.32,121,5.9,105,5.6,116.2,92,309,401,22.94,14.5,369.45,0.9,22.9,136.9,16.73,10,5.8,149,12.2,2.56,89,120,69,134
521501,GYAHD07KLM,989232,28/08/2018,07:11,07:54,Pale Yellow,Hazy,1.026,5.6,Negative,Negative,Negative,Trace,Negative,Normal,Negative,TNTC,4,2-3,Nil,Rare,NIL,15.1,4.4,41.8,91.6,34,36,13.5,41.4,2860,71,50,4,3,0,8.98,1.08,0.45,0.32,0.02,318,10.6,18,0.34,13.6,3.4,0.27,0.3,0.12,819,48,80.5,11,55,156,17.1,1.68,0.6,0.3,0.1,0.2,67,39,14,21,7.8,3.8,4,0.95,1.1,12.9,6.0243,5.48,120,4.4,100,4.2,36.27,110,154,264,41.67,6.2,131.24,1,12.2,46.5,26.24,9.9,4.8,87,4.6,3.89,90,109,328,87
439195,GYAHD02KAU,357716,27/08/2018,10:23,11:08,Light Yellow,Clear,1.01,6.7,2+,Trace,Negative,Negative,Negative,Normal,Negative,18-19,0,2-3,Few,Nil,Amorphous debris,3.5,5.1,37.2,88.6,6,9,12.1,40.5,10549,53,55,21,6,0,0.86,3.54,0.64,0.06,0.07,345,11.3,19,0.07,23.8,2.4,0.2,0.14,0.66,149,59,89,61.4,307,69,2.5,1.51,0.66,0.4,0.1,0.3,121,37,37,44,6.1,4.3,1.8,2.39,0.7,29.5,13.7765,19.68,138,2.7,105,6.9,109.03,95,102,197,48.22,6.1,128.37,0.7,12,274.3,4.37,9,3.9,119,12,1.3,114,174,239,126
846920,GYAHD11KLM,290859,25/08/2018,09:19,10:37,Pale Yellow,Hazy,1.01,6.2,Trace,3+,Negative,Negative,Negative,Normal,Negative,12-14,0,1-3,Nil,Nil,Parasites,9.7,4.8,47,98.7,20,20,12.9,42.6,10606,52,33,25,7,0,8.32,4.14,0.27,0.66,0.04,387,17.4,11,0.36,44.6,0.1,0.02,0.11,0.22,169,46,83.3,38.7,193.5,88,3.7,1.81,0.55,0.7,0.3,0.4,77,54,20,29,7,5,2,2.5,0.6,12.3,5.7441,9.57,148,4,103,4.5,97.41,186,262,448,41.52,5.8,119.76,0.5,14.5,292.1,4.96,11.6,4.4,143,3.7,10.36,71,64,102,143
717139,MZLGI10MHP,551245,25/08/2018,11:52,13:06,Red,Clear,1.022,6,Trace,Negative,Negative,Negative,Negative,Normal,Negative,10-11,2,3-2,Nil,Nil,Amorphous debris,8.7,4.6,28.7,97.9,18,30,12,44.2,2959,47,31,5,8,0,1.29,1.17,0.68,0.17,0.01,283,12.8,13,0.42,30.9,0.9,4.27,0.68,0.12,116,42,89.8,36.6,183,74,2.8,2.14,0.47,0.4,0.1,0.3,73,3,36,30,7.1,3.6,3.5,1.03,1.2,11.9,5.5573,4.63,134,2,115,2.5,118.34,99,293,392,25.26,6.7,145.59,0.5,13.2,68.5,19.27,8.9,4.4,182,8.2,3.42,124,69,97,193
491809,KLTRS05ODB,713731,25/08/2018,09:32,10:51,Straw,Hazy,1.013,4.9,Negative,Negative,Negative,Negative,Negative,Normal,Negative,13-14,0,6-13,Nil,Nil,NIL,3.9,3.5,57.4,92.1,11,6,12.2,44.6,19806,55,23,0,25,1.3,1.71,0.92,0.04,0.1,0.02,113,11.4,10,0.57,12.8,1.6,0.4,3.16,3.1,153,32,90.4,35.7,178.5,92,4.8,2.83,0.35,0.5,0.2,0.3,285,54,24,33,6,3.1,2.9,1.07,0.7,17.9,8.3593,11.94,140,4.8,102,5.4,109.62,152,245,397,38.29,7.8,177.16,0.5,11.5,66.2,17.37,10.3,2.9,189,12.1,5.45,112,86,99,88
481822,GYAHD04KLM,510906,26/08/2018,10:00,11:18,Light Yellow,Hazy,1.022,6.7,Negative,Trace,Negative,Negative,1+,Normal,Negative,7-9,1,2-3,Nil,Nil,NIL,17.3,4.5,35.9,100.7,38,48,13.1,39.6,3719,51,30,6,5,1.5,4.6,4.47,0.77,0.3,0.09,153,9.1,16,0.26,35.5,7,0.34,0.31,0.06,130,53,34.4,8.9,44.5,180,2.5,0.65,1.54,1.4,0.2,1.2,105,38,34,94,6,4.5,1.5,3,0.7,10.5,4.9035,7.01,141,4,95,4.7,107.66,123,233,356,34.55,5.9,122.63,0.8,26.3,229.7,11.45,9.6,5,156,9.9,1.22,72,71,86,295
884220,MZLGI04MHP,628606,27/08/2018,08:34,09:58,Pale Yellow,Clear,1.026,6.7,Negative,Negative,Negative,Negative,Negative,Normal,Negative,14-15,1,3-4,Rare,Nil,NIL,10,4.1,40.6,76,24,24,14.2,39.7,9963,23,33,5,2,0,5.84,2.53,0.24,0.35,0.04,343,11.1,14,0.2,29.5,2,0.32,0.06,0.18,180,46,151.3,16.1,80.5,75,3.9,3.29,0.3,0.8,0.2,0.6,256,50,20,16,7.6,4.7,2.9,1.62,1.1,8.3,3.8761,3.52,127,3.8,95,8.2,98.43,87,342,429,20.28,11.5,283.35,0.6,28.1,52.7,53.32,9.1,3.1,178,19,2.67,94,63,60,166
301823,MZLGI01MHP,761663,28/08/2018,10:23,11:07,Yellow,Slightly cloudy,1.012,5.5,Trace,Negative,Negative,Negative,Negative,Normal,Negative,8-10,0,2-2,Nil,Few,NIL,3.1,4.2,53.5,58,7,5,16.9,39.9,9238,40,30,5,7,0,6.81,1.91,0.97,0.39,0.05,239,8.5,16,0.05,32.1,4,0.96,0.21,0.83,228,78,95.3,44.9,224.5,116,2.9,1.22,0.82,0.3,0,0.3,59,23,31,21,7.7,4.7,3,1.57,0.9,19.5,9.1065,10.12,135,6,108,7,101.92,135,159,294,45.92,6.3,134.11,0.5,17.3,82.5,20.97,8.8,3.8,175,12.5,3.61,104,75,69,82
972624,PBCHD04MHS,723222,28/08/2018,08:53,09:33,Light Yellow,Clear,1.015,7,Trace,Trace,Negative,Negative,Trace,Normal,Negative,13-14,1,3-3,Nil,Nil,Mucus threads,19.2,5.1,47.3,111.9,37,40,13.3,30.4,7595,56,17,5,5,0,1.5,2.71,0.53,0.67,0.03,283,14.6,11,0.28,12.8,4.4,0.24,0.32,0.08,193,20,175.5,34.5,172.5,124,9.7,8.78,0.11,0.6,0,0.6,46,37,19,48,6.3,3.8,2.5,1.52,0.8,38.1,17.7927,22.24,121,2.6,108,3,102.49,131,211,342,38.3,6,125.5,0.5,15.3,231.8,6.6,8.9,3.4,280,8.8,3.36,141,74,87,85
355179,GYAHD03KAU,195382,24/08/2018,10:56,11:56,Light Yellow,Slightly cloudy,1.012,5.2,Negative,Negative,Negative,Negative,Negative,Normal,Negative,3-5,1,2-4,Nil,Nil,Fat droplets or lipiduria,9.8,6,53.7,42.2,16,18,14.5,45.5,10209,73,34,1,19,0,18.93,2.14,0.66,0.73,0.04,195,12,11,0.19,26.3,3.6,5.31,0.13,0.08,116,68,88.9,19.2,96,212,1.7,1.31,0.76,0.7,0.1,0.6,54,31,28,42,7,5,2,2.5,0.9,51.1,23.8637,26.52,140,6,106,5.3,101.37,82,356,438,18.72,8.8,205.86,0.1,21.6,136.6,15.81,8.5,3.3,192,7.5,0.18,124,106,95,96
563047,KLTRS02ODB,722531,28/08/2018,07:44,09:10,Yellow,Slightly cloudy,1.014,5.7,Negative,Trace,Negative,Negative,Negative,Normal,Negative,TNTC,1,3-4,Nil,Nil,NIL,19.7,2.3,51.2,71.7,85,38,13.4,41.7,6227,48,34,10,3,2.5,6.24,2.52,0.33,0.43,0.05,230,11,13,0.28,14,6.6,0.62,0.9,0.19,236,75,98.1,85.5,427.5,114,3.1,1.31,0.76,13,8.5,4.5,121,34,17,14,6.3,3.5,2.8,1.25,0.6,16.6,7.7522,12.92,137,4.3,94,5.6,115.22,85,103,188,45.21,17.5,455.55,0.8,10,27.5,36.36,11,2.5,246,4.3,0.14,237,88,86,373
424706,GYAHD05ODK,320089,26/08/2018,08:05,09:09,Pale Yellow,Clear,1.025,6.1,3+,1+,Negative,Negative,Negative,Normal,Negative,53-56,5,>20,Nil,Nil,Fungal elements,10.3,4.6,52.2,42.6,22,19,14.4,39,7488,51,31,2,6,0,0.91,1.11,0.24,0.05,0,426,8.2,12,0.23,44.1,1.3,0.15,0.17,0.1,156,59,34,33.1,165.5,109,2.6,0.58,1.74,0.5,0.2,0.3,110,44,28,40,7.9,4.5,3.4,1.32,1.1,10.2,4.7634,4.33,141,3.7,101,7.2,92.69,105,152,257,40.86,6.2,131.24,0.7,25.4,63,40.32,9.6,3,166,3.4,2.29,112,155,87,159
231622,GYAHD02KAU,173844,28/08/2018,11:45,12:40,Pale Yellow,Clear,1.018,6.8,Negative,Negative,Trace,Negative,Negative,Normal,Negative,3-4,5,3-3,Nil,Nil,NIL,13.3,6.1,53.2,98.1,21,25,12.3,39.6,3911,75,23,6,7,0,4.45,2.37,0.56,0.21,0.08,324,9.9,11,0.2,32.9,3.7,0.63,0.27,0.04,179,52,51.4,20.9,104.5,90,3.4,0.99,1.01,0.7,0.1,0.6,114,30,27,29,7.8,3.8,4,0.95,0.6,12.3,5.7441,9.57,148,5.4,108,8.4,103.55,89,168,257,34.63,17.1,444.07,0.4,22.4,80.8,27.72,9.3,4.6,119,14.5,3.95,130,122,110,60
448356,KLTRS12TSS,523769,28/08/2018,11:56,13:04,Pale Yellow,Slightly cloudy,1.012,6.7,Negative,Trace,Negative,Negative,Negative,Normal,Negative,TNTC,2,2-2,Nil,Nil,Artifacts,9.3,4.1,43.4,51.2,22,21,14.3,37.9,40077,29,31,21,7,0,8.53,2.16,0.93,0.09,0.06,403,8.6,13,0.24,37.5,3.8,0.28,1.5,0.03,179,26,85.4,29,145,80,6.9,3.28,0.3,0.7,0.3,0.4,119,8,33,27,7.4,4.4,3,1.47,1,10.9,5.0903,5.09,118,4.2,101,5.9,96.63,127,116,243,52.26,8.4,194.38,0.9,20.4,146.2,13.95,9.3,2.3,116,3.7,0.79,85,66,122,79
854196,GYAHD01KLM,981173,24/08/2018,09:54,10:27,Yellow,Clear,1.014,5.1,Negative,Negative,1+,Negative,Negative,Normal,Negative,7-9,1,1-2,Nil,Nil,Amorphous debris,21.7,5.6,12.5,83.3,38,173,12,45.1,4537,41,27,6,8,0,1.04,7.42,0.01,0.05,0.04,290,8.4,16,0.07,43.6,1.3,5.55,0.27,0.14,136,51,89.2,24.9,124.5,111,2.7,1.75,0.57,0.9,0.2,0.7,100,52,29,39,6,4.7,1.3,3.62,1,11,5.137,5.14,132,3.3,99,5.6,113.8,110,302,412,26.7,5.7,116.89,0.3,18.8,109,17.25,9.6,2.8,187,3.2,0.07,99,99,151,149
802564,GYAHD11JHJ,449883,24/08/2018,08:49,09:41,Light Yellow,Clear,1.029,5.9,Trace,Trace,Trace,Negative,Trace,Normal,Negative,56-57,0,>20,Nil,Nil,Parasites,7.5,5.6,53.8,96.7,13,13,14.4,39.6,9910,44,45,2,12,0,7.41,5.96,0.34,0.4,0.04,119,10.5,11,0.08,22.7,2.2,0.05,6.79,0.19,189,67,109.4,32.6,163,84,2.8,1.63,0.61,0.4,0,0.4,68,41,18,25,7.1,5,2.1,2.38,1.1,8.5,3.9695,3.61,137,4.3,108,2.2,113.07,138,296,434,31.8,8.5,197.25,0.6,13.4,121.3,11.05,11.1,3,96,16.6,1.36,94,75,109,90
494174,GYAHD11KLM,173646,25/08/2018,07:50,08:55,Pale Yellow,Clear,1.019,6,Trace,Negative,Negative,Negative,Negative,Normal,Negative,14-15,65,2-4,Nil,Moderate,Artifacts,5.7,4.7,39.3,92.3,12,14,12.8,40.1,9835,36,34,5,8,0,19.81,1.8,0.12,0.49,0.06,101,8.5,14,0.29,17.6,6.7,0.24,1,0.19,175,40,99.5,13.1,65.5,85,4.4,2.49,0.4,0.5,0.2,0.3,76,33,30,45,7.5,5,2.5,2,1.2,8.8,4.1096,3.42,138,4,97,2,103.8,160,355,515,31.07,5.8,119.76,0.9,18.3,121.5,15.06,9,3.5,154,11.8,4.16,84,84,96,85
475870,PBCHD10CGD,907779,25/08/2018,11:32,12:03,Red,Clear,1.013,5.1,Negative,Trace,Negative,Negative,Negative,Normal,Negative,TNTC,8,9-16,Nil,Nil,Amorphous debris,12.9,7.7,50.2,92,16,25,13.4,43.7,9295,33,18,1,6,0,0.71,2.67,0.5,0.22,0.04,354,8.4,20,0.28,17.4,0.1,0.01,0.87,0.39,188,58,81.5,29.4,147,113,3.2,1.41,0.71,0.9,0.2,0.7,57,35,29,43,7.7,3.7,4,0.93,0.7,75.7,35.3519,50.5,135,3.7,105,4.7,107.11,166,353,519,31.98,7.1,157.07,0.7,18.7,144.1,12.98,9.2,4.4,123,5.6,2.27,97,85,70,75
778892,GYAHD03KLM,813472,26/08/2018,06:49,07:55,Straw,Slightly cloudy,1.017,5.7,Trace,Negative,Negative,Negative,Negative,Normal,Negative,8-9,12,2-2,Nil,Nil,NIL,1.2,4,52.7,47.5,3,2,12.6,27,6806,53,35,6,7,0,4.88,1.05,0.44,0.33,0.04,272,12.5,13,0.12,19.3,6.1,0.26,0.08,0.98,227,41,52.2,32.1,160.5,110,5.5,1.27,0.79,0.6,0.1,0.5,107,26,39,39,8,3.8,4.2,0.9,0.7,16.4,7.6588,10.94,133,3.6,106,2.8,98.31,60,268,328,18.29,7.1,157.07,0.1,23,242.5,9.48,9.5,5.8,88,8.8,1.85,82,73,85,223
382871,KLTRS06KLP,259167,26/08/2018,08:25,09:27,Straw,Slightly cloudy,1.024,4.6,Trace,Negative,Negative,Negative,Negative,Normal,Negative,1-2,1,1-3,Nil,Few,Fungal elements,10.2,6,63.1,89.8,17,16,12,42.5,7588,42,26,4,6,1.3,6.65,1.73,0.22,0.49,0.06,100,16.4,11,0.74,12.7,1.4,0.23,0.28,0.18,572,57,75.2,85.2,426,147,10,1.32,0.76,0.8,0.3,0.5,118,50,36,27,6.7,3.9,2.8,1.39,0.6,8.9,4.1563,6.93,136,4.3,102,2.8,108.02,127,286,413,30.75,6,125.5,0.6,15,120.6,12.44,8.5,4.2,67,12.3,7.17,140,94,73,178
607285,PBCHD15HPP,443056,26/08/2018,07:01,08:13,Straw,Clear,1.016,7.8,Trace,Trace,Negative,Negative,Negative,Normal,Negative,8-9,1,3-3,Nil,Nil,NIL,19.1,5.9,49.2,47.9,32,38,14.4,49.6,7695,56,28,6,4,10.7,2.3,3.95,0.2,0.5,0.1,274,8.3,10,0.28,22.6,4.6,0.26,0.35,0.18,151,44,74.5,21.6,108,160,3.4,1.69,0.59,0.9,0.3,0.6,109,20,10,39,7.9,4.6,3.3,1.39,0.6,220.6,103.0202,171.7,121,4.6,113,3.9,116.57,37,296,333,11.11,6.3,134.11,0.7,18.6,39.6,46.97,10.8,5.1,148,12,1.81,76,95,79,346
363385,GYAHD06KAU,416846,24/08/2018,07:17,08:33,Yellow,Hazy,1.014,4.9,Negative,Negative,Negative,Negative,Negative,Normal,Negative,7-9,0,2-2,Few,Nil,NIL,6.4,5.7,47,99.8,11,13,14.9,40.1,3718,30,19,6,6,0,2.57,2.37,0.94,0.5,0.4,367,11.2,11,0.23,29.6,4.8,6.35,0.19,0.93,153,46,84.1,37.2,186,69,3.3,1.83,0.55,0.4,0.1,0.3,126,20,17,42,7.7,5.2,2.5,2.08,0.7,18.1,8.4527,12.08,133,3,105,5.8,110.84,199,242,441,45.12,5.8,119.76,0.5,174.4,162.7,107.19,10.4,4,65,12.1,3.9,106,96,77,68
160911,KLTRS13TSS,839901,28/08/2018,07:40,08:50,Yellow,Clear,1.017,6.9,Trace,Negative,Negative,1+,1+,Normal,Negative,TNTC,0,1-3,Nil,Nil,Fat droplets or lipiduria,11.1,5,40.6,94,22,27,11.9,44.1,7517,56,10,2,9,0,3.17,1.95,0.57,0.19,0.01,335,8.9,10,0.34,14.8,2.9,0.55,0.08,0.32,176,46,127.8,19.9,99.5,84,3.8,2.78,0.36,0.6,0.1,0.5,50,40,17,39,8,4.1,3.9,1.05,0.6,8.6,4.0162,6.69,140,2.2,108,4.6,108.04,176,353,529,33.27,8,182.9,0.4,784.3,66.8,1174.1,9.9,4.3,154,4.8,5.6,131,107,84,159
749140,MZLGI08BRC,573665,26/08/2018,07:00,08:09,Light Yellow,Clear,1.013,5.7,Negative,Negative,Trace,Negative,Negative,Normal,Negative,4-6,5,1-2,Rare,Few,Artifacts,8.5,4.2,39.3,82.1,20,21,12.7,26.5,4275,44,39,3,2,0,8.37,3.97,0.11,0.09,0.09,400,14.4,5,0.11,24.4,2.6,0.31,0.17,0.16,240,33,93.4,20.5,102.5,67,7.3,2.83,0.35,0.9,0.3,0.6,122,16,19,32,7.8,3.5,4.3,0.81,0.6,10,4.67,7.78,122,4,96,3,100.06,72,344,416,17.31,8.9,208.73,0.3,15.7,48.7,32.24,9,4,146,18.3,9.44,121,90,64,97
993038,GYAHD05ODK,314144,25/08/2018,11:47,13:00,Pale Yellow,Clear,1.014,5.4,Negative,Trace,Negative,Trace,Negative,Normal,Negative,11-12,2,1-2,Nil,Rare,NIL,12.1,5.8,26.9,42.4,20,44,14.6,39.4,5015,51,21,9,18,0.2,2.5,1.12,1.42,0.53,0.06,437,10.3,13,0.36,14.2,0.1,0.21,0.53,0.85,183,29,72.4,78.3,391.5,75,6.3,2.5,0.4,0.5,0.2,0.3,129,44,24,30,8.2,3.5,4.7,0.74,1.2,10.5,4.9035,4.09,138,4.1,104,5.7,117.6,84,132,216,38.89,6.2,131.24,0.6,14.1,56.4,25,8.9,2.4,180,11.8,0.95,90,150,96,121
907240,PBCHD08PBP,900817,28/08/2018,07:51,09:02,Pale Yellow,Clear,1.018,6.4,Trace,Negative,Negative,Negative,Negative,Normal,Negative,1-3,0,3-3,Rare,Nil,Fungal elements,17.5,4.5,45.2,88.4,38,38,11.9,45,7600,43,29,5,5,0,13.8,2.91,0.57,0.35,0.03,329,9.4,20,0.06,44.9,2,0.33,0.51,0.26,119,36,48.3,22.3,111.5,112,3.3,1.34,0.75,0.5,0,0.5,122,35,17,34,6.6,3.6,3,1.2,1.1,17.3,8.0791,7.34,147,3.1,115,9.2,96,108,352,460,23.48,5.9,122.63,5.6,16.9,75,22.53,9.3,3.7,137,3.1,3.73,101,109,95,95
926092,PBCHD13PBP,665478,27/08/2018,06:07,07:14,Red,Clear,1.018,6.7,Trace,Trace,Negative,Negative,Negative,Normal,Negative,81-86,1,8-12,Nil,Nil,NIL,5.3,4.8,34.2,96.1,11,15,11.9,39.6,7957,50,33,0,21,0,6.09,5.54,0.72,0.47,0.02,106,7.3,17,0.38,20.5,4.1,1.01,0.03,2.4,164,43,96.9,7.7,38.5,188,3.8,2.25,0.44,0.7,0.3,0.4,77,43,12,45,6.5,4.2,2.3,1.83,0.9,10.1,4.7167,5.24,134,5.9,104,5.3,106.95,136,106,242,56.2,8.4,194.38,0.4,22.7,92.6,24.51,12.8,5.3,97,7.8,2.63,81,95,104,89
953137,GYAHD14ODK,984841,24/08/2018,06:17,06:48,Orange,Clear,1.001,5.2,Negative,Negative,Negative,Negative,Negative,Normal,Negative,9-11,2,14-20,Rare,Nil,NIL,8.1,6,52.6,73.2,13,15,13,45.6,39760,59,19,10,6,0,11.78,0.51,0.32,0.88,0.06,420,8.6,16,0.46,38.9,3.4,0.62,0.01,4.83,169,68,81.9,34.3,171.5,140,2.5,1.2,0.83,0.9,0.3,0.6,64,51,19,42,7,4.8,2.2,2.18,1.2,13.7,6.3979,5.33,135,4.9,106,2.4,109.72,154,280,434,35.48,8.2,188.64,2.7,27.7,114,24.3,7.7,6.7,132,12.9,3.39,105,148,100,260
610362,GYAHD09KLM,751529,27/08/2018,11:23,12:01,Green,Clear,1.012,5.6,Trace,1+,Trace,Negative,Negative,Normal,Negative,6-8,1,2-2,Nil,Rare,Amorphous debris,12.8,4.7,38.5,93.5,27,33,14.6,40.5,5967,29,27,4,6,0,1.34,1.88,0.57,0.29,0.09,281,11.9,18,0.35,17.6,3.1,3.22,0.77,0.96,207,42,99.4,22,110,157,4.9,2.37,0.42,1.3,0.2,1.1,59,4,33,12,6.5,4.1,2.4,1.71,1,7,3.269,3.27,143,2.9,87,6.6,109.57,103,217,320,32.19,5.9,122.63,1,15.6,146.1,10.68,8.5,6,109,18.3,2.01,151,104,184,79
595894,MZLGI10APK,856263,27/08/2018,11:15,12:02,Yellow,Hazy,1.018,6.1,Negative,Negative,Negative,Negative,Negative,Normal,Negative,10-11,13,>20,Nil,Nil,NIL,17.1,4.1,33.1,82.9,41,51,12.5,39.1,3773,44,46,1,2,2.6,2.13,2.2,0.27,0.33,0.04,725,9.4,12,0.28,28.9,0.6,0.13,0.39,0.3,167,78,98.6,10.2,51,130,2.1,1.26,0.79,2.5,1.2,1.3,71,39,23,27,5.5,4.1,1.4,2.93,1.6,12.5,5.8375,3.65,138,4.6,96,3.2,117.99,144,304,448,32.14,8.2,188.64,4.8,17.5,160.6,10.9,8.7,3.2,109,9.5,6.07,74,97,110,93
525439,PBCHD07HPP,374927,28/08/2018,09:38,10:24,Light Yellow,Clear,1.013,6.8,Negative,Trace,Negative,Negative,Negative,Normal,Negative,77-81,1,3-2,Nil,Nil,NIL,16,6.1,33.6,82.9,26,47,13.4,41.7,9925,56,18,2,8,0,4.49,1.77,0.37,0.09,0.13,100,16.9,15,0.1,27.8,3.4,0.21,0.24,0.3,104,50,72.8,29.5,147.5,71,2.1,1.46,0.69,0.4,0.1,0.3,115,22,16,17,8.3,4.9,3.4,1.44,1,31.1,14.5237,14.52,144,4.3,100,6,107.96,38,227,265,14.34,7.4,165.68,0,28.8,138.1,20.85,9.3,4.1,188,9.7,7.05,81,89,75,104
281607,PBCHD10PBM,985676,24/08/2018,06:36,07:24,Yellow,Clear,1.013,6.2,Trace,Negative,Negative,1+,Negative,Normal,Negative,TNTC,2,3-2,Nil,Nil,Fungal elements,13.3,5.7,58,57.8,23,22,12.3,44.6,46020,57,20,2,5,0,1.17,2.07,0.78,0.38,0.04,117,11.4,17,0.61,25.8,1.8,0.3,0.37,0.13,185,61,128.1,22.6,113,169,3,2.1,0.48,0.7,0.3,0.4,122,56,33,78,8.3,4.9,3.4,1.44,1.8,15.2,7.0984,3.94,149,3.1,101,2.5,93.62,164,291,455,36.04,5.4,108.28,1,97.6,276.5,35.3,11.6,2.9,134,10.8,2.8,180,83,112,201
997382,PBCHD02CGD,866170,25/08/2018,09:22,10:44,Light Yellow,Clear,1.019,5.2,Trace,Trace,Negative,Negative,1+,Normal,Negative,5-7,2,2-2,Few,Nil,NIL,8.8,6.4,38.8,89.9,13,22,11.6,30.2,4615,50,22,6,3,0,4.64,2.41,0.31,0.05,0.1,422,10.5,11,0.11,22.8,4.6,0.37,3.7,0.16,177,52,40.5,19.4,97,130,3.4,0.78,1.28,0.4,0.1,0.3,62,21,35,27,6.8,4,2.8,1.43,1.2,13,6.071,5.06,90,5.6,104,8.3,32.99,39,94,133,29.32,6.4,136.98,0.4,12,134.7,8.91,8,5.9,319,2.9,1.87,158,98,97,200
353969,GYAHD11ODK,595931,25/08/2018,08:01,09:23,Yellow,Hazy,1.015,6.9,Trace,Trace,Negative,Negative,Negative,Normal,Negative,9-10,0,2-4,Nil,Rare,NIL,15.5,4.5,30.8,72.7,34,50,13.6,43.8,5782,68,49,2,4,0,2.07,6.95,0.64,0.18,0.08,260,5.7,14,0.29,26.3,3.9,5.33,0.33,0.24,175,59,109.5,27.8,139,192,3,1.86,0.54,0.4,0.1,0.3,72,17,14,46,6.6,4.6,2,2.3,0.9,9.5,4.4365,4.93,135,2.3,115,3.2,94.71,158,122,280,56.43,6.3,134.11,0.6,92.6,113.7,81.44,9.2,2.6,83,16.6,2.72,70,102,95,130
848355,PBCHD09MHS,203120,26/08/2018,10:57,12:24,Straw,Hazy,1.013,4.6,Trace,Negative,Negative,3+,Negative,Normal,Negative,12-14,9,2-3,Nil,Nil,Fungal elements,14.4,4.7,49.9,85.1,30,28,14.3,41.2,8546,45,28,5,5,0,1.39,2.12,0.05,0.49,0.09,136,11.4,16,0.35,17,0.1,1.07,2.09,0.1,240,35,95.3,37.5,187.5,80,6.9,2.72,0.37,0.6,0.1,0.5,107,23,19,40,8,4,4,1,1.1,13.6,6.3512,5.77,144,6,90,4.7,37.68,98,355,453,21.63,5.2,102.54,0.8,21.5,105.7,20.34,10.5,2.2,279,14.4,2.14,73,60,88,103
711666,MZLGI08MHP,298067,24/08/2018,06:29,06:59,Deep Amber,Slightly cloudy,1.01,5.6,Trace,Trace,Negative,Negative,Negative,2+,Negative,82-84,0,>20,Rare,Nil,NIL,8.9,5.3,55.5,45,16,16,13.9,40.5,9659,75,55,2,12,0,1.78,1.14,0.4,0.11,0.06,436,11,15,0.16,26.4,5,0.27,0.01,0.72,679,50,146.5,16.6,83,173,13.6,2.93,0.34,0.3,0,0.3,84,23,35,25,7.4,3.6,3.8,0.95,0.9,31.8,14.8506,16.5,130,3,107,2.4,107.85,183,328,511,35.81,6.1,128.37,0.2,10.9,123.3,8.84,10.3,4.6,334,15.1,0.46,115,91,76,84
787843,GYAHD05JHJ,854438,28/08/2018,11:38,12:13,Light Yellow,Slightly cloudy,1.011,6.7,1+,Negative,Negative,Negative,Trace,Normal,Positive,1-2,5,17-19,Nil,Nil,Fungal elements,7,5.4,30.7,60.3,12,22,11.9,44.6,6536,46,38,2,7,0.8,6.19,1.35,1.05,0.43,0.14,225,7.4,12,0.33,27.5,3.8,0.27,0.31,0.4,164,44,104.6,67.5,337.5,128,3.7,2.38,0.42,0.7,0.2,0.5,53,12,31,23,7.9,4.9,3,1.63,0.5,11,5.137,10.27,127,6.9,106,5.9,115.56,190,156,346,54.91,8.7,202.99,0.9,11.1,79.2,14.02,9.2,4.3,284,11,1.74,80,68,115,88
588811,GYAHD08KAU,371143,25/08/2018,11:35,12:50,Yellow,Slightly cloudy,1.027,6.7,Trace,1+,Negative,Negative,Negative,Normal,Negative,TNTC,2,2-4,Nil,Nil,NIL,11.4,5.8,12,61.9,19,95,13.9,41.6,8777,46,24,4,8,0,1.72,1.98,0.78,0.16,0.1,275,11.6,11,0.2,30.7,3.6,0.92,0.2,3.28,223,44,93.9,38.6,193,128,5.1,2.13,0.47,0.7,0.2,0.5,42,55,6,19,6.8,3.7,3.1,1.19,0.3,10.2,4.7634,15.88,148,3.8,103,3.6,40.49,207,166,373,55.5,5.9,122.63,0.8,28.7,56.3,50.98,9.2,5,255,6.5,2.21,98,140,122,104
347540,KLTRS15KLP,286989,25/08/2018,08:58,10:02,Light Yellow,Slightly cloudy,1.012,6.5,Trace,4+,Negative,Negative,Negative,Normal,Negative,6-7,2,1-4,Nil,Nil,Parasites,10.5,4.3,48.6,73.2,24,21,11.5,41.4,10394,54,30,6,6,0,6.18,1.59,0.79,0.28,0.01,391,11,5,0.24,12.6,1,0.37,0.48,0.17,106,51,82.4,6.9,34.5,60,2.1,1.62,0.62,1,0.3,0.7,53,36,22,19,6,4.1,1.9,2.16,0.9,10.3,4.8101,5.34,90,2.6,95,4.5,113.21,171,322,493,34.69,7.9,180.03,0,12.1,91.3,13.25,8.5,2.5,128,6,9.45,115,81,100,91
853310,GYAHD04KAU,403859,25/08/2018,06:43,07:27,Light Yellow,Clear,1.016,4.7,1+,Negative,Negative,Negative,Negative,Normal,Negative,4-6,0,1-4,Nil,Nil,Yeast cells,10.9,5.6,57.5,86.4,19,18,15.8,41.6,6293,24,45,21,3,0,8.15,0.78,0.26,0.27,0.05,433,9.6,11,0.24,32,3.6,2.53,0.07,1.29,173,41,57.9,5.5,27.5,175,4.2,1.41,0.71,0.3,0,0.3,100,32,27,25,5.5,4,1.5,2.67,0.8,19.7,9.1999,11.5,138,5.6,120,2,118.93,152,308,460,33.04,5.9,122.63,0.5,13.5,377.4,3.58,9.6,3.2,157,3.8,0.56,90,74,113,60
351378,PBCHD09MHS,550924,28/08/2018,06:26,07:07,Pale Yellow,Hazy,1.018,6.6,Trace,1+,Negative,Negative,Negative,Normal,Negative,11-12,0,2-4,Nil,Nil,Fungal elements,13.4,4.9,18,61,27,74,13.6,42.7,8227,46,35,23,4,0,11.5,1.59,0.91,0.03,0.05,252,7.5,11,0.23,24,2.7,0.21,0.08,0.49,186,23,111.4,36,180,219,8.1,4.84,0.21,0.7,0.2,0.5,60,4,16,31,7,4.8,2.2,2.18,1.1,11.2,5.2304,4.75,90,2.6,102,1.4,117.5,87,133,220,39.55,8.7,202.99,0.4,10.9,82.2,13.26,11.6,2.4,87,9.5,1.2,105,77,118,139
101660,MZLGI13GJS,608085,26/08/2018,07:49,08:22,Pale Yellow,Slightly cloudy,1.01,6.7,Trace,1+,Negative,Negative,Negative,Normal,Negative,TNTC,1,1-4,Rare,Nil,Fat droplets or lipiduria,16.8,5.9,38.4,75.7,28,43,16.1,43.7,5307,65,29,6,4,0,22.35,4.43,0.17,0.29,0.06,314,9.5,11,0.26,42.5,0.5,0.71,0.06,0.54,240,21,134.4,32.8,164,175,11.4,6.4,0.16,0.7,0.3,0.4,114,51,12,44,8.2,4.6,3.6,1.28,1.1,17.6,8.2192,7.47,143,4.9,111,4.1,116.66,116,289,405,28.64,8.7,202.99,0,34.9,60,58.17,9.5,6,125,5.3,5.79,185,60,73,106
431700,KLTRS10ODB,229942,25/08/2018,08:44,10:05,Light Yellow,Slightly cloudy,1.016,5,1+,Negative,Negative,Negative,Negative,Normal,Negative,10-12,0,2-4,Nil,Few,NIL,10.8,8.3,55,45.9,13,19,13.9,44,9878,69,24,5,5,0,8.37,2.1,0.39,0.52,0.06,377,7.2,19,0.62,23.7,0.4,0.16,0.02,0.63,449,49,75.7,6.2,31,141,9.2,1.54,0.65,1.9,0.9,1,97,10,36,46,6.1,4.4,1.7,2.59,1.2,45,21.015,17.51,131,4.5,101,2.5,103.53,110,346,456,24.12,6.2,131.24,0.4,27.8,239.2,11.62,9.9,4.4,101,9.5,0.89,86,124,186,136
965266,GYAHD01KLM,570100,26/08/2018,11:30,12:13,Orange,Clear,1.01,6.5,Negative,Trace,Negative,Negative,Negative,Normal,Negative,TNTC,0,6-14,Nil,Rare,NIL,18.1,4.3,56.9,85.2,42,31,14.6,42.1,8061,60,12,6,2,0,8.16,1.92,0.55,0.48,0.07,140,11.5,17,0.13,14.2,3.8,0.14,0.74,0.3,239,52,41.8,12,60,172,4.6,0.8,1.24,0.5,0.2,0.3,96,17,31,23,6.1,3.5,2.6,1.35,1,19.4,9.0598,9.06,135,3.6,105,3.9,91.87,128,335,463,27.65,6.7,145.59,0.6,13.1,87.2,15.02,10,5,93,4.8,1.71,85,71,80,218
273576,GYAHD04ODK,836920,24/08/2018,11:29,12:26,Light Yellow,Slightly cloudy,1.034,4.9,Trace,Negative,Negative,Negative,Negative,Normal,Negative,2-4,3,17-16,Nil,Few,Fungal elements,7.7,5.3,47.4,51.3,14,16,9.3,31,10389,31,20,4,3,0,1.68,1.52,0.33,0.29,0.07,151,11.5,11,0.3,24,0.1,0.06,0.58,0.04,185,55,105.9,18.2,91,137,3.4,1.93,0.52,0.7,0.3,0.4,45,44,10,13,6.9,4.1,2.8,1.46,1.2,228.5,106.7095,88.92,145,3.6,101,3.3,98.67,85,210,295,28.81,6.3,134.11,0.7,11.5,137.2,8.38,10.3,3.7,159,18.7,0.47,104,124,109,155
966121,GYAHD06KLM,862346,27/08/2018,07:23,08:05,Light Yellow,Clear,1.013,5,Trace,Trace,Negative,Negative,Negative,Normal,Negative,11-13,45,2-3,Nil,Nil,NIL,19,4.1,37,99.8,46,51,14.6,43.1,4702,54,46,5,2,8.6,20.89,1.92,0.27,0.11,0.12,30,7.4,12,0.24,14.6,2.3,0.39,0.24,0.24,152,59,110.3,35.4,177,95,2.6,1.87,0.53,0.5,0.1,0.4,65,26,22,26,7.9,4.7,3.2,1.47,0.6,10.8,5.0436,8.41,130,3.8,114,6.6,108.82,130,215,345,37.68,6.1,128.37,0.9,15.4,145,10.62,9.6,5.8,190,8.5,1.58,84,81,123,78
574878,KLTRS13MLT,483616,24/08/2018,11:48,12:47,Pale Yellow,Clear,1.011,6.6,Negative,Negative,Negative,Negative,Negative,Normal,Negative,6-8,0,3-3,Rare,Rare,Yeast cells,16,4.3,63.5,60.2,37,25,12.1,42,9959,47,38,5,4,0,0.06,2.2,0.01,0.3,0.07,289,10.6,11,0.3,13.8,4.1,0.06,6.18,0.23,157,22,93.1,34.5,172.5,96,7.1,4.23,0.24,0.4,0.1,0.3,43,54,28,27,7.6,4,3.6,1.11,1,5.2,2.4284,2.43,148,2.2,98,2.5,99.57,154,358,512,30.08,6.4,136.98,0.3,15.4,190.5,8.08,8.7,3.7,187,4,0.96,193,100,84,131
641423,KLTRS03WBD,311059,26/08/2018,07:51,09:20,Light Yellow,Clear,1.014,5,Negative,Trace,Negative,Negative,Negative,Normal,Negative,1-3,2,3-2,Nil,Nil,NIL,14.9,4.6,40.2,78.1,32,37,13.4,40.1,4245,51,35,6,3,0.6,5.64,3.57,0.26,0.04,0.09,399,7.5,12,0.34,13.3,2.1,0.16,0.18,0.24,161,37,99.5,21.7,108.5,88,4.4,2.69,0.37,0.7,0,0.7,73,26,35,15,8.1,4.4,3.7,1.19,1,12.8,5.9776,5.98,131,4.6,103,4.7,98.82,63,357,420,15,8.2,188.64,0.6,15,83.4,17.99,10.5,2.2,248,12.3,3.93,100,117,254,265
775235,MZLGI08MHP,565691,28/08/2018,10:06,11:34,Light Yellow,Cloudy,1.013,5.3,Negative,Negative,Negative,Negative,Negative,Normal,Negative,6-7,1,3-3,Nil,Nil,Amorphous debris,11.6,4.7,40.4,89.2,24,28,14.6,40.2,5228,43,53,1,2,0,9.97,2.98,0.24,0.49,0.01,307,8,17,0.3,16,4.6,0.14,0.35,0.14,224,40,153.2,37.1,185.5,142,5.6,3.83,0.26,0.6,0,0.6,113,8,20,48,6.7,3.7,3,1.23,1.9,18,8.406,4.42,146,5.4,112,3.7,92.76,75,181,256,29.3,6.2,131.24,0.9,14.9,66.8,22.31,8.6,2.7,125,7.5,3.02,106,99,80,252
930315,PBCHD13SKM,356958,28/08/2018,06:25,07:06,Light Yellow,Clear,1.02,4.5,Trace,Trace,Negative,Negative,Negative,Normal,Negative,5-6,2,>20,Nil,Nil,Mucus threads,16.4,7.7,43.3,80.9,21,37,13.9,45,7271,32,35,1,5,0,2.86,1.31,0.43,0.48,0.05,291,10.2,14,0.33,22.1,3.8,0.39,0.05,0.13,230,34,80.8,34.9,174.5,125,6.8,2.38,0.42,1,0.3,0.7,93,26,35,42,7.2,4.7,2.5,1.88,1,19.6,9.1532,9.15,138,5.6,103,7,115.44,93,341,434,21.43,8.8,205.86,0.2,26.4,117.2,22.53,8.5,4.9,85,11.1,1.89,112,96,73,187
855950,MZLGI15MHP,293682,24/08/2018,10:24,11:34,Yellow,Clear,1.019,6.6,Negative,Negative,Negative,Negative,Negative,Normal,Negative,11-13,1,>20,Nil,Nil,NIL,15.3,5.4,51.3,87.4,28,29,11.1,41.8,5293,49,55,5,8,0,1.34,2.16,0.48,0.67,0.02,19,7.3,29,0.19,23.2,2.7,0.07,0.31,2.67,209,66,82.3,97.4,487,108,3.2,1.25,0.8,0.6,0.1,0.5,52,3,30,28,8.2,4.3,3.9,1.1,1.2,14.4,6.7248,5.6,123,3.3,105,6.8,101.94,185,182,367,50.41,7,154.2,0.8,17.3,116.1,14.9,10.4,3.3,74,4.8,3.73,86,94,141,78
175339,KLTRS12TSS,898324,24/08/2018,06:59,08:07,Straw,Cloudy,1.015,6.9,Trace,Negative,Negative,Negative,Negative,Normal,Negative,TNTC,0,3-2,Nil,Nil,NIL,17.6,7.5,44.1,90.2,23,39,13.1,40.8,6984,43,16,5,2,0,21.25,2.62,0.74,0.47,0.05,443,9.9,16,0.33,14.7,0.1,0.29,0.38,0.34,157,40,86.8,14.5,72.5,74,3.9,2.17,0.46,0.8,0.1,0.7,117,50,13,30,7.1,3.8,3.3,1.15,1.2,11.8,5.5106,4.59,130,3.3,101,6.2,93.73,95,170,265,35.85,8.9,208.73,0.1,15.4,85.4,18.03,9.3,2.4,270,7.8,2.78,124,219,80,104
270902,PBCHD09GAM,120301,27/08/2018,08:06,08:37,Pale Yellow,Clear,1.01,5.5,Negative,Trace,Negative,Negative,Negative,Normal,Negative,7-9,0,1-4,Nil,Rare,NIL,17.1,6.6,48.4,76.8,25,35,14.5,28.8,4528,43,42,4,2,1,3.52,0.81,0.19,0.47,0.03,196,7.3,16,0.28,26,1.1,0.1,0.21,0.19,161,55,92.7,37.8,189,108,2.9,1.69,0.59,0.3,0,0.3,50,51,24,21,8.3,4.7,3.6,1.31,1.2,7.7,3.5959,3,142,4.2,104,5.7,119.2,61,359,420,14.52,9,211.6,0.3,21.9,101.5,21.58,9.6,3.1,158,12,2.92,87,84,92,93
516598,MZLGI05MHP,804095,24/08/2018,08:57,09:57,Pale Yellow,Clear,1.012,6.6,Negative,Trace,Negative,Trace,Negative,Normal,Negative,63-68,1,2-4,Nil,Nil,NIL,7,5.9,38.1,94.4,11,18,11.9,45.2,6098,58,47,3,5,0,7.89,1.08,0.77,0.1,0.02,153,7.4,14,0.35,17.6,1.4,0.27,0.09,0.17,206,58,97.7,54.3,271.5,72,3.6,1.68,0.59,0.8,0.3,0.5,100,30,16,37,6.6,4.5,2.1,2.14,1.1,8.2,3.8294,3.48,145,4.2,109,5.7,100.17,118,346,464,25.43,6.2,131.24,0.4,579.5,81.9,707.57,9.5,5,70,6,0.9,75,90,99,75
232141,KLTRS03KLP,404553,28/08/2018,08:55,10:19,Straw,Slightly cloudy,1.017,6.2,2+,Negative,Negative,Negative,Negative,Normal,Negative,45-50,1,2-2,Nil,Nil,NIL,14,5.8,54.3,87,24,25,13.7,43.6,10248,72,37,2,5,0,2.94,0.18,0.46,0.21,0.07,947,11,12,0.08,19.1,3.3,0.12,0.38,0.52,198,44,186.1,70.4,352,185,4.5,4.23,0.24,0.5,0.1,0.4,45,32,23,11,6.6,4.5,2.1,2.14,1,9.4,4.3898,4.39,147,3.5,92,4.3,104.09,164,324,488,33.61,5.9,122.63,0.9,172,66,260.61,10.2,2.3,189,7.2,0.12,89,103,79,75
977945,MZLGI02MHP,534916,25/08/2018,07:13,08:24,Straw,Clear,1.018,6.7,Negative,Negative,Negative,Negative,Negative,Normal,Negative,9-11,1,2-4,Nil,Nil,NIL,16.9,2.9,34.2,77.8,58,49,13,39.6,50470,49,34,5,5,0,0.67,1.18,0.42,0.18,0.32,365,9.9,14,0.3,22.7,1.4,0,0.38,0.06,238,43,94.5,24.5,122.5,166,5.5,2.2,0.46,0.6,0.2,0.4,98,26,11,20,6.3,4.3,2,2.15,0.8,14.4,6.7248,8.41,91,5,87,4.2,102.43,141,176,317,44.48,8.9,208.73,0.7,117.5,289.7,40.56,9.5,2.9,251,3.2,0.32,222,70,91,67
713299,PBCHD11MHS,301299,27/08/2018,07:21,07:52,Light Yellow,Slightly cloudy,1.015,4.5,Negative,Negative,Negative,2+,Negative,Normal,Negative,11-13,2,2-2,Few,Nil,Yeast cells,5.2,5.2,45.7,88.5,10,11,12.3,40.2,8304,41,28,3,3,0.9,4.05,1.17,1.32,0.35,0,262,7,12,0.36,13.5,0.1,0.04,0.01,0.18,193,63,80.4,32.2,161,116,3.1,1.28,0.78,0.7,0.3,0.4,55,28,16,19,6.6,4.2,2.4,1.75,0.6,15.8,7.3786,12.3,127,4.7,106,7,92.58,62,353,415,14.94,8.5,197.25,0.6,14.5,124.7,11.63,11.5,2.5,202,4.4,2.99,117,102,229,75
661839,KLTRS14WBD,672815,24/08/2018,11:50,12:47,Pale Yellow,Slightly cloudy,1.01,6.9,Negative,Negative,Negative,Negative,Negative,Normal,Negative,11-12,0,1-2,Nil,Rare,Fat droplets or lipiduria,19.3,4.3,63.4,79.9,44,30,12.2,42.8,7842,45,31,4,8,0,1.89,2.2,1.47,0.33,0.07,63,8.9,24,0.21,40.7,1.2,0.08,3.94,0.65,179,55,209.9,31.1,155.5,172,3.3,3.82,0.26,0.7,0.3,0.4,113,36,32,11,6.3,3.7,2.6,1.42,1,14.6,6.8182,6.82,138,4,103,6.4,97.39,137,299,436,31.42,8.1,185.77,0.7,14.1,145,9.72,10.1,2.6,72,7.7,3.53,141,69,96,110
959785,MZLGI15BRC,256669,24/08/2018,11:06,12:29,Dark Yellow,Slightly cloudy,1.019,5,Negative,1+,Negative,Negative,Negative,Normal,Negative,4-5,0,1-2,Rare,Few,Amorphous debris,9.5,6.6,64.5,67.3,14,14,12.8,42.6,5842,55,42,5,3,0,0.81,0.46,0.25,0.07,0.05,272,11,17,0.3,30.3,0.1,0.06,0.22,0.2,208,63,120.5,37.7,188.5,64,3.3,1.91,0.52,1.2,0.3,0.9,85,56,36,15,6.2,4.6,1.6,2.88,0.8,9.4,4.3898,5.49,137,2,95,2.3,98.54,150,346,496,30.24,6.3,134.11,0.3,24.9,104.9,23.74,9.5,3.5,173,6.9,1.86,103,97,84,72
155635,PBCHD08KLC,189365,26/08/2018,07:50,08:35,Pale Yellow,Clear,1.012,6.8,Negative,Trace,Negative,Negative,Negative,Normal,Negative,1-3,1,1-2,Rare,Nil,Yeast cells,14.7,5.4,21.9,63.8,27,67,12.8,39.2,10978,39,33,3,8,9.4,9.34,0.7,0.26,0.26,0.06,188,11.3,10,0.2,24.8,0.4,3.44,0.35,0.1,180,54,48.6,8.4,42,88,3.3,0.9,1.11,0.7,0.3,0.4,77,49,6,47,7.6,4,3.6,1.11,1.1,8.2,3.8294,3.48,142,4.3,101,8.3,111.62,199,170,369,53.93,5.7,116.89,0.9,852.1,35.6,2393.54,9.1,6.5,135,4.4,2.25,77,82,74,183
534206,PBCHD02MHS,824686,26/08/2018,11:53,12:57,Light Yellow,Hazy,1.019,4.5,Trace,Negative,Negative,Negative,Negative,Normal,Negative,5-7,2,1-2,Rare,Nil,NIL,15.1,7.5,31,99.6,20,48,13.3,44.7,9745,42,29,3,9,1,8.32,2.82,0.91,0.4,0.09,21,9.3,12,0.31,13,4.4,0.18,2.25,0.16,166,45,88.6,19,95,165,3.7,1.97,0.51,0.5,0.1,0.4,61,49,26,29,8.3,3.7,4.6,0.8,1,15.6,7.2852,7.29,139,5.4,105,4.4,91.45,130,211,341,38.12,5.9,122.63,0.1,14.1,28.7,49.13,6.9,3.1,189,5.4,0.21,72,89,87,162
325269,GYAHD12JHJ,260314,26/08/2018,09:37,10:56,Light Yellow,Clear,1.016,6.6,Negative,Negative,Negative,Negative,Negative,Normal,Negative,23-27,2,3-2,Nil,Nil,Artifacts,13,5.8,40.1,74.4,22,32,13.2,41.4,4723,46,30,2,2,0,21.83,4.43,0.33,0.12,0,222,12.9,16,0.19,15.7,2.5,0.66,0.04,0.36,202,74,115.1,67.5,337.5,213,2.7,1.56,0.64,0.6,0.1,0.5,121,21,21,6,7.7,5.4,2.3,2.35,0.7,19.1,8.9197,12.74,139,3.9,96,5.9,114.21,83,287,370,22.43,6,125.5,0.4,16.4,79.6,20.6,11.4,3.1,158,10.2,12.99,92,69,122,93
292730,GYAHD07JHJ,531711,24/08/2018,06:40,07:49,Light Yellow,Clear,1.011,4.8,Trace,Trace,Negative,Negative,Negative,Normal,Negative,8-9,2,1-3,Nil,Nil,NIL,19.9,5.3,38.1,89.4,37,52,12.1,45.3,4580,70,40,6,6,0,8.27,0.41,0.17,0.16,0.06,448,8.6,10,0.38,32.9,2.4,0.28,3.39,0.33,187,65,75.5,19.7,98.5,98,2.9,1.16,0.86,1,0.3,0.7,54,36,79,14,6.5,4.5,2,2.25,0.6,12.9,6.0243,10.04,135,3.5,101,6.4,109.83,103,317,420,24.52,6.8,148.46,0.7,17.5,120.6,14.51,10.3,3.5,176,3.4,3.95,73,90,83,73
399332,GYAHD15ODK,804986,26/08/2018,07:38,08:52,Pale Yellow,Clear,1.028,4.9,Trace,Negative,Trace,Negative,Negative,Normal,Negative,5-7,0,3-2,Rare,Nil,Fat droplets or lipiduria,8.4,6.4,53.3,45.6,13,15,13.4,44.4,4038,72,49,6,2,0,1.21,1.27,0.66,0.14,0.03,280,14,8,0.07,47.4,7.1,0.24,0.14,0.32,231,79,96,18.2,91,86,2.9,1.22,0.82,0.5,0,0.5,50,18,28,20,8,5,3,1.67,1.1,21,9.807,8.92,124,5.5,107,2.1,115.04,72,143,215,33.49,5,96.8,0.7,13.4,23.3,57.51,9.6,3,195,22,9.39,117,87,110,76
595935,PBCHD11NLM,396227,26/08/2018,09:51,11:02,Straw,Clear,1.015,6.5,Negative,Negative,Negative,Negative,Trace,Normal,Negative,8-9,2,3-4,Nil,Nil,NIL,14.9,5.4,32,98.1,27,46,13.9,43.3,8467,75,15,4,9,0,7.59,2.5,0.49,0.24,0.08,328,8.3,23,0.09,17.9,0.8,0.07,0.02,0.25,200,27,85,21.3,106.5,215,7.4,3.15,0.32,0.8,0.2,0.6,81,24,12,82,7.8,3.2,4.6,0.7,1.2,15.2,7.0984,5.92,92,2.6,106,7,106.92,89,141,230,38.7,9.1,214.47,0.6,11.1,288.5,3.85,8.5,2.3,142,18.2,2.53,86,65,115,80
138690,GYAHD08KAU,193893,26/08/2018,08:51,10:10,Light Yellow,Slightly cloudy,1.012,6.9,Trace,Negative,Negative,Negative,Negative,Normal,Negative,33-38,0,2-4,Nil,Nil,NIL,14.8,2.8,56.6,85.3,52,26,9.9,46.6,6270,53,34,2,3,0,0.96,2.99,0.73,0.91,0.05,234,7.3,16,0.16,37.8,0.5,0.15,0.08,6.48,223,45,41.9,25.2,126,178,5,0.93,1.07,0.8,0.1,0.7,97,32,36,85,6.7,4.6,2.1,2.19,1.2,42.6,19.8942,16.58,138,4.5,98,3.1,101.95,90,238,328,27.44,8,182.9,0,16.5,76.3,21.63,9.6,5.7,219,5.5,3.71,114,64,77,154
610520,PBCHD10GAM,174921,28/08/2018,09:11,09:49,Straw,Clear,1.015,5.2,Trace,Negative,Negative,1+,Negative,Normal,Negative,11-12,0,2-2,Nil,Nil,Mucus threads,6,4.3,58.4,68.3,13,10,11.8,47.3,40487,48,15,4,8,0,2.45,1.11,0.69,0.13,0.04,125,11.7,11,0.26,20.2,3.8,0.44,0.3,0.34,226,21,56.2,34.6,173,77,10.8,2.68,0.37,0.7,0.2,0.5,69,13,27,11,7.5,4.2,3.3,1.27,0.6,7.3,3.4091,5.68,117,3.5,105,5.4,90.75,131,323,454,28.85,6.4,136.98,0.3,18,143.7,12.53,8.8,3.8,199,12.2,0.74,103,96,85,230
951820,KLTRS08WBD,562611,28/08/2018,09:50,11:03,Straw,Clear,1.029,6.9,Negative,Trace,Negative,Negative,Negative,Normal,Negative,10-11,1,9-7,Nil,Nil,Fat droplets or lipiduria,20.3,4.3,33.5,80.7,47,60,13,47.1,6531,50,46,1,7,0,22.8,2.34,0.04,0.42,0,385,11.2,10,0.37,33.9,1.3,0.88,0.25,0.81,193,50,64.2,22.4,112,78,3.9,1.28,0.78,0.8,0.1,0.7,67,21,11,43,8.3,3.7,4.6,0.8,1.2,6.1,2.8487,2.37,139,4.8,103,6.3,99.54,156,213,369,42.28,6.1,128.37,0.1,18.6,61.2,30.39,7.5,1.3,278,11.4,8.71,91,61,84,113
733977,KLTRS13WBD,423947,26/08/2018,06:23,07:10,Deep Amber,Clear,1.012,4.9,Trace,Trace,Negative,Negative,Negative,Normal,Negative,TNTC,0,3-3,Rare,Nil,NIL,8.2,4.6,19.9,74.7,17,41,12.9,48.3,9290,43,45,1,7,0,6.88,7.22,0.58,0.34,0.08,173,10.8,13,0.27,18.5,2.1,0.02,0.71,0.31,170,27,140.2,97.7,488.5,160,6.3,5.19,0.19,0.3,0,0.3,83,36,17,68,7.8,4.8,3,1.6,1.2,6.5,3.0355,2.53,135,4.3,107,2.3,95.25,122,245,367,33.24,5.9,122.63,0.6,23,58.6,39.25,7.6,5.3,159,13.6,3.9,109,87,68,138
902567,MZLGI06RJK,830352,24/08/2018,07:46,09:05,Light Yellow,Clear,1.019,6.9,Trace,Negative,Negative,Negative,Negative,Normal,Negative,5-6,2,1-4,Rare,Nil,NIL,16.4,4.8,53.7,86.9,34,30,14.4,42.4,10876,37,20,2,4,1.8,1.58,1.55,0.21,0.45,0.09,569,9.4,15,0.31,29.8,4.4,5.7,0.11,0.26,165,33,83.2,98.6,493,185,5,2.52,0.4,0.6,0.1,0.5,53,46,33,22,7.4,3.6,3.8,0.95,0.8,17.5,8.1725,10.22,139,2.5,100,5.5,108.6,152,221,373,40.75,6.3,134.11,0.8,12.5,72.6,17.22,8.1,6.6,70,4.3,8.06,73,75,67,132
403870,KLTRS09WBD,642996,24/08/2018,08:18,09:40,Pale Yellow,Clear,1.015,4.5,Negative,Negative,Negative,Negative,Negative,Normal,Negative,TNTC,2,1-2,Nil,Nil,Yeast cells,11.8,5.6,51.6,81.8,21,22,12,45.6,6466,46,55,18,9,0,9.9,4.26,0.26,0.68,0.08,377,13.9,17,0.43,19,7,0.37,0.15,0.36,186,25,49.5,22,110,77,7.4,1.98,0.51,0.8,0.1,0.7,47,42,19,41,7.2,5,2.2,2.27,0.8,14.8,6.9116,8.64,142,4.4,117,4.2,99.57,100,94,194,51.55,5.9,122.63,0.2,26.1,107.1,24.37,10.2,2.6,87,11.2,2.7,119,72,100,124
825858,PBCHD12PBP,840398,24/08/2018,09:12,09:54,Straw,Clear,1.029,6.5,Trace,Trace,Negative,Negative,Negative,Normal,Negative,11-12,0,3-4,Nil,Nil,NIL,11,5.1,58.5,97.3,21,18,12.4,35.9,3332,62,29,5,6,0,0.91,1.36,0.31,0.47,0.07,148,8.3,18,0.7,31.8,5.4,0.1,0.37,0.11,178,42,21.4,19,95,157,4.2,0.51,1.96,0.7,0.1,0.6,91,16,20,14,7.6,4.8,2.8,1.71,0.6,10.8,5.0436,8.41,122,4.3,101,4.9,104.2,114,272,386,29.53,5.8,119.76,1,17,89.6,18.97,9,3.8,95,11.4,3.61,94,85,228,99
556981,PBCHD01MHS,586926,24/08/2018,09:17,10:05,Light Yellow,Clear,1.013,5.5,Negative,Trace,Negative,Negative,Negative,1+,Negative,4-5,2,2-2,Nil,Nil,NIL,15.9,5.1,13.9,50.4,31,114,13.7,43.1,9190,63,54,2,2,0,2.34,1.39,0.59,0.56,0.07,305,10.5,14,0.16,13.8,0.6,0.2,0.1,0.4,155,56,147.9,25.7,128.5,142,2.8,2.64,0.38,0.4,0,0.4,64,44,12,20,6.4,3.9,2.5,1.56,0.6,12.3,5.7441,9.57,142,4.2,107,2.2,68.24,148,353,501,29.54,8.2,188.64,0.6,18.7,65.6,28.51,10,5.1,42,4.9,2.62,88,117,113,122
425210,GYAHD02JHJ,594553,25/08/2018,10:58,12:05,Yellow,Clear,1.017,4.9,Negative,1+,Negative,Negative,Negative,Normal,Negative,TNTC,1,1-3,Nil,Rare,NIL,19,5.3,60.3,127.5,35,31,13.5,45.3,9956,44,26,3,7,0.8,8.99,2.65,0.71,0.14,0.03,213,8.1,15,0.34,28.1,0.2,3.65,0.18,0.14,213,80,91.6,44.8,224,121,2.7,1.15,0.87,0.5,0.1,0.4,69,21,36,24,7.1,4.1,3,1.37,1.2,10.1,4.7167,3.93,138,4.6,107,3.5,109.8,111,326,437,25.4,8.3,191.51,1,12.1,22.1,54.75,9.6,6,71,14.1,2.45,155,116,95,97
481946,GYAHD06KLM,271464,28/08/2018,06:10,06:52,Yellow,Clear,1.016,5.1,Negative,Negative,Negative,Negative,Negative,Normal,Negative,9-10,1,1-2,Nil,Nil,NIL,13,4.1,53.7,81.4,31,24,13.7,42.3,10682,19,17,2,8,0,8.05,1.63,0.39,0.45,0.19,234,10.3,12,0.57,18.8,0.2,0.58,0.01,0.03,161,59,43,7,35,146,2.7,0.73,1.37,5.7,2.8,2.9,115,18,26,29,6,4.6,1.4,3.29,0.6,5.8,2.7086,4.51,141,3.7,103,8.8,90.72,166,343,509,32.61,6.3,134.11,0.1,10.7,129.3,8.28,11.2,2.7,159,11.1,1.56,74,66,86,82
619834,GYAHD13JHJ,971139,27/08/2018,06:55,07:50,Yellow,Clear,1.014,7.6,Trace,Trace,Negative,Negative,Negative,Normal,Negative,13-15,2,3-4,Rare,Rare,NIL,21.2,4.4,30.5,79,48,69,13.5,46.5,4677,65,29,9,3,0.6,2.81,2.64,0.16,0.4,0.03,21,8.8,13,0.33,32.5,5.2,0.13,0.31,0.94,237,40,51.2,35.9,179.5,145,5.9,1.28,0.78,0.7,0.3,0.4,104,12,26,32,7.3,4.1,3.2,1.28,0.7,18.9,8.8263,12.61,125,6.3,114,4.8,118.99,105,291,396,26.52,7.7,174.29,0.3,12.7,130.6,9.72,9.6,4.1,129,12.3,0.07,71,84,111,81
144260,PBCHD09GAM,432012,28/08/2018,08:11,08:49,Dark Yellow,Slightly cloudy,1.013,6.5,Negative,Negative,Negative,Negative,Negative,Normal,Negative,8-10,1,2-3,Nil,Nil,Fat droplets or lipiduria,15.8,5.9,41.6,92.3,26,37,13.7,39.4,9089,41,40,4,12,2.8,2.87,1.75,0.8,0.35,0.04,180,7.4,17,0.37,24.5,0.6,0.22,0.2,0.35,188,51,74.1,43.9,219.5,155,3.7,1.45,0.69,0.2,0,0.2,68,23,35,23,4.5,4.5,0,#DIV/0!,1.2,16.1,7.5187,6.27,146,4.2,109,3.1,95.54,191,280,471,40.55,6.3,134.11,0.1,21.9,133.9,16.36,8.8,5,156,6.9,0.06,75,116,118,103
167585,KLTRS08WBD,734546,28/08/2018,06:59,07:42,Light Yellow,Cloudy,1.012,5.8,1+,Negative,1+,Negative,Negative,Normal,Negative,12-13,0,3-2,Few,Nil,Artifacts,21.6,5.4,50.6,88.4,40,42,12.3,42.2,8781,51,26,1,6,0,1.48,2.93,0.21,0.41,0.07,824,11.4,22,0.5,12.6,0.8,0.27,0.11,4.7,156,80,51.3,33.7,168.5,149,2,0.64,1.56,0.8,0.1,0.7,129,56,21,39,7.1,4.1,3,1.37,0.7,38.7,18.0729,25.82,128,5.6,93,3.4,112.11,98,168,266,36.84,5.4,108.28,0.9,103.2,99.4,103.82,10.4,5.5,102,10.8,0.62,128,79,82,216
743968,KLTRS08TSS,432114,24/08/2018,07:28,08:29,Yellow,Cloudy,1.016,4.8,Negative,Negative,Negative,Negative,Negative,Normal,Negative,14-15,1,2-2,Rare,Few,NIL,5.3,7.4,55.5,70.2,7,9,13.7,45.3,30908,60,50,4,2,0,1.87,2.05,0.6,0.67,0.09,320,10.8,10,0.22,13.1,0.7,0.63,0.36,0.25,230,52,85.1,27.1,135.5,139,4.4,1.64,0.61,0.7,0.3,0.4,99,7,36,34,7.1,3.5,3.6,0.97,1.1,10.4,4.8568,4.42,98,4.2,108,3.7,40.55,122,346,468,26.07,6.2,131.24,0.5,23,67.3,34.18,8.9,4.3,237,18.7,3.39,123,73,99,99
604992,MZLGI10APK,996716,26/08/2018,08:59,10:26,Light Yellow,Hazy,1.018,6.1,1+,Negative,Negative,Negative,Negative,Normal,Negative,3-4,2,1-3,Nil,Nil,NIL,15.8,4.1,10.4,79.6,38,151,12.3,44.7,5412,45,29,1,13,0,9.78,0.52,1.49,0.45,0.1,380,15.8,11,0.39,29.2,3.6,0.31,0.13,0.15,162,49,63.8,35.8,179,106,3.3,1.3,0.77,0.4,0.1,0.3,123,50,36,44,7.7,4.3,3.4,1.26,0.7,32.2,15.0374,21.48,145,3.5,101,4,108.83,141,320,461,30.59,8.8,205.86,0.1,11.4,293.9,3.88,9.6,5.5,106,11.8,3.3,89,182,86,117
846401,MZLGI06APK,960035,24/08/2018,09:05,10:13,Light Yellow,Slightly cloudy,1.012,5.9,Trace,Negative,Negative,Negative,Negative,Normal,Negative,56-61,1,3-4,Nil,Nil,NIL,15.9,4.8,56.2,73.6,33,28,13.5,39.3,5776,75,31,3,8,0,8.21,1.92,0.78,0.23,0.09,1170,8.9,12,0.35,17.1,2.4,0.36,0.11,0.13,227,28,84.6,18.7,93.5,62,8.1,3.02,0.33,0.7,0.2,0.5,58,32,47,46,6.1,4.6,1.5,3.07,0.8,13.2,6.1644,7.71,136,3.6,98,5.7,91.03,63,157,220,28.64,6.3,134.11,0.9,26.1,111.4,23.43,9,4,67,19.1,2.53,71,75,99,112
571099,GYAHD03ODK,111755,26/08/2018,07:12,08:34,Dark Yellow,Clear,1.012,4.6,Trace,1+,Negative,Negative,Negative,Normal,Negative,9-10,2,2-2,Nil,Few,NIL,4.5,5.6,37.4,99.1,8,12,14.6,40.8,8043,39,27,1,6,0.5,4.37,2.24,0.19,0.03,0.1,418,5.9,15,0.09,34.3,0.1,0.38,0.38,0.58,194,37,24,35.4,177,125,5.2,0.65,1.54,0.7,0.3,0.4,49,50,10,30,7.5,4.4,3.1,1.42,0.9,16.8,7.8456,8.72,124,2.7,96,5.1,107.49,128,213,341,37.54,6.7,145.59,0.3,28.7,45.6,62.94,10.5,2,172,5.9,0.31,91,74,188,99
964735,MZLGI01MHP,433178,24/08/2018,09:36,10:39,Light Yellow,Slightly cloudy,1.015,6.5,Trace,Negative,Negative,Negative,Negative,Normal,Negative,6-8,2,1-2,Nil,Rare,Fungal elements,9.3,2.5,35.1,89.1,37,26,14.1,40.9,6336,57,20,5,7,0,6.84,1.86,0.29,0.45,0.17,834,14.5,14,0.37,40,1.5,0.01,2.54,0.03,221,55,75,26.8,134,72,4,1.36,0.73,0.8,0.3,0.5,121,26,24,16,6.4,3.8,2.6,1.46,0.8,17.1,7.9857,9.98,109,2,96,5.6,12.69,72,316,388,18.56,7.2,159.94,0.3,17,79.7,21.33,10.6,2.6,109,6,7.17,77,90,115,122
878014,GYAHD12ODK,625617,25/08/2018,11:45,12:39,Pale Yellow,Hazy,1.013,6.6,Negative,3+,Negative,Negative,Negative,Normal,Negative,14-15,2,1-4,Nil,Nil,NIL,12.7,5,31.7,94.1,25,40,11.9,49,10159,41,34,5,1,0,5.58,3.37,0.75,0.66,0.08,393,10.8,16,0.22,22,1.6,0.44,0.11,0.37,169,31,83.5,31.3,156.5,88,5.5,2.69,0.37,1,0.3,0.7,85,46,26,46,7.1,4,3.1,1.29,1.2,17.9,8.3593,6.97,139,2.5,108,4.7,92.77,134,96,230,58.26,6,125.5,0.6,27,30.1,89.7,10.8,6.1,153,11.6,3.31,84,84,93,176
256950,PBCHD01HPP,510087,26/08/2018,09:36,10:27,Yellow,Hazy,1.012,5.9,Trace,1+,Negative,Negative,Negative,Normal,Negative,7-8,2,2-3,Nil,Nil,Mucus threads,21,4.1,37.1,98.6,51,56,11.7,40.6,8502,49,20,3,10,0,3.43,2.88,0.66,0.67,0.06,240,11.2,11,0.4,25.8,3.6,0.12,0.34,3.84,159,51,92.7,63,315,69,3.1,1.82,0.55,11.8,7.3,4.5,107,31,13,20,7,4.2,2.8,1.5,0.9,5.2,2.4284,2.7,147,4.4,105,2.4,109.34,62,357,419,14.8,8,182.9,0.6,149,137.9,108.05,9.2,3.2,140,10.4,0.05,82,88,91,76
563116,GYAHD13KAU,352891,25/08/2018,11:09,12:15,Pale Yellow,Clear,1.009,4.7,Trace,Negative,Negative,Negative,Negative,1+,Negative,12-13,0,3-3,Nil,Nil,Parasites,16.4,4.4,35.3,72.6,37,46,12.8,41,18493,37,52,2,25,0,6.88,1.27,0.7,0.03,0,622,9.5,18,0.26,13.5,3.1,0.77,0.72,5.49,212,44,90.7,77.1,385.5,75,4.8,2.06,0.49,0.7,0.2,0.5,60,14,11,13,7,4.3,2.7,1.59,1.1,38.7,18.0729,16.43,120,2.7,105,2.6,115.21,100,136,236,42.37,7.1,157.07,0.5,26.2,101,25.94,10.3,4.9,202,10.6,1.99,76,232,125,280
317893,MZLGI14APK,435821,27/08/2018,07:21,08:05,Light Yellow,Clear,1.001,5.2,Negative,Trace,Negative,Negative,2+,Normal,Negative,18-23,2,1-2,Nil,Few,NIL,9.5,7.7,54.2,70.1,12,17,12.4,33.9,5961,28,44,4,8,0,7.05,4.14,0.56,0.33,0.05,365,11.1,17,0.38,25.9,3.4,2.37,6.42,0.34,177,76,103.2,34.6,173,182,2.3,1.36,0.74,1,0.3,0.7,67,29,17,36,8,3.5,4.5,0.78,0.6,8.3,3.8761,6.46,146,2.6,100,4.8,105.71,72,144,216,33.33,7.1,157.07,0.2,24,84.8,28.3,9.5,3.7,263,7.8,6.71,119,78,89,126
240290,PBCHD09MHS,152919,28/08/2018,10:06,10:47,Pale Yellow,Hazy,1.025,4.9,Negative,Trace,Negative,Trace,Negative,1+,Negative,TNTC,0,1-2,Nil,Nil,NIL,16.7,4.2,20.5,91.4,39,81,14.2,45.8,4261,55,31,2,7,0,7.75,2.64,0.37,0.23,0.19,222,10.7,15,0.2,45.7,0.7,0.07,3.6,0.7,168,23,85.4,33.1,165.5,91,7.3,3.71,0.27,0.5,0.1,0.4,48,27,14,47,7.2,5,2.2,2.27,1.1,160.1,74.7667,67.97,141,4.4,101,4.5,97.04,105,226,331,31.72,5.8,119.76,0.3,18.5,67.2,27.53,11.4,3.9,199,5.9,2.96,265,78,118,184
653702,PBCHD14KLC,958402,28/08/2018,11:43,12:14,Green,Slightly cloudy,1.022,5.2,Trace,Negative,Negative,Negative,Negative,Normal,Negative,14-15,0,1-2,Few,Nil,Fat droplets or lipiduria,8.9,5.4,58.3,98.9,16,15,11.6,44.7,5651,41,34,3,9,2.4,0.65,1.9,0.51,0,0.08,251,12.9,17,0.08,31.7,0.9,0.02,0.33,0.66,231,50,82.6,18,90,69,4.6,1.65,0.61,0.9,0.2,0.7,66,42,10,22,7.8,4.2,3.6,1.17,1,24.3,11.3481,11.35,136,4.3,84,3,117.55,102,143,245,41.63,8.9,208.73,0.8,973,175.4,554.73,7.7,3.7,124,10.6,2.74,120,120,97,83
700122,KLTRS09MLT,899671,24/08/2018,06:26,07:04,Pale Yellow,Hazy,1.012,6.6,1+,3+,Negative,Negative,Negative,Normal,Negative,5-6,1,3-2,Nil,Nil,NIL,16.5,6.8,29.1,86.4,24,56,11.7,43.7,6518,37,36,6,12,0,5.85,1.86,1.37,0.08,0.06,446,10.3,11,0.26,36.4,2.4,0.18,0.37,0.03,211,25,95.1,13.5,67.5,97,8.4,3.8,0.26,0.5,0.2,0.3,111,28,39,46,7,4.9,2.1,2.33,0.3,13.9,6.4913,21.64,135,4.4,105,4.4,106.83,105,295,400,26.25,8.5,197.25,0.2,11.4,113.9,10.01,9.6,2.5,122,11.3,2.51,70,96,105,120
921941,PBCHD14NLM,296583,25/08/2018,11:26,12:15,Yellow,Slightly cloudy,1.02,4.7,Trace,Trace,Negative,Negative,Negative,Normal,Negative,7-8,2,2-2,Nil,Nil,NIL,17,6.9,38.9,79.1,24,43,16.6,45.4,9413,57,31,1,7,0,4.9,2.8,0.98,0.1,0.08,264,7.4,14,0.21,29.3,4.9,3.57,0.21,0.18,216,32,56.3,33.6,168,111,6.8,1.76,0.57,3.7,1.8,1.9,47,34,36,26,6,4.1,1.9,2.16,2,7.1,3.3157,1.66,146,3.7,106,3.3,112.26,84,186,270,31.11,9.7,231.69,0.4,14.8,434.7,3.4,10.6,2.7,77,11.7,1.32,75,71,99,99
420888,PBCHD04GAM,732449,26/08/2018,09:23,10:41,Pale Yellow,Hazy,1.014,4.6,Trace,Negative,Negative,Trace,Negative,Normal,Negative,14-15,1,2-4,Nil,Nil,Amorphous debris,9.9,7,45.3,87.4,14,21,11.9,39.2,10608,50,31,1,2,0,5.97,2.11,0.32,0.39,0.06,208,10.7,14,0.28,20.8,4.3,0.39,0.98,0.27,207,49,80.1,7.5,37.5,134,4.2,1.63,0.61,1.5,0.7,0.8,54,18,37,44,6.3,3.5,2.8,1.25,1.2,26.7,12.4689,10.39,140,4.5,95,5.9,114.94,170,180,350,48.57,6.9,151.33,0.3,20.9,84.7,24.68,10.9,5.2,191,3.8,1.77,96,125,98,266
373691,MZLGI02APK,452681,27/08/2018,11:19,11:55,Light Yellow,Clear,1.028,4.6,Negative,Negative,Negative,Negative,Negative,Normal,Negative,6-7,1,2-4,Nil,Nil,NIL,10.9,5.6,41.2,79.1,19,26,13.5,43.4,2297,42,18,5,8,0,2.3,4.02,0.51,0.03,0.04,72,8.5,17,0.31,46.8,4.2,0.15,0.15,0.02,189,58,101.2,53.5,267.5,130,3.3,1.74,0.57,0.9,0.2,0.7,63,25,14,11,7.6,4.6,3,1.53,1.1,33.7,15.7379,14.31,141,3.8,95,3.5,108.1,65,231,296,21.96,6.3,134.11,0.8,24.9,109.3,22.78,8.9,4.1,81,5.4,2.07,110,66,79,81
345532,KLTRS13WBD,215572,24/08/2018,09:35,10:38,Light Yellow,Milky,1.014,4.6,Trace,Trace,Negative,Negative,1+,Normal,Negative,6-7,1,1-2,Nil,Nil,NIL,13.6,5.1,47.2,89.7,26,28,13,45,6019,77,30,2,4,0.2,1.33,1.12,0.93,0.14,0.02,472,7.3,15,0.25,30.1,5.5,0.32,0.14,0.48,214,61,109.9,19,95,118,3.5,1.8,0.56,0.2,0,0.2,101,27,24,23,5.4,4.3,1.1,3.91,1.2,13.5,6.3045,5.25,148,3.8,108,2.2,104.73,98,349,447,21.92,6.2,131.24,0.8,15.8,230.4,6.86,9.7,3.3,135,17.9,0.46,110,73,99,103
824692,MZLGI01GJS,182543,26/08/2018,08:19,09:16,Dark Yellow,Cloudy,1.012,6.6,Trace,1+,Negative,Negative,Negative,Normal,Negative,7-9,2,1-2,Nil,Nil,Fungal elements,15.3,4.8,14,87.1,31,109,11.8,39.9,4747,57,34,5,5,0,5.5,1.67,0.66,0.4,0.08,99,9.2,7,0.31,12,0.1,0.67,0.54,0.32,206,53,73.7,50.1,250.5,114,3.9,1.39,0.72,0.7,0.1,0.6,50,55,39,42,7.4,4.8,2.6,1.85,0.9,13.8,6.4446,7.16,133,4.3,102,3.9,115.63,58,149,207,28.02,6,125.5,0.6,17.2,298.2,5.77,9,4.6,162,4,3.63,79,83,92,95
644044,MZLGI12MHP,719433,26/08/2018,06:56,07:57,Deep Amber,Slightly cloudy,1.01,6.1,Trace,Negative,Negative,2+,Negative,Normal,Negative,1-3,2,2-2,Nil,Nil,NIL,18.2,4,41.4,81.2,45,43,13.9,44,9207,20,41,2,8,0,11.62,2.57,0.4,0.09,0.06,908,12.1,14,0.26,32.4,1,0.09,0.21,0.05,195,52,88.7,5.8,29,105,3.8,1.71,0.59,0.9,0.3,0.6,120,36,37,15,6.2,4.4,1.8,2.44,1.2,8.8,4.1096,3.42,139,5.4,123,5.6,108.93,151,130,281,53.74,5.9,122.63,0.6,129.1,66.5,194.14,8,4.6,90,12.6,1.35,87,71,80,91
630659,GYAHD13KLM,581299,25/08/2018,10:39,11:46,Pale Yellow,Clear,1.014,6.6,Trace,Negative,Negative,Negative,Trace,Normal,Negative,10-11,0,3-2,Nil,Nil,Parasites,16.2,5.7,35.5,83.4,28,45,12.5,41.3,8997,51,48,25,2,0,1.47,0,0.41,0.6,0.16,357,7.1,10,0.36,40.8,2.4,0.08,0.47,0.17,180,52,81.6,27.5,137.5,188,3.5,1.57,0.64,0.8,0.2,0.6,112,12,33,19,8.3,4.4,3.9,1.13,1.1,7.3,3.4091,3.1,136,3.2,106,3.4,51.43,190,158,348,54.6,6.1,128.37,0.9,14.4,217.6,6.62,10.1,5.2,161,5.8,2.46,270,91,102,127
604405,GYAHD13ODK,853066,24/08/2018,10:21,11:19,Light Yellow,Clear,1.017,5.3,Trace,Negative,Negative,Trace,Negative,Normal,Negative,10-12,0,3-3,Nil,Nil,Fat droplets or lipiduria,13.3,3.6,39.9,74,36,33,14,43.4,4417,70,17,5,11,0,2.07,2.97,0.76,0.42,0.03,194,7.7,14,0.08,14,5,0.82,0.3,0.93,159,38,74.2,31.1,155.5,152,4.2,1.95,0.51,0.2,0,0.2,54,44,13,40,6.7,4.2,2.5,1.68,1,16.8,7.8456,7.85,142,4.1,103,4.6,37.53,134,358,492,27.24,5.8,119.76,0.7,12.1,94.2,12.85,10.4,3.3,177,8.4,3.05,77,151,84,142
953654,MZLGI04RJK,398287,27/08/2018,08:39,10:03,Light Yellow,Clear,1.022,4.8,2+,Negative,Negative,Negative,Negative,Normal,Negative,11-12,2,1-2,Nil,Rare,Amorphous debris,4.7,5.8,37.5,72.2,8,12,13.1,41.5,7082,52,33,5,8,0,2.86,2.09,0.76,0.63,0.02,334,14.8,11,0.3,34.7,1.4,0.21,2.12,0.12,237,55,100.3,35.8,179,103,4.3,1.82,0.55,0.5,0.2,0.3,52,28,11,44,7.9,4.7,3.2,1.47,1,11.3,5.2771,5.28,147,3.2,95,6.9,105.03,118,187,305,38.69,8.2,188.64,0.2,26.2,62.3,42.05,7.9,4.1,91,3.1,0.84,196,78,82,142
800396,PBCHD03RJU,987389,25/08/2018,06:50,07:21,Straw,Clear,1.01,6.6,Trace,Negative,Negative,Negative,Negative,Normal,Negative,9-11,0,16-11,Nil,Nil,NIL,13.9,4.8,28.2,95.3,28,49,12.7,46.8,7605,44,31,4,8,0,6.95,2.58,0.45,0.5,0.09,111,9.2,17,0.2,31.5,3.5,0.35,0.33,0.25,150,59,76,6.3,31.5,112,2.5,1.29,0.78,0.5,0.2,0.3,73,10,8,41,7.3,4,3.3,1.21,0.9,18.8,8.7796,9.76,140,4.7,96,5.3,107.81,108,177,285,37.89,6,125.5,0.2,14.1,146.4,9.63,10.6,4.2,128,16.3,9.62,103,60,94,103
200869,GYAHD13KAU,143384,26/08/2018,11:33,12:35,Light Yellow,Clear,1.015,4.6,Trace,Negative,Negative,Negative,Negative,Normal,Negative,7-9,0,3-4,Nil,Moderate,Artifacts,8.7,4.6,20.8,82.6,18,41,11.8,41.3,10818,63,27,3,3,7.4,8.08,2.25,0.41,0.41,0.01,428,13.4,16,0.59,25.3,2.6,0.97,0.15,0.07,182,53,29.6,25.9,129.5,136,3.4,0.56,1.79,0.8,0.3,0.5,87,9,10,36,6.7,4,2.7,1.48,1,19,8.873,8.87,136,4.3,98,1.3,109.54,76,98,174,43.68,8.8,205.86,0.9,18.6,28.5,65.26,10.4,4.2,253,4.6,1.17,124,125,103,186
314766,GYAHD14KAU,823443,28/08/2018,09:32,10:28,Pale Yellow,Clear,1.013,4.5,4+,Negative,Negative,Negative,Negative,Normal,Negative,1-2,0,2-3,Nil,Nil,Yeast cells,18,5.5,14,85.7,32,128,14.5,40.6,8827,49,18,1,4,0,8.01,2.56,0.4,0.41,0.02,281,15,11,0.21,31.3,4.3,0.48,0.37,0.38,200,53,126.8,27.9,139.5,129,3.8,2.39,0.42,1.4,0.3,1.1,102,46,13,13,7.3,4.6,2.7,1.7,0.9,10.8,5.0436,5.6,146,4.9,97,2.7,83.44,104,349,453,22.96,7,154.2,0.6,13.4,145.2,9.23,9.8,1.3,169,8,0.57,119,64,91,210
555466,MZLGI13APK,781200,24/08/2018,06:12,07:27,Orange,Clear,1.021,5.5,Trace,Trace,Negative,Negative,2+,Normal,Negative,14-15,5,3-3,Rare,Nil,NIL,19.7,4.4,31.1,42.2,44,63,12.4,44.1,6082,60,37,3,4,0,16.37,2.84,0.43,0.39,0.04,253,8.3,16,0.27,14.4,7.1,0.08,0.39,0.02,727,66,91,28.8,144,109,11,1.38,0.73,0.8,0.1,0.7,62,40,23,10,7.3,4.2,3.1,1.35,1.2,9.7,4.5299,3.77,143,3.2,98,3.5,97.95,146,312,458,31.88,6.3,134.11,0.2,22.1,20.6,107.28,10.3,2.1,173,17.7,1.47,95,117,101,135
467648,PBCHD12PBM,772011,25/08/2018,09:44,11:01,Straw,Clear,1.016,4.4,Negative,Trace,Negative,Negative,Negative,Normal,Negative,11-12,0,16-13,Nil,Few,Fungal elements,8,4.6,35.2,83.9,17,22,13.7,45,5801,30,21,3,6,10.8,8.3,1.55,0.28,0.48,0.08,302,6.1,13,0.21,34.8,4.1,0.18,0.4,4.73,168,28,36.7,36.2,181,121,6,1.31,0.76,0.7,0,0.7,109,23,20,11,8,4.3,3.7,1.16,1.2,13.7,6.3979,5.33,145,5,108,2.1,115.57,128,318,446,28.7,6.3,134.11,0.2,11.7,41.8,27.99,8.2,3,223,9.4,0.07,147,122,93,141
265778,MZLGI14BRC,462697,28/08/2018,09:28,10:50,Red,Slightly cloudy,1.019,5.7,Negative,Trace,Negative,Negative,Negative,Normal,Negative,13-14,17,5-13,Nil,Rare,NIL,11.4,5.7,51.5,81.4,20,22,14.2,38.5,27685,59,36,6,20,0,7.77,3.35,0.58,0.14,0,103,9.5,17,0.24,16.8,4.7,0.59,0.08,2.63,155,49,92.5,17.8,89,145,3.2,1.89,0.53,0.7,0.1,0.6,74,28,25,23,6.3,4,2.3,1.74,0.9,10.1,4.7167,5.24,145,2,100,4.6,102.06,41,186,227,18.06,8.7,202.99,0.7,24.6,157.5,15.62,6.5,4.9,363,3.8,0.06,84,94,73,126
349835,GYAHD12JHJ,583105,25/08/2018,11:33,12:23,Yellow,Clear,1.012,6.5,Trace,Trace,Negative,Negative,Negative,Normal,Negative,6-7,2,2-2,Nil,Nil,Parasites,10.5,7.3,34.8,75.6,14,30,14,41.9,4047,58,38,9,5,0,2.68,0.73,0.73,0.25,0.04,388,7.6,11,0.24,28,2.9,1.28,0.1,0.04,123,31,81.1,32.7,163.5,218,4,2.62,0.38,0.5,0.2,0.3,82,34,39,24,6.3,4.4,1.9,2.32,0.7,11.4,5.3238,7.61,131,3.1,114,5.4,111.08,67,144,211,31.75,5.9,122.63,0.2,16,93.1,17.19,9.7,3.8,141,15.2,3.33,129,117,122,125
412998,PBCHD14RJU,565394,25/08/2018,06:46,07:32,Dark Yellow,Hazy,1.032,6.3,Trace,Trace,Negative,Negative,Negative,Normal,Negative,38-43,0,1-2,Few,Nil,Fat droplets or lipiduria,4.6,5.8,42.1,94.4,7,10,14.4,42.8,7306,57,15,4,2,0.9,3.6,2.95,0.29,0.3,0.11,376,8.3,16,0.07,28.1,0.1,0.25,0.39,0.01,152,41,119.1,52.4,262,160,3.7,2.9,0.34,0.6,0.2,0.4,117,9,8,48,6.2,4.2,2,2.1,0.6,12.1,5.6507,9.42,109,1.7,99,8,110.09,172,200,372,46.24,11.4,280.48,0.8,570.2,198,287.98,11.4,5.1,65,20,0.58,78,158,79,105
806590,KLTRS15WBD,418690,26/08/2018,09:28,10:13,Light Yellow,Slightly cloudy,1.022,4.8,Negative,Trace,Negative,Negative,Negative,Normal,Negative,7-8,0,17-7,Nil,Nil,Artifacts,12.1,7.5,29.3,70.4,16,41,13.8,45,10579,45,32,17,8,0,3.71,2.14,0.32,0.31,0.01,222,7.9,12,0.17,12.3,6,1.07,4.41,4.29,159,41,81.6,67.3,336.5,137,3.9,1.99,0.5,1.1,0.5,0.6,85,18,31,22,7.4,3.6,3.8,0.95,1.1,18,8.406,7.64,128,4.3,83,3.6,104.2,111,354,465,23.87,5.9,122.63,0.6,20.9,95.9,21.79,9.3,3.9,167,11,8.8,90,80,133,222
961104,GYAHD08KLM,560720,25/08/2018,07:31,08:33,Pale Yellow,Slightly cloudy,1.019,7,1+,Trace,Negative,Negative,Negative,Normal,Negative,9-11,1,3-2,Nil,Nil,NIL,12,4.3,54.7,88.7,27,21,14.4,41.7,8321,69,18,1,17,0,3.89,1.27,0.55,0.05,0.09,129,16.2,12,0.45,30.2,0.4,0.21,0.05,0.09,225,49,98.1,9.8,49,126,4.6,2,0.5,0.6,0,0.6,48,15,20,15,6.2,4,2.2,1.82,1.1,7,3.269,2.97,121,3.6,96,3.1,118,155,351,506,30.63,6.1,128.37,0.6,20.4,39.7,51.39,8.3,2.3,188,15.1,2.16,142,255,111,67
919452,MZLGI09APK,860889,24/08/2018,07:47,08:55,Light Yellow,Milky,1.015,5.5,Negative,Negative,Negative,Negative,1+,Normal,Negative,11-12,1,1-3,Nil,Nil,NIL,14,5.4,56.1,98,25,24,12.4,44.5,9381,74,50,4,4,0,10.19,2.48,0.86,0.61,0.02,142,12.1,16,0.31,12.9,0.7,0.07,6.09,0.34,154,29,119,18.9,94.5,124,5.3,4.1,0.24,7.9,3.9,4,88,49,14,27,6.4,4.7,1.7,2.76,0.6,11.2,5.2304,8.72,90,4.5,98,7,107.65,126,327,453,27.81,5.7,116.89,0.4,23.4,147.9,15.82,9.7,2.4,88,13.1,2.81,70,91,99,87
838977,PBCHD14CGD,859914,27/08/2018,06:36,07:54,Pale Yellow,Slightly cloudy,1.023,4.1,Trace,Negative,Negative,Negative,Negative,Normal,Negative,6-7,1,3-2,Few,Rare,Amorphous debris,12.3,5.4,35.5,89.9,22,34,14.6,48.3,3175,23,22,1,8,0,1.29,2.15,0.64,0.33,0.02,399,10.3,13,0.26,28.5,4.9,0.07,0.07,0.32,186,68,100.8,29.4,147,69,2.7,1.48,0.67,0.8,0.2,0.6,85,13,39,37,7.9,4.3,3.6,1.19,1.1,8.6,4.0162,3.65,126,3.4,96,6.2,113.39,150,343,493,30.43,5.8,119.76,23.2,17.7,23.6,75,9.9,4,150,6.6,3.22,80,82,101,112
228310,KLTRS03MLT,169088,26/08/2018,08:29,09:52,Light Yellow,Cloudy,1.015,5.1,Negative,Trace,Negative,Negative,Negative,Normal,Negative,7-9,1,3-4,Nil,Nil,NIL,17.1,4.6,34.2,58.5,37,50,14.4,42.8,12991,44,27,3,6,0,22.8,2.82,0.17,0.66,0.19,117,8.7,10,0.37,25.9,3.8,0.29,0.02,0.31,154,56,103.4,18.1,90.5,91,2.8,1.85,0.54,0.6,0,0.6,68,13,32,14,8,5,3,1.67,1,9.5,4.4365,4.44,145,3.5,104,1.5,94.81,153,178,331,46.22,5.9,122.63,0.6,14,61.9,22.62,9,4.1,168,9.7,2.96,94,66,119,199
407248,KLTRS06ODB,708802,24/08/2018,08:25,09:21,Light Yellow,Slightly cloudy,1.016,6.6,Trace,2+,Negative,Negative,Negative,Normal,Negative,39-44,0,2-2,Few,Nil,NIL,7.4,4.3,52.2,76.2,17,14,13.2,39.5,8871,50,30,7,10,0,19.29,1.96,1.15,0.36,0.15,1158,10.3,17,0.27,18.9,0.8,0.24,0.09,0.35,258,77,83.9,34.7,173.5,75,3.4,1.09,0.92,1,0.3,0.7,84,40,35,28,7.2,4.3,2.9,1.48,0.9,39.7,18.5399,20.6,98,3.7,106,2.1,116.54,167,129,296,56.42,6.3,134.11,0.6,258.1,73.1,353.08,7.5,4.5,230,18.4,3.3,79,151,71,242
182969,GYAHD09ODK,921403,24/08/2018,06:01,06:42,Green,Hazy,1.01,6.7,1+,Negative,Negative,Negative,Negative,Normal,Negative,12-13,1,1-2,Nil,Nil,NIL,17.6,4.4,52.9,91.3,40,33,9.3,43.5,6300,45,34,3,8,0,3.19,3.16,0.91,0.33,0.02,812,11.5,15,0.1,23.2,2.4,0.1,1.61,0.39,193,30,91.9,37.9,189.5,193,6.4,3.06,0.33,0.7,0,0.7,46,3,31,23,8.2,3.6,4.6,0.78,0.9,17.2,8.0324,8.92,130,2.6,105,6.3,113.65,20,101,121,16.53,7.4,165.68,0.3,15.7,99.1,15.84,10,4.5,245,7.5,0.83,113,86,123,155
986429,PBCHD02GAM,482542,24/08/2018,09:38,10:09,Straw,Clear,1.017,6,Trace,Trace,Negative,Trace,Negative,Normal,Negative,1-3,51,2-2,Few,Moderate,Yeast cells,16.8,5.9,31.6,79.2,28,53,12.9,44.9,7410,55,36,5,8,0,5.17,1.37,0.23,0.07,0.04,308,13.7,27,0.3,29.5,2.8,0.24,0.24,0,163,37,166.6,18,90,88,4.4,4.5,0.22,0.7,0.3,0.4,89,16,15,42,6.1,4.4,1.7,2.59,0.8,62.2,29.0474,36.31,133,2.8,104,5.1,98.81,73,158,231,31.6,6.1,128.37,0.4,17.2,101.9,16.88,9.9,3.4,169,5.2,0.86,107,99,71,92
567292,MZLGI08RJK,923729,28/08/2018,09:47,11:00,Light Yellow,Slightly cloudy,1.017,6.6,Negative,Trace,Trace,Negative,Negative,Normal,Negative,13-14,2,1-3,Nil,Nil,NIL,14.8,2.4,24.7,93,61,59,13.5,43.2,4375,32,17,23,6,0,4.58,2.05,0.57,0.17,0.19,109,8.5,11,0.43,42.3,3.9,0.37,0.12,0.04,205,30,79.3,26.5,132.5,75,6.8,2.64,0.38,0.7,0.3,0.4,43,39,25,20,6.4,4.9,1.5,3.27,0.7,5.9,2.7553,3.94,144,3.5,115,5.6,102.18,78,346,424,18.4,7,154.2,1.4,27.1,50.5,53.66,10.5,2.9,70,18.4,1.45,168,84,79,215
227829,MZLGI13MHP,852553,24/08/2018,10:11,11:16,Dark Yellow,Slightly cloudy,1.032,4.7,Negative,Negative,Negative,Negative,Negative,Normal,Negative,65-66,0,1-4,Rare,Nil,NIL,12.9,5,29,52,25,44,14.3,44.4,8045,49,18,6,5,0,1.15,5.94,0.3,0.44,0.1,333,11.4,17,0.31,16.2,5.9,0.13,0.25,0.79,176,50,90.1,36.6,183,110,3.5,1.8,0.55,0.6,0.1,0.5,105,84,15,46,7.6,4.3,3.3,1.3,0.6,18.5,8.6395,14.4,144,3.7,95,9.8,109,136,333,469,29,5.4,108.28,0.3,12.7,102.3,12.41,10,4.2,167,9,7.74,183,87,122,116
577169,GYAHD06JHJ,247027,27/08/2018,10:21,11:12,Light Yellow,Hazy,1.015,6.7,Trace,Trace,Negative,Negative,Negative,Normal,Negative,8-9,0,17-18,Nil,Nil,Yeast cells,14.2,4.1,51.5,85,34,27,12.4,45,7386,36,36,2,7,0,2.76,2.01,0.11,0.21,0.05,443,5.5,11,0.23,33.2,3.3,0.22,0.76,0.26,752,45,91.6,29.3,146.5,111,16.7,2.04,0.49,0.7,0.3,0.4,63,45,35,13,7,3.6,3.4,1.06,0.6,7.6,3.5492,5.92,148,3.5,95,5.6,74.83,107,228,335,31.94,6.4,136.98,0.9,11.5,143.5,8.01,8.8,4.5,192,8.8,3.09,121,91,72,169
862569,KLTRS12MLT,598373,28/08/2018,10:24,11:11,Pale Yellow,Hazy,1.019,4.7,Trace,Trace,Trace,Negative,Negative,Normal,Negative,5-6,2,1-2,Rare,Nil,NIL,13.4,5.7,30.2,55.3,23,44,11.8,39.7,54501,74,35,2,2,0,4.77,1.19,0.67,0.08,0.1,679,10.2,11,0.28,12.1,2.8,0.69,1.49,0.06,188,69,83,36.4,182,75,2.7,1.2,0.83,0.7,0.1,0.6,97,20,23,34,7.3,3.5,3.8,0.92,0.8,28.9,13.4963,16.87,144,3.6,101,6.5,91.66,183,241,424,43.16,7.3,162.81,4,18,128.4,14.02,9.3,3.7,177,20.2,1.63,78,95,95,73
980433,MZLGI09GJS,368339,24/08/2018,11:54,12:50,Light Yellow,Slightly cloudy,1.017,6.1,Negative,Trace,Negative,Negative,Trace,Normal,Positive,11-12,1,2-2,Nil,Rare,NIL,16.8,4.1,20.6,72.3,40,81,13.2,45.7,52207,70,46,2,6,0,4.51,3.2,0.21,0.57,0.01,147,13.1,13,0.07,20.2,2.3,0.28,0.22,0.12,156,67,156.8,8.3,41.5,146,2.3,2.34,0.43,0.5,0.2,0.3,74,34,19,20,6,3.9,2.1,1.86,1.2,16.5,7.7055,6.42,146,2.7,95,2.5,98.87,87,213,300,29,6.1,128.37,0,14.2,134.9,10.53,11.2,3.7,109,5.7,3.79,92,77,160,198
596373,KLTRS14KLP,138733,27/08/2018,11:29,12:24,Light Yellow,Slightly cloudy,1.028,6.7,Trace,Negative,Negative,Negative,2+,Normal,Positive,12-14,1,3-4,Nil,Nil,Artifacts,2.4,2.4,55.7,97,10,4,11.7,40.9,10800,56,47,4,2,0,1.2,2.73,0.36,0.32,0.02,191,12.5,17,0.05,29.3,4.5,4.47,0.19,0.25,199,75,122.5,27.7,138.5,89,2.7,1.63,0.61,0.9,0.2,0.7,48,44,16,28,8.3,4.8,3.5,1.37,0.7,16.9,7.8923,11.27,141,4.7,95,2.7,114.6,77,249,326,23.62,6,125.5,1,24.4,102.8,23.74,9.4,3.2,173,9.3,1.58,75,98,71,127
805706,KLTRS07MLT,136788,28/08/2018,06:28,07:24,Straw,Slightly cloudy,1.02,8.9,Negative,Trace,Negative,Negative,2+,Normal,Negative,12-14,0,2-2,Nil,Moderate,Amorphous debris,20.9,4.8,52.1,42,43,40,13.8,44.7,5402,59,43,5,8,0,1.34,1.73,0.75,0.44,0.02,37,10.5,12,0.57,29.8,2.5,3.52,1.75,0.02,200,40,84.4,23,115,142,5,2.11,0.47,0.8,0.1,0.7,111,27,38,29,8.1,4.6,3.5,1.31,1,11.2,5.2304,5.23,135,4.7,79,6.2,114.65,146,298,444,32.88,5.8,119.76,0.2,18.3,120.9,15.14,8.5,5,179,4.2,2.88,100,94,87,146
704383,PBCHD15CGD,241366,26/08/2018,11:48,13:02,Pale Yellow,Clear,1.015,6.8,Negative,Trace,Negative,Negative,Negative,3+,Negative,TNTC,2,15-8,Nil,Nil,NIL,18.9,4.5,39,80.1,42,48,14.2,43.9,7501,53,36,2,8,1.7,8.56,2.24,1.23,0.32,0.04,204,6.2,24,0.34,24.8,3.1,0.01,0.37,0.34,185,22,90.5,50.2,251,159,8.4,4.11,0.24,0.6,0,0.6,128,11,33,37,6.5,3.8,2.7,1.41,0.8,17.3,8.0791,10.1,148,4.5,105,2.3,103.42,60,151,211,28.44,8.6,200.12,0.8,22.2,115.5,19.22,10.3,4.7,326,13.1,1.03,90,72,94,95
697870,KLTRS10MLT,985550,27/08/2018,08:27,09:22,Green,Clear,1.011,4.8,Negative,1+,Negative,Negative,Negative,Normal,Negative,7-8,0,6-12,Nil,Nil,Artifacts,15.3,2.7,46.2,72.6,56,33,11.6,44.3,7980,50,55,1,7,0,20.62,1.31,0.21,0.24,0.1,362,10.8,20,0.34,37.2,4.6,0.24,0.02,0.38,152,56,59.8,14.8,74,132,2.7,1.07,0.94,0.6,0.1,0.5,104,33,30,19,7.3,4,3.3,1.21,0.6,7.6,3.5492,5.92,134,4.8,86,2.9,103.32,147,342,489,30.06,8.5,197.25,0.8,21.9,139.2,15.73,11.2,2.2,180,10.2,0.29,100,94,61,216
491695,GYAHD10ODK,170876,25/08/2018,08:10,08:56,Pale Yellow,Clear,1.023,4.9,Negative,Negative,Negative,Negative,Negative,Normal,Negative,8-10,0,3-3,Nil,Nil,NIL,13.7,6.5,60.4,96.5,21,22,14.5,43.5,4184,73,20,6,6,0,6.73,1.96,0.5,0.44,0.16,361,10.4,18,0.22,14.7,3.2,0.11,2.27,0.36,182,49,96.6,28.6,143,141,3.7,1.97,0.51,5.7,2.8,2.9,87,59,11,42,7.7,4,3.7,1.08,2.6,12.4,5.7908,2.23,138,3.6,104,2.4,109.87,71,345,416,17.07,7,154.2,0.2,14.8,76,19.47,10.5,4.5,50,6.2,3.5,81,75,76,177
590687,GYAHD08JHJ,402078,26/08/2018,08:43,10:05,Yellow,Clear,1.017,6.9,Negative,Negative,Negative,Negative,Negative,Normal,Negative,11-12,1,1-3,Nil,Nil,NIL,13.8,6.5,50.1,88.5,21,27,14.4,40.4,50446,54,50,3,3,0.9,0.32,1.96,0.1,0.47,0.06,707,12.4,18,0.34,15.7,1.3,0.4,0.12,0.55,237,33,75.5,57.2,286,65,7.2,2.29,0.44,0.4,0.1,0.3,54,29,10,34,8.4,3.5,4.9,0.71,1,5.3,2.4751,2.48,138,3.7,105,3.7,60.72,147,348,495,29.7,7.8,177.16,0.2,13,47.6,27.31,6.8,2.6,172,10.4,0.94,98,97,104,87
206179,MZLGI13BRC,314503,24/08/2018,09:03,09:51,Light Yellow,Slightly cloudy,1.029,4.8,Trace,Negative,1+,Negative,Negative,Normal,Negative,4-6,1,3-4,Nil,Rare,Fat droplets or lipiduria,13.7,4.9,40,77.5,27,34,13.5,39.4,7247,33,38,13,8,0,1.19,3.5,0.01,0.31,0.15,414,5.6,15,0.19,33.1,3.4,0.22,0.23,0.34,200,46,125,27.8,139,100,4.3,2.72,0.37,0.6,0.2,0.4,107,33,17,44,7.7,4.5,3.2,1.41,1,150.6,70.3302,70.33,146,4.7,95,3.2,62.75,113,354,467,24.2,5.9,122.63,0.1,26.3,170.4,15.43,11.8,3.4,184,5.1,1.9,98,181,101,71
101476,MZLGI06APK,248094,26/08/2018,08:13,08:49,Pale Yellow,Slightly cloudy,1.01,5.5,Negative,1+,Negative,Negative,Negative,Normal,Negative,4-6,0,2-4,Nil,Few,NIL,9.8,4.4,50.3,89.1,22,19,12.9,42.8,5684,51,21,1,4,11.1,13.17,4.69,0.28,0.65,0.01,240,11.8,17,0.36,36.3,4.6,0.05,0.11,0.09,154,41,50.2,31.4,157,73,3.8,1.22,0.82,0.8,0.2,0.6,104,43,30,16,6.5,4.5,2,2.25,0.8,8,3.736,4.67,137,4,98,5.1,97.09,117,259,376,31.12,5.9,122.63,0.3,16.8,134.8,12.46,9.5,4.9,182,10.4,1.49,133,72,89,168
326788,MZLGI02BRC,727355,24/08/2018,06:20,07:34,Straw,Slightly cloudy,1.017,4.9,Negative,Negative,Negative,Negative,Negative,Normal,Negative,84-86,1,2-4,Nil,Rare,Yeast cells,15.8,4.3,12.6,95.2,36,125,12,39.8,9552,29,40,5,2,0,1.69,1.86,0.64,0.04,0.05,274,5.8,12,0.07,17.6,1.7,0.02,3.08,0.35,103,43,87.6,91.3,456.5,106,2.4,2.04,0.49,0.7,0.3,0.4,113,42,36,38,5.9,3.9,2,1.95,1.2,10,4.67,3.89,124,4.3,97,6.5,92.05,164,180,344,47.67,9.3,220.21,0.1,18.9,65.4,28.9,11.5,1.8,84,9.3,0.08,82,94,91,75
339807,PBCHD02HPP,782035,27/08/2018,10:40,11:56,Light Yellow,Slightly cloudy,1.026,5,Trace,Negative,Negative,Negative,Negative,Normal,Negative,13-14,0,3-3,Nil,Nil,Fat droplets or lipiduria,13.6,5.1,19,74.3,26,71,13.4,44.1,5964,58,27,5,7,0,3.91,2.08,0.45,0.03,0.08,143,16.6,15,0.2,44.7,3.8,2.3,0.31,0.06,237,43,92.4,32.4,162,71,5.5,2.15,0.47,0.8,0.1,0.7,203,37,29,11,6,4.2,1.8,2.33,0.6,11.1,5.1837,8.64,145,4.4,97,3.5,117.58,137,308,445,30.79,10.6,257.52,0.3,12.8,127.5,10.04,13.3,4.1,76,12.2,0.52,192,124,97,184
883336,GYAHD02JHJ,149766,24/08/2018,09:46,10:17,Pale Yellow,Clear,1.179,6,Negative,1+,Negative,Negative,Negative,Normal,Negative,7-8,2,2-2,Nil,Few,Mucus threads,13.8,6.8,50.1,72.8,20,27,11.9,30.4,10236,32,36,2,2,8.9,3.77,2.63,1.32,0.43,0.09,71,8.5,14,0.39,29.8,0.5,0.12,0.05,0.03,190,47,153.4,9.4,47,201,4,3.26,0.31,0.5,0,0.5,47,55,27,19,6.1,4.8,1.3,3.69,0.7,17.5,8.1725,11.68,130,2.2,106,6.8,105.07,153,254,407,37.59,5.1,99.67,0.5,18.9,280.4,6.74,13.2,2.5,83,9.8,3.39,157,62,93,197
295849,MZLGI15GJS,689335,26/08/2018,10:15,11:12,Straw,Clear,1.016,5.7,Trace,Trace,Negative,Negative,Negative,Normal,Negative,5-7,2,3-3,Few,Nil,Parasites,9.8,5.1,57.4,86.4,19,17,11.6,35.9,8815,48,22,5,3,0,17.41,1.51,0.75,0.78,0.1,388,11,12,0.17,42.7,4.7,0.97,2.88,2.53,154,70,185.4,103,515,63,2.2,2.65,0.38,0.3,0,0.3,122,11,15,19,6.2,4.4,1.8,2.44,1.1,11.1,5.1837,4.71,126,4.3,102,10.2,101.87,92,185,277,33.21,6.2,131.24,1,26.8,127.3,21.05,11.5,4.4,40,15.5,2.81,81,120,107,199
454492,MZLGI07BRC,869562,26/08/2018,07:50,08:24,Straw,Hazy,1.03,6,Negative,Negative,Negative,Negative,1+,Normal,Negative,2-3,1,1-3,Nil,Nil,Mucus threads,10.9,5.1,35.8,92.4,21,30,13.5,41.4,14994,52,28,2,2,0,5.59,2.26,0.29,0.44,0.03,277,5.5,17,0.21,30.7,4.6,0.07,0.34,0.13,194,55,98,19.6,98,81,3.5,1.78,0.56,0.7,0.3,0.4,105,29,13,32,7.6,4.7,2.9,1.62,0.8,10.8,5.0436,6.3,142,4.6,104,4.7,94.36,102,93,195,52.31,5.3,105.41,0.2,16.6,358.2,4.63,9.9,4.4,130,19.8,3.56,83,60,87,189
129694,PBCHD12HPP,704200,27/08/2018,11:21,12:28,Light Yellow,Slightly cloudy,1.018,6.6,Trace,Negative,Negative,Negative,Negative,Normal,Negative,5-6,2,>20,Nil,Nil,NIL,9.4,5.3,51.4,84.3,17,18,12.4,39.9,7645,47,38,17,2,0,9.55,4.2,1.39,0.39,0.03,433,7.2,11,0.18,16.4,0.1,2.41,0.21,0.09,218,40,84.1,60.9,304.5,62,5.5,2.1,0.48,0.6,0,0.6,84,17,21,34,7.8,3.9,3.9,1,1.2,21.8,10.1806,8.48,141,4,104,5.7,114.52,73,185,258,28.29,5.7,116.89,0.9,16.2,88.9,18.22,8.7,1,102,6.3,3.56,97,73,82,80
509745,MZLGI06GJS,607457,28/08/2018,09:13,10:29,Pale Yellow,Clear,1.011,6.8,Negative,Trace,Negative,Negative,Negative,Normal,Negative,12-13,5,3-3,Nil,Nil,NIL,18.5,4.6,35.9,98.9,40,51,11.8,45.7,4786,37,39,4,6,0,4.31,2.98,0.55,0.41,0.13,429,11.4,10,0.26,14.1,2.9,3.05,3.26,0.8,171,58,96.4,62.7,313.5,109,2.9,1.66,0.6,0.4,0.1,0.3,69,10,13,26,6.9,4.4,2.5,1.76,1.1,7.5,3.5025,3.18,149,5.8,96,5.1,115.27,76,274,350,21.71,9.1,214.47,0.6,27.9,138.8,20.1,10.3,1.5,90,14,1.64,114,125,82,75
343123,PBCHD15MHS,678131,28/08/2018,10:41,11:25,Straw,Slightly cloudy,1.015,5.7,2+,2+,Trace,Negative,Negative,Normal,Negative,8-9,1,3-4,Nil,Few,NIL,12.7,4.2,50.3,48,30,25,14,41.5,7647,33,51,6,8,3.4,2.37,1.34,0.84,0.26,0.06,436,9.4,6,0.46,28.1,2.5,4.46,3.9,0.14,163,58,90.2,36.6,183,61,2.8,1.56,0.64,12.3,7.8,4.5,123,21,22,32,7.2,5.1,2.1,2.43,1.2,15.3,7.1451,5.95,149,3.8,108,6.5,38.02,84,246,330,25.45,7.5,168.55,0.3,16.5,68.6,24.05,9.4,4.5,285,11.8,8.52,122,111,118,192
324166,PBCHD02SKM,697724,28/08/2018,10:02,10:51,Green,Slightly cloudy,1.018,7,Negative,Negative,Negative,Negative,Negative,Normal,Negative,7-9,2,3-2,Nil,Nil,NIL,8.1,4.6,28.7,97.4,17,28,13.8,43.6,7078,54,20,3,1,0,7.72,1.67,0.52,0.59,0.1,150,10.8,10,0.22,31.5,2.5,0.53,0.19,0.24,218,46,78.4,22.8,114,129,4.7,1.7,0.59,0.7,0.3,0.4,63,24,40,29,8.2,4.7,3.5,1.34,0.8,17.2,8.0324,10.04,139,6.2,106,2.2,93.32,137,106,243,56.38,8.6,200.12,0.3,94.2,94.7,99.47,7.9,3.9,117,5.3,7.58,86,184,112,194
162743,PBCHD06PBM,841330,28/08/2018,09:16,10:22,Pale Yellow,Hazy,1.019,5.9,Negative,Trace,Negative,Negative,Negative,Normal,Negative,2-3,1,10-7,Rare,Nil,NIL,11.2,4.2,14.4,62.2,26,77,14.1,42.8,8613,44,33,5,0,0,1.46,2.96,0.35,0.11,0.04,222,8,16,0.35,12.7,0.1,2.72,0.29,0.27,173,44,95,14.3,71.5,114,3.9,2.16,0.46,0.8,0.2,0.6,66,37,29,25,6.3,5,1.3,3.85,0.6,18.4,8.5928,14.32,138,4.1,99,4.7,102.81,88,346,434,20.28,6.3,134.11,0.5,10.2,246.1,4.14,9.7,3.1,251,5.6,2.71,124,89,122,120
524928,PBCHD01CGD,784659,28/08/2018,11:32,12:48,Dark Yellow,Slightly cloudy,1.022,6.8,Trace,Negative,Negative,Negative,Negative,Normal,Negative,27-32,4,3-4,Nil,Moderate,NIL,17.9,4.5,52.7,99.6,39,33,13.9,44.6,9130,61,36,2,10,1.9,1.73,1.64,0.51,0.32,0.02,148,5.4,18,0.24,27.5,2.5,0.26,0.2,0.38,150,28,28,13,65,102,5.4,1,1,0.8,0.2,0.6,69,46,39,35,6.8,3.9,2.9,1.34,1.1,18.1,8.4527,7.68,141,2.7,104,4.1,97.34,148,126,274,54.01,6,125.5,0.1,28.4,105,27.05,10.5,2.4,109,11.5,12.74,84,91,77,151
543208,KLTRS10TSS,203721,25/08/2018,06:33,07:50,Yellow,Clear,1.013,6.6,Trace,Negative,Negative,Negative,Negative,Normal,Negative,7-9,0,3-4,Nil,Nil,NIL,13.2,6.3,35.2,84.7,20,37,13.5,45.3,36929,49,25,0,7,0,8.67,2.52,0.13,0.19,0.06,287,9.1,11,0.29,23.2,4.7,2.88,0.56,0.25,194,22,120.8,14.8,74,81,8.8,5.49,0.18,0.5,0.2,0.3,59,44,24,29,8.3,4.7,3.6,1.31,0.6,19.7,9.1999,15.33,120,3.3,106,11.5,111.44,58,235,293,19.8,7.1,157.07,0.6,20.5,118.8,17.26,8.8,3.1,166,10.1,8.47,191,113,71,284
681216,PBCHD07RJU,908718,24/08/2018,09:26,10:00,Light Yellow,Hazy,1.018,6.5,Trace,Trace,Negative,Negative,Negative,Normal,Negative,20-22,0,3-2,Nil,Nil,NIL,10.9,4.9,40.5,88.2,22,26,14.5,42.6,10801,57,32,3,2,0,5.82,1.9,0.94,0.27,0.07,218,11.4,15,0.18,27.9,3,0.09,6.77,0.21,157,77,84.8,23.5,117.5,125,2,1.1,0.91,0.4,0,0.4,48,54,16,20,7.2,4,3.2,1.25,1.1,11.6,5.4172,4.92,131,4.9,93,2.5,110.98,84,345,429,19.58,7.5,168.55,0.7,21.9,25.7,85.21,8.9,3.1,282,17.2,14.66,80,250,159,185
591383,KLTRS10TSS,744277,24/08/2018,10:08,11:28,Dark Yellow,Clear,1.01,6.2,1+,Negative,Negative,Negative,Negative,Normal,Negative,TNTC,2,2-3,Nil,Nil,NIL,8.8,4.9,55.2,90.8,17,15,12.9,42.2,28136,34,45,12,6,0,1.48,2.42,0.42,0.09,0.09,324,8.7,11,0.27,39,0.2,0.67,0.31,0.34,178,52,72.9,8.3,41.5,72,3.4,1.4,0.71,0.3,0.1,0.2,97,46,35,41,6.1,4.1,2,2.05,1,24.4,11.3948,11.39,141,4.3,112,6.5,110.74,87,146,233,37.34,5.8,119.76,0.2,17.5,83,21.08,9.2,4.8,106,10.3,1.79,290,100,245,102
281999,MZLGI09APK,856508,24/08/2018,11:45,12:55,Light Yellow,Hazy,1.018,6.3,1+,Negative,2+,Negative,Negative,Normal,Negative,8-9,1,3-2,Few,Nil,Yeast cells,19.1,5.6,24.3,71.9,34,78,12.7,40.9,4775,49,14,3,3,0,7.68,1.5,0.85,0.19,0,283,6.6,14,0.27,16.1,4.1,0.73,1.63,0.25,216,45,96.8,13.2,66,116,4.8,2.15,0.46,0.3,0,0.3,138,37,14,68,8.1,3.5,4.6,0.76,0.6,58.3,27.2261,45.38,143,5.5,95,2.1,118.96,78,235,313,24.92,6.1,128.37,0.2,725.8,163.9,442.83,9.4,2.9,335,14.6,3.27,119,106,64,80
489332,KLTRS09TSS,231803,27/08/2018,08:35,09:09,Straw,Clear,1.021,5.9,Negative,Negative,Negative,Negative,Negative,Normal,Negative,TNTC,1,1-2,Nil,Nil,Yeast cells,16.6,5.4,21.2,45.6,30,78,13.7,42.3,8744,52,27,6,2,0,9.72,2.61,0.77,0.16,0.06,430,14.7,16,0.13,13.2,0.4,4.74,0.24,0,107,41,108.2,33.5,167.5,126,2.6,2.64,0.38,15.9,11.4,4.5,58,13,36,32,6.6,4.7,1.9,2.47,0.6,14.7,6.8649,11.44,122,4,109,4.6,118.35,162,257,419,38.66,6.4,136.98,0.4,17.2,51.4,33.46,8.5,2.9,116,15.4,3.86,98,79,116,73
828189,MZLGI01BRC,461552,27/08/2018,07:24,08:16,Orange,Slightly cloudy,1.01,4.7,Trace,Trace,Negative,Negative,Negative,1+,Negative,TNTC,0,3-2,Nil,Nil,Fat droplets or lipiduria,16.2,4.4,53.3,71.4,36,30,12.2,41.2,4600,52,27,4,7,0,0.67,4.93,0.71,0.1,0.08,336,7.4,11,0.2,31,0.5,1.57,0.1,0.28,155,42,75.6,31.1,155.5,63,3.7,1.8,0.56,0.9,0.3,0.6,72,48,28,45,7.5,4.5,3,1.5,0.8,217.4,101.5258,126.91,137,4,105,4.1,98.55,151,131,282,53.55,7.2,159.94,1,26.3,61.4,42.83,7.7,2.6,149,3.6,5.8,96,85,82,179
907201,GYAHD07KLM,976708,27/08/2018,08:39,09:17,Straw,Clear,1.017,6.9,Negative,Negative,Negative,Trace,Negative,Normal,Negative,9-11,2,2-3,Few,Nil,Fat droplets or lipiduria,18.4,4.3,36,64.1,42,51,12.4,45.1,8845,41,49,1,8,0,1.12,1.61,0.43,0.18,0.21,339,10.7,10,0.38,28.7,2.5,0.15,0.14,1.54,182,20,89.9,75.2,376,92,9.1,4.5,0.22,0.9,0,0.9,65,48,25,14,6.4,4.3,2.1,2.05,1.1,8.6,4.0162,3.65,137,4.7,111,4.7,81.06,178,341,519,34.3,8.9,208.73,0.6,13.9,55.5,25.05,9.3,4.2,163,8,3.18,103,118,117,155
851495,KLTRS15TSS,489647,24/08/2018,08:18,09:07,Orange,Slightly cloudy,1.018,6.2,Negative,Negative,Negative,Negative,Negative,Normal,Negative,6-8,2,>20,Nil,Nil,NIL,6.1,4.3,24.1,45.9,14,25,16.8,39.5,6976,53,19,15,4,0,1.38,4.76,0.43,0.05,0.13,297,9.8,12,0.39,44.9,1.3,5.95,0.38,0.29,172,44,91.4,36.9,184.5,121,3.9,2.08,0.48,0.4,0.1,0.3,93,14,34,44,6.1,4.8,1.3,3.69,0.6,34.9,16.2983,27.16,135,4.5,97,5.4,100.91,123,360,483,25.47,8.7,202.99,0,17.9,40.6,44.09,10.3,4,156,14.8,12.42,74,97,90,180
665912,PBCHD05RJU,392684,26/08/2018,08:34,09:26,Pale Yellow,Hazy,1.018,6.3,Negative,Negative,Negative,Negative,Negative,Normal,Negative,1-2,1,1-2,Few,Nil,Artifacts,15.7,5.6,24.5,89.8,28,64,12.4,43.7,6604,32,15,2,7,1.5,19.09,0.73,0.35,0.03,0.1,105,7.9,19,0.23,27.8,4.5,0.27,0.29,0.18,106,32,77,5.2,26,124,3.3,2.41,0.42,0.2,0,0.2,128,18,36,15,6,3.7,2.3,1.61,0.6,17.6,8.2192,13.7,91,4.1,96,4.2,96.66,93,357,450,20.67,6.2,131.24,0.9,21.1,292.8,7.21,8.8,3.6,164,9,4.73,112,69,98,188
710136,KLTRS03KLP,780510,28/08/2018,10:00,10:44,Straw,Slightly cloudy,1.013,6.9,Negative,Negative,Negative,1+,Negative,2+,Negative,6-8,2,1-4,Nil,Nil,NIL,16.1,5.1,52.5,82.5,31,30,11.8,41.3,9490,61,26,2,2,0,22,1.79,0.06,0.06,0.03,289,11.7,14,0.33,23.2,4,0.36,0.11,0.24,170,21,81.7,22.7,113.5,80,8.1,3.89,0.26,6.1,3,3.1,67,50,22,29,7.7,4.7,3,1.57,1.1,6.7,3.1289,2.84,149,4.8,111,4.2,115.26,150,155,305,49.18,6.1,128.37,0.8,21.7,121.7,17.83,8.9,4.6,87,13.8,0.09,78,63,71,118
689221,KLTRS15ODB,712266,25/08/2018,07:22,08:03,Yellow,Clear,1.014,5.3,Negative,1+,1+,Negative,Negative,Normal,Negative,12-13,3,1-4,Nil,Nil,NIL,19.8,4.1,40.8,72.9,48,48,10.3,43.5,7654,56,24,10,6,0,6.01,1.06,0.58,0.57,0.02,178,11.2,20,0.28,41.4,4.1,0.3,4.46,0.35,227,62,172.9,19.4,97,165,3.7,2.79,0.36,0.7,0.3,0.4,43,48,31,30,8.1,4.1,4,1.03,0.9,5.9,2.7553,3.06,134,4,94,4.6,96.59,106,237,343,30.9,10.6,257.52,0.5,25.5,98,26.02,8.8,5,113,7.2,0.95,149,77,98,281
759388,GYAHD13JHJ,882182,27/08/2018,09:45,10:39,Light Yellow,Slightly cloudy,1.013,4.5,Trace,Negative,Negative,Negative,Negative,Normal,Negative,8-10,1,1-2,Nil,Rare,NIL,12.6,5.1,53.6,87.5,24,23,11.5,44.1,6789,59,31,10,5,4,2.4,4.88,0.18,0.4,0.18,237,12,13,0.11,16,3.5,0.25,4.11,0.03,154,53,162,58.4,292,205,2.9,3.06,0.33,0.9,0.2,0.7,74,11,26,23,7.5,3.7,3.8,0.97,0.7,19.3,9.0131,12.88,135,4.6,107,3,94.57,138,251,389,35.48,7.3,162.81,0.5,18.4,110.3,16.68,8.6,2.2,161,12.5,3.02,144,74,99,194
226443,PBCHD02RJU,958464,26/08/2018,07:01,07:48,Yellow,Hazy,1.019,6.7,1+,Trace,Negative,Negative,2+,Normal,Negative,2-3,2,1-4,Moderate,Nil,NIL,17.7,5.6,32.1,94.4,31,55,12.3,45.7,3600,58,37,2,19,0,0.79,2.55,0.54,0.46,0.16,441,7.7,20,0.33,28.3,0.1,0.3,0.48,0.11,150,44,114.4,9.1,45.5,220,3.4,2.6,0.38,0.7,0.1,0.6,43,20,27,36,7.7,4.4,3.3,1.33,0.9,19.6,9.1532,10.17,139,3.6,95,3.5,85.9,61,184,245,24.9,5.9,122.63,0.4,17.2,20,86,10.1,5.1,134,7.7,1.77,110,148,63,68
286200,KLTRS05KLP,222159,26/08/2018,11:48,12:35,Pale Yellow,Slightly cloudy,1.019,6.8,Negative,Trace,Negative,1+,Negative,Normal,Negative,3-5,1,1-3,Nil,Nil,Parasites,13.8,4.7,25.4,99.7,29,54,12.6,40.4,10563,33,27,6,2,0.3,4.3,1.29,0.3,0.51,0.04,290,14.1,23,0.25,46.2,0.1,0.2,0.39,0.37,105,49,95.9,61,305,220,2.1,1.96,0.51,1.1,0.2,0.9,85,27,21,20,6.4,4.8,1.6,3,0.9,18.2,8.4994,9.44,138,3.7,110,3.7,114.45,72,116,188,38.3,8.1,185.77,0,16.7,77.7,21.49,12.4,2.9,72,5.7,1.46,295,66,106,111
199627,KLTRS07KLP,615185,25/08/2018,09:46,10:49,Straw,Slightly cloudy,1.019,6.3,1+,Trace,Negative,Negative,1+,Normal,Negative,8-10,1,2-2,Nil,Few,Mucus threads,20.7,5.3,60.2,88.4,39,34,12.3,43.3,8145,47,47,1,12,0,18.16,0.94,0.16,0.68,0.14,290,9.9,14,0.31,12.4,3,0.04,0.19,0.91,217,26,79.3,5.3,26.5,72,8.3,3.05,0.33,0.7,0.3,0.4,107,26,39,46,7.9,3.5,4.4,0.8,0.7,8.7,4.0629,5.8,94,5.9,101,5.1,108.93,142,216,358,39.66,6.9,151.33,0.5,18.3,134.4,13.62,8.8,2.5,188,3.5,2.26,117,106,239,116
692464,PBCHD09PBP,752226,28/08/2018,07:49,08:32,Light Yellow,Clear,1.019,6.9,Trace,2+,Negative,Negative,Negative,Normal,Negative,34-36,2,1-4,Nil,Nil,NIL,12.5,4.6,51.1,75.3,27,24,13.9,46,6389,46,25,3,6,0,8.06,2.86,0.91,0.29,0.06,45,12,14,0.14,38.4,0.1,1.38,0.37,0.3,151,21,88.7,14.4,72,188,7.2,4.22,0.24,0.5,0.1,0.4,112,52,34,24,7.4,4.6,2.8,1.64,1,12.5,5.8375,5.84,140,5,97,4.5,94.29,108,105,213,50.7,6,125.5,0.1,13.3,128.9,10.32,11.3,4.6,66,5.7,9.42,117,74,79,432
494945,KLTRS09NLZ,890555,25/08/2018,11:56,12:34,Orange,Clear,1.016,4.7,Trace,Negative,Negative,Negative,Negative,Normal,Negative,39-44,5,1-2,Nil,Nil,Yeast cells,12.3,7.9,36,81.5,15,34,14.1,41.7,7721,63,18,5,9,0,0.74,7.17,0.77,0.23,0.18,37,9.6,22,0.33,25.9,2.3,0.2,0.11,0.03,164,39,118.5,19.3,96.5,164,4.2,3.04,0.33,0.7,0.3,0.4,54,45,11,9,7.7,4.3,3.4,1.26,0.6,15.4,7.1918,11.99,124,3,111,2,82.35,67,131,198,33.84,5.8,119.76,0.9,21.6,172,12.56,8.3,3.1,98,18.3,2.58,164,98,105,236
966160,KLTRS11TSS,347979,27/08/2018,10:49,12:05,Light Yellow,Clear,1.02,5.1,1+,Trace,Negative,Negative,Negative,Normal,Negative,1-3,2,>20,Nil,Nil,Fungal elements,9.2,4.3,60.3,82.3,21,15,11.6,39.6,2074,48,23,1,7,0.5,6.62,1.14,0.61,0.67,0.04,324,14.4,13,0.25,29.9,7.3,1.42,0.34,0.3,159,77,116.2,31.4,157,152,2.1,1.51,0.66,0.6,0,0.6,99,16,29,14,6.8,4.7,2.1,2.24,0.4,14.6,6.8182,17.05,129,4.8,101,6.4,108.02,51,300,351,14.53,5.8,119.76,0.6,10.5,98.9,10.62,12.4,4.2,75,11.8,2.56,107,87,107,102
751778,PBCHD08GAM,744993,26/08/2018,09:54,10:58,Pale Yellow,Clear,1.014,5.5,Negative,Trace,Negative,Negative,Negative,Normal,Negative,13-14,2,3-2,Nil,Nil,NIL,16.2,8.2,33.8,83.6,19,47,12.7,44,40817,45,20,2,4,0,1.37,1.63,0.32,0.37,0.04,70,11.6,17,0.27,18.6,3.1,3.71,0.07,3.77,193,49,79.7,34.4,172,65,3.9,1.63,0.61,1.5,0.3,1.2,85,19,19,14,6.8,3.5,3.3,1.06,1.1,76.9,35.9123,32.65,135,3,104,6,103.43,192,139,331,58.01,7.5,168.55,0.9,142,92.2,154.01,7.3,3.2,127,7.4,2.94,88,70,81,116
490687,PBCHD08GAM,710472,25/08/2018,07:21,08:43,Straw,Clear,1.015,4.5,Negative,Trace,Negative,Negative,Negative,Normal,Negative,3-4,1,2-3,Nil,Rare,NIL,21.2,5,47.4,73.1,42,44,12.8,44.4,10479,36,37,6,3,0,5.77,2.45,0.64,0.21,0.26,334,7.4,14,0.25,28.2,3,0.24,0.25,0.15,238,40,94.6,34.1,170.5,73,6,2.37,0.42,0.8,0.1,0.7,45,52,32,47,6.5,4.5,2,2.25,1,53.4,24.9378,24.94,136,3.5,102,3,117.63,168,354,522,32.18,5.6,114.02,0.9,27.8,113.7,24.45,9.6,3.1,192,8.4,9.3,70,124,79,192
170923,PBCHD01CGD,963256,24/08/2018,09:51,11:18,Pale Yellow,Clear,1.018,7,Negative,Negative,Negative,Negative,Negative,Normal,Negative,2-3,0,2-3,Rare,Nil,Amorphous debris,19.5,4.6,39.3,94.6,42,49,11.8,40.2,10153,45,28,6,8,0,4.65,1.01,0.29,0.12,0.1,404,7.1,14,0.33,28.5,3.6,0.1,0.63,0.89,150,46,45.2,52.9,264.5,138,3.3,0.98,1.02,0.6,0.2,0.4,73,13,36,20,6.5,3.6,2.9,1.24,0.7,19,8.873,12.68,135,2.9,81,9,117.5,186,219,405,45.93,5.7,116.89,0.8,17,142.4,11.94,10.8,5.6,78,10.6,3.85,97,106,217,122
950377,MZLGI07APK,463628,27/08/2018,06:55,07:47,Yellow,Milky,1.023,5.6,2+,Trace,Negative,1+,Negative,Normal,Negative,6-8,0,2-2,Few,Nil,NIL,7.7,7.4,52.5,57.5,10,14,12,42.3,8366,67,27,6,8,0,0.68,2.13,0.33,0.17,0.01,263,10.2,20,0.2,25.4,3.2,0.04,0.38,3.58,206,56,168.5,37.6,188,218,3.7,3.01,0.33,0.2,0,0.2,114,35,38,40,8.1,3.7,4.4,0.84,0.8,17.5,8.1725,10.22,141,2.9,104,5,115.67,197,218,415,47.47,5.9,122.63,0.7,11.9,60.6,19.64,9.4,5.5,86,10.7,3.9,79,91,89,150
304730,GYAHD13JHJ,987754,25/08/2018,10:11,11:00,Yellow,Clear,1.018,6.7,Negative,Negative,Negative,Negative,Negative,Normal,Negative,23-24,17,1-3,Rare,Nil,Fungal elements,10.9,6.7,37.3,79.5,16,29,11.9,42.6,6538,58,19,2,5,0,22.57,1,0.82,0.49,0.05,328,7.1,15,0.24,34.8,4.8,1.94,0.13,0.18,176,50,177.4,35.9,179.5,179,3.5,3.55,0.28,0.3,0,0.3,127,31,16,21,7,4,3,1.33,0.6,17,7.939,13.23,144,8.4,105,3.5,70.53,107,142,249,42.97,6.2,131.24,0.3,17.1,77.3,22.12,12.6,2.6,205,14.1,1.9,79,76,86,188
964497,KLTRS02TSS,222807,27/08/2018,11:35,12:41,Light Yellow,Clear,1.026,6.9,Trace,1+,Negative,1+,Negative,Normal,Negative,20-23,0,6-17,Nil,Rare,Amorphous debris,2.4,5.9,31.1,74,4,7,13,44.4,7074,21,51,2,0,0,1.63,1.41,0.1,0.48,0.05,411,6.7,13,0.18,15.5,0.4,0.1,0.43,0.9,195,51,67.8,19.5,97.5,100,3.8,1.33,0.75,0.6,0.1,0.5,122,33,33,17,7.2,4.7,2.5,1.88,1.1,46.1,21.5287,19.57,138,3.7,102,2.4,76.26,81,356,437,18.54,6.4,136.98,0.3,768.8,473.8,162.26,9.4,3.9,128,2.6,3.72,98,60,80,162
139278,MZLGI06APK,827332,26/08/2018,06:13,07:06,Light Yellow,Clear,1.011,5.1,Negative,Trace,Negative,Negative,Negative,Normal,Negative,TNTC,2,3-4,Nil,Nil,Fungal elements,17.5,5.7,37.3,60.6,30,46,13.3,45.5,6346,40,26,6,3,0,2.53,2.43,0.4,0.38,0.05,444,7.7,17,0.2,29.3,1.9,6.83,0.12,6.06,123,51,80.6,7.9,39.5,68,2.4,1.58,0.63,0.7,0.2,0.5,75,52,10,48,6,4.5,1.5,3,0.8,26.1,12.1887,15.24,142,4,103,5.9,114.91,93,371,464,20.04,7.3,162.81,0.3,18.2,90.6,20.09,10.2,5.8,187,12.3,2.71,194,75,97,109
150964,GYAHD07ODK,347040,27/08/2018,11:16,12:05,Light Yellow,Clear,1.024,4.9,4+,Negative,1+,Negative,Negative,Normal,Negative,5-7,5,12-19,Nil,Nil,Mucus threads,18.5,4.6,22.9,69.5,40,80,12.9,42.8,8099,44,21,2,2,0,2.28,1.83,0.4,0.63,0.02,233,10.9,16,0.59,31.2,4.9,0.17,0.21,0.11,208,41,131.9,12.2,61,151,5.1,3.22,0.31,0.5,0,0.5,124,31,37,46,7,4.8,2.2,2.18,0.6,9.3,4.3431,7.24,135,2.8,99,3.7,97.9,121,356,477,25.37,6.1,128.37,0.8,21,120.3,17.46,8.7,3.2,107,9.2,2.04,93,95,118,101
361085,GYAHD15KLM,136277,25/08/2018,08:40,09:55,Pale Yellow,Clear,1.024,4.6,Negative,Trace,Negative,Negative,Negative,Normal,Negative,13-14,2,2-4,Nil,Rare,NIL,10.9,6.3,61.7,80,17,17,13,40.3,10627,44,22,6,7,0,8.01,1.99,0.7,0.22,0.13,127,8.1,12,0.46,25.7,0.7,0.17,0.32,0.4,186,20,94.6,51.8,259,91,9.3,4.73,0.21,0.7,0.3,0.4,74,8,16,9,7,4,3,1.33,0.9,19.5,9.1065,10.12,98,5.5,105,5.1,83.96,70,319,389,17.99,6.1,128.37,0.7,12,85.8,13.99,9.8,4.1,218,7.7,3.42,118,99,76,429
812982,KLTRS04MLT,734305,27/08/2018,11:36,12:24,Pale Yellow,Slightly cloudy,1.015,4.9,Trace,Negative,Negative,2+,Negative,Normal,Negative,10-12,2,2-4,Nil,Nil,Parasites,11,4.4,46.4,89.3,25,23,13,39.7,8487,53,26,4,8,0,9.72,2.94,0.92,0.31,0.07,216,6.3,14,0.2,32,5.4,0.59,0.07,0.19,157,42,89.6,20.1,100.5,110,3.7,2.13,0.47,0.5,0,0.5,127,7,23,37,8.2,3.8,4.4,0.86,0.8,14.6,6.8182,8.52,144,4.6,104,5.9,58.51,76,227,303,25.08,7.9,180.03,0.5,16.7,144.8,11.53,10,5.5,151,4.1,8.12,87,93,72,64
636098,PBCHD13CGD,550940,28/08/2018,09:58,10:53,Light Yellow,Clear,1.018,6.9,2+,Negative,1+,Negative,Negative,Normal,Negative,6-8,1,3-2,Nil,Moderate,Artifacts,16.8,5,38.7,96.9,33,43,11.7,44.8,6285,20,37,5,7,0.1,0.03,1.84,0.59,0.05,0.06,191,8.7,13,0.6,45.4,6.2,0.15,0.25,2.74,154,60,85.3,28.2,141,79,2.6,1.42,0.7,4.3,0.3,4,49,9,14,15,8.1,4.7,3.4,1.38,1.1,8.8,4.1096,3.74,138,2.8,100,2.9,118.99,88,191,279,31.54,8,182.9,0.4,11,20.7,53.14,9.5,3.3,176,9.5,0.52,83,82,81,94
915304,KLTRS05WBD,280571,24/08/2018,08:03,08:50,Straw,Clear,1.016,6.8,Trace,Trace,Negative,Negative,Negative,Normal,Negative,1-3,1,1-3,Rare,Nil,NIL,15.9,5.4,59.9,53.2,29,26,14.4,46,5228,74,26,6,8,0,5.9,2.11,0.31,0.11,0.06,214,9.7,21,0.28,21.9,0.1,0.33,0.55,0.03,200,73,97.5,40.2,201,120,2.7,1.34,0.75,15.7,11.2,4.5,41,30,22,48,7.1,3.7,3.4,1.09,1.2,9.7,4.5299,3.77,142,4.4,108,6.5,94.39,126,347,473,26.64,5.7,116.89,0.4,22.7,434.8,5.22,11.5,2.8,160,16.7,2.48,94,65,86,122
198700,MZLGI11APK,621113,24/08/2018,10:33,11:17,Yellow,Clear,1.012,6.6,Negative,Negative,Negative,Negative,Negative,Normal,Negative,11-13,2,3-3,Nil,Nil,NIL,13.7,5,42.2,76.6,27,32,14.6,41.7,10326,60,48,6,0,0,6.52,2.39,1.23,0.4,0,428,8.3,12,0.21,40.5,4,0.16,0.04,0.06,167,40,96.8,38.6,193,81,4.2,2.42,0.41,0.5,0.2,0.3,115,39,12,36,6.4,4.4,2,2.2,1.2,19.1,8.9197,7.43,122,3.5,108,5.7,117.45,101,120,221,45.7,5.7,116.89,0.2,28.7,117.6,24.4,11.8,3.2,185,19.8,0.08,90,82,95,93
872070,PBCHD05CGD,307391,25/08/2018,07:51,09:02,Light Yellow,Hazy,1.013,6.5,Trace,Trace,Negative,Negative,Negative,Normal,Negative,10-11,3,2-3,Nil,Nil,Fat droplets or lipiduria,20.3,4,33.5,55.6,50,60,9.9,45.4,2667,51,25,2,2,5.5,1.12,1.33,1,0.1,0.08,407,13,7,0.21,22.6,6.7,0.99,3.77,0.26,155,25,51.9,17,85,201,6.2,2.08,0.48,0.5,0.2,0.3,128,25,52,47,7.2,3.8,3.4,1.12,1.1,10.5,4.9035,4.46,145,6,103,3.1,111.46,113,249,362,31.22,5.7,116.89,0.1,10.2,120.8,8.44,11.9,4.1,248,7.6,0.59,70,100,90,110
563541,PBCHD13RJU,431367,25/08/2018,08:34,09:56,Yellow,Opaque,1.013,6.2,Trace,1+,Negative,Negative,Trace,Normal,Negative,2-4,1,6-15,Nil,Nil,NIL,17.9,4.6,40.1,77.2,38,44,12.7,39.8,4327,41,21,6,7,0.7,6.41,1.01,0.49,0.64,0.08,389,7.2,16,0.39,12.8,3.5,1.72,0.75,0.28,135,51,102.3,34.8,174,93,2.6,2.01,0.5,0.4,0.1,0.3,52,3,34,38,7.2,4.2,3,1.4,1,12.1,5.6507,5.65,122,3.8,105,3.6,117.76,103,168,271,38.01,9.1,214.47,0.1,18.2,131,13.89,9,2.9,288,9.7,1.1,86,86,71,104
658587,MZLGI01MHP,392188,24/08/2018,06:21,07:27,Pale Yellow,Slightly cloudy,1.016,5.1,Trace,Negative,Negative,Negative,1+,Normal,Negative,1-2,0,2-3,Nil,Rare,Fungal elements,12,4.2,51.4,93.1,28,23,12,42.7,9217,51,47,10,7,0,5.59,2.29,0.38,0.32,0.02,413,8.4,14,0.33,23.5,1.4,0.29,0.3,0.28,137,30,37.8,38.6,193,89,4.6,1.26,0.79,0.9,0.3,0.6,104,53,14,37,7.5,4.3,3.2,1.34,0.6,21.2,9.9004,16.5,138,3,95,3.7,103.27,88,169,257,34.24,5.8,119.76,0.5,12.8,292.2,4.38,8.7,4.6,116,9.6,0.41,130,99,225,118
594563,MZLGI04BRC,522881,26/08/2018,06:14,06:58,Dark Yellow,Clear,1.021,6.6,Negative,Negative,Negative,Negative,Negative,Normal,Negative,3-4,25,10-14,Nil,Nil,Fungal elements,9.5,4.2,48.7,89.6,22,19,12,41.8,5234,41,40,3,2,0.7,7.86,1.65,0.45,0.26,0.02,193,8.1,10,0.29,17.9,2.9,0.04,0.09,4.36,196,40,66.8,34.3,171.5,178,4.9,1.67,0.6,0.3,0,0.3,56,9,32,35,6.1,4.4,1.7,2.59,0.3,19.1,8.9197,29.73,137,3.5,103,8.7,99.6,169,320,489,34.56,9,211.6,0.6,18.7,260.6,7.18,8.9,4.9,89,6.4,1.08,79,85,94,146
233154,KLTRS12ODB,689982,27/08/2018,09:16,10:33,Pale Yellow,Slightly cloudy,1.019,6.2,Trace,Trace,Negative,Negative,Negative,Normal,Negative,9-10,1,3-4,Nil,Nil,NIL,17.3,5.2,48,49.8,33,36,14,44.1,24209,75,24,10,6,0.4,9.15,2.67,1.09,0.62,0.01,202,5.1,19,0.1,13.1,0.4,0.36,0.37,0.55,174,34,58.8,36.3,181.5,130,5.1,1.73,0.58,0.4,0,0.4,80,19,24,10,7.6,4.7,2.9,1.62,0.8,16.5,7.7055,9.63,149,3.7,70,4.3,108.41,60,351,411,14.6,8.6,200.12,26.1,15,111.2,13.49,7.9,5.6,150,12.1,2.08,104,96,76,71
622372,GYAHD08KLM,957888,28/08/2018,11:59,12:34,Light Yellow,Cloudy,1.016,6.1,Negative,Trace,Negative,Negative,Negative,Normal,Negative,68-71,0,15-17,Nil,Few,Yeast cells,10.3,5.5,11.6,92.8,18,88,12.6,44.4,10457,30,39,1,7,0.2,22.15,1.4,0.81,0.24,0.15,665,7.1,17,0.28,38.8,0.5,0.47,0.34,0.14,215,43,82,68.5,342.5,148,5,1.91,0.52,0.6,0,0.6,80,45,19,30,6,4.4,1.6,2.75,1.1,8.3,3.8761,3.52,145,5.7,97,5.3,91.85,63,346,409,15.4,6.3,134.11,0.2,20.8,127.5,16.31,8,5.3,172,3.9,2.37,74,76,343,135
300610,PBCHD11CGD,883552,26/08/2018,07:33,08:35,Yellow,Hazy,1.017,6.7,Trace,Trace,Negative,Negative,Negative,Normal,Negative,11-13,16,1-4,Rare,Nil,NIL,16,3,12.6,92.8,53,126,12.3,41,4895,63,10,6,6,0,18.76,1.85,0.56,0.3,0.08,238,11.6,16,0.38,15.1,0.9,0.3,0.12,0.29,167,36,46.6,35.9,179.5,187,4.6,1.29,0.77,0.7,0.1,0.6,43,20,18,39,6.5,3.8,2.7,1.41,1.1,8,3.736,3.4,145,3.6,101,4.2,52.23,147,326,473,31.08,5.3,105.41,0.9,18,82.2,21.9,8.5,2.2,165,18.5,9.73,139,71,77,100
917043,PBCHD15SKM,921573,26/08/2018,10:35,11:19,Straw,Clear,1.017,6.5,Negative,Negative,Negative,Negative,Negative,Normal,Negative,5-7,1,1-4,Nil,Nil,Amorphous debris,13.8,4.8,53.9,88.1,28,25,13.9,42.8,7273,71,26,6,2,0,3.76,1.37,0.05,0.06,0.09,44,8.8,16,0.2,14.2,2,0.22,0.08,2.67,157,51,112.7,18.7,93.5,129,3.1,2.21,0.45,0.7,0.1,0.6,57,43,27,35,6.8,4.9,1.9,2.58,0.6,20,9.34,15.57,139,3.1,98,3.5,120.12,77,163,240,32.08,5.9,122.63,0.2,172.5,365.1,47.25,10.9,3.1,57,6.3,2.68,83,67,83,92
429927,KLTRS07KLP,713365,27/08/2018,07:34,08:50,Deep Amber,Clear,1.002,5.5,Trace,Trace,Negative,Negative,Negative,Normal,Negative,11-13,0,2-4,Nil,Nil,NIL,9.6,5.8,49.3,62.9,16,19,12.8,44.8,7286,68,55,1,4,0,1.45,0.89,0.74,0.62,0.03,316,11.8,14,0.53,17,6.6,0.38,0.19,5.48,176,40,115.9,14.1,70.5,160,4.4,2.9,0.35,0.7,0,0.7,41,7,39,42,6.6,4.5,2.1,2.14,1.4,11.9,5.5573,3.97,148,5.6,111,2,84.46,53,148,201,26.37,5.7,116.89,0.9,24.2,124.7,19.41,8.2,5.7,85,10.6,2.36,113,78,93,90
872696,KLTRS11WBD,872951,28/08/2018,07:29,08:01,Deep Amber,Slightly cloudy,1.015,6.5,Trace,Trace,Negative,Negative,Negative,Normal,Negative,9-11,0,1-4,Nil,Nil,Mucus threads,14.8,5.8,17.2,82.7,25,86,14.5,29.9,8814,75,35,10,8,0,1.47,1.31,0.81,0.04,0.03,30,12.2,11,0.44,33.3,4.5,0.19,0.1,1.61,194,39,112,38.7,193.5,93,5,2.87,0.35,0.2,0,0.2,74,31,37,26,8.2,3.1,5.1,0.61,1,19.2,8.9664,8.97,133,4.7,97,6.7,95.06,134,350,484,27.69,5.1,99.67,3.8,25,129.9,19.25,9.6,3.2,145,7.7,10.73,124,97,64,105
563909,KLTRS15KLP,205685,27/08/2018,10:39,11:58,Straw,Clear,1.014,6.5,2+,1+,Negative,Negative,Negative,Normal,Negative,2-3,2,7-19,Few,Nil,Amorphous debris,12.8,6.8,26.2,82.2,18,48,13.3,44.5,24541,50,23,3,3,0,3.13,1.8,0.23,0.19,0.05,266,17.9,15,0.19,33.6,2.1,0.85,0.31,0.99,202,55,89.7,16.5,82.5,127,3.7,1.63,0.61,0.7,0.3,0.4,114,31,12,12,7.3,4.8,2.5,1.92,1.1,16.8,7.8456,7.13,125,5.4,102,5.6,104.23,107,344,451,23.73,8.2,188.64,0.8,21.3,192,11.09,9,3.6,198,12.2,1.41,127,79,78,62
894238,PBCHD06PBM,518770,27/08/2018,10:52,12:15,Light Yellow,Clear,1.022,7,Negative,Trace,Negative,Negative,Negative,Normal,Negative,12-13,1,2-3,Nil,Nil,Fat droplets or lipiduria,13.3,5.9,38.6,77.8,22,34,13.4,42.2,31237,40,15,3,3,0,8.64,4.75,0.82,0.39,0.04,441,7.5,9,0.19,16,3.6,0.16,0.12,0.58,230,23,91.2,29.6,148,79,10,3.97,0.25,1.3,0.3,1,102,47,39,9,7.4,4.7,2.7,1.74,0.6,17.1,7.9857,13.31,139,2.6,107,4.2,116.36,96,230,326,29.45,5.8,119.76,0.4,24.7,211.3,11.69,8,5.1,177,9.9,2.68,77,114,88,83
731878,KLTRS15ODB,164101,26/08/2018,08:16,09:40,Pale Yellow,Hazy,1.014,6.9,Trace,1+,Negative,Negative,Negative,Normal,Negative,9-11,2,2-2,Nil,Nil,NIL,8.1,8.1,34,62.2,10,23,12,39.8,9463,49,30,4,7,0,1.8,1.02,0.6,0.04,0.07,242,9.8,12,0.13,36.8,3.3,0.13,0.19,0.5,213,43,102.3,10.8,54,156,5,2.38,0.42,0.5,0,0.5,85,48,11,45,7.1,3.8,3.3,1.15,0.9,9.8,4.5766,5.09,144,2.7,83,4.6,94,165,131,296,55.74,7.8,177.16,0.7,16.3,472.3,3.45,11.4,3,136,4.1,2.61,100,70,129,73
993119,MZLGI12GJS,296488,25/08/2018,11:33,12:33,Yellow,Hazy,1.011,4.7,Negative,1+,1+,Negative,Negative,2+,Negative,35-38,1,15-17,Nil,Nil,Fungal elements,8.7,4.4,49.6,79.3,19,17,13,25.6,10632,45,34,3,10,0,6.72,2.93,0.29,0.55,0.04,865,13.8,11,0.23,26.8,1.9,0.34,0.38,1.87,196,55,46.4,28.5,142.5,193,3.6,0.84,1.19,1,0.3,0.7,102,12,25,34,7.5,4.1,3.4,1.21,1.2,6.4,2.9888,2.49,141,4.9,97,2.6,105.34,178,90,268,66.42,6.4,136.98,0.2,21.2,120.5,17.59,8.7,2.6,96,8.4,2.32,70,184,85,114
477062,PBCHD10KLC,502538,25/08/2018,10:34,11:10,Straw,Clear,1.014,6.5,Negative,2+,Negative,Trace,1+,Normal,Negative,5-7,0,3-3,Nil,Few,NIL,16.3,5,57.8,91.6,32,28,13,44.7,5838,53,32,6,5,0,3.69,2.36,0.01,0.41,0.02,311,10.6,19,0.21,21.6,1,0.15,0.23,0.15,202,40,126.9,69.5,347.5,130,5.1,3.17,0.32,12.7,8.2,4.5,101,21,29,92,8.3,3.6,4.7,0.77,0.8,14.4,6.7248,8.41,139,6,108,8.7,40.41,67,293,360,18.61,6,125.5,0.2,25.2,215.1,11.72,8.6,3.7,140,17.1,3.48,84,90,64,184
565161,MZLGI08MHP,748222,26/08/2018,09:33,10:49,Light Yellow,Cloudy,1.017,6,1+,2+,Negative,Negative,Negative,Normal,Negative,13-15,3,1-3,Nil,Rare,Fat droplets or lipiduria,7.3,5.5,37.6,91.9,13,19,14.2,42.3,8697,74,34,1,4,0,2,1.47,0.52,0.02,0.02,285,7.8,16,0.24,31.3,0.6,0.81,0.33,0.09,211,49,100.9,14,70,132,4.3,2.06,0.49,0.6,0.1,0.5,39,49,11,38,6.9,3.5,3.4,1.03,1.2,13.5,6.3045,5.25,140,4.2,105,8.6,112.29,190,360,550,34.55,6.2,131.24,0.2,14.1,68.1,20.7,7.9,4,95,7,1.49,165,145,75,71
894190,KLTRS13WBD,429646,24/08/2018,11:09,11:41,Light Yellow,Clear,1.027,6.6,Negative,Trace,1+,Negative,Negative,Normal,Negative,1-2,0,3-2,Nil,Nil,NIL,17.7,5.1,34.3,86.7,34,51,13.4,43.2,24151,42,30,4,3,0,20.52,2.72,0.54,0.57,0.13,587,8.6,16,0.25,21.9,2.5,0.35,0.76,0.34,227,41,111,12.9,64.5,217,5.5,2.71,0.37,0.7,0.2,0.5,339,26,38,30,6.1,3.7,2.4,1.54,0.6,17,7.939,13.23,137,5.2,95,2,117,179,251,430,41.63,5.7,116.89,0.2,21.7,114.5,18.95,11.1,4.3,215,16.1,2.66,74,200,95,119
218850,PBCHD15NLM,553665,26/08/2018,07:08,08:34,Light Yellow,Clear,1.016,4.8,Negative,Trace,Negative,Negative,Negative,Normal,Negative,8-10,0,11-19,Few,Nil,NIL,21.4,4.8,35.1,75.6,44,60,12.2,39.6,6394,31,33,4,8,0,3.8,1.19,0.67,0.45,0.06,438,8,26,0.26,33.5,4.1,0.2,6.37,0.06,165,58,97.4,28.9,144.5,64,2.8,1.68,0.6,0.7,0.1,0.6,67,41,13,80,6,4.2,1.8,2.33,0.6,10.3,4.8101,8.02,143,2.7,96,2.9,119.05,146,120,266,54.89,6.2,131.24,0.5,26.2,108.8,24.08,9,4.8,122,14,1.23,79,73,115,287
603338,PBCHD11KLC,354482,24/08/2018,06:34,07:48,Light Yellow,Hazy,1.011,6.6,Trace,Trace,Negative,Negative,Negative,Normal,Negative,5-6,2,3-3,Nil,Nil,Parasites,17.1,5.5,53.7,51.6,31,31,14,40.5,6148,54,25,3,8,0,21.01,4.08,0.73,0.2,0.08,56,9.1,11,0.09,38.4,6.2,0.11,0.02,0.08,177,55,88.1,6.4,32,153,3.2,1.6,0.62,4.6,0.3,4.3,170,22,13,46,6.5,4.7,1.8,2.61,0.9,13.8,6.4446,7.16,136,3.7,108,4.5,96.72,62,172,234,26.5,5.7,116.89,0.2,13.1,108.7,12.05,11.2,2.8,180,6.1,0.009,75,62,64,98
920783,GYAHD12ODK,299701,24/08/2018,07:23,08:16,Yellow,Hazy,1.018,6.1,Negative,Negative,Negative,Negative,Negative,Normal,Negative,TNTC,0,1-4,Rare,Nil,Fat droplets or lipiduria,4.2,5.9,46.8,77.1,7,8,12.1,40.2,10513,59,45,3,2,0,11.29,1.85,0.79,0.17,0.02,393,11.8,11,0.32,19.7,0.4,0.1,0.27,0.09,171,47,78.5,37.5,187.5,67,3.6,1.67,0.6,0.8,0.1,0.7,118,52,38,11,6.2,4.7,1.5,3.13,0.7,17.8,8.3126,11.88,126,4.8,106,4.6,112.42,66,187,253,26.09,7.6,171.42,0.1,14.4,137.1,10.5,9.9,1.5,155,7.5,3.79,79,96,74,95
204267,PBCHD02PBM,375159,27/08/2018,07:04,07:53,Pale Yellow,Hazy,1.029,4.7,Trace,Negative,Negative,Negative,Negative,Normal,Negative,2-4,1,1-2,Nil,Nil,Amorphous debris,19.9,7.3,45.8,50.7,27,43,14.3,39.7,6063,35,20,2,3,0,4.91,2.47,0.89,0.47,0.01,117,8,12,0.29,18.5,1.7,0.25,0.63,0.52,200,76,85.2,21.1,105.5,129,2.6,1.12,0.89,0.5,0.2,0.3,81,42,16,39,8.2,4.6,3.6,1.28,0.6,35.4,16.5318,27.55,146,4.6,97,2.6,27.09,158,160,318,49.69,6.2,131.24,0.5,22.4,63.5,35.28,9.9,5.7,158,17.1,2.14,98,73,74,198
778160,PBCHD09PBP,903260,27/08/2018,10:01,11:25,Pale Yellow,Clear,1.013,6.6,Negative,Negative,Negative,Negative,1+,Normal,Negative,79-84,2,3-2,Nil,Nil,Fat droplets or lipiduria,17.6,4.1,32.5,44.8,42,54,13.5,39,8968,59,25,4,5,0,5.94,1.91,0.33,0.06,0.01,384,11.4,16,0.26,30.9,4.3,0.06,0.27,0.5,166,71,44.8,10.6,53,75,2.3,0.63,1.58,1.5,0,1.5,73,7,21,28,7.3,4.8,2.5,1.92,0.9,15.9,7.4253,8.25,136,3,113,2.4,110.05,82,264,346,23.7,8.6,200.12,0.8,18.6,80.5,23.11,7.8,6.9,292,6.7,1.2,190,97,74,88
468674,KLTRS12ODB,126677,27/08/2018,09:27,10:41,Yellow,Hazy,1.015,6.8,Negative,1+,Negative,Trace,Negative,Normal,Negative,12-13,2,1-4,Nil,Nil,Fat droplets or lipiduria,16.8,5.3,50.8,78.3,31,33,12.5,39.3,5174,48,24,2,6,0.1,3.74,7.69,0.44,0.39,0.02,204,7.4,16,0.22,14.7,3.4,4.4,0.19,0.12,169,37,119.1,15.9,79.5,181,4.6,3.22,0.31,0.6,0.1,0.5,125,9,26,26,7.5,4.4,3.1,1.42,0.8,16.2,7.5654,9.46,136,2.6,87,5.3,93.02,82,330,412,19.9,5.7,116.89,0.9,23.6,109.4,21.57,8.4,4.7,129,6.7,3.47,83,67,107,88
295307,KLTRS15KLP,818026,28/08/2018,07:51,08:27,Light Yellow,Slightly cloudy,1.022,5.8,Trace,2+,Negative,Negative,Negative,Normal,Negative,3-4,0,2-3,Nil,Few,NIL,16.4,5,53.3,93.2,32,30,12.6,43.2,8230,40,26,0,8,0.3,9.02,1.64,0.72,0.37,0.04,328,8.7,13,0.09,34.1,1.8,0.16,0.05,0.15,230,74,110.6,103.3,516.5,119,3.1,1.49,0.67,0.5,0.1,0.4,311,25,27,28,7.9,4.3,3.6,1.19,0.6,27,12.609,21.02,126,4.9,105,4.3,81.78,183,345,528,34.66,6,125.5,0.1,12,141.9,8.46,11.8,3.9,329,6.8,0.59,81,66,112,63
176293,GYAHD01ODK,832608,24/08/2018,07:03,07:40,Deep Amber,Clear,1.011,4.1,Negative,Trace,Negative,Negative,Negative,Normal,Negative,10-11,0,1-4,Rare,Nil,Fat droplets or lipiduria,17.5,5.2,45.1,58.5,33,38,12.7,40.2,8395,40,36,2,3,0,3.68,2.18,0.23,0.64,0.12,391,11.1,20,0.44,22,2,4.27,0.2,0.3,129,57,116.3,73.3,366.5,128,2.3,2.04,0.49,0.4,0,0.4,70,48,35,42,7.1,4.6,2.5,1.84,1.2,27.7,12.9359,10.78,145,2.9,97,3.3,99.34,129,271,400,32.25,5.9,122.63,0.4,17.2,143.1,12.02,8.8,3.9,69,18.2,2.15,86,98,73,105
392032,PBCHD15KLC,398119,26/08/2018,06:36,07:09,Pale Yellow,Slightly cloudy,1.027,5.1,Trace,Negative,Negative,Negative,Negative,Normal,Negative,TNTC,1,3-4,Rare,Nil,NIL,15.3,7.1,48.8,90.9,21,31,11.7,40.7,5853,60,28,6,5,0,7.22,2.24,0.45,0.29,0.02,261,7.4,11,0.37,15.5,3.2,0.48,0.14,0.24,221,40,113.6,87.8,439,169,5.5,2.84,0.35,0.3,0.1,0.2,104,38,34,35,8.1,4.8,3.3,1.45,0.9,11.4,5.3238,5.92,126,5.9,95,3.8,107.16,131,353,484,27.07,8.9,208.73,0.2,176.6,290.8,60.73,8.9,4.5,297,14.1,2.61,75,90,326,240
769221,KLTRS07MLT,589531,24/08/2018,08:09,08:41,Light Yellow,Clear,1.017,5.8,Negative,Trace,1+,Negative,Negative,Normal,Negative,11-13,1,3-2,Nil,Nil,Parasites,2.8,5.2,49.9,90.1,5,5,9.4,41.4,6532,70,20,3,11,0,3.63,2.35,0.99,0.37,0.08,335,8.9,16,0.08,25,3.8,0.19,0.27,4.36,202,24,45.7,83.2,416,71,8.4,1.9,0.53,0.2,0,0.2,100,15,14,11,8.2,4,4.2,0.95,1.2,16.8,7.8456,6.54,130,4.2,103,3.2,112.71,212,90,302,70.2,5.9,122.63,0.7,20.2,119.9,16.85,9.4,4.6,225,12.3,0.15,122,102,71,60
247986,GYAHD06KAU,922344,26/08/2018,10:44,11:18,Straw,Slightly cloudy,1.012,5.3,1+,1+,Negative,Negative,Negative,Normal,Negative,54-58,2,3-4,Rare,Nil,Fat droplets or lipiduria,13.3,4.8,41.6,80.3,27,31,14.1,42.7,5797,55,22,3,4,0,2.43,2.65,0.57,0.32,0.02,443,9.1,12,0.39,24.2,3.7,0.19,0.93,0.01,525,50,100.1,20.6,103,117,10.5,2,0.5,2.7,1.3,1.4,110,25,14,34,6.5,4.3,2.2,1.95,1.1,13.1,6.1177,5.56,149,5.4,95,4,67.71,70,344,414,16.91,6,125.5,1,15.7,95.5,16.44,9,3.9,161,10.5,3.21,165,83,104,105
113566,KLTRS12KLP,899221,28/08/2018,10:45,11:31,Orange,Clear,1.024,5.7,Negative,Negative,Negative,Negative,Negative,Normal,Negative,3-4,0,2-3,Nil,Nil,NIL,11.1,4.4,15.5,70.5,25,71,13.3,41.2,5793,55,25,1,7,0,22.84,1.76,0.47,0.24,0,147,10.9,11,0.61,33.1,2.7,3.36,2.62,0.03,208,44,108.4,8.8,44,187,4.7,2.46,0.41,0.4,0,0.4,66,49,19,42,6.1,3.8,2.3,1.65,1.2,42.8,19.9876,16.66,140,3.2,96,3.9,95.77,227,224,451,50.33,8.5,197.25,0.9,22.5,94.7,23.76,11.6,3.1,72,8.5,0.46,100,80,79,88
339062,PBCHD09NLM,227725,26/08/2018,06:07,06:49,Yellow,Hazy,1.011,6.7,Negative,Negative,Negative,Negative,Negative,Normal,Negative,1-2,2,3-3,Nil,Moderate,Amorphous debris,12.4,4.7,34.4,85.3,26,36,14.1,49.5,3864,68,28,4,5,0,0.14,1.51,0.31,0.42,0.36,897,8.2,16,0.22,24.3,0.4,0.32,0.14,0.33,213,51,71.6,33.8,169,195,4.2,1.4,0.71,0.9,0.4,0.5,77,29,32,34,6.4,4.3,2.1,2.05,1,7.3,3.4091,3.41,103,4.6,77,1.3,39.16,236,149,385,61.3,5.8,119.76,0.1,22.8,124.6,18.3,10.8,3.5,117,10.2,0.83,127,80,115,106
131746,GYAHD09JHJ,987700,25/08/2018,09:24,10:38,Light Yellow,Clear,1.028,5.5,Negative,Negative,Negative,Negative,Trace,Normal,Negative,2-4,0,12-14,Nil,Rare,NIL,18.8,6,20.4,79.1,31,92,14.3,40.9,6483,60,36,2,3,0,3.68,7.29,0.71,0.4,0.05,280,5.2,11,0.3,32.6,4.1,0.02,0.05,0.88,188,33,89.8,26.1,130.5,144,5.7,2.72,0.37,0.7,0.3,0.4,88,36,25,9,7.4,3.5,3.9,0.9,0.6,56.3,26.2921,43.82,138,5.9,102,3.8,90.98,86,260,346,24.86,5.6,114.02,0.3,12.7,121.7,10.44,9.6,5.2,170,11,3.29,158,77,64,112
556834,MZLGI09APK,656803,24/08/2018,08:45,09:27,Light Yellow,Slightly cloudy,1.013,5,Negative,Negative,Negative,Negative,Trace,Normal,Negative,9-10,2,3-4,Rare,Nil,NIL,17.2,5.2,38.5,81.5,33,44,14.2,41.8,4530,75,45,5,2,0,6.82,1.61,0.29,0.07,0.08,322,7,16,0.33,18.7,0.1,0.08,0.44,0.24,227,23,89.5,34.9,174.5,137,9.9,3.89,0.26,0.3,0.1,0.2,46,20,30,12,6.6,3.8,2.8,1.36,1,30.7,14.3369,14.34,147,4.8,97,2.3,107.87,134,93,227,59.03,6.5,139.85,0.7,15.6,122.2,12.77,8.6,2.7,125,6.8,1.16,83,97,118,267
363173,MZLGI05BRC,978633,25/08/2018,07:50,08:47,Pale Yellow,Hazy,1.028,6,Trace,Trace,Negative,Negative,Negative,Normal,Negative,3-5,0,15-14,Nil,Nil,NIL,20.3,5.4,45.6,86.2,37,44,12.5,42.1,7224,49,20,6,6,0,4.07,2.68,0.78,0.33,0.09,202,7.2,20,0.37,25.2,4.8,1.12,0.37,0.05,208,43,73.2,108.9,544.5,163,4.8,1.7,0.59,0.9,0.4,0.5,107,40,15,26,8.1,4.3,3.8,1.13,0.8,18.1,8.4527,10.57,140,3.1,104,6.2,92.43,147,260,407,36.12,6,125.5,0.4,28.9,84.1,34.36,10.3,4.1,282,8.5,6.99,226,156,121,122
433688,PBCHD15PBM,798550,24/08/2018,06:42,07:57,Yellow,Slightly cloudy,1.006,6.7,Trace,Negative,Negative,Negative,Negative,Normal,Negative,8-10,2,2-3,Nil,Nil,Mucus threads,2.3,6.9,30.9,50.9,3,7,14.3,32.9,6033,51,38,6,8,0,7.65,1.07,0.37,0.12,0.11,421,8.9,11,0.32,48.4,2.8,0.03,0.01,0.09,193,80,87.9,34.9,174.5,141,2.4,1.1,0.91,0.5,0.2,0.3,85,14,30,6,7.4,5,2.4,2.08,1.9,18.1,8.4527,4.45,125,5,97,6.9,91.41,155,351,506,30.63,5.9,122.63,0.4,27.9,128.8,21.66,9.6,3.9,264,19.2,6.69,179,164,78,153
458319,MZLGI03APK,313506,26/08/2018,09:50,11:12,Dark Yellow,Slightly cloudy,1.026,6.8,Negative,Trace,Negative,Trace,Negative,Normal,Negative,8-9,2,10-18,Nil,Nil,Fungal elements,18.2,4.3,38.5,96.7,42,47,12.6,44.8,5006,54,22,4,5,0,2.04,2.15,0.77,0.07,0.01,163,8.2,13,0.21,25.1,4.1,0.17,0.35,0.47,173,28,86.4,21.6,108,131,6.2,3.09,0.32,0.8,0.2,0.6,110,4,16,11,6.6,4.7,1.9,2.47,1.2,18.1,8.4527,7.04,128,3.5,114,4.5,104.65,96,360,456,21.05,5.5,111.15,0.4,21.5,65.7,32.72,9.1,2.9,279,4,1.78,88,109,88,147
406097,PBCHD07PBM,859428,26/08/2018,11:11,12:37,Orange,Slightly cloudy,1.004,4.6,Negative,Trace,Negative,Negative,Negative,Normal,Negative,8-10,2,6-18,Nil,Nil,NIL,10.3,5.1,53.4,49.1,20,19,11.5,43.8,4678,61,44,6,3,0,3.31,3.72,0.78,0.19,0.05,299,11.8,25,0.24,31,1.1,0,0.27,0.2,191,58,48.8,14.2,71,107,3.3,0.84,1.19,0.4,0,0.4,100,28,12,32,6.3,4.3,2,2.15,1,17.8,8.3126,8.31,138,5.6,110,2.3,91.77,164,187,351,46.72,8.7,202.99,0,17.5,25.1,69.72,11,5,101,15.2,1.69,99,93,76,123
287197,GYAHD03KLM,862372,28/08/2018,11:11,12:05,Straw,Slightly cloudy,1.012,6.7,Trace,Trace,Negative,Negative,Negative,Normal,Negative,3-4,1,3-4,Rare,Nil,NIL,10.4,5.2,41.9,89.2,20,24,14.1,40.3,6641,42,47,5,11,0,7.03,5.7,0.59,0.08,0.06,142,9.1,17,0.27,22.3,3.9,4.93,0.02,0.12,118,54,59.4,25.2,126,89,2.2,1.1,0.91,0.5,0.1,0.4,129,30,16,10,7.8,4.9,2.9,1.69,1.1,22,10.274,9.34,138,5.1,98,4.2,105.75,148,189,337,43.92,6.1,128.37,0.3,11,112,9.82,10.6,5.7,123,2.3,0.72,115,101,107,134
377354,PBCHD06RJU,368252,24/08/2018,11:52,12:26,Light Yellow,Slightly cloudy,1.017,4.8,Negative,Negative,Negative,Negative,Negative,Normal,Negative,4-5,2,2-3,Nil,Nil,NIL,8.9,4.3,26.4,83.5,20,33,13.5,34.7,5934,54,37,2,8,0,0.91,2.86,0.59,0.31,0.09,376,7.1,11,0.25,14.2,3.8,0.95,3.66,0.8,170,57,52.5,36.7,183.5,117,3,0.92,1.09,0.7,0.3,0.4,99,16,22,41,8.1,4.9,3.2,1.53,1.1,22.8,10.6476,9.68,144,3.2,108,8.9,48.97,128,234,362,35.36,5.1,99.67,1,26.6,140.2,18.97,10.4,4,115,9.3,0.32,142,74,85,167
445948,MZLGI06BRC,500564,24/08/2018,09:22,10:23,Light Yellow,Clear,1.016,6.6,Negative,Trace,Negative,Negative,Negative,Normal,Negative,3-5,2,3-4,Rare,Nil,Fungal elements,15.8,4.6,40.9,83.9,34,38,11.8,42.4,10871,49,21,6,4,0.6,9.69,1.32,0.78,0.16,0.07,113,7.7,11,0.61,27.6,6.3,0.37,0.12,0.31,200,40,99.2,49.2,246,206,5,2.48,0.4,0.8,0.3,0.5,100,20,22,46,7.4,4.1,3.3,1.24,1.1,35.1,16.3917,14.9,120,4,102,5,111.22,108,149,257,42.02,6.2,131.24,0.2,13.5,54.9,24.59,9.3,3.5,101,17.2,3.08,80,96,68,163
486088,GYAHD10KAU,731357,24/08/2018,09:39,10:10,Pale Yellow,Clear,1.013,4.7,Negative,Trace,Negative,Negative,1+,Normal,Negative,10-11,1,13-14,Nil,Nil,Fungal elements,10.2,5.9,29.8,93.1,17,34,14.2,41.9,4689,26,26,9,7,0,5.8,2.87,0.62,0.57,0.06,42,10.3,17,0.23,17,1.4,0.65,2.91,0.07,156,47,70.4,26.3,131.5,206,3.3,1.5,0.67,0.5,0.2,0.3,129,24,15,35,6.9,5,1.9,2.63,0.9,5.5,2.5685,2.85,137,3.7,109,1.6,109.68,100,294,394,25.38,5.8,119.76,0.9,28.6,113.1,25.29,11.5,3,190,4.8,7.06,80,86,87,103
831231,PBCHD11MHS,337937,28/08/2018,07:42,08:21,Yellow,Slightly cloudy,1.012,4.8,Negative,3+,Negative,Negative,Negative,Normal,Negative,77-78,0,2-3,Nil,Few,NIL,9.3,4.6,47.3,85.3,20,19,13.3,44.6,44514,47,15,4,4,11.5,6.61,2.51,0.57,0.48,0.04,246,9,17,0.36,25.9,0.1,4.76,0.08,0.12,170,77,138.3,43.9,219.5,94,2.2,1.8,0.56,0.6,0.1,0.5,109,19,38,23,7.2,5,2.2,2.27,1.2,91.2,42.5904,35.49,137,4.6,97,4.2,72.19,129,117,246,52.44,5.9,122.63,0.7,27.6,267.2,10.33,10.5,5.5,89,10.8,0.22,83,79,94,100
809802,MZLGI10RJK,591685,25/08/2018,06:38,07:44,Yellow,Slightly cloudy,1.024,6.9,Negative,Negative,Negative,Negative,Negative,Normal,Negative,2-3,1,3-4,Nil,Nil,Artifacts,19.4,6.4,21,77.1,30,92,13.7,44,10672,38,11,22,3,2.3,1.1,1.95,0.78,0.1,0.06,414,9.6,19,0.25,41.4,0.2,0.17,0.49,0.38,163,51,45.5,21.7,108.5,153,3.2,0.89,1.12,0.9,0.2,0.7,129,36,25,18,6.2,4.7,1.5,3.13,0.5,37.7,17.6059,35.21,136,4.8,99,4.9,109.05,56,275,331,16.92,5.9,122.63,0.2,13.4,73.5,18.23,8.7,2.1,205,8.1,8.14,122,76,112,102
653558,GYAHD04JHJ,541506,27/08/2018,08:26,09:28,Yellow,Clear,1.019,4.8,Negative,Negative,Negative,Negative,Negative,Normal,Negative,48-49,0,2-3,Nil,Rare,Parasites,13.1,5.2,47.6,40.9,25,27,14.5,40.5,9570,61,21,6,12,0,9.54,7.81,0.91,0.23,0.06,1108,7.3,16,0.42,38.1,2.7,0.03,0.37,0.75,240,25,86,8,40,116,9.6,3.44,0.29,0.2,0,0.2,60,40,15,40,6.8,4.8,2,2.4,0.8,25,11.675,14.59,139,5.5,104,4,117.35,80,126,206,38.83,8.8,205.86,0.2,26.2,127.9,20.48,8.8,2.8,111,21.6,2.97,74,102,103,180
316775,MZLGI05GJS,861244,25/08/2018,11:41,12:32,Pale Yellow,Hazy,1.015,5.9,Negative,Trace,Negative,Trace,Negative,Normal,Negative,4-6,0,2-3,Nil,Nil,Fat droplets or lipiduria,12,5.9,44.7,56.4,20,26,12.4,42,48755,50,22,4,4,0.8,5.79,0.02,0.38,0.01,0.02,130,7.1,18,0.24,33.5,1.3,0.07,0.33,0.2,193,40,91.6,19.8,99,70,4.8,2.29,0.44,0.7,0.3,0.4,44,30,17,46,6.7,3.5,3.2,1.09,1.1,16.4,7.6588,6.96,132,3.6,98,4.1,106.39,28,150,178,15.73,6.3,134.11,0.3,16.2,23.6,68.64,9,4.1,90,3.5,3.35,127,107,242,112
240786,GYAHD09JHJ,201815,25/08/2018,11:17,12:45,Yellow,Clear,1.015,6.5,Negative,Trace,Negative,Negative,Negative,Normal,Negative,4-5,1,3-3,Nil,Few,NIL,15.6,4,59.3,98.3,39,26,13.7,45.8,5260,48,53,2,8,0,5.35,1.46,0.36,0.11,0.03,95,9.9,20,0.35,41.6,7.4,0.09,0.03,0.1,111,52,89.8,15.7,78.5,150,2.1,1.73,0.58,0.7,0.2,0.5,80,21,38,12,6.1,4.5,1.6,2.81,0.6,19.6,9.1532,15.26,141,3.3,114,2.6,107.03,128,116,244,52.46,9,211.6,0.1,25.4,31.7,80.13,8.8,2.9,161,3.2,0.47,124,78,75,120
248160,PBCHD10PBP,355109,27/08/2018,07:31,08:11,Pink,Clear,1.012,5.1,Negative,Trace,Negative,Negative,Negative,Normal,Negative,9-11,5,3-4,Nil,Nil,Amorphous debris,12.6,5.8,43.2,71.2,21,29,13,44.4,5803,76,39,3,5,0,6.99,2.01,0.64,0.18,0.06,249,11.5,30,0.15,47.4,5,0.19,0.25,0.22,237,55,103.4,34,170,107,4.3,1.88,0.53,0.8,0.3,0.5,89,32,12,30,6.3,4.4,1.9,2.32,0.9,29.8,13.9166,15.46,137,4.7,109,4.3,100.65,209,283,492,42.48,5.8,119.76,0.5,14.6,327.1,4.46,7.8,4,194,6.9,3.5,87,188,331,168
700968,GYAHD09KLM,858347,25/08/2018,07:34,08:40,Light Yellow,Slightly cloudy,1.023,6.9,Negative,Trace,Negative,Negative,Negative,Normal,Negative,10-12,1,8-19,Nil,Nil,Artifacts,8,4.7,61,72.5,17,13,11.9,44.9,4605,33,15,11,18,0,0.83,1.16,0.67,0.41,0.09,356,7,14,0.34,39.8,1.6,0.06,4.51,0.07,152,25,48.4,6.1,30.5,71,6.1,1.94,0.52,0.9,0.3,0.6,110,10,38,39,6.2,3.5,2.7,1.3,0.7,26.8,12.5156,17.88,143,3.3,97,6.7,119.92,61,114,175,34.86,6.1,128.37,1,14,173.6,8.06,13.2,3.5,297,19.2,5.4,95,67,76,201
910231,KLTRS15MLT,884467,25/08/2018,06:55,08:05,Straw,Slightly cloudy,1.025,5.9,Negative,Trace,Negative,Negative,Negative,Normal,Negative,7-9,2,3-3,Nil,Nil,NIL,9.6,4.2,59.9,70.3,22,16,14,41.2,7093,35,35,1,25,0.5,1.4,1.43,0.45,0.32,0.09,432,8.6,15,0.37,33.2,2.6,0.61,0.2,0.31,517,36,98.1,31.6,158,88,14.4,2.73,0.37,0.4,0,0.4,88,11,15,39,6.2,3.8,2.4,1.58,1.2,10.4,4.8568,4.05,139,3.7,108,4.2,92.58,159,151,310,51.29,6.2,131.24,0.4,14.3,417.1,3.43,10.4,3.5,79,11.6,1.7,71,71,75,98
326876,GYAHD14JHJ,294206,25/08/2018,08:43,09:51,Pale Yellow,Clear,1.014,4.7,Negative,Negative,Negative,Negative,Negative,2+,Negative,TNTC,1,2-2,Rare,Nil,Mucus threads,2.3,5.6,52.9,92,4,4,12.9,42.9,53366,51,12,2,7,0,2.69,0.11,0.75,0.42,0.03,427,10.3,17,0.22,25.2,5.1,0.01,0.11,0.28,181,70,33,7.2,36,219,2.6,0.47,2.12,1.1,0.5,0.6,118,48,12,66,7.2,3.7,3.5,1.06,0.7,19.9,9.2933,13.28,148,4.7,96,3.1,103.36,111,279,390,28.46,6.6,142.72,0.8,18.6,85.5,21.75,9.5,6.1,160,10.4,3.81,97,62,78,103
956608,KLTRS12MLT,153186,26/08/2018,10:11,11:14,Light Yellow,Slightly cloudy,1.016,5.4,Trace,Negative,Negative,Negative,Negative,Normal,Negative,1-2,2,3-4,Nil,Nil,NIL,16.5,5.9,63.1,81.3,27,26,12,41.4,9844,33,10,10,7,3.9,0.73,2.17,0.32,0.08,0.17,365,7.3,14,0.14,27.4,0.1,0.27,3.3,0.05,154,59,84.7,24.6,123,111,2.6,1.44,0.7,1.9,0.7,1.2,85,10,47,20,5.7,4.9,0.8,6.13,0.9,8.2,3.8294,4.25,145,2.8,88,1.8,91.41,101,159,260,38.85,7.7,174.29,0.6,12.4,101,12.28,10.6,1.6,326,7.5,4.95,78,103,94,175
428239,PBCHD11PBM,973573,26/08/2018,09:50,10:22,Light Yellow,Clear,1.039,4.8,Negative,1+,Negative,Negative,Negative,Normal,Negative,TNTC,0,1-3,Nil,Moderate,NIL,17.8,6.8,21.8,70.8,26,81,13.1,43.8,5047,29,44,8,8,0,9.07,2.28,0.79,0.03,0.04,364,10.9,23,0.33,23.5,1.4,0.27,4.37,0.07,157,53,199.8,31.6,158,174,3,3.77,0.27,1,0.3,0.7,46,54,29,32,6.4,4.4,2,2.2,0.6,19.7,9.1999,15.33,139,4.7,102,3.6,90.34,150,122,272,55.15,8.9,208.73,0.6,20.5,69.6,29.45,11,2.7,153,6.4,7.38,92,90,91,89
195349,MZLGI04MHP,822169,28/08/2018,08:11,09:17,Straw,Clear,1.017,4.8,Negative,3+,Negative,Trace,Negative,Normal,Negative,1-3,2,3-3,Nil,Nil,NIL,11.5,4.1,32.4,72.5,28,35,11.6,45.9,4359,51,24,7,6,0,1.61,0.08,0.41,0.18,0.09,201,8.3,17,0.34,20.1,0.9,0.33,0.14,1.82,178,25,85.6,95.8,479,92,7.1,3.42,0.29,0.5,0,0.5,128,47,26,96,7,5.3,1.7,3.12,1.1,10.7,4.9969,4.54,115,3.1,104,2.5,15.2,229,185,414,55.31,8.8,205.86,0.3,18.3,52.5,34.86,9.3,3.9,110,4.2,0.008,76,85,65,234
109135,KLTRS01ODB,953846,27/08/2018,08:46,10:08,Dark Yellow,Slightly cloudy,1.027,4.9,Trace,Trace,Trace,Negative,Negative,Normal,Negative,7-9,2,2-3,Moderate,Nil,NIL,16.4,4.8,52.6,97,34,31,13.7,45.8,7469,56,48,3,8,0.9,1.29,3.01,0.77,0.65,0.02,914,12.9,17,0.35,12.7,2.9,0.37,0.12,4.54,206,27,107.1,15.6,78,88,7.6,3.97,0.25,5.1,2.5,2.6,93,35,14,42,6.4,4.2,2.2,1.91,1.1,32.8,15.3176,13.93,143,3,99,3.4,94.55,166,224,390,42.56,6,125.5,0.8,28.2,87,32.41,9.2,5.1,144,3.2,1.12,137,85,92,79
494122,GYAHD04KAU,965521,28/08/2018,10:19,11:33,Pale Yellow,Slightly cloudy,1.029,5.9,Negative,Trace,Trace,Negative,Negative,1+,Negative,10-11,0,3-3,Nil,Nil,Fungal elements,17.3,5.4,24,84,32,72,14,43.1,4831,46,26,6,3,0,0.42,2.56,0.43,0.2,0.01,107,7.1,17,0.27,14.7,3.9,0.68,0.25,0.15,167,50,147.9,13.1,65.5,167,3.3,2.96,0.34,0.7,0.1,0.6,99,18,39,53,5.9,4.9,1,4.9,1.2,14.4,6.7248,5.6,147,4.1,107,4.7,103.87,86,101,187,45.99,6.2,131.24,0.2,13.2,84,15.71,11.6,2.5,221,9.8,2,88,63,118,74
519466,PBCHD13KLC,869295,24/08/2018,11:22,12:48,Light Yellow,Hazy,1.022,4.9,Negative,Negative,Negative,Negative,Trace,Normal,Negative,3-4,0,9-8,Nil,Nil,Mucus threads,8.6,5.9,28.8,74.1,14,29,14.3,41.5,8964,40,36,7,8,0,3.87,1.72,0.74,0.29,0.08,376,11.5,11,0.38,26.8,2,0.87,0.02,0.26,203,26,126.5,98.3,491.5,121,7.8,4.87,0.21,0.3,0,0.3,52,29,14,19,7.8,4.1,3.7,1.11,0.7,19,8.873,12.68,130,4.1,108,2.9,109.23,86,360,446,19.28,9.1,214.47,0.2,15.5,25.8,60.08,8.8,3.7,186,5.5,9,198,75,72,97
609650,KLTRS15NLZ,611345,25/08/2018,09:24,10:45,Straw,Opaque,1.012,4.5,Trace,Trace,Negative,Negative,Negative,Normal,Negative,6-7,1,1-4,Nil,Few,NIL,13.6,5.7,55.7,120.9,23,24,13.9,43.6,7873,78,45,2,5,0,4.46,1.07,0.32,0.65,0.08,384,10.9,13,0.39,31.9,0.7,0.98,0.32,0.3,179,42,130.6,7.3,36.5,75,4.3,3.11,0.32,0.8,0.1,0.7,118,27,23,32,6.3,3.6,2.7,1.33,1.3,22.9,10.6943,8.23,136,4.6,105,4.2,116.52,104,190,294,35.37,5.8,119.76,0.5,24.1,278.1,8.67,8.9,4.5,124,4.7,2.4,240,87,95,77
645348,KLTRS12ODB,189992,25/08/2018,11:19,12:29,Yellow,Clear,1.014,6.8,Trace,Negative,Negative,Negative,Negative,Normal,Positive,6-7,1,2-3,Moderate,Few,Artifacts,11.9,4.2,51.9,80.4,28,22,12,40.9,7086,30,34,5,7,2.7,17.13,2.66,1.42,0.47,0.02,141,9.1,6,0.2,17.2,2.5,0.14,3.74,0.09,164,43,80.6,61.2,306,133,3.8,1.87,0.53,0.9,0.3,0.6,111,52,26,35,7.5,4.3,3.2,1.34,0.6,15.2,7.0984,11.83,133,3.2,106,5.6,115,128,187,315,40.63,6.2,131.24,0.2,10.5,86,12.21,9.9,5.8,185,3.1,1.46,122,294,96,145
334587,KLTRS01KLP,401888,28/08/2018,09:43,10:46,Yellow,Clear,1.02,6.8,Trace,Negative,Trace,Negative,Negative,Normal,Negative,TNTC,1,13-18,Nil,Nil,Fungal elements,15.5,5,39,75.3,31,39,13.6,45.7,3427,70,53,3,0,2.5,10.28,1.08,0.53,0.04,0.14,348,9,20,0.34,18.7,5.3,0.24,0.43,0.15,177,40,25.6,12.6,63,206,4.4,0.64,1.56,0.5,0.1,0.4,121,22,19,9,6.8,4.4,2.4,1.83,0.7,11.7,5.4639,7.81,138,3.1,115,3.8,82.16,68,127,195,34.87,7.7,174.29,0.1,12.1,37.9,31.93,9.8,2.1,186,13.5,2.19,166,88,77,106
160294,PBCHD14NLM,323748,27/08/2018,07:36,08:13,Deep Amber,Slightly cloudy,1.013,4.8,Trace,Trace,Negative,Negative,Negative,Normal,Negative,1-3,2,2-2,Rare,Nil,NIL,9.3,5.9,40.4,97,15,23,16.8,40.3,6760,57,39,3,7,0,3.29,2.18,0.25,0.49,0.05,385,9.2,13,0.26,20.4,4.6,2.24,0.17,0.18,194,45,72.1,27.3,136.5,196,4.3,1.6,0.62,0.3,0,0.3,75,38,31,12,7,4.1,2.9,1.41,1.2,15.6,7.2852,6.07,137,5.7,96,2.8,108.8,103,224,327,31.5,6.9,151.33,0.1,26.3,80.9,32.51,8.9,4.2,115,5.5,0.55,92,94,90,63
504356,PBCHD06HPP,971021,25/08/2018,10:21,11:16,Deep Amber,Clear,1.017,6.6,Trace,2+,1+,Negative,Negative,Normal,Negative,TNTC,1,5-20,Moderate,Rare,Yeast cells,17.7,4.7,52.3,97.7,37,33,13.4,44.6,9106,44,50,5,5,0.2,9.65,1.52,0.35,0.31,0.05,110,10.9,16,0.23,16,5.4,2.08,0.06,0.83,206,27,148.1,34.3,171.5,78,7.6,5.49,0.18,0.7,0.1,0.6,59,37,33,96,8.1,3.5,4.6,0.76,0.8,19.5,9.1065,11.38,141,2.6,102,2.1,51.4,129,163,292,44.18,6.1,128.37,0.2,258.7,79.8,324.19,9.7,4.1,102,11.6,6.86,71,98,100,88
249098,MZLGI15RJK,590660,24/08/2018,10:43,11:33,Pale Yellow,Clear,1.015,6,Negative,Trace,Negative,Negative,Negative,Normal,Negative,1-2,2,3-3,Rare,Moderate,Parasites,10.6,5.5,35.2,75,19,30,13.6,45.7,6123,54,23,6,6,0,21,2.07,0.5,0.2,0,175,7.1,13,0.11,25.5,5.4,0.23,0.3,0.5,138,53,47.2,71.7,358.5,162,2.6,0.89,1.12,0.7,0.3,0.4,122,14,34,47,7.3,3.6,3.7,0.97,1.2,10.9,5.0903,4.24,136,3.8,95,2.2,111.45,141,358,499,28.26,7.9,180.03,0.8,12.7,127.1,9.99,10.5,3.7,123,9.5,4.16,70,69,195,73
712175,GYAHD12JHJ,982627,27/08/2018,06:16,07:36,Light Yellow,Hazy,1.025,6.6,Trace,2+,Negative,Negative,Negative,1+,Negative,73-76,1,3-3,Nil,Nil,NIL,16,4.6,30,79.3,34,53,14.2,49.8,4941,45,35,9,4,0,0.59,5.54,0.39,0.29,0.09,367,7.4,12,0.23,21.1,3.3,0.18,0.01,0.84,221,35,97,6.6,33,117,6.3,2.77,0.36,0.6,0,0.6,51,55,20,22,6.7,4.7,2,2.35,0.7,12.1,5.6507,8.07,142,4.1,106,6.5,117.82,114,138,252,45.24,8.7,202.99,1,13.6,44.8,30.36,10.5,5.8,102,6.2,0.78,145,75,124,67
407641,PBCHD15PBP,375199,26/08/2018,09:24,10:50,Yellow,Slightly cloudy,1.019,4.8,Negative,Negative,Negative,Negative,Negative,Normal,Negative,9-11,2,2-2,Nil,Nil,Amorphous debris,16.7,4.4,42.3,94.9,37,39,12.6,48.5,23920,35,54,0,7,0.6,1.18,2.85,0.56,0.59,0.1,886,7.4,17,0.45,32.3,0.5,0.14,0.08,0.18,166,22,149.9,33.7,168.5,184,7.5,6.81,0.15,0.7,0,0.7,97,11,20,45,7.6,4.5,3.1,1.45,1.1,16.7,7.7989,7.09,141,5.8,112,5.3,109.56,200,122,322,62.11,6.2,131.24,0.1,15.8,125.7,12.57,9.8,4.4,107,6.7,2.85,101,139,82,126
647878,KLTRS14WBD,366745,24/08/2018,07:20,08:43,Orange,Clear,1.017,6.1,Trace,Trace,Negative,2+,Negative,Normal,Negative,9-10,2,1-4,Nil,Nil,NIL,12.8,7.5,48.7,95.1,17,26,11.1,44.1,3169,60,20,3,6,0.9,4.94,1.34,0.59,0.06,0.08,177,7.5,19,0.23,12.6,3.8,0.39,0.15,0.34,195,49,78.3,32.9,164.5,122,4,1.6,0.63,0.8,0.3,0.5,110,53,19,77,8.2,5,3.2,1.56,0.9,36.3,16.9521,18.84,137,5.9,97,2.7,107.02,190,207,397,47.86,6.3,134.11,0.3,16,62.6,25.56,10.1,2.5,105,5.2,1.33,76,82,231,178
722503,KLTRS09MLT,137897,28/08/2018,11:18,11:55,Straw,Slightly cloudy,1.01,5.7,Trace,Negative,Negative,Negative,Negative,Normal,Negative,TNTC,1,3-2,Nil,Nil,NIL,17.8,5.6,41.4,98.3,31,42,15.2,31,14767,39,52,2,2,0,9.32,1.02,0.63,0.07,0.13,297,5.4,17,0.18,23.9,1.7,0.2,2.57,4.04,160,48,96.4,23.9,119.5,198,3.3,2.01,0.5,16.7,12.2,4.5,329,21,15,44,6.4,3.5,2.9,1.21,0.7,9.9,4.6233,6.6,96,3.6,90,3.3,119.35,154,171,325,47.38,8.9,208.73,0.9,18.5,284.4,6.5,10.1,3.1,227,6.4,0.92,113,60,94,88
397423,GYAHD15KAU,763857,25/08/2018,07:50,09:12,Straw,Slightly cloudy,1.022,6.4,Trace,Trace,Negative,Negative,Negative,Normal,Negative,5-6,0,2-2,Nil,Nil,Artifacts,19.2,4.5,48.5,65.8,42,39,14.3,39.6,10389,62,30,6,8,0,4.2,2.14,0.35,0.34,0.03,182,7,13,0.14,23.1,2.6,0.59,0.29,0.85,186,31,94.6,10.1,50.5,191,6,3.05,0.33,0.5,0,0.5,90,17,25,45,6.4,4.8,1.6,3,1.2,9,4.203,3.5,138,3.1,106,6.4,95.88,73,320,393,18.58,7.1,157.07,4.4,21.9,140.2,15.62,10.5,2.1,146,17.7,6.28,118,81,76,151
733461,KLTRS09MLT,550791,27/08/2018,10:54,11:59,Pale Yellow,Clear,1.017,4.5,Negative,Trace,Negative,Negative,3+,Normal,Negative,5-6,0,9-18,Nil,Nil,Parasites,16.7,6.6,52.6,75.9,25,31,13.5,47.9,4573,49,11,6,16,0,3.13,6.02,0.27,0.01,0.07,401,8.1,11,0.26,37.8,0.4,0.13,0.06,0.2,191,75,109.8,12.7,63.5,60,2.5,1.46,0.68,0.9,0.4,0.5,49,23,38,11,6.8,4.3,2.5,1.72,1.2,9.8,4.5766,3.81,134,4.2,114,4.4,112.94,147,318,465,31.61,5.8,119.76,0.2,10.8,103.7,10.41,9.1,5.4,60,8.7,2.51,108,128,68,223
544669,KLTRS08ODB,722975,27/08/2018,07:23,08:12,Light Yellow,Cloudy,1.02,5.6,Trace,Negative,Negative,Negative,Negative,Normal,Negative,31-33,1,2-2,Nil,Few,NIL,11.4,4.4,48.3,46,25,23,12.9,40,7723,52,26,1,4,2.6,0.46,2.64,0.57,0.83,0.03,29,11.7,11,0.19,24.9,0.7,0.48,0.34,2.86,174,75,65.1,11.7,58.5,147,2.3,0.87,1.15,0.5,0.1,0.4,60,55,38,24,7.6,3.6,4,0.9,1.1,8.4,3.9228,3.57,143,5.4,103,5.6,108.5,151,344,495,30.51,6.8,148.46,0.7,13.8,142.1,9.71,13.4,3.9,111,16.1,0.94,101,66,76,68
841480,GYAHD07JHJ,509047,24/08/2018,07:47,08:36,Light Yellow,Clear,1.02,6,Negative,Trace,Negative,Negative,Negative,Normal,Negative,11-13,1,7-10,Nil,Nil,Fat droplets or lipiduria,14.3,4.4,54.6,90.8,32,26,9.1,45.6,6606,57,36,5,12,0,2.16,1.26,0.49,0.29,0.1,287,13.3,15,0.19,17.5,1,0.09,0.16,0.14,190,23,98.5,105.9,529.5,110,8.3,4.28,0.23,0.8,0.3,0.5,78,10,13,46,8,4,4,1,0.7,9.4,4.3898,6.27,138,4.1,101,5.2,117.46,149,250,399,37.34,6,125.5,0.2,17.3,103.8,16.67,9.3,4.2,179,4.6,7.29,75,185,69,186
942692,GYAHD05ODK,532295,24/08/2018,07:53,08:47,Pale Yellow,Clear,1.019,5,Negative,Trace,Negative,Negative,Negative,Normal,Negative,9-11,2,7-18,Nil,Nil,Amorphous debris,12.7,4.7,49.9,75.9,27,25,11.8,41.2,6333,60,20,10,2,0,1.3,5.22,0.59,0.34,0.06,285,12.9,12,0.21,41.7,1.4,0.12,0.15,0.02,155,32,148.5,32,160,105,4.8,4.64,0.22,0.5,0.1,0.4,121,45,20,44,7.6,4.2,3.4,1.24,1,8.2,3.8294,3.83,126,5,100,3.8,21.22,150,344,494,30.36,6.4,136.98,0.6,233.9,55.2,423.73,10.3,2.7,224,2.3,4.31,85,79,74,70
649915,KLTRS08ODB,555568,24/08/2018,08:24,09:25,Light Yellow,Clear,1.015,6.6,Negative,Trace,Negative,Negative,Negative,Normal,Negative,3-5,3,16-8,Nil,Rare,NIL,14.4,5.9,60.6,98.6,24,23,13.5,29.3,6557,54,30,1,6,0,5.82,2.37,0.61,0.46,0.08,188,6.2,25,0.34,12.3,0.2,0.37,2.84,0.07,207,52,78.9,8,40,159,4,1.52,0.66,0.5,0.1,0.4,128,48,28,13,8.3,2.8,5.5,0.51,0.9,7.9,3.6893,4.1,136,3.1,95,3.3,102.69,97,245,342,28.36,8,182.9,0.8,24.7,97.9,25.23,8.7,4,292,3.6,12.77,152,63,107,62
201573,KLTRS04TSS,928493,24/08/2018,07:08,07:39,Straw,Hazy,1.018,5.2,2+,Negative,Negative,Negative,Negative,Normal,Negative,11-13,0,>20,Nil,Rare,Yeast cells,8.3,4.3,51.5,92,19,16,12.1,42.2,4914,14,22,23,5,0,20.26,2.64,0.33,0.06,0.09,334,7.5,16,0.54,33.3,0.3,0.35,5.07,0.22,214,57,82.6,29.6,148,60,3.8,1.45,0.69,0.5,0.1,0.4,111,21,22,40,6.2,3.8,2.4,1.58,1,12.9,6.0243,6.02,137,3.3,107,3,91.79,150,97,247,60.73,5.9,122.63,0.9,20.7,107.8,19.2,8.9,3.3,199,11.9,1.57,116,73,92,182
607389,GYAHD05ODK,857364,26/08/2018,10:52,11:49,Light Yellow,Clear,1.01,6.6,Trace,Negative,Negative,Negative,Negative,Normal,Negative,4-6,2,2-4,Nil,Nil,NIL,15.5,4.9,44.5,90.5,31,34,14.3,45.7,4847,59,38,5,5,0,0.8,1.75,0.46,0,0.04,119,10,12,0.19,14.4,0.4,0.22,0.95,0.14,137,54,73.2,37.1,185.5,76,2.5,1.36,0.74,0.7,0.3,0.4,63,17,10,42,5.3,4.2,1.1,3.82,1,7.6,3.5492,3.55,140,3.5,98,2.5,118.01,108,304,412,26.21,5.8,119.76,1.8,16.7,182.8,9.14,10.9,3.2,144,6.7,1.08,84,65,64,116
472559,GYAHD02ODK,422338,26/08/2018,07:27,08:54,Straw,Slightly cloudy,1.016,6.3,Trace,Trace,Negative,Negative,Negative,Normal,Negative,8-10,0,3-2,Nil,Nil,NIL,8.8,4.7,43.3,41.4,18,20,11.6,42.6,5093,16,28,2,8,0,2.54,0.72,0.76,0.53,0.05,239,5.1,15,0.1,43.6,0.9,0.05,1.18,5.26,191,26,91.5,15.7,78.5,88,7.3,3.52,0.28,0.3,0.1,0.2,117,36,24,38,8.3,3.6,4.7,0.77,1,19.1,8.9197,8.92,140,2.8,109,5,96.91,85,117,202,42.08,6,125.5,0.6,10.8,262.3,4.12,7.8,1.5,219,10.4,3.51,93,82,89,106
305842,GYAHD03KLM,228322,28/08/2018,10:53,11:44,Straw,Hazy,1.037,6.2,Negative,2+,Negative,Negative,Negative,Normal,Negative,5-7,1,3-4,Few,Rare,Fat droplets or lipiduria,16.7,5.8,60.6,91.1,28,27,15.3,42.5,10118,76,37,6,3,0.5,14.75,2.67,0.96,0.28,0.05,15,16.4,15,0.46,25.5,1.4,0.18,4.89,0.15,173,50,105,107.5,537.5,209,3.5,2.1,0.48,0.8,0.1,0.7,120,51,33,46,8.2,3.8,4.4,0.86,0.8,18.9,8.8263,11.03,138,3.1,100,6.2,111.24,136,108,244,55.74,5.9,122.63,0.1,15.7,239.4,6.56,9.6,3.1,247,3.5,0.84,138,92,82,161
420673,GYAHD15KAU,881096,25/08/2018,10:46,11:43,Pale Yellow,Slightly cloudy,1.016,5.5,Negative,Negative,Negative,Negative,Negative,Normal,Negative,11-13,22,2-2,Nil,Nil,Artifacts,12.1,2.6,10.5,90.5,46,115,12.8,43.1,54350,57,28,3,6,0,7.4,6.72,0.64,0.22,0.38,38,9.1,15,0.37,22,4.4,0.3,0.07,0.06,135,28,92.6,49.6,248,109,4.8,3.31,0.3,0.7,0.3,0.4,122,30,23,28,8,4.8,3.2,1.5,1,11.6,5.4172,5.42,148,5.2,96,6.4,103.77,97,347,444,21.85,7.8,177.16,0,17,128.8,13.2,7.9,2.8,164,4.9,1.06,109,90,81,162
532826,PBCHD07NLM,415742,26/08/2018,11:44,12:45,Pale Yellow,Clear,1.021,6.7,Trace,Trace,Negative,Negative,Negative,2+,Negative,13-15,1,1-3,Few,Rare,NIL,21.2,8.3,52.6,81.9,25,40,10.6,42.7,9344,69,21,6,2,0,6.4,2.87,0.6,0.07,0.09,353,7.4,16,0.59,32.3,3.3,0.12,0.15,0.76,237,66,133,26.1,130.5,70,3.6,2.02,0.5,0.7,0,0.7,54,33,11,10,7,4,3,1.33,1.1,17.6,8.2192,7.47,138,4.3,108,3.4,98.2,177,111,288,61.46,6,125.5,0.5,15.6,35.8,43.58,8.7,4.2,196,8.7,2.05,84,172,81,84
336729,KLTRS07WBD,211264,25/08/2018,06:43,08:11,Red,Slightly cloudy,1.018,5.7,Negative,1+,Negative,Negative,Negative,Normal,Negative,10-11,0,1-4,Moderate,Nil,NIL,12.1,4.7,62.1,82.2,25,19,12.3,39.3,40308,48,19,5,7,0,2.29,2.57,0.5,0.06,0.08,618,8.5,19,0.51,16.9,3.9,0.21,0.85,0.61,186,54,87.9,8.4,42,114,3.4,1.63,0.61,0.7,0.3,0.4,187,34,17,31,6.3,4.5,1.8,2.5,0.9,8.2,3.8294,4.25,148,3.8,103,2.7,56.47,73,287,360,20.28,5.9,122.63,0.2,16,72.8,21.98,9.9,4.2,142,13.2,2.66,99,241,87,238
391262,PBCHD09MHS,341254,25/08/2018,08:47,09:39,Pale Yellow,Clear,1.029,6.1,Negative,Negative,Negative,Negative,Negative,Normal,Negative,21-23,0,3-3,Nil,Nil,Amorphous debris,13.7,5.1,53.4,82.5,26,25,12.4,40,6624,51,28,4,5,0,1.45,1.33,0.79,0.1,0.03,252,11.1,11,0.38,25.7,0.3,0.12,0.37,0.31,221,44,133.4,82.5,412.5,155,5,3.03,0.33,0.3,0,0.3,57,30,26,17,6.4,5,1.4,3.57,0.6,7.8,3.6426,6.07,120,2.6,102,2.1,102.96,68,342,410,16.59,10.4,251.78,0.3,15.1,81.4,18.55,11.4,5,52,4.9,2.24,76,122,81,185
711964,PBCHD05CGD,261939,25/08/2018,09:55,11:02,Orange,Clear,1.017,4.9,Trace,Trace,Negative,Negative,Negative,Normal,Negative,4-6,6,>20,Nil,Nil,NIL,18.3,4.2,41.6,95.8,43,43,14.6,49.8,6251,13,28,3,12,0,8.8,1.82,0.28,0.46,0.01,43,9.4,15,0.74,20.2,2.3,0.16,0.16,0.11,215,45,57.1,34.2,171,116,4.8,1.27,0.79,0.5,0.1,0.4,123,11,21,30,8.1,3.8,4.3,0.88,1.1,17.2,8.0324,7.3,142,4.5,107,2.8,103.89,151,215,366,41.26,5.8,119.76,0.6,21.5,77.6,27.71,8.1,3.1,87,19.5,2.67,101,188,80,106
338486,MZLGI14GJS,785672,28/08/2018,06:25,07:46,Pale Yellow,Clear,1.011,6.2,1+,Trace,Negative,Negative,Negative,Normal,Negative,1-3,0,1-3,Nil,Nil,NIL,9.8,5.7,37.8,89.4,17,25,14.4,44.5,10931,58,20,5,22,0,9.07,1.58,0.46,0.5,0.07,424,7.5,16,0.14,20.8,2,0.29,3.64,3.29,190,37,89.2,18.2,91,88,5.1,2.41,0.41,0.5,0.2,0.3,93,46,38,56,7.6,4.6,3,1.53,0.6,12.5,5.8375,9.73,136,2.8,103,5.3,127.33,92,131,223,41.26,6.3,134.11,0.1,21.4,22.7,94.27,10.4,2.7,79,5.9,0.55,80,87,67,196
377217,PBCHD12PBM,205963,26/08/2018,09:10,10:07,Light Yellow,Hazy,1.011,6.7,Negative,1+,Negative,1+,Negative,Normal,Negative,7-8,1,2-4,Rare,Nil,NIL,12.2,5.2,26.1,84.8,23,46,12.9,41.8,6517,52,37,7,5,0,1.06,2.46,0.89,0.06,0.12,764,8,10,0.27,16,1.5,3.76,0.11,0.24,186,73,86.1,38.7,193.5,115,2.5,1.18,0.85,0.3,0,0.3,64,42,34,16,8.8,3.3,5.5,0.6,1.2,9.4,4.3898,3.66,140,3.9,95,6.2,117.81,184,301,485,37.94,8.9,208.73,0.9,26.3,137.7,19.1,9.4,3,196,5.4,3.76,125,113,98,130
384522,KLTRS12WBD,529402,25/08/2018,08:18,09:34,Yellow,Slightly cloudy,1.011,5.1,Trace,Negative,Negative,Negative,Negative,Normal,Negative,12-13,2,3-4,Nil,Nil,NIL,9.2,5.9,52.6,86.7,15,17,12.1,45.6,5788,46,49,3,8,0,22.16,2.24,0.69,0.57,0.1,196,7.1,13,0.37,13,4.1,0.23,5.1,0.17,189,68,57.7,25,125,158,2.8,0.85,1.18,0.9,0.2,0.7,67,18,40,37,6.2,3.9,2.3,1.7,0.8,54.8,25.5916,31.99,141,4.1,109,4.4,41.7,188,228,416,45.19,6.3,134.11,0.7,24.9,118.4,21.03,8.7,4.5,195,3,3.88,102,97,170,153
420599,GYAHD13KAU,644794,27/08/2018,08:22,09:28,Pale Yellow,Clear,1.014,6.2,Negative,Negative,Negative,Negative,Negative,Normal,Negative,3-5,1,3-4,Nil,Few,NIL,15,5.1,42.8,96.2,29,35,12.1,41.2,7186,77,31,6,5,0,14.79,2.03,0.54,0.33,0.1,361,7.2,12,0.74,13.8,3.7,0.19,0.01,0.91,174,78,112.5,5.9,29.5,144,2.2,1.44,0.69,0.6,0.2,0.4,57,49,36,20,8,5,3,1.67,1.4,8.8,4.1096,2.94,145,4.1,107,2.6,91.15,97,348,445,21.8,7.8,177.16,0.9,16.5,110.4,14.95,11.9,4.1,170,8.4,1.31,125,75,80,292
233357,MZLGI03BRC,465219,28/08/2018,06:40,07:33,Straw,Hazy,1.02,6.2,Negative,Trace,Negative,Trace,Negative,Normal,Negative,7-9,1,3-4,Nil,Nil,Yeast cells,9.6,5.8,37.3,94.5,16,25,13.6,42.7,7136,41,37,5,6,0,6.38,7.51,0.21,0.21,0.14,142,9.5,7,0.36,14.4,2.3,2.94,0.2,0.28,126,52,78.7,69.1,345.5,73,2.4,1.51,0.66,0.6,0,0.6,98,49,32,39,7.3,3.9,3.4,1.15,1,7.2,3.3624,3.36,147,1.6,108,4.8,60.06,61,277,338,18.05,6.2,131.24,0.9,17.3,77.8,22.24,8.8,5.4,179,5.7,6,125,190,152,78
294220,GYAHD08JHJ,789332,27/08/2018,09:52,10:43,Yellow,Slightly cloudy,1.017,5.2,Negative,Trace,Negative,Negative,Negative,Normal,Negative,71-74,2,3-2,Few,Nil,Fungal elements,10.2,5.6,56,97,18,18,12.1,43.4,5536,57,41,2,6,0,8.91,2.73,0.75,0.03,0.04,431,8,12,0.48,34.7,7.3,0.39,0.4,0.06,157,48,87.3,32,160,90,3.3,1.82,0.55,1,0.3,0.7,126,11,40,21,6.1,4.9,1.2,4.08,0.6,9.8,4.5766,7.63,121,4,101,5.7,96.4,128,351,479,26.72,6,125.5,0.6,15.9,138.6,11.47,9,5.2,318,19.7,3.91,121,200,232,204
630114,KLTRS13TSS,639822,25/08/2018,10:58,11:39,Light Yellow,Slightly cloudy,1.007,4.8,Negative,Negative,Negative,Negative,Negative,Normal,Negative,4-6,0,3-2,Nil,Nil,NIL,8.3,4.1,33.8,70.5,20,24,12,41,8418,49,12,3,5,0,6.71,3.84,0.93,0.11,0.09,464,8,14,0.56,28.7,3.3,1.21,0.3,0.37,205,23,73.4,16.9,84.5,160,8.9,3.19,0.31,0.5,0.2,0.3,125,14,22,31,7.7,5,2.7,1.85,0.9,7.8,3.6426,4.05,124,4.7,103,5.5,111.33,165,205,370,44.59,6.2,131.24,0.1,12,65.6,18.29,11.4,2.1,99,5.1,2.98,105,96,70,70
909602,KLTRS12TSS,801436,25/08/2018,10:44,11:16,Deep Amber,Clear,1.016,5.4,Trace,Negative,1+,Negative,Negative,Normal,Negative,7-9,1,3-3,Nil,Nil,NIL,9,5.8,52.5,70.3,15,17,12.8,39.9,3616,54,55,6,6,8.8,6.35,1.59,0.64,0.45,0.06,159,10.6,15,0.38,34.6,4.9,0.76,0.19,0.11,236,59,105.9,15.8,79,80,4,1.79,0.56,2.7,1.3,1.4,87,23,13,11,6.7,4.4,2.3,1.91,0.8,8,3.736,4.67,140,4.1,111,7.9,32.59,161,122,283,56.89,8.1,185.77,0.5,17.6,111,15.86,8.6,4.3,116,7.5,9.18,113,179,88,124
232625,PBCHD10SKM,755587,27/08/2018,11:56,12:39,Straw,Slightly cloudy,1.015,6.4,Trace,Negative,Negative,Negative,Negative,Normal,Negative,10-12,1,5-13,Nil,Nil,NIL,16.1,4.8,44.6,98.4,33,36,12.2,39.6,8092,49,36,1,4,0,1.31,1.58,0.54,0.54,0.07,162,11.9,16,0.16,16.3,3.5,0.39,0.01,4.62,238,51,84.5,6.7,33.5,62,4.7,1.66,0.6,0.8,0.2,0.6,81,14,29,18,6.4,4,2.4,1.67,1,14.9,6.9583,6.96,144,4.9,102,6.6,113.49,75,352,427,17.56,6,125.5,0.3,12.1,451.5,2.68,8.9,3.9,92,10.2,6.34,119,108,91,71
198071,PBCHD14MHS,491357,24/08/2018,06:24,07:53,Pale Yellow,Clear,1.019,4.8,Negative,Trace,Negative,Negative,Negative,Normal,Negative,10-12,1,1-4,Nil,Nil,NIL,14.1,4.6,49.9,86,30,28,12.7,45.4,9564,37,40,6,3,0,7.63,2.99,0.42,0.3,0.08,791,7.9,15,0.27,46.7,3.3,0.3,0.16,0.24,167,77,91.5,52.8,264,146,2.2,1.19,0.84,0.4,0.1,0.3,49,36,33,11,6.8,4.4,2.4,1.83,0.6,115.9,54.1253,90.21,128,3.8,101,6.6,58.37,140,261,401,34.91,17.6,458.42,0.9,11.1,33.3,33.33,11.9,5.2,189,5.6,1.64,124,77,76,73
154719,KLTRS04MLT,466795,27/08/2018,06:33,07:23,Pale Yellow,Slightly cloudy,1.012,6.8,1+,Negative,Negative,Negative,Negative,Normal,Negative,8-9,0,>20,Nil,Nil,Artifacts,15.3,5.5,40.6,98.8,27,37,14,44,10288,46,20,1,4,0.3,1.23,2.17,0.28,0.69,0.05,354,10.1,13,0.36,29,2.7,0.21,1.32,0.05,155,57,85.7,38.2,191,106,2.7,1.5,0.67,0.6,0.1,0.5,62,17,30,36,7.1,4.4,2.7,1.63,1,16.6,7.7522,7.75,139,3.3,95,5.3,116.02,33,134,167,19.76,6,125.5,0.3,15.8,117,13.5,8,5,338,12.1,5.37,77,72,112,187
254427,GYAHD13KAU,242484,24/08/2018,07:33,08:10,Pale Yellow,Slightly cloudy,1.016,6.9,Trace,1+,Negative,Negative,Negative,Normal,Negative,59-64,0,3-3,Nil,Nil,NIL,20.3,4.5,59.6,69,45,34,13.4,44.4,53095,65,21,5,6,0,5.04,0.89,0.7,0.23,0.13,414,9,12,0.55,17.5,0.2,4.13,0.21,0.34,239,59,80.1,38.8,194,126,4.1,1.36,0.74,0.7,0.3,0.4,58,13,23,30,6.8,4.3,2.5,1.72,1.2,11.5,5.3705,4.48,144,2.2,103,6.3,98.49,113,284,397,28.46,7.4,165.68,0.5,25.1,127,19.76,7.6,6.6,70,8.8,1.3,73,99,79,116
822437,MZLGI05MHP,452674,26/08/2018,07:04,07:38,Light Yellow,Clear,1.012,7.8,Negative,Trace,Negative,Negative,Negative,Normal,Negative,10-11,2,3-4,Nil,Nil,Artifacts,15,5.1,47.7,90,29,31,11.6,42.1,10612,67,38,1,3,0,7.18,1.54,0.82,0.1,0.42,204,9.8,13,0.34,38.3,4.3,0.29,0.31,0.96,217,51,73.4,8.6,43,180,4.3,1.44,0.69,0.8,0.1,0.7,47,32,33,77,6.7,4.2,2.5,1.68,0.7,19.9,9.2933,13.28,96,3.6,115,6.4,95.19,117,295,412,28.4,9,211.6,0.3,26.8,70.7,37.91,9.9,2.6,181,22.1,2.54,78,73,112,144
993277,GYAHD06ODK,414855,27/08/2018,06:16,06:46,Orange,Slightly cloudy,1.019,6.6,Trace,Negative,Negative,Negative,Negative,Normal,Negative,7-9,1,2-4,Rare,Nil,Artifacts,14.8,5.6,44.9,97.9,26,32,11.6,39.1,8015,44,38,4,3,0,1.26,1.18,0.28,0.56,0,124,11.4,11,0.17,13.8,3.3,0.1,0.35,0.32,206,56,107.1,22.9,114.5,89,3.7,1.91,0.52,0.9,0.2,0.7,71,46,19,42,7.3,4.4,2.9,1.52,0.7,13,6.071,8.67,141,3.7,104,4.7,66.87,146,126,272,53.68,9.3,220.21,0.6,11.3,125.3,9.02,8.6,5.3,64,4.7,2.74,78,194,82,148
494695,GYAHD01KAU,650034,24/08/2018,10:46,11:26,Orange,Clear,1.011,9,Trace,Negative,Negative,Negative,Negative,Normal,Negative,TNTC,18,3-2,Rare,Rare,NIL,16.3,4.1,50.8,55.2,39,32,12.6,42,3920,54,11,6,3,0.2,1.29,2.13,0.5,0.41,0.17,358,11.8,10,0.35,14.8,1.6,0.18,0.1,5.66,440,25,99.4,34.7,173.5,63,17.6,3.98,0.25,1,0.4,0.6,53,45,38,46,8.3,3.5,4.8,0.73,1.1,10.9,5.0903,4.63,149,5.5,111,2.6,109.33,173,329,502,34.46,5.1,99.67,0.1,137.6,129,106.67,10.9,3.2,189,9.9,6.11,118,94,97,329
832818,MZLGI02MHP,212651,28/08/2018,09:10,10:14,Yellow,Slightly cloudy,1.012,5,Trace,Negative,Negative,Negative,Negative,Normal,Negative,6-8,0,1-4,Nil,Nil,Artifacts,8.6,4.3,50.9,85.6,20,16,13.7,49,8614,43,54,4,3,0,14.62,2.77,0.26,0.24,0.05,167,9.7,18,0.5,25.8,4.6,0.82,0.26,0.22,190,57,76.5,48.6,243,126,3.3,1.34,0.75,0.5,0.1,0.4,180,37,10,27,7.8,4.8,3,1.6,1.1,18.5,8.6395,7.85,121,4.5,99,5.6,118.61,62,357,419,14.8,5.9,122.63,0.5,11.7,289.8,4.04,11.8,3.1,117,10.6,3.6,258,110,77,106
301840,KLTRS10WBD,126596,25/08/2018,10:34,11:42,Light Yellow,Clear,1.011,4.6,Trace,Negative,Negative,Negative,Negative,Normal,Negative,2-4,0,2-2,Nil,Nil,NIL,14.8,4,57.4,74.7,37,25,12.2,44.5,5139,48,46,2,2,0.6,19.01,3.79,0.64,0.05,0.01,224,14.4,17,0.37,21.5,0.9,2.31,1.06,0.94,150,58,143.7,27.8,139,162,2.6,2.48,0.4,0.4,0.1,0.3,99,45,18,22,6.6,3.7,2.9,1.28,1.1,9.2,4.2964,3.91,145,3.4,97,3.9,57.24,75,321,396,18.94,7.8,177.16,0.6,13.5,85.2,15.85,10.5,3.7,215,15.7,0.95,78,73,89,70
900968,MZLGI10BRC,381876,27/08/2018,09:46,10:33,Light Yellow,Slightly cloudy,1.019,6,1+,Negative,Negative,Negative,Negative,Normal,Negative,7-9,0,3-2,Nil,Nil,Amorphous debris,18.8,5.9,43.2,70.6,31,43,12.1,44.9,9678,26,28,2,4,0,4.59,1.99,0.49,0.26,0.06,253,9.9,12,0.35,26.4,4,0.3,0.14,0.58,153,48,95.6,12.4,62,187,3.2,1.99,0.5,0.6,0.1,0.5,83,35,26,11,6.1,4.9,1.2,4.08,1,8.4,3.9228,3.92,123,2.3,97,6,58.13,68,272,340,20,6,125.5,0,55.1,96.9,56.86,9.5,3.9,110,20.1,2.64,119,105,115,216
754701,GYAHD06JHJ,794941,26/08/2018,08:12,09:41,Pale Yellow,Clear,1.024,5.7,1+,Trace,Negative,Negative,Negative,Normal,Negative,8-9,2,1-2,Nil,Nil,NIL,10.4,6.5,22.3,92.7,16,46,13.7,41.3,7436,43,40,5,11,0.7,6.31,2.92,0.94,0.35,0.07,279,10.3,13,0.28,22,1.7,0.87,0.01,5.1,216,61,66.7,7.9,39.5,85,3.5,1.09,0.91,2.1,1,1.1,94,47,14,40,6.4,4.9,1.5,3.27,1.1,5.2,2.4284,2.21,110,4.8,106,2.9,91.08,190,355,545,34.86,5.9,122.63,1,17.4,142.1,12.24,8.8,4,152,12.1,2.79,110,166,72,136
855309,GYAHD13KLM,611633,28/08/2018,11:40,12:57,Light Yellow,Clear,1.026,6.2,Trace,Negative,Negative,2+,Negative,Normal,Negative,9-11,2,>20,Nil,Nil,Yeast cells,8.3,5.6,32.1,79,14,25,13.9,44.2,15450,33,39,8,7,0,6.92,1.29,1,0.01,0.15,276,8.5,14,0.26,25.9,1,0.39,1.7,0.21,192,45,83.8,40.2,201,109,4.3,1.86,0.54,0.7,0.1,0.6,109,8,22,52,8.1,4.2,3.9,1.08,0.7,17.3,8.0791,11.54,136,4.6,100,5.6,114.28,72,353,425,16.94,6,125.5,0.8,13.6,83.6,16.27,11.9,3.4,196,6.2,2.02,156,123,81,80
550596,GYAHD10KLM,294244,27/08/2018,07:33,08:46,Straw,Clear,1.017,4.9,Negative,Trace,Negative,Negative,Negative,Normal,Negative,TNTC,0,2-3,Nil,Rare,Fat droplets or lipiduria,8.4,4,38.4,48.1,21,21,12.4,40.7,5240,20,52,6,7,0,8.3,2.36,0.24,0,0,15,5.8,16,0.48,15.3,1.7,0.01,4.58,0.22,159,80,126.4,29.1,145.5,92,2,1.58,0.63,0.7,0.2,0.5,63,47,50,9,6.5,4.1,2.4,1.71,0.8,8.5,3.9695,4.96,139,4.6,102,2.3,116.53,129,202,331,38.97,5.1,99.67,0.5,21.1,144.8,14.57,10.3,3.3,72,14.1,4.6,179,73,110,101
623405,GYAHD06JHJ,833479,27/08/2018,10:50,11:32,Straw,Clear,1.014,5.2,Trace,1+,Negative,Negative,Negative,Normal,Negative,TNTC,0,2-2,Rare,Nil,NIL,5.5,5.5,57.5,82.7,10,9,11.7,44.2,4761,58,44,1,4,0,9.84,6.47,0.28,0.28,0.06,391,10.2,16,0.29,18.9,1.7,0.07,0.4,0.16,151,45,176,6.3,31.5,185,3.4,3.91,0.26,0.6,0.1,0.5,96,56,7,98,7.8,4.9,2.9,1.69,1.2,32.9,15.3643,12.8,142,4.3,101,5.3,109.83,108,351,459,23.53,5.7,116.89,0.1,10.1,70.5,14.33,9.6,6.8,118,5,0.85,93,124,96,119
246923,MZLGI13BRC,642500,26/08/2018,06:28,07:47,Light Yellow,Slightly cloudy,1.018,4.6,Negative,1+,Negative,Negative,Negative,Normal,Negative,94-98,2,2-4,Nil,Nil,NIL,9.8,5.4,48.1,79.5,18,20,11.7,41,5797,34,27,16,20,0,20.04,1.06,0.78,0.02,0.09,443,7.5,10,0.18,32.5,2.8,0.34,0.09,0.22,176,66,187.7,68.1,340.5,120,2.7,2.84,0.35,0.9,0.2,0.7,229,50,20,17,7.6,5,2.6,1.92,1.2,10.8,5.0436,4.2,142,4.8,108,2.7,115.79,81,281,362,22.38,5.7,116.89,0.4,28.4,126.7,22.42,8.8,5.7,287,4.9,3.75,146,143,97,160
467007,PBCHD09CGD,406093,25/08/2018,07:36,08:06,Red,Clear,1.014,6,Trace,Trace,Negative,Negative,Negative,Normal,Negative,9-10,2,1-2,Nil,Nil,Mucus threads,8.6,4.7,51.3,71.4,18,16,12,45.4,4702,45,46,6,8,0,8.24,2.77,0.49,0.06,0.09,255,16.5,19,0.38,14.4,4.9,0.16,0.29,2.82,181,52,122.5,20,100,145,3.5,2.36,0.42,0.4,0.1,0.3,122,28,29,44,7.9,4.4,3.5,1.26,0.6,13.4,6.2578,10.43,139,6.3,100,1.6,90.23,106,165,271,39.11,6.7,145.59,0.2,193.8,338.1,57.32,9.5,4.5,164,13.7,2.63,116,119,162,77
361457,PBCHD03KLC,432005,25/08/2018,11:43,12:48,Orange,Clear,1.016,5.3,Trace,Trace,1+,Negative,Negative,Normal,Negative,2-3,2,12-17,Nil,Few,Artifacts,8.9,8.3,50.7,83.1,10,17,13.7,45,9144,41,27,4,3,0,0.04,2.73,0.33,0.01,0.07,135,9.3,17,0.23,13,0.8,0.15,0.19,0.38,233,54,91.1,21.6,108,139,4.3,1.69,0.59,0.4,0.1,0.3,44,49,37,26,6.6,4.2,2.4,1.75,0.6,5.5,2.5685,4.28,140,4.4,89,2.9,33.2,116,266,382,30.37,8.7,202.99,0.7,17.6,114.1,15.43,8.3,4.4,177,17.8,1.24,142,107,74,146
345354,PBCHD12HPP,113953,27/08/2018,06:14,07:32,Light Yellow,Clear,1.013,6.1,1+,4+,1+,Negative,Negative,Normal,Negative,TNTC,0,1-3,Rare,Nil,NIL,14.4,5.3,22.3,88.6,27,64,13.3,41.9,2818,42,41,1,7,0,9.39,1.34,0.33,0.32,0.04,332,7.2,20,0.23,13.1,0.8,2.15,2.13,0.4,183,53,147.2,38,190,119,3.5,2.78,0.36,0.3,0.1,0.2,205,22,11,36,6.7,4.1,2.6,1.58,0.6,19.6,9.1532,15.26,137,4.4,101,6.8,100.34,152,153,305,49.84,5.5,111.15,0,14.7,99.2,14.82,10.2,3.3,47,3.9,3.38,115,147,72,191
795531,PBCHD11KLC,497526,25/08/2018,07:57,09:04,Straw,Hazy,1.014,4.9,2+,Negative,Negative,Negative,Negative,Normal,Negative,8-9,1,2-4,Rare,Nil,NIL,9.8,6.1,28,79.9,16,35,11.6,34.2,4850,54,24,2,3,0,7.7,1.98,0.6,0.23,0.14,255,7.9,17,0.36,18.2,1.5,0.12,2.12,1,179,67,61.6,82.1,410.5,176,2.7,0.92,1.09,0.5,0,0.5,48,41,12,21,6.3,4.8,1.5,3.2,1.2,8.9,4.1563,3.46,136,4.2,120,4.2,104.16,163,234,397,41.06,9.1,214.47,0.8,150.6,28.3,532.16,8.9,3.7,149,11.8,1.89,107,79,181,138
232130,MZLGI14MHP,658545,25/08/2018,11:52,13:13,Pale Yellow,Clear,1.013,6.8,Trace,Negative,Negative,Negative,Negative,Normal,Negative,3-4,2,>20,Nil,Nil,Mucus threads,17.5,4.1,41.3,99.2,42,42,14.1,27.7,3441,48,36,2,6,0,11.52,7.4,0.25,0.07,0.05,313,7.6,22,0.23,21.6,3.3,0.27,0.09,0.13,175,39,150.9,16.5,82.5,78,4.5,3.87,0.26,0.5,0.2,0.3,94,12,37,47,8.1,4.4,3.7,1.19,0.6,17.9,8.3593,13.93,145,2.1,110,8.8,90.69,133,180,313,42.49,5.8,119.76,0.3,10.3,80.2,12.84,8.5,3,156,12.6,3.23,87,95,277,118
477983,GYAHD12KLM,790782,24/08/2018,06:12,07:13,Dark Yellow,Hazy,1.011,4.8,1+,Negative,Negative,Negative,Negative,Normal,Negative,8-10,2,2-2,Nil,Nil,Fat droplets or lipiduria,21.2,4.9,41.5,87.4,43,51,12.8,43.4,12417,48,25,3,7,0,6.97,2.11,0.36,0.3,0,122,9.6,18,0.14,16.6,0.1,0.15,0.19,0.22,152,45,90.7,32,160,218,3.4,2.02,0.5,4.5,2.2,2.3,101,11,12,48,7.6,3.9,3.7,1.05,0.6,14.1,6.5847,10.97,139,5.4,100,4.5,112.73,65,279,344,18.9,5.9,122.63,3.1,20.1,144.5,13.91,8.7,3.2,287,6.6,3.06,95,94,186,83
755690,PBCHD12SKM,480133,25/08/2018,06:54,08:03,Pale Yellow,Clear,1.015,5.5,1+,1+,Negative,Negative,Negative,Normal,Negative,5-7,0,3-3,Nil,Nil,NIL,16.8,4.1,50.8,96.3,40,33,11.7,42.4,10474,53,32,5,2,0,13.72,2.76,0.61,0.4,0.26,285,8.7,22,0.37,33.3,0.1,0.13,0.02,0.21,173,22,22,12.3,61.5,67,7.9,1,1,0.8,0.2,0.6,102,43,37,14,7.3,3.9,3.4,1.15,0.7,13.3,6.2111,8.87,142,3.8,99,3.9,91.9,105,360,465,22.58,5.8,119.76,4.9,17.2,73.5,23.4,11.1,2.1,185,17.8,3.73,82,90,63,92
959699,KLTRS03KLP,954550,26/08/2018,06:00,06:32,Dark Yellow,Hazy,1.016,5.5,1+,Trace,Negative,Negative,Negative,Normal,Negative,10-11,1,11-19,Nil,Few,NIL,15.8,6,59.6,90.1,26,26,14.4,42,10736,44,15,3,8,0,2.82,2.93,0.16,0.04,0.08,140,10.8,10,0.22,29.8,4.2,2.97,0.18,0.04,191,50,81,23.3,116.5,196,3.8,1.62,0.62,0.6,0.1,0.5,84,31,28,14,7.2,4.4,2.8,1.57,1,14.3,6.6781,6.68,128,3.8,101,2.7,118.21,189,96,285,66.32,6.1,128.37,0.9,15.8,61.8,25.57,8.7,1.7,183,16.7,0.34,84,93,81,104
769874,PBCHD10KLC,322734,24/08/2018,06:08,06:45,Yellow,Clear,1.01,6.9,Trace,Negative,Negative,Negative,Negative,Normal,Negative,8-10,0,2-4,Nil,Nil,Artifacts,2.8,4.7,36.1,62.3,5,7,14.1,48.6,5397,56,28,6,2,0,7.89,1.5,0.64,0.51,0.08,441,8.8,11,0.33,16,2.8,0.11,0.26,0.21,217,79,113.5,14.7,73.5,106,2.7,1.44,0.7,0.8,0.3,0.5,81,18,34,38,7.1,3.6,3.5,1.03,1.2,15.7,7.3319,6.11,147,3.3,102,4,119.54,115,163,278,41.37,5.9,122.63,0.7,18,144.6,12.45,9.1,4,160,9.5,2.93,131,63,101,182
711955,KLTRS05WBD,894744,27/08/2018,10:18,10:55,Deep Amber,Clear,1.014,6.8,Trace,Negative,Negative,Negative,Negative,Normal,Negative,9-10,43,1-4,Nil,Nil,Mucus threads,14.1,4.6,51.2,59.5,30,27,13.5,44.3,3576,55,34,2,8,0,3.06,2.37,0.34,0.98,0.06,377,12.9,13,0.09,14.3,3.6,0.24,0.34,3.21,150,50,92.5,46.4,232,164,3,1.85,0.54,0.2,0,0.2,55,39,17,31,6.2,4.1,2.1,1.95,1.2,7.5,3.5025,2.92,143,4.8,95,5.7,95.31,91,225,316,28.8,7.6,171.42,0.6,11.9,283,4.2,10.4,4,145,21.7,1.4,84,77,67,197
222120,GYAHD15KLM,281132,27/08/2018,06:28,07:25,Yellow,Clear,1.018,6.1,Trace,Negative,Negative,Negative,Negative,Normal,Negative,17-21,1,1-3,Rare,Few,NIL,14.6,4.7,51.6,87.2,31,28,12.5,40.5,6744,55,47,2,10,0,4.96,2.41,0.13,0.48,0.14,266,8.3,15,0.36,16,3.1,0.11,0.96,0.14,149,47,76.2,12.2,61,125,3.2,1.62,0.62,0.5,0.2,0.3,58,12,37,24,5,4.1,0.9,4.56,0.7,12.5,5.8375,8.34,138,4.8,102,5.8,96.57,80,291,371,21.56,12.8,320.66,1,17.8,99.6,17.87,11.3,3,67,16.2,0.1,79,115,98,136
378058,GYAHD04KLM,827274,24/08/2018,09:06,10:05,Straw,Hazy,1.014,6.9,1+,Negative,Trace,Negative,Negative,Normal,Negative,12-13,0,1-4,Rare,Rare,Parasites,8,4.6,10.2,86.9,17,78,13.1,33.1,7906,45,11,5,1,2.8,3.51,2.34,1.46,0.46,0.07,332,10.1,12,0.2,47,0.8,0.31,3.96,0.7,160,35,21.6,29.3,146.5,103,4.6,0.62,1.62,0.2,0,0.2,65,47,15,21,6.8,4.1,2.7,1.52,0.7,7.9,3.6893,5.27,138,4.2,102,2.5,96.04,92,235,327,28.13,6.6,142.72,0.6,12.1,125.1,9.67,8.5,5,102,5.5,1.98,98,83,77,209
270954,MZLGI10GJS,900692,26/08/2018,11:50,12:26,Pale Yellow,Clear,1.016,5.1,Negative,Negative,Negative,Negative,Negative,Normal,Negative,8-10,2,2-2,Nil,Nil,Amorphous debris,10.7,2.6,25.7,50.9,41,41,11.8,41.1,8662,53,32,4,7,0,9.23,1.84,0.24,0.32,0.02,167,8.2,16,0.7,21.4,1.7,1.8,0.08,0,319,20,99.5,9.2,46,169,16,4.98,0.2,0.5,0.2,0.3,127,11,12,24,8,3.6,4.4,0.82,0.9,12.2,5.6974,6.33,144,4.5,107,6.1,119.54,177,133,310,57.1,5.9,122.63,0.1,11.1,118.4,9.38,9.3,5.6,103,6.4,2.68,70,94,158,93
908824,KLTRS07TSS,606422,28/08/2018,06:24,07:05,Light Yellow,Slightly cloudy,1.014,6,Negative,Negative,Negative,Negative,Negative,Normal,Negative,7-8,0,2-4,Nil,Nil,NIL,14.9,2.3,57.3,99,64,26,14,39.7,4265,31,51,3,3,0,17.68,4.69,0.14,0.34,0.15,150,11.8,11,0.21,43.8,6.5,0.04,0.34,0.06,163,32,71.5,14,70,164,5.1,2.23,0.45,0.6,0,0.6,111,35,16,40,6.1,4.8,1.3,3.69,0.6,18.9,8.8263,14.71,141,3.2,100,4.2,115.13,118,220,338,34.91,6.4,136.98,0.6,274.9,148.1,185.62,10.9,3.1,161,8.4,2.17,162,83,77,82
717401,MZLGI13MHP,998206,25/08/2018,06:22,07:32,Straw,Hazy,1.026,6.7,Negative,Negative,Trace,Negative,Negative,Normal,Negative,13-15,2,3-2,Nil,Nil,NIL,11.9,5.9,25.8,74.9,20,46,14.2,40.3,7004,23,45,21,6,0.1,8.89,1.96,0.79,0.68,0.05,299,10.2,12,0.24,29.1,0.1,0.37,0.03,0.94,162,75,115.3,7.3,36.5,74,2.2,1.54,0.65,0.4,0.1,0.3,100,56,17,38,7.3,3.8,3.5,1.09,0.9,14.3,6.6781,7.42,135,4.6,106,6.7,98.55,173,275,448,38.62,5.9,122.63,0.8,12.6,121.7,10.35,10.5,4.6,104,15.2,1.58,148,118,82,138
728774,PBCHD01PBP,488730,28/08/2018,11:42,13:03,Straw,Clear,1.011,6.9,Trace,Negative,Negative,Negative,Negative,Normal,Negative,10-11,0,3-3,Nil,Nil,Fungal elements,9.3,4.5,40.5,82,20,22,13.9,41.2,5726,43,12,1,2,0,3.42,2.94,0.4,0.72,0.01,422,11.6,12,0.2,30.6,0.1,0.11,0.22,0.35,179,54,79.8,8.7,43.5,209,3.3,1.48,0.68,0.6,0.1,0.5,100,36,30,29,6.6,4.4,2.2,2,0.6,78.5,36.6595,61.1,137,4.5,102,6.6,103.86,71,356,427,16.63,5.9,122.63,0.4,11.2,96.5,11.61,11.6,2,133,11.7,1.76,85,86,172,266
193055,GYAHD03JHJ,872617,27/08/2018,07:05,07:46,Pale Yellow,Clear,1.011,6.2,3+,Negative,Negative,Negative,Negative,Normal,Negative,TNTC,0,>20,Moderate,Nil,NIL,19.5,5.7,35.4,70.3,34,55,12.9,44.9,9408,31,47,6,2,0.4,5.87,2.75,0.37,0.28,0.01,424,11.1,12,0.1,38.2,4.6,0.61,2.2,0.69,222,39,82.8,14.3,71.5,196,5.7,2.12,0.47,0.7,0.2,0.5,58,25,23,8,8.3,4.8,3.5,1.37,0.4,15.7,7.3319,18.33,143,4.3,104,3.4,100.2,157,352,509,30.84,6.2,131.24,0.3,20.8,62.7,33.17,11.9,5,49,6.6,1.96,101,86,71,260
416660,GYAHD12KAU,103111,24/08/2018,10:39,11:22,Straw,Clear,1.012,6.8,Negative,Trace,Negative,Negative,Negative,Normal,Negative,6-8,1,1-3,Nil,Few,NIL,12.1,2.5,24.6,99,48,49,14.3,40.3,7099,45,21,3,24,0,8.78,1.05,0.69,0,0.08,186,7.6,13,0.09,16.6,2.9,0.25,0.41,0.27,130,30,80,58.1,290.5,104,4.3,2.67,0.38,0.8,0.2,0.6,126,25,14,25,8.2,3.6,4.6,0.78,1.1,15.2,7.0984,6.45,132,5.7,99,3.5,105.54,85,181,266,31.95,6.9,151.33,0,15.5,122.7,12.63,9.8,4.5,260,10.3,2.69,81,96,78,178
222054,KLTRS01MLT,842417,26/08/2018,10:41,12:01,Straw,Clear,1.02,5.3,Negative,Negative,Negative,Negative,Negative,Normal,Negative,12-14,0,3-2,Nil,Nil,NIL,12.9,4.8,44.2,83.7,26,29,12.8,40.2,7231,59,37,1,5,0.9,0.27,2.4,0.55,0.18,0.06,236,14.8,13,0.21,16.7,3.3,0.88,0.16,0.11,214,58,77.8,38.8,194,128,3.7,1.34,0.75,0.7,0.3,0.4,118,51,16,21,6.3,3.5,2.8,1.25,1.2,91.9,42.9173,35.76,141,3.9,106,4.4,80.28,132,246,378,34.92,6.3,134.11,0.2,27.8,203,13.69,12,2.6,153,18.2,2.2,115,93,172,98
159524,GYAHD14ODK,963980,27/08/2018,11:40,12:16,Pale Yellow,Slightly cloudy,1.014,5.9,Negative,Negative,Negative,Negative,Negative,Normal,Negative,5-6,2,3-4,Nil,Few,NIL,18.2,4.2,64.9,81.1,43,28,14.5,39.2,5526,47,27,6,7,0,11.56,2.32,0.23,0.96,0.08,404,13.9,15,0.38,26.2,3.7,0.4,4.96,0.86,183,58,128.6,32.7,163.5,90,3.2,2.22,0.45,12.4,7.9,4.5,122,36,37,18,6.6,3.6,3,1.2,0.6,7.2,3.3624,5.6,147,3.1,99,4.2,102.23,95,251,346,27.46,6.2,131.24,0.1,27.8,108.9,25.53,10.2,3.1,279,11.3,2.75,97,86,246,137
593777,GYAHD09KLM,775057,25/08/2018,10:36,11:29,Green,Clear,1.019,5.9,Trace,1+,Negative,Negative,Trace,Normal,Negative,2-4,2,3-2,Nil,Nil,NIL,9,4.2,46.8,86.2,21,19,14.3,40.4,25340,59,39,3,6,0,15.03,2.69,0.45,0.36,0.04,203,11.7,13,0.09,23.1,0.1,0.4,0.26,2.51,232,55,75.3,37.6,188,137,4.2,1.37,0.73,0.8,0.1,0.7,72,53,40,38,6.3,3.5,2.8,1.25,0.8,13.2,6.1644,7.71,143,3.4,98,6.2,119.9,99,350,449,22.05,5.9,122.63,0.7,21.8,62.5,34.88,8.3,5.7,63,15.2,2,127,110,71,94
591481,GYAHD03ODK,681492,28/08/2018,10:46,12:10,Orange,Hazy,1.016,4.5,Trace,1+,Negative,Negative,Negative,Normal,Negative,7-8,1,1-3,Nil,Nil,NIL,1.9,4.1,41.4,72.7,4,4,12.8,43.8,10273,39,38,10,4,0,4.1,2.22,0.75,0.14,0.14,366,8.1,20,0.32,13.6,3.1,5.44,0.31,4.12,231,51,156.4,32.1,160.5,188,4.5,3.07,0.33,0.3,0.1,0.2,72,35,39,39,6.2,3,3.2,0.94,0.8,13.7,6.3979,8,128,4.5,106,5.2,98.66,91,140,231,39.39,9.6,228.82,0.1,12.9,147.8,8.73,11.4,2.8,141,15.4,1.52,122,119,80,111
330274,PBCHD14NLM,566033,27/08/2018,07:46,08:54,Dark Yellow,Clear,1.019,6,1+,Negative,Negative,Negative,Negative,1+,Negative,8-9,0,2-3,Nil,Nil,NIL,12.9,5.7,30.5,86.9,22,42,16.4,45.4,5558,30,17,4,2,0,9.73,0.07,0.97,0.44,0.04,337,13.1,17,0.32,13.2,4.4,0.84,0.23,0.22,150,26,93.2,27.6,138,161,5.8,3.58,0.28,0.3,0.1,0.2,78,54,20,14,7.7,4.1,3.6,1.14,0.9,19.7,9.1999,10.22,120,4.6,98,4.4,93.16,64,125,189,33.86,6.2,131.24,0.8,23.5,31,75.81,10.3,3.2,72,12.2,2.89,81,90,74,79
542747,KLTRS01ODB,431653,25/08/2018,09:59,10:33,Red,Slightly cloudy,1.012,5.9,Negative,Trace,Negative,Negative,Negative,Normal,Negative,14-15,2,3-4,Nil,Rare,Parasites,16.2,6.7,46,80.9,24,35,13.7,41.3,50536,66,23,3,7,3,0.19,1.12,0.27,0.01,0.21,399,10.5,17,0.12,14.2,4.5,0.08,0.1,0.26,202,57,91.9,29,145,191,3.5,1.61,0.62,1,0,1,95,93,23,34,8,4.9,3.1,1.58,0.7,16.2,7.5654,10.81,149,4.4,107,9.5,97.36,88,327,415,21.2,7.3,162.81,0.5,21.1,77.8,27.12,11.4,1.6,176,11.9,3.06,200,94,99,98
669255,MZLGI09MHP,804413,25/08/2018,09:08,10:12,Yellow,Clear,1.007,6.5,Trace,Trace,Negative,Negative,Negative,Normal,Negative,11-12,0,15-17,Nil,Rare,NIL,7.8,4.3,38.2,64.6,18,20,11.8,42.9,50421,49,40,15,8,0,6.19,0.93,0.02,0.81,0.02,317,9.8,10,0.27,30.5,1.5,0.4,0.09,0.02,147,48,98.8,20.5,102.5,124,3.1,2.06,0.49,0.9,0.2,0.7,64,51,16,20,7.8,4.2,3.6,1.17,0.8,15.7,7.3319,9.16,144,2.6,95,2.7,83.69,69,134,203,33.99,5.9,122.63,0.5,11.9,143.2,8.31,11.4,1,97,22.9,2.56,83,112,81,72
863285,GYAHD08KAU,475891,24/08/2018,09:59,11:14,Deep Amber,Cloudy,1.026,6.2,Trace,Negative,Trace,Negative,Negative,Normal,Negative,6-7,9,2-4,Nil,Nil,NIL,14,8,48.2,74.1,17,29,12.3,44.8,6476,37,20,6,8,0,1.08,1.34,0.64,0.11,0.09,441,11.6,16,0.53,24.9,1.2,0.36,0.33,0.26,179,47,73.7,25,125,159,3.8,1.57,0.64,0.8,0.3,0.5,47,36,18,25,6.4,4.9,1.5,3.27,0.7,15.8,7.3786,10.54,136,4,104,6.5,117.96,77,157,234,32.91,6.4,136.98,0.7,20.5,67.8,30.24,10.1,3.2,176,16.1,12.27,148,62,86,150
334314,MZLGI11MHP,547838,25/08/2018,06:36,07:26,Straw,Clear,1.029,6.8,Negative,Negative,Negative,1+,Negative,Normal,Negative,10-12,2,1-3,Nil,Rare,NIL,3.1,4.8,25.9,40.9,6,11,9.6,40.6,10333,66,53,4,9,0,0.5,2.84,0.64,0,0.04,233,11.1,23,0.34,18.7,0.1,3.33,0.33,0.02,212,32,40.7,11.5,57.5,95,6.6,1.27,0.79,0.5,0,0.5,84,44,15,41,6,4.8,1.2,4,0.9,17.8,8.3126,9.24,120,3.7,114,3.7,18.92,150,97,247,60.73,8.8,205.86,0.7,20.8,113.2,18.37,7.6,2.3,155,9.9,2.63,91,107,74,285
447952,PBCHD12HPP,794348,24/08/2018,09:59,10:40,Pale Yellow,Clear,1.018,4.6,Negative,1+,Negative,Negative,Negative,Normal,Negative,3-5,2,3-3,Nil,Nil,NIL,16.3,4.9,36.6,87.4,33,44,14,45.1,6585,45,28,10,8,6.8,1.43,2.25,0.51,0.3,0.03,439,7,12,0.13,18.4,0.3,2.8,0.37,0.27,119,64,78.5,31.7,158.5,138,1.9,1.23,0.82,0.7,0.3,0.4,87,54,31,33,6.1,3,3.1,0.97,0.7,19.9,9.2933,13.28,160,4,115,5,128.19,121,173,294,41.16,6,125.5,0.4,18,40.2,44.78,8.7,4.2,264,20.6,0.85,198,82,90,78
496533,GYAHD05KAU,828930,26/08/2018,11:47,13:09,Light Yellow,Clear,1.017,4.7,Trace,Negative,Trace,Negative,Negative,Normal,Negative,9-10,0,3-3,Nil,Rare,Amorphous debris,13.8,4.7,60.7,49.2,29,22,12.3,40.8,5542,23,33,4,6,0,5.48,2.52,0.47,0.27,0.08,231,11.3,10,0.19,28.2,3.1,0.88,0.04,0.22,212,55,103.8,9.5,47.5,128,3.9,1.89,0.53,1,0.3,0.7,113,55,39,30,7.8,3.9,3.9,1,0.9,12.6,5.8842,6.54,148,4.3,114,5.6,117.18,187,113,300,62.33,10.4,251.78,5.2,10.7,121.1,8.84,10.6,3.7,70,5.4,0.03,83,68,70,130
298118,PBCHD04RJU,348866,25/08/2018,06:46,07:30,Pale Yellow,Clear,1.029,4.8,Trace,Trace,Negative,Negative,Negative,Normal,Negative,TNTC,0,9-11,Nil,Nil,Fat droplets or lipiduria,10.8,4.7,54.6,99.9,22,19,13.7,43.9,5188,70,14,1,2,0,9.79,1.17,0.5,0.22,0.02,1090,9.5,30,0.35,30.6,0.1,1.63,0.05,0.32,239,24,180.9,13,65,78,10,7.54,0.13,0.7,0.2,0.5,66,38,21,75,7.9,4,3.9,1.03,0.9,13.4,6.2578,6.95,135,4.5,105,1.7,101.93,73,333,406,17.98,6.2,131.24,0.6,111,47.4,234.18,9.1,2.4,131,7.8,1.23,86,69,98,128
888613,MZLGI05MHP,510312,24/08/2018,09:35,10:22,Straw,Clear,1.018,4.8,1+,Negative,Negative,Negative,Negative,Normal,Negative,3-5,46,11-12,Few,Nil,NIL,14.7,4.9,12.7,85.7,30,115,14.2,26.4,3516,64,33,2,2,0,5.33,2.84,0.53,0.01,0.14,197,7.7,16,0.23,35.7,3.9,0.1,2.71,0.32,217,22,45,31.5,157.5,64,9.9,2.05,0.49,6.1,3,3.1,45,25,15,18,8.1,4.1,4,1.03,0.8,12.1,5.6507,7.06,118,3.3,105,2.8,117.02,36,272,308,11.69,8.2,188.64,0.4,862.1,195.2,441.65,10.2,4.1,271,13.6,12.42,121,96,117,110
311532,PBCHD09PBM,934235,27/08/2018,11:21,12:10,Yellow,Clear,1.012,5.3,Negative,Trace,Negative,Negative,Negative,Normal,Negative,7-8,2,2-2,Nil,Nil,NIL,4.6,4.4,20.1,98.5,10,22,9.1,41.8,4050,76,26,2,5,0,8.83,2.2,0.45,0.22,0.01,437,7.7,17,0.16,12.8,0.5,2.29,0.04,0.37,222,60,116.2,26.4,132,133,3.7,1.94,0.52,0.3,0.1,0.2,92,32,34,8,7.8,5,2.8,1.79,0.9,11.7,5.4639,6.07,136,3.2,100,6.3,80.1,70,194,264,26.52,5.9,122.63,0.8,17.5,143.1,12.23,11.2,4.4,140,9.5,0.82,94,81,88,126
577806,PBCHD13PBP,270820,28/08/2018,11:14,12:27,Light Yellow,Clear,1.32,6.8,Trace,Negative,Negative,Negative,Negative,Normal,Negative,1-3,2,3-2,Few,Nil,NIL,12.9,4.3,28.8,84.1,30,44,14.2,45.8,7804,47,18,5,2,11.2,1.09,6.35,0.43,0.39,0.08,230,10.3,10,0.21,23.2,5.8,0.27,0.54,0.01,172,79,46.4,32.7,163.5,137,2.2,0.59,1.7,0.7,0.3,0.4,52,20,29,21,6.1,4,2.1,1.9,1.2,13.8,6.4446,5.37,137,3.5,107,5,99.81,134,124,258,51.94,7,154.2,0.7,15.9,76.1,20.89,12.3,3.6,148,19.4,2.11,145,61,83,98
958793,MZLGI12RJK,579830,26/08/2018,10:22,11:26,Yellow,Clear,1.018,6.4,Trace,Trace,Negative,Negative,Negative,Normal,Negative,11-13,0,2-3,Nil,Nil,Amorphous debris,11.1,5.8,44.3,82.2,19,25,14.6,45.9,10563,54,37,4,21,0,6.91,1.95,0.46,0.6,0.19,253,13.8,13,0.18,17.5,0.4,0.62,0.08,6.07,216,66,88.1,38.1,190.5,168,3.3,1.33,0.75,0.2,0,0.2,85,22,18,19,8,4.6,3.4,1.35,0.8,14.7,6.8649,8.58,140,2.2,104,2.9,92.2,156,295,451,34.59,7.7,174.29,0.5,10.1,123.8,8.16,9.4,4.2,53,9.2,1.48,88,96,83,142
771939,PBCHD09CGD,666066,26/08/2018,09:38,10:33,Light Yellow,Clear,1.014,7,Negative,Trace,Negative,Trace,Negative,Normal,Negative,4-5,2,9-9,Nil,Nil,NIL,14.1,5.9,52.7,73.5,23,26,14,40.5,10643,56,28,1,18,0,7.45,2.1,0.58,0.27,0.03,396,10.3,18,0.3,16.1,3.6,0.2,0.04,6.46,232,41,60.9,33.6,168,65,5.7,1.49,0.67,0.8,0.2,0.6,77,56,34,47,7.6,3.3,4.3,0.77,0.8,9,4.203,5.25,144,5.3,107,4,119.1,77,211,288,26.74,6,125.5,0.7,43.3,33.5,129.25,8.7,2.8,193,4.1,0.38,169,127,89,84
838694,PBCHD13HPP,193150,27/08/2018,11:35,12:50,Light Yellow,Hazy,1.019,7,Negative,1+,Negative,Negative,Negative,2+,Negative,12-13,1,2-3,Nil,Nil,NIL,19.6,5.1,43,81,38,45,15.6,44.9,53927,49,38,13,5,0,4.83,2.92,0.35,0.35,0.03,180,15,15,0.42,26,1,2.99,0.81,0.35,213,56,119.1,23.5,117.5,136,3.8,2.13,0.47,0.6,0.1,0.5,53,51,33,25,6.3,5,1.3,3.85,1.2,17.6,8.2192,6.85,142,4.1,95,2,99.36,69,313,382,18.06,6,125.5,0.1,18.1,125.3,14.45,10.1,4.4,121,3.7,0.06,103,79,100,238
931141,MZLGI01BRC,558056,24/08/2018,08:27,09:18,Straw,Clear,1.017,5.4,Trace,Trace,Negative,Negative,Negative,Normal,Negative,7-9,1,1-3,Nil,Nil,NIL,16.2,4.6,49.5,83.9,35,32,13.1,40.7,5907,59,34,9,1,0,1.53,1.49,0.44,0.38,0,283,7.2,11,0.54,27.2,0.4,0.21,0.34,0.05,166,47,85.4,23.1,115.5,85,3.5,1.82,0.55,0.4,0,0.4,40,29,29,43,6.6,4.6,2,2.3,0.6,7.9,3.6893,6.15,137,4,99,3.3,115.01,141,357,498,28.31,6.4,136.98,0,25.2,52.7,47.82,12,4.3,117,5.7,1.23,93,81,114,272
797239,MZLGI01GJS,556486,27/08/2018,06:16,07:07,Pale Yellow,Slightly cloudy,1.018,4.7,Trace,Trace,Negative,1+,Negative,Normal,Negative,14-15,2,2-4,Nil,Rare,NIL,14.5,5.9,41.8,59.2,24,34,13.6,40,7888,31,32,6,6,0,4.74,2.5,0.51,0.19,0.07,354,9.6,11,0.2,15.4,1.7,3.59,0.14,0.21,118,59,202.8,12.6,63,113,2,3.44,0.29,5.7,2.8,2.9,112,47,16,30,6.5,4.5,2,2.25,0.9,14.1,6.5847,7.32,139,4.5,97,6,97.18,156,347,503,31.01,6,125.5,0.1,16.5,88.8,18.58,9.2,4.4,198,9.4,0.47,199,115,85,287
438769,GYAHD14KAU,283439,28/08/2018,10:48,11:46,Deep Amber,Clear,1.021,7.4,Trace,Negative,Negative,Negative,Negative,Normal,Negative,4-6,0,3-2,Nil,Nil,Fungal elements,2.8,6.3,53.3,73.8,4,5,13.7,42.5,10194,30,50,2,2,0,4.73,2.03,0.73,0.02,0.01,1137,11,11,0.31,32,0.4,0.08,0.15,0.12,237,68,124.4,51.3,256.5,139,3.5,1.83,0.55,0.6,0.2,0.4,66,15,15,20,6.7,3.8,2.9,1.31,0.8,8.7,4.0629,5.08,127,5,108,3.3,115.66,127,272,399,31.83,6.1,128.37,0.6,13.6,80.2,16.96,10.2,4.9,178,19.5,2.75,86,101,81,84
249121,PBCHD02SKM,235800,24/08/2018,07:13,08:04,Straw,Hazy,1.025,6.6,Negative,1+,Negative,Negative,Negative,Normal,Negative,11-13,5,1-3,Nil,Few,NIL,12.7,5.2,47.7,80.8,24,26,13.5,43.5,5770,35,23,1,11,2.9,0.59,2.75,0.79,0.08,0,432,6.9,10,0.2,24.4,2.8,0.08,4.99,0.06,196,56,75.2,34,170,171,3.5,1.34,0.74,0.8,0.2,0.6,72,10,18,14,7.4,4.7,2.7,1.74,0.6,19.2,8.9664,14.94,141,4.7,105,3.7,117.86,95,240,335,28.36,6.2,131.24,8.8,15.3,40.1,38.15,7.8,4.5,184,10.7,1.74,130,130,119,171
307473,MZLGI02RJK,777163,25/08/2018,06:45,07:53,Pale Yellow,Slightly cloudy,1.017,4.8,Negative,Trace,Negative,Negative,Negative,Normal,Negative,5-6,10,3-3,Moderate,Nil,NIL,11.7,6.8,48.2,87.9,17,24,12,39.7,9650,52,29,6,6,0,19.91,2.83,0.06,0.41,0.01,818,10.2,18,0.39,12.4,3.8,0.11,3.28,0.16,224,26,81.6,11.9,59.5,110,8.6,3.14,0.32,1.5,0.7,0.8,98,3,33,29,7.4,4.4,3,1.47,1.1,10.7,4.9969,4.54,129,3.3,103,3.3,110.1,120,248,368,32.61,5.8,119.76,0.6,16.8,184.8,9.09,10.4,4.3,343,10,0.91,87,127,121,112
353451,KLTRS14KLP,596458,24/08/2018,07:06,08:11,Deep Amber,Clear,1.013,6.8,Negative,Negative,Negative,1+,Negative,Normal,Negative,7-9,0,15-16,Nil,Nil,NIL,17.7,5.7,43.8,80.8,31,40,12.8,42.3,6895,48,15,3,4,0,1.19,3.5,0.78,0.26,0.05,11,7.4,13,0.36,22.4,3.9,0.38,0.77,0.09,197,53,58.9,76.2,381,215,3.7,1.11,0.9,0.7,0,0.7,109,51,19,24,7.5,4.4,3.1,1.42,0.8,5.5,2.5685,3.21,143,3.8,98,5.9,107.44,82,266,348,23.56,6.1,128.37,1,227.1,73.9,307.31,10.9,5.5,134,8.1,0.84,105,80,117,187
154886,GYAHD14KLM,978077,25/08/2018,10:58,11:43,Light Yellow,Slightly cloudy,1.016,4.6,Trace,1+,Negative,Negative,Negative,Normal,Negative,1-3,1,2-2,Nil,Nil,NIL,12.3,5.3,37.1,95.5,23,33,11.5,37.2,5335,46,39,6,5,2.7,1.87,3.06,0.41,0.08,0.11,260,7.2,11,0.32,15.9,3.7,5.88,0.02,0.29,122,31,73.6,21.3,106.5,76,3.9,2.37,0.42,15.9,11.4,4.5,125,48,25,31,6.1,4.4,1.7,2.59,0.7,12,5.604,8.01,138,3.8,91,4.7,115.31,110,117,227,48.46,6.2,131.24,1,18.3,87.8,20.84,11.4,3.4,153,12,2.28,146,116,92,167
332624,PBCHD14RJU,401250,24/08/2018,07:19,08:33,Deep Amber,Slightly cloudy,1.028,4.9,Negative,Negative,Negative,Negative,Negative,Normal,Negative,TNTC,2,3-3,Nil,Rare,NIL,10.4,4.4,40.7,41.9,23,25,14.5,39.6,8541,38,20,5,7,0,3.1,2.72,0.72,0.42,0.04,369,7.9,13,0.22,18.8,3.6,0.11,3.14,0.77,155,52,90.4,32,160,109,3,1.74,0.58,0.4,0,0.4,103,49,19,36,6.1,3.7,2.4,1.54,0.6,6.6,3.0822,5.14,139,5.1,104,1.9,102.14,79,221,300,26.33,5.9,122.63,0.8,15.6,122.5,12.73,9.9,4.8,109,11.8,0.79,73,66,90,88
943686,KLTRS14MLT,356159,27/08/2018,09:18,10:11,Light Yellow,Hazy,1.02,6.9,3+,Trace,Negative,Negative,Negative,Normal,Negative,10-12,1,2-2,Rare,Rare,Parasites,14.7,5.1,41.2,74.7,28,35,11.6,40.5,6348,51,15,2,4,0,1.16,2.47,0.96,0.15,0.1,195,12,12,0.14,14.6,3.7,6.35,0.05,0.36,231,58,112.6,65.3,326.5,81,4,1.94,0.52,1,0.3,0.7,48,48,29,7,7.1,3.9,3.2,1.22,0.5,8.7,4.0629,8.13,136,4.9,100,3.6,12.61,119,218,337,35.31,8.2,188.64,0.7,14.1,132.5,10.64,10,2.6,202,3.5,2.48,90,65,86,113
350097,MZLGI05APK,368610,24/08/2018,07:25,08:37,Deep Amber,Slightly cloudy,1.017,4.6,Trace,Negative,Negative,Negative,Negative,Normal,Negative,11-13,1,1-4,Nil,Nil,NIL,2.7,5.8,52,61.6,4,5,14.5,42.9,4591,60,15,7,7,0,0.91,0.26,0.24,0.49,0.04,238,7.9,16,0.24,18.2,3.4,0.31,2.39,0.05,170,59,97.6,48.2,241,141,2.9,1.65,0.6,0.9,0.3,0.6,65,38,33,27,7.1,5,2.1,2.38,0.8,7.6,3.5492,4.44,148,5.4,100,6.3,95.44,120,325,445,26.97,7.2,159.94,0.1,25.5,108.9,23.42,7,6.5,122,14.5,2.92,74,96,84,74
383910,GYAHD07ODK,622414,24/08/2018,07:45,08:32,Light Yellow,Hazy,1.025,4.6,Negative,Negative,Negative,Negative,2+,Normal,Positive,10-12,0,3-3,Nil,Nil,Amorphous debris,19.2,6,22.3,96.3,32,86,16,40.5,10209,36,33,6,4,0,2.99,1.4,0.39,0.44,0.09,351,8.8,12,0.18,14.9,2.3,0.29,0.04,0.09,183,33,95.5,70.2,351,86,5.5,2.89,0.35,0.5,0.2,0.3,95,37,25,31,6.4,4,2.4,1.67,1.2,9.7,4.5299,3.77,136,4.9,98,2.4,106.05,145,249,394,36.8,6.3,134.11,0.7,11.3,108.6,10.41,9.5,1.6,155,14.3,1.74,120,69,94,106
809898,KLTRS06WBD,233838,24/08/2018,10:03,10:38,Pale Yellow,Slightly cloudy,1.03,6,Trace,Trace,Negative,Negative,Negative,Normal,Negative,4-5,0,3-3,Nil,Nil,NIL,16.8,5.7,20.4,88.7,29,82,12.6,45.9,3167,76,24,1,9,0,6.64,1.43,0.52,0.27,0.19,254,8.1,11,0.24,19.9,1.6,1.91,0.93,0.05,165,30,82.9,36,180,143,5.5,2.76,0.36,13.7,9.2,4.5,90,6,16,44,8,4.7,3.3,1.42,1.2,11.5,5.3705,4.48,142,4.4,102,2.5,97.08,113,215,328,34.45,6.3,134.11,2.8,28.9,129.4,22.33,11.8,5.2,182,18.3,1.24,93,74,173,203
798195,MZLGI05RJK,640322,27/08/2018,06:11,07:11,Straw,Clear,1.016,5.7,Trace,Negative,Negative,Negative,Negative,Normal,Negative,13-14,1,1-4,Moderate,Nil,Artifacts,13.6,6.9,41.5,76.9,19,32,12,45.4,9557,56,25,3,3,0.5,4.47,1.72,0.66,0.42,0.15,314,11.1,11,0.36,12.6,1.2,0.38,0.32,0.32,153,27,156.8,15.8,79,115,5.7,5.81,0.17,0.7,0,0.7,123,38,37,32,8.1,3.5,4.6,0.76,0.7,38.1,17.7927,25.42,149,3.5,97,8.7,110.19,45,303,348,12.93,5.8,119.76,0.1,27,27.2,99.26,9.6,3,67,6.9,10.25,121,75,209,111
260469,GYAHD06JHJ,429331,28/08/2018,09:41,10:13,Pale Yellow,Hazy,1.012,6.8,Trace,Negative,Negative,Negative,Negative,1+,Negative,10-11,1,1-2,Nil,Nil,Yeast cells,12.4,5,29.5,81,24,42,13.1,45,8612,55,31,5,18,0,9.24,2.44,0.45,0.29,0.08,280,9.4,11,0.34,26.6,0.1,0.08,0.93,0.03,237,38,97.9,94,470,103,6.2,2.58,0.39,2.9,1.4,1.5,81,55,93,14,7.7,5,2.7,1.85,0.7,15,7.005,10.01,146,5.1,98,6,100.87,117,197,314,37.26,6,125.5,0.5,12.7,599.4,2.12,9.1,7,205,13.5,3.39,91,93,97,85
263143,MZLGI11GJS,378408,26/08/2018,08:45,09:57,Pale Yellow,Clear,1.013,5.8,Trace,Trace,Negative,Negative,Negative,Normal,Negative,9-10,0,1-3,Few,Nil,Parasites,14.6,5.6,30.5,86.4,26,47,12.7,43,5720,44,41,6,4,0,4.59,3.77,0.92,0.04,0.02,371,13.9,16,0.17,27.2,6.5,0.31,0.36,0.43,109,47,79.6,33.1,165.5,130,2.3,1.69,0.59,0.7,0.1,0.6,59,8,13,46,6.7,3.5,3.2,1.09,0.8,16.9,7.8923,9.87,142,4.5,82,2.7,95.21,71,106,177,40.11,5.9,122.63,0.3,54.4,58.2,93.47,9.6,2,161,22,3.85,85,62,75,291
159830,KLTRS14ODB,315372,24/08/2018,06:12,06:54,Pale Yellow,Slightly cloudy,1.017,4.6,Trace,Negative,Negative,Negative,Negative,Normal,Negative,11-12,1,1-4,Nil,Nil,NIL,19.4,5.9,36.7,97.4,32,52,12.8,26.5,7019,41,24,5,3,0,6.41,1.72,0.94,0.6,0.05,95,8.4,18,0.55,18.4,0.1,0.39,0.36,0.05,192,56,128.9,32.3,161.5,63,3.4,2.3,0.43,0.2,0,0.2,129,44,26,44,8.2,4.4,3.8,1.16,0.8,19,8.873,11.09,141,4.6,95,5.6,115.88,226,301,527,42.88,7.1,157.07,0.6,75.8,86.3,87.83,11.4,3.2,165,9.4,0.35,73,90,86,179
377365,MZLGI08BRC,470275,27/08/2018,07:01,08:19,Light Yellow,Clear,1.016,6.9,Trace,Negative,Negative,Negative,Negative,1+,Negative,7-9,1,3-4,Nil,Nil,Fat droplets or lipiduria,15.2,6.8,50.8,87.9,22,29,14.4,42.1,7695,46,52,1,2,0,9.88,2.36,0.81,0.33,0.03,105,7,17,0.11,13.1,3.8,0.93,3.81,0.91,124,56,141,58.8,294,126,2.2,2.52,0.4,0.7,0.3,0.4,73,47,14,20,7.4,4.5,2.9,1.55,1,19.4,9.0598,9.06,92,3.3,106,2.9,115.42,162,134,296,54.73,5.3,105.41,0.4,22,115.3,19.08,13.3,3.4,107,7.3,1.19,84,163,122,139
612044,KLTRS11ODB,707058,27/08/2018,10:20,11:30,Straw,Clear,1.012,5.7,Trace,Negative,Negative,Trace,Negative,Normal,Negative,7-9,1,16-8,Nil,Nil,NIL,18.7,6.3,46.8,76.9,29,39,14.1,44.7,8780,56,28,6,6,0,1.58,1.97,0.96,0.18,0.06,413,10.7,10,0.21,28.2,3.3,0.46,0.78,0.03,209,55,88.2,84,420,178,3.8,1.6,0.62,0.8,0.2,0.6,96,24,24,20,5.4,4.4,1,4.4,1.2,14.6,6.8182,5.68,135,3.6,100,4.7,116.69,64,129,193,33.16,6.3,134.11,0.3,15.6,249.1,6.26,8.6,4.5,139,3.3,0.82,196,97,94,132
279535,GYAHD10KAU,420312,24/08/2018,08:01,09:08,Light Yellow,Clear,1.017,7.2,Negative,Negative,Negative,Negative,Negative,1+,Negative,6-8,1,1-4,Nil,Nil,Artifacts,18.5,3.8,43.5,80,48,42,12.9,40.4,5322,57,32,1,1,0,5.63,0.19,0.24,0.21,0.02,419,7.5,15,0.28,41.3,0.1,0.07,0.46,0.32,227,29,84.8,33.8,169,118,7.8,2.92,0.34,0.4,0,0.4,57,48,37,23,6.2,3.8,2.4,1.58,0.8,14.3,6.6781,8.35,124,2.8,97,3.8,116.83,124,123,247,50.2,8.6,200.12,0.7,15.5,82.1,18.88,10.5,2.8,87,4.8,1.9,101,94,80,97
498582,GYAHD02KAU,583481,27/08/2018,07:02,07:48,Straw,Clear,1.014,7,Trace,Trace,Negative,Negative,Negative,Normal,Negative,8-10,2,2-3,Rare,Nil,Fat droplets or lipiduria,4.9,4.6,34.2,46.9,10,14,12.4,45.2,10384,48,36,4,8,0,4.43,2.33,0.74,0.44,0.07,129,11.8,17,0.07,47.1,3.3,0.32,0.13,0.31,151,31,70,54.1,270.5,130,4.9,2.26,0.44,0.5,0.2,0.3,122,45,30,48,8.3,3.7,4.6,0.8,0.9,9.8,4.5766,5.09,147,4,102,2.3,94.14,148,352,500,29.6,5.8,119.76,0.1,20.3,101,20.1,8.7,4.6,73,12.2,2.76,99,80,80,283
966099,KLTRS01KLP,285339,28/08/2018,09:43,10:35,Straw,Clear,1.015,6.7,Negative,Trace,Negative,Negative,Negative,Normal,Negative,13-14,1,1-4,Nil,Nil,NIL,10,6.1,15.2,82,16,65,11.8,40.7,10366,31,24,2,6,0,2.7,2.84,0.97,0.25,0.08,722,8.9,15,0.35,33.8,0.4,0.29,2.3,0.19,182,31,72,27.4,137,114,5.9,2.32,0.43,1.3,0.2,1.1,125,28,24,40,8.1,4.9,3.2,1.53,0.8,16.5,7.7055,9.63,100,5.5,108,10.5,66.94,91,338,429,21.21,7.2,159.94,0.6,14.7,96.9,15.17,8.6,5.3,148,22.4,2.02,191,88,124,112
182420,GYAHD13JHJ,721566,28/08/2018,11:27,12:23,Yellow,Clear,1.016,6.9,Negative,Negative,Negative,Negative,Negative,Normal,Negative,14-15,0,2-2,Nil,Nil,NIL,17.5,6.8,44.8,92.1,25,39,13.7,41.2,4752,48,34,1,4,0,0.09,7.03,0.25,0.13,0.05,165,14.2,11,0.48,12.6,0.4,0.1,0.22,0.14,178,22,133.7,27.8,139,61,8.1,6.08,0.16,0.5,0.2,0.3,40,39,40,25,6.9,4.8,2.1,2.29,0.9,10.4,4.8568,5.4,137,4.3,88,2.5,92.05,169,177,346,48.84,6.2,131.24,0.8,17.1,271.4,6.3,9.4,5.4,67,5,8.82,79,92,121,79
260317,KLTRS06TSS,511057,28/08/2018,10:01,10:53,Straw,Clear,1.014,5.3,Negative,Trace,2+,Negative,Negative,Normal,Negative,1-2,0,1-2,Nil,Nil,NIL,16.6,4.1,37.8,42.2,40,43,12.3,43.2,7840,64,31,5,7,11,1.25,1.94,0.9,0.05,0.18,82,9.6,12,0.23,27.5,0.1,0.29,0,0.1,173,39,95.5,8.2,41,77,4.4,2.45,0.41,4.5,2.2,2.3,128,19,39,45,8.1,4.3,3.8,1.13,0.7,17.1,7.9857,11.41,143,4.5,114,3.8,107.26,143,258,401,35.66,8.7,202.99,0.1,16.9,134.1,12.6,9.2,3.6,62,17.3,0.81,177,88,111,292
464139,GYAHD03ODK,287229,25/08/2018,06:14,07:33,Pale Yellow,Hazy,1.024,4.8,Negative,Negative,Negative,Negative,Negative,Normal,Negative,3-5,2,1-2,Nil,Nil,Fungal elements,9.1,5.2,17.1,62.4,17,53,11.1,44.6,9570,33,38,1,7,6.4,1.3,2.23,0.06,0.15,0.16,427,7.2,12,0.53,21.9,4,0.39,0.31,0.06,190,32,34.7,16.9,84.5,141,5.9,1.08,0.92,0.6,0.2,0.4,48,10,19,15,6,4,2,2,1.1,10,4.67,4.25,127,3.7,108,2.7,105.71,74,104,178,41.57,6.2,131.24,0.6,16.9,277.2,6.1,10.1,4.3,103,18.6,0.28,99,108,103,136
798441,KLTRS09WBD,952906,25/08/2018,06:35,07:15,Pale Yellow,Clear,1.022,5.2,Trace,Negative,Trace,Trace,Negative,Normal,Negative,4-5,1,3-4,Rare,Nil,Fat droplets or lipiduria,13.1,2.5,37.5,82.2,52,34,10.7,28.1,9711,42,38,6,8,0,11.02,1.05,0.84,0.14,0.02,208,13.8,13,0.32,14.2,0.8,0.18,0.03,2.11,166,51,117.2,78.2,391,179,3.3,2.3,0.44,0.6,0,0.6,78,22,19,25,7,4.1,2.9,1.41,1.4,9.4,4.3898,3.14,128,6,105,6.6,103.44,190,152,342,55.56,6.2,131.24,0.3,12.5,292.4,4.27,10.3,3.9,132,10.6,6.32,116,76,72,130
110316,KLTRS11TSS,632541,24/08/2018,08:31,09:14,Pale Yellow,Slightly cloudy,1.012,6.6,Trace,Negative,Negative,Negative,Negative,Normal,Negative,8-10,2,14-13,Nil,Nil,NIL,9.7,5.9,33,96.5,16,29,12.5,44.5,13875,48,32,1,4,0,8.94,3.35,0.46,0.03,0.01,66,5.9,19,0.22,13.1,2.4,0.22,0.61,0.01,177,50,95.6,26.4,132,150,3.5,1.91,0.52,1.5,0.7,0.8,46,15,12,46,6.6,4.8,1.8,2.67,1,14.8,6.9116,6.91,137,5.5,90,4.4,96.35,111,294,405,27.41,8.7,202.99,0,12.6,97,12.99,10.6,4.9,206,7.5,7.78,123,135,86,138
205362,PBCHD07RJU,801883,25/08/2018,10:58,11:33,Light Yellow,Clear,1.03,5.1,Trace,Negative,Negative,Negative,Negative,Normal,Negative,11-13,1,9-16,Nil,Rare,Artifacts,18.6,4.5,45,71.6,41,41,14.3,40.8,8840,71,31,4,3,0,2.75,1.77,0.65,0.57,0.09,277,9.5,15,0.22,18.1,2.7,0.15,0.61,1.09,155,48,75.4,42.1,210.5,169,3.2,1.57,0.64,1.9,0.9,1,106,39,39,22,7,4.5,2.5,1.8,1,19.9,9.2933,9.29,143,5.6,98,5.5,117.03,140,264,404,34.65,6.1,128.37,0.6,179.6,598.1,30.03,11.9,5.9,161,9.5,3.74,94,89,70,129
952263,GYAHD07KLM,672285,28/08/2018,09:29,10:28,Green,Clear,1.017,5.2,Negative,Negative,Negative,Negative,Negative,Normal,Negative,9-11,4,2-4,Nil,Nil,NIL,10.3,7.6,43.5,85.3,13,23,14.4,40.1,4841,53,28,1,8,0,11.88,2.35,0.8,0.14,0.05,328,11.9,17,0.3,24,2,0.26,1.68,0.17,150,40,83.4,10.3,51.5,165,3.8,2.09,0.48,0.9,0.3,0.6,48,28,38,22,7.2,3.7,3.5,1.06,0.7,10.5,4.9035,7.01,134,2.7,97,3.7,118.22,63,292,355,17.75,5.8,119.76,0.9,111,116.8,95.03,7.5,3.8,279,18.3,1.79,76,88,86,90
308988,MZLGI07GJS,580991,26/08/2018,08:18,09:36,Pale Yellow,Clear,1.034,5,Trace,Trace,Negative,Negative,Negative,Normal,Negative,1-2,2,2-3,Rare,Nil,NIL,16.7,7,40.2,84.1,23,41,14.4,40.3,9138,43,23,1,4,0,1.2,1.63,0.98,0.29,0.04,216,11,10,0.54,14.5,4.5,0.01,0.65,0.1,282,59,101.6,8.2,41,81,4.8,1.72,0.58,0.2,0,0.2,91,30,32,33,7.8,4,3.8,1.05,0.6,12.7,5.9309,9.88,142,3.9,100,2.2,81.71,122,163,285,42.81,6.2,131.24,0.2,22.8,110,20.73,9.4,2.2,89,12.5,0.92,92,76,103,95
739712,KLTRS14TSS,518632,26/08/2018,08:32,09:49,Pale Yellow,Clear,1.017,5,Trace,Trace,Negative,Negative,Negative,Normal,Negative,12-14,2,>20,Nil,Nil,NIL,10.6,4.1,34.6,92.3,25,30,12.9,40.6,7310,66,11,13,3,0,1.87,5.42,0.72,0.13,0.01,275,7.2,16,0.26,22.9,2.4,0.34,0.25,0.53,102,51,91.4,64.9,324.5,78,2,1.79,0.56,0.7,0.2,0.5,119,46,52,28,8.3,3.6,4.7,0.77,1,8.5,3.9695,3.97,126,4.7,113,6.7,108.2,117,356,473,24.74,5.9,122.63,0.4,18.8,106.7,17.62,8.9,3.3,95,5.5,0.41,101,199,93,120
587059,KLTRS02NLZ,654778,28/08/2018,11:18,12:02,Light Yellow,Clear,1.012,6.8,Negative,2+,Negative,Negative,Negative,Normal,Negative,58-63,2,3-2,Nil,Nil,NIL,11,5.4,53,78.4,20,20,12.1,41.6,7025,50,43,3,25,0,9.65,1.89,0.44,0.31,0.14,259,8.4,17,0.09,36.3,2.3,0.66,0.35,4.59,191,54,135.7,38.1,190.5,61,3.5,2.51,0.4,0.8,0.2,0.6,180,39,32,27,7,4.1,2.9,1.41,1,15.3,7.1451,7.15,137,4,103,6.8,105.75,159,130,289,55.02,6,125.5,0.3,14.6,119.7,12.2,9.8,2.8,172,3.4,2.94,83,117,61,76
790573,MZLGI07BRC,414739,26/08/2018,10:11,11:26,Yellow,Hazy,1.015,5,Trace,1+,Negative,Negative,Negative,Normal,Negative,12-14,1,3-3,Nil,Moderate,NIL,11.8,4.1,37.8,126.9,28,31,12.4,45.8,7919,33,21,1,11,0,4.08,2.71,0.63,0.31,0.02,147,17.9,12,0.33,24.6,1.2,0.79,0.21,0.23,190,44,53.2,10.1,50.5,68,4.3,1.21,0.83,0.7,0.3,0.4,322,54,24,40,7.2,4.3,2.9,1.48,1.2,18.7,8.7329,7.28,136,5.1,95,6.7,113.28,91,355,446,20.4,7.7,174.29,0.9,14.4,108.7,13.25,7.9,3.5,257,7.5,4.68,76,82,85,61
958573,PBCHD06GAM,319329,24/08/2018,10:07,11:17,Yellow,Clear,1.017,5.1,Negative,Negative,Negative,Negative,Negative,Normal,Negative,TNTC,1,5-16,Rare,Nil,NIL,10.4,4.9,40.1,49.9,21,25,14.2,40.8,6980,49,42,1,7,0.2,9.03,1.3,0.6,0.51,0.06,281,9.5,13,0.31,34.2,0.1,1.74,0.11,0.26,188,40,50,33.3,166.5,127,4.7,1.25,0.8,0.5,0.2,0.3,113,12,28,48,6.3,3.6,2.7,1.33,1.1,7.8,3.6426,3.31,135,2.6,97,4.7,102.28,66,350,416,15.87,9,211.6,0.8,15.1,169.8,8.89,8.5,2.9,128,11,3.53,82,79,78,75
649477,GYAHD13JHJ,579782,27/08/2018,06:43,07:20,Light Yellow,Slightly cloudy,1.019,6.9,Negative,Trace,Negative,Negative,Negative,Normal,Negative,TNTC,2,1-3,Nil,Nil,Parasites,19.6,4.2,50.5,92.1,46,38,12.5,39.7,5928,58,29,1,7,0,0.69,1.72,0.72,0.32,0.01,181,10.8,10,0.35,19.2,2.6,0.03,0.15,0.45,175,46,92.4,66.7,333.5,116,3.8,2.01,0.5,0.9,0.2,0.7,96,9,13,47,6,3.8,2.2,1.73,0.9,17.6,8.2192,9.13,142,3.8,110,3.4,108.38,139,143,282,49.29,5.8,119.76,0.7,17.6,99.3,17.72,10.4,5.9,252,14.9,0.62,146,68,76,98
544929,PBCHD05PBP,718464,27/08/2018,10:57,12:04,Yellow,Cloudy,1.023,5.7,Negative,Trace,Negative,Negative,Negative,Normal,Negative,7-9,2,10-17,Nil,Nil,NIL,11.1,4,22.9,99.3,27,48,13.8,42.1,8542,40,30,4,2,0,3.64,2.13,0.48,0.21,0.18,1189,9.3,11,0.14,24.4,5.5,0.3,0.27,0.34,179,48,86.9,13.2,66,149,3.7,1.81,0.55,0.6,0.1,0.5,109,33,32,32,5.7,4.5,1.2,3.75,0.8,6.8,3.1756,3.97,135,4.2,104,6.7,98.17,163,123,286,56.99,6.1,128.37,0.8,16.2,67.1,24.14,10.1,5.4,56,10.3,1.52,115,77,96,76
558530,PBCHD03RJU,859823,25/08/2018,06:40,07:53,Pale Yellow,Clear,1.013,4.9,Negative,Trace,Negative,Negative,Negative,Normal,Negative,TNTC,0,2-4,Rare,Nil,NIL,14.1,5.4,34.2,96.9,26,41,11.6,41.7,9721,73,17,4,8,0,6.61,1.33,1.23,0.3,0.1,138,8.1,11,0.21,49.9,2.5,0.19,0.2,0.11,159,80,117.7,40.4,202,147,2,1.47,0.68,0.8,0.3,0.5,40,48,37,32,6.8,4.5,2.3,1.96,1.1,14.8,6.9116,6.28,140,3.9,100,4.4,90.65,112,359,471,23.78,8,182.9,0.8,25.6,28.8,88.89,9.4,3.4,147,16.7,4.43,103,133,105,75
780189,MZLGI06APK,657280,25/08/2018,07:30,08:51,Yellow,Hazy,1.025,5.1,Trace,Trace,Negative,Negative,Negative,Normal,Negative,1-2,1,1-3,Rare,Moderate,NIL,11.8,5.5,58.1,62.4,21,20,14.4,42.4,5584,34,33,5,2,0,4.97,1.44,0.74,0.61,0.16,122,10.2,11,0.33,32.5,4.8,0.39,0.27,0.26,125,42,68.1,33.9,169.5,88,3,1.62,0.62,0.5,0.2,0.3,66,21,17,32,8.1,4.1,4,1.03,0.6,7.8,3.6426,6.07,145,4,99,3.3,39.64,141,357,498,28.31,6.3,134.11,0.4,13,116.7,11.14,9.4,3.8,139,9.3,0.15,107,111,91,94
229781,MZLGI15BRC,501854,28/08/2018,10:23,11:04,Straw,Hazy,1.029,4.5,Trace,2+,Trace,Negative,Negative,Normal,Negative,7-8,1,15-12,Nil,Nil,Fat droplets or lipiduria,17.8,6,52,89,29,34,14.3,41,9003,64,32,5,3,0,8.57,1.42,0.79,0.24,0.1,268,7.5,15,0.28,27.8,3.8,0.74,0.29,0.02,192,47,157.7,83.9,419.5,71,4.1,3.36,0.3,0.5,0.1,0.4,71,7,32,18,6.9,3.7,3.2,1.16,0.6,9.8,4.5766,7.63,128,4.6,107,5.9,113.3,102,285,387,26.36,6.2,131.24,0.8,25.6,171.9,14.89,11.6,2.8,119,6.5,0.24,82,89,125,110
944123,KLTRS03KLP,520057,26/08/2018,11:11,12:02,Yellow,Clear,1.027,5.2,Negative,Negative,Negative,Negative,Negative,Normal,Negative,11-13,2,9-10,Nil,Rare,Parasites,5.5,5.4,58.7,85.9,10,9,12.6,26.7,52768,44,21,1,7,1.1,8.63,6.65,0.33,0.5,0.09,245,8.2,10,0.21,24.4,0.2,0.08,3.7,0.34,165,42,143.6,10.7,53.5,171,3.9,3.42,0.29,0.7,0.3,0.4,114,113,38,15,7.4,4.2,3.2,1.31,0.6,15.4,7.1918,11.99,137,4.4,103,6.9,91,118,261,379,31.13,6.5,139.85,0.8,16.5,85.6,19.28,10.3,5.3,74,7.6,2.72,125,99,78,288
506616,GYAHD15KAU,350936,25/08/2018,08:31,09:03,Pale Yellow,Cloudy,1.016,6,Trace,Negative,Negative,Negative,2+,Normal,Negative,11-13,2,2-3,Nil,Nil,Amorphous debris,18,5.4,38.6,94.4,33,46,12.8,42.4,24121,80,41,6,2,0,8.62,4.34,0.61,0.13,0.07,139,7.7,17,0.35,24.5,1.1,0.61,0.27,0.93,205,48,72.9,7.8,39,155,4.3,1.52,0.66,0.7,0.3,0.4,108,40,12,48,7,3.9,3.1,1.26,1.2,9.7,4.5299,3.77,120,2.8,104,1.3,108.47,95,259,354,26.84,7.9,180.03,0.9,27.3,174.4,15.65,10.6,3,187,3.6,7.1,120,94,88,81
216127,PBCHD05PBP,258178,24/08/2018,09:39,10:30,Dark Yellow,Hazy,1.02,5.1,Trace,Trace,Negative,Negative,Negative,Normal,Negative,TNTC,2,2-4,Nil,Nil,Artifacts,19.7,4.1,59.8,85.3,48,32,14.1,42.7,6183,60,12,3,2,0.9,1.05,2.25,1,0.29,0.07,50,6.5,13,0.34,33.5,0.1,0.92,0.12,0.3,196,55,95.6,21.5,107.5,73,3.6,1.74,0.58,0.7,0.3,0.4,75,30,86,47,7,5,2,2.5,1.1,56.3,26.2921,23.9,143,2.7,95,2.1,101.33,152,219,371,40.97,8.7,202.99,0.2,18.1,66,27.42,10,6.9,160,20.3,1.93,77,105,95,178
368485,KLTRS02WBD,189556,27/08/2018,09:44,10:20,Light Yellow,Clear,1.027,6.9,Negative,Negative,Negative,Negative,Negative,2+,Negative,2-4,0,1-3,Nil,Nil,NIL,16.7,6.1,46,99,27,36,11.7,39.2,10604,59,38,1,7,0,0.97,1.09,0.32,0.17,0.01,382,8.3,15,0.28,23.3,4.2,0.08,1.89,0.02,856,32,144.2,86.1,430.5,104,26.8,4.51,0.22,5.5,2.7,2.8,74,40,22,15,6.7,4,2.7,1.48,0.9,9.3,4.3431,4.83,137,4.9,107,5.8,119.55,28,120,148,18.92,6.3,134.11,0.7,23.5,82.1,28.62,8.7,2.6,118,7.7,1.57,105,79,76,73
381454,PBCHD04NLM,823490,28/08/2018,09:35,10:49,Light Yellow,Opaque,1.019,5.9,Negative,Trace,Negative,Negative,Negative,Normal,Negative,9-11,0,1-4,Nil,Nil,NIL,14,8.1,52,78.2,17,26,11.9,30.4,6863,55,27,4,4,0,9.83,2.97,0.51,0.42,0,216,12,19,0.25,21.4,2.8,0.96,0.23,0.01,184,53,82.8,25,125,84,3.5,1.56,0.64,0.5,0.2,0.3,167,11,17,30,8,5,3,1.67,0.7,14.3,6.6781,9.54,148,4.4,101,10.4,119.81,113,351,464,24.35,12,297.7,0.1,289,147,196.6,9.8,4.2,258,12.6,1.94,120,68,116,64
992069,MZLGI09GJS,679233,24/08/2018,08:36,09:41,Pale Yellow,Slightly cloudy,1.011,4.7,1+,Negative,Negative,Negative,Negative,Normal,Negative,8-10,2,2-4,Moderate,Nil,Amorphous debris,11.1,5.4,42.5,85.2,20,26,12.5,41.7,2433,55,24,4,5,0,2.34,1.41,1.24,0.21,0.06,251,12.9,11,0.09,21.6,4.9,0.34,4.5,0.29,188,31,94.9,9.8,49,91,6.1,3.06,0.33,0.7,0.3,0.4,115,32,24,35,6.4,5.2,1.2,4.33,0.7,42,19.614,28.02,133,4.6,104,6.8,109.93,90,273,363,24.79,11.8,291.96,0.8,17.2,81.8,21.03,10.1,2.8,88,16.5,2.31,96,85,77,111
175285,MZLGI14MHP,655694,27/08/2018,06:30,07:25,Pink,Clear,1.026,6.6,Trace,Negative,Negative,Negative,Negative,Normal,Negative,9-11,2,3-3,Nil,Nil,NIL,3.9,4.8,23.5,82.5,8,16,14.6,41.9,9525,48,28,9,2,0,8.79,4.5,0.68,0.03,0.09,248,8.9,13,0.38,15.8,0.8,0.23,0.3,0.77,174,25,98,7.8,39,107,7,3.92,0.26,0.9,0.3,0.6,99,56,6,47,8.3,4.5,3.8,1.18,0.8,11.4,5.3238,6.65,140,4.3,95,6.6,116.3,105,255,360,29.17,10.7,260.39,0.1,22.2,68,32.65,8.7,2.5,176,9.8,3.21,84,114,63,290
693460,KLTRS01MLT,285242,24/08/2018,07:43,08:50,Green,Clear,1.015,6.9,Negative,Negative,Negative,3+,Negative,Normal,Negative,6-8,1,3-3,Moderate,Nil,Fat droplets or lipiduria,15.7,4.3,45.4,86.3,36,34,11,42.2,11091,47,33,6,4,0.8,5.13,1.24,0.97,0.29,0.05,202,5.1,20,0.23,16.6,5.4,0.36,0.34,0.39,199,40,56.1,35,175,90,5,1.4,0.71,1.5,0.7,0.8,60,50,15,9,7.5,2.6,4.9,0.53,0.5,11.3,5.2771,10.55,148,3,102,4.1,102.37,129,352,481,26.82,7.9,180.03,0.8,12.3,49.6,24.8,10,1.9,65,4.1,1.45,72,94,94,76
353008,KLTRS01NLZ,489294,24/08/2018,10:13,11:39,Pale Yellow,Clear,1.012,7,Negative,Negative,Negative,Negative,Negative,Normal,Negative,TNTC,11,1-3,Nil,Nil,NIL,12.7,5.1,48.1,78.3,24,26,13.5,40.5,7636,55,35,2,7,0,5.01,2.91,1.23,0.07,0.09,41,7.1,17,0.3,18.6,0.7,0.32,0.93,0.29,205,34,101.9,17.5,87.5,178,6,3,0.33,0.7,0.3,0.4,92,14,30,11,7.6,4.5,3.1,1.45,1,16.8,7.8456,7.85,97,4.3,103,2.3,68.22,120,247,367,32.7,6.1,128.37,0.1,16.8,119.3,14.08,8.6,2.6,116,14,3.48,90,67,83,117
736967,PBCHD14MHS,166222,26/08/2018,07:48,08:48,Deep Amber,Slightly cloudy,1.023,5.4,Trace,Trace,Negative,Negative,Negative,Normal,Negative,11-13,2,3-4,Nil,Nil,NIL,12.7,4.3,34,90.3,29,37,12.3,34.2,10006,50,47,4,3,0,3.17,2.44,0.31,0.61,0.24,192,11.7,20,0.15,27.2,2.9,0.32,0.11,0.21,231,51,72.5,15.6,78,165,4.5,1.42,0.7,0.3,0,0.3,60,54,20,35,7.1,4.2,2.9,1.45,1.1,5.5,2.5685,2.34,129,4.4,95,10,110.76,77,344,421,18.29,6.2,131.24,0,21.3,139.9,15.23,10.6,2.6,75,7,0.24,85,95,63,97
476577,GYAHD14JHJ,928264,27/08/2018,09:24,10:32,Light Yellow,Slightly cloudy,1.018,6.5,Negative,Negative,Negative,Negative,Negative,Normal,Negative,10-12,0,2-4,Nil,Nil,NIL,15.5,5.4,54,78.1,28,28,11.6,42.8,3648,40,52,1,10,0,8.47,1.83,0.25,0.21,0.01,185,12.8,17,0.26,21.9,0.1,0.15,0.15,0.05,228,59,112.3,21.4,107,86,3.9,1.9,0.53,0.2,0,0.2,40,14,19,31,6.9,4.7,2.2,2.14,1.2,19.1,8.9197,7.43,144,1.8,79,4.6,90.01,73,357,430,16.98,6,125.5,0.6,15.2,85,17.88,9.2,5,150,9,0.05,106,297,71,143
243974,PBCHD07MHS,556839,25/08/2018,10:15,11:43,Pale Yellow,Opaque,1.019,8,Trace,Negative,Negative,Negative,Negative,Normal,Negative,4-5,0,1-3,Rare,Rare,NIL,10.7,5.2,55.1,86.5,20,19,12.5,27.5,9564,67,35,6,5,0,2.68,2.31,1.45,0.08,0.02,31,7.4,11,0.26,16.9,3.9,0.34,0.36,0.14,177,77,124.1,21.2,106,142,2.3,1.61,0.62,0.5,0.2,0.3,51,44,39,29,6.1,3.6,2.5,1.44,0.6,10.5,4.9035,8.17,140,3.3,97,2,101.23,75,337,412,18.2,7.3,162.81,0.1,16,113.2,14.13,9.9,5.7,188,9.9,1.79,74,83,94,142
560751,PBCHD15NLM,394762,27/08/2018,06:17,07:24,Pale Yellow,Slightly cloudy,1.01,5,Negative,4+,Negative,Trace,Negative,Normal,Negative,11-12,2,2-2,Rare,Rare,NIL,17.1,5.3,43.1,64.3,32,39,13.7,27.9,31781,40,48,4,5,0.1,6.99,2.88,0.38,0.51,0.08,104,6,14,0.23,28.5,5.4,0.01,4.15,2.47,192,27,55.1,31.4,157,79,7.1,2.04,0.49,0.7,0.3,0.4,82,20,31,23,5.1,5,0.1,50,0.6,6.9,3.2223,5.37,97,3.7,108,3.1,111.14,68,187,255,26.67,5.9,122.63,0.4,21.8,140.6,15.5,12,2,97,11.7,7.33,76,62,83,94
468771,GYAHD05KAU,381141,26/08/2018,08:20,09:15,Pale Yellow,Clear,1.015,7.4,Negative,Negative,Negative,Negative,Negative,Normal,Negative,10-11,15,>20,Nil,Rare,NIL,8.3,4.7,47.7,84,17,17,14.2,48,4204,48,43,2,5,0,8.8,1.28,0.29,0.33,0.14,211,8.9,13,0.4,27.4,2.3,0.37,0.15,0.35,181,54,79.3,38.2,191,195,3.4,1.47,0.68,0.5,0.1,0.4,71,44,32,14,7.7,5,2.7,1.85,1.1,35.6,16.6252,15.11,147,4.6,105,5,107.2,147,352,499,29.46,6,125.5,0.6,15,135.5,11.07,10.4,4.3,256,17.3,1.66,117,103,76,115
793415,KLTRS09NLZ,113753,28/08/2018,06:21,07:06,Yellow,Clear,1.012,6.9,Trace,Trace,Negative,Negative,Negative,Normal,Negative,3-5,3,3-4,Nil,Rare,NIL,20.2,4.9,37.9,78.2,41,53,12.2,38.9,7096,47,18,4,3,0,2.73,2.92,0.32,0.5,0.09,987,10.9,16,0.21,12.9,0.1,0,0.34,0.35,218,41,74.7,26.5,132.5,93,5.3,1.82,0.55,0.3,0.1,0.2,82,52,21,25,6.5,4.9,1.6,3.06,0.6,16.5,7.7055,12.84,130,4.1,98,8.9,106.1,101,228,329,30.7,6.6,142.72,0.4,228.1,98.5,231.57,9.5,4,139,12.4,1.52,78,89,82,129
219745,MZLGI10MHP,188169,28/08/2018,10:13,11:10,Yellow,Slightly cloudy,1.011,6.6,Negative,Negative,Negative,Negative,Trace,Normal,Negative,12-13,0,2-2,Rare,Nil,Fat droplets or lipiduria,10.9,5.3,49.9,77.7,20,21,14.1,45.2,9040,34,24,6,3,0.6,9.4,7.33,0.73,0.39,0.01,323,14.8,10,0.39,30.3,3.3,6.68,6.59,0.16,182,53,92.2,87.5,437.5,110,3.4,1.74,0.57,0.8,0.2,0.6,126,25,32,27,6.6,3.8,2.8,1.36,0.9,16.5,7.7055,8.56,124,3.3,107,5.5,102.15,77,266,343,22.45,8.5,197.25,0.4,15.9,294.2,5.4,11.8,4.1,73,11.7,0.34,119,88,73,93
112232,MZLGI10RJK,909458,27/08/2018,07:17,08:31,Pale Yellow,Slightly cloudy,1.027,5,Trace,Trace,Negative,Trace,Negative,Normal,Negative,11-13,0,3-3,Nil,Nil,NIL,15.9,6.4,31,98.5,24,51,14.2,39.4,3881,50,39,2,7,0,8.75,1.63,1.3,0.31,0.05,13,8.5,15,0.24,31.3,0.1,0.14,0.39,0.34,130,45,45.3,18.4,92,175,2.9,1.01,0.99,0.5,0,0.5,98,25,48,44,8.2,4.9,3.3,1.48,0.7,13.9,6.4913,9.27,142,3.3,105,3.9,102.45,142,354,496,28.63,5.8,119.76,0.1,26.2,205.9,12.72,9.5,4.4,73,8.2,2.74,88,83,80,75
162712,GYAHD06JHJ,525084,24/08/2018,07:47,09:05,Light Yellow,Clear,1.014,6.8,Negative,Negative,Negative,Negative,Negative,Normal,Negative,51-56,0,3-4,Few,Nil,NIL,15.3,6.8,49.5,94.3,22,30,13,44.7,3497,42,20,4,6,0,1.07,1.74,0.26,0.39,0.48,280,10,13,0.65,15.6,0.7,0.21,0.33,0.04,202,32,48.9,29.7,148.5,141,6.3,1.53,0.65,0.9,0.2,0.7,69,34,10,33,7,3.7,3.3,1.12,1.1,18,8.406,7.64,136,4.6,102,3.4,119.9,150,309,459,32.68,6,125.5,0.6,17.5,138.8,12.61,10.1,6.6,123,6,0.88,98,75,123,279
105081,KLTRS04NLZ,353766,25/08/2018,09:54,10:36,Straw,Clear,1.013,6.5,1+,Trace,Negative,Negative,Negative,Normal,Negative,3-5,0,2-4,Nil,Nil,NIL,21,4.5,30.1,93.7,46,69,12.1,41.7,10248,58,31,1,2,0.7,6.53,1.37,0.44,0.46,0.06,203,8.5,12,0.26,16.1,1.5,0.27,0.41,0.38,224,40,131.5,29.6,148,204,5.6,3.29,0.3,0.8,0.3,0.5,235,40,24,44,6.1,3.9,2.2,1.77,0.8,14.5,6.7715,8.46,130,3.9,107,6.1,111.91,64,174,238,26.89,5.9,122.63,0.8,245.8,92.8,264.87,9.9,5.8,163,8.7,1.9,83,93,65,193
832226,KLTRS08WBD,571848,24/08/2018,11:56,13:11,Pale Yellow,Slightly cloudy,1.007,7,2+,Trace,Negative,Negative,Negative,Normal,Negative,7-8,5,1-2,Nil,Few,NIL,9,5.1,55.6,93.1,17,16,14.4,42.1,5081,45,22,8,4,0,12.84,1.98,0.7,0.07,0.1,202,12,16,0.23,24.3,1.4,0.71,0.91,0.93,189,65,201.4,24,120,70,2.9,3.1,0.32,0.7,0,0.7,121,31,33,14,6,5.4,0.6,9,1,18.8,8.7796,8.78,139,3.5,97,5.7,48.89,87,332,419,20.76,6.1,128.37,3.1,12.1,147.3,8.21,10.3,5.6,128,6.3,1.93,72,97,87,232
989442,GYAHD06ODK,826174,27/08/2018,11:39,12:22,Yellow,Clear,1.014,6,Trace,Negative,Negative,Negative,3+,Normal,Negative,TNTC,2,11-15,Nil,Nil,NIL,8.2,6.9,40.1,82.1,11,20,11.8,42.8,8073,61,33,3,5,2.2,5.57,1.15,0.11,0.16,0.15,298,10.8,14,0.28,29.6,1.5,0.34,0.14,0.4,195,33,150.8,31.5,157.5,165,5.9,4.57,0.22,0.3,0.1,0.2,41,47,32,14,7.4,4.8,2.6,1.85,0.6,14,6.538,10.9,137,3.6,108,8.3,88.09,61,180,241,25.31,7.7,174.29,0.5,14.9,94.9,15.7,8.5,5.7,81,10.3,9.47,77,73,184,65
553086,KLTRS03MLT,605472,24/08/2018,08:24,09:48,Light Yellow,Slightly cloudy,1.016,6.7,Negative,Negative,Negative,Negative,1+,Normal,Negative,1-3,0,2-2,Nil,Nil,NIL,11.8,4.4,32.7,85.5,26,36,13.1,39.7,7115,78,26,1,6,0,8.62,2.56,0.18,0.47,0.11,430,10.3,17,0.26,12.3,4.5,0.27,0.11,0.89,207,41,84.6,17.5,87.5,167,5,2.06,0.48,0.6,0.1,0.5,127,46,30,38,6.5,4.1,2.4,1.71,0.9,237.2,110.7724,123.08,158,4.8,107,7,91.27,152,246,398,38.19,5.9,122.63,0.8,10.8,96.7,11.17,9.8,2.4,175,3,0.71,90,93,70,89
727190,PBCHD08GAM,688795,24/08/2018,07:18,08:18,Yellow,Slightly cloudy,1.015,5.8,1+,3+,Negative,Negative,Negative,Normal,Negative,4-5,13,1-3,Nil,Rare,NIL,7.3,4.2,42.3,88.4,17,17,12.2,44.5,5811,59,18,2,8,3,2.29,2.98,0.72,0.23,0.09,325,12.6,18,0.36,21.9,3.1,1.08,0.6,0.02,151,56,44.7,36.2,181,87,2.7,0.8,1.25,0.9,0.2,0.7,90,42,19,11,5.1,3.6,1.5,2.4,1.1,11.7,5.4639,4.97,143,4.4,102,5.3,67,149,158,307,48.53,6.8,148.46,0.5,19,169.6,11.2,10,2.5,68,5.4,3.71,95,73,70,107
248426,MZLGI11RJK,831730,24/08/2018,10:53,11:41,Light Yellow,Slightly cloudy,1.019,7,Trace,1+,Negative,Negative,Negative,Normal,Negative,4-5,2,1-2,Rare,Nil,Artifacts,11.8,5.1,24.4,80.8,23,48,12.2,43.7,5414,40,15,5,12,0,10.92,0.84,0.51,0.56,0.1,327,10.9,17,0.27,30.9,3,0.18,0.97,0.09,219,41,115.8,76.7,383.5,177,5.3,2.82,0.35,0.9,0.2,0.7,50,89,34,13,7,4.9,2.1,2.33,0.9,8.1,3.7827,4.2,143,3.6,102,4.5,10.65,110,175,285,38.6,6.6,142.72,0.3,27.1,118.4,22.89,10.3,2.1,189,7,1.73,136,90,237,68
629580,MZLGI12RJK,276209,24/08/2018,11:39,12:56,Pale Yellow,Hazy,1.017,7,Negative,Trace,Negative,Negative,Negative,Normal,Positive,68-71,5,2-2,Nil,Nil,NIL,18.2,4.2,21.9,98.2,43,83,12.1,42.7,8156,46,38,5,8,0,18.74,2.68,0.21,0.09,0.03,188,12.2,11,0.35,20.3,6,0.2,0.07,0.5,204,47,82.8,11.8,59,161,4.3,1.76,0.57,0.5,0,0.5,99,12,24,9,8.1,4.4,3.7,1.19,1,9.2,4.2964,4.3,149,4.4,103,4.3,78.42,109,134,243,44.86,5.9,122.63,0.4,13.1,116.9,11.21,10.8,4.4,64,9.3,1.15,105,64,133,180
553814,PBCHD13HPP,288944,24/08/2018,06:31,07:07,Dark Yellow,Clear,1.019,4.5,Negative,Trace,Negative,Negative,Negative,Normal,Negative,2-3,1,3-4,Nil,Nil,NIL,7.2,8.3,61.5,92.7,8,11,15,42.4,9285,37,36,16,4,0,6.79,1.71,0.41,0.17,0.12,426,8.1,16,0.37,12.6,6.2,0.24,0.2,1.01,166,48,46.3,20.8,104,130,3.5,0.96,1.04,0.3,0.1,0.2,66,35,19,11,7.7,4,3.7,1.08,0.8,19.1,8.9197,11.15,101,4.7,96,5,104.9,84,158,242,34.71,6.9,151.33,0.6,335.4,62.2,539.23,11.7,3.8,148,12.2,2.84,117,70,60,98
806585,KLTRS10MLT,647294,28/08/2018,06:11,07:17,Straw,Clear,1.018,5.5,Negative,Trace,Negative,Negative,Negative,1+,Negative,9-11,2,3-4,Nil,Nil,Parasites,10.1,4.6,11.3,42.6,21,89,12.4,43.6,2995,74,26,5,8,0.4,9.84,4.63,0.66,0.26,0.06,224,9.9,12,0.14,22.5,3.5,0.25,0.21,6.05,174,54,55.1,#VALUE!,#VALUE!,186,3.2,1.02,0.98,0.5,0.2,0.3,66,14,32,44,6.3,5,1.3,3.85,0.8,18.7,8.7329,10.92,129,4.9,97,4.5,102.9,135,346,481,28.07,5.8,119.76,0.9,11.8,100.7,11.72,10.8,2.2,74,17.6,7.03,106,188,81,151
405287,PBCHD04NLM,890218,27/08/2018,06:13,06:58,Pale Yellow,Clear,1.012,6.1,Negative,Trace,Negative,Negative,1+,Normal,Negative,75-80,1,7-13,Nil,Nil,NIL,13.6,6,37.6,68.7,22,36,14,43.7,5752,31,33,5,7,0,5.74,2.81,0.73,0.21,0.08,131,9.4,13,0.14,19.6,4,1.2,2.65,0.23,228,52,45.2,40,200,155,4.4,0.87,1.15,0.7,0.3,0.4,49,9,17,39,6.7,5,1.7,2.94,0.7,5.9,2.7553,3.94,134,4.4,81,5.9,98.86,157,318,475,33.05,7.3,162.81,0.9,13.1,67.3,19.47,9.1,3.2,279,7,2.32,99,170,74,181
560919,KLTRS02MLT,530859,28/08/2018,07:58,09:20,Orange,Clear,1.019,5.9,Negative,Negative,Negative,Trace,Negative,Normal,Negative,13-15,0,>20,Rare,Nil,Parasites,2.3,8.4,43.6,97.9,2,5,11.9,49.5,7416,63,14,1,3,0,4.72,1.9,0.31,0.3,0.03,178,10,14,0.36,15.6,4.9,0.32,0.3,0.39,155,40,135.4,12.7,63.5,160,3.9,3.39,0.3,1.5,0.7,0.8,124,40,17,41,7.7,4.8,2.9,1.66,0.9,12.1,5.6507,6.28,133,2.7,104,5.5,110.06,147,161,308,47.73,6.4,136.98,0.3,10.2,534.3,1.91,9.8,3.5,72,3.2,3.02,87,118,178,187
377768,GYAHD07KAU,196915,26/08/2018,06:25,07:38,Pale Yellow,Clear,1.015,4.9,Trace,Negative,Negative,Trace,Negative,Normal,Negative,TNTC,2,3-2,Nil,Nil,NIL,16.9,4.5,45.4,89,37,37,13.2,40.5,9334,77,49,19,6,0,3.73,2.4,0.45,0.87,0.14,134,13.5,14,0.07,42.3,0.9,3.26,0.14,0.34,130,75,53,105.2,526,92,1.7,0.71,1.42,0.6,0,0.6,64,5,98,16,6.6,4.6,2,2.3,1,22.5,10.5075,10.51,143,5.3,107,3.3,104.55,123,301,424,29.01,6.1,128.37,0.3,26.2,105.6,24.81,10,3.6,186,11.5,11.38,122,74,75,79
909515,GYAHD03JHJ,493049,24/08/2018,08:00,08:32,Straw,Slightly cloudy,1.019,4.9,Trace,2+,Negative,Negative,Negative,Normal,Negative,4-5,31,3-3,Nil,Rare,NIL,13.4,6.5,40.4,90.9,20,33,11.8,49.2,6719,40,47,6,7,0,1.79,0.77,0.61,0.23,0.04,341,5.4,15,0.22,27.5,4.8,0.09,0.45,3.47,192,40,71.4,17.5,87.5,77,4.8,1.79,0.56,0.6,0.1,0.5,117,12,28,44,7.6,4.8,2.8,1.71,0.6,18.6,8.6862,14.48,140,5.3,110,4.9,94.03,99,164,263,37.64,8.6,200.12,0.7,11.3,56.5,20,10.4,3.8,134,13.9,8.8,72,89,118,182
634842,PBCHD05MHS,406573,27/08/2018,10:54,12:13,Deep Amber,Slightly cloudy,1.025,5.8,Negative,Trace,Negative,Negative,Negative,Normal,Negative,10-11,1,2-3,Nil,Nil,Amorphous debris,13.4,4.9,46,79.3,27,29,13.7,37.5,4874,26,33,3,6,0,7.92,1.18,0.82,0.67,0.02,378,11.9,11,0.1,36.5,4.7,0.05,0.16,2.34,167,51,97.7,37.5,187.5,81,3.3,1.92,0.52,1,0.3,0.7,66,46,13,44,6.9,3.7,3.2,1.16,1.1,18.4,8.5928,7.81,132,3.6,113,6.7,116.29,164,336,500,32.8,7.5,168.55,0.1,13.3,85.9,15.48,8.6,3.8,276,9.4,1.36,91,60,85,131
271685,GYAHD06ODK,388096,25/08/2018,10:35,11:40,Dark Yellow,Hazy,1.013,6.7,Negative,Negative,Negative,Negative,Negative,Normal,Negative,9-10,1,5-9,Nil,Nil,Mucus threads,12.9,6,48.8,87.9,21,26,14.2,39.1,8752,36,48,3,7,0,2.63,1.93,0.67,0.45,0.09,598,11.3,15,0.07,25.4,3.9,0.36,0.2,4.14,214,29,83.6,23.6,118,169,7.4,2.88,0.35,1,0.3,0.7,117,40,30,44,7.6,3.7,3.9,0.95,0.5,12.2,5.6974,11.39,143,4.5,98,4.1,93.61,140,138,278,50.36,6.8,148.46,0.7,22.7,201.8,11.25,9.8,4.6,61,12.2,1.49,72,103,81,117
754969,PBCHD09PBM,890131,28/08/2018,06:51,07:23,Deep Amber,Slightly cloudy,1.019,6.6,Negative,Negative,Negative,Negative,Negative,Normal,Negative,1-2,1,11-12,Nil,Few,Fungal elements,10.9,2.1,44.9,69.8,51,24,12.1,44.6,5971,52,40,3,15,0.8,1.56,2.6,0.56,0.28,0.1,379,7.5,17,0.27,13.5,1.6,4.22,0.36,0.2,154,52,120,51.2,256,116,3,2.31,0.43,0.4,0.1,0.3,127,51,40,16,7.5,4.4,3.1,1.42,1.1,7.7,3.5959,3.27,141,3.9,105,3.4,90.6,61,186,247,24.7,6.1,128.37,0.4,14.5,61.3,23.65,8.7,3.4,69,6.1,3.05,92,202,91,149
122368,KLTRS07TSS,285307,28/08/2018,11:02,12:20,Straw,Slightly cloudy,1.012,4.7,Negative,Trace,Negative,Negative,Negative,Normal,Negative,14-15,2,2-4,Nil,Nil,NIL,15.2,6.9,17.5,91.6,22,86,14.5,39,35209,11,47,6,3,0,4.71,0.97,0.74,0.15,0.04,1103,7.6,14,0.33,30.7,4.6,0.85,0.02,0.01,232,36,88.7,15.3,76.5,159,6.4,2.46,0.41,0.3,0,0.3,51,14,26,11,7.8,4.3,3.5,1.23,1,18,8.406,8.41,105,3.6,105,5,116.86,167,226,393,42.49,6.1,128.37,0.1,13,122,10.66,10.1,2.4,46,5.7,3.27,117,74,79,79
819061,GYAHD07KAU,383121,28/08/2018,07:41,08:39,Straw,Opaque,1.014,5.3,Negative,2+,Negative,Negative,1+,Normal,Negative,4-5,1,3-4,Nil,Nil,Artifacts,17.7,5.1,36.4,93.5,34,48,13.4,25.4,5324,65,16,5,7,1.4,9.06,3,0.61,0.03,0.04,108,11.3,16,0.15,14.9,2.2,0.93,2.96,0.56,172,49,121.5,38.8,194,114,3.5,2.48,0.4,0.6,0.2,0.4,62,25,25,42,5.3,5,0.3,16.67,1.1,15.4,7.1918,6.54,145,2.8,100,3.1,101.11,146,259,405,36.05,6.3,134.11,0.9,274.2,57.4,477.7,9.4,2.6,123,12.5,2.8,99,77,86,94
596503,GYAHD11ODK,737307,24/08/2018,11:36,12:38,Pale Yellow,Clear,1.015,6.7,Trace,3+,Negative,Negative,Negative,Normal,Negative,3-5,1,1-3,Nil,Nil,Yeast cells,10.4,4.1,56.6,73.6,25,18,9.5,44.2,11835,44,42,2,4,0,6.78,4.26,0.26,0.27,0.16,168,11.8,17,0.15,17.8,0.3,0.12,0.47,0.02,214,53,96.9,12.6,63,79,4,1.83,0.55,0.8,0.2,0.6,107,51,27,40,6.3,3.7,2.6,1.42,0.9,37.8,17.6526,19.61,135,4.2,100,2,72.49,120,304,424,28.3,5.9,122.63,0.2,15.4,22.9,67.25,9.6,2.9,151,9.4,1.65,78,80,120,197
587808,KLTRS10KLP,570702,27/08/2018,09:36,10:08,Yellow,Slightly cloudy,1.013,6.5,Negative,Trace,Negative,Negative,Trace,Normal,Negative,79-81,2,3-3,Nil,Nil,Artifacts,13.3,4.9,24.3,97.3,27,54,12.6,45.5,6492,45,41,9,16,0,2.25,1.63,0.35,0.02,0.16,94,11.4,13,0.19,36.4,3.1,0.03,0.27,0.34,209,50,22.3,61.4,307,139,4.2,0.45,2.24,0.6,0.1,0.5,78,24,20,19,6.5,3.9,2.6,1.5,0.8,8.8,4.1096,5.14,90,5.3,103,2.4,38.47,104,203,307,33.88,6,125.5,0.8,27,141.4,19.09,8,5.9,72,14.4,3.99,107,85,97,269
362554,MZLGI13APK,632996,27/08/2018,07:04,07:39,Green,Clear,1.011,6.7,Trace,Negative,Negative,Negative,Negative,Normal,Negative,4-5,2,>20,Nil,Rare,NIL,10.5,5.7,21,69.4,18,50,11.9,45.3,5053,37,40,6,7,0,21.86,1.72,0.48,0.32,0.05,101,7.6,18,0.44,21.2,6.4,0.19,0.16,0.31,172,62,35.4,41.8,209,87,2.8,0.57,1.75,0.7,0.3,0.4,74,48,21,30,7.2,5,2.2,2.27,0.6,12.3,5.7441,9.57,143,4.9,102,5.1,64.32,180,127,307,58.63,6.3,134.11,0.3,16.9,183.5,9.21,10.3,4.1,152,13.8,3.07,90,122,143,65
142805,MZLGI13APK,599560,26/08/2018,09:13,10:22,Dark Yellow,Clear,1.016,7,Negative,Negative,Negative,Negative,Negative,Normal,Negative,11-13,1,1-2,Nil,Few,NIL,13.3,4.4,47.3,77.3,30,28,14.6,40.2,4817,55,16,1,2,7.6,6.58,1.8,0.23,0.3,0.01,259,10.1,14,0.19,13.9,4.2,0.71,0.34,0.32,152,51,126.3,40.4,202,168,3,2.48,0.4,0.4,0.1,0.3,106,21,35,16,7.1,4.5,2.6,1.73,0.9,9.7,4.5299,5.03,136,4.5,105,6,99.1,94,359,453,20.75,8.4,194.38,0.1,27.3,92.1,29.64,9.9,3.3,120,11.8,1.9,86,94,105,82
740762,GYAHD04JHJ,645741,26/08/2018,11:33,12:15,Light Yellow,Hazy,1.02,4.7,Negative,Negative,Negative,Negative,Negative,Normal,Negative,5-7,0,5-19,Nil,Nil,Mucus threads,12.6,7.1,40,71.6,17,31,11.6,43.2,10809,45,16,2,8,0,1.36,6.42,0.28,0.03,0.02,148,7.9,17,0.14,24.4,0.1,0.35,0.32,0.29,193,45,91.4,12.2,61,145,4.3,2.03,0.49,0.7,0.3,0.4,104,9,11,23,7.7,3.9,3.8,1.03,0.8,18,8.406,10.51,139,2.8,96,2.5,96.58,81,231,312,25.96,7,154.2,0.8,209.7,143.9,145.73,10.2,3,40,7.5,3.43,80,93,96,71
873301,PBCHD10GAM,476015,24/08/2018,06:57,07:38,Pale Yellow,Hazy,1.012,6.2,Negative,Negative,Negative,Negative,Negative,Normal,Negative,13-15,0,1-2,Nil,Nil,Fat droplets or lipiduria,17.3,5.1,57.2,73.8,33,30,11.8,43.4,7514,43,37,5,3,0,5,1.03,0.8,0.47,0.1,199,7.4,17,0.25,48,4,0.02,2.17,0.38,162,65,118.1,6.2,31,155,2.5,1.82,0.55,0.5,0.2,0.3,56,54,38,21,7.2,4.9,2.3,2.13,0.9,10.4,4.8568,5.4,136,4.5,96,6.7,119.93,92,135,227,40.53,5.8,119.76,0.5,250.2,141.2,177.2,8.1,2.8,123,18.7,2,91,88,98,190
850088,PBCHD14RJU,667509,26/08/2018,08:30,09:30,Yellow,Clear,1.011,7,Trace,Negative,Negative,Negative,Negative,Normal,Negative,10-12,1,6-9,Nil,Nil,Yeast cells,11.4,5.8,52.1,86.5,19,21,13.8,42.5,10866,39,38,2,8,0,18.35,3.21,0.23,0.45,0.13,838,16.3,11,0.25,14.5,0.1,0.05,6.32,0.23,135,79,128.5,38.9,194.5,107,1.7,1.63,0.61,0.5,0,0.5,89,22,14,20,6.3,4.8,1.5,3.2,0.7,13.2,6.1644,8.81,145,2.3,103,3,109.72,63,271,334,18.86,5.9,122.63,0.6,17.2,83.3,20.65,8.5,3.2,173,10.7,2.61,252,62,68,270
676818,GYAHD10JHJ,775567,24/08/2018,10:16,10:49,Pale Yellow,Clear,1.02,4.6,Negative,Negative,Negative,Trace,Negative,Normal,Negative,TNTC,2,2-2,Nil,Few,NIL,19.1,5,43.2,68.4,38,44,13.2,45.9,10438,59,18,2,4,0,9.51,1.97,0.21,0.41,0.02,196,8.6,17,0.33,35.6,2.4,0.24,0.38,0.27,164,44,38.3,12.7,63.5,190,3.7,0.87,1.15,0.5,0.2,0.3,55,68,30,44,7.6,3.8,3.8,1,0.7,14.8,6.9116,9.87,145,3.6,105,4.6,105.48,98,310,408,24.02,9.2,217.34,0.8,14.3,290.9,4.92,10.5,3,183,12.7,0.17,93,91,82,209
594130,MZLGI12RJK,209207,25/08/2018,11:02,12:19,Green,Hazy,1.011,6.5,Trace,Negative,Negative,Negative,Negative,Normal,Negative,5-6,0,1-3,Nil,Nil,NIL,9,3.3,47.1,95.4,27,19,14.2,35.2,7373,56,38,4,5,0,5.57,1.51,1.08,0.06,0.02,16,7.4,13,0.21,18.2,0.1,1.91,0.16,0.32,223,20,102.1,13.6,68,167,11.2,5.11,0.2,0.6,0,0.6,85,11,38,26,6.6,3.6,3,1.2,1,16.9,7.8923,7.89,141,2.8,107,8.9,110.52,35,278,313,11.18,5.9,122.63,0.3,204.3,58.2,351.03,10.5,3.8,125,6.5,0.05,117,90,82,88
704114,PBCHD15NLM,474622,26/08/2018,07:02,07:42,Pale Yellow,Slightly cloudy,1.017,5.2,Negative,Negative,Negative,Negative,Negative,3+,Negative,12-14,2,9-10,Rare,Nil,NIL,4,8.1,30.9,93.1,4,12,13.8,39.4,4383,44,29,10,6,4.5,0.05,1.24,0.27,0.37,0.03,129,7.1,16,0.28,17,4.4,0.25,0.32,0.94,418,25,90.8,107.9,539.5,174,16.7,3.63,0.28,6.9,3.4,3.5,116,45,34,24,5.4,3.9,1.5,2.6,1.2,11.3,5.2771,4.4,140,2.6,86,5.8,113.4,139,157,296,46.96,7,154.2,0,12.2,60.4,20.2,9.1,2.8,299,5.6,0.16,87,107,75,99
992646,GYAHD03KAU,940261,25/08/2018,08:31,09:51,Pale Yellow,Clear,1.018,6.4,Negative,Negative,Negative,Negative,Negative,Normal,Negative,8-9,1,2-2,Nil,Nil,Fungal elements,11.8,5.3,34,82.9,22,34,11.7,41.9,3076,57,50,18,5,0,9.35,2.32,0.33,0.17,0.05,1064,8.1,17,0.38,40.8,0.4,4.31,0.16,0.22,147,56,155.1,15.9,79.5,168,2.6,2.77,0.36,0.8,0.1,0.7,78,36,19,14,7.8,4.9,2.9,1.69,0.7,146.8,68.5556,97.94,140,5.9,106,4.5,63.71,139,357,496,28.02,6,125.5,0.4,16.2,125.8,12.88,10.9,2.7,199,5.9,2.6,148,76,95,159
395819,PBCHD12HPP,343043,25/08/2018,08:32,09:45,Yellow,Slightly cloudy,1.019,5.9,Trace,Trace,Trace,Negative,Negative,Normal,Positive,TNTC,2,2-2,Nil,Nil,Mucus threads,13.9,3.2,38.3,89.7,43,36,11.8,40.5,7855,30,24,5,7,0,1,2.07,1.24,0.04,0.06,380,9.1,16,0.27,30.6,1,2.68,0.23,0.28,166,41,82,57.3,286.5,111,4,2,0.5,0.7,0.3,0.4,63,56,31,34,6.9,4.4,2.5,1.76,0.9,7.2,3.3624,3.74,135,3.2,106,2.2,112.99,68,218,286,23.78,11,269,0.2,12.5,103.9,12.03,8.1,4.7,98,4.1,3.16,72,98,90,196
232810,MZLGI06MHP,740706,26/08/2018,09:02,09:48,Straw,Clear,1.012,4.7,1+,Negative,Trace,Negative,Negative,Normal,Negative,13-14,2,3-2,Nil,Moderate,NIL,6.2,4.7,53.6,68.9,13,11,12.7,34.6,6247,74,29,5,4,0,16.94,1.72,0.35,0.56,0.08,131,10.3,15,0.18,29.7,1.5,0.12,0.28,0.02,188,47,93.5,33.2,166,75,4,1.99,0.5,1,0.3,0.7,120,37,37,19,8.1,5,3.1,1.61,1.2,7.1,3.3157,2.76,146,2.1,97,6.8,117.68,93,354,447,20.81,6.1,128.37,0.9,296.7,21.6,1373.61,7.6,2.4,171,5.6,0.59,71,136,125,165
700466,PBCHD10NLM,608917,28/08/2018,08:23,09:46,Straw,Opaque,1.017,4.7,Negative,Negative,Negative,Negative,Negative,Normal,Negative,11-13,13,2-4,Nil,Rare,NIL,17.3,8.4,44.7,96.4,20,38,16.7,43.8,8553,80,46,11,2,0,3.93,7.06,0.56,0.51,0.04,305,8.9,17,0.34,36.9,0.2,0.38,3.38,0.07,185,27,39.3,6.3,31.5,164,6.9,1.46,0.69,0.5,0.2,0.3,337,20,35,22,6.9,3.5,3.4,1.03,1.1,16.9,7.8923,7.17,145,3.3,89,8.2,117.39,181,327,508,35.63,8.1,185.77,0.5,328.1,88.7,369.9,10.6,4.1,228,6.9,3,86,78,114,82
350367,MZLGI04APK,911552,25/08/2018,07:12,08:14,Deep Amber,Slightly cloudy,1.011,5.5,Negative,1+,Negative,Negative,Negative,Normal,Negative,10-12,0,>20,Nil,Nil,NIL,17.8,5.8,59.9,73,30,29,13.6,42.6,10468,48,54,6,3,0,9.48,1.17,0.29,0.38,0.04,351,10,11,0.24,12.9,2.8,0.24,0.03,0.24,321,40,124.2,50.8,254,71,8,3.11,0.32,0.7,0.3,0.4,55,31,54,26,7,3.7,3.3,1.12,1.2,10.6,4.9502,4.13,124,2.7,108,4.4,79.24,108,180,288,37.5,6.1,128.37,0.8,20.8,82,25.37,8.3,5.8,189,18.5,1.99,106,297,335,178
800478,KLTRS12MLT,858913,27/08/2018,07:16,08:44,Deep Amber,Clear,1.021,6.9,Negative,Trace,Negative,Negative,Negative,Normal,Negative,35-40,1,2-4,Nil,Nil,NIL,7,5.8,33.6,84.3,12,20,13.8,42.6,2528,33,40,6,3,0,3.2,2.89,0.32,0.27,0.07,299,11.1,12,0.19,21.5,4.3,1.91,0.01,0.34,202,41,78.2,5.5,27.5,113,4.9,1.91,0.52,0.4,0,0.4,115,25,40,20,8.3,4.3,4,1.08,0.8,7,3.269,4.09,146,3,99,5.1,113.87,162,122,284,57.04,5.7,116.89,0.6,21.6,94.1,22.95,8.4,2.5,86,4.9,0.67,89,96,110,177
653219,KLTRS09KLP,154139,26/08/2018,06:56,07:59,Dark Yellow,Clear,1.004,4.7,Trace,Trace,Negative,Negative,Negative,Normal,Negative,13-14,2,2-3,Nil,Nil,NIL,10.7,4.8,44.4,84.2,22,24,11.6,48.5,5326,33,25,2,6,8.2,2.97,3.41,1.46,0.17,0.1,288,17.5,14,0.05,41.1,0.1,0.27,4.32,0.77,194,52,45.5,52.7,263.5,104,3.7,0.88,1.14,0.3,0,0.3,118,21,20,28,6.1,4.5,1.6,2.81,0.7,16.1,7.5187,10.74,144,6,112,4.2,101.17,170,335,505,33.66,5.9,122.63,0.6,11.7,113.8,10.28,7.9,3,56,9.5,1.45,123,64,83,125
923818,PBCHD05RJU,778006,28/08/2018,09:40,11:06,Yellow,Slightly cloudy,1.027,5.8,Negative,Trace,Negative,Negative,1+,Normal,Negative,TNTC,0,2-2,Nil,Nil,Parasites,2.9,3.7,30.4,94.1,7,9,11.8,40.9,7758,53,15,6,11,0,5.86,3.94,0.4,0.45,0.03,137,9.5,17,0.21,41.1,4,0.33,0.16,0.75,143,50,106,33.6,168,144,2.9,2.12,0.47,0.6,0,0.6,46,46,6,26,8.3,3.7,4.6,0.8,1.2,11.4,5.3238,4.44,140,4.9,85,4.1,91.46,30,350,380,7.89,6.2,131.24,0.7,646.8,35.7,1811.76,10.2,2.2,114,12.8,0.36,184,68,116,137
443253,GYAHD07ODK,943180,27/08/2018,10:51,11:49,Pale Yellow,Slightly cloudy,1.013,6.7,Trace,1+,Negative,Negative,Negative,Normal,Negative,8-9,1,1-3,Nil,Nil,NIL,13.6,6.7,37.7,45.5,20,36,14.4,39.7,9554,47,48,7,7,0,2.76,1.73,0.63,0.01,0,892,11,11,0.25,13.9,3.4,0.27,0.09,0.37,208,54,105.8,37.4,187,124,3.9,1.96,0.51,0.8,0.3,0.5,173,38,75,40,7.6,3.5,4.1,0.85,1.2,11,5.137,4.28,144,4.5,103,3.9,109.33,86,163,249,34.54,5.7,116.89,0.6,21.3,408.4,5.22,10.4,2.8,124,6.1,0.1,100,182,60,154
353895,MZLGI15APK,424395,27/08/2018,07:18,08:14,Light Yellow,Slightly cloudy,1.021,6.5,Trace,Negative,Negative,Negative,Negative,Normal,Negative,9-11,0,13-16,Nil,Nil,NIL,9.9,4.4,30.5,94.1,22,32,13.4,42.6,7740,56,16,4,8,0.2,1.04,2.4,0.62,0.13,0.09,441,9.3,13,0.27,31.2,0.1,0.49,0.27,0.24,961,20,173.6,38.1,190.5,176,48.1,8.68,0.12,0.2,0,0.2,106,35,29,18,6.1,4.9,1.2,4.08,0.7,9.4,4.3898,6.27,120,4.8,95,3.6,94.59,175,162,337,51.93,6.1,128.37,0.5,26.2,128.9,20.33,9.5,4.8,86,9.9,1.29,82,98,95,124
699452,GYAHD15KLM,370860,28/08/2018,11:11,12:32,Yellow,Clear,1.011,6.8,Trace,Trace,Negative,Negative,Negative,Normal,Negative,5-7,1,15-18,Nil,Nil,NIL,9.3,5,60.1,80.6,18,15,13.1,40.9,9517,57,24,4,6,5.8,8.43,1.51,0.92,0.79,0.02,203,11.7,11,0.31,21.9,3.5,0.61,0.6,0.64,201,25,137.8,35.6,178,135,8,5.51,0.18,5.3,2.6,2.7,191,53,17,29,7.1,4.6,2.5,1.84,0.6,19.1,8.9197,14.87,130,4.6,99,6.6,102.53,216,120,336,64.29,5.8,119.76,0.2,22.4,119.3,18.78,9.5,5,272,7.2,3.07,86,73,110,120
100427,MZLGI02APK,185694,25/08/2018,06:43,07:29,Straw,Slightly cloudy,1.016,5,Trace,Negative,Negative,Negative,1+,Normal,Negative,10-11,4,3-2,Nil,Nil,Fat droplets or lipiduria,9.9,5.6,50,46.4,17,19,11.8,44.1,6434,48,34,3,2,1.3,3.95,7.34,0.92,0.16,0.17,377,6.2,16,0.42,44.8,4.8,0.19,0.45,0.52,158,53,76.3,15.7,78.5,92,3,1.44,0.69,0.2,0,0.2,49,26,33,45,7.9,2.5,5.4,0.46,1.1,10.3,4.8101,4.37,137,3.8,100,4.2,103.35,167,323,490,34.08,6.2,131.24,19.2,18.9,78.1,24.2,7.8,4.5,160,9.6,3.16,80,104,124,99
410662,KLTRS02WBD,413168,28/08/2018,08:27,09:55,Yellow,Clear,1.013,6.5,Trace,Negative,Trace,Negative,1+,Normal,Negative,10-12,2,2-2,Nil,Nil,NIL,20.3,6.5,50.3,62,31,40,12.1,40.3,9050,45,32,1,24,0,0.91,1.88,0.4,0.68,0.08,361,9.6,12,0.38,29.3,4.2,0.16,0.84,0.11,156,50,94.4,13.3,66.5,65,3.1,1.89,0.53,4.3,2.1,2.2,46,32,15,17,6.3,4.9,1.4,3.5,0.6,26.7,12.4689,20.78,145,3,97,4.8,118.64,91,184,275,33.09,8.6,200.12,0.4,14.3,163,8.77,11.9,5.3,203,6.6,0.43,112,64,85,136
459733,MZLGI09RJK,748363,26/08/2018,09:02,10:08,Light Yellow,Clear,1.017,5.2,Trace,Negative,Negative,1+,Negative,Normal,Negative,4-5,1,1-4,Nil,Rare,NIL,14,5.5,45.7,69.2,25,30,12.4,44.3,5800,40,47,1,8,0,8.12,4.63,0.39,0.03,0.03,245,10.1,12,0.26,28.2,1.9,0.1,0.36,0.28,150,41,90.6,32.8,164,187,3.7,2.21,0.45,4.9,2.4,2.5,47,29,31,13,7,4.8,2.2,2.18,0.7,13.5,6.3045,9.01,140,3.6,114,3.9,112.75,80,247,327,24.46,6.1,128.37,0.1,13.4,120.9,11.08,11.2,2.8,102,10.3,0.45,121,157,94,139
512379,KLTRS08KLP,959450,28/08/2018,09:04,10:09,Light Yellow,Clear,1.01,4.8,Trace,Negative,Negative,Negative,Negative,Normal,Negative,TNTC,1,3-4,Nil,Rare,NIL,14.9,4.4,35.1,72.7,33,42,13.8,42.1,31373,62,42,1,9,0,4.45,3.95,0.61,0.39,0.05,426,8.5,11,0.16,20.5,4.5,0.41,0.29,0.18,167,52,110.6,24.3,121.5,122,3.2,2.13,0.47,0.3,0.1,0.2,69,15,27,45,6.3,3,3.3,0.91,0.8,11.4,5.3238,6.65,124,5.4,95,4.7,107.96,63,326,389,16.2,6.4,136.98,0.4,24.2,34,71.18,11.3,4.1,288,15.2,3.03,95,100,109,68
931523,GYAHD15KLM,272172,25/08/2018,11:11,12:32,Yellow,Clear,1.017,4.7,1+,Trace,Negative,Negative,Negative,Normal,Negative,6-8,1,1-2,Nil,Rare,NIL,13.6,6.7,32.6,83.7,20,41,11.8,49.1,4266,80,34,6,24,0,7.47,1.23,0.54,0.28,0.08,148,9.1,15,0.25,12.8,4.4,0.15,0.2,0.15,211,59,94.9,37.5,187.5,126,3.6,1.61,0.62,0.4,0,0.4,123,27,30,41,7.1,4.2,2.9,1.45,1,10.4,4.8568,4.86,135,3.8,107,2.9,98.44,100,322,422,23.7,6.1,128.37,1,27.1,144.6,18.74,10,3.9,103,2.9,11.48,111,134,99,157
211734,GYAHD15ODK,167232,26/08/2018,09:12,10:05,Pale Yellow,Slightly cloudy,1.019,5,Negative,Trace,Negative,Negative,Negative,Normal,Negative,10-12,0,1-3,Rare,Nil,NIL,12.5,5.3,32,79.3,23,39,13,41.8,5899,60,27,6,4,0,18.5,2.3,0.56,0.07,0.04,260,13.7,12,0.23,17,4.7,0.76,2.81,0.46,192,61,65.7,29.2,146,148,3.1,1.08,0.93,0.5,0.1,0.4,50,36,40,32,6.4,4.2,2.2,1.91,1,15.8,7.3786,7.38,141,4.8,101,3.5,106.24,151,356,507,29.78,10.5,254.65,0.7,15.7,172.9,9.08,9.6,2.5,197,19.9,0.67,72,187,113,369
594555,PBCHD11NLM,748296,26/08/2018,06:40,07:53,Straw,Clear,1.024,5.8,3+,Trace,Negative,1+,Negative,Normal,Negative,3-5,0,3-2,Nil,Nil,NIL,19.5,6,31.9,85,32,61,13.9,43.6,5489,51,19,2,11,0,6.42,1.97,0.05,0.01,0.1,174,9.7,11,0.28,13.8,6.9,0.57,0.02,0.67,152,75,95.2,15,75,142,2,1.27,0.79,0.9,0.3,0.6,127,22,21,17,7.8,4.8,3,1.6,1.2,93.5,43.6645,36.39,134,3.1,100,3.9,118.84,133,258,391,34.02,7.9,180.03,0.1,12.4,122,10.16,8.6,3.3,279,13,1.2,122,81,85,101
169179,GYAHD05ODK,264207,27/08/2018,11:11,12:12,Straw,Slightly cloudy,1.023,6.7,Trace,Trace,Negative,Negative,Negative,Normal,Negative,2-4,1,2-4,Nil,Nil,NIL,21.2,5.3,35.3,74.5,40,60,14.3,44.9,4986,47,19,2,12,0,3.03,2.74,0.64,0.15,0.03,159,12.6,20,0.32,21.7,1.2,0.89,0.36,0.21,172,23,78.7,5.8,29,84,7.5,3.42,0.29,1.5,0.7,0.8,41,36,31,32,6.3,5,1.3,3.85,0.8,5,2.335,2.92,141,3.2,99,2.5,104.06,118,356,474,24.89,6.1,128.37,0.3,21.5,103.1,20.85,8.8,4.9,107,6.2,2.53,77,60,75,78
654593,MZLGI15BRC,599512,28/08/2018,10:48,11:41,Yellow,Slightly cloudy,1.022,5.5,1+,Trace,Negative,Negative,Negative,Normal,Negative,6-8,1,3-2,Nil,Few,NIL,15.6,6.5,45.8,59.4,24,34,11.8,39.6,4379,29,25,4,0,1.5,7.7,2.62,0.53,0.09,0.04,11,7.2,14,0.14,24.5,2.7,1.7,0,2.28,176,43,88.6,35.8,179,148,4.1,2.06,0.49,14.7,10.2,4.5,47,7,10,45,7.9,3.1,4.8,0.65,1,6,2.802,2.8,144,4.3,106,4.4,93.98,178,201,379,46.97,6,125.5,3.5,28.8,23.2,124.14,8.5,5.8,96,7.3,0.33,81,76,78,112
908007,MZLGI15MHP,689525,26/08/2018,08:04,09:28,Deep Amber,Clear,1.022,6.4,Negative,Negative,Negative,Negative,Negative,Normal,Negative,TNTC,1,17-18,Nil,Nil,NIL,2.1,6.7,48.3,91.9,3,4,14,43.8,5080,47,30,0,6,0,1.23,2.73,0.79,0.12,0,154,7.3,17,0.17,16.6,0.1,0.6,0.16,0.35,195,41,95.1,30,150,101,4.8,2.32,0.43,0.6,0.2,0.4,75,9,12,20,8.1,5,3.1,1.61,0.6,16.5,7.7055,12.84,138,5.7,104,6,91.42,175,173,348,50.29,8.7,202.99,0.7,17.5,31.7,55.21,9.6,3.2,213,3.3,9.38,135,96,78,112
796383,GYAHD15KAU,483812,25/08/2018,09:38,10:11,Pale Yellow,Slightly cloudy,1.025,6.2,Negative,Negative,Negative,1+,Negative,1+,Negative,6-7,40,11-12,Nil,Nil,NIL,11.9,4.3,64,95.6,27,18,13.6,45.7,9786,42,55,2,7,0,1.14,1.63,1.25,0.48,0.13,203,14.2,16,0.58,32.2,2.1,2.33,0.32,0.3,197,42,56.9,14.5,72.5,122,4.7,1.35,0.74,0.8,0.1,0.7,73,10,17,6,7.7,4.9,2.8,1.75,0.6,33.4,15.5978,26,137,5,95,5.3,98.64,97,294,391,24.81,5.9,122.63,0.1,22.7,134.7,16.85,8.8,4.7,355,11.2,6.55,127,90,95,131
789794,MZLGI01MHP,522170,27/08/2018,07:53,08:48,Green,Clear,1.019,4.6,Negative,Negative,Negative,Negative,Negative,Normal,Negative,2-3,0,3-4,Nil,Nil,NIL,17.2,6.3,34.4,94.8,27,50,13.2,45.8,7585,47,15,1,4,0,2.84,3.96,0.46,0.44,0.13,121,7.6,11,0.28,28.6,0.1,3,0.3,0.27,201,58,41.1,56.7,283.5,133,3.5,0.71,1.41,8.3,4.1,4.2,100,14,31,32,7.1,3.8,3.3,1.15,0.6,16.8,7.8456,13.08,138,4.8,102,6.3,113.7,78,358,436,17.89,6,125.5,0.7,11.8,192.7,6.12,10,2.8,169,11,8.1,92,98,108,85
406736,KLTRS08KLP,481114,28/08/2018,07:06,07:37,Dark Yellow,Clear,1.018,6.7,Trace,Trace,Trace,Negative,Negative,Normal,Negative,8-10,1,2-2,Nil,Rare,NIL,15.1,8.4,38.8,80.6,17,38,12.9,25.4,5337,50,31,1,2,0,8.99,1.62,0.43,0.27,0.26,203,9.6,11,0.28,35.4,1.3,0.14,0.02,0.13,188,45,79.8,19.8,99,96,4.2,1.77,0.56,0.8,0.1,0.7,113,50,26,25,6.9,3.7,3.2,1.16,0.6,87.2,40.7224,67.87,149,2.7,97,3,114.03,135,350,485,27.84,12.7,317.79,0.8,21.5,95.8,22.44,11.6,3.7,187,7.2,3.86,108,197,100,76
152091,GYAHD02KAU,563601,24/08/2018,08:16,09:11,Yellow,Slightly cloudy,1.018,6.8,Trace,1+,Negative,Negative,Trace,Normal,Negative,13-14,1,3-4,Nil,Nil,NIL,19.3,5.5,33.2,87.1,35,58,13.5,38.3,2696,48,11,3,3,0,0.71,2.07,0.6,0.82,0.09,39,7.1,13,0.09,15,4.3,2.77,0.66,0.19,239,56,103.6,22.8,114,87,4.3,1.85,0.54,0.3,0,0.3,124,45,19,22,7.1,3.5,3.6,0.97,0.8,17.3,8.0791,10.1,141,2,110,5.8,91.88,88,326,414,21.26,6.4,136.98,0.4,24.5,110.3,22.21,9.1,2.1,343,8.8,2.92,80,89,81,114
105937,KLTRS13KLP,629872,27/08/2018,10:22,11:37,Yellow,Hazy,1.018,4.5,Negative,Trace,Negative,Negative,Negative,Normal,Negative,5-6,0,15-9,Nil,Nil,Artifacts,21.4,5.2,49.2,89.7,41,43,13.9,36.9,5756,42,35,1,3,1.2,1.18,1.12,0.09,0.16,0.37,184,13.1,19,0.24,33.3,0.1,0.39,0.08,5.16,212,23,92.6,17.8,89,63,9.2,4.03,0.25,5.7,2.8,2.9,82,49,27,24,7.1,4,3.1,1.29,0.6,11.6,5.4172,9.03,141,2.7,95,2.5,92.43,70,186,256,27.34,10.4,251.78,0.9,15.6,53,29.43,11.8,2.7,240,5.9,9.09,95,82,79,241
487017,MZLGI09GJS,219104,25/08/2018,11:24,12:11,Deep Amber,Slightly cloudy,1.017,5.7,Negative,Negative,Negative,Trace,Negative,Normal,Positive,7-9,0,2-3,Rare,Rare,Mucus threads,15.4,4.7,40.1,93.8,32,38,12.6,45.3,8878,70,29,2,7,0,21.71,1.02,0.59,0.41,0.03,320,9.1,17,0.5,23,0.3,0.39,4.75,0.17,224,42,94.7,32.8,164,143,5.3,2.25,0.44,0.5,0.2,0.3,103,50,75,41,7,4.6,2.4,1.92,0.7,50,23.35,33.36,136,4.1,108,5,78.7,162,346,508,31.89,7,154.2,0.9,28.5,96.3,29.6,9.1,2.1,202,7.1,0.28,97,62,93,209
581211,PBCHD06MHS,927268,27/08/2018,09:40,10:16,Light Yellow,Slightly cloudy,1.011,6.7,1+,1+,Negative,Trace,Negative,Normal,Negative,8-10,1,1-2,Nil,Nil,NIL,17.2,4.3,37.3,91.3,40,46,11.7,43.9,4129,46,30,3,8,0,2.58,1.32,0.29,0.43,0.01,160,9.7,15,0.25,32.2,0.5,0.05,0.84,0.04,149,67,71.7,33.4,167,117,2.2,1.07,0.93,0.4,0.1,0.3,79,42,39,19,7.9,3.5,4.4,0.8,0.6,12.8,5.9776,9.96,146,4.8,99,5.7,108.38,115,242,357,32.21,7.9,180.03,0.6,21.3,97.7,21.8,10.1,4.2,248,12.4,3.88,82,76,83,60
124326,GYAHD07KAU,633526,25/08/2018,10:34,11:04,Orange,Clear,1.016,5.3,1+,Trace,Negative,Negative,Negative,Normal,Negative,25-29,1,3-4,Nil,Nil,NIL,15,5.9,56,93.5,25,26,10.9,40.2,10691,44,30,1,2,0,5.3,2.99,0.72,0.15,0.07,317,17.4,16,0.11,31.6,1.2,0.29,1.18,0.28,183,49,80.6,34.4,172,133,3.7,1.64,0.61,0.3,0.1,0.2,88,26,18,29,8.2,3.2,5,0.64,1.2,8.2,3.8294,3.19,137,5.8,101,5.7,92.87,134,324,458,29.26,12.4,309.18,0.3,11.7,98.7,11.85,9.6,5,110,10.4,1.32,92,92,197,116
703800,GYAHD07KAU,898614,28/08/2018,07:47,09:04,Straw,Slightly cloudy,1.011,4.5,Trace,Trace,Trace,Negative,Negative,Normal,Negative,5-6,2,>20,Nil,Nil,Artifacts,17.3,5.1,34.1,113.3,33,50,11.7,40.3,2634,32,29,10,4,0,1.01,1.32,0.03,0.59,0.03,252,11.7,13,0.33,27.2,2.9,0.05,0.35,0.38,168,73,122.2,43.5,217.5,215,2.3,1.67,0.6,0.6,0.2,0.4,122,25,19,33,7.8,3.7,4.1,0.9,1,13.4,6.2578,6.26,140,4.2,108,4.9,92.34,178,340,518,34.36,6.9,151.33,0.8,28.3,105.3,26.88,11.6,3.2,148,9,7.1,91,118,85,142
447249,MZLGI03GJS,389003,27/08/2018,10:35,11:39,Green,Clear,1.019,5,Negative,Negative,Negative,Negative,Negative,Normal,Negative,12-14,0,3-3,Nil,Rare,NIL,10.2,4.7,44.7,71,21,22,13.9,43.4,6826,37,53,12,21,0,2.25,1.33,0.52,0.4,0.07,431,11.8,16,0.15,16.4,0.4,0.07,0.04,0.1,105,54,186.2,27.7,138.5,69,1.9,3.45,0.29,0.7,0.3,0.4,91,25,18,14,7.5,3.1,4.4,0.7,1.2,11.7,5.4639,4.55,122,3.3,103,6.5,71.18,172,117,289,59.52,7.4,165.68,0.4,28.5,304.3,9.37,10.2,3.6,166,3.3,1.06,76,76,93,73
529827,PBCHD14HPP,623974,27/08/2018,10:27,11:46,Pale Yellow,Clear,1.018,4.7,Trace,Trace,Negative,Negative,Negative,Normal,Negative,4-5,0,10-11,Few,Nil,NIL,11,5.6,51.8,74.7,19,21,13.4,41,6013,28,46,1,7,0,13.43,5.65,0.56,0.18,0.02,248,12.2,16,0.37,30.6,2.9,0.3,0.24,0.07,226,41,112.5,14.9,74.5,131,5.5,2.74,0.36,0.5,0.2,0.3,126,28,37,32,8.1,4.4,3.7,1.19,1.6,37.5,17.5125,10.95,141,4.5,104,4.2,105.44,146,135,281,51.96,8.6,200.12,0.2,28,83.4,33.57,8.9,3.1,85,8.9,1.78,91,94,108,75
179467,MZLGI13RJK,836649,28/08/2018,09:42,11:00,Light Yellow,Cloudy,1.03,5.3,Negative,1+,Negative,Negative,Negative,Normal,Negative,9-11,0,2-4,Nil,Nil,Amorphous debris,13.3,6,38,95.8,22,35,14.5,39.3,2884,42,12,2,9,0,9.58,0.45,0.24,0.23,0.07,577,6.9,19,0.37,31.4,0.4,0.14,0.19,1.42,547,46,75.3,13.9,69.5,80,11.9,1.64,0.61,1.9,0.9,1,70,21,14,18,6.2,4,2.2,1.82,0.9,24.9,11.6283,12.92,135,4.3,97,5.9,103.46,124,358,482,25.73,6.6,142.72,0.7,11.8,135.6,8.7,9.3,3.7,162,13.2,0.47,119,107,74,119
877795,MZLGI12APK,238765,24/08/2018,09:16,10:44,Pale Yellow,Clear,1.011,4.8,Negative,2+,Negative,Negative,Negative,Normal,Negative,1-2,0,1-2,Nil,Nil,Mucus threads,4.6,4.2,32.4,73.5,10,14,13,41.4,8514,58,34,1,8,1.3,4.56,1.16,0.52,0.29,0.09,162,8.9,17,0.15,31.6,0.5,0.1,0.22,0.12,192,56,111.7,59.4,297,183,3.4,1.99,0.5,0.7,0.3,0.4,59,27,28,19,6.6,4.7,1.9,2.47,1.2,6,2.802,2.34,129,3.5,108,2.6,103.54,177,193,370,47.84,5.8,119.76,0,17.7,202.1,8.76,9.3,4,285,7.2,2.24,95,76,112,179
701979,KLTRS11NLZ,561358,24/08/2018,11:28,11:59,Light Yellow,Clear,1.02,6.8,2+,Negative,Negative,Negative,Negative,Normal,Negative,3-5,0,3-4,Nil,Nil,Artifacts,8.3,4.3,46,80.6,19,18,9.3,28.1,6093,34,55,1,5,0,9.99,1.37,0.85,0.24,0.17,336,9.3,28,0.2,33.9,5.6,0.83,0.39,2.53,197,26,105.4,38,190,160,7.6,4.05,0.25,0.3,0,0.3,122,40,37,14,7.3,3.5,3.8,0.92,0.7,19.6,9.1532,13.08,140,2.3,98,3.9,96.46,156,237,393,39.69,10.4,251.78,0.5,17.3,105.5,16.4,10.2,4.5,238,12.7,1.5,100,109,90,111
801752,MZLGI09BRC,854542,26/08/2018,09:52,10:44,Red,Slightly cloudy,1.012,5,Trace,Trace,Negative,Negative,Negative,Normal,Negative,3-4,0,1-2,Nil,Nil,Amorphous debris,16.2,6.3,59.9,96.1,25,27,14.3,45.8,5084,48,28,19,3,0,2.55,2.96,0.48,0.61,0.16,323,9.8,15,0.27,34.3,6.5,0.03,0.03,0.1,220,60,205.6,60,300,151,3.7,3.43,0.29,0.7,0.3,0.4,129,14,32,13,7.1,4.9,2.2,2.23,1,17.3,8.0791,8.08,141,4,98,5.9,45.71,90,348,438,20.55,6.3,134.11,0.6,10.7,113.5,9.43,11.7,4.2,252,4.9,3.08,83,79,126,193
309083,PBCHD01HPP,852635,28/08/2018,09:01,09:31,Pale Yellow,Clear,1.019,5,Trace,2+,Negative,1+,Negative,1+,Negative,14-15,2,8-11,Nil,Nil,Artifacts,18.2,6,18,54.4,30,101,12.9,33.8,5425,59,20,6,8,0,14.06,2.17,0.86,0.05,0.01,238,11.1,17,0.16,43.9,1.2,0.25,0.17,0.34,155,62,78.6,48.9,244.5,69,2.5,1.27,0.79,1.3,0.2,1.1,106,56,32,37,7.1,4.9,2.2,2.23,0.6,7,3.269,5.45,137,3.9,108,3.1,125.75,141,149,290,48.62,7.4,165.68,0.5,24.1,39.1,61.64,13.3,2.7,205,14.6,8.26,83,78,82,209
901741,KLTRS12MLT,927798,27/08/2018,11:40,12:38,Pale Yellow,Clear,1.029,5.4,Trace,Negative,1+,Negative,Negative,Normal,Negative,79-80,0,3-4,Moderate,Rare,NIL,17.6,4,50.1,88.6,44,35,12.5,43,8550,30,17,18,3,0,0.94,0.54,0.79,0.18,0.06,410,7.3,16,0.32,14,0.6,0.59,0.47,0.01,236,45,98.2,23.1,115.5,197,5.2,2.18,0.46,1,0.3,0.7,51,19,14,48,7.2,4.9,2.3,2.13,0.6,34.2,15.9714,26.62,142,4.2,104,3.2,118.83,118,345,463,25.49,7.9,180.03,0.9,11.8,77.6,15.21,9,4.1,201,6,1.2,104,124,88,108
202897,KLTRS08TSS,294718,27/08/2018,08:03,08:42,Pale Yellow,Slightly cloudy,1.011,4.6,Negative,Trace,Negative,Negative,Negative,2+,Negative,35-39,1,>20,Nil,Nil,NIL,15.2,4.7,43.6,47.1,32,34,13.6,45.8,10837,56,32,5,3,0,3.19,2.66,0.1,0.51,0.08,1024,7.9,13,0.22,14.4,0.4,0.07,0.96,0.54,156,65,135.5,38.5,192.5,112,2.4,2.08,0.48,0.8,0.3,0.5,52,11,31,25,6.8,4.3,2.5,1.72,0.9,17.5,8.1725,9.08,147,4.5,99,5.9,114.55,185,278,463,39.96,6.9,151.33,0.4,21.8,193.6,11.26,8.6,2.1,162,9.3,0.72,116,67,61,119
461310,MZLGI01GJS,682478,28/08/2018,08:44,09:37,Straw,Cloudy,1.014,6.6,Trace,Negative,Negative,Negative,Negative,Normal,Negative,4-6,1,>20,Nil,Nil,NIL,17,5.9,44.3,72.8,28,38,12.6,45.8,5661,36,27,3,8,0.6,3.92,1.73,0.58,0.14,0.03,297,7.3,19,0.37,32.7,0.1,0.32,0,0.25,191,50,41.3,46.4,232,118,3.8,0.83,1.21,2.8,0,2.8,123,41,38,32,6.4,3.9,2.5,1.56,0.6,10.9,5.0903,8.48,135,4.1,103,3.5,103,107,331,438,24.43,6,125.5,0.2,11.1,79.5,13.96,9.3,4.4,70,11.4,0.69,71,69,72,123
878873,PBCHD06CGD,855496,26/08/2018,10:59,12:21,Straw,Slightly cloudy,1.019,5,Trace,Trace,Negative,Negative,Negative,Normal,Negative,14-15,1,1-2,Few,Nil,NIL,14.1,5.8,43.3,72.4,24,32,13.5,30.1,10168,31,20,0,8,0,5.63,2.62,0.55,0.34,0.07,134,10.6,11,0.5,27.4,0.5,0.2,0.36,0.19,198,20,97.3,13.7,68.5,129,9.9,4.87,0.21,0.9,0.3,0.6,39,38,32,42,6,4.9,1.1,4.45,1.2,9.2,4.2964,3.58,145,2.9,80,4.7,96.37,63,192,255,24.71,8.5,197.25,5,17.1,123.9,13.8,8,4.2,84,6.6,3.15,149,143,121,96
953446,MZLGI07MHP,748336,28/08/2018,07:21,08:38,Light Yellow,Slightly cloudy,1.018,6.5,Trace,Negative,Negative,Negative,Negative,Normal,Negative,36-38,0,1-2,Nil,Moderate,NIL,14.2,5.4,28.7,49.4,26,49,12.9,42.2,13201,80,30,3,9,0,6.39,1.13,0.62,0.82,0.04,352,7.4,14,0.54,13.1,1.8,0.59,0.38,4.82,166,45,117.3,27,135,91,3.7,2.61,0.38,0.5,0.1,0.4,102,50,15,12,7.2,4.6,2.6,1.77,1.1,19.5,9.1065,8.28,137,4.2,115,5.6,103.43,77,350,427,18.03,12.5,312.05,0.8,163,239.2,68.14,11.5,2.8,246,8.1,8.16,111,174,179,129
797596,GYAHD05ODK,841845,26/08/2018,06:29,07:55,Pale Yellow,Clear,1.014,4.8,Negative,Trace,Negative,1+,Negative,Normal,Negative,4-6,1,3-4,Nil,Rare,NIL,15.8,5.2,16,90.8,30,98,12.7,49.7,54392,41,20,5,3,0,1.38,1.13,0.41,0.16,0.06,1045,8.5,17,0.09,28,4.8,0.4,0.08,0.11,202,61,85.1,34.2,171,80,3.3,1.4,0.72,0.3,0.1,0.2,129,44,16,47,6.1,4.9,1.2,4.08,1,16.5,7.7055,7.71,138,4.6,108,4.5,95.66,169,231,400,42.25,8.1,185.77,0.1,11,195.7,5.62,8.9,4.8,242,9.5,0.007,111,100,88,268
837270,PBCHD06PBP,344525,25/08/2018,10:06,11:11,Light Yellow,Clear,1.01,4.8,Negative,Negative,Negative,Trace,Negative,Normal,Negative,3-5,1,13-13,Few,Rare,NIL,12.1,5.4,48.1,58.2,22,25,12.2,40.4,4245,45,34,20,6,0,5.08,1.11,0.58,0.46,0.02,206,7.7,12,0.32,40.8,0.1,0.29,0.06,4.44,196,56,53.7,11.4,57,71,3.5,0.96,1.04,0.6,0,0.6,55,28,11,44,7.4,4.8,2.6,1.85,1,27.7,12.9359,12.94,102,3,95,6.4,115.84,148,284,432,34.26,6.3,134.11,0.1,15.5,22.4,69.2,10.4,2.9,144,11.1,10.62,88,103,118,189
591285,PBCHD10MHS,390480,28/08/2018,10:10,10:55,Straw,Clear,1.018,4.8,1+,Negative,3+,Negative,Negative,Normal,Negative,1-2,1,1-2,Rare,Nil,Amorphous debris,16.3,7.6,41.5,98.9,21,39,10.6,39.5,6158,59,24,3,4,0,1.48,1.84,0.87,0.69,0.18,430,10.8,6,0.36,33.4,2.9,1.25,0.25,0.13,186,24,83.2,34.1,170.5,144,7.8,3.47,0.29,0.4,0.1,0.3,102,38,40,39,6.3,4,2.3,1.74,1.2,16.7,7.7989,6.5,127,2.2,90,3.5,97.4,93,147,240,38.75,5.8,119.76,0.4,11.4,50.3,22.66,10.7,3.6,115,8.3,3.35,96,83,95,108
477555,PBCHD13CGD,622978,27/08/2018,11:46,13:00,Green,Clear,1.011,4.4,Trace,Negative,Negative,1+,Negative,Normal,Negative,12-13,0,2-2,Few,Nil,NIL,8.2,6,36.4,80.2,13,22,13.6,39.8,6616,60,47,5,24,0.7,6.93,1.28,0.45,0.17,0.02,87,10.7,23,0.21,33.8,0.1,4.95,0.38,0.3,193,41,96.1,8.2,41,103,4.7,2.34,0.43,0.8,0.1,0.7,44,52,40,37,6.7,3.6,3.1,1.16,0.6,9.9,4.6233,7.71,140,2.8,106,5.1,91.57,139,216,355,39.15,7.4,165.68,0.6,20.6,103.2,19.96,9.5,4.6,164,9.8,8.14,102,91,73,84
201619,KLTRS02TSS,406154,26/08/2018,08:27,09:13,Pale Yellow,Clear,1.017,6.9,4+,Trace,3+,Negative,Trace,Normal,Negative,8-9,1,3-4,Few,Nil,Fungal elements,14.6,4.1,48,96.4,35,30,11.5,39.2,7101,63,39,3,2,0,8.39,1.38,1.29,0.08,0.17,153,7,17,0.46,28,1.9,0.62,0.3,0.77,199,29,89.2,49.9,249.5,172,6.9,3.08,0.33,0.5,0,0.5,103,7,40,13,8,4.7,3.3,1.42,0.9,5.4,2.5218,2.8,134,3.1,106,3.9,92.58,132,238,370,35.68,6.8,148.46,0.2,11,53.7,20.48,8.9,1.1,122,10.6,2.5,115,121,99,132
319612,PBCHD12PBP,731563,25/08/2018,07:58,08:29,Light Yellow,Clear,1.015,6.7,Negative,Trace,Negative,Negative,Negative,Normal,Negative,79-82,2,1-2,Nil,Nil,NIL,5.4,5.1,58.9,90.4,10,9,14.3,39.7,6518,34,22,2,7,0,4.73,1.24,0.62,0,0.48,285,8.1,25,0.23,12.2,2.5,0.35,0.49,0.34,182,59,128.1,22.2,111,139,3.1,2.17,0.46,0.6,0.1,0.5,80,55,34,34,6.7,3.5,3.2,1.09,0.8,142.8,66.6876,83.36,145,3.8,90,5.5,71.65,83,350,433,19.17,7.9,180.03,0.6,13.4,93.7,14.3,12,6.1,288,9.9,3.43,87,113,73,81
505085,PBCHD05MHS,348360,25/08/2018,07:37,08:59,Yellow,Clear,1.022,5,Trace,1+,Negative,Negative,Negative,Normal,Negative,TNTC,6,9-18,Nil,Nil,NIL,8.4,7.1,11.1,86.8,11,75,13.5,45.9,4722,34,32,2,13,0,5.02,2.41,0.67,0.11,0.04,143,15,13,0.36,28.3,0.1,0.08,5.01,0.25,179,31,90.2,38.8,194,188,5.8,2.91,0.34,0.3,0.1,0.2,96,50,11,43,7.5,3.8,3.7,1.03,0.7,16.1,7.5187,10.74,142,3.6,120,5.8,90.3,97,347,444,21.85,6,125.5,0.5,10.1,122.4,8.25,9.2,5,103,4.2,0.47,75,94,94,98
819398,KLTRS13KLP,656665,26/08/2018,10:13,11:24,Light Yellow,Clear,1.015,6.5,Negative,Negative,Negative,Negative,Negative,3+,Negative,13-15,1,2-2,Rare,Few,Mucus threads,16.6,4.5,37,71.6,36,44,13.8,45.6,9123,56,21,1,12,0,0.61,2.53,0.64,0.45,0.09,1029,15.6,11,0.22,13.9,2.5,0.37,0.31,0.31,164,48,76.9,34.7,173.5,184,3.4,1.6,0.62,0.3,0,0.3,123,48,23,34,6,4.4,1.6,2.75,0.7,17.4,8.1258,11.61,139,4.5,108,6.2,41.21,71,210,281,25.27,8.7,202.99,1,13.4,286.3,4.68,9,3.5,87,13.1,7.66,140,128,86,209
570769,PBCHD09HPP,528011,26/08/2018,08:09,09:15,Pale Yellow,Slightly cloudy,1.01,6,Trace,2+,Negative,Negative,Negative,Normal,Negative,5-7,1,7-7,Rare,Nil,NIL,14.9,5.9,56.7,78.4,25,26,14,39.2,8669,57,48,2,4,0,1.89,1.51,0.71,0.03,0.06,368,7.2,19,0.31,32.1,7.1,0.37,0.96,2.5,162,44,79.1,5.6,28,66,3.7,1.8,0.56,0.3,0.1,0.2,47,5,23,19,6.4,5.4,1,5.4,1.1,16.1,7.5187,6.84,138,2.8,88,3.6,91.04,121,135,256,47.27,10.3,248.91,0.4,15.6,115.9,13.46,10.4,5.4,156,4,3.37,144,65,211,69
506888,GYAHD13JHJ,205695,28/08/2018,08:53,09:31,Light Yellow,Clear,1.014,5.1,Trace,Trace,Negative,Negative,Negative,Normal,Negative,8-10,0,>20,Rare,Rare,Mucus threads,16.2,5.1,34.5,74.1,31,46,14.6,41.1,8724,42,50,5,8,0,2.79,2.88,0.53,0.46,0.08,309,7.1,16,0.26,43,4.8,0.15,4.96,0.18,161,47,64.4,25.1,125.5,203,3.4,1.37,0.73,0.3,0.1,0.2,72,7,17,46,7.7,5,2.7,1.85,0.7,7.1,3.3157,4.74,147,3.8,105,6.2,93.57,65,90,155,41.94,6.4,136.98,1,254.7,91.6,278.06,8.6,3.5,92,8.1,3.89,112,80,95,119
262208,MZLGI14BRC,756230,26/08/2018,07:25,08:47,Green,Clear,1.014,4.6,Negative,Negative,Negative,Negative,Negative,3+,Negative,10-12,2,>20,Nil,Nil,NIL,16.8,3.4,28,67.6,49,60,13,42.3,10295,34,21,6,3,0,4.49,1.99,0.65,0.06,0.06,427,10,13,0.41,28.3,0.2,0.56,0.31,0.17,237,26,78.5,12.5,62.5,62,9.1,3.02,0.33,0.7,0.3,0.4,84,32,34,8,6.8,4.8,2,2.4,0.9,11.1,5.1837,5.76,146,4.9,98,6.5,113.6,71,178,249,28.51,12.3,306.31,0.2,25.2,119.9,21.02,11.7,6.8,275,7.2,3.07,83,165,120,258
863999,GYAHD13JHJ,847322,28/08/2018,06:14,07:02,Pale Yellow,Clear,1.015,6.5,Trace,Trace,Negative,Negative,Negative,Normal,Negative,13-14,5,12-15,Nil,Nil,Artifacts,15.3,5.4,43.5,73.2,28,35,13.1,44.7,4463,57,40,5,3,0,4.08,2.19,0.55,0.07,0.04,241,9.4,12,0.21,30.9,4.6,0.79,0.14,0.13,179,58,70.7,43.2,216,116,3.1,1.22,0.82,0.8,0.1,0.7,58,42,19,42,6.5,3.8,2.7,1.41,0.8,7.4,3.4558,4.32,120,5.4,91,2.7,110.5,127,203,330,38.48,11.2,274.74,0.3,20.7,160.7,12.88,9,3.3,142,7.5,3.89,102,162,113,148
381354,PBCHD12GAM,660050,24/08/2018,06:57,07:33,Pale Yellow,Slightly cloudy,1.026,5.8,Trace,Trace,Negative,Negative,Negative,Normal,Negative,12-13,2,1-3,Nil,Few,NIL,17,4.1,53.3,55,41,31,14.4,44,6022,49,16,1,8,10.1,4.77,1.07,0.2,0.35,0.02,247,9.3,13,0.23,22.7,3.5,0.31,0,4.19,131,21,155,36.1,180.5,85,6.2,7.38,0.14,0.2,0,0.2,111,47,18,46,6.8,4.6,2.2,2.09,0.7,11.5,5.3705,7.67,120,3.8,99,4.4,118.81,170,330,500,34,5.9,122.63,0.2,82.6,312.9,26.4,8.8,3.7,181,12.7,9.42,78,63,71,158
392236,PBCHD10MHS,493416,28/08/2018,08:12,09:07,Straw,Clear,1.025,4.6,Negative,Trace,Negative,1+,Negative,Normal,Negative,12-14,0,3-4,Nil,Nil,Fat droplets or lipiduria,17.5,4.5,43.8,98.2,38,39,12.8,42.7,4236,33,30,14,11,0,9.69,0.93,0.32,0.57,0.05,50,10.8,15,0.27,39.2,0.1,4.65,0.74,0.04,191,56,51.8,16.8,84,91,3.4,0.93,1.08,0.3,0,0.3,113,38,15,34,6.5,3.9,2.6,1.5,0.9,7.3,3.4091,3.79,148,5.8,107,5.9,104.84,138,174,312,44.23,6,125.5,0.9,22.8,89,25.62,7.9,4.7,117,18.6,1.34,105,198,147,105
123597,KLTRS14MLT,882313,27/08/2018,09:33,10:14,Yellow,Slightly cloudy,1.016,5.7,Negative,Negative,Negative,Negative,Negative,Normal,Negative,3-5,2,6-15,Rare,Nil,NIL,9.1,4,42.6,81.3,22,21,12.4,44,10747,52,28,1,8,0,9.32,0.36,0.66,0.64,0.05,108,9.5,15,0.29,27.1,0.1,0.35,0.18,0.58,186,53,90.9,33.7,168.5,176,3.5,1.72,0.58,0.7,0,0.7,62,29,13,29,6.7,3.5,3.2,1.09,0.6,15.3,7.1451,11.91,144,4.9,107,7,47.59,162,169,331,48.94,6.1,128.37,0.8,11.4,108.2,10.54,10.4,2.5,60,10.2,0.76,89,78,78,114
994374,MZLGI10RJK,157494,25/08/2018,09:16,09:47,Light Yellow,Slightly cloudy,1.022,5.1,Negative,Negative,Negative,Negative,Negative,Normal,Negative,6-8,0,2-2,Nil,Nil,NIL,9.8,5.2,35.1,78.3,18,27,13.8,42.1,10388,67,54,6,8,0,6.09,2.21,0.07,0.43,0.07,197,9.6,16,0.46,40.9,3.6,0.19,0.36,6.71,154,49,89.5,37.9,189.5,68,3.1,1.83,0.55,0.5,0.2,0.3,123,34,30,23,8,3.8,4.2,0.9,0.7,17.2,8.0324,11.47,101,4.2,98,2.8,98.96,98,112,210,46.67,7.3,162.81,0.9,13.4,142.2,9.42,11.5,2.2,277,18.5,2.13,102,125,89,173
834226,GYAHD06ODK,251848,28/08/2018,11:32,12:15,Straw,Slightly cloudy,1.029,6.7,Negative,Negative,Negative,Negative,Negative,Normal,Negative,9-11,0,2-4,Nil,Rare,NIL,13.6,5.7,41.2,82.6,23,33,15.6,39,6665,40,53,6,8,0,20.61,2.51,0.85,0.43,0.09,382,7.4,11,0.18,14.6,1.5,0.02,0.01,0.3,143,20,183,27,135,109,7.2,9.15,0.11,0.6,0,0.6,41,28,25,88,6.6,4.8,1.8,2.67,0.9,15,7.005,7.78,136,4.9,102,3.6,112.1,127,126,253,50.2,5.9,122.63,1,23.4,98.5,23.76,9.4,5.1,121,9.2,1.62,91,199,93,123
506031,MZLGI08RJK,310786,24/08/2018,06:06,07:28,Pale Yellow,Clear,1.018,7.2,Negative,Trace,Negative,Trace,Negative,Normal,Negative,42-47,2,1-2,Nil,Nil,Artifacts,5.8,4,52.8,89.1,14,10,13.7,34.6,6147,60,27,6,10,9.8,9.86,2.35,0.5,0.23,0.05,122,11.4,16,0.12,12.6,0.1,0.39,0.37,0.03,162,59,179.8,60.1,300.5,174,2.7,3.05,0.33,0.6,0,0.6,105,12,33,29,6.4,3.5,2.9,1.21,0.9,10.7,4.9969,5.55,128,4.7,124,5.1,111.1,81,95,176,46.02,8.3,191.51,0.3,23.8,105.9,22.47,11.2,3.5,273,8.2,1.55,133,166,88,91
650709,PBCHD01GAM,617899,27/08/2018,08:43,09:22,Straw,Clear,1.006,5.3,Negative,Negative,Negative,Negative,Negative,Normal,Negative,8-10,0,2-4,Rare,Nil,Fat droplets or lipiduria,14.8,5.3,40.1,97.4,27,36,14.5,40.3,7335,58,19,10,11,0,0.49,1.23,0.19,0.4,0.04,608,9.5,16,0.18,30.3,4.3,0.55,0.18,6.14,205,69,105.1,61.2,306,81,3,1.52,0.66,0.7,0.1,0.6,73,93,19,28,7.4,4.3,3.1,1.39,0.8,15.7,7.3319,9.16,141,4.7,85,2.3,92.76,134,345,479,27.97,6.1,128.37,0.6,200.3,214,93.6,7.7,3,276,5.7,0.51,82,122,73,96
375108,GYAHD08ODK,413369,27/08/2018,09:24,10:42,Orange,Clear,1.019,6.6,1+,Negative,Negative,Negative,Negative,Normal,Negative,TNTC,2,1-2,Rare,Nil,NIL,16.2,4.8,37.5,97.3,33,43,13.2,40.3,10940,55,48,6,2,0,9.07,2.28,0.2,0.21,0.02,434,8.1,13,0.45,29.2,0.1,0.39,3.2,0.27,185,50,129,14.4,72,154,3.7,2.58,0.39,15.4,10.9,4.5,77,50,20,12,8.1,4.9,3.2,1.53,1.2,15.8,7.3786,6.15,138,3.8,106,5,107.59,191,115,306,62.42,8.9,208.73,0.8,175.5,492,35.67,9.5,5.4,182,10.7,11.53,137,95,98,157
387830,PBCHD11PBP,826946,25/08/2018,06:36,07:14,Straw,Hazy,1.011,5.9,Trace,Trace,Negative,Negative,2+,Normal,Negative,1-3,2,3-2,Nil,Few,NIL,18.7,5.8,39.8,93.3,32,46,14,43.4,6584,45,53,3,7,0,0.91,1.46,0.55,0.38,0.04,447,9.4,25,0.2,18.7,0.1,0.36,0.06,0.11,103,56,104.5,60.5,302.5,92,1.8,1.87,0.54,0.9,0.3,0.6,48,45,11,41,6.5,3.9,2.6,1.5,1.1,31.4,14.6638,13.33,143,2.9,102,4.8,118.45,49,358,407,12.04,5.8,119.76,0.6,15,23,65.22,8.7,2.2,123,5.9,9.16,74,76,86,120
157655,GYAHD12KLM,935902,24/08/2018,07:07,08:00,Pale Yellow,Clear,1.01,5.3,Trace,Trace,Negative,Negative,Negative,Normal,Negative,2-4,1,1-4,Nil,Nil,NIL,19.5,5,37,65.4,39,52,11.7,40.4,10156,56,33,18,9,0,5.6,0.23,0.55,0.22,0.03,177,8.2,11,0.34,19.1,3.3,0.13,0.11,0,196,55,74.6,27.5,137.5,65,3.6,1.36,0.74,0.7,0,0.7,116,43,21,17,7.3,4.6,2.7,1.7,1.2,15.5,7.2385,6.03,121,4.6,98,8.2,98.07,120,132,252,47.62,6,125.5,0.2,128.9,226.1,57.01,9.3,4.4,347,15.6,0.59,120,62,63,144
232477,KLTRS11MLT,758968,27/08/2018,11:52,13:14,Red,Slightly cloudy,1.019,6.3,Trace,Trace,1+,Negative,Negative,1+,Negative,52-54,2,3-3,Rare,Nil,NIL,12.4,5,38.3,97.4,24,32,13.1,47,7434,31,35,5,12,0,9.43,4.01,0.29,0.43,0.02,382,7,13,0.09,33.6,0.1,0.32,0.07,0.16,171,79,117.8,5.2,26,87,2.2,1.49,0.67,0.9,0.2,0.7,58,43,23,14,7,4.2,2.8,1.5,1.2,12.6,5.8842,4.9,147,3.7,100,3.4,96.58,247,145,392,63.01,11.8,291.96,1,16.4,290.2,5.65,11.8,4.4,67,14.7,0.61,114,167,76,191
241269,GYAHD08JHJ,984392,28/08/2018,07:17,08:45,Red,Clear,1.017,6.4,Trace,1+,Negative,1+,Negative,Normal,Negative,12-13,2,1-4,Nil,Few,NIL,20.5,5.5,36.3,99,37,56,12.7,40.3,5868,49,43,18,7,0,6.72,1.01,0.41,0.21,0.05,48,5.2,25,0.35,15,1,0.91,0.63,0.05,189,68,89.4,96.2,481,89,2.8,1.31,0.76,1.2,0.2,1,54,14,29,17,6.7,4.7,2,2.35,0.6,14.7,6.8649,11.44,131,4.7,107,4.8,90.23,64,351,415,15.42,5.9,122.63,0.4,11,28.5,38.6,11.6,5.3,157,7.5,0.42,109,67,93,95
968725,MZLGI08APK,277274,24/08/2018,07:13,08:00,Light Yellow,Slightly cloudy,1.015,6.9,Negative,Negative,Negative,Negative,Negative,Normal,Negative,2-4,48,1-2,Few,Nil,NIL,1.5,5.8,52.8,84.1,2,2,12.3,42.1,4961,18,40,2,8,0,6.98,2.57,0.7,0.04,0.04,67,16.3,14,0.3,21.4,1,0.22,0.52,0.22,201,47,94.8,11,55,163,4.3,2.02,0.5,1,0.3,0.7,97,32,22,17,7.3,3.9,3.4,1.15,0.6,13.5,6.3045,10.51,141,4.6,99,6.4,93.37,70,319,389,17.99,5.8,119.76,0.6,14.8,69.8,21.2,11.1,3.5,62,11.1,3.28,77,72,94,129
624679,KLTRS05NLZ,320943,24/08/2018,09:20,10:42,Pale Yellow,Hazy,1.023,5.9,Trace,Negative,Negative,Trace,Negative,Normal,Negative,10-12,3,1-4,Nil,Nil,NIL,14.9,4.7,55.8,91.1,31,26,14.1,39.4,3856,59,50,3,3,2.5,5.99,1.87,1.3,0.3,0.01,347,11.8,11,0.37,14,0.1,0.21,0.29,0.16,198,55,94,32.2,161,69,3.6,1.71,0.59,0.6,0.2,0.4,91,44,36,32,7.3,4,3.3,1.21,1,17.6,8.2192,8.22,143,4.5,96,3,109.5,84,349,433,19.4,5.9,122.63,0.1,16.7,100.9,16.55,7.8,1.2,69,10.9,1.4,95,104,94,90
382231,PBCHD05RJU,858791,28/08/2018,06:47,07:45,Straw,Slightly cloudy,1.01,6.7,Trace,Trace,Negative,Negative,Negative,Normal,Negative,4-6,1,2-3,Nil,Nil,Parasites,17.4,5.1,31.1,95.5,34,55,14.3,39.6,4163,60,22,8,12,6.5,1.1,2.59,0.42,0.65,0.07,245,7.7,12,0.26,38.7,4.2,0.3,0.34,0.33,177,36,83.4,38.3,191.5,100,4.9,2.32,0.43,0.5,0.2,0.3,45,7,33,28,7,4.1,2.9,1.41,0.9,13.7,6.3979,7.11,144,3.8,114,9.9,63.6,60,168,228,26.32,5.7,116.89,0.3,16.7,100.3,16.65,10.8,4.3,150,3.9,3.2,116,84,82,114
953630,GYAHD13KLM,656023,27/08/2018,08:16,09:10,Deep Amber,Clear,1.026,5.7,Negative,Trace,Negative,Negative,1+,Normal,Negative,3-5,0,2-4,Rare,Nil,NIL,12.4,5.8,32.6,77.8,21,38,13.7,45.4,46107,45,37,5,2,0,4.14,1.94,0.58,0.97,0.01,344,9.1,16,0.34,44.9,2.5,0.83,0.01,5.03,161,28,45,81.4,407,105,5.8,1.61,0.62,0.8,0.2,0.6,103,26,38,29,7.7,4.4,3.3,1.33,1.5,61.5,28.7205,19.15,138,3,107,2.7,92.33,128,115,243,52.67,6.1,128.37,0.7,18.5,36.4,50.82,8.7,5,283,9.4,3.19,122,61,96,194
100271,GYAHD14KLM,997242,28/08/2018,10:40,11:41,Pale Yellow,Slightly cloudy,1.014,6.6,Trace,Negative,Negative,Negative,Negative,Normal,Negative,13-14,3,3-4,Rare,Nil,NIL,8.5,4.3,50.8,88.8,19,16,13.4,44.7,5649,43,24,3,7,0,0.85,1.41,0.43,0.16,0.14,250,9.3,13,0.59,30,2.8,2.41,0.12,0.39,197,50,116.7,34.3,171.5,192,3.9,2.33,0.43,0.8,0.1,0.7,43,52,40,27,8.3,4.1,4.2,0.98,0.8,18,8.406,10.51,138,3.7,97,5.4,91.85,61,331,392,15.56,8.8,205.86,0.3,26.5,90.7,29.22,9.1,5.2,150,7,2.97,121,89,87,120
977140,MZLGI13APK,406958,25/08/2018,08:39,09:23,Straw,Slightly cloudy,1.011,6.9,Trace,Trace,Negative,Negative,Negative,Normal,Negative,4-6,1,1-4,Nil,Rare,NIL,12,5.3,35.9,80.9,22,33,11.5,43.9,3348,59,31,6,4,0,1.41,3.46,0.97,0.29,0.04,27,8,20,0.37,37.6,2,0.13,0.16,0.19,153,71,79.5,35.4,177,192,2.2,1.12,0.89,1,0.3,0.7,45,48,17,6,6.2,4.6,1.6,2.88,2.1,12.5,5.8375,2.78,122,3.2,107,4.1,62.25,101,289,390,25.9,6.3,134.11,0.5,13.5,107,12.62,9.2,4.5,211,11.4,1.86,113,268,95,66
946832,MZLGI05MHP,820963,27/08/2018,06:55,07:33,Pale Yellow,Clear,1.025,5.9,Negative,Negative,Negative,Negative,Negative,Normal,Negative,9-10,0,2-2,Nil,Nil,NIL,8,5.9,61.5,60,13,13,11.6,40.8,6878,59,27,3,0,0,5.87,3.3,0.43,0.51,0.08,298,13.8,17,0.3,17.4,0.4,0.21,0.04,0.1,180,51,108.7,23.7,118.5,215,3.5,2.13,0.47,0.6,0.1,0.5,119,47,27,27,5.3,3.7,1.6,2.31,1.2,9,4.203,3.5,149,3.5,108,5.4,100.69,205,195,400,51.25,6.3,134.11,0.8,12.6,165,7.64,10.7,2.9,146,8.6,2.02,84,87,109,76
443424,PBCHD11SKM,317156,27/08/2018,10:50,11:53,Dark Yellow,Slightly cloudy,1.016,6.7,Negative,Negative,Trace,Negative,Negative,Normal,Negative,2-4,0,3-2,Nil,Nil,NIL,11.3,8.2,32.6,89,13,34,12.6,41.9,4192,68,25,6,8,0,8.7,0.23,0.34,0.03,0.09,353,11,11,0.3,22.4,2.8,0.22,0.36,0.21,234,47,46.9,70.9,354.5,87,5,1,1,0.7,0.3,0.4,64,35,19,25,7.5,3.9,3.6,1.08,0.9,14.6,6.8182,7.58,135,3.2,110,4.8,118.43,135,109,244,55.33,6.2,131.24,0.2,23.4,156.2,14.98,9.7,2.4,175,22.4,1.26,74,93,74,134
812644,KLTRS14MLT,138809,24/08/2018,06:59,08:06,Pale Yellow,Slightly cloudy,1.022,6,Trace,Trace,Negative,Negative,Negative,Normal,Negative,11-13,2,3-4,Nil,Nil,Amorphous debris,12.4,4.8,41.2,129.5,25,30,12.2,44.2,9884,35,21,2,8,0,0.69,2.68,0.95,0.19,0.16,313,11.6,11,0.22,48.3,4.4,0.09,0.32,0.12,175,23,88.5,45.5,227.5,86,7.6,3.85,0.26,0.4,0.1,0.3,101,29,37,17,7.6,4.7,2.9,1.62,0.7,138.7,64.7729,92.53,135,4.6,95,3.9,116.41,162,356,518,31.27,9,211.6,0.6,23.8,69.2,34.39,8.6,2.7,375,10,1.06,98,87,207,233
333809,KLTRS11ODB,713105,26/08/2018,09:30,10:37,Pale Yellow,Slightly cloudy,1.019,5.5,Trace,Negative,Negative,Negative,Negative,Normal,Negative,12-14,18,1-4,Nil,Nil,NIL,12.4,5.6,44.5,85.5,22,27,14.4,45,10376,53,17,3,3,0,9.15,1.66,0.36,0.48,0.09,356,11.8,17,0.28,20.1,1.7,0.13,0.35,0.89,156,51,76.5,51.7,258.5,136,3.1,1.5,0.67,1.6,0,1.6,105,9,34,34,7.6,4.1,3.5,1.17,1.5,31,14.477,9.65,141,3.6,98,4.1,112.67,182,314,496,36.69,6,125.5,0.3,13.4,22.7,59.03,9.3,5.1,89,12.4,4.86,85,126,104,80
326164,GYAHD09KLM,881232,26/08/2018,06:49,07:27,Pale Yellow,Clear,1.018,4.5,Trace,Trace,Negative,Negative,Negative,Normal,Negative,3-4,1,3-2,Nil,Nil,Fat droplets or lipiduria,10.6,5.1,35.9,71,20,29,13.1,40.7,8984,44,21,2,3,0,12.52,2.7,0.38,0.8,0.05,63,10.2,7,0.36,31.3,4.6,0.06,0.08,0.06,170,55,69.1,38.4,192,154,3.1,1.26,0.8,0.2,0,0.2,42,44,15,62,7.7,4.4,3.3,1.33,1.1,12,5.604,5.09,135,3.7,103,5.4,95.86,82,358,440,18.64,6.2,131.24,0.7,153.3,21.3,719.72,11.1,3.3,176,7.3,3.27,110,107,320,80
757469,KLTRS10KLP,724064,28/08/2018,10:45,11:35,Deep Amber,Clear,1.029,6.8,Negative,Trace,Negative,Negative,Negative,Normal,Negative,5-6,1,1-4,Nil,Nil,NIL,19.4,6.4,36.8,91.6,30,52,13.4,44.8,3030,52,22,13,5,0.6,16.59,1.65,0.71,0.04,0.15,818,11.2,14,0.36,32.5,2.4,0.35,0,0.45,111,54,39.8,80.9,404.5,101,2.1,0.74,1.36,0.7,0.1,0.6,81,39,12,37,7.7,4.2,3.5,1.2,1.5,18.9,8.8263,5.88,136,4.3,106,4.7,110.84,153,292,445,34.38,6.2,131.24,0.6,13.1,175.7,7.46,9.2,2.7,171,10.5,1.64,94,80,241,60
520960,MZLGI08BRC,216992,27/08/2018,09:20,10:00,Pale Yellow,Clear,1.017,6.5,Negative,Trace,Negative,Negative,Negative,Normal,Negative,8-10,32,1-3,Nil,Rare,NIL,9.8,5.7,32.7,99.8,17,29,13.8,46,5842,43,16,1,5,0,20.71,0.56,0.33,0.44,0.02,139,10.1,10,0.62,13.6,3.6,0.08,2.9,0.14,224,49,81.5,16.5,82.5,71,4.6,1.66,0.6,0.4,0,0.4,115,38,88,28,6.7,4.4,2.3,1.91,1.2,9.4,4.3898,3.66,141,3.7,115,3.7,98.27,157,168,325,48.31,6.7,145.59,57.6,217.6,110.3,197.28,11.3,3,152,12.2,2.42,90,84,257,91
574184,KLTRS14MLT,247120,27/08/2018,11:33,12:34,Pale Yellow,Slightly cloudy,1.026,4.9,Negative,1+,Negative,Negative,Negative,Normal,Negative,8-9,2,1-2,Nil,Nil,NIL,8.7,4.4,48.2,81.8,19,18,11.7,42.1,7135,43,39,2,3,0.1,8.28,2.13,0.37,0.06,0.01,813,7.8,10,0.06,19.8,1.2,0.29,0.24,3.46,181,26,133.7,57.8,289,90,7,5.14,0.19,0.5,0.2,0.3,65,30,13,42,6.2,4.5,1.7,2.65,0.9,12.1,5.6507,6.28,122,4.7,105,3.8,112.24,157,349,506,31.03,8.1,185.77,0.7,24.6,121.4,20.26,10.3,4.6,68,5.7,0.007,115,103,95,128
885868,GYAHD01ODK,415798,28/08/2018,07:18,08:03,Light Yellow,Slightly cloudy,1.018,6.7,Trace,Trace,Trace,Negative,Negative,Normal,Negative,6-8,2,2-2,Nil,Rare,Parasites,10.5,4.4,31.5,73,23,33,14.4,45.8,6653,37,33,5,4,0,6.67,2.71,0.38,0.29,0.02,273,8.5,15,0.31,14.5,4.5,2.93,0.59,0.09,191,47,42.3,17.3,86.5,92,4.1,0.9,1.11,0.4,0,0.4,49,25,21,29,6,3.6,2.4,1.5,1.1,11.9,5.5573,5.05,142,4,106,3.3,18.85,86,126,212,40.57,6.3,134.11,0.4,16.3,346.8,4.7,10.1,3.1,71,19.6,0.26,78,91,205,85
795562,PBCHD06GAM,563060,26/08/2018,10:23,11:06,Pale Yellow,Clear,1.017,4.9,Negative,Negative,Negative,Negative,3+,Normal,Negative,TNTC,2,2-4,Nil,Nil,Fungal elements,13.7,6.4,51.1,84.8,21,26,12.2,44.4,5953,58,15,5,4,0,12.47,1.34,0.6,0.09,0,449,14,10,0.34,21.8,0.3,0.24,0.1,0.34,164,41,91.3,5.7,28.5,114,4,2.23,0.45,0.8,0.2,0.6,104,24,14,27,7.6,5,2.6,1.92,1,17.1,7.9857,7.99,134,3.2,106,4.7,47.38,77,235,312,24.68,6.1,128.37,0.7,20.9,381,5.49,7.2,3,75,6.4,1.46,171,86,145,113
631016,MZLGI02MHP,143708,24/08/2018,10:44,11:50,Light Yellow,Clear,1.016,6.9,Negative,1+,Negative,Negative,Negative,Normal,Negative,4-6,1,1-2,Nil,Rare,NIL,11.8,5.2,34.7,98.6,22,34,12.6,37.4,7662,13,34,3,4,0,7.23,7.46,0.08,0.43,0.18,543,8.5,14,0.64,21.2,2.9,0.94,0.15,0.07,196,65,80.7,5.3,26.5,127,3,1.24,0.81,0.7,0.3,0.4,109,16,22,21,7.6,3.5,4.1,0.85,1.1,7.3,3.4091,3.1,136,2.8,104,5,98.58,110,179,289,38.06,8,182.9,0,15.8,137.1,11.52,8.9,2.5,69,10.4,6.85,97,87,86,117
431802,GYAHD05ODK,901232,25/08/2018,10:55,11:50,Deep Amber,Slightly cloudy,1.012,7.4,Trace,Trace,Negative,Negative,Negative,Normal,Negative,14-15,1,2-2,Nil,Nil,NIL,11.3,5.5,34.7,99.5,20,32,12.2,45.6,4665,43,25,6,9,0,0.5,1.25,0.34,0.1,0.02,299,8.1,11,0.56,26.6,5.4,0.07,0.71,0.13,157,56,99.2,34.7,173.5,193,2.8,1.77,0.56,0.5,0.2,0.3,54,27,29,44,7.1,4.4,2.7,1.63,1.2,5.7,2.6619,2.22,99,5,100,3.7,77.01,107,198,305,35.08,17,441.2,0.1,10.5,60.5,17.36,10.9,5.9,145,5.1,11.86,113,92,81,255
923830,MZLGI11RJK,251346,24/08/2018,09:30,10:52,Yellow,Clear,1.026,6.1,Trace,Negative,Negative,Negative,Negative,Normal,Negative,8-10,1,2-2,Nil,Nil,NIL,12.6,4.7,52.4,41.3,26,24,16.2,43.8,9402,40,39,3,6,0,0.6,1.49,0.52,0.02,0.03,208,9.9,12,0.46,16.6,3,0.36,0.35,0.33,206,59,128.7,34.8,174,150,3.5,2.18,0.46,0.7,0.2,0.5,42,50,30,37,7,4.6,2.4,1.92,1,31.9,14.8973,14.9,145,2.5,104,2.7,107.44,95,166,261,36.4,5.8,119.76,0.7,15,69.1,21.71,10,4.4,86,12.2,1.42,160,83,327,84
265947,MZLGI06APK,156480,28/08/2018,08:37,09:18,Light Yellow,Slightly cloudy,1.02,5.8,Negative,1+,Negative,Negative,Negative,Normal,Negative,4-6,1,3-4,Rare,Few,NIL,19.3,5.2,48.5,79.2,37,39,15.4,44.9,8379,60,27,3,4,0,9.29,1.14,0.37,0.49,0.06,336,8.2,25,0.19,24.5,3.3,0.01,0.64,0.61,153,34,72.3,5.9,29.5,108,4.5,2.13,0.47,1,0.3,0.7,122,14,19,22,6.2,4.4,1.8,2.44,1.2,11.8,5.5106,4.59,122,5.6,107,5.2,48.6,114,334,448,25.45,5.8,119.76,0.9,158.8,134,118.51,9.6,6.1,198,13.9,3.42,71,78,90,122
550725,PBCHD09RJU,486221,27/08/2018,09:06,09:39,Deep Amber,Slightly cloudy,1.016,6.8,Negative,Trace,Negative,Negative,Negative,Normal,Negative,14-15,1,3-2,Nil,Few,NIL,18.1,5.4,45,41.6,33,40,14.2,41.9,6991,48,16,2,3,0,0.2,1.87,0.92,0.7,0.05,429,11.7,11,0.37,27.6,4.3,0.03,0.36,0.14,189,56,77.4,10.9,54.5,142,3.4,1.38,0.72,0.7,0.2,0.5,73,32,10,28,6.6,4.2,2.4,1.75,1,16,7.472,7.47,148,2.2,98,5.9,95.6,92,146,238,38.66,6.8,148.46,0.4,12.7,122.4,10.38,10,5.3,176,11.7,3.4,120,94,158,73
758528,KLTRS05TSS,349058,27/08/2018,06:25,07:25,Straw,Hazy,1.012,5.5,Trace,1+,Negative,Negative,Negative,Normal,Negative,1-3,2,1-2,Nil,Nil,NIL,17.4,5.2,41.1,96.8,33,42,12.3,39.1,7271,45,51,6,8,0,0.71,2.6,0.83,0.32,0,133,8.3,14,0.24,12.4,0.2,0.18,0.35,5.88,225,31,83.2,31.8,159,107,7.3,2.68,0.37,0.2,0,0.2,62,35,73,12,7,4.5,2.5,1.8,1.2,7.2,3.3624,2.8,139,5.8,104,9.9,90.07,73,305,378,19.31,7.3,162.81,0.6,15.6,129.1,12.08,9.7,2.5,179,5.9,0.02,182,75,92,112
230087,GYAHD03KAU,838262,28/08/2018,08:07,09:24,Pale Yellow,Slightly cloudy,1.013,6.5,3+,Negative,Negative,Negative,Negative,Normal,Negative,1-3,1,>20,Nil,Nil,NIL,12,5.5,64.6,128.2,21,18,13.9,40.5,6166,49,35,5,4,0,1.55,2.97,0.53,0.4,0.06,264,7.9,15,0.28,14,0.1,0.26,0.31,0.08,186,58,91,15.1,75.5,178,3.2,1.57,0.64,0.4,0.1,0.3,57,38,12,30,8.1,5,3.1,1.61,1.2,12.4,5.7908,4.83,142,4.1,104,4.9,105.95,53,181,234,22.65,6,125.5,0.2,284.6,123.3,230.82,9.3,4.2,315,3.2,1.45,142,92,81,228
725071,GYAHD03JHJ,186527,24/08/2018,07:59,08:37,Straw,Clear,1.019,6.8,Negative,Trace,Negative,Negative,Negative,Normal,Negative,4-6,2,1-3,Nil,Nil,NIL,8.3,6.6,25.9,95.8,12,32,13.5,42.1,8328,47,39,3,11,0,1.97,2.94,1.07,0.56,0.09,248,9,13,0.55,23.9,3.1,0.27,0.31,0.24,196,59,76.2,34.4,172,104,3.3,1.29,0.77,0.7,0.3,0.4,98,42,18,20,7,4.3,2.7,1.59,1,14.9,6.9583,6.96,145,5.4,103,3.8,113.17,119,281,400,29.75,8.6,200.12,0.3,17.8,121.5,14.65,10.4,3.7,114,19.5,3.01,188,91,89,94
203664,PBCHD03RJU,257890,28/08/2018,09:22,10:21,Red,Hazy,1.01,5.6,Negative,Negative,Negative,Negative,Negative,Normal,Negative,12-14,2,3-2,Nil,Nil,NIL,6.9,6.9,46.5,83.9,10,14,13.3,45.2,10402,60,35,5,7,0,2.18,2.24,0.29,0.63,0.02,418,10.6,12,0.22,13.5,1.9,0.19,3.89,0.92,173,44,113.7,23.3,116.5,104,3.9,2.58,0.39,0.9,0.3,0.6,46,43,11,32,7.9,3.8,4.1,0.93,0.9,17.7,8.2659,9.18,147,3,99,4.6,57.63,90,194,284,31.69,7.4,165.68,0.1,23,274.3,8.38,9.3,4.9,178,6.8,2.96,98,86,96,63
216686,PBCHD06RJU,165100,26/08/2018,07:32,08:15,Pale Yellow,Clear,1.017,5.7,Negative,2+,Negative,Negative,Negative,Normal,Negative,TNTC,0,3-3,Nil,Nil,NIL,14.6,4.7,38.8,77.9,31,37,11.5,42.5,6447,75,54,3,8,0.9,5.23,2.01,0.43,0.46,0.03,216,10.3,12,0.48,34.9,0.1,0.02,0.53,0.36,238,53,74,23.5,117.5,137,4.5,1.4,0.72,1.5,0.6,0.9,123,31,25,19,6.7,3.9,2.8,1.39,0.7,19.5,9.1065,13.01,137,3.3,102,5.5,111.27,79,252,331,23.87,8.8,205.86,0.2,12.2,39.1,31.2,9,3.1,169,2.1,11.76,100,101,66,262
350054,KLTRS06ODB,631892,26/08/2018,06:00,07:15,Straw,Hazy,1.01,6.4,Trace,Trace,Negative,Negative,Negative,Normal,Negative,2-3,2,6-11,Nil,Nil,Fat droplets or lipiduria,14,5.9,36.1,82.8,23,38,14.3,39.7,10220,58,33,2,4,0,1.15,2.49,0.22,0.05,0.03,97,14.8,16,0.19,29.3,1.1,3.56,0.2,0.82,858,43,103.5,8.6,43,140,20,2.41,0.42,2.3,1.1,1.2,107,25,34,20,8.1,4.6,3.5,1.31,0.9,9.8,4.5766,5.09,127,3,107,2.5,108.48,75,271,346,21.68,6.2,131.24,0.7,27.6,148.3,18.61,8.6,2.8,159,8.9,0.37,76,97,90,108
894092,GYAHD06KAU,479190,27/08/2018,07:30,08:09,Light Yellow,Slightly cloudy,1.015,6.5,Negative,Negative,Trace,Negative,Negative,Normal,Negative,10-11,0,3-2,Nil,Nil,Fat droplets or lipiduria,17.7,2.7,32.5,96.4,65,54,13,42.7,9995,54,39,4,3,0,2.07,3.71,0.64,0.6,0.01,177,7.9,15,0.2,47.4,2.7,0.4,4.62,0.27,160,77,118.6,85.5,427.5,101,2.1,1.54,0.65,1,0.3,0.7,61,48,15,29,7.5,4.8,2.7,1.78,1,7.5,3.5025,3.5,147,5.3,100,6.2,33.51,134,346,480,27.92,5.9,122.63,0.1,25.1,69.3,36.22,9.1,2.6,136,8.2,0.16,88,81,73,128
103562,KLTRS07NLZ,844112,25/08/2018,07:50,09:00,Red,Slightly cloudy,1.024,6.5,2+,Negative,Trace,Negative,Negative,Normal,Negative,8-9,1,2-2,Nil,Nil,NIL,17.9,5.5,13,66.4,32,137,12.2,42.1,4018,78,25,2,4,1.3,6.31,1.85,0.63,0.42,0.01,23,11.8,16,0.27,33.1,0.3,0.31,0.27,0.32,148,28,102.1,27.1,135.5,60,5.3,3.65,0.27,0.6,0.1,0.5,99,49,35,47,6.9,4,2.9,1.38,1.1,62.4,29.1408,26.49,140,3.8,107,4.6,100.02,122,195,317,38.49,5.7,116.89,0.3,17.5,23.6,74.15,10.4,4.1,123,5,0.03,121,90,117,185
739683,MZLGI05APK,989595,24/08/2018,09:24,10:02,Yellow,Slightly cloudy,1.012,6.7,Negative,Negative,Negative,Trace,Negative,Normal,Negative,TNTC,2,3-4,Nil,Nil,Amorphous debris,10.6,5.4,35.9,47.2,19,29,13,43.3,5804,45,16,4,8,0,7.85,2.49,0.63,0.49,0.19,234,5.5,9,0.25,18.7,3.1,0.28,0.94,0.36,192,38,55.4,16,80,177,5.1,1.46,0.69,0.7,0.2,0.5,43,17,27,17,7.8,4,3.8,1.05,1,16,7.472,7.47,141,4.5,110,3.3,102.94,94,186,280,33.57,7.4,165.68,0.5,10.3,101.9,10.11,8.9,2.1,83,14.1,3.23,79,66,122,129
303313,MZLGI11BRC,923181,27/08/2018,08:07,08:37,Light Yellow,Slightly cloudy,1.011,6.8,1+,Negative,Negative,Negative,Negative,Normal,Negative,9-10,0,>20,Few,Few,NIL,12.7,4.4,59.9,58.8,28,21,13.7,44,51386,21,49,7,5,0,5.72,1.13,0.91,0.23,0.16,236,11.5,15,0.31,34,3.7,0.23,0.54,0.05,189,65,67.9,18.8,94,120,2.9,1.04,0.96,0.2,0,0.2,60,33,34,44,6.9,4.2,2.7,1.56,0.8,15.8,7.3786,9.22,128,5.8,102,4.1,108.1,159,340,499,31.86,7.4,165.68,0.6,13.8,80.1,17.23,9.5,4.9,62,5.8,0.7,91,85,77,214
709599,PBCHD12SKM,432621,25/08/2018,10:44,11:36,Light Yellow,Clear,1.011,4.8,1+,Trace,Negative,Negative,Negative,Normal,Negative,4-5,0,1-2,Few,Nil,NIL,19.4,4.5,49.6,57,43,39,12.9,41.4,5440,78,43,4,5,0,18.13,0.65,0.24,0.42,0.08,449,8.8,17,0.21,17.9,6.3,0.13,0.34,0.05,157,42,94.2,16.5,82.5,104,3.7,2.24,0.45,5.3,2.6,2.7,119,16,34,45,6.7,4.4,2.3,1.91,0.7,172.2,80.4174,114.88,104,3.5,98,5.4,108.46,63,128,191,32.98,6.3,134.11,0.3,17.9,92.9,19.27,8.5,2.7,135,4.1,1.68,72,95,89,91
100757,PBCHD01RJU,602143,26/08/2018,11:15,11:50,Straw,Clear,1.025,6.3,Negative,3+,2+,Negative,Negative,Normal,Negative,14-15,2,1-2,Nil,Nil,Amorphous debris,13.3,7.5,56.4,88.8,17,23,14.2,39.9,6834,51,21,10,2,4.9,5.14,4.23,0.54,0.22,0.06,351,9.2,14,0.24,25.8,0.2,0.3,0.3,0.26,229,26,55.4,83.5,417.5,187,8.8,2.13,0.47,0.7,0.3,0.4,48,56,37,42,6.6,4.6,2,2.3,1.3,17.7,8.2659,6.36,147,3.1,114,3.7,96.1,117,276,393,29.77,8.6,200.12,0.4,14.8,99.1,14.93,8.9,4.8,99,7.5,2.75,91,116,116,198
651195,GYAHD14KLM,847117,24/08/2018,09:28,10:09,Pale Yellow,Clear,1.018,6.8,Negative,Trace,Negative,Negative,Negative,Normal,Negative,8-10,0,3-3,Nil,Nil,Amorphous debris,9.3,5.2,27.9,86.6,17,33,13.5,41.7,9278,74,47,6,3,0,1.13,4.08,0.27,0.05,0.03,226,9.9,11,0.23,28,1.1,3.42,0.8,0.09,168,55,80.1,18.6,93,127,3.1,1.46,0.69,15.6,11.1,4.5,56,24,12,16,6.9,3.8,3.1,1.23,0.6,8.7,4.0629,6.77,135,4.4,90,5.7,64.87,89,107,196,45.41,12,297.7,0.5,13.8,279.2,4.94,10,2.9,59,20,2.83,127,86,96,106
593193,MZLGI04APK,951409,24/08/2018,07:30,08:03,Light Yellow,Clear,1.021,5.1,Trace,Negative,Negative,Negative,Negative,Normal,Negative,9-10,0,3-4,Rare,Rare,NIL,12.2,5.6,32.5,90.2,21,37,11.7,42.7,6570,59,32,3,2,0,5.74,0.49,0.62,0.14,0.04,390,7.3,14,0.2,41.7,1,0.76,0.91,4.33,174,52,72.8,10.3,51.5,147,3.3,1.4,0.71,0.4,0.1,0.3,83,23,28,36,8.3,3.8,4.5,0.84,1,8.6,4.0162,4.02,148,4.8,109,4.9,97.2,145,178,323,44.89,8.6,200.12,0,18,131.3,13.71,9,4.4,113,6.9,1.93,97,160,99,92
532432,MZLGI01BRC,669208,26/08/2018,06:00,06:38,Green,Hazy,1.011,5.5,Negative,Negative,Negative,Negative,Trace,Normal,Negative,1-2,2,6-17,Nil,Nil,NIL,11.5,5.6,41.3,75.1,20,27,14,45.4,4840,74,28,6,20,0,4.17,2.77,0.02,0.37,0.03,109,11.6,11,0.09,24.2,0.4,0.26,0.75,2.97,200,27,93.2,11.5,57.5,142,7.4,3.45,0.29,0.7,0.3,0.4,126,39,9,15,8.1,4,4.1,0.98,0.7,12.2,5.6974,8.14,138,3,95,2.8,107.58,72,97,169,42.6,5.8,119.76,0.9,294,72.7,404.4,10.3,2.5,251,11.3,3.14,105,74,94,194
405554,KLTRS10ODB,728792,27/08/2018,10:11,11:16,Light Yellow,Slightly cloudy,1.023,6.3,Negative,Negative,1+,Negative,Negative,Normal,Negative,2-3,2,1-2,Nil,Nil,Artifacts,20.4,5.7,47.3,96.3,35,43,13.7,43.1,2217,55,21,4,2,0,2.48,3.85,0.83,0.21,0.04,326,8.9,17,0.37,14,0.1,0.2,0.46,0.27,160,52,53,37,185,85,3.1,1.02,0.98,0.6,0.2,0.4,95,55,30,33,7.1,4.4,2.7,1.63,1.2,15.3,7.1451,5.95,122,4.5,109,6.6,107.18,110,259,369,29.81,6.1,128.37,0.8,12.1,46.2,26.19,11.2,3.3,78,5,3.67,99,79,104,70
961533,PBCHD14GAM,407665,25/08/2018,07:06,08:21,Straw,Slightly cloudy,1.008,4.9,Negative,Trace,Negative,Negative,Negative,Normal,Negative,1-3,2,1-4,Nil,Nil,Artifacts,11.4,5.9,31.6,50.2,19,36,13.4,42,9146,42,51,1,2,0,6.66,2.66,0.7,0.7,0.05,84,7,11,0.22,22.4,0.1,0.14,0.17,0.31,225,63,180.4,22.8,114,68,3.6,2.86,0.35,0.4,0.1,0.3,101,51,14,10,7.3,4.2,3.1,1.35,0.5,19.3,9.0131,18.03,137,4,95,2.8,66.81,150,242,392,38.27,5.8,119.76,0.3,22.1,410.5,5.38,9.6,5.7,192,8.5,0.03,140,138,106,66
559361,KLTRS01ODB,990270,25/08/2018,07:58,08:43,Pale Yellow,Slightly cloudy,1.017,6.9,1+,Trace,Negative,Negative,Negative,Normal,Negative,11-12,2,2-2,Few,Rare,NIL,16.8,4.1,41.9,81.7,40,40,12.4,41.6,27438,29,38,4,2,0.4,21.33,1.23,0,0.12,0.09,101,9.1,16,0.38,12.9,4.5,0.29,0.03,0.36,133,48,82.1,20.2,101,82,2.8,1.71,0.58,0.7,0,0.7,74,29,37,22,6.9,4.8,2.1,2.29,1,13.8,6.4446,6.44,135,5.9,84,2.8,107.25,267,347,614,43.49,5.8,119.76,1,24.9,124.7,19.97,9.2,2.7,200,8.5,2.73,98,66,110,138
333964,GYAHD02JHJ,696710,27/08/2018,07:26,08:34,Red,Slightly cloudy,1.014,7,Negative,Trace,Negative,Negative,Negative,Normal,Negative,11-13,1,1-4,Nil,Rare,NIL,15.8,4.1,43.2,90.7,38,36,14.2,41.7,9752,51,11,6,8,0,2.33,2.67,0.21,0.17,0.1,317,11.8,11,0.25,16.1,5,3.24,0.3,0.2,157,33,72.3,25.4,127,219,4.8,2.19,0.46,0.5,0.2,0.3,61,38,24,31,6.1,3.7,2.4,1.54,1.2,8.1,3.7827,3.15,139,4.3,103,2.9,110.62,79,270,349,22.64,6.1,128.37,0.8,20.9,332.4,6.29,10.4,3.1,203,9.5,1.76,114,94,127,72
445719,MZLGI01GJS,640784,26/08/2018,06:43,07:13,Light Yellow,Clear,1.02,6.8,Negative,Negative,Negative,1+,Negative,Normal,Negative,64-65,1,1-3,Rare,Nil,Artifacts,9.8,4.6,38.8,79,21,25,14.8,44,7381,45,20,3,6,0,9.7,2.81,0.52,0.51,0.04,345,9.5,12,0.35,34.9,3.1,0.38,0.15,0.14,182,40,70.2,7.6,38,85,4.6,1.76,0.57,0.8,0.2,0.6,58,18,15,44,6.8,4.3,2.5,1.72,1,14.8,6.9116,6.91,146,4.3,105,3.1,33.52,102,278,380,26.84,7.4,165.68,0.5,23.7,304.4,7.79,7.5,6.4,259,7,3.61,78,77,74,79
782471,GYAHD11JHJ,189735,24/08/2018,07:57,08:45,Light Yellow,Clear,1.017,5.9,Trace,Trace,Negative,Negative,Negative,Normal,Negative,93-95,1,1-3,Nil,Nil,Mucus threads,13.8,4.4,43.8,49.6,31,31,9.4,45.8,9099,50,26,3,5,0,1.12,4.29,0.93,0.14,0,62,14.2,12,0.26,20.9,0.4,0,0.09,2.1,125,33,98.9,31.4,157,183,3.8,3,0.33,0.5,0.2,0.3,106,53,14,28,7.9,4.9,3,1.63,1.1,15.6,7.2852,6.62,120,3.5,95,3.9,97.22,76,353,429,17.72,6.2,131.24,0.7,14.1,22.4,62.95,9.6,6,119,5.1,1.1,73,79,119,92
312669,PBCHD15NLM,504802,25/08/2018,11:39,12:54,Straw,Slightly cloudy,1.012,5.9,Negative,Trace,Negative,Negative,Negative,Normal,Negative,TNTC,1,3-3,Nil,Rare,NIL,12.1,4.1,49.6,92.5,29,24,11.6,39.8,54083,48,39,3,2,0,8.05,2.4,0.82,0.11,0.05,131,7.9,7,0.34,12.1,0.2,0.02,3.7,0.22,151,57,117.2,32.9,164.5,190,2.6,2.06,0.49,0.7,0,0.7,103,52,38,6,7.4,3.2,4.2,0.76,0.8,18.4,8.5928,10.74,135,3.6,95,4.9,115.57,89,104,193,46.11,6,125.5,0.1,14,237.7,5.89,11.9,5.8,128,6.6,0.87,118,104,92,94
836561,MZLGI09GJS,871088,27/08/2018,11:57,13:11,Pale Yellow,Clear,1.012,5.8,Trace,Trace,Negative,Negative,1+,Normal,Negative,5-7,2,2-2,Nil,Nil,Fat droplets or lipiduria,8.8,4.6,33.5,77.7,19,26,9.3,44.6,7130,41,49,16,2,0,3.15,2.64,0.08,0.25,0.11,281,17.8,15,0.29,27.4,0.1,0.31,0.2,4.76,185,37,95.8,14.9,74.5,123,5,2.59,0.39,0.9,0.3,0.6,106,52,22,16,6.2,4.8,1.4,3.43,1.2,8.7,4.0629,3.39,125,4.2,96,4.4,104.44,88,318,406,21.67,7.9,180.03,0.4,18.4,115.4,15.94,7,5.2,115,4,3.28,73,76,82,88
190772,GYAHD05JHJ,105899,27/08/2018,09:01,10:16,Light Yellow,Clear,1.012,6.6,Negative,Negative,Negative,Negative,Negative,Normal,Negative,8-9,18,1-2,Nil,Nil,NIL,12.4,5.9,38.8,95.1,21,31,12.5,39,5330,53,27,9,4,0,2.59,1.64,0.67,0.15,0.07,300,9,24,0.23,25.4,1.7,2.73,0.51,0.12,172,30,75,25.6,128,158,5.7,2.5,0.4,0.6,0,0.6,45,36,12,22,7.1,4.5,2.6,1.73,1.1,18.6,8.6862,7.9,146,3,96,3.6,101.21,197,118,315,62.54,6.1,128.37,0.2,28.2,144.3,19.54,9.5,5,57,9.1,0.83,113,79,79,179
343204,PBCHD05PBM,455722,24/08/2018,10:22,11:38,Green,Clear,1.031,4.8,Negative,Trace,1+,Negative,Negative,Normal,Negative,14-15,2,1-2,Nil,Nil,Artifacts,10.5,4.8,48.1,79.3,21,21,11.3,41.9,9703,59,20,23,3,0,1.97,2.03,0.68,0.05,0.03,193,10.8,13,0.43,24.9,3.2,2.97,0.25,0.07,161,46,103.4,98.5,492.5,129,3.5,2.25,0.44,0.8,0.1,0.7,95,73,20,40,8.1,5,3.1,1.61,1.2,19.4,9.0598,7.55,137,2.6,98,4,112.74,83,219,302,27.48,6.3,134.11,0.5,15.7,132.7,11.83,10.6,4.3,187,8.8,1.16,90,67,95,86
136872,MZLGI12GJS,504720,25/08/2018,06:21,07:22,Yellow,Clear,1.012,4.6,Negative,Negative,Negative,Negative,Negative,Normal,Negative,9-11,1,2-2,Nil,Moderate,Fat droplets or lipiduria,12.7,8.1,32,98.1,15,39,16.9,39.9,7490,52,21,3,9,0,7.92,1.39,0.3,0.27,0.09,418,7.5,16,0.08,13.8,2.6,0.38,0.13,0.37,140,59,143.1,41.2,206,110,2.4,2.43,0.41,0.5,0,0.5,72,28,31,33,7.8,3.3,4.5,0.73,0.9,15.8,7.3786,8.2,139,4.4,108,4.5,118.59,89,290,379,23.48,8,182.9,0.9,25.4,256.8,9.89,10.9,2.2,162,10.1,0.22,120,76,137,135
753540,PBCHD10PBP,429925,24/08/2018,09:12,10:14,Pale Yellow,Slightly cloudy,1.012,6.1,Negative,Negative,Negative,Negative,Negative,Normal,Negative,10-11,1,3-2,Nil,Moderate,NIL,10.3,2.6,51.7,70.2,39,19,14.4,25.3,9742,55,48,16,0,0,0.49,2.63,0.95,0.4,0.03,337,10.4,10,0.26,15.3,0.1,0.33,0.89,0.08,191,79,74.8,49,245,121,2.4,0.95,1.06,0.6,0.1,0.5,87,39,40,34,7.7,3.9,3.8,1.03,0.6,9.3,4.3431,7.24,131,5.2,98,7.4,113.2,108,130,238,45.38,6.3,134.11,0.8,20.4,239.4,8.52,12.4,4.1,335,12.3,3.36,127,114,122,132
844692,MZLGI07APK,867542,28/08/2018,07:34,08:24,Light Yellow,Clear,1.018,6.9,Negative,Trace,Negative,Negative,Negative,Normal,Negative,2-4,2,1-2,Rare,Nil,Artifacts,18.8,4.2,50.9,52.7,44,36,13.3,26.7,7975,28,33,1,10,0.2,2.6,0.59,0.46,0.64,0.02,17,10.8,10,0.15,42.9,3.9,0.3,0.31,0.37,231,22,86.3,29.2,146,68,10.5,3.92,0.25,0.6,0,0.6,61,44,18,11,7.7,4.2,3.5,1.2,0.6,5.8,2.7086,4.51,122,2.8,95,3,107.84,77,193,270,28.52,8.9,208.73,0.6,12.1,170.9,7.08,11.8,4,121,9,3.72,94,99,88,145
416632,GYAHD02KAU,962091,26/08/2018,11:05,11:36,Straw,Clear,1.017,4.5,Negative,Negative,Negative,Negative,Negative,Normal,Negative,10-12,0,3-2,Rare,Rare,Artifacts,13.6,6,45.1,90.8,22,30,12.7,42.1,8725,62,25,4,2,1.1,5.99,2.07,1.33,0.48,0.06,209,11.4,14,0.06,20.1,1.6,0.65,0.3,0.18,181,77,58.4,52.3,261.5,113,2.4,0.76,1.32,0.7,0.1,0.6,101,20,13,41,7.5,4.8,2.7,1.78,1,36.5,17.0455,17.05,141,2.8,103,5.2,109.92,60,290,350,17.14,5.6,114.02,3.1,12.6,75,16.8,12.1,2.5,140,10.1,0.65,100,89,106,284
897248,MZLGI04BRC,910048,24/08/2018,11:01,11:55,Straw,Clear,1.03,6.2,Negative,Negative,Negative,Negative,Negative,Normal,Negative,9-11,0,2-2,Nil,Nil,Yeast cells,17.3,4.2,53.3,85,41,32,13.1,27.1,7748,60,49,4,16,0,8.7,1.93,0.97,0.07,0.18,276,7.4,17,0.35,16.2,4.9,0.29,0.25,0.08,185,26,41.4,36.4,182,138,7.1,1.59,0.63,0.7,0.1,0.6,48,18,33,31,7.7,4.9,2.8,1.75,0.8,5.6,2.6152,3.27,148,4.2,96,6.6,93.51,152,359,511,29.75,6.1,128.37,0.7,25.1,106.5,23.57,9.7,2.5,340,8.1,2.38,100,96,80,191
971143,PBCHD04GAM,112660,28/08/2018,09:55,11:17,Light Yellow,Hazy,1.019,4.5,Trace,Negative,Negative,1+,1+,Normal,Negative,9-10,2,3-4,Nil,Nil,Artifacts,2.6,3.8,34.4,57.9,6,7,12.3,40.8,9932,46,39,6,6,0,2.9,2.13,1.45,0.29,0.1,137,15.3,11,0.38,27.8,0.9,0.02,0.5,0.12,231,50,79.5,22.4,112,94,4.6,1.59,0.63,0.4,0,0.4,182,15,6,41,6.6,4.1,2.5,1.64,1,87.6,40.9092,40.91,116,3.1,106,4.3,111.09,93,322,415,22.41,6.3,134.11,0.3,11.4,122.3,9.32,8.8,3.7,162,3.5,1.4,175,61,71,204
977157,MZLGI14MHP,621927,28/08/2018,09:06,09:53,Light Yellow,Slightly cloudy,1.02,4.7,Trace,Negative,Negative,Negative,Negative,Normal,Negative,10-11,0,1-3,Nil,Nil,Fat droplets or lipiduria,8.3,5.8,25.5,71.3,14,32,12,26.3,7311,56,47,5,8,0,8.01,2.62,0.62,0.27,0.09,341,8.5,14,0.32,29.1,3.2,0,0.02,3.84,168,74,76.7,16.1,80.5,73,2.3,1.04,0.96,0.5,0.2,0.3,68,36,24,13,7.5,3.9,3.6,1.08,0.6,15.3,7.1451,11.91,134,8.6,102,2.7,118.5,81,229,310,26.13,6.7,145.59,0.1,146,261.4,55.85,9.2,2.5,101,12,2.69,80,95,93,116
828292,MZLGI06MHP,533154,28/08/2018,06:40,07:37,Yellow,Clear,1.018,4.7,Trace,Trace,Negative,Negative,1+,Normal,Negative,2-4,63,1-2,Nil,Nil,NIL,17.7,4.8,42.2,83.2,36,41,11.7,43.4,3524,40,30,1,7,0,16.98,2.74,0.62,0.06,0.01,334,12.9,11,0.2,13,1.5,0.86,3.68,0,181,53,75.1,35.7,178.5,136,3.4,1.42,0.71,0.8,0.1,0.7,91,24,19,33,8.2,4.5,3.7,1.22,1.2,19.6,9.1532,7.63,148,3.9,99,2.6,116.91,80,157,237,33.76,6,125.5,0.4,22.5,63.1,35.66,9.5,2.5,67,17,4.33,98,105,122,131
642916,GYAHD10KAU,644492,28/08/2018,09:24,10:50,Straw,Clear,1.025,5.6,Negative,Trace,Negative,Negative,Negative,Normal,Negative,14-15,0,1-3,Rare,Rare,Fat droplets or lipiduria,14.6,3.7,55,84.6,39,26,13.2,43,9501,65,38,4,0,0,19.21,1.71,1.07,0.51,0.17,142,11.8,16,0.26,27,4.4,0.27,0.06,3.93,231,23,73.6,35.7,178.5,217,10,3.2,0.31,0.4,0.1,0.3,99,10,22,24,4.6,4.4,0.2,22,0.6,17.7,8.2659,13.78,138,4.9,100,7.2,108.5,136,122,258,52.71,8.6,200.12,0.1,14.6,158.6,9.21,10.8,5.4,46,6.7,9.51,97,88,88,124
524545,KLTRS07TSS,956644,28/08/2018,07:31,08:25,Pale Yellow,Clear,1.017,4.6,Negative,Trace,Negative,Negative,Negative,Normal,Negative,8-9,0,2-3,Nil,Nil,Yeast cells,8.6,4.9,44.6,77.1,17,19,12,42.7,5440,75,22,6,3,0,4.17,1.98,0.25,0.28,0.05,313,9.2,14,0.24,34.2,1.9,0.52,0.23,0.07,187,46,56.7,11.9,59.5,67,4.1,1.23,0.81,0.7,0,0.7,90,16,35,13,8.3,4.1,4.2,0.98,0.9,18.2,8.4994,9.44,142,2.9,98,3.3,107.8,134,144,278,48.2,6.3,134.11,0.6,15.1,141.4,10.68,9.1,3.3,96,11.6,0.41,81,69,108,126
343689,MZLGI06RJK,831442,24/08/2018,10:13,11:32,Pale Yellow,Clear,1.024,4.6,Negative,Negative,Negative,Negative,Negative,Normal,Negative,TNTC,1,1-4,Nil,Nil,NIL,12.9,4.8,44.3,56,26,29,12.9,39.4,9204,40,23,7,25,0.3,0.91,2,0.85,0.48,0.07,395,7.8,17,0.31,32.2,3,0.37,0.4,0.6,183,44,88.1,28.1,140.5,107,4.2,2,0.5,0.5,0,0.5,45,46,10,36,6.5,5,1.5,3.33,1.1,15.9,7.4253,6.75,136,4.5,102,1.1,68.67,178,137,315,56.51,5.9,122.63,0.4,261.9,45.2,579.42,10.1,2.7,95,11.9,9.52,121,84,104,111
367114,GYAHD02ODK,999942,28/08/2018,09:40,10:19,Pale Yellow,Clear,1.011,6.9,Trace,Trace,Negative,Negative,Trace,Normal,Negative,TNTC,0,2-3,Nil,Nil,Artifacts,15.2,6.7,52.9,78.7,22,28,10.5,32.9,7703,23,50,4,2,0,1.37,1.28,0.82,0.21,0.49,198,10.6,12,0.36,29.3,2.1,0.28,0.15,0.93,178,54,144.9,29.3,146.5,67,3.3,2.68,0.37,2.1,1,1.1,295,26,11,25,7.5,4.6,2.9,1.59,0.6,19.5,9.1065,15.18,145,4.6,106,1,64.1,185,351,536,34.51,8.6,200.12,0.6,26.7,146.7,18.2,9.4,4.7,69,12.4,0.74,169,192,85,130
417137,MZLGI12APK,321456,24/08/2018,10:06,10:51,Deep Amber,Clear,1.024,4.6,Trace,Negative,Negative,Negative,Negative,Normal,Negative,10-12,0,3-3,Nil,Rare,NIL,15.9,4.3,41.7,70.7,36,38,14.5,41.5,8907,34,55,2,8,0,9.7,6.13,0.17,0.41,0.02,345,8.5,16,0.36,14.3,1.8,0.23,0.18,0.05,228,28,86.5,39,195,115,8.1,3.09,0.32,0.9,0.3,0.6,125,50,27,18,7.3,4.8,2.5,1.92,1,11.6,5.4172,5.42,141,3,105,3.6,108.75,48,303,351,13.68,6.3,134.11,0.7,25.9,46.2,56.06,9,6,73,17.7,3.11,100,95,81,133
912542,MZLGI06MHP,842657,27/08/2018,08:45,09:45,Yellow,Hazy,1.011,6.1,1+,Trace,Negative,Negative,Negative,Normal,Negative,4-5,1,2-3,Nil,Nil,NIL,15.8,6.7,30.6,44.3,23,51,13.8,40.7,14614,34,28,4,3,0,8.72,1.29,0.51,0.15,0.02,165,7.3,14,0.22,18.6,7.2,0.1,0.15,4.45,176,24,95.7,51.5,257.5,129,7.3,3.99,0.25,0.3,0.1,0.2,123,33,32,24,8.3,5,3.3,1.52,0.7,10.5,4.9035,7.01,142,3.8,95,5.9,98.25,120,294,414,28.99,6,125.5,0.2,17.5,78.5,22.29,10.5,3,193,7.1,0.96,81,118,112,121
329360,KLTRS10ODB,543661,27/08/2018,09:51,10:44,Deep Amber,Slightly cloudy,1.019,4.7,Trace,Negative,Negative,Negative,Negative,Normal,Negative,11-13,2,3-2,Nil,Nil,NIL,16.1,6.4,31.6,94.2,25,50,14.2,45.1,52229,45,37,3,8,0,3.84,1.73,0.47,0.13,0.05,59,10.1,11,0.41,15.7,3,0.4,0.21,0.12,196,35,143.1,34.9,174.5,98,5.6,4.09,0.24,1.8,0.7,1.1,67,30,39,36,8,3.5,4.5,0.78,0.6,16.9,7.8923,13.15,102,5.5,85,5.7,105.79,138,354,492,28.05,6,125.5,0.1,21.2,21.2,100,9.6,5,148,11.7,3.06,85,103,123,189
176883,GYAHD03KLM,865252,27/08/2018,09:07,10:16,Light Yellow,Hazy,1.014,5.3,Negative,Negative,Negative,Negative,Negative,Normal,Negative,1-3,1,2-3,Nil,Rare,NIL,8.9,4.2,35.7,87.3,21,24,13.8,44.3,5830,46,27,10,2,0,6.88,1.12,0.37,0.24,0.02,526,10,15,0.22,32.8,3.4,0.25,0.22,0.15,217,47,98.2,33,165,121,4.6,2.09,0.48,0.9,0.3,0.6,54,40,33,38,6.7,3.9,2.8,1.39,0.7,5.6,2.6152,3.74,141,3.7,106,3.5,55.96,125,357,482,25.93,6.3,134.11,0.3,14,109,12.84,9.7,2.2,261,3.5,4.87,87,67,216,177
628761,MZLGI08RJK,500666,27/08/2018,09:35,10:23,Yellow,Clear,1.011,6.9,Negative,Trace,Negative,Negative,Negative,Normal,Negative,1-3,0,1-3,Nil,Nil,NIL,3.8,4.3,34.7,73.2,8,10,13.6,44.1,40170,43,27,1,7,0,3,2.65,1.23,0.2,0.1,426,10.2,10,0.07,17.2,0.1,0.32,0.16,0.77,169,45,128.3,23.6,118,93,3.8,2.85,0.35,0.2,0,0.2,113,15,15,27,7.6,3.5,4.1,0.85,1,19.7,9.1999,9.2,140,3.2,105,9.2,90.26,109,165,274,39.78,8.4,194.38,0.7,17,102.6,16.57,11.5,2.7,224,20,2.17,130,146,82,126
520608,GYAHD08KLM,831343,24/08/2018,08:47,09:54,Light Yellow,Slightly cloudy,1.017,4.5,Negative,Negative,Negative,Negative,Negative,Normal,Negative,4-5,2,3-3,Rare,Nil,Yeast cells,10.4,5.5,52.1,98.7,18,19,14,44.5,7759,30,22,21,6,0,3.98,0.66,1.29,0.52,0.05,135,10.8,17,0.44,29.7,2.4,0.1,0.26,0.21,163,47,86,11.4,57,87,3.5,1.83,0.55,0.3,0.1,0.2,121,38,34,47,6.2,4.9,1.3,3.77,1.2,10.9,5.0903,4.24,154,4.8,104,5.6,106.12,30,301,331,9.06,5.8,119.76,0.6,17.4,249.3,6.98,8.9,3.7,273,8,2.78,99,83,79,73
769520,MZLGI03RJK,846684,24/08/2018,07:30,08:56,Light Yellow,Clear,1.013,6.9,Negative,Negative,Trace,Negative,Negative,Normal,Negative,7-8,2,2-4,Rare,Nil,NIL,11.4,4.6,45.9,84.1,24,24,13.8,45.4,12037,58,37,3,6,0,11.47,1.15,0.44,0.02,0.04,295,7.3,13,0.24,23.6,7.1,0.15,0.18,4.48,188,69,100.1,19.9,99.5,190,2.7,1.45,0.69,0.8,0.1,0.7,40,33,13,23,6.9,4.1,2.8,1.46,0.8,19,8.873,11.09,127,3.7,76,2.9,91.76,102,128,230,44.35,8.9,208.73,1.9,315.4,182.2,173.11,8.9,3.6,106,3.7,10.2,128,90,70,78
485351,PBCHD02HPP,677913,24/08/2018,10:12,10:58,Yellow,Slightly cloudy,1.015,4.8,Trace,Trace,Negative,Negative,Negative,Normal,Negative,9-11,2,8-10,Nil,Moderate,Parasites,17.8,8.1,31.8,90.5,21,55,14,42.7,4847,60,27,5,1,0,6.29,3.22,0.23,0.14,0.04,320,12.9,17,0.34,33.3,2.4,0.24,3.87,0.48,174,69,108.9,36.6,183,61,2.5,1.58,0.63,0.8,0.3,0.5,68,25,63,24,7.9,3.5,4.4,0.8,1.9,14.6,6.8182,3.59,136,5.3,89,5.1,114.08,193,193,386,50,11.3,277.61,0.7,169.9,146.4,116.05,8.6,4.2,154,7.9,2.8,119,60,89,95
256210,PBCHD11MHS,442379,24/08/2018,06:41,07:12,Pink,Hazy,1.029,6.6,Negative,Trace,Negative,3+,Trace,Normal,Negative,14-15,1,3-4,Nil,Rare,NIL,8.8,4.9,50.7,71.1,17,17,15.1,39.9,4948,44,20,2,3,2.7,1.42,2.79,0.11,0.07,0,387,8.8,13,0.32,18.4,4.5,4.92,0.08,0.32,163,44,60,29.6,148,131,3.7,1.36,0.73,0.9,0.3,0.6,99,36,36,25,6.7,4.7,2,2.35,0.6,7,3.269,5.45,143,5.6,95,5.7,110.29,46,178,224,20.54,5.7,116.89,0.7,14.7,28.4,51.76,9.4,4.9,120,3.1,2.27,124,110,124,129
541797,GYAHD14KLM,286757,27/08/2018,07:39,08:17,Yellow,Clear,1.016,5.6,4+,1+,Negative,Negative,1+,Normal,Negative,7-9,1,3-4,Nil,Nil,NIL,14.1,4.3,56.7,95.6,32,24,14,44.2,6530,37,24,4,8,0,2.93,2.7,1.06,0.45,0.08,478,8.4,17,0.2,34.1,4.1,0.01,0.05,0.03,236,42,93.2,77.7,388.5,156,5.6,2.22,0.45,0.9,0.3,0.6,153,18,34,42,7.1,4.9,2.2,2.23,0.7,11.7,5.4639,7.81,125,4.6,107,2.2,77.55,132,187,319,41.38,8,182.9,0.2,65.1,269.9,24.12,9.7,3.4,331,8.6,2.62,173,79,69,126
352676,KLTRS13ODB,133231,27/08/2018,08:41,10:02,Straw,Slightly cloudy,1.015,4.9,1+,Negative,Negative,Negative,Negative,Normal,Negative,41-45,1,3-2,Rare,Nil,NIL,17.5,4.2,39.6,73.8,41,44,15,39.2,17716,58,25,23,5,0,14.66,1.67,0.21,0.3,0.06,896,5.1,12,0.37,23.2,6.1,0.09,0.75,0.69,210,48,107.6,32.3,161.5,147,4.4,2.24,0.45,0.8,0.1,0.7,42,24,27,45,7.9,3.7,4.2,0.88,1,39.3,18.3531,18.35,149,5.7,100,2.4,101.56,128,354,482,26.56,6.2,131.24,0.6,176.1,113.2,155.57,11.6,4.4,178,5.3,2.51,84,92,78,79
153031,KLTRS13NLZ,748746,25/08/2018,09:58,11:03,Yellow,Slightly cloudy,1.019,4.7,Negative,Trace,Negative,Negative,Negative,Normal,Negative,32-34,0,>20,Moderate,Nil,NIL,14.4,4.2,50.3,72.5,34,28,12.7,43,3323,59,41,3,10,2.6,9.66,2.74,0.98,0.35,0.13,325,7.3,14,0.3,24.8,3.4,0.35,0.15,0.35,151,36,65.8,38.2,191,162,4.2,1.83,0.55,0.7,0.3,0.4,96,14,31,11,7.2,4.9,2.3,2.13,0.9,14.6,6.8182,7.58,134,4.9,95,3.9,91.33,108,330,438,24.66,6,125.5,0.9,23,93.4,24.63,10.4,3.1,150,12.2,3.61,97,169,83,153
143032,MZLGI10GJS,636746,27/08/2018,08:10,09:35,Orange,Slightly cloudy,1.01,5.4,Trace,1+,Trace,Negative,Negative,Normal,Negative,45-48,2,1-3,Nil,Nil,NIL,8.6,6.1,43.1,96.5,14,19,13.5,39.2,6514,40,52,3,2,2.7,6.61,1.29,0.86,0.29,0.02,223,11.6,16,0.22,13.3,4.9,0.26,0.07,0.27,258,64,59.5,22.3,111.5,147,4,0.93,1.08,0.5,0.2,0.3,83,30,26,25,8.4,4.9,3.5,1.4,1.1,13.3,6.2111,5.65,135,4.4,101,3.3,99.17,120,190,310,38.71,5.8,119.76,0.1,32.2,49.4,65.18,9.6,1.5,118,8,3.93,120,101,116,124
469453,GYAHD07JHJ,360766,28/08/2018,08:44,09:51,Light Yellow,Clear,1.017,6.6,3+,1+,1+,Negative,Negative,Normal,Negative,12-13,1,2-3,Nil,Rare,NIL,12.9,4.1,54.1,98.5,31,23,14.5,41.8,9042,48,24,3,2,0,1.35,1.29,0.43,0.25,0.04,190,10.6,18,0.34,19.7,3,0.07,0.26,0.1,171,47,172.7,38.9,194.5,158,3.6,3.67,0.27,0.4,0.1,0.3,113,43,30,17,7.9,4.9,3,1.63,0.6,14.3,6.6781,11.13,137,4.7,101,5.2,117.12,82,161,243,33.74,6.7,145.59,0.1,17.8,49.1,36.25,11.2,5.7,189,3.2,6.47,70,198,83,142
146315,PBCHD09PBM,702536,26/08/2018,07:38,08:42,Pale Yellow,Clear,1.024,4.8,Negative,Negative,Negative,Negative,Negative,Normal,Negative,7-9,37,15-7,Rare,Nil,NIL,11.8,4.5,53.7,97.5,26,21,11.5,43.3,7234,56,21,5,10,0,1.05,2.46,0.25,0.36,0.03,237,7.1,11,0.32,27.7,2.3,0.13,0.32,0.2,183,40,71.4,15.1,75.5,135,4.6,1.79,0.56,0.7,0.1,0.6,40,42,18,45,6.8,4.2,2.6,1.62,1.2,5.4,2.5218,2.1,136,4.4,101,4.5,107.48,103,271,374,27.54,5.7,116.89,0.8,17.4,100.1,17.38,10.6,3.7,62,8.6,2.5,94,84,78,78
798971,MZLGI07BRC,943304,27/08/2018,11:13,12:42,Light Yellow,Clear,1.017,6.8,Negative,Negative,Negative,Trace,Negative,Normal,Negative,TNTC,0,2-2,Few,Nil,NIL,2.1,2.9,47,87.7,7,4,12.7,42.2,10907,57,32,6,4,0,22.75,1.66,0.71,0.18,0.07,351,12.6,7,0.35,34.4,4.4,6.82,0.57,2.54,167,33,95.9,5.4,27,141,5.1,2.91,0.34,0.3,0,0.3,97,38,13,45,8,3.6,4.4,0.82,1.2,18.5,8.6395,7.2,145,3.7,97,3,104.29,126,355,481,26.2,6.7,145.59,0.9,17.6,36,48.89,8.7,4.4,146,5.6,0.3,76,125,109,87
866879,KLTRS13TSS,567938,26/08/2018,09:55,10:35,Pale Yellow,Clear,1.014,6.5,Negative,Negative,Negative,Negative,Negative,Normal,Negative,11-12,1,3-3,Nil,Nil,NIL,13.6,5.1,35.4,77.6,26,38,12.8,44.7,7381,46,35,13,2,0,4.5,1.29,0.76,0.1,0.04,164,9.4,10,0.34,23.9,1.3,0.3,4.9,0.13,175,44,61.3,78.2,391,89,4,1.39,0.72,0.5,0.1,0.4,102,52,31,19,5.6,3,2.6,1.15,0.6,8.2,3.8294,6.38,137,5.7,105,6.3,92.62,134,346,480,27.92,8.3,191.51,1.9,200,106.8,187.27,9.6,3,140,5.4,3.69,143,98,91,139
523503,MZLGI05APK,539104,27/08/2018,10:53,11:23,Light Yellow,Clear,1.013,5.8,Negative,Trace,Trace,Negative,Negative,Normal,Negative,10-12,36,1-2,Nil,Nil,NIL,11.7,5.2,33,75,22,35,12.7,49.2,4956,41,20,3,8,0,0.76,2.03,0.07,0.38,0.02,220,7.8,29,0.22,14.7,2.9,0.34,3.27,0.57,164,48,123,32,160,184,3.4,2.56,0.39,0.7,0.2,0.5,324,8,11,34,8,4.7,3.3,1.42,1,15.5,7.2385,7.24,137,3.6,99,4.9,104.98,208,234,442,47.06,5.9,122.63,0.7,10.4,138.6,7.5,8.7,3.8,126,11,3.5,77,98,126,127
859019,MZLGI08GJS,744303,28/08/2018,06:41,08:02,Light Yellow,Clear,1.011,5.1,Trace,Negative,1+,Negative,Trace,Normal,Negative,2-3,2,1-4,Few,Nil,Amorphous debris,12.6,5.4,37.9,85,23,33,14.5,41,45457,48,12,21,5,0,8.82,0.14,0.8,0.11,0.01,102,7.3,16,0.3,30.9,1.6,0.35,0.36,0.26,169,47,72.3,33.4,167,91,3.6,1.54,0.65,0.7,0.1,0.6,41,39,16,8,6.4,4,2.4,1.67,1.1,18.5,8.6395,7.85,132,3.7,102,5.8,118.06,120,316,436,27.52,6,125.5,0.7,10.2,195,5.23,11.9,4,263,7.8,3.7,138,95,84,131
143079,MZLGI13APK,227797,28/08/2018,06:33,07:48,Yellow,Slightly cloudy,1.023,8.9,Negative,Negative,Negative,Negative,Negative,Normal,Negative,10-11,0,3-2,Nil,Nil,NIL,2.7,6.9,44.9,98.7,3,6,12.9,34.3,10932,49,42,1,3,0,4.13,1.37,0.22,0.68,0.07,13,6.1,13,0.21,23.9,0.1,0.76,0.61,0.35,186,55,42.6,35.6,178,185,3.4,0.77,1.29,9.6,5.1,4.5,73,53,21,42,7.6,4.6,3,1.53,0.9,26,12.142,13.49,146,4.5,100,3.8,68.84,197,302,499,39.48,5.6,114.02,0.4,26.3,130.1,20.22,11.3,4.1,197,5.4,3.9,99,88,97,156
281427,MZLGI08GJS,125770,26/08/2018,07:19,08:23,Pale Yellow,Slightly cloudy,1.018,6,Trace,3+,Trace,Negative,Negative,Normal,Negative,6-8,2,2-2,Nil,Nil,NIL,2.4,5,29,86.7,4,8,13.3,42.8,5901,20,48,5,5,0.3,6.39,4.79,1.45,0.93,0.09,89,9.8,22,0.44,32.4,1.8,0.16,0.35,3.57,112,27,75.5,31.9,159.5,136,4.1,2.8,0.36,0.5,0.1,0.4,129,51,35,26,7.3,4.7,2.6,1.81,0.7,13.2,6.1644,8.81,138,3.8,96,4.7,109.16,85,92,177,48.02,6.3,134.11,1,14.8,145.8,10.15,11.5,4.5,176,11.1,0.74,70,83,91,285
583786,KLTRS04TSS,315471,28/08/2018,11:26,12:08,Yellow,Slightly cloudy,1.016,4.3,Negative,Trace,Negative,Negative,Negative,Normal,Negative,91-95,0,3-2,Nil,Nil,Amorphous debris,18.3,5.6,46.8,124.7,32,39,13,42.3,8996,70,20,6,2,0,1.39,2.09,0.32,0.4,0.01,409,9,13,0.33,28.3,1.1,0.23,0.08,0.41,181,79,27.5,70.2,351,76,2.3,0.35,2.87,0.7,0.1,0.6,49,34,12,10,5.8,4.2,1.6,2.63,0.6,15.8,7.3786,12.3,127,4.4,100,3.6,113.37,42,111,153,27.45,6.3,134.11,0.3,18.2,264.6,6.88,9.7,5.7,62,12.2,2.01,137,88,72,71
581526,KLTRS08ODB,896290,28/08/2018,06:05,07:16,Straw,Clear,1.014,7,Negative,Trace,Negative,Negative,Negative,Normal,Negative,2-3,1,2-2,Moderate,Nil,Fungal elements,11.7,4.8,40.4,75.4,24,28,11.6,40,7915,61,49,5,18,0.3,12.29,1.92,0.79,0.06,0.02,410,7.5,19,0.29,14.4,7,0.22,0.26,0.02,199,25,91,35.5,177.5,88,8,3.64,0.27,1,0.3,0.7,74,33,39,47,5.2,3.6,1.6,2.25,1.4,9,4.203,3,123,4.8,98,4.4,106.26,88,346,434,20.28,7.6,171.42,0.5,145.5,130,111.92,10.1,6.9,121,3.8,0.65,107,233,96,81
782988,KLTRS09NLZ,415970,24/08/2018,11:36,12:56,Light Yellow,Clear,1.014,5.5,2+,Trace,1+,Negative,Negative,Normal,Negative,5-6,1,7-9,Nil,Nil,Artifacts,12.6,5.1,58,53.1,24,21,13.1,41.1,9980,56,31,6,6,0,5.86,1.45,0.75,0.1,0.09,127,8.3,16,0.69,14.4,5.2,0.04,0,4.56,205,57,70.5,33.7,168.5,122,3.6,1.24,0.81,0.3,0,0.3,92,43,23,45,7.6,4.9,2.7,1.81,0.9,11,5.137,5.71,145,3.7,96,4.3,105.14,75,283,358,20.95,6.2,131.24,0.2,13.8,99.1,13.93,12.6,5.3,212,6.3,2.09,171,104,124,88
619256,PBCHD14NLM,959024,24/08/2018,11:27,12:23,Orange,Slightly cloudy,1.017,6.8,Trace,2+,Negative,Negative,Negative,Normal,Negative,12-13,1,1-2,Nil,Nil,NIL,17.7,6.8,43.1,76,26,41,12.9,42.4,4340,42,20,11,2,9,8.6,2.85,0.64,0.08,0,243,9.4,12,0.1,14.2,1.4,5.22,0.21,0.08,167,54,88.8,18.1,90.5,143,3.1,1.64,0.61,0.5,0.1,0.4,56,54,38,44,5.2,3.8,1.4,2.71,0.8,16.9,7.8923,9.87,147,3.1,108,4.4,91.8,177,102,279,63.44,5.7,116.89,0.9,263.7,135.6,194.47,9.1,3,84,11.4,2.47,121,172,80,109
516473,MZLGI12MHP,616152,25/08/2018,06:58,07:30,Dark Yellow,Slightly cloudy,1.02,4.6,Negative,Trace,Negative,Negative,Negative,Normal,Negative,12-14,2,1-2,Nil,Nil,NIL,2,4.8,40.5,42.2,4,4,12.6,42.4,6405,42,21,1,2,0,8.6,2.66,0.71,0.24,0.09,354,11.1,20,0.23,13.1,0.1,0.43,0.55,0.3,179,57,40.2,54.9,274.5,151,3.1,0.71,1.42,1.9,0.9,1,59,32,30,15,6,4.2,1.8,2.33,1.1,6.1,2.8487,2.59,121,3.1,104,5.4,101.05,81,144,225,36,6,125.5,0.1,14,139.8,10.01,9.8,4.9,98,18.3,1.34,73,88,113,117
399527,MZLGI09RJK,939106,26/08/2018,09:13,10:29,Orange,Clear,1.013,4.1,Trace,Trace,3+,Negative,Negative,Normal,Negative,4-6,1,3-2,Nil,Nil,Fat droplets or lipiduria,12.6,8,49.9,93,15,25,14,40.7,10739,42,17,1,4,0,10.93,3.49,0.8,0.06,0.05,815,10.2,14,0.49,36.4,0.8,0.11,4.36,0.31,191,45,134.6,94.9,474.5,66,4.2,2.99,0.33,0.7,0.3,0.4,62,10,10,31,7.7,3.6,4.1,0.88,1.7,7.1,3.3157,1.95,147,3.7,101,5.3,110.74,183,145,328,55.79,5.1,99.67,2.6,10.6,78,13.59,8.5,4.5,146,16.8,1.96,75,73,122,98
700258,MZLGI03BRC,529791,25/08/2018,09:48,11:08,Straw,Hazy,1.022,6.6,Trace,Trace,Negative,Negative,Negative,Normal,Negative,11-12,1,2-2,Nil,Nil,NIL,11.9,5.5,58.4,79.3,21,20,13.2,39,7095,55,46,4,11,0,14.32,1.59,0.21,0.48,0.1,647,13.2,20,0.26,29.6,0.5,0.17,0.31,0.89,193,58,70.6,6.9,34.5,120,3.3,1.22,0.82,0.6,0.2,0.4,69,43,38,39,7.3,3.9,3.4,1.15,1.3,14.8,6.9116,5.32,127,4.8,108,7.5,116.84,183,253,436,41.97,6.3,134.11,0.8,11.8,220.4,5.35,9.7,4.7,86,3.4,0.2,104,92,87,180
498559,KLTRS08MLT,609510,24/08/2018,07:59,09:28,Pale Yellow,Clear,1.018,5,Trace,Negative,Negative,Negative,Trace,1+,Negative,11-12,1,1-3,Nil,Rare,NIL,19.1,4.6,27.3,98.5,41,69,12.3,44.8,2657,54,21,3,7,0,20.29,1.88,0.83,0.55,0.03,386,8.2,9,0.13,27,0.2,0.37,0.2,0.15,184,55,61.6,6.7,33.5,163,3.3,1.12,0.89,0.5,0.1,0.4,79,35,29,28,8.2,3.7,4.5,0.82,1.2,9.4,4.3898,3.66,143,3.8,102,6.1,103.01,91,95,186,48.92,8.8,205.86,0.8,28.7,106.1,27.05,11.7,6.5,190,11.9,1.37,85,122,113,133
529529,GYAHD01KLM,259446,26/08/2018,09:32,10:17,Yellow,Clear,1.017,6.7,Trace,Negative,Negative,Negative,Negative,1+,Negative,TNTC,2,2-4,Nil,Nil,NIL,12.7,5.9,15.6,82.8,21,81,12.2,25.6,40579,30,22,3,7,0,8.98,1.52,0.42,0.05,0.16,368,12.5,22,0.17,17.5,0.1,0.28,0.23,0.28,162,55,22.8,49.8,249,66,2.9,0.41,2.41,0.6,0,0.6,116,50,35,27,7.1,5,2.1,2.38,1.2,18.3,8.5461,7.12,120,3.1,101,1.5,116.55,31,124,155,20,6.3,134.11,0.6,23.2,78.6,29.52,10.2,4.1,106,3.4,0.61,76,80,222,91
382724,MZLGI13RJK,867376,26/08/2018,07:45,08:53,Pale Yellow,Slightly cloudy,1.018,5.1,Negative,1+,Negative,Negative,Negative,Normal,Negative,5-7,2,1-2,Nil,Nil,Artifacts,19.3,4.6,54.5,48.3,41,35,11.8,43.4,9888,58,26,7,12,0,15.57,1.87,0.72,0.63,0.03,236,11.4,15,0.24,33.1,0.6,0.28,0.3,0.16,173,51,53.2,7.6,38,152,3.4,1.04,0.96,0.8,0.2,0.6,68,30,37,26,7.4,4.8,2.6,1.85,1.8,32.4,15.1308,8.41,140,3.6,97,3.3,95.25,157,312,469,33.48,5.3,105.41,0.5,17.6,200.8,8.76,10.2,3.5,136,10.2,2.88,89,68,72,121
660271,MZLGI08APK,302145,27/08/2018,06:04,07:22,Straw,Slightly cloudy,1.015,6.6,Trace,Negative,Negative,Negative,Negative,Normal,Negative,7-8,1,1-3,Nil,Nil,NIL,8.4,4,31.1,92.3,21,27,13.5,44.5,7462,60,36,5,4,0.3,0.9,1.97,1.38,0.02,0.1,1013,8.4,15,0.27,17.8,1,0.59,2.89,0.08,157,45,87.6,48.9,244.5,121,3.5,1.95,0.51,0.4,0.1,0.3,73,119,37,34,5,3.7,1.3,2.85,0.8,17.3,8.0791,10.1,131,2.9,95,5.8,90.16,112,196,308,36.36,7.7,174.29,0.7,18.3,47.8,38.28,9.7,4.6,64,12.6,6.18,82,165,114,266
983430,GYAHD01JHJ,881715,27/08/2018,10:19,11:34,Light Yellow,Clear,1.012,7,2+,Trace,Negative,Negative,Negative,Normal,Negative,1-2,9,2-4,Rare,Nil,NIL,8.4,4.8,64.5,84.1,17,13,11.8,30,7824,39,40,4,2,0,1.16,6.16,0.19,0.05,0.08,132,11,6,0.34,29.3,4.5,0.28,0.2,2.26,201,54,100,32.6,163,140,3.7,1.85,0.54,1.3,0.1,1.2,95,25,11,27,7.5,4.1,3.4,1.21,0.9,33.7,15.7379,17.49,140,4.3,102,5.3,68.7,130,215,345,37.68,5.6,114.02,0.6,17.5,70.7,24.75,14.3,5.8,113,7,3.69,97,121,68,111
998413,GYAHD03KLM,827561,26/08/2018,09:14,09:46,Pale Yellow,Slightly cloudy,1.018,6.7,Trace,Negative,Negative,Negative,1+,Normal,Negative,7-8,2,2-3,Nil,Few,Artifacts,11.8,5.7,51.4,54.9,20,22,11.8,45.5,6737,49,20,2,11,0,0.99,6.78,0.98,0.35,0.04,256,9.1,11,0.06,34.6,1.2,0.19,0.05,0.24,215,55,101.6,18.7,93.5,147,3.9,1.85,0.54,1,0.3,0.7,50,8,29,7,6,3.1,2.9,1.07,1,6.4,2.9888,2.99,147,1.9,98,5.6,119.8,61,226,287,21.25,8,182.9,1,13.1,28.9,45.33,8.5,3.3,162,5.2,3.14,88,73,202,122
464235,MZLGI11APK,174272,27/08/2018,08:21,08:54,Pale Yellow,Clear,1.013,6.5,Negative,Negative,Negative,Negative,Negative,Normal,Negative,13-15,2,9-11,Nil,Nil,NIL,17.5,5.3,51.6,70.6,33,33,11.3,45.3,5970,44,18,1,2,0.5,1.21,1.42,0.72,0.65,0.07,259,11.1,23,0.22,31.1,4.1,2.42,1.19,1.98,210,55,79.2,9,45,96,3.8,1.44,0.69,5.5,2.7,2.8,107,51,17,20,6.9,4.4,2.5,1.76,0.4,8.8,4.1096,10.27,138,3.3,98,6,113.15,198,242,440,45,7.6,171.42,0.6,16.2,134.7,12.03,8.7,3.4,190,7.6,3.92,93,71,119,146
742055,PBCHD13RJU,714140,25/08/2018,09:35,11:01,Light Yellow,Clear,1.014,4.2,Negative,Trace,Negative,Negative,Negative,2+,Negative,9-10,0,1-3,Few,Nil,Parasites,1.4,5.3,33.3,96.6,2,4,11.9,40.2,4540,54,34,2,9,0,2.14,2.6,0.97,0.05,0,208,11.7,16,0.33,20,4.4,0.44,0.06,0.02,227,51,90.6,55.5,277.5,103,4.5,1.78,0.56,0.8,0.3,0.5,80,10,35,47,6.5,4.8,1.7,2.82,0.8,15.9,7.4253,9.28,135,4.2,104,5.8,42.19,71,347,418,16.99,5.1,99.67,0,26.4,172.9,15.27,8.5,1.1,266,8.7,2.68,94,61,92,168
184088,GYAHD09ODK,396817,26/08/2018,11:57,12:47,Light Yellow,Slightly cloudy,1.014,6.8,Negative,Negative,Negative,Negative,Negative,2+,Negative,TNTC,0,3-2,Nil,Nil,Artifacts,10.3,4.8,45.3,89.7,21,22,13.5,40.4,38376,57,31,1,2,0.8,19.42,2.58,0.73,0.05,0.03,147,8.7,11,0.28,22.3,4.2,0.89,0.46,0.14,156,36,88.4,84.4,422,184,4.3,2.46,0.41,0.5,0,0.5,86,8,40,19,6.1,4.6,1.5,3.07,1.2,13.2,6.1644,5.14,124,3.9,84,8.8,28.32,88,352,440,20,5.7,116.89,0,21,89.4,23.49,9,4.1,73,5.7,3.25,98,71,77,97
547991,PBCHD03PBM,552831,25/08/2018,08:41,09:46,Orange,Clear,1.013,4.9,Negative,Trace,Negative,Negative,Negative,Normal,Negative,13-15,2,2-2,Nil,Few,NIL,8.5,4.6,46.8,74.5,18,18,12.2,35.2,6055,13,53,2,6,0,4.66,1.99,0.51,0.46,0.02,102,7,15,0.1,35,4.4,0.36,0.29,0.01,167,45,79.4,21,105,146,3.7,1.76,0.57,0.6,0,0.6,93,42,7,20,6.5,3.6,2.9,1.24,0.7,6.1,2.8487,4.07,133,3.4,112,4.2,104.21,133,346,479,27.77,6.5,139.85,0.7,25.1,123.6,20.31,9.8,1.7,62,6.6,3.43,100,78,68,100
338788,PBCHD13MHS,605496,24/08/2018,06:50,08:00,Light Yellow,Slightly cloudy,1.017,5.8,Trace,Trace,Negative,Negative,Negative,Normal,Negative,TNTC,0,2-2,Nil,Nil,NIL,10,5.4,44.5,96.3,18,22,13.7,42.6,9368,43,33,1,9,0,7.3,2.11,0.61,0.44,0.05,206,10.7,12,0.15,24.3,6.6,0.34,0.28,0.14,184,45,66.2,28.7,143.5,146,4.1,1.47,0.68,0.7,0.3,0.4,95,43,12,20,7.3,4,3.3,1.21,1.2,18.9,8.8263,7.36,132,2.2,113,4.1,110.88,166,269,435,38.16,5.8,119.76,0.4,14.5,71.6,20.25,10.7,4.4,255,11.3,1.31,77,105,109,114
874609,MZLGI03BRC,534273,28/08/2018,11:49,12:37,Straw,Clear,1.01,6.7,Negative,Trace,Negative,Negative,Negative,Normal,Negative,TNTC,0,3-2,Rare,Nil,NIL,19.6,2.6,21.6,48.7,75,90,14.5,38.6,8038,57,34,6,2,0,9.65,1.52,0.21,0.32,0.09,383,10.5,12,0.33,32,0.1,0.38,0.27,0.23,195,48,81.1,28.1,140.5,79,4.1,1.69,0.59,1,0.3,0.7,212,38,33,25,6.3,4.6,1.7,2.71,1.2,5.3,2.4751,2.06,141,1.9,99,6,113.79,106,325,431,24.59,9,211.6,0.9,10.2,51.8,19.69,10.3,5.3,78,17.9,0.54,81,168,127,417
791781,KLTRS04KLP,235483,27/08/2018,10:00,10:49,Straw,Slightly cloudy,1.013,5.1,Trace,Negative,Trace,Negative,Negative,Normal,Negative,TNTC,1,3-4,Moderate,Rare,Amorphous debris,13.3,5.2,48.6,82.5,25,27,12.9,27.9,8236,57,21,4,5,0,5.61,1.18,1,0.86,0.01,118,10.8,16,0.15,22.5,3.3,0.68,3.12,0.04,154,42,117.5,49,245,163,3.7,2.8,0.36,0.5,0.1,0.4,72,39,30,20,8.1,3.6,4.5,0.8,0.7,7.8,3.6426,5.2,143,5,97,3.5,102.31,95,259,354,26.84,8.7,202.99,2.5,25.3,87.5,28.91,11.2,4.6,287,4.6,3.59,231,85,95,138
250508,GYAHD06ODK,492380,28/08/2018,06:30,07:28,Red,Slightly cloudy,1.016,6.8,1+,Negative,Negative,Negative,Negative,Normal,Negative,3-4,0,2-3,Nil,Nil,NIL,15.6,4.6,42.7,74.5,33,36,11.6,42.8,5579,46,36,3,8,1.7,3.4,2.37,1.47,0.48,0.01,297,7.1,6,0.25,21.2,3.3,0.12,0.29,0.81,205,45,28.9,34.1,170.5,62,4.6,0.64,1.56,1,0.3,0.7,97,25,34,12,6.4,3.8,2.6,1.46,1.2,18.5,8.6395,7.2,141,5.3,81,5.4,106.74,83,353,436,19.04,7.1,157.07,0.3,27,106.1,25.45,10.3,3.3,109,7.7,9.51,81,92,67,62
227563,KLTRS09MLT,415368,27/08/2018,09:19,10:09,Pale Yellow,Slightly cloudy,1.014,6.4,Trace,Negative,Negative,Negative,Negative,Normal,Negative,9-10,2,5-10,Nil,Few,Fat droplets or lipiduria,12.8,5.2,23.3,87.5,24,54,14.1,45.5,39935,55,46,1,2,0,2.53,1.56,1.28,0.35,0.06,86,10.3,13,0.35,21.2,2.8,0.54,3.09,0.12,211,22,94.1,36.1,180.5,119,9.6,4.28,0.23,0.9,0.3,0.6,74,15,36,10,7.7,4.8,2.9,1.66,1,14.5,6.7715,6.77,91,4.8,114,5.2,104.41,146,144,290,50.34,8.3,191.51,0.3,23.6,23.9,98.74,10.9,2.6,95,11.9,12.09,120,81,72,185
110418,MZLGI13RJK,991837,28/08/2018,06:32,07:51,Pale Yellow,Cloudy,1.036,5.3,Trace,Trace,Negative,1+,Negative,Normal,Negative,6-8,0,2-3,Nil,Nil,Artifacts,13.9,4.9,39.4,84.6,28,35,12.4,43.3,54208,49,46,3,3,0,8.39,2.86,0.3,0.52,0.04,359,7.7,12,0.53,28,2.5,4.24,0.95,0.37,192,50,119.1,62.8,314,145,3.8,2.38,0.42,0.5,0.2,0.3,30,11,19,44,5.2,3.8,1.4,2.71,1.2,16.5,7.7055,6.42,140,6,91,6.6,114.61,73,280,353,20.68,8.7,202.99,0.4,25.5,82.2,31.02,11.6,3.7,90,6.5,0.47,77,93,90,196
445920,PBCHD07NLM,273519,28/08/2018,08:42,09:48,Yellow,Slightly cloudy,1.022,5.5,Trace,Trace,Negative,Negative,Negative,Normal,Negative,7-9,1,12-12,Nil,Nil,Artifacts,14.3,5.2,42.5,83.5,27,33,13.2,42.6,3749,42,35,2,12,0,5.07,2.42,0.22,0.11,0.07,123,14.4,11,0.1,24.8,1.8,2.84,0.27,0.12,199,54,66.1,37,185,85,3.7,1.22,0.82,0.7,0.3,0.4,116,6,19,31,7.5,4.6,2.9,1.59,1.2,18,8.406,7.01,134,4.2,102,1.7,107.52,61,260,321,19,5.8,119.76,0.9,17.8,166.4,10.7,8.8,5.2,140,12.4,1.92,93,123,70,253
911957,PBCHD14CGD,562188,27/08/2018,11:59,12:47,Straw,Clear,1.016,4.5,Trace,Trace,Negative,Trace,Negative,Normal,Negative,9-10,2,3-2,Nil,Nil,Mucus threads,13.5,6.8,15.1,59.3,19,89,14.2,41.9,8644,41,32,1,7,0,0.72,1.65,0.75,0.11,0.03,355,13.8,11,0.27,38.3,3.7,0.29,0.07,0.28,199,52,117.2,27,135,130,3.8,2.25,0.44,0.8,0.1,0.7,42,51,22,45,7.4,4.3,3.1,1.39,0.6,19.9,9.2933,15.49,145,5.1,98,6.4,108.13,253,218,471,53.72,6,125.5,0.8,28.2,72.1,39.11,9.5,4.6,292,12.1,3.07,76,62,81,104
960166,MZLGI05GJS,266360,28/08/2018,07:19,08:23,Green,Hazy,1.144,5,Negative,Trace,Negative,Negative,Negative,Normal,Negative,1-2,5,11-18,Nil,Nil,NIL,19.2,5.1,33.7,57.4,37,56,14.1,30.3,8435,49,46,5,6,0,13.39,1.67,0.86,0.15,0.07,149,14.5,12,0.46,12.9,2.3,0.1,0.18,2.46,208,28,58,20,100,88,7.4,2.07,0.48,0.7,0.2,0.5,77,33,34,24,7.8,4.4,3.4,1.29,0.8,8,3.736,4.67,134,2.8,98,3,112.94,164,199,363,45.18,6,125.5,0.1,17.6,100.6,17.5,8.5,2.3,172,11.5,3.5,123,96,93,170
315609,KLTRS09TSS,393832,26/08/2018,11:15,12:30,Light Yellow,Clear,1.01,4.8,Negative,Negative,Negative,Negative,Negative,Normal,Negative,9-10,2,2-4,Nil,Nil,Parasites,11.9,5.6,54.9,88.1,21,21,14.5,41.4,8397,78,48,3,6,0,7.64,3.03,0.45,0.5,0.1,405,8.2,14,0.17,14.4,0.1,0.33,0.06,0.3,183,60,76.9,13,65,216,3.1,1.28,0.78,0.8,0.1,0.7,102,39,14,48,7.2,3.3,3.9,0.85,0.6,9.5,4.4365,7.39,118,3.9,90,4.6,100.3,122,185,307,39.74,5.7,116.89,0.2,13.2,83.4,15.83,10,5.9,231,6.3,0.3,101,92,116,99
571227,KLTRS02ODB,395441,27/08/2018,10:50,12:14,Light Yellow,Slightly cloudy,1.026,6.6,Negative,Negative,Negative,Negative,Negative,Normal,Negative,1-3,2,3-3,Rare,Nil,Amorphous debris,12.4,4.9,34.4,54.7,25,36,11.5,44.8,3389,34,39,12,2,0,0.98,1.61,0.53,0.33,0.08,50,8,11,0.35,18.2,5.8,0.26,0.28,4.34,174,50,89.6,16,80,143,3.5,1.79,0.56,1.9,0.9,1,320,8,19,30,7.2,4.8,2.4,2,0.5,11.9,5.5573,11.11,143,4.9,103,6.8,99.52,154,224,378,40.74,6,125.5,2.4,11.2,141.9,7.89,8.3,3.8,149,5.6,1.66,88,77,124,243
729012,PBCHD07SKM,632941,25/08/2018,07:30,08:27,Light Yellow,Slightly cloudy,1.027,7.5,Negative,Trace,Negative,1+,Negative,Normal,Negative,7-9,0,2-4,Nil,Rare,Artifacts,15.7,5.5,33.2,72.9,28,47,12.5,42.9,4156,54,29,1,2,0,9.78,6.86,0.48,0.39,0.08,50,7.1,16,0.29,30.5,4.2,0.3,0,0.37,218,47,92.7,11.5,57.5,125,4.6,1.97,0.51,0.3,0,0.3,76,43,40,8,7.2,4.1,3.1,1.32,0.9,7.5,3.5025,3.89,144,7,106,6.4,99.71,135,285,420,32.14,7,154.2,0.9,11.7,90.4,12.94,9.1,4.1,148,6.4,1.15,84,97,80,71
723592,KLTRS14WBD,317597,27/08/2018,08:33,09:20,Pale Yellow,Slightly cloudy,1.019,5.1,Negative,Negative,Negative,Negative,Negative,Normal,Negative,3-4,1,2-2,Nil,Nil,Yeast cells,14.6,4.4,43.5,98.7,33,33,11.7,39.7,7434,13,31,5,8,0,1.24,0.86,0.3,0.5,0.04,260,8.4,16,0.2,13.1,1.6,5.57,5.94,0.35,225,47,91.4,8.2,41,123,4.8,1.94,0.51,0.7,0.3,0.4,104,26,15,28,7,4.9,2.1,2.33,1,9,4.203,4.2,144,4.9,99,6.6,104.33,132,352,484,27.27,6,125.5,1,10.8,91.7,11.78,10.5,2.8,197,4.6,1.09,118,75,75,305
877117,KLTRS05KLP,569981,27/08/2018,11:15,12:11,Straw,Slightly cloudy,1.017,4.5,Trace,Negative,Negative,Negative,Trace,Normal,Negative,6-7,2,1-3,Rare,Nil,NIL,14.8,5.8,52.6,95.7,25,28,13.2,41.1,8159,53,44,6,2,0,7.98,4.55,0.75,0.38,0.07,445,15.6,17,0.24,15,1.3,0.06,0.73,0.12,166,57,75.5,7.3,36.5,119,2.9,1.32,0.75,0.8,0.1,0.7,65,41,30,37,8,4.2,3.8,1.11,0.6,18.4,8.5928,14.32,127,2.8,101,6.5,90.07,130,167,297,43.77,7.2,159.94,46.4,10,117.9,8.48,8.6,2.1,163,10.6,0.28,86,172,78,83
910143,KLTRS15TSS,718555,24/08/2018,09:31,10:58,Light Yellow,Slightly cloudy,1.028,5.4,Trace,Negative,Negative,Negative,Trace,Normal,Negative,2-4,1,2-2,Nil,Rare,Parasites,9.5,8.2,33.5,80.4,11,28,12.1,48.9,9420,40,47,2,3,0,3.55,2.72,0.37,0.17,0.09,66,7.5,14,0.24,26.3,3.3,0.04,0.03,0.29,189,46,127.4,8.8,44,130,4.1,2.77,0.36,0.6,0.2,0.4,101,23,36,39,7,3.5,3.5,1,0.8,6.1,2.8487,3.56,147,4,105,5.1,91.1,229,212,441,51.93,8.8,205.86,0.2,10.7,69.7,15.35,9.1,3.5,65,14.8,3.32,99,75,74,133
435814,GYAHD09JHJ,483418,27/08/2018,06:47,07:24,Pale Yellow,Slightly cloudy,1.012,5.8,Negative,Trace,Negative,Negative,Negative,Normal,Negative,8-9,2,1-4,Nil,Nil,Fat droplets or lipiduria,18.7,6.5,56.2,99.2,28,33,13.9,39.6,5055,44,47,4,4,0,22.02,2.69,0.13,0.33,0.06,377,11.4,11,0.27,23.6,0.1,0.3,0.02,0.34,200,47,76.9,27.7,138.5,192,4.3,1.64,0.61,0.7,0.1,0.6,79,31,25,36,8.1,4.7,3.4,1.38,1.2,10.2,4.7634,3.97,126,3,103,2.6,116.42,114,156,270,42.22,7.6,171.42,0.7,20,53.8,37.17,11.3,1.8,124,4.2,0.47,255,60,79,124
891232,PBCHD04RJU,681457,25/08/2018,08:58,09:44,Straw,Hazy,1.013,6.7,2+,Trace,2+,Negative,Negative,Normal,Negative,TNTC,2,3-2,Nil,Nil,Artifacts,21.1,4.2,29.3,97.6,50,72,15.4,39.4,3424,64,22,3,6,0,8.7,2.04,0.22,0.95,0.15,151,14.1,15,0.56,32.1,3.5,0.17,0.79,0.34,135,45,124,11.9,59.5,186,3,2.76,0.36,4.1,0,4.1,60,31,29,25,6.7,3.5,3.2,1.09,1.1,12.4,5.7908,5.26,142,2.8,103,5.3,110.97,46,288,334,13.77,5.8,119.76,0.4,14.8,53.8,27.51,7.7,3.4,68,16.7,0.71,105,135,67,126
608301,KLTRS10WBD,739179,26/08/2018,07:41,08:21,Pale Yellow,Clear,1.011,6.3,Trace,Trace,Negative,Negative,Negative,Normal,Negative,47-52,2,11-8,Nil,Few,NIL,5.3,4.3,36.9,83.8,12,14,12.9,39.7,10710,74,27,1,12,0,3.94,1.72,0.56,0.19,0.08,250,6.6,12,0.28,16.6,5.2,0.26,0.39,4.59,186,47,92.7,19.8,99,185,4,1.97,0.51,0.4,0.1,0.3,107,12,36,37,6,5,1,5,1.1,12.6,5.8842,5.35,148,1.6,102,4.6,118.76,191,183,374,51.07,7.8,177.16,0.5,24.2,251.9,9.61,9,2.6,162,15.7,0.36,167,145,107,77
619387,GYAHD07ODK,906644,26/08/2018,07:36,09:05,Orange,Clear,1.021,6.5,Negative,Negative,Negative,Negative,Negative,Normal,Negative,13-14,4,3-2,Nil,Nil,Mucus threads,9.2,4.5,29.7,81.5,20,30,14,41.1,10109,44,20,9,3,0,7.39,1.73,0.75,0.44,0.04,282,7.7,24,0.27,15.4,2.9,0.2,1.41,0.23,171,52,58.6,57.5,287.5,174,3.3,1.13,0.89,0.6,0.2,0.4,79,32,32,37,6.2,4.2,2,2.1,1,33.4,15.5978,15.6,138,5.8,107,3.7,118.55,135,345,480,28.13,6.9,151.33,0.8,11,141.4,7.78,11.9,6,345,6.6,2.49,100,91,78,232
817235,KLTRS07TSS,718690,27/08/2018,10:59,11:56,Deep Amber,Clear,1.01,4.7,Trace,2+,Negative,Negative,Negative,Normal,Negative,9-11,2,3-3,Nil,Nil,Mucus threads,8.7,5.8,32,79.3,15,27,12.2,46,4610,57,40,10,8,0,2.55,1.79,0.1,0.22,0.03,238,8,10,0.22,25.4,2.4,0.16,0.4,0.24,203,53,98.1,17.1,85.5,87,3.8,1.85,0.54,0.6,0,0.6,85,28,21,25,7.6,4.5,3.1,1.45,1,17.5,8.1725,8.17,136,1.6,107,4.4,88.48,139,135,274,50.73,5.2,102.54,0.3,191.9,134.5,142.68,11.4,2.8,277,9.3,0.45,78,79,97,163
333864,PBCHD05RJU,453072,25/08/2018,06:05,07:26,Pale Yellow,Slightly cloudy,1.018,6.7,Negative,Negative,Negative,Negative,Trace,Normal,Negative,2-4,0,17-14,Rare,Nil,Amorphous debris,15.1,5.8,34.7,95.1,26,43,13.6,40.5,9445,57,39,4,8,0,7.59,2.55,0.75,0.31,0.04,145,9.8,15,0.25,16.6,0.2,0.95,0.17,0.92,196,55,85.8,50.8,254,154,3.6,1.56,0.64,0.7,0.3,0.4,108,10,35,18,6.9,4.7,2.2,2.14,0.6,5.7,2.6619,4.44,144,4.1,101,2.8,112.32,146,203,349,41.83,6.1,128.37,0.5,21.5,112.6,19.09,11.1,4.7,127,22.7,3.87,90,76,73,60
281329,KLTRS14TSS,816907,26/08/2018,06:32,07:28,Light Yellow,Clear,1.016,6.9,Negative,Trace,Negative,Negative,Negative,Normal,Negative,12-13,0,2-2,Rare,Nil,Artifacts,9.4,5.2,22.2,95.6,18,42,12.3,30.1,5074,49,53,2,8,0,8.68,3.18,0.26,0.41,0.09,104,7.2,11,0.23,46.2,1.8,0.18,1.36,0.35,183,53,33.7,46.6,233,151,3.5,0.64,1.57,0.2,0,0.2,104,16,21,27,7.2,4.7,2.5,1.88,0.6,11.5,5.3705,8.95,136,3.3,101,4.4,101.5,168,274,442,38.01,7.8,177.16,0.6,23,67.3,34.18,7.5,2.9,127,7,1.86,122,112,76,436
759750,MZLGI01RJK,772203,24/08/2018,07:53,08:42,Dark Yellow,Clear,1.016,6,Negative,Trace,Negative,Negative,Negative,Normal,Negative,10-11,2,3-3,Nil,Nil,NIL,15.9,4.8,40.2,73.4,33,39,14.3,45.3,4854,60,36,6,6,0,1.54,1.7,0.56,0.57,0.02,297,11.3,13,0.1,12.3,1.9,0.33,0.18,0.97,209,58,50,40.8,204,155,3.6,0.86,1.16,0.5,0,0.5,51,19,37,37,7.2,3.7,3.5,1.06,0.6,7.3,3.4091,5.68,142,4.9,99,5.7,106.18,146,290,436,33.49,8.5,197.25,0.6,13.2,120.5,10.95,9.7,4.1,157,4.1,1.61,75,90,192,120
157009,KLTRS01NLZ,614849,24/08/2018,08:22,08:59,Pale Yellow,Slightly cloudy,1.013,4.7,Trace,Negative,Negative,Negative,Negative,Normal,Negative,3-5,0,3-3,Rare,Nil,NIL,17.6,4.1,43,45.6,42,40,12.5,40.5,9355,76,40,2,4,0,4.73,0.7,0.86,0.35,0.14,81,8.9,17,0.33,32,3.6,0.35,0.16,0.02,232,43,83,9.4,47,185,5.4,1.93,0.52,0.7,0.3,0.4,81,34,17,36,7.2,3.9,3.3,1.18,0.7,12.8,5.9776,8.54,127,2.8,103,9.3,114.76,107,157,264,40.53,5.8,119.76,0.9,15.9,109.1,14.57,11.5,6.6,208,10.3,3.73,120,78,102,155
385796,MZLGI11BRC,224874,24/08/2018,08:02,09:24,Straw,Slightly cloudy,1.019,4.6,Trace,Trace,Negative,Negative,Negative,Normal,Negative,3-5,0,1-4,Nil,Nil,NIL,18.1,4.8,31.4,90.5,37,57,12.7,44.1,8561,52,17,7,5,1.1,4.61,2.17,0.4,0.42,0.04,14,14.1,16,0.26,24.7,0.1,0.37,0.36,0.31,163,32,56.1,6.2,31,71,5.1,1.75,0.57,1.5,0.7,0.8,45,53,13,10,7.8,3.8,4,0.95,0.7,14.2,6.6314,9.47,136,5.2,104,10.3,126.24,166,349,515,32.23,5.7,116.89,0.3,223.2,199.8,111.71,8.7,4.7,186,17.6,2.41,124,109,71,93
974953,GYAHD15KAU,492297,28/08/2018,10:42,11:47,Pale Yellow,Clear,1.012,6,2+,Trace,Negative,Negative,Negative,Normal,Negative,7-8,3,2-2,Rare,Rare,Fungal elements,3.2,4.1,53.7,53.7,7,5,11.6,41.3,10715,52,39,6,0,0,1.71,2.06,0.54,0.03,0.02,147,7.1,17,0.23,12.3,2.1,0.2,0.68,0.32,155,59,94.4,32,160,174,2.6,1.6,0.63,0.3,0.1,0.2,105,20,32,45,6.8,4.4,2.4,1.83,0.9,8.1,3.7827,4.2,149,1.8,105,2.1,115.28,83,263,346,23.99,6.5,139.85,0.8,18.1,22.7,79.74,10.6,3.3,79,8.5,7.81,113,64,84,63
657839,MZLGI11MHP,713800,26/08/2018,07:45,09:12,Pale Yellow,Slightly cloudy,1.012,4.8,Trace,Trace,Negative,Negative,Negative,Normal,Negative,4-5,4,2-4,Rare,Nil,Mucus threads,11,4.9,56.4,80.8,22,19,13.4,41.4,9397,49,36,1,6,1.2,2.49,5.68,0.68,0.31,0.07,254,9,18,0.24,25.6,3,0.21,0.38,0.18,200,36,98.7,34.8,174,75,5.6,2.74,0.36,0.7,0,0.7,81,14,22,74,7.3,4.4,2.9,1.52,1.7,17.9,8.3593,4.92,135,3.3,97,6.5,91.58,60,275,335,17.91,7.3,162.81,0.6,16.6,114.8,14.46,8.1,3.7,243,6.7,1.08,70,69,97,219
932730,GYAHD08KAU,778587,28/08/2018,08:25,09:49,Straw,Clear,1.038,6.5,Negative,Trace,Negative,Negative,Negative,Normal,Negative,9-10,0,3-3,Nil,Few,Fungal elements,9.8,7.4,41,44.1,13,23,12.9,44.8,4543,37,25,2,5,0.7,1.91,1.38,0.27,0.27,0.04,176,11.3,15,0.37,15.8,0.1,0.22,0.51,0.06,213,75,74.5,14.7,73.5,130,2.8,0.99,1.01,0.6,0.1,0.5,45,12,13,32,6.3,3.5,2.8,1.25,1.2,17.8,8.3126,6.93,148,5.2,82,2.3,96.73,100,195,295,33.9,7.5,168.55,1,18,124.3,14.48,8.9,2.6,320,12.5,0.03,80,95,177,134
652329,MZLGI12RJK,743483,24/08/2018,09:02,10:01,Straw,Slightly cloudy,1.019,5.4,Trace,Negative,Negative,Negative,Negative,Normal,Negative,19-22,0,3-2,Few,Rare,Fat droplets or lipiduria,9.9,4.5,30.8,75.2,22,32,12.3,45.7,5590,52,55,6,3,0,3.63,1.76,0.59,0.09,0.09,221,10.8,15,0.36,26.3,3.4,0.22,3.08,0.36,187,41,76.2,44.8,224,69,4.6,1.86,0.54,0.8,0.3,0.5,76,29,38,42,6.8,3.7,3.1,1.19,0.8,14.3,6.6781,8.35,136,3.6,96,3.5,96.03,197,129,326,60.43,8,182.9,0.2,10,96.5,10.36,9.3,2.7,276,4.6,2.55,116,94,95,186
370328,PBCHD15SKM,193128,27/08/2018,06:48,07:48,Straw,Clear,1.011,6.2,Trace,Trace,Negative,Negative,Negative,Normal,Negative,TNTC,1,3-2,Nil,Nil,NIL,14.8,5.9,64.4,57.7,25,22,12.6,42.1,5966,70,48,16,7,2.9,4.5,1.64,0.53,0.59,0.08,901,7.3,10,0.32,44.5,4.1,0.12,0.07,0.1,199,66,95.3,13.8,69,76,3,1.44,0.69,0.7,0.2,0.5,82,18,34,40,8,4.9,3.1,1.58,1,17.7,8.2659,8.27,142,5.8,95,2.9,94.6,111,184,295,37.63,8.9,208.73,0.7,11.1,212.9,5.21,7.5,2.4,257,8.7,1.64,101,102,164,93
788335,PBCHD12HPP,106677,26/08/2018,06:06,06:41,Dark Yellow,Slightly cloudy,1.015,6.7,Negative,Trace,Negative,Negative,Negative,Normal,Negative,4-6,2,3-4,Nil,Nil,NIL,16,4.5,46.9,74.4,35,34,13.5,39.1,6453,44,33,4,19,11.1,7.96,1.48,0.35,0.08,0.11,359,9.5,15,0.29,20.3,0.8,0.24,0.12,0.93,181,37,54,9.3,46.5,90,4.9,1.46,0.69,0.8,0.2,0.6,306,47,36,11,6.4,4.8,1.6,3,1.2,11.6,5.4172,4.51,136,3.2,98,5.7,108.84,66,103,169,39.05,6,125.5,0.6,23.1,63.7,36.26,11.2,3,227,15.6,0.06,109,79,91,80
823421,MZLGI07GJS,395135,25/08/2018,11:00,11:47,Light Yellow,Clear,1.016,4.9,Negative,Negative,Negative,Negative,Trace,Normal,Negative,4-6,1,3-2,Nil,Nil,Fat droplets or lipiduria,14.5,4.9,37.5,69.7,29,38,13.4,48.6,5653,33,46,23,5,0,1.5,0.08,1.06,0.27,0.08,315,12.1,20,0.27,33,1.7,0.07,0.02,3.35,193,52,101.5,109.2,546,95,3.7,1.95,0.51,0.6,0.1,0.5,115,6,29,23,6.1,4.1,2,2.05,0.9,7.6,3.5492,3.94,138,3.2,108,3.6,24.48,68,269,337,20.18,5.8,119.76,3.5,27.1,139.6,19.41,11.5,4.8,64,7.9,0.94,143,123,88,91
133216,KLTRS11WBD,704623,26/08/2018,11:44,12:32,Dark Yellow,Clear,1.023,6.4,Negative,1+,Negative,Negative,Negative,Normal,Negative,8-10,1,1-2,Nil,Nil,NIL,15.2,4.4,39,93.6,34,38,12.6,32.1,9265,79,48,6,7,0,5.16,7.63,0.83,0.16,0.09,328,7.4,11,0.32,17.9,1.8,0.89,4.1,0.17,103,67,154.2,18.2,91,106,1.5,2.3,0.43,0.6,0,0.6,91,25,10,45,7.9,4.5,3.4,1.32,0.7,25.6,11.9552,17.08,136,4.9,101,5.7,69.68,126,194,320,39.38,6,125.5,0.1,11,166.5,6.61,9.1,2.6,112,4,2.92,110,95,99,164
539872,PBCHD11HPP,283666,24/08/2018,07:41,09:03,Pale Yellow,Clear,1.011,6.8,Negative,Negative,Negative,Negative,Negative,Normal,Negative,12-14,1,2-4,Nil,Nil,NIL,13.3,7.4,21.3,94.3,17,62,11.8,40.4,10787,48,20,5,6,0,6.66,3.59,0.85,0.32,0.04,38,9.5,19,0.36,37.6,3.5,0.11,0.84,0.16,239,38,83.6,9.8,49,96,6.3,2.2,0.45,1.9,0.9,1,144,36,39,25,7.1,4.7,2.4,1.96,1.1,12.7,5.9309,5.39,141,5,95,5.4,110.99,100,174,274,36.5,6.8,148.46,0.5,18.4,110.4,16.67,10.5,4.2,82,11.5,3.84,120,135,91,126
854366,KLTRS12WBD,252104,25/08/2018,08:21,09:11,Pale Yellow,Hazy,1.013,5.4,Negative,Negative,Trace,Negative,Negative,Normal,Negative,3-4,2,3-4,Nil,Nil,NIL,16.5,5.9,54.5,71.3,27,30,13.7,26.5,46962,38,47,6,7,0,8.54,1.79,0.06,0.06,0,376,14.5,12,0.24,14.7,3.1,0.74,0.19,0.33,193,47,81.6,8.4,42,123,4.1,1.74,0.58,0.9,0.2,0.7,80,27,35,44,7.6,4.2,3.4,1.24,1.2,53.1,24.7977,20.66,125,3.9,91,2.3,101.85,121,353,474,25.53,6.4,136.98,0.3,12.2,107.9,11.31,13.3,4.2,168,21.5,1.96,85,122,112,96
914222,PBCHD06MHS,298494,26/08/2018,07:05,07:39,Light Yellow,Slightly cloudy,1.017,5.1,3+,Negative,Negative,Negative,Negative,Normal,Negative,TNTC,3,2-2,Nil,Nil,NIL,21.6,4.3,32.7,92.9,50,66,12.6,40.1,9620,57,38,3,1,0,4.95,4.17,0.26,0.42,0.08,313,9.7,15,0.19,33,1.6,0.23,0.22,0.34,180,51,101.4,31.7,158.5,146,3.5,1.99,0.5,5.3,2.6,2.7,105,11,26,35,7.7,4.6,3.1,1.48,2.2,17.1,7.9857,3.63,138,2.2,98,4.5,90.4,68,206,274,24.82,6.1,128.37,0.1,16.1,90.8,17.73,9.7,6.8,162,9.3,11.63,112,88,89,60
591345,GYAHD04ODK,757154,27/08/2018,10:08,11:05,Straw,Hazy,1.019,4.7,Negative,Trace,Negative,Negative,Negative,Normal,Negative,13-15,1,3-3,Rare,Nil,Fat droplets or lipiduria,18.1,4.9,48.6,94.8,36,37,13,27.3,9331,73,23,1,10,0,0.78,2.29,0.58,0.55,0.03,816,10.9,17,0.14,40.5,4.9,0.35,0.45,0.14,198,78,69.8,28.2,141,123,2.5,0.89,1.12,0.3,0,0.3,139,55,34,36,7.7,4.3,3.4,1.26,2.8,11.9,5.5573,1.98,118,4.4,99,3.2,104.49,99,266,365,27.12,8.6,200.12,0,11,112.8,9.75,9.7,3.7,268,18.3,8.12,72,96,198,121
175037,KLTRS15ODB,787022,26/08/2018,11:46,12:24,Pale Yellow,Clear,1.017,6.8,Trace,Negative,Negative,Negative,Negative,Normal,Negative,4-5,2,2-3,Nil,Nil,NIL,3.3,4.3,21.1,82.4,7,15,13.3,40.2,6580,47,21,6,9,0,0.81,2.01,0.24,0.16,0.08,106,13,13,0.27,22.1,0.8,0.2,0.27,0.38,160,52,82,61,305,87,3.1,1.58,0.63,0.5,0.2,0.3,104,9,12,26,7.2,4.5,2.7,1.67,1.2,9.2,4.2964,3.58,140,5.5,98,6.1,111.41,145,171,316,45.89,6.2,131.24,0.9,16.7,71.6,23.32,8.9,3.3,284,17.7,3.4,80,125,75,82
797420,KLTRS15KLP,257025,26/08/2018,07:40,08:26,Pale Yellow,Clear,1.028,5.5,Negative,Negative,Negative,Negative,Negative,Normal,Negative,10-11,1,3-4,Nil,Nil,NIL,12.3,4.6,37.6,111.7,26,32,11.7,40.2,19832,58,37,2,8,0,3.67,0.8,0.93,0.36,0.05,300,10.4,21,0.2,33.7,2.6,0.04,0.8,0.18,144,40,98.1,65.5,327.5,139,3.6,2.45,0.41,0.8,0.2,0.6,52,21,13,38,8.2,3.7,4.5,0.82,0.7,14.8,6.9116,9.87,145,4.5,100,4.1,108.9,165,347,512,32.23,7,154.2,0.5,20.9,131.1,15.94,10.4,2.8,118,8,0.19,94,73,85,126
687980,PBCHD01MHS,961546,24/08/2018,10:51,11:34,Light Yellow,Hazy,1.019,4.8,Trace,Negative,Negative,Negative,Negative,Normal,Negative,8-9,0,14-12,Rare,Nil,NIL,12.2,7.4,48.4,50.2,16,25,14.4,45.6,4489,56,46,18,8,0,9.67,1.22,0.6,0.31,0.09,106,8.9,8,0.33,18.1,1.7,0.36,0.11,0.94,186,67,84.3,9.8,49,109,2.8,1.26,0.79,0.7,0.1,0.6,118,36,28,9,6.6,4.1,2.5,1.64,1.1,17.2,8.0324,7.3,139,2.6,115,2.1,111.33,162,237,399,40.6,7.9,180.03,0.2,15.7,100.5,15.62,8.2,5.8,51,12.8,1.79,81,94,86,119
530357,GYAHD02KAU,642757,28/08/2018,11:48,12:50,Light Yellow,Clear,1.025,4.6,1+,Negative,Negative,Negative,Negative,Normal,Negative,12-14,0,2-2,Rare,Rare,NIL,12.8,4.9,59.8,87.5,26,21,14.1,44.1,9716,44,22,17,2,0.7,6.4,0.5,0.75,0.39,0.05,287,11,16,0.36,14.1,3.1,0.33,0.2,0.18,176,44,124.5,37,185,178,4,2.83,0.35,0.5,0.2,0.3,104,15,23,9,5.2,4.9,0.3,16.33,1.1,7.5,3.5025,3.18,138,3.5,104,2.3,62.26,196,313,509,38.51,5.7,116.89,1,17.6,460.5,3.82,9.1,5.3,124,16.7,3.92,90,60,79,339
110204,KLTRS09WBD,582474,24/08/2018,08:53,10:08,Yellow,Hazy,1.011,4.5,Trace,Trace,Negative,Negative,Negative,Normal,Negative,13-14,41,2-3,Rare,Nil,Fat droplets or lipiduria,11.9,6.4,47.8,60.8,18,24,12.7,45.2,5823,50,33,6,5,0,1.1,4.78,0.55,0.47,0.06,71,5.8,11,0.28,21.8,1.7,0.15,0.06,0.73,186,54,114.6,91.5,457.5,72,3.4,2.12,0.47,0.7,0.3,0.4,67,34,29,27,5.3,4.1,1.2,3.42,0.8,8.6,4.0162,5.02,143,3.2,98,6.2,104.51,86,261,347,24.78,6.4,136.98,0.7,13.9,422.2,3.29,8.8,5.8,180,14.1,9.33,76,68,95,105
567274,MZLGI01APK,439776,24/08/2018,10:20,11:18,Pale Yellow,Cloudy,1.023,6.5,Negative,Trace,Negative,Negative,Negative,Normal,Negative,9-10,1,2-2,Nil,Nil,Artifacts,16.6,4.5,47.7,80.6,36,34,12.7,45.7,9315,42,29,4,4,0,6.34,2.54,0.69,0.23,0.01,327,10.4,13,0.54,21.5,1.8,0.33,0.08,0.02,219,29,119.7,59.3,296.5,216,7.6,4.13,0.24,0.2,0,0.2,129,20,10,36,7.5,4,3.5,1.14,0.9,19.9,9.2933,10.33,144,4.2,102,5.5,96.59,111,141,252,44.05,6,125.5,0.4,13.5,128.1,10.54,9.5,2.5,153,5.4,0.009,96,91,112,120
650259,GYAHD04JHJ,193634,25/08/2018,06:41,07:34,Straw,Clear,1.026,4.7,Trace,Trace,Negative,Trace,Negative,Normal,Negative,6-7,0,5-11,Nil,Nil,Fat droplets or lipiduria,1.1,5.6,51.7,98.7,1,2,13,43.1,10191,38,24,4,4,0,1.9,1.3,0.73,0.05,0.04,1198,11,13,0.38,27,0.1,0.09,3.66,0.24,189,41,65.1,8.5,42.5,62,4.6,1.59,0.63,0.4,0.1,0.3,55,38,24,24,6.4,4.1,2.3,1.78,1.2,36.2,16.9054,14.09,138,4.1,108,8.7,79.4,78,360,438,17.81,6.8,148.46,0.4,11.8,119.7,9.86,12.7,4.7,142,10.8,1.42,299,106,115,125
235072,MZLGI04RJK,910856,26/08/2018,08:59,09:58,Light Yellow,Clear,1.012,6.5,Negative,Trace,Negative,Negative,Negative,Normal,Negative,7-9,2,2-2,Nil,Nil,NIL,18.4,5.4,62,83.3,34,29,14.2,43.5,3587,46,25,15,5,0,8.37,1.02,0.81,0.06,0.02,960,7.3,14,0.38,23,6.4,0.08,0.39,2.32,106,45,23.4,26.8,134,71,2.4,0.52,1.92,0.6,0.2,0.4,234,35,13,77,6.2,3.7,2.5,1.48,1.1,30.8,14.3836,13.08,144,3.7,112,4,110.08,133,290,423,31.44,5.8,119.76,0.3,12.4,71.9,17.25,10,2.5,134,3.2,0.63,84,111,131,101
182165,MZLGI04BRC,389638,26/08/2018,09:50,11:04,Deep Amber,Opaque,1.011,5.9,Negative,Trace,Negative,Negative,Negative,Normal,Negative,3-4,2,17-19,Nil,Nil,Fungal elements,5.9,4.6,51.3,94.8,12,11,14.5,42.7,19294,67,20,1,7,0,7.01,1.62,0.33,0.37,0.08,280,9.4,10,0.36,13.4,0.1,0.01,0.65,0.15,155,58,87.1,13.2,66,146,2.7,1.5,0.67,0.7,0.3,0.4,95,11,40,17,6.5,3.8,2.7,1.41,0.9,14.6,6.8182,7.58,138,3,108,2.6,91.3,136,334,470,28.94,7.1,157.07,0.5,17.6,93.9,18.74,9.1,4.3,109,2.6,1.81,118,117,104,182
559247,KLTRS03WBD,634659,24/08/2018,07:35,08:11,Pale Yellow,Clear,1.026,6,Negative,Trace,Negative,2+,Trace,Normal,Negative,TNTC,2,1-4,Rare,Nil,NIL,11,4.3,38,89.3,25,28,9.5,47.4,4742,18,43,6,6,0,5.65,3.9,0.4,0.47,0.03,169,9.4,11,0.33,24.2,3.5,0.32,1.27,0.2,103,39,149.3,37.5,187.5,114,2.6,3.83,0.26,0.3,0,0.3,71,17,39,17,6.7,4.2,2.5,1.68,1.2,10.8,5.0436,4.2,134,2.9,111,3.7,117.35,132,142,274,48.18,6.7,145.59,0.1,15.3,98.4,15.55,9.1,3.8,187,4.5,2.39,83,99,72,86
645382,MZLGI10MHP,864238,26/08/2018,06:41,07:36,Yellow,Clear,1.011,4.9,Negative,1+,Negative,Negative,Negative,Normal,Negative,TNTC,0,1-3,Nil,Nil,NIL,11.8,5.3,59.4,96.7,22,19,12.4,40.1,9513,42,38,14,6,0,9.99,1.39,0.13,0.47,0.09,17,6,12,0.33,19.2,4.8,0.37,0.17,0.9,146,51,156.8,16.3,81.5,95,2.9,3.07,0.33,0.7,0.3,0.4,114,14,19,41,4.6,4,0.6,6.67,0.9,16.3,7.6121,8.46,149,4.9,94,4.9,99.67,104,246,350,29.71,5.9,122.63,0,24.6,106.2,23.16,8.9,3.7,70,17.6,2.32,71,99,73,165
665469,KLTRS10MLT,424856,24/08/2018,07:36,08:33,Yellow,Slightly cloudy,1.024,6.6,Trace,Trace,Negative,Negative,Negative,Normal,Negative,40-44,2,5-11,Nil,Few,NIL,17.7,4.2,49.3,91,42,35,12.5,40.1,6115,43,17,2,4,0,0.92,4.6,0.77,0.24,0.02,338,9.5,16,0.2,30.7,1.5,0.4,0.21,6.31,158,51,109.2,37.2,186,73,3.1,2.14,0.47,0.8,0.2,0.6,107,35,67,34,5.1,4.9,0.2,24.5,1,19.4,9.0598,9.06,139,5.5,106,4.5,94,137,238,375,36.53,6.1,128.37,0.4,25,67.3,37.15,9.4,2.3,116,12.5,0.007,100,181,71,108
825828,PBCHD06GAM,569543,27/08/2018,10:02,11:19,Dark Yellow,Clear,1.018,4.9,Negative,Trace,Negative,Negative,Negative,Normal,Negative,2-4,0,1-2,Nil,Nil,NIL,14.3,5.8,32.8,73.5,24,43,13.8,44.9,6325,33,28,4,3,0,5.95,2.84,0.37,0.62,0.09,334,11,14,0.32,14.8,7.4,0.12,0.98,0.02,238,50,51.7,94.7,473.5,171,4.8,1.03,0.97,1.2,0,1.2,306,48,28,35,8.1,3.5,4.6,0.76,0.7,19,8.873,12.68,116,3,95,2.8,107.52,100,160,260,38.46,8.5,197.25,0.2,10.9,157.9,6.9,10.3,4.7,246,8.9,2.41,103,74,72,121
185402,PBCHD06PBP,831483,26/08/2018,11:53,12:54,Yellow,Hazy,1.013,5,Trace,1+,2+,Negative,Negative,Normal,Negative,5-6,0,3-3,Nil,Nil,NIL,9.8,5.9,43.8,98.8,16,22,15.6,45,5227,40,16,4,2,0,6.97,1.05,0.61,0.31,0.02,305,7.1,17,0.37,12.5,2,5.06,0.12,0.27,168,44,117.3,7.6,38,124,3.8,2.67,0.38,0.7,0.3,0.4,44,34,30,37,7.4,3.8,3.6,1.06,0.8,5.3,2.4751,3.09,146,3.3,105,4.2,97.5,143,100,243,58.85,5.8,119.76,0.8,18.7,48.7,38.4,9.3,2.1,115,14.5,1.45,81,116,88,129
899963,KLTRS08WBD,122997,26/08/2018,10:15,10:58,Light Yellow,Cloudy,1.026,5.7,2+,Negative,Negative,1+,Negative,Normal,Negative,9-11,4,2-4,Nil,Nil,Mucus threads,8.8,5.8,54.4,96.1,15,16,14.3,42.1,9267,53,32,6,2,0,7.88,1.04,0.62,0.62,0.01,442,9.8,12,0.07,17.2,2.6,0.32,0.19,0.24,174,49,142.1,12.3,61.5,61,3.6,2.9,0.34,1,0.3,0.7,45,48,30,40,7.8,4.8,3,1.6,1.2,17.2,8.0324,6.69,138,4.4,103,2.3,107.12,167,129,296,56.42,5.7,116.89,0.1,17.9,74.7,23.96,8.9,4,249,8.9,9.79,77,228,108,128
179860,MZLGI04GJS,130415,25/08/2018,11:22,12:47,Light Yellow,Clear,1.015,4.7,Trace,1+,Negative,Negative,Negative,Normal,Negative,5-6,1,5-18,Nil,Nil,NIL,11.8,5.4,41.3,97.2,21,28,11.7,44,6720,50,29,9,9,0,3.62,3.99,0.44,0.4,0.07,320,8.3,17,0.47,26.4,0.1,0.17,0.1,0.39,159,23,42.8,9.7,48.5,145,6.9,1.86,0.54,9.6,5.1,4.5,74,23,12,44,8.3,4.7,3.6,1.31,1,64.9,30.3083,30.31,148,3.5,110,8,105.53,133,348,481,27.65,5.9,122.63,0.8,20.8,500.7,4.15,8.3,5.1,77,4.8,3.28,100,94,228,170
614990,PBCHD15GAM,806291,25/08/2018,09:30,10:01,Light Yellow,Clear,1.017,6.1,1+,Negative,Trace,Negative,Negative,Normal,Negative,1-2,0,6-18,Nil,Nil,NIL,11.8,4.6,14.5,80.1,25,81,13,43.6,8691,33,46,2,11,0,21.72,1.28,0.95,0.28,0.09,312,12.9,7,0.34,24.3,1.9,0.1,0.13,0.08,173,37,88.4,38.1,190.5,127,4.7,2.39,0.42,0.7,0.3,0.4,93,18,15,45,7,4.8,2.2,2.18,1.2,8.3,3.8761,3.23,141,4.3,107,3.9,116.28,62,144,206,30.1,8.5,197.25,4.4,181.2,410.3,44.16,9.2,3.9,74,5.3,2.14,79,88,111,201
340136,MZLGI13GJS,409313,27/08/2018,10:34,11:19,Pale Yellow,Clear,1.014,6.9,Negative,1+,Negative,Trace,Negative,Normal,Negative,3-5,1,6-7,Few,Nil,Artifacts,10.1,5.2,14.6,78.4,19,69,13.2,40.5,37364,42,13,4,2,0,5.1,1.95,0.67,0.28,0.08,325,11,15,0.28,27.6,1.3,0.39,0.1,4.41,188,55,99.6,7.2,36,98,3.4,1.81,0.55,0.7,0.2,0.5,48,42,10,33,7.4,4.6,2.8,1.64,1,5.1,2.3817,2.38,113,4.1,95,6.7,100.82,63,291,354,17.8,5.7,116.89,0.1,233.8,131.2,178.2,10.1,4.6,88,7.1,7.85,121,200,86,237
608299,PBCHD06KLC,939085,24/08/2018,07:05,08:32,Light Yellow,Clear,1.028,4.9,Negative,Negative,Negative,Negative,Negative,Normal,Negative,14-15,2,2-3,Rare,Rare,Artifacts,10.9,5.9,44.6,41.7,18,24,14,45.4,7021,51,24,21,5,0,1.87,1.24,0.56,0.08,0.06,1161,11.7,20,0.2,16.4,3,0.27,0.55,0.05,183,54,117.9,14.1,70.5,69,3.4,2.18,0.46,0.6,0.2,0.4,73,32,31,42,7.6,4.4,3.2,1.38,1.2,14.6,6.8182,5.68,120,4.5,97,5.3,95.51,41,357,398,10.3,6.2,131.24,0.7,18.1,236.9,7.64,10.1,3.7,104,12.3,3.07,90,74,115,80
327258,KLTRS02KLP,478502,28/08/2018,07:06,08:17,Pale Yellow,Clear,1.036,6.4,Trace,Trace,Negative,Negative,Negative,Normal,Negative,40-42,2,1-4,Rare,Nil,NIL,15.3,3.7,51.9,78.7,41,29,13.4,43.5,8412,41,37,5,4,0,1.28,1.63,0.77,0.43,0.01,143,10.8,21,0.5,18.2,0.1,0.7,0.07,0.09,166,55,78.9,60.9,304.5,161,3,1.43,0.7,0.8,0.3,0.5,108,13,18,35,7.5,4.7,2.8,1.68,1.1,19.5,9.1065,8.28,135,2.9,107,3.7,104.51,102,172,274,37.23,5.9,122.63,0.1,137.8,84.5,163.08,9.4,4.5,191,5.2,0.28,80,89,90,132
209488,GYAHD07KAU,803320,26/08/2018,08:49,09:37,Pale Yellow,Opaque,1.015,4.6,Trace,1+,Negative,Negative,Negative,Normal,Negative,14-15,1,6-14,Nil,Nil,NIL,18.4,4.9,52.1,84.6,37,35,15.7,42.7,4825,48,46,3,7,0,3.18,1.23,1,0.39,0.01,236,9.9,12,0.08,14.4,2.2,0.39,0.26,4.52,184,22,73.3,23.4,117,88,8.4,3.33,0.3,1.3,0.6,0.7,114,24,89,27,7.7,4.8,2.9,1.66,0.9,125.9,58.7953,65.33,140,4.1,122,3.4,91.23,65,276,341,19.06,6.1,128.37,0.8,11.1,89.3,12.43,8,5.9,94,11.2,2.42,76,86,150,138
998843,KLTRS09NLZ,657021,27/08/2018,10:20,11:40,Green,Hazy,1.025,6.4,Trace,Negative,Negative,Negative,Negative,Normal,Negative,TNTC,2,3-4,Few,Rare,Yeast cells,15.8,4.5,12.1,111.8,35,130,12,41.8,18559,80,24,3,5,0,20.87,4.77,0.71,0.4,0.06,128,8.6,13,0.2,30.1,3.8,0.15,0.05,0.3,157,69,55.5,18.1,90.5,135,2.3,0.8,1.24,2.1,1,1.1,96,11,11,25,6.1,4.1,2,2.05,0.9,6.8,3.1756,3.53,134,4.5,107,1.6,118.53,137,130,267,51.31,5.9,122.63,17.1,16.3,140.2,11.63,10.8,6,269,10.2,3.01,79,91,81,121
628208,GYAHD02KLM,235837,26/08/2018,08:57,09:45,Green,Clear,1.022,6.9,Trace,Trace,Negative,Negative,Negative,Normal,Negative,14-15,2,1-3,Nil,Nil,Parasites,6.1,4.3,32.9,77.5,14,18,11.7,41.5,19073,48,48,6,4,0,3.7,1.41,0.68,0.2,0.1,236,8.6,15,0.19,28.6,0.8,0.24,0.16,0.14,211,44,73.7,84.3,421.5,115,4.8,1.68,0.6,5.4,2.6,2.8,52,20,11,19,7.7,4.3,3.4,1.26,1.7,19.9,9.2933,5.47,122,2.9,108,2.8,87.35,91,208,299,30.43,5.7,116.89,0.6,112.3,123.9,90.64,10.7,5.8,116,8.3,2.51,128,132,95,154
100004,PBCHD01HPP,753469,24/08/2018,10:29,11:43,Light Yellow,Hazy,1.014,5.9,Trace,Trace,Negative,Trace,Negative,Normal,Negative,TNTC,2,1-3,Nil,Few,NIL,5.2,5.1,34.7,49.7,10,14,14.2,42.4,7949,59,33,23,4,0,6.44,1.61,0.6,0.15,0.05,133,8.9,15,0.24,12.6,4.4,0.31,0.35,0.21,137,52,89.8,45.6,228,80,2.6,1.73,0.58,0.5,0.2,0.3,107,41,11,9,7.1,4.2,2.9,1.45,1.5,17.6,8.2192,5.48,142,4.9,96,8.7,116.21,156,351,507,30.77,6,125.5,0.2,25.9,100.8,25.69,11.4,5.8,70,10.2,5.21,81,84,124,172
747043,GYAHD10JHJ,854568,28/08/2018,07:42,08:49,Pale Yellow,Hazy,1.024,6.8,3+,Trace,1+,Trace,Trace,Normal,Negative,1-3,1,>20,Nil,Nil,NIL,15.1,6.6,44.5,77.4,22,33,11.6,44.1,6870,65,13,8,5,0,3.11,2.55,0.38,0.47,0.08,132,9.9,11,0.26,30.1,0.1,1.65,0.36,0.11,150,34,147.8,35.3,176.5,76,4.4,4.35,0.23,0.8,0.1,0.7,85,31,31,45,7.9,3.9,4,0.98,0.9,19.7,9.1999,10.22,143,4.5,99,3.9,99.71,167,263,430,38.84,7.9,180.03,4.1,17,137.2,12.39,10,6,135,4,2.84,94,121,80,104
722906,GYAHD11KLM,851147,27/08/2018,11:06,12:19,Red,Slightly cloudy,1.018,6.8,Negative,Trace,Negative,Negative,Negative,Normal,Negative,10-11,0,2-4,Nil,Nil,Amorphous debris,11.6,4.5,34.5,94.7,25,33,13.1,43.8,7582,37,32,3,5,0,4.52,1.97,0.28,0.48,0.03,515,11.1,13,0.32,25.5,0.3,0.51,0.12,0.08,225,36,102.8,32.3,161.5,79,6.3,2.86,0.35,13.5,9,4.5,76,97,31,42,6.1,4.6,1.5,3.07,1.2,12.9,6.0243,5.02,140,5.7,95,3.9,99.32,81,358,439,18.45,6,125.5,0.4,15,142.7,10.51,8.7,3.8,75,15.3,2.05,140,76,92,94
604900,MZLGI05GJS,109843,28/08/2018,11:09,12:03,Pale Yellow,Cloudy,1.017,4.8,Trace,Negative,Negative,Negative,Negative,Normal,Negative,3-5,0,2-3,Rare,Nil,NIL,17.5,7,23.7,87.5,25,73,9.1,41.8,6528,39,46,6,4,10.6,7.02,1.79,0.29,0.53,0,121,12.1,11,0.36,40.4,0.7,0.15,1.15,1.46,230,31,88.9,23.6,118,178,7.4,2.87,0.35,0.7,0.3,0.4,47,31,18,36,6.4,4.2,2.2,1.91,0.6,8.7,4.0629,6.77,142,4.9,102,5.8,35.09,114,343,457,24.95,6,125.5,1,15.2,116.8,13.01,7.9,5.2,162,5.8,3.68,87,62,108,84
390795,MZLGI09BRC,264045,27/08/2018,10:59,11:49,Light Yellow,Opaque,1.026,5.3,Negative,Negative,Negative,Negative,Negative,Normal,Negative,9-10,0,3-4,Few,Nil,NIL,8.8,4.6,31.7,72,19,27,12.6,36.7,48758,45,24,1,6,0,4.42,1.27,0.68,0.17,0.07,113,7.5,14,0.14,19.9,4,0.77,3.82,0.3,170,50,90.1,29.2,146,67,3.4,1.8,0.55,0.9,0.3,0.6,58,27,7,25,7.7,5,2.7,1.85,0.8,10.7,4.9969,6.25,139,4.3,103,3.4,90.1,151,178,329,45.9,5.9,122.63,1,21.9,109.8,19.95,9.2,5,149,7.5,1.03,123,64,71,85
728515,PBCHD13GAM,946251,24/08/2018,06:34,07:18,Straw,Hazy,1.024,4.8,Trace,Negative,Negative,Negative,Negative,Normal,Negative,4-6,0,2-3,Nil,Rare,NIL,14.9,6.3,46.9,89.4,23,31,10.3,41.1,4295,33,36,3,5,5.7,2.2,2.74,0.51,0.28,0.01,147,7.4,10,0.21,22.1,7.2,0.08,5.73,0.11,175,34,79,32.3,161.5,125,5.1,2.32,0.43,0.7,0.1,0.6,90,5,41,46,7.5,3.6,3.9,0.92,1,6.1,2.8487,2.85,90,4.5,106,6.2,101.2,71,353,424,16.75,6,125.5,0.3,242.1,102.4,236.43,9.9,3.1,152,12.1,2.12,88,123,236,133
797727,PBCHD14RJU,911092,26/08/2018,07:03,08:26,Pale Yellow,Hazy,1.019,6.6,Negative,Negative,Negative,Negative,Negative,Normal,Negative,TNTC,1,1-2,Nil,Nil,NIL,16,5.4,45.8,90.3,29,34,11.9,32.8,8308,51,19,1,3,10.3,9.81,2.01,0.77,0.1,0,218,9.8,26,0.36,23.3,4,0.36,5.67,0.38,225,41,52.2,25.8,129,93,5.5,1.27,0.79,0.5,0.2,0.3,66,36,38,12,6.8,4.8,2,2.4,1.1,18.6,8.6862,7.9,146,3.9,110,3.6,64.32,181,259,440,41.14,6.6,142.72,0.5,23.2,109.5,21.19,10.8,5.9,139,6.8,2.51,102,133,96,131
845825,PBCHD01MHS,708703,28/08/2018,08:37,09:31,Light Yellow,Clear,1.018,5.1,Negative,1+,Negative,Negative,Negative,Normal,Negative,12-14,1,3-3,Rare,Nil,NIL,9.8,5,35.8,42.4,19,27,14.5,30.2,10882,43,30,1,18,0,7.43,0.47,0.6,0.01,0.06,143,9.6,19,0.73,18.4,4.7,0.19,0.28,1.44,195,59,77.6,22.1,110.5,199,3.3,1.32,0.76,0.5,0.2,0.3,61,29,21,26,8,3.7,4.3,0.86,0.7,6.5,3.0355,4.34,140,5,115,6.5,118.21,166,351,517,32.11,8.8,205.86,0.4,21,32.3,65.02,12.8,5,222,3.3,3.27,114,91,72,205
318540,GYAHD06ODK,453804,26/08/2018,10:05,11:26,Yellow,Slightly cloudy,1.013,5.5,Trace,Negative,Negative,Negative,Negative,Normal,Negative,8-9,1,3-2,Nil,Rare,NIL,15.5,5.3,41.7,83.6,29,37,12.6,41,9271,42,26,7,5,0,22.43,2.53,1.49,0.97,0.04,353,9.8,5,0.38,21.3,0.6,0.3,0.32,0.38,163,70,84.3,15.5,77.5,111,2.3,1.2,0.83,0.6,0,0.6,44,11,31,36,7.6,4.5,3.1,1.45,1.6,19.3,9.0131,5.63,137,3.3,114,3.4,79.49,185,357,542,34.13,8.1,185.77,0.6,10.9,498.5,2.19,7.9,2.7,69,10.3,0.006,111,183,180,157
429131,KLTRS07TSS,137203,25/08/2018,08:16,09:06,Straw,Clear,1.013,4.6,Negative,Negative,Negative,Negative,Negative,Normal,Positive,3-5,2,3-3,Nil,Nil,Mucus threads,21.8,5.8,31.3,90.5,37,69,13.2,46,30608,69,40,5,7,0,6.34,1.14,0.08,0.25,0.09,33,8.3,15,0.22,15.7,1.2,0.94,0.32,0.25,218,69,52.6,22.5,112.5,80,3.2,0.76,1.31,0.7,0.2,0.5,114,7,21,24,7.5,4,3.5,1.14,1.2,7.5,3.5025,2.92,146,3.9,91,7.3,92.29,85,356,441,19.27,5.7,116.89,0.2,17.3,383.8,4.51,7.4,4.1,175,11,0.24,80,113,220,84
373580,PBCHD10KLC,541863,28/08/2018,08:16,09:00,Green,Clear,1.013,6.8,Trace,Trace,Negative,Negative,Negative,Normal,Negative,1-2,1,2-2,Rare,Moderate,NIL,16.4,5,50.9,99.9,32,32,13.7,37.8,10778,40,19,5,5,0,6.6,1.84,0.62,0.34,0.08,148,7.3,11,0.32,14.5,4.2,0.38,0.08,4.83,164,63,73.4,9.4,47,201,2.6,1.17,0.86,0.8,0.1,0.7,54,63,28,13,7,4.3,2.7,1.59,0.9,24.9,11.6283,12.92,136,3.1,101,5.7,103.81,110,341,451,24.39,8.3,191.51,0,22.7,166.9,13.6,11.9,3,227,6.5,8.09,291,77,90,71
598933,KLTRS13NLZ,526914,25/08/2018,08:15,09:33,Pale Yellow,Clear,1.01,7.8,Negative,Negative,Negative,Trace,Negative,1+,Negative,48-52,0,2-4,Nil,Nil,NIL,7.4,5.7,48.5,75.2,12,15,14.3,49.9,7525,47,20,3,8,0,2.24,1.33,0.59,0.17,0,900,11.8,16,0.23,28.7,4.2,0.28,0.71,0.24,183,44,130.7,5.5,27.5,140,4.2,2.97,0.34,0.7,0.3,0.4,96,39,14,47,7.9,4.6,3.3,1.39,0.8,9.7,4.5299,5.66,143,4.8,96,5.3,113.24,69,260,329,20.97,5.9,122.63,0.1,17.6,136.3,12.91,12.7,3.3,107,8.9,3.32,83,114,208,120
273613,MZLGI02GJS,265200,26/08/2018,11:08,11:51,Straw,Clear,1.02,4.9,Negative,Trace,Negative,Negative,Negative,Normal,Negative,30-34,0,>20,Nil,Nil,Mucus threads,13.5,6.4,45.3,94.1,21,29,12.2,45.5,10705,48,33,1,4,0.3,9.14,1.82,0.63,0.25,0.04,381,6.7,15,0.71,29.5,3.6,0.37,0.29,0.87,159,74,96.4,63,315,93,2.1,1.3,0.77,0.7,0.3,0.4,95,17,21,16,6,4.2,1.8,2.33,0.6,118.1,55.1527,91.92,146,4.8,104,10.5,117.31,79,305,384,20.57,5.8,119.76,0,12.3,58.2,21.13,10.4,2.4,147,10.2,2.61,113,70,80,111
476714,GYAHD06KAU,141523,25/08/2018,07:40,08:21,Light Yellow,Cloudy,1.012,4.5,Trace,Negative,Negative,Negative,Negative,Normal,Negative,TNTC,1,3-3,Moderate,Nil,NIL,15,4.1,26.9,75.5,36,55,16.2,43.4,5233,47,31,3,7,0,8.46,1.89,0.58,0.45,0.06,210,7.1,14,0.25,40.3,3.2,0.35,0.18,0.28,106,37,114,6.2,31,77,2.9,3.08,0.32,0.4,0,0.4,83,8,19,17,7.6,4.5,3.1,1.45,1.1,16.1,7.5187,6.84,129,3.6,95,5,76.57,122,94,216,56.48,7.7,174.29,6.8,18,89.4,20.13,8.7,2.6,155,10.7,3.6,108,63,101,104
506502,GYAHD03KLM,359385,26/08/2018,10:48,12:07,Straw,Clear,1.018,5.5,Negative,Negative,Negative,Negative,Negative,Normal,Negative,9-10,0,1-4,Rare,Nil,Fungal elements,18.2,4.4,29.3,72.1,41,62,12.7,45.5,6026,30,28,7,3,0,9.6,1.18,0.54,0.1,0.14,334,15.1,12,0.62,16.8,4,0.27,0.38,0.32,204,47,84.7,106,530,159,4.3,1.8,0.55,0.6,0,0.6,74,54,16,45,7.9,2.5,5.4,0.46,0.7,5,2.335,3.34,140,4.3,105,5.1,76.21,162,242,404,40.1,5.9,122.63,0.5,26.4,122.9,21.48,11.1,6,278,7.3,3.28,135,91,79,120
679852,MZLGI02GJS,618696,24/08/2018,11:08,12:34,Light Yellow,Clear,1.012,6.6,Trace,Trace,Negative,Negative,Negative,Normal,Negative,1-2,0,3-3,Few,Few,Fat droplets or lipiduria,3.7,5,36.5,49.4,7,10,16.8,43.9,10953,55,15,7,17,0,5.24,5.47,0.36,0.45,0.09,232,9.7,10,0.36,29.8,5.8,0.17,0.1,0.26,157,62,134.7,36.5,182.5,187,2.5,2.17,0.46,0.7,0.2,0.5,116,51,10,25,8.3,4.2,4.1,1.02,0.9,9,4.203,4.67,144,5.6,108,4.7,118.9,111,238,349,31.81,8.9,208.73,0.3,16,131.6,12.16,9,3.7,116,4,2.63,92,72,89,178
982692,GYAHD15ODK,398412,24/08/2018,06:17,07:35,Green,Hazy,1.025,5,Negative,2+,Negative,Negative,Negative,Normal,Negative,12-13,1,2-4,Nil,Nil,NIL,13.7,4,44.6,71.7,34,30,14,37.6,40531,49,18,3,7,0,1.71,2.53,0.64,0.43,0.02,169,7.1,10,0.14,12.5,0.1,0.18,0.16,0.26,124,45,154.4,46.7,233.5,208,2.8,3.43,0.29,0.9,0.2,0.7,42,43,40,35,7.9,4.2,3.7,1.14,0.6,9.1,4.2497,7.08,149,3.8,103,3.4,77.59,121,239,360,33.61,8.8,205.86,0.7,12.8,119.9,10.68,8.8,4.4,151,17.8,2.72,217,141,98,178
981935,PBCHD05NLM,542788,28/08/2018,10:21,11:46,Light Yellow,Hazy,1.015,4.9,Trace,1+,Negative,Negative,Negative,Normal,Negative,76-78,2,1-2,Nil,Moderate,NIL,15.2,4.5,49.2,75.9,33,30,12.9,41.4,9221,47,42,5,12,0,17.01,2.78,0.65,0.28,0.01,190,12.8,23,0.09,34.5,0.6,0.13,3.58,0.02,206,79,166.3,36,180,107,2.6,2.11,0.48,0.5,0.2,0.3,68,54,30,19,9,3.5,5.5,0.64,1.2,17.5,8.1725,6.81,143,4.9,98,4,101.06,87,373,460,18.91,5.8,119.76,0.5,28.3,75.6,37.43,9.3,5.2,88,12.4,3.18,98,69,98,189
657378,PBCHD01MHS,214842,28/08/2018,06:04,07:25,Light Yellow,Hazy,1.027,6.2,Negative,Negative,Negative,Trace,Negative,Normal,Negative,8-10,2,3-4,Rare,Rare,Mucus threads,16.5,6.9,46.5,76.2,23,35,12.7,27.6,8422,56,47,4,2,0,5.23,1.36,0.78,0.16,0.04,434,8,13,0.17,35.8,6,0.11,0.77,0.12,171,40,117.7,67.7,338.5,110,4.3,2.94,0.34,0.7,0.3,0.4,76,15,25,35,7.7,4.5,3.2,1.41,0.7,32.5,15.1775,21.68,143,3.8,97,3.4,77.85,101,336,437,23.11,8.5,197.25,0.8,27.4,226.4,12.1,10.1,2.7,134,11.4,2.71,70,105,79,109
911527,MZLGI08MHP,528969,25/08/2018,08:48,09:46,Red,Slightly cloudy,1.019,6.6,Trace,Trace,Negative,Negative,Negative,Normal,Negative,TNTC,1,1-2,Nil,Rare,Mucus threads,20.3,4.8,31.9,51.6,42,63,12.4,44.5,6358,28,37,2,4,0,6.73,2.62,0.22,0.54,0.01,124,16,14,0.34,18.1,2.3,0.32,0.03,0.03,158,44,38.1,23.3,116.5,70,3.6,0.87,1.15,1,0.3,0.7,86,44,30,9,8.1,3.7,4.4,0.84,0.6,15,7.005,11.68,126,4.4,97,2.9,79.89,157,359,516,30.43,11.8,291.96,0.6,18.6,115.2,16.15,11.5,5.4,104,11.8,0.3,102,94,97,126
849322,KLTRS13KLP,169695,26/08/2018,09:23,10:05,Straw,Clear,1.016,4.8,Negative,Trace,Negative,Negative,Negative,Normal,Negative,7-9,3,1-4,Nil,Few,Amorphous debris,13.8,5.3,31.6,89,26,43,12,40.8,8284,51,31,5,5,0.8,2.59,2.7,0.3,0.3,0.03,219,7.4,13,0.31,20,2.4,0.1,0.03,0.24,135,46,79.4,34,170,191,2.9,1.73,0.58,0.2,0,0.2,56,22,17,33,7.8,3.9,3.9,1,0.7,9.3,4.3431,6.2,146,4.4,95,3.1,98.81,83,190,273,30.4,5.9,122.63,0.7,11.7,84.6,13.83,7.8,2.7,263,6.6,2.52,94,102,98,106
669275,MZLGI06APK,308668,26/08/2018,10:13,11:28,Straw,Clear,1.029,4.9,Trace,Negative,Negative,Negative,Negative,Normal,Negative,TNTC,1,3-4,Nil,Nil,NIL,18.9,5.4,32.3,80.5,35,58,14.2,37.2,7526,71,49,2,10,0,4.56,0.02,0.9,0.24,0.03,49,7.1,14,0.3,14,2.9,0.24,0.28,0.17,179,43,97.1,58.8,294,72,4.2,2.26,0.44,0.4,0,0.4,89,11,20,25,7.7,3.7,4,0.93,1.1,16,7.472,6.79,139,4.1,106,5.9,98.11,155,131,286,54.2,7.2,159.94,0.3,63.4,141.8,44.71,9.4,5.3,127,10.6,1.03,73,94,95,93
596162,KLTRS11MLT,994021,28/08/2018,07:49,08:50,Dark Yellow,Clear,1.022,7,2+,1+,Negative,Negative,Negative,Normal,Negative,56-57,1,1-4,Rare,Rare,Yeast cells,18.2,4.8,41,76.1,37,44,12.2,42.6,9088,75,21,4,6,0,21.81,2.18,0.26,0.27,0,362,11.9,14,0.27,32.3,2.7,0.56,1.12,0.39,170,52,125.3,84.8,424,185,3.3,2.41,0.42,0.7,0,0.7,88,41,32,13,7,4.8,2.2,2.18,1,16.7,7.7989,7.8,121,5.4,95,6.9,101.92,152,134,286,53.15,6.6,142.72,1,14.9,91.9,16.21,7.9,3.1,66,20.6,0.53,97,190,91,96
257261,MZLGI07BRC,828523,25/08/2018,08:02,09:30,Light Yellow,Slightly cloudy,1.023,4.8,Trace,Negative,Negative,Negative,Negative,2+,Negative,1-3,1,>20,Nil,Nil,NIL,9.2,4.1,27.1,74.7,22,33,11.8,40.1,5065,40,28,7,12,0,1.1,2.78,0.36,0.48,0.02,269,8.9,13,0.12,29.6,1.8,0.33,0.34,0.15,151,52,59.7,20.5,102.5,74,2.9,1.15,0.87,0.6,0,0.6,102,31,23,20,7.9,4.7,3.2,1.47,1.2,14.2,6.6314,5.53,125,4.7,113,2.1,96.93,146,177,323,45.2,6,125.5,1,259.4,359.1,72.24,11.4,3.4,96,10.8,0.32,93,90,92,79
740530,MZLGI01MHP,736881,25/08/2018,11:04,11:45,Light Yellow,Slightly cloudy,1.022,7.6,Negative,Trace,1+,Negative,Negative,Normal,Negative,3-4,1,1-4,Nil,Nil,NIL,19.6,5.5,55.4,74.7,35,35,11.8,42,5314,59,33,4,8,0,9.63,2.14,0.66,0.69,0.09,1161,9,16,0.29,34.1,1.2,0.52,0.49,0.6,200,41,90.4,65.5,327.5,70,4.9,2.2,0.45,0.7,0,0.7,111,12,34,18,6.9,5.3,1.6,3.31,0.9,9.2,4.2964,4.77,141,3.7,108,6.8,116.86,154,320,474,32.49,7.1,157.07,0.1,12,258,4.65,10.4,2.3,200,8.5,3.74,110,73,87,142
918886,MZLGI14APK,316197,25/08/2018,08:11,08:43,Light Yellow,Clear,1.011,5.7,Negative,Negative,Negative,Negative,Negative,Normal,Negative,11-13,1,3-2,Rare,Nil,NIL,13.2,4.7,52.6,90.6,28,25,13.1,40.1,4229,55,25,1,2,0,9.78,3.64,0.72,0.3,0.02,269,9.8,23,0.23,20.5,1,4.17,0.08,0.34,106,78,122,98.6,493,151,1.4,1.56,0.64,0.8,0.1,0.7,106,25,15,34,6.7,5,1.7,2.94,0.9,6.7,3.1289,3.48,137,4.2,103,4.3,115.27,111,324,435,25.52,8.8,205.86,0.6,24.9,38,65.53,9.3,3.6,110,10.7,0.44,74,61,70,251
639014,KLTRS10KLP,564183,24/08/2018,08:09,09:00,Light Yellow,Slightly cloudy,1.01,6.2,Negative,Trace,Negative,Negative,Negative,Normal,Negative,3-4,0,1-4,Few,Nil,NIL,9.9,6,49.9,82.1,16,19,13.6,44.4,10894,45,11,6,7,0,3.1,1.88,0.21,0.15,0.07,260,7.4,16,0.18,34.3,1.5,0.05,0.38,0.28,130,56,76.6,37.5,187.5,70,2.3,1.37,0.73,0.7,0.1,0.6,124,46,12,10,6.1,3.4,2.7,1.26,1.2,26,12.142,10.12,149,5.8,100,4.4,96.12,113,349,462,24.46,6.1,128.37,0.9,13.3,118.2,11.25,11.2,3.7,169,2.2,3.38,77,148,113,173
808825,PBCHD13CGD,963175,25/08/2018,11:40,12:20,Red,Opaque,1.022,6.5,Negative,Negative,Negative,Negative,Negative,Normal,Negative,7-8,5,6-11,Nil,Nil,Fat droplets or lipiduria,15,7.6,64.3,50.5,19,23,12.3,43,6730,35,53,2,6,0,3.12,2.62,0.79,0.21,0.03,632,6.1,17,0.11,28.9,1.1,0.08,0.31,0.34,109,71,95.1,13.1,65.5,126,1.5,1.34,0.75,2.9,1.4,1.5,117,33,20,46,7.2,4.9,2.3,2.13,1.1,8.1,3.7827,3.44,135,3.9,106,2.1,106.24,92,227,319,28.84,5.9,122.63,0.3,17.4,262.7,6.62,12.7,5.5,272,5.1,0.005,146,66,70,85
954209,KLTRS09MLT,555434,27/08/2018,06:55,08:20,Light Yellow,Hazy,1.019,6.8,Trace,Trace,Negative,Negative,Negative,Normal,Negative,4-5,0,>20,Rare,Rare,NIL,12.3,5,36.8,91.9,24,33,12,45.9,10345,74,23,1,7,0,11.24,5.04,0.67,0.18,0.17,123,8.8,15,0.33,21,1.8,0.01,0.03,0.09,900,41,82.3,16.6,83,197,22,2.01,0.5,0.5,0,0.5,44,13,35,39,6.8,3.8,3,1.27,0.6,15.3,7.1451,11.91,123,3.8,99,3.5,95.19,148,116,264,56.06,5.7,116.89,0.1,25.4,138,18.41,10.2,2,284,21.5,5.92,71,62,142,171
669191,GYAHD06KLM,418610,28/08/2018,07:47,08:35,Pale Yellow,Slightly cloudy,1.011,6.9,Negative,1+,Negative,Negative,Negative,Normal,Negative,4-6,2,16-16,Moderate,Nil,NIL,11.9,3.7,39.7,75.9,32,29,13.1,40.9,5396,48,20,8,6,0,7.24,1.69,0.49,0.25,0.07,230,13.2,11,0.35,17.8,3.3,0.34,0.37,0.12,191,31,88,28.6,143,83,6.2,2.84,0.35,0.7,0,0.7,76,11,32,31,8.3,3.8,4.5,0.84,0.9,18.4,8.5928,9.55,143,3.8,101,5,96.53,96,357,453,21.19,6.1,128.37,0.9,24.7,98.9,24.97,9.5,4.9,156,10.4,1.48,90,102,67,106
699907,GYAHD09JHJ,804373,27/08/2018,07:03,07:41,Light Yellow,Clear,1.01,5.1,Negative,Trace,Negative,Negative,Negative,Normal,Negative,1-3,0,1-3,Nil,Nil,Mucus threads,8.4,4.9,15.3,78.6,17,54,14.2,44.5,12051,67,48,2,2,2.5,3.91,1.89,0.61,0.39,0.1,950,11.3,20,0.37,12.6,0.9,0.34,0.78,0,176,52,77.6,25.3,126.5,147,3.4,1.49,0.67,0.6,0,0.6,103,49,30,11,7.9,3.6,4.3,0.84,1.2,13.2,6.1644,5.14,144,5.3,108,3.2,116.51,217,109,326,66.56,11.3,277.61,0,12.7,257.9,4.92,8.6,2.1,184,18.8,0.31,104,60,88,64
139191,MZLGI04APK,557457,24/08/2018,10:24,11:44,Pale Yellow,Hazy,1.028,4.7,Negative,Negative,Negative,Negative,Negative,Normal,Negative,TNTC,1,1-4,Few,Nil,NIL,15,4.6,46.8,90,32,32,12.1,44.7,4172,46,17,20,4,0,1.19,0.98,0.74,0.47,0.1,298,11.8,12,0.48,25.3,0.1,0.23,0.33,2.85,218,46,107.6,17.5,87.5,95,4.7,2.34,0.43,0.5,0,0.5,106,31,14,47,7.6,4.1,3.5,1.17,0.6,19.7,9.1999,15.33,138,3.6,104,5.8,90.59,64,229,293,21.84,6,125.5,0.6,14.8,133,11.13,10,3.7,56,9.8,1.79,97,125,109,141
786571,KLTRS10WBD,101216,25/08/2018,07:47,08:22,Pale Yellow,Slightly cloudy,1.016,6.5,Trace,Trace,Trace,Negative,Negative,Normal,Negative,57-58,0,14-19,Nil,Nil,NIL,16.9,5.6,59.4,73.8,30,28,13.4,39.4,5047,51,10,1,6,1.7,2.9,1.04,0.46,0.08,0.02,173,11.6,10,0.38,33.5,0.1,0.87,5.07,0.07,206,31,99.1,25,125,98,6.6,3.2,0.31,0.2,0,0.2,118,6,11,55,6.1,3.6,2.5,1.44,0.9,5.6,2.6152,2.91,137,4.6,99,4.7,80.85,122,344,466,26.18,6.3,134.11,0.6,24.5,316.5,7.74,10.7,3.4,181,9.1,1.44,108,84,125,157
327932,KLTRS05NLZ,819712,24/08/2018,06:58,07:41,Pale Yellow,Hazy,1.019,6.6,3+,Trace,Negative,Negative,Negative,1+,Negative,13-14,3,>20,Rare,Nil,NIL,12.8,5.2,34.1,89.5,24,37,12.2,42.7,10073,46,21,6,2,0,5.5,1.11,0.26,0.32,0.05,346,8.1,12,0.37,22.5,2.4,0.04,0.05,0.17,136,49,145.2,102.8,514,190,2.8,2.96,0.34,0.7,0.3,0.4,70,10,39,10,6.8,4.1,2.7,1.52,0.9,7.3,3.4091,3.79,143,3.3,107,5,97.66,131,215,346,37.86,8.2,188.64,0.2,22.4,81.9,27.35,11.3,3.8,153,5.2,0.59,70,86,70,178
678498,GYAHD13JHJ,268895,25/08/2018,11:48,12:22,Light Yellow,Slightly cloudy,1.02,5.8,2+,Negative,Negative,Negative,Negative,Normal,Negative,12-13,0,>20,Nil,Nil,NIL,10.2,5.8,41.1,67.2,17,24,13,41.5,5536,56,27,3,7,0,8.51,5.57,0.75,0.21,0.04,364,10.6,12,0.08,14.5,0.1,5.59,0.32,0.91,159,79,107.2,35.1,175.5,137,2,1.36,0.74,0.9,0.2,0.7,110,10,37,70,6.2,4.2,2,2.1,0.9,72.8,33.9976,37.78,136,5.8,97,3.7,108.68,120,160,280,42.86,5.8,119.76,1,17.1,84.8,20.17,6.7,5.3,182,8.2,2.16,85,273,120,70
191948,MZLGI03RJK,355287,28/08/2018,11:51,12:41,Pale Yellow,Clear,1.024,5.7,Negative,Negative,Trace,Negative,Negative,Normal,Negative,3-5,1,3-2,Moderate,Nil,NIL,17,5.2,33.1,86.7,32,51,11.8,45.1,4625,42,27,5,3,3.3,0.65,4.11,0.44,0.14,0.05,914,9.1,17,0.18,19.8,4.2,0.27,0.24,0.33,232,57,67.8,31.2,156,139,4.1,1.19,0.84,0.7,0.2,0.5,60,51,14,41,8.1,4.6,3.5,1.31,0.9,18.5,8.6395,9.6,133,5.2,81,2.8,109.7,133,234,367,36.24,7.6,171.42,0,24.2,52.8,45.83,12.3,2.6,226,2.9,0.19,120,125,122,120
994271,GYAHD01KLM,376323,25/08/2018,08:51,09:46,Straw,Opaque,1.024,6.4,Negative,Negative,Negative,Negative,Negative,Normal,Negative,6-8,0,1-2,Nil,Nil,NIL,13.4,5.2,23.6,97.9,25,56,14.3,41.8,7981,39,27,5,2,11.9,1.08,4.15,0.36,0.45,0.03,403,11.4,12,0.19,15.7,0.4,0.27,0.19,0.23,166,65,94.2,34.4,172,63,2.6,1.45,0.69,0.5,0.1,0.4,85,12,10,45,7.8,4.3,3.5,1.23,1,8.2,3.8294,3.83,131,3.1,88,2.9,99.32,31,359,390,7.95,6.7,145.59,0.6,11.5,71.2,16.15,9.9,3.1,156,4.5,3.43,101,77,114,75
750756,PBCHD11CGD,589273,28/08/2018,11:38,12:17,Pale Yellow,Clear,1.012,5.6,Negative,Trace,Negative,Negative,2+,Normal,Negative,10-11,0,>20,Nil,Nil,Yeast cells,2.8,5,60,50.3,5,4,12.8,41.9,9606,42,23,5,6,9.5,2.74,3.27,0.6,0.07,0.09,267,11.6,11,0.2,18.3,1.1,0.37,0.61,5.57,152,49,108.4,9.5,47.5,119,3.1,2.21,0.45,0.7,0.3,0.4,73,45,13,32,8.2,4.4,3.8,1.16,1.1,19.1,8.9197,8.11,106,4.3,118,4.6,95.44,225,346,571,39.4,6,125.5,0.5,13.4,82.7,16.2,11.4,4,88,8.4,3.53,92,102,70,97
990098,GYAHD12ODK,640861,28/08/2018,06:59,08:20,Light Yellow,Clear,1.028,6.1,Negative,Trace,Negative,Negative,Negative,Normal,Negative,12-14,2,2-2,Nil,Rare,NIL,9.8,5.9,39.6,93.6,16,24,9.2,39,5338,47,23,5,6,0.4,8.9,2.65,0.53,0.49,0.05,442,9.8,12,0.35,15.4,3.8,0.25,0.15,0.46,142,37,75.8,27.2,136,81,3.8,2.05,0.49,0.2,0,0.2,107,56,16,44,6.3,4.2,2.1,2,1.2,9.2,4.2964,3.58,147,4.3,101,2,100.12,187,156,343,54.52,5.9,122.63,0.7,21.8,142.3,15.32,11.8,2.7,68,12.3,3.87,89,79,110,172
986691,MZLGI02MHP,184967,28/08/2018,11:11,12:09,Yellow,Slightly cloudy,1.021,5.7,Trace,Trace,Negative,Negative,Negative,Normal,Negative,2-4,2,1-4,Nil,Few,NIL,6.6,5.5,40.2,62.9,12,16,13.1,40.7,4272,14,24,7,6,0,8.21,4.52,0.76,0.14,0.07,166,8.1,12,0.07,32.1,0.5,0.34,0.92,0.07,160,49,65.9,35.4,177,182,3.3,1.34,0.74,0.7,0.3,0.4,79,48,28,11,6.8,3.6,3.2,1.13,0.3,10.9,5.0903,16.97,117,4.5,102,2.3,115.15,153,313,466,32.83,8.9,208.73,0.1,264.4,73.9,357.78,9.1,3.3,143,5.7,0.66,74,93,96,87
270400,GYAHD03JHJ,996022,24/08/2018,10:59,11:41,Pale Yellow,Slightly cloudy,1.016,6.9,Negative,Negative,Negative,Negative,Negative,Normal,Negative,TNTC,1,2-4,Rare,Nil,NIL,13.6,5.5,51.9,44.1,24,26,13,42.7,7579,30,20,15,12,0,1.05,1.37,1.45,0.18,0.02,287,16.9,11,0.24,32.1,0.6,0.34,0.29,0.23,225,43,110.3,15.7,78.5,177,5.2,2.57,0.39,1.5,0.7,0.8,111,38,36,40,7.6,4.3,3.3,1.3,0.7,163.4,76.3078,109.01,135,4.4,107,2,119.81,119,360,479,24.84,5.8,119.76,0.7,26.1,271.2,9.62,10.2,2.8,111,5.5,0.1,103,124,70,61
794510,KLTRS01TSS,714377,27/08/2018,08:31,09:43,Light Yellow,Clear,1.019,4.6,Negative,Negative,Negative,Negative,Negative,Normal,Negative,8-9,1,1-2,Nil,Rare,NIL,17.6,6,32.1,63,29,54,9.9,40.6,9544,57,25,5,8,0,9.96,5.88,0.49,0.04,0.14,113,12,17,0.26,14.1,1.1,0.35,0.26,0.15,180,47,74.5,15.4,77,94,3.8,1.59,0.63,0.5,0,0.5,336,17,15,36,6.4,4.4,2,2.2,0.6,8.2,3.8294,6.38,120,5.8,84,2.8,74.83,140,173,313,44.73,7.2,159.94,0.3,24,111.3,21.56,10,3.9,147,17.2,1.59,120,205,64,112
226943,PBCHD15KLC,225942,28/08/2018,10:02,11:31,Yellow,Cloudy,1.029,6.7,Negative,3+,Negative,Negative,Negative,Normal,Negative,10-12,2,3-2,Nil,Nil,NIL,12.8,5.2,51.4,47.7,24,24,12.9,40.5,10931,55,22,6,8,0,5.32,1.46,0.46,0.47,0.05,207,9.1,14,0.27,42.1,0.1,0.28,0.32,0.78,171,49,80.1,94.3,471.5,146,3.5,1.63,0.61,0.9,0.3,0.6,118,29,14,94,8,4.5,3.5,1.29,0.6,15.8,7.3786,12.3,139,3.7,96,4.2,95.66,166,268,434,38.25,8.3,191.51,0.9,10.6,180.8,5.86,11.7,3.8,102,4.1,1.18,118,95,82,176
514658,MZLGI02RJK,683031,26/08/2018,06:26,07:30,Yellow,Clear,1.025,6.9,Negative,Negative,Negative,Negative,Negative,Normal,Negative,95-100,2,3-4,Nil,Nil,Amorphous debris,16.4,5.7,48.7,94.8,28,33,11.9,44.5,5271,47,28,2,8,0,6.53,0.79,0.52,0.4,0,386,9.2,12,0.33,22.4,1,0.21,0.74,0.43,132,48,84.8,19.7,98.5,191,2.8,1.77,0.57,0.7,0.3,0.4,70,12,22,28,8.3,3.9,4.4,0.89,1.8,20,9.34,5.19,144,4.6,106,4.9,115.6,98,241,339,28.91,7,154.2,0.9,18.6,96.8,19.21,9.5,3.9,197,12.2,3.01,89,69,80,291
239096,PBCHD05KLC,577636,27/08/2018,09:28,10:38,Straw,Clear,1.018,5.7,Trace,Trace,Negative,Trace,Negative,1+,Negative,10-12,2,2-2,Moderate,Nil,NIL,17.7,6.8,42.5,64,26,41,12.7,43.6,9163,51,16,6,4,0,8.71,2.81,0.75,0.43,0.06,121,10.9,13,0.29,32.4,5.2,0.35,0.27,0.37,225,54,88.4,71.2,356,139,4.2,1.64,0.61,0.7,0.3,0.4,40,17,28,23,7.2,5.3,1.9,2.79,1.1,8.1,3.7827,3.44,123,2.7,95,4,109.4,76,133,209,36.36,6.1,128.37,0.8,16.5,84.9,19.43,11.9,4.5,91,16.3,3.5,86,111,74,110
463168,MZLGI05RJK,207373,26/08/2018,11:50,12:47,Dark Yellow,Clear,1.016,6.8,Trace,4+,Negative,Negative,Negative,Normal,Negative,14-15,2,7-17,Nil,Nil,NIL,10.5,5,43.5,95.2,21,24,12.2,45.5,10325,51,35,2,7,5.9,5.07,1.13,0.46,0.05,0,100,10.4,17,0.19,14.4,3.8,0.46,0.25,0.1,193,48,73.1,27.7,138.5,191,4,1.52,0.66,0.4,0.1,0.3,81,20,17,28,6.8,4.4,2.4,1.83,0.7,25.3,11.8151,16.88,136,4.6,97,5.2,104.78,129,335,464,27.8,5.8,119.76,0.1,20.4,108.9,18.73,9.2,2.6,135,10.2,0.6,93,80,76,137
663298,MZLGI11MHP,554963,24/08/2018,08:52,10:07,Light Yellow,Slightly cloudy,1.011,6.8,Negative,Negative,Negative,Negative,Negative,Normal,Negative,13-14,0,1-2,Nil,Nil,NIL,12.1,4.3,38.5,86.2,28,31,11.8,43.1,7103,79,46,4,8,0,17.17,4.97,0.3,0.2,0.09,124,9.7,12,0.3,34.9,0.1,0.03,0.3,0.37,176,27,81.6,17.2,86,179,6.5,3.02,0.33,0.7,0.3,0.4,75,9,40,19,7.6,4,3.6,1.11,0.6,16.3,7.6121,12.69,142,3.9,105,3.9,104.87,136,346,482,28.22,5.8,119.76,0.9,23.1,25.6,90.23,8,4.1,72,10.3,1.35,119,87,67,122
441173,MZLGI02GJS,843723,26/08/2018,07:38,08:16,Pale Yellow,Slightly cloudy,1.012,5,Negative,1+,Negative,1+,Negative,Normal,Negative,7-9,0,1-2,Nil,Nil,Fat droplets or lipiduria,10.2,5.4,45.9,88.3,18,22,13.1,40.7,8684,30,47,4,6,0,6.2,1.76,0.38,0.42,0.08,415,8.2,14,0.37,30.8,3.2,0.36,0.2,0.37,203,70,95.2,46.7,233.5,74,2.9,1.36,0.74,0.8,0.2,0.6,53,17,12,18,7.9,4.3,3.6,1.19,0.8,36,16.812,21.02,127,2.5,96,2.8,118.95,89,244,333,26.73,5.8,119.76,0.8,11.9,304,3.91,9.9,4.1,109,10.8,4.56,99,71,113,99
707151,KLTRS02TSS,185304,27/08/2018,07:15,08:28,Light Yellow,Opaque,1.02,4.5,Negative,Trace,Negative,Negative,Negative,Normal,Negative,14-15,0,3-4,Few,Nil,NIL,9.2,5,60.1,78.9,18,15,14.4,41.5,53096,49,32,4,8,0,6.17,1.34,0.65,0.44,0.03,435,10.2,16,0.26,20.1,4.6,0.39,3.52,4.61,163,44,96.6,68.2,341,127,3.7,2.2,0.46,0.5,0.2,0.3,84,8,17,31,6.1,3.9,2.2,1.77,1.2,18.6,8.6862,7.24,123,4.9,101,5.7,92.31,93,93,186,50,6.3,134.11,0.9,17,50.9,33.4,11,2.3,165,14.9,2.26,83,125,88,259
587363,MZLGI01MHP,518568,28/08/2018,07:39,08:11,Pale Yellow,Hazy,1.02,6.9,Trace,1+,Negative,Negative,Negative,Normal,Negative,TNTC,2,3-3,Nil,Nil,NIL,14.5,4.2,40.5,71.1,34,35,11.5,26.3,4870,41,25,2,8,0,6.78,1.57,0.68,0.33,0.05,12,14.7,16,0.48,20.2,3.8,0.17,0.05,0.07,158,59,86.7,18.7,93.5,183,2.7,1.47,0.68,1,0.3,0.7,86,42,28,39,7.1,4.6,2.5,1.84,0.8,18.5,8.6395,10.8,128,4.9,105,4.4,119.93,80,216,296,27.03,6.2,131.24,0.9,346.6,99.5,348.34,8.4,3.2,139,12,1.58,109,94,126,68
129681,KLTRS12MLT,500469,26/08/2018,06:26,07:34,Light Yellow,Hazy,1.022,4.1,Negative,1+,Negative,Negative,Trace,Normal,Negative,13-15,2,1-2,Rare,Rare,NIL,16.5,5,43.9,41.4,33,37,12.6,41.6,9713,50,16,4,5,0,1.27,2.88,0.5,0.26,0,184,11.6,15,0.39,14.2,6.8,0.58,0.36,3.72,224,43,118.9,36.4,182,171,5.2,2.77,0.36,0.3,0,0.3,59,10,26,24,7.7,4.8,2.9,1.66,0.6,16.1,7.5187,12.53,93,4.5,110,6.5,103.11,163,328,491,33.2,7.9,180.03,1,25,186.3,13.42,9.6,4.4,92,18.8,10.3,183,67,89,135
377840,KLTRS01KLP,758480,26/08/2018,06:20,07:44,Yellow,Milky,1.013,4.8,2+,Trace,Negative,Negative,Trace,Normal,Negative,12-13,2,1-3,Nil,Rare,NIL,14.1,2.9,17.2,80.3,48,81,14,40.9,2390,51,44,3,2,0,5.75,2.92,0.31,0.08,0.07,108,12,14,0.38,25.6,4.4,0.01,0.26,2.25,158,62,98.8,76.5,382.5,183,2.5,1.59,0.63,4.3,2.1,2.2,122,36,37,11,6.3,4.3,2,2.15,1.1,11.1,5.1837,4.71,138,7.9,101,3.9,107.67,127,227,354,35.88,7.4,165.68,0.9,444.1,66.2,670.85,10.5,2.6,196,6.8,3.2,139,60,77,181
182518,MZLGI12MHP,250528,28/08/2018,06:23,07:41,Pale Yellow,Clear,1.017,6.7,Negative,Negative,Negative,Negative,Trace,Normal,Negative,13-14,1,3-2,Nil,Nil,NIL,4.3,6.3,33.7,85.4,6,12,11.1,39.1,9240,56,34,6,7,0,6.34,0.71,0.7,0.35,0.09,173,12.4,17,0.23,19.9,2.6,0.26,1.45,0.04,157,74,88.6,33.8,169,116,2.1,1.2,0.84,0.8,0.2,0.6,210,7,23,33,6.5,4.6,1.9,2.42,0.7,59.6,27.8332,39.76,140,4.4,102,4.7,101.54,47,275,322,14.6,8.4,194.38,1,16.1,116.6,13.81,9.2,3.5,68,6.7,1.03,73,93,83,128
467954,KLTRS11KLP,760789,27/08/2018,09:48,10:42,Pale Yellow,Clear,1.029,5.2,Negative,Negative,Negative,Negative,Negative,Normal,Negative,TNTC,1,3-3,Few,Nil,Mucus threads,16.9,4.4,50,77.8,38,33,13.1,43.5,9102,64,31,3,7,2.7,9.26,2.58,0.28,0.41,0.11,134,9.1,30,0.19,34.5,2.8,0.9,0.12,1.45,217,47,86.5,28.9,144.5,84,4.6,1.84,0.54,1.9,0.9,1,79,33,31,28,6.4,5,1.4,3.57,0.9,19.9,9.2933,10.33,101,2.6,108,5.3,102.26,84,130,214,39.25,6.1,128.37,7.1,11.2,121.4,9.23,8.2,3,109,9.3,5.82,121,116,100,75
333597,PBCHD15KLC,999227,25/08/2018,11:43,13:04,Straw,Clear,1.011,4.3,Trace,Negative,Negative,Negative,Negative,1+,Negative,1-2,1,3-2,Nil,Nil,Artifacts,12.5,5.4,31.6,72.9,23,39,13.4,39.2,40059,37,18,3,7,0,7.81,3.87,0.43,0.5,0.07,107,11.5,13,0.2,19.3,2.5,0.1,0.45,0.3,173,26,78.8,20.1,100.5,157,6.7,3.03,0.33,0.9,0.3,0.6,62,40,32,24,6.4,3.7,2.7,1.37,1.5,16.6,7.7522,5.17,141,3.7,106,4.3,108.34,62,145,207,29.95,5.6,114.02,0.3,28.1,123.4,22.77,10.1,4.1,64,6.6,4.84,74,86,60,169
582652,MZLGI07GJS,287540,25/08/2018,11:23,12:50,Pale Yellow,Slightly cloudy,1.015,6.5,Negative,Negative,Negative,Trace,Negative,Normal,Negative,14-15,2,1-2,Rare,Moderate,Fungal elements,14.1,5.2,42.6,81.8,27,33,13.9,41.4,2434,79,41,1,13,0.9,1.19,2.67,0.69,0.43,0,259,6.4,20,0.06,37.3,5.5,0.35,1.85,0.37,131,21,107.5,8.8,44,132,6.2,5.12,0.2,0.7,0.3,0.4,204,53,29,23,6.7,3.8,2.9,1.31,0.6,8.5,3.9695,6.62,148,3.9,102,3.3,111.94,166,172,338,49.11,5.8,119.76,0.6,18.9,131.5,14.37,10.2,2,195,17,1.93,118,97,268,89
886997,KLTRS08NLZ,783825,24/08/2018,06:29,07:09,Light Yellow,Clear,1.02,5.2,Negative,Trace,Negative,Negative,1+,Normal,Negative,11-13,2,3-4,Nil,Nil,Amorphous debris,16.3,4.1,42.2,86.3,39,38,12.3,41.5,9576,56,41,1,3,0,1.14,2.73,0.49,0.42,0.04,786,7.8,14,0.37,41.5,4.1,0.29,0.64,4.95,204,27,80.9,15.6,78,104,7.6,3,0.33,6.1,3,3.1,71,44,10,33,7.4,4.6,2.8,1.64,0.6,10.2,4.7634,7.94,141,3.9,112,1.8,118.04,93,240,333,27.93,7.9,180.03,0,13.3,135.1,9.84,9.2,5.5,169,7,9.75,74,75,87,78
639179,PBCHD07MHS,311103,26/08/2018,06:27,07:04,Pale Yellow,Slightly cloudy,1.026,5.5,2+,Negative,Negative,Negative,Negative,Normal,Negative,2-3,2,2-4,Nil,Nil,NIL,11.1,3.4,44,95.5,32,25,14.5,43.9,10245,42,44,6,3,0,2.57,2.51,0.18,0.21,0.05,313,10.8,11,0.28,34.4,1.5,0.03,0.12,4.91,126,58,135.3,9.4,47,196,2.2,2.33,0.43,3.1,1.5,1.6,45,52,12,34,8.3,4.6,3.7,1.24,1,19.6,9.1532,9.15,127,2.9,104,11.1,114.02,201,316,517,38.88,6.3,134.11,0.4,28.9,190.4,15.18,10.7,3.3,254,3.8,0.46,131,95,72,113
789574,PBCHD07GAM,435199,24/08/2018,06:52,08:02,Pale Yellow,Clear,1.015,6.5,Trace,Negative,Negative,Negative,Negative,Normal,Negative,11-12,1,3-2,Few,Nil,NIL,21.7,5.8,32.2,91.1,37,67,9.7,39.5,53310,59,36,3,6,0.4,0.18,1.05,0.81,0.07,0.04,231,7.1,17,0.15,26.8,3.4,0,0.3,0.06,233,40,87.5,27.1,135.5,141,5.8,2.19,0.46,0.9,0.1,0.8,126,4,26,28,8.1,3.5,4.6,0.76,0.5,14.5,6.7715,13.54,141,4,106,3.3,111.26,63,228,291,21.65,5.7,116.89,0.6,16.2,82.2,19.71,9.8,3.7,176,6.2,0.21,82,78,80,121
387298,GYAHD06ODK,154632,25/08/2018,10:59,12:01,Light Yellow,Clear,1.026,6.9,1+,Trace,Negative,Trace,Negative,Normal,Negative,5-7,1,3-3,Nil,Nil,NIL,19.1,6.2,52.2,82.3,30,36,12.5,44.8,5666,47,25,5,3,0,3.9,2.08,0.3,0.05,0.12,416,14.3,11,0.25,16,0.1,0.37,2.85,0.33,153,55,66.2,10.5,52.5,89,2.8,1.2,0.83,0.6,0.2,0.4,112,18,39,95,7.9,4.5,3.4,1.32,1,5.5,2.5685,2.57,140,5.2,97,2.6,113.03,64,252,316,20.25,6.8,148.46,0.4,633.6,97.9,647.19,11.5,2.4,67,5.6,2.42,70,81,73,73
811466,GYAHD10ODK,839847,28/08/2018,11:00,11:31,Deep Amber,Clear,1.028,5.4,Trace,Negative,Negative,Negative,Negative,Normal,Negative,4-6,0,>20,Nil,Nil,NIL,11.7,4.8,62.8,64.2,24,18,11.7,42.7,9516,53,44,5,2,0,4.09,2.07,1.44,0.43,0.15,326,8.8,10,0.2,26.7,3.9,0.25,0.23,0.23,152,52,102.3,10.9,54.5,88,2.9,1.97,0.51,0.4,0.1,0.3,115,52,11,26,5.6,4,1.6,2.5,1.1,17.8,8.3126,7.56,135,5.3,106,5.8,80.21,96,164,260,36.92,8.5,197.25,0.4,11.8,117,10.09,8.8,2.8,229,12.1,0.91,97,117,91,109
986400,MZLGI04MHP,601426,25/08/2018,07:52,08:30,Light Yellow,Slightly cloudy,1.011,6.6,3+,Negative,Negative,Negative,Negative,Normal,Negative,8-10,1,2-2,Nil,Nil,NIL,16.1,4.3,61.4,77,37,26,12.8,43.6,8030,40,43,5,18,5.1,3.34,1.69,1.02,0.07,0.01,134,6.8,16,0.36,26,0.4,0.09,2.56,1.93,191,41,51.3,18.4,92,166,4.7,1.25,0.8,0.9,0.2,0.7,127,25,12,44,6,4.3,1.7,2.53,1.1,8.8,4.1096,3.74,142,2.5,96,5.4,31.48,194,358,552,35.14,5.8,119.76,0.5,27.8,30,92.67,9.2,3.8,295,6.9,3.74,95,87,114,162
864233,PBCHD06GAM,890241,26/08/2018,06:27,07:07,Pale Yellow,Slightly cloudy,1.019,6.8,Negative,Trace,Negative,Negative,Negative,Normal,Negative,2-3,1,15-7,Few,Nil,NIL,18.7,5.8,45,90.8,32,41,12.8,40.6,10272,42,31,4,5,0,4.28,1.05,0.1,0.12,0.05,346,7.4,17,0.36,43.4,4.7,0.96,0.89,0.39,172,39,131.3,20.7,103.5,83,4.4,3.37,0.3,0.6,0,0.6,114,22,20,17,7.1,4.3,2.8,1.54,1.5,9.6,4.4832,2.99,144,3.4,102,7.5,113.69,84,345,429,19.58,6.2,131.24,0.3,13,129.6,10.03,10.3,5.5,186,12.5,11.5,98,65,71,119
887537,MZLGI01RJK,802423,26/08/2018,11:14,12:37,Straw,Slightly cloudy,1.018,4.7,Negative,Trace,Negative,Negative,Negative,Normal,Negative,2-3,1,1-4,Nil,Nil,NIL,15.4,7,47.5,81.9,22,32,15.8,39.7,12684,52,43,5,8,0,5.22,1.49,0.81,0.3,0.06,540,7.2,18,0.33,12.9,2.1,0.27,2.63,2.52,188,48,84.5,33.9,169.5,142,3.9,1.76,0.57,0.6,0.1,0.5,99,21,35,16,8.1,3.3,4.8,0.69,0.8,13.4,6.2578,7.82,144,4.3,113,3.1,97.23,118,141,259,45.56,6.1,128.37,0.5,28.3,78.3,36.14,11.9,4.4,148,6.2,0.34,117,67,160,139
847697,GYAHD09KLM,275145,27/08/2018,08:15,09:04,Light Yellow,Hazy,1.025,7,Trace,Negative,Negative,Negative,Negative,Normal,Negative,1-2,0,1-2,Nil,Nil,Parasites,15.1,5.9,31.3,76.2,25,48,13.6,42.4,53129,54,50,5,3,0,2.82,1.11,0.9,0.22,0.01,112,10.5,16,0.16,17.2,1.3,0,0.88,0.29,216,30,81.4,98.7,493.5,110,7.2,2.71,0.37,1,0.3,0.7,108,11,13,16,8.2,3.7,4.5,0.82,1.1,11.9,5.5573,5.05,143,4.8,96,4.3,87.72,72,113,185,38.92,6.3,134.11,0.6,10.6,336.2,3.15,11.9,3.8,187,10.8,3.64,128,64,88,96
268116,MZLGI13MHP,144363,27/08/2018,10:47,11:37,Pale Yellow,Slightly cloudy,1.019,5.3,Trace,Trace,Negative,Negative,Negative,Normal,Negative,6-8,0,2-3,Nil,Nil,Amorphous debris,12.9,4.9,39.2,74.8,26,32,13.5,40.4,7160,42,19,5,2,0,7.05,1.24,0.62,0.57,0.17,322,7.8,11,0.36,13.5,0.5,0.61,0.4,0.14,198,54,41.1,19,95,77,3.7,0.76,1.31,0.8,0.2,0.6,64,49,38,43,7.5,3.9,3.6,1.08,1,5.3,2.4751,2.48,127,2,96,2.3,91.72,117,119,236,49.58,6.6,142.72,0.7,15.3,141.4,10.82,9,2.3,161,19.8,2.74,143,142,81,136
411297,PBCHD11RJU,618922,24/08/2018,11:36,12:42,Pale Yellow,Clear,1.03,5.1,Trace,Trace,Negative,Negative,Negative,Normal,Negative,4-5,0,3-3,Nil,Nil,NIL,11.7,6,64.6,45.6,19,18,13.3,41.9,4757,47,26,5,6,0,12.76,7.7,0.58,0.11,0.06,230,8.8,11,0.38,48.5,2.8,0.27,0.13,0.07,157,41,67.2,25.8,129,65,3.8,1.64,0.61,0.7,0.3,0.4,121,34,25,42,6.4,3.5,2.9,1.21,1.2,16.1,7.5187,6.27,148,4.6,106,6.3,94.7,102,347,449,22.72,6,125.5,0.8,57.1,147.3,38.76,11.1,2.5,147,8.7,1.59,161,85,91,90
603836,MZLGI14RJK,304211,26/08/2018,11:09,11:53,Straw,Slightly cloudy,1.018,6.6,Negative,Trace,Negative,Negative,Negative,Normal,Negative,9-10,2,3-2,Nil,Nil,NIL,12.8,5.1,38.4,90.9,25,33,13.2,41,3642,59,25,6,8,0,0,2.3,0.31,0.72,0.07,90,7.6,13,0.36,20.4,0.1,0.39,0.32,0.1,213,57,39.1,7.8,39,86,3.7,0.69,1.46,0.8,0.2,0.6,46,9,32,10,6.4,4.6,1.8,2.56,0.8,15.7,7.3319,9.16,138,3.8,86,2.8,95.93,182,351,533,34.15,5.8,119.76,0,18.7,111.2,16.82,10.3,3.7,102,5.8,9.1,93,83,115,135
706043,GYAHD10ODK,374862,24/08/2018,10:11,10:45,Orange,Clear,1.018,4.7,Trace,Trace,Negative,1+,Negative,Normal,Negative,6-8,2,1-3,Rare,Few,NIL,18,5,31.8,87,36,56,13.4,40.2,10053,49,18,3,16,0.7,1.74,2.07,0.53,0.24,0.09,395,11.1,15,0.26,12,1.5,0.01,0.29,0.34,187,65,83.1,57.6,288,123,2.9,1.28,0.78,9.9,5.4,4.5,58,18,20,70,7.4,3.8,3.6,1.06,1.1,19.2,8.9664,8.15,143,4.1,96,2.7,111.81,56,239,295,18.98,6.3,134.11,0,880.5,119.7,735.59,9.5,2.3,243,24.9,3.33,192,88,116,139
144494,PBCHD09KLC,639687,24/08/2018,10:45,11:45,Yellow,Cloudy,1.009,5.9,Trace,2+,Negative,Negative,Negative,1+,Negative,6-8,1,3-2,Nil,Nil,Yeast cells,16,5,29.7,83.2,32,53,12.1,42.8,4491,43,31,6,15,2.2,4.23,1.08,0.34,0,0.05,20,11,12,0.21,28.2,1.2,1.3,0.07,3.06,131,56,88.4,37.2,186,118,2.3,1.58,0.63,0.7,0,0.7,56,54,22,43,7.7,3.9,3.8,1.03,1.2,19.6,9.1532,7.63,127,4.6,76,5.9,97.25,181,331,512,35.35,6.1,128.37,0.8,16.4,22.6,72.57,9.1,2.5,106,8.5,4.53,80,90,79,251
997426,PBCHD15HPP,585728,25/08/2018,09:58,10:48,Pale Yellow,Slightly cloudy,1.028,5.3,Negative,Negative,Negative,Negative,Negative,1+,Negative,TNTC,0,2-2,Nil,Rare,NIL,9.9,6.2,50,99.8,15,19,12.1,41.9,6852,34,42,3,9,0,1.47,1.68,0.99,0.21,0.06,774,11.6,15,0.14,30.2,3.8,0.23,0.13,0.06,126,55,92.1,69.9,349.5,124,2.3,1.67,0.6,0.8,0.2,0.6,40,25,15,20,8.2,3.7,4.5,0.82,0.6,15.4,7.1918,11.99,129,3.1,101,3.9,88.46,155,356,511,30.33,6.1,128.37,0.1,29,390.1,7.43,8.9,4.8,242,6.5,3.96,72,72,83,104
344280,MZLGI07MHP,839087,26/08/2018,09:14,10:30,Pale Yellow,Slightly cloudy,1.01,4.6,Trace,Trace,Negative,Negative,Negative,Normal,Negative,5-6,43,3-2,Rare,Nil,NIL,21.6,5.3,45.3,94.9,40,47,9.1,42.2,5651,58,28,5,5,0,20.87,2.02,0.71,0.13,0.09,85,9.6,10,0.37,12.8,0.7,0.58,4.61,0.11,225,25,96.7,82,410,101,9,3.87,0.26,1.1,0.1,1,80,10,17,40,7.6,3.2,4.4,0.73,1.8,16.7,7.7989,4.33,135,4.3,99,4.6,116.44,106,253,359,29.53,8,182.9,0.1,16.2,146.3,11.07,9.5,5.4,177,3.5,1.7,77,75,91,105
818259,KLTRS11MLT,702112,25/08/2018,11:34,12:04,Light Yellow,Hazy,1.016,4.9,Trace,1+,Trace,Negative,Negative,Normal,Negative,14-15,9,3-2,Rare,Nil,Fungal elements,14.2,5.1,47.7,79.7,27,29,13.8,40.8,5692,57,50,4,6,0,3.56,2.92,0.88,0.11,0.08,302,11.4,11,0.23,13.3,3.4,0.42,0.29,1.45,102,50,78.1,36.5,182.5,209,2,1.56,0.64,0.6,0.2,0.4,60,38,17,27,7.7,3.5,4.2,0.83,0.6,6.8,3.1756,5.29,136,2.7,103,5,55.95,76,295,371,20.49,8.5,197.25,0.6,16.9,224.6,7.52,11.5,3.6,160,8.8,1.71,93,180,94,169
228252,KLTRS03NLZ,896051,24/08/2018,06:26,07:27,Yellow,Clear,1.018,4.5,Trace,3+,Negative,Negative,Negative,Normal,Negative,30-31,5,>20,Nil,Nil,NIL,12.8,5.9,22.8,87.2,21,56,11.9,39.6,8554,45,31,6,6,0,8.8,2.59,0.52,0.12,0.08,798,11.4,13,0.17,31.5,4.7,0.68,0.14,0.6,126,61,77.1,9.3,46.5,142,2.1,1.26,0.79,0.8,0.1,0.7,118,11,16,32,7.5,5,2.5,2,1.2,17.8,8.3126,6.93,111,4.4,101,3.7,109.36,101,116,217,46.54,7.2,159.94,0.7,25.3,295.1,8.57,9.7,4.4,179,8.6,2.56,117,72,98,112
873362,GYAHD08JHJ,372055,28/08/2018,07:43,08:53,Green,Clear,1.016,4.7,Trace,Trace,Negative,Negative,Negative,Normal,Negative,4-6,3,2-4,Nil,Nil,Artifacts,13,4.8,31.3,41.5,27,41,11.5,44.4,8682,42,37,6,6,0,1.09,1.06,0.9,0.13,0.04,157,7.2,16,0.37,34.9,5.4,0.01,0,1.47,225,37,142.2,29.8,149,208,6.1,3.84,0.26,0.6,0,0.6,83,32,24,20,8.1,3.8,4.3,0.88,1,11.7,5.4639,5.46,127,4.1,101,3.1,108.01,72,270,342,21.05,6,125.5,0.2,14.1,128.2,11,9.2,2.9,135,19.8,0.09,119,93,95,304
332573,GYAHD06ODK,458620,24/08/2018,06:21,07:26,Green,Cloudy,1.022,4.9,Negative,1+,Negative,Negative,Trace,Normal,Negative,53-56,2,17-13,Nil,Rare,NIL,9,8.1,25.6,61,11,35,14.2,40.3,4451,64,36,2,6,0,1.26,2.63,0.57,0.63,0.04,102,7.7,25,0.37,43.9,3.3,0.08,0.31,0.09,193,56,80.3,11.3,56.5,201,3.4,1.43,0.7,10.6,6.1,4.5,43,25,8,43,5.5,3.4,2.1,1.62,0.9,15.2,7.0984,7.89,135,2.6,90,5,99.9,125,150,275,45.45,12.9,323.53,0.4,26.3,26.3,100,8.1,4.9,213,3.5,2.3,80,66,75,197
950781,PBCHD08PBP,258843,27/08/2018,11:59,12:56,Yellow,Clear,1.012,6.9,Negative,Trace,Negative,Negative,Negative,Normal,Negative,14-15,2,2-3,Nil,Nil,Amorphous debris,12.2,8.1,41,97.5,15,29,12,45.6,7871,33,38,2,2,0,4.25,1.42,0.7,0.6,0.08,446,10.6,14,0.35,34.2,3.3,0.29,0.12,0.35,104,51,46.5,22.3,111.5,184,2,0.91,1.1,0.7,0.3,0.4,129,54,17,41,7.1,4.1,3,1.37,1.1,9.1,4.2497,3.86,154,2.7,97,2.4,100.55,98,355,453,21.63,6.5,139.85,0.1,26.9,103,26.12,9.4,3.4,90,12,3.61,105,131,78,121
501493,KLTRS05WBD,573493,24/08/2018,11:25,12:12,Light Yellow,Hazy,1.012,6.7,Negative,Trace,Negative,Negative,Negative,Normal,Negative,8-10,0,6-11,Nil,Nil,NIL,19.8,5.8,48.4,84.5,34,40,15,42.1,7663,36,26,6,6,0,1.08,2.77,0.21,0.02,0.07,328,9.2,13,0.35,23.4,3.5,0.83,0.04,0.56,170,47,102.4,86.6,433,160,3.6,2.18,0.46,0.5,0.2,0.3,110,34,23,38,7,4.8,2.2,2.18,0.8,19.8,9.2466,11.56,131,4.3,105,3.4,113.18,64,164,228,28.07,5.8,119.76,0,10.1,104.1,9.7,11.2,3.3,193,6.4,3.53,111,61,106,116
699159,MZLGI07MHP,965470,24/08/2018,07:15,08:28,Straw,Clear,1.03,4.8,Negative,1+,Negative,Negative,Negative,Normal,Negative,TNTC,2,3-3,Nil,Nil,NIL,13.5,4.6,32,99.9,29,42,16.9,46,7823,79,47,3,7,2.7,1.4,2.59,0.65,0.33,0.08,147,8.5,11,0.29,18.9,3.4,0.38,0.07,0.4,183,56,91.1,37.4,187,144,3.3,1.63,0.61,0.7,0.3,0.4,64,53,6,35,6.3,4.8,1.5,3.2,1.1,7.8,3.6426,3.31,136,2.8,103,6.3,101.96,164,274,438,37.44,7,154.2,48,14.3,229.2,6.24,9,4.7,176,9.7,3.74,116,117,88,125
715967,MZLGI01BRC,922195,24/08/2018,08:32,09:37,Deep Amber,Milky,1.014,4.8,Trace,Negative,Negative,Negative,Negative,Normal,Negative,8-9,2,2-4,Rare,Nil,Fat droplets or lipiduria,15.8,4,38.8,73.7,39,40,12.5,34.3,3875,53,25,1,6,0,1.22,2.83,0.38,0.64,0.01,197,10.8,12,0.52,40.2,6.6,0.29,0.17,0.1,185,38,49.5,14.3,71.5,103,4.9,1.3,0.77,0.9,0.2,0.7,58,50,29,24,8.2,4.5,3.7,1.22,0.9,19,8.873,9.86,124,4,101,2.2,91.87,123,209,332,37.05,5.6,114.02,0.9,13.9,162,8.58,9.2,2.8,148,17.2,2.12,121,100,84,103
638466,PBCHD05PBP,892615,25/08/2018,10:52,12:18,Orange,Hazy,1.02,6.5,Trace,1+,Trace,Negative,Negative,Normal,Negative,TNTC,1,1-2,Nil,Few,NIL,11.4,4.8,50.5,56.8,23,22,13.3,25.3,10809,48,17,9,8,0,5.2,7.95,0.24,0.29,0.1,254,10.4,11,0.2,29.5,1.1,0.29,5.62,0.02,263,28,91.3,36.4,182,182,9.4,3.26,0.31,0.7,0,0.7,92,24,25,39,8.1,3.6,4.5,0.8,0.6,5.7,2.6619,4.44,102,3,98,4.1,114.57,161,168,329,48.94,5.5,111.15,0.2,12.2,143,8.53,10.9,4.4,120,5.8,9.8,84,99,89,133
273907,GYAHD06ODK,657429,27/08/2018,07:09,07:41,Light Yellow,Clear,1.012,6.3,Trace,Negative,Negative,Negative,Negative,Normal,Negative,12-14,3,3-3,Nil,Nil,Yeast cells,18.9,7.5,62.8,99.1,25,30,14.2,45.3,6659,41,20,2,8,0,9.3,2.85,0.43,0.05,0.04,115,10.5,12,0.36,26.9,0.4,0.83,0.03,3.99,106,53,121.3,55.1,275.5,93,2,2.29,0.44,0.8,0.3,0.5,70,13,27,11,7.4,4.4,3,1.47,1,16.5,7.7055,7.71,142,4.3,99,5.2,108.94,80,114,194,41.24,8.5,197.25,1,21.6,216.3,9.99,10.4,4.3,41,8.4,2.16,134,77,79,61
540596,PBCHD10CGD,650108,26/08/2018,09:40,10:13,Orange,Cloudy,1.013,7,Trace,3+,Negative,2+,Negative,Normal,Negative,2-4,0,5-12,Nil,Nil,NIL,12.8,5.7,62.9,85.6,22,20,10.4,44.1,5694,29,34,3,2,0,5.25,1.8,0.64,0.63,0.09,425,11.8,10,0.33,15.4,0.1,0.26,0.22,0.11,171,39,135.1,32.6,163,67,4.4,3.46,0.29,1.9,0.9,1,67,41,38,31,6.3,4.1,2.2,1.86,0.8,16.9,7.8923,9.87,143,5.5,96,11.5,81.34,78,122,200,39,9,211.6,0.7,22.6,66.4,34.04,8.3,4.4,148,8.7,3.64,116,70,82,141
345790,KLTRS13MLT,234110,25/08/2018,06:01,06:54,Dark Yellow,Slightly cloudy,1.014,6.9,Trace,Trace,Negative,Negative,Negative,Normal,Negative,12-13,1,2-3,Rare,Nil,Artifacts,10.1,3.3,37.7,118.8,30,26,11.6,39.5,4283,47,34,3,8,0,8.76,3.91,0.72,0.35,0.04,140,12,12,0.28,29.2,4.8,0.04,0.27,0.22,188,58,200.2,82.1,410.5,115,3.2,3.45,0.29,0.6,0.2,0.4,81,26,13,21,7.7,5,2.7,1.85,0.9,10.1,4.7167,5.24,139,4.3,80,4.5,103.61,103,360,463,22.25,5.8,119.76,0,17.6,342.5,5.14,9.7,3.3,172,9.7,0.73,100,154,75,139
449067,GYAHD13JHJ,779204,26/08/2018,11:43,13:06,Dark Yellow,Hazy,1.012,4.8,Trace,Trace,Negative,Negative,Negative,Normal,Negative,7-9,1,2-2,Few,Nil,NIL,10.6,4.3,41.5,53.5,24,25,14.4,39.2,6612,54,15,5,2,8.5,0.88,3.78,0.59,0.48,0.07,354,7.2,13,0.15,20.6,5.5,0.12,4.47,0.08,175,21,136.6,85.4,427,107,8.3,6.5,0.15,0.7,0.3,0.4,99,53,25,26,8.3,3.9,4.4,0.89,0.8,212.6,99.2842,124.11,145,4.2,99,5.3,96.88,135,302,437,30.89,6,125.5,1,17.4,104.1,16.71,10.2,3.2,252,14.5,2.67,84,95,66,94
612207,GYAHD09KAU,549252,27/08/2018,06:49,07:49,Pale Yellow,Clear,1.017,5.5,Negative,Negative,Negative,Negative,Negative,Normal,Negative,7-9,3,1-2,Nil,Nil,NIL,21.6,5.4,42.4,73.2,40,50,13,40.1,26455,37,29,5,5,0,6.76,1.67,0.51,0.25,0.03,56,8.4,14,0.2,25.1,2.3,0.37,0.3,0.02,170,46,94,22.6,113,67,3.7,2.04,0.49,0.5,0.2,0.3,97,8,30,32,7.6,5,2.6,1.92,0.7,12,5.604,8.01,127,2.6,113,5.6,116.63,140,279,419,33.41,8.7,202.99,0.6,20.1,132.1,15.22,11.6,5.6,130,3,6.5,72,72,71,229
720783,KLTRS14WBD,266786,28/08/2018,10:53,11:44,Light Yellow,Slightly cloudy,1.013,6.7,Trace,Negative,1+,Negative,Negative,Normal,Negative,13-14,2,3-4,Nil,Nil,Amorphous debris,17.5,6.5,32.4,74.9,26,54,13.3,45.9,9311,44,24,5,8,0,0.46,2.69,0.23,0.12,0.16,197,9.7,15,0.19,33.7,4.1,0.02,0.2,0.38,152,36,141.4,16.8,84,88,4.2,3.93,0.25,0.9,0.3,0.6,129,50,29,48,7.7,4.3,3.4,1.26,0.6,13.6,6.3512,10.59,122,3.6,96,1.2,102.16,76,237,313,24.28,5.9,122.63,9.1,28.6,96.1,29.76,9,5.8,264,21.4,0.3,72,71,73,150
946635,PBCHD13HPP,847873,26/08/2018,07:09,08:00,Straw,Slightly cloudy,1.011,4.7,Negative,Negative,Negative,Negative,Negative,Normal,Negative,11-13,0,14-16,Nil,Rare,NIL,11,4.2,51.8,99.7,26,21,11.6,39.8,7631,57,29,2,8,0,8.07,2.96,0.44,0.6,0.04,320,7.4,6,0.16,26.1,4.8,0.5,0.16,0.01,144,49,85.3,36.1,180.5,75,2.9,1.74,0.57,14,9.5,4.5,60,3,10,37,7,4.7,2.3,2.04,1.2,18.9,8.8263,7.36,140,3.5,96,6.5,118.67,79,320,399,19.8,7.6,171.42,0.2,14,74.6,18.77,9.1,2.9,115,7.6,2.87,135,67,93,199
893073,MZLGI07GJS,897657,28/08/2018,09:12,10:41,Green,Slightly cloudy,1.017,5.4,Negative,Trace,Negative,Negative,Negative,Normal,Negative,9-10,1,1-3,Nil,Rare,Amorphous debris,15.2,4.7,53.4,76.7,32,28,13.9,42.9,5204,74,36,1,20,0,2.03,2.16,1.36,0.43,0.06,183,9.6,15,0.09,24.9,2.8,0.39,0.35,4.27,209,23,86.8,27.9,139.5,179,9.1,3.77,0.26,0.4,0.1,0.3,97,54,20,48,6.9,4.4,2.5,1.76,1.2,17.2,8.0324,6.69,138,4,97,3.3,87.5,149,225,374,39.84,6.4,136.98,0.1,156.1,146.3,106.7,8.6,2.3,96,9.9,0.24,89,128,122,95
344501,GYAHD08ODK,727069,24/08/2018,10:49,12:13,Pale Yellow,Slightly cloudy,1.019,7.6,Trace,Trace,Negative,Negative,Negative,Normal,Negative,4-6,1,1-4,Rare,Rare,NIL,20.6,5.5,48,94,37,42,12,40.4,2200,71,42,3,6,0,7.06,1.9,0.59,0.46,0.09,141,8.6,16,0.44,29.2,0.9,0.12,2.43,6.29,734,57,74.5,12.1,60.5,63,12.9,1.31,0.77,1,0.3,0.7,104,28,32,29,8.1,4.2,3.9,1.08,0.8,9.8,4.5766,5.72,144,2.7,101,2.8,109.75,78,238,316,24.68,5.9,122.63,0.7,16.4,83,19.76,8.6,2.8,42,12.8,1.44,87,77,99,120
906256,MZLGI02GJS,591698,27/08/2018,08:12,08:50,Pale Yellow,Clear,1.02,5.4,Negative,Negative,Negative,Negative,1+,Normal,Negative,7-8,1,1-3,Nil,Nil,Artifacts,16.7,3.4,45.3,62.1,49,36,9.8,44.7,18849,40,37,5,4,0,5.57,2.19,0.23,0.49,0,295,7.1,15,0.26,22.8,3.2,0.03,0.07,0.32,196,47,168.3,32.6,163,119,4.2,3.58,0.28,1.9,0.9,1,344,69,11,40,8.1,4.8,3.3,1.45,0.6,10.4,4.8568,8.09,140,6,100,5.8,67.26,148,209,357,41.46,6,125.5,0.1,14.3,134.6,10.62,7.5,2.5,111,12,3.35,112,132,69,198
370880,GYAHD05JHJ,858635,28/08/2018,09:04,09:57,Pale Yellow,Slightly cloudy,1.015,6.4,Negative,4+,Negative,Negative,Negative,Normal,Negative,10-12,0,2-3,Nil,Rare,Fat droplets or lipiduria,13.8,5.8,36.1,78.2,23,38,14.4,41.7,9063,53,48,1,9,1,3.75,2.49,0.58,0.08,0.09,435,7.9,13,0.34,31.7,5.7,0.22,0.95,0.19,165,52,114.4,32.6,163,157,3.2,2.2,0.45,0.7,0.3,0.4,127,13,36,33,8.5,3.9,4.6,0.85,1.5,7.1,3.3157,2.21,140,5.3,104,5.3,93,142,293,435,32.64,6.1,128.37,0.2,17.4,577.8,3.01,9,3.8,91,17.8,2.19,103,93,195,130
213193,MZLGI15MHP,252800,26/08/2018,09:47,10:44,Straw,Slightly cloudy,1.018,5.6,Negative,Trace,Negative,Negative,Negative,Normal,Negative,1-3,2,3-3,Rare,Nil,Amorphous debris,14.9,4.5,55.4,49.5,33,26,13.9,25.1,8271,59,22,1,11,0,8.15,1.31,0.53,0.09,0.01,364,7.4,18,0.24,49.9,6.9,0.23,0.01,0.19,178,56,73.3,100.3,501.5,152,3.2,1.31,0.76,0.3,0.1,0.2,123,63,33,22,6.7,4.4,2.3,1.91,0.7,14.8,6.9116,9.87,144,4.6,98,2.9,96.2,102,330,432,23.61,6.1,128.37,0.3,17.2,133,12.93,10.3,4.2,229,9,1.9,80,140,77,164
176249,MZLGI12RJK,278154,24/08/2018,06:50,07:22,Light Yellow,Hazy,1.026,8,Negative,Trace,Negative,Negative,Negative,Normal,Negative,5-7,1,3-2,Nil,Nil,Yeast cells,21.2,5.9,38.1,75.8,35,55,14.2,42.4,7377,42,49,5,4,0,6.76,2.44,0.63,0.53,0.05,340,10,16,0.35,36.9,7.5,0.79,0.38,0.34,155,37,158.4,12.9,64.5,60,4.2,4.28,0.23,0.4,0,0.4,100,45,36,36,7.3,3.6,3.7,0.97,0.8,7.4,3.4558,4.32,124,4.9,99,5.8,105.65,172,350,522,32.95,5.8,119.76,0.4,228.5,65,351.54,9.8,4.9,293,17.9,6.18,282,79,72,83
568871,GYAHD04KAU,207186,27/08/2018,09:43,10:15,Orange,Slightly cloudy,1.02,6.9,Trace,Negative,Negative,Negative,Negative,Normal,Negative,3-4,0,1-2,Nil,Rare,Yeast cells,12.9,5.4,30.2,81.6,23,42,12.1,42.3,6321,79,11,4,5,0,4.17,1.78,0.74,0.13,0.02,446,8.9,15,0.35,26.6,1.4,0.39,0.4,0.41,220,39,123.4,36.1,180.5,150,5.6,3.16,0.32,0.7,0.1,0.6,95,52,40,45,7.4,5.3,2.1,2.52,1.2,14.9,6.9583,5.8,125,4,103,6.3,102.67,157,346,503,31.21,5,96.8,0.9,15.9,33.8,47.04,10.5,5.3,114,6.5,2.93,103,72,117,88
432377,KLTRS09ODB,654311,24/08/2018,06:57,07:36,Straw,Clear,1.019,4.8,Negative,1+,Negative,Negative,Negative,Normal,Negative,TNTC,0,2-2,Few,Nil,Amorphous debris,15.8,6.9,49.2,96.9,22,32,11.7,26.1,8895,44,16,2,8,0,3.54,3.62,0.41,0.47,0.02,113,7.1,15,0.3,31.1,1.5,4.29,5.31,0.1,119,77,165.8,10.5,52.5,132,1.5,2.15,0.46,0.5,0.2,0.3,111,42,18,15,6.9,4.1,2.8,1.46,1.1,9.3,4.3431,3.95,139,3.1,110,4.9,93.08,96,194,290,33.1,7.6,171.42,0.9,10.6,122.8,8.63,9.7,3.4,158,16,1.66,70,80,172,132
476931,KLTRS13NLZ,266974,25/08/2018,08:49,09:54,Yellow,Opaque,1.017,5.3,Trace,Negative,Negative,Negative,Negative,Normal,Negative,8-9,0,2-3,Nil,Nil,Parasites,15.1,6.9,20.7,93.3,21,72,11.9,40.5,4992,55,49,2,6,0,7.86,6.66,0.34,0.47,0.06,242,17.5,18,0.17,34.8,0.1,2.38,0.62,0.17,197,50,92.3,36.8,184,73,3.9,1.85,0.54,0.5,0,0.5,129,20,39,17,7.2,4.2,3,1.4,1.2,14.9,6.9583,5.8,139,2.1,104,4.7,110.63,78,303,381,20.47,7.9,180.03,0.5,279.9,179.3,156.11,11.8,2.7,162,11.9,2.64,107,191,84,163
896846,PBCHD09KLC,765629,26/08/2018,10:01,11:15,Straw,Clear,1.023,4.8,Trace,Trace,Negative,Negative,Negative,Normal,Negative,3-4,1,>20,Rare,Nil,NIL,19.7,5.7,37,63,34,53,14.1,44.4,6471,60,35,6,6,1.6,6.66,1.68,0.67,0.37,0.13,442,8.3,13,0.28,18.5,2.2,0.01,0.07,0.32,227,62,75.7,16.4,82,159,3.7,1.22,0.82,1,0.3,0.7,97,51,16,25,6.8,4.4,2.4,1.83,1.2,45.6,21.2952,17.75,145,4.6,101,2.8,111.79,149,124,273,54.58,6,125.5,32.2,431.1,72.3,596.27,11.1,3.7,74,16.8,2.77,85,216,77,449
613684,MZLGI13BRC,345791,25/08/2018,06:17,07:22,Straw,Slightly cloudy,1.028,6.9,Trace,Negative,Negative,Negative,Negative,Normal,Negative,33-38,0,1-4,Nil,Rare,Mucus threads,14.4,4.6,31.8,86.1,31,45,12.1,41.9,8625,40,18,14,4,1.5,4.5,2.76,0.67,0.29,0.09,252,9.7,9,0.27,13.5,1.3,0.12,1.26,0.57,187,48,43,33.7,168.5,209,3.9,0.9,1.12,0.5,0,0.5,88,17,37,16,7.5,3.9,3.6,1.08,0.9,12.9,6.0243,6.69,127,3.7,105,6.7,99.79,115,339,454,25.33,7.5,168.55,0.3,25,32.5,76.92,11.2,3.8,223,11.9,5.79,78,91,269,105
936369,KLTRS13TSS,670647,27/08/2018,08:27,08:57,Light Yellow,Clear,1.02,6,Trace,Negative,Negative,Negative,Negative,Normal,Negative,3-5,2,11-19,Rare,Few,Fungal elements,10.5,5.6,44.6,90.2,18,23,11.9,49.6,17097,31,27,3,4,0.6,6.21,1.06,0.33,0.21,0,372,11.6,17,0.73,31.5,3.1,5.25,0.29,0.72,171,40,111,83.3,416.5,77,4.3,2.78,0.36,0.5,0.2,0.3,48,34,18,14,6,3.7,2.3,1.61,0.7,12.6,5.8842,8.41,136,4.4,107,4.1,98.09,68,176,244,27.87,6,125.5,0,17.1,132.3,12.93,11.8,3.9,169,4.6,12.91,125,123,271,268
333433,KLTRS15ODB,896183,24/08/2018,11:07,12:36,Deep Amber,Slightly cloudy,1.017,5,Negative,Trace,Negative,Negative,Negative,Normal,Negative,TNTC,0,2-2,Nil,Nil,NIL,8.2,4.4,20.1,75.9,18,40,9.3,44.3,9476,38,43,6,12,0,6.95,2.02,0.06,0.49,0.12,122,8.7,13,0.22,28.4,3.6,0.13,0.04,0.28,152,43,88.4,38.7,193.5,203,3.5,2.06,0.49,0.9,0.2,0.7,99,9,10,47,6.1,4.5,1.6,2.81,0.7,11.9,5.5573,7.94,134,2,98,5.8,97.18,61,240,301,20.27,6.1,128.37,0.9,26.5,34.7,76.37,7.9,4.1,153,15.2,2.91,102,94,114,168
768597,KLTRS02WBD,877974,26/08/2018,10:58,11:45,Pale Yellow,Slightly cloudy,1.017,5.7,Negative,Negative,Negative,Negative,Negative,Normal,Negative,8-10,1,2-4,Rare,Nil,Mucus threads,8.4,6.6,40.5,89.2,12,20,11.5,41.4,3320,70,27,6,8,0,4.62,6.52,0.5,0.09,0.04,262,8.9,15,0.41,18.4,0.2,0.17,0.15,0.6,498,45,136.2,25.4,127,179,11.1,3.03,0.33,0.9,0.3,0.6,61,26,39,37,6.2,4.7,1.5,3.13,0.6,7.7,3.5959,5.99,126,4.3,86,4.1,95.41,118,314,432,27.31,5.7,116.89,0.9,21.3,159.7,13.34,10,2.2,133,7.7,0.26,279,110,112,256
732623,GYAHD12KLM,791364,27/08/2018,11:55,12:34,Light Yellow,Clear,1.014,6.2,Trace,1+,Negative,Negative,Negative,Normal,Negative,9-11,1,1-2,Nil,Nil,NIL,15.8,5.4,58.3,74.2,29,27,12.3,43.2,9030,51,41,5,6,0,2.86,0.44,0.41,0.35,0.16,124,8.7,17,0.31,12.8,0.7,0.49,0.35,0.12,195,44,78.9,28.6,143,62,4.4,1.79,0.56,0.3,0,0.3,119,56,35,10,8.2,4.6,3.6,1.28,0.9,7.2,3.3624,3.74,149,2.7,87,2.8,93.04,146,348,494,29.55,5.1,99.67,0.8,13.8,33.3,41.44,9.3,2.2,51,7.7,1.32,87,61,227,132
497866,PBCHD10PBM,604336,28/08/2018,07:18,07:56,Deep Amber,Clear,1.016,6.7,Trace,Negative,Negative,Negative,1+,Normal,Negative,TNTC,0,2-3,Nil,Nil,Fat droplets or lipiduria,17,3,47.9,80.1,56,35,12.7,43.4,4553,51,43,5,1,0,1.04,2.63,0.49,0.2,0.07,139,15.5,14,0.41,26,0.1,0.12,0.2,0.2,239,43,71.3,38.9,194.5,137,5.6,1.66,0.6,0.6,0.1,0.5,53,15,11,14,7.6,3.8,3.8,1,1.2,42.7,19.9409,16.62,141,4.1,83,2,96.33,107,330,437,24.49,6.3,134.11,0.9,17.2,87.6,19.63,10,2.4,62,7.5,2.75,83,79,95,100
294558,GYAHD12JHJ,519253,28/08/2018,06:25,07:52,Deep Amber,Slightly cloudy,1.019,5.7,Negative,Trace,Negative,Negative,Negative,Normal,Negative,13-15,1,1-3,Nil,Nil,Fat droplets or lipiduria,6.9,5.5,60.2,129.5,12,11,14.3,40.8,4262,60,39,4,17,0,9.6,1.29,0.74,0.47,0.19,168,5.5,14,0.34,24,3.6,0.29,0.2,0.29,155,34,88.1,17.9,89.5,206,4.6,2.59,0.39,0.2,0,0.2,141,51,8,35,7.5,3.3,4.2,0.79,0.5,13.9,6.4913,12.98,136,5.9,114,1.3,118.81,163,166,329,49.54,5,96.8,1,12.3,63.3,19.43,9.7,2.9,125,13.8,1.84,121,74,243,106
487573,KLTRS11NLZ,742179,27/08/2018,07:25,08:50,Light Yellow,Slightly cloudy,1.014,6.8,Negative,Negative,Negative,1+,Negative,Normal,Negative,27-30,0,2-3,Rare,Nil,NIL,18.2,4.1,30.5,74.8,44,59,11.5,39.3,7249,49,52,6,6,0,4.24,1.99,0.03,0.67,0.07,440,7.2,12,0.12,17.8,0.1,0.37,0.88,3.66,160,56,70.6,5.2,26,179,2.9,1.26,0.79,0.4,0.1,0.3,96,50,20,10,6.6,4.2,2.4,1.75,2,10.3,4.8101,2.41,142,3.7,106,3.5,97.79,148,143,291,50.86,8.5,197.25,0.3,16.3,107.6,15.15,12.1,5.4,220,18,2.42,99,97,84,101
858206,GYAHD02ODK,549204,24/08/2018,09:03,10:17,Straw,Slightly cloudy,1.011,6.3,Negative,Trace,Negative,Negative,Negative,Normal,Negative,6-8,1,3-4,Nil,Nil,Parasites,11.2,6.4,47.2,47,17,23,13.9,43.4,6495,59,39,5,1,0,19.34,2.65,0.5,0.63,0.06,346,15,16,0.24,42.8,4.2,0.07,0.38,0.18,218,40,130.5,39,195,129,5.5,3.26,0.31,0.5,0.2,0.3,127,27,27,26,6.5,4.2,2.3,1.83,1,13.6,6.3512,6.35,145,5.7,101,6.2,113.4,110,348,458,24.02,6.2,131.24,0.3,21.5,58.7,36.63,8.2,4.7,90,6,3.97,189,128,89,96
405602,PBCHD15NLM,651415,27/08/2018,06:49,07:39,Straw,Slightly cloudy,1.018,6.7,Trace,Negative,Negative,Negative,Trace,Normal,Negative,8-10,1,3-4,Few,Nil,Artifacts,18,5.9,40.4,99,30,44,13.5,44.5,54360,64,21,5,2,0,6,1.89,0.38,0.15,0.07,352,8.4,17,0.58,20.3,3.4,0.28,0.33,0.32,150,49,66.7,103.8,519,78,3.1,1.36,0.73,0.9,0,0.9,64,11,27,26,6.2,4.3,1.9,2.26,0.6,14.5,6.7715,11.29,148,4.4,103,2.5,113.2,70,285,355,19.72,5.9,122.63,0.6,18.1,89,20.34,8.5,3.2,114,10.1,1.42,152,104,174,186
744298,KLTRS04WBD,377716,26/08/2018,06:51,08:10,Light Yellow,Clear,1.017,6.7,Negative,Trace,Negative,Negative,Negative,Normal,Negative,7-9,1,3-3,Rare,Nil,NIL,15.7,5.1,35.5,45.8,30,44,12.7,40,9511,54,25,5,6,0,1.45,1.79,1.15,0.02,0.09,427,17.3,11,0.31,30.1,4.5,0.49,0.07,0.39,161,39,103.3,10.5,52.5,81,4.1,2.65,0.38,0.7,0.2,0.5,118,27,40,10,6.2,4.7,1.5,3.13,0.6,15.6,7.2852,12.14,144,4.7,101,9.9,49.95,155,192,347,44.67,8.8,205.86,0.4,11.4,109.3,10.43,9.2,4.1,77,14.9,1.11,120,83,80,144
758925,MZLGI01BRC,656128,27/08/2018,06:05,06:39,Yellow,Slightly cloudy,1.028,5.9,Negative,Trace,Negative,Negative,Trace,Normal,Negative,5-6,0,2-2,Nil,Rare,Fungal elements,11.1,5.4,45.1,84,20,24,14.6,46,5248,51,25,5,2,4.9,21.75,1.67,0.69,0.13,0.08,232,16.1,14,0.33,21.6,5.6,4.57,0.95,0.26,205,68,40.9,36.5,182.5,71,3,0.6,1.66,0.5,0,0.5,183,33,25,33,7.2,4.8,2.4,2,2,10.3,4.8101,2.41,141,3.8,106,5.6,98.66,90,96,186,48.39,8,182.9,0.1,16.4,76.2,21.52,13.4,4.3,121,4.4,0.26,91,86,78,85
674511,MZLGI02MHP,780391,24/08/2018,08:06,09:08,Straw,Clear,1.013,4.2,Trace,Negative,Negative,Negative,Negative,Normal,Negative,11-12,0,2-4,Nil,Nil,NIL,13.2,3.6,55.1,70,36,23,12.5,49.2,51672,46,52,3,7,0,1.02,2.43,0.41,0.83,0.04,449,13.2,16,0.25,14.5,0.1,1.93,0.2,0.39,173,25,78.3,29.7,148.5,84,6.9,3.13,0.32,0.7,0.3,0.4,107,17,25,48,8.1,4.5,3.6,1.25,0.8,27.6,12.8892,16.11,139,4.6,105,4.1,98.96,82,323,405,20.25,6,125.5,0.7,20,37.4,53.48,10.3,2.1,172,18,1.25,108,116,97,233
810518,PBCHD03HPP,492087,27/08/2018,11:56,13:23,Light Yellow,Clear,1.012,8.4,Negative,1+,Negative,Negative,Negative,Normal,Negative,10-12,0,1-3,Nil,Rare,NIL,11.1,5.9,25.3,91.9,18,43,9.6,33.1,4050,42,27,4,12,0,5.93,1.27,0.31,0.08,0.1,105,9.6,17,0.12,27.7,0.9,0.14,0.21,0.39,177,49,41.5,36.6,183,81,3.6,0.85,1.18,0.9,0.2,0.7,40,10,18,44,6.5,4.2,2.3,1.83,0.8,16.7,7.7989,9.75,136,4.4,114,4.9,106.39,153,130,283,54.06,6.2,131.24,0.9,27.4,121.7,22.51,9.3,3.2,104,3.8,1.5,182,78,85,112
483260,KLTRS07ODB,868745,26/08/2018,09:45,11:09,Straw,Hazy,1.019,6.7,Negative,Negative,Negative,Negative,Negative,Normal,Negative,14-15,2,2-2,Nil,Nil,NIL,10.2,5,34.9,87.4,20,29,13.1,45.9,5349,55,37,1,2,0,6.53,2.37,0.59,0.18,0.01,439,11.6,21,0.27,12.5,5.3,0.74,6.31,0.46,184,39,83.4,91.8,459,134,4.7,2.14,0.47,0.6,0.2,0.4,71,47,13,36,8,4.4,3.6,1.22,0.6,12.5,5.8375,9.73,135,2.8,106,5.6,92.65,120,209,329,36.47,6.4,136.98,0.3,24.4,189.8,12.86,9.5,2,275,15.8,11.49,131,77,62,119
625213,PBCHD08HPP,590341,26/08/2018,06:56,08:23,Pale Yellow,Clear,1.038,6.1,Negative,Negative,Negative,Negative,Negative,Normal,Negative,5-7,0,1-2,Nil,Nil,NIL,9.4,4.2,45,70.6,22,20,9.3,42.1,6592,70,35,14,7,0,3.68,1.83,0.03,0.3,0.18,111,6,20,0.23,20.1,3.9,0.35,2.78,0.4,155,22,154.1,57.2,286,152,7,7,0.14,0.5,0.2,0.3,120,15,34,24,7.4,3.6,3.8,0.95,0.6,22,10.274,17.12,124,3.9,102,5,93.23,96,307,403,23.82,8.2,188.64,0.3,15.8,21.4,73.83,10.1,3.1,69,18.7,3.24,79,74,81,118
645523,GYAHD05JHJ,972448,24/08/2018,06:20,07:42,Light Yellow,Clear,1.019,7,Trace,Negative,Negative,Trace,Trace,Normal,Negative,7-9,1,3-2,Nil,Nil,Parasites,13.6,7,14.6,96.3,19,93,13.3,45,8606,45,38,1,3,12,4.86,2.49,0.24,0.35,0.09,376,9.9,14,0.27,49.2,0.5,0.81,0.04,0.11,161,53,83.7,10.5,52.5,120,3,1.58,0.63,0.3,0,0.3,117,26,10,44,7.2,3.9,3.3,1.18,1.2,14.8,6.9116,5.76,149,4.1,104,4.5,108.84,142,300,442,32.13,9,211.6,0.9,17.4,279,6.24,9.6,4,116,11.4,0.06,75,115,75,139
881575,MZLGI15MHP,251650,26/08/2018,09:03,09:57,Deep Amber,Slightly cloudy,1.015,7.5,1+,Trace,Negative,Negative,Negative,Normal,Negative,12-14,2,3-4,Nil,Rare,Parasites,14.3,5.3,61.1,76.2,26,23,12.1,44.7,9167,40,11,2,7,0,7.21,2.67,0.56,0.08,0.16,399,8.6,15,0.7,22.1,3.1,0.07,0.09,0.22,175,40,87.7,32.8,164,153,4.4,2.19,0.46,8.9,4.4,4.5,87,45,40,82,7.7,4.9,2.8,1.75,1,19.3,9.0131,9.01,135,3.5,105,5.1,52.98,141,356,497,28.37,8.2,188.64,0.1,126.2,179.5,70.31,9.8,2.6,332,5,2.86,111,72,75,82
247098,GYAHD05KLM,592851,28/08/2018,09:51,10:37,Yellow,Clear,1.026,6.7,1+,Negative,Negative,Negative,2+,Normal,Negative,6-7,54,6-11,Nil,Nil,NIL,10.2,5,59.8,89.1,20,17,11.8,44.5,4313,62,16,4,11,0,2.11,2.56,0.7,0.03,0.03,199,9.8,18,0.27,35.6,3.4,0.12,0.06,2.15,153,73,119,36.5,182.5,155,2.1,1.63,0.61,1.7,0.8,0.9,129,55,25,45,7.3,4.6,2.7,1.7,1,18.4,8.5928,8.59,147,4.6,102,3.4,51.34,87,317,404,21.53,8,182.9,0,17,69.9,24.32,9.7,4.1,294,7.9,0.58,133,77,118,95
583858,PBCHD08NLM,425602,25/08/2018,08:48,09:57,Light Yellow,Slightly cloudy,1.017,6.6,Trace,Trace,1+,Negative,Negative,Normal,Negative,6-7,2,1-2,Few,Nil,NIL,11.6,4.8,52.9,63.8,24,21,10.3,42.7,6796,48,20,8,17,0,5.44,1.09,0.32,0.32,0.07,320,11.3,16,0.21,13.9,6.1,6.29,0.08,0.17,155,47,80.2,9.1,45.5,70,3.3,1.71,0.59,0.4,0,0.4,89,31,35,43,7,4,3,1.33,1.1,18.7,8.7329,7.94,136,4.1,97,4,105.22,131,318,449,29.18,5.1,99.67,0.2,16.7,192.9,8.66,9.2,3.4,199,7.9,2.84,145,61,84,81
974751,GYAHD12ODK,478148,25/08/2018,07:04,08:33,Yellow,Slightly cloudy,1.011,5,Trace,2+,Negative,Negative,Negative,Normal,Negative,3-5,1,2-3,Nil,Nil,Artifacts,12.5,5.1,57,120.4,24,21,11.6,41.1,9308,43,30,6,2,1.1,6.46,2.25,0.43,0.28,0,1099,17.1,16,0.5,14.5,4,0.16,0.74,0.28,238,64,90.7,36.2,181,120,3.7,1.42,0.71,0.5,0.1,0.4,130,39,34,43,6.4,3.7,2.7,1.37,0.9,23.1,10.7877,11.99,140,4.4,115,5.4,119.38,100,268,368,27.17,5.9,122.63,0.3,16.1,134.4,11.98,10.7,2.7,88,15,1.2,99,192,81,161
463104,KLTRS13MLT,904008,26/08/2018,10:42,11:32,Pale Yellow,Slightly cloudy,1.017,6.4,Negative,Trace,Negative,Trace,Negative,Normal,Negative,10-12,0,1-2,Rare,Nil,NIL,16.9,5.4,44.5,80.7,31,37,14,31.6,4932,67,33,5,3,0,6.14,2.88,0.4,0.24,0.01,133,11.9,11,0.28,12.6,1.4,0.35,0.49,2.77,239,26,40.1,34.2,171,105,9.2,1.54,0.65,0.7,0.3,0.4,109,8,23,40,8.1,4.1,4,1.03,1.2,10.6,4.9502,4.13,139,6.3,96,5.2,77.55,153,125,278,55.04,6.2,131.24,0.2,26,96.8,26.86,10.1,5.6,145,16.6,3.51,200,68,86,68
649076,KLTRS09ODB,929194,25/08/2018,06:47,07:23,Light Yellow,Slightly cloudy,1.013,6.9,Trace,Negative,Negative,Negative,Negative,Normal,Negative,TNTC,2,3-2,Nil,Nil,NIL,15.9,5,63.4,119.5,31,25,14.1,40.7,9835,49,15,4,6,0,8.36,1.52,0.43,0.18,0.04,318,9.7,14,0.13,33.6,2.3,0.33,0.29,6.2,173,50,92.2,35,175,206,3.5,1.84,0.54,0.4,0,0.4,52,21,22,45,8.2,4.6,3.6,1.28,0.6,13,6.071,10.12,141,4.6,103,8.2,106.51,77,170,247,31.17,6,125.5,0.4,28.9,115.5,25.02,9.9,3.3,281,8.3,2.33,78,84,92,214
618769,PBCHD12CGD,444591,25/08/2018,06:28,07:10,Yellow,Clear,1.012,5.4,1+,Trace,Negative,Negative,Negative,Normal,Negative,5-6,1,5-11,Nil,Nil,Amorphous debris,13.3,4.3,33.5,82.1,30,39,16.5,43.3,6536,44,44,4,6,0,1.09,1.16,0.79,0.48,0.16,446,9.3,16,0.06,16.6,3.3,0.16,0.65,0.19,194,52,49.4,34.8,174,97,3.7,0.95,1.05,0.6,0.1,0.5,75,14,16,13,8.2,5.1,3.1,1.65,0.8,13.2,6.1644,7.71,147,4.8,106,9.3,78.95,109,114,223,48.88,6,125.5,0.9,25.1,36,69.72,9.9,2,140,9.3,0.14,101,88,115,74
868902,PBCHD12MHS,468124,28/08/2018,10:58,12:19,Yellow,Hazy,1.01,5.6,Negative,Trace,Negative,Negative,Negative,Normal,Negative,TNTC,1,2-2,Nil,Moderate,Yeast cells,9.1,6.5,47.7,95.1,14,19,12.6,44.2,5191,68,32,22,4,0,8.91,2.74,0.39,0.11,0,434,14,11,0.26,39.1,0.1,0.24,5.19,1.71,153,75,105.8,36.8,184,69,2,1.41,0.71,0.6,0.1,0.5,125,14,38,44,8,4.8,3.2,1.5,1.1,9.5,4.4365,4.03,149,4.9,102,5.5,91.24,83,347,430,19.3,5.8,119.76,0.9,10.9,123.6,8.82,9.5,4.2,173,5,0.45,123,91,99,88
816253,GYAHD13KAU,574453,27/08/2018,10:42,11:13,Dark Yellow,Clear,1.016,4.8,Trace,Trace,Negative,Negative,Negative,Normal,Negative,TNTC,2,13-10,Nil,Few,Amorphous debris,17.8,5.1,36.2,75.4,34,49,13.1,41,10571,37,45,1,20,0,0.94,2.05,0.73,0.08,0.03,428,10.8,17,0.16,33.3,2,0.22,0.28,0.37,205,26,98.4,38.9,194.5,63,7.9,3.78,0.26,3.7,1.8,1.9,127,53,10,46,7.6,4.4,3.2,1.38,0.9,17,7.939,8.82,140,5.5,105,4.7,112.41,134,241,375,35.73,6.4,136.98,0.3,21.1,128.7,16.39,9.7,4.9,243,2.6,2.02,100,85,94,89
577390,PBCHD08HPP,157222,28/08/2018,07:50,08:37,Light Yellow,Clear,1.014,4.9,Negative,Negative,Negative,Negative,Negative,Normal,Negative,8-10,1,1-2,Rare,Nil,Amorphous debris,18,4.1,35.8,83.3,43,50,9.1,49.4,7595,40,51,3,8,0,1.97,1.51,0.48,0.49,0.08,143,14.6,14,0.1,23.2,3.7,3.83,0.16,0.34,163,41,90.1,91.6,458,90,4,2.2,0.46,0.6,0,0.6,91,55,14,34,7.6,3.5,4.1,0.85,1.1,19.7,9.1999,8.36,141,4.2,99,2.3,93.59,120,112,232,51.72,6.3,134.11,0.6,12.9,101.6,12.7,10.6,2.7,235,19.5,0.27,75,88,224,113
881651,KLTRS13KLP,941842,25/08/2018,11:15,12:29,Yellow,Clear,1.03,6.8,Trace,Negative,Negative,1+,Trace,Normal,Negative,12-14,5,9-11,Nil,Nil,Parasites,17.5,5.8,34.3,81.7,30,51,11.8,40.6,4430,75,29,3,0,0,9.42,2.83,0.68,0.47,0.06,134,12.5,20,0.38,14.5,1.6,0.02,0.13,0.2,240,33,68.8,13.6,68,63,7.3,2.08,0.48,0.7,0.1,0.6,67,8,17,47,8,4,4,1,1.2,8.7,4.0629,3.39,141,3.4,97,3.3,100.32,97,258,355,27.32,6,125.5,0.3,20.7,65.5,31.6,10,2.7,188,12.8,3.93,85,81,78,125
956336,GYAHD14KAU,750124,25/08/2018,10:59,12:25,Orange,Slightly cloudy,1.02,6.7,Trace,Negative,Negative,Negative,Negative,Normal,Negative,TNTC,2,2-2,Rare,Nil,NIL,15.5,5,37.1,55.5,31,41,11.7,45.6,6632,52,26,10,7,0,4.06,1.86,0.6,0.51,0.08,240,7.2,16,0.26,28.3,3,4.36,0.12,0.29,199,26,87.7,6.1,30.5,155,7.7,3.37,0.3,0.7,0.3,0.4,54,9,14,20,6.7,4.1,2.6,1.58,0.6,14.4,6.7248,11.21,140,2.7,108,3.6,118.93,162,330,492,32.93,8.4,194.38,0.1,10.4,488.4,2.13,12.8,5.3,98,15.4,0.64,122,121,124,169
474675,KLTRS09MLT,295548,25/08/2018,10:00,10:43,Straw,Slightly cloudy,1.014,5.9,Negative,2+,Negative,Trace,Negative,Normal,Negative,TNTC,0,1-3,Nil,Nil,NIL,10.4,4.3,39.5,99.3,24,26,12.9,41.6,7469,38,45,4,24,0.4,2.31,1.06,0.4,0.41,0.07,225,10.6,7,0.38,30.9,3,0.2,0.12,0.95,157,71,75.3,60.5,302.5,218,2.2,1.06,0.94,0.9,0.2,0.7,111,92,15,20,7.3,4.3,3,1.43,1.2,14.1,6.5847,5.49,120,4.7,97,7.2,97.15,165,345,510,32.35,6.1,128.37,0.7,27.6,134.9,20.46,7.8,5.9,233,7.2,2.41,123,68,73,104
617990,KLTRS11ODB,510982,28/08/2018,09:47,10:22,Light Yellow,Slightly cloudy,1.021,4.8,Negative,Trace,Negative,3+,Negative,Normal,Negative,2-4,0,1-4,Nil,Nil,NIL,16.6,5.4,54.5,62.7,30,30,12.1,44.7,14925,54,43,6,7,0,8.09,1.71,0.32,0.48,0.04,201,8.5,25,0.24,47.4,7.4,0.38,0.9,0.24,184,73,85.8,5.8,29,83,2.5,1.18,0.85,0.7,0,0.7,100,21,11,10,7.2,5,2.2,2.27,1,14,6.538,6.54,141,4.3,106,3.1,79.03,120,358,478,25.1,8.3,191.51,0.2,10.3,76.3,13.5,10.3,2.1,252,7,3.51,108,110,161,119
369768,GYAHD12ODK,418682,24/08/2018,10:47,11:58,Pale Yellow,Slightly cloudy,1.017,4.7,Trace,Trace,Negative,Negative,Negative,Normal,Negative,9-11,1,3-4,Nil,Nil,Mucus threads,17.7,4.6,56.8,83.6,38,31,13.5,39.7,4781,45,38,3,3,0,22.99,2.94,0.38,0.03,0.02,310,9.1,11,0.3,41.8,2.6,6.21,0.79,0.26,177,43,111.5,57.7,288.5,126,4.1,2.59,0.39,0.5,0.2,0.3,57,13,12,48,6.1,4.9,1.2,4.08,0.7,18.6,8.6862,12.41,129,2.8,97,6.5,101.38,69,306,375,18.4,8.3,191.51,0.1,27.7,85.4,32.44,13,4.4,77,19,0.55,93,66,91,180
446911,KLTRS10ODB,184553,26/08/2018,07:43,08:34,Dark Yellow,Clear,1.02,4.6,Negative,Negative,Negative,Negative,Negative,Normal,Negative,6-8,2,5-16,Nil,Nil,Fat droplets or lipiduria,19.3,5.3,53.3,90.7,36,36,12.3,42.8,37716,60,39,5,3,0,1.18,3.79,0.29,0.04,0.04,106,11.7,13,0.34,19.5,5,0.25,0.26,0.49,232,39,175.5,21.5,107.5,220,5.9,4.5,0.22,0.5,0,0.5,108,40,22,46,6.2,3.8,2.4,1.58,1,32.2,15.0374,15.04,117,3.5,111,5.3,112.02,102,240,342,29.82,7.1,157.07,0.3,21.5,75.4,28.51,9.4,3.6,82,13.6,2.22,169,96,113,150
629341,MZLGI08APK,920144,28/08/2018,08:53,10:21,Orange,Clear,1.022,4.5,Trace,Negative,Negative,Negative,1+,Normal,Negative,5-7,2,2-2,Moderate,Nil,Amorphous debris,15.4,5.1,39.6,129.4,30,38,12.2,39.3,3406,55,37,12,3,0,3.83,2.89,0.95,0.15,0.16,11,7.3,17,0.31,14.1,1.5,0.93,0.1,0.04,228,40,23.7,31.3,156.5,71,5.7,0.59,1.69,0.7,0,0.7,66,49,29,36,7.4,5,2.4,2.08,0.8,7.1,3.3157,4.14,128,1.9,89,4.5,92.16,126,263,389,32.39,7,154.2,0.8,15.9,474.1,3.35,11.9,4.7,132,19.9,2.66,78,137,74,173
339281,KLTRS05TSS,117714,26/08/2018,11:45,12:22,Deep Amber,Slightly cloudy,1.013,6.7,Trace,1+,Negative,Negative,Negative,Normal,Negative,9-11,1,2-3,Nil,Moderate,NIL,4.6,5.3,38.4,76.9,8,11,12.3,43.1,10370,46,47,22,2,0,2.49,2.49,1.21,0.08,0.06,247,10.4,11,0.27,23.1,2,0.04,0.02,0.05,185,44,121.2,11.1,55.5,161,4.2,2.75,0.36,0.5,0.1,0.4,80,21,17,11,7.4,4.8,2.6,1.85,0.7,15.3,7.1451,10.21,110,2.6,98,3.2,93.62,149,349,498,29.92,5.9,122.63,2.3,14.6,64.2,22.74,11.8,2.5,290,8.1,8.69,73,101,138,130
921056,KLTRS05WBD,110104,27/08/2018,06:06,07:16,Pale Yellow,Clear,1.015,4.7,Negative,Negative,Negative,Negative,Negative,Normal,Negative,32-33,2,3-3,Nil,Nil,NIL,8.6,5.5,42.2,97.3,15,20,13.1,29.5,10681,53,44,11,4,0,9.12,4.07,0.6,0.33,0,336,9.9,12,0.28,14,6.5,0.29,0.15,0.16,231,49,136.5,5.6,28,149,4.7,2.79,0.36,0.5,0,0.5,50,37,32,19,6.1,3.7,2.4,1.54,1.2,11.2,5.2304,4.36,139,4.3,97,3.7,103.74,169,244,413,40.92,5.8,119.76,0.1,11.6,148.9,7.79,9.7,6.9,160,16.2,1.12,70,154,84,78
561425,MZLGI04RJK,632006,28/08/2018,09:32,10:25,Deep Amber,Clear,1.017,6.5,Trace,Trace,Negative,Negative,Negative,Normal,Negative,13-15,1,1-4,Rare,Nil,NIL,11.8,4.4,45.9,68,26,25,12.6,28.6,4632,46,26,2,8,0.3,5.12,0.53,0.89,0.41,0.35,177,9.8,14,0.21,45.8,4.1,0.42,0.99,0.29,205,47,29.1,15.3,76.5,154,4.4,0.62,1.62,0.5,0.2,0.3,61,41,26,37,7.8,4,3.8,1.05,1.2,17.7,8.2659,6.89,144,4.6,100,2.5,86.95,86,275,361,23.82,8.5,197.25,0.4,24.8,99.9,24.82,9,3.6,159,4.8,0.85,103,101,88,134
577542,MZLGI14MHP,696929,25/08/2018,08:53,10:01,Light Yellow,Cloudy,1.02,5.4,Trace,Negative,Negative,Negative,Negative,Normal,Negative,9-11,67,1-2,Nil,Nil,NIL,12.1,4.4,52.7,84.8,27,22,12.9,43.9,4046,40,20,5,8,0,5.78,0.51,0.79,0.41,0.34,89,9.7,15,0.22,34.5,3.6,0.19,3.81,0.96,182,53,93.6,24.4,122,158,3.4,1.77,0.57,0.3,0,0.3,102,9,14,39,7.3,4.7,2.6,1.81,1.1,16.5,7.7055,7.01,123,3.1,105,2.4,30.37,75,204,279,26.88,9,211.6,0.7,154.4,83.3,185.35,9.6,4.1,116,17.9,3.04,83,94,98,97
489466,MZLGI02MHP,394554,28/08/2018,09:21,10:08,Light Yellow,Clear,1.015,6.4,Trace,Negative,Negative,Negative,Negative,Normal,Negative,6-7,1,1-3,Few,Nil,NIL,14.6,7.9,44,98.6,18,33,13.3,41.4,9266,48,51,6,5,1.3,9.88,2.91,0.66,0.09,0.04,430,9.6,15,0.27,23.8,4.5,1.3,0.08,0.09,196,49,45.5,18.7,93.5,148,4,0.93,1.08,0.5,0.2,0.3,41,11,10,8,6.3,3.9,2.4,1.63,1.1,10.5,4.9035,4.46,149,4.8,99,5.4,100.64,61,353,414,14.73,6.4,136.98,0.3,12.4,140.2,8.84,11.1,2.8,262,9.2,0.16,84,257,114,136
552326,MZLGI14MHP,234465,25/08/2018,11:20,12:12,Deep Amber,Opaque,1.026,4.9,Trace,Trace,Negative,Negative,Negative,Normal,Negative,12-14,2,1-4,Moderate,Nil,Artifacts,8.2,4.4,39,77.1,18,21,11.9,45.3,8051,61,38,4,7,0,2.78,2.76,0.69,0.04,0.04,114,7.9,18,0.31,14.9,4.5,0.07,0.1,0.3,232,53,88.4,48.3,241.5,78,4.4,1.67,0.6,0.8,0.2,0.6,82,25,16,11,7.9,4.1,3.8,1.08,0.6,11.1,5.1837,8.64,136,2.6,95,4.8,61.16,137,99,236,58.05,8.8,205.86,0.4,14.9,91.9,16.21,11.1,3.6,242,7.3,2.2,79,64,76,123
528698,PBCHD09RJU,607955,27/08/2018,10:21,11:31,Straw,Slightly cloudy,1.016,5.8,Negative,Negative,Negative,Trace,Negative,Normal,Negative,8-10,0,3-3,Rare,Nil,NIL,14,5.5,59.1,70.6,25,23,13,44.9,8099,50,17,1,0,11.2,8.93,2.95,0.36,0.37,0.01,281,9.5,18,0.36,17.6,3.7,0.29,0.88,0.06,102,40,80.5,38,190,183,2.6,2.01,0.5,4.6,0.2,4.4,91,21,25,16,7.9,4.7,3.2,1.47,1.1,14.3,6.6781,6.07,140,2.9,104,5.1,90.71,153,326,479,31.94,11.2,274.74,0.6,12,55.7,21.54,8,4.3,192,3.6,1.47,177,63,62,131
456803,KLTRS01WBD,830675,24/08/2018,08:59,10:27,Pale Yellow,Clear,1.014,7,Negative,3+,Negative,Negative,Negative,Normal,Negative,8-9,1,8-10,Few,Nil,Fat droplets or lipiduria,13.3,4.2,52.9,81.8,31,25,9.3,44.7,4956,54,26,3,2,0,8.82,1.43,0.25,0.33,0.19,199,9.5,16,0.24,13.3,1.8,0.97,0.21,0.1,237,20,143.2,21.5,107.5,180,11.9,7.16,0.14,0.4,0.1,0.3,85,49,24,21,8.2,3.5,4.7,0.74,1,30.6,14.2902,14.29,141,4.7,102,4.6,111.53,144,189,333,43.24,6.8,148.46,0.2,178.2,91.2,195.39,8.8,3.3,144,19.8,1.07,141,102,94,147
400827,PBCHD08CGD,997291,26/08/2018,09:49,11:03,Light Yellow,Opaque,1.013,6.7,Trace,Trace,Negative,Negative,Negative,Normal,Negative,12-13,0,1-3,Nil,Nil,NIL,17.5,4.9,49,78.6,35,35,13,41.9,10889,79,47,6,3,0,6.09,1.53,0.68,0.23,0.08,339,13.8,11,0.15,13.2,0.3,0.39,0.18,3.94,162,34,73.4,7.1,35.5,160,4.8,2.16,0.46,1,0.3,0.7,54,51,8,43,6.5,4.4,2.1,2.1,0.7,211.2,98.6304,140.9,139,4.2,96,6.6,113.54,190,351,541,35.12,8.9,208.73,0.6,14.3,63.2,22.63,9.2,4.4,96,7.2,2.4,86,94,95,134
140222,KLTRS12KLP,237045,26/08/2018,07:01,08:01,Green,Clear,1.018,4.9,Negative,Trace,1+,Negative,Negative,1+,Negative,TNTC,0,3-3,Rare,Few,NIL,9.4,5.5,52.3,90,17,17,11.6,42.3,10714,45,30,3,8,0,1.5,0.84,1.09,0.45,0.06,379,11,15,0.27,21,1.3,0.27,0.24,0.44,204,44,148,31.1,155.5,150,4.6,3.36,0.3,0.4,0.1,0.3,58,39,34,21,6.2,4.5,1.7,2.65,0.8,27.8,12.9826,16.23,147,2.3,95,4.1,95.81,72,145,217,33.18,6.3,134.11,0.5,18.9,172.3,10.97,10.7,2.7,133,10.5,2.29,82,91,116,74
161091,GYAHD01JHJ,616868,28/08/2018,10:44,11:23,Yellow,Clear,1.011,7.9,Trace,Trace,Negative,Negative,Negative,Normal,Negative,19-22,2,3-3,Nil,Nil,NIL,15.7,3.1,48.8,87.7,50,32,13.8,44.3,7376,20,51,2,5,0,1.48,1.31,0.21,0.67,0.06,1034,8.3,9,0.23,26.2,3.6,0.21,0.2,0.43,189,36,130.7,12.7,63.5,162,5.3,3.63,0.28,14.6,10.1,4.5,101,29,33,36,8.1,4.1,4,1.03,0.9,11.2,5.2304,5.81,137,2.9,105,10.6,109.82,106,271,377,28.12,6,125.5,0.5,26.7,68.8,38.81,10.9,2.4,94,13.8,9.64,100,66,86,119
623388,GYAHD10JHJ,934863,28/08/2018,07:30,08:48,Deep Amber,Clear,1.012,4.8,Negative,Trace,Negative,Negative,1+,Normal,Negative,TNTC,2,1-3,Nil,Nil,Fungal elements,17,6.3,42.3,93,26,40,14.2,40.4,8321,46,37,7,12,0,2.11,1.1,0.01,0.13,0.02,774,10.4,10,0.32,14.7,2.1,0.24,0.71,0.01,154,42,98.2,45.5,227.5,142,3.7,2.34,0.43,0.4,0,0.4,92,14,26,48,8.3,4,4.3,0.93,1.1,7.6,3.5492,3.23,143,4,110,2.5,72.34,181,162,343,52.77,5.7,116.89,0.8,28.4,198.4,14.31,7.8,5.3,137,8.1,3.38,116,82,108,120
213545,GYAHD01ODK,617134,28/08/2018,06:10,07:26,Light Yellow,Slightly cloudy,1.018,7,2+,Trace,Negative,Negative,Negative,Normal,Negative,10-11,2,2-4,Nil,Nil,NIL,14.5,4.6,41,71.1,31,35,15.7,39.6,8692,50,18,1,5,0,1.32,2.45,0.71,0.46,0.05,119,8.1,13,0.28,41,0.1,3.45,0.8,1.13,192,30,72.5,34.3,171.5,128,6.4,2.42,0.41,0.5,0.1,0.4,46,17,33,23,6.2,4.4,1.8,2.44,1,8.1,3.7827,3.78,132,4,98,2.3,108.54,118,345,463,25.49,5.7,116.89,0.3,13.6,27.8,48.92,8.8,5.7,343,17.4,2.77,85,76,229,83
396945,GYAHD06KLM,444489,27/08/2018,10:18,11:33,Straw,Clear,1.015,6.6,Negative,Trace,Negative,Negative,Negative,Normal,Negative,5-6,0,1-4,Nil,Rare,Yeast cells,17.1,4,58.7,94.5,42,29,12,47.6,8776,60,46,6,6,0.2,2.44,1.88,0.56,0.16,0.09,440,8.7,15,0.21,21.2,0.6,0.31,0.35,0.28,182,45,188.6,32.5,162.5,78,4,4.19,0.24,0.8,0.3,0.5,110,85,32,23,6.5,3.6,2.9,1.24,0.9,14.4,6.7248,7.47,149,3.2,103,5.8,116.19,66,333,399,16.54,6.3,134.11,0.6,28.7,50.4,56.94,9.6,5,286,6.9,1.57,133,66,74,84
163223,MZLGI02RJK,483029,24/08/2018,07:06,07:43,Pale Yellow,Hazy,1.016,5.2,Negative,Trace,Negative,Negative,Negative,Normal,Negative,73-78,0,2-3,Rare,Nil,NIL,19.4,4.4,30.1,90.1,44,64,14.4,26.9,8546,58,42,5,2,0,1.13,3.53,0.46,0.99,0.01,150,12.1,17,0.72,24.6,2.2,0.12,0.25,0.11,152,29,29.1,34.3,171.5,90,5.2,1,1,0.3,0,0.3,126,53,37,33,7,3.7,3.3,1.12,0.7,18,8.406,12.01,136,4.8,100,6.4,110.5,150,282,432,34.72,6.2,131.24,0.1,21.8,61.4,35.5,10.6,3.1,291,10.8,1.2,104,75,118,118
122283,MZLGI11GJS,267600,26/08/2018,10:23,11:37,Light Yellow,Clear,1.01,7,Negative,Negative,Negative,Negative,Negative,Normal,Negative,1-3,1,2-2,Rare,Nil,NIL,14.4,4.2,38.9,79.7,34,37,13.1,43.3,8226,36,16,9,3,0.2,0.1,3.5,0.47,0.41,0.02,220,14.3,15,0.34,32.2,6.5,1.07,0.11,0.29,200,50,118.7,23.1,115.5,133,4,2.37,0.42,0.6,0.2,0.4,78,85,24,48,6,4.2,1.8,2.33,1.1,12.2,5.6974,5.18,138,4.9,104,6.2,97.84,132,354,486,27.16,5.9,122.63,4.6,25.8,162.6,15.87,10.7,2.8,107,18.5,0.31,70,99,89,90
421558,GYAHD12ODK,424971,25/08/2018,10:11,11:13,Pale Yellow,Slightly cloudy,1.017,6.5,1+,Trace,Negative,Negative,Negative,1+,Negative,4-5,2,3-2,Few,Nil,Parasites,17.2,4.5,49.5,42.5,38,34,13.6,42.5,10935,72,21,2,7,0.2,6.64,2.46,0.65,0.17,0.2,404,8.9,16,0.31,19.6,0.1,3.61,0.22,2.86,169,53,33.8,31.1,155.5,140,3.2,0.64,1.57,0.8,0.1,0.7,116,12,21,34,6.5,4,2.5,1.6,1,7.6,3.5492,3.55,140,4.3,93,4.5,103.41,67,301,368,18.21,10.9,266.13,0.8,131.3,186.7,70.33,9.3,4.9,172,3.8,7.5,113,66,104,130
816968,KLTRS09KLP,185313,24/08/2018,09:41,10:37,Pale Yellow,Slightly cloudy,1.018,5.4,Negative,Negative,Negative,Negative,Negative,Normal,Negative,23-27,0,14-16,Nil,Rare,NIL,11.1,5.5,38.2,59.6,20,29,14.4,39.5,10867,65,38,2,8,0.8,4.27,2.28,0.46,0.16,0.2,1181,7.5,28,0.35,17,5.5,0.18,0.34,0.15,178,37,73.4,19.6,98,198,4.8,1.98,0.5,0.9,0.4,0.5,264,28,22,30,8.3,3.6,4.7,0.77,0.7,16.8,7.8456,11.21,137,5.9,115,5.5,97.94,74,222,296,25,6.1,128.37,0.1,10.7,121.2,8.83,13.2,6.9,129,6.7,3.14,138,79,64,119
507311,MZLGI10MHP,454956,28/08/2018,09:45,11:03,Orange,Clear,1.015,4.8,Trace,Trace,1+,Negative,Negative,Normal,Negative,91-95,12,2-2,Nil,Nil,NIL,8.8,5.9,51.9,79.8,14,16,14.4,42.8,6706,42,27,2,4,0,2.84,7.69,0.06,0.11,0,116,12.4,11,0.13,39.9,1.3,0.23,0.04,1.17,138,55,82.7,40,200,105,2.5,1.5,0.67,0.6,0.1,0.5,122,29,29,22,6.6,5.1,1.5,3.4,0.7,7.5,3.5025,5,144,3.6,76,3.7,108.33,94,121,215,43.72,6.3,134.11,0.2,23.8,125.2,19.01,10.3,5,149,7.5,0.29,96,84,109,119
941217,PBCHD03KLC,818811,25/08/2018,10:47,11:22,Light Yellow,Clear,1.028,5.6,Negative,Negative,Negative,3+,Trace,Normal,Negative,3-4,1,2-4,Nil,Nil,NIL,11,8.2,63.6,78.8,13,17,13.9,39.4,10341,53,40,12,8,0,6.13,1.2,0.91,0.14,0.07,115,9.6,12,0.34,15,4.1,0.1,0.05,0.08,220,46,85.2,31.2,156,177,4.8,1.85,0.54,0.7,0.1,0.6,66,7,26,32,6.7,4.8,1.9,2.53,0.7,12.9,6.0243,8.61,144,1.6,97,4.7,93.28,212,358,570,37.19,5.9,122.63,0.2,15.1,264.5,5.71,9.2,3.4,131,9.3,2.76,75,82,122,73
603151,MZLGI03RJK,657429,27/08/2018,06:09,07:26,Straw,Hazy,1.013,6.4,2+,Negative,Negative,Negative,Negative,Normal,Negative,TNTC,0,3-2,Nil,Nil,NIL,20.7,3.6,64.3,81.4,57,32,13.4,41,6624,58,18,4,3,0,2.47,4.83,0.73,0.44,0.06,632,7.5,12,0.21,26,5,2.42,5.25,0.36,170,57,83.1,26.4,132,111,3,1.46,0.69,0.3,0.1,0.2,52,25,34,22,7.5,3.5,4,0.88,1,23.6,11.0212,11.02,145,3.1,98,3.4,107.48,179,294,473,37.84,7.9,180.03,1,13.6,147.8,9.2,11.3,3.3,127,20.2,1.82,75,70,167,66
331248,KLTRS14NLZ,589267,25/08/2018,10:32,11:10,Straw,Hazy,1.015,7,Negative,Trace,Negative,Negative,Negative,Normal,Negative,11-13,1,1-2,Nil,Nil,Parasites,14.4,5.8,51.3,97.1,24,28,12.7,42.1,8905,76,10,2,11,0,2.08,2.94,0.67,0.26,0.02,231,11.1,11,0.43,24.3,0.9,6.95,0.07,0.66,156,53,91.7,15.8,79,152,2.9,1.73,0.58,0.6,0.2,0.4,110,19,20,21,7.4,4.4,3,1.47,1.1,8.9,4.1563,3.78,122,4.6,105,2.4,90.6,106,233,339,31.27,5.7,116.89,0.2,13.5,34.7,38.9,9.4,4.2,131,4.9,0.5,100,60,118,198
761396,PBCHD12MHS,810787,25/08/2018,09:07,09:45,Yellow,Slightly cloudy,1.015,6.8,Negative,Negative,Negative,Trace,Negative,Normal,Negative,9-10,1,2-2,Nil,Nil,NIL,19,5.8,43.8,75.6,32,43,13.6,40.5,20429,48,30,4,3,0.8,3.94,2.19,0.36,0.2,0.07,59,16.3,14,0.38,28.4,4.7,0.51,0.2,0.18,191,48,109.4,5.8,29,123,4,2.28,0.44,0.9,0.2,0.7,129,29,16,45,8.3,3.8,4.5,0.84,1,70.7,33.0169,33.02,136,3.6,103,3.6,92.11,140,237,377,37.14,7.2,159.94,0.3,20.3,97.7,20.78,8.8,3.4,151,8.8,2.25,87,113,86,92
136619,MZLGI12MHP,559967,24/08/2018,10:22,11:17,Straw,Clear,1.022,7.1,1+,Negative,Negative,Negative,Negative,Normal,Negative,13-15,1,3-4,Rare,Rare,NIL,15.6,5,62.6,85.2,31,24,12.5,44.1,6864,21,29,4,6,0,1.28,1.21,0.09,0.21,0.04,912,10.8,22,0.36,42,7.5,0.37,0.22,0.19,223,41,77.5,17.1,85.5,157,5.4,1.89,0.53,0.7,0.3,0.4,321,22,15,30,7.8,3.9,3.9,1,0.7,33.8,15.7846,22.55,139,3.6,101,2.4,111.79,29,174,203,14.29,7.2,159.94,0.6,18.1,86.3,20.97,11.4,3,348,3.5,3.67,85,273,92,63
672934,PBCHD05MHS,735894,24/08/2018,09:24,10:53,Pale Yellow,Clear,1.012,6,Trace,Trace,Negative,Negative,Negative,Normal,Negative,76-79,0,1-3,Rare,Nil,NIL,14.1,5.8,31.9,96,24,44,13,40.9,9830,58,34,13,15,0,4.79,2.67,0.11,0.17,0.07,353,10.1,17,0.3,32.9,3.4,0.1,0.03,0.39,211,63,111.1,35,175,121,3.3,1.76,0.57,0.6,0,0.6,114,30,87,27,7.7,4.5,3.2,1.41,1.1,24.3,11.3481,10.32,141,5.9,95,4.9,116.77,129,187,316,40.82,6.3,134.11,0.4,993.9,68.3,1455.2,10.2,2.3,190,3.7,1.21,83,132,84,181
407957,KLTRS03NLZ,654091,27/08/2018,08:19,08:55,Pale Yellow,Clear,1.017,6.6,1+,Trace,Negative,Trace,Negative,Normal,Negative,6-7,2,3-4,Nil,Moderate,NIL,12.6,5.2,36.7,52,24,34,15.7,44.9,6812,36,22,3,4,0,10.31,1.48,0.91,0.52,0.02,411,13.8,11,0.29,12.5,4.8,0.29,6.94,0.25,159,51,94.5,10.4,52,205,3.1,1.85,0.54,1,0.3,0.7,47,41,8,19,7.2,4.8,2.4,2,1.8,9.4,4.3898,2.44,123,4.9,111,6.4,102.89,152,135,287,52.96,5.8,119.76,3,17.8,30.4,58.55,11.8,2.5,161,6.5,2.43,101,60,84,138
748083,KLTRS09KLP,509827,26/08/2018,07:32,08:28,Pale Yellow,Slightly cloudy,1.02,6.7,Trace,Trace,Negative,Negative,Negative,Normal,Negative,2-4,0,1-4,Nil,Rare,Fungal elements,9.6,4,45.6,88.7,24,21,13.2,43.6,4994,53,20,6,18,0,1.11,1.13,0.2,0.12,0.09,64,10.7,14,0.24,27.5,2.3,3.47,0.14,0.09,173,54,80.3,9.6,48,192,3.2,1.49,0.67,0.3,0,0.3,123,9,33,20,6,3.5,2.5,1.4,1.1,12.7,5.9309,5.39,142,3.9,111,5.8,99.49,76,304,380,20,5.8,119.76,0.5,11.3,77.1,14.66,9.4,2.9,73,10,4.36,97,116,85,167
177134,PBCHD07PBP,591257,24/08/2018,08:33,10:00,Deep Amber,Milky,1.015,6.6,Negative,Negative,Negative,Negative,2+,Normal,Negative,TNTC,1,3-4,Nil,Nil,Fat droplets or lipiduria,17.8,5.3,35.4,126.9,33,50,14.7,41.6,8844,43,16,9,6,7.6,5.77,2.6,0.32,0.32,0.06,354,10.3,16,0.15,25.5,2,2.9,0.1,0.05,150,20,91.3,13.1,65.5,98,7.5,4.57,0.22,0.8,0.1,0.7,174,32,17,18,7.6,4.2,3.4,1.24,1.2,32.8,15.3176,12.76,138,5.1,110,1.7,110.55,67,324,391,17.14,6.7,145.59,0,18,135.8,13.25,10.8,2.9,132,7.4,2.75,96,78,90,98
431877,PBCHD14GAM,866106,24/08/2018,07:48,09:03,Yellow,Slightly cloudy,1.018,5.9,Negative,Trace,Negative,Negative,Negative,Normal,Negative,2-4,1,1-2,Nil,Nil,Amorphous debris,17,5.8,62.8,82.4,29,27,13.9,27.5,8714,55,50,6,3,0,9.79,1.48,0.58,0.56,0.08,291,7.2,12,0.56,30.5,3.8,0.02,0.79,0.38,150,51,117,69.8,349,74,2.9,2.29,0.44,0.5,0,0.5,74,14,20,11,6.1,5.2,0.9,5.78,0.6,19.3,9.0131,15.02,141,4.7,113,5.8,90.53,60,322,382,15.71,12.9,323.53,0.1,11.2,122.3,9.16,13,3.1,183,9.8,3.7,71,87,92,119
188534,GYAHD02KAU,616515,25/08/2018,06:49,07:52,Yellow,Slightly cloudy,1.012,6.6,Negative,Trace,Negative,Negative,Negative,Normal,Negative,5-6,2,1-3,Nil,Nil,Fat droplets or lipiduria,17.8,5.9,28.9,50.1,30,61,12.4,39.8,4986,56,29,2,8,0,0.94,2.97,0.81,0.02,0.01,210,8.6,10,0.19,13.8,1.4,0.27,0.02,2.38,146,47,70.3,14.3,71.5,175,3.1,1.5,0.67,0.3,0,0.3,50,42,12,47,7.4,4.5,2.9,1.55,0.6,10.2,4.7634,7.94,140,1.8,103,3.2,113.73,140,217,357,39.22,9.3,220.21,0.1,16.6,185.1,8.97,9.1,3.3,169,18.1,2.45,75,98,81,105
142762,KLTRS08ODB,746721,27/08/2018,09:13,09:50,Light Yellow,Clear,1.016,5.3,Negative,Negative,Negative,Negative,Negative,Normal,Negative,11-12,2,2-2,Nil,Nil,NIL,11.5,6.3,55.7,74,18,20,13.6,43.1,5492,33,23,0,5,0,9.29,1.67,0.49,0.15,0,275,8.5,17,0.38,12.1,3.2,0.59,0.31,1.86,188,51,73.4,11.2,56,117,3.7,1.44,0.69,0.5,0,0.5,42,55,19,39,7.5,4,3.5,1.14,1.3,7.2,3.3624,2.59,141,3.3,105,3.5,115.69,143,192,335,42.69,6.3,134.11,0.2,11.9,269.2,4.42,9.3,2.5,170,2.9,2.79,115,187,82,132
253763,KLTRS12WBD,611795,24/08/2018,08:43,10:00,Yellow,Clear,1.005,8.5,Negative,Negative,Negative,Negative,Negative,Normal,Negative,9-11,18,1-2,Nil,Moderate,NIL,8.8,4.4,38.8,52.4,20,22,14.3,44.3,5344,56,33,5,15,0,19.89,3.41,0.62,0.21,0.13,375,8.2,24,0.31,16.5,0.1,0.15,0.2,0.32,182,52,94.6,33,165,110,3.5,1.82,0.55,1.5,0.7,0.8,103,134,11,41,6.3,4.2,2.1,2,1.2,12,5.604,4.67,142,4.4,72,3,113.75,84,123,207,40.58,7.7,174.29,1,17.2,96.8,17.77,7.7,3.3,147,12,2.5,142,64,246,87
909193,PBCHD01NLM,378180,28/08/2018,11:02,11:32,Straw,Milky,1.01,4.8,Negative,Negative,Negative,Negative,Negative,Normal,Negative,3-5,0,1-2,Nil,Nil,NIL,19,4.8,42.4,85.4,39,44,14,45.8,8027,72,29,6,8,0,2.27,1.34,0.43,0.89,0.06,406,7.2,15,0.18,24.5,2,0.3,0.03,2.69,193,56,126.7,17.3,86.5,78,3.4,2.26,0.44,3.9,1.9,2,76,42,21,19,7.4,4.2,3.2,1.31,0.7,7.1,3.3157,4.74,139,2.6,99,5.3,107.28,100,223,323,30.96,8.1,185.77,0,15.5,153.5,10.1,12.4,2.7,296,13.2,3.07,137,80,86,76
736264,MZLGI05APK,707912,27/08/2018,07:14,08:35,Light Yellow,Clear,1.017,4.9,3+,Negative,Negative,Negative,Negative,Normal,Negative,12-13,4,1-2,Nil,Few,NIL,10.7,4.4,46.7,82.8,24,22,13.5,45,2029,76,55,2,2,0,8.57,4.38,0.49,0.69,0.07,243,7.5,19,0.27,18.6,5.4,0.81,4.23,0.22,192,54,137.6,5.7,28.5,92,3.6,2.55,0.39,0.8,0.2,0.6,117,18,19,11,7.8,4.8,3,1.6,1.1,12.2,5.6974,5.18,138,3,108,5,56.72,103,303,406,25.37,5.7,116.89,0.8,17.8,104.6,17.02,8.4,3.9,331,7.4,1.63,138,194,112,119
324006,MZLGI13APK,735585,27/08/2018,07:24,08:01,Deep Amber,Clear,1.025,6.7,Trace,Negative,Negative,Negative,Negative,Normal,Negative,2-3,0,1-2,Nil,Nil,Amorphous debris,14.9,4.7,44.6,98.1,31,33,14.3,44.2,3444,44,38,2,5,0,0.05,7.81,0.31,0.3,0.08,275,8.5,15,0.38,32.2,4.2,0.14,3.4,4.06,877,40,92.5,21.4,107,103,21.9,2.31,0.43,0.8,0.3,0.5,115,32,24,29,6.3,4.4,1.9,2.32,0.6,9.6,4.4832,7.47,135,3,102,4.4,93.8,197,360,557,35.37,5.8,119.76,0.8,18.5,201,9.2,10.5,5.7,108,15.9,2.17,117,99,101,93
225190,GYAHD04KAU,648510,26/08/2018,11:16,12:14,Yellow,Slightly cloudy,1.017,6.7,Trace,1+,Negative,Negative,Negative,Normal,Negative,1-3,1,11-13,Nil,Few,NIL,16.9,4.2,50,77.2,40,33,16.5,39.8,8894,43,37,3,7,0,2.47,1.26,0.69,0.47,0.03,160,7.1,11,0.35,16.9,0.1,0.88,0.08,0.4,171,44,79.4,11.2,56,144,3.9,1.8,0.55,0.6,0,0.6,42,36,32,11,6.3,4,2.3,1.74,1.2,11.6,5.4172,4.51,147,4.1,107,6,45.25,98,350,448,21.88,5.9,122.63,0.8,25.6,130.2,19.66,10.4,3.2,225,8.1,12.27,112,81,78,87
355094,KLTRS07TSS,572830,26/08/2018,06:54,07:50,Pale Yellow,Clear,1.014,6,1+,1+,Negative,1+,Negative,Normal,Negative,44-49,2,3-3,Nil,Nil,Artifacts,11.6,5.9,50,57.1,19,23,11.5,43.5,8047,47,37,2,3,0,4.26,4.21,1.36,0.45,0.08,423,10.4,13,0.19,29.9,0.1,0.27,0.06,0.31,788,44,100.4,38.8,194,158,17.9,2.28,0.44,0.7,0,0.7,75,37,16,44,8.2,4.1,4.1,1,0.9,23.2,10.8344,12.04,145,4.4,99,6.8,99.88,163,234,397,41.06,9.7,231.69,2.5,21.8,24.7,88.26,8.5,5.7,132,12.1,3.23,70,95,72,234
644634,KLTRS15ODB,965049,27/08/2018,08:27,09:18,Light Yellow,Clear,1.016,4.6,Trace,Negative,Negative,Negative,Negative,Normal,Negative,13-15,2,1-3,Nil,Nil,NIL,9.7,5,56.4,79.9,19,17,12,41.2,7277,43,15,1,2,0,16.68,3.35,0.23,0.24,0.01,311,7.1,17,0.24,31.3,5,5.72,0.29,0,162,32,44.9,38.9,194.5,196,5.1,1.4,0.71,0.7,0.3,0.4,40,22,21,28,5.3,4.8,0.5,9.6,0.7,13.6,6.3512,9.07,139,3.6,96,3.2,100.02,168,358,526,31.94,6,125.5,0.6,43.6,71.2,61.24,10.5,2.6,275,6.3,2.35,86,60,90,78
429953,MZLGI14BRC,554556,25/08/2018,11:47,12:58,Light Yellow,Opaque,1.016,4.6,Negative,Trace,1+,Negative,Negative,Normal,Negative,6-8,0,1-4,Few,Nil,NIL,11.4,5.3,23.4,96.2,21,48,11.8,42.3,48733,62,43,5,7,0,3,2.93,0.45,0.18,0.06,119,11.5,11,0.36,24.1,1.8,0.02,2.4,0.36,163,59,90.4,65.4,327,63,2.8,1.53,0.65,0.5,0,0.5,101,19,19,16,6.6,3.9,2.7,1.44,1,21.1,9.8537,9.85,108,4.1,108,2.7,106.32,122,277,399,30.58,12.1,300.57,0.6,98.5,369.2,26.68,11.3,4,191,6.2,2.42,74,97,70,72
702399,PBCHD15RJU,930521,24/08/2018,11:38,13:04,Straw,Hazy,1.015,6.7,Negative,Negative,Negative,Negative,Negative,Normal,Negative,7-8,2,>20,Rare,Nil,Amorphous debris,16,5,50.9,74.4,32,31,15.8,41.1,5016,53,22,7,0,0,5.44,2.83,0.53,0.11,0.07,362,10.6,11,0.49,25,4.2,6.5,0.71,6.53,224,42,79.5,37.3,186.5,217,5.3,1.89,0.53,0.6,0.2,0.4,60,16,30,45,7.4,4.3,3.1,1.39,0.8,12.8,5.9776,7.47,125,5.9,96,4.3,108.18,89,222,311,28.62,6.3,134.11,0,21.1,285.7,7.39,8.4,2.8,183,7.3,3.65,90,89,96,198
498701,GYAHD06JHJ,296396,27/08/2018,10:20,11:38,Yellow,Clear,1.016,5.9,Negative,Trace,Negative,Negative,Negative,Normal,Negative,TNTC,33,1-3,Nil,Nil,NIL,14.1,6.2,50.4,61.3,22,27,12.6,39.6,5485,41,38,5,4,0,8.69,1.29,0.02,0.44,0.23,169,8.7,9,0.06,27.8,1.7,0.6,0.38,0.04,151,67,134,85.7,428.5,196,2.3,2,0.5,0.7,0,0.7,63,40,23,38,5.4,3.8,1.6,2.38,0.7,7.9,3.6893,5.27,139,5.8,106,5.6,114.43,105,339,444,23.65,5.8,119.76,0.6,15.5,160.4,9.66,11.3,7,141,18.5,1.62,93,82,199,274
198021,PBCHD04RJU,156301,27/08/2018,06:06,06:45,Pale Yellow,Slightly cloudy,1.012,5.4,Trace,Trace,Negative,Negative,Negative,Normal,Negative,14-15,2,2-2,Rare,Nil,Parasites,17.1,4.6,50.6,79.2,37,33,13.6,39.2,5121,32,38,6,6,0,5.95,1.73,0.61,0.04,0.11,424,7.3,13,0.09,32.5,4.8,0.44,0.05,0.31,162,49,87.2,50.5,252.5,82,3.3,1.78,0.56,0.4,0,0.4,46,39,20,27,6.2,4.8,1.4,3.43,0.8,10.5,4.9035,6.13,136,3.4,105,3.2,113.62,168,353,521,32.25,6.4,136.98,0.4,123.1,91.2,134.98,9.2,4,193,10.8,5.22,86,108,77,196
264919,PBCHD06NLM,519768,25/08/2018,06:43,07:34,Light Yellow,Clear,1.013,4.4,Negative,Negative,Negative,Negative,Negative,Normal,Negative,13-15,0,2-4,Nil,Nil,NIL,14.4,4.4,33.3,77.7,32,43,14,45.8,9804,46,21,2,4,0,3.09,1.83,0.38,0.36,0.03,389,8,10,0.32,13.1,0.4,0.26,0.3,0.26,100,37,96.1,37.2,186,213,2.7,2.6,0.39,0.8,0.3,0.5,45,55,37,13,7.4,5,2.4,2.08,1.1,7.4,3.4558,3.14,121,3.8,100,5.8,103.59,131,300,431,30.39,11.6,286.22,0.6,10.2,146.8,6.95,8.9,4.5,184,15.5,2.12,92,124,84,119
202585,KLTRS08KLP,561246,27/08/2018,09:55,10:54,Pale Yellow,Slightly cloudy,1.023,5.8,1+,2+,Negative,1+,Negative,Normal,Negative,10-11,5,3-3,Nil,Nil,NIL,18.3,5.5,41.8,71.8,33,43,13.4,45.3,9766,25,21,24,2,0,2.16,0.37,0.37,0.06,0.05,933,7.4,17,0.3,45,1.4,0.21,0.24,0.37,195,53,98.9,23.7,118.5,143,3.7,1.87,0.54,0.8,0.1,0.7,92,28,22,26,6.5,3.5,3,1.17,1.2,17.4,8.1258,6.77,130,3.8,103,1.8,41.06,102,268,370,27.57,6.6,142.72,0.4,16,67.5,23.7,10.5,4.1,196,7.6,3.01,90,79,93,147
288957,GYAHD07ODK,268177,28/08/2018,11:06,11:54,Pale Yellow,Clear,1.013,5.8,Negative,Negative,Negative,Negative,Negative,Normal,Negative,33-38,2,2-3,Rare,Rare,NIL,2,5.6,38.8,76.4,3,5,10.3,41.4,9278,42,31,2,7,0,4.36,4.51,0.9,0.18,0.02,435,7.3,16,0.37,20.7,3.6,0.24,0.6,0.75,188,22,42.7,31.6,158,99,8.5,1.94,0.52,0.3,0.1,0.2,83,55,39,26,7,4.9,2.1,2.33,1,7,3.269,3.27,140,5,95,6.4,56.27,98,351,449,21.83,6.1,128.37,0.8,25.3,296.6,8.53,10.1,5.4,173,12.3,2.69,119,158,74,236
499363,PBCHD06RJU,497821,27/08/2018,07:51,08:44,Light Yellow,Clear,1.011,5.6,Negative,Trace,Negative,Negative,Negative,Normal,Negative,13-15,1,1-2,Nil,Nil,NIL,15.3,5.2,61.8,46.5,29,24,10.6,41.6,6937,58,17,8,2,0,1.15,2.71,0.33,0.11,0.04,136,9.5,15,0.29,29.9,3.1,0.38,0.34,0.28,229,55,82.3,26.9,134.5,64,4.2,1.5,0.67,0.8,0.1,0.7,77,33,9,21,6.7,4,2.7,1.48,0.7,11.9,5.5573,7.94,134,3.8,104,3.7,91.13,249,231,480,51.88,7,154.2,0.7,17.9,60.5,29.59,8.9,5,155,7.7,0.95,151,182,122,176
513550,KLTRS01KLP,864584,25/08/2018,06:28,07:45,Straw,Slightly cloudy,1.022,6,Trace,Trace,Negative,Trace,Negative,Normal,Negative,5-7,0,2-3,Nil,Nil,Mucus threads,14.9,7,34.1,93.6,21,43,12.2,43.8,5111,65,37,4,4,0,7.03,2.67,0.95,0.36,0.05,123,9.7,16,0.12,34,3.3,0.35,5.95,0.22,153,53,78,55.5,277.5,96,2.9,1.47,0.68,0.4,0,0.4,89,22,17,36,7.3,4.8,2.5,1.92,0.8,10.1,4.7167,5.9,137,3.2,112,4.7,94.16,166,205,371,44.74,8.8,205.86,0.5,25.6,23.5,108.94,9.9,5,159,4.1,3.25,297,75,84,362
243498,MZLGI14RJK,801704,26/08/2018,10:06,11:16,Yellow,Hazy,1.015,5.5,Negative,Negative,Negative,Negative,Negative,Normal,Negative,14-15,2,1-3,Nil,Nil,Mucus threads,21.5,5.4,32.4,91.8,39,66,13.9,43.3,3926,48,23,1,5,0,4.67,2,0.42,0.28,0.04,62,9.5,12,0.18,28.5,1.8,5.34,0.36,1.19,175,43,94,11.6,58,99,4.1,2.19,0.46,0.7,0.1,0.6,63,54,26,48,7,3.5,3.5,1,0.8,13.8,6.4446,8.06,96,4.9,100,2.9,110.5,87,184,271,32.1,6.6,142.72,9.1,21.6,95.6,22.59,10.4,5.6,236,14.5,0.71,132,88,98,88
163641,KLTRS03KLP,234589,25/08/2018,07:05,07:43,Straw,Slightly cloudy,1.024,6.5,1+,3+,Negative,Negative,1+,Normal,Negative,6-8,2,1-4,Nil,Nil,NIL,17.5,4.2,25.3,95.9,41,69,12.5,45.2,6532,68,20,6,3,0,4.51,4.05,0.34,0.02,0.04,124,11.6,18,0.14,15.3,2.9,0.08,0.99,0.1,183,67,75,50.1,250.5,111,2.7,1.12,0.89,0.3,0,0.3,80,21,14,13,9,4.3,4.7,0.91,1.5,7,3.269,2.18,139,3.8,94,3.4,109.41,81,252,333,24.32,6.3,134.11,0,12.9,69.7,18.51,8.8,2.5,143,8.4,2.48,79,95,79,76
187746,KLTRS07TSS,461473,28/08/2018,06:59,08:04,Straw,Slightly cloudy,1.019,6.3,Trace,Negative,Negative,Negative,Negative,Normal,Negative,4-5,18,3-4,Nil,Nil,Amorphous debris,18.9,6.6,36.3,64.7,28,52,14.2,40.5,5986,43,20,5,7,0,8.51,2.67,0.11,0.65,0.06,289,11.5,18,0.1,32.4,3.2,0.32,0.87,0.01,185,59,49,37.6,188,169,3.1,0.83,1.2,0.6,0.1,0.5,88,49,14,44,8.3,4.5,3.8,1.18,1.3,11,5.137,3.95,141,1.8,100,3.7,105.94,83,178,261,31.8,6,125.5,0.8,20.1,37.2,54.03,9,3.6,285,3.6,0.05,98,150,75,152
216339,KLTRS05ODB,536045,28/08/2018,10:30,11:28,Yellow,Slightly cloudy,1.017,4.1,Trace,Trace,Negative,2+,Trace,Normal,Negative,8-9,2,3-4,Rare,Nil,NIL,6.3,5.4,59,73.9,11,10,13.5,27.4,9560,72,32,5,3,0.3,6.2,2,0.6,0.03,0.01,142,8,17,0.36,12.4,0.3,0.58,0.23,3.74,204,51,47.5,46.5,232.5,76,4,0.93,1.07,0.9,0.2,0.7,46,56,29,42,7,4.9,2.1,2.33,0.7,11.6,5.4172,7.74,135,5.8,96,3.2,113.28,106,181,287,36.93,10.4,251.78,0.2,13.2,446.6,2.96,7.8,4.8,153,4.4,0.33,147,112,66,247
905443,KLTRS12ODB,366111,25/08/2018,10:54,12:01,Dark Yellow,Clear,1.022,6.9,Negative,Negative,Negative,Negative,Negative,Normal,Negative,6-7,2,1-3,Nil,Rare,NIL,9.1,5.3,50.1,79.9,17,18,14.4,39.7,8224,51,20,2,2,0.4,1.96,2.72,1.2,0.42,0,428,11.1,11,0.6,17.1,3.3,0.33,0.2,2.03,198,45,94.8,34.8,174,140,4.4,2.11,0.47,0.3,0,0.3,106,5,18,26,6,3.6,2.4,1.5,1.1,10.7,4.9969,4.54,138,4.4,88,5.4,98.58,159,348,507,31.36,7.5,168.55,0.5,14.3,115.7,12.36,9.3,5.3,114,3.8,6.71,98,67,70,102
241514,MZLGI11BRC,599371,25/08/2018,08:19,09:26,Pale Yellow,Slightly cloudy,1.027,6.9,Trace,Negative,Negative,Negative,Negative,Normal,Negative,TNTC,1,1-4,Nil,Nil,Fungal elements,14.4,4.2,50.5,42,34,28,12.9,41.6,4903,33,36,1,2,0,7.45,3.86,0.44,0.23,0.05,245,14.6,17,0.34,41.2,2.6,0.26,0.36,0.53,185,54,93.2,37.4,187,158,3.4,1.73,0.58,0.5,0.2,0.3,107,22,87,28,8.1,4.3,3.8,1.13,0.8,13.4,6.2578,7.82,123,3.7,95,3.9,109.13,93,315,408,22.79,8.6,200.12,0.1,482.6,80,603.25,10,3.5,128,10.1,1.95,119,115,77,136
583824,PBCHD01RJU,821271,24/08/2018,10:32,11:57,Pale Yellow,Slightly cloudy,1.012,6.2,Trace,Trace,Negative,Negative,Negative,3+,Negative,11-12,1,1-4,Nil,Nil,NIL,16.1,6.5,17.4,97.2,24,92,12.2,35.3,7690,60,24,1,2,0.6,17.01,2.63,0.69,0.38,0.03,375,9.2,11,0.38,23.3,0.8,4.52,0.04,0.08,175,57,108.8,61.9,309.5,121,3.1,1.91,0.52,0.7,0.3,0.4,49,74,19,16,6.3,4.1,2.2,1.86,0.6,16.4,7.6588,12.76,97,3.2,107,4.1,106.26,124,122,246,50.41,8.7,202.99,0.7,27.1,95.3,28.44,8.8,4.3,212,10.6,1.59,144,62,70,142
477184,KLTRS02NLZ,766150,28/08/2018,10:14,11:40,Pale Yellow,Clear,1.013,6.7,Negative,Trace,Negative,Negative,Negative,Normal,Negative,9-10,0,1-4,Nil,Nil,NIL,15.2,5.9,54.5,57.4,25,27,13,40.7,4548,53,30,9,6,0,9.52,5.34,0.76,0.25,0.08,237,9.9,13,0.23,12.8,2.1,0.07,0.4,0.15,187,39,42.8,19.9,99.5,64,4.8,1.1,0.91,0.3,0.1,0.2,51,43,36,48,5.6,4.7,0.9,5.22,0.9,57.5,26.8525,29.84,136,4.5,115,3.9,101.33,122,258,380,32.11,6.2,131.24,0.9,18,127.4,14.13,13.3,3.7,326,15.7,1.96,113,95,62,118
681821,GYAHD06KLM,338069,24/08/2018,07:52,08:37,Pale Yellow,Clear,1.01,6.7,3+,Trace,1+,Negative,Negative,Normal,Negative,2-3,1,3-4,Nil,Nil,NIL,17.2,4.7,43.9,99,36,39,13.9,43,3747,46,35,1,2,0,2.54,3.06,0.31,0.05,0.07,559,8.1,15,0.05,20.7,2.3,0.29,0.28,0.27,100,47,88.2,12.5,62.5,201,2.1,1.88,0.53,0.6,0.1,0.5,116,24,30,22,8,4.7,3.3,1.42,0.6,12.8,5.9776,9.96,140,5.2,102,3.1,88.56,73,212,285,25.61,6.1,128.37,0.8,10.6,51.7,20.5,10.5,3.9,89,4.7,0.35,217,96,76,111
211350,KLTRS10TSS,536941,27/08/2018,10:04,11:10,Straw,Slightly cloudy,1.011,6.8,Negative,3+,Negative,Negative,Trace,Normal,Negative,5-7,1,2-2,Nil,Nil,NIL,8.1,4.9,39.1,81.1,16,20,12.9,49,7862,45,26,3,4,0,1.16,1.77,0.51,0.39,0.23,107,7.3,10,0.43,17.1,1.3,0.28,0.2,0.06,221,53,85.4,64.6,323,136,4.2,1.61,0.62,1,0.3,0.7,122,54,39,18,6.6,3.6,3,1.2,1.1,19.4,9.0598,8.24,137,4,90,4.7,108.23,92,105,197,46.7,5.9,122.63,0.1,12.5,176.5,7.08,11.6,5.1,265,18.5,0.87,95,129,121,60
206621,GYAHD02ODK,341945,27/08/2018,07:00,07:37,Pale Yellow,Clear,1.016,4.8,Trace,Trace,Negative,Negative,Trace,Normal,Negative,11-12,4,13-16,Nil,Nil,Fat droplets or lipiduria,9.3,8.1,50.6,77.5,11,18,13.1,39.7,6275,40,34,1,2,0,8.94,2.73,0.25,0.55,0.08,135,11.3,17,0.28,31,1.9,0.34,2.17,0.01,165,44,142.9,7.3,36.5,142,3.8,3.25,0.31,0.3,0.1,0.2,113,23,11,37,6.1,4.9,1.2,4.08,0.6,12.8,5.9776,9.96,138,3.7,113,6.7,62.83,85,238,323,26.32,6,125.5,0.7,15.1,136.2,11.09,7.9,5.8,96,21,4,80,60,64,134
572854,PBCHD01HPP,840376,24/08/2018,10:32,12:01,Deep Amber,Clear,1.015,7,Trace,Negative,Negative,Negative,Negative,Normal,Negative,3-5,1,1-3,Nil,Nil,Fat droplets or lipiduria,9.6,5.7,49.9,83.3,16,19,13.9,43.7,9066,58,27,5,7,0,3.37,4.35,0.21,0.01,0.01,427,8.8,17,0.3,13.9,0.9,0.11,0.33,5.68,181,49,89.7,35.5,177.5,138,3.7,1.83,0.55,0.3,0.1,0.2,107,40,13,15,7.8,4.6,3.2,1.44,1.2,12.9,6.0243,5.02,134,3.6,106,3.6,105.18,68,346,414,16.43,6.1,128.37,0.6,22.9,428.6,5.34,11.2,4.4,188,4.2,1.82,285,91,119,197
598870,GYAHD07JHJ,239308,27/08/2018,06:02,06:32,Light Yellow,Clear,1.014,5.9,Trace,Negative,Negative,Negative,Trace,1+,Negative,3-4,2,15-8,Nil,Nil,NIL,8.8,4.5,33.2,99.7,19,26,14.5,42.6,53833,47,27,2,4,6.4,0.83,1.96,0.69,0.07,0.06,214,7,14,0.51,27.7,1.8,0.13,0.19,0.24,178,49,91.6,35.4,177,102,3.6,1.87,0.53,0.2,0,0.2,87,19,21,21,5.5,4.4,1.1,4,0.6,16.4,7.6588,12.76,136,5.4,101,7.8,113.4,125,254,379,32.98,7.8,177.16,0.1,10.4,125.6,8.28,10.4,3.8,145,13.1,0.25,90,149,106,78
849608,MZLGI03GJS,874123,26/08/2018,06:08,07:32,Deep Amber,Cloudy,1.021,5.9,Trace,3+,Negative,Negative,1+,Normal,Negative,5-7,2,1-4,Nil,Nil,Parasites,16,4.7,52.5,82.8,34,30,16.4,46.3,9969,66,53,9,3,0,8.3,2.48,0.16,0.22,0.09,202,11.6,12,0.33,31.5,3.4,0.43,0.02,0.34,227,29,152.6,33.8,169,137,7.8,5.26,0.19,0.2,0,0.2,67,46,81,28,8.1,3.3,4.8,0.69,0.6,17.8,8.3126,13.85,143,4.3,99,6.8,102.77,123,258,381,32.28,5.5,111.15,0.8,27,104.3,25.89,8.6,6.2,91,10.9,0.009,105,150,115,137
994123,PBCHD07NLM,413006,28/08/2018,06:26,07:39,Dark Yellow,Opaque,1.017,6.5,Negative,Negative,Negative,Negative,Negative,Normal,Negative,6-7,1,1-2,Nil,Nil,Artifacts,10.3,5.7,34.1,48.8,18,30,14.1,41.4,6934,46,23,6,2,0,4.65,7.41,0.49,0.16,0.1,252,9.4,14,0.22,16.9,3.5,0.4,0.1,0.82,192,50,86.2,8.3,41.5,172,3.8,1.72,0.58,0.5,0.1,0.4,98,16,34,36,7.2,3.5,3.7,0.95,1.1,10.3,4.8101,4.37,142,4.2,96,5.8,106.51,51,358,409,12.47,6,125.5,0.2,23.9,30.6,78.1,9.5,2.9,221,13.2,9.66,114,92,81,260
536873,KLTRS07ODB,414962,27/08/2018,09:36,10:59,Light Yellow,Slightly cloudy,1.017,5.9,Trace,Negative,Negative,Negative,Negative,Normal,Negative,8-9,0,2-4,Nil,Moderate,Mucus threads,21.4,5.3,40,73.5,40,53,13.2,42.4,4055,49,10,1,3,0,4.98,3.33,0.57,0.38,0.06,24,12,14,0.25,12.4,0.4,2.57,0.65,0.28,164,40,85.1,6.1,30.5,145,4.1,2.13,0.47,0.9,0.3,0.6,76,35,10,28,5.9,4.1,1.8,2.28,0.7,6.1,2.8487,4.07,143,4.2,97,2.6,118.95,162,184,346,46.82,6.2,131.24,0.1,20.2,131.1,15.41,9.7,4.3,99,9.9,3.22,89,129,76,147
783444,GYAHD13KLM,208373,26/08/2018,07:11,08:18,Pale Yellow,Hazy,1.016,4.7,Negative,Trace,Negative,1+,Negative,Normal,Negative,9-10,1,3-4,Rare,Nil,NIL,20.8,4.7,42.3,96.4,44,49,16.2,40.1,8704,38,37,25,4,0,5.52,5.42,0.91,0.28,0.05,64,17.8,13,0.29,23.9,4,0.25,0.09,1.3,161,71,112.3,8.5,42.5,106,2.3,1.58,0.63,0.8,0.3,0.5,118,33,11,27,7.6,4.9,2.7,1.81,1.2,13.5,6.3045,5.25,138,4.7,106,5,110.59,73,229,302,24.17,8.6,200.12,0.9,26.5,143.3,18.49,8.9,4.8,175,8.8,3.29,92,65,111,191
934650,KLTRS12ODB,986719,25/08/2018,09:58,11:08,Straw,Slightly cloudy,1.01,6.3,Trace,Trace,Negative,Negative,Negative,Normal,Negative,2-3,1,5-16,Nil,Nil,NIL,9,5.1,41.8,80.4,17,21,13.7,39.1,6823,58,22,6,7,0,22.64,2.2,0.27,0.52,0.07,359,11.5,11,0.28,22.4,4.3,0.14,0.28,0.92,211,54,76.8,82.9,414.5,91,3.9,1.42,0.7,5.3,2.6,2.7,30,26,24,10,6.7,4.7,2,2.35,1.2,18.2,8.4994,7.08,149,5.5,115,5.6,109.07,144,331,475,30.32,5.9,122.63,0.8,23.6,127.1,18.57,10.4,5.5,264,13.9,5.36,81,132,104,105
524527,MZLGI13RJK,825961,26/08/2018,08:34,09:55,Straw,Hazy,1.013,6.7,Trace,Negative,Negative,Negative,Negative,Normal,Negative,10-11,2,3-3,Rare,Nil,NIL,13,8.5,49,74.8,15,26,13.3,45.8,4605,53,32,6,6,0,2.59,2.25,0.09,0.53,0.06,173,11.8,15,0.36,33.9,1.6,0.35,0.13,0.28,198,52,86.1,31.9,159.5,112,3.8,1.66,0.6,0.5,0.2,0.3,105,38,11,12,6.4,4.6,1.8,2.56,0.7,45.7,21.3419,30.49,136,4.4,100,6.4,96.3,156,360,516,30.23,6.1,128.37,0.1,23.6,24.2,97.52,9,5.3,135,7.8,1.58,76,117,70,137
525745,GYAHD01JHJ,152459,25/08/2018,09:51,10:37,Straw,Slightly cloudy,1.029,4.7,1+,Trace,Negative,Negative,Negative,Normal,Negative,TNTC,0,2-4,Nil,Nil,NIL,19,4.3,37.1,83.5,44,51,11.8,44.2,43438,23,21,5,7,0,5.96,1.76,0.6,0.41,0.1,1180,9.4,13,0.34,29.9,1.2,0.57,0.01,0.28,203,40,153.6,29.4,147,147,5.1,3.84,0.26,0.7,0.3,0.4,70,47,12,22,5.1,4.5,0.6,7.5,1.7,7.7,3.5959,2.12,138,3.8,106,5.7,114.97,119,235,354,33.62,5.9,122.63,0.2,12.9,94,13.72,10,1.8,113,11.8,2.95,88,88,97,119
484668,KLTRS06WBD,890464,27/08/2018,08:34,09:54,Straw,Slightly cloudy,1.018,6.7,Negative,Negative,Negative,Negative,Negative,Normal,Negative,87-91,2,3-2,Nil,Rare,NIL,17.7,5.6,45.8,77.8,31,38,16.2,41.1,7811,69,32,6,11,0,8.22,2.21,0.64,0.23,0.06,351,14.4,15,0.29,19.6,5.2,0.28,0.31,2.11,189,28,99.6,14,70,146,6.8,3.56,0.28,0.9,0.3,0.6,60,9,21,32,8.3,3.7,4.6,0.8,0.6,16.8,7.8456,13.08,145,4.2,106,2.6,102.92,180,346,526,34.22,7.1,157.07,0.9,23.3,132,17.65,8.6,5.8,180,15.9,1.73,86,93,90,146
751804,GYAHD02KAU,623624,27/08/2018,10:44,11:46,Straw,Clear,1.028,6,2+,Trace,Negative,Negative,Negative,Normal,Negative,10-12,1,2-3,Nil,Nil,NIL,14.1,6.4,38.6,87,22,36,12.8,39.8,7828,45,31,3,7,0,1.15,2.2,0.72,0.25,0.39,920,16.9,14,0.28,40.4,1.7,0.85,0.01,0.13,168,25,177.1,82,410,127,6.7,7.08,0.14,0.3,0.1,0.2,121,48,10,41,6.6,4.5,2.1,2.14,0.4,12.8,5.9776,14.94,125,4.7,103,5.1,48.02,152,344,496,30.65,6,125.5,0.6,27,121,22.31,11.8,3.2,75,5.5,0.19,104,110,206,151
381173,GYAHD03JHJ,377659,25/08/2018,09:37,10:44,Light Yellow,Slightly cloudy,1.01,4.6,Negative,Negative,Negative,Negative,Negative,Normal,Negative,8-10,1,2-4,Nil,Nil,Fungal elements,21.5,8.5,43.4,84.3,25,49,13.9,45.4,10452,41,34,5,8,0,4.21,2.34,0.28,0.42,0.01,414,12.1,17,0.14,31.5,4.7,1.26,0.35,0.4,177,26,71.3,65.5,327.5,118,6.8,2.74,0.36,0.6,0,0.6,66,52,40,14,6.8,3.6,3.2,1.13,1.2,11.2,5.2304,4.36,144,3.8,102,4.4,93.02,104,245,349,29.8,8.2,188.64,0.9,10.3,213.5,4.82,8.5,3.8,135,5.8,3.97,131,99,73,101
742308,KLTRS14NLZ,699950,25/08/2018,08:14,08:47,Straw,Clear,1.029,5.6,1+,Trace,Negative,Trace,Negative,Normal,Negative,11-12,0,>20,Nil,Few,NIL,15.2,4.6,43.5,98.8,33,34,11.9,44.6,7171,59,35,3,8,0,2.25,1,0.84,0.4,0.01,191,12.3,16,0.32,22.6,4.8,0.04,2.88,0.33,191,54,75.8,10.3,51.5,151,3.5,1.4,0.71,0.5,0,0.5,90,54,24,47,7.8,3.8,4,0.95,0.8,15.9,7.4253,9.28,137,4,93,3.7,106.51,197,357,554,35.56,6.3,134.11,0,25.4,52.3,48.57,8.9,2.8,116,6.1,1.95,102,72,114,124
878597,KLTRS05NLZ,682552,28/08/2018,09:02,09:46,Pale Yellow,Clear,1.027,6.6,Trace,2+,Negative,Trace,Negative,Normal,Negative,9-10,19,3-2,Few,Nil,Yeast cells,19.9,5.4,43.2,94.3,36,46,13.6,45.3,7327,73,19,5,8,0,1.41,1.48,0.6,0.02,0.08,55,7.2,24,0.37,32,4.8,6.19,0.25,0.41,197,47,96.7,102.5,512.5,139,4.2,2.06,0.49,0.7,0.3,0.4,74,27,29,41,7.2,4.7,2.5,1.88,0.6,5.2,2.4284,4.05,120,5.2,101,5.6,93.68,101,244,345,29.28,5.8,119.76,0.4,16.3,142,11.48,7.8,4.2,66,4.2,4.22,73,119,97,132
547284,KLTRS15WBD,184867,27/08/2018,07:59,09:12,Green,Slightly cloudy,1.026,5.9,Trace,Trace,Negative,Negative,Negative,Normal,Negative,9-10,5,1-3,Nil,Nil,NIL,15.8,5.2,33.8,82.9,30,46,13.9,41.8,6340,47,20,5,3,0,7.26,2.86,0.34,0.21,0.44,436,10.4,10,0.3,16.1,3.9,0.35,0.01,0.63,920,40,93.8,73.5,367.5,76,23,2.35,0.43,0.7,0.3,0.4,98,55,24,28,7.2,3.9,3.3,1.18,0.8,16.3,7.6121,9.52,143,3.8,88,6.9,102.6,94,353,447,21.03,7.6,171.42,0.5,22.9,73,31.37,12.9,3.7,100,20.9,0.21,91,90,97,99
695504,KLTRS02ODB,280223,26/08/2018,08:14,08:56,Pale Yellow,Clear,1.027,5.4,4+,Negative,Trace,Negative,Negative,Normal,Negative,1-2,2,2-4,Nil,Rare,Amorphous debris,9.7,5.1,20.7,73,19,46,14.3,38.9,10415,56,21,17,8,0,2.81,1.95,0.74,0.05,0.04,174,10.3,24,0.12,21.9,2.8,2.64,0.21,0.32,169,42,91.2,31.4,157,141,4,2.17,0.46,0.8,0.3,0.5,127,39,17,52,8.2,4.1,4.1,1,0.7,25.3,11.8151,16.88,145,4,98,2.4,109.06,117,274,391,29.92,6.1,128.37,1,13.9,23.9,58.16,9.9,4.4,267,5.6,1.52,96,116,73,84
560021,KLTRS09KLP,346876,27/08/2018,07:51,09:03,Straw,Clear,1.016,6.9,Trace,1+,Trace,Negative,Negative,Normal,Negative,11-13,1,3-2,Nil,Nil,NIL,10.7,6.9,55.4,81.2,15,19,11.8,28.2,5898,20,39,1,2,0,7.46,2.54,0.77,0.32,0.02,337,14.4,11,0.49,30.7,4.3,0.32,0.19,3.86,177,45,167.5,32.5,162.5,88,3.9,3.72,0.27,0.6,0.2,0.4,301,35,40,32,6.7,4.6,2.1,2.19,0.8,22.5,10.5075,13.13,149,5.1,107,6.1,97.57,112,334,446,25.11,5.8,119.76,0.9,13.6,61.2,22.22,7.5,3.2,166,16.3,0.12,123,83,113,77
837257,GYAHD15KAU,719534,28/08/2018,07:42,08:58,Light Yellow,Clear,1.03,6.5,Negative,Negative,Negative,Negative,Negative,Normal,Negative,73-76,0,3-2,Nil,Few,Fat droplets or lipiduria,14.9,4.5,33.4,72.1,33,44,12,39.6,5165,52,50,6,6,0,1.42,2.24,0.81,0.11,0.15,187,7.1,14,0.33,37.6,4.8,0.13,0.28,0.06,150,48,90,38.2,191,61,3.1,1.88,0.53,0.8,0.1,0.7,102,34,16,17,6.4,3.4,3,1.13,0.6,18.2,8.4994,14.17,137,4.7,81,5.1,114.24,66,311,377,17.51,5.9,122.63,0.4,28.4,143.4,19.8,9.4,3,240,11.3,8.59,84,84,86,61
214001,KLTRS07ODB,742202,26/08/2018,11:50,12:48,Straw,Clear,1.018,4.8,Trace,1+,Negative,Negative,Negative,Normal,Negative,9-11,1,2-2,Rare,Nil,NIL,20.9,4.3,52.2,91.3,48,40,13.7,49.3,10012,68,41,6,6,0,1.57,1.34,0.79,0.17,0.04,150,11.1,15,0.34,20.4,6.8,0.26,0.83,0.4,201,21,77.9,22,110,126,9.6,3.71,0.27,0.6,0,0.6,49,27,15,47,6.8,4.7,2.1,2.24,1.1,13.3,6.2111,5.65,144,4.2,97,2,103.51,81,272,353,22.95,8.9,208.73,0.5,12.5,76.7,16.3,9.7,3.9,129,9.6,2.37,75,65,72,82
929156,KLTRS14NLZ,331062,24/08/2018,09:51,11:11,Straw,Hazy,1.013,6.1,1+,3+,2+,Trace,Negative,Normal,Negative,8-9,2,2-4,Rare,Nil,Yeast cells,16.2,4.1,63.1,73.9,39,25,11.9,37.9,5871,54,18,5,9,0,0.32,1.42,0.45,0.2,0.09,195,9.4,24,0.37,43.8,0.7,0.29,0,0.07,225,46,62.7,82.6,413,87,4.9,1.36,0.73,0.5,0.1,0.4,46,35,28,15,5.7,4.8,0.9,5.33,0.6,208.2,97.2294,162.05,147,2.8,88,1.8,109.52,38,351,389,9.77,6,125.5,0.5,11.6,96.4,12.03,8.3,4.2,104,7.6,3.59,87,134,248,116
949547,MZLGI12MHP,380677,28/08/2018,07:21,08:16,Deep Amber,Hazy,1.017,4.8,1+,Negative,Negative,Trace,1+,Normal,Negative,1-2,1,2-2,Nil,Nil,NIL,14.4,8,35.4,91.4,18,40,14.8,43.1,2177,38,22,1,1,0,15.54,1.45,0.78,0.21,0.06,279,9.5,5,0.25,28.5,3.3,0.14,0.29,0.03,143,50,85.4,28.8,144,125,2.9,1.71,0.59,0.4,0.1,0.3,74,35,34,45,6.8,4.9,1.9,2.58,1,12.1,5.6507,5.65,140,3.8,95,5.2,105.45,91,265,356,25.56,7.2,159.94,4.3,288,87.7,328.39,13.5,3.7,142,7.4,2.39,103,165,83,213
415130,GYAHD09KLM,946351,27/08/2018,07:36,08:29,Straw,Opaque,1.016,6.3,Trace,Negative,Negative,Negative,Negative,2+,Negative,7-8,2,2-2,Nil,Nil,NIL,19.4,4.2,38,79.7,46,51,12.3,42,8720,49,31,6,8,0,1.24,1.5,0.21,0.12,0.04,438,10.1,12,0.56,12.7,4.2,0.3,0.37,0.74,159,41,79.7,13.2,66,91,3.9,1.94,0.51,0.3,0.1,0.2,77,51,32,58,7.3,5,2.3,2.17,1.1,10.3,4.8101,4.37,140,4.6,101,2.8,117.6,70,360,430,16.28,7.6,171.42,0.8,78.9,95,83.05,8.9,4.1,62,3.2,1.98,88,98,174,170
762888,MZLGI12MHP,171139,26/08/2018,08:54,09:38,Straw,Slightly cloudy,1.019,5.4,Negative,Negative,Negative,Negative,Negative,Normal,Negative,4-6,2,3-2,Few,Nil,Artifacts,19,6.3,32.3,88.3,30,58,13.3,32.9,7382,52,35,1,6,0,6.05,2.73,0.55,0.44,0.07,339,9.7,14,0.46,33.5,2.4,0.19,0.35,0.2,227,55,64.6,33.8,169,96,4.1,1.17,0.85,0.8,0.3,0.5,53,20,36,9,6.7,3.7,3,1.23,0.8,13.6,6.3512,7.94,138,4,95,3.3,99.15,91,356,447,20.36,6.1,128.37,1,15.9,124,12.82,10.5,3.3,242,10.9,3.27,172,98,84,270
987336,MZLGI14BRC,264891,24/08/2018,08:33,09:44,Straw,Hazy,1.014,6.2,Negative,Trace,Negative,Trace,Negative,Normal,Negative,4-5,2,3-2,Few,Rare,Artifacts,11.4,8.3,38.5,81.2,13,29,13.1,43.5,8011,52,17,4,21,0.6,4.05,2.54,0.22,0.32,0.09,301,9.1,19,0.47,45.3,6.7,3.25,0.3,0.1,198,39,32.4,51.4,257,170,5.1,0.83,1.2,0.9,0.3,0.6,60,17,38,19,8,5,3,1.67,0.8,11.7,5.4639,6.83,133,5,105,2.5,37.54,182,266,448,40.63,6.1,128.37,0.4,26,202.6,12.83,10.6,2.2,157,9.9,1.34,103,63,93,192
985137,KLTRS10ODB,762092,27/08/2018,07:14,08:13,Pink,Hazy,1.014,8.9,Trace,Negative,Negative,Negative,Negative,Normal,Negative,2-4,1,1-4,Rare,Nil,Yeast cells,8.4,4.8,32.9,86.1,17,25,14.3,41.7,42982,42,38,6,3,0,4.67,1.34,0.01,0.39,0.02,100,10.4,17,0.09,13.6,2.6,2.4,0.12,0.01,105,56,106.6,24.8,124,102,1.9,1.9,0.53,0.7,0.3,0.4,82,22,22,20,7,3.8,3.2,1.19,1.2,9.8,4.5766,3.81,152,5.3,115,3.8,112.84,47,345,392,11.99,12.2,303.44,1,17.4,25.9,67.18,9.8,4.2,260,8.7,0.08,103,96,103,73
223583,KLTRS07WBD,825031,25/08/2018,07:37,09:01,Light Yellow,Hazy,1.02,6.8,Negative,Trace,Trace,Negative,Negative,Normal,Negative,2-3,9,2-3,Nil,Rare,Amorphous debris,14.8,4.6,39.2,79.8,32,37,12.6,40.6,5638,71,49,6,3,0.7,1.04,2.7,0.9,0.36,0.1,70,11.8,11,0.22,30.4,4.8,0.06,0.4,0.17,227,44,81.3,60,300,147,5.2,1.85,0.54,0.2,0,0.2,51,54,35,45,6.4,3.6,2.8,1.29,1,148,69.116,69.12,127,2.9,105,2.1,100.71,143,354,497,28.77,6.1,128.37,0.6,10.8,146.9,7.35,10.1,4.1,42,14.4,2.62,141,92,125,197
604121,PBCHD05NLM,109710,25/08/2018,06:25,07:00,Pale Yellow,Clear,1.014,4.6,Trace,Negative,Negative,Negative,Negative,Normal,Negative,11-13,2,9-19,Nil,Nil,Fat droplets or lipiduria,15.6,4.1,33,81.2,38,47,12.7,41.8,9810,49,23,6,2,0,3.5,2.11,0.91,0.27,0.1,273,9.6,10,0.61,33.1,1.9,0.01,0.04,0.12,105,74,79.6,61,305,191,1.4,1.08,0.93,0.4,0.1,0.3,196,26,16,46,7.1,4.1,3,1.37,0.7,19.8,9.2466,13.21,141,5.8,107,6.5,110.59,106,137,243,43.62,5.8,119.76,0.3,20.7,93.7,22.09,9,3.1,224,9.2,0.02,84,68,84,403
710379,MZLGI06GJS,469638,27/08/2018,10:40,12:07,Light Yellow,Clear,1.013,5.2,Negative,2+,Negative,Negative,Negative,Normal,Negative,5-7,2,2-2,Nil,Rare,NIL,1.6,4.2,37.4,98.9,3,4,13.3,45.6,6791,53,29,2,3,0,1.04,1.77,0.16,0.02,0.01,224,8.1,16,0.34,23.2,2.4,0.01,0.34,0.26,186,79,86.9,31.5,157.5,157,2.4,1.1,0.91,0.7,0.2,0.5,115,55,16,11,7.1,4.7,2.4,1.96,0.6,18.8,8.7796,14.63,133,3.9,105,2.6,106.87,164,347,511,32.09,6,125.5,0.3,13.2,228.4,5.78,9.6,4.6,196,3.9,10.17,72,88,75,258
282543,PBCHD11KLC,985582,25/08/2018,09:06,09:44,Pale Yellow,Clear,1.013,5.9,Trace,Trace,Negative,Negative,Negative,Normal,Negative,55-59,0,12-10,Nil,Nil,NIL,9.3,4.2,19.5,73.3,22,47,13.4,40.3,4439,49,28,5,2,0,8.38,1.94,0.54,0,0.27,407,11.1,17,0.32,12.1,4.2,0.27,0.1,0.26,175,51,76.4,38.8,194,81,3.4,1.5,0.67,0.6,0.1,0.5,80,51,35,14,7.3,3.4,3.9,0.87,0.6,22.2,10.3674,17.28,148,3.1,107,6.7,117.36,99,161,260,38.08,6.1,128.37,0.7,28.7,61.6,46.59,8.7,3.9,295,10.1,0.58,90,75,99,91
785414,GYAHD06KLM,459941,26/08/2018,08:32,09:55,Pale Yellow,Clear,1.015,4.9,Negative,Negative,3+,Negative,Negative,Normal,Negative,5-7,2,1-3,Nil,Nil,NIL,12.7,4.1,51.6,93.3,30,24,12.5,42.7,8457,52,38,4,16,0,6.49,1.24,0.89,0.09,0.02,1027,13.4,11,0.27,24.4,6.4,0.37,0.22,0.36,198,52,72.7,31.3,156.5,155,3.8,1.4,0.72,1,0,1,82,37,20,33,7.5,3.5,4,0.88,0.5,16.5,7.7055,15.41,125,4,96,3.4,47.7,129,212,341,37.83,7.7,174.29,0.9,27.9,134.2,20.79,9.5,2.7,167,4.1,1.51,90,83,79,133
967060,PBCHD05RJU,665006,25/08/2018,11:47,12:39,Yellow,Clear,1.029,5.2,Negative,Trace,Negative,Negative,Negative,Normal,Negative,13-15,2,1-4,Rare,Nil,NIL,16.1,2.8,50.8,84.9,57,31,11.6,40.8,9120,59,32,4,4,0,1.37,1.23,0.69,0.26,0.01,900,11,16,0.15,29.1,3.1,0.38,0.14,0.36,209,35,89.7,28.8,144,172,6,2.56,0.39,0.5,0.2,0.3,54,19,25,25,6.1,5,1.1,4.55,0.7,217.3,101.4791,144.97,149,5.2,87,3.3,75.92,185,183,368,50.27,7.9,180.03,0.2,10.5,166.1,6.32,11.8,2.1,110,3.5,2.78,91,63,84,61
858392,KLTRS10KLP,790963,26/08/2018,11:23,12:04,Light Yellow,Hazy,1.011,6.7,Trace,Negative,Negative,Negative,Negative,Normal,Negative,4-6,0,2-3,Nil,Moderate,NIL,16.2,3.9,53.9,71.6,41,30,12.7,42,5743,37,20,5,2,0,8.84,2.78,0.83,0.48,0.08,98,6.1,17,0.18,15.6,4.3,0.03,0.28,0.25,186,41,75.8,10,50,69,4.5,1.85,0.54,0.4,0.1,0.3,280,22,10,21,8.3,4.7,3.6,1.31,0.6,78.9,36.8463,61.41,140,3.5,99,4.4,107.24,116,174,290,40,5.8,119.76,0.6,16.2,144.3,11.23,11.1,2.3,90,3.7,0.07,99,143,74,199
680462,GYAHD13KLM,956721,24/08/2018,10:58,11:35,Deep Amber,Clear,1.015,4.7,Negative,Trace,Negative,Negative,Negative,Normal,Negative,60-63,1,3-3,Nil,Rare,NIL,8.2,4.8,46.6,82.3,17,17,9.6,43.4,4797,49,40,1,3,0,4.26,4.86,1.28,0.33,0.08,286,7.1,15,0.27,21.3,0.4,0.37,0.19,0.05,980,64,71.9,6.8,34,213,15.3,1.12,0.89,0.4,0,0.4,128,53,28,36,7.2,3.9,3.3,1.18,1,9.6,4.4832,4.48,134,2.9,105,3.4,117.3,87,358,445,19.55,6.4,136.98,0.9,10.1,114.1,8.85,10.3,3.7,122,12.8,0.49,110,90,116,123
912513,PBCHD03RJU,515451,27/08/2018,07:43,08:58,Yellow,Hazy,1.014,8,Negative,Negative,1+,Negative,Negative,Normal,Negative,2-3,1,11-18,Few,Rare,NIL,14.1,4.4,40.8,75,32,34,11.6,39.7,8708,53,25,4,7,0,0.61,2.59,0.73,0.76,0.09,84,7.1,10,0.36,43.9,2.8,0.26,0.27,0.1,197,57,67.9,57.8,289,200,3.5,1.19,0.84,0.8,0.1,0.7,120,82,8,27,6.1,4.2,1.9,2.21,0.6,8.1,3.7827,6.3,139,3.8,110,3.1,99.33,147,211,358,41.06,11.3,277.61,0.6,21.6,419.1,5.15,10.1,3.8,73,19,1.18,94,64,98,111
729591,KLTRS09MLT,107026,27/08/2018,10:52,12:06,Dark Yellow,Hazy,1.021,6.9,Negative,1+,Negative,Negative,Negative,Normal,Negative,11-12,1,2-4,Rare,Nil,NIL,11,5.2,25.7,69.8,21,42,14.3,42.7,10321,74,15,2,8,0,1.17,2.24,0.56,0.19,0.09,245,7.2,17,0.38,32.4,0.1,1.89,0.27,0.21,157,41,77.9,79.6,398,122,3.8,1.9,0.53,0.7,0,0.7,96,34,20,20,7.8,4.2,3.6,1.17,0.7,17.3,8.0791,11.54,144,2.7,95,3,119.22,20,177,197,10.15,6.9,151.33,0.9,272,98.2,276.99,7.7,3.1,119,19.2,3.89,81,73,71,102
491715,PBCHD12SKM,755626,26/08/2018,11:00,12:10,Yellow,Clear,1.027,6.9,Negative,Trace,Negative,Negative,Negative,3+,Negative,3-4,1,1-4,Nil,Rare,NIL,15.6,5.8,33.8,98.5,26,46,10.4,40.1,5744,46,11,2,8,0,7.78,1.77,0.63,0.31,0.02,201,8.4,24,0.28,16.7,3.7,0.31,0.14,0.1,157,45,100.7,42.4,212,64,3.5,2.24,0.45,0.4,0,0.4,103,40,15,24,7,4.3,2.7,1.59,0.5,29.5,13.7765,27.55,143,5.7,113,5.6,94.7,92,212,304,30.26,6.2,131.24,0.3,13.3,80.4,16.54,10.2,3.8,73,7.2,9.63,78,81,78,161
402276,KLTRS10MLT,470340,25/08/2018,06:28,07:27,Yellow,Slightly cloudy,1.014,6.6,Negative,Negative,Negative,Negative,Negative,Normal,Negative,73-77,1,2-4,Nil,Nil,NIL,17.9,4.3,56.6,91.5,41,31,13.5,41.9,6201,48,45,5,4,0.2,0.99,2.66,0.17,0.44,0,342,10.5,17,0.33,15.2,4.5,0.17,0.73,3.23,203,27,77.5,12.4,62,173,7.5,2.87,0.35,0.2,0,0.2,87,14,27,38,8.2,3.6,4.6,0.78,1.2,9.4,4.3898,3.66,127,5.2,97,5.9,116.08,183,287,470,38.94,5.9,122.63,0.4,23,148.1,15.53,10.5,4.7,169,13,0.23,103,72,108,129
165971,MZLGI02GJS,373706,24/08/2018,07:24,08:45,Light Yellow,Clear,1.017,7,Trace,Trace,Negative,Negative,Negative,Normal,Negative,9-11,0,2-4,Nil,Nil,NIL,12.7,4.1,56.7,95.9,30,22,14.5,40.6,9157,56,49,3,6,0,2.86,1.27,0.68,0.48,0.13,316,15.7,11,0.34,23.7,3.5,0.15,0.17,4.95,128,58,31.9,43,215,62,2.2,0.55,1.82,0.5,0.1,0.4,72,16,39,43,6.3,5,1.3,3.85,0.9,11.9,5.5573,6.17,139,5,98,5.6,105.08,124,144,268,46.27,8.7,202.99,0.6,15.8,48.6,32.51,11.8,2.6,215,8,10.17,85,124,77,139
184792,MZLGI11BRC,697567,26/08/2018,11:43,12:32,Orange,Hazy,1.019,5.4,Trace,1+,Negative,Negative,Negative,Normal,Negative,10-11,2,1-4,Nil,Nil,NIL,13.4,4.4,49.8,74.3,30,26,12.6,38.2,6670,74,27,1,12,0,9.65,0.12,0.22,0.48,0.02,354,14.8,12,0.3,21,1.8,4,0.19,0.15,170,52,140.4,17.2,86,123,3.3,2.7,0.37,18.2,13.7,4.5,126,33,16,35,7.4,4.4,3,1.47,0.8,7.1,3.3157,4.14,124,3.1,82,5.6,105.72,158,188,346,45.66,6,125.5,0.9,16.9,121.4,13.92,10.3,2.5,187,4.9,11.36,90,65,87,195
585774,MZLGI02GJS,717528,24/08/2018,06:03,07:19,Light Yellow,Clear,1.012,5.3,Trace,Trace,Negative,Negative,Negative,Normal,Negative,2-4,2,1-3,Nil,Nil,NIL,15.4,4.1,54.2,85.8,37,28,12.5,45.5,4064,65,39,1,3,0,2.19,1.48,0.23,0.74,0.06,157,7.7,12,0.21,23.1,4.1,0.34,0.35,3.7,192,76,93,40.1,200.5,84,2.5,1.22,0.82,0.9,0.3,0.6,82,23,13,90,7.7,3,4.7,0.64,1,11.4,5.3238,5.32,141,4.4,111,8.8,91.64,151,211,362,41.71,8,182.9,0.6,15.7,140,11.21,7.9,2.4,151,3.5,2.11,88,79,186,98
156523,PBCHD08PBM,729162,26/08/2018,11:37,13:03,Orange,Clear,1.015,6.8,Negative,Trace,Negative,Negative,Negative,Normal,Negative,14-15,0,5-8,Nil,Moderate,Parasites,14.8,6.7,53,90.2,22,27,13.6,45.8,4504,71,18,4,7,0,1.37,1.74,0.36,0.3,0.11,170,8.2,16,0.35,25.4,4.2,0.23,4.7,2.21,216,57,92.1,35.3,176.5,164,3.8,1.62,0.62,0.8,0.1,0.7,79,20,36,47,7.2,3.7,3.5,1.06,1.1,16.2,7.5654,6.88,137,4.8,98,6.3,111.9,157,203,360,43.61,5.7,116.89,0.4,13.6,67.5,20.15,11.7,2.6,188,6.3,2.83,77,88,92,294
119788,GYAHD12JHJ,460924,24/08/2018,10:21,11:02,Pale Yellow,Cloudy,1.025,5.2,Trace,Negative,Negative,Negative,Negative,Normal,Negative,1-2,0,2-2,Nil,Nil,NIL,18.9,4.9,38.2,84.2,38,49,13.5,40,4636,37,36,23,12,0.9,1.07,2.2,0.27,0.24,0.11,413,8.3,16,0.34,25.4,3.2,0.3,0.33,0.04,212,28,156.6,69.3,346.5,137,7.6,5.59,0.18,0.8,0.2,0.6,124,12,15,23,8.3,4.6,3.7,1.24,0.6,13.3,6.2111,10.35,129,5.8,108,3.5,103.56,172,355,527,32.64,5.8,119.76,0.2,10.7,44,24.32,10.4,4.5,216,21.1,1.46,122,113,205,136
982417,GYAHD01KAU,922507,26/08/2018,10:39,11:37,Red,Clear,1.025,4.9,Trace,1+,Negative,Negative,Negative,Normal,Negative,14-15,0,1-2,Rare,Nil,NIL,7.5,7.4,38.7,84.3,10,19,15.3,43.3,5750,32,10,1,4,0,6.33,2.76,0.17,0.57,0.07,125,14.7,14,0.27,15.7,3.6,0.25,0.35,0.02,134,40,113.3,24,120,110,3.4,2.83,0.35,0.8,0.1,0.7,112,6,36,25,8.3,4.4,3.9,1.13,1.6,5.4,2.5218,1.58,130,5.7,98,3,118.62,114,356,470,24.26,6.2,131.24,0.9,27.2,37.6,72.34,9.9,3.9,242,4.7,2.81,120,90,87,103
910121,GYAHD10KLM,251353,26/08/2018,07:02,08:30,Straw,Slightly cloudy,1.004,6.8,3+,Trace,Negative,Trace,Negative,Normal,Negative,7-9,2,12-18,Nil,Nil,NIL,13.5,6.2,48.9,92.8,21,27,14.5,26,10948,47,31,6,3,0.7,2.68,2.92,0.3,0.6,0.05,372,8.1,11,0.09,14.7,4.8,0.03,0.24,0.07,223,30,67.3,82.3,411.5,172,7.4,2.24,0.45,0.8,0.3,0.5,73,21,22,11,7.9,4.7,3.2,1.47,1.2,18,8.406,7.01,149,5.2,112,4.3,74.36,157,349,506,31.03,7,154.2,0.7,714.2,102.6,696.1,11.5,3.5,67,13.1,2.58,115,88,97,430
458896,KLTRS12KLP,700317,27/08/2018,07:53,08:45,Yellow,Clear,1.012,4.1,Negative,Negative,Negative,Negative,Negative,Normal,Negative,11-13,2,1-3,Few,Nil,NIL,17.4,5,38.4,86.1,34,45,10.4,35,5840,47,13,1,9,0,7.78,7.01,0.92,0.04,0.01,442,8,17,0.11,30.3,0.9,0.95,2.72,0.07,205,55,87.4,59.3,296.5,130,3.7,1.59,0.63,1.1,0,1.1,90,56,22,10,7.8,3.8,4,0.95,1.1,10.7,4.9969,4.54,141,4.1,103,7.2,101.21,96,337,433,22.17,8.7,202.99,0.1,15.2,112.1,13.56,11.2,2.5,214,7.8,3.64,85,64,89,136
177020,PBCHD09HPP,225815,25/08/2018,08:30,09:21,Pink,Clear,1.025,6.3,Negative,Negative,Negative,Negative,Negative,Normal,Negative,2-4,2,1-2,Nil,Nil,NIL,17.2,6,40.5,56.5,28,42,14,43.5,10125,56,38,5,6,0,4.13,2.6,0.42,0.36,0.13,158,7.6,14,0.1,26.8,4.6,0.06,0.01,0.92,226,56,103.6,34.4,172,172,4,1.85,0.54,0.2,0,0.2,94,42,39,37,7.7,4.2,3.5,1.2,1.2,15,7.005,5.84,147,4.6,107,6,30.99,52,226,278,18.71,5.8,119.76,0.8,11.3,77.7,14.54,9.1,5.3,77,3.4,2.63,104,97,88,168
721781,GYAHD02KLM,210734,25/08/2018,10:43,11:20,Pale Yellow,Clear,1.015,6.4,2+,Negative,Negative,Negative,Negative,Normal,Negative,11-13,0,1-4,Nil,Nil,NIL,10.3,5,54.2,42.2,20,19,12.8,44.9,8983,51,17,25,3,0,3.98,1.77,0.73,0.28,0.03,404,15,13,0.72,27.9,2,0.06,0.27,0.3,165,51,91.5,106.5,532.5,126,3.2,1.79,0.56,0.5,0.2,0.3,114,76,10,31,6.3,3.8,2.5,1.52,1.2,18.2,8.4994,7.08,142,5.3,99,5.8,119.04,169,360,529,31.95,6.3,134.11,0.1,149.7,85.6,174.88,8.7,4.5,201,14.7,1.17,76,174,100,98
369866,MZLGI08APK,913547,25/08/2018,08:33,09:09,Light Yellow,Slightly cloudy,1.03,4.9,Trace,Negative,Negative,Negative,Negative,Normal,Positive,6-7,2,1-4,Rare,Nil,Yeast cells,15.1,5,27.9,88.8,30,54,12.6,42.3,5591,55,39,2,3,0,2.05,0.48,0.69,0.21,0.03,247,10.9,18,0.24,15.2,0.1,0.96,0.37,1.02,707,51,87.5,49.4,247,76,13.9,1.72,0.58,0.4,0,0.4,118,32,12,37,6.4,4.1,2.3,1.78,1.1,7,3.269,2.97,140,2.8,104,3,114.08,56,133,189,29.63,5.9,122.63,1,26,289.2,8.99,10.7,4.6,164,20.9,0.31,86,97,146,89
700349,GYAHD12ODK,128410,27/08/2018,06:26,07:14,Pale Yellow,Clear,1.017,6.8,Negative,Negative,Negative,Negative,Negative,Normal,Negative,10-11,1,2-4,Nil,Nil,NIL,14.4,5.1,59.7,92.1,28,24,13,43.8,5101,40,15,7,5,0,22.11,0.65,1.38,0.37,0.04,250,9.3,14,0.23,20.1,0.1,0.12,6.53,0.24,239,42,81.3,18.2,91,136,5.7,1.94,0.52,0.7,0,0.7,43,19,21,47,7.5,3.6,3.9,0.92,1,9.6,4.4832,4.48,139,4.9,83,7.7,94.04,69,274,343,20.12,6.2,131.24,0,15.6,125.2,12.46,11.5,5.7,192,14.4,3.86,70,130,79,142
329529,GYAHD05KLM,367754,25/08/2018,08:45,09:25,Yellow,Clear,1.017,4.6,1+,Negative,Negative,Negative,Negative,Normal,Negative,TNTC,0,3-4,Nil,Nil,NIL,11.8,5.3,43,87.4,22,27,13.7,43.4,5250,59,24,3,6,10.8,1.71,1.3,0.88,0.21,0.07,138,9.3,10,0.53,29.7,2.9,0.62,0.65,2.09,193,44,73.9,99.7,498.5,148,4.4,1.68,0.6,0.5,0.2,0.3,56,28,34,10,7.4,4.5,2.9,1.55,0.8,12.8,5.9776,7.47,127,4.9,96,2.4,101.89,120,172,292,41.1,5.7,116.89,0.2,17.1,95.4,17.92,9.3,2.2,142,4.3,1.46,86,82,90,261
489183,PBCHD09RJU,103537,26/08/2018,10:32,11:58,Light Yellow,Slightly cloudy,1.014,6.4,3+,Negative,Trace,Negative,Negative,Normal,Negative,13-14,0,1-2,Nil,Nil,NIL,10.8,4.2,50.3,90.6,25,21,13.7,41.4,4419,48,24,5,4,0,6.34,2.18,0.26,0.02,0.05,301,9.9,10,0.22,27,0.9,3.37,0.88,0.19,179,40,80.5,49.2,246,101,4.5,2.01,0.5,1,0.3,0.7,129,23,23,9,7.1,3.9,3.2,1.22,0.6,7.6,3.5492,5.92,146,2.4,105,4.2,117.28,75,340,415,18.07,6.3,134.11,0.1,14.5,296.2,4.9,9.9,3.8,297,3.1,1.97,78,82,113,89
384794,KLTRS12MLT,891293,26/08/2018,07:28,08:30,Yellow,Clear,1.019,4.9,Trace,Trace,Negative,Negative,Trace,Normal,Negative,13-15,0,3-4,Nil,Nil,Fat droplets or lipiduria,14.8,6.2,48.3,41.1,23,30,15.1,35.6,6959,33,44,3,2,0,9.04,1.96,0.28,0.33,0.08,205,8,11,0.34,27.9,0.1,0.19,0.33,2.63,180,56,84.9,67.2,336,114,3.2,1.52,0.66,0.3,0.1,0.2,214,12,22,25,8.3,3.6,4.7,0.77,0.9,8.5,3.9695,4.41,142,4.9,107,4.2,107.25,54,131,185,29.19,7.4,165.68,0.6,21.5,435.8,4.93,8.1,5,91,6.5,0.97,116,219,61,64
541892,GYAHD04ODK,325690,24/08/2018,07:22,07:57,Straw,Hazy,1.002,6.8,Negative,Negative,Negative,Negative,Negative,Normal,Negative,7-9,2,9-16,Nil,Rare,NIL,5.7,6.9,52.2,83.7,8,10,12.9,42.9,8031,40,33,6,3,0,1.56,2.77,0.66,0.11,0.05,266,6.2,10,0.6,34.3,0.1,0.05,0.29,0.13,150,53,211,10.8,54,130,2.8,3.98,0.25,0.7,0,0.7,81,31,66,30,7.4,4.6,2.8,1.64,0.8,10.5,4.9035,6.13,149,3.5,101,3.1,119.74,76,167,243,31.28,6,125.5,0.4,23.4,77.6,30.15,9.5,4,128,4.3,0.87,103,69,123,122
383174,GYAHD15KLM,386678,24/08/2018,11:24,12:13,Yellow,Clear,1.015,5.3,Negative,Negative,Negative,Negative,Negative,Normal,Negative,74-77,1,1-3,Nil,Few,NIL,5.9,4.6,40.8,99.2,12,14,13.1,44.3,4169,52,21,1,2,0,9.56,1.58,0.59,0.3,0.06,509,9.8,18,0.25,15.8,3.7,0.34,0.55,0.06,770,56,79.2,17.1,85.5,174,13.8,1.41,0.71,0.7,0,0.7,294,42,25,11,6.3,3.7,2.6,1.42,0.7,8.1,3.7827,5.4,140,3.5,106,6.2,99.96,75,120,195,38.46,8.4,194.38,1.9,28.9,125.1,23.1,9.9,3.7,113,11.8,0.37,144,105,70,77
212647,GYAHD11KLM,308110,28/08/2018,11:09,12:09,Pale Yellow,Clear,1.017,6.2,Trace,Negative,Negative,Negative,Negative,Normal,Negative,8-9,2,1-3,Few,Nil,NIL,9.2,4.2,53.1,95.3,21,17,12.6,39.5,5138,46,15,2,3,0,1.83,1.99,0.58,0.29,0.07,235,10.1,18,0.32,41,1.7,0.21,3.58,0.3,178,49,111,52.3,261.5,112,3.6,2.27,0.44,0.7,0.1,0.6,61,28,40,27,8,4.6,3.4,1.35,1,38.5,17.9795,17.98,139,4.6,106,4.2,110.99,72,348,420,17.14,5.9,122.63,0.9,24.7,74.8,33.02,10.3,2.8,144,3.5,10.77,112,89,172,107
842108,GYAHD04KLM,242708,24/08/2018,07:31,08:34,Yellow,Hazy,1.013,5.7,Trace,1+,Negative,Negative,Negative,Normal,Negative,6-7,1,15-16,Rare,Nil,NIL,10.1,6,28.8,91.1,16,35,14.5,45.8,6558,51,35,3,6,0,8.08,5.59,0.52,0.38,0.05,47,9.4,29,0.09,18.3,2.6,0.22,0.18,0.25,183,55,99.8,25,125,86,3.3,1.81,0.55,0.6,0.2,0.4,105,15,34,29,6.1,4,2.1,1.9,0.7,17.8,8.3126,11.88,127,3.8,96,4.3,90.4,87,279,366,23.77,6,125.5,0,22.9,109.8,20.86,7.5,3.6,131,3.7,2.26,107,92,62,203
535417,PBCHD11HPP,162729,25/08/2018,07:03,07:46,Pale Yellow,Clear,1.02,5.4,Negative,Trace,Negative,Negative,Negative,Normal,Negative,14-15,4,1-2,Few,Nil,NIL,14.8,5.1,43.5,93.6,29,34,13.1,42.4,14699,78,51,1,0,0,7.87,1.35,0.89,0.39,0.08,612,10.1,16,0.31,15.3,4.8,0.1,0.18,0.24,164,28,73.1,29.4,147,62,5.9,2.61,0.38,0.9,0.2,0.7,161,9,37,46,7,4.8,2.2,2.18,1.1,12.7,5.9309,5.39,142,4.2,85,5.9,101.82,98,356,454,21.59,7.4,165.68,0.4,20.5,73,28.08,13.4,2.7,80,10.5,3.7,72,100,97,126
166852,PBCHD09RJU,191050,24/08/2018,06:16,07:42,Orange,Clear,1.027,5.9,Negative,Negative,Negative,Negative,Trace,Normal,Negative,7-9,0,2-2,Few,Nil,NIL,9.5,4.4,53.3,82,21,17,13,44.7,5873,40,33,2,4,3,1.48,0.95,0.29,0.43,0.1,314,9.4,11,0.32,47.6,3.3,0.69,0.69,0.16,105,37,62.3,13.1,65.5,210,2.8,1.68,0.59,0.7,0.1,0.6,85,56,21,25,7.3,3.7,3.6,1.03,0.4,11,5.137,12.84,132,3.6,114,2.9,114.2,166,282,448,37.05,6,125.5,0.5,28.3,57.4,49.3,9.3,5.8,159,10.8,3.46,198,132,72,165
111762,GYAHD08KLM,531954,28/08/2018,11:36,12:37,Yellow,Slightly cloudy,1.018,4.8,Negative,Negative,Negative,Negative,Negative,Normal,Negative,5-6,0,2-2,Nil,Nil,NIL,11.2,5.6,30.7,93.8,20,36,14.5,42,10159,42,25,0,3,0,6.17,0.34,0.66,0.3,0.07,133,11,11,0.19,23.4,3.1,0.14,0.25,0.29,168,49,108.2,86.6,433,100,3.4,2.21,0.45,0.6,0.2,0.4,104,20,29,25,7.9,4.2,3.7,1.14,0.7,13.3,6.2111,8.87,149,3.3,105,2.5,116.13,239,210,449,53.23,12.7,317.79,0.3,18.3,304.3,6.01,11.9,6.1,163,22.3,0.41,79,72,80,95
983705,PBCHD09GAM,614861,28/08/2018,08:25,09:10,Light Yellow,Milky,1.025,6.4,Negative,Trace,Negative,Negative,Negative,Normal,Negative,1-2,1,2-2,Rare,Nil,Yeast cells,19.7,5.4,50.2,47.6,36,39,14.5,40,10996,50,19,8,4,0,8.97,2.91,0.98,0.49,0.1,433,10.8,10,0.16,13.4,0.6,0.01,0.34,0.13,169,41,87.7,23.6,118,218,4.1,2.14,0.47,0.6,0.2,0.4,125,42,27,37,8.3,4.4,3.9,1.13,1,19.4,9.0598,9.06,147,5.1,95,5.3,79.86,200,104,304,65.79,5.7,116.89,0.6,118.9,367.5,32.35,9,3.9,123,12.2,1.23,132,149,87,160
547582,GYAHD14KLM,594667,27/08/2018,08:07,08:54,Light Yellow,Cloudy,1.029,6.8,Trace,1+,2+,Negative,Negative,Normal,Negative,7-8,1,3-3,Rare,Nil,NIL,14,5.9,33.6,82,23,41,12.7,41.3,8068,29,31,2,19,1,6.31,6.21,1.01,0.19,0.06,313,11.3,20,0.29,17.7,3.7,0.53,0.12,0.95,203,47,81.7,34.7,173.5,218,4.3,1.74,0.58,0.6,0.2,0.4,40,30,7,43,6.3,3.8,2.5,1.52,0.9,8.7,4.0629,4.51,105,1.7,98,2.5,109.65,87,341,428,20.33,7,154.2,0.2,25.3,81.1,31.2,10.4,2.9,141,3,3,90,60,70,229
421343,MZLGI06APK,879986,25/08/2018,11:35,12:28,Light Yellow,Hazy,1.01,5.5,Trace,Trace,Negative,Negative,Negative,Normal,Negative,8-10,0,10-17,Nil,Nil,Fat droplets or lipiduria,17.6,3.3,32.9,94.8,53,53,15.6,43.5,9644,53,55,1,7,0,1.3,1.37,0.65,0.04,0.08,369,7.4,12,0.36,14,1.8,0.69,0.04,0.02,223,41,80.9,55.3,276.5,99,5.4,1.97,0.51,0.6,0.1,0.5,64,23,36,77,6.4,4.1,2.3,1.78,1.3,18,8.406,6.47,138,4.6,101,3,48.29,153,187,340,45,6.1,128.37,0.1,28.8,86.6,33.26,11.6,4.4,242,10.9,4.86,90,77,94,76
640054,PBCHD11KLC,378596,24/08/2018,06:28,07:12,Yellow,Hazy,1.015,4.7,Trace,Negative,Negative,Negative,Negative,Normal,Negative,11-13,0,2-4,Nil,Nil,NIL,13.5,4.8,38.3,93.3,28,35,11.8,44.6,7967,36,27,1,8,2,4.12,1.79,0.03,0.41,0.03,317,7.9,13,0.1,49.9,3,0.32,1.28,0.03,187,58,36.6,34.3,171.5,154,3.2,0.63,1.58,0.7,0.1,0.6,102,10,32,11,6.1,4.4,1.7,2.59,1.2,9.5,4.4365,3.7,142,4.9,101,4.8,33.43,122,100,222,54.95,8,182.9,0.7,11.7,135.2,8.65,9.7,2.5,99,9.7,0.34,71,63,113,124
682771,KLTRS12WBD,981838,28/08/2018,08:51,09:59,Light Yellow,Hazy,1.026,6.5,Trace,Negative,Negative,Negative,Negative,Normal,Negative,3-5,0,14-12,Nil,Nil,Yeast cells,8.9,5.4,47.3,43.2,16,18,14.4,45.9,6925,46,20,1,9,0,3.93,1.81,0.64,0.35,0.04,1185,8,7,0.18,35,5.3,1.47,0.05,0.16,170,43,86.6,23.7,118.5,170,4,2.01,0.5,0.6,0,0.6,47,21,33,12,6.7,3.5,3.2,1.09,1.2,17.6,8.2192,6.85,143,4.3,109,4.8,112.77,108,322,430,25.12,5.8,119.76,0.3,15.7,98.7,15.91,8.3,5.6,127,3.9,2.15,74,88,84,91
711414,GYAHD12ODK,488894,27/08/2018,11:49,12:26,Straw,Slightly cloudy,1.012,5.8,1+,2+,Negative,Negative,Negative,Normal,Negative,13-15,2,1-3,Nil,Nil,Artifacts,15.1,5.7,42.2,80.5,26,35,12.3,40.6,8579,33,52,3,0,0,1.72,1.9,0.84,0.34,0.02,39,9.7,16,0.26,19.9,0.1,0.36,0.03,0.16,102,70,124.2,34.8,174,136,1.5,1.77,0.56,0.3,0.1,0.2,109,16,20,39,8.2,3.5,4.7,0.74,0.6,15.1,7.0517,11.75,111,4.2,98,8.1,112.72,113,195,308,36.69,7.9,180.03,0.9,26.3,116.1,22.65,11.1,2.7,189,19.1,3.36,106,78,88,118
172971,PBCHD03SKM,152551,26/08/2018,08:57,09:55,Straw,Slightly cloudy,1.011,5,4+,1+,Negative,Negative,Negative,Normal,Negative,TNTC,1,3-2,Nil,Rare,NIL,18.4,6.6,38.6,51.2,27,47,12.1,48.3,7194,51,36,6,7,0.2,1.04,2.36,1.36,0.48,0.05,337,7.6,13,0.15,20.7,2.2,0.2,0,0.39,199,59,39.4,38.5,192.5,159,3.4,0.67,1.5,0.7,0.1,0.6,110,53,28,39,6.8,4.1,2.7,1.52,2,30.6,14.2902,7.15,138,5.1,104,4.7,106.13,109,356,465,23.44,6.2,131.24,0.9,13,79.5,16.35,10,5,120,12.1,0.08,96,79,86,92
654375,PBCHD09CGD,798060,25/08/2018,09:26,10:48,Straw,Slightly cloudy,1.02,5.7,1+,Negative,Negative,Negative,Negative,Normal,Negative,4-5,2,3-2,Few,Rare,NIL,14.6,4.7,52.1,74.9,31,28,15.8,36.1,4206,44,30,8,4,0,1.9,1.49,0.74,0.61,0.07,304,7.1,16,0.75,29.5,4.2,2.2,0.37,0.38,181,54,44.5,24.4,122,171,3.4,0.82,1.21,0.5,0,0.5,92,37,29,46,7.8,3.7,4.1,0.9,0.9,9.7,4.5299,5.03,138,3,98,3.9,86.15,119,344,463,25.7,6.1,128.37,5,15.8,147.4,10.72,9,3,174,14.6,3.04,124,66,241,124
693656,KLTRS03WBD,840009,27/08/2018,06:24,07:45,Pale Yellow,Slightly cloudy,1.013,6.6,Negative,2+,Negative,Negative,Trace,Normal,Negative,3-5,1,1-2,Nil,Few,NIL,17,5.2,36.7,81.8,32,46,11.5,26.4,8908,35,29,5,2,0,12.81,1.43,1.18,0.38,0.06,420,10.9,13,0.67,15,4.9,0.45,2.55,0.39,153,41,64.4,82,410,117,3.7,1.57,0.64,0.6,0.2,0.4,74,3,14,19,6,3.6,2.4,1.5,1.2,7.7,3.5959,3,142,3.6,98,5.1,91.42,192,98,290,66.21,7.5,168.55,0.1,16.1,85.2,18.9,9.6,5.9,194,4.9,2.48,118,92,78,107
651211,GYAHD03JHJ,957689,28/08/2018,11:54,12:46,Pale Yellow,Clear,1.014,4.5,Trace,Negative,Negative,Negative,Negative,Normal,Negative,11-12,3,16-11,Nil,Nil,NIL,16,5.6,56.2,73.3,28,28,12.3,41.1,9006,66,32,3,4,0,1.4,2.48,0.33,0.24,0.09,139,7.1,14,0.12,27.2,1,4.63,3.11,0.15,172,44,78.5,40.2,201,101,3.9,1.78,0.56,11.3,6.8,4.5,123,21,33,45,6.4,3.5,2.9,1.21,0.7,8.8,4.1096,5.87,142,3.8,95,5.5,113,108,344,452,23.89,6,125.5,0.1,18.3,54.1,33.83,7.7,5.5,111,8.8,2.45,138,64,68,68
625637,MZLGI01GJS,101359,24/08/2018,09:58,10:56,Yellow,Slightly cloudy,1.011,4.5,3+,Negative,Negative,Negative,2+,Normal,Negative,9-11,1,2-4,Nil,Nil,Parasites,3.3,5.2,40.6,86.5,6,8,9.8,42.7,8182,45,50,1,2,0,1.22,2.71,0.07,0.19,0.01,132,17.7,13,0.16,14.9,0.4,0.19,0.01,2.85,196,57,94.8,25.2,126,129,3.4,1.66,0.6,0.5,0,0.5,46,33,29,38,8.2,4.7,3.5,1.34,1.2,15.2,7.0984,5.92,128,4.7,99,3.2,118.84,152,296,448,33.93,7.8,177.16,0.4,20.2,120.6,16.75,12.5,2.8,76,14.1,0.51,82,84,290,79
676988,KLTRS10MLT,476914,24/08/2018,10:37,11:48,Yellow,Hazy,1.018,4.6,Trace,Negative,Negative,Negative,Negative,Normal,Negative,13-15,0,1-3,Rare,Nil,NIL,15.6,4.2,16.7,90.3,37,93,13.1,43.4,9644,58,25,5,12,0,9.28,4.36,0.2,0.09,0.05,223,8.3,17,0.29,16.8,2.5,0.34,4.27,0.3,129,31,98.8,15.9,79.5,190,4.2,3.19,0.31,0.6,0.1,0.5,117,39,40,48,7.7,4,3.7,1.08,1,19.2,8.9664,8.97,138,4.2,104,1.1,95.54,90,289,379,23.75,6.3,134.11,0,143.5,127,112.99,9.6,3.8,281,20.5,2.84,84,67,98,144
271092,MZLGI08BRC,196128,26/08/2018,06:55,07:42,Straw,Slightly cloudy,1.028,4.6,Trace,Negative,Negative,Negative,Negative,Normal,Negative,8-9,0,9-13,Nil,Nil,NIL,14.3,6.3,43,78.4,22,33,13.8,39.7,15292,35,25,5,4,0,3.5,6.31,0.45,0.78,0.09,734,7.3,13,0.39,13.7,3.9,0.09,0.14,0.13,120,30,158.1,8,40,81,4,5.27,0.19,0.6,0.1,0.5,219,16,38,34,6.3,4.3,2,2.15,0.6,10.3,4.8101,8.02,145,5.5,103,5.6,98.18,159,341,500,31.8,5.9,122.63,0.5,58.6,75.7,77.41,11.5,4.2,157,10.3,0.77,96,62,122,181
795836,GYAHD12KAU,449425,26/08/2018,10:58,12:00,Deep Amber,Slightly cloudy,1.014,4.9,Trace,Trace,Negative,Negative,Negative,1+,Negative,9-10,1,3-4,Nil,Nil,NIL,13.6,5.6,37.9,86.8,24,35,9.1,42.2,4023,50,50,1,2,0,13.8,1.56,0.34,0.04,0,280,10.9,16,0.31,27.7,1.8,2.51,0.22,1.37,393,38,97.1,31.5,157.5,142,10.3,2.56,0.39,0.9,0.3,0.6,218,30,38,15,6.3,5,1.3,3.85,0.8,9.9,4.6233,5.78,146,3.2,109,2.6,117.87,78,155,233,33.48,6.2,131.24,0.8,208.2,49.1,424.03,10.8,4.1,145,8.8,2.56,87,136,91,289
428350,MZLGI04BRC,544606,28/08/2018,06:20,07:45,Dark Yellow,Hazy,1.009,6.3,Negative,Trace,Negative,Negative,Negative,Normal,Negative,14-15,1,3-3,Rare,Nil,NIL,10.1,5.4,58.7,85.1,18,17,13.9,40.7,10704,43,25,6,6,0,3.37,1.58,0.21,0.43,0.06,466,13.9,13,0.24,26.4,4.3,0.06,4.38,0.3,156,23,43.9,14.6,73,121,6.8,1.91,0.52,6.1,3,3.1,73,11,7,47,7.6,4.6,3,1.53,1,6.5,3.0355,3.04,140,3.3,106,3.8,94.54,181,252,433,41.8,7.5,168.55,0.2,141.7,127.5,111.14,9.5,3.9,145,4.9,3.95,74,121,105,298
304232,GYAHD09ODK,364103,26/08/2018,08:29,09:23,Pale Yellow,Hazy,1.026,6.6,Trace,Negative,Negative,Negative,Negative,Normal,Negative,TNTC,0,1-4,Nil,Nil,NIL,5.1,5.2,30,74.6,9,17,13.5,42.2,4825,40,52,2,12,0,2.94,1,0.39,0.33,0.03,332,9.7,17,0.66,15.3,3.1,0.39,0.08,0.09,162,26,86.7,12.8,64,182,6.2,3.33,0.3,0.4,0.1,0.3,128,27,15,10,6.5,3.9,2.6,1.5,0.6,21,9.807,16.35,138,4.4,100,6.7,77.56,90,339,429,20.98,5.7,116.89,4.4,15.8,93,16.99,10.2,3.4,218,7.8,0.27,92,165,241,158
952992,PBCHD08KLC,334139,27/08/2018,07:01,07:31,Pale Yellow,Clear,1.011,6.5,Negative,Negative,Negative,Negative,Negative,Normal,Negative,5-6,19,6-11,Nil,Nil,Artifacts,21.5,5.9,27.8,56.9,36,77,11.9,44,10762,50,27,5,8,0,1.27,2.04,0.92,0.57,0.05,179,11.2,13,0.26,14.1,1.8,0.35,0.15,0.86,198,34,68.4,73,365,108,5.8,2.01,0.5,1,0.3,0.7,69,36,15,24,7.6,4,3.6,1.11,0.9,14.2,6.6314,7.37,144,3.9,105,6.3,95.59,168,148,316,53.16,6,125.5,0.8,568.2,186.2,305.16,9.3,5.9,286,5.9,0.24,74,71,73,129
603185,PBCHD06KLC,142647,27/08/2018,10:05,11:16,Pale Yellow,Clear,1.012,6.6,Trace,Negative,Negative,Trace,Negative,Normal,Negative,13-15,2,3-4,Nil,Nil,NIL,6.6,5.5,46.7,94.6,12,14,13.9,29.3,10989,49,29,6,4,0,3.63,1.02,0.2,0.11,0.02,108,14.2,13,0.33,26.6,0.8,0.42,0.36,0.4,110,48,103.4,8.3,41.5,147,2.3,2.15,0.46,0.8,0.1,0.7,68,37,26,12,7.4,3.8,3.6,1.06,0.6,15.2,7.0984,11.83,142,3,98,5.4,65.8,186,341,527,35.29,6.3,134.11,0.3,10.9,104.3,10.45,9.6,5.6,95,10.2,0.75,91,125,66,318
380504,GYAHD02ODK,730169,28/08/2018,09:50,10:31,Yellow,Hazy,1.012,6.3,Trace,Trace,Negative,Trace,Negative,Normal,Negative,1-2,2,11-19,Rare,Nil,NIL,15.9,5.7,31.1,90.7,27,51,13.4,43.1,5082,38,32,22,5,0,9.69,1.74,0.01,0.21,0.05,830,8.9,13,0.06,34.4,0.9,0.76,0,0.34,216,30,62.1,35.7,178.5,139,7.2,2.07,0.48,0.8,0.3,0.5,98,16,26,18,6.5,3.9,2.6,1.5,0.4,72.2,33.7174,84.29,131,4.2,108,6,113.65,78,344,422,18.48,9,211.6,0.7,14.2,78.3,18.14,9.1,4.6,304,5.2,0.86,84,104,244,171
494155,PBCHD03PBP,520692,25/08/2018,06:29,07:37,Orange,Clear,1,7,Trace,Trace,Negative,Negative,Negative,Normal,Negative,8-10,0,5-9,Nil,Nil,NIL,12,4.4,48.5,70.9,27,24,12.1,42.7,17589,45,30,5,9,3.6,1.38,3.57,0.7,0.39,0.02,298,9.6,19,0.38,22.9,4.1,0.11,0.33,0.14,240,30,91.7,35.4,177,145,8,3.06,0.33,0.7,0,0.7,126,27,11,11,7.3,4.8,2.5,1.92,0.9,15.6,7.2852,8.09,120,3.4,107,5.4,112.05,90,323,413,21.79,7.8,177.16,0.8,18.6,126.1,14.75,8.8,4.4,185,7.4,0.24,82,105,61,160
548886,GYAHD14ODK,589227,26/08/2018,10:47,11:22,Yellow,Clear,1.023,4.6,Trace,Negative,Negative,Negative,Negative,Normal,Negative,9-11,1,1-3,Nil,Nil,NIL,16.9,5.9,62.4,61.4,28,27,13.6,40.7,5965,52,23,2,4,0,6.98,2.66,0.6,0.06,0.01,302,9.6,10,0.25,30.2,1.6,0.34,2.71,0.21,145,36,73.1,23.9,119.5,66,4,2.03,0.49,0.5,0,0.5,70,46,24,19,6.9,4.7,2.2,2.14,0.6,53.2,24.8444,41.41,141,4.4,103,4.5,103.54,158,339,497,31.79,6.4,136.98,0.2,21,21.5,97.67,10.5,2.9,144,9.4,7.16,90,221,121,79
647263,MZLGI01GJS,976143,28/08/2018,10:21,11:07,Pale Yellow,Clear,1.013,4.8,Trace,Negative,Negative,2+,Negative,Normal,Negative,12-13,1,2-3,Nil,Rare,Mucus threads,6.6,4.7,47.8,89,14,13,13.1,42,4759,65,32,1,15,0,9.58,2.73,0.9,0.32,0.05,13,7.5,6,0.11,40.8,2,0.23,0.96,0.12,184,72,50.3,83.4,417,103,2.6,0.7,1.43,1,0,1,66,18,12,18,7.1,3.5,3.6,0.97,0.8,14.9,6.9583,8.7,144,2,105,4.7,97.56,70,180,250,28,8.2,188.64,0.7,16.9,118.3,14.29,9.7,3.1,126,6.5,0.009,70,97,222,117
155586,PBCHD13NLM,562122,26/08/2018,07:20,07:53,Deep Amber,Clear,1.022,7.2,Negative,Trace,Negative,1+,Negative,Normal,Negative,10-11,0,3-3,Nil,Nil,NIL,17.7,5.2,11,83.5,34,160,12.4,42,6107,42,10,5,1,0,8.28,2.25,0.19,0.25,0,165,13.8,15,0.12,17.9,0.9,0.15,0.3,0.24,218,40,79.1,46.5,232.5,73,5.5,1.98,0.51,0.5,0.1,0.4,52,40,14,17,7.2,4.7,2.5,1.88,0.7,18.9,8.8263,12.61,140,4.7,96,3,76.79,122,181,303,40.26,5.8,119.76,0.8,10.9,27.2,40.07,9.5,3,65,6.8,2.27,94,95,189,107
643801,PBCHD05MHS,379404,24/08/2018,06:14,07:29,Pink,Slightly cloudy,1.011,5,Negative,1+,Negative,Negative,Negative,Normal,Negative,1-2,4,14-15,Rare,Nil,NIL,2.3,4.8,48.8,89.1,4,4,12.6,43.8,21914,56,26,1,2,0,0.62,4.42,0.75,0.05,0.09,231,8.2,13,0.25,14,4.1,0.32,0.32,0.53,158,47,165,19.4,97,109,3.4,3.51,0.28,16.3,11.8,4.5,68,32,32,41,6.9,3.5,3.4,1.03,1,7,3.269,3.27,143,5.6,100,4.9,47.29,167,257,424,39.39,8.8,205.86,0.6,220,208.4,105.57,9.5,3.8,178,12.4,2.29,109,89,73,103
226907,KLTRS11WBD,860372,27/08/2018,08:48,09:38,Pale Yellow,Clear,1.018,6.8,Trace,Negative,Negative,Negative,Negative,Normal,Negative,14-15,1,2-2,Nil,Few,NIL,12.7,5.9,37.4,79.9,21,33,13.9,43.9,8508,23,35,2,5,0,2.52,1.93,0.61,0.13,0.16,389,10.3,12,0.35,17.6,6.4,0.14,0.34,3.04,152,48,35.8,15.7,78.5,91,3.2,0.75,1.34,0.7,0,0.7,68,5,22,33,6,4.2,1.8,2.33,1.2,169.8,79.2966,66.08,136,4.7,96,3.2,102.34,80,131,211,37.91,6,125.5,0.7,15.3,21.6,70.83,9.9,3.4,95,20.1,2.93,80,72,83,72
264878,GYAHD13KLM,389739,25/08/2018,09:57,11:20,Pale Yellow,Hazy,1.018,6.8,Trace,Trace,Negative,Negative,Trace,Normal,Negative,6-7,1,1-2,Nil,Rare,NIL,12.6,4.2,55.3,96.1,30,22,13,40.4,9744,52,43,8,2,0,12.55,2.03,0.98,0.3,0.07,32,5.1,12,0.47,15,0.6,0.15,0.28,0.22,171,54,116.7,57.1,285.5,210,3.2,2.16,0.46,0.7,0.3,0.4,108,21,14,30,8.2,3.5,4.7,0.74,0.6,9.9,4.6233,7.71,132,4.2,95,5.3,90.23,86,352,438,19.63,7,154.2,0.5,17.2,75,22.93,9.7,3.1,86,6.7,12.62,71,66,79,77
133905,PBCHD06CGD,993430,24/08/2018,09:05,09:43,Light Yellow,Clear,1.012,5,Negative,Negative,Negative,Negative,Negative,Normal,Negative,8-9,1,2-3,Rare,Nil,NIL,14.5,4.3,34.8,63.5,33,41,12.8,39.8,51733,40,34,4,5,0,1.21,1.91,0.4,0.43,0.01,21,8.2,22,0.35,29.5,0.1,0.34,1.86,5.83,210,62,70.7,60.5,302.5,141,3.4,1.14,0.88,0.7,0.1,0.6,128,44,14,16,6.2,3.7,2.5,1.48,0.7,9.7,4.5299,6.47,137,4.4,108,3.4,114.08,72,182,254,28.35,6.4,136.98,0.2,15.5,92.9,16.68,9.5,3.7,164,10.2,1.5,78,61,195,86
107854,KLTRS07KLP,211821,27/08/2018,06:38,07:46,Straw,Hazy,1.013,6.8,Trace,Negative,Negative,Negative,Negative,Normal,Negative,7-8,2,1-4,Nil,Nil,NIL,19,5.7,42.4,73,33,44,13.6,44.5,8727,67,26,2,3,0,2.6,2.94,0.54,0.41,0.04,366,8.6,13,0.12,16.5,1.8,0.81,0.21,0.1,171,56,92.1,32.1,160.5,171,3.1,1.64,0.61,0.9,0.4,0.5,68,41,17,42,6.3,3.6,2.7,1.33,1,20,9.34,9.34,132,4.9,95,5.3,85.87,134,110,244,54.92,6.3,134.11,0.2,24.4,52.7,46.3,9.6,7,82,4.5,2.93,76,65,96,90
402784,GYAHD13ODK,976282,28/08/2018,06:16,07:20,Pale Yellow,Hazy,1.011,6.9,Negative,Negative,Negative,Negative,Negative,Normal,Negative,6-7,0,3-4,Rare,Nil,NIL,8.6,6,50,89.3,14,17,14,42.9,9046,80,53,8,20,0,5.96,4.8,0.22,0.4,0.1,214,7.1,18,0.22,13.1,4.6,0.3,2.62,0.67,197,57,187.9,14.8,74,63,3.5,3.3,0.3,0.6,0.1,0.5,121,15,38,19,6.9,4.2,2.7,1.56,1.3,11.9,5.5573,4.27,95,3.8,111,2.6,117.81,121,268,389,31.11,8.8,205.86,0.8,16.2,136.6,11.86,13.3,3.8,251,12.1,3.58,72,81,104,119
569708,PBCHD12KLC,885613,25/08/2018,11:28,12:22,Light Yellow,Slightly cloudy,1.016,5.8,Negative,2+,1+,Negative,Negative,Normal,Negative,12-13,1,3-3,Few,Nil,Yeast cells,11.4,3.3,36.2,94.5,34,31,11.8,32.4,7051,58,30,2,4,0,1.27,4.66,0.61,0.13,0.19,35,12.3,11,0.47,22.7,4.2,2.59,0.02,0.17,164,56,91.6,36.2,181,111,2.9,1.64,0.61,0.2,0,0.2,97,22,26,30,7.1,3.8,3.3,1.15,1.1,16.1,7.5187,6.84,90,3.7,102,6.5,111.05,122,191,313,38.98,8.4,194.38,1,27,259.3,10.41,7.7,5.1,170,16.7,2.02,88,75,116,114
430000,MZLGI11GJS,742786,24/08/2018,09:09,10:37,Yellow,Clear,1.024,5.9,1+,Trace,Negative,1+,Negative,Normal,Negative,6-8,1,3-2,Rare,Rare,NIL,19.1,5.6,38.8,47.7,34,49,13.6,45.1,4258,55,31,6,7,10.8,15.47,0.81,0.47,0.15,0.14,266,12.8,17,0.31,34.7,3.3,0.09,0.1,0.37,177,26,70,9.8,49,62,6.8,2.69,0.37,13.1,8.6,4.5,107,38,40,11,8.1,4.2,3.9,1.08,1.1,18.5,8.6395,7.85,148,4.1,107,4.1,114.41,178,302,480,37.08,5.8,119.76,0.4,14.3,140.8,10.16,10.5,4,171,10.6,3.91,133,250,74,78
618316,GYAHD04KLM,402337,26/08/2018,06:56,07:47,Pale Yellow,Slightly cloudy,1.014,6.7,Negative,Trace,Negative,Negative,2+,Normal,Negative,5-7,2,2-4,Nil,Few,NIL,13.3,6.6,39.3,52.3,20,33,13.7,41,6487,42,48,3,2,2.9,5.48,3.85,0.39,0.6,0.08,291,10.4,15,0.14,22.9,0.7,0.32,1.93,0.2,217,58,93.1,26.6,133,100,3.7,1.61,0.62,0.8,0.1,0.7,67,22,32,34,6,4.3,1.7,2.53,1.2,12.8,5.9776,4.98,136,4,96,1.1,111.07,172,350,522,32.95,6.3,134.11,0.6,320.4,182.4,175.66,8.6,2.9,180,11.4,2.6,85,61,85,126
584138,GYAHD03JHJ,826566,28/08/2018,11:02,11:39,Dark Yellow,Slightly cloudy,1.013,6.8,Trace,Trace,Negative,Negative,Negative,Normal,Negative,5-6,0,1-4,Nil,Few,Mucus threads,8.8,6.6,13.5,84.1,13,65,15.4,42.8,6086,20,34,3,6,0.5,5.1,2.41,0.56,0.09,0.14,311,14.5,17,0.12,29.2,4.5,0.38,0.1,0.22,165,42,155.2,87.2,436,102,3.9,3.7,0.27,0.8,0.2,0.6,73,49,40,26,6.7,4.6,2.1,2.19,0.8,30.5,14.2435,17.8,127,4,112,6.7,32.66,60,103,163,36.81,6,125.5,0,16.9,225,7.51,8.8,2.6,144,10.5,0.07,81,73,92,192
253603,KLTRS15MLT,847076,26/08/2018,06:39,07:39,Yellow,Hazy,1.023,4.9,Trace,3+,Negative,Negative,Trace,Normal,Negative,2-4,2,2-2,Nil,Nil,NIL,9,5.3,37.5,80,16,24,13,39.2,7584,30,46,4,7,0,1.19,1.79,0.32,0.25,0.04,432,9.2,17,0.3,15.5,4.2,0.03,0.09,0.01,224,40,128.4,19.9,99.5,63,5.6,3.21,0.31,0.7,0,0.7,108,37,30,28,7.2,4.7,2.5,1.88,1.1,9.1,4.2497,3.86,144,5.5,101,2.3,102.33,71,345,416,17.07,6.2,131.24,1,17.6,104.2,16.89,10,4.1,269,8.7,0.08,70,87,305,137
313602,MZLGI15MHP,326190,24/08/2018,07:45,09:11,Light Yellow,Hazy,1.028,5.5,Trace,Trace,Negative,Negative,Negative,Normal,Negative,3-5,0,13-13,Nil,Nil,Amorphous debris,11.3,5.4,48.1,97.8,20,23,14,37.1,4192,52,47,1,4,0,1.42,1.51,0.77,0.38,0.02,274,7.7,11,0.09,19.2,4.9,0.36,3.02,0.05,236,41,58.3,48.9,244.5,61,5.8,1.42,0.7,0.6,0.2,0.4,69,53,14,22,6.9,4.9,2,2.45,0.6,19.9,9.2933,15.49,140,4,85,6.3,96.63,150,208,358,41.9,7.2,159.94,0.5,110.5,74.9,147.53,8,2.8,122,6.8,1.24,118,68,97,85
490128,KLTRS07TSS,442342,25/08/2018,10:04,11:07,Straw,Clear,1.014,4.8,Negative,1+,Negative,Negative,Negative,Normal,Negative,8-9,1,1-4,Nil,Nil,Mucus threads,9.4,6,36.8,90.8,15,25,13.3,44.7,8428,76,53,1,7,0,0.61,3.91,0.69,0.06,0,109,9.9,11,0.38,42.7,0.4,0.31,0.31,0.36,178,59,91.9,34.9,174.5,109,3,1.56,0.64,0.4,0,0.4,299,31,31,16,7.5,4.6,2.9,1.59,0.4,11.2,5.2304,13.08,140,4.1,112,3.5,98.67,76,231,307,24.76,6.2,131.24,0.2,13.2,46.2,28.57,8.4,2.4,280,16.8,1.25,122,77,64,234
733117,GYAHD03KLM,793570,25/08/2018,11:33,12:10,Pale Yellow,Hazy,1.01,4.7,Negative,Trace,Negative,Negative,Negative,Normal,Negative,7-8,5,1-4,Rare,Nil,Parasites,19.7,4.5,31.7,99.4,43,62,12.1,41.2,10206,53,35,3,8,0,1.73,2.1,0.66,0.46,0.02,136,10.7,7,0.39,14.6,2.3,2.81,0.28,0.23,183,36,212,27,135,62,5.1,5.89,0.17,0.3,0,0.3,126,47,40,18,7.3,4.5,2.8,1.61,0.9,19.9,9.2933,10.33,145,5.8,107,2.4,72.78,93,323,416,22.36,8.2,188.64,0.9,13,99.4,13.08,7.6,3.5,68,6.1,3.19,112,103,241,153
377426,MZLGI01RJK,535820,24/08/2018,11:53,12:25,Light Yellow,Milky,1.011,4.9,Trace,1+,Negative,Negative,Negative,Normal,Negative,8-10,0,2-4,Nil,Nil,Mucus threads,12.4,3.7,58.4,87.1,33,21,12.5,42.3,7344,43,45,20,0,1.2,3.14,1.56,0.31,0.43,0.05,127,18,14,0.11,29,2.6,0.55,0.25,0.15,211,71,90.2,32.3,161.5,95,3,1.27,0.79,0.2,0,0.2,72,19,100,28,8.2,4.8,3.4,1.41,1.1,12,5.604,5.09,140,4.2,109,4.2,103.66,100,346,446,22.42,5.8,119.76,0.3,14.4,377.5,3.81,11.3,3.1,160,3.7,0.97,79,83,84,89
547053,MZLGI15RJK,992366,26/08/2018,09:02,09:38,Pale Yellow,Slightly cloudy,1.014,6.1,Negative,Negative,Negative,Negative,3+,Normal,Negative,10-11,1,1-2,Nil,Rare,NIL,9.1,5.5,32.1,68.1,16,28,12.3,44.3,7177,43,34,1,3,0,1.32,3.1,0.24,0.62,0.03,397,11.1,10,0.36,23.6,3.4,0.09,0.21,0.1,203,63,87.6,38.3,191.5,211,3.2,1.39,0.72,0.7,0.3,0.4,118,37,10,23,7.5,4.1,3.4,1.21,0.3,14.4,6.7248,22.42,144,4.1,114,5.1,112.39,54,134,188,28.72,6.7,145.59,0.5,290.1,144.8,200.35,8.6,2.9,220,7.3,8.55,127,90,118,172
472483,PBCHD09RJU,954720,28/08/2018,11:59,12:48,Pale Yellow,Clear,1.025,4.6,Negative,Trace,Negative,Negative,Negative,Normal,Negative,8-10,1,2-2,Nil,Few,Artifacts,16.2,5.9,42,77.7,27,38,13.9,39.5,10952,57,47,1,6,0,1.36,2.49,0.44,0.24,0.06,130,13.1,15,0.2,14.2,1.6,0.36,0.8,0.19,229,59,77.2,42.9,214.5,133,3.9,1.31,0.76,0.3,0.1,0.2,47,44,28,28,7.5,3.8,3.7,1.03,1.1,13.7,6.3979,5.82,139,4.7,107,1.3,102.77,135,330,465,29.03,6.2,131.24,0.3,11.1,285.4,3.89,8.4,4.5,185,5.6,2.7,80,66,76,128
554810,PBCHD03SKM,276867,27/08/2018,08:31,09:32,Yellow,Slightly cloudy,1.011,5.5,Trace,Negative,Negative,Trace,Negative,Normal,Negative,2-4,1,1-4,Nil,Nil,NIL,8.1,4.4,15.5,87.4,18,52,12.2,41.4,5177,73,26,4,8,0,9.6,3.39,0.69,0.68,0.02,229,14.5,19,0.26,21.1,2.4,0.85,0.39,2.62,218,49,50,34.8,174,115,4.4,1.02,0.98,0.5,0.1,0.4,228,6,14,18,7.1,4.7,2.4,1.96,1.9,14.2,6.6314,3.49,144,3.9,115,4.3,99.14,182,352,534,34.08,8.6,200.12,0,14.9,120.7,12.34,7.3,4.5,152,5.2,1.4,114,66,120,111
382127,MZLGI13APK,954302,24/08/2018,11:50,12:58,Pale Yellow,Slightly cloudy,1.013,4.8,Negative,Negative,Negative,Negative,Negative,1+,Negative,6-8,1,1-3,Nil,Few,NIL,8.6,5.2,36.3,75.3,16,23,13.6,49.8,4642,68,51,4,3,0,6.84,1.83,1.5,0.33,0.06,292,12,14,0.22,24.5,2,0.15,0.16,0.05,115,42,97.4,33.4,167,121,2.7,2.32,0.43,0.7,0.1,0.6,231,20,33,40,7.1,4.9,2.2,2.23,1.1,13.6,6.3512,5.77,147,4,112,3.3,107.87,67,212,279,24.01,8.9,208.73,0.3,28.1,203.2,13.83,11.9,3.5,159,5.7,3.37,98,60,114,114
185821,GYAHD10JHJ,302343,25/08/2018,09:13,10:26,Orange,Clear,1.013,5.4,Negative,Trace,Negative,Negative,Negative,Normal,Negative,3-4,1,3-3,Nil,Nil,Yeast cells,18.9,6,42.4,89.7,31,44,14.1,43.7,49768,43,15,17,8,11.5,3.8,6.1,0.21,0.52,0,363,16,13,0.38,30.1,3.2,4.03,0.16,0.16,168,34,70.3,57.9,289.5,72,4.9,2.07,0.48,0.5,0.2,0.3,345,26,21,9,6.2,4.2,2,2.1,0.9,28.3,13.2161,14.68,132,4.2,101,5,101.19,82,174,256,32.03,6.2,131.24,0.8,27,138.1,19.55,9.5,4.1,69,3.7,0.009,106,95,87,110
559006,MZLGI14GJS,765643,27/08/2018,11:04,12:16,Light Yellow,Milky,1.02,6.6,Negative,Negative,Negative,Negative,Negative,Normal,Negative,11-12,2,2-4,Rare,Nil,Amorphous debris,17.4,5.3,33.4,68.7,32,52,14.3,31.5,8227,44,51,5,3,0,18.06,1.08,0.16,0.33,0.06,414,11.3,9,0.25,26.2,7.3,4.31,0.21,0.07,208,41,88.9,37.5,187.5,121,5.1,2.17,0.46,0.6,0.1,0.5,125,21,17,39,7.2,4.2,3,1.4,0.8,8.5,3.9695,4.96,136,5.8,96,3.6,99.77,199,357,556,35.79,7.4,165.68,0.4,26.2,36,72.78,10.5,3.8,146,2.2,0.23,120,111,93,159
977542,MZLGI05MHP,523013,27/08/2018,11:10,11:40,Pale Yellow,Clear,1.019,4.8,Negative,Negative,Negative,Negative,Negative,Normal,Negative,TNTC,4,1-3,Nil,Nil,Fungal elements,11.8,4.5,56.5,86.2,26,20,11.6,45.1,33462,25,33,5,2,0,5.07,4.88,0.23,0.15,0.07,220,10.6,15,0.37,32.1,0.1,0.65,0.91,3.76,178,43,57,18.4,92,130,4.1,1.33,0.75,0.4,0,0.4,105,44,9,17,7.2,4.6,2.6,1.77,0.9,18.4,8.5928,9.55,142,5.6,104,4,112.32,67,208,275,24.36,6.4,136.98,0.9,23.7,119.3,19.87,12.6,2.5,199,3.6,0.25,85,89,70,95
970563,KLTRS06TSS,375378,24/08/2018,08:59,09:37,Straw,Slightly cloudy,1.007,8,Trace,Negative,Negative,Negative,Negative,Normal,Negative,11-13,0,1-2,Few,Nil,Mucus threads,9.5,6.4,50,98.5,14,19,13.1,42.4,9775,45,31,2,4,0,1.38,2.3,0.27,0.32,0.1,375,7.4,8,0.28,17.7,3.1,0.39,0.02,5.91,192,35,82.7,38.9,194.5,169,5.5,2.36,0.42,0.8,0.3,0.5,73,16,38,13,7.1,5,2.1,2.38,0.9,21.9,10.2273,11.36,145,4.6,114,6.9,104.49,181,252,433,41.8,7.4,165.68,0.5,14.7,83.8,17.54,13.2,4.4,160,11.5,1.42,114,104,254,113
744899,GYAHD11KAU,283743,25/08/2018,07:50,08:23,Light Yellow,Hazy,1.012,6,Negative,Trace,Negative,Negative,Negative,Normal,Negative,77-81,0,1-3,Nil,Nil,NIL,14.3,4.9,43.6,78,29,32,11.9,46.9,7371,31,23,1,3,0.7,3.39,0.31,0.76,0.49,0.16,373,10.6,11,0.13,34,0.8,0.06,0.28,0.02,180,51,30.8,33.2,166,61,3.5,0.6,1.66,0.6,0.1,0.5,123,13,28,20,6.1,4.7,1.4,3.36,1.2,7.2,3.3624,2.8,141,5.8,82,6.3,45.78,74,138,212,34.91,7.9,180.03,0.5,28.2,22.8,123.68,12.2,2.9,81,6.4,5.09,103,110,90,97
745661,PBCHD13KLC,454572,28/08/2018,11:15,12:41,Pale Yellow,Clear,1.014,5.1,Trace,Trace,Negative,Negative,Negative,Normal,Negative,6-8,2,2-4,Nil,Nil,Fat droplets or lipiduria,10.6,4.8,21.8,97.4,22,48,12.3,39.8,7033,66,26,6,5,0,8.28,2.35,0.17,0.13,0.03,194,7.7,17,0.06,32.7,2.7,0.12,0.85,0.19,205,51,105.6,31.3,156.5,131,4,2.07,0.48,3.9,1.9,2,105,108,16,31,6.3,4.8,1.5,3.2,0.8,9.8,4.5766,5.72,133,4.2,111,3.8,109.65,135,214,349,38.68,6.2,131.24,0.7,15.1,120.4,12.54,8.7,6,228,8.1,2.75,178,86,234,123
674929,KLTRS07NLZ,355277,25/08/2018,06:32,07:30,Pale Yellow,Hazy,1.013,6.9,Negative,Trace,Negative,Negative,Negative,Normal,Negative,2-3,0,3-2,Nil,Few,NIL,17.5,5.2,37.6,74.1,33,46,12.5,44,4925,41,38,4,8,0,9.43,1.31,0.39,0.45,0.03,224,17.8,11,0.23,30.5,0.5,0.58,3.29,4.07,133,73,61.9,64.8,324,183,1.8,0.85,1.18,0.8,0.2,0.6,54,43,14,46,6.8,4.1,2.7,1.52,1.2,16.7,7.7989,6.5,135,3.3,105,3.6,119.74,102,298,400,25.5,5.9,122.63,0.7,24,409.6,5.86,10.2,3.8,95,12.5,0.79,109,65,90,74
182526,KLTRS08WBD,529822,26/08/2018,09:01,10:15,Light Yellow,Clear,1.022,4.8,Negative,Negative,Negative,Negative,Negative,1+,Negative,5-6,1,2-4,Nil,Few,NIL,10.3,4.6,50.1,54.6,22,20,12.4,39.3,5108,36,43,6,14,0,7.83,2.4,0.48,0.25,0.02,378,7.6,17,0.17,12.4,1.2,0.09,0.38,0.16,204,71,63.4,59.9,299.5,101,2.9,0.89,1.12,0.7,0.3,0.4,119,41,36,30,7.5,4.4,3.1,1.42,0.8,6.4,2.9888,3.74,136,2,95,9.9,47.26,68,191,259,26.25,8.8,205.86,0.2,759.5,92.8,818.43,10.1,4.2,188,4.3,2.92,108,110,258,132
844197,MZLGI15RJK,265472,26/08/2018,07:44,08:47,Red,Hazy,1.013,4.7,Trace,Negative,Negative,Negative,Negative,Normal,Negative,5-6,1,3-3,Nil,Few,Parasites,17.5,5.8,20,98.6,30,87,12.4,40.4,9796,73,33,2,8,0,13.14,2.05,0.26,0.1,0.01,136,9.2,15,0.26,37.2,1.1,0.3,0.02,0.14,176,51,94.6,35.9,179.5,101,3.5,1.85,0.54,0.8,0.1,0.7,60,45,25,36,8.1,4.6,3.5,1.31,0.9,10.4,4.8568,5.4,138,4.3,103,4.8,115.33,87,175,262,33.21,5.7,116.89,0.9,23.4,81.8,28.61,9.2,3.7,88,15.6,2.81,109,204,247,93
571391,PBCHD04PBM,329404,27/08/2018,08:54,10:18,Yellow,Slightly cloudy,1.01,6.2,Negative,2+,1+,2+,Negative,Normal,Negative,13-14,0,>20,Nil,Nil,NIL,10.9,5,47.5,96.1,21,22,13.5,38.7,5346,44,34,5,6,0,4.01,2.88,0.42,0.34,0.09,60,9.7,20,0.36,48,3.5,0.09,0.5,0.38,216,56,79.7,107.7,538.5,172,3.9,1.42,0.7,1.3,0.1,1.2,42,42,31,25,6.1,4.3,1.8,2.39,0.6,12,5.604,9.34,126,5.3,101,4.7,90.39,105,330,435,24.14,5.8,119.76,0.3,16.8,21.1,79.62,8.1,2.9,179,13.8,1.25,121,78,117,270
978898,PBCHD06NLM,493003,28/08/2018,11:55,13:01,Red,Slightly cloudy,1.018,6.9,Trace,Trace,Negative,Negative,Negative,Normal,Negative,2-3,2,3-2,Nil,Nil,NIL,8.1,4.6,38.8,52.9,17,20,15.2,43.7,40341,53,13,16,4,0,5.23,2.45,0.74,0.48,0.19,139,11.1,17,0.28,29.6,0.3,1.38,0.12,0.25,125,54,93.3,93.8,469,86,2.3,1.73,0.58,0.3,0,0.3,92,18,23,39,7.2,4.9,2.3,2.13,0.6,19.5,9.1065,15.18,139,4.4,103,5.1,103.58,98,279,377,25.99,7.2,159.94,0,24,127,18.9,10.1,3.8,285,2.9,3.74,70,74,117,279
765168,GYAHD14KAU,784084,27/08/2018,08:22,09:41,Dark Yellow,Hazy,1.013,4.5,Trace,3+,Negative,Negative,Negative,Normal,Negative,66-67,2,>20,Nil,Nil,Fat droplets or lipiduria,14.9,4.2,39.2,76,35,38,10.7,43.2,9184,51,33,8,4,0,3.74,3.33,0.68,0.05,0.03,827,11.2,10,0.26,14.2,4.3,0.14,0.28,0.32,164,25,151.9,29,145,135,6.6,6.08,0.16,0.9,0.2,0.7,121,8,29,26,7.6,5,2.6,1.92,0.9,36.5,17.0455,18.94,151,3.8,106,5.3,93.83,93,356,449,20.71,6.1,128.37,0.8,16.4,118.4,13.85,13.3,2.2,121,6.2,0.58,93,70,72,180
104534,MZLGI12RJK,901234,28/08/2018,09:05,10:12,Dark Yellow,Clear,1.015,4.9,Negative,Trace,Negative,Negative,2+,Normal,Negative,12-13,2,3-2,Nil,Rare,NIL,14.4,4.8,42.8,72.3,30,33,11.6,42.8,8550,49,27,1,10,0,5.75,1.22,0.71,0.11,0.01,100,10.3,14,0.37,19.6,2.5,4.91,0.13,0.19,227,51,74.1,18.1,90.5,105,4.5,1.45,0.69,1.6,0.5,1.1,77,25,31,20,6,4.1,1.9,2.16,0.8,14.6,6.8182,8.52,138,4.2,96,3,113.53,68,324,392,17.35,5.4,108.28,8.8,12,363.9,3.3,8,5,199,3.4,6.43,75,101,116,72
186686,PBCHD04KLC,418475,27/08/2018,10:58,11:38,Straw,Hazy,1.019,4.9,Negative,Trace,Negative,Negative,Negative,Normal,Negative,1-2,10,1-2,Nil,Nil,NIL,13.5,8.3,34,77.8,16,39,11.8,43.6,4457,38,26,6,5,0,8.49,1.18,0.41,0.38,0.07,105,9.3,16,0.23,18.6,3.7,0.13,4.3,0.06,209,42,94.5,12,60,114,5,2.25,0.44,0.5,0.1,0.4,46,45,40,14,6.4,5.4,1,5.4,0.6,7.8,3.6426,6.07,144,3.6,105,4.5,117.63,61,174,235,25.96,7,154.2,11.4,12.2,278.4,4.38,7.5,3.7,171,15.3,10.64,113,93,87,86
954051,MZLGI11APK,957506,24/08/2018,10:37,11:16,Yellow,Slightly cloudy,1.023,6.8,Negative,Trace,Negative,Negative,Negative,Normal,Negative,1-3,4,1-4,Nil,Nil,NIL,5.8,4.4,61,81.3,13,9,12.2,41.7,10021,78,38,1,7,0.6,6.09,1.99,0.46,0.22,0,366,9.5,11,0.62,44.9,0.3,0.24,0.26,0.25,171,74,118.9,12.7,63.5,100,2.3,1.61,0.62,0.7,0.2,0.5,120,27,32,9,7.7,4.9,2.8,1.75,0.8,7.6,3.5492,4.44,137,2.9,106,3.5,99.53,68,227,295,23.05,7,154.2,0.8,25.5,31.5,80.95,12.5,4.3,121,10.5,3.71,82,144,97,124
905977,GYAHD13ODK,594825,27/08/2018,09:15,10:40,Pale Yellow,Clear,1.005,6.5,Negative,Negative,Negative,Negative,Negative,Normal,Negative,TNTC,0,3-2,Nil,Few,NIL,18.4,5.9,59.3,87.9,31,31,11.7,39.9,53591,53,52,6,6,0,19.97,2.83,0.82,0.38,0.06,329,14.9,14,0.5,38.5,3.2,0.84,0.6,0.12,163,63,99.8,26.1,130.5,105,2.6,1.58,0.63,0.5,0,0.5,61,44,31,48,6.5,3.7,2.8,1.32,1.2,9.7,4.5299,3.77,124,3.6,99,2.6,99.24,170,135,305,55.74,13,326.4,0.4,11.8,66.9,17.64,8.7,4.3,297,10.3,9.46,99,118,92,153
600936,GYAHD07ODK,956947,28/08/2018,10:40,11:50,Light Yellow,Slightly cloudy,1.02,4.9,Trace,Trace,Negative,Negative,Negative,Normal,Negative,5-6,2,3-4,Nil,Nil,Fat droplets or lipiduria,20.3,5.9,59.7,79,34,34,13.9,40.5,8120,65,34,9,4,0,5.83,2.9,0.14,0.36,0.01,489,8.7,17,0.28,17.7,1.9,0.25,0.83,0.63,223,50,71.6,12.6,63,210,4.5,1.43,0.7,0.8,0.2,0.6,113,53,61,46,7.6,4.8,2.8,1.71,0.6,193.5,90.3645,150.61,144,4.2,102,5,105.81,111,349,460,24.13,6.4,136.98,0.1,26.5,51.7,51.26,10.2,4.8,69,6.9,2.39,74,93,92,280
476850,KLTRS01ODB,844646,25/08/2018,06:20,07:20,Light Yellow,Clear,1.016,6.9,Negative,Trace,Negative,Negative,Negative,Normal,Negative,14-15,32,>20,Nil,Nil,NIL,10.8,6.7,46.8,85,16,23,11.6,39.1,9352,43,40,2,8,0,1.05,1.3,0.7,0.13,0.16,319,7.2,17,0.27,41.1,1.5,0.51,0.21,0.27,195,55,70.5,38.9,194.5,76,3.5,1.28,0.78,0.6,0,0.6,59,30,25,40,6.1,4.3,1.8,2.39,1.4,18,8.406,6,141,5.6,96,3.5,108.48,200,231,431,46.4,6,125.5,0.8,24.3,57.9,41.97,9.2,4.7,109,9.1,1.26,80,157,77,247
650170,GYAHD03KAU,461765,27/08/2018,08:57,09:52,Orange,Clear,1.023,6.2,Trace,2+,Negative,3+,Negative,Normal,Negative,9-11,2,3-4,Nil,Moderate,NIL,18.9,6.2,15.4,86.7,30,122,12.3,41.1,19136,48,48,6,7,1,5.02,1.31,0.42,0.49,0.03,348,7.5,11,0.22,21.3,2.5,0.17,0.18,0.25,160,63,64.6,36.3,181.5,152,2.5,1.03,0.98,0.3,0,0.3,96,55,27,42,4.9,4.7,0.2,23.5,0.7,18.6,8.6862,12.41,140,3.2,96,2.1,90.02,141,316,457,30.85,5.8,119.76,1,230.6,140.1,164.6,10.3,1.3,142,11,0.69,118,187,111,109
715077,GYAHD07KLM,382494,28/08/2018,06:39,07:25,Yellow,Clear,1.012,6.2,Negative,Trace,Negative,Negative,Negative,Normal,Negative,85-90,1,1-4,Nil,Rare,NIL,13,4.5,20.7,95.4,28,62,11.5,47.5,10715,58,21,12,4,0,5.78,2.54,0.52,0.46,0.17,414,7.3,8,0.11,32.2,6.6,4.29,0.04,0.19,163,40,70.1,26.2,131,105,4.1,1.75,0.57,0.7,0.3,0.4,284,13,23,37,8,3.7,4.3,0.86,1,15.3,7.1451,7.15,140,3.1,95,3.1,99.76,115,122,237,48.52,5.9,122.63,0.8,20.4,122.3,16.68,7.5,3.7,303,6.6,3.25,72,122,85,89
274735,PBCHD11HPP,941525,26/08/2018,07:48,08:28,Light Yellow,Hazy,1.023,5.7,Negative,1+,Negative,Negative,Negative,Normal,Negative,14-15,0,2-2,Rare,Rare,Artifacts,4.1,4.5,55.5,88.8,9,7,13.8,34.1,3802,72,49,1,4,0,2.02,2.3,1.23,0.61,0.01,193,8.7,11,0.11,27.2,4.1,0.09,0.17,0.98,158,51,168.9,37.2,186,114,3.1,3.31,0.3,0.8,0.3,0.5,114,52,24,32,6.7,4.3,2.4,1.79,0.9,14.7,6.8649,7.63,139,4.3,95,5.5,103.46,71,307,378,18.78,8.5,197.25,0.5,26.6,86.3,30.82,9.8,3.8,53,18.9,7.28,94,184,100,76
957869,GYAHD13ODK,458854,24/08/2018,06:23,07:13,Orange,Slightly cloudy,1.027,6,Trace,1+,Negative,Negative,Negative,Normal,Negative,8-9,2,1-4,Nil,Nil,Amorphous debris,8.9,5,30.7,64.5,17,28,14.2,45.3,7241,71,34,0,23,0,6.69,1.45,0.62,0.43,0.08,233,11.3,12,0.72,21.7,4.9,5.9,0.48,0.51,165,36,85.3,25,125,109,4.6,2.37,0.42,0.5,0,0.5,65,18,34,27,7.4,3.9,3.5,1.11,1.2,7.2,3.3624,2.8,145,4.7,103,6.2,113.13,89,202,291,30.58,8.1,185.77,0.6,23.3,66.5,35.04,11,5.2,46,9.7,2.93,122,100,105,108
576063,PBCHD01PBP,898898,26/08/2018,11:25,12:28,Yellow,Clear,1.02,6.7,Trace,Negative,Negative,Negative,Negative,Normal,Negative,1-2,1,2-4,Nil,Nil,NIL,11.9,5.4,43.2,90.6,22,27,13.2,44.5,8885,43,37,2,4,0,1.71,0.44,0.75,0.08,0.09,248,9.3,10,0.3,32.9,3.6,0.06,0.14,1.89,166,24,49.8,14.9,74.5,144,6.9,2.08,0.48,2.1,1,1.1,41,38,12,13,7.6,3.2,4.4,0.73,0.8,28.2,13.1694,16.46,139,3.3,95,8.9,104.05,161,132,293,54.95,6.2,131.24,0.3,16.5,54.2,30.44,9.2,5.1,66,19,5.26,81,77,164,126
281277,GYAHD05ODK,300996,28/08/2018,11:58,13:04,Light Yellow,Clear,1.013,6.5,Trace,Negative,Negative,Negative,Negative,Normal,Negative,4-6,2,1-3,Nil,Nil,NIL,16.3,4.9,26.3,94.4,33,61,11.8,28.1,10849,48,25,4,6,0,2.36,1.66,0.14,0.64,0.11,120,7.2,13,0.31,20.7,5,0.04,0.26,2.75,228,59,94.3,7.5,37.5,80,3.9,1.6,0.63,3.5,1.7,1.8,53,7,16,10,7,4.4,2.6,1.69,2,12.4,5.7908,2.9,130,3.2,103,3.2,81.21,189,359,548,34.49,5.8,119.76,0.1,25.9,174.6,14.83,9.2,3.3,77,17.5,2.58,70,77,71,70
279145,GYAHD06ODK,430997,28/08/2018,07:28,08:47,Straw,Slightly cloudy,1.029,4.9,1+,1+,Negative,Negative,Negative,Normal,Negative,52-56,1,1-4,Few,Nil,NIL,17.8,4.7,53.4,78.5,37,33,14,45.1,10980,36,24,4,5,0,8.71,2.01,0.33,0.64,0.17,294,9.2,12,0.65,13.9,5,0.02,0.38,1.8,202,47,167.3,12.5,62.5,127,4.3,3.56,0.28,3.2,0.1,3.1,52,23,32,14,7.7,4.3,3.4,1.26,0.7,25.8,12.0486,17.21,136,4.6,102,4.2,111.18,165,346,511,32.29,6.3,134.11,0.1,24,132,18.18,8.6,2.6,122,7.5,0.17,87,91,80,110
902850,MZLGI06MHP,366902,27/08/2018,10:01,11:11,Deep Amber,Slightly cloudy,1.034,7,Negative,Negative,Negative,Negative,Negative,Normal,Negative,2-4,0,6-7,Nil,Nil,Amorphous debris,9.6,5.7,30.9,89.7,16,31,14.6,45.1,5838,78,13,2,4,0.1,6.34,0.83,0.13,0.98,0.06,345,7.3,11,0.31,19.8,3,0.11,0,0.03,213,52,154.7,34.5,172.5,201,4.1,2.98,0.34,0.5,0.2,0.3,48,46,11,43,7.2,3.2,4,0.8,0.8,8.2,3.8294,4.79,141,5.2,102,4.7,110.28,139,346,485,28.66,6.6,142.72,0.2,10.3,146.3,7.04,11.8,3.1,144,3.1,1.16,129,61,98,141
569395,KLTRS09TSS,303806,24/08/2018,09:43,10:16,Light Yellow,Slightly cloudy,1.026,6.6,Negative,Trace,1+,Negative,Negative,Normal,Negative,5-6,0,2-2,Nil,Nil,Amorphous debris,14.6,4.9,33.7,99.4,29,43,13.6,42,44748,66,46,3,19,0,8.71,2.8,0.26,0.43,0.09,116,11,19,0.12,20.5,0.1,0,0.4,0.23,239,58,77.4,49.5,247.5,78,4.1,1.33,0.75,0.6,0.1,0.5,70,16,30,36,8.3,3.6,4.7,0.77,1,15.1,7.0517,7.05,144,3.9,95,4.6,114.75,88,175,263,33.46,6.8,148.46,0.7,11.7,138.1,8.47,8.9,5.9,125,12.2,0.98,128,83,115,124
654545,GYAHD03KAU,830197,24/08/2018,06:13,06:44,Pale Yellow,Clear,1.027,4.8,Negative,Negative,Trace,Negative,Negative,Normal,Negative,7-9,2,2-2,Nil,Nil,NIL,16.7,8.4,53.4,128.9,19,31,12.7,41.7,4729,46,49,4,3,0.2,1.45,1.15,0.99,0.01,0.07,442,15.6,25,0.46,33.2,2.7,0.02,0.27,0.35,192,41,84.3,33.8,169,147,4.7,2.06,0.49,0.8,0.2,0.6,51,34,15,31,7.7,3.8,3.9,0.97,1,15.6,7.2852,7.29,143,5.3,93,3.7,60.71,134,360,494,27.13,5.8,119.76,0.3,18,41,43.9,10.9,4.5,342,18.1,3.91,109,82,89,72
966880,MZLGI15GJS,985498,26/08/2018,07:37,08:27,Pale Yellow,Slightly cloudy,1.012,5.5,Negative,4+,Negative,Negative,Negative,Normal,Negative,3-4,1,8-9,Rare,Nil,NIL,12,5.2,48.2,96.8,23,24,12.6,41.2,8142,54,21,3,8,0,1.03,3.85,0.96,0.48,0.09,196,18,10,0.23,14.6,2,0.08,0.48,0.35,119,56,96.9,31.5,157.5,75,2.1,1.73,0.58,12.2,7.7,4.5,93,25,25,46,7.3,3.5,3.8,0.92,0.9,43.7,20.4079,22.68,146,1.7,99,2.4,116.52,114,182,296,38.51,5.7,116.89,1,14.7,91.4,16.08,10,5,156,10.2,0.31,122,77,103,235
777901,MZLGI01APK,707974,27/08/2018,07:31,08:50,Red,Slightly cloudy,1.026,6.5,Trace,Trace,Negative,1+,Negative,Normal,Negative,26-28,1,2-3,Rare,Rare,NIL,16.7,4.1,31.9,71.1,40,52,12.2,44.1,5704,54,32,6,3,0,3.86,1.72,0.73,0.45,0.01,341,7.3,14,0.21,17,4.2,3.15,0.32,2.46,156,33,96.4,38.3,191.5,132,4.7,2.92,0.34,0.3,0.1,0.2,60,26,37,32,6.5,3.3,3.2,1.03,1.1,19.2,8.9664,8.15,143,4.6,102,2.2,100.51,118,288,406,29.06,5.9,122.63,0.7,24.7,115.2,21.44,10.7,4.5,236,6.1,1.87,101,91,76,139
273265,MZLGI04BRC,466046,24/08/2018,08:41,09:47,Light Yellow,Slightly cloudy,1.011,6.7,Negative,Negative,Negative,Negative,Negative,Normal,Negative,13-15,1,2-3,Nil,Nil,NIL,6.9,4.4,60.3,80.7,15,11,13.3,40.8,35204,44,19,10,5,0,2.72,2.42,0.8,0.58,0.03,283,8.2,14,0.35,15.3,0.6,2.84,0.83,5.93,192,57,132,28.8,144,83,3.4,2.32,0.43,0.9,0.3,0.6,48,42,29,27,5.8,3.9,1.9,2.05,1.2,28,13.076,10.9,140,5.8,107,4.5,94.66,109,314,423,25.77,12,297.7,0.3,16.7,140.5,11.89,8.5,3.6,98,5.1,2.24,195,66,83,109
164942,PBCHD06GAM,135890,28/08/2018,11:47,12:46,Light Yellow,Slightly cloudy,1.017,6.5,Trace,Trace,Negative,Negative,Trace,Normal,Negative,47-48,0,2-4,Nil,Rare,NIL,14,5,31,71.8,28,45,11.7,33.6,4237,30,27,4,2,0,0.49,0.39,0.71,0.02,0.02,356,8,13,0.1,14.1,3.9,0.26,0.92,0.24,126,58,91,24,120,83,2.2,1.57,0.64,0.5,0.1,0.4,63,25,19,48,6,3.2,2.8,1.14,0.4,7.3,3.4091,8.52,102,3.9,103,3,116.61,68,158,226,30.09,9,211.6,0.3,20.8,122.6,16.97,9.6,4.7,171,5.2,0.74,95,76,145,130
868627,GYAHD10JHJ,528759,24/08/2018,11:56,12:59,Dark Yellow,Clear,1.008,6.6,Negative,Negative,Negative,Negative,Negative,Normal,Positive,12-13,0,3-2,Nil,Nil,Fat droplets or lipiduria,8,4.9,31,88.6,16,25,11.7,41.9,8193,71,28,3,2,0,8.62,1.15,1.41,0.14,0.05,172,11.3,17,0.12,25.7,3.7,0.14,0.28,0.73,146,48,90.1,65.9,329.5,99,3,1.88,0.53,0.5,0.2,0.3,44,43,18,11,7,3.5,3.5,1,0.9,13.8,6.4446,7.16,129,3.7,107,5.5,103.4,141,159,300,47,8.9,208.73,0.9,226.2,189.9,119.12,10.5,5.4,231,3.6,3.77,200,177,63,83
583932,KLTRS09KLP,563955,28/08/2018,11:21,12:10,Yellow,Slightly cloudy,1.016,5,Trace,Negative,Negative,Negative,Negative,Normal,Negative,10-11,0,5-8,Nil,Nil,Artifacts,13.3,7.3,47,97.5,18,28,12.5,45.9,8019,43,54,5,9,0,4.03,1.16,0.25,0.22,0.06,313,8,17,0.31,28.6,1.7,0.72,0.1,0.73,193,80,51.8,34.7,173.5,156,2.4,0.65,1.54,0.8,0.1,0.7,98,46,20,18,5.1,5,0.1,50,0.9,18.9,8.8263,9.81,137,5.9,95,4.9,112.5,121,91,212,57.08,5.7,116.89,0.6,10.1,111.2,9.08,11.6,2.1,171,12.9,3.93,99,91,110,113
381054,MZLGI12APK,433407,28/08/2018,09:17,10:20,Light Yellow,Clear,1.027,5.7,Negative,Negative,Negative,Negative,Negative,Normal,Negative,3-5,0,3-2,Nil,Nil,Parasites,14.3,5.9,51.8,85.8,24,27,11.8,27.8,4145,40,35,0,6,2.6,13.19,6.43,0.19,0.36,0.07,1154,13.9,14,0.12,25.9,4.9,0.02,0.33,0.02,162,42,25.2,19.3,96.5,140,3.9,0.6,1.67,0.9,0.2,0.7,98,18,38,27,7.9,3.9,4,0.98,1.1,11.8,5.5106,5.01,143,3.8,99,3,114.66,139,133,272,51.1,8.2,188.64,6.4,15.2,159.4,9.54,8.5,2.7,224,3,8.25,88,93,75,155
959297,PBCHD07MHS,168814,26/08/2018,06:11,07:27,Light Yellow,Slightly cloudy,1.014,5.3,Trace,Negative,Negative,Negative,2+,Normal,Negative,60-61,1,3-3,Nil,Nil,NIL,12.3,5,40.8,91.8,24,30,12.1,45.6,3678,51,29,6,7,0,5.48,2.64,0.45,0.08,0.1,663,11.6,16,0.27,40.7,0.1,2.69,6.47,0.01,204,40,55.1,6.1,30.5,218,5.1,1.38,0.73,0.5,0.2,0.3,125,28,37,48,6.4,3.6,2.8,1.29,0.7,6.5,3.0355,4.34,144,4.4,101,5.8,100.89,75,327,402,18.66,7.6,171.42,0.3,526.3,100,526.3,9.1,2.4,151,8.3,3.86,95,93,224,180
356066,GYAHD05KAU,388858,27/08/2018,08:51,10:14,Pale Yellow,Slightly cloudy,1.015,6.8,Trace,Trace,Negative,Negative,Negative,1+,Negative,2-3,1,2-4,Nil,Nil,Amorphous debris,12.2,4.1,27.4,87.4,29,44,13,42.1,8541,62,52,6,5,0.2,3.82,4.48,0.48,0.39,0.03,1154,13.4,14,0.62,47.7,1.4,0.58,0.2,0.02,181,22,79.5,19.7,98.5,154,8.2,3.61,0.28,0.7,0,0.7,69,11,22,21,8.3,4.3,4,1.08,0.9,9.7,4.5299,5.03,137,4.6,113,4.1,105.57,111,125,236,47.03,6.1,128.37,0.1,12.1,106.2,11.39,10.4,2.1,143,13.8,1.11,75,92,254,284
585117,KLTRS01TSS,537641,26/08/2018,11:57,13:07,Light Yellow,Slightly cloudy,1.012,6.6,Negative,Trace,Trace,Negative,Negative,Normal,Negative,2-3,2,3-2,Nil,Rare,NIL,11.3,5.1,46.4,92.4,22,24,12.6,40.8,4188,38,17,2,4,0,2.66,6.6,0.94,0.48,0.13,155,7.1,12,0.29,17.9,3.7,0.33,0.13,0.12,194,46,89.4,89.2,446,142,4.2,1.94,0.51,0.9,0.2,0.7,261,41,31,6,6.9,3.9,3,1.3,0.8,92.5,43.1975,54,143,4.9,111,2.6,109.92,68,323,391,17.39,6.2,131.24,0.7,25.1,283.9,8.84,9.8,4.1,88,4.8,8.42,94,86,113,197
390014,PBCHD04MHS,334670,28/08/2018,10:25,11:13,Yellow,Clear,1.017,6.9,Trace,1+,1+,Negative,Negative,Normal,Negative,2-3,2,3-3,Few,Rare,Yeast cells,12.2,5.6,22,84.2,21,55,13.6,25.4,7936,32,16,4,22,0,21.37,3.6,0.03,0.28,0.07,450,9.6,17,0.31,23.6,0.1,0.29,0.25,0.56,235,40,52.6,50.5,252.5,109,5.9,1.32,0.76,5.1,2.5,2.6,127,52,13,44,6,4.9,1.1,4.45,0.6,8.1,3.7827,6.3,140,2.5,105,4.4,105.49,147,317,464,31.68,5.7,116.89,0.7,243.7,39.7,613.85,8.8,3.2,94,4.1,1.86,138,91,80,117
562112,GYAHD08JHJ,228713,26/08/2018,10:59,12:08,Light Yellow,Slightly cloudy,1.019,7,Trace,Trace,Negative,Negative,Negative,Normal,Negative,35-40,0,2-3,Nil,Rare,Artifacts,2.8,4.6,17,99.5,6,16,13.6,40.7,7616,42,48,10,11,0,4.88,1.73,0.65,0.4,0.09,36,7,12,0.35,34.9,3.2,0.28,0.36,0.37,183,26,98.4,31.3,156.5,177,7,3.78,0.26,0.3,0.1,0.2,123,36,12,26,7.4,4.3,3.1,1.39,1,15.9,7.4253,7.43,145,4.6,112,4.8,77.71,94,346,440,21.36,6.8,148.46,0.8,12.8,348,3.68,10.3,4.4,189,6.9,0.08,73,176,79,228
615859,PBCHD12GAM,603675,25/08/2018,10:10,11:26,Pale Yellow,Clear,1.026,4.6,Trace,Trace,Negative,Negative,Negative,Normal,Negative,13-14,3,3-2,Rare,Rare,NIL,18.2,6.9,36.7,76.1,26,49,11.5,40.3,9338,58,43,17,4,0,8.45,0.28,0.6,0.26,0.13,253,9.7,20,0.36,27.8,3.7,0.4,0.05,0.27,221,51,66.4,28.9,144.5,150,4.3,1.3,0.77,0.5,0.2,0.3,75,53,13,10,7.4,4.1,3.3,1.24,1.2,18.8,8.7796,7.32,141,3.6,101,9.1,98.12,24,294,318,7.55,8.5,197.25,0.4,20.4,259.8,7.85,9.7,3.4,189,7.8,0.17,86,80,96,67
194187,PBCHD08KLC,760316,28/08/2018,06:46,07:48,Yellow,Opaque,1.028,6.5,Trace,Trace,Negative,Negative,Negative,Normal,Negative,10-11,0,3-4,Rare,Nil,NIL,11.8,4.7,50.1,78.2,25,23,13.8,39.9,8750,54,25,3,7,0,0.93,0.52,1.06,0.16,0.41,344,8.1,19,0.34,28.1,6.4,0.15,0.33,0.4,219,49,88.9,22.5,112.5,141,4.5,1.81,0.55,0.6,0.2,0.4,294,16,26,31,7.3,3.8,3.5,1.09,1,18.9,8.8263,8.83,141,2.8,103,6.3,92.54,86,115,201,42.79,5.9,122.63,0.4,28.5,144.4,19.74,9.7,4,157,6.2,3.53,104,122,75,62
840945,PBCHD12RJU,673976,26/08/2018,08:47,10:03,Green,Clear,1.013,5,Negative,Negative,Negative,Negative,Negative,Normal,Negative,7-8,1,7-8,Nil,Nil,Fat droplets or lipiduria,11.9,5.9,46,88.6,20,25,14.2,39.8,3213,68,21,7,8,0,1.48,3.54,1.2,0.29,0.02,702,11.5,28,0.48,13.2,2.9,0.32,0.26,0.36,197,78,108.9,26.3,131.5,106,2.5,1.4,0.72,0.6,0.1,0.5,71,24,35,25,6.9,3.5,3.4,1.03,0.8,18.1,8.4527,10.57,145,3.4,100,6.9,119.89,138,206,344,40.12,7,154.2,0.2,28.5,395.3,7.21,8.6,2.2,80,6.7,2,79,70,129,194
550283,GYAHD04ODK,895318,28/08/2018,08:37,09:54,Orange,Clear,1.019,7,Negative,Trace,Negative,Negative,Negative,Normal,Negative,TNTC,2,3-3,Nil,Rare,Amorphous debris,10.9,4.9,34,58.7,22,32,13.6,45.1,8054,51,31,25,8,0,2.72,2.91,0.59,0.13,0.05,194,8.2,12,0.36,16.1,0.7,0.71,0.37,5.49,162,64,121,96.7,483.5,156,2.5,1.89,0.53,0.3,0.1,0.2,49,13,25,35,6.8,4.7,2.1,2.24,1.9,16,7.472,3.93,149,5.7,103,5.9,78.01,109,137,246,44.31,6.2,131.24,0.4,13,131.3,9.9,9.8,3.5,90,18.7,2.77,114,76,72,124
252275,GYAHD14KAU,422846,27/08/2018,09:51,11:12,Pale Yellow,Slightly cloudy,1.014,6.3,Negative,2+,Negative,Negative,Negative,Normal,Negative,8-10,5,2-4,Nil,Nil,NIL,17.5,4.7,39.4,93.5,37,44,12.5,41.6,8394,34,38,10,8,0,1.96,1.61,1.23,0.48,0.1,427,7.2,16,0.25,46.1,0.1,0.34,0.33,4.31,148,56,66.4,16.2,81,150,2.6,1.19,0.84,1,0.3,0.7,50,53,38,46,8.4,3.9,4.5,0.87,1.2,9.2,4.2964,3.58,113,2.5,101,6.8,100.73,237,292,529,44.8,8.2,188.64,0.1,24.4,84.1,29.01,9.4,5.2,187,22.1,3.6,95,62,87,97
103412,KLTRS13KLP,994851,25/08/2018,11:11,11:52,Dark Yellow,Hazy,1.015,5.8,Trace,Negative,Negative,Negative,Negative,Normal,Negative,TNTC,0,2-4,Nil,Nil,Fat droplets or lipiduria,1.9,4.5,61.5,79,4,3,14.3,49.7,6869,48,33,2,2,0,1.43,1.29,0.07,0.37,0,197,9.1,12,0.52,27.4,2.6,0.06,0.32,0.18,195,23,45.7,6.6,33,77,8.5,1.99,0.5,0.6,0,0.6,62,52,26,25,7.6,4.6,3,1.53,0.6,14,6.538,10.9,139,4.8,99,2.7,84.5,62,244,306,20.26,6.1,128.37,0.8,230.4,74.6,308.85,9.6,2.4,230,6,0.26,72,125,238,225
770352,GYAHD13JHJ,422857,28/08/2018,09:13,09:45,Light Yellow,Hazy,1.013,7.8,Negative,Trace,Negative,Negative,Negative,Normal,Positive,2-4,1,3-4,Nil,Nil,Fungal elements,3.2,4.4,46.6,83.7,7,6,11.6,44.5,9173,56,16,2,2,0,22.24,4.95,0.28,0.08,0.02,200,9.1,13,0.06,17.2,3.8,0.39,0.97,0.95,190,50,89.3,16.1,80.5,151,3.8,1.79,0.56,0.3,0,0.3,78,7,16,23,7.1,5,2.1,2.38,0.7,12,5.604,8.01,95,4.8,98,5.4,99.58,83,264,347,23.92,6.1,128.37,0.8,10.7,51.9,20.62,9.6,4,173,6.5,0.21,80,119,96,266
931802,MZLGI05MHP,921805,25/08/2018,07:12,08:19,Yellow,Hazy,1.017,6.6,Negative,Negative,Negative,Negative,Negative,Normal,Negative,13-14,39,1-4,Nil,Few,Parasites,14.9,6.4,61.9,71.5,23,24,13.2,34.4,10402,46,42,1,7,0,1.78,0.39,0.64,0.35,0.09,948,12,17,0.19,27.4,3.7,0.05,5.35,0.01,178,67,82.3,7.5,37.5,112,2.7,1.23,0.81,0.9,0.2,0.7,50,33,13,48,5.4,4.3,1.1,3.91,0.6,8.1,3.7827,6.3,136,3.8,110,2.2,69.43,96,200,296,32.43,5.7,116.89,0.9,22.6,213.4,10.59,11,2.8,176,6.2,11.52,91,65,92,134
812494,KLTRS01NLZ,713521,24/08/2018,09:38,10:17,Pale Yellow,Slightly cloudy,1.014,6,Negative,Trace,1+,Negative,1+,Normal,Negative,8-9,0,3-3,Moderate,Nil,NIL,18.5,4.6,41.6,96.8,40,44,13.5,41.4,8920,44,20,1,3,7.3,2.27,2.27,0.87,0.3,0.09,141,7.2,12,0.34,40.1,5.9,4.33,0.25,0.49,173,72,70.6,42.2,211,190,2.4,0.98,1.02,0.5,0.2,0.3,72,39,6,34,7.6,4,3.6,1.11,1.1,17,7.939,7.22,136,4.1,113,6,108.35,100,233,333,30.03,6,125.5,0.9,10.1,82.8,12.2,12,3.6,68,7.4,12.15,116,66,100,130
314633,MZLGI06GJS,114147,24/08/2018,09:19,09:59,Light Yellow,Clear,1.02,6,Negative,Negative,Trace,Negative,Negative,Normal,Negative,10-11,4,11-19,Nil,Nil,Parasites,15.6,4.9,31.5,92.4,31,49,11.6,43,5680,57,23,1,2,0,2.78,1,0.46,0.35,0.01,138,11.4,15,0.34,21.2,4.8,0.04,0.3,0.13,196,43,96.9,98.5,492.5,86,4.6,2.25,0.44,0.5,0.2,0.3,128,40,19,20,7.6,5,2.6,1.92,1,5.9,2.7553,2.76,101,3.5,95,4.3,95.75,212,308,520,40.77,6.6,142.72,0.5,27.4,82.5,33.21,9.2,5.1,179,3.8,1.43,110,93,84,120
200435,PBCHD01SKM,796155,25/08/2018,10:46,11:20,Light Yellow,Opaque,1.013,6.5,Negative,Negative,Negative,Negative,Negative,Normal,Negative,TNTC,1,2-4,Rare,Nil,Yeast cells,5.9,4.1,36.4,63.4,14,16,13.4,40.2,8977,75,34,5,8,0,6.77,2.78,0.47,0.08,0.01,105,10.3,10,0.2,37.6,4.4,0.36,0.15,6.82,186,59,89.7,8.6,43,119,3.2,1.52,0.66,0.7,0.3,0.4,63,38,23,34,6.7,4.2,2.5,1.68,0.8,14,6.538,8.17,140,3,108,2.9,113.58,127,328,455,27.91,6.4,136.98,3.6,15.8,148.1,10.67,11.7,4.1,187,22.5,0.63,119,84,108,214
234005,GYAHD15KLM,193463,25/08/2018,06:54,08:17,Pale Yellow,Slightly cloudy,1.026,5.4,Trace,Negative,Negative,Negative,Negative,Normal,Negative,4-6,2,3-2,Nil,Nil,Yeast cells,13.8,5.7,19.5,71.5,24,70,11.7,46.1,4954,53,52,1,2,0,1.02,2.01,0.9,0.2,0,175,8.5,16,0.39,17.6,2.3,0.35,1.64,0.17,107,47,88.3,17,85,150,2.3,1.88,0.53,0.5,0.2,0.3,89,44,39,18,8,3.9,4.1,0.95,1,11.7,5.4639,5.46,148,2.6,113,8.1,100.74,167,287,454,36.78,6.6,142.72,0.6,17.9,174.9,10.23,9,6.4,319,9.1,3.6,87,109,74,85
220859,MZLGI14GJS,374109,24/08/2018,07:38,08:17,Light Yellow,Slightly cloudy,1.012,5.3,Negative,Trace,Negative,Negative,Negative,Normal,Negative,8-10,0,8-16,Few,Few,NIL,10.3,4.1,37.9,71.3,25,27,12.5,42.2,9843,40,23,6,6,0,7.97,1.06,0.91,0.05,0.05,144,16.4,19,0.49,20.3,2.2,0.33,3.11,4.48,180,48,116.8,26.9,134.5,98,3.8,2.43,0.41,0.6,0.1,0.5,254,45,25,13,8.2,3.7,4.5,0.82,0.7,12.2,5.6974,8.14,141,3.5,98,5.5,94.9,69,192,261,26.44,8.6,200.12,0.7,18.4,147.5,12.47,9.3,3.4,84,3.3,0.73,113,116,73,97
101700,MZLGI10GJS,934754,25/08/2018,07:34,08:23,Light Yellow,Slightly cloudy,1.018,5.3,Trace,Trace,Trace,Negative,Negative,Normal,Negative,12-13,2,3-2,Nil,Rare,NIL,13.5,5.2,40.2,55.4,25,33,13,41.3,18234,53,37,9,2,0.5,3.95,2.9,0.24,0.25,0.08,159,13,9,0.16,35.7,2.5,0.01,0.22,0.23,163,34,93.8,29.2,146,140,4.8,2.76,0.36,1.9,0.9,1,77,44,16,10,7.2,4.7,2.5,1.88,0.9,16,7.472,8.3,138,3.7,114,6.2,47.5,111,352,463,23.97,6.4,136.98,0.2,12.2,113.4,10.76,9.5,4.6,105,3.1,3.28,122,70,77,95
611720,MZLGI08MHP,361392,28/08/2018,11:02,12:08,Light Yellow,Hazy,1.019,6.6,Trace,Negative,Negative,Negative,Negative,Normal,Negative,2-3,1,3-2,Nil,Nil,NIL,17.8,4.9,45.8,77.8,36,38,12.2,43.1,6082,54,27,1,3,0,0.65,1.82,0.55,0.05,0.07,229,8.4,12,0.18,25.9,0.6,0.36,0.11,0.29,157,68,73,108.2,541,129,2.3,1.07,0.93,0.6,0,0.6,89,20,17,27,6.1,3.7,2.4,1.54,0.8,26,12.142,15.18,137,4.6,104,5.9,90.14,133,346,479,27.77,8.4,194.38,0.8,10.4,136,7.65,8.1,4.5,69,2.3,3.34,101,80,71,124
524726,PBCHD06SKM,288392,28/08/2018,10:39,11:53,Orange,Clear,1.017,6.3,1+,Negative,Negative,Negative,Negative,Normal,Negative,1-2,2,1-3,Nil,Nil,Yeast cells,1.5,5.7,29.1,71,2,5,12.6,40.7,2299,58,36,6,4,0,4.79,2.12,0.45,0.08,0.08,908,8.9,12,0.37,31.7,1,0.12,1.23,0.37,194,39,37.1,35.6,178,173,5,0.95,1.05,0.3,0,0.3,53,55,23,46,5.2,4.2,1,4.2,0.9,12.2,5.6974,6.33,135,3.7,114,2.3,110.55,94,347,441,21.32,6.6,142.72,27.2,216.4,107.4,201.49,11.2,3.5,189,3.5,0.36,74,102,76,391
142110,KLTRS01MLT,796454,26/08/2018,08:33,09:53,Orange,Slightly cloudy,1.015,6.3,2+,Negative,Negative,Negative,Negative,Normal,Negative,14-15,2,1-2,Rare,Nil,NIL,10.6,4.8,40.9,75.8,22,25,12.8,39.7,5699,60,20,2,5,0,2.91,1.86,0.73,0.21,0.12,161,8.3,14,0.22,30.8,0.5,4.25,0.33,0.18,236,43,59.3,34.6,173,215,5.5,1.38,0.73,0.5,0,0.5,85,29,15,45,7.8,4.1,3.7,1.11,0.5,16,7.472,14.94,130,3.7,111,5.2,104.15,61,309,370,16.49,7.1,157.07,0.8,22.9,68.1,33.63,10.9,4.4,164,7.9,2.35,75,108,103,116
465452,KLTRS03WBD,430838,27/08/2018,08:03,09:29,Pale Yellow,Clear,1.022,5,1+,Negative,Trace,Negative,Negative,Normal,Negative,TNTC,2,3-4,Nil,Nil,Artifacts,12.1,5.2,49.8,85.5,23,24,13.2,29.6,3330,55,41,6,3,0.7,2.8,3.38,0.03,0.15,0.01,382,11.2,10,0.31,20.5,4.5,0.38,0.15,0.12,166,30,124.1,38.5,192.5,176,5.5,4.14,0.24,0.7,0.2,0.5,113,12,11,14,7.4,3.9,3.5,1.11,0.9,39.9,18.6333,20.7,128,2.8,100,2.4,45.95,82,177,259,31.66,5.9,122.63,0.9,23.9,26.2,91.22,10.5,3.4,171,6.5,10.37,119,89,97,138
458366,MZLGI03RJK,548026,24/08/2018,09:04,10:19,Yellow,Slightly cloudy,1.014,4.6,Trace,Negative,Negative,Negative,Negative,Normal,Negative,10-11,1,2-2,Nil,Nil,Fungal elements,12.2,8.1,35.2,75.8,15,34,14.5,40.6,8634,54,39,2,1,0,8.4,0.13,0.67,0.45,0.08,112,11.7,14,0.12,12.8,3.9,2.2,0.38,0.24,218,49,169.2,69.7,348.5,137,4.4,3.45,0.29,0.8,0.3,0.5,320,38,22,12,7.7,4.1,3.6,1.14,1.2,15.7,7.3319,6.11,100,3.2,98,4.4,97.24,119,174,293,40.61,6,125.5,0.3,10.9,90.2,12.08,8.4,3.2,82,5,0.009,77,78,82,132
591003,GYAHD06KLM,150145,27/08/2018,07:23,07:54,Pale Yellow,Clear,1.017,4.6,Trace,1+,Negative,Negative,Negative,Normal,Negative,9-10,2,3-4,Few,Nil,NIL,15.1,4.6,32.5,94,32,46,12.9,39.8,8685,59,19,3,7,0,2.47,2.64,0.78,0.36,0.07,46,12.2,9,0.2,12.2,1.6,0.36,0,0.28,202,74,112.4,43.8,219,108,2.7,1.52,0.66,0.7,0.3,0.4,117,46,37,26,7.5,4.7,2.8,1.68,0.6,14.8,6.9116,11.52,138,5.7,102,5.7,102.66,90,273,363,24.79,6.3,134.11,0.6,10.8,534.6,2.02,10.6,2.3,67,3.6,2.85,90,91,73,109
775225,KLTRS03MLT,589381,24/08/2018,07:48,09:15,Pale Yellow,Slightly cloudy,1.037,4.7,Trace,Trace,Negative,Negative,Negative,Normal,Negative,85-90,1,3-3,Few,Nil,Fungal elements,15.2,4.3,52.4,124.6,35,29,12.5,42.4,8292,60,18,4,3,0,9.79,1.8,0.92,0.23,0.04,321,11.6,15,0.54,30.7,3.5,0.27,0.3,0.1,143,46,90.7,14.9,74.5,172,3.1,1.97,0.51,0.7,0.3,0.4,61,13,24,30,7.5,4.1,3.4,1.21,2,15.2,7.0984,3.55,133,4,104,3.1,92.31,144,360,504,28.57,6.2,131.24,1,28.1,139.3,20.17,10.4,3.3,111,9.1,4.27,93,70,91,112
409309,KLTRS08WBD,511765,27/08/2018,11:56,13:18,Straw,Hazy,1.019,4.7,2+,Trace,Negative,1+,Negative,Normal,Negative,57-62,2,2-2,Nil,Rare,NIL,18.3,4.7,41.8,91.7,38,43,12.7,45.7,7559,56,39,1,8,1.6,8.58,2.28,1.34,0.33,0.04,141,7.6,12,0.58,27,0.7,0.8,0.02,0.37,147,69,78.5,33.7,168.5,102,2.1,1.14,0.88,0.9,0.2,0.7,88,15,34,17,6.7,4.3,2.4,1.79,0.7,9.1,4.2497,6.07,139,3.7,99,2.4,33.31,141,152,293,48.12,6.3,134.11,0.5,13,84.8,15.33,10.2,4.6,255,7.9,11.45,123,85,82,200
545373,KLTRS05TSS,289837,28/08/2018,11:04,11:38,Light Yellow,Slightly cloudy,1.014,6.4,Negative,Trace,Negative,Negative,Negative,Normal,Negative,12-13,2,2-3,Nil,Rare,Parasites,19.1,4.2,16.8,80.2,45,113,13,42.4,9082,51,37,14,8,0,8.61,2.06,0.36,0.38,0.07,441,8.1,29,0.35,31.3,4.9,0,0.18,0.35,119,72,133,34.9,174.5,84,1.7,1.85,0.54,0.5,0.2,0.3,69,5,11,21,6.3,4,2.3,1.74,1,9.1,4.2497,4.25,143,2.9,99,3.5,105.2,119,353,472,25.21,6.1,128.37,0.2,20.6,386.1,5.34,9.2,2.6,168,17.5,0.33,93,99,98,86
608981,KLTRS02WBD,672756,25/08/2018,10:47,12:10,Dark Yellow,Hazy,1.016,5.1,Negative,Trace,Negative,Negative,Negative,Normal,Negative,1-2,2,3-4,Nil,Nil,NIL,2.9,7.6,48.3,81.5,3,6,12.9,42.1,6671,51,41,12,25,0,3.02,2.72,0.39,0.02,0.05,179,7.1,12,0.68,15.2,4.1,0.36,6.64,0.03,225,64,73.4,34,170,93,3.5,1.15,0.87,17.7,13.2,4.5,116,11,22,44,7,4.2,2.8,1.5,0.7,34,15.878,22.68,137,3.8,113,4.2,98.32,160,219,379,42.22,6,125.5,0.1,14,61,22.95,10,3.1,153,11.4,0.74,96,74,108,287
836411,MZLGI02APK,105069,25/08/2018,09:15,10:12,Pale Yellow,Slightly cloudy,1.017,6.8,Trace,1+,Negative,Negative,Negative,Normal,Negative,5-6,22,15-12,Rare,Nil,NIL,9.1,6,58.2,100,15,15,11.6,39,5951,54,53,14,4,0,6.45,1.95,0.58,0.33,0.09,449,10.8,16,0.27,33.1,4.5,0.23,0.04,0.03,189,49,46.7,9.8,49,130,3.9,0.95,1.05,0.6,0,0.6,97,41,41,37,6.3,4,2.3,1.74,0.8,229.7,107.2699,134.09,145,4.3,104,5.5,69.82,130,120,250,52,12.8,320.66,0.5,14.4,135.9,10.6,9.1,5.3,178,9.5,8.93,97,100,72,166
386994,PBCHD08NLM,414631,28/08/2018,11:03,12:18,Pale Yellow,Clear,1.028,7,Trace,Negative,Negative,Trace,Negative,Normal,Negative,12-14,4,3-4,Nil,Nil,NIL,16.7,5.6,40.6,91.1,29,41,12.5,42.5,7484,63,36,4,10,0,12.15,2.94,0.59,0.41,0,141,10.3,19,0.15,23.2,1.6,0.14,0.12,0.02,153,42,75,9.7,48.5,98,3.6,1.79,0.56,0.6,0.2,0.4,117,24,35,40,8.3,4.4,3.9,1.13,0.3,9.8,4.5766,15.26,141,4.5,112,5.8,102.54,93,317,410,22.68,7.5,168.55,0.8,21.6,71.3,30.29,9.7,3.1,115,5.6,2.69,87,71,79,162
713022,GYAHD12ODK,794953,24/08/2018,06:09,07:00,Straw,Clear,1.011,4.6,Trace,Negative,Trace,Negative,1+,Normal,Negative,3-5,0,1-4,Nil,Nil,NIL,1.4,6.1,43.7,84.4,2,3,9.3,39.3,6160,52,44,1,6,0,2.57,0.13,0.71,0.26,0.07,306,13,13,0.05,13.4,0.5,0.2,0.23,4.35,188,75,157.9,28.7,143.5,138,2.5,2.11,0.47,0.3,0,0.3,80,30,31,41,6,4.1,1.9,2.16,0.8,14.3,6.6781,8.35,146,4.1,103,5.8,101.73,50,309,359,13.93,7.9,180.03,0.9,25.7,162.4,15.83,10.1,4.1,91,8,0.55,139,83,136,178
960491,KLTRS04TSS,610489,27/08/2018,10:48,11:20,Straw,Clear,1.019,6.8,Negative,Trace,Negative,Negative,Negative,Normal,Negative,37-39,0,1-2,Nil,Nil,NIL,11.8,6.4,55,84.8,18,21,15.7,34.5,7065,49,30,4,14,0,7.9,4.8,0.1,0.37,0.03,430,7.8,19,0.37,28.7,4.2,0.42,0.34,3.23,184,48,24.9,79.9,399.5,136,3.8,0.52,1.93,0.5,0.2,0.3,105,56,33,38,7.4,4.6,2.8,1.64,1,13.9,6.4913,6.49,148,4.8,105,4.7,101.43,143,348,491,29.12,6.2,131.24,0.1,12,108.1,11.1,10.6,6.4,150,3.9,0.45,90,94,235,124
840886,KLTRS07MLT,723739,25/08/2018,10:16,11:40,Straw,Clear,1.015,5.8,Trace,2+,Negative,Negative,Negative,Normal,Negative,93-96,2,2-3,Rare,Nil,Amorphous debris,7.9,5.8,24.7,62.2,13,31,14.1,45.8,8425,59,29,3,7,0,4.16,3,1.08,0.1,0.5,337,10.2,11,0.38,13,4.7,0.03,0.33,0.04,174,52,119.5,36.9,184.5,69,3.3,2.3,0.44,0.9,0.2,0.7,88,11,13,37,7.9,3.5,4.4,0.8,1.2,8.9,4.1563,3.46,121,4.6,99,4.8,103.33,62,347,409,15.16,7,154.2,0.9,16.7,52.6,31.75,9.4,4.8,181,9.8,4.56,118,92,114,88
278268,MZLGI07BRC,876555,26/08/2018,07:15,08:38,Pale Yellow,Slightly cloudy,1.037,4.6,Trace,1+,Negative,Negative,Negative,Normal,Negative,6-8,2,1-4,Nil,Rare,Parasites,17.7,6.6,31.1,90.3,26,56,12.3,44.6,7111,56,37,3,6,0,3.5,0.42,0.93,0.25,0.1,352,15.2,20,0.14,22.9,3.9,0.63,0.05,0.11,164,54,44.8,87.6,438,135,3,0.83,1.21,0.5,0.2,0.3,42,28,19,38,6.4,4.7,1.7,2.76,0.6,38.3,17.8861,29.81,140,3.5,104,6.7,117.84,83,278,361,22.99,6.1,128.37,23.6,17.7,117.6,15.05,6.4,5.9,85,10.6,6.8,91,197,74,164
380667,PBCHD11GAM,135599,25/08/2018,10:21,11:01,Light Yellow,Slightly cloudy,1.021,6.5,Negative,Trace,Negative,Negative,Trace,Normal,Negative,8-9,0,2-3,Rare,Nil,NIL,10.9,4.1,31.1,95.9,26,35,13.7,43.8,7239,51,26,4,3,0,1.82,3.18,0.98,0.39,0.04,269,7.5,17,0.06,22.2,0.1,0.1,0.28,0.19,166,77,98.3,16.4,82,126,2.2,1.28,0.78,0.5,0,0.5,77,62,81,12,8.1,3.6,4.5,0.8,1.1,10.8,5.0436,4.59,136,3.7,112,3.5,112.56,183,150,333,54.95,5.7,116.89,1.2,253.1,26.9,940.89,10.6,5.4,66,5.5,3.23,115,179,78,68
855909,PBCHD10HPP,695394,24/08/2018,07:56,08:35,Pale Yellow,Clear,1.026,5.3,1+,Trace,Negative,Negative,Negative,Normal,Negative,TNTC,2,2-2,Nil,Nil,Parasites,8.2,4.7,47.6,81.2,17,17,13.5,43.2,8496,34,51,3,3,0,0.9,2.3,0.33,0.4,0.02,123,11.2,14,0.36,16.4,6.1,0.32,0,0.14,210,20,93.9,32,160,208,10.5,4.7,0.21,0.8,0.2,0.6,87,19,30,32,6.3,3.4,2.9,1.17,1,65.1,30.4017,30.4,149,4.1,94,4.3,116.35,139,206,345,40.29,6.3,134.11,0.8,15.4,96.5,15.96,8.7,3.9,344,8.9,1.5,98,118,77,183
899609,KLTRS14KLP,813541,28/08/2018,09:17,10:46,Dark Yellow,Hazy,1.011,5,Trace,Trace,Trace,Negative,Negative,Normal,Negative,TNTC,0,14-15,Nil,Nil,NIL,13.5,5.3,56.8,54,25,23,11.3,39.9,10867,48,19,10,6,0,7.1,5.02,0.34,0.59,0.07,232,9.1,19,0.24,20,0.1,0.31,0.78,0.47,183,70,122.6,21.1,105.5,88,2.6,1.75,0.57,0.6,0.1,0.5,188,8,22,39,8.2,4.4,3.8,1.16,1.1,19,8.873,8.07,135,4,103,5,109.51,100,209,309,32.36,9.6,228.82,0.9,136.5,28.3,482.33,8.5,5.7,188,16.9,0.008,89,76,116,225
319395,PBCHD09GAM,862548,26/08/2018,09:46,11:07,Yellow,Slightly cloudy,1.013,7,4+,Negative,Negative,Negative,Negative,Normal,Negative,9-10,0,3-2,Nil,Nil,Artifacts,16.5,4.1,27.7,91.4,40,59,13.9,42.3,4114,30,39,1,2,0,1.06,2.15,0.9,0.42,0.01,283,11.7,26,0.29,18.2,3.5,0.19,0.08,0.73,197,56,86.9,55.5,277.5,130,3.5,1.55,0.64,0.6,0,0.6,293,49,21,35,7.1,3.6,3.5,1.03,1,8.3,3.8761,3.88,137,3.1,105,3.4,101.58,76,213,289,26.3,5.4,108.28,0.7,22.3,40.4,55.2,8.9,3.3,179,9.1,0.008,97,124,122,88
306611,PBCHD11NLM,997906,27/08/2018,08:46,09:19,Light Yellow,Slightly cloudy,1.02,6.7,Negative,3+,Negative,Negative,Trace,Normal,Negative,8-10,0,1-4,Rare,Few,Fat droplets or lipiduria,10.5,5.4,45.5,70.5,19,23,13,39.6,9908,35,43,9,8,0,17.31,1.69,0.43,0.24,0.07,220,9.4,25,0.36,31.4,0.2,3.93,0.34,0.11,180,66,69.4,27.4,137,73,2.7,1.05,0.95,0.7,0.3,0.4,60,27,39,37,6.4,3.6,2.8,1.29,0.8,39.3,18.3531,22.94,145,3.6,106,2.2,79.3,138,207,345,40,6.7,145.59,0.1,17.2,141.1,12.19,8.6,3.5,117,9.1,10.28,122,72,148,114
308941,MZLGI02MHP,720722,25/08/2018,06:00,07:24,Straw,Clear,1.032,5.8,Negative,Trace,Negative,Negative,Negative,Normal,Negative,26-31,0,1-3,Nil,Nil,NIL,21.2,6,44.9,85.6,35,47,12.8,45.8,10254,56,52,15,3,0,6.87,2.66,0.23,0.24,0.15,270,8.2,16,0.33,25.7,1.6,0.22,0.52,4.17,218,52,79.6,37.8,189,182,4.2,1.53,0.65,0.4,0,0.4,90,51,13,29,7,4,3,1.33,1.1,7.5,3.5025,3.18,135,4.7,106,5.6,100.47,76,248,324,23.46,6.4,136.98,0.8,17.2,220.8,7.79,8.1,5.8,140,11.2,2.82,72,72,96,152
978047,KLTRS07MLT,298832,25/08/2018,11:47,13:04,Straw,Slightly cloudy,1.015,5.3,Negative,Trace,Negative,Negative,Trace,Normal,Negative,5-6,2,2-3,Nil,Nil,NIL,16,5.4,36.1,82,29,44,11.8,43.8,9038,43,26,1,6,0,3.74,2.33,0.27,0.48,0.06,315,9,12,0.32,23.3,3.7,0.2,0.23,1.55,206,78,75.1,21.7,108.5,143,2.6,0.96,1.04,0.2,0,0.2,106,44,33,23,7.1,3.7,3.4,1.09,0.7,15.1,7.0517,10.07,145,4.3,101,3.9,98.19,150,95,245,61.22,5.8,119.76,0.8,11,115.4,9.53,9.9,5.2,195,6.1,11.55,105,76,79,171
373573,PBCHD06NLM,594160,27/08/2018,06:47,07:32,Pale Yellow,Clear,1.001,4.7,Negative,Negative,Negative,Negative,Negative,Normal,Negative,5-6,10,3-3,Rare,Nil,NIL,17.6,5,50.2,87.2,35,35,13.5,42.5,4598,36,19,11,4,0,7.63,1.96,0.04,0.19,0.06,429,11.7,17,0.29,23.2,0.1,0.72,0.16,2.11,150,24,74.8,39,195,162,6.3,3.12,0.32,0.6,0.1,0.5,50,18,26,46,6.2,3.9,2.3,1.7,0.9,36.7,17.1389,19.04,126,4.9,96,5.9,65.86,95,317,412,23.06,6.3,134.11,0.2,27.5,85.5,32.16,8.1,2.8,235,3.3,0.6,107,64,77,153
797792,KLTRS11ODB,257157,24/08/2018,09:48,10:28,Deep Amber,Slightly cloudy,1.026,5.6,Trace,Trace,Negative,Trace,Negative,Normal,Negative,9-10,2,1-4,Nil,Nil,Mucus threads,14.5,5.3,40.5,83.2,27,35,13.6,39.6,10087,46,44,7,3,0,1.28,2.38,0.8,0.44,0.03,259,9.7,11,0.19,20.2,4.6,0.22,0.38,0.12,188,64,100,105.4,527,98,2.9,1.56,0.64,0.2,0,0.2,59,43,29,28,6.9,4.2,2.7,1.56,0.6,18.6,8.6862,14.48,140,3.4,92,5.9,76.07,125,304,429,29.14,8.9,208.73,0.2,11,48.9,22.49,8.4,4.4,109,10.1,3.18,77,60,86,110
521686,GYAHD04KAU,995350,27/08/2018,11:21,12:30,Yellow,Clear,1.01,4.8,Trace,Negative,Negative,Negative,Negative,Normal,Negative,2-3,1,3-4,Nil,Rare,Fat droplets or lipiduria,2.9,5.1,11.1,92.2,5,26,13.3,41.9,5192,55,53,2,3,0,6.33,1.29,0.77,0.48,0.45,61,9.3,11,0.29,27.7,3.7,0.06,0.13,0.08,193,40,34.2,18.2,91,107,4.8,0.86,1.17,0.5,0,0.5,66,34,39,26,6.9,4,2.9,1.38,0.9,10,4.67,5.19,125,4.6,104,4.7,79.04,121,132,253,47.83,8.3,191.51,4.3,27.8,28.9,96.19,9.7,4.4,137,3.5,1.75,76,113,80,123
767074,KLTRS01MLT,700615,28/08/2018,06:57,07:36,Deep Amber,Slightly cloudy,1.01,5.1,Trace,Negative,Negative,Negative,Negative,Normal,Negative,10-12,1,3-4,Nil,Rare,NIL,15.4,4.9,60.9,83.9,31,25,12,45.5,6150,45,26,10,5,1.2,6.69,1.28,0.75,0.63,0.04,126,11.4,28,0.42,23.1,3.6,0.26,0.16,1.56,190,49,151.3,59.5,297.5,151,3.9,3.09,0.32,0.7,0,0.7,109,11,12,20,7,4.9,2.1,2.33,0.3,33.5,15.6445,52.15,132,2.9,102,4.9,102.27,102,338,440,23.18,6.1,128.37,0.9,13.4,101.6,13.19,10.1,2.3,43,12,11.66,138,85,122,104
451684,GYAHD14ODK,865291,24/08/2018,06:50,08:10,Yellow,Clear,1.013,5.1,Trace,Trace,Negative,1+,Negative,Normal,Negative,1-2,0,1-3,Nil,Nil,NIL,10.1,6,46.8,90,16,21,12.4,43.8,7364,48,26,5,6,0,0.97,2.78,0.44,0.01,0.07,403,7.2,14,0.19,27,7,0.16,2.41,0.08,209,55,84.8,36.5,182.5,61,3.8,1.54,0.65,0.5,0.2,0.3,45,15,29,7,7.3,3.9,3.4,1.15,1.3,28.4,13.2628,10.2,143,4.3,95,5.8,94.71,114,266,380,30,6.4,136.98,0.6,10.2,42.4,24.06,9.6,1.6,190,11.3,0.35,103,95,72,126
819842,PBCHD14RJU,380709,26/08/2018,11:16,12:01,Light Yellow,Clear,1.012,4.8,Negative,Trace,Negative,Negative,1+,Normal,Negative,4-5,4,1-4,Nil,Rare,NIL,14.3,6,31.3,96.4,23,45,13.5,44.2,10366,49,24,3,10,0,1.13,1.32,0.23,0.03,0.04,190,7.1,12,0.24,20.2,3.9,0.89,1.93,0.84,158,51,74.8,67.1,335.5,123,3.1,1.47,0.68,0.9,0.2,0.7,55,39,18,37,6.9,4,2.9,1.38,1.1,9.9,4.6233,4.2,141,5.2,105,1.8,71.78,103,234,337,30.56,6.3,134.11,0.5,15.5,80.1,19.35,9.7,5.4,68,4.8,2.19,90,63,97,92
341246,GYAHD09ODK,765381,26/08/2018,06:02,07:18,Light Yellow,Hazy,1.029,7.5,Negative,Trace,Negative,Negative,Negative,Normal,Negative,8-10,2,1-2,Nil,Nil,NIL,11.3,4.4,46.2,95.4,25,24,11.9,45.8,4244,30,41,6,3,0,6.98,2.87,0.61,0.32,0.04,340,8.5,16,0.62,29.4,4.2,0.27,0.16,0.23,156,40,55,23.5,117.5,131,3.9,1.38,0.73,0.4,0.1,0.3,119,43,119,26,7.2,3.9,3.3,1.18,1.2,13,6.071,5.06,130,4.7,94,3.9,73.13,90,269,359,25.07,6.4,136.98,0.7,17.8,147.5,12.07,9.9,2.7,161,9.3,0.9,118,71,90,162
391191,KLTRS01TSS,269914,27/08/2018,06:29,07:24,Yellow,Clear,1.022,6.9,3+,1+,Negative,Negative,Trace,Normal,Negative,8-10,0,3-2,Nil,Nil,Amorphous debris,9.5,5.2,57,86.8,18,16,12.2,44.3,7464,71,37,5,7,0,1.44,1.52,0.69,0.35,0.06,264,10.7,12,0.36,23.5,3.2,0.72,0.14,0.25,171,20,43.6,26.7,133.5,165,8.6,2.18,0.46,0.4,0,0.4,74,35,25,25,7.8,4.7,3.1,1.52,1.2,7.6,3.5492,2.96,137,3.6,102,5.5,101.76,133,323,456,29.17,8.6,200.12,0.9,26.1,184.7,14.13,8.4,6.4,82,5,9.63,74,89,141,83
441141,MZLGI14GJS,320013,24/08/2018,09:55,10:39,Straw,Clear,1.012,7,2+,1+,Negative,1+,Negative,Normal,Negative,5-7,2,2-2,Nil,Nil,NIL,10,4.9,61.6,91.6,20,16,17,44.9,9400,42,19,1,4,0,20.13,1.27,0.41,0.01,0.08,365,8.1,7,0.08,28.1,2.6,0.21,1.69,4.58,236,65,84.1,13.5,67.5,84,3.6,1.29,0.77,0.9,0.2,0.7,118,30,14,38,7.9,4.3,3.6,1.19,1,10.7,4.9969,5,128,4.9,100,5,93.77,66,151,217,30.41,6.3,134.11,0.3,23.2,96.6,24.02,8,5,69,8.2,2.23,179,119,218,102
303681,PBCHD08PBP,993006,26/08/2018,08:49,09:43,Yellow,Clear,1.011,6.8,Negative,Trace,Negative,Negative,Negative,Normal,Negative,6-8,59,3-4,Moderate,Nil,NIL,19.5,4.6,30,65.2,42,65,13.6,44,7708,48,43,9,5,0,11.73,4.17,0.97,0.88,0.01,258,9.3,14,0.17,45.7,2.1,0.35,0.3,0.23,217,50,99.1,66.5,332.5,140,4.3,1.98,0.5,1,0.3,0.7,84,13,40,13,7.9,5,2.9,1.72,1.1,18.7,8.7329,7.94,141,4.1,106,4.5,109.22,129,214,343,37.61,6.2,131.24,0.2,12.3,541,2.27,8.3,4.5,178,7,0.09,101,64,100,93
696502,KLTRS04KLP,474969,26/08/2018,10:57,12:06,Yellow,Clear,1.01,7,Trace,Trace,Negative,Negative,Negative,Normal,Negative,1-2,0,3-3,Few,Moderate,NIL,16.3,6.9,39.1,84.6,23,41,12.9,43,8444,57,50,3,12,0,0.32,1.95,0.95,0.02,0.02,389,6,13,0.35,21.8,3.6,0.09,0.9,0.3,153,48,54.4,108.4,542,99,3.2,1.13,0.88,0.7,0.3,0.4,81,16,30,42,7.6,3.7,3.9,0.95,0.9,38.2,17.8394,19.82,148,2.9,96,4.9,92.03,102,97,199,51.26,6.2,131.24,0.2,23.7,152.7,15.52,9.8,4.5,192,9.3,2.81,72,75,110,182
293733,KLTRS04ODB,945672,25/08/2018,10:01,11:23,Yellow,Clear,1.014,4.8,2+,3+,Negative,Negative,Negative,Normal,Negative,9-11,4,1-2,Nil,Rare,NIL,11.1,5.7,34,73.6,19,32,14.4,41.6,8040,54,42,6,8,0,3.33,3.23,0.38,0.18,0.07,152,7.1,11,0.21,28.8,2.4,0.76,0.4,3.99,231,43,105.8,8.6,43,97,5.4,2.46,0.41,1.2,0.2,1,121,41,40,13,6,4.5,1.5,3,1.9,10.9,5.0903,2.68,144,4.9,98,9.3,118.49,111,258,369,30.08,5.9,122.63,0.4,13,87.9,14.79,9.3,2.3,295,12.4,3.48,79,88,115,165
795797,PBCHD12PBM,358410,24/08/2018,09:32,10:13,Pale Yellow,Opaque,1.018,7,Negative,Trace,Negative,Negative,Negative,Normal,Positive,5-6,0,3-4,Few,Nil,NIL,16.5,5.6,33.6,87.8,29,49,13,41,25555,35,23,3,1,1.4,0.77,6.84,0.28,0.38,0.07,357,7.9,11,0.36,20.7,0.9,0.38,0.08,0.13,132,56,92.6,68.7,343.5,65,2.4,1.65,0.6,0.5,0,0.5,75,37,38,48,7.9,3.5,4.4,0.8,0.9,15.1,7.0517,7.84,137,2.9,97,5.5,118.96,82,127,209,39.23,12.1,300.57,0.5,17.7,108.5,16.31,9.3,1,115,9.7,1.54,108,82,113,94
491679,GYAHD14KLM,420342,25/08/2018,06:19,07:00,Straw,Clear,1.018,6.8,Trace,Negative,Negative,Trace,Negative,3+,Negative,3-5,0,2-4,Few,Nil,NIL,10.7,5.6,52.4,71.7,19,20,12.1,43.2,7171,71,32,11,5,0,4.65,1.5,0.37,0.04,0.07,413,13.8,13,0.32,25.5,1.2,0.34,0.33,0.12,193,75,79.5,11.7,58.5,82,2.6,1.06,0.94,0.8,0.2,0.6,79,7,19,20,7.5,3.9,3.6,1.08,1.8,61.7,28.8139,16.01,144,3.1,105,6.6,112.4,130,347,477,27.25,5.6,114.02,0.2,17.7,40.8,43.38,8.3,3.5,117,7.6,1.36,83,293,95,273
835969,GYAHD09KLM,527860,24/08/2018,10:47,11:18,Pink,Clear,1.011,5.9,Trace,Trace,2+,Negative,Negative,2+,Positive,11-13,0,>20,Nil,Nil,Amorphous debris,10.1,5.1,42.5,75.2,19,23,13.5,49.3,10110,41,20,1,5,10.2,1.18,0.31,0.8,0.42,0.1,117,7.4,10,0.37,29.8,5.2,0.14,0.26,0.02,160,59,75.2,11.9,59.5,134,2.7,1.27,0.78,0.7,0.3,0.4,40,22,12,46,6,4.4,1.6,2.75,1.2,16.7,7.7989,6.5,143,3.2,99,5.1,114.6,75,142,217,34.56,6,125.5,0.5,95.9,133.6,71.78,8.2,4.5,202,7,0.06,113,101,125,78
819321,PBCHD07RJU,316109,28/08/2018,07:46,09:13,Pale Yellow,Clear,1.024,4.6,Trace,2+,Negative,Negative,Negative,Normal,Negative,58-61,2,3-4,Nil,Nil,NIL,12.9,5.8,54,96,22,23,12,42.1,9786,42,27,2,5,10.1,3.5,4.15,0.58,0.03,0.03,176,10.9,13,0.38,16.6,2,0.02,0.08,0.65,160,53,85.3,25.2,126,118,3,1.61,0.62,0.5,0,0.5,103,10,25,28,8,4.4,3.6,1.22,0.8,8.5,3.9695,4.96,136,1.5,95,4.1,108.21,131,111,242,54.13,5.7,116.89,0.1,27.6,146,18.9,9.9,3.9,150,4.4,2.69,118,78,279,76
359738,GYAHD14JHJ,448622,26/08/2018,08:33,09:10,Light Yellow,Hazy,1.001,6.1,Trace,3+,Negative,Negative,Negative,Normal,Negative,7-9,0,2-4,Nil,Nil,NIL,15.6,5.7,43.7,95.3,27,35,12.2,45.2,6967,53,20,5,4,0,3.43,1.29,0.44,0.34,0.04,400,14.9,11,0.35,19.7,0.1,0.59,0.06,0.46,195,46,93.1,35.6,178,104,4.2,2.02,0.49,0.6,0.2,0.4,73,47,32,16,8.1,3.5,4.6,0.76,0.8,96.7,45.1589,56.45,130,5.5,99,3.7,75.07,63,124,187,33.69,6.1,128.37,0.1,11.8,94.5,12.49,11.6,1.6,95,8.6,3.46,75,94,115,143
842121,GYAHD12JHJ,743873,28/08/2018,07:26,08:41,Light Yellow,Cloudy,1.017,5.9,Negative,Trace,Negative,Negative,Negative,Normal,Negative,7-8,2,16-8,Nil,Nil,NIL,9.5,6.8,33.1,76.9,13,28,12,42.7,4811,53,24,2,6,0,2.82,1.88,0.05,0.15,0.03,70,14.7,5,0.58,42.5,2.6,0.98,0.26,6.73,229,43,92.9,26.1,130.5,72,5.3,2.16,0.46,0.6,0,0.6,40,14,16,35,7.3,4.4,2.9,1.52,1.2,22.4,10.4608,8.72,146,4.7,102,3.2,57.99,91,223,314,28.98,5.8,119.76,0,11,194.4,5.66,10.3,4.9,331,14.2,3.49,82,82,122,79
700738,MZLGI05APK,576203,28/08/2018,06:06,06:54,Deep Amber,Clear,1.011,5.9,Negative,Negative,Negative,Negative,Negative,Normal,Negative,11-12,2,2-2,Nil,Few,NIL,16,4.9,41,73.4,32,39,12.6,42.3,4678,59,16,8,3,0,6.66,2.41,0.68,0.08,0.01,145,6.2,15,0.05,29.9,2,0.17,0.08,3.34,200,40,33.1,100.8,504,172,5,0.83,1.21,0.7,0.2,0.5,63,17,31,24,6.5,3.7,2.8,1.32,0.7,16.8,7.8456,11.21,142,5.9,103,3.6,95.62,105,188,293,35.84,6,125.5,0.1,23.9,79.9,29.91,9.2,3.8,86,3.4,1.21,132,96,70,156
181704,KLTRS05KLP,919877,24/08/2018,09:47,11:03,Yellow,Clear,1.021,6.5,Negative,Trace,Negative,Negative,Negative,Normal,Negative,5-7,1,1-2,Nil,Nil,Artifacts,10.8,6.5,31,65.2,16,34,14,42.4,10889,45,20,4,4,0,8.04,2.3,0.77,0.22,0.06,26,14.7,19,0.22,22.4,5.2,0.22,0.29,0.27,209,45,97.7,15.8,79,77,4.6,2.17,0.46,0.9,0.2,0.7,106,11,30,80,8,4,4,1,1,17.9,8.3593,8.36,139,2.8,108,3.7,111.68,247,325,572,43.18,7.1,157.07,0,15.6,278.3,5.61,10.1,4.3,123,4.9,3.38,88,60,99,96
568428,MZLGI10RJK,276764,25/08/2018,11:14,12:16,Pale Yellow,Hazy,1.016,4.6,1+,1+,Negative,1+,Negative,Normal,Negative,25-26,0,2-4,Few,Rare,Fungal elements,8.7,4.2,33.8,98.1,20,25,13.4,44.6,4669,38,28,5,7,0,3.43,2.54,0.53,0.17,0.09,120,14.2,20,0.31,16.7,2.9,0.72,0.93,0.03,186,41,74.4,36.4,182,81,4.5,1.81,0.55,0.8,0.3,0.5,85,53,89,9,7.1,3.5,3.6,0.97,1.1,13.6,6.3512,5.77,146,4.6,102,3.6,99.56,144,156,300,48,8.7,202.99,8.3,24.7,40.6,60.84,13.4,2.5,98,5.5,1.04,183,94,73,182
139971,KLTRS01WBD,577850,25/08/2018,11:49,12:57,Dark Yellow,Clear,1.012,6.8,1+,Negative,Negative,Negative,Negative,Normal,Negative,3-4,3,2-4,Nil,Rare,Parasites,12,5.2,49.7,72.2,23,24,13.3,44.4,20110,49,45,5,4,0,4.69,0.02,0.2,0.29,0.02,374,11,12,0.51,39.4,0.1,0.06,6.62,0.28,156,49,52.6,6.2,31,101,3.2,1.07,0.93,0.7,0.3,0.4,94,37,12,12,6.2,4.8,1.4,3.43,0.6,19.3,9.0131,15.02,137,4,104,4.2,113.96,69,292,361,19.11,5.4,108.28,0.2,20.1,119.9,16.76,7.8,4.4,142,5.8,3.32,117,179,85,178
246011,PBCHD08CGD,127878,24/08/2018,08:51,10:03,Pale Yellow,Opaque,1.015,6.7,Negative,1+,Negative,Negative,Negative,Normal,Negative,2-4,1,1-2,Rare,Few,Amorphous debris,10.3,4.9,20.2,76.1,21,50,13.4,40.7,10225,53,44,6,6,0,3.18,1.13,1.49,0.48,0.05,212,12.5,14,0.29,14.5,6.5,0.34,0.37,0.07,131,31,51,63.1,315.5,180,4.2,1.65,0.61,0.7,0.3,0.4,125,53,36,46,6.5,3.9,2.6,1.5,0.8,12,5.604,7.01,156,3.7,108,2.7,96.16,167,316,483,34.58,6.3,134.11,0,21.6,88.3,24.46,9.1,2.9,44,3.5,3.81,81,62,90,144
525260,GYAHD13JHJ,623257,26/08/2018,06:14,06:59,Straw,Slightly cloudy,1.019,5.6,Trace,Trace,Negative,Negative,Negative,Normal,Negative,1-3,1,3-4,Nil,Nil,NIL,17.4,6.1,34.1,96.1,28,51,13.9,40.5,10786,55,13,8,2,1,11.89,1.82,0.26,0.58,0.06,721,7.2,11,0.29,19.9,2.6,0.33,0.67,0.66,161,53,84.4,12.9,64.5,96,3,1.59,0.63,1,0.3,0.7,55,3,7,47,6.7,3.9,2.8,1.39,0.5,16.7,7.7989,15.6,147,5.2,101,5.1,94.08,133,137,270,49.26,5.8,119.76,1.8,15.4,139.6,11.03,9.9,3.4,270,9.6,9.92,104,100,79,182
876447,PBCHD12CGD,807322,26/08/2018,08:45,09:23,Light Yellow,Cloudy,1.012,5.6,Negative,Trace,Trace,Negative,2+,Normal,Negative,TNTC,2,10-14,Nil,Nil,NIL,11.1,7.9,59.7,52,14,18,11.8,42.1,5258,54,38,1,6,4.1,4.02,1.21,0.31,0.61,0.07,318,9.9,11,0.24,43.3,2.9,0.04,0.2,3.52,157,34,75.5,13.5,67.5,122,4.6,2.22,0.45,0.3,0,0.3,76,45,37,23,7.5,3.2,4.3,0.74,1.1,10.9,5.0903,4.63,126,4.5,113,5.8,35.22,212,359,571,37.13,8.9,208.73,0.2,17,139.7,12.17,7.8,5.1,112,3.9,0.38,88,100,108,106
698018,PBCHD05PBP,319670,28/08/2018,11:15,12:17,Orange,Cloudy,1.015,6.6,Negative,3+,Negative,Negative,3+,Normal,Negative,1-2,2,2-4,Rare,Nil,Artifacts,10.4,6.5,57.1,79.9,16,18,12.4,40.6,27096,39,44,1,2,0,3.26,2.45,0.42,0.13,0.07,375,9.8,15,0.23,25.1,0.6,4.43,0.24,0.11,206,59,119.5,54.4,272,96,3.5,2.03,0.49,0.8,0.2,0.6,50,26,36,17,7.7,4.5,3.2,1.41,1,16.3,7.6121,7.61,143,4.9,102,3.8,91.15,133,303,436,30.5,8.9,208.73,0.3,15.6,85.1,18.33,8.9,3.7,69,5.5,4.6,131,67,76,127
367204,GYAHD14JHJ,857182,28/08/2018,07:12,08:17,Light Yellow,Slightly cloudy,1.015,5.1,Trace,3+,Negative,Negative,Negative,Normal,Negative,TNTC,2,1-2,Few,Nil,Artifacts,19.9,5.2,54.4,56,38,36,13.6,41.5,21007,40,54,1,4,0,1.74,4.66,0.46,0.63,0.06,168,7.8,11,0.18,38.9,5.9,0.25,0.09,0.7,160,58,81.7,12.6,63,176,2.8,1.41,0.71,0.8,0.2,0.6,106,50,31,37,7,4.2,2.8,1.5,1.2,13.6,6.3512,5.29,103,3.5,96,4.4,114.36,134,351,485,27.63,6.1,128.37,0.6,15.4,22.5,68.44,11.4,3.3,283,16.1,1.55,71,106,79,179
