,,,,,,Urine,,,,,,,,,,,,,,,,,CBC,,,,,,,,,,,,,,,,,,,Platelet Profile,,,,,,,,,Lipid Profile,,,,,,,,, Liver Function,,,,,,,,,,,Kidney Function,,,,,,,,,Iron Profile,,,,HbA1c,,,Urine ACR,,,Calcium & Phos,,Thyroid Profile,,,Glucose - Fasting,Glucose - PP,Glucose (Diagnopath),
MedID,LabReference,Sample ID,Collected,Time,Reported Time,Colour,Appearance,Specific Gravity,pH,Proteins,Glucose,Bilirubin,Ketones,Blood,Urobilinogen,Nitrites,WBC (Pus Cells) (/HPF),RBC,Epithelial Cells (/HPF),Casts,Crystals,Others,Hemoglobin (g/dL),RBC Count (mil/µL),Hematocrit %,MCV (fL),MCH (pg),MCHC (g/dL),RDW-CV %,RDW-SD (fL),WBC (cells/µL),Neutrophils %,Lymphocytes %,Eosinophils %,Monocytes %,Basophils %,Abs Neutrophils,Abs Lymphocytes,Abs Monocytes,Abs Eosinophils,Abs Basophils,Platelet Count (×10^3/µL),MPV (fL),Platelet RDW %,PCT %,P-LCR %,IMG %,IMM %,IML %,LIC %,Total Cholesterol (mg/dL),HDL (mg/dL),LDL (mg/dL),VLDL (mg/dL),Triglycerides (mg/dL),Non-HDL (mg/dL),Total/HDL Ratio,LDL/HDL Ratio,HDL/LDL Ratio,Bilirubin Total (mg/dL),Bilirubin Direct (mg/dL),Bilirubin Indirect (mg/dL),ALP (U/L),ALT/SGPT (U/L),AST/SGOT (U/L),GGT (U/L),Protein Total (g/dL),Albumin (g/dL),Globulin (g/dL),A/G Ratio,Creatinine (mg/dL),Urea (mg/dL),BUN (mg/dL),BUN/Creatinine Ratio,Sodium (mmol/L),Potassium (mmol/L),Chloride (mmol/L),Uric Acid (mg/dL),eGFR (mL/min/1.73m²),Iron (µg/dL),UIBC (µg/dL),TIBC (µg/dL),Transferrin Saturation %,HbA1c %,Estimated Avg Glucose (mg/dL),HbF %,Urine Albumin (mg/L),Urine Creatinine (mg/dL),Albumin/Creatinine Ratio,Calcium (mg/dL),Phosphorus (mg/dL),TT3 (ng/dL),TT4 (µg/dL),TSH (µIU/mL),Fasting Glucose (mg/dL),Postprandial Glucose (mg/dL),FBS (mg/dL),PLBS (mg/dL)
560252,MZLGI05MHP,335506,21/02/2019,10:19,11:04,Pale Yellow,Clear,1.02,6.5,Trace,Negative,Negative,Negative,Negative,Normal,Negative,4–5,Nil,1–2,Nil,Nil,Nil,15.2,5.8,47,80,26,32.4,14.9,39,4260,53,38,2,7,0,2.26,1.62,0.3,0.09,0,160,11,17,0.2,34.5,0.2,0.2,0.2,0.9,196,35,63.2,97.8,489,161,5.6,1.81,0.55,0.6,0.2,0.4,101,47,35,66,7.6,4.6,3,1.53,0.8,16.5,7.71,9.64,139,4.2,101,5.7,106.48,100,288,388,25.77,6.9,151.33,0.2,26.3,57.9,45.42,8.4,2.8,112,5.6,4.42,145,160,103,129
348202,KLTRS13TSS,572998,22/02/2019,07:52,09:12,Orange,Hazy,1.012,6.8,Negative,Negative,Negative,Negative,Negative,Normal,Negative,13-15,2,13-10,Nil,Nil,NIL,15.4,5.8,61.5,87.3,26,25,10.3,32.6,54243,38,47,5,4,0,7.29,2.43,0.2,0.19,0.16,113,7.5,13,0.07,15,0.1,2.86,0.74,4.59,158,21,152.1,9.9,49.5,139,7.5,7.24,0.14,0.7,0.3,0.4,195,11,24,39,8.7,4.3,4.4,0.98,1,36.8,17.1856,17.19,161,3.5,106,2.1,96.31,154,194,348,44.25,7.3,162.81,0,12.2,50.9,23.97,7.7,2.7,271,11.1,3.58,104,92,95,183
178677,GYAHD05JHJ,553820,20/02/2019,11:43,12:44,Pale Yellow,Clear,1.011,5.2,Trace,Negative,Negative,Trace,Negative,Normal,Negative,93-96,2,10-18,Nil,Rare,NIL,11.2,5.9,26.8,80.1,18,41,9.1,44.4,6776,61,29,4,2,0,5.05,2.12,0.42,0.48,0.01,363,17.9,20,0.2,21.8,2.7,0.72,1.36,6.84,609,20,81.1,78.2,391,178,30.5,4.06,0.25,0.7,0.1,0.6,54,27,37,25,7.2,3.8,3.4,1.12,0.6,10.5,4.9035,8.17,145,3.7,105,5.6,95.81,120,104,224,53.57,7.1,157.07,0.5,10.5,287.2,3.66,9.9,3,154,8.2,0.27,73,154,188,202
118231,KLTRS05NLZ,228557,19/02/2019,11:31,12:49,Deep Amber,Slightly cloudy,1.014,6.5,Trace,2+,Negative,Negative,Negative,Normal,Negative,4-5,2,>20,Nil,Nil,Fat droplets or lipiduria,10.8,3,45.1,99.5,36,23,16.8,45.3,2832,41,41,4,4,1.5,1.23,0.31,0.47,0.6,0.04,235,7.6,17,0.28,24.8,3.6,0.2,6.71,0.11,199,32,83.3,57.3,286.5,147,6.2,2.6,0.38,0.5,0.1,0.4,112,23,36,9,6.3,4.9,1.4,3.5,1.1,19.8,9.2466,8.41,116,5.5,101,5.6,93.41,110,317,427,25.76,6.3,134.11,0.4,230.9,138.2,167.08,11.2,3.5,279,11.4,2.01,159,93,82,246
869170,KLTRS07KLP,114254,20/02/2019,06:44,08:12,Deep Amber,Clear,1.014,6,Trace,Trace,Negative,Negative,Negative,Normal,Negative,5-6,0,1-3,Nil,Nil,NIL,1.9,6,42.8,90.8,3,4,13.1,45.4,30834,30,28,8,6,0.8,2.7,2.54,0.42,0.48,0,305,9.7,12,0.25,26.2,3.8,0.33,0.34,0.19,158,22,76.2,27.7,138.5,125,7.2,3.46,0.29,0.7,0.3,0.4,295,42,26,30,7.2,4.2,3,1.4,1.1,118.5,55.3395,50.31,135,5.1,95,4.2,100.18,138,338,476,28.99,8.3,191.51,0.4,15,229.2,6.54,9.4,2.1,168,7.6,2.85,74,91,102,175
200291,GYAHD08ODK,545197,21/02/2019,06:48,07:50,Pale Yellow,Slightly cloudy,1.015,6.8,Trace,Trace,2+,Negative,Negative,Normal,Negative,6-8,2,2-2,Rare,Nil,NIL,13,5.4,57.7,81.6,24,22,12.3,36.3,5355,60,36,3,5,0,1.99,4.89,0.01,0.45,0.06,434,7,19,0.24,20.1,3.2,4.81,5.65,0,200,50,192.3,64.7,323.5,81,4,3.85,0.26,0.5,0.2,0.3,105,25,31,87,6.8,3.7,3.1,1.19,0.6,15.8,7.3786,12.3,123,3.1,106,1.4,58.01,62,280,342,18.13,6.4,136.98,0.9,235.4,259.2,90.82,9.8,2.8,293,6.6,0.96,117,98,208,109
525348,GYAHD11KLM,985943,22/02/2019,06:51,07:28,Light Yellow,Clear,1.025,4.8,Trace,Negative,Negative,1+,3+,Normal,Negative,63-66,2,2-3,Nil,Nil,Mucus threads,13.8,4.4,30.4,94.9,31,45,14.5,40.6,6756,42,29,9,19,0,2.58,1.93,1,0.29,0.02,287,10.5,18,0.47,27.6,5.5,0.82,3.93,0.33,190,52,88.8,28.9,144.5,162,3.7,1.71,0.59,0.6,0.2,0.4,80,39,21,39,6.6,3.6,3,1.2,0.8,15.1,7.0517,8.81,144,3.8,102,6.7,92.11,69,182,251,27.49,9,211.6,0.7,10,105.5,9.48,10.4,6.9,229,2,0.21,74,76,152,77
114307,PBCHD10MHS,366052,23/02/2019,09:21,10:33,Light Yellow,Clear,1.02,6.2,Trace,Negative,Negative,Negative,Negative,Normal,Negative,5-7,1,3-3,Few,Nil,NIL,11.2,5.1,59.1,91.7,21,18,9.8,30.4,5898,46,21,3,12,0,1.23,1.81,0.33,0.96,0.15,36,7,15,0.29,21.6,1.2,0.13,0.44,0.39,168,47,72,20.7,103.5,214,3.6,1.53,0.65,0.2,0,0.2,91,9,23,17,5.9,3.7,2.2,1.68,0.4,14.2,6.6314,16.58,145,3.8,95,6.8,112.82,102,209,311,32.8,7.1,157.07,0.1,386.5,134.6,287.15,9.2,3.7,117,13.7,1.28,79,95,64,90
577148,PBCHD08PBP,414345,19/02/2019,06:57,07:35,Red,Hazy,1.02,4.7,Negative,Trace,Negative,Negative,Negative,Normal,Negative,6-8,0,1-3,Few,Nil,Parasites,11.3,4.2,51.8,70.8,26,21,11.9,42.7,10002,80,44,10,20,0,3.81,2.43,0.76,0.27,0.01,432,10.9,16,0.37,23,3.7,0.3,4.61,3.8,231,47,79.9,22.3,111.5,172,4.9,1.7,0.59,0.9,0.2,0.7,196,11,32,27,7.2,4.4,2.8,1.57,0.6,27.8,12.9826,21.64,146,4.1,102,4.8,109.88,122,263,385,31.69,12.7,317.79,0.4,12.2,133.1,9.17,9.5,3.5,108,22.3,9.1,98,75,69,121
750381,GYAHD12KLM,286135,22/02/2019,09:56,10:53,Deep Amber,Clear,1.012,4.9,Negative,Negative,Negative,Negative,Negative,Normal,Negative,8-10,15,1-3,Nil,Nil,NIL,10.1,4.7,44.8,86.5,21,22,13.1,44,3377,45,26,13,4,0,9.05,2.62,0.06,0.47,0.06,390,11.2,12,0.28,36.9,0.8,2.06,0.25,0.22,233,50,70.5,84.5,422.5,110,4.7,1.41,0.71,0.5,0,0.5,83,17,11,45,7.8,4.7,3.1,1.52,1.2,18.1,8.4527,7.04,141,3.7,96,2.8,103.03,162,118,280,57.86,5.7,116.89,0.7,13.2,144.2,9.15,13.4,3,184,12.3,5.95,81,93,82,171
663177,GYAHD02ODK,402482,22/02/2019,07:12,08:21,Pale Yellow,Clear,1.011,6.6,Negative,Trace,Negative,Negative,Negative,Normal,Negative,28-33,0,3-2,Rare,Nil,NIL,17,4.3,42.8,93.1,39,39,12.6,44.3,5183,56,32,2,4,0,0.79,4.71,0.83,0.69,0.09,202,11.3,14,0.19,19.1,4.2,0.16,0.77,5.3,133,55,88.1,23.2,116,156,2.4,1.6,0.62,1,0.3,0.7,91,31,32,29,6,3.7,2.3,1.61,0.8,15.8,7.3786,9.22,136,4,88,2.2,105.76,200,358,558,35.84,8.7,202.99,0.3,16.8,284,5.92,9.7,5.6,251,12.7,0.14,80,90,74,169
965906,KLTRS11MLT,462214,19/02/2019,08:18,08:52,Yellow,Hazy,1.016,4.8,Trace,2+,Trace,Negative,Negative,Normal,Negative,1-3,0,3-4,Nil,Nil,Amorphous debris,17.8,4.6,37.3,52.7,38,47,14.4,26.5,43324,52,19,6,6,0,8.89,2.46,0.4,0.61,0.17,447,11.9,28,0.38,30.3,0.3,0.04,0.33,0.04,779,22,22.7,23.6,118,141,35.4,1.03,0.97,0.4,0,0.4,70,38,33,47,7.8,4.3,3.5,1.23,1,11.7,5.4639,5.46,140,3.6,103,2.2,114.37,118,139,257,45.91,8.7,202.99,0.1,14.7,109.6,13.41,8.6,4.7,111,9.1,2.03,76,138,83,167
316178,GYAHD05ODK,729671,21/02/2019,09:36,10:32,Pale Yellow,Slightly cloudy,1.017,6.6,Negative,Negative,Negative,Trace,Negative,Normal,Negative,TNTC,1,3-4,Rare,Nil,NIL,18.1,4.3,42.1,79,42,42,14.5,43.3,8250,63,33,17,8,0,6.37,3.76,0.25,0.4,0.06,838,11.8,5,0.44,14,1.1,0.31,0.09,0.3,153,36,91.1,64.1,320.5,147,4.3,2.53,0.4,0.9,0.2,0.7,114,56,33,36,6.9,4.1,2.8,1.46,0.9,113.5,53.0045,58.89,138,7,113,4.5,102.47,121,347,468,25.85,8.8,205.86,0.6,236.5,77.3,305.95,7.8,4.8,123,13.5,1.28,88,65,74,123
698944,MZLGI06GJS,659016,20/02/2019,07:10,07:44,Pale Yellow,Clear,1.019,4.1,Negative,Negative,Negative,Negative,Negative,Normal,Negative,6-8,1,3-2,Nil,Nil,NIL,14.7,5,51.2,90.2,29,28,11.6,39.3,7359,69,35,3,8,0.5,0.86,1.37,0.83,0.28,0.04,286,9.7,15,0.37,26.9,4.7,4.38,0.29,0.13,230,56,105.6,33.8,169,145,4.1,1.89,0.53,0.3,0.1,0.2,106,44,32,46,7.7,4.5,3.2,1.41,0.9,19.9,9.2933,10.33,142,3.1,105,2.2,103.17,157,321,478,32.85,6.3,134.11,0.2,11.5,297.3,3.87,11.6,5.8,223,21.6,1.87,145,78,86,136
130589,KLTRS01ODB,920301,21/02/2019,09:57,11:26,Orange,Clear,1.015,6.8,Negative,Trace,Negative,Negative,1+,Normal,Negative,1-2,2,2-3,Nil,Few,NIL,14,4.6,35.2,75.8,30,39,12.2,45.8,8972,24,20,2,8,0,6.74,5.89,1.23,0.43,0.18,141,10.6,12,0.33,14.5,7.2,0.2,0.34,2.97,171,30,78.3,14.9,74.5,115,5.7,2.61,0.38,0.7,0.3,0.4,43,39,35,30,6.3,4.1,2.2,1.86,0.6,6.7,3.1289,5.21,132,3.8,104,5.9,113.78,105,328,433,24.25,6,125.5,0.8,195.5,121,161.57,7.8,4.5,198,9.8,2.82,125,71,70,159
811384,GYAHD02ODK,593105,21/02/2019,08:25,09:50,Pale Yellow,Clear,1.018,6.5,Trace,Negative,Negative,Negative,Negative,Normal,Negative,13-14,4,2-2,Rare,Few,NIL,3.4,4.1,49.1,82.7,8,6,13.8,44.9,7936,32,29,6,21,0.6,2.43,2.99,0.56,0.2,0.07,187,11.2,15,0.29,18.7,4.3,0.35,0.25,0.11,220,67,90.9,34,170,157,3.3,1.36,0.74,0.4,0.1,0.3,113,9,10,14,6.9,3.6,3.3,1.09,0.7,8.5,3.9695,5.67,145,3.6,99,6,78.34,187,199,386,48.45,6.3,134.11,0.7,20.1,38.2,52.62,10.5,4.3,78,4.9,6.05,70,62,72,165
578164,MZLGI09BRC,247344,22/02/2019,11:55,12:35,Pale Yellow,Opaque,1.016,4.8,Negative,Negative,Negative,Negative,Negative,Normal,Negative,11-13,1,3-3,Rare,Nil,Fungal elements,13.1,5,53.1,81.7,26,24,14.6,42.3,4170,54,21,2,7,0.7,19.12,1.88,0.71,0.25,0.05,200,7.2,11,0.28,26.1,3.1,4.47,0.18,0.03,208,44,76.5,26.5,132.5,109,4.7,1.74,0.58,0.9,0.2,0.7,64,17,39,29,6.7,4,2.7,1.48,1.1,17,7.939,7.22,124,4.1,115,4.2,111.97,70,210,280,25,6.2,131.24,0.6,13.4,97.8,13.7,10,6.7,138,10.5,1.92,114,63,71,104
167119,PBCHD07GAM,172986,21/02/2019,11:40,12:43,Light Yellow,Clear,1.016,6.7,Negative,Trace,1+,Negative,Negative,Normal,Negative,9-11,5,2-2,Nil,Nil,Fat droplets or lipiduria,11.5,5.4,58,100,21,19,12.8,43.3,7633,54,41,17,8,0,8.16,1.85,0.11,0.12,0.1,449,9.1,16,0.25,48,2.1,0.47,0.38,0.03,230,43,83,86.9,434.5,151,5.3,1.93,0.52,0.7,0.2,0.5,114,43,24,22,8.3,3.8,4.5,0.84,1.2,18.7,8.7329,7.28,148,3.1,81,3.3,105.46,109,130,239,45.61,7.1,157.07,0.1,15.2,66.6,22.82,9.5,2.9,93,3.3,5.87,98,60,75,100
201194,GYAHD10KAU,239148,22/02/2019,08:16,09:40,Dark Yellow,Clear,1.029,6.4,Trace,Negative,Negative,Negative,Negative,Normal,Negative,9-11,2,1-3,Nil,Rare,NIL,1.5,4.5,52.4,92.7,3,2,12.9,40,6738,71,34,10,3,0,4.68,2.53,0.23,0.36,0.1,265,11.6,11,0.22,21.7,1.9,0.28,0.24,0.97,180,47,87.3,24.4,122,123,3.8,1.86,0.54,1.3,0.2,1.1,47,51,37,46,6.8,4.6,2.2,2.09,0.6,17.4,8.1258,13.54,149,3.9,102,2.4,112.58,39,285,324,12.04,6.3,134.11,1,21.1,81.6,25.86,10.6,5.3,83,20.6,0.1,103,84,89,136
217661,MZLGI13RJK,775279,20/02/2019,06:54,07:53,Light Yellow,Slightly cloudy,1.023,4.7,Negative,Trace,Negative,Negative,Negative,Normal,Negative,11-12,2,1-2,Rare,Nil,Parasites,10.3,5.3,41.2,82.1,19,25,11.9,40.7,4540,51,29,5,2,0,7.24,2.28,0.7,0.03,0.02,230,8.1,13,0.37,24.9,2.5,0.37,0.14,1.51,151,54,122.7,21.8,109,214,2.8,2.27,0.44,0.7,0.2,0.5,83,10,23,36,8.2,3.8,4.4,0.86,0.6,10.2,4.7634,7.94,139,4.5,111,3.4,100.08,131,187,318,41.19,6.6,142.72,0.9,15.3,113.3,13.5,10,4.7,204,11.5,3.24,101,85,82,147
997187,GYAHD09JHJ,655562,19/02/2019,11:44,12:33,Light Yellow,Slightly cloudy,1.028,9.1,Negative,Negative,Negative,Negative,Negative,Normal,Negative,11-12,0,2-3,Rare,Nil,NIL,13.7,5.2,51,75.9,26,26,12.1,39.9,4367,37,39,6,5,1.1,22.28,0.38,0.54,0.48,0.04,343,7.2,11,0.49,30.6,1.1,0.9,0.1,0.32,233,58,76.4,34.6,173,82,4,1.32,0.76,0.4,0,0.4,112,73,32,18,8,4.2,3.8,1.11,0.6,9.9,4.6233,7.71,147,3,102,2.1,119.14,91,325,416,21.88,5.9,122.63,0.2,23.3,113.6,20.51,11.4,5.4,67,4.9,0.48,109,77,87,169
552423,KLTRS02ODB,979489,23/02/2019,06:42,08:10,Deep Amber,Slightly cloudy,1.021,6.2,Trace,Trace,Negative,Negative,Negative,Normal,Negative,2-4,1,2-4,Rare,Nil,NIL,12.4,7,30.6,124.4,17,40,12.9,41.7,9535,52,22,1,2,0,6.16,1.28,0.22,0.52,0.04,376,10.8,15,0.26,14,6.9,0.71,6.08,0.35,193,57,100.1,36,180,170,3.4,1.76,0.57,10.2,5.7,4.5,122,50,21,39,6.4,3.8,2.6,1.46,2.5,16.3,7.6121,3.04,131,4,99,4.2,106.79,194,353,547,35.47,6.4,136.98,0.2,13.6,78.2,17.39,12.4,2.6,172,17.5,8.09,106,76,89,226
775154,KLTRS15NLZ,459888,23/02/2019,08:43,10:06,Yellow,Opaque,1.017,4.8,Trace,Trace,Negative,1+,Negative,Normal,Negative,9-11,2,2-2,Few,Nil,NIL,9.3,2.9,17.6,53,32,52,12.3,25.5,10282,42,41,0,8,2.1,2.65,1.08,0.29,0.04,0.07,154,9.4,22,0.14,31.8,0.1,0.2,1.44,0.48,198,47,116,23.8,119,67,4.2,2.47,0.41,1,0.3,0.7,60,47,23,38,7,4.8,2.2,2.18,1.5,33.3,15.5511,10.37,113,6.8,98,1.4,114.41,113,157,270,41.85,6.3,134.11,0.5,15.8,46.9,33.69,9,5.7,103,11.8,1.65,74,77,127,82
354654,PBCHD11MHS,749638,21/02/2019,07:38,08:13,Orange,Clear,1.013,4.2,1+,Negative,Negative,Negative,Negative,Normal,Negative,9-10,1,2-4,Rare,Few,Fungal elements,11.5,5,32.9,88.8,23,34,14.1,39.1,7910,63,33,0,1,0,19.5,4.31,0.11,0.39,0.18,367,12.6,17,0.31,30.1,1.5,0.22,0.1,0.3,195,27,94.3,20.1,100.5,105,7.2,3.49,0.29,0.3,0,0.3,115,24,18,9,6.6,3.8,2.8,1.36,1.2,21,9.807,8.17,135,4.6,124,6.7,108.63,31,299,330,9.39,6.9,151.33,0.3,12.6,103.8,12.14,9.1,3.6,209,10.1,6.93,115,62,90,62
338118,GYAHD02ODK,210789,21/02/2019,07:43,08:32,Yellow,Slightly cloudy,1.019,6.4,Trace,4+,Negative,Negative,1+,Normal,Negative,18-20,2,>20,Nil,Nil,NIL,13,4.5,40.2,98.5,28,32,12.2,41.1,5562,55,38,5,7,2.2,3.15,2.67,0.62,0.91,0.01,647,14.5,11,0.36,21.2,2,0.44,0.06,0.08,186,53,92.8,10.3,51.5,124,3.5,1.75,0.57,0.5,0.2,0.3,106,47,50,10,6.1,3.8,2.3,1.65,1.1,14.3,6.6781,6.07,143,4.5,113,2.5,53.2,114,389,503,22.66,8.4,194.38,1,24.9,93.6,26.6,9.9,3.4,221,3.2,1.12,84,91,75,167
115246,KLTRS01NLZ,534905,22/02/2019,09:46,10:32,Deep Amber,Hazy,1.01,4.8,Trace,Trace,Negative,Negative,Negative,Normal,Negative,9-10,0,14-14,Nil,Nil,NIL,11.9,6.6,38,74.5,18,31,11.7,41.4,2390,43,29,4,11,0,2.89,1.99,0.22,0.06,0.06,373,14.1,13,0.07,27.6,0.4,2.93,6.08,0.79,197,54,50,33.4,167,153,3.6,0.93,1.08,0.7,0.3,0.4,118,32,25,39,6.8,3.6,3.2,1.13,1.1,9.2,4.2964,3.91,144,2,104,3,63.54,66,358,424,15.57,16.3,421.11,0.2,16.9,103.9,16.27,8.8,4.7,242,5.7,0.2,127,101,77,168
255580,KLTRS06ODB,279734,20/02/2019,09:31,10:05,Straw,Clear,1.017,6.7,Negative,Trace,Negative,Negative,Negative,Normal,Negative,13-15,2,2-4,Rare,Rare,NIL,17.1,3.7,42.7,74.9,46,40,13.9,39.1,5129,47,11,5,7,3.5,15.26,2.25,0.37,0.47,0.05,244,8.8,14,0.38,16,3.2,2.14,0.38,4.53,699,26,91.7,35.7,178.5,135,26.9,3.53,0.28,1.2,0.5,0.7,89,34,40,42,7,3.5,3.5,1,1,19.5,9.1065,9.11,141,4.6,98,3,98.42,200,311,511,39.14,7.3,162.81,0.4,22.3,22,101.36,11.8,4,270,13.2,3.95,101,96,62,104
787227,KLTRS12TSS,267145,23/02/2019,06:25,07:51,Light Yellow,Clear,1.017,6.6,Trace,Negative,Negative,1+,Negative,Normal,Negative,13-15,2,10-17,Nil,Nil,NIL,21.2,5.6,51.8,50.7,37,40,12.3,39.9,10937,36,27,9,1,0,18.58,5.7,0.39,0.3,0.09,700,10.2,11,0.31,13.9,3.5,2.36,0.17,0.32,165,32,95,6.5,32.5,128,5.2,2.97,0.34,1.5,0.7,0.8,76,27,28,17,7.4,4.8,2.6,1.85,1.2,16.8,7.8456,6.54,136,4.6,96,6.5,28.95,87,346,433,20.09,5,96.8,0.5,28.2,467.6,6.03,10.1,2.3,190,4.2,0.17,92,87,71,222
718025,PBCHD06SKM,961266,20/02/2019,06:35,07:39,Pale Yellow,Clear,1.006,6.9,Negative,Trace,Negative,Negative,Negative,Normal,Negative,7-8,5,1-3,Nil,Nil,NIL,12.8,4.9,48.7,90.3,26,26,14.4,40.6,6750,62,25,4,6,0.7,7.63,2.57,0.53,0.47,0.19,330,11.6,12,0.48,16.5,0.7,0.13,0.4,0.2,174,24,99.5,23,115,164,7.3,4.15,0.24,0.7,0.3,0.4,42,51,74,48,7.6,3.5,4.1,0.85,1.2,13.8,6.4446,5.37,144,3,114,5,82.41,140,360,500,28,8.3,191.51,0.2,16.3,43.5,37.47,9,3.1,166,6.8,3.26,92,299,88,125
676076,MZLGI13APK,752859,21/02/2019,10:41,11:51,Light Yellow,Slightly cloudy,1.015,4.9,Negative,Negative,Negative,Negative,Negative,Normal,Negative,13-15,4,3-2,Nil,Nil,NIL,16.9,4.5,58.5,79.7,37,28,14.2,33.9,51132,42,23,8,5,10.1,5.85,2.75,0.9,0.45,0.1,303,10.8,15,0.39,22,3.6,0.98,0.24,2.32,201,61,85.8,46.5,232.5,135,3.3,1.41,0.71,0.8,0.1,0.7,59,52,36,48,5.2,4.1,1.1,3.73,0.5,87.8,41.0026,82.01,128,4.5,98,4.1,111.51,102,297,399,25.56,8.2,188.64,0.5,17.9,74.2,24.12,10,2.2,174,5.8,1.95,87,81,166,131
681640,KLTRS15MLT,499951,22/02/2019,09:40,10:41,Light Yellow,Hazy,1.014,5.8,Negative,1+,Trace,Negative,Negative,Normal,Negative,39-43,4,2-4,Nil,Nil,NIL,9.8,4.7,50.8,75.2,20,19,12.7,38.9,4116,51,33,10,4,0,1.46,2.17,0.59,0,0.18,108,11.9,14,0.3,17.8,0.1,0.19,4.19,0.38,197,29,83.3,42.6,213,122,6.8,2.87,0.35,0.3,0,0.3,56,46,37,20,4.5,3.6,0.9,4,1.1,12.8,5.9776,5.43,139,5.2,99,6.2,98.81,165,166,331,49.85,5.8,119.76,0.1,28.3,264.2,10.71,9.1,4.7,137,10.2,1.21,93,76,78,75
816456,KLTRS10TSS,133736,21/02/2019,09:48,11:05,Straw,Slightly cloudy,1.017,6.7,Trace,Negative,Negative,Negative,Negative,Normal,Negative,5-7,0,1-4,Rare,Nil,NIL,16.1,4.2,31.9,81.8,38,50,12.8,43.9,7674,37,21,4,8,0,3.9,1.28,0.27,0.09,0.05,152,7.7,10,0.24,19.1,0.1,0.29,0.07,0.19,187,58,54.2,19,95,109,3.2,0.93,1.07,0.7,0.1,0.6,128,38,20,40,7.4,3.9,3.5,1.11,0.8,10.2,4.7634,5.95,137,4,115,4.1,119.93,175,99,274,63.87,7.6,171.42,4.4,23.6,572.1,4.13,9.1,2.7,74,4,0.67,99,69,134,106
216805,MZLGI08GJS,135741,23/02/2019,06:13,07:09,Deep Amber,Slightly cloudy,1.016,7,Negative,Trace,Negative,Negative,Negative,Normal,Negative,10-11,2,1-2,Rare,Few,NIL,15.5,4,45.4,47.3,38,34,12.5,40.2,9439,38,38,8,7,0,1.13,1.64,0.79,0.36,0.06,194,7.5,10,0.22,22.1,4.7,0.15,0.26,0.03,224,38,86.3,27.9,139.5,139,5.9,2.27,0.44,0.5,0.2,0.3,65,52,17,13,6.7,3.6,3.1,1.16,0.4,17,7.939,19.85,148,4.2,112,3.6,99.63,89,237,326,27.3,6.6,142.72,1,24,69.3,34.63,8.8,3,230,10,0.19,91,74,122,127
914445,MZLGI15MHP,733681,20/02/2019,11:31,12:42,Pale Yellow,Milky,1.019,5,Negative,Trace,Negative,Negative,Negative,Normal,Negative,9-10,1,3-4,Nil,Nil,NIL,20.5,6.3,26.8,75.9,32,76,12.6,45.6,9884,63,22,3,2,0,7.39,1.51,0.45,0.05,0.06,384,7.3,14,0.2,30,3.1,0.23,0.01,0.38,190,57,145.2,27.3,136.5,86,3.3,2.55,0.39,0.4,0,0.4,90,40,81,27,7.4,3.7,3.7,1,0.8,7.1,3.3157,4.14,129,5.6,106,4.5,92.99,119,255,374,31.82,5.9,122.63,2.3,27.4,143.2,19.13,9.2,5.7,65,4,0.59,72,120,240,107
318787,PBCHD07PBP,610356,21/02/2019,11:20,12:27,Pale Yellow,Slightly cloudy,1.013,4.9,1+,Trace,Negative,Trace,Negative,Normal,Negative,8-9,0,16-16,Nil,Nil,NIL,10.2,5.3,36.2,80.5,19,28,12.5,41.8,9424,50,20,2,7,0,1.43,1.66,0.4,0.42,0.01,741,11.3,11,0.13,42.5,2.5,0.1,0.37,0.25,127,47,100.4,14.4,72,89,2.7,2.14,0.47,0.5,0.2,0.3,69,25,12,39,6.3,4,2.3,1.74,0.6,14.2,6.6314,11.05,141,4.7,107,3.2,74.94,99,290,389,25.45,7.1,157.07,0.6,17.9,106.4,16.82,9.3,4.1,127,19.1,1.18,75,60,120,124
338565,PBCHD11RJU,351217,23/02/2019,10:43,11:43,Dark Yellow,Slightly cloudy,1.015,4.9,1+,2+,Negative,Negative,Negative,Normal,Negative,9-11,2,1-4,Nil,Nil,NIL,14.8,4.9,48.9,76.8,30,30,13,43.3,9910,55,51,6,6,2.5,2.27,1.54,0.67,0.49,0.03,422,10.9,11,0.45,33.5,7.4,1.03,0.13,1.37,192,46,83.7,27.6,138,187,4.2,1.82,0.55,0.7,0.3,0.4,114,10,18,42,7.2,4.2,3,1.4,1.2,27.3,12.7491,10.62,140,3.3,99,5.3,93.94,132,133,265,49.81,10.7,260.39,0.9,21.1,70.2,30.06,9.4,3.6,130,8.8,3.4,87,188,69,176
836233,KLTRS05KLP,819802,20/02/2019,07:45,08:38,Straw,Clear,1.019,6.7,Trace,Negative,Trace,Negative,Negative,Normal,Negative,8-10,1,3-4,Moderate,Nil,NIL,12.2,6.3,44.5,97.4,19,27,13.3,44.5,9602,48,43,5,5,0,2.94,1.79,0.21,0.49,0.1,43,14.8,13,0.24,34.1,1,0.11,0.16,0.13,159,55,113.5,6.8,34,101,2.9,2.06,0.48,0.6,0.1,0.5,102,36,10,61,6.6,3.5,3.1,1.13,0.9,17,7.939,8.82,147,4.7,112,5.2,51.15,184,355,539,34.14,6.8,148.46,0.6,25.6,340.6,7.52,9.5,4.4,73,10.4,3.93,112,72,121,173
624821,PBCHD10GAM,924773,21/02/2019,11:03,12:11,Deep Amber,Slightly cloudy,1.011,6.8,Negative,Trace,Negative,Negative,Negative,Normal,Negative,5-7,2,3-4,Nil,Rare,NIL,15.9,5.5,29.3,79.1,28,54,12.1,41.8,10605,33,27,4,8,0.9,1.78,2.92,0.49,0.55,0.06,136,7.1,17,0.39,20.9,3.9,4.92,0.27,0.19,130,55,78.3,12.1,60.5,160,2.4,1.42,0.7,0.9,0.2,0.7,93,46,28,23,8.2,3.6,4.6,0.78,0.7,20,9.34,13.34,143,1.7,91,4,116.76,148,295,443,33.41,5.8,119.76,0.7,18,313.8,5.74,7.9,2.6,73,7.2,2.04,122,73,74,73
412576,GYAHD12KLM,245923,21/02/2019,06:12,06:52,Pale Yellow,Slightly cloudy,1.026,6.7,Trace,Trace,Negative,Negative,Negative,Normal,Negative,12-13,2,1-4,Rare,Nil,Yeast cells,17.9,5.6,24.9,41.4,31,71,13.8,40.8,10087,75,48,5,6,0,12.07,5.37,0.74,0.66,0.1,299,7,14,0.28,31.3,1.2,3.5,0.19,0.01,107,45,88.3,103.2,516,87,2.4,1.96,0.51,0.7,0.3,0.4,80,47,35,13,7.3,4.6,2.7,1.7,0.9,12.8,5.9776,6.64,141,4.7,101,4.5,69.3,124,154,278,44.6,6.8,148.46,0.4,17.2,502,3.43,9.5,2.6,275,4.2,2.58,94,61,98,134
256905,MZLGI03BRC,642556,21/02/2019,07:10,08:11,Straw,Clear,1.026,4,1+,Negative,Negative,Negative,Negative,Normal,Negative,7-8,1,1-2,Nil,Few,NIL,14,5.3,34.5,93.3,26,40,13.1,26.6,10815,66,27,5,8,0.3,6.71,1.59,0.46,0.69,0.08,347,10.4,10,0.17,19.9,1.5,0.04,0.18,0.87,174,28,75.2,34.6,173,63,6.2,2.69,0.37,0.8,0.3,0.5,46,54,29,21,7.2,4.3,2.9,1.48,1,12.5,5.8375,5.84,135,4.6,73,9.2,76.27,132,210,342,38.6,7.7,174.29,0.1,13.1,92.9,14.1,9.5,3.4,236,6.7,1.18,250,60,79,86
843182,GYAHD08KLM,450475,21/02/2019,08:39,10:08,Yellow,Hazy,1.014,5.7,Trace,1+,Negative,Negative,Negative,Normal,Positive,2-3,4,5-15,Few,Nil,NIL,21,6.9,50,93.7,30,42,12.1,32.5,47767,69,23,6,0,0,7.83,2.35,0.53,0.53,0.09,206,7.7,17,0.36,25.8,4.3,0.19,0.78,3.4,184,28,91,7.5,37.5,217,6.6,3.25,0.31,0.5,0,0.5,57,135,11,34,7.7,4.1,3.6,1.14,0.7,25.5,11.9085,17.01,144,5,104,5.6,107.47,117,356,473,24.74,9.8,234.56,0.6,609.1,139.6,436.32,8.1,3.1,126,3.5,2.28,164,87,63,77
273490,MZLGI07GJS,418385,22/02/2019,07:57,09:25,Straw,Slightly cloudy,1.028,5.3,2+,2+,Negative,Negative,Negative,Normal,Positive,4-6,0,14-14,Nil,Nil,Fungal elements,19,5.5,46.7,91.9,34,40,12.5,43.8,7544,48,30,2,4,9.2,5.03,2.57,0.32,0.68,0.12,1180,11.7,15,0.27,35,5.5,0.1,0.24,0.03,232,53,83.6,43.9,219.5,132,4.4,1.58,0.63,0.5,0,0.5,101,97,24,28,6.2,4.8,1.4,3.43,1.1,17.3,8.0791,7.34,135,5.5,95,8.4,98.44,154,354,508,30.31,5.8,119.76,3.7,12,108.8,11.03,8.3,4.5,139,11.1,1.14,75,61,115,103
704940,MZLGI07RJK,823094,19/02/2019,08:19,09:02,Pale Yellow,Slightly cloudy,1.021,7.5,Negative,Negative,Negative,Negative,Negative,Normal,Negative,2-4,2,2-2,Nil,Rare,NIL,15.6,4.6,30.8,84.4,33,50,14.3,40.9,10828,69,37,5,6,0,4.72,2.19,0.51,0.1,0.09,193,11.1,6,0.23,16.2,2.7,0.25,0.74,0.23,201,55,65.6,15.4,77,86,3.7,1.19,0.84,0.7,0.2,0.5,95,31,31,30,7.4,4.2,3.2,1.31,0.6,8.6,4.0162,6.69,138,5.6,108,4.6,113.35,75,356,431,17.4,5.8,119.76,1,18.8,144.5,13.01,9.6,3.3,245,7.7,1.92,195,73,249,132
489980,PBCHD02PBM,161298,22/02/2019,11:25,12:54,Light Yellow,Slightly cloudy,1.026,6.8,1+,Trace,Trace,Negative,Negative,Normal,Negative,8-10,0,2-2,Nil,Rare,Fungal elements,14.2,8.4,47.4,89.6,16,29,13.1,44.7,4154,57,12,2,8,1.2,6.5,2.64,0.2,0.43,0.11,449,7.8,13,0.37,26,4.4,2.98,1.39,3.95,179,57,68.4,60.3,301.5,71,3.1,1.2,0.83,5.7,2.8,2.9,50,40,11,25,6.2,4.5,1.7,2.65,0.9,13.6,6.3512,7.06,149,3.6,102,4.3,64.51,113,93,206,54.85,5.7,116.89,0.7,18.4,147.1,12.51,9.6,3.6,82,17.7,3.77,140,191,72,62
182760,GYAHD10KLM,487988,21/02/2019,09:56,11:02,Pale Yellow,Clear,1.014,5.7,3+,Negative,Negative,Negative,Negative,Normal,Negative,4-6,2,>20,Nil,Rare,NIL,18.9,7.1,28.2,79.2,26,67,13.3,39.1,7511,30,22,1,5,0,21.97,2.35,0.76,0.41,0.04,241,8.3,14,0.29,15.7,1.4,0.72,1.56,1.66,192,39,112.2,18.7,93.5,211,4.9,2.88,0.35,0.9,0.2,0.7,75,9,30,36,7.8,4.7,3.1,1.52,0.9,22.4,10.4608,11.62,135,2.7,108,2,113.47,60,353,413,14.53,7.9,180.03,1,20.4,24.4,83.61,11.8,4.4,191,12.5,1.76,83,130,104,130
550941,MZLGI14MHP,304795,20/02/2019,06:25,07:22,Light Yellow,Slightly cloudy,1.014,6.5,Trace,Negative,Negative,Negative,Negative,Normal,Negative,3-4,0,3-4,Few,Nil,Yeast cells,14.3,5.8,38.4,47.2,24,37,12.1,39.2,7339,55,34,3,8,0,3.72,2.54,0.54,0.53,0.07,28,13.3,14,0.32,27.2,2.7,0.59,0.2,0.74,206,25,55.5,15.3,76.5,187,8.2,2.22,0.45,0.7,0.1,0.6,78,12,20,18,6.5,3.9,2.6,1.5,1.1,13.3,6.2111,5.65,121,4.5,111,4.5,82.06,113,356,469,24.09,5.9,122.63,0.8,15.3,127.3,12.02,8.1,3.4,181,16.8,2.86,109,62,94,69
100311,PBCHD15HPP,585635,22/02/2019,08:05,09:26,Light Yellow,Clear,1.014,7.8,Trace,Trace,Negative,Negative,Negative,Normal,Negative,TNTC,1,8-15,Nil,Nil,NIL,19,5.6,49.1,99.5,33,38,15.4,41,8848,69,33,19,17,2.5,6.22,1.92,0.23,0.22,0.02,129,8.1,13,0.23,27.1,1.4,4.24,0.19,0.11,224,27,45.5,38.6,193,147,8.3,1.69,0.59,0.4,0,0.4,64,11,20,12,7.8,3.8,4,0.95,0.6,12.8,5.9776,9.96,136,4,105,9.1,90.24,101,343,444,22.75,6.3,134.11,0.6,24.7,89.2,27.69,9.4,3.2,111,15.1,2.62,89,214,77,102
592368,KLTRS12MLT,336335,22/02/2019,10:23,11:19,Straw,Slightly cloudy,1.008,5.2,Trace,Negative,Negative,Negative,1+,Normal,Negative,96-98,13,3-2,Nil,Nil,NIL,2,6.3,33.4,79.4,3,5,12.5,42.6,8480,36,23,19,8,0,6.63,1.62,0.67,0.2,0.04,417,7.1,16,0.26,22.6,2.7,0.21,0.7,0.45,164,57,74.7,12.1,60.5,184,2.9,1.31,0.76,0.9,0.2,0.7,47,50,28,19,8.1,3.7,4.4,0.84,1.1,19.7,9.1999,8.36,149,4.6,95,3.8,91.69,163,179,342,47.66,7.9,180.03,0.4,13.4,49.5,27.07,10,3.2,123,3,1.73,73,69,83,189
373801,GYAHD12KLM,564850,20/02/2019,09:59,10:36,Pale Yellow,Clear,1.011,6.9,Negative,3+,Negative,Negative,Negative,Normal,Negative,12-14,0,1-4,Rare,Nil,NIL,8.4,4,39.9,88,21,21,11.6,44.9,9382,48,38,3,3,0,4.55,4.62,0.03,0.45,0.05,389,16.9,16,0.38,31.4,1.7,0.13,0.27,0.16,535,43,64.7,52.4,262,144,12.4,1.5,0.66,1.1,0.5,0.6,69,19,26,13,7.7,3.9,3.8,1.03,1,11.5,5.3705,5.37,145,3.8,95,4,94.02,65,346,411,15.82,5.9,122.63,0.5,17.3,116.4,14.86,8.6,3.6,200,12.5,2.18,87,102,100,278
307112,PBCHD04GAM,298648,20/02/2019,09:44,10:54,Light Yellow,Clear,1.013,6.6,Negative,Trace,Negative,Negative,Negative,Normal,Negative,10-12,2,3-2,Nil,Nil,Fungal elements,19.1,6.6,36.2,66.9,28,52,12.3,40.5,8371,33,35,4,3,0,2.54,1.94,0.23,0.34,0.03,112,9.4,11,0.2,34.1,2.4,3.47,0.17,0.02,200,49,50.4,37.9,189.5,109,4.1,1.03,0.97,0.8,0.1,0.7,75,50,33,43,7.1,4.3,2.8,1.54,1.2,7.3,3.4091,2.84,145,4.9,100,5,62.94,144,260,404,35.64,10.8,263.26,0.2,17.9,44.6,40.13,11.4,4.7,370,19.1,2.94,96,87,81,133
383283,MZLGI11RJK,584749,20/02/2019,10:46,11:32,Light Yellow,Slightly cloudy,1.019,5,Trace,Negative,Negative,Negative,Negative,1+,Negative,2-3,1,1-3,Few,Rare,Mucus threads,16,4.4,51.5,68.3,36,31,12,43,9202,55,28,1,2,0,2.85,2.65,0.65,0.24,0.08,175,7.5,14,0.42,23,0.1,0.06,0.34,0.55,152,25,70,18.7,93.5,158,6.1,2.8,0.36,0.7,0.3,0.4,80,7,30,14,6.5,3.9,2.6,1.5,0.6,14.9,6.9583,11.6,143,3.8,103,4.8,109.01,155,139,294,52.72,5.9,122.63,0.9,17.8,127.7,13.94,9.7,3.2,176,12.1,3.34,112,125,125,136
411457,GYAHD04JHJ,432533,19/02/2019,07:57,09:24,Pale Yellow,Hazy,1.018,5.3,Negative,1+,Negative,Negative,Negative,Normal,Negative,8-10,0,5-14,Nil,Few,NIL,6.1,7.1,12.3,91.6,8,49,12.9,40.2,10797,50,22,15,4,0,8.35,1.01,0.57,0.95,0.16,193,12.8,13,0.47,28.1,2.8,4.69,6.32,0.05,140,38,102.1,32.9,164.5,136,3.7,2.69,0.37,0.4,0,0.4,73,27,26,30,6.6,4.4,2.2,2,1,12.3,5.7441,5.74,147,5.9,88,2.9,86.3,104,96,200,52,7.7,174.29,0.8,28.9,131.8,21.93,10.5,2.7,166,10.6,2.8,84,96,81,175
694502,KLTRS10ODB,356999,20/02/2019,10:09,10:51,Straw,Clear,1.018,6.6,Negative,Negative,Negative,Negative,Negative,Normal,Negative,32-37,2,3-3,Nil,Nil,NIL,15.1,5.7,35.1,99.3,26,43,14.5,42.9,6700,40,11,5,9,0,9.37,2.16,0.24,0.21,0.03,153,12.5,11,0.33,34.7,0.5,0.17,0.58,0.79,107,44,118,22.5,112.5,176,2.4,2.68,0.37,0.7,0.3,0.4,101,12,11,14,7.3,3.8,3.5,1.09,2.2,5.4,2.5218,1.15,137,3.2,100,4.5,98.69,64,335,399,16.04,8.4,194.38,0.1,25,55,45.45,12,5.4,157,15.8,0.14,92,100,86,158
892081,KLTRS09WBD,585448,20/02/2019,07:17,07:59,Light Yellow,Clear,1.017,6.9,Negative,2+,Negative,Negative,Negative,Normal,Negative,10-12,0,2-4,Nil,Nil,NIL,11,5.1,45.8,44.6,21,24,12.5,45.8,5712,47,28,4,18,0,5.17,2.07,0.69,0.24,0.03,194,6.7,11,0.28,27.4,4.3,0.44,3.02,0.2,189,69,55.8,24.3,121.5,154,2.7,0.81,1.24,0.6,0.2,0.4,40,54,7,11,8.3,3.8,4.5,0.84,1,10,4.67,4.67,135,3.9,103,4.5,111.86,192,251,443,43.34,5.8,119.76,0.7,28.8,117,24.62,10,6,272,9.2,2.83,93,65,72,164
963323,GYAHD11KLM,523869,21/02/2019,06:24,07:53,Light Yellow,Clear,1.405,4.6,Negative,Trace,Negative,Negative,Negative,Normal,Negative,11-13,2,>20,Rare,Rare,Parasites,13.4,4.8,48,67.9,27,27,12.5,49.8,4463,51,17,2,3,0,2.02,0.72,0.7,0.35,0.07,343,14.7,18,0.28,19.1,0.2,1.41,0.28,0.68,193,56,71,107.9,539.5,63,3.4,1.27,0.79,0.8,0.2,0.6,48,29,35,33,8.8,3.6,5.2,0.69,1,11.2,5.2304,5.23,138,5,97,3.6,111.57,82,298,380,21.58,6.2,131.24,0.8,15.9,307.5,5.17,9.5,2.9,82,17.3,1.92,116,61,86,132
413974,PBCHD13SKM,603995,22/02/2019,07:08,07:45,Dark Yellow,Slightly cloudy,1.019,4.6,Trace,Negative,Negative,Negative,Negative,1+,Negative,3-4,0,2-3,Moderate,Nil,NIL,14.3,5.9,31.8,99.4,24,44,11.2,45.3,4349,41,40,6,8,0,5.5,1.66,0.4,0.59,0.22,145,9.4,21,0.1,22.1,3.5,0.13,0.26,0.14,146,24,86.3,66.1,330.5,110,6.1,3.6,0.28,0.7,0.1,0.6,66,100,23,43,7.7,3.5,4.2,0.83,1.7,11.8,5.5106,3.24,137,4.8,100,6.6,119.81,82,299,381,21.52,7.7,174.29,0.3,27.7,38.6,71.76,10.8,3.2,191,18.2,1.77,73,135,96,85
145866,MZLGI13APK,122637,19/02/2019,06:51,07:29,Yellow,Clear,1.011,6.7,Negative,Negative,Negative,3+,Negative,Normal,Negative,8-10,2,6-16,Moderate,Nil,Fat droplets or lipiduria,12.3,4.7,40.5,54,26,30,12.6,40.2,3139,55,25,6,19,0,6.9,1.54,0.18,0.38,0.15,415,7.9,16,0.35,29.5,2.4,0.11,0.81,0.76,217,36,65.4,10.5,52.5,117,6,1.82,0.55,0.8,0.3,0.5,45,34,10,67,6.6,4.9,1.7,2.88,1.1,12.7,5.9309,5.39,143,4,89,2.4,97.59,72,126,198,36.36,7.3,162.81,0.8,16.3,78,20.9,10.2,2.3,65,11.3,3.86,85,83,69,130
494719,GYAHD08JHJ,871070,20/02/2019,07:04,07:58,Deep Amber,Slightly cloudy,1.02,6.7,Trace,Negative,Negative,Negative,Negative,Normal,Negative,10-12,3,>20,Nil,Nil,NIL,17.8,5.6,56.8,97.9,31,31,16.4,44.7,9649,79,21,3,7,0,0.62,2.24,0.74,0.64,0.08,591,16.4,17,0.26,15.2,3.3,0.21,0.15,0.03,176,37,89.4,27.6,138,80,4.8,2.42,0.41,1.7,0.8,0.9,94,50,32,33,8.2,3.5,4.7,0.74,1.7,19.2,8.9664,5.27,135,3.8,107,5.7,114.21,102,215,317,32.18,5.8,119.76,0.9,14.4,124.6,11.56,9.1,2.6,121,11.8,0.49,77,83,149,120
306867,GYAHD12KLM,210644,21/02/2019,09:44,11:02,Straw,Clear,1.035,5.7,Trace,Trace,Negative,Trace,Negative,Normal,Negative,5-6,1,2-3,Nil,Nil,NIL,16.2,4.8,35.8,71.7,33,45,11.6,40.2,6606,60,20,5,3,0,4.7,1.56,0.11,0.89,0.06,305,10.5,16,0.27,14.6,3.1,0.41,0.43,0.33,235,26,146.8,38.1,190.5,138,9,5.65,0.18,11,6.5,4.5,41,44,16,34,7.6,4.9,2.7,1.81,0.7,17.1,7.9857,11.41,121,4.5,100,4.7,104.85,148,258,406,36.45,8.5,197.25,0.1,16.1,166.6,9.66,8.9,2.9,75,4.2,2.82,156,62,77,191
753838,MZLGI03RJK,622186,19/02/2019,07:19,08:32,Deep Amber,Clear,1.018,6.6,Trace,1+,Negative,Negative,Negative,Normal,Negative,7-9,3,2-3,Nil,Nil,NIL,7.2,4.1,52.3,62.1,17,13,11,42.9,2576,46,12,16,2,0,9.27,2.29,0.96,0.57,0.09,725,6,10,0.38,21.1,4.9,4.36,0.01,0.6,191,44,62.3,61.5,307.5,63,4.3,1.42,0.71,0.6,0.1,0.5,84,9,38,45,8.3,4.6,3.7,1.24,0.7,14.7,6.8649,9.81,143,3.7,107,3.9,108.58,243,259,502,48.41,7.1,157.07,0.7,277.2,86.3,321.21,9,2.3,102,4.5,2.46,110,91,99,140
135962,PBCHD06MHS,473168,20/02/2019,09:38,10:39,Dark Yellow,Clear,1.014,6.9,Negative,Negative,Negative,Negative,Negative,Normal,Negative,2-3,0,1-4,Nil,Nil,NIL,16.2,4.9,33.9,75.7,33,47,12.7,41.3,54174,56,37,1,4,0,1.12,2.33,0.36,0.43,0.02,113,8.7,18,0.47,27.1,3.9,3.51,1.41,0.31,229,58,113.4,17.2,86,115,3.9,1.96,0.51,1.2,0.3,0.9,79,54,6,11,6.4,5,1.4,3.57,0.6,8.3,3.8761,6.46,129,1.6,108,2.3,90.42,150,339,489,30.67,6.3,134.11,0.4,25.3,67.3,37.59,8.8,3.1,100,13.4,0.71,71,94,222,101
880235,PBCHD06RJU,609751,19/02/2019,11:21,12:02,Pale Yellow,Slightly cloudy,1.015,6.1,1+,Negative,Negative,Negative,Negative,Normal,Negative,73-74,2,1-2,Nil,Nil,NIL,12.2,5.3,50.5,94.2,23,24,14.5,41.4,48808,55,50,6,6,0,1.3,1.67,0.48,0.43,0.02,370,7.8,17,0.27,30.8,2.9,0.09,0.51,0.09,214,41,81.2,33.2,166,190,5.2,1.98,0.5,0.4,0.1,0.3,83,8,11,11,5,3.8,1.2,3.17,1.2,26.3,12.2821,10.24,142,2.2,87,3.7,103.54,167,196,363,46.01,5.7,116.89,0.5,11.9,130.1,9.15,10,2.5,228,12.1,7.99,79,113,93,139
212578,GYAHD08KLM,219425,21/02/2019,09:12,10:18,Pink,Hazy,1.011,4.5,Trace,1+,Negative,Negative,Negative,Normal,Negative,9-11,1,1-3,Nil,Nil,Yeast cells,10.6,4.7,46.4,99,22,22,13.7,45.8,3624,44,35,2,18,2.3,2.05,4.53,0.39,0.05,0.1,388,13.3,14,0.4,19,0.5,0.32,0.5,0.39,166,42,86.2,22.8,114,113,4,2.05,0.49,0.8,0.3,0.5,77,17,30,36,6.7,4.8,1.9,2.53,0.9,38.8,18.1196,20.13,137,4.6,105,2.5,105.24,231,155,386,59.84,5.7,116.89,0.1,28.4,124.5,22.81,10.3,2.4,137,13.6,1.49,96,94,99,224
369004,MZLGI02BRC,372291,23/02/2019,07:30,08:02,Straw,Clear,1.019,5.2,Negative,1+,Negative,Negative,Negative,Normal,Negative,13-14,0,1-2,Nil,Rare,NIL,9.8,8.2,33.7,127.9,11,29,13.3,40.3,52381,34,31,16,6,0.8,21.6,2.04,0.38,0.48,0.03,102,6.9,11,0.24,12.7,3.4,0.12,0.28,0.34,238,44,74,37,185,117,5.4,1.68,0.59,0.5,0.1,0.4,48,50,33,9,8.9,4,4.9,0.82,2.3,144.8,67.6216,29.4,124,3.7,86,3.9,97.68,110,172,282,39.01,6.6,142.72,0.9,17.7,37.4,47.33,11.2,3.5,68,5.1,0.82,78,84,87,90
733294,KLTRS13TSS,848025,22/02/2019,11:14,12:36,Dark Yellow,Hazy,1.013,6.5,1+,Negative,Negative,Negative,Negative,Normal,Negative,57-59,2,1-3,Nil,Rare,NIL,14.6,5,37.6,98,29,38,14.2,40.7,8741,35,23,6,20,0,5.62,2.23,0.11,0.08,0.05,372,15.4,15,0.13,19.8,3.8,4.89,0.05,1.65,206,58,72.5,19.2,96,81,3.6,1.25,0.8,1.2,0.2,1,95,38,25,34,6.4,4.8,1.6,3,0.6,30.1,14.0567,23.43,141,3.2,95,5.2,111.64,74,312,386,19.17,5.9,122.63,0.6,17.6,117.7,14.95,7.7,5.7,158,8.6,2.27,99,83,120,93
877155,PBCHD13GAM,397703,22/02/2019,08:48,09:49,Light Yellow,Clear,1.015,5.1,3+,Negative,Negative,Negative,Negative,1+,Negative,6-7,0,8-11,Nil,Nil,Artifacts,21.3,5.8,32,91.8,36,66,14.3,42.6,6989,41,11,1,18,1.6,3.66,1.65,0.43,0.31,0.04,221,14.1,11,0.28,19.4,5.6,0.88,0.01,0.32,188,42,66.3,38,190,167,4.5,1.58,0.63,0.5,0.2,0.3,96,43,14,36,6.2,4.7,1.5,3.13,0.9,16.6,7.7522,8.61,133,3.8,112,2.8,96.07,141,131,272,51.84,7.8,177.16,0.9,15.3,79,19.37,10.6,4.1,201,5.2,7.69,151,92,234,159
629104,PBCHD05NLM,208875,20/02/2019,10:55,11:54,Light Yellow,Clear,1.013,6.9,1+,Negative,Negative,Negative,Trace,Normal,Negative,10-11,2,1-3,Nil,Nil,NIL,12.4,4.6,18.1,74.4,26,68,12.2,43.9,4399,64,29,6,7,0,1.94,1.98,0.79,0.21,0.06,263,7.8,16,0.24,39.6,1.6,0.1,0.11,0.16,169,48,33.4,46.2,231,142,3.5,0.7,1.44,0.5,0,0.5,126,3,25,46,7.1,3.7,3.4,1.09,1.1,7.2,3.3624,3.06,134,3.5,93,4.5,119.32,199,276,475,41.89,5.3,105.41,0.2,494.5,29,1705.17,7.8,3.4,164,10.2,0.17,136,89,73,123
996245,MZLGI12BRC,963645,20/02/2019,10:12,10:53,Dark Yellow,Hazy,1.017,5.7,2+,Trace,1+,Negative,Negative,Normal,Negative,TNTC,1,1-2,Nil,Nil,NIL,17.8,5.2,37.7,84.4,34,47,13,41.7,4733,65,34,2,15,0,2.68,1.61,0.72,0.6,0.04,362,10.6,16,0.14,34.7,4.1,0.28,0.03,6.22,143,35,78,93.5,467.5,176,4.1,2.23,0.45,0.3,0,0.3,74,35,37,18,8,3.7,4.3,0.86,0.9,7.8,3.6426,4.05,136,4.3,102,3,116.11,230,140,370,62.16,7.3,162.81,0.4,99.5,234.7,42.39,10.6,4.6,159,11.6,3.67,74,125,75,94
241880,KLTRS07WBD,711488,20/02/2019,08:23,09:02,Pale Yellow,Slightly cloudy,1.018,6.7,1+,Trace,Negative,Negative,2+,Normal,Negative,TNTC,2,2-2,Few,Nil,NIL,14.6,4.8,48.4,62.2,30,30,14.4,41.3,16188,56,36,8,5,0.8,7.9,2.28,0.62,0.05,0.06,103,10.8,16,0.2,24,2.8,0.26,6.33,0.12,152,52,99.7,11.9,59.5,204,2.9,1.92,0.52,0.7,0.3,0.4,44,34,32,48,6.8,4.7,2.1,2.24,1.1,25.1,11.7217,10.66,138,4.9,101,3.5,113.35,66,95,161,40.99,6.3,134.11,0.5,11.7,27.3,42.86,9.5,2.4,165,9.9,3.45,87,88,86,130
363521,MZLGI06BRC,583031,20/02/2019,10:16,11:21,Pale Yellow,Hazy,1.016,6.7,Negative,1+,Negative,Negative,Negative,Normal,Negative,9-11,0,1-4,Rare,Nil,Parasites,8,5.1,32.9,102.3,15,24,13,42.6,5406,42,48,4,2,0,6.59,2.29,0.84,0.14,0.02,142,8.9,16,0.45,39.5,5.8,0.42,0.38,1.86,185,56,94.5,7.5,37.5,89,3.3,1.69,0.59,0.4,0,0.4,118,7,27,17,6.2,5,1.2,4.17,0.7,19.7,9.1999,13.14,143,4,85,4.3,79.15,161,114,275,58.55,5.9,122.63,0.2,20.9,100,20.9,8,4,72,10.2,1.26,109,120,99,95
974785,KLTRS02ODB,983476,19/02/2019,08:00,08:41,Straw,Slightly cloudy,1.026,6.7,Trace,Negative,Negative,Negative,Negative,Normal,Negative,TNTC,1,5-13,Nil,Nil,NIL,16.4,4.4,58.8,97.6,37,27,12,39,9362,35,52,3,4,0,8.27,1.27,0.77,0.01,0.02,268,5.1,11,0.29,14.8,2,0.15,0.03,0.61,193,60,72.9,103.1,515.5,80,3.2,1.22,0.82,0.9,0.3,0.6,87,13,28,89,6.5,3.5,3,1.17,0.9,18.8,8.7796,9.76,149,4.3,98,5.2,104.13,41,337,378,10.85,6,125.5,0,28.3,98,28.88,6.7,2.9,303,12.4,2.33,87,93,61,165
197321,KLTRS11ODB,878649,20/02/2019,07:41,08:36,Light Yellow,Clear,1.019,4.7,Negative,Negative,Negative,Trace,Negative,Normal,Negative,8-10,2,1-3,Nil,Few,NIL,15.2,5.5,48.7,86.7,27,31,12.6,44.6,10473,53,33,2,8,0,7.4,2.05,0.22,0.2,0.01,291,7.2,16,0.26,23.3,0.1,5.1,4.31,0.22,153,70,105.6,9.2,46,146,2.2,1.51,0.66,0.8,0.2,0.6,66,8,22,17,8.6,4,4.6,0.87,0.8,13.8,6.4446,8.06,140,4.4,98,6.1,65.85,154,258,412,37.38,10.1,243.17,0.4,12.4,144.6,8.58,11.3,4.2,104,4.3,3.66,84,95,259,215
702720,KLTRS03TSS,947754,23/02/2019,11:40,12:52,Dark Yellow,Clear,1.012,4.7,Negative,Trace,3+,Negative,Negative,Normal,Negative,4-6,1,3-2,Nil,Nil,Mucus threads,15.1,4.9,64.5,69.5,30,23,14.1,45.3,22782,41,40,6,8,0.6,0.12,2.82,0.15,0.65,0.02,447,11.7,13,0.34,12.6,3.2,2.59,0.4,0.04,199,56,100.5,58.7,293.5,67,3.6,1.79,0.56,0.8,0.1,0.7,110,34,35,15,7.1,4.1,3,1.37,1.2,12.1,5.6507,4.71,140,4.2,109,5.3,83.74,162,226,388,41.75,5.8,119.76,0.9,25.2,103.8,24.28,8.6,3.5,88,18.4,2.08,97,64,85,205
338604,KLTRS03WBD,238189,20/02/2019,11:42,12:47,Straw,Hazy,1.016,4.8,2+,Negative,Negative,Negative,Trace,Normal,Negative,13-15,1,2-2,Nil,Rare,NIL,21.6,4.8,50.2,74.8,45,43,14.8,42.2,6542,50,23,6,3,0,3.18,1.08,0.45,0.14,0.07,967,14.5,16,0.26,34.8,2.2,5.73,0.32,0.36,169,49,94.7,18.6,93,127,3.4,1.93,0.52,0.8,0.3,0.5,107,56,34,28,7.7,3.7,4,0.93,1.1,27.9,13.0293,11.84,138,3.8,100,4.2,97.06,92,353,445,20.67,7.5,168.55,0.6,13.9,83.2,16.71,9.5,3.9,269,13.6,3.48,76,89,109,197
685525,GYAHD10JHJ,236574,23/02/2019,11:10,11:41,Straw,Clear,1.015,4.6,Negative,Trace,Negative,Negative,Negative,Normal,Negative,55-59,2,13-8,Nil,Nil,NIL,13.9,4.3,55.9,74.6,32,24,13.6,40.1,9194,50,53,4,3,0,4.01,1.18,0.72,0.65,0,247,7,15,0.21,15.8,1.9,0.08,1,0.23,160,35,46.1,11.9,59.5,92,4.6,1.32,0.76,0.8,0.2,0.6,40,7,13,9,8.3,3.9,4.4,0.89,1.2,15.8,7.3786,6.15,137,3.8,96,4.1,93.36,76,240,316,24.05,8.6,200.12,0.1,13.9,123.4,11.26,10.4,5.2,161,21,1.27,84,89,109,177
433592,MZLGI04MHP,208592,22/02/2019,10:59,11:30,Light Yellow,Slightly cloudy,1.019,5.2,Negative,Negative,Negative,Negative,Negative,Normal,Negative,11-13,2,3-4,Rare,Nil,Yeast cells,16.7,3.8,36.5,70.4,43,45,12.8,40.6,31549,55,37,6,5,0,11.28,1.52,0.49,0.61,0.04,217,7.5,17,0.66,20.2,2.2,0.08,0.3,0.01,182,42,96.6,18.5,92.5,78,4.3,2.3,0.43,0.3,0,0.3,146,46,37,31,8.3,5,3.3,1.52,1.2,19.4,9.0598,7.55,138,5.7,106,3.5,110.33,30,217,247,12.15,7.7,174.29,0.4,10.1,151.1,6.68,10.2,4.5,113,6.4,0.73,106,82,60,105
399651,MZLGI08GJS,840834,23/02/2019,07:26,07:56,Straw,Hazy,1.027,4.8,Negative,Trace,Negative,Negative,Trace,Normal,Negative,TNTC,1,1-2,Nil,Nil,NIL,10.6,6.1,43.6,87.2,17,24,12.5,42.9,9114,66,33,15,3,0,8.95,1.75,0.35,0.47,0.16,360,10.6,17,0.25,12.4,4.3,4.74,0.37,0.03,166,52,79.1,66.9,334.5,99,3.2,1.52,0.66,0.5,0.1,0.4,56,52,24,38,7.7,4.2,3.5,1.2,0.7,7.9,3.6893,5.27,137,2.9,100,5.6,119.45,167,189,356,46.91,6.3,134.11,0.1,16.6,120.9,13.73,9.9,2.2,293,23,4.65,106,82,82,129
689966,GYAHD07KLM,915648,20/02/2019,08:37,09:10,Light Yellow,Clear,1.012,7,Trace,Trace,Negative,Negative,Negative,Normal,Negative,4-6,0,10-18,Few,Nil,Mucus threads,4.8,6,48.4,99.4,8,9,13.3,42.8,8525,53,46,9,9,0,5.31,2.51,0.61,0.76,0.05,123,8,12,0.32,17.6,0.1,0.17,0.13,0.18,178,55,188.4,35,175,75,3.2,3.43,0.29,0.7,0,0.7,73,23,14,15,7.1,3.7,3.4,1.09,0.9,7.1,3.3157,3.68,137,3.4,105,5.5,121.24,82,264,346,23.7,7.3,162.81,0.5,28.2,133.9,21.06,8.7,4.4,188,5.5,4.98,73,73,123,135
653774,PBCHD13HPP,961373,20/02/2019,06:46,07:17,Straw,Clear,1.027,6.5,Negative,Trace,Negative,Negative,Negative,Normal,Negative,5-6,2,2-3,Few,Rare,NIL,12.1,6.8,52.1,76.3,17,23,12.6,41.4,8038,80,55,19,16,0,7.51,0.97,0.21,0.23,0.13,1110,7.2,17,0.34,21.7,3.4,2.53,4.59,0.35,195,45,95.2,37.5,187.5,131,4.3,2.12,0.47,0.3,0.1,0.2,103,15,19,40,7.5,3.6,3.9,0.92,1.2,17.3,8.0791,6.73,142,4.3,117,4.1,101.47,244,229,473,51.59,5.9,122.63,0.4,24,103.9,23.1,9.2,2.8,217,6.6,0.28,119,192,74,172
322857,MZLGI12MHP,662664,21/02/2019,06:13,07:36,Pale Yellow,Slightly cloudy,1.028,4.7,Trace,Trace,Negative,Negative,Negative,Normal,Negative,1-3,2,1-3,Nil,Nil,NIL,11.5,6,34.2,94.3,19,33,14.2,43.2,8921,52,37,5,8,0,4.2,4.42,0.08,0,0.1,15,14.4,11,0.34,16.9,0.6,4.42,2.87,1.9,121,41,99.4,19.6,98,134,3,2.42,0.41,0.5,0.1,0.4,128,35,30,46,6.6,3.8,2.8,1.36,1,7.6,3.5492,3.55,145,4.6,101,2.3,119.26,197,148,345,57.1,6.2,131.24,0.3,14,65.6,21.34,11.5,2.8,117,9.2,1.01,94,89,64,135
308510,KLTRS12ODB,437746,20/02/2019,10:35,11:19,Yellow,Slightly cloudy,1.018,5.8,Negative,Trace,Negative,Negative,Trace,Normal,Negative,6-8,2,9-19,Nil,Nil,NIL,3.8,4.3,47.4,94.3,8,8,14.3,39.6,7672,56,25,2,3,0,8.89,2.9,0.35,0.47,0.18,134,5.5,11,0.43,24.5,5.6,0.93,0.11,0.52,194,39,130.9,19.5,97.5,79,5,3.36,0.3,4.7,2.3,2.4,113,31,18,14,6.1,4.9,1.2,4.08,0.8,17.3,8.0791,10.1,139,4.5,97,4.2,77.56,177,274,451,39.25,5.9,122.63,0.7,28.9,117,24.7,10.5,3.4,72,7.9,6.63,110,118,82,123
177419,GYAHD10JHJ,495144,21/02/2019,09:22,10:36,Pale Yellow,Clear,1.014,5.8,Trace,Negative,Negative,Negative,Negative,Normal,Negative,2-3,1,11-11,Nil,Nil,NIL,10.8,4.1,43,74.2,26,25,14.2,40.8,50388,58,54,10,5,0,16.55,2.35,0.22,0.06,0.03,268,9.9,29,0.64,40.9,0.6,0.33,0.38,1.07,163,49,77.1,63.3,316.5,117,3.3,1.57,0.64,0.6,0.1,0.5,57,52,36,36,8,4.7,3.3,1.42,1.1,9.5,4.4365,4.03,120,4.4,96,3.3,91.15,125,355,480,26.04,7,154.2,0.1,21.7,97.4,22.28,10,3.5,129,8.9,4.68,75,65,109,198
564791,GYAHD03JHJ,164782,21/02/2019,08:48,10:12,Light Yellow,Clear,1.027,6.7,Negative,Trace,Negative,Negative,Negative,Normal,Negative,13-14,2,3-3,Nil,Nil,NIL,11.2,3.5,38.1,97.1,32,29,12.1,46.6,6896,55,20,8,4,2.9,3.86,2.48,1.43,0.17,0,611,9.4,10,0.31,31.3,1.3,0.79,0.09,0.87,174,41,79.6,38.4,192,149,4.2,1.94,0.52,0.7,0.3,0.4,76,41,33,16,6.3,3.5,2.8,1.25,1,160.4,74.9068,74.91,125,3.6,102,5.6,105.43,152,349,501,30.34,5.9,122.63,0.9,27.1,598.6,4.53,9,4,217,11.5,0.7,77,116,76,285
645814,PBCHD14KLC,930159,22/02/2019,09:16,10:42,Pale Yellow,Clear,1.016,5.8,Trace,Negative,Negative,Negative,Negative,Normal,Negative,13-15,1,3-4,Nil,Moderate,NIL,16.4,5.1,45.4,97.8,32,36,15.2,39.5,2221,49,45,10,8,10.4,2.46,2.04,0.53,0.37,0.1,793,9.8,26,0.25,36.3,3.1,0.19,0.57,4.74,197,40,123,38.3,191.5,80,4.9,3.08,0.33,0.5,0.1,0.4,42,11,10,27,6.4,5,1.4,3.57,1.2,7.5,3.5025,2.92,144,5.2,98,6.6,110.69,183,287,470,38.94,7.3,162.81,0.3,14.5,45.9,31.59,10.1,2.6,119,6.1,2.32,89,84,121,153
543271,KLTRS05KLP,992265,22/02/2019,06:10,06:53,Deep Amber,Slightly cloudy,1.011,4.5,1+,1+,Negative,Negative,Negative,Normal,Negative,TNTC,5,2-4,Nil,Nil,NIL,12.6,6.6,39.1,94.1,19,32,12.7,33.3,8158,46,35,2,8,0,1.07,1.39,0.81,0.27,0.04,131,9.9,10,0.29,30,3.7,6.15,0.33,0.36,164,57,93.5,23.7,118.5,149,2.9,1.64,0.61,0.6,0.1,0.5,96,55,32,19,6.3,3.7,2.6,1.42,0.9,6,2.802,3.11,117,4.3,115,2.4,83.59,134,202,336,39.88,7.2,159.94,0.8,101.7,53.4,190.45,9.8,5.3,201,10.9,3.52,123,69,98,127
336738,GYAHD07KLM,469377,22/02/2019,08:16,09:14,Orange,Slightly cloudy,1.016,5.6,Negative,Negative,Negative,Negative,Negative,Normal,Negative,3-4,1,11-10,Nil,Nil,Yeast cells,14.3,4.8,33,59.8,29,43,13.3,40.3,8363,74,11,1,6,0,6.97,2.43,0.47,0.22,0.07,237,8.2,11,0.27,36,4.2,0.77,0.03,0.23,228,50,74.6,30,150,96,4.6,1.49,0.67,0.6,0.1,0.5,108,54,10,46,7.1,3.7,3.4,1.09,0.9,6.9,3.2223,3.58,137,5,115,4.9,49.58,190,152,342,55.56,6.1,128.37,0.5,12.7,113.2,11.22,9.3,3.9,77,7.1,3.53,143,93,108,88
961299,GYAHD13KLM,744360,23/02/2019,10:24,11:53,Orange,Clear,1.029,6.2,Trace,3+,Trace,Negative,Negative,Normal,Negative,9-10,0,3-4,Nil,Nil,Parasites,16.3,4.3,30.1,82.1,37,54,13.5,40.6,10740,52,40,1,4,0,1.57,4.21,0.11,0.49,0.05,191,8.9,17,0.32,31.9,1.9,0.28,0.24,4.98,185,58,202.9,25.5,127.5,198,3.2,3.5,0.29,0.8,0.2,0.6,53,21,11,41,8.2,4.1,4.1,1,1.2,28.9,13.4963,11.25,135,3.6,99,3.1,103.98,84,279,363,23.14,5.7,116.89,1,22.2,273,8.13,9.1,4.4,101,4.9,1.24,100,80,90,94
966545,GYAHD03JHJ,685666,19/02/2019,08:51,09:49,Straw,Clear,1.02,6.9,Negative,Trace,Negative,1+,Negative,Normal,Negative,69-72,2,16-10,Few,Nil,NIL,8.8,5.3,35.8,78.9,16,24,13.4,39.4,8098,45,25,4,3,0,0.66,2.39,0.42,0.3,0.03,1185,7.8,25,0.22,28.1,0.4,0.07,0.19,0.18,176,60,73.1,25.4,127,82,2.9,1.22,0.82,0.9,0.2,0.7,115,48,25,22,8.1,5,3.1,1.61,0.6,15.2,7.0984,11.83,129,4.8,102,4.6,48.56,100,348,448,22.32,7.9,180.03,0.1,12.6,570.9,2.21,8,4.3,62,6.4,7.18,129,150,85,122
103747,PBCHD15CGD,866545,21/02/2019,11:50,12:37,Pale Yellow,Slightly cloudy,1.027,6.9,Negative,2+,Negative,Negative,Negative,Normal,Negative,4-6,0,3-2,Nil,Nil,NIL,9.2,4.5,47.7,115.8,20,19,14.4,44.7,32928,56,19,6,3,0,2.74,2.13,0.51,0.3,0.16,150,8.7,10,0.36,38.5,3.1,0.36,0.31,0.37,160,51,85.3,77.9,389.5,94,3.1,1.67,0.6,0.6,0.1,0.5,77,16,39,30,8.3,3.8,4.5,0.84,2.8,11,5.137,1.83,143,4.3,98,3.6,95.56,137,165,302,45.36,8.8,205.86,0.4,12.2,42.4,28.77,10.3,2.4,120,6.5,1.58,226,159,81,180
386544,GYAHD04ODK,684296,21/02/2019,06:03,07:09,Yellow,Clear,1.02,6.7,1+,Trace,Negative,Negative,Negative,Normal,Negative,TNTC,0,10-8,Nil,Nil,Fungal elements,20.9,6.7,49.4,48.6,31,42,12.8,41.3,10053,68,36,5,2,0.9,5.28,1.17,0.6,0.19,0.19,1114,9.9,17,0.39,15.6,0.1,0.37,0.05,0.19,164,43,94.4,19.6,98,76,3.8,2.2,0.46,0.8,0.2,0.6,201,85,11,9,4.9,4.6,0.3,15.33,1.2,5.8,2.7086,2.26,148,5.1,105,5.1,98.26,162,227,389,41.65,6.7,145.59,0.1,12.5,52.9,23.63,8.2,4.5,68,3.3,1.68,82,82,104,177
974441,KLTRS08WBD,879804,19/02/2019,09:13,10:34,Yellow,Clear,1.015,6.6,Trace,2+,Negative,Negative,Negative,Normal,Negative,12-14,2,1-4,Rare,Nil,NIL,9.3,7.8,53.8,90,11,17,14.4,45.4,6239,43,49,10,3,0,19.44,1.04,0.31,0.26,0.11,122,9.3,11,0.33,31.7,5.1,0.24,0.62,0.28,165,42,97.7,59.4,297,65,3.9,2.33,0.43,4,0,4,90,10,28,13,6.3,4.9,1.4,3.5,0.7,13.3,6.2111,8.87,138,4.6,100,5.9,101.8,131,333,464,28.23,8.5,197.25,0.3,17.1,48.6,35.19,11.8,3.1,134,8.3,0.006,181,135,120,194
372561,PBCHD02NLM,452434,21/02/2019,08:47,10:05,Pale Yellow,Slightly cloudy,1.025,6.7,Negative,Negative,Negative,Negative,Negative,Normal,Negative,8-9,1,2-3,Nil,Nil,Mucus threads,8.7,4.8,45.7,55.9,18,19,14.3,41.1,4607,48,30,2,8,0,9.6,3.27,1.42,0.18,0.01,41,7.4,11,0.17,27.4,3.9,0.82,0.03,0.11,195,33,82.4,17.4,87,145,5.9,2.5,0.4,0.9,0.2,0.7,54,53,24,13,6,3.6,2.4,1.5,0.9,134.7,62.9049,69.89,143,1.7,106,6.8,86.38,142,264,406,34.98,6.2,131.24,0.8,15.9,69.5,22.88,10.4,4.4,291,8.3,1.75,113,108,76,73
240667,GYAHD08KAU,305525,22/02/2019,10:20,11:46,Pale Yellow,Slightly cloudy,1.02,5.3,Negative,Negative,Negative,Negative,Trace,Normal,Negative,83-86,0,1-4,Nil,Nil,NIL,5.5,8.2,59.5,99.6,6,9,14,40.4,2400,39,30,3,6,4.8,1.2,3.44,0.38,0.43,0.01,361,7.1,16,0.17,20.8,4.9,0.2,0.05,0,176,73,95.5,25.7,128.5,184,2.4,1.31,0.76,0.5,0.2,0.3,115,45,29,33,6.6,4.8,1.8,2.67,0.9,5.9,2.7553,3.06,146,3.9,108,1.3,97.57,86,353,439,19.59,11.4,280.48,0.1,25.8,88.7,29.09,8.8,2.2,74,7.8,0.01,79,96,94,81
245629,PBCHD13KLC,643738,21/02/2019,07:38,08:49,Deep Amber,Slightly cloudy,1.018,4.7,Negative,Negative,Negative,Negative,Negative,Normal,Negative,6-8,1,1-4,Rare,Nil,NIL,16.4,4.8,56.4,75.3,34,29,13.5,45.3,5963,37,45,24,10,0,0.34,1.45,0.62,0.38,0.16,283,10.6,12,0.39,44.8,3.6,0.29,4.2,0.11,167,60,103.6,91.9,459.5,160,2.8,1.73,0.58,0.6,0.2,0.4,57,10,32,79,6.2,3.5,2.7,1.3,0.6,6.5,3.0355,5.06,127,4.9,100,2.5,101.46,156,100,256,60.94,5.8,119.76,0.1,13.4,27.1,49.45,10.4,3,73,12.2,2.83,85,74,96,98
539854,PBCHD09MHS,157373,22/02/2019,07:44,09:03,Pale Yellow,Hazy,1.015,4.6,Trace,1+,Trace,Negative,Negative,Normal,Negative,6-7,0,2-2,Nil,Nil,Fat droplets or lipiduria,6.1,4.7,33.9,81.6,12,17,14,44.7,34867,37,44,4,4,0,22.89,1.75,0.43,0.13,0.1,105,5.4,17,0.19,24,6.5,0.2,0.04,0.36,215,24,82.8,10.6,53,61,9,3.45,0.29,16,11.5,4.5,117,42,27,15,6.5,4.4,2.1,2.1,1.2,30.7,14.3369,11.95,136,3.6,114,3.7,104.6,193,193,386,50,8.9,208.73,0.3,13,121.8,10.67,8.8,4.2,183,12.3,0.96,70,137,63,185
245948,KLTRS04KLP,345725,21/02/2019,07:19,07:49,Light Yellow,Clear,1.02,6.6,Negative,Trace,Negative,Negative,Negative,Normal,Negative,6-8,2,10-8,Nil,Nil,NIL,10.1,4.7,50.2,70.6,21,20,12.5,39.5,10083,49,15,6,3,0.4,9.79,2.16,0.72,0.41,0.09,423,8.4,10,0.37,12.4,4,0.38,4.96,0.16,200,53,89.3,66.3,331.5,112,3.8,1.68,0.59,0.8,0.1,0.7,129,27,18,29,7.1,4.7,2.4,1.96,0.8,16.1,7.5187,9.4,127,5.5,115,5.6,16.25,96,123,219,43.84,7,154.2,0.2,13.2,66.2,19.94,9.6,2.5,65,11.8,6.46,109,76,70,134
394152,MZLGI07GJS,111895,19/02/2019,06:52,08:01,Light Yellow,Clear,1.013,5,Negative,Trace,Negative,Trace,Negative,Normal,Negative,TNTC,2,1-3,Rare,Rare,Parasites,18.6,5.5,43,80.1,33,43,13.7,41.8,10774,40,36,5,3,2.2,2.85,2.15,0.38,0.49,0.1,779,8.2,15,0.59,40.9,5.1,0.07,0.22,2.55,196,25,27.5,105,525,66,7.8,1.1,0.91,0.3,0.1,0.2,64,54,34,37,6.4,4.9,1.5,3.27,1,13.3,6.2111,6.21,137,4.2,98,3,118.75,93,186,279,33.33,6,125.5,0.1,21.3,141.5,15.05,10.5,3.7,173,3.8,1.15,70,89,86,60
555353,PBCHD13CGD,895496,20/02/2019,07:55,08:52,Straw,Slightly cloudy,1.016,6.3,Negative,Negative,Negative,Negative,Negative,Normal,Negative,13-15,1,6-14,Few,Nil,NIL,12.9,4.5,38.6,85.2,28,33,13.8,39.2,7646,64,38,5,9,0,12.38,1.27,0.73,0.62,0.01,267,10.1,12,0.31,40.1,1.4,0.28,4.38,0.22,141,20,77.9,63.3,316.5,105,7.1,3.9,0.26,0.3,0,0.3,46,46,22,26,6.6,4.1,2.5,1.64,0.9,7.8,3.6426,4.05,136,4.2,107,2.7,97.2,54,283,337,16.02,6.3,134.11,0.3,28.7,273.3,10.5,9.2,3.4,89,10.4,1.06,120,112,117,139
322927,KLTRS11TSS,535805,23/02/2019,06:32,07:40,Light Yellow,Clear,1.012,4.5,Negative,Trace,Negative,Negative,Negative,Normal,Negative,11-13,2,3-2,Rare,Nil,NIL,2.4,4.5,21.7,87.5,5,11,14.2,44.1,6922,52,33,9,7,0,4.95,1.05,0.93,0.48,0.05,272,11.4,5,0.22,30.6,2.7,0.15,0.66,0.04,170,36,44.9,67.5,337.5,195,4.7,1.25,0.8,0.4,0,0.4,48,12,16,37,6.4,4.4,2,2.2,0.7,11.8,5.5106,7.87,145,2.8,99,3.9,111.77,130,343,473,27.48,6,125.5,0.2,10.2,68.5,14.89,11.7,3.9,128,11.9,1.56,96,112,101,147
629649,MZLGI04GJS,183628,23/02/2019,07:24,08:17,Straw,Clear,1.03,8,Trace,Trace,Trace,2+,Negative,Normal,Negative,TNTC,1,2-3,Nil,Few,NIL,11.4,5.5,55.8,53.2,20,20,13.2,25.2,54966,41,28,4,5,0,3.5,4.13,0.71,0.17,0.5,422,7.9,14,0.14,27.9,1.6,0.36,0.16,3.32,533,40,89.4,37.3,186.5,79,13.3,2.24,0.45,0.4,0,0.4,83,55,31,27,7.5,4.8,2.7,1.78,0.7,10.7,4.9969,7.14,137,3.4,98,2.5,61.6,135,252,387,34.88,6.1,128.37,1.3,12.9,468.2,2.76,9.8,2.1,155,14.9,1.65,71,61,91,104
598504,GYAHD15KAU,707815,20/02/2019,07:57,08:33,Orange,Clear,1.016,4.9,Negative,Trace,Negative,Trace,Negative,Normal,Negative,21-23,0,3-2,Nil,Nil,Yeast cells,12.5,4.7,57.7,41.3,26,21,16.4,41.6,23261,52,38,3,6,0,4.93,2.05,0.59,0.42,0.07,760,14.4,22,0.14,27.6,2.2,0.79,0.04,0.12,163,53,70.8,33.3,166.5,183,3.1,1.34,0.75,0.7,0.2,0.5,58,43,20,24,6.8,4.4,2.4,1.83,1.2,7.7,3.5959,3,145,5.7,101,4.1,116.33,191,317,508,37.6,6.2,131.24,0.8,16.5,75.4,21.88,10.1,4.8,153,8.9,9.06,86,94,316,165
925420,MZLGI09GJS,535396,20/02/2019,07:47,08:22,Dark Yellow,Slightly cloudy,1.015,7.6,2+,Negative,Negative,Negative,Negative,Normal,Negative,62-65,0,13-18,Nil,Nil,NIL,10.5,4.1,30.4,99.8,25,34,13.1,41.7,6997,48,18,1,11,1,6.86,1.64,0.66,0.5,0.05,285,11.9,11,0.44,33,4,0.68,0.09,0.3,180,66,82.5,45.6,228,80,2.7,1.25,0.8,0.8,0.1,0.7,40,52,29,30,7.9,3.8,4.1,0.93,0.7,19.8,9.2466,13.21,143,3.8,111,4.1,70.28,72,348,420,17.14,8.5,197.25,0.5,14.2,99.9,14.21,7.7,3.1,281,13.1,2.4,97,79,100,191
207854,MZLGI15APK,303767,22/02/2019,11:07,12:12,Yellow,Hazy,1.012,5,Negative,Negative,1+,Negative,Negative,Normal,Negative,9-11,1,13-18,Nil,Nil,Fat droplets or lipiduria,20.8,5.5,26.3,79.1,37,79,12.3,44.2,7089,15,35,5,6,0,14.66,2.17,0.59,0.65,0.06,121,11.8,15,0.26,22.8,3.8,0.25,0.64,1.64,103,54,118,68.7,343.5,98,1.9,2.19,0.46,2.1,1,1.1,100,40,22,20,7.1,4.3,2.8,1.54,0.6,7.8,3.6426,6.07,131,3.9,111,2.8,28.09,92,344,436,21.1,5.9,122.63,9.7,82.6,109.6,75.36,10.6,2.8,106,10.2,0.52,120,176,96,71
343547,GYAHD05KAU,626929,22/02/2019,07:52,08:54,Straw,Slightly cloudy,1.013,6.5,Trace,Negative,Negative,Negative,Negative,Normal,Negative,13-14,1,3-3,Nil,Nil,NIL,14,5.9,33.6,99.6,23,41,14.2,46,41812,34,32,3,6,0,8.63,1.48,0.41,0.67,0.1,338,7.1,17,0.46,19.7,1.3,5.23,0.15,0.01,207,73,24.2,28.8,144,80,2.8,0.33,3.02,0.6,0.2,0.4,88,25,13,20,7,4.8,2.2,2.18,0.8,12,5.604,7.01,136,4.1,96,5.6,103.75,159,129,288,55.21,6,125.5,0.4,23,135.9,16.92,8.7,3.7,200,11.9,4.56,87,76,81,72
825120,GYAHD06KLM,373747,22/02/2019,09:55,10:33,Light Yellow,Clear,1.019,6.8,Trace,Negative,Negative,Negative,Negative,Normal,Negative,3-4,1,14-17,Nil,Nil,NIL,13.7,5.1,31.2,82.2,26,43,14.1,42.1,52598,54,24,1,4,0,4.24,1.18,0.3,0.41,0.23,229,5.7,11,0.27,23,2.9,0.39,0.11,0.13,159,25,65,19.9,99.5,64,6.4,2.6,0.38,0.6,0.2,0.4,87,35,12,6,7.3,4.2,3.1,1.35,0.7,18.3,8.5461,12.21,126,3.7,102,3.6,115.65,88,326,414,21.26,6.3,134.11,0.8,27,85.6,31.54,11.5,2.8,140,18.1,2.61,124,171,74,113
154220,GYAHD09KLM,829709,22/02/2019,06:04,06:40,Light Yellow,Clear,1.013,4.6,1+,1+,Negative,Negative,Negative,Normal,Positive,2-3,0,2-3,Nil,Few,NIL,2.6,5,48.6,96,5,5,12.3,39.5,5022,52,35,6,6,2.4,9.79,2.21,0.08,0.13,0.03,24,9.4,12,0.49,23.9,4.9,0.33,0.25,0.36,173,41,22.8,60,300,71,4.2,0.56,1.8,0.4,0.1,0.3,69,55,11,22,7.6,4.6,3,1.53,0.8,233.1,108.8577,136.07,149,3.2,103,2.7,99.17,170,334,504,33.73,6.4,136.98,2.3,20.5,145.3,14.11,8.6,3.2,284,15.6,7.87,103,85,72,134
546348,MZLGI12GJS,346138,21/02/2019,07:16,07:55,Deep Amber,Slightly cloudy,1.013,6.9,Trace,Trace,Negative,Trace,Negative,Normal,Negative,1-3,0,7-12,Rare,Nil,NIL,21.8,2,50.9,96,109,42,13.3,30.4,9768,60,31,1,4,0,7.36,2.61,0.96,0.42,0.08,122,8.7,13,0.26,15.7,0.1,0.22,1.45,0.34,223,57,74.4,9.4,47,115,3.9,1.31,0.77,0.4,0.1,0.3,205,55,15,18,7.4,3.7,3.7,1,1.2,19.9,9.2933,7.74,136,4,95,3.7,117.32,69,162,231,29.87,5.9,122.63,0.1,22.7,109.8,20.67,11,3.1,121,9.2,0.03,79,83,113,78
981058,MZLGI01GJS,773975,23/02/2019,08:53,10:17,Red,Clear,1.015,5.4,Negative,Negative,Negative,Negative,Negative,Normal,Negative,4-6,2,2-2,Nil,Few,Artifacts,14.5,5.5,43.9,87.8,26,33,14.4,41.1,6899,62,46,6,4,0,1.19,1.69,0.26,0.01,0.17,180,8.2,11,0.19,15.5,6.9,0.1,0.85,0.27,174,55,93.8,25.5,127.5,151,3.2,1.71,0.59,0.8,0.1,0.7,57,35,17,27,7.9,3.7,4.2,0.88,0.8,7.2,3.3624,4.2,121,5.5,108,3.6,102.07,72,233,305,23.61,5.8,119.76,0.9,24,267.6,8.97,8.3,3.7,124,20,0.25,91,106,105,189
828855,PBCHD09PBP,254242,23/02/2019,06:33,07:55,Dark Yellow,Clear,1.014,6.7,Negative,Negative,Negative,Negative,Negative,Normal,Negative,12-13,2,1-4,Nil,Nil,NIL,11.4,7.3,56.3,98.6,15,20,9.9,39.1,10229,79,22,3,6,9.7,7.1,2.04,0.09,0.28,0.03,329,6.2,12,0.26,48.2,6.8,0.09,0.25,0.27,153,40,56.4,25.6,128,85,3.8,1.41,0.71,1.7,0.8,0.9,59,27,18,11,7.6,4.8,2.8,1.71,1.6,37.1,17.3257,10.83,139,2.7,103,5.3,105.99,103,177,280,36.79,6,125.5,0.3,174,90.8,191.63,8.2,2.4,111,7.3,1.22,83,95,125,100
930327,PBCHD05CGD,691449,19/02/2019,09:41,10:20,Light Yellow,Clear,1.017,6.9,Trace,3+,Negative,Negative,Negative,Normal,Negative,10-12,0,2-2,Few,Nil,NIL,17,4.6,32.1,95.1,36,52,14,42.5,3032,56,18,4,3,0,4.03,2.62,0.95,0.39,0.2,129,13.6,12,0.34,14,3.4,0.69,0.26,0.11,117,21,95.2,15,75,85,5.6,4.53,0.22,4.1,0,4.1,263,5,26,46,7.8,3.5,4.3,0.81,1.2,7.2,3.3624,2.8,146,4.7,99,4.2,93.06,69,355,424,16.27,9,211.6,0.4,22,46.5,47.31,8.5,4.9,247,9.6,2.33,134,98,79,137
126796,KLTRS05NLZ,126201,19/02/2019,08:01,09:08,Light Yellow,Slightly cloudy,1.025,4.5,Negative,Negative,Negative,Negative,Negative,Normal,Negative,6-8,1,2-2,Nil,Nil,NIL,11,5.3,65,53.1,20,16,13.2,42,6114,42,27,4,7,0,1.24,2.5,0.21,0.46,0.03,683,9.9,15,0.75,18.9,4.5,0.13,4.66,0.97,236,29,77.7,8.2,41,126,8.1,2.68,0.37,0.7,0,0.7,126,23,18,25,8.1,4.4,3.7,1.19,0.6,14,6.538,10.9,144,3.3,96,2.6,75.12,223,360,583,38.25,5.8,119.76,0.9,16.6,487.6,3.4,9,2,142,10,1.91,115,89,78,62
889258,GYAHD13KAU,919175,19/02/2019,11:36,13:00,Pale Yellow,Clear,1.01,6.9,Negative,Negative,Negative,Negative,Trace,Normal,Negative,6-7,1,1-2,Nil,Rare,NIL,19,6.1,49.6,126.3,31,38,10,41.2,4130,72,48,3,10,0.9,6.02,1.92,0.57,0.1,0.17,167,10.2,16,0.33,15.3,4.1,0.25,0.21,0.63,218,46,99.1,50.2,251,217,4.7,2.15,0.46,0.5,0,0.5,54,135,16,8,7.9,3.8,4.1,0.93,0.9,7.8,3.6426,4.05,145,4.9,99,6.2,119.56,39,290,329,11.85,5.8,119.76,2.3,12.4,111.2,11.15,9.5,2.1,290,12.4,8.38,75,94,72,61
246371,KLTRS09WBD,396036,22/02/2019,06:42,08:08,Straw,Hazy,1.02,6.6,Negative,Negative,Negative,Negative,Negative,Normal,Negative,TNTC,0,2-4,Nil,Nil,NIL,9.5,4.8,37.2,53.9,19,25,13.3,45.7,3331,52,38,4,5,0,6.2,2.29,0.48,0.17,0.07,140,8.4,14,0.38,18,1.2,0.22,3.18,0.36,172,43,99.3,9.6,48,79,4,2.31,0.43,0.7,0.2,0.5,113,54,31,31,7.6,3.6,4,0.9,0.8,14.2,6.6314,8.29,136,3.6,94,2.7,98.81,232,134,366,63.39,6.1,128.37,0,16.2,384.7,4.21,9.5,2.8,135,4.8,2.39,82,65,84,86
690003,KLTRS04TSS,498228,20/02/2019,08:08,09:25,Pale Yellow,Clear,1.012,4.8,Trace,Negative,Negative,Negative,Negative,Normal,Negative,14-15,2,5-18,Rare,Nil,NIL,8.8,5.6,37,68.2,15,23,12.9,39.2,7416,51,34,2,3,0.4,7.17,1.51,0.21,0.21,0.06,381,10.4,11,0.59,25.8,1.7,0.19,0.35,1.8,185,53,50,63.2,316,77,3.5,0.94,1.06,0.2,0,0.2,126,104,24,41,7.1,4.8,2.3,2.09,0.9,19.7,9.1999,10.22,148,2.8,106,2,112.53,76,351,427,17.8,5.4,108.28,0.9,26.3,56.3,46.71,8.8,3.1,238,15.7,2.15,71,66,81,89
232311,PBCHD02NLM,160963,22/02/2019,10:48,11:54,Pale Yellow,Slightly cloudy,1.013,6.6,1+,Trace,Negative,Negative,Negative,Normal,Negative,8-10,2,7-7,Nil,Nil,Mucus threads,18.1,5.5,46.9,71.7,32,38,12.6,40.7,53194,57,22,2,2,6.4,2.14,1.97,0.6,0.01,0.09,445,9.4,14,0.29,18.8,3.1,0.4,0.07,2.16,109,46,79.1,19.2,96,170,2.4,1.72,0.58,0.4,0.1,0.3,53,14,37,32,7.3,4,3.3,1.21,0.8,19.3,9.0131,11.27,122,4.4,98,2.1,101.79,228,207,435,52.41,8.6,200.12,0.2,12.9,122,10.57,9.9,6.6,89,4.3,1.71,100,80,95,122
823130,GYAHD03JHJ,230215,23/02/2019,09:19,10:04,Straw,Clear,1.021,4.6,Negative,Negative,Negative,Negative,Negative,Normal,Negative,47-51,2,3-4,Nil,Nil,NIL,18.1,4,14.2,80.1,45,127,11.6,39.8,9331,64,24,5,7,0.2,16.75,2.51,0.57,0.31,0.14,29,10.4,12,0.65,12.7,2.1,0.19,0.39,0.07,199,56,74,95.6,478,120,3.6,1.32,0.76,0.3,0.1,0.2,169,21,34,19,6.8,4.2,2.6,1.62,0.7,9.3,4.3431,6.2,145,3.4,100,5.4,85.04,141,94,235,60,6,125.5,0.2,13.6,101.5,13.4,10.3,3.4,133,9.1,7.91,78,196,94,123
734576,MZLGI05MHP,670907,20/02/2019,10:11,11:33,Pink,Clear,1.02,6.5,Trace,Trace,Negative,Negative,Negative,Normal,Positive,1-3,2,2-4,Nil,Nil,NIL,8,4.4,30,65.4,18,26,14,45.1,4778,53,22,1,8,2.2,6.61,1.55,1.38,0.44,0.03,356,14.3,14,0.47,34.3,2.6,0.17,3.09,0.16,182,50,136,33.5,167.5,69,3.6,2.72,0.37,0.8,0.2,0.6,52,21,40,41,6,4.1,1.9,2.16,0.8,9.8,4.5766,5.72,142,4.3,84,5.8,110.92,145,104,249,58.23,6,125.5,0.2,192.5,199.1,96.69,8.4,2.2,170,9.1,3.14,78,67,68,212
124404,GYAHD07ODK,668565,20/02/2019,10:09,11:29,Light Yellow,Clear,1.014,6.6,Trace,Negative,Negative,Negative,Trace,Normal,Negative,5-7,1,1-4,Nil,Nil,NIL,7.3,4.3,41.7,92.5,16,17,13.1,39.1,3095,47,51,21,7,0.9,10.55,2.36,0.44,0.5,0.02,183,7.3,16,0.16,45,0.8,0.17,0.04,0.7,200,33,89.1,32.1,160.5,138,6.1,2.7,0.37,0.7,0,0.7,63,17,18,29,8.2,4.1,4.1,1,0.8,18.4,8.5928,10.74,139,4.7,110,3.1,117.02,112,359,471,23.78,6.1,128.37,0.6,18.1,179.7,10.07,8.7,4.3,271,15.7,1.11,98,96,60,93
857176,PBCHD12SKM,952652,21/02/2019,08:56,10:17,Straw,Hazy,1.014,6.5,Trace,Trace,Negative,Negative,Negative,Normal,Negative,11-12,0,2-3,Few,Nil,NIL,16,5.7,26.7,82.7,28,59,13.2,39.7,10148,55,37,5,7,2.3,2.19,4.9,0.82,0.15,0.16,419,9.4,20,0.3,26.6,5,1.07,0.12,0.24,219,52,136.5,43.9,219.5,85,4.2,2.63,0.38,0.9,0.2,0.7,117,30,35,43,6.6,4.3,2.3,1.87,1.2,10.1,4.7167,3.93,142,4.6,102,5.9,103.15,164,100,264,62.12,6,125.5,0.2,18.3,115,15.91,10.5,1.9,164,13.1,0.76,98,122,88,68
265407,GYAHD03JHJ,841151,20/02/2019,10:07,10:40,Yellow,Clear,1.016,6.6,Trace,Trace,Negative,1+,Negative,Normal,Negative,5-6,2,1-2,Nil,Nil,Fat droplets or lipiduria,14.3,4.8,39,79.1,29,36,13.3,41.3,4008,49,35,4,9,0,1.03,3.94,0.83,0.99,0,314,8,20,0.34,16.3,1.7,1.75,0.64,0.14,173,59,83.2,23.9,119.5,143,2.9,1.41,0.71,0.2,0,0.2,69,45,29,44,6.6,4.5,2.1,2.14,0.9,12.9,6.0243,6.69,135,3.2,105,5.4,107.48,94,336,430,21.86,5.7,116.89,0.1,27.7,231.6,11.96,11.3,2.7,158,8.1,6.75,131,98,65,87
864780,MZLGI07MHP,686675,20/02/2019,11:36,12:38,Red,Slightly cloudy,1.011,6.6,Trace,Negative,Negative,Negative,1+,Normal,Negative,79-80,1,1-4,Nil,Nil,NIL,13.4,4.7,32.1,79,28,41,12.2,39,10497,42,55,6,4,2,1.42,3.34,0.97,0.2,0.03,212,11.6,11,0.24,34,2.5,4.85,0.2,4.25,137,40,121,8.4,42,177,3.4,3.03,0.33,1,0.3,0.7,92,11,33,33,6.1,3.6,2.5,1.44,0.9,18.6,8.6862,9.65,129,4.1,100,5.1,95.68,122,217,339,35.99,6.2,131.24,0.9,18.9,98.1,19.27,13.2,5.5,199,17.6,3.72,74,84,77,112
318674,KLTRS09NLZ,737835,19/02/2019,10:19,11:47,Dark Yellow,Clear,1.014,6.9,Negative,Trace,Negative,Negative,Negative,Normal,Negative,TNTC,1,3-4,Few,Rare,NIL,3.9,4.1,45.2,83,9,8,12.3,40.5,10056,68,40,1,4,0,7.37,1.38,0.79,0.22,0.01,377,11.1,10,0.38,33.8,0.9,0.06,0.08,0.7,189,66,73.9,80.7,403.5,166,2.9,1.12,0.89,0.4,0,0.4,122,39,23,15,6.8,4.2,2.6,1.62,1,13.1,6.1177,6.12,136,3.9,103,3.1,111.76,136,201,337,40.36,6.2,131.24,0.6,28.4,89.9,31.59,8.9,3.3,298,19.3,1.37,144,105,92,97
729204,KLTRS03MLT,530778,21/02/2019,08:57,09:38,Light Yellow,Cloudy,1.017,5.4,Negative,Negative,Negative,Negative,Negative,Normal,Negative,5-7,2,2-4,Nil,Nil,NIL,15,5.2,53.2,93,28,28,15.2,39.5,4316,78,48,6,20,0,2.88,1.19,0.77,0.23,0.06,343,8.3,17,0.17,22,2.7,0,0.28,0.29,199,58,62,23.5,117.5,88,3.4,1.07,0.94,0.6,0,0.6,54,49,24,15,8.1,4.4,3.7,1.19,1.2,5.3,2.4751,2.06,137,4.2,103,4.5,100.8,114,351,465,24.52,6.2,131.24,0.7,16.8,64.7,25.97,11.5,4.6,335,11.3,3.43,78,95,74,187
371039,PBCHD14GAM,101686,21/02/2019,07:27,08:14,Orange,Slightly cloudy,1.017,4.9,Negative,Trace,Negative,Negative,Negative,Normal,Negative,11-12,0,3-2,Nil,Nil,Amorphous debris,8.1,6.9,19.5,96.1,11,41,13.9,42.3,10585,48,20,6,6,0,3.76,1.69,0.3,0.78,0,959,10.5,15,0.34,31.1,2.5,0.02,0.22,0.08,134,58,89.8,75.3,376.5,93,2.3,1.55,0.65,0.5,0.2,0.3,127,49,27,13,8.3,5,3.3,1.52,0.7,13,6.071,8.67,121,5.3,99,4.8,91.65,69,115,184,37.5,8.7,202.99,0.7,87,30,290,9,4.2,97,16.2,8.67,90,83,116,175
510361,GYAHD07JHJ,267709,23/02/2019,06:49,07:29,Light Yellow,Cloudy,1.027,6.5,Negative,Negative,Negative,Negative,Negative,Normal,Negative,8-10,2,8-15,Nil,Nil,NIL,7.8,5,35.2,91.9,15,22,11.6,40.4,10379,39,21,5,5,0,7.57,4.43,0.65,0.01,0.12,190,9.4,16,0.25,41.1,0.5,0.34,0.3,3.97,155,28,72.6,23,115,148,5.5,2.59,0.39,0.4,0.1,0.3,118,51,19,26,6.4,4.6,1.8,2.56,0.7,14.6,6.8182,9.74,145,4.9,104,4.8,100.85,72,236,308,23.38,6.1,128.37,0.2,11.4,89.2,12.78,11.7,3.1,180,10.5,1.83,125,84,65,138
286210,MZLGI01GJS,901911,21/02/2019,06:22,07:28,Straw,Hazy,1.012,4.4,Trace,Trace,Negative,Negative,Trace,Normal,Negative,12-14,2,1-4,Rare,Few,NIL,12.2,5.2,19.4,91.8,23,62,12.5,43.9,5336,56,27,4,4,0,7.89,2.49,0.53,0.68,0.05,1073,11.9,13,0.11,29.1,1.1,0.02,0.32,0.15,187,53,173.6,11.9,59.5,205,3.5,3.28,0.31,0.5,0.2,0.3,116,40,26,34,8.1,3.2,4.9,0.65,0.6,16.7,7.7989,13,144,4.7,96,5.2,96.2,135,296,431,31.32,6.3,134.11,0.4,21.8,78.4,27.81,11,5.8,187,3.6,9.46,107,94,211,63
881283,KLTRS06KLP,408499,23/02/2019,08:25,09:33,Straw,Clear,1.025,5.3,2+,Negative,Negative,Negative,Negative,Normal,Negative,13-14,1,2-2,Nil,Nil,NIL,10.3,5.4,59.1,96.7,19,17,11.7,44.8,52720,58,28,6,4,0,7.02,2.2,0.69,0.22,0.09,271,8.5,11,0.09,29.6,3,0.09,0.52,0.31,180,30,73.4,31,155,61,6,2.45,0.41,0.8,0.2,0.6,129,38,18,44,6.2,5,1.2,4.17,1.1,9.3,4.3431,3.95,136,4.7,103,5.2,105.96,136,355,491,27.7,6.1,128.37,0.8,12.3,101.5,12.12,8.6,3.8,42,16.9,7.04,141,67,73,100
448421,PBCHD08KLC,551709,23/02/2019,09:19,10:12,Pale Yellow,Clear,1.02,6.2,Negative,Trace,Negative,1+,Negative,Normal,Negative,44-48,5,3-4,Nil,Rare,NIL,8.1,5.1,37,71.8,15,21,12.5,43.3,4371,58,46,2,8,0,1.67,4.44,0.39,0.1,0.05,141,10.5,12,0.3,40.4,4.3,0.56,0.2,0.27,217,79,76.8,23.9,119.5,112,2.7,0.97,1.03,0.5,0,0.5,113,54,100,20,7.2,3.5,3.7,0.95,0.7,19,8.873,12.68,130,4.5,101,6.2,97.67,200,147,347,57.64,6.2,131.24,0.8,388.8,126.7,306.87,9.1,3.6,101,5.3,9.16,97,90,71,128
197593,GYAHD08KLM,385778,21/02/2019,11:15,12:09,Straw,Clear,1.018,6.7,Negative,Trace,Negative,1+,Trace,Normal,Negative,6-7,0,3-3,Rare,Rare,Amorphous debris,21.8,3.3,44,86.6,66,49,12.5,40.8,5259,56,23,4,4,0,7.04,2.79,0.29,0.28,0.14,327,9.3,11,0.37,21,2.9,0.15,0.69,0.23,240,58,164.1,9.8,49,100,4.1,2.83,0.35,0.5,0,0.5,118,26,39,9,8.3,3.8,4.5,0.84,0.7,28,13.076,18.68,141,3.2,90,5.1,99.44,128,358,486,26.34,8.2,188.64,0.8,11.4,101.4,11.24,8.7,5.3,297,4.8,4.12,90,70,75,205
332486,GYAHD09KLM,520946,23/02/2019,10:25,11:09,Light Yellow,Clear,1.014,6.7,Trace,Trace,Negative,Negative,1+,Normal,Negative,10-11,1,1-4,Moderate,Nil,NIL,14,5.4,55.3,94.9,25,25,12.6,26.5,4405,47,21,1,8,0.4,0.49,0.35,0.79,0.16,0.03,398,9.5,16,0.66,41,0.1,0.16,0.03,0.14,165,59,88.5,109,545,164,2.8,1.5,0.67,0.5,0.2,0.3,105,51,30,34,6.7,4.3,2.4,1.79,1,15.4,7.1918,7.19,137,4.2,105,3.7,96.69,198,261,459,43.14,6.7,145.59,0.5,20.6,115.8,17.79,8.8,2.8,259,4.5,0.46,128,78,60,81
764833,GYAHD12KAU,995342,21/02/2019,07:13,07:44,Straw,Slightly cloudy,1.01,5,Trace,Negative,1+,Negative,Negative,Normal,Negative,2-4,1,11-18,Nil,Nil,NIL,8.9,2.5,32.2,92.1,35,27,11.1,43.7,30761,44,30,5,4,10.1,6.2,1.98,0.44,0.27,0.06,355,11,10,0.22,22.3,1.8,0.01,0.6,0.36,232,36,99.2,16,80,170,6.4,2.76,0.36,0.9,0.3,0.6,114,41,15,9,6.9,4.1,2.8,1.46,1.2,29.1,13.5897,11.32,137,4.3,106,6.9,103.83,62,239,301,20.6,8.5,197.25,0.2,11.7,121.5,9.63,10.9,4.1,289,4,2.81,92,106,99,127
288118,KLTRS15NLZ,634766,21/02/2019,08:49,09:19,Yellow,Clear,1.019,6,Negative,Trace,Negative,Negative,1+,Normal,Negative,7-8,0,1-2,Rare,Nil,NIL,6.7,5.7,44.4,104.2,11,15,12.3,26,6019,73,54,1,6,0,3.5,2.71,0.75,0.06,0.07,61,7.5,24,0.36,15.4,4.5,0.25,4.7,0.4,210,41,74.4,66,330,162,5.1,1.81,0.55,0.9,0.2,0.7,89,17,20,16,6.7,4.1,2.6,1.58,0.6,15.4,7.1918,11.99,143,4.1,104,2.3,97.6,61,200,261,23.37,5.8,119.76,1,18.7,46.2,40.48,9.9,3.7,260,9.7,1.34,106,71,147,171
759321,MZLGI07BRC,125258,22/02/2019,09:21,10:36,Pale Yellow,Clear,1.019,6.9,Trace,Negative,Negative,3+,Negative,Normal,Negative,7-9,0,2-3,Nil,Nil,NIL,19.3,5.3,28.6,71.6,36,67,12.9,44.7,7139,18,24,3,4,0,1.88,2.71,0.61,0.13,0.09,113,8.8,16,0.13,12.5,6.5,0.23,0.1,0.17,115,22,120.2,56.2,281,178,5.2,5.46,0.18,0.3,0.1,0.2,101,51,33,39,7.9,3.7,4.2,0.88,1.2,13.1,6.1177,5.1,138,6,100,4.8,97.51,169,228,397,42.57,6,125.5,0.2,12.1,98.8,12.25,10.4,3.4,121,9.4,1.85,96,84,135,112
153644,KLTRS06WBD,314056,19/02/2019,11:44,12:36,Straw,Clear,1.01,6.7,Negative,Negative,Negative,Negative,Trace,Normal,Negative,7-8,1,5-16,Few,Few,NIL,11.6,8.3,54.3,41.9,13,21,14.1,42.8,4613,60,35,1,2,0,4.97,1.43,0.85,0.35,0.06,244,7.1,15,0.21,32.7,1.6,0.07,0.81,0.17,119,57,89.7,32.1,160.5,77,2.1,1.57,0.64,0.9,0.2,0.7,44,18,25,27,6.1,3,3.1,0.97,1.1,18.9,8.8263,8.02,141,4.8,100,2.8,96.86,144,185,329,43.77,10.2,246.04,0.4,14.6,109.9,13.28,10,3.1,281,9.9,7.43,80,158,80,77
236131,GYAHD10KAU,679571,23/02/2019,06:39,07:16,Deep Amber,Clear,1.012,6,Trace,Trace,Negative,Negative,Negative,Normal,Negative,5-6,2,>20,Nil,Nil,Mucus threads,17.8,4.7,32.8,46.4,37,54,13,39.3,8926,42,31,1,6,0,16.79,2.96,0.5,0,0.08,344,11.3,10,0.35,16.9,2.6,0.2,3.28,0.27,189,62,99.9,21.7,108.5,88,3,1.61,0.62,0.9,0.2,0.7,57,15,27,36,7.3,4.4,2.9,1.52,0.7,12.5,5.8375,8.34,147,1.6,98,4.4,104.23,105,161,266,39.47,6.3,134.11,0,22.4,70.4,31.82,11.3,5.5,114,8.7,8.1,120,166,245,141
857886,MZLGI10APK,856271,19/02/2019,11:00,11:43,Dark Yellow,Slightly cloudy,1.016,6.4,Trace,1+,Negative,1+,Negative,Normal,Negative,10-12,0,1-3,Nil,Rare,NIL,16.7,5.8,50.1,85,28,33,14.4,42.9,9032,64,47,8,6,0,4.91,1.14,0.55,0.01,0.02,355,15,11,0.37,13.7,2.4,4.03,0.15,0.89,167,79,93.5,106.5,532.5,109,2.1,1.18,0.84,0.7,0.2,0.5,100,39,37,43,6,4.4,1.6,2.75,1.2,12.6,5.8842,4.9,132,4.3,108,2.9,99.74,163,265,428,38.08,7.8,177.16,0.6,11.3,51.9,21.77,9,3.5,91,10.6,0.04,73,78,90,185
306831,MZLGI08MHP,322655,23/02/2019,08:53,09:44,Light Yellow,Clear,1.017,6.8,1+,Trace,Negative,Negative,Negative,Normal,Negative,48-53,2,1-2,Nil,Nil,NIL,15.1,5.1,42.2,73.9,29,35,12.4,41.9,6297,73,31,5,5,0,4.52,2.44,0.01,0.21,0.04,377,11.9,13,0.26,39,3.7,0.34,0.39,0.31,183,43,94.1,17.2,86,151,4.3,2.19,0.46,0.7,0,0.7,42,47,23,41,6.5,3.6,2.9,1.24,0.8,11.5,5.3705,6.71,145,2.7,114,2.3,116.33,122,228,350,34.86,7.7,174.29,0.1,13.4,76.7,17.47,8.8,3,176,6.6,3.15,119,80,92,167
809058,KLTRS07WBD,824799,19/02/2019,07:47,09:00,Yellow,Slightly cloudy,1.018,7,1+,Trace,Negative,Negative,2+,Normal,Negative,7-9,1,2-3,Nil,Nil,NIL,1.5,5.2,56.7,99.6,2,2,13.9,41.3,9765,45,22,6,2,0,5.68,1.32,0.79,0.19,0,279,8.6,13,0.29,12.9,4.1,0.2,0.17,0.26,134,72,76.2,33.6,168,135,1.9,1.06,0.94,0.9,0.3,0.6,51,40,25,46,6.6,4.3,2.3,1.87,0.8,5.6,2.6152,3.27,136,2.7,96,3,87.81,164,216,380,43.16,6.9,151.33,0.1,134.7,183,73.61,9.3,5.4,266,13.7,1.29,89,98,89,103
520093,MZLGI02GJS,274700,21/02/2019,07:08,08:10,Light Yellow,Clear,1.016,7.1,Negative,Trace,Negative,Negative,Negative,Normal,Negative,3-4,0,2-3,Nil,Rare,NIL,11.8,4.9,40.9,42.8,24,28,13.9,42.3,4668,47,45,19,2,11.8,3.44,2,0.71,0.2,0.06,24,8.5,17,0.3,29.6,1.2,0.24,0.22,0.28,235,70,166.8,15.8,79,85,3.4,2.38,0.42,0.7,0.3,0.4,106,45,28,42,5.7,3.2,2.5,1.28,1,6.4,2.9888,2.99,120,4.2,108,9.6,115.73,135,140,275,49.09,6.2,131.24,1,11.4,58.3,19.55,9.2,3,183,8.6,1.76,151,61,138,155
995675,PBCHD02PBP,726602,22/02/2019,06:39,07:22,Light Yellow,Slightly cloudy,1.028,6.5,Trace,Trace,Negative,Negative,Negative,Normal,Negative,90-91,2,5-10,Nil,Few,NIL,13.9,4.9,48.2,74,28,28,10.9,42.5,7054,40,54,1,5,0,6.88,2.38,0.44,0.43,0.01,281,9.5,14,0.24,12.5,4,0.39,4.17,0.7,237,75,75.1,18.8,94,102,3.2,1,1,16.1,11.6,4.5,102,34,40,43,6.6,4.3,2.3,1.87,0.8,13.6,6.3512,7.94,98,4.7,91,4.6,117.44,109,346,455,23.96,5.8,119.76,0.3,16.9,121.8,13.88,8,5.2,104,7.2,3.5,106,112,75,132
837539,KLTRS13NLZ,622657,20/02/2019,09:34,10:29,Pale Yellow,Hazy,1.019,9.2,1+,Negative,Negative,Negative,Negative,Normal,Negative,10-11,2,2-2,Nil,Nil,NIL,2.7,4.1,39.9,91.1,6,6,11.7,42.8,5199,66,37,10,5,0,14.05,1.95,0.21,0.24,0.05,420,10,14,0.38,28.6,1.6,1.75,0.86,1.42,162,64,89.3,36,180,149,2.5,1.4,0.72,0.8,0.2,0.6,49,34,31,37,6.2,4,2.2,1.82,0.6,15.4,7.1918,11.99,137,4.9,108,6.7,115.44,61,359,420,14.52,5.8,119.76,0.7,25.8,138.8,18.59,10.3,3.7,251,12.5,4.34,114,97,195,173
833857,MZLGI14RJK,636363,21/02/2019,09:52,11:07,Orange,Clear,1.019,4.5,2+,1+,Negative,Negative,Negative,Normal,Negative,TNTC,2,3-2,Nil,Nil,NIL,11.6,4.8,42.9,75.1,24,27,14.2,45,10581,53,28,2,2,0,2.23,1.86,0.9,0.89,0.01,219,14.1,24,0.24,17.7,4,0.13,1.5,0.32,181,67,48.8,37.1,185.5,106,2.7,0.73,1.37,10.8,6.3,4.5,119,14,37,33,7.5,3.6,3.9,0.92,1.1,9.3,4.3431,3.95,139,2.8,86,3.6,115.56,60,262,322,18.63,6.3,134.11,0.3,12.5,90.3,13.84,8.8,2.5,156,14.9,3.05,77,79,97,185
665695,KLTRS05ODB,529040,22/02/2019,08:17,09:22,Yellow,Clear,1.017,4,Negative,Trace,Negative,Negative,Negative,Normal,Negative,2-3,1,3-4,Nil,Rare,NIL,17.5,4.6,24.5,74,38,71,12.8,42.3,9264,43,24,1,2,0,8.54,1.03,0.77,0.19,0.03,287,13,15,0.07,22.9,2,2.51,0.17,0.3,448,76,80.2,78.8,394,80,5.9,1.06,0.95,1.1,0.1,1,107,30,27,28,8.3,3.5,4.8,0.73,0.7,15.4,7.1918,10.27,135,3.2,101,4.8,119.59,165,159,324,50.93,8.7,202.99,9.7,22.2,67.7,32.79,8.6,4.2,83,16.9,2.46,91,190,120,252
451134,KLTRS11MLT,883953,22/02/2019,07:15,08:09,Orange,Clear,1.011,6.8,Trace,Trace,Negative,Negative,Negative,Normal,Negative,21-25,0,6-16,Nil,Nil,NIL,16.9,5.8,39.5,84.9,29,42,12.8,28.7,8269,40,25,4,5,0,1.01,1.31,0.86,0.18,0.09,108,11.8,14,0.29,29.6,0.7,0.1,3.08,0.28,152,29,121.9,35.3,176.5,134,5.2,4.2,0.24,0.6,0.1,0.5,75,26,29,20,6.7,4.7,2,2.35,1,16,7.472,7.47,135,4.6,102,2.8,88.51,69,185,254,27.17,8.2,188.64,0.3,162.7,70.5,230.78,10.2,3.3,117,3.3,2.36,88,97,113,248
521501,GYAHD07ODK,847629,20/02/2019,10:39,11:41,Yellow,Clear,1.013,4.9,Negative,Negative,Negative,Negative,Trace,Normal,Negative,6-8,2,1-3,Nil,Nil,Mucus threads,13.2,4.8,34.4,94.9,27,38,14.6,39.3,5064,40,19,3,3,11.7,8.03,2.51,1.3,0.29,0.03,200,11.1,14,0.3,34.5,1.2,0.18,0.49,0.26,240,42,81.1,24.9,124.5,143,5.7,1.93,0.52,0.4,0,0.4,79,23,12,45,8.1,4.6,3.5,1.31,0.6,25.2,11.7684,19.61,145,4.4,97,5.8,93.52,147,198,345,42.61,6.8,148.46,0.7,10.8,124.5,8.67,13.3,2.6,174,11.4,1.33,101,68,81,237
439195,PBCHD04GAM,518071,23/02/2019,11:40,12:31,Dark Yellow,Clear,1.01,5.9,Negative,Trace,Negative,Negative,Negative,Normal,Negative,13-15,1,2-2,Nil,Few,Fat droplets or lipiduria,18.4,6.6,48.1,84,27,38,11.8,42.2,6885,44,21,4,2,1.8,6.14,2.41,0.59,0.22,0.02,133,14.5,14,0.13,13.7,0.6,0.32,0.2,0.28,152,33,93,35.5,177.5,178,4.6,2.82,0.35,0.5,0.2,0.3,107,6,39,42,7.4,3.5,3.9,0.9,0.6,14.2,6.6314,11.05,139,5.7,96,6.7,97.32,93,201,294,31.63,7.4,165.68,0,20.2,21,96.19,10,5.1,157,17.5,0.7,101,74,67,86
846920,KLTRS10MLT,825100,22/02/2019,11:10,11:44,Pale Yellow,Clear,1.01,4.8,Negative,Trace,Negative,Trace,Negative,Normal,Negative,10-12,1,2-3,Nil,Nil,NIL,6.3,4.6,46.2,89.5,13,13,14.5,29.2,10185,31,43,3,2,6.4,1.89,1.33,0.55,0.14,0.05,392,10.6,15,0.29,22.8,0.7,0.09,0.18,0.36,207,55,78.7,17.6,88,189,3.8,1.43,0.7,0.8,0.2,0.6,88,23,27,11,8.1,3.8,4.3,0.88,0.6,11.1,5.1837,8.64,135,4.8,103,2.5,93.88,166,353,519,31.98,8,182.9,0.6,27.2,31.9,85.27,7.9,4.2,45,9.5,1.04,93,72,93,145
717139,PBCHD07GAM,565829,19/02/2019,07:37,08:14,Yellow,Slightly cloudy,1.022,4.9,Trace,1+,Negative,Negative,Negative,Normal,Negative,TNTC,2,>20,Rare,Nil,NIL,12.2,4.6,55.5,77.5,26,21,12.7,40.2,9489,55,37,5,2,0,2.86,1.2,0.88,0.01,0.09,394,14.2,17,0.37,28.8,7.4,6.56,0.33,0.14,237,53,73.4,34.9,174.5,121,4.5,1.38,0.72,0.7,0.2,0.5,76,44,36,7,7.6,3.9,3.7,1.05,1.8,5.8,2.7086,1.5,122,3.9,84,6.3,113.11,196,337,533,36.77,7.1,157.07,0,28,232.7,12.03,11,3.8,144,2.5,0.28,78,118,85,228
491809,GYAHD12KLM,327188,22/02/2019,11:10,11:41,Orange,Clear,1.016,6.6,Negative,Negative,Negative,Negative,Negative,Normal,Negative,10-12,1,2-4,Nil,Nil,Parasites,9.4,4.1,20.4,73.3,22,46,12.6,44.4,3550,59,27,13,2,0,1.49,2.15,0.16,0.29,0,428,10.7,19,0.29,42.4,6.2,0.34,0.2,4.03,201,28,72.3,29.3,146.5,123,7.2,2.58,0.39,0.6,0,0.6,55,51,20,40,6,3.7,2.3,1.61,1.1,11.7,5.4639,4.97,144,3.5,101,3.2,94.99,78,343,421,18.53,6.1,128.37,0.4,14.3,249.5,5.73,11.5,5.6,59,6.5,1.8,85,73,82,112
481822,GYAHD12JHJ,581395,21/02/2019,11:31,12:38,Deep Amber,Hazy,1.018,6.6,Negative,Trace,Negative,Negative,Negative,Normal,Negative,13-15,1,1-3,Rare,Nil,Amorphous debris,17.7,5.2,45.1,79.7,34,39,14.3,30.3,6841,32,10,1,5,0,1.82,3.39,0.26,0.58,0.08,363,7.3,17,0.17,13,0.1,6.82,0.19,0.09,180,41,105.1,60.3,301.5,149,4.4,2.56,0.39,0.8,0.2,0.6,124,22,38,14,6.1,4.5,1.6,2.81,0.7,5.2,2.4284,3.47,140,2.7,100,4.3,91.48,134,348,482,27.8,8.9,208.73,0.5,15.3,119.3,12.82,8.8,2.1,112,3.4,11.75,91,89,109,224
884220,MZLGI03BRC,244906,21/02/2019,10:39,11:29,Straw,Slightly cloudy,1.011,5.4,Trace,1+,Negative,1+,Negative,Normal,Negative,4-6,1,2-3,Moderate,Nil,NIL,17.2,4.1,58.9,89.9,41,29,12.3,42.9,7084,51,27,2,20,0.4,0.01,3.08,0.5,0.15,0.01,378,11.4,12,0.29,18.9,2.8,1.72,0.9,0.94,222,69,113.7,12.8,64,146,3.2,1.65,0.61,0.8,0.1,0.7,315,14,38,18,7.1,4.6,2.5,1.84,1.2,44.1,20.5947,17.16,135,3.7,98,2.4,111.42,164,110,274,59.85,6.3,134.11,0.5,17,138.9,12.24,11.2,4.2,320,3.5,0.2,118,62,78,281
301823,KLTRS11KLP,180527,19/02/2019,07:49,08:30,Yellow,Slightly cloudy,1.018,4.6,1+,Negative,Negative,Negative,Negative,Normal,Negative,10-12,1,9-14,Rare,Nil,NIL,10.3,4.4,40.6,49.3,23,25,13.1,42.9,9259,45,27,6,6,3,4.88,1.94,0.34,0.03,0.12,176,9.8,10,0.32,37.7,3.8,0.29,0.38,0.95,200,56,89.9,29.7,148.5,110,3.6,1.61,0.62,0.7,0.3,0.4,127,53,12,29,6.9,4.2,2.7,1.56,1.2,16,7.472,6.23,142,2.7,103,4.1,113.55,249,357,606,41.09,6.5,139.85,0.9,24.7,110.1,22.43,10.6,4.5,171,9,3.68,122,61,93,114
972624,MZLGI01BRC,626891,23/02/2019,11:59,12:42,Light Yellow,Slightly cloudy,1.014,4.9,Negative,Negative,Negative,Negative,Negative,Normal,Negative,TNTC,2,3-3,Nil,Nil,NIL,8.2,6,50.4,81.5,13,16,13.8,37.4,7493,78,16,9,5,0.2,0.69,2.81,0.53,0.23,0,334,11.5,17,0.21,15.5,1.8,0.23,0.38,0.32,196,24,145.5,38.4,192,150,8.2,6.06,0.16,0.4,0.1,0.3,59,28,8,22,6,4.2,1.8,2.33,0.9,19.6,9.1532,10.17,123,4.1,105,4.7,106.89,141,199,340,41.47,8.6,200.12,0,803.9,49.8,1614.26,9.2,2.2,219,7.8,1.91,85,109,196,179
355179,GYAHD15ODK,237568,23/02/2019,11:52,13:05,Straw,Slightly cloudy,1.266,5,Negative,Negative,Negative,Negative,Negative,Normal,Negative,11-13,3,1-3,Nil,Rare,NIL,9.5,5.1,35,79.2,18,27,14.4,46.4,5559,45,35,2,6,0,7.86,1.26,0.38,0.46,0.05,247,11.9,13,0.08,20.8,4.8,0.4,0.17,0.36,222,35,99.1,34.6,173,186,6.3,2.83,0.35,0.5,0,0.5,84,56,26,47,6.3,4.8,1.5,3.2,2,9.9,4.6233,2.31,135,2.6,108,4.2,110.9,157,296,453,34.66,7.4,165.68,0.3,24.4,362.8,6.73,8.5,4.5,61,5.6,1.96,164,68,78,181
563047,GYAHD13ODK,195829,22/02/2019,09:21,10:46,Dark Yellow,Clear,1.017,6.2,Negative,Trace,Negative,Negative,Negative,Normal,Negative,8-9,1,>20,Few,Nil,Fungal elements,3.1,5.7,53.7,99.7,5,5,12.2,41.9,9295,80,25,1,5,0,6.4,4.88,0.62,0.68,0,237,10,10,0.31,33.1,3.3,0.33,0.37,0.06,230,40,83.5,50.6,253,143,5.8,2.09,0.48,0.6,0,0.6,117,21,19,27,6.4,4.2,2.2,1.91,0.7,19.7,9.1999,13.14,144,4.1,96,4.5,113.44,61,138,199,30.65,6.3,134.11,0.6,21,42.1,49.88,11.1,3.7,71,8.9,2.35,98,95,108,194
424706,PBCHD15KLC,255465,21/02/2019,08:45,10:13,Straw,Slightly cloudy,1.038,6.7,Negative,Negative,Negative,Negative,Negative,Normal,Positive,14-15,0,7-13,Nil,Nil,Artifacts,13.7,6.8,42.1,88.8,20,32,11.6,39.1,4823,52,20,6,5,0,0.75,1.46,0.48,0.47,0.08,209,7.1,14,0.31,14,3.4,0.02,0.27,0.15,209,48,121.7,25.4,127,132,4.4,2.54,0.39,0.7,0.3,0.4,119,24,27,33,7.5,4.7,2.8,1.68,0.9,9.1,4.2497,4.72,149,2.7,103,3.7,117.33,107,189,296,36.15,5.9,122.63,0.3,11,128,8.59,11.4,1,166,3.4,9.35,114,85,63,77
231622,GYAHD06ODK,729802,19/02/2019,10:14,11:17,Pale Yellow,Hazy,1.016,6.8,1+,Trace,Negative,Negative,Trace,Normal,Negative,9-10,4,16-9,Nil,Nil,NIL,18.8,5.2,55.4,95.7,36,33,13.8,29.6,2619,60,40,4,2,0,0.21,2.53,0.3,0.27,0.07,129,7.4,13,0.08,30,2.1,0.2,4.27,1.06,186,45,134.9,16,80,157,4.1,3,0.33,0.7,0.3,0.4,93,24,13,20,5.8,4.1,1.7,2.41,0.8,16,7.472,9.34,138,4.9,105,4.2,66.86,209,314,523,39.96,8.6,200.12,0.5,50.6,56.6,89.4,13.1,5.4,149,12,2.8,105,66,95,82
448356,GYAHD03KAU,879146,19/02/2019,09:28,10:27,Pale Yellow,Slightly cloudy,1.013,6.6,Negative,Negative,Negative,Negative,Negative,Normal,Negative,1-2,2,3-2,Nil,Rare,NIL,11.6,4.3,52.1,78.2,26,22,13.4,43.3,21813,44,13,7,18,0,2.23,2.44,0.68,0.26,0.01,307,7.6,15,0.33,22.9,0.1,0.18,0,0.24,232,52,70.5,12.6,63,105,4.5,1.36,0.74,0.2,0,0.2,63,17,22,17,7.8,3.6,4.2,0.86,1.2,16.7,7.7989,6.5,140,3.8,111,4,93.26,103,213,316,32.59,5.7,116.89,0.7,24.1,452.1,5.33,8.2,4.5,202,7.4,3.57,118,77,84,149
854196,KLTRS02KLP,511861,21/02/2019,07:17,08:29,Pale Yellow,Hazy,1.016,6.9,Trace,Trace,Negative,Negative,Negative,Normal,Negative,3-4,2,2-4,Nil,Rare,NIL,15.6,4.7,44.6,99.5,33,34,14.1,35.4,5980,42,39,7,1,0,0.94,1.95,0.33,0.18,0.28,348,11.7,14,0.36,17.3,1.5,0.63,3.33,0.23,185,49,46.3,34.6,173,132,3.8,0.94,1.06,0.9,0.3,0.6,108,27,31,16,7.1,4.4,2.7,1.63,2.2,18.6,8.6862,3.95,138,3.8,100,6.2,93.08,62,194,256,24.22,6.3,134.11,0.2,233.5,148.1,157.66,10.1,2.3,70,5.6,2.78,80,94,108,132
802564,GYAHD12KLM,925541,19/02/2019,10:54,12:07,Pale Yellow,Clear,1.011,6.7,Negative,Negative,Negative,Negative,1+,Normal,Negative,2-3,1,12-8,Nil,Rare,NIL,14.2,5.9,40.7,72.4,24,34,13.1,42.4,10504,51,46,9,3,0,7.05,2.71,1.47,0.14,0.03,125,11.2,27,0.13,35.1,0.1,0.73,0,3.18,168,54,44.7,37.1,185.5,96,3.1,0.83,1.21,0.7,0.1,0.6,39,28,25,33,6.6,4.5,2.1,2.14,0.5,12.1,5.6507,11.3,147,4.3,85,3.7,99.21,198,174,372,53.23,8.4,194.38,0.4,829.3,46.6,1779.61,11,3.9,127,12.5,2.16,89,84,90,250
494174,PBCHD07GAM,659454,19/02/2019,11:42,12:24,Yellow,Slightly cloudy,1.018,6.5,Negative,Trace,1+,Negative,Negative,Normal,Negative,1-2,2,3-2,Nil,Nil,NIL,17.5,4.8,55.1,81.3,36,31,13.2,44.8,6647,47,39,1,7,0,6.03,1.83,0.89,0.15,0.13,123,11.5,16,0.25,16.8,1.3,6.43,0.2,0.12,161,50,48.4,10.8,54,75,3.2,0.97,1.03,0.3,0.1,0.2,47,27,39,41,6.7,4.3,2.4,1.79,0.7,7.1,3.3157,4.74,128,4.7,95,5.3,105.42,121,320,441,27.44,8.3,191.51,0.6,12.3,25,49.2,10.1,3.3,66,10,1.35,129,81,76,195
475870,MZLGI13RJK,946809,23/02/2019,06:42,08:08,Straw,Slightly cloudy,1.014,6.9,Trace,Trace,Negative,Negative,Negative,Normal,Negative,3-5,20,1-3,Nil,Nil,Amorphous debris,8.4,5.7,40.3,80,14,20,12.8,40.9,9928,52,31,3,6,0,5.97,1.96,1.18,0.51,0.05,950,11.6,19,0.32,31.9,2.8,5.46,3.09,0.27,550,44,89.6,31.7,158.5,143,12.5,2.04,0.49,0.7,0.2,0.5,45,52,13,14,7.8,4.4,3.4,1.29,1.5,32.2,15.0374,10.02,141,5.6,116,4.1,118.52,157,193,350,44.86,9.3,220.21,0.9,48.5,73.1,66.35,10.1,2.5,173,8.4,7.16,125,94,77,108
778892,PBCHD11NLM,646281,20/02/2019,11:03,12:31,Yellow,Slightly cloudy,1.019,6.3,Negative,Negative,Negative,Negative,Negative,Normal,Negative,10-11,2,2-4,Nil,Nil,Fungal elements,13.6,4.7,47.8,96.7,28,28,12.7,41.5,4427,53,55,1,7,0,3.23,2.99,0.7,0.37,0,124,10.9,11,0.08,14.8,3.1,0.1,0.04,0.04,170,60,65.5,46.4,232,189,2.8,1.09,0.92,0.7,0.3,0.4,103,56,10,23,8,4.4,3.6,1.22,0.6,10,4.67,7.78,149,3.5,111,3.1,115.9,101,181,282,35.82,7.1,157.07,0.9,12.7,64.1,19.81,11.1,3.1,76,5.8,1.15,74,113,97,135
382871,GYAHD08ODK,697690,20/02/2019,08:28,09:12,Yellow,Clear,1.011,4.6,Trace,Trace,Negative,Negative,Negative,Normal,Negative,7-9,2,>20,Nil,Nil,NIL,11.4,5.5,28.1,94.2,20,40,13,42.6,2786,57,53,1,8,0,5.38,1.78,0.54,0.05,0.04,228,8.4,14,0.3,21.3,0.1,0.29,0.3,0.86,178,44,80.7,36.3,181.5,106,4,1.83,0.55,0.3,0,0.3,52,44,11,45,6.7,4.8,1.9,2.53,0.9,11.5,5.3705,5.97,120,6.9,96,2.2,69.06,169,231,400,42.25,8.1,185.77,1,18.2,101.8,17.88,8.1,5.5,181,17.9,2.64,77,193,334,156
607285,KLTRS13NLZ,918951,19/02/2019,11:16,11:59,Pale Yellow,Slightly cloudy,1.018,5.3,Trace,Negative,Negative,Negative,Negative,Normal,Negative,2-3,1,1-3,Rare,Nil,NIL,17.4,6.8,47.8,86.1,25,36,12.8,41.3,6170,34,40,2,17,7.6,9.56,1.76,0.55,0.43,0.17,423,11.1,13,0.33,29.5,1.3,3.07,1.15,0.97,189,80,98.6,5.7,28.5,109,2.4,1.23,0.81,0.5,0.1,0.4,90,14,76,16,8.9,5,3.9,1.28,0.8,25,11.675,14.59,124,4.3,100,9.2,116.73,103,152,255,40.39,6.8,148.46,0.2,25.6,105.7,24.22,7.9,4.7,182,7,0.39,175,79,119,128
363385,MZLGI04RJK,141541,23/02/2019,10:59,11:50,Deep Amber,Clear,1.031,4.6,Trace,Trace,Negative,Trace,1+,Normal,Negative,22-23,2,1-4,Rare,Nil,Yeast cells,13.4,7.9,50.5,95.8,16,26,13.4,36.3,8409,71,53,2,3,0,7.55,2.95,0.34,0.22,0.08,108,8.3,11,0.32,33.3,1,0.35,0.19,0.06,135,51,126.7,38,190,72,2.6,2.48,0.4,0.7,0.3,0.4,50,56,17,10,6.9,3.6,3.3,1.09,1.1,19.9,9.2933,8.45,134,4.3,106,5.4,105.78,164,107,271,60.52,6,125.5,0.5,280.9,191.4,146.76,11.6,2.4,178,11.1,3.4,80,78,105,143
160911,MZLGI15MHP,133142,19/02/2019,08:05,09:33,Red,Slightly cloudy,1.013,5.9,Negative,Negative,Negative,Negative,Negative,Normal,Negative,TNTC,0,1-3,Nil,Nil,Amorphous debris,17.3,5.9,48.1,82.5,29,35,13.7,45.2,8827,35,24,3,10,0,3.01,1.75,0.67,0.35,0.09,280,7.5,30,0.51,20.4,4.9,0.03,0.3,0.35,181,47,83.7,26.8,134,109,3.9,1.78,0.56,0.7,0.2,0.5,116,55,19,32,7.4,4.8,2.6,1.85,0.9,13.5,6.3045,7.01,114,4,112,2.2,93.59,74,309,383,19.32,7.9,180.03,0.8,28.3,25.8,109.69,10.6,3.9,303,15.3,8.53,96,97,87,272
749140,GYAHD09KLM,537544,21/02/2019,06:22,07:24,Green,Clear,1.015,5.3,Negative,Trace,Negative,Negative,Negative,Normal,Negative,56-61,0,15-9,Nil,Rare,NIL,17.4,6.1,51.7,87.7,28,33,12.4,42.5,7538,51,34,17,4,0,4.6,6.47,0.25,0.38,0.04,262,7.9,13,0.36,24.3,1,1.02,1.87,0.31,227,50,37.9,26.5,132.5,140,4.5,0.76,1.32,1,0.3,0.7,106,16,94,32,7.4,3.6,3.8,0.95,0.6,13.2,6.1644,10.27,125,4,95,6,74.84,99,171,270,36.67,6.3,134.11,0.9,16.6,101.5,16.35,10.9,3,175,10.6,1.91,108,109,116,111
993038,KLTRS02MLT,262725,19/02/2019,08:50,09:31,Light Yellow,Slightly cloudy,1.029,7.4,Negative,Negative,Negative,1+,Negative,Normal,Negative,13-14,11,3-4,Rare,Nil,Fat droplets or lipiduria,1.7,4.5,46.4,72.3,3,3,16.8,41.1,7898,31,27,8,4,0,9.32,2.33,0.66,0.09,0.06,193,7.1,14,0.38,13.7,7,0.05,0.36,0.09,200,22,54.1,7.7,38.5,80,9.1,2.46,0.41,0.8,0.3,0.5,58,14,16,34,8.1,4.5,3.6,1.25,0.6,6.8,3.1756,5.29,123,3.5,98,1.7,106.69,99,294,393,25.19,5.6,114.02,0.5,11.1,111.9,9.92,7.5,3.1,251,10,2.11,98,114,76,96
907240,GYAHD07JHJ,418588,22/02/2019,07:09,08:30,Green,Slightly cloudy,1.012,7,Trace,Negative,1+,Negative,Negative,Normal,Negative,3-4,2,1-4,Rare,Nil,NIL,12.4,4.9,37.5,85.5,25,33,10.2,45.2,10414,58,43,4,5,0,9.1,1.83,0.6,0.22,0,329,9.4,23,0.26,13.7,2.9,0.35,0.24,0.56,189,55,85,31.8,159,76,3.4,1.55,0.65,0.3,0.1,0.2,124,32,15,33,6.1,4.8,1.3,3.69,0.9,8.4,3.9228,4.36,134,2.8,99,5.7,93.48,164,269,433,37.88,6.6,142.72,0.7,11.2,37,30.27,7.9,3.7,164,9.3,5.17,120,131,110,118
926092,GYAHD01JHJ,667995,20/02/2019,06:11,07:05,Pale Yellow,Clear,1.028,6.5,Negative,Trace,Negative,Negative,Negative,Normal,Negative,14-15,2,3-4,Nil,Nil,NIL,16.3,2.1,32.3,95.2,77,50,14,45.2,4090,58,21,3,6,3,6.64,4.23,0.98,0,0.03,432,11.6,15,0.31,28.9,0.2,0.21,4.94,0.08,182,66,93.1,36.9,184.5,80,2.8,1.41,0.71,0.2,0,0.2,63,26,18,37,7,4.4,2.6,1.69,1,11.6,5.4172,5.42,139,4.2,102,5.7,61.52,97,140,237,40.93,7.5,168.55,0,16.8,115.5,14.55,7.8,3.2,181,7.4,0.47,184,105,93,144
953137,KLTRS13NLZ,426067,21/02/2019,10:43,12:07,Light Yellow,Slightly cloudy,1.012,6.6,Trace,Negative,Negative,Negative,Negative,Normal,Negative,81-85,0,1-2,Nil,Nil,NIL,8.1,4.6,54.6,46.9,17,14,12.1,44.5,6046,45,36,1,5,0,1.58,2.16,0.57,0.36,0,353,7,17,0.26,28.8,6,0.27,0.07,0.33,220,29,104.2,38,190,164,7.6,3.59,0.28,0.8,0.1,0.7,81,19,35,43,6.2,3.7,2.5,1.48,0.6,31.8,14.8506,24.75,135,3.6,100,6.3,102.49,106,257,363,29.2,6,125.5,0.9,267.8,175.1,152.94,11,3.8,123,12.4,1.93,123,119,92,72
610362,PBCHD05PBP,280128,19/02/2019,07:43,08:29,Pale Yellow,Clear,1.014,5,Negative,Negative,Negative,Negative,Negative,Normal,Negative,13-14,2,3-4,Nil,Rare,Yeast cells,14,5,49.2,94.9,28,28,14.3,43.2,9263,40,36,1,7,0,0.25,1.99,0.32,0.39,0,170,11.4,17,0.33,28.9,4,0.38,0.33,1.96,190,51,74.6,86,430,190,3.7,1.46,0.68,0.8,0.1,0.7,86,38,30,30,7.2,3.5,3.7,0.95,1.2,12.5,5.8375,4.86,137,2.8,106,5.3,117.7,82,312,394,20.81,7.4,165.68,0.5,10.5,106.3,9.88,10.2,3.6,108,23,9.31,108,79,70,130
595894,MZLGI08APK,297457,20/02/2019,10:09,11:17,Pale Yellow,Clear,1.015,5.2,Negative,Negative,Negative,Negative,Negative,Normal,Negative,11-13,2,1-3,Nil,Nil,NIL,13.6,4.4,23.3,74.8,30,58,13.3,40.1,5351,44,22,5,2,0,0.88,1.24,0.74,0.3,0.01,292,7.2,15,0.2,29.5,2.2,0.16,6.06,0.93,117,26,26.8,109.7,548.5,70,4.5,1.03,0.97,0.5,0,0.5,58,21,28,24,7.4,3.6,3.8,0.95,0.8,13.7,6.3979,8,145,3.6,96,2.1,95.43,174,162,336,51.79,10.5,254.65,0.8,18.2,56.7,32.1,8.9,6.9,132,2.9,1.2,101,96,87,92
525439,KLTRS08NLZ,352291,20/02/2019,10:27,11:03,Yellow,Hazy,1.01,4.6,Trace,1+,Negative,Negative,Negative,Normal,Negative,TNTC,1,2-4,Nil,Nil,Parasites,11.7,2.4,40.7,98.8,48,28,12.9,41.6,5122,68,36,2,5,2.5,1.47,6.2,0.27,0,0.03,591,11.6,14,0.05,26.9,3.7,0.86,0.08,0.2,154,28,155.9,29.5,147.5,215,5.5,5.57,0.18,0.7,0.3,0.4,113,22,16,10,6.6,4.8,1.8,2.67,1.1,62.7,29.2809,26.62,140,4.9,115,3.6,113.43,36,344,380,9.47,5.2,102.54,0.1,12.9,345.6,3.73,8.7,3.3,188,3.7,0.44,142,72,80,131
281607,KLTRS08TSS,501392,23/02/2019,11:39,12:21,Light Yellow,Slightly cloudy,1.025,6.7,2+,Negative,Negative,Negative,Negative,Normal,Negative,4-5,1,3-2,Rare,Rare,NIL,18.4,7,27.5,81.6,26,66,11.6,42,7080,60,24,1,5,0.6,0.69,1.94,0.48,0.18,0.08,1071,10.1,13,0.28,17.5,3.5,0.29,0.12,3.56,170,66,89.6,51.6,258,88,2.6,1.36,0.74,0.5,0.2,0.3,106,24,23,14,6.8,3.6,3.2,1.13,2,9.9,4.6233,2.31,142,3.6,99,4.5,117.72,121,254,375,32.27,9.7,231.69,0.6,13,84.5,15.38,10.5,2.1,226,10.2,3.87,105,98,102,208
997382,PBCHD07NLM,179332,21/02/2019,09:37,10:19,Pale Yellow,Slightly cloudy,1.028,6.6,Trace,Negative,Negative,Negative,Negative,Normal,Negative,10-12,1,3-3,Nil,Nil,NIL,17,5.9,22,77.3,28,77,12.8,43.6,7032,56,52,5,5,0.7,11.9,2.15,0.87,0.34,0.16,394,7.9,11,0.26,34.2,4.4,0.12,0.34,0.35,159,57,72.7,33.2,166,78,2.8,1.28,0.78,0.5,0.2,0.3,108,31,30,39,6.7,3.7,3,1.23,0.6,5.2,2.4284,4.05,149,5.5,105,3.7,106.54,71,272,343,20.7,10.1,243.17,1,23.1,105.4,21.92,10.5,5.4,293,15.2,2.38,253,129,78,199
353969,KLTRS06KLP,725125,23/02/2019,08:05,08:55,Straw,Hazy,1.013,6.8,Negative,Trace,Negative,Negative,Negative,Normal,Negative,86-91,0,2-4,Nil,Nil,Artifacts,9.7,4.9,52.9,72.9,19,18,11.7,45.1,8470,72,20,6,8,0,0.79,0.6,0.65,0.49,0.09,128,7.4,15,0.25,14.4,2.9,3.09,0.19,3.06,188,39,89.8,7.4,37,154,4.8,2.3,0.43,0.7,0.1,0.6,115,48,39,47,6,4.3,1.7,2.53,0.6,15.4,7.1918,11.99,131,5.7,107,5.9,111.91,82,154,236,34.75,6.4,136.98,0.3,13.2,109.3,12.08,9,4,210,4.1,8.75,91,64,202,71
848355,MZLGI10BRC,465594,21/02/2019,10:46,12:12,Yellow,Clear,1.03,9.1,Negative,Trace,Negative,Negative,Negative,Normal,Negative,13-14,0,3-3,Nil,Rare,NIL,6.1,3.5,46.2,93.2,17,13,11.8,27,9272,41,37,3,17,0,3.87,2.35,1.14,0.15,0.01,252,16.4,17,0.54,28.3,3.2,3.96,0.26,0.03,152,41,80.5,11.5,57.5,161,3.7,1.96,0.51,1,0.3,0.7,91,40,26,46,6.2,3.6,2.6,1.38,2.4,38.1,17.7927,7.41,148,2.6,106,3.8,108.76,105,129,234,44.87,6.3,134.11,0.4,14.1,105.2,13.4,12.1,3.3,122,6.3,3.94,88,61,90,181
711666,KLTRS04KLP,656836,23/02/2019,06:16,07:41,Yellow,Slightly cloudy,1.017,4.3,Trace,Negative,Negative,Negative,Negative,Normal,Negative,14-15,2,11-11,Nil,Nil,NIL,14.4,4.1,40.3,88.1,35,35,14.4,39.4,5585,51,37,5,11,0,4.59,1.63,0.68,0.15,0.01,129,9.1,9,0.37,22.5,1,0.62,0.34,1.05,141,45,59.5,11.9,59.5,136,3.1,1.32,0.76,0.6,0.1,0.5,112,53,40,24,6.9,4.7,2.2,2.14,0.9,7.3,3.4091,3.79,135,2.7,91,5.9,113.51,171,299,470,36.38,6.1,128.37,0.3,24.2,97.2,24.9,9.2,4.1,281,19.7,2.19,86,167,116,116
787843,GYAHD08KLM,894055,23/02/2019,07:20,08:02,Light Yellow,Slightly cloudy,1.018,4.6,Trace,2+,Negative,Negative,Trace,Normal,Negative,8-9,0,6-10,Nil,Rare,Fat droplets or lipiduria,17.5,4.6,18.2,97.4,38,96,12.6,40.2,10788,49,30,4,6,2.5,6.17,3.44,0.78,0.27,0.06,221,9.2,16,0.5,12.7,1.8,0.55,0.38,0.79,195,47,41.2,33.8,169,157,4.1,0.88,1.14,0.9,0.3,0.6,98,42,35,38,7.9,4.8,3.1,1.55,0.6,7.9,3.6893,6.15,139,3.8,106,4.9,119.59,158,352,510,30.98,9.8,234.56,0.8,20.3,75.9,26.75,13,3,194,9.2,5.58,99,82,70,126
588811,MZLGI04GJS,787145,19/02/2019,09:08,10:03,Pale Yellow,Slightly cloudy,1.013,4.6,1+,Negative,Negative,Negative,Negative,Normal,Negative,9-11,1,1-2,Rare,Nil,NIL,19,6,33.6,95.4,31,56,13,39.5,7790,51,22,4,19,0,3.67,2.15,0.61,0.22,0.02,750,8.7,8,0.27,30.1,6.7,0.09,0.04,0.09,218,34,91.2,18.2,91,126,6.4,2.68,0.37,0.9,0.2,0.7,215,38,17,45,7.7,5,2.7,1.85,1.2,19.5,9.1065,7.59,136,3,106,2.2,104.38,83,288,371,22.37,5.8,119.76,0.9,12.5,111.9,11.17,10.7,3.4,100,10,3.24,122,84,90,124
347540,PBCHD14NLM,461186,21/02/2019,08:25,08:59,Straw,Clear,1.023,4.8,3+,2+,Negative,Negative,Negative,Normal,Negative,4-5,3,8-16,Nil,Nil,NIL,11,4.9,45.7,47.9,22,24,13.8,44.5,9458,63,40,15,12,0,3.11,2.78,0.93,0.24,0.03,312,7.3,12,0.29,37.5,1.1,0.05,0.16,0.07,195,41,42.3,14.3,71.5,118,4.8,1.03,0.97,0.6,0.1,0.5,83,48,12,38,8.3,4.8,3.5,1.37,0.9,18.3,8.5461,9.5,140,5.6,101,1.9,103.62,94,197,291,32.3,5.8,119.76,0.3,27.8,61.5,45.2,8,4.3,239,6,2.21,72,123,71,91
853310,GYAHD08KLM,351291,23/02/2019,06:55,07:57,Dark Yellow,Clear,1.019,6.8,Negative,Negative,Negative,Negative,Negative,Normal,Negative,7-9,0,3-2,Nil,Nil,Fungal elements,10.3,4.9,61.7,78.8,21,16,14.2,45.8,10249,66,20,1,6,0,5.02,2.88,0.4,0.19,0.03,324,7,12,0.21,12.9,4.6,0.11,0.33,0.36,178,48,70.7,10.8,54,79,3.7,1.47,0.68,0.3,0.1,0.2,90,35,13,46,7.1,3.9,3.2,1.22,1.1,9.8,4.5766,4.16,129,2.6,100,5.7,105.32,156,223,379,41.16,8.2,188.64,0.7,27.9,137.4,20.31,10.2,3.1,158,8.6,3.18,112,85,90,166
351378,KLTRS09TSS,386896,19/02/2019,07:17,07:55,Straw,Clear,1.027,6.2,1+,Negative,Negative,Negative,Negative,Normal,Negative,4-6,2,5-19,Moderate,Nil,Yeast cells,13.5,5.1,50.6,90,26,26,12.6,41.4,54865,55,26,5,5,0.4,7.25,0.78,0.27,0.69,0.07,235,8.9,15,0.05,16.3,3.4,0.18,0.22,0.13,192,36,86.2,38,190,122,5.3,2.39,0.42,1,0.3,0.7,126,55,24,38,6.1,3.6,2.5,1.44,0.6,19.1,8.9197,14.87,128,3,114,5.2,99.63,85,344,429,19.81,6.3,134.11,0.8,12.2,89.8,13.59,8.9,3.4,71,12.2,3.27,91,99,71,63
101660,KLTRS05ODB,833239,21/02/2019,09:13,09:48,Straw,Slightly cloudy,1.017,6.7,Trace,1+,Negative,Negative,Negative,Normal,Negative,TNTC,2,2-4,Nil,Nil,NIL,8.5,8,48.5,52.3,10,17,13.3,44.5,9071,74,33,23,2,0,7.6,2.9,0.71,0.19,0.01,61,11.5,11,0.18,26.5,4.8,0.32,0.02,0.26,194,67,118.6,38.9,194.5,126,2.9,1.77,0.56,0.5,0.1,0.4,101,9,33,42,6.6,4.2,2.4,1.75,1.2,12.7,5.9309,4.94,142,4.1,95,6.3,98.22,115,349,464,24.78,7,154.2,0.1,10.6,109.7,9.66,10,3.3,151,12.8,4.39,92,112,110,135
431700,MZLGI15GJS,321528,23/02/2019,11:52,12:28,Pale Yellow,Slightly cloudy,1.012,5,Trace,1+,Negative,Trace,Negative,Normal,Negative,TNTC,1,2-3,Nil,Nil,NIL,8.2,4.3,25.4,73,19,32,13.5,43.6,9937,52,40,5,7,0,0.56,4.05,0.64,0.39,0.04,141,5.3,13,0.45,14.4,3.7,0.15,0.19,0.4,209,53,141.3,37.8,189,64,3.9,2.67,0.38,0.3,0.1,0.2,77,49,35,28,7.4,3.9,3.5,1.11,1.1,10.3,4.8101,4.37,145,4.5,106,5.5,115.03,72,305,377,19.1,6,125.5,0.9,15.5,49.4,31.38,8.7,4.5,143,6.1,2.87,92,178,85,164
965266,PBCHD09GAM,677951,20/02/2019,08:39,09:18,Light Yellow,Hazy,1.02,4.7,Trace,Negative,Negative,Negative,Negative,Normal,Negative,2-3,5,2-3,Nil,Nil,NIL,19.7,5.9,26.3,87.5,33,74,14.1,44.1,9540,43,25,6,3,0,2.06,3.93,0.91,0.19,0,159,9.5,15,0.2,33.7,2.6,0.08,0.33,2.38,217,52,70.9,36.5,182.5,100,4.2,1.36,0.73,0.3,0.1,0.2,50,42,11,18,8.3,4.2,4.1,1.02,0.9,13.3,6.2111,6.9,147,4.9,106,5.6,95.47,157,204,361,43.49,7.9,180.03,0.9,11.6,64.2,18.07,11,2.8,161,11.6,5.89,119,86,95,91
273576,GYAHD12JHJ,596003,22/02/2019,09:36,10:06,Light Yellow,Hazy,1.018,5.4,Negative,Negative,Negative,Negative,Negative,Normal,Negative,12-14,2,15-14,Nil,Nil,NIL,16.6,5.8,43.1,72.7,28,38,11.7,41.4,5928,45,48,1,3,0,0.8,1.47,0.51,0.04,0.17,155,7.3,15,0.37,31.5,2.3,0.37,0.44,0.29,123,47,98.3,24.1,120.5,146,2.6,2.09,0.48,0.8,0.3,0.5,107,33,20,30,6.6,4.4,2.2,2,0.6,12.1,5.6507,9.42,156,2.7,105,8.2,98.22,198,296,494,40.08,6.6,142.72,0.8,16.4,31.8,51.57,10.4,2.1,295,21.7,0.37,143,98,98,61
966121,GYAHD07KAU,846767,21/02/2019,07:40,08:13,Orange,Clear,1.028,6.8,Negative,Trace,Negative,Negative,Negative,Normal,Negative,14-15,2,3-4,Nil,Nil,Mucus threads,11.6,5,55.2,122.8,23,21,14.3,42,5501,43,46,6,4,8,4.91,2.59,0.36,0.15,0.37,279,7.7,16,0.19,21,0.4,0.25,0.22,0.67,153,58,78.4,63.1,315.5,130,2.6,1.35,0.74,0.3,0,0.3,48,23,30,15,7.8,4.1,3.7,1.11,0.7,17.7,8.2659,11.81,137,1.5,92,4.8,101.1,68,244,312,21.79,14.1,357.97,2.4,26.8,46.3,57.88,11.1,3,117,17.6,0.54,108,80,107,241
574878,KLTRS12MLT,462312,19/02/2019,08:31,09:04,Light Yellow,Clear,1.012,5.6,Trace,Trace,Negative,Negative,Negative,Normal,Negative,13-14,0,1-3,Nil,Nil,NIL,16.2,5.5,47.4,99.7,29,34,13.8,44,5717,47,32,4,2,0,12.79,1.08,0.33,0.89,0.01,42,7.4,11,0.56,21.8,6.2,0.6,0.11,0.01,107,64,93,17.3,86.5,129,1.7,1.45,0.69,0.9,0.3,0.6,104,112,8,44,7.4,4.9,2.5,1.96,0.9,13,6.071,6.75,120,4.6,97,3.8,101.2,61,141,202,30.2,7.2,159.94,0.2,24.2,97.4,24.85,11.9,2,147,8.9,1.43,97,90,130,266
641423,KLTRS07ODB,415759,20/02/2019,11:12,12:25,Pale Yellow,Clear,1.014,6.5,Negative,Trace,Negative,Negative,Negative,Normal,Negative,10-12,0,1-3,Nil,Nil,NIL,16.5,4.6,39.6,85.5,35,41,12.7,45,7213,76,22,3,4,0,5.35,1.62,0.23,0.41,0.09,127,6.3,17,0.22,49.9,4.2,0.21,0.2,0.15,181,25,80.8,6.2,31,167,7.2,3.23,0.31,0.5,0,0.5,227,30,15,55,8.1,3.8,4.3,0.88,0.8,14.6,6.8182,8.52,143,4.3,106,4.5,93.21,106,310,416,25.48,5.8,119.76,0.2,28.2,75.9,37.15,7.9,4.1,117,4.5,0.42,87,92,104,158
775235,GYAHD03ODK,716575,22/02/2019,09:42,11:03,Pale Yellow,Slightly cloudy,1.011,6.5,1+,Negative,Negative,Negative,Negative,Normal,Negative,8-10,1,2-3,Nil,Nil,Fat droplets or lipiduria,18.6,4.3,48.6,81.5,43,38,12.5,37.2,4159,37,28,2,3,0,3.59,2.48,0.12,0.2,0.01,569,9.3,8,0.21,24.2,1.2,0.06,0.35,1.14,762,46,91.7,11.1,55.5,109,16.6,1.99,0.5,0.7,0,0.7,68,7,30,79,5.3,4.7,0.6,7.83,1,19.6,9.1532,9.15,105,2.6,108,8.8,51.45,66,101,167,39.52,12.8,320.66,0.7,24.7,139.5,17.71,10,2.6,91,7.4,0.82,101,79,99,263
930315,PBCHD11HPP,533923,23/02/2019,08:18,09:32,Pale Yellow,Cloudy,1.015,4.7,Trace,1+,Negative,Negative,Negative,Normal,Negative,10-11,2,1-3,Rare,Moderate,NIL,11.1,5.8,64.1,99.1,19,17,13.4,39.2,8948,33,33,5,8,0.5,2.47,0.81,1.07,0.09,0.2,334,9.1,11,0.05,27.8,3,0.32,0.3,0.19,205,51,78.1,5.6,28,172,4,1.53,0.65,0.7,0.3,0.4,127,43,36,44,7.4,4.3,3.1,1.39,1.1,17.1,7.9857,7.26,134,6.2,83,1.6,112.16,90,291,381,23.62,8.4,194.38,0,109.1,71.9,151.74,10.5,5.1,160,19.8,2.67,95,117,90,78
855950,MZLGI05BRC,767110,21/02/2019,11:10,12:00,Green,Slightly cloudy,1.029,6.5,Trace,1+,Negative,Negative,Negative,3+,Negative,TNTC,1,1-4,Few,Nil,NIL,13.2,5.8,42.7,71.2,22,30,13.4,40.1,10465,48,31,4,5,0,8.08,2.31,0.63,0.45,0.04,216,7.9,16,0.21,12.2,7.3,1.52,0.08,0.45,169,57,73.5,51.3,256.5,94,3,1.29,0.78,1.2,0,1.2,54,18,32,38,7.7,3.7,4,0.93,0.6,34.4,16.0648,26.77,137,3.2,100,2.6,116.72,114,193,307,37.13,11.8,291.96,0.1,23.6,132.9,17.76,9.1,2.2,117,19.6,5.88,115,117,74,180
175339,KLTRS02TSS,571019,20/02/2019,07:34,08:35,Straw,Clear,1.011,4.7,Trace,Negative,Negative,Trace,Negative,Normal,Negative,12-14,5,2-4,Nil,Nil,NIL,19.2,5.4,24,81.9,35,80,12.3,43.4,9361,47,19,3,7,0,5.98,0.96,0.77,0.62,0.05,420,7.2,15,0.51,18.4,2.9,0.22,0.08,0.29,156,79,108.5,19.7,98.5,211,2,1.37,0.73,1.2,0.3,0.9,97,49,19,42,8.6,4.5,4.1,1.1,1,10.1,4.7167,4.72,126,4.7,106,6.3,105.72,222,137,359,61.84,5.9,122.63,9,14.7,62.4,23.56,9,3.4,86,4.6,2.33,137,96,107,229
270902,PBCHD05HPP,879582,22/02/2019,06:13,07:17,Light Yellow,Slightly cloudy,1.013,5.3,1+,2+,Negative,Negative,Negative,Normal,Negative,6-8,1,13-13,Moderate,Nil,NIL,11.2,4.7,22.9,72.8,23,48,11.7,42.1,7526,40,30,5,4,0,0.47,0.77,0.47,0.39,0.02,203,11.6,17,0.23,28.9,2.3,0.18,0.37,0.45,171,46,184.6,24.6,123,169,3.7,4.01,0.25,0.7,0.1,0.6,72,7,31,24,6.8,4.7,2.1,2.24,1.1,13.5,6.3045,5.73,138,4,104,3.6,119.17,75,95,170,44.12,5.8,119.76,0.8,28.8,128.6,22.4,11.9,5,112,10.7,1.68,123,62,119,107
516598,PBCHD09RJU,398563,23/02/2019,10:50,11:49,Orange,Clear,1.018,5,Negative,Negative,Negative,Negative,Negative,Normal,Negative,5-6,2,2-3,Nil,Nil,Amorphous debris,13.9,5.1,36.5,79.3,27,38,13.8,43.2,53878,51,20,1,7,0,1.5,2.33,0.28,0.2,0.36,127,7.1,11,0.5,29.8,3.6,0.23,0.02,0.98,162,25,27.6,38.4,192,95,6.5,1.1,0.91,0.6,0.2,0.4,56,51,31,42,6.5,4,2.5,1.6,0.9,16.5,7.7055,8.56,124,4.9,105,3.5,113.46,72,258,330,21.82,5.9,122.63,0.1,21.8,277.7,7.85,7,5.5,182,12.5,2.48,83,219,124,290
232141,GYAHD13KLM,923883,22/02/2019,11:06,12:28,Straw,Slightly cloudy,1.017,4.8,Trace,Negative,Negative,Negative,Negative,Normal,Negative,13-15,1,15-12,Nil,Nil,Fat droplets or lipiduria,13.2,4.4,11.4,49.3,30,115,11.9,45.3,5375,35,29,5,7,0,22.15,1.29,0.24,0.06,0.04,298,10,11,0.2,12.8,0.1,0.11,0.39,0.81,190,26,154.3,13.1,65.5,82,7.3,5.93,0.17,1,0.3,0.7,114,47,25,15,6.3,4.9,1.4,3.5,1,19.5,9.1065,9.11,133,5.4,98,3.4,106.2,124,95,219,56.62,7.9,180.03,0.5,18.3,130,14.08,10,6.9,45,9.6,5.27,76,111,93,80
977945,GYAHD05ODK,688372,21/02/2019,10:08,11:05,Pale Yellow,Slightly cloudy,1.026,4.9,1+,Trace,Negative,Negative,Negative,Normal,Negative,8-9,1,3-3,Nil,Nil,NIL,7.7,5.7,43.5,42.5,13,17,13,41.6,6684,55,21,8,4,1,8.02,2.97,0.8,0.29,0.06,102,9,16,0.35,24.4,3.8,0.03,0.32,0.31,199,50,95.9,50.3,251.5,193,4,1.92,0.52,6.1,3,3.1,72,28,36,16,7.1,4.8,2.3,2.09,0.5,8.5,3.9695,7.94,135,4.3,97,5.9,109.31,102,197,299,34.11,5.7,116.89,0.3,13.2,74,17.84,7.5,3.6,44,10.3,6.93,99,93,118,171
713299,MZLGI01RJK,227120,20/02/2019,08:19,09:34,Straw,Clear,1.015,9,Trace,Trace,Negative,Trace,Negative,Normal,Positive,TNTC,0,1-2,Nil,Nil,Amorphous debris,19.7,4.5,40.7,73.6,43,48,13.7,45.8,10765,40,20,10,6,0,7.12,4.05,0.96,0.15,0.16,303,10.6,13,0.33,33.8,3.9,0.13,0.28,0.12,174,72,71.8,27.9,139.5,90,2.4,1,1,0.8,0.1,0.7,47,41,21,31,6.5,4.3,2.2,1.95,0.7,17.7,8.2659,11.81,141,3,95,3.4,91.14,115,221,336,34.23,7.3,162.81,0.4,15.6,85.2,18.31,9.8,2.6,136,13.6,3.24,88,90,315,101
661839,GYAHD04ODK,588899,23/02/2019,06:38,08:07,Pale Yellow,Clear,1.029,5.3,Trace,Trace,Negative,Negative,Negative,Normal,Negative,10-11,1,2-4,Nil,Rare,Fat droplets or lipiduria,16,4.7,34.5,97.9,34,46,12.7,44.6,5115,59,21,7,7,0,0.9,2.72,0.62,0.15,0.02,348,14.6,12,0.3,25.5,3.6,3.02,0.05,0.31,204,75,134.9,9.7,48.5,134,2.7,1.8,0.56,0.8,0.3,0.5,51,38,40,60,7,4.3,2.7,1.59,1.2,12.8,5.9776,4.98,140,4.9,99,3,56.78,168,128,296,56.76,6.8,148.46,0.6,18.8,247.1,7.61,8.7,4.5,120,4.9,3.82,108,83,297,149
959785,MZLGI02MHP,978191,20/02/2019,06:25,07:51,Yellow,Slightly cloudy,1.011,6.8,2+,Trace,Negative,Negative,Negative,Normal,Negative,9-10,1,3-2,Nil,Nil,Artifacts,6.7,5.7,57.7,75.7,11,11,12.6,40.6,12438,57,38,18,4,0,6.97,1.82,0.49,0.13,0.09,119,7.2,20,0.36,17.4,4.5,0.17,0.56,0.05,122,42,104.5,45.6,228,63,2.9,2.49,0.4,0.6,0,0.6,75,27,31,18,6.6,4.7,1.9,2.47,0.8,14.2,6.6314,8.29,135,4.5,105,2.6,111.59,121,255,376,32.18,6.4,136.98,0.6,10.5,146.7,7.16,10.9,3.4,227,15.9,3.02,90,88,89,101
155635,GYAHD03KAU,853768,22/02/2019,06:41,08:10,Pale Yellow,Clear,1.028,5.9,Negative,Negative,Negative,Negative,Negative,Normal,Negative,11-13,0,3-4,Nil,Nil,NIL,16.9,5.4,34,79.4,31,49,13.5,42.8,10374,33,10,6,5,0,2.56,2.55,1.26,0.74,0.08,448,7.2,14,0.17,25.6,2.8,0.31,0.76,0.12,190,37,76.7,13,65,80,5.1,2.07,0.48,0.4,0.1,0.3,126,53,21,16,8.2,4.9,3.3,1.48,0.7,8.8,4.1096,5.87,145,2.5,96,3.9,91.47,140,119,259,54.05,6.4,136.98,0.8,17.5,481.6,3.63,10.2,3.1,255,7.6,0.78,76,78,81,188
534206,MZLGI05GJS,862630,21/02/2019,06:36,07:48,Pink,Clear,1.014,6.9,Trace,Trace,Negative,Negative,Negative,Normal,Negative,10-12,0,3-2,Nil,Rare,NIL,14.6,4.4,55.2,57.5,33,26,10,39.7,4959,58,37,1,7,0,6.82,4.54,0.8,0.12,0.04,318,16.8,17,0.3,17,4.8,0.26,0.24,0.06,186,42,93.5,26.6,133,189,4.4,2.23,0.45,0.5,0.2,0.3,47,9,10,35,7.6,3.7,3.9,0.95,1,16.9,7.8923,7.89,122,1.6,103,7.5,101.86,189,320,509,37.13,8,182.9,0.4,423.9,31.9,1328.84,9.4,4.4,113,6.6,1.43,118,93,68,115
325269,KLTRS10KLP,327819,20/02/2019,08:19,09:34,Straw,Clear,1.011,6.7,Trace,Negative,Negative,Negative,Negative,Normal,Negative,88-92,0,2-2,Nil,Rare,Artifacts,11.8,7,26.9,95.1,16,43,13.5,35.2,2577,42,36,3,8,0,6.99,5.02,0.86,0.51,0.01,84,9.1,16,0.1,48,0.1,0.34,0.14,0.28,238,28,82.6,28.5,142.5,72,8.5,2.95,0.34,0.3,0.1,0.2,121,38,28,25,5.4,4.3,1.1,3.91,0.9,10.5,4.9035,5.45,139,4.2,95,3.6,112.02,162,349,511,31.7,6.3,134.11,0.3,11.9,70.1,16.98,10.1,5.2,350,8.6,0.7,113,105,97,238
292730,PBCHD12SKM,284897,23/02/2019,11:55,12:51,Pale Yellow,Slightly cloudy,1.024,5.8,3+,Negative,Negative,Negative,Negative,Normal,Negative,TNTC,0,2-2,Rare,Nil,Fungal elements,7,5.7,24,79.2,12,29,12.7,43.9,6870,44,22,3,4,0,0.72,1.32,0.38,0.23,0.01,121,11,17,0.41,30.5,1.4,0.25,0.7,0.34,186,49,85,34.6,173,168,3.8,1.73,0.58,0.5,0.2,0.3,41,18,37,37,8.1,4.2,3.9,1.08,0.8,79.3,37.0331,46.29,138,4.1,107,3.9,94.83,150,316,466,32.19,7.1,157.07,0.9,13.1,165.8,7.9,8.8,2.9,185,9.1,0.09,70,65,87,66
399332,MZLGI13BRC,458919,23/02/2019,08:30,09:59,Light Yellow,Slightly cloudy,1.005,6.7,Negative,Negative,Negative,Negative,Negative,Normal,Negative,8-9,2,2-2,Few,Nil,NIL,11.5,5.6,56.3,79.8,20,20,14.4,45.6,9154,33,23,5,2,0,5.22,1.48,0.71,0.03,0.02,438,7.8,11,0.3,41.2,3.5,0.04,0.3,4,151,36,90.9,12.2,61,214,4.2,2.53,0.4,0.8,0.1,0.7,114,22,12,46,8.1,3.8,4.3,0.88,1.2,18.5,8.6395,7.2,135,4.6,103,6.5,92.36,90,129,219,41.1,5.8,119.76,0.5,13.2,115.6,11.42,8,2.6,107,7.9,1.43,99,110,66,106
595935,KLTRS06NLZ,654942,22/02/2019,07:20,08:16,Light Yellow,Clear,1.02,6,Trace,Negative,Trace,Negative,Negative,Normal,Negative,8-10,2,11-16,Moderate,Nil,NIL,13.2,4.5,18.3,80.5,29,72,11.6,39,10484,31,40,3,4,0.7,1.12,4.06,1.18,0.06,0.06,437,7.6,13,0.35,14.9,1.8,0.07,0.58,0.16,208,51,79.4,15.5,77.5,90,4.1,1.56,0.64,0.5,0.1,0.4,122,44,18,46,7.8,3.9,3.9,1,0.7,9,4.203,6,125,4,106,2.7,90.43,157,193,350,44.86,8.8,205.86,0.9,250.8,166.5,150.63,8.7,3.5,143,19.9,10.8,101,86,106,161
138690,KLTRS07TSS,435979,22/02/2019,06:54,07:54,Deep Amber,Cloudy,1.019,6.5,Negative,Trace,Negative,Negative,Negative,Normal,Negative,9-11,0,3-3,Nil,Few,NIL,14.8,3.8,63.6,67.7,38,23,12,41.5,9229,47,39,4,6,10.2,18.41,1.46,0.63,0.05,0.02,294,11.8,12,0.36,12.1,3.1,0.17,0.17,0.33,176,54,71.9,19.6,98,87,3.3,1.33,0.75,0.7,0.1,0.6,120,26,34,26,7.2,4.3,2.9,1.48,0.7,14.1,6.5847,9.41,139,3.9,95,9.7,94.69,211,168,379,55.67,12.9,323.53,0.2,13,99.7,13.04,8.2,2.8,105,8.3,2.64,70,140,126,170
610520,GYAHD14JHJ,931966,23/02/2019,08:46,10:08,Light Yellow,Hazy,1.02,5.3,Negative,Negative,Negative,Negative,Negative,Normal,Negative,80-84,1,1-2,Nil,Nil,NIL,20.1,4.8,22.6,60.8,41,88,12.2,44,9468,16,40,6,19,0,2.39,2.66,0.51,0.48,0.04,401,8,11,0.23,21.5,1.4,0.12,0.1,0.14,210,47,86.6,23.6,118,214,4.5,1.84,0.54,10.2,5.7,4.5,72,11,25,30,8.1,3.9,4.2,0.93,0.7,12.7,5.9309,8.47,122,5.5,97,2.2,47.91,118,257,375,31.47,6.2,131.24,3.4,20.5,106.2,19.3,9.1,2.9,49,12,0.7,71,99,94,120
951820,MZLGI14APK,527430,23/02/2019,06:15,07:19,Dark Yellow,Clear,1.027,6.8,Negative,Trace,1+,Negative,Negative,Normal,Negative,7-9,0,2-2,Few,Nil,NIL,17.8,6.8,30.1,78.2,26,59,13.8,44.4,43948,39,32,6,6,0,0.69,1.77,0.36,0.05,0.05,917,11.2,19,0.28,32.3,4.7,0.02,0.25,1.3,227,59,87,67.3,336.5,163,3.8,1.47,0.68,0.6,0,0.6,105,17,38,22,6.3,5,1.3,3.85,0.7,13.2,6.1644,8.81,149,4,115,2.1,64.28,60,129,189,31.75,6.2,131.24,0.2,266.2,81.5,326.63,11.4,4,152,5.6,0.11,92,90,95,107
733977,GYAHD06JHJ,657081,21/02/2019,08:26,08:59,Light Yellow,Clear,1.026,4.7,Trace,Trace,Negative,Negative,Negative,Normal,Negative,13-14,0,3-2,Nil,Nil,NIL,9.5,5.1,23.8,68.7,18,39,11.9,40.9,7869,40,55,5,4,0,8.77,2.09,0.71,0.38,0.1,353,10.9,12,0.41,29.6,0.4,0.38,0.23,0.01,188,70,99.5,18.8,94,126,2.7,1.42,0.7,0.5,0,0.5,111,54,33,21,8.3,4.5,3.8,1.18,0.8,19.3,9.0131,11.27,142,2.5,102,3.7,106.2,81,352,433,18.71,7.1,157.07,0.4,27.5,39.2,70.15,10.3,4.4,109,3,2.89,115,81,239,79
902567,KLTRS02KLP,880368,23/02/2019,10:00,11:17,Pale Yellow,Slightly cloudy,1.01,5.8,Negative,Negative,Negative,2+,Negative,Normal,Negative,TNTC,1,1-3,Nil,Nil,Yeast cells,15.8,4.3,55.1,82.7,36,28,13.6,40.7,2812,59,21,1,7,0,1.17,2.7,0.34,0.47,0.06,304,6.8,14,0.39,25.3,7.2,0.19,0.08,0.24,174,46,103.5,35.8,179,108,3.8,2.25,0.44,0.7,0.3,0.4,75,20,11,34,8,3.1,4.9,0.63,1,10.9,5.0903,5.09,114,3.6,107,2.3,109.99,94,253,347,27.09,5.1,99.67,0.1,12.7,94.3,13.47,11.3,3.8,85,5.3,3.55,71,97,95,83
403870,MZLGI05RJK,676166,20/02/2019,09:15,10:03,Light Yellow,Hazy,1.004,4.5,Negative,1+,Trace,Negative,Negative,Normal,Positive,10-12,1,3-4,Nil,Nil,NIL,9.4,8.4,48,78.1,11,19,11.8,40,9001,40,47,6,0,0,3.86,0.62,0.82,0.21,0.03,353,8.8,16,0.23,20.9,0.1,0.4,2.29,0.14,176,68,81.9,36,180,97,2.6,1.2,0.83,0.6,0.2,0.4,103,21,37,10,6.9,4.6,2.3,2,0.9,8.7,4.0629,4.51,137,7,98,8.9,112.87,150,154,304,49.34,12.8,320.66,0.5,21.4,113.3,18.89,11.1,3.7,226,19.5,8.62,117,72,122,243
825858,PBCHD11PBM,354375,22/02/2019,09:50,10:52,Pale Yellow,Clear,1.019,4.5,Negative,Negative,Negative,Negative,Negative,Normal,Negative,11-13,0,3-3,Rare,Few,Parasites,16.4,4.4,33.4,63.6,37,49,13.8,42.3,14672,55,50,4,5,0,7.64,1.79,0.49,0.41,0.06,324,7.3,17,0.23,46.5,4.1,0.09,0.99,0.96,205,48,37.7,26.2,131,108,4.3,0.79,1.27,0.7,0.3,0.4,127,13,21,15,6.5,4.6,1.9,2.42,1.1,9.4,4.3898,3.99,148,4.1,115,2.5,109.94,130,303,433,30.02,6,125.5,0,152.7,118.5,128.86,9.8,2.7,78,10.5,1.59,106,125,99,97
556981,PBCHD11KLC,455011,23/02/2019,06:19,07:23,Light Yellow,Clear,1.019,6.5,Negative,Negative,Negative,Negative,Negative,Normal,Negative,14-15,0,2-3,Nil,Nil,NIL,11.6,5.5,56.5,72.8,21,20,13.3,28.5,7915,49,37,6,7,0,1.41,1.77,0.98,0.23,0.06,355,9.6,14,0.08,21.1,2.2,0.15,4.39,2.48,157,29,75.2,18,90,180,5.4,2.59,0.39,0.3,0,0.3,60,23,40,14,6.3,4.6,1.7,2.71,1,58.2,27.1794,27.18,146,5.4,96,4.3,93.87,93,196,289,32.18,5.2,102.54,0.2,55.4,184.8,29.98,8.5,4.6,141,14,1.5,114,166,91,121
425210,PBCHD01CGD,104738,19/02/2019,11:54,12:46,Pale Yellow,Clear,1.015,6.3,Trace,Negative,1+,Negative,Negative,Normal,Negative,6-8,1,3-2,Nil,Nil,NIL,10.4,6.6,50.4,89.9,15,20,15.9,45.5,9743,46,39,5,6,1,9.34,4.35,0.66,0.29,0.11,258,8.8,12,0.23,31.5,1,6.76,0.03,0.06,157,48,71.2,73.5,367.5,150,3.3,1.48,0.67,0.9,0.2,0.7,43,11,22,21,7.9,3.9,4,0.98,1.1,8,3.736,3.4,137,4.8,95,6.4,92.06,68,333,401,16.96,6,125.5,0.5,15.2,333,4.56,9,5.3,212,8.9,3.77,88,74,79,91
481946,KLTRS01WBD,887267,21/02/2019,07:54,09:17,Pale Yellow,Cloudy,1.011,6.8,Negative,Negative,Negative,Negative,Negative,Normal,Negative,9-11,4,1-2,Rare,Nil,NIL,11.8,5.9,38.7,84.9,20,30,13,41.7,7997,72,18,3,2,0,0.81,1.24,0.37,0.42,0.02,75,7.6,11,0.19,30.3,0.2,0.25,3.49,0.12,190,31,147.1,7,35,96,6.1,4.75,0.21,0.5,0.2,0.3,126,44,77,46,7.8,3.4,4.4,0.77,2,18.7,8.7329,4.37,113,3.6,99,2.1,97.96,55,225,280,19.64,8.2,188.64,0.3,16.8,34.8,48.28,7.9,5.5,275,4.7,1.98,74,90,74,90
619834,MZLGI02APK,290311,19/02/2019,09:18,10:22,Light Yellow,Slightly cloudy,1.027,5.5,Negative,Negative,Negative,Negative,Trace,Normal,Negative,4-6,1,1-3,Nil,Nil,NIL,3.6,3,23.4,93.3,12,15,12,39.7,9207,42,15,1,8,0,6.92,4.2,0.98,0.12,0.26,126,7.7,12,0.12,17.5,3.6,0.38,0.25,2.68,192,52,86.6,38.2,191,195,3.7,1.67,0.6,0.4,0,0.4,53,13,11,48,6,4.4,1.6,2.75,0.8,10.1,4.7167,5.9,147,3.8,96,2.7,96.24,90,359,449,20.04,7.5,168.55,1,20.1,103.8,19.36,9.5,2.7,129,12.4,2.1,180,80,110,129
144260,GYAHD15KAU,923182,23/02/2019,08:16,09:10,Light Yellow,Clear,1.011,4.7,Negative,Trace,Negative,Negative,Trace,Normal,Negative,65-68,2,>20,Nil,Few,NIL,18.3,5.2,12.2,93.9,35,150,13.4,36.4,9029,50,43,9,7,0,1.36,1.96,0.98,0.43,0.1,115,7.3,17,0.22,21.8,1.8,0.22,1.66,0.14,176,20,80.5,11.2,56,109,8.8,4.03,0.25,0.5,0,0.5,79,48,30,12,7.1,5.1,2,2.55,1.2,35.9,16.7653,13.97,135,5.9,96,4.1,94.56,106,273,379,27.97,10.6,257.52,0.9,12,183.3,6.55,8.1,2.3,98,7.5,0.58,110,73,160,166
167585,MZLGI12GJS,227604,23/02/2019,11:50,13:07,Pale Yellow,Slightly cloudy,1.013,5.8,Negative,Trace,Negative,Negative,Negative,Normal,Negative,TNTC,10,2-4,Nil,Nil,Amorphous debris,11.4,4.4,48.6,83.2,25,23,11.6,44.9,7359,55,45,10,8,2.2,2.67,2.41,0.72,0.05,0.13,150,11,15,0.18,14.8,2.7,0.33,0.99,0.95,237,49,82.5,6.2,31,72,4.8,1.68,0.59,0.7,0.3,0.4,123,29,33,38,6.4,4.7,1.7,2.76,0.8,13.6,6.3512,7.94,141,4.4,101,6.3,98.59,74,122,196,37.76,6.1,128.37,0.5,13.4,139.6,9.6,11.6,3.2,109,2.9,3.23,76,99,84,89
743968,KLTRS08ODB,337009,20/02/2019,11:00,11:50,Light Yellow,Slightly cloudy,1.026,6.1,Trace,Trace,Negative,Negative,Negative,Normal,Negative,4-6,13,2-4,Nil,Nil,Artifacts,16.3,5,51.1,79.1,32,31,11.6,44.8,5220,71,36,4,18,0,8.51,1.18,0.39,0.18,0.03,327,10.3,12,0.33,34.6,4.7,0.52,0.68,0.03,189,57,164,43.8,219,65,3.3,2.88,0.35,0.7,0.2,0.5,49,52,29,20,7.2,3.9,3.3,1.18,0.9,13.2,6.1644,6.85,140,5.6,97,5.3,100.55,139,293,432,32.18,6.2,131.24,0.4,21.3,135,15.78,8.8,4.2,223,9.9,3.9,93,110,115,283
604992,PBCHD13CGD,891649,22/02/2019,07:29,08:09,Pale Yellow,Slightly cloudy,1.021,6.6,Negative,Trace,Negative,Negative,Negative,Normal,Negative,2-3,0,16-9,Nil,Nil,NIL,9.3,5,33.7,61.3,18,27,13.8,37.1,8155,66,38,6,6,0,0.65,0.14,0.27,0.4,0.07,433,5.8,10,0.33,19.5,1.6,0.31,0.08,0.55,167,54,81.8,16.3,81.5,190,3.1,1.51,0.66,0.3,0.1,0.2,112,39,33,32,8.3,3.6,4.7,0.77,0.9,17.3,8.0791,8.98,141,4,111,2.3,112.12,188,245,433,43.42,7.8,177.16,0.7,17.7,105.7,16.75,7.5,5,188,9.5,0.008,90,98,71,116
846401,MZLGI14GJS,326434,21/02/2019,07:35,08:38,Straw,Hazy,1.015,5.1,Trace,Negative,Negative,1+,Negative,Normal,Positive,11-13,1,3-4,Few,Few,NIL,18.3,5.4,46.4,66.5,33,39,12.6,44.6,9248,43,27,2,5,0,5.92,2.63,0.45,0.54,0.03,147,14,16,0.2,24.9,5.4,0.39,0.04,0.23,175,54,135.8,9.5,47.5,155,3.2,2.51,0.4,0.7,0.3,0.4,73,36,16,13,6.1,4.8,1.3,3.69,0.9,58.2,27.1794,30.2,141,4,106,2.2,108.44,63,281,344,18.31,6.2,131.24,0.5,198.7,68.2,291.35,7.6,2.9,207,10.2,0.25,108,108,76,123
571099,PBCHD05GAM,762028,22/02/2019,06:28,07:46,Light Yellow,Clear,1.012,6.8,Trace,Trace,Negative,Negative,Negative,Normal,Negative,9-11,30,1-2,Nil,Few,NIL,10,4.5,34.5,72.5,22,28,13.7,39.7,7888,50,55,6,3,0,2.86,2.6,0.47,0.96,0.08,216,15.2,13,0.08,42.7,0.7,0.28,0.33,0.12,184,46,123.8,22.4,112,177,4,2.69,0.37,0.5,0.2,0.3,59,37,11,12,6.2,3.6,2.6,1.38,0.6,14.9,6.9583,11.6,125,5.1,99,2.1,93.14,87,184,271,32.1,6.8,148.46,0.6,13,85.6,15.19,10.5,6,60,8.7,3.22,120,76,101,117
964735,MZLGI14APK,543771,21/02/2019,07:17,08:00,Yellow,Slightly cloudy,1.013,7,Trace,1+,Negative,Negative,Negative,Normal,Negative,8-9,0,9-12,Nil,Nil,NIL,17.5,4.9,40.1,93.9,35,43,13.2,44.2,8771,74,22,6,3,0,1.17,2.89,0.95,0.49,0.01,231,10.1,15,0.3,16.2,1.8,6.55,0.09,0.42,186,23,80.8,19.3,96.5,208,8.1,3.51,0.28,1.1,0.5,0.6,62,56,18,8,7.2,5,2.2,2.27,0.6,72.9,34.0443,56.74,115,4.3,97,6.5,117.55,121,176,297,40.74,8.9,208.73,0.7,11.7,55.1,21.23,10,5.5,279,5.7,12.51,113,65,200,281
878014,MZLGI07APK,664621,23/02/2019,10:09,10:44,Yellow,Hazy,1.018,4.9,Trace,Negative,Negative,Negative,Negative,Normal,Negative,2-3,0,2-4,Nil,Nil,NIL,14.7,6.7,49.2,81.7,21,29,12.5,43.4,8868,39,17,3,5,0,7.44,3.44,0.52,0.36,0.12,277,13.6,17,0.22,44.3,4.8,3.24,0.17,4,104,45,62.4,8.4,42,160,2.3,1.39,0.72,0.4,0,0.4,137,55,33,22,7.5,3.5,4,0.88,1.2,19.1,8.9197,7.43,135,4.9,107,7.4,116.18,139,359,498,27.91,6.4,136.98,0.6,14.6,66.9,21.82,9.8,6.8,90,4.3,8.54,148,86,97,103
256950,MZLGI13APK,100553,22/02/2019,11:44,12:59,Light Yellow,Clear,1.02,4.8,Trace,2+,Negative,Negative,Negative,Normal,Negative,TNTC,2,2-4,Rare,Few,Mucus threads,8.2,5.9,37,53,13,22,11.6,43.5,9914,53,34,15,11,0,9.98,1.06,0.35,0.68,0.16,359,10.5,13,0.16,33.5,2.3,0.28,0.09,0.14,236,49,90,35.5,177.5,75,4.8,1.84,0.54,0.5,0.2,0.3,120,38,32,39,6.6,4.2,2.4,1.75,0.7,10.3,4.8101,6.87,120,3.2,84,7.8,112.16,156,347,503,31.01,8.1,185.77,0.6,27.2,21.4,127.1,8.3,2.4,259,11,8.56,74,90,107,118
563116,PBCHD15PBM,150506,21/02/2019,10:48,12:00,Pale Yellow,Clear,1.015,5.8,Negative,Trace,Trace,Negative,Negative,Normal,Negative,4-5,0,3-2,Nil,Nil,NIL,8.8,6.7,36.8,76.7,13,23,12.8,40.2,6252,42,40,3,7,0,0.57,2.42,0.26,0.03,0.02,145,9.3,19,0.67,21.7,1.9,0.33,0.08,0.3,235,50,121.5,64.2,321,120,4.7,2.43,0.41,0.8,0.1,0.7,60,49,29,36,7.3,4.3,3,1.43,0.8,13.6,6.3512,7.94,140,4.3,95,5.2,101.34,138,216,354,38.98,6.9,151.33,1,27.1,284,9.54,8.6,3.3,189,7.7,3.05,118,192,82,196
317893,MZLGI01GJS,295692,21/02/2019,08:53,09:42,Light Yellow,Clear,1.02,6.7,Trace,Trace,Negative,Negative,Negative,Normal,Negative,53-57,2,1-3,Nil,Few,NIL,7.8,5.5,42.2,60,14,18,13.1,43.3,4759,59,31,6,3,0,9.64,2.68,0.9,0.05,0.07,410,10.4,13,0.2,18.4,0.1,0.56,0.11,0.05,528,43,170.3,33.5,167.5,71,12.3,3.96,0.25,0.6,0.1,0.5,74,13,30,27,8.3,4.2,4.1,1.02,0.4,5.9,2.7553,6.89,105,4.6,110,3.2,99.78,63,357,420,15,6.3,134.11,0.7,15.4,102.5,15.02,10.5,2.7,316,12,1.81,82,65,109,114
240290,PBCHD09RJU,308167,22/02/2019,11:32,12:31,Orange,Slightly cloudy,1.018,4.6,Trace,Negative,Negative,Negative,Negative,Normal,Negative,2-3,0,3-4,Nil,Nil,Artifacts,13.8,4.3,30.9,92.7,32,44,13.5,43.3,3481,48,39,1,8,0,0.63,1.12,0.64,0.12,0.1,185,7.9,16,0.45,25.8,1.2,1,0.37,4.64,159,75,61,28.3,141.5,157,2.1,0.81,1.23,0.2,0,0.2,97,18,28,30,6.9,4.8,2.1,2.29,1.2,19,8.873,7.39,141,5,115,7,113.37,107,346,453,23.62,6.2,131.24,0.2,11.9,50.8,23.43,10.5,4.9,76,3.1,1.97,74,79,81,167
653702,PBCHD04SKM,629832,19/02/2019,06:45,07:18,Pale Yellow,Clear,1.011,6,Negative,Trace,Negative,Negative,Negative,Normal,Negative,TNTC,0,3-2,Nil,Rare,Fat droplets or lipiduria,8.1,5.2,59.7,84.9,15,13,10.5,26.7,6289,71,47,3,4,0,21.07,7.03,0.76,0.22,0.11,426,11.8,16,0.21,13.5,5.9,0.21,0.24,0.36,113,48,83.1,6.4,32,73,2.4,1.73,0.58,0.5,0.1,0.4,125,49,29,18,7.3,4,3.3,1.21,0.7,9.5,4.4365,6.34,144,4.6,106,3.7,112.26,152,304,456,33.33,8.3,191.51,0.1,10.7,38.4,27.86,10.3,5.9,129,7.9,0.5,133,75,87,128
700122,GYAHD08ODK,170372,21/02/2019,08:07,09:28,Light Yellow,Slightly cloudy,1.017,6,Trace,Negative,Trace,Negative,Negative,Normal,Negative,11-12,1,2-4,Nil,Nil,Artifacts,14.5,5.1,46.6,89.6,28,31,12.6,45.1,10422,59,21,1,5,0.8,8.9,4.14,1.06,0.01,0.03,223,9.2,18,0.22,35,5,0.71,0.19,0.3,707,62,74.5,20.2,101,214,11.4,1.2,0.83,0.8,0.3,0.5,112,5,35,28,6.1,5,1.1,4.55,0.8,18.6,8.6862,10.86,143,4.2,98,8.3,14.17,111,289,400,27.75,6.3,134.11,0.3,23,100.9,22.79,10.4,3.6,145,12.2,2.35,85,72,103,62
921941,PBCHD05RJU,104012,21/02/2019,06:40,07:32,Light Yellow,Clear,1.016,6.1,Trace,Negative,Negative,Negative,Negative,Normal,Negative,5-6,2,2-4,Nil,Moderate,NIL,14.2,8,33.6,94.9,17,42,12.5,44.4,16911,57,26,2,7,0.9,6.33,2.71,0.23,0.21,0.06,292,11.2,10,0.37,29.7,0.9,0.17,0.27,0.27,205,71,75.5,26.1,130.5,146,2.9,1.06,0.94,2.9,1.4,1.5,123,21,12,20,5.2,4.2,1,4.2,0.6,25.6,11.9552,19.93,101,3.9,108,3.5,109.09,195,240,435,44.83,19.8,521.56,0.5,18.2,136.1,13.37,8.7,4.4,120,14.5,3.83,81,121,96,197
420888,PBCHD07KLC,527538,23/02/2019,07:57,09:22,Pale Yellow,Slightly cloudy,1.011,7,Trace,Negative,Negative,Negative,Negative,Normal,Negative,2-3,1,3-4,Nil,Few,Artifacts,15.1,6.5,39.9,88.6,23,37,13.5,41.8,6566,47,24,8,3,0,6.65,1.41,0.55,0.15,0.06,80,17.9,12,0.2,27.3,4.6,0.45,6.42,0.15,231,53,77.1,86.3,431.5,99,4.4,1.45,0.69,0.9,0.4,0.5,79,19,11,20,6.9,4.3,2.6,1.65,1,58,27.086,27.09,138,3.7,108,4.1,115.5,138,350,488,28.28,5.8,119.76,0.6,13.1,85.9,15.25,11.6,3.5,73,10.8,3.38,167,90,83,180
373691,GYAHD13JHJ,862184,22/02/2019,10:17,10:54,Green,Clear,1.016,6.5,Negative,Trace,Negative,Negative,Negative,Normal,Negative,35-37,1,2-4,Nil,Nil,NIL,13.2,5.4,40.9,75.3,24,32,13.5,42.9,4052,76,27,3,9,0,6.11,1.95,0.5,0.63,0.07,256,7.8,14,0.34,33.4,0.1,0.36,0.12,0.79,159,34,130.7,19.6,98,157,4.7,3.84,0.26,0.5,0.2,0.3,109,18,33,43,7.3,4.8,2.5,1.92,0.6,35,16.345,27.24,136,3,104,3.3,108.31,142,141,283,50.18,5.8,119.76,1.6,175.2,83.5,209.82,9,3.7,164,7.8,11.26,71,79,89,128
345532,GYAHD12KAU,957871,22/02/2019,09:35,10:59,Straw,Slightly cloudy,1.015,6.7,1+,Negative,Negative,Negative,Negative,Normal,Negative,1-3,2,2-4,Nil,Nil,NIL,21,4.9,54.5,85.2,42,38,13.2,42.8,5212,50,12,7,3,0,4.75,1.38,0.33,0.15,0.04,274,7.1,12,0.21,26,1.4,0.25,0.03,0.04,216,36,89.5,27.7,138.5,171,6,2.49,0.4,0.6,0.1,0.5,61,17,19,48,6.7,4.3,2.4,1.79,0.8,14.8,6.9116,8.64,141,6,98,5.8,119.79,131,297,428,30.61,6.1,128.37,0,23.1,117.2,19.71,8.6,5.5,189,19.8,2.65,120,78,74,122
824692,GYAHD08KLM,854045,21/02/2019,06:14,07:23,Pale Yellow,Cloudy,1.011,8.8,Negative,Negative,Negative,Negative,Negative,Normal,Negative,59-60,44,2-4,Nil,Few,NIL,11.2,5.4,42.8,98.8,20,26,13.6,44.8,7869,34,13,4,8,0,5.46,1.89,0.7,0.11,0.05,180,9.7,15,0.28,13.5,3.8,0.25,0.27,0.11,210,70,81.7,25.6,128,190,3,1.17,0.86,0.7,0.2,0.5,42,20,27,31,6.2,4.3,1.9,2.26,1,17.5,8.1725,8.17,138,4.7,99,3.1,102.97,95,326,421,22.57,6.1,128.37,1,10.5,124.6,8.43,10.1,2,96,11.9,7.21,142,169,79,130
644044,PBCHD02SKM,218604,20/02/2019,06:11,07:23,Straw,Clear,1.013,5.3,Negative,Trace,Negative,Negative,Negative,Normal,Negative,3-5,0,1-2,Nil,Nil,NIL,14.4,5.6,35.6,79.7,25,40,11.7,41.7,2413,60,39,6,8,0,8.12,1.63,0.09,0.36,0.13,129,11.5,14,0.53,13.4,0.6,0.55,0.33,0.16,213,54,74.6,72.1,360.5,68,3.9,1.38,0.72,0.4,0,0.4,249,15,19,14,7.8,5,2.8,1.79,1,5.7,2.6619,2.66,135,4.1,97,6.3,93.4,97,216,313,30.99,5.9,122.63,0.6,14.2,127.7,11.12,11.3,5.2,160,5.7,3.39,101,75,86,96
630659,MZLGI14APK,122720,21/02/2019,08:26,09:37,Pale Yellow,Slightly cloudy,1.013,6.5,Trace,1+,Negative,Negative,Negative,Normal,Negative,TNTC,0,1-2,Nil,Rare,NIL,9.7,8.2,62.9,46.3,11,15,13.9,44.4,5117,62,50,4,7,0,14.53,2.03,0.91,0.33,0.04,286,7,10,0.22,13.7,4.4,0.22,0.05,0.24,186,73,83.2,27.6,138,99,2.5,1.14,0.88,0.3,0,0.3,53,20,33,8,7.3,3.7,3.6,1.03,1,12.1,5.6507,5.65,138,4.2,110,3.9,79.54,122,191,313,38.98,8.7,202.99,0.1,314.9,546.3,57.64,11.9,4.9,208,4.3,3.69,99,67,74,92
604405,MZLGI07BRC,832667,19/02/2019,10:04,10:34,Red,Clear,1.013,6.6,Negative,2+,Negative,Negative,Negative,Normal,Negative,9-11,2,6-8,Rare,Nil,NIL,11.9,4,27.7,94,29,42,12.2,42.1,5780,44,35,3,3,0,4.69,7.83,0.88,0.21,0.08,326,9.9,13,0.27,48.8,3.9,0.62,0.22,0.27,223,24,78.8,25.3,126.5,84,9.3,3.28,0.3,1,0.3,0.7,192,28,35,44,6.5,4.2,2.3,1.83,1,10.8,5.0436,5.04,144,3.9,98,4.8,90.81,163,319,482,33.82,5.9,122.63,0.8,18.7,102.7,18.21,8.8,2.5,115,9.9,3.84,160,69,146,71
953654,KLTRS11NLZ,407239,23/02/2019,09:57,11:21,Pale Yellow,Slightly cloudy,1.024,5.4,Trace,Trace,Negative,Negative,Negative,Normal,Negative,11-12,1,1-2,Nil,Nil,Artifacts,15.1,2.9,37.1,88.5,52,40,12.5,40,7748,49,40,5,3,0,6.15,1.63,0.79,0.06,0.01,437,11.7,13,0.22,34.7,2.6,0.22,0.39,0.35,201,51,76,36.4,182,126,3.9,1.49,0.67,0.6,0,0.6,51,42,12,12,8.2,3.6,4.6,0.78,0.8,17.2,8.0324,10.04,135,4.4,100,4.3,93.27,168,166,334,50.3,6.1,128.37,0.7,15,129.5,11.58,11.7,2.1,72,11.7,0.89,71,116,73,92
800396,GYAHD09ODK,241920,22/02/2019,09:18,10:28,Light Yellow,Clear,1.012,7,1+,Negative,Negative,Negative,Negative,Normal,Negative,3-5,2,3-2,Nil,Few,NIL,4.2,5.1,37.4,86.3,8,11,11.9,44.2,3349,45,41,23,8,0,0.16,1.13,0.47,0.18,0.15,270,10.5,13,0.5,30.6,2,0.06,0.35,0.89,185,70,89.7,16.6,83,94,2.6,1.28,0.78,0.6,0.1,0.5,113,41,16,38,5.6,4.1,1.5,2.73,1.1,15.6,7.2852,6.62,149,4.3,103,4.1,100.37,125,353,478,26.15,7.9,180.03,0.8,16.2,104.6,15.49,11.9,3.1,245,7.4,0.14,162,64,186,121
200869,MZLGI15MHP,156243,23/02/2019,11:09,12:37,Deep Amber,Slightly cloudy,1.021,5.9,Trace,1+,Negative,Negative,Negative,Normal,Negative,5-7,0,3-4,Nil,Nil,Amorphous debris,9.2,5.8,45,97.5,15,20,12.9,39.5,10917,56,11,5,3,0,4.71,2.82,0.37,0.64,0.04,168,14.7,13,0.21,12.4,1.2,0.36,0.33,0.19,222,27,98.8,37.5,187.5,145,8.2,3.66,0.27,0.6,0,0.6,108,36,38,48,7.3,4.7,2.6,1.81,0.8,15.9,7.4253,9.28,136,4.6,103,4.6,46.61,68,292,360,18.89,7.1,157.07,0.8,10.4,88.8,11.71,8.7,3.5,102,4.3,0.36,98,67,166,137
314766,GYAHD13KLM,871265,23/02/2019,09:43,10:13,Green,Clear,1.016,4.7,Trace,Trace,Negative,Negative,Negative,Normal,Negative,8-9,0,2-3,Nil,Nil,Fungal elements,17.2,6.6,35.4,71.4,26,48,11.6,43.1,26554,57,45,20,10,0,5.47,2.66,0.24,0.49,0.01,238,9.9,11,0.22,21.8,4.7,0.2,0.33,0.29,202,74,135.5,43.4,217,93,2.7,1.83,0.55,0.7,0.3,0.4,84,49,30,32,6.6,3.6,3,1.2,1,10.5,4.9035,4.9,147,4.1,83,2.9,104.75,185,149,334,55.39,6.3,134.11,1,13.9,111.5,12.47,7,4.7,189,11.6,1.39,124,79,84,109
555466,PBCHD06HPP,694971,22/02/2019,09:57,10:38,Light Yellow,Hazy,1.014,5.9,Negative,Negative,Negative,Negative,Negative,Normal,Negative,1-2,1,3-2,Nil,Nil,NIL,9.6,5.9,51.1,83.1,16,18,14.5,40.8,10706,54,26,3,5,0,6.98,1.62,0.25,0.24,0.11,450,9.8,11,0.3,32.8,6.9,2.11,0.36,0.35,181,24,93.8,17.7,88.5,118,7.5,3.91,0.26,1.9,0.9,1,94,19,23,37,8.2,4.9,3.3,1.48,0.8,10.3,4.8101,6.01,142,5.3,103,6.6,105.85,118,130,248,47.58,12.1,300.57,0.9,12.9,287.8,4.48,9.4,6.4,101,5.5,7.83,122,93,111,81
467648,GYAHD08KLM,898124,19/02/2019,06:03,06:42,Orange,Slightly cloudy,1.023,6.2,Negative,Trace,Negative,Negative,Negative,Normal,Negative,13-15,1,7-10,Nil,Nil,NIL,14.8,4.3,27.8,90.1,34,53,12.8,40.9,9081,43,41,5,20,0,5.18,1.02,0.99,0.83,0.14,198,11.6,14,0.12,17.7,1.3,1.09,0.14,0.17,199,42,65.3,65.6,328,76,4.7,1.55,0.64,0.4,0.1,0.3,41,42,20,47,5.1,3.5,1.6,2.19,1.2,10.2,4.7634,3.97,141,5.6,97,5.7,119.8,152,284,436,34.86,5.9,122.63,0.9,25.7,262.6,9.79,8.6,3.6,192,17.4,2.87,116,72,239,84
265778,MZLGI02RJK,578891,19/02/2019,07:10,08:34,Light Yellow,Clear,1.017,5.3,Negative,Negative,Trace,Trace,Negative,Normal,Negative,3-5,2,1-4,Nil,Nil,NIL,16.5,5.4,25,91.3,30,66,13.8,45.6,10588,20,13,5,2,0.5,6.8,3.54,0.56,0.16,0.04,241,8.8,11,0.48,13.5,2.7,0.37,1.76,0.03,178,28,86,14.4,72,94,6.4,3.07,0.33,0.7,0,0.7,96,53,26,27,7.7,4.6,3.1,1.48,1.1,12.8,5.9776,5.43,137,5.4,96,2.5,56.08,108,175,283,38.16,9.5,225.95,0.6,23.6,287.2,8.22,11.4,2.5,125,10.8,2.9,143,79,122,139
349835,KLTRS07WBD,682178,21/02/2019,10:37,11:07,Orange,Hazy,1.019,5.9,Trace,Negative,Negative,Negative,Negative,Normal,Negative,4-5,0,>20,Nil,Rare,Parasites,14.3,4.6,34.4,104.4,31,41,12.3,44.6,44438,31,51,4,12,0.9,6.37,3.19,0.51,0.3,0.46,60,11.2,15,0.33,14,0.1,0.01,2.03,0.92,192,68,78.3,24.4,122,95,2.8,1.15,0.87,0.6,0,0.6,126,41,22,20,6,3.9,2.1,1.86,0.9,19.5,9.1065,10.12,142,5.6,103,4.2,102.77,91,359,450,20.22,6,125.5,0.7,22.6,56.7,39.86,11.8,4.3,126,19.4,1.02,84,97,82,137
412998,GYAHD13ODK,484728,20/02/2019,08:14,08:52,Pale Yellow,Clear,1.029,4.8,Negative,1+,Negative,Negative,Negative,1+,Negative,TNTC,2,3-4,Nil,Rare,Amorphous debris,16.4,4.7,16.2,71.6,34,101,13.6,43.4,4096,51,24,6,7,0,7.53,1.97,0.61,0.46,0.09,91,7.2,16,0.24,21,2.8,0.32,2.9,3.39,184,22,155.2,11.6,58,104,8.4,7.05,0.14,0.4,0,0.4,69,29,24,34,6.5,4.3,2.2,1.95,0.8,5.8,2.7086,3.39,135,5.6,103,5.7,98.06,130,179,309,42.07,6.2,131.24,0,27.6,116,23.79,10.4,4.4,63,6.1,0.7,80,74,171,127
806590,MZLGI07APK,683585,19/02/2019,06:50,08:05,Pale Yellow,Hazy,1.015,6,Negative,Negative,Negative,Negative,Negative,Normal,Negative,5-6,2,>20,Rare,Rare,NIL,10.7,5.8,46,93.6,18,23,13.2,41.6,29053,54,26,6,8,0,13.22,1.59,0.22,0.15,0.01,257,5.9,14,0.16,39.8,3.3,0.1,0.26,0.04,200,51,132.4,15.5,77.5,145,3.9,2.6,0.39,0.4,0,0.4,89,5,34,29,8.9,4.6,4.3,1.07,0.8,16.7,7.7989,9.75,145,2.9,98,4.2,101.5,130,137,267,48.69,8,182.9,0.5,11.9,145.5,8.18,9.7,5.8,194,3.5,7.64,93,78,96,73
961104,GYAHD07KAU,529687,20/02/2019,06:16,07:27,Green,Clear,1.011,5.9,Trace,1+,Negative,Negative,Negative,Normal,Negative,1-3,2,3-4,Nil,Moderate,NIL,7.3,4.3,31.8,84.1,16,22,13.6,45,5547,44,23,4,5,0.7,6.42,2.44,0.62,0.45,0.11,342,6.1,13,0.06,33.4,0.1,0.03,0.18,0.31,176,56,31,9,45,193,3.1,0.55,1.81,0.9,0.2,0.7,122,21,29,40,8.1,4,4.1,0.98,1.2,15.5,7.2385,6.03,149,3,108,5.2,103.82,80,158,238,33.61,6,125.5,0.4,24.1,109.2,22.07,10.2,2.9,51,9.5,0.11,123,185,95,143
919452,KLTRS14ODB,955144,23/02/2019,09:26,10:30,Pale Yellow,Slightly cloudy,1.017,5.8,Trace,Trace,Negative,Negative,Negative,Normal,Negative,3-5,2,2-4,Nil,Nil,NIL,8.7,2,40.8,91.7,43,21,14.5,29.1,9309,54,27,1,6,0,1.57,0.03,0.49,0.49,0.04,332,10.3,12,0.33,13.3,2.1,0.27,3.87,0.36,194,41,33.6,36.7,183.5,151,4.7,0.82,1.22,0.4,0,0.4,68,53,15,17,7.8,4.2,3.6,1.17,1.2,32.8,15.3176,12.76,131,3.9,102,6.2,103.71,148,218,366,40.44,6.9,151.33,0.9,22.6,54.3,41.62,9.3,5.1,116,10.4,0.84,97,95,85,100
838977,MZLGI15BRC,465793,21/02/2019,09:02,09:36,Pale Yellow,Clear,1.03,4.6,Negative,Negative,Negative,Negative,Negative,Normal,Negative,84-88,2,3-2,Rare,Nil,NIL,10.7,5.1,59.1,97.2,20,18,11.3,41.3,30460,50,40,2,7,0,0.64,1.63,0.93,0.43,0.07,420,7.1,13,0.16,24.9,2.3,0.37,0.1,0.15,176,47,94.8,9.6,48,78,3.7,2.02,0.5,0.8,0.3,0.5,127,21,31,17,7.6,5,2.6,1.92,1.1,11.9,5.5573,5.05,139,4.4,96,3.3,47.56,101,347,448,22.54,5.8,119.76,0.1,24.7,38.5,64.16,10.4,5.4,157,9.2,0.31,70,99,101,74
228310,GYAHD05JHJ,455915,19/02/2019,06:14,07:19,Pale Yellow,Slightly cloudy,1.017,6.2,Trace,Negative,Negative,Negative,Negative,1+,Negative,7-8,19,>20,Rare,Nil,Fat droplets or lipiduria,15.3,4,30.9,99,38,49,13.1,40.3,3222,50,37,4,2,0,12.58,2.2,0.78,0.47,0,365,8.2,14,0.24,44.5,1.1,0.2,0.35,0.25,211,36,70.8,31.3,156.5,166,5.9,1.97,0.51,0.6,0.2,0.4,89,40,19,12,6.2,3.7,2.5,1.48,0.9,13.7,6.3979,7.11,135,4.6,108,5,113.33,153,172,325,47.08,6.3,134.11,0.1,28.6,67.5,42.37,7.8,2.2,129,5.1,0.77,125,70,77,65
407248,PBCHD06KLC,914178,23/02/2019,07:48,08:48,Straw,Opaque,1.015,5.7,Negative,Negative,Negative,Negative,Negative,Normal,Negative,5-6,2,3-4,Nil,Nil,Yeast cells,9.7,5.5,47.7,86.1,17,20,14.4,39.9,5575,60,42,4,22,0,1.47,4.37,0.34,0.11,0.02,422,7.6,17,0.6,19.1,2.1,1.08,4.97,0.25,223,49,83.4,38.8,194,80,4.6,1.7,0.59,0.9,0.3,0.6,129,39,15,16,8.2,4.8,3.4,1.41,1.2,19.2,8.9664,7.47,125,4.1,103,2.5,91.78,104,259,363,28.65,6,125.5,0.1,23.8,52.2,45.59,9.6,4.7,68,6.7,0.11,111,118,99,109
182969,GYAHD05JHJ,632003,23/02/2019,06:14,06:54,Light Yellow,Clear,1.014,4.8,Trace,3+,Negative,Negative,Negative,Normal,Negative,8-9,2,3-2,Nil,Nil,NIL,16.5,6.3,33.2,87,26,49,11.6,42.6,7166,47,25,2,4,0,6.42,2.91,0.08,0.13,0.09,360,9.7,12,0.19,12,1.7,0.54,0.15,1.03,169,27,55.4,85.1,425.5,124,6.3,2.05,0.49,1.5,0.7,0.8,59,35,13,23,6.6,3.9,2.7,1.44,1,8.3,3.8761,3.88,149,4.8,98,4.1,95.16,140,164,304,46.05,6,125.5,3.6,18.8,61.1,30.77,9.5,3.6,99,11.2,0.68,107,110,95,111
986429,KLTRS05TSS,299898,19/02/2019,06:02,07:08,Straw,Clear,1.014,5.4,Trace,Negative,Negative,Negative,Negative,Normal,Negative,59-61,2,16-12,Nil,Nil,NIL,16.4,5.7,50.4,88.5,28,32,13.4,39.8,4222,69,39,1,2,0,6.42,2.64,0.44,0.49,0.05,164,8,25,0.33,26.5,4.5,0.1,0.33,0.14,178,44,194,71.7,358.5,94,4,4.41,0.23,0.6,0.1,0.5,69,18,18,46,7.5,4.8,2.7,1.78,2,83.4,38.9478,19.47,135,4.3,103,2.7,63.72,167,301,468,35.68,8.4,194.38,0.7,16.8,182.5,9.21,9.1,2.2,119,7.5,0.72,82,95,120,98
567292,KLTRS02NLZ,429293,20/02/2019,06:49,07:29,Straw,Slightly cloudy,1.02,4.1,Trace,Negative,Negative,Negative,Negative,Normal,Negative,TNTC,15,1-2,Nil,Rare,Mucus threads,11.9,4.7,32.3,92.1,25,36,13.4,43.6,6244,59,31,5,5,0,3.5,1.35,0.67,0.24,0.04,343,5,11,0.33,48.5,3.1,0.96,0.04,0.11,163,38,56.1,5.6,28,147,4.3,1.48,0.68,0.7,0.2,0.5,116,51,8,17,5.3,4.3,1,4.3,0.8,9.2,4.2964,5.37,143,2.9,104,5.4,95.94,140,290,430,32.56,5.9,122.63,0.8,11,29.8,36.91,10.9,3.1,222,9.5,4.61,83,163,103,116
227829,GYAHD15KLM,645904,21/02/2019,09:22,10:09,Deep Amber,Slightly cloudy,1.016,6.7,Negative,Trace,Negative,1+,Negative,Normal,Negative,4-6,0,3-4,Nil,Nil,Fungal elements,13,4.4,46.8,89.4,29,27,11,41.8,21526,56,38,7,8,0.6,3.95,1.44,0.66,0.04,0.1,309,13.8,10,0.1,20.8,4.2,0.28,3.68,0.11,221,31,93.1,32.9,164.5,128,7.1,3,0.33,0.7,0.3,0.4,252,48,29,17,5.5,3.8,1.7,2.24,1.2,6.9,3.2223,2.69,129,3.8,99,2.9,98.62,93,315,408,22.79,5.8,119.76,0.1,11.4,79.1,14.41,10.3,3.3,117,7.9,1.19,122,90,89,147
577169,KLTRS02ODB,828928,21/02/2019,11:25,12:05,Deep Amber,Cloudy,1.011,4.7,Trace,Negative,Negative,Negative,Negative,Normal,Negative,5-6,0,3-2,Nil,Nil,Artifacts,9.5,4.8,30.4,82.7,19,31,11.8,44,6132,71,21,5,6,0,9.4,1.42,0.33,0.37,0.06,176,10.5,10,0.3,23.9,0.5,0.22,0.31,0.97,134,41,93.4,75.5,377.5,95,3.3,2.28,0.44,1.3,0.6,0.7,76,27,28,16,6.1,3.9,2.2,1.77,0.9,15.5,7.2385,8.04,143,5.3,95,3.9,115.77,111,172,283,39.22,8.7,202.99,0,14.6,71.7,20.36,9.8,4.3,255,7.9,2.96,97,107,125,197
862569,MZLGI09MHP,590495,20/02/2019,09:44,10:57,Dark Yellow,Clear,1.02,6.9,Trace,Negative,Negative,Negative,Negative,Normal,Negative,TNTC,0,2-4,Nil,Nil,NIL,16.9,4.6,51.6,89.2,36,32,12.3,41,6571,45,39,4,8,0,0.6,4.5,0.88,0,0.07,196,7,17,0.15,29.6,1.4,0.29,0.42,0.36,169,46,114.8,19,95,81,3.7,2.5,0.4,0.5,0.2,0.3,57,23,18,7,8.3,4.3,4,1.08,0.8,6.7,3.1289,3.91,147,4.7,107,3.9,101.46,57,358,415,13.73,5.8,119.76,0.3,25,132.7,18.84,9.5,2.7,109,20.1,8.04,114,67,92,113
980433,KLTRS13MLT,224494,22/02/2019,08:43,09:24,Pale Yellow,Clear,1.009,5.9,1+,Trace,Negative,Negative,Negative,Normal,Negative,13-15,1,>20,Nil,Rare,NIL,12.2,5.4,34.5,90.1,22,35,12.7,47.9,7778,57,45,4,2,0,1.45,2.94,0.96,0.18,0.07,888,11.3,17,0.29,32,0.1,0.16,0.34,3.74,207,41,64.2,101.2,506,80,5,1.57,0.64,0.5,0.1,0.4,105,55,39,42,6.2,3.5,2.7,1.3,1,75.1,35.0717,35.07,143,3.1,106,2.8,101.66,150,261,411,36.5,8.2,188.64,0.9,16.2,73.9,21.92,10.3,2.5,187,11.8,3.5,102,115,80,102
596373,KLTRS14TSS,851596,21/02/2019,11:52,12:28,Pale Yellow,Clear,1.013,6.9,Trace,Negative,Negative,Negative,Negative,Normal,Negative,13-14,5,2-4,Nil,Nil,Parasites,17.9,4.2,34.9,46.4,42,51,12.3,41.8,6385,45,38,18,8,0,4.26,2.52,0.44,0.34,0.03,837,10.8,12,0.35,33.2,0.2,0.94,0.22,6.15,153,41,76.4,10.3,51.5,144,3.7,1.86,0.54,1.9,0.9,1,83,18,30,14,7,4.7,2.3,2.04,0.8,17.2,8.0324,10.04,135,3.7,102,4.5,108.4,66,295,361,18.28,7.6,171.42,0.1,12.9,115.4,11.18,9.5,2.9,64,5.9,3.67,83,116,76,148
805706,GYAHD08JHJ,105900,22/02/2019,08:07,09:35,Dark Yellow,Slightly cloudy,1.016,6.9,Trace,Negative,Negative,Negative,Negative,Normal,Negative,7-9,1,1-3,Nil,Moderate,Fat droplets or lipiduria,20.4,4.8,41.8,95.8,42,48,12.2,44.5,9184,34,24,2,2,0,0.78,2.02,0.1,0,0.03,324,7.4,17,0.21,18.2,0.5,0.33,0.89,0.97,194,52,86,14.3,71.5,160,3.7,1.65,0.6,0.8,0.3,0.5,78,45,12,24,8.1,3.9,4.2,0.93,1.2,215.5,100.6385,83.87,139,5.2,105,4.5,118.2,141,219,360,39.17,6,125.5,0.7,17,139.7,12.17,10.4,5.1,85,10.8,0.47,110,81,77,194
704383,MZLGI04BRC,351007,21/02/2019,10:59,12:08,Yellow,Clear,1.014,5.4,Trace,Negative,Negative,Negative,Negative,Normal,Negative,5-7,1,>20,Rare,Nil,Amorphous debris,3.2,4.9,48.8,86.9,6,6,14.2,40.7,4304,71,20,2,14,0,9.43,4.79,0.84,0.39,0.08,110,10.6,20,0.31,20.1,1.8,6.65,0.6,0.2,195,64,84,65.2,326,170,3,1.31,0.76,0.2,0,0.2,85,37,33,31,8.3,4.7,3.6,1.31,0.7,10.4,4.8568,6.94,133,4.3,95,5.9,95.25,74,178,252,29.37,5.7,116.89,0.2,10,125.5,7.97,9.1,3.3,264,5.1,1.03,117,62,77,83
697870,KLTRS05TSS,325725,19/02/2019,08:00,08:36,Dark Yellow,Clear,1.014,5.7,Negative,Trace,Negative,Negative,Negative,Normal,Negative,12-13,1,1-2,Nil,Nil,NIL,10.8,4.3,33.7,52.4,25,32,13.1,29.1,9712,54,37,4,9,0,1.75,1.02,0.33,0.01,0.02,147,7.7,13,0.06,29.1,4.4,0.25,0.09,0.37,238,31,105.9,38.2,191,138,7.7,3.42,0.29,0.8,0.1,0.7,86,17,92,6,7.5,4.9,2.6,1.88,1.1,82,38.294,34.81,128,4.8,101,2.8,100.69,159,138,297,53.54,6.1,128.37,0.7,16.9,227,7.44,10.1,2.8,137,3.8,3.42,72,66,95,176
491695,GYAHD02KAU,523969,23/02/2019,07:10,08:08,Light Yellow,Slightly cloudy,1.035,6.5,Negative,Trace,Negative,Negative,Negative,Normal,Negative,8-10,1,3-3,Rare,Nil,Parasites,17.2,4.4,61.1,80.3,39,28,13.7,39.1,9616,69,38,5,3,0,7.59,3,0.47,0.09,0.04,433,9.8,16,0.29,27.9,0.6,2.67,0.31,0.46,175,48,95.9,14.9,74.5,81,3.6,2,0.5,0.5,0.2,0.3,43,105,35,42,7,3.5,3.5,1,0.8,14.1,6.5847,8.23,136,4.7,101,5.5,108.99,110,335,445,24.72,12.6,314.92,0.8,20.4,114.2,17.86,11.8,4.4,232,4.4,2.13,80,71,65,298
590687,GYAHD12KAU,840116,23/02/2019,07:33,08:09,Light Yellow,Slightly cloudy,1.01,6.8,Negative,Trace,Negative,Negative,Negative,Normal,Negative,9-11,0,2-4,Nil,Nil,NIL,17.6,5.3,48.8,79.1,33,36,14.4,40.9,9815,40,44,9,6,0.5,1.09,2.09,0.89,0.35,0.07,349,11.7,17,0.21,25.7,0.1,0.13,0.04,0.19,191,33,97.5,90.5,452.5,89,5.8,2.95,0.34,0.5,0.2,0.3,90,12,34,9,6.4,4.6,1.8,2.56,0.7,17.3,8.0791,11.54,137,3.6,107,5,101.61,159,317,476,33.4,8.9,208.73,0.3,11.3,45,25.11,9.3,2.7,106,22,2.45,93,64,79,77
206179,MZLGI14BRC,513689,21/02/2019,11:19,12:34,Pale Yellow,Slightly cloudy,1.013,6.7,Trace,Negative,Negative,Negative,Negative,Normal,Negative,10-12,1,>20,Nil,Nil,NIL,1.7,4,48.6,98.2,4,3,10.2,39.3,9475,31,14,3,4,0,0.55,0.94,0.48,0.09,0.29,183,7.7,17,0.39,37.7,0.1,0.3,0.01,0.06,197,59,111.9,45.8,229,106,3.3,1.9,0.53,0.6,0.2,0.4,106,55,36,14,7.2,3.9,3.3,1.18,0.9,17.3,8.0791,8.98,141,4.3,103,3.2,98.43,143,321,464,30.82,12,297.7,0.2,17.7,123.8,14.3,9.5,3.4,63,17,0.4,87,250,119,80
101476,KLTRS03NLZ,513244,20/02/2019,07:19,08:23,Pale Yellow,Clear,1.013,4.9,Trace,Trace,Negative,Negative,1+,Normal,Negative,7-9,0,6-18,Nil,Nil,Yeast cells,18.4,3.1,33.2,66,59,55,12.2,43.4,10108,40,47,6,7,0,1.24,2.56,0.44,0.05,0.04,920,8.7,5,0.2,17.5,2.1,0.73,0.31,0.13,186,50,86.1,38.6,193,156,3.7,1.72,0.58,0.6,0.1,0.5,121,9,17,34,6.7,3.6,3.1,1.16,0.7,7.7,3.5959,5.14,140,4.1,97,8.7,102.1,71,315,386,18.39,8.1,185.77,0.2,32.2,132.7,24.27,9.4,5.4,264,5.1,1.15,77,74,109,96
326788,GYAHD10JHJ,862099,21/02/2019,09:14,09:59,Orange,Slightly cloudy,1.016,6.6,Negative,1+,Negative,Negative,Negative,Normal,Negative,9-10,1,3-4,Nil,Nil,NIL,16.3,6.9,31.5,70.9,23,51,13.9,45.6,4045,55,38,5,11,0,9.9,2.79,0.51,0.64,0.02,219,7.5,11,0.17,15.3,2.6,0.01,2.99,0.24,163,53,158.6,37.4,187,155,3.1,2.99,0.33,0.7,0.2,0.5,77,43,12,39,8.3,3.6,4.7,0.77,0.6,19.7,9.1999,15.33,131,3.4,107,1.8,111.49,86,291,377,22.81,7.3,162.81,0.5,21.6,83.9,25.74,11.6,2.7,97,3.1,3.64,229,189,80,124
339807,MZLGI12RJK,985013,22/02/2019,07:49,08:21,Yellow,Slightly cloudy,1.013,5.4,Negative,Trace,2+,Negative,Negative,Normal,Negative,11-13,4,3-2,Nil,Few,NIL,9.6,4.4,30.1,70.8,21,31,13.7,39.9,8443,54,20,2,4,11.7,8.91,1.41,0.55,0.5,0.18,892,13.4,12,0.34,17,3.3,0.28,1.6,3.93,220,43,89.2,20.8,104,129,5.1,2.07,0.48,0.8,0.2,0.6,46,14,35,23,7,4.9,2.1,2.33,0.8,23,10.741,13.43,148,3.7,107,4.5,99.46,99,213,312,31.73,5.9,122.63,0.5,12.3,138.7,8.87,9.1,2.3,166,10.2,1.29,112,83,91,71
883336,MZLGI06BRC,574679,19/02/2019,08:15,09:00,Yellow,Slightly cloudy,1.014,6.1,Negative,Trace,Negative,Negative,Negative,Normal,Negative,7-9,2,1-2,Nil,Rare,Artifacts,12.3,5.3,56.8,92.9,23,21,11.7,44.9,8833,46,51,6,6,0,1.05,2.41,0.98,0.38,0.05,162,10.6,15,0.27,46.3,0.1,0.13,0.18,0.29,234,53,110.3,21.9,109.5,185,4.4,2.08,0.48,0.7,0.3,0.4,82,55,36,43,7.2,4.3,2.9,1.48,1.2,18.8,8.7796,7.32,142,4.6,102,8.3,104.28,221,352,573,38.57,5.1,99.67,0.8,10.9,45.3,24.06,7.6,2.5,249,5.3,2.75,122,252,79,120
295849,MZLGI05GJS,389138,19/02/2019,10:14,11:02,Dark Yellow,Slightly cloudy,1.026,5.2,Trace,Trace,Negative,Negative,Negative,Normal,Negative,97-98,0,5-13,Nil,Moderate,Amorphous debris,13.6,4.2,11,79.3,32,123,12.9,39.1,24440,46,37,10,8,0,13.62,2.12,0.22,0.26,0.02,190,9.6,19,0.38,16.3,0.8,0.65,0.79,0.16,174,52,86,5.2,26,175,3.3,1.65,0.6,0.6,0.1,0.5,82,49,19,38,6.3,4.8,1.5,3.2,1.1,18.4,8.5928,7.81,140,4.7,83,7.9,58.61,103,209,312,33.01,6.4,136.98,0.1,27.7,69.5,39.86,10.2,3.9,275,16.3,0.99,105,68,95,198
454492,MZLGI07BRC,882767,22/02/2019,11:35,12:35,Straw,Clear,1.029,4.8,Trace,Trace,Negative,Negative,Negative,Normal,Negative,2-3,1,1-4,Nil,Nil,Yeast cells,15.8,4.3,20.5,99.4,36,77,16.1,44.3,7949,56,27,0,4,10.4,6.23,3.51,1.24,0.84,0.14,971,9.7,17,0.35,13.8,3.3,0.22,0.11,0.26,200,32,79.1,87.1,435.5,117,6.3,2.47,0.4,0.2,0,0.2,66,47,11,11,6.7,4.3,2.4,1.79,1.2,5.1,2.3817,1.98,140,3.3,101,5,111.07,116,308,424,27.36,5.7,116.89,0.8,995.8,26.3,3786.31,9.8,2.5,268,4,0.008,81,75,105,99
129694,PBCHD12PBP,459488,21/02/2019,07:08,08:34,Pale Yellow,Clear,1.024,4.9,Trace,Trace,1+,Negative,Negative,Normal,Negative,14-15,2,1-2,Nil,Nil,Artifacts,10,6.8,41.9,74.3,14,23,13.9,43.1,7816,55,23,3,15,0,5.18,6.86,0.73,0.18,0.08,377,5.4,17,0.45,33.1,6.4,0.18,0.11,0.92,178,80,48.3,5,25,107,2.2,0.6,1.66,0.8,0.1,0.7,129,21,25,28,6.9,3.8,3.1,1.23,1.2,14.5,6.7715,5.64,137,3.3,94,4.2,113.96,97,209,306,31.7,8.1,185.77,0.2,17.6,137.3,12.82,10.2,3.7,256,12,2.92,77,76,90,98
509745,GYAHD06KLM,853877,21/02/2019,10:56,11:43,Pale Yellow,Clear,1.011,4.6,Trace,Trace,Negative,Negative,Negative,Normal,Negative,10-11,1,2-2,Nil,Nil,Mucus threads,17.9,5.7,57.8,85.4,31,30,13.3,45.6,4975,56,26,5,5,0,20.14,2.96,0.78,0.48,0.06,1192,8.9,11,0.26,13.5,0.1,0.09,0.48,0.22,161,55,90.7,18.2,91,186,2.9,1.65,0.61,0.2,0,0.2,69,50,39,45,7.9,4.3,3.6,1.19,0.6,15.3,7.1451,11.91,110,3.3,109,2.9,55.91,125,355,480,26.04,7.5,168.55,0.6,298.1,140,212.93,10.3,3.9,169,13.1,0.42,92,117,115,164
343123,PBCHD15GAM,983688,19/02/2019,06:40,08:03,Yellow,Hazy,1.021,4.8,Negative,1+,2+,Negative,1+,Normal,Negative,13-15,4,3-2,Nil,Nil,Fat droplets or lipiduria,1.7,4.9,49.9,92.2,3,3,12.8,45.9,6500,22,19,2,12,0,1.41,2.01,0.75,0.36,0.03,196,10.4,16,0.51,33.8,0.9,0.33,0.19,0.04,196,54,63.8,22.8,114,76,3.6,1.18,0.85,1,0.3,0.7,125,37,30,24,5.4,5,0.4,12.5,0.8,16.8,7.8456,9.81,127,3.5,96,2.7,114.47,62,351,413,15.01,6.3,134.11,3.8,13.4,22.4,59.82,8.7,5.1,69,3,1.8,101,194,95,172
324166,KLTRS06TSS,921089,19/02/2019,09:25,10:11,Dark Yellow,Clear,1.011,4.6,3+,Negative,Negative,Negative,Negative,Normal,Negative,13-15,0,1-3,Moderate,Nil,NIL,17.3,5.4,42.9,82.8,32,40,13.7,42.4,9161,41,18,5,3,0,0.66,4.76,0.23,0.03,0.02,396,11.1,11,0.34,20.3,3.6,0.28,0.25,0.76,179,50,112,63.1,315.5,99,3.6,2.24,0.45,0.9,0.3,0.6,117,38,30,25,7.7,4,3.7,1.08,0.9,14,6.538,7.26,137,2.6,98,5.3,92.14,209,348,557,37.52,6.1,128.37,0,266.9,450.6,59.23,10.4,3.4,82,7.4,9.87,88,88,103,222
162743,KLTRS07KLP,411418,19/02/2019,07:49,08:38,Pale Yellow,Clear,1.02,5,Trace,Trace,Negative,1+,Negative,1+,Positive,24-28,1,3-4,Nil,Nil,NIL,16.2,4.6,37.4,99.8,35,43,13.8,43.3,10863,31,34,6,5,0,1.27,1.36,0.87,0.4,0.05,201,9.9,15,0.29,14.4,4.2,0.38,0.05,0.09,204,27,87.9,17.4,87,84,7.6,3.26,0.31,1,0.3,0.7,117,34,24,32,7.5,3.6,3.9,0.92,0.9,12.2,5.6974,6.33,141,4.2,96,2.6,101.42,157,265,422,37.2,6.2,131.24,6.7,15.2,48.2,31.54,10.5,4.3,94,7.5,1.72,119,165,85,258
524928,GYAHD09ODK,333375,22/02/2019,09:35,10:09,Straw,Slightly cloudy,1.011,6.8,Negative,Trace,1+,Negative,Negative,Normal,Negative,8-9,1,1-3,Nil,Nil,Yeast cells,11.6,5.8,32,74.7,20,36,12.3,43.7,5376,51,29,1,6,0,8.88,1.85,0.07,0.96,0.19,109,7.9,17,0.35,19.9,4,0.11,6.41,0.21,150,56,125.9,66.2,331,69,2.7,2.25,0.44,3.9,1.9,2,66,14,22,18,5.8,3.8,2,1.9,0.6,17.3,8.0791,13.47,137,2.6,115,3.1,108.93,124,357,481,25.78,5.8,119.76,0,11.7,52.1,22.46,11.4,2.2,105,13.9,9.98,89,69,97,138
543208,GYAHD10ODK,611829,22/02/2019,11:37,12:19,Pale Yellow,Clear,1.026,4.6,Trace,Negative,Negative,Negative,Negative,Normal,Negative,12-14,4,1-2,Rare,Nil,Mucus threads,13.4,6.4,13.1,53.4,20,102,14.4,42,32660,57,39,2,3,0,2.49,3.84,0.64,0.09,0.07,271,11,17,0.13,12.5,3.3,0.14,0.24,0.14,155,57,73.2,18.4,92,118,2.7,1.28,0.78,0.7,0.3,0.4,119,43,11,34,6.7,4.4,2.3,1.91,0.6,13.9,6.4913,10.82,145,3.7,104,2.9,99.88,137,191,328,41.77,6.5,139.85,2.6,15.5,98.6,15.72,8.1,4.6,72,12.2,3.58,98,77,86,86
681216,MZLGI15BRC,385911,21/02/2019,07:01,08:07,Yellow,Clear,1.017,4,Negative,Trace,Negative,Negative,Negative,Normal,Negative,74-75,1,1-2,Nil,Nil,Fat droplets or lipiduria,14.5,4.3,34.2,93.9,33,42,12,45.8,9233,55,18,3,6,0.7,2.09,0.42,0.72,0.08,0.08,440,8.1,14,0.39,21.5,0.1,0.04,0.31,0.06,205,34,94,12.2,61,138,6,2.76,0.36,0.5,0.2,0.3,111,35,14,18,7.2,3.7,3.5,1.06,1,14.3,6.6781,6.68,138,4,102,4.4,74.62,218,295,513,42.5,6.3,134.11,0.5,276.9,76.8,360.55,10.1,6,233,6.8,3.01,140,111,113,72
591383,GYAHD11KLM,278573,22/02/2019,09:07,10:34,Light Yellow,Clear,1.028,4.7,3+,Negative,Negative,Negative,Trace,Normal,Negative,2-4,1,1-2,Rare,Nil,NIL,9.1,4.6,22.7,98.5,19,40,13.9,42.9,9174,52,22,1,2,0,1.68,2.78,0.12,0.5,0.08,449,9.2,15,0.27,43,6.2,0.22,0.13,0.15,200,49,74.2,52.3,261.5,177,4.1,1.51,0.66,1,0.3,0.7,64,37,19,10,6.7,4.3,2.4,1.79,1.2,11.3,5.2771,4.4,130,3.9,105,5.1,104.06,126,346,472,26.69,7.3,162.81,0.3,26.6,150.4,17.69,11.4,5.6,153,12.6,0.05,85,76,118,122
281999,KLTRS13KLP,596597,19/02/2019,11:18,12:34,Pale Yellow,Clear,1.014,6.6,Negative,3+,Negative,Negative,Negative,Normal,Negative,4-5,0,2-4,Nil,Rare,NIL,9.2,5,48.3,84.7,18,19,12.3,44.5,10996,31,31,5,14,0.7,5.77,2.9,0.86,0.24,0.04,35,7.7,11,0.74,28.3,4.4,0.31,0.08,2.62,143,54,99.7,29.5,147.5,173,2.6,1.85,0.54,1.7,0.8,0.9,56,17,21,8,6.3,3.7,2.6,1.42,1.8,10.1,4.7167,2.62,144,3.4,96,5.9,69.95,113,243,356,31.74,10,240.3,0.9,23.6,244.3,9.66,9.5,2.7,173,12.6,2.67,100,109,83,190
489332,GYAHD13KLM,419697,21/02/2019,07:44,08:46,Light Yellow,Hazy,1.025,4.8,4+,Trace,Negative,Negative,Negative,Normal,Negative,3-5,0,3-4,Rare,Nil,Fat droplets or lipiduria,12,4.6,64.5,87.1,26,18,13.7,40.4,8665,46,36,2,11,0,2.18,1.64,0.65,0.22,0.09,111,7.4,23,0.24,27.2,0.4,0.34,0.39,4.07,174,48,87.9,90,450,168,3.6,1.83,0.55,0.9,0.3,0.6,44,22,12,14,6.9,3.7,3.2,1.16,0.7,12.3,5.7441,8.21,100,4,107,5.4,112.38,105,124,229,45.85,8.5,197.25,0.9,27.1,263.6,10.28,10.2,3.4,166,4.9,3.26,76,170,103,89
828189,KLTRS05TSS,586305,19/02/2019,10:41,11:15,Orange,Clear,1.018,5.6,Negative,Negative,Negative,Negative,Negative,Normal,Negative,4-6,2,3-2,Nil,Nil,Parasites,2.4,5.1,45.7,56.5,4,5,12.5,42.8,51693,33,29,7,5,0,1.78,1.08,0.58,0.38,0.03,336,6.4,10,0.27,22.3,1.4,0.2,0.01,0.74,235,42,109.1,60.6,303,127,5.6,2.6,0.38,0.9,0.2,0.7,75,10,36,42,6.3,4.3,2,2.15,0.6,8.2,3.8294,6.38,138,4.9,104,3.9,101.78,79,356,435,18.16,6.1,128.37,0.7,25,457.7,5.46,10.4,3.3,160,4.9,2.49,117,99,219,84
907201,PBCHD09KLC,585467,22/02/2019,07:52,08:40,Yellow,Milky,1.011,4.6,3+,Negative,Negative,Negative,Negative,Normal,Negative,10-12,1,10-8,Nil,Nil,Mucus threads,10.9,4.6,38,84.2,23,28,14,42.8,10565,54,17,4,10,0,0.84,1.44,0.71,0.35,0.03,401,7.9,9,0.34,21.1,6.7,0.36,0.23,0.16,115,25,89.2,47.4,237,163,4.6,3.57,0.28,0.4,0,0.4,63,50,39,47,7.3,4.7,2.6,1.81,2.2,10.1,4.7167,2.14,138,4.9,98,4.4,98.66,41,251,292,14.04,5.7,116.89,0.8,25.1,113.3,22.15,10.2,3.4,116,8.2,1.2,70,100,101,87
851495,MZLGI15GJS,209281,20/02/2019,07:55,09:23,Green,Clear,1.011,4.5,Trace,Trace,Negative,Negative,Negative,Normal,Negative,70-72,0,1-3,Nil,Rare,Fat droplets or lipiduria,16,2.2,55.3,88.6,72,28,13.9,43.6,23045,51,50,1,7,0,3.48,2.88,0.65,0.62,0.07,363,12,14,0.31,42.5,2.6,4.17,0.71,0.21,1000,46,90.3,25.7,128.5,68,21.7,1.96,0.51,0.2,0,0.2,84,50,39,44,8.1,4.2,3.9,1.08,0.8,10.5,4.9035,6.13,137,4.8,108,3.2,105.73,77,354,431,17.87,7.3,162.81,0.9,10.7,287.2,3.73,10.9,5.4,273,10.4,9.69,166,94,96,338
665912,KLTRS05TSS,780073,19/02/2019,07:51,08:28,Pale Yellow,Clear,1.018,4.5,Negative,Negative,Trace,Trace,Negative,Normal,Negative,11-12,1,3-2,Rare,Nil,NIL,13.4,5.1,51,86.6,26,26,15.2,42.9,4402,42,40,1,2,0,1.1,3.69,0.78,0.03,0.01,152,7.2,11,0.38,14.9,0.1,0.08,0.12,0.83,229,50,98,8.2,41,63,4.6,1.96,0.51,0.6,0.1,0.5,81,31,13,23,5.2,4.7,0.5,9.4,1.2,183,85.461,71.22,142,5.3,99,5.9,112.31,132,245,377,35.01,7.3,162.81,0.4,14.8,85,17.41,9.1,3.3,161,12.2,3.42,152,85,77,147
710136,PBCHD02HPP,671717,23/02/2019,11:27,12:30,Pale Yellow,Clear,1.011,6.9,Trace,Negative,Negative,Negative,Negative,Normal,Negative,6-7,0,2-3,Nil,Nil,Fungal elements,12,4.9,39.3,82.4,24,30,12.7,34.4,8870,22,31,4,8,0,3.94,0.79,0.95,0.14,0.05,268,5.2,17,0.25,17.7,0.1,0.27,0.3,0.33,179,63,89.9,34.4,172,186,2.8,1.43,0.7,1,0.1,0.9,40,13,40,21,6.5,4.7,1.8,2.61,0.8,19.5,9.1065,11.38,145,3.7,101,5.6,105.34,155,296,451,34.37,8.7,202.99,0.7,12.1,68.8,17.59,9.4,5.2,231,3.8,5.75,72,72,97,83
689221,PBCHD06PBM,291836,21/02/2019,10:44,11:57,Pale Yellow,Hazy,1.01,6.9,Negative,Negative,Negative,Negative,Negative,Normal,Negative,49-53,2,1-4,Rare,Rare,Fat droplets or lipiduria,14.8,5.4,54.6,71.2,27,27,13.9,43.2,7011,54,27,4,8,0,1.3,2.75,0.47,0.17,0.08,123,11,12,0.51,31.4,4.3,3.54,0.06,0.06,214,40,98,68.3,341.5,188,5.4,2.45,0.41,0.3,0.1,0.2,108,59,43,24,6.3,3.6,2.7,1.33,0.7,13.3,6.2111,8.87,147,4.8,96,5.1,96.5,123,357,480,25.63,5.8,119.76,0.1,17.7,143.2,12.36,9.7,5.3,305,6.1,0.41,84,95,76,105
759388,GYAHD09ODK,909298,23/02/2019,09:37,10:14,Light Yellow,Clear,1.011,6.6,Negative,Trace,Negative,Negative,Negative,Normal,Negative,7-8,1,2-3,Nil,Nil,NIL,13.9,4.8,52,91.5,28,26,14.3,45.9,8788,59,38,6,7,0,1.32,4.34,0.81,0.06,0.13,610,12.3,11,0.38,16.4,1.6,0.1,0.37,0.36,200,48,104.7,35.4,177,177,4.2,2.18,0.46,0.8,0.2,0.6,105,39,18,19,5.5,4.3,1.2,3.58,0.7,56.1,26.1987,37.43,135,2.1,101,2.1,72.55,103,142,245,42.04,8.6,200.12,0.1,881.9,115.2,765.54,11.4,5,189,13,2.4,75,81,71,73
226443,GYAHD02JHJ,667205,23/02/2019,07:46,09:04,Light Yellow,Clear,1.019,4.8,3+,Trace,Negative,Negative,Negative,Normal,Negative,16-21,0,>20,Nil,Nil,NIL,4,4.9,33.5,92.4,8,11,14.5,47.9,7064,78,53,6,10,0,9.86,2.6,0.48,0.45,0.14,415,14.9,12,0.53,16.7,0.1,0.01,0.03,3.43,178,50,71.1,27.2,136,122,3.6,1.42,0.7,1.9,0.9,1,66,53,38,15,7.7,5,2.7,1.85,0.7,18.4,8.5928,12.28,124,3.6,94,3.6,109.23,183,104,287,63.76,5.1,99.67,0.8,20.5,146.9,13.96,11.7,3.3,111,7.3,0.09,99,68,87,88
286200,GYAHD06JHJ,587569,21/02/2019,06:39,07:14,Straw,Clear,1.018,6.6,1+,Negative,Negative,1+,Negative,Normal,Negative,6-7,0,>20,Rare,Nil,Parasites,12.3,5,22,75.6,24,55,12.6,42.1,7879,58,40,5,8,0,1.34,0.73,0.41,0.19,0.05,118,8.6,14,0.59,27.1,0.4,0.34,0.24,1.9,200,57,122.7,38.7,193.5,74,3.5,2.15,0.46,0.7,0.2,0.5,76,39,10,47,8.1,4.3,3.8,1.13,1,6.1,2.8487,2.85,149,5.6,92,4.4,95.29,140,256,396,35.35,7.2,159.94,0.5,19,49.3,38.54,9.4,1.9,275,4.6,0.15,100,95,96,84
199627,PBCHD09MHS,422934,19/02/2019,09:23,10:07,Pale Yellow,Hazy,1.017,5,Trace,Trace,Negative,Negative,Negative,Normal,Negative,TNTC,2,1-4,Nil,Rare,NIL,14.8,5,33.2,75,29,44,13.4,43.1,9198,54,14,1,7,0,9.66,1.5,0.2,0.56,0.1,95,8.2,17,0.31,30.1,4.8,0.77,2.2,0.06,185,65,130.1,24.6,123,200,2.8,2,0.5,0.5,0.1,0.4,41,16,12,33,8.3,4.4,3.9,1.13,1.2,51.5,24.0505,20.04,137,3.2,105,3.2,93.37,70,302,372,18.82,10.6,257.52,0.9,204.5,62,329.84,8.8,4.6,61,9.8,5.9,127,124,87,92
692464,PBCHD11PBP,510058,22/02/2019,09:59,10:38,Light Yellow,Hazy,1.01,5.2,3+,Trace,Negative,Negative,Negative,Normal,Negative,1-3,2,1-2,Nil,Nil,NIL,16.8,8.3,49.2,84.9,20,34,14.1,43.3,5041,63,22,5,2,0,2.81,1.92,0.56,0.36,0.05,308,8.7,19,0.3,18.9,0.1,0.73,0.2,3.63,152,43,84.7,11.8,59,69,3.5,1.97,0.51,0.3,0.1,0.2,189,45,17,44,7.8,4.3,3.5,1.23,0.7,9.7,4.5299,6.47,135,5.7,96,3.3,98.1,142,353,495,28.69,8.4,194.38,0.3,15.2,212.6,7.15,9.8,3.8,76,12.3,3.79,104,72,82,142
494945,PBCHD08SKM,619972,22/02/2019,07:18,07:51,Light Yellow,Slightly cloudy,1.013,6.8,Negative,3+,Negative,Negative,Negative,Normal,Negative,8-9,5,3-4,Few,Rare,Amorphous debris,16.3,5.2,42,88.2,31,38,14.3,38.8,7546,47,38,2,12,0,1.61,2.08,0.35,0.15,0.01,591,16.3,19,0.23,39,2.8,0.27,0.19,0.28,177,36,71,25.5,127.5,131,4.9,1.97,0.51,0.6,0.1,0.5,70,34,23,39,6.6,5,1.6,3.13,0.6,14.6,6.8182,11.36,140,3.6,101,4.7,99.68,157,341,498,31.53,9.6,228.82,0.5,13.8,125,11.04,8.1,3.9,183,7.9,0.3,108,98,237,248
966160,KLTRS11NLZ,865689,22/02/2019,07:23,08:45,Deep Amber,Slightly cloudy,1.016,4.6,Negative,Negative,Negative,Negative,Negative,Normal,Negative,10-12,0,1-3,Rare,Rare,Artifacts,12.2,4.5,51.9,82.4,27,23,13.6,43,8377,48,20,5,2,0,5,2.61,0.64,0.13,0.14,257,7.2,6,0.27,19.5,4,0.39,0.19,0.01,123,64,98.3,32.9,164.5,120,1.9,1.54,0.65,1,0.3,0.7,129,17,20,26,6.6,3.6,3,1.2,1.2,6.3,2.9421,2.45,111,2.1,95,4.3,101.61,68,334,402,16.92,8.7,202.99,0.5,14.7,23.2,63.36,10.4,2.6,171,9.6,4.7,146,124,93,119
751778,GYAHD01ODK,263725,23/02/2019,06:27,07:49,Deep Amber,Clear,1.011,7,Trace,Negative,Negative,Negative,Negative,Normal,Negative,7-8,1,3-3,Nil,Moderate,NIL,17.7,4.6,60.9,97.7,38,29,11.9,45.5,4572,30,47,6,2,0,6.51,2.22,0.61,0.07,0.08,265,11.9,17,0.39,17.5,4.8,0.71,2.51,0.05,109,42,143.2,26.9,134.5,100,2.6,3.41,0.29,0.8,0.2,0.6,93,33,15,12,7.1,4.3,2.8,1.54,0.6,18,8.406,14.01,137,1.6,96,4,112.05,69,285,354,19.49,5.9,122.63,0.2,14.7,46.3,31.75,11.1,2.8,65,4.4,1.79,96,60,115,120
490687,PBCHD13PBP,364034,21/02/2019,06:31,07:43,Light Yellow,Slightly cloudy,1.017,5.6,1+,Trace,Negative,Negative,Negative,Normal,Negative,13-14,0,2-3,Few,Nil,Mucus threads,17.7,5.8,29.6,85.4,30,59,12.6,44.1,9495,79,42,3,4,0,4.11,2.61,0.4,0.05,0.04,892,13.6,12,0.35,14.7,4.4,0.35,0.12,0.07,193,32,115.9,34.7,173.5,101,6,3.62,0.28,0.8,0.3,0.5,91,55,40,46,6.4,4.4,2,2.2,1,8.1,3.7827,3.78,121,4.9,102,5,100.52,162,355,517,31.33,6.1,128.37,0.2,15,275.7,5.44,8.3,4.1,115,15.1,6.38,112,90,96,267
170923,KLTRS02MLT,537973,20/02/2019,08:52,09:38,Pale Yellow,Hazy,1.013,6.7,Negative,Negative,Negative,Negative,Negative,Normal,Negative,TNTC,1,>20,Nil,Rare,NIL,15.1,4.5,41.9,86.7,33,36,14,42.6,8188,56,20,4,4,0,6.67,5.92,0.87,0.5,0.07,207,6.2,13,0.08,30.4,6.4,0.13,0.09,3.55,113,40,76.6,31.4,157,69,2.8,1.92,0.52,1.3,0.6,0.7,49,33,23,12,6.8,3.7,3.1,1.19,0.6,18.3,8.5461,14.24,115,3.3,106,4.9,102.73,80,333,413,19.37,11.5,283.35,0.4,14.4,408.3,3.53,10.1,5.3,138,3.4,12.83,100,65,113,138
950377,MZLGI12MHP,421816,22/02/2019,11:27,12:11,Pale Yellow,Clear,1.015,6.7,Trace,Trace,Negative,Negative,Negative,Normal,Negative,9-10,1,3-2,Few,Rare,NIL,13.3,5.7,17.5,91.7,23,76,13.9,43,8832,57,33,10,8,0,5.03,1.68,0.5,0.13,0.02,242,5.4,14,0.34,22.3,3.2,0.76,0.99,0.35,191,26,115.3,10.6,53,110,7.3,4.43,0.23,0.4,0,0.4,97,8,32,44,8.3,4.5,3.8,1.18,0.8,13.7,6.3979,8,135,4.1,97,2.9,54.3,119,295,414,28.74,11,269,0.3,12.7,53.6,23.69,7.7,3.8,192,10.4,1.93,113,82,102,203
304730,MZLGI11BRC,973862,19/02/2019,11:57,12:52,Yellow,Slightly cloudy,1.021,6,Trace,Trace,Negative,Negative,Negative,Normal,Negative,4-5,1,2-4,Nil,Nil,NIL,11,6.7,51.4,75.9,16,21,12.3,39.2,10940,32,27,6,8,0.4,4.95,2.51,1.14,0.53,0.02,463,7.2,20,0.37,33.1,1.7,3.45,0.38,2.95,137,24,78.7,9.5,47.5,94,5.7,3.28,0.3,0.2,0,0.2,46,30,11,40,6.9,3.5,3.4,1.03,0.6,18.7,8.7329,14.55,135,3.9,102,5.8,95.54,183,131,314,58.28,6.4,136.98,0.6,480.5,128.2,374.8,11,5.1,272,6.2,1.37,84,115,76,139
964497,KLTRS01MLT,347833,19/02/2019,06:52,07:30,Light Yellow,Clear,1.014,4.8,Trace,Negative,Negative,Negative,Negative,Normal,Negative,7-8,5,1-4,Nil,Nil,Parasites,13.4,6.5,32.7,56.4,20,40,13.9,45.5,8805,41,36,4,5,0,0.63,1.88,0.47,0.27,0.02,231,16.2,10,0.18,26.1,2.6,2.15,0.11,0.94,179,30,83.8,52.8,264,81,6,2.79,0.36,0.4,0.1,0.3,122,42,37,19,6,3.2,2.8,1.14,1,16.6,7.7522,7.75,133,4.4,108,5.4,110.19,139,356,495,28.08,5.8,119.76,0.7,27.2,115.2,23.61,9.7,4.1,89,7.8,0.98,107,153,71,123
139278,MZLGI04MHP,277818,23/02/2019,11:16,12:30,Orange,Clear,1.014,4.7,Negative,Negative,Negative,Negative,Negative,Normal,Negative,11-12,0,3-3,Nil,Nil,NIL,15.4,4.1,53.3,126.8,37,28,13,32.5,6926,60,47,4,3,2.2,3.38,4.25,0.51,0.07,0.06,391,7.9,12,0.22,31.1,4.6,0.17,0.67,0.17,225,21,87.3,37.7,188.5,126,10.7,4.16,0.24,0.5,0,0.5,107,54,17,20,6.8,4.2,2.6,1.62,0.9,10.6,4.9502,5.5,142,5.7,102,2.5,117.84,149,357,506,29.45,7.5,168.55,0.4,18.8,95.9,19.6,12,2.7,121,3.3,2.09,100,69,80,176
150964,KLTRS08WBD,206117,23/02/2019,06:48,07:27,Deep Amber,Hazy,1.015,5.6,1+,Negative,Negative,Negative,Negative,Normal,Negative,6-7,2,17-17,Nil,Nil,Yeast cells,15.8,8.4,44.9,89.1,18,35,13.2,39.7,5430,58,27,2,2,0,8.85,4.6,0.74,0.2,0.1,1061,9.7,11,0.17,12.3,6.2,0.03,0.33,0.31,168,50,40.6,11.7,58.5,70,3.4,0.81,1.23,0.5,0.1,0.4,119,26,21,32,7.1,4.5,2.6,1.73,1,9.8,4.5766,4.58,146,5,105,5.9,13.29,96,154,250,38.4,7.1,157.07,0.2,14.7,107.3,13.7,9.9,2.3,177,7,0.21,93,125,79,121
361085,MZLGI05MHP,620391,20/02/2019,11:58,12:50,Deep Amber,Slightly cloudy,1.013,5,1+,Negative,Negative,Negative,1+,Normal,Negative,13-15,0,3-2,Few,Moderate,NIL,20.7,6.9,32.1,93.5,30,64,13.5,42.3,9270,50,10,6,3,0,0.07,1.3,0.23,0.25,0.03,159,7.9,10,0.25,15,4.3,0.3,0.01,0.2,143,23,96.1,21.9,109.5,91,6.2,4.18,0.24,0.7,0.3,0.4,215,28,12,24,8.2,4.6,3.6,1.28,1.1,25.7,12.0019,10.91,127,3.6,106,6.7,106.5,142,291,433,32.79,6,125.5,0.1,25.1,129.3,19.41,12,4.5,144,4.3,9.14,121,61,99,104
812982,GYAHD02ODK,151553,19/02/2019,06:01,07:21,Straw,Slightly cloudy,1.025,5.3,Negative,Negative,Negative,Negative,Negative,Normal,Negative,TNTC,3,1-3,Nil,Nil,Parasites,13.8,6.6,29.7,56.9,20,46,14,44.9,5930,44,19,2,7,0,5.24,0.89,0.68,0.31,0.05,303,11,14,0.19,13.2,4.1,1.76,2.11,0.34,201,52,101.3,7.7,38.5,204,3.9,1.95,0.51,0.9,0.2,0.7,88,35,34,37,8.1,3.4,4.7,0.72,1.2,21.5,10.0405,8.37,135,2.8,101,3.4,64.42,65,98,163,39.88,6.9,151.33,0.5,18.3,245.3,7.46,9.1,3.1,207,5,1.55,102,99,235,400
636098,KLTRS07TSS,722515,23/02/2019,06:54,08:08,Pink,Clear,1.012,5.7,2+,Negative,Negative,Negative,Negative,Normal,Negative,10-11,1,5-8,Nil,Nil,NIL,15.1,5.1,45.3,93.1,29,33,13.7,40.8,9036,49,42,3,4,0,4.58,7.09,0.24,0.67,0.21,238,13,12,0.33,16.3,2.7,0.07,0.06,3.34,239,58,84.3,18.3,91.5,62,4.1,1.45,0.69,0.5,0,0.5,91,6,36,42,6.2,4.5,1.7,2.65,1,27.5,12.8425,12.84,145,4.4,105,2.7,107.9,101,342,443,22.8,8.3,191.51,0.9,10.3,114.2,9.02,6.3,3.1,143,10.9,2.92,81,77,85,179
915304,PBCHD06GAM,407276,19/02/2019,08:45,09:22,Light Yellow,Clear,1.016,4.7,Negative,Trace,Negative,Negative,Negative,Normal,Negative,13-15,2,14-18,Nil,Rare,Mucus threads,3.4,4.1,57.5,93.5,8,5,13.9,41.9,22852,40,49,4,8,0,1.52,3.75,0.72,0.46,0.1,371,11.9,13,0.33,17.2,0.5,0.49,0.27,0.47,224,54,89.9,49.6,248,201,4.1,1.66,0.6,0.2,0,0.2,62,3,39,24,6.2,3.7,2.5,1.48,1,12.4,5.7908,5.79,138,4.5,106,2.5,90.06,136,359,495,27.47,8.5,197.25,0.7,15.4,179.8,8.57,9.8,3.8,173,9.9,0.09,130,145,115,88
198700,KLTRS15WBD,759158,22/02/2019,11:41,13:09,Straw,Clear,1.012,7.8,1+,Trace,Negative,Negative,Negative,Normal,Negative,6-7,1,3-3,Nil,Nil,NIL,11.1,6.5,26.8,67.3,17,41,11.6,40.6,4037,43,41,5,10,0,6.49,1.02,0.03,0.46,0.11,440,7.3,10,0.26,14.9,1.7,0.37,0.08,0.07,204,58,58.6,16.3,81.5,178,3.5,1.01,0.99,0.5,0.2,0.3,59,52,10,41,7.4,4.8,2.6,1.85,1.2,13,6.071,5.06,146,4.5,105,2.2,46.94,114,147,261,43.68,5.8,119.76,0.7,11.1,104.3,10.64,10.1,3.2,91,5.3,1.01,72,70,107,79
872070,GYAHD05ODK,635878,22/02/2019,06:02,07:27,Light Yellow,Slightly cloudy,1.014,6.9,3+,Negative,Negative,Negative,Negative,Normal,Negative,11-13,5,3-2,Nil,Rare,Amorphous debris,11.7,4.2,36.4,78,27,32,11.9,41.4,3162,59,26,9,6,0,6.03,1.09,0.7,0.28,0.17,396,16.5,10,0.15,33.9,2,0.29,0.08,0.19,185,40,84.5,18,90,87,4.6,2.11,0.47,0.4,0.1,0.3,102,28,11,35,6.1,4.3,1.8,2.39,0.7,13.2,6.1644,8.81,132,3.7,98,5.1,115.71,164,306,470,34.89,8.7,202.99,0.4,13.7,533.2,2.57,8,3.6,49,5.2,3.06,113,94,165,113
563541,PBCHD05GAM,278048,19/02/2019,07:21,08:17,Green,Cloudy,1.032,5.1,Trace,Trace,Trace,Negative,Negative,Normal,Negative,80-85,2,3-4,Few,Nil,NIL,11.3,2,22.2,87.7,56,50,13.9,39.4,8010,30,44,6,15,0,0.9,1.45,0.4,0.58,0.02,320,15,18,0.07,27.4,3.1,0.37,0.61,2.52,196,42,121.3,12.3,61.5,92,4.7,2.89,0.35,0.5,0.2,0.3,75,52,14,27,6.4,4.9,1.5,3.27,1.2,19.7,9.1999,7.67,144,3.3,101,5.1,101.67,165,360,525,31.43,7.5,168.55,0.7,22.4,36.4,61.54,8.6,2,197,3.6,3.69,116,108,107,139
658587,PBCHD15PBP,763338,22/02/2019,09:23,10:07,Straw,Slightly cloudy,1.013,8.5,Negative,Trace,Negative,Negative,Negative,Normal,Negative,5-6,0,2-2,Moderate,Rare,Fungal elements,21.1,5.2,45.2,98.3,40,46,15.1,40.3,6254,49,24,7,6,0.6,1.99,1.04,0.52,0.64,0.04,215,13.2,14,0.36,13.8,4.8,0.14,0.2,0.5,170,29,65.2,44.7,223.5,184,5.9,2.25,0.44,1,0.3,0.7,48,27,19,15,6.9,4.1,2.8,1.46,1.4,31.2,14.5704,10.41,138,4.7,97,4.3,119.12,103,119,222,46.4,5.8,119.76,0.1,23.7,31,76.45,9.1,3.2,164,9.4,3.05,84,189,75,218
594563,MZLGI11APK,379488,19/02/2019,07:00,08:09,Pale Yellow,Slightly cloudy,1.019,5.3,Trace,Trace,Negative,Negative,Negative,Normal,Negative,TNTC,1,2-3,Nil,Nil,Parasites,8.5,4.2,46.8,74.8,20,18,15.5,45.5,6506,41,31,1,12,0,1.33,4.67,1.01,0.48,0.05,244,9.5,11,0.34,19,1.6,0.12,0.06,3.2,239,26,88.4,11.1,55.5,202,9.2,3.4,0.29,0.8,0.2,0.6,71,29,21,14,7.5,5,2.5,2,0.6,6.4,2.9888,4.98,125,5.5,102,3,110.5,186,279,465,40,11.3,277.61,0.2,17.2,101.5,16.95,10.3,5.6,184,17.7,0.93,194,116,89,83
233154,PBCHD13PBP,339828,19/02/2019,10:41,11:59,Light Yellow,Clear,1.03,4.6,Trace,Trace,Negative,2+,Negative,Normal,Negative,1-2,0,3-4,Rare,Few,NIL,10,5,54.1,72.9,20,18,11.6,38.2,4908,37,50,6,8,1.9,8.7,2.02,0.64,0.41,0.11,49,13.9,16,0.21,25.7,3.8,6.65,0.19,0.32,198,27,98.4,68.7,343.5,100,7.3,3.64,0.27,0.5,0.1,0.4,81,20,17,9,6.9,4.4,2.5,1.76,0.8,16.4,7.6588,9.57,137,5.2,103,5.5,98.23,167,301,468,35.68,6,125.5,0.9,11,23.9,46.03,11.9,5.6,111,9.2,1.34,76,156,88,113
622372,KLTRS06NLZ,807555,23/02/2019,06:12,07:01,Pale Yellow,Slightly cloudy,1.013,5.1,Trace,Negative,Negative,Negative,Negative,Normal,Negative,TNTC,2,2-3,Rare,Nil,NIL,11.2,4.5,22.8,121.9,24,49,16,40.3,7793,75,20,3,2,0,1.47,2.97,0.32,0.34,0.14,428,8.5,17,0.38,28.2,1.3,0.35,0.27,0.02,186,46,55.8,95.7,478.5,148,4,1.21,0.82,0.3,0.1,0.2,80,15,38,40,7.9,4.5,3.4,1.32,0.7,17.5,8.1725,11.68,122,3.7,108,2.1,47.41,134,104,238,56.3,6,125.5,0.2,63.6,104.1,61.1,11.3,3.6,172,14.5,0.28,95,73,84,123
300610,KLTRS15KLP,397056,22/02/2019,09:34,10:52,Orange,Clear,1.018,5.3,Trace,Trace,Negative,Negative,Negative,Normal,Negative,TNTC,1,3-4,Nil,Moderate,NIL,16.4,5.9,13,72.9,27,126,12,41.8,4440,72,32,1,12,0,6.26,2.25,0.98,0.18,0.06,145,17,19,0.55,12.3,0.1,0.14,0.28,0.14,191,31,104.6,27.1,135.5,142,6.2,3.37,0.3,4.5,2.2,2.3,62,16,23,22,7,3.5,3.5,1,0.8,16.6,7.7522,9.69,148,5.7,108,3,115.59,120,136,256,46.88,6.1,128.37,0.9,12.6,112.2,11.23,7.6,6.8,200,10.1,1.18,198,182,88,169
917043,KLTRS07MLT,440673,22/02/2019,10:07,10:38,Pale Yellow,Slightly cloudy,1.01,6.8,Negative,Negative,Negative,Trace,Negative,Normal,Negative,11-13,1,3-4,Nil,Nil,Fat droplets or lipiduria,18.8,4.6,35,96,40,53,14.4,46,10505,40,32,3,6,0,5.46,4.18,0.29,0.11,0.02,295,7.1,11,0.05,36.1,0.6,0.84,0.04,0.14,163,52,119.9,33.6,168,190,3.1,2.31,0.43,1.5,0.7,0.8,120,3,11,41,6.9,3.6,3.3,1.09,0.8,14.2,6.6314,8.29,138,5.3,108,5.1,128.78,193,115,308,62.66,7.3,162.81,0.5,13.2,31.1,42.44,9.9,4.4,85,5,4.4,172,188,89,125
429927,GYAHD05KAU,535447,21/02/2019,11:12,12:27,Yellow,Slightly cloudy,1.024,6.7,Trace,Negative,Negative,Negative,Negative,Normal,Negative,5-6,2,3-3,Nil,Few,NIL,9.9,5.7,33,61,17,30,14.2,41.8,10586,60,28,20,2,0,0.67,2.19,0.21,0.21,0.02,163,7.9,17,0.34,35,3.9,0.01,0.16,0.06,165,31,91.8,65.7,328.5,185,5.3,2.96,0.34,1.9,0.9,1,165,47,11,40,8.1,4.4,3.7,1.19,1,19.6,9.1532,9.15,136,3.6,112,3.3,108.16,168,282,450,37.33,8.2,188.64,0,12.3,46.1,26.68,9.3,4.2,246,10.4,6.89,194,98,87,98
872696,MZLGI06APK,586237,19/02/2019,10:03,11:27,Orange,Hazy,1.012,4.3,Negative,Negative,Negative,Negative,Negative,Normal,Negative,10-11,0,3-4,Few,Nil,NIL,20.7,4.1,37.2,97.2,50,55,13.1,44.1,4688,43,27,1,20,0,7.2,3.92,0.77,0.46,0.18,119,8.6,17,0.37,19.1,1.3,0.23,0.03,0.05,193,40,87.3,8.2,41,95,4.8,2.18,0.46,1,0.3,0.7,81,36,29,47,6.9,5,1.9,2.63,1,13.9,6.4913,6.49,132,3.9,105,6.7,79.74,146,221,367,39.78,6.1,128.37,1,73.6,147.4,49.93,9.3,5.7,326,11.5,2.64,81,110,98,86
563909,GYAHD08JHJ,239819,19/02/2019,11:23,12:23,Pale Yellow,Slightly cloudy,1.014,7,Negative,Negative,Negative,Negative,Negative,Normal,Negative,8-10,1,3-4,Nil,Few,NIL,16.6,4.1,46.4,90.7,40,35,12.6,42.2,9312,57,24,6,6,0,6.92,3.14,0.83,0.68,0.19,906,8.4,12,0.31,20,2.5,0.14,4.25,3.39,172,50,146.7,8.5,42.5,116,3.4,2.93,0.34,0.7,0.3,0.4,97,40,38,17,7.3,4.5,2.8,1.61,0.6,5.3,2.4751,4.13,138,4.3,97,4.9,36.77,67,96,163,41.1,8.5,197.25,0.9,13.6,49.8,27.31,7.6,4.5,89,2.4,3.36,89,66,115,180
894238,KLTRS05NLZ,377502,22/02/2019,10:27,11:29,Light Yellow,Clear,1.015,4.7,Trace,Negative,Negative,Negative,Negative,Normal,Negative,6-7,1,3-3,Rare,Nil,NIL,17.5,8.4,21.3,73.6,20,82,14,44.4,6694,36,25,4,5,0,14.86,3.34,0.68,0.3,0.33,254,9.3,16,0.08,13.9,3.6,0.15,0.18,0.36,203,54,81.1,13.1,65.5,208,3.8,1.5,0.67,0.9,0.3,0.6,92,15,22,43,7.6,4.7,2.9,1.62,0.9,7.8,3.6426,4.05,145,4.8,103,5.6,96.46,103,116,219,47.03,5.9,122.63,0.7,14.4,464.9,3.1,11.8,4.5,191,6.1,0.35,75,95,112,136
731878,KLTRS05MLT,802438,19/02/2019,07:14,08:18,Straw,Clear,1.013,6.1,Trace,Trace,Negative,Negative,Negative,Normal,Negative,9-10,1,1-2,Few,Nil,NIL,20.3,5.2,30.5,98.7,39,66,12.8,41.3,10199,57,36,5,6,0,1.03,1.17,0.88,0.69,0.03,11,8.6,16,0.37,26.6,2.2,0.01,1,0.33,155,55,81.1,105.8,529,139,2.8,1.47,0.68,0.8,0.1,0.7,93,11,17,17,6.8,4.4,2.4,1.83,0.8,11.7,5.4639,6.83,129,4.2,97,5.6,91.68,100,347,447,22.37,6.3,134.11,1,17.3,104.5,16.56,11.2,5.3,114,17,3.28,75,111,103,89
993119,MZLGI07MHP,829914,21/02/2019,11:13,12:12,Light Yellow,Clear,1.023,6.9,Trace,Negative,Negative,Negative,Negative,Normal,Negative,11-12,0,1-4,Nil,Nil,NIL,1.6,6.2,25.4,96.5,2,6,14,39.3,10107,51,39,6,7,0,5.47,2.89,0.74,0,0.06,273,10.4,17,0.18,33.3,4.8,0.14,0.15,0.82,223,36,85.6,25.4,127,99,6.2,2.38,0.42,0.2,0,0.2,111,27,12,41,6.8,4.1,2.7,1.52,0.7,48.7,22.7429,32.49,142,3.3,95,3.3,97.92,79,163,242,32.64,7.6,171.42,0.8,14.1,130.5,10.8,9.6,2,157,10.5,5.64,86,82,103,173
477062,MZLGI15APK,917631,20/02/2019,08:51,09:49,Light Yellow,Clear,1.011,6.5,Trace,Negative,Trace,Negative,Negative,Normal,Positive,14-15,0,3-4,Rare,Nil,NIL,13.2,8.5,45.3,71.7,15,29,12.6,39.5,5550,52,20,6,2,0.8,13.43,1.68,0.69,0.36,0.04,314,11.3,11,0.27,14.9,4.5,3.65,5.05,0.26,182,51,49.8,16.2,81,80,3.6,0.98,1.02,0.9,0.2,0.7,41,44,30,46,6.1,3.7,2.4,1.54,1,18.9,8.8263,8.83,137,5.6,105,8.9,94.03,143,303,446,32.06,5.8,119.76,0.1,15,99.9,15.02,9.3,2.1,336,10.5,1.25,108,72,76,78
565161,PBCHD14GAM,735204,23/02/2019,10:48,11:52,Yellow,Slightly cloudy,1.022,6.3,Negative,Negative,Negative,Negative,Negative,Normal,Negative,2-4,1,3-4,Nil,Nil,NIL,10.2,5,55,72.4,20,18,14.4,40,6392,53,32,3,4,0,0.94,3.05,0.47,0.5,0.06,276,10.5,20,0.24,32.6,1.3,0.03,0.11,6.56,182,56,141.2,102.2,511,125,3.3,2.52,0.4,0.5,0.2,0.3,80,52,38,31,7.8,4.2,3.6,1.17,1.2,6.4,2.9888,2.49,140,4.6,83,3.4,101.87,153,117,270,56.67,8.2,188.64,0.7,249.9,102.6,243.57,9.3,4.8,206,5.6,3.46,86,64,71,103
894190,GYAHD12ODK,797198,19/02/2019,09:09,10:20,Light Yellow,Slightly cloudy,1.02,6.6,Trace,Negative,Negative,1+,1+,Normal,Negative,4-5,0,15-14,Few,Nil,Fungal elements,13.7,3.9,25.8,79,35,53,14.5,45.1,10284,74,36,6,5,0,2.11,1.77,0.65,0.02,0.13,167,7.1,13,0.09,19.1,2.8,0.17,0.16,2.8,196,63,82.1,38.3,191.5,117,3.1,1.3,0.77,0.7,0.3,0.4,88,37,37,43,7.3,4,3.3,1.21,0.6,9.8,4.5766,7.63,136,3.3,107,2.9,111.21,64,345,409,15.65,10.8,263.26,0.5,26.2,131.4,19.94,9.5,2.8,174,7.5,12.24,105,77,86,155
218850,PBCHD12GAM,497838,20/02/2019,09:18,10:05,Straw,Cloudy,1.014,4.9,Negative,Negative,2+,Negative,Negative,Normal,Negative,TNTC,5,8-10,Nil,Moderate,Fat droplets or lipiduria,18.1,6.9,64.8,71.9,26,27,11.6,44.3,4267,74,15,5,3,0,9.85,4.71,0.78,0.21,0.03,288,9.2,15,0.32,15.8,2.5,0.03,3.67,0.56,180,40,58.4,70.2,351,96,4.5,1.46,0.68,0.7,0.3,0.4,104,38,22,15,7.5,4,3.5,1.14,1,11.8,5.5106,5.51,136,2.1,102,4.7,90.42,129,220,349,36.96,5.3,105.41,0.5,25.4,104.5,24.31,8.7,3.3,67,12.3,8.45,102,92,73,116
603338,PBCHD05CGD,770598,19/02/2019,10:47,11:49,Green,Hazy,1.016,5.7,Trace,Trace,Negative,Negative,Negative,Normal,Negative,11-12,1,1-4,Nil,Nil,NIL,4.7,5.5,47.8,91.9,8,9,12.8,45.2,10187,24,36,2,8,0,22.78,3.76,0.38,0.33,0.04,286,11.4,12,0.35,24.2,4,0.35,0.82,0.06,201,49,74,8.1,40.5,100,4.1,1.51,0.66,0.5,0.2,0.3,102,21,85,10,8.1,4.6,3.5,1.31,1,9.8,4.5766,4.58,123,3.2,115,3.8,66.75,99,326,425,23.29,8.6,200.12,0.6,20.1,266.6,7.54,9.5,2.7,134,13.7,2.52,119,97,102,109
920783,PBCHD06HPP,209291,19/02/2019,06:59,07:57,Dark Yellow,Clear,1.022,7,Negative,Trace,Negative,Negative,Negative,Normal,Negative,9-10,2,1-4,Few,Nil,NIL,5.6,5.4,41.3,79.4,10,13,14.1,27,9724,73,40,2,5,0,6.3,2.21,0.41,0.39,0.19,229,9,15,0.08,25.2,0.5,0.39,0.18,4.18,221,43,181.3,5.7,28.5,75,5.1,4.22,0.24,1,0.2,0.8,120,93,27,32,6.8,4.4,2.4,1.83,0.7,26.9,12.5623,17.95,137,5.9,105,2.3,90.14,81,261,342,23.68,8.2,188.64,1,12.1,40.9,29.58,13.4,3.3,190,11.7,3.19,97,94,117,75
204267,PBCHD14SKM,557020,20/02/2019,07:19,08:44,Light Yellow,Slightly cloudy,1.019,4.8,Negative,Trace,Negative,Trace,Negative,Normal,Negative,TNTC,2,8-12,Nil,Nil,Fat droplets or lipiduria,16.1,7.7,40.7,87.9,20,39,14.6,42.2,10622,66,34,6,8,7.7,6.49,1.87,0.16,0.41,0.09,391,10.8,11,0.21,27.7,4.8,0.08,0.04,0.16,192,57,87.1,7,35,127,3.4,1.53,0.65,0.7,0.2,0.5,155,29,29,15,6.8,4,2.8,1.43,0.6,14.9,6.9583,11.6,147,3.2,97,4.3,110.1,167,209,376,44.41,6.2,131.24,0.1,25.2,115.5,21.82,8.6,4.5,81,11.6,2.54,94,105,245,150
778160,MZLGI10BRC,758162,21/02/2019,08:25,09:36,Light Yellow,Hazy,1.029,6.9,2+,Negative,Negative,Negative,Negative,Normal,Negative,4-5,2,2-3,Nil,Nil,NIL,13.1,4.3,43,69.9,30,30,14.6,41.2,8657,44,13,4,21,0,0.51,1.84,0.64,0.2,0.08,173,8.3,16,0.36,29,0.8,0.23,0.31,0.38,162,26,88.5,35.9,179.5,133,6.2,3.4,0.29,0.9,0.3,0.6,76,29,23,27,7.1,4.3,2.8,1.54,0.9,19.5,9.1065,10.12,139,5.1,97,6.7,95.87,107,320,427,25.06,6,125.5,0.4,794.1,132.9,597.52,8.2,4.7,68,20.4,0.48,83,122,93,155
468674,PBCHD05GAM,492140,19/02/2019,07:30,08:17,Yellow,Hazy,1.016,6.6,Trace,Negative,2+,Negative,Negative,Normal,Negative,5-6,1,3-4,Nil,Rare,NIL,12.3,6.8,37.3,86.3,18,32,15.2,37.2,10938,45,20,3,2,0,9.72,0.04,0.19,0.27,0.06,207,7.6,16,0.16,25,4.6,2.11,0.28,1.74,192,27,74,42.7,213.5,111,7.1,2.74,0.36,16.5,12,4.5,114,18,37,21,6.4,4.2,2.2,1.91,0.6,24.2,11.3014,18.84,135,5,97,2.6,52.44,166,99,265,62.64,7.7,174.29,0.1,14.1,270.4,5.21,12.8,3.7,152,12,1.89,177,91,87,176
295307,GYAHD07ODK,406519,19/02/2019,11:40,12:36,Deep Amber,Clear,1.02,6.7,Negative,Trace,Negative,Negative,Negative,Normal,Negative,13-15,0,>20,Rare,Nil,NIL,14,5.3,34.1,76.9,26,41,12,40.2,10434,57,44,1,4,0,9.54,5.57,0.22,0.44,0.12,109,7.9,17,0.31,18.4,6.1,0.06,0.22,0.23,188,56,85.4,97.4,487,92,3.4,1.53,0.66,0.5,0.1,0.4,110,56,20,46,6.7,3.9,2.8,1.39,1.1,12.9,6.0243,5.48,162,5.5,110,9.5,90.18,32,224,256,12.5,6.9,151.33,0.5,25.6,81,31.6,10.8,4.7,102,9,3.1,118,62,346,124
176293,PBCHD09MHS,340502,22/02/2019,10:00,11:08,Straw,Clear,1.018,5.6,Trace,Trace,Negative,Negative,1+,Normal,Negative,27-30,0,2-3,Nil,Nil,NIL,14.2,5.6,59.8,63,25,23,12.4,45.6,10139,36,29,2,24,11,22.82,1.35,0.81,0.3,0.07,807,7.1,16,0.38,29.6,3.7,5.41,0.03,0.22,228,57,58.5,10.2,51,188,4,1.03,0.97,0.7,0,0.7,116,19,30,24,8.1,4.1,4,1.03,0.8,7,3.269,4.09,140,6,95,1.3,92.51,125,237,362,34.53,7.1,157.07,0.3,90,176,51.14,10.3,2.9,145,10.8,2.15,80,72,81,245
392032,PBCHD08PBM,733311,23/02/2019,07:22,08:24,Pale Yellow,Slightly cloudy,1.011,5,Negative,3+,Negative,Negative,Negative,Normal,Positive,2-4,0,15-9,Few,Nil,NIL,12.9,4.5,49.5,87.4,28,26,11.6,42,4097,58,13,1,14,0,0.72,2.79,0.28,0.31,0.03,373,7,5,0.38,45.1,4.5,2.83,0.72,0.06,199,52,90.4,21.3,106.5,152,3.8,1.74,0.58,0.9,0.3,0.6,276,12,38,12,6.3,3.9,2.4,1.63,1.1,9.4,4.3898,3.99,142,3.8,96,3.3,95.31,130,242,372,34.95,5.9,122.63,0.6,13.9,128.5,10.82,10.3,4.9,334,22.1,0.11,90,195,113,79
769221,PBCHD14KLC,589698,23/02/2019,06:51,08:15,Straw,Slightly cloudy,1.017,4.3,Trace,Trace,2+,Negative,Negative,Normal,Negative,9-10,2,2-3,Nil,Nil,Artifacts,10.9,4.1,33.9,74.2,26,32,11.8,44.2,8741,45,38,4,5,1.7,5.45,3.88,0.3,0.37,0.02,249,6.2,11,0.34,34.4,1,0.56,0.26,0.11,231,74,88.7,53.7,268.5,77,3.1,1.2,0.83,0.7,0,0.7,52,20,26,30,8,3.8,4.2,0.9,1,7.4,3.4558,3.46,138,4.6,103,5.4,114.41,117,278,395,29.62,8,182.9,0.7,24.7,93.5,26.42,9.8,6.7,324,11.5,2.77,200,62,71,94
247986,KLTRS13MLT,709940,21/02/2019,07:55,08:36,Light Yellow,Slightly cloudy,1.03,6.8,Trace,Negative,Negative,Negative,Negative,Normal,Negative,7-9,0,1-2,Nil,Rare,NIL,14.6,4.3,36.6,88.9,33,39,14.5,49.4,10031,42,23,6,8,0,5.36,2.43,0.66,0.02,0.01,150,10.4,14,0.25,28.6,1.9,0.1,0.07,0.27,204,21,103.6,20.5,102.5,206,9.7,4.93,0.2,0.9,0,0.9,84,47,31,14,7.1,4.3,2.8,1.54,1,16.6,7.7522,7.75,143,4.9,102,8.6,98.84,134,121,255,52.55,5.9,122.63,0.5,12.6,68.7,18.34,9.4,3.9,110,12.2,2.2,197,96,101,276
113566,KLTRS01KLP,576225,22/02/2019,06:43,07:58,Light Yellow,Clear,1.016,6.4,Trace,Trace,Negative,Negative,Negative,Normal,Negative,9-10,0,2-3,Moderate,Rare,NIL,18.1,4.6,34.7,87.4,39,52,12,43.7,9752,46,53,1,8,0,8.48,2.56,0.35,0.49,0.01,196,13.1,10,0.08,33.6,4.8,0.73,0.36,2.64,209,53,125.7,9.9,49.5,164,3.9,2.37,0.42,0.7,0.1,0.6,121,91,35,42,6.5,3.7,2.8,1.32,1.1,23.3,10.8811,9.89,123,4,99,4.2,115.66,159,228,387,41.09,8.5,197.25,1,25.6,75.4,33.95,11.4,4.4,98,11.7,2.63,89,116,91,129
339062,PBCHD11CGD,600931,22/02/2019,11:39,12:16,Straw,Clear,1.016,6.7,Negative,Trace,Negative,Trace,Negative,Normal,Negative,7-9,2,3-4,Nil,Nil,Parasites,3.4,5.7,44.6,86.9,5,7,14.5,39.6,5015,50,23,1,14,0.1,3.09,1.36,0.79,0.16,0.06,396,10.9,16,0.37,19.5,4.4,0.25,2.46,0.06,156,37,49.5,20,100,104,4.2,1.34,0.75,0.8,0.1,0.7,110,38,33,20,6.8,4.5,2.3,1.96,0.7,10.4,4.8568,6.94,147,4.3,104,4.9,32.25,67,295,362,18.51,6.2,131.24,0.2,27,83.9,32.18,7.8,1.7,170,6.8,9.15,72,61,90,95
131746,PBCHD14NLM,124607,21/02/2019,07:36,09:04,Straw,Clear,1.023,6,Trace,Negative,Negative,Negative,Negative,Normal,Negative,TNTC,1,16-18,Rare,Nil,Mucus threads,18.1,4.6,53.1,72.8,39,34,11.7,43.4,4575,10,34,5,2,0,9.59,1.55,0.93,0.05,0.01,164,13.8,12,0.56,33.1,0.9,4.21,0.15,0.19,125,39,93.1,31.2,156,143,3.2,2.39,0.42,0.6,0,0.6,49,16,11,13,6.5,4,2.5,1.6,0.9,9.5,4.4365,4.93,144,4.5,101,6.2,95.28,92,184,276,33.33,7.1,157.07,0,27,95.2,28.36,9.6,4,197,10.8,3.19,111,62,94,86
556834,KLTRS07WBD,428742,19/02/2019,06:33,07:03,Orange,Clear,1.023,5.1,2+,Trace,Negative,Negative,Negative,Normal,Negative,13-15,0,1-2,Nil,Nil,Mucus threads,13.3,5.3,33.7,78.2,25,39,12.6,44,6669,53,28,3,8,0.8,1.51,1.12,0.32,0.2,0.07,277,17.2,14,0.37,25.1,4.1,0.22,0.15,4.41,113,47,89.1,25.2,126,70,2.4,1.9,0.53,0.7,0.2,0.5,121,40,27,46,6.2,5,1.2,4.17,1,8.4,3.9228,3.92,135,4.5,104,2.6,102.58,103,282,385,26.75,6.1,128.37,0.6,280.4,262.6,106.78,11.7,5,82,3.2,3.06,120,71,272,101
363173,GYAHD14JHJ,233039,23/02/2019,07:13,07:58,Pale Yellow,Clear,1.017,5.2,Trace,Trace,Negative,Negative,Negative,Normal,Negative,1-2,0,1-3,Nil,Few,NIL,17.7,4.2,39.3,91.1,42,45,12.7,43.1,6915,66,24,5,7,0,8.28,1.34,0.65,0.39,0.05,694,9.1,7,0.38,30.8,0.1,0.33,0.5,0.05,188,50,97.9,8.1,40.5,65,3.8,1.96,0.51,0.7,0,0.7,114,26,10,15,6.8,3.7,3.1,1.19,0.5,53.2,24.8444,49.69,141,4.3,108,5.5,101.12,153,286,439,34.85,12.8,320.66,0.3,22.8,69.4,32.85,12.7,3.7,172,11.9,1.57,125,118,73,144
433688,MZLGI14MHP,160648,20/02/2019,10:32,11:36,Yellow,Clear,1.005,6.2,Trace,Trace,Negative,Negative,Negative,Normal,Negative,13-15,0,8-16,Nil,Nil,NIL,7.7,5.6,38.2,76.4,13,20,13.7,44.2,5615,49,49,3,20,0.6,7.69,1.3,0.99,0.18,0.03,180,11.5,10,0.33,42.4,1.7,0.35,0.18,0.39,170,58,81.2,28.8,144,149,2.9,1.4,0.71,0.8,0.2,0.6,64,35,31,44,6.5,4.7,1.8,2.61,1,9.4,4.3898,4.39,125,3.7,96,5.4,90.4,109,350,459,23.75,8.8,205.86,0.3,20.9,81.3,25.71,8.6,4.3,200,17.8,2.14,111,78,102,122
458319,PBCHD14NLM,902082,22/02/2019,11:12,11:57,Straw,Clear,1.02,6.6,Trace,Trace,Negative,Negative,Negative,Normal,Negative,10-12,0,5-8,Nil,Rare,Fat droplets or lipiduria,11.9,5.6,19,90.5,21,62,14.1,33.6,10223,47,36,1,11,0,0.05,1.73,0.28,0.33,0.09,331,7.3,19,0.14,32.3,0.8,0.01,0.3,0.3,106,52,125,24.3,121.5,178,2,2.4,0.42,1.4,0.3,1.1,114,10,31,21,7.5,3.8,3.7,1.03,0.8,21.2,9.9004,12.38,139,4.1,95,3.6,94.79,148,223,371,39.89,7.1,157.07,0.1,114.7,84.8,135.26,8.9,4,157,24.4,13.55,90,92,71,180
406097,MZLGI01BRC,308583,23/02/2019,06:48,07:45,Yellow,Clear,1.017,5,Negative,Trace,Negative,Negative,Negative,Normal,Negative,TNTC,2,3-4,Nil,Few,NIL,9.7,5.1,64.7,67.1,19,14,12.3,44.8,9844,40,37,5,2,0,1.19,1.93,1,0.19,0.08,253,15.6,9,0.29,12.9,1.3,5.05,1.54,0.22,232,44,70.6,67.8,339,94,5.3,1.6,0.62,0.3,0,0.3,49,36,35,41,7.1,5.1,2,2.55,0.6,8.7,4.0629,6.77,142,3.6,100,6.5,107.08,81,332,413,19.61,7.5,168.55,0.2,16.3,266.8,6.11,9.9,5.6,102,10.5,0.58,76,85,114,88
287197,PBCHD03CGD,623314,20/02/2019,09:02,09:50,Light Yellow,Clear,1.018,6.7,Negative,Trace,Negative,Negative,Negative,Normal,Negative,12-13,2,3-4,Nil,Moderate,NIL,20.7,5.9,58.3,87.7,35,35,13.6,39.6,7794,41,17,5,4,4.1,7.25,1.64,0.8,0.16,0.06,94,17.1,13,0.2,12.9,3.3,0.13,0.9,0.02,182,56,103.8,21.2,106,182,3.3,1.85,0.54,0.6,0.1,0.5,83,13,10,30,8.3,4.7,3.6,1.31,0.7,6.6,3.0822,4.4,147,4.2,110,3.5,116.01,93,165,258,36.05,6.1,128.37,0.5,13,148.6,8.75,9.7,2.2,107,9.5,8.69,86,125,114,131
377354,PBCHD08CGD,221267,20/02/2019,10:20,11:11,Light Yellow,Slightly cloudy,1.013,4.8,3+,1+,Negative,Negative,Negative,Normal,Negative,56-61,1,2-2,Rare,Nil,Fat droplets or lipiduria,8.4,5.6,47.6,81.9,15,17,16.2,47.1,6009,32,29,8,2,0,9.69,7.03,0.65,0.08,0.05,164,10.3,17,0.2,18.1,1.8,0.05,0.8,0.29,220,58,82.5,25.9,129.5,119,3.8,1.42,0.7,0.8,0.1,0.7,54,6,34,48,7.8,3.5,4.3,0.81,1.1,219.2,102.3664,93.06,142,5.2,101,4.9,110.59,111,357,468,23.72,6.2,131.24,0.2,16,575.7,2.78,8.5,3.3,157,11.1,2.12,201,76,118,115
445948,GYAHD11KAU,132027,21/02/2019,08:14,09:33,Light Yellow,Clear,1.015,6.9,Negative,Trace,Negative,Negative,Negative,Normal,Negative,TNTC,1,3-4,Nil,Nil,NIL,15.5,5.1,35.7,108.4,30,43,14.4,44.3,7482,46,39,4,6,0,3.26,1.32,0.3,0.15,0.08,369,9.5,17,0.3,18.8,4.5,0.1,0.19,1.66,136,36,97.7,20.2,101,73,3.8,2.71,0.37,0.7,0.1,0.6,115,14,39,38,6.4,4.5,1.9,2.37,0.9,10,4.67,5.19,142,4.2,101,4.3,30.14,137,102,239,57.32,5.6,114.02,0.2,11.5,100.8,11.41,12.1,2.2,75,11.6,1.26,80,104,113,102
486088,GYAHD01ODK,979094,19/02/2019,10:22,11:20,Straw,Slightly cloudy,1.015,5.9,Negative,Trace,Negative,Negative,Negative,2+,Negative,12-13,2,13-14,Nil,Nil,NIL,18.8,4.2,39.7,88.4,44,47,13.6,43.5,12643,52,37,1,3,1.9,1.22,2.33,0.65,0.19,0.04,316,11.8,13,0.21,13.8,0.3,0.7,4.25,0.65,232,45,28.8,35.8,179,205,5.2,0.64,1.56,0.5,0.1,0.4,76,21,40,29,7.7,3.6,4.1,0.88,0.9,10.1,4.7167,5.24,135,4.2,96,2.7,90.52,171,352,523,32.7,5.9,122.63,0.8,1039,95.4,1089.1,10.1,3.9,177,8.4,5.32,83,71,114,184
831231,GYAHD05KAU,989018,19/02/2019,11:48,12:58,Light Yellow,Slightly cloudy,1.017,6.9,Negative,Negative,Negative,Negative,Negative,Normal,Negative,9-11,2,1-3,Nil,Rare,NIL,9.4,3,34.3,75.7,31,27,12.9,27.9,6078,69,52,4,18,0,0.63,1.46,0.03,0.16,0.05,403,14.2,9,0.31,19.1,1.2,0.16,0.3,0.32,190,40,99.8,31.9,159.5,109,4.8,2.5,0.4,0.6,0.2,0.4,320,14,31,22,6.3,4.1,2.2,1.86,1.2,5.3,2.4751,2.06,139,4.3,105,6.4,115.26,220,121,341,64.52,6.2,131.24,1,18.9,224.5,8.42,11.5,2.5,68,16.9,7.81,76,71,80,272
809802,KLTRS02MLT,996823,23/02/2019,08:37,09:55,Straw,Slightly cloudy,1.017,6.8,Negative,4+,Negative,Negative,Negative,Normal,Negative,11-12,0,2-2,Rare,Rare,NIL,12.5,4.1,44.8,95.6,30,27,14.3,41.3,4291,49,32,8,7,0,0.17,2.36,0.55,0.42,0,338,9.7,6,0.18,19,4.7,0.1,0.64,0.31,169,49,81.4,82,410,112,3.4,1.66,0.6,0.5,0.2,0.3,92,48,32,22,6.5,4.7,1.8,2.61,1.2,49.9,23.3033,19.42,142,4,102,3.1,100.63,164,181,345,47.54,5.8,119.76,0.9,17.4,63.4,27.44,10.2,2.9,174,3.6,2.27,70,63,109,144
653558,PBCHD11GAM,944768,23/02/2019,07:40,08:22,Yellow,Slightly cloudy,1.029,7,Negative,Negative,Negative,Negative,Negative,Normal,Negative,1-3,2,1-3,Nil,Rare,Fat droplets or lipiduria,9.9,8,27,84.1,12,36,13.9,45.8,4601,57,25,6,6,0,6.28,1.1,0.88,0.24,0.08,569,14,13,0.1,17.2,6.2,0.36,0.27,0.15,195,42,60.6,7.4,37,143,4.6,1.44,0.69,3.1,1.5,1.6,40,102,38,43,7.1,4.5,2.6,1.73,0.7,11.2,5.2304,7.47,107,5.6,105,4.8,116.83,123,280,403,30.52,7.8,177.16,0.2,20.8,98,21.22,10,3.3,148,5.2,4.45,99,99,98,163
316775,GYAHD10KLM,234779,22/02/2019,09:06,10:00,Yellow,Clear,1.014,6.8,Negative,Negative,Negative,Negative,Negative,Normal,Negative,11-13,1,1-3,Nil,Nil,NIL,8.9,7.4,54.4,99.4,12,16,13.8,41.4,8108,40,34,2,5,0,0.93,2.35,0.74,0.22,0.09,366,6.6,27,0.35,31.9,1.1,0.12,0.17,0.11,165,51,95.8,38.4,192,195,3.2,1.88,0.53,0.6,0,0.6,103,52,40,40,6.5,3.9,2.6,1.5,1,17.1,7.9857,7.99,143,2.5,82,4.5,117.1,82,346,428,19.16,5.3,105.41,0.8,28.9,134.7,21.46,10.1,2.8,287,3.3,7.46,96,88,230,295
240786,KLTRS04ODB,778962,21/02/2019,10:32,11:14,Yellow,Clear,1.013,6.8,Negative,Trace,Negative,Negative,Negative,Normal,Negative,7-8,2,1-4,Nil,Nil,Artifacts,9.8,4.4,50.1,84.1,22,19,14.3,49.6,10344,77,25,7,3,0,7.54,3.97,0.74,0.72,0.03,345,8.3,17,0.42,28.2,1.5,0.3,6.11,0.75,198,45,142.4,24,120,108,4.4,3.16,0.32,0.7,0.3,0.4,128,11,15,32,7,3.7,3.3,1.12,0.8,18.7,8.7329,10.92,145,4.5,106,4,50.78,81,124,205,39.51,6.2,131.24,0.4,18,93.4,19.27,10.3,1,59,8.7,2.2,144,95,112,135
248160,PBCHD10RJU,938786,20/02/2019,08:09,09:11,Pale Yellow,Cloudy,1.027,6.7,Negative,Trace,Negative,Negative,Trace,Normal,Negative,2-4,0,2-2,Few,Nil,Yeast cells,18.5,3.6,30.5,76.9,51,60,14.5,44.7,8687,55,43,1,2,0,4.78,2.38,0.67,0.01,0.04,156,12,7,0.4,21,0.1,0.05,0.81,0.39,191,45,71.7,6.8,34,72,4.2,1.59,0.63,0.8,0.3,0.5,111,12,12,41,6.7,4.5,2.2,2.05,1.2,39.7,18.5399,15.45,143,4.1,109,3.9,109.41,115,263,378,30.42,6,125.5,18.5,16.4,96.5,16.99,10,2.3,95,10.2,6.11,76,76,106,127
700968,PBCHD05NLM,240419,21/02/2019,06:50,07:49,Light Yellow,Clear,1.02,6.9,Negative,Negative,Negative,Negative,Trace,Normal,Negative,4-5,2,3-4,Nil,Nil,Fat droplets or lipiduria,3.2,4.3,34.8,96.1,7,9,14.3,40,7707,48,40,1,8,0,3.01,2.04,0.61,0.21,0.04,180,10.7,29,0.13,25.2,4.1,0.18,0.1,0.4,186,72,66.8,7.6,38,62,2.6,0.93,1.08,0.6,0.1,0.5,88,38,30,22,8.3,4.8,3.5,1.37,1.1,10.3,4.8101,4.37,133,5.8,84,9.9,36.6,172,186,358,48.04,5.9,122.63,0.6,18.3,141.8,12.91,9.6,3.5,108,7,12.47,125,82,74,109
910231,KLTRS07NLZ,994202,20/02/2019,06:09,07:25,Light Yellow,Slightly cloudy,1.016,5.1,Trace,Trace,Negative,Negative,Negative,Normal,Negative,3-4,3,>20,Nil,Nil,Yeast cells,13.9,4.2,52.3,95.2,33,26,10,43.4,4861,50,33,1,4,0,2.4,1.49,0.38,0.25,0.01,408,14.3,16,0.38,15.1,3.8,0.21,0.13,0.8,153,25,140.1,91,455,178,6.1,5.6,0.18,0.8,0.3,0.5,53,12,40,27,5.1,4.4,0.7,6.29,0.6,11.1,5.1837,8.64,141,4.6,96,3.6,112.83,145,130,275,52.73,6.4,136.98,0.1,14,244.2,5.73,10,2.9,117,7.4,0.11,180,106,75,91
326876,GYAHD13JHJ,771903,19/02/2019,08:27,08:59,Straw,Slightly cloudy,1.027,6.9,Trace,Negative,Negative,1+,Negative,Normal,Negative,74-75,1,3-3,Rare,Nil,Parasites,10.4,5.9,24.3,94.2,17,42,13.4,43.7,53613,79,15,3,8,0.4,1.94,2.41,0.44,0.01,0.05,411,7.2,11,0.27,28.5,0.1,0.11,0.25,0.48,180,78,94.1,25.5,127.5,65,2.3,1.21,0.83,0.7,0.3,0.4,70,14,10,24,8.1,4.9,3.2,1.53,1.2,9.8,4.5766,3.81,136,2.6,108,6.7,110.04,151,303,454,33.26,8.8,205.86,0.7,20.7,373.9,5.54,8,3.2,102,16.9,3.75,102,66,99,257
956608,MZLGI13BRC,671623,20/02/2019,08:14,09:25,Light Yellow,Clear,1.026,4.5,Trace,Trace,Negative,Negative,Negative,Normal,Negative,14-15,2,8-12,Nil,Nil,Mucus threads,9.3,5.4,55.2,89.4,17,16,13.9,43.7,49288,48,43,5,20,0,4.97,3.17,0.37,0.37,0.14,349,8.8,16,0.19,22.9,1.1,0.03,0.32,0.07,170,46,115.2,18.7,93.5,157,3.7,2.5,0.4,0.8,0.2,0.6,107,45,27,40,7.7,4.8,2.9,1.66,0.9,14.2,6.6314,7.37,107,3.5,102,5.4,102.7,90,159,249,36.14,7.5,168.55,0.8,13.1,25.9,50.58,9.2,3.1,87,3.1,1.59,91,272,82,85
428239,PBCHD11PBM,538690,22/02/2019,08:02,09:22,Orange,Clear,1.011,4.6,Negative,Negative,Negative,1+,Negative,Normal,Negative,TNTC,2,15-8,Few,Nil,Mucus threads,13.6,5.5,51.5,70.8,24,26,14.1,40.8,10259,57,20,1,15,0,0.68,1.63,0.41,0.21,0.04,292,7.4,11,0.32,22,4.2,0.15,0.14,0.69,174,45,87.9,38.4,192,109,3.9,1.95,0.51,0.4,0.1,0.3,85,17,13,22,6.1,4.1,2,2.05,1.1,16.4,7.6588,6.96,144,4.4,105,5.6,87.38,153,187,340,45,5.8,119.76,0.7,17.2,41,41.95,9.3,5.1,195,8,2.37,85,72,79,172
195349,MZLGI12MHP,296487,19/02/2019,06:19,06:58,Straw,Clear,1.017,9.2,Trace,Negative,Trace,Negative,Negative,Normal,Negative,62-67,1,2-2,Nil,Nil,NIL,12,5.3,41.2,62.7,22,29,12.1,43.2,10662,40,23,23,7,0,3.88,0.36,0.65,0.11,0.07,352,7.5,8,0.32,18.4,4.7,0.34,0.4,0.14,229,46,98,16.8,84,176,5,2.13,0.47,0.3,0,0.3,105,52,19,22,7,3.5,3.5,1,0.8,15.5,7.2385,9.05,117,5.2,104,6.2,92.14,69,202,271,25.46,8.8,205.86,0,28.2,171.8,16.41,11.1,2.7,198,5.8,1.45,73,60,92,83
109135,KLTRS01MLT,303979,21/02/2019,10:30,11:55,Pale Yellow,Slightly cloudy,1.019,6.1,Negative,Trace,Negative,Negative,Negative,Normal,Negative,1-2,1,1-4,Nil,Nil,NIL,11.9,5.9,35,98.6,20,34,13.8,42,8007,50,34,3,5,0,2.98,4.8,1.01,0.39,0.01,178,8.7,17,0.29,36.6,0.1,0.2,0.11,0.96,138,45,71.9,11.8,59,107,3.1,1.6,0.63,17.4,12.9,4.5,106,56,14,11,7.8,3.5,4.3,0.81,0.4,14.6,6.8182,17.05,138,4.9,104,6.4,83.67,159,212,371,42.86,5.7,116.89,0.9,16.4,68.6,23.91,11.4,4.3,169,9,2.73,90,88,73,195
494122,KLTRS02MLT,225197,23/02/2019,09:07,10:01,Deep Amber,Hazy,1.018,6.2,Negative,Trace,Negative,Negative,Trace,Normal,Negative,11-12,1,2-4,Few,Rare,Yeast cells,15,5.9,33.7,42.6,25,44,14.3,39.7,10151,63,32,11,4,0,2.59,2.69,0.84,0.69,0.18,141,11.5,13,0.07,46.6,0.1,0.14,0.49,0.23,226,35,80.1,73.3,366.5,62,6.5,2.29,0.44,1.3,0.2,1.1,139,46,19,17,7.8,3.7,4.1,0.9,0.9,19.5,9.1065,10.12,137,3.7,97,5.5,111.17,127,152,279,45.52,8,182.9,0.2,14.5,148,9.8,8.6,4.3,95,12.7,4.54,89,96,88,130
519466,KLTRS14MLT,172928,22/02/2019,07:25,08:50,Light Yellow,Slightly cloudy,1.013,5.9,Trace,Negative,Negative,Negative,Negative,Normal,Negative,4-5,0,3-2,Moderate,Nil,Mucus threads,14.5,4.2,51.3,70.1,34,28,12.3,45.1,2268,35,29,1,7,0,5.03,1.95,0.66,0.04,0.09,329,9.6,10,0.19,20.4,4.4,0.03,0.05,0.35,159,39,70.8,34.3,171.5,114,4.1,1.82,0.55,0.7,0.3,0.4,117,17,32,36,7.6,5,2.6,1.92,1,12.6,5.8842,5.88,120,5.9,95,3.4,80.65,147,206,353,41.64,9.3,220.21,1,26.6,108,24.63,9.3,4.4,278,2.2,2.06,124,77,92,294
609650,PBCHD07KLC,649673,22/02/2019,09:04,10:19,Orange,Clear,1.016,6.8,Negative,3+,Negative,Negative,Negative,Normal,Negative,10-12,2,3-2,Nil,Nil,NIL,20.5,5.6,62.7,72.4,36,32,12.2,41.8,7662,53,37,3,2,0,0.61,2.08,0.37,0.36,0.03,371,10.9,16,0.22,37.7,0.7,0.16,0.07,0.12,172,50,84.7,24.6,123,101,3.4,1.69,0.59,0.6,0,0.6,65,3,22,12,8.1,4.7,3.4,1.38,0.9,19,8.873,9.86,141,4.4,105,4,107.91,66,264,330,20,5.9,122.63,0.4,17.1,134.1,12.75,10.2,4.2,56,6.3,1.72,78,89,80,82
645348,MZLGI12GJS,310154,19/02/2019,07:55,08:29,Straw,Clear,1.018,4.7,1+,Trace,Negative,Negative,Negative,Normal,Negative,5-7,2,2-2,Nil,Nil,Parasites,15.8,4.8,51.1,89.7,32,30,12.2,43.5,10459,39,34,1,3,0,8.22,2.93,0.23,0.26,0.1,24,10.7,11,0.19,18.7,0.1,4.86,4.36,0.56,211,59,78.9,17.3,86.5,182,3.6,1.34,0.75,0.5,0.2,0.3,105,56,24,15,5.7,5,0.7,7.14,0.6,11.4,5.3238,8.87,138,3.6,98,4.1,93.74,186,352,538,34.57,5.8,119.76,1,14.1,81.1,17.39,9.4,3.6,209,7.3,2.16,81,87,168,137
334587,GYAHD12KAU,484965,22/02/2019,07:58,09:10,Light Yellow,Clear,1.017,4.1,Negative,Negative,Negative,Negative,Negative,Normal,Negative,6-7,0,2-4,Nil,Nil,Fat droplets or lipiduria,14.1,4.5,43.4,40.5,31,32,15.4,45.4,6848,50,51,9,5,11,9.31,2.69,0.51,0.75,0.07,106,11.3,12,0.29,12.6,5.3,6.44,0.83,0.23,230,35,177.3,15.6,78,109,6.6,5.07,0.2,0.7,0.3,0.4,79,39,22,47,6.5,3.6,2.9,1.24,0.6,28.9,13.4963,22.49,151,5.2,98,2.8,119.53,101,346,447,22.6,6.2,131.24,0.3,12.8,146.1,8.76,11.9,3.3,54,4.2,1.61,144,78,98,171
160294,GYAHD13KLM,587388,23/02/2019,09:43,10:38,Light Yellow,Slightly cloudy,1.012,5.1,Trace,Trace,Negative,Negative,Negative,Normal,Negative,5-7,0,3-3,Nil,Rare,Yeast cells,17.8,5,30.7,49.2,35,57,11.5,41.2,5551,58,43,5,7,0,4.55,1.21,0.72,0.41,0.07,343,6.3,28,0.39,31.2,1.8,0.39,3.02,0.09,100,38,74.7,21.9,109.5,133,2.6,1.97,0.51,9.7,5.2,4.5,94,22,23,47,8,4.6,3.4,1.35,0.6,9.4,4.3898,7.32,136,3.8,112,7,102.85,96,280,376,25.53,7.6,171.42,0.3,14.5,146.2,9.92,7.3,3.1,115,3.7,1.58,168,81,110,88
504356,KLTRS11NLZ,742023,21/02/2019,06:53,07:48,Pale Yellow,Hazy,1.018,6.8,Negative,Negative,Negative,Negative,Trace,Normal,Negative,7-9,2,3-2,Rare,Nil,NIL,14.8,4.8,51.8,57.9,30,28,13.8,44.9,4611,41,27,2,8,0,2.97,2.02,0.57,0.11,0.06,136,8.9,12,0.29,29,4.4,0.26,0.15,0.26,129,25,116.5,6.6,33,127,5.2,4.66,0.21,0.5,0.1,0.4,42,6,35,29,6.6,4.5,2.1,2.14,1.2,16.3,7.6121,6.34,137,3.8,95,4.8,108.66,88,148,236,37.29,8.6,200.12,0.9,112.8,95.8,117.75,7.1,2,60,4,1.17,86,71,83,93
249098,GYAHD08KLM,688364,21/02/2019,07:25,07:59,Light Yellow,Slightly cloudy,1.013,4.5,2+,Negative,Negative,Negative,Negative,Normal,Negative,6-8,2,1-3,Few,Nil,NIL,15,6.4,64.9,71.2,23,23,12.5,42.9,10118,53,23,10,4,0,2.93,2.15,0.89,0.03,0.09,374,17.4,17,0.56,20.1,1.2,0.05,0.56,4.88,151,45,93.9,20.4,102,200,3.4,2.09,0.48,0.4,0.1,0.3,111,21,14,33,6.1,3.7,2.4,1.54,1.2,12.3,5.7441,4.79,133,4.5,115,3.4,108.01,107,187,294,36.39,5.9,122.63,0.2,16.1,26,61.92,9.5,4.9,85,9.1,3.84,135,93,245,296
712175,PBCHD02PBP,446679,23/02/2019,10:57,11:44,Pale Yellow,Hazy,1.023,5.7,Negative,Negative,Negative,Negative,Negative,1+,Negative,14-15,0,1-3,Nil,Nil,Fungal elements,15,4.6,44.6,87,32,33,13.1,42,45704,52,49,6,6,0,5.69,0.21,0.44,0.02,0.07,858,8.6,16,0.26,31.7,1.1,0.3,0.1,4.62,106,56,86.2,87.9,439.5,174,1.9,1.54,0.65,0.4,0,0.4,104,39,27,23,8.3,4.8,3.5,1.37,0.9,18.3,8.5461,9.5,131,2.8,109,4.3,105.01,130,222,352,36.93,6.9,151.33,0.5,17.9,116.5,15.36,9.5,6.3,78,13.1,2.9,97,91,107,190
407641,GYAHD11JHJ,178350,20/02/2019,07:24,08:25,Light Yellow,Slightly cloudy,1.02,6.9,Trace,Negative,Negative,2+,Negative,Normal,Negative,7-9,17,11-19,Nil,Nil,NIL,10.1,7.5,46.4,128.2,13,21,11.7,43.4,7281,56,34,1,7,0,2.07,2.72,0.4,0.71,0.02,322,13.6,15,0.12,31.5,2.8,0.08,0.06,0.27,192,46,155.4,51.2,256,84,4.2,3.38,0.3,0.8,0.1,0.7,110,37,19,30,7.7,4,3.7,1.08,1,8.6,4.0162,4.02,148,4.7,115,4.5,99.42,106,344,450,23.56,7.7,174.29,0.3,16.7,129.5,12.9,9.2,5,138,11.8,0.23,107,81,80,77
647878,KLTRS01NLZ,155418,21/02/2019,07:35,08:39,Straw,Slightly cloudy,1.011,8.4,Negative,Negative,Negative,Negative,Negative,Normal,Negative,9-11,1,1-2,Nil,Rare,NIL,13.7,4.6,45,74.4,29,30,14.5,36.8,4154,47,16,1,8,2.8,9.08,2.94,0.08,0.51,0.03,281,11.6,9,0.23,15.5,5.9,0.26,0.01,0.38,210,42,96.4,33.9,169.5,94,5,2.3,0.44,0.9,0.2,0.7,97,45,40,16,8.1,4.2,3.9,1.08,1.4,18.3,8.5461,6.1,147,3.7,105,5.6,64.86,77,232,309,24.92,8.1,185.77,0.7,24.2,68.4,35.38,9.8,3.3,157,4.7,2.05,89,96,90,180
722503,KLTRS10WBD,929406,20/02/2019,10:55,12:17,Pale Yellow,Clear,1.012,6.6,Trace,Trace,Negative,Negative,Negative,Normal,Negative,3-4,4,2-2,Nil,Nil,Mucus threads,9.3,5.7,61.2,87.8,16,15,13.8,45,9283,40,31,2,2,0,7.12,2.45,1.33,0.02,0.02,579,11.6,15,0.23,20.3,2,0.15,0.03,0.01,138,36,73.5,13,65,145,3.8,2.04,0.49,0.4,0,0.4,72,34,15,18,5.5,3.8,1.7,2.24,0.8,18.6,8.6862,10.86,142,4.3,100,5.1,119.71,114,352,466,24.46,6.9,151.33,0.9,11.9,117.1,10.16,10.2,3.6,95,3.3,1.8,91,150,92,109
397423,GYAHD06ODK,797572,21/02/2019,09:45,10:54,Pale Yellow,Clear,1.019,4.6,Negative,2+,Negative,Negative,Negative,Normal,Negative,87-89,1,11-17,Nil,Nil,NIL,4.3,5.8,41.7,95.8,7,10,12.7,45.5,5192,45,26,6,5,0,1.31,2.54,0.27,0.02,0.09,373,8.4,15,0.32,49.6,3.9,0.33,0.43,0.15,192,55,76.6,36.8,184,78,3.5,1.39,0.72,0.7,0.1,0.6,88,37,39,30,6.5,3.1,3.4,0.91,0.8,18.5,8.6395,10.8,133,3.6,99,2.7,71.75,134,355,489,27.4,6.3,134.11,0.5,22.4,71,31.55,10.8,3.7,67,4.1,2.59,93,212,120,113
733461,PBCHD03CGD,182540,23/02/2019,07:34,08:54,Yellow,Clear,1.015,4.7,Negative,Trace,Negative,Negative,Negative,Normal,Negative,12-14,1,2-4,Moderate,Nil,Fat droplets or lipiduria,17.1,4.4,61,63.1,38,28,11.7,43.6,7345,33,45,2,2,0,3.05,0.54,0.4,0.37,0.02,326,11.3,15,0.07,33.5,6.9,0.32,0.06,0.38,204,34,97.3,19,95,85,6,2.86,0.35,0.6,0.1,0.5,43,42,12,7,8.3,4.8,3.5,1.37,1,8.8,4.1096,4.11,143,4.1,107,1.3,106.79,143,357,500,28.6,6.2,131.24,0.4,11.6,137.9,8.41,9.8,3.9,216,8.4,12.05,130,81,81,98
544669,PBCHD08PBM,237613,22/02/2019,08:57,10:08,Pale Yellow,Slightly cloudy,1.02,6.5,Trace,Negative,Negative,Negative,Negative,Normal,Negative,14-15,1,3-3,Rare,Nil,NIL,9,5,48,98.1,18,18,10.3,42,9795,58,40,8,2,0,5.13,1.91,0.44,0.69,0.08,172,8.8,17,0.45,33.6,3.7,0.03,0.31,0.32,151,54,42.8,45.4,227,133,2.8,0.79,1.26,0.2,0,0.2,76,26,23,74,8.2,3.8,4.4,0.86,0.6,7.4,3.4558,5.76,139,2.4,107,6.4,116.3,65,346,411,15.82,5.9,122.63,0.1,13.8,143.5,9.62,11.3,5,105,8.5,3.66,120,82,78,178
841480,PBCHD01PBM,632812,23/02/2019,11:36,12:14,Pale Yellow,Clear,1.012,5.9,1+,Trace,Negative,Negative,Negative,Normal,Negative,8-10,5,1-3,Rare,Nil,NIL,20.4,6.8,52.1,44,30,39,13.3,35.4,9573,31,18,7,7,0,4.09,1.14,0.57,0.33,0.05,290,12.1,13,0.34,45.6,0.4,0.11,1.08,0.79,211,44,133.5,49.5,247.5,189,4.8,3.03,0.33,0.8,0.2,0.6,83,12,23,20,7.4,4.8,2.6,1.85,0.8,8.3,3.8761,4.85,155,2.7,99,3.1,118.65,195,314,509,38.31,8.5,197.25,0.6,20.3,130.8,15.52,8.6,2.1,91,12.1,2.33,139,90,79,153
942692,MZLGI09BRC,674835,21/02/2019,06:15,07:19,Straw,Slightly cloudy,1.024,5.6,1+,Trace,Negative,Negative,Negative,Normal,Positive,9-11,3,3-3,Nil,Nil,Fungal elements,13.9,4,52,92.4,34,26,12.9,49.5,10790,44,28,2,7,0,5.94,5.19,0.59,0.47,0.01,584,14.4,16,0.37,17.7,1.8,0.18,0.01,0.27,161,56,56.3,46.7,233.5,195,2.9,1.01,0.99,0.4,0,0.4,42,51,25,32,7.9,3.8,4.1,0.93,1.1,14.2,6.6314,6.03,145,3.6,104,5.1,90.4,97,352,449,21.6,8.8,205.86,0.4,15.5,158.1,9.8,11.9,5.8,72,7.2,3.15,71,81,98,128
649915,PBCHD07PBP,817314,19/02/2019,09:37,10:24,Yellow,Hazy,1.013,6.9,Negative,Negative,Negative,Negative,Negative,Normal,Negative,10-11,5,2-2,Rare,Nil,NIL,17.8,5.5,49.1,115.3,32,36,13.9,26.4,4424,42,19,2,6,0,5.58,2.35,0.62,0.23,0.04,280,9.9,11,0.25,18.3,1.9,0.05,0.26,0.76,588,48,53.3,32,160,190,12.3,1.11,0.9,0.5,0.2,0.3,117,53,32,18,6.5,3.9,2.6,1.5,0.7,13.5,6.3045,9.01,139,2.5,96,5.2,105.2,89,228,317,28.08,7.3,162.81,0.6,10.8,82.9,13.03,8.6,2.8,297,3.6,2.78,97,95,133,119
201573,MZLGI05GJS,765440,22/02/2019,08:41,10:07,Straw,Clear,1.027,6.6,3+,Trace,Negative,Negative,Negative,Normal,Negative,8-10,0,2-4,Nil,Few,NIL,13.7,4,33.9,71.2,34,40,12.3,43.3,29408,59,33,7,6,0,4.93,1.17,0.15,0.3,0.03,1018,7.2,11,0.23,22.6,5.4,0.32,0.77,0.34,218,29,130.1,10.3,51.5,129,7.5,4.49,0.22,0.6,0,0.6,95,25,12,33,6.9,4,2.9,1.38,1,19.6,9.1532,9.15,130,4,96,5.3,94.94,161,354,515,31.26,5.3,105.41,0.6,28.5,60.4,47.19,10.4,4.8,340,18.6,6.96,83,79,98,146
607389,GYAHD03JHJ,124983,21/02/2019,08:42,10:04,Pale Yellow,Clear,1.024,5.7,2+,Negative,Negative,Negative,Negative,Normal,Negative,TNTC,2,16-16,Nil,Nil,Amorphous debris,5.7,5,28.8,93.9,11,19,13.6,45.8,6403,65,54,1,10,0.3,8.3,1.02,0.26,0.48,0.15,47,7.4,6,0.27,12.6,4.7,0.28,4.43,2.24,116,53,92.3,31.6,158,160,2.2,1.74,0.57,2.5,1.2,1.3,48,45,25,12,7.4,3.7,3.7,1,0.9,8.7,4.0629,4.51,148,3.7,107,3.6,97.17,137,201,338,40.53,6.1,128.37,0.9,13,61.4,21.17,8.7,5,111,7,3.21,149,90,83,96
472559,MZLGI13APK,149754,21/02/2019,10:58,12:07,Light Yellow,Slightly cloudy,1.015,6.6,Trace,Negative,Negative,Negative,Negative,Normal,Negative,5-6,0,11-10,Nil,Nil,NIL,14.3,5.7,44.6,71,25,32,13.6,43.7,4758,57,12,16,15,0,7.38,1.53,0.53,0.18,0.04,235,8,14,0.22,26.8,4.9,0.98,0.3,0.03,195,64,81.5,17.3,86.5,170,3,1.27,0.79,0.4,0.1,0.3,89,45,36,26,7,3.5,3.5,1,0.9,6.5,3.0355,3.37,126,4.7,99,4.7,115.67,146,336,482,30.29,5.7,116.89,0.5,12.6,61.4,20.52,11.3,3.3,105,7.6,13.38,101,88,223,90
305842,MZLGI02RJK,219507,19/02/2019,11:49,12:50,Light Yellow,Slightly cloudy,1.017,5.5,Negative,Negative,Negative,1+,Negative,Normal,Negative,TNTC,2,15-19,Few,Nil,Amorphous debris,13.4,4.1,10.6,65.8,32,126,11.7,45.5,5025,50,31,1,8,0.7,7.07,1.97,0.45,0.25,0.04,77,10.7,9,0.22,17.9,1.4,4.91,0.38,0.15,212,36,48,63.8,319,175,5.9,1.33,0.75,0.7,0.3,0.4,42,8,23,13,7.1,4.7,2.4,1.96,1,14.2,6.6314,6.63,137,3.6,108,6,101.18,102,263,365,27.95,7.9,180.03,6.5,23,94.8,24.26,10.3,4.5,163,17.6,3.61,125,65,121,224
420673,PBCHD14PBM,524546,19/02/2019,11:05,11:46,Pink,Slightly cloudy,1.026,6.6,Negative,Negative,Negative,Negative,Negative,Normal,Negative,4-5,0,2-2,Few,Nil,NIL,8.8,7,50.4,43.7,12,17,14.1,42.5,7463,55,40,3,2,0,21.71,1.75,0.14,0.12,0.05,362,10.9,19,0.24,33.8,0.1,6.11,0.24,0.31,168,28,93,33.3,166.5,83,6,3.32,0.3,0.9,0.2,0.7,80,40,39,43,7.7,4.3,3.4,1.26,0.9,39,18.213,20.24,138,1.5,99,2.5,102.93,61,298,359,16.99,6.3,134.11,0.2,18.2,131,13.89,8.7,3.7,130,15.2,9.28,149,99,84,130
532826,KLTRS15MLT,617510,21/02/2019,08:40,09:28,Straw,Clear,1.017,7,Negative,Trace,Negative,Negative,Negative,Normal,Negative,10-12,1,2-3,Nil,Nil,NIL,16.5,4.4,53.6,95.2,37,30,12.6,45.8,8338,68,30,6,6,0,2.28,2.63,0.93,0.02,0.04,76,10.3,14,0.29,16.1,6.9,3.26,0.37,0.97,237,31,127.7,45.7,228.5,204,7.6,4.12,0.24,0.7,0.2,0.5,70,27,30,42,6.5,3.5,3,1.17,1.2,7.3,3.4091,2.84,137,5.2,95,4.2,90.32,191,200,391,48.85,9.4,223.08,0.5,10.9,87.8,12.41,10.2,4,180,9.4,1.02,142,85,99,115
336729,MZLGI05RJK,402996,21/02/2019,09:18,10:31,Light Yellow,Hazy,1.012,5.8,Trace,Negative,1+,Negative,Negative,Normal,Negative,4-5,0,1-4,Rare,Nil,NIL,12.2,5.7,34.8,97.3,21,35,14.4,45.8,40506,69,19,4,10,2.7,1.1,3.66,0.91,0.02,0.06,294,11.3,10,0.24,34.1,0.4,0.64,0.11,0.07,176,43,88.7,72.5,362.5,116,4.1,2.06,0.48,0.7,0.3,0.4,113,56,31,44,7.2,4,3.2,1.25,0.8,18.5,8.6395,10.8,142,4.1,101,2.1,118.82,96,338,434,22.12,6.5,139.85,0.5,18.5,83.1,22.26,11.9,3.1,118,6.8,1.53,150,90,123,176
391262,PBCHD11HPP,739466,21/02/2019,07:30,08:57,Green,Clear,1.028,6.3,Trace,Trace,Negative,2+,1+,Normal,Negative,11-13,0,11-10,Nil,Rare,NIL,16.5,4.4,17.5,89,37,94,12.5,45.3,9320,38,44,3,18,1,3.74,1.5,0.35,0.27,0,274,9.5,18,0.33,27.5,3.2,0.07,0.29,0.1,190,23,76.6,18.2,91,127,8.3,3.33,0.3,0.8,0.1,0.7,269,14,13,44,8,3.8,4.2,0.9,0.8,13,6.071,7.59,141,3.3,98,4.7,109.08,74,209,283,26.15,8.5,197.25,0.8,21.4,60.1,35.61,10.7,3.8,206,4.5,7.06,81,78,77,169
711964,PBCHD02KLC,296943,23/02/2019,06:48,08:09,Light Yellow,Clear,1.01,5,Trace,Negative,Negative,Negative,Negative,Normal,Negative,6-8,2,2-3,Nil,Nil,NIL,11.4,5.8,62.4,77.1,19,18,13,41.9,8286,59,10,5,8,0,2.48,1.45,0.37,0.47,0.05,356,9.2,11,0.45,18.1,4.4,1,0.85,0.28,166,60,59,19.1,95.5,108,2.8,0.98,1.02,0.5,0.2,0.3,108,103,26,18,7.8,5,2.8,1.79,0.9,15.3,7.1451,7.94,140,3.2,103,5.1,93.21,144,347,491,29.33,6.4,136.98,0,15.4,145.1,10.61,7.8,6.2,162,10.8,0.78,73,87,74,80
338486,GYAHD14KLM,555814,20/02/2019,09:01,09:48,Pink,Clear,1.02,4.8,Negative,Negative,Negative,Negative,Negative,Normal,Negative,11-13,2,>20,Nil,Few,Artifacts,13.2,6.6,42.7,94.1,20,30,10.9,26.6,9433,50,40,8,7,0,7.71,1.65,0.48,0.49,0.09,287,5.9,15,0.49,30.6,4.8,0.36,0.05,0.02,178,59,53.5,35.2,176,160,3,0.91,1.1,0.7,0.3,0.4,127,14,32,35,6.2,3.9,2.3,1.7,0.9,225,105.075,116.75,140,2.9,107,5.3,91.25,48,318,366,13.11,8.9,208.73,0.9,12.2,67.2,18.15,9.7,5.4,105,12.6,3.03,182,258,115,117
377217,GYAHD12JHJ,749448,23/02/2019,11:05,12:28,Light Yellow,Clear,1.015,6.7,1+,Negative,Negative,Negative,Negative,Normal,Negative,11-13,2,1-3,Moderate,Rare,NIL,15.5,5.2,53.2,59.9,29,29,12.8,39.1,7490,32,34,19,11,3.6,0.53,2.59,0.47,0.62,0.05,197,9.8,15,0.33,14.5,0.1,0.23,2.05,1.65,194,33,110.6,7.8,39,163,5.9,3.35,0.3,0.5,0.2,0.3,127,44,30,15,6.8,4.4,2.4,1.83,0.9,8.1,3.7827,4.2,142,3.3,108,5.1,101.36,97,137,234,41.45,6,125.5,0.8,18.5,117.3,15.77,8.9,2.3,187,19.1,8.45,74,78,109,111
384522,MZLGI09APK,737420,23/02/2019,07:22,08:25,Straw,Slightly cloudy,1.015,5.4,Trace,Trace,1+,Negative,Negative,Normal,Negative,6-8,2,3-2,Moderate,Nil,NIL,10.6,5.7,30.3,81.1,18,34,9.1,39.1,10668,68,40,7,3,0,1.08,2.09,0.37,0.49,0.06,184,8.5,14,0.29,31.4,4.3,0.35,0.46,0.01,156,35,96.4,28.5,142.5,88,4.5,2.75,0.36,0.9,0.2,0.7,115,40,21,41,7.1,3.7,3.4,1.09,0.5,11.6,5.4172,10.83,141,4.6,111,2.3,31.93,109,244,353,30.88,5.7,116.89,0.3,15,126.3,11.88,7.7,3.8,329,3.8,2.01,122,110,73,88
420599,GYAHD02JHJ,340650,22/02/2019,10:22,10:59,Light Yellow,Slightly cloudy,1.016,6.6,2+,Trace,Trace,Negative,Negative,Normal,Negative,1-3,1,1-2,Nil,Nil,Fat droplets or lipiduria,9.6,5.8,54.5,85.8,16,17,11.8,42.5,8664,59,30,2,3,0,1.84,0.38,0.78,0.51,0.04,490,9.1,15,0.23,34.4,1.5,0.17,0.25,3.32,196,55,58.7,31.9,159.5,94,3.6,1.07,0.94,0.7,0.2,0.5,86,5,29,14,7,3.6,3.4,1.06,0.8,8.2,3.8294,4.79,141,5,95,4.8,104.2,232,172,404,57.43,5.9,122.63,0.6,25.9,48.6,53.29,9.5,3,95,5.9,3.87,87,96,171,274
233357,PBCHD08KLC,392873,23/02/2019,11:11,12:34,Light Yellow,Clear,1.03,4.9,2+,Negative,Negative,1+,Negative,Normal,Negative,11-12,0,12-14,Rare,Moderate,NIL,17.7,5.2,27.1,41.9,34,65,13.7,40.4,7944,59,27,4,3,0,22.41,1.57,0.69,0.42,0.19,54,10.6,10,0.23,14.1,6.6,0.14,0.34,2.09,178,52,45.3,71.9,359.5,132,3.4,0.87,1.15,0.6,0.2,0.4,53,41,27,36,6.1,3.6,2.5,1.44,0.6,59.8,27.9266,46.54,145,4.9,107,5.3,80.83,123,271,394,31.22,5.8,119.76,0,10.9,138.4,7.88,10.5,4.2,156,18.3,0.17,144,119,86,194
294220,PBCHD13RJU,299939,19/02/2019,08:30,09:27,Yellow,Clear,1.012,6.9,Trace,Trace,Negative,Negative,Negative,Normal,Negative,1-3,2,2-2,Nil,Few,NIL,10.9,4.8,41.4,73.1,22,26,14.2,47.9,9378,42,44,2,4,0,5.22,1.44,0.55,0.28,0.12,111,10.5,12,0.22,32.4,0.3,0.08,0.1,0.15,189,66,58.6,15.4,77,191,2.9,0.89,1.13,0.7,0.3,0.4,104,53,29,39,6.5,3.9,2.6,1.5,1.1,9.6,4.4832,4.08,138,3,101,3.4,101.08,86,326,412,20.87,7.7,174.29,0,14.1,70.9,19.89,10.7,2.9,194,10,2.96,82,87,100,105
630114,KLTRS05KLP,309089,21/02/2019,11:22,12:15,Deep Amber,Hazy,1.025,4.6,Trace,Trace,Negative,Negative,Negative,Normal,Negative,5-7,2,1-4,Nil,Rare,NIL,17,5.8,60.1,73.4,29,28,13.2,44.9,6116,54,27,24,4,0,0.81,2.08,0.45,0.11,0.04,203,7.1,17,0.2,16.7,0.1,0.11,0.32,0.23,203,79,94.8,63.8,319,97,2.6,1.2,0.83,0.7,0.3,0.4,100,47,39,24,7.9,3.8,4.1,0.93,0.7,12.3,5.7441,8.21,147,4.9,96,4.8,114.14,125,356,481,25.99,6.9,151.33,0.1,21.2,443.7,4.78,9,3.6,117,3.2,3.63,99,116,75,93
909602,GYAHD10ODK,378392,21/02/2019,10:42,11:28,Straw,Slightly cloudy,1.01,6.2,Negative,Trace,Negative,Negative,Negative,Normal,Negative,3-5,0,1-2,Nil,Nil,NIL,9.3,5.7,57,92.3,16,16,13.7,41.1,4571,56,30,6,8,0,1.44,5.83,0.48,0.05,0.06,112,13,18,0.17,19.9,4,0.07,0.05,0.29,395,26,142.7,19.5,97.5,134,15.2,5.49,0.18,0.6,0,0.6,51,54,40,24,6.3,4.1,2.2,1.86,0.9,55,25.685,28.54,149,2.9,97,3,91.3,189,306,495,38.18,5.8,119.76,0.2,22,78,28.21,8.9,5.9,216,4.7,7.87,109,190,92,80
232625,PBCHD07RJU,925831,23/02/2019,11:59,13:16,Yellow,Clear,1.019,5.8,Negative,Negative,Negative,Negative,Trace,Normal,Negative,2-4,1,2-2,Nil,Nil,NIL,15.6,5,30.6,45.4,31,50,14.6,45.8,6373,59,36,4,13,0,4.26,2.53,0.88,0.62,0.09,202,10.9,12,0.25,30.5,3.1,0.01,1.6,2.35,174,78,24.9,36.5,182.5,131,2.2,0.32,3.13,0.4,0.1,0.3,108,14,30,22,7.3,4.2,3.1,1.35,1.1,7.5,3.5025,3.18,136,5.4,96,3.3,111.29,184,355,539,34.14,10.1,243.17,0.9,12.8,84.9,15.08,10.5,5.5,234,9.8,6.64,74,72,142,117
198071,PBCHD14KLC,722448,23/02/2019,06:46,08:13,Pale Yellow,Slightly cloudy,1.013,4.7,Trace,Trace,Trace,Negative,Trace,Normal,Negative,8-10,0,2-3,Nil,Moderate,NIL,8.4,5.5,23.1,99.6,15,36,12.8,44.2,9897,49,30,6,8,0,7.09,2.85,0.72,0.05,0.04,92,12.5,12,0.16,23.8,2,0.08,0.33,5.9,181,56,85.9,34,170,104,3.2,1.53,0.65,1.9,0.9,1,124,30,20,17,6.6,5,1.6,3.13,0.8,19.2,8.9664,11.21,138,5.8,104,9.8,111.63,149,297,446,33.41,5.9,122.63,0.8,13.6,73.9,18.4,8.4,4.2,177,16.3,0.8,106,66,78,87
154719,MZLGI01GJS,183224,22/02/2019,06:46,07:17,Light Yellow,Hazy,1.011,4.7,Trace,Trace,Negative,Negative,Negative,Normal,Negative,4-5,2,7-17,Nil,Nil,Parasites,12.9,4.7,32.6,74.9,27,39,14.5,44.5,6814,62,34,0,5,0,0.36,2.04,0.26,0.47,0.09,393,10.1,16,0.05,12.1,6.2,0.22,0.61,0.39,165,57,103.6,14.3,71.5,135,2.9,1.82,0.55,0.3,0,0.3,66,23,23,39,7.1,3.9,3.2,1.22,0.7,9.3,4.3431,6.2,138,3.6,104,4.6,114.06,128,307,435,29.43,6.1,128.37,0.9,24.8,101.6,24.41,8.4,2.8,288,19.6,1.48,78,90,117,129
254427,KLTRS02WBD,715382,20/02/2019,11:23,12:05,Pale Yellow,Clear,1.02,4.3,Trace,Trace,Negative,Negative,Negative,Normal,Negative,7-8,0,3-2,Nil,Few,NIL,21.2,5.2,52.6,75.7,40,40,12.5,45.6,40315,53,23,3,12,0,1.02,1.51,0.36,0.38,0.04,361,12,12,0.27,48,4.1,2.97,0.39,3.17,174,53,93.9,38.8,194,193,3.3,1.77,0.56,0.6,0.1,0.5,117,14,16,47,7.2,3.5,3.7,0.95,1.2,12.3,5.7441,4.79,124,4.6,98,2.8,92.75,68,233,301,22.59,8.6,200.12,0.6,159,64.9,244.99,13.3,3.6,95,3.3,3.84,146,97,69,117
822437,MZLGI07MHP,896187,22/02/2019,06:20,06:50,Straw,Clear,1.016,5.6,Trace,Trace,Negative,Negative,Negative,Normal,Negative,2-4,4,1-2,Nil,Nil,Parasites,16.4,5,31.3,90.9,32,52,16.6,40.5,5810,60,37,2,5,0,18.22,4.3,0.74,0.2,0.05,351,8.1,11,0.22,44.1,1.4,0.07,0.2,2.29,221,74,122,7,35,136,3,1.65,0.61,0.5,0.1,0.4,119,54,21,26,6.4,3.7,2.7,1.37,1,17.2,8.0324,8.03,139,4.6,104,6.1,92.91,159,349,508,31.3,8.9,208.73,0.7,27.8,35.5,78.31,8.8,3.5,94,4.4,0.7,88,99,75,86
993277,KLTRS11TSS,283678,21/02/2019,06:11,07:01,Pale Yellow,Clear,1.025,5.1,Negative,Negative,Negative,Negative,Negative,Normal,Negative,5-7,4,2-2,Nil,Nil,NIL,19.8,5.8,46.2,93,34,42,13.5,40.2,7416,53,36,3,4,0,14.06,0.86,0.87,0.35,0.06,320,10.6,20,0.26,13.9,1.5,0.22,0.87,2.34,208,22,30.3,37.7,188.5,108,9.5,1.38,0.73,0.9,0.3,0.6,70,17,12,10,6.2,3.9,2.3,1.7,0.8,9.3,4.3431,5.43,135,2.3,111,2.1,97.9,210,186,396,53.03,5.8,119.76,0.5,13,209.5,6.21,10.3,3.7,176,21.7,1.75,105,89,95,124
494695,MZLGI15RJK,499714,22/02/2019,07:22,08:42,Straw,Slightly cloudy,1.024,9,Trace,Negative,Negative,Trace,Negative,Normal,Negative,12-13,0,1-4,Nil,Nil,NIL,2.9,5.5,23.7,88.3,5,12,13.9,45.4,9177,52,34,18,3,0,8.37,1.17,0.5,0.64,0.44,798,7.8,11,0.26,18.2,3.9,0.45,0.34,0.04,237,28,97.3,28.3,141.5,168,8.5,3.48,0.29,0.7,0.3,0.4,105,37,35,44,6.1,4.2,1.9,2.21,0.6,37.4,17.4658,29.11,97,3.9,101,5.3,107.36,43,130,173,24.86,7.4,165.68,0.5,25,115.8,21.59,9.6,2.7,185,6.3,4.52,163,118,114,129
832818,KLTRS11MLT,227136,20/02/2019,06:16,07:00,Yellow,Clear,1.017,6.9,Trace,Trace,Negative,Negative,Negative,Normal,Negative,TNTC,1,1-3,Nil,Nil,NIL,11.8,6.5,28.9,50.5,18,40,11.8,41.1,48232,16,20,2,8,0,3.05,1.54,0.3,0.6,0.04,415,10.9,15,0.21,31.9,5.9,4.15,0.12,0.54,200,36,95.6,7.8,39,106,5.6,2.66,0.38,0.6,0.2,0.4,94,21,34,45,6.4,4.6,1.8,2.56,0.6,9.7,4.5299,7.55,123,3.6,104,2.3,97.44,72,153,225,32,6.5,139.85,0.2,22.1,28.3,78.09,10,2.9,101,18.7,1.33,127,65,116,249
301840,PBCHD09KLC,887102,19/02/2019,10:21,11:19,Pale Yellow,Slightly cloudy,1.013,5.5,Trace,Negative,Negative,1+,Negative,Normal,Negative,11-12,1,1-2,Nil,Moderate,NIL,11.9,6.2,35,84.5,19,34,13.8,31.6,9703,43,33,17,2,0.2,3.15,2.52,0.14,0.03,0.06,348,11.1,14,0.37,30,0.9,0.97,4.54,0.11,180,47,46.6,23.4,117,145,3.8,0.99,1.01,0.8,0.3,0.5,101,50,38,22,6.8,4.2,2.6,1.62,1.1,12.7,5.9309,5.39,121,3.7,99,5.4,93.04,169,226,395,42.78,8,182.9,4.8,17.5,108.5,16.13,10.5,3.5,65,10.6,1.3,77,72,82,62
900968,PBCHD01PBP,655407,23/02/2019,10:33,11:48,Yellow,Slightly cloudy,1.017,5.5,Negative,Trace,Negative,Negative,Negative,Normal,Negative,12-13,1,3-3,Nil,Nil,Parasites,8.1,7.8,50.1,84.1,10,16,14.2,41.2,2964,45,32,1,5,0,5.17,2.69,0.26,0.67,0.06,178,7.8,14,0.51,33.6,2.2,0.45,6.31,0.01,187,39,86.4,72.6,363,61,4.8,2.22,0.45,0.7,0.1,0.6,127,135,22,39,6.2,4.7,1.5,3.13,0.7,17.7,8.2659,11.81,139,4,101,3.1,82.77,150,192,342,43.86,6.8,148.46,0.7,20.7,129.1,16.03,11.8,5.9,61,12.1,2.85,85,128,80,85
754701,GYAHD05JHJ,754990,19/02/2019,11:16,12:17,Straw,Slightly cloudy,1.02,4.9,Trace,Trace,Negative,1+,Negative,Normal,Negative,2-4,1,1-4,Nil,Nil,NIL,14.4,5.2,64,94.3,27,22,14.1,45.2,9635,51,47,3,10,0,4.78,1.19,0.53,0.06,0.01,198,8.7,17,0.27,19.4,4.5,0.26,0.59,0.06,148,44,89.8,38.9,194.5,137,3.4,2.04,0.49,0.7,0.3,0.4,128,19,26,46,8.2,4.2,4,1.05,0.7,39.4,18.3998,26.29,144,3.5,95,3.1,110.35,156,105,261,59.77,6.8,148.46,0.3,22.8,44.7,51.01,12,2.5,168,22.3,2.9,115,122,82,117
855309,PBCHD10CGD,259278,20/02/2019,06:04,06:34,Pale Yellow,Clear,1.012,6.4,Trace,Negative,Negative,Negative,Negative,Normal,Negative,48-51,0,2-4,Nil,Nil,NIL,12.6,7,35.5,58.6,18,35,13.9,26.3,4547,55,30,1,8,10.3,0.07,0.17,0.7,0.03,0.09,422,8.7,17,0.55,29.8,0.1,0.32,0.36,0.24,159,58,87.9,20.5,102.5,117,2.7,1.52,0.66,0.6,0.1,0.5,84,36,23,23,7.5,4.3,3.2,1.34,1.2,35.6,16.6252,13.85,143,5.7,103,3.5,109.95,154,234,388,39.69,8.2,188.64,0.9,380,295.6,128.55,10.6,4.7,121,8.7,3.95,102,95,72,137
550596,MZLGI09APK,390589,21/02/2019,09:02,10:29,Orange,Clear,1.013,4.8,Trace,Trace,Negative,Negative,Negative,Normal,Negative,13-14,2,>20,Nil,Nil,NIL,17.6,4.2,54.2,79.4,41,32,13.9,32.9,30485,56,37,7,3,0,0.92,1.82,0.76,0.19,0.07,123,7.9,15,0.19,19.7,7,0.15,0.09,0.08,183,46,182,11.5,57.5,158,4,3.96,0.25,0.5,0.2,0.3,118,19,28,17,8.1,4.5,3.6,1.25,1,15.2,7.0984,7.1,147,5.3,100,9.5,99.24,88,332,420,20.95,9.3,220.21,0.5,15.6,83.6,18.66,10.3,5.9,154,11.3,6.83,187,60,74,184
623405,PBCHD03RJU,456544,22/02/2019,07:29,08:38,Pale Yellow,Clear,1.016,4.6,Negative,Negative,Negative,Negative,Negative,Normal,Negative,3-4,2,2-3,Nil,Rare,Fungal elements,16.6,3.8,49.4,92.2,43,33,13.9,45.4,8991,47,27,10,7,0,0.33,0.6,0.26,0.88,0.04,168,7.5,11,0.14,20.2,0.1,0.26,0.09,0.76,171,55,126.1,32.8,164,86,3.1,2.29,0.44,5.3,2.6,2.7,68,7,37,35,7.6,3.5,4.1,0.85,0.7,9.8,4.5766,6.54,139,5.8,102,4.7,112.28,123,125,248,49.6,5.8,119.76,0.1,16.6,44.2,37.56,8.8,4.5,104,11.1,3.83,96,97,125,88
246923,MZLGI09RJK,362696,22/02/2019,07:04,07:35,Deep Amber,Slightly cloudy,1.015,4.5,Trace,Negative,Negative,Negative,Negative,Normal,Negative,2-3,2,3-3,Nil,Few,Yeast cells,15,6.8,32.6,41.6,22,46,13.8,28.2,7629,60,18,4,2,1,9.06,2.79,0.02,0.22,0.03,271,13,12,0.39,33.5,6.7,0.36,6.82,4.05,164,65,82.6,26.8,134,79,2.5,1.27,0.79,1,0.3,0.7,72,35,21,18,6.1,4.4,1.7,2.59,1,18.8,8.7796,8.78,136,4.8,114,5.7,98.09,131,351,482,27.18,7.6,171.42,0.2,15.9,157.5,10.1,9.7,2.6,169,6.3,3.49,130,77,78,104
467007,MZLGI07GJS,640915,21/02/2019,06:42,07:26,Light Yellow,Clear,1.018,6.4,Negative,Trace,Negative,Negative,Negative,Normal,Negative,9-11,0,1-4,Rare,Nil,NIL,11,5.9,44.6,99.6,18,24,14.1,43.5,7866,67,21,4,9,0,2.28,1.31,0.58,0.46,0.09,505,9.1,16,0.22,14.7,7.1,2.21,0.36,0.21,239,42,111.2,47.3,236.5,165,5.7,2.65,0.38,0.9,0.2,0.7,48,50,57,17,6.1,5,1.1,4.55,0.9,12.1,5.6507,6.28,113,2.6,103,3.7,104.7,85,319,404,21.04,6.2,131.24,0.2,21.9,74.8,29.28,12.4,5.9,43,8.2,0.63,103,225,77,119
361457,PBCHD12RJU,431164,19/02/2019,11:59,12:34,Deep Amber,Slightly cloudy,1.01,5.7,Negative,Negative,Negative,Negative,Negative,Normal,Negative,5-6,1,3-3,Rare,Nil,Fungal elements,17.4,6,43.8,49.1,29,39,14.5,41.6,7342,43,52,2,10,0,4.55,1.14,0.3,0.29,0.06,746,8.6,6,0.23,32,4.6,0.96,0.01,0.14,182,75,86.9,19.4,97,86,2.4,1.16,0.86,0.2,0,0.2,112,20,16,32,6.8,4.6,2.2,2.09,0.9,10.3,4.8101,5.34,121,4,104,2,95.31,78,255,333,23.42,5.9,122.63,1,15.3,67,22.84,11.4,5.1,184,9.5,0.11,100,63,71,265
345354,KLTRS10WBD,645535,21/02/2019,08:19,09:14,Pale Yellow,Clear,1.011,5.3,Negative,Negative,Negative,Negative,Negative,Normal,Negative,11-13,1,3-4,Nil,Nil,NIL,19,5.7,31.7,82.7,33,59,12.2,43,4418,21,40,4,3,0,2.75,2.55,0.69,0.4,0.03,180,5.9,14,0.37,19.4,1.2,0.09,0.13,0.17,156,58,101.7,36.8,184,83,2.7,1.75,0.57,0.7,0.3,0.4,103,31,19,12,6.3,4.2,2.1,2,0.5,19,8.873,17.75,136,4.5,110,5.4,100.22,99,254,353,28.05,8.6,200.12,0.4,27.4,111.9,24.49,10.2,3.3,162,18.7,0.77,91,100,77,81
795531,PBCHD12CGD,211571,20/02/2019,08:40,09:41,Green,Clear,1.013,4.8,Trace,Trace,Negative,Negative,Negative,Normal,Negative,8-10,2,3-4,Rare,Few,NIL,11.7,4.8,42.3,96.2,24,27,13.2,39.3,7284,52,22,8,8,0,7.75,1.18,0.18,0.18,0.03,357,9,16,0.19,32.1,4.9,0.35,0.18,0.36,193,40,88.4,11.8,59,170,4.8,2.21,0.45,0.5,0.1,0.4,105,26,21,44,5.3,3.5,1.8,1.94,0.4,12.7,5.9309,14.83,104,4.8,97,3.4,46.58,160,205,365,43.84,5.8,119.76,0.3,18.6,118.6,15.68,11.4,4.3,304,9.7,3.93,150,61,79,86
232130,KLTRS12NLZ,724332,19/02/2019,09:45,10:31,Light Yellow,Clear,1.016,6.7,Trace,Negative,Negative,Negative,Negative,Normal,Negative,3-5,2,1-3,Nil,Nil,NIL,10,4.8,41.5,85.3,20,24,12.9,36,10759,62,42,4,11,0,4.09,1.52,0.16,0.3,0.09,280,8.4,15,0.23,27.1,6.9,0.2,0.26,0.18,155,51,205.5,82.8,414,76,3,4.03,0.25,0.4,0,0.4,69,27,27,37,7.7,4.7,3,1.57,1.1,17.1,7.9857,7.26,138,1.7,102,3.9,118.41,94,321,415,22.65,6.1,128.37,0.9,28.8,113.4,25.4,9.8,4,191,6.7,3.18,123,293,66,140
477983,PBCHD14RJU,540070,19/02/2019,08:48,09:37,Straw,Clear,1.019,6.7,2+,Negative,Negative,Negative,Negative,Normal,Negative,29-33,1,2-4,Nil,Nil,Yeast cells,9.7,5.8,47.4,72.6,16,20,12.9,43.3,5522,58,12,8,8,0,0.3,1.3,0.9,0.26,0,518,11.3,19,0.52,34.4,3.4,1.53,0.54,0.21,163,49,95.8,34.1,170.5,91,3.3,1.96,0.51,0.7,0.3,0.4,107,16,15,23,7.4,4.1,3.3,1.24,0.8,7.7,3.5959,4.49,139,4.4,101,4.4,107.52,37,222,259,14.29,6.1,128.37,0.6,13.4,97.4,13.76,9.9,4.5,137,6.2,2.17,72,81,74,199
755690,KLTRS07KLP,864628,23/02/2019,10:32,11:28,Light Yellow,Clear,1.019,5.1,Negative,Trace,Negative,Negative,Negative,Normal,Negative,11-13,2,1-2,Nil,Rare,NIL,9.9,6.9,35,70.9,14,28,13.9,45.2,53645,71,43,6,4,0,1.99,1.91,0.4,0.29,0.06,105,14.9,13,0.28,21.6,0.9,0.1,0.09,0.25,151,46,177.3,29.9,149.5,87,3.3,3.85,0.26,0.6,0.2,0.4,55,9,37,25,8,4.3,3.7,1.16,1,19.5,9.1065,9.11,134,4.7,104,5.4,119.94,162,166,328,49.39,5.1,99.67,0.1,20.6,148.3,13.89,9.5,2.2,276,4.6,2.38,84,108,77,164
959699,KLTRS06TSS,536557,22/02/2019,11:47,13:01,Dark Yellow,Clear,1.016,6.6,Trace,Negative,2+,Negative,Negative,Normal,Negative,TNTC,1,2-3,Rare,Nil,Mucus threads,14.5,5.3,42.1,95.6,27,34,13.4,41.3,9035,70,35,4,3,0,2.56,2.63,0.88,0.66,0.1,423,10.8,17,0.22,30.2,3.6,0.33,0.05,3.93,153,27,79.3,10.3,51.5,91,5.7,2.94,0.34,0.6,0.1,0.5,49,55,31,24,6.3,4.4,1.9,2.32,0.7,12.1,5.6507,8.07,128,4.9,108,5.5,101.69,147,235,382,38.48,6,125.5,0.3,17.8,69.5,25.61,8.7,2.1,137,5.4,2.78,98,85,108,89
769874,GYAHD12ODK,449799,23/02/2019,09:45,11:14,Light Yellow,Clear,1.015,5.8,Negative,Trace,Negative,Trace,Negative,Normal,Negative,2-4,2,2-3,Nil,Nil,NIL,10.6,4.7,24.9,78.4,22,42,13.7,43.3,3719,60,15,4,13,0,4.08,2.98,0.98,0.25,0.01,424,7.2,11,0.34,29.9,1.7,0.4,0.18,0.38,165,52,188.6,36.9,184.5,75,3.2,3.63,0.28,0.8,0.1,0.7,87,46,31,21,6.2,4.3,1.9,2.26,0.9,75.4,35.2118,39.12,135,4.3,99,2.6,111.02,97,266,363,26.72,7.4,165.68,0.6,258.4,144.8,178.45,9.9,2.9,168,6.4,2.01,114,71,100,126
711955,PBCHD03NLM,402135,21/02/2019,10:44,11:35,Pale Yellow,Clear,1.028,4.9,2+,Trace,Negative,Negative,Negative,Normal,Negative,9-11,41,9-19,Nil,Nil,NIL,11.6,4.4,53.1,98.4,26,21,14,43.6,4131,46,19,1,22,0,4.08,1.08,0,0.25,0.15,226,13.6,13,0.49,47.8,5.5,0.22,0.09,0.22,211,40,95,38.2,191,125,5.3,2.38,0.42,0.2,0,0.2,318,42,23,38,6.4,4.5,1.9,2.37,0.7,17.4,8.1258,11.61,135,4.4,107,4.7,100.85,75,352,427,17.56,6.3,134.11,0.5,11,122.6,8.97,10.2,3.6,68,5.6,0.94,77,156,102,138
222120,KLTRS15KLP,941469,20/02/2019,06:06,07:27,Orange,Slightly cloudy,1.021,5,Negative,1+,Negative,Negative,Negative,Normal,Negative,12-13,0,3-2,Rare,Nil,NIL,16.4,4.7,34.5,82.2,34,47,14.3,39.7,7239,31,22,3,2,0,9.31,1.46,0.14,0.12,0.02,353,11.7,11,0.26,24.4,1.1,3.97,0.35,0.15,156,52,170.9,31.4,157,123,3,3.29,0.3,0.8,0.2,0.6,58,36,14,10,7.7,3.6,4.1,0.88,1,5.9,2.7553,2.76,144,4.9,103,5.4,113.24,91,172,263,34.6,7.2,159.94,4.6,18.1,144.5,12.53,10.9,2.7,191,6.8,0.85,109,71,303,187
378058,MZLGI14RJK,955757,21/02/2019,08:05,09:01,Straw,Clear,1.014,6.2,Trace,Negative,Negative,Trace,Negative,Normal,Negative,8-9,1,2-4,Nil,Few,NIL,17.7,8,53.7,92.4,22,32,12.2,44.8,6448,50,23,1,8,0,7.72,2.05,0.44,0.45,0.02,410,10.7,11,0.27,22.1,2,0.38,0.19,0.36,201,55,78.6,5.3,26.5,94,3.7,1.43,0.7,0.7,0.1,0.6,45,49,33,15,7.8,4.6,3.2,1.44,1.2,14.6,6.8182,5.68,145,3.8,99,2.4,106.13,86,127,213,40.38,12.8,320.66,0.1,25.2,245,10.29,9.7,4.3,63,8.5,0.71,111,110,73,139
270954,MZLGI01APK,302596,21/02/2019,08:21,09:46,Pale Yellow,Hazy,1.023,6.8,2+,Trace,Negative,Negative,Trace,Normal,Negative,1-2,2,2-2,Nil,Rare,NIL,6.4,8.1,55.9,94.6,7,11,12.6,49.4,9214,39,27,6,5,1.2,4.14,1.69,0.65,0.02,0.08,261,10.4,18,0.32,27.1,4.7,0.26,0.5,0.47,193,34,83.3,27.6,138,74,5.7,2.45,0.41,17.5,13,4.5,82,43,25,19,5.8,4.8,1,4.8,1.1,18,8.406,7.64,136,3.1,103,4.4,114.33,134,196,330,40.61,5.8,119.76,1.2,11.6,213.7,5.43,9,3.4,186,3.2,2.63,133,84,112,118
908824,MZLGI05GJS,587792,21/02/2019,08:06,09:21,Straw,Clear,1.015,5.5,Negative,Trace,Negative,Negative,Negative,1+,Negative,3-5,1,3-3,Rare,Nil,NIL,15.4,6.8,40.2,89.7,22,38,16.3,39.9,9963,55,32,1,2,0,5.21,1.64,0.73,0.44,0.14,108,11.6,20,0.09,17.1,1.7,0.17,3.81,0.31,183,58,67.2,29.7,148.5,147,3.2,1.16,0.86,17,12.5,4.5,41,28,17,48,7.4,3.7,3.7,1,0.8,16.7,7.7989,9.75,141,5,99,8.8,81.24,82,96,178,46.07,12.7,317.79,0.2,15,143.6,10.45,9.2,3.6,101,6.8,1.1,71,156,98,142
717401,PBCHD11KLC,794548,19/02/2019,08:40,09:17,Light Yellow,Clear,1.017,6.7,Negative,3+,Trace,Negative,Negative,Normal,Negative,8-10,0,1-3,Nil,Nil,NIL,13.2,4.9,38.9,70,26,33,15.2,44.6,8615,44,40,12,8,0,2.16,1.81,0.8,0.05,0.09,259,9.2,16,0.23,41.8,1.7,0.87,6.56,0.75,150,31,58.8,91.3,456.5,210,4.8,1.9,0.53,0.7,0.3,0.4,56,49,28,12,6.2,4.5,1.7,2.65,1,14.4,6.7248,6.72,124,4.8,99,3.5,99.99,162,320,482,33.61,6,125.5,1,196.8,140.6,139.97,10.7,6.2,275,10.6,0.28,98,185,90,67
728774,PBCHD13MHS,642927,23/02/2019,10:03,10:42,Pale Yellow,Clear,1.016,5.4,Trace,Negative,Negative,Negative,Trace,Normal,Negative,9-11,2,2-2,Few,Nil,NIL,8.5,4.8,50.4,95.3,17,16,11.5,28.5,4863,49,26,8,2,0,1.46,1.83,0.22,0.12,0.01,105,8.4,11,0.37,22.9,4.8,0.27,0.56,0.37,174,45,83.4,17,85,137,3.9,1.85,0.54,0.6,0.1,0.5,86,16,24,19,6.2,3.6,2.6,1.38,0.7,8.5,3.9695,5.67,138,4.6,108,4.4,83.64,39,356,395,9.87,6.2,131.24,0.9,16.8,70.1,23.97,7.6,4,276,19.6,0.26,82,82,78,94
193055,KLTRS10ODB,984030,19/02/2019,09:01,09:42,Pale Yellow,Hazy,1.016,4.7,2+,Negative,Negative,Negative,Negative,Normal,Negative,2-3,1,12-8,Nil,Nil,Yeast cells,15.1,4.8,34,93,31,44,14.2,50,18683,60,49,5,7,0.8,7.86,7.32,0.38,0.52,0.1,181,10.7,13,0.2,44.3,4.5,0.16,0.24,1.29,118,46,168.2,38,190,82,2.6,3.66,0.27,0.7,0.1,0.6,55,36,12,41,7.4,5,2.4,2.08,0.7,14,6.538,9.34,128,4.8,96,3.4,40.59,97,188,285,34.04,5.8,119.76,0.6,28.7,23.7,121.1,8.7,4.1,125,14.7,2.72,71,85,77,172
416660,KLTRS01TSS,523996,22/02/2019,09:32,10:14,Yellow,Opaque,1.024,4.7,Negative,Negative,Negative,Negative,Negative,Normal,Negative,11-12,0,2-4,Nil,Nil,Amorphous debris,17.2,5.5,38,125.4,31,45,13.3,37.6,6131,61,55,1,13,10.7,6.16,3.13,0.63,0.84,0.08,106,12.7,13,0.37,14.9,1.3,0.02,0.15,0,214,48,81.7,26,130,133,4.5,1.7,0.59,0.6,0.1,0.5,54,46,31,25,6.8,3.9,2.9,1.34,0.6,13.7,6.3979,10.66,138,3.6,102,3,93.07,120,358,478,25.1,5.4,108.28,0,26.3,68.7,38.28,8.6,5.4,121,4.6,2.56,86,62,78,209
222054,KLTRS06MLT,682423,20/02/2019,08:15,09:41,Orange,Slightly cloudy,1.014,6.1,Negative,Trace,Negative,Negative,Negative,Normal,Negative,13-14,5,1-3,Few,Nil,NIL,15.8,6,45.2,98.1,26,34,11.8,39.9,44363,57,39,6,5,0,3.19,3.37,0.37,0.28,0.03,323,8.3,13,0.09,23.9,2.7,0.25,0.05,0.25,194,38,102.5,25.1,125.5,131,5.1,2.7,0.37,0.3,0,0.3,103,37,27,18,7.3,3.9,3.4,1.15,0.7,67.5,31.5225,45.03,136,4.8,96,4.2,90.73,132,132,264,50,5.7,116.89,0.5,28,116,24.14,8.7,5.6,42,6.8,0.46,78,70,90,98
159524,KLTRS13NLZ,871849,20/02/2019,11:25,12:54,Yellow,Clear,1.015,6.4,1+,1+,Negative,Negative,Negative,Normal,Negative,10-12,0,1-2,Nil,Nil,NIL,14.4,4.8,53.4,97.7,30,26,12.9,46,3254,54,27,16,2,0,19.48,1.17,0.74,0.42,0.01,450,16.7,11,0.36,24.7,2.3,0.35,0.04,0.36,193,54,128.8,16.3,81.5,91,3.6,2.39,0.42,0.7,0.3,0.4,64,46,6,22,7.4,3.6,3.8,0.95,1.1,17,7.939,7.22,138,5.2,102,3.5,105.71,60,266,326,18.4,6.7,145.59,0.9,24.2,98.2,24.64,10.2,5,245,12,6.99,87,110,89,296
593777,GYAHD04KLM,188206,22/02/2019,10:17,10:47,Orange,Clear,1.015,5,Trace,Trace,Negative,Negative,Negative,Normal,Negative,13-14,5,1-4,Nil,Nil,NIL,3.3,4.8,61,70.2,6,5,14,40,4984,60,24,1,24,0.4,7.4,2.84,0.97,0.47,0.03,1043,9.1,20,0.27,29.6,6.9,0.28,0.07,0.37,187,39,44.6,17.6,88,110,4.8,1.14,0.87,0.6,0.2,0.4,86,40,13,22,8.2,3.8,4.4,0.86,1.1,16.3,7.6121,6.92,148,4,97,5,113.3,90,263,353,25.5,7.9,180.03,0.3,11.9,317,3.75,8.6,2.5,215,8.1,7.99,82,69,127,139
591481,GYAHD10ODK,492716,20/02/2019,10:31,11:08,Deep Amber,Hazy,1.018,5.4,Negative,3+,Negative,Negative,Trace,1+,Negative,1-2,0,3-2,Nil,Nil,NIL,3.7,5.7,55.4,80.8,6,6,14.7,27.4,6505,38,33,1,2,0,8.52,2.49,0.76,0.14,0.09,242,10.1,16,0.22,18.8,0.8,3.7,1.29,0.06,196,48,106.4,9.5,47.5,213,4.1,2.22,0.45,0.5,0.2,0.3,107,8,35,12,6.3,4,2.3,1.74,0.7,16.5,7.7055,11.01,137,4.7,100,3.4,113.82,165,357,522,31.61,7.9,180.03,0.2,14.9,142,10.49,8.4,3.9,128,6.3,2.43,95,82,74,73
330274,GYAHD03KLM,251429,22/02/2019,09:51,11:01,Pale Yellow,Clear,1.019,6.6,Negative,Negative,Negative,Negative,Trace,Normal,Negative,10-12,1,3-3,Nil,Nil,NIL,16.2,4.4,63.9,75.4,36,25,13.7,44.3,5101,33,19,4,3,0,4.02,1.03,0.69,0.36,0.46,346,7.1,18,0.3,41.5,4.2,0.33,2.27,0.12,231,75,42.2,32.8,164,170,3.1,0.56,1.78,0.3,0,0.3,78,37,12,29,7.2,4,3.2,1.25,0.6,5.4,2.5218,4.2,138,4.6,103,5.4,109.3,150,309,459,32.68,7.4,165.68,1,12.3,136.3,9.02,11.3,2.5,72,7.3,0.13,99,132,115,153
542747,MZLGI01BRC,927823,20/02/2019,09:34,10:31,Yellow,Clear,1.017,6.9,Negative,Negative,Trace,Negative,Negative,Normal,Negative,7-9,0,2-2,Nil,Nil,Fungal elements,15.8,4.5,31.5,72.9,35,50,11.8,40.2,8826,43,50,21,2,0,4.3,2.08,0.57,0.34,0.03,10,7.5,17,0.37,13.9,6.2,0.21,0.31,0.38,152,49,100.5,14.3,71.5,105,3.1,2.05,0.49,0.6,0.1,0.5,127,24,12,21,7.1,4.8,2.3,2.09,1.2,15.9,7.4253,6.19,121,6,90,2.9,51.85,145,158,303,47.85,5.7,116.89,0.2,25.9,64.5,40.16,8.6,3.2,148,17.3,3.2,106,179,125,163
669255,PBCHD01PBM,104189,23/02/2019,10:31,11:34,Yellow,Clear,1.017,6.5,Trace,Negative,Negative,Negative,Negative,Normal,Negative,8-10,4,2-3,Nil,Moderate,NIL,10.6,3.3,61.4,73.2,32,17,13.6,35.2,26411,43,28,7,8,0,5.14,2.7,0.66,0.2,0.19,566,10,15,0.2,22.5,0.1,0.15,0.39,0.05,192,47,81.1,14.9,74.5,148,4.1,1.73,0.58,0.7,0.1,0.6,50,32,24,15,7.1,4.8,2.3,2.09,0.8,18.9,8.8263,11.03,127,5.4,100,7,99.51,119,279,398,29.9,11.5,283.35,0.7,449.2,95.4,470.86,9.9,3.6,51,10.7,1.74,132,100,85,299
863285,PBCHD15MHS,374240,22/02/2019,11:02,11:49,Light Yellow,Hazy,1.024,7,Trace,Negative,Negative,Negative,Negative,Normal,Negative,80-83,0,2-3,Nil,Nil,NIL,12.2,4.5,58.5,95.5,27,20,11.8,38.6,7630,55,21,4,3,0,1.05,1.17,0.2,0.84,0.08,271,10.2,18,0.36,33.3,5.7,0.01,0.18,0.35,231,49,84.5,18.7,93.5,65,4.7,1.72,0.58,0.6,0.2,0.4,73,45,13,13,7.8,4.4,3.4,1.29,0.8,15.9,7.4253,9.28,140,5.5,115,3.5,88.43,82,274,356,23.03,6,125.5,0.9,11.9,77.1,15.43,9.1,3.7,279,9.2,1.78,104,125,98,91
334314,KLTRS13NLZ,297552,21/02/2019,11:54,12:31,Pale Yellow,Clear,1.016,5.2,Negative,Negative,Negative,Negative,Negative,Normal,Negative,5-7,0,>20,Nil,Nil,Parasites,19.5,5.6,52.3,58.5,34,37,15.8,43.1,9219,39,28,6,8,11.3,6.43,2.64,0.03,0.5,0.02,104,12.6,13,0.34,26.7,5,0.16,0.26,1.56,194,54,102,51.6,258,63,3.6,1.89,0.53,0.7,0.3,0.4,59,12,6,117,7,4.2,2.8,1.5,1.1,17.3,8.0791,7.34,139,5.5,107,2.9,109.07,167,181,348,47.99,6.1,128.37,0.5,10.2,143.3,7.12,10.3,5.5,133,4.9,1.42,89,71,334,198
447952,GYAHD09JHJ,843172,21/02/2019,07:03,08:31,Light Yellow,Clear,1.023,5.7,1+,Negative,Negative,Negative,Negative,2+,Negative,1-2,0,3-2,Nil,Nil,Fungal elements,11.2,5.3,35.7,81.8,21,31,13.5,46.9,4748,53,41,6,3,0,1.07,0.23,0.4,0.42,0.04,513,10.3,11,0.55,13.1,4.4,0.03,0.2,0.32,197,53,88.1,15.3,76.5,88,3.7,1.66,0.6,0.5,0,0.5,83,45,8,27,8,3.8,4.2,0.9,0.4,19.5,9.1065,22.77,147,3.6,98,5.5,100.45,99,127,226,43.81,5.8,119.76,0.7,23.4,84.3,27.76,9.3,1.8,152,10.2,5.98,228,77,90,107
496533,GYAHD04KLM,529757,20/02/2019,07:42,08:34,Light Yellow,Slightly cloudy,1.014,6,Negative,Negative,Negative,Negative,Negative,Normal,Negative,5-6,2,12-11,Rare,Nil,NIL,1.3,5.3,30.3,92.8,2,4,12.8,49.1,33793,31,26,6,9,0,5.64,2.76,0.59,0.36,0.06,51,17.1,14,0.29,16.7,0.1,0.24,0.3,0,200,51,43.5,7.7,38.5,65,3.9,0.85,1.17,0.5,0.1,0.4,66,29,23,10,6,4.2,1.8,2.33,0.6,9.1,4.2497,7.08,142,3.5,106,5.4,106.41,121,141,262,46.18,7.5,168.55,0.3,17.4,116,15,9.4,3.7,143,5.4,10.73,84,86,77,79
298118,MZLGI08GJS,316759,22/02/2019,09:44,11:09,Pale Yellow,Hazy,1.028,6.5,Negative,1+,Negative,1+,Negative,Normal,Negative,8-9,1,1-3,Nil,Nil,NIL,16.4,4.3,25.4,74.9,38,64,14.1,45.7,4253,50,38,6,22,0,7.94,1.25,0.61,0.43,0.07,242,9.2,12,0.32,13.3,0.7,0.41,1.79,0.01,515,43,87.6,29.8,149,92,12,2.04,0.49,1.7,0.8,0.9,66,7,29,15,5,3.9,1.1,3.55,1.6,8.3,3.8761,2.42,140,3.6,101,5,114.77,157,268,425,36.94,8.4,194.38,2.7,13.1,278.5,4.7,11.4,3.7,273,16.6,3.64,106,110,76,262
888613,PBCHD03GAM,167456,23/02/2019,09:12,10:18,Pale Yellow,Hazy,1.014,4.6,Negative,1+,2+,Negative,Negative,Normal,Negative,5-6,2,2-4,Nil,Moderate,NIL,16.1,4.4,27.2,90.7,36,59,14.3,40.6,2227,51,54,4,6,0,7.44,1.4,0.21,0.15,0.03,363,9.3,13,0.53,31.6,0.5,0.41,3.57,0.11,210,28,74.3,61,305,209,7.5,2.65,0.38,0.8,0.3,0.5,43,43,17,34,5.9,4.8,1.1,4.36,1,13.5,6.3045,6.3,139,3.7,107,2.4,97.39,114,162,276,41.3,7.1,157.07,0.2,15.5,104,14.9,11.1,4.3,166,4.9,1.84,97,84,123,81
311532,KLTRS02NLZ,500444,19/02/2019,07:20,08:05,Pale Yellow,Slightly cloudy,1.013,4.7,Trace,Trace,Trace,1+,Negative,Normal,Negative,9-10,1,14-9,Nil,Rare,NIL,14.9,8.4,59.2,93.8,17,25,12.7,43.5,6999,46,22,9,6,5.3,7.46,2.66,0.45,0.2,0.13,407,7.7,14,0.31,13.9,1.7,0.11,0.37,0.7,191,53,174.2,17.1,85.5,73,3.6,3.29,0.3,0.6,0,0.6,104,14,33,37,6.7,3.8,2.9,1.31,1,15,7.005,7.01,141,4.8,106,8.4,11.9,69,359,428,16.12,5.9,122.63,0,14.2,78.8,18.02,7.6,4.6,145,18.8,1.88,72,91,61,73
577806,KLTRS02TSS,123242,23/02/2019,11:03,12:28,Pale Yellow,Slightly cloudy,1.01,5.9,Negative,Negative,Negative,Negative,Negative,Normal,Negative,5-7,2,2-2,Nil,Nil,NIL,18.7,4.9,48.4,81.7,38,38,13.3,42.1,8107,40,29,1,2,0,5.18,1.91,0.2,0.05,0.06,234,7.1,17,0.32,12.9,0.1,2.43,0.81,0.07,174,50,127.3,35.3,176.5,192,3.5,2.55,0.39,0.8,0.2,0.6,105,30,19,7,6.1,4.1,2,2.05,0.7,32.5,15.1775,21.68,94,3,107,3.1,118.39,168,123,291,57.73,8.3,191.51,0.1,210,91.8,228.76,9.3,3.7,58,4,3.73,73,82,125,131
958793,MZLGI11BRC,503105,21/02/2019,08:44,10:01,Dark Yellow,Clear,1.012,4.8,Trace,1+,Negative,Negative,Negative,Normal,Negative,10-11,0,3-3,Nil,Rare,Artifacts,19.3,5.8,52.6,83.7,33,36,11.3,35.1,10146,43,46,5,22,0,4.07,3.74,0.68,0.01,0.06,208,9.1,15,0.22,19.3,2.5,0.01,0.16,3.2,205,54,123.6,91.1,455.5,114,3.8,2.29,0.44,0.3,0,0.3,91,20,25,43,6.8,4.7,2.1,2.24,1.2,9.9,4.6233,3.85,137,2.7,112,4.8,93.18,139,220,359,38.72,5.8,119.76,0.6,15.1,285,5.3,8.5,3,108,5.9,4.65,72,90,137,71
771939,MZLGI12APK,161365,19/02/2019,07:11,08:14,Light Yellow,Clear,1.014,5.1,Negative,Negative,Negative,Negative,Negative,Normal,Negative,10-11,1,8-19,Nil,Nil,Parasites,9.8,4.5,37.6,72.1,21,26,12.5,41.8,10719,40,37,9,7,0,2.23,0.7,0.44,0.14,0.09,349,7.8,11,0.44,20.8,1.6,1.42,0.37,0.16,188,40,90.7,36.8,184,190,4.7,2.27,0.44,0.4,0,0.4,118,36,35,17,7.5,4.4,3.1,1.42,0.6,21.3,9.9471,16.58,126,4.4,104,2.6,118.91,108,356,464,23.28,7,154.2,0.5,20,72.6,27.55,8,4.9,246,6,2.03,269,75,75,115
838694,PBCHD10SKM,998699,22/02/2019,06:14,07:38,Light Yellow,Clear,1.011,6.5,Negative,1+,Negative,Negative,Negative,Normal,Negative,2-4,5,2-2,Nil,Few,Parasites,17.4,5.5,30.7,46.9,31,56,13.3,43.8,6578,41,31,4,4,0,0.5,5.22,0.62,0.14,0.05,696,9.9,16,0.37,27.4,3.6,0.02,0.13,0.08,155,56,110.6,16.3,81.5,144,2.8,1.98,0.51,0.2,0,0.2,49,38,18,46,7.3,4.2,3.1,1.35,0.8,66.9,31.2423,39.05,137,1.9,78,1.3,115.93,158,267,425,37.18,5.8,119.76,0.1,22.8,342.2,6.66,11.6,2.5,309,8.1,0.47,73,96,97,119
931141,MZLGI10MHP,611663,22/02/2019,10:46,11:50,Straw,Clear,1.018,6.9,Trace,Negative,Negative,Trace,Negative,Normal,Negative,7-9,1,1-2,Nil,Nil,NIL,13.2,5.6,32.4,96.3,23,40,12.7,39.5,8729,48,55,4,3,0,1.63,2.98,0.26,0.17,0.11,240,15.7,13,0.11,33.3,2.2,0.04,0.38,0.83,144,50,79.8,38.2,191,117,2.9,1.6,0.63,0.6,0.2,0.4,69,31,39,39,6.8,3.5,3.3,1.06,0.9,18.4,8.5928,9.55,132,4,77,5.5,75.04,73,277,350,20.86,5,96.8,0.7,17.5,124.4,14.07,9.9,2,261,9.7,2.74,89,89,92,81
797239,PBCHD15PBP,623821,22/02/2019,08:23,08:58,Light Yellow,Clear,1.015,5.2,Trace,1+,Negative,Negative,Negative,Normal,Negative,13-14,1,3-4,Nil,Nil,NIL,2.8,4.2,18,98.2,6,15,13.1,45,5819,31,20,2,4,0,6.2,1.84,0.35,0.21,0.17,158,7.4,10,0.3,16.6,1.6,0.12,0.12,0.13,240,55,94,17.5,87.5,83,4.4,1.71,0.59,0.5,0.2,0.3,82,55,38,40,7.4,5,2.4,2.08,0.3,14,6.538,21.79,139,3.4,101,8.3,104.99,125,246,371,33.69,6,125.5,0.1,15.5,203.1,7.63,9.2,4.2,102,16,2.83,99,72,246,79
438769,MZLGI02GJS,383364,19/02/2019,06:01,07:04,Yellow,Clear,1.015,5.9,Trace,Negative,Negative,1+,Negative,Normal,Negative,1-2,0,1-3,Nil,Nil,NIL,19.7,4.1,52.8,93.5,48,37,12.6,41.2,8268,76,21,1,7,0,7.69,2.96,0.25,0.52,0.03,369,10.5,13,0.44,17.6,1.7,0.36,0.81,0.01,223,21,72.4,38.4,192,183,10.6,3.45,0.29,0.8,0.2,0.6,82,51,13,42,7.2,4.3,2.9,1.48,1,12,5.604,5.6,145,4.8,97,2.5,109.46,210,96,306,68.63,7.4,165.68,0.1,221.8,71.9,308.48,11.7,2.3,171,20.5,2.12,99,214,185,100
249121,MZLGI15RJK,886473,21/02/2019,08:27,09:38,Straw,Clear,1.02,6.7,Trace,1+,Negative,Negative,Negative,Normal,Negative,7-9,0,1-3,Nil,Nil,NIL,15.4,5.6,64.2,57.1,27,23,12,43.2,7585,73,26,2,3,0,3.6,2.56,0.68,0.57,0.02,338,7.2,19,0.13,14.1,5.9,0.11,0.33,0.9,239,57,74.6,27.8,139,101,4.2,1.31,0.76,3.9,1.9,2,96,55,17,44,7.3,4.5,2.8,1.61,1,9.3,4.3431,4.34,138,4,104,2.2,99.79,103,239,342,30.12,6.2,131.24,0,27.1,65.7,41.25,10.9,2.7,153,8.7,3.41,71,79,104,124
307473,GYAHD12JHJ,570042,21/02/2019,10:56,11:44,Straw,Hazy,1.017,4.6,Negative,Negative,Negative,Negative,Negative,Normal,Negative,9-11,1,2-2,Rare,Nil,NIL,14,5.6,46.2,71.3,25,30,12.9,28,6382,30,50,2,5,0,2.66,4.6,0.68,0.13,0.04,924,5,17,0.36,30.1,3.9,0.06,0.53,0.3,154,37,65.7,106.2,531,115,4.2,1.78,0.56,0.8,0.2,0.6,50,138,35,14,6.6,4.7,1.9,2.47,1.2,14,6.538,5.45,125,2.9,108,1.4,71.98,127,238,365,34.79,6,125.5,0.3,23.8,109.2,21.79,10.1,2.2,284,7.1,8.78,89,174,219,75
353451,PBCHD09HPP,150296,22/02/2019,11:12,12:12,Light Yellow,Opaque,1.029,4.9,Trace,Trace,Trace,Negative,Negative,Normal,Negative,6-7,1,3-3,Nil,Rare,NIL,9,3.5,48.9,90.5,25,18,12.1,43.9,7882,52,37,2,8,0.5,7.83,1.3,0.61,0.32,0.04,136,11.2,12,0.2,29.2,6.5,0.01,0.35,0.25,183,54,87.7,32.6,163,129,3.4,1.62,0.62,1,0,1,109,8,22,32,8,3.9,4.1,0.95,0.7,18,8.406,12.01,143,4.3,105,2.6,106.43,123,185,308,39.94,8.2,188.64,1,20.5,28.6,71.68,7.9,3,161,3.5,3.12,87,118,61,125
154886,MZLGI09RJK,499862,21/02/2019,11:55,12:37,Pale Yellow,Clear,1.025,4.6,Trace,Negative,3+,Negative,Negative,Normal,Negative,1-3,0,2-4,Nil,Rare,Fat droplets or lipiduria,11,5.7,40.7,82.4,19,27,13.5,43.7,7587,31,30,1,4,0,8.76,2.88,0.72,0.52,0.09,369,11.2,11,0.28,18.2,6.6,0.1,0.21,0.23,127,76,67.2,48.5,242.5,71,1.7,0.88,1.13,0.7,0.3,0.4,89,46,25,9,7.5,3.7,3.8,0.97,1.2,48,22.416,18.68,122,3.7,110,1.2,100.17,89,202,291,30.58,6.5,139.85,0,17.3,175,9.89,8.7,2.6,164,3.4,2.58,141,175,70,135
332624,KLTRS05NLZ,751054,21/02/2019,06:29,07:47,Light Yellow,Cloudy,1.019,4.7,Negative,Negative,Trace,Negative,Negative,Normal,Negative,1-3,1,1-4,Rare,Nil,NIL,13.1,4.7,34.9,69.7,27,37,13,39.2,3492,52,38,1,2,0,4.91,2.22,0.63,0.37,0.38,374,8.5,12,0.15,24.7,1.2,2.31,0.3,3.95,168,54,103.5,6.4,32,156,3.1,1.92,0.52,15.4,10.9,4.5,64,26,36,21,8.2,4.7,3.5,1.34,0.9,12.6,5.8842,6.54,149,5.8,106,11.8,117.03,169,357,526,32.13,8.4,194.38,0.5,268.5,113.3,236.98,11.4,4.2,163,11.6,5.42,97,67,80,162
943686,GYAHD07KLM,366241,20/02/2019,11:58,12:31,Dark Yellow,Slightly cloudy,1.025,7.4,Negative,1+,Negative,Trace,Negative,Normal,Negative,10-12,1,2-4,Rare,Nil,Amorphous debris,12.8,4.6,23,86.3,27,55,11.9,41.8,5603,48,52,3,5,0,1.34,1.06,1,0.39,0.09,124,8.4,18,0.31,28.9,2.6,0.03,0.22,0.57,219,47,130.7,33.7,168.5,114,4.7,2.78,0.36,2.1,1,1.1,54,33,36,9,6.1,3.7,2.4,1.54,1.1,12.4,5.7908,5.26,141,3.9,102,2.3,91.67,148,184,332,44.58,6.6,142.72,0.4,21.9,52.3,41.87,13.2,3.1,163,6.2,8.8,83,73,76,85
350097,PBCHD06RJU,728772,21/02/2019,09:30,10:59,Yellow,Slightly cloudy,1.017,6.8,Trace,Trace,Negative,Negative,Negative,Normal,Negative,11-12,0,2-3,Nil,Few,NIL,8.8,2.1,34.7,85.2,41,25,13.1,47.8,9608,38,20,6,4,0,6.78,1.15,0.49,0.12,0.01,235,8.8,28,0.12,21.9,3.1,0.02,3.88,0.53,166,53,52.2,39,195,147,3.1,0.98,1.02,0.6,0,0.6,122,17,31,30,8.4,3.6,4.8,0.75,1.1,15,7.005,6.37,137,4.1,115,4,110.76,173,146,319,54.23,6.3,134.11,0.7,25.5,65.7,38.81,7.7,2.7,67,8.1,1.7,114,86,72,101
383910,PBCHD09PBM,865468,22/02/2019,09:17,10:42,Pale Yellow,Clear,1.018,6.4,Trace,Trace,Negative,Negative,Negative,Normal,Negative,18-22,0,7-16,Rare,Nil,NIL,14.5,5.7,45.2,50.8,25,32,12,45.9,5218,48,48,1,4,2.1,7.24,1.15,0.55,0.38,0.02,209,9.5,13,0.08,18.8,2.3,0.09,0.27,0.02,118,47,96.7,25.3,126.5,152,2.5,2.06,0.49,0.5,0.1,0.4,49,52,27,32,8.2,3.6,4.6,0.78,0.9,17.3,8.0791,8.98,124,4.7,104,4.9,107.02,162,274,436,37.16,8.2,188.64,0.9,20.8,243.9,8.53,9.1,4.9,257,18.2,4.4,139,66,72,141
809898,GYAHD13KLM,654442,20/02/2019,08:04,09:22,Pale Yellow,Slightly cloudy,1.02,6.6,Trace,Negative,Negative,Trace,Negative,Normal,Negative,13-14,2,3-3,Nil,Nil,Artifacts,20.6,4.2,36,63.1,49,57,12.1,40.4,4261,46,46,1,4,0,1,1.17,0.51,0.3,0.33,408,13.5,17,0.23,23,1.4,1.5,0.05,3.49,174,46,59.2,33.8,169,220,3.8,1.29,0.78,0.7,0.3,0.4,88,17,20,28,7.8,3.7,4.1,0.9,0.6,12.7,5.9309,9.88,140,2.7,101,1.3,104.14,233,359,592,39.36,6,125.5,0.6,170,291.9,58.24,9.7,3.8,167,7.3,1.54,102,74,109,160
798195,MZLGI06BRC,522985,23/02/2019,10:41,11:31,Light Yellow,Slightly cloudy,1.029,6.6,2+,Trace,Negative,1+,Negative,Normal,Negative,8-9,1,2-3,Nil,Nil,Artifacts,15.2,5.5,42.7,82.2,27,35,11.5,43.1,7379,50,29,10,4,0,1.25,1.48,0.74,0.23,0.02,113,14.6,11,0.36,13.7,0.1,0.57,0.05,0.36,230,53,137.6,10,50,190,4.3,2.6,0.39,6.1,3,3.1,98,39,12,48,6,5,1,5,0.6,10.9,5.0903,8.48,135,4.1,95,5.6,95.54,137,148,285,48.07,8.5,197.25,0.2,28.9,104.1,27.76,8.9,2.2,144,15,2.81,70,74,123,188
260469,KLTRS04WBD,245898,20/02/2019,06:57,07:37,Straw,Hazy,1.01,6.5,Negative,Negative,Negative,Negative,Negative,Normal,Negative,14-15,1,1-4,Nil,Nil,NIL,14.1,5.2,34.9,80.1,27,40,14,44,7403,54,20,1,4,0,0.63,2.77,0.68,0.03,0.06,333,13.1,11,0.33,22.4,2.4,0.26,0.36,0.28,204,56,102.7,20.9,104.5,130,3.6,1.83,0.55,0.6,0.2,0.4,48,34,37,40,6.1,5,1.1,4.55,1.1,19.7,9.1999,8.36,142,4.1,99,6.3,95.61,144,310,454,31.72,5.8,119.76,0.2,18.4,144.1,12.77,6,2.9,254,7.5,1.51,102,69,74,96
263143,GYAHD12KAU,521200,19/02/2019,07:11,08:25,Straw,Slightly cloudy,1.021,6.8,2+,Negative,Negative,Negative,Negative,Normal,Positive,11-13,0,2-2,Nil,Nil,Artifacts,9.8,4.9,57.7,85.9,20,16,11,43,4340,64,48,5,6,0.5,0.65,1.76,0.67,0.45,0,285,10.9,16,0.25,28,1.5,3.49,1.48,0.36,198,48,132.3,6.6,33,123,4.1,2.76,0.36,0.8,0.1,0.7,79,29,20,85,8.9,3.8,5.1,0.75,0.8,41.9,19.5673,24.46,137,4.4,106,5.7,103.41,76,91,167,45.51,6.4,136.98,0.7,14.8,80,18.5,8.7,2,83,4.9,1.44,98,111,102,136
159830,GYAHD14KAU,972366,21/02/2019,06:25,07:21,Straw,Clear,1.012,6.7,1+,1+,Negative,Negative,Negative,Normal,Negative,7-9,0,1-4,Moderate,Rare,NIL,3.8,4.3,60.7,69.7,8,6,12,43.2,53144,72,34,3,7,2.3,4.92,2.93,0.65,0.06,0.08,182,11.5,11,0.33,27.1,7,0.23,0.3,5.61,157,43,64.7,33.5,167.5,92,3.7,1.5,0.66,15.3,10.8,4.5,69,41,18,11,8,3.7,4.3,0.86,1.2,8.5,3.9695,3.31,135,4.4,103,4.7,94.03,60,221,281,21.35,5.9,122.63,0.7,11.4,65.1,17.51,8.8,4.4,136,11.3,1.14,163,80,226,151
377365,GYAHD01KLM,329108,21/02/2019,10:25,11:45,Deep Amber,Hazy,1.02,6.6,Trace,Trace,Negative,Negative,Negative,Normal,Negative,TNTC,0,3-4,Rare,Nil,NIL,17.8,5.2,45.6,98.4,34,39,14.5,44,6654,31,25,4,8,0,1.32,1.49,0.58,0.47,0.05,158,8.9,15,0.33,31.2,3.3,0.15,0.26,0.08,220,54,75.1,24,120,101,4.1,1.39,0.72,0.9,0.4,0.5,105,53,21,36,7.5,4.3,3.2,1.34,0.9,19.1,8.9197,9.91,145,3.8,92,5.9,112.54,108,270,378,28.57,6.4,136.98,0.9,10.3,75.4,13.66,10.1,1.7,198,6.3,1.52,117,78,97,101
612044,MZLGI08RJK,667547,21/02/2019,06:01,07:27,Straw,Cloudy,1.015,4.9,Negative,Trace,Negative,Negative,Negative,Normal,Negative,13-14,1,2-4,Rare,Nil,NIL,13,2.9,52.2,96.1,44,24,13.4,26.2,6398,53,20,5,4,0,5.81,1.96,0.74,0.34,0.06,368,7.5,11,0.19,19.7,2.9,0.31,0.88,0.34,172,67,63.2,14.1,70.5,120,2.6,0.94,1.06,0.7,0,0.7,115,36,37,14,6.7,3.9,2.8,1.39,0.8,10.9,5.0903,6.36,140,3.9,103,4.4,103.39,163,207,370,44.05,6.4,136.98,0.2,25.3,26.9,94.05,7.7,5.5,239,8.2,2.66,85,101,80,156
279535,PBCHD11PBM,405024,23/02/2019,06:06,06:47,Light Yellow,Hazy,1.023,5.7,Trace,Trace,Negative,Negative,Negative,Normal,Negative,7-9,1,3-2,Nil,Nil,NIL,14.9,3.2,40,55.8,46,37,13.3,37.1,5628,47,55,10,5,0,21.56,1.03,0.33,0.32,0.09,228,10.3,13,0.21,15.3,2.4,5.7,0.33,0.09,181,45,57.2,67.6,338,128,4,1.27,0.79,0.8,0.1,0.7,81,9,44,13,6.6,3.6,3,1.2,0.8,57.5,26.8525,33.57,149,3.7,102,3.3,109.41,63,118,181,34.81,6,125.5,0.8,12.4,119.2,10.4,9.2,4.5,193,9.1,0.43,71,89,81,194
498582,KLTRS11MLT,271216,20/02/2019,11:52,12:53,Light Yellow,Slightly cloudy,1.008,6.5,Negative,Trace,Negative,Negative,Negative,Normal,Negative,5-7,0,>20,Nil,Rare,NIL,14.2,4.4,49.1,56.3,32,28,11.6,38.1,10694,39,25,2,8,0,14.7,2.92,0.78,0.24,0.09,377,10.7,12,0.28,16.2,6,1.42,0.05,6.59,134,42,95.8,65.3,326.5,103,3.2,2.28,0.44,0.9,0.3,0.6,71,8,24,25,7.1,4.7,2.4,1.96,1.1,18.2,8.4994,7.73,135,1.6,91,3.8,105.52,186,279,465,40,5.9,122.63,0.1,18,242.4,7.43,9.5,5.3,201,8.3,2.25,92,73,107,103
966099,GYAHD14KAU,149221,23/02/2019,07:04,07:45,Yellow,Clear,1.01,4.6,Trace,Negative,Negative,Negative,Negative,Normal,Negative,TNTC,0,10-11,Nil,Nil,Parasites,5.7,5.8,28.6,85.4,9,19,12.3,42.5,4636,57,51,10,3,0.2,3.17,0.93,0.21,0.33,0.05,108,8.8,18,0.09,12.3,1.7,0.03,0.21,0.33,220,58,79.2,6.2,31,163,3.8,1.37,0.73,0.8,0.2,0.6,92,35,31,14,6.9,4,2.9,1.38,0.6,7.7,3.5959,5.99,143,3.9,101,3.9,117.73,141,187,328,42.99,8.1,185.77,0.2,82.5,148.7,55.48,9.6,3.9,129,4.7,3.85,96,90,140,76
182420,KLTRS04MLT,798234,20/02/2019,11:44,12:52,Light Yellow,Clear,1.013,5.5,Negative,Trace,Negative,Negative,Negative,Normal,Negative,11-13,1,9-13,Moderate,Nil,NIL,15.5,4.9,50,90.9,31,31,11.9,41.3,10687,52,16,6,4,0,1.34,0.21,0.53,0.24,0.02,102,9.9,15,0.27,23.5,6.6,0.13,0.36,0.74,173,53,72,21.7,108.5,76,3.3,1.36,0.74,0.6,0.2,0.4,88,47,40,12,7.5,4.9,2.6,1.88,1.2,12.4,5.7908,4.83,148,4.7,99,2,95.61,142,118,260,54.62,6.6,142.72,0.8,17.8,22.3,79.82,13.2,3.3,188,13.5,3.04,134,151,216,152
260317,PBCHD15MHS,296553,22/02/2019,09:16,10:00,Pale Yellow,Slightly cloudy,1.024,6.6,2+,Trace,Negative,Negative,Negative,Normal,Negative,13-15,0,1-4,Nil,Few,NIL,17.6,3.3,53.1,53.5,53,33,12.3,41.3,5815,40,49,24,6,0,6.29,0.06,0.47,0.52,0.33,367,12,18,0.22,16.2,0.3,0.01,0.02,0.12,217,73,67.8,6.9,34.5,112,3,0.93,1.08,0.4,0,0.4,76,7,20,37,7.4,4.5,2.9,1.55,0.6,8,3.736,6.23,91,3.8,108,3.3,104.19,73,265,338,21.6,7.6,171.42,0.7,12.2,128.1,9.52,11.1,2.8,82,11,0.007,105,70,79,169
464139,PBCHD13RJU,392265,19/02/2019,11:16,11:52,Light Yellow,Clear,1.014,5.1,Trace,Negative,Negative,Negative,Negative,Normal,Negative,TNTC,1,7-10,Nil,Nil,Mucus threads,9.1,6.4,43.2,73.6,14,21,13.5,40.6,3546,36,34,4,0,1.9,9.81,1.1,0.54,0.14,0.03,145,8.9,14,0.19,19.5,0.1,0.34,0.42,4.16,155,27,110.1,24.8,124,211,5.7,4.08,0.25,0.9,0.3,0.6,60,30,37,16,6.5,4.7,1.8,2.61,1.1,9,4.203,3.82,136,4.3,81,7.7,90.28,128,200,328,39.02,6.8,148.46,0.4,23.6,75.2,31.38,11.8,3.2,53,4.9,1.15,85,110,70,107
798441,KLTRS14TSS,102193,20/02/2019,06:57,07:45,Yellow,Slightly cloudy,1.015,7,Negative,Negative,Negative,Negative,Negative,Normal,Negative,2-3,1,1-2,Rare,Nil,NIL,9.7,4.3,35.8,80,22,27,11.7,42,6169,51,47,4,4,0,9.23,1.26,0.67,0.26,0.05,328,9.7,16,0.34,28.5,0.8,4.15,0.29,0.31,172,35,88.9,34.7,173.5,160,4.9,2.54,0.39,0.5,0,0.5,91,16,40,34,7.4,4.3,3.1,1.39,1.1,8.7,4.0629,3.69,143,4.9,103,4.1,97.79,124,166,290,42.76,6.8,148.46,0.8,14.7,139,10.58,7.6,4.4,96,13.2,5.29,110,81,216,119
110316,KLTRS04NLZ,837639,21/02/2019,06:14,07:42,Straw,Clear,1.029,6.5,Trace,4+,Negative,Negative,1+,Normal,Negative,2-4,2,9-18,Nil,Nil,NIL,18.3,5.1,11.6,89.1,35,157,11.8,41.8,8517,55,51,2,5,2.8,2.9,2.54,0.78,0.46,0.01,222,17.1,17,0.52,27.5,2.6,0.23,0.35,0.28,138,65,82.7,66,330,73,2.1,1.27,0.79,0.7,0,0.7,124,17,14,47,7,4,3,1.33,1,16.3,7.6121,7.61,120,5,110,3.9,113.51,108,351,459,23.53,6.7,145.59,20.9,12.5,131.1,9.53,9.4,5.9,152,3.2,5.82,118,148,77,164
205362,GYAHD09KAU,450009,19/02/2019,06:24,07:52,Yellow,Slightly cloudy,1.019,5.9,Trace,Negative,Negative,Negative,Negative,Normal,Negative,9-11,2,2-4,Few,Nil,NIL,16.3,5.8,10.7,82.7,28,152,11.5,44,9872,51,22,0,2,0,12.36,1.74,1.26,0.08,0.05,112,11.2,15,0.26,14.7,7.5,0.08,4.32,0.07,125,27,89.8,105.3,526.5,84,4.6,3.33,0.3,0.5,0,0.5,79,18,28,36,8.2,4,4.2,0.95,1.1,15,7.005,6.37,141,4.1,100,6.6,111.15,170,288,458,37.12,10,240.3,0.9,23.8,137.2,17.35,9.4,5.1,125,2.8,8.23,95,60,86,222
952263,KLTRS12WBD,596933,19/02/2019,10:52,11:47,Straw,Clear,1.011,4.5,Negative,1+,Negative,Negative,Negative,Normal,Negative,9-10,1,2-2,Nil,Nil,NIL,6.9,4.6,40.7,84.8,15,16,10.9,43.4,9616,37,22,3,3,0,1.15,2.93,0.8,0.18,0.06,160,7.9,16,0.07,14.1,1.3,0.16,0.22,1.2,159,43,81.8,7.3,36.5,150,3.7,1.9,0.53,0.9,0.3,0.6,57,22,35,30,6.4,3.9,2.5,1.56,0.8,7.2,3.3624,4.2,122,4.5,95,7,96.53,121,348,469,25.8,6.1,128.37,0.8,13.2,31.3,42.17,11.4,4.7,109,6,2.69,73,95,100,103
308988,GYAHD04KAU,401587,21/02/2019,07:47,08:45,Light Yellow,Hazy,1.01,5,Trace,Negative,Negative,Negative,Negative,Normal,Negative,TNTC,0,3-2,Nil,Nil,NIL,11.5,4.4,37.9,72.1,26,30,12.8,43.7,8256,52,13,0,12,0,7.21,1.64,0.9,0.09,0.04,937,11,13,0.21,16.2,3.6,1.29,0.31,6.45,234,47,94.4,11,55,151,5,2.01,0.5,0.7,0.3,0.4,105,19,26,20,6,3.3,2.7,1.22,1.2,18.5,8.6395,7.2,142,4.1,115,4.6,114.91,111,324,435,25.52,6.7,145.59,0.3,15.3,67.2,22.77,10.9,4.4,141,11.1,0.2,94,76,94,89
739712,MZLGI13MHP,385242,21/02/2019,07:53,08:48,Light Yellow,Slightly cloudy,1.019,6.6,Trace,Trace,Negative,Negative,Negative,Normal,Negative,9-11,2,3-2,Nil,Nil,NIL,11.3,5.2,53,98,21,21,11.9,42.2,24042,45,48,3,7,0,0.21,2.53,0.64,0.27,0.05,292,8.1,12,0.33,23.5,0.1,0.33,0.09,0.2,165,68,87.9,20.3,101.5,101,2.4,1.29,0.77,0.6,0.1,0.5,69,17,36,31,6.1,4.9,1.2,4.08,0.7,18.5,8.6395,12.34,145,4.2,102,2.2,79.31,184,223,407,45.21,8.5,197.25,0.9,12.6,51,24.71,10.2,3.1,130,24.6,0.92,86,85,98,254
587059,PBCHD12RJU,713550,23/02/2019,07:23,08:39,Orange,Clear,1.017,7.4,Trace,Trace,Negative,Negative,Negative,Normal,Negative,11-12,1,1-3,Nil,Nil,NIL,15.9,4.5,41.3,84.1,35,38,16.5,44.6,10315,75,36,4,2,0,1.01,2.87,0.71,0.19,0.05,421,10.2,29,0.44,23.7,2,0.05,0.58,0.32,151,80,88.3,13.1,65.5,160,1.9,1.1,0.91,0.5,0.1,0.4,124,44,28,13,7,3.7,3.3,1.12,1.2,13.1,6.1177,5.1,142,5.5,97,5.1,69.04,107,350,457,23.41,6.1,128.37,0.6,18.4,142,12.96,8.8,4.2,113,15,2,98,113,92,105
790573,PBCHD08RJU,607910,19/02/2019,11:36,13:02,Light Yellow,Slightly cloudy,1.013,4.8,Negative,1+,Negative,Negative,Trace,Normal,Negative,8-10,1,1-4,Nil,Nil,NIL,16.4,5.8,37.2,99.7,28,44,13.8,39.2,9798,59,54,4,6,0,1.39,1.89,1,0.47,0.05,870,11.2,11,0.33,34.4,4.1,0.39,0.4,6.84,194,26,77.9,11.9,59.5,125,7.5,3,0.33,0.3,0,0.3,269,45,100,24,7.9,4.5,3.4,1.32,0.9,11.8,5.5106,6.12,135,2.5,96,3.8,33.5,138,243,381,36.22,6.9,151.33,0.7,14.6,101.1,14.44,9.2,2.6,152,7.2,1.99,99,158,75,68
958573,GYAHD14JHJ,290461,22/02/2019,06:24,07:05,Pale Yellow,Hazy,1.02,5,Trace,2+,Negative,Negative,Negative,Normal,Negative,4-5,1,2-2,Nil,Nil,NIL,14.9,5,33.3,82.1,29,44,12.4,45.1,6139,41,55,2,4,0,4.35,1.95,0.67,0.67,0.09,330,8.9,12,0.21,28.4,3.3,0.29,0.31,0.36,224,68,79.2,26.2,131,62,3.3,1.16,0.86,0.7,0.3,0.4,110,22,27,17,7.5,4,3.5,1.14,0.8,14.1,6.5847,8.23,112,4.9,106,2.8,84.56,68,358,426,15.96,6,125.5,0.3,29,389.8,7.44,11.2,2.7,48,2.4,3.34,89,78,177,78
649477,GYAHD12KAU,540685,22/02/2019,07:21,08:38,Light Yellow,Clear,1.013,6.7,Trace,Trace,2+,Negative,Negative,Normal,Negative,6-8,2,2-4,Nil,Nil,Fungal elements,21.7,5.7,54.7,93.4,38,39,14.6,43.3,5863,30,37,1,17,0.2,3.09,0.15,0.28,0.46,0.06,148,7.7,20,0.28,27.1,5.8,3.63,0.29,0.22,219,45,76.3,17.4,87,121,4.9,1.7,0.59,0.9,0.2,0.7,106,26,40,30,7.5,4,3.5,1.14,0.6,19.8,9.2466,15.41,136,4,96,6,72.03,121,158,279,43.37,6.8,148.46,0.7,16.9,280.5,6.02,11.7,3.8,107,18,12.75,94,117,70,107
544929,KLTRS03KLP,686938,19/02/2019,08:59,09:47,Yellow,Slightly cloudy,1.013,6.6,Negative,Trace,Negative,Negative,Negative,Normal,Negative,13-15,2,1-3,Nil,Nil,Amorphous debris,15.9,5.4,46.1,99,29,34,13.1,44,6509,59,48,3,5,0,7.39,1.56,0.48,0.96,0.12,408,8.6,12,0.25,29.5,2.8,0.23,0.32,0.21,175,44,122.5,44.1,220.5,179,4,2.78,0.36,1.2,0.2,1,49,13,37,42,8.2,3.5,4.7,0.74,1.1,6.9,3.2223,2.93,149,5.6,110,6,104.63,147,136,283,51.94,6.9,151.33,0.8,287.1,449.3,63.9,10.6,3.3,177,20,3.7,86,196,73,186
558530,MZLGI05RJK,878354,19/02/2019,10:49,11:59,Pale Yellow,Clear,1.018,5.3,Trace,3+,Negative,Negative,Negative,Normal,Negative,TNTC,1,2-4,Rare,Nil,Amorphous debris,16.1,4.1,33.4,97.4,39,48,14.1,40.1,5388,49,48,6,7,0,9.07,1.87,0.27,0.01,0.09,357,14.7,11,0.36,29,0.1,0.21,0.07,0.11,112,62,89.7,46.3,231.5,116,1.8,1.45,0.69,0.2,0,0.2,128,45,28,37,7.9,4.2,3.7,1.14,0.5,17.9,8.3593,16.72,122,4.4,103,5.9,99.42,220,334,554,39.71,6.3,134.11,0.8,13.3,378.4,3.51,9.1,1.5,152,7.5,3.42,119,190,77,168
780189,PBCHD10HPP,759664,20/02/2019,10:11,11:22,Dark Yellow,Clear,1.016,6.8,Negative,Negative,Negative,Negative,Trace,Normal,Negative,5-6,0,1-4,Rare,Few,NIL,10.3,5.4,35.4,73,19,29,13.7,41.9,6781,80,27,4,8,2.8,5.21,2.2,0.79,0.11,0.04,353,7.1,11,0.16,29.7,1.2,0.4,4.27,0.12,198,72,92.3,9.9,49.5,86,2.8,1.28,0.78,0.6,0,0.6,90,48,15,10,6.8,3.4,3.4,1,1.2,24.6,11.4882,9.57,127,3,99,5.6,104.7,133,203,336,39.58,6.5,139.85,0.9,12.6,128.4,9.81,8.7,2.6,102,21.6,2.6,90,63,302,118
229781,MZLGI05MHP,491222,20/02/2019,10:22,11:10,Yellow,Clear,1.029,6.2,Negative,Trace,Negative,Negative,Negative,Normal,Negative,7-9,2,5-8,Nil,Rare,NIL,10.3,5.8,48.6,91.8,17,21,13.6,46.6,7239,78,29,2,18,0,1.68,2.73,1.13,0.38,0.2,282,10.7,15,0.23,43.6,1,0.17,0.39,0.22,188,52,132.6,70.4,352,65,3.6,2.55,0.39,0.6,0,0.6,127,30,16,29,7.6,4.5,3.1,1.45,1.2,13.5,6.3045,5.25,147,4.5,97,4,95.97,197,237,434,45.39,5.8,119.76,0,13.3,318.8,4.17,9.9,1.2,214,11.9,3.06,114,101,76,96
944123,GYAHD07ODK,105893,19/02/2019,09:28,10:22,Light Yellow,Slightly cloudy,1.033,4.9,Trace,Negative,Negative,Negative,Negative,Normal,Negative,6-8,1,3-2,Nil,Nil,NIL,12.2,5.7,42.6,45.8,21,28,13.6,44.9,8595,53,28,4,3,0,2.22,2.44,0.65,0.54,0.19,494,8.6,18,0.47,39.5,0.4,0.12,2.25,0.69,211,44,73.7,17.8,89,164,4.8,1.68,0.6,0.5,0,0.5,51,31,13,40,4.5,3.9,0.6,6.5,1.1,15,7.005,6.37,142,2.5,108,2.1,110.69,99,353,452,21.9,6.2,131.24,0.2,22.7,137.4,16.52,9.5,2.1,142,5.4,2.88,97,66,96,139
506616,PBCHD01GAM,790736,22/02/2019,08:05,09:07,Straw,Clear,1.028,5,Trace,Negative,Trace,Negative,Negative,Normal,Negative,4-6,20,2-2,Nil,Nil,Fungal elements,13.8,6.7,21,87.7,20,65,11.9,40.1,9856,51,25,3,14,0.4,2.02,2.25,0.87,0.02,0.02,230,9.2,15,0.12,24.5,3.6,0.21,1.66,0.01,215,51,112.2,32.7,163.5,130,4.2,2.2,0.45,0.5,0.1,0.4,113,24,10,35,7.3,4.3,3,1.43,0.8,7.6,3.5492,4.44,129,3,106,5.2,110.28,152,153,305,49.84,6.3,134.11,0.5,271.7,52.1,521.5,7.9,2.5,175,3.7,0.9,141,71,73,147
216127,KLTRS04MLT,632412,20/02/2019,10:29,11:42,Pale Yellow,Clear,1.015,6.9,Negative,Negative,Negative,Negative,Negative,Normal,Negative,53-58,0,3-2,Nil,Few,NIL,7.2,8,36.1,87.5,9,19,14.5,42.3,6511,56,29,6,12,0,9.66,2.16,0.9,0.48,0.03,277,8.3,11,0.27,33.9,4.8,0.22,0.03,0.25,176,54,58.3,7.4,37,121,3.3,1.08,0.93,0.4,0.1,0.3,91,19,24,13,6.1,4.5,1.6,2.81,1.1,28.8,13.4496,12.23,146,6,95,3.3,80.13,61,182,243,25.1,5.7,116.89,0.3,11.3,388.4,2.91,10.9,5.4,65,6.6,0.2,107,68,120,263
368485,KLTRS14TSS,418205,21/02/2019,10:17,11:08,Yellow,Slightly cloudy,1.014,6.5,3+,Trace,Negative,1+,Negative,Normal,Negative,6-8,3,1-4,Nil,Nil,Mucus threads,10.9,5.5,13.3,44.8,19,81,13.5,43.2,6912,34,36,6,0,0,7.65,2.4,0.05,0.04,0.02,679,8.5,11,0.75,19.6,1.2,0.25,0.1,0.37,201,58,86.3,28.1,140.5,81,3.5,1.49,0.67,1,0.3,0.7,111,41,13,48,7,3.8,3.2,1.19,0.9,5.5,2.5685,2.85,143,4.4,106,3.1,110.56,145,170,315,46.03,6.3,134.11,0.8,72.2,32.1,224.92,10.5,5.3,322,8.7,3.84,80,97,80,208
381454,KLTRS15NLZ,753215,19/02/2019,11:06,11:52,Light Yellow,Hazy,1.014,5.5,Trace,Trace,Negative,Negative,Negative,Normal,Negative,11-12,0,7-13,Rare,Nil,Fat droplets or lipiduria,9.1,4.7,21.4,84.9,19,42,9.3,27.8,9853,41,46,5,7,0,18.46,1.45,0.79,0.15,0.02,264,8.7,12,0.37,47.6,2.6,2.45,0,0.21,168,51,145.5,15.4,77,96,3.3,2.85,0.35,0.7,0.3,0.4,49,22,15,34,6.6,4.4,2.2,2,0.9,18.2,8.4994,9.44,141,4.2,97,3.3,100.82,88,266,354,24.86,6.2,131.24,0.4,11.3,116.7,9.68,12.4,4.3,196,3.2,0.51,122,124,67,277
992069,MZLGI04RJK,433383,19/02/2019,06:44,07:24,Yellow,Slightly cloudy,1.016,6.7,Trace,Trace,Negative,Negative,Negative,Normal,Negative,12-14,0,>20,Nil,Nil,NIL,11.5,5.7,64.3,89.8,20,17,11.8,25.4,23103,69,47,2,6,0,13.46,2.98,0.83,0.04,0.07,153,14.8,20,0.59,17.2,3.2,0.17,0.34,0.08,237,80,81.6,35,175,111,3,1.02,0.98,0.7,0.3,0.4,293,52,36,20,6.7,3.7,3,1.23,0.7,115,53.705,76.72,140,5.5,103,6.1,96.76,66,205,271,24.35,7.5,168.55,0.2,17.7,79.6,22.24,9.6,5.5,64,11.9,6.31,73,97,116,111
175285,PBCHD02PBM,794825,23/02/2019,10:29,11:28,Light Yellow,Slightly cloudy,1.013,4.9,1+,3+,Negative,Negative,Trace,Normal,Negative,3-4,0,3-3,Nil,Nil,NIL,19.2,3.8,37,82.6,50,51,10.8,27.4,10723,58,31,4,5,0,4.39,1.8,0.73,0.32,0.47,126,8.9,14,0.3,22.1,2.8,1.88,0.27,0.94,188,41,47.7,63.4,317,103,4.6,1.16,0.86,0.5,0.2,0.3,89,47,27,15,7.4,3.6,3.8,0.95,1.2,19.3,9.0131,7.51,136,3.9,99,5.8,113.55,74,192,266,27.82,12.4,309.18,0,11.6,125.6,9.24,10,3.4,217,5.9,1.4,86,143,75,209
693460,PBCHD08MHS,229634,22/02/2019,09:05,09:54,Yellow,Clear,1.013,7.3,Trace,Negative,Negative,Negative,Negative,Normal,Negative,2-4,0,3-2,Nil,Nil,NIL,21.9,6.6,44.4,122,33,49,12.2,42.8,7862,57,42,5,4,0,21.6,1.48,0.99,0.07,0.11,20,7.6,7,0.31,39.7,2,0.24,6.53,0.31,228,31,107,28.5,142.5,139,7.4,3.45,0.29,0.7,0.2,0.5,95,75,21,9,8.2,3.8,4.4,0.86,0.6,12.2,5.6974,9.5,137,3.6,111,4,106.87,165,199,364,45.33,5.4,108.28,0.7,28.9,264.4,10.93,8.8,2.8,75,12.3,3.74,84,78,70,171
353008,PBCHD09SKM,700846,22/02/2019,10:57,11:38,Light Yellow,Clear,1.011,5.4,Negative,Negative,Negative,Negative,2+,Normal,Negative,13-15,2,3-2,Nil,Rare,NIL,14.8,5.9,52.3,80.9,25,28,12.9,40,2137,58,54,5,4,0,4.08,2.34,0.39,0.3,0.01,123,10.5,17,0.14,27.2,3.7,0.11,0.11,0.11,176,53,88,26.4,132,159,3.3,1.66,0.6,0.5,0.1,0.4,71,37,26,37,8.1,4.5,3.6,1.25,0.9,9.5,4.4365,4.93,144,4.3,98,2.7,107.41,181,349,530,34.15,5.8,119.76,0.2,14,91.4,15.32,9.6,4,70,10,3.75,92,101,188,134
736967,PBCHD08KLC,354030,20/02/2019,11:37,12:19,Pale Yellow,Clear,1.02,4.5,Trace,3+,Negative,Negative,1+,Normal,Negative,7-9,1,1-4,Nil,Nil,NIL,14.6,4.9,45.5,79,29,32,11.6,41.9,7006,53,34,2,3,0,5.26,2.76,0.47,0.62,0.01,275,8.5,15,0.3,34.8,2.9,0.2,0.32,3.44,186,45,43.4,49.2,246,180,4.1,0.96,1.04,0.5,0.1,0.4,153,44,35,16,6.6,3.6,3,1.2,0.7,13.2,6.1644,8.81,99,3.9,102,3.6,118.17,72,282,354,20.34,5,96.8,1,21.7,242.5,8.95,10.6,6.3,213,9.8,3.06,83,83,83,260
476577,KLTRS04WBD,422014,21/02/2019,07:05,08:13,Pale Yellow,Clear,1.01,6.2,2+,Trace,Negative,Negative,Negative,Normal,Negative,10-12,1,2-2,Nil,Nil,Artifacts,4.9,4.7,42.9,72,10,11,14.6,32,8363,53,15,6,7,0,3.12,1.36,1.36,0.47,0.04,340,8.2,11,0.3,23.1,0.1,0.06,0.14,0.04,227,62,76.6,29.3,146.5,121,3.7,1.24,0.81,0.7,0.3,0.4,89,15,12,32,8.1,4.8,3.3,1.45,1,25,11.675,11.68,126,3.9,95,5.4,121.38,85,205,290,29.31,6.5,139.85,0.6,13.6,123,11.06,8.5,2.9,87,13.1,3.52,99,62,99,179
243974,GYAHD09ODK,976915,19/02/2019,09:32,10:51,Light Yellow,Slightly cloudy,1.014,5.5,Negative,Negative,Negative,Negative,Negative,1+,Negative,2-4,1,1-4,Nil,Rare,NIL,14.8,6,34.9,80.9,24,42,13.1,45.6,18879,51,17,5,2,0,6.83,2.23,0.81,0.09,0.06,183,8,14,0.3,14,3.1,0.46,0.35,0.19,203,66,84.9,24.7,123.5,106,3.1,1.29,0.78,1.5,0.7,0.8,107,37,10,42,7.9,4.4,3.5,1.26,1.2,11.3,5.2771,4.4,143,4.8,96,5.6,117.65,185,349,534,34.64,6.3,134.11,0.9,285,356.9,79.85,8.5,5.5,130,8.5,6.01,85,165,79,99
560751,PBCHD14KLC,628324,22/02/2019,08:59,09:32,Straw,Slightly cloudy,1.011,6.7,Trace,Trace,Negative,1+,Negative,Normal,Negative,69-74,0,2-4,Nil,Rare,Artifacts,15,5,50.8,70.3,30,29,13.7,40.9,9559,56,34,2,6,0,1.22,1.23,0.68,0.48,0.02,329,14.1,12,0.47,15.4,2.1,0.34,0.4,0.4,195,30,93.4,8.3,41.5,206,6.5,3.11,0.32,0.9,0.2,0.7,60,41,34,31,7.2,3.5,3.7,0.95,0.9,17.1,7.9857,8.87,147,4.4,95,4.2,38.42,74,166,240,30.83,5.7,116.89,0.7,15.1,129.4,11.67,11.9,3.5,63,5.4,10.39,121,87,152,388
468771,GYAHD08JHJ,574253,20/02/2019,11:51,12:46,Deep Amber,Clear,1.02,5.3,1+,Negative,Negative,Negative,Negative,Normal,Negative,TNTC,1,3-4,Rare,Nil,NIL,13,5.5,50.4,74.6,23,25,13.7,41.2,3165,52,32,4,4,0,2.96,1.16,0.96,0.47,0.02,292,8.8,13,0.38,47,1.6,0.05,0.39,5.87,165,47,115.7,68.1,340.5,151,3.5,2.46,0.41,2.5,1.2,1.3,47,37,20,42,6.4,3.8,2.6,1.46,0.8,10.9,5.0903,6.36,140,4,104,2.5,102.76,63,155,218,28.9,6.3,134.11,0.9,24.3,110.1,22.07,9.9,4.8,92,10.8,1.77,79,87,208,66
793415,KLTRS02TSS,285185,23/02/2019,08:19,09:36,Light Yellow,Hazy,1.015,6,Trace,Negative,Negative,Negative,Negative,Normal,Negative,51-55,1,5-9,Rare,Rare,Artifacts,16.5,4.3,36,99.9,38,45,12.4,45.6,4655,49,13,5,8,0,1.1,1.5,0.42,0.43,0.04,18,14.6,16,0.2,24.1,3.8,5.08,0.05,5.45,193,50,81.3,5.3,26.5,196,3.9,1.63,0.62,0.6,0.1,0.5,67,14,17,40,6.6,5.1,1.5,3.4,0.9,16.1,7.5187,8.35,95,3.9,110,6.3,100.62,123,358,481,25.57,12.6,314.92,0.7,24.9,140.4,17.74,9.6,2.4,233,18.6,7.72,184,79,99,95
219745,PBCHD13SKM,819067,19/02/2019,08:03,09:28,Pale Yellow,Clear,1.015,7.4,Negative,1+,Negative,Negative,Negative,Normal,Negative,7-9,1,1-4,Nil,Nil,NIL,18.7,8.1,36.4,79.4,23,51,11.6,41.5,8022,77,39,6,10,0,2.21,3.65,0.17,0.12,0.06,366,6,21,0.21,46.7,4.6,0.01,0.05,0.16,195,24,167,24.3,121.5,95,8.1,6.96,0.14,0.8,0.3,0.5,83,32,29,16,6.4,4.8,1.6,3,0.8,12.3,5.7441,7.18,142,3.7,102,6.2,113.5,160,157,317,50.47,5.7,116.89,0,12.3,259.4,4.74,9.7,5,65,7.9,5.04,89,105,98,113
112232,GYAHD13KAU,457466,20/02/2019,10:21,11:30,Yellow,Clear,1.011,5.4,2+,1+,Negative,Negative,Negative,Normal,Negative,6-7,0,14-16,Nil,Rare,Fat droplets or lipiduria,16.1,5,60.5,74.7,32,26,14,45,9137,43,31,5,4,0,2.84,2.15,0.56,0.04,0.16,583,8.1,17,0.28,31.9,0.7,0.08,0.22,1.91,161,48,73.7,26.2,131,149,3.4,1.54,0.65,0.8,0.1,0.7,84,12,40,14,6,4.7,1.3,3.62,0.7,10.1,4.7167,6.74,146,5.4,87,3.1,96.5,79,354,433,18.24,11.2,274.74,0.9,18.1,22.4,80.8,10.7,2.2,111,12.1,1.37,152,124,88,87
162712,GYAHD11KAU,845964,22/02/2019,06:49,08:15,Deep Amber,Clear,1.013,6.4,Negative,Negative,Negative,Negative,Negative,Normal,Negative,14-15,2,10-16,Rare,Nil,Artifacts,2.5,2.1,50.5,86.5,11,4,13.1,42,5061,60,15,6,5,1.1,0.76,3.67,0.61,0.41,0.14,138,7.6,16,0.32,26.4,0.1,0.64,0.01,6.15,169,28,71.3,7.1,35.5,127,6,2.55,0.39,0.9,0.3,0.6,126,42,23,30,6.2,3.6,2.6,1.38,1.1,14.7,6.8649,6.24,142,3.9,95,3.5,114.69,87,135,222,39.19,7.9,180.03,0.6,15,70.4,21.31,10.2,2.9,111,6,2.32,90,75,98,112
105081,GYAHD05JHJ,197610,20/02/2019,10:17,11:04,Light Yellow,Clear,1.012,6.5,Negative,Trace,Negative,Negative,Negative,Normal,Negative,2-3,1,1-4,Nil,Nil,NIL,9.7,5.3,58.9,83,18,16,13.7,43,8616,41,36,3,3,0,0.94,2.8,0.91,0.23,0.02,95,9.4,14,0.21,14.9,3.8,0.96,0.29,0.3,238,58,42.9,34.4,172,135,4.1,0.74,1.35,0.5,0.1,0.4,66,99,75,36,7.7,5,2.7,1.85,0.8,10.4,4.8568,6.07,139,3.6,95,2.3,26.2,174,352,526,33.08,6.3,134.11,0,18.7,123.8,15.11,10.3,3.3,143,8.2,2.52,135,117,282,106
832226,KLTRS03MLT,447525,23/02/2019,09:36,10:11,Deep Amber,Clear,1.025,7.6,Negative,Trace,Negative,Negative,Negative,Normal,Negative,6-7,2,1-3,Rare,Nil,NIL,13.4,4,45.3,91.2,33,29,14.1,40.7,21942,49,35,4,7,0,6.23,1.69,0.43,0.22,0.02,153,11.5,17,0.37,13.9,0.1,0.17,6.42,0.09,238,25,148.8,12.1,60.5,166,9.5,5.95,0.17,0.6,0.2,0.4,68,84,19,33,6.7,5,1.7,2.94,1.3,24.2,11.3014,8.69,143,4.7,97,4.1,112.61,200,344,544,36.76,5.9,122.63,0.3,285.4,424.6,67.22,8.4,3.9,255,14,2.5,116,71,299,281
989442,MZLGI01APK,743458,22/02/2019,07:33,08:45,Pale Yellow,Clear,1.016,5.4,Negative,Trace,Negative,Negative,Negative,Normal,Negative,11-12,2,3-3,Nil,Nil,Yeast cells,18.7,4.1,47.6,92.9,45,39,13.6,44,6574,51,36,2,12,0,3.37,1.75,0.58,0.22,0.1,311,10.2,13,0.19,33.1,3.5,0.32,0.16,0.35,220,54,94.4,59.7,298.5,138,4.1,1.75,0.57,0.2,0,0.2,53,13,22,28,8.1,3.7,4.4,0.84,0.7,29.1,13.5897,19.41,144,3.5,95,2.5,73.56,83,235,318,26.1,6.2,131.24,0.6,13.3,446.5,2.98,8.5,2.6,111,11.6,0.58,108,87,89,137
553086,GYAHD13JHJ,503480,20/02/2019,06:06,07:07,Pale Yellow,Clear,1.018,4.6,Negative,Negative,Negative,Negative,Negative,Normal,Negative,14-15,0,1-3,Nil,Rare,NIL,15.2,5.7,41.7,79.6,26,36,12.8,43.2,9066,68,18,5,7,0,0.33,2.45,0.27,0.33,0.1,1037,10,15,0.33,29.1,2,0.86,0.24,0.35,181,41,59.1,57.6,288,109,4.4,1.44,0.69,0.9,0.3,0.6,74,13,116,39,7.2,4.6,2.6,1.77,0.8,9.4,4.3898,5.49,149,4.7,103,2.7,108.79,97,300,397,24.43,5.8,119.76,0.8,13.9,67.7,20.53,11.1,2.6,190,10.2,5.58,96,173,85,149
727190,PBCHD06CGD,704101,19/02/2019,09:11,10:24,Pale Yellow,Slightly cloudy,1.017,5.6,Trace,Negative,Negative,Negative,Negative,Normal,Negative,6-7,2,2-3,Nil,Rare,NIL,8.8,5.6,51.6,93.2,15,17,14.2,39.9,7771,39,20,4,25,0,7.19,1.34,0.43,0.39,0.01,284,14.3,14,0.48,32,2.8,0.19,0.04,0.88,169,49,62,38.7,193.5,154,3.4,1.27,0.79,4.3,2.1,2.2,45,112,33,22,6.4,3.7,2.7,1.37,1.2,14.1,6.5847,5.49,131,2.2,97,2.1,114.19,184,256,440,41.82,6.3,134.11,1,23.7,86.7,27.34,11.6,2.9,111,11.1,0.86,73,102,65,90
248426,KLTRS07TSS,214603,23/02/2019,08:43,09:48,Dark Yellow,Clear,1.016,4.9,Negative,Negative,Negative,Negative,2+,Normal,Negative,8-9,0,3-4,Nil,Nil,NIL,18.6,5.2,31.5,89.6,35,59,13.1,41.2,4324,58,13,6,8,0,8.77,2.64,0.06,0.6,0.12,376,11.3,19,0.29,23.6,2.3,0.24,0.04,0.17,167,72,156.9,54.9,274.5,192,2.3,2.18,0.46,0.8,0.3,0.5,110,17,19,39,8.2,4.4,3.8,1.16,1,11.8,5.5106,5.51,133,4.7,89,3.9,51.83,94,193,287,32.75,6.8,148.46,0.8,10.6,113.7,9.32,10.1,3.9,250,10.2,4.31,113,95,95,89
629580,KLTRS15ODB,368616,21/02/2019,09:34,11:01,Green,Clear,1.02,4.6,Negative,Negative,Trace,Negative,Negative,Normal,Negative,8-10,3,>20,Nil,Nil,NIL,12,4.5,40.9,52.9,26,29,14.1,43.5,7454,35,18,2,4,0.1,9.63,0.08,0.39,0.17,0.14,96,9.1,16,0.33,13.3,2.4,0.04,0.6,0.07,197,51,51.4,79.3,396.5,178,3.9,1.01,0.99,0.3,0.1,0.2,40,44,14,44,5.4,3.3,2.1,1.57,1.2,17.7,8.2659,6.89,143,2.4,81,7.2,97.56,168,205,373,45.04,6.3,134.11,0.1,16.7,137.4,12.15,7.7,3.9,218,11.1,1.94,106,85,99,105
553814,KLTRS07WBD,403995,22/02/2019,07:40,08:17,Straw,Clear,1.019,6.6,1+,Negative,Negative,Negative,Negative,Normal,Negative,16-20,1,3-4,Nil,Rare,NIL,10.3,6.3,50.3,82.5,16,20,12,39.9,10192,49,43,5,9,0,8.61,1.64,0.08,0.3,0.02,329,11.9,25,0.23,24.1,4.1,0.28,3.92,0.35,186,22,108.7,16.3,81.5,145,8.5,4.94,0.2,0.7,0.3,0.4,56,24,12,41,8.3,4.5,3.8,1.18,1.1,30.7,14.3369,13.03,122,4.8,97,5.7,113.55,175,182,357,49.02,6.2,131.24,1.3,12.3,101.1,12.17,11.5,2.8,283,8.4,1.36,107,74,101,186
806585,KLTRS13MLT,325943,21/02/2019,10:29,11:57,Light Yellow,Slightly cloudy,1.018,5.9,Trace,Negative,Negative,Negative,Negative,Normal,Negative,8-10,2,5-20,Few,Nil,NIL,17.5,5.8,29.4,80.7,30,59,13.4,26.6,7252,68,39,3,1,0,2.42,0.61,0.38,0.04,0.27,140,7.4,22,0.2,13.3,4.8,0.2,0.8,0.28,237,51,82.3,32.6,163,195,4.6,1.61,0.62,0.3,0.1,0.2,58,29,34,16,7.3,5,2.3,2.17,0.9,17.3,8.0791,8.98,133,4.2,100,2.8,95.31,61,267,328,18.6,5.8,119.76,0.4,10.9,58.3,18.7,8.9,2.5,112,17,14.96,101,60,86,88
405287,MZLGI01BRC,342089,20/02/2019,10:10,11:30,Yellow,Slightly cloudy,1.02,5.7,2+,Negative,Negative,Negative,Negative,Normal,Negative,2-3,1,3-2,Rare,Nil,Fungal elements,16.1,4.4,38.9,62.3,36,41,14.1,44.4,10283,47,36,3,14,0,0.77,1.29,0.72,0.22,0.01,144,10.9,15,0.1,20.7,1.4,0.26,0.7,0.34,159,35,56.9,37.3,186.5,111,4.5,1.63,0.62,0.8,0.2,0.6,105,27,31,23,8.2,5,3.2,1.56,0.8,5.2,2.4284,3.04,143,4.4,96,3.2,97.02,129,130,259,49.81,11,269,0.4,205.1,69,297.25,10.5,3.8,249,6.3,8.9,90,79,98,118
560919,PBCHD09RJU,940340,19/02/2019,08:56,09:49,Straw,Clear,1.016,6.6,Trace,Trace,Negative,Negative,Negative,Normal,Negative,55-60,2,3-2,Rare,Nil,NIL,8,5.7,45.6,43.4,14,17,14.3,45.8,2378,58,22,3,6,10.6,1.51,2.52,0.83,0.31,0.03,330,9.8,11,0.3,12.5,3.6,0.27,0.1,0.99,217,40,92.9,37.5,187.5,96,5.4,2.32,0.43,1,0.1,0.9,68,17,18,72,7.3,4.3,3,1.43,0.4,16,7.472,18.68,146,3.8,115,2.7,101.5,80,360,440,18.18,8.6,200.12,0.4,12.7,121.9,10.42,9.1,6,204,5.6,2.11,142,95,238,150
377768,PBCHD05SKM,463889,19/02/2019,07:03,08:02,Pale Yellow,Clear,1.016,6.1,Trace,1+,Negative,Negative,Negative,Normal,Negative,TNTC,1,2-3,Rare,Nil,Artifacts,11.1,4.4,37,89.9,25,30,11.8,42.5,6860,49,35,10,7,0,14.84,2.63,0.31,0.27,0.02,969,17.9,13,0.25,25.6,0.8,0.8,0.17,0.4,203,79,65.2,21.1,105.5,79,2.6,0.83,1.21,1.2,0,1.2,121,10,25,29,8.3,4.3,4,1.08,1.1,12.8,5.9776,5.43,123,4.4,113,5.1,117.21,69,105,174,39.66,7.1,157.07,0.8,27.6,131.5,20.99,13.4,3.7,200,6.6,0.61,99,77,113,274
909515,MZLGI13RJK,906177,22/02/2019,09:46,11:04,Pale Yellow,Clear,1.015,6.8,1+,Trace,Negative,Negative,Negative,Normal,Negative,10-11,2,2-3,Nil,Nil,NIL,17.2,6.1,64.7,99.6,28,26,16.9,40.3,5695,57,22,7,2,0,4.08,1.51,0.38,0.02,0.06,133,9.8,11,0.22,14.9,1.3,0.33,0.21,3.93,112,70,50,17.3,86.5,201,1.6,0.71,1.4,0.5,0.2,0.3,152,33,23,16,7.9,4,3.9,1.03,1,157.7,73.6459,73.65,139,6,98,2.9,106.22,81,100,181,44.75,5.8,119.76,0.8,21.4,35.3,60.62,10.1,2.3,61,6,2.57,102,65,86,89
634842,KLTRS14MLT,500695,19/02/2019,06:43,07:43,Pale Yellow,Clear,1.013,4.5,Negative,3+,Negative,Negative,Negative,Normal,Negative,51-53,2,1-2,Nil,Nil,NIL,12.4,5.9,47.4,63,21,26,13,42.4,6077,42,35,4,3,0,1.08,2.35,0.95,0.6,0.04,292,8.7,13,0.38,45.3,5.2,0.31,0.2,0.35,226,35,116.8,35.4,177,66,6.5,3.34,0.3,0.5,0,0.5,93,42,22,35,6.2,3.7,2.5,1.48,0.6,18.6,8.6862,14.48,143,2.7,100,3.9,116.39,85,353,438,19.41,6.1,128.37,0.9,13.1,123.6,10.6,10.3,3.6,185,8.3,2.69,97,76,84,73
271685,MZLGI07MHP,766108,21/02/2019,07:07,08:09,Light Yellow,Clear,1.014,6.6,Negative,Trace,Negative,2+,Negative,Normal,Negative,13-15,1,2-4,Nil,Nil,NIL,10.3,2.7,45.6,72.7,38,22,11.8,47,5965,74,35,4,8,0,1.09,2.56,0.38,0.15,0.07,426,9.4,13,0.07,13.9,2.7,0.22,0.16,0.37,168,52,80.8,13.2,66,128,3.2,1.55,0.64,0.9,0.3,0.6,72,56,28,6,7.8,3.9,3.9,1,1,17.3,8.0791,8.08,138,4.3,72,2.7,94.13,110,343,453,24.28,5.8,119.76,0.5,25.5,124.1,20.55,8.8,5.4,53,13.6,0.28,85,74,70,135
754969,GYAHD07KLM,282252,20/02/2019,11:50,12:54,Orange,Clear,1.017,4.8,Trace,Negative,Negative,Negative,Negative,1+,Negative,86-89,1,3-3,Nil,Nil,Fat droplets or lipiduria,5,5.1,44.3,75.1,9,11,13.3,41.7,7817,44,30,2,1,0,7.76,1.76,0.61,0.16,0.03,346,12,16,0.06,27.1,0.3,0.82,0.13,4.18,182,47,52.5,33.7,168.5,208,3.9,1.12,0.9,0.7,0.3,0.4,73,17,22,29,5.1,4.3,0.8,5.38,0.9,14,6.538,7.26,95,3,97,6.8,105.39,118,329,447,26.4,5.8,119.76,0.3,23.3,484.3,4.81,10.5,4.9,164,7.2,3.55,99,65,88,63
122368,GYAHD06JHJ,264204,20/02/2019,09:43,10:34,Deep Amber,Slightly cloudy,1.029,6.4,Negative,Negative,Negative,Negative,Negative,Normal,Negative,10-11,2,3-2,Nil,Nil,Parasites,9.5,3,26.2,82.9,31,36,14,41.3,6727,39,17,12,5,0,2.43,1.74,0.45,0.2,0.32,249,17.6,16,0.21,29.8,6.7,0.02,0.18,0.29,760,24,150.5,33.5,167.5,106,31.7,6.27,0.16,0.3,0,0.3,49,39,28,25,6.9,4.4,2.5,1.76,1.3,19.7,9.1999,7.08,136,5.7,111,1.4,118.21,146,133,279,52.33,6,125.5,0.4,11.7,131.5,8.9,10.4,4.2,161,8.3,2.18,113,87,86,158
819061,PBCHD06RJU,906149,21/02/2019,06:47,08:16,Light Yellow,Hazy,1.013,6.4,Negative,Negative,1+,Negative,Negative,Normal,Negative,2-4,7,1-2,Nil,Nil,NIL,19,4.2,38.8,91.7,45,48,13.8,46,8924,56,23,6,2,0,7.28,1.48,0.58,0.12,0.08,266,9.3,15,0.31,21.9,0.1,0.81,0.16,0.03,198,75,75.8,31.8,159,102,2.6,1.01,0.99,0.7,0,0.7,93,47,33,6,7.5,4.8,2.7,1.78,0.9,14.2,6.6314,7.37,138,4.6,95,9.7,92.62,155,168,323,47.99,12.8,320.66,0.5,14.6,22.6,64.6,9.8,3,137,4.1,2.49,104,66,170,70
596503,PBCHD01PBM,681707,22/02/2019,11:06,12:04,Orange,Clear,1.023,5.9,Negative,Trace,Negative,Negative,Negative,Normal,Negative,10-12,3,10-14,Nil,Few,Amorphous debris,10.9,4.8,45.4,82.6,22,24,13.2,33.3,9508,46,24,1,1,0.4,6.82,3.79,0.4,0.91,0.08,143,9.8,22,0.39,22.8,3.6,0.04,0.59,0.21,178,31,98.4,5.8,29,127,5.7,3.17,0.32,0.5,0,0.5,56,21,14,17,7.5,4.5,3,1.5,0.9,14.8,6.9116,7.68,139,6,97,6.6,105.81,27,359,386,6.99,7.4,165.68,1.6,26.6,132.3,20.11,12,5.7,199,7.6,1.58,89,89,71,135
587808,GYAHD09KAU,792223,21/02/2019,10:07,11:13,Yellow,Clear,1.012,6.9,Trace,Negative,Negative,Negative,1+,Normal,Negative,TNTC,5,2-4,Moderate,Nil,NIL,18.2,4.4,35.1,80,41,51,16.4,43.1,39398,66,38,19,8,0,8.07,2.26,0.13,0.17,0.02,956,8.1,14,0.39,28.8,4.7,0.61,0.35,0.4,151,50,71,22.3,111.5,130,3,1.42,0.7,1,0.3,0.7,73,59,40,39,6.2,5,1.2,4.17,0.7,11,5.137,7.34,136,3.9,104,5.7,72.63,215,356,571,37.65,6.1,128.37,0.4,26.1,294.7,8.86,9.2,5.4,110,16,2.12,78,119,98,153
362554,KLTRS13WBD,904243,19/02/2019,11:48,13:01,Pale Yellow,Slightly cloudy,1.019,6.6,Negative,Negative,Negative,Trace,Negative,Normal,Negative,TNTC,2,>20,Nil,Nil,Yeast cells,14.5,4.1,44.6,75.5,35,32,13.1,39.8,4862,62,29,1,6,0,9.63,1.56,0.77,0.2,0.03,164,8.6,11,0.24,16.6,3,0.58,0.03,0.5,205,53,41.9,28.9,144.5,116,3.9,0.79,1.26,0.9,0.4,0.5,241,10,29,38,6.1,3.9,2.2,1.77,1,22.5,10.5075,10.51,148,3.7,95,5.7,111.61,83,128,211,39.34,7,154.2,0.3,14,280.5,4.99,10.3,6,117,5.5,1.82,83,93,108,100
142805,PBCHD04KLC,571729,19/02/2019,06:41,08:05,Light Yellow,Slightly cloudy,1.011,6.6,Negative,3+,Negative,Negative,Negative,Normal,Negative,8-9,0,2-2,Nil,Nil,NIL,13.4,5.4,52.4,86.6,24,25,12.1,45.9,5439,49,20,6,4,0,9.08,2.56,0.4,0.74,0.15,175,8.2,15,0.35,33.7,0.5,0.14,0.32,0.34,183,80,98.9,21.2,106,138,2.3,1.24,0.81,5.9,2.9,3,62,8,25,39,6.6,4.7,1.9,2.47,0.9,26.3,12.2821,13.65,170,3.8,107,6.3,112.33,200,208,408,49.02,5.9,122.63,0.7,14.2,26.4,53.79,10.1,2.6,277,4.8,0.68,104,154,102,112
740762,GYAHD14JHJ,484718,21/02/2019,07:24,08:14,Yellow,Clear,1.013,5.9,Trace,Negative,Negative,Negative,Negative,Normal,Negative,8-10,1,1-2,Nil,Nil,Mucus threads,10.8,4.1,61.9,96.8,26,17,16.2,39.8,10946,49,23,7,11,0,1.3,2.53,0.55,0.03,0.01,241,10.7,15,0.23,25.8,0.1,2.83,0.05,0.38,228,48,86.1,29.3,146.5,151,4.8,1.79,0.56,0.9,0.2,0.7,92,53,25,13,8.3,3.5,4.8,0.73,0.6,14.6,6.8182,11.36,129,4.1,103,6.7,101.41,72,212,284,25.35,8.3,191.51,0.1,10.2,27.1,37.64,8.8,3.5,106,7.9,3.62,71,96,108,95
873301,MZLGI02GJS,359255,22/02/2019,11:01,12:29,Straw,Hazy,1.021,4.8,Negative,Negative,Negative,Negative,Negative,Normal,Negative,8-10,2,3-2,Nil,Nil,NIL,4.1,4.6,41.9,71.6,8,9,11.8,45.3,46261,57,44,5,3,0,9.39,1.97,0.7,0.06,0.01,401,10.1,11,0.26,17.9,1.3,0.12,0.75,0.21,122,42,127.4,78.5,392.5,202,2.9,3.03,0.33,0.2,0,0.2,95,16,28,22,6.7,4.3,2.4,1.79,1,16.3,7.6121,7.61,145,4.2,101,2.1,79.38,178,229,407,43.73,7.4,165.68,0.7,17.9,161.1,11.11,9.7,5,267,4,2.1,140,92,97,143
850088,PBCHD11PBM,182054,23/02/2019,11:39,12:26,Light Yellow,Clear,1.021,6.6,Trace,Negative,Negative,2+,Negative,Normal,Negative,7-8,1,1-4,Nil,Nil,NIL,17.7,4.6,60.4,73.6,38,29,13.8,40,9843,41,16,1,4,9.4,8.38,1.54,0.98,0.08,0.08,393,6.1,14,0.37,34.9,2.9,2.43,0.31,0.26,171,43,89.1,50.5,252.5,207,4,2.07,0.48,0.7,0.1,0.6,116,47,25,26,6.5,4.8,1.7,2.82,0.6,11.9,5.5573,9.26,135,3.3,106,5.7,95.02,176,233,409,43.03,8,182.9,1,13.1,86.9,15.07,9.5,2.6,293,5.1,2.67,121,68,127,274
676818,PBCHD04SKM,250366,21/02/2019,07:02,07:33,Straw,Slightly cloudy,1.029,5.7,2+,Trace,Negative,Negative,Negative,Normal,Negative,4-5,0,11-16,Nil,Nil,NIL,8,6,31.9,94.3,13,25,13.6,43.4,6844,80,20,4,4,0,5.23,1.84,0.95,0.29,0.05,258,9.9,17,0.27,12.5,0.7,0.3,2.01,0.11,231,54,143.5,29,145,188,4.3,2.66,0.38,0.6,0.1,0.5,88,33,22,22,8.2,4.4,3.8,1.16,0.3,18.7,8.7329,29.11,132,2.8,92,9.9,91.69,130,308,438,29.68,6.1,128.37,0.9,26.4,164.2,16.08,9.6,6.2,223,17.4,2.92,87,90,91,177
594130,PBCHD02HPP,587463,19/02/2019,09:13,10:00,Yellow,Clear,1.019,7.5,Negative,Trace,Negative,Negative,Negative,Normal,Negative,28-32,1,16-14,Rare,Rare,NIL,15.4,4.1,47.7,88.4,37,32,14.3,45.1,40258,71,31,3,7,0,1.47,2.17,0.78,0.12,0.01,371,9.8,11,0.3,32.1,1.6,1.64,0.74,0.74,153,67,68.7,33.3,166.5,116,2.3,1.03,0.98,0.4,0,0.4,52,50,27,26,7.4,4.2,3.2,1.31,1.2,15.4,7.1918,5.99,146,4.1,102,5.9,118.68,70,271,341,20.53,6,125.5,1,225.3,52.5,429.14,10.9,4.1,192,11.8,1.06,93,61,78,130
704114,KLTRS12TSS,831447,22/02/2019,09:50,10:24,Green,Clear,1.016,6.5,2+,1+,Trace,Negative,Negative,Normal,Negative,12-13,1,9-10,Nil,Nil,Fat droplets or lipiduria,10.3,4.4,32.7,74.2,23,31,10.4,43.8,51215,48,48,4,2,0.5,7.57,2.17,0.43,0.37,0.08,299,17.1,14,0.07,32.2,1.4,0.35,3.01,0.22,197,44,83.7,68.7,343.5,159,4.5,1.9,0.53,0.5,0.2,0.3,103,27,18,35,8,3.9,4.1,0.95,1,5.1,2.3817,2.38,142,3.9,113,2.8,104.41,136,295,431,31.55,6.3,134.11,0.8,18.4,37.3,49.33,11.4,4.3,198,18.5,1.89,78,80,95,166
992646,PBCHD13RJU,520602,22/02/2019,06:44,07:33,Pale Yellow,Clear,1.012,6.3,Negative,3+,Negative,Negative,Negative,Normal,Negative,8-10,2,>20,Nil,Nil,NIL,13.2,5.1,49.4,95.2,25,26,12.9,29.7,52588,40,41,3,1,0,4.59,1.94,0.39,0.02,0.05,259,7.5,14,0.27,28.6,5.7,0.13,0.18,0.31,172,32,175.9,31.7,158.5,101,5.4,5.5,0.18,1,0.3,0.7,120,18,19,26,6.4,4.6,1.8,2.56,0.8,11.8,5.5106,6.89,140,4.2,108,2.2,112.29,166,149,315,52.7,6,125.5,0.5,13.8,145,9.52,9.2,3.1,65,9.6,3.2,115,60,91,134
395819,KLTRS05NLZ,294758,20/02/2019,11:00,12:06,Light Yellow,Slightly cloudy,1.029,6.8,Trace,Negative,Negative,Negative,Negative,Normal,Negative,1-3,3,14-8,Nil,Nil,Artifacts,11.1,4.5,33.9,82.8,24,32,13.8,41.1,10015,35,10,5,8,0.1,7.32,2.68,0.49,0.29,0.1,170,7.1,12,0.26,30.6,4,0.07,0.76,2.06,230,42,43.1,22.5,112.5,70,5.5,1.03,0.97,0.4,0,0.4,99,20,25,35,7.5,4.9,2.6,1.88,0.9,34.4,16.0648,17.85,132,4.9,111,3.4,114.73,199,209,408,48.77,6.3,134.11,0.5,17.9,63,28.41,9,5.2,123,10.4,0.14,99,65,85,112
232810,MZLGI01MHP,596832,20/02/2019,09:54,10:36,Pale Yellow,Clear,1.01,4.9,Trace,Negative,Negative,Negative,Trace,Normal,Negative,13-14,4,1-2,Nil,Rare,NIL,21.8,6.7,40.6,86.8,32,53,12,43.3,9108,56,34,4,11,0,1.98,2.93,0.35,0.07,0.1,236,11,12,0.34,24.1,2.4,0.57,0.29,0.86,204,44,85.8,32.2,161,176,4.6,1.95,0.51,0.5,0.2,0.3,78,32,12,32,6,3.6,2.4,1.5,0.8,8.4,3.9228,4.9,96,3.5,99,1.4,101.26,165,337,502,32.87,5.8,119.76,0.9,16.8,132.1,12.72,6.4,2.2,63,2.1,3.45,137,69,95,127
700466,KLTRS06MLT,202196,23/02/2019,09:53,11:07,Yellow,Slightly cloudy,1.022,4.5,Negative,Negative,Negative,Negative,Negative,Normal,Negative,7-9,0,3-3,Few,Nil,NIL,9.4,6,42,56.2,15,22,14.3,43.6,6495,63,22,1,16,0,5.04,0.85,1.38,0.4,0.17,294,9.3,27,0.34,13.7,1.7,0.04,0.28,0.75,170,20,46.8,33,165,61,8.5,2.34,0.43,0.2,0,0.2,99,34,20,25,6.7,3.5,3.2,1.09,0.7,13.3,6.2111,8.87,120,4,116,6.7,71.83,83,298,381,21.78,7.6,171.42,0.6,10.8,103.6,10.42,8.8,4.8,293,8.2,2.99,74,120,103,121
350367,MZLGI02RJK,669673,21/02/2019,07:56,09:14,Deep Amber,Clear,1.02,6.9,Negative,Trace,Negative,Negative,Negative,Normal,Negative,TNTC,0,3-4,Nil,Nil,NIL,11.8,5.1,44.1,51.7,23,26,11.8,37.6,9497,38,49,6,11,2.2,1.66,2.65,0.87,0.37,0.09,122,8.1,13,0.7,27.3,7,0.3,0.12,0.39,183,41,92.3,23.7,118.5,71,4.5,2.25,0.44,0.5,0,0.5,63,37,32,11,6.7,3.8,2.9,1.31,0.4,14.8,6.9116,17.28,135,3.8,87,3.4,97.71,72,353,425,16.94,5.9,122.63,1,13.1,23.9,54.81,9.7,3.2,177,11,2.26,124,73,101,64
800478,GYAHD11KLM,325505,22/02/2019,06:22,07:06,Pale Yellow,Clear,1.019,5.2,Trace,Negative,Negative,Negative,Negative,Normal,Negative,35-38,0,2-2,Nil,Rare,NIL,19.6,5.1,64.7,91.8,38,30,13.3,39.9,6775,29,33,6,7,0,1.16,1.91,0.48,0.24,0.04,352,8.6,14,0.31,49.5,3.2,0.38,0.06,0.09,231,48,92.8,19.7,98.5,87,4.8,1.93,0.52,0.4,0,0.4,49,56,21,32,6.9,3.7,3.2,1.16,1.4,10.3,4.8101,3.44,149,3.9,103,5.7,119.31,212,166,378,56.08,6.1,128.37,1,16.3,92.1,17.7,10.3,2.9,111,16.2,1.67,85,86,87,75
653219,KLTRS03WBD,655658,23/02/2019,06:42,07:15,Light Yellow,Clear,1.028,6.4,Trace,Trace,Negative,Negative,Negative,Normal,Negative,5-6,0,2-2,Nil,Rare,Amorphous debris,8.1,6.9,32.5,84.8,11,24,14.5,39.2,4727,55,28,18,4,1.8,0.39,1.34,1.08,0.1,0.07,403,9.8,13,0.38,31.9,0.3,0.03,0.36,0.03,178,58,69.6,8,40,131,3.1,1.2,0.83,0.9,0.3,0.6,52,25,38,13,7,4,3,1.33,1.2,14.3,6.6781,5.57,146,6,96,4.6,99.34,106,143,249,42.57,6.3,134.11,0.9,10.2,347.9,2.93,10.4,2.6,275,8.5,0.79,86,83,83,108
923818,PBCHD03HPP,988450,19/02/2019,09:22,10:03,Yellow,Slightly cloudy,1.013,6.6,Trace,1+,1+,Negative,Negative,Normal,Negative,14-15,0,10-7,Nil,Moderate,NIL,15.4,7,20.8,82.4,22,74,12.1,39.9,4927,52,38,4,7,0,5.8,1.13,0.48,0,0.14,127,12,11,0.29,25.7,1.3,0.99,0.05,0.04,192,67,82.3,14.6,73,102,2.9,1.23,0.81,0.9,0.3,0.6,61,18,30,40,6.3,4,2.3,1.74,0.8,29.1,13.5897,16.99,148,2,95,3.7,107.92,173,192,365,47.4,7.9,180.03,0.1,15.9,97.8,16.26,10.7,2.3,164,11.6,1.82,81,80,102,211
443253,MZLGI07APK,453646,22/02/2019,10:14,11:40,Light Yellow,Clear,1.019,5.5,Trace,Trace,2+,Negative,Negative,Normal,Negative,14-15,0,3-2,Rare,Nil,NIL,9.9,4.5,51.9,97.8,22,19,13.1,40.4,10487,35,11,6,5,0,2.25,1.63,0.91,0.63,0.45,771,11.5,12,0.34,14.2,4,3.45,1.35,0.95,172,50,150.8,24.6,123,101,3.4,3.02,0.33,0.7,0.2,0.5,129,95,26,12,6.5,4.1,2.4,1.71,1.2,32.6,15.2242,12.69,144,5.6,108,6,103.15,134,127,261,51.34,5.9,122.63,0.5,15.1,77.1,19.58,9.9,3.8,266,3.7,0.19,165,109,100,117
353895,PBCHD03MHS,418873,20/02/2019,07:03,08:30,Straw,Slightly cloudy,1.015,6.1,Trace,Negative,Negative,Negative,Negative,Normal,Negative,6-8,2,3-3,Nil,Nil,NIL,11.3,5,33.3,98.4,22,33,12.1,27.8,9699,51,30,5,12,0,4.07,1.55,0.08,0.15,0.03,170,8,13,0.27,34.7,1.5,0.26,0.22,0.07,175,59,42.7,16,80,138,3,0.72,1.38,1,0.3,0.7,119,15,58,12,7.4,4.5,2.9,1.55,0.6,15.4,7.1918,11.99,138,4.5,108,5.2,97.35,96,358,454,21.15,6.2,131.24,0.5,17.4,146.9,11.84,11.6,3.7,189,5.5,2.04,158,78,75,114
699452,GYAHD03KAU,553754,19/02/2019,07:08,08:32,Green,Clear,1.015,6.4,Trace,1+,Negative,Trace,Negative,Normal,Negative,9-11,2,3-3,Few,Rare,Amorphous debris,14.1,4.6,46.8,74.7,30,30,13.8,42.6,7135,60,45,2,4,1.7,4.96,2.29,0.26,0.18,0.09,256,9.6,11,0.19,14.2,2.2,0.6,0.46,0.25,186,51,89.4,19.6,98,129,3.6,1.75,0.57,0.7,0.1,0.6,57,37,11,11,8.2,4.5,3.7,1.22,1.2,7.6,3.5492,2.96,141,4.3,107,5.9,95.84,109,344,453,24.06,6,125.5,1,221,158.9,139.08,10.4,3.6,168,16.5,2.9,104,101,69,85
100427,KLTRS05MLT,140808,23/02/2019,11:08,12:37,Yellow,Clear,1.017,6,Negative,Negative,Negative,Negative,Negative,Normal,Negative,10-12,2,3-2,Nil,Nil,NIL,14.5,2.4,21.3,71.4,60,68,14.6,45.2,6141,48,49,3,1,0,10.89,1.13,0.48,0.14,0.07,431,8,20,0.56,41.1,1,0.34,6.46,0.38,150,53,94,7.5,37.5,176,2.8,1.77,0.56,0.3,0.1,0.2,85,27,37,48,6.5,3.5,3,1.17,0.9,18.3,8.5461,9.5,140,4.6,100,4.3,123.31,137,189,326,42.02,9.2,217.34,0.7,248.9,40.1,620.7,10.4,3.7,58,9.5,0.49,105,121,92,282
410662,GYAHD14ODK,917820,19/02/2019,07:01,07:58,Pale Yellow,Clear,1.02,5.2,Negative,Negative,Negative,Negative,Negative,Normal,Negative,97-98,2,3-2,Nil,Rare,Yeast cells,18.9,4.4,49.4,71.9,42,38,12.6,41.6,4935,43,25,10,6,6.6,5.59,3.72,0.2,0.5,0.08,12,7.3,15,0.3,31.4,2.1,0.23,0.49,0.69,175,55,55.8,32.8,164,157,3.2,1.01,0.99,0.5,0.1,0.4,115,53,60,6,6.7,4.6,2.1,2.19,0.7,12.1,5.6507,8.07,141,4.4,105,6.5,108.07,95,345,440,21.59,6.3,134.11,1,27,33,81.82,8,2.6,71,5.9,0.4,102,116,84,103
459733,GYAHD13KLM,499634,20/02/2019,08:27,08:59,Yellow,Clear,1.018,5.3,1+,Trace,Negative,Negative,Negative,Normal,Negative,5-6,1,2-2,Nil,Nil,NIL,18.1,5.2,19.3,98.9,34,93,12.8,41.9,5921,33,27,4,7,0,1.43,2.1,0.9,0.44,0.03,226,7.4,17,0.44,42.1,1.7,0.2,0.21,5.93,152,24,83.6,23.7,118.5,206,6.3,3.48,0.29,0.7,0.3,0.4,108,32,22,48,7.9,5,2.9,1.72,1.2,17.2,8.0324,6.69,141,3.6,99,1.7,80.3,72,166,238,30.25,7.5,168.55,0.9,13.5,103.2,13.08,9.8,3.5,131,16.3,2.11,118,238,318,279
512379,PBCHD09KLC,192519,23/02/2019,11:00,12:25,Pale Yellow,Slightly cloudy,1.018,6.7,Trace,Negative,Negative,Negative,Negative,Normal,Negative,95-96,1,2-2,Rare,Nil,Yeast cells,9.3,5.9,35.9,86.6,15,25,14.4,39.3,4900,33,20,2,4,0,1.26,4.89,0.84,0.18,0.09,14,10,17,0.33,16.1,2.9,0.17,0.05,3.97,192,53,157.3,33.5,167.5,166,3.6,2.97,0.34,0.8,0.3,0.5,54,47,33,38,7.3,5,2.3,2.17,0.8,12.7,5.9309,7.41,143,2.5,115,7.5,112.57,125,149,274,45.62,5.9,122.63,0.7,12,137.1,8.75,10.4,4.5,213,15.2,1.85,97,90,102,87
931523,MZLGI11BRC,663934,20/02/2019,08:21,09:10,Yellow,Slightly cloudy,1.019,5,Trace,Trace,Negative,Negative,Negative,Normal,Negative,7-8,1,1-4,Nil,Nil,Amorphous debris,13.2,5.3,42,48.6,24,31,11.8,46.6,8516,46,20,1,10,0,8.66,0.81,0.38,0.19,0.03,387,7.1,15,0.22,24.3,1.7,0.24,0.14,0.07,165,47,100.9,22.1,110.5,182,3.5,2.15,0.47,1,0.1,0.9,57,15,40,15,8.3,4,4.3,0.93,1.2,8.4,3.9228,3.27,149,4.3,95,5.4,82.63,109,173,282,38.65,5.8,119.76,0.4,28.4,77.2,36.79,8,2.8,45,4.6,0.53,119,80,78,88
211734,MZLGI06RJK,496906,23/02/2019,06:01,06:55,Yellow,Clear,1.019,5.1,1+,Trace,Negative,Negative,Negative,Normal,Negative,13-14,1,10-12,Nil,Nil,NIL,16,4.1,45.9,89.5,39,34,11.7,45.2,10267,52,46,5,6,0,0.57,0.39,0.47,0.44,0.16,133,11.8,12,0.3,34.9,5.2,0.34,1.75,0.33,205,40,123.4,43.8,219,70,5.1,3.09,0.32,0.8,0.2,0.6,69,8,39,28,6.2,3.5,2.7,1.3,1.2,13.4,6.2578,5.21,136,4.6,99,3.6,96.23,140,170,310,45.16,6.3,134.11,0.3,17.6,148.9,11.82,8.6,3.1,173,22.3,0.43,125,186,94,62
594555,KLTRS11MLT,707974,22/02/2019,10:55,11:40,Light Yellow,Hazy,1.015,5.2,Trace,Trace,Negative,Negative,1+,Normal,Negative,6-8,2,10-10,Nil,Nil,Fat droplets or lipiduria,9.4,5.2,11.4,70.3,18,82,12.8,44.2,8869,71,17,1,14,0,0.83,0.39,0.25,0.18,0.08,279,16.7,14,0.66,21.4,4.7,0.36,0.03,1.37,111,53,139.8,6.5,32.5,147,2.1,2.64,0.38,2.1,1,1.1,79,56,14,42,6.5,4.5,2,2.25,0.7,6,2.802,4,147,4.7,111,5.4,97.17,105,337,442,23.76,6,125.5,0.1,13.9,61.9,22.46,8.5,5.2,192,6.4,7.15,150,93,70,192
169179,KLTRS09KLP,786107,21/02/2019,11:02,12:08,Red,Clear,1.021,6.6,Trace,Negative,Negative,Negative,Negative,Normal,Negative,1-3,2,2-4,Nil,Nil,Mucus threads,8,5.4,40.2,84,14,19,13,41.2,8252,58,21,5,7,0,2.58,1.71,0.56,0.4,0.09,1048,11.7,14,0.34,19.9,3,0.04,0.85,0.82,161,58,70.3,7.6,38,82,2.8,1.21,0.83,0.3,0.1,0.2,40,21,32,45,6,5.1,0.9,5.67,1,26.6,12.4222,12.42,143,3.6,98,5.8,94.59,162,270,432,37.5,7.9,180.03,10.8,23,61.7,37.28,11.4,2.8,178,15.8,9.84,106,84,82,157
654593,KLTRS11WBD,490946,22/02/2019,06:35,07:47,Light Yellow,Clear,1.015,6.8,1+,Negative,Negative,Negative,Negative,Normal,Negative,8-9,0,3-2,Rare,Nil,NIL,21.9,4.7,46.7,88,46,46,14.4,44.9,8795,72,23,2,8,0,5.54,2.54,0.53,0.09,0.06,1188,16.2,17,0.29,25.5,0.1,0.05,0.12,0.33,220,54,92.6,13.1,65.5,100,4.1,1.71,0.58,0.5,0.1,0.4,82,18,36,21,7,4.4,2.6,1.69,0.7,18.9,8.8263,12.61,143,4.8,97,6.7,95.25,92,316,408,22.55,6.3,134.11,0,17.2,107.5,16,9.6,6,188,2.2,3.89,111,70,92,330
908007,GYAHD01JHJ,539491,20/02/2019,11:55,12:42,Straw,Clear,1.019,4.5,2+,Negative,Negative,Negative,Negative,Normal,Negative,5-7,0,2-3,Nil,Nil,Parasites,14.4,5.6,37.4,94.7,25,38,10.3,45.4,6805,50,11,3,5,0,6.67,1.03,0.55,0.39,0.07,69,11.3,25,0.07,29.3,1.5,3.21,2.84,0.77,281,42,76.6,9.3,46.5,96,6.7,1.82,0.55,0.6,0,0.6,66,53,36,20,6.3,3.6,2.7,1.33,1.2,18,8.406,7.01,139,3.1,105,2.1,60.19,136,348,484,28.1,5.8,119.76,0.3,16.2,191.2,8.47,8.6,3.6,207,2.1,2.9,105,91,124,79
796383,PBCHD02KLC,334657,23/02/2019,11:09,12:29,Yellow,Hazy,1.011,4.6,Negative,Trace,Negative,Negative,Negative,Normal,Negative,6-7,2,2-3,Nil,Nil,NIL,10.8,7.6,38.5,88.6,14,28,12.5,43.8,7035,60,51,4,7,0,4.47,0.32,0.41,0.21,0.01,151,10,9,0.2,19.1,2,0.19,0.6,0.71,215,69,88,21.7,108.5,114,3.1,1.28,0.78,0.4,0,0.4,85,34,38,48,7.8,4.5,3.3,1.36,1.2,19.8,9.2466,7.71,135,3.3,105,2.8,99.05,185,131,316,58.54,12.2,303.44,0.6,22.3,21.7,102.76,10.9,3.1,100,6,2.51,94,104,117,61
789794,GYAHD06JHJ,333626,21/02/2019,11:17,11:57,Light Yellow,Clear,1.02,6.6,Trace,Negative,Negative,Negative,Negative,Normal,Negative,7-9,1,2-4,Nil,Few,NIL,15.7,4.2,55.4,116.4,37,28,14.6,45,21539,54,47,4,7,0,1.11,1.11,0.46,0.35,0.1,241,9.6,12,0.35,35.9,2.9,0.44,0.36,0.06,197,46,74.4,19.1,95.5,105,4.3,1.62,0.62,3.7,1.8,1.9,106,13,11,32,6.7,4,2.7,1.48,0.4,12.5,5.8375,14.59,134,3.7,94,3.9,117.44,127,292,419,30.31,6.1,128.37,0.9,17.3,53.7,32.22,12.4,4.3,172,11,3.22,123,82,79,108
406736,GYAHD14JHJ,769919,19/02/2019,09:57,10:29,Pale Yellow,Slightly cloudy,1.019,6.3,Negative,Trace,Negative,Negative,Trace,Normal,Negative,12-13,1,1-3,Nil,Rare,Parasites,8.8,8.2,35.7,107.2,10,24,13,43.5,5004,31,18,5,3,0.4,8.7,4.25,0.66,0.11,0.06,149,7.4,11,0.35,31.9,2.4,1.1,0.15,4.58,174,60,171.5,24.8,124,161,2.9,2.86,0.35,0.6,0,0.6,66,13,11,43,5.7,3.5,2.2,1.59,0.5,5.5,2.5685,5.14,135,4.9,108,4.4,102.21,80,360,440,18.18,6.1,128.37,0.6,22.5,103.5,21.74,9.1,3,127,11.9,0.38,156,74,70,127
152091,MZLGI10RJK,945782,22/02/2019,09:27,10:41,Straw,Clear,1.013,7,2+,1+,Negative,Negative,Negative,Normal,Negative,4-6,1,2-4,Nil,Nil,NIL,18.7,5,47.9,69.6,37,39,12.7,47.5,9185,52,26,2,6,0.6,6.09,1.45,0.2,0.25,0.08,261,12.5,13,0.43,23.2,3.6,0.02,0.29,6.24,176,72,144,53.7,268.5,193,2.4,2,0.5,0.5,0.2,0.3,69,45,36,44,7.8,4,3.8,1.05,1,19.1,8.9197,8.92,144,2.7,102,4.6,110.7,141,347,488,28.89,6.1,128.37,0.7,16.3,116.6,13.98,8.7,4.1,71,11.4,1.17,87,81,85,115
105937,KLTRS04TSS,663795,23/02/2019,08:12,08:48,Yellow,Hazy,1.015,4.8,2+,Negative,Negative,Negative,Negative,2+,Negative,12-14,1,8-13,Nil,Nil,Mucus threads,8.3,6,31.3,40.5,13,26,14.1,40,16472,49,20,10,6,0,4.74,0.86,0.62,0.13,0.09,374,7.3,8,0.48,13.1,0.1,0.17,0.28,0.93,194,54,85.7,36.7,183.5,169,3.6,1.59,0.63,0.7,0.3,0.4,88,51,26,37,8.2,3.5,4.7,0.74,1.2,17.2,8.0324,6.69,144,3.7,112,5.5,99.86,192,204,396,48.48,6.4,136.98,0,12.9,129.4,9.97,9.3,4.9,167,10.4,0.23,154,74,119,91
487017,KLTRS07WBD,635693,19/02/2019,06:54,07:31,Yellow,Cloudy,1.03,6.9,Negative,Trace,Negative,Negative,Negative,1+,Negative,1-2,2,2-2,Nil,Nil,NIL,10.5,5.6,50.3,92.7,18,20,13.9,40.5,54830,73,24,2,5,0,1.46,0.02,0.81,0.24,0.06,407,9.1,13,0.31,28.7,3.1,3.69,3.43,0.02,140,39,84.3,45.4,227,71,3.6,2.16,0.46,0.9,0.2,0.7,114,17,18,42,6.3,4.2,2.1,2,1,18.1,8.4527,8.45,141,4.2,101,3.4,115.55,97,243,340,28.53,6.5,139.85,0.1,13.7,88.8,15.43,9.4,3.2,107,10,1.63,108,105,107,111
581211,GYAHD04JHJ,439363,21/02/2019,07:13,08:24,Light Yellow,Clear,1.015,6.7,1+,Trace,Negative,Negative,Negative,Normal,Negative,32-36,46,3-4,Nil,Nil,NIL,14.9,4.3,34.7,73.5,34,42,14.2,43.9,5102,53,33,7,5,0,20.44,4.13,0.57,0.23,0.08,318,11.9,15,0.21,45.3,2,3.59,0.8,0.68,150,40,65.9,23.5,117.5,206,3.8,1.65,0.61,1,0.2,0.8,86,56,34,42,6.6,4.2,2.4,1.75,1.6,19.6,9.1532,5.72,109,4.7,115,1.4,112.8,153,273,426,35.92,7.4,165.68,0.5,15.8,68.6,23.03,13.5,2.5,55,3.9,2.34,112,98,120,120
124326,PBCHD09HPP,713000,21/02/2019,07:40,08:32,Straw,Clear,1.018,5,Trace,Trace,2+,Negative,Negative,Normal,Negative,2-3,0,3-2,Nil,Nil,Yeast cells,19.6,5.1,54,79.7,38,36,12.4,45.4,2622,35,49,6,4,1,1.3,1.6,0.61,0.62,0.16,354,8,14,0.26,32.6,4,0.78,0.18,3.89,159,43,123.8,24.5,122.5,136,3.7,2.88,0.35,0.7,0.3,0.4,191,28,35,27,6.2,3.8,2.4,1.58,0.9,23.3,10.8811,12.09,127,4.9,102,5.7,66.07,167,140,307,54.4,8,182.9,0.3,11.1,116.7,9.51,8.9,6.6,137,8.7,3.43,88,79,89,113
703800,GYAHD07KAU,681946,20/02/2019,10:11,11:40,Light Yellow,Clear,1.016,4.9,Trace,Trace,Negative,Negative,Negative,Normal,Negative,2-3,1,2-2,Nil,Nil,Amorphous debris,18.4,5,18.2,92.3,36,101,11.7,30.3,10049,54,26,3,7,0,8.12,2.81,0.74,0.38,0.05,364,12.6,11,0.2,45.1,4.7,0.68,0.09,0.29,178,25,75.6,56.9,284.5,140,7.1,3.02,0.33,0.7,0,0.7,80,3,29,15,8.2,3.7,4.5,0.82,0.6,12.9,6.0243,10.04,144,3.6,109,4.4,96.9,134,127,261,51.34,6.8,148.46,3.5,27.3,62.7,43.54,12.9,3.6,213,13.6,5.22,104,71,87,117
447249,PBCHD02PBM,261170,21/02/2019,09:07,10:29,Straw,Clear,1.019,4.9,Trace,Negative,Negative,Negative,Negative,Normal,Negative,8-10,2,2-3,Rare,Nil,Mucus threads,8.9,8.5,48.3,80,10,18,13.8,40.6,7713,67,40,7,8,0,0.46,1.71,0.42,0.01,0.06,96,10.9,11,0.32,34.9,6.8,0.38,0.39,0.15,174,23,66.9,6.4,32,147,7.6,2.91,0.34,0.6,0.1,0.5,110,17,12,33,7.9,4.1,3.8,1.08,0.8,13.1,6.1177,7.65,149,4.5,106,5.5,118.39,111,199,310,35.81,5.9,122.63,0.6,25.5,138.8,18.37,10,3.1,191,9.1,1.84,120,88,99,105
529827,GYAHD10KAU,698545,20/02/2019,10:47,11:23,Pale Yellow,Slightly cloudy,1.014,4.4,Negative,Negative,Negative,Negative,Negative,Normal,Positive,2-3,3,3-3,Rare,Rare,NIL,14.4,4.9,41.7,98.3,29,34,13.7,44,38028,35,41,2,6,0,4.63,2.55,1.37,0.47,0.01,261,11.6,16,0.33,12.1,0.1,0.12,0.16,0,100,43,77,37.8,189,130,2.3,1.79,0.56,0.2,0,0.2,97,33,33,10,5.6,3.9,1.7,2.29,2,24.7,11.5349,5.77,139,1.8,95,2.6,77.47,61,189,250,24.4,8.3,191.51,0.5,15.3,100.1,15.28,8.7,4.5,182,10.1,2.65,72,91,96,193
179467,MZLGI11GJS,308528,23/02/2019,09:37,11:04,Yellow,Clear,1.029,6.8,Trace,Trace,Negative,Negative,Negative,Normal,Negative,11-12,4,>20,Nil,Nil,Fat droplets or lipiduria,14.9,7.4,53.1,86.8,20,28,13.2,44.7,4364,51,30,4,4,11.9,3.9,1.67,0.51,0.44,0,309,8,24,0.31,39.6,5.9,0.65,0.21,0.58,174,40,95.8,14.7,73.5,89,4.4,2.4,0.42,0.5,0.2,0.3,123,54,36,27,6.6,3.5,3.1,1.13,1.1,19.2,8.9664,8.15,135,4.7,97,4.8,118.17,174,308,482,36.1,7.5,168.55,0.3,163,26,626.92,9.5,4.7,104,9.5,0.92,71,86,214,147
877795,PBCHD09CGD,450034,19/02/2019,06:16,07:29,Straw,Clear,1.017,6.5,1+,Trace,Negative,Negative,Negative,Normal,Negative,13-14,8,2-4,Nil,Nil,NIL,16.8,7.9,33.7,97.2,21,49,11.7,40.6,7496,29,35,4,5,0,19.42,1.17,0.57,0.31,0.06,133,9.1,19,0.24,24.5,2.7,0.14,0.19,0.38,204,45,96.9,19.6,98,148,4.5,2.15,0.46,0.4,0.1,0.3,128,11,28,19,8.1,4.1,4,1.03,0.8,35.9,16.7653,20.96,136,3.6,97,2.1,105.41,69,360,429,16.08,10.5,254.65,0,26.5,96.9,27.35,8.8,4.8,55,13.6,0.05,92,77,79,120
701979,GYAHD01KLM,942455,21/02/2019,09:47,10:19,Straw,Clear,1.013,6.7,Negative,1+,Negative,Negative,Negative,Normal,Negative,9-11,1,2-4,Nil,Nil,NIL,10.6,5.8,50.8,83.9,18,20,13.6,40.8,6200,38,28,2,4,0,0.03,2.34,0.6,0.6,0.04,426,12.8,12,0.31,22,0.7,0.07,0.21,0.39,181,40,83.3,36.9,184.5,99,4.5,2.08,0.48,0.6,0.2,0.4,115,5,20,10,6.2,4.1,2.1,1.95,1,59.3,27.6931,27.69,134,2.9,103,2.5,117.67,90,268,358,25.14,8.4,194.38,0.2,14.1,106.8,13.2,11.7,3.8,146,11.9,4.12,100,111,85,75
801752,GYAHD10KLM,688048,23/02/2019,09:49,11:07,Deep Amber,Clear,1.022,4.7,Negative,Negative,Negative,Negative,Negative,Normal,Negative,6-7,1,1-3,Nil,Nil,NIL,13.5,5.1,50.5,81.3,26,26,14.1,39.8,5229,76,45,4,2,1.6,0.56,2.31,0.22,0.1,0.05,262,10.5,5,0.59,18.9,0.1,0.08,0.31,0.14,177,52,83,77.6,388,199,3.4,1.6,0.63,0.2,0,0.2,49,21,25,44,8.3,5.3,3,1.77,1,19.5,9.1065,9.11,141,2.7,101,6,97.82,82,211,293,27.99,8.8,205.86,0.9,27.3,282.3,9.67,11.8,3.1,186,7.7,3.57,71,76,73,208
309083,KLTRS03WBD,578674,23/02/2019,08:08,08:50,Orange,Opaque,1.017,6.7,3+,Negative,Negative,Negative,Negative,Normal,Negative,5-7,2,3-3,Nil,Rare,NIL,16.9,6.4,43.7,79.5,26,38,13.9,42.3,4068,50,36,2,11,0.8,1.82,1.92,0.34,0.3,0.05,128,11.1,14,0.55,47.6,5.5,0.09,0.56,0.24,149,40,122.5,24.2,121,106,3.7,3.06,0.33,0.4,0.1,0.3,73,56,20,51,5.5,5,0.5,10,1.3,13.8,6.4446,4.96,136,3.9,106,5.4,97.41,154,236,390,39.49,7.4,165.68,0.8,20.9,72.5,28.83,10.4,4.3,139,13.8,3.79,121,74,91,183
901741,MZLGI07BRC,530540,19/02/2019,10:09,11:14,Pink,Clear,1.011,5.4,Trace,Trace,Negative,Negative,Negative,Normal,Negative,6-8,1,1-3,Nil,Nil,NIL,11,4.2,33.4,74,26,32,14.5,44.6,4950,21,10,2,4,6.5,9.3,1.75,1.49,0.05,0.09,401,11.6,15,0.2,28.3,3.8,0.16,0.19,0.07,176,59,100.6,67.3,336.5,94,3,1.71,0.59,0.6,0.2,0.4,40,31,20,11,6.2,4.2,2,2.1,1.1,10.2,4.7634,4.33,142,4.3,108,5.5,32.52,78,187,265,29.43,6,125.5,0.3,13.2,285.8,4.62,10.5,3,148,7.2,0.61,97,91,81,76
202897,PBCHD03NLM,178887,23/02/2019,10:44,11:55,Yellow,Slightly cloudy,1.012,6.8,Negative,Trace,Negative,Negative,Negative,Normal,Negative,TNTC,0,3-3,Nil,Nil,Parasites,14.8,4.5,60.6,82.4,32,24,12.1,41.9,7208,44,16,6,6,0,8.76,2.38,0.46,0.47,0.09,132,10.2,18,0.25,26.2,5.5,0.27,0.59,0.58,165,47,78.9,62.2,311,65,3.5,1.68,0.6,0.6,0.1,0.5,68,33,37,40,5.5,4.5,1,4.5,1.2,11.1,5.1837,4.32,142,5.7,110,2.7,104.05,180,357,537,33.52,7.7,174.29,0.9,150.8,274.8,54.88,9.9,2.3,177,4.7,7.7,120,68,100,145
461310,PBCHD11PBP,157201,20/02/2019,07:35,08:25,Light Yellow,Hazy,1.016,4.5,Trace,Trace,Negative,Negative,Negative,Normal,Negative,12-13,2,1-4,Nil,Nil,Fat droplets or lipiduria,13.6,6.5,26.2,87.9,20,51,14.2,43.4,5131,69,49,4,10,0,1.39,1.12,0.16,0.13,0.49,205,13.6,22,0.16,28.5,4.1,0.05,0.3,0.36,146,51,91.6,10.3,51.5,160,2.9,1.8,0.56,0.8,0.1,0.7,128,10,13,31,5,3.5,1.5,2.33,0.6,15.6,7.2852,12.14,135,4.4,107,5.6,100.07,64,220,284,22.54,6.3,134.11,0.7,11.2,92.4,12.12,10.5,2.5,96,6.6,2.15,71,88,88,111
878873,KLTRS10ODB,615524,23/02/2019,11:33,12:05,Pink,Clear,1.013,6.9,1+,Negative,Negative,Negative,Negative,Normal,Negative,4-5,0,2-2,Nil,Nil,Parasites,10.3,5.2,44.1,99,19,23,11.9,39.5,6955,57,45,6,17,0,10.61,2.19,0.38,0.15,0.14,391,8.7,11,0.2,19.4,6.6,5.62,0.36,0.03,189,42,93.4,33.6,168,150,4.5,2.22,0.45,0.7,0,0.7,66,24,12,34,7.1,4.8,2.3,2.09,0.9,18.3,8.5461,9.5,146,4.8,110,2,116.64,107,358,465,23.01,12.8,320.66,0.4,15.5,262.2,5.91,9.7,5.9,140,12.3,1.44,82,76,240,102
953446,MZLGI12MHP,349332,23/02/2019,10:31,11:46,Pale Yellow,Slightly cloudy,1.012,6.7,Negative,Negative,Negative,Negative,Negative,Normal,Negative,2-3,1,3-4,Rare,Nil,NIL,13.1,6.8,41.7,81.9,19,31,14.5,43.6,10443,57,41,4,3,0,9.1,1.46,1.4,0.33,0.04,437,17.8,17,0.1,14.1,3.6,0.65,0.04,0.38,109,57,76.6,90.1,450.5,89,1.9,1.34,0.74,0.5,0.2,0.3,94,50,25,34,7.5,4,3.5,1.14,0.7,18.4,8.5928,12.28,138,4.2,101,7.1,107.62,108,272,380,28.42,9,211.6,0.3,15.6,106.3,14.68,11.6,3.5,92,8.5,0.78,97,63,82,97
797596,MZLGI14BRC,264970,19/02/2019,09:53,11:03,Pale Yellow,Slightly cloudy,1.014,4.7,Negative,Negative,Negative,Negative,Negative,Normal,Negative,13-15,1,1-2,Nil,Few,Amorphous debris,6.4,6,57.8,69.1,10,11,14.3,27.8,6764,30,33,2,9,2.6,9.99,2.68,0.1,0.68,0.03,249,12,11,0.31,21.7,0.1,0.2,0.26,5.16,200,68,81.2,25.7,128.5,94,2.9,1.19,0.84,0.5,0.2,0.3,63,56,31,19,6.9,4.5,2.4,1.88,0.7,8.2,3.8294,5.47,139,2.6,84,6.5,111.47,116,173,289,40.14,5.9,122.63,0.6,107,136.3,78.5,10.3,2.7,176,5.2,1.26,119,88,96,64
837270,MZLGI10RJK,477862,23/02/2019,08:30,09:25,Pale Yellow,Clear,1.016,6.9,1+,Negative,Negative,Trace,Negative,Normal,Positive,40-43,0,1-4,Nil,Nil,NIL,12.8,2.7,52.4,88.9,47,24,12.1,44.1,3549,36,34,5,21,0,3.96,1.97,0.68,0.68,0.04,385,7.4,12,0.17,17.1,4.7,0.25,0.19,0.31,194,63,91.3,48.6,243,112,3.1,1.45,0.69,0.3,0.1,0.2,117,34,28,30,7.3,4.7,2.6,1.81,1.1,9.2,4.2964,3.91,144,2.5,102,5.2,96.09,171,224,395,43.29,7.2,159.94,0.1,24.7,28.7,86.06,9.9,2.6,133,6.9,2.71,96,79,84,140
591285,MZLGI09RJK,881675,21/02/2019,08:04,09:33,Green,Clear,1.012,6.5,Negative,Negative,Negative,Negative,Negative,Normal,Positive,6-8,0,3-2,Rare,Moderate,NIL,12.1,6.9,10.2,72.8,17,118,13.1,40.5,3366,48,49,23,9,0,3.68,1.54,0.81,0.61,0.07,358,6.4,11,0.11,20.5,3.9,3.12,0,0.26,105,50,72.1,6.4,32,196,2.1,1.44,0.69,0.5,0,0.5,69,42,31,16,7.1,4.1,3,1.37,1.2,13.5,6.3045,5.25,136,4.8,77,4.4,97.51,127,227,354,35.88,7.3,162.81,11.1,638.6,42,1520.48,9.1,4.3,101,8.6,7.85,93,86,89,91
477555,KLTRS12KLP,392804,22/02/2019,11:19,12:23,Yellow,Slightly cloudy,1.017,6.6,Negative,Negative,Negative,Negative,1+,Normal,Negative,37-39,2,1-2,Nil,Nil,NIL,11.4,5,28.6,78.8,22,39,13,43.3,7453,46,25,6,9,0,1.4,3,0.74,0.52,0.11,195,10.1,17,0.22,19.2,6.2,0.33,0.39,0.82,197,35,61.1,8.8,44,138,5.6,1.75,0.57,0.6,0,0.6,48,51,32,33,7.4,4,3.4,1.18,1.3,9.6,4.4832,3.45,138,4.7,106,3.4,93.34,130,360,490,26.53,5.3,105.41,0.1,13.8,144.1,9.58,9.7,4.5,277,2.2,1.38,110,92,79,96
201619,GYAHD01KLM,388345,19/02/2019,09:13,09:51,Light Yellow,Clear,1.021,6.9,1+,1+,Negative,Negative,Negative,Normal,Negative,12-14,0,2-2,Nil,Nil,Artifacts,16.9,5.6,50,66.7,30,33,11.9,40.6,5251,44,26,5,13,0.9,0.54,2.27,0.25,0.25,0.02,402,11.9,16,0.06,41,6.6,0.12,0.01,0.15,227,70,125.2,32.7,163.5,166,3.2,1.79,0.56,6.5,3.2,3.3,64,22,22,10,7.7,3.6,4.1,0.88,1.2,22.7,10.6009,8.83,147,3.8,106,2.4,108.61,126,91,217,58.06,9.8,234.56,0.9,20.7,127.1,16.29,8.3,2.1,97,11.9,3.78,106,138,183,125
319612,MZLGI15GJS,187751,21/02/2019,09:39,11:04,Pale Yellow,Hazy,1.01,5.2,Trace,Negative,Negative,Negative,Negative,Normal,Negative,6-8,0,7-11,Nil,Nil,NIL,9.9,4.4,32.4,80.6,22,30,16.8,40.8,7626,20,39,6,4,0,0.54,2,0.7,0.14,0.04,317,13.6,7,0.19,33.5,2.4,0.22,0.33,0.32,134,62,208.3,34.5,172.5,159,2.2,3.36,0.3,0.3,0.1,0.2,114,54,14,47,8.7,4.7,4,1.18,1.6,17.2,8.0324,5.02,137,3.2,101,3,96.52,82,275,357,22.97,6,125.5,0.2,26.9,38.2,70.42,10.5,2.7,147,2,7.36,196,96,90,139
505085,KLTRS03ODB,993107,23/02/2019,07:21,08:21,Light Yellow,Clear,1.018,6.6,Trace,Negative,Negative,Negative,Negative,Normal,Negative,4-6,51,3-4,Nil,Nil,NIL,14.4,5.6,33.9,93.7,25,42,12.5,41.3,5643,68,38,7,4,0,3.66,1.28,0.41,0.42,0.03,217,11.5,10,0.35,22.1,3.2,2.99,0.03,0.01,143,75,100.8,12.4,62,82,1.9,1.34,0.74,0.7,0.2,0.5,78,11,21,27,6.4,4.4,2,2.2,0.6,38.8,18.1196,30.2,137,4.1,86,6.4,106.39,56,196,252,22.22,5.9,122.63,0.2,15,147.1,10.2,9,3.6,82,6.6,1.96,87,75,80,97
819398,MZLGI12BRC,101756,23/02/2019,07:05,08:00,Light Yellow,Hazy,1.012,6.9,Trace,1+,1+,Negative,Negative,Normal,Negative,1-2,1,2-3,Nil,Nil,NIL,11.6,4.2,55.3,94.7,27,20,15.9,41.3,4193,47,52,3,7,0,1.09,2.65,0.52,0.31,0.14,273,10.4,12,0.2,47.7,3.2,0.34,0.15,4.89,223,55,205.8,50.4,252,146,4.1,3.74,0.27,0.5,0,0.5,94,25,27,16,6.8,3.9,2.9,1.34,1,8.3,3.8761,3.88,144,4.6,97,4.1,113.98,123,176,299,41.14,11.5,283.35,0.3,13.9,89.4,15.55,9.7,6.7,283,5,3.13,111,269,98,142
570769,MZLGI01RJK,931478,21/02/2019,10:06,11:05,Straw,Clear,1.016,4.9,Trace,Negative,Negative,Negative,Negative,Normal,Negative,13-15,1,2-4,Rare,Nil,NIL,12.4,6.8,35.5,77.2,18,34,12.9,44,4488,38,47,6,8,0,1.1,2.03,0.53,0.32,0.1,382,11.6,15,0.22,34.2,2.3,0.52,0.14,0.1,178,31,99.2,105.5,527.5,85,5.7,3.2,0.31,0.6,0.1,0.5,44,45,32,12,8,4,4,1,1.1,11.1,5.1837,4.71,124,4.3,95,5.6,116.64,103,337,440,23.41,5.9,122.63,0.3,11.9,113.7,10.47,10.1,5.1,106,4.6,0.83,71,152,122,438
506888,GYAHD05JHJ,731213,19/02/2019,08:42,09:45,Pale Yellow,Hazy,1.029,4.5,Trace,Trace,Negative,Negative,Negative,Normal,Negative,3-4,2,3-4,Nil,Nil,Fungal elements,13.5,5.4,26,98.1,25,51,14.3,37.5,6690,53,46,2,4,0,1.48,0.44,0.18,0.25,0.04,117,8.3,5,0.23,14,1.3,0.21,0.1,0.31,150,33,80.2,20.9,104.5,92,4.5,2.43,0.41,0.5,0,0.5,88,52,34,21,6.3,5,1.3,3.85,1.1,15.5,7.2385,6.58,118,3.7,100,10.2,117.91,73,359,432,16.9,7,154.2,0.2,22,123.2,17.86,10.8,3.2,135,7.2,1.69,110,80,70,253
262208,PBCHD07PBM,982523,22/02/2019,06:55,08:07,Pale Yellow,Clear,1.016,6.4,Negative,Trace,Negative,Negative,Negative,Normal,Negative,TNTC,9,2-3,Nil,Nil,NIL,9.5,5.2,48.5,43.4,18,19,13,40.2,6649,49,23,1,3,0,5.27,1.4,0.54,0.25,0.07,314,10.8,12,0.08,31.7,1.4,0.43,0.24,0.73,160,28,120.6,13.3,66.5,71,5.7,4.31,0.23,0.7,0.3,0.4,114,12,28,18,6.6,4.9,1.7,2.88,1.1,17.7,8.2659,7.51,145,4.4,87,5,101.15,61,270,331,18.43,7.3,162.81,0.5,18.1,135.7,13.34,10,2.5,304,6.1,0.81,73,75,249,208
863999,GYAHD04KAU,514165,22/02/2019,06:15,07:32,Light Yellow,Clear,1.023,6.5,Trace,2+,Negative,Negative,Trace,Normal,Negative,4-5,1,1-4,Nil,Nil,NIL,19.6,5.3,31.8,79.7,36,61,12.6,45.8,8694,51,39,2,13,0,6.47,0.22,0.44,0.98,0.01,995,9.9,18,0.36,38.5,2.6,4.65,0.08,3.46,143,73,81.7,106.6,533,73,2,1.12,0.89,0.8,0.3,0.5,73,24,21,21,5.1,4.1,1,4.1,0.7,13.8,6.4446,9.21,134,3.6,103,5.5,100.22,102,360,462,22.08,5.8,119.76,0.4,20.4,68.8,29.65,13.2,6.4,271,17.1,2.93,115,72,116,83
381354,KLTRS09KLP,692741,20/02/2019,08:35,09:53,Orange,Clear,1.014,6.2,Negative,1+,Negative,Trace,Negative,Normal,Negative,TNTC,2,5-13,Nil,Nil,Fat droplets or lipiduria,16.4,5.1,48.1,56.8,32,34,13.9,45,22308,58,21,2,18,0,4.28,2.22,0.98,0.38,0.1,152,9.5,11,0.06,29.8,6.8,2.88,0.06,0.19,212,56,86.4,15.5,77.5,116,3.8,1.54,0.65,0.9,0.2,0.7,40,29,26,39,8.2,4.7,3.5,1.34,1.2,23.4,10.9278,9.11,139,3.7,107,6.6,90.53,70,296,366,19.13,6.2,131.24,0.5,15.3,64.9,23.57,10.2,1.2,101,17.9,3.89,111,73,120,90
392236,MZLGI07GJS,698092,19/02/2019,08:38,09:42,Straw,Clear,1.02,5.1,Negative,Trace,Negative,Negative,3+,Normal,Negative,9-11,3,1-2,Nil,Nil,Mucus threads,16.3,7.4,42.3,81.9,22,38,13.5,33.5,6297,55,48,4,5,0.8,7.92,1.97,0.29,0.62,0,326,13.6,16,0.22,41.5,2.3,0.09,0.05,3.11,168,39,55.2,108.6,543,186,4.3,1.42,0.71,0.7,0.3,0.4,92,8,27,22,6.3,4.4,1.9,2.32,1,19.4,9.0598,9.06,137,3.6,106,2,113.27,197,286,483,40.79,6.2,131.24,0.3,16.3,27.4,59.49,9.5,2.7,122,4.1,2.54,104,107,96,108
123597,KLTRS06KLP,174900,19/02/2019,10:07,10:53,Light Yellow,Slightly cloudy,1.011,5.4,Trace,Negative,Negative,Negative,Negative,Normal,Negative,90-93,1,3-3,Nil,Rare,Amorphous debris,16.2,4.7,34.4,78.2,34,47,12.6,45.2,4897,39,15,5,23,3.2,5.92,4.51,0.24,0.06,0.09,430,14,15,0.33,13.9,2.2,0.25,2.04,0.26,166,27,42.3,6.1,30.5,133,6.1,1.57,0.64,0.9,0.3,0.6,81,42,33,40,8.1,4.2,3.9,1.08,0.6,14,6.538,10.9,135,3.3,86,3.1,95.02,138,252,390,35.38,5.9,122.63,0.5,26.5,120.4,22.01,8.6,2.7,50,13.1,3.84,103,196,72,78
994374,GYAHD14ODK,749155,21/02/2019,10:48,12:05,Yellow,Slightly cloudy,1.011,6.3,Negative,Trace,Negative,Negative,Negative,Normal,Negative,6-8,2,1-4,Nil,Nil,Fat droplets or lipiduria,8,4.8,32.7,71,16,24,13.2,39.3,4578,46,40,5,7,0,6.99,1.63,0.27,0.32,0.02,373,10.9,16,0.07,17.2,1.7,0.49,4.13,0.04,118,49,73.5,36.9,184.5,153,2.4,1.5,0.67,0.6,0.2,0.4,93,50,34,34,7.1,3.8,3.3,1.15,0.6,19.6,9.1532,15.26,143,4.4,104,4.7,118.13,226,349,575,39.3,6.9,151.33,0.3,14,172.5,8.12,7.8,4.9,175,5.4,2.66,93,63,97,77
834226,GYAHD01JHJ,150078,21/02/2019,07:48,08:36,Straw,Clear,1.154,5.7,Negative,Trace,Trace,Negative,Negative,Normal,Negative,TNTC,0,3-2,Nil,Nil,Amorphous debris,12.9,2.4,34.2,50.4,53,37,15.9,41.3,5053,52,33,2,5,0,3.3,2.32,0.32,0.26,0.06,175,10.9,13,0.28,14.7,3.4,0.2,0.2,0.33,167,54,114.5,37.2,186,175,3.1,2.12,0.47,0.8,0.1,0.7,103,11,12,20,7.3,4.7,2.6,1.81,1.1,15.7,7.3319,6.67,138,3,104,4.5,108.19,156,157,313,49.84,7.1,157.07,0.7,21.5,101.1,21.27,8.4,3.3,125,19.2,0.66,88,88,73,277
506031,MZLGI13APK,244871,23/02/2019,10:27,11:41,Yellow,Hazy,1.016,4.2,Negative,1+,Negative,Negative,Negative,Normal,Negative,5-7,4,2-4,Nil,Nil,NIL,6.8,4.2,20.7,89.3,16,32,12.6,28.2,5816,41,44,5,3,0,1.01,4.72,0.47,0.22,0,344,10.2,12,0.34,22.5,3.3,0.3,3.98,0.19,216,59,72.4,71.8,359,124,3.7,1.23,0.81,0.9,0.2,0.7,106,51,74,39,6,3.8,2.2,1.73,0.9,15.1,7.0517,7.84,137,2.2,113,4.4,101.01,95,245,340,27.94,5.9,122.63,0.4,24.2,41.4,58.45,9.7,3.2,252,3.8,2.32,89,63,78,147
650709,KLTRS14TSS,963053,20/02/2019,07:54,09:07,Straw,Clear,1.015,7,Negative,Negative,Negative,Negative,Negative,Normal,Negative,5-7,0,3-4,Nil,Nil,Yeast cells,6.6,4.6,44.2,92.2,14,14,13.6,35,9661,51,42,4,8,0,5.92,2.68,0.42,0.24,0.07,438,6.7,14,0.62,19.4,1.2,0.12,0.34,4.97,167,25,62,21.3,106.5,91,6.7,2.48,0.4,0.7,0.3,0.4,81,46,19,47,5,4.8,0.2,24,0.8,206.1,96.2487,120.31,135,4.1,103,4.1,110.91,60,297,357,16.81,12.6,314.92,0.3,25.9,23.9,108.37,9.1,3.6,137,10.9,3.74,96,72,78,112
375108,KLTRS09KLP,200349,19/02/2019,06:05,07:13,Straw,Slightly cloudy,1.025,4.8,Trace,Negative,Negative,Negative,Negative,Normal,Negative,3-5,2,1-3,Rare,Nil,NIL,9.7,5.3,44,55.4,18,22,12.1,48.6,4281,30,20,5,2,0,1.1,2.6,0.65,0.63,0.01,190,9.5,12,0.38,30.7,1,0.57,0.09,1.76,190,41,26.3,100.3,501.5,200,4.6,0.64,1.56,0.2,0,0.2,122,56,19,42,6.8,4.6,2.2,2.09,0.8,27.8,12.9826,16.23,141,5.8,101,2.6,93.57,179,326,505,35.45,5.7,116.89,0.3,11.1,70.8,15.68,11.3,2.7,339,10.9,2.63,88,108,89,60
387830,PBCHD10PBM,140138,20/02/2019,07:09,08:25,Straw,Slightly cloudy,1.019,5.6,Trace,Trace,Negative,Negative,Negative,Normal,Negative,7-8,0,3-2,Nil,Nil,NIL,14.1,5.6,60.7,97.7,25,23,14.6,43.3,8739,68,26,3,6,0,5.65,2.55,0.25,0.06,0.05,305,11.9,17,0.19,27.8,4.5,3.25,0.06,0.9,200,50,69.9,33.5,167.5,107,4,1.4,0.72,0.7,0.1,0.6,85,5,14,100,5.4,3.9,1.5,2.6,1.2,8,3.736,3.11,142,3.6,97,6,62.35,69,314,383,18.02,6.3,134.11,0.4,18.1,138.2,13.1,9.7,4.5,124,9.1,5.29,93,80,93,84
157655,KLTRS08NLZ,309448,21/02/2019,07:21,08:04,Straw,Clear,1.013,5.5,Trace,1+,Negative,2+,Negative,Normal,Negative,TNTC,2,3-4,Nil,Nil,Amorphous debris,11.2,4.1,59.6,94.8,27,18,13.2,39.6,6130,48,20,11,2,0,7.36,3.49,0.2,0.42,0.04,217,8.8,12,0.32,24.9,3.7,0.86,0.33,0.9,167,28,71.6,37.5,187.5,86,6,2.56,0.39,0.7,0,0.7,120,8,17,11,7,4.5,2.5,1.8,0.8,8.6,4.0162,5.02,142,4.6,104,3.5,95.1,153,345,498,30.72,5.1,99.67,0.4,13.8,136.2,10.13,9.1,4.5,137,9.4,0.57,97,154,85,124
232477,MZLGI05APK,344514,23/02/2019,08:58,09:35,Yellow,Slightly cloudy,1.019,4.6,Negative,Negative,Negative,Negative,Negative,Normal,Negative,10-12,2,9-17,Nil,Nil,Fat droplets or lipiduria,9.9,6.3,56.4,72.3,15,17,13.5,40.6,9755,50,49,5,6,0,20.2,2.52,0.77,0.09,0,172,12,17,0.38,29.6,2.3,0.51,0.22,0.49,121,45,85,18.7,93.5,138,2.7,1.89,0.53,1.2,0.1,1.1,115,30,13,21,6.6,4,2.6,1.54,0.9,15.4,7.1918,7.99,145,3.7,96,5.3,91.06,124,116,240,51.67,6.4,136.98,0.2,13.6,112.3,12.11,10,2.4,133,3.3,0.32,111,105,120,107
241269,MZLGI15APK,457352,22/02/2019,08:10,08:48,Straw,Opaque,1.013,4.9,Trace,Negative,Negative,Negative,Negative,Normal,Negative,3-5,0,3-2,Nil,Nil,Parasites,12.2,4.3,38.3,45.6,28,31,12.1,41.8,7589,39,38,6,8,0,2.58,1.56,0.9,0.27,0.01,87,10.8,17,0.35,23,2.1,0.16,0.08,0.88,164,26,140.5,31.4,157,101,6.3,5.4,0.19,0.7,0.3,0.4,102,45,16,46,8.2,4.7,3.5,1.34,1.2,12.2,5.6974,4.75,133,3.3,108,2.9,39.31,89,357,446,19.96,7.6,171.42,0.6,15.5,134.2,11.55,9.9,4.3,249,17,2.32,124,120,98,121
968725,KLTRS02NLZ,307529,21/02/2019,08:21,09:47,Orange,Clear,1.02,6.8,1+,Negative,Negative,Negative,Negative,Normal,Negative,10-12,0,3-2,Rare,Nil,NIL,14.9,6.9,45.8,67.3,21,32,12.8,42.2,53446,48,29,3,6,0,0.18,1.9,0.13,0.25,0.04,225,9.4,9,0.32,24.5,3.8,0.35,0.35,0.42,223,49,74.7,33.7,168.5,129,4.6,1.52,0.66,0.6,0,0.6,46,22,16,25,7,4.2,2.8,1.5,1.1,16.1,7.5187,6.84,145,4.6,97,4.4,115.28,143,332,475,30.11,8.8,205.86,0.4,18.4,76.7,23.99,10.4,3.3,184,13.7,2.9,78,86,64,112
624679,GYAHD04KLM,284318,20/02/2019,06:07,07:26,Deep Amber,Slightly cloudy,1.011,5,Negative,Trace,Negative,Negative,Negative,Normal,Negative,6-7,1,3-2,Nil,Nil,NIL,15.4,6.5,58,89.6,23,26,14,40.8,6249,56,26,3,5,0,5.07,2.84,0.34,0.32,0.01,319,13.9,16,0.5,21.5,3,1.99,0.14,0,187,43,73.9,12.6,63,71,4.3,1.72,0.58,0.8,0.2,0.6,118,27,79,37,7.4,5,2.4,2.08,0.7,8.5,3.9695,5.67,143,4.2,107,4.3,86.41,28,274,302,9.27,7.7,174.29,0.2,22.6,143.9,15.71,9.7,2.4,98,11.6,0.009,151,96,94,178
382231,GYAHD15KAU,818517,20/02/2019,08:13,08:59,Pale Yellow,Clear,1.017,4.9,2+,Negative,Negative,Negative,Negative,Normal,Negative,11-13,2,13-9,Nil,Nil,Artifacts,8.3,5.4,42,83.1,15,19,11.6,41.1,9885,41,26,5,6,0,4.9,1.16,0.31,0.27,0.06,168,10.6,14,0.21,47,5,0.67,0.22,0.03,188,69,91.2,16.2,81,135,2.7,1.32,0.76,0.6,0,0.6,39,23,37,31,8,5,3,1.67,0.6,15.4,7.1918,11.99,143,5.7,97,2.7,96.16,156,292,448,34.82,10.7,260.39,0.2,18,74.4,24.19,10.6,4.1,217,10,5.7,100,66,131,174
953630,PBCHD11PBP,857854,22/02/2019,10:56,11:59,Light Yellow,Milky,1.015,6.7,1+,1+,Negative,Negative,Negative,Normal,Negative,13-14,0,2-3,Nil,Nil,Parasites,4.5,5.9,23,54.7,7,19,13.2,45.2,8256,56,26,6,6,0,8.62,2.28,1.2,0.03,0.08,100,9.7,15,0.45,21.7,3.1,0.26,0.21,0.07,142,57,86.5,32.3,161.5,190,2.5,1.52,0.66,0.7,0.3,0.4,128,38,12,27,6.6,4.6,2,2.3,0.6,36.7,17.1389,28.56,127,2.9,100,3.9,103.88,151,268,419,36.04,5.8,119.76,0.5,22,166.6,13.21,8,2.9,124,8.2,3.97,83,76,105,255
100271,PBCHD13PBM,273472,20/02/2019,07:51,08:22,Straw,Clear,1.034,4.6,Trace,Negative,Negative,Negative,Negative,Normal,Negative,56-61,0,3-2,Rare,Nil,NIL,11.8,5.3,41.2,77.6,22,28,11.8,42.2,10608,46,24,6,8,0,16.08,2.9,0.02,0.11,0.05,105,8.5,24,0.57,30.5,1.3,0.39,3.7,6.45,167,64,104,8.6,43,63,2.6,1.63,0.62,0.6,0.1,0.5,125,12,22,21,7.5,4.2,3.3,1.27,0.6,8.1,3.7827,6.3,123,2.9,97,5.2,81.66,111,357,468,23.72,5.9,122.63,0.4,11.9,138.2,8.61,9.4,2.1,268,12.8,2.72,176,74,108,122
977140,KLTRS15KLP,996406,21/02/2019,06:41,07:26,Straw,Slightly cloudy,1.011,4.8,Trace,Trace,Negative,Negative,Trace,Normal,Negative,88-91,1,2-4,Nil,Nil,NIL,17.9,7.7,41.4,72.3,23,43,12.4,39.1,7527,52,14,1,5,0,1.1,4.81,0.31,0.07,0.06,108,9.7,13,0.1,27.6,4.1,0.3,0.76,1.15,156,34,87.9,34.2,171,80,4.6,2.59,0.39,0.7,0.3,0.4,127,25,12,46,6.2,3.9,2.3,1.7,0.7,36.6,17.0922,24.42,140,4.5,107,5.5,93,157,252,409,38.39,9.9,237.43,5.6,25.9,61.3,42.25,9.9,2.7,290,10.8,2.88,154,99,139,71
946832,PBCHD13PBM,530962,20/02/2019,06:03,07:32,Pale Yellow,Clear,1.025,5.9,Trace,Negative,Negative,Negative,Negative,Normal,Negative,TNTC,1,5-10,Rare,Rare,Yeast cells,16.4,5.5,53.3,99.2,29,30,14.5,40.8,8813,40,32,4,5,0,6.53,1.02,0.67,0.31,0.09,410,8.7,13,0.17,17.3,4.6,0.34,5.37,0.05,213,28,76.9,8.3,41.5,169,7.6,2.75,0.36,0.2,0,0.2,231,36,25,36,6.9,4.2,2.7,1.56,0.8,10.4,4.8568,6.07,147,2.8,102,4.8,97.98,126,242,368,34.24,8.9,208.73,0.2,15.3,21.2,72.17,9.6,3,85,12.9,3.8,100,79,89,140
443424,GYAHD14JHJ,739632,19/02/2019,07:48,08:22,Dark Yellow,Slightly cloudy,1.009,4.7,Negative,Trace,Negative,Negative,Negative,Normal,Negative,13-15,1,1-2,Rare,Nil,NIL,13.5,5.1,51.3,74.9,26,26,11.8,41.4,5325,80,27,13,2,0,1.15,2.88,0.74,0.82,0.05,983,9.9,15,0.19,31.7,3.2,0.29,0.15,0.15,134,43,83.4,44.6,223,69,3.1,1.94,0.52,0.7,0.1,0.6,65,27,18,30,7.8,3.7,4.1,0.9,1.2,16,7.472,6.23,146,2.7,115,3,119.77,190,161,351,54.13,6.4,136.98,0.1,270.2,150.9,179.06,10.5,3.6,85,9.9,3.88,96,107,78,165
812644,KLTRS11NLZ,802281,20/02/2019,09:14,09:55,Yellow,Slightly cloudy,1.017,6.7,1+,Trace,Negative,Negative,Negative,Normal,Negative,69-70,0,3-4,Few,Nil,NIL,17.7,5.4,56,86.6,32,31,13.3,39.2,9221,55,45,1,9,0,7.17,1.73,0.01,0.08,0.13,256,6.3,15,0.32,18,0.9,0.23,5.08,0.08,200,45,75.1,24.8,124,131,4.4,1.67,0.6,0.4,0.1,0.3,104,35,85,32,6.2,3.6,2.6,1.38,0.9,7.6,3.5492,3.94,122,4.8,110,3.1,68.36,149,276,425,35.06,5.8,119.76,0.2,15.7,143.2,10.96,9,3.4,167,4.7,0.03,86,100,106,135
333809,MZLGI11MHP,407862,21/02/2019,07:18,07:51,Straw,Clear,1.02,4.5,Negative,Trace,Negative,Negative,Negative,Normal,Negative,8-10,1,9-16,Nil,Few,NIL,15.7,5,50.4,73,31,31,11.7,42.6,6105,40,27,3,8,0.3,4.47,1.64,1.38,0.07,0.07,200,8.2,16,0.35,21,2.9,1.19,2.14,0.22,180,48,34.1,35.3,176.5,179,3.8,0.71,1.41,0.8,0.3,0.5,114,23,40,15,6,4.8,1.2,4,0.9,13.7,6.3979,7.11,137,4.6,108,4.2,93.46,126,343,469,26.87,8.5,197.25,0.5,10.5,58.5,17.95,9.4,4.9,154,10.7,6.14,86,73,244,92
326164,MZLGI09MHP,311374,23/02/2019,07:07,08:00,Light Yellow,Clear,1.022,6.7,Trace,1+,Negative,Negative,Negative,Normal,Negative,1-3,2,1-2,Nil,Nil,Fungal elements,9.6,4.5,55.5,82.8,21,17,11.9,32.8,9503,41,18,1,2,0,9.12,1.9,0.57,0.25,0.03,81,10.5,16,0.3,14.2,0.1,3.12,3.79,0.11,213,57,79.6,65.2,326,157,3.7,1.4,0.72,0.4,0.1,0.3,51,48,22,45,7.9,4.4,3.5,1.26,1,154.7,72.2449,72.24,133,5.9,105,1.1,74.12,60,345,405,14.81,6,125.5,0.5,10.4,102.3,10.17,9.6,4.4,107,19.4,12.4,138,82,116,186
757469,KLTRS15TSS,389989,22/02/2019,06:19,07:32,Light Yellow,Slightly cloudy,1.016,4.9,Negative,Trace,Negative,Negative,Negative,Normal,Negative,TNTC,0,1-3,Nil,Nil,Parasites,16.6,5.3,42,41.7,31,39,13.9,41.1,3571,48,16,5,2,0,9.91,3.53,0.37,0.31,0.04,210,16.2,15,0.36,36.5,2.6,0.22,0.88,0.16,157,51,74.5,87.2,436,126,3.1,1.46,0.68,0.5,0,0.5,124,34,21,10,6.2,4.4,1.8,2.44,1.1,17.1,7.9857,7.26,138,4.4,109,3.3,106.04,81,307,388,20.88,5.9,122.63,0.7,25.8,123.4,20.91,10,3.4,66,7,0.08,125,74,101,169
520960,PBCHD07NLM,499657,22/02/2019,10:44,11:41,Yellow,Clear,1.019,6.8,Negative,Negative,Negative,Negative,Negative,Normal,Negative,10-11,1,1-4,Nil,Nil,NIL,5.1,4.3,51,84.8,11,10,14.3,44.2,6514,52,26,1,0,0.7,8.01,4.89,0.52,0.84,0.03,295,7.2,16,0.33,14.3,1.4,0.28,0.06,0.13,192,53,94.3,18.4,92,165,3.6,1.78,0.56,0.4,0,0.4,98,55,35,48,6.1,5,1.1,4.55,0.6,26.4,12.3288,20.55,136,4.9,104,3.6,96.35,232,298,530,43.77,7.7,174.29,0.4,101,148.4,68.06,9.8,4.6,139,20.1,2.75,91,191,94,119
574184,PBCHD03PBM,459538,19/02/2019,06:39,07:35,Light Yellow,Slightly cloudy,1.015,6.7,Negative,Negative,Negative,Negative,Negative,Normal,Negative,4-5,1,1-3,Nil,Nil,NIL,15.7,5.1,21,85.1,30,74,12,43.4,4572,40,38,1,8,0.3,11.25,2.27,1.19,0.33,0.06,275,9.6,13,0.32,13.9,4.2,3.61,0.56,2.19,176,54,130.8,24.7,123.5,133,3.3,2.42,0.41,0.7,0.1,0.6,78,21,26,29,7.1,4.9,2.2,2.23,0.4,215,100.405,251.01,138,4.5,99,9.2,101.31,188,237,425,44.24,6.4,136.98,0.5,12.6,25.6,49.22,10.5,3.2,74,16,3.3,122,114,77,183
885868,MZLGI10MHP,210788,21/02/2019,11:00,11:41,Deep Amber,Clear,1.017,6.9,Negative,Trace,Negative,2+,Negative,Normal,Negative,10-11,2,3-4,Nil,Nil,NIL,21.8,5.8,50.2,86.6,37,43,14.5,30.8,7769,30,39,3,7,0,7.66,2.42,0.7,0.62,0.08,430,13.1,15,0.32,15.7,0.7,0.05,2.59,0.3,403,54,86.3,9.2,46,68,7.5,1.6,0.63,0.9,0.2,0.7,84,33,38,44,6.4,4.9,1.5,3.27,1.1,24.9,11.6283,10.57,137,5.5,108,4.5,75.02,253,253,506,50,6,125.5,0.9,14.9,147,10.14,9.1,3.9,138,14.2,3.05,72,125,71,189
795562,GYAHD12JHJ,282575,21/02/2019,06:30,07:40,Light Yellow,Clear,1.015,6.9,2+,Trace,Negative,Negative,2+,Normal,Negative,12-13,11,1-2,Nil,Nil,Parasites,5.7,6.6,52,55.6,8,10,12.4,31.7,9361,40,51,1,2,0,0.1,2.54,1.11,0.4,0.04,193,11.1,15,0.37,40.8,0.1,0.01,1.79,0.7,180,44,91.4,7,35,68,4.1,2.08,0.48,0.7,0.1,0.6,120,40,27,37,7.9,3.8,4.1,0.93,0.6,9.1,4.2497,7.08,121,3.7,104,5.2,48.86,111,224,335,33.13,5.9,122.63,0.4,15.9,287.6,5.53,10.5,2.5,184,7.3,5.51,79,79,88,103
631016,GYAHD13KAU,303347,21/02/2019,09:06,09:55,Pale Yellow,Clear,1.019,4.9,Trace,Trace,Negative,Negative,Negative,Normal,Negative,10-11,1,2-2,Nil,Nil,NIL,18.7,5.3,42.8,75,35,43,14.5,47.6,8690,44,15,4,7,0,1.62,4.74,1.05,0.4,0.01,190,8,12,0.29,43.9,4.9,0.02,0.17,0.12,159,56,102.9,27,135,102,2.8,1.84,0.54,0.7,0.2,0.5,115,136,7,15,8,4.7,3.3,1.42,0.8,13.7,6.3979,8,149,4.4,95,3.5,109.74,117,113,230,50.87,6.4,136.98,0,23.2,33.7,68.84,11.2,4.1,122,3.8,1.76,92,96,117,163
431802,PBCHD07RJU,768383,22/02/2019,06:47,08:03,Light Yellow,Slightly cloudy,1.018,5,Negative,Trace,1+,1+,Negative,Normal,Negative,12-14,0,3-3,Nil,Nil,Fat droplets or lipiduria,11.7,4.7,51.3,69,24,22,11.8,40.2,4199,57,45,6,4,0.7,7.8,2.67,0.7,0.14,0.19,172,7,10,0.13,44.1,7.5,1.5,0.44,0.16,193,21,76,33.7,168.5,106,9.2,3.62,0.28,0.5,0.1,0.4,109,21,23,16,8,4.9,3.1,1.58,0.6,33.7,15.7379,26.23,139,3.7,115,6.4,100.36,89,167,256,34.77,12.7,317.79,0.1,23.5,72.8,32.28,9.3,4.9,251,10.8,1.79,164,198,86,186
923830,GYAHD14KAU,262202,19/02/2019,09:20,09:51,Straw,Slightly cloudy,1.013,6.9,Negative,Trace,Negative,Negative,Negative,Normal,Negative,1-2,2,11-13,Nil,Moderate,Fungal elements,2.8,5.3,30.9,88.3,5,9,12.1,42.8,5110,59,18,2,2,0,7.33,1.45,0.85,0.12,0.06,984,16.9,11,0.2,17.1,3.6,0.14,3.04,0.14,198,26,77.2,32,160,106,7.6,2.97,0.34,0.5,0.2,0.3,64,8,34,40,8.2,4.5,3.7,1.22,0.6,192.6,89.9442,149.91,122,5.6,102,5.1,106.63,86,324,410,20.98,6.1,128.37,3.9,25.8,23.4,110.26,10.8,2,293,3.6,3.47,100,193,102,107
265947,PBCHD15GAM,590512,21/02/2019,08:44,09:56,Red,Slightly cloudy,1.013,5.7,Negative,Trace,Negative,1+,Negative,Normal,Negative,13-14,14,2-3,Nil,Nil,Fungal elements,9.8,4.4,55.9,81.1,22,17,13.7,41.8,5087,44,24,21,7,1.6,6.96,1.1,0.35,0.26,0.08,299,9.5,29,0.52,34.2,1.7,0.25,0.02,0.18,157,58,70.1,31.3,156.5,193,2.7,1.21,0.83,0.7,0.3,0.4,85,20,28,48,6.3,4.7,1.6,2.94,0.9,169.2,79.0164,87.8,147,5.6,96,5,118.38,151,225,376,40.16,5.9,122.63,0.7,14.7,108.1,13.6,9,5,262,9.2,0.92,71,67,112,103
550725,PBCHD02PBM,846020,20/02/2019,08:30,09:20,Straw,Clear,1.015,5.1,Negative,Negative,Negative,Negative,Negative,Normal,Negative,7-9,2,1-2,Nil,Nil,Amorphous debris,15.6,6.3,37.4,52.5,24,41,12.8,43.1,9252,79,50,2,6,0,2.13,2.31,0.61,0.38,0.07,70,10.6,10,0.2,20.6,5,0.21,0.16,0.13,218,52,87.9,35.6,178,65,4.2,1.69,0.59,0.8,0.2,0.6,223,34,38,29,5.5,5.4,0.1,54,0.7,13.9,6.4913,9.27,141,4,110,5.7,99,160,178,338,47.34,7.5,168.55,0.9,20.6,165.4,12.45,8.9,4.1,76,3.9,0.1,76,109,114,121
758528,GYAHD05KAU,590642,20/02/2019,11:05,11:46,Dark Yellow,Hazy,1.016,4.9,Trace,Trace,Trace,Negative,Negative,Normal,Negative,TNTC,1,3-4,Nil,Rare,Fungal elements,12.2,5.5,51.2,87.9,22,23,14.1,45.9,36059,36,36,2,3,0,9.82,2.47,0.85,0.43,0.1,363,11.9,16,0.23,25.8,1.4,0.23,0.36,2.93,229,40,161.1,39,195,123,5.7,4.03,0.25,1.1,0.5,0.6,51,54,16,31,7.8,4.1,3.7,1.11,0.9,36.3,16.9521,18.84,121,4.1,109,5.1,99.01,162,230,392,41.33,5.9,122.63,3.7,20.7,126.5,16.36,10.6,3.3,63,9.3,3.63,126,81,72,119
230087,GYAHD10KLM,395214,20/02/2019,11:16,12:45,Green,Hazy,1.02,5,Negative,Negative,Negative,2+,Negative,Normal,Negative,1-3,0,1-4,Rare,Nil,Fungal elements,8.2,7.7,34.3,90.3,10,23,14.4,45.4,8012,44,44,5,3,0,6.16,1.65,0.62,0.61,0.02,207,12.7,14,0.16,31.6,0.1,0.24,0.27,0.63,182,36,89.8,25.4,127,128,5.1,2.49,0.4,0.5,0.2,0.3,47,10,32,34,7.2,3.7,3.5,1.06,0.6,14.5,6.7715,11.29,138,4.3,103,3.8,92.59,74,124,198,37.37,9.1,214.47,1,14,504.3,2.78,9.5,3.8,183,22.9,9.78,79,60,73,120
725071,PBCHD04GAM,937430,21/02/2019,09:36,11:05,Orange,Slightly cloudy,1.024,4.9,Trace,Trace,Negative,Negative,Negative,Normal,Negative,60-64,2,1-2,Nil,Rare,NIL,13.4,4.1,42,80.6,32,31,13.9,45,6891,59,29,2,11,0.4,5.56,2.12,0.7,0.36,0,214,9.7,13,0.24,28.8,2.3,0.31,0.77,0.12,191,27,52.8,20.9,104.5,102,7.1,1.96,0.51,0.6,0.2,0.4,111,11,17,17,7.9,3.6,4.3,0.84,1.2,12.8,5.9776,4.98,144,4.9,108,3.3,110.62,99,276,375,26.4,5.8,119.76,0.6,25.5,120.9,21.09,11.6,3.5,182,11.9,0.69,74,127,90,179
203664,MZLGI07GJS,849984,22/02/2019,11:47,12:44,Light Yellow,Clear,1.012,6.6,Negative,Trace,Negative,Negative,Negative,Normal,Negative,14-15,1,5-16,Nil,Nil,NIL,16.3,4.5,61.3,76.3,36,26,12.8,49.5,7716,47,41,6,15,0,0.89,1.03,0.23,0.35,0.1,278,7.4,11,0.3,39.2,1.3,0.4,0.33,0.13,202,42,51.9,35,175,116,4.8,1.24,0.81,0.5,0,0.5,219,33,71,23,7.3,4.2,3.1,1.35,1.1,19.1,8.9197,8.11,136,3.6,98,4.7,113.34,118,164,282,41.84,8.4,194.38,0.6,11.8,275.9,4.28,8.1,5.2,205,11.3,3.07,79,113,84,94
216686,MZLGI10BRC,815486,21/02/2019,09:03,10:18,Pale Yellow,Slightly cloudy,1.02,5.9,Trace,Trace,1+,Negative,Negative,Normal,Negative,7-9,1,16-9,Nil,Few,NIL,15.4,5.7,33.7,88.8,27,45,12.9,45.7,5248,44,36,10,3,0,7.68,2.49,0.43,0.82,0.03,235,8.3,17,0.27,24.9,4.3,0.05,0.23,0.05,165,30,81.7,22,110,183,5.5,2.72,0.37,0.6,0.2,0.4,91,34,24,19,7.4,3.4,4,0.85,0.6,5.5,2.5685,4.28,144,4.4,104,3.8,117.34,69,312,381,18.11,5.6,114.02,0.7,254.5,79.2,321.34,9.3,2.1,141,6.4,2.13,112,64,84,339
350054,MZLGI03BRC,919928,20/02/2019,06:05,06:41,Straw,Hazy,1.029,6.5,1+,Negative,Negative,Negative,Negative,Normal,Negative,12-14,5,3-2,Rare,Nil,NIL,12.4,4.2,52.8,66.5,29,23,14.1,39.7,5304,37,25,15,0,0,1.4,1.8,0.29,0.02,0.01,357,10.1,11,0.36,33,2.2,2.82,0.02,0.36,160,52,153.4,31.4,157,178,3.1,2.95,0.34,0.7,0.1,0.6,51,29,15,24,7,4.6,2.4,1.92,0.6,7.6,3.5492,5.92,147,3.9,100,3.6,62.84,136,350,486,27.98,5.9,122.63,1,11.4,22.7,50.22,8.8,2.8,221,6.1,2.84,143,140,97,131
894092,PBCHD01PBM,164636,19/02/2019,06:12,07:22,Yellow,Slightly cloudy,1.019,6.3,Negative,Trace,1+,Negative,Negative,Normal,Negative,4-5,1,3-2,Nil,Nil,NIL,17.3,4.2,43.9,95,41,39,14.5,44.9,10162,46,34,10,7,0,3.8,1,0.43,0.58,0.07,324,7.8,11,0.18,43.4,1.6,0.21,4.83,0.37,170,50,84.8,34.7,173.5,134,3.4,1.7,0.59,0.4,0,0.4,97,13,15,43,8.1,4.2,3.9,1.08,1.2,7.8,3.6426,3.04,146,4.3,107,3.3,117.08,106,168,274,38.69,6,125.5,0.3,12.1,110.9,10.91,7.5,5.7,139,4.4,2.6,130,96,98,105
103562,KLTRS14MLT,212638,21/02/2019,06:56,07:41,Pink,Milky,1.016,6.5,Negative,Trace,Negative,Negative,Negative,Normal,Negative,13-15,2,1-4,Nil,Rare,NIL,12.5,4.7,44.5,45.8,26,28,10.2,34.5,7498,43,53,20,2,0.1,2.93,1.62,0.37,0.13,0.05,406,7.5,17,0.33,31.8,1.7,0.52,0.31,0.09,232,57,155.8,21,105,193,4.1,2.73,0.37,1.7,0.8,0.9,112,35,27,32,8.1,4.4,3.7,1.19,1.2,17.3,8.0791,6.73,138,3.9,99,2.4,95.85,64,348,412,15.53,8.4,194.38,0.5,23.7,91.4,25.93,11.3,4.4,192,12.1,2.38,82,62,75,136
739683,PBCHD01PBM,518949,21/02/2019,09:36,10:22,Light Yellow,Clear,1.016,5,Trace,Trace,Negative,Negative,Negative,Normal,Negative,11-13,0,2-3,Few,Nil,NIL,17,4.9,33.8,91.3,34,50,12.2,48.2,10814,46,16,5,6,0,6.43,2.94,0.05,0.55,0.19,1077,12.4,13,0.08,44.7,1.6,0.07,0.37,0.24,136,62,90.4,88,440,106,2.2,1.46,0.69,0.5,0,0.5,81,25,10,40,7.4,4.4,3,1.47,0.9,27.5,12.8425,14.27,143,5,103,3.8,110.1,60,159,219,27.4,5.9,122.63,0.4,25.7,22.3,115.25,9.9,4.1,100,5.7,0.07,79,61,104,69
303313,PBCHD14RJU,403514,22/02/2019,11:23,12:28,Deep Amber,Slightly cloudy,1.013,6.6,Trace,1+,Negative,Negative,Negative,Normal,Negative,9-10,0,2-3,Nil,Nil,NIL,11.8,5.2,32.4,128.4,22,36,14.5,44.5,6908,33,36,4,4,0,9.6,3.47,0.65,0.22,0.07,209,10.2,13,0.3,34.7,0.1,0.33,4.81,0,186,32,97.3,35,175,66,5.8,3.04,0.33,0.5,0.1,0.4,107,36,22,35,4.8,5.4,-0.6,-9,0.6,7.7,3.5959,5.99,145,4.1,101,7.3,98.19,166,187,353,47.03,6.3,134.11,4.9,28.7,86.2,33.29,10.1,3.4,213,3.7,1.96,97,132,80,98
709599,GYAHD01ODK,263059,19/02/2019,08:15,08:53,Pale Yellow,Hazy,1.023,6.7,2+,Trace,Trace,Negative,Negative,Normal,Negative,11-13,2,1-2,Nil,Rare,NIL,11.9,4.7,37.7,85.3,25,31,14.1,43.2,9411,57,35,10,7,0,1.15,1.94,0.62,0.45,0.05,265,8.1,13,0.3,25.7,0.4,0.31,0.84,0.13,191,52,99.5,50.7,253.5,186,3.7,1.91,0.52,0.3,0,0.3,50,16,18,26,7.5,3.9,3.6,1.08,0.8,14.2,6.6314,8.29,137,3.9,114,2.1,96.07,146,178,324,45.06,6,125.5,0.9,12.3,21.6,56.94,11.3,3.1,204,8.2,2.07,117,64,92,76
100757,KLTRS13MLT,271806,23/02/2019,09:24,10:16,Light Yellow,Hazy,1.018,5.3,Trace,Negative,Negative,Negative,Negative,Normal,Negative,9-11,1,9-20,Nil,Nil,Fungal elements,18.4,5.4,47.8,67.2,34,38,13.6,44.2,5749,45,50,6,8,0.8,4.78,1.89,0.7,0.51,0.07,61,9.6,15,0.64,21.1,4.2,0.8,0.28,0.56,183,42,88.8,43.6,218,147,4.4,2.11,0.47,0.4,0.1,0.3,69,9,22,13,7.6,4.9,2.7,1.81,0.8,34.3,16.0181,20.02,143,3.6,96,4.6,117.44,116,354,470,24.68,8.1,185.77,0.8,18.9,85.8,22.03,11.6,2.7,214,11.5,5.88,89,75,117,109
651195,PBCHD14KLC,458592,19/02/2019,10:07,11:04,Light Yellow,Hazy,1.015,5,Trace,Trace,Negative,Negative,Negative,Normal,Negative,1-2,0,2-2,Nil,Moderate,Amorphous debris,9.5,6.1,48.4,90.4,15,19,14.3,41.8,5911,58,25,6,4,0,5.83,2.21,0.65,0.44,0.1,20,14.7,17,0.23,33,2.1,0.42,0.09,0.1,116,59,157.7,18.2,91,99,2,2.67,0.37,0.7,0,0.7,116,17,33,38,8.2,4.9,3.3,1.48,1.1,198.6,92.7462,84.31,140,4.7,103,3.9,100.52,169,256,425,39.76,8.2,188.64,0.4,12.3,112,10.98,9.3,2.5,106,10.4,3.76,70,101,87,134
593193,MZLGI04RJK,370587,21/02/2019,09:50,10:21,Light Yellow,Hazy,1.013,4,Trace,Trace,Negative,Negative,Negative,Normal,Negative,TNTC,1,3-4,Nil,Few,Parasites,12.6,4.2,17.3,81.9,30,72,11.6,45.7,9285,54,23,2,5,0,6.01,1.92,0.77,0.14,0.37,279,11.6,17,0.23,21.4,1.3,0.18,0.92,0.37,200,52,42.2,55.6,278,109,3.8,0.81,1.23,0.9,0.2,0.7,211,7,29,42,7.2,4.5,2.7,1.67,0.6,17,7.939,13.23,135,5.8,96,3.1,98.96,137,357,494,27.73,6,125.5,0.3,22.6,246.3,9.18,11.1,4.6,207,8,3.55,102,71,92,189
532432,GYAHD05ODK,791102,22/02/2019,08:15,09:22,Yellow,Clear,1.061,6.1,1+,Trace,Negative,Negative,Negative,Normal,Negative,20-22,2,3-3,Nil,Nil,NIL,10.4,4,37.9,79.1,26,27,13.1,44.2,6649,40,29,2,3,0,6.21,5.49,0.55,0.08,0.03,23,8.6,12,0.51,14.9,3.7,0.33,0.5,0.49,200,55,128.4,64.5,322.5,90,3.6,2.33,0.43,1.9,0.9,1,97,33,15,41,6.5,4.2,2.3,1.83,0.6,18.5,8.6395,14.4,149,4.3,98,5.9,94.86,90,165,255,35.29,8.6,200.12,0.1,21.4,90.1,23.75,8.6,3.5,188,11.1,1.98,86,93,87,100
405554,PBCHD05MHS,993966,20/02/2019,07:34,08:32,Pale Yellow,Clear,1.011,6.2,Trace,Negative,Negative,Negative,Negative,Normal,Negative,68-72,0,1-4,Nil,Nil,NIL,11.1,5.2,62.8,95.3,21,17,13.9,44.4,8035,60,23,4,2,0,22.05,4.49,0.22,0.09,0.06,1088,6.5,11,0.33,28.6,0.1,0.11,0.02,0.05,177,29,98.8,25.8,129,117,6.1,3.41,0.29,1.7,0.8,0.9,53,48,30,8,8.2,3.5,4.7,0.74,0.8,19,8.873,11.09,136,5.9,105,5.2,119.92,135,97,232,58.19,7.7,174.29,0.5,15.5,36.1,42.94,10,3.4,197,12.9,9.8,112,84,76,143
961533,PBCHD11PBM,545327,21/02/2019,06:08,07:08,Orange,Clear,1.016,4.6,Negative,Negative,Negative,Negative,Trace,Normal,Negative,5-7,5,>20,Nil,Rare,NIL,8.7,6,52.8,71,14,16,14.5,45.2,16273,40,50,3,8,0,8.31,2.79,0.84,0.09,0.01,216,10.3,12,0.14,30.5,1.9,0.32,5.63,0.26,112,33,49.7,36.7,183.5,77,3.4,1.51,0.66,1.2,0,1.2,105,36,26,45,6.5,4,2.5,1.6,0.9,6,2.802,3.11,136,4.5,97,5,84.55,147,127,274,53.65,5.8,119.76,0.7,280.1,37.6,744.95,9.7,3.3,173,13.1,8.45,72,166,109,148
559361,PBCHD06MHS,752638,21/02/2019,11:04,11:39,Light Yellow,Slightly cloudy,1.016,5.5,Negative,Negative,Negative,Negative,Negative,Normal,Negative,6-8,1,2-4,Nil,Moderate,NIL,15.4,4.1,48.7,86.9,37,31,13.1,43.6,5846,61,39,2,1,0,5,1.56,0.42,0.56,0.09,340,10.5,11,0.23,26.9,4.1,0.28,0.08,0.18,194,56,125.9,100.7,503.5,180,3.5,2.25,0.44,0.5,0.1,0.4,73,52,16,28,6.3,4.8,1.5,3.2,1,8,3.736,3.74,130,5.2,98,3.6,108.58,144,345,489,29.45,11.9,294.83,0.9,24.9,427.6,5.82,8.7,5.9,139,9.3,0.006,86,80,70,97
333964,MZLGI11MHP,990365,19/02/2019,07:40,09:03,Red,Hazy,1.012,5,Negative,Negative,Negative,Negative,Negative,Normal,Negative,10-11,1,2-2,Few,Few,NIL,19.5,7.8,52.2,93.6,25,37,13.9,43.9,7677,47,33,1,4,0,2.38,1.65,0.67,0.1,0.04,438,11.4,11,0.34,18.3,2.9,0,0.11,0.09,172,49,70.5,53.2,266,101,3.5,1.44,0.7,0.5,0.1,0.4,253,54,23,33,6.6,5,1.6,3.13,0.6,14.6,6.8182,11.36,126,4,100,7.3,71.64,92,239,331,27.79,8,182.9,4.4,13.8,146.7,9.41,10,5.2,72,3.2,1.57,138,78,102,153
445719,MZLGI02APK,912924,19/02/2019,06:03,06:54,Straw,Slightly cloudy,1.026,4.9,Negative,Negative,Negative,Negative,Negative,Normal,Negative,1-3,2,16-19,Rare,Moderate,Amorphous debris,17.4,5.5,40,64.5,31,43,14.3,44.7,5135,60,29,8,8,0,0,2.76,0.44,0.08,0.08,431,6.3,17,0.36,16.6,2.9,3.2,0.39,0.77,178,33,136.1,102.9,514.5,69,5.4,4.12,0.24,0.7,0.3,0.4,111,20,33,20,7,4.6,2.4,1.92,0.6,10.7,4.9969,8.33,138,3.1,107,3.8,106.85,95,143,238,39.92,6.3,134.11,0.7,12.6,565.6,2.23,8.2,3.5,162,12.2,3.4,92,60,99,105
782471,MZLGI05MHP,649752,21/02/2019,07:19,07:57,Pale Yellow,Clear,1.017,6.4,Trace,Negative,Negative,Negative,Negative,Normal,Negative,5-6,1,2-4,Nil,Rare,Yeast cells,13.4,5.7,40.3,80.1,23,33,11.6,46,8561,59,15,1,9,0,6.8,1.8,1.21,0.2,0.47,134,11.7,15,0.23,16.4,2.3,0.39,0.22,0.14,170,39,74.8,30,150,88,4.4,1.92,0.52,0.5,0.2,0.3,101,28,39,14,8,4.1,3.9,1.05,0.6,8.3,3.8761,6.46,145,4.3,105,6.5,100.82,107,270,377,28.38,6.1,128.37,0.6,21.9,71.6,30.59,9.1,2.5,135,2.8,3.54,124,149,280,123
312669,MZLGI02MHP,220339,19/02/2019,11:49,13:14,Pale Yellow,Clear,1.019,6.8,Negative,Negative,Negative,Negative,2+,Normal,Negative,3-5,1,1-2,Nil,Nil,NIL,1.7,3,30.8,75.1,5,5,13.1,41.6,10280,33,23,1,4,0,5.23,1.82,0.59,0.04,0.03,1161,9.3,11,0.71,13.1,1.7,4.88,3.36,0.14,135,58,109.1,16.9,84.5,199,2.3,1.88,0.53,0.4,0,0.4,80,33,10,19,8.2,3.8,4.4,0.86,0.7,11.9,5.5573,7.94,143,3.7,101,2.3,91.66,184,222,406,45.32,5.1,99.67,0.9,20,256.7,7.79,10.2,2.9,100,6,2.93,99,76,121,181
836561,PBCHD02RJU,385559,20/02/2019,10:56,11:41,Light Yellow,Slightly cloudy,1.011,6.7,3+,Trace,Negative,Negative,Negative,Normal,Negative,2-3,2,7-11,Nil,Nil,NIL,13.9,5.6,43.2,90.4,24,32,11.5,46.8,5880,43,18,6,11,0,8.58,3.04,0.34,0.17,0.06,358,8.8,17,0.37,32.2,4.1,0.28,0.98,0.66,164,44,97,25.9,129.5,67,3.7,2.2,0.45,0.7,0,0.7,108,15,16,32,7.6,4.3,3.3,1.3,0.8,11.8,5.5106,6.89,140,3,105,5.4,112.75,129,289,418,30.86,6.2,131.24,0.5,16.8,124,13.55,8.9,2.7,82,19.8,3.43,72,150,73,268
190772,PBCHD13SKM,220443,20/02/2019,06:28,07:15,Green,Hazy,1.015,4.5,Trace,Negative,Negative,Trace,Negative,Normal,Negative,5-6,2,1-2,Rare,Nil,NIL,8,5.4,46,79.1,14,17,14.6,44.8,4948,34,16,5,6,0,10.56,2.09,0.57,0.6,0.09,335,10.9,16,0.07,36.4,3.6,1.41,0.4,0.03,174,51,155.8,6,30,137,3.4,3.05,0.33,0.5,0.2,0.3,104,34,19,43,6.2,4,2.2,1.82,0.8,16,7.472,9.34,141,2.3,104,4.6,116.99,99,230,329,30.09,5.5,111.15,0.6,13.9,26,53.46,11.8,4.7,86,6.5,3.85,87,98,99,120
343204,MZLGI03RJK,441646,19/02/2019,08:21,09:16,Light Yellow,Clear,1.02,6,Negative,3+,Negative,Negative,Negative,Normal,Negative,7-8,0,2-2,Nil,Nil,NIL,21,4.3,42.6,88.7,48,49,15.2,39.7,3213,51,35,4,2,0,7.17,2.93,0.56,0.42,0.08,285,13.2,7,0.19,26.7,3.8,0.35,0.95,0.21,180,78,90.5,17.1,85.5,65,2.3,1.16,0.86,1.2,0.1,1.1,74,32,34,16,5.1,3.7,1.4,2.64,0.6,7.9,3.6893,6.15,144,4.1,101,6.1,64.73,114,146,260,43.85,6.4,136.98,0.1,23.4,208.1,11.24,9.8,4.3,193,9,2.95,78,150,81,70
136872,GYAHD10JHJ,618452,19/02/2019,10:58,11:53,Straw,Clear,1.014,6.4,3+,Negative,Negative,Negative,Negative,Normal,Negative,89-93,2,3-3,Rare,Nil,NIL,9.6,5.1,47.9,73.6,18,20,12.9,40.9,9003,56,49,3,6,0,3.43,1.08,0.72,0.16,0.07,303,7.7,10,0.22,19.4,7,0.37,0.27,2.45,159,45,73.5,6.6,33,91,3.5,1.63,0.61,14.2,9.7,4.5,91,18,30,9,7.9,4.5,3.4,1.32,1.2,12,5.604,4.67,149,4.2,100,3.8,94.76,67,222,289,23.18,6.9,151.33,0,16,111.9,14.3,9,3.2,89,4.6,3.9,73,70,79,66
753540,MZLGI06RJK,764683,23/02/2019,10:19,10:53,Pale Yellow,Clear,1.025,5.2,Negative,Negative,1+,Negative,Negative,Normal,Negative,57-58,2,2-4,Nil,Nil,Amorphous debris,13.7,4.6,52.8,86.3,29,25,13.2,39.8,8410,42,21,2,7,0,20.21,0.01,0.97,0.05,0.31,104,11.9,17,0.23,33.7,1.1,0.4,0.18,0.69,233,50,73.2,26.7,133.5,135,4.7,1.46,0.68,0.4,0,0.4,84,36,19,45,7,5,2,2.5,1.2,11.3,5.2771,4.4,136,3.6,112,6.7,64.58,119,351,470,25.32,6.7,145.59,0.5,12.7,36.3,34.99,11.7,4.4,262,11.8,0.96,71,70,120,180
844692,KLTRS13NLZ,858220,23/02/2019,08:44,10:06,Light Yellow,Clear,1.029,4.8,Trace,Negative,Negative,Negative,Negative,Normal,Negative,11-13,0,1-2,Nil,Nil,NIL,9.7,7.7,31.6,104.7,12,30,14.6,46.5,6117,48,15,6,4,0,9.86,2.85,0.96,0.12,0.09,315,11.3,16,0.23,29.2,3.6,0.06,0.16,0.16,193,44,78.8,23.4,117,164,4.4,1.79,0.56,0.5,0.1,0.4,102,51,34,23,7.9,3.6,4.3,0.84,1.3,210.1,98.1167,75.47,140,3.9,106,3.7,108.8,81,258,339,23.89,6.1,128.37,0.7,27.6,61.4,44.95,8.8,2.3,335,4.8,2.86,139,82,87,199
416632,MZLGI13MHP,715226,23/02/2019,10:45,11:52,Pale Yellow,Clear,1.015,6.7,Trace,Trace,Negative,Negative,Negative,Normal,Negative,10-11,1,2-3,Nil,Nil,Fungal elements,15.5,6.2,44.1,90.9,25,35,13,36.5,7012,56,38,1,8,0,8.85,0.2,0.67,0.25,0.06,32,9.9,11,0.36,20.7,4.2,2.36,0.18,1.28,218,56,83.1,29.1,145.5,197,3.9,1.48,0.67,0.7,0.1,0.6,102,36,30,43,8.1,4.9,3.2,1.53,2,13.3,6.2111,3.11,143,3.7,96,5.2,96.06,131,336,467,28.05,8.5,197.25,0.8,11.2,129.5,8.65,10.6,4.3,90,6.9,7.64,115,70,86,108
897248,KLTRS03NLZ,386714,22/02/2019,09:04,10:02,Light Yellow,Clear,1.012,6.7,Negative,Trace,Negative,Negative,Negative,Normal,Negative,11-12,0,13-14,Nil,Nil,NIL,15.2,4.5,51.6,94.1,33,29,12.7,45.7,9598,44,20,6,7,0,7.42,2.99,0.03,0.15,0.08,308,7.1,15,0.25,28.4,2.5,0.05,0.96,2.49,189,30,84.4,70.4,352,161,6.3,2.81,0.36,0.7,0.3,0.4,47,13,31,64,6,4.8,1.2,4,1.2,17.9,8.3593,6.97,138,5.7,82,11.3,93.95,148,195,343,43.15,6.8,148.46,0.3,26.2,39.3,66.67,10.1,2.8,170,6.3,2.26,96,87,62,288
971143,GYAHD04KAU,456801,22/02/2019,06:25,07:21,Light Yellow,Hazy,1.011,6.6,Trace,2+,Negative,Negative,Trace,Normal,Negative,8-10,2,2-2,Nil,Moderate,NIL,7.4,4.5,40.3,89.7,16,18,12.4,44.9,7132,39,43,9,6,0,6.95,1.57,0.78,0.06,0.04,400,7.2,11,0.14,31.3,2.2,3.51,0.38,0.07,170,32,125.5,5.1,25.5,215,5.3,3.92,0.25,0.5,0.1,0.4,117,52,19,28,7.8,4.4,3.4,1.29,0.8,17.2,8.0324,10.04,135,2.6,100,3.2,85.56,107,283,390,27.44,5.8,119.76,0.6,1077.4,76.7,1404.69,10.7,4.3,166,5.5,1.24,84,72,92,145
977157,PBCHD02MHS,852724,19/02/2019,10:20,11:46,Dark Yellow,Opaque,1.017,6.7,1+,Negative,Negative,Negative,Trace,Normal,Negative,7-8,2,2-3,Nil,Few,Artifacts,11.1,4.4,39.5,73.7,25,28,13.3,42.2,5993,23,13,10,12,0,9.21,0.13,0.52,0.05,0.06,300,5.6,11,0.19,23.2,4.9,1.97,0.04,4.71,185,60,116.7,26.4,132,188,3.1,1.95,0.51,0.3,0,0.3,122,53,21,33,6.6,3.8,2.8,1.36,0.7,115.1,53.7517,76.79,143,4.2,108,2.7,108.05,110,269,379,29.02,8.3,191.51,0.9,11.4,111.6,10.22,10.2,4.3,86,16.6,2.86,125,69,95,91
828292,GYAHD05JHJ,302482,21/02/2019,07:01,07:47,Orange,Slightly cloudy,1.019,6.8,Negative,Trace,Negative,Negative,Negative,Normal,Negative,TNTC,1,2-4,Nil,Nil,NIL,6.6,5.8,34.6,61.1,11,19,11.7,43.8,9994,57,28,0,9,0,8.42,2.38,0.33,0.12,0.08,285,10.3,18,0.3,32.8,3.7,0.52,0.13,5.45,165,32,81.3,18.3,91.5,105,5.2,2.54,0.39,0.9,0.3,0.6,120,16,22,16,6.8,4.7,2.1,2.24,1.2,17.1,7.9857,6.65,141,2.5,95,2.8,90.72,165,279,444,37.16,12.1,300.57,10.7,93.6,228.1,41.03,8.8,5.2,95,4,0.98,90,172,286,120
642916,KLTRS14TSS,901211,23/02/2019,09:04,10:17,Yellow,Hazy,1.016,6.5,Trace,Negative,Negative,Negative,Negative,Normal,Negative,36-37,1,16-10,Nil,Nil,NIL,7.6,5.5,42.5,80.2,13,17,13.4,43.1,6034,47,12,4,11,0,1.29,1.73,0.73,0.33,0.04,163,7.5,16,0.19,18.6,5,0.64,0.39,0.29,201,57,62.7,33.4,167,173,3.5,1.1,0.91,0.7,0.3,0.4,87,34,37,27,8.1,3.7,4.4,0.84,1,19.1,8.9197,8.92,144,4.5,101,1.7,119.87,76,349,425,17.88,5.9,122.63,0.9,216.5,86.4,250.58,11.8,2.8,226,11.3,9.52,101,69,96,71
524545,PBCHD14CGD,240790,21/02/2019,11:44,12:57,Dark Yellow,Clear,1.011,6.6,Trace,Trace,Negative,Negative,1+,Normal,Negative,1-3,50,14-14,Nil,Rare,Mucus threads,15.3,4.8,32.4,74.2,31,47,11.5,43.6,5990,43,22,1,7,0,8.1,1.68,0.51,0.25,0.03,314,11.2,10,0.32,17.7,2.7,0.56,0.69,1.23,192,78,147.4,33.1,165.5,191,2.5,1.89,0.53,0.5,0.2,0.3,100,6,32,35,7.5,4.2,3.3,1.27,0.7,60.4,28.2068,40.3,133,5.9,104,3.2,101.58,169,327,496,34.07,5.2,102.54,0.2,21.9,110.8,19.77,9.8,4.6,169,17.3,2.67,132,95,84,98
343689,KLTRS15KLP,292187,20/02/2019,07:40,08:31,Orange,Slightly cloudy,1.014,6.7,1+,Trace,Negative,Negative,Negative,Normal,Negative,9-11,1,3-2,Nil,Nil,NIL,16.8,4.2,39.2,90.5,40,42,12.3,42.1,32075,57,13,3,22,0.7,8.93,1.12,0.34,0.41,0.19,123,7.9,15,0.24,28.7,1.5,5.03,4.05,0.75,170,48,77.3,34.9,174.5,72,3.5,1.61,0.62,0.7,0.3,0.4,81,11,32,12,6.9,4.7,2.2,2.14,0.6,16,7.472,12.45,137,4.7,112,3.8,107.1,163,133,296,55.07,6.9,151.33,0.3,277,115.6,239.62,6.2,5,89,11.4,0.38,127,76,77,110
367114,KLTRS07NLZ,509172,19/02/2019,10:25,11:49,Pale Yellow,Clear,1.177,6.6,Trace,Negative,Negative,2+,Negative,Normal,Negative,9-11,2,>20,Nil,Nil,NIL,11.5,6.5,37.5,79.9,17,30,12.2,40.6,5441,54,48,10,10,0.2,1.63,1.96,0.66,0.53,0.06,373,7.9,14,0.19,15.9,0.1,0.4,0.27,0.38,168,63,82.7,108.5,542.5,156,2.7,1.31,0.76,0.7,0.2,0.5,64,56,33,26,6.1,4.2,1.9,2.21,0.6,17.2,8.0324,13.39,139,4.1,99,3.2,104.01,140,136,276,50.72,6,125.5,0.8,13.3,140.8,9.45,8.8,3.9,184,14.1,1.34,75,73,121,62
417137,MZLGI13APK,372550,21/02/2019,10:14,11:19,Straw,Clear,1.011,4.8,Negative,Trace,Negative,Negative,Negative,Normal,Negative,6-7,0,1-2,Nil,Nil,NIL,20.2,5.2,51.2,96.7,38,39,14.2,40.1,8034,30,20,6,2,0,4.57,1.92,0.97,0.49,0.06,430,8.5,17,0.39,31.7,0.1,0.07,6.65,0.76,153,69,98.2,33.1,165.5,102,2.2,1.42,0.7,0.6,0.1,0.5,70,5,37,40,7.2,3.5,3.7,0.95,0.6,18.4,8.5928,14.32,147,4.4,95,3.4,112.84,166,271,437,37.99,5.9,122.63,0.1,12.8,290.1,4.41,9.1,4.8,288,11.1,0.81,97,288,90,107
912542,MZLGI03MHP,365934,20/02/2019,07:32,08:44,Pale Yellow,Slightly cloudy,1.017,7,Trace,Trace,2+,Negative,Negative,Normal,Negative,8-10,1,1-4,Nil,Nil,NIL,17.1,4.1,51.9,92.6,41,32,13,42,9752,80,20,13,2,0,1.77,1.04,0.3,0.13,0.07,301,9,12,0.37,42.3,1.7,4.53,0.16,0.35,163,41,184.4,11.9,59.5,118,4,4.5,0.22,0.8,0.1,0.7,42,23,12,40,6.2,4.7,1.5,3.13,0.6,8.8,4.1096,6.85,126,5.3,114,3.6,118.93,75,258,333,22.52,6,125.5,0.3,11.8,144.8,8.15,11,4.4,72,5.1,2.75,97,89,74,131
329360,KLTRS10NLZ,584902,20/02/2019,11:37,12:39,Light Yellow,Clear,1.015,6.6,Trace,1+,Negative,Negative,Negative,Normal,Negative,12-13,2,2-3,Nil,Nil,NIL,15.6,5.3,44,61.1,29,35,14.5,44.5,5074,73,22,18,4,0,7.68,0.55,0.42,0.3,0.04,337,10.5,17,0.32,28.8,4.9,0.83,0.23,0.3,222,57,78.2,51,255,153,3.9,1.37,0.73,0.7,0,0.7,84,53,24,26,6.2,4.5,1.7,2.65,1.1,13.3,6.2111,5.65,136,4,105,4.2,108.12,70,211,281,24.91,6,125.5,0.7,16.3,145.4,11.21,11.3,5.8,238,8.5,3.23,84,61,86,87
176883,MZLGI10MHP,294734,20/02/2019,06:44,08:02,Yellow,Opaque,1.014,6.1,Negative,Negative,Negative,Negative,Negative,Normal,Negative,12-14,2,2-2,Nil,Nil,Fat droplets or lipiduria,16.4,5.7,31.4,87.2,28,52,12.5,45.8,10509,47,38,3,2,0,4.72,1.86,0.39,0.28,0.09,418,7.1,11,0.29,28.2,4.6,2.5,0.13,0.25,170,73,26.9,22.4,112,108,2.3,0.37,2.71,1,0.3,0.7,57,13,10,31,8.3,4.4,3.9,1.13,0.7,10.4,4.8568,6.94,138,3.2,105,3.3,82.09,25,319,344,7.27,6.2,131.24,0.8,24.9,286.1,8.7,8.8,5.8,332,11,0.5,71,102,84,152
628761,KLTRS06WBD,756209,22/02/2019,09:03,09:39,Light Yellow,Clear,1.013,4.8,Negative,Negative,Negative,Negative,1+,Normal,Negative,4-5,2,3-4,Few,Nil,NIL,16.2,5.5,62.6,90.6,29,25,12.4,40.8,10694,56,32,2,10,0,2.49,2.85,0.3,0.4,0.06,396,8.8,14,0.16,49.8,1.7,0.92,0.29,0.19,240,66,48.4,7.2,36,198,3.6,0.73,1.36,0.7,0.2,0.5,40,41,33,11,7.7,3.7,4,0.93,0.9,98.5,45.9995,51.11,139,5,99,4.5,98.73,178,354,532,33.46,7.9,180.03,0.2,22.6,104.5,21.63,9.6,5.4,189,7.2,0.68,98,88,92,152
520608,PBCHD09NLM,844894,19/02/2019,09:25,10:54,Deep Amber,Slightly cloudy,1.019,5.4,Trace,Trace,Negative,Negative,Negative,Normal,Negative,8-9,0,1-2,Nil,Nil,Fungal elements,10.8,6.6,50,90.8,16,21,12.8,45.5,4172,57,41,5,7,0,1.32,3.4,0.51,0.5,0.06,25,9.7,10,0.35,24.4,4,0.2,0.26,0.26,117,52,70,6.9,34.5,90,2.3,1.35,0.74,0.5,0,0.5,78,43,26,96,6.4,5.3,1.1,4.82,0.9,9.2,4.2964,4.77,143,4.3,97,3.7,118.3,84,359,443,18.96,8.9,208.73,0.8,27.7,75.5,36.69,9.4,2.6,202,5.8,4.37,81,89,61,154
769520,PBCHD01PBM,798857,20/02/2019,11:47,13:09,Straw,Clear,1.02,5.6,1+,Trace,Negative,Negative,Negative,Normal,Negative,9-11,1,>20,Nil,Nil,NIL,13.9,5.1,47.9,44.6,27,29,13.5,41.1,10464,59,41,5,2,0,13.88,1.86,0.79,0.28,0.03,262,7.5,16,0.26,36.3,0.3,0.35,0.49,5.93,227,56,101.8,38.8,194,70,4.1,1.82,0.55,0.7,0.2,0.5,125,9,39,8,7.3,4.7,2.6,1.81,0.7,11.6,5.4172,7.74,125,2.5,99,4.8,105.84,174,350,524,33.21,6.2,131.24,0.2,27.2,98.8,27.53,8.9,3.8,175,5.4,2,110,81,93,89
485351,KLTRS07ODB,379392,22/02/2019,10:50,12:08,Green,Slightly cloudy,1.02,4.8,Negative,Trace,Negative,Negative,Negative,Normal,Negative,TNTC,1,2-4,Rare,Nil,NIL,15.9,4.3,51.6,75.6,36,30,12.8,41.3,9655,66,29,5,11,7.7,1.4,2.98,0.73,0.05,0.09,339,7.8,30,0.26,36.7,4.7,1.07,0.24,5.02,190,57,113.7,25.1,125.5,123,3.3,1.99,0.5,0.7,0,0.7,103,54,26,25,7.3,4.2,3.1,1.35,0.9,7.4,3.4558,3.84,140,3,111,4.5,100.83,129,222,351,36.75,6.2,131.24,0,16.4,38.3,42.82,9.5,5,69,16.9,3.92,131,94,78,105
256210,GYAHD07KLM,223395,20/02/2019,07:57,08:38,Pale Yellow,Hazy,1.012,6.7,Trace,Trace,Negative,Negative,Negative,Normal,Negative,47-50,1,2-3,Rare,Nil,NIL,13.1,5.7,62.9,81.8,22,20,10.6,49.4,4499,43,33,3,8,0,13.55,1.12,0.63,0.73,0.08,442,7.9,11,0.22,12.1,0.1,0.2,0.31,0.28,189,41,145.8,11.7,58.5,115,4.6,3.56,0.28,0.8,0.2,0.6,71,46,19,15,7.6,4.5,3.1,1.45,0.6,13.8,6.4446,10.74,145,3,102,6,63.48,172,231,403,42.68,5.7,116.89,0.4,12.7,27.3,46.52,11.6,2.6,170,14.5,0.55,120,82,89,165
541797,PBCHD10PBM,437601,19/02/2019,08:56,09:29,Straw,Clear,1.013,6.9,3+,Trace,Negative,Negative,Negative,Normal,Negative,11-13,1,2-4,Nil,Nil,Fat droplets or lipiduria,15.2,5.4,43.8,44.3,28,34,13.8,44.7,9852,24,15,20,11,0,0.77,2.04,0.03,0.08,0.09,192,5.4,10,0.43,24.6,4.4,0.63,5.15,0.31,198,42,150.1,17.1,85.5,94,4.7,3.57,0.28,0.9,0.2,0.7,110,30,31,43,7.9,3.6,4.3,0.84,1,9.2,4.2964,4.3,135,3.6,113,2.2,103.28,122,116,238,51.26,7.7,174.29,0.4,16,64.2,24.92,6,2.3,152,6.9,3.84,116,154,230,102
352676,KLTRS14MLT,576861,20/02/2019,10:12,11:08,Pale Yellow,Slightly cloudy,1.02,8.4,Negative,Negative,Negative,Negative,Negative,Normal,Negative,5-7,1,1-2,Nil,Nil,NIL,17.6,6.9,45.8,88.2,25,38,12.2,42.7,7728,62,26,2,8,0,1.18,2.26,0.45,0.47,0.01,324,11.2,10,0.09,21.4,5.2,0.24,0.22,0.32,229,56,90.3,8,40,99,4.1,1.61,0.62,0.6,0,0.6,45,27,11,46,5.3,4.7,0.6,7.83,0.6,13.8,6.4446,10.74,138,5,106,4,116.2,133,351,484,27.48,5.9,122.63,0.2,10.7,143.3,7.47,9.1,5.2,193,9.2,1.59,104,95,80,200
153031,PBCHD06MHS,942632,20/02/2019,07:29,08:27,Light Yellow,Slightly cloudy,1.011,6.5,Trace,Negative,Trace,Negative,Negative,Normal,Negative,8-10,2,8-14,Nil,Nil,Yeast cells,18.7,4.4,59.2,68.7,42,31,13.6,43.7,5397,42,36,5,4,0,1.49,2.12,0.74,0.28,0.14,153,10.6,11,0.06,14.7,4.4,0.31,0.02,0.1,181,27,72,32.9,164.5,106,6.7,2.67,0.38,0.5,0.2,0.3,45,39,21,10,5.3,4.1,1.2,3.42,1,10.2,4.7634,4.76,142,3.6,107,5,76.5,168,186,354,47.46,6.4,136.98,0.8,18.9,234.4,8.06,9.3,4.4,104,17.9,0.75,121,73,70,76
143032,PBCHD09CGD,819818,20/02/2019,09:51,10:59,Straw,Slightly cloudy,1.012,6,2+,Negative,Negative,Negative,Negative,Normal,Negative,10-12,2,2-4,Nil,Nil,Yeast cells,20.6,3.1,18.8,46.4,66,109,13.2,42.8,9484,51,20,9,5,0,0.51,2.74,0.68,0.54,0.01,421,7,20,0.3,23.1,1.1,3.47,0.11,0.03,231,56,55.6,36.4,182,126,4.1,0.99,1.01,0.9,0.2,0.7,104,54,38,46,6.9,3.7,3.2,1.16,1.2,7.5,3.5025,2.92,146,5.5,96,2.8,95.34,63,352,415,15.18,6.2,131.24,0.5,20.8,119.1,17.46,8,4.3,78,12.1,3.05,142,88,76,61
469453,KLTRS08MLT,846039,21/02/2019,09:08,10:26,Pale Yellow,Clear,1.014,5.1,Negative,Negative,Negative,Negative,Negative,Normal,Negative,9-10,0,2-2,Nil,Nil,NIL,16.7,5.5,51.8,84.7,30,32,12,44.2,7882,27,17,5,0,0,20.92,2.36,0.68,0.24,0.04,1017,9.7,15,0.22,29.9,2.6,0.39,0.01,0.18,167,52,90.8,26.4,132,131,3.2,1.75,0.57,0.5,0.1,0.4,55,51,33,38,6.9,4.4,2.5,1.76,0.8,7.4,3.4558,4.32,141,4.8,107,3.5,95.13,243,116,359,67.69,7.8,177.16,0.4,10.2,203.3,5.02,10.3,5,153,8.6,1.53,88,89,131,117
146315,MZLGI15MHP,180479,22/02/2019,09:06,10:30,Green,Clear,1.011,4.7,Negative,Trace,Negative,Negative,Negative,Normal,Negative,TNTC,1,3-4,Nil,Nil,NIL,14.7,4.7,30.1,72.5,31,48,14.4,49.1,8852,52,20,8,3,0,0.94,1.89,0.53,0.5,0.1,150,5,13,0.33,27.7,0.1,0.15,0.36,0.38,211,55,84.1,5.2,26,190,3.8,1.53,0.65,0.7,0.1,0.6,117,52,30,45,8.7,4.5,4.2,1.07,0.8,19.8,9.2466,11.56,132,1.7,95,4.5,111.64,118,280,398,29.65,5.9,122.63,0.1,16.9,68.5,24.67,8.9,3.9,170,5.9,2.98,75,94,80,116
798971,GYAHD09JHJ,535667,22/02/2019,09:19,10:08,Pale Yellow,Clear,1.014,7,Negative,Trace,2+,Negative,Negative,Normal,Positive,2-3,1,1-3,Nil,Nil,NIL,14,4.4,46.1,58.7,31,30,11.9,44.6,9054,45,28,10,7,0,8.71,2.95,0.85,0.24,0.01,127,9.4,10,0.25,47,2,0.64,0.37,4.62,235,30,118,37.3,186.5,109,7.8,3.93,0.25,0.5,0.2,0.3,47,32,35,36,8.1,3.6,4.5,0.8,0.6,15.8,7.3786,12.3,145,4.2,96,7.4,101.72,66,126,192,34.38,6,125.5,0.3,16.5,142.1,11.61,9.3,2.6,156,8.6,8.53,73,150,67,78
866879,MZLGI14BRC,367228,20/02/2019,10:19,11:02,Pale Yellow,Hazy,1.013,5,Trace,Trace,Negative,Negative,Negative,Normal,Negative,7-9,0,7-8,Nil,Nil,NIL,13.3,4.4,34.3,45.4,30,38,13.1,42.7,43367,55,20,1,6,0.9,2.61,1.41,0.39,0.21,0.08,1090,10.2,6,0.48,16.6,0.1,0.32,0.06,0.1,227,27,84.5,7.9,39.5,105,8.4,3.13,0.32,2.5,1.2,1.3,92,23,29,11,7,3.5,3.5,1,0.6,9.7,4.5299,7.55,134,3.1,98,1.3,117.8,151,355,506,29.84,10.4,251.78,0.6,20.9,71.5,29.23,10.7,3.7,139,17.5,1.93,177,64,73,110
523503,GYAHD01JHJ,462357,19/02/2019,10:34,11:53,Straw,Hazy,1.017,5.9,Trace,Negative,Negative,Negative,Negative,Normal,Negative,3-4,1,3-4,Nil,Nil,NIL,10.7,7.8,20.8,95.8,13,51,12.3,45.4,48957,52,26,3,8,0,7.14,2.59,0.74,0.75,0,834,9.5,20,0.1,31,2.2,0.35,6.56,0.24,186,73,127.4,9.7,48.5,118,2.5,1.75,0.57,1,0.3,0.7,86,26,28,46,7.7,3.7,4,0.93,0.8,12.8,5.9776,7.47,135,2.4,100,2.2,92.16,145,272,417,34.77,7.9,180.03,0.7,14.2,414.7,3.42,7.8,2.2,184,8.3,3.71,142,60,93,106
859019,KLTRS14MLT,149759,22/02/2019,10:59,11:38,Light Yellow,Clear,1.018,4.7,Trace,Negative,Negative,Negative,Negative,Normal,Negative,4-5,5,1-4,Nil,Nil,Fat droplets or lipiduria,21.1,8.2,48.5,82.8,25,43,12,45.2,7280,62,17,5,4,0,3.63,2.3,0.33,0.37,0.09,85,11.1,12,0.37,24.9,4,0.09,2.26,0.14,227,55,85.9,9.7,48.5,127,4.1,1.56,0.64,0.7,0.3,0.4,77,27,19,42,6.8,5,1.8,2.78,0.9,16,7.472,8.3,135,2.1,102,8.4,91.04,88,192,280,31.43,7.9,180.03,0.9,28.9,77.9,37.1,8.6,4.5,267,5.9,1.88,125,71,101,154
143079,PBCHD14CGD,234794,20/02/2019,11:09,12:13,Pale Yellow,Slightly cloudy,1.02,5.4,Negative,Negative,Negative,Negative,Negative,1+,Negative,TNTC,0,2-2,Rare,Nil,NIL,9.7,4,42.6,85,24,22,12.6,40.2,4188,30,32,3,1,0,9.89,1.03,0.5,0.65,0,63,11.6,11,0.42,15.6,6.4,0.14,0.22,0.27,177,72,47.2,49.4,247,134,2.5,0.66,1.53,0.7,0,0.7,71,43,22,19,6,3.7,2.3,1.61,1,7.8,3.6426,3.64,142,5.5,106,4.8,90.25,127,232,359,35.38,11.3,277.61,0.2,27.2,139.4,19.51,8.9,4.3,165,9.4,3.99,98,73,79,65
281427,PBCHD03KLC,803447,22/02/2019,10:05,10:52,Pale Yellow,Clear,1.029,6.6,Negative,1+,Negative,Negative,Negative,Normal,Negative,80-82,1,2-2,Nil,Nil,NIL,10.8,5.2,41.8,76.7,20,25,13.5,44.8,9743,40,24,5,6,0,1.35,2.72,0.28,0.08,0,228,12,19,0.28,31.8,3.9,0,0.05,0.71,186,52,70.1,11.9,59.5,83,3.6,1.35,0.74,1,0.3,0.7,82,39,32,10,7,4.4,2.6,1.69,1.1,18.4,8.5928,7.81,141,3.9,103,5.7,104.47,183,345,528,34.66,5.7,116.89,0.9,10.6,81.8,12.96,11.2,4.2,211,8.6,1.32,113,129,81,138
583786,KLTRS05KLP,979286,19/02/2019,06:37,07:56,Yellow,Opaque,1.014,5.5,Negative,Negative,2+,Negative,Negative,Normal,Negative,11-13,2,2-3,Nil,Rare,NIL,10.5,4,10.8,70.7,26,97,12.8,44.1,6574,29,41,3,6,0.5,5.36,1.13,1.13,0.81,0.1,174,16.9,12,0.07,41,0.1,0.21,2.11,0.16,185,47,125,9.9,49.5,173,3.9,2.66,0.38,0.5,0,0.5,97,20,17,32,7.2,3.6,3.6,1,0.6,16.6,7.7522,12.92,149,3.2,100,6.8,113.34,70,265,335,20.9,6.2,131.24,0.8,10.5,21.4,49.07,8.5,3.5,147,7.8,3.44,93,76,61,75
581526,KLTRS10KLP,660374,21/02/2019,11:49,13:11,Light Yellow,Clear,1.013,6.8,Trace,Trace,Negative,Negative,Negative,Normal,Negative,11-12,0,2-3,Nil,Nil,NIL,2.3,6.5,38.1,99,3,6,14,30.1,5218,36,37,5,6,0,8.63,1.66,0.32,0.33,0,733,8.6,15,0.16,14.9,1.3,0.1,0.4,0.04,206,68,71.1,67.6,338,193,3,1.05,0.96,0.8,0.1,0.7,86,53,29,44,7,3.6,3.4,1.06,0.6,18.1,8.4527,14.09,121,4.4,108,2.3,105.12,131,267,398,32.91,6,125.5,0.3,14.3,29.6,48.31,11.8,5.4,139,14.5,2.68,125,68,124,142
782988,KLTRS09MLT,211994,20/02/2019,09:32,10:19,Pale Yellow,Clear,1.027,6.6,Trace,1+,Negative,Trace,Negative,Normal,Negative,42-44,2,2-3,Nil,Nil,Fat droplets or lipiduria,8.2,4.7,41.3,79.2,17,19,13.6,45.3,7340,66,31,4,3,6.4,16.17,0.95,0.28,0.49,0.18,322,13.2,17,0.28,47.4,1.2,0.05,0.67,0.21,158,33,79.1,89.9,449.5,164,4.8,2.4,0.42,0.8,0.3,0.5,42,45,19,14,6.6,3.6,3,1.2,1.2,15.5,7.2385,6.03,96,3.2,100,6.9,93.17,148,157,305,48.52,5.7,116.89,0.2,27.8,188.9,14.72,10.5,1.9,154,4.8,11.74,89,153,233,122
619256,PBCHD06KLC,396350,21/02/2019,06:27,07:46,Light Yellow,Clear,1.012,5.8,Negative,Negative,Negative,Negative,Negative,Normal,Negative,12-14,0,>20,Moderate,Nil,NIL,17.3,8.1,42.9,88.4,21,40,12.4,44.7,7160,43,37,0,11,0.7,3.72,1.17,0.74,0.72,0.03,244,8.4,10,0.29,34.1,4.4,0.07,0.17,0.14,115,40,86,70.7,353.5,79,2.9,2.15,0.47,1.1,0.5,0.6,52,39,11,22,7.9,4.5,3.4,1.32,0.9,7.6,3.5492,3.94,140,2.8,106,2.5,96.09,87,103,190,45.79,6.2,131.24,0.5,25,70.5,35.46,7.7,2.8,277,7.9,5.34,128,74,96,247
516473,MZLGI02BRC,545956,22/02/2019,06:30,07:45,Straw,Slightly cloudy,1.017,4.9,Negative,Trace,Negative,Negative,Negative,Normal,Negative,11-13,1,>20,Nil,Nil,Parasites,11.1,4.4,53.6,60.3,25,20,14.2,39.1,9884,56,18,8,2,0,8.01,1.88,0.22,0.01,0.01,124,10.8,16,0.47,48.1,7.4,0.27,0.96,4.28,164,50,22.5,17.4,87,85,3.3,0.45,2.22,0.3,0.1,0.2,59,8,25,19,7.2,3.5,3.7,0.95,0.9,208.7,97.4629,108.29,125,2,104,9.2,105.08,193,337,530,36.42,7.8,177.16,0.7,270.9,143,189.44,9.8,3.9,163,9,2.35,128,129,91,317
399527,MZLGI05RJK,959387,20/02/2019,06:11,07:34,Deep Amber,Cloudy,1.01,5.5,Trace,Negative,Negative,Trace,Negative,Normal,Negative,9-11,2,3-3,Nil,Nil,Amorphous debris,10.4,4.6,30.3,85.5,22,34,11.8,41.3,8265,26,21,4,4,0.5,6.37,2.49,0.96,0.26,0.16,248,7.6,11,0.58,12.4,1.1,0.51,0.15,0.37,150,54,149.1,6.8,34,85,2.8,2.76,0.36,0.5,0.1,0.4,81,34,16,15,7.2,4.5,2.7,1.67,0.7,14.6,6.8182,9.74,141,3.3,109,4.9,119.36,60,254,314,19.11,12.3,306.31,0.7,27.7,44.6,62.11,9.6,3.6,68,19.9,1.76,82,195,71,104
700258,PBCHD07GAM,784906,21/02/2019,07:49,08:19,Light Yellow,Clear,1.018,6.1,Trace,Negative,Negative,Negative,Negative,Normal,Negative,13-15,1,>20,Nil,Nil,NIL,11.4,5.4,37.9,84.1,21,30,13.3,45.8,10619,59,46,6,2,0,0.92,2.46,1.05,0,0.04,102,7.5,15,0.72,15.4,1.9,0.01,0.05,0.13,218,58,92.9,27.9,139.5,175,3.8,1.6,0.62,0.7,0.3,0.4,94,9,12,33,8,3.7,4.3,0.86,0.7,12.5,5.8375,8.34,107,3.8,108,6.4,104.12,110,168,278,39.57,7.7,174.29,0.9,23.9,95.9,24.92,11.9,3.9,122,15.4,9.67,96,83,71,113
498559,GYAHD10KAU,556519,19/02/2019,07:27,08:14,Straw,Clear,1.012,5.3,Negative,Trace,Negative,Negative,Negative,Normal,Negative,66-68,1,2-3,Nil,Rare,Parasites,17.3,4.4,40.9,78.4,39,42,16.1,40.3,10600,78,36,6,5,0,4.19,2.41,0.73,0.04,0.04,283,8.4,6,0.34,33.9,6.7,0.01,0.02,4.3,212,51,77.5,35.2,176,116,4.2,1.52,0.66,1.3,0.6,0.7,109,38,26,9,7.8,4.1,3.7,1.11,1.2,15.2,7.0984,5.92,144,4.6,95,9,102.58,116,284,400,29,5.7,116.89,0.8,12,80.7,14.87,8.7,4.6,289,6.5,1.35,137,72,94,296
529529,MZLGI13RJK,148961,21/02/2019,07:42,08:39,Pale Yellow,Clear,1.012,4.8,Negative,Trace,Negative,Negative,Negative,Normal,Negative,5-6,2,1-4,Nil,Rare,Artifacts,15.8,6,49.3,66,26,32,13.7,40.4,5972,40,33,5,7,0,4.07,2.84,0.23,0.42,0.06,992,7.2,16,0.32,23.7,4.5,0.83,1.08,0.21,124,51,110.8,5.2,26,94,2.4,2.17,0.46,1.5,0.7,0.8,87,15,26,22,8.3,4.5,3.8,1.18,0.8,13.9,6.4913,8.11,129,4.8,100,3.6,110.87,138,231,369,37.4,8.6,200.12,0.7,12.7,47.9,26.51,12.2,5.3,240,11.5,2.81,106,66,82,85
382724,PBCHD09HPP,901725,20/02/2019,07:16,08:03,Pale Yellow,Clear,1.025,5.9,Negative,Negative,Negative,Negative,Negative,Normal,Negative,10-12,2,14-13,Nil,Nil,Yeast cells,14.3,4.2,58.9,87.9,34,24,14.5,31.2,52914,40,39,5,16,0,9.78,1.56,0.58,0.09,0.13,307,11.6,14,0.36,17.1,4.8,0.44,0.12,2.19,151,41,74.8,7.8,39,67,3.7,1.82,0.55,0.7,0.3,0.4,50,22,29,33,6.6,3.6,3,1.2,0.6,13,6.071,10.12,144,4.6,107,2.8,98.2,95,206,301,31.56,6.4,136.98,0.2,14.3,93.6,15.28,9.1,2.7,113,18.2,0.18,76,115,89,177
660271,PBCHD02MHS,414260,19/02/2019,09:26,10:26,Yellow,Clear,1.012,4.9,Trace,Trace,Negative,Negative,1+,Normal,Negative,3-5,1,3-2,Nil,Few,NIL,14.2,5,21,98,28,67,13.4,43.4,7139,31,49,5,8,0,1.38,2.91,0.71,0.21,0.1,45,7,23,0.32,42.4,0.1,0.4,0.31,0.27,207,34,118,33.2,166,90,6.1,3.47,0.29,0.9,0.2,0.7,118,31,40,30,6.9,3.2,3.7,0.86,0.6,10.6,4.9502,8.25,120,3,101,2.5,110.88,124,311,435,28.51,6.4,136.98,0.7,22.9,142.7,16.05,9.4,6.9,143,11.6,2.59,101,134,100,178
983430,PBCHD05PBM,237627,19/02/2019,06:44,08:10,Pale Yellow,Slightly cloudy,1.016,6.9,1+,Trace,Negative,Negative,Negative,Normal,Negative,11-13,50,3-2,Rare,Nil,NIL,9.2,8.3,52.9,99.6,11,17,13,43.1,7542,76,49,1,10,0,7.94,0.95,0.65,0.63,0.08,365,7.1,12,0.52,17.4,4.5,4.04,0.88,0.09,153,27,49.1,32.5,162.5,169,5.7,1.82,0.55,0.6,0,0.6,114,41,11,25,6.1,4.1,2,2.05,0.8,7.5,3.5025,4.38,111,1.6,112,4.2,91.29,120,349,469,25.59,5.9,122.63,0.3,16.8,27,62.22,9,2.1,170,3.5,5.67,107,103,62,113
998413,GYAHD14KAU,818499,20/02/2019,10:51,11:34,Straw,Clear,1.011,5.7,Negative,Trace,Negative,Negative,Negative,Normal,Negative,1-3,0,3-3,Nil,Nil,Fat droplets or lipiduria,14.8,3.1,43.7,55.5,47,33,12.6,45.8,7771,44,28,4,4,5.7,0.76,2.63,0.79,0.11,0,150,11.2,20,0.28,21.6,2.4,0.23,0.69,0.32,224,43,68.5,18.6,93,157,5.2,1.59,0.63,0.7,0.1,0.6,93,47,33,12,6.2,5,1.2,4.17,1,8.5,3.9695,3.97,142,5.1,84,5.5,72.39,90,162,252,35.71,5.7,116.89,7.2,11.1,121.4,9.14,9.2,3.2,65,12,2.23,71,99,207,109
464235,GYAHD15ODK,280625,22/02/2019,08:32,09:58,Yellow,Clear,1.017,5.7,Negative,Trace,Negative,Negative,Negative,Normal,Negative,41-46,0,5-19,Moderate,Rare,NIL,18.9,4.1,49.9,41.2,46,37,15.3,39.9,9608,44,32,6,6,0.5,3.67,2.64,0.55,0.31,0.06,158,7.1,10,0.32,14,5.4,0.02,0.18,0.05,222,57,95.8,9.7,48.5,113,3.9,1.68,0.59,0.9,0.4,0.5,110,37,37,42,7.9,3.7,4.2,0.88,1.1,13.2,6.1644,5.6,148,5.8,107,5.7,96.12,158,359,517,30.56,6.4,136.98,0.9,276.5,29.9,924.75,10.8,4.4,209,6.7,11.17,122,95,71,86
742055,GYAHD09JHJ,165438,23/02/2019,10:05,11:22,Light Yellow,Clear,1.013,6.9,Negative,1+,1+,Negative,Negative,Normal,Negative,32-36,4,3-2,Nil,Nil,Mucus threads,18.8,3.9,52.2,50.8,48,36,14.3,39.5,4615,52,27,2,6,0,3.84,2.87,0.08,0.29,0.06,176,10.7,15,0.32,23.7,3.5,0.08,0.71,0.12,227,35,95.6,37.6,188,139,6.5,2.73,0.37,0.4,0.1,0.3,73,48,28,63,7.7,4.8,2.9,1.66,0.7,16.1,7.5187,10.74,132,5.3,114,3.2,117.04,59,275,334,17.66,6.3,134.11,0.3,16.5,94.2,17.52,9.7,3.1,254,5.6,2.07,71,68,98,133
184088,KLTRS14NLZ,326388,23/02/2019,09:48,10:32,Light Yellow,Clear,1.02,6.9,Negative,Trace,Negative,Trace,Negative,Normal,Negative,8-10,1,3-2,Nil,Nil,NIL,21.5,4.9,34.6,66.1,43,62,12.4,41.2,7905,60,38,3,1,0,8.78,1.25,1.03,0.46,0.02,308,11.7,13,0.25,30.4,0.2,0.26,0.3,0.38,193,31,143.8,6.7,33.5,204,6.2,4.64,0.22,0.5,0,0.5,128,17,20,24,6.5,4.4,2.1,2.1,1.1,9.1,4.2497,3.86,141,3.6,95,2.3,91.7,170,299,469,36.25,5.8,119.76,0.6,13.3,67.3,19.76,10.3,4,291,18.2,2.43,92,93,85,110
547991,PBCHD03NLM,776065,19/02/2019,09:51,11:12,Yellow,Slightly cloudy,1.01,6.7,Negative,Trace,Negative,Negative,Negative,Normal,Negative,3-5,1,2-3,Nil,Rare,Fungal elements,12.7,5.7,48.2,72.2,22,26,12.6,42.8,3687,57,22,4,7,0,6.46,2.05,0.72,0.26,0.02,300,10.1,11,0.29,33,4.2,0.16,0.08,0.26,980,59,84.7,11.8,59,107,16.6,1.44,0.7,0.5,0.2,0.3,40,28,34,11,6.7,4.5,2.2,2.05,1.6,19.4,9.0598,5.66,139,5,109,5.5,107.17,81,224,305,26.56,6.1,128.37,0.8,13.2,79.8,16.54,12.7,1.6,72,10,3.99,82,200,97,78
338788,KLTRS12KLP,401495,19/02/2019,06:04,07:11,Pale Yellow,Clear,1.019,4.5,Trace,Trace,Negative,Negative,Negative,Normal,Negative,84-85,0,3-2,Nil,Nil,NIL,17.5,4.1,38.2,73.4,42,45,11.3,40.9,5974,70,35,8,8,0.4,1.04,1.46,0.92,0.15,0.09,258,11.4,14,0.22,17.4,4.3,0.19,0.5,0.13,205,58,91.2,19.5,97.5,86,3.5,1.57,0.64,0.3,0.1,0.2,62,6,20,47,7.5,4.5,3,1.5,1.2,26.2,12.2354,10.2,134,3.8,107,5,110.05,144,353,497,28.97,11.7,289.09,0.6,16.2,119.7,13.53,11.9,2.1,242,15.6,1.7,180,72,88,123
874609,PBCHD13KLC,183680,21/02/2019,09:56,10:48,Straw,Clear,1.018,7.1,Negative,Trace,Negative,Negative,Negative,Normal,Negative,9-10,0,1-4,Nil,Nil,NIL,12.1,5,46.5,43,24,26,12.8,40.9,4595,40,47,5,3,0,1.18,2.47,0.77,0.68,0.01,416,9.4,13,0.22,21.6,3.8,0.3,0.06,0.13,150,34,160.9,62.8,314,180,4.4,4.73,0.21,0.5,0.2,0.3,120,46,10,39,8.3,4.9,3.4,1.44,1.1,18.8,8.7796,7.98,138,5.9,100,5.5,100.6,82,210,292,28.08,6.1,128.37,0.3,12.6,76,16.58,11.2,4.7,120,8.2,3.92,90,147,106,176
791781,GYAHD15JHJ,762050,20/02/2019,09:20,09:57,Pale Yellow,Clear,1.019,5.9,Negative,Negative,Negative,Negative,2+,Normal,Negative,59-62,2,2-2,Rare,Nil,Fungal elements,17.3,5.4,48.3,87.9,32,35,9.7,43,5235,49,30,6,7,11.5,1.44,1.73,0.77,0.33,0.01,239,8.5,13,0.38,17.3,4.6,0.29,0.22,2.72,191,36,55.2,38.6,193,87,5.3,1.53,0.65,0.7,0.3,0.4,40,28,16,25,8.2,4.1,4.1,1,0.6,13.4,6.2578,10.43,113,2.8,97,5.5,44.21,129,235,364,35.44,8,182.9,0.7,14.3,148,9.66,9,3.2,175,12,3.14,93,93,103,423
250508,GYAHD14JHJ,836898,20/02/2019,10:42,12:06,Straw,Hazy,1.025,5.8,Negative,Negative,Negative,Negative,Negative,Normal,Negative,51-52,0,3-3,Nil,Nil,NIL,17.1,5.5,60.5,74.8,31,28,13.1,40.9,8502,48,20,3,10,0,6.01,1.16,0.38,0.48,0.42,185,12.2,16,0.33,17,0.9,0.06,0.59,0.15,190,74,110.8,20.4,102,210,2.6,1.5,0.67,0.6,0.2,0.4,127,56,18,48,6,4.3,1.7,2.53,1.2,15.4,7.1918,5.99,143,4,106,6,119.52,174,267,441,39.46,6.7,145.59,0.6,151.8,130,116.77,10.4,5.4,258,13.3,0.91,127,101,94,113
227563,GYAHD01JHJ,525834,23/02/2019,10:19,11:41,Yellow,Slightly cloudy,1.018,5.5,Negative,Trace,Negative,Negative,Negative,Normal,Negative,TNTC,2,>20,Rare,Nil,NIL,17.7,5.9,51.9,74.7,30,34,14,45.3,9384,33,35,4,8,0,1.44,1.41,0.7,0.18,0.11,440,9.4,14,0.11,16.8,5,0.33,0.02,0.35,207,46,97.9,11.2,56,120,4.5,2.13,0.47,12.2,7.7,4.5,312,8,38,21,8,4,4,1,0.9,9.6,4.4832,4.98,149,4.7,98,3.5,35.58,164,203,367,44.69,6.1,128.37,0.4,26.6,105.1,25.31,9.2,2.9,109,22.1,1.02,99,114,124,79
110418,MZLGI11BRC,827742,22/02/2019,07:27,08:12,Pale Yellow,Slightly cloudy,1.029,5,Negative,Trace,Negative,Negative,Negative,Normal,Negative,12-13,0,7-9,Nil,Nil,NIL,13.2,6,31,97.8,22,42,13.8,44.5,8281,56,32,4,5,0,6.55,1.69,0.04,0.47,0.01,670,13,20,0.18,16.7,1.1,0.22,0.39,0.15,215,55,83.4,99.3,496.5,107,3.9,1.52,0.66,0.3,0,0.3,70,45,13,20,6.8,4.4,2.4,1.83,1,17,7.939,7.94,136,6.9,104,5.6,93.31,163,160,323,50.46,6.3,134.11,0.7,186.4,212.5,87.72,10,4,117,5.3,3.31,98,110,122,97
445920,GYAHD14KAU,791129,22/02/2019,07:33,08:36,Pale Yellow,Clear,1.028,4.5,Trace,Negative,2+,Negative,Negative,Normal,Negative,13-15,2,1-2,Few,Rare,Fat droplets or lipiduria,17.6,5.3,34.3,54.6,33,51,12.6,45.3,7088,53,45,6,6,0,7.7,2.61,0.33,0.08,0.08,1028,7.5,13,0.3,23.6,5.8,0.18,0.08,0.32,162,45,140.7,10,50,71,3.6,3.13,0.32,0.7,0.3,0.4,97,13,71,6,6.2,4.7,1.5,3.13,0.8,13.9,6.4913,8.11,98,6.9,96,2.3,84.09,175,134,309,56.63,6.2,131.24,0.6,22.4,95.7,23.41,10,3.7,93,10.5,1.13,100,97,60,127
911957,PBCHD08PBP,375931,20/02/2019,08:07,08:45,Straw,Hazy,1.016,4.3,Negative,Negative,Negative,Negative,Negative,Normal,Negative,1-3,1,1-4,Nil,Nil,Parasites,15.7,7.2,42.3,73.9,21,37,13.7,44.1,9007,50,37,1,4,0,1.36,2.45,0.76,0.29,0.05,399,11.3,10,0.18,27.4,0.1,0.98,0.24,0.16,225,20,75,51.4,257,210,11.3,3.75,0.27,0.5,0,0.5,56,72,38,22,8,4.3,3.7,1.16,1,14.8,6.9116,6.91,142,4.2,108,3.5,115.35,200,140,340,58.82,5.9,122.63,0.2,15.8,106.8,14.79,10,4.5,185,12.1,6.04,103,87,89,152
960166,MZLGI13GJS,863756,19/02/2019,10:49,11:26,Dark Yellow,Slightly cloudy,1.015,6.8,Negative,Trace,Negative,Negative,Negative,1+,Negative,13-14,1,2-2,Nil,Nil,NIL,15,5.9,62.3,92.6,25,24,12.8,44.6,15597,38,26,3,0,0,2.75,2.42,0.37,0.39,0.04,247,7.2,17,0.22,28,2.7,3.04,0.3,0.33,170,50,127.6,16.2,81,115,3.4,2.55,0.39,0.7,0.2,0.5,44,15,10,48,5.5,4.2,1.3,3.23,0.9,6.8,3.1756,3.53,113,4.7,102,6.8,98.71,136,153,289,47.06,9,211.6,0.9,17.2,228,7.54,8.3,6.9,195,9.3,3.65,83,75,108,114
315609,PBCHD11SKM,893347,23/02/2019,07:39,08:12,Pale Yellow,Clear,1.019,6.2,Trace,Negative,Negative,Negative,Negative,Normal,Negative,10-11,2,2-3,Nil,Rare,Mucus threads,14.1,4.4,39.1,87.9,32,36,12,39.5,8240,57,32,6,8,0,12.33,3.48,0.62,0.12,0.06,215,10.5,11,0.23,32,0.7,0.63,0.14,0.55,171,65,79.5,27.2,136,89,2.6,1.22,0.82,1,0.3,0.7,47,80,17,17,5.3,3.5,1.8,1.94,0.6,9.6,4.4832,7.47,139,3.6,101,5.7,118.43,132,274,406,32.51,6.3,134.11,0.1,13.6,105.5,12.89,9.5,5.8,126,14.6,5.05,83,76,143,119
571227,GYAHD02KLM,785243,23/02/2019,10:09,10:41,Orange,Clear,1.013,6.7,Trace,Negative,Negative,Negative,1+,Normal,Negative,8-10,2,2-2,Rare,Moderate,NIL,15.5,5.2,36.2,90.4,29,42,13.3,42.4,8202,45,20,4,24,0,7.44,2.71,0.68,0.29,0.15,312,5.2,17,0.09,18,0.6,0.2,0.06,0.1,151,54,69.8,19.5,97.5,69,2.8,1.29,0.77,1,0.3,0.7,98,43,21,26,7,4.9,2.1,2.33,1.2,16.8,7.8456,6.54,140,4.4,95,2.3,91.28,76,342,418,18.18,5.8,119.76,0.1,14.2,232,6.12,10.5,2.3,207,13.2,3.58,83,87,77,137
729012,GYAHD03JHJ,177099,19/02/2019,06:17,07:25,Pale Yellow,Clear,1.014,4.2,Negative,Trace,Negative,Negative,Negative,Normal,Negative,2-4,2,1-4,Nil,Nil,Artifacts,14.8,4.9,45.3,63.2,30,32,12.5,42.3,6107,40,34,2,8,0,2.9,2.73,0.57,0.12,0.11,274,7.7,22,0.26,40.7,4.2,0.34,0.26,0.27,212,42,81.8,16,80,184,5,1.95,0.51,0.3,0.1,0.2,84,20,17,15,8.3,3.6,4.7,0.77,1.1,14.6,6.8182,6.2,144,5.2,108,3.7,51.6,140,243,383,36.55,12.1,300.57,0.2,17.8,68.6,25.95,10,2.4,197,12,4.44,108,86,88,188
723592,KLTRS05MLT,289419,23/02/2019,07:30,08:13,Orange,Clear,1.018,5.6,Negative,Trace,Negative,Negative,Negative,Normal,Negative,5-6,0,3-3,Few,Nil,Fungal elements,11.7,5.5,30.9,97.1,21,37,12.1,40.3,10372,64,48,3,4,0,9.38,4.88,0.87,0.03,0.03,255,9.7,16,0.29,37.3,1.2,0.17,0.04,0.07,201,35,136.9,33.2,166,91,5.7,3.91,0.26,0.3,0.1,0.2,55,101,6,40,6.5,3.9,2.6,1.5,0.3,16.1,7.5187,25.06,145,4.6,103,5.7,112.79,152,119,271,56.09,7.8,177.16,0,12.5,91.5,13.66,10.3,5.8,139,8.6,0.71,199,88,82,129
877117,KLTRS02TSS,874561,19/02/2019,08:25,09:44,Dark Yellow,Hazy,1.02,4.8,Trace,Negative,Negative,Negative,Negative,Normal,Negative,11-13,2,1-4,Nil,Few,NIL,17.7,5.2,47.2,89.3,34,37,13.7,39,8039,26,23,4,8,0,7.56,2.1,0.4,0.08,0.09,150,8.4,16,0.07,12.8,0.4,5.82,0.14,0.32,224,44,137.7,11.5,57.5,144,5.1,3.13,0.32,0.5,0.2,0.3,80,39,37,19,7.2,5,2.2,2.27,1.1,13.3,6.2111,5.65,140,4.6,106,5.1,111.72,250,353,603,41.46,5.8,119.76,0.7,17.2,110.6,15.55,9,6,234,3.3,1.61,70,88,70,93
910143,KLTRS11NLZ,885555,19/02/2019,08:29,09:54,Orange,Slightly cloudy,1.013,4.7,Negative,Trace,Negative,Negative,Negative,Normal,Negative,9-11,2,3-2,Rare,Nil,NIL,10.7,2.6,52.9,91.6,41,20,12.7,42.7,6691,54,29,4,8,0,4.52,1.36,0.68,0,0.07,236,9.3,10,0.37,23.2,1.4,4.2,0.1,0.29,182,64,83.2,16.2,81,66,2.8,1.3,0.77,0.7,0.3,0.4,126,19,10,6,6.5,4.4,2.1,2.1,0.6,6.4,2.9888,4.98,140,4.9,97,3.9,74.67,78,271,349,22.35,11.7,289.09,8,23.5,95.4,24.63,12,3.4,138,12.2,2.25,154,113,75,94
435814,PBCHD05PBM,907011,22/02/2019,07:22,08:03,Straw,Clear,1.014,4.7,Trace,Negative,Negative,1+,Negative,1+,Negative,61-62,2,3-3,Nil,Nil,NIL,16.6,4.2,48.3,70.4,39,34,14.1,34.5,9382,46,39,1,8,0,0.67,2.03,0.27,0.05,0.06,448,7.1,10,0.34,15.9,1,0.36,0.21,0.38,199,40,142.8,8.3,41.5,141,5,3.57,0.28,0.7,0.3,0.4,79,39,37,47,7.2,3.5,3.7,0.95,0.6,39.7,18.5399,30.9,136,5.9,104,7.8,106.35,67,150,217,30.88,7.5,168.55,0.4,26.1,66.5,39.25,9.4,2.2,178,9.4,1.83,128,90,95,90
891232,PBCHD02PBP,485675,22/02/2019,08:23,08:58,Light Yellow,Slightly cloudy,1.029,6.8,Negative,Trace,Negative,Negative,Negative,Normal,Negative,1-3,1,1-3,Moderate,Rare,NIL,17.5,5.5,45.4,85.5,31,38,13.4,45,5270,50,40,2,6,0,6.49,0.04,0.46,0.2,0.07,339,11.1,17,0.43,30.8,4.4,0.22,0.02,0.33,177,58,91.6,23.9,119.5,150,3.1,1.58,0.63,0.5,0.2,0.3,108,21,33,16,6.7,4.4,2.3,1.91,0.9,18.6,8.6862,9.65,145,4.3,101,2.8,94.04,141,280,421,33.49,8.1,185.77,0.9,12.8,143.5,8.92,13.3,4.8,132,8,8.21,108,83,71,239
608301,MZLGI02MHP,686343,21/02/2019,08:23,09:48,Light Yellow,Clear,1.013,4.5,Trace,Negative,1+,Negative,Negative,Normal,Negative,7-8,2,3-2,Rare,Nil,NIL,13.6,5.9,41.1,95.8,23,33,14.5,43,8843,55,46,4,7,0,0.91,6.24,0.7,0.02,0.04,283,8.8,16,0.46,30.8,4,1.67,0.32,0.31,236,52,69.5,35.7,178.5,156,4.5,1.34,0.75,5.3,2.6,2.7,119,27,37,30,7.3,4.2,3.1,1.35,1.2,30.8,14.3836,11.99,144,4.1,107,2.9,104.44,92,130,222,41.44,5.8,119.76,0.3,16.4,98.8,16.6,9.9,3.5,156,3.1,1.08,109,83,121,159
619387,PBCHD01NLM,563868,20/02/2019,07:57,09:26,Light Yellow,Clear,1.01,6.8,Negative,Trace,Negative,Negative,Trace,Normal,Negative,7-8,2,12-17,Nil,Few,NIL,10,6.9,32.4,88.9,14,30,13.5,42.4,25824,44,30,9,16,0.9,1.3,0.5,0.77,0.68,0.04,50,8.8,15,0.12,43.9,2.4,0.69,0.28,0.36,150,40,94.2,13.3,66.5,174,3.8,2.36,0.42,1.6,0.1,1.5,107,31,34,12,6.2,5,1.2,4.17,0.8,12.7,5.9309,7.41,131,3.9,105,5.2,104.32,109,346,455,23.96,10.8,263.26,0.8,10.4,94.2,11.04,9.5,2.6,129,3.6,2.12,109,67,101,90
817235,PBCHD14RJU,188023,22/02/2019,06:40,07:12,Yellow,Clear,1.014,4.6,Trace,Negative,Negative,Negative,Negative,Normal,Negative,6-8,1,3-3,Nil,Nil,NIL,5,4.2,34.6,90.5,11,14,11.8,41.7,10067,74,21,2,1,0,5.14,1.54,0.3,0.26,0.02,292,17.7,12,0.33,19.5,5.3,0.08,0.25,0.23,197,45,89.2,8.3,41.5,145,4.4,1.98,0.5,0.7,0.3,0.4,64,11,15,19,8,4.2,3.8,1.11,1.1,28.1,13.1227,11.93,144,4.4,105,2.4,100.43,88,360,448,19.64,6.6,142.72,0.5,18.3,137.2,13.34,12.1,3,142,8.5,2.04,151,71,80,96
333864,PBCHD04MHS,205129,20/02/2019,09:40,10:35,Straw,Hazy,1.011,6,Trace,Negative,Negative,Negative,Negative,Normal,Negative,9-11,0,11-18,Few,Few,Fat droplets or lipiduria,14,5.6,49.2,86.3,25,28,12.7,41,6795,40,32,2,5,0,2.58,1.87,0.64,0.43,0.01,141,11.1,6,0.2,18,2,0.18,0.62,0.05,105,52,88.8,37.4,187,132,2,1.71,0.59,12.1,7.6,4.5,79,32,23,28,6.8,3.8,3,1.27,1,17.8,8.3126,8.31,123,3.6,99,2.2,104.08,133,196,329,40.43,7.9,180.03,0.9,76.6,172.2,44.48,9.2,4,127,12.2,3.52,100,101,95,226
281329,MZLGI14BRC,270903,22/02/2019,06:35,07:40,Orange,Slightly cloudy,1.017,7,Negative,Trace,Negative,Negative,Negative,Normal,Negative,11-13,2,>20,Nil,Rare,NIL,8.7,4.8,18.6,72.1,18,46,13.5,40.1,4095,68,37,2,3,0,7.41,2.4,0.86,0.54,0.04,329,16.6,11,0.3,21.9,0.1,2.03,0.74,0.91,177,42,128.8,27.5,137.5,65,4.2,3.07,0.33,0.3,0,0.3,75,29,30,33,7.2,4.3,2.9,1.48,0.8,10.1,4.7167,5.9,121,4.2,113,4.5,105.24,151,279,430,35.12,8.3,191.51,0.9,10.8,104.2,10.36,10.3,3.9,78,6.9,8.15,100,75,90,80
759750,GYAHD06ODK,153312,22/02/2019,10:28,11:18,Dark Yellow,Clear,1.012,6.5,Trace,1+,Negative,Negative,Negative,Normal,Negative,8-9,2,11-14,Nil,Nil,NIL,4.4,6,37.4,54.8,7,11,13.4,42.2,9300,34,15,4,7,0.3,0.73,0.6,0.77,0.68,0.09,438,7.8,11,0.44,22.2,3.9,0.17,0.06,4.28,182,72,72.2,13,65,156,2.5,1,1,0.5,0.2,0.3,72,40,19,34,7.6,5.1,2.5,2.04,1.2,17.2,8.0324,6.69,135,4.4,95,3.7,95.44,87,332,419,20.76,8.5,197.25,0.6,26.5,261.4,10.14,10.1,4.3,131,7.7,0.04,74,78,108,65
157009,KLTRS02NLZ,425347,19/02/2019,09:52,11:14,Light Yellow,Clear,1.014,4.9,Trace,Negative,Negative,Negative,Negative,Normal,Negative,11-13,2,3-2,Nil,Nil,Mucus threads,16.2,5.6,13.3,95.9,28,121,14,39.2,8376,37,26,5,8,11.1,0.26,2.27,0.31,0.16,0.06,338,11.9,11,0.38,21.1,2.5,0.31,0.01,0.38,184,74,97.6,22.6,113,106,2.5,1.32,0.76,0.2,0,0.2,129,55,29,33,5.9,3.5,2.4,1.46,1,8.3,3.8761,3.88,147,4,102,5.9,90.42,67,142,209,32.06,6.2,131.24,7,13.3,145.2,9.16,8.8,4,93,17.3,6.66,99,118,62,81
385796,PBCHD02MHS,263941,22/02/2019,11:24,11:59,Straw,Clear,1.01,5.5,Trace,Trace,Negative,Negative,Negative,Normal,Negative,TNTC,2,1-2,Nil,Nil,NIL,16.3,5.8,35,47.1,28,46,12.5,43.7,6549,47,49,2,2,0,8.63,0.39,0.02,0.44,0.17,168,9.3,15,0.32,47.6,2.4,0.14,0.32,0.29,149,54,48.7,32,160,62,2.8,0.9,1.11,0.8,0.1,0.7,47,35,40,63,7.7,4.9,2.8,1.75,0.8,197,91.999,115,130,4.2,105,4.2,115.84,123,343,466,26.39,5.9,122.63,0.3,22.3,147.1,15.16,9,3.2,332,13.2,6.5,95,68,99,155
974953,PBCHD14RJU,867663,23/02/2019,08:53,10:11,Pale Yellow,Clear,1.015,4.7,Negative,1+,Negative,Negative,Negative,Normal,Negative,3-5,0,2-4,Few,Nil,NIL,10.8,4.3,46.4,79,25,23,12.8,43.8,10366,44,33,6,7,0,1.74,0.8,0.25,0.29,0.08,370,7,10,0.19,20.7,0.1,0.15,0.08,0.14,215,65,113.4,37.4,187,174,3.3,1.74,0.57,0.6,0.1,0.5,50,17,40,19,7.5,3.5,4,0.88,0.9,34.8,16.2516,18.06,139,2,103,3.2,101.5,109,136,245,44.49,6.2,131.24,0.4,23.4,126.6,18.48,10.8,4.6,181,9.6,1.96,83,78,92,183
657839,PBCHD09RJU,259214,19/02/2019,08:31,09:36,Yellow,Hazy,1.017,6.9,Trace,Trace,Negative,Negative,Negative,Normal,Negative,11-13,0,2-3,Rare,Nil,NIL,17.4,2.8,14.2,77.2,62,122,12.6,44.9,6766,24,30,10,8,2,4.59,1.32,0.62,0.42,0.07,292,10.1,14,0.37,32.3,2.1,0.2,0.16,0.18,162,29,80,40.3,201.5,189,5.6,2.76,0.36,0.5,0,0.5,107,9,10,46,6.4,4.5,1.9,2.37,1,7.2,3.3624,3.36,127,2.9,107,8.3,124.35,101,140,241,41.91,8.3,191.51,0.8,57.3,140,40.93,8.8,3.6,143,14.4,1.25,89,200,160,80
932730,MZLGI05RJK,455094,23/02/2019,09:36,10:41,Dark Yellow,Clear,1.018,6.5,3+,Negative,Negative,2+,Negative,Normal,Negative,8-10,13,2-3,Nil,Nil,Artifacts,13.1,4.3,41.9,44.3,30,31,12.6,47,3464,44,25,4,8,2.6,3.72,0.79,0.48,0.28,0.09,42,8,16,0.3,48.3,5.5,0.34,0.28,2.04,144,40,81.9,26.2,131,113,3.6,2.05,0.49,0.7,0,0.7,121,40,35,14,6.9,4.8,2.1,2.29,0.9,36.9,17.2323,19.15,136,2.6,104,2.1,107.75,72,357,429,16.78,7.1,157.07,0.5,14.4,55.2,26.09,8.7,2.7,97,10.9,0.49,108,67,198,78
652329,PBCHD10RJU,693832,20/02/2019,10:08,11:07,Straw,Slightly cloudy,1.013,7,Negative,Negative,Negative,Negative,Negative,Normal,Negative,10-11,1,14-14,Moderate,Nil,NIL,18.9,5.1,47.8,90.5,37,39,14.1,41.2,9960,75,33,6,8,0,1.55,1.63,0.35,0.14,0.39,179,8.6,10,0.35,25.2,4,6.87,0.28,0.93,170,47,125.7,35,175,132,3.6,2.67,0.37,0.7,0.2,0.5,75,49,27,6,5.3,3.6,1.7,2.12,0.7,16.9,7.8923,11.27,140,3.6,95,6.4,102.19,198,132,330,60,7,154.2,0.7,11,141.4,7.78,8.7,2.6,160,8,3.15,82,95,99,83
370328,MZLGI11BRC,800354,21/02/2019,11:17,12:40,Pale Yellow,Clear,1.016,5.9,Negative,Negative,Negative,Negative,Negative,Normal,Negative,7-9,0,7-18,Nil,Nil,NIL,12.6,4.6,46.8,65.2,27,26,13.2,40.1,8716,57,55,3,12,0,5.5,2.72,0.51,0.08,0.04,446,5.6,30,0.23,30.1,2.9,0.24,0.26,0.37,156,41,96.3,28.9,144.5,107,3.8,2.35,0.43,0.2,0,0.2,88,47,27,38,7.1,4.1,3,1.37,1,12,5.604,5.6,135,3,106,2,119.51,101,353,454,22.25,5.7,116.89,0.7,20.2,140.3,14.4,9.8,3.1,252,5,2.77,118,94,95,137
788335,MZLGI05BRC,700982,19/02/2019,10:58,12:16,Green,Hazy,1.018,6.9,Negative,Negative,Negative,Negative,Negative,Normal,Negative,3-4,1,1-4,Nil,Nil,NIL,12.9,4.7,60.2,94.6,27,21,12.4,43,8230,42,45,4,4,0,2.18,2.28,0.59,0.24,0.07,426,10.7,14,0.35,33.2,4.8,0.05,0.19,0.32,176,29,71.8,18,90,79,6.1,2.48,0.4,0.8,0.1,0.7,73,41,13,11,6.1,4.1,2,2.05,1,7.1,3.3157,3.32,145,2.8,108,5,77.39,42,149,191,21.99,6.3,134.11,0.5,15.7,20.3,77.34,7.6,4.5,157,11.8,2.24,122,96,112,85
823421,PBCHD09GAM,640147,20/02/2019,06:48,08:13,Dark Yellow,Hazy,1.03,7,Negative,Negative,Negative,Negative,Negative,Normal,Negative,75-77,1,3-3,Nil,Rare,Fat droplets or lipiduria,17.4,4,42.7,92.7,43,40,13.8,43,9509,54,38,3,6,0,5.06,2.3,0.88,0.49,0.04,377,8.7,20,0.25,43,0.1,0.34,0.13,0.23,210,40,48.5,102.2,511,92,5.3,1.21,0.82,0.6,0.2,0.4,45,48,29,41,6.4,4.4,2,2.2,1.6,10.8,5.0436,3.15,133,3.9,102,3.2,65.44,63,200,263,23.95,8.5,197.25,0.5,10.8,147.6,7.32,9.6,4.3,150,9.3,2.43,101,94,92,147
133216,GYAHD12JHJ,101353,20/02/2019,06:56,07:37,Pale Yellow,Opaque,1.027,7,Trace,Trace,Negative,Negative,Trace,Normal,Positive,7-9,1,2-2,Nil,Nil,Parasites,15.3,4.7,38.7,70.2,32,39,12.7,42.4,8405,56,42,1,3,11.8,19.71,1.21,0.73,0.44,0,229,7.2,19,0.34,30.7,3.1,0.35,0.39,0.16,191,57,86.1,12.4,62,116,3.4,1.51,0.66,1.4,0.3,1.1,176,8,33,39,8,5,3,1.67,1.1,15,7.005,6.37,132,2.2,105,6.2,95.12,94,358,452,20.8,8.7,202.99,0.8,11.3,61.6,18.34,10.7,6.6,139,7.5,2.26,114,63,63,163
539872,GYAHD04KLM,342067,21/02/2019,09:02,09:48,Pale Yellow,Slightly cloudy,1.019,6.6,2+,Trace,Negative,Negative,Negative,Normal,Positive,12-13,0,3-4,Nil,Few,Mucus threads,17.2,5.7,52.6,86.2,30,32,13.5,44.1,8388,69,42,6,5,0,9.69,1.47,0.48,0.45,0.03,428,8.6,11,0.29,42,1.2,0.23,0.82,4,219,25,79.1,25.4,127,151,8.8,3.16,0.32,0.5,0.2,0.3,40,30,20,33,8.3,3.5,4.8,0.73,0.7,35.2,16.4384,23.48,147,4.6,103,5.8,116.18,182,334,516,35.27,5.5,111.15,0.2,26.3,196.2,13.4,10.3,3.7,109,10.3,1.61,91,127,116,240
854366,KLTRS10ODB,221316,23/02/2019,08:00,09:09,Light Yellow,Slightly cloudy,1.01,4.9,Negative,Negative,Negative,Negative,Negative,Normal,Negative,1-3,66,1-4,Rare,Nil,Amorphous debris,18.8,5.5,42,84.9,34,44,11.7,34.2,5143,42,34,5,7,0.1,6.7,2.1,0.26,0.18,0.04,25,7.2,10,0.13,29.9,3.2,0.23,6.74,0.65,151,42,95.2,29.9,149.5,188,3.6,2.27,0.44,0.4,0.1,0.3,147,39,13,8,7.4,3.9,3.5,1.11,0.8,29.4,13.7298,17.16,131,2.1,106,4.7,109.75,96,305,401,23.94,7.3,162.81,0.4,16.3,134.4,12.13,10.2,6.6,258,9,1.41,87,181,73,150
914222,GYAHD01ODK,637527,23/02/2019,08:00,09:07,Yellow,Clear,1.022,5.3,Negative,Trace,Negative,Negative,Negative,Normal,Negative,4-6,2,2-2,Rare,Nil,Artifacts,21,4.2,57,79,50,36,12.4,44.7,9706,51,17,4,6,0,13.03,2.28,0.44,0.12,0.04,273,9.4,10,0.2,30.6,1.5,0.55,0.22,0.09,595,30,204.9,19.9,99.5,201,19.8,6.83,0.15,0.9,0.3,0.6,122,17,101,44,6.8,4,2.8,1.43,0.7,14.3,6.6781,9.54,141,3.9,100,5,98.56,91,94,185,49.19,6.2,131.24,0,21.6,131.3,16.45,9,3.9,74,12.3,8.79,87,98,121,77
591345,MZLGI02BRC,423182,23/02/2019,08:51,09:29,Straw,Clear,1.015,6.4,Negative,Negative,Negative,Negative,Negative,Normal,Negative,4-6,1,1-4,Nil,Rare,Amorphous debris,10.9,4.2,43.9,82.8,25,24,11.8,39.8,9632,72,32,1,8,0,6.73,1.22,0.42,0.1,0.1,207,11.5,20,0.38,19.2,0.1,0.34,0.44,0.25,131,30,94.5,36.8,184,91,4.4,3.15,0.32,0.8,0.3,0.5,84,11,25,64,8.1,5,3.1,1.61,0.6,18.6,8.6862,14.48,147,4.8,102,3.1,32.12,162,300,462,35.06,8.3,191.51,0.6,17.5,167.8,10.43,10.2,3.5,85,9.2,12.78,124,77,112,121
175037,MZLGI02BRC,239825,21/02/2019,07:22,08:10,Pale Yellow,Clear,1.018,6.2,Negative,1+,Negative,Negative,Negative,1+,Negative,10-12,2,1-4,Few,Nil,NIL,11.3,7.1,46.8,91.5,15,24,13,45,8644,40,22,5,4,0,0.91,2.6,0.18,0.11,0,112,9.7,17,0.38,44.1,1.2,0.73,0.27,6.34,127,59,38.5,98,490,96,2.2,0.65,1.53,0.6,0.2,0.4,74,53,78,26,8.1,4.7,3.4,1.38,0.6,12.4,5.7908,9.65,101,4.8,98,5.4,105.63,146,185,331,44.11,7.2,159.94,0.6,321.6,76.6,419.84,10,4.2,70,5.3,3.64,110,60,125,192
797420,GYAHD15ODK,586873,20/02/2019,11:50,13:08,Light Yellow,Clear,1.014,6.5,Negative,Negative,Negative,Negative,Negative,Normal,Negative,TNTC,0,>20,Nil,Nil,NIL,11.6,6.7,54.8,98.2,17,21,14.1,42.2,5486,42,20,1,13,0,3.11,7.6,0.89,0.48,0.06,182,15.9,17,0.26,27.3,4.5,0.36,0.19,0.1,178,56,104.3,32.1,160.5,80,3.2,1.86,0.54,0.3,0,0.3,91,41,19,15,7.5,4.1,3.4,1.21,0.9,8.4,3.9228,4.36,135,4,101,2.3,106.95,109,315,424,25.71,11.7,289.09,0.8,26.6,45.5,58.46,9.1,3.1,83,3.2,0.28,124,69,73,66
687980,PBCHD13MHS,234572,22/02/2019,10:41,11:21,Orange,Slightly cloudy,1.02,5.9,Negative,Negative,Negative,Negative,Negative,Normal,Positive,4-5,2,3-4,Rare,Nil,Fat droplets or lipiduria,8.5,4.5,35.6,81.3,18,23,13.3,45.3,4684,12,26,1,6,0,1.19,2.08,0.72,0.58,0.04,298,11.3,15,0.26,24.8,3.2,0.25,0.23,0.24,183,76,71.7,26.9,134.5,85,2.4,0.94,1.06,0.5,0.2,0.3,72,12,11,44,8.9,3,5.9,0.51,0.9,15.3,7.1451,7.94,135,5.5,106,4.6,79.36,158,354,512,30.86,6,125.5,0.6,17.9,171.7,10.43,10.5,4.5,126,10.1,1.53,75,96,203,89
530357,KLTRS10NLZ,408715,23/02/2019,11:35,12:19,Straw,Clear,1.024,6.8,Negative,Negative,Negative,Negative,1+,Normal,Negative,9-11,1,8-10,Nil,Nil,Fat droplets or lipiduria,11.3,4.4,36.2,98.9,25,31,12.9,42.3,6757,49,21,9,3,0,7.97,3.92,0.71,0.15,0.04,146,13.2,16,0.14,32.5,4.4,0.39,4.05,3.13,211,32,85.6,93.2,466,127,6.6,2.68,0.37,0.7,0.2,0.5,68,22,29,29,7.8,5,2.8,1.79,1.6,211.4,98.7238,61.7,143,4.1,105,5.7,82.29,170,307,477,35.64,8.4,194.38,0.4,27.7,119.1,23.26,10.3,1.9,185,4.3,1.63,100,84,120,290
110204,GYAHD13KAU,492345,22/02/2019,11:27,12:30,Yellow,Clear,1.02,6,Negative,Trace,Negative,Negative,2+,Normal,Negative,8-9,2,2-3,Nil,Rare,Mucus threads,11.6,5.4,49.3,76.9,21,23,14.1,42.4,4954,62,36,1,3,2.7,4.09,2.81,0.21,0.42,0.05,364,11.4,17,0.33,19.9,3.2,0.85,0.02,0.3,184,34,88,79.1,395.5,133,5.4,2.59,0.39,13.7,9.2,4.5,112,31,34,47,6.2,4.1,2.1,1.95,1.2,17.4,8.1258,6.77,140,4.5,96,2.8,74.31,172,169,341,50.44,6.3,134.11,0,18,85.3,21.1,9.4,2.3,97,11.2,0.03,75,91,93,161
567274,KLTRS02KLP,380415,19/02/2019,10:26,11:17,Straw,Slightly cloudy,1.012,5.6,Negative,Trace,Negative,Negative,Negative,Normal,Negative,3-4,2,2-3,Nil,Nil,Yeast cells,10.2,3.8,43.9,93.4,26,23,14.1,40.7,5809,39,19,5,8,0,5.82,0.22,0.57,0.28,0.05,240,10.4,17,0.22,22.5,4,0.04,0.37,0.13,161,39,69.9,28,140,72,4.1,1.79,0.56,0.5,0.2,0.3,57,4,11,9,7.3,4.4,2.9,1.52,1,17.4,8.1258,8.13,94,3.6,104,5.6,97.17,158,349,507,31.16,6.5,139.85,0.1,28.3,121.6,23.27,8.8,3.5,110,8.3,2.8,115,79,96,84
650259,PBCHD13RJU,905805,22/02/2019,11:21,11:58,Dark Yellow,Clear,1.012,6.8,Negative,Negative,Negative,Negative,Negative,Normal,Negative,81-82,1,3-2,Nil,Nil,NIL,21.2,5.4,61.3,74.6,39,34,13.1,43.5,8374,49,26,2,8,0,4.18,2.7,0.65,0.45,0.06,327,7.4,6,0.22,33.9,3.6,2.91,0.27,0.97,143,32,109.3,8.3,41.5,105,4.5,3.42,0.29,0.5,0.2,0.3,89,11,35,26,7.4,4.3,3.1,1.39,0.7,14.3,6.6781,9.54,143,5.5,100,2.4,95.92,126,188,314,40.13,7.8,177.16,0.4,16.6,99.1,16.75,9,2.1,91,3.5,9.49,76,157,61,137
235072,GYAHD07JHJ,959034,22/02/2019,09:02,09:54,Straw,Slightly cloudy,1.022,6.1,Negative,Trace,Negative,Negative,Negative,Normal,Negative,9-11,0,>20,Few,Nil,NIL,17.7,5.4,13,73.1,32,136,14,43.9,37281,25,15,3,3,0,1.32,3.09,0.52,0.27,0.13,21,10.6,11,0.28,28.2,4.4,0.02,0.76,0.29,175,50,99.5,33.6,168,121,3.5,1.99,0.5,0.5,0,0.5,122,18,28,31,7.9,3.6,4.3,0.84,2.1,14.1,6.5847,3.14,127,4.6,93,4.1,90.96,86,340,426,20.19,5.7,116.89,0.3,13.9,73.9,18.81,7.9,4.7,72,2.4,1.11,85,145,70,128
182165,MZLGI11RJK,193496,22/02/2019,08:31,09:56,Yellow,Hazy,1.014,6,Negative,Trace,Negative,Negative,Negative,Normal,Negative,1-2,2,1-3,Nil,Nil,Parasites,8.7,5.5,37.1,106.5,15,23,14.1,40.6,38037,53,29,4,2,0,7.75,2.62,0.91,0.03,0.05,332,12,17,0.3,31.9,2,0.14,0.19,0.4,163,53,109.8,13.2,66,158,3.1,2.07,0.48,0.9,0.3,0.6,93,35,15,37,8.1,3.3,4.8,0.69,0.8,31,14.477,18.1,138,4.9,95,4.7,106.4,71,354,425,16.71,5.2,102.54,0.5,26.2,30.4,86.18,8.9,5.6,161,3.9,3.32,123,96,92,223
559247,PBCHD02HPP,253765,23/02/2019,09:41,10:51,Pale Yellow,Clear,1.019,4.7,Trace,Trace,Negative,Negative,Negative,Normal,Negative,94-97,1,13-10,Nil,Nil,Yeast cells,11.8,4.7,50.9,99.2,25,23,14.3,42.7,5523,30,20,3,2,0,1.14,0.62,0.45,0.49,0.04,165,11,11,0.67,13.5,3.2,0.75,3.37,0.37,165,25,155.4,33.8,169,157,6.6,6.22,0.16,0.7,0.3,0.4,100,26,25,17,6,4.8,1.2,4,1,30,14.01,14.01,169,4,96,3.4,113.48,110,188,298,36.91,6.3,134.11,0.7,13.9,153.8,9.04,8.7,4.1,89,7.5,5.17,73,80,76,110
645382,GYAHD06ODK,220177,23/02/2019,08:24,09:16,Straw,Slightly cloudy,1.015,4.5,Negative,Trace,Negative,Negative,Negative,Normal,Negative,3-4,2,2-2,Nil,Few,Parasites,15.1,6.3,45.5,86.1,23,33,14.2,42.7,10158,16,21,3,8,8.4,6.13,1.9,0.82,0.2,0.03,405,6.7,11,0.28,34.7,0.1,0.14,0.05,1,163,47,74.8,18.2,91,207,3.5,1.59,0.63,0.7,0.2,0.5,86,34,14,27,7.2,4.3,2.9,1.48,0.7,14.2,6.6314,9.47,128,5.8,113,3.8,99.26,161,341,502,32.07,6.1,128.37,0.7,13.7,148.5,9.23,9.5,5.1,184,20.9,1.41,71,106,104,122
665469,MZLGI07GJS,582635,23/02/2019,08:03,08:37,Light Yellow,Milky,1.015,6.8,Trace,3+,Negative,Negative,Negative,Normal,Negative,TNTC,2,1-2,Few,Nil,NIL,14.1,4.8,20.8,82.3,29,67,13,43.8,8649,23,32,9,4,0,2.1,0.56,0.8,0,0.01,300,6.2,17,0.06,43.6,0.2,1.31,0.96,0.14,185,53,74.8,37,185,62,3.5,1.41,0.71,1.5,0.7,0.8,62,7,15,14,7.2,4.8,2.4,2,1.2,13.6,6.3512,5.29,140,3.2,104,2.8,107.31,155,220,375,41.33,7.7,174.29,0.5,10.6,100.2,10.58,9.6,3.7,143,21.5,3.67,140,82,105,343
825828,MZLGI15APK,101462,20/02/2019,10:00,11:12,Light Yellow,Slightly cloudy,1.014,5.6,Trace,Trace,Negative,Negative,Negative,Normal,Negative,12-14,2,1-3,Nil,Nil,NIL,14.2,4.3,35.2,79.9,33,40,12.1,41.9,5873,48,32,6,8,0,6.6,2.99,0.74,0.32,0.09,93,7.4,12,0.19,23.4,1.9,0.24,0.19,0.03,155,75,99,35.8,179,107,2.1,1.32,0.76,4.5,2.2,2.3,60,56,39,9,7.9,4.8,3.1,1.55,1.2,15.6,7.2852,6.07,145,3.9,100,5.3,97.18,197,189,386,51.04,6.1,128.37,1,16.3,142.6,11.43,8.9,5.4,198,7.1,3.5,80,87,125,94
185402,MZLGI03RJK,299867,21/02/2019,08:57,10:10,Pale Yellow,Hazy,1.017,6.3,Negative,Trace,Negative,Negative,Trace,Normal,Negative,2-3,2,3-3,Nil,Nil,NIL,14.6,5.6,39.6,94.6,26,36,13.7,41.6,49105,40,41,2,5,0,2.54,4.46,0.76,0.05,0.11,399,10.9,14,0.21,35.4,0.6,0.11,0.13,0.03,178,41,144.8,5,25,62,4.3,3.53,0.28,0.7,0.2,0.5,92,30,29,30,7.4,3.1,4.3,0.72,0.8,16,7.472,9.34,138,3.5,102,4.6,115.53,86,212,298,28.86,7.2,159.94,0.6,17.5,95.5,18.32,9,6.2,65,12.4,0.07,96,170,103,262
899963,KLTRS13TSS,244660,23/02/2019,11:23,12:01,Pale Yellow,Hazy,1.011,6.8,3+,1+,Negative,Negative,Negative,Normal,Negative,9-11,2,3-4,Nil,Nil,NIL,10,4.3,35.5,98.1,23,28,10.5,41.1,6288,55,21,15,2,1.5,3.29,1.28,0.38,0.1,0.05,374,7.9,20,0.38,12.6,0.4,0.04,0.25,0.1,119,72,87.9,16,80,104,1.7,1.22,0.82,0.6,0.1,0.5,72,34,37,47,8.2,3.5,4.7,0.74,0.8,12.5,5.8375,7.3,135,4.5,98,4,107.41,65,200,265,24.53,7.1,157.07,0.2,26.2,66.5,39.4,9.8,6.2,167,5.9,0.94,91,172,67,136
179860,GYAHD08KLM,510619,20/02/2019,10:18,11:04,Straw,Slightly cloudy,1.012,7.8,Negative,Negative,Negative,Negative,Negative,Normal,Negative,3-4,0,1-3,Nil,Nil,NIL,17.2,6.2,34.7,85.4,27,49,12.3,40.6,9685,43,27,2,8,0,19.52,1.69,0.61,0.34,0.09,693,10.6,11,0.21,29,6.5,0.18,0.38,0.39,169,35,84.6,49.9,249.5,126,4.8,2.42,0.41,1,0.1,0.9,55,27,37,42,5.2,4.8,0.4,12,1.2,11.7,5.4639,4.55,116,2.9,105,2.7,90.53,111,187,298,37.25,8.1,185.77,0.6,11.7,59,19.83,8.4,5.6,184,3.6,3.69,112,94,94,171
614990,PBCHD02HPP,364275,19/02/2019,09:48,11:06,Light Yellow,Slightly cloudy,1.016,6.9,Negative,Trace,Negative,Negative,Negative,Normal,Negative,99-100,2,3-2,Nil,Nil,NIL,19.7,4.3,40.4,96.2,45,48,12.4,46.3,10587,43,29,3,6,0.9,6.17,2.66,0.4,0.64,0.03,274,10,11,0.37,19,5.6,0.21,0.06,0.37,176,33,31.3,13.3,66.5,192,5.3,0.95,1.05,0.6,0,0.6,95,45,23,14,6.6,4.5,2.1,2.14,0.7,8.6,4.0162,5.74,148,3.7,95,3.7,115.27,82,150,232,35.34,6,125.5,0.8,18.2,71.1,25.6,10.2,4.4,135,12,3.56,81,180,108,218
340136,PBCHD09PBP,629710,21/02/2019,08:01,08:31,Straw,Slightly cloudy,1.013,6.7,Trace,3+,Negative,Negative,Negative,Normal,Negative,73-75,1,3-4,Rare,Nil,Fat droplets or lipiduria,4.3,6.1,35.9,88.3,7,11,11.6,39.5,10629,44,13,6,10,0,1.1,1.53,0.4,0.41,0.05,112,10.3,16,0.2,33.3,2.7,2.91,2.7,0.04,209,55,78.8,25.1,125.5,116,3.8,1.43,0.7,0.6,0.1,0.5,82,37,14,25,6.5,3.7,2.8,1.32,1,38.9,18.1663,18.17,144,4.7,99,4,115.85,134,341,475,28.21,8.2,188.64,29.5,15.3,272,5.63,11.3,4.4,255,14.1,0.18,75,78,77,123
608299,GYAHD02KLM,180000,21/02/2019,09:39,10:27,Yellow,Slightly cloudy,1.017,5.6,Negative,Trace,Negative,Negative,Negative,Normal,Negative,8-10,0,3-4,Nil,Nil,NIL,13.8,6.1,30.8,84.3,22,44,12.8,39.8,18699,40,17,12,2,0,3.26,2.21,0.8,0.38,0.07,210,8.9,13,0.48,23.7,1.8,0.7,0.15,0.15,119,41,85.8,7.9,39.5,220,2.9,2.09,0.48,0.8,0.3,0.5,113,21,28,12,7.6,3.5,4.1,0.85,1,7.9,3.6893,3.69,132,3.7,83,3.8,105.61,141,359,500,28.2,6.1,128.37,2.4,22.8,99.2,22.98,9.3,3.1,123,6.6,1.06,72,63,91,96
327258,PBCHD11RJU,542922,19/02/2019,08:36,09:08,Pale Yellow,Slightly cloudy,1.284,6.5,1+,Negative,Negative,Negative,Negative,Normal,Negative,13-15,5,3-4,Moderate,Nil,NIL,10.9,5.1,46,98.3,21,23,12.9,42.3,10583,73,43,10,5,0,17.04,1.21,0.78,0.07,0.05,332,10.1,13,0.2,12.6,4.5,0.37,0.13,1.58,175,49,82,27.5,137.5,105,3.6,1.67,0.6,0.5,0.1,0.4,82,16,39,31,8,4.4,3.6,1.22,1.1,9.1,4.2497,3.86,134,4.3,95,6.9,73.77,72,359,431,16.71,6,125.5,0.9,10.9,111.5,9.78,10.3,5.7,77,5.6,1.4,73,114,78,91
209488,GYAHD02KAU,513105,20/02/2019,10:50,11:48,Orange,Slightly cloudy,1.016,5.3,Trace,Trace,Negative,Negative,Negative,Normal,Negative,3-4,0,1-4,Nil,Nil,NIL,12.8,4.3,41.4,81.4,29,30,14.3,43.5,4434,42,31,1,3,0,7.78,2.92,0.89,0.12,0.02,519,8.7,13,0.13,25.6,1.5,0.11,0.34,0.03,127,60,203.2,8.7,43.5,64,2.1,3.39,0.3,2.6,0,2.6,92,35,25,31,7.2,4.6,2.6,1.77,1.2,25.2,11.7684,9.81,145,4.3,106,5.6,119.8,120,272,392,30.61,5.8,119.76,0.1,267,32,834.38,9.9,3.6,171,7.5,9.93,85,284,81,67
998843,MZLGI10RJK,183795,19/02/2019,08:02,08:43,Pale Yellow,Slightly cloudy,1.025,6.6,Trace,Negative,Negative,Negative,Negative,Normal,Negative,56-58,0,1-4,Nil,Nil,NIL,8.4,5.2,21.2,83.3,16,39,12.4,40.5,6907,52,29,6,2,0,21.14,5.99,0.67,0.22,0,242,10.9,15,0.31,25.9,5.3,0.01,0.03,1.61,230,47,92.9,109.3,546.5,82,4.9,1.98,0.51,0.5,0.2,0.3,77,38,31,34,7,4.4,2.6,1.69,0.8,17.6,8.2192,10.27,139,5.5,105,6.4,106.24,161,264,425,37.88,6.2,131.24,0.9,15.3,132.4,11.56,7.6,4.5,175,8.2,0.04,106,181,89,144
628208,GYAHD10KLM,692463,22/02/2019,09:06,09:41,Light Yellow,Clear,1.017,4.6,Trace,Trace,Negative,Negative,1+,Normal,Negative,43-44,2,>20,Nil,Nil,NIL,8.1,6.2,57.2,83.8,13,14,13.2,45.9,9337,42,36,3,8,0,1.31,0.08,0.32,0.56,0.02,184,14.1,12,0.33,23.4,4.2,0.01,0.25,0.1,148,42,93.1,33.4,167,182,3.5,2.22,0.45,0.6,0.2,0.4,73,18,32,19,7,4.7,2.3,2.04,0.6,31.1,14.5237,24.21,134,3.4,103,6.4,92.9,169,341,510,33.14,5.8,119.76,18.1,16,76,21.05,9.7,2.7,130,3.4,1.77,145,82,78,414
100004,MZLGI03BRC,904350,21/02/2019,06:24,07:30,Straw,Slightly cloudy,1.014,6.9,Trace,Negative,Negative,Negative,Negative,Normal,Negative,10-12,0,3-3,Rare,Nil,NIL,13.1,5.2,43.9,90.6,25,29,14.2,43.5,5749,37,28,1,6,0,5.99,0.57,0.14,0.55,0.08,370,10.5,14,0.42,25.2,0.8,0.36,0.3,0.13,768,46,128.2,13.2,66,170,16.7,2.79,0.36,0.7,0.3,0.4,87,18,23,38,6.6,4.2,2.4,1.75,1,16.2,7.5654,7.57,144,5.6,107,2.7,47.02,28,254,282,9.93,6.3,134.11,1,13.5,93.3,14.47,11.9,4.5,93,5.4,5.87,112,83,216,196
747043,KLTRS10ODB,579499,19/02/2019,06:37,07:23,Pale Yellow,Hazy,1.021,4.8,Trace,Negative,Negative,Negative,Trace,Normal,Negative,5-6,3,1-4,Nil,Rare,NIL,7,5.7,53.9,77.7,12,12,10.6,28,8249,35,44,8,6,0,7.23,4.91,0.72,0.37,0.04,1098,6.4,21,0.29,34.9,1.1,0.16,0.26,2.11,177,21,95.7,12.5,62.5,182,8.4,4.56,0.22,0.7,0.1,0.6,82,35,14,32,7.3,4.2,3.1,1.35,1.1,39.6,18.4932,16.81,122,5.3,107,2.6,91.4,111,190,301,36.88,6.4,136.98,0.4,15.6,148,10.54,8.6,3.5,242,8.8,1.36,74,91,121,251
722906,KLTRS14MLT,919079,23/02/2019,08:29,09:15,Pale Yellow,Clear,1.014,6.6,Trace,Trace,Negative,Negative,Negative,Normal,Negative,1-2,1,1-2,Nil,Nil,Artifacts,17.1,6.9,24.1,87.1,24,70,14.1,49.8,4092,44,35,6,7,0,4.18,2.41,0.5,0.51,0.06,320,10.9,11,0.24,25.3,0.1,0.57,0.3,6.15,200,44,96.6,14.7,73.5,117,4.5,2.2,0.46,0.9,0.2,0.7,210,41,10,23,7.4,4.7,2.7,1.74,1,15.8,7.3786,7.38,138,4.3,104,6.6,117.35,181,284,465,38.92,6,125.5,0.2,18.4,91.2,20.18,8.7,5.7,174,6.6,3.68,74,256,74,104
604900,KLTRS11MLT,428616,23/02/2019,07:34,08:43,Pale Yellow,Clear,1.024,6.6,Trace,Trace,Negative,Negative,Negative,Normal,Negative,TNTC,0,2-3,Nil,Rare,NIL,9.9,5.2,52.3,94.1,19,18,14.2,44.3,10148,59,29,2,5,0,1.41,2.14,0.55,0.32,0.01,264,8.9,16,0.23,29.9,0.7,0.02,0.08,0.36,104,27,98.2,10.8,54,146,3.9,3.64,0.27,0.6,0.1,0.5,41,38,33,28,6.5,4.8,1.7,2.82,1.5,8.6,4.0162,2.68,140,4.9,95,4.2,98.13,166,180,346,47.98,8.3,191.51,0.7,17.6,65.3,26.95,8.8,3.4,284,13.5,3.75,116,84,74,186
390795,MZLGI01APK,624476,21/02/2019,07:47,08:28,Light Yellow,Slightly cloudy,1.027,5.7,Negative,Negative,Negative,Negative,Negative,Normal,Negative,59-60,5,3-2,Rare,Nil,Fat droplets or lipiduria,11.2,4.4,48.2,48.7,25,23,12.9,39.2,9223,27,34,3,10,0,5.75,1.92,0.74,0.29,0.05,242,10,15,0.23,21.7,1.6,0.09,0.33,1.47,160,34,92.2,10.8,54,153,4.7,2.71,0.37,0.4,0.1,0.3,101,19,66,28,6.7,3.8,2.9,1.31,0.9,12.4,5.7908,6.43,143,4.2,96,5.3,107.36,44,356,400,11,7.7,174.29,0.9,751.8,142.6,527.21,10.1,5.1,183,10.5,9.41,94,96,88,196
728515,GYAHD10JHJ,627585,22/02/2019,11:02,12:08,Green,Slightly cloudy,1.011,5,Trace,Negative,Negative,Trace,Negative,Normal,Negative,2-3,1,2-4,Nil,Nil,NIL,14.6,6.6,34.6,88.5,22,42,13.4,45.1,43037,45,44,6,2,0,4.26,1.12,0.4,0.26,0.06,193,11.9,16,0.22,17.7,2.6,0.21,0.05,0.75,137,55,151.7,17.6,88,92,2.5,2.76,0.36,0.5,0.2,0.3,97,42,33,45,8.2,4,4.2,0.95,0.6,10.5,4.9035,8.17,140,3.1,91,5.2,92.57,137,280,417,32.85,6.3,134.11,0.7,15.3,69.4,22.05,10.2,2.1,196,5.1,0.49,76,112,71,119
797727,PBCHD07MHS,118207,22/02/2019,11:54,12:50,Pale Yellow,Milky,1.011,6.1,1+,2+,Negative,1+,Negative,Normal,Negative,13-15,2,8-11,Rare,Nil,NIL,9,5,44.2,44,18,20,14.2,41.4,8078,67,15,6,2,0,9.13,0.36,0.75,0.67,0.09,230,11.4,11,0.23,30.2,5,0.3,3.89,0.21,187,44,96.9,29.7,148.5,112,4.3,2.2,0.45,0.7,0.1,0.6,127,51,23,48,6.7,5,1.7,2.94,1.2,18.9,8.8263,7.36,129,4.8,99,6.2,110.22,168,187,355,47.32,6.6,142.72,0.9,21.7,102.5,21.17,7.8,2.5,194,7.9,6.45,116,71,115,80
845825,PBCHD01SKM,898298,21/02/2019,11:05,11:57,Light Yellow,Hazy,1.011,4.9,1+,Negative,Negative,Trace,Negative,Normal,Negative,9-10,0,2-4,Nil,Nil,Mucus threads,17.1,4.4,34.8,84.3,38,49,11.5,46.4,10918,59,20,6,3,2.1,1.26,2.23,0.18,0.44,0.09,312,13.7,14,0.38,42,1.4,0.19,0.1,0.27,186,48,127,24.3,121.5,100,3.9,2.65,0.38,3.7,1.8,1.9,81,40,14,26,6.2,4.8,1.4,3.43,1,12.8,5.9776,5.98,133,4.4,105,5.3,49.49,63,142,205,30.73,7,154.2,0.6,17.9,88.9,20.13,6.7,4.6,66,5.7,2.61,89,87,89,147
318540,GYAHD09KLM,536785,21/02/2019,10:46,11:46,Deep Amber,Hazy,1.013,6.8,Negative,Negative,Negative,Negative,Negative,Normal,Negative,8-10,1,3-3,Nil,Nil,NIL,15.6,4.1,34.3,95.8,38,45,13.8,42.1,10006,51,38,5,7,0,14.7,2.44,0.46,0.65,0.07,315,7,17,0.29,20.9,5.2,0.14,0.06,0.75,233,46,74.7,25.8,129,92,5.1,1.62,0.62,0.8,0.3,0.5,77,39,24,22,7.1,3.8,3.3,1.15,1.1,9.1,4.2497,3.86,125,4.2,97,6.6,99.82,85,353,438,19.41,6,125.5,0.4,16.8,117.5,14.3,8.9,3.5,261,8.6,3.27,101,99,95,156
429131,GYAHD01JHJ,567837,19/02/2019,06:54,07:27,Straw,Clear,1.014,6.8,Negative,1+,Negative,Negative,Trace,Normal,Negative,62-64,1,3-4,Nil,Nil,Amorphous debris,9.3,5.3,30.7,66,17,30,13.4,40.6,10351,53,48,4,3,0,7.54,5.4,1.09,0.05,0.08,115,7.4,12,0.17,16.7,7,0.24,0.25,2.86,166,54,94.2,38.4,192,72,3.1,1.74,0.57,0.7,0.2,0.5,126,45,21,24,6,4,2,2,1.2,6.3,2.9421,2.45,126,5.6,96,5.4,108.94,175,305,480,36.46,5.7,116.89,0.3,21.7,69.5,31.22,8.2,3.5,88,5.8,2.98,81,92,83,122
373580,GYAHD15KAU,110625,19/02/2019,07:04,08:11,Pink,Slightly cloudy,1.027,4.7,Trace,Trace,Negative,Negative,Trace,Normal,Negative,10-11,1,8-12,Nil,Nil,Artifacts,16,5.4,31.5,53.2,29,50,13.4,41.7,9620,37,27,1,4,0,6.79,1.15,1.16,0.58,0.05,73,9.3,11,0.27,13.2,2.2,0.25,0.25,0.34,105,59,90.9,26.6,133,149,1.8,1.54,0.65,0.5,0.2,0.3,118,96,29,42,6.5,4.9,1.6,3.06,1.1,10.9,5.0903,4.63,145,4.4,119,5.7,97.92,101,139,240,42.08,6.3,134.11,0.6,15,60.9,24.63,8.7,4.2,170,7.8,1.76,97,124,122,160
598933,KLTRS07NLZ,165876,23/02/2019,06:16,07:05,Red,Clear,1.019,6.2,Trace,Trace,Negative,Negative,Negative,Normal,Negative,11-12,0,1-3,Nil,Nil,NIL,17.6,3.9,57.4,61.4,45,30,12.3,41.5,6285,60,52,2,6,0,1.45,4.53,0.99,0.17,0,220,10.3,11,0.19,13.1,6.3,6.09,0.27,0.37,196,41,103.9,29,145,121,4.8,2.53,0.39,0.7,0.3,0.4,46,27,14,23,7.8,3.5,4.3,0.81,1.2,16,7.472,6.23,136,3.3,98,2.4,102,152,210,362,41.99,6.1,128.37,0.8,11.5,134.9,8.52,9.4,3.6,168,9.9,4.24,81,105,182,107
273613,GYAHD01KAU,316237,23/02/2019,06:13,06:44,Straw,Clear,1.015,6.4,Negative,3+,Negative,Negative,Negative,Normal,Negative,5-6,0,1-2,Few,Nil,NIL,16,4.8,54,93.2,33,29,12.1,34.9,6625,41,22,0,3,0,2.63,6.6,0.35,0.13,0.04,1192,7.8,15,0.2,13.4,0.3,0.44,0.17,0.25,161,50,84.2,7.9,39.5,134,3.2,1.68,0.59,0.6,0.1,0.5,47,14,14,12,8.2,4.1,4.1,1,1,15,7.005,7.01,148,4.9,106,4.6,95.2,148,123,271,54.61,8.5,197.25,0.1,28.7,127.3,22.55,8.8,5.9,266,6.8,0.96,77,82,102,116
476714,PBCHD06MHS,401627,20/02/2019,09:09,09:55,Deep Amber,Clear,1.012,6.6,2+,1+,Negative,Negative,Negative,Normal,Negative,1-2,3,3-2,Nil,Nil,Mucus threads,13.9,5,55.5,93.2,27,25,14.1,41.2,5747,32,36,4,2,1.4,13.34,2.19,1.44,0.42,0.07,762,14.2,16,0.48,19.3,2.3,0.3,0.12,0.04,162,53,83.8,22.9,114.5,172,3.1,1.58,0.63,0.4,0.1,0.3,123,55,22,19,7.1,3.8,3.3,1.15,1.2,14.9,6.9583,5.8,147,3.8,103,2.6,53.38,109,173,282,38.65,5.8,119.76,0.6,26.9,238.8,11.26,9.3,5.9,163,9,1.02,82,91,125,161
506502,PBCHD07PBP,442674,23/02/2019,08:49,09:27,Yellow,Slightly cloudy,1.015,6.4,Trace,Negative,2+,Trace,Negative,Normal,Negative,11-12,2,2-3,Nil,Nil,Amorphous debris,10,5.6,36.9,66.5,17,27,16.8,41.7,9206,59,42,1,12,0,9.93,1.23,0.48,0.24,0.07,281,8.2,29,0.27,13.8,4.4,0.72,0.11,0.33,157,44,82.2,12.9,64.5,154,3.6,1.87,0.54,0.8,0.2,0.6,80,47,22,11,8.2,4.5,3.7,1.22,0.6,18.6,8.6862,14.48,140,2.9,103,5.6,118.63,142,314,456,31.14,7.8,177.16,0.8,12.1,128.9,9.39,11.6,2.8,136,14.3,0.22,100,65,68,87
679852,GYAHD15KLM,661315,20/02/2019,08:10,09:00,Orange,Slightly cloudy,1.027,6.9,Trace,1+,Negative,Negative,Negative,Normal,Negative,3-4,2,3-4,Rare,Nil,NIL,11.2,6.2,51.5,91.8,18,21,13.9,41.7,10080,40,38,2,2,2.9,1.68,0.06,0.26,0.12,0.22,205,10.5,15,0.43,12.3,1.5,0.93,0.31,0.28,152,69,127.7,26.4,132,92,2.2,1.85,0.54,0.3,0.1,0.2,126,29,12,36,6.1,3.5,2.6,1.35,1.2,16.7,7.7989,6.5,139,3.7,105,3.5,81.64,166,276,442,37.56,8.7,202.99,0.8,27.9,72.7,38.38,7.7,4.4,108,6.6,1.68,119,139,82,153
982692,PBCHD15NLM,137227,22/02/2019,08:45,09:43,Green,Clear,1.019,6.9,Trace,Negative,Negative,Negative,2+,Normal,Negative,7-9,3,2-3,Rare,Nil,NIL,14.6,7,28,96.6,20,52,11.9,45.4,7021,34,15,6,4,0,7.55,3.66,0.2,0.32,0.44,119,14.7,13,0.59,12.5,0.1,0.25,0.15,0.75,173,44,79,24.1,120.5,136,3.9,1.8,0.56,0.7,0.2,0.5,127,16,40,31,7.9,4.8,3.1,1.55,1.1,10.7,4.9969,4.54,135,4.7,103,4.1,94.47,168,136,304,55.26,8.1,185.77,0.3,259.9,137.1,189.57,11.9,4.5,105,8.6,3.18,122,74,84,68
981935,KLTRS14MLT,936504,20/02/2019,06:57,07:55,Dark Yellow,Clear,1.025,6.6,Trace,Negative,Negative,Trace,Negative,Normal,Negative,TNTC,0,3-2,Nil,Nil,Fat droplets or lipiduria,6.4,4.2,53.9,67.7,15,11,14.1,44.4,2616,58,26,6,4,0,1.18,2.03,0.43,0.34,0.08,310,8.7,13,0.1,26.5,4,0.19,0.27,0.11,156,73,135.5,38.6,193,151,2.1,1.86,0.54,0.5,0.1,0.4,81,97,14,33,8.2,3.5,4.7,0.74,1,25.4,11.8618,11.86,135,4.2,105,3.8,108.21,106,149,255,41.57,5.8,119.76,0.1,28.9,124.6,23.19,9.2,4.2,223,7.2,0.91,180,103,75,85
657378,GYAHD06JHJ,451332,19/02/2019,07:30,08:46,Pale Yellow,Slightly cloudy,1.021,5.8,Trace,Trace,Negative,Negative,Negative,Normal,Negative,1-3,1,2-3,Nil,Nil,Fungal elements,15.9,4.1,42.3,81.7,38,37,12.5,44.3,10647,80,44,3,4,0,12.54,4.4,0.99,0.17,0.24,349,9.2,11,0.16,22.5,0.1,0.53,0.27,0.07,170,52,92,64.6,323,65,3.3,1.77,0.57,0.5,0.2,0.3,107,16,28,16,6.9,4.2,2.7,1.56,1.2,17.3,8.0791,6.73,140,3.6,96,3.7,93.94,44,100,144,30.56,5.3,105.41,0,15,257.8,5.82,8.6,4.7,238,14.2,0.6,103,93,76,111
911527,MZLGI12RJK,891043,20/02/2019,06:54,08:06,Straw,Clear,1.012,4.6,Trace,Negative,Negative,Negative,Trace,Normal,Negative,5-6,0,1-4,Moderate,Nil,NIL,8.7,5.9,37.4,98.7,14,23,13.2,40.5,7548,42,32,4,11,0.4,7.3,2.87,0.51,0.25,0,34,9.7,13,0.21,24.8,0.9,0.31,3.38,0.14,187,37,83.5,99.9,499.5,127,5.1,2.26,0.44,1.5,0.7,0.8,97,8,15,26,7.1,5,2.1,2.38,0.9,7.4,3.4558,3.84,147,3.9,97,4.8,93.42,119,140,259,45.95,12.7,317.79,0.5,15.8,57.7,27.38,9.8,1,195,16.5,1.86,114,73,71,82
849322,GYAHD12JHJ,709834,19/02/2019,11:58,12:49,Light Yellow,Clear,1.03,6.4,Negative,Trace,Negative,Negative,Negative,Normal,Negative,TNTC,2,1-2,Moderate,Rare,NIL,6,4.7,30.9,80.4,12,19,12.8,42.6,10448,70,48,4,12,0,22.06,1.24,0.68,0.04,0.01,404,10,16,0.45,33.3,4,0.5,4.58,0.05,160,38,77.5,28.2,141,187,4.2,2.04,0.49,0.3,0.1,0.2,44,54,17,10,6.1,3.6,2.5,1.44,1,12.2,5.6974,5.7,120,4.9,91,4.5,102.87,105,357,462,22.73,5.8,119.76,0.3,17.5,93.3,18.76,9.3,5.5,142,8.8,2.08,155,94,99,63
669275,GYAHD02KAU,611878,22/02/2019,06:03,06:34,Light Yellow,Clear,1,6.2,Trace,Negative,Negative,Negative,Negative,Normal,Negative,TNTC,1,2-2,Nil,Nil,NIL,11.5,5.7,50.6,51,20,22,12.2,40.2,7215,77,32,5,6,0,4.79,4.53,0.23,0.52,0.08,1132,10.5,16,0.35,24.2,3.8,4.83,0.3,1.25,161,50,113,62.4,312,97,3.2,2.26,0.44,0.6,0,0.6,127,37,40,31,7.9,4,3.9,1.03,1.2,15.9,7.4253,6.19,136,3.2,96,8.5,97.99,194,292,486,39.92,12.2,303.44,0.3,12.7,150.9,8.42,9,2.6,191,5.4,3.63,138,97,83,173
596162,GYAHD11KLM,112129,23/02/2019,11:34,12:59,Dark Yellow,Clear,1.022,6.9,Trace,Trace,Negative,Negative,Negative,Normal,Negative,7-8,0,7-19,Nil,Rare,NIL,12.5,4.9,41.3,110.4,25,30,12.9,42.1,4913,55,36,10,11,0,5.96,1.83,0.3,0.05,0.03,436,9.4,16,0.25,34.4,2.8,0.26,0.14,0.25,168,47,74,13.9,69.5,93,3.6,1.57,0.64,0.8,0.2,0.6,112,3,35,16,6.5,3.7,2.8,1.32,1,12,5.604,5.6,141,5.4,108,8.2,96.94,158,159,317,49.84,6.1,128.37,0.3,13.7,75.1,18.24,11.7,3.8,219,8.1,2.92,75,155,78,85
257261,GYAHD13ODK,152504,22/02/2019,06:58,07:51,Straw,Hazy,1.027,4.6,Negative,Trace,Negative,Negative,Negative,Normal,Negative,13-14,2,1-4,Rare,Nil,NIL,14.5,4.8,63.7,73.3,30,22,12.8,42.2,10732,66,12,3,2,11.4,0.53,6.63,0.47,0.46,0.03,136,8.1,16,0.28,31.7,1.3,0.27,0.24,0.73,210,56,100.6,32.1,160.5,168,3.8,1.8,0.56,0.9,0.2,0.7,113,27,21,13,7.5,3.8,3.7,1.03,1.2,17.6,8.2192,6.85,142,4.2,97,8.6,115.3,105,98,203,51.72,6.9,151.33,0.3,26.2,24.3,107.82,9.6,3.1,173,9.9,2.88,103,66,91,130
740530,MZLGI03BRC,602192,21/02/2019,11:28,12:48,Dark Yellow,Hazy,1.016,6.9,Negative,Trace,Negative,Negative,Negative,Normal,Negative,6-7,2,3-2,Nil,Nil,Fat droplets or lipiduria,8.3,4.7,53,118.3,17,15,11.9,45.7,8842,51,37,3,17,0,5.7,2.1,0.87,0.33,0.09,418,9.6,15,0.33,25.7,0.6,0.2,0.83,0.18,210,46,91.8,21.7,108.5,81,4.6,2,0.5,0.6,0.1,0.5,64,17,13,22,6.4,4.6,1.8,2.56,0.8,9.4,4.3898,5.49,128,4.6,115,2.9,116.98,190,229,419,45.35,6.4,136.98,0.9,17.9,66,27.12,7.6,3,175,3.4,0.44,121,98,114,130
918886,MZLGI14BRC,368733,19/02/2019,09:43,10:50,Yellow,Clear,1.015,6.1,1+,3+,Negative,Negative,Negative,Normal,Negative,1-2,2,3-4,Nil,Rare,NIL,12.8,5.6,44.9,86.8,22,28,14.1,42.6,4693,59,20,6,23,0,7.2,2.1,0.61,0.19,0.11,297,13.1,14,0.29,15.1,0.8,0.19,0.98,0.18,231,40,140.4,49.5,247.5,130,5.8,3.51,0.28,0.4,0,0.4,124,45,37,27,7.8,4.8,3,1.6,1.9,15.4,7.1918,3.79,137,2.7,108,3.7,95.68,140,168,308,45.45,6.1,128.37,0.9,17.4,126.7,13.73,11,2,220,10.5,0.009,102,76,85,90
639014,PBCHD14PBP,658757,23/02/2019,10:57,12:18,Light Yellow,Clear,1.023,5.3,Negative,2+,Negative,Negative,Negative,Normal,Negative,1-3,3,2-3,Nil,Nil,Fat droplets or lipiduria,15.7,5.1,31.7,75.1,30,49,15,42.3,5112,31,44,5,3,0,14.98,2.24,0.34,0.26,0.02,194,7.3,13,0.28,25.3,0.4,0.17,0.39,0.2,199,37,90.7,65.1,325.5,76,5.4,2.45,0.41,0.7,0.3,0.4,43,8,12,40,5.9,3.9,2,1.95,1,24,11.208,11.21,138,4.5,95,4.4,95.99,82,344,426,19.25,11.2,274.74,1,27.2,236.4,11.51,9.6,2.3,305,7.9,1.56,181,197,78,141
808825,GYAHD04JHJ,331868,20/02/2019,06:08,06:41,Yellow,Clear,1.014,6.7,Trace,Negative,Negative,Negative,Negative,Normal,Negative,8-10,1,2-3,Nil,Nil,Mucus threads,13.4,5.6,57.7,93.2,23,23,12,45.5,32364,57,40,4,3,2.8,4.05,2.66,0.57,0.04,0.18,241,7.3,16,0.06,13.6,2.5,0.14,0.73,5.23,206,50,174.8,33.1,165.5,152,4.1,3.5,0.29,0.2,0,0.2,120,49,20,15,8.2,3.7,4.5,0.82,1.2,9.5,4.4365,3.7,145,3.8,95,6.7,111.5,183,101,284,64.44,6.4,136.98,0.3,24.7,213.5,11.57,11.8,5.8,124,3.1,0.04,80,93,93,107
954209,GYAHD15KAU,438242,21/02/2019,08:42,09:57,Deep Amber,Clear,1.021,5.3,Negative,1+,Negative,Negative,Negative,Normal,Negative,11-12,3,1-2,Rare,Rare,NIL,2.4,4.2,50.3,57,5,4,13.7,41.6,10548,69,28,15,4,0,9.28,2.01,0.57,0.48,0.04,117,9.3,11,0.37,34.1,3.4,0.26,0.17,0.07,178,50,79.6,27.3,136.5,92,3.6,1.59,0.63,0.7,0.1,0.6,111,55,18,16,8.2,4.6,3.6,1.28,0.6,12.8,5.9776,9.96,125,3.8,92,4.4,112.42,145,358,503,28.83,7.1,157.07,0.7,18.1,66,27.42,11.2,2.5,228,5.9,3.09,117,87,87,114
669191,KLTRS04KLP,251083,20/02/2019,07:17,08:10,Light Yellow,Clear,1.019,5.4,Trace,1+,Negative,Negative,Negative,Normal,Negative,12-13,2,2-3,Nil,Rare,Amorphous debris,8.5,3.7,26.9,92.2,22,31,14.5,36.2,8704,50,34,3,3,0,13.63,7.27,0.72,0.01,0.18,219,12.4,17,0.25,32.5,0.1,0.23,0.19,5.96,169,40,78.4,31.9,159.5,162,4.2,1.96,0.51,0.7,0.3,0.4,118,51,22,46,8.1,4.7,3.4,1.38,1.2,18.7,8.7329,7.28,145,4.7,102,5.3,96.37,159,117,276,57.61,8.5,197.25,0.3,27.1,148.9,18.2,9.4,2.2,285,14.8,2.2,113,61,91,182
699907,PBCHD11PBM,596596,19/02/2019,10:08,11:01,Straw,Slightly cloudy,1.011,6.6,Negative,Negative,Negative,Negative,Negative,Normal,Negative,13-15,0,1-3,Rare,Nil,NIL,16.8,5.3,53.1,73.3,31,31,15.2,39.6,6035,65,20,17,2,0,7.9,1.62,0.46,0.27,0.06,448,9.7,16,0.25,19.8,0.7,0.2,0.87,0.12,226,42,70.1,15,75,100,5.4,1.67,0.6,0.4,0.1,0.3,82,21,33,42,8.1,3.9,4.2,0.93,0.7,223.9,104.5613,149.37,145,4.9,103,6.9,109.33,154,348,502,30.68,6,125.5,0.7,12.2,37.4,32.62,10.9,5.8,269,9.8,6.25,234,72,107,128
139191,KLTRS12WBD,370340,20/02/2019,06:41,07:49,Pale Yellow,Clear,1.018,6.9,Negative,1+,Negative,Negative,Negative,Normal,Negative,13-15,1,3-3,Nil,Nil,Artifacts,11.2,4.8,49.9,94.6,23,22,12.4,40.8,6252,58,45,6,11,2.6,8.16,0.51,0.34,0.06,0.42,745,10.2,14,0.39,34.4,0.7,0.27,0.39,0.74,199,56,85.8,31.1,155.5,98,3.6,1.53,0.65,11.7,7.2,4.5,76,52,17,18,6.6,4,2.6,1.54,0.8,7.5,3.5025,4.38,136,4.5,104,4.8,50.42,133,156,289,46.02,6,125.5,0.9,283.6,192.7,147.17,10.2,3.5,264,15.5,0.61,116,216,90,105
786571,MZLGI12GJS,897740,20/02/2019,06:47,07:31,Light Yellow,Clear,1.026,6.8,Trace,Trace,Negative,Negative,Negative,Normal,Negative,TNTC,1,3-2,Rare,Rare,Yeast cells,17.6,5.3,33.5,74.4,33,52,13.7,41.6,51298,53,24,3,8,0.3,1.56,0.24,0.28,0.23,0.06,842,8.1,15,0.38,23.6,5.8,5.29,0.15,0.38,186,51,65.9,16.4,82,194,3.6,1.29,0.77,0.7,0.2,0.5,53,11,22,41,7.5,4.6,2.9,1.59,1.1,34.6,16.1582,14.69,149,2.6,95,5.1,54.37,179,351,530,33.77,6.1,128.37,0.9,18.4,411.5,4.47,8.9,3.8,97,8.1,1.74,78,198,234,107
327932,MZLGI06GJS,555417,19/02/2019,09:14,10:30,Light Yellow,Slightly cloudy,1.012,6.3,Negative,Trace,1+,Negative,Negative,Normal,Negative,8-10,0,3-3,Nil,Few,Mucus threads,1.1,4.9,57.3,94.5,2,1,16.9,40.8,5509,33,14,10,3,0,2.51,2.48,0.96,0.35,0.08,287,10.7,11,0.24,20.1,0.1,0.34,0.65,0.16,168,56,91.2,22,110,210,3,1.63,0.61,16.7,12.2,4.5,64,41,18,14,6.6,3.1,3.5,0.89,1,19.6,9.1532,9.15,145,6.2,82,5.5,92.16,65,261,326,19.94,11.6,286.22,0.8,23.8,41.9,56.8,12.5,4.6,190,11.4,5.82,86,123,79,149
678498,MZLGI05GJS,858951,21/02/2019,11:44,12:18,Pale Yellow,Clear,1.016,4.7,Negative,1+,Negative,Negative,Negative,Normal,Negative,13-15,0,3-2,Nil,Few,NIL,10.2,5.7,40.1,95.1,17,25,14.5,39.8,8048,46,38,2,2,0,14.39,4.12,1.34,0.3,0.08,65,9.2,11,0.32,34.8,3.9,0.19,2.31,2.22,169,59,126.4,33.3,166.5,94,2.9,2.14,0.47,0.5,0.1,0.4,77,26,36,32,8.3,3.5,4.8,0.73,1.6,8.8,4.1096,2.57,128,2.7,107,5.6,90.38,145,335,480,30.21,6.2,131.24,0.9,27,146.1,18.48,8.4,4,200,5.9,0.29,98,109,182,75
191948,MZLGI01GJS,612634,21/02/2019,06:50,07:57,Dark Yellow,Clear,1.014,5.5,Negative,Trace,Negative,Negative,Negative,Normal,Negative,2-3,2,1-3,Few,Nil,Fat droplets or lipiduria,10.8,7.8,30.5,76.4,13,35,13.7,43.7,10804,39,40,7,8,8.4,8.85,1.06,0.21,0.24,0.03,102,13.3,29,0.35,12.3,4.3,0.16,0.72,0.39,193,75,96.9,14.6,73,130,2.6,1.29,0.77,0.7,0.3,0.4,48,21,32,23,5.7,5,0.7,7.14,0.8,23.4,10.9278,13.66,128,3.3,109,2.7,93.56,137,353,490,27.96,6.2,131.24,0.1,109.9,277,39.68,8.9,3.6,120,7.6,0.1,75,118,88,64
994271,MZLGI07APK,633988,23/02/2019,10:50,11:55,Yellow,Clear,1.024,9.1,Negative,1+,Negative,Negative,Negative,Normal,Negative,11-12,2,2-2,Nil,Nil,NIL,19,5.9,41.7,48.9,32,45,9.1,43.5,5664,44,53,3,2,0,11.4,1.54,0.7,0.47,0.05,173,8.1,12,0.35,26.5,2.5,0.01,0.65,0.08,196,59,108.3,20.5,102.5,100,3.3,1.84,0.54,0.6,0.1,0.5,92,14,18,10,6.1,3.5,2.6,1.35,0.3,17,7.939,26.46,143,3.6,102,3.7,98.85,139,277,416,33.41,6.1,128.37,0.1,35.7,237.2,15.05,10.6,4.4,169,7.6,0.7,88,106,241,152
750756,PBCHD11SKM,129438,19/02/2019,11:43,12:28,Dark Yellow,Hazy,1.016,4.9,Trace,Trace,Trace,Negative,Negative,Normal,Negative,4-6,1,3-2,Nil,Nil,Amorphous debris,15.2,5.1,53.6,94.5,29,28,11.6,45.7,8418,77,30,6,10,0,7.59,1.82,0.52,0.22,0.09,344,13.6,11,0.21,23.1,4.3,0.22,0.19,0.25,205,56,117.6,70.8,354,97,3.7,2.1,0.48,3.9,0.2,3.7,46,14,27,19,8,4.5,3.5,1.29,0.8,39.8,18.5866,23.23,138,2.3,101,1.1,113.24,185,344,529,34.97,6.8,148.46,0.9,27.3,68.5,39.85,11.5,3.1,203,5.2,11.66,99,96,82,294
990098,MZLGI06MHP,443277,19/02/2019,09:59,10:31,Straw,Clear,1.015,6.5,Negative,Trace,Negative,Negative,Negative,Normal,Negative,11-13,1,>20,Nil,Rare,Fat droplets or lipiduria,12.2,5,57.5,75.4,24,21,11.6,40.5,4254,38,39,1,8,0,2.33,2.7,0.88,0.25,0.06,106,10.2,14,0.28,26.1,5.7,0.81,0.13,0.17,152,29,146.5,34.2,171,147,5.2,5.05,0.2,0.8,0.1,0.7,93,7,19,13,7.1,4.4,2.7,1.63,0.9,24.9,11.6283,12.92,107,2.1,95,5,111.95,79,215,294,26.87,6.7,145.59,0.4,12.8,141.1,9.07,7.6,4.3,254,3.2,3.41,121,87,148,117
986691,MZLGI08MHP,894556,20/02/2019,07:40,08:39,Dark Yellow,Slightly cloudy,1.018,6.6,Trace,Negative,Negative,Negative,Negative,Normal,Negative,3-5,2,3-3,Nil,Nil,NIL,12.7,6,36.5,81.2,21,34,13.7,39.2,3267,48,24,5,5,0,5.57,2.85,0.04,0.23,0.06,126,17.3,14,0.21,19.3,0.7,0.33,0.11,0.3,225,21,52.9,29.4,147,163,10.7,2.52,0.4,0.9,0.2,0.7,52,19,30,48,6.2,3.8,2.4,1.58,1.2,9.5,4.4365,3.7,146,4.9,111,6.5,101.28,64,177,241,26.56,5.8,119.76,0.5,18.5,474,3.9,9.6,2.2,120,4.8,7.91,88,91,168,107
270400,KLTRS10MLT,910667,21/02/2019,06:03,06:36,Straw,Slightly cloudy,1.014,5.4,Trace,Trace,Negative,Negative,Negative,Normal,Negative,63-64,4,1-2,Nil,Moderate,NIL,9.7,4.5,40.6,88.7,21,23,12.8,46.3,7293,38,20,4,7,0,6.33,2.66,0.38,0.38,0.07,106,10.3,11,0.31,37.8,5.9,0.71,0.22,0.36,166,24,60.7,33.7,168.5,100,6.9,2.53,0.4,0.7,0,0.7,60,4,30,38,6.8,4,2.8,1.43,0.7,16.1,7.5187,10.74,143,4.2,103,5.4,99.82,197,332,529,37.24,6.3,134.11,0.7,13.2,136.3,9.68,8.8,2.9,77,18.1,1.82,80,75,100,71
794510,PBCHD10MHS,575082,22/02/2019,06:28,07:43,Light Yellow,Hazy,1.021,7,1+,Negative,Negative,Negative,Trace,Normal,Negative,12-14,3,>20,Nil,Nil,NIL,17.2,5.3,43.8,91.7,32,39,13.9,46,6234,42,17,6,4,0,4.89,1.05,0.58,0.33,0.02,153,10.6,22,0.07,23.7,2.3,0.24,0.35,0.19,101,57,131.6,11.4,57,65,1.8,2.31,0.43,0.5,0,0.5,50,23,23,10,7.1,4.9,2.2,2.23,1.1,14.2,6.6314,6.03,143,3.1,108,3.8,119.39,133,151,284,46.83,5.6,114.02,0.5,14.4,74.8,19.25,10.4,6.8,196,15.2,2.55,101,94,77,138
226943,GYAHD02ODK,311595,21/02/2019,09:25,10:41,Pale Yellow,Slightly cloudy,1.03,4.6,Negative,Trace,Negative,Negative,Negative,Normal,Negative,50-53,2,9-15,Nil,Nil,NIL,16.2,5.7,30.6,97,28,52,13.5,45.3,9235,46,21,2,4,0,1.38,1.17,0.37,0.05,0.05,78,11,15,0.33,35,4.3,0.36,0.36,0.06,231,54,95,36.1,180.5,193,4.3,1.76,0.57,0.7,0.3,0.4,54,54,27,44,6.9,4.7,2.2,2.14,1.1,26.9,12.5623,11.42,141,3.7,103,4,113.49,112,136,248,45.16,8.4,194.38,0.5,20.4,29.8,68.46,8.7,3.5,188,5.3,2.19,123,72,92,110
514658,MZLGI06BRC,226534,22/02/2019,07:50,09:19,Pale Yellow,Milky,1.015,5.5,Trace,Negative,Negative,Negative,Negative,Normal,Negative,7-9,0,2-2,Nil,Nil,NIL,19.6,4.5,61.4,95.9,43,31,12.1,49.9,9769,52,23,2,20,0,3.65,2.37,0.78,0.42,0.01,241,7.5,12,0.46,22.9,0.8,0.25,0.34,3.99,200,41,76.7,67.3,336.5,106,4.9,1.87,0.53,0.5,0.2,0.3,47,53,31,7,7.5,4.6,2.9,1.59,0.7,17.7,8.2659,11.81,138,3.9,97,3.3,106.54,61,256,317,19.24,10.1,243.17,0.6,14.2,116.4,12.2,11.3,3.5,91,18.6,0.14,76,68,91,111
239096,KLTRS15KLP,189619,22/02/2019,11:58,12:47,Light Yellow,Slightly cloudy,1.014,5.9,Negative,Trace,Negative,Negative,1+,Normal,Negative,7-9,0,3-4,Nil,Nil,NIL,13.3,4.3,48.5,62.5,30,27,11.9,42.4,4081,50,17,4,3,0,13.06,4.94,0.62,0.87,0.07,425,5.3,14,0.26,32.6,1.8,0.16,0.18,0.25,200,47,148.9,8.5,42.5,162,4.3,3.17,0.32,0.5,0.2,0.3,57,34,29,43,8.1,3.7,4.4,0.84,1.2,15.3,7.1451,5.95,138,5.3,103,2.6,100.05,154,297,451,34.15,6.1,128.37,0.2,24.2,74.2,32.61,8.8,4.4,123,8.3,3.35,118,90,95,179
463168,GYAHD01ODK,199681,22/02/2019,07:54,08:32,Light Yellow,Clear,1.011,5.8,Trace,Trace,Negative,Negative,Negative,Normal,Negative,11-13,2,>20,Nil,Moderate,NIL,12.8,4.2,52.1,93.6,30,24,12.6,43.6,6378,51,20,5,8,0,5.91,2.16,0.02,0.5,0.06,255,7.6,11,0.26,21.1,0.8,0.96,0.89,0.25,227,48,100,20.3,101.5,77,4.7,2.08,0.48,0.3,0,0.3,91,9,16,42,5.8,3.6,2.2,1.64,1.2,37.4,17.4658,14.55,143,4.3,99,4.1,98.39,79,334,413,19.13,8.7,202.99,0.5,16.5,99,16.67,8.1,4,109,5.5,3.67,84,61,101,60
663298,PBCHD01HPP,329558,21/02/2019,10:05,10:53,Pale Yellow,Clear,1.014,6.9,Negative,Trace,Negative,Negative,Negative,Normal,Negative,80-83,2,3-3,Nil,Rare,Artifacts,20.7,5.6,45.7,81.5,36,45,12.6,42.5,7162,37,39,4,11,0,2.42,1.54,0.82,0.09,0.06,65,10.3,11,0.23,14.9,1.6,0.12,0.21,0.24,175,74,88.8,36.8,184,120,2.4,1.2,0.83,0.7,0.2,0.5,55,20,26,22,7.3,3.8,3.5,1.09,0.6,7.3,3.4091,5.68,141,1.6,98,2.7,107.47,115,163,278,41.37,6.7,145.59,0.7,13.9,85.7,16.22,9.5,3.6,177,3.1,2.96,97,78,128,113
441173,GYAHD07KAU,453109,20/02/2019,07:33,08:54,Yellow,Hazy,1.022,5.7,Trace,1+,Negative,Negative,Negative,Normal,Negative,9-11,1,2-3,Nil,Nil,NIL,12.8,5.1,33.3,99.4,25,38,13.1,40.4,5690,48,14,11,11,0,4.07,1.68,0.14,0.34,0.09,206,14.3,12,0.28,31.7,0.1,0.08,0.17,0.08,171,43,163.5,16.9,84.5,126,4,3.8,0.26,0.5,0.2,0.3,114,49,99,42,7.1,4.6,2.5,1.84,0.8,5.8,2.7086,3.39,123,8,115,2.1,99.52,132,357,489,26.99,8.4,194.38,0.6,12.7,74.1,17.14,11.3,5.7,103,9,3.5,111,90,70,163
707151,PBCHD15GAM,604073,23/02/2019,11:04,12:13,Light Yellow,Clear,1.013,4.9,Trace,Trace,Negative,Negative,Negative,Normal,Negative,TNTC,1,5-15,Nil,Rare,NIL,17.6,4.2,34,95.6,41,51,14.3,47.3,10324,21,35,1,11,0.3,2.1,2.42,0.28,0.18,0.03,21,7.4,11,0.27,32.2,1.6,0.8,0.34,0.31,145,23,98.9,14.3,71.5,108,6.3,4.3,0.23,0.7,0,0.7,112,13,39,41,7.5,4.6,2.9,1.59,0.7,10.5,4.9035,7.01,139,3.2,101,2.1,93.29,102,324,426,23.94,5.4,108.28,0.1,27.5,115.6,23.79,10.1,3.2,194,15.4,2.93,105,83,70,72
587363,MZLGI09GJS,567027,21/02/2019,10:21,11:48,Pale Yellow,Clear,1.015,4.5,Trace,Trace,Negative,Negative,Trace,Normal,Negative,2-3,1,3-2,Nil,Nil,NIL,14.7,6.8,45.1,83,21,32,11.1,39.3,10241,42,15,3,7,0,5.82,1.87,0.21,0.39,0.07,274,9,11,0.23,26.5,3.9,0.87,0.23,0.36,163,39,74.9,33.7,168.5,90,4.2,1.92,0.52,1,0.3,0.7,83,30,39,33,7.1,4,3.1,1.29,1.2,12.2,5.6974,4.75,136,3.9,100,2.2,95.7,59,208,267,22.1,6.2,131.24,0.2,11.8,135.5,8.71,9.5,2.9,205,9.7,1.3,146,83,118,149
129681,KLTRS08MLT,769368,20/02/2019,07:46,08:45,Straw,Hazy,1.026,4.4,2+,Trace,Negative,1+,Negative,Normal,Negative,3-4,0,8-12,Rare,Nil,NIL,9.3,4.5,30.6,95,20,30,11.9,41.9,7944,56,44,6,8,0.8,7.16,2.19,0.28,0.44,0.1,164,12,12,0.21,37.7,0.7,0.14,0.49,0.44,150,52,54.5,106.1,530.5,119,2.9,1.05,0.95,0.6,0.2,0.4,90,65,14,22,6.3,4.9,1.4,3.5,0.8,127.2,59.4024,74.25,166,4.9,122,3.9,98.96,122,345,467,26.12,6,125.5,0.9,13.6,70.2,19.37,8.3,2.9,94,16.4,3.2,106,93,74,138
377840,GYAHD11KLM,239222,21/02/2019,08:32,09:33,Pale Yellow,Slightly cloudy,1.011,6,1+,1+,Negative,Negative,Negative,Normal,Negative,12-13,1,3-4,Nil,Rare,NIL,11.8,5.5,20.8,83.7,21,56,14.5,45.7,5216,42,45,6,7,0.9,3.06,2.65,0.73,0.21,0.06,309,11.7,13,0.36,24.6,5.8,0.21,0.7,1.67,225,58,91.9,23.2,116,107,3.9,1.58,0.63,15.8,11.3,4.5,30,9,34,36,7.1,3.9,3.2,1.22,0.7,13.2,6.1644,8.81,137,3.8,102,7.1,84.21,191,295,486,39.3,6.1,128.37,0.9,10.9,67.4,16.17,11,2.7,191,15.5,7.58,87,141,106,197
182518,KLTRS15TSS,875093,20/02/2019,09:17,10:11,Straw,Clear,1.019,6.4,1+,Trace,Negative,Negative,Negative,1+,Negative,8-9,0,3-2,Nil,Nil,NIL,13.6,5,44.7,94.8,27,30,16.6,40.4,5478,71,13,4,3,0,1.31,1.8,0.6,0.01,0.03,261,7.4,11,0.32,29.2,0.1,0.22,0.38,0.16,771,34,84.8,34.8,174,204,22.7,2.49,0.4,0.7,0.1,0.6,40,17,33,20,7.8,3.5,4.3,0.81,0.6,9,4.203,7.01,139,4.9,97,4.2,98.85,133,185,318,41.82,5.9,122.63,0.8,26,195.6,13.29,7.3,3.6,256,9.6,1.27,107,76,87,102
467954,GYAHD01JHJ,976076,21/02/2019,06:01,07:26,Deep Amber,Clear,1.02,6.4,1+,Negative,Negative,Negative,Negative,Normal,Negative,7-8,0,8-12,Rare,Few,NIL,15.6,4.9,48.5,88.4,31,32,16.8,45.1,5773,78,21,23,4,0,3.81,5.82,0.99,0.07,0.09,207,10.8,15,0.23,35.3,3,0.21,0.37,0.22,225,34,90.5,56.3,281.5,160,6.6,2.66,0.38,1.7,0.8,0.9,101,8,39,39,6.6,4.6,2,2.3,1.2,49.2,22.9764,19.15,142,3.3,97,2.9,91.81,109,313,422,25.83,6.2,131.24,0.9,38.7,101.7,38.05,9.8,2.6,161,9.1,2.83,89,81,72,93
333597,PBCHD03MHS,325435,21/02/2019,10:04,10:43,Straw,Slightly cloudy,1.016,4.7,Negative,Trace,Negative,Negative,Negative,Normal,Negative,9-11,2,11-13,Few,Rare,Yeast cells,16.8,5.1,32.9,91.1,32,51,13.3,44,5003,43,34,4,5,0,1.42,1.99,0.81,0.12,0.09,433,12.8,12,0.37,29.2,7.3,0.76,5.16,0.37,167,58,78.6,21.6,108,84,2.9,1.36,0.74,1,0.3,0.7,65,28,35,13,6.4,4.1,2.3,1.78,1.1,12.4,5.7908,5.26,135,3.7,103,3.2,103.92,146,111,257,56.81,6,125.5,0.2,23.3,243.1,9.58,10.2,3.6,66,8.5,3.04,79,179,87,82
582652,MZLGI01GJS,618536,21/02/2019,07:59,09:19,Light Yellow,Hazy,1.02,4.7,Trace,1+,Negative,Negative,Negative,2+,Negative,5-7,2,3-4,Nil,Few,Artifacts,8.3,6.2,51.8,93.2,13,16,10.3,39.9,7020,26,24,1,9,0,3.9,2.79,0.86,0.48,0.06,292,17.9,9,0.31,27.2,4.9,0.7,0.11,0.13,168,41,77.2,34.5,172.5,84,4.1,1.88,0.53,0.5,0.2,0.3,72,47,38,35,7.6,4.1,3.5,1.17,1.9,6.3,2.9421,1.55,122,3.4,96,5.1,92.41,144,132,276,52.17,6.2,131.24,0.6,26.5,87.5,30.29,10.2,5.6,147,10.5,2.98,100,67,88,189
886997,MZLGI03GJS,870819,22/02/2019,10:57,12:20,Light Yellow,Clear,1.016,4.9,Negative,Negative,Negative,Negative,Negative,Normal,Negative,36-37,0,1-4,Nil,Nil,Amorphous debris,11,6,40.4,96.2,18,27,13.7,49.6,8561,48,29,5,19,0,2.27,0.52,0.22,0.49,0.01,147,10,11,0.24,29.9,1.6,0.28,5.66,0.11,150,37,149.1,47.2,236,66,4.1,4.03,0.25,0.5,0,0.5,50,50,10,7,6.9,4.6,2.3,2,1.2,36.4,16.9988,14.17,145,2.6,107,5.7,91.11,155,355,510,30.39,6.2,131.24,0.5,11.2,55.8,20.07,8.4,5.9,337,10.3,2.1,98,90,111,137
639179,PBCHD10PBM,355225,23/02/2019,09:31,10:50,Pale Yellow,Hazy,1.024,6.4,Trace,Trace,Negative,Negative,Negative,Normal,Negative,10-12,2,1-2,Nil,Nil,Amorphous debris,13.9,5,34.9,52.2,27,39,11.8,42.7,9198,59,16,4,4,0,6.55,4.68,0.55,0.07,0.08,421,11.3,14,0.28,12.6,1.7,0.06,0.16,0.36,174,54,117.1,34.6,173,61,3.2,2.17,0.46,7.9,3.9,4,50,37,13,26,6.4,4.1,2.3,1.78,0.6,9.6,4.4832,7.47,137,3.9,108,3.1,103.35,120,360,480,25,7,154.2,0.8,10.1,134.3,7.52,8.4,4.4,77,6.8,0.71,73,69,96,89
789574,KLTRS12KLP,914210,20/02/2019,07:58,09:16,Light Yellow,Clear,1.017,5,Negative,Negative,Negative,Negative,Negative,Normal,Negative,10-11,3,13-16,Rare,Few,Amorphous debris,8.1,5.9,44,91.6,13,18,14.3,42.6,4329,60,44,1,2,9.7,0.64,1.68,0.34,0.08,0.09,21,17.4,17,0.29,31.6,2.4,0.29,0.39,0.08,222,40,97.8,19.2,96,174,5.6,2.45,0.41,0.6,0.2,0.4,104,15,40,23,8.7,4.1,4.6,0.89,0.7,8.5,3.9695,5.67,145,4.4,105,3,98.28,150,185,335,44.78,7.3,162.81,1,17.8,131.3,13.56,9.9,5.8,81,3.2,2.6,72,73,92,84
387298,KLTRS06TSS,435624,21/02/2019,11:37,13:05,Orange,Clear,1.016,4.9,1+,Negative,Negative,Negative,1+,Normal,Negative,5-7,2,8-19,Nil,Nil,NIL,8.5,6,45,44.1,14,18,12.2,44.9,6264,44,20,5,3,0,9.44,2.31,0.78,0.36,0.01,260,9.9,13,0.25,21.4,6.8,0.28,0.24,0.11,227,57,97,17.9,89.5,121,4,1.7,0.59,0.5,0.2,0.3,51,16,40,34,6.2,5,1.2,4.17,1.2,15.4,7.1918,5.99,138,4.7,103,5,82.81,73,166,239,30.54,5,96.8,0.9,10.2,93.4,10.92,8.3,5.3,182,10.4,1.63,84,125,76,112
811466,MZLGI09BRC,257096,21/02/2019,06:10,07:38,Pale Yellow,Clear,1.029,4.8,1+,Negative,Negative,Negative,Negative,Normal,Negative,6-7,2,3-3,Nil,Nil,NIL,12.7,5.3,50.3,89.6,23,25,12.8,43.4,7519,26,41,6,15,0,8.09,2.69,0.3,0.23,0.04,20,9.7,10,0.11,29,3.6,3.03,4.62,0.12,157,67,72.2,20.9,104.5,128,2.3,1.08,0.93,2.1,1,1.1,68,35,11,32,7.3,4.1,3.2,1.28,1.2,13.6,6.3512,5.29,140,3.5,95,3.1,92.6,61,152,213,28.64,6.7,145.59,0.9,11.1,361.9,3.07,8.2,3.3,155,11.3,1.08,103,276,87,71
986400,MZLGI11MHP,946141,22/02/2019,07:09,08:04,Pale Yellow,Clear,1.01,6.6,Negative,Trace,Negative,Negative,Negative,Normal,Negative,3-5,2,1-3,Rare,Nil,NIL,14.2,4.7,13.7,76.3,30,103,14.3,44.7,4973,54,15,24,7,0,7.15,0.84,0.28,0.19,0.1,106,9.1,10,0.22,17.2,7.1,0.33,3.22,0.22,164,40,152.6,8.5,42.5,149,4.1,3.82,0.26,0.7,0.3,0.4,72,41,33,8,6.7,4,2.7,1.48,0.6,15.5,7.2385,12.06,144,4.4,108,3.4,105.72,144,172,316,45.57,6.3,134.11,0.8,25.4,76.9,33.03,11.8,4,104,9.9,0.15,118,90,89,139
864233,MZLGI14BRC,889076,19/02/2019,08:11,09:08,Yellow,Slightly cloudy,1.019,5.7,Trace,Negative,1+,Negative,Trace,Normal,Negative,TNTC,0,11-17,Nil,Nil,NIL,15.7,5.4,36.6,94.6,29,42,9.3,45.8,5936,44,40,22,10,0.5,8.12,2.64,0.71,0.49,0.02,245,7.5,14,0.29,26.9,1.8,0.22,0.07,0.07,163,69,52.6,68.1,340.5,130,2.4,0.76,1.31,0.5,0.1,0.4,123,31,15,48,6,4.9,1.1,4.45,1.5,11.2,5.2304,3.49,141,5.6,107,4.3,98.73,62,224,286,21.68,7.3,162.81,0.4,24.3,85.2,28.52,9.9,3.3,165,4.1,0.84,83,80,98,274
887537,MZLGI05RJK,553982,19/02/2019,07:04,08:07,Light Yellow,Hazy,1.012,6.9,1+,Trace,Negative,Negative,Negative,Normal,Negative,8-10,0,2-2,Nil,Nil,Artifacts,16.3,5,50.4,42.2,32,32,12.1,48.5,4253,51,31,2,4,0,3.1,1.08,0.03,0.34,0.09,20,9.3,19,0.22,28.5,3.4,0.16,0.03,0.35,105,20,71.7,14.3,71.5,144,5.3,3.59,0.28,0.8,0.2,0.6,61,56,23,25,8.3,3.9,4.4,0.89,0.7,7.6,3.5492,5.07,137,4,85,2.2,117.83,169,346,515,32.82,5.4,108.28,0.4,14.8,138.9,10.66,12,3.7,189,12,3.84,139,73,104,98
847697,PBCHD07MHS,238210,19/02/2019,08:23,09:08,Light Yellow,Clear,1.011,5.2,Trace,Trace,Negative,Negative,2+,Normal,Negative,4-5,1,2-4,Nil,Nil,NIL,16,5.6,36.4,87.9,28,43,12.1,40.1,5581,78,28,7,12,0,13.73,1.83,1.11,0.39,0.06,279,7.3,16,0.2,16.8,4.8,0.17,4.15,0.09,151,56,84.1,32.5,162.5,159,2.7,1.5,0.67,0.8,0.2,0.6,90,49,18,39,8,3.6,4.4,0.82,0.6,13.9,6.4913,10.82,136,3.1,102,7.3,112.83,95,193,288,32.99,8.5,197.25,0.1,26.7,63.8,41.85,10,2.5,61,16.5,1.12,83,83,104,166
268116,MZLGI07GJS,842833,19/02/2019,06:20,07:47,Deep Amber,Clear,1.029,4.9,Trace,Trace,Negative,Trace,Negative,Normal,Negative,TNTC,1,2-2,Nil,Few,Fat droplets or lipiduria,10.9,5.9,28,74.6,18,38,12.8,42.4,4142,80,42,4,5,0.7,3.94,1.36,0.62,0.43,0.05,275,14.3,11,0.48,23.5,2.3,0.36,0.08,0.21,184,53,83.9,27.8,139,179,3.5,1.58,0.63,0.2,0,0.2,99,92,21,27,7.8,4.1,3.7,1.11,2,10.6,4.9502,2.48,140,5.6,100,3.3,104.91,177,333,510,34.71,7.8,177.16,0.9,110.7,113.2,97.79,8.7,3.4,93,9.9,2.63,100,125,220,75
411297,KLTRS12WBD,747784,20/02/2019,08:26,09:25,Dark Yellow,Clear,1.016,5.4,Trace,Trace,Negative,Negative,1+,Normal,Negative,3-4,1,2-4,Nil,Nil,Artifacts,18.4,4.1,10.7,76.9,44,171,13.4,35.6,8687,57,36,1,11,0,3.04,2.61,1.31,0.55,0.3,209,10.9,16,0.28,21,4.6,0.62,5.56,0.31,195,47,131.8,10,50,81,4.1,2.8,0.36,0.7,0.3,0.4,50,41,57,27,7.5,4.1,3.4,1.21,1.6,7.4,3.4558,2.16,141,5.7,98,6.3,99.18,90,221,311,28.94,5.7,116.89,0.1,23.8,64.9,36.67,8.4,4,201,3.1,2.2,97,82,103,128
603836,MZLGI07APK,579454,20/02/2019,07:21,08:38,Yellow,Milky,1.012,6.7,Negative,Negative,Negative,Negative,Negative,Normal,Negative,6-8,3,1-2,Nil,Nil,Yeast cells,15.1,4.4,51.4,93.5,34,29,12.5,43.2,5338,60,43,10,2,0,13.03,2.79,0.43,0.07,0.04,1164,7.6,6,0.36,26.8,3.9,1.56,0.11,0.12,217,49,196.2,15.9,79.5,147,4.4,4,0.25,0.7,0.1,0.6,52,37,22,46,8.1,3.3,4.8,0.69,1.2,38.8,18.1196,15.1,138,3.9,101,6.2,107.86,64,216,280,22.86,5.9,122.63,0.5,26.9,95.2,28.26,9,4.4,244,4.3,1.59,72,87,108,110
706043,GYAHD07KLM,912364,19/02/2019,08:14,09:42,Light Yellow,Clear,1.012,4.5,2+,Negative,Negative,Negative,Negative,Normal,Negative,3-5,1,3-3,Nil,Nil,NIL,8.3,4.6,47.9,77.2,18,17,14.1,48.4,8791,52,29,3,8,0,1.13,1.64,0.66,0.16,0,198,12.6,12,0.21,16.5,2.4,0.22,0.07,1.63,169,40,88.1,24,120,153,4.2,2.2,0.45,1.2,0,1.2,119,53,39,48,7.8,3.7,4.1,0.9,1.5,19.1,8.9197,5.95,121,4,108,6.4,117.67,149,337,486,30.66,6.2,131.24,0.8,234,112.8,207.45,10.5,3.1,130,11.7,0.49,83,90,76,68
144494,MZLGI03MHP,615725,23/02/2019,07:52,09:08,Pale Yellow,Slightly cloudy,1.014,6.5,Trace,Negative,Trace,Negative,Negative,Normal,Negative,TNTC,0,3-4,Nil,Nil,Amorphous debris,14.1,4.5,33.4,65.5,31,42,12.7,42.2,4227,59,37,6,4,0,3.55,1.14,0.03,0.1,0.03,114,10.3,25,0.35,31.9,2.2,1.89,1.13,0.19,135,58,39.9,53.5,267.5,67,2.3,0.69,1.45,0.8,0.3,0.5,43,40,27,12,6.6,3,3.6,0.83,0.6,14.6,6.8182,11.36,126,1.7,107,4,94.17,86,311,397,21.66,6.4,136.98,0.4,11.6,33.1,35.05,9.8,3.3,196,4,7.13,139,120,79,375
997426,GYAHD05JHJ,820122,19/02/2019,07:23,08:30,Light Yellow,Hazy,1.021,6.3,Trace,Trace,Negative,Negative,Negative,Normal,Negative,13-15,0,2-2,Moderate,Nil,NIL,11.1,6,60.8,85.1,18,18,12.8,39.8,10721,54,34,1,3,0,4.87,0.63,0.27,0.1,0.1,322,16.1,13,0.4,32.9,3.7,0.13,0.18,0.12,167,31,86.3,37.3,186.5,132,5.4,2.78,0.36,0.7,0.1,0.6,85,41,33,12,8.3,4.3,4,1.08,1,14,6.538,6.54,139,4.1,102,3.4,98.47,70,344,414,16.91,5.5,111.15,0.4,13.1,233.5,5.61,11.6,2.5,73,14.4,0.42,70,121,98,410
344280,KLTRS05WBD,911358,20/02/2019,11:24,12:07,Pale Yellow,Clear,1.013,5,Negative,4+,Negative,Negative,Negative,Normal,Negative,2-4,0,17-11,Rare,Nil,NIL,3.5,4.6,56.8,70.3,7,6,13.7,42.8,5946,54,24,5,3,0,7.93,2.2,0.75,0.31,0.07,227,9,17,0.37,27.4,2,0.84,0.9,6.27,151,52,83.5,29.8,149,120,2.9,1.61,0.62,0.5,0.1,0.4,66,8,35,39,6.1,3.5,2.6,1.35,1,18.7,8.7329,8.73,131,3.9,99,2.8,97.52,150,144,294,51.02,6.1,128.37,0.1,23.9,116.1,20.59,8.8,4.5,175,6,1.73,90,66,99,103
818259,GYAHD03ODK,235668,21/02/2019,10:48,12:14,Deep Amber,Slightly cloudy,1.029,6.9,2+,Negative,Negative,Negative,Negative,Normal,Negative,57-61,1,2-2,Few,Nil,NIL,2.5,5,54.9,70.9,5,4,12.3,44.2,7182,30,27,1,23,0,1.14,2.24,0.78,0.05,0.14,424,11.4,19,0.33,24,2.4,0.61,0.6,0.26,195,59,93,11,55,190,3.3,1.58,0.63,0.7,0,0.7,55,42,27,27,6.9,4.8,2.1,2.29,1.2,11.7,5.4639,4.55,135,4.6,103,2.8,96.29,111,232,343,32.36,5.8,119.76,0.3,25.6,82.3,31.11,11,4.5,161,18.3,1.72,75,71,79,115
228252,KLTRS09WBD,642309,23/02/2019,08:30,09:29,Pale Yellow,Clear,1.014,5.4,Negative,Negative,Negative,Negative,Negative,Normal,Negative,TNTC,0,13-9,Few,Nil,NIL,9.2,4.9,30.4,53,18,30,13.2,45.3,9060,42,17,3,8,0,9.53,2.52,0.18,0.27,0,400,11.5,11,0.05,16.2,1.3,6.86,2.08,0.29,227,44,82.9,13.2,66,105,5.2,1.88,0.53,0.3,0,0.3,84,11,33,44,6.4,4.1,2.3,1.78,1.2,11.3,5.2771,4.4,128,4.5,104,3.8,108.83,168,153,321,52.34,5.8,119.76,0.4,16.2,496.3,3.26,9.7,3.8,136,8.1,9.9,78,83,74,108
873362,MZLGI07MHP,602595,21/02/2019,10:41,11:41,Straw,Clear,1.03,7,Trace,Negative,Trace,Negative,Negative,Normal,Negative,1-3,0,3-4,Nil,Nil,Artifacts,13.9,4.9,39.7,87.7,28,35,11.9,39.3,2982,57,50,6,6,0,20.35,2.68,0.48,0.53,0.01,117,7.6,16,0.62,13.1,0.4,3.41,4.45,0.76,192,65,75,22.9,114.5,66,3,1.15,0.87,0.3,0,0.3,48,44,34,21,7.5,4.9,2.6,1.88,0.8,8.5,3.9695,4.96,145,5.6,108,4.8,118.96,127,176,303,41.91,5.9,122.63,0.2,12.7,21.5,59.07,11.7,3.1,157,12.2,3.89,189,92,77,189
332573,KLTRS08ODB,211713,22/02/2019,09:07,10:23,Straw,Slightly cloudy,1.013,6.4,Negative,Negative,Negative,Negative,Trace,Normal,Negative,6-7,1,1-4,Nil,Nil,NIL,4.8,6.2,30.6,50.5,7,15,13.5,39.4,9768,78,29,7,4,11.8,4.44,4.28,1.47,0.18,0.03,106,5,19,0.37,32.4,5,0.07,0.2,0.33,171,57,41.9,27.1,135.5,122,3,0.74,1.36,1.3,0.6,0.7,107,10,24,33,6.3,5,1.3,3.85,0.8,12.8,5.9776,7.47,146,3.8,112,2.2,103.22,131,247,378,34.66,6.1,128.37,0.6,15.8,232.1,6.81,9.1,2.8,183,19.9,2.46,75,81,90,112
950781,GYAHD05ODK,637647,22/02/2019,08:54,10:20,Green,Clear,1.01,5.9,1+,Trace,Negative,Negative,Negative,Normal,Positive,6-7,0,1-3,Nil,Few,NIL,9.9,5.6,51.5,67.5,17,19,10.1,45,7160,47,19,3,6,0,8.83,1.83,0.17,0.11,0.15,60,8.4,13,0.33,13.8,2.5,0.25,0.52,0.07,155,54,89.5,26,130,126,2.9,1.66,0.6,0.3,0.1,0.2,80,24,17,19,6.1,4.4,1.7,2.59,0.8,8,3.736,4.67,131,4.4,101,6.4,112.93,61,231,292,20.89,8.5,197.25,9.1,21.3,39.8,53.52,10.3,2.7,166,12.2,2.17,93,92,94,126
501493,PBCHD02MHS,401156,22/02/2019,11:30,12:15,Light Yellow,Clear,1.011,4.7,Trace,2+,Negative,Negative,Negative,Normal,Negative,2-4,2,1-2,Nil,Nil,NIL,15.7,4.9,45.8,93.5,32,34,13.8,39,5829,41,55,5,5,0,4.83,2.68,0.66,0,0,407,7.3,20,0.29,21.2,4.7,0.03,0.52,5.06,173,53,87.9,15.4,77,195,3.3,1.66,0.6,0.6,0,0.6,46,41,17,32,8.1,4,4.1,0.98,0.9,17.8,8.3126,9.24,121,3.6,106,4.6,93.29,143,191,334,42.81,6.1,128.37,0.4,13.6,141.7,9.6,10.8,3.1,87,13.4,1.24,118,80,71,160
699159,MZLGI09RJK,291958,23/02/2019,09:16,09:48,Pale Yellow,Slightly cloudy,1.02,5.6,Negative,Trace,Negative,Negative,Negative,1+,Negative,9-11,1,1-3,Nil,Nil,Mucus threads,18.8,4,23.6,70.9,47,79,9.1,39.5,7287,80,45,1,4,0,11.76,2.82,0.31,0.08,0.08,20,10.3,17,0.56,46.3,3.8,0.22,0.19,0.17,210,48,80.1,54.1,270.5,125,4.4,1.67,0.6,2.7,1.3,1.4,62,22,28,9,7.2,4.5,2.7,1.67,1,29.1,13.5897,13.59,133,4.1,104,3.5,105.59,116,137,253,45.85,6.3,134.11,0.1,18.9,112.1,16.86,10.2,2.4,138,6.3,9.13,122,108,74,115
715967,GYAHD15KLM,859182,21/02/2019,08:21,09:03,Dark Yellow,Slightly cloudy,1.012,6.9,Negative,Trace,Negative,Negative,Negative,Normal,Negative,2-4,2,1-4,Nil,Nil,Fat droplets or lipiduria,16.2,5.2,42.8,81.6,31,37,13.6,43.6,3912,46,40,5,4,0,8.39,1.39,0.63,0.14,0.1,314,16.7,15,0.66,13.1,6.9,0.01,0.38,4.57,159,51,89.7,25.4,127,70,3.1,1.76,0.57,0.4,0.1,0.3,124,17,14,33,6.7,3.9,2.8,1.39,0.8,11.3,5.2771,6.6,127,4.8,101,4.1,118.13,161,112,273,58.97,6.3,134.11,0.3,23.7,37.4,63.37,9.8,2.2,62,4.3,2.93,91,94,76,105
638466,PBCHD07PBM,160085,21/02/2019,09:18,09:53,Light Yellow,Slightly cloudy,1.015,6.9,Trace,Trace,Negative,Negative,Negative,Normal,Negative,7-9,0,10-17,Nil,Nil,NIL,18.1,4.4,50.5,79.6,41,35,13.2,45.4,7801,49,41,2,6,0,8.08,1.47,0.45,0.11,0.07,103,12,25,0.21,12.1,4.4,0.39,4.21,0.13,160,55,80.2,29,145,157,2.9,1.46,0.69,0.6,0,0.6,103,56,16,12,6.3,3.7,2.6,1.42,1.2,7.2,3.3624,2.8,143,3.9,106,5.3,123.65,76,201,277,27.44,6.4,136.98,0.5,16,137.8,11.61,8.5,7.1,280,22.5,2.44,102,83,116,68
273907,MZLGI04RJK,757700,20/02/2019,10:19,11:35,Yellow,Clear,1.019,6.9,Trace,Negative,1+,Negative,Negative,Normal,Negative,3-5,0,1-2,Few,Nil,Artifacts,17.2,4.3,42.1,99.4,40,40,11.9,42,8046,42,29,7,5,0,8.84,2.57,0.75,0.41,0.14,16,11.2,15,0.08,28.2,4.3,0.09,0.37,0.12,164,24,71.7,24.8,124,106,6.8,2.99,0.33,0.4,0.1,0.3,52,55,35,28,7.7,4.3,3.4,1.26,0.7,15.6,7.2852,10.41,139,2.9,98,4.9,102.15,64,217,281,22.78,5.9,122.63,0.2,15.5,72.2,21.47,9.1,5,72,3.1,9.63,122,71,221,276
540596,KLTRS02MLT,712156,21/02/2019,11:14,12:37,Straw,Slightly cloudy,1.015,5.1,Trace,Negative,1+,Negative,Negative,Normal,Negative,8-9,1,2-4,Nil,Nil,NIL,8.8,4,41.1,92.5,22,21,11.9,42.6,11245,45,28,6,5,0,5.56,3.91,0.61,0.2,0.05,328,7.9,11,0.3,28,2.1,0.25,0.1,0.24,174,45,70.7,23.6,118,76,3.9,1.57,0.64,0.4,0,0.4,44,54,26,28,8.3,4.9,3.4,1.44,0.6,20,9.34,15.57,136,4,98,5.3,88.08,122,350,472,25.85,6.2,131.24,0.5,22.8,136,16.76,9.7,2.7,75,12.7,4.8,113,87,70,169
345790,KLTRS09MLT,831004,22/02/2019,06:56,07:30,Light Yellow,Clear,1.017,6,2+,1+,Negative,Negative,Negative,Normal,Negative,4-6,2,3-2,Few,Rare,Fungal elements,13.8,5.1,55.8,74.4,27,24,13.6,43.4,4227,57,27,1,2,0,6.91,2.94,0.59,0.17,0.05,392,7.3,11,0.35,34.8,0.1,0.28,0.08,0.16,188,50,151.2,87,435,135,3.8,3.02,0.33,4.5,2.2,2.3,73,15,32,19,6.5,4.5,2,2.25,0.7,16.4,7.6588,10.94,128,2,107,5.9,90.6,105,348,453,23.18,6.1,128.37,0.7,22.7,41.1,55.23,10.5,3.2,215,7.6,3.93,123,85,112,66
449067,PBCHD04GAM,730253,21/02/2019,09:03,10:22,Pale Yellow,Clear,1.016,5.1,1+,Negative,Negative,Negative,Negative,Normal,Negative,11-13,1,3-2,Rare,Rare,NIL,2.8,5.7,54.4,95,4,5,11.7,43.7,20576,50,30,1,3,0,0.82,1.06,0.37,0.01,0.07,401,13.6,5,0.43,12.5,4.6,0.29,0.05,0.57,196,27,152.6,13.3,66.5,117,7.3,5.65,0.18,0.5,0,0.5,44,8,20,22,8.1,3.8,4.3,0.88,1.1,13.7,6.3979,5.82,146,3.7,101,6.6,106.64,108,223,331,32.63,5.9,122.63,0.4,24.3,79.5,30.57,10,2.3,75,4.7,5.98,77,96,84,81
612207,PBCHD15KLC,827826,22/02/2019,06:56,08:21,Pale Yellow,Clear,1.017,4.5,Trace,Trace,Negative,Negative,Negative,Normal,Negative,7-9,1,1-4,Nil,Nil,NIL,12.8,4.5,49.8,78.8,28,25,13.2,42.7,3349,37,35,0,5,0,2.72,1.39,0.25,0.08,0.06,1121,10.8,17,0.38,22.8,0.1,0.86,0.02,0.27,180,50,143.4,81.3,406.5,169,3.6,2.87,0.35,0.7,0,0.7,103,44,24,13,6.8,3.7,3.1,1.19,1,16.5,7.7055,7.71,148,4.3,111,3.9,90.16,82,359,441,18.59,5.7,116.89,0.7,13.8,134.1,10.29,10.4,5.2,102,11,1.2,119,72,122,256
720783,MZLGI09RJK,852053,19/02/2019,09:05,09:44,Light Yellow,Hazy,1.01,6.9,Negative,Trace,Negative,Negative,Negative,Normal,Negative,4-6,5,3-2,Nil,Rare,NIL,10.1,4.4,63.3,81.7,22,15,12.8,40.2,5709,42,40,1,8,0,3.72,6.12,0.7,0.11,0.2,218,8.1,17,0.36,14.1,1.1,0.38,4.73,0.16,220,54,96.2,20.7,103.5,137,4.1,1.78,0.56,0.7,0.3,0.4,89,56,38,14,7.7,5,2.7,1.85,1,5.1,2.3817,2.38,140,4,96,4.1,91.56,82,346,428,19.16,5.4,108.28,1,245.4,109.2,224.73,9.9,2.3,81,12.2,2.81,92,84,313,198
946635,GYAHD09KLM,256345,19/02/2019,11:39,13:06,Straw,Clear,1.023,4.6,Negative,Negative,Negative,Negative,Negative,Normal,Negative,9-11,2,3-4,Rare,Nil,NIL,10.1,5.5,37.9,88.5,18,26,14.2,45.5,10862,45,33,2,5,4.2,5.52,2.34,0.56,0.28,0.09,391,11,17,0.59,12.9,1.3,0.32,1.64,0.6,162,21,79.8,17.1,85.5,75,7.7,3.8,0.26,0.5,0.2,0.3,98,22,23,26,7.7,2.5,5.2,0.48,0.9,14.1,6.5847,7.32,141,4.5,97,2.6,119.43,126,134,260,48.46,5.9,122.63,0.7,17,52.1,32.63,8.5,4.3,91,20.6,2.92,139,75,74,237
893073,GYAHD13JHJ,869969,21/02/2019,11:14,12:41,Straw,Slightly cloudy,1.014,4.6,Negative,Trace,Negative,Negative,Negative,Normal,Negative,13-15,2,2-3,Nil,Nil,Parasites,12.7,4.4,15.1,92.7,28,84,12,39,7064,41,23,2,7,0,7.25,0.61,1.16,0.38,0.08,94,10,6,0.44,33.1,0.7,0.36,0.17,0.81,179,56,90,14.2,71,215,3.2,1.61,0.62,1.7,0.1,1.6,41,47,17,32,8.2,4.8,3.4,1.41,0.9,11.7,5.4639,6.07,144,5,97,5.9,113.8,138,131,269,51.3,8.1,185.77,0.7,21.8,77.6,28.09,9.6,5.4,85,8.2,0.24,97,63,91,102
344501,KLTRS08NLZ,572281,19/02/2019,07:47,08:27,Pale Yellow,Clear,1.029,5.4,Trace,Negative,Negative,Negative,Negative,Normal,Negative,9-10,1,3-2,Nil,Nil,NIL,13.4,4.1,38.3,61.6,32,34,12.5,49.2,9198,49,23,5,10,0,6.7,2.25,0.71,0.31,0.08,254,8.1,16,0.2,29.3,3.2,0.32,0.99,0.3,205,71,93.5,8.8,44,108,2.9,1.32,0.76,0.7,0.3,0.4,59,27,29,15,8.1,4.4,3.7,1.19,1.1,13.9,6.4913,5.9,143,3.5,95,5,95.01,110,102,212,51.89,6.2,131.24,0.1,15.8,138.8,11.38,10.4,3,219,5.8,2.7,72,60,73,155
906256,GYAHD01ODK,258467,23/02/2019,11:59,13:08,Dark Yellow,Slightly cloudy,1.025,4.8,Trace,Trace,Negative,Negative,Negative,Normal,Negative,10-11,1,>20,Nil,Rare,Fungal elements,10.7,3.8,59.2,72.2,28,18,11.2,46,10489,53,13,2,10,0,6.05,1.05,0.69,0.11,0.01,199,8.5,17,0.35,16.5,1.8,0.16,0.17,0.36,193,33,48.9,18.6,93,79,5.8,1.48,0.67,0.7,0.3,0.4,114,32,26,17,8.2,3.6,4.6,0.78,0.5,13.7,6.3979,12.8,140,3.9,98,6.2,111.29,102,221,323,31.58,7,154.2,0.1,26,242.7,10.71,10.1,4.3,165,9.2,0.34,252,68,195,103
370880,KLTRS10TSS,783207,19/02/2019,09:56,11:13,Light Yellow,Clear,1.018,6.4,Trace,Trace,Negative,Negative,Negative,1+,Negative,4-5,0,1-4,Nil,Nil,NIL,12.2,6.6,39.2,83.3,18,31,14.7,41.2,8953,75,54,1,3,0,7.15,0.5,0.75,0.4,0.08,185,9.2,25,0.23,12.5,1.7,0.22,0.1,0.85,169,41,65.9,8.2,41,175,4.1,1.61,0.62,0.7,0.3,0.4,127,3,40,19,8.1,4.7,3.4,1.38,1.2,8.3,3.8761,3.23,144,3.3,95,4.9,108.14,143,127,270,52.96,7.4,165.68,0.5,10.1,226,4.47,13.2,3.3,175,7,3.72,77,81,242,107
213193,MZLGI12RJK,648921,22/02/2019,11:15,12:16,Deep Amber,Slightly cloudy,1.017,5.8,Trace,Negative,Negative,Negative,Negative,Normal,Negative,9-11,42,6-12,Rare,Nil,Fungal elements,8.1,6.1,36.4,40.9,13,22,14.1,42.6,33151,54,40,5,8,0,7.69,2.44,0.34,0.42,0.09,412,8.3,19,0.3,26.9,0.5,0.47,0.25,0.4,157,53,53.7,14.2,71,133,3,1.01,0.99,1.2,0.2,1,67,118,79,41,5.1,4.6,0.5,9.2,1.1,32.5,15.1775,13.8,145,4,104,5.8,111.15,150,291,441,34.01,6,125.5,0.8,26.2,141.4,18.53,10.3,4.8,293,10.3,2.38,120,141,71,103
176249,GYAHD14KAU,331400,22/02/2019,10:04,10:53,Light Yellow,Clear,1.028,5.1,Trace,Trace,Negative,Negative,Negative,Normal,Negative,4-6,2,1-2,Nil,Nil,Amorphous debris,11.2,5.7,50.2,72.8,19,22,12.5,40.9,9130,78,23,1,8,0,0.58,2.3,0.38,0.02,0.1,359,9.1,20,0.53,12.7,1,2.23,0.17,0.29,182,37,64.9,22.1,110.5,87,4.9,1.75,0.57,0.8,0.1,0.7,63,27,20,23,6.3,4.3,2,2.15,0.6,7.1,3.3157,5.53,137,4,100,2.5,113.26,156,339,495,31.52,6,125.5,0.6,10.5,92.9,11.3,9.5,2.9,103,17.2,1.83,100,174,117,115
568871,KLTRS07KLP,315047,23/02/2019,10:27,11:54,Dark Yellow,Slightly cloudy,1.017,6.9,Negative,Negative,Negative,Negative,Negative,Normal,Negative,5-7,0,2-3,Nil,Nil,NIL,10.5,4.6,36.1,87.2,22,29,13.6,45.3,8677,50,31,1,5,0,5.44,1.66,0.52,0.03,0.18,185,9.9,16,0.15,16.8,4.8,0.34,0.18,0.16,209,57,93.4,38.1,190.5,118,3.7,1.64,0.61,0.5,0.2,0.3,56,15,39,33,8.2,5,3.2,1.56,1.1,12.7,5.9309,5.39,141,4.5,100,4.5,102.42,162,116,278,58.27,6.2,131.24,0.5,52.3,271.6,19.26,10.4,2.2,181,4.4,1.41,299,123,116,92
432377,MZLGI02APK,924544,19/02/2019,08:54,09:39,Pale Yellow,Slightly cloudy,1.017,7,Trace,1+,Negative,Negative,Negative,Normal,Negative,TNTC,0,3-4,Nil,Nil,Parasites,8.7,7.4,41.5,81.6,11,20,14.1,40.8,2464,41,14,14,7,1.6,6.52,4.87,0.01,0.26,0.04,871,5.4,19,0.29,21.5,2.5,0.07,0.25,0.49,183,69,96.6,23.4,117,180,2.7,1.4,0.71,0.3,0,0.3,68,15,39,19,6,4.3,1.7,2.53,0.8,11.4,5.3238,6.65,145,3,100,4.5,108.25,102,236,338,30.18,6.2,131.24,0.9,18.7,65.1,28.73,9,3,153,3.4,1.15,121,120,76,168
476931,GYAHD13ODK,469995,20/02/2019,06:21,07:07,Orange,Clear,1.012,5.6,Negative,3+,Negative,Negative,Trace,Normal,Negative,TNTC,1,>20,Nil,Nil,Mucus threads,12,4.7,30.7,96.2,25,39,13.7,39.9,9119,43,50,14,4,0.2,19.16,3.18,0.95,0.58,0.44,430,11,10,0.22,28.7,0.1,0.3,0.34,6.99,155,66,61.8,9,45,63,2.3,0.94,1.07,0.7,0,0.7,117,23,23,39,7.1,4.6,2.5,1.84,0.7,18.8,8.7796,12.54,123,3.6,101,4.9,114.81,54,209,263,20.53,6,125.5,37.5,16,250.5,6.39,8.1,3.6,167,5.1,1.69,97,82,173,102
896846,MZLGI04APK,696081,21/02/2019,08:28,09:17,Pale Yellow,Slightly cloudy,1.018,6.8,Negative,Negative,Trace,Negative,Negative,Normal,Negative,7-9,2,1-3,Nil,Nil,NIL,19.8,5,60.1,73.9,39,32,14.5,43.6,2298,40,39,1,8,0,3.58,2.35,0.35,0.62,0.09,174,12.1,17,0.53,20.2,2.3,0.23,0.1,0.03,231,25,87.1,41.3,206.5,76,9.2,3.48,0.29,1.9,0.9,1,65,48,24,16,6.8,4.5,2.3,1.96,1.1,5,2.335,2.12,135,5.2,103,2.8,96.05,152,345,497,30.58,5.9,122.63,0.6,13.9,61.9,22.46,8.7,4.1,137,8.5,7.97,92,113,124,99
613684,KLTRS04NLZ,109848,19/02/2019,08:40,09:11,Pale Yellow,Clear,1.012,4.8,Trace,Negative,Negative,Negative,Negative,Normal,Negative,12-14,2,3-3,Nil,Nil,NIL,13.6,4.9,39.6,93.5,27,34,13,43.3,13219,41,15,1,6,0,14.41,1.96,0.73,0.19,0.03,191,9.2,15,0.54,15,4.2,0.08,0.09,0.1,167,51,93.3,15.9,79.5,73,3.3,1.83,0.55,0.7,0.3,0.4,113,9,10,37,6.9,4,2.9,1.38,0.4,5.5,2.5685,6.42,148,5,99,2.7,40.19,45,152,197,22.84,8.8,205.86,0.3,25.9,286.8,9.03,10.1,4.1,89,8.1,1.74,142,86,93,128
936369,PBCHD06GAM,663506,21/02/2019,09:47,11:11,Pale Yellow,Clear,1.013,5.8,Negative,Negative,Negative,Negative,Negative,Normal,Negative,13-14,0,14-8,Moderate,Nil,NIL,12.2,2.2,54.8,123.6,55,22,14.4,40.4,4421,59,23,3,6,0.6,3.3,4.02,1,0.17,0,276,8,12,0.26,25.9,0.7,0.39,0.29,0.25,150,78,66.3,18.4,92,91,1.9,0.85,1.18,0.3,0.1,0.2,108,15,38,44,7.6,4.9,2.7,1.81,2,9.7,4.5299,2.26,129,4.2,106,6,37.44,189,107,296,63.85,8.1,185.77,0.4,17,77.3,21.99,10.5,2.6,78,4.4,0.82,82,97,120,101
333433,KLTRS03TSS,686089,21/02/2019,09:18,10:04,Straw,Clear,1.012,6.2,Trace,Trace,Negative,Negative,Negative,Normal,Negative,7-8,10,3-4,Nil,Moderate,NIL,20.1,7.6,13.5,92.7,26,148,13.9,41,4850,41,45,1,4,0,7.38,1.32,1.06,0.49,0.09,1116,10.5,11,0.24,15.4,0.9,0.35,0.29,0.31,227,35,92.9,21.2,106,176,6.5,2.65,0.38,0.5,0,0.5,107,17,34,47,7.3,4.1,3.2,1.28,0.7,17.3,8.0791,11.54,140,2.6,92,6.5,100.58,77,327,404,19.06,6.4,136.98,0.1,25.2,90.3,27.91,10.5,3.3,176,10.3,1.77,97,84,94,147
768597,GYAHD12JHJ,856674,19/02/2019,09:15,10:38,Straw,Hazy,1.012,6.1,Negative,Negative,Negative,Negative,Negative,Normal,Negative,53-56,1,1-2,Nil,Nil,Parasites,16.7,7.2,62.8,97.2,23,26,12.4,40.8,8292,44,30,6,8,0,3.32,2.27,0.68,0.08,0.03,133,9.8,11,0.25,13,2.7,0.02,3.54,0.04,119,29,121.9,19.4,97,64,4.1,4.2,0.24,0.8,0.2,0.6,46,16,14,48,6.2,4.7,1.5,3.13,1.2,13,6.071,5.06,130,3.6,103,1.7,115.46,126,353,479,26.3,8.2,188.64,0.7,11,130,8.46,9.2,4.9,215,11.7,0.27,70,99,74,72
732623,PBCHD06CGD,713157,22/02/2019,06:33,07:16,Pale Yellow,Hazy,1.012,6.8,Negative,Trace,Negative,Negative,Negative,Normal,Negative,11-12,2,3-2,Nil,Nil,NIL,5.8,5.4,57.7,64.2,10,10,13.3,42.7,8710,57,49,9,4,0,5.38,1.38,0.71,0.74,0.07,261,6,13,0.3,15.1,4.1,0.05,0.4,4.29,239,27,83.5,9.2,46,92,8.9,3.09,0.32,0.7,0,0.7,82,11,38,38,8.2,3.5,4.7,0.74,1.2,32,14.944,12.45,99,3.7,100,6.6,92.76,102,191,293,34.81,5.7,116.89,0.6,33.1,151.4,21.86,11.9,2.6,193,8.2,9.46,95,66,71,89
497866,PBCHD07CGD,607438,22/02/2019,09:34,10:08,Pale Yellow,Clear,1.016,5.5,Negative,Trace,Negative,Negative,Negative,Normal,Negative,7-9,2,1-2,Nil,Nil,Fat droplets or lipiduria,14.9,6.3,40.1,79.2,23,37,13,45.3,36840,44,20,6,2,0.3,0.99,1.65,0.39,0.1,0.07,394,13.4,15,0.31,13.4,4.9,0.3,1.65,0.28,189,47,153.8,12.4,62,102,4,3.27,0.31,0.7,0.1,0.6,43,54,15,29,6.9,3.7,3.2,1.16,1.1,79.2,36.9864,33.62,143,4.3,96,5.6,97.36,142,126,268,52.99,6.1,128.37,0.1,10.3,87.9,11.72,7.9,4.1,270,7.7,2.65,196,81,113,90
294558,GYAHD11JHJ,170511,21/02/2019,06:18,07:13,Pale Yellow,Clear,1.011,5.2,Negative,Negative,Negative,Negative,Negative,Normal,Negative,8-10,0,6-18,Nil,Nil,NIL,17.2,5.9,48.4,79.5,29,35,11.9,48.1,9932,44,20,14,4,0,4.48,1.9,0.68,0.94,0.05,150,16.6,25,0.25,14,1.8,0.41,3.54,6.37,167,47,86.2,8,40,195,3.6,1.83,0.55,0.8,0.1,0.7,121,6,35,14,7.8,4.9,2.9,1.69,0.7,18.4,8.5928,12.28,137,4.1,101,2.5,94.19,145,149,294,49.32,7.1,157.07,1,13.2,21.3,61.97,8.8,3,169,13.4,6.02,77,61,73,86
487573,KLTRS01KLP,843495,21/02/2019,08:07,09:11,Light Yellow,Clear,1.021,6.1,Trace,Negative,Negative,Negative,Negative,Normal,Negative,5-6,0,1-3,Rare,Nil,NIL,13.6,5.5,47.2,88.2,24,28,14.5,43.1,10352,73,39,10,8,0.4,5.17,1.96,0.65,0.16,0.08,55,7.1,14,0.27,31.3,4.5,0.04,0.4,0.96,168,58,83.9,18.4,92,81,2.9,1.45,0.69,0.2,0,0.2,111,21,30,30,8.2,4.3,3.9,1.1,0.6,9.2,4.2964,7.16,122,5.7,98,2.5,117.58,92,155,247,37.25,8.9,208.73,0.9,14.8,104.7,14.14,10.8,2.2,152,16.9,0.8,95,74,79,62
858206,KLTRS14TSS,451524,23/02/2019,06:45,08:00,Light Yellow,Clear,1.012,6.7,Negative,Trace,Negative,Negative,Negative,Normal,Negative,3-4,2,2-2,Nil,Moderate,NIL,1.1,4.8,27.8,86.9,2,3,12.6,45.9,29523,54,38,5,2,0,5.35,2.72,0.92,0.25,0.02,323,12,20,0.29,24.5,2.4,0.32,0.26,0.22,150,47,96.7,7.7,38.5,96,3.2,2.06,0.49,0.7,0.2,0.5,96,53,18,49,7.7,5.5,2.2,2.5,0.9,12.1,5.6507,6.28,137,3.6,100,4.9,107.94,103,216,319,32.29,8.7,202.99,0.7,15.3,156.3,9.79,10.6,3,129,7.4,0.36,88,91,95,61
405602,KLTRS13ODB,401861,20/02/2019,11:46,12:39,Dark Yellow,Clear,1.03,7,Trace,Negative,Negative,Negative,1+,Normal,Negative,9-10,1,2-2,Nil,Moderate,NIL,17.8,4.1,23.8,84.3,43,74,11.7,39.3,17672,30,29,3,9,0,5.69,2.56,0.68,0.36,0.13,22,9.1,11,0.28,34,4.3,4.61,0.13,0.19,192,59,76,19.4,97,65,3.3,1.29,0.78,2.5,1.2,1.3,122,34,33,19,8.3,4,4.3,0.93,1.2,6.3,2.9421,2.45,137,5.6,100,3.5,108.04,119,304,423,28.13,8.1,185.77,0.1,12.7,122.6,10.36,9.2,6.2,104,11.1,0.39,84,89,88,112
744298,KLTRS07KLP,953695,19/02/2019,06:50,08:00,Light Yellow,Slightly cloudy,1.025,6.5,Trace,1+,1+,Negative,Negative,Normal,Negative,29-31,1,2-3,Nil,Nil,NIL,6.7,4.7,63.2,120.6,14,10,13.2,39.6,9169,46,44,3,3,10.5,5.43,3.09,0.24,0.14,0.04,115,9.2,19,0.19,15.7,4.8,0.2,0.15,0.09,151,52,71.4,43.1,215.5,146,2.9,1.37,0.73,4.7,2.3,2.4,74,23,35,12,7.7,3.1,4.6,0.67,0.9,86.3,40.3021,44.78,147,2.6,106,7,91.81,97,320,417,23.26,10.7,260.39,1.3,13.7,112.2,12.21,13.4,2.6,51,11.8,0.92,103,64,106,63
758925,GYAHD14JHJ,421993,22/02/2019,06:24,07:22,Straw,Slightly cloudy,1.019,6.7,Negative,Negative,Negative,Trace,Negative,Normal,Negative,28-33,2,3-3,Nil,Nil,NIL,10.8,4.1,58.8,95.3,26,18,13.7,40.5,17212,59,40,10,13,0,8.56,1.51,0.56,0.46,0.04,223,10.6,17,0.09,12.4,1,0.13,0.07,2.45,157,40,180.4,20.6,103,130,3.9,4.51,0.22,0.3,0.1,0.2,266,34,11,37,8.3,4.5,3.8,1.18,0.6,10.8,5.0436,8.41,131,5.8,103,9.1,105.14,133,196,329,40.43,5.9,122.63,0.5,15.5,79.7,19.45,7.5,4.3,189,13.7,1.26,100,79,75,133
674511,GYAHD14JHJ,336797,20/02/2019,07:06,08:15,Yellow,Slightly cloudy,1.015,6.9,Negative,Negative,Negative,Trace,Negative,Normal,Negative,8-10,1,1-2,Nil,Nil,NIL,15.4,6.4,22.3,63.3,24,69,12.7,30.8,7909,29,35,2,5,0,0.92,2.71,0.66,0.37,0.09,423,9.8,11,0.32,29,5.9,0.45,2.22,3.16,202,74,21.7,18,90,137,2.7,0.29,3.41,0.2,0,0.2,95,6,21,29,6.3,3.6,2.7,1.33,0.7,5.1,2.3817,3.4,144,3,100,4.2,108.89,161,356,517,31.14,5.8,119.76,0.7,16.1,304.7,5.28,8.9,2.3,190,11.3,3.21,107,171,83,63
810518,PBCHD10PBM,124403,21/02/2019,11:12,12:35,Light Yellow,Slightly cloudy,1.01,5.1,Negative,Negative,Negative,Negative,Negative,Normal,Negative,13-15,1,16-11,Nil,Nil,NIL,21.8,5.6,53.3,81.4,38,40,14.4,41.3,6982,30,22,3,12,0.7,1.41,1.64,0.24,0.4,0.17,266,8.5,15,0.29,23.4,6.6,0.4,0.35,0.15,229,76,171.1,38.3,191.5,151,3,2.25,0.44,0.4,0,0.4,50,53,29,23,6.3,3.5,2.8,1.25,1.1,9.6,4.4832,4.08,134,4.7,113,3.8,98.94,76,338,414,18.36,6.4,136.98,0.1,13.9,104.3,13.33,9.1,2.6,126,11.8,11.43,76,79,166,64
483260,KLTRS07WBD,188158,21/02/2019,07:57,08:27,Green,Clear,1.014,5.4,Trace,Negative,Negative,1+,Negative,Normal,Negative,3-5,2,1-2,Nil,Nil,NIL,17.4,6.7,35.7,75.8,25,48,11.7,41.2,8265,80,32,3,8,0,5.64,1.7,0.68,0.46,0.02,338,7.1,15,0.2,27.1,1.2,0.24,0.78,4.35,182,50,84,8.8,44,145,3.6,1.68,0.6,0.8,0.2,0.6,87,17,36,45,6.1,4.7,1.4,3.36,1,5.2,2.4284,2.43,132,4.1,96,4.6,110.87,138,243,381,36.22,6.3,134.11,0.3,14.6,46.9,31.13,8.7,4.3,123,13.3,2.63,74,76,74,191
625213,KLTRS02ODB,459377,20/02/2019,06:41,07:40,Orange,Hazy,1.012,7.3,Trace,Trace,Negative,Negative,Negative,Normal,Negative,5-6,1,3-4,Rare,Nil,Artifacts,12.4,6.8,35.9,98.9,18,34,13,43.5,16404,40,21,6,5,0,22.4,2.04,0.48,0.25,0,274,17.1,11,0.35,26.9,2,0.1,0.2,1.29,186,49,93.1,32.2,161,86,3.8,1.9,0.53,0.7,0.1,0.6,86,36,36,34,8.1,4.3,3.8,1.13,0.8,18.9,8.8263,11.03,121,4.5,98,5.8,97.27,87,239,326,26.69,6.1,128.37,0.2,24.6,236.6,10.4,8.8,5.3,169,9.3,1.28,112,182,123,345
645523,KLTRS12KLP,794308,19/02/2019,07:53,08:45,Straw,Clear,1.026,4.9,Negative,Trace,Negative,Negative,Negative,Normal,Negative,13-15,1,5-11,Nil,Nil,NIL,8.5,5.2,57.8,92.4,16,14,13.7,31.3,9594,44,24,3,6,0,7.38,2.37,0.44,0.71,0.01,356,8.8,14,0.34,32.9,5,0.26,0.66,0.28,153,32,78.1,7.3,36.5,189,4.8,2.44,0.41,0.4,0,0.4,155,26,18,42,7.3,4.8,2.5,1.92,0.9,135.5,63.2785,70.31,143,4.4,83,7.3,105.5,138,331,469,29.42,7.4,165.68,0.6,28.8,80.6,35.73,11.4,2.9,68,11.9,1.99,84,120,123,131
881575,PBCHD10SKM,856743,21/02/2019,09:37,10:17,Light Yellow,Hazy,1.017,6.7,Negative,Negative,Negative,Negative,Negative,Normal,Negative,8-10,0,2-3,Nil,Nil,NIL,16.5,4.4,54.4,99.5,37,30,13.4,40.9,5685,75,46,2,3,0,22.76,0.67,0.43,0.19,0,327,11.3,14,0.47,34.9,1.5,0.12,0.22,1.86,183,68,142.9,66.5,332.5,65,2.7,2.1,0.48,0.5,0.2,0.3,86,17,32,42,6.5,3.9,2.6,1.5,1,7.8,3.6426,3.64,138,5.8,97,2.8,109.19,77,215,292,26.37,6.1,128.37,0.9,21.2,116,18.28,9.1,3.9,362,17.6,1.62,80,95,115,184
247098,GYAHD07ODK,822350,20/02/2019,09:00,09:35,Yellow,Slightly cloudy,1.029,5.3,Negative,1+,Negative,Negative,2+,Normal,Negative,11-13,1,14-9,Nil,Nil,Artifacts,20.6,2,54,45.1,103,38,11.9,40.6,6280,59,31,4,9,0,1.47,2.98,0.03,0.57,0.01,278,8.8,11,0.33,39.9,0.1,0.22,0.38,2.16,205,56,74.4,98.3,491.5,183,3.7,1.33,0.75,0.9,0.3,0.6,105,13,35,27,6.3,4,2.3,1.74,0.6,8.7,4.0629,6.77,146,5,106,6.7,96.32,180,263,443,40.63,8.3,191.51,0.9,18.5,47.9,38.62,12.2,2.9,204,6.7,1.16,117,120,113,123
583858,PBCHD11CGD,995948,20/02/2019,09:45,11:09,Dark Yellow,Slightly cloudy,1.019,5.3,Negative,2+,Negative,Negative,Negative,1+,Negative,10-11,2,3-3,Nil,Nil,Artifacts,11.9,3.6,35.5,49.6,33,33,11,40.7,9395,29,27,5,6,0,2.99,2.61,0.28,0.36,0.06,31,15.1,15,0.56,19.5,3.4,0.24,0.01,0.3,103,78,62.2,35.7,178.5,65,1.3,0.8,1.25,0.5,0,0.5,51,18,15,34,6.5,3.8,2.7,1.41,0.8,18.3,8.5461,10.68,136,1.5,89,3.3,72.05,156,252,408,38.24,7.9,180.03,0.3,11.9,126.5,9.41,8.5,3.5,136,14.3,0.03,104,65,70,149
974751,KLTRS10WBD,282305,20/02/2019,11:06,11:42,Red,Clear,1.022,4.7,Trace,1+,Negative,Negative,Trace,Normal,Negative,2-3,0,1-3,Nil,Nil,Amorphous debris,6.9,6,11.4,49.8,11,60,13.3,45.4,6775,46,24,21,4,0,1.24,2.25,0.76,0.23,0.04,320,7.3,20,0.51,32.6,0.7,0.1,0.33,1.25,195,25,59.1,57,285,129,7.8,2.36,0.42,0.9,0.3,0.6,81,40,24,11,6.3,4.5,1.8,2.5,1.1,16.1,7.5187,6.84,148,2.7,98,5.6,94.89,105,344,449,23.39,5.8,119.76,0.2,15.1,102,14.8,11.6,4.7,264,10.9,8.49,175,240,95,125
463104,GYAHD08ODK,271131,21/02/2019,07:20,08:27,Deep Amber,Clear,1.025,5.1,Trace,Negative,Negative,Negative,Negative,Normal,Negative,13-15,0,3-3,Nil,Rare,Fat droplets or lipiduria,19.1,6.6,43.2,75.6,28,44,12.5,42.9,10766,31,50,4,7,0,7.08,2.86,0.79,0.18,0.06,50,8.5,13,0.25,16.4,1.7,0.37,2.34,5.85,192,39,105.2,37,185,67,4.9,2.7,0.37,0.6,0,0.6,79,44,31,12,7.3,4.2,3.1,1.35,0.6,12.5,5.8375,9.73,145,4,113,4.3,58.62,114,359,473,24.1,5.9,122.63,0.4,27.8,419.7,6.62,7.5,4.2,294,5.6,3.71,104,71,88,133
649076,PBCHD14KLC,722834,19/02/2019,07:52,08:44,Pale Yellow,Clear,1.017,6.6,Negative,Trace,Negative,Negative,Negative,Normal,Negative,29-33,1,1-4,Nil,Few,NIL,14.9,7.4,19,76.6,20,78,14,41.2,6798,65,19,4,3,0,0.95,0.35,0.26,0.43,0.02,73,11.9,13,0.13,23.1,6.6,0.34,0.33,0.73,294,26,73.5,11.3,56.5,133,11.3,2.83,0.35,0.7,0,0.7,69,7,17,9,6.5,3.8,2.7,1.41,1,22.4,10.4608,10.46,148,5.6,99,2.3,118.48,109,357,466,23.39,6.2,131.24,0.9,26.6,125.8,21.14,7,3.9,155,4.1,2.86,104,123,107,257
618769,PBCHD14HPP,946755,19/02/2019,10:17,11:40,Light Yellow,Clear,1.02,4.9,Negative,Trace,Negative,Negative,Trace,Normal,Negative,2-3,2,1-4,Nil,Nil,NIL,18.1,5.2,23.5,61.1,34,77,13.1,42.9,3047,54,30,12,3,0,3.86,2.26,0.64,0.58,0.08,342,10.9,28,0.24,29.7,1.6,0.33,0.05,0.13,232,40,88.5,18.1,90.5,203,5.8,2.21,0.45,0.6,0,0.6,246,48,25,40,6,3.7,2.3,1.61,1.2,11.8,5.5106,4.59,127,5,105,6,105.21,79,143,222,35.59,8.6,200.12,0.8,18.4,67.4,27.3,9.9,2.4,160,5.8,3.15,94,71,196,361
868902,GYAHD01ODK,368549,20/02/2019,09:43,10:30,Orange,Clear,1.014,6.3,2+,Negative,Negative,Negative,Negative,3+,Negative,8-10,55,>20,Nil,Nil,NIL,17.4,8,32.5,92.6,21,53,12.6,40.8,5036,59,34,2,5,0,2.86,1.9,0.21,0.3,0.08,204,10.4,16,0.23,15.2,1.1,0.4,0.22,0.3,167,61,85.6,5.4,27,126,2.7,1.4,0.71,0.8,0.2,0.6,109,38,40,23,7.3,4.5,2.8,1.61,1.4,66.4,31.0088,22.15,123,3.8,96,8.1,101.32,138,114,252,54.76,5.9,122.63,1,11.5,106.2,10.83,7.5,4.2,67,16.2,1.16,73,74,81,93
816253,KLTRS14KLP,221797,19/02/2019,11:47,12:36,Pale Yellow,Hazy,1.388,6.9,Trace,Negative,Negative,Negative,Trace,Normal,Negative,2-4,1,1-2,Nil,Nil,NIL,17.4,5.7,41.6,85.1,30,41,12.1,45.5,5253,51,40,1,8,0.4,4.71,1.89,0.27,0.46,0.04,263,7.9,26,0.66,30.4,2.4,0.51,0.22,0.16,962,34,74.6,57.8,289,196,28.3,2.19,0.46,0.4,0.1,0.3,62,22,26,44,7.3,4.2,3.1,1.35,1,10.6,4.9502,4.95,138,3.9,107,3.6,96.23,108,356,464,23.28,5.9,122.63,0.1,785.3,377,208.3,8.9,3.9,159,18.3,2.22,140,122,74,62
577390,GYAHD14ODK,505838,21/02/2019,08:29,09:06,Yellow,Hazy,1.027,5.4,Negative,Negative,Negative,Negative,Negative,Normal,Positive,8-9,1,2-4,Nil,Nil,NIL,15.5,4.9,52.8,80.4,31,29,11.6,40.8,9575,63,39,2,7,0,4.87,5.13,0.73,0.34,0.07,19,14.7,14,0.24,48.8,2.6,0.23,1.71,0.03,177,32,102.9,26,130,74,5.5,3.22,0.31,0.5,0.1,0.4,44,13,17,43,8.1,4,4.1,0.98,0.7,17.7,8.2659,11.81,136,3.8,97,2.7,101.1,223,153,376,59.31,7.5,168.55,0.3,18.1,183.7,9.85,10.5,2.9,185,2.5,4.65,70,65,86,96
881651,GYAHD13ODK,990885,19/02/2019,08:50,09:42,Light Yellow,Slightly cloudy,1.022,5.3,Negative,Trace,Negative,Negative,Negative,Normal,Negative,7-8,2,2-4,Nil,Nil,Amorphous debris,17.2,6.4,37.2,74,26,46,12.2,42,4243,74,52,3,5,0,3.91,2.88,0.51,0.22,0,436,9.4,13,0.24,17.8,1.2,0.16,0.04,0.19,218,47,96.8,8.7,43.5,144,4.6,2.06,0.49,1,0.3,0.7,172,28,26,15,6.8,4.3,2.5,1.72,1,79.2,36.9864,36.99,143,3.5,103,6.3,95.66,152,319,471,32.27,6,125.5,0.7,24.6,126.8,19.4,10.2,4.4,113,12,3.58,124,91,79,209
956336,PBCHD12PBP,178223,23/02/2019,10:44,11:33,Straw,Slightly cloudy,1.024,5,Trace,3+,Negative,Negative,Negative,Normal,Negative,49-51,2,1-2,Rare,Nil,NIL,13.6,5,32.8,75.3,27,41,14.5,40.5,6187,53,38,0,3,0,5.92,1.4,0.45,0.24,0.06,105,7.4,16,0.2,29.4,0.1,0.18,0.34,0.07,179,59,109.1,16.4,82,189,3,1.85,0.54,0.7,0,0.7,44,47,21,34,7.4,5,2.4,2.08,0.9,7.3,3.4091,3.79,145,4.6,114,8.3,118.41,135,327,462,29.22,5.9,122.63,0.5,18.5,121.8,15.19,9.3,6.1,136,5.1,7.39,111,63,161,107
474675,KLTRS12NLZ,147665,20/02/2019,07:55,08:35,Yellow,Cloudy,1.018,4.9,Negative,2+,Trace,Negative,Negative,Normal,Negative,60-65,2,2-3,Nil,Nil,Yeast cells,2.9,4.3,36.2,81.4,6,8,15.9,45,10937,60,32,5,5,0,4.06,1.93,0.65,0.59,0.03,113,11.6,16,0.25,26.1,3.5,0.04,0.16,0.09,237,56,91.9,23.6,118,165,4.2,1.64,0.61,0.2,0,0.2,41,52,32,48,8.1,4.6,3.5,1.31,0.8,9,4.203,5.25,138,5.2,98,3.8,92.46,76,285,361,21.05,6.2,131.24,0.6,18.4,64.6,28.48,11.8,3.6,157,5.4,0.78,101,257,117,97
617990,MZLGI11MHP,139673,19/02/2019,07:39,09:01,Light Yellow,Clear,1.021,4.6,Trace,Trace,1+,Trace,Negative,Normal,Negative,TNTC,2,1-3,Nil,Nil,NIL,9.2,5.7,33.6,80.8,16,27,14.4,43.1,5177,58,30,5,19,0,1.03,7.01,0.17,0.46,0.03,190,5.9,12,0.52,18,0.3,0.38,0.12,6.7,188,42,58.2,16.6,83,175,4.5,1.39,0.72,0.5,0.2,0.3,196,79,19,11,8.3,4.3,4,1.08,0.7,7.2,3.3624,4.8,134,4.1,99,2.8,96.07,132,128,260,50.77,6,125.5,0.9,14.5,159.2,9.11,9.1,3.9,205,3.9,2,83,181,89,187
369768,MZLGI15RJK,624930,20/02/2019,07:01,07:48,Straw,Clear,1.029,5.3,Trace,Trace,2+,Negative,1+,Normal,Negative,6-7,1,1-2,Rare,Nil,Artifacts,10.7,3.6,29.4,71.7,29,36,13.2,49.1,3883,36,21,2,6,0.9,4.93,1.69,0.63,0.45,0.03,367,15.5,10,0.57,18.2,4.5,1,0.05,0.03,165,58,97.2,25.6,128,138,2.8,1.68,0.6,1.7,0.8,0.9,45,22,40,45,7.1,4.8,2.3,2.09,0.7,6,2.802,4,139,4.8,101,11.2,104.84,190,214,404,47.03,7.4,165.68,0.9,25.5,255.1,10,9.3,2.9,175,13.9,2.78,80,94,87,190
446911,GYAHD08JHJ,515037,23/02/2019,07:14,07:54,Straw,Clear,1.027,6.8,Negative,Negative,Negative,Negative,Negative,Normal,Negative,63-64,2,2-2,Nil,Nil,Yeast cells,13.1,5.7,39.2,99.7,22,33,12.2,40.1,5503,57,28,4,2,0,9.7,3.04,0.66,0.18,0,379,9.3,16,0.35,30.8,6.1,0.38,0.38,0.52,200,31,34.6,102.2,511,111,6.5,1.12,0.9,0.6,0.1,0.5,202,28,28,24,7.4,5,2.4,2.08,1,17.2,8.0324,8.03,144,4.3,97,3.2,97.25,105,274,379,27.7,7.4,165.68,3.9,17.8,63.6,27.99,7.9,5.9,94,16.4,2.43,117,68,94,194
629341,KLTRS01ODB,431517,21/02/2019,11:25,12:54,Dark Yellow,Clear,1.017,6.9,2+,1+,2+,Negative,Trace,Normal,Negative,2-3,50,3-3,Rare,Nil,Artifacts,13.9,6.7,52.6,98.2,20,26,13.5,45.6,10757,38,27,4,4,0,2.46,1.29,0.25,0.57,0.13,365,7.9,22,0.27,36.6,3.8,0.33,0.29,0.08,187,61,96.9,38.1,190.5,126,3.1,1.59,0.63,0.9,0.3,0.6,74,26,29,36,6.2,4.3,1.9,2.26,1.1,14.9,6.9583,6.33,137,6,95,5.6,112.12,26,121,147,17.69,7.1,157.07,0.8,15,184.9,8.11,13.3,2.7,78,11.9,5.64,91,109,107,83
339281,GYAHD04ODK,330667,22/02/2019,11:26,12:08,Light Yellow,Slightly cloudy,1.01,6.1,Negative,Trace,Negative,Trace,Negative,Normal,Negative,11-13,1,7-19,Nil,Nil,NIL,20.9,5.8,48,74.1,36,43,12,40.2,9202,52,39,1,0,0,8.09,2.32,0.58,0.04,0.17,161,8.9,12,0.36,30.2,0.3,0.17,0.33,0.28,139,54,68.2,101.8,509,105,2.6,1.26,0.79,0.3,0.1,0.2,85,41,24,35,6.9,4.3,2.6,1.65,1.2,14,6.538,5.45,139,4.1,100,3.5,119.32,129,101,230,56.09,5.7,116.89,0.7,15.9,98.7,16.11,9.5,5.7,111,7.5,2.58,95,76,120,133
921056,KLTRS02TSS,545526,22/02/2019,06:47,07:57,Light Yellow,Hazy,1.015,6,Negative,Trace,Negative,Negative,Negative,Normal,Negative,13-15,2,16-20,Few,Nil,Fat droplets or lipiduria,10.6,4.8,22.5,73.2,22,47,11.8,45.7,9026,46,36,2,2,0,9.41,1.35,0.73,0.28,0.05,193,8.6,11,0.09,28.4,1.1,1.12,0.14,0.4,153,24,93.3,67.3,336.5,61,6.4,3.89,0.26,0.3,0,0.3,47,31,34,35,7.8,3.9,3.9,1,0.7,10,4.67,6.67,144,2.6,99,2.9,116.69,74,212,286,25.87,5.9,122.63,0.5,12.4,23.5,52.77,8,3.6,306,11.5,2.95,122,68,202,121
561425,MZLGI09RJK,585093,19/02/2019,11:54,12:33,Light Yellow,Slightly cloudy,1.016,5.8,1+,Trace,Negative,Trace,Negative,Normal,Negative,67-68,0,2-4,Rare,Nil,NIL,12.8,5.7,34.9,84.6,22,36,12,45.9,7959,67,52,6,14,0,1.9,5.04,0.76,0.38,0.04,203,7.3,11,0.33,25.2,0.1,0.32,0.18,0.18,214,26,88.6,6.6,33,111,8.2,3.41,0.29,0.9,0.2,0.7,76,23,18,16,7,3.3,3.7,0.89,1,12.3,5.7441,5.74,146,3,101,4.8,101.5,191,258,449,42.54,6,125.5,0.9,10.3,206.6,4.99,13,3.9,145,4.9,1.31,73,110,118,119
577542,KLTRS07WBD,826830,22/02/2019,06:35,08:00,Light Yellow,Hazy,1.011,6.9,Negative,Trace,3+,Negative,Negative,Normal,Negative,7-8,1,1-2,Nil,Nil,Fungal elements,15.6,6.8,59.4,74.4,22,26,14.5,44.2,7605,58,21,4,8,0,6.84,2.44,0.8,0.69,0.03,210,10,11,0.49,24.9,2.6,0.76,0.09,0.19,158,48,120.7,14.3,71.5,77,3.3,2.51,0.4,0.4,0,0.4,108,35,10,40,6.3,4.1,2.2,1.86,1.1,7.1,3.3157,3.01,134,2.9,95,7.8,111.35,122,137,259,47.1,6.1,128.37,0.9,24.2,89.4,27.07,12.9,3.1,126,6.5,2.6,137,84,113,76
489466,GYAHD09KLM,885335,22/02/2019,11:36,12:30,Orange,Cloudy,1.025,7,Trace,Negative,Negative,Negative,Negative,Normal,Negative,8-10,2,15-17,Nil,Nil,Mucus threads,19.3,3.7,57.4,78.3,52,33,16.8,44.4,5221,37,30,3,3,0,2.14,3.1,0.19,0.2,0.15,381,11.2,22,0.2,12.5,2.7,0.06,0.43,5.27,227,46,126.5,34.2,171,180,4.9,2.75,0.36,0.5,0,0.5,109,41,26,43,6.1,4.7,1.4,3.36,0.7,13,6.071,8.67,144,3.6,101,6.1,108.54,156,339,495,31.52,6,125.5,0.8,11.3,136.4,8.28,9.1,6.7,343,5.4,6.62,78,115,93,88
552326,MZLGI15APK,605614,19/02/2019,11:26,12:27,Yellow,Slightly cloudy,1.01,5.3,Trace,Trace,Negative,Negative,Negative,Normal,Negative,3-4,1,1-3,Nil,Nil,NIL,19.4,5.3,45.6,95.4,36,42,13.9,45,3790,75,53,2,4,0,4.46,1.51,0.47,0.47,0.08,144,11.3,12,0.35,21.6,4.8,0.29,0,0.76,154,79,85.2,12.9,64.5,175,1.9,1.08,0.93,0.7,0.3,0.4,42,22,37,13,5.9,4.1,1.8,2.28,1.2,207.9,97.0893,80.91,140,2.8,108,9.1,106.94,151,208,359,42.06,6.8,148.46,0.6,14.3,100.2,14.27,10.6,3.8,103,7.4,0.81,88,69,83,109
528698,GYAHD02KAU,242672,21/02/2019,11:48,12:53,Yellow,Clear,1.016,9.2,Trace,Trace,Negative,Negative,Negative,Normal,Negative,13-15,0,14-11,Nil,Nil,NIL,4.4,4,35.8,90.5,11,12,12.5,42.4,4222,35,25,6,10,0,5.27,7.46,0.49,0.23,0.08,281,16.6,13,0.39,34.9,2.6,0.23,0.05,5.22,159,54,70.6,33.6,168,100,2.9,1.31,0.76,0.7,0.3,0.4,98,33,23,43,7.9,4.2,3.7,1.14,0.9,18.2,8.4994,9.44,149,5,96,3.8,114.71,76,296,372,20.43,5.2,102.54,0.2,17.2,68.9,24.96,13.4,2.9,131,16.5,0.06,71,72,102,116
456803,GYAHD05KLM,286381,23/02/2019,09:20,10:07,Orange,Slightly cloudy,1.017,6,Negative,Trace,Negative,Negative,Negative,Normal,Negative,11-12,0,2-3,Nil,Nil,Fat droplets or lipiduria,15,5.3,41.9,86.7,28,35,13.9,42.5,20702,62,24,7,3,0,3.45,1.21,0.35,0.66,0.1,269,11.3,15,0.34,25.8,0.6,4.22,0.39,0.04,200,52,76.4,65.7,328.5,114,3.8,1.47,0.68,5.3,2.6,2.7,101,22,22,17,6.6,3.7,2.9,1.28,0.7,5.1,2.3817,3.4,133,4.3,98,4.3,106.24,104,352,456,22.81,6.3,134.11,0.9,14.4,75.8,19,10.6,4.1,118,22.4,0.36,92,108,87,146
400827,GYAHD05KLM,337791,21/02/2019,08:50,09:44,Pale Yellow,Slightly cloudy,1.02,6.9,Trace,Negative,Negative,Trace,Negative,Normal,Negative,6-7,1,5-12,Nil,Nil,NIL,20.3,4.5,32,79.8,45,63,11.7,43.2,4666,38,20,6,8,0,7.66,3.23,0.39,0.38,0.06,441,12.4,11,0.38,41.3,4.9,0.29,0.23,0.84,150,46,79.9,8.8,44,73,3.3,1.74,0.58,0.4,0.1,0.3,118,42,18,9,6.8,3.5,3.3,1.06,1.1,51.8,24.1906,21.99,141,2.4,101,4.5,104.08,97,301,398,24.37,5.8,119.76,0.9,26.8,137.2,19.53,11.2,3,231,4,0.1,127,95,122,180
140222,MZLGI11APK,317817,19/02/2019,10:34,11:48,Straw,Slightly cloudy,1.015,6.8,Trace,Negative,Negative,Negative,Negative,Normal,Negative,12-13,1,1-4,Moderate,Nil,Yeast cells,12.6,5.6,30.2,98.5,22,41,9.5,46.5,51640,57,34,2,20,0,8.02,1.56,0.37,0.82,0.05,122,7.3,13,0.21,33.6,0.1,6.4,0.49,0.25,214,56,33.5,32.5,162.5,161,3.8,0.6,1.67,18.3,13.8,4.5,44,41,22,11,7.5,4.1,3.4,1.21,1.5,10.8,5.0436,3.36,141,2.9,103,9.6,107.16,143,206,349,40.97,6,125.5,27.5,15.2,110.2,13.79,8.3,2.7,101,13.1,1.46,165,99,111,121
161091,PBCHD08PBM,927017,21/02/2019,08:20,09:22,Red,Slightly cloudy,1.015,4.6,Negative,Negative,Negative,Negative,Negative,Normal,Negative,10-11,19,>20,Nil,Nil,Yeast cells,18.3,5.8,36.1,87.2,31,50,12.8,42.7,20185,50,20,2,8,0,9.3,2.14,0.61,0.55,0.03,140,11.8,14,0.59,20.8,1.9,0.13,0.06,0.06,222,78,48.7,24.3,121.5,170,2.8,0.62,1.6,0.4,0,0.4,91,13,35,19,6.8,4.6,2.2,2.09,0.6,19,8.873,14.79,149,5.6,108,3.2,75.82,151,206,357,42.3,12.1,300.57,0,18.7,407.3,4.59,7.4,4.4,156,8.7,2.59,112,65,342,190
623388,PBCHD03MHS,522058,19/02/2019,08:12,09:07,Pale Yellow,Clear,1.016,5.4,Negative,Trace,Negative,Negative,Negative,Normal,Negative,8-9,2,14-16,Few,Few,NIL,14.5,4.5,20.1,91.6,32,72,14.5,44.8,10734,41,18,5,20,0,3.12,6.94,0.45,0.01,0.06,462,12.7,15,0.56,30,3.6,1.11,0.24,3.06,156,51,157,15,75,156,3.1,3.08,0.32,1.9,0.9,1,94,22,13,39,8.1,5,3.1,1.61,0.8,10.6,4.9502,6.19,143,4.8,106,5.7,98.52,159,94,253,62.85,5.2,102.54,0.3,17,226.7,7.5,9.8,4,217,11.6,2.11,97,115,72,104
213545,MZLGI06BRC,534889,23/02/2019,09:56,10:48,Light Yellow,Clear,1.011,6.6,1+,Negative,Negative,Negative,Negative,Normal,Negative,TNTC,2,2-2,Nil,Nil,NIL,12.9,4.7,37.8,96.3,27,34,13.2,39.2,5531,40,33,2,2,9.1,5.8,0.9,0.64,0.64,0.03,308,17.1,17,0.27,24.6,2.3,0.11,0.16,0.14,170,41,118.1,38.8,194,158,4.1,2.88,0.35,0.6,0.2,0.4,123,22,35,45,6.2,4.2,2,2.1,0.8,31.3,14.6171,18.27,141,3.4,95,3.7,117.14,147,169,316,46.52,7.8,177.16,0.8,23.3,133.4,17.47,10.5,3,209,4.2,11.03,114,91,85,139
396945,MZLGI01RJK,801617,21/02/2019,11:49,12:50,Light Yellow,Hazy,1.017,6.3,Trace,Negative,Negative,Trace,Negative,Normal,Negative,TNTC,0,1-2,Nil,Nil,NIL,12.4,4.4,36.3,99.2,28,34,14.3,45.7,12413,59,27,2,11,0,9.83,2.31,0.04,0.06,0.04,161,8.8,12,0.28,30.2,4.8,0.1,0.01,0.04,235,24,103.2,12.6,63,82,9.8,4.3,0.23,0.3,0.1,0.2,58,30,33,21,6.3,4,2.3,1.74,0.7,7.4,3.4558,4.94,129,6,99,4.1,104.23,156,113,269,57.99,8.3,191.51,0.5,10.9,106.6,10.23,8.2,4,199,11.1,8.25,107,96,219,122
163223,GYAHD01KAU,908501,22/02/2019,10:15,11:22,Pink,Slightly cloudy,1.012,4.8,Trace,Negative,Negative,Negative,Negative,Normal,Negative,5-7,0,3-4,Nil,Nil,NIL,9,5.5,47.2,95,16,19,12.8,49.9,9998,54,13,13,12,0,16.86,1.1,0.78,0.26,0.1,553,7.2,13,0.27,26.3,4,0.05,0.24,0.29,174,56,133.3,13.4,67,132,3.1,2.38,0.42,0.4,0,0.4,127,45,22,16,6,3.8,2.2,1.73,0.7,9.1,4.2497,6.07,123,4.7,102,6.8,115.68,152,99,251,60.56,6.3,134.11,0.4,17.4,168.4,10.33,11.7,2.5,279,3.2,3.1,178,76,111,220
122283,KLTRS12MLT,358014,19/02/2019,08:54,09:46,Straw,Clear,1.019,4.7,Negative,Negative,Negative,Negative,Negative,Normal,Negative,13-15,0,5-8,Nil,Nil,Fat droplets or lipiduria,10.5,4.7,13,80.9,22,80,13.8,43.2,8251,44,38,5,4,0,5.14,2.32,0.3,0.16,0.03,436,10.5,11,0.21,30.1,0.8,0.02,0.35,0.09,151,44,81,14.2,71,137,3.4,1.84,0.54,0.7,0.2,0.5,106,35,19,9,8,3.9,4.1,0.95,0.6,9.4,4.3898,7.32,139,4,107,5.5,34.96,129,260,389,33.16,5.9,122.63,0,18.4,284,6.48,10.3,2.4,135,12.4,2.54,245,81,92,91
421558,MZLGI02GJS,253535,23/02/2019,11:44,12:20,Light Yellow,Clear,1.013,6.1,Trace,Negative,Negative,Negative,Negative,Normal,Negative,3-5,2,1-2,Nil,Rare,NIL,10.5,7.9,34.6,69,13,30,13.9,42.3,7071,58,20,9,8,0,4.91,1.73,0.87,0.31,0.03,199,13.4,10,0.52,13,0.8,0,0.02,0.34,165,69,111.3,10.6,53,139,2.4,1.61,0.62,1.5,0.7,0.8,182,88,27,113,7.1,3.8,3.3,1.15,0.6,7.7,3.5959,5.99,92,4.1,108,2.3,72.84,118,353,471,25.05,6.8,148.46,0.8,13.2,66.1,19.97,12,2.9,200,17.2,2.54,117,115,85,100
816968,KLTRS08ODB,583403,20/02/2019,09:12,10:38,Pale Yellow,Clear,1.012,6.6,Negative,2+,Negative,Negative,Negative,Normal,Negative,13-14,1,1-4,Nil,Nil,Parasites,17.3,7.3,49.6,40.7,23,34,12.6,43.7,5677,54,24,1,4,0,4.75,2.91,0.07,0.38,0.11,396,7.7,19,0.2,24.3,4,0.15,0.05,3.46,227,36,71.4,15.5,77.5,158,6.3,1.98,0.5,0.5,0.2,0.3,58,33,16,30,6.4,4.1,2.3,1.78,1,16,7.472,7.47,140,4.9,100,4.5,96.85,167,225,392,42.6,6.2,131.24,0.9,12.2,456.2,2.67,7.8,1.7,135,10.6,0.75,84,98,260,193
507311,GYAHD04ODK,770567,19/02/2019,06:02,07:06,Light Yellow,Clear,1.026,6.3,Trace,Negative,Negative,1+,Negative,Normal,Negative,12-14,2,3-4,Rare,Nil,Parasites,8.8,5.6,62.3,96.9,15,14,13.3,47.3,7169,55,32,2,2,0,14.49,1.69,0.94,0.21,0.04,185,11.1,14,0.75,12.3,0.1,0.2,0.3,0.28,160,29,111.8,104.3,521.5,115,5.5,3.86,0.26,0.2,0,0.2,86,31,26,42,6.6,3.8,2.8,1.36,0.9,19.8,9.2466,10.27,137,2.8,107,4.9,50.64,172,298,470,36.6,5.8,119.76,0.6,737.5,61.3,1203.1,9.7,4.9,158,15.9,3.96,85,168,98,125
941217,PBCHD12PBM,498475,21/02/2019,06:48,07:22,Light Yellow,Slightly cloudy,1.015,4.6,Trace,Negative,Negative,Negative,Negative,Normal,Negative,8-10,2,1-4,Nil,Nil,NIL,8.7,4.4,30.2,70.2,19,28,14.4,41.3,7179,34,12,1,6,0,0.61,2.48,0.7,0.16,0.02,291,10,15,0.15,24.4,2.6,0.28,0.04,3.53,153,49,82.8,33.3,166.5,91,3.1,1.69,0.59,0.3,0,0.3,122,25,16,100,6.6,4.4,2.2,2,0.9,17.2,8.0324,8.92,144,3.6,102,3.1,100.79,91,260,351,25.93,6.4,136.98,0.3,26.1,113.8,22.93,9.2,2.3,180,7.3,10.95,101,71,109,173
603151,PBCHD12KLC,783756,21/02/2019,07:16,08:11,Pale Yellow,Slightly cloudy,1.013,4.7,Negative,Negative,Negative,Negative,Negative,Normal,Negative,9-10,4,2-3,Rare,Nil,NIL,13.4,4.3,11.6,90.4,31,115,14.2,43.9,2731,80,37,3,16,0,1.3,1.71,0.29,0.61,0.1,361,11.7,12,0.21,38.5,3.1,0.77,0.15,0.38,233,72,66.1,10.1,50.5,115,3.2,0.92,1.09,0.8,0.1,0.7,61,14,32,10,6.3,3.8,2.5,1.52,0.6,7.3,3.4091,5.68,136,2.9,114,3.9,119.56,92,204,296,31.08,6,125.5,0.9,15,107.8,13.91,9.7,3.8,260,9.9,2.23,82,78,67,95
331248,PBCHD10RJU,283175,21/02/2019,06:28,07:39,Straw,Clear,1.012,6.5,Negative,Trace,Negative,Negative,Negative,Normal,Negative,9-11,0,1-3,Rare,Nil,Amorphous debris,12.4,5.6,41.8,61.1,22,29,14.1,42.8,4468,43,31,5,6,0,6.33,1.46,1.04,0.05,0.06,449,12,10,0.25,15,1.4,0.28,0,0.61,174,40,113.3,59,295,152,4.4,2.83,0.35,0.3,0,0.3,73,20,16,47,6.1,3.3,2.8,1.18,1.1,16.6,7.7522,7.05,147,1.8,106,2.8,108.88,161,347,508,31.69,7.4,165.68,0.9,83.8,42.2,198.58,11.5,4.9,121,11.1,0.7,115,288,77,185
761396,PBCHD14NLM,449016,20/02/2019,08:45,10:10,Straw,Clear,1.022,6.6,1+,Negative,Negative,Negative,Negative,Normal,Negative,6-7,0,1-2,Rare,Nil,NIL,10.1,4.2,21.4,79.1,24,47,12.3,45.7,4002,44,47,1,7,0.3,5.02,4.01,0.56,0.46,0.18,864,6.2,12,0.37,28.6,4.9,0.54,0.29,0.09,199,21,137.4,12.8,64,124,9.5,6.54,0.15,1.9,0,1.9,79,33,24,11,7.4,4.5,2.9,1.55,0.9,17.5,8.1725,9.08,147,3.4,104,9.4,93.54,162,218,380,42.63,7.4,165.68,0.8,14.3,120.3,11.89,9.7,2.7,177,4.5,0.54,101,74,75,89
136619,KLTRS06ODB,190859,23/02/2019,07:01,07:38,Yellow,Slightly cloudy,1.025,6.3,Trace,Negative,Negative,Negative,Negative,Normal,Negative,4-6,2,2-4,Nil,Nil,Fat droplets or lipiduria,14.2,5.7,64.9,114.5,24,21,13.9,44.3,10762,73,30,3,3,0.4,1.03,0.7,0.56,0.64,0.05,62,15.7,11,0.49,32.9,5.6,0.03,0.51,0.17,173,51,79,17.4,87,158,3.4,1.55,0.65,0.9,0.3,0.6,48,53,17,25,6.9,4.3,2.6,1.65,0.6,5.3,2.4751,4.13,113,4.3,95,5.7,114.19,195,293,488,39.96,6.3,134.11,0.9,26.4,143,18.46,7.8,2.1,82,12.4,9.1,97,63,170,98
672934,MZLGI14RJK,377686,19/02/2019,07:48,08:22,Light Yellow,Clear,1.01,5,1+,Negative,Negative,Negative,Negative,Normal,Negative,7-8,2,2-4,Nil,Nil,NIL,18.1,6,44.4,75.3,30,40,14.5,28.9,21048,47,19,19,7,10.6,2.38,1.23,0.8,0.07,0.11,99,10.9,17,0.06,15.8,0.7,0.1,0.1,0.13,218,54,82,11.8,59,192,4,1.52,0.66,1,0.3,0.7,128,16,31,39,6.7,4.6,2.1,2.19,0.6,14.5,6.7715,11.29,136,5.5,96,5.3,91.39,178,198,376,47.34,6.2,131.24,0.7,12.4,148.9,8.33,9.5,4,171,9.7,1.49,70,91,91,110
407957,MZLGI03RJK,894289,21/02/2019,11:16,11:46,Light Yellow,Cloudy,1.014,6.4,Trace,1+,Negative,Negative,Negative,Normal,Negative,11-13,0,3-4,Nil,Few,Parasites,4.3,5.2,49.6,90.8,8,8,14.1,41.1,8786,73,30,3,20,0,0.63,1.68,0.74,0.27,0.04,344,8.9,12,0.44,28.3,4.9,0.31,4.75,3.11,157,39,34,16.2,81,116,4,0.87,1.15,0.7,0.3,0.4,100,47,36,39,6,5,1,5,1,57.4,26.8058,26.81,136,4.3,100,5.3,118.72,69,168,237,29.11,5.8,119.76,0.4,11.8,47.7,24.74,8.8,3.1,86,8.8,3.86,108,73,110,113
748083,KLTRS04TSS,983838,23/02/2019,10:43,12:09,Pale Yellow,Slightly cloudy,1.018,4.9,Negative,Negative,Negative,Negative,Negative,Normal,Negative,3-5,0,5-16,Few,Nil,Fungal elements,5.9,5.6,53.6,86.2,10,11,13.8,39.7,10890,76,19,6,7,0,4.12,0.68,1,0.45,0.03,107,8,13,0.21,12.1,4,0.37,0.15,2.11,114,50,109.2,14.4,72,66,2.3,2.18,0.46,0.5,0.1,0.4,52,11,32,13,7.8,4.1,3.7,1.11,0.8,70.6,32.9702,41.21,140,4,96,1.6,99.23,149,236,385,38.7,7.4,165.68,0.7,11.6,101.2,11.46,11.8,4.4,76,12.5,2.18,83,93,72,101
177134,KLTRS09TSS,536454,23/02/2019,06:03,07:12,Light Yellow,Slightly cloudy,1.016,6.6,Trace,Negative,Trace,1+,Negative,Normal,Negative,TNTC,2,2-3,Rare,Nil,NIL,15.1,4.4,25.9,99.1,34,58,14.4,45.8,6469,51,42,2,6,0,6.91,2.79,0.58,0.5,0.06,344,7,26,0.44,13.9,2.4,0.33,0.12,0.19,864,47,75.9,35.9,179.5,98,18.4,1.61,0.62,0.8,0.1,0.7,123,11,17,13,6.2,3.5,2.7,1.3,1,9.4,4.3898,4.39,148,4.4,96,4,84.52,154,224,378,40.74,5.8,119.76,0.9,25.9,72.6,35.67,10.5,3,179,5.3,3.97,109,74,75,78
431877,GYAHD02JHJ,548049,19/02/2019,07:22,08:28,Pale Yellow,Clear,1.012,5.4,Negative,Negative,Negative,Negative,Negative,Normal,Negative,10-12,1,3-2,Nil,Nil,NIL,17.2,2.7,36.8,82.2,63,46,13.4,41.8,9935,66,39,1,8,0,2.93,1.46,0.54,0.38,0.06,410,7.1,15,0.38,35.2,0.2,0.33,4.5,0.26,193,58,52.3,16.6,83,185,3.3,0.9,1.11,1.3,0.6,0.7,46,20,32,48,6.7,4.4,2.3,1.91,1.2,15.1,7.0517,5.88,137,5.4,108,3.1,91.63,150,347,497,30.18,5.9,122.63,0.3,13,84.2,15.44,9,3.9,274,5.9,0.35,118,87,96,285
188534,KLTRS09WBD,305513,23/02/2019,08:56,09:32,Light Yellow,Hazy,1.019,4.9,1+,Trace,Negative,Negative,Negative,Normal,Negative,11-13,1,1-3,Nil,Rare,NIL,14,6.9,29.4,80.7,20,47,13,44.6,10802,60,29,5,5,0,7.81,0.79,0.26,0.29,0.07,365,11.3,14,0.59,14.4,5.5,0.22,0.31,0.1,159,44,64.6,35.4,177,120,3.6,1.47,0.68,0.7,0,0.7,125,38,15,12,8.2,4.3,3.9,1.1,0.9,35.4,16.5318,18.37,148,4.8,101,4.4,109.51,92,113,205,44.88,6.1,128.37,0.2,151.5,118.4,127.96,9,4.1,83,12.3,2.05,77,99,67,79
142762,GYAHD15KAU,880400,21/02/2019,08:32,10:01,Pale Yellow,Clear,1.014,5.2,Negative,Trace,Negative,Negative,Negative,Normal,Negative,2-4,1,1-2,Nil,Nil,Mucus threads,9.3,6.7,40.1,88.6,13,23,12.6,44.6,8922,59,16,1,11,11.6,9.8,0.35,0.57,0.41,0.09,1006,7.8,17,0.67,19.7,2,0.25,0.22,4.38,152,33,87.7,36.9,184.5,125,4.6,2.66,0.38,0.8,0.2,0.6,58,37,20,17,6.1,4.9,1.2,4.08,0.9,16.8,7.8456,8.72,138,2.6,98,3.4,100.27,154,195,349,44.13,6.8,148.46,0.3,15.9,55.6,28.6,12.8,4.6,108,5.3,10.93,99,85,89,132
253763,GYAHD06ODK,859010,20/02/2019,11:48,12:31,Green,Slightly cloudy,1.011,6.9,Negative,Negative,Negative,Negative,Negative,Normal,Negative,7-8,2,2-3,Nil,Nil,NIL,11.7,5.2,39.8,87.2,22,29,14,41.6,51739,43,32,3,5,5.8,1.05,1.06,0.93,0.43,0.08,382,10,13,0.25,45.1,3.4,4.81,0.02,0.36,230,23,79.2,23.3,116.5,74,10,3.44,0.29,0.8,0.1,0.7,66,53,25,16,8.3,3.1,5.2,0.6,0.6,15.6,7.2852,12.14,145,2.9,98,5.8,108.73,127,199,326,38.96,8.1,185.77,0.8,22.8,66.6,34.23,9.2,3.8,249,5.6,9.24,111,82,104,292
909193,MZLGI05GJS,413859,21/02/2019,11:24,12:21,Light Yellow,Clear,1.014,5,Negative,Trace,Negative,Negative,Negative,2+,Negative,10-12,2,3-2,Rare,Nil,NIL,15,4.6,38,84.6,32,39,14.1,43.7,35644,43,29,4,8,0,0.12,0.51,0.76,0.24,0.04,265,9.3,17,0.37,25.9,3.7,0.3,0.03,0.42,208,46,71.3,20.8,104,73,4.5,1.55,0.65,6.3,3.1,3.2,117,30,37,25,6.6,3.8,2.8,1.36,0.7,18.1,8.4527,12.08,120,4.2,103,4.3,94.72,82,161,243,33.74,6.3,134.11,0.3,16.9,101.5,16.65,11.1,3.8,165,7.8,0.91,124,66,88,168
736264,KLTRS12KLP,467747,21/02/2019,08:30,09:17,Pale Yellow,Opaque,1.016,6.1,Negative,Negative,Negative,Negative,Negative,Normal,Negative,9-11,3,2-2,Nil,Nil,Fungal elements,11.7,6.5,30.4,85.1,18,38,14.5,44,4775,42,26,2,7,7.9,4.82,1.43,0.78,0.24,0.01,89,6,14,0.21,12.5,1.8,0.25,0.25,4.54,533,53,42.8,19.8,99,80,10.1,0.81,1.24,15.7,11.2,4.5,87,53,11,38,7.3,3.5,3.8,0.92,1.2,12.6,5.8842,4.9,131,5.6,104,5.6,114.73,185,264,449,41.2,6.2,131.24,24.4,16,67.8,23.6,11.7,4.5,171,19.5,1.23,102,75,90,102
324006,GYAHD01KLM,499839,22/02/2019,11:46,12:32,Pale Yellow,Clear,1.021,4.6,Trace,Negative,Negative,Negative,Negative,Normal,Negative,13-14,0,1-2,Nil,Nil,NIL,13,4.4,59.5,85.9,29,21,12.1,43.9,10919,40,39,3,7,0,8.52,2.29,0.65,0.09,0.02,374,8.6,15,0.26,29,1.3,0.12,0.2,0.33,228,47,91.9,32.4,162,181,4.9,1.96,0.51,0.2,0,0.2,118,24,16,21,7.1,4.4,2.7,1.63,0.9,10.1,4.7167,5.24,139,4.4,96,3.8,68.63,120,337,457,26.26,6,125.5,0.4,13.6,77.2,17.62,7.7,4.1,109,8.7,1.67,140,85,81,96
225190,PBCHD14RJU,507897,23/02/2019,10:32,11:17,Yellow,Clear,1.012,5.8,Trace,Trace,Negative,Negative,Negative,Normal,Negative,TNTC,1,1-2,Nil,Nil,NIL,16.9,6.4,43.8,90,26,38,15.3,42.5,10274,49,36,1,3,0,8.35,1.41,0.39,0.78,0.07,223,8.6,12,0.47,28.1,2.1,0.02,0.25,0.68,157,40,82.9,108.6,543,196,3.9,2.07,0.48,0.8,0,0.8,70,55,32,37,8.4,4,4.4,0.91,0.9,158.6,74.0662,82.3,109,3.7,105,3.5,109.69,136,345,481,28.27,9.2,217.34,0.6,107.6,87.3,123.25,8.3,2.7,233,5.5,3.99,115,73,105,91
355094,MZLGI06RJK,813203,23/02/2019,09:29,10:58,Straw,Clear,1.02,5.2,Negative,3+,Negative,Negative,Negative,Normal,Negative,87-89,0,1-2,Nil,Nil,Fat droplets or lipiduria,15.3,4.7,49.9,77.7,32,30,12.8,39.4,10864,47,37,0,3,0.7,11.16,1.57,1.26,0.4,0.03,169,17.5,15,0.12,23.9,1.2,0.07,0.35,0.19,168,71,120.6,21,105,147,2.4,1.7,0.59,0.9,0.2,0.7,91,55,20,47,7.1,5,2.1,2.38,0.9,11.5,5.3705,5.97,123,4.2,104,5.3,112.75,71,179,250,28.4,8.8,205.86,0.4,11.6,119.6,9.7,12,2.6,114,5,2.69,74,155,98,110
644634,GYAHD03KLM,829002,20/02/2019,06:44,07:32,Light Yellow,Cloudy,1.023,5.2,Negative,Trace,Negative,Negative,Negative,Normal,Negative,10-12,4,3-3,Nil,Rare,Artifacts,14.7,4.4,14.4,77.1,33,102,11.6,40.5,10350,44,35,1,3,0,3.23,2.57,0.39,0.43,0.06,359,16.9,15,0.15,16.8,1.9,0.57,0.76,1.97,222,23,76.9,22.7,113.5,73,9.7,3.34,0.3,0.7,0.2,0.5,52,107,10,24,7.7,4.2,3.5,1.2,0.7,9.1,4.2497,6.07,144,3.9,102,9.5,97.18,66,140,206,32.04,6.3,134.11,1,11,99.2,11.09,10.2,4.1,119,11.3,1.97,76,74,97,102
429953,MZLGI03APK,444717,19/02/2019,07:20,08:13,Deep Amber,Milky,1.014,6.9,Negative,Trace,Negative,Negative,Negative,Normal,Negative,4-5,1,9-18,Moderate,Nil,Parasites,14.9,4.4,32.1,86.6,33,46,14.4,41.2,8484,46,39,2,7,0,8.09,2.71,0.52,0.4,0,267,12.2,18,0.26,22.2,0.1,0.53,0.19,0.33,176,45,71.8,10.1,50.5,72,3.9,1.6,0.63,0.7,0.1,0.6,49,20,18,52,7.5,3.5,4,0.88,0.6,11,5.137,8.56,142,4.1,105,5.5,97.41,115,298,413,27.85,5.8,119.76,1,13.4,69.9,19.17,8.4,2.9,104,15.1,8.81,73,81,90,111
702399,KLTRS07KLP,723383,21/02/2019,07:05,07:58,Pale Yellow,Slightly cloudy,1.027,6.6,Negative,Trace,1+,Negative,Negative,Normal,Negative,11-12,2,2-4,Nil,Moderate,NIL,16.5,3.4,35.9,79.8,48,45,13.6,44.1,6583,56,25,5,8,0,15.46,2.65,0.56,0.7,0.09,65,16.1,17,0.2,23.1,2.2,3.14,0.42,0.64,224,54,82.4,36.8,184,77,4.1,1.53,0.66,0.7,0.3,0.4,104,56,27,48,5.9,4.2,1.7,2.47,1.2,7.5,3.5025,2.92,140,5.3,102,5.6,116.36,122,164,286,42.66,6.3,134.11,0.2,24.6,78.7,31.26,11.8,3.4,236,12.5,1.02,110,68,86,66
498701,PBCHD07NLM,697264,19/02/2019,11:05,11:44,Yellow,Slightly cloudy,1.016,5,3+,3+,Negative,Negative,Negative,Normal,Negative,4-6,1,3-4,Nil,Nil,Yeast cells,13.8,5.3,21.5,63.7,26,64,13.3,41.2,5335,68,21,2,3,0.6,4.9,3.57,1.16,0.22,0.01,366,11.1,14,0.32,27.5,0.1,0.78,0.21,0.97,153,56,89.4,46,230,207,2.7,1.6,0.63,0.7,0,0.7,80,40,8,10,8.3,4.8,3.5,1.37,1.2,8.7,4.0629,3.39,136,3.9,114,1.2,92.19,195,321,516,37.79,11.9,294.83,0.1,838,90.6,924.94,9,2.8,113,8.4,1.79,100,81,103,124
198021,GYAHD14KLM,452881,22/02/2019,06:05,07:16,Light Yellow,Clear,1.031,6,2+,Negative,Negative,Negative,Negative,Normal,Negative,13-15,1,1-3,Rare,Nil,NIL,17.2,4.6,54.1,95.5,37,31,12,39.3,6805,36,21,10,2,0,9.71,1.27,1.05,0.09,0.01,186,14.2,12,0.09,13.7,3.9,0.04,0.12,0.09,230,63,172.7,7.9,39.5,145,3.7,2.74,0.36,0.2,0,0.2,56,56,29,37,6.6,3.5,3.1,1.13,1.1,12.5,5.8375,5.31,147,4.3,89,4.2,60.62,52,198,250,20.8,8.1,185.77,0.6,12.2,64.4,18.94,9.9,2.4,91,11.4,3.26,75,123,79,325
264919,MZLGI09RJK,376454,20/02/2019,08:36,09:57,Light Yellow,Clear,1.011,6.3,Negative,Negative,Trace,Negative,Negative,Normal,Negative,TNTC,2,3-4,Nil,Nil,NIL,14.8,8.4,39.3,90.8,17,37,12.6,44,5890,75,38,2,2,0,8.53,3.7,0.53,0.53,0.03,392,17,28,0.26,17,4.9,0.36,0.9,0.18,160,59,79.4,34.9,174.5,118,2.7,1.35,0.74,0.4,0.1,0.3,122,44,32,25,6.1,4.4,1.7,2.59,1.1,8.8,4.1096,3.74,140,2.6,102,4.8,118.13,60,198,258,23.26,6.4,136.98,0.9,13.8,25.4,54.33,10.7,2.6,315,18.4,3.39,125,69,84,87
202585,PBCHD08HPP,211846,23/02/2019,06:17,06:56,Light Yellow,Clear,1.015,4.5,Negative,Negative,Negative,Negative,Negative,Normal,Negative,12-14,2,1-4,Nil,Nil,NIL,12,7,42.7,84.4,17,28,13,41.1,6724,55,24,5,7,0,9.26,3.67,0.6,0.3,0.02,299,8.7,12,0.25,27.8,1.9,0.39,0.27,0.23,158,57,79.1,11.4,57,137,2.8,1.39,0.72,0.8,0.3,0.5,80,39,19,41,6.1,3.7,2.4,1.54,1.1,18.9,8.8263,8.02,134,3.5,83,3.9,62.29,187,155,342,54.68,5.9,122.63,0,17,72.1,23.58,7.9,4.5,204,19.9,1.57,84,96,96,121
288957,GYAHD07KLM,248018,23/02/2019,07:25,08:37,Straw,Clear,1.019,6.5,Trace,Trace,Negative,Negative,Negative,Normal,Negative,76-79,0,13-13,Nil,Nil,NIL,12.6,7,20.9,84.1,18,60,13.9,45.7,4262,20,18,8,6,0,2.8,1.96,0.4,0.13,0.15,340,11.6,14,0.37,24.2,0.1,0.19,0.03,0.09,197,45,140.2,25.5,127.5,86,4.4,3.12,0.32,0.8,0.3,0.5,45,53,22,46,7.7,5,2.7,1.85,0.9,11.7,5.4639,6.07,144,3.2,100,3.1,104.3,172,340,512,33.59,7.3,162.81,0.4,23.1,71.6,32.26,8.6,4.1,122,5,0.005,103,65,94,164
499363,MZLGI10MHP,525607,20/02/2019,08:04,09:30,Pale Yellow,Slightly cloudy,1.028,5.7,Negative,Trace,Negative,Negative,1+,Normal,Negative,62-66,2,2-3,Nil,Moderate,NIL,13.6,6.6,18,99.9,20,75,15.3,41,4416,42,30,3,8,0,7.53,1.34,0.51,0.49,0.16,192,17.1,25,0.3,25,0.7,0.15,0.07,0.36,218,40,57.9,5.7,28.5,207,5.5,1.45,0.69,0.4,0.1,0.3,325,33,11,34,7.5,3.6,3.9,0.92,1.1,13.8,6.4446,5.86,147,3.8,101,4.7,105.85,41,262,303,13.53,8.2,188.64,0.8,14,88.1,15.89,8,2.1,125,7.6,11.49,225,97,84,99
513550,PBCHD14PBM,779869,21/02/2019,08:57,10:03,Deep Amber,Clear,1.01,4.8,1+,Negative,Negative,2+,Negative,Normal,Negative,11-13,1,1-4,Nil,Rare,Parasites,10.1,6.8,63.6,71.4,14,15,14,40.7,7132,52,50,1,8,0,20.01,2.08,0.13,0.04,0.07,101,7.4,9,0.15,21.4,1.1,0.29,0.7,0.06,176,48,81.1,15.9,79.5,166,3.7,1.69,0.59,0.5,0.1,0.4,43,49,37,21,7,4,3,1.33,1,30,14.01,14.01,136,3.7,108,5.9,120.62,151,197,348,43.39,5.9,122.63,0.3,23.2,114.7,20.23,10.1,2.6,188,14.9,2.95,91,68,93,137
243498,KLTRS01MLT,684679,20/02/2019,10:22,11:34,Yellow,Slightly cloudy,1.011,6.6,Trace,Trace,Negative,Negative,Negative,Normal,Negative,1-2,0,3-4,Nil,Nil,NIL,21.2,4.8,17.9,92.6,44,118,13.7,44.2,2611,27,51,6,2,1.1,9.83,2.01,0.39,0.07,0.07,274,7.5,18,0.52,38.2,4.7,0.34,0.11,0.16,167,60,87,8.7,43.5,80,2.8,1.45,0.69,0.6,0.1,0.5,84,51,34,19,6.8,4.5,2.3,1.96,0.7,14.1,6.5847,9.41,134,3.6,106,5.3,94.43,123,126,249,49.4,5.7,116.89,0.3,11.7,70.3,16.64,9.7,4.3,163,10.4,0.04,133,93,216,94
163641,PBCHD04CGD,877462,22/02/2019,07:15,08:25,Pale Yellow,Clear,1.025,4.8,Trace,Negative,Negative,3+,Negative,Normal,Negative,TNTC,3,>20,Few,Nil,Fat droplets or lipiduria,15.7,5.6,14.4,72.5,28,109,13.8,44.6,9436,49,46,3,4,0,0.59,2.14,0.25,0.29,0.06,174,7,16,0.23,17.7,0.9,0.26,0.14,0.84,193,48,115.9,6.9,34.5,133,4,2.41,0.41,0.5,0.2,0.3,61,57,13,9,6,3.6,2.4,1.5,1.1,16.2,7.5654,6.88,144,4.4,100,3.1,101.49,148,149,297,49.83,7.8,177.16,0.1,15.1,283.8,5.32,9.9,3.1,113,4.8,6.38,83,63,99,109
187746,KLTRS13MLT,176001,20/02/2019,10:35,11:33,Pale Yellow,Hazy,1.013,5.9,2+,Negative,Negative,Negative,2+,Normal,Negative,8-10,2,1-3,Nil,Nil,Parasites,1.4,8.5,40.9,99.9,1,3,13.7,40.8,9639,55,47,6,11,0,0.57,1.29,0.5,0.13,0.47,106,7.2,15,0.32,13.7,4.1,0.03,0.32,1.42,169,24,91,24.4,122,154,7,3.79,0.26,0.4,0.1,0.3,65,50,37,13,6.8,3.8,3,1.27,1.1,18.9,8.8263,8.02,123,5,97,5.5,82.1,170,310,480,35.42,5.9,122.63,4.2,22,241,9.13,8.9,3.4,88,21.9,3.67,110,86,103,139
216339,MZLGI15GJS,113192,20/02/2019,10:28,11:27,Deep Amber,Clear,1.016,6.4,Negative,Negative,Negative,Negative,Negative,Normal,Negative,13-14,1,2-4,Rare,Nil,NIL,11.9,5,36.1,54.7,23,32,13.5,28.1,32029,55,30,6,3,0,19.15,2.27,0.05,0.02,0.12,165,7.4,15,0.38,23.9,1.7,0.14,0.78,0.37,190,35,72.1,15.7,78.5,87,5.4,2.06,0.49,0.5,0.2,0.3,123,21,33,45,6.6,4.1,2.5,1.64,0.7,9.4,4.3898,6.27,140,3.7,98,3.4,62.39,151,186,337,44.81,7.5,168.55,0.2,20,289.9,6.9,9.7,5.6,180,5.2,11.23,116,74,89,159
905443,KLTRS01KLP,931752,23/02/2019,06:48,07:30,Yellow,Slightly cloudy,1.013,4.8,Negative,Trace,Negative,Negative,Negative,Normal,Negative,3-4,20,3-2,Nil,Nil,Yeast cells,16.9,5.9,26.2,80.4,28,64,13,43.8,6113,52,30,5,20,0,6.86,2.16,0.3,0.13,0.05,125,14.4,15,0.27,33.6,0.6,0.44,0.05,0.29,861,44,86.3,29.6,148,129,19.6,1.96,0.51,0.8,0.1,0.7,85,38,24,48,6.9,5.5,1.4,3.93,1.6,14.3,6.6781,4.17,124,3.1,95,3.8,92.16,121,349,470,25.74,7,154.2,0.8,28,241.6,11.59,10.1,6.3,250,10.3,6.2,115,86,86,168
241514,PBCHD12SKM,320228,20/02/2019,09:03,10:13,Orange,Slightly cloudy,1.028,5.8,Negative,1+,Negative,Negative,Negative,Normal,Negative,11-12,0,1-4,Nil,Nil,NIL,15.2,7.9,39.4,98.5,19,38,14.3,42,5621,37,30,6,8,0.2,22.62,2.8,0.36,0.03,0.06,1175,9.4,12,0.25,22.6,1.8,0.25,0.56,0.12,990,58,145.9,11.4,57,88,17.1,2.52,0.4,0.9,0.2,0.7,81,41,17,32,6.5,4.4,2.1,2.1,1.2,10,4.67,3.89,129,4.3,99,6.6,90.49,214,138,352,60.8,6.2,131.24,0.5,12.8,30.4,42.11,8.9,3.6,85,9,9.31,76,99,72,335
583824,GYAHD07JHJ,870626,20/02/2019,09:44,10:18,Light Yellow,Clear,1.013,4.9,Trace,Trace,Negative,Negative,Negative,Normal,Negative,1-2,47,2-3,Nil,Nil,NIL,15.3,4.6,28.4,91.6,33,53,13.4,44.8,10802,49,36,2,7,0,9.53,2.59,0.22,0.29,0.16,278,7.3,10,0.23,17.1,4.8,0.37,0.07,0.54,170,45,97.6,35.6,178,182,3.8,2.17,0.46,0.7,0.3,0.4,103,55,39,23,6.5,3.8,2.7,1.41,0.6,10.3,4.8101,8.02,133,4.4,97,3.8,113.58,139,171,310,44.84,8.4,194.38,0.3,11.7,61.1,19.15,9.7,3,120,16.7,2.76,117,94,107,90
477184,KLTRS15ODB,495586,21/02/2019,09:20,10:09,Straw,Hazy,1.016,4.8,Negative,Trace,Negative,Trace,Negative,Normal,Negative,4-5,2,1-4,Nil,Rare,Fat droplets or lipiduria,13.1,4.5,51.4,73.2,29,25,15,42.4,7940,38,25,6,10,0,6.57,2.77,0.99,0.15,0.01,233,7.1,15,0.38,34.8,2.3,0.33,0.17,0.27,195,45,142.6,23.5,117.5,82,4.3,3.17,0.32,0.8,0.1,0.7,100,44,26,47,7,3.8,3.2,1.19,0.4,84.3,39.3681,98.42,138,5.5,107,4.7,101.97,30,187,217,13.82,5.2,102.54,0.5,18.5,312.7,5.92,10.3,5.3,114,4.3,2.36,72,110,266,66
681821,GYAHD11JHJ,222205,22/02/2019,06:47,08:08,Pale Yellow,Hazy,1.014,5.4,Negative,Trace,Trace,Negative,Negative,Normal,Negative,4-6,2,1-3,Rare,Nil,NIL,8.3,7.2,45,88.3,11,18,13.6,48.7,6425,55,40,5,2,12,18.74,2.07,0.6,0.25,0,107,7.4,16,0.16,21.1,3.8,0.07,0.8,0.1,198,80,105.7,103.2,516,129,2.5,1.32,0.76,0.7,0.3,0.4,49,54,37,37,6.7,3.6,3.1,1.16,1.2,19,8.873,7.39,144,2.9,102,6.8,95.49,123,192,315,39.05,6,125.5,1,24.1,142,16.97,7.9,3.3,186,8.6,2.47,103,95,79,105
211350,KLTRS12NLZ,112727,22/02/2019,10:30,11:49,Light Yellow,Clear,1.015,6.8,Negative,Negative,Negative,Negative,Negative,Normal,Negative,9-11,5,5-9,Nil,Rare,Yeast cells,18.6,2.1,25.4,56.9,88,73,12.4,45.8,9264,49,39,5,2,0,6.52,1.72,0.4,0.18,0.12,443,5.7,6,0.28,39.2,2.4,0.83,2.78,3.71,153,55,87.2,19.3,96.5,131,2.8,1.59,0.63,0.7,0.3,0.4,108,5,40,26,6.2,4.4,1.8,2.44,1.2,15.4,7.1918,5.99,145,4.3,102,4.7,104.54,136,133,269,50.56,5.8,119.76,5.7,12.1,236,5.13,8.5,4.3,76,7.3,7.29,110,109,186,160
206621,GYAHD05KAU,439619,20/02/2019,06:50,07:27,Pale Yellow,Hazy,1.026,6.5,Negative,Negative,Negative,Negative,Negative,Normal,Negative,6-7,1,1-3,Nil,Nil,Parasites,13.1,5.4,53.4,85.2,24,24,13.3,44.2,49804,45,25,6,4,0,6.06,4.55,0.43,0.15,0.09,127,7.1,9,0.73,15.7,0.2,0.09,0.32,1.24,165,64,78.6,36.8,184,175,2.6,1.23,0.81,1.3,0.6,0.7,42,10,29,48,8.6,4.2,4.4,0.95,1,13.6,6.3512,6.35,149,5.9,98,2,64.12,60,345,405,14.81,7.2,159.94,0.7,11.8,397.3,2.97,10.5,3.6,128,5.1,1.6,91,73,120,182
572854,PBCHD06RJU,492168,20/02/2019,11:39,12:38,Yellow,Slightly cloudy,1.014,7,Negative,Negative,Negative,Negative,Negative,Normal,Negative,TNTC,8,1-2,Nil,Nil,NIL,9.9,3.3,51.9,70,30,19,14,43.3,5487,54,47,2,5,0,18.54,6.28,0.58,0.09,0.14,367,14.1,17,0.28,12.1,2.4,0.16,0.37,0.35,204,40,64.1,11.7,58.5,115,5.1,1.6,0.62,0.9,0.3,0.6,43,28,21,48,7.8,3.8,4,0.95,0.7,14.8,6.9116,9.87,141,5.3,112,3.8,91.5,191,342,533,35.83,8.5,197.25,0.6,10.7,25.7,41.63,9,3.8,147,8.3,3.37,93,96,89,63
598870,GYAHD11JHJ,457364,19/02/2019,11:34,12:58,Yellow,Cloudy,1.014,5.2,Trace,Trace,Negative,Negative,Negative,Normal,Negative,3-5,0,3-3,Nil,Nil,NIL,21,5.8,56.9,87.6,36,36,11.6,42.2,8874,56,19,4,10,0,8.41,2.85,0.64,0.05,0.02,20,11.9,17,0.26,27.7,4.1,0.18,3.33,0.13,164,47,84.3,38.8,194,104,3.5,1.79,0.56,0.4,0,0.4,92,44,40,17,7.9,2.9,5,0.58,0.7,9.5,4.4365,6.34,137,3.2,104,3.7,109.4,74,269,343,21.57,7.9,180.03,0.4,18.7,93.5,20,10.5,5.4,241,10.7,1.17,75,196,89,119
849608,MZLGI01BRC,913642,23/02/2019,08:53,09:56,Pale Yellow,Hazy,1.021,5.6,Negative,Trace,Negative,Negative,Negative,Normal,Negative,4-6,0,1-4,Nil,Nil,NIL,10.5,5.3,42,65.6,19,25,11.6,42.5,4636,72,17,2,8,0,18.81,7.82,0.74,0.04,0.05,360,7.7,15,0.24,18.8,1.1,0.73,0.32,0.36,170,23,53.4,103.5,517.5,149,7.4,2.32,0.43,0.5,0.2,0.3,77,17,32,38,6.6,4.6,2,2.3,0.6,14.1,6.5847,10.97,136,4.1,97,5.4,28.61,66,281,347,19.02,8.5,197.25,0.6,14.1,22.9,61.57,11.2,3.2,154,4,0.08,172,81,96,282
994123,MZLGI09GJS,717658,20/02/2019,06:43,07:45,Light Yellow,Clear,1.016,5.6,Trace,Trace,Negative,1+,Negative,Normal,Negative,2-3,3,1-2,Nil,Nil,NIL,9.2,4.3,43.5,98.7,21,21,13,49.4,9857,58,26,6,6,0,5.05,2.24,1.2,0.47,0.01,206,10.6,15,0.67,24.9,2.1,0.74,0.3,0.07,199,41,37.9,38.9,194.5,174,4.9,0.92,1.08,1,0.3,0.7,76,61,36,11,6.6,4.6,2,2.3,1.2,12.9,6.0243,5.02,143,3.8,106,3.1,100.18,157,125,282,55.67,7.8,177.16,0.6,16.8,33.6,50,9.3,2.1,66,5.9,3.97,76,78,77,182
536873,KLTRS01TSS,726249,20/02/2019,09:53,10:51,Light Yellow,Slightly cloudy,1.014,5.2,Trace,Trace,Negative,Negative,Negative,Normal,Negative,2-3,2,2-3,Nil,Few,NIL,19.5,5.4,48.7,55.5,36,40,12.4,40,5576,39,33,5,4,0,1.13,2.03,0.78,0.88,0.02,392,7.3,11,0.27,14.9,7.2,1.95,0.17,0.64,190,32,81.9,10.7,53.5,137,5.9,2.56,0.39,0.4,0,0.4,43,95,13,36,6.7,4.8,1.9,2.53,2.1,16.9,7.8923,3.76,134,3.3,96,5.6,93.57,124,352,476,26.05,6.7,145.59,0.7,25.9,69.8,37.11,10.4,2.2,181,15.8,3.94,77,123,98,168
783444,KLTRS02ODB,233940,23/02/2019,08:42,09:54,Pale Yellow,Clear,1.029,6.6,Negative,Negative,Trace,Trace,Negative,Normal,Negative,7-8,1,2-2,Nil,Nil,NIL,11.6,7.1,37.3,86.2,16,31,13.6,45.3,10213,32,21,1,3,0.8,15.74,1.84,0.11,0.01,0.08,123,8.2,19,0.31,14.1,3.9,0.11,0.11,0.24,169,52,75.1,21.3,106.5,129,3.3,1.44,0.69,0.5,0.2,0.3,82,12,19,29,7.9,3.8,4.1,0.93,0.8,9.4,4.3898,5.49,145,4.6,100,9.3,90.99,60,175,235,25.53,8.5,197.25,0.7,28.7,140.8,20.38,11.5,5.4,145,5.3,1.88,96,73,113,162
934650,KLTRS12TSS,906894,22/02/2019,10:51,11:50,Light Yellow,Hazy,1.024,4.8,Trace,Trace,Negative,Negative,Negative,Normal,Negative,1-2,1,1-4,Nil,Few,Fat droplets or lipiduria,16.8,5.7,52.2,93.9,29,32,14,40.4,51972,23,40,6,7,0,6.03,2.71,0.32,0.14,0,124,9.7,15,0.35,30.5,0.1,0,0.59,1,155,45,128.8,28.6,143,131,3.4,2.86,0.35,0.8,0,0.8,321,53,18,14,6.7,4.5,2.2,2.05,1.2,18,8.406,7.01,137,4.2,107,4.2,116.39,77,189,266,28.95,6.1,128.37,0.6,14.9,31.1,47.91,11.8,4.9,178,14.6,0.47,103,64,86,128
524527,PBCHD12SKM,213796,23/02/2019,09:24,10:42,Light Yellow,Clear,1.013,5.3,Negative,Negative,Negative,Negative,Negative,Normal,Negative,44-49,2,3-4,Nil,Rare,Artifacts,12.7,5.4,32.2,72.5,23,39,13.4,44.5,4535,64,10,6,14,0,2.6,1.33,0.93,0.09,0.03,189,11.3,19,0.34,12.5,1.4,0.89,1.33,0,182,22,85.4,13.5,67.5,83,8.3,3.88,0.26,0.8,0.1,0.7,44,31,16,31,7.1,4.9,2.2,2.23,0.9,19,8.873,9.86,145,2.9,105,9.9,75.88,60,189,249,24.1,6.4,136.98,0.2,27.7,97.1,28.53,9.6,2.3,85,10,1.68,121,81,177,170
525745,MZLGI12GJS,734280,22/02/2019,07:10,08:24,Light Yellow,Hazy,1.021,6.1,1+,Negative,Negative,1+,Negative,Normal,Negative,31-36,2,2-4,Nil,Few,Yeast cells,13.8,5.3,52.7,70.3,26,26,10.5,39.1,2868,49,19,6,4,2.2,5.1,1.11,0.42,0.27,0.05,215,9.7,20,0.15,41.3,2.5,0.87,0.02,0.17,154,58,66.8,13.5,67.5,190,2.7,1.15,0.87,4.2,0.1,4.1,64,46,27,29,7.4,3.9,3.5,1.11,0.8,8.8,4.1096,5.14,130,4.5,95,5.8,60.97,159,215,374,42.51,12.6,314.92,0.7,16.1,56.7,28.4,11.7,3.7,179,19,0.95,91,90,120,120
484668,KLTRS06ODB,547977,19/02/2019,06:49,07:35,Pale Yellow,Clear,1.018,6.6,Trace,Trace,Negative,Negative,Negative,Normal,Negative,1-3,1,2-4,Nil,Nil,NIL,11.1,5.5,36.9,94.3,20,30,12.9,41.5,8637,52,32,24,4,0,1.33,1.24,0.53,0.42,0,112,8.3,15,0.5,29,4.9,0.23,0.05,0.12,158,57,94.9,25.3,126.5,168,2.8,1.66,0.6,0.8,0.3,0.5,103,11,25,23,7.5,4.3,3.2,1.34,0.9,18.3,8.5461,9.5,144,5.7,101,6.3,112.46,158,321,479,32.99,8.2,188.64,0.5,18.6,42.3,43.97,8.8,2.3,202,14.1,3.05,100,73,97,302
751804,KLTRS11TSS,661834,21/02/2019,11:22,12:30,Pale Yellow,Clear,1.016,6.2,Trace,Negative,Negative,Negative,Negative,Normal,Negative,9-11,4,3-3,Nil,Nil,Yeast cells,10.4,5.6,27.4,75.6,18,37,12.6,44.6,7360,32,33,6,5,0,16.51,0.3,0.87,0.27,0.01,206,7.6,5,0.2,30.3,7.2,0.04,0.38,0.43,920,48,77.3,11.6,58,93,19.2,1.61,0.62,11.9,7.4,4.5,67,19,20,22,7.8,4,3.8,1.05,1,11.9,5.5573,5.56,123,3.9,105,6.5,92.38,184,216,400,46,6.3,134.11,0.5,13.7,147.3,9.3,9.1,4.5,91,3.7,0.77,74,279,120,95
381173,GYAHD04KLM,264779,22/02/2019,06:29,07:07,Pale Yellow,Clear,1.015,6.8,Negative,Negative,Negative,Negative,Negative,Normal,Negative,4-6,0,1-4,Few,Nil,NIL,14.3,2,46,71,71,31,11.9,41.7,9147,31,31,1,4,0,2.46,0.11,0.71,0.66,0.05,96,15.7,14,0.61,43.5,4.3,0.26,0.72,0.05,174,78,123.9,36.2,181,153,2.2,1.59,0.63,0.8,0.1,0.7,42,30,29,35,6,4,2,2,0.9,11.1,5.1837,5.76,125,3.9,95,2.9,117.51,115,298,413,27.85,5.9,122.63,0.9,22,134,16.42,8.1,4,186,9.2,2.61,83,169,70,75
742308,PBCHD13PBP,388798,19/02/2019,07:30,08:09,Deep Amber,Slightly cloudy,1.016,4.9,1+,Negative,Trace,Negative,Negative,Normal,Negative,4-6,3,1-2,Nil,Nil,NIL,8.8,5.1,45.2,55.8,17,19,12.7,41.1,8213,69,22,6,3,0,5.27,1.72,0.68,0.32,0,138,10.4,17,0.73,30.9,4.9,0.31,0.84,0.71,151,55,86.9,14.4,72,72,2.7,1.58,0.63,0.7,0.3,0.4,88,46,11,18,7,4.6,2.4,1.92,0.9,10.9,5.0903,5.66,145,2.8,110,4.7,115.43,99,356,455,21.76,7.9,180.03,0.4,10.6,155.9,6.8,10.1,6.4,122,6.4,0.88,75,173,156,78
878597,GYAHD13KLM,682383,23/02/2019,06:22,07:36,Light Yellow,Hazy,1.018,5.7,Trace,Negative,Negative,Negative,Negative,Normal,Negative,11-13,2,15-17,Nil,Nil,Fat droplets or lipiduria,4.4,4.9,26.4,87.3,8,16,12.7,39.6,3733,58,20,1,6,0,7.1,1.62,0.13,0.37,0.15,381,8.5,16,0.31,38.8,5.5,0.57,0.37,0.04,237,60,138.4,106.4,532,185,4,2.31,0.43,0.7,0.2,0.5,52,44,14,36,6.7,4.4,2.3,1.91,0.8,6.1,2.8487,3.56,140,3.3,105,11.9,106.2,129,358,487,26.49,5.7,116.89,1,28.7,127.5,22.51,11.1,3.6,258,5.7,1.51,112,96,349,190
547284,MZLGI10APK,298032,22/02/2019,09:29,10:25,Light Yellow,Clear,1.017,5.5,Negative,Trace,Negative,Negative,Negative,Normal,Negative,7-9,0,3-3,Rare,Nil,Amorphous debris,12.2,5.7,45.7,82.5,21,26,13.1,39.5,21132,43,15,2,9,0,3.19,2.98,0.07,0.16,0.05,143,11.3,17,0.24,12.4,2.2,0.24,0.22,0.37,125,40,81.9,105.3,526.5,62,3.1,2.05,0.49,0.6,0.1,0.5,41,25,16,45,7.5,4.8,2.7,1.78,1.2,9,4.203,3.5,120,5.3,104,4.4,115.2,214,299,513,41.72,6.9,151.33,0.2,26.8,270,9.93,10.4,5.6,59,8.7,1.08,82,75,88,88
695504,MZLGI07BRC,667432,21/02/2019,08:02,09:29,Light Yellow,Clear,1.012,6.5,Negative,Negative,Negative,Negative,Negative,Normal,Negative,TNTC,0,2-3,Nil,Nil,Amorphous debris,15.5,4.3,13.5,77.4,36,114,14.1,45.3,4814,46,29,6,5,1,9.33,2.23,0.4,0.62,0.04,943,11.8,20,0.74,13.4,2.9,0.16,0.58,0.86,189,20,164.9,20.3,101.5,111,9.5,8.25,0.12,0.7,0.3,0.4,88,26,15,30,8.2,3.8,4.4,0.86,0.8,15.2,7.0984,8.87,121,2.7,107,7.1,119.94,179,341,520,34.42,7.7,174.29,0.7,12.2,74,16.49,8.5,6.9,342,11,2.26,124,84,72,89
560021,PBCHD03RJU,565148,22/02/2019,08:54,09:47,Pale Yellow,Clear,1.023,5.3,3+,Negative,Negative,Negative,Negative,Normal,Negative,13-15,0,1-2,Nil,Nil,Fungal elements,11.9,5.9,42.4,94.9,20,28,13.1,26.6,5329,32,25,2,2,0,7.93,4.27,0.23,0.29,0.04,207,10.5,20,0.39,25.9,0.3,0.3,0.25,0.19,219,49,84.6,6.1,30.5,77,4.5,1.73,0.58,0.8,0.3,0.5,76,20,16,34,7.6,3.9,3.7,1.05,1.2,16.7,7.7989,6.5,141,4.4,107,5.9,116.45,67,309,376,17.82,5.9,122.63,0.6,18.4,91.2,20.18,9.9,4.4,239,13.1,3.64,91,92,85,93
837257,PBCHD14RJU,164846,23/02/2019,06:00,07:17,Pale Yellow,Hazy,1.028,4.5,Negative,Negative,Negative,Negative,Negative,Normal,Negative,12-13,2,3-2,Nil,Rare,NIL,8.6,4,47.7,80.3,21,18,12.1,45.7,9081,56,12,4,11,2.3,7.72,2,0.17,0.32,0.09,23,12.7,16,0.25,21.8,3.9,0.11,0.05,0.38,135,46,139.8,65.6,328,81,2.9,3.04,0.33,0.7,0.3,0.4,125,48,39,32,7.9,4,3.9,1.03,0.7,17.3,8.0791,11.54,127,5.5,108,3,72.98,187,143,330,56.67,8.1,185.77,0.5,15,101.7,14.75,9.2,5,196,4.8,3.06,107,85,88,270
214001,MZLGI02RJK,509971,21/02/2019,07:12,08:17,Straw,Clear,1.027,4.7,Negative,Negative,Negative,1+,Negative,Normal,Negative,2-3,1,1-2,Nil,Nil,NIL,8.2,4.3,47.2,42.8,19,17,13.9,39.7,10147,31,24,6,7,0,1.1,1,0.43,0.65,0.03,333,7.4,13,0.26,39.3,0.4,0.2,0.16,2.82,148,48,125.1,19.1,95.5,109,3.1,2.61,0.38,0.9,0.3,0.6,112,100,32,36,7.6,4.2,3.4,1.24,1.2,7.9,3.6893,3.07,136,3.1,104,5.3,41.64,261,346,607,43,6.8,148.46,0.6,14.9,88.9,16.76,11.8,4.5,134,5.3,1.28,132,198,75,61
929156,GYAHD08KLM,794290,23/02/2019,06:07,06:51,Light Yellow,Milky,1.028,4.8,Negative,1+,Negative,Negative,Negative,Normal,Negative,3-5,0,2-2,Few,Rare,Artifacts,10.4,6.7,36.9,89.3,15,28,13.5,45.3,4353,53,14,5,5,0,5.85,2.49,0.5,0.32,0.17,800,11.9,11,0.29,24.9,2.4,0.4,0.18,1.08,240,26,70.6,11.1,55.5,144,9.2,2.72,0.37,0.7,0.1,0.6,100,54,31,9,6,4.2,1.8,2.33,0.7,12.8,5.9776,8.54,102,4,103,4.4,71.55,124,246,370,33.51,7.6,171.42,0.5,551.9,108.6,508.2,12,5.4,156,19.7,1.63,71,81,95,94
949547,GYAHD13KAU,764657,19/02/2019,06:04,07:17,Light Yellow,Cloudy,1.014,6.8,Negative,Negative,Negative,Negative,Negative,Normal,Negative,1-2,0,1-4,Nil,Nil,NIL,18.7,3.9,58.2,93.5,47,32,13.5,45.7,9536,34,30,3,5,0,2.69,0.96,0.41,0.04,0.01,326,12,17,0.16,13.6,6.4,0.65,0.95,0.38,163,77,116.9,36.3,181.5,101,2.1,1.52,0.66,0.4,0,0.4,119,51,39,9,8,4.2,3.8,1.11,0.4,25.7,12.0019,30,136,3.8,102,4.7,101.69,142,240,382,37.17,6,125.5,0.2,23.7,126.3,18.76,12.2,3.6,192,9.9,0.005,92,88,90,199
415130,PBCHD11PBP,255926,23/02/2019,07:59,09:10,Straw,Clear,1.024,6.6,Trace,Trace,Negative,Negative,Negative,Normal,Negative,2-4,1,2-4,Nil,Nil,Fungal elements,18.6,4.2,17.8,75,44,104,12,46.1,2276,44,34,5,5,0,9.21,1.65,0.55,0.62,0.02,430,10.7,11,0.37,18.6,4.8,0.07,0.04,0.37,132,49,83.4,58.9,294.5,151,2.7,1.7,0.59,0.7,0,0.7,107,16,36,25,7.7,4.7,3,1.57,0.8,13.3,6.2111,7.76,148,4.3,94,2,96.99,117,331,448,26.12,5.8,119.76,0.3,47.4,55.1,86.03,7.3,2,199,12.4,1.47,96,76,87,181
762888,KLTRS07ODB,398985,19/02/2019,08:48,09:55,Light Yellow,Clear,1.011,5.5,Negative,3+,Negative,Negative,Negative,Normal,Negative,13-14,0,3-4,Nil,Nil,NIL,13.4,2.7,53.8,89.1,49,24,11.9,32.6,2443,56,30,18,4,2.1,10.17,3.63,0.65,0.13,0.09,292,8.1,12,0.22,25.8,0.1,4.42,0.35,0.62,171,54,122,18.6,93,190,3.2,2.26,0.44,1,0.3,0.7,102,21,10,36,7.1,4.2,2.9,1.45,1,14.8,6.9116,6.91,135,4.2,106,4,96.69,188,270,458,41.05,7,154.2,0.4,12.9,95.4,13.52,8.7,4.1,80,9.9,0.25,85,83,99,188
987336,PBCHD14NLM,203673,23/02/2019,06:59,08:02,Straw,Hazy,1.027,5.5,1+,1+,1+,Trace,1+,Normal,Negative,7-9,0,1-2,Nil,Nil,Fungal elements,11,4.7,47.9,74.5,23,22,12.3,42.2,5260,41,55,4,3,0,1.45,2.36,0.6,0.64,0.15,238,9.5,15,0.26,31.7,2.2,0.19,0.88,0.09,188,51,101,31.5,157.5,117,3.7,1.98,0.5,0.9,0.2,0.7,104,9,16,42,6.8,4,2.8,1.43,0.7,16.8,7.8456,11.21,125,3.7,115,2.9,100.84,134,347,481,27.86,10.1,243.17,0.3,25.5,97.1,26.26,9.9,4.7,105,3.5,0.97,148,63,93,112
985137,GYAHD13KLM,790006,22/02/2019,07:07,08:29,Pale Yellow,Clear,1.013,4.7,Trace,Trace,Negative,1+,Negative,Normal,Negative,8-9,37,1-2,Nil,Nil,Fungal elements,14.3,4.6,47.1,71.3,31,30,13.9,41.6,4040,58,40,19,6,0,1.67,6.01,0.87,0.29,0.17,352,7.7,21,0.24,33.3,4.4,0.36,2.59,0.29,173,42,89.6,11.4,57,86,4.1,2.13,0.47,0.4,0,0.4,41,31,28,14,6.3,4.2,2.1,2,0.6,17.7,8.2659,13.78,136,4.8,108,4.5,98.26,149,128,277,53.79,5.7,116.89,0.2,16.3,422.8,3.86,6.2,3.6,190,10.7,0.86,140,79,92,122
223583,MZLGI12APK,142281,19/02/2019,08:11,08:52,Straw,Hazy,1.011,5.2,Trace,Trace,Negative,Negative,Negative,Normal,Negative,7-9,2,>20,Nil,Rare,NIL,14.7,4.4,31,78.9,33,47,12.4,39.2,8159,37,44,3,3,11.7,5.63,3.02,0.84,0.66,0.06,233,8.7,10,0.19,21.7,4.9,6.45,0.18,0.01,191,44,76.1,38.8,194,133,4.3,1.73,0.58,0.2,0,0.2,48,54,20,18,4.9,3.6,1.3,2.77,0.6,17.1,7.9857,13.31,143,5,107,4.2,116.78,130,181,311,41.8,6.2,131.24,0.4,26.4,160.7,16.43,9.1,3,175,9.7,9.15,111,81,105,100
604121,GYAHD06JHJ,938506,19/02/2019,08:36,09:54,Pale Yellow,Slightly cloudy,1.017,6.6,Trace,1+,Negative,Negative,Negative,Normal,Negative,8-9,0,11-15,Nil,Nil,NIL,12.5,3.4,34.3,96.9,36,36,12.3,40.2,6949,38,19,9,3,0,2.13,1.03,0.98,0.24,0.07,162,13.4,5,0.37,24.1,3.2,1.78,0.09,0.08,206,48,90.9,31.8,159,163,4.3,1.89,0.53,1,0.3,0.7,117,43,15,12,6.6,4.4,2.2,2,1.1,11.6,5.4172,4.92,144,4.5,98,5.2,96.72,216,281,497,43.46,6.9,151.33,0.3,10.4,194.9,5.34,9,3.7,161,8.2,3.34,89,261,70,66
710379,GYAHD08JHJ,750432,21/02/2019,09:42,10:49,Pale Yellow,Slightly cloudy,1.017,6.2,Negative,Trace,Negative,Trace,Negative,Normal,Negative,TNTC,1,2-2,Nil,Nil,Artifacts,8.8,6.5,56.9,81,13,15,11.7,30.3,7373,30,48,16,3,0,6.43,1.42,0.88,0.25,0.03,815,9.6,12,0.33,28.4,0.6,0.02,0.07,5.21,185,44,157.5,23.4,117,108,4.2,3.58,0.28,0.2,0,0.2,68,48,34,38,7.6,4.6,3,1.53,1.2,10.9,5.0903,4.24,138,4.1,102,7.9,91.05,69,301,370,18.65,6.1,128.37,0.8,10.8,32.5,33.23,10,3.6,298,9.4,3.07,98,203,80,73
282543,MZLGI13BRC,878692,22/02/2019,09:45,10:37,Pink,Clear,1.011,6.6,Negative,2+,Negative,Negative,Negative,Normal,Negative,33-37,1,1-4,Nil,Moderate,Fungal elements,17.2,5.2,52.1,53.5,33,33,14.1,43,8860,69,27,5,6,0,9.8,1.17,0.29,0.08,0.01,226,7.4,10,0.31,16.5,4.8,0.12,0.66,0.16,124,65,111.4,32.5,162.5,135,1.9,1.71,0.58,0.5,0.1,0.4,65,47,15,17,6.4,3.6,2.8,1.29,0.7,12.5,5.8375,8.34,149,5.8,114,4.7,99.47,64,102,166,38.55,7.7,174.29,0.5,12.8,122.4,10.46,7.8,3,167,10.7,3.53,89,74,81,129
785414,KLTRS06MLT,140338,21/02/2019,07:19,08:33,Pale Yellow,Clear,1.018,5.4,Trace,Negative,Negative,Negative,Negative,Normal,Negative,13-14,2,2-3,Rare,Nil,NIL,8.1,4.4,43.7,83.7,18,18,14.2,39.5,2538,21,16,7,2,0,1.35,1.18,0.24,0.19,0.07,325,11.3,17,0.55,14.6,0.8,0.04,0.16,2.1,191,42,74.5,15.5,77.5,65,4.5,1.77,0.56,3.5,1.3,2.2,125,45,33,42,7.6,3.6,4,0.9,0.8,19.9,9.2933,11.62,139,4.3,115,5.7,84.69,123,347,470,26.17,5.9,122.63,0.6,14.7,565.4,2.6,7.7,3.7,76,11.1,1.24,124,98,82,138
967060,KLTRS09NLZ,299502,19/02/2019,11:15,12:03,Green,Slightly cloudy,1.028,4.5,Trace,1+,Negative,Negative,Negative,2+,Negative,9-11,0,2-2,Nil,Nil,NIL,15.6,4.7,40.5,122.7,33,38,13.3,40.8,5480,58,35,15,5,1,4.09,1.47,0.58,0.22,0.07,39,9.6,16,0.24,12.6,0.5,0.06,0.28,0.28,197,75,93.7,23.4,117,175,2.6,1.25,0.8,0.6,0.2,0.4,86,44,34,14,8.2,4.6,3.6,1.28,1,9,4.203,4.2,144,3.1,100,4,103.27,70,187,257,27.24,8.8,205.86,0.5,54.8,148.6,36.88,10.3,4.4,145,6.1,3.57,121,105,79,78
858392,PBCHD12PBM,248955,20/02/2019,10:02,11:17,Light Yellow,Slightly cloudy,1.013,6.9,Negative,Trace,Negative,Negative,Negative,Normal,Negative,9-10,0,2-4,Nil,Nil,NIL,1.9,5.8,47.3,90.5,3,4,10.9,44.8,4907,66,54,2,4,0.4,10.29,0.7,0.27,0.26,0,888,9.4,11,0.2,13.8,2.6,0.1,0.36,0.3,188,62,87.5,35.4,177,171,3,1.41,0.71,0.5,0.2,0.3,122,101,17,11,8.2,5,3.2,1.56,1.1,12.9,6.0243,5.48,133,4.2,115,4.4,109.74,101,301,402,25.12,5.9,122.63,0,18.7,109.8,17.03,9.5,5.1,302,5,3.14,71,74,190,61
680462,KLTRS15ODB,501770,20/02/2019,07:25,08:21,Light Yellow,Clear,1.007,6.6,Trace,1+,Negative,Negative,Negative,Normal,Negative,8-10,2,3-4,Nil,Nil,Fungal elements,11.7,4,30.6,95.2,29,38,10.6,41.9,4558,76,36,3,4,2.6,0.5,2.38,0.69,0.51,0.15,353,8.3,14,0.2,14.1,3.1,0.18,0.17,0.16,236,58,95.3,#VALUE!,#VALUE!,132,4.1,1.64,0.61,0.7,0.3,0.4,68,34,33,43,7.2,4.5,2.7,1.67,0.9,15.7,7.3319,8.15,142,5,108,4,111.58,133,345,478,27.82,5.3,105.41,0.9,10.2,143.5,7.11,8.7,4.2,122,13.5,1.09,70,64,74,113
912513,MZLGI10RJK,557907,20/02/2019,10:12,11:15,Yellow,Clear,1.079,4.8,Negative,Trace,Negative,Negative,Negative,Normal,Negative,6-7,0,3-4,Nil,Nil,Fungal elements,6.4,5.3,46.9,97.4,12,13,13.9,42.8,2667,59,29,1,12,0,18.73,2.81,0.16,0.16,0.01,11,5.2,15,0.58,27.8,3.5,0.31,0.05,0.21,138,55,77.5,19.7,98.5,118,2.5,1.41,0.71,0.7,0,0.7,42,11,25,10,7.5,3.6,3.9,0.92,0.7,19.9,9.2933,13.28,141,2.9,90,4.3,115.41,61,323,384,15.89,6.7,145.59,0.8,15.8,45.4,34.8,10.9,3.4,193,8.2,1.7,96,97,82,137
729591,MZLGI02BRC,246630,22/02/2019,10:36,11:47,Straw,Clear,1.01,6.8,Trace,Trace,Negative,Negative,Negative,Normal,Negative,12-13,1,3-2,Nil,Nil,Amorphous debris,1.8,5.4,38.9,65.8,3,4,13.4,44.9,6300,55,15,2,10,0,3.93,5.11,0.77,0.29,0.06,333,7.1,16,0.23,23.9,4.1,0.05,0.16,0.4,140,51,105.6,11.2,56,83,2.7,2.07,0.48,0.9,0.3,0.6,126,23,39,16,6.5,3.9,2.6,1.5,1.2,10.9,5.0903,4.24,141,2,113,5.9,99.51,184,358,542,33.95,6.1,128.37,0.5,76.4,50.2,152.19,9.5,3,132,9.2,3.68,139,136,71,159
491715,PBCHD02RJU,295921,22/02/2019,08:15,09:28,Pale Yellow,Slightly cloudy,1.013,6.3,Negative,Trace,Negative,Negative,Negative,Normal,Positive,7-9,1,10-10,Nil,Nil,Fungal elements,13,6.8,44.2,83.7,19,29,9.5,39.4,5849,69,27,1,10,0,4.64,2.51,0.78,0.3,0.08,268,10.7,19,0.3,21.2,2.9,0.43,0.64,0.19,153,69,71.6,5.9,29.5,135,2.2,1.04,0.96,0.8,0.2,0.6,60,30,26,48,7.1,3.5,3.6,0.97,1.2,11,5.137,4.28,121,2.3,102,4.6,96.56,55,162,217,25.35,6.4,136.98,0,20.6,106.2,19.4,10.7,4.9,114,9,2.24,98,205,93,84
402276,GYAHD01JHJ,662743,22/02/2019,07:41,08:57,Yellow,Slightly cloudy,1.03,5.7,Negative,1+,Negative,Negative,Negative,Normal,Negative,2-3,1,12-13,Nil,Rare,Artifacts,11.4,4.4,17.5,71.6,25,65,11.6,41.5,10097,42,37,1,3,0,2.74,2.65,0.71,0.37,0.1,309,8.3,13,0.57,27.3,4,0.16,0.15,0.05,195,40,73.1,16.4,82,68,4.9,1.83,0.55,16.4,11.9,4.5,120,9,18,22,6.3,5,1.3,3.85,1.1,8.9,4.1563,3.78,136,4.2,89,2.2,110.34,158,172,330,47.88,6.1,128.37,0.9,113,239.7,47.14,10.4,2.8,97,10.2,2.1,100,124,70,191
165971,KLTRS03TSS,566961,22/02/2019,11:34,12:12,Deep Amber,Slightly cloudy,1.011,5.2,Trace,Trace,1+,Negative,Negative,2+,Negative,8-9,1,1-3,Nil,Nil,Parasites,20.9,5,27.6,75.1,41,75,13.8,39.2,6101,60,27,6,7,0.3,8.62,1.51,0.79,0.05,0.05,292,5.4,19,0.39,18.8,1.6,0.34,0.03,0.01,237,43,79.4,31.7,158.5,157,5.5,1.85,0.54,0.7,0.2,0.5,114,43,37,17,7.7,3.6,4.1,0.88,0.6,9.1,4.2497,7.08,124,3.5,98,11.7,74.8,164,229,393,41.73,6.2,131.24,0.1,13.4,185.1,7.24,10.1,4.9,78,10.5,2.53,162,84,128,121
184792,GYAHD11ODK,142044,20/02/2019,11:13,12:18,Pale Yellow,Clear,1.013,4.5,3+,Negative,Negative,Negative,Negative,Normal,Negative,4-6,4,3-4,Rare,Nil,NIL,6.2,6.7,48.5,85,9,12,13,42.3,9881,37,25,1,6,0,5.71,0.13,0.39,0.24,0.11,152,7.9,12,0.29,21.2,4.6,0.12,0.27,3.85,207,44,72.4,20.2,101,85,4.7,1.65,0.61,0.9,0.3,0.6,50,35,37,38,6.3,4.3,2,2.15,0.6,31.4,14.6638,24.44,144,5.5,99,3.4,95.04,86,297,383,22.45,7.3,162.81,0.4,13.7,83.6,16.39,9.2,5.3,151,17.7,1.17,85,71,89,257
585774,GYAHD10JHJ,933004,22/02/2019,09:25,10:35,Pale Yellow,Clear,1.02,6.7,Negative,Negative,Negative,Negative,Negative,Normal,Negative,5-6,1,3-3,Nil,Rare,NIL,11,4.1,40.5,50.1,26,27,16.2,42.7,3349,27,50,4,3,0,7.05,1.69,0.76,0.38,0.05,189,9.5,11,0.26,19.1,0.1,5.44,0.89,6.41,190,44,72,28.8,144,69,4.3,1.64,0.61,0.3,0,0.3,64,33,35,16,7.2,4.2,3,1.4,1,9.1,4.2497,4.25,127,4,103,6.2,108.6,99,132,231,42.86,5.9,122.63,0.7,93.4,78.7,118.68,9.4,3.2,265,10.8,1.82,79,98,206,127
156523,KLTRS02MLT,856414,21/02/2019,08:32,09:36,Yellow,Hazy,1.013,6.6,Trace,Negative,Negative,Negative,Negative,Normal,Negative,TNTC,2,3-4,Nil,Few,NIL,13.4,4.8,28.8,84.1,27,46,14.2,45.5,10965,45,20,3,15,0,11.35,1,0.82,0.42,0.07,104,12,11,0.33,16.7,3.7,0.17,0.16,0.01,213,31,78,28.5,142.5,97,6.9,2.52,0.4,0.7,0,0.7,43,42,33,38,7.5,3.5,4,0.88,0.8,7.3,3.4091,4.26,131,5.4,97,3,93.51,145,263,408,35.54,7.1,157.07,0.3,16.8,104.2,16.12,10.1,3.3,94,9.6,0.15,125,109,103,236
119788,GYAHD12KAU,817974,21/02/2019,09:03,10:24,Light Yellow,Clear,1.011,7,3+,1+,2+,Negative,Negative,Normal,Negative,8-9,2,3-4,Nil,Nil,NIL,10.5,4.4,33.7,91.4,23,31,11.9,44.1,5649,54,36,3,0,0,5.01,2.01,0.94,0.33,0.07,415,11.6,12,0.35,32.3,6.2,0.22,0.23,0.38,153,44,168.2,31.8,159,72,3.5,3.82,0.26,0.5,0,0.5,76,18,37,37,7.2,4.8,2.4,2,0.6,5.3,2.4751,4.13,137,3.6,100,2.3,96.5,61,146,207,29.47,6.8,148.46,0.4,11.3,70.3,16.07,9.9,5.6,112,4.5,1.52,148,93,61,88
982417,KLTRS04NLZ,400105,20/02/2019,07:05,08:12,Yellow,Clear,1.007,4.7,Trace,Negative,Negative,Negative,Negative,Normal,Negative,10-11,2,1-4,Nil,Few,NIL,11.4,5.5,25.1,91.9,20,45,12.1,42.7,8675,48,32,8,8,6.1,7.21,2.35,0.47,0.36,0.01,140,10.7,10,0.34,16,1.5,0.05,0.14,0.13,563,38,95.9,27.8,139,133,14.8,2.52,0.4,0.6,0,0.6,73,27,34,33,7.9,4.3,3.6,1.19,1.1,14.7,6.8649,6.24,122,4.2,109,6.5,119.17,118,180,298,39.6,6.1,128.37,1,25.6,74.3,34.45,9.6,3.1,116,7.4,1.47,92,78,85,111
910121,MZLGI09GJS,957060,22/02/2019,10:33,11:18,Light Yellow,Clear,1.012,4.9,Negative,Trace,Negative,Negative,Negative,Normal,Negative,46-48,0,5-11,Rare,Nil,Fungal elements,7,4.3,45.7,41.8,16,15,12.2,45.1,24195,74,21,8,2,0,7.16,3.85,0.65,0.01,0.09,341,7.4,17,0.21,13.5,0.5,0.22,0.05,4.24,158,50,80.9,14.3,71.5,125,3.2,1.62,0.62,0.3,0.1,0.2,129,10,37,15,7.3,4.1,3.2,1.28,0.6,14.4,6.7248,11.21,141,3.9,97,4.4,118.98,128,121,249,51.41,6.2,131.24,0.1,14.9,127.2,11.71,10.4,3.4,89,6.6,2.57,82,93,103,78
458896,GYAHD10ODK,947872,19/02/2019,06:00,06:40,Light Yellow,Clear,1.025,4.9,Trace,Negative,Negative,Negative,Negative,Normal,Negative,13-15,0,3-2,Rare,Nil,NIL,17.7,5.6,58.1,89.4,31,30,14,45.8,48109,59,49,6,2,0,2.19,2.67,0.8,0.41,0.13,181,11.9,14,0.26,34.9,2.6,0.04,0.34,0.15,194,57,156.3,31.8,159,169,3.4,2.74,0.36,0.4,0.1,0.3,48,54,98,10,7.3,3.5,3.8,0.92,1.2,18.5,8.6395,7.2,145,3.2,108,4.7,119.61,170,360,530,32.08,6,125.5,0.9,13.1,60.9,21.51,12,4.6,174,2.2,6.97,87,86,76,291
177020,KLTRS12TSS,986820,22/02/2019,06:42,07:42,Light Yellow,Clear,1.037,5.4,Trace,Trace,1+,Negative,Negative,Normal,Negative,9-10,1,3-3,Nil,Rare,NIL,15.8,4.4,48.6,64.7,35,32,14.2,42.8,5159,35,20,1,5,0,3.93,2.53,0.55,0.4,0.38,283,10.7,15,0.33,37.2,3.5,3.16,0.19,0.37,193,46,90.6,13,65,189,4.2,1.97,0.51,0.5,0.2,0.3,46,115,31,22,6,5,1,5,0.9,13.7,6.3979,7.11,145,2,99,4.3,112.39,105,113,218,48.17,6.4,136.98,0.6,27,77,35.06,9.8,2.9,178,5.7,6.99,70,87,70,111
721781,PBCHD12KLC,286688,22/02/2019,11:56,12:36,Straw,Slightly cloudy,1.019,6.5,1+,Negative,Negative,Negative,Negative,Normal,Negative,2-3,2,13-17,Moderate,Nil,Amorphous debris,7.3,4.6,50.5,85.7,15,14,11.5,39.1,9094,49,47,3,6,0,8.15,2.27,0.27,0,0.03,251,9,10,0.28,26.7,2.9,0.38,0.01,0.11,163,46,38.8,28.2,141,115,3.5,0.84,1.19,0.8,0.1,0.7,43,33,35,42,7.1,4,3.1,1.29,1.1,68.8,32.1296,29.21,143,4,102,2.4,97.72,193,190,383,50.39,5.9,122.63,0.4,15.1,75.6,19.97,11.1,2.5,156,8.6,1.03,112,95,101,127
369866,MZLGI06RJK,529656,19/02/2019,09:15,09:59,Pale Yellow,Slightly cloudy,1.018,4.5,Trace,Negative,1+,Negative,Negative,Normal,Negative,9-11,1,>20,Nil,Nil,NIL,19.3,5.8,25.8,97.3,33,74,14,41.5,9425,40,15,6,7,6,5.77,1.07,0.66,0.25,0.04,310,10.6,20,0.22,26.3,2.5,3.69,0.18,0.14,176,73,63.7,56,280,82,2.4,0.87,1.15,0.7,0.3,0.4,104,13,24,16,7.1,4.9,2.2,2.23,0.9,19.7,9.1999,10.22,124,3.5,101,5,101.32,194,327,521,37.24,5.9,122.63,0.4,11.4,331.1,3.44,7.5,3.1,137,5.2,2.85,84,99,167,219
700349,KLTRS14TSS,144712,20/02/2019,11:42,12:44,Straw,Slightly cloudy,1.014,5.3,Negative,Negative,Negative,Negative,Negative,Normal,Negative,6-8,0,3-4,Nil,Nil,Artifacts,19.1,4.5,43.3,85.6,42,44,12.4,40.2,7248,35,23,5,3,0.3,2.57,1.34,0.8,0.04,0.01,172,8.8,16,0.38,20.9,0.7,0.2,0.8,0.12,192,43,78.4,11.9,59.5,69,4.5,1.82,0.55,0.4,0.1,0.3,127,38,33,46,7.3,4.9,2.4,2.04,0.7,5.9,2.7553,3.94,141,5.1,95,2.8,105.88,79,167,246,32.11,5.8,119.76,0.2,25.8,56.5,45.66,8.9,4.5,116,8.3,0.42,189,98,128,199
329529,KLTRS10NLZ,185210,19/02/2019,09:32,10:50,Light Yellow,Clear,1.027,4.9,Negative,Trace,Negative,Negative,Negative,Normal,Negative,8-9,0,11-9,Few,Nil,Fungal elements,12,6.5,58.6,80.1,18,20,11.6,43.8,6842,47,18,1,3,0.5,4.38,2.26,0.47,0.21,0.11,28,9.1,11,0.17,34.5,6.8,0.16,0.85,0.2,227,43,93.7,10.4,52,197,5.3,2.18,0.46,0.5,0,0.5,117,33,14,33,6.2,5,1.2,4.17,0.7,6.2,2.8954,4.14,133,4.5,100,8.1,106.92,92,182,274,33.58,11.1,271.87,0.9,13.8,148.5,9.29,7.9,3.9,71,16.6,5.67,111,67,69,89
489183,MZLGI15GJS,805798,22/02/2019,11:04,11:42,Yellow,Clear,1.012,6.7,Negative,Negative,Negative,Negative,Negative,Normal,Positive,11-12,0,3-4,Nil,Moderate,Yeast cells,18.8,4.5,48.7,92.5,41,38,14.5,29.4,8605,50,32,3,2,0,0.51,1.99,0.09,0.54,0.08,265,13.5,15,0.37,33.4,3.7,0,0.31,0.1,194,31,85.3,13,65,159,6.3,2.75,0.36,0.4,0.1,0.3,65,24,14,47,5.1,4.9,0.2,24.5,0.9,17.9,8.3593,9.29,138,3.1,103,6.3,114.61,83,346,429,19.35,5.7,116.89,1,237.4,99.3,239.07,7.9,3.7,124,10.1,3.88,139,72,165,114
384794,MZLGI15MHP,803882,19/02/2019,11:48,13:17,Pale Yellow,Clear,1.012,4.7,Negative,2+,Negative,Negative,Negative,Normal,Negative,61-63,1,1-3,Nil,Nil,NIL,14,4.3,59.2,85.1,32,23,12.6,28.6,18290,37,21,1,6,0,7.65,1.27,0.35,0.17,0.11,252,8,16,0.36,21.4,4.2,0.25,1,6.43,177,41,131.3,39,195,66,4.3,3.2,0.31,0.4,0,0.4,97,51,17,10,6.5,5,1.5,3.33,1.2,19.9,9.2933,7.74,131,4.4,104,4.6,123.93,220,212,432,50.93,6.3,134.11,0.1,86.9,40.4,215.1,10.8,2.7,187,8.6,3.45,92,97,115,190
541892,MZLGI01GJS,653060,22/02/2019,09:37,10:09,Light Yellow,Hazy,1.012,5.5,Trace,Negative,Negative,Negative,Negative,Normal,Negative,58-61,2,2-4,Nil,Nil,NIL,8.8,4.3,36,65.6,20,24,13.9,39.4,4464,39,28,1,2,0,20.11,1.41,0.39,0.48,0.07,327,7.2,17,0.34,26.4,2,6.12,0.07,0.29,106,54,91.9,77.8,389,158,2,1.7,0.59,0.8,0.2,0.6,80,25,28,41,6.6,4.7,1.9,2.47,0.8,15,7.005,8.76,148,4.3,103,4.4,107.47,102,351,453,22.52,6.3,134.11,0.6,15.8,148.9,10.61,8.8,3.6,86,9.1,1.67,113,68,173,340
383174,MZLGI06GJS,736863,19/02/2019,08:23,09:26,Light Yellow,Clear,1.012,4.5,Negative,Negative,Negative,Negative,Negative,Normal,Positive,2-4,2,1-4,Nil,Nil,Fat droplets or lipiduria,10.4,4.8,40.8,98.6,21,25,12.9,39.7,8578,71,29,3,2,0,3.94,0.33,0.8,0.31,0.08,224,8.7,15,0.21,36,2.8,0.25,0.32,3.75,220,45,171.4,38.6,193,152,4.9,3.81,0.26,0.4,0,0.4,121,44,113,15,7.3,4,3.3,1.21,0.9,8.7,4.0629,4.51,131,3,101,8,117.09,30,344,374,8.02,6.1,128.37,0.1,27.3,46.5,58.71,7.8,6.3,113,3.5,1.95,86,150,106,418
212647,GYAHD15ODK,328346,21/02/2019,08:02,09:23,Orange,Clear,1.009,4.7,Negative,Negative,Negative,Negative,Negative,Normal,Negative,81-86,1,>20,Rare,Nil,Mucus threads,16.6,4.3,20.5,95.5,38,80,13.9,39,9804,50,32,2,8,0,1.35,1.14,0.36,0.6,0.02,339,8.7,11,0.22,26.3,1.3,0.16,0.01,0.19,306,34,97.4,38.7,193.5,79,9,2.86,0.35,0.6,0.2,0.4,100,16,29,31,6.1,4.8,1.3,3.69,0.6,13.1,6.1177,10.2,138,4.8,103,5.7,116.35,130,299,429,30.3,7.5,168.55,0.2,17.9,132.6,13.5,10.4,3.7,304,12.6,3.9,91,99,236,133
842108,KLTRS05WBD,995310,20/02/2019,06:18,07:17,Straw,Clear,1.021,6.7,Negative,Negative,Trace,Negative,Negative,Normal,Negative,6-8,0,2-4,Rare,Nil,Amorphous debris,14.8,5.6,59.8,97.6,26,24,13.2,30.6,5443,49,31,6,6,0,1.47,1.19,0.84,0.19,0.02,188,10.5,11,0.44,20.3,0.1,0.37,0.01,0.33,200,67,97.1,36.8,184,60,3,1.45,0.69,0.6,0.2,0.4,110,15,20,14,7.8,4.4,3.4,1.29,0.6,9.3,4.3431,7.24,137,3.9,96,2.7,117.17,111,295,406,27.34,7.4,165.68,0.6,11.5,129.5,8.88,8.7,2.1,162,5.6,1.47,76,67,83,158
535417,PBCHD12MHS,487273,23/02/2019,08:26,09:24,Straw,Clear,1.013,6.2,1+,Negative,Negative,Negative,Negative,Normal,Negative,6-8,1,3-3,Nil,Nil,Yeast cells,15.9,5.2,53.6,82.4,30,29,13.4,40.1,9777,57,46,2,10,0,4.31,2.98,0.38,0.03,0.04,339,9.6,20,0.15,16.6,0.3,0.95,0.61,3.79,151,37,96.7,35.6,178,156,4.1,2.61,0.38,0.8,0.1,0.7,89,29,30,10,6.2,4.7,1.5,3.13,1.8,12.3,5.7441,3.19,142,5.9,100,6.6,74.53,234,233,467,50.11,8.2,188.64,0.2,22.9,40.6,56.4,9.8,2.9,65,10.2,0.83,90,115,146,214
166852,KLTRS08TSS,507696,21/02/2019,06:08,07:29,Pale Yellow,Cloudy,1.01,6.9,Trace,Trace,Negative,Trace,Negative,Normal,Negative,76-79,0,2-3,Nil,Nil,Artifacts,19,4.2,35.7,89.4,45,53,12.3,40.9,4958,52,55,3,8,0,6.87,1.58,0.36,0.41,0.02,367,11.9,14,0.58,29.2,6.1,1.38,0.05,0.12,146,47,107.9,13.6,68,211,3.1,2.3,0.44,0.9,0.2,0.7,85,97,36,48,6.2,3.2,3,1.07,0.9,7,3.269,3.63,138,4.1,108,4.9,113.53,151,324,475,31.79,6.3,134.11,0.7,12.1,77,15.71,8.3,4.4,280,7.9,2.36,148,103,106,77
111762,MZLGI12GJS,310616,19/02/2019,08:32,09:47,Pale Yellow,Hazy,1.014,6.7,Trace,Trace,Negative,Negative,Negative,Normal,Negative,10-11,1,1-4,Nil,Nil,NIL,21.1,5.8,48.1,79.2,36,43,12.9,43.5,4763,44,30,6,6,0,1.05,2.35,0.46,0.19,0.06,366,7.6,11,0.07,12.2,3.9,2.12,0.38,0.1,125,48,92.2,22.5,112.5,61,2.6,1.92,0.52,1,0.3,0.7,80,55,38,12,8.3,4.9,3.4,1.44,0.7,10.1,4.7167,6.74,139,3,100,4.6,111.55,92,206,298,30.87,8.4,194.38,0.4,22.7,89.6,25.33,9.8,5.6,76,7.1,0.48,277,199,171,151
983705,MZLGI09BRC,255523,23/02/2019,06:51,08:01,Light Yellow,Clear,1.019,5,Negative,Negative,Trace,Negative,Negative,Normal,Negative,39-41,2,15-17,Nil,Nil,NIL,12.4,2.8,51.3,85,44,24,12.2,41.2,2901,58,37,4,8,0.8,3.29,1.37,0.69,0.15,0.04,433,8.1,19,0.34,13.8,4.1,0.22,0.01,0.08,236,21,57.7,61.9,309.5,137,11.2,2.75,0.36,0.7,0.2,0.5,57,10,15,48,7.4,4,3.4,1.18,0.8,9.8,4.5766,5.72,140,3.1,112,4.5,96.03,125,172,297,42.09,6.2,131.24,0.5,18.7,134.7,13.88,10.1,2.2,138,6.5,1.73,108,71,92,72
547582,GYAHD11ODK,893776,20/02/2019,11:26,12:12,Dark Yellow,Hazy,1.006,5.9,Trace,Trace,Negative,Negative,Negative,Normal,Negative,9-10,1,2-4,Nil,Nil,Fat droplets or lipiduria,7.1,5,22.1,80.7,14,32,12.5,40.8,10175,30,19,3,5,0,5.08,2.93,0.11,0.42,0.05,359,7.3,14,0.27,20.1,4.9,0.16,6.51,0.26,163,49,55.5,15.2,76,142,3.3,1.13,0.88,0.7,0.3,0.4,74,55,34,41,6.5,3.9,2.6,1.5,1,173.9,81.2113,81.21,122,5.3,108,6.8,53.84,170,307,477,35.64,5.8,119.76,0.9,843.2,44,1916.36,8.2,2.1,112,11.7,0.04,73,110,119,64
421343,GYAHD11ODK,684678,23/02/2019,06:43,07:46,Light Yellow,Slightly cloudy,1.025,7.6,Negative,Negative,Negative,Negative,Negative,Normal,Negative,1-2,3,1-3,Nil,Nil,Artifacts,12.6,5.1,58.4,129.5,24,21,13.9,42.5,5512,57,31,12,5,0,2.14,2.44,0.44,0.34,0.07,132,6.7,12,0.18,26.7,1.7,0.11,0.39,4.96,160,54,143.2,34.7,173.5,102,3,2.65,0.38,1,0.3,0.7,63,7,16,45,7,2.8,4.2,0.67,0.9,14.4,6.7248,7.47,119,4.9,104,2.9,115.53,32,320,352,9.09,11.2,274.74,0.8,18.6,118.1,15.75,10,3.8,240,9.2,1.92,79,69,86,82
640054,PBCHD09SKM,443189,23/02/2019,06:39,07:46,Yellow,Slightly cloudy,1.018,6.6,Negative,Trace,Negative,Negative,Negative,Normal,Negative,12-13,0,2-4,Nil,Nil,Yeast cells,9.8,5.8,36.7,77.6,16,26,12.2,44.6,4249,52,20,6,12,0,3.19,1.29,0.65,0.48,0.01,110,8.5,15,0.35,17.9,3.2,0.18,0.31,3.45,158,21,92.9,53.1,265.5,99,7.5,4.42,0.23,0.7,0.1,0.6,117,31,10,21,6.5,4.7,1.8,2.61,0.7,18.9,8.8263,12.61,145,4.5,104,3.4,113.16,169,145,314,53.82,7.9,180.03,0.8,21.6,90.6,23.84,8.5,4.2,138,12.3,1.51,111,103,238,132
682771,PBCHD01HPP,118141,20/02/2019,10:12,11:22,Straw,Clear,1.018,4.5,Trace,Trace,Negative,Negative,Negative,Normal,Negative,9-10,1,14-9,Nil,Nil,Artifacts,14.5,6.4,43.7,80.5,22,33,11.6,41.3,5649,50,39,1,2,0,9.77,2.58,0.61,0.36,0.08,128,10.4,13,0.27,24.9,2.5,0.52,0,0.72,198,51,76.2,51.4,257,95,3.9,1.49,0.67,0.8,0.1,0.7,121,40,37,45,6.8,4.2,2.6,1.62,1.1,15.7,7.3319,6.67,142,5.7,95,3.2,97.38,51,344,395,12.91,5.8,119.76,0,16.2,143.4,11.3,9.6,3.5,237,9,2.43,190,92,92,60
711414,KLTRS02TSS,409725,19/02/2019,11:32,12:42,Yellow,Slightly cloudy,1.018,6,Trace,Negative,Trace,Negative,Negative,Normal,Negative,7-8,4,1-3,Nil,Nil,NIL,13.6,5.6,35.1,44.7,24,38,12,42.7,4538,38,17,5,8,0,2.83,2.6,0.3,0.12,0.07,132,10.3,13,0.54,12.6,5.8,0.17,2.81,0.32,205,44,83.8,7.3,36.5,168,4.7,1.9,0.53,1.1,0.1,1,43,11,40,31,7.7,3.6,4.1,0.88,1.1,16.7,7.7989,7.09,141,4.9,98,5.9,75.02,219,93,312,70.19,6,125.5,0.9,15.1,113.8,13.27,10.7,4.5,133,7.9,2.71,117,76,76,128
172971,GYAHD11JHJ,109003,21/02/2019,07:40,08:21,Straw,Slightly cloudy,1.017,4.5,Negative,Trace,Negative,Negative,Negative,Normal,Negative,12-14,1,8-18,Rare,Nil,NIL,17.8,4.7,21.5,92.4,37,82,11.7,33.3,9038,50,29,11,11,0.9,1.2,5.83,0.91,0.26,0.06,441,10.8,14,0.37,12.2,2.1,0.33,0.24,4.9,158,40,82,5.3,26.5,211,4,2.05,0.49,0.8,0.3,0.5,76,55,28,27,6.7,4.4,2.3,1.91,0.7,18.6,8.6862,12.41,138,2.4,112,2.6,111,143,258,401,35.66,6.6,142.72,0.4,16.9,152.8,11.06,9.1,3.2,47,20.1,2.73,78,69,74,110
654375,GYAHD08JHJ,873814,21/02/2019,08:15,09:01,Straw,Clear,1.006,4.2,Negative,Trace,Negative,Negative,Negative,Normal,Negative,12-14,4,8-11,Moderate,Nil,NIL,11.5,5.1,32.3,86,22,35,12.8,41.8,4592,55,50,3,6,0,2.65,3.85,0.94,0.21,0.09,127,10.9,19,0.26,33.9,0.1,0.02,0.68,0.33,193,51,121.9,11.2,56,120,3.8,2.39,0.42,0.7,0.3,0.4,40,47,30,34,7.2,4.9,2.3,2.13,0.8,19.5,9.1065,11.38,136,3.3,114,6,112.56,145,263,408,35.54,8.5,197.25,0.1,27.4,70.6,38.81,9.4,3.7,165,12.4,2.8,133,82,72,87
693656,KLTRS04MLT,140183,20/02/2019,10:40,11:48,Light Yellow,Slightly cloudy,1.012,4.6,Trace,Negative,Negative,Negative,Negative,Normal,Negative,1-2,1,2-3,Nil,Nil,NIL,17.1,5,16.9,61.9,34,101,13.3,29.2,9496,64,23,4,7,0,7.27,2.55,0.6,0.04,0.04,336,8.3,13,0.19,36.8,3.3,0.32,0.22,0.29,158,28,82.6,13.6,68,100,5.6,2.95,0.34,1.2,0,1.2,68,13,19,23,7.9,4.5,3.4,1.32,0.6,19,8.873,14.79,135,5.4,101,5.9,115.03,184,128,312,58.97,8.1,185.77,0.1,17.4,169.6,10.26,9.2,2.1,192,6,0.03,100,111,104,172
651211,PBCHD15KLC,770071,19/02/2019,11:15,12:28,Orange,Clear,1.017,7,Negative,Trace,Negative,Negative,Negative,Normal,Negative,10-12,0,1-2,Few,Nil,Mucus threads,9.2,4.3,42.9,76.5,21,21,14,42,53736,41,12,18,4,2.6,22.14,2.09,0.31,0.26,0.18,165,13.2,28,0.27,34.3,1.5,0.23,0.91,0.02,771,75,144.5,32.2,161,86,10.3,1.93,0.52,1,0.3,0.7,122,46,27,11,7.9,5,2.9,1.72,0.9,13.2,6.1644,6.85,124,4.1,108,4,86.95,182,237,419,43.44,6,125.5,0.5,14.6,144.3,10.12,10,3.9,42,18.6,1.17,111,131,211,169
625637,KLTRS04ODB,249860,20/02/2019,09:15,10:21,Yellow,Slightly cloudy,1.025,6.9,Negative,Negative,Negative,Negative,Negative,Normal,Negative,3-5,0,1-3,Nil,Nil,NIL,17.8,2.1,55.2,94.8,84,32,13.5,45.3,10279,57,10,2,1,0,5.03,1.38,0.04,0.32,0.05,368,9.5,13,0.11,29.2,0.1,0.22,0.96,0.63,175,36,134.3,25.3,126.5,144,4.9,3.73,0.27,0.7,0.3,0.4,87,54,39,36,6.6,4.3,2.3,1.87,0.7,18.9,8.8263,12.61,138,2.8,103,5.8,85.14,75,258,333,22.52,5.7,116.89,0.1,439.7,244.3,179.98,9.6,2.5,110,20.3,2.35,98,120,97,88
676988,PBCHD09MHS,111178,19/02/2019,09:52,11:14,Pale Yellow,Slightly cloudy,1.02,5.8,Negative,Trace,Negative,Negative,Negative,Normal,Negative,TNTC,12,1-2,Nil,Nil,Fat droplets or lipiduria,9.1,4.1,46.4,94.9,22,19,14.4,44.8,7621,44,35,6,2,0,5.61,1.41,0.53,0.21,0.07,17,9.5,16,0.36,29.3,3.6,0.24,0.12,0.07,160,42,92.7,8.8,44,171,3.8,2.21,0.45,0.6,0.1,0.5,107,21,10,30,6.8,5,1.8,2.78,0.6,13.2,6.1644,10.27,147,2.7,95,4.2,95.41,68,257,325,20.92,8.7,202.99,0.4,16.3,85.9,18.98,9.3,3.9,232,9.1,2.32,121,125,99,176
271092,MZLGI06BRC,416045,19/02/2019,07:00,07:37,Pale Yellow,Clear,1.014,4.1,Trace,3+,Negative,Trace,Negative,Normal,Negative,11-12,0,3-3,Nil,Nil,NIL,9,5.9,21.3,76.9,15,42,14,42,4604,43,32,6,8,0,4.15,1.15,0.55,0.08,0.05,275,14.8,11,0.26,18.7,2.4,0.08,0.25,0.58,136,50,52.3,28.8,144,131,2.7,1.05,0.96,1.5,0.3,1.2,127,29,31,17,6.1,4.2,1.9,2.21,0.9,14.4,6.7248,7.47,142,3.6,106,6.7,103.01,200,340,540,37.04,8.9,208.73,0.7,543,120.4,451,10.2,2,125,10.2,1.69,104,100,82,63
795836,KLTRS03MLT,836252,23/02/2019,09:47,10:47,Deep Amber,Clear,1.024,7,Negative,Negative,Negative,Negative,2+,Normal,Negative,8-10,0,8-12,Nil,Rare,Yeast cells,19.9,6.8,46.1,79,29,43,15.3,26.4,9034,42,18,5,10,1.7,7.22,1.09,0.22,0.37,0.1,201,11.8,13,0.53,21.9,0.4,2.46,0.87,0.37,231,80,76.5,23.2,116,156,2.9,0.96,1.05,0.7,0.1,0.6,225,33,40,20,8.2,4.1,4.1,1,0.7,14.5,6.7715,9.67,139,5.2,111,6.9,118.33,163,179,342,47.66,5.7,116.89,0.4,222.2,135.8,163.62,11,3.3,189,9.7,3.3,91,115,70,329
428350,GYAHD13ODK,671850,23/02/2019,07:08,08:09,Light Yellow,Slightly cloudy,1.019,6.9,Trace,Negative,Negative,Negative,Negative,Normal,Negative,7-8,1,8-18,Nil,Rare,NIL,16.9,6.2,31.3,76,27,53,14.5,41.6,6625,45,16,5,7,1,9.29,2.15,0.59,0.11,0.03,418,10.7,17,0.28,38.6,0.8,0.19,0.22,0.11,200,58,157.1,34.5,172.5,220,3.4,2.71,0.37,0.6,0,0.6,104,28,27,28,7.4,3.7,3.7,1,0.6,14.6,6.8182,11.36,138,4.4,103,4.9,102.62,79,262,341,23.17,11.5,283.35,0.6,10.4,85.5,12.16,8.6,3.9,250,8.7,4.93,143,103,80,133
304232,PBCHD11CGD,952620,23/02/2019,08:38,10:01,Yellow,Slightly cloudy,1.022,6.7,2+,Trace,Negative,Negative,Negative,Normal,Negative,29-31,0,1-2,Nil,Nil,Parasites,10.9,5.2,30.7,95.4,20,35,13.1,39.1,9686,54,37,1,13,0,9.39,1.29,0.73,0.42,0.04,201,9.5,14,0.31,23.4,0.1,6.25,0.08,0.34,228,41,114.1,100.6,503,217,5.6,2.78,0.36,0.7,0.3,0.4,254,32,56,12,8,3.6,4.4,0.82,0.8,16.9,7.8923,9.87,148,5.9,107,2.7,115.68,109,219,328,33.23,6.2,131.24,0.2,15.3,47.1,32.48,10.3,6.2,348,19,1.93,145,117,72,244
952992,KLTRS01KLP,363890,19/02/2019,11:09,12:05,Light Yellow,Slightly cloudy,1.014,6.4,Trace,Negative,Negative,Negative,Negative,Normal,Negative,4-5,1,2-3,Nil,Rare,NIL,11.8,4.3,45.2,80.5,27,26,12.5,43.8,28744,59,33,1,8,0,1.53,1.73,0.74,0.23,0.05,388,7.2,13,0.08,35.9,0.1,0.04,0.39,0.19,162,49,124,12.1,60.5,98,3.3,2.53,0.4,0.4,0.1,0.3,51,50,11,40,6.2,4.8,1.4,3.43,1,18.7,8.7329,8.73,138,2.7,101,3.5,26.58,142,295,437,32.49,7.9,180.03,0.7,10.4,80.9,12.86,12.1,5.5,84,7.7,5.04,80,60,225,70
603185,KLTRS14WBD,113003,23/02/2019,06:54,07:48,Green,Slightly cloudy,1.015,5.1,Trace,1+,Negative,Negative,Negative,Normal,Negative,7-9,2,2-3,Nil,Nil,NIL,14.1,5.9,32.8,46.5,23,42,12.2,44.8,6255,45,31,4,2,0,7.19,0.2,0.75,0.34,0.07,1127,13.6,11,0.25,43.3,0.3,0.73,0.16,0.65,233,55,112.5,68.5,342.5,133,4.2,2.05,0.49,0.7,0.3,0.4,99,42,31,45,5.8,4.1,1.7,2.41,0.8,13.7,6.3979,8,140,4.9,100,4.8,106.5,135,177,312,43.27,6.6,142.72,0.5,28.9,62.1,46.54,9.8,4.2,163,3.8,0.07,189,71,76,156
380504,KLTRS12MLT,352573,22/02/2019,06:19,07:18,Pale Yellow,Clear,1.013,6.4,2+,Negative,Negative,Negative,Negative,Normal,Negative,11-12,1,2-4,Nil,Nil,NIL,8.1,4,63.9,77.1,20,12,13.8,41.2,7907,62,20,8,8,0,0.67,2.08,0.37,0.11,0.17,150,8.6,16,0.29,36.2,0.8,0.14,0.14,0.08,154,24,61.8,42.4,212,89,6.4,2.58,0.39,0.7,0.1,0.6,44,43,20,22,6,4.7,1.3,3.62,0.8,15.4,7.1918,8.99,135,5.5,100,3.7,68.96,110,258,368,29.89,6.1,128.37,0.8,28.4,132.4,21.45,9.1,3,67,8,0.005,192,84,87,88
494155,PBCHD11CGD,724616,19/02/2019,06:52,08:16,Dark Yellow,Slightly cloudy,1.012,6,Negative,Negative,Negative,Negative,Negative,Normal,Negative,9-10,2,2-3,Nil,Few,NIL,13.4,5.8,39.6,54.8,23,33,14.2,43.8,10276,53,36,5,8,0,1.35,2.28,0.66,0.21,0,412,8.4,17,0.46,12.6,3.4,0.11,0.03,0.32,156,49,86.1,20.2,101,115,3.2,1.76,0.57,0.6,0.1,0.5,43,48,21,43,8.1,4.7,3.4,1.38,1,12,5.604,5.6,142,5.4,101,5.4,82.49,129,164,293,44.03,9,211.6,0.3,17.6,74.9,23.5,8.8,2.8,66,7.6,3.2,121,114,92,122
548886,MZLGI05APK,945121,19/02/2019,09:51,10:23,Pale Yellow,Clear,1.013,5.6,Trace,Negative,1+,Negative,Negative,Normal,Negative,TNTC,0,3-2,Nil,Nil,NIL,11.7,5,31,52.3,23,37,13.2,45.9,5891,50,25,3,3,0,0.75,2.64,0.53,0.18,0.04,1169,11.2,12,0.2,26.1,2.8,0.06,0.03,0.53,181,76,169.3,18,90,134,2.4,2.23,0.45,0.5,0.2,0.3,52,55,29,41,7.6,3.5,4.1,0.85,0.9,12.6,5.8842,6.54,135,3.9,108,3.9,93.62,90,351,441,20.41,8.9,208.73,0.1,15.9,101.3,15.7,8.5,3,120,12.1,3.83,75,84,147,136
647263,PBCHD06CGD,673059,22/02/2019,07:05,07:49,Light Yellow,Clear,1.014,6.5,2+,Negative,Negative,2+,Trace,Normal,Negative,TNTC,1,1-2,Rare,Nil,Parasites,7.4,8.3,34.9,77.3,8,21,14.5,45.7,10714,41,52,5,22,1.1,8.99,2.26,1.37,0.13,0.02,145,11,13,0.4,26.3,3.3,0.06,1.49,0.17,173,20,39.4,59.7,298.5,157,8.7,1.97,0.51,1.1,0.3,0.8,117,31,18,26,7.2,4.5,2.7,1.67,1.2,18.4,8.5928,7.16,140,2.9,97,7,114.54,112,247,359,31.2,5.9,122.63,0.4,23.9,121.8,19.62,10.5,4.6,78,11.2,0.3,70,65,74,105
155586,MZLGI13GJS,407303,22/02/2019,11:32,12:15,Deep Amber,Clear,1.018,6.7,Trace,1+,Negative,Negative,Negative,Normal,Negative,1-3,2,2-2,Few,Nil,NIL,14.6,5.4,41.4,77.6,27,35,13.6,42.7,10453,44,50,3,7,0.9,1.51,2.79,0.94,0.41,0,107,8.1,25,0.39,14.9,6.9,0.39,0.28,0.18,161,72,71.1,57.7,288.5,201,2.2,0.99,1.01,0.8,0.2,0.6,100,18,39,24,6.6,4.1,2.5,1.64,0.7,14.8,6.9116,9.87,134,2.2,100,5.3,119.71,200,93,293,68.26,6.2,131.24,0.3,148.4,89.9,165.07,8.4,4.7,62,10.8,3.67,81,184,76,93
643801,PBCHD02NLM,625281,20/02/2019,10:57,11:41,Light Yellow,Opaque,1.029,4.6,Trace,1+,Negative,Negative,Negative,Normal,Negative,1-2,1,8-16,Nil,Nil,Yeast cells,12.9,4.3,43.8,98,30,29,12.9,39.2,8114,73,16,5,4,0,4.12,0.29,0.14,0.25,0.06,360,8,10,0.29,13.8,1.9,0.09,0.19,0.44,157,52,125,19.9,99.5,159,3,2.4,0.42,0.2,0,0.2,90,27,12,35,7.2,4.1,3.1,1.32,1.3,35.7,16.6719,12.82,125,3.6,96,5.8,103.73,135,282,417,32.37,5.7,116.89,0.5,13.6,141.9,9.58,11.5,2.8,110,14.4,5.13,92,70,82,82
226907,MZLGI12MHP,810470,22/02/2019,11:20,12:33,Pale Yellow,Clear,1.021,4.6,Negative,3+,Negative,2+,Negative,Normal,Negative,2-3,0,6-10,Nil,Nil,Parasites,17.7,4.1,59.2,47.5,43,29,13.2,39.1,7006,39,22,5,6,0.7,6.6,2.83,0.79,0.41,0.04,211,9.6,16,0.24,46.5,4.3,0.28,0.35,1.99,120,21,66.9,65.4,327,131,5.7,3.19,0.31,0.8,0.2,0.6,41,28,22,40,7.2,3.8,3.4,1.12,0.8,17.2,8.0324,10.04,126,5.8,110,4.2,92.26,72,294,366,19.67,6.2,131.24,1,28.3,152.1,18.61,10.2,2.3,269,22,3.39,74,90,75,199
264878,PBCHD08GAM,583266,21/02/2019,09:36,10:40,Yellow,Clear,1.016,6.6,Negative,Negative,Negative,Negative,Negative,Normal,Negative,6-7,2,2-3,Rare,Rare,Yeast cells,10.3,4.3,59.3,89.7,23,17,11.9,45.7,5350,48,37,2,9,0,2.56,3.3,0.64,0.34,0.1,429,10.5,14,0.28,33.7,3,0.19,2.07,0.26,216,57,85.1,20.1,100.5,77,3.8,1.49,0.67,1,0.3,0.7,64,16,35,27,7.3,4.4,2.9,1.52,1.1,14.9,6.9583,6.33,120,5.8,101,5.6,90.56,65,123,188,34.57,5.8,119.76,0.9,17,198.9,8.55,10.6,3.2,147,4.8,0.13,82,92,93,97
133905,PBCHD05GAM,371385,20/02/2019,10:20,11:09,Red,Slightly cloudy,1.013,6.6,Negative,Trace,Negative,Negative,Negative,Normal,Negative,11-12,0,2-3,Nil,Nil,NIL,12.9,7.4,33.3,47.2,17,38,14.2,37.8,8341,41,22,2,2,0,9.32,2.05,0.73,0.04,0.03,225,7.2,17,0.36,17,5.1,0.73,0.22,0.26,105,76,59.9,6.9,34.5,160,1.4,0.79,1.27,0.5,0.2,0.3,92,42,37,11,7,4.6,2.4,1.92,1,7.2,3.3624,3.36,135,3.7,110,4.2,100.52,169,122,291,58.08,5.9,122.63,0.3,18.4,94.4,19.49,10.1,6.6,285,10.5,7.16,81,65,176,93
107854,PBCHD07NLM,644436,19/02/2019,06:31,07:49,Light Yellow,Slightly cloudy,1.019,4.6,Trace,1+,Negative,Negative,Negative,2+,Negative,1-3,2,3-4,Rare,Nil,NIL,9,7.5,64.6,86.4,12,13,14.6,42,10953,46,28,3,3,0,3.18,4.37,0.62,0.1,0.15,949,16.1,11,0.33,33.8,6.2,0.51,0.52,4.1,196,48,79.8,16.6,83,136,4.1,1.66,0.6,0.3,0.1,0.2,75,4,34,24,7.7,4,3.7,1.08,1.2,7.8,3.6426,3.04,133,3.6,97,4.5,119.15,199,285,484,41.12,5.9,122.63,0.8,291.9,295.5,98.78,10.2,3.3,154,5.2,2.34,124,69,152,250
402784,PBCHD01GAM,158041,21/02/2019,06:38,07:43,Yellow,Clear,1.018,4.7,Trace,Trace,Negative,Negative,Negative,Normal,Negative,11-12,1,1-4,Nil,Nil,NIL,11.7,6.3,32,72.4,18,36,11.6,40.4,10248,38,46,6,5,0.6,0.45,1.05,0.54,0.26,0,330,9.6,13,0.3,24,0.2,0.1,0.32,0.13,169,78,90.3,13.6,68,213,2.2,1.16,0.86,0.8,0.2,0.6,60,51,37,32,7.6,4.3,3.3,1.3,0.6,10.8,5.0436,8.41,135,3.6,107,6.8,110.8,82,226,308,26.62,7.5,168.55,0.9,119.5,58,206.03,9.4,6.3,213,4.4,0.18,124,153,93,130
569708,MZLGI14RJK,655310,21/02/2019,10:11,11:14,Pale Yellow,Slightly cloudy,1.015,5.2,Trace,Trace,Negative,Negative,Negative,Normal,Negative,TNTC,2,3-3,Rare,Nil,Fat droplets or lipiduria,12.6,7,30.8,91.9,18,40,14.1,39.4,7036,59,18,2,10,0,7.11,0.71,0.64,0.32,0.02,291,8.2,17,0.37,26.7,1.2,0.17,3.69,0.25,179,39,99.3,31.1,155.5,135,4.6,2.55,0.39,15.8,11.3,4.5,56,46,23,15,7.3,4.3,3,1.43,1.1,17,7.939,7.22,92,4.8,100,2.3,122.51,137,155,292,46.92,6.1,128.37,0.6,26.1,63.2,41.3,9.8,3.1,157,8.5,5.85,115,82,122,159
430000,GYAHD01ODK,303409,23/02/2019,08:23,09:38,Light Yellow,Hazy,1.011,4.9,Trace,Negative,Negative,Negative,Negative,Normal,Negative,49-51,1,3-3,Nil,Rare,NIL,9.6,4.6,37,84.4,20,25,11.9,43.4,5560,52,52,3,3,3,2.58,1.02,0.43,0.08,0.01,126,7.7,13,0.31,27.3,0.1,0.2,0.6,0.06,170,21,95,77.4,387,68,8.1,4.52,0.22,0.5,0.1,0.4,93,18,9,11,8,5.3,2.7,1.96,0.7,14.3,6.6781,9.54,130,1.8,107,5.4,95.01,131,289,420,31.19,6.9,151.33,0.5,10.2,60.7,16.8,11.6,2.8,147,22.9,1.58,102,111,81,260
618316,GYAHD07ODK,944369,21/02/2019,06:04,06:49,Light Yellow,Slightly cloudy,1.015,6.5,Trace,Negative,Negative,Negative,Negative,Normal,Negative,10-11,1,3-2,Nil,Nil,NIL,9.2,7.5,49.6,91.1,12,18,13.1,45.1,3396,37,45,5,7,0.6,6.64,4.06,0.61,0.61,0.1,356,11.9,15,0.36,13.8,3.5,0.09,0.13,3.35,224,56,95.7,83.8,419,195,4,1.71,0.59,0.5,0.2,0.3,60,31,23,27,8.2,4.7,3.5,1.34,0.7,11.5,5.3705,7.67,141,4.5,113,2.9,114.7,103,262,365,28.22,6.9,151.33,0.8,20.8,81.8,25.43,11.5,3.1,143,7.2,0.76,83,76,79,109
584138,PBCHD13NLM,394496,20/02/2019,08:41,10:08,Pale Yellow,Slightly cloudy,1.023,7.6,Trace,Negative,Negative,Negative,Negative,Normal,Negative,TNTC,1,>20,Nil,Nil,NIL,15.2,4.5,35.9,95.9,33,42,13.4,32.6,6025,24,28,6,5,0,18.07,1.3,0.29,0.31,0.06,303,8.1,14,0.34,40.4,0.1,0.15,0.37,0.38,231,58,100.7,34.1,170.5,106,4,1.74,0.58,0.4,0,0.4,97,16,25,17,5.7,4.2,1.5,2.8,1.6,8.5,3.9695,2.48,143,3.6,108,2.5,112.53,126,193,319,39.5,8.6,200.12,2.3,279.8,97.3,287.56,10,4,206,12.2,2.28,72,97,80,104
253603,PBCHD01PBM,341722,22/02/2019,07:00,07:52,Dark Yellow,Clear,1.017,5.2,Negative,Negative,Negative,Negative,Negative,Normal,Negative,8-10,2,3-4,Nil,Nil,NIL,15.6,3.3,52.7,70.6,47,29,16.2,35.8,8573,80,28,3,15,0,0.59,1.87,0.93,0.04,0.11,1191,7.2,11,0.29,27.1,2,0.3,0.01,0.26,166,42,117,54.6,273,128,4,2.79,0.36,1,0.3,0.7,92,31,19,15,7.2,4.9,2.3,2.13,1.1,15.2,7.0984,6.45,143,4.3,101,3.1,107.35,150,217,367,40.87,8.7,202.99,0.2,26.5,87.5,30.29,9.9,2.1,183,8,1.69,109,84,85,434
313602,KLTRS11NLZ,750275,23/02/2019,06:58,07:37,Deep Amber,Hazy,1.011,6.1,Trace,Negative,Negative,Negative,Negative,Normal,Negative,TNTC,1,1-2,Nil,Nil,NIL,9,5,23.2,99.4,18,38,12.9,42.7,8857,55,11,3,6,0,4.8,0.09,0.64,0.29,0.01,474,10.8,14,0.67,29.8,7.2,0.2,0.32,0.28,158,58,138.6,5.8,29,118,2.7,2.39,0.42,0.7,0.3,0.4,127,67,24,21,5.8,4.4,1.4,3.14,0.7,13.3,6.2111,8.87,148,2.7,103,5,42.31,166,143,309,53.72,5.8,119.76,0.6,17.5,66.8,26.2,11.2,5,71,10,0.36,121,79,298,158
490128,PBCHD13NLM,791220,22/02/2019,10:32,11:59,Orange,Slightly cloudy,1.02,5.4,Negative,Trace,Negative,Negative,Negative,Normal,Negative,7-9,1,>20,Nil,Nil,Fungal elements,14.5,4.7,21.4,84.8,30,67,14.2,39.3,9165,46,31,2,11,0,0.23,3.64,0.33,0.34,0.08,294,13,9,0.32,16.7,4.9,0.48,0.32,0.25,206,23,90.5,50.3,251.5,81,9,3.93,0.25,0.4,0.1,0.3,75,20,34,24,7.8,4.4,3.4,1.29,0.7,10.3,4.8101,6.87,120,4.9,96,5.4,91.54,95,248,343,27.7,8.7,202.99,0.6,281.1,147.7,190.32,12.3,4.4,145,6.9,2.95,73,106,88,233
733117,KLTRS06NLZ,416810,19/02/2019,09:40,10:36,Light Yellow,Slightly cloudy,1.014,5.8,Trace,Trace,Negative,Negative,Negative,Normal,Negative,13-14,2,9-14,Nil,Nil,NIL,16.3,4.9,29.1,72,33,56,12.5,44.8,4804,37,20,6,5,0,2.3,4.02,0.79,0.43,0.01,381,5.3,19,0.27,24.6,0.7,0.27,4.84,0.22,107,41,127.2,37.8,189,124,2.6,3.1,0.32,0.7,0.3,0.4,83,44,14,47,7.5,4.8,2.7,1.78,1,19.7,9.1999,9.2,136,5.9,98,2.1,91.85,96,325,421,22.8,6.3,134.11,0.1,16,60.1,26.62,11.9,2.8,130,10.1,2.58,102,116,94,112
377426,MZLGI13GJS,820969,20/02/2019,10:36,11:21,Deep Amber,Slightly cloudy,1.021,6.6,Negative,Negative,Negative,Negative,Negative,Normal,Negative,8-9,5,3-3,Nil,Nil,Artifacts,7.2,4.9,31.7,76.1,14,22,12.7,44.6,5271,55,19,5,8,0,8.02,1.12,0.33,0.16,0.06,344,12,12,0.15,16.5,4,3.79,1.52,3.92,206,49,121.3,11.7,58.5,100,4.2,2.48,0.4,0.7,0.3,0.4,90,39,36,38,8.1,4.7,3.4,1.38,1,7.9,3.6893,3.69,138,4.8,114,3,111.05,71,346,417,17.03,5.7,116.89,0.8,28,84.3,33.21,8.6,5.9,171,7.5,2.06,93,119,94,163
547053,KLTRS12MLT,915405,20/02/2019,10:27,11:46,Straw,Hazy,1.019,6.9,Trace,3+,Negative,Negative,Negative,Normal,Negative,2-3,0,2-3,Nil,Nil,NIL,14.4,5.6,43.4,83.3,25,33,11.8,39.2,54178,54,18,6,6,1,2.87,1.48,0.66,0.09,0.19,18,11.6,16,0.3,20.8,2.6,0.09,0.32,0.25,174,33,75.6,65,325,132,5.3,2.29,0.44,0.8,0.1,0.7,45,12,32,12,6,3.7,2.3,1.61,0.8,12.9,6.0243,7.53,139,1.6,95,2.7,112.17,33,246,279,11.83,6.3,134.11,0.4,12.8,50.1,25.55,10.1,3,195,9.7,0.08,81,97,110,120
472483,MZLGI11APK,632953,23/02/2019,08:50,09:52,Yellow,Clear,1.012,4.5,Negative,Trace,Negative,Negative,Negative,Normal,Negative,3-4,0,3-4,Nil,Rare,Fat droplets or lipiduria,4.2,7.8,32.6,81.5,5,12,12,43.7,5261,60,35,6,3,0.5,17.07,2.23,0.8,0.07,0.05,141,17.7,13,0.26,30.1,2.6,0.6,0.23,0.88,192,26,102.8,7,35,131,7.4,3.95,0.25,0.6,0,0.6,50,46,17,27,8.2,3.3,4.9,0.67,1.1,14.3,6.6781,6.07,142,4.1,100,3,109.45,112,152,264,42.42,6.6,142.72,0.1,28.3,32.4,87.35,9.9,2.6,76,3.6,1.13,94,60,117,167
554810,GYAHD07JHJ,675937,23/02/2019,09:15,09:55,Pale Yellow,Slightly cloudy,1.025,4.6,Trace,Trace,Negative,Negative,Trace,Normal,Negative,8-10,2,1-4,Nil,Nil,NIL,7.6,4.7,50.6,49,16,15,11.9,36.2,32687,47,34,8,2,0,5,3.73,0.46,0.04,0.1,426,11.4,17,0.31,22.3,2.1,5.32,0.14,3.01,188,34,94.1,36.1,180.5,67,5.5,2.77,0.36,0.7,0.3,0.4,64,15,16,36,7,3.6,3.4,1.06,1,14.9,6.9583,6.96,137,4,99,2.8,75.11,159,321,480,33.13,9.9,237.43,0.8,22.1,23.7,93.25,12,3.5,52,3.4,2.51,125,92,80,105
382127,PBCHD01SKM,966198,22/02/2019,06:19,07:01,Light Yellow,Clear,1.021,5,Negative,Negative,Negative,Negative,Negative,Normal,Negative,12-14,0,3-2,Nil,Nil,Fat droplets or lipiduria,16.3,5.3,34,96.1,30,47,14.4,42,6503,46,18,2,6,0,5.07,1.11,0.41,0.35,0.03,414,7.3,26,0.31,42.5,4,1.78,0.31,3.76,236,46,133.2,36.2,181,175,5.1,2.9,0.35,0.7,0,0.7,61,25,18,29,7.5,4.2,3.3,1.27,0.8,11.1,5.1837,6.48,144,3.6,115,3.5,83.98,166,232,398,41.71,6,125.5,3.7,11.6,62.7,18.5,10.4,2.6,81,22.3,1.92,107,71,75,75
185821,MZLGI04APK,857505,21/02/2019,10:41,12:00,Pale Yellow,Slightly cloudy,1.011,6.1,Negative,Trace,Negative,2+,1+,Normal,Negative,10-12,2,5-12,Nil,Nil,Artifacts,17.3,5.6,26.4,70.8,30,65,11.5,40.2,9606,47,34,5,4,0,9.89,1.16,0.98,0.03,0.13,171,7.6,15,0.06,19.9,0.8,0.13,0.86,0.2,191,23,46.6,6.6,33,68,8.3,2.03,0.49,0.3,0.1,0.2,97,49,31,34,6.6,3.9,2.7,1.44,0.9,204.5,95.5015,106.11,139,3.3,96,2.8,104.79,43,116,159,27.04,6.2,131.24,0.3,20.4,101.5,20.1,11.1,4.1,194,11.8,2.66,71,96,118,99
559006,MZLGI13RJK,437806,21/02/2019,08:02,08:52,Light Yellow,Slightly cloudy,1.023,4.4,1+,3+,Negative,Negative,Negative,Normal,Negative,11-12,0,3-2,Nil,Rare,NIL,14.8,5,50.8,97.3,29,29,14.1,44,7505,53,39,10,10,0.8,6.64,1.27,0.7,0,0.11,260,11.9,29,0.21,19.6,4.2,0.21,2.37,0.27,230,31,136.4,7.7,38.5,138,7.4,4.4,0.23,0.7,0.3,0.4,129,11,27,17,8.2,4.5,3.7,1.22,1.1,17.2,8.0324,7.3,138,5.3,103,9.6,97.01,206,155,361,57.06,6,125.5,0.3,18.4,205.2,8.97,9.6,5.2,152,12.8,12.79,100,218,95,128
977542,KLTRS11ODB,683611,22/02/2019,11:51,13:17,Light Yellow,Slightly cloudy,1.038,7,Trace,Trace,Negative,Negative,Negative,Normal,Negative,4-5,1,2-2,Nil,Nil,Amorphous debris,17.8,4.7,25.9,74.7,37,68,12,37.3,9671,57,22,6,7,0,3.78,5.42,0.47,0.48,0.02,412,10.5,22,0.33,34.4,4.7,0.32,0.05,0.36,182,77,212.4,17.1,85.5,122,2.4,2.76,0.36,0.6,0,0.6,117,47,21,17,6,3.7,2.3,1.61,1,41.1,19.1937,19.19,139,4.3,99,9,110.36,117,320,437,26.77,8.7,202.99,0.8,24.4,172.8,14.12,8.7,4.1,197,18.6,3.52,83,162,123,93
970563,KLTRS15KLP,811600,22/02/2019,10:50,11:21,Straw,Clear,1.018,5.4,Trace,1+,1+,Negative,Negative,Normal,Negative,7-9,33,3-2,Few,Few,Artifacts,9,6.3,38,74.2,14,23,13.2,45.1,9710,76,20,6,2,0,9.24,1.82,1.08,0.13,0.1,291,11.8,11,0.25,29,4.4,0.25,0.2,0.1,153,58,216.3,95.7,478.5,104,2.6,3.73,0.27,1.5,0.7,0.8,70,35,40,29,8.3,4.2,4.1,1.02,0.9,95.8,44.7386,49.71,121,4.3,103,3.4,98.2,94,259,353,26.63,6.2,131.24,0.8,21.6,54.8,39.42,10.7,2.2,200,10.3,0.37,99,113,115,79
744899,KLTRS10TSS,218803,22/02/2019,10:17,11:34,Pale Yellow,Clear,1.024,5.1,Negative,Trace,Negative,Negative,Negative,Normal,Negative,10-11,2,1-3,Nil,Nil,Mucus threads,13.1,6.5,50.4,99.4,20,25,12.2,41.1,8250,37,39,5,6,0,4.99,3.62,0.5,0.68,0,389,12.2,13,0.2,12.5,2.8,0.24,0.14,0.39,189,49,91.6,82.3,411.5,162,3.9,1.87,0.53,0.2,0,0.2,120,23,38,46,6.7,4.3,2.4,1.79,1,7.1,3.3157,3.32,141,5.9,107,6.6,116.91,109,142,251,43.43,9.7,231.69,0.7,11.6,287.2,4.04,10.4,2,169,11.9,7.25,198,80,72,124
745661,KLTRS11ODB,199506,22/02/2019,10:13,11:42,Pale Yellow,Clear,1.015,6,Negative,Trace,Negative,Negative,Negative,Normal,Negative,7-8,5,11-13,Nil,Nil,NIL,16.3,4.8,31.8,78.5,33,51,9,41.2,6728,54,27,2,2,0,7.81,2.26,0.47,0.39,0.02,176,7.4,19,0.56,14.1,3.6,0.3,0.31,0.4,220,60,110.1,24.5,122.5,92,3.7,1.84,0.54,0.7,0,0.7,113,16,36,26,7,4.5,2.5,1.8,1,10.8,5.0436,5.04,140,4.8,103,2.3,57.07,226,352,578,39.1,6.1,128.37,0.7,17.5,146.2,11.97,9.8,5.3,158,6.3,9.8,73,76,82,98
674929,KLTRS14KLP,166881,21/02/2019,06:51,07:58,Light Yellow,Hazy,1.017,6.9,1+,Trace,Negative,Negative,Negative,Normal,Negative,76-77,1,>20,Nil,Rare,Mucus threads,12.5,4.2,37,97.4,29,33,12.8,41.5,54207,41,28,1,2,0,1.16,0.81,0.83,0.35,0.03,123,7.3,25,0.36,22,0.1,2.94,0.2,0.57,208,59,118.7,25.1,125.5,86,3.5,2.01,0.5,0.8,0.3,0.5,43,32,27,41,6.3,4.8,1.5,3.2,2.3,10.8,5.0436,2.19,149,5,113,4.8,64.66,89,123,212,41.98,6,125.5,0,15.6,423.5,3.68,11.8,4.1,69,5.9,3.23,73,122,76,87
182526,PBCHD10NLM,820413,21/02/2019,09:25,10:45,Pale Yellow,Clear,1.016,5,Trace,1+,Negative,Negative,Negative,Normal,Negative,14-15,0,3-2,Nil,Nil,Fat droplets or lipiduria,17.3,5.1,54,48,33,32,13.1,43.5,26615,56,39,5,5,0.6,3.62,2.95,0.8,0.08,0.11,194,8.7,17,0.34,22.1,0.7,0.06,0.19,6.78,185,30,50.9,18.6,93,200,6.2,1.7,0.59,0.7,0.2,0.5,90,40,8,26,8.1,4.3,3.8,1.13,0.6,12.8,5.9776,9.96,146,3.4,105,7.1,114.01,47,217,264,17.8,7.3,162.81,0.8,20.4,70.5,28.94,9.9,5.4,238,7.8,0.91,72,86,85,158
844197,GYAHD12ODK,348359,21/02/2019,11:31,12:35,Pale Yellow,Clear,1.018,5.5,Negative,Trace,Negative,Negative,Negative,Normal,Negative,TNTC,1,1-4,Nil,Nil,NIL,17.8,5.5,47.6,58.4,32,37,12.3,39.2,9460,63,20,6,5,0,1.96,1.53,0.56,0.17,0.03,140,10.8,24,0.26,15,3,6.32,0.08,0.35,176,24,89,19.6,98,84,7.3,3.71,0.27,1.4,0.2,1.2,65,56,35,21,7.1,4.8,2.3,2.09,1.2,7,3.269,2.72,121,4.5,105,6.8,104.91,234,346,580,40.34,17.5,455.55,0.6,653.6,223.8,292.05,8.5,5.3,115,16.2,2.48,83,232,74,149
571391,PBCHD02PBM,888268,23/02/2019,11:40,12:37,Straw,Clear,1.02,4.7,Trace,1+,Negative,Negative,Negative,Normal,Negative,6-8,1,2-4,Rare,Nil,Yeast cells,10.8,5.7,43.3,95.8,18,24,11.8,41.9,9696,42,26,4,8,0,3.09,2.08,0.66,0.3,0.06,439,8.6,12,0.39,14.4,0.1,0.3,0.58,5.6,185,54,71,71.1,355.5,137,3.4,1.31,0.76,0.7,0.1,0.6,94,49,27,35,6.6,4.6,2,2.3,1.1,68.3,31.8961,29,127,4.2,107,5,112.93,42,268,310,13.55,6.2,131.24,0.6,18.3,114.8,15.94,10.2,2.5,194,7.7,3.75,283,297,85,108
978898,MZLGI15GJS,914304,20/02/2019,06:42,07:53,Dark Yellow,Slightly cloudy,1.021,5.5,Negative,Trace,Negative,Negative,Negative,Normal,Negative,9-10,2,2-4,Nil,Nil,NIL,16.8,2.7,24.3,89.8,62,69,13.3,41.4,10673,58,39,5,8,0,1.11,1.02,0.79,0.38,0.07,426,7.4,17,0.3,25.2,3.6,0.3,0.1,0.18,153,78,73.5,101.7,508.5,112,2,0.94,1.06,0.8,0.2,0.6,60,27,26,41,6.3,3.7,2.6,1.42,1.1,16.8,7.8456,7.13,124,3.6,103,4.2,115.67,156,119,275,56.73,6.1,128.37,0.8,15.6,120.4,12.96,8.8,2.1,237,19.6,0.7,128,85,105,199
765168,PBCHD04RJU,478674,21/02/2019,07:45,08:45,Straw,Clear,1.019,5.3,Negative,Trace,Negative,Negative,Negative,Normal,Negative,3-4,0,1-4,Nil,Nil,Fat droplets or lipiduria,13.2,4.6,36.2,84.4,28,36,12.2,45.2,8825,48,40,2,6,0,6.93,0.68,0.44,0.43,0.04,285,13.5,11,0.22,32.3,3.6,0.26,6.02,0.25,172,45,216.6,34.7,173.5,181,3.8,4.81,0.21,0.8,0.2,0.6,42,38,15,11,6.2,4.2,2,2.1,1.2,16,7.472,6.23,140,3.8,98,2.3,81.49,49,355,404,12.13,8.5,197.25,0.1,11.1,84,13.21,9.3,3.5,146,9.2,2.53,74,78,95,187
104534,GYAHD11ODK,237302,21/02/2019,09:23,10:33,Pale Yellow,Clear,1.035,6.8,Negative,1+,Negative,Negative,Negative,Normal,Negative,10-11,1,1-3,Nil,Few,NIL,8.9,5.1,17.9,71,17,49,10,45,4402,70,23,5,5,0.4,5.14,1.62,0.71,0.08,0.05,181,8.6,15,0.28,27.3,4.1,0.35,5.28,0.08,184,23,71.4,24.6,123,123,8,3.1,0.32,0.8,0.1,0.7,112,108,12,41,7.1,3.6,3.5,1.03,1.2,6,2.802,2.34,139,3.7,95,5.5,116.4,90,315,405,22.22,6.3,134.11,0.6,15.6,138.7,11.25,11.7,3.5,265,11.5,4.23,88,96,282,99
186686,PBCHD12SKM,819284,23/02/2019,09:58,11:15,Pale Yellow,Clear,1.026,6.5,Negative,Trace,Negative,Negative,Negative,Normal,Negative,48-51,0,3-4,Nil,Nil,Amorphous debris,5.7,6,37.2,88.4,9,15,13.3,41.7,44612,66,15,4,2,0.2,1.15,0.42,0.3,0.39,0.18,248,8.9,11,0.33,22.8,2,0.32,0.36,0.37,156,43,89.7,100.4,502,77,3.6,2.09,0.48,1.1,0.5,0.6,58,41,22,30,6,4.9,1.1,4.45,1.2,19.2,8.9664,7.47,142,4.4,110,5.2,111.21,114,345,459,24.84,7.3,162.81,1,691.5,29.1,2376.29,10.7,4.1,109,8.8,2.12,70,73,94,188
954051,KLTRS13ODB,794937,22/02/2019,10:59,11:51,Light Yellow,Clear,1.012,6,Negative,Trace,Negative,Negative,Negative,Normal,Negative,TNTC,5,1-4,Nil,Moderate,NIL,12.8,4.3,51,69.5,29,25,11.6,40.1,7390,31,33,4,3,0,8.3,1.3,0.41,0.38,0.07,627,8.2,14,0.21,13.3,1.3,0.06,0.13,0.26,162,47,74.4,42.3,211.5,70,3.4,1.58,0.63,0.2,0,0.2,110,13,31,46,6.1,4.5,1.6,2.81,0.8,19.1,8.9197,11.15,131,2.8,97,3,100.22,82,352,434,18.89,11.8,291.96,0.9,24.1,76.6,31.46,8.9,2.9,109,2.1,2.06,110,74,110,136
905977,MZLGI07GJS,757817,20/02/2019,08:26,09:05,Yellow,Hazy,1.013,4.6,1+,Trace,1+,Negative,Negative,Normal,Negative,83-86,0,16-12,Nil,Nil,NIL,13.7,5.1,35.4,89.1,26,38,14.3,39.4,7314,52,38,2,8,0,7.28,1.74,0.22,0.12,0.03,436,7.3,10,0.21,26.2,0.1,0.21,0.3,0.19,208,49,120.2,93.8,469,120,4.2,2.45,0.41,0.7,0,0.7,78,52,10,23,6.6,3.7,2.9,1.28,0.7,19,8.873,12.68,131,3.1,100,3.4,97.57,199,346,545,36.51,10.8,263.26,0.4,26.7,81.2,32.88,8,4,232,6.5,0.85,82,91,103,145
600936,MZLGI11MHP,238124,22/02/2019,08:33,09:22,Green,Clear,1.022,7.9,1+,Negative,Negative,Negative,Negative,Normal,Negative,7-9,2,3-3,Nil,Rare,NIL,14,5.6,62.7,83.1,25,22,10.6,43.7,5259,36,43,5,21,0,5.97,1.78,0.58,0.19,0.19,369,11,12,0.25,17.6,4.8,0.39,2.89,4.29,160,53,94.3,24.5,122.5,87,3,1.78,0.56,0.9,0.2,0.7,186,53,28,25,5.1,4,1.1,3.64,0.9,16.9,7.8923,8.77,139,3.6,98,4.5,114.38,105,92,197,53.3,5.9,122.63,0.6,17.1,29.4,58.16,11.2,4.4,104,7.8,2.85,99,270,131,91
476850,MZLGI14MHP,607437,22/02/2019,06:31,07:15,Pink,Clear,1.013,5.6,Negative,Trace,Negative,Negative,Negative,Normal,Negative,13-14,0,3-3,Rare,Nil,Parasites,16.8,4.5,19.6,91.4,37,85,14,42.2,10936,44,25,6,5,0,5.88,2.83,0.14,0.21,0.01,983,7.6,15,0.34,25.2,2.7,0.23,3.31,0.25,178,69,122.1,13.7,68.5,119,2.6,1.77,0.57,0.6,0.1,0.5,76,41,28,51,7.9,3.5,4.4,0.8,1.1,13.5,6.3045,5.73,140,2.7,106,6.1,112.1,117,216,333,35.14,7.1,157.07,13,23.1,150.6,15.34,7.9,3,282,7.4,1.93,109,89,115,130
650170,MZLGI01MHP,360982,23/02/2019,07:45,09:09,Straw,Slightly cloudy,1.022,5,Negative,Trace,Negative,Negative,Trace,Normal,Negative,13-15,2,1-2,Nil,Nil,Fat droplets or lipiduria,8.7,6,25.9,57.9,14,33,14.4,45.7,7887,45,31,10,5,0,9.05,1.15,0.48,0.17,0.06,146,12,20,0.3,12.1,3.4,0.76,1.85,0.01,183,49,74.3,35.2,176,81,3.7,1.52,0.66,0.4,0,0.4,43,38,22,43,6.2,4.1,2.1,1.95,0.9,15.1,7.0517,7.84,129,4.8,74,5,114.42,142,215,357,39.78,5.9,122.63,0,16.4,77.4,21.19,8.6,3.5,63,8.7,0.15,112,79,65,115
715077,GYAHD06ODK,757297,19/02/2019,06:59,08:26,Pale Yellow,Hazy,1.013,8,Negative,Trace,Negative,Negative,Negative,2+,Negative,TNTC,3,2-3,Nil,Nil,Artifacts,4.8,3.6,53.7,92,13,8,14.3,46,4373,20,30,6,4,0,1.29,1.18,0.23,0.29,0.07,236,10.7,17,0.38,14,2.7,0.13,0.33,0.29,210,42,72.8,5.2,26,81,5,1.73,0.58,0.8,0.3,0.5,44,17,93,11,6.2,4.8,1.4,3.43,1.1,45.3,21.1551,19.23,138,5.2,87,6.6,90.25,114,265,379,30.08,6.3,134.11,0.8,25.8,103,25.05,8.3,3.2,173,10.6,0.28,77,75,66,90
274735,MZLGI10APK,234484,19/02/2019,08:51,09:21,Orange,Clear,1.02,6.6,Trace,Negative,Negative,Negative,Negative,Normal,Negative,28-30,0,1-3,Rare,Rare,NIL,10.2,2,40.4,57.6,51,25,12.7,40.8,23956,55,36,3,6,0,8.77,5.26,0.9,0.19,0.11,365,9.3,14,0.3,31.8,5.8,0.27,0.89,0.34,183,37,99.5,28.6,143,71,4.9,2.69,0.37,1.1,0.5,0.6,80,23,24,21,6.3,3.2,3.1,1.03,1.2,15.6,7.2852,6.07,144,5.6,104,2.9,103.99,84,356,440,19.09,6.9,151.33,0.1,16.7,121,13.8,11.2,3.9,284,8.2,7.14,70,112,86,153
957869,MZLGI13APK,752787,21/02/2019,10:47,12:00,Straw,Clear,1.013,5.8,Negative,2+,Negative,Negative,Negative,Normal,Negative,5-7,2,2-3,Nil,Nil,Yeast cells,16.5,4.3,28.3,65.9,38,58,12.1,46.9,6007,58,41,6,4,0,0.83,1.5,0.56,0.1,0.14,597,11.1,12,0.3,18.7,3.3,2.24,0.35,0.02,214,43,152.4,16,80,61,5,3.54,0.28,1.1,0.5,0.6,100,19,19,40,7.4,4.6,2.8,1.64,1.1,29.3,13.6831,12.44,148,3,108,1.9,114.5,210,256,466,45.06,6.2,131.24,0.6,16.9,403.6,4.19,9.5,4.4,223,9,0.16,120,104,139,80
576063,MZLGI15MHP,437330,20/02/2019,08:04,09:09,Light Yellow,Hazy,1.018,5,Negative,Trace,Negative,Negative,Negative,Normal,Negative,2-3,0,>20,Moderate,Nil,Yeast cells,7.3,4.2,32.9,54.4,17,22,12.3,44.9,4957,47,32,6,21,0,13.25,2.89,0.7,0,0.19,112,11.8,11,0.1,30.1,2,3.43,0.26,0.07,690,58,76.5,5.7,28.5,151,11.9,1.32,0.76,0.6,0.1,0.5,125,9,12,14,6.6,4.2,2.4,1.75,1.1,7.6,3.5492,3.23,149,3,96,9.6,98.12,131,357,488,26.84,7.2,159.94,0.8,22.6,79.7,28.36,10.2,6.5,75,6.8,1.56,82,86,75,123
281277,PBCHD08HPP,424455,19/02/2019,10:11,11:34,Pale Yellow,Slightly cloudy,1.018,5.9,Negative,Trace,Negative,Negative,Negative,Normal,Negative,11-13,0,2-2,Nil,Nil,Fat droplets or lipiduria,20.9,5.1,63.8,86,40,32,13.3,47.2,4550,50,11,1,12,0,6.92,1.71,0.35,0.37,0.03,338,9.4,16,0.21,14.8,4.4,0.15,0.36,0.07,196,62,116.2,15.1,75.5,74,3.2,1.87,0.53,0.8,0.2,0.6,68,42,14,24,6.2,3.6,2.6,1.38,0.6,12,5.604,9.34,122,4.7,107,5.7,87.11,144,326,470,30.64,6.3,134.11,0.9,12.3,89.6,13.73,9,4.4,370,4.7,2.22,104,95,88,131
279145,PBCHD06RJU,407382,21/02/2019,09:29,10:22,Light Yellow,Clear,1.02,5.5,Negative,Negative,Negative,Negative,Negative,Normal,Negative,7-9,1,3-3,Nil,Nil,Amorphous debris,9.4,5.3,51.9,76.3,17,18,16.8,40.6,8870,51,36,6,2,0,7.33,1.35,0.66,0.11,0.01,440,11,17,0.09,15,0.1,6.65,0.06,0.85,150,45,97.3,12.1,60.5,200,3.3,2.16,0.46,0.5,0,0.5,96,34,28,10,7.2,5,2.2,2.27,0.7,13.1,6.1177,8.74,143,2.9,96,2.2,115.52,148,301,449,32.96,12.8,320.66,0.3,28.7,330.2,8.69,12.3,3.3,120,6.5,2.63,90,77,90,162
902850,KLTRS05KLP,392527,21/02/2019,11:14,12:25,Deep Amber,Clear,1.01,5.9,Trace,Trace,Negative,Negative,Negative,Normal,Negative,3-4,0,1-4,Nil,Nil,NIL,14.6,4.5,30.5,87.3,32,47,13.2,44.9,9875,40,29,8,3,0,2.19,3.94,0.65,0.14,0.02,298,7.9,15,0.32,33.7,2.7,0.3,0.05,1.93,641,58,37.9,33.1,165.5,107,11.1,0.65,1.53,0.2,0,0.2,69,20,35,44,8,5,3,1.67,0.6,38.4,17.9328,29.89,138,4.3,99,5.8,36.93,61,244,305,20,13,326.4,0.7,451.4,75.8,595.51,9.6,3.4,142,8.1,1.87,116,97,92,83
569395,GYAHD13KAU,529412,20/02/2019,09:21,10:23,Light Yellow,Clear,1.016,6.2,Negative,Negative,Negative,Negative,Negative,Normal,Negative,7-8,0,2-2,Nil,Nil,NIL,16.1,4.3,50.9,95.8,37,31,14.4,42.3,7358,45,32,5,3,0,6.48,2.05,0.18,0.22,0.05,364,8.3,16,0.26,36.6,5.6,0.35,0.36,0.37,199,43,122.1,6.7,33.5,152,4.6,2.84,0.35,0.6,0.1,0.5,76,37,10,23,8.3,3.6,4.7,0.77,1.2,11.5,5.3705,4.48,140,2.9,106,2.7,96.47,91,202,293,31.06,5.5,111.15,0.3,21,485.6,4.32,12,6.6,158,18.7,2.39,88,118,96,103
654545,MZLGI11GJS,963067,20/02/2019,07:56,09:22,Straw,Slightly cloudy,1.011,6.8,Trace,Trace,Negative,Negative,Negative,Normal,Negative,48-49,1,1-2,Nil,Moderate,NIL,13.9,5.5,50.4,44.8,25,27,11.8,47.7,9567,59,44,3,4,0,4.43,7.85,0.85,0.59,0.03,157,5.3,17,0.38,33.3,1.3,0.17,0.17,0.06,168,79,179.2,31.3,156.5,83,2.1,2.27,0.44,0.9,0.2,0.7,116,37,16,25,6.7,4.6,2.1,2.19,0.6,18.4,8.5928,14.32,145,1.9,104,3.6,98.5,185,290,475,38.95,6.3,134.11,0.3,153,91.4,167.4,9.5,2.4,70,10.9,0.86,102,88,91,113
966880,KLTRS12TSS,671531,23/02/2019,06:09,07:36,Straw,Clear,1.015,6.6,Negative,Trace,Negative,Negative,Negative,Normal,Negative,6-8,2,2-4,Rare,Nil,NIL,11.3,4.5,23.5,58.2,25,48,11.5,42.5,5730,67,15,9,6,0,2.07,2.78,0.62,0.19,0.1,217,11.1,15,0.36,31.1,0.1,0.09,0.55,0.2,153,33,122.7,38.4,192,175,4.6,3.72,0.27,0.8,0.3,0.5,76,36,36,45,7.2,5,2.2,2.27,0.8,8.6,4.0162,5.02,153,3.3,106,9.9,84.59,139,350,489,28.43,6.3,134.11,0.4,18.4,584.6,3.15,11,4.9,68,19.3,1.11,89,99,97,116
777901,GYAHD11KLM,107381,22/02/2019,11:52,13:12,Straw,Slightly cloudy,1.025,4.9,Negative,Trace,Negative,Negative,Negative,Normal,Negative,8-10,0,3-2,Nil,Nil,NIL,15.3,5.1,26.6,76.5,30,57,12,37,44307,40,38,5,8,0,7.19,1.21,0.28,0.2,0.1,310,7.7,17,0.37,28.6,1.3,0.37,0.37,0.32,237,27,98.4,50.7,253.5,86,8.8,3.64,0.27,0.7,0.3,0.4,54,22,33,32,6,4.2,1.8,2.33,0.6,18.7,8.7329,14.55,128,4,106,6.4,95.74,95,300,395,24.05,6.2,131.24,1,17.7,468.6,3.78,11.3,3.2,86,11.4,0.81,77,89,113,191
273265,GYAHD03KLM,354836,19/02/2019,09:58,10:43,Yellow,Clear,1.018,6.9,Trace,Trace,Negative,Negative,Negative,Normal,Negative,TNTC,2,>20,Nil,Rare,NIL,11.7,4.1,53.9,95.6,28,21,14.1,39.7,5574,41,32,3,3,0,6.86,1.61,0.54,0.48,0.11,276,7,17,0.21,14,3.3,0.16,0.26,0.12,231,52,87.3,14.4,72,178,4.4,1.68,0.6,0.4,0.1,0.3,129,34,23,47,6.6,3.9,2.7,1.44,1.2,10.1,4.7167,3.93,123,4.1,97,3.6,111.03,124,315,439,28.25,6,125.5,0.9,17.6,119.7,14.7,11.2,2.7,150,14.8,2.6,90,184,226,136
164942,MZLGI03MHP,128026,19/02/2019,07:17,08:35,Yellow,Slightly cloudy,1.017,6.9,Trace,Negative,Negative,Negative,Negative,Normal,Negative,89-93,2,1-4,Nil,Nil,NIL,19.3,5.4,50.9,76.4,35,37,14,30.5,18797,40,19,5,4,0,0.28,2.61,0.46,0.42,0.04,282,7,15,0.21,26.7,5.9,0.08,0.32,0.04,201,53,71.1,25.8,129,88,3.8,1.34,0.75,0.4,0,0.4,58,54,31,35,7.5,4.6,2.9,1.59,0.9,9.6,4.4832,4.98,141,5.9,97,4.2,93.94,166,181,347,47.84,8.6,200.12,0.5,15.9,134.6,11.81,9.4,5.1,78,12.3,1.25,86,109,126,68
868627,PBCHD06NLM,698775,20/02/2019,09:41,11:04,Straw,Clear,1.014,6.1,Negative,Trace,Negative,Negative,Negative,Normal,Negative,TNTC,3,11-16,Nil,Rare,Fat droplets or lipiduria,20.8,5.3,17.4,121.9,39,119,14.6,41.4,4331,41,47,10,1,0,1.33,1.45,1,0.04,0.01,346,10,12,0.25,13,3.3,0.13,0.29,0.78,233,54,97.4,26.8,134,158,4.3,1.8,0.55,0.3,0,0.3,84,29,27,31,8.1,4.1,4,1.03,0.8,28.8,13.4496,16.81,147,3,97,3.2,46.5,133,237,370,35.95,5.7,116.89,0.9,21.3,295.3,7.21,11.5,3.1,86,9.4,1.58,117,85,92,93
583932,MZLGI14MHP,951473,20/02/2019,07:12,07:51,Pale Yellow,Hazy,1.024,4.5,Negative,Negative,Negative,Negative,Negative,Normal,Negative,TNTC,1,3-2,Few,Nil,NIL,17.7,7.7,10.2,88.6,22,173,9.6,37.4,4539,34,26,18,2,1.9,7.85,5.36,0.42,0.41,0.06,330,8.2,12,0.1,17.1,1.5,0.2,0.16,0.33,177,63,134.3,61.3,306.5,160,2.8,2.13,0.47,0.7,0.3,0.4,82,16,20,39,6.5,5,1.5,3.33,1,14.3,6.6781,6.68,142,3.9,103,2.5,112.62,109,156,265,41.13,7.6,171.42,0.1,17.8,84,21.19,8.7,3.4,233,10,2.88,150,116,94,120
381054,MZLGI04APK,857811,21/02/2019,08:43,09:43,Straw,Slightly cloudy,1.017,6.1,2+,Negative,Negative,Negative,Negative,Normal,Negative,1-3,1,>20,Few,Rare,Parasites,17.8,5.4,34.5,96.3,32,51,12.2,39.9,7251,45,40,7,7,0,3.1,1.1,0.54,0.2,0.3,101,7,11,0.25,26,0.6,0.05,0.2,0.2,587,43,100.2,19.6,98,73,13.7,2.33,0.43,0.7,0.1,0.6,54,27,32,14,6,4.8,1.2,4,0.6,56.8,26.5256,44.21,136,2.7,98,2.4,112.83,126,157,283,44.52,11.8,291.96,0.3,18.8,96.5,19.48,11.9,4.7,82,5.2,1.79,75,87,94,136
959297,KLTRS15NLZ,428273,22/02/2019,11:43,12:32,Straw,Clear,1.017,6.4,Trace,Negative,Negative,Negative,Negative,Normal,Negative,11-13,33,3-4,Moderate,Nil,NIL,11.8,5.3,35,87.1,22,33,12.2,41.4,34506,44,26,2,8,0,9.87,0.43,0.35,0.11,0.06,427,9.1,13,0.09,14.7,2.6,0.06,0.59,0.01,192,53,84.8,84.1,420.5,85,3.6,1.6,0.63,0.5,0.1,0.4,96,16,34,26,6.1,4.7,1.4,3.36,0.8,16.5,7.7055,9.63,133,2.7,105,3.8,85.84,165,122,287,57.49,6,125.5,0.6,25.3,31.5,80.32,9,3.5,272,9.6,3.47,88,64,146,99
356066,GYAHD14KLM,813916,23/02/2019,07:38,08:26,Pale Yellow,Slightly cloudy,1.014,6.9,Negative,Negative,Negative,Negative,Negative,Normal,Negative,9-10,0,3-3,Nil,Rare,Artifacts,13.2,4.7,42.6,85.2,28,30,12.5,32.4,10264,45,47,5,8,0,0.91,3.22,0.24,0.63,0.06,264,10.9,11,0.57,19.4,2.3,0.34,0.22,0.09,229,56,73.6,35.9,179.5,129,4.1,1.31,0.76,0.8,0.1,0.7,56,9,18,14,6.6,4.1,2.5,1.64,1.1,12.7,5.9309,5.39,135,4.4,96,7.5,109.76,158,321,479,32.99,5,96.8,0.3,23.3,85.1,27.38,9.8,4,132,11.1,4.63,76,105,76,205
585117,KLTRS03MLT,356346,23/02/2019,11:55,13:09,Yellow,Slightly cloudy,1.01,5.1,Negative,Trace,Trace,Negative,Negative,Normal,Positive,2-4,0,2-4,Nil,Nil,NIL,17.6,5.7,48,89.1,30,36,13.8,41.3,10868,53,48,3,6,0,8.11,1.34,0.46,0.26,0.12,350,6.7,11,0.25,34.3,6.8,0.28,0.35,0.05,228,54,57.1,9.7,48.5,181,4.2,1.06,0.95,0.6,0,0.6,77,44,20,34,7.4,4.3,3.1,1.39,1.2,9,4.203,3.5,123,5,100,2.9,112.59,71,355,426,16.67,6.2,131.24,0.2,23.3,22,105.91,10.5,4,113,10.5,3.62,73,125,115,182
390014,KLTRS15MLT,377168,21/02/2019,10:00,10:32,Pale Yellow,Clear,1.012,6.5,Trace,Trace,Negative,Negative,Negative,Normal,Negative,11-12,0,3-2,Nil,Nil,NIL,9.5,5.8,15.5,87.8,16,61,11.9,47.7,16775,60,35,5,4,0,0.52,1.1,0.81,0.46,0.18,161,8.9,17,0.12,21,0.3,0.19,0.07,0.09,224,47,92.9,22.6,113,111,4.8,1.98,0.51,0.5,0.2,0.3,58,52,7,15,7.4,3.9,3.5,1.11,0.7,18.2,8.4994,12.14,140,3.1,95,2.9,92.14,108,324,432,25,5.7,116.89,1,15.6,61.9,25.2,10.8,4,100,9.3,0.17,80,73,120,127
562112,PBCHD05SKM,203001,19/02/2019,06:05,07:10,Yellow,Clear,1.038,6.7,Trace,Trace,Negative,Negative,Negative,Normal,Negative,7-8,0,1-3,Few,Rare,Fat droplets or lipiduria,12,5,52.6,69.7,24,22,13,34.5,4078,70,28,2,11,0,8.1,2.35,0.51,0.22,0.07,109,8,12,0.32,12.5,3.2,0.36,0.23,0.16,204,50,155.1,93,465,160,4.1,3.1,0.32,0.4,0.1,0.3,123,12,28,24,6.6,3.7,2.9,1.28,0.8,12.1,5.6507,7.06,137,2.7,95,2.4,114.15,195,161,356,54.78,8.2,188.64,0.9,20.4,100.8,20.24,8.7,5.8,88,6.5,1.8,98,91,100,167
615859,PBCHD11GAM,496998,19/02/2019,06:29,07:55,Orange,Slightly cloudy,1.026,4.8,Trace,Negative,Negative,Negative,Negative,Normal,Negative,9-11,2,2-2,Nil,Rare,NIL,21.4,4.2,25.9,71.6,50,82,13.8,44.2,6085,25,30,3,2,0,6.1,7.7,0.92,0.44,0.06,381,8.1,10,0.32,29.1,5,0.11,0.24,0.11,176,52,77.6,27.5,137.5,67,3.4,1.49,0.67,0.4,0.1,0.3,81,17,22,10,6.2,3.9,2.3,1.7,1.2,16.4,7.6588,6.38,146,4.2,108,2.3,75.29,160,179,339,47.2,6.4,136.98,0.3,53.2,78.1,68.12,7.9,3.6,168,11.7,3.31,100,87,79,109
194187,KLTRS14MLT,992051,21/02/2019,06:26,07:29,Light Yellow,Clear,1.025,4.8,Trace,Negative,Negative,Negative,Negative,Normal,Negative,TNTC,2,2-2,Nil,Nil,Amorphous debris,15.5,4.4,41.2,93.1,35,37,16.6,45.6,17781,57,54,5,2,0,1.2,1.83,0.53,0.33,0.01,446,9.9,16,0.26,13.5,1.2,0.23,0.05,0.74,234,51,44.6,67.3,336.5,61,4.6,0.87,1.14,0.9,0.3,0.6,86,31,18,24,7.6,4.7,2.9,1.62,1.9,15.2,7.0984,3.74,139,3.7,101,2.3,42.27,72,353,425,16.94,5.8,119.76,0.1,15.4,106.3,14.49,8.4,3.5,91,7.9,12.83,71,117,73,65
840945,GYAHD15ODK,234028,19/02/2019,11:27,12:08,Pale Yellow,Clear,1.011,5.5,Negative,Trace,Negative,Negative,Negative,Normal,Negative,13-15,5,2-3,Few,Rare,Artifacts,17.8,4.1,23.3,73.8,43,76,13,48.6,8542,76,50,2,3,0,2.4,2.96,0.55,0.39,0.05,119,7.6,17,0.33,12.3,2,0.25,0.16,0.17,157,43,85.3,59.6,298,154,3.7,1.98,0.5,0.9,0.3,0.6,75,7,23,41,7.9,4.9,3,1.63,1.2,11,5.137,4.28,124,3.5,103,3.1,91.17,68,302,370,18.38,7.7,174.29,0,11.1,144.3,7.69,9.4,5.2,209,10.7,0.23,70,80,77,158
550283,GYAHD03ODK,151640,19/02/2019,11:53,12:28,Light Yellow,Slightly cloudy,1.017,5.4,Trace,Trace,Negative,Negative,Negative,Normal,Negative,2-3,2,8-10,Nil,Rare,NIL,11.1,5.1,45,93.5,21,24,13,40,4361,52,16,5,3,1.8,12.52,2.74,1.25,0.46,0.04,326,11.3,15,0.27,12.2,3,0.23,0.19,1.57,169,21,56.6,23.4,117,130,8,2.7,0.37,0.4,0.1,0.3,79,31,9,21,6.6,3.8,2.8,1.36,0.9,29.3,13.6831,15.2,138,2.7,96,4.3,100.75,90,271,361,24.93,8.2,188.64,0.4,17.2,68.9,24.96,8.3,5.3,187,2.5,3.97,87,89,98,117
252275,MZLGI15MHP,383326,22/02/2019,06:34,07:47,Straw,Clear,1.014,6.8,Trace,Trace,Negative,Negative,Negative,Normal,Negative,3-4,2,13-16,Few,Nil,NIL,12.3,4.8,39.9,89.6,25,30,16.2,39.3,4612,32,32,4,6,0,1.7,1.97,1.41,0.05,0.03,176,7.2,16,0.38,33.4,0.1,0.36,0.18,0.32,154,53,38.9,39,195,80,2.9,0.73,1.36,0.5,0.2,0.3,128,40,24,10,6,4.3,1.7,2.53,1.2,35.3,16.4851,13.74,132,3.6,104,3.8,90.64,75,240,315,23.81,6.1,128.37,0.2,213.5,83.4,256,13.4,3.2,105,10.8,3.42,93,83,132,126
103412,GYAHD02KLM,111988,21/02/2019,09:20,10:21,Deep Amber,Clear,1.025,5,Trace,Negative,Negative,Negative,Negative,Normal,Negative,2-3,1,1-4,Rare,Nil,Fungal elements,8.1,6.2,61.8,99,13,13,12.9,41.9,8366,58,37,1,4,0,2.1,1.69,0.19,0.79,0.08,957,14.9,24,0.06,36.9,4.5,5.85,0.82,2.74,197,59,120.4,35.9,179.5,133,3.3,2.04,0.49,0.7,0.1,0.6,108,56,28,72,6.5,3.7,2.8,1.32,0.7,17.5,8.1725,11.68,138,3.7,105,6.4,112.46,136,133,269,50.56,6.6,142.72,1,11.5,148.3,7.75,9.3,3.9,84,11.4,0.55,103,170,89,297
770352,GYAHD05ODK,985161,20/02/2019,09:46,11:10,Straw,Clear,1.013,5,Trace,Negative,Negative,Negative,Negative,Normal,Negative,9-11,0,2-3,Nil,Nil,NIL,10.8,6,39.5,97.2,18,27,12.4,44.6,7934,49,47,5,8,0,7.3,1.98,0.33,0.37,0.06,163,8.1,13,0.36,23.8,0.1,0.07,4.95,0.02,165,57,25.3,9.6,48,65,2.9,0.44,2.25,0.6,0,0.6,90,42,34,37,8,3.7,4.3,0.86,1.2,8.7,4.0629,3.39,135,1.8,106,4.2,117.49,198,346,544,36.4,7.2,159.94,0.7,25.2,54.8,45.99,10.8,2.2,100,3.8,2.36,78,185,81,222
931802,MZLGI12BRC,873082,19/02/2019,08:50,09:57,Pale Yellow,Slightly cloudy,1.013,5.5,Trace,3+,Negative,Negative,Negative,Normal,Negative,6-7,6,16-12,Nil,Nil,NIL,14.1,5.9,24.7,94.7,23,57,12.6,40.2,9041,41,17,4,3,0,7.27,1.41,0.68,0.15,0.08,218,11.8,14,0.22,27.4,2.6,0.27,0.47,0.14,186,52,170.3,40.1,200.5,115,3.6,3.28,0.31,0.5,0,0.5,127,12,14,31,6.4,4.5,1.9,2.37,1,14.4,6.7248,6.72,136,4.7,111,2.6,113.03,83,134,217,38.25,6.7,145.59,0.9,21.6,112.1,19.27,8.7,5,87,6.2,11.31,71,91,81,144
812494,KLTRS15ODB,936474,23/02/2019,06:48,07:30,Yellow,Clear,1.021,5.6,Trace,Negative,Negative,Negative,Negative,Normal,Negative,64-66,0,3-4,Nil,Nil,NIL,10.2,4,51.1,85.8,25,19,12.9,44.6,8021,46,31,6,4,6.5,8.09,1.22,0.68,0.15,0.07,244,10.8,17,0.31,13.8,7,3.33,0.27,4.69,190,51,42.8,15.5,77.5,177,3.7,0.84,1.19,0.9,0.2,0.7,93,26,31,36,8,4,4,1,0.5,58.8,27.4596,54.92,140,4.1,110,4.1,103.29,68,96,164,41.46,5.1,99.67,0.2,10.5,414.8,2.53,9.7,4.1,76,6.8,1.5,86,96,96,156
314633,KLTRS01TSS,893738,20/02/2019,10:07,11:13,Green,Clear,1.02,6.1,Negative,1+,Negative,Negative,Negative,Normal,Negative,4-6,2,2-4,Nil,Rare,NIL,13.8,4.3,62.5,93.1,32,22,11.6,49.6,2003,61,23,5,5,0.7,4.34,1.08,0.33,0.97,0.08,171,14.4,12,0.21,21.5,5.4,0.95,0.39,0.26,203,54,73.7,34,170,137,3.8,1.36,0.73,0.5,0.2,0.3,74,37,21,31,7.5,4,3.5,1.14,1.2,10.2,4.7634,3.97,136,4.7,103,6,92.14,87,182,269,32.34,10.9,266.13,0.2,14.4,60.4,23.84,9.8,4,232,7.9,0.57,97,82,122,129
200435,MZLGI06GJS,933138,20/02/2019,10:04,10:38,Light Yellow,Clear,1.012,4.8,Trace,Trace,Negative,Negative,Negative,Normal,Negative,4-6,0,3-4,Nil,Nil,NIL,12.8,4.3,57.5,87.2,29,22,14.4,43.7,7463,64,29,4,3,0.7,1.24,2.73,0.51,0.1,0.02,259,8.4,14,0.32,30.4,3.4,0.56,3.78,4.62,184,41,116.8,9.1,45.5,98,4.5,2.85,0.35,1.5,0.7,0.8,41,43,16,38,7.1,3.7,3.4,1.09,0.9,10.5,4.9035,5.45,90,3.6,110,4,114.53,186,119,305,60.98,6.2,131.24,0.8,17.8,57.7,30.85,10.2,4.2,184,8,2.85,93,66,95,133
234005,GYAHD08KLM,178084,23/02/2019,06:22,06:52,Orange,Clear,1.016,4.6,Trace,3+,Negative,Trace,Negative,Normal,Negative,10-11,1,>20,Nil,Nil,NIL,13.6,6.6,14,89.3,20,97,13.3,45.2,10441,61,20,3,5,0,1.99,1.59,0.96,0.25,0.01,252,8.9,14,0.23,22.7,1.8,0.65,0.13,0.41,218,28,77.8,72.5,362.5,71,7.8,2.78,0.36,0.5,0,0.5,47,55,15,42,6.2,4.8,1.4,3.43,1.2,7.1,3.3157,2.76,139,3,106,2.2,94.63,163,332,495,32.93,8.4,194.38,0.7,26.3,128.8,20.42,7.5,3.9,71,9,1.62,78,86,122,70
220859,MZLGI04APK,185768,20/02/2019,11:45,12:16,Pale Yellow,Slightly cloudy,1.026,6.5,Negative,Negative,Negative,Negative,Trace,Normal,Negative,11-13,0,2-4,Nil,Nil,NIL,21.8,2.9,56.1,89.4,75,38,12.2,40.4,14712,57,52,2,4,0,20.65,1.19,0.8,0.25,0.07,436,13.1,13,0.26,32.9,0.1,0.19,1.07,0.57,156,32,44.3,37.7,188.5,169,4.9,1.38,0.72,0.8,0.2,0.6,103,24,12,12,7.1,3.9,3.2,1.22,0.8,10,4.67,5.84,135,4.3,91,4.1,107.79,159,279,438,36.3,6,125.5,0.1,17.7,32.2,54.97,10.2,2.6,222,8.2,0.77,95,94,90,72
101700,GYAHD05JHJ,717801,20/02/2019,10:45,12:00,Straw,Slightly cloudy,1.016,6.6,Trace,Trace,Negative,Negative,Negative,Normal,Negative,52-53,1,1-3,Nil,Nil,NIL,15.3,4.5,44.9,94.5,34,34,13.3,41.6,4664,35,39,6,9,0,6.16,2.79,0.77,0.65,0.09,281,9.2,13,0.31,44.4,3.2,0.14,0.18,0.21,177,77,90.1,24.1,120.5,114,2.3,1.17,0.85,0.3,0,0.3,69,46,33,38,7,3.9,3.1,1.26,0.6,38.4,17.9328,29.89,141,5.8,101,5.3,96.92,151,344,495,30.51,6,125.5,0.9,22.3,206.1,10.82,8,3.7,304,18.4,1.98,134,70,151,98
611720,MZLGI10GJS,771598,23/02/2019,06:53,08:14,Pale Yellow,Hazy,1.013,6.8,Trace,Negative,Negative,Negative,Negative,Normal,Negative,13-14,1,3-2,Rare,Rare,Yeast cells,14.4,4.1,16.3,86.2,35,88,11.8,40.1,5982,55,38,16,5,0,21.2,2.08,0.18,0.18,0.13,106,13.3,18,0.21,21.6,0.1,0.21,0.88,0.72,176,56,75.9,35.2,176,104,3.1,1.36,0.74,0.7,0.3,0.4,93,48,36,17,6.9,4.5,2.4,1.88,1.1,10.6,4.9502,4.5,113,2.5,107,6.4,118.32,170,222,392,43.37,8.5,197.25,0.2,28.4,357.2,7.95,9.7,3.4,160,10,0.61,181,92,111,146
524726,PBCHD11KLC,898475,21/02/2019,09:35,10:58,Straw,Clear,1.018,6.9,Trace,Negative,Negative,Trace,Negative,Normal,Negative,13-15,1,1-4,Nil,Nil,NIL,1.7,4.9,34.1,87.8,3,4,13.8,41.1,10057,53,40,5,3,0.9,9.99,1.59,0.5,0.4,0.01,197,12.2,20,0.07,21.6,3.4,0.38,0.63,0.19,145,75,111,19,95,87,1.9,1.48,0.68,0.6,0.2,0.4,106,23,29,37,8.3,5,3.3,1.52,0.3,7.6,3.5492,11.83,140,4.1,107,2.2,106.98,82,123,205,40,5.9,122.63,0.2,10.5,240.8,4.36,9.7,4.6,119,7.3,3.5,101,84,89,78
142110,MZLGI14GJS,616489,19/02/2019,08:16,09:39,Orange,Slightly cloudy,1.021,4.6,Negative,4+,Negative,Trace,Negative,Normal,Negative,3-5,0,>20,Nil,Nil,NIL,2.6,5.3,40.5,90.6,4,6,13.9,41.5,6879,46,33,2,3,0,3.51,2.13,0.95,0.17,0.01,143,9.2,17,0.11,26.4,0.1,0.29,3.1,0.24,390,59,86.3,34.8,174,143,6.6,1.46,0.68,0.2,0,0.2,47,32,12,20,6.6,4.8,1.8,2.67,0.9,17.2,8.0324,8.92,125,7,108,4.5,76.61,114,235,349,32.66,8.2,188.64,0.6,18.2,221.5,8.22,8.6,5.8,85,8.5,1.34,99,72,78,414
465452,KLTRS09KLP,504665,22/02/2019,10:52,12:15,Pale Yellow,Slightly cloudy,1.018,6.9,Negative,1+,Negative,Negative,Negative,Normal,Negative,2-4,15,8-11,Nil,Nil,Fungal elements,3.8,4.7,31.3,86.3,8,12,13.8,40.7,4609,53,22,2,5,0,15.58,1.01,0.23,0.25,0,714,7.9,13,0.5,34.6,0.8,0.08,0.14,0,219,41,108.4,35.5,177.5,185,5.3,2.64,0.38,0.5,0.2,0.3,55,12,37,56,8.2,5,3.2,1.56,1.2,19.1,8.9197,7.43,144,3.8,95,5.2,93.04,189,111,300,63,6,125.5,0.5,14.7,121.1,12.14,9.3,3.5,54,11.3,2.33,106,86,102,95
458366,PBCHD06SKM,942539,21/02/2019,08:51,09:39,Deep Amber,Slightly cloudy,1.015,5.8,Negative,Trace,Negative,Negative,Negative,Normal,Negative,TNTC,1,2-2,Nil,Nil,Yeast cells,15.6,6,38.1,79.8,26,40,14.5,45.8,4122,35,10,0,3,0,3.76,2.54,0.05,0,0,217,7.2,13,0.34,19.9,0.1,0.38,2.51,0.1,170,56,117.5,15.7,78.5,126,3,2.1,0.48,0.7,0.2,0.5,51,13,16,45,7.5,3.8,3.7,1.03,1.2,16.2,7.5654,6.3,140,5,104,3,95.84,139,183,322,43.17,7.2,159.94,0.9,16.7,91.5,18.25,9.5,3.4,234,12.1,1.28,74,77,67,110
591003,KLTRS08WBD,598591,22/02/2019,08:14,08:53,Green,Clear,1.019,6.2,Negative,Negative,Negative,Negative,Negative,1+,Negative,8-9,2,1-3,Nil,Nil,Yeast cells,8.9,3.4,39.3,70.9,26,22,13.6,44.8,7330,62,31,5,10,11.7,9.7,7.74,0.76,0.88,0.05,292,5.2,25,0.27,28.7,0.1,0.43,0.94,0.31,118,56,113.4,38.9,194.5,156,2.1,2.03,0.49,0.8,0.3,0.5,83,37,15,8,8,4.8,3.2,1.5,0.8,17.6,8.2192,10.27,136,5.2,113,4.6,37.06,71,355,426,16.67,7.6,171.42,0.9,179.9,68.1,264.17,9.3,5.3,137,14.7,1.55,76,99,121,126
775225,KLTRS09KLP,683438,23/02/2019,11:19,12:03,Straw,Slightly cloudy,1.025,7,Negative,Negative,Negative,Negative,Trace,Normal,Negative,1-2,1,3-3,Nil,Nil,NIL,8,4.6,64.4,94.8,17,12,12.8,45.1,7584,41,47,13,7,0,1.17,2.26,0.28,0.36,0.09,49,6.1,13,0.16,24.9,4.3,0.36,0.81,0.71,200,50,101.5,38,190,84,4,2.03,0.49,0.6,0.1,0.5,155,35,14,28,6.1,4.6,1.5,3.07,0.6,36,16.812,28.02,139,4.5,113,7.8,91.78,83,115,198,41.92,12.4,309.18,0.5,329.1,248.2,132.59,9.7,2.9,245,11.2,9.09,85,99,72,76
409309,MZLGI15BRC,599238,22/02/2019,11:16,12:18,Light Yellow,Milky,1.022,6.6,Negative,Trace,Negative,Negative,Negative,Normal,Negative,7-9,2,2-2,Nil,Rare,Mucus threads,19,5.8,52.2,87.4,32,36,11.8,46.5,9070,69,21,6,8,0.3,9.52,0.15,0.86,0.45,0.17,103,7.5,19,0.44,34,4.9,0.23,0.01,0.72,159,59,44.2,71.9,359.5,188,2.7,0.75,1.33,0.3,0,0.3,91,8,12,44,7.2,3.9,3.3,1.18,0.9,10.3,4.8101,5.34,134,5.7,113,2.6,91.5,233,144,377,61.8,8.6,200.12,0.4,28.9,63.7,45.37,9.9,3.7,135,14.6,0.76,92,80,76,153
545373,MZLGI01RJK,363773,23/02/2019,07:32,08:54,Straw,Clear,1.011,5.1,Trace,Negative,Negative,Negative,Negative,Normal,Negative,10-11,1,6-19,Few,Nil,NIL,19.7,5.4,36.5,79.5,36,53,13.1,44.5,6506,63,49,3,7,0.7,1.03,1.84,1.28,0.41,0.17,436,8.5,15,0.37,22.3,1.2,0.16,0.37,0.06,103,39,97.3,25.5,127.5,199,2.6,2.49,0.4,0.7,0.1,0.6,80,43,28,45,7.3,4.2,3.1,1.35,0.7,10.9,5.0903,7.27,142,3.4,103,4.1,109.97,101,358,459,22,5.4,108.28,2,14.5,29.9,48.49,9.6,4.4,81,21.1,5.06,84,81,123,114
608981,GYAHD07JHJ,837088,19/02/2019,10:44,12:03,Light Yellow,Slightly cloudy,1.011,5.1,Negative,Negative,Negative,Negative,Negative,Normal,Negative,5-6,1,1-2,Nil,Few,NIL,3.4,4.5,22.8,70.4,7,14,11.6,30,4454,47,40,3,18,0,7.57,1.49,0.11,0.28,0.07,1059,16.3,17,0.26,14.8,5.7,0.06,0.29,0.12,190,43,100.5,18.6,93,62,4.4,2.34,0.43,1,0.3,0.7,84,29,40,23,6.8,4.7,2.1,2.24,1,14.1,6.5847,6.58,145,4.1,108,4.9,98.38,148,239,387,38.24,6.2,131.24,0.3,10.4,416.7,2.5,9,3,96,19.3,2.27,70,90,100,72
836411,PBCHD03PBP,696917,23/02/2019,06:24,07:50,Orange,Clear,1.018,4.9,Negative,1+,Negative,Negative,Negative,Normal,Negative,2-3,1,1-2,Nil,Nil,NIL,1.7,5.4,39.3,44.4,3,4,14.2,39.7,4848,40,31,3,4,0,2.15,1.81,0.47,0.38,0.11,200,8.4,17,0.28,14.1,6.6,4.88,0.01,0.02,158,48,72.9,9.9,49.5,189,3.3,1.52,0.66,0.6,0.2,0.4,41,50,37,29,6,4,2,2,1,12.6,5.8842,5.88,139,4.1,103,4.3,116.03,165,339,504,32.74,6.8,148.46,0.8,21.4,199.2,10.74,8.7,4.7,194,12.3,3.72,192,78,174,93
386994,PBCHD07SKM,888336,23/02/2019,09:27,10:01,Pale Yellow,Hazy,1.014,4.8,2+,Negative,Trace,Negative,Trace,Normal,Negative,10-11,1,9-15,Nil,Nil,NIL,8.2,5.5,45.9,94,14,17,13.7,42.8,47041,42,35,4,5,0,6.51,2.51,0.72,0.27,0.1,293,10.2,9,0.29,15.4,1.3,0.1,0.28,3.31,236,70,82.8,15.5,77.5,111,3.4,1.18,0.85,0.7,0.2,0.5,44,20,27,9,7.7,4,3.7,1.08,0.8,9.2,4.2964,5.37,128,4.4,101,2.9,102.69,126,205,331,38.07,5.8,119.76,0.8,24.7,526.8,4.69,9,3.8,259,11.4,3.02,78,81,79,160
713022,MZLGI01GJS,475060,23/02/2019,08:18,09:33,Deep Amber,Clear,1.028,6.2,Trace,Trace,Negative,Negative,Negative,Normal,Negative,9-11,1,3-4,Nil,Rare,Fat droplets or lipiduria,14,5.7,37.5,92.9,24,37,12.8,42.4,6241,69,28,8,5,0,1.99,0.19,0.54,0.33,0.14,403,7,12,0.13,21.3,2.8,0.34,0.12,0.37,143,55,40.1,28.2,141,63,2.6,0.73,1.37,0.7,0.3,0.4,50,25,34,32,7.6,3.7,3.9,0.95,1.2,18.1,8.4527,7.04,135,4.2,103,5.6,96.53,72,318,390,18.46,7.5,168.55,0.7,25.7,119.6,21.49,9.6,2.7,94,12.1,1.88,185,88,75,182
960491,MZLGI05RJK,903496,20/02/2019,10:56,11:51,Yellow,Clear,1.021,6.9,Negative,Negative,Trace,Negative,Negative,Normal,Negative,8-10,0,2-4,Nil,Few,NIL,19.7,4.9,47,92.1,40,41,13.5,44.2,4374,74,39,11,8,0,8.23,2.45,0.67,0.52,0.03,293,7.8,16,0.45,43.6,2.5,0.32,0.1,0.38,169,57,41.8,37.3,186.5,164,3,0.73,1.36,0.7,0,0.7,85,43,38,31,7.9,5,2.9,1.72,0.9,19,8.873,9.86,137,3.1,114,4.7,92.87,107,136,243,44.03,6.2,131.24,0.1,16,133,12.03,10.9,4.6,197,5.9,5.77,113,106,79,108
840886,KLTRS01WBD,203333,21/02/2019,10:31,11:29,Dark Yellow,Slightly cloudy,1.015,6.6,1+,2+,Negative,Negative,Negative,Normal,Positive,13-15,2,1-3,Rare,Rare,Mucus threads,19.7,5.3,56.9,75,37,34,14.5,39.3,4265,44,32,5,6,0,3.06,1.84,0.38,0.48,0,52,16.4,7,0.33,12.8,0.8,0.29,0.29,0.77,185,54,112.7,5.6,28,176,3.4,2.09,0.48,0.7,0.3,0.4,87,45,40,42,7.4,3.6,3.8,0.95,1.1,8.4,3.9228,3.57,139,3.9,108,5.5,129.58,89,294,383,23.24,6.4,136.98,0.9,21,279.5,7.51,9.8,3,155,12.6,0.02,90,108,178,197
278268,GYAHD13KLM,479744,19/02/2019,07:04,08:18,Pale Yellow,Slightly cloudy,1.011,4.5,Negative,Negative,Negative,Negative,Trace,Normal,Negative,6-7,1,3-3,Nil,Nil,NIL,16.8,6.3,35.3,73.6,26,47,12.6,39.6,10459,43,40,3,5,0,0.94,2.2,0.88,0.06,0.09,195,7.1,15,0.26,13.7,4.1,0.4,0.06,0.85,200,49,66.2,32.2,161,130,4.1,1.35,0.74,0.6,0.1,0.5,69,44,38,24,6.9,5,1.9,2.63,0.9,15.7,7.3319,8.15,136,1.7,115,4.7,80.57,182,189,371,49.06,6.2,131.24,0.5,17.6,57.9,30.4,9.8,4.3,72,10.7,3.25,121,117,74,162
380667,GYAHD05JHJ,468674,23/02/2019,06:40,07:49,Light Yellow,Slightly cloudy,1.016,4.8,Trace,Trace,Negative,Negative,Negative,Normal,Negative,7-9,2,2-3,Nil,Rare,NIL,12.3,5.5,44.9,78.9,22,27,11.9,45.1,6623,42,42,6,7,0.5,2.59,1.2,0.4,0.18,0.01,340,9.1,17,0.33,13.6,2.4,0.44,0.24,0.06,198,37,80.1,7.6,38,89,5.4,2.16,0.46,0.7,0,0.7,114,53,12,25,7.9,3.5,4.4,0.8,1,14.7,6.8649,6.86,144,4.7,101,2.6,99.33,165,270,435,37.93,6.1,128.37,0.2,14.7,62.5,23.52,9.1,5,166,13.8,0.88,115,99,96,186
855909,KLTRS04TSS,367732,22/02/2019,11:13,12:07,Deep Amber,Clear,1.011,6.7,Trace,Negative,Negative,Negative,Negative,Normal,Negative,3-5,0,1-2,Nil,Nil,Fat droplets or lipiduria,12.1,4.4,34.4,102.3,27,35,14.4,41.5,7522,53,35,4,5,0,9.1,4.98,0.32,0.47,0.04,223,14.2,13,0.3,28.3,0.4,3.44,0.16,0.4,170,46,97.3,46.8,234,97,3.7,2.12,0.47,0.6,0.2,0.4,125,3,21,43,7,4.2,2.8,1.5,0.7,15.6,7.2852,10.41,133,4.5,101,4.9,96.5,91,355,446,20.4,6.3,134.11,0.5,266.5,115.6,230.54,11.8,3.1,252,4.7,2.57,155,98,88,121
899609,GYAHD14KAU,384903,20/02/2019,08:34,09:21,Dark Yellow,Clear,1.013,6.9,Trace,Negative,Trace,Negative,Negative,Normal,Negative,1-2,2,2-2,Nil,Rare,Yeast cells,15.1,4.2,41.1,66.4,35,36,10.4,44.1,9460,35,31,16,5,0.2,3.69,0.19,0.26,0.1,0.07,128,12.8,12,0.19,46.4,0.5,0.18,6.35,0.58,223,46,60.6,25,125,78,4.8,1.32,0.76,1,0.3,0.7,124,21,34,23,6.8,3.9,2.9,1.34,0.8,15.7,7.3319,9.16,138,5.8,113,5.6,26.58,93,214,307,30.29,5.7,116.89,2.6,24.4,119.7,20.38,13,4,110,6.5,3.86,86,66,109,278
319395,PBCHD13KLC,671339,19/02/2019,09:47,11:08,Light Yellow,Slightly cloudy,1.009,6,Negative,Trace,Negative,Negative,Trace,Normal,Negative,2-3,0,1-2,Nil,Nil,NIL,17.8,4.3,63.7,94.7,41,27,14.4,40.1,10735,51,36,1,6,0,9.49,2.67,0.68,0.44,0,312,12.3,13,0.29,33.1,5,0.53,0.2,5.02,901,44,141.8,19.2,96,147,20.5,3.22,0.31,0.6,0.1,0.5,87,40,40,14,6.5,3.7,2.8,1.32,1.3,202.1,94.3807,72.6,135,4.7,99,5.9,104.55,186,341,527,35.29,7,154.2,0.8,18.6,84.2,22.09,9.2,3.8,149,7.7,9.5,71,195,103,118
306611,MZLGI13MHP,996107,23/02/2019,10:23,11:12,Straw,Clear,1.014,5,Negative,Negative,Negative,Negative,Negative,Normal,Negative,4-5,1,3-3,Rare,Nil,Parasites,10.7,6,40.8,98.7,17,26,11.6,41.6,6342,48,31,6,5,1.9,3.37,2.34,0.36,0.31,0.02,333,10.4,12,0.07,21.2,3,0.35,3.05,0.23,226,30,100,21.8,109,136,7.5,3.33,0.3,1,0.3,0.7,52,26,24,40,5.9,4.8,1.1,4.36,1.1,30.7,14.3369,13.03,135,4,94,3.4,98.78,69,115,184,37.5,6.1,128.37,0.3,13.8,121.6,11.35,9.6,5.9,160,7.6,4.5,146,100,196,65
308941,PBCHD13RJU,331131,22/02/2019,10:31,11:59,Pale Yellow,Slightly cloudy,1.012,6.3,1+,Trace,Negative,Negative,Trace,Normal,Negative,8-9,0,>20,Nil,Rare,Fat droplets or lipiduria,11.3,5.2,42.1,77.4,21,26,12.6,34.6,5506,55,37,5,9,0,5.61,2.08,1.3,0.3,0.06,72,8,11,0.2,24.3,6.7,0.27,0,0.01,221,23,47.2,89.1,445.5,71,9.6,2.05,0.49,0.7,0,0.7,64,41,40,45,6.3,4.4,1.9,2.32,1.2,12.9,6.0243,5.02,122,3.9,90,7.5,97.6,72,213,285,25.26,5.8,119.76,0.4,27.4,131.1,20.9,10.4,2.4,145,15.8,2.31,139,200,202,108
978047,MZLGI02APK,953216,20/02/2019,06:39,07:23,Yellow,Clear,1.03,4.7,Trace,Negative,Negative,Negative,Negative,Normal,Negative,14-15,4,3-2,Nil,Nil,Fat droplets or lipiduria,10.1,5.5,57.6,60.2,18,17,13.8,41.3,9215,62,37,9,4,11.6,0.06,2.56,0.63,0.48,0.06,429,7.1,20,0.24,42.9,2.5,6.7,0.76,0.22,202,57,83.8,31.9,159.5,123,3.5,1.47,0.68,0.2,0,0.2,56,45,30,32,7,4.3,2.7,1.59,1.7,28.9,13.4963,7.94,153,5.7,103,6.7,108.63,105,213,318,33.02,6.7,145.59,0.8,26.6,82.2,32.36,9.3,3.5,159,19.9,0.52,75,127,97,71
373573,KLTRS08KLP,536951,23/02/2019,07:17,07:58,Pale Yellow,Clear,1.013,4.7,Negative,Negative,Negative,Negative,Negative,Normal,Negative,TNTC,2,2-2,Nil,Nil,Amorphous debris,14.7,4.7,62.3,86.4,31,23,13.2,42.3,7409,60,30,3,6,0,9.12,1.56,1,0.46,0.09,137,11.2,20,0.2,17.8,4.1,0.67,0.19,0.12,185,46,93.7,32.3,161.5,179,4,2.04,0.49,0.4,0.1,0.3,45,9,33,12,7.4,4.2,3.2,1.31,0.8,12.1,5.6507,7.06,111,3.9,93,5.9,116.78,60,178,238,25.21,6,125.5,0.2,11.5,82.5,13.94,7.6,5.3,260,2.4,0.25,90,176,72,159
797792,KLTRS05TSS,592175,19/02/2019,07:05,08:01,Deep Amber,Hazy,1.015,6.2,Negative,Trace,Negative,Negative,Negative,Normal,Negative,TNTC,0,1-4,Nil,Nil,Parasites,11.5,4.5,50.4,76.1,25,22,16.1,27.7,3461,35,36,4,5,0,5.01,2.47,0.87,0.09,0.03,49,7.4,13,0.34,21.6,2.7,0.78,0.09,0.22,202,53,71.2,91.4,457,89,3.8,1.34,0.74,1,0.3,0.7,54,46,37,23,7.1,5,2.1,2.38,1.2,11.6,5.4172,4.51,142,4.5,112,4.1,41.55,55,322,377,14.59,6.3,134.11,0.7,28.5,495.1,5.76,10.2,3.2,85,7.7,3.25,116,106,118,129
521686,GYAHD04KAU,657468,20/02/2019,07:52,08:55,Pale Yellow,Clear,1.017,6.8,Negative,Negative,Negative,Negative,Negative,Normal,Negative,1-2,1,2-3,Nil,Nil,Amorphous debris,12.7,5,63.5,79.5,25,20,14,45.2,4477,48,28,2,6,0,9.03,2.15,0.25,0.48,0.15,381,9.4,11,0.38,26.9,1.5,3.42,0.32,0.1,189,56,71.8,16.8,84,113,3.4,1.28,0.78,0.5,0.1,0.4,104,50,14,34,6.3,3.9,2.4,1.63,0.6,16.8,7.8456,13.08,124,4.8,104,4.9,66.16,107,294,401,26.68,14.6,372.32,0.6,15.2,27.6,55.07,10.5,4,155,9,2.36,93,94,197,72
767074,GYAHD08JHJ,548894,23/02/2019,09:33,10:32,Pale Yellow,Clear,1.017,6,Negative,Trace,Negative,Negative,Negative,Normal,Negative,2-4,1,7-17,Nil,Nil,NIL,15.3,8.5,32.5,97.9,18,47,14,42.6,10732,78,34,3,2,0,4.52,1.3,0.34,0.49,0.06,136,15.2,10,0.75,13.8,0.5,0.39,0.32,0.25,202,58,57.9,22.2,111,147,3.5,1,1,0.5,0,0.5,94,49,29,23,7.1,3.1,4,0.78,0.8,10.8,5.0436,6.3,141,2.9,93,2.5,105.64,110,344,454,24.23,6.3,134.11,0,21.2,103,20.58,8.8,5.1,325,8.4,0.15,100,70,70,91
451684,KLTRS03NLZ,250461,22/02/2019,10:05,10:35,Pale Yellow,Slightly cloudy,1.019,6,Negative,Trace,Negative,Negative,Negative,Normal,Negative,9-11,2,14-19,Rare,Rare,Parasites,9.7,5.1,47,72.6,19,20,13.5,42.1,8543,47,15,6,6,0,5.66,0.53,1.29,0.78,0.07,96,10.2,10,0.39,16.5,0.4,0.36,0.19,0.2,162,47,78.3,76.6,383,151,3.4,1.67,0.6,0.9,0.2,0.7,92,33,34,18,7.3,4.2,3.1,1.35,0.8,18.2,8.4994,10.62,141,4.9,103,6.5,73.01,116,333,449,25.84,5.8,119.76,0.3,17.9,68.7,26.06,11.1,2.9,49,17.1,3.52,85,89,157,77
819842,KLTRS13NLZ,840632,21/02/2019,09:05,09:58,Straw,Clear,1.027,7,Trace,Trace,Negative,Negative,Negative,Normal,Negative,28-33,2,2-3,Moderate,Rare,Amorphous debris,13.9,5.8,28.3,97.3,23,49,12.4,45.7,7444,40,27,2,3,0,0.47,2.07,0.72,0.68,0.09,108,8.6,17,0.34,21.7,2.7,0.27,0.31,0,148,42,117.9,7.3,36.5,87,3.5,2.81,0.36,0.7,0.2,0.5,40,43,32,45,6.2,4.3,1.9,2.26,1.2,14.4,6.7248,5.6,138,4.7,102,4.5,90.02,164,271,435,37.7,6.4,136.98,0.6,11.5,142.6,8.06,9,5.8,127,3.6,0.85,104,191,87,80
341246,GYAHD05ODK,465478,23/02/2019,07:12,08:23,Pale Yellow,Clear,1.019,4.6,Negative,Negative,Negative,Negative,Negative,Normal,Negative,6-7,1,3-4,Nil,Few,Amorphous debris,3.6,5.2,34,79.2,6,10,13.1,44.7,7741,25,35,4,5,0,9.94,2.18,0.08,0.3,0.49,290,7.7,15,0.23,31.1,1.1,0.35,0.31,0.69,181,50,79.9,7.3,36.5,110,3.6,1.6,0.63,0.6,0,0.6,64,4,24,7,6.6,3.5,3.1,1.13,1.1,8.5,3.9695,3.61,135,3.6,99,7.5,118.32,100,346,446,22.42,6.2,131.24,4.3,27.6,107.9,25.58,11.7,1.3,289,6.4,4.37,73,74,226,267
391191,MZLGI04RJK,767246,23/02/2019,11:45,13:13,Pale Yellow,Slightly cloudy,1.014,6.8,Trace,Trace,Negative,Negative,Negative,Normal,Negative,1-3,1,3-4,Nil,Nil,NIL,2.9,4.4,33.7,55.1,6,8,11.4,41,4205,36,27,1,6,0,2.61,0.32,0.43,0.05,0.07,136,11.5,11,0.06,20.6,3.4,0.84,0.29,4.54,238,21,92.4,8.8,44,81,11.3,4.4,0.23,18.2,13.7,4.5,83,51,36,25,7.9,4,3.9,1.03,0.4,7.7,3.5959,8.99,166,6,100,5.4,105.95,171,218,389,43.96,8.2,188.64,0.7,218.4,96.5,226.32,10.4,4.2,69,3.9,3.35,137,79,117,76
441141,GYAHD03ODK,860820,22/02/2019,08:33,09:38,Pale Yellow,Clear,1.017,4.8,Negative,Negative,Negative,Negative,Negative,Normal,Negative,11-13,2,12-15,Nil,Nil,Amorphous debris,13.3,5.4,34.9,86.4,24,38,14.4,42.6,9389,60,23,5,1,10.6,3.1,1.67,0.46,0.32,0.09,204,12,5,0.34,24,3.5,0.27,3.62,0.35,185,46,89.1,62.8,314,62,4,1.94,0.52,0.7,0,0.7,128,17,29,10,7.2,3.6,3.6,1,0.7,30.1,14.0567,20.08,140,3.6,96,5.4,104.52,173,179,352,49.15,6.9,151.33,0.1,17.7,76.8,23.05,11.6,4.4,152,11.6,8.07,95,63,85,165
303681,GYAHD03ODK,578852,23/02/2019,10:32,11:06,Deep Amber,Clear,1.016,6.7,Trace,Trace,Negative,Negative,Negative,Normal,Negative,26-28,0,3-4,Rare,Nil,NIL,8.6,4.5,32.7,88.7,19,26,13.9,36.9,7371,58,55,1,5,0,1.75,1.16,1.43,0.23,0.13,195,5.9,13,0.2,28.9,2.5,0.33,0.86,0.06,153,66,68.3,72.7,363.5,122,2.3,1.03,0.97,0.5,0.1,0.4,62,41,22,11,7.2,4.7,2.5,1.88,1.3,24.2,11.3014,8.69,140,4.2,105,5,112.05,112,199,311,36.01,6.7,145.59,0.3,172.1,78,220.64,8.9,2.1,114,10.2,2.83,116,122,97,133
696502,KLTRS08ODB,406882,21/02/2019,10:48,12:12,Straw,Clear,1.014,8.6,Negative,Negative,Negative,Negative,Negative,Normal,Negative,62-64,2,2-4,Nil,Nil,Fungal elements,16.2,4.2,28.8,68.7,38,56,13.3,43.1,5144,30,40,8,7,0,5.03,1.67,0.32,0.12,0.04,397,8.2,16,0.26,22.9,2,0.24,0.39,0.26,201,45,91,18.2,91,81,4.5,2.02,0.49,0.8,0.1,0.7,135,45,10,17,5.1,4.2,0.9,4.67,1.2,14.8,6.9116,5.76,144,4.9,106,9.6,19.64,80,349,429,18.65,5.8,119.76,0.2,154.9,98.1,157.9,8.7,4.6,227,11.5,0.3,133,157,93,74
293733,KLTRS03MLT,633550,21/02/2019,07:12,08:13,Yellow,Hazy,1.025,6.3,Trace,Negative,Negative,Negative,Negative,Normal,Negative,14-15,1,3-3,Nil,Rare,Parasites,6.1,5.4,54.5,96.3,11,11,11.5,41,19051,55,42,10,4,0,0.49,2.3,0.15,0.4,0.04,231,12,15,0.49,41.5,2,0.29,0.31,0.39,233,51,78.4,57.7,288.5,145,4.6,1.54,0.65,9.8,5.3,4.5,48,9,19,43,6.4,3.8,2.6,1.46,1.8,15.9,7.4253,4.13,140,4.7,97,4.6,103.89,116,178,294,39.46,7.9,180.03,0.4,16.2,151.5,10.69,12.1,3.2,94,7.4,3.55,98,151,61,202
795797,PBCHD11PBP,448483,23/02/2019,09:51,11:15,Light Yellow,Slightly cloudy,1.015,6.8,Negative,Negative,1+,Negative,Negative,Normal,Negative,4-6,1,2-3,Rare,Nil,Fungal elements,21.3,4.4,39.8,99.4,48,53,9.6,41.2,8459,39,39,2,4,0,6.93,2.82,0.27,0.28,0.02,350,9.1,16,0.06,14,6.7,0.36,0.21,0.93,226,36,81.3,31.3,156.5,66,6.3,2.26,0.44,0.6,0.2,0.4,80,33,14,28,5.4,3.4,2,1.7,0.8,33.9,15.8313,19.79,93,4.3,121,4.4,109.52,95,345,440,21.59,12,297.7,0.8,17.5,121.4,14.42,9.4,2.5,253,5.7,3.03,119,183,101,177
491679,PBCHD08SKM,866980,20/02/2019,08:15,08:53,Pale Yellow,Clear,1.023,4.6,2+,Trace,Negative,Negative,Negative,Normal,Negative,12-14,1,1-3,Rare,Nil,NIL,13.1,6.8,27.7,74.8,19,47,13.8,39.8,4835,58,37,4,4,0.6,6.45,2.61,0.23,0.28,0.18,515,8.6,12,0.6,24.3,3.8,6.36,0.23,2.09,136,47,77.4,5.1,25.5,81,2.9,1.65,0.61,0.7,0.3,0.4,85,24,22,33,7.4,4.8,2.6,1.85,0.8,11.1,5.1837,6.48,148,4.7,97,3.2,111.9,51,106,157,32.48,5.7,116.89,0.2,13.4,120.9,11.08,8.7,3.5,152,14.6,0.03,74,67,92,101
835969,PBCHD11PBP,476202,20/02/2019,07:51,08:48,Yellow,Clear,1.012,6.8,Trace,Negative,Negative,Negative,Negative,1+,Negative,TNTC,2,1-2,Rare,Nil,Artifacts,9.1,4.6,65,86.8,19,14,14.4,45,10086,48,39,5,9,0,7.35,1.71,0.7,0.25,0.09,319,6.8,17,0.12,15.7,3.7,1.84,0.31,0.13,164,22,130.7,8.4,42,156,7.5,5.94,0.17,6.1,3,3.1,91,55,31,10,6.4,3.9,2.5,1.56,0.8,19.5,9.1065,11.38,137,6,113,4.3,84.71,63,120,183,34.43,6.4,136.98,2.9,21.2,58.7,36.12,9.1,3.8,205,19.1,0.91,144,84,92,193
819321,KLTRS06ODB,405707,19/02/2019,08:40,10:08,Pale Yellow,Clear,1.017,4.1,Trace,Trace,Negative,Negative,Negative,Normal,Negative,4-6,1,1-2,Nil,Rare,NIL,17.8,4.7,44.9,97.5,37,39,12.6,46.9,4051,59,22,6,2,0.3,8.47,4.89,0.24,0.47,0.05,40,7.8,16,0.33,16.9,3,0.1,0.27,0.93,170,44,42.3,13.8,69,214,3.9,0.96,1.04,0.9,0.2,0.7,113,34,31,17,6.5,4.2,2.3,1.83,0.6,5.6,2.6152,4.36,137,4.7,105,3.7,106.59,71,352,423,16.78,5.3,105.41,0.4,10.4,45.5,22.86,11.2,3,192,7.7,2.18,85,99,136,149
359738,KLTRS08NLZ,597616,23/02/2019,07:11,07:55,Pale Yellow,Slightly cloudy,1.003,5.9,Trace,2+,Negative,Negative,Negative,Normal,Negative,31-36,1,2-4,Nil,Nil,NIL,13.9,5.4,50.4,79.3,25,27,11.9,43.3,6048,53,13,6,20,0,2.71,1.9,0.34,0.06,0.06,175,6.5,16,0.32,20.4,0.3,0.18,0.09,0.36,169,40,81.9,33.5,167.5,130,4.2,2.05,0.49,0.8,0.3,0.5,64,55,37,14,6.6,5,1.6,3.13,1.2,205.1,95.7817,79.82,138,3.8,95,4.9,79.62,194,155,349,55.59,7,154.2,0.4,27.3,70.5,38.72,8.3,2.8,238,9.1,3.47,84,76,89,159
842121,PBCHD09RJU,182549,21/02/2019,08:24,08:57,Straw,Slightly cloudy,1.021,5,Negative,Negative,Trace,Negative,Negative,Normal,Negative,11-13,2,2-3,Nil,Nil,NIL,16.2,6.6,40.6,77.7,24,39,12,40.3,6106,42,40,4,6,0,21.57,0.13,0.28,0.06,0.01,154,6.6,17,0.39,28.4,2.4,0.1,0.06,0.33,181,40,89.1,88.3,441.5,74,4.5,2.23,0.45,0.7,0,0.7,122,43,19,35,7.3,3.9,3.4,1.15,1,16,7.472,7.47,142,4.6,108,5.6,104.33,153,237,390,39.23,11.9,294.83,0.2,26.7,99.3,26.89,8.9,3.6,124,11,3.76,93,98,104,145
700738,KLTRS10TSS,954368,21/02/2019,07:04,07:38,Light Yellow,Slightly cloudy,1.015,7,Negative,Negative,Negative,Trace,Negative,Normal,Negative,13-14,2,10-19,Nil,Nil,NIL,9,3.7,50.6,87.6,24,17,14.3,42,5337,19,29,9,8,0,1.46,2.92,0.68,0.32,0.11,17,9.4,29,0.08,16.6,4.1,0.4,0.25,0.38,230,23,134.1,24.3,121.5,75,10,5.83,0.17,0.6,0.1,0.5,56,54,14,43,6.2,3.7,2.5,1.48,0.6,6.2,2.8954,4.83,139,4.2,100,3.5,102,70,358,428,16.36,5.7,116.89,0.7,21.4,93.3,22.94,8.7,2.8,153,7.9,3.66,79,110,173,110
181704,MZLGI12APK,681205,19/02/2019,08:48,09:25,Pale Yellow,Clear,1.027,5.9,Trace,Trace,Negative,Negative,Negative,Normal,Negative,2-3,1,1-3,Rare,Nil,NIL,18.4,5.1,31.2,83.5,36,58,9.3,29.1,7643,30,21,5,3,0,0.95,0.68,0.46,0.34,0.07,415,11.4,14,0.12,49.3,3,4.46,2.4,0.05,184,46,77.6,11.5,57.5,185,4,1.69,0.59,0.5,0.1,0.4,62,20,23,21,5.5,4.9,0.6,8.17,1,12.7,5.9309,5.93,123,3.4,106,5.8,66.04,180,355,535,33.64,8,182.9,0.7,26.1,146.7,17.79,10.7,4.5,77,9.1,3.88,96,64,77,118
568428,GYAHD04KLM,723655,21/02/2019,07:05,07:45,Pale Yellow,Slightly cloudy,1.014,6.9,Negative,Trace,Negative,Negative,Negative,Normal,Negative,12-13,2,1-2,Nil,Rare,NIL,10.6,6.6,20.7,89.4,16,51,13.7,39.4,5998,59,29,6,8,0,7.22,2.62,0.63,0.1,0.09,298,11.5,11,0.12,22.7,4.2,3.14,0.31,0.15,204,49,133.5,13.2,66,110,4.2,2.72,0.37,0.5,0.2,0.3,78,27,23,43,6.3,4,2.3,1.74,0.7,8,3.736,5.34,129,3.2,97,6.7,63,107,153,260,41.15,6.1,128.37,2.1,14.4,76.9,18.73,8.6,3.5,170,4,2.09,138,123,70,62
139971,MZLGI07RJK,673310,20/02/2019,11:51,12:29,Pale Yellow,Cloudy,1.014,4.8,Negative,Negative,Negative,Negative,Negative,Normal,Negative,8-9,1,2-2,Nil,Nil,NIL,9.3,4.5,39.8,82.7,20,23,14.5,44.5,12531,71,25,1,2,9.9,4.09,5.88,0.76,0.49,0.03,296,11.9,15,0.13,31.8,0.1,0.35,0.14,4.25,117,43,75.9,32.1,160.5,124,2.7,1.77,0.57,0.7,0.3,0.4,101,36,11,43,5.1,3.6,1.5,2.4,0.8,13.3,6.2111,7.76,120,2.8,98,4.5,107.65,73,353,426,17.14,8.3,191.51,0.7,27.4,50.1,54.69,11.1,5.7,86,11.6,0.93,113,98,70,76
246011,KLTRS02MLT,267071,19/02/2019,10:34,11:42,Straw,Slightly cloudy,1.024,5.7,Negative,Negative,Negative,Negative,Negative,Normal,Negative,4-5,0,10-8,Nil,Nil,NIL,12.2,4.2,55.4,95.1,29,22,12.4,44.1,7634,72,17,2,2,0,6.02,1.92,0.56,0.13,0.08,244,7.9,11,0.28,34.3,2.9,0,0.02,0.26,217,49,97.1,33.6,168,114,4.4,1.98,0.5,0.4,0,0.4,49,40,36,18,6.7,3.6,3.1,1.16,1.2,9.5,4.4365,3.7,145,3.6,102,6.4,100.91,143,254,397,36.02,6.1,128.37,0.4,23.7,56.2,42.17,7.9,4.3,150,8.3,2.49,139,79,119,116
525260,GYAHD04JHJ,842248,22/02/2019,11:53,12:46,Yellow,Slightly cloudy,1.021,6.7,Trace,Trace,Negative,1+,Negative,Normal,Negative,12-13,2,2-4,Nil,Few,NIL,6.2,4.6,49.5,91.5,13,12,13.3,42.2,6950,53,10,4,10,0,8.24,1.04,0.81,0.01,0.07,48,7.7,20,0.37,17.1,1.2,0.31,0.32,2.18,237,26,190.2,26.8,134,194,9.1,7.32,0.14,0.7,0.2,0.5,122,54,25,34,7.3,3.9,3.4,1.15,1.2,15.7,7.3319,6.11,138,4.4,98,3.2,94.78,101,126,227,44.49,8,182.9,0.4,107.7,65.2,165.18,9.7,2.3,51,2.3,1.8,146,93,89,129
876447,MZLGI02RJK,530265,21/02/2019,06:59,08:26,Light Yellow,Slightly cloudy,1.029,5.3,Trace,Trace,Negative,Negative,Negative,Normal,Negative,10-11,2,3-4,Few,Few,Amorphous debris,15.9,2.1,26.9,98,75,59,11.6,45.3,3698,30,40,1,6,0,1.84,2.73,0.23,0.19,0,274,8.2,20,0.18,24.8,4,1.66,0.78,0.32,227,49,78.1,8.4,42,132,4.6,1.59,0.63,0.9,0.2,0.7,111,22,16,38,6.4,4.1,2.3,1.78,0.5,9.1,4.2497,8.5,122,4.7,108,3.9,104.04,152,268,420,36.19,5.8,119.76,0.6,14.8,54.8,27.01,10.5,5.3,119,10.4,6.95,122,76,76,68
698018,KLTRS11TSS,917741,21/02/2019,11:07,12:01,Pale Yellow,Milky,1.023,6.2,Trace,Trace,Negative,Negative,Negative,Normal,Negative,3-4,1,2-3,Rare,Rare,NIL,19.4,6.5,56.7,44.7,29,34,14.4,41.3,10547,57,39,5,6,0,7.45,2.88,0.43,0.43,0.24,340,8.7,17,0.19,22.6,4.8,0.19,0.28,0.32,181,67,106.7,20.8,104,153,2.7,1.59,0.63,0.6,0.1,0.5,94,31,32,35,7.2,5,2.2,2.27,1.2,8.7,4.0629,3.39,127,5.8,101,1.1,107.4,120,279,399,30.08,6.3,134.11,0.3,90.5,123.5,73.28,9.9,4,135,11.8,1.82,102,65,105,87
367204,MZLGI14RJK,746830,21/02/2019,11:55,13:17,Light Yellow,Slightly cloudy,1.019,4.7,Negative,Trace,Negative,1+,Negative,Normal,Negative,7-9,0,1-3,Nil,Few,Mucus threads,13.9,4.8,49.5,45.4,28,28,14.2,34.3,7003,40,34,21,5,0,0.42,0.88,0.49,0.35,0.03,497,8.6,13,0.1,20.9,1,0.13,0.78,0.38,209,47,108.5,22.1,110.5,74,4.4,2.31,0.43,3.9,1.9,2,129,16,16,46,7.3,4.5,2.8,1.61,1.1,18.9,8.8263,8.02,130,4.4,108,6.9,102.47,75,355,430,17.44,6.4,136.98,0.8,17.7,81.8,21.64,11.2,3.2,97,6.9,2.27,80,83,96,148
