,,,,,,Urine,,,,,,,,,,,,,,,,,CBC,,,,,,,,,,,,,,,,,,,Platelet Profile,,,,,,,,,Lipid Profile,,,,,,,,, Liver Function,,,,,,,,,,,Kidney Function,,,,,,,,,Iron Profile,,,,HbA1c,,,Urine ACR,,,Calcium & Phos,,Thyroid Profile,,,Glucose - Fasting,Glucose - PP,Glucose (Diagnopath),
MedID,LabReference,Sample ID,Collected,,Reported,Colour,Appearance,Specific Gravity,pH,Proteins,Glucose,Bilirubin,Ketones,Blood,Urobilinogen,Nitrites,WBC (Pus Cells) (/HPF),RBC,Epithelial Cells (/HPF),Casts,Crystals,Others,Hemoglobin (g/dL),RBC Count (mil/µL),Hematocrit %,MCV (fL),MCH (pg),MCHC (g/dL),RDW-CV %,RDW-SD (fL),WBC (cells/µL),Neutrophils %,Lymphocytes %,Eosinophils %,Monocytes %,Basophils %,Abs Neutrophils,Abs Lymphocytes,Abs Monocytes,Abs Eosinophils,Abs Basophils,Platelet Count (×10^3/µL),MPV (fL),Platelet RDW %,PCT %,P-LCR %,IMG %,IMM %,IML %,LIC %,Total Cholesterol (mg/dL),HDL (mg/dL),LDL (mg/dL),VLDL (mg/dL),Triglycerides (mg/dL),Non-HDL (mg/dL),Total/HDL Ratio,LDL/HDL Ratio,HDL/LDL Ratio,Bilirubin Total (mg/dL),Bilirubin Direct (mg/dL),Bilirubin Indirect (mg/dL),ALP (U/L),ALT/SGPT (U/L),AST/SGOT (U/L),GGT (U/L),Protein Total (g/dL),Albumin (g/dL),Globulin (g/dL),A/G Ratio,Creatinine (mg/dL),Urea (mg/dL),BUN (mg/dL),BUN/Creatinine Ratio,Sodium (mmol/L),Potassium (mmol/L),Chloride (mmol/L),Uric Acid (mg/dL),eGFR (mL/min/1.73m²),Iron (µg/dL),UIBC (µg/dL),TIBC (µg/dL),Transferrin Saturation %,HbA1c %,Estimated Avg Glucose (mg/dL),HbF %,Urine Albumin (mg/L),Urine Creatinine (mg/dL),Albumin/Creatinine Ratio,Calcium (mg/dL),Phosphorus (mg/dL),TT3 (ng/dL),TT4 (µg/dL),TSH (µIU/mL),Fasting Glucose (mg/dL),Postprandial Glucose (mg/dL),FBS (mg/dL),PLBS (mg/dL)
560252,PBCHD04KLC,839426,24/10/2018,09:09,09:52,Light Yellow,Clear,1.02,6.5,Trace,Negative,Negative,Negative,Negative,Normal,Negative,4–5,Nil,1–2,Nil,Nil,Nil,15.2,5.8,47,80,26,32.4,14.9,39,4260,53,38,2,7,0,2.26,1.62,0.3,0.09,0,160,11,17,0.2,34.5,0.2,0.2,0.2,0.9,196,35,63.2,97.8,489,161,5.6,1.81,0.55,0.6,0.2,0.4,101,47,35,66,7.6,4.6,3,1.53,0.8,16.5,7.71,9.64,139,4.2,101,5.7,106.48,100,288,388,25.77,6.9,151.33,0.2,26.3,57.9,45.42,8.4,2.8,112,5.6,4.42,145,160,103,129
348202,MZLGI04BRC,291137,26/10/2018,08:08,08:54,Light Yellow,Clear,1.019,4.7,Trace,Negative,Negative,Negative,Negative,Normal,Negative,4-5,1,7-11,Nil,Nil,NIL,19.4,5.3,30.1,77,36,64,14.3,43.1,6917,62,14,5,8,0,14.86,0.76,0.7,0.52,0.05,167,10.5,17,0.22,25.2,4.1,0.19,0.2,0.06,150,20,94,66.5,332.5,158,7.5,4.7,0.21,0.5,0,0.5,75,13,26,24,6.3,4.6,1.7,2.71,0.9,16.4,7.6588,8.51,94,4.4,102,5.9,80.6,167,276,443,37.7,5.9,122.63,0.2,20.5,138.3,14.82,12.5,5.1,268,6.3,4.53,76,107,111,72
178677,PBCHD09NLM,503077,25/10/2018,06:26,07:37,Light Yellow,Hazy,1.019,4.8,Trace,Trace,Negative,Negative,Trace,Normal,Negative,10-11,0,3-3,Rare,Nil,NIL,21,4.8,27.8,75.1,43,75,14.4,45.7,4221,48,25,3,3,8.6,9.42,1.81,0.72,0.59,0.16,302,9.6,17,0.19,26.3,4.8,2.01,0.37,0.89,200,41,113.6,9.2,46,77,4.9,2.77,0.36,0.5,0.2,0.3,99,20,26,26,6.1,4.4,1.7,2.59,1,7.9,3.6893,3.69,136,4.2,100,6.7,118.67,121,250,371,32.61,5.8,119.76,0.6,265.6,51.6,514.73,7.6,2.6,74,3.3,8.41,105,99,181,206
118231,PBCHD09MHS,601169,23/10/2018,08:08,09:33,Pale Yellow,Clear,1.055,5,Trace,Trace,Trace,Negative,Negative,Normal,Negative,6-7,0,2-3,Nil,Nil,NIL,17.5,4.8,32.6,70.6,36,53,14.6,40,9414,59,28,3,5,0,3.66,1.72,0.22,0.25,0.05,846,5.6,15,0.28,23.6,1,0.28,0.12,0.17,103,55,179.9,10.8,54,138,1.9,3.27,0.31,0.4,0,0.4,62,32,24,28,5.5,5,0.5,10,1.2,17.6,8.2192,6.85,137,4.1,104,4.3,107.86,124,236,360,34.44,8.7,202.99,0.2,11.5,21.9,52.51,10.4,4.9,156,6.9,1.66,92,109,114,74
869170,MZLGI08GJS,706427,25/10/2018,07:59,08:55,Pale Yellow,Slightly cloudy,1.014,4.9,Trace,Negative,Negative,Negative,Negative,Normal,Negative,13-15,0,2-2,Nil,Nil,Parasites,4.3,4.3,20.8,80,10,20,16.5,41.4,4651,32,17,17,2,0,1.56,2.47,0.8,0.38,0.04,183,7.6,12,0.26,27.2,1.6,0.28,0.07,0.27,199,43,63.7,8.1,40.5,131,4.6,1.48,0.68,0.3,0.1,0.2,105,47,20,40,7.7,4,3.7,1.08,0.6,15.9,7.4253,12.38,139,4.4,112,4,106.25,128,299,427,29.98,6,125.5,0.9,13.7,144,9.51,9.2,3.5,102,17.4,3.61,118,91,146,234
200291,MZLGI15GJS,330645,24/10/2018,09:23,10:47,Yellow,Clear,1.011,6.9,Negative,Negative,Negative,Negative,Negative,Normal,Negative,TNTC,2,3-3,Nil,Nil,NIL,17.4,6,52,89.9,29,33,12.5,40.9,7087,43,23,1,2,0,1.04,0.11,0.86,0.03,0,114,9.3,16,0.11,30,3.5,0.5,0.32,0.32,166,53,66.5,7.7,38.5,144,3.1,1.25,0.8,3.7,1.8,1.9,88,20,16,38,7.5,3.5,4,0.88,0.9,14.6,6.8182,7.58,140,4.5,107,4.2,116.85,110,166,276,39.86,6.2,131.24,0.3,18.1,440.9,4.11,9.7,5,196,6.7,1.03,124,89,104,155
525348,GYAHD14KAU,551571,25/10/2018,08:17,09:46,Light Yellow,Clear,1.029,5.2,1+,Trace,Negative,Negative,Negative,Normal,Negative,2-4,1,1-4,Nil,Nil,Mucus threads,14.8,5.3,39.3,65,27,37,9.3,44.2,8082,45,29,1,6,0.2,2.36,2.97,0.29,0.32,0.06,340,8.1,15,0.29,23.2,0.1,0.02,0.25,0.09,157,56,182.1,13.5,67.5,103,2.8,3.25,0.31,0.7,0.2,0.5,122,26,29,49,8.1,5,3.1,1.61,0.6,7.1,3.3157,5.53,146,4,107,4.3,109.33,112,352,464,24.14,5.8,119.76,0.7,14.9,181.6,8.2,7.7,5.1,84,9,2.57,97,87,123,139
114307,MZLGI15APK,264274,22/10/2018,10:35,11:56,Pale Yellow,Clear,1.017,6.7,1+,Trace,Negative,Negative,Negative,Normal,Negative,9-10,2,3-4,Nil,Nil,Artifacts,12.1,5.6,45.1,91,21,26,11,44.6,8437,43,44,1,7,0,0.83,4.31,0.41,0.31,0.02,289,7.9,16,0.35,27.7,5,0.35,0.82,2.65,159,38,80.1,79.9,399.5,105,4.2,2.11,0.47,0.8,0.1,0.7,58,48,13,47,8.2,4.3,3.9,1.1,0.6,6.5,3.0355,5.06,144,2.5,96,6.2,119.79,98,263,361,27.15,6,125.5,0.2,16.1,139.9,11.51,10.4,2.8,169,3.8,2.49,146,73,98,278
577148,GYAHD05KAU,315458,22/10/2018,08:24,09:49,Dark Yellow,Hazy,1.014,7.7,Negative,1+,Negative,Negative,Negative,Normal,Negative,TNTC,0,3-2,Nil,Nil,NIL,8.1,5.8,31.1,93.4,13,26,13.1,39.3,6224,52,32,12,15,0,8.19,3.55,0.5,0.01,0.19,370,7,15,0.21,27.2,2.2,5.01,0.31,0.26,188,41,124.7,89.4,447,179,4.6,3.04,0.33,1,0.3,0.7,123,49,34,25,5.8,5,0.8,6.25,0.6,6.9,3.2223,5.37,147,2,99,2.1,116.75,163,120,283,57.6,6.4,136.98,1.3,26.6,185.7,14.32,9,2.9,266,15.1,1.52,94,215,124,61
750381,PBCHD12SKM,780963,24/10/2018,08:38,09:17,Dark Yellow,Clear,1.014,5,Negative,Negative,Negative,Negative,Negative,Normal,Negative,13-14,0,12-10,Nil,Nil,NIL,8.5,5.8,37.1,81.6,14,22,11.7,42.2,6209,58,30,6,4,0,1.46,1.17,0.24,0.24,0.02,206,6.5,13,0.13,17.5,2.5,1.42,1.02,0.37,188,63,113.1,45.6,228,132,3,1.8,0.56,0.8,0.1,0.7,46,41,29,33,8.1,4.7,3.4,1.38,1,14.5,6.7715,6.77,129,6.2,108,2.7,110.17,214,157,371,57.68,5.7,116.89,0.7,21.9,94,23.3,10.8,2.3,174,18.5,1.71,70,93,71,137
663177,KLTRS03WBD,944754,24/10/2018,07:58,08:44,Light Yellow,Clear,1.012,4,Negative,Trace,Negative,Negative,Negative,Normal,Negative,5-6,1,3-3,Nil,Nil,Yeast cells,15.8,4.5,18.8,54.7,35,84,14,40,32319,48,36,2,6,0,1.43,1.24,0.38,0.18,0.09,369,11.1,13,0.5,21.3,0.9,2.22,0.1,0.39,200,47,102.2,24.6,123,89,4.3,2.17,0.46,2.7,1.3,1.4,63,20,31,45,8.3,4.9,3.4,1.44,0.8,7.7,3.5959,4.49,121,4.9,98,3.6,95.43,95,347,442,21.49,6.1,128.37,0.7,21.6,77.2,27.98,12,2.2,168,5.5,0.42,130,102,100,258
965906,MZLGI07RJK,452000,22/10/2018,09:11,10:08,Yellow,Slightly cloudy,1.025,4.7,Trace,Trace,Negative,Negative,Negative,Normal,Negative,9-11,2,>20,Few,Nil,NIL,9.2,6,40.5,97,15,22,12.8,47.9,4190,45,31,2,4,0,19.33,1.91,0.82,0.65,0.2,197,7.8,11,0.11,23.8,2.3,0.29,0.31,2.43,163,58,73.7,48.6,243,119,2.8,1.27,0.79,1,0,1,128,39,40,19,7.3,4.2,3.1,1.35,1,9.5,4.4365,4.44,137,3.6,115,3.4,101.69,67,217,284,23.59,5.8,119.76,0.8,22.2,147.9,15.01,10.3,3.2,151,8.7,0.29,134,107,89,132
316178,PBCHD04NLM,124553,25/10/2018,09:23,10:41,Straw,Hazy,1.005,6.5,2+,Trace,Negative,Negative,Negative,Normal,Negative,6-7,26,1-4,Rare,Rare,NIL,4.6,4,38.6,97.7,11,11,12.5,40.5,10672,23,29,6,7,0,4.75,1.11,0.34,0.39,0.04,313,8.6,25,0.27,14,1.3,0.72,0.17,0.46,212,38,128.3,31.9,159.5,179,5.6,3.38,0.3,5.1,2.5,2.6,67,11,40,81,6.8,3.8,3,1.27,0.7,7.3,3.4091,4.87,98,4.4,97,4.1,110.38,155,296,451,34.37,10.2,246.04,0.7,10.6,71.5,14.83,9.9,2.5,166,5.3,2.39,85,100,288,156
698944,KLTRS01TSS,114910,26/10/2018,07:47,08:53,Light Yellow,Slightly cloudy,1.014,5.4,Trace,Trace,Negative,Negative,Trace,Normal,Negative,4-6,2,3-2,Few,Rare,NIL,4.5,5.6,42.6,70,8,10,12,30.2,10374,52,40,10,5,0,2.45,7.02,0.35,0.18,0.09,350,11.8,15,0.31,14.5,6.5,4.74,0.01,0.08,172,37,116.8,43.1,215.5,198,4.6,3.16,0.32,0.5,0.2,0.3,104,7,35,11,6.2,4.4,1.8,2.44,1.1,10.9,5.0903,4.63,145,3.1,105,9.2,108.88,81,286,367,22.07,6.2,131.24,0.7,27.3,140.3,19.46,11.3,4.1,129,4.5,1.04,76,62,87,148
130589,KLTRS15TSS,878481,24/10/2018,11:50,12:43,Straw,Clear,1.012,4.5,Negative,4+,Negative,Negative,Negative,Normal,Negative,13-14,2,6-16,Moderate,Nil,NIL,14.1,5.9,39.4,79.1,23,35,11.9,33.5,4313,23,31,0,3,0.6,8.12,7.36,0.53,0.44,0.07,334,8.9,14,0.1,21.3,1.7,0.07,2.41,0.12,214,76,70.2,44.2,221,175,2.8,0.92,1.08,0.5,0.2,0.3,101,47,13,27,8.1,3.6,4.5,0.8,1.1,14.2,6.6314,6.03,143,4.2,108,6.4,114.29,195,319,514,37.94,5.9,122.63,0.7,212.4,213.2,99.62,8.7,3.3,182,18.5,1.31,139,113,80,88
811384,MZLGI08MHP,450810,23/10/2018,06:44,08:04,Light Yellow,Clear,1.019,7,1+,Negative,Negative,Negative,Negative,Normal,Negative,5-7,0,2-3,Nil,Nil,NIL,18.6,4.2,44.9,73.5,44,41,11.9,45.5,5610,36,48,2,6,0,5.36,6.52,0.33,0.4,0.09,305,7.6,15,0.23,27.4,5.6,0.3,0.25,0.11,211,43,47.8,18,90,137,4.9,1.11,0.9,0.7,0.3,0.4,43,12,14,34,6.9,3.2,3.7,0.86,0.9,30.6,14.2902,15.88,132,3.3,106,2.1,114.92,114,356,470,24.26,6,125.5,0.9,20.6,209.5,9.83,9.5,2.9,121,11.1,2.84,107,64,87,187
578164,KLTRS03TSS,396391,23/10/2018,07:30,08:46,Yellow,Hazy,1.02,6.7,Negative,Trace,Negative,1+,Trace,1+,Negative,12-14,2,3-2,Nil,Nil,Amorphous debris,11.1,5.9,49.2,80,18,22,14.4,46.3,4069,45,26,10,8,0,6.99,1.79,0.21,0.21,0.09,374,7.1,18,0.3,16.2,2.4,0.02,0.15,0.18,183,40,72.2,11.3,56.5,111,4.6,1.81,0.55,0.3,0,0.3,234,117,39,16,6.5,4.2,2.3,1.83,1,16.4,7.6588,7.66,135,4.2,114,2.3,108.43,116,124,240,48.33,7.7,174.29,0.3,10.2,147.3,6.92,8.8,6.6,78,5.4,3.21,74,262,124,62
167119,GYAHD01KLM,210801,25/10/2018,07:23,08:49,Deep Amber,Slightly cloudy,1.021,6.4,1+,Trace,Negative,Negative,Negative,Normal,Negative,9-11,1,3-2,Nil,Nil,NIL,11.6,5.1,48.3,89.3,22,24,14.2,45.8,9686,35,51,3,10,0,7.61,1.11,0.7,0.4,0.09,829,11.4,16,0.26,14.6,0.1,0.27,0.25,0.77,219,57,43.1,24.9,124.5,68,3.8,0.76,1.32,0.9,0.2,0.7,100,16,6,28,6.6,4.2,2.4,1.75,0.6,11,5.137,8.56,144,2.9,106,7.2,118.51,100,347,447,22.37,6.1,128.37,0.6,15.8,63.9,24.73,7.7,6,139,5.3,0.65,134,85,77,191
201194,PBCHD10HPP,886792,22/10/2018,10:38,11:16,Yellow,Hazy,1.012,7.4,Trace,1+,Negative,Negative,Negative,Normal,Negative,9-11,2,2-3,Nil,Nil,NIL,11.3,5.9,24.6,64.2,19,45,13.9,26.8,7235,43,27,4,5,0,18.7,1.32,0.69,0.39,0,150,7.3,12,0.22,24.2,1.4,0.72,0.15,0.04,192,50,67.1,62.4,312,129,3.8,1.34,0.75,0.9,0.2,0.7,57,49,36,12,6.1,3.6,2.5,1.44,0.9,8.7,4.0629,4.51,143,2.6,110,2.5,114.82,59,186,245,24.08,6,125.5,0.4,12.7,287.1,4.42,10.3,4.2,191,11.4,2.5,130,66,82,154
217661,GYAHD09KAU,331019,24/10/2018,07:17,08:23,Brown,Cloudy,1.017,4.6,Trace,Negative,Negative,Negative,Negative,Normal,Negative,8-9,2,1-3,Rare,Rare,NIL,16.7,5.3,30.3,86.8,31,55,13.6,41.4,7097,54,16,5,3,0,1.36,2.83,0.78,0.11,0.04,180,12.3,11,0.19,17.6,3.2,0.03,0.09,0.07,178,40,110,78.1,390.5,151,4.5,2.75,0.36,0.4,0,0.4,118,45,15,25,7.7,3.9,3.8,1.03,0.6,10.1,4.7167,7.86,144,4.2,97,3,96.31,191,188,379,50.4,6.6,142.72,0.6,13.3,44.7,29.75,10.1,4.5,138,9.1,12.99,148,81,86,263
997187,GYAHD14KLM,104655,25/10/2018,09:42,10:43,Light Yellow,Slightly cloudy,1.014,5.1,1+,1+,Negative,Negative,Negative,1+,Negative,3-4,2,3-4,Nil,Nil,NIL,9.9,8,30.3,85.4,12,32,16.8,43.1,6537,41,21,1,8,0,9.52,1.57,1.18,0.35,0.02,349,15.4,8,0.12,33,3.5,0.32,0.09,0.17,197,28,93.2,57.5,287.5,146,7,3.33,0.3,0.9,0.3,0.6,51,47,23,31,6.4,4.7,1.7,2.76,0.7,9.7,4.5299,6.47,142,4.3,94,5.6,106.09,147,353,500,29.4,6.1,128.37,0.3,158.4,105,150.86,9.7,3.2,276,10.1,0.44,106,67,113,133
552423,GYAHD09JHJ,979225,25/10/2018,06:59,08:19,Dark Yellow,Hazy,1.017,5.2,Negative,Trace,Negative,Negative,Negative,Normal,Negative,10-11,1,2-3,Nil,Nil,NIL,14.2,5.5,42,91.5,25,33,13.6,45.2,4671,44,39,1,12,0,1.2,2.35,0.43,0.24,0.06,202,10.9,15,0.16,12.2,4.5,0.13,0.23,0.22,188,38,114.7,43.6,218,65,4.9,3.02,0.33,0.7,0,0.7,44,45,16,29,7.8,4.6,3.2,1.44,1.2,178.1,83.1727,69.31,149,4.8,105,5.2,104.26,180,227,407,44.23,6.1,128.37,0.3,12.5,124.4,10.05,10.3,5.3,86,18.3,0.54,279,60,81,288
775154,KLTRS01KLP,903886,23/10/2018,11:37,12:14,Light Yellow,Slightly cloudy,1.014,5.7,Trace,Negative,Negative,Negative,Negative,Normal,Negative,11-13,1,1-3,Nil,Nil,NIL,15.7,5.1,55.1,76.4,30,28,9.7,44.8,40110,54,53,5,6,0,8.52,1.22,0.4,0.26,0.1,304,12,16,0.19,18.3,0.4,0.32,0.34,0.7,174,49,106.6,89.7,448.5,78,3.6,2.18,0.46,0.5,0.2,0.3,112,55,29,38,6.4,3.5,2.9,1.21,1.6,16.1,7.5187,4.7,122,4,110,3.8,94.27,115,139,254,45.28,5.5,111.15,0.1,20.3,286,7.1,11.4,2.3,126,6.3,1.88,125,60,85,156
354654,MZLGI03GJS,687534,25/10/2018,11:59,12:51,Pale Yellow,Hazy,1.024,5,1+,Trace,Negative,Negative,Negative,Normal,Negative,4-5,0,2-4,Nil,Rare,NIL,12.7,4.9,53.6,46.8,25,23,11.9,44.8,8721,36,33,5,5,10.8,9.37,2.26,0.38,0.05,0.07,237,14.2,12,0.73,14.1,2.6,0.09,4.63,0.21,113,31,116.4,83.3,416.5,100,3.6,3.75,0.27,0.9,0.2,0.7,104,39,40,36,7.8,4.6,3.2,1.44,1.1,16.7,7.7989,7.09,141,4.1,120,3.3,70.92,133,123,256,51.95,6.3,134.11,1.7,271.8,125.8,216.06,9.3,4.5,292,12.1,3.21,121,90,186,257
338118,GYAHD01KAU,562982,22/10/2018,07:56,08:33,Yellow,Clear,1.018,4.8,Negative,Negative,Negative,Negative,Negative,Normal,Negative,94-99,2,2-3,Few,Nil,NIL,13.7,4.2,33.2,98.1,32,41,13.3,40,7720,72,29,9,4,0,6.78,4.87,0.7,0.18,0.16,295,11.5,16,0.22,31.3,1.7,2.1,0.9,0.33,313,56,80.5,21.2,106,104,5.6,1.44,0.7,0.5,0.1,0.4,116,53,15,31,7.8,4.1,3.7,1.11,0.8,7.6,3.5492,4.44,132,5.6,107,4.5,117.7,63,227,290,21.72,7.5,168.55,0.5,28.6,125.6,22.77,8,5.5,115,15.4,0.78,102,96,97,64
115246,KLTRS09KLP,805663,23/10/2018,08:07,09:08,Pale Yellow,Clear,1.03,5.7,Negative,Negative,Negative,Negative,Negative,2+,Negative,3-5,0,3-3,Nil,Few,NIL,12.6,5.5,49.3,43.5,22,25,9.5,42.8,8533,79,38,5,4,0,0.55,1.65,0.81,0.54,0.1,425,9.1,14,0.35,21.5,1.2,0.39,0.16,0.32,193,49,81.3,14,70,82,3.9,1.66,0.6,0.9,0.3,0.6,53,12,24,45,7.6,4.1,3.5,1.17,0.8,13.9,6.4913,8.11,140,4.3,107,2.7,94.28,183,346,529,34.59,6.3,134.11,0.5,15.1,33.7,44.81,9.6,4.3,95,3.7,6.98,76,110,87,163
255580,KLTRS02TSS,872069,23/10/2018,09:23,10:04,Pale Yellow,Clear,1.019,6.1,Trace,Negative,1+,Negative,Negative,Normal,Negative,TNTC,0,1-2,Nil,Nil,NIL,11.8,4.2,50.8,99.3,28,23,12.8,42.1,41710,52,30,2,9,0,10.91,7.89,0.24,0.84,0.17,283,8.4,21,0.27,14.3,3.7,0.31,0.99,0.35,167,58,112.2,20.2,101,127,2.9,1.93,0.52,2.1,1,1.1,72,16,11,66,7.7,5,2.7,1.85,1.4,13.5,6.3045,4.5,131,5.2,97,4.5,113.09,160,203,363,44.08,6.1,128.37,0.6,447.7,45.7,979.65,8.8,3.8,102,4.7,0.16,89,71,120,233
787227,GYAHD06ODK,350109,26/10/2018,10:22,11:10,Light Yellow,Hazy,1.028,5.2,Negative,Trace,Negative,2+,Negative,Normal,Negative,3-5,2,1-3,Nil,Rare,Artifacts,12,4,31.8,59.2,30,37,12,42.4,10429,42,31,9,4,0,0.57,0.95,0.45,0.03,0.17,373,9.4,14,0.36,15.5,3.7,0.14,0.25,0.2,237,27,89.3,15.6,78,149,8.8,3.31,0.3,1.5,0.7,0.8,68,28,40,38,7.6,4.2,3.4,1.24,0.6,6.7,3.1289,5.21,130,3.9,112,2.7,99.2,171,96,267,64.04,6.9,151.33,0.8,11.6,88,13.18,10.2,4.2,65,9.8,1.54,118,82,88,129
718025,MZLGI02MHP,682931,22/10/2018,06:52,08:08,Pale Yellow,Hazy,1.03,7.8,Trace,1+,Negative,Negative,Negative,Normal,Negative,12-14,1,3-3,Moderate,Few,NIL,9.6,7.4,12.1,84.4,12,79,13.3,42.6,8094,47,43,5,2,0,14.86,1.19,0.49,0.01,0.14,1136,8.4,18,0.26,18.6,1.8,1.21,6.41,0.36,214,34,92.7,80.9,404.5,73,6.3,2.73,0.37,0.6,0.1,0.5,75,5,28,14,6.6,4.4,2.2,2,0.8,9.5,4.4365,5.55,136,3.1,100,2.1,111.67,155,355,510,30.39,6,125.5,0.4,27,283.1,9.54,9.9,2.8,198,8.4,4.39,99,65,75,73
676076,PBCHD04HPP,697835,25/10/2018,06:49,07:34,Straw,Slightly cloudy,1.02,5.7,Trace,Negative,Trace,Negative,Negative,Normal,Negative,10-12,0,2-2,Nil,Few,NIL,17.5,4.7,42.3,80.3,37,41,11.9,41.8,28684,60,45,5,15,0.4,4.13,1.59,0.47,0.48,0.1,194,9.2,10,0.35,22.4,2.4,0.22,0.12,0.17,476,75,98.4,13.3,66.5,153,6.3,1.31,0.76,0.9,0.2,0.7,99,46,34,39,5.9,4.8,1.1,4.36,0.8,14.5,6.7715,8.46,135,3,105,2.5,90.38,137,239,376,36.44,6.2,131.24,0.9,28,134.2,20.86,7.7,2.1,156,3.9,1.92,115,290,80,110
681640,GYAHD08KLM,304004,26/10/2018,08:41,09:13,Light Yellow,Slightly cloudy,1.01,6.9,4+,Negative,Negative,Negative,Negative,Normal,Negative,11-13,2,1-3,Nil,Nil,Parasites,14.9,2.7,18.4,49.9,55,80,14.1,41.7,9509,46,42,5,3,0,4.81,3.08,0.74,0.32,0,658,10.4,13,0.14,19.1,0.3,2.97,5.3,0.06,178,32,88.4,23.8,119,82,5.6,2.76,0.36,0.5,0.2,0.3,55,55,38,40,8.6,3.7,4.9,0.76,0.6,13.9,6.4913,10.82,134,4.6,88,3.2,119.38,62,334,396,15.66,6.3,134.11,0.7,24.5,100.2,24.45,8.9,5.7,66,14.2,3.26,87,125,92,129
816456,MZLGI13RJK,359706,26/10/2018,10:40,11:12,Red,Clear,1.027,4.9,Negative,Negative,Negative,Negative,Trace,Normal,Negative,10-11,2,1-4,Nil,Nil,NIL,1.3,5.5,57,116.4,2,2,10.8,39.9,4670,44,27,8,10,0,7.94,2.85,0.83,0.95,0.09,1166,12.6,7,0.3,12.4,0.1,0.21,0.08,3.7,190,53,93.5,48.4,242,120,3.6,1.76,0.57,0.6,0,0.6,53,10,36,31,7.6,5,2.6,1.92,0.7,33.7,15.7379,22.48,136,3,100,4.5,109.15,78,165,243,32.1,8.6,200.12,0.6,15.4,42,36.67,7.1,4.3,333,8.7,0.62,87,87,87,140
216805,MZLGI03MHP,410939,26/10/2018,09:58,10:36,Pale Yellow,Clear,1.011,5,Negative,Negative,Negative,Trace,Negative,Normal,Negative,5-6,1,5-14,Nil,Nil,NIL,9,7.3,21.9,88.7,12,41,13.5,39.7,7589,70,15,6,6,0,1.13,1.23,0.67,0.38,0.49,258,11.6,13,0.33,31.4,0.1,0.18,0.11,0.23,199,37,107.8,17.4,87,170,5.4,2.91,0.34,0.4,0.1,0.3,125,30,24,27,6.6,4,2.6,1.54,1.1,9,4.203,3.82,149,4.3,112,3.8,112.72,60,227,287,20.91,5.8,119.76,0.9,22.5,33.5,67.16,10.4,6,169,4.3,1.25,78,119,74,128
914445,GYAHD15KLM,754509,23/10/2018,09:30,10:01,Light Yellow,Slightly cloudy,1.018,6.2,Negative,Trace,Negative,Trace,Negative,Normal,Negative,9-10,0,>20,Rare,Nil,NIL,15.7,4.7,33.1,66.4,33,47,12.5,45.6,9226,60,46,5,4,0,1.45,0.64,1.4,0.29,0.02,290,9.7,11,0.36,22.2,0.1,4.45,0.35,0.04,181,28,125.4,15.6,78,108,6.5,4.48,0.22,0.5,0.1,0.4,97,12,118,25,7.4,4.8,2.6,1.85,0.9,11.1,5.1837,5.76,135,4.4,95,5.3,102.46,95,337,432,21.99,8.8,205.86,0.8,28.9,296,9.76,11.1,6.7,189,9.2,3.58,71,123,205,117
318787,GYAHD13ODK,535913,23/10/2018,08:32,09:13,Yellow,Clear,1.01,6.8,Negative,1+,Negative,Negative,Negative,Normal,Positive,7-9,0,3-3,Nil,Rare,Fat droplets or lipiduria,13.1,5.2,56.1,80.2,25,23,11.6,42.3,41783,37,33,6,8,0,1.48,1.82,0.49,0.43,0.08,115,10.5,10,0.28,15.2,2,0.01,3.69,0.81,187,74,104.5,55.2,276,78,2.5,1.41,0.71,0.7,0.3,0.4,112,44,35,29,7.4,5.2,2.2,2.36,1.1,18.2,8.4994,7.73,121,4.8,99,5,115.11,142,111,253,56.13,5.8,119.76,0.5,15.2,106.3,14.3,9.3,2.9,63,19.2,1.04,82,61,106,195
338565,GYAHD10JHJ,383192,23/10/2018,07:16,08:17,Light Yellow,Clear,1.018,6.6,1+,Trace,Negative,Negative,Negative,Normal,Negative,3-5,0,1-3,Few,Nil,NIL,15.8,2.9,40.9,70.3,54,38,12.3,42,10556,60,24,5,5,0,9.65,1.36,1.32,0.07,0.2,282,9.7,13,0.13,12.5,3.1,0.96,0.31,0.36,220,68,70.9,11.4,57,98,3.2,1.04,0.96,0.5,0.1,0.4,70,8,38,10,8,4.5,3.5,1.29,0.4,17.6,8.2192,20.55,137,2.6,108,4.5,119.9,82,355,437,18.76,5.7,116.89,0.8,26.8,114.7,23.37,9.7,4.3,192,6.8,3.98,117,171,162,283
836233,GYAHD05JHJ,812117,23/10/2018,07:28,08:49,Pale Yellow,Slightly cloudy,1.012,4.7,Trace,Trace,Negative,Negative,Negative,Normal,Negative,TNTC,2,>20,Nil,Nil,NIL,20.6,5.5,46,95.7,37,44,11.6,35,10798,66,24,6,5,2.2,1.38,2.94,0.75,0.42,0.09,277,13.3,17,0.27,44.3,3.7,1.73,0.39,0.37,171,51,72.4,29.6,148,132,3.4,1.42,0.7,7.7,3.8,3.9,84,24,24,40,6.8,3.9,2.9,1.34,1.1,14,6.538,5.94,144,4.1,107,2.3,116.83,118,150,268,44.03,6.1,128.37,0.2,24.9,61,40.82,10.2,3.7,92,8.1,1.08,90,113,81,80
624821,MZLGI13APK,241163,23/10/2018,08:15,09:34,Dark Yellow,Clear,1.018,6.7,Negative,Trace,Negative,Negative,Negative,Normal,Negative,13-15,2,2-3,Nil,Nil,NIL,15.7,5.5,59.5,86.5,28,26,13.1,45.2,6760,28,24,5,5,0.5,3.39,3.12,0.16,0.05,0.06,218,10.1,16,0.07,36.9,7.1,0.37,0.29,0.7,172,67,102.6,53.1,265.5,113,2.6,1.53,0.65,0.3,0.1,0.2,59,6,13,43,6.9,3.7,3.2,1.16,0.9,166.8,77.8956,86.55,129,3.8,106,4,69.49,130,322,452,28.76,5.5,111.15,0.2,21,39.9,52.63,7.4,2.1,153,16,2,87,74,85,185
412576,GYAHD12JHJ,653071,23/10/2018,07:51,08:26,Straw,Clear,1.017,7,1+,Negative,Negative,Negative,Negative,Normal,Negative,9-10,1,3-3,Nil,Nil,Amorphous debris,15.8,4.7,49.7,93.9,33,31,12.4,40.5,10140,38,16,5,11,0,4.2,1.45,0.52,0.26,0.06,258,11.1,17,0.23,13.5,4.3,0.65,4.47,0.89,228,54,113.1,25.4,127,187,4.2,2.09,0.48,0.7,0,0.7,45,27,15,23,7.5,3.5,4,0.88,1.1,46.6,21.7622,19.78,141,5.2,97,2.9,104.9,161,132,293,54.95,6.2,131.24,0.7,18.5,237.5,7.79,9,3.5,294,8,3.19,77,84,60,148
256905,PBCHD04GAM,984088,23/10/2018,08:33,09:15,Pale Yellow,Slightly cloudy,1.023,5.7,Trace,Negative,Negative,Negative,Trace,Normal,Negative,TNTC,1,13-11,Rare,Nil,NIL,17.8,6.6,50.5,94.1,26,35,15.1,42.2,10999,52,36,2,8,0,16.93,2.47,0.29,0.43,0.09,249,15.4,13,0.23,29.7,4.4,0.09,0.01,0.3,154,48,62.6,101.3,506.5,61,3.2,1.3,0.77,0.8,0.3,0.5,51,26,22,12,8.1,3.7,4.4,0.84,1.1,6.1,2.8487,2.59,136,7.1,112,5.2,74.57,41,189,230,17.83,12.9,323.53,2.8,12.5,111.5,11.21,9.3,2.5,151,17.8,5.06,89,141,68,165
843182,GYAHD09KLM,492496,26/10/2018,06:27,07:24,Pale Yellow,Slightly cloudy,1.023,4.8,Trace,4+,Negative,Negative,Negative,Normal,Negative,3-5,1,1-4,Rare,Nil,NIL,16.4,5.7,25.2,95.4,28,65,13.4,41.5,4541,58,17,3,4,0,3.42,1.59,0.35,0.33,0,243,7.4,14,0.23,17.6,1.1,0.08,4.5,0.97,198,50,43.6,13.3,66.5,78,4,0.87,1.15,0.6,0.2,0.4,77,20,32,11,7.5,3.9,3.6,1.08,0.8,12.7,5.9309,7.41,126,4.9,113,6.2,97.86,115,233,348,33.05,5.7,116.89,0.2,18.5,590.6,3.13,8.1,5.7,121,7,0.7,79,94,62,89
273490,PBCHD10CGD,729172,22/10/2018,11:31,12:46,Straw,Clear,1.036,4,1+,Negative,Negative,Negative,Negative,Normal,Negative,1-3,2,2-3,Nil,Nil,Yeast cells,11.7,4.1,34.2,93.5,28,34,14.5,42.1,5782,41,20,4,12,1.3,6.06,1.92,0.21,0.53,0.08,41,6.7,15,0.38,30.3,6.5,6.02,0.27,0.93,155,76,47.2,5.9,29.5,175,2,0.62,1.61,0.5,0.2,0.3,45,27,30,37,6.1,4.3,1.8,2.39,2.5,216.3,101.0121,40.4,139,4,96,3,102.92,104,300,404,25.74,5.9,122.63,0.3,10.6,286.1,3.7,7.6,6.7,202,11.4,3.89,79,61,99,125
704940,GYAHD07KAU,169386,23/10/2018,11:33,12:06,Light Yellow,Hazy,1.012,6.5,Trace,Trace,Negative,Negative,Negative,Normal,Negative,62-67,2,1-4,Nil,Nil,Parasites,1,5.9,36.6,88.3,1,2,13.5,45.5,7155,68,20,2,2,0,1.06,2.75,0.37,0.22,0.04,414,7.8,16,0.23,22,1.3,0.33,2.06,0.13,198,70,85.8,26.2,131,163,2.8,1.23,0.82,1,0.3,0.7,60,15,31,13,8.2,4.1,4.1,1,1,50.1,23.3967,23.4,131,3.8,98,2.4,107.06,121,243,364,33.24,5.8,119.76,1,17,467.3,3.64,11,3.6,296,18.6,3.41,80,75,93,156
489980,KLTRS14TSS,703290,24/10/2018,09:39,11:07,Light Yellow,Clear,1.025,5.9,1+,1+,Negative,Negative,Negative,Normal,Negative,10-12,1,3-3,Nil,Moderate,NIL,17.1,4,41.3,95.7,42,41,12.2,45.8,7118,30,24,6,7,0,2.57,3.74,0.38,0.47,0.05,368,15.1,11,0.2,27.5,6.3,0.36,0.19,2.61,190,27,107.6,6.5,32.5,140,7,3.99,0.25,0.8,0.3,0.5,98,55,24,46,7.6,4.7,2.9,1.62,1,10.5,4.9035,4.9,135,2.7,108,6.4,116.22,61,175,236,25.85,7.7,174.29,0.1,14.1,196.4,7.18,11.7,4.8,173,8.6,3.08,70,71,60,76
182760,PBCHD08GAM,807740,22/10/2018,06:09,07:26,Light Yellow,Slightly cloudy,1.019,6.8,Trace,Negative,Negative,Negative,3+,Normal,Negative,72-74,0,5-16,Nil,Nil,NIL,17.4,7.6,30.9,67.4,22,56,13.6,44.7,5598,76,46,5,8,0,20.32,2.09,0.27,0.28,0.2,235,6.3,17,0.32,32.6,5,0.18,0.2,0.46,209,57,97.2,31,155,83,3.7,1.71,0.59,0.6,0,0.6,124,44,20,46,7,4.6,2.4,1.92,0.6,44.7,20.8749,34.79,137,4.9,81,5,118.57,68,350,418,16.27,7.8,177.16,1.8,12.1,147.7,8.19,9.5,3.4,170,17.7,3.6,81,145,214,71
550941,KLTRS14NLZ,504425,26/10/2018,11:21,12:11,Light Yellow,Clear,1.013,5.1,Trace,Negative,Negative,Negative,Negative,Normal,Negative,TNTC,0,5-12,Nil,Nil,Mucus threads,13.2,4.3,35.3,56.5,30,37,13.1,42.4,9703,50,25,23,2,0,4.58,1.01,0.64,0.41,0.09,30,11.2,11,0.28,19.2,3.8,0.33,0.24,0.27,183,56,88,26.8,134,138,3.3,1.57,0.64,0.5,0,0.5,110,54,22,47,6.8,5,1.8,2.78,0.8,18.8,8.7796,10.97,128,2.7,95,2.5,98.44,242,314,556,43.53,5.9,122.63,0.4,26.2,94.5,27.72,10.5,4.3,100,11.2,1.63,91,117,96,154
100311,MZLGI03GJS,557152,24/10/2018,09:47,10:19,Pale Yellow,Slightly cloudy,1.015,4.3,Trace,Negative,Negative,Negative,Negative,Normal,Negative,TNTC,2,15-7,Nil,Nil,NIL,16.2,2.6,39.3,67,62,41,12.9,42.3,9487,48,30,3,8,0,2.79,2.4,0.01,0.32,0.08,1093,8.5,17,0.59,24.2,4.7,0.6,0.31,3.73,193,43,91.1,74,370,140,4.5,2.12,0.47,0.3,0.1,0.2,84,53,20,33,7.3,4.9,2.4,2.04,0.8,14.2,6.6314,8.29,143,6,95,3.7,94.41,180,345,525,34.29,8.2,188.64,0.7,13.3,96.8,13.74,10.5,2.8,207,3.9,9.05,95,71,163,97
592368,MZLGI09BRC,725042,26/10/2018,07:23,08:33,Light Yellow,Clear,1.019,5.7,Negative,Negative,Negative,Negative,Negative,Normal,Negative,6-8,2,1-4,Nil,Nil,NIL,13.5,4.7,38.6,97.1,28,34,13.5,44.2,6916,22,24,5,7,0,6.38,2.82,0.59,0.17,0.06,201,13.6,13,0.61,49,1.4,0.15,0.03,0.92,161,77,57.7,31.8,159,154,2.1,0.75,1.33,0.7,0.3,0.4,300,34,27,22,7.6,4.9,2.7,1.81,0.6,9.1,4.2497,7.08,136,4.2,103,2.3,97.8,36,158,194,18.56,6,125.5,0.1,15.9,233.6,6.81,8.6,1.9,130,10.6,3.11,113,235,87,175
373801,KLTRS02NLZ,496181,26/10/2018,07:54,08:24,Light Yellow,Clear,1.023,6.9,Trace,Trace,Negative,Negative,Negative,Normal,Negative,5-7,0,15-16,Rare,Rare,NIL,9.1,5.9,51.9,51.1,15,17,14.5,35.6,5783,39,40,6,5,0,4.58,1.44,0.23,0.46,0.01,306,9.1,11,0.23,30.1,0.1,0.29,0.09,0.4,195,68,122.1,9.5,47.5,72,2.9,1.8,0.56,0.6,0.1,0.5,72,54,27,12,6.3,3.6,2.7,1.33,0.9,29.2,13.6364,15.15,141,4.9,96,6.9,111.25,153,356,509,30.06,8.5,197.25,0,13.5,81.7,16.52,9.4,2.8,138,11.2,4.77,101,64,88,124
307112,KLTRS08NLZ,757689,26/10/2018,08:49,09:34,Red,Clear,1.029,4.8,Negative,Trace,Negative,Negative,Trace,Normal,Negative,90-91,17,1-4,Nil,Nil,Fat droplets or lipiduria,16.7,5.8,37.6,90.9,28,44,13.7,39.2,4051,53,32,3,6,0,8,4.42,0.68,0.18,0.02,127,9.1,16,0.11,12.6,4.1,0.33,0.23,0.29,199,20,128.7,33.7,168.5,129,10,6.44,0.16,0.7,0.3,0.4,105,12,11,40,8.2,4,4.2,0.95,0.6,19,8.873,14.79,142,5.1,115,4.6,109.94,130,192,322,40.37,6,125.5,0.8,15.8,100.4,15.74,9.4,4.5,60,27,2.82,91,141,191,96
383283,GYAHD07KLM,609305,22/10/2018,07:58,09:18,Pale Yellow,Clear,1.022,6.9,Negative,Trace,2+,Negative,Negative,Normal,Negative,9-11,1,1-3,Nil,Rare,NIL,8.3,4.5,44.8,81.9,18,18,11,43.6,8336,30,17,6,11,0.5,8.07,1.57,0.85,0.36,0.03,116,11.1,17,0.19,22.3,2.7,0.01,0.77,0.39,215,44,74.2,21,105,154,4.9,1.69,0.59,0.6,0.1,0.5,53,18,23,38,8.3,3.7,4.6,0.8,1.4,14.5,6.7715,4.84,131,2.6,81,7,62,155,346,501,30.94,6.1,128.37,0.3,16.3,76.3,21.36,10.8,3,218,11,0.18,78,151,71,106
411457,GYAHD08ODK,607584,23/10/2018,10:47,11:29,Pale Yellow,Clear,1.016,6.6,Trace,Negative,Negative,Negative,Negative,Normal,Negative,1-3,0,3-3,Rare,Nil,Parasites,18.1,5.5,36.2,91.5,32,50,12.8,49,6436,41,42,3,12,4.4,4.7,1.38,0.79,0.46,0.04,279,10.6,16,0.2,23.9,3.6,0.12,4.95,0.19,174,41,70.5,26.1,130.5,122,4.2,1.72,0.58,0.5,0,0.5,117,33,17,13,8.1,4,4.1,0.98,1.2,11.2,5.2304,4.36,138,4.1,109,3.6,107.27,88,227,315,27.94,5.9,122.63,0.7,16.9,114.5,14.76,8.8,3,179,7.9,8.23,79,72,142,175
694502,GYAHD06KAU,593513,26/10/2018,07:40,08:34,Light Yellow,Clear,1.01,5,Negative,Negative,Negative,Negative,Negative,Normal,Negative,4-6,1,1-3,Nil,Nil,Mucus threads,10,4.5,41,82.3,22,24,14.1,40.6,7937,43,35,1,2,0,1.53,1.88,0.51,0.11,0.01,138,6.2,10,0.31,29.8,4.8,0.34,4.85,0.39,159,42,58.4,32,160,72,3.8,1.39,0.72,0.3,0,0.3,74,18,40,39,7.4,4.3,3.1,1.39,0.8,16.2,7.5654,9.46,135,5.2,108,5.3,118.85,123,329,452,27.21,7.8,177.16,0.7,59,68.4,86.26,11.2,2.7,147,10.3,0.96,117,100,79,149
892081,KLTRS11KLP,682297,26/10/2018,11:51,12:42,Light Yellow,Clear,1.01,4.2,Trace,1+,Negative,Negative,Negative,Normal,Negative,74-79,2,1-2,Rare,Nil,NIL,9.2,5.4,29.8,40.4,17,30,12.7,44.1,4893,69,42,0,15,0,1.11,4.6,0.59,0.47,0.06,819,7.5,11,0.14,29.6,4.5,0.17,0.54,0.2,163,29,99.9,5.8,29,65,5.6,3.44,0.29,1,0.3,0.7,56,14,33,33,6.8,4.4,2.4,1.83,1,17.4,8.1258,8.13,136,4.8,108,3.7,103.84,144,144,288,50,6.1,128.37,0.1,64.1,147.5,43.46,9.2,2.2,102,10.8,2.53,132,80,70,160
963323,MZLGI10BRC,476921,25/10/2018,11:42,12:26,Light Yellow,Clear,1.015,4.6,Negative,Negative,Negative,Negative,Negative,Normal,Negative,8-9,0,1-3,Nil,Moderate,Parasites,9.5,4.4,50.5,87.1,21,18,14.5,40.4,3742,54,28,1,2,0,1.04,2.14,0.58,0.23,0.06,327,7.2,17,0.2,28.5,0.1,0.75,0.22,0.05,169,55,76.4,31.1,155.5,72,3.1,1.39,0.72,0.8,0.3,0.5,95,32,22,12,6.8,3.5,3.3,1.06,0.7,18.8,8.7796,12.54,145,3,98,6.6,99.02,69,320,389,17.74,6.3,134.11,0.2,15.5,108.6,14.27,8.4,4.5,240,8.7,3.78,113,88,265,144
413974,KLTRS15WBD,106558,26/10/2018,08:29,09:16,Pale Yellow,Clear,1.014,5.3,Trace,Trace,Negative,Negative,1+,Normal,Negative,9-11,2,13-13,Rare,Nil,Parasites,9.6,5.2,59.9,87.8,18,16,14,39.4,8931,60,31,1,7,0,5.69,3.94,1.49,0.43,0.08,1090,12,11,0.38,30.7,0.1,0.14,0.16,0.15,158,28,106.1,42.1,210.5,129,5.6,3.79,0.26,0.6,0.1,0.5,122,47,32,38,6,4.5,1.5,3,1.1,8.3,3.8761,3.52,135,4.1,92,2.1,36.9,159,228,387,41.09,5.3,105.41,19,24.9,467.7,5.32,7.8,3.8,68,10.3,2.18,88,77,152,113
145866,PBCHD12KLC,985047,25/10/2018,09:03,10:10,Straw,Slightly cloudy,1.013,6.7,Negative,Trace,Negative,Negative,Negative,Normal,Negative,10-12,2,1-3,Rare,Nil,Amorphous debris,19.8,4.1,26.3,41.9,48,75,13.9,40.3,7516,31,45,1,18,0,1.01,2.62,1.04,0.34,0.17,431,12.1,15,0.38,48.5,0.1,0.11,0.58,5.04,103,44,75.8,23.6,118,163,2.3,1.72,0.58,0.2,0,0.2,119,28,29,39,7.9,4.4,3.5,1.26,0.7,10.1,4.7167,6.74,144,3,98,3.9,117.36,144,115,259,55.6,8.5,197.25,1,15.8,76.6,20.63,10,4.5,108,5,9.45,137,100,71,123
494719,KLTRS02TSS,617022,24/10/2018,09:05,10:16,Straw,Hazy,1.013,6.5,1+,Trace,Trace,Negative,Negative,Normal,Negative,3-4,2,>20,Nil,Rare,Parasites,19.2,4.5,22.8,77.7,42,84,13.6,29.5,7089,71,40,5,7,1.7,1.05,1.48,0.77,0.3,0.01,399,8.9,14,0.27,24.8,0.8,3.23,0.35,0.15,760,58,81.2,27,135,170,13.1,1.4,0.71,0.7,0.2,0.5,117,13,23,21,8,4.6,3.4,1.35,1,19,8.873,8.87,93,3.8,101,2.6,77.18,142,134,276,51.45,6.3,134.11,0,23.7,48.9,48.47,11.6,2.1,88,8.7,0.12,117,95,73,90
306867,KLTRS13KLP,174870,24/10/2018,06:38,07:30,Straw,Slightly cloudy,1.014,5.1,Trace,Negative,Negative,Negative,Negative,Normal,Negative,13-14,1,3-3,Nil,Nil,NIL,17,5,46.6,92.2,34,36,12.7,42.6,5783,47,24,6,3,0,2.15,0.5,0.46,0.17,0.01,311,10.3,12,0.27,33.7,0.1,0.31,0.01,0.25,156,46,97.8,20.4,102,152,3.4,2.13,0.47,0.9,0.2,0.7,119,34,39,14,7.9,4,3.9,1.03,0.8,19.3,9.0131,11.27,109,4.8,96,2.6,114.77,130,180,310,41.94,5.8,119.76,4,14,123.7,11.32,9.7,5.4,108,7.2,7,81,83,88,138
753838,GYAHD02KAU,703433,22/10/2018,08:32,09:31,Yellow,Hazy,1.01,4.7,Negative,Negative,Negative,Negative,Negative,Normal,Negative,7-9,2,1-4,Nil,Nil,Mucus threads,16.8,5.8,39.4,87.8,28,42,11.4,40.5,5222,40,36,4,5,0,7.07,7.64,0.3,0.35,0.14,305,11.7,21,0.18,12.7,1.6,0.21,0.01,0.33,240,41,76.9,107.4,537,143,5.9,1.88,0.53,0.8,0.3,0.5,147,24,13,33,8.3,4.9,3.4,1.44,0.7,14.4,6.7248,9.61,142,4.9,95,2.1,107.14,143,293,436,32.8,8.5,197.25,3.1,13.6,104.5,13.01,9.9,3.7,178,17.2,1.42,92,86,80,149
135962,PBCHD10PBP,218971,26/10/2018,06:55,07:49,Pale Yellow,Cloudy,1.016,5.8,Negative,Negative,Negative,Negative,Negative,Normal,Negative,5-7,2,2-2,Nil,Nil,Yeast cells,15,7.8,44.1,73.8,19,34,14.2,42.9,8244,31,15,5,3,0,2.08,2.92,0.34,0.59,0.05,175,7,16,0.23,18.3,3.6,0.1,1.61,0.31,236,54,87.9,66.3,331.5,150,4.4,1.63,0.61,0.4,0,0.4,70,26,12,24,7.8,4.1,3.7,1.11,0.6,17.2,8.0324,13.39,140,2.7,109,3.8,90.22,152,157,309,49.19,7,154.2,0.5,25,252.3,9.91,9.1,5.4,146,14.8,2.57,148,117,125,190
880235,GYAHD05ODK,942673,22/10/2018,09:59,11:05,Pale Yellow,Clear,1.025,7,Negative,Trace,Negative,1+,Negative,Normal,Negative,7-8,1,2-3,Rare,Nil,Fat droplets or lipiduria,9.4,4.7,37.2,81.4,20,25,15.6,40.5,4272,70,53,4,0,0,8.01,1.44,0.99,0.3,0.02,379,6.9,11,0.46,19.5,4.5,0.07,0.34,0.66,177,50,125.4,33.2,166,134,3.5,2.51,0.4,0.6,0.1,0.5,56,26,23,43,8.3,4.8,3.5,1.37,1,17.9,8.3593,8.36,132,4.7,104,8.3,106.35,79,140,219,36.07,6.3,134.11,0.9,17.1,56.2,30.43,9.9,2.5,174,11.3,3.23,73,140,122,159
212578,KLTRS06ODB,289993,26/10/2018,08:59,09:45,Light Yellow,Clear,1.01,6,Negative,Trace,Negative,Negative,Negative,Normal,Negative,13-14,1,1-3,Nil,Nil,Fat droplets or lipiduria,14.1,5,32.9,77.8,28,42,12.1,40.9,5100,41,16,6,6,0,2.34,1.17,0.27,0.07,0.06,119,10.2,18,0.31,29.7,4.8,0.26,0.28,0.06,181,40,87.9,22.9,114.5,118,4.5,2.2,0.46,0.8,0.1,0.7,62,67,8,17,5.4,4.2,1.2,3.5,1,8.1,3.7827,3.78,146,3.6,105,4.2,98.51,162,197,359,45.13,8.7,202.99,0.4,27.4,105.7,25.92,11.1,2.6,104,8.2,1.88,149,103,176,141
369004,MZLGI07GJS,811546,22/10/2018,08:01,08:52,Orange,Clear,1.025,6.7,Negative,3+,Negative,Negative,Negative,Normal,Negative,9-11,2,2-2,Rare,Rare,NIL,17.4,4.1,36.3,92.5,42,47,14.1,42.2,7566,41,46,2,10,0,1.77,1.5,0.31,0.2,0.02,307,9.1,12,0.41,23.6,1,0.3,4.22,0.15,152,23,57.7,26,130,160,6.6,2.51,0.4,0.2,0,0.2,119,25,17,15,7.5,5,2.5,2,0.8,9.8,4.5766,5.72,148,4.5,112,3.1,104.18,113,230,343,32.94,6.5,139.85,0.2,21.3,148.9,14.3,9.6,3.5,91,10.6,3.5,99,113,121,121
733294,GYAHD11ODK,521273,24/10/2018,09:44,10:55,Straw,Hazy,1.019,6.8,Trace,Negative,Negative,Negative,Negative,Normal,Negative,1-2,1,7-8,Nil,Few,Artifacts,19.4,5.5,44.5,75.8,35,43,12.5,43.8,37516,72,38,6,8,0,21.89,0.67,0.85,0.68,0.02,230,11.2,13,0.38,22.6,0.1,0.15,0.88,0.88,207,50,108.9,16.6,83,80,4.1,2.18,0.46,0.8,0.3,0.5,121,22,12,30,6.9,4,2.9,1.38,1.1,14.9,6.9583,6.33,112,3.7,101,3.3,109.58,163,360,523,31.17,6.4,136.98,0.4,26.9,113.6,23.68,10.4,3,262,6.6,2.44,105,97,259,121
877155,KLTRS02KLP,344589,24/10/2018,09:51,11:01,Light Yellow,Clear,1.013,6.5,Trace,Negative,Negative,Negative,Negative,Normal,Negative,3-4,3,2-4,Nil,Nil,Amorphous debris,16.5,4,37.6,98.2,41,43,13.5,39.8,2958,51,23,4,5,0,2.19,1.41,0.92,0.32,0.08,115,16.4,11,0.33,47.8,5.2,0.2,2.24,0.25,122,37,84.7,26.2,131,80,3.3,2.29,0.44,0.8,0.3,0.5,84,26,26,42,6.6,4.8,1.8,2.67,1,8.6,4.0162,4.02,127,5.4,96,6.5,62.01,174,340,514,33.85,6.1,128.37,0,21.1,74.9,28.17,8.4,2.7,66,6,1.82,138,78,116,117
629104,PBCHD03PBM,597109,24/10/2018,08:13,09:00,Pale Yellow,Clear,1.021,4.6,Trace,Trace,Negative,Negative,Negative,Normal,Negative,14-15,2,3-2,Nil,Nil,Parasites,18.8,8.4,61.1,97.7,22,30,14.4,44.3,7861,55,40,3,3,6.8,7.74,2.54,0.7,0.25,0.05,267,8.4,13,0.36,20,4.1,0.2,0.02,0.25,235,27,81.8,7.4,37,101,8.7,3.03,0.33,0.7,0.2,0.5,79,32,12,12,6.2,3.9,2.3,1.7,1.4,15.6,7.2852,5.2,138,5.3,104,2.4,94.87,98,113,211,46.45,6.3,134.11,0.9,15.2,115.4,13.17,9,3.7,55,10.8,1.56,104,65,103,121
996245,PBCHD02KLC,169674,25/10/2018,10:57,12:18,Straw,Clear,1.017,6.3,Trace,Negative,Trace,Negative,Trace,Normal,Negative,2-4,1,3-2,Few,Nil,NIL,8,5.8,57.6,102.4,13,13,13.4,39.5,7091,38,21,2,2,11.7,10.2,2.89,0.59,0.45,0.1,388,7.7,17,0.52,42.4,2.4,6.35,0.02,0.05,154,40,81.4,65.4,327,162,3.9,2.04,0.49,0.3,0.1,0.2,64,47,34,44,7.6,5,2.6,1.92,1.1,5.4,2.5218,2.29,137,5.8,100,3.4,101.72,187,346,533,35.08,8.9,208.73,0.8,12.6,135.7,9.29,12.4,4,203,11.8,0.82,136,73,115,123
241880,GYAHD09KLM,486232,24/10/2018,07:27,08:01,Green,Clear,1.014,4.6,Negative,Negative,Negative,3+,Negative,Normal,Negative,1-3,2,2-4,Nil,Nil,NIL,16.7,5.8,31.9,94.7,28,52,13.1,44.3,8375,53,21,6,7,2.2,8.25,4.32,0.33,0.18,0.05,450,11.6,13,0.07,25.6,0.1,0.05,0.03,0.04,170,49,174.5,27.9,139.5,113,3.5,3.56,0.28,0.8,0.2,0.6,141,34,24,46,4.6,3.9,0.7,5.57,1,12.4,5.7908,5.79,140,4.5,111,7,60.69,115,131,246,46.75,6.5,139.85,0.9,23.6,130.7,18.06,8.7,4.5,115,10.2,2.66,137,124,77,175
363521,GYAHD07ODK,165957,22/10/2018,11:42,12:47,Light Yellow,Slightly cloudy,1.023,7,1+,Negative,Negative,Negative,Negative,Normal,Negative,3-4,0,1-4,Few,Few,NIL,15.9,6.1,40.8,87.3,26,38,12.4,43.3,9937,73,23,1,12,0,3.9,4.65,0.52,0.31,0.04,288,11.1,15,0.33,25.8,0.3,0.16,6.04,0.5,182,58,105,13.3,66.5,108,3.1,1.81,0.55,0.8,0.1,0.7,76,26,12,15,6.1,4.5,1.6,2.81,0.5,17.1,7.9857,15.97,139,4.2,114,6.6,92.65,88,351,439,20.05,6,125.5,20.2,26.7,81,32.96,9,4.2,164,10.1,2.92,83,79,250,80
974785,PBCHD10GAM,576723,22/10/2018,07:44,08:14,Dark Yellow,Slightly cloudy,1.019,4.7,Trace,Negative,Negative,3+,Negative,Normal,Negative,75-80,0,1-3,Nil,Nil,NIL,11.2,2.5,52.6,74.8,44,21,9.6,45.2,4616,52,15,1,11,0,7.96,2.96,0.65,0.22,0.03,255,9,11,0.33,13.9,1.6,0.12,0.14,0.23,127,35,77.3,16.9,84.5,164,3.6,2.21,0.45,0.7,0.1,0.6,104,55,35,48,6.4,4.4,2,2.2,0.6,5.7,2.6619,4.44,147,4.3,75,2.7,72.97,173,304,477,36.27,12.7,317.79,0.5,25.6,434.2,5.9,9.5,5,77,7.1,3.78,88,70,96,121
197321,PBCHD05NLM,116421,22/10/2018,06:07,07:24,Orange,Clear,1.015,5.6,Negative,3+,Negative,Negative,Negative,Normal,Negative,10-11,2,2-4,Nil,Rare,NIL,17.7,4,46.5,41,44,38,12.9,44.7,7619,42,23,2,2,0,4.04,2.99,0.24,0.55,0.17,214,7.4,25,0.35,28.5,1.6,0.09,0.34,0.28,202,50,99.2,12.9,64.5,63,4,1.98,0.5,0.7,0.3,0.4,70,24,20,27,8.3,4.2,4.1,1.02,1.1,9.5,4.4365,4.03,135,5.1,102,3.2,103.22,128,347,475,26.95,8.8,205.86,0.9,22.6,91.6,24.67,8.8,3.7,84,7.1,1.65,82,67,74,150
702720,GYAHD12KAU,845834,25/10/2018,09:29,10:48,Straw,Clear,1.027,4.8,Negative,Trace,Negative,Negative,Negative,Normal,Negative,TNTC,2,2-2,Nil,Nil,NIL,16.5,4.3,23.7,91.6,38,69,16.1,43.8,10309,45,30,4,7,0,0.58,2.41,0.56,0.13,0.01,405,11,14,0.22,19.8,4.3,0.02,0.28,0.07,135,54,66.3,38.5,192.5,87,2.5,1.23,0.81,0.9,0.2,0.7,115,46,26,14,6.8,4.7,2.1,2.24,2,23.4,10.9278,5.46,131,1.7,96,3.3,116.42,171,268,439,38.95,6,125.5,0.9,20.3,162.8,12.47,9.5,3.6,113,7.1,0.17,137,119,200,185
338604,KLTRS03MLT,697420,26/10/2018,08:53,10:08,Yellow,Slightly cloudy,1.011,6.7,3+,Trace,Negative,Negative,Negative,Normal,Negative,3-5,0,2-4,Nil,Nil,NIL,20.1,5.9,44.6,123.8,34,45,13.7,47.7,7386,73,39,2,2,0,7.29,1.95,0.28,0.63,0.08,227,14.4,11,0.32,32.7,3.4,0.85,0.34,0.02,110,70,88.5,65.7,328.5,148,1.6,1.26,0.79,0.7,0.2,0.5,96,44,13,37,7.9,4.7,3.2,1.47,0.6,19.1,8.9197,14.87,138,5.4,108,4.9,74.23,126,225,351,35.9,5.7,116.89,0.6,16.3,156.6,10.41,9.9,2.2,124,16.3,0.75,117,75,92,198
685525,PBCHD02PBP,312556,22/10/2018,09:18,09:51,Pale Yellow,Hazy,1.018,6.3,Negative,Negative,Negative,Negative,Negative,Normal,Negative,11-13,2,3-2,Nil,Nil,Fungal elements,5.9,4.4,52.7,95,13,11,14.4,45.7,4405,69,27,5,4,0,18.54,2.65,0.3,0.08,0.05,217,7,15,0.18,40.7,3.7,0.29,0.05,0.16,161,55,72.2,83.3,416.5,105,2.9,1.31,0.76,0.6,0,0.6,129,22,20,24,7.1,4.7,2.4,1.96,1,11.2,5.2304,5.23,144,1.6,105,5.7,103.8,141,193,334,42.22,5.8,119.76,0.3,10.3,89,11.57,9.8,4.6,107,16.4,0.53,98,95,64,77
433592,GYAHD14ODK,968452,23/10/2018,07:30,08:12,Dark Yellow,Slightly cloudy,1.023,6.8,Negative,Trace,Trace,Negative,Negative,Normal,Negative,4-5,0,1-4,Nil,Nil,Amorphous debris,16.7,5.1,34.6,87.7,32,48,14.2,43.5,19535,49,13,4,4,0,6.69,2.51,0.27,0.87,0,299,7.6,14,0.24,34.2,0.1,0.28,3.81,2.32,229,21,99,34,170,82,10.9,4.71,0.21,0.9,0.2,0.7,83,37,24,97,7.3,3.6,3.7,0.97,0.7,8,3.736,5.34,138,4.1,104,1.6,113.53,88,248,336,26.19,6.6,142.72,0.1,15.7,103.1,15.23,11.4,4.5,97,11.8,2.3,108,99,115,198
399651,MZLGI11BRC,109283,25/10/2018,07:09,08:34,Light Yellow,Clear,1.023,6.8,Negative,Trace,Negative,Negative,Negative,Normal,Negative,10-12,1,3-2,Nil,Nil,NIL,9.9,5.9,37.9,49.7,16,26,13.3,45.4,49359,47,17,6,3,0,0.64,3,0.38,0.76,0.09,110,8.8,14,0.33,33.8,0.3,0.28,5.73,0.02,183,44,56.2,33,165,198,4.2,1.28,0.78,0.9,0.3,0.6,97,9,26,13,7.1,4.8,2.3,2.09,1.2,5.2,2.4284,2.02,146,4.1,102,5.7,101.19,119,334,453,26.27,7.3,162.81,0.6,94.4,78.2,120.72,9.1,4,123,10.6,1.25,94,71,100,118
689966,KLTRS15WBD,965685,25/10/2018,09:11,09:44,Light Yellow,Slightly cloudy,1.012,4.9,Negative,Trace,Negative,Negative,Negative,Normal,Negative,13-14,0,3-2,Nil,Nil,NIL,12.6,5.3,54,85,23,23,13.1,41.1,2511,45,27,5,5,0,19.59,1.47,0.22,0.27,0.08,539,8.9,14,0.12,26.1,3.4,0.14,0.37,0.11,221,46,80.6,27.5,137.5,67,4.8,1.75,0.57,0.7,0.1,0.6,65,49,19,15,8.3,4,4.3,0.93,0.9,12,5.604,6.23,135,3,107,3.8,116.52,242,268,510,47.45,6.4,136.98,0.6,258.6,385,67.17,10.4,5.1,212,6.1,1.52,144,95,97,77
653774,GYAHD15KLM,729230,23/10/2018,09:29,10:07,Yellow,Clear,1.014,5.8,Negative,Trace,Negative,Negative,Negative,Normal,Negative,63-64,2,3-2,Nil,Nil,Amorphous debris,15.3,4.4,50.2,66.6,34,30,12.6,43,4156,42,39,1,3,0,2.98,0.7,0.96,0.17,0.08,293,7.4,12,0.31,22,4.1,0.14,0.32,0.56,214,21,39.7,23.9,119.5,117,10.2,1.89,0.53,0.5,0.2,0.3,76,23,30,39,6.6,3.5,3.1,1.13,0.8,14,6.538,8.17,95,4.9,101,7,94.97,92,351,443,20.77,5.8,119.76,0.3,15.5,63,24.6,10.1,3.9,255,10.7,1.1,71,61,118,108
322857,GYAHD04KAU,608804,26/10/2018,10:58,12:11,Light Yellow,Slightly cloudy,1.017,6.5,Negative,2+,Negative,Negative,Negative,Normal,Negative,39-43,0,1-4,Rare,Nil,NIL,12,5.2,47.6,93.2,23,25,14.5,45.3,9884,72,19,10,4,0,1.49,2.56,0.29,0.38,0.02,401,11.1,16,0.22,12.8,5.1,0.31,0.39,0.39,151,41,97.9,23.3,116.5,78,3.7,2.39,0.42,18,13.5,4.5,287,6,15,42,7.2,4.8,2.4,2,1,18.8,8.7796,8.78,138,3.8,106,5.4,96.88,133,245,378,35.19,8.8,205.86,0.3,16.4,79.5,20.63,10.4,2.6,193,19.1,2.26,119,112,108,172
308510,MZLGI02BRC,940075,24/10/2018,09:13,09:53,Pale Yellow,Hazy,1.011,6.8,Trace,Negative,Negative,Negative,Negative,Normal,Negative,54-57,0,7-16,Few,Nil,NIL,11.8,6.6,33.2,72.3,17,35,13.1,43.5,10860,51,43,9,9,0,4.23,1.95,0.58,0.28,0.14,233,8.9,15,0.41,12.8,3.4,0.13,0.16,2.87,162,37,134.2,31.5,157.5,146,4.4,3.63,0.28,0.7,0.3,0.4,58,45,25,25,6.4,4.6,1.8,2.56,0.9,38.1,17.7927,19.77,120,3.3,95,6.9,65.43,142,347,489,29.04,5.9,122.63,0.4,27.7,82.1,33.74,9.4,4,248,10.5,1.91,165,75,141,87
177419,GYAHD04JHJ,863373,22/10/2018,06:48,07:21,Pink,Opaque,1.015,6.4,Trace,Trace,Negative,Negative,Negative,Normal,Negative,45-49,0,12-9,Rare,Nil,Fat droplets or lipiduria,6.7,2.2,43.5,83.9,30,15,13.5,44.3,7851,73,32,23,3,8.2,13.74,1.48,0.31,0.42,0.05,426,11.4,11,0.11,21.1,0.1,0.3,0.37,0,174,29,83.7,18.9,94.5,148,6,2.89,0.35,0.6,0.2,0.4,64,12,38,44,6.9,4.9,2,2.45,0.8,8.4,3.9228,4.9,144,4.8,97,2.3,118.76,95,162,257,36.96,6.5,139.85,0.3,20.6,82,25.12,8.8,3.7,113,20.5,9.55,73,89,89,138
564791,PBCHD12HPP,850218,25/10/2018,06:47,07:47,Light Yellow,Hazy,1.017,6.3,Negative,3+,1+,Negative,Negative,Normal,Negative,12-13,2,2-4,Nil,Rare,Fungal elements,14.5,5.5,44.1,96.1,26,32,13.3,43,6569,51,33,6,14,0,1.71,1.83,0.93,0.1,0.02,211,9.2,14,0.19,19.8,0.7,0.05,0.16,0.71,175,35,135.9,33.5,167.5,108,5,3.88,0.26,0.5,0,0.5,105,89,35,34,6,3.9,2.1,1.86,0.9,14.2,6.6314,7.37,135,4.1,91,2.9,108.97,164,181,345,47.54,5.9,122.63,0.4,22.5,105.4,21.35,9.7,5.5,68,7.7,1.3,77,93,87,90
645814,KLTRS06TSS,688588,24/10/2018,09:04,10:08,Pale Yellow,Slightly cloudy,1.027,6.7,Negative,Trace,Negative,Negative,Negative,Normal,Negative,TNTC,0,1-2,Rare,Nil,NIL,15.1,5.4,14.8,95.3,27,102,12.9,42,34535,49,20,5,6,0,4.3,1.02,0.27,0.37,0,333,17.5,11,0.35,14.6,4.9,5.24,0.65,0.98,100,24,77.3,26.2,131,204,4.2,3.22,0.31,1,0.3,0.7,45,55,39,11,7.3,5.1,2.2,2.32,1,15.5,7.2385,7.24,139,4.6,115,6.8,63.88,126,186,312,40.38,6.2,131.24,0,22.9,128.5,17.82,7.6,3.1,137,11.6,6.49,96,188,77,73
543271,KLTRS11TSS,409543,26/10/2018,09:55,10:25,Pale Yellow,Hazy,1.013,4.9,Trace,Negative,Negative,Negative,Negative,Normal,Negative,3-5,0,3-4,Few,Moderate,NIL,9.6,5,37.7,79.8,19,25,11.5,44.3,8498,39,17,6,7,0,19.82,2.26,0.48,0.63,0.04,429,8.5,15,0.56,13.4,7.4,0.89,0.03,0.19,192,64,145.6,36.7,183.5,110,3,2.28,0.44,0.8,0.1,0.7,90,14,35,15,7.5,4.6,2.9,1.59,1.2,16.9,7.8923,6.58,148,3.7,99,5,102.98,93,343,436,21.33,7.1,157.07,0.2,17.2,84,20.48,9.2,5.2,152,5.2,2.84,79,65,107,194
336738,GYAHD05KAU,148857,22/10/2018,11:48,12:30,Pale Yellow,Clear,1.022,5.1,Negative,Negative,Negative,Negative,Negative,Normal,Negative,3-4,10,1-2,Nil,Nil,NIL,9,5.3,11.7,92.2,16,76,14.4,40.8,30901,43,40,2,6,0,15.76,1.34,0.09,0.67,0.08,275,10.8,16,0.38,14.6,6.6,0.27,3.11,0.33,744,49,91.9,13.4,67,158,15.2,1.88,0.53,0.7,0.3,0.4,84,14,20,10,8.3,4.6,3.7,1.24,0.7,7.2,3.3624,4.8,139,4.9,101,3.8,106.65,109,306,415,26.27,6,125.5,0.9,724,105,689.52,9.9,5.8,266,10.6,0.96,118,123,164,162
961299,GYAHD06KLM,302831,25/10/2018,07:34,08:15,Red,Clear,1.027,6.4,Trace,Negative,Negative,Negative,Negative,Normal,Negative,2-3,0,2-2,Rare,Nil,NIL,16.6,4.5,28.4,99.9,36,58,11,45.3,5541,27,19,3,3,0,8.73,2.45,0.32,0.32,0.02,181,14.3,10,0.37,16,2.6,0.09,0.92,0.39,234,49,100.9,8.7,43.5,139,4.8,2.06,0.49,1.7,0.8,0.9,191,47,25,38,7.1,4.5,2.6,1.73,0.8,7.1,3.3157,4.14,143,4.3,100,5.6,103.9,198,319,517,38.3,6.3,134.11,0.7,12,133,9.02,9.5,2.2,66,14.2,1.55,94,106,96,160
966545,KLTRS10NLZ,251126,26/10/2018,09:43,10:39,Light Yellow,Clear,1.013,5.8,2+,Negative,Negative,Negative,Negative,Normal,Negative,2-4,5,1-4,Nil,Moderate,NIL,13.5,4.1,47.4,70.6,32,28,12.4,47.2,8413,54,37,6,2,0,3.74,2.58,0.63,0.55,0.01,357,10.6,10,0.33,28.4,2.4,0.31,0.22,0.87,223,41,80,64.8,324,84,5.4,1.95,0.51,0.8,0.3,0.5,47,10,13,30,7,4.1,2.9,1.41,0.6,15,7.005,11.68,121,4.4,95,2.3,119.8,166,136,302,54.97,6.3,134.11,0.1,169,148.1,114.11,8.8,3.8,191,7.4,7.19,102,80,109,171
103747,PBCHD08HPP,712666,23/10/2018,10:39,12:06,Light Yellow,Clear,1.013,4.9,Negative,Trace,Negative,Negative,Negative,Normal,Negative,12-14,2,1-4,Nil,Nil,Artifacts,9.3,6.1,29.4,65.1,15,31,16.3,45.3,7368,56,24,3,5,9.4,1.77,2.84,0.71,0.37,0.09,429,8.9,22,0.34,33.2,6.4,0.29,4.38,0.3,203,53,123.1,77.9,389.5,107,3.8,2.32,0.43,0.7,0.3,0.4,74,37,28,39,6.5,4.6,1.9,2.42,1,9.2,4.2964,4.3,144,3.6,102,5.7,106.37,150,348,498,30.12,8.5,197.25,0.9,22.5,21.6,104.17,10.2,3.9,281,11.7,4,279,80,145,107
386544,MZLGI03RJK,131557,26/10/2018,09:08,10:30,Straw,Hazy,1.018,5.2,Negative,Trace,Negative,Negative,Negative,Normal,Negative,9-10,2,2-4,Nil,Nil,NIL,20.6,4.6,51.1,89,44,40,14.2,40.4,8217,32,16,4,2,0,5.14,2.95,0.01,0.05,0.09,1014,8.5,14,0.22,38.1,4.5,0.03,3.17,0.08,229,80,87.8,15.6,78,103,2.9,1.1,0.91,0.8,0.2,0.6,102,25,32,11,6.7,5,1.7,2.94,1,17.7,8.2659,8.27,127,3.6,114,5,28.51,161,108,269,59.85,6.1,128.37,0.2,27.1,95.4,28.41,8.9,4.7,127,5.3,0.86,94,93,78,125
974441,PBCHD12CGD,976406,25/10/2018,11:34,12:33,Yellow,Hazy,1.029,5.9,Negative,Trace,Negative,Negative,Negative,Normal,Negative,10-11,1,1-4,Nil,Nil,Mucus threads,14.9,6,61.5,91.9,24,24,13.9,43.6,5597,25,38,2,7,0,4.05,0.34,1.02,0.36,0.01,212,7.6,12,0.23,17,3.3,0.85,4.03,1.99,189,47,32.6,63.9,319.5,156,4,0.69,1.44,0.9,0.2,0.7,44,43,28,37,6,4.6,1.4,3.29,0.8,23.8,11.1146,13.89,141,3.7,100,2.9,74.42,124,144,268,46.27,5.3,105.41,0,13.4,68.5,19.56,11.5,2.7,155,2.2,0.87,113,76,193,108
372561,KLTRS05ODB,209146,26/10/2018,06:17,07:00,Dark Yellow,Clear,1.038,4.8,Negative,Trace,Negative,Negative,Negative,Normal,Negative,1-2,1,9-12,Few,Nil,Fungal elements,21.7,6.8,35.7,91.4,31,60,11.9,43.6,5230,55,47,6,3,0,5.27,0.62,0.49,0.46,0.08,18,11.6,11,0.3,23,0.8,1.99,0.04,0.16,174,41,53,31.3,156.5,169,4.2,1.29,0.77,0.3,0.1,0.2,108,16,37,23,6.4,3.9,2.5,1.56,1.1,36,16.812,15.28,147,3.4,98,2.2,100.38,143,303,446,32.06,6,125.5,3.2,15.1,45.6,33.11,7.7,3.1,117,4.3,3.83,87,83,116,193
240667,MZLGI12RJK,214595,23/10/2018,08:57,09:57,Orange,Opaque,1.017,5.1,Trace,1+,Negative,Negative,Negative,Normal,Negative,13-15,1,2-4,Rare,Nil,NIL,17.5,4.3,45.8,78.1,40,38,12,43.9,6781,43,40,3,7,0,0.75,2.92,0.65,0.33,0.19,343,8.9,16,0.22,23.6,0.1,0.29,0.2,0.39,222,21,87.7,25.1,125.5,165,10.6,4.18,0.24,0.7,0.3,0.4,70,43,18,71,8.1,4.9,3.2,1.53,0.6,16.4,7.6588,12.76,141,3.6,94,3.9,117.63,111,162,273,40.66,5.6,114.02,0.7,840.7,196.1,428.71,11.1,3,150,5.7,1.65,79,97,74,131
245629,GYAHD10JHJ,966252,26/10/2018,11:01,12:01,Yellow,Clear,1.025,5.4,1+,Negative,Negative,Negative,Negative,Normal,Negative,1-3,30,7-20,Nil,Nil,NIL,10.9,6.8,31.6,71.3,16,34,14.6,42.6,10057,50,43,1,8,0,7.32,0.02,0.26,0.25,0.08,307,11,5,0.31,15.3,3.9,0.02,0.09,5.28,164,53,26.9,49.3,246.5,124,3.1,0.51,1.97,0.7,0,0.7,95,48,27,25,7.3,3.6,3.7,0.97,1.1,16.6,7.7522,7.05,142,3.8,105,6.1,116.85,118,123,241,48.96,6.1,128.37,0.2,18.9,77.9,24.26,10.1,6.8,147,4.9,2.93,70,123,101,94
539854,GYAHD06KAU,386691,23/10/2018,08:03,08:47,Light Yellow,Slightly cloudy,1.016,5.1,Negative,Negative,Negative,Negative,Negative,Normal,Negative,8-10,1,1-4,Nil,Nil,Fat droplets or lipiduria,2,7,64.8,91.7,2,3,12.1,46.4,7969,52,22,4,3,0.4,6.61,2.62,0.31,0.44,0.08,398,7.4,14,0.29,49.8,0.8,0,0.19,0.05,157,53,61.5,6.8,34,160,3,1.16,0.86,1.1,0.1,1,82,15,19,12,7.1,4.5,2.6,1.73,1.2,17.3,8.0791,6.73,144,4.4,97,5.2,95.93,88,325,413,21.31,9.4,223.08,0.9,11,111,9.91,10.2,2.2,70,9.2,2.96,74,98,103,63
245948,PBCHD13NLM,114188,22/10/2018,11:06,12:13,Pale Yellow,Clear,1.011,6.6,2+,Trace,Negative,Negative,Negative,Normal,Negative,2-3,0,1-3,Nil,Rare,Yeast cells,10.1,5.1,49.9,95.5,19,20,12.2,43.6,9039,48,47,1,6,0,4.61,2.28,0.92,0.35,0.16,431,11.5,12,0.38,25.2,0.4,0.15,0.83,0.24,192,36,92.4,19.9,99.5,133,5.3,2.57,0.39,1.9,0.9,1,93,32,28,70,6.8,4.2,2.6,1.62,0.8,8.9,4.1563,5.2,144,3.6,108,3,102.79,106,121,227,46.7,12.1,300.57,0.2,16.8,24.5,68.57,11.4,3,91,5.9,2.3,80,109,166,137
394152,PBCHD07RJU,260927,22/10/2018,10:45,11:40,Light Yellow,Clear,1.014,8.3,2+,Trace,Negative,Negative,Negative,Normal,Negative,7-9,20,3-2,Few,Nil,NIL,12.9,6.6,41,72.7,19,31,12.8,44.9,6764,40,39,1,7,0,6,0.14,0.68,0.07,0.02,214,10.1,11,0.29,35.1,2.2,0.06,0.22,0.28,186,47,162.7,99.8,499,100,4,3.46,0.29,0.3,0,0.3,315,18,25,62,7.1,3.9,3.2,1.22,0.6,7.3,3.4091,5.68,116,3.9,106,4.5,109.39,96,208,304,31.58,6.1,128.37,0.3,13.6,125.2,10.86,8.2,3.5,134,11.7,11.79,92,94,87,114
555353,GYAHD07JHJ,304832,23/10/2018,11:42,12:13,Green,Clear,1.019,5,1+,Negative,Negative,3+,Negative,Normal,Negative,14-15,2,1-4,Nil,Nil,Yeast cells,16.9,4.5,36.6,81.6,37,46,14.5,45.8,6329,40,37,6,2,0,1.17,0.88,0.49,0.42,0.07,344,11,12,0.31,31.1,2.7,1.2,1,0.36,163,79,21.5,41.4,207,82,2.1,0.27,3.67,0.6,0,0.6,124,28,33,43,6.2,3.8,2.4,1.58,0.9,9.5,4.4365,4.93,136,2.3,101,3.5,30.34,73,177,250,29.2,5.7,116.89,0.8,25,141.6,17.66,10.3,5.7,189,4.3,11.58,74,185,171,132
322927,GYAHD03ODK,669930,25/10/2018,11:11,11:43,Light Yellow,Clear,1.017,5.3,Trace,Negative,Negative,Negative,Negative,Normal,Negative,13-15,2,2-3,Nil,Few,NIL,1.8,6.3,45.5,95.6,2,3,13.1,42.2,8810,56,25,3,7,0,0.89,2.32,0.51,0.42,0.04,795,11,14,0.28,30.3,0.4,0.26,4.85,0.29,112,42,60.7,6.9,34.5,74,2.7,1.45,0.69,0.2,0,0.2,41,29,26,21,7.4,3.7,3.7,1,1,16.4,7.6588,7.66,148,3.6,112,2.1,115.2,151,345,496,30.44,6,125.5,0.8,562.7,76.5,735.56,10.5,3.7,92,8.1,3.31,73,108,85,391
629649,MZLGI01BRC,996349,22/10/2018,06:54,07:48,Light Yellow,Clear,1.015,6.9,Negative,Negative,Negative,Negative,Negative,Normal,Negative,13-15,18,3-2,Nil,Nil,NIL,12.7,6.5,15.6,70,19,81,14.1,44.2,5342,46,26,5,16,0,4.97,1.44,0.68,0.64,0.07,262,8.6,12,0.31,21.5,0.8,0.06,0.2,0.89,187,59,81,23.4,117,127,3.2,1.37,0.73,0.2,0,0.2,71,12,16,23,7.6,4.6,3,1.53,0.8,9.9,4.6233,5.78,142,2.6,114,4.7,117.21,65,298,363,17.91,5.4,108.28,0.5,182,85.3,213.36,10.2,2.7,59,4.4,2.18,104,102,125,256
598504,PBCHD15KLC,743924,23/10/2018,09:10,09:47,Straw,Clear,1.014,5.2,Negative,Negative,Negative,Negative,Negative,Normal,Positive,85-86,1,>20,Nil,Nil,NIL,9,5.8,32.2,93.9,15,27,12.1,43.1,4917,44,23,2,5,0,7.78,1.98,0.24,0.29,0.06,35,10.7,17,0.13,35.9,0.4,0,0.25,0.38,234,46,88.5,103.4,517,117,5.1,1.92,0.52,0.7,0.2,0.5,67,9,36,35,6.9,4.6,2.3,2,0.6,13.9,6.4913,10.82,120,4.1,102,2.8,101.7,71,133,204,34.8,6.4,136.98,0.2,17.6,141,12.48,10.3,3.9,191,16.8,3.13,150,68,87,257
925420,GYAHD01KLM,227238,24/10/2018,11:55,12:42,Light Yellow,Slightly cloudy,1.029,5.4,Negative,Trace,Negative,Negative,Negative,Normal,Negative,13-14,0,2-3,Nil,Nil,NIL,15.8,5.7,24.5,46.8,27,64,12.9,43.2,9547,55,49,6,5,0,8.04,2.29,0.68,0.07,0.11,152,10.6,14,0.33,33.2,3.7,0.22,0.15,0.31,175,20,78.7,5.8,29,195,8.8,3.94,0.25,0.6,0.2,0.4,97,32,36,64,6.1,4.1,2,2.05,0.6,18.1,8.4527,14.09,132,2.8,96,4.1,113.95,167,191,358,46.65,8.3,191.51,0,15.4,166.6,9.24,9.6,3.5,78,7.7,7.85,116,90,68,178
207854,GYAHD14JHJ,809700,25/10/2018,08:21,09:04,Orange,Slightly cloudy,1.021,5.6,Negative,1+,Negative,Negative,Negative,Normal,Negative,11-12,1,1-2,Nil,Nil,NIL,17.5,4.9,26.9,66.5,35,65,13.7,43.5,7600,41,28,1,3,0,1.48,1.68,0.24,0.02,0.19,57,9.1,16,0.28,31.3,2.3,0.32,0.33,0.16,221,20,138.6,28,140,220,11.1,6.93,0.14,0.8,0.1,0.7,73,16,32,12,7.3,4.9,2.4,2.04,1,30.9,14.4303,14.43,134,3.7,104,6.8,97.19,207,332,539,38.4,6,125.5,0.8,18.3,133.2,13.74,8.5,4.4,163,3.4,6.86,98,86,120,74
343547,KLTRS06ODB,152020,23/10/2018,11:45,12:55,Straw,Clear,1.011,6.7,Trace,Negative,Negative,Negative,Trace,Normal,Negative,TNTC,0,2-2,Nil,Nil,NIL,18,4.1,21.8,80,43,82,11.9,41.6,6218,26,23,3,11,0,4.45,1.38,0.19,0.24,0,285,10.2,14,0.19,13.2,4.9,0.16,0.27,0.07,194,58,44.7,22.2,111,186,3.3,0.77,1.3,0.5,0.1,0.4,48,29,24,38,8,3.9,4.1,0.95,1.2,19,8.873,7.39,125,5.7,96,4.4,112.92,115,136,251,45.82,6.1,128.37,0.8,24.8,136.6,18.16,9.8,3.2,122,9.1,3.37,96,161,242,168
825120,MZLGI08APK,549794,24/10/2018,07:26,08:10,Pale Yellow,Hazy,1.026,6.2,Trace,Negative,Negative,Negative,Negative,Normal,Negative,63-66,1,2-2,Nil,Nil,Mucus threads,19.4,4.7,30.2,84.1,41,64,13.2,39.7,10607,49,26,8,18,4.5,0.83,2.41,0.24,0.2,0.04,229,11.8,14,0.28,48.1,0.1,0.36,1,0.21,184,43,140.8,31.6,158,130,4.3,3.27,0.31,1,0.3,0.7,65,49,23,7,6.3,3.5,2.8,1.25,0.8,15.6,7.2852,9.11,145,3.2,106,4.8,118.05,80,239,319,25.08,11.4,280.48,0.6,28.2,148.7,18.96,10.4,3.5,89,4.7,8.88,79,64,126,133
154220,MZLGI10RJK,305520,24/10/2018,10:04,10:54,Straw,Clear,1.029,5,Negative,Negative,Negative,Negative,Negative,Normal,Negative,4-6,3,1-4,Nil,Nil,NIL,13.6,5.8,42,88.6,23,32,13.7,44.5,9191,56,40,1,8,0,1.37,1.18,0.21,0.23,0.04,446,10.1,11,0.29,18.3,3.7,0.21,0.15,0,160,49,68.8,34,170,77,3.3,1.4,0.71,0.9,0.3,0.6,107,33,29,41,7.9,5,2.9,1.72,0.7,8.3,3.8761,5.54,141,2.7,100,2.1,70.55,161,324,485,33.2,6.4,136.98,0.8,82.9,93.3,88.85,10.2,3.2,176,9.7,3.91,98,94,232,114
546348,MZLGI10GJS,486842,24/10/2018,09:44,11:02,Yellow,Slightly cloudy,1.018,4.7,2+,Trace,Negative,Negative,Trace,Normal,Negative,8-10,1,12-17,Rare,Nil,NIL,8.4,5.5,14.4,89.2,15,58,13.2,45.8,9314,53,15,3,2,0,20.24,1.28,0.51,0.68,0.42,444,11.7,12,0.3,42.4,6.2,5.41,0.25,0.95,137,78,81.9,20.5,102.5,62,1.8,1.05,0.95,0.7,0.3,0.4,61,128,22,13,6.7,4.4,2.3,1.91,0.9,8.1,3.7827,4.2,131,2.5,115,3.6,118.6,122,347,469,26.01,7.7,174.29,0.2,11.8,118.4,9.97,9.4,4.6,123,12.4,2.24,93,90,112,100
981058,MZLGI15GJS,307300,24/10/2018,06:06,06:40,Yellow,Hazy,1.016,5.8,Negative,Negative,Negative,Negative,Negative,Normal,Negative,1-3,4,3-4,Nil,Nil,Fungal elements,9.6,5,44.7,121.2,19,21,16.5,39.7,8712,39,33,6,2,0,1.87,2.55,0.45,0.25,0.05,339,16.2,17,0.24,24.7,4.7,0.25,0.37,0.11,175,31,81.1,54.9,274.5,130,5.6,2.62,0.38,0.4,0,0.4,107,33,36,26,6,4.8,1.2,4,2.2,17.6,8.2192,3.74,135,4.9,108,4.8,116.51,21,300,321,6.54,7.4,165.68,0.7,13.1,120.2,10.9,10.3,5.6,83,4.6,1.4,87,65,120,198
828855,MZLGI07GJS,773755,26/10/2018,08:20,08:56,Light Yellow,Clear,1.012,5.3,Negative,Trace,Negative,Negative,Negative,Normal,Negative,9-11,1,13-17,Nil,Nil,NIL,15.7,4.9,51.7,46.2,32,30,14.3,45.8,4783,79,28,2,4,0,2.03,3.39,0.36,0.34,0.12,126,8.3,11,0.21,32.2,0.1,5.58,2.31,0.06,180,41,53.7,33.3,166.5,154,4.4,1.31,0.76,0.8,0.2,0.6,120,16,35,32,7.6,3.5,4.1,0.85,1.2,27.4,12.7958,10.66,135,4.5,95,2.3,57.47,125,340,465,26.88,6.2,131.24,0.9,11.7,73.6,15.9,9.1,1.7,125,7.9,3.68,112,194,93,287
930327,PBCHD15KLC,195276,23/10/2018,06:59,07:40,Orange,Clear,1.013,5.1,Negative,Trace,Negative,Negative,Trace,Normal,Negative,4-5,1,2-4,Nil,Nil,NIL,3,4.5,53.8,93.5,6,5,13.9,42.3,4129,67,28,6,15,0,7.51,3.04,0.27,0.16,0.02,1112,10.4,13,0.21,30.8,1.1,0.67,0.35,0.39,150,23,114.7,37.8,189,93,6.5,4.99,0.2,0.8,0.3,0.5,84,24,40,37,8.3,4.2,4.1,1.02,0.6,12.9,6.0243,10.04,129,3.6,108,9.4,91.89,100,241,341,29.33,6.1,128.37,0.6,18.1,78,23.21,10.3,4.3,241,7.5,0.75,125,61,104,138
126796,KLTRS15KLP,919042,24/10/2018,09:41,10:52,Pale Yellow,Clear,1.019,6.3,Negative,Negative,Negative,Negative,Negative,Normal,Negative,TNTC,0,2-2,Nil,Rare,NIL,10.1,5.1,29.3,96.2,19,34,12.2,36.6,6652,57,38,1,15,0,9.94,2.96,0.12,0.02,0.08,225,8.6,17,0.2,15.3,2.7,0.04,0.13,0.52,219,67,70.9,37.5,187.5,147,3.3,1.06,0.94,0.3,0.1,0.2,113,12,39,24,7.2,4,3.2,1.25,1.2,11,5.137,4.28,129,3.8,107,3.1,90.85,186,120,306,60.78,6.1,128.37,0.5,26.5,119.5,22.18,10.8,5.7,175,4.9,7.07,117,68,99,106
889258,GYAHD09KLM,343643,23/10/2018,09:37,11:05,Yellow,Hazy,1.011,5.2,Negative,Negative,Negative,Negative,Negative,Normal,Negative,10-11,2,3-2,Nil,Nil,NIL,8.3,5.6,42.3,65.3,14,19,12.2,45.5,2166,40,16,2,8,0,8.43,0.72,0.36,0.67,0.07,363,8.8,15,0.27,23.7,0.1,0.86,0.17,0.24,179,66,42.3,64.6,323,116,2.7,0.64,1.56,1.7,0.8,0.9,113,17,13,39,7.7,4.7,3,1.57,1.2,17,7.939,6.62,146,3.6,107,2.6,110.18,157,106,263,59.7,6.9,151.33,0.8,12.3,161.6,7.61,10.3,4.6,164,5.1,1.97,124,60,89,187
246371,MZLGI09RJK,111066,22/10/2018,09:16,09:51,Straw,Clear,1.016,6.5,Trace,Negative,Negative,Negative,Negative,Normal,Negative,7-9,1,11-15,Nil,Nil,NIL,15.3,5.7,39.3,83,26,38,11.9,41.2,7965,45,44,1,9,3.9,5.92,0.96,0.44,0.27,0.19,238,8.7,14,0.24,48.6,3.4,0.38,0.05,6.81,180,55,98,9.8,49,180,3.3,1.78,0.56,2.1,1,1.1,70,41,17,18,7.9,3.6,4.3,0.84,0.9,9.2,4.2964,4.77,135,3.5,96,4.9,107.53,161,356,517,31.14,5.9,122.63,0.9,20.7,63.9,32.39,9,4.3,82,4.2,1.97,113,74,77,199
690003,KLTRS01KLP,899836,23/10/2018,10:57,12:17,Deep Amber,Hazy,1.016,6.2,Trace,1+,Negative,Negative,Negative,Normal,Negative,7-8,0,3-2,Rare,Nil,NIL,14.8,5.9,40.5,92.2,25,36,12.1,45.8,10278,30,15,6,6,0,7.74,2.83,0.65,0.18,0.06,303,8.4,22,0.74,29.2,4.6,3.46,0.01,0.99,981,30,119.9,59.6,298,127,32.7,4,0.25,0.7,0.3,0.4,59,21,19,32,8.3,4.6,3.7,1.24,1,12.5,5.8375,5.84,146,3.9,111,6.3,90.65,97,158,255,38.04,6.4,136.98,0.6,13,120.7,10.77,8.9,3.4,85,16.3,2.47,128,64,74,90
232311,KLTRS02KLP,984162,25/10/2018,11:34,12:51,Straw,Slightly cloudy,1.015,4.5,Negative,Negative,Negative,Negative,Negative,Normal,Negative,12-13,1,2-2,Nil,Nil,NIL,15.9,3.9,44,51.1,40,36,12.7,42.3,5978,79,19,6,5,0,2.42,0.17,0.27,0.41,0.08,645,10.9,11,0.34,23.6,0.1,0.11,0.52,4.55,240,20,161.1,24.9,124.5,153,12,8.06,0.12,0.5,0.2,0.3,100,48,12,19,7.5,3,4.5,0.67,1,15.4,7.1918,7.19,140,2.2,95,4.6,119.03,136,355,491,27.7,8.6,200.12,0.3,11.4,118,9.66,9,3.7,88,5.3,1.86,89,76,80,64
823130,PBCHD08PBM,541828,24/10/2018,09:45,10:49,Light Yellow,Slightly cloudy,1.014,5.6,Negative,Trace,Negative,Negative,Negative,Normal,Negative,11-13,1,17-14,Nil,Rare,NIL,9.9,5.6,55.4,84.8,17,17,14.2,40.6,10753,47,18,2,6,0,7.02,1.44,0.07,0.57,0.07,440,12,11,0.22,27.8,4.6,0.08,0.77,0.08,174,47,99.3,55.4,277,190,3.7,2.11,0.47,0.5,0.2,0.3,111,27,18,38,6.3,3.7,2.6,1.42,1,33.3,15.5511,15.55,144,3.6,115,1.5,115.6,86,148,234,36.75,5.1,99.67,0.4,27.6,32.6,84.66,9.1,4.4,127,3.3,1.76,81,109,77,87
734576,PBCHD09RJU,901411,22/10/2018,11:57,12:56,Pale Yellow,Clear,1.018,6.5,Trace,1+,3+,Negative,Negative,Normal,Negative,7-8,1,1-3,Nil,Rare,NIL,16.1,4.7,64.3,91,34,25,12.6,44.9,7613,62,25,14,3,0,8.61,3.26,0.75,0.58,0.07,588,7.7,15,0.36,15.1,1.9,0.18,0.38,0.3,169,55,74.6,13,65,80,3.1,1.36,0.74,0.3,0,0.3,122,46,24,45,7.2,3.5,3.7,0.95,0.9,5.5,2.5685,2.85,130,3.1,100,7.5,96.39,65,132,197,32.99,5.9,122.63,0.7,21.4,145.5,14.71,11.7,2.7,108,10.9,3.39,95,168,89,174
124404,MZLGI13BRC,563001,24/10/2018,07:24,07:55,Pale Yellow,Hazy,1.029,4.2,Trace,Negative,Negative,Negative,Negative,Normal,Negative,5-6,2,3-2,Nil,Nil,NIL,12,4.9,30.6,81.5,24,39,15.4,44.9,8018,38,20,5,12,0,3.11,1.02,0.2,0.39,0.01,330,10.7,15,0.3,19,5.8,0.71,6.93,0.21,162,47,60.3,43.8,219,117,3.4,1.28,0.78,1,0.4,0.6,50,52,7,22,5.3,3.6,1.7,2.12,1,31.1,14.5237,14.52,135,3.2,99,2.1,43.46,101,247,348,29.02,6,125.5,0.6,18.9,145.8,12.96,7.9,3.1,101,5.8,6.73,91,88,114,92
857176,MZLGI07GJS,544157,25/10/2018,07:16,08:36,Dark Yellow,Hazy,1.014,4.6,Negative,3+,Negative,Negative,1+,Normal,Negative,2-3,1,1-3,Nil,Few,Amorphous debris,3.3,4.7,49.2,76.8,7,6,13.6,49.3,10581,42,26,1,7,0,8.22,1.87,0.7,0.74,0.09,190,7.4,17,0.32,29.5,2.2,6.76,0.13,0.29,226,27,98.8,28.4,142,65,8.4,3.66,0.27,0.4,0,0.4,118,38,35,91,7.7,3.2,4.5,0.71,0.9,13.3,6.2111,6.9,148,2.6,98,3.3,98.12,96,159,255,37.65,5.7,116.89,0.4,20.6,43.2,47.69,9.8,3.4,141,3.8,4.98,88,90,96,79
265407,KLTRS08WBD,306534,24/10/2018,09:50,11:05,Light Yellow,Slightly cloudy,1.017,5.5,Negative,Trace,Negative,Negative,Negative,Normal,Negative,TNTC,1,2-4,Nil,Nil,Amorphous debris,8.9,5.9,32,65.2,15,27,11.5,40.6,8369,37,15,0,17,0,1.49,4.62,0.23,0.19,0.05,231,11.5,15,0.34,22.1,5.7,0.02,0.01,0.33,232,30,70.6,13.6,68,133,7.7,2.35,0.42,1.7,0.8,0.9,67,34,37,25,8,3.9,4.1,0.95,0.6,14.7,6.8649,11.44,142,5,98,5.3,119.35,107,238,345,31.01,5.8,119.76,0.1,26.4,141.2,18.7,9.8,1.5,233,6.7,6.68,80,172,120,139
864780,MZLGI13MHP,214418,24/10/2018,11:15,11:53,Straw,Clear,1.015,5.6,Negative,Negative,1+,Negative,Negative,Normal,Negative,12-13,2,2-4,Rare,Nil,NIL,11.2,7,18.7,65.9,16,59,13,42.6,2952,66,37,2,8,0,18.02,4.66,0.66,0.52,0.09,73,7.8,18,0.4,18.8,0.1,0.63,0.67,0.08,237,53,90.6,16.6,83,69,4.5,1.71,0.58,0.4,0,0.4,93,45,8,39,7.2,3.6,3.6,1,1.1,15.1,7.0517,6.41,140,3.9,96,8.4,93.01,114,239,353,32.29,6.4,136.98,0.3,16.7,138.8,12.03,10.2,3.6,153,16.2,3.96,119,178,93,250
318674,PBCHD11MHS,732050,23/10/2018,09:26,10:37,Red,Slightly cloudy,1.017,6.8,Trace,Trace,Negative,Negative,Negative,Normal,Negative,10-11,1,2-2,Nil,Nil,NIL,3.5,7.8,52.2,79.8,4,6,14.2,41.6,31010,64,10,2,7,0,1.34,2.58,0.53,0.36,0.05,229,9.8,11,0.29,19.2,0.1,0.28,1.62,0.23,154,24,68.3,53.1,265.5,141,6.4,2.85,0.35,0.6,0.1,0.5,71,21,31,35,6.8,4.6,2.2,2.09,0.8,5.6,2.6152,3.27,144,3,96,3.3,67.91,117,224,341,34.31,6.4,136.98,0.6,28.9,70.8,40.82,11.1,2.4,101,12.9,8.89,80,104,158,93
729204,PBCHD02MHS,628860,24/10/2018,10:32,11:24,Straw,Slightly cloudy,1.011,6.4,Trace,Negative,Negative,Negative,Negative,Normal,Negative,8-9,0,3-4,Nil,Nil,Parasites,9.7,6.7,39.7,91.4,14,24,13.3,41.4,9938,35,20,5,3,0,7.31,1.3,0.36,0.28,0.02,398,8.3,13,0.24,31.8,0.9,0.19,0.39,0.18,222,80,83.2,18.5,92.5,73,2.8,1.04,0.96,0.7,0,0.7,80,15,15,30,6.3,4.5,1.8,2.5,1.1,18.1,8.4527,7.68,136,4.8,105,6.7,103.48,120,175,295,40.68,7,154.2,0.9,186.3,89.4,208.39,10.2,3.9,176,2.7,3.96,71,82,70,136
371039,KLTRS04NLZ,425214,23/10/2018,09:36,10:54,Straw,Slightly cloudy,1.025,7,Trace,Negative,Negative,Negative,Negative,Normal,Negative,13-15,1,2-4,Nil,Rare,NIL,16.9,5.6,44.6,84.1,30,37,14.5,41.3,7221,51,19,8,17,0,3.27,1.6,0.67,0.42,0.09,213,11.6,11,0.38,24.8,1.7,0.17,0.02,0.36,200,22,73.7,41.7,208.5,185,9.1,3.35,0.3,1,0.3,0.7,112,16,33,37,6.3,4.4,1.9,2.32,0.6,12.2,5.6974,9.5,144,3.6,114,6.5,92.47,168,228,396,42.42,5.8,119.76,0.1,22.7,116.3,19.52,7.8,2.8,152,6.6,3.56,107,115,60,90
510361,MZLGI08RJK,279476,24/10/2018,08:00,08:35,Light Yellow,Slightly cloudy,1.019,6.9,Negative,Negative,Negative,Negative,Negative,Normal,Negative,1-3,2,16-15,Nil,Nil,Yeast cells,15.1,4.7,60.8,99.5,32,24,13.7,39.5,42305,48,43,5,8,0,1.25,2.68,1.02,0.21,0.1,865,11.7,13,0.31,15.8,1.8,0.64,0.49,0.33,185,56,40.2,29.2,146,198,3.3,0.72,1.39,0.7,0.2,0.5,61,34,19,48,6.1,3.7,2.4,1.54,0.9,16.7,7.7989,8.67,149,2.6,100,3.4,64.07,166,358,524,31.68,10.9,266.13,0.4,24,107.9,22.24,11.8,2.4,176,4.5,2.74,99,62,271,95
286210,GYAHD06KAU,684602,22/10/2018,11:43,12:43,Pale Yellow,Cloudy,1.026,6.5,Trace,Trace,Negative,Negative,Negative,Normal,Negative,69-72,2,3-4,Few,Nil,NIL,21.3,5.9,36.6,98.3,36,58,13.1,39.3,7680,52,23,6,8,0,1.07,4.43,0.96,0.22,0.07,34,7.4,16,0.26,30.7,2.1,0.17,0.91,0.02,149,71,152.9,34.3,171.5,109,2.1,2.15,0.46,1.2,0.2,1,78,29,12,35,6.8,3.7,3.1,1.19,0.8,11.6,5.4172,6.77,134,3.8,107,3,99.97,141,156,297,47.47,7.2,159.94,0.1,13.4,203,6.6,10.4,5,245,14.4,3.39,147,108,99,120
881283,MZLGI10BRC,518966,22/10/2018,09:36,10:27,Yellow,Slightly cloudy,1.016,5.5,Negative,Trace,Negative,Negative,Negative,Normal,Negative,8-10,2,3-3,Nil,Nil,Artifacts,12.2,5.8,42.7,94,21,28,13.6,45.6,5840,42,30,7,8,0,2.51,0.07,0.36,0.28,0.17,158,8.1,9,0.27,31.7,0.4,0.1,0.87,0.15,166,22,136.9,45.7,228.5,172,7.5,6.22,0.16,0.7,0.3,0.4,44,31,10,66,7.8,3.6,4.2,0.86,0.7,5.4,2.5218,3.6,145,4.2,107,3.4,109.88,104,353,457,22.76,6.1,128.37,0.6,25.1,148.3,16.93,10.5,5.1,296,6.7,0.21,178,95,123,138
448421,PBCHD09HPP,306087,26/10/2018,07:00,08:06,Pale Yellow,Slightly cloudy,1.026,4.7,Negative,Trace,Negative,Negative,Trace,Normal,Negative,81-85,1,2-4,Nil,Nil,NIL,14.6,5.2,51.7,72.2,28,28,12.6,40.1,3086,43,40,5,5,0,4.81,1.1,0.24,0.83,0.1,251,7.6,11,0.35,22.6,0.1,0.39,0.31,0.11,160,37,77,35.2,176,100,4.3,2.08,0.48,0.3,0.1,0.2,64,17,14,40,7.8,3.4,4.4,0.77,0.9,5,2.335,2.59,138,4.3,91,3.2,118.32,86,291,377,22.81,6.3,134.11,0.1,22.4,290.1,7.72,8.1,3.4,104,5.4,3,80,89,64,140
197593,MZLGI06RJK,893200,22/10/2018,11:50,12:42,Dark Yellow,Clear,1.012,4.9,Trace,Negative,Negative,Negative,Negative,Normal,Negative,13-15,2,3-4,Nil,Rare,NIL,14.8,5.8,36.6,40.7,25,40,11.7,45.1,9963,10,28,20,2,0,4.08,1.98,0.29,0.43,0.03,11,12,13,0.26,28.9,7.3,0.34,0.28,0.39,157,80,55.2,35.8,179,165,2,0.69,1.45,0.5,0.1,0.4,65,47,22,44,6.2,4.4,1.8,2.44,1,9.4,4.3898,4.39,142,4.5,100,3,118.59,205,343,548,37.41,5.9,122.63,0.5,18.3,133.1,13.75,10.9,2.8,95,15.3,2.84,191,79,92,199
332486,KLTRS01MLT,927326,22/10/2018,10:43,11:22,Pale Yellow,Clear,1.021,4.7,Negative,Trace,Negative,Negative,Negative,Normal,Negative,8-9,3,3-2,Nil,Nil,NIL,12.6,5.8,46.5,79,21,27,11.6,44,6701,59,30,3,6,0,2.04,2.7,0.3,0.65,0.11,306,8.9,14,0.38,14.2,2.2,0.25,0.23,0.63,131,56,72.7,73.4,367,179,2.3,1.3,0.77,0.5,0.2,0.3,72,23,37,25,6.5,4.6,1.9,2.42,0.9,53.3,24.8911,27.66,141,3.1,104,4.5,109.49,161,113,274,58.76,5.8,119.76,0.6,230.6,90.1,255.94,8.7,2.5,280,5.6,1.65,89,121,104,152
764833,PBCHD06GAM,612306,25/10/2018,11:50,12:53,Pale Yellow,Clear,1.019,6.5,1+,Trace,Negative,Negative,Negative,Normal,Negative,40-43,1,2-2,Rare,Few,Fat droplets or lipiduria,12.5,2.3,52.4,107.9,54,23,11.5,42.8,2726,44,21,2,1,0.1,7.65,1.02,0.69,0.26,0.03,358,9,14,0.33,23.6,6.8,0.28,1.16,0.09,178,30,109.9,18.8,94,207,5.9,3.66,0.27,1.3,0.6,0.7,41,12,18,9,8.3,3.7,4.6,0.8,1.2,14.5,6.7715,5.64,137,4.7,105,2.2,101.67,91,176,267,34.08,8.1,185.77,1,12.5,102.8,12.16,10,4.5,248,10.1,9.18,137,190,75,108
288118,GYAHD10KAU,307924,22/10/2018,08:56,10:04,Red,Hazy,1.007,4.8,1+,Trace,Negative,Negative,Negative,Normal,Negative,TNTC,2,1-3,Moderate,Nil,NIL,16.7,5.9,38.2,83.9,28,43,13.2,45.9,8378,39,39,2,6,0,7.82,2.53,0.73,0.61,0.08,157,10.6,17,0.2,30.9,0.3,0.28,6.95,0.1,220,27,89.3,9.4,47,154,8.1,3.31,0.3,0.6,0.1,0.5,121,44,28,25,6,5,1,5,0.6,10.3,4.8101,8.02,132,4.8,96,1.5,80.17,62,342,404,15.35,8.5,197.25,0.9,17.2,85.2,20.19,11.2,2.4,117,8.2,2.46,82,65,112,174
759321,KLTRS07WBD,729991,25/10/2018,11:23,11:55,Light Yellow,Clear,1.028,5.2,Trace,Negative,Negative,Negative,Negative,Normal,Negative,6-8,2,3-2,Few,Rare,Fungal elements,18.4,5.7,47.5,79,32,38,16.8,29.4,22357,58,15,2,8,0,1.98,1.16,0.03,0.11,0.08,417,5.4,15,0.36,15.9,4.1,3.89,0,0.36,180,22,119.3,29.8,149,174,8.2,5.42,0.18,0.6,0,0.6,111,7,19,11,8,3.7,4.3,0.86,0.8,13.4,6.2578,7.82,121,4.3,114,5.1,96.57,111,340,451,24.61,5.8,119.76,0.6,12.2,111.3,10.96,11.3,6.6,181,8.5,6.7,99,106,89,117
153644,PBCHD02SKM,885259,22/10/2018,11:27,12:48,Light Yellow,Slightly cloudy,1.025,5.1,Negative,Trace,Negative,Negative,Negative,Normal,Negative,6-7,1,1-2,Nil,Rare,Fat droplets or lipiduria,10.9,5.4,43,93.9,20,25,11.9,43.4,33463,54,34,10,4,0,5.63,1.82,0.77,0.32,0.03,287,7.6,13,0.26,17.2,1.5,1.66,4.95,0.4,126,46,155,22.1,110.5,163,2.7,3.37,0.3,7.7,3.8,3.9,78,75,17,13,6.2,4.8,1.4,3.43,1.2,9.6,4.4832,3.74,135,5.9,105,3,113.17,124,280,404,30.69,6,125.5,0.5,14.3,70.6,20.25,9.4,3.8,154,17.4,2.54,72,99,222,165
236131,GYAHD07KAU,605092,23/10/2018,08:47,09:49,Orange,Clear,1.028,4.6,Negative,Negative,Negative,Negative,Trace,Normal,Negative,13-15,1,>20,Rare,Nil,NIL,16.1,5.5,43.3,71.6,29,37,14.4,39.1,8212,39,29,3,8,0.3,4.03,2.16,0.77,0.1,0.02,38,9.7,16,0.45,24.9,4,0.1,0.8,0.16,237,59,95.1,12,60,153,4,1.61,0.62,0.5,0.2,0.3,48,48,39,33,8.3,4.6,3.7,1.24,1,14.8,6.9116,6.91,138,4.9,88,6.9,91.42,126,134,260,48.46,8.3,191.51,0.7,26.6,22.2,119.82,11.7,5.5,106,6.3,2.46,115,97,86,239
857886,KLTRS15KLP,177598,22/10/2018,07:22,08:29,Dark Yellow,Clear,1.016,4.9,Trace,Negative,Negative,Negative,Negative,Normal,Negative,7-9,1,1-2,Nil,Rare,NIL,13.3,3.9,58.8,82.4,34,22,14.3,42.6,7339,59,54,5,3,0,3.35,1.05,0.42,0.39,0.05,436,8.7,13,0.34,16,1.8,0.39,0.09,0.24,157,23,76.2,35.7,178.5,183,6.8,3.31,0.3,0.8,0.3,0.5,224,45,18,14,7.4,3.6,3.8,0.95,0.8,10.2,4.7634,5.95,147,4.4,104,2.4,93.1,109,340,449,24.28,7.3,162.81,1.2,889.3,86.6,1026.91,10.3,1.2,149,10.4,5.49,165,64,178,128
306831,GYAHD03KAU,516021,22/10/2018,06:15,06:51,Green,Clear,1.02,6.6,3+,1+,Negative,Negative,Negative,Normal,Negative,27-28,2,3-2,Nil,Nil,NIL,11.8,4.6,35.3,88.6,25,33,12.1,25.5,5490,20,28,4,6,0,2.74,2.69,0.8,0.01,0,442,7.3,11,0.21,13.1,1.4,0.3,0.29,0.07,130,41,108.9,87.4,437,80,3.2,2.66,0.38,1.7,0.8,0.9,128,35,36,41,8.3,3.6,4.7,0.77,0.7,9.2,4.2964,6.14,138,4.9,100,5.8,102.79,143,345,488,29.3,8.4,194.38,0.5,27,27.3,98.9,10,5,107,5.3,3.95,115,77,124,135
809058,MZLGI07MHP,253510,24/10/2018,09:53,10:36,Light Yellow,Hazy,1.014,6.9,Trace,Trace,Negative,1+,Negative,Normal,Negative,TNTC,1,3-2,Nil,Nil,Fungal elements,15.1,4.4,55.3,87.3,34,27,13,40,6673,51,21,16,3,0,0.54,0.23,0.59,0.26,0.03,155,10.8,11,0.27,28.2,3.5,0.09,0.54,0.24,187,26,88.5,29.3,146.5,185,7.2,3.4,0.29,0.7,0.3,0.4,116,10,13,34,8.2,4.4,3.8,1.16,1.1,9.7,4.5299,4.12,146,4.5,101,5,108.89,186,353,539,34.51,6.4,136.98,0.8,13,30,43.33,8.5,5.1,118,4.8,3.05,118,71,295,86
520093,PBCHD14NLM,989296,25/10/2018,08:23,09:28,Light Yellow,Slightly cloudy,1.012,4.6,1+,Trace,Negative,Negative,Negative,Normal,Negative,TNTC,2,1-4,Nil,Nil,Fungal elements,15.5,3.7,32.5,81.7,41,47,11.7,43.4,9706,36,44,5,3,0.8,11.32,1.41,0.63,0.53,0.03,116,8.3,19,0.34,19.7,3.2,0.08,1.26,0.66,162,72,79.1,5.9,29.5,150,2.3,1.1,0.91,0.6,0.1,0.5,49,15,9,13,6.7,4.5,2.2,2.05,0.9,14.9,6.9583,7.73,149,3.9,107,1.2,96.12,79,350,429,18.41,5.9,122.63,0.5,17.6,67.6,26.04,8.4,3.8,123,14.3,2.5,122,91,65,78
995675,MZLGI14GJS,165959,23/10/2018,07:17,08:01,Pale Yellow,Clear,1.015,4.5,Negative,Negative,Negative,Negative,Negative,Normal,Negative,3-4,0,2-3,Rare,Nil,NIL,13.9,5.2,45.9,72.6,26,30,12.3,42.6,7537,49,26,4,3,0,8.37,2.9,0.29,0.55,0.02,255,10.9,17,0.23,35.4,2.3,0.25,0.21,0.33,194,47,73.8,25.2,126,166,4.1,1.57,0.64,0.4,0,0.4,198,23,39,32,6.7,3,3.7,0.81,1,16.8,7.8456,7.85,140,3.5,107,3.3,92.58,110,355,465,23.66,5.7,116.89,0,17.5,292.6,5.98,9.7,4.4,92,5.2,0.68,76,62,82,115
837539,KLTRS09MLT,744396,26/10/2018,07:39,08:41,Pale Yellow,Clear,1.014,4.6,Trace,2+,Negative,Negative,Negative,Normal,Negative,11-13,0,1-2,Nil,Nil,NIL,12.6,5.8,47,125.3,21,26,13.6,49,3342,58,20,7,8,0,3.59,1.28,0.57,0.1,0.07,158,9.1,11,0.25,21.2,5.2,0.96,0.06,0.28,188,67,88.7,22.6,113,151,2.8,1.32,0.76,0.5,0,0.5,122,40,22,25,8.6,3.5,5.1,0.69,1.6,11,5.137,3.21,147,3.6,100,5.4,65.17,93,298,391,23.79,5.9,122.63,0.5,13.2,116.7,11.31,9.5,4.3,267,9.7,3.38,74,65,88,308
833857,GYAHD06KLM,160230,24/10/2018,08:34,09:41,Pale Yellow,Hazy,1.039,6.4,Trace,Trace,Trace,2+,1+,Normal,Negative,TNTC,1,2-4,Nil,Nil,Artifacts,2,2.3,49.2,88.3,8,4,11.7,39.6,31240,73,28,5,8,0,1.16,4.14,0.33,0.39,0.27,347,10.9,14,0.32,40.9,0.1,0.9,0.29,0.2,238,27,57.6,35.6,178,121,8.8,2.13,0.47,1.5,0.7,0.8,128,23,30,19,6.7,4.9,1.8,2.72,1.2,16.3,7.6121,6.34,130,5.8,103,5.5,80.11,167,346,513,32.55,5.5,111.15,0.3,17.4,61.5,28.29,11.3,5.7,177,8.1,1.78,92,96,82,91
665695,MZLGI09APK,169042,22/10/2018,10:41,11:58,Deep Amber,Slightly cloudy,1.011,5.8,Negative,Negative,Negative,Negative,Trace,Normal,Negative,6-8,2,1-4,Nil,Nil,NIL,17.1,5.5,26.7,99.7,31,64,13,40,9935,23,29,11,7,0,5.6,2.16,0.06,0.16,0.01,301,9.3,16,0.2,30.8,3,0.1,0.68,0.28,165,44,72.6,41.9,209.5,89,3.8,1.65,0.61,0.8,0.3,0.5,90,22,38,47,7.6,4,3.6,1.11,0.6,11.9,5.5573,9.26,145,4.7,96,2.3,115.16,62,288,350,17.71,5.9,122.63,0.8,23,127.9,17.98,10.3,4.6,103,2.5,0.79,98,107,95,109
451134,MZLGI10MHP,638272,25/10/2018,10:36,11:14,Pale Yellow,Clear,1.026,4.6,Negative,Negative,Negative,Negative,Negative,Normal,Negative,3-4,2,2-4,Nil,Nil,Amorphous debris,11.2,4.9,34.3,84.7,22,32,12.8,44.3,4202,59,32,2,4,0,6.97,1.33,0.52,0.21,0.08,255,7.5,11,0.31,23.3,4.7,2.61,0.11,0.22,196,39,96.3,33.8,169,61,5,2.47,0.4,0.7,0.3,0.4,43,34,24,16,8.1,4.1,4,1.03,1,9.7,4.5299,4.53,124,2.6,99,3.9,73.54,141,111,252,55.95,7.7,174.29,0.6,21.5,265.6,8.09,9.7,3.1,150,9.2,0.18,105,74,80,137
521501,PBCHD14NLM,155229,25/10/2018,07:05,08:18,Pale Yellow,Clear,1.023,4.3,Trace,Negative,Trace,Negative,Negative,Normal,Negative,1-2,5,3-4,Rare,Rare,Fat droplets or lipiduria,8.6,5.5,53.1,92.2,15,16,13.4,44,4539,72,29,4,3,0,5.69,5.48,0.59,0.2,0.02,315,7.2,17,0.2,19.1,1.5,0.31,0.15,0.65,191,59,54.4,60.1,300.5,110,3.2,0.92,1.08,0.6,0.1,0.5,71,38,29,13,6,4.1,1.9,2.16,0.8,13.2,6.1644,7.71,135,3.7,107,2.6,99.93,138,277,415,33.25,8,182.9,0.5,28.2,132.6,21.27,10.5,5.2,210,11.1,0.83,94,86,80,134
439195,KLTRS08ODB,791630,22/10/2018,09:02,10:26,Light Yellow,Slightly cloudy,1.02,5.3,Trace,Trace,Negative,Negative,Negative,Normal,Negative,8-10,0,3-3,Nil,Nil,NIL,4.9,5.7,35.3,96.3,8,13,13.9,39.1,4547,41,16,4,7,0,3.54,4.74,0.14,0.63,0.04,49,7,11,0.25,17.4,1.1,4.54,0.29,0.11,165,59,127.5,40.1,200.5,168,2.8,2.16,0.46,7.7,3.8,3.9,67,36,15,47,6.1,3.5,2.6,1.35,1,49.5,23.1165,23.12,109,4,101,7.5,107.93,199,232,431,46.17,5.9,122.63,0.3,13.6,88.6,15.35,7.6,2.6,196,8.8,2.8,114,62,125,164
846920,GYAHD10ODK,732193,24/10/2018,07:37,08:29,Straw,Opaque,1.022,4.7,Negative,Trace,Negative,Negative,Negative,Normal,Negative,39-44,0,2-3,Nil,Nil,Fat droplets or lipiduria,10.5,4.7,31.6,53,22,33,14.1,41.1,4671,40,50,6,7,0,3.3,4.67,0.56,0.14,0.03,422,17.8,14,0.2,16.6,1.7,0.39,0.56,0.39,208,79,62.6,50.1,250.5,133,2.6,0.79,1.26,0.7,0.2,0.5,48,17,22,18,6.3,4.3,2,2.15,1,8.6,4.0162,4.02,128,5.4,104,5.9,23.84,146,229,375,38.93,12.6,314.92,0.8,265.1,115,230.52,9.4,4.2,195,10.7,3.07,117,117,144,175
717139,KLTRS10WBD,948937,23/10/2018,10:04,11:09,Straw,Hazy,1.02,5.4,Trace,Negative,Negative,Negative,1+,Normal,Negative,84-89,0,2-3,Nil,Nil,Artifacts,20.3,5.7,11.3,59,35,179,10.1,32.2,7876,51,37,1,4,0,19.45,1.18,0.44,0.5,0.02,403,15.1,9,0.74,22.4,1,0.39,3.29,4.77,188,72,90.7,13.9,69.5,135,2.6,1.26,0.79,2.1,1,1.1,58,50,31,48,7.7,4.6,3.1,1.48,1.2,18.1,8.4527,7.04,145,2.7,99,2,74.38,111,137,248,44.76,7.4,165.68,0.2,24.6,29.8,82.55,9.2,3.1,234,6.7,2.69,73,75,121,72
491809,GYAHD14ODK,631165,23/10/2018,09:55,10:38,Yellow,Clear,1.016,6.9,Trace,Negative,Negative,Negative,Negative,Normal,Negative,TNTC,1,3-3,Nil,Few,NIL,15.7,5.5,35.5,86,28,44,12.9,43.2,8964,34,45,3,8,0,8.66,2.52,0.26,0.1,0.08,348,9.7,10,0.23,24.5,0.1,0.18,0.12,0.1,219,21,70.2,107.2,536,110,10.4,3.34,0.3,2.3,1.1,1.2,104,53,17,21,6.1,4.2,1.9,2.21,1,14.9,6.9583,6.96,136,3.7,103,2.8,31.4,168,162,330,50.91,6.3,134.11,0.4,16.5,38.6,42.75,9.3,2.3,317,8.1,0.87,92,83,116,64
481822,MZLGI12APK,121114,22/10/2018,09:22,10:24,Light Yellow,Cloudy,1.022,6.8,Negative,Negative,Negative,Trace,Negative,Normal,Negative,7-9,2,1-3,Nil,Nil,NIL,8.9,4.6,33.6,99.3,19,26,14.2,40.2,8811,51,21,3,2,12,6.23,1.58,0.37,0.31,0.19,415,9.9,17,0.36,30.3,0.8,0.08,0.11,0.28,225,32,79.4,29.2,146,187,7,2.48,0.4,1,0.3,0.7,58,22,10,15,7.3,4.3,3,1.43,0.6,9.5,4.4365,7.39,148,5.6,99,5,115.75,166,217,383,43.34,10.5,254.65,0.1,24.7,224.3,11.01,11.4,6.5,179,5.9,2.14,72,68,90,87
884220,KLTRS11ODB,132549,24/10/2018,09:33,10:28,Yellow,Slightly cloudy,1.027,6.5,Negative,1+,Negative,Negative,Negative,Normal,Negative,2-3,4,1-4,Nil,Nil,NIL,12.3,5.8,32.5,95.2,21,37,11.7,41.2,5997,59,10,2,5,0,8.44,2.39,0.32,0.11,0.04,73,9,13,0.32,33.7,4.1,0.34,0.02,0.01,136,48,70.5,26.7,133.5,98,2.8,1.47,0.68,0.7,0.1,0.6,170,39,16,32,7.1,3.6,3.5,1.03,0.8,15.4,7.1918,8.99,147,2.6,111,5.2,101.56,61,360,421,14.49,8,182.9,0.7,28.7,76.5,37.52,10.3,4.6,183,6.2,3.85,71,94,91,156
301823,GYAHD07JHJ,308063,24/10/2018,08:19,09:24,Pale Yellow,Clear,1.018,4.7,Negative,1+,Negative,Negative,Negative,Normal,Negative,3-4,1,1-3,Nil,Rare,NIL,14.7,5.3,35.8,99.3,27,41,12.7,41.9,10633,40,25,2,6,0,19.8,2.16,0.8,0.64,0.08,305,9,13,0.53,14.6,0.1,2.34,0.06,0.44,180,59,94,59.2,296,77,3.1,1.59,0.63,0.8,0.3,0.5,115,42,16,19,7.7,4,3.7,1.08,0.8,15.8,7.3786,9.22,141,4,83,2,111.89,155,195,350,44.29,6.3,134.11,0.3,13.6,73.4,18.53,8.8,4,101,8.4,0.09,97,75,88,117
972624,KLTRS08KLP,339249,22/10/2018,09:30,10:29,Pale Yellow,Slightly cloudy,1.015,6.6,Negative,Trace,Trace,Negative,Negative,Normal,Negative,13-14,0,3-2,Nil,Rare,Mucus threads,14.1,7.1,40.2,73.5,19,35,13.3,26,4052,58,35,3,3,0,9.13,1.68,0.91,0.36,0.08,317,17.7,16,0.48,14.5,3.8,0.32,0.53,1.35,182,70,21.4,44.3,221.5,69,2.6,0.31,3.27,0.9,0.3,0.6,71,11,40,32,8.3,4.8,3.5,1.37,1,9.8,4.5766,4.58,134,4.7,97,5.3,34.43,134,314,448,29.91,8.9,208.73,0.6,11,441.5,2.49,11.5,3,72,9.8,0.2,71,99,86,139
355179,KLTRS12ODB,202985,22/10/2018,10:33,11:28,Straw,Clear,1.022,4.8,Negative,Trace,Trace,Negative,Negative,Normal,Negative,9-11,0,1-3,Nil,Nil,NIL,15.4,4.4,37.7,86.5,35,40,14.1,45.9,50091,48,37,9,7,0.2,3.82,2.76,0.35,0.5,0.01,209,11,10,0.63,26.1,2.7,0.2,0.27,0.16,165,57,71.1,61.8,309,115,2.9,1.25,0.8,0.8,0.2,0.6,78,22,16,36,7.6,4.8,2.8,1.71,1.2,14,6.538,5.45,142,3.9,107,3.8,115.97,104,349,453,22.96,5.8,119.76,0.7,10.6,126.5,8.38,10.4,3.7,186,3.9,0.86,119,149,98,61
563047,KLTRS12NLZ,631587,26/10/2018,06:53,07:27,Pale Yellow,Slightly cloudy,1.016,5.2,Trace,Negative,Negative,Negative,Negative,Normal,Negative,12-14,0,2-2,Nil,Nil,Amorphous debris,12,5.4,48.4,127.2,22,24,12.3,45.5,9941,42,27,2,5,1.3,4.97,2.71,0.3,0.42,0.17,286,15.9,9,0.48,21,3.4,0.1,0.28,0.08,174,57,33.3,25.2,126,140,3.1,0.58,1.71,0.3,0,0.3,91,45,32,19,6.9,4.7,2.2,2.14,0.6,18.2,8.4994,14.17,138,1.6,89,3.3,101.37,143,343,486,29.42,8.5,197.25,0.2,15,279.8,5.36,10.8,6.6,167,9.8,3.37,122,101,99,131
424706,PBCHD05KLC,912631,26/10/2018,08:00,09:08,Deep Amber,Slightly cloudy,1.012,8.4,Negative,Negative,Trace,Negative,Negative,Normal,Negative,6-8,0,1-3,Rare,Rare,Fungal elements,21.8,4.8,27.5,75.6,45,79,12.8,42,6928,23,28,5,6,0,1.65,1.76,0.67,0.36,0.19,359,7.1,10,0.19,45.9,2.9,0.03,0.37,0.23,226,57,76.1,19.4,97,85,4,1.34,0.75,0.9,0.2,0.7,312,22,37,16,6.9,5,1.9,2.63,1.1,9,4.203,3.82,143,4.9,108,4.5,95.09,164,168,332,49.4,6,125.5,0.2,21.7,23.5,92.34,9.9,2.3,93,2.9,0.91,109,160,63,261
231622,GYAHD01ODK,197221,23/10/2018,07:26,08:02,Straw,Clear,1.018,4.5,Negative,Negative,Trace,Negative,Negative,Normal,Negative,12-14,2,3-2,Few,Rare,NIL,17.5,4.3,38,84.4,40,46,16.2,49.8,4300,15,21,5,4,0,18.43,1.62,0.38,0.25,0.03,317,11.4,10,0.37,12.6,1.2,0.34,0.13,0.35,196,65,77.4,14.4,72,67,3,1.19,0.84,0.5,0,0.5,121,33,76,31,6.7,5,1.7,2.94,0.8,13.6,6.3512,7.94,138,3.8,96,2.1,111.68,120,344,464,25.86,6.3,134.11,0.8,11.9,103,11.55,8.5,3.4,142,9.1,11.9,76,178,109,95
448356,MZLGI02RJK,779341,25/10/2018,10:49,11:45,Straw,Clear,1.013,8.2,Negative,Negative,Negative,Negative,Negative,Normal,Negative,1-3,1,3-3,Nil,Nil,NIL,16.1,5.3,34.6,96.1,30,46,14.2,43.8,7514,36,41,4,8,0,0.98,1.24,0.58,0.91,0.02,427,7.3,16,0.57,27.6,4.4,0.08,0.17,0.05,219,55,63.2,99.2,496,82,4,1.15,0.87,0.7,0.3,0.4,75,20,15,7,6.6,3.2,3.4,0.94,1.1,7.4,3.4558,3.14,143,2.8,113,2.2,103.08,156,135,291,53.61,8.3,191.51,0.2,17.5,33.7,51.93,9.6,3.5,89,5.3,2.87,113,82,96,129
854196,PBCHD03PBM,257722,25/10/2018,10:22,10:55,Straw,Clear,1.018,5.2,Negative,Negative,Trace,Negative,Negative,Normal,Negative,13-15,1,2-2,Few,Nil,Artifacts,14.4,5.4,30.3,99.6,26,47,13.1,39.1,5540,38,33,1,2,0,6.21,1.66,0.51,0.25,0,346,8.8,20,0.07,30.7,6.6,0.03,0.95,0.37,175,41,77.8,8.6,43,196,4.3,1.9,0.53,0.7,0.1,0.6,57,16,35,47,6.4,5.1,1.3,3.92,1.2,12.5,5.8375,4.86,142,4,102,2,107.33,106,268,374,28.34,8.1,185.77,0,15.2,133.9,11.35,9.8,3.3,116,5.6,1.46,95,81,77,80
802564,GYAHD08KAU,895327,22/10/2018,09:36,10:06,Pale Yellow,Clear,1.023,6.6,Negative,Negative,Negative,Negative,Negative,Normal,Negative,49-51,0,3-4,Nil,Nil,NIL,17.7,6,48.3,85.7,29,36,11.7,40,4616,46,23,9,8,0,4.07,0.97,0.85,0.23,0.06,20,8.4,14,0.26,19.7,5.6,0.27,0.77,0.38,153,71,112.8,29.7,148.5,114,2.2,1.59,0.63,0.4,0.1,0.3,63,33,39,14,7.9,4.7,3.2,1.47,0.8,19.3,9.0131,11.27,121,4.6,107,2.3,107.86,94,244,338,27.81,6.1,128.37,0.2,24.8,112.1,22.12,9.7,1.6,155,3.2,1.03,84,104,86,127
494174,MZLGI08GJS,134068,22/10/2018,08:07,09:10,Deep Amber,Slightly cloudy,1.018,4.7,Trace,4+,Negative,Trace,Negative,Normal,Negative,12-14,0,2-3,Nil,Nil,NIL,10.8,5.6,45.2,83.4,19,23,13.3,43.9,10326,72,54,2,3,0,18.33,1.83,0.73,0.49,0.14,343,9.6,17,0.34,18.8,1.8,3.66,0.08,0.82,194,50,73.6,28.5,142.5,183,3.9,1.47,0.68,0.9,0.3,0.6,42,44,13,39,6.2,3.7,2.5,1.48,1.1,17.8,8.3126,7.56,120,5.8,101,5.6,81.54,148,116,264,56.06,6.1,128.37,0.1,11.1,60,18.5,10.8,4.4,183,3.7,3.13,188,66,98,94
475870,GYAHD04JHJ,343059,23/10/2018,07:00,07:46,Straw,Clear,1.014,6.9,Trace,Negative,Negative,Trace,Negative,Normal,Negative,12-14,0,2-2,Nil,Nil,Artifacts,15.2,4,22.1,94.7,38,68,13.3,27.7,44888,59,40,17,6,0,0.77,3.26,1.43,0.33,0.1,92,14.3,17,0.38,13.3,5.4,0.18,0.74,0.93,223,58,107.6,36.5,182.5,157,3.8,1.86,0.54,0.5,0,0.5,114,27,20,25,6.9,3.6,3.3,1.09,0.6,10.7,4.9969,8.33,135,5.4,104,3.5,94.41,165,130,295,55.93,6,125.5,0.7,116.3,31.8,365.72,9.5,5.5,103,5.8,0.82,132,79,112,96
778892,GYAHD13ODK,647404,25/10/2018,08:25,09:23,Straw,Clear,1.013,5.1,Trace,1+,Negative,Negative,Negative,Normal,Negative,14-15,1,2-4,Nil,Rare,NIL,12.1,4.8,41.7,75.9,25,29,14.1,41.2,2282,53,33,5,2,0,1.17,2.76,0.28,0.34,0.07,355,10.9,9,0.31,36.6,2.3,0.39,6.25,0.28,228,48,40,91.1,455.5,159,4.8,0.83,1.2,0.8,0.2,0.6,97,9,39,29,6.1,3.8,2.3,1.65,1.1,15.6,7.2852,6.62,137,3.6,99,6.1,58.64,147,259,406,36.21,7,154.2,0.7,24.1,100.1,24.08,10.9,3.8,193,11.2,0.59,93,64,69,158
382871,MZLGI05MHP,819127,22/10/2018,07:37,08:12,Yellow,Slightly cloudy,1.016,5.5,Trace,Trace,Trace,Negative,Negative,Normal,Negative,13-14,2,1-4,Nil,Nil,NIL,21.1,5.7,42.4,96.1,37,49,12.7,42.1,2475,37,43,1,11,0,5.34,2.62,1.32,0.35,0.01,111,9.7,6,0.58,22.2,0.1,5.86,0.04,0.02,225,51,76.6,53.4,267,83,4.4,1.5,0.67,0.7,0.3,0.4,63,12,12,17,6.7,4,2.7,1.48,1.2,19.9,9.2933,7.74,139,4.6,113,7.4,60.5,90,199,289,31.14,6.1,128.37,0.8,26.6,30.1,88.37,12.8,3.3,145,6.4,1.9,95,188,79,91
607285,GYAHD03JHJ,576426,23/10/2018,11:55,12:29,Light Yellow,Clear,1.023,6,Negative,Negative,Negative,Negative,Negative,Normal,Negative,11-13,2,>20,Nil,Nil,NIL,14.4,4.6,39.4,82.3,31,36,12.7,45.8,5517,56,22,6,9,0,2.19,2.51,0.43,0.13,0.12,680,10.2,11,0.33,16.6,0.1,0.24,0.11,0.1,192,43,126.6,27.5,137.5,113,4.5,2.94,0.34,16,11.5,4.5,59,48,18,29,8.1,4.2,3.9,1.08,0.8,9.6,4.4832,5.6,127,3.7,111,3.6,109.45,160,351,511,31.31,6.1,128.37,0.3,13.7,77.9,17.59,9.7,4.7,213,11.1,0.99,116,112,79,126
363385,PBCHD02CGD,413164,26/10/2018,10:38,11:56,Straw,Clear,1.011,5.8,1+,Trace,Negative,Negative,Negative,Normal,Positive,6-7,1,2-3,Nil,Nil,NIL,15.6,5.7,62.7,45.9,27,24,12.9,44.4,10348,60,41,4,5,0,6.17,2.86,0.63,0.32,0.03,346,10.9,11,0.06,32.2,1.2,0.37,0.11,1.85,209,64,118.5,41.9,209.5,81,3.3,1.85,0.54,0.8,0.1,0.7,111,55,36,22,8.3,4.6,3.7,1.24,1.1,14.1,6.5847,5.99,148,3.9,102,4.4,105.49,152,251,403,37.72,6.2,131.24,0.5,14.7,121.1,12.14,10.9,4.3,131,15,7.07,87,77,121,108
160911,KLTRS10KLP,129188,26/10/2018,11:07,12:22,Orange,Slightly cloudy,1.017,5.1,Trace,Trace,Negative,Negative,Negative,Normal,Negative,TNTC,0,>20,Nil,Nil,NIL,16.6,4.6,31.7,71.1,36,52,16.8,43.9,10271,48,26,4,8,0,5.76,3.72,0.21,0.26,0.12,164,10.7,13,0.26,27.8,3.5,0.27,0.66,0.04,181,72,89.8,18.6,93,158,2.5,1.25,0.8,0.9,0.3,0.6,89,34,39,41,7.9,3.5,4.4,0.8,0.8,17.3,8.0791,10.1,142,3.9,104,5.3,104.16,166,353,519,31.98,6.2,131.24,0.1,17.5,133.6,13.1,11.3,3.6,115,19.1,2.46,75,68,70,146
749140,MZLGI02RJK,217989,23/10/2018,07:44,08:41,Pale Yellow,Clear,1.018,6.7,Negative,Negative,Negative,Negative,Negative,Normal,Negative,2-4,1,1-3,Nil,Nil,NIL,3.2,5.8,45.3,95.2,5,7,11.7,41,10925,40,19,4,8,0,1.44,1.34,0.74,0.23,0.03,86,7.4,16,0.38,17.8,6.1,0.23,0.09,0.07,104,52,96.1,20,100,83,2,1.85,0.54,1,0.3,0.7,91,32,31,24,7.5,3.5,4,0.88,1,19,8.873,8.87,144,2.6,97,2.9,103.24,93,351,444,20.95,7.2,159.94,1,27.9,77.6,35.95,8.8,4.3,158,3.4,0.95,79,72,211,113
993038,PBCHD06NLM,936868,26/10/2018,06:16,07:28,Light Yellow,Clear,1.014,5.3,Negative,Negative,Negative,Negative,Negative,Normal,Negative,11-12,0,>20,Nil,Nil,Parasites,16.2,5.9,43.3,99.2,27,37,14.3,42.9,9314,42,29,5,7,0,1.89,1.8,0.74,0.05,0.07,641,9.1,12,0.2,13.4,3.4,3.56,0.14,0.4,124,43,141.4,14.3,71.5,115,2.9,3.29,0.3,10.5,6,4.5,54,112,40,47,7.9,3.5,4.4,0.8,1.1,26.6,12.4222,11.29,140,3.8,81,2.6,94.27,72,248,320,22.5,6.1,128.37,0.2,16,282.6,5.66,14.9,2.6,127,14.8,8.81,97,80,101,185
907240,KLTRS07NLZ,991671,23/10/2018,08:39,09:10,Light Yellow,Clear,1.012,6.6,1+,Trace,Negative,Negative,Negative,Normal,Negative,8-10,1,3-3,Nil,Moderate,NIL,13.3,5.9,41,69.7,22,32,12.9,39.3,6695,30,30,6,7,0,7.29,2.21,0.25,0.6,0.08,225,9.4,17,0.3,30.7,3.5,0.2,0.12,0.31,211,58,150.5,26.8,134,105,3.6,2.59,0.39,0.7,0,0.7,78,26,29,36,6.6,5,1.6,3.13,1.1,22.7,10.6009,9.64,135,4,95,5.6,101.04,187,324,511,36.59,5.8,119.76,0.3,17.2,88.6,19.41,9.4,4.5,171,10,1.08,80,169,121,150
926092,GYAHD15KLM,787243,22/10/2018,10:21,11:22,Pale Yellow,Slightly cloudy,1.018,4.6,Trace,Negative,1+,Negative,Negative,Normal,Negative,8-10,2,3-4,Nil,Nil,Mucus threads,10.4,4.4,60.7,63.3,23,17,12.8,40.6,8675,44,26,8,11,0,5.51,6.42,0.75,0.61,0.09,151,12,11,0.31,28.6,3.6,0.01,0.47,0.2,217,26,93.4,76.3,381.5,137,8.3,3.59,0.28,0.9,0.3,0.6,53,33,34,18,8.1,4.6,3.5,1.31,0.7,9.7,4.5299,6.47,149,4,100,3.4,108.05,83,293,376,22.07,7.4,165.68,0.2,10.9,102,10.69,9.5,4.1,180,3.7,1.19,102,66,179,76
953137,MZLGI13GJS,642009,24/10/2018,10:44,11:49,Light Yellow,Slightly cloudy,1.013,6.5,Trace,Trace,Negative,Negative,Negative,Normal,Negative,5-6,1,3-3,Nil,Nil,NIL,22,5,31.6,78.2,44,69,12.9,47,26834,43,38,6,4,5.3,6.24,1.65,0.77,0.16,0.07,407,8.3,13,0.23,12.8,5.7,0.06,0.15,1.45,200,54,90.7,71.2,356,98,3.7,1.68,0.6,0.9,0.3,0.6,46,9,7,37,7.9,3.5,4.4,0.8,1,35.9,16.7653,16.77,149,4.6,117,5.1,104.64,85,311,396,21.46,6.4,136.98,0.7,10.2,87.2,11.7,9,5.3,139,5.1,3.52,90,117,95,153
610362,GYAHD13ODK,129804,23/10/2018,06:55,07:55,Green,Slightly cloudy,1.013,5,1+,1+,Negative,Negative,Negative,Normal,Negative,3-5,1,10-17,Nil,Nil,Parasites,14.3,5.5,54.9,91.7,26,26,11.7,39.6,53401,49,35,1,12,0,14.54,2.82,0.78,0.29,0.06,295,8,12,0.22,33.5,5.5,5.02,0.29,0.23,150,27,69.9,17.4,87,131,5.6,2.59,0.39,0.7,0.3,0.4,95,22,40,40,7.6,4.7,2.9,1.62,1,10.1,4.7167,4.72,141,5,108,3.9,96.93,111,120,231,48.05,7.1,157.07,0.6,14.6,68.6,21.28,9.3,4,163,10.3,3.86,86,63,107,142
595894,KLTRS02MLT,402477,23/10/2018,08:05,09:02,Light Yellow,Slightly cloudy,1.015,5.5,Trace,Negative,Negative,Negative,Negative,Normal,Negative,9-10,1,1-3,Nil,Nil,NIL,9.8,5.9,16.3,93,16,60,13.6,39.5,8114,52,27,4,5,0,7.52,2.69,0.27,0.61,0.03,407,10.2,17,0.11,47.6,1.3,0.22,0.33,0.4,212,39,52.6,23.5,117.5,118,5.4,1.35,0.74,0.7,0,0.7,99,14,13,41,7.5,4,3.5,1.14,0.7,16.6,7.7522,11.07,140,4.7,104,5.6,83.48,45,238,283,15.9,5.7,116.89,0,10.8,93.6,11.54,10.4,4.6,96,15.4,0.09,91,83,86,129
525439,PBCHD02GAM,765534,23/10/2018,10:07,11:29,Pale Yellow,Clear,1.003,6.3,Negative,Trace,Negative,Negative,Negative,Normal,Negative,8-9,12,16-10,Nil,Nil,Artifacts,10.2,5,60.1,99.5,20,16,12.2,43.6,9931,33,40,2,8,0,6.47,3.32,0.5,0.55,0.12,140,11.4,13,0.21,20.2,1.1,0.17,0.34,0.13,172,56,145.8,32.9,164.5,95,3.1,2.6,0.38,1,0.3,0.7,73,41,22,17,7.4,5,2.4,2.08,0.8,16.9,7.8923,9.87,140,4.4,108,4.7,111.9,92,356,448,20.54,6.8,148.46,0.7,158.2,163.9,96.52,9.5,4.2,155,11.4,3.73,107,88,125,104
281607,GYAHD09KLM,742126,25/10/2018,11:21,12:02,Yellow,Clear,1.017,6.4,Negative,Trace,Negative,Trace,Negative,Normal,Negative,13-15,14,2-2,Nil,Nil,NIL,10.8,5.7,55.6,86.6,18,19,12.1,42.8,6320,58,41,2,6,0,7.08,2.3,0.97,0.23,0.01,700,8.8,16,0.23,26.7,7,0.24,0.75,2.54,207,41,52.3,75.9,379.5,123,5,1.28,0.78,0.9,0.2,0.7,93,113,22,18,7.9,3.7,4.2,0.88,1,12.3,5.7441,5.74,142,5.1,99,4.4,113.86,181,145,326,55.52,7.4,165.68,0.5,21.1,135.9,15.53,9.6,4.1,285,6.3,1.73,87,78,118,101
997382,MZLGI08APK,212299,22/10/2018,10:43,11:44,Orange,Clear,1.019,6.9,Negative,Trace,Negative,Negative,Negative,Normal,Negative,10-11,2,2-3,Nil,Nil,NIL,9.6,4.1,39.4,65.6,23,24,13.4,39,5420,59,18,6,4,3.1,3.93,2.48,0.62,0.57,0,439,7.5,17,0.11,21.7,4.6,3.96,0.16,0.39,158,44,76.2,29.3,146.5,139,3.6,1.73,0.58,0.6,0.1,0.5,47,30,37,22,8.1,3.7,4.4,0.84,1.2,6.7,3.1289,2.61,141,3.2,98,4,116.31,105,249,354,29.66,6.3,134.11,0.3,28.3,72.9,38.82,9.1,3.6,180,8,7.51,121,162,190,104
353969,KLTRS15NLZ,143388,23/10/2018,11:50,12:39,Yellow,Slightly cloudy,1.014,5.3,Trace,1+,Negative,Negative,Negative,Normal,Negative,3-5,0,12-13,Nil,Nil,NIL,12.9,5.5,36.6,84.5,23,35,11.8,40.3,6850,59,37,14,8,0,3.68,2.8,0.27,0.44,0.19,1027,12.9,23,0.19,20,1.4,1.13,0.16,0.18,153,59,142.3,75,375,148,2.6,2.41,0.41,0.7,0.2,0.5,129,40,30,40,7,4.8,2.2,2.18,0.4,9.8,4.5766,11.44,142,5.5,106,4.7,95.49,145,332,477,30.4,6.3,134.11,0.5,25,139.7,17.9,11.4,5.5,138,9.5,2.3,77,75,110,122
848355,GYAHD09KAU,482349,22/10/2018,06:12,07:27,Straw,Clear,1.014,6.7,Trace,Negative,Negative,Negative,Negative,Normal,Negative,10-11,0,2-4,Nil,Nil,Artifacts,21.7,5.4,50.5,81.1,40,42,11.9,39.6,10635,41,20,24,4,0,6.42,2.13,0.5,0.02,0.03,167,8.7,10,0.24,21.3,5.8,0.51,0.16,0.36,170,24,78.9,81.5,407.5,162,7.1,3.29,0.3,0.5,0.2,0.3,98,18,13,67,7.3,3,4.3,0.7,0.6,19.5,9.1065,15.18,136,5.4,83,3.5,92.65,71,307,378,18.78,11,269,0.9,10.2,148.5,6.87,12,5.2,244,11.8,2.34,87,63,122,136
711666,GYAHD07KAU,834270,26/10/2018,10:53,12:18,Light Yellow,Cloudy,1.021,6.5,Trace,Trace,Negative,Negative,Negative,Normal,Negative,12-13,2,1-3,Nil,Few,Artifacts,16.1,4.1,28.4,91.3,39,56,13.7,44,8080,76,47,4,6,0,3.33,0.19,0.23,0.24,0.15,347,13.4,17,0.28,45.7,1,0.16,0.17,0.66,101,51,81.4,28,140,90,2,1.6,0.63,0.7,0.1,0.6,94,10,19,10,6,4.2,1.8,2.33,0.9,6.8,3.1756,3.53,138,4.6,97,5.7,108.64,69,162,231,29.87,5.4,108.28,0.7,16.7,116.1,14.38,10.9,2.2,82,10.9,3.49,94,137,76,117
787843,GYAHD08ODK,300186,26/10/2018,10:12,11:02,Light Yellow,Clear,1.016,6.8,Trace,Trace,Negative,Negative,Negative,Normal,Negative,TNTC,1,3-2,Nil,Rare,NIL,17.7,2.5,51.4,85.6,70,34,13.1,43,10230,35,31,22,3,2.2,8.44,1.25,0.57,0.36,0.05,140,7.9,11,0.14,13,0.2,0.37,4.13,4.53,191,53,82.8,74.8,374,121,3.6,1.56,0.64,0.7,0.2,0.5,112,33,36,40,8.1,3.5,4.6,0.76,1.2,16.7,7.7989,6.5,133,4.5,115,2.9,99.82,52,306,358,14.53,6.2,131.24,0.1,21.1,69.9,30.19,9.6,5.6,150,6.1,9.17,119,95,72,297
588811,MZLGI05BRC,719705,22/10/2018,10:03,11:16,Straw,Slightly cloudy,1.021,4.7,Negative,Trace,Negative,Negative,Negative,Normal,Negative,11-12,0,2-2,Nil,Nil,Parasites,15.9,6.1,48.9,92.5,26,32,12.9,40.7,5154,50,48,4,10,0,1.24,1.19,0.84,0.39,0.1,320,8.8,12,0.38,39.6,3.1,6.14,0.78,0.01,179,58,72.7,31.3,156.5,94,3.1,1.25,0.8,0.5,0.2,0.3,121,8,24,30,6.9,3.7,3.2,1.16,0.9,15.1,7.0517,7.84,135,4.7,100,3.9,117.9,151,359,510,29.61,5.8,119.76,0.2,28.1,66.4,42.32,9.2,5.6,196,9.7,0.53,78,86,67,166
347540,KLTRS12NLZ,656958,25/10/2018,06:46,08:03,Pale Yellow,Clear,1.014,5.5,Negative,Trace,Negative,Negative,Negative,Normal,Negative,9-11,0,14-8,Nil,Few,NIL,16.4,5.1,44.3,98.5,32,37,12.5,39,10485,30,28,4,6,0,22.24,1.76,0.4,0.65,0.08,123,9.8,16,0.31,31.9,5,0.26,0.31,0.06,200,46,71.7,17.7,88.5,132,4.3,1.56,0.64,0.7,0.3,0.4,107,48,25,16,8,4.3,3.7,1.16,0.6,6.6,3.0822,5.14,141,4.1,72,4.9,62.95,69,343,412,16.75,7,154.2,0,11.8,148.1,7.97,10.4,5.2,174,4.7,1.49,87,90,99,298
853310,MZLGI13GJS,289707,25/10/2018,11:16,11:53,Straw,Clear,1.017,6.4,Trace,Trace,1+,Negative,Negative,Normal,Negative,4-6,0,9-11,Nil,Nil,NIL,16.9,4.5,63.3,86.5,37,26,14.4,40.6,4122,43,19,1,3,0,1.3,1.31,0.66,0.23,0.06,310,11.2,13,0.2,22.7,0.8,3.38,0.25,0.69,211,53,120.9,12.1,60.5,78,4,2.28,0.44,0.7,0.2,0.5,116,3,15,36,6.9,3.6,3.3,1.09,0.8,66.7,31.1489,38.94,146,3,102,6.9,113.27,186,280,466,39.91,9,211.6,0.2,28.2,167,16.89,11.5,2.8,50,8.8,1.57,116,90,72,83
351378,PBCHD08MHS,391122,22/10/2018,08:17,09:02,Light Yellow,Slightly cloudy,1.018,4.6,Trace,Negative,Negative,Negative,Negative,Normal,Negative,7-9,1,1-4,Nil,Nil,Parasites,13.7,5.9,47,100,23,29,11.6,39.8,5515,42,36,5,6,0,9.13,1.44,0.57,0.33,0.02,1099,16.9,11,0.14,24.3,3.5,3.99,0.12,0.06,170,71,81.1,29.4,147,102,2.4,1.14,0.88,0.7,0.3,0.4,119,28,36,37,7.5,4.6,2.9,1.59,1.1,7.9,3.6893,3.35,128,3.6,105,6.9,84.5,177,297,474,37.34,6.9,151.33,0.7,15.9,97.3,16.34,9.3,6.3,166,11,3.05,118,116,73,78
101660,KLTRS14WBD,748268,26/10/2018,06:55,08:01,Pale Yellow,Hazy,1.025,6.9,Negative,Negative,Negative,Negative,Negative,Normal,Negative,67-72,1,1-4,Rare,Nil,NIL,14.1,4.2,39.3,92.5,33,35,11.7,41.2,8313,44,26,3,5,0.1,2.23,2.24,0.33,0.42,0.03,339,7.9,17,0.3,38.6,0.8,2.72,0.34,0.18,206,42,44.5,11,55,141,4.9,1.06,0.94,0.5,0,0.5,59,56,25,42,7.8,4.4,3.4,1.29,1,10.8,5.0436,5.04,142,4,113,4.4,106.54,69,166,235,29.36,5.4,108.28,0.9,217.3,42.1,516.15,9.7,3.9,119,2.8,2.85,132,84,115,280
431700,GYAHD08JHJ,649938,24/10/2018,07:20,08:27,Pale Yellow,Clear,1.013,6.3,Trace,Trace,Negative,Negative,Negative,Normal,Negative,10-12,2,3-2,Nil,Nil,Parasites,10.8,5.7,16.9,68.8,18,63,12.6,44,4650,53,12,4,4,0,6.85,2.84,0.28,0.41,0.11,427,11.9,17,0.12,32.6,3.3,0.02,0.11,0.03,212,46,69.6,24.7,123.5,156,4.6,1.51,0.66,0.7,0.3,0.4,87,20,28,47,8.3,3.5,4.8,0.73,1,18.2,8.4994,8.5,137,3.1,124,5.5,98.61,157,358,515,30.49,5.7,116.89,1,10.5,94,11.17,9.4,2.7,160,11.9,8.42,108,99,79,161
965266,PBCHD13HPP,527197,23/10/2018,09:31,10:30,Pale Yellow,Slightly cloudy,1.004,6.7,Negative,Trace,Negative,Negative,Negative,Normal,Negative,TNTC,1,5-15,Nil,Rare,NIL,10.6,5.1,47.8,99.6,20,22,12,44.1,4150,30,15,6,5,0,0.59,1.81,0.15,0.03,0.01,207,17.6,19,0.38,26.3,4.8,0.2,0.36,0.4,167,74,38.3,26.5,132.5,89,2.3,0.52,1.93,0.4,0,0.4,123,23,9,38,8.2,5,3.2,1.56,0.7,16.6,7.7522,11.07,125,5.3,95,5.9,119.63,92,352,444,20.72,6.1,128.37,0.3,28.7,32.2,89.13,9.4,4.6,173,18.2,6.69,83,71,64,130
273576,MZLGI14RJK,709154,26/10/2018,11:36,12:38,Light Yellow,Slightly cloudy,1.01,6.6,1+,Negative,Negative,2+,Negative,Normal,Negative,8-9,0,1-2,Nil,Nil,NIL,16.9,4.4,35.6,98.9,38,47,12.7,45.7,4631,48,23,2,12,0,4.75,2.35,0.3,0.27,0.08,218,10.6,11,0.46,19.6,1.1,0.12,0.25,0.13,154,43,90.5,60.7,303.5,135,3.6,2.1,0.48,0.7,0.2,0.5,120,18,24,21,7.4,3.6,3.8,0.95,0.8,5.7,2.6619,3.33,139,2.7,98,5.1,63.11,92,312,404,22.77,7.8,177.16,0.5,10.5,117.8,8.91,10,3.7,324,17.2,0.38,113,91,86,102
966121,PBCHD11PBM,933893,24/10/2018,06:50,07:40,Pale Yellow,Hazy,1.024,5.1,Negative,Negative,Negative,Negative,Trace,Normal,Negative,8-9,0,3-3,Nil,Nil,NIL,12.4,6.2,41.9,74,20,29,14,43.3,6261,52,16,4,8,0,1.36,3.99,0.22,0.55,0.1,176,9.6,22,0.12,32.7,0.6,0.01,0.36,0.06,193,58,153.9,35.1,175.5,112,3.3,2.65,0.38,0.4,0.1,0.3,100,8,24,44,6.5,4.5,2,2.25,0.9,16.2,7.5654,8.41,130,3,99,3.9,103.65,104,228,332,31.33,6.1,128.37,22,13.6,116.4,11.68,9,3.4,91,10.5,2.79,125,119,70,140
574878,GYAHD03KAU,523662,26/10/2018,10:11,11:26,Yellow,Clear,1.013,5.3,Negative,Trace,Negative,Negative,Negative,Normal,Negative,9-11,1,3-2,Nil,Nil,NIL,14.1,4.9,56.8,103.7,28,24,13.9,41.2,4354,31,10,3,2,2,3.73,0.15,0.6,0.49,0.07,232,10.2,19,0.36,29.7,3.5,0.87,0.62,0.15,215,37,133,34.7,173.5,158,5.8,3.59,0.28,0.9,0.2,0.7,251,26,17,46,7.6,2.5,5.1,0.49,0.6,12.9,6.0243,10.04,101,5,108,3.1,116.21,250,274,524,47.71,8,182.9,1,12.4,506.1,2.45,9.7,4.7,124,7.7,0.16,145,70,76,294
641423,PBCHD14PBM,528320,26/10/2018,11:22,11:53,Light Yellow,Clear,1.022,6.8,Negative,Negative,Negative,Negative,Negative,Normal,Negative,TNTC,1,3-4,Nil,Nil,NIL,4.7,5.3,21.1,71.7,8,22,10,26.1,10294,58,38,3,12,0,1.38,2.23,0.82,0.02,0.05,420,7,10,0.47,49.9,3.2,0.87,0.36,0.27,155,69,71.6,32.8,164,116,2.2,1.04,0.96,0.2,0,0.2,112,30,40,46,8.3,4.9,3.4,1.44,0.8,6.6,3.0822,3.85,142,4.7,97,4.2,23.02,120,188,308,38.96,12.3,306.31,0.4,17.9,135.2,13.24,9.3,2.2,189,11.3,2.96,103,94,78,110
775235,GYAHD03KAU,260305,25/10/2018,10:34,11:41,Pale Yellow,Hazy,1.017,4.9,Negative,Trace,Negative,Negative,Negative,Normal,Negative,6-8,16,2-4,Nil,Rare,NIL,8.6,3,42.6,97.2,28,20,13.6,43,4229,53,11,1,3,0,3.74,1.39,0.33,0.4,0.07,38,9,16,0.29,15.5,2.4,0.38,0.19,0.14,232,27,76.1,21.7,108.5,103,8.6,2.82,0.35,0.5,0,0.5,109,39,18,22,6.3,4.9,1.4,3.5,0.7,15.1,7.0517,10.07,140,3.2,96,3.1,110.61,124,179,303,40.92,8.8,205.86,0.5,12.3,89.6,13.73,6.6,5.2,156,9.8,11.11,123,74,70,168
930315,GYAHD09ODK,282790,26/10/2018,11:01,12:01,Orange,Milky,1.025,6.3,Trace,Negative,Negative,Negative,Negative,Normal,Negative,4-5,1,2-3,Nil,Nil,Amorphous debris,1.8,5.4,39.8,78.3,3,4,12.6,48.4,5224,32,51,6,5,0,4.4,1.4,0.39,0.01,0,322,7.2,17,0.21,19.9,0.1,6.7,0.39,0.18,140,66,79.7,13.9,69.5,166,2.1,1.21,0.83,0.9,0.2,0.7,61,18,13,48,7.7,4.1,3.6,1.14,0.6,7.5,3.5025,5.84,135,5.5,104,1.9,97.97,126,180,306,41.18,6.9,151.33,1.9,18.3,139.1,13.16,10.1,3.4,176,6,3.46,119,120,162,183
855950,MZLGI08BRC,521664,26/10/2018,06:29,07:25,Pale Yellow,Clear,1.014,6.5,1+,Trace,Negative,Negative,Negative,Normal,Negative,5-6,0,2-4,Nil,Nil,NIL,10.4,7.8,57.5,88.8,13,18,12.3,34.9,5148,54,50,15,7,0,3.61,1.98,0.63,0.19,0.03,331,14.2,11,0.42,28.1,0.1,0.91,0.37,0.6,232,51,127,31.9,159.5,90,4.5,2.49,0.4,0.7,0.2,0.5,50,9,30,45,6.1,3.8,2.3,1.65,0.9,50.7,23.6769,26.31,149,5.9,96,2.6,50.75,187,195,382,48.95,13.7,346.49,1.8,15.9,129.6,12.27,8.3,3.5,224,5.5,0.53,148,63,72,160
175339,GYAHD01KAU,904608,25/10/2018,08:51,09:33,Straw,Clear,1.016,6.5,Trace,Trace,Negative,Negative,Negative,Normal,Negative,6-7,2,2-3,Rare,Rare,Fat droplets or lipiduria,13.1,2.4,53.1,87.3,54,24,13.9,39,6993,72,24,0,3,0,1.44,2.97,0.66,0.54,0.2,342,13.3,14,0.38,18.1,4.5,0.29,0.35,0.14,165,54,42.1,70.6,353,145,3.1,0.78,1.28,0.7,0.3,0.4,70,50,29,40,7.6,4,3.6,1.11,0.8,13.7,6.3979,8,141,4.2,105,6.8,106.56,128,265,393,32.57,6.3,134.11,0.6,18.2,85.4,21.31,7.8,3.4,234,10,1.89,87,86,123,79
270902,GYAHD12JHJ,187776,25/10/2018,09:35,10:28,Yellow,Slightly cloudy,1.011,4.7,Negative,Trace,Negative,Negative,Negative,Normal,Negative,12-14,0,2-2,Nil,Rare,Yeast cells,14.5,4.2,31.7,99.1,34,45,11.6,42.9,39725,70,38,20,7,0,6.21,2.69,0.36,0.01,0.06,197,8,13,0.15,12.3,4.5,0.84,0.38,0.15,186,41,80.7,35.6,178,60,4.5,1.97,0.51,0.9,0.3,0.6,59,45,14,14,6.1,4.4,1.7,2.59,0.6,14,6.538,10.9,149,4.9,82,6.4,117.85,116,348,464,25,6.2,131.24,0.5,18.7,120.5,15.52,8.8,4.8,76,17.1,0.37,71,89,72,136
516598,KLTRS14KLP,638487,23/10/2018,09:25,10:17,Deep Amber,Slightly cloudy,1.015,6.6,Negative,Negative,Negative,Negative,Negative,Normal,Negative,5-6,1,1-3,Rare,Nil,Fat droplets or lipiduria,12.7,3.8,16.6,89.7,33,76,15.3,40.5,2594,78,34,5,2,1.8,3.04,2.26,0.58,0.23,0.03,311,11.2,14,0.39,38.7,0.3,1.49,0,3.41,132,38,26.3,19.1,95.5,63,3.5,0.69,1.44,0.7,0.3,0.4,70,48,25,13,6.8,3.6,3.2,1.13,1.1,15.6,7.2852,6.62,121,4.8,112,1.1,104.87,192,199,391,49.1,6.3,134.11,0.6,21.4,68,31.47,10.2,5.3,272,15.4,1.78,85,96,108,102
232141,MZLGI14MHP,412758,26/10/2018,07:03,07:33,Pale Yellow,Hazy,1.018,4.7,Negative,Trace,Trace,Negative,Negative,Normal,Negative,8-10,0,>20,Nil,Nil,Fungal elements,16,8,46.2,94.4,20,34,13,41.6,10270,58,24,6,8,0,0.2,1.91,1.45,0.47,0.05,425,10.9,10,0.09,25.5,1.1,0.15,0.3,0.24,200,43,111.9,35.8,179,150,4.7,2.6,0.38,0.6,0,0.6,129,40,38,15,8,4.5,3.5,1.29,1,10.6,4.9502,4.95,145,3.7,95,4.6,111.49,93,318,411,22.63,5.8,119.76,0.5,27.2,124,21.94,9.6,5.2,135,15.5,2.6,127,196,100,66
977945,KLTRS03MLT,817479,24/10/2018,10:23,11:33,Yellow,Hazy,1.01,4.5,Negative,Trace,Negative,Negative,1+,Normal,Negative,34-38,1,2-4,Nil,Few,NIL,10.8,4.8,22.5,96.8,22,48,16.9,45.5,3013,27,25,1,7,0,0.8,2.66,0.36,0.31,0.05,246,14.6,16,0.25,28.4,0.8,0.27,0.27,0.76,151,54,89.4,17.4,87,101,2.8,1.66,0.6,0.5,0.1,0.4,102,16,19,22,6.5,4.2,2.3,1.83,0.8,13.9,6.4913,8.11,149,3.2,104,5.5,119.75,64,300,364,17.58,5.7,116.89,3.7,13.1,71.5,18.32,10.8,3.1,229,11.5,0.04,121,86,95,220
713299,KLTRS11TSS,991729,23/10/2018,08:05,09:26,Orange,Clear,1.012,4.7,1+,Trace,Negative,Negative,Negative,1+,Negative,4-5,0,1-2,Nil,Nil,Parasites,9.7,5.5,49.9,84.7,17,19,13.2,45.7,9265,56,32,4,7,0,0.94,1.02,0.58,0.54,0.01,423,9.4,16,0.21,20.4,3.4,0.84,0.27,0.24,110,31,97.7,91.7,458.5,85,3.5,3.15,0.32,1.1,0.5,0.6,42,53,21,14,8.2,4.3,3.9,1.1,0.7,10.3,4.8101,6.87,145,3.9,102,3.4,102.29,142,305,447,31.77,7.2,159.94,0.3,18,228,7.89,10.3,2.9,115,4.9,4.48,101,84,125,104
661839,KLTRS13WBD,433191,25/10/2018,07:59,08:53,Straw,Clear,1.011,5.2,2+,Negative,Negative,Negative,Negative,Normal,Negative,13-15,0,1-2,Nil,Nil,Amorphous debris,17.8,6.6,41.4,66.7,26,42,14.3,39.4,6255,55,29,1,5,10.1,0.64,4.27,0.92,0.31,0.09,27,10.7,11,0.25,16.9,6.6,0.88,0.65,0.79,196,46,73.2,91.4,457,124,4.3,1.59,0.63,0.7,0.2,0.5,118,33,25,42,8,5,3,1.67,0.6,15.9,7.4253,12.38,139,2.9,112,2.3,110.9,135,351,486,27.78,8,182.9,0.5,18,129.2,13.93,9.3,3.5,108,6.8,0.98,101,104,73,121
959785,MZLGI07GJS,668894,22/10/2018,10:23,11:25,Pale Yellow,Slightly cloudy,1.02,4.8,Negative,1+,Negative,Negative,Negative,Normal,Negative,4-6,57,1-3,Nil,Nil,Fat droplets or lipiduria,8.1,5.5,28,113.4,14,28,12,39,4957,38,35,10,7,10.4,6.81,1.86,0.91,0.16,0.19,422,17.9,15,0.36,31.6,1.7,0.04,0.58,0.18,154,42,82.9,53.3,266.5,186,3.7,1.97,0.51,0.5,0.1,0.4,107,45,11,44,8,4.5,3.5,1.29,0.5,120.1,56.0867,112.17,144,3.1,113,3.9,108.8,107,274,381,28.08,7.3,162.81,0.3,15.2,28.8,52.78,8.7,5.1,120,8.7,2.38,264,113,95,162
155635,PBCHD07HPP,428208,24/10/2018,10:14,11:25,Straw,Hazy,1.019,5.5,Negative,Negative,Negative,Negative,Negative,Normal,Negative,2-3,1,3-2,Nil,Nil,NIL,10.5,5.7,50.2,81.5,18,20,14.4,44.4,5999,32,21,5,9,0,8.31,1.74,0.42,0.24,0.07,121,12.6,11,0.19,31,4.2,0.01,0.07,0.1,168,64,43.5,9.4,47,89,2.6,0.68,1.47,0.7,0,0.7,53,38,26,27,6.1,4.8,1.3,3.69,0.6,33.3,15.5511,25.92,122,6,106,2.2,115.56,136,238,374,36.36,8.4,194.38,0.2,14.9,94,15.85,9,3.3,250,13.9,1.97,83,116,74,97
534206,PBCHD13RJU,498846,24/10/2018,10:13,11:34,Pale Yellow,Hazy,1.019,4.9,Trace,Negative,1+,Negative,Negative,Normal,Negative,12-13,2,3-2,Nil,Nil,NIL,8.2,5.9,42.1,75.1,13,19,13.9,43.7,4904,45,39,8,9,0.8,1.04,1.6,0.9,0.28,0.02,263,9,29,0.12,44.8,1,0.34,0.38,0.66,177,48,90.7,32.5,162.5,84,3.7,1.89,0.53,0.9,0.2,0.7,123,37,10,43,8,4.9,3.1,1.58,0.6,14.3,6.6781,11.13,145,2.7,95,3.8,118.51,114,344,458,24.89,6,125.5,0.1,563.1,350.3,160.75,8.3,3.2,97,10.7,2.19,85,120,91,217
325269,MZLGI08RJK,390397,24/10/2018,11:42,12:23,Yellow,Slightly cloudy,1.02,6.8,2+,Trace,Negative,Negative,Negative,Normal,Negative,TNTC,0,13-8,Rare,Few,NIL,8.8,7.4,37.9,92.4,11,23,14.1,41.8,9944,44,33,4,2,9.6,3.56,2.1,0.59,0.48,0.04,327,7.1,16,0.29,33.2,1.6,0.25,0,0.32,166,61,79.8,12,60,89,2.7,1.31,0.76,1.1,0.5,0.6,71,39,19,42,7.2,3.8,3.4,1.12,1.2,14.2,6.6314,5.53,141,2.2,112,5.5,117.57,75,239,314,23.89,6.9,151.33,0.4,11.7,72.8,16.07,6.7,4.1,174,4.5,12.52,146,98,97,125
292730,KLTRS03MLT,593173,26/10/2018,10:00,10:52,Pale Yellow,Clear,1.005,6.1,3+,Negative,Negative,Negative,Negative,Normal,Negative,9-11,60,>20,Nil,Moderate,NIL,14.3,5.5,12.3,81,26,116,13.7,40.1,7796,31,39,2,12,0,9.54,2.99,0.39,0.9,0.06,161,7.3,13,0.3,32.5,4.2,0.06,0.37,0.65,210,49,107.2,37.6,188,125,4.3,2.19,0.46,0.2,0,0.2,78,54,20,41,8.1,4.4,3.7,1.19,0.9,7,3.269,3.63,142,2.3,111,5.3,109.23,114,291,405,28.15,5.3,105.41,0.7,79.8,139,57.41,9.5,3.2,273,3.6,9.35,87,93,106,113
399332,PBCHD11CGD,423394,25/10/2018,08:29,09:06,Pale Yellow,Clear,1.017,5.6,Negative,Trace,Negative,Negative,Negative,Normal,Negative,13-14,1,3-3,Nil,Nil,NIL,10.3,5.2,51.5,45.2,19,20,11.3,45,7873,75,11,5,8,0,5.45,4.2,0.27,0.35,0.04,281,13.1,28,0.34,37.7,0.3,0.5,0.03,0.15,207,30,79.9,42.5,212.5,99,6.9,2.66,0.38,0.6,0.1,0.5,96,44,62,36,6.7,4.7,2,2.35,1.1,41.2,19.2404,17.49,128,3.9,100,3.2,108.16,154,274,428,35.98,6.2,131.24,0,46.6,49.2,94.72,8.5,3.5,172,9.8,0.19,125,115,80,273
595935,PBCHD14CGD,557943,26/10/2018,08:41,09:16,Dark Yellow,Hazy,1.019,6.5,Trace,Negative,Trace,Negative,Negative,Normal,Negative,8-10,0,2-4,Nil,Nil,Artifacts,10.1,4,49.9,96.3,25,20,13.1,42.9,8022,56,21,6,7,0,9.47,2.27,0.71,0.16,0.08,312,9.5,25,0.05,18.9,3.5,0.04,0.1,5.46,206,21,96.6,33.3,166.5,151,9.8,4.6,0.22,0.8,0.1,0.7,107,38,19,82,8.1,4.4,3.7,1.19,1.1,11.1,5.1837,4.71,144,4.1,97,4.1,103.49,165,301,466,35.41,6.4,136.98,0.4,16.7,74.1,22.54,9.8,4.4,138,14.3,9.43,102,96,319,266
138690,MZLGI08RJK,829188,24/10/2018,06:45,07:15,Light Yellow,Slightly cloudy,1.012,4.7,Negative,1+,1+,Trace,Negative,Normal,Negative,96-98,1,2-4,Nil,Nil,Fat droplets or lipiduria,15.2,4.7,12.1,99.7,32,125,12.8,41.7,5667,62,40,3,3,0,7.31,1.69,0.34,0.15,0.18,55,10.1,15,0.37,22.8,0.1,0.39,0.4,0.24,239,31,81.5,17.5,87.5,96,7.7,2.63,0.38,1,0.1,0.9,38,8,26,32,7.5,3.6,3.9,0.92,0.7,8.8,4.1096,5.87,134,4.2,114,2.8,118.13,143,211,354,40.4,6.1,128.37,0.7,18.1,127.4,14.21,10.8,4,143,8.7,0.15,74,74,98,126
610520,MZLGI01MHP,752096,23/10/2018,06:54,08:09,Straw,Clear,1.015,6.8,Negative,1+,2+,Negative,Negative,Normal,Negative,11-12,0,1-2,Nil,Nil,NIL,16,5.6,50.3,84.1,28,31,12.8,44.1,10089,64,54,3,4,0,1.16,2.97,0.22,0.14,0.03,450,10.4,11,0.18,14.9,0.7,0.2,0.44,0.16,150,53,213.9,18.1,90.5,77,2.8,4.04,0.25,0.3,0.1,0.2,105,44,36,28,8.2,4.8,3.4,1.41,0.7,37.1,17.3257,24.75,120,3.8,102,3.7,91.73,66,281,347,19.02,6.1,128.37,0.7,20.5,21.7,94.47,7.5,4,165,8.6,1.59,71,77,87,118
951820,KLTRS08WBD,344567,25/10/2018,11:26,12:07,Straw,Clear,1.039,5.4,Trace,Negative,Negative,Negative,Negative,Normal,Negative,12-14,0,14-11,Nil,Nil,NIL,14.3,4.6,37.2,83.2,31,38,14.6,43.6,8225,40,27,6,2,0,5.78,2.15,0.47,0.4,0.06,207,8,17,0.1,19.4,3.4,0.89,0.93,0.13,196,55,77,34.9,174.5,166,3.6,1.4,0.71,0.7,0.3,0.4,110,13,25,42,7.6,4,3.6,1.11,1.1,14.3,6.6781,6.07,142,4.3,109,4.9,63.79,70,292,362,19.34,8.8,205.86,0.8,22.5,106.5,21.13,9,3.8,63,8.3,0.68,225,123,75,263
733977,KLTRS05WBD,510236,26/10/2018,09:55,10:43,Dark Yellow,Clear,1.013,5.5,Trace,Negative,Negative,Negative,Negative,Normal,Negative,5-6,1,>20,Nil,Nil,NIL,21.6,4.1,52.5,43.9,52,41,14.2,39.9,9927,76,20,6,11,0,0.52,2.9,0.42,0.66,0.08,259,10.9,11,0.25,33.8,4.8,0.02,4.5,0.2,163,77,89.1,10.1,50.5,114,2.1,1.16,0.86,0.7,0,0.7,53,8,17,26,6.5,4.4,2.1,2.1,0.7,14.1,6.5847,9.41,142,3.9,106,3.4,60,123,307,430,28.6,6.5,139.85,0.4,22.9,95.3,24.03,11.1,2.6,64,6.6,2.08,148,92,74,69
902567,GYAHD14KLM,802662,22/10/2018,11:57,13:24,Pale Yellow,Clear,1.013,6.8,Trace,Trace,Negative,Trace,Negative,Normal,Negative,TNTC,2,2-3,Nil,Nil,NIL,16.6,4.3,52.5,60.5,38,31,13.7,44.8,7277,47,25,3,8,1.4,1.32,2.97,0.53,0.47,0.02,134,6.1,13,0.3,23.4,1.3,4.09,1.4,3.49,175,55,146.4,17.4,87,140,3.2,2.66,0.38,0.4,0,0.4,71,102,21,32,6.2,4.7,1.5,3.13,0.9,11.8,5.5106,6.12,121,4.1,107,6.6,116.55,46,320,366,12.57,11.1,271.87,0.6,14.6,102.7,14.22,11.6,5.3,98,11.7,3.82,72,61,114,100
403870,KLTRS06ODB,364120,24/10/2018,06:45,08:02,Light Yellow,Clear,1.009,5.8,Trace,Trace,Negative,Negative,Negative,Normal,Negative,82-85,66,2-2,Nil,Rare,NIL,16.3,4.7,18.9,93.9,34,86,13.3,45.7,10508,59,32,2,7,0.8,3.67,1.23,0.59,0.16,0.07,242,11.4,12,0.35,34.2,2.5,0.31,0.32,0.64,216,57,94.8,105.6,528,147,3.8,1.66,0.6,0.2,0,0.2,121,9,35,20,7.8,4,3.8,1.05,1.1,12.4,5.7908,5.26,130,5.7,105,4.3,115.59,92,352,444,20.72,6.4,136.98,0.9,11.1,49,22.65,8.9,5.4,146,5.2,1.51,85,82,95,366
825858,PBCHD02SKM,591148,24/10/2018,06:14,06:47,Pale Yellow,Slightly cloudy,1.017,5.1,Negative,Trace,Negative,Negative,Negative,Normal,Negative,9-10,0,9-15,Few,Nil,NIL,13.1,5,32.1,44.7,26,40,11.6,42.4,37131,14,44,5,5,0,2.41,1.38,0.39,0.31,0.02,1083,10.4,16,0.25,20.1,5.1,0.04,0.2,4.07,116,53,20.1,21.1,105.5,77,2.2,0.38,2.64,0.7,0,0.7,124,32,13,27,6.2,4,2.2,1.82,1.2,7.9,3.6893,3.07,137,4.5,90,5.3,103.52,87,360,447,19.46,5.7,116.89,0.9,21,298.9,7.03,11.3,5.8,146,22.4,2.1,144,79,94,69
556981,GYAHD15KAU,376567,24/10/2018,06:59,08:08,Yellow,Clear,1.015,6.7,Trace,Trace,Negative,Negative,Negative,Normal,Negative,37-39,1,1-3,Few,Nil,Artifacts,11.5,4.4,46.5,68.3,26,24,14.4,40.7,6987,50,17,2,8,0,4.57,3.28,0.69,0.26,0.05,1137,11.5,11,0.27,42.6,3.5,0.07,0.74,0.13,209,36,78.9,12.9,64.5,160,5.8,2.19,0.46,1,0.3,0.7,119,26,31,17,6.6,4.9,1.7,2.88,1.2,16.6,7.7522,6.46,136,2.6,108,4.7,111.85,197,166,363,54.27,6.6,142.72,0.6,28.6,109.7,26.07,9,2.8,196,17,8.19,120,112,63,109
425210,KLTRS14NLZ,628432,22/10/2018,06:29,07:31,Pale Yellow,Hazy,1.018,5.8,Negative,Negative,Negative,Negative,Negative,Normal,Negative,1-3,2,3-3,Nil,Nil,NIL,18.4,5.2,48.5,89.5,35,37,16.5,44.1,5080,41,53,4,8,0,9.9,1.74,0.54,0.12,0.01,309,15.9,11,0.06,31.2,3.9,0.27,0.14,0.52,199,55,73.4,74.3,371.5,100,3.6,1.33,0.75,2.1,1,1.1,70,45,36,21,6.2,4.3,1.9,2.26,0.8,14,6.538,8.17,131,3.6,102,5.8,102.42,64,152,216,29.63,5.7,116.89,0.8,26.2,69.2,37.86,10.5,4.5,95,4.8,0.08,82,102,82,147
481946,GYAHD13KAU,389261,23/10/2018,06:58,08:22,Orange,Clear,1.016,6.9,Negative,2+,Trace,Negative,Negative,Normal,Negative,6-7,1,1-4,Nil,Nil,Fungal elements,14.3,6.8,49.2,82.9,21,29,13.9,44.7,10543,44,24,1,9,0,5.67,7.51,0.23,0.47,0,226,8,12,0.13,26.3,3.4,6.19,0.43,1.64,214,56,134.7,32.2,161,87,3.8,2.41,0.42,0.3,0,0.3,79,41,29,40,7.6,4.2,3.4,1.24,0.8,7,3.269,4.09,129,5.2,108,4.2,115.4,65,356,421,15.44,7.7,174.29,0.2,27.1,49.9,54.31,8.8,3.5,274,16.2,0.77,94,87,67,133
619834,GYAHD15ODK,572392,26/10/2018,07:30,08:54,Yellow,Clear,1.028,7,Negative,Negative,Negative,Negative,Negative,Normal,Negative,5-6,0,3-3,Rare,Nil,NIL,14,5.5,39,78.2,25,35,13.7,46,3174,68,37,1,3,0,1.5,1.85,0.7,0.16,0.07,124,10.7,13,0.12,43.8,2,0.07,4.1,0.15,189,51,123.5,14.9,74.5,110,3.7,2.42,0.41,0.7,0.3,0.4,73,51,13,25,7.8,4.9,2.9,1.69,1.2,13.8,6.4446,5.37,137,3.6,100,5.7,33.19,109,355,464,23.49,11.7,289.09,0.4,254.6,55.9,455.46,6.7,2.3,253,9.2,3.03,101,80,86,111
144260,PBCHD11CGD,808092,22/10/2018,07:41,08:58,Green,Clear,1.01,6.6,Negative,Trace,Negative,Trace,Negative,Normal,Negative,10-12,1,3-3,Nil,Nil,NIL,18.5,5.6,40,84.7,33,46,13.9,40.1,7153,53,26,2,5,0,5.49,1.64,0.36,0.1,0.1,324,7.3,29,0.09,32.6,1.6,2.59,2.46,0.07,179,54,128.4,52.5,262.5,71,3.3,2.38,0.42,0.5,0.2,0.3,53,23,36,92,6.8,4.4,2.4,1.83,0.7,13.7,6.3979,9.14,139,3.2,106,9,109.48,142,355,497,28.57,6.8,148.46,0.5,17.6,66.1,26.63,11.7,3.5,141,4.9,3.5,145,93,76,84
167585,PBCHD04CGD,337604,26/10/2018,09:34,10:59,Straw,Slightly cloudy,1.026,5.1,Trace,Trace,Negative,Negative,Negative,Normal,Negative,5-6,2,2-4,Rare,Moderate,Artifacts,2.1,4.5,36.8,83.3,4,5,14.3,38.3,6101,32,32,3,8,0,7.29,0.26,1.21,0.36,0.06,392,11,21,0.2,23.4,1.4,4.4,0.02,0,165,55,61.8,8.2,41,135,3,1.12,0.89,16.5,12,4.5,60,39,40,42,6.9,4.7,2.2,2.14,1.1,25.2,11.7684,10.7,123,2.9,111,7.2,67.94,117,144,261,44.83,6.3,134.11,0.8,13,124.5,10.44,10.1,3.8,290,10.4,8.76,287,115,202,192
743968,GYAHD07ODK,173672,25/10/2018,09:41,10:57,Yellow,Slightly cloudy,1.016,4.6,Trace,Negative,Negative,Negative,Negative,Normal,Negative,7-9,1,1-2,Nil,Moderate,Fat droplets or lipiduria,14.3,4.7,60.7,72.6,30,23,12.9,37,49565,46,18,0,23,0,8.52,3.57,0.74,0.42,0.02,960,7.8,16,0.48,17.3,0.3,0.31,1.92,0.13,170,60,24.5,65.5,327.5,117,2.8,0.41,2.45,0.7,0,0.7,54,23,15,35,6,3.7,2.3,1.61,1.2,15.6,7.2852,6.07,138,4.3,95,4.8,108.94,83,210,293,28.33,8.2,188.64,0.4,14.6,130.9,11.15,8.1,6.1,86,3.3,1.45,100,90,118,171
604992,PBCHD11GAM,194271,26/10/2018,10:28,11:06,Light Yellow,Clear,1.017,6.6,Trace,Trace,Negative,Trace,Negative,Normal,Negative,5-6,2,3-2,Nil,Nil,NIL,7.8,4.7,52.1,103.1,16,14,12.2,43,4077,36,24,5,2,9.3,4.57,2.6,0.21,0.03,0.01,413,15.1,14,0.32,14.4,5,0.2,0.14,0.28,138,57,88.2,109.8,549,128,2.4,1.55,0.65,0.7,0.3,0.4,124,53,33,19,7.4,3.8,3.6,1.06,0.8,17.2,8.0324,10.04,143,4.7,99,3.2,93.21,99,223,322,30.75,6.4,136.98,0.1,16.3,68.5,23.8,7.9,3.5,63,4.6,0.53,122,95,80,205
846401,MZLGI12APK,308438,24/10/2018,10:30,11:29,Yellow,Slightly cloudy,1.011,6.6,Negative,Trace,Negative,Negative,Negative,Normal,Negative,13-14,1,11-11,Nil,Nil,NIL,8.8,4.5,25.6,80.8,19,34,12.3,44.2,50193,33,15,4,8,0,9.33,0.13,0.53,0.16,0.02,406,11.2,8,0.12,21.8,3.8,0.16,0.02,0.34,163,56,88.6,14.1,70.5,64,2.9,1.58,0.63,0.7,0.2,0.5,57,30,44,28,7.8,4.3,3.5,1.23,0.6,19.5,9.1065,15.18,129,4.2,101,6.3,113.14,75,166,241,31.12,6.3,134.11,0.1,20.1,122.6,16.39,8.7,4.2,239,16.5,2.51,120,114,123,125
571099,KLTRS15TSS,716328,25/10/2018,06:36,07:14,Yellow,Slightly cloudy,1.017,4.6,Trace,Negative,Negative,Negative,Negative,Normal,Negative,3-4,2,1-2,Nil,Nil,NIL,9.8,4.2,53.4,89.6,23,18,14.5,44.9,7052,41,17,9,6,0,6.29,1.52,0.38,0,0.01,225,14,17,0.28,20.5,3,0.03,0.18,0.64,165,56,112.6,37.6,188,83,2.9,2.01,0.5,0.6,0.1,0.5,109,21,32,13,7.6,4.7,2.9,1.62,0.6,19.4,9.0598,15.1,139,4.8,105,5.4,114.15,102,310,412,24.76,5.9,122.63,0.7,24.5,111.2,22.03,9.4,2.6,92,12.1,5.91,102,65,94,79
964735,MZLGI09RJK,847267,26/10/2018,09:54,10:51,Light Yellow,Clear,1.018,5.7,Trace,Negative,Negative,Negative,Negative,Normal,Negative,90-92,0,3-2,Nil,Nil,NIL,1.9,7.5,33.6,96.5,2,5,14.2,45.5,10927,43,28,6,7,0,1.36,1.83,0.22,0.69,0.2,115,7.1,23,0.13,27.5,2.2,0.36,5.24,0.24,189,49,98.9,20.5,102.5,154,3.9,2.02,0.5,0.4,0.1,0.3,40,7,25,34,6.7,3.2,3.5,0.91,1,8.6,4.0162,4.02,145,3.1,103,6.9,116.05,97,296,393,24.68,5.7,116.89,0.6,16,148.9,10.75,11.9,3.1,192,2.1,0.86,81,123,93,130
878014,GYAHD08JHJ,647435,25/10/2018,11:25,12:35,Straw,Slightly cloudy,1.013,6.8,Negative,Trace,Negative,Negative,Negative,Normal,Negative,60-63,2,2-2,Nil,Nil,Amorphous debris,10.5,4.7,52.8,96.2,22,19,13.4,29.2,7599,75,36,1,23,0,7.96,2.35,0.31,0.03,0.08,383,11.2,17,0.52,30.1,4.9,0.29,0.95,0.41,197,44,77.7,35.8,179,75,4.5,1.77,0.57,0.9,0.4,0.5,96,8,26,41,7.4,3.9,3.5,1.11,1.2,19,8.873,7.39,142,4.2,95,3.6,42.06,63,136,199,31.66,6.3,134.11,0.8,28.1,129,21.78,11.1,5.7,76,3.3,0.73,250,74,109,135
256950,PBCHD09SKM,816056,23/10/2018,09:09,10:34,Light Yellow,Clear,1.032,5.1,1+,Trace,Negative,Negative,Negative,Normal,Negative,11-12,2,1-4,Nil,Nil,Yeast cells,15.9,5.8,43.1,94.3,27,36,14.6,35.1,52184,53,21,1,8,11.3,5.89,1.55,0.86,0.04,0.01,100,10.7,12,0.32,12.8,3.4,0.17,0.67,0.19,162,58,91,36.9,184.5,147,2.8,1.57,0.64,0.7,0.2,0.5,209,48,39,45,6.2,4.8,1.4,3.43,1.1,6.7,3.1289,2.84,137,5.4,110,5.6,23.18,141,322,463,30.45,6.6,142.72,0.1,23.6,78.1,30.22,11.1,3.4,131,5.4,1.24,97,88,115,237
563116,GYAHD15KAU,186281,24/10/2018,10:57,11:56,Light Yellow,Slightly cloudy,1.022,6.5,3+,2+,Negative,Negative,Negative,Normal,Negative,12-14,2,3-2,Nil,Few,Amorphous debris,2,5.5,39.2,71,3,5,9.4,44.5,4157,42,28,1,8,0.1,3.79,2.71,0.39,0.22,0.03,343,10.9,12,0.05,12.1,1.5,0.78,0.18,0.4,197,54,131.1,28.2,141,140,3.6,2.43,0.41,0.7,0.2,0.5,57,26,29,27,7.3,3.9,3.4,1.15,1.2,8.3,3.8761,3.23,141,4.6,106,5.1,104.29,80,340,420,19.05,6.2,131.24,0.7,13.4,71.9,18.64,9.1,3,95,13.1,0.7,87,74,94,88
317893,KLTRS09MLT,225773,25/10/2018,09:23,10:52,Pale Yellow,Slightly cloudy,1.02,7,Trace,Negative,Negative,Negative,Negative,Normal,Negative,TNTC,2,6-13,Nil,Nil,Parasites,19.1,5.5,63.7,70.4,34,29,12.3,45.4,6187,46,36,6,7,0,6.64,1.24,0.96,0.65,0.05,367,10.9,11,0.26,16.7,0.1,2.48,0.24,0.03,240,47,146.2,52.4,262,126,5.1,3.11,0.32,0.4,0.1,0.3,66,47,16,32,7.4,3.7,3.7,1,0.6,11.9,5.5573,9.26,133,3.7,82,5.3,99.52,31,230,261,11.88,5.7,116.89,0.9,13.3,108.2,12.29,11.7,2.8,142,7.8,0.89,104,77,61,162
240290,KLTRS07NLZ,986403,23/10/2018,11:31,12:43,Deep Amber,Cloudy,1.017,4.9,Trace,Negative,1+,Negative,Negative,Normal,Negative,14-15,1,3-4,Few,Few,Amorphous debris,15.7,4.6,41.8,60.9,34,37,13.1,43.8,7432,38,19,5,8,0,8.04,2.01,0.26,0.05,0.02,211,11.1,19,0.21,18.1,2.6,0.23,0.25,1.6,194,28,54.2,16.6,83,218,6.9,1.94,0.52,5.9,2.9,3,87,42,13,23,7.7,4.5,3.2,1.41,0.7,18.9,8.8263,12.61,136,3.8,110,2.2,97.29,114,359,473,24.1,7.8,177.16,0.6,21.9,22.2,98.65,9.8,6,203,14.4,4.79,131,91,79,75
653702,PBCHD11SKM,219185,22/10/2018,08:27,09:34,Light Yellow,Clear,1.015,4.8,Negative,Negative,Trace,Negative,Negative,Normal,Negative,TNTC,0,3-2,Nil,Rare,Parasites,13.9,5.6,60.6,85.5,24,22,14.4,45.7,7370,44,47,6,5,0,1.51,1.68,1.32,0.36,0.08,128,12.2,16,0.34,24.6,0.1,0.15,0.46,0.21,191,40,178.8,26.5,132.5,76,4.8,4.47,0.22,0.3,0.1,0.2,41,38,19,23,7.8,4.6,3.2,1.44,0.7,6.1,2.8487,4.07,145,1.9,107,3.9,117.3,80,145,225,35.56,6.3,134.11,0.4,19,93.4,20.34,13.3,4.5,171,19.8,3.87,138,71,68,169
700122,GYAHD01KLM,533851,25/10/2018,06:18,07:33,Straw,Clear,1.018,4.6,Negative,Trace,Negative,Negative,Negative,Normal,Negative,4-6,2,3-3,Rare,Nil,NIL,11.5,4.4,56.3,78,26,20,13.5,40.4,9437,58,25,2,16,0,1.27,4.63,0.63,0.02,0.04,437,18,20,0.35,24,5.7,0.62,0.68,0.23,194,47,94.1,23.8,119,165,4.1,2,0.5,1,0.3,0.7,43,37,21,18,8.1,5.3,2.8,1.89,0.8,13.2,6.1644,7.71,153,3.9,102,2.9,105.72,151,169,320,47.19,6.3,134.11,0.8,11.7,121.6,9.62,10.6,5.9,100,4.9,0.99,74,61,84,96
921941,MZLGI05RJK,697815,22/10/2018,06:17,07:35,Straw,Clear,1.019,5.9,Negative,3+,Negative,Negative,Negative,Normal,Negative,66-71,0,3-4,Nil,Rare,NIL,14.8,4,64.4,77.5,37,22,12.4,39.7,4104,55,39,6,6,0.5,1.14,1.83,0.14,0.12,0.02,234,11,16,0.27,44.3,6.4,0.32,0.36,0.26,140,41,74.9,19.5,97.5,118,3.4,1.83,0.55,0.4,0.1,0.3,84,7,25,32,7.7,4.5,3.2,1.41,1.2,61.6,28.7672,23.97,159,5.4,99,4.2,95.66,137,340,477,28.72,8.9,208.73,0.1,27.4,128.8,21.27,9.7,2.1,171,4.3,1.26,125,76,71,102
420888,KLTRS12WBD,874177,22/10/2018,11:03,12:22,Pale Yellow,Slightly cloudy,1.021,6.8,Negative,Negative,Trace,Negative,Negative,Normal,Negative,7-8,2,3-3,Nil,Few,NIL,16.6,4.2,24.9,89.8,39,66,11.8,43.7,6177,46,24,4,10,9.8,2.87,5.22,0.33,0.25,0.01,173,7.8,14,0.27,23.3,1.3,0.49,0.27,0.09,203,53,72,58.5,292.5,110,3.8,1.36,0.74,0.3,0,0.3,97,33,18,40,7.9,3.5,4.4,0.8,0.9,5.4,2.5218,2.8,134,3.9,102,2.4,51.63,106,316,422,25.12,6,125.5,0,14.9,448.4,3.32,9,2.3,170,12,1.17,103,83,100,106
373691,GYAHD12JHJ,451271,24/10/2018,07:37,08:37,Pale Yellow,Slightly cloudy,1.016,4.6,Trace,Trace,Negative,Negative,Negative,Normal,Negative,5-6,2,2-3,Nil,Few,Fat droplets or lipiduria,8.7,5.9,32.6,92.8,14,26,12,43.9,5269,33,24,6,5,0.6,5.87,1.85,0.24,0.14,0.09,137,8.2,9,0.32,42.1,0.9,0.54,0.36,0.18,231,51,147.9,11.6,58,122,4.5,2.9,0.34,0.7,0.3,0.4,53,13,18,25,7.9,4.1,3.8,1.08,1,7.1,3.3157,3.32,145,4.4,110,6.7,119.46,198,226,424,46.7,8.2,188.64,0.8,11,243.9,4.51,9.9,1.8,167,7,3.6,271,81,68,118
345532,GYAHD12JHJ,151057,24/10/2018,08:32,09:41,Straw,Clear,1.016,4.9,1+,1+,Negative,Negative,Negative,Normal,Negative,7-9,0,2-3,Nil,Nil,Amorphous debris,9.8,5.9,35.2,100,16,27,13.8,44.1,18829,47,31,1,4,0,1.19,5.43,0.4,0.17,0.03,416,13.5,17,0.38,14.7,7.5,0.4,2.78,0.03,158,25,182.1,11.9,59.5,73,6.3,7.28,0.14,0.9,0.3,0.6,50,22,14,28,6.4,5.4,1,5.4,0.9,18.9,8.8263,9.81,149,3.7,108,2.5,45.39,81,338,419,19.33,5.2,102.54,0.7,13.3,130.3,10.21,8.9,4,145,11.3,6.2,73,90,99,172
824692,GYAHD12ODK,671467,23/10/2018,09:48,10:58,Yellow,Clear,1.012,4.5,Trace,Negative,Negative,Negative,Negative,Normal,Negative,7-9,0,3-4,Nil,Few,NIL,12.5,5.9,44,92.1,21,28,11.7,42.6,5154,37,20,3,10,0.1,22.9,1.7,0.48,0.26,0.08,345,11.8,11,0.36,43.2,4.8,0.04,2.56,0.33,162,58,26.8,32.9,164.5,135,2.8,0.46,2.16,0.9,0.3,0.6,122,24,10,38,6.6,4.6,2,2.3,0.7,13.3,6.2111,8.87,138,2.2,97,3.7,57.73,27,252,279,9.68,6.3,134.11,6.3,13.3,247.9,5.37,9.9,5.5,152,14.7,2.29,101,79,70,228
644044,KLTRS13MLT,547126,24/10/2018,07:32,08:38,Straw,Hazy,1.013,5.5,1+,2+,Negative,Negative,Negative,Normal,Negative,8-10,0,1-2,Nil,Nil,Parasites,11.4,5,39.7,97.5,22,28,13,44.1,22263,15,21,5,3,0.2,18.11,4.19,0.55,0.2,0.02,252,7.2,7,0.3,17.6,2.5,0.38,0.19,2.22,185,53,106.6,29.4,147,114,3.5,2.01,0.5,0.5,0.2,0.3,79,26,19,45,6.7,5,1.7,2.94,0.7,18.2,8.4994,12.14,130,3.8,97,3.2,99.6,138,233,371,37.2,7.8,177.16,0.7,24.2,104.5,23.16,8.2,2.9,89,14.6,10.4,107,79,153,87
630659,GYAHD10KLM,151693,23/10/2018,09:51,11:17,Yellow,Clear,1.014,6.8,Negative,Trace,Trace,2+,Negative,Normal,Negative,10-12,2,15-14,Nil,Nil,Yeast cells,14.6,3,43.9,92.5,48,33,13.7,45.1,5917,42,29,3,3,0.4,9.98,3.04,0.7,0.12,0.1,400,9.2,8,0.23,29.9,0.2,0.49,0.22,0.81,153,51,100.5,5.3,26.5,130,3,1.97,0.51,0.7,0,0.7,50,31,20,28,8.3,4.8,3.5,1.37,0.6,17.8,8.3126,13.85,139,4.9,101,3.8,119.14,109,348,457,23.85,5.7,116.89,0.8,279.7,109.4,255.67,8.5,3.9,151,16.9,3.35,151,169,86,117
604405,MZLGI09RJK,455703,25/10/2018,08:04,09:29,Light Yellow,Clear,1.019,5.5,Negative,Trace,Negative,Trace,Negative,Normal,Negative,6-7,2,3-4,Rare,Nil,NIL,8.1,4.4,54.2,98.8,18,14,13.1,40.7,5093,67,31,5,3,0,6.52,0.81,0.92,0.25,0.07,241,8.1,17,0.56,30.7,2.8,5.96,0.57,0.06,180,43,94,6.9,34.5,86,4.2,2.19,0.46,0.2,0,0.2,74,40,36,43,7.1,3.5,3.6,0.97,0.5,38.3,17.8861,35.77,140,4.6,98,3.6,98.26,76,278,354,21.47,5.8,119.76,0.1,16,81.5,19.63,10,3.4,129,19.7,0.11,90,97,122,122
953654,PBCHD15RJU,398508,23/10/2018,10:43,11:29,Straw,Opaque,1.015,5.1,Trace,Negative,Negative,Negative,Negative,Normal,Negative,4-5,0,2-3,Rare,Nil,NIL,8.9,6.9,45.8,94.6,12,19,12,42.8,5136,41,20,25,6,0,1.43,1.83,0.74,0.41,0.01,274,7,12,0.19,22.9,0.4,0.53,0.21,0.14,169,68,52.1,7.6,38,218,2.5,0.77,1.31,0.2,0,0.2,68,5,39,46,7.3,5,2.3,2.17,0.7,18.1,8.4527,12.08,129,3.6,98,7.3,128.12,66,194,260,25.38,8.3,191.51,0.8,15.7,142.8,10.99,8.6,3.8,200,3.7,2.84,76,98,122,93
800396,MZLGI13MHP,642622,26/10/2018,06:00,07:29,Straw,Clear,1.008,6.2,Negative,Negative,Negative,Negative,Negative,Normal,Negative,1-2,1,3-4,Few,Nil,NIL,13.3,3.4,51.6,71.3,39,25,12.8,45.1,9525,45,38,3,2,0,9.84,1.71,0.79,0.64,0.02,119,8.5,17,0.28,34,4.3,0.27,0.33,3.34,201,48,86.7,8.7,43.5,128,4.2,1.81,0.55,0.5,0,0.5,57,10,32,18,5.4,3.5,1.9,1.84,0.8,38.1,17.7927,22.24,92,4.8,112,7.2,78.65,145,177,322,45.03,5.7,116.89,1.2,170.6,22.9,744.98,9.8,2.1,115,17.2,3.34,115,93,84,150
200869,GYAHD09KLM,268362,22/10/2018,07:31,08:37,Pale Yellow,Opaque,1.017,4.6,Negative,Trace,Negative,Negative,Negative,Normal,Negative,13-15,2,1-4,Rare,Few,NIL,5.9,5.5,45.6,98.7,10,12,14.3,42.1,5946,52,33,3,3,0,9.9,1.94,0.77,0.02,0.09,184,7.3,13,0.23,27.7,5.7,0.08,0.09,0.39,197,40,63.5,47,235,170,4.9,1.59,0.63,0.7,0,0.7,98,47,17,23,6.7,4.7,2,2.35,0.6,17.6,8.2192,13.7,138,5.7,97,2.5,88.61,106,312,418,25.36,5.7,116.89,0.6,10.9,130.8,8.33,10.2,3.1,243,4.2,2.32,106,109,76,132
314766,GYAHD07KLM,384277,24/10/2018,09:11,09:57,Orange,Clear,1.017,6.3,2+,Negative,1+,Negative,Negative,Normal,Positive,11-12,1,2-3,Nil,Few,NIL,12.8,5.5,42,82.5,23,30,14.3,39,10006,43,19,4,1,3.3,1.78,2.85,0.02,0.12,0,208,10.6,13,0.3,15.3,2.7,0.1,0.28,0.05,174,21,82.4,18.4,92,157,8.3,3.92,0.25,0.3,0,0.3,34,23,37,36,7.8,3.8,4,0.95,1,10.9,5.0903,5.09,145,5.3,106,6.3,49.31,112,110,222,50.45,6.1,128.37,0.7,13.1,90.8,14.43,11.8,5.6,199,12.7,2.07,122,122,70,91
555466,GYAHD02ODK,357881,24/10/2018,11:10,11:48,Light Yellow,Clear,1.01,4.6,Trace,Trace,Negative,Negative,Negative,Normal,Negative,3-5,2,1-3,Nil,Nil,NIL,14.6,4.8,53.8,86.8,30,27,16.2,26.4,21462,67,21,7,7,0,1.19,2.88,0.8,0.59,0.13,162,8.2,20,0.28,19.3,4.4,0.15,0.08,0.09,154,68,78.9,9.6,48,169,2.3,1.16,0.86,0.5,0.2,0.3,117,34,28,43,8.1,5,3.1,1.61,1.2,15,7.005,5.84,151,5.4,119,5.2,98.21,115,339,454,25.33,6,125.5,0.8,144.8,93.8,154.37,7.9,3.5,223,4,10.5,76,106,93,118
467648,PBCHD02MHS,714752,26/10/2018,10:07,10:44,Straw,Clear,1.021,6.9,Negative,Negative,Negative,Negative,Negative,3+,Negative,5-7,4,1-4,Nil,Nil,NIL,21.6,4.3,45.1,72.1,50,47,13.2,41.3,7578,58,19,5,4,0.6,9.91,3.36,0.24,0.13,0.03,226,5.8,15,0.21,14.5,5.2,0.15,0.49,0.09,162,42,32.6,14.5,72.5,91,3.9,0.78,1.29,1.9,0.9,1,72,56,17,27,8,3.9,4.1,0.95,1,202.6,94.6142,94.61,140,3,100,4.5,112.9,76,329,405,18.77,8.5,197.25,0.7,20.3,33.6,60.42,10.3,3.3,71,6.3,0.35,92,141,113,104
265778,MZLGI08MHP,750291,24/10/2018,07:55,09:17,Light Yellow,Slightly cloudy,1.015,5.2,Trace,Trace,Negative,Negative,Negative,Normal,Negative,9-11,1,2-3,Nil,Nil,NIL,5,5.8,48.4,80.3,8,10,14,40.9,9046,60,31,19,9,0,1.1,1.29,0.35,0.27,0.03,211,7.5,14,0.3,28.6,3.6,6.5,0.81,0.9,150,49,86.6,19.1,95.5,128,3.1,1.77,0.57,1,0.3,0.7,41,38,14,15,6,3.6,2.4,1.5,0.7,15.3,7.1451,10.21,138,6,98,5.1,79.58,95,270,365,26.03,5.9,122.63,0.9,14.3,427.6,3.34,10.2,4,209,9.8,1.3,108,94,109,109
349835,MZLGI11RJK,699465,26/10/2018,07:08,08:00,Light Yellow,Slightly cloudy,1.012,4.7,Negative,Trace,Negative,Negative,Negative,Normal,Negative,13-14,0,3-4,Nil,Nil,NIL,20.4,5.6,61,82.6,36,33,11.8,44.3,9797,70,13,6,3,0,7.51,1.12,0.7,0.44,0.05,133,10.6,13,0.11,30.3,1.3,0.23,0.19,3.14,173,34,126,35.9,179.5,121,5.1,3.71,0.27,0.5,0,0.5,114,55,29,42,7.2,4.1,3.1,1.32,1.7,7.1,3.3157,1.95,111,4.5,98,6.1,113.96,144,342,486,29.63,9.6,228.82,1,14.6,411.9,3.54,9,3.7,185,19.6,1.24,105,81,223,89
412998,PBCHD01KLC,377198,23/10/2018,10:17,11:14,Light Yellow,Hazy,1.02,6.3,Negative,Negative,Negative,Negative,Negative,Normal,Negative,6-7,14,3-3,Nil,Nil,NIL,16.5,6.1,39.8,85.4,27,41,14.3,40.9,8932,49,26,1,5,0,5.16,2.42,0.3,0.35,0.06,376,15.2,13,0.36,18.9,4.9,0.35,0.07,0.37,175,56,132.1,15.2,76,149,3.1,2.36,0.42,0.7,0.2,0.5,118,5,15,46,6,4.5,1.5,3,0.8,19.6,9.1532,11.44,131,1.9,103,8,117.81,82,315,397,20.65,6.7,145.59,0,12.3,92.9,13.24,9.9,4.6,149,17.7,4.9,98,77,78,121
806590,MZLGI06GJS,179209,26/10/2018,06:07,06:58,Red,Clear,1.019,6.6,Trace,Negative,Negative,Negative,Negative,Normal,Negative,5-7,0,1-2,Nil,Few,NIL,14.6,3.7,43,98.5,39,33,11.8,43.7,9288,33,23,6,6,0.7,9.39,2.98,0.21,0.1,0.08,150,8.5,25,0.27,26.8,1.5,0.28,0.32,0.32,233,51,70.1,12.7,63.5,209,4.6,1.37,0.73,0.7,0.3,0.4,129,45,13,26,7.1,4.4,2.7,1.63,1,32.3,15.0841,15.08,144,4.8,106,6.6,91.72,143,309,452,31.64,8.1,185.77,0.1,21.5,214.5,10.02,11.1,3.7,117,4.8,7.03,97,62,79,100
961104,KLTRS04KLP,233850,22/10/2018,10:14,11:00,Pale Yellow,Slightly cloudy,1.012,6.8,Trace,Trace,Negative,Negative,Negative,2+,Negative,48-53,1,2-2,Nil,Nil,Fat droplets or lipiduria,8.5,5.6,54.4,86.9,15,15,12.3,41.2,4484,21,20,6,14,0,6.93,0.34,0.38,0.69,0.08,307,14.6,13,0.14,27.7,6.8,0.29,0.62,0.69,157,71,87.1,33.6,168,79,2.2,1.23,0.82,0.5,0.2,0.3,56,47,24,29,6,4.6,1.4,3.29,0.6,16.2,7.5654,12.61,135,3.5,108,4.9,108.17,139,345,484,28.72,5.8,119.76,0.8,12.6,72,17.5,11.3,2.6,142,4.1,9.59,70,94,79,74
919452,MZLGI13BRC,517802,23/10/2018,11:53,13:12,Light Yellow,Clear,1.019,6.5,Trace,Trace,Negative,Negative,Negative,Normal,Negative,11-12,0,12-11,Nil,Nil,NIL,15.9,4.6,59.4,90.2,34,26,12.1,42.1,10203,42,39,1,6,0,20.6,0.37,0.02,0.05,0.06,279,7.8,11,0.37,15,2.5,0.06,0.19,0.34,228,51,124,43.8,219,125,4.5,2.43,0.41,0.9,0.3,0.6,120,25,63,33,8.1,3.7,4.4,0.84,1.1,6.9,3.2223,2.93,142,5.4,95,5.5,97.33,85,100,185,45.95,5.9,122.63,0.8,21.2,217.7,9.74,9.3,3.4,320,6.1,3.72,106,125,122,72
838977,PBCHD06SKM,403240,24/10/2018,07:30,08:31,Light Yellow,Hazy,1.022,6.9,1+,Trace,1+,Negative,Negative,Normal,Negative,93-97,1,1-2,Nil,Nil,NIL,14.4,4.6,41.9,89.8,31,34,14.4,39.1,7121,54,22,5,2,0,7.72,2.3,0.65,0.07,0.08,399,13.5,14,0.21,35.1,3.8,0.1,0.62,0.38,232,58,113.7,35.8,179,178,4,1.96,0.51,0.6,0,0.6,257,36,38,33,7.3,5.5,1.8,3.06,0.9,18.1,8.4527,9.39,146,3.3,103,2.8,23.36,148,280,428,34.58,8.8,205.86,0.5,21.2,121.9,17.39,10.6,3.4,166,8.6,7.44,91,70,69,63
228310,MZLGI07BRC,125347,26/10/2018,07:30,08:16,Pale Yellow,Slightly cloudy,1.013,5.5,Negative,Trace,Negative,Negative,Negative,Normal,Negative,TNTC,2,>20,Moderate,Nil,Yeast cells,8.6,4,50.7,90.2,21,16,14.2,39.3,2304,46,50,1,7,3.1,3.97,1.56,0.29,0.12,0.07,349,17,14,0.29,20.3,2,0.32,0.36,0.38,139,57,95.5,41.5,207.5,124,2.4,1.68,0.6,0.3,0,0.3,128,49,21,26,7.4,4.5,2.9,1.55,1,11.8,5.5106,5.51,140,4.7,105,5.3,111.23,75,298,373,20.11,5.7,116.89,0.6,20.3,45.9,44.23,11.9,4.4,61,21.8,0.79,119,95,110,180
407248,MZLGI02BRC,450082,26/10/2018,09:09,09:45,Yellow,Clear,1.013,6.6,Trace,Trace,Negative,Negative,Negative,Normal,Negative,11-12,1,2-3,Nil,Nil,NIL,14.1,4.8,51.2,104.6,29,27,14.6,42.7,8170,58,37,9,4,0,6.92,1.58,0.24,0.22,0.15,371,7.6,13,0.27,20.4,3.2,0.31,0.44,0.1,194,57,111,31.3,156.5,108,3.4,1.95,0.51,0.7,0.3,0.4,70,47,10,110,6.2,4.2,2,2.1,1.2,16.4,7.6588,6.38,129,2.8,85,6.2,106.83,135,222,357,37.82,12.2,303.44,0.1,15.8,88.1,17.93,8.1,2.3,171,7.5,2.64,96,83,82,169
182969,GYAHD01KLM,881733,23/10/2018,11:44,12:40,Yellow,Clear,1.018,6.6,Negative,Trace,Negative,Negative,Negative,Normal,Negative,8-9,2,2-2,Rare,Nil,NIL,6.7,6.1,53.8,84.2,10,12,13.5,41.3,4383,53,23,2,8,0,7.54,0.4,0.15,0.53,0.01,346,6.2,15,0.38,18,4.2,0.27,0.06,0.38,168,40,84.3,17.7,88.5,120,4.2,2.11,0.47,0.9,0.2,0.7,48,42,39,40,7.4,3.6,3.8,0.95,0.7,8.4,3.9228,5.6,145,4.2,101,6.7,97.68,117,249,366,31.97,6.4,136.98,0.8,617.1,188.5,327.37,8.8,2.8,185,8.5,1.13,92,134,67,164
986429,PBCHD04KLC,457980,26/10/2018,09:49,11:04,Straw,Cloudy,1.017,7,Trace,2+,Negative,Negative,Negative,Normal,Negative,7-8,2,3-4,Few,Nil,Amorphous debris,17.8,5.8,39.7,85.5,30,44,13.2,41.8,6108,42,53,5,3,0,4.61,2.09,0.36,0.03,0.06,115,8.1,13,0.39,20.1,4.9,5.68,0.91,0.31,202,44,55,34.1,170.5,64,4.6,1.25,0.8,0.5,0,0.5,40,22,35,21,7.6,4.1,3.5,1.17,0.9,7.8,3.6426,4.05,140,3,87,6.2,119.83,184,276,460,40,8.5,197.25,0.2,17.2,136.2,12.63,9.6,3.3,157,7.8,2.51,70,82,87,71
567292,MZLGI05BRC,294927,26/10/2018,10:07,11:07,Light Yellow,Slightly cloudy,1.015,4.9,1+,Negative,Negative,Negative,Negative,Normal,Negative,14-15,0,3-4,Nil,Nil,NIL,12.7,5,35.7,90,25,35,11.7,43.5,9427,69,34,4,8,0,2.9,2.83,1.19,0.48,0.09,318,9.9,15,0.14,15,1,0.08,1.46,2.73,170,42,99,28.4,142,162,4,2.36,0.42,0.7,0.2,0.5,91,20,7,47,6.3,4.7,1.6,2.94,1.1,9.5,4.4365,4.03,138,4.6,97,4.4,100.45,151,217,368,41.03,6.2,131.24,0.6,28.3,128.7,21.99,11.2,3.9,303,13.1,0.75,75,89,85,78
227829,MZLGI09RJK,864640,25/10/2018,10:40,11:28,Pale Yellow,Clear,1.014,5.1,2+,Negative,Negative,1+,Negative,Normal,Negative,8-10,2,1-4,Few,Nil,Parasites,18.6,4.2,27.4,80.4,44,67,12.6,42.6,7124,78,45,6,5,10.5,11.22,4.18,0.79,0.03,0.01,77,5.7,15,0.09,30.8,1.4,0.95,0.74,0.15,209,35,24.6,5.3,26.5,141,6,0.7,1.42,0.7,0,0.7,59,43,14,21,7.5,4.2,3.3,1.27,0.7,5.6,2.6152,3.74,138,5.1,99,5.5,108.92,143,327,470,30.43,6,125.5,0,102.1,86.2,118.45,10.8,3,168,8.3,1.49,79,62,264,67
577169,PBCHD11PBM,475697,22/10/2018,11:11,12:31,Light Yellow,Clear,1.012,6.2,Negative,Negative,Negative,Negative,Negative,Normal,Negative,8-10,0,3-2,Nil,Nil,NIL,13.1,4.4,53.5,84.8,29,24,9.1,32,9313,54,33,4,8,0,1.91,1.25,0.53,0.32,0.09,436,7.2,10,0.17,21.3,0.1,0.22,0.28,0.17,212,79,82.4,37.8,189,214,2.7,1.04,0.96,0.7,0.1,0.6,48,81,24,31,7.8,4.3,3.5,1.23,1.1,17.5,8.1725,7.43,137,3,108,5,93.16,107,344,451,23.73,8.3,191.51,0.3,24.6,78.2,31.46,10.2,4.5,64,4.4,3.34,79,148,108,90
862569,KLTRS14MLT,786471,25/10/2018,07:21,07:56,Pale Yellow,Slightly cloudy,1.018,5.1,Trace,Negative,Negative,Negative,Negative,Normal,Negative,TNTC,2,1-4,Nil,Nil,NIL,3.4,4.8,49.7,80,7,6,14.4,44,7347,51,24,2,2,0,5.68,2.4,0.14,0.11,0,136,11.9,14,0.22,14.2,2.3,1.99,0.3,0.48,225,45,86.4,59.4,297,158,5,1.92,0.52,0.6,0.1,0.5,123,26,36,40,7.2,4,3.2,1.25,1.1,7.8,3.6426,3.31,122,3.7,110,3.9,99.05,150,94,244,61.48,5.7,116.89,0.2,22.4,75,29.87,9,4.5,83,5.9,1.31,75,93,192,82
980433,GYAHD13ODK,152823,26/10/2018,10:54,12:06,Pale Yellow,Clear,1.019,4.6,Negative,Negative,Negative,Negative,Negative,Normal,Negative,9-11,1,17-12,Nil,Nil,Fungal elements,15.6,6,20,84,26,78,14.3,31.6,10330,44,40,2,2,11.6,1.02,0.59,0.26,0.35,0.1,208,14.2,20,0.45,30.3,2.8,0.11,0.32,0.86,153,54,167.2,10.6,53,140,2.8,3.1,0.32,1,0.3,0.7,72,55,19,33,6.6,3.5,3.1,1.13,1.2,6.8,3.1756,2.65,120,4.4,101,6.9,111.33,81,346,427,18.97,8.4,194.38,0,17.3,66.5,26.02,11.3,2.9,276,10.1,3.1,92,94,70,208
596373,KLTRS10NLZ,839851,22/10/2018,09:36,10:48,Pale Yellow,Slightly cloudy,1.014,6.2,Trace,Trace,Negative,Negative,Negative,Normal,Negative,94-99,0,3-2,Nil,Nil,Artifacts,9.3,4.8,33.8,79.3,19,27,12.9,39.7,6447,51,35,6,2,0,9.32,2.64,0.05,0.36,0.01,159,13.7,15,0.08,34.6,1.4,2.76,0.39,0.03,138,25,89.7,61.1,305.5,143,5.5,3.59,0.28,2.1,1,1.1,85,8,26,23,7.6,5,2.6,1.92,0.8,14.7,6.8649,8.58,127,4.7,107,7,96.9,155,184,339,45.72,6.3,134.11,0.6,195.1,126.7,153.99,9.6,3.3,225,9.9,0.24,120,126,74,73
805706,MZLGI08MHP,243116,25/10/2018,09:19,09:49,Light Yellow,Clear,1.018,6.8,Trace,Trace,Trace,Negative,Negative,3+,Negative,7-9,15,3-3,Nil,Rare,NIL,15.6,5.1,49.3,43.8,30,31,12.6,41.2,4434,33,46,6,10,0,18.44,1.54,0.21,0.28,0.06,540,11.7,16,0.29,12.2,0.5,0.23,4.38,0.36,182,59,41,98.4,492,95,3.1,0.69,1.44,0.7,0.3,0.4,68,5,26,14,6.2,3.9,2.3,1.7,0.6,15.1,7.0517,11.75,138,4.7,103,2.9,105.64,183,353,536,34.14,8.2,188.64,0.7,10.8,119.8,9.02,11.2,5.9,293,8.3,3.79,193,86,103,148
704383,GYAHD03ODK,410585,25/10/2018,08:48,09:56,Yellow,Clear,1.017,7,Trace,Negative,Negative,Negative,Negative,Normal,Negative,5-6,2,3-3,Nil,Few,Fat droplets or lipiduria,10.1,6.9,32.2,97.6,14,31,12,41.2,2444,38,36,22,8,0,0.69,1.89,0.21,0.94,0.02,179,13.4,13,0.33,32.2,6.3,0.13,0.02,0.07,191,23,91.5,34.1,170.5,170,8.3,3.98,0.25,0.7,0.3,0.4,65,30,27,38,6.4,4.5,1.9,2.37,0.6,7.2,3.3624,5.6,149,3.1,103,3.4,40.34,143,281,424,33.73,6.7,145.59,3,171,102.5,166.83,10.3,2.5,187,9.1,0.06,141,99,89,150
697870,PBCHD11HPP,244164,25/10/2018,10:31,11:27,Light Yellow,Slightly cloudy,1.017,4.7,Trace,Negative,Negative,Negative,Negative,Normal,Negative,3-5,12,1-3,Nil,Moderate,Fat droplets or lipiduria,12.4,4.3,32.2,76.7,28,38,13.9,43.2,5105,37,20,5,5,0,0.16,2.84,0.13,0.43,0.02,260,10.3,10,0.6,34.4,3.7,0.22,0.21,0.58,236,44,74.9,16.8,84,65,5.4,1.7,0.59,0.5,0.2,0.3,80,25,12,22,6.5,4.8,1.7,2.82,0.9,7.5,3.5025,3.89,147,3.6,99,5.4,72.01,152,137,289,52.6,6.1,128.37,0.5,14.4,32.4,44.44,10.2,4.4,117,9.3,0.24,100,192,75,75
491695,GYAHD12ODK,168423,26/10/2018,08:24,09:03,Dark Yellow,Clear,1.03,7,Negative,Negative,Negative,Negative,Negative,Normal,Negative,3-5,1,3-2,Nil,Nil,NIL,10.5,5.4,32.1,69.6,19,32,11.8,43.1,2584,49,30,12,4,0,2.28,2.68,0.61,0.38,0.06,185,10.8,13,0.5,24.7,7,0,0.22,4.32,200,24,107.4,33,165,67,8.3,4.48,0.22,1,0.3,0.7,121,17,16,37,7.7,3.6,4.1,0.88,0.9,9.5,4.4365,4.93,120,4.3,97,5.7,31.35,83,246,329,25.23,5.8,119.76,0.8,11.2,52.8,21.21,10,2.6,225,12,0.52,77,65,78,133
590687,KLTRS04ODB,255056,23/10/2018,09:54,11:21,Light Yellow,Hazy,1.013,4.8,Negative,1+,Negative,Negative,Negative,Normal,Negative,TNTC,1,2-3,Nil,Nil,NIL,18.7,5.6,54.5,89.9,33,34,11.5,40.4,9866,72,17,1,2,0,8.33,1.16,0.32,0.01,0.14,216,11.9,11,0.24,22.5,4.8,0.02,0.03,0.24,191,77,69.7,15.1,75.5,91,2.5,0.91,1.1,0.7,0.3,0.4,56,44,22,43,7.7,4.1,3.6,1.14,0.7,14.4,6.7248,9.61,127,3.6,113,5.9,111.56,117,201,318,36.79,10.3,248.91,0.3,13.3,64.4,20.65,9.4,5.4,50,19,2.5,99,80,97,131
206179,PBCHD12GAM,100643,25/10/2018,06:36,07:37,Light Yellow,Clear,1.017,6.2,1+,Negative,Negative,Negative,Negative,Normal,Negative,3-5,2,2-2,Nil,Nil,NIL,12,6.5,43.3,79.8,18,27,11.6,39.3,8276,79,54,2,4,0,6.9,4.74,0.15,0.41,0.11,250,11.4,17,0.22,29.5,0.1,0.23,0.67,0.2,181,43,83.2,51.2,256,130,4.2,1.93,0.52,0.9,0.3,0.6,61,17,38,13,7,4.4,2.6,1.69,0.9,219.3,102.4131,113.79,123,2.9,108,4.9,108.1,142,286,428,33.18,6.2,131.24,0.3,961,111.2,864.21,11.4,4.4,151,22.2,3.55,94,60,69,125
101476,GYAHD10ODK,528794,23/10/2018,06:30,07:19,Light Yellow,Slightly cloudy,1.023,6.9,Negative,Trace,Negative,Negative,Negative,Normal,Negative,TNTC,2,2-2,Nil,Nil,NIL,13.7,4.5,45.4,76.8,30,30,12.3,41.3,3030,45,33,1,2,0,10.43,2.94,0.39,0.46,0.01,418,7.7,12,0.37,17.1,2.2,0.01,0.52,0.32,152,54,94.4,84.6,423,131,2.8,1.75,0.57,0.7,0.2,0.5,124,28,24,26,6.1,3.6,2.5,1.44,1,16.7,7.7989,7.8,148,2.6,109,6.3,113.32,95,148,243,39.09,6.2,131.24,0.1,18.9,41.6,45.43,10,3.5,158,5.5,1.23,79,91,208,81
326788,PBCHD10PBP,627971,23/10/2018,09:45,11:11,Light Yellow,Slightly cloudy,1.023,6.8,Negative,Trace,Negative,Negative,Negative,Normal,Negative,12-14,1,3-3,Nil,Nil,NIL,9.5,5.9,63.8,77.7,16,14,12.5,47.4,10935,52,45,6,6,0,17.64,0.89,0.87,0.11,0.44,767,9.8,16,0.36,27,2,1.17,0.27,0.31,154,55,75.1,40.1,200.5,123,2.8,1.37,0.73,8.5,4.2,4.3,46,17,78,14,6.6,4.3,2.3,1.87,1,19.9,9.2933,9.29,144,4.3,106,4.5,115.96,73,253,326,22.39,6.1,128.37,0.4,94.8,130.8,72.48,9.7,5.6,112,10,6.6,125,89,81,91
339807,KLTRS01ODB,161574,22/10/2018,08:01,09:14,Yellow,Clear,1.015,4.4,Trace,Negative,Negative,Negative,1+,Normal,Negative,3-4,2,3-3,Nil,Few,Fungal elements,16,5.4,27.7,91.4,29,57,13.5,40.3,8616,47,37,5,2,0,3.17,4.68,0.15,0.47,0.1,167,5,12,0.08,32.6,0.6,0.29,1.6,0.37,102,73,107.7,100.5,502.5,102,1.4,1.48,0.68,0.9,0.3,0.6,94,16,13,46,7.4,3.8,3.6,1.06,1.2,19.1,8.9197,7.43,149,4.4,91,2.4,117.9,188,351,539,34.88,8.8,205.86,0.3,27.3,177.5,15.38,8.2,2.6,127,8.8,2.19,122,75,316,240
883336,KLTRS11WBD,675347,23/10/2018,11:32,12:48,Light Yellow,Clear,1.024,6.8,Negative,Negative,Negative,Negative,Negative,Normal,Negative,6-7,2,2-2,Nil,Nil,Fungal elements,17.6,6.4,50.7,88.5,27,34,12.1,48,2561,56,21,6,11,0,0.68,2.7,0.59,0.21,0.08,382,10.8,15,0.22,33.3,4.8,0.79,0.02,0.31,168,56,97.5,10.6,53,66,3,1.74,0.57,0.6,0.1,0.5,124,49,18,47,7.7,3.9,3.8,1.03,0.8,11.3,5.2771,6.6,145,4.2,98,2.4,103.78,167,184,351,47.58,5.3,105.41,0.4,15.5,131,11.83,9.9,2.2,75,10.9,1.96,112,163,91,188
295849,MZLGI13BRC,716247,25/10/2018,09:43,10:59,Pale Yellow,Hazy,1.029,4.8,Negative,Negative,Negative,Negative,Negative,Normal,Positive,9-10,2,14-19,Nil,Nil,Yeast cells,13.1,4.5,30.7,44.2,29,42,13.7,48,8049,57,38,1,7,0,8.42,6.61,0.45,0.02,0.14,383,6,15,0.57,23,0.1,0.23,5.37,0.32,185,30,81.7,8.8,44,196,6.2,2.72,0.37,0.5,0.2,0.3,121,29,29,47,7.7,3.3,4.4,0.75,1,13.5,6.3045,6.3,135,4.5,103,5.3,85.64,93,154,247,37.65,6.7,145.59,0.8,26.9,65.4,41.13,8.5,3.6,155,4.7,3.36,72,63,79,116
454492,MZLGI10GJS,519770,26/10/2018,10:11,11:31,Pale Yellow,Clear,1.02,4.5,Negative,1+,Negative,Negative,Negative,Normal,Negative,8-9,2,9-20,Nil,Few,Fat droplets or lipiduria,9.2,6,19.8,49.1,15,46,13.7,44,4658,34,20,2,5,0,6.94,2.45,0.62,0.01,0,416,7.2,14,0.43,27.8,2.6,0.33,0.43,0.31,165,37,75.3,14.3,71.5,64,4.5,2.04,0.49,0.7,0,0.7,89,32,23,27,6.3,4.5,1.8,2.5,0.9,19.8,9.2466,10.27,139,4.4,106,2.3,115.89,90,353,443,20.32,7.8,177.16,0.4,16.8,43.4,38.71,7.6,2.2,140,6.1,3.1,74,95,88,138
129694,MZLGI15MHP,371555,23/10/2018,11:56,12:34,Light Yellow,Clear,1.002,5.3,1+,Trace,Negative,Negative,Negative,Normal,Negative,7-8,2,1-4,Nil,Nil,NIL,1.4,4,54.5,93.2,3,2,13.5,45.6,7440,55,23,6,4,0.7,7.82,1.25,1.33,0.22,0.09,409,9,18,0.22,26.4,3.1,1.67,0.31,0.24,156,40,78,23.1,115.5,163,3.9,1.95,0.51,0.6,0.1,0.5,55,17,28,19,6.2,3.6,2.6,1.38,1.1,15.6,7.2852,6.62,124,3.6,93,2.8,102.68,78,124,202,38.61,6.2,131.24,0.8,20,93.4,21.41,7.6,5.9,70,6.4,1.68,81,82,85,137
509745,GYAHD01KAU,270655,22/10/2018,07:10,08:20,Light Yellow,Clear,1.04,5,Negative,Trace,Negative,Trace,Negative,Normal,Negative,3-5,1,3-2,Nil,Nil,Amorphous debris,9.4,6,31.7,86.7,15,29,14.1,42,9321,69,30,5,11,0.8,7.48,1.07,0.53,0.27,0.03,412,10.2,17,0.1,28.1,3.7,5.05,4.08,0.39,174,43,68.2,64.9,324.5,148,4,1.59,0.63,0.8,0.1,0.7,83,30,23,38,6,3.6,2.4,1.5,0.5,8.1,3.7827,7.57,136,4.3,95,5,111.01,162,131,293,55.29,8.1,185.77,0.6,25.1,121.6,20.64,11.3,6,70,8.8,3.52,74,71,61,61
343123,MZLGI01MHP,265070,26/10/2018,08:25,09:26,Pale Yellow,Slightly cloudy,1.018,6.5,Trace,Negative,Negative,Negative,Negative,Normal,Negative,11-12,0,2-2,Nil,Nil,NIL,10.8,4.2,56.1,80.6,25,19,13.1,40.7,4774,58,47,10,8,0,3.02,2.08,0.62,0.1,0.09,222,10.2,10,0.13,16.4,3.5,2.53,0.26,0.16,154,42,122.2,24.8,124,125,3.7,2.91,0.34,0.5,0,0.5,112,22,15,29,6.7,4.8,1.9,2.53,0.6,20,9.34,15.57,145,3.8,108,5.6,102.69,81,282,363,22.31,6.1,128.37,0.3,163.8,98.7,165.96,9.1,5.1,110,21.2,1.59,87,64,101,105
324166,KLTRS05ODB,882537,24/10/2018,07:10,08:07,Pale Yellow,Slightly cloudy,1.436,4.5,Trace,Negative,Negative,Trace,Negative,Normal,Negative,63-67,2,3-4,Nil,Nil,Fat droplets or lipiduria,8.5,6.6,14.7,72.1,12,57,12.8,40.6,4233,39,30,6,2,0.8,0.51,1.71,0.65,0.21,0.06,416,8.1,10,0.2,13.4,4.1,0.95,0.07,0.07,715,59,136,32.7,163.5,144,12.1,2.31,0.43,0.8,0.3,0.5,125,37,61,42,6.5,3.5,3,1.17,0.7,10.1,4.7167,6.74,121,2.8,86,3.9,40.76,150,257,407,36.86,6.3,134.11,0.6,11.4,110.4,10.33,9.9,3.5,98,13.2,0.16,145,74,103,173
162743,PBCHD05CGD,987616,22/10/2018,07:15,08:19,Light Yellow,Hazy,1.03,4.9,Trace,Negative,Negative,Negative,Negative,Normal,Negative,8-10,0,2-2,Nil,Nil,Amorphous debris,16.6,4.5,59.6,95.8,36,27,12.3,39.2,8421,43,20,5,4,0,4.69,2.3,0.57,0.01,0.03,815,17.4,14,0.13,23.7,1,0.24,0.16,0,194,56,85.4,93.7,468.5,176,3.5,1.53,0.66,5.3,2.6,2.7,88,48,14,45,6.4,3.6,2.8,1.29,0.7,10.5,4.9035,7.01,147,4.2,73,5.6,106.59,122,194,316,38.61,5.7,116.89,0.8,14,284.2,4.93,9.2,4.6,199,9.9,3.73,81,193,81,97
524928,GYAHD10KLM,971703,25/10/2018,10:16,10:51,Orange,Clear,1.019,7.2,Negative,Trace,Negative,Negative,Negative,Normal,Negative,2-3,1,3-2,Nil,Nil,Amorphous debris,16.8,6.6,38.3,97.2,25,43,10.7,41.4,10064,50,15,5,2,0,3.35,1.4,0.35,0.23,0.08,279,10.3,25,0.36,22.5,3.8,3.19,0.28,0.02,184,49,114.8,7,35,133,3.8,2.34,0.43,0.9,0.3,0.6,128,15,21,43,7.8,4.4,3.4,1.29,1,14.8,6.9116,6.91,131,4.5,123,3.6,17.01,169,352,521,32.44,6,125.5,0.6,18.4,106,17.36,9.7,4.3,219,11.2,6.67,91,71,98,235
543208,MZLGI03BRC,983236,23/10/2018,11:07,12:08,Light Yellow,Hazy,1.024,6.1,Negative,Negative,Negative,Negative,Negative,Normal,Negative,TNTC,1,1-4,Nil,Nil,NIL,14.4,5.5,25.3,75.4,26,56,16.2,41.7,5082,65,28,6,4,0,3.27,2.2,0.81,0.3,0,448,17.5,13,0.67,25.9,0.1,0.56,0.26,0.33,204,56,119.8,46,230,174,3.6,2.14,0.47,0.3,0.1,0.2,94,5,22,44,8.1,4.8,3.3,1.45,0.7,14,6.538,9.34,143,3.1,97,5.2,117.06,78,196,274,28.47,6,125.5,4.4,64.2,106.9,60.06,7.8,3.5,108,9.2,3.78,114,81,115,175
681216,PBCHD01PBM,474735,26/10/2018,07:45,08:21,Orange,Slightly cloudy,1.019,5.9,1+,Trace,Negative,Negative,Negative,Normal,Negative,9-10,4,2-3,Nil,Nil,Amorphous debris,11.9,4.4,52.6,80.1,27,22,14.4,44,8496,50,26,3,8,0,0.84,2.75,0.03,0.2,0.04,276,8.8,11,0.26,28.1,4,0,0.29,0.1,179,47,56.7,22.5,112.5,181,3.8,1.21,0.83,0.7,0,0.7,80,22,24,30,7.9,3.6,4.3,0.84,2.1,19.5,9.1065,4.34,126,4.3,110,3,117.16,199,167,366,54.37,5.7,116.89,2.3,20.9,26.5,78.87,9.2,2.1,251,19.6,2.2,96,61,80,98
591383,PBCHD13PBM,814442,24/10/2018,08:30,09:13,Pale Yellow,Slightly cloudy,1.019,4.9,Negative,Negative,Negative,Negative,Negative,Normal,Negative,4-6,0,1-4,Nil,Nil,NIL,19.1,3.4,28.2,88.6,56,67,13,49.3,6304,40,33,3,2,0,3.23,2.84,0.45,0.03,0.09,189,10.4,17,0.05,19.6,0.1,0.24,1.69,0.33,225,26,92,96.5,482.5,123,8.7,3.54,0.28,0.7,0.3,0.4,78,14,24,24,6.8,3.8,3,1.27,1.2,11.3,5.2771,4.4,142,5,102,5.7,106.55,85,118,203,41.87,8.6,200.12,0.1,12.4,102.1,12.14,9.8,5.1,63,23.6,3.29,112,91,76,93
281999,MZLGI01APK,445795,26/10/2018,11:50,13:11,Pale Yellow,Slightly cloudy,1.018,4.9,Trace,Trace,Negative,Negative,Negative,Normal,Negative,TNTC,2,2-3,Nil,Nil,NIL,10.5,6.6,40.1,85.9,15,26,11.5,39.2,6350,10,15,6,6,1,20.62,2.73,0.56,0.28,0.05,152,11.8,14,0.6,32.8,3.5,0.09,0.29,0.85,181,67,111.7,103.3,516.5,151,2.7,1.67,0.6,0.9,0.2,0.7,110,50,11,39,7.5,4.2,3.3,1.27,1,17.6,8.2192,8.22,143,3.6,99,5.6,91.5,129,122,251,51.39,6.2,131.24,0.7,14.4,270.9,5.32,9,3.8,286,5.2,2.21,84,73,88,164
489332,MZLGI07GJS,265225,22/10/2018,11:36,13:05,Straw,Slightly cloudy,1.015,6.5,Negative,Negative,Negative,Negative,Negative,Normal,Negative,9-10,0,8-13,Moderate,Rare,Parasites,18.4,6.8,33.9,73.4,27,54,12.3,41.1,8718,38,31,1,7,0.7,2.93,2.93,0.21,0.31,0.01,429,11.5,8,0.39,23.3,7.2,0.02,0.17,0.39,178,50,143.9,36.5,182.5,156,3.6,2.88,0.35,1,0.3,0.7,113,3,30,19,7.2,3.8,3.4,1.12,0.6,10.2,4.7634,7.94,133,4.6,101,2.4,98.06,156,302,458,34.06,6.1,128.37,0.9,15.7,134.1,11.71,9.4,4.3,49,9.9,0.97,105,99,91,61
828189,PBCHD15NLM,534205,23/10/2018,10:12,11:11,Pale Yellow,Slightly cloudy,1.016,7,Trace,1+,Negative,Negative,Negative,Normal,Negative,9-10,2,3-2,Rare,Nil,NIL,15.7,7.4,48.6,97.3,21,32,13.1,42.7,10466,59,40,1,2,0,12.47,6.07,0.88,0.41,0.08,399,7.1,14,0.26,14.6,3.4,0.93,0.37,0.31,151,58,124.1,15.4,77,181,2.6,2.14,0.47,0.2,0,0.2,62,9,16,26,7.6,3.6,4,0.9,1.2,53.5,24.9845,20.82,125,2,105,5.9,106.75,150,348,498,30.12,6.5,139.85,0.2,21.9,127.3,17.2,8.1,3.4,241,16.8,1.54,121,92,102,267
907201,MZLGI14RJK,352786,26/10/2018,10:22,11:36,Yellow,Clear,1.023,4.5,1+,Trace,Negative,Negative,Negative,Normal,Negative,55-58,1,2-3,Nil,Nil,NIL,8.2,4,52.3,91.2,20,15,11,33.7,8913,38,55,6,10,0,17.08,2.25,0.88,0.33,0.2,371,10.9,7,0.28,12.8,1.7,3.23,0.01,0.08,153,54,71.5,12.1,60.5,75,2.8,1.32,0.76,0.8,0.3,0.5,107,24,13,15,6.3,4,2.3,1.74,1,13.5,6.3045,6.3,144,4.8,113,4.7,61.78,75,119,194,38.66,5.8,119.76,0.8,12.2,115.1,10.6,9.3,2.7,282,11.4,2.33,170,82,225,183
851495,KLTRS08KLP,799834,25/10/2018,10:13,11:26,Yellow,Clear,1.013,6.9,Trace,Negative,Negative,Negative,Negative,Normal,Negative,6-8,0,16-13,Nil,Nil,Mucus threads,13,5.7,61.5,81.2,22,21,14.6,44.3,8244,58,29,3,12,0.6,7.03,2.96,0.54,0.34,0.14,201,10.1,8,0.34,20,1.7,0.12,0.35,0.2,238,45,78.1,104.8,524,85,5.3,1.74,0.58,0.3,0,0.3,93,39,37,30,6.9,4.9,2,2.45,0.7,29.4,13.7298,19.61,134,7.9,96,2.7,109.75,143,259,402,35.57,8.2,188.64,0.5,15.2,110.6,13.74,8.9,2.6,107,7,12.01,86,86,118,105
665912,KLTRS11KLP,706397,25/10/2018,09:24,10:26,Green,Clear,1.012,4.3,Trace,Negative,Negative,Negative,Negative,Normal,Negative,12-13,1,1-4,Nil,Nil,Fat droplets or lipiduria,18.2,5.2,47.9,98.7,35,37,12.1,41.5,10401,57,18,4,8,0,2.58,2.61,0.28,0.54,0.03,238,16.6,11,0.39,21.8,4.7,0.71,0.27,0.23,135,57,73.8,29.6,148,93,2.4,1.29,0.77,4.3,2.1,2.2,68,15,20,14,7.5,3.5,4,0.88,1,18.3,8.5461,8.55,143,5.8,100,2.5,107.05,169,139,308,54.87,8.1,185.77,0.1,122.5,122.3,100.16,9.1,3.2,192,10.1,2.45,71,86,79,79
710136,PBCHD01MHS,626551,23/10/2018,06:45,07:19,Pale Yellow,Clear,1.011,6.7,Trace,Negative,Negative,Negative,Negative,Normal,Negative,7-8,2,12-16,Nil,Nil,NIL,15.8,5,53.9,75.5,31,29,13.3,39.4,7815,26,29,4,8,0,6.46,2.11,0.07,0.41,0.06,391,11.3,12,0.27,46.3,6.2,0.25,0.25,0.31,196,53,81.5,16.4,82,167,3.7,1.54,0.65,1,0.3,0.7,115,7,19,33,7.1,4.8,2.3,2.09,0.9,8.3,3.8761,4.31,148,3.7,95,4.9,97.74,64,192,256,25,6,125.5,3.3,290.2,72.4,400.83,9.1,6.5,153,3.2,3.17,117,93,79,70
689221,KLTRS01TSS,733238,24/10/2018,07:29,08:05,Straw,Clear,1.019,5.2,Trace,Trace,Negative,Negative,Negative,Normal,Negative,TNTC,0,1-4,Nil,Nil,Artifacts,17.6,5,43.9,85.1,35,40,13.7,43,6483,44,29,3,3,0,20.99,5.83,0.89,0.09,0.04,149,10.9,15,0.34,17.2,5.2,0.3,0.35,0.15,167,46,66.9,21.4,107,78,3.6,1.45,0.69,0.8,0.2,0.6,66,50,21,14,6.3,3.5,2.8,1.25,1,13.9,6.4913,6.49,141,4.9,115,3.8,90.3,187,304,491,38.09,6.4,136.98,0.1,21.8,47,46.38,10.9,3.1,142,3.8,3.01,124,99,98,92
759388,GYAHD12JHJ,700116,26/10/2018,06:27,07:29,Light Yellow,Clear,1.015,4.2,Negative,Trace,Negative,Negative,Negative,Normal,Negative,12-14,1,11-17,Nil,Nil,NIL,15.3,5.8,54.5,58,26,28,14.4,44.7,7857,40,53,6,3,0,9.48,2.88,0.73,0.25,0.03,172,7.6,13,0.21,35.1,2.3,0.27,0.18,0.67,157,39,88.7,37.3,186.5,75,4,2.27,0.44,0.4,0.1,0.3,49,37,40,19,8,4.9,3.1,1.58,1.2,15.2,7.0984,5.92,136,2.6,107,5,116.53,102,335,437,23.34,8.8,205.86,0.3,626.2,117.4,533.39,8.7,3,67,6.1,1.76,112,111,78,81
226443,KLTRS01KLP,341910,22/10/2018,11:23,12:38,Straw,Clear,1.014,6.1,Trace,Trace,Negative,Negative,Negative,Normal,Negative,TNTC,0,6-18,Few,Few,NIL,14.7,5.6,39.8,89.5,26,36,14.1,42.6,10837,53,26,2,8,0,11.13,2.75,0.53,0.25,0.01,235,7.2,29,0.11,35.9,0.8,3.39,0.17,0.29,166,33,73.1,38.4,192,85,5,2.22,0.45,0.5,0.2,0.3,45,7,19,37,7,4.6,2.4,1.92,1.1,17.5,8.1725,7.43,121,4.3,100,2.5,112.86,104,140,244,42.62,6.1,128.37,0.4,22.7,133.5,17,11,5.9,92,5,1.96,73,274,123,139
286200,MZLGI06GJS,229945,22/10/2018,06:39,07:21,Orange,Clear,1.028,4.4,Negative,Trace,Negative,Negative,Negative,Normal,Negative,35-40,1,3-3,Nil,Moderate,NIL,19.7,5.9,24.2,44.8,33,81,11.7,46.1,23376,47,49,6,6,0,8.06,3.34,0.3,0.08,0.03,178,11.9,15,0.26,22.3,4.6,2.38,0.97,0.08,164,45,95.2,64.9,324.5,104,3.6,2.12,0.47,0.7,0.3,0.4,110,9,18,40,8.2,4.1,4.1,1,1.1,13.8,6.4446,5.86,146,2.6,100,5.8,98.51,68,224,292,23.29,6,125.5,0.3,12.9,212.3,6.08,9.4,3.8,66,17.5,0.08,89,71,79,445
199627,PBCHD14CGD,478859,25/10/2018,07:04,08:13,Straw,Clear,1.021,6.5,Negative,Trace,Negative,Negative,Negative,Normal,Negative,8-9,0,11-7,Nil,Nil,Amorphous debris,5.2,5.1,20.5,75.3,10,25,11.7,31.9,6431,76,27,8,2,0,1.13,2.08,0.24,0.06,0.04,391,7.2,15,0.14,21.7,0.6,0.06,0.79,0.35,157,43,66.4,35.3,176.5,167,3.7,1.54,0.65,0.4,0,0.4,98,50,27,19,8.3,4.3,4,1.08,0.8,12,5.604,7.01,131,5.8,101,2.9,110.19,229,318,547,41.86,7.3,162.81,1,24,78.9,30.42,9.6,5.7,91,18.9,2.12,74,70,94,112
692464,PBCHD08PBP,217032,23/10/2018,11:34,12:52,Pale Yellow,Clear,1.029,6,Negative,Trace,Negative,Negative,Negative,Normal,Negative,12-14,1,2-2,Nil,Rare,Fungal elements,16.6,5,30.2,76.2,33,54,13,32,8583,24,43,2,3,0.9,2.38,2.57,0.28,0.88,0.03,734,11.9,29,0.06,24.2,0.1,0.27,1.69,0.32,138,66,147.1,23.1,115.5,82,2.1,2.23,0.45,0.8,0.3,0.5,119,30,39,39,6.8,4.6,2.2,2.09,0.8,19,8.873,11.09,145,4.7,103,6.5,103.6,127,312,439,28.93,11.7,289.09,0.8,20.9,49.4,42.31,8.8,4.3,158,8.6,0.87,104,118,168,154
494945,GYAHD02KAU,292969,22/10/2018,11:18,12:06,Yellow,Clear,1.011,6.9,Negative,Trace,Negative,Negative,Negative,Normal,Negative,5-7,0,1-2,Nil,Nil,Amorphous debris,14.1,6.6,31.9,70.6,21,44,12.7,48.1,9224,49,28,5,8,8.3,20.05,0.67,0.62,0.24,0.13,159,15,11,0.49,13.4,2.5,0.5,5.99,0.13,150,45,104.2,33.5,167.5,82,3.3,2.32,0.43,0.7,0.1,0.6,47,7,13,47,8,3.9,4.1,0.95,1.1,18.2,8.4994,7.73,140,4.7,107,2.9,98.66,122,300,422,28.91,5.5,111.15,0.3,25.6,78.1,32.78,8.8,1.1,149,11.8,0.66,149,97,70,60
966160,MZLGI10GJS,634867,24/10/2018,09:43,10:18,Straw,Hazy,1.019,4.9,Trace,Negative,Negative,Negative,Negative,Normal,Negative,14-15,4,3-2,Nil,Rare,NIL,9.5,5.1,34.8,64.4,18,27,13.6,42.6,6568,22,18,3,7,0,2.97,1.57,0.55,0.08,0.06,191,8.8,19,0.38,21,0.5,0.92,0.33,0.07,157,21,80.3,24.7,123.5,79,7.5,3.82,0.26,0.3,0,0.3,60,46,39,36,8,5.2,2.8,1.86,0.6,14.6,6.8182,11.36,144,6,102,5.8,113.73,175,357,532,32.89,6.1,128.37,0.7,16.4,65.1,25.19,8,3.3,113,13.1,5.89,87,175,87,70
751778,MZLGI14BRC,262365,26/10/2018,08:47,09:43,Yellow,Clear,1.027,5.7,Trace,Negative,Negative,Negative,Negative,Normal,Negative,7-9,0,1-2,Nil,Few,NIL,21.8,5.2,41.1,85.4,41,53,16.1,44.3,8576,67,31,1,5,2.7,5.83,6.88,0.51,0.06,0.04,313,12.8,16,0.48,25,0.7,0.03,0.38,0.01,173,49,82.4,36.6,183,145,3.5,1.68,0.59,0.8,0.1,0.7,76,11,34,35,7.4,3.5,3.9,0.9,1,17.7,8.2659,8.27,138,2,97,3.2,98.7,97,352,449,21.6,5.8,119.76,0.6,17.5,180.9,9.67,6.1,5.7,162,6,1.28,107,62,64,245
490687,GYAHD01JHJ,714681,23/10/2018,10:07,10:39,Light Yellow,Clear,1.012,5.3,Trace,Negative,Negative,Negative,Negative,Normal,Negative,13-15,1,14-9,Nil,Nil,NIL,10.5,5.9,37.4,85.4,17,28,12,39.3,40966,55,42,1,8,0,0.81,1.28,0.14,0.53,0.19,328,13.4,17,0.26,23.2,0.9,0.29,0.37,0.86,199,49,95.6,34.8,174,214,4.1,1.95,0.51,0.7,0.3,0.4,87,102,35,27,7.2,4.4,2.8,1.57,1.8,11.6,5.4172,3.01,148,5.9,95,4.5,92.33,97,112,209,46.41,8.8,205.86,0.1,60.9,55.9,108.94,6.4,4.4,188,11.5,3.3,106,73,73,126
170923,KLTRS09MLT,502713,25/10/2018,07:01,07:36,Light Yellow,Clear,1.019,4.8,1+,1+,Negative,Negative,Trace,Normal,Negative,4-5,0,1-2,Nil,Nil,NIL,17.7,5.7,19.8,73.8,31,89,11.8,43.5,6841,51,15,2,5,0,5.55,5.55,0.16,0.31,0.07,120,8.7,20,0.22,32.9,4,0.13,0.5,0.04,160,46,78.9,32.5,162.5,199,3.5,1.72,0.58,0.7,0.2,0.5,71,44,99,9,7.9,4.1,3.8,1.08,0.9,7.8,3.6426,4.05,102,3.5,102,3.6,115.04,190,331,521,36.47,6.1,128.37,0.1,13,113.7,11.43,8.3,3.7,63,7.4,3.42,76,106,75,183
950377,GYAHD14KAU,427395,26/10/2018,08:08,09:23,Straw,Slightly cloudy,1.014,4.8,Trace,1+,Negative,Negative,Negative,Normal,Negative,53-54,1,3-4,Rare,Rare,Yeast cells,2,4.8,41.8,59.3,4,4,11.9,39.2,8142,44,29,5,2,0,1.39,1.43,0.39,0.08,0.08,400,7.3,5,0.23,12.5,2.4,0.25,0.38,0.22,176,54,83.3,22.7,113.5,146,3.3,1.54,0.65,1.3,0,1.3,89,56,32,17,7.9,4.5,3.4,1.32,0.9,17.9,8.3593,9.29,147,3,100,3.3,99.78,118,341,459,25.71,6.5,139.85,0.8,727.8,101,720.59,8.9,4.1,195,3.6,0.91,125,103,83,123
304730,MZLGI04MHP,228212,22/10/2018,08:20,08:53,Green,Clear,1.012,5,Negative,Negative,Negative,Negative,Negative,Normal,Negative,27-28,0,2-4,Nil,Nil,NIL,12.1,4.2,27.1,83.8,28,44,13.4,42.6,5400,59,16,18,7,0,1.03,2.79,0.49,0.44,0,104,11.3,11,0.3,27.3,3.4,0.18,0.34,0.14,238,58,74.8,97.9,489.5,69,4.1,1.29,0.78,0.2,0,0.2,85,41,24,36,6.3,4,2.3,1.74,0.7,34.3,16.0181,22.88,137,4.3,100,4.8,109.14,77,241,318,24.21,5.8,119.76,0.8,13.2,81.7,16.16,9.9,2.7,46,6.4,1.85,182,101,109,159
964497,PBCHD09NLM,420936,26/10/2018,10:26,11:01,Light Yellow,Clear,1.026,4.7,Negative,Negative,Negative,1+,Negative,Normal,Negative,10-12,0,1-4,Nil,Nil,NIL,13.4,4.5,34.4,95.3,29,38,13.5,41.4,7070,42,38,3,3,0,5.69,2.78,0.6,0.19,0.08,955,8.7,21,0.18,32.3,6,0.06,0.02,0.82,176,56,89.6,28.8,144,113,3.1,1.6,0.63,0.8,0.1,0.7,71,48,35,27,6.8,4.3,2.5,1.72,0.8,13.8,6.4446,8.06,138,3.8,105,2.5,106.14,146,356,502,29.08,5.8,119.76,0.6,25.5,63.6,40.09,11.7,4.7,170,7,2.16,71,104,73,285
139278,KLTRS15NLZ,382082,26/10/2018,07:31,08:06,Straw,Hazy,1.019,4.9,Negative,1+,Negative,Negative,Trace,Normal,Positive,3-4,4,1-2,Nil,Nil,NIL,13.2,6.2,46.2,93.2,21,28,14.9,42.7,10315,42,48,3,3,0,1.79,1.15,0.57,0.42,0.07,339,10.8,15,0.2,24.1,6,0.81,0.08,0.23,240,20,106.6,38.8,194,104,12,5.33,0.19,0.7,0.2,0.5,315,16,36,10,7.1,4.7,2.4,1.96,2.8,75.2,35.1184,12.54,127,2.6,107,2.9,117.19,163,290,453,35.98,12.4,309.18,0.9,22.1,144,15.35,11.5,3.4,151,7.5,0.006,75,87,63,284
150964,GYAHD02KAU,638058,25/10/2018,11:48,12:48,Yellow,Slightly cloudy,1.016,6.6,Negative,Negative,Negative,Negative,Negative,Normal,Negative,11-13,2,1-4,Nil,Rare,Mucus threads,8.8,4.2,32.1,95.5,20,27,11.9,31.9,8638,51,25,6,3,0,1.14,0.59,0.38,0.12,0.01,182,7.1,11,0.29,14.8,3.5,0.47,1.04,0.39,168,31,123.3,48.7,243.5,93,5.4,3.98,0.25,0.7,0,0.7,71,32,23,30,6,4.8,1.2,4,0.8,16.5,7.7055,9.63,123,2.7,101,6.2,93.52,214,327,541,39.56,6.2,131.24,0.3,18.2,288.7,6.3,10.6,3.6,135,16.9,0.92,138,75,95,154
361085,GYAHD12KLM,800170,23/10/2018,07:34,08:35,Straw,Clear,1.013,6.8,1+,1+,Negative,Negative,Negative,Normal,Negative,7-8,0,1-2,Nil,Nil,Yeast cells,9,5.6,30.3,99.4,16,29,14.4,41.3,2319,51,30,3,8,0.1,3.61,3.17,0.58,0.65,0.08,155,10.5,13,0.64,13.2,5,6.4,0.08,0.32,116,48,94.4,34.6,173,186,2.4,1.97,0.51,0.5,0.2,0.3,121,18,20,11,7.4,5,2.4,2.08,1.2,35.7,16.6719,13.89,139,3.8,101,4.9,95.65,64,182,246,26.02,7.7,174.29,0.6,11.5,99.5,11.56,9.4,2.9,209,4.6,11.91,93,64,79,84
812982,KLTRS14TSS,413017,22/10/2018,06:45,07:59,Straw,Clear,1.011,7,Trace,Trace,Negative,Negative,Negative,Normal,Negative,9-11,0,1-4,Nil,Nil,NIL,12.9,6.1,51,76.9,21,25,14.1,42.3,5010,60,14,2,8,0,4.62,4.06,0.49,0.44,0.03,273,7.2,10,0.21,21.9,4.8,0.21,0.09,0.33,164,23,83.1,10,50,171,7.1,3.61,0.28,0.5,0,0.5,118,32,18,33,6.1,3.1,3,1.03,0.8,10.7,4.9969,6.25,142,3.8,103,5.5,70.14,179,205,384,46.61,15.9,409.63,0.3,211.3,78.4,269.52,10,3.4,170,2.4,1.56,80,105,69,75
636098,GYAHD07ODK,427938,23/10/2018,08:10,09:25,Orange,Hazy,1.013,4.5,Negative,Negative,Negative,Negative,1+,Normal,Negative,8-9,2,10-16,Nil,Few,NIL,9.2,5,63.4,97.6,18,14,13.4,41.4,10779,47,28,1,5,0,3.72,2.02,0.45,0.29,0.08,395,7.5,17,0.3,35.4,2.9,0.11,0.29,0.86,150,56,108.7,13.1,65.5,192,2.7,1.94,0.52,0.6,0,0.6,112,12,14,29,7.3,3.7,3.6,1.03,1,14,6.538,6.54,131,4.5,106,2.8,106.17,105,177,282,37.23,5.7,116.89,0.9,18.5,281.6,6.57,11,2.1,117,14.7,3.79,78,104,75,123
915304,GYAHD09ODK,242323,23/10/2018,07:10,07:57,Light Yellow,Opaque,1.013,6.6,Negative,Negative,Negative,Negative,Negative,Normal,Negative,7-9,1,1-3,Few,Nil,Fat droplets or lipiduria,14.1,5.6,32.4,84.6,25,43,12.2,43.9,44444,35,15,5,7,0,7.55,2.51,0.97,0.31,0.01,347,10,14,0.16,24.5,5.7,0.13,2.13,0.36,190,45,57.7,59.9,299.5,194,4.2,1.28,0.78,0.2,0,0.2,102,38,24,18,7.8,3.9,3.9,1,1.2,28.9,13.4963,11.25,136,2.9,106,5.7,94.42,178,126,304,58.55,5.7,116.89,1,25.7,90.8,28.3,10.4,4.2,227,3.2,3.69,125,92,117,169
198700,MZLGI13RJK,779629,24/10/2018,06:59,08:25,Yellow,Slightly cloudy,1.016,6.8,Negative,Trace,Negative,Negative,Trace,Normal,Negative,7-9,2,1-2,Nil,Nil,NIL,9.8,5.9,42.9,74.9,16,22,11.8,45.6,8241,72,38,4,5,0,5.62,2.51,0.44,0.21,0.02,886,9.9,12,0.32,30.9,4.7,0.82,0.7,0.38,170,39,114.3,32.9,164.5,100,4.4,2.93,0.34,0.7,0.3,0.4,40,20,28,22,7.2,4.4,2.8,1.57,1,17.9,8.3593,8.36,142,4.8,97,7.4,108.25,143,151,294,48.64,5.7,116.89,0.1,11.3,158.1,7.15,12.1,2.4,199,7.3,0.93,95,95,102,81
872070,PBCHD12RJU,441714,24/10/2018,11:48,13:07,Dark Yellow,Clear,1.014,4.6,Negative,Trace,Negative,Negative,Negative,Normal,Negative,3-4,0,3-2,Rare,Nil,NIL,7.4,5.5,42.2,90.8,13,17,13.8,44.8,10836,38,33,12,5,0.2,0.19,2.33,0.65,0.5,0.04,10,9.9,17,0.23,25.6,2.4,0.38,0.08,0.26,179,55,79,24.8,124,139,3.3,1.44,0.7,0.3,0,0.3,55,25,17,18,6.5,3.8,2.7,1.41,1.1,34.5,16.1115,14.65,141,4.4,105,4,94.22,166,357,523,31.74,9.8,234.56,0.7,23.4,167.9,13.94,10,3.3,326,4.8,0.07,70,125,90,86
563541,MZLGI04GJS,599866,26/10/2018,08:12,09:00,Yellow,Clear,1.014,4.9,Negative,Negative,Trace,Negative,Negative,Normal,Negative,13-15,0,7-17,Nil,Moderate,Fat droplets or lipiduria,11.4,5.9,56.1,89.8,19,20,14.1,32.3,8741,57,32,6,17,0,1.7,0.3,0.5,0.34,0,12,8.8,11,0.42,12,0.2,0.04,0.28,0.29,174,30,76.2,15.8,79,120,5.8,2.54,0.39,0.2,0,0.2,69,44,23,36,4.9,4.3,0.6,7.17,0.7,62.9,29.3743,41.96,138,4,103,3.1,111.69,156,344,500,31.2,8.2,188.64,0.1,17.4,146.9,11.84,9.2,3.2,279,10.1,3,72,96,69,127
658587,KLTRS13KLP,324753,26/10/2018,07:55,08:30,Dark Yellow,Slightly cloudy,1.026,4.7,Trace,Trace,Negative,Negative,Negative,Normal,Negative,5-7,2,17-9,Nil,Nil,Parasites,15.3,5.4,52,70.5,28,29,12.5,45.6,10553,52,18,6,3,0,5.24,5.53,0.56,0.31,0.17,325,7.5,17,0.07,39.4,3.9,0.18,1.22,3.08,150,31,74.2,24.2,121,76,4.8,2.39,0.42,0.2,0,0.2,107,23,36,31,7.5,4.3,3.2,1.34,1.2,17.9,8.3593,6.97,130,3.1,99,6.9,102.86,139,354,493,28.19,5.9,122.63,0.1,20.1,145.3,13.83,12,4.4,287,6.3,3.89,101,149,91,441
594563,MZLGI05BRC,958779,23/10/2018,08:46,10:04,Pale Yellow,Slightly cloudy,1.018,6.9,1+,2+,Negative,Negative,Negative,Normal,Negative,13-15,2,2-4,Nil,Nil,NIL,14.5,5.6,39.6,78.7,25,36,13.9,45.7,7202,10,25,6,12,0.3,2.43,1.1,0.63,0.22,0.06,452,7.2,14,0.06,41.5,3.6,0.16,0.3,0.09,177,54,142.7,13.6,68,98,3.3,2.64,0.38,0.8,0.2,0.6,75,22,22,15,6.3,4.1,2.2,1.86,1,8.3,3.8761,3.88,145,3.6,95,3.8,90.72,154,265,419,36.75,6.3,134.11,0.7,22.5,88,25.57,8.5,4.5,148,19,0.48,109,92,79,173
233154,PBCHD03HPP,354904,26/10/2018,06:16,06:57,Pale Yellow,Clear,1.03,5.1,Trace,Trace,Negative,Negative,Negative,Normal,Negative,1-2,1,3-3,Nil,Nil,Amorphous debris,13.8,7.7,44.5,70.4,17,31,12.6,42.8,10977,41,38,1,2,0,4.45,4.92,1.01,0.51,0.05,426,9.4,19,0.21,16.3,4.9,0.13,0.89,0.07,191,45,61,18.1,90.5,79,4.2,1.36,0.74,0.5,0.2,0.3,64,11,31,11,7.3,3.7,3.6,1.03,0.8,12.6,5.8842,7.36,95,2.2,97,4,82.91,130,304,434,29.95,5.8,119.76,0.3,17.6,175.7,10.02,9.2,3,196,7.3,1.88,146,60,98,70
622372,KLTRS05KLP,505897,23/10/2018,09:48,10:38,Dark Yellow,Clear,1.021,5.3,Trace,Negative,Negative,Negative,Negative,Normal,Negative,77-82,2,9-8,Few,Nil,Amorphous debris,14.9,5.5,21.6,76.1,27,68,12,32.3,8181,43,52,3,3,10.9,3.9,3.38,0.35,0.23,0.05,111,10.8,13,0.51,29.6,3.3,0.24,0.22,4.22,153,58,54.9,12.7,63.5,132,2.6,0.95,1.06,0.8,0.1,0.7,81,10,31,57,7.1,4.3,2.8,1.54,0.6,7.4,3.4558,5.76,141,3,112,6.6,111.14,66,221,287,23,6.1,128.37,0.9,14.2,210,6.76,11,2.8,200,11.9,0.009,110,67,71,120
300610,KLTRS03NLZ,209980,26/10/2018,06:08,06:57,Pale Yellow,Clear,1.016,5,Trace,Trace,Negative,Negative,Negative,Normal,Negative,2-3,2,1-4,Nil,Nil,NIL,3.1,4.9,35.7,83.4,6,8,13,26.9,6610,47,20,1,2,0,3.79,2.47,0.01,0.59,0.29,219,10.5,17,0.71,28.4,3.9,0.3,0.23,6.19,143,24,48.3,23.1,115.5,83,6,2.01,0.5,0.8,0.1,0.7,94,48,35,19,7.7,4.2,3.5,1.2,1.2,13.4,6.2578,5.21,137,4.2,107,9.5,101.19,60,143,203,29.56,8.9,208.73,2.4,18.7,71.7,26.08,10.5,4.3,158,5.9,5.71,119,111,88,121
917043,GYAHD07KAU,598775,24/10/2018,11:05,11:36,Deep Amber,Hazy,1.011,7,Trace,Negative,Negative,Negative,Trace,Normal,Negative,1-2,2,3-3,Nil,Nil,NIL,12.4,5.3,53.6,78.3,23,23,13.9,41.7,4954,43,34,6,3,0,2.77,1.25,0.47,0.06,0.01,605,7.6,11,0.29,13.9,4.4,1.02,0.36,0.35,164,23,73.8,17.7,88.5,118,7.1,3.21,0.31,0.2,0,0.2,198,23,19,84,8,3.9,4.1,0.95,0.8,8.2,3.8294,4.79,158,5.9,104,4.2,119.63,40,209,249,16.06,5.9,122.63,0.6,27,141.6,19.07,9.1,4.7,90,6.1,2.48,112,81,76,151
429927,MZLGI15RJK,334140,22/10/2018,09:22,10:03,Straw,Clear,1.014,6,Trace,Trace,Trace,Negative,Negative,Normal,Negative,9-10,0,2-2,Nil,Nil,NIL,14.3,6.4,45.6,95.3,22,31,13.3,43,7148,45,21,2,6,0,5.36,2.94,0.29,0.02,0.07,162,11.3,17,0.34,14.1,0.1,0.82,0.07,0.37,208,43,78.7,15,75,154,4.8,1.83,0.55,0.8,0.1,0.7,120,19,31,28,7.3,3.7,3.6,1.03,1,9.4,4.3898,4.39,144,3.9,103,6.3,104.04,170,352,522,32.57,7.6,171.42,4.1,14.6,218.8,6.67,10.3,3.7,133,6.3,6.6,115,81,83,127
872696,MZLGI13APK,704933,25/10/2018,06:51,07:30,Yellow,Clear,1.014,5,Negative,Negative,Negative,Negative,Negative,Normal,Negative,4-6,0,7-13,Nil,Nil,NIL,13.2,5.3,35.8,99.8,24,36,14,41.9,10426,46,28,3,3,0,2.92,1.19,0.94,0.46,0.03,186,11.5,16,0.08,22,5,0.24,0.83,0.7,178,56,23.7,35.3,176.5,76,3.2,0.42,2.36,0.6,0.2,0.4,67,35,54,27,8.1,4.9,3.2,1.53,0.8,11.6,5.4172,6.77,148,4.6,97,4.2,88.03,140,321,461,30.37,6.2,131.24,1,798.4,142.9,558.71,12.6,2.3,223,2.8,0.53,86,141,80,83
563909,GYAHD10KLM,635886,24/10/2018,08:40,10:08,Straw,Clear,1.019,5.9,Negative,1+,Negative,Negative,Negative,Normal,Negative,12-14,2,3-2,Nil,Nil,NIL,10.7,4.5,26.2,84.8,23,40,14.4,45.4,4661,55,39,3,0,0,0.15,2.59,0.65,0.65,0.06,393,10.3,17,0.24,15,0.2,0.35,0.08,0.33,182,40,84.6,38.8,194,127,4.6,2.12,0.47,0.7,0.1,0.6,120,54,22,47,7.7,4.3,3.4,1.26,0.9,16.2,7.5654,8.41,135,4.6,99,6.5,118.08,99,262,361,27.42,6.1,128.37,0.6,27.7,35.7,77.59,10.2,3.8,92,6,3.8,124,124,106,215
894238,GYAHD06KLM,788731,24/10/2018,10:52,11:54,Light Yellow,Slightly cloudy,1.023,6.2,Negative,Negative,Negative,Negative,Negative,Normal,Negative,13-15,2,10-15,Nil,Few,NIL,10.8,6.1,20.6,70.1,17,52,12.8,45.1,4126,58,15,5,5,0.8,1.02,2.7,0.5,0.25,0.01,412,7.7,30,0.29,19.2,1.7,0.2,0.02,0.34,152,45,215.2,50.5,252.5,158,3.4,4.78,0.21,0.5,0.2,0.3,41,46,24,15,8,4.1,3.9,1.05,0.8,14.4,6.7248,8.41,145,3.8,104,3.2,114.99,112,272,384,29.17,6,125.5,0.3,11.6,81.1,14.3,10.6,4,233,7.1,0.03,123,87,123,147
731878,GYAHD14ODK,411661,25/10/2018,08:58,09:33,Red,Slightly cloudy,1.026,6.5,Negative,Negative,Negative,Negative,Negative,Normal,Negative,5-7,4,2-4,Nil,Nil,NIL,13.5,8.4,59.2,98.4,16,22,14.5,42.8,6265,38,23,20,6,0,7.99,3.65,0.79,0.47,0.06,21,6.1,12,0.39,30.3,0.8,0.03,0.78,0.14,180,40,101,67.9,339.5,185,4.5,2.53,0.4,0.7,0.1,0.6,95,26,35,11,7.1,3.6,3.5,1.03,1.9,15.2,7.0984,3.74,145,4.2,96,6.9,105.59,95,320,415,22.89,6.1,128.37,13.2,18.3,87.7,20.87,9.5,3.5,162,3.6,0.28,71,75,98,136
993119,PBCHD07SKM,921905,23/10/2018,11:30,12:36,Light Yellow,Clear,1.027,5.5,Trace,Negative,Negative,Negative,Negative,Normal,Negative,TNTC,1,12-7,Few,Nil,NIL,18.1,4.8,38.9,92.8,37,46,12,30.6,8332,47,42,0,5,0,4.99,0.35,0.25,0.04,0.05,320,7.1,15,0.42,34,3.5,0,0.16,0.35,210,27,70.5,32.4,162,70,7.8,2.61,0.38,2.1,1,1.1,94,16,23,19,7.4,4.3,3.1,1.39,0.8,9.2,4.2964,5.37,129,5.9,97,5.4,113.5,117,357,474,24.68,6,125.5,0.3,15.5,566.8,2.73,11.4,3.1,263,18.4,3.16,125,90,85,167
477062,GYAHD05JHJ,356724,22/10/2018,07:10,07:51,Pale Yellow,Clear,1.022,4.9,Trace,Trace,Negative,Trace,Negative,Normal,Negative,TNTC,2,1-2,Nil,Rare,NIL,12.9,4.6,37.9,48.9,28,34,12.4,42.1,7182,40,31,3,3,0.2,3.58,2.92,0.36,0.21,0.1,307,9.2,16,0.21,25.4,5,0.2,0.21,0.21,190,41,139.8,41,205,72,4.6,3.41,0.29,0.7,0.3,0.4,72,38,28,9,6.5,3.7,2.8,1.32,0.6,7.8,3.6426,6.07,134,5.7,112,5.8,99.3,156,123,279,55.91,5.2,102.54,0.3,25.9,294.5,8.79,11.9,3.8,246,5.1,1.31,111,80,91,115
565161,GYAHD04KLM,843084,22/10/2018,11:43,12:58,Pale Yellow,Clear,1.019,6.2,Trace,1+,Negative,Negative,Negative,Normal,Negative,4-5,0,2-2,Nil,Nil,Amorphous debris,13.6,5.8,47.3,72.4,23,28,13.5,43.1,10606,45,31,4,9,0,0.15,1.08,1.09,0.67,0.05,394,7.3,20,0.08,16.9,0.2,0.19,4.02,0.09,209,43,117.7,52.7,263.5,122,4.9,2.74,0.37,15.8,11.3,4.5,57,42,26,10,8,4,4,1,0.9,22.1,10.3207,11.47,145,3.8,106,1.5,115.04,153,232,385,39.74,8.1,185.77,0.5,24.5,20.1,121.89,9.2,2.2,121,11.5,0.63,82,100,109,117
894190,PBCHD15PBP,421349,24/10/2018,11:56,12:53,Light Yellow,Slightly cloudy,1.028,6.9,Negative,Negative,Negative,Negative,Negative,Normal,Negative,13-15,2,1-2,Nil,Nil,NIL,10.1,5.1,50.3,96.8,19,20,13,38,7345,56,46,5,14,0,9.45,1.51,0.78,0.09,0,143,14.2,15,0.27,23.2,4.9,0.1,3.97,0.19,233,48,78.8,24.2,121,173,4.9,1.64,0.61,0.7,0.1,0.6,57,43,28,10,7.1,3.5,3.6,0.97,0.8,15.1,7.0517,8.81,143,3.7,95,6.6,102.08,140,354,494,28.34,5.2,102.54,0.1,20,164.2,12.18,9.9,3.3,124,4.7,1.71,76,102,99,195
218850,PBCHD05GAM,798361,25/10/2018,10:14,11:23,Yellow,Clear,1.015,5.1,Trace,1+,Trace,Negative,Negative,Normal,Negative,TNTC,1,1-2,Nil,Nil,NIL,8.2,4.5,31.1,98.4,18,26,14.2,40.3,7181,41,30,3,3,0,7.24,1.37,0.83,0.25,0.03,45,13.5,11,0.34,12.3,1.6,0.31,0.18,0.35,165,68,80,52.2,261,181,2.4,1.18,0.85,0.9,0.3,0.6,42,44,12,33,7.1,4,3.1,1.29,1,16.7,7.7989,7.8,147,4.2,106,5,115.07,126,317,443,28.44,6.3,134.11,0.3,32.8,55.2,59.42,11.3,3.9,87,5.1,3.45,119,137,73,232
603338,GYAHD06KAU,112149,22/10/2018,09:40,11:07,Yellow,Clear,1.013,5.4,Negative,1+,Negative,Negative,Negative,Normal,Negative,11-13,0,3-4,Nil,Rare,NIL,14.7,5.9,46.2,78.2,24,31,9.6,40,5605,73,27,17,7,0.6,21.54,1.87,0.75,0.03,0.1,52,5.6,20,0.25,20.1,1.5,0.51,0.03,0.15,236,21,138.3,92.7,463.5,137,11.2,6.59,0.15,0.8,0.3,0.5,114,108,25,41,7.8,4.7,3.1,1.52,1,15.9,7.4253,7.43,143,4.9,106,4.6,112.52,99,103,202,49.01,6.4,136.98,0.7,15.3,179,8.55,9.4,2.6,192,5.4,0.74,146,75,98,201
920783,KLTRS08MLT,576478,24/10/2018,07:45,08:48,Light Yellow,Slightly cloudy,1.02,4.6,Negative,1+,Negative,Negative,Negative,Normal,Negative,12-14,0,8-9,Nil,Nil,Fat droplets or lipiduria,15.3,5.4,30.9,99,28,49,14.5,43.5,8085,40,15,6,2,0,4.73,1.01,0.37,0.35,0.19,16,7.4,11,0.21,38.9,0.9,0.25,0.02,1.5,187,50,75.4,7.8,39,199,3.7,1.51,0.66,0.5,0.2,0.3,41,18,39,10,7.8,4.1,3.7,1.11,1.1,11,5.137,4.67,135,4.7,98,3.4,96.42,141,216,357,39.5,7.1,157.07,0.4,23,21.4,107.48,8.9,5.8,330,18.7,2.2,97,65,103,121
204267,KLTRS07ODB,546933,22/10/2018,09:49,10:42,Light Yellow,Slightly cloudy,1.013,5.2,3+,Trace,Negative,2+,Negative,Normal,Negative,1-3,2,9-12,Rare,Nil,NIL,18,4.2,49.3,77.6,42,36,13.6,41,2447,58,23,6,8,0,4.24,1.64,1.11,0.21,0.02,364,7.2,11,0.2,39.7,5.1,0.72,0.25,0.33,190,20,70.8,15.6,78,143,9.5,3.54,0.28,0.6,0.2,0.4,67,55,21,24,8.4,4.7,3.7,1.27,1.2,16.5,7.7055,6.42,149,4.8,105,5.2,103.84,124,299,423,29.31,6.1,128.37,1,276.7,22.4,1235.27,7.6,5,130,11.2,2.48,100,60,83,117
778160,KLTRS07NLZ,373472,26/10/2018,11:40,12:13,Light Yellow,Slightly cloudy,1.019,5.7,Negative,3+,Negative,Negative,Negative,Normal,Negative,4-6,2,7-14,Nil,Few,NIL,16.9,4.1,34.4,97.6,41,49,11.8,43.3,9477,33,32,6,7,0,7.98,1.7,0.49,0.45,0.07,335,15.3,16,0.2,29.3,3.8,0.04,4.19,2.19,176,71,119.7,52.6,263,107,2.5,1.69,0.59,1.3,0.6,0.7,65,12,27,13,7.7,3.7,4,0.93,0.7,7.4,3.4558,4.94,137,4.4,101,2,110.35,168,354,522,32.18,7.2,159.94,0.6,28.7,92.7,30.96,10.6,2.2,141,3.7,3.98,106,98,171,92
468674,PBCHD14KLC,833111,24/10/2018,08:53,09:45,Light Yellow,Clear,1.021,6.5,Trace,Trace,Negative,Negative,1+,Normal,Negative,12-14,1,9-11,Nil,Moderate,NIL,19.5,6,34.5,91.8,32,56,14,41.2,10345,68,26,2,9,0,6.24,1.77,0.3,0.47,0.03,136,17.3,12,0.35,20.4,4.9,0.1,0.5,0.36,130,58,77.3,81.6,408,147,2.2,1.33,0.75,0.2,0,0.2,57,46,16,15,6.8,4,2.8,1.43,0.6,18.4,8.5928,14.32,129,4,95,3.3,109.51,86,357,443,19.41,7.3,162.81,0.3,25,69.2,36.13,11.6,2.2,177,8.2,1.86,132,66,98,198
295307,KLTRS10TSS,974796,22/10/2018,06:01,07:11,Light Yellow,Clear,1.022,6.5,2+,Negative,Negative,Negative,Negative,Normal,Negative,5-7,2,2-3,Rare,Rare,NIL,19.5,2.6,35.9,83.4,75,54,12.7,39.6,42427,51,48,3,7,0,1.22,6.02,0.16,0.36,0.06,213,6.7,12,0.34,28.6,0.6,0.05,0.18,0.85,185,58,112.2,12.9,64.5,180,3.2,1.93,0.52,0.5,0.2,0.3,101,47,22,27,7.4,5,2.4,2.08,1.2,19.6,9.1532,7.63,139,4.8,112,3.1,43.29,117,226,343,34.11,8.3,191.51,0.4,103.5,101.4,102.07,12.2,4.3,71,7.9,2.3,94,75,180,131
176293,PBCHD15RJU,766237,23/10/2018,11:28,12:53,Pale Yellow,Clear,1.018,7.5,Trace,Trace,Negative,Negative,Negative,Normal,Negative,9-11,1,2-4,Nil,Nil,Artifacts,12.5,4.8,44.2,71.4,26,28,11.8,33.8,6428,59,36,6,5,0,1.15,4.29,0.54,0.43,0.19,706,9,14,0.37,33,0.1,0.3,0.4,0.1,168,42,92.9,19.7,98.5,130,4,2.21,0.45,0.8,0.2,0.6,114,28,15,16,8,5,3,1.67,0.8,10.3,4.8101,6.01,120,4.3,102,5.5,115.87,150,271,421,35.63,6.3,134.11,0.2,20.1,260.1,7.73,8.7,4.2,72,3.6,2,110,87,70,153
392032,PBCHD13PBM,385566,23/10/2018,08:53,09:56,Light Yellow,Clear,1.017,6.8,1+,2+,Negative,Negative,Negative,Normal,Negative,11-13,0,1-2,Nil,Nil,NIL,14.2,5,31.2,81.9,28,45,12.4,44.2,5316,43,21,3,7,0,6.98,0.85,0.44,0.38,0.18,177,11,20,0.26,15,6.3,0.63,0.4,0.14,158,59,84.6,32.6,163,138,2.7,1.43,0.7,0.6,0.2,0.4,58,31,20,42,7.2,4.5,2.7,1.67,0.9,6.8,3.1756,3.53,138,4.6,112,2.6,94.26,163,333,496,32.86,5.8,119.76,0.2,179.1,295.5,60.61,9.3,2.7,193,16.3,7.35,93,83,112,286
769221,PBCHD01CGD,956907,24/10/2018,11:54,12:53,Straw,Clear,1.02,6.8,Trace,Negative,Negative,Negative,Negative,Normal,Negative,2-4,2,>20,Moderate,Nil,NIL,14,4.8,30.7,94.4,29,45,12.5,44.4,7335,47,30,2,8,0,6.27,6.46,0.41,0.3,0.13,253,9.2,20,0.07,18.8,4,0.25,1.39,0.07,165,47,180.8,20.5,102.5,147,3.5,3.85,0.26,1,0,1,123,30,23,44,7.3,4,3.3,1.21,2.4,8.1,3.7827,1.58,143,3.9,98,5.7,63.89,189,325,514,36.77,12.3,306.31,1,211.2,271.5,77.79,8.9,2.7,89,7.2,2.11,95,78,208,247
247986,MZLGI10APK,309880,24/10/2018,11:08,12:16,Straw,Cloudy,1.018,6.1,Negative,Negative,Negative,Negative,Negative,Normal,Negative,13-15,1,2-4,Nil,Nil,Fungal elements,3.4,3.6,32.3,73.8,9,10,17,42.3,9011,78,33,1,7,0.2,1.05,1.06,0.31,0.39,0.01,136,11.2,17,0.26,26.5,6.7,0.2,0.27,0.64,185,26,95.9,42.8,214,90,7.1,3.69,0.27,0.4,0.1,0.3,69,110,20,32,5.2,5,0.2,25,0.7,10.8,5.0436,7.21,144,4.8,113,2.2,118.15,122,247,369,33.06,6.3,134.11,0.2,21.5,138,15.58,10.2,3.2,93,8,0.98,116,92,234,127
113566,MZLGI07GJS,915894,25/10/2018,06:20,07:11,Light Yellow,Clear,1.016,4.8,Negative,Trace,1+,Negative,Negative,Normal,Negative,11-12,0,2-4,Nil,Nil,Yeast cells,12.8,5.8,29.9,90.5,22,42,12,42.5,3688,64,20,3,4,0,2.29,3.84,0.68,0.84,0.08,142,9.8,11,0.34,30,4.3,0.2,3.38,0.59,348,59,72.8,36.3,181.5,83,5.9,1.23,0.81,0.7,0,0.7,85,38,11,44,8.2,4.7,3.5,1.34,0.7,8.4,3.9228,5.6,120,4.7,98,3.9,90.94,74,274,348,21.26,8.2,188.64,1,16.7,139.9,11.94,14.8,4.3,132,9.2,7.7,72,81,83,158
339062,PBCHD09MHS,485447,24/10/2018,11:14,12:05,Yellow,Clear,1.016,7,3+,Trace,Negative,Negative,Negative,Normal,Negative,5-6,0,3-3,Rare,Moderate,NIL,10.8,4.8,38,73,22,28,14.3,44.6,4857,56,46,3,21,0,3.73,2.17,0.52,0.24,0.08,93,17.1,17,0.47,40.4,2.2,3.7,6.28,0.34,226,74,97.8,50.7,253.5,179,3.1,1.32,0.76,1,0.3,0.7,76,50,17,18,6.7,3.5,3.2,1.09,1.2,16.7,7.7989,6.5,138,3.2,97,5.4,102.82,146,260,406,35.96,6,125.5,1,25.8,101.6,25.39,9.9,5.3,274,8.9,2,108,126,88,92
131746,KLTRS15ODB,150432,26/10/2018,06:43,07:46,Light Yellow,Clear,1.013,6.8,Negative,Negative,Negative,Negative,Negative,Normal,Negative,8-10,2,2-4,Nil,Moderate,Yeast cells,10.8,5.7,53.8,71.7,18,20,11,42.8,4618,74,53,1,6,0,7.47,0.16,0.04,0.53,0.05,259,8.5,12,0.2,34.2,3.1,0.17,4.18,0.23,119,21,72.7,14.9,74.5,99,5.7,3.46,0.29,0.7,0.3,0.4,110,44,15,19,6.9,4.2,2.7,1.56,1.1,14.3,6.6781,6.07,141,4.9,103,2.1,103.18,113,353,466,24.25,5.9,122.63,0.9,51.7,175.9,29.39,10.2,5.8,310,10.4,6.08,179,214,124,88
556834,MZLGI14GJS,661505,25/10/2018,09:15,10:36,Straw,Hazy,1.016,6.7,Trace,Trace,Negative,Negative,Negative,Normal,Negative,2-4,2,2-2,Rare,Rare,NIL,9,4.4,45.3,80.5,20,19,11.7,43.3,4894,32,39,2,2,0,21.22,1.33,0.07,0.55,0,358,11.8,11,0.09,21.1,4.8,0.18,0.25,0.35,195,67,81.1,13.8,69,169,2.9,1.21,0.83,0.6,0,0.6,113,44,7,25,8.2,4.4,3.8,1.16,1.4,11.4,5.3238,3.8,135,2.9,98,2.4,85.99,31,249,280,11.07,6.2,131.24,0.2,17.7,36.3,48.76,12,2.1,134,10.9,1.66,79,71,82,66
363173,GYAHD06KLM,200931,24/10/2018,08:05,09:13,Light Yellow,Clear,1.023,6.9,Negative,Negative,Negative,Negative,Negative,Normal,Negative,96-100,2,3-2,Nil,Nil,NIL,6.3,4.8,29.5,94.3,13,21,13.5,44.1,8661,44,48,4,4,0,6.51,1.76,0.65,0.57,0.01,262,8.6,16,0.25,14.2,5.4,0.51,0.18,0.2,159,24,121.8,12.8,64,75,6.6,5.08,0.2,0.7,0.1,0.6,50,3,31,12,7.2,4.8,2.4,2,0.7,12.8,5.9776,8.54,143,4.7,101,4.7,113.84,159,289,448,35.49,5.7,116.89,0,12.1,105,11.52,8.8,4.3,100,4.9,3.85,91,69,103,100
433688,PBCHD02SKM,865840,24/10/2018,09:05,09:50,Deep Amber,Hazy,1.012,6.7,Negative,Trace,Negative,Negative,Negative,Normal,Negative,1-2,1,8-18,Few,Nil,NIL,18.5,4.6,49.5,40.1,40,37,13.6,41.8,3105,30,20,3,5,0,7.27,1.38,0.34,0.23,0.05,191,18,27,0.19,32.5,2.2,4.01,0,0.05,236,55,49.6,106.9,534.5,179,4.3,0.9,1.11,0.2,0,0.2,91,32,21,15,7.9,4.7,3.2,1.47,1.2,64.4,30.0748,25.06,123,5.9,107,2.1,93.94,140,344,484,28.93,6.2,131.24,0.4,15.2,67.8,22.42,9,3.6,88,12.3,0.23,102,63,108,103
458319,KLTRS02KLP,268405,26/10/2018,11:30,12:40,Yellow,Clear,1.013,6.5,Negative,Trace,Negative,Negative,Negative,Normal,Negative,2-3,2,10-12,Rare,Nil,NIL,13.4,5.9,31.4,71.7,22,42,11.6,49.4,7969,51,28,9,7,0,17.93,2.42,0.64,0.32,0.03,428,9.3,15,0.16,15.5,0.1,0.26,0.37,0.31,610,41,182.9,59.6,298,134,14.9,4.46,0.22,0.7,0,0.7,44,46,18,26,6.3,3.5,2.8,1.25,1.2,15.9,7.4253,6.19,138,3.5,96,2.3,107.98,112,135,247,45.34,7.3,162.81,0.3,18.8,107,17.57,9.7,3.4,250,12,12.7,139,123,82,96
406097,GYAHD05KLM,359356,25/10/2018,10:40,11:33,Straw,Slightly cloudy,1.016,4.6,1+,Negative,Negative,Negative,Negative,Normal,Negative,10-12,1,3-3,Nil,Nil,NIL,16.9,6,33.3,76.6,28,50,13.8,39.3,4935,39,32,9,9,0.7,4.52,7.27,0.75,0.29,0.07,252,7.2,25,0.32,26.2,3.6,0.1,0.32,0.16,199,53,143.1,18.2,91,72,3.8,2.7,0.37,0.7,0.1,0.6,119,25,17,96,7,4,3,1.33,1.1,13.1,6.1177,5.56,135,4.2,111,7.4,91.25,109,227,336,32.44,6.1,128.37,0.1,20.1,88.5,22.71,11.3,6.3,120,19.3,1.94,81,88,90,76
287197,KLTRS01MLT,781987,26/10/2018,11:03,11:43,Straw,Clear,1.011,4.8,Trace,Negative,Negative,Negative,2+,Normal,Negative,13-15,0,2-4,Nil,Nil,NIL,13.6,5.8,42.5,81.3,23,32,11.9,41.9,9433,53,27,6,6,0,5.86,3.57,0.26,0.41,0.03,109,11.3,16,0.31,16.5,0.8,0.16,0.19,0.31,178,36,85.2,26.8,134,163,4.9,2.37,0.42,0.4,0,0.4,82,5,32,22,6.4,4,2.4,1.67,0.7,7.1,3.3157,4.74,141,2.6,109,3.9,72.84,77,159,236,32.63,5.5,111.15,0,20.5,263.2,7.79,10.3,2.8,136,17.6,1.22,78,144,81,277
377354,PBCHD03PBP,520299,23/10/2018,08:59,09:48,Pale Yellow,Clear,1.03,4.8,Negative,Trace,Trace,Negative,Negative,Normal,Negative,8-10,1,1-3,Rare,Nil,NIL,16.9,4.3,45.3,88.8,39,37,13,39.1,3213,63,48,3,4,0,8.17,2.18,0.31,0.63,0.01,379,7.8,10,0.38,34.5,4.3,0.1,0.27,0.14,214,23,58.5,41.9,209.5,182,9.3,2.54,0.39,0.3,0.1,0.2,116,25,29,48,7.8,3.4,4.4,0.77,1.2,17.5,8.1725,6.81,148,2,105,5.6,46.5,250,133,383,65.27,7.3,162.81,0.3,21.1,56.5,37.35,10.2,3.2,318,8.3,3.47,89,89,76,86
445948,KLTRS13TSS,352870,24/10/2018,11:08,12:35,Deep Amber,Clear,1.016,5.2,1+,Negative,Negative,Negative,Negative,Normal,Negative,TNTC,1,2-3,Nil,Nil,Mucus threads,16.8,6,33.9,42.4,28,49,14.2,45.7,8206,46,35,4,9,0,7.7,2.7,1.39,0.18,0.09,288,7.3,11,0.26,12.3,5.6,0.52,0.68,0.11,189,27,60.8,24.8,124,173,7,2.25,0.44,0.8,0.3,0.5,105,43,32,16,6,4.6,1.4,3.29,1,12,5.604,5.6,141,4.2,107,3.4,108.82,97,213,310,31.29,8,182.9,0.2,17.3,38.4,45.05,9.9,3.9,109,6.6,10.33,112,90,93,157
486088,KLTRS15MLT,953880,23/10/2018,10:38,11:12,Yellow,Clear,1.021,5.4,Negative,Negative,Negative,Negative,Negative,Normal,Negative,8-10,0,2-4,Nil,Rare,NIL,13.9,4.1,51.7,88.4,33,26,12.3,49.7,47317,32,38,3,5,0,6.47,4.66,0.45,0.03,0.15,256,12,12,0.14,14,0.4,0.15,0.32,0.17,179,76,85.6,29.8,149,104,2.4,1.13,0.89,5.5,2.7,2.8,174,45,38,25,7.3,5,2.3,2.17,0.9,26.5,12.3755,13.75,142,3.8,107,3,30.54,94,133,227,41.41,7.2,159.94,0.7,28.5,145,19.66,8.5,2.7,89,9,6.65,100,78,92,156
831231,GYAHD10KAU,143084,22/10/2018,11:28,12:27,Dark Yellow,Clear,1.024,4.9,Negative,Negative,Negative,Negative,Trace,Normal,Negative,TNTC,0,9-10,Nil,Nil,NIL,7.7,6.2,11.8,71.5,12,65,13,39.9,6081,48,23,6,3,0,1.01,2.45,0.26,0.19,0.08,321,10.2,14,0.34,15,5.8,4.67,0.37,0.52,197,42,80.2,33,165,66,4.7,1.91,0.52,0.8,0.2,0.6,111,10,27,48,7.7,4.4,3.3,1.33,0.6,7,3.269,5.45,135,2.9,93,2.8,93.06,70,312,382,18.32,7.9,180.03,0.8,17.1,33.5,51.04,11.6,2.1,138,3.6,2.61,136,83,87,106
809802,GYAHD11KLM,304429,26/10/2018,08:43,09:22,Light Yellow,Clear,1.014,6.4,Trace,Trace,Negative,Negative,Negative,Normal,Negative,47-48,1,3-4,Nil,Nil,NIL,15.7,5.7,48.4,71.5,27,32,12.7,45,6736,51,28,6,3,0,3.36,4.67,0.76,0.03,0,287,11.5,11,0.27,14.4,0.2,0.23,0.35,0.56,172,45,88.9,21.4,107,150,3.8,1.98,0.51,0.7,0.1,0.6,46,42,17,48,7,4.4,2.6,1.69,0.8,19.9,9.2933,11.62,143,3.8,105,6.9,87.58,117,100,217,53.92,5.9,122.63,0.8,16.7,62.4,26.76,10.4,4.2,136,13.5,2.15,83,85,88,115
653558,PBCHD02PBM,388353,24/10/2018,07:09,08:14,Light Yellow,Clear,1.023,6.9,Negative,Trace,Negative,1+,Negative,Normal,Negative,TNTC,0,10-16,Rare,Nil,Parasites,18.3,4.4,45.5,83.3,41,40,12.4,44.6,23064,34,27,1,2,0,6.74,1.99,0.9,0.3,0,54,11.3,12,0.39,17.1,1.3,0.18,0.32,4.09,240,70,86.9,51.3,256.5,94,3.4,1.24,0.81,0.9,0.3,0.6,73,17,20,47,5.8,3.6,2.2,1.64,0.8,203.9,95.2213,119.03,141,5.6,106,7.9,101.67,60,248,308,19.48,7.8,177.16,1,27.7,141.4,19.59,10.5,3.9,166,10.6,1.92,97,116,90,232
316775,GYAHD13JHJ,400689,25/10/2018,11:58,13:07,Light Yellow,Clear,1.013,6.9,1+,Negative,Negative,Negative,Negative,Normal,Negative,TNTC,0,1-2,Nil,Nil,Fungal elements,10.7,4.2,45,91.9,25,23,13.1,40.6,9686,44,47,7,6,0,6.32,1.09,1.23,0.45,0.07,336,10.8,10,0.2,18.9,1.6,0.38,0.37,0.74,140,46,143.9,10.6,53,193,3,3.13,0.32,0.5,0.2,0.3,108,81,16,41,7.6,4.7,2.9,1.62,1.2,14.9,6.9583,5.8,148,4.1,101,2.5,98.91,159,328,487,32.65,5.8,119.76,0.1,17.9,215.3,8.31,8.6,5.4,123,10.5,1.22,123,114,222,115
240786,MZLGI07BRC,936194,24/10/2018,11:29,12:12,Straw,Clear,1.012,5.4,Trace,Negative,Negative,Negative,Negative,Normal,Negative,1-2,1,3-3,Nil,Nil,Artifacts,18.7,6.8,57.1,92,27,32,11.6,43.6,6813,78,36,1,12,0,6.37,2.91,0.23,0.08,0.09,245,10.9,14,0.2,22,0.7,0.27,0.03,0.29,215,39,91.8,20.3,101.5,87,5.5,2.35,0.42,17.4,12.9,4.5,119,46,16,26,6.4,4.4,2,2.2,1.1,39.6,18.4932,16.81,140,4.8,107,7.4,118.7,89,262,351,25.36,8.3,191.51,0.7,84.7,104,81.44,8.4,4.8,104,3.3,2.41,73,87,67,121
248160,PBCHD12MHS,724373,23/10/2018,07:30,08:14,Straw,Slightly cloudy,1.011,7,4+,Negative,Negative,Negative,Negative,Normal,Negative,5-6,4,5-17,Few,Nil,NIL,13.9,5.7,41.2,70.9,24,33,11.9,45.8,38789,57,49,24,13,0,0.88,2.82,0.34,0.45,0.02,16,6.5,12,0.73,36.2,0.7,0.2,0.65,6.36,161,57,103.9,46,230,165,2.8,1.82,0.55,0.4,0,0.4,62,28,13,27,8,4.6,3.4,1.35,0.8,39.6,18.4932,23.12,132,3.4,100,6.8,68.29,129,170,299,43.14,5.8,119.76,0.6,67.4,83.9,80.33,9.1,3.7,181,9.2,3.14,87,70,243,276
700968,KLTRS12WBD,659473,26/10/2018,11:27,12:39,Pale Yellow,Hazy,1.029,4.5,Negative,Negative,Negative,Negative,Negative,Normal,Negative,1-2,2,3-3,Nil,Few,Fat droplets or lipiduria,12.6,5.7,44.2,84,22,28,13.2,44.8,8038,55,20,3,2,0,20.48,4.04,0.24,0.1,0.09,698,10.3,17,0.27,31,2.7,0.41,0.35,0.15,165,56,65.5,11.5,57.5,75,2.9,1.17,0.85,0.3,0.1,0.2,117,44,37,47,6.6,3.7,2.9,1.28,1.2,5.4,2.5218,2.1,126,3,102,3.2,99.99,119,135,254,46.85,8.5,197.25,0.7,17.6,432.8,4.07,10.6,5,173,19.3,2.73,92,87,110,99
910231,MZLGI05GJS,188915,26/10/2018,06:46,07:25,Light Yellow,Clear,1.023,5.8,2+,Negative,Negative,Negative,Negative,Normal,Negative,11-13,1,5-13,Rare,Rare,Amorphous debris,16.7,6.3,25.5,44,26,65,15.6,37.3,8570,58,45,1,2,0,8.42,2.96,0.92,0.15,0.05,369,11.1,12,0.19,14.5,4.7,4.85,0.16,0.26,239,47,115.5,40.5,202.5,201,5.1,2.46,0.41,0.3,0,0.3,107,21,6,10,6.2,3.1,3.1,1,1,8.4,3.9228,3.92,140,3.3,106,2.9,95.31,178,245,423,42.08,6.5,139.85,0.1,15.7,258.8,6.07,10.9,3.9,199,4.6,1.71,93,232,166,142
326876,GYAHD06KAU,204816,23/10/2018,08:31,09:10,Yellow,Clear,1.024,4.5,Trace,Trace,Negative,Negative,Negative,Normal,Negative,13-15,3,1-2,Nil,Nil,NIL,13.9,4.9,45.6,83.1,28,30,13.4,40.9,10438,49,36,6,2,0,5.97,2.68,0.23,0.28,0.07,172,10.8,16,0.44,14.2,3.6,0.12,0.23,0.19,151,50,80.9,7.6,38,105,3,1.62,0.62,0.5,0,0.5,95,43,16,37,6,3.9,2.1,1.86,1.2,11,5.137,4.28,127,4.4,115,3.4,111.54,175,138,313,55.91,6.2,131.24,0.6,13.2,36,36.67,8.9,2.2,84,19,3.69,108,111,142,137
956608,PBCHD01GAM,692455,22/10/2018,11:41,12:37,Light Yellow,Slightly cloudy,1.026,6.7,Trace,Trace,Negative,Negative,Negative,Normal,Negative,1-3,2,2-2,Nil,Nil,Amorphous debris,9.9,6,29.6,92.9,16,33,14.5,39.1,5959,56,37,2,7,0,5.91,1.76,1.29,0.06,0.07,10,9.4,16,0.73,44,0.1,0.62,0.63,4.35,160,51,62,9.4,47,102,3.1,1.22,0.82,0.7,0.3,0.4,90,40,12,38,6.2,3.7,2.5,1.48,0.6,7.3,3.4091,5.68,143,3.5,99,4.2,93.76,60,329,389,15.42,6,125.5,0,16.5,26.1,63.22,8.8,2.3,128,10.3,0.9,106,99,230,125
428239,MZLGI02RJK,815116,24/10/2018,10:36,11:49,Deep Amber,Hazy,1.027,6,Trace,Negative,Negative,Negative,Negative,Normal,Positive,TNTC,2,3-2,Nil,Nil,NIL,6.7,5.3,38.7,90.1,12,17,15.5,42.9,2942,61,37,1,4,0.3,7.88,1.36,0.93,0.57,0.02,1153,13.1,15,0.08,18.4,2.2,0.31,6.11,0.02,123,28,87.3,40.2,201,212,4.4,3.12,0.32,0.5,0,0.5,64,18,19,41,7.6,3.5,4.1,0.85,0.7,12.9,6.0243,8.61,140,3.6,109,6.6,111.88,127,105,232,54.74,6.3,134.11,0.6,11.1,159.1,6.98,9.8,2.7,162,8.5,2.24,91,178,98,290
195349,MZLGI11BRC,766292,23/10/2018,11:19,12:08,Yellow,Slightly cloudy,1.012,4.3,Negative,Negative,Negative,Negative,Negative,Normal,Negative,TNTC,0,2-3,Nil,Rare,Yeast cells,2.5,5.5,21.5,91.4,4,11,12.3,43.8,6354,45,42,6,4,0,9.18,1.49,1.04,0.18,0.1,151,10,12,0.35,27.3,5.3,0.93,6.87,0.21,173,51,93.3,14,70,194,3.4,1.83,0.55,0.9,0.3,0.6,48,36,20,47,7.1,4.4,2.7,1.63,0.8,16.1,7.5187,9.4,121,3.5,106,2.4,117.9,230,351,581,39.59,5.7,116.89,0.9,28.7,68.6,41.84,8.8,2.8,139,4.7,0.25,82,64,60,108
109135,MZLGI02GJS,942950,24/10/2018,08:52,10:13,Yellow,Hazy,1.025,5,1+,Trace,Negative,Negative,Negative,Normal,Negative,4-5,1,2-2,Nil,Nil,NIL,9.1,4.7,38.5,67,19,23,12.4,44.9,5690,34,35,6,6,0,16.14,1.48,0.4,0.15,0.43,353,8.3,14,0.18,18.1,2.5,0.15,2.94,4.16,157,54,193.2,23.1,115.5,178,2.9,3.58,0.28,0.9,0.2,0.7,123,20,32,10,6.4,4.3,2.1,2.05,1.2,14.6,6.8182,5.68,128,4.6,111,5.1,99.9,97,341,438,22.15,5,96.8,0.6,18,40,45,8.7,2.9,83,5,4,70,114,115,184
494122,MZLGI03APK,746533,26/10/2018,10:40,12:09,Orange,Clear,1.014,5.2,Negative,1+,Trace,Negative,Negative,Normal,Negative,7-8,2,1-3,Nil,Nil,NIL,15.5,4.7,44.7,89.2,32,34,10.3,39.4,4679,50,49,5,4,0,0.14,1.28,1.4,0.27,0.07,129,11.6,11,0.28,26.4,3.4,3.45,0.03,0.03,109,70,92,103.9,519.5,183,1.6,1.31,0.76,0.5,0.2,0.3,64,48,33,17,7.2,4.5,2.7,1.67,0.6,15.7,7.3319,12.22,149,4.4,105,4.4,94.99,127,316,443,28.67,8.3,191.51,0.7,11,116.2,9.47,11.1,5.4,126,10.2,3.32,147,118,85,121
519466,PBCHD15SKM,379370,26/10/2018,07:56,08:46,Light Yellow,Clear,1.017,5.2,Trace,Negative,Negative,Negative,Negative,Normal,Negative,8-10,1,2-2,Nil,Nil,NIL,10.1,5,33.9,95.6,20,29,11.8,39.8,25230,54,27,4,2,0,14.43,1.07,0.58,0.38,0.07,109,7.3,15,0.36,22.7,7.5,0.04,0.07,0.3,177,33,73.4,25.2,126,63,5.4,2.22,0.45,0.8,0.1,0.7,47,46,36,33,8,4,4,1,2.8,35.6,16.6252,5.94,142,5.8,99,2.5,96.12,104,98,202,51.49,6.2,131.24,0.2,24,107.5,22.33,7.8,2.4,140,12.4,3.92,108,116,118,129
609650,PBCHD15SKM,469574,23/10/2018,07:54,08:43,Straw,Clear,1.019,4.8,Negative,Negative,Negative,Negative,Negative,Normal,Negative,2-3,1,3-2,Nil,Nil,NIL,9.7,8,48.8,99.2,12,19,13.1,43.4,8546,41,54,5,7,0,22.34,4.38,0.65,0.24,0.06,92,7.5,5,0.34,42.4,1.2,0.05,0.02,0.33,187,53,89.9,25.4,127,119,3.5,1.7,0.59,4.5,2.2,2.3,47,32,21,28,7.3,4.4,2.9,1.52,1.1,51,23.817,21.65,149,2.4,107,5.3,43.16,162,159,321,50.47,8,182.9,1,27.4,96.9,28.28,9.4,4.8,106,3.8,2.36,94,88,118,142
645348,GYAHD08JHJ,525745,22/10/2018,06:27,07:04,Yellow,Slightly cloudy,1.002,7,Negative,3+,Negative,Negative,Negative,Normal,Negative,5-7,2,3-2,Nil,Nil,NIL,12.7,6,50.6,82.2,21,25,13.4,40.6,10417,59,14,5,2,0,7.79,2.9,0.36,0.05,0.13,292,11.7,20,0.38,21.8,0.1,0.18,0.11,0.07,158,43,94.5,94.3,471.5,112,3.7,2.2,0.46,0.7,0.3,0.4,52,25,37,22,6.9,5,1.9,2.63,0.6,9.1,4.2497,7.08,144,4.7,107,4.6,112.93,133,289,422,31.52,6,125.5,0.6,25.1,142.6,17.6,10.5,5.7,165,9.2,2.32,83,88,110,80
334587,KLTRS15WBD,673606,22/10/2018,06:17,06:47,Light Yellow,Clear,1.013,6.6,Negative,Trace,Negative,Negative,Negative,Normal,Negative,6-7,2,1-2,Nil,Nil,NIL,1,7.3,48.8,94,1,2,14.4,47.3,7784,56,25,4,2,0,8.51,2.57,0.5,0.38,0.01,431,10.9,11,0.17,31.5,0.1,0.4,0.34,2.06,183,78,121,71,355,60,2.3,1.55,0.64,0.7,0.3,0.4,77,49,16,33,7.5,4.7,2.8,1.68,1.1,14.2,6.6314,6.03,148,3.7,113,6.3,71.08,82,149,231,35.5,5.8,119.76,0.7,12.8,140.5,9.11,10.2,6,169,17.5,3.02,140,87,105,171
160294,PBCHD05RJU,683433,22/10/2018,07:40,08:13,Yellow,Clear,1.021,7,Negative,1+,Negative,Negative,Negative,Normal,Negative,5-7,2,1-4,Few,Nil,NIL,15.4,4.7,38.2,85.9,32,40,11.5,45.3,4565,51,32,2,4,0,2.43,4.77,0.59,0.45,0.28,211,9.4,14,0.1,24.3,2,0.16,0.86,0.23,196,59,104.2,46.1,230.5,94,3.3,1.77,0.57,0.7,0.3,0.4,67,12,23,36,8.2,3.8,4.4,0.86,1.2,10,4.67,3.89,146,4.4,108,2.1,110.19,170,328,498,34.14,6.3,134.11,0,17.7,116.1,15.25,8.6,4.6,119,7.2,1.14,98,71,70,108
504356,PBCHD14SKM,307308,24/10/2018,09:10,10:09,Orange,Clear,1.014,6.7,3+,Negative,Trace,Negative,Negative,Normal,Negative,7-9,0,1-4,Nil,Rare,NIL,11.6,5.1,43.2,90.3,22,26,12.8,37.5,4688,61,36,3,2,0,21.75,2.09,0.75,0.39,0.07,146,6.5,13,0.35,27.1,2,0.08,0.13,0.08,240,43,61.7,34.4,172,188,5.6,1.43,0.7,0.4,0,0.4,59,39,33,21,6.5,4.4,2.1,2.1,0.7,7.8,3.6426,5.2,142,3.9,108,2.5,93.87,96,347,443,21.67,5.9,122.63,0.1,27.8,78.2,35.55,7.6,3.4,168,17.9,0.02,92,93,73,73
249098,KLTRS01WBD,465198,23/10/2018,10:47,11:27,Pale Yellow,Slightly cloudy,1.015,6.3,Negative,Negative,Negative,Negative,Negative,Normal,Negative,5-7,2,3-4,Nil,Nil,NIL,3.8,4.6,19.5,77.5,8,19,12.6,43.9,6803,48,25,1,2,0,1.8,4.64,0.35,0.17,0.08,235,8.1,17,0.32,15.7,2.7,0.86,0.01,0.95,150,40,53.6,31.5,157.5,160,3.8,1.34,0.75,0.6,0.2,0.4,120,13,78,26,5.5,4.1,1.4,2.93,0.8,19.7,9.1999,11.5,125,4.2,100,8.3,96.61,71,302,373,19.03,6,125.5,0.1,28.1,103.3,27.2,9.7,2.3,232,9.3,3.98,84,72,150,84
712175,PBCHD11NLM,661542,22/10/2018,07:07,08:30,Yellow,Clear,1.018,4.7,Negative,Negative,Negative,Negative,Negative,Normal,Negative,9-11,1,3-4,Nil,Nil,Fungal elements,10.5,5.9,47.9,79.8,17,21,14.1,31.3,5102,50,29,6,8,0,3.46,1.17,0.49,0.01,0.05,180,7.5,15,0.53,23.5,6.8,0.3,0.18,0.3,160,55,97.9,16.3,81.5,141,2.9,1.78,0.56,0.7,0.3,0.4,236,51,12,15,7,4.4,2.6,1.69,1.1,11.4,5.3238,4.84,139,3.7,95,3.4,110.91,85,146,231,36.8,9,211.6,0.8,23.8,46.8,50.85,10.4,3.3,97,7.4,8.82,81,112,115,135
407641,PBCHD02PBM,776912,24/10/2018,06:11,06:59,Dark Yellow,Clear,1.015,6.6,Negative,Negative,Negative,Negative,Negative,Normal,Negative,3-5,1,1-2,Nil,Nil,NIL,1.5,4.4,21.6,95.8,3,6,14.6,43.1,48594,40,23,2,7,0,8.32,4.1,0.42,0.43,0.02,965,11,14,0.29,13.3,2.5,0.61,0.36,0.83,122,59,79.9,43.4,217,102,2.1,1.35,0.74,0.5,0.1,0.4,83,14,21,112,7.8,4.9,2.9,1.69,0.8,19.9,9.2933,11.62,147,3.3,98,5.4,96.14,200,343,543,36.83,6.3,134.11,1,651.2,76.4,852.36,10.2,5.3,190,4.3,11.77,102,99,85,269
647878,PBCHD14GAM,737420,24/10/2018,09:08,09:51,Light Yellow,Clear,1.012,4.9,Negative,Negative,Negative,Negative,Negative,Normal,Negative,8-10,1,3-3,Nil,Nil,NIL,12.8,5.2,38,82.7,24,33,11.7,43.3,6688,41,40,6,5,0,6.1,0.18,0.84,0.2,0.05,71,7.5,11,0.29,18.9,3.5,0.22,0.17,0.02,150,24,124.5,77.3,386.5,176,6.3,5.19,0.19,0.5,0,0.5,77,52,21,16,6.5,3.5,3,1.17,0.9,10.6,4.9502,5.5,144,4.1,113,2.5,111.38,128,349,477,26.83,6,125.5,0,11.5,82.7,13.91,9.7,4.4,139,5.6,0.47,120,92,92,74
722503,KLTRS12TSS,848339,25/10/2018,10:02,11:14,Pale Yellow,Slightly cloudy,1.018,6.6,4+,Trace,Negative,Negative,Negative,Normal,Negative,4-5,3,1-2,Nil,Nil,Mucus threads,11.6,4,45.5,82.7,29,25,13.7,44.8,5926,59,46,4,6,0,8.87,1.06,0.56,0.02,0.39,356,11.7,11,0.19,12.1,1.8,6.73,3.44,0.34,183,56,79.2,7.6,38,219,3.3,1.41,0.71,0.9,0.3,0.6,54,41,29,33,6.7,5.1,1.6,3.19,1.9,17.3,8.0791,4.25,138,2.1,113,4.5,85.92,44,348,392,11.22,10.4,251.78,0.6,18.9,45.7,41.36,11.5,2.4,159,3.6,3.43,108,125,89,129
397423,PBCHD15HPP,540965,22/10/2018,07:27,08:41,Yellow,Clear,1.022,5.9,Negative,Negative,Negative,Negative,Negative,Normal,Negative,47-52,25,3-3,Rare,Nil,NIL,15.8,4.4,39.1,80.7,35,40,12.7,40,2853,50,27,6,5,0,5.62,1.01,0.28,0.27,0.17,86,8.7,17,0.54,32,4.8,0.2,0.23,0.1,138,48,85.8,6.5,32.5,77,2.9,1.79,0.56,0.7,0.3,0.4,65,19,28,11,7.1,4.9,2.2,2.23,0.9,7,3.269,3.63,138,5.3,103,5.4,99.36,82,347,429,19.11,6.3,134.11,0.9,294,27.6,1065.22,10,5.3,126,21,0.39,124,80,115,85
733461,KLTRS08MLT,503201,25/10/2018,11:07,12:15,Straw,Slightly cloudy,1.028,6.8,Negative,Trace,Negative,Negative,Negative,Normal,Negative,10-12,1,3-4,Nil,Nil,NIL,12.7,5.9,50.4,98.6,21,25,13.9,43.8,37193,46,54,4,3,0,4.13,2.61,0.14,0.38,0.1,602,10.7,13,0.33,46.6,4.8,0.04,0,0.31,159,45,83,38.7,193.5,177,3.5,1.84,0.54,0.5,0.2,0.3,99,50,17,14,7.6,3.2,4.4,0.73,0.7,14.5,6.7715,9.67,140,2.1,96,6.3,90.72,130,312,442,29.41,6.3,134.11,0,28.6,79.8,35.84,9.1,4.3,107,11.5,3.63,108,97,71,134
544669,PBCHD07NLM,364234,25/10/2018,09:43,10:26,Light Yellow,Opaque,1.013,4.7,Trace,Negative,Trace,Negative,Negative,Normal,Negative,6-7,0,2-4,Nil,Rare,Mucus threads,15.1,6.1,58.7,79.7,24,25,13.8,44.3,4574,55,15,1,5,0,11.41,1.03,0.34,0.39,0.02,192,11.3,14,0.17,25.5,3.5,0.72,1.15,4.4,174,53,108.8,63.5,317.5,173,3.3,2.05,0.49,0.9,0.3,0.6,111,56,37,42,7.2,3.5,3.7,0.95,0.6,9,4.203,7.01,143,1.7,106,5.3,98.5,76,346,422,18.01,6.2,131.24,0.8,14.3,518.3,2.76,9.2,3.2,77,12.6,1.35,77,67,123,102
841480,GYAHD05KAU,570156,24/10/2018,06:38,07:12,Light Yellow,Hazy,1.01,6.2,1+,1+,Negative,Negative,Negative,Normal,Positive,93-95,0,3-2,Nil,Few,NIL,8.6,4.9,24.1,80.6,17,35,14.1,45.8,6370,52,37,9,3,0,1.3,2.27,0.56,0.55,0.02,185,7.6,11,0.29,23.9,5,0.07,0.94,0.15,224,51,85.2,13.4,67,120,4.4,1.67,0.6,0.8,0.1,0.7,61,34,35,25,8.3,3.6,4.7,0.77,1,184.5,86.1615,86.16,137,2.5,108,3.5,111.9,112,210,322,34.78,6.3,134.11,0.5,21.5,92.3,23.29,11.9,6.7,343,8.5,0.11,93,64,87,144
942692,PBCHD11KLC,656434,24/10/2018,06:36,07:07,Deep Amber,Slightly cloudy,1.015,6.9,Trace,Negative,Trace,Negative,2+,Normal,Negative,2-4,1,1-3,Few,Nil,NIL,17.7,4.9,56.4,89.5,36,31,13.7,41.6,4637,53,43,2,5,0,18.02,2.65,0.62,0.49,0.08,439,11.8,15,0.43,28.7,4.5,0.58,0.38,3.33,200,27,109.7,17.9,89.5,95,7.4,4.06,0.25,0.4,0,0.4,101,56,30,9,6.5,3.7,2.8,1.32,0.8,13.7,6.3979,8,140,4.1,113,4.2,90.73,155,121,276,56.16,6.3,134.11,0.2,27.7,148.1,18.7,10.2,2.5,135,12.2,2.56,108,99,94,172
649915,KLTRS09NLZ,154334,26/10/2018,07:46,08:39,Dark Yellow,Hazy,1.029,5.5,Negative,Trace,Negative,Negative,Trace,Normal,Negative,7-8,2,7-13,Nil,Nil,Amorphous debris,8.2,5.1,54,49,16,15,10.9,45.7,8345,50,24,5,2,1,7.4,1.25,0.3,0.47,0.05,73,11.9,17,0.29,25.2,1.3,2.7,0.28,5.34,209,58,96.2,20.8,104,129,3.6,1.66,0.6,0.5,0.1,0.4,71,23,27,13,7.8,4.6,3.2,1.44,1.2,6.4,2.9888,2.49,136,4.3,101,4.1,108.77,227,356,583,38.94,6.2,131.24,0.1,24.9,43.8,56.85,10.1,2.6,143,6.6,6.89,89,98,89,116
201573,KLTRS14KLP,554990,24/10/2018,09:19,09:53,Pale Yellow,Clear,1.028,4.9,Negative,1+,2+,Negative,Negative,Normal,Negative,10-11,1,3-4,Rare,Rare,NIL,13.8,4.2,44.2,54,32,31,12.3,39.9,4454,67,34,6,7,0,6.97,3.37,0.72,0.45,0.05,281,9.5,15,0.44,25.5,4.2,0.72,0.99,2.29,116,29,79.4,5.9,29.5,130,4,2.74,0.37,0.2,0,0.2,92,35,37,44,8.1,4.2,3.9,1.08,0.8,39.4,18.3998,23,133,4.1,97,4.4,41.53,142,350,492,28.86,6.1,128.37,0.2,11,72.4,15.19,10.5,4.3,104,17.1,1.03,115,97,64,223
607389,PBCHD14CGD,428802,25/10/2018,06:06,06:46,Yellow,Slightly cloudy,1.018,5.7,Trace,Negative,Negative,Negative,Negative,Normal,Negative,13-15,2,3-4,Nil,Nil,NIL,14.9,6.6,38,78.8,22,39,12.9,42.6,6147,50,50,3,8,0.4,8.66,2.81,0.21,0.22,0.1,114,11.1,10,0.35,17,0.9,0.04,5.83,0.29,163,51,77,58.3,291.5,67,3.2,1.51,0.66,0.3,0,0.3,105,48,16,40,6.6,4.6,2,2.3,0.7,16.4,7.6588,10.94,139,5.4,107,8.4,108.91,54,353,407,13.27,5.8,119.76,0.1,17.5,43.4,40.32,9.6,2.2,275,15.8,4.51,100,196,85,398
472559,GYAHD15KLM,845912,22/10/2018,07:55,09:01,Yellow,Clear,1.026,4.6,Negative,3+,Negative,Negative,Negative,Normal,Negative,14-15,2,1-2,Nil,Nil,Artifacts,10.5,4.3,53.1,83.1,24,19,14.5,43.5,7499,48,27,6,10,0,4.99,3.14,0.75,0.07,0,160,8.6,17,0.27,16.3,2.7,0.16,0.37,1.46,182,74,96.1,91.9,459.5,185,2.5,1.3,0.77,0.9,0.3,0.6,147,4,10,19,7.5,4.5,3,1.5,1.1,14,6.538,5.94,137,3.2,103,10.2,46.43,36,217,253,14.23,6.6,142.72,0.9,13.1,41.1,31.87,10.1,4.1,98,6.9,8.89,93,98,94,117
305842,PBCHD15MHS,457193,26/10/2018,07:57,09:05,Straw,Clear,1.017,4.8,Negative,Negative,Negative,1+,Negative,2+,Negative,95-96,2,3-4,Nil,Few,Artifacts,16.7,3.5,49.1,80.3,47,34,13.1,41,4694,49,40,4,7,0,21.79,1.53,0.67,0.59,0.05,289,7.1,26,0.27,31.3,4.3,0.36,0.16,0.33,201,41,73.1,29.4,147,66,4.9,1.78,0.56,0.5,0,0.5,52,18,37,73,7.8,3.5,4.3,0.81,1.2,13,6.071,5.06,140,4.6,108,4.6,96.72,161,355,516,31.2,6.8,148.46,0,18.4,154.9,11.88,7.8,4.1,191,4.8,3.66,78,76,120,124
420673,KLTRS10ODB,823050,25/10/2018,09:48,10:42,Straw,Slightly cloudy,1.011,4.1,Negative,Negative,Negative,Negative,Trace,Normal,Negative,92-95,2,1-3,Nil,Nil,Amorphous debris,12.4,5.4,38.7,93.4,22,32,13.1,45.1,3580,34,23,2,1,0,4.43,2.03,0.56,0.48,0.04,23,8,14,0.38,26.4,4.2,0.2,0.3,1.27,122,76,59.3,34.2,171,160,1.6,0.78,1.28,0.6,0,0.6,89,30,33,16,6.3,3,3.3,0.91,1.7,10.8,5.0436,2.97,111,2.7,96,4.9,109.91,43,257,300,14.33,7.7,174.29,0.9,14.3,101.8,14.05,11.2,3.6,66,9.2,4.56,80,88,119,95
532826,GYAHD13ODK,252581,25/10/2018,10:48,11:47,Straw,Clear,1.015,5.4,Trace,Trace,2+,Negative,Negative,Normal,Positive,11-13,0,11-10,Few,Nil,NIL,19.8,5.7,42.4,70.6,34,46,14.3,32.2,7154,46,18,1,11,0,1.48,2.67,0,0.53,0.05,146,12.5,17,0.06,33.1,3.8,0.47,0.05,0.3,222,53,65.4,16.1,80.5,199,4.2,1.23,0.81,0.5,0.2,0.3,108,23,38,40,5.1,4.5,0.6,7.5,0.6,13.2,6.1644,10.27,143,2.1,104,4.6,90.13,25,117,142,17.61,8.5,197.25,0.5,14.4,71.9,20.03,8.6,4.5,272,8.8,3.5,96,86,97,188
336729,KLTRS01NLZ,702521,25/10/2018,11:11,12:31,Light Yellow,Clear,1.015,6.5,Trace,Trace,Negative,Negative,Negative,Normal,Negative,2-4,2,2-2,Nil,Nil,NIL,17.2,5,45.1,84.8,34,38,14.5,42.3,10843,41,23,2,7,0,8.34,2.88,0.94,0.05,0,194,8.9,12,0.26,34.5,3,0.79,0.33,0.38,226,56,87.3,31,155,148,4,1.56,0.64,0.7,0,0.7,272,31,34,43,7,5,2,2.5,1.2,33.2,15.5044,12.92,136,4.9,98,5.8,119.89,66,357,423,15.6,12.7,317.79,0.1,26.5,62.7,42.26,9.2,2.7,185,18.3,9.82,116,76,110,154
391262,MZLGI08GJS,666769,25/10/2018,09:58,10:43,Light Yellow,Slightly cloudy,1.011,4.6,Negative,Negative,Negative,Negative,Negative,Normal,Negative,2-3,0,1-4,Nil,Nil,Yeast cells,14.5,5.6,44.5,84.1,25,32,11.8,44.2,4741,54,23,10,7,0,7.11,2.98,0.67,0.54,0.05,103,10,13,0.32,14.4,3.1,0.15,0.13,0.25,136,28,68.8,35.6,178,119,4.9,2.46,0.41,0.5,0.2,0.3,106,48,29,20,8.3,4.4,3.9,1.13,1.2,8.6,4.0162,3.35,149,4.7,107,2.6,73.41,65,265,330,19.7,6.1,128.37,0.5,13.2,146.5,9.01,9.7,2.8,44,8.1,2.08,115,89,97,107
711964,MZLGI04GJS,773809,23/10/2018,07:24,08:24,Light Yellow,Slightly cloudy,1.021,6.7,Negative,Negative,Negative,Negative,Negative,Normal,Negative,5-7,2,3-2,Nil,Nil,Fungal elements,8.1,4.9,25.8,77.5,16,31,14.3,39.8,5000,52,22,7,6,0,1.11,5,0.6,0.15,0.03,269,11.2,16,0.37,32.7,4.8,0.38,0.06,0.35,139,43,73.2,94.8,474,198,3.2,1.7,0.59,0.7,0,0.7,72,16,14,48,6.3,4.9,1.4,3.5,1.8,30.1,14.0567,7.81,138,4.8,105,3.5,20.48,91,259,350,26,8.9,208.73,0.7,17.7,180.2,9.82,9.1,3.3,157,11.1,0.93,109,93,73,80
338486,MZLGI02MHP,711687,24/10/2018,08:00,09:16,Pale Yellow,Clear,1.026,6.6,Negative,Negative,Negative,Negative,Negative,Normal,Negative,10-12,0,8-17,Few,Rare,NIL,9.1,2.2,24.5,94.1,41,37,13.1,39.7,10497,43,26,2,7,0,0.84,1.28,0.01,0.14,0.01,413,8.4,15,0.22,12.8,1.1,0.93,0.12,0.28,171,29,96.2,12.8,64,132,5.9,3.32,0.3,9.4,4.9,4.5,107,56,11,13,7.2,4.5,2.7,1.67,1.1,236.1,110.2587,100.24,143,4,100,3.1,77.92,63,160,223,28.25,8.8,205.86,0.9,73.1,88.5,82.6,9,5.2,183,2.1,1.3,81,259,67,176
377217,MZLGI07MHP,349660,23/10/2018,06:43,07:50,Straw,Hazy,1.011,5.9,Negative,Trace,Negative,Negative,Negative,Normal,Negative,9-10,2,2-2,Nil,Nil,NIL,14.3,4.5,56.6,88.3,31,25,14.4,43.5,10881,49,29,9,8,0,1.28,2.99,0.9,0.66,0.03,116,9.5,15,0.45,26.1,0.9,2.31,0.96,0.16,170,52,112,36.8,184,206,3.3,2.15,0.46,0.2,0,0.2,97,17,30,10,6.2,4.9,1.3,3.77,0.9,55.3,25.8251,28.69,136,5.2,106,4.6,113.44,83,194,277,29.96,7.7,174.29,0.9,10.3,144,7.15,9.2,3.8,250,8.5,1.41,77,91,91,184
384522,KLTRS01NLZ,365921,26/10/2018,10:30,11:20,Yellow,Slightly cloudy,1.032,5.8,Trace,1+,Negative,Negative,Negative,Normal,Negative,2-3,2,3-3,Nil,Few,NIL,3.7,6.3,57.5,88.4,5,6,13,43.1,9492,58,40,5,8,0,22.04,2.15,0.2,0.43,0.08,100,7.3,11,0.34,28.9,2,0.14,3.56,0.06,189,45,79.6,34.1,170.5,60,4.2,1.77,0.57,0.8,0.1,0.7,107,55,32,9,7.3,4.1,3.2,1.28,1.2,16.6,7.7522,6.46,137,4.5,107,3.4,119.73,160,267,427,37.47,5.9,122.63,0.4,13.5,125.5,10.76,11.2,3.4,298,15.6,1.07,115,107,123,436
420599,GYAHD10KLM,234250,23/10/2018,06:42,07:25,Pale Yellow,Clear,1.02,7,Trace,Negative,Negative,Negative,Negative,Normal,Negative,9-10,0,>20,Nil,Rare,NIL,13.8,6.3,33.4,90,21,41,12.6,40.3,10341,45,24,6,8,6.6,6.35,2.62,0.96,0.13,0,478,11.3,17,0.19,19,0.1,0.32,0.05,0.12,173,21,109.6,36.2,181,115,8.2,5.22,0.19,0.9,0.2,0.7,117,13,27,42,6.4,4.9,1.5,3.27,1.1,73.7,34.4179,31.29,139,4.5,118,2.9,119.57,59,336,395,14.94,6.3,134.11,0.2,12.8,100.3,12.76,8,2.2,165,12,7.43,107,70,78,67
233357,MZLGI12RJK,350845,22/10/2018,08:45,09:38,Pale Yellow,Clear,1.019,5.3,Negative,Negative,Negative,Negative,Negative,Normal,Negative,11-13,2,11-15,Nil,Nil,NIL,9.7,4.4,52.6,83.1,22,18,12.4,39.6,7097,55,38,5,7,2.3,6.64,1.49,1.05,0.24,0.1,405,11.5,10,0.07,33.9,4,0.34,0.15,0.25,239,42,75.6,14,70,143,5.7,1.8,0.56,0.5,0.1,0.4,41,44,27,47,8.1,4.9,3.2,1.53,1.1,8.6,4.0162,3.65,144,2.9,72,4,116.28,115,132,247,46.56,5.8,119.76,0.8,13.7,110,12.45,9.3,4.1,63,3.9,1,98,71,88,90
294220,PBCHD02SKM,689134,26/10/2018,07:39,08:28,Pale Yellow,Clear,1.015,4.6,Trace,Trace,Negative,Negative,Negative,Normal,Negative,9-11,4,2-2,Nil,Nil,NIL,14.2,4,51.3,64.5,35,27,11.8,44.8,7526,44,38,2,7,0,1.45,2.54,0.49,0.1,0.09,1167,9.6,19,0.39,14.1,4.4,0.13,1.07,0.32,150,50,141.8,89.3,446.5,137,3,2.84,0.35,0.7,0.3,0.4,51,48,16,10,8.1,3.7,4.4,0.84,1,5.7,2.6619,2.66,141,5.5,99,3.8,97.55,102,348,450,22.67,5.8,119.76,0.8,14.4,151.5,9.5,9.1,2.4,120,15.1,8.09,92,98,82,144
630114,GYAHD08KAU,982729,23/10/2018,08:19,09:01,Light Yellow,Clear,1.018,8.7,1+,Negative,Negative,Negative,Negative,Normal,Negative,92-93,1,2-2,Rare,Nil,NIL,12.7,8.2,51.2,76.2,15,24,14,45.4,6185,47,28,4,4,0,9.15,1.65,0.61,0.43,0.28,373,8.5,11,0.69,28.9,3.7,0.29,3.81,0.07,221,51,74.2,84.9,424.5,173,4.3,1.45,0.69,0.9,0.3,0.6,79,41,27,10,7.1,4.3,2.8,1.54,0.7,9,4.203,6,140,5,97,6.5,104.05,120,284,404,29.7,5.8,119.76,0.7,11.4,79.9,14.27,10.5,4.1,216,5.7,0.89,99,91,82,150
909602,MZLGI09GJS,485048,24/10/2018,10:41,11:57,Pale Yellow,Slightly cloudy,1.012,6.4,Negative,2+,Negative,Negative,Negative,Normal,Negative,4-6,1,2-3,Few,Nil,NIL,10.4,4.9,30.2,121.8,21,34,12,40.8,5460,68,37,1,5,0,1.08,2.58,0.93,0.46,0.07,747,11.5,12,0.49,28,1.8,0.27,0.08,0.51,155,30,92.2,27.2,136,105,5.2,3.07,0.33,4.3,2.1,2.2,46,44,12,21,7.4,4.6,2.8,1.64,0.6,13.1,6.1177,10.2,140,4.2,98,6.7,106.66,28,360,388,7.22,7.8,177.16,0,221.6,64.9,341.45,10.3,3.2,208,3.5,2.5,109,85,78,183
232625,PBCHD07RJU,274318,23/10/2018,09:58,10:32,Light Yellow,Clear,1.024,6.9,Trace,Negative,2+,Negative,Negative,Normal,Negative,4-6,2,3-3,Few,Rare,NIL,20.4,4.6,51.9,50.8,44,39,12.3,47,8255,56,55,3,6,0,6.92,1.47,0.26,0.12,0.05,752,15.3,14,0.2,30.6,4.6,0.25,0.17,0.02,154,62,153.5,5.2,26,67,2.5,2.48,0.4,0.9,0.2,0.7,50,41,39,20,6.4,4.4,2,2.2,1.2,16.6,7.7522,6.46,140,4.9,107,4.5,97.84,73,225,298,24.5,5.9,122.63,0.9,11.8,79.1,14.92,10.4,2.2,186,11.8,0.28,90,62,84,134
198071,MZLGI14GJS,107565,26/10/2018,10:14,11:02,Pale Yellow,Cloudy,1.017,6.6,Negative,Negative,Negative,1+,Negative,Normal,Negative,5-6,2,>20,Nil,Nil,NIL,11.3,6.3,31.7,89.9,17,35,14.6,39.4,31208,31,55,13,17,0,3.75,2.58,0.76,0.22,0.05,789,7.3,11,0.11,21.1,4.2,0.37,3.36,0.19,189,48,59.3,8.4,42,123,3.9,1.24,0.81,0.7,0.2,0.5,58,37,36,85,6.4,4.3,2.1,2.05,1.5,6.1,2.8487,1.9,145,4.4,101,4.5,104.26,151,110,261,57.85,5.8,119.76,0.1,13.1,282.7,4.63,9.6,4.4,310,3.3,5.18,102,101,330,175
154719,PBCHD06KLC,571405,25/10/2018,08:50,09:55,Red,Clear,1.012,6.9,Negative,Trace,Negative,Negative,Negative,Normal,Negative,5-7,2,3-4,Rare,Nil,NIL,20.3,5.8,58.4,85.3,35,34,12.6,43.1,6926,46,35,4,25,0,1.2,1.51,0.39,0.14,0.08,423,12,18,0.39,26.9,1.7,0.4,0.21,0.2,157,31,211.1,29.9,149.5,103,5.1,6.81,0.15,0.7,0.3,0.4,78,34,25,45,8.2,3.5,4.7,0.74,1.1,19.5,9.1065,8.28,145,4.9,101,2.3,93.54,76,102,178,42.7,12.6,314.92,0.3,15.5,135.7,11.42,8.4,2.5,84,7.7,2.61,127,105,94,124
254427,MZLGI03RJK,129323,24/10/2018,07:05,07:52,Yellow,Hazy,1.012,6.1,Trace,Trace,Negative,Negative,Negative,Normal,Negative,TNTC,2,2-4,Moderate,Nil,NIL,8.3,5.1,53.1,46.5,16,15,13.1,45.8,6949,69,37,1,7,0,8.55,0.76,0.79,0.27,0.09,315,10,13,0.33,21.3,7,0.4,0.4,1.74,186,25,47.3,7.7,38.5,72,7.4,1.89,0.53,0.8,0.1,0.7,51,63,13,35,7.4,4.1,3.3,1.24,0.9,19.3,9.0131,10.01,132,4.5,108,3.9,92.12,176,326,502,35.06,6.3,134.11,1,17.4,139.4,12.48,7.9,3.2,258,22.3,1.49,105,85,109,78
822437,PBCHD02MHS,172784,25/10/2018,10:44,12:10,Light Yellow,Hazy,1.021,6.7,Trace,Trace,Negative,Negative,Negative,Normal,Negative,3-4,1,2-4,Nil,Nil,NIL,17.6,5.5,43.5,89.3,32,40,11.8,43.2,10870,49,32,6,23,0,8.05,2.12,0.41,0.46,0.06,100,14.5,26,0.31,21.4,0.7,0.36,6.42,0.23,174,45,77.8,35.8,179,201,3.9,1.73,0.58,11.8,7.3,4.5,105,37,34,41,6.3,3.9,2.4,1.63,1,8.3,3.8761,3.88,142,4.1,105,2.2,101.43,116,296,412,28.16,7.3,162.81,0.1,10.8,118.7,9.1,10.4,3.6,175,10,1.08,91,68,112,177
993277,KLTRS14WBD,501919,25/10/2018,09:36,10:11,Yellow,Clear,1.028,5,Negative,Trace,Negative,Negative,Negative,Normal,Negative,9-11,1,1-3,Few,Nil,NIL,10.9,6.5,36.4,70.6,16,29,14.3,40.6,6750,50,55,3,2,0,5.03,2.15,0.39,0.21,0.08,809,7.9,13,0.22,13.7,5.4,0.39,0.16,0.11,111,43,83.6,31.2,156,76,2.6,1.94,0.51,0.5,0.2,0.3,69,28,32,11,6.1,5,1.1,4.55,0.6,14.1,6.5847,10.97,126,4.1,104,5.1,98.44,83,296,379,21.9,8.9,208.73,0.6,27.4,93.1,29.43,9.9,3.1,170,6.4,8.97,88,71,97,103
494695,KLTRS06KLP,226620,24/10/2018,10:34,11:47,Pale Yellow,Hazy,1.02,6.7,1+,Trace,Negative,Negative,Negative,Normal,Negative,10-11,0,7-18,Nil,Moderate,Artifacts,8.7,3.6,31,128.2,24,28,12.4,39.9,6273,47,43,3,8,0,15.44,1.88,0.16,0.46,0.05,864,11.6,5,0.27,36.5,0.1,0.99,0.02,0.26,176,53,64.3,8.7,43.5,104,3.3,1.21,0.82,0.2,0,0.2,91,45,37,14,8.2,4.7,3.5,1.34,0.6,12.2,5.6974,9.5,138,3.6,98,4.9,80.79,115,184,299,38.46,7.6,171.42,0.6,16.6,70.5,23.55,10.6,5.2,120,7.1,1.02,143,89,70,80
832818,PBCHD04CGD,103086,22/10/2018,11:38,12:49,Yellow,Clear,1.016,6.6,Trace,Trace,Trace,Trace,Negative,Normal,Negative,19-24,7,2-2,Nil,Nil,NIL,5.2,6.4,46.4,81.4,8,11,10.9,39.6,4338,32,50,5,9,0,5.28,2.04,0.69,0.1,0.08,181,8.8,15,0.21,34.9,6,2.46,5.89,0.34,157,63,61,35.7,178.5,123,2.5,0.97,1.03,0.5,0,0.5,42,54,29,30,6.1,4,2.1,1.9,1,34.9,16.2983,16.3,144,5.6,102,4.2,91.78,184,163,347,53.03,7.7,174.29,0.7,24.3,56.7,42.86,8.6,3.9,171,6.7,3.82,113,60,76,213
301840,PBCHD14GAM,304929,26/10/2018,07:49,08:26,Pale Yellow,Clear,1.015,6.6,2+,Negative,Negative,Negative,Negative,Normal,Negative,7-8,2,2-3,Nil,Rare,Amorphous debris,17.4,3.2,52.8,95.3,54,32,11.9,40.9,5946,58,17,3,6,0.4,14.05,1.38,0.78,0.22,0.03,236,17.5,12,0.57,16.6,4.8,0.38,0.04,0.34,179,49,93.1,24.1,120.5,170,3.7,1.9,0.53,0.4,0.1,0.3,45,43,34,24,6,4.6,1.4,3.29,1.2,11.6,5.4172,4.51,139,4.3,99,4.2,94.7,107,352,459,23.31,6.6,142.72,0.8,21.7,113.4,19.14,11.1,4.5,319,11.2,0.17,100,79,100,330
900968,KLTRS08KLP,294702,24/10/2018,10:39,11:55,Straw,Clear,1.015,4.7,Trace,Negative,Negative,Negative,Negative,Normal,Negative,5-7,0,2-2,Nil,Nil,Mucus threads,14.9,5,37.4,50,29,39,12.1,45.2,7375,69,23,5,5,0,0.11,2.28,0.58,0.01,0.03,390,11.6,15,0.32,40.9,1,3.4,0.49,4.88,239,55,154.7,11.1,55.5,130,4.3,2.81,0.36,0.9,0.3,0.6,73,12,14,47,7.6,3.9,3.7,1.05,0.6,6.6,3.0822,5.14,147,4.6,100,3.3,68.06,136,230,366,37.16,6.1,128.37,0.1,16.8,111.7,15.04,8.7,4.2,257,6.5,2.61,115,93,124,101
754701,MZLGI02MHP,390853,24/10/2018,11:20,12:44,Light Yellow,Slightly cloudy,1.03,5.3,Negative,Trace,Negative,Negative,Negative,Normal,Negative,56-58,1,1-2,Few,Nil,Mucus threads,10.5,6.5,49.5,57,16,21,12.6,45.1,10582,68,44,4,7,0,1.1,1.81,0.4,0.94,0.08,112,11.2,12,0.37,13.9,0.5,0.27,0.69,0.79,155,34,75.8,5.5,27.5,158,4.6,2.23,0.45,0.4,0,0.4,89,28,26,39,7.7,4.2,3.5,1.2,0.3,7.2,3.3624,11.21,141,5.5,99,5.1,105.03,95,227,322,29.5,7.7,174.29,0.1,181.9,98,185.61,11.3,3.1,210,11.5,3.48,132,69,92,124
855309,MZLGI08RJK,594702,23/10/2018,09:09,10:12,Light Yellow,Slightly cloudy,1.011,5.3,Negative,Negative,Negative,Negative,Negative,Normal,Negative,39-40,1,3-4,Nil,Nil,Yeast cells,8.4,5.5,49.4,92.2,15,17,12.7,39.3,5152,48,36,6,6,0,3.91,0.14,0.61,0.29,0.04,1055,7,11,0.37,12.5,2.5,0.14,0.3,5.22,240,47,92.5,41.3,206.5,90,5.1,1.97,0.51,0.7,0.3,0.4,118,39,31,48,7,4.6,2.4,1.92,1.1,8.5,3.9695,3.61,135,4.9,106,6.6,118.92,134,298,432,31.02,6.4,136.98,1,12.7,113.1,11.23,13,3.9,110,7.9,9.08,105,78,87,383
550596,GYAHD12JHJ,502908,26/10/2018,09:39,10:16,Yellow,Clear,1.017,6.4,Negative,Negative,Negative,Negative,Negative,Normal,Negative,5-6,2,9-17,Nil,Nil,NIL,11.2,4.2,36.1,93.7,26,31,13.6,39.1,8836,58,20,2,2,0,5.53,1.3,0.67,0.16,0.09,167,12.7,25,0.25,32,4.2,0.3,0.28,2.82,161,41,91.2,36.1,180.5,153,3.9,2.22,0.45,0.9,0.3,0.6,55,56,18,95,6.1,3.6,2.5,1.44,0.9,30.2,14.1034,15.67,142,2.3,102,3.7,123.99,119,184,303,39.27,5.9,122.63,0.4,245.3,161.9,151.51,9.7,4.5,186,10.6,3.77,88,89,65,80
623405,GYAHD05ODK,615190,26/10/2018,07:17,07:55,Light Yellow,Slightly cloudy,1.025,6.6,Negative,Trace,3+,Negative,1+,Normal,Negative,2-3,1,3-4,Nil,Nil,Fungal elements,15.5,3.4,52.1,84.2,45,29,13.8,39.8,8800,54,30,13,14,0,2.53,3.01,0.36,0.21,0.03,433,11.1,12,0.67,29.6,4.8,0.48,0.41,0.3,180,76,48.3,5.1,25.5,80,2.4,0.64,1.57,1.1,0.5,0.6,95,7,36,16,7.2,4.4,2.8,1.57,0.7,18.5,8.6395,12.34,124,3.7,90,5.8,117.17,144,296,440,32.73,6.4,136.98,0.4,28.4,105,27.05,7.3,2.2,87,8.2,2.24,99,95,92,100
246923,MZLGI09APK,734610,25/10/2018,06:11,07:03,Yellow,Hazy,1.02,4.9,1+,Negative,Negative,Negative,Negative,Normal,Negative,9-11,0,2-2,Nil,Rare,Amorphous debris,11.3,4.2,41.1,88.9,26,27,11.8,40.7,6202,44,50,6,4,0,6.94,2.26,0.29,0.14,0.04,315,11,17,0.07,24.5,3.1,4.26,0.93,5.24,162,77,54.4,17.1,85.5,146,2.1,0.71,1.42,1.3,0.2,1.1,68,46,16,13,6.9,5,1.9,2.63,0.8,8,3.736,4.67,143,4.3,113,5.1,115.45,114,356,470,24.26,7.5,168.55,0.6,17,290,5.86,10.4,4.2,113,4.1,3.93,71,86,329,140
467007,GYAHD07KAU,266700,24/10/2018,08:27,09:56,Straw,Slightly cloudy,1.014,5.8,Trace,Negative,Trace,Negative,Trace,Normal,Negative,6-8,64,14-16,Nil,Nil,Mucus threads,12,4.9,53.1,80.7,24,22,13.5,43.4,9839,68,47,4,3,11.9,4.48,2.2,0.92,0,0.04,786,14.2,6,0.38,29.5,1.6,0.38,0.06,4.91,173,57,143.2,22.3,111.5,68,3,2.51,0.4,1.1,0.5,0.6,84,35,19,23,8.2,4.8,3.4,1.41,0.9,233.2,108.9044,121,133,4.7,100,6.6,103.48,97,131,228,42.54,6.7,145.59,0.2,14,89.1,15.71,9.8,2.7,161,8.3,0.91,114,92,100,188
361457,GYAHD03ODK,636610,22/10/2018,06:21,07:19,Pale Yellow,Hazy,1.02,5.3,Negative,Trace,Negative,Negative,Negative,Normal,Negative,4-6,2,14-16,Nil,Nil,Fat droplets or lipiduria,20.1,5.4,59.8,78.4,37,33,16.2,40,7241,38,35,18,8,0,2.86,4.11,0.39,0.27,0.41,466,7.6,11,0.29,14.2,0.4,0.39,0.33,0.07,166,55,104.5,100.1,500.5,77,3,1.9,0.53,0.5,0.2,0.3,65,30,40,47,6.6,3.6,3,1.2,0.7,15.9,7.4253,10.61,143,2.1,107,8.4,103,66,208,274,24.09,7.9,180.03,0.1,11.2,81.6,13.73,11.5,4.1,72,4.7,3.13,92,72,99,166
345354,GYAHD15KLM,201494,25/10/2018,11:25,12:23,Light Yellow,Slightly cloudy,1.07,5.1,Negative,Trace,Negative,Negative,Negative,Normal,Negative,TNTC,0,1-2,Nil,Nil,NIL,11.2,5.7,34.8,74.2,19,32,14,47.7,7439,65,21,5,8,2.1,7.95,4.71,0.63,0.32,0.07,407,9.6,11,0.11,14.1,2.5,0.27,0.2,0.18,200,80,90.9,52.7,263.5,151,2.5,1.14,0.88,0.9,0.3,0.6,127,24,40,35,6.4,3.7,2.7,1.37,1.3,7.6,3.5492,2.73,138,5.3,115,6.6,118.96,86,120,206,41.75,7.6,171.42,0.1,12,94.2,12.74,10.5,2.2,140,11.7,3.32,92,81,60,184
795531,MZLGI08BRC,118912,23/10/2018,06:24,07:45,Straw,Opaque,1.013,6.5,Negative,Negative,Negative,Negative,Negative,Normal,Negative,10-12,2,1-3,Few,Nil,NIL,16.7,4.9,51.1,76,34,32,14.1,45.3,10843,50,20,2,11,0,3.23,2.13,0.52,0.41,0.06,42,10.8,11,0.06,16.2,5.9,0.44,0.25,0.37,156,42,98.1,21.8,109,115,3.7,2.34,0.43,0.7,0.1,0.6,57,24,30,23,6.2,3.9,2.3,1.7,0.7,10.2,4.7634,6.8,143,3.9,81,6.9,98.12,108,301,409,26.41,5.8,119.76,0.9,23.5,393.9,5.97,9.5,4.4,142,5.7,0.72,83,91,97,100
232130,KLTRS13TSS,432989,23/10/2018,08:47,09:49,Pale Yellow,Slightly cloudy,1.014,4.8,Trace,Negative,Negative,2+,Negative,3+,Negative,11-13,0,2-3,Nil,Moderate,Fat droplets or lipiduria,15.8,5.5,49.1,74.9,28,32,14.5,39,7049,66,40,2,8,0,12.3,6.41,0.33,0.35,0.05,188,7.3,20,0.4,24.4,0.1,0.38,0.58,0.21,206,57,148,12.4,62,168,3.6,2.6,0.39,0.5,0.2,0.3,137,11,29,41,7,3.8,3.2,1.19,0.7,16.9,7.8923,11.27,144,4.5,106,4.1,119.87,116,262,378,30.69,6.2,131.24,0.2,17.4,146.8,11.85,11.2,2.5,131,6.4,2.26,109,68,87,81
477983,GYAHD08KLM,779375,22/10/2018,11:01,11:36,Green,Clear,1.017,4.5,2+,Trace,Negative,Negative,Negative,Normal,Negative,6-8,1,6-8,Nil,Nil,Fungal elements,14.5,5.4,46.9,94.3,26,30,12.3,48,8840,51,36,10,5,0.9,7.98,5.46,0.51,0.43,0.01,777,11.1,13,0.28,16.4,4.7,0.27,0.37,0.14,171,51,87.2,28.7,143.5,159,3.4,1.71,0.58,1,0.3,0.7,55,46,30,17,7.6,3.8,3.8,1,1.1,18.1,8.4527,7.68,140,3.6,101,2.3,102.07,162,206,368,44.02,7.9,180.03,0.6,22.5,250,9,9.4,5,140,11.7,1.38,76,88,111,86
755690,GYAHD13JHJ,823745,26/10/2018,06:57,07:59,Pale Yellow,Slightly cloudy,1.025,5.9,Trace,Trace,Negative,Negative,Negative,Normal,Negative,7-8,0,2-3,Rare,Rare,Parasites,12.6,5.8,33.7,96.3,21,37,13,27.3,19330,75,27,6,3,0,1.53,1.18,0.29,0.27,0.07,226,17.9,13,0.26,20.2,1.5,0.25,0.26,0.29,181,24,94.9,38.1,190.5,216,7.5,3.95,0.25,0.7,0,0.7,122,36,37,30,7.4,4.6,2.8,1.64,1.1,10.4,4.8568,4.42,140,3.6,99,4.7,96.53,165,128,293,56.31,6.3,134.11,0.3,28.4,88.5,32.09,10.3,5.9,152,21.1,1.6,84,71,77,105
959699,MZLGI04RJK,923602,25/10/2018,09:35,10:10,Pale Yellow,Clear,1.012,4.9,Trace,Trace,Negative,Trace,Negative,Normal,Negative,20-22,4,3-2,Nil,Nil,NIL,10.6,8.4,52.8,83.5,12,20,13.6,40.5,8809,59,39,7,7,0,9.47,1.18,0.59,0.2,0.04,197,10.7,15,0.22,40.3,1.1,0.01,0.04,0.21,196,41,78.6,6,30,78,4.8,1.92,0.52,1,0.3,0.7,120,23,34,48,7.2,4.2,3,1.4,0.8,9.3,4.3431,5.43,129,4.4,114,2.8,101.27,70,356,426,16.43,6.3,134.11,0.4,269.6,45.6,591.23,8.7,4,188,14.2,0.51,117,113,84,62
769874,MZLGI07APK,823988,24/10/2018,06:01,07:00,Yellow,Slightly cloudy,1.016,7,Trace,Negative,Negative,Negative,Negative,Normal,Negative,7-8,2,1-4,Nil,Nil,NIL,7.8,5.9,32.3,78.4,13,24,16.9,33.5,7211,58,38,6,5,0,4.8,1.64,0.13,0.46,0.15,180,6.3,17,0.05,13.5,4.4,0.15,0.18,0.34,208,51,99.1,17.6,88,129,4.1,1.94,0.51,0.8,0.2,0.6,110,34,29,42,6.7,3.9,2.8,1.39,1.1,17.6,8.2192,7.47,127,4.1,99,5,112.75,169,107,276,61.23,6.6,142.72,0.8,17.9,151,11.85,9.3,3.1,176,17.8,2.21,72,76,120,279
711955,KLTRS02NLZ,161191,26/10/2018,11:09,11:56,Pale Yellow,Opaque,1.017,4.8,Trace,Trace,Negative,Negative,Negative,Normal,Negative,10-11,5,3-4,Nil,Few,NIL,14.8,6.1,29.2,81.4,24,50,12.2,40.9,9703,40,22,2,6,0,7.29,2.6,0.5,0.12,0.01,113,9.1,15,0.29,17.6,5.9,0.16,0.11,0.03,201,32,85.2,8.4,42,195,6.3,2.66,0.38,0.8,0.1,0.7,92,9,27,44,8.1,4.4,3.7,1.19,0.8,10.2,4.7634,5.95,124,4.9,99,5.3,36.57,92,353,445,20.67,12.4,309.18,0.1,20.4,558.9,3.65,9.2,2.4,291,3.2,1.1,176,80,115,92
222120,GYAHD12ODK,857730,25/10/2018,11:07,12:21,Pale Yellow,Clear,1.029,5.1,Trace,Trace,Negative,Negative,Negative,Normal,Negative,6-8,0,3-4,Moderate,Few,NIL,12.3,4.8,63.8,95.3,25,19,14.3,42.4,6489,50,49,1,5,0,1.07,1.66,1.42,0.52,0.01,251,7.2,15,0.64,23.4,1.5,0.07,0.23,0.46,183,42,63.6,32.2,161,153,4.4,1.51,0.66,0.9,0.2,0.7,121,38,18,24,5.7,4.1,1.6,2.56,1.9,11.1,5.1837,2.73,145,3.9,96,8.6,90.32,99,120,219,45.21,6.3,134.11,0,17.8,144.2,12.34,7.9,4,181,9.4,0.77,80,72,110,136
378058,MZLGI04APK,997063,26/10/2018,06:12,07:16,Light Yellow,Hazy,1.019,4.8,Negative,Negative,Negative,Negative,Trace,Normal,Negative,8-9,1,3-3,Nil,Nil,Amorphous debris,10.2,5.9,53.6,91.3,17,19,12.6,39.9,9851,48,48,6,3,0,4.6,1.19,0.63,0.96,0.05,31,13,11,0.24,24.1,5.8,0.15,0.03,0.15,155,27,71.3,73.6,368,97,5.7,2.64,0.38,0.4,0.1,0.3,101,4,35,35,7,5.2,1.8,2.89,0.8,32,14.944,18.68,124,3.6,102,2.9,103,259,353,612,42.32,5.7,116.89,1,10.8,137.6,7.85,11.6,3.1,99,3.9,1.96,144,65,69,137
270954,PBCHD14MHS,154401,26/10/2018,08:48,10:06,Pale Yellow,Hazy,1.018,4.9,Trace,Trace,Negative,Negative,Negative,Normal,Negative,14-15,0,17-13,Nil,Nil,Yeast cells,3.2,4.5,17.4,97.3,7,18,12.6,45,42369,56,45,5,4,0,8.2,1.92,0.72,0.45,0.34,236,8.7,17,0.19,16.4,4.4,0.05,0.33,0.38,166,61,121.2,31.3,156.5,181,2.7,1.99,0.5,3.5,1.5,2,166,18,26,42,7.8,3.6,4.2,0.86,1.2,7.9,3.6893,3.07,137,4.6,102,3.8,99.31,119,155,274,43.43,5.8,119.76,0.3,17.5,100.7,17.38,8.6,3.7,107,12.3,3.47,86,95,84,82
908824,PBCHD13HPP,923024,22/10/2018,10:41,11:37,Yellow,Clear,1.013,4.6,2+,Negative,Negative,Negative,Negative,Normal,Negative,10-12,1,>20,Rare,Nil,NIL,16.8,5.6,33.6,81.8,30,50,14.3,40.7,7061,57,46,7,5,0,6.54,1.08,0.51,0.36,0.08,178,8.6,14,0.28,27.8,3.4,0.32,0.32,0.6,188,40,121.2,10.4,52,145,4.7,3.03,0.33,0.8,0.3,0.5,101,47,39,28,6.6,5,1.6,3.13,0.7,8.2,3.8294,5.47,148,4.9,78,3.1,86.74,115,348,463,24.84,9,211.6,0.9,26.2,73.4,35.69,11.8,2.4,70,10.5,0.008,87,67,99,76
717401,KLTRS02WBD,297941,23/10/2018,10:23,11:32,Yellow,Clear,1.021,4.9,Negative,Negative,Negative,Negative,Negative,Normal,Negative,8-10,2,17-18,Nil,Nil,Fat droplets or lipiduria,8.2,5.3,58.2,85.2,15,14,12.8,41,8487,40,28,8,22,0,4.39,2.45,0.95,0.12,0.01,430,9.2,17,0.39,23.6,1.3,0.3,3.22,0.19,188,51,68.1,58.1,290.5,218,3.7,1.34,0.75,0.6,0,0.6,70,37,11,21,7.2,4.8,2.4,2,0.9,18.7,8.7329,9.7,136,2.9,107,3,66.1,109,249,358,30.45,5.2,102.54,0.7,28.6,92.6,30.89,9.1,2.9,264,16.6,3.02,269,107,73,209
728774,PBCHD04RJU,275196,26/10/2018,06:07,07:05,Light Yellow,Clear,1.014,5,Trace,Trace,Negative,Negative,Negative,Normal,Negative,6-8,2,2-2,Nil,Rare,NIL,16,4.5,50.9,86.8,35,31,13.1,46,38601,64,23,4,12,0,15.73,5.42,0.29,0.47,0,122,8.8,7,0.32,41.4,2.6,0.9,2.88,4.34,177,79,40.2,95.7,478.5,125,2.2,0.51,1.97,0.9,0.2,0.7,52,17,12,31,7,5,2,2.5,1,6.8,3.1756,3.18,148,4.2,99,6.7,75.55,155,197,352,44.03,7.7,174.29,0.6,22.5,53.5,42.06,12.3,4.9,119,9.7,2.77,78,120,79,125
193055,MZLGI09MHP,261985,26/10/2018,06:51,07:54,Dark Yellow,Hazy,1.011,5.5,Negative,Negative,Negative,Negative,Negative,Normal,Negative,11-12,1,12-19,Nil,Nil,Fat droplets or lipiduria,8.7,5.5,33,97.8,15,26,14.4,44.9,8658,43,44,2,12,0,0.29,2.06,0.41,0.13,0.05,152,9.1,11,0.11,31.4,3.3,0.7,0.26,0.11,176,75,89.6,7.4,37,156,2.3,1.19,0.84,0.5,0,0.5,73,28,40,38,6.2,3.8,2.4,1.58,0.8,12.7,5.9309,7.41,148,5.7,103,6.9,111.55,129,340,469,27.51,5.7,116.89,0.8,10.9,79.1,13.78,10.3,3,213,12.6,0.74,220,109,87,129
416660,PBCHD15NLM,597227,26/10/2018,09:23,10:22,Pale Yellow,Clear,1.019,5.2,Trace,Trace,Negative,Negative,Negative,Normal,Negative,9-10,2,3-3,Few,Nil,Amorphous debris,13.7,4.6,52.6,83.1,29,26,9.9,27.3,9737,45,30,4,8,0,4.11,2.41,0.47,0.67,0.04,411,7.5,13,0.36,14.5,4.9,1.98,0.74,0.1,237,53,22.5,36.1,180.5,110,4.5,0.42,2.36,0.5,0,0.5,81,16,22,46,6.3,4.7,1.6,2.94,0.8,16.9,7.8923,9.87,139,1.9,95,5.5,98.48,71,310,381,18.64,5.9,122.63,0.8,14.6,217.9,6.7,8.7,3.7,248,11.6,4.64,170,88,96,388
222054,KLTRS02TSS,919163,22/10/2018,07:20,07:54,Yellow,Clear,1.016,4.6,Negative,Trace,Negative,Negative,Negative,Normal,Negative,8-9,0,2-3,Nil,Nil,NIL,13.6,5.6,34.9,83.4,24,38,11.5,39.6,8108,44,27,5,25,0,20.81,0.62,0.42,0.39,0.1,112,7.2,29,0.34,30.1,0.5,0.19,0.13,6.87,193,50,98.3,37.3,186.5,142,3.9,1.97,0.51,0.5,0.2,0.3,90,10,34,18,6.5,3.9,2.6,1.5,0.9,17.1,7.9857,8.87,136,5.4,90,8.2,95.96,248,310,558,44.44,5.8,119.76,0.2,12.5,290.6,4.3,9.8,2.3,93,8.6,4.58,123,60,155,79
159524,MZLGI01BRC,160123,25/10/2018,07:02,08:24,Light Yellow,Clear,1.02,6.5,Negative,Trace,Negative,Negative,2+,Normal,Negative,9-10,0,2-3,Nil,Nil,NIL,1.2,5.4,30.3,74.2,2,3,13.6,42.1,10479,47,31,3,6,0,5.93,2.56,0.38,0.4,0.06,12,9.1,15,0.29,32.1,2,0.8,0.33,0.11,200,52,87.3,28,140,182,3.8,1.68,0.6,0.9,0.2,0.7,58,36,21,42,7.9,5.3,2.6,2.04,0.9,8.2,3.8294,4.25,138,3.9,99,5.7,96.09,111,152,263,42.21,6.2,131.24,0.8,21.1,147.7,14.29,8.6,3.5,167,9.6,0.56,108,89,82,70
593777,PBCHD04KLC,574386,25/10/2018,07:32,08:52,Pale Yellow,Slightly cloudy,1.02,4.8,Negative,1+,Negative,Negative,Negative,Normal,Negative,2-4,1,1-2,Nil,Nil,NIL,17.6,6.5,49.8,70.5,27,35,16,34.3,6754,49,40,4,1,0,6.56,2.64,0.73,0.5,0.47,771,7.4,17,0.52,43.6,0.6,0.11,0.19,0.12,167,75,143.3,19.4,97,95,2.2,1.91,0.52,7.3,3.6,3.7,63,46,30,73,6.8,3.9,2.9,1.34,0.8,13.6,6.3512,7.94,121,5.7,107,5.8,90.26,113,350,463,24.41,6.1,128.37,0.9,21.1,117,18.03,9.1,3.7,276,4.8,9,119,115,87,148
591481,MZLGI02APK,975932,23/10/2018,11:24,12:36,Pale Yellow,Clear,1.014,6.2,Trace,Trace,Negative,Negative,Negative,Normal,Negative,53-56,12,11-16,Nil,Rare,NIL,18,5.6,49.4,99.1,32,36,11.9,39.7,3071,76,15,5,4,1,6.33,1.99,0.24,0.42,0.08,414,9.8,8,0.34,14.8,1.3,6.22,0.07,0.24,239,60,75.1,28.5,142.5,85,4,1.25,0.8,2.1,0,2.1,120,40,20,35,6.9,4.7,2.2,2.14,1,16.2,7.5654,7.57,139,2.5,103,4.2,91.09,146,251,397,36.78,6.2,131.24,0.9,14.2,129.7,10.95,9.7,3.5,261,5.2,2.17,97,86,233,159
330274,KLTRS03TSS,271595,22/10/2018,08:28,09:51,Pale Yellow,Clear,1.018,4.5,2+,Trace,Negative,Negative,Negative,Normal,Negative,13-15,2,1-4,Rare,Nil,NIL,9.5,5.3,46.8,86.8,17,20,15,45.2,10623,74,32,5,10,0,4,2.02,0.95,0.34,0.36,265,8.9,13,0.11,30.5,0.1,0.61,0.74,2.3,166,59,79.2,12.9,64.5,85,2.8,1.34,0.74,0.6,0.2,0.4,122,39,35,21,6.5,4.3,2.2,1.95,1,7.1,3.3157,3.32,142,3.5,103,5.7,115.27,114,333,447,25.5,6.4,136.98,1,137.6,72.4,190.06,6.9,5.2,136,5.9,0.5,102,151,105,179
542747,GYAHD09JHJ,445260,26/10/2018,08:48,10:07,Pale Yellow,Slightly cloudy,1.018,5.6,3+,Negative,Negative,Negative,Negative,Normal,Negative,6-7,1,2-4,Nil,Nil,Artifacts,15.1,7.8,63.4,93.4,19,23,12.5,44,44285,36,36,6,8,0,9.66,1.92,0.75,0.48,0.1,1118,11.9,7,0.29,28.9,1.9,0.93,0.16,0.14,189,54,143.8,76,380,61,3.5,2.66,0.38,1,0.2,0.8,123,11,36,35,6.6,4.3,2.3,1.87,0.8,9.7,4.5299,5.66,145,3.5,90,2.5,93.16,179,334,513,34.89,8.2,188.64,0.6,26.4,100.7,26.22,9.2,2.5,129,10.6,3.42,122,125,349,115
669255,PBCHD10KLC,506886,23/10/2018,11:37,12:23,Pale Yellow,Slightly cloudy,1.029,5.1,Negative,Trace,Negative,Negative,Negative,Normal,Negative,2-4,2,1-3,Nil,Rare,NIL,13.8,4.1,52.5,51.6,33,26,12.7,39.9,6752,64,25,5,7,0,0.87,4.48,1.02,0.6,0.05,154,7.9,11,0.27,22.5,2.2,3.29,0.11,0.3,165,49,62.8,105.8,529,79,3.4,1.28,0.78,0.6,0.1,0.5,45,8,17,39,6.5,4.4,2.1,2.1,0.8,19.1,8.9197,11.15,140,6,101,4.9,107.88,192,347,539,35.62,6.1,128.37,0.2,14.3,292.8,4.88,11.1,4,151,5.8,9.88,71,89,101,86
863285,GYAHD06ODK,839092,22/10/2018,09:59,10:40,Straw,Clear,1.014,4.8,Negative,Trace,Negative,Negative,Negative,Normal,Negative,4-5,2,3-3,Nil,Nil,Parasites,16.8,4.4,33.2,93.5,38,50,12.8,43.6,34924,57,10,25,5,0.7,9.63,1.46,0.47,0.34,0.02,337,11.8,13,0.19,29.4,3.7,0.22,0.86,1.8,188,56,76.2,26.6,133,156,3.4,1.36,0.73,0.4,0,0.4,113,56,21,27,8.1,4.7,3.4,1.38,1.1,12.3,5.7441,5.22,121,4.7,85,3.3,114.39,109,215,324,33.64,6,125.5,0.3,15.1,105.1,14.37,10.2,3.4,139,9.7,1.79,123,65,69,198
334314,KLTRS09TSS,212190,22/10/2018,06:12,06:54,Light Yellow,Clear,1.018,4.8,Negative,Negative,Negative,Negative,Negative,Normal,Negative,5-7,1,1-4,Rare,Nil,NIL,18.4,4.2,63.7,98.8,43,28,14.3,46.8,4938,73,38,6,6,0,1.19,2.09,0.72,0,0.03,309,12.5,13,0.23,46.2,3.1,0.28,0.21,0.64,195,40,101.5,57,285,179,4.9,2.54,0.39,0.8,0.1,0.7,123,18,17,43,7.9,4.5,3.4,1.32,0.8,9.9,4.6233,5.78,147,4,103,4.8,115.68,85,314,399,21.3,5.8,119.76,1,17.9,200.9,8.91,7.6,4.6,108,5.6,9.49,107,88,99,104
447952,PBCHD15GAM,991005,22/10/2018,11:01,11:45,Yellow,Clear,1.018,5.8,Trace,Trace,Negative,Negative,Negative,Normal,Negative,3-5,17,1-3,Few,Nil,Parasites,14.8,5.4,12.2,96.1,27,121,12.7,42.6,9406,55,25,6,6,0,5.82,2.27,0.73,0.64,0.05,130,7.7,23,0.17,13.5,2.5,0.38,0.34,0.3,216,49,95.4,17.2,86,142,4.4,1.95,0.51,0.6,0,0.6,46,23,18,36,7.6,4.9,2.7,1.81,0.9,11.4,5.3238,5.92,146,3.5,114,6.4,93.75,75,311,386,19.43,7.7,174.29,0,20.3,20.6,98.54,8.4,2.4,127,5.7,3.29,74,62,254,104
496533,PBCHD15GAM,737864,24/10/2018,07:22,08:42,Pale Yellow,Slightly cloudy,1.012,6.7,1+,Negative,2+,Negative,Negative,Normal,Negative,37-41,2,1-2,Rare,Nil,NIL,8.7,5.5,47.4,88.3,15,18,12.5,45.2,7119,52,47,4,18,0,8.57,1.86,0.63,0.49,0,135,6.3,12,0.32,13.4,3.6,0.25,0.03,0.29,175,35,83,28.8,144,70,5,2.37,0.42,0.9,0.2,0.7,95,8,40,16,6.1,4.3,1.8,2.39,0.8,14.2,6.6314,8.29,127,3.7,112,4.4,64.11,107,193,300,35.67,5.9,122.63,0.9,29,68.9,42.09,10.5,3.7,253,9.4,3.77,114,65,77,67
298118,MZLGI13MHP,819467,26/10/2018,09:32,10:44,Pale Yellow,Clear,1.019,6.5,Negative,Trace,Negative,Negative,Negative,Normal,Negative,3-4,1,2-2,Nil,Nil,Yeast cells,9.8,6.6,23.3,83.9,14,42,12.5,46.7,6601,37,40,6,5,0,2.78,1.64,0.69,0.15,0.03,270,7,16,0.49,12.4,3.4,0.34,0.77,2.66,212,68,145.7,34.1,170.5,197,3.1,2.14,0.47,0.4,0,0.4,120,44,15,12,7.7,3.3,4.4,0.75,1.1,19.7,9.1999,8.36,137,4.3,111,5.5,67.16,233,330,563,41.39,5.8,119.76,0.2,20.8,82,25.37,8.7,2.8,266,5.7,10.29,77,89,144,128
888613,GYAHD12KAU,303905,24/10/2018,06:12,07:00,Light Yellow,Hazy,1.028,6.9,Trace,Negative,Negative,Trace,Negative,Normal,Negative,8-9,1,3-4,Nil,Nil,NIL,12.5,4.3,19.2,95.7,29,65,14.4,44.7,9326,44,40,6,6,0,5.69,0.29,0.94,0.21,0.11,150,6.1,12,0.19,23.5,4.5,0.03,0.01,0.33,120,52,135.5,12.4,62,83,2.3,2.61,0.38,0.7,0.1,0.6,93,56,10,42,8.3,4.6,3.7,1.24,1,17,7.939,7.94,124,2.3,98,6.5,104.02,66,313,379,17.41,6.4,136.98,0.4,10.2,91,11.21,7.6,3.6,185,11.7,0.88,139,109,213,81
311532,KLTRS15TSS,983883,24/10/2018,09:55,10:51,Pale Yellow,Slightly cloudy,1.403,5.2,Trace,Trace,Negative,Negative,Negative,Normal,Negative,TNTC,2,3-3,Rare,Moderate,NIL,4.8,5.4,60.7,93.9,8,7,14,41.7,10744,31,28,2,7,0,6.84,4.33,1.35,0.25,0.02,147,7.3,11,0.36,14.6,4.3,0.72,0.53,3.98,183,55,96.3,44.2,221,171,3.3,1.75,0.57,0.7,0.3,0.4,109,53,15,26,6.5,4.5,2,2.25,1.8,36.2,16.9054,9.39,133,4.1,110,4.8,110.79,108,306,414,26.09,6.3,134.11,0.3,27.9,76.2,36.61,6.2,5.2,71,9.4,3.72,121,114,82,150
577806,GYAHD11KLM,980156,26/10/2018,07:30,08:59,Pale Yellow,Slightly cloudy,1.016,4.6,Negative,Negative,Negative,Negative,Negative,Normal,Negative,7-8,0,3-2,Nil,Nil,NIL,16.2,4.9,29.2,94.2,33,55,13.3,25.8,7037,26,40,6,7,0,3.24,1.82,0.59,0.08,0.03,103,8.3,11,0.21,18.6,2.4,0.17,0.69,3.29,165,42,90.1,19.8,99,98,3.9,2.15,0.47,0.4,0,0.4,53,6,13,13,7.3,5,2.3,2.17,0.7,6.1,2.8487,4.07,125,4.8,105,3.6,119.87,111,299,410,27.07,8,182.9,1,144.9,35.1,412.82,9.9,6.6,224,6.4,2.7,109,87,112,118
958793,PBCHD14MHS,680174,24/10/2018,08:05,09:31,Deep Amber,Slightly cloudy,1.039,6,Trace,Negative,Negative,Negative,Negative,Normal,Negative,5-7,0,3-3,Rare,Nil,Yeast cells,4.6,4.9,41.2,97.4,9,11,12.5,45.8,6623,39,40,1,11,0.5,22.16,2.3,0.17,0.12,0.03,329,11.3,14,0.27,35,1.5,0.39,0.54,0.37,172,45,102.5,37.8,189,128,3.8,2.28,0.44,0.4,0,0.4,63,47,15,12,7.7,4.9,2.8,1.75,1.8,27.2,12.7024,7.06,148,5.5,99,2.2,93.82,121,139,260,46.54,7.1,157.07,0.8,10.1,110.6,9.13,11.7,4.3,78,17.4,3.21,71,81,115,182
771939,PBCHD08PBP,843940,24/10/2018,07:00,08:11,Deep Amber,Hazy,1.012,6.6,Trace,Trace,Negative,Negative,Negative,Normal,Negative,3-5,12,2-3,Rare,Nil,NIL,17.7,5.4,39.8,89.3,32,44,12.2,43.5,10497,50,49,10,5,0,1.09,2.02,0.58,0.29,0.09,271,15.9,15,0.12,23.5,3.8,0.79,3.72,0.34,222,36,88.3,27.2,136,212,6.2,2.45,0.41,0.5,0.2,0.3,89,37,35,42,7.5,4.6,2.9,1.59,1.2,81.4,38.0138,31.68,142,4.5,97,8.6,99.17,192,217,409,46.94,12.9,323.53,0.6,14.7,63.5,23.15,9.9,1.6,140,8.2,3.29,73,168,77,122
838694,KLTRS04KLP,578520,24/10/2018,09:21,10:32,Light Yellow,Slightly cloudy,1.012,5,Trace,Trace,Negative,Trace,Negative,Normal,Negative,4-5,0,1-3,Rare,Nil,NIL,18.3,5.1,31.7,79.8,35,57,12.1,40.5,6267,44,39,2,8,0,1.59,1.58,0.88,0.45,0.03,386,7.4,16,0.24,30.8,3.2,0.13,0.48,0.33,151,44,51.7,16.9,84.5,188,3.4,1.18,0.85,0.8,0.1,0.7,95,9,17,23,6.7,4.4,2.3,1.91,1.1,19.2,8.9664,8.15,145,3.2,99,2.2,37.22,109,126,235,46.38,6.4,136.98,0.5,17.3,64.2,26.95,10.4,4.4,185,2.9,3.1,96,98,96,193
931141,MZLGI10RJK,125842,25/10/2018,08:33,09:39,Straw,Slightly cloudy,1.017,7.5,Trace,Trace,Negative,Negative,Negative,Normal,Positive,8-10,0,2-4,Nil,Few,NIL,12,5.5,10.3,59.2,21,116,13.4,35.2,7791,77,38,3,4,0,8.81,1.45,0.68,0.17,0.06,77,7.9,17,0.34,12,0.2,0.27,0.18,0.62,170,34,58.7,9.2,46,119,5,1.73,0.58,0.7,0.1,0.6,55,5,16,17,6.4,3.5,2.9,1.21,0.8,17.7,8.2659,10.33,116,2.9,104,5.3,115.42,123,198,321,38.32,6.4,136.98,0.5,13.3,25.4,52.36,9.4,4.5,139,10.7,2.65,244,197,112,99
797239,MZLGI09MHP,755763,24/10/2018,09:56,11:23,Light Yellow,Clear,1.018,6.9,Negative,Trace,Negative,Negative,Negative,Normal,Negative,11-12,2,14-19,Nil,Few,Parasites,9.3,3.8,55.8,83.5,24,16,14.3,41.4,7008,65,29,3,7,0,8.64,4.01,0.43,0.06,0.16,207,7.1,15,0.39,33.5,0.1,5.52,0.3,0.35,224,50,82.4,64.9,324.5,80,4.5,1.65,0.61,0.5,0,0.5,96,8,14,25,6.5,3.5,3,1.17,0.8,16.3,7.6121,9.52,143,4.9,112,6.2,106.55,62,253,315,19.68,6.3,134.11,0.6,22.3,37.3,59.79,10.2,4.4,278,6.6,2.19,126,88,105,153
438769,PBCHD08KLC,199209,22/10/2018,08:50,09:29,Orange,Slightly cloudy,1.019,4.4,Trace,1+,Negative,Negative,Negative,1+,Negative,6-7,2,3-4,Nil,Few,NIL,14.5,4.3,38.3,49.7,33,37,14.4,37.6,9097,58,15,6,2,0,7.92,1.92,0.4,0.49,0.07,312,9.1,11,0.23,27.2,1.5,0.63,0.26,0.2,226,62,104.6,22,110,180,3.6,1.69,0.59,0.4,0.1,0.3,129,87,16,27,7.2,4.4,2.8,1.57,0.6,20,9.34,15.57,144,3.7,95,5.6,116.61,173,141,314,55.1,6,125.5,0.7,10.7,170.4,6.28,10.5,3.6,279,4,3.27,107,113,124,74
249121,PBCHD13HPP,274328,23/10/2018,08:53,09:32,Pale Yellow,Slightly cloudy,1.016,6.8,Negative,Negative,Negative,Negative,Negative,Normal,Negative,3-5,0,7-16,Few,Rare,NIL,15.6,6,32.3,97.7,26,48,13.6,39,9409,43,34,6,8,0,3.85,1.74,0.47,0.26,0.15,274,11.1,11,0.21,13.3,1.3,0.07,6.25,1.31,194,66,70.7,21.5,107.5,167,2.9,1.07,0.93,0.9,0.2,0.7,76,43,32,41,8,2.6,5.4,0.48,0.6,10.3,4.8101,8.02,130,3.1,90,5,91.53,144,350,494,29.15,11.8,291.96,0.1,20.3,454.3,4.47,11.2,2.7,148,19.2,2.33,108,97,97,134
307473,GYAHD10KLM,359273,23/10/2018,08:29,09:24,Yellow,Slightly cloudy,1.014,7,Negative,Trace,Negative,Negative,Negative,Normal,Negative,10-12,2,2-3,Nil,Nil,NIL,8.2,2.3,12.8,96,35,64,14,42.9,6742,39,35,2,3,0,2.74,0.42,0.24,0.25,0.07,1200,10.7,14,0.35,30.2,1.4,0.48,0.01,0.71,240,36,131.9,13.8,69,186,6.7,3.66,0.27,0.5,0.2,0.3,104,36,36,39,7.3,4.5,2.8,1.61,0.6,14.6,6.8182,11.36,139,3.4,101,2.8,92.18,162,177,339,47.79,7.6,171.42,0.6,27.5,120,22.92,10.4,5.4,199,5.9,1.19,207,81,64,101
353451,PBCHD02PBP,201425,26/10/2018,08:09,09:32,Yellow,Slightly cloudy,1.245,6.3,Trace,Negative,Negative,Negative,Negative,Normal,Negative,7-8,1,2-2,Few,Nil,NIL,16.8,5.9,33.4,94.2,28,50,13.4,46.8,6128,50,48,10,8,0,8.29,1.87,0.78,0.69,0.03,196,8.7,12,0.37,19.3,3.1,0.75,0.38,1.35,101,30,59.2,76.5,382.5,86,3.4,1.97,0.51,0.3,0,0.3,109,30,27,34,7.7,4.2,3.5,1.2,0.7,186.2,86.9554,124.22,136,3.7,97,8.7,110.93,79,314,393,20.1,6.2,131.24,0.7,24.6,103.3,23.81,10,2.6,143,7.8,2.59,70,93,75,107
154886,MZLGI11BRC,834131,23/10/2018,11:44,12:14,Light Yellow,Clear,1.016,8.3,Negative,3+,Negative,Negative,Negative,Normal,Negative,7-8,0,>20,Rare,Nil,NIL,12.4,4.6,30.4,75,26,40,13.6,44.5,9002,55,26,3,5,0,2.02,1.65,0.55,0.47,0.08,246,16.9,6,0.3,16.2,2.2,0.15,2.6,3.08,207,41,70,38.2,191,139,5,1.71,0.59,0.3,0.1,0.2,98,32,19,44,6.3,3.7,2.6,1.42,1.1,8.5,3.9695,3.61,141,3.7,96,2.2,116,21,248,269,7.81,6.3,134.11,0.3,20.8,83.2,25,11.3,2.8,95,6.4,1.17,93,85,61,165
332624,KLTRS14MLT,135614,22/10/2018,11:52,12:32,Light Yellow,Clear,1.02,6.1,Negative,1+,Negative,Negative,Negative,Normal,Negative,5-6,0,1-3,Nil,Nil,Fat droplets or lipiduria,8.5,5.3,31.6,55.3,16,26,11.8,44.5,9625,74,28,2,2,0.8,2.27,1.66,0.86,0.02,0.25,154,8.8,12,0.32,43.6,0.1,0.53,0.29,0.31,206,35,83.7,37.8,189,159,5.9,2.39,0.42,0.7,0.2,0.5,89,8,28,15,7.5,4,3.5,1.14,1.2,8.1,3.7827,3.15,132,2.6,105,4.5,103.5,120,328,448,26.79,6.8,148.46,0.9,18.2,133.5,13.63,7.7,4.3,96,8.2,1.16,81,62,98,78
943686,PBCHD14SKM,932674,23/10/2018,07:59,08:43,Straw,Clear,1.019,4.5,Trace,Negative,Negative,Negative,Negative,Normal,Negative,10-11,0,16-9,Nil,Nil,NIL,9.7,5.7,44.5,93.5,17,21,12.7,41.1,9190,53,20,11,5,0,1.34,1.58,0.1,0.59,0.04,385,7.7,12,0.09,27,1.3,0.37,4.04,0,152,59,87.3,14.1,70.5,117,2.6,1.48,0.68,0.7,0.2,0.5,42,47,24,20,5.6,3.7,1.9,1.95,0.7,35.1,16.3917,23.42,145,3.6,100,4.9,101.61,86,208,294,29.25,6.4,136.98,0.3,25,442.6,5.65,11.5,4,124,7.8,3.72,98,114,63,153
350097,PBCHD10CGD,707758,24/10/2018,08:06,08:59,Orange,Milky,1.017,6.8,Trace,Trace,Negative,Negative,1+,Normal,Negative,84-87,1,1-3,Nil,Nil,Amorphous debris,10.3,4.8,54,61.8,21,19,14.4,44.3,7426,40,40,6,5,1.5,1.99,1.68,0.79,0.21,0.06,108,7.2,22,0.33,19.2,0.1,5.96,0.94,0.63,191,59,50.2,22.5,112.5,106,3.2,0.85,1.18,3.7,0,3.7,68,50,25,45,6,4.6,1.4,3.29,0.6,7.3,3.4091,5.68,126,5.5,99,2.5,114.25,179,320,499,35.87,6.7,145.59,0.6,15.7,444.6,3.53,10.3,3.3,94,4.7,2.8,163,134,225,60
383910,KLTRS04MLT,675670,25/10/2018,10:13,11:42,Pale Yellow,Clear,1.018,6.1,Negative,Trace,Negative,Negative,Negative,Normal,Negative,11-12,0,6-15,Nil,Nil,Fat droplets or lipiduria,17.9,6.9,30.5,96.8,25,58,14,44.3,10872,48,15,1,2,0,8.6,3.78,0.33,0.02,0.06,141,5.3,13,0.05,31.2,3,3.08,0.02,0.04,153,52,76.8,17,85,216,2.9,1.48,0.68,0.4,0.1,0.3,63,22,38,9,6.7,4.7,2,2.35,0.9,18.8,8.7796,9.76,146,3.5,99,2.7,109.55,220,119,339,64.9,7.3,162.81,0.1,16.1,40.9,39.36,8.7,2.2,132,13.5,2.78,76,112,88,171
809898,MZLGI11APK,515569,22/10/2018,08:37,09:27,Light Yellow,Hazy,1.019,5.6,Negative,1+,Negative,1+,Trace,Normal,Negative,6-8,0,3-4,Nil,Nil,Amorphous debris,11.9,5.3,61.3,55.4,22,19,13.6,40.1,10569,51,49,6,6,0,0.05,2.75,0.43,0.3,0.05,449,7.1,13,0.48,31.5,5.4,0.22,0,0.3,158,47,71.8,11.3,56.5,174,3.4,1.53,0.65,0.3,0,0.3,73,42,25,12,6.7,3.9,2.8,1.39,0.8,8.2,3.8294,4.79,137,2.7,114,4.6,114.21,104,201,305,34.1,6.2,131.24,0.8,13.1,119.6,10.95,8.4,3.5,178,12.4,0.56,125,85,95,106
798195,PBCHD12GAM,246736,23/10/2018,11:52,12:59,Pale Yellow,Clear,1.011,5.9,Negative,Negative,Negative,1+,Negative,Normal,Negative,7-9,0,2-2,Nil,Nil,NIL,17.6,4.3,47.6,95.6,40,36,13.2,42.6,32545,65,20,2,25,11.5,7.37,2.24,0.63,0.29,0.01,201,11.6,17,0.25,27.7,1.7,0.22,3.1,3.68,145,25,71.9,53.5,267.5,186,5.8,2.88,0.35,0.9,0.2,0.7,47,12,13,17,8.3,4,4.3,0.93,0.8,16.7,7.7989,9.75,142,1.6,103,3.3,107.92,183,164,347,52.74,7.5,168.55,0.2,21.3,141.7,15.03,10.4,3.3,126,20.1,3.99,84,192,78,127
260469,KLTRS11MLT,687702,22/10/2018,06:39,08:06,Pale Yellow,Slightly cloudy,1.018,6.9,Trace,Negative,Negative,Negative,Negative,Normal,Negative,1-3,4,3-4,Nil,Nil,NIL,19.1,4.6,36,81,41,53,13,40.4,5343,59,30,7,6,0,18.43,2.43,0.83,0.29,0.01,775,6,13,0.21,29.2,4.4,0.07,0.16,0.06,239,38,71.7,35.8,179,79,6.3,1.89,0.53,0.5,0.2,0.3,337,49,21,27,7.6,4.8,2.8,1.71,1.2,12.6,5.8842,4.9,116,3.7,100,3.5,109.59,120,299,419,28.64,5.8,119.76,0.3,104.7,83.1,125.99,9.4,5.9,121,11.2,4.11,89,79,123,109
263143,MZLGI06MHP,325895,23/10/2018,08:29,09:11,Straw,Slightly cloudy,1.014,4.8,Trace,Negative,Negative,Negative,Negative,Normal,Negative,7-9,0,2-2,Nil,Rare,NIL,13.5,5,39.7,80.3,27,34,16.2,46,3845,46,41,4,5,0,9.71,2.03,0.21,0.06,0.07,273,5.7,14,0.35,33.4,4.5,5.3,0.21,0.78,152,23,94.8,38,190,105,6.6,4.12,0.24,0.5,0.2,0.3,93,51,37,20,7.6,4.3,3.3,1.3,1.4,8.6,4.0162,2.87,145,2.8,104,4.1,92.45,192,133,325,59.08,6.3,134.11,0.6,22.8,104.2,21.88,9.8,5,104,8.8,11.81,123,111,84,126
159830,GYAHD09KAU,966246,23/10/2018,07:48,08:46,Straw,Clear,1.02,6.9,Negative,Negative,Negative,Negative,Negative,Normal,Negative,7-8,2,3-4,Rare,Nil,NIL,15,5.5,30.7,93.1,27,48,9.2,43.1,4240,49,43,4,5,0,0.47,3.62,0,0.47,0.11,224,7.3,11,0.2,14.5,3.6,0.23,0.34,0.09,162,23,106.4,15.9,79.5,130,7,4.63,0.22,1.9,0.9,1,89,15,28,13,7.7,4.6,3.1,1.48,0.6,8.4,3.9228,6.54,95,2.5,99,2.6,111.82,160,266,426,37.56,6.2,131.24,0,21.9,102.4,21.39,10.5,1.6,225,6.9,2.61,205,180,122,284
377365,KLTRS14WBD,530745,22/10/2018,10:24,11:33,Straw,Clear,1.013,5,Negative,1+,Negative,Negative,Negative,Normal,Negative,10-12,2,2-2,Few,Nil,NIL,14.1,2.7,46.4,70.9,52,30,11.8,39.8,5010,80,24,3,5,0,6.6,1.6,0.35,0.19,0.05,304,14,13,0.35,16,2.2,0.86,0.21,0.69,654,70,95.5,33.1,165.5,204,9.3,1.36,0.73,0.7,0.1,0.6,90,18,32,48,7.2,4,3.2,1.25,0.9,18.2,8.4994,9.44,140,4.2,103,2.8,93.75,152,352,504,30.16,8.6,200.12,0.8,17.3,42.8,40.42,9,4.2,69,5.3,1.44,90,79,90,81
612044,GYAHD09KLM,746567,23/10/2018,08:15,09:39,Light Yellow,Opaque,1.014,6.3,1+,Trace,Negative,Negative,Negative,Normal,Negative,TNTC,2,11-13,Nil,Rare,NIL,11.7,4.9,59.3,83.6,23,19,13.3,41.1,10782,32,27,4,7,0,18.86,2.34,0.17,0.44,0.07,364,13.9,14,0.14,25.8,3.4,0.28,0.38,0.38,212,74,78.5,31.6,158,213,2.9,1.06,0.94,0.3,0.1,0.2,67,39,22,36,5.1,3.9,1.2,3.25,0.7,14.4,6.7248,9.61,143,5.8,89,3.9,110.65,88,353,441,19.95,5.8,119.76,0.8,13.7,186.9,7.33,11.1,3.5,288,13,2.34,137,65,110,76
279535,KLTRS08WBD,250669,23/10/2018,09:57,11:15,Orange,Slightly cloudy,1.012,5.9,Negative,Negative,Negative,Negative,Negative,Normal,Negative,14-15,1,6-8,Rare,Nil,NIL,8.9,5.9,33.2,77.2,15,26,13.1,39.7,10213,34,46,3,24,0,0.75,1.12,0.87,0.39,0.19,241,9.3,10,0.23,13.9,0.1,4.3,5.4,0.69,150,53,77.2,18.7,93.5,177,2.8,1.46,0.69,0.9,0.3,0.6,123,21,34,25,5.9,4.3,1.6,2.69,1.2,13.9,6.4913,5.41,142,4.9,90,7,108.78,109,352,461,23.64,8.3,191.51,0.1,18,116.4,15.46,8.6,3.5,195,17.1,2.25,113,119,85,222
498582,PBCHD06RJU,224842,22/10/2018,06:38,07:25,Yellow,Clear,1.015,5.3,Trace,Negative,Negative,3+,Negative,Normal,Negative,12-13,0,>20,Moderate,Few,NIL,9.4,7.5,52.1,96.4,12,18,12.9,40.2,6249,44,16,3,2,0,4.04,1.4,0.87,0.13,0,121,11,12,0.16,29.3,3.4,0.3,0.21,0.27,182,74,96.5,34,170,67,2.5,1.3,0.77,0.5,0.2,0.3,49,54,34,32,6.1,4.4,1.7,2.59,1.1,19.3,9.0131,8.19,140,2.6,113,2.4,92.08,97,261,358,27.09,5.8,119.76,0.9,10.6,122.5,8.65,10.1,3.8,84,8.7,3.81,78,78,90,445
966099,KLTRS04KLP,784059,24/10/2018,10:48,11:23,Deep Amber,Clear,1.02,5.3,Negative,Trace,Negative,Negative,Negative,Normal,Negative,6-8,1,1-4,Rare,Moderate,Artifacts,8.1,5.6,10.6,56.5,14,76,13.3,44.3,4879,40,37,3,12,0,2.74,1.43,0.16,0.57,0.08,57,13.4,11,0.23,22.9,1.4,0.15,0.25,0.21,188,43,72.3,34.3,171.5,93,4.4,1.68,0.59,0.7,0,0.7,79,56,15,13,6.4,3.8,2.6,1.46,0.8,18,8.406,10.51,136,3.1,108,3.7,78.07,40,233,273,14.65,8.8,205.86,0.1,25.8,447,5.77,9.1,2.8,188,7.5,3.26,139,120,109,103
182420,PBCHD15SKM,787260,23/10/2018,08:22,09:19,Pale Yellow,Clear,1.024,4.9,Negative,Negative,Negative,Negative,Negative,Normal,Positive,TNTC,0,3-3,Rare,Nil,NIL,15.8,4.5,52.1,90.5,35,30,13.1,40.8,10289,42,32,3,8,0,5.04,1.65,0.78,0.16,0.03,391,9,12,0.59,27.7,0.1,0.29,1,6.69,216,59,97.3,38.9,194.5,88,3.7,1.65,0.61,0.4,0,0.4,49,18,22,11,5,4.9,0.1,49,1.2,10.7,4.9969,4.16,147,4.7,104,3.5,115.65,125,308,433,28.87,5.9,122.63,1,16.1,30.6,52.61,8.4,1.6,237,13.8,0.18,164,86,70,90
260317,MZLGI08MHP,670309,22/10/2018,11:12,11:53,Straw,Clear,1.019,6.9,Trace,Negative,Negative,Negative,Negative,Normal,Negative,12-13,0,7-18,Nil,Nil,NIL,14.8,4.5,32.3,112,32,45,15.4,41.1,5581,64,23,6,8,0,2.22,4.98,0.21,0.51,0.03,438,11.5,11,0.21,23,4.6,0.39,0.19,0.36,196,40,75.8,20.3,101.5,156,4.9,1.9,0.53,0.3,0,0.3,90,37,34,46,6.1,4.4,1.7,2.59,0.8,7.2,3.3624,4.2,143,5,96,5.3,116.16,44,313,357,12.32,6.7,145.59,0.1,26.4,119.6,22.07,8.7,4.6,108,20.4,1.45,190,260,120,196
464139,GYAHD04ODK,680906,22/10/2018,06:02,06:34,Light Yellow,Clear,1.017,6,2+,1+,Negative,Negative,Negative,Normal,Negative,5-6,2,1-2,Rare,Nil,NIL,12.4,4.3,39.5,87,28,31,11.5,46.5,52971,60,41,1,4,0.8,14.09,1.22,0.83,0.62,0.06,242,7.9,17,0.21,25.1,0.1,0.15,0.09,0.29,208,40,50.8,58.5,292.5,156,5.2,1.27,0.79,0.7,0.3,0.4,47,27,31,32,8.3,3.7,4.6,0.8,1,18.9,8.8263,8.83,134,3.2,106,6.9,77.16,101,336,437,23.11,8.1,185.77,0.7,282.2,23.6,1195.76,9.2,3.1,134,3.5,2.33,108,64,200,142
798441,PBCHD07GAM,749237,23/10/2018,07:39,09:08,Light Yellow,Slightly cloudy,1.019,5.5,Negative,Negative,Negative,Negative,Negative,Normal,Negative,73-78,2,1-4,Rare,Nil,Parasites,6.6,4.6,56.9,90.8,14,11,12.7,41.3,54662,50,27,3,7,0,9.04,1.07,0.29,0.47,0.04,363,7.2,17,0.26,28.9,5,0.27,0.32,3.27,108,48,105.3,11.4,57,124,2.3,2.19,0.46,0.7,0.3,0.4,42,27,21,20,6.5,4.5,2,2.25,1.1,24.7,11.5349,10.49,141,3.7,114,3.9,117.73,128,359,487,26.28,7.8,177.16,0.8,21.1,21,100.48,9,3.5,143,5.8,2.59,85,90,296,73
110316,GYAHD12JHJ,511569,25/10/2018,08:05,09:30,Pale Yellow,Clear,1.022,6.8,1+,Trace,Negative,Negative,Negative,Normal,Negative,TNTC,2,3-4,Nil,Rare,NIL,13,4,38.1,86.6,32,34,13.3,42.4,7095,45,24,4,8,0.2,9.02,4.57,0.22,0.58,0.06,352,11.1,13,0.17,12.2,0.3,0.05,5.22,0.66,208,45,75.9,37.5,187.5,75,4.6,1.69,0.59,0.5,0.2,0.3,51,50,22,42,6.6,3.6,3,1.2,0.8,6.8,3.1756,3.97,137,4.8,104,5.4,91.68,86,217,303,28.38,5.8,119.76,0.7,20.7,81.8,25.31,11.6,5,105,3.9,2.13,74,191,94,143
205362,MZLGI12MHP,935347,23/10/2018,06:49,07:24,Light Yellow,Slightly cloudy,1.017,6.5,Negative,Trace,Negative,Negative,Negative,Normal,Negative,1-2,1,1-3,Rare,Nil,NIL,16.6,5.9,23.8,81.1,28,69,11.8,43.4,17789,58,20,15,3,0,7.69,1.69,0.51,0.02,0.03,1095,10.5,19,0.12,16.6,0.8,0.2,0.3,0,227,46,96.4,17.2,86,182,4.9,2.1,0.48,0.8,0.2,0.6,72,29,20,38,6.9,3.5,3.4,1.03,1.2,17.4,8.1258,6.77,124,4.9,108,3.4,103.01,131,339,470,27.87,6,125.5,0.4,11.8,60.4,19.54,9.5,3.8,68,11.3,12,194,77,92,76
952263,MZLGI10APK,786369,25/10/2018,06:08,07:17,Pale Yellow,Hazy,1.011,4.3,Negative,Trace,Negative,Negative,Negative,Normal,Negative,95-100,1,10-8,Nil,Nil,NIL,16.6,3.7,31.9,40.7,44,52,11.9,42,6723,37,14,4,8,0,3.51,1.25,0.01,0.43,0.06,280,7.9,20,0.3,32.5,0.7,0.04,6.23,0.98,153,51,128.5,41.3,206.5,134,3,2.52,0.4,0.4,0.1,0.3,40,39,40,18,6.6,3.6,3,1.2,0.7,102.3,47.7741,68.25,135,2.5,94,3.8,108.74,113,139,252,44.84,6.2,131.24,0.1,12.4,105.9,11.71,11.5,5.6,169,5.8,2.1,74,108,196,261
308988,GYAHD01JHJ,975278,23/10/2018,07:13,08:17,Light Yellow,Clear,1.018,6.6,1+,Negative,Negative,Negative,Negative,Normal,Negative,3-5,2,2-4,Moderate,Nil,NIL,15.8,5.1,39.4,99.1,30,40,12.8,48.4,10739,43,13,4,3,0,1.12,2.61,0.15,0.3,0.07,169,7.5,13,0.22,13.6,2.8,0.16,4.64,2.97,166,34,87.3,28.3,141.5,65,4.9,2.57,0.39,0.3,0.1,0.2,48,13,28,44,6.5,4.6,1.9,2.42,0.7,11.1,5.1837,7.41,145,4.1,96,4.3,99.05,81,163,244,33.2,5.7,116.89,0.4,14.6,111.4,13.11,9.7,3.2,188,2.1,7.76,170,107,103,124
739712,MZLGI10MHP,184366,26/10/2018,10:46,12:06,Yellow,Clear,1.01,6.8,Trace,Negative,Negative,Negative,Negative,2+,Negative,31-33,2,2-3,Nil,Rare,Mucus threads,18.1,6.8,49.9,80.2,26,36,14.6,39.1,8382,36,33,1,4,0.9,6.45,2.32,0.5,0.37,0.08,903,10.7,16,0.09,31.2,1.9,0.36,0.24,0.79,136,55,98.5,36,180,141,2.5,1.79,0.56,0.8,0.1,0.7,61,37,35,39,8.2,4.9,3.3,1.48,0.8,18.8,8.7796,10.97,144,3.9,100,4.6,108.87,157,357,514,30.54,5.9,122.63,0.9,12.7,76.5,16.6,10.2,3.6,132,10.2,9.75,110,80,119,130
587059,PBCHD14CGD,517066,25/10/2018,07:14,08:20,Straw,Cloudy,1.014,6.8,Negative,2+,Negative,1+,Negative,Normal,Negative,6-7,0,>20,Nil,Moderate,NIL,16.1,6.5,52,84.2,24,30,13.5,44.6,8682,30,41,5,3,0,2.02,2.57,0.94,0.28,0.02,255,9.7,10,0.24,21.9,2.7,0.33,0.38,0.11,185,55,96.5,16.7,83.5,60,3.4,1.75,0.57,0.6,0.2,0.4,71,54,39,40,7.2,4.9,2.3,2.13,0.8,11.3,5.2771,6.6,144,4.5,104,2.7,49.81,102,323,425,24,5.9,122.63,0.9,14.1,125,11.28,7.7,3.8,314,13.4,0.61,120,81,72,132
790573,PBCHD02GAM,391124,23/10/2018,11:32,12:34,Straw,Slightly cloudy,1.025,4.7,Trace,Trace,Negative,Negative,Trace,Normal,Negative,10-12,2,3-2,Nil,Rare,NIL,21.6,5.3,18.4,77.3,40,117,9.2,43.7,10611,77,17,10,5,0,5.45,1.66,0.65,0.54,0.06,313,8.2,7,0.34,40.7,6.2,2.28,0.2,3.68,189,41,74,8.2,41,211,4.6,1.8,0.55,0.9,0.2,0.7,54,31,13,37,7.8,4,3.8,1.05,0.8,16.2,7.5654,9.46,139,4.7,88,2.7,88.27,150,343,493,30.43,6.2,131.24,0.1,28.5,248.5,11.47,10.3,3.7,155,9.8,2.9,83,86,84,88
958573,PBCHD07KLC,820971,22/10/2018,06:50,08:00,Pale Yellow,Slightly cloudy,1.02,4.9,1+,Negative,Negative,Negative,Negative,Normal,Negative,13-15,9,2-2,Nil,Rare,Fungal elements,7.1,5.1,42.4,78.2,13,16,15.3,40.8,6644,43,28,7,3,0,5.3,1.61,1.09,0.37,0.14,404,14,12,0.2,22.2,1.5,0.23,0.17,0.75,143,39,110,33.8,169,81,3.7,2.82,0.35,1.3,0.3,1,67,16,31,40,6,4.3,1.7,2.53,1.2,30.5,14.2435,11.87,123,6,110,3.4,116.37,46,348,394,11.68,9.8,234.56,0.1,23.7,70.3,33.71,9.1,6.6,160,4.6,3.96,125,177,117,92
649477,MZLGI05MHP,413536,26/10/2018,11:05,11:45,Pale Yellow,Clear,1.015,4.5,Negative,Trace,Negative,Negative,Negative,1+,Negative,10-12,2,2-3,Nil,Nil,Amorphous debris,16.5,2.7,46.1,97.3,61,35,13.5,40.6,38237,33,29,4,4,0,6.01,2.42,0.41,0.3,0.15,259,10,28,0.12,19.9,0.7,0.12,0.39,1.09,238,53,82.2,5,25,72,4.5,1.55,0.64,0.2,0,0.2,75,55,36,15,8,3.9,4.1,0.95,0.8,13.9,6.4913,8.11,137,4.5,97,2.5,63.52,118,338,456,25.88,5.9,122.63,1,113.7,70.7,160.82,8.6,1.8,195,8.8,3.66,80,170,80,92
544929,MZLGI15GJS,754560,25/10/2018,09:36,11:04,Pale Yellow,Hazy,1.013,5,Negative,2+,Negative,Negative,Negative,Normal,Negative,5-7,2,1-2,Nil,Nil,NIL,10.3,4.9,42.8,77.1,21,24,14,44.2,23843,58,23,20,2,0,2.11,1.27,0.61,0.54,0.04,437,9.3,15,0.2,20.8,1.7,0.92,0.39,0.14,168,34,184.4,14,70,86,4.9,5.42,0.18,0.8,0.1,0.7,80,59,23,30,7.8,4.1,3.7,1.11,1.1,35.2,16.4384,14.94,135,3,98,1.1,92.73,99,244,343,28.86,6.4,136.98,0.9,15.4,122.4,12.58,8.8,2.9,190,3.9,2.36,99,118,78,233
558530,PBCHD02PBM,533645,25/10/2018,10:03,10:49,Light Yellow,Opaque,1.027,4.5,Negative,Trace,Negative,Trace,Negative,Normal,Negative,10-12,2,3-2,Nil,Nil,NIL,8.4,4.3,37.6,97.7,19,22,13.8,44.6,4446,45,32,6,6,0,1.89,2.76,0.16,0.21,0.2,331,11.9,15,0.25,22.9,2.9,0.12,0.1,0.41,169,56,73.9,38.6,193,115,3,1.32,0.76,0.5,0.2,0.3,69,33,14,19,8.3,3.6,4.7,0.77,0.9,29.5,13.7765,15.31,137,5,115,6.5,97,194,174,368,52.72,7.6,171.42,1,12,114.2,10.51,10.6,4,292,7.5,5.44,117,94,96,132
780189,GYAHD12KLM,902451,23/10/2018,07:20,08:30,Light Yellow,Clear,1.011,4.9,Trace,Negative,Negative,Negative,Negative,Normal,Negative,8-9,1,1-2,Nil,Few,NIL,16.6,5.9,45.2,71,28,36,12.5,42.3,10881,56,27,5,3,0,2.99,2.43,0.32,0.12,0.03,650,9.6,11,0.51,36.4,4.4,0.45,0.05,0.35,158,44,116.8,27,135,113,3.6,2.65,0.38,0.7,0.3,0.4,40,41,24,12,8.1,4.9,3.2,1.53,1,17.1,7.9857,7.99,136,4.1,95,8.6,113.67,89,209,298,29.87,6.1,128.37,0.8,16.3,72.2,22.58,9.1,5.6,268,3.8,2.5,71,62,86,150
229781,GYAHD01KAU,436901,25/10/2018,06:16,07:09,Straw,Hazy,1.027,5,Trace,2+,Negative,Negative,Negative,Normal,Negative,45-48,1,2-3,Nil,Nil,NIL,19.7,4.8,15.3,93.3,41,128,13.3,43.9,48322,58,30,1,5,0,0.02,1.49,0.94,0.07,0.04,248,9.3,16,0.44,28.5,1.1,0.21,0.25,0.02,210,21,81.6,13.5,67.5,129,10,3.89,0.26,0.6,0.1,0.5,103,21,23,31,7.8,3.8,4,0.95,0.9,11.5,5.3705,5.97,123,4.5,96,4.2,116.36,170,235,405,41.98,6.9,151.33,0.6,16.6,20.8,79.81,8.5,3.7,272,22.6,2.53,120,130,120,113
944123,MZLGI06APK,838045,26/10/2018,09:59,11:01,Orange,Clear,1.011,6.8,Negative,Trace,Negative,Negative,Negative,Normal,Negative,7-8,1,1-2,Nil,Few,NIL,16.1,5.3,54.2,45.3,30,29,13.8,31.2,54008,74,22,6,10,0.7,3.74,2.17,0.05,0.47,0.06,233,16.4,17,0.25,23.2,6,0.27,0.27,0.1,170,45,77.3,18.9,94.5,127,3.8,1.72,0.58,0.7,0,0.7,128,10,26,34,8.2,4.9,3.3,1.48,0.6,6.1,2.8487,4.75,142,4,103,6,88.98,117,270,387,30.23,8.4,194.38,0.1,12.2,32.5,37.54,8.8,3.3,182,4,0.02,71,117,75,171
506616,MZLGI13GJS,279338,26/10/2018,07:54,08:55,Red,Clear,1.02,5.4,Negative,Trace,Negative,Negative,Negative,Normal,Negative,9-11,1,2-2,Nil,Nil,NIL,7.2,4.2,42.5,81.1,17,16,12.3,37.6,6267,49,37,2,7,0,8.4,1.14,0.1,0.33,0.01,584,7.2,13,0.33,23.8,4.8,0.1,5.6,0.32,163,32,87.1,33.9,169.5,97,5.1,2.72,0.37,0.7,0.3,0.4,88,32,14,21,7.7,4.8,2.9,1.66,1.9,28.7,13.4029,7.05,125,5.3,112,8.1,101.97,195,261,456,42.76,7.3,162.81,1,27.3,219.4,12.44,9.2,3.6,77,13.7,3.41,119,70,84,65
216127,PBCHD05KLC,842166,24/10/2018,08:32,09:10,Pale Yellow,Cloudy,1.015,6.9,Negative,Negative,Negative,Negative,Negative,Normal,Negative,3-5,0,>20,Nil,Nil,Fat droplets or lipiduria,11.9,6.1,33.9,73,19,35,11.8,40.1,4530,45,30,2,2,0,1.21,4.14,1.01,0.59,0.05,384,8.7,5,0.24,21,0.1,0,4.25,0.39,166,68,21.4,65,325,160,2.4,0.31,3.18,0.5,0,0.5,124,49,39,37,8.2,3.8,4.4,0.86,0.9,10.5,4.9035,5.45,136,3.6,106,4.5,109.51,99,95,194,51.03,5.9,122.63,0.6,28.1,77,36.49,8.4,5.6,350,20.8,3.52,134,68,204,85
368485,PBCHD07CGD,692947,25/10/2018,07:43,08:17,Pale Yellow,Clear,1.012,4.8,Trace,2+,Negative,Negative,Negative,Normal,Negative,2-3,1,3-3,Nil,Nil,Yeast cells,15,4.3,50.4,90.7,34,29,12.6,43,6155,53,28,5,5,0.6,8.63,2.53,0.56,0.39,0.06,162,11.4,13,0.24,18.6,0.1,0.06,0.21,0.44,152,50,124.2,36.9,184.5,117,3,2.48,0.4,0.7,0.3,0.4,114,13,11,15,6.8,4.3,2.5,1.72,0.8,17,7.939,9.92,139,4.2,97,3.9,91.8,61,347,408,14.95,6.1,128.37,0.1,18,89,20.22,10.2,2.9,138,3.1,1,99,130,61,290
381454,PBCHD07KLC,679761,24/10/2018,06:17,06:50,Pale Yellow,Slightly cloudy,1.019,6.9,Trace,1+,Negative,Negative,Negative,Normal,Negative,TNTC,2,2-2,Nil,Nil,NIL,14.2,4.2,44.5,98.9,33,31,14.4,41.8,10367,63,44,25,8,0.4,7.27,1.45,0.33,0.22,0.05,209,11.6,15,0.24,12.9,3.8,0.22,0.02,0.37,218,43,88.7,14.6,73,188,5.1,2.06,0.48,0.5,0.2,0.3,76,21,23,7,6.9,4.4,2.5,1.76,0.8,18.9,8.8263,11.03,131,6.9,97,3.9,102.85,157,224,381,41.21,6,125.5,0.7,18.8,80.9,23.24,10.5,3.1,196,10.5,0.63,90,121,91,64
992069,KLTRS04ODB,261525,22/10/2018,10:06,10:41,Orange,Slightly cloudy,1.015,4.9,Negative,Negative,Negative,Negative,Negative,Normal,Negative,12-14,0,9-17,Nil,Nil,Artifacts,14.4,5.4,29.3,93.3,26,49,12,45.1,10810,47,39,4,5,0,0.6,2.05,0.74,0.47,0.01,177,7.5,14,0.25,39.1,2.1,0.22,0.06,0.21,236,57,109,42.6,213,63,4.1,1.91,0.52,4.7,2.3,2.4,40,32,38,22,8.2,4.9,3.3,1.48,0.9,11.6,5.4172,6.02,145,4.9,71,5.1,86.32,148,351,499,29.66,11,269,0,11.1,76.1,14.59,10.1,4.2,187,17.5,11.59,73,91,84,71
175285,GYAHD04ODK,875480,26/10/2018,09:36,10:23,Straw,Milky,1.027,4.7,Negative,1+,Trace,Trace,Negative,Normal,Negative,12-14,2,3-3,Rare,Nil,NIL,18.5,5.3,43.3,78.6,34,42,13.8,45.5,9351,52,43,1,6,0,20.75,2.37,0.27,0.59,0.04,292,11.3,11,0.2,32.4,5.7,0.28,0.15,0.36,112,52,91.7,82.1,410.5,169,2.2,1.76,0.57,0.3,0.1,0.2,53,30,34,25,5.6,3.5,2.1,1.67,1,14.9,6.9583,6.96,138,5.2,104,1.4,64.89,48,159,207,23.19,6.3,134.11,0.2,25.3,47.4,53.38,8.7,2.8,160,11.7,10.78,135,97,98,92
693460,KLTRS12KLP,174775,23/10/2018,07:34,08:55,Yellow,Clear,1.01,6.7,Trace,1+,Negative,Negative,Negative,1+,Negative,6-8,0,1-4,Nil,Nil,NIL,11.2,4.6,34.8,42.6,24,32,14.2,45.8,9039,57,19,6,5,11.1,1.98,1.45,0.24,0.01,0.08,330,7.4,12,0.74,37.2,4.6,0.07,0.06,3.34,175,41,70.5,60.4,302,94,4.3,1.72,0.58,0.3,0.1,0.2,117,47,7,10,6.8,3.9,2.9,1.34,0.8,7,3.269,4.09,142,4,102,4.5,119.23,110,211,321,34.27,5.9,122.63,0.6,20.1,72.7,27.65,8.9,4.3,110,13.8,0.88,72,138,82,125
353008,KLTRS11ODB,582254,26/10/2018,08:03,08:46,Pale Yellow,Hazy,1.01,6.6,Negative,Negative,Negative,Negative,Negative,Normal,Negative,4-5,1,17-8,Nil,Nil,NIL,15.9,4.3,34.5,76,36,46,13.8,39.4,5144,80,48,5,2,1,1.25,2.61,0.21,0.57,0.07,97,7,13,0.07,20.9,0.1,0.04,0.21,0.02,207,40,88.7,16.9,84.5,176,5.2,2.22,0.45,0.8,0.1,0.7,41,39,37,46,6.6,4,2.6,1.54,1,13.9,6.4913,6.49,109,3.7,101,3.3,47.75,149,336,485,30.72,6.8,148.46,0.8,17.5,79.3,22.07,9.7,3.7,95,16.7,3.58,88,149,89,86
736967,GYAHD07JHJ,396827,22/10/2018,09:03,10:27,Light Yellow,Slightly cloudy,1.022,6.5,Negative,Negative,Negative,Negative,Negative,Normal,Negative,3-4,1,1-3,Rare,Nil,Yeast cells,8.8,5.2,51.5,85.9,16,17,12.9,43.1,10945,39,44,4,0,0,3.94,1.52,0.67,0.76,0.05,387,10.4,16,0.38,20.8,0.1,1.56,0,4.28,175,56,91.1,21.7,108.5,183,3.1,1.63,0.61,11.3,6.8,4.5,63,10,14,45,7.9,4.4,3.5,1.26,1.1,27.2,12.7024,11.55,143,4.1,90,4.9,113.51,89,279,368,24.18,6.1,128.37,0.4,16.9,61.2,27.61,10,3.5,190,13.8,3.93,93,94,194,128
476577,MZLGI02RJK,822755,23/10/2018,09:14,10:39,Light Yellow,Slightly cloudy,1.011,6.6,Trace,Trace,Negative,Negative,Negative,Normal,Negative,2-3,2,1-2,Nil,Nil,Mucus threads,19.6,5.8,57.3,68.2,33,34,14.4,40.2,9550,57,36,5,7,0,1.73,3.42,0.47,0.01,0,438,9,14,0.39,47.6,3.3,0.17,0.13,0.03,202,59,80.3,38.3,191.5,157,3.4,1.36,0.73,1,0.3,0.7,61,48,35,67,7.7,5,2.7,1.85,1.1,10.7,4.9969,4.54,131,4.1,104,6.1,108.66,114,201,315,36.19,6.1,128.37,0.3,42.9,66.8,64.22,10.5,2.9,218,11.5,8.52,93,112,184,108
243974,MZLGI10APK,582190,25/10/2018,10:10,11:09,Light Yellow,Clear,1.015,4.7,Negative,Trace,Negative,Negative,Negative,Normal,Negative,2-4,1,1-4,Nil,Nil,NIL,14.9,6,40.6,98.2,24,36,9.5,39.9,10468,29,23,6,2,2,1.43,1.3,0.57,0.45,0.02,132,7.3,11,0.17,34.1,3.8,0.22,0.31,5.3,198,53,134.6,34.8,174,145,3.7,2.54,0.39,0.7,0.3,0.4,45,24,36,48,6.6,3.8,2.8,1.36,1.9,18.9,8.8263,4.65,144,2.1,95,9.9,101.64,41,107,148,27.7,12.4,309.18,0.1,14.6,79.8,18.3,8.6,2.9,314,6.3,1.07,86,267,93,118
560751,KLTRS09TSS,350544,22/10/2018,08:20,09:02,Yellow,Clear,1.035,6.6,Negative,Negative,Negative,Negative,Negative,Normal,Negative,27-28,1,2-3,Rare,Nil,Mucus threads,9.4,6,30.7,83.2,15,30,15.8,39.9,9199,58,20,4,2,0,2.15,1.37,0.89,0.31,0.03,100,8.3,17,0.52,16.5,3.2,0.29,0.05,0.36,219,68,87.3,21.4,107,163,3.2,1.28,0.78,0.8,0.1,0.7,76,49,26,20,6.1,4.5,1.6,2.81,0.7,15.1,7.0517,10.07,145,4.1,114,6.5,97.78,102,105,207,49.28,7.8,177.16,0.1,18.4,328.8,5.6,8.5,2.4,122,21.4,3.25,101,99,88,74
468771,PBCHD12GAM,757131,24/10/2018,11:09,12:28,Light Yellow,Slightly cloudy,1.027,6.8,Trace,Trace,1+,Negative,Negative,Normal,Negative,11-12,10,1-2,Nil,Nil,NIL,21.4,6,41.4,95.2,35,51,13.7,40.1,10908,41,29,5,5,0,6.37,1.65,0.64,0.58,0.04,396,7.4,5,0.5,24.2,3.5,0.69,6.32,0.38,198,32,111.9,6.6,33,74,6.2,3.5,0.29,1,0.1,0.9,123,14,35,27,7.3,4.7,2.6,1.81,1.5,16,7.472,4.98,136,4.8,102,6.6,113.8,131,346,477,27.46,5.9,122.63,0.4,12.1,309.9,3.9,9.9,5.7,98,5,1.54,95,93,82,192
793415,KLTRS15ODB,967123,26/10/2018,11:00,11:36,Red,Slightly cloudy,1.012,5.6,Negative,Trace,Negative,Negative,Negative,Normal,Negative,11-12,2,2-4,Nil,Nil,Yeast cells,16.8,4.7,60.1,87.7,35,27,12.4,44,5877,35,37,1,2,0,8.12,2.78,0.25,0.18,0.17,756,11.5,17,0.69,24.9,0.1,0.36,0.2,0.78,233,76,46.7,31.2,156,77,3.1,0.61,1.63,0.6,0,0.6,66,55,31,32,7.7,4.7,3,1.57,1,17.6,8.2192,8.22,139,7,102,3.6,98.41,140,278,418,33.49,5.8,119.76,2.4,20.6,44.6,46.19,9.2,2.7,161,10.2,1.9,119,60,61,185
219745,PBCHD11SKM,406993,24/10/2018,11:34,12:56,Orange,Hazy,1.012,5.9,Negative,Negative,Negative,1+,Negative,Normal,Negative,2-3,0,3-4,Nil,Nil,NIL,3.8,6.5,50.1,81.8,5,7,13.3,39,5820,44,13,5,6,0,4,1.45,0.62,0.2,0.07,958,9,11,0.12,47.8,2.8,2.09,0.21,0.36,180,51,134.4,13.1,65.5,154,3.5,2.64,0.38,0.7,0,0.7,107,43,38,46,7.6,4.3,3.3,1.3,0.9,11,5.137,5.71,136,3.8,106,6.9,57.09,93,348,441,21.09,6.4,136.98,0.5,16.3,68.1,23.94,9.9,4.1,139,19.4,3.82,112,82,89,233
112232,MZLGI03GJS,203455,22/10/2018,09:27,10:36,Pale Yellow,Slightly cloudy,1.016,6.9,Negative,Trace,Negative,Negative,Negative,Normal,Negative,2-3,1,3-2,Nil,Nil,NIL,8.7,5.9,33.9,71,14,25,14,42,4204,54,52,6,12,0,5.08,0.77,0.66,0.66,0.08,265,9.2,12,0.28,27.4,3.6,0.48,0.1,0.05,182,54,72,20.7,103.5,136,3.4,1.33,0.75,0.5,0.2,0.3,76,17,38,48,8,4.1,3.9,1.05,0.6,15.8,7.3786,12.3,126,5.4,86,3.8,91.02,108,356,464,23.28,6.1,128.37,0.4,27.9,75.5,36.95,8,3.4,187,7,1.91,119,88,95,131
162712,MZLGI11BRC,386546,24/10/2018,07:55,09:01,Straw,Milky,1.019,6.4,Negative,Trace,Negative,Negative,Negative,Normal,Negative,2-4,1,1-4,Nil,Nil,NIL,4.7,4.6,32.2,80.8,10,14,10.9,43.8,9263,49,34,6,6,0,4.75,3.08,0.69,0.29,0.05,1164,8.7,11,0.11,37.8,6.9,0.24,2.05,0.09,166,41,76.9,50.9,254.5,108,4,1.88,0.53,0.4,0,0.4,60,19,32,9,6.4,3.1,3.3,0.94,1.2,14,6.538,5.45,131,4.3,108,3.5,53.5,131,103,234,55.98,11.9,294.83,0,1091.8,128,852.97,11.6,4.6,90,9.2,1.25,119,78,92,191
105081,MZLGI04MHP,715179,26/10/2018,11:06,12:33,Straw,Clear,1.011,4.5,Trace,1+,Negative,Negative,Trace,Normal,Negative,3-4,2,>20,Nil,Rare,NIL,17.3,5.3,61.8,51.4,32,27,12.3,34.4,9903,43,54,5,2,0,1.03,1.89,0.79,0.3,0.11,113,7.4,12,0.46,23,6.1,0.28,0.21,0.19,167,50,79.2,36.9,184.5,189,3.3,1.58,0.63,2.2,0.2,2,115,22,28,13,7.1,3.5,3.6,0.97,0.5,13.2,6.1644,12.33,127,4.9,102,5.1,115.23,63,328,391,16.11,6.1,128.37,1,13.9,52.4,26.53,9.4,3.8,214,9.3,3.66,125,61,88,112
832226,KLTRS14NLZ,486133,24/10/2018,10:12,11:26,Light Yellow,Clear,1.015,7,Trace,Trace,Negative,Negative,Negative,Normal,Negative,6-8,8,1-3,Nil,Rare,Amorphous debris,17,5.3,45.5,74.9,32,37,14.5,42,5166,39,17,3,8,0,6.51,5.47,0.77,0.49,0.18,170,10.5,21,0.47,14.8,0.4,0.27,0.31,0.56,193,23,97.3,5.3,26.5,150,8.4,4.23,0.24,0.9,0.3,0.6,60,38,33,12,8.1,3.7,4.4,0.84,0.9,9.9,4.6233,5.14,141,3.8,95,5.6,104.11,149,311,460,32.39,13,326.4,0.3,21,47.8,43.93,10.2,4.1,80,6.2,2.9,91,142,96,291
989442,KLTRS02KLP,170652,22/10/2018,06:21,07:23,Pale Yellow,Clear,1.013,5.8,Trace,Trace,Negative,Negative,Negative,Normal,Negative,95-96,0,3-3,Nil,Nil,Amorphous debris,14.6,5.1,55.2,86,28,26,13.3,42.5,4567,57,34,1,8,0,7.16,2.69,0.61,0.43,0.04,116,7.7,5,0.17,17.2,5.7,0.26,0.35,0.33,195,76,89,12.7,63.5,157,2.6,1.17,0.85,0.3,0.1,0.2,68,29,21,35,8,4.5,3.5,1.29,1.1,17.5,8.1725,7.43,142,4.5,103,4.9,100.72,170,203,373,45.58,6.2,131.24,0.5,11.3,63.5,17.8,9.2,4,161,17.8,3.95,70,71,93,133
553086,KLTRS09KLP,154931,24/10/2018,11:04,12:29,Light Yellow,Clear,1.017,6.5,Negative,Trace,Negative,Negative,Negative,Normal,Negative,9-11,0,3-3,Rare,Nil,NIL,12.6,4.3,26.3,81,29,47,14.1,45,7366,56,39,0,4,0,5.59,2.64,0.49,0.18,0.01,898,7.2,14,0.22,30.1,0.9,0.01,0.04,0.17,158,74,70.5,63.6,318,68,2.1,0.95,1.05,0.6,0.2,0.4,43,26,29,28,7.2,3.3,3.9,0.85,1.1,8.1,3.7827,3.44,119,3.8,98,2.9,113.42,55,125,180,30.56,8.2,188.64,0.1,20.8,133.3,15.6,10.8,4.4,94,3.1,1.15,116,97,118,84
727190,MZLGI14GJS,254559,24/10/2018,10:53,11:42,Light Yellow,Clear,1.012,6.7,Negative,Trace,Negative,Negative,Negative,Normal,Negative,7-8,1,3-4,Rare,Nil,NIL,14.4,4.2,20.5,84.5,34,70,13,27.7,10844,36,12,3,8,0,0.83,3.89,0.1,0.38,0.09,145,10.7,17,0.43,24.4,0.6,0.13,0.31,0.39,160,56,27.8,61,305,218,2.9,0.5,2.01,0.3,0.1,0.2,46,12,21,48,8.3,3.9,4.4,0.89,1.1,17,7.939,7.22,128,3.5,98,3.7,102.71,89,92,181,49.17,7.5,168.55,0.3,97.4,32.8,296.95,10.5,4.2,91,9,3.27,148,64,81,84
248426,PBCHD12PBP,938636,26/10/2018,09:54,11:08,Light Yellow,Slightly cloudy,1.029,6.7,Trace,1+,Negative,Trace,Negative,Normal,Negative,11-13,1,3-3,Nil,Nil,Artifacts,11.8,4.8,50.4,45.9,24,23,13.6,40.3,13618,59,27,2,6,2.1,9.31,2.15,0.57,0.42,0.09,335,7.1,15,0.34,14,5.3,0.33,2.81,0.27,201,39,187.1,28.1,140.5,179,5.2,4.8,0.21,0.8,0.2,0.6,105,11,24,20,7.6,4.2,3.4,1.24,0.9,17.7,8.2659,9.18,124,3.6,96,3.8,99.86,106,333,439,24.15,7.1,157.07,0.7,12.6,172.2,7.32,9.5,2.9,165,16.1,0.75,131,60,102,100
629580,MZLGI15BRC,211419,25/10/2018,08:54,09:47,Red,Slightly cloudy,1.027,5.7,Negative,Trace,Negative,Negative,Negative,2+,Negative,8-9,2,3-3,Nil,Nil,Mucus threads,9.2,4.2,39.7,94.5,21,23,13.3,41.2,4490,60,13,5,6,0,5.55,1.16,0.74,0.26,0.06,1143,11.7,16,0.22,26.6,1.8,0.03,0.09,0,199,71,86.5,38.4,192,110,2.8,1.22,0.82,1,0.3,0.7,61,56,40,32,4.6,4.1,0.5,8.2,0.7,9.6,4.4832,6.4,136,5.1,105,4.9,105.37,71,155,226,31.42,5.6,114.02,0.6,23.4,91,25.71,7.9,2,74,3.7,7.39,108,102,238,90
553814,PBCHD06PBM,268287,25/10/2018,10:58,12:00,Light Yellow,Slightly cloudy,1.017,5,Negative,Negative,Negative,3+,Negative,Normal,Negative,13-14,2,2-3,Nil,Rare,NIL,14.7,6.1,39.1,55.6,24,37,12.7,45.9,5435,54,28,0,8,0,8,1.73,0.45,0.05,0.03,720,15.9,11,0.34,42.7,3.2,0.12,6.78,0.71,158,25,137.7,17.3,86.5,82,6.3,5.51,0.18,2.6,0.2,2.4,87,50,19,16,7.2,4.7,2.5,1.88,1,17.1,7.9857,7.99,144,2.8,108,3.6,95.79,130,94,224,58.04,6.2,131.24,0.8,28.9,148.4,19.47,9.2,3.1,77,6.8,1,88,62,113,227
806585,GYAHD15KLM,141636,24/10/2018,06:44,07:16,Pale Yellow,Clear,1.025,5.7,Trace,1+,Negative,Negative,Negative,Normal,Negative,1-2,1,3-4,Nil,Nil,Mucus threads,18.8,5.7,39.1,93.2,32,48,12,44.9,6631,48,35,1,12,0,4.89,1.79,0.73,0.52,0.02,194,8.7,13,0.29,17.4,7.5,0.68,0.22,0.3,150,74,98.6,32.5,162.5,141,2,1.33,0.75,0.7,0.3,0.4,103,31,18,42,6.1,4.6,1.5,3.07,1.1,76.8,35.8656,32.61,149,3.8,103,9.3,91.41,154,318,472,32.63,6.2,131.24,0.2,10.2,96.1,10.61,11.4,5.3,186,3.2,3.71,125,75,112,135
405287,PBCHD04HPP,198760,22/10/2018,11:07,12:20,Yellow,Clear,1.027,7,Trace,Negative,Negative,Negative,Negative,Normal,Negative,12-14,1,2-2,Nil,Rare,Fungal elements,10.1,5.1,41.1,66.1,19,24,13.6,41,9425,59,27,9,12,10.2,3.95,2.92,0.58,0.26,0.03,230,11.4,19,0.09,29.3,2.2,0.11,0.23,2.18,104,55,96.9,31,155,165,1.9,1.76,0.57,0.7,0.2,0.5,64,54,16,35,6,5,1,5,1,17.1,7.9857,7.99,124,2.5,103,2.2,115.02,60,271,331,18.13,5.8,119.76,19.1,10.8,91.3,11.83,10.5,3.8,106,17.3,0.31,112,78,85,100
560919,PBCHD05SKM,805871,25/10/2018,09:38,10:08,Straw,Hazy,1.025,4.8,1+,2+,Negative,Negative,Negative,Normal,Negative,12-14,1,1-3,Nil,Rare,Yeast cells,13.5,5.6,31.9,71.5,24,42,12.9,43,8945,44,45,1,5,0,8.76,1.22,0.99,0.24,0.08,322,6.6,11,0.26,24.8,2.3,0.94,0.05,0.44,163,29,87.7,34.4,172,174,5.6,3.02,0.33,1,0,1,126,42,21,7,8,3.6,4.4,0.82,0.9,12.9,6.0243,6.69,136,4.4,92,4.4,108.04,115,347,462,24.89,5.9,122.63,0.6,18.2,466.3,3.9,11.2,4,146,19.5,1.85,123,76,65,93
377768,MZLGI07RJK,382005,24/10/2018,08:12,09:22,Light Yellow,Clear,1.015,5.5,Negative,Trace,Negative,Negative,Negative,Normal,Negative,13-15,1,3-3,Nil,Nil,NIL,15.7,7,23.3,77.2,22,67,12.4,32.7,5460,49,49,2,8,0,1.11,2.12,1.38,0.99,0.14,121,9.3,17,0.23,26.1,6,5.02,0.19,0.37,200,41,94.2,35.9,179.5,83,4.9,2.3,0.44,0.5,0.2,0.3,74,10,35,33,7.5,4.5,3,1.5,1.1,56.8,26.5256,24.11,130,2.1,106,5.2,49.96,140,350,490,28.57,6.9,151.33,0,10.1,108.2,9.33,9.3,3.9,263,6.9,1.66,74,86,87,179
909515,GYAHD04KAU,192092,24/10/2018,11:28,12:44,Light Yellow,Cloudy,1.013,4.8,Negative,Trace,Trace,Negative,Negative,Normal,Negative,10-12,1,2-4,Nil,Nil,NIL,14.4,4.6,49.2,45.6,31,29,11.6,44.2,8614,62,22,3,2,0,7.64,1.21,0.95,0.68,0.06,33,8.5,13,0.21,39.8,5.8,0.05,6.62,0.93,204,70,38.1,21.1,105.5,97,2.9,0.54,1.84,0.6,0.1,0.5,42,45,21,24,6.3,4.5,1.8,2.5,1.2,18.2,8.4994,7.08,136,4.5,107,1.3,110.42,248,348,596,41.61,6.3,134.11,7.3,21.5,215.1,10,11.5,4.4,100,18.5,1.25,71,75,120,176
634842,GYAHD11JHJ,994413,24/10/2018,07:08,08:30,Pale Yellow,Clear,1.018,5.7,Trace,Negative,Negative,Negative,Negative,Normal,Negative,20-21,1,2-4,Nil,Rare,Artifacts,9,4.4,50.2,86.9,20,17,13,45.2,10799,54,20,6,6,0,1.09,2.36,1.02,0.36,0,191,7.7,12,0.34,30.2,4,1.91,0.38,1.78,204,55,113.6,20.8,104,83,3.7,2.07,0.48,0.7,0.3,0.4,81,21,33,42,7.2,4,3.2,1.25,1.2,7.7,3.5959,3,139,1.6,91,6.6,56.92,168,299,467,35.97,6.1,128.37,0.4,12.7,135.3,9.39,8.6,5.5,52,12.5,1.9,76,147,80,121
271685,PBCHD09PBM,162525,23/10/2018,06:28,07:56,Light Yellow,Clear,1.011,6.7,Trace,Negative,Negative,Negative,Negative,Normal,Negative,7-9,22,>20,Nil,Nil,NIL,11.6,5.7,40.7,95.8,20,28,11.9,43.6,6975,59,40,9,4,0,1.33,2.6,0.41,0.05,0.06,445,11.2,13,0.29,34.4,2.2,0.99,0.24,0.03,152,62,86.6,14.4,72,129,2.5,1.4,0.72,0.5,0.2,0.3,82,22,30,42,7.4,3.6,3.8,0.95,1.2,14.4,6.7248,5.6,146,3.6,110,2.5,40.81,93,286,379,24.54,6.2,131.24,0.7,24.6,266.9,9.22,10.3,4.8,357,19.7,6.51,77,112,124,79
754969,GYAHD04KAU,301419,23/10/2018,08:26,09:54,Straw,Clear,1.025,6.1,Trace,1+,Negative,Negative,Negative,Normal,Negative,14-15,0,3-2,Nil,Nil,Fungal elements,10.8,5.5,29.2,44.9,19,36,13.3,43.2,5501,33,30,4,7,0,8.01,1.43,0.8,0.11,0.05,143,8,14,0.08,16.8,4.8,0.11,3.86,0.94,161,57,56.8,11.3,56.5,133,2.8,1,1,0.7,0.3,0.4,46,12,34,15,8.1,3.8,4.3,0.88,0.7,5.2,2.4284,3.47,145,5.5,103,1.7,94.78,121,345,466,25.97,6.3,134.11,0.8,18.5,152.7,12.12,10.5,4.3,88,4.3,4.11,76,125,227,102
122368,GYAHD14KLM,585443,25/10/2018,06:46,07:57,Yellow,Clear,1.025,6.7,Trace,Negative,Negative,Negative,Negative,Normal,Negative,8-10,2,2-3,Nil,Nil,NIL,16.8,5.3,12.3,80.3,31,136,13,43.9,19635,52,20,2,2,0,18.91,2.44,0.49,0.36,0.07,396,10.8,17,0.48,39.6,0.6,0.4,0.15,0.14,117,69,82.5,66.2,331,156,1.7,1.2,0.84,0.6,0.2,0.4,107,29,35,18,7.8,3.3,4.5,0.73,0.8,15.8,7.3786,9.22,138,3.8,110,4,31.94,153,159,312,49.04,7.1,157.07,0.6,22.6,125.7,17.98,10,2.6,253,4.9,2.14,118,96,77,174
819061,PBCHD15HPP,639317,22/10/2018,09:21,10:42,Green,Clear,1.028,6.1,3+,Trace,Negative,Negative,Negative,Normal,Negative,12-14,1,1-2,Nil,Nil,NIL,14.6,6.7,64.6,81.3,21,22,12.7,39.2,7798,44,35,1,12,0,17.73,2.77,0.34,0.15,0.04,273,15.3,28,0.27,21.4,2.8,1.65,0.04,0.23,172,31,82.2,35.4,177,97,5.5,2.65,0.38,0.4,0.1,0.3,83,55,14,30,6,3.7,2.3,1.61,1,17,7.939,7.94,137,4,106,2.5,98.3,142,353,495,28.69,6,125.5,0.3,269,22.1,1217.19,9.4,2.6,65,7.7,3.64,102,64,72,68
596503,KLTRS14ODB,699617,24/10/2018,07:22,08:08,Yellow,Slightly cloudy,1.017,6.5,Trace,Negative,Negative,Negative,Negative,Normal,Negative,10-12,1,2-4,Nil,Nil,Amorphous debris,16.8,4.1,49.9,69.7,40,33,14.5,40.6,5942,55,53,10,5,0,5.43,2.48,0.92,0.38,0.06,399,7.1,12,0.2,24.1,2.9,6.45,3.75,0.62,167,25,52,26.3,131.5,99,6.7,2.08,0.48,0.5,0.1,0.4,51,31,37,39,7.1,4.9,2.2,2.23,1.1,17.4,8.1258,7.39,140,3.4,113,4.4,113.84,148,217,365,40.55,6.7,145.59,0,18.6,132.1,14.08,9.5,3.2,42,4.8,3.34,70,62,94,128
587808,KLTRS10KLP,674501,22/10/2018,09:55,11:04,Yellow,Hazy,1.014,4.7,Trace,Trace,Negative,Negative,1+,Normal,Negative,TNTC,0,2-3,Nil,Nil,NIL,11.6,5,24.6,115.5,23,47,14,44.1,38821,35,24,3,8,0,13.91,1.98,0.12,0.03,0.03,138,12.4,11,0.19,12.5,3.4,0.88,0.22,0.87,189,54,74.9,59.5,297.5,137,3.5,1.39,0.72,0.3,0.1,0.2,83,38,12,15,6.5,3.9,2.6,1.5,0.8,7,3.269,4.09,138,5.6,111,5.3,107.48,102,204,306,33.33,6.9,151.33,1,10.6,48.4,21.9,8.8,2.3,63,7.4,0.82,91,73,72,122
362554,KLTRS11WBD,366188,26/10/2018,06:43,08:11,Dark Yellow,Clear,1.018,7,Negative,Negative,Negative,Negative,Negative,Normal,Negative,3-4,1,2-2,Rare,Nil,Mucus threads,17.7,4.2,46.8,98.8,42,37,11.7,45.8,9752,54,37,3,11,0,22.64,1.34,0.09,0.6,0.03,253,8.9,14,0.25,35.9,0.6,0.01,0.54,0.15,233,80,78.3,20.5,102.5,116,2.9,0.98,1.02,0.4,0.1,0.3,65,38,28,10,6.6,4.7,1.9,2.47,0.8,7.6,3.5492,4.44,139,5.7,111,3.1,105.32,140,209,349,40.11,6,125.5,0.1,20.7,24.2,85.54,11.3,5.3,95,11.3,6.87,103,92,71,112
142805,KLTRS12NLZ,277377,23/10/2018,08:56,09:30,Light Yellow,Clear,1.028,4.9,Trace,Trace,Negative,Negative,Negative,Normal,Negative,9-10,2,10-8,Few,Nil,Yeast cells,10.9,4.5,54.9,97.9,24,19,14,42.4,5654,76,20,1,6,0,0.72,2.45,0.91,0.64,0.02,169,7.3,10,0.25,43.2,0.1,0.12,0.33,0.25,140,20,119.3,80.6,403,121,7,5.97,0.17,0.4,0.1,0.3,70,33,18,11,7.1,4.4,2.7,1.63,1,14.4,6.7248,6.72,143,4.5,97,5.4,113.66,66,299,365,18.08,6.1,128.37,3.1,12.5,135.4,9.23,9.1,2.6,150,5.2,2.45,78,83,153,85
740762,MZLGI10MHP,253968,24/10/2018,06:07,06:43,Yellow,Slightly cloudy,1.019,6.5,Negative,1+,Negative,Negative,Negative,Normal,Negative,TNTC,2,1-2,Few,Nil,Amorphous debris,12.4,6.8,37.8,97.2,18,32,13.5,45,37050,74,10,3,5,0,4.85,2.24,0.67,0.38,0.08,361,9.8,13,0.71,23.9,1.7,0.19,0.07,0.3,164,73,98.8,6.3,31.5,96,2.2,1.35,0.74,0.4,0,0.4,43,32,16,11,6.8,3.1,3.7,0.84,1.2,32.3,15.0841,12.57,101,3.9,103,3,52.13,135,307,442,30.54,6.1,128.37,0.7,15.9,110.4,14.4,12.6,2.9,62,16.3,0.47,77,98,122,94
873301,KLTRS04KLP,419577,26/10/2018,07:23,08:00,Pale Yellow,Slightly cloudy,1.02,6.3,2+,Negative,Negative,Negative,Negative,Normal,Negative,13-14,2,3-2,Nil,Nil,NIL,14.6,5.1,32.6,97.2,28,44,12.1,39.4,9968,63,33,1,7,0,1.44,5.2,0.21,0.15,0.06,108,8.3,17,0.31,25.8,0.7,0.13,0.11,0.14,190,41,74.5,33.1,165.5,108,4.6,1.82,0.55,0.2,0,0.2,120,26,28,42,8.1,4.9,3.2,1.53,0.7,9.9,4.6233,6.6,139,3.5,100,6.5,40.72,65,233,298,21.81,17.9,467.03,0.1,15.2,91.7,16.58,9.1,3.8,164,7.9,1.36,89,85,100,199
850088,GYAHD02JHJ,780208,24/10/2018,06:35,07:54,Pale Yellow,Clear,1.011,5,Negative,Negative,Negative,Negative,Negative,Normal,Negative,1-3,1,2-3,Nil,Few,NIL,12,4.1,37.7,91.4,29,31,13.9,39.8,7669,56,23,2,2,0,9.95,1.17,1.06,0.04,0.07,279,10.6,15,0.68,19.8,0.9,0.95,0.29,0.06,169,36,42.7,34.7,173.5,143,4.7,1.19,0.84,0.8,0.3,0.5,43,41,22,12,7,4.8,2.2,2.18,1.1,11.7,5.4639,4.97,140,4.1,96,3.3,94.07,98,353,451,21.73,6,125.5,0.3,22.7,70.3,32.29,8.6,6.2,130,9.3,9.2,87,67,152,69
676818,KLTRS05KLP,972745,24/10/2018,06:05,07:28,Deep Amber,Clear,1.02,4.5,Trace,Trace,Negative,Negative,Trace,Normal,Negative,31-35,0,3-3,Nil,Nil,NIL,17.7,5.7,39.4,92.5,31,44,11.8,42.9,6366,39,49,4,3,0,9.41,2.03,0.28,0.54,0.05,367,9.1,11,0.32,41.9,1,0.38,0.45,0.25,189,46,180.2,11.8,59,127,4.1,3.92,0.26,0.6,0.1,0.5,119,44,39,46,6.4,3.7,2.7,1.37,1.1,55.6,25.9652,23.6,145,3.6,100,4.8,51.33,150,347,497,30.18,7.4,165.68,0.3,18.6,102.2,18.2,9.3,4.8,250,7.6,11.02,93,125,74,162
594130,GYAHD12KLM,955511,22/10/2018,07:16,08:13,Light Yellow,Clear,1.015,6.4,Trace,1+,Negative,Negative,Negative,Normal,Negative,7-9,0,3-4,Nil,Nil,NIL,9.9,5.1,51,60.6,19,19,13.4,45.6,10627,60,23,5,5,0,8.65,1.8,1.17,0.41,0.02,109,10.6,16,0.36,28.7,0.1,0.74,4.03,0.07,119,50,97.7,14.7,73.5,95,2.4,1.95,0.51,1,0.4,0.6,99,11,52,14,5.8,4.9,0.9,5.44,0.7,12.5,5.8375,8.34,128,4.6,97,2.1,106.84,254,262,516,49.22,7.9,180.03,0,10.1,27.3,37,9.4,3.8,94,6.8,1.94,94,61,237,68
704114,KLTRS05NLZ,784171,26/10/2018,06:16,06:54,Straw,Clear,1.017,6.9,Negative,Negative,Negative,Negative,Negative,Normal,Negative,43-47,1,3-4,Nil,Nil,Fat droplets or lipiduria,14.9,4.2,32.9,85.3,35,45,13.3,43.2,7454,55,14,3,7,0,6.92,1.99,0.78,0.15,0.1,111,11,12,0.28,21.8,1.8,0.31,0.66,0.26,227,47,29.7,33.1,165.5,162,4.8,0.63,1.58,0.5,0.1,0.4,76,12,26,29,8,3.9,4.1,0.95,0.9,11.4,5.3238,5.92,121,4.6,113,9.5,113.68,170,183,353,48.16,5.6,114.02,0.8,26.7,73.7,36.23,10.2,3,189,11.8,0.17,94,110,136,126
992646,PBCHD12HPP,526544,25/10/2018,10:27,11:29,Pale Yellow,Slightly cloudy,1.02,5.1,Negative,Negative,Negative,Negative,Trace,Normal,Negative,5-7,1,1-4,Moderate,Nil,NIL,9,4.2,36.4,96.7,21,24,13,27.2,52909,70,19,0,4,0,0.58,1.21,0.92,0.91,0.09,308,10.9,11,0.38,24.7,4.8,0.39,0.15,0.32,142,48,98.4,12.5,62.5,61,3,2.05,0.49,0.5,0.2,0.3,104,26,11,38,6.2,4.8,1.4,3.43,0.6,17.8,8.3126,13.85,126,3.9,92,5.1,112.87,169,139,308,54.87,5.8,119.76,0.9,18.5,274.7,6.73,9.9,2.7,135,15.4,3.23,103,72,91,228
395819,KLTRS13KLP,794079,26/10/2018,11:27,12:03,Light Yellow,Clear,1.019,5.4,Negative,Trace,Negative,Negative,Negative,Normal,Negative,1-3,0,1-3,Nil,Nil,Fat droplets or lipiduria,16.9,5,37.7,76.2,33,44,12.1,49.4,7006,50,18,4,0,0,4.67,0.82,0.77,0.15,0.03,812,14,17,0.41,31.1,2.4,0.25,4.23,0.32,149,63,78.4,36.3,181.5,141,2.4,1.24,0.8,0.8,0.3,0.5,112,55,12,9,7.9,4.2,3.7,1.14,1,154,71.918,71.92,138,4.7,98,4.5,95.93,128,241,369,34.69,8.9,208.73,0.4,27.6,142.1,19.42,9.8,2.5,137,5.5,3.17,192,105,71,110
232810,GYAHD11JHJ,630756,24/10/2018,09:44,10:35,Yellow,Hazy,1.012,4.6,Trace,Negative,1+,Negative,Negative,Normal,Negative,TNTC,2,16-9,Nil,Nil,NIL,1.6,5.7,41.3,84,2,3,14.5,39.1,7420,53,43,3,18,0,1.33,3,0.45,0.47,0.04,365,9.2,11,0.22,43.9,0.1,0.08,0.04,2.52,133,26,72.8,7.2,36,176,5.1,2.8,0.36,0.3,0,0.3,67,49,13,24,8.2,5,3.2,1.56,1,5.8,2.7086,2.71,139,2.7,107,5.6,92.06,83,111,194,42.78,8,182.9,0.6,16.2,216.5,7.48,11.7,2.4,152,10.9,0.85,117,106,126,104
700466,KLTRS04MLT,231903,23/10/2018,11:18,12:39,Dark Yellow,Hazy,1.021,5.6,Trace,Trace,Negative,Negative,Negative,Normal,Negative,12-13,0,1-2,Rare,Nil,Parasites,11.2,4,52.4,97.2,28,21,14.4,48.4,10649,54,18,6,8,0,2.56,1.45,0.22,0.01,0.06,192,9.6,11,0.13,36.2,4.8,0.81,0.21,0.16,165,53,98,10.2,51,155,3.1,1.85,0.54,0.7,0.1,0.6,107,8,18,25,7.8,3.9,3.9,1,0.7,8.8,4.1096,5.87,142,3.8,101,2,102.14,62,344,406,15.27,8.8,205.86,0.9,11.7,20,58.5,9.4,1.1,117,7.5,1.85,83,115,61,150
350367,PBCHD06MHS,987752,24/10/2018,09:06,10:17,Light Yellow,Clear,1.012,4.8,Negative,Trace,Negative,Negative,Negative,Normal,Negative,8-9,2,13-14,Nil,Nil,Fat droplets or lipiduria,8.1,5.6,46,93.7,14,17,12,42.6,10719,44,39,8,9,0.7,2.01,2.26,0.38,0.69,0.05,379,7.4,12,0.23,17.2,4.5,0.13,0.24,0.49,200,23,126.4,14.3,71.5,214,8.7,5.5,0.18,0.8,0.1,0.7,77,32,24,38,6.8,4.1,2.7,1.52,0.7,7.9,3.6893,5.27,140,3.8,87,4,118.21,167,117,284,58.8,6.3,134.11,0.9,28.3,21.1,134.12,10.5,2.2,194,3.4,3.51,80,63,71,136
800478,PBCHD01RJU,733174,24/10/2018,09:14,10:07,Yellow,Clear,1.027,5.3,Trace,Trace,Negative,Negative,Negative,Normal,Negative,1-2,0,>20,Nil,Nil,NIL,19.8,6.5,56.1,56.3,30,35,12.8,43.2,8755,54,51,6,8,0,2.21,0.72,0.97,0.43,0.09,343,16.5,11,0.26,13.6,1,0.37,0.08,0.99,186,56,70.1,15.3,76.5,130,3.3,1.25,0.8,0.7,0.3,0.4,81,15,13,27,7.8,3.6,4.2,0.86,0.9,34.6,16.1582,17.95,137,4.2,98,6.3,111.78,154,90,244,63.11,5.8,119.76,0.3,11.8,27,43.7,11.4,4,100,14.2,2.09,142,93,118,129
653219,GYAHD12JHJ,407656,22/10/2018,09:18,10:35,Pale Yellow,Clear,1.019,6.8,Trace,2+,Negative,Negative,Negative,Normal,Negative,50-54,5,1-4,Nil,Nil,NIL,17.1,4.5,59.7,89.3,38,28,11.8,41.6,8791,41,49,6,4,1.5,0.7,2.01,0.43,0.03,0.08,170,10,15,0.64,24.5,2.4,0.11,0.49,5.31,176,55,95.1,8.6,43,149,3.2,1.73,0.58,0.8,0.3,0.5,47,28,21,46,6,3,3,1,0.6,25.4,11.8618,19.77,143,3.5,104,3.2,114.51,167,356,523,31.93,6.1,128.37,0.1,24.4,141.7,17.22,9.6,3.1,62,8.2,3.79,77,78,101,129
923818,KLTRS13NLZ,896061,25/10/2018,08:48,09:31,Straw,Hazy,1.012,6.6,1+,Negative,Negative,Negative,Negative,Normal,Negative,7-9,1,2-4,Nil,Nil,Parasites,16.7,5.5,39.5,95.5,30,42,10.8,43.2,9816,43,48,21,5,0,1.3,2.96,0.65,0.06,0.01,63,8.4,13,0.21,14.6,3.1,0.08,0.2,0.16,192,38,42.2,36.7,183.5,181,5.1,1.11,0.9,0.7,0.3,0.4,110,44,28,34,6.6,4.7,1.9,2.47,0.6,9.2,4.2964,7.16,141,5,103,4.8,71.11,212,148,360,58.89,5.7,116.89,0.5,21.9,172.3,12.71,8.7,4.1,204,12,9.34,143,71,164,268
443253,KLTRS06TSS,274809,26/10/2018,11:05,12:14,Yellow,Hazy,1.014,6.4,Negative,Trace,Negative,Negative,Negative,Normal,Negative,2-4,0,1-2,Nil,Rare,Parasites,15.7,4.5,41.4,75.8,34,37,14.2,41.5,4717,41,50,5,6,0,9.22,2.93,0.05,0.26,0.03,308,10.4,30,0.49,39.9,3.4,0.55,3.14,0.6,176,61,38.3,17.2,86,75,2.9,0.63,1.59,0.9,0.2,0.7,45,42,33,24,6.9,4.6,2.3,2,1.1,37.7,17.6059,16.01,135,5.4,111,6.4,96.73,115,191,306,37.58,5.9,122.63,0.5,28.5,96.2,29.63,11,4.5,263,12.2,1.69,97,65,104,60
353895,KLTRS01TSS,283697,25/10/2018,11:15,12:29,Straw,Slightly cloudy,1.013,4.9,Negative,1+,Negative,Negative,Negative,Normal,Negative,12-14,2,1-3,Nil,Nil,NIL,10.9,4.2,56.4,56.6,25,19,11.7,42.8,10763,49,44,3,4,0,6.58,1.5,0.81,0,0.09,229,7.3,5,0.55,27.6,0.2,0.03,0.33,0.17,209,43,194.8,8,40,81,4.9,4.53,0.22,0.3,0,0.3,115,43,21,38,8,3.5,4.5,0.78,1.6,31.7,14.8039,9.25,100,3.3,99,5.6,107.54,168,125,293,57.34,6.3,134.11,0,24.9,306.7,8.12,10.2,6.1,168,8.8,2.95,123,159,227,103
699452,KLTRS07MLT,887858,24/10/2018,07:43,09:02,Red,Slightly cloudy,1.018,5.6,Negative,Negative,Negative,Negative,Negative,Normal,Negative,12-14,2,2-2,Nil,Nil,NIL,16.2,6.3,56.7,91.9,25,28,12.1,41.9,8180,58,21,5,2,0,0.62,4.48,0.31,0.69,0.05,281,9.8,16,0.26,16.1,2.6,0.06,0.57,0.35,157,42,55.9,17.7,88.5,84,3.7,1.33,0.75,0.6,0.1,0.5,43,5,24,7,7.4,4.5,2.9,1.55,1.1,12.3,5.7441,5.22,120,4.3,99,3.4,94.29,46,107,153,30.07,8.6,200.12,0.4,10.1,296.2,3.41,8.6,3.4,198,19.1,3.38,81,72,86,116
100427,PBCHD06SKM,995241,25/10/2018,08:16,09:01,Pale Yellow,Slightly cloudy,1.016,5.2,2+,1+,Negative,1+,Negative,Normal,Negative,14-15,0,2-4,Nil,Nil,Mucus threads,8.6,5.7,33.4,83.1,15,25,10.8,45.7,9398,27,15,6,6,2.7,1.47,1.43,0.38,0.48,0.04,128,11.8,16,0.2,17.5,4.9,0.02,0.28,0.01,153,52,119.2,106,530,84,2.9,2.29,0.44,0.7,0,0.7,42,36,30,113,7.9,4.2,3.7,1.14,1,16.9,7.8923,7.89,145,3.8,108,3.8,117.39,217,301,518,41.89,8.5,197.25,0.8,25,76.6,32.64,9,3.3,153,7.8,11.97,99,77,117,185
410662,MZLGI14BRC,671100,23/10/2018,07:29,08:50,Pale Yellow,Opaque,1.015,6.6,Trace,Negative,Negative,Negative,Negative,Normal,Negative,12-13,1,2-4,Nil,Nil,Mucus threads,15.8,2.2,51.8,76.4,71,30,12.6,42.4,6349,39,53,3,12,0,2.65,1.16,0.35,0.29,0.02,273,7.4,15,0.39,30.3,1.2,0.18,0.24,1.32,158,58,73.7,26.6,133,63,2.7,1.27,0.79,0.4,0,0.4,48,11,29,34,6.2,4.2,2,2.1,0.8,18.1,8.4527,10.57,136,4.4,96,3,112.99,135,171,306,44.12,8.2,188.64,0.5,27.1,200.1,13.54,9.6,2.7,120,4.3,2.85,87,62,70,122
459733,MZLGI05RJK,539240,26/10/2018,11:08,12:28,Pale Yellow,Slightly cloudy,1.018,6.9,Trace,Trace,Negative,Negative,Negative,Normal,Negative,36-40,0,11-17,Rare,Nil,NIL,15.4,5.9,44.1,51.8,26,34,15.3,42.1,2655,41,31,1,12,0,6.86,2.39,0.79,0.32,0.09,290,8.5,17,0.16,47.8,2.9,4.3,0.37,0.01,131,55,79.4,9.7,48.5,100,2.4,1.44,0.69,0.2,0,0.2,117,42,17,32,8.1,3.7,4.4,0.84,1,15.8,7.3786,7.38,139,4.8,109,2.2,110.18,167,353,520,32.12,5.7,116.89,0.5,27,31.5,85.71,9.9,5.8,293,13.6,1.67,81,113,103,91
512379,MZLGI07BRC,156660,23/10/2018,11:36,12:10,Pale Yellow,Hazy,1.013,9.1,Trace,Trace,Negative,Trace,Negative,Normal,Negative,14-15,16,3-2,Nil,Nil,NIL,19.4,5.7,46.2,80.4,34,41,12.4,43.2,4653,60,34,1,7,0,15.42,3.9,0.63,0.6,0.09,109,17.8,16,0.09,28.3,2.2,0.3,0.24,0.39,223,42,84,16.3,81.5,165,5.3,2,0.5,0.4,0,0.4,68,24,35,26,7.8,3.8,4,0.95,1.2,13.2,6.1644,5.14,107,2.1,96,5.5,114.82,151,345,496,30.44,5.7,116.89,0.3,21.8,139.8,15.59,10.5,6.4,111,10,6.67,109,68,70,82
931523,KLTRS05TSS,235311,26/10/2018,10:25,10:58,Light Yellow,Clear,1.01,6.5,Negative,Negative,Negative,Negative,Negative,Normal,Negative,9-11,0,1-2,Nil,Nil,NIL,12.2,6.2,17.9,97.7,19,68,13.3,42.4,7793,34,23,1,8,0,4.91,2.74,0.57,0.13,0.12,135,8.7,17,0.37,17,4.8,0.26,0.25,6.4,222,48,72.9,14,70,183,4.6,1.52,0.66,0.7,0.2,0.5,124,34,20,31,6.3,4.4,1.9,2.32,1.1,17.6,8.2192,7.47,121,3.8,104,5.9,102.67,44,168,212,20.75,5.3,105.41,0,511.2,83,615.9,10,2.2,321,8.8,3.91,86,74,141,124
211734,MZLGI04MHP,774381,24/10/2018,11:24,12:07,Yellow,Slightly cloudy,1.026,6.4,Trace,Trace,Negative,Negative,Negative,Normal,Negative,TNTC,1,1-2,Nil,Nil,NIL,12.2,4.1,46.9,100.4,29,26,13.9,44.7,9817,46,11,1,4,0,4.57,2.96,0.69,0.28,0.16,274,8.2,11,0.52,37.7,0.7,0.32,0.07,0.33,190,25,99.9,11.3,56.5,78,7.6,4,0.25,0.4,0,0.4,68,42,10,25,7.2,4.9,2.3,2.13,0.8,11.2,5.2304,6.54,139,1.6,95,2.3,105.18,123,357,480,25.63,6.4,136.98,0.8,16,63.8,25.08,9,6,181,9.4,1.46,123,109,161,139
594555,KLTRS03NLZ,427052,22/10/2018,08:57,10:10,Light Yellow,Slightly cloudy,1.012,5.7,1+,Trace,Trace,Negative,Negative,Normal,Negative,11-13,1,11-17,Nil,Nil,NIL,15.7,8.2,59.2,88.4,19,26,12.6,39.5,8571,78,55,2,3,1,3.62,1.92,0.36,0.38,0.15,356,10.1,13,0.34,12.1,0.3,0.15,0.2,4.78,186,62,76.5,26.9,134.5,160,3,1.23,0.81,0.7,0.3,0.4,96,26,39,14,7.1,3.3,3.8,0.87,1.2,15,7.005,5.84,145,4.5,113,5.4,96.42,112,112,224,50,6.1,128.37,0.5,15.1,113.7,13.28,9,3.3,333,9.1,11.63,238,95,108,180
169179,PBCHD09PBM,819245,24/10/2018,10:00,10:31,Red,Slightly cloudy,1.011,5.8,Trace,Trace,Negative,Negative,Negative,Normal,Negative,7-8,1,1-2,Rare,Nil,Mucus threads,11,5.1,53.9,56.4,21,20,12.3,46,8946,52,35,5,5,0,5.53,1.08,0.58,0.1,0.08,51,17.1,11,0.35,29.3,4.6,0.18,0.41,0.24,206,42,127.7,34.6,173,104,4.9,3.04,0.33,0.7,0.3,0.4,89,15,39,110,8.1,4.7,3.4,1.38,0.7,16.4,7.6588,10.94,143,2.6,115,2.7,100.71,160,212,372,43.01,6.3,134.11,0.5,12.1,63.3,19.12,7.7,2.5,188,4.3,2.3,82,91,245,296
654593,MZLGI04BRC,475075,24/10/2018,09:31,10:38,Light Yellow,Clear,1.019,4.9,Trace,Negative,1+,Negative,Negative,Normal,Negative,3-4,2,2-3,Rare,Nil,Parasites,12.6,5.4,34.8,74.7,23,36,15.2,44.8,29126,44,28,5,4,0,10.12,5.45,0.22,0.43,0.1,228,9.2,12,0.5,36.1,5.5,0.34,0.31,4.53,199,44,104.8,33,165,73,4.5,2.38,0.42,0.8,0.3,0.5,90,37,24,39,7.9,4.2,3.7,1.14,1.1,7,3.269,2.97,141,4,100,3.1,43.6,81,333,414,19.57,6.1,128.37,1,872.5,93.1,937.16,11.6,5.5,120,17,5.65,142,63,94,137
908007,KLTRS01WBD,713515,26/10/2018,06:29,07:53,Green,Clear,1.02,5.7,Trace,Negative,Negative,Negative,Negative,Normal,Negative,TNTC,2,1-3,Nil,Rare,Yeast cells,5.7,5.5,33.3,67.7,10,17,14.5,30.5,9752,54,49,2,1,0.3,4.91,2.18,0.41,0.58,0.05,139,6.5,14,0.36,34.9,4.2,0.7,6.74,1.98,139,38,97.1,13.8,69,65,3.7,2.56,0.39,0.2,0,0.2,119,38,11,15,7.3,4,3.3,1.21,0.7,13.3,6.2111,8.87,130,4.2,98,6.4,69.95,124,284,408,30.39,6,125.5,0.5,14.5,139.3,10.41,11.2,3.9,276,14.9,0.12,86,70,89,110
796383,GYAHD06KAU,746681,25/10/2018,11:40,12:59,Light Yellow,Clear,1.029,4.6,1+,Negative,Negative,Negative,Negative,Normal,Negative,11-13,0,2-3,Few,Nil,Mucus threads,9.3,4.8,40.4,79.5,19,23,14.3,25.2,7086,40,29,6,6,0,9.22,1.87,0.01,0.45,0.09,107,10.2,9,0.34,24.2,1.4,0.19,0.32,0.04,154,29,114,7.6,38,218,5.3,3.93,0.25,0.8,0.1,0.7,63,22,12,35,6.1,4.2,1.9,2.21,0.6,15.1,7.0517,11.75,132,4.1,100,2.7,101.09,122,150,272,44.85,5.7,116.89,0.9,16.5,141,11.7,7.8,6.6,207,3.7,3.12,76,72,141,264
789794,PBCHD10KLC,693128,23/10/2018,09:19,10:20,Yellow,Hazy,1.016,6.7,Negative,Negative,Negative,Negative,Negative,Normal,Negative,TNTC,0,2-2,Few,Nil,NIL,19.6,5.2,45.5,99.5,37,43,13.9,39.4,5787,54,45,6,11,0,0.93,1.59,0.01,0.19,0.05,311,8.7,13,0.28,38.4,1.2,0.27,0.28,1.61,235,70,71.9,33.4,167,134,3.4,1.03,0.97,0.9,0.4,0.5,103,52,34,46,7.8,4.2,3.6,1.17,1.1,33.1,15.4577,14.05,145,3.8,97,2.7,118.36,100,300,400,25,6,125.5,4.8,150.6,40.5,371.85,11,4.4,126,3.5,1.71,95,67,84,82
406736,PBCHD13SKM,748848,26/10/2018,07:26,08:19,Straw,Clear,1.014,6.7,1+,Trace,Negative,Negative,Negative,Normal,Negative,7-8,2,2-2,Few,Nil,NIL,19.4,4.1,60.5,73.4,47,32,10.7,41.8,7988,74,33,4,7,0,19.16,4.84,0.74,0.04,0.07,87,12,17,0.28,14.5,4,1.43,0.01,0.06,177,50,140.2,35.8,179,129,3.5,2.8,0.36,0.8,0.3,0.5,316,38,31,40,6.3,4.2,2.1,2,1.1,12.9,6.0243,5.48,147,4.8,102,5.4,92.04,143,315,458,31.22,8.8,205.86,0.2,13.9,255,5.45,10.9,4.2,277,12.5,0.72,93,79,71,91
152091,MZLGI12BRC,844013,22/10/2018,07:03,08:03,Pale Yellow,Slightly cloudy,1.014,4.2,Negative,Negative,Trace,Negative,Negative,Normal,Negative,5-6,4,1-4,Rare,Nil,Fat droplets or lipiduria,18.8,6.1,40.5,40.7,30,46,12.9,27,5243,37,20,4,2,11,2.74,3.47,0.51,0.03,0.01,314,10.3,15,0.32,13,2.8,0.46,1.7,0.06,231,56,80.4,9.2,46,139,4.1,1.44,0.7,0.3,0,0.3,61,55,10,41,5.3,4.7,0.6,7.83,1.2,17.5,8.1725,6.81,138,3.7,110,5.8,95.25,186,345,531,35.03,5.7,116.89,0.9,27.4,137.7,19.9,9.8,2.2,154,12.3,2.96,74,81,76,202
105937,MZLGI02MHP,461727,26/10/2018,09:32,10:50,Pale Yellow,Clear,1.018,4.5,Trace,1+,Negative,Negative,Negative,Normal,Negative,1-3,2,2-4,Nil,Nil,NIL,8,4.4,45.3,83.5,18,17,12.2,40.9,5088,44,23,1,5,0,1.49,1.9,0.3,0.42,0.03,16,13.1,10,0.24,31.9,1.7,0.12,3.47,0.29,240,39,72.2,7.9,39.5,201,6.2,1.85,0.54,0.8,0.3,0.5,54,23,15,38,6.5,4.6,1.9,2.42,0.8,36,16.812,21.02,122,3.2,98,2.9,91.59,142,355,497,28.57,6.1,128.37,0.1,20.9,258.8,8.08,9.4,4.8,158,12.5,2.49,116,86,97,82
487017,MZLGI04BRC,655363,23/10/2018,08:31,09:57,Light Yellow,Slightly cloudy,1.013,7.7,Trace,Trace,Negative,Negative,Negative,Normal,Negative,2-4,2,3-3,Nil,Nil,NIL,1.5,4.1,47.9,76.7,3,3,12,44.1,7109,31,54,1,7,10.9,1.22,1.31,0.55,0.14,0.17,540,6.6,14,0.25,27.7,0.1,0.19,0.2,0.09,196,44,78,12,60,106,4.5,1.77,0.56,0.6,0.1,0.5,114,7,17,78,6.8,4,2.8,1.43,1.1,11.3,5.2771,4.8,148,4.2,95,6.8,95.26,128,306,434,29.49,6,125.5,0.1,17.3,188.6,9.17,13.1,3.8,98,3.3,0.58,80,69,81,162
581211,MZLGI09GJS,760228,23/10/2018,06:05,07:24,Pale Yellow,Clear,1.015,5,Trace,Trace,Negative,Negative,Negative,Normal,Negative,10-12,3,1-3,Nil,Rare,NIL,14.6,4.4,61.4,74.6,33,23,14.3,41,6452,66,36,7,2,11.2,3.51,7.73,0.75,0.64,0.03,443,7.1,17,0.2,47.2,0.1,0.83,0.23,0.25,175,75,78.5,25.9,129.5,155,2.3,1.05,0.96,0.7,0.2,0.5,129,52,25,30,6.2,4.3,1.9,2.26,0.6,7.1,3.3157,5.53,141,3.7,107,3.2,108.06,168,128,296,56.76,6.3,134.11,0.8,18.1,80.4,22.51,7.9,2.9,167,7.6,8.4,124,196,97,212
124326,GYAHD01ODK,896215,25/10/2018,11:08,12:01,Green,Clear,1.02,6.6,Negative,Negative,Negative,Negative,1+,Normal,Negative,8-10,0,2-2,Nil,Nil,NIL,13.2,5.6,25.4,84.9,23,51,12.3,43.9,8124,54,23,4,4,2.3,9.78,3,1,0.16,0.02,125,7.7,15,0.33,15.4,4.7,2.29,3.08,0.92,227,38,133.9,31.2,156,218,6,3.52,0.28,4.7,2.3,2.4,67,25,22,10,6.8,4.7,2.1,2.24,0.7,16.5,7.7055,11.01,135,2.3,99,2.8,77.86,167,176,343,48.69,7.1,157.07,0.4,24.9,104.9,23.74,9.7,2.7,77,9.1,0.01,144,80,85,130
703800,GYAHD03KLM,658909,23/10/2018,07:59,09:24,Straw,Slightly cloudy,1.022,7.6,Trace,Negative,Negative,Negative,Negative,Normal,Negative,38-40,0,1-2,Nil,Nil,NIL,17.2,4.7,53.6,97.7,36,32,11.7,25.2,6035,32,26,4,18,0,2.82,1.36,0.38,0.49,0.04,125,7.8,14,0.26,33.2,2.7,0.38,0.24,0.07,144,66,72.9,33.6,168,136,2.2,1.1,0.91,0.6,0.2,0.4,120,35,37,41,6.2,5,1.2,4.17,1,9.7,4.5299,4.53,132,6.9,98,4.5,113.07,202,96,298,67.79,6.3,134.11,0.7,17,112.5,15.11,9.3,3.2,295,4.3,3.12,82,71,99,180
447249,PBCHD06RJU,762413,22/10/2018,09:53,10:30,Orange,Slightly cloudy,1.012,7,Trace,Negative,Negative,Negative,Negative,Normal,Negative,TNTC,12,2-4,Nil,Nil,NIL,12,5.4,32.8,58.3,22,36,11.8,26.7,4265,53,34,5,9,0,8.06,1.61,0.59,0.2,0.09,284,11.6,10,0.2,30.2,6.7,0.35,6.69,6.51,155,64,42.9,53.1,265.5,177,2.4,0.67,1.49,0.7,0.3,0.4,126,45,16,38,6.8,4.7,2.1,2.24,1,7,3.269,3.27,132,6,108,6.6,114.75,65,294,359,18.11,6.1,128.37,0.7,12,64.5,18.6,10.3,4.8,103,6.9,2.87,98,77,105,162
529827,GYAHD07ODK,185653,24/10/2018,10:08,10:38,Yellow,Cloudy,1.018,6.4,Trace,Trace,Negative,Negative,Negative,1+,Negative,13-15,1,1-4,Nil,Nil,Amorphous debris,12.8,5.8,51.6,96.9,22,24,13.2,41.5,6249,53,36,18,2,0,8.46,0.42,0.78,0.3,0.08,76,11.6,19,0.28,32.9,1.5,0.86,6.51,0.12,236,24,89.4,28.3,141.5,191,9.8,3.73,0.27,0.8,0.1,0.7,87,49,22,32,6.5,4.7,1.8,2.61,0.6,7.2,3.3624,5.6,143,4.1,107,6,116.89,105,211,316,33.23,7.8,177.16,0.9,18.8,64.1,29.33,10.6,2.9,195,11.6,3.33,199,79,104,137
179467,GYAHD14ODK,468209,25/10/2018,08:45,09:42,Straw,Hazy,1.013,5.5,Trace,Negative,Negative,Negative,Negative,Normal,Negative,13-15,1,5-10,Nil,Moderate,NIL,18.1,5.1,33.2,53.1,35,54,10.2,41.5,6436,69,26,5,3,0,9.75,1.11,0.61,0.18,0.04,74,8.9,11,0.23,20.9,0.4,0.01,2.29,0.3,152,49,71.4,44.5,222.5,187,3.1,1.46,0.69,0.5,0.1,0.4,73,20,17,28,7,5,2,2.5,0.6,19.7,9.1999,15.33,131,3.3,114,5.2,92.57,168,182,350,48,7.9,180.03,4.5,10,142.6,7.01,9.9,2.5,234,14.5,1.39,135,75,79,125
877795,GYAHD08ODK,508037,22/10/2018,06:35,07:27,Yellow,Hazy,1.01,6.6,Negative,Trace,Negative,Negative,Negative,Normal,Negative,11-13,0,2-3,Nil,Rare,NIL,6.9,5.1,12.7,87,13,54,12.1,40,4998,51,40,5,3,0,0.97,1.72,0.75,0.06,0.07,105,7.4,17,0.32,12.6,3.4,0.19,6.42,0.33,182,59,166.8,25.8,129,107,3.1,2.83,0.35,12.9,8.4,4.5,104,12,39,38,7.2,3.6,3.6,1,1.1,6,2.802,2.55,137,4.5,112,5.9,96.01,66,186,252,26.19,8.6,200.12,0.8,12.1,145.1,8.34,8.9,3.5,173,3.4,1.1,79,82,119,136
701979,MZLGI07MHP,462065,24/10/2018,08:50,09:45,Pale Yellow,Hazy,1.017,5.6,Negative,Trace,Negative,Negative,Negative,Normal,Negative,6-7,0,1-3,Nil,Nil,NIL,8.3,5.5,55.3,51.1,15,15,11.3,42.3,8568,50,19,5,8,2.5,6.25,1.71,0.74,0.36,0.03,102,12.6,17,0.21,20,1.6,3.07,1.32,0.92,166,49,48.6,93.4,467,160,3.4,0.99,1.01,0.5,0.1,0.4,173,26,39,46,7.9,3.7,4.2,0.88,1.8,15.5,7.2385,4.02,139,3.3,99,6,106.66,72,310,382,18.85,5.7,116.89,2.4,22.3,130.3,17.11,8.7,5.5,174,11.5,1.72,93,85,160,231
801752,KLTRS03TSS,603928,25/10/2018,09:01,10:13,Dark Yellow,Clear,1.012,7,Trace,Negative,Negative,Negative,Negative,Normal,Negative,9-10,2,2-2,Nil,Nil,NIL,13.8,4.8,52.7,73.6,28,26,12.5,36,2528,58,31,1,12,0,22.63,2.86,0.09,0.39,0,227,8.9,12,0.1,37,2.9,0.1,4.79,0.81,200,58,98.7,21.4,107,89,3.4,1.7,0.59,0.4,0,0.4,75,12,26,21,8.2,4.2,4,1.05,1,8.4,3.9228,3.92,141,5,102,3.1,44.56,138,114,252,54.76,7.2,159.94,0.6,15.3,47.8,32.01,10.2,5.9,153,8,5.71,88,173,107,83
309083,GYAHD06ODK,111085,25/10/2018,08:56,10:00,Light Yellow,Hazy,1.016,6.6,Trace,Negative,Negative,Negative,Negative,Normal,Negative,6-8,4,2-3,Moderate,Nil,Yeast cells,17.4,6.7,46,84.3,25,37,13.4,39.6,6285,27,19,6,7,0,5.25,1.11,0.01,0.23,0.03,244,14.6,16,0.29,33.8,5.2,0.35,1.16,0.03,150,21,105,52.8,264,115,7.1,5,0.2,0.7,0,0.7,75,10,14,6,7.5,4,3.5,1.14,0.7,11.8,5.5106,7.87,145,4.8,104,3.1,104.06,214,348,562,38.08,12,297.7,0.4,16.8,143.1,11.74,8.9,3.5,136,10.2,1.29,89,68,90,109
901741,MZLGI07RJK,886503,23/10/2018,08:44,09:21,Orange,Slightly cloudy,1.015,6.3,Trace,1+,Negative,Negative,Negative,Normal,Negative,14-15,2,8-15,Nil,Nil,Artifacts,7.3,5.7,46.6,88.6,12,15,12.7,47,9803,56,35,1,3,0,5.68,1.49,0.21,0.33,0.04,278,17.2,19,0.14,16.5,6.6,0.62,0.25,0.01,171,52,86.3,11,55,218,3.3,1.66,0.6,0.9,0.3,0.6,115,45,34,31,6.9,5,1.9,2.63,0.8,22.5,10.5075,13.13,94,4.5,98,4.8,113.33,121,354,475,25.47,7.2,159.94,0.4,14,71.3,19.64,8,6.6,206,15.4,1.16,76,88,94,127
202897,MZLGI15APK,666269,22/10/2018,10:59,12:13,Light Yellow,Hazy,1.018,6.7,Trace,Trace,Negative,Negative,Negative,Normal,Negative,TNTC,2,2-2,Nil,Nil,Parasites,18.6,5.5,34.4,96,33,54,13.1,42.4,9510,40,21,1,5,4.1,6.96,2.69,0.77,0.05,0.1,122,17.7,19,0.33,28.9,1.2,0.58,0.1,0.68,175,45,75.7,12.7,63.5,74,3.9,1.68,0.59,0.7,0.3,0.4,56,38,8,51,6.6,3.6,3,1.2,1.1,5.9,2.7553,2.5,135,3.6,103,2.3,96.28,75,350,425,17.65,7.4,165.68,0.6,15.1,78.6,19.21,8.5,3.2,75,4.8,3.95,108,94,70,92
461310,GYAHD06ODK,825755,23/10/2018,07:32,08:24,Pale Yellow,Clear,1.022,6.9,Negative,Trace,Negative,Negative,Negative,1+,Negative,7-9,1,>20,Nil,Nil,NIL,12.1,4.9,60.2,93.8,24,20,13.4,42.6,33158,54,19,2,7,0,2.04,0.78,0.45,0.44,0,423,7.1,14,0.06,16,2.5,0.45,1.38,0.23,230,38,94.9,55.3,276.5,103,6.1,2.5,0.4,0.5,0.2,0.3,63,15,23,26,7,3.7,3.3,1.12,1.2,9.6,4.4832,3.74,135,4.8,99,4.8,104.2,169,348,517,32.69,8.2,188.64,0.2,14,262.3,5.34,10.1,4.1,216,4.2,6.33,117,74,60,93
878873,KLTRS15MLT,735024,23/10/2018,09:37,10:28,Straw,Slightly cloudy,1.017,4.8,Trace,2+,Negative,Negative,Negative,Normal,Negative,18-21,1,6-7,Rare,Nil,Artifacts,4.7,4.9,52.4,72.9,9,8,12.8,44.8,9264,48,36,2,5,0,7.34,1.17,0.43,0.47,0.03,712,9.1,16,0.33,29,3.6,0.61,0.02,0.12,175,63,96.8,34.9,174.5,161,2.8,1.54,0.65,0.4,0,0.4,61,7,14,32,6.7,4.3,2.4,1.79,1.3,22.7,10.6009,8.15,139,3.5,112,2.8,93.72,107,360,467,22.91,6.7,145.59,0.7,28.3,42.1,67.22,9.4,4,205,6.8,5.17,98,96,202,288
953446,GYAHD05JHJ,557767,23/10/2018,07:15,08:30,Green,Slightly cloudy,1.022,5.5,Trace,Negative,Negative,Negative,Negative,Normal,Negative,12-14,1,2-2,Nil,Nil,NIL,13,5.9,48.5,97.2,22,26,12.9,40.1,10916,35,35,5,7,0,5.23,1.41,0.05,0.49,0.02,337,11.8,16,0.36,14.4,4.1,6.54,0.18,0.19,186,47,43.6,32.8,164,174,4,0.93,1.08,0.3,0.1,0.2,302,40,23,36,7.8,4.6,3.2,1.44,1.2,5.9,2.7553,2.3,122,4.1,107,5.9,111.91,152,152,304,50,6.2,131.24,0.1,14.1,126,11.19,9.2,2.7,246,12.9,0.93,117,99,71,62
797596,PBCHD07KLC,774295,22/10/2018,09:24,09:54,Pale Yellow,Hazy,1.011,4.9,Trace,1+,Negative,Negative,Negative,Normal,Negative,8-9,2,2-2,Nil,Rare,Mucus threads,15.2,4.9,45.2,49.8,31,33,13,43.2,8562,45,16,1,12,0,8.49,2.34,0.29,0.17,0.03,366,12,14,0.24,16.8,1.9,0.19,0.38,0.33,222,21,56.9,35.9,179.5,150,10.6,2.71,0.37,0.7,0.3,0.4,94,35,19,41,7,4.6,2.4,1.92,0.7,18,8.406,12.01,124,2.8,105,5.3,113.42,156,301,457,34.14,5.4,108.28,4.7,21.5,147.8,14.55,10.7,4.6,189,12.5,4.9,184,95,85,93
837270,PBCHD13PBP,340864,26/10/2018,09:57,11:13,Light Yellow,Clear,1.015,4.9,Negative,Negative,Negative,Negative,Negative,Normal,Negative,3-4,1,2-2,Nil,Moderate,Amorphous debris,14.7,4.8,10.4,111.4,30,141,13,45.8,26471,20,34,2,4,0,2.43,1.58,0.52,0.65,0.04,446,7.2,20,0.23,33.3,0.1,4.62,0,0.05,188,56,63.8,33.6,168,64,3.4,1.14,0.88,0.5,0.2,0.3,113,47,39,29,7.8,5.4,2.4,2.25,0.9,32.5,15.1775,16.86,121,3,104,2.6,95.5,140,290,430,32.56,7.4,165.68,0.7,164.4,129.1,127.34,8.9,3.2,136,11.7,0.77,112,69,77,178
591285,PBCHD02PBM,646698,22/10/2018,09:12,09:42,Pale Yellow,Hazy,1.01,6.9,1+,Negative,Negative,Negative,Negative,Normal,Negative,12-13,0,2-4,Nil,Nil,NIL,7,5.2,47.8,79.7,13,14,14.5,36,6155,34,29,1,7,5.2,5.56,1.49,0.33,0.23,0.13,357,14.7,13,0.3,20.4,0.6,0.08,0.1,0.02,159,41,42.8,37,185,114,3.9,1.04,0.96,0.9,0.1,0.8,100,8,11,21,7.9,4,3.9,1.03,0.8,59.8,27.9266,34.91,142,2.6,105,4.7,96.41,139,116,255,54.51,6,125.5,4.5,27.7,64.1,43.21,8.8,5.2,342,9.9,3.87,87,76,62,139
477555,PBCHD12CGD,718341,22/10/2018,06:06,07:01,Straw,Hazy,1.015,6,Negative,2+,Negative,Negative,Negative,Normal,Negative,8-9,0,2-2,Nil,Nil,Fat droplets or lipiduria,14.8,5,52.9,79,29,27,14.5,28.4,45681,52,31,6,7,2.9,2.97,1.15,0.1,0.28,0.02,199,7.4,14,0.22,27.4,2.2,0.01,0.67,0.35,176,32,117.9,47.9,239.5,160,5.5,3.68,0.27,0.3,0,0.3,121,41,12,43,6.6,3.7,2.9,1.28,1.2,54.9,25.6383,21.37,137,4,106,4,95.81,251,336,587,42.76,8.5,197.25,0.1,17.2,122.3,14.06,10.1,3.1,63,8,1.53,103,73,73,165
201619,GYAHD11KAU,581617,22/10/2018,08:16,09:00,Light Yellow,Slightly cloudy,1.013,6.5,2+,Trace,1+,Negative,Negative,Normal,Negative,8-9,0,3-2,Nil,Nil,Fat droplets or lipiduria,9.4,5.6,41.8,109.9,16,22,13.9,28.9,5897,45,27,2,16,0,1.23,2.24,0.34,0.17,0.08,55,10.4,13,0.31,33.9,2.6,0.94,0.19,0.21,103,58,58.7,5.4,27,93,1.8,1.01,0.99,8.1,4,4.1,122,41,11,15,8.1,3.9,4.2,0.93,0.6,18.9,8.8263,14.71,148,4.1,94,3.5,112.72,167,242,409,40.83,6.2,131.24,0.2,22.1,348.8,6.34,9.7,6,183,4.5,6.56,85,77,115,168
319612,MZLGI07GJS,565881,22/10/2018,11:54,12:57,Light Yellow,Slightly cloudy,1.02,6.6,Trace,Trace,Negative,Negative,Negative,Normal,Negative,7-8,0,3-3,Few,Nil,Yeast cells,8.6,5.7,39.6,98.1,15,21,12.6,32,10762,21,20,2,4,0.7,20,2.61,1.26,0.4,0.12,361,8.2,15,0.29,31.3,0.9,0.12,0.39,0.29,185,51,76.1,58.3,291.5,106,3.6,1.49,0.67,0.6,0.1,0.5,118,46,26,16,6.3,4.9,1.4,3.5,1,7.8,3.6426,3.64,144,4.6,95,5.4,112.54,162,372,534,30.34,7,154.2,0.2,14.1,104.1,13.54,11.4,5,129,7.8,6.14,153,192,89,393
505085,PBCHD14HPP,918883,22/10/2018,10:56,11:55,Pale Yellow,Clear,1.011,5.2,Negative,Trace,Negative,Negative,Negative,Normal,Negative,11-12,1,5-14,Moderate,Rare,NIL,3.8,4.4,49.6,91.3,8,7,12.6,43.2,7397,49,26,3,6,0,3.17,3.46,0.34,0.42,0.46,229,15,14,0.55,49.1,3.1,0.04,0.37,0.6,195,46,45.1,35.3,176.5,76,4.2,0.98,1.02,0.8,0.1,0.7,98,12,18,35,6.5,3.6,2.9,1.24,1,18.7,8.7329,8.73,139,2.1,108,5.5,107.31,102,110,212,48.11,6.1,128.37,0.4,27.6,100.2,27.54,8.1,3.7,62,10.3,5.26,106,87,122,285
819398,PBCHD13SKM,181306,24/10/2018,06:30,07:25,Pale Yellow,Clear,1.015,6.6,Negative,Negative,Negative,Negative,Negative,Normal,Negative,4-6,2,2-2,Few,Few,Amorphous debris,10.5,4.8,15.7,119.3,21,66,13.2,25.4,10186,58,34,6,12,0,1.35,1.12,0.86,0.26,0.06,409,11.5,9,0.21,30.4,0.4,5.47,0.13,0.01,200,41,149.1,8.1,40.5,95,4.9,3.64,0.27,0.9,0.3,0.6,78,37,35,36,7.3,4.4,2.9,1.52,0.6,17,7.939,13.23,144,5.2,95,7.9,88.26,46,270,316,14.56,5.9,122.63,0.2,175.3,145.7,120.32,9.2,3.1,123,12.3,0.47,71,123,120,226
570769,KLTRS08TSS,276308,25/10/2018,06:24,07:41,Yellow,Clear,1.025,6.8,Negative,Negative,Negative,Negative,Negative,Normal,Negative,6-8,0,2-3,Nil,Nil,Yeast cells,8.1,4.7,38.9,82.5,17,20,12.6,42.7,8579,53,37,2,7,0,9.61,1.54,0.45,0,0.05,131,8.3,12,0.08,36.7,4.7,0.85,0.24,0.19,129,45,127.6,9,45,113,2.9,2.84,0.35,0.7,0.3,0.4,45,30,12,32,5.4,4.1,1.3,3.15,0.8,36.2,16.9054,21.13,127,3.8,106,4.1,36.81,102,327,429,23.78,6.3,134.11,0.3,18.1,123.7,14.63,7.6,3.2,98,10.7,0.76,118,88,78,117
506888,GYAHD04KLM,706641,25/10/2018,06:23,07:49,Pink,Clear,1.014,6.7,Trace,Trace,Negative,Negative,Negative,Normal,Negative,3-5,2,3-3,Rare,Nil,NIL,21.1,4.4,43.2,97.3,47,48,13.1,42.7,7187,10,37,6,4,0,1.46,1.54,0.53,0.58,0.12,263,7.3,15,0.34,12.8,0.8,0.18,0.89,0.13,180,56,75.7,26.3,131.5,167,3.2,1.35,0.74,1,0.3,0.7,45,37,17,16,8.5,3.7,4.8,0.77,1.2,18.6,8.6862,7.24,134,4.6,100,4.2,113.71,92,99,191,48.17,8.4,194.38,0.8,27.7,75.3,36.79,12,4.2,66,5.2,0.51,98,83,71,149
262208,GYAHD08ODK,732884,23/10/2018,06:11,06:43,Pale Yellow,Clear,1.019,6.8,Negative,Trace,Negative,Negative,Negative,Normal,Negative,4-6,6,3-4,Nil,Rare,NIL,9.6,5.5,44.5,80.9,17,21,11.8,43.1,3348,57,19,1,24,0.9,3.9,1.11,0.28,0.38,0,260,5.7,12,0.26,14.9,2.7,6.16,0.18,0.19,225,43,73.4,24.6,123,122,5.2,1.71,0.59,0.8,0.3,0.5,99,8,23,45,7.5,4.6,2.9,1.59,1.2,10.3,4.8101,4.01,142,3.4,109,5,113.33,96,93,189,50.79,6.4,136.98,0.9,219.1,28.3,774.2,11.9,2.9,178,2.8,3.75,99,84,102,110
863999,PBCHD13KLC,708850,24/10/2018,11:12,11:58,Yellow,Clear,1.013,4.1,3+,Trace,Negative,Negative,Negative,Normal,Negative,TNTC,1,3-4,Rare,Nil,Fungal elements,14.1,4.6,33.2,89.1,30,42,12.5,44.4,10707,37,21,2,2,0,9.37,2.88,0.76,0.25,0.2,357,11.4,12,0.23,18.1,1,0.35,0.96,0.05,146,50,93.5,38.2,191,113,2.9,1.87,0.53,0.7,0.3,0.4,55,53,12,34,8.9,4.9,4,1.23,1,23,10.741,10.74,148,4.8,111,1.5,123.36,169,352,521,32.44,8.2,188.64,0.3,13.2,118.9,11.1,9.2,2.2,229,2.3,3.26,90,75,110,129
381354,KLTRS10KLP,109382,23/10/2018,07:21,07:52,Pale Yellow,Clear,1.021,6.5,Negative,Negative,Negative,Negative,Negative,Normal,Negative,60-65,2,>20,Nil,Nil,Fat droplets or lipiduria,13.3,5.8,26.1,88.6,22,50,13.9,41.1,25133,45,42,4,2,0,7.9,2.84,0.98,0.22,0.08,338,12.5,11,0.05,15.1,2.1,3.73,0.32,0.22,237,40,125.7,34.9,174.5,153,5.9,3.14,0.32,0.9,0.3,0.6,41,52,38,44,8,3.5,4.5,0.78,1.1,18.3,8.5461,7.77,142,3,98,2.8,117.88,186,236,422,44.08,10.8,263.26,0.3,26.1,29.2,89.38,10.7,4.5,158,8.3,0.31,98,62,131,83
392236,MZLGI15MHP,816572,23/10/2018,06:36,07:17,Pale Yellow,Slightly cloudy,1.017,5,Trace,1+,Negative,Negative,1+,Normal,Negative,1-2,1,1-3,Nil,Rare,Parasites,19,5.7,47.3,80.3,33,40,13.7,44.6,10491,47,23,7,11,0,3.74,0.74,0.74,0.1,0.05,304,9.1,14,0.26,23.6,3.5,0.5,0.13,0.04,186,55,97.5,9.6,48,156,3.4,1.77,0.56,0.7,0,0.7,58,21,20,32,6,3.8,2.2,1.73,1,16,7.472,7.47,135,4,103,5.6,91.68,199,270,469,42.43,6.1,128.37,0.8,18,122,14.75,9.5,4.2,178,11.2,3.34,125,78,117,76
123597,GYAHD05JHJ,654084,24/10/2018,10:07,10:48,Pale Yellow,Slightly cloudy,1.021,6.4,1+,Trace,Negative,Negative,Trace,Normal,Negative,12-14,0,3-2,Rare,Nil,NIL,17.9,5.7,31.7,93.1,31,56,12.7,39.5,4421,58,23,4,7,0,9.06,1.14,0.57,0.29,0.04,32,8.8,12,0.34,12.6,1.4,0.76,0.4,0.25,229,75,97,38.3,191.5,214,3.1,1.29,0.77,0.7,0.3,0.4,61,24,34,46,7.4,4.5,2.9,1.55,1.2,12.6,5.8842,4.9,149,4,107,11.4,101.85,137,191,328,41.77,6.1,128.37,0.7,20.4,139.2,14.66,9.2,3.3,261,5.9,3.13,74,95,76,92
994374,GYAHD02KAU,935594,23/10/2018,11:42,12:46,Light Yellow,Slightly cloudy,1.029,5,Trace,Negative,Negative,Trace,2+,Normal,Negative,TNTC,1,15-8,Nil,Rare,NIL,9.4,5.2,46.6,96.9,18,20,14.5,31.6,5867,41,21,25,4,0,4.96,2.81,0.47,0.16,0.07,370,8.3,20,0.24,14.2,1.5,0.19,3.05,0.22,186,46,99.1,31.6,158,154,4,2.15,0.46,0.9,0.3,0.6,201,45,20,13,7.5,4.7,2.8,1.68,1.2,9.1,4.2497,3.54,136,3,107,8.5,108.89,162,276,438,36.99,5.9,122.63,0.5,27.4,133.7,20.49,11.4,4,55,10,0.17,99,170,74,107
834226,KLTRS08ODB,416966,22/10/2018,11:19,12:16,Pale Yellow,Slightly cloudy,1.014,5,Negative,4+,Negative,Negative,Negative,Normal,Negative,1-2,1,3-2,Nil,Nil,NIL,16.1,4.8,52.8,71,33,30,12,41.7,6964,43,38,4,6,0,4.45,1.42,0.99,0.15,0.05,371,7.6,16,0.14,21,2.6,4.23,0.25,0.04,234,58,76.5,12,60,96,4,1.32,0.76,0.8,0.3,0.5,94,51,10,29,6.6,4.1,2.5,1.64,0.5,73.2,34.1844,68.37,136,4.4,104,5.7,110.21,167,356,523,31.93,6.4,136.98,0.3,16.1,88.8,18.13,10.8,2.5,199,8.2,3.48,115,63,121,74
506031,GYAHD01KLM,285691,22/10/2018,06:03,06:46,Dark Yellow,Clear,1.016,4.6,Negative,Trace,Negative,Negative,Negative,Normal,Negative,6-8,1,1-4,Nil,Rare,NIL,10.2,4.1,26.8,116.9,24,38,12.7,44.6,6928,59,12,2,4,0,1.55,2.72,0.68,0.41,0.49,234,8.7,15,0.36,23.5,1.9,0.2,0.1,2.2,171,25,79.2,36.8,184,62,6.8,3.17,0.32,0.4,0,0.4,56,23,34,10,7.8,5.4,2.4,2.25,1,8.4,3.9228,3.92,138,4.3,96,6.1,92.69,112,304,416,26.92,5.8,119.76,0.9,27.2,66.5,40.9,9,4,209,11.4,2.27,107,90,89,188
650709,GYAHD14KLM,731352,26/10/2018,10:20,11:32,Pale Yellow,Clear,1.018,4.8,Trace,Negative,Negative,Negative,Negative,Normal,Negative,5-7,0,2-3,Moderate,Nil,NIL,15.6,5.1,44,95.8,30,35,13.5,41.3,7791,37,13,4,8,0,6.97,2.23,0.17,0.92,0.04,370,9.2,6,0.23,27.2,2.2,3.25,0.24,0.34,187,39,141.7,38.3,191.5,61,4.8,3.63,0.28,0.8,0.3,0.5,50,51,32,18,7.1,4.4,2.7,1.63,0.6,14,6.538,10.9,96,3.1,111,6.4,115.85,191,111,302,63.25,7.9,180.03,0.1,128.8,279.3,46.12,10.3,4.7,134,3.6,1.78,144,91,95,98
375108,PBCHD13CGD,540509,25/10/2018,07:51,08:24,Light Yellow,Slightly cloudy,1.01,4.6,3+,Trace,Negative,Negative,Negative,Normal,Negative,2-4,0,8-18,Nil,Nil,NIL,14.4,4.7,40.5,128.3,30,35,11.9,39.4,5029,30,25,7,7,0.3,1.93,1.13,0.72,0.33,0.1,70,10.7,20,0.27,13.8,0.1,0.53,0.52,0.32,198,40,71.5,5.8,29,94,5,1.79,0.56,0.7,0.3,0.4,67,19,32,17,6.3,3.7,2.6,1.42,0.6,33.6,15.6912,26.15,137,4.9,108,2.2,97.94,96,204,300,32,5.7,116.89,0.8,198.2,58.5,338.8,9.8,4.1,287,12.4,0.43,82,103,79,80
387830,PBCHD08PBP,531070,22/10/2018,08:00,08:49,Yellow,Slightly cloudy,1.017,4.6,Negative,Negative,Negative,Negative,Negative,Normal,Negative,80-82,2,2-3,Nil,Nil,Fat droplets or lipiduria,2.4,4.6,42.5,77,5,5,11.7,28.6,9791,59,21,5,3,0,3.78,3.21,0.33,0.21,0.1,158,11.8,15,0.3,12.2,5.1,0.83,0.01,5.38,184,57,66.5,15.2,76,159,3.2,1.17,0.86,0.7,0.3,0.4,103,31,32,29,6.3,4.3,2,2.15,0.7,14.4,6.7248,9.61,146,3.6,100,3.1,108.28,146,334,480,30.42,5.2,102.54,0.7,121.9,137.9,88.4,8.6,3.5,101,5.5,1,73,83,73,187
157655,MZLGI13BRC,826914,25/10/2018,10:23,11:05,Straw,Clear,1.011,5.7,Trace,Negative,Negative,Negative,Negative,Normal,Negative,4-5,2,2-2,Nil,Rare,NIL,9,5.8,38.1,59.4,15,23,13.7,40,7210,38,36,2,5,0,5.02,3.6,0.42,0.43,0.07,511,9.5,15,0.28,24.1,3.4,0.49,0.25,0.28,998,26,99.2,33,165,89,38.4,3.82,0.26,0.7,0,0.7,71,18,17,24,6.3,3.7,2.6,1.42,2.4,17,7.939,3.31,132,3.9,97,2.1,96.7,174,206,380,45.79,8.5,197.25,0,25.2,326.3,7.72,12.6,3.7,142,7.7,3.36,96,94,71,99
232477,MZLGI08MHP,678666,25/10/2018,07:24,08:30,Light Yellow,Hazy,1.019,5.8,Negative,Negative,1+,Negative,2+,Normal,Negative,10-12,2,3-4,Nil,Nil,NIL,15.5,4.6,37.8,71.8,33,41,12,43.4,4304,55,34,1,11,0,0.16,1.32,0.98,0.37,0.06,410,8.2,19,0.08,22.9,4.4,0.66,0.67,3.42,179,37,73.8,23.5,117.5,126,4.8,1.99,0.5,0.4,0,0.4,323,8,14,20,7,3.3,3.7,0.89,0.7,18.7,8.7329,12.48,147,3.5,95,3.2,100.22,105,144,249,42.17,6.3,134.11,0.4,16.7,132.7,12.58,9.3,5.1,139,3.3,3.8,94,65,87,136
241269,MZLGI03BRC,467066,25/10/2018,06:11,07:03,Light Yellow,Milky,1.02,6,Trace,Negative,Negative,Negative,Negative,Normal,Negative,4-5,0,2-4,Nil,Nil,NIL,13.3,4.8,48.6,95.4,27,27,13,39.7,4375,34,39,2,8,0,2.53,2.73,0.77,0,0.19,274,11.9,12,0.37,23,7.4,0.89,0.25,0.01,220,65,87.1,14.8,74,156,3.4,1.34,0.75,0.7,0,0.7,87,7,28,48,7.8,4.4,3.4,1.29,1,34.9,16.2983,16.3,149,3.5,96,6.3,98.91,43,253,296,14.53,6,125.5,0.5,13.5,266.1,5.07,12.9,4.2,97,4.8,1.58,121,80,171,87
968725,KLTRS08TSS,547884,22/10/2018,10:44,11:56,Yellow,Clear,1.017,4.6,Negative,Negative,Negative,Negative,Negative,1+,Negative,63-65,50,3-3,Rare,Few,NIL,18.3,5.8,34.2,71.8,31,53,13.9,48.4,8060,54,26,3,8,0,4.29,1.9,0.84,0.1,0.06,368,12,11,0.23,36,2.9,0.21,2.61,0.33,194,23,90.2,20.1,100.5,117,8.4,3.92,0.25,0.7,0.1,0.6,72,42,19,27,8.3,3.5,4.8,0.73,0.8,30.3,14.1501,17.69,136,5.5,100,2.7,81.3,135,180,315,42.86,6.3,134.11,0.6,18.1,27.1,66.79,9.6,4.3,155,19.1,0.29,78,104,85,71
624679,MZLGI10APK,905110,24/10/2018,06:17,06:59,Orange,Clear,1.015,4.7,Negative,Negative,Negative,1+,Negative,1+,Negative,4-6,1,16-12,Nil,Nil,Amorphous debris,1.4,5.2,39.4,83.9,2,3,13.7,39.5,4186,53,37,5,1,2.3,6.81,1.04,0.39,0.45,0.04,286,12.1,10,0.21,40.5,3.6,0.19,0.1,0.11,188,40,61.1,35.6,178,120,4.7,1.53,0.65,0.9,0.3,0.6,63,44,33,30,7.3,4.9,2.4,2.04,1.2,17.4,8.1258,6.77,148,4.7,104,3,97.24,106,173,279,37.99,6.9,151.33,0.2,27.4,131.4,20.85,10.8,5,121,4.3,2.19,118,118,110,138
382231,PBCHD10NLM,772814,25/10/2018,10:10,10:51,Dark Yellow,Slightly cloudy,1.012,4.6,Trace,3+,Negative,Trace,Negative,Normal,Negative,12-14,2,2-3,Nil,Nil,NIL,18.6,5.3,49.4,75.1,35,37,12.2,40.7,5736,56,29,6,5,0,4.94,1.55,0.72,0.47,0.08,182,7.2,10,0.75,15.1,1.6,2.42,0.39,6.74,121,59,76.5,5.2,26,118,2.1,1.3,0.77,0.8,0.1,0.7,235,53,26,41,6.5,4.1,2.4,1.71,0.6,9,4.203,7.01,147,3.9,90,4.7,102.4,158,227,385,41.04,5.4,108.28,21.7,11.2,143.5,7.8,8.5,3.4,108,6.4,3.54,106,161,103,62
953630,GYAHD15JHJ,879474,23/10/2018,08:58,09:30,Pale Yellow,Clear,1.029,6.5,3+,Negative,Negative,Negative,Negative,Normal,Negative,1-2,0,1-2,Nil,Nil,Mucus threads,19.4,4.1,37.3,99.5,47,52,12.3,44.6,4105,52,17,9,12,0,7.18,2.64,0.46,0.06,0.06,364,7.1,11,0.23,27.1,4.3,2.87,1.5,0.15,199,42,94,7,35,195,4.7,2.24,0.45,0.5,0.1,0.4,83,17,18,42,7,4.6,2.4,1.92,0.6,19.2,8.9664,14.94,148,3.6,101,4.1,94.08,121,357,478,25.31,5.9,122.63,0.8,28.4,445.5,6.37,10.5,4.7,148,14.5,8.87,234,296,79,175
100271,MZLGI14BRC,157084,26/10/2018,11:02,11:56,Pale Yellow,Clear,1.023,6,Negative,Negative,Negative,Negative,Negative,Normal,Negative,12-13,0,1-4,Few,Nil,Fungal elements,16.2,5.9,45,66.9,27,36,13.9,41.3,45741,45,34,5,6,0,1.21,4.52,0.21,0.37,0.06,232,10.3,13,0.28,30.7,4.4,0.34,0.33,0.12,147,69,120.5,36.5,182.5,116,2.1,1.75,0.57,0.5,0.2,0.3,109,7,32,32,8.3,5,3.3,1.52,1.2,19.6,9.1532,7.63,135,4.8,105,4.4,93.69,149,343,492,30.28,7.6,171.42,0.6,22,151.7,14.5,7.7,4.8,229,10.7,1.28,81,122,101,80
977140,PBCHD06PBM,261883,22/10/2018,08:18,09:03,Green,Clear,1.018,6.6,Negative,1+,Negative,Negative,Negative,Normal,Negative,87-90,1,1-2,Nil,Moderate,Amorphous debris,17.1,5.3,40.3,86.4,32,42,13.5,45.3,52945,32,24,11,6,1.3,1.27,1.75,0.4,0.19,0.03,375,7.2,14,0.12,19.2,2.8,0.36,0.4,0.8,239,43,71.4,8.9,44.5,137,5.6,1.66,0.6,0.5,0,0.5,93,31,23,13,7.3,4.2,3.1,1.35,0.8,7.9,3.6893,4.61,140,3.7,98,7,104.95,63,320,383,16.45,7.4,165.68,0.4,12.7,122.5,10.37,9.5,4.3,63,8.9,0.8,292,79,64,99
946832,PBCHD09PBP,184430,23/10/2018,06:49,08:09,Yellow,Clear,1.014,5.5,Negative,Negative,Negative,Negative,Negative,Normal,Negative,11-12,2,2-2,Nil,Nil,NIL,18.9,5.6,52.7,72.3,33,35,13.6,46,10936,43,36,2,7,0,6.76,1.25,0.56,0.09,0.08,910,10.2,18,0.33,26.4,3,4.84,6.8,0.12,180,53,130.9,17.1,85.5,97,3.4,2.47,0.4,0.7,0.2,0.5,98,18,20,48,6.5,3.6,2.9,1.24,1.1,10.7,4.9969,4.54,144,3.2,108,3.4,113.76,243,333,576,42.19,9.3,220.21,1,16.2,94,17.23,9.5,2.3,77,7.3,0.82,76,95,123,81
443424,GYAHD11KAU,697960,22/10/2018,06:19,07:39,Pale Yellow,Slightly cloudy,1.029,7.8,Negative,Trace,1+,Negative,Negative,Normal,Negative,56-60,2,2-2,Rare,Nil,NIL,16.1,5.1,50.3,57.6,31,32,12.1,43.3,4445,55,15,9,2,0,8.08,1.61,0.23,0.49,0.15,194,8.9,11,0.29,20.5,4.5,0.17,0.36,0.04,194,59,57.9,50,250,141,3.3,0.98,1.02,0.5,0,0.5,87,17,27,34,8.2,4.1,4.1,1,0.8,10.3,4.8101,6.01,120,1.9,95,4.5,116.87,102,167,269,37.92,6.1,128.37,0.1,23.2,83,27.95,11,5.3,91,2.3,5.82,296,65,123,105
812644,PBCHD12KLC,176645,22/10/2018,08:52,09:23,Yellow,Clear,1.017,5,Trace,Negative,Negative,Negative,Negative,Normal,Negative,7-9,0,1-2,Few,Nil,NIL,15.5,5.6,53.7,77.9,27,28,11.7,42.8,4600,73,29,12,8,0,4.94,2.88,0.62,0.17,0.03,128,11.9,11,0.22,25.9,1.8,0.21,0.25,0.11,160,33,113.2,47.1,235.5,122,4.8,3.43,0.29,0.9,0.3,0.6,95,25,27,38,8.7,4.3,4.4,0.98,0.7,11.8,5.5106,7.87,138,4.1,105,3.6,90.01,126,250,376,33.51,6.3,134.11,0.8,25.7,104.7,24.55,8.6,6.5,123,4.7,2.72,84,111,79,250
333809,PBCHD04MHS,945946,23/10/2018,06:12,06:43,Light Yellow,Clear,1.017,6.8,Negative,Negative,Negative,Negative,Negative,Normal,Negative,12-14,2,1-4,Few,Moderate,Amorphous debris,18.9,4.4,26.2,44.1,42,72,14.3,41.8,8535,46,37,5,2,0,0.86,1.45,0.49,0.13,0.07,323,11.3,12,0.3,32.5,4.3,0.33,0.12,4.53,224,57,91,61.6,308,100,3.9,1.6,0.63,0.9,0.3,0.6,93,24,18,46,6.8,3.8,3,1.27,1.1,5,2.335,2.12,142,5.9,100,6.2,99.32,107,283,390,27.44,6,125.5,0,15.9,113.9,13.96,9.7,4.3,96,7.9,2.13,112,72,74,418
326164,KLTRS14TSS,177032,24/10/2018,10:20,11:48,Light Yellow,Slightly cloudy,1.018,6.2,Trace,2+,Negative,Negative,Negative,Normal,Negative,64-68,0,9-7,Nil,Nil,NIL,2.1,4.6,40.7,93.6,4,5,13.1,40.8,30716,44,51,1,8,0.6,1.13,3.88,0.41,0.18,0.01,105,9,13,0.23,28.5,4.7,0.18,0.25,0.18,219,58,90.5,27,135,163,3.8,1.56,0.64,0.5,0,0.5,113,25,39,28,7.4,4.3,3.1,1.39,0.7,7.8,3.6426,5.2,137,3.6,86,3.1,119.54,215,121,336,63.99,6.4,136.98,0.5,22.6,78.7,28.72,10.1,4.3,54,6.8,2.21,98,123,77,86
757469,KLTRS15NLZ,757333,24/10/2018,07:48,08:49,Pale Yellow,Slightly cloudy,1.015,5.1,Negative,1+,Negative,Negative,Negative,Normal,Negative,59-62,2,2-3,Nil,Nil,Parasites,11.5,5.4,49.2,70,21,23,12,45.4,9498,53,53,3,8,0,0.52,2.45,0.29,0.08,0.14,254,8.4,11,0.24,28.6,5,0.16,0.33,0.19,183,59,94.8,62.6,313,82,3.1,1.61,0.62,0.5,0.2,0.3,128,5,59,20,7.7,4.3,3.4,1.26,0.9,11.2,5.2304,5.81,142,5.2,107,5.7,99.55,200,356,556,35.97,7.9,180.03,0.5,17,231.4,7.35,10.3,4,64,18,0.43,74,88,84,284
520960,GYAHD09KLM,921002,23/10/2018,11:42,12:28,Pale Yellow,Clear,1.018,6.6,Negative,Negative,Negative,Negative,Negative,Normal,Negative,TNTC,0,1-2,Nil,Nil,Fat droplets or lipiduria,16.7,4.7,36.1,78.9,35,46,14,44.8,9891,59,35,1,5,0,0.84,1.43,1.06,0.13,0.07,231,12,11,0.08,24.1,2,0.36,3.84,0.15,187,52,48.3,12.5,62.5,187,3.6,0.93,1.08,0.3,0.1,0.2,128,15,24,15,8.2,4.5,3.7,1.22,0.6,31.9,14.8973,24.83,149,4.3,105,4.5,92.91,143,347,490,29.18,6.2,131.24,0.8,20.6,269.5,7.64,9.4,3.1,72,10.2,1.8,111,63,190,112
574184,KLTRS04KLP,946865,24/10/2018,08:36,09:12,Dark Yellow,Cloudy,1.019,5.9,Negative,Negative,Negative,Negative,Negative,Normal,Negative,12-13,2,>20,Nil,Nil,NIL,3,4,57,74,7,5,12.6,40.3,10659,32,26,4,6,0,2.32,0.49,0.78,0.1,0.19,256,9.4,10,0.39,15.6,5.2,1.53,1.05,0.22,199,57,76,36.6,183,73,3.5,1.33,0.75,2.1,1,1.1,59,56,21,42,7,4.3,2.7,1.59,0.8,6.1,2.8487,3.56,136,3.6,97,5.9,10.38,128,255,383,33.42,9.8,234.56,0.6,22.4,173.6,12.9,10.1,3.3,69,6,1.23,78,167,96,174
885868,KLTRS02WBD,186485,26/10/2018,09:10,09:51,Light Yellow,Clear,1.015,7,Negative,Trace,Negative,Negative,Negative,Normal,Negative,3-5,1,3-2,Nil,Nil,Fat droplets or lipiduria,12.2,6.6,50.7,51.6,18,24,13,42,4349,46,19,5,6,0,14.64,1.56,0.43,0.62,0.1,447,11.5,15,0.43,30.5,5.9,0.03,0.12,0.15,121,50,53.1,15.2,76,215,2.4,1.06,0.94,0.5,0.2,0.3,105,32,9,30,7,4.3,2.7,1.59,1,19.8,9.2466,9.25,137,3.5,101,5.9,60.83,147,332,479,30.69,5.9,122.63,0.3,24.1,132.5,18.19,9.1,1.8,158,7.5,3.48,92,91,75,122
795562,PBCHD11NLM,759785,24/10/2018,09:56,10:51,Straw,Slightly cloudy,1.019,4.9,Trace,1+,Negative,Negative,Negative,Normal,Negative,96-98,0,3-3,Nil,Few,NIL,8.3,4.4,51.7,99.3,18,16,12.2,42.5,5621,62,15,2,6,0,22.58,1.38,0.88,0.47,0.06,254,9.8,11,0.31,13.4,1,3.61,1,0.45,174,66,111.6,31.1,155.5,104,2.6,1.69,0.59,4.1,2,2.1,54,9,31,37,6,3.6,2.4,1.5,0.9,8.8,4.1096,4.57,138,4.9,86,3.8,48.95,86,345,431,19.95,6.6,142.72,0.1,17.4,103.2,16.86,8.6,3.5,183,14,3.65,135,141,81,197
631016,KLTRS12WBD,453495,22/10/2018,10:09,11:02,Deep Amber,Opaque,1.028,5.5,Trace,Trace,Negative,Negative,Negative,Normal,Negative,2-4,2,3-3,Nil,Nil,NIL,17.9,5.9,41.8,88.7,30,42,13.9,43.6,6010,49,37,3,7,10.5,2.79,2.24,0.76,0.39,0.02,311,7.2,14,0.53,12.9,1.7,2.53,1,0.35,181,76,54.1,35.4,177,182,2.4,0.71,1.4,0.5,0.2,0.3,78,23,25,19,7,4.4,2.6,1.69,0.8,11.6,5.4172,6.77,130,4.2,97,5.5,14.46,114,347,461,24.73,7.2,159.94,0.5,12.9,297.6,4.33,11.2,3.9,71,5.6,3.94,92,64,82,175
431802,KLTRS04TSS,450071,26/10/2018,10:32,11:43,Yellow,Hazy,1.018,4.5,Negative,Trace,Negative,Negative,Negative,Normal,Negative,10-12,5,2-2,Rare,Nil,Amorphous debris,13.8,5.6,59.3,70.7,24,23,11.7,42.2,10458,55,20,10,6,0,9.85,2.23,0.57,0.05,0.06,435,7.2,13,0.24,25.6,0.1,0.27,0.16,0.79,207,77,58.7,94.1,470.5,119,2.7,0.76,1.31,0.3,0,0.3,123,27,39,12,5.2,4.5,0.7,6.43,1.2,17.4,8.1258,6.77,124,5.9,107,5.1,113.57,150,337,487,30.8,5.9,122.63,0.7,12,326.2,3.68,10.5,2.3,229,6.8,4.83,93,104,75,423
923830,GYAHD08KLM,282138,26/10/2018,08:20,09:29,Straw,Clear,1.014,5.2,Negative,Negative,Negative,Negative,Negative,Normal,Negative,6-8,2,>20,Nil,Nil,NIL,16.9,5.8,53.4,99.9,29,31,12,41.6,5507,52,33,7,2,0,5.72,1.34,0.74,0.22,0.01,867,10,17,0.25,12.2,3,0.21,0,0.38,199,56,91.8,37.3,186.5,157,3.6,1.64,0.61,0.8,0.3,0.5,116,37,34,25,7.9,5,2.9,1.72,1,9.9,4.6233,4.62,126,2.7,105,5.5,101.8,103,344,447,23.04,5.4,108.28,0.1,22.9,61,37.54,10.5,5.4,124,18.3,1.73,77,87,72,122
265947,GYAHD10KAU,181722,23/10/2018,06:27,07:42,Light Yellow,Hazy,1.027,5.1,Trace,Trace,Negative,Negative,Negative,Normal,Negative,7-8,1,2-3,Rare,Nil,NIL,14.4,5,33.7,94.1,28,42,13.8,40,52675,37,37,5,5,0,22.08,2.66,0.76,0.32,0.09,326,8.9,27,0.28,21.6,4.9,0.32,4.51,0.04,152,43,179.6,14.7,73.5,143,3.5,4.18,0.24,0.6,0,0.6,102,19,60,38,6.5,4.7,1.8,2.61,0.6,8.7,4.0629,6.77,144,2.5,104,8.1,118.42,191,334,525,36.38,8.6,200.12,0.2,16.9,144.1,11.73,11.8,3.5,247,11.9,3.56,106,79,87,75
550725,KLTRS07NLZ,249553,26/10/2018,07:32,08:44,Orange,Clear,1.028,4,Negative,Trace,Negative,Negative,Negative,Normal,Negative,3-4,1,14-15,Nil,Few,NIL,8.4,7.2,42.2,86.5,11,19,12.5,39.9,5705,42,18,6,6,0.3,4.34,1.39,0.39,0.6,0.07,327,7.1,14,0.3,27.6,4.5,0.3,0,0.47,159,36,87.1,20.2,101,96,4.4,2.42,0.41,0.7,0,0.7,66,14,34,42,7.5,5,2.5,2,1.1,17.9,8.3593,7.6,130,4.2,95,1.7,94.28,63,311,374,16.84,6.7,145.59,0.9,16.6,109.3,15.19,9.6,4.4,102,16.4,3.09,144,103,125,92
758528,MZLGI14MHP,922143,25/10/2018,09:29,10:54,Pale Yellow,Clear,1.02,6.9,4+,Negative,Negative,Negative,Negative,Normal,Negative,13-15,2,3-2,Nil,Nil,NIL,16.3,5.4,49.2,93.8,30,33,13.1,40.7,3226,59,39,2,7,0,5.85,5.3,0.48,0.46,0.07,343,11.6,17,0.38,21.8,2.5,0.38,6.02,0.29,209,72,97.7,55.6,278,79,2.9,1.36,0.74,0.7,0.3,0.4,48,29,39,11,8.2,4.7,3.5,1.34,0.8,14.7,6.8649,8.58,144,3.7,108,9.3,98.19,184,247,431,42.69,6.1,128.37,0.2,282.5,65.7,429.98,10.7,3.3,104,9.8,2.48,91,71,228,99
230087,GYAHD07KLM,643212,24/10/2018,08:32,09:22,Straw,Slightly cloudy,1.013,6.6,Negative,Negative,Negative,Negative,Negative,Normal,Negative,12-14,2,2-3,Nil,Nil,NIL,13.9,4.7,33.9,74.3,29,41,13.9,43.4,5845,69,51,3,3,0,1.75,3.87,0.56,0.6,0.14,349,16.9,20,0.23,23.9,2.3,0.14,0.23,0.35,216,48,145.2,70,350,110,4.5,3.03,0.33,1.1,0.5,0.6,102,18,10,36,5.5,4.3,1.2,3.58,0.8,19.5,9.1065,11.38,145,4.5,107,4.6,110.07,162,93,255,63.53,5.5,111.15,0,14.1,175.7,8.03,8.9,4.3,70,8.7,0.65,76,113,65,84
725071,GYAHD12KLM,522960,22/10/2018,07:49,09:16,Pink,Slightly cloudy,1.018,4.7,Negative,Trace,Negative,Negative,Negative,Normal,Negative,11-12,2,2-3,Nil,Rare,NIL,13,5.7,30.5,85.2,22,42,14,42.9,7634,55,41,6,6,0,7.28,1.4,0.52,0.57,0.01,970,10,15,0.2,20.1,0.1,0.14,0.8,2.27,188,51,83.2,35.6,178,157,3.7,1.63,0.61,0.4,0.1,0.3,97,28,14,24,8.1,3.8,4.3,0.88,1,13.6,6.3512,6.35,138,3.1,104,3.7,115.14,158,130,288,54.86,6.3,134.11,1,14.9,131.7,11.31,9.4,4.3,126,6.7,2.07,92,72,98,129
203664,PBCHD13MHS,578666,26/10/2018,08:50,09:33,Pale Yellow,Clear,1.011,6.7,Negative,Negative,Negative,Negative,Negative,Normal,Negative,5-6,1,>20,Nil,Nil,Parasites,12.6,4.2,51.8,121.1,30,24,14.5,44.9,6436,58,27,6,8,0,7.48,2.26,0.38,0.66,0.07,62,8.8,12,0.24,22.1,4.2,0.33,0.38,0.2,196,23,140.3,25.7,128.5,119,8.5,6.1,0.16,0.7,0.1,0.6,90,18,35,9,7.9,4.1,3.8,1.08,1,17.9,8.3593,8.36,125,5.6,95,6.6,117.98,72,206,278,25.9,5.8,119.76,0.5,26.5,71.3,37.17,9.7,3.8,68,9.9,2.77,117,90,82,111
216686,GYAHD03KAU,283582,22/10/2018,06:47,08:05,Dark Yellow,Slightly cloudy,1.014,8.4,Negative,Trace,Negative,Negative,Negative,Normal,Negative,1-2,2,1-4,Nil,Moderate,NIL,12.5,5.1,31.3,93.7,24,39,14.1,41.3,6318,74,33,3,6,0,6.8,2.36,1.17,0.05,0.08,367,8.9,11,0.11,14.9,0.7,0.09,0.01,0.06,209,74,83.6,50.9,254.5,104,2.8,1.13,0.89,0.6,0,0.6,51,10,38,26,6.2,3.6,2.6,1.38,1.2,16.6,7.7522,6.46,145,4.3,100,6.7,118.47,118,355,473,24.95,10.8,263.26,0.6,13,93.1,13.96,7.7,4.1,140,7.2,2.7,105,139,122,100
350054,GYAHD09ODK,780005,25/10/2018,08:16,09:25,Orange,Clear,1.018,6.5,Trace,Negative,Negative,Negative,Negative,Normal,Negative,17-18,1,5-14,Nil,Rare,NIL,9.8,3.2,31.7,96.1,30,30,12.5,39.8,8303,52,32,2,3,2.2,9.34,7.11,0.41,0.47,0.09,417,7.3,16,0.23,28.9,4.4,0.68,0.43,0.19,778,39,124.1,102.2,511,150,19.9,3.18,0.31,10.1,5.6,4.5,81,22,36,34,6.7,4,2.7,1.48,1,209.7,97.9299,97.93,138,5.8,96,9.7,91.59,191,323,514,37.16,5.8,119.76,0.8,68.5,289.9,23.63,10,3.5,103,4.4,0.45,84,197,85,160
894092,KLTRS02ODB,582300,24/10/2018,10:42,11:42,Light Yellow,Clear,1.018,6.8,Negative,2+,Negative,Negative,Negative,Normal,Negative,10-11,1,14-12,Rare,Nil,NIL,13.5,6.4,31.6,62.6,21,42,12.4,39.5,9342,64,39,1,0,0,5.51,1.32,0.12,0.64,0.08,445,10.6,15,0.59,29.5,4.6,0.02,2.21,0.39,135,40,81,34.2,171,165,3.4,2.03,0.49,0.6,0.1,0.5,104,48,25,47,7,4.7,2.3,2.04,0.7,16.2,7.5654,10.81,135,1.9,84,6.3,92.31,82,152,234,35.04,5.8,119.76,0.8,10.6,91.6,11.57,9.7,3.2,164,8.1,8.79,131,66,68,113
103562,KLTRS08WBD,568179,23/10/2018,11:15,12:31,Pale Yellow,Hazy,1.016,7,Negative,1+,Negative,Negative,Negative,Normal,Negative,TNTC,3,15-17,Rare,Nil,NIL,13.4,8.3,51.4,91.3,16,26,13.4,45.2,33916,41,27,0,3,0,1.67,1.35,0.36,0.03,0.04,131,8.1,15,0.26,42.8,5,0.77,0.27,0.18,154,20,79.3,12.9,64.5,105,7.7,3.97,0.25,0.5,0.2,0.3,62,49,13,23,7,3.2,3.8,0.84,1.2,16.3,7.6121,6.34,138,2.6,99,5.9,111.56,237,203,440,53.86,10,240.3,3.5,10.3,85.9,11.99,8.9,2.2,220,10.9,2.97,143,96,79,135
739683,GYAHD04ODK,871806,25/10/2018,11:20,12:20,Straw,Clear,1.016,6.4,Negative,Trace,Negative,Negative,Negative,Normal,Positive,2-3,1,1-4,Nil,Rare,NIL,11.6,5.4,37.3,77.9,21,31,11.7,45.4,10358,49,20,6,6,0,8.13,7.66,0.65,0.09,0.07,1054,7.4,11,0.26,32.5,2.7,0.31,0.18,1.61,172,57,46.9,26.1,130.5,156,3,0.82,1.22,0.7,0,0.7,89,20,16,39,7.5,3.9,3.6,1.08,0.6,10.9,5.0903,8.48,142,2.9,96,2.6,64.84,144,275,419,34.37,8.9,208.73,0.8,10.5,127.2,8.25,10.4,6,156,4.5,5.83,88,96,80,100
303313,PBCHD05PBM,923471,24/10/2018,09:15,10:25,Straw,Clear,1.013,4.5,Negative,Trace,Negative,Negative,Negative,Normal,Negative,5-6,2,1-4,Nil,Few,NIL,20.9,5.7,35.9,70.8,36,58,12.3,29,4113,45,31,4,6,0.8,8.76,1.48,0.47,0.37,0.18,161,9.7,11,0.38,21.2,3.4,0.04,0.12,2.86,165,55,96.7,6.6,33,122,3,1.76,0.57,0.7,0.2,0.5,56,50,31,43,4.7,4.1,0.6,6.83,0.6,15.4,7.1918,11.99,144,4.5,106,2.1,116.04,123,358,481,25.57,5.8,119.76,0.9,23.3,51.4,45.33,10.9,4.1,89,12.5,0.65,142,74,119,120
709599,PBCHD15NLM,779065,25/10/2018,09:28,10:52,Light Yellow,Clear,1.01,6.7,Trace,Negative,Negative,Negative,Negative,Normal,Negative,82-83,15,3-2,Rare,Nil,Parasites,4.6,5.3,29.6,85.7,8,15,12.9,43.4,7657,50,33,6,6,0,0.75,2.04,0.65,0.51,0.08,65,11,14,0.56,24.2,4,0.33,0.47,0.28,232,32,114.3,14.6,73,157,7.3,3.57,0.28,0.3,0.1,0.2,62,21,29,43,6,4,2,2,0.6,9.9,4.6233,7.71,148,1.7,100,6.5,31.66,124,352,476,26.05,9.8,234.56,0.7,99.4,547.9,18.14,14.3,2.3,133,10.6,3.74,78,99,96,123
100757,MZLGI04MHP,234706,22/10/2018,06:51,07:43,Straw,Clear,1.029,5.6,Trace,Negative,Trace,Negative,Negative,Normal,Negative,13-14,0,1-4,Nil,Few,NIL,19.4,5,22.1,123.2,38,87,12,39.6,3627,56,27,4,7,0.9,1.41,5.56,0.82,0.35,0.1,437,9.1,14,0.36,27.9,6.7,0.11,0.13,0.32,133,71,88.1,12.3,61.5,77,1.9,1.24,0.81,0.4,0.1,0.3,81,55,26,31,6.4,4.2,2.2,1.91,1.2,16.2,7.5654,6.3,136,4.5,87,4.2,114.53,196,344,540,36.3,5.9,122.63,0.6,214.7,69.9,307.15,10.4,6.4,132,15.8,7.42,132,89,105,70
651195,KLTRS15WBD,344206,25/10/2018,09:32,10:33,Light Yellow,Slightly cloudy,1.011,4.6,Trace,1+,Negative,Negative,Negative,Normal,Negative,11-12,2,1-2,Nil,Nil,NIL,11.6,4.1,43.6,74.4,28,26,13.6,40.8,9474,69,21,1,7,0,2.5,1.58,0.83,0.2,0.06,215,12,14,0.17,33.5,2.7,0.08,0.23,0.15,154,62,111.1,24.4,122,214,2.5,1.79,0.56,0.6,0.1,0.5,61,38,29,17,8.2,3.8,4.4,0.86,0.7,15.1,7.0517,10.07,144,3,100,4.9,92.36,117,221,338,34.62,5.9,122.63,0.9,16,109.9,14.56,9.5,4,143,12.2,0.38,88,72,72,194
593193,KLTRS05ODB,896940,25/10/2018,10:40,11:55,Light Yellow,Slightly cloudy,1.011,4.7,Trace,Trace,Negative,Negative,Negative,Normal,Negative,TNTC,1,3-4,Nil,Few,Amorphous debris,10.9,5.3,34.8,86.2,20,31,14.1,45.2,5427,52,37,8,8,0,7.05,2.2,0.28,0.69,0.06,201,11.6,15,0.27,21.4,0.1,0.31,0.25,0.28,208,33,105.6,36.2,181,115,6.3,3.2,0.31,0.5,0,0.5,107,52,40,10,8,4.9,3.1,1.58,0.7,11.8,5.5106,7.87,135,5.3,108,3.4,99.05,105,164,269,39.03,6.3,134.11,0.8,22.7,82,27.68,9.3,6.7,172,10.5,1.14,84,71,88,210
532432,GYAHD08KAU,449610,22/10/2018,10:22,11:33,Yellow,Hazy,1.013,6.7,Negative,Negative,Negative,Negative,Negative,Normal,Negative,91-96,0,2-2,Nil,Nil,NIL,14,4.1,28.5,85.8,34,49,14.2,45.5,4064,12,23,2,6,0,1.3,4.63,0.44,0.15,0.06,337,9.5,17,0.58,13,4.3,3.09,0.02,0.35,177,55,92,49.4,247,190,3.2,1.67,0.6,0.3,0,0.3,52,41,18,32,6.1,4.6,1.5,3.07,1.1,14.6,6.8182,6.2,147,5.6,99,6.1,113.81,101,347,448,22.54,8.1,185.77,0.2,22.7,103.4,21.95,12.4,2.8,77,10.7,0.42,95,110,79,191
405554,MZLGI12GJS,389474,23/10/2018,07:12,08:23,Deep Amber,Clear,1.018,6.7,Negative,Negative,Negative,Negative,Negative,Normal,Negative,3-5,0,2-2,Nil,Nil,NIL,10.2,7.5,37.9,97.8,13,26,13.6,26.4,8095,57,39,3,10,10.9,9.08,1.6,0.37,0.14,0.05,253,14.1,10,0.19,28.1,6.2,0.08,0.59,0.15,152,24,52.1,12.3,61.5,151,6.3,2.17,0.46,0.4,0.1,0.3,83,41,10,45,6.8,3.5,3.3,1.06,1.1,10.4,4.8568,4.42,146,3.8,109,5.8,105.73,154,211,365,42.19,6,125.5,0.7,13.3,107,12.43,8.4,5.1,129,9.4,1.33,113,188,92,123
961533,MZLGI06RJK,647575,24/10/2018,07:40,08:28,Pale Yellow,Slightly cloudy,1.026,4.6,Trace,Trace,Trace,Negative,Negative,Normal,Negative,TNTC,1,3-3,Nil,Nil,NIL,13.6,8.3,51.1,87.5,16,26,13.9,39.5,7346,40,46,0,8,0,8.34,2.27,0.39,0.68,0.08,942,5.8,14,0.55,24.2,1.9,0.21,0.22,1.2,158,50,30.3,8.5,42.5,74,3.2,0.61,1.65,0.7,0.2,0.5,64,10,28,28,8,3.6,4.4,0.82,0.7,13.7,6.3979,9.14,149,4.3,97,4.4,115.51,100,335,435,22.99,7.6,171.42,0.4,17.4,71.3,24.4,9.1,2.4,105,12.2,3.18,96,99,119,122
559361,MZLGI07APK,162124,22/10/2018,10:37,11:34,Light Yellow,Clear,1.001,6.8,1+,Negative,Negative,Negative,Negative,Normal,Negative,10-11,0,2-3,Nil,Nil,Fungal elements,14.5,4.1,59.8,69.3,35,24,13.7,37.2,10486,58,51,3,7,0,2.07,2.93,0.92,0.26,0.01,94,13.1,11,0.22,34.2,2.9,0.11,0.12,0.06,200,58,100.8,60,300,196,3.4,1.74,0.58,1,0.3,0.7,104,50,20,20,7.5,4.2,3.3,1.27,0.7,19.6,9.1532,13.08,141,4.2,97,4.8,112.75,106,353,459,23.09,5.8,119.76,0.6,15.3,157.7,9.7,7.8,3.6,97,11.4,1.29,98,77,122,87
333964,KLTRS10ODB,314469,23/10/2018,10:12,11:26,Yellow,Clear,1.018,5.3,Trace,Trace,Negative,Negative,Negative,Normal,Negative,2-3,2,5-8,Nil,Nil,Amorphous debris,16.5,5.4,49.6,82.2,30,33,14,39.2,10192,33,15,1,5,0,4.16,1.98,0.52,0.05,0.02,448,7.6,13,0.6,42.7,0.1,3.78,0.28,0.05,239,38,73.1,7.3,36.5,100,6.3,1.92,0.52,0.6,0,0.6,114,49,30,7,7.1,4.8,2.3,2.09,0.7,13.5,6.3045,9.01,149,4.3,115,4.7,95.8,84,185,269,31.23,5.7,116.89,0.7,20.4,128,15.94,10.1,3.1,162,4.8,4.39,144,69,82,99
445719,PBCHD02KLC,277397,22/10/2018,10:36,11:53,Yellow,Hazy,1.015,5.2,Negative,Negative,Negative,Negative,Negative,Normal,Negative,10-11,1,1-3,Nil,Few,NIL,17.5,6,51.3,53,29,34,15.2,45.1,5650,50,32,4,9,0,5.15,2.06,0.5,0.03,0.03,75,10,20,0.08,12.5,0.1,1.35,0.13,0.19,223,58,84.1,8.5,42.5,130,3.8,1.45,0.69,1,0.3,0.7,55,28,22,29,7.2,3.7,3.5,1.06,0.6,19.9,9.2933,15.49,149,3.5,112,4.8,106.38,91,136,227,40.09,5.8,119.76,0.5,13.5,195.2,6.92,10.4,4.6,99,10,2.37,75,104,96,376
782471,PBCHD12NLM,988440,26/10/2018,06:23,07:51,Pale Yellow,Slightly cloudy,1.012,6.8,1+,Negative,Negative,Negative,Negative,Normal,Negative,3-5,2,5-16,Nil,Nil,Fungal elements,13,8.4,48,79.7,15,27,12.7,40.1,4032,36,14,4,4,0.7,0.14,1.17,0.76,0.61,0.03,262,9.6,15,0.13,12.9,4.5,0.35,0.18,0.87,224,74,92.2,35.8,179,145,3,1.25,0.8,0.3,0.1,0.2,118,15,16,46,6.5,4.9,1.6,3.06,1.1,17,7.939,7.22,147,2.1,105,2.8,39.2,85,158,243,34.98,6.2,131.24,0.5,26.6,246.8,10.78,11.5,4.5,168,16.9,3.8,120,87,77,91
312669,MZLGI02GJS,472355,25/10/2018,06:31,07:32,Pale Yellow,Clear,1.011,5.9,Trace,3+,Negative,Negative,Negative,Normal,Negative,6-7,0,9-10,Few,Nil,Amorphous debris,20.2,5.4,20.1,86.6,37,100,12.9,44.4,10712,56,32,6,6,0,7.51,2.75,0.37,0.15,0.09,437,9.4,8,0.43,34.5,0.2,0.49,0.04,0.52,227,55,59.1,20.5,102.5,186,4.1,1.07,0.93,0.7,0.3,0.4,69,34,38,13,6.3,4,2.3,1.74,0.8,23.4,10.9278,13.66,135,3.7,100,5.3,112.45,58,348,406,14.29,6.2,131.24,0.2,10.9,249.5,4.37,9,5.3,145,18.1,2.25,81,65,87,423
836561,MZLGI13MHP,890700,25/10/2018,06:03,07:20,Orange,Slightly cloudy,1.015,7.5,Trace,Trace,Negative,Negative,Negative,1+,Negative,3-4,0,2-4,Nil,Nil,Mucus threads,8.5,4,39.6,81.4,21,21,12.6,43.8,8114,40,16,6,7,0,6.67,2.64,0.67,0.48,0.07,320,10,16,0.24,13.4,1.2,0.2,4.1,0.2,233,59,41.2,68,340,67,3.9,0.7,1.43,0.4,0.1,0.3,42,6,26,42,7.7,3.6,4.1,0.88,1,7.5,3.5025,3.5,149,2.6,97,2.9,99.65,79,185,264,29.92,7.6,171.42,0.5,871.6,53.7,1623.09,10.3,2.6,87,5.7,0.91,73,78,112,90
190772,MZLGI11MHP,696225,24/10/2018,07:18,08:46,Light Yellow,Hazy,1.014,4.8,Trace,Negative,Negative,Negative,2+,Normal,Negative,5-6,1,1-2,Rare,Few,Yeast cells,13.5,4.6,60.8,94.7,29,22,12.3,44.7,12111,53,52,5,3,0.7,2.87,1.79,0.68,0.63,0.03,450,9.3,10,0.37,17.3,2.7,0.21,0.1,6.1,192,57,75.8,33.4,167,125,3.4,1.33,0.75,0.7,0.1,0.6,83,47,32,79,7.8,4.6,3.2,1.44,1.2,17.9,8.3593,6.97,136,3.6,101,3.1,94.47,47,290,337,13.95,5.8,119.76,30.3,17.1,132.3,12.93,7.5,5.5,151,7.6,2.96,121,272,85,95
343204,PBCHD05PBM,381091,22/10/2018,10:47,11:48,Pale Yellow,Hazy,1.028,4.9,Trace,Negative,Negative,Negative,Negative,Normal,Negative,8-9,2,2-2,Nil,Rare,NIL,10,5.3,26.8,73.3,18,37,11.6,40.5,19959,41,33,16,4,1.5,7.72,5.98,0.28,0.27,0.04,318,7.5,15,0.53,15,5.7,4.75,0.33,4.39,166,63,71.6,32.7,163.5,104,2.6,1.14,0.88,1,0.3,0.7,68,53,16,27,6.9,3.9,3,1.3,0.4,14.2,6.6314,16.58,125,2.9,95,4.1,117.42,151,136,287,52.61,6.2,131.24,2.5,27,70.3,38.41,10.6,4.2,163,9.5,5.97,88,114,91,114
136872,PBCHD11HPP,885679,25/10/2018,10:36,11:14,Light Yellow,Slightly cloudy,1.01,4.6,Negative,Negative,Negative,Negative,Trace,Normal,Negative,2-4,0,1-4,Nil,Nil,NIL,9.1,8.1,31.8,83.9,11,28,12,44.7,7358,41,37,15,2,0,3.21,4,0.75,0.39,0.08,1124,9.1,14,0.08,24.5,3.9,0.39,0.39,0.91,178,34,121.4,11.9,59.5,116,5.2,3.57,0.28,0.5,0,0.5,92,5,64,35,7.2,4,3.2,1.25,0.9,12.2,5.6974,6.33,141,3.1,99,10.7,100.19,148,272,420,35.24,5.3,105.41,0.4,13.4,138.3,9.69,8,2.8,203,11.4,2.49,84,75,103,153
753540,GYAHD15KAU,151184,22/10/2018,10:25,11:29,Yellow,Clear,1.015,6.7,Trace,Negative,Negative,Negative,Negative,Normal,Negative,7-8,0,3-2,Nil,Rare,NIL,13.1,5.7,20.7,87.8,22,63,15.4,42.1,10843,69,36,5,17,0,9.06,4.55,0.55,0.47,0.03,150,10.8,11,0.23,48.9,1.2,0.29,2,0.01,229,66,70.2,28.7,143.5,160,3.5,1.06,0.94,0.5,0.1,0.4,40,37,10,22,6,4.4,1.6,2.75,1.2,15.8,7.3786,6.15,135,4.1,96,4.4,101.57,118,130,248,47.58,6.2,131.24,0.3,18.1,20.6,87.86,12.7,3.4,118,5,2.27,84,67,105,146
844692,PBCHD08PBP,210657,24/10/2018,08:35,09:36,Light Yellow,Clear,1.026,6.3,Negative,Trace,Negative,Negative,Negative,Normal,Negative,2-3,2,2-3,Nil,Rare,Parasites,9.1,5.6,41.4,99.4,16,21,12.6,25.7,7384,43,28,6,2,0,1.42,1.44,0.41,0.36,0.04,162,8.8,11,0.33,19.3,0.1,0.66,0.4,0.13,191,50,110.8,38.1,190.5,177,3.8,2.22,0.45,0.5,0.2,0.3,52,26,15,40,7.8,3.7,4.1,0.9,0.6,14,6.538,10.9,138,4.4,96,4,94.96,66,266,332,19.88,5.8,119.76,0.8,15.5,143.8,10.78,8.5,3.3,136,23,1.06,121,83,80,116
416632,KLTRS14NLZ,436984,23/10/2018,06:24,07:07,Light Yellow,Hazy,1.018,6.7,Trace,Negative,Negative,Negative,Negative,Normal,Negative,9-10,2,8-8,Few,Nil,NIL,10.7,5.7,39.3,53.3,18,27,10,26.6,6687,40,24,6,4,0,5.33,0.72,0.84,0.31,0.06,50,9.1,22,0.39,42.2,4,0.03,0.54,0.11,130,45,119.3,41.5,207.5,84,2.9,2.65,0.38,0.2,0,0.2,52,4,15,13,7.5,4,3.5,1.14,0.7,10.9,5.0903,7.27,145,5,97,6.2,110.84,78,192,270,28.89,8.2,188.64,0.6,17,380.5,4.47,7.7,5.7,122,18.8,1.82,173,96,96,402
897248,MZLGI06GJS,480965,24/10/2018,09:05,09:53,Light Yellow,Slightly cloudy,1.022,4.9,Negative,1+,Negative,Negative,Negative,Normal,Negative,4-5,0,1-3,Nil,Nil,NIL,10.5,5.1,59.2,94.7,20,17,12.7,42.7,6107,57,15,1,21,0,2.08,0.41,0.63,0.42,0.09,122,9,18,0.38,16.3,2.5,3.12,0.07,0.78,193,41,75.8,36.5,182.5,149,4.7,1.85,0.54,0.7,0.3,0.4,106,54,14,30,7.8,4.1,3.7,1.11,0.6,10.1,4.7167,7.86,142,4.9,108,3.6,90.81,130,229,359,36.21,6.9,151.33,0.3,24.6,148.3,16.59,10.1,3.9,131,3.6,2.07,114,76,94,185
971143,MZLGI11BRC,770013,26/10/2018,10:41,11:30,Light Yellow,Clear,1.013,5.9,Trace,4+,Negative,Negative,Negative,Normal,Negative,2-4,1,2-3,Nil,Nil,NIL,10.6,5.7,53.1,97.6,18,19,12.8,43.7,6042,60,32,4,8,0,5.28,1.1,0.27,0.57,0.06,720,11.8,14,0.26,15.3,2.8,0.24,0.04,0.13,235,55,88.7,35.1,175.5,114,4.3,1.61,0.62,2.4,0.1,2.3,49,19,12,17,7.6,5,2.6,1.92,0.8,15.1,7.0517,8.81,140,3.7,87,4.1,104.72,80,357,437,18.31,6.1,128.37,1,15.8,127.9,12.35,11.8,3.7,110,8.9,1.29,207,63,70,179
977157,GYAHD06ODK,891164,25/10/2018,10:18,10:58,Straw,Hazy,1.014,5.8,Trace,Negative,Negative,Negative,Negative,1+,Negative,TNTC,1,>20,Rare,Nil,Fungal elements,14.7,4.6,34.3,44.4,31,42,13.9,39.4,10415,41,46,3,8,0,1.19,1.85,0.59,0.38,0.04,51,11.6,15,0.13,24.1,1.5,0.1,0.42,0.38,222,34,160.5,17.4,87,126,6.5,4.72,0.21,0.6,0.2,0.4,70,36,25,21,6.2,4.7,1.5,3.13,0.7,9.8,4.5766,6.54,131,4.9,95,4.4,118.08,116,245,361,32.13,7.6,171.42,0.8,16.3,205.6,7.93,9,2.2,63,2.3,6.19,87,77,73,269
828292,KLTRS15NLZ,710095,24/10/2018,08:44,09:35,Orange,Clear,1.022,4.7,Negative,Negative,Negative,Negative,Negative,Normal,Positive,11-13,2,2-4,Nil,Nil,Fat droplets or lipiduria,16.9,4.1,51.7,72.9,41,32,13.9,35.4,6351,54,36,3,4,0,0.74,2.76,0.4,0.06,0.02,251,8.3,11,0.31,33.7,1.2,0.19,0.01,0.17,159,37,101.2,20.2,101,78,4.3,2.74,0.37,0.3,0.1,0.2,65,8,13,25,6.2,4.3,1.9,2.26,1.1,9.8,4.5766,4.16,120,4.4,106,4.9,97.74,24,267,291,8.25,6,125.5,0.9,14.4,139.2,10.34,13.4,4,140,16.8,5.57,149,193,73,174
642916,PBCHD02CGD,176237,22/10/2018,11:32,12:59,Straw,Clear,1.022,5.6,Negative,Trace,Negative,Negative,Trace,Normal,Negative,14-15,0,2-3,Nil,Rare,Fat droplets or lipiduria,10.1,4.1,51.3,68.6,24,19,13.5,42,4724,52,30,5,3,0,6.15,1.08,0.23,0.12,0.05,202,7.6,6,0.08,44.5,3.6,0.19,0.27,0.59,223,44,91.6,32.2,161,213,5.1,2.08,0.48,0.5,0.1,0.4,89,12,26,47,7.1,4.2,2.9,1.45,0.7,17.3,8.0791,11.54,138,3.7,107,3.2,65.5,152,166,318,47.8,7.9,180.03,0.3,17.7,269.7,6.56,7.6,3.1,87,9.2,4.47,81,93,91,87
524545,KLTRS11NLZ,161140,26/10/2018,07:33,08:55,Pale Yellow,Clear,1.011,4.9,Negative,2+,Negative,Negative,Negative,1+,Negative,10-12,0,2-3,Few,Nil,NIL,17.1,5.6,36.3,96.3,30,47,11.7,44,41348,40,36,4,8,0,5.18,6.18,0.15,0.26,0.07,341,14.4,10,0.4,18.8,0.9,0.21,0.91,0.13,202,56,72.1,7.4,37,139,3.6,1.29,0.78,0.5,0,0.5,59,35,31,27,6.2,3.5,2.7,1.3,1.2,22,10.274,8.56,136,3.3,91,2.8,109.08,82,167,249,32.93,5.7,116.89,0.6,22.8,126.1,18.08,11.3,6.5,155,2.1,1.45,122,86,92,275
343689,GYAHD14ODK,334147,24/10/2018,08:49,10:14,Pale Yellow,Clear,1.025,5,Negative,Trace,Negative,Negative,Negative,Normal,Negative,13-15,1,3-2,Nil,Moderate,NIL,9.9,5.7,43.1,82.1,17,22,13.6,35.2,7077,12,36,2,8,0,0.14,2.04,0.32,0.61,0.08,352,8.8,30,0.33,49.3,6.9,0.06,0.02,0.18,240,78,90.9,67.9,339.5,159,3.1,1.17,0.86,9.7,5.2,4.5,82,44,17,45,7.8,3.8,4,0.95,0.6,18,8.406,14.01,122,4.5,110,2.6,87.38,181,256,437,41.42,6,125.5,0.5,207.6,286.4,72.49,11.5,2.4,126,3.4,0.81,87,91,214,255
367114,MZLGI15RJK,704154,24/10/2018,09:26,10:05,Straw,Clear,1.019,6.9,Negative,Trace,2+,Negative,Negative,Normal,Negative,8-9,0,1-3,Nil,Rare,NIL,17.2,5.8,30.5,89.5,29,56,14.4,35,14483,43,13,1,4,0.3,9.13,2.69,0.77,0.41,0.03,388,11.9,15,0.27,15,5,0.09,0.08,0.28,240,42,64.9,100.4,502,180,5.7,1.55,0.65,1,0.3,0.7,129,19,34,46,6.1,4.6,1.5,3.07,0.6,44.8,20.9216,34.87,124,2,97,2.9,94.97,96,306,402,23.88,6.1,128.37,0.6,27.6,86.4,31.94,8.9,2.6,140,13.3,1.75,99,83,120,63
417137,KLTRS08WBD,747768,26/10/2018,06:57,07:38,Yellow,Slightly cloudy,1.016,6.3,Negative,Negative,Negative,Negative,Negative,Normal,Negative,2-4,0,1-4,Rare,Nil,NIL,16.6,5.5,53.7,71.3,30,30,11.7,42.1,7938,72,24,1,3,0,6.88,0.13,0.44,0.29,0,399,8,11,0.08,24.2,4.2,0.92,0.24,0.03,205,78,85.9,38.8,194,160,2.6,1.1,0.91,0.7,0,0.7,68,11,40,30,6.5,4.5,2,2.25,0.8,14.7,6.8649,8.58,120,4.7,101,2.1,113.61,72,90,162,44.44,5.8,119.76,0.9,16.4,144.5,11.35,10.3,2.7,168,12.3,12.78,143,85,96,102
912542,GYAHD09JHJ,745156,24/10/2018,10:14,11:30,Straw,Hazy,1.017,4.7,Trace,Trace,Negative,Negative,Negative,Normal,Negative,11-12,64,2-3,Nil,Nil,Amorphous debris,12.3,4.8,17.1,50.6,25,71,9.1,45.7,8177,59,16,1,7,0,1.41,1.56,0.51,0.23,0.15,280,11.7,16,0.21,27.3,4.2,0.38,0.06,0.09,196,65,111.7,17.3,86.5,192,3,1.72,0.58,0.9,0.2,0.7,41,11,40,43,6,4.2,1.8,2.33,1,15.1,7.0517,7.05,132,3.4,100,4.2,110.3,128,309,437,29.29,5.9,122.63,0.5,15.1,198,7.63,10.3,4.2,142,8.8,3.09,77,76,86,74
329360,MZLGI05RJK,754112,25/10/2018,10:19,11:33,Light Yellow,Clear,1.016,6.8,Trace,Negative,Negative,Negative,1+,Normal,Negative,6-7,0,2-3,Nil,Nil,Amorphous debris,11.9,5.2,20.6,93.5,22,57,14.5,44.7,9420,52,33,6,8,0,7.97,2.97,0.61,0.65,0.01,63,8.6,10,0.23,25.5,3.4,0.87,0.13,0.05,165,33,74.8,28.9,144.5,153,5,2.27,0.44,0.7,0,0.7,48,27,24,38,7.1,4.9,2.2,2.23,1,13.8,6.4446,6.44,136,4.4,101,3.2,99.52,118,149,267,44.19,5.9,122.63,0,12,79.1,15.17,10.1,5,176,21,2.39,71,68,106,159
176883,MZLGI03MHP,643801,24/10/2018,06:16,07:38,Pale Yellow,Clear,1.013,6.5,Negative,Negative,Negative,Negative,Negative,Normal,Negative,4-5,0,1-4,Nil,Few,NIL,1.1,5.1,33,73.8,2,3,9.9,43.1,7295,44,28,4,3,0,1.37,2.73,0.43,0.11,0.02,354,8.5,14,0.27,19,4.8,6.98,0.02,0.19,189,61,86.5,36.7,183.5,106,3.1,1.42,0.71,0.8,0.3,0.5,78,17,69,39,8,3.4,4.6,0.74,0.6,26.6,12.4222,20.7,124,4.9,105,5.4,109.78,148,346,494,29.96,11.4,280.48,0.9,10.8,147.7,7.31,9.8,4.4,168,11.6,9.16,102,125,90,299
628761,GYAHD14JHJ,279438,23/10/2018,11:07,12:21,Light Yellow,Clear,1.02,6.4,1+,Trace,Negative,Negative,Negative,Normal,Negative,7-8,1,1-2,Nil,Nil,Fat droplets or lipiduria,10.1,5.5,33.9,93,18,29,13,43,3738,69,30,5,25,0,4.73,1.41,0.3,0.5,0.1,212,10.1,15,0.28,14.3,2,0.3,0.32,0.28,126,50,73.6,#VALUE!,#VALUE!,80,2.5,1.47,0.68,0.7,0.3,0.4,116,32,37,29,7,4.5,2.5,1.8,0.9,59.9,27.9733,31.08,139,3,99,5.1,21.07,195,268,463,42.12,5.9,122.63,0.8,373.4,248.9,150.02,10.7,5.9,88,19.6,1.09,97,60,73,113
520608,PBCHD14CGD,235489,26/10/2018,06:00,06:50,Dark Yellow,Slightly cloudy,1.029,6.3,Negative,Trace,Negative,Negative,Negative,Normal,Negative,6-8,2,1-4,Nil,Nil,NIL,11.3,5,24.3,93.2,22,46,13.1,44.9,9486,48,26,6,18,0,21.43,2.13,0.06,0.07,0.2,441,7.2,17,0.2,30.9,1.7,0.25,0.59,0.06,198,58,32.1,22.8,114,65,3.4,0.55,1.81,0.8,0.3,0.5,74,23,10,13,6,3.9,2.1,1.86,1,9.8,4.5766,4.58,129,4.8,88,3.6,119.85,151,349,500,30.2,6.7,145.59,0.2,17.8,578,3.08,10.4,2.7,207,16.9,3.95,104,144,93,81
769520,GYAHD05ODK,305939,22/10/2018,06:43,07:59,Orange,Hazy,1.013,4.7,Negative,Trace,Negative,Negative,1+,Normal,Negative,9-11,0,3-4,Rare,Nil,NIL,16.5,4.7,44.7,91.5,35,36,11.5,43,9032,56,42,5,6,1.4,9.45,2.05,0.3,0.43,0.05,231,9,18,0.1,27.4,3.7,0.06,0.17,0.18,229,60,101.3,18.1,90.5,172,3.8,1.69,0.59,0.4,0.1,0.3,56,13,25,11,7.4,5,2.4,2.08,2,9.9,4.6233,2.31,137,3.3,109,3.2,100.44,158,231,389,40.62,6.2,131.24,0.3,27.6,138.1,19.99,8.4,3.9,167,13.2,0.33,139,162,190,209
485351,KLTRS06ODB,557879,25/10/2018,06:00,07:14,Pale Yellow,Cloudy,1.025,6.6,Trace,Negative,Negative,Negative,Negative,Normal,Negative,4-5,2,16-8,Few,Nil,Fungal elements,12,4.9,40.3,88.9,24,29,11.8,40.8,10925,52,45,8,3,0,3.71,2.36,0.63,0.01,0.06,333,7.5,24,0.34,13.4,2.1,0.12,0.44,0.02,222,51,128.4,44.8,224,78,4.4,2.52,0.4,0.9,0.3,0.6,50,11,40,46,8,5,3,1.67,1,17.8,8.3126,8.31,133,3.1,104,6.2,93.79,132,231,363,36.36,6,125.5,0.5,14,140,10,10,2.8,144,12.3,5.76,91,97,80,229
256210,MZLGI10RJK,328928,22/10/2018,11:04,11:48,Yellow,Clear,1.015,5.7,3+,Negative,1+,Negative,Trace,Normal,Negative,TNTC,0,1-2,Nil,Nil,Fat droplets or lipiduria,18.5,4.7,33.9,71.2,39,54,12.2,45.1,9061,54,30,8,8,0,0.53,2.25,0.76,0.04,0.01,216,8.9,14,0.31,26.5,5.8,0.36,0.64,0.38,603,20,90.2,11.4,57,152,30.2,4.51,0.22,0.8,0.2,0.6,65,49,40,48,7.5,4.4,3.1,1.42,1.1,11,5.137,4.67,130,4.4,103,4.1,16.12,155,143,298,52.01,7.2,159.94,0.9,544.5,147.6,368.9,10.3,2.9,145,8.4,3.6,118,104,71,440
541797,MZLGI13GJS,402119,25/10/2018,07:42,08:19,Yellow,Hazy,1.029,5.8,Trace,Trace,Negative,Negative,Negative,Normal,Negative,2-3,1,>20,Few,Nil,Yeast cells,19,7.3,39.9,96.5,26,47,14,43.5,7511,40,26,8,6,0,8.27,0.52,0.71,0.58,0.14,18,9.9,8,0.38,26.2,3.1,0.31,0.16,0.27,214,68,76.5,58.5,292.5,158,3.1,1.13,0.89,0.8,0.3,0.5,101,56,29,60,5.9,4.9,1,4.9,0.9,18.8,8.7796,9.76,149,3.8,107,3.9,109.6,132,230,362,36.46,6.3,134.11,0.6,15.4,79.9,19.27,10.7,4.7,133,6.9,2.28,121,183,116,119
352676,PBCHD11KLC,535616,25/10/2018,07:50,09:16,Straw,Hazy,1.012,6.9,Trace,Negative,Negative,Negative,Negative,Normal,Negative,40-43,4,3-3,Moderate,Rare,NIL,18.5,4.5,50.5,99.7,41,36,12.2,39.7,6871,24,35,4,2,0,0.19,2.35,0.26,0.29,0.09,291,8.2,10,0.34,20.8,4.3,0.05,2.45,0.19,178,55,44.4,13.7,68.5,99,3.2,0.81,1.24,0.6,0.2,0.4,89,39,29,24,7.1,4.1,3,1.37,1.4,6.7,3.1289,2.23,145,4.8,106,2.9,107.24,134,279,413,32.45,5.7,116.89,1,12.9,107.2,12.03,10,5.4,121,18.2,1.29,74,93,96,182
153031,PBCHD07RJU,508618,24/10/2018,10:17,11:36,Dark Yellow,Clear,1.012,5.5,Trace,1+,Negative,Negative,1+,Normal,Negative,9-11,2,17-18,Nil,Nil,NIL,10.2,5.1,40.6,90.6,20,25,11.8,43,6989,40,14,9,24,0,1.36,1.01,1,0.13,0.01,182,16.1,11,0.38,26.3,2.5,0.13,1.71,0.02,152,22,92,25.5,127.5,70,6.9,4.18,0.24,0.5,0.2,0.3,128,49,86,42,7,4.5,2.5,1.8,1.1,12.5,5.8375,5.31,128,3.8,94,4.9,115.93,101,344,445,22.7,8.4,194.38,0,10.5,119.5,8.79,12.3,2.1,141,9.9,0.29,78,106,109,125
143032,PBCHD10SKM,481714,24/10/2018,09:33,10:44,Light Yellow,Slightly cloudy,1.018,4.9,Negative,Negative,Negative,Negative,3+,Normal,Negative,TNTC,0,3-3,Rare,Rare,Fungal elements,12.5,6.5,44.9,98,19,27,11.9,42.7,8369,56,30,3,6,0,4.2,7.66,0.31,0.73,0.07,260,8.3,13,0.13,12.1,0.4,0.56,0.03,0.23,237,66,51.4,36.7,183.5,144,3.6,0.78,1.28,0.4,0.1,0.3,59,49,22,24,6.3,4,2.3,1.74,0.7,11.4,5.3238,7.61,135,4.8,95,6.7,115.39,117,359,476,24.58,7.2,159.94,0.8,17.1,78.7,21.73,10.2,3.3,70,7.6,3.93,85,112,79,223
469453,MZLGI15GJS,167557,23/10/2018,09:22,10:04,Pale Yellow,Hazy,1.018,5.8,1+,Negative,Negative,Trace,Negative,Normal,Negative,4-6,3,1-3,Nil,Nil,NIL,15,4.2,61.5,84.1,35,24,12.2,42.7,5631,58,16,5,3,0,13.59,2.09,1,0.13,0.09,209,9.6,16,0.29,24.3,4.1,0.13,0.26,0.2,197,62,160.2,93.8,469,188,3.2,2.58,0.39,0.8,0.3,0.5,101,44,39,29,5.6,4.2,1.4,3,2,58.1,27.1327,13.57,123,6,99,6.1,92.36,120,144,264,45.45,11.6,286.22,0.2,13.5,131,10.31,10.3,5.9,152,11.1,3.23,113,191,88,173
146315,GYAHD09KAU,635874,26/10/2018,10:51,11:34,Pale Yellow,Clear,1.023,6.8,Trace,Negative,Negative,Negative,Negative,Normal,Negative,12-14,1,3-2,Nil,Nil,NIL,11.9,5.5,57.6,72.7,21,20,12.4,41.9,10465,45,26,6,8,0,1.39,2.93,0.63,0.11,0.04,401,13.6,14,0.11,13,7.4,0.08,0.23,0.37,171,61,79.2,28.4,142,202,2.8,1.3,0.77,0.8,0.2,0.6,100,5,33,42,7.1,3.7,3.4,1.09,1,7.8,3.6426,3.64,145,4,105,4,100.77,134,321,455,29.45,8.5,197.25,0.3,22.3,391.7,5.69,8.6,5.4,183,4.4,3.64,70,113,78,207
798971,GYAHD05JHJ,358348,24/10/2018,06:40,07:22,Dark Yellow,Clear,1.015,5.3,Trace,Trace,Negative,Negative,Negative,Normal,Negative,1-3,1,1-3,Nil,Nil,Artifacts,16.9,5.1,24.1,99.8,33,70,11.6,44.4,5888,56,49,6,2,0,7.83,1.36,0.43,0.09,0.24,298,7.2,17,0.14,12.6,0.1,0.29,0.06,0.94,190,46,68.9,12.1,60.5,121,4.1,1.5,0.67,1,0.3,0.7,59,7,19,28,7.1,4.1,3,1.37,1.2,7.1,3.3157,2.76,137,3.6,97,5,108.1,24,348,372,6.45,5.2,102.54,0.3,245.2,138.2,177.42,9.3,3.9,191,3.4,6.37,296,157,171,165
866879,MZLGI07GJS,962850,22/10/2018,08:14,09:22,Pale Yellow,Clear,1.02,6.6,Negative,Trace,Negative,Negative,Negative,Normal,Negative,12-13,1,3-4,Rare,Nil,NIL,3.3,5.8,41.4,41.3,5,7,13.6,45.6,6244,47,21,2,6,2.5,6.8,2.59,0.74,0.1,0.04,296,7.7,18,0.25,34.5,0.1,0.36,0.32,0.08,236,46,49.5,7.2,36,178,5.1,1.08,0.93,0.6,0,0.6,51,39,29,20,7.6,3.6,4,0.9,0.9,15.8,7.3786,8.2,145,4.8,96,5,94.08,65,332,397,16.37,6,125.5,0.3,20.2,263.8,7.66,8.7,3.3,74,7.7,8.47,112,75,81,166
523503,KLTRS08WBD,164959,26/10/2018,11:33,12:30,Light Yellow,Hazy,1.019,4.7,2+,1+,Negative,Negative,Trace,Normal,Negative,13-15,1,3-4,Nil,Nil,Amorphous debris,11.4,4.1,40.5,97.5,27,28,13.6,45.2,5519,65,46,2,3,0,5.95,2.87,0.71,0.47,0.2,28,13,16,0.28,26.5,7.2,2.88,0.18,0.19,191,40,81.1,38.4,192,83,4.8,2.03,0.49,0.3,0,0.3,103,33,17,37,6.9,4.3,2.6,1.65,0.7,12.2,5.6974,8.14,138,4.4,107,5.5,93.05,104,160,264,39.39,6.3,134.11,0.5,115,82.5,139.39,8.5,4.2,115,10.1,2.72,87,99,93,189
859019,GYAHD07JHJ,837830,23/10/2018,08:46,09:40,Light Yellow,Clear,1.014,6.8,Trace,1+,Trace,Negative,Negative,Normal,Negative,3-5,0,1-2,Nil,Nil,Fat droplets or lipiduria,8.9,4.5,32.5,89.4,19,27,11.3,43,8755,52,38,5,2,0,1.1,1.18,0.7,0.15,0.04,201,9.5,12,0.36,17,3.5,0.18,0.34,0.09,213,40,74.1,45.4,227,90,5.3,1.85,0.54,0.8,0.1,0.7,124,17,21,81,6.9,4.5,2.4,1.88,1.2,9,4.203,3.5,123,4.4,70,2.4,102.45,68,144,212,32.08,8,182.9,0.2,13.4,279,4.8,9.7,3.8,90,6.8,2.2,104,85,82,155
143079,MZLGI04RJK,369538,26/10/2018,08:17,08:55,Straw,Clear,1.015,5.6,Trace,Negative,Trace,Negative,Negative,Normal,Negative,13-14,1,5-11,Nil,Nil,NIL,5.2,5.8,64.4,90,8,8,12.6,40.3,6767,52,33,6,3,0,4.16,4.03,0.38,0.37,0.08,389,13.9,12,0.08,33,3,0.23,0.39,0.08,179,43,109.4,38,190,88,4.2,2.54,0.39,0.5,0,0.5,61,18,19,39,6.5,4.6,1.9,2.42,0.6,12.1,5.6507,9.42,101,4.4,96,5.6,95.59,125,243,368,33.97,6,125.5,0.2,18.7,114.3,16.36,7.7,3.5,275,6.5,2.09,99,64,82,77
281427,MZLGI03MHP,205571,22/10/2018,07:31,08:35,Yellow,Hazy,1.03,4.7,Negative,Trace,Negative,Negative,Negative,Normal,Negative,11-12,1,3-3,Nil,Nil,Artifacts,12.9,5.1,46.1,60.7,25,27,12.8,41.2,4003,56,39,23,2,0,1.48,3.11,0.63,0.39,0.1,195,11,17,0.23,25.6,5.6,0.84,0.3,5.39,206,50,141.5,100.8,504,185,4.1,2.83,0.35,0.3,0.1,0.2,88,42,14,20,7.2,4.9,2.3,2.13,1.1,11.5,5.3705,4.88,142,4.9,98,4.8,100.14,196,136,332,59.04,7,154.2,0.4,210.5,144.5,145.67,12.1,3.3,105,8.1,7.63,107,68,117,159
583786,KLTRS01KLP,407990,22/10/2018,06:26,07:47,Straw,Hazy,1.012,6.2,1+,Negative,Negative,Negative,Negative,Normal,Negative,5-7,2,3-4,Nil,Few,Yeast cells,6.8,4.2,54.3,45.4,16,12,14.1,40.1,4224,35,30,6,3,0,1.31,2.2,0.77,0.16,0.1,76,7.7,13,0.19,34.3,3,0.89,0.05,0.37,105,48,80,16.6,83,70,2.2,1.67,0.6,0.6,0,0.6,59,49,28,13,6.9,4.2,2.7,1.56,0.8,12.5,5.8375,7.3,141,3.9,104,6.7,103,193,197,390,49.49,7.4,165.68,0.5,20.6,125.9,16.36,10.4,5.7,132,15.6,11.92,100,98,83,71
581526,PBCHD15SKM,724135,24/10/2018,08:48,09:29,Pale Yellow,Slightly cloudy,1.012,5,Negative,Trace,Negative,Negative,Negative,Normal,Negative,12-13,2,2-4,Nil,Moderate,NIL,15.5,4.2,47.8,114.6,36,32,11.9,43.2,7064,79,55,7,15,4.7,2.2,1.37,0.97,0.23,0.1,178,15.9,10,0.27,13.2,3.2,0.05,0.31,1,211,50,161.7,33,165,181,4.2,3.23,0.31,0.9,0.2,0.7,78,35,38,45,8.1,4.4,3.7,1.19,1.1,6.2,2.8954,2.63,131,5.5,103,3,102.78,140,359,499,28.06,5.8,119.76,3.6,16.5,65.6,25.15,11.5,4.4,88,10.1,12.19,85,68,84,103
782988,KLTRS12KLP,659646,22/10/2018,11:41,12:21,Orange,Milky,1.028,4.7,1+,Trace,Negative,Negative,Negative,Normal,Negative,2-3,1,1-3,Nil,Nil,NIL,10.1,5.2,38.8,63.2,19,26,9.3,41,4914,41,25,2,6,0,9.09,1.94,0.35,0.41,0.08,99,8.7,11,0.46,22.8,0.1,0.28,2.87,0.72,161,20,55.3,22.7,113.5,81,8.1,2.77,0.36,0.6,0,0.6,43,45,12,39,6,3.5,2.5,1.4,0.7,10,4.67,6.67,145,4.2,98,2.4,114.18,153,181,334,45.81,8.2,188.64,28.9,13.8,52.6,26.24,10.6,5.6,140,10.6,0.92,149,93,99,198
619256,PBCHD03HPP,709358,22/10/2018,06:15,07:25,Straw,Clear,1.012,5.4,Trace,Negative,Negative,Negative,Negative,Normal,Negative,1-2,1,1-3,Nil,Nil,Amorphous debris,12.1,6.9,36,88.5,17,33,12.6,44.2,5242,40,29,9,6,0,4.96,7.98,0.3,0.59,0.06,90,9.9,15,0.27,17.2,4.5,0.28,0.06,1.54,133,44,74,32.9,164.5,163,3,1.68,0.59,0.7,0.3,0.4,45,25,22,7,7.8,5,2.8,1.79,1.2,7.9,3.6893,3.07,135,3.8,104,6.1,110.77,70,349,419,16.71,12.8,320.66,0.1,17.3,67.8,25.52,11.5,2.3,130,8.5,1.75,116,114,88,164
516473,KLTRS02NLZ,996486,24/10/2018,06:42,07:56,Pale Yellow,Clear,1.013,5,3+,Trace,Negative,Negative,Negative,Normal,Negative,9-11,2,1-4,Nil,Nil,NIL,16.3,4.9,25.9,70.8,33,62,14.1,45.8,7687,40,47,6,6,0,3.65,1.46,0.56,0.06,0.04,296,7.3,14,0.52,21.4,3.6,0.03,5.94,0.32,195,42,45.5,12.2,61,99,4.6,1.08,0.92,0.4,0.1,0.3,61,37,37,31,7.3,3.7,3.6,1.03,0.9,11.9,5.5573,6.17,135,2.9,102,2.2,99.97,64,127,191,33.51,6,125.5,0.9,16.8,427.3,3.93,9.4,2.3,91,4.5,1.06,78,86,74,120
399527,GYAHD12ODK,699301,25/10/2018,06:10,07:08,Straw,Clear,1.025,5.4,Negative,1+,1+,Negative,1+,Normal,Negative,7-9,4,3-3,Few,Nil,NIL,14.1,4.6,43.1,76.9,30,32,12.6,39.1,6984,42,44,2,2,0,5.23,1.28,0.67,0.44,0,301,7.2,9,0.22,12.7,2.5,0.4,0.51,0.21,201,40,72,15.8,79,142,5,1.8,0.56,0.9,0.2,0.7,77,8,33,19,7.8,4.7,3.1,1.52,0.7,14.3,6.6781,9.54,138,4.3,108,4.5,117.51,192,108,300,64,5.8,119.76,0.7,477.9,27.3,1750.55,10.2,3.3,254,7.8,2.14,132,72,76,84
700258,MZLGI12RJK,899387,25/10/2018,10:33,11:50,Light Yellow,Clear,1.01,4.9,Trace,1+,Negative,Negative,Negative,1+,Negative,TNTC,0,1-4,Nil,Rare,Fat droplets or lipiduria,14.3,4.2,40.5,86.4,34,35,10.8,43.6,10762,58,36,1,2,0.9,2.4,2.24,0.61,0,0.04,308,13,11,0.2,19.2,0.1,0.05,0.26,0.82,176,29,111,87.2,436,66,6.1,3.83,0.26,0.8,0,0.8,87,22,35,22,8.3,4.6,3.7,1.24,1.1,15.8,7.3786,6.71,121,5.3,103,6,58.37,150,289,439,34.17,5.8,119.76,0.6,284.4,72.3,393.36,12.2,3.3,134,7.2,1.44,185,81,110,74
498559,KLTRS06MLT,854148,24/10/2018,11:16,12:40,Yellow,Slightly cloudy,1.01,6.9,Negative,Trace,Negative,Negative,Negative,Normal,Negative,1-2,0,2-4,Nil,Rare,NIL,14.1,5,31.6,70.8,28,44,14.4,29.2,8792,62,30,11,6,0,0.1,1.03,0.31,0.32,0,306,9.8,13,0.59,24.3,0.1,0.05,0.42,0.06,154,42,60.4,12.5,62.5,183,3.7,1.44,0.7,0.7,0.3,0.4,56,7,20,40,7.4,4.3,3.1,1.39,1,5.2,2.4284,2.43,145,2.6,105,6.6,85.44,27,327,354,7.63,7.4,165.68,0.4,12.7,143.1,8.87,10.4,3.3,163,7.2,2.54,87,95,124,135
529529,PBCHD10SKM,432981,23/10/2018,06:03,06:57,Orange,Hazy,1.013,5.8,Trace,Trace,Negative,Negative,Negative,Normal,Negative,12-13,0,1-4,Nil,Nil,NIL,11.7,6.6,43.5,97.4,17,26,13.6,42.5,23416,43,39,6,13,10.5,4.4,0.26,0.65,0.18,0.05,312,10.8,17,0.46,37.8,3.4,1.34,0.08,1.09,171,51,43.1,36.1,180.5,115,3.4,0.85,1.18,0.5,0.1,0.4,107,51,10,14,7.8,4.1,3.7,1.11,0.9,187.2,87.4224,97.14,137,2.8,107,4.9,96.84,127,256,383,33.16,7.1,157.07,5,18.2,126,14.44,8.8,3.5,119,12.8,1.29,99,92,105,95
382724,PBCHD12SKM,199773,26/10/2018,06:45,07:21,Light Yellow,Clear,1.016,4.9,1+,Trace,Negative,Negative,Negative,Normal,Negative,3-5,1,1-4,Rare,Nil,Amorphous debris,8.1,3.9,36.3,79.9,20,22,12.5,39.7,5683,35,34,1,7,0,18.2,2.42,0.74,0.21,0.03,422,6.9,11,0.31,19,1.1,0.93,0.34,0,198,59,91,26.4,132,189,3.4,1.54,0.65,0.3,0.1,0.2,117,37,34,37,5.2,3.7,1.5,2.47,0.9,12,5.604,6.23,142,3.5,108,2.2,102.51,122,260,382,31.94,5.9,122.63,1,28.1,60.7,46.29,9.4,5.8,89,8.1,2.64,85,104,96,127
660271,KLTRS10ODB,869936,24/10/2018,11:26,12:23,Dark Yellow,Slightly cloudy,1.015,6.6,Negative,Trace,Negative,Negative,Negative,Normal,Negative,3-4,0,3-4,Rare,Nil,Mucus threads,14.4,4.4,31.2,85.9,32,46,12.6,37.5,10584,51,22,1,5,0,1.26,1.67,0.32,0.38,0.42,209,8.3,15,0.17,12.7,3.9,0.6,0.29,0.37,177,25,105.4,7.1,35.5,130,7.1,4.22,0.24,0.3,0.1,0.2,48,26,25,46,6.2,4.7,1.5,3.13,1,16.5,7.7055,7.71,141,4.5,97,4.7,116.97,110,196,306,35.95,8.5,197.25,0.6,28.4,96.4,29.46,10.8,3.2,123,7.6,2.61,76,105,87,74
983430,GYAHD09ODK,520556,24/10/2018,08:14,09:03,Deep Amber,Slightly cloudy,1.027,5.6,Negative,Trace,Negative,Negative,Negative,Normal,Negative,9-10,0,2-4,Nil,Nil,Amorphous debris,21.4,4.4,47,77.1,48,45,11.6,39.8,9862,45,14,1,5,0,3.91,1.4,0.17,0.32,0.32,318,12,12,0.17,14.3,2.7,0.1,0.18,0.84,198,36,74.6,32.3,161.5,103,5.5,2.07,0.48,0.5,0.2,0.3,63,43,17,37,7.4,4.1,3.3,1.24,0.7,6.6,3.0822,4.4,147,4.9,104,6.8,96.84,59,116,175,33.71,8.9,208.73,0.4,21.6,141.4,15.28,9.5,3.8,85,9.7,5.79,125,88,101,259
998413,PBCHD01HPP,920966,25/10/2018,10:02,10:33,Light Yellow,Clear,1.014,6.6,Trace,3+,Negative,Negative,Negative,Normal,Negative,1-2,2,1-3,Nil,Nil,NIL,9.5,4,40.8,91.3,23,23,12.8,42.1,5450,49,35,4,4,2.5,1.46,1.56,0.65,0.03,0.18,150,11.8,14,0.39,27,4.6,0.74,0.07,0.55,205,42,83.2,33.2,166,167,4.9,1.98,0.5,0.5,0.2,0.3,106,55,25,6,6.7,4.4,2.3,1.91,0.8,14.7,6.8649,8.58,140,4.8,106,6.8,118.92,128,210,338,37.87,6.4,136.98,0.4,18.4,48.9,37.63,10.2,2.9,154,9.6,1.08,74,117,70,79
464235,PBCHD06PBP,567493,23/10/2018,09:49,11:16,Straw,Clear,1.013,6.6,Negative,Trace,Negative,Negative,Negative,Normal,Negative,10-11,1,2-4,Nil,Nil,Fat droplets or lipiduria,8.5,6.6,50.3,47.6,12,16,12.2,45.3,9338,55,33,4,3,0,4.32,3.98,0.33,0.07,0.08,10,7.1,13,0.37,17.8,3.5,3.14,0.33,0.25,116,61,98.1,62.6,313,148,1.9,1.61,0.62,0.3,0,0.3,94,18,19,22,7.8,4,3.8,1.05,1.7,19.6,9.1532,5.38,121,3.4,115,4.8,103.93,62,134,196,31.63,5.8,119.76,4.6,27.6,27.1,101.85,9.3,4.4,203,21.8,7.48,94,68,84,134
742055,GYAHD10KAU,235638,25/10/2018,11:39,13:03,Pale Yellow,Clear,1.016,6.6,2+,Trace,Negative,Negative,Negative,Normal,Negative,TNTC,3,3-3,Nil,Nil,NIL,15.8,5.9,54.8,97,26,28,15,42.1,10349,67,53,1,3,0,9.59,1.77,0.28,0.36,0.06,426,7.1,11,0.3,45.4,5.2,0.21,2.91,0.23,165,26,112.7,46.9,234.5,141,6.3,4.33,0.23,0.9,0,0.9,40,10,16,14,8.2,4.1,4.1,1,1,15.3,7.1451,7.15,135,5.3,96,4.3,96.12,59,248,307,19.22,7.8,177.16,11.5,69.4,170,40.82,10,6.2,115,7.7,2.74,145,106,70,234
184088,MZLGI06APK,932713,23/10/2018,10:47,11:58,Pale Yellow,Slightly cloudy,1.02,5.9,Negative,Trace,Negative,Negative,Negative,Normal,Negative,5-7,2,8-10,Nil,Few,Yeast cells,21.7,4,59.5,48.7,54,36,13.5,43.7,5688,53,28,1,3,0,6.3,1.77,0.64,0.98,0.08,237,15.2,12,0.1,40.6,1.1,0.1,0.63,2.17,197,45,100.6,24.4,122,60,4.4,2.24,0.45,0.5,0.1,0.4,41,5,25,33,8.2,4.8,3.4,1.41,0.7,19.7,9.1999,13.14,136,4.6,104,4.3,106.05,136,323,459,29.63,12.1,300.57,0.3,13.2,116.2,11.36,8.5,3.9,135,10.7,5.32,148,112,90,165
547991,GYAHD15KLM,864130,24/10/2018,07:57,08:36,Pale Yellow,Clear,1.011,7,1+,1+,Negative,Negative,1+,Normal,Negative,1-2,2,10-10,Nil,Rare,Amorphous debris,3,4.7,50.2,59.4,6,5,12.6,42,8436,50,26,19,11,0,7.49,2.8,0.38,0.46,0.09,630,10.9,14,0.6,17.9,4.4,0.75,0.24,4.52,213,27,96.3,100.4,502,84,7.9,3.57,0.28,0.9,0.3,0.6,85,50,11,34,8.3,4,4.3,0.93,1.1,10.6,4.9502,4.5,140,4.9,81,5.9,90.72,167,229,396,42.17,6.1,128.37,0.1,24.4,114.7,21.27,9.6,6.1,116,10,3.78,96,117,212,128
338788,KLTRS04KLP,616746,24/10/2018,06:08,06:58,Straw,Clear,1.019,6.2,1+,Trace,Negative,Negative,Negative,Normal,Negative,81-83,0,3-3,Nil,Nil,NIL,6.1,4.3,43.1,89.9,14,14,14.2,44.9,5101,43,20,4,7,0,4.91,2.09,0.56,0.22,0.08,96,7,17,0.26,39.1,2.5,3.39,3.72,1.72,177,37,81.8,21.4,107,178,4.8,2.21,0.45,0.3,0.1,0.2,58,51,39,31,7.9,3.5,4.4,0.8,0.7,10.4,4.8568,6.94,130,5.6,97,4.5,98.26,89,327,416,21.39,6,125.5,0.2,17.7,112.4,15.75,6.9,5.2,115,22.1,3.2,90,96,86,117
874609,MZLGI11MHP,606805,26/10/2018,11:40,12:34,Light Yellow,Slightly cloudy,1.013,6.6,1+,Trace,Negative,Negative,Negative,Normal,Negative,11-12,0,1-4,Nil,Nil,NIL,9.8,4.1,15.9,107,23,61,13.6,39.3,5524,77,38,0,12,0,3.59,2.18,0.57,0.11,0.08,822,7.1,17,0.19,44.6,4.8,0.07,0.17,0.13,109,48,126.4,11.8,59,95,2.3,2.63,0.38,0.9,0.2,0.7,63,39,35,15,6.5,3.6,2.9,1.24,0.8,19.4,9.0598,11.32,139,3.2,103,2.4,53.46,103,240,343,30.03,5.7,116.89,0.4,16.2,149,10.87,11.1,2.1,241,18,3.95,102,81,81,210
791781,KLTRS04TSS,784611,25/10/2018,08:37,09:09,Pale Yellow,Clear,1.015,4.6,Negative,Negative,Negative,Negative,Negative,Normal,Negative,1-2,1,1-2,Nil,Nil,Fungal elements,14,5.5,54.6,93.1,25,25,14.3,42.1,45169,41,32,5,2,0,7.52,1.62,0.59,0.02,0.09,50,11.9,17,0.09,13.3,1.9,0.77,0.39,0.39,215,44,52.4,5.7,28.5,118,4.9,1.19,0.84,0.5,0,0.5,54,30,27,16,6.7,4.1,2.6,1.58,1.1,19.1,8.9197,8.11,144,4.6,103,2.5,91.83,76,103,179,42.46,7.1,157.07,0.9,15.9,271.8,5.85,12.8,4.3,196,10.2,1.92,99,66,73,244
250508,GYAHD13ODK,740648,23/10/2018,06:08,06:48,Dark Yellow,Slightly cloudy,1.016,5.1,Trace,Negative,Negative,Negative,Negative,Normal,Negative,2-4,2,1-4,Rare,Nil,NIL,10.7,5.9,29.7,85.8,18,36,13.9,40.6,7709,67,27,0,4,0,1.43,2.02,0.65,0.76,0.09,1026,8.6,17,0.38,14.3,1.7,0.47,0.4,0.75,216,21,74.3,29.4,147,168,10.3,3.54,0.28,1.3,0.2,1.1,105,16,17,18,6.8,5,1.8,2.78,1.1,7.6,3.5492,3.23,146,4,98,2.1,105.17,55,130,185,29.73,6.3,134.11,0.3,15.6,75.8,20.58,7.7,3.7,336,7.7,1.84,88,99,97,200
227563,MZLGI07RJK,347346,22/10/2018,10:36,11:56,Yellow,Clear,1.018,5.6,Trace,Trace,Negative,Negative,Negative,Normal,Negative,3-5,2,3-4,Nil,Nil,NIL,9,6,49.5,62.5,15,18,14.1,37.6,5283,44,42,4,2,0,4.65,4.6,1,0.55,0.07,412,7.9,10,0.35,16.6,0.3,0.32,1.26,0.04,238,21,92.3,21.2,106,150,11.3,4.4,0.23,0.7,0.3,0.4,73,83,38,39,6.6,4.4,2.2,2,0.9,7.5,3.5025,3.89,120,2.9,114,5.5,107.17,150,305,455,32.97,7.4,165.68,0,18.6,124.8,14.9,10.9,3.8,252,2.8,9.71,75,176,97,103
110418,GYAHD14KAU,285857,24/10/2018,08:18,09:32,Yellow,Clear,1.019,6.6,3+,Negative,Negative,Negative,Negative,Normal,Negative,2-4,0,>20,Nil,Nil,Parasites,18.6,5.3,56.7,74.5,35,32,12.6,43.9,10695,11,21,2,6,0.1,1.54,2.29,0.41,0.47,0.07,142,5.4,10,0.25,20.7,0.1,0.48,0.06,0.25,195,68,57.6,16.5,82.5,111,2.9,0.85,1.18,0.6,0.1,0.5,100,25,22,31,7.7,4.6,3.1,1.48,1,35.4,16.5318,16.53,141,3.8,101,4.2,118.46,128,249,377,33.95,5.9,122.63,0.8,23.6,70.5,33.48,9.5,4,262,9.4,2.42,82,222,82,143
445920,GYAHD05ODK,806280,25/10/2018,08:21,09:13,Light Yellow,Clear,1.02,4.8,Trace,Negative,Negative,Negative,Negative,Normal,Negative,63-67,0,3-3,Rare,Nil,Amorphous debris,9,5.6,59.3,85.6,16,15,13.6,45.3,7223,49,32,3,4,0,8.18,1.11,0.83,0.65,0.08,96,7.7,11,0.35,31,1,2.35,0.35,0.28,192,75,79,46.4,232,189,2.6,1.05,0.95,0.6,0.1,0.5,90,20,30,25,6.8,4.3,2.5,1.72,0.8,17.6,8.2192,10.27,138,5.1,100,3.6,97.53,132,234,366,36.07,5.2,102.54,1,25.4,80.2,31.67,8.8,5.4,92,5.6,11.32,90,80,63,107
911957,PBCHD05PBP,418015,24/10/2018,07:45,08:26,Pale Yellow,Clear,1.013,8.4,Trace,Trace,Negative,Negative,Negative,Normal,Negative,11-13,2,2-4,Nil,Nil,Amorphous debris,14.6,4.9,53.2,96,29,27,12.4,44.2,4279,61,34,2,7,0,16.26,7.6,0.28,0.33,0.08,29,10,7,0.4,25.7,2.3,0.93,6.76,0.28,176,46,68.6,43,215,69,3.8,1.49,0.67,0.7,0.2,0.5,125,30,16,43,7.9,3.5,4.4,0.8,0.7,6.4,2.9888,4.27,135,4.1,106,5.6,110.83,186,102,288,64.58,7.3,162.81,0.4,22.9,139.3,16.44,10.1,3,140,16.5,2.01,125,87,85,110
960166,PBCHD05GAM,722200,24/10/2018,11:46,12:52,Yellow,Slightly cloudy,1.016,6.1,Trace,1+,Negative,Negative,Negative,Normal,Negative,5-7,1,2-4,Moderate,Nil,NIL,12.9,5.2,34.3,76,24,37,12.3,41.8,8687,39,53,2,7,0.6,1.02,2.75,1,0.3,0.05,244,7.1,14,0.35,25.7,3.7,0.15,0.33,0.29,214,58,100,33.6,168,210,3.7,1.72,0.58,0.6,0,0.6,103,30,21,38,5.5,3.6,1.9,1.89,0.8,35.9,16.7653,20.96,144,5.3,100,3.6,97.33,112,338,450,24.89,7,154.2,0.5,18.5,99.7,18.56,10.7,2.5,194,11.7,3.69,95,97,90,136
315609,KLTRS04WBD,338489,23/10/2018,11:10,11:48,Light Yellow,Clear,1.016,5.9,Negative,Trace,Negative,Negative,Negative,Normal,Negative,TNTC,1,3-2,Few,Rare,NIL,10.9,4,52.9,42.2,27,20,13.3,42.3,6493,39,55,8,3,0,16.12,2.17,0.95,0.42,0.05,296,7.9,13,0.32,25,2.8,4.32,1.41,0.04,225,59,93.7,37.2,186,71,3.8,1.59,0.63,0.3,0.1,0.2,105,36,30,22,8.1,4.3,3.8,1.13,0.9,7.2,3.3624,3.74,149,4.4,105,2.2,94.83,164,259,423,38.77,7,154.2,0.7,28.9,100.7,28.7,10.1,3.9,169,2.6,2.59,93,163,95,118
571227,PBCHD13SKM,258978,24/10/2018,09:32,10:47,Yellow,Clear,1.014,6.5,Trace,Negative,Negative,Negative,Negative,Normal,Negative,2-4,1,1-2,Nil,Nil,NIL,8.5,5.6,57.6,47.8,15,14,13.2,40.2,8560,54,48,1,4,0,7.59,1.26,0.81,0.06,0.09,150,7.5,14,0.22,31.1,2.9,0.03,0.05,3.13,215,43,98.2,29.7,148.5,171,5,2.28,0.44,0.8,0.3,0.5,60,19,30,12,8.2,4.9,3.3,1.48,0.6,12.2,5.6974,9.5,125,4.8,98,2.5,90.89,130,359,489,26.58,9.4,223.08,0.4,23.1,71.7,32.22,11.8,4.6,61,9.5,0.74,116,65,76,94
729012,GYAHD15KAU,401938,24/10/2018,10:35,12:02,Straw,Slightly cloudy,1.016,6.2,Trace,Trace,Negative,Negative,Negative,Normal,Negative,11-13,2,2-4,Few,Few,NIL,9.2,5.2,35.3,75.3,17,26,13.9,43.2,5133,57,46,4,19,0,9.74,1.51,0.85,0.01,0.07,291,9.5,15,0.27,32.2,3.3,0.08,0.24,0.3,151,49,99.8,34.7,173.5,160,3.1,2.04,0.49,0.7,0.2,0.5,109,22,21,14,7,3.6,3.4,1.06,0.7,11.5,5.3705,7.67,136,3.7,104,4.6,116.84,149,209,358,41.62,6.1,128.37,0.6,27.7,105,26.38,10.5,3.1,148,3.8,3.16,78,91,87,113
723592,PBCHD12KLC,292382,24/10/2018,07:38,08:38,Yellow,Clear,1.01,5.8,Negative,Trace,Negative,Negative,Negative,Normal,Negative,6-8,2,1-3,Rare,Nil,Amorphous debris,8.1,4.2,55.1,47.4,19,14,13.1,31.6,9151,41,39,1,4,0.6,1.41,3.05,0.96,0.32,0.06,104,8.5,15,0.27,27.4,2.2,0.8,0.09,3.11,167,75,93.9,33.8,169,151,2.2,1.25,0.8,0.7,0.3,0.4,116,18,23,28,7.9,4.8,3.1,1.55,1.1,15.9,7.4253,6.75,108,2.9,101,2.9,107.05,158,265,423,37.35,8.9,208.73,0.5,24.4,81.9,29.79,8.9,4.2,189,14.9,3.27,119,68,85,137
877117,PBCHD02KLC,955737,24/10/2018,10:22,10:58,Light Yellow,Clear,1.014,6.7,Trace,2+,Negative,Negative,Negative,Normal,Negative,5-6,1,2-2,Nil,Nil,Fat droplets or lipiduria,13.8,4.6,43.3,80.4,30,31,12.9,43.5,10918,60,29,2,3,0,1.06,2.07,0.4,0.3,0.07,237,12,17,0.11,17.3,1.7,2.06,0.38,0.7,198,64,104.9,9,45,81,3.1,1.64,0.61,0.7,0.1,0.6,97,16,21,42,7.1,3.8,3.3,1.15,1.1,52,24.284,22.08,147,4.7,110,4.9,100.27,81,352,433,18.71,5.9,122.63,2.7,26.1,105.9,24.65,11.7,4.6,94,10.5,1.68,79,74,73,179
910143,KLTRS12KLP,334460,25/10/2018,08:04,08:35,Straw,Clear,1.025,6.7,Negative,Negative,Negative,Negative,Negative,Normal,Negative,27-28,0,2-2,Nil,Nil,Artifacts,14.5,7.5,40,100.7,19,36,16.3,41.5,9173,30,44,6,8,0,2.5,2.41,0.29,0.34,0.07,242,7.3,16,0.05,25.7,1.7,0.54,0.36,0.3,123,57,71.3,18.4,92,121,2.2,1.25,0.8,0.7,0.3,0.4,86,46,14,27,6.6,3.6,3,1.2,1.2,8.1,3.7827,3.15,136,4.4,86,2.9,112.77,196,318,514,38.13,7,154.2,0.6,21,75,28,10,4.4,114,3.9,1.64,90,89,80,110
435814,GYAHD14KAU,804375,23/10/2018,08:28,09:43,Dark Yellow,Clear,1.03,5.1,Trace,Negative,Negative,Negative,Negative,Normal,Negative,1-2,1,3-2,Rare,Nil,Artifacts,18,5.9,10.7,99.4,30,168,12.8,26.2,6947,41,13,6,3,0,0.42,2.05,0.47,0.13,0.04,388,9,12,0.37,14,2,0.75,0.25,0.34,167,47,85.1,34.9,174.5,66,3.6,1.81,0.55,3.7,1.8,1.9,104,32,33,11,6.5,5,1.5,3.33,0.7,19.1,8.9197,12.74,137,5.6,94,2.2,113.36,184,209,393,46.82,6.3,134.11,0.4,20.1,37.5,53.6,8.8,3.6,159,16.9,2.67,130,228,90,94
891232,GYAHD09KAU,107325,23/10/2018,10:41,11:35,Yellow,Slightly cloudy,1.027,6.5,Negative,Negative,Negative,Negative,Negative,Normal,Negative,14-15,1,>20,Nil,Nil,Fungal elements,10,5.5,42,127.9,18,23,17,40.6,9312,33,46,3,6,0,4.3,2.94,0.49,0.48,0.01,581,5.8,11,0.53,49.6,1.4,0.16,0.87,0.24,202,24,90,38.7,193.5,162,8.4,3.75,0.27,0.5,0.1,0.4,46,46,13,36,8.2,3.8,4.4,0.86,0.7,149.3,69.7231,99.6,126,5.6,104,4,40.54,108,358,466,23.18,6,125.5,0.1,28.7,107.9,26.6,7.9,3.4,290,7.7,0.007,70,180,125,66
608301,KLTRS12TSS,750714,26/10/2018,08:52,10:14,Light Yellow,Clear,1.019,6.9,Negative,Negative,Negative,Negative,Negative,1+,Negative,TNTC,0,1-3,Nil,Nil,NIL,11,5.7,52.2,97.9,19,21,11.6,40.8,29552,25,16,5,2,0,2.52,0.02,0.25,0.32,0.01,559,9.4,21,0.19,33.1,3.1,0.62,0.3,0.61,205,50,51.8,81.8,409,80,4.1,1.04,0.97,0.7,0.2,0.5,69,43,17,29,7.1,4.7,2.4,1.96,0.9,12.9,6.0243,6.69,142,4.2,93,2.6,94.3,128,120,248,51.61,5.8,119.76,0.2,16,196.5,8.14,9,2.6,258,5.1,3.84,196,116,64,68
619387,GYAHD02ODK,361399,26/10/2018,09:49,10:38,Pink,Hazy,1.019,4.5,Negative,Trace,Negative,Negative,Negative,1+,Negative,3-5,16,8-17,Nil,Rare,Amorphous debris,13.8,4.3,47.1,98.1,32,29,13.5,33.5,9618,50,25,4,5,0,8.47,2.35,0.63,0.22,0.13,100,7.9,16,0.72,12.7,0.8,0.53,0.33,0.18,174,46,107.5,32.4,162,176,3.8,2.34,0.43,0.8,0.3,0.5,94,35,23,21,6.1,3.7,2.4,1.54,0.6,13,6.071,10.12,137,5.3,101,4.4,95.15,211,287,498,42.37,6.2,131.24,0.8,24.1,36.1,66.76,11.7,3.2,104,22,1.84,122,77,94,227
817235,KLTRS11MLT,526750,22/10/2018,06:54,08:05,Orange,Clear,1.011,7,Negative,Negative,Negative,Negative,Negative,Normal,Negative,12-13,1,3-2,Nil,Nil,NIL,16.3,6.2,59.3,78.1,26,27,13.1,44.4,30761,42,39,8,4,8,8.53,1.63,0.08,0.55,0.05,50,7.3,17,0.27,13.8,0.9,5.42,0.07,0.05,234,42,84.2,98.1,490.5,131,5.6,2,0.5,5.1,2.5,2.6,95,30,11,17,6.9,3.5,3.4,1.03,1.1,18.4,8.5928,7.81,122,4.8,109,2.8,80.33,185,183,368,50.27,6.3,134.11,0.8,10.9,530.3,2.06,8.6,4.3,167,3.8,2.05,79,90,95,69
333864,GYAHD13ODK,613631,22/10/2018,08:51,09:24,Straw,Clear,1.018,4.8,Negative,Trace,Negative,Negative,Negative,Normal,Negative,85-87,2,13-14,Nil,Nil,NIL,16.6,4.1,55.1,59.4,40,30,14.3,37.1,9091,77,22,6,5,0,5.36,0.39,0.21,0.89,0.05,143,5.5,16,0.58,12.5,6.3,0.42,4.41,0.38,174,40,53,27.2,136,106,4.4,1.33,0.75,0.4,0.1,0.3,109,45,16,44,6.2,4.1,2.1,1.95,0.8,7.1,3.3157,4.14,122,4,101,6.2,85.13,125,321,446,28.03,8.7,202.99,0.8,13.8,168,8.21,10.6,4.7,348,3.2,9.91,117,97,82,211
281329,MZLGI13APK,842416,23/10/2018,10:34,11:28,Pink,Clear,1.011,4.8,Trace,Trace,Negative,Negative,Negative,Normal,Negative,13-15,1,13-10,Few,Nil,NIL,14.9,4.8,31.6,89.8,31,47,11.6,40.1,9891,41,37,8,8,0,7.08,2.5,0.49,0.28,0.04,289,7.5,10,0.48,29.5,0.1,0.24,0.12,0.25,163,62,79.8,15.9,79.5,120,2.6,1.29,0.78,0.7,0,0.7,58,48,32,27,6.6,3.7,2.9,1.28,0.8,13,6.071,7.59,135,3.3,116,6.9,39.74,104,346,450,23.11,5.9,122.63,0.6,17,71.2,23.88,11.7,2.3,120,13.6,5.6,123,105,121,136
759750,KLTRS10ODB,994728,22/10/2018,09:08,10:31,Dark Yellow,Clear,1.016,4.6,Trace,1+,Negative,Negative,Negative,Normal,Negative,12-14,2,3-2,Nil,Nil,Mucus threads,10.9,5.6,45.9,83.6,19,23,13.2,45.1,5975,46,14,6,5,0,5.43,1.33,0.29,0.46,0.06,296,15.1,15,0.57,39,4.7,0.06,0.22,0.35,220,24,96,38.7,193.5,125,9.2,4,0.25,0.6,0.2,0.4,112,55,30,8,8.3,4.6,3.7,1.24,0.6,9.2,4.2964,7.16,144,5.3,112,5.5,104.03,84,325,409,20.54,6.7,145.59,0.9,15.3,124.1,12.33,10.9,3.7,171,5.7,8.06,76,108,111,197
157009,GYAHD15JHJ,725526,22/10/2018,11:21,12:23,Pink,Clear,1.015,4.6,Negative,Trace,1+,Negative,2+,Normal,Negative,41-44,0,2-3,Nil,Nil,NIL,10.2,5.1,34,85.5,20,30,12.5,48.6,8663,51,42,2,7,0,4.56,1.35,0.77,0.32,0.14,1010,7.1,27,0.24,30.2,4.4,0.05,0.09,4.65,220,54,103.7,8.5,42.5,63,4.1,1.92,0.52,0.9,0.2,0.7,101,46,40,21,8.2,4.4,3.8,1.16,0.7,9.2,4.2964,6.14,99,5,99,6.6,112.87,160,231,391,40.92,6.6,142.72,0.8,20.8,80.8,25.74,10,3.8,118,2.4,1.6,85,74,89,191
385796,PBCHD14RJU,634964,24/10/2018,09:53,11:18,Red,Slightly cloudy,1.014,4.6,Negative,1+,Negative,Negative,Negative,Normal,Negative,1-3,0,12-8,Nil,Nil,NIL,13.4,5.4,31.3,70.6,24,42,13.6,39.7,9530,59,45,1,6,0,0.6,2.02,0.66,0.19,0.04,331,14,14,0.26,33.9,4.3,0.73,0.17,0.32,175,69,75.1,35.2,176,71,2.5,1.09,0.92,2.3,1.1,1.2,106,37,25,20,7.6,4.8,2.8,1.71,0.6,11,5.137,8.56,120,4.7,105,4.7,93.96,135,117,252,53.57,5.9,122.63,0.2,11.2,61.4,18.24,9.6,3,146,9.2,0.64,120,83,88,176
974953,PBCHD01NLM,426527,22/10/2018,10:41,11:19,Straw,Clear,1.013,6.7,Negative,Negative,Negative,Negative,Negative,Normal,Negative,11-12,2,1-4,Rare,Nil,Amorphous debris,13.8,5.5,28,41.2,25,49,13.8,32.7,10547,48,46,5,2,0,0.69,1.67,0.96,0.27,0,121,8.8,11,0.08,18.9,0.6,0.66,3.39,0.13,152,79,59.2,89,445,168,1.9,0.75,1.33,0.7,0.3,0.4,63,17,19,31,7.6,3.8,3.8,1,0.6,10.8,5.0436,8.41,139,2.9,96,4,115.74,163,142,305,53.44,5.8,119.76,0.3,23.9,85.5,27.95,11.2,5.7,131,5.1,0.47,105,99,75,181
657839,GYAHD15KLM,520100,22/10/2018,08:47,09:53,Deep Amber,Hazy,1.018,6.8,Trace,Negative,Trace,Negative,Negative,Normal,Negative,8-10,2,1-3,Nil,Nil,Fat droplets or lipiduria,10.4,4.2,43.6,96.7,24,23,12.6,33.9,10956,57,35,6,5,11.3,3.05,2.17,0.23,0.32,0.01,389,5.7,15,0.27,32.4,3.7,2.7,0.28,2.65,184,36,76.8,22.3,111.5,137,5.1,2.13,0.47,1,0.3,0.7,80,47,34,33,8.2,4.5,3.7,1.22,0.8,14.4,6.7248,8.41,107,5.1,121,3.4,90.37,123,338,461,26.68,6.2,131.24,0.8,13.6,146,9.32,11.9,2.6,177,15.6,1.34,106,193,98,259
932730,PBCHD11PBP,419324,25/10/2018,09:30,10:36,Pale Yellow,Clear,1.016,6.1,Trace,Negative,Negative,Negative,Negative,Normal,Negative,13-14,2,3-2,Nil,Nil,Parasites,2.6,4.7,64.1,95.9,5,4,13.9,40.8,10523,50,20,5,9,0,1.44,2.86,0.65,0.19,0.09,178,8.2,11,0.28,30.8,3.7,0.33,0.64,4.97,188,46,28.7,82.7,413.5,65,4.1,0.62,1.6,0.9,0.3,0.6,96,8,16,18,7.1,4.8,2.3,2.09,0.9,13.6,6.3512,7.06,140,3.9,102,5.2,105.41,138,345,483,28.57,8.6,200.12,0.2,14.6,144.6,10.1,9.7,3.7,282,3.1,8.55,83,75,117,161
652329,PBCHD02CGD,375800,23/10/2018,06:01,07:20,Light Yellow,Clear,1.019,4.7,Trace,Negative,Negative,Negative,Negative,Normal,Negative,8-10,1,13-11,Nil,Rare,Artifacts,16.9,5.9,47.7,73.1,28,35,11.5,44.9,8998,57,39,5,2,0.3,1.09,1.92,0.96,0.18,0.18,433,10.8,12,0.22,33.8,1.9,0.09,0.38,0.06,188,77,62.6,9.5,47.5,119,2.4,0.81,1.23,0.2,0,0.2,91,17,15,28,8.2,3.5,4.7,0.74,0.7,15.1,7.0517,10.07,135,4.2,98,7.6,90.69,141,210,351,40.17,8.2,188.64,0.3,15.4,192.3,8.01,10.2,4.2,118,14,0.85,78,103,98,75
370328,GYAHD05JHJ,336801,24/10/2018,07:28,08:02,Straw,Clear,1.017,5.4,Negative,Negative,Negative,Negative,Negative,Normal,Negative,11-12,6,15-8,Nil,Rare,Yeast cells,9.5,5.6,52,76,16,18,13,39.4,5468,31,15,5,6,0,3.23,4.77,0.61,0.37,0.16,119,7.6,19,0.25,32.8,0.1,0.39,0.88,0.84,185,55,81.3,37.7,188.5,66,3.4,1.48,0.68,0.2,0,0.2,87,33,33,57,7.7,4.9,2.8,1.75,1.2,15.6,7.2852,6.07,121,4.4,103,2.1,102.44,182,322,504,36.11,5.7,116.89,0.3,26.1,140.8,18.54,11.4,3.7,144,14.5,1.77,137,94,89,136
788335,PBCHD01NLM,147155,25/10/2018,06:33,07:18,Light Yellow,Clear,1.017,6.6,Negative,Trace,Negative,Negative,Negative,2+,Negative,11-13,1,1-3,Nil,Nil,NIL,17.7,4.3,41.7,79.8,41,42,14.3,43.9,8940,56,13,7,7,8.2,1.41,2.63,0.32,0.35,0.06,148,13.4,16,0.07,15.5,4.1,0.19,0.27,0.18,213,50,84.5,10.4,52,162,4.3,1.69,0.59,0.8,0.2,0.6,107,51,24,9,7.2,5.1,2.1,2.43,1.1,8.7,4.0629,3.69,143,4.6,108,5.6,109.86,130,158,288,45.14,6.3,134.11,0.1,12.5,203.9,6.13,9.2,4,142,19.7,0.66,87,66,80,430
823421,MZLGI05APK,615082,23/10/2018,09:38,10:33,Pale Yellow,Slightly cloudy,1.016,5.1,Negative,Negative,Negative,Negative,Negative,Normal,Negative,4-6,2,3-2,Nil,Nil,Fungal elements,14.4,5.7,35.5,68.1,25,40,12.8,45,9866,51,37,1,8,0,0.69,2.73,1.5,0.41,0.04,257,7.7,16,0.35,26.7,3,0.18,0.03,0.31,226,34,79.5,34.2,171,121,6.6,2.34,0.43,5.7,2.8,2.9,85,23,22,38,6.8,4.5,2.3,1.96,2.2,17.1,7.9857,3.63,121,3.4,99,6.8,94.68,55,120,175,31.43,5.2,102.54,0.8,15.3,143.6,10.65,10.6,2.2,136,4.7,1.24,73,83,102,91
133216,MZLGI08BRC,311419,22/10/2018,11:12,12:15,Yellow,Slightly cloudy,1.017,6.6,Trace,1+,Negative,Negative,Negative,Normal,Negative,4-6,2,12-17,Nil,Few,NIL,14.1,4.3,38.4,95.4,32,36,16.3,33.4,4226,45,42,1,3,0,1.01,1.7,0.37,0.18,0.02,291,12.1,16,0.29,26,2.5,0.39,0.35,0.02,181,71,88,16.7,83.5,151,2.5,1.24,0.81,0.8,0.1,0.7,115,39,18,26,7.4,3.8,3.6,1.06,1,15.7,7.3319,7.33,148,3.6,105,3.6,93.26,176,164,340,51.76,6.7,145.59,0.8,18,91.6,19.65,10.6,3.7,97,10.3,2.12,107,69,90,93
539872,PBCHD04PBM,615151,26/10/2018,08:32,09:11,Straw,Clear,1.012,6.8,3+,Negative,Negative,Negative,Negative,Normal,Negative,TNTC,0,1-3,Nil,Nil,NIL,19.8,6.3,37.7,98.9,31,52,14.4,32.9,4517,48,27,6,3,0,4.72,2.63,0.55,0.44,0.03,765,13.7,14,0.55,21.1,0.3,0.11,0.24,0.16,233,63,128.9,40.8,204,160,3.7,2.05,0.49,0.8,0.3,0.5,96,46,9,47,5.2,3.6,1.6,2.25,1.6,8.5,3.9695,2.48,145,4.9,96,5.3,107.51,146,234,380,38.42,8.8,205.86,0.8,11.8,126.1,9.36,8.5,4.3,66,6.6,3.19,92,66,120,196
854366,KLTRS02NLZ,849402,25/10/2018,09:42,10:30,Red,Slightly cloudy,1.03,6.2,Trace,1+,Trace,Negative,Negative,Normal,Negative,6-8,14,2-2,Rare,Nil,NIL,12.8,5.8,45.1,71,22,28,11.8,45.5,43258,53,37,0,5,0,4.48,2.45,0.66,0.14,0.06,374,7.2,13,0.35,22.5,1.6,0.49,0.25,4.09,153,57,143.6,16.2,81,154,2.7,2.52,0.4,0.7,0.1,0.6,83,30,39,32,7,4.7,2.3,2.04,1.1,16.4,7.6588,6.96,90,4.6,100,4.3,106.24,166,279,445,37.3,6.1,128.37,0.6,25.1,116.1,21.62,10.9,4.4,179,8.3,3.04,116,98,200,89
914222,MZLGI12BRC,924802,24/10/2018,09:47,10:32,Straw,Slightly cloudy,1.013,6.8,Negative,1+,Negative,Negative,Negative,Normal,Negative,7-8,2,3-2,Nil,Nil,NIL,10.3,7.9,12.8,95.2,13,80,11.6,31.5,5015,30,17,6,7,0,5.26,2.9,0.02,0.15,0.06,312,7.9,16,0.22,12.1,3.9,0.51,0.39,0.35,208,24,139.8,37.8,189,75,8.7,5.83,0.17,0.8,0.1,0.7,119,33,17,11,6.2,5.2,1,5.2,1.2,11.5,5.3705,4.48,139,3.3,102,3.3,35.96,63,308,371,16.98,7.9,180.03,0.3,10.7,94.5,11.32,9.9,5,94,4.1,4.14,124,89,99,90
591345,KLTRS09TSS,835967,24/10/2018,11:02,11:52,Straw,Clear,1.01,6,Trace,Trace,Negative,Negative,Negative,1+,Negative,3-4,2,1-2,Nil,Nil,NIL,13.5,4.7,37.6,92.6,28,35,14,40.2,6764,45,20,2,8,0,9.93,7.68,0.15,0.43,0.16,287,9.6,16,0.16,43.6,3.1,0.07,0.07,0.37,150,55,78.6,35.1,175.5,136,2.7,1.43,0.7,12,7.5,4.5,69,46,36,30,8.9,4.1,4.8,0.85,0.7,10.1,4.7167,6.74,132,4.7,104,2.2,114.82,83,349,432,19.21,6,125.5,0.8,17.4,122.2,14.24,9.8,4.1,189,9.6,13.58,94,124,75,131
175037,PBCHD03RJU,314275,26/10/2018,07:04,07:48,Straw,Hazy,1.01,6.5,Trace,Trace,Negative,Negative,Negative,Normal,Negative,85-87,2,2-3,Nil,Nil,Mucus threads,2.4,5.1,40.3,87.4,4,5,12.4,45.4,7538,68,25,3,6,0,5.48,3.77,1,0.08,0.01,188,8.8,15,0.17,23,0.1,0.02,0.15,0.15,191,65,104.1,29.1,145.5,139,2.9,1.6,0.62,0.4,0,0.4,100,27,32,42,6.8,4.9,1.9,2.58,0.8,9,4.203,5.25,148,5.3,102,5.3,117.32,146,191,337,43.32,5.8,119.76,0.9,15.1,119.7,12.61,9.5,4.4,63,12.4,0.59,103,72,67,194
797420,MZLGI14MHP,373652,24/10/2018,07:04,08:10,Dark Yellow,Clear,1.015,4.5,Trace,1+,Negative,Negative,Negative,Normal,Negative,1-2,2,2-3,Nil,Nil,NIL,15.2,5.4,40.8,97.9,28,37,16.9,44.2,8429,54,18,5,10,0,7.66,2.75,0.55,0.42,0.16,183,8.3,13,0.33,15.3,0.8,0.35,0.09,0.02,182,46,104.4,9.1,45.5,98,4,2.27,0.44,0.5,0,0.5,112,49,35,24,6.7,3.5,3.2,1.09,0.8,10,4.67,5.84,120,3.1,115,4.1,68.53,247,195,442,55.88,8.9,208.73,0.5,296.2,73.1,405.2,9.8,3.7,132,10.5,1.46,80,61,103,75
687980,KLTRS10TSS,238887,24/10/2018,07:56,09:15,Dark Yellow,Clear,1.02,6.8,Trace,Trace,Negative,Negative,Negative,Normal,Negative,6-8,2,2-3,Nil,Nil,Parasites,13.7,5.5,62.2,97.7,24,22,13.1,42.6,6123,60,53,2,2,6,5.23,1.2,0.24,0.14,0,47,10.8,12,0.22,13.8,1.3,4.43,2.5,0.79,193,30,213.2,47.1,235.5,74,6.4,7.11,0.14,0.7,0.2,0.5,62,56,21,42,7.1,3.8,3.3,1.15,0.6,18.9,8.8263,14.71,123,3,105,5.4,109.88,126,301,427,29.51,6,125.5,1,13.6,60.7,22.41,10.5,7,126,6.4,1.33,104,79,100,76
530357,MZLGI05MHP,984354,25/10/2018,11:48,12:21,Straw,Slightly cloudy,1.016,4.8,1+,Trace,Negative,Negative,Negative,Normal,Negative,9-11,2,3-3,Nil,Nil,Mucus threads,11.4,5.1,31.1,44.2,22,36,12.2,44.3,9517,53,51,1,7,0.1,8.52,3.13,0.51,0.49,0.19,158,10.9,16,0.2,18.4,3.3,4.45,0.13,0.28,176,67,98.8,11.9,59.5,117,2.6,1.47,0.68,0.3,0.1,0.2,61,15,18,37,8,3.9,4.1,0.95,0.7,13,6.071,8.67,144,3.6,99,4.2,119.28,161,176,337,47.77,6.2,131.24,4.2,22.4,77.6,28.87,8.3,6.9,294,12.4,6.22,147,77,90,80
110204,KLTRS06TSS,738225,25/10/2018,08:51,09:27,Straw,Clear,1.013,7,Negative,2+,Negative,Negative,Negative,Normal,Negative,8-9,0,2-3,Rare,Nil,NIL,3.5,4.3,20.4,81.5,8,17,12.2,44.5,8870,53,37,3,8,0,6.57,0.71,0.66,0.28,0.08,80,16.9,15,0.38,34.1,3.5,0.02,0.08,0.24,195,57,130.2,54.3,271.5,181,3.4,2.28,0.44,0.8,0.3,0.5,128,43,35,16,7.8,5,2.8,1.79,0.8,19.6,9.1532,11.44,141,3.8,108,3.5,100.62,173,289,462,37.45,6,125.5,0.2,20.3,145.1,13.99,11.9,4.3,136,3.7,2.95,89,76,80,92
567274,PBCHD15NLM,495252,25/10/2018,09:35,10:34,Yellow,Cloudy,1.001,7.9,Negative,1+,Negative,Negative,Negative,Normal,Negative,TNTC,1,3-4,Nil,Nil,Amorphous debris,14.6,3.7,48.2,74.4,39,30,11.7,38.4,10713,61,10,6,3,0,10.04,6.5,0.46,0.46,0.08,412,9.3,15,0.2,34.6,7.2,0.37,0.15,1.54,125,38,94,95,475,160,3.3,2.47,0.4,0.7,0.3,0.4,130,52,36,39,7.1,4.7,2.4,1.96,0.6,9.4,4.3898,7.32,132,2.7,99,2.4,94.29,175,388,563,31.08,5.9,122.63,0.3,24.5,42.1,58.19,10.8,5.2,130,8.3,3.26,121,99,77,122
650259,MZLGI10GJS,369160,25/10/2018,11:29,12:31,Yellow,Slightly cloudy,1.029,6.4,Trace,Trace,Negative,Negative,Negative,Normal,Negative,13-14,2,1-4,Nil,Nil,NIL,12.7,6.3,35.2,79.7,20,36,13.2,41.5,4178,58,35,6,5,0,3.5,1.17,0.36,0.65,0.05,1131,6.3,16,0.33,39.7,2.6,0.14,0.28,0.71,190,75,75.3,26.6,133,106,2.5,1,1,11.6,7.1,4.5,113,50,34,88,7.6,4.5,3.1,1.45,1.1,16.8,7.8456,7.13,140,5.9,96,4.5,111.9,66,167,233,28.33,9,211.6,0.6,12,80,15,8.7,3.6,124,5.8,2.89,108,120,76,200
235072,GYAHD02KLM,886296,26/10/2018,08:32,09:21,Deep Amber,Slightly cloudy,1.025,4.8,Negative,Trace,Negative,Negative,Negative,Normal,Negative,10-12,2,2-3,Few,Nil,NIL,15.5,4.6,29.4,83.5,33,52,11.6,43.2,5500,57,17,4,11,0,3.58,2.85,0.29,0.07,0.02,847,11.6,12,0.36,15.8,2.5,3.87,0.31,0.29,173,51,153.7,23.7,118.5,144,3.4,3.01,0.33,0.5,0.1,0.4,125,11,38,42,8.2,5,3.2,1.56,0.7,15.3,7.1451,10.21,141,2.1,108,2.9,107.9,78,216,294,26.53,6.3,134.11,0.7,14.3,37.5,38.13,8.5,3.2,122,9.2,0.66,161,62,109,237
182165,GYAHD12KAU,544136,23/10/2018,09:23,10:38,Yellow,Slightly cloudy,1.011,6.2,Negative,Negative,1+,Negative,3+,Normal,Negative,4-6,2,1-3,Nil,Nil,NIL,10.7,8,27.8,81.4,13,38,13.8,44.6,3925,27,13,0,8,0,7.78,2.67,0.06,0.37,0.09,515,8.1,19,0.23,29.8,7.3,0.02,0.01,0.14,229,45,94.3,52,260,123,5.1,2.1,0.48,0.5,0.2,0.3,108,9,28,38,7.3,4.3,3,1.43,0.8,8.9,4.1563,5.2,139,5.8,98,5.6,111.27,67,272,339,19.76,6.1,128.37,0.5,12.1,44,27.5,9,4.7,287,12.3,2.91,80,100,75,93
559247,MZLGI04BRC,412767,22/10/2018,10:53,12:15,Pale Yellow,Clear,1.012,6.8,Trace,Trace,Negative,Negative,Negative,Normal,Negative,7-9,0,3-4,Nil,Rare,Mucus threads,16,4.4,43,64.7,36,37,12.8,41.1,9929,50,27,3,8,0,6.58,7.01,0.4,0.2,0.05,351,8.8,16,0.12,47.1,4.3,0.33,0.25,0.52,235,42,81.2,13.1,65.5,69,5.6,1.93,0.52,0.2,0,0.2,72,38,24,23,7.7,4.9,2.8,1.75,0.7,12.2,5.6974,8.14,145,3.1,112,5.2,116.55,107,273,380,28.16,6.2,131.24,8.1,16.7,280.5,5.95,8.9,3.4,78,7.8,3.31,119,81,89,152
645382,MZLGI05MHP,722571,26/10/2018,11:46,12:25,Yellow,Clear,1.012,5.5,Negative,1+,Negative,Negative,1+,Normal,Negative,9-10,2,3-4,Nil,Nil,Artifacts,6.4,5.5,37.6,73.2,11,17,10.6,43.8,10166,61,30,0,7,0,2.08,4.03,0.68,0.37,0.17,1187,13,15,0.37,24,0.1,0.38,0.11,0.23,180,33,88.8,8.8,44,78,5.5,2.69,0.37,0.7,0.3,0.4,68,4,20,9,6.9,3.5,3.4,1.03,0.7,26.6,12.4222,17.75,146,5.1,107,6.2,90.77,161,353,514,31.32,7.7,174.29,0.8,26.6,143.6,18.52,9.6,4.4,177,20.6,0.74,71,142,122,90
665469,PBCHD10CGD,192771,26/10/2018,06:31,07:09,Pale Yellow,Slightly cloudy,1.024,4.1,Negative,Trace,Negative,Negative,Negative,Normal,Negative,TNTC,0,3-4,Nil,Nil,NIL,9.8,5.3,43,98.4,18,22,12.3,40.7,5115,63,39,1,5,0,5.25,2.96,0.93,0.41,0.05,305,7.8,17,0.31,32,1.9,5.83,0.38,0.04,331,37,84.5,78,390,67,8.9,2.28,0.44,11.7,7.2,4.5,63,14,10,15,6.7,4.1,2.6,1.58,0.8,18.5,8.6395,10.8,136,2.8,108,3,78.22,73,250,323,22.6,6.1,128.37,0.9,21.7,175.2,12.39,8.8,6.9,65,13.9,2.27,121,100,95,148
825828,GYAHD02ODK,478366,22/10/2018,10:32,11:30,Dark Yellow,Slightly cloudy,1.02,4.9,Trace,Trace,Negative,Negative,Negative,Normal,Negative,67-71,0,2-3,Rare,Rare,NIL,10.1,5.1,25.4,55.2,19,39,13.2,48.3,8264,42,36,2,2,0,1.51,1.12,0.58,0.22,0.02,215,10.5,11,0.38,27,1.2,0.2,0.03,0.12,193,45,188.7,22.1,110.5,88,4.3,4.19,0.24,0.3,0,0.3,100,105,29,108,6.1,3.6,2.5,1.44,0.6,8.3,3.8761,6.46,135,3.8,98,4,112.9,112,140,252,44.44,5.8,119.76,0,185.6,144.5,128.44,9.4,4.4,337,14.1,5.62,94,74,73,135
185402,PBCHD08CGD,602452,25/10/2018,08:31,09:33,Dark Yellow,Clear,1.013,4.7,Negative,Negative,Negative,Negative,Negative,Normal,Negative,12-14,1,2-3,Nil,Rare,NIL,12,6,39.2,84.8,20,30,12.8,45.3,9310,78,13,1,2,0,5.75,2.71,0.41,0.17,0.08,179,10.8,20,0.23,24.2,0.5,0.04,3.38,0.96,736,68,49.5,63.8,319,196,10.8,0.73,1.37,0.2,0,0.2,70,30,17,51,6.7,4.5,2.2,2.05,0.9,10.9,5.0903,5.66,127,5.2,95,6.7,110.61,112,348,460,24.35,10.2,246.04,0.3,186.1,178.8,104.08,10.3,3.6,132,14.7,0.92,75,90,97,81
899963,MZLGI09RJK,842887,26/10/2018,11:59,13:12,Light Yellow,Clear,1.016,6.5,Trace,Trace,Negative,Negative,Negative,Normal,Negative,1-2,2,1-3,Nil,Nil,Parasites,15,4.1,41.2,92.2,36,36,11.8,27,5152,36,25,6,4,0.4,3.12,2.76,0.6,0.32,0.06,122,10.7,13,0.25,30.3,1.1,0.9,0.1,0.09,240,25,80.9,61.2,306,105,9.6,3.24,0.31,0.2,0,0.2,110,10,38,33,6.2,4.3,1.9,2.26,1.1,14.7,6.8649,6.24,137,4.9,113,8.6,90.6,143,193,336,42.56,6.4,136.98,0.2,25.9,122.3,21.18,9.9,4.8,306,20.3,12.62,97,64,93,105
179860,PBCHD07PBP,255773,23/10/2018,08:19,09:32,Light Yellow,Clear,1.026,6.9,Negative,Negative,Negative,Negative,Negative,1+,Negative,1-2,1,>20,Nil,Nil,Parasites,16.6,4.9,39.4,85.3,33,42,12.2,42.6,5816,51,15,9,7,0.5,0.71,2.75,0.55,0.11,0.06,382,7.7,10,0.29,31.8,0.4,0.2,0.11,0.21,186,25,59.9,76,380,213,7.4,2.4,0.42,16.5,12,4.5,123,42,12,37,8.3,4,4.3,0.93,1.1,11.6,5.4172,4.92,136,3.9,90,4.6,117.45,151,307,458,32.97,5.7,116.89,0.1,18.1,167.6,10.8,8.5,3.8,112,7.7,1.45,86,91,87,189
614990,GYAHD02ODK,312995,23/10/2018,07:58,08:36,Light Yellow,Clear,1.016,4.6,Trace,Negative,Negative,Negative,Negative,Normal,Negative,4-5,0,2-4,Nil,Nil,NIL,15.6,5.9,48.9,93.5,26,31,11.9,43,20057,37,22,18,7,0,5.32,2.41,0.68,0.06,0.08,221,16.4,17,0.21,15.2,4,0.32,0.3,0.38,240,33,100.3,26.1,130.5,140,7.3,3.04,0.33,0.2,0,0.2,51,9,15,37,6.2,4.2,2,2.1,0.8,13.8,6.4446,8.06,145,5.7,113,1.8,124.35,98,111,209,46.89,6,125.5,0.7,465.1,63.4,733.6,9.3,3.6,84,18.2,3.38,75,116,118,202
340136,GYAHD09ODK,149210,24/10/2018,09:37,11:00,Light Yellow,Hazy,1.017,7,Negative,1+,Negative,Negative,Negative,Normal,Negative,57-62,0,2-2,Nil,Nil,Amorphous debris,14,5.3,64.2,68.3,26,21,13.9,43.6,9464,41,51,4,6,0,1.02,2.11,0.27,0.21,0.02,443,11.4,15,0.38,24,4.9,0.1,0.91,0.02,163,62,121.8,6.3,31.5,174,2.6,1.96,0.51,0.6,0.2,0.4,123,39,14,35,6.9,3.5,3.4,1.03,0.8,31.9,14.8973,18.62,108,4.2,102,2.4,112.47,121,210,331,36.56,5.5,111.15,0.6,23.4,227.4,10.29,11.2,2.9,240,5,9.26,87,94,173,97
608299,MZLGI14RJK,872822,25/10/2018,09:47,10:46,Pale Yellow,Slightly cloudy,1.013,6.4,2+,Trace,Negative,Negative,Negative,Normal,Negative,3-5,1,1-2,Nil,Nil,NIL,9.5,6,52.7,96.7,15,18,11.9,42.9,4842,39,21,4,15,0,5.4,7.03,0.29,0.3,0.03,409,9.7,14,0.3,14.5,0.1,4.01,0.26,0.27,220,27,126.5,5.6,28,195,8.1,4.69,0.21,0.5,0.2,0.3,123,48,17,21,6.1,4.3,1.8,2.39,0.7,13.9,6.4913,9.27,127,5,106,2.2,65.96,167,298,465,35.91,6.2,131.24,0,16,93.7,17.08,8.6,3.3,239,6.8,0.05,74,91,175,131
327258,KLTRS01NLZ,367243,25/10/2018,08:42,09:13,Red,Hazy,1.018,6.9,Negative,Negative,Negative,1+,Negative,Normal,Negative,61-63,2,2-4,Nil,Nil,Artifacts,9.8,5.1,33.4,94.8,19,29,13.9,40.8,9937,45,31,5,9,0,6.31,1.26,0.01,0.04,0.04,181,11.2,10,0.22,28.6,0.2,0.31,2.12,0.34,181,48,130.6,27.3,136.5,68,3.8,2.72,0.37,1.1,0.3,0.8,119,11,19,40,6.5,4.8,1.7,2.82,0.9,5.8,2.7086,3.01,160,4.7,86,2,118.54,121,302,423,28.61,11.3,277.61,0.6,16.7,297,5.62,11.1,3.2,82,3.6,7.93,85,73,82,194
209488,GYAHD15JHJ,239698,26/10/2018,08:12,09:34,Pale Yellow,Clear,1.017,7.4,Trace,Trace,Negative,Negative,Negative,Normal,Negative,13-15,2,10-17,Nil,Nil,Parasites,13.2,5.8,41.6,95.3,22,31,11.5,42.6,7325,59,51,1,20,0,8.77,2.42,0.5,0.23,0.05,317,8.2,11,0.2,17.5,2.9,0.09,3.67,2.34,159,53,123.1,74.3,371.5,64,3,2.32,0.43,0.5,0.1,0.4,40,40,16,8,8.3,4.8,3.5,1.37,0.8,13.1,6.1177,7.65,137,4.6,107,5,90.78,159,161,320,49.69,10.1,243.17,0.3,21.7,93.6,23.18,9.4,3.7,70,6.7,3.47,100,98,78,90
998843,PBCHD05RJU,428260,25/10/2018,07:20,08:18,Light Yellow,Clear,1.014,4.3,Negative,Negative,Negative,Negative,Negative,Normal,Negative,2-3,1,5-18,Nil,Nil,Fungal elements,15.7,5.8,50.3,74.6,27,31,13.5,39.6,6650,53,28,1,2,0,2.81,3.14,0.61,0.58,0.09,368,7.3,16,0.2,34.3,0.7,0.44,0.44,0.01,236,21,107.3,19.7,98.5,136,11.2,5.11,0.2,3.5,1.7,1.8,75,23,27,25,7,4.5,2.5,1.8,1,17.5,8.1725,8.17,149,4.1,106,10.5,94.03,107,238,345,31.01,6.1,128.37,0.2,22,137.7,15.98,11,3.6,70,19.8,3.15,143,119,71,191
628208,PBCHD04HPP,493569,26/10/2018,11:43,12:28,Yellow,Slightly cloudy,1.017,6.5,Trace,Negative,Negative,Negative,Negative,Normal,Negative,40-44,1,1-4,Nil,Nil,NIL,10.6,4.8,22.1,72.4,22,47,12.5,43.6,7205,36,25,15,9,0.4,2.43,1.48,0.39,0.5,0.07,568,7.1,14,0.27,16.5,2.8,0.33,0.18,0.09,186,51,74,12.4,62,88,3.6,1.45,0.69,1.1,0.2,0.9,72,54,19,19,6.2,3.9,2.3,1.7,1,10.5,4.9035,4.9,143,4.8,101,6.7,40.26,92,193,285,32.28,7.1,157.07,0.8,26.5,88.1,30.08,9.5,4.4,125,19.2,3.2,72,63,65,61
100004,KLTRS05MLT,224155,24/10/2018,11:18,12:21,Green,Clear,1.016,5.5,Trace,Negative,Negative,Trace,2+,Normal,Negative,3-5,2,1-3,Nil,Nil,Artifacts,15,4.4,54.2,107.1,34,27,13.2,43.3,4064,74,22,1,7,0,3.82,4.59,0.77,0.06,0.16,336,10.2,12,0.17,16.8,2.1,0.23,1.09,0.39,175,65,182.8,19.4,97,143,2.7,2.81,0.36,0.3,0.1,0.2,91,52,30,33,4.5,4.1,0.4,10.25,1,15.7,7.3319,7.33,140,4.6,110,3.8,114.51,63,203,266,23.68,6.4,136.98,1,27.8,200.7,13.85,11.8,5.5,264,20.6,1.41,114,112,99,76
747043,MZLGI03RJK,992192,26/10/2018,10:42,11:27,Pale Yellow,Clear,1.013,5.2,1+,Negative,Negative,Negative,Negative,Normal,Negative,13-14,2,1-3,Nil,Nil,NIL,8.3,5.6,17.9,85.5,14,46,13.7,43.8,5897,48,42,6,12,0,1.34,1.75,0.97,0.21,0.02,222,11.6,12,0.38,45.9,0.3,0.34,4.77,0.61,132,51,55.2,8.7,43.5,157,2.6,1.08,0.92,1.2,0.5,0.7,77,22,26,41,7.6,4.9,2.7,1.81,0.9,16.7,7.7989,8.67,126,3.7,102,3.5,76.4,138,229,367,37.6,11.6,286.22,0.1,12.7,80.2,15.84,8.2,3.2,116,4.9,0.57,140,105,96,83
722906,KLTRS13ODB,515945,25/10/2018,10:42,11:28,Light Yellow,Clear,1.021,6.1,Negative,Negative,Negative,Negative,Negative,Normal,Negative,11-13,1,1-4,Nil,Nil,NIL,13.4,5.1,36.3,98.5,26,36,14.9,41.7,51688,37,22,4,7,0,2.33,1.6,0.75,0.36,0.34,119,9,16,0.07,18.6,3,1.06,0.37,0.38,216,58,90,86.5,432.5,75,3.7,1.55,0.64,0.6,0,0.6,100,14,29,46,6.3,4.8,1.5,3.2,0.7,26.6,12.4222,17.75,149,2.3,96,4,105.23,61,348,409,14.91,6.7,145.59,0.8,11.7,124.7,9.38,8.7,4.4,122,4.7,4.11,74,162,93,103
604900,MZLGI15MHP,967166,24/10/2018,09:38,10:18,Pale Yellow,Clear,1.025,4.9,1+,Trace,Negative,Negative,Negative,Normal,Negative,3-5,0,3-3,Nil,Nil,Fungal elements,2.8,5.2,44.3,96.1,5,6,11.9,43.3,6686,21,36,2,5,0,22.63,4.27,0.85,0.47,0.21,138,7.4,12,0.18,12.7,0.1,0.2,0.21,1.42,193,48,107.8,46.2,231,106,4,2.25,0.45,1.7,0.8,0.9,93,51,10,41,7.7,4.9,2.8,1.75,0.7,69.7,32.5499,46.5,116,4.9,95,5.9,76.83,145,344,489,29.65,6,125.5,0.8,240.9,81.2,296.67,10.5,2.5,284,11.1,3.58,111,95,270,107
390795,KLTRS04WBD,376016,25/10/2018,07:47,08:35,Yellow,Clear,1.015,7.5,Negative,Negative,Negative,1+,Negative,1+,Negative,5-6,2,13-19,Nil,Nil,NIL,12.2,4.1,32.9,86.4,29,37,12.2,39.1,10930,58,29,13,8,0,6.16,3.3,0.75,0.44,0.05,353,9.4,17,0.39,17.5,4.4,0.34,2.95,0.3,194,30,95.3,25.2,126,164,6.5,3.18,0.31,0.3,0.1,0.2,51,20,14,31,6,3.5,2.5,1.4,0.6,9.5,4.4365,7.39,122,5.5,99,6.7,84.28,139,272,411,33.82,8.1,185.77,0.7,12.2,36.8,33.15,10.5,3.9,70,6.6,3.51,105,100,273,110
728515,MZLGI02RJK,304878,25/10/2018,11:33,12:26,Orange,Slightly cloudy,1.011,6.4,Negative,Negative,Negative,Negative,Negative,Normal,Negative,10-12,1,8-7,Nil,Nil,NIL,8.2,4.4,53.8,73,18,15,13.3,43.9,3055,55,40,6,3,1.1,1.35,2.32,0.35,0.42,0.07,176,11.8,13,0.1,17.9,0.1,0.05,0.13,0.38,199,58,70.9,38,190,186,3.4,1.22,0.82,6.1,3,3.1,339,55,20,45,7.1,4.4,2.7,1.63,0.6,12,5.604,9.34,144,5,81,5.3,64.46,161,246,407,39.56,9,211.6,0.5,20.6,140.6,14.65,11.6,3.2,195,12.9,2.3,130,64,97,99
797727,KLTRS13NLZ,536112,26/10/2018,06:46,07:35,Light Yellow,Clear,1.025,6.9,Trace,4+,Negative,Trace,Negative,Normal,Negative,13-15,0,1-3,Nil,Nil,NIL,14.5,4.1,47.8,95.1,35,30,11.8,41.6,6101,44,43,2,8,0,1.24,2.66,1.42,0.28,0.04,213,7.2,11,0.3,21,0.1,0.22,0.24,0.73,175,40,76.1,34.2,171,191,4.4,1.9,0.53,0.4,0,0.4,57,33,14,37,6.1,3.5,2.6,1.35,1.6,7.7,3.5959,2.25,144,4.6,98,5.8,112.25,151,351,502,30.08,7.3,162.81,0.1,28.6,118.2,24.2,9.6,2.7,193,4.6,1.74,149,113,110,61
845825,MZLGI09BRC,534167,23/10/2018,09:26,10:33,Deep Amber,Hazy,1.02,6.6,Trace,1+,Trace,Negative,Negative,Normal,Negative,10-11,0,1-4,Nil,Nil,Fungal elements,9.2,6,21.5,84.2,15,42,15.6,40.1,10087,41,42,5,5,1.6,2.53,2.12,0.96,0.08,0.09,87,7.3,11,0.13,14.5,1.8,0.11,0.2,0.38,186,59,71.7,38.9,194.5,84,3.2,1.22,0.82,0.9,0.2,0.7,51,37,23,37,7,3.8,3.2,1.19,1,7.5,3.5025,3.5,146,5.7,112,6.5,103.7,269,179,448,60.04,5.7,116.89,0.4,12.7,141.5,8.98,11.1,3.1,163,8.3,0.91,90,74,117,178
318540,PBCHD07HPP,699638,25/10/2018,06:43,07:27,Straw,Clear,1.018,6.7,Trace,Negative,Negative,Negative,Negative,Normal,Negative,3-4,68,12-20,Nil,Moderate,NIL,9.3,5.4,58.6,79.1,17,15,16.6,33.8,6130,33,26,2,8,0,9.07,2.13,0.79,0.06,0.05,250,9.3,13,0.12,29.8,1.8,4.81,3.74,0.09,153,78,124,20.2,101,170,2,1.59,0.63,0.7,0,0.7,122,26,16,31,7,4.5,2.5,1.8,1,11.1,5.1837,5.18,144,4.6,98,5,97.49,173,317,490,35.31,5.8,119.76,0.8,20.9,261,8.01,9.2,3.3,71,9.3,8.32,105,89,96,137
429131,KLTRS04ODB,381031,23/10/2018,09:53,11:15,Deep Amber,Clear,1.018,4.1,Negative,Trace,Negative,Negative,Negative,Normal,Negative,7-9,0,15-18,Nil,Rare,NIL,16.8,5.6,35.2,95.8,30,47,11.7,40,4392,55,40,1,4,0.9,17.35,2.62,1.03,0.53,0.08,296,11,10,0.24,24.3,0.1,1.5,0.5,0.06,146,50,113.1,32.6,163,205,2.9,2.26,0.44,0.5,0.1,0.4,102,16,15,31,7.8,3.7,4.1,0.9,1.1,9.8,4.5766,4.16,147,4.4,110,2.8,71.19,160,272,432,37.04,6.3,134.11,29.1,17.1,139.4,12.27,8,3.8,96,10.1,5.34,119,93,92,102
373580,PBCHD08RJU,591511,24/10/2018,10:19,10:52,Light Yellow,Clear,1.022,6.8,Negative,Trace,Negative,Negative,Negative,Normal,Negative,12-14,6,2-2,Nil,Nil,Artifacts,16.3,4.4,41.4,90.1,37,39,12.1,42.6,9068,40,40,6,6,0,1.55,1.18,0.39,0.67,0.04,357,14.2,11,0.26,14.8,4.3,2.24,0.28,0.11,182,29,70.8,26.6,133,135,6.3,2.44,0.41,0.7,0.3,0.4,70,83,31,13,6.5,4.7,1.8,2.61,0.8,10.1,4.7167,5.9,142,2.7,100,6.5,85.31,129,296,425,30.35,6.4,136.98,0.9,224.7,25.6,877.73,7.9,4.6,42,11.1,2.74,80,81,114,138
598933,MZLGI14GJS,729128,24/10/2018,09:01,10:28,Pale Yellow,Milky,1.011,6.6,Trace,1+,Negative,Negative,Negative,Normal,Negative,8-9,0,1-4,Rare,Rare,Parasites,9.3,5.6,36.7,70.6,16,25,15.3,41.5,18635,44,27,6,4,0,9.1,4.38,0.51,0.4,0.08,34,9.5,11,0.08,15.1,2.4,0.18,0.67,0.58,157,58,57.6,17.5,87.5,210,2.7,0.99,1.01,0.9,0.2,0.7,84,29,34,45,6.6,4.5,2.1,2.14,0.6,14.5,6.7715,11.29,137,4.7,106,2.6,107.62,175,352,527,33.21,6.1,128.37,0.1,12.5,68.3,18.3,10.9,6.1,190,6.2,1.02,85,118,86,90
273613,MZLGI11GJS,620231,22/10/2018,08:24,09:39,Yellow,Hazy,1.015,5.6,Negative,2+,Negative,Negative,Negative,Normal,Negative,8-9,0,3-2,Nil,Nil,Fungal elements,15.8,5.5,26.9,76.4,28,58,11.8,42.7,8389,53,47,4,7,0,6.29,2.23,0.54,0.24,0.09,437,9.7,15,0.25,13.1,4.7,2.65,0.01,0.76,171,79,105.1,32.4,162,138,2.2,1.33,0.75,0.3,0.1,0.2,124,35,60,44,6.9,4.9,2,2.45,1.2,14.4,6.7248,5.6,144,1.9,100,2,119.67,154,134,288,53.47,6.4,136.98,0.6,246.3,21.6,1140.28,11.5,2.3,72,8.2,0.35,76,94,79,88
476714,GYAHD06KLM,634863,22/10/2018,09:15,10:13,Pale Yellow,Hazy,1.015,4.9,Negative,Negative,Negative,Negative,Negative,Normal,Negative,46-51,0,1-4,Nil,Rare,NIL,15.5,5.3,42.2,86,29,36,14.4,35.8,7611,53,30,3,3,0,19.88,1.86,0.2,0.25,0.03,403,8.5,15,0.13,33.9,0.1,0.18,0.07,0.29,215,52,122.7,24.2,121,150,4.1,2.36,0.42,0.8,0.1,0.7,54,20,34,35,8.2,4.6,3.6,1.28,0.6,18.6,8.6862,14.48,132,4.4,99,3,35.8,60,191,251,23.9,5.5,111.15,0.2,122.7,30,409,11.6,2.5,65,14,0.84,83,67,102,73
506502,MZLGI05BRC,432242,25/10/2018,07:21,08:31,Light Yellow,Clear,1.014,6,Trace,Trace,Negative,Negative,Negative,Normal,Negative,63-68,2,1-4,Nil,Moderate,NIL,8.3,5,40.7,99.4,16,20,12.9,39.3,4137,29,34,6,12,0.5,10.26,1.77,0.31,0.34,0.04,681,10.7,14,0.27,40,2.9,2.33,1.27,0.31,196,56,47.5,9.9,49.5,177,3.5,0.85,1.18,5.5,2.7,2.8,67,55,32,19,8.7,4.1,4.6,0.89,0.8,5.6,2.6152,3.27,134,5,112,6.5,92.88,132,108,240,55,6,125.5,0.6,17.6,234.3,7.51,8.7,5.2,158,11.7,0.35,88,83,99,125
679852,MZLGI01GJS,442973,26/10/2018,07:18,07:49,Yellow,Slightly cloudy,1.022,5.2,Trace,Negative,Negative,Negative,Negative,Normal,Negative,6-8,2,2-2,Nil,Nil,Yeast cells,6.3,5.9,48,97.5,10,13,12.1,43.6,50493,53,25,6,8,0,9.36,7.33,0.08,0.41,0.05,130,11.4,16,0.39,16.9,0.1,0.42,0.49,2.41,152,68,41.4,#VALUE!,#VALUE!,91,2.2,0.61,1.64,0.7,0.2,0.5,83,34,17,39,5.3,4,1.3,3.08,2.5,13.6,6.3512,2.54,143,2.6,96,3.2,97.37,122,344,466,26.18,7.9,180.03,0.8,27.9,108.4,25.74,9.5,3.8,70,19.8,0.5,120,84,72,233
982692,PBCHD15KLC,542497,22/10/2018,08:11,09:34,Pale Yellow,Slightly cloudy,1.011,6.4,Negative,Trace,Negative,Negative,Negative,Normal,Negative,13-14,1,1-4,Rare,Nil,Amorphous debris,15.3,4.9,13.4,93.6,31,114,13,39.3,4751,51,34,1,4,0,3.3,3.28,1.48,0.65,0.1,446,9.4,12,0.39,21.6,3.5,0.34,0.07,0.38,231,59,58.2,10.6,53,163,3.9,0.99,1.01,0.7,0.2,0.5,81,38,31,11,6.5,4.8,1.7,2.82,0.8,19.5,9.1065,11.38,149,4.4,114,4.8,95.64,155,146,301,51.5,6.2,131.24,0.5,24.8,185.9,13.34,8.6,3,67,11.9,1.05,105,77,169,105
981935,GYAHD03KAU,384542,26/10/2018,06:47,08:04,Yellow,Clear,1.024,5.7,Trace,Negative,Negative,Negative,Negative,Normal,Negative,TNTC,2,3-4,Nil,Nil,Parasites,8.7,4.5,55.2,80.6,19,15,9.4,39.7,5711,53,15,1,2,5.3,0.87,4.73,0.21,0.08,0.01,588,8.7,19,0.1,14.3,1.3,0.14,0.21,0.35,102,20,53.7,37.7,188.5,157,5.1,2.69,0.37,1,0.3,0.7,91,27,16,15,7.3,4,3.3,1.21,0.9,17.8,8.3126,9.24,146,2.6,108,5.5,100.53,101,204,305,33.11,6.4,136.98,0.1,17.9,136.3,13.13,9.2,4.6,289,5.9,4.41,79,70,114,238
657378,KLTRS15TSS,195727,22/10/2018,06:46,07:16,Straw,Slightly cloudy,1.011,5,1+,Negative,Negative,Negative,Negative,Normal,Negative,8-9,16,2-2,Nil,Nil,NIL,16.9,5.9,15.6,71,28,108,11.8,39.9,6313,57,22,3,4,0,3.32,1.79,0.53,0.08,0.03,429,7.1,11,0.33,15.5,4,0.33,0.1,0.2,171,37,77.4,23.4,117,89,4.6,2.09,0.48,0.9,0.2,0.7,83,48,39,41,6.1,4,2.1,1.9,1.8,10.9,5.0903,2.83,145,3.7,103,6.6,116.74,40,223,263,15.21,5.9,122.63,0.1,21.9,185.8,11.79,9.3,2.8,225,9.3,11.16,149,70,98,355
911527,PBCHD06RJU,211157,22/10/2018,09:15,10:05,Dark Yellow,Clear,1.011,5.8,Negative,1+,Negative,Negative,Negative,Normal,Negative,2-3,3,2-4,Rare,Rare,Parasites,14.7,5,42.6,98,29,34,12.3,42.2,10355,73,34,22,5,0,1.12,1.5,0.59,0.04,0.07,301,5.1,11,0.26,14.2,2.9,0.29,0.25,0.4,195,57,92.6,16.6,83,197,3.4,1.62,0.62,0.5,0,0.5,119,11,27,47,7,4.3,2.7,1.59,0.6,14.8,6.9116,11.52,149,6.4,108,3.2,115.71,192,211,403,47.64,5.3,105.41,0.7,20.9,133.7,15.63,11.7,2.9,144,16.8,0.91,102,60,91,87
849322,PBCHD06PBP,504089,25/10/2018,10:55,11:58,Deep Amber,Milky,1.011,7.5,Negative,Negative,Negative,3+,Trace,Normal,Negative,11-12,2,>20,Moderate,Nil,Amorphous debris,16.2,5.8,47.8,93.9,27,33,13.1,31,7571,51,36,1,5,0,7.35,4.33,0.07,0.41,0.1,140,7.5,19,0.37,23.9,4.5,0.35,3.86,0.91,115,48,99.7,50.6,253,157,2.4,2.08,0.48,0.3,0,0.3,64,35,10,46,8.3,3.7,4.6,0.8,1,10.1,4.7167,4.72,147,1.9,113,2.9,95.12,65,315,380,17.11,6.1,128.37,0.9,11.8,115.8,10.19,10.9,2.8,157,6.3,3.35,87,89,104,92
669275,MZLGI07MHP,643099,26/10/2018,07:01,08:13,Pale Yellow,Slightly cloudy,1.015,6,Trace,Negative,Trace,Negative,Negative,Normal,Negative,12-13,0,3-4,Nil,Nil,NIL,19.7,5.9,44,97.2,33,44,13.1,42.6,4850,47,44,8,8,0,5.85,1.56,0.6,0.26,0.01,133,7.4,12,0.36,13.9,0.1,0.13,0.09,0.78,167,33,186.7,37.3,186.5,157,5.1,5.66,0.18,2.4,0,2.4,110,42,31,27,6.8,3.7,3.1,1.19,0.7,5.9,2.7553,3.94,143,2.6,97,2,100.12,65,188,253,25.69,5.8,119.76,0.7,11.2,42,26.67,10,3.5,177,3.6,3.57,81,74,237,76
596162,GYAHD11KAU,462531,23/10/2018,10:01,10:51,Straw,Slightly cloudy,1.019,4.6,Trace,Negative,Trace,Negative,Negative,Normal,Negative,12-14,0,14-17,Nil,Nil,NIL,17.1,6.4,40,89,26,42,10.1,44.4,6166,39,27,4,8,0,8.42,1.32,0.25,0.17,0.05,101,9,16,0.09,12.4,4.6,0.01,0.28,0.28,237,41,67.2,57.3,286.5,117,5.8,1.64,0.61,0.9,0.2,0.7,91,39,29,13,7.9,3.6,4.3,0.84,0.6,14.2,6.6314,11.05,137,4.8,105,5.9,99.23,73,343,416,17.55,7,154.2,0.5,17.8,143.1,12.44,9.5,3.5,277,10.3,1.18,85,79,83,104
257261,MZLGI11GJS,698214,24/10/2018,08:12,09:38,Pale Yellow,Clear,1.014,6.9,Trace,Trace,Negative,Negative,Negative,Normal,Negative,11-12,0,3-2,Few,Nil,Parasites,9.3,4.8,39.2,90,19,23,12.9,41.8,3052,63,24,6,10,0,1.96,0.53,0.31,0.46,0.03,220,7.3,17,0.08,28.3,3.1,0.08,0.16,0.16,204,77,123.3,75,375,124,2.6,1.6,0.62,0.6,0.2,0.4,53,21,34,43,6.1,4.6,1.5,3.07,1.9,7.7,3.5959,1.89,139,5.9,97,3.6,109.88,157,230,387,40.57,12.2,303.44,0.7,11.9,146.4,8.13,8.6,2.9,196,19.7,3.54,97,93,261,286
740530,PBCHD10HPP,791152,26/10/2018,10:02,10:38,Dark Yellow,Clear,1.017,4.9,Trace,Negative,Negative,Negative,Negative,Normal,Negative,13-15,0,3-3,Nil,Moderate,Yeast cells,10,4.4,54.8,99.3,22,18,9.2,35.6,10433,43,27,2,2,0,14.22,5.98,0.74,0.4,0.02,410,9.4,16,0.37,20.8,1.4,5.95,0.26,0.58,232,50,67.9,79.2,396,108,4.6,1.36,0.74,1.2,0.1,1.1,63,12,34,48,6.2,4,2.2,1.82,1.2,33.5,15.6445,13.04,140,4.8,109,2.2,110.33,152,286,438,34.7,6.9,151.33,0.5,10.3,128.8,8,11.7,5.7,146,7,3.59,83,149,90,178
918886,MZLGI08APK,305844,22/10/2018,08:44,10:00,Light Yellow,Clear,1.014,7,Negative,Negative,Negative,Negative,Negative,Normal,Negative,TNTC,3,5-13,Nil,Nil,Yeast cells,16.1,4.4,21.7,48.2,36,74,15,42.3,9653,70,31,6,7,0.6,3.24,2.7,0.75,0.12,0.07,388,7.1,14,0.38,41.2,0.1,0.21,0.1,0.31,713,77,89.3,24.6,123,83,9.3,1.16,0.86,0.7,0.3,0.4,123,18,36,38,6.2,4.2,2,2.1,1.2,15.4,7.1918,5.99,139,2.7,95,4.9,103.45,175,233,408,42.89,6.7,145.59,0.1,26.8,123.9,21.63,10.1,4.9,182,7.5,0.68,98,70,134,292
639014,MZLGI13APK,802306,22/10/2018,08:24,09:15,Light Yellow,Clear,1.016,7.9,Negative,Trace,Negative,Negative,Negative,Normal,Negative,13-14,0,2-4,Nil,Nil,NIL,20.4,4.5,44.7,89.3,45,45,13.2,39.8,8608,79,41,5,2,0,2.3,2.03,0.2,0.14,0.06,382,8,14,0.25,13.8,0.6,0.84,0.27,0.31,166,40,87.9,15.7,78.5,118,4.2,2.2,0.46,0.7,0.3,0.4,126,39,35,25,7.8,4.1,3.7,1.11,0.8,38.7,18.0729,22.59,122,3.8,81,5.1,97.91,136,223,359,37.88,5,96.8,0.4,21.8,63.4,34.38,11.1,3.1,195,14.8,9.93,140,100,109,140
808825,PBCHD10HPP,861875,22/10/2018,11:12,12:04,Yellow,Slightly cloudy,1.011,5.4,Negative,2+,Negative,Negative,Negative,Normal,Negative,12-13,1,3-2,Rare,Nil,Amorphous debris,12.1,4,51.5,45.7,30,23,12.3,45.3,5863,36,29,5,4,0,5.54,1.87,0.74,0.2,0.06,417,11,13,0.19,39,7.2,0.28,0.63,0.57,138,51,45.6,13.2,66,160,2.7,0.89,1.12,6.1,3,3.1,63,34,40,40,7.3,4.1,3.2,1.28,1.1,28.3,13.2161,12.01,143,4.5,99,3.8,93.18,111,351,462,24.03,6.2,131.24,0.8,15.9,77.3,20.57,11.7,3.6,171,14.8,0.61,89,87,71,68
954209,KLTRS03ODB,565338,26/10/2018,06:55,08:01,Light Yellow,Clear,1.021,5,Trace,Trace,Negative,Negative,Negative,Normal,Negative,2-4,2,3-2,Rare,Nil,NIL,15.7,4.6,47.4,90.1,34,33,13,45.8,36928,50,32,4,7,0,8.13,1.18,0.35,0.09,0.07,178,8.5,10,0.23,16,1.3,0.39,6.81,0.17,216,52,71.4,5.1,25.5,68,4.2,1.37,0.73,0.7,0.3,0.4,115,44,18,46,8.1,4.6,3.5,1.31,0.8,50.9,23.7703,29.71,133,5.6,108,2.7,104.89,105,233,338,31.07,7.9,180.03,0.5,17.4,87.8,19.82,9.7,4,254,9.2,0.44,137,60,94,127
669191,MZLGI01APK,789660,22/10/2018,07:30,08:53,Light Yellow,Clear,1.039,5.7,Trace,Negative,Negative,Negative,Negative,Normal,Negative,6-8,2,10-19,Nil,Moderate,NIL,8.9,4.4,42.9,80.2,20,20,11.9,41.4,9981,60,35,4,3,0.7,1.45,2.32,0.38,0.42,0.06,1042,6.8,20,0.31,13.4,1.7,0.33,0.15,0.32,162,52,152.8,24.2,121,174,3.1,2.94,0.34,0.7,0.3,0.4,101,38,12,11,5.5,4.9,0.6,8.17,1,14.1,6.5847,6.58,128,4.5,111,5,108.53,147,233,380,38.68,6.3,134.11,0.6,11.9,208.2,5.72,13.4,5.6,192,14.8,3.04,70,113,67,129
699907,PBCHD07GAM,938192,26/10/2018,11:31,12:51,Light Yellow,Hazy,1.019,4.6,Negative,Negative,Negative,Negative,Negative,1+,Negative,11-13,2,2-3,Moderate,Nil,Mucus threads,16.5,6.4,29.3,74.1,25,56,14.1,42,5357,59,31,5,2,0,5.6,1,0.78,0.32,0.05,248,9,16,0.12,14,4.3,0.31,0.02,0.33,174,38,170.1,79.2,396,128,4.6,4.48,0.22,0.8,0.1,0.7,64,4,10,40,7.5,3.7,3.8,0.97,1.1,38.2,17.8394,16.22,143,3.8,95,5,107.98,99,231,330,30,6.1,128.37,0.9,27.6,415.5,6.64,10.1,3.9,159,10.3,12.35,84,117,99,75
139191,GYAHD12KLM,639650,26/10/2018,08:12,08:49,Pale Yellow,Slightly cloudy,1.027,6.3,Negative,Negative,Negative,2+,Negative,1+,Negative,8-9,2,5-8,Nil,Nil,Fat droplets or lipiduria,14.8,5.3,27.3,85.8,27,54,12.3,44.6,2319,49,37,4,7,0,6.85,2.65,0.39,0.12,0.08,424,11.5,16,0.73,16.4,2.2,6.3,0.54,0.15,411,54,82.8,76.6,383,165,7.6,1.53,0.65,0.8,0.1,0.7,53,3,37,25,6.1,3.9,2.2,1.77,0.9,11.1,5.1837,5.76,139,3.7,113,4.9,98.97,131,146,277,47.29,5.9,122.63,0.1,22.8,145.6,15.66,7.6,3.5,102,9.2,2.42,85,92,77,136
786571,PBCHD08SKM,773260,24/10/2018,10:28,11:00,Pale Yellow,Hazy,1.02,5.4,Trace,Trace,Negative,Negative,Negative,Normal,Negative,9-11,4,2-2,Few,Nil,Artifacts,11.1,4.3,60.7,76.3,25,18,12.1,45.5,9667,55,28,11,6,0,5.66,1.23,0.29,0.15,0.06,304,9.6,12,0.28,19.4,0.1,0.2,0.15,0.58,159,79,58.6,12.9,64.5,128,2,0.74,1.35,0.4,0.1,0.3,92,28,27,46,7.2,3.5,3.7,0.95,0.6,6.4,2.9888,4.98,143,4.2,101,5.4,110.15,132,295,427,30.91,6,125.5,0.3,12.7,111.8,11.36,10.3,3.6,47,7,5.39,184,103,83,102
327932,GYAHD01KAU,837099,24/10/2018,07:11,08:06,Orange,Clear,1.014,5.3,Negative,4+,Negative,Negative,1+,Normal,Negative,13-14,1,3-3,Nil,Few,NIL,8.6,6.1,42.3,71.2,14,20,12.4,45,5881,60,18,19,0,5.5,7.03,1.74,1.2,0.11,0.05,194,7.6,27,0.22,22.3,1.6,0.24,0.08,0.39,160,44,77.9,6.2,31,66,3.6,1.77,0.56,0.9,0.2,0.7,57,37,34,15,5.3,4.5,0.8,5.63,1.1,18.9,8.8263,8.02,138,3.6,95,6.4,98.53,68,310,378,17.99,6.8,148.46,0.6,17.6,97,18.14,9,3,171,5.6,3.13,71,89,72,160
678498,GYAHD03ODK,128778,26/10/2018,11:48,12:28,Yellow,Slightly cloudy,1.019,6.6,Negative,1+,Negative,Negative,Negative,Normal,Negative,6-8,0,3-4,Nil,Rare,NIL,10.4,4.9,35.1,53.1,21,29,12.7,45.8,9545,34,55,5,2,0,9.88,1.99,0.99,0.57,0.4,183,13.5,16,0.11,19.8,0.8,0.31,0.22,0.12,168,49,107,31.9,159.5,123,3.4,2.18,0.46,0.7,0,0.7,111,17,63,26,5.1,4.5,0.6,7.5,1.2,19.2,8.9664,7.47,147,3.6,102,3.7,90.39,72,356,428,16.82,13.3,335.01,0.1,183.9,114.1,161.17,10.9,2.8,125,10.5,7.75,186,97,75,72
191948,MZLGI02BRC,469166,25/10/2018,10:40,12:08,Straw,Slightly cloudy,1.01,5.7,Negative,1+,Negative,Negative,Negative,Normal,Negative,TNTC,2,2-2,Nil,Nil,Fungal elements,17.3,5.2,27.1,66.5,33,63,11.6,41.1,13208,63,40,6,4,0,2.03,1.63,0.08,0.36,0.28,293,8.2,16,0.28,31.4,0.4,0.27,0.49,0.3,200,44,132.4,71.9,359.5,84,4.5,3.01,0.33,0.9,0.3,0.6,115,36,21,12,7.3,4.2,3.1,1.35,1.2,17.5,8.1725,6.81,149,4.5,105,2.2,103.5,143,346,489,29.24,6.4,136.98,0.5,12.3,137.8,8.93,9.1,3.1,238,3.8,1.07,110,94,95,102
994271,PBCHD13KLC,543194,22/10/2018,09:52,11:10,Yellow,Hazy,1.018,6.7,Trace,Trace,Negative,Negative,Negative,Normal,Negative,6-7,1,1-4,Nil,Nil,Parasites,13,5.8,47.5,94.2,22,27,14.1,43.2,7823,67,19,2,5,0,1.48,1.88,0.86,0.2,0.08,154,9.2,15,0.06,12.1,7.4,0.2,1.78,0.61,129,74,93.8,8.3,41.5,96,1.7,1.27,0.79,0.8,0.3,0.5,99,39,28,27,6.4,5,1.4,3.57,0.7,12.7,5.9309,8.47,137,4.9,102,5.5,102.15,93,114,207,44.93,6.4,136.98,2.2,25.1,78.6,31.93,11,4.2,71,4.8,8.15,132,73,75,90
750756,KLTRS02WBD,772815,23/10/2018,06:06,07:27,Light Yellow,Clear,1,4.8,Negative,Negative,Negative,Negative,Negative,Normal,Negative,9-11,2,3-3,Nil,Few,NIL,13.7,5.3,33.1,77.1,25,41,13,39.9,7007,41,12,4,8,0,0.65,2.64,0.7,0.67,0.03,388,11.8,11,0.33,39.6,0.1,1.62,0.01,0.69,178,42,92.2,34.9,174.5,111,4.2,2.2,0.46,0.8,0.3,0.5,53,45,28,33,8.2,4.2,4,1.05,1.1,88.7,41.4229,37.66,144,5.7,82,2.6,99.15,124,352,476,26.05,9.2,217.34,0.9,16.8,92.5,18.16,9.5,5.4,161,3.6,5.58,138,134,70,102
990098,PBCHD05MHS,100122,23/10/2018,11:14,12:10,Light Yellow,Clear,1.016,6.7,Trace,Negative,Negative,Negative,Negative,Normal,Negative,9-11,2,>20,Nil,Nil,Mucus threads,12.1,4.3,23.4,89,28,51,14.5,44.8,8779,57,38,2,8,0.4,4.11,2.09,0.45,0.6,0.03,116,11.9,17,0.3,13,2,0.31,0.91,0.15,635,53,96.9,37.5,187.5,107,12,1.83,0.55,0.2,0,0.2,124,55,26,22,7.8,4.2,3.6,1.17,1.8,5.5,2.5685,1.43,146,5.3,111,9.7,110.51,180,94,274,65.69,6,125.5,6.4,17.1,50.3,34,8.6,4.2,114,22.6,1.75,86,187,95,82
986691,GYAHD09ODK,617627,23/10/2018,09:05,10:23,Straw,Hazy,1.016,5.4,Negative,Trace,Negative,Negative,Negative,Normal,Negative,6-7,2,1-4,Nil,Nil,Fat droplets or lipiduria,13.4,8.1,52.3,87.7,16,25,12.9,41.9,10129,46,54,5,6,0,1.06,1.18,0.26,0.35,0.08,120,7.2,18,0.27,37,0.8,3.91,0.22,0.37,240,40,100.7,36.8,184,123,6,2.52,0.4,0.4,0.1,0.3,56,7,23,31,6.3,4.4,1.9,2.32,1.2,19.9,9.2933,7.74,146,4.4,87,8.8,105.83,197,346,543,36.28,6.3,134.11,0.4,15.6,75.2,20.74,9.9,4.2,251,6.3,2.31,110,66,73,155
270400,MZLGI15BRC,381877,22/10/2018,07:50,09:11,Red,Slightly cloudy,1.011,6.4,Negative,Trace,Negative,Negative,Negative,2+,Negative,3-5,1,3-4,Nil,Nil,Amorphous debris,9.7,4.6,38,79.5,21,25,11.8,30.6,9668,63,23,4,5,0,8.93,1.97,0.05,0.07,0.09,414,9,17,0.41,32.3,6,4.39,0.57,2.88,187,21,71.8,34.4,172,216,8.9,3.42,0.29,1.3,0.2,1.1,60,8,24,28,7.9,4.7,3.2,1.47,1,13.4,6.2578,6.26,138,4.6,103,4.7,95.46,133,259,392,33.93,6.3,134.11,1,18.6,113.6,16.37,10.1,5.3,86,12.4,1.71,119,62,125,98
794510,GYAHD05JHJ,465756,22/10/2018,06:26,07:09,Light Yellow,Clear,1.019,5.9,Trace,Trace,Trace,Negative,Negative,Normal,Negative,5-7,1,3-4,Nil,Rare,NIL,14.5,4.7,10.8,44.7,30,134,12.1,45.7,8822,58,15,4,4,0,6.51,2.11,0.71,0.32,0.01,510,9.5,18,0.37,31.1,4.3,0.11,0.2,0.01,227,60,54.7,25.3,126.5,187,3.8,0.91,1.1,0.4,0,0.4,123,14,39,9,7,3,4,0.75,0.9,10.5,4.9035,5.45,128,3.1,81,4.3,116,88,172,260,33.85,6.4,136.98,0.2,21.4,72.3,29.6,11.1,5.4,280,3.3,1.11,151,67,215,76
226943,GYAHD02KLM,840182,26/10/2018,08:08,09:17,Pale Yellow,Slightly cloudy,1.025,4.5,Negative,Negative,Negative,Negative,Negative,Normal,Negative,14-15,2,10-16,Nil,Nil,Artifacts,11.4,6.6,59,80.4,17,19,12.2,43.2,5207,36,28,14,10,0,9.78,4.09,0.84,0.27,0.01,983,9.3,11,0.29,17.5,0.1,0.12,0.04,0.2,376,57,141.4,34.4,172,164,6.6,2.48,0.4,0.5,0,0.5,68,43,39,19,5.2,3.8,1.4,2.71,0.9,13.9,6.4913,7.21,122,6,103,5.4,111.81,139,294,433,32.1,10.2,246.04,0.9,24.6,147.8,16.64,11.1,2.1,131,15.7,2.15,117,75,223,113
514658,PBCHD12RJU,278727,22/10/2018,10:01,10:57,Straw,Clear,1.018,5.4,1+,Trace,Negative,Negative,Negative,Normal,Negative,11-13,1,2-2,Nil,Nil,NIL,11,5.6,56.2,95.5,19,19,13,41.1,9361,34,38,10,4,0,6.91,1.66,0.01,0.34,0.1,265,8.7,14,0.19,24.3,5.2,0.11,0.4,0.17,240,72,86.2,50.5,252.5,186,3.3,1.2,0.84,0.2,0,0.2,97,40,10,16,8.3,4,4.3,0.93,1.1,16,7.472,6.79,121,2.7,104,7,113.49,189,261,450,42,6,125.5,0.1,15.8,229,6.9,9.4,5.6,215,6,3.21,92,145,75,149
239096,GYAHD10KAU,752340,24/10/2018,09:13,10:14,Pale Yellow,Slightly cloudy,1.025,4,Negative,Negative,Negative,Negative,Negative,Normal,Negative,13-15,1,3-4,Nil,Rare,NIL,10.8,5.5,61.8,87.3,19,17,12.1,49.2,7622,22,29,4,12,0,6.76,2.83,0.35,0.87,0.1,316,9,25,0.28,13,3.1,0.29,0.13,0.1,535,40,81.4,20.5,102.5,76,13.4,2.04,0.49,0.4,0.1,0.3,109,26,27,41,7.4,4.3,3.1,1.39,0.8,17.9,8.3593,10.45,135,1.7,98,3.5,112.73,157,248,405,38.77,6.8,148.46,0,13.6,124.4,10.93,10.5,5.4,81,5,1.18,104,85,74,138
463168,MZLGI08MHP,388215,25/10/2018,09:42,10:44,Light Yellow,Clear,1.017,5.4,Negative,Negative,Negative,Negative,Negative,Normal,Negative,4-5,6,1-4,Nil,Nil,Yeast cells,10,4.1,20.4,91.3,24,49,13.6,40,6914,60,20,1,6,0,3.92,2.5,0.5,0.63,0.04,225,13.6,11,0.26,33.4,0.1,0.03,0.15,0.33,675,46,134.8,27.1,135.5,183,14.7,2.93,0.34,0.5,0.2,0.3,125,7,14,13,7.7,4.8,2.9,1.66,0.9,16.3,7.6121,8.46,146,4.1,97,6,116.31,110,298,408,26.96,8.6,200.12,0.6,16.3,100.3,16.25,9.4,3.4,112,3,2.17,102,88,248,132
663298,PBCHD09PBM,529886,22/10/2018,09:34,10:42,Light Yellow,Slightly cloudy,1.012,6.9,Negative,Negative,Negative,1+,Negative,Normal,Negative,14-15,2,10-16,Nil,Nil,NIL,20.2,5.7,48.7,74.7,35,41,13.6,42,8216,58,48,3,9,0,0.43,2.77,0.73,0.45,0.05,274,7.1,14,0.2,27.4,6.4,0.04,0.38,1.86,183,54,89.5,19.5,97.5,111,3.4,1.66,0.6,0.5,0.2,0.3,126,39,37,28,7.3,3.9,3.4,1.15,0.9,63.1,29.4677,32.74,137,4.7,105,4.2,95.38,197,236,433,45.5,6.9,151.33,0.5,26.3,71.3,36.89,9.3,6.7,183,11.9,0.84,70,85,64,160
441173,MZLGI02APK,744001,25/10/2018,06:26,07:38,Pale Yellow,Slightly cloudy,1.022,6.7,Negative,Negative,Negative,Negative,Negative,Normal,Negative,4-6,2,2-4,Nil,Nil,NIL,13,5.4,22.2,48.8,24,58,13.7,42.9,7775,46,41,3,2,0,2.17,2.42,0.28,0.5,0.08,308,11,5,0.23,30.6,2.7,2.96,1.18,0.38,160,48,79.5,43.7,218.5,151,3.3,1.66,0.6,0.4,0,0.4,107,7,10,15,5.7,4.1,1.6,2.56,1.2,18.1,8.4527,7.04,122,5,74,4.7,119.57,105,350,455,23.08,15,383.8,0.7,17.2,85.5,20.12,10,5.6,218,9.9,4,74,89,118,291
707151,KLTRS01WBD,424095,23/10/2018,06:31,07:17,Pale Yellow,Clear,1.014,6.4,Negative,Negative,Negative,Negative,Negative,Normal,Negative,2-4,2,1-2,Nil,Nil,NIL,9,4,36.8,72.8,22,24,13.3,41.4,6272,51,36,2,5,0,9.27,1.11,0.91,0.52,0.08,10,9.8,12,0.16,20.1,5.2,4.24,0.32,0.71,192,40,90.4,5.5,27.5,103,4.8,2.26,0.44,0.6,0.1,0.5,94,23,33,19,7.4,4,3.4,1.18,1.2,15.9,7.4253,6.19,133,3.5,95,4.8,72.03,41,281,322,12.73,6.2,131.24,0.1,11.8,101.6,11.61,11.8,4.8,96,10.9,6.34,133,92,106,287
587363,PBCHD02PBM,303137,22/10/2018,09:29,10:54,Straw,Clear,1.023,7,1+,Negative,Negative,Negative,Negative,Normal,Negative,11-13,2,1-4,Nil,Nil,Amorphous debris,10.7,4.5,30.6,74.2,23,34,12.1,40.8,22131,40,20,9,12,0,8.65,2.81,0.6,0.09,0.09,353,5.3,10,0.71,33.3,1.2,0.21,0.34,0.34,178,28,94.7,87.6,438,220,6.4,3.38,0.3,0.3,0.1,0.2,118,43,23,12,7.9,4.7,3.2,1.47,1.2,42.4,19.8008,16.5,149,3.5,102,3.4,96.96,165,285,450,36.67,7.4,165.68,0.4,12.4,93.6,13.25,9,4.1,106,5.4,4.66,76,96,77,139
129681,GYAHD12KLM,152901,22/10/2018,06:19,07:38,Light Yellow,Clear,1.011,4.9,Negative,1+,Negative,Negative,Negative,Normal,Negative,13-15,3,1-2,Nil,Nil,NIL,8.5,6.3,13.8,83.4,13,61,12.8,47.3,9886,50,20,4,7,0,9.89,4.22,1.37,0,0.2,50,8.4,16,0.1,33.4,2.1,0.4,0.17,0.17,153,39,65.1,25.1,125.5,74,3.9,1.67,0.6,0.3,0,0.3,67,44,35,26,7,3.6,3.4,1.06,0.8,78.9,36.8463,46.06,142,3.8,105,2.6,112.55,168,200,368,45.65,6,125.5,0.8,17.4,253.8,6.86,9.3,5,275,2.8,2.2,119,90,71,194
377840,MZLGI10APK,512630,24/10/2018,10:45,11:41,Yellow,Hazy,1.013,6.6,3+,Trace,Negative,Negative,Negative,Normal,Negative,13-14,0,>20,Moderate,Nil,Artifacts,11.2,5.2,34.4,82.1,21,32,12.7,35.8,5700,51,24,5,8,1,10.95,2.86,0.32,0.16,0.06,86,7.4,13,0.38,33.3,1,0.77,0.48,0.95,167,56,91.3,29.6,148,126,3,1.63,0.61,0.8,0.1,0.7,90,15,18,24,7.1,5.5,1.6,3.44,0.9,13.5,6.3045,7.01,136,3.3,106,3.5,114.89,91,204,295,30.85,6.3,134.11,0.9,27.2,97.4,27.93,11.8,3.2,49,10.6,0.2,94,75,84,190
182518,KLTRS02TSS,861675,26/10/2018,06:45,07:26,Pale Yellow,Clear,1.017,6.5,Trace,Trace,Trace,Trace,3+,Normal,Negative,8-9,13,1-4,Nil,Nil,NIL,11,5.9,21.4,88.2,18,51,13.8,44.1,18665,68,22,3,8,0.7,5.98,4.47,0.65,0.26,0.03,248,13.9,27,0.33,28.4,0.3,0.29,0.19,0.02,171,42,95.3,32.2,161,101,4.1,2.27,0.44,0.6,0,0.6,73,27,17,44,8,4.5,3.5,1.29,1.2,8.2,3.8294,3.19,148,4.6,103,6.7,112.52,127,255,382,33.25,11.7,289.09,1,24.4,126.5,19.29,9,2.8,161,5.7,2.42,78,65,76,126
467954,KLTRS13ODB,893443,22/10/2018,11:24,12:24,Red,Opaque,1.018,6.7,Negative,Negative,Trace,Negative,Negative,Normal,Negative,7-9,1,15-11,Nil,Nil,NIL,7.7,3,64.6,46.4,25,11,12.3,41.6,7311,47,22,17,5,0,1.77,4.98,0.56,0.18,0.17,261,7.4,14,0.73,35.4,3.5,3.59,0.18,0.13,173,39,174.5,21,105,87,4.4,4.47,0.22,18.2,13.7,4.5,79,31,36,24,6.4,5.3,1.1,4.82,0.6,12.7,5.9309,9.88,126,2.2,98,3.5,117.76,95,350,445,21.35,11.7,289.09,0.1,17.9,128.7,13.91,8.7,3.7,167,9.9,8.18,125,84,90,116
333597,MZLGI07GJS,692868,24/10/2018,10:43,11:54,Straw,Slightly cloudy,1.02,5.4,3+,Negative,Negative,Negative,Negative,Normal,Negative,2-4,10,1-2,Nil,Nil,Artifacts,14.7,5.4,53.6,45.6,27,27,14.2,41.7,7694,31,39,6,12,0,7.54,3.23,0.52,0,0.08,309,11.2,14,0.36,33.2,0.1,0.2,5.73,0.23,201,48,84.7,64.9,324.5,60,4.2,1.76,0.57,0.7,0.3,0.4,103,25,16,11,7.7,3.8,3.9,0.97,1,16.8,7.8456,7.85,145,4.7,110,3.1,108.28,66,224,290,22.76,7.1,157.07,0.1,15.1,144.4,10.46,8.9,3.3,68,6.4,3.96,284,202,91,71
582652,PBCHD01SKM,828675,24/10/2018,10:41,12:01,Yellow,Hazy,1.011,8,Negative,Trace,Negative,Negative,Trace,Normal,Negative,9-11,2,3-4,Nil,Moderate,Artifacts,16.7,6.8,50.4,109.6,24,33,12.5,41.2,7650,42,28,1,3,0,9.51,2.09,1.04,0.36,0.32,41,8.1,13,0.26,19.3,3.2,1.55,6.1,0.69,179,54,78.4,7.6,38,102,3.3,1.45,0.69,1.3,0.6,0.7,48,4,36,16,7.3,3.8,3.5,1.09,1,7.8,3.6426,3.64,122,4.9,108,4.7,101.81,169,134,303,55.78,8.3,191.51,0.2,26.4,83.2,31.73,10,5.4,272,11.9,3,88,76,70,132
886997,MZLGI05BRC,978140,22/10/2018,10:22,11:43,Straw,Hazy,1.018,6.9,Negative,Negative,1+,Negative,Negative,Normal,Positive,5-7,0,3-3,Rare,Rare,NIL,4.6,4.9,47.4,82,9,9,12.3,39.7,5198,70,28,22,8,0,21.4,0.87,0.42,0.08,0.05,123,11.8,17,0.34,14.9,4.8,2.65,0.28,0.39,178,58,92.9,11.3,56.5,94,3.1,1.6,0.62,0.6,0,0.6,88,14,11,32,8.3,4.5,3.8,1.18,1.1,11.9,5.5573,5.05,136,4.4,107,5.6,93.16,84,251,335,25.07,5.7,116.89,0.8,287.3,138.9,206.84,12.7,2.6,71,8.6,3.23,81,72,86,201
639179,GYAHD09KAU,408370,23/10/2018,09:20,09:56,Pale Yellow,Clear,1.014,6.5,Negative,2+,Negative,Negative,Negative,Normal,Negative,7-9,0,10-16,Rare,Rare,Artifacts,8.3,5.9,58.8,73.2,14,14,14.6,44.3,6294,53,40,6,8,5.5,7.46,6.93,0.27,0.35,0.06,126,7,17,0.22,17.6,4.4,0.39,0.35,0.17,236,22,74.5,32.6,163,67,10.7,3.39,0.3,0.7,0.3,0.4,66,12,30,19,7.9,3.7,4.2,0.88,0.7,14.1,6.5847,9.41,147,4.5,96,2.3,97.52,114,258,372,30.65,7.2,159.94,0,130.7,128.8,101.48,10.4,6.5,120,4.6,3.72,93,84,89,166
789574,PBCHD14SKM,147782,26/10/2018,06:59,08:03,Pale Yellow,Clear,1.013,6.8,Negative,Trace,Negative,2+,Negative,Normal,Negative,8-9,4,10-14,Nil,Nil,NIL,14.1,5.9,43.3,84.5,23,32,13.2,29.6,4402,58,33,5,4,2.6,1.39,1.86,0.46,0.06,0.06,1056,5.2,11,0.24,15.6,1.9,0.16,0.97,0.29,199,43,105.4,95.7,478.5,69,4.6,2.45,0.41,1.1,0.5,0.6,69,37,39,39,6.1,4.5,1.6,2.81,1,13.4,6.2578,6.26,139,3.5,101,5.3,108.33,154,108,262,58.78,6.4,136.98,0.7,21,58.3,36.02,10.3,3.7,153,9.6,0.1,76,69,88,313
387298,MZLGI06MHP,511511,25/10/2018,06:05,06:37,Yellow,Clear,1.015,5.7,Trace,Negative,Negative,Negative,Negative,Normal,Negative,8-9,1,5-9,Few,Nil,NIL,15.9,5.4,20.1,95.6,29,79,12.1,42.2,4233,49,54,2,2,0,1.43,2.91,0.9,0.63,0.02,326,10.1,15,0.3,40.1,2.8,0,0.53,0.34,207,51,96,101.1,505.5,127,4.1,1.88,0.53,0.7,0.3,0.4,105,8,28,29,6.4,3.6,2.8,1.29,1.2,16.1,7.5187,6.27,141,3,96,4,102.95,165,205,370,44.59,7.4,165.68,0.1,14.4,176.3,8.17,12.6,4.5,66,7.2,4.95,93,67,86,92
811466,PBCHD12GAM,811711,23/10/2018,10:23,10:55,Light Yellow,Hazy,1.023,5,Negative,Negative,Negative,Negative,1+,Normal,Negative,14-15,1,2-4,Nil,Nil,Fat droplets or lipiduria,13.9,6.9,42,51.6,20,33,13.2,43,7522,54,36,1,7,0,1.4,4.58,0.07,0.1,0.08,318,11.1,15,0.38,19.1,1.8,0.18,0.27,0.38,173,57,86.8,12.1,60.5,197,3,1.52,0.66,1.4,0.2,1.2,42,41,21,31,7.2,3.8,3.4,1.12,0.7,16.4,7.6588,10.94,148,4.4,97,9.8,100.94,138,158,296,46.62,6.2,131.24,0.8,17.5,78.7,22.24,10.4,3.9,85,17.5,3.56,137,155,77,247
986400,GYAHD13KAU,311410,23/10/2018,08:55,10:16,Light Yellow,Clear,1.014,5.4,Trace,Trace,Negative,Negative,Negative,Normal,Negative,12-14,3,3-4,Rare,Rare,NIL,8.4,4,34.5,91.6,21,24,13.4,43.4,5849,66,23,5,4,0.3,1.43,1.02,0.32,0.27,0.41,215,14.9,14,0.27,27.3,4,4.47,0.26,0.25,164,46,217.1,8,40,81,3.6,4.72,0.21,11.7,7.2,4.5,44,69,31,38,7,3.8,3.2,1.19,1.1,18.1,8.4527,7.68,147,4.6,95,2.1,46.66,243,300,543,44.75,6.2,131.24,0.7,934,76,1228.95,8.6,3.3,106,8.9,2.75,95,197,96,109
864233,PBCHD14PBM,767394,24/10/2018,09:49,10:44,Light Yellow,Slightly cloudy,1.017,6.6,Negative,Trace,Negative,Negative,Negative,Normal,Negative,11-12,2,3-4,Nil,Nil,Parasites,8.8,5.7,11.1,78.3,15,79,13.5,42.2,2657,37,40,2,5,2.8,3.4,0.52,0.25,0.2,0.07,356,9,10,0.19,32.5,4.6,0.18,0.12,0.22,202,71,92.5,28.6,143,88,2.8,1.3,0.77,0.2,0,0.2,60,44,29,32,6.7,3.3,3.4,0.97,1.1,13.1,6.1177,5.56,123,4.7,109,4.1,93.71,45,180,225,20,7.2,159.94,0.4,249.4,449.6,55.47,10.2,2.8,107,4.9,0.98,109,89,106,139
887537,GYAHD04KLM,150572,25/10/2018,11:40,12:38,Light Yellow,Hazy,1.019,5.4,1+,Negative,Negative,Negative,Negative,Normal,Negative,3-5,1,9-17,Nil,Nil,NIL,17.1,5.1,41.9,94.6,33,40,13.1,45.9,9600,57,34,6,2,0,6.14,4.66,0.28,0.36,0.1,336,10.2,11,0.31,38,3.6,0.16,4.04,0.32,170,41,73.9,38.7,193.5,88,4.1,1.8,0.55,0.5,0.2,0.3,98,23,14,45,8,3.9,4.1,0.95,1.1,27.5,12.8425,11.68,142,6.9,100,9.9,105.36,144,316,460,31.3,6.2,131.24,0.5,24.5,144.1,17,9.4,3,91,4.4,3.44,131,240,104,137
847697,GYAHD08KLM,173634,23/10/2018,07:11,08:00,Pale Yellow,Hazy,1.013,6.8,Trace,Trace,Negative,Trace,Negative,Normal,Negative,12-14,0,1-2,Rare,Rare,NIL,11,6,20,80.9,18,55,13.8,45.9,9626,35,31,5,3,0.8,2.34,2.08,0.2,0.34,0.04,280,10.5,16,0.33,30.9,7.1,0.81,0.06,0.99,168,36,123.2,33.2,166,111,4.7,3.42,0.29,0.5,0.1,0.4,299,21,36,22,6.6,4.8,1.8,2.67,1,61.5,28.7205,28.72,139,4.6,106,5.4,124.02,161,193,354,45.48,5.7,116.89,0.3,14.1,83.4,16.91,8.7,5.2,166,16.2,0.51,192,83,77,114
268116,GYAHD14JHJ,535493,23/10/2018,07:12,08:32,Straw,Clear,1.024,5,Trace,1+,Negative,Negative,3+,Normal,Negative,11-12,3,2-2,Nil,Nil,NIL,15.2,4.6,56.2,59.8,33,27,12.3,43.9,8590,52,16,18,6,0,8.07,1.7,0.3,0.27,0.16,214,11.5,13,0.24,12.7,5,0.36,0.04,0.05,182,45,175.7,13.8,69,155,4,3.9,0.26,0.4,0,0.4,76,21,16,40,6.3,4.2,2.1,2,0.8,10,4.67,5.84,139,2.8,103,5.9,107.55,49,338,387,12.66,7.4,165.68,0.3,21.4,239.7,8.93,9.2,3.1,140,9.2,1.48,86,68,217,204
411297,KLTRS07KLP,320852,24/10/2018,11:10,12:12,Straw,Slightly cloudy,1.016,6.6,Negative,Negative,Negative,Negative,Negative,Normal,Negative,11-12,0,2-3,Nil,Nil,Mucus threads,10.2,5,43.5,89.1,20,23,12.3,43.6,8587,45,26,5,8,0,1.15,1.06,0.16,0.2,0.15,209,7.1,14,0.25,26.8,2.8,3.23,0.37,0.01,106,62,117.1,16.5,82.5,144,1.7,1.89,0.53,0.5,0.1,0.4,119,39,26,31,6.2,4.9,1.3,3.77,0.7,15.7,7.3319,10.47,145,4.9,84,5.4,98.16,84,144,228,36.84,7.9,180.03,0.7,265.4,274.3,96.76,7.6,2.6,167,19.2,10.17,98,78,79,225
603836,KLTRS08MLT,224664,23/10/2018,10:24,11:44,Light Yellow,Slightly cloudy,1.016,4.5,Negative,1+,Negative,Negative,Trace,Normal,Negative,8-9,1,2-4,Nil,Nil,NIL,19.5,5.5,41.5,83.4,35,46,11.7,44,9283,55,26,3,5,0,1.13,3.57,0.66,0.51,0.07,414,11.2,11,0.36,20.9,3.4,0.31,0.24,0.36,218,25,82.4,11,55,82,8.7,3.3,0.3,0.7,0.1,0.6,105,56,36,43,8.1,3.6,4.5,0.8,0.9,7.3,3.4091,3.79,125,4.5,104,4,95.98,140,213,353,39.66,7.6,171.42,0.7,360.7,460.5,78.33,8.8,3.4,108,11.9,7.34,149,153,72,74
706043,GYAHD03KLM,193398,26/10/2018,06:53,07:53,Light Yellow,Clear,1.024,6.5,Negative,Trace,3+,Negative,Negative,Normal,Negative,62-67,1,2-4,Nil,Nil,Artifacts,12.7,4.5,43,99.7,28,29,12.7,39.2,2565,33,45,5,6,0,2.36,2.02,0.54,0.17,0.08,381,9.8,11,0.32,49.9,0.5,0.18,0.23,0.18,232,22,144.1,14.3,71.5,154,10.5,6.55,0.15,0.9,0.1,0.8,96,56,24,44,6,4.7,1.3,3.62,1,15.6,7.2852,7.29,140,3.8,102,2.1,58.33,180,310,490,36.73,6.4,136.98,0.5,12.8,92,13.91,9,3.8,62,9.7,10.15,130,73,73,153
144494,MZLGI09APK,283295,22/10/2018,08:37,09:57,Deep Amber,Slightly cloudy,1.019,6.6,Trace,Trace,Negative,Negative,Negative,Normal,Negative,4-5,0,8-15,Few,Nil,NIL,17.4,5.4,34.4,94.1,32,50,13.5,45.5,6106,10,23,1,7,0,11.37,1.33,0.73,0.39,0.08,161,10.8,23,0.27,13.5,0.3,4.26,5.12,0.06,173,55,211.2,16.3,81.5,85,3.1,3.84,0.26,0.7,0.3,0.4,126,6,31,11,7.7,4.8,2.9,1.66,0.8,25.8,12.0486,15.06,142,4.2,99,3.9,115.07,163,291,454,35.9,6.1,128.37,1,21.7,178.4,12.16,9.6,3.4,158,14.2,3.33,92,93,87,110
997426,KLTRS08WBD,480771,26/10/2018,11:48,12:26,Light Yellow,Clear,1.013,5,Negative,1+,Negative,1+,Negative,Normal,Negative,5-6,0,9-17,Nil,Nil,Mucus threads,11.4,4.2,37.4,52.1,27,30,13.5,43.3,2305,80,29,4,3,0,0.54,1.31,0.93,0.67,0.06,113,8.7,17,0.18,15.4,7.2,0.28,3.27,0.45,126,42,48.4,34.4,172,130,3,1.15,0.87,0.7,0.3,0.4,87,51,13,40,7.9,4,3.9,1.03,0.7,49.6,23.1632,33.09,135,3.6,91,2.3,110.4,157,134,291,53.95,6,125.5,0.4,22.2,25.5,87.06,12,4.6,75,4.2,1.18,79,66,99,126
344280,PBCHD02MHS,667048,24/10/2018,08:22,08:52,Light Yellow,Clear,1.018,6.5,Trace,Negative,Negative,Negative,Negative,Normal,Negative,9-10,1,2-2,Nil,Nil,Artifacts,17.7,4.8,54.3,83.6,36,32,12.1,36,10059,28,29,2,9,0,4.08,1.78,0.7,0.07,0.46,154,11.2,15,0.52,25.6,1.6,0.62,0.18,0.1,150,57,107.8,22.9,114.5,151,2.6,1.89,0.53,0.8,0.1,0.7,69,43,36,14,6.4,4.9,1.5,3.27,1.2,9.2,4.2964,3.58,138,4.8,100,2.1,90.35,167,116,283,59.01,6.1,128.37,1,26.3,228.8,11.49,9.6,4.7,227,7.5,2.53,114,95,74,111
818259,KLTRS02ODB,824709,23/10/2018,08:54,10:08,Straw,Slightly cloudy,1.014,6.6,Trace,Trace,2+,Negative,Negative,Normal,Negative,13-15,2,3-4,Nil,Nil,NIL,9.9,5.6,56.9,83.4,17,17,13.3,42.2,8583,30,26,2,8,0,6.83,2.07,0.17,0.38,0.08,141,11.6,11,0.4,30.5,1.1,0.33,0.19,0.98,179,61,77.5,60.1,300.5,217,2.9,1.27,0.79,0.7,0,0.7,126,11,22,46,6.7,3.8,2.9,1.31,1.1,8,3.736,3.4,98,4.4,104,2.6,110.28,156,229,385,40.52,13.8,349.36,0.7,16.4,145.7,11.26,10,3.2,299,8.7,2.24,85,82,90,192
228252,GYAHD06ODK,453184,22/10/2018,06:59,07:32,Pale Yellow,Clear,1.018,6.1,Trace,Negative,Negative,Negative,Negative,Normal,Negative,9-10,0,3-4,Rare,Rare,NIL,19.6,4.1,49.6,60.9,47,39,11.5,28.4,4465,57,18,1,5,0,8.81,3.43,0.71,0.27,0,135,9.4,17,0.33,23.9,0.7,5.72,5.24,0.15,115,22,85.2,17.6,88,93,5.2,3.87,0.26,1,0.3,0.7,80,8,23,47,7.7,4.9,2.8,1.75,0.9,20,9.34,10.38,141,4.5,102,2.2,109.81,98,267,365,26.85,8.7,202.99,0.2,11.3,97.6,11.58,10.5,3.3,149,7,4.91,98,94,88,113
873362,KLTRS02ODB,106268,22/10/2018,11:32,12:51,Pale Yellow,Clear,1.018,4.6,Negative,Negative,Negative,Negative,Negative,Normal,Negative,12-14,0,1-2,Few,Rare,Parasites,19,4,38.5,93.5,47,49,12.2,41.8,7259,55,21,6,7,0.4,0.23,1.69,0.85,0.09,0.06,148,12.3,13,0.11,23,4.1,0.01,0.61,0.96,170,44,73.5,104.5,522.5,119,3.9,1.67,0.6,0.3,0.1,0.2,89,25,10,14,6.9,4.5,2.4,1.88,0.6,9.3,4.3431,7.24,105,3.9,109,5,119.29,111,226,337,32.94,5.4,108.28,0.5,14,254.1,5.51,9.6,5.8,297,3.4,0.7,108,113,83,78
332573,KLTRS06TSS,571258,22/10/2018,09:28,10:55,Light Yellow,Clear,1.017,6.7,4+,3+,Negative,Negative,Negative,Normal,Negative,8-10,2,>20,Nil,Nil,Mucus threads,18.6,4,34.8,91.4,46,53,13.5,45.8,8885,59,48,3,18,0,2.98,1.45,1.06,0.25,0.01,123,12,11,0.05,43.2,0.7,2.38,0.75,0.07,182,20,63.4,6.1,30.5,64,9.1,3.17,0.32,0.9,0.2,0.7,75,38,21,22,7.9,3.5,4.4,0.8,0.6,5.4,2.5218,4.2,138,3,102,5.9,103.75,114,290,404,28.22,5.9,122.63,0.7,10.9,52.8,20.64,9,3.7,102,8.8,1.45,93,111,103,266
950781,GYAHD05JHJ,450072,24/10/2018,06:59,08:12,Light Yellow,Slightly cloudy,1.015,5.9,1+,Trace,Negative,Negative,Negative,Normal,Negative,13-14,4,8-20,Nil,Nil,NIL,12.8,6.1,34.1,92.4,20,37,9.8,45.9,7881,60,33,12,8,0.9,1.47,4.7,0.77,0.28,0.07,13,14,13,0.45,14.5,1,0.24,0.54,0.35,191,46,89.6,64.5,322.5,82,4.2,1.95,0.51,0.4,0,0.4,114,19,29,22,8.2,4,4.2,0.95,1.2,9.4,4.3898,3.66,148,4.1,95,4.6,102,94,312,406,23.15,5.9,122.63,0.1,22.5,106.4,21.15,8.9,6.5,103,8.3,2.24,100,88,128,107
501493,PBCHD14RJU,921457,23/10/2018,08:30,09:06,Pale Yellow,Slightly cloudy,1.025,5.5,Trace,Negative,Negative,Negative,Negative,Normal,Negative,12-14,1,3-4,Nil,Nil,NIL,17.5,4.1,56.3,90.2,42,31,13.1,43.9,43684,53,17,20,3,0.6,20.11,1.27,0.77,0.01,0.02,57,5.7,17,0.24,15.2,0.8,4.88,0,1.7,199,47,22.2,18.1,90.5,136,4.2,0.47,2.12,0.7,0.2,0.5,64,44,24,29,7.4,3.6,3.8,0.95,1.1,14.1,6.5847,5.99,148,4.2,106,8,105.16,167,139,306,54.58,6.6,142.72,2.9,13,288.5,4.51,8.9,1.7,252,8.6,2.15,91,83,72,83
699159,PBCHD11NLM,164885,23/10/2018,08:47,09:26,Yellow,Slightly cloudy,1.012,5.7,Trace,1+,Negative,Negative,Negative,Normal,Negative,13-15,0,1-4,Few,Nil,NIL,19.2,4.9,61.5,86.4,39,31,12.3,41.9,4320,45,18,5,8,2.6,3.19,2.06,0.02,0.01,0.09,278,9.7,15,0.37,16.5,2,0.25,0.83,0.33,179,54,99.1,23.9,119.5,84,3.3,1.84,0.54,0.5,0.2,0.3,79,31,37,11,8.9,4.1,4.8,0.85,1,19.8,9.2466,9.25,146,5.6,71,3,118.72,154,193,347,44.38,5.9,122.63,10,24.7,92,26.85,8.4,2.6,148,19.1,1.28,87,70,125,109
715967,GYAHD01JHJ,934746,23/10/2018,08:30,09:31,Straw,Clear,1.018,4.8,Negative,Negative,Negative,1+,Negative,Normal,Negative,10-11,2,3-3,Nil,Few,NIL,16.4,5.2,34.8,72.4,31,47,14.6,45.4,6389,76,40,5,3,0,1.31,1.85,0.5,0.64,0.02,157,7.9,11,0.37,27.2,2.1,0.13,0.03,0.97,167,44,90.8,73.9,369.5,167,3.8,2.06,0.48,0.3,0,0.3,117,18,35,17,7.9,4.6,3.3,1.39,1,15.7,7.3319,7.33,120,3.2,97,4.7,51.28,196,350,546,35.9,7.3,162.81,1.2,17.5,449.6,3.89,11.3,3.2,62,10.7,1.16,113,98,102,64
638466,PBCHD04MHS,400599,24/10/2018,08:39,10:00,Straw,Hazy,1.019,6,Negative,Negative,Negative,Negative,Negative,Normal,Negative,1-2,1,2-4,Nil,Nil,Amorphous debris,10.1,4.5,42.6,83.3,22,23,12.9,41.4,9117,42,20,9,2,0.4,9.67,2.64,0.39,0.49,0.1,47,7.9,11,0.33,16.4,7.3,0.07,0.1,0.38,187,79,97.2,7.7,38.5,145,2.4,1.23,0.81,0.7,0.1,0.6,70,22,11,45,7.6,3.8,3.8,1,1.1,9.2,4.2964,3.91,138,4.9,107,8.9,92.04,170,351,521,32.63,8.3,191.51,0.5,10.4,467.1,2.23,9.9,3.9,294,11.7,3.77,91,67,88,153
273907,KLTRS07KLP,480223,22/10/2018,10:06,11:00,Yellow,Hazy,1.023,4.8,Negative,Negative,Negative,Negative,Negative,Normal,Negative,5-7,0,15-8,Nil,Rare,Fat droplets or lipiduria,10,2.2,45.4,98.6,45,22,13.7,43.2,9249,46,39,3,7,0,6.74,5.41,0.51,0.13,0.02,433,7,17,0.3,45.3,3,0.82,3.65,0.06,190,50,85.1,31.6,158,94,3.8,1.7,0.59,0.7,0.3,0.4,68,9,29,25,6.1,4,2.1,1.9,1.2,238.4,111.3328,92.78,145,4.6,96,11.9,77.51,176,345,521,33.78,16.4,423.98,0.8,14.5,123.1,11.78,10.2,5.5,167,6,2,75,93,97,125
540596,GYAHD03KAU,547815,26/10/2018,06:02,07:28,Straw,Hazy,1.02,4.8,Negative,Negative,Negative,Negative,Negative,Normal,Negative,1-2,2,3-4,Nil,Nil,NIL,15.2,5.8,20.2,84.4,26,75,11.9,42.6,10567,47,31,21,2,0,4.87,0.7,0.62,0.16,0.05,150,14.1,15,0.33,14.7,0.1,0.18,2.67,0.02,196,54,88,46.2,231,200,3.6,1.63,0.61,3.7,1.8,1.9,63,26,37,45,7.6,4.7,2.9,1.62,0.8,9.3,4.3431,5.43,136,4,106,3.5,97.59,143,122,265,53.96,9.2,217.34,0.9,275.6,137.3,200.73,9.3,3.4,89,4.6,1.33,253,73,81,117
345790,KLTRS11MLT,884411,22/10/2018,11:01,12:11,Straw,Slightly cloudy,1.03,5.2,Trace,Trace,Negative,Negative,Negative,1+,Negative,12-13,2,2-2,Rare,Nil,Mucus threads,16,7.4,63.2,81.5,21,25,13.7,42.2,5778,40,21,4,6,0,6.84,0.49,0.96,0.54,0.01,103,9.5,22,0.29,31.7,2.4,0.21,0.19,0.8,185,77,78.9,102.6,513,159,2.4,1.02,0.98,0.9,0.2,0.7,118,29,27,44,7.3,3.7,3.6,1.03,0.9,14.2,6.6314,7.37,143,3.2,98,3.4,107.69,68,208,276,24.64,8.7,202.99,1.5,36.1,44.3,81.49,13,3.9,250,22.9,8.8,119,96,104,174
449067,PBCHD11GAM,595133,24/10/2018,11:33,12:54,Light Yellow,Clear,1.02,6.9,Negative,Negative,Negative,1+,Negative,Normal,Negative,3-5,0,3-4,Rare,Nil,NIL,14.3,5,19.2,95.8,28,74,13,45.3,6898,58,34,2,2,0,1.41,2.93,0.2,0.61,0.03,39,9.2,14,0.36,39.4,4,0.63,0.04,0.32,206,57,60.3,25.7,128.5,136,3.6,1.06,0.95,0.9,0.2,0.7,71,21,26,26,7.6,5.3,2.3,2.3,0.6,13.4,6.2578,10.43,145,4.3,98,6.6,112.78,115,359,474,24.26,6.4,136.98,0.8,12.7,105.5,12.04,11.4,2.3,89,6.1,1.55,72,99,96,136
612207,MZLGI05MHP,616246,26/10/2018,08:33,09:39,Straw,Slightly cloudy,1.019,4.8,Trace,1+,Trace,Negative,Negative,Normal,Negative,8-10,1,3-4,Rare,Few,NIL,17,4.2,55.7,70.8,40,30,11.6,41.5,10211,49,30,6,13,0,3.07,2.97,0.28,0.08,0.44,182,5.4,12,0.2,29.9,0.1,0.2,6.24,0.09,167,77,92.4,40.9,204.5,93,2.2,1.2,0.83,4.4,0.2,4.2,96,54,75,48,6.3,4.8,1.5,3.2,1.2,32.4,15.1308,12.61,135,4.7,105,5.2,94.75,135,306,441,30.61,6.2,131.24,0.9,15.6,106.6,14.63,8.7,5.5,105,17,5.7,79,83,67,127
720783,MZLGI14BRC,997190,24/10/2018,11:57,12:56,Light Yellow,Slightly cloudy,1.02,4.2,Negative,Negative,Negative,Negative,Negative,Normal,Negative,7-8,2,2-4,Rare,Nil,NIL,10.5,4.2,50.4,96.6,25,20,13.8,32.5,7097,33,36,4,2,0,3.51,1.91,0.52,0.37,0.17,123,11.3,18,0.08,31.9,2.2,0.87,0.06,0.13,186,55,146.2,11.8,59,143,3.4,2.66,0.38,0.6,0.1,0.5,127,28,20,11,6.4,4.2,2.2,1.91,1,17.2,8.0324,8.03,131,5.7,107,5.5,119.96,87,198,285,30.53,6.1,128.37,0.7,25.4,78.3,32.44,13,2.2,141,8.5,0.93,262,66,61,103
946635,PBCHD14KLC,276978,24/10/2018,08:02,09:06,Dark Yellow,Slightly cloudy,1.017,4.8,Negative,Trace,Negative,Negative,Negative,Normal,Negative,21-23,1,12-10,Nil,Rare,NIL,11.6,4,52.6,75.1,29,22,12.2,41.5,6270,58,28,5,4,0,3.86,4.64,0.35,0.09,0,91,9.7,16,0.37,24.2,4.4,0.23,0.16,0.16,182,58,97.3,34.5,172.5,75,3.1,1.68,0.6,0.9,0,0.9,65,50,23,37,6.1,4.3,1.8,2.39,0.6,8.2,3.8294,6.38,139,4.1,100,2.3,95.98,236,331,567,41.62,5.9,122.63,0.2,26.9,69.9,38.48,9.9,4.6,285,12.3,7.11,78,72,90,120
893073,PBCHD06CGD,603588,23/10/2018,07:31,08:09,Light Yellow,Slightly cloudy,1.008,4.9,2+,Trace,Negative,Negative,Negative,Normal,Negative,10-11,1,2-4,Rare,Rare,Mucus threads,5.2,7.3,59,96,7,8,12.3,39.2,5346,53,32,3,6,0,1.27,3.27,0.76,0.1,0.07,310,8.2,11,0.2,13.8,0.1,0.1,0.38,0.15,193,44,97.4,58.1,290.5,120,4.4,2.21,0.45,0.9,0.3,0.6,98,17,17,42,7.3,5,2.3,2.17,0.6,19.2,8.9664,14.94,138,4.3,96,4.4,63.22,170,309,479,35.49,6.9,151.33,0.9,102,212.5,48,10.2,4.4,113,10.8,1.64,84,85,223,115
344501,KLTRS09NLZ,176045,24/10/2018,09:18,10:10,Light Yellow,Clear,1.012,6.3,1+,3+,Negative,Negative,Negative,Normal,Negative,3-5,1,2-2,Nil,Nil,NIL,8.4,4.6,45,89.4,18,18,12.9,42.1,31161,28,23,3,13,3.3,1.86,6.85,0.27,0.46,0.1,23,10.4,16,0.3,21.1,2.5,0.01,0.2,2.16,152,69,95,25.2,126,100,2.2,1.38,0.73,0.7,0.3,0.4,50,28,16,21,6.8,4.7,2.1,2.24,1,12,5.604,5.6,129,5.4,108,2.6,102.25,186,95,281,66.19,5.7,116.89,0.7,23.2,323.6,7.17,7.8,2.9,248,6.8,3.92,123,85,234,115
906256,KLTRS10KLP,681740,25/10/2018,07:17,07:47,Green,Slightly cloudy,1.012,4.6,Trace,Negative,Negative,Negative,Negative,Normal,Negative,TNTC,1,3-3,Moderate,Moderate,NIL,14.6,4.6,49.7,96.8,31,29,14,39.5,5743,60,33,3,8,0,1.17,2.56,0.24,0.18,0,153,8.7,13,0.29,23.3,4.1,0.02,0.15,0.14,206,41,79.3,38.9,194.5,63,5,1.93,0.52,0.7,0.1,0.6,120,38,15,21,8.2,4.6,3.6,1.28,1.1,11.2,5.2304,4.75,138,5.7,97,6.7,116.94,142,184,326,43.56,6.8,148.46,0.5,24.9,86.2,28.89,10.1,3.8,136,19.3,10.16,83,87,64,73
370880,PBCHD03MHS,544020,24/10/2018,10:11,11:07,Pale Yellow,Slightly cloudy,1.02,7,Negative,Negative,Negative,Negative,Negative,Normal,Negative,7-9,2,1-2,Few,Nil,NIL,12.5,5.3,34.4,81.5,23,36,9.3,39.4,30052,60,49,4,16,0,2.27,2.31,0.99,0.36,0.06,247,8.9,17,0.28,28.2,4.6,0.35,0.25,0.18,194,20,115,37.5,187.5,66,9.7,5.75,0.17,2.3,1.1,1.2,103,42,30,40,6.1,4.9,1.2,4.08,0.8,10.2,4.7634,5.95,138,3,102,2.7,102.7,144,242,386,37.31,7.6,171.42,0.7,18.8,427.5,4.4,9,1.1,162,9.1,9.08,99,77,148,116
213193,KLTRS03NLZ,566013,26/10/2018,06:13,07:26,Light Yellow,Clear,1.016,6.9,Trace,Negative,Negative,Negative,Negative,Normal,Negative,10-11,1,>20,Nil,Rare,NIL,9,4.6,47.9,85.1,19,18,13.1,41.5,8701,31,23,6,5,0.9,1.33,1.92,1.32,0.47,0.01,184,7.1,16,0.44,14.1,0.8,0.4,0.4,0.21,175,70,89.6,29.3,146.5,139,2.5,1.28,0.78,0.7,0,0.7,55,55,32,46,7.6,4.5,3.1,1.45,0.8,19,8.873,11.09,148,3.2,115,6,116.17,76,114,190,40,6.3,134.11,0.8,25,36.8,67.93,9,4.7,341,4.5,1.76,115,88,62,79
176249,GYAHD01KLM,570918,23/10/2018,08:06,09:29,Straw,Hazy,1.011,6,Negative,1+,Negative,Negative,Negative,Normal,Negative,32-34,2,1-2,Nil,Nil,NIL,12.5,4.6,54.6,42.8,27,22,12.9,41.9,9803,38,17,20,4,0,9.42,1.22,0.72,0.38,0,353,7.5,28,0.3,17.2,1,0.3,0.19,0.4,182,55,54.5,66.8,334,126,3.3,0.99,1.01,1,0.3,0.7,140,53,30,23,7.2,4.7,2.5,1.88,0.6,9.4,4.3898,7.32,137,4.4,111,3.1,91.73,85,143,228,37.28,6.1,128.37,0.5,11.9,100.4,11.85,12.9,5.6,131,8.4,0.25,127,79,83,146
568871,MZLGI01MHP,804128,25/10/2018,08:11,09:25,Light Yellow,Clear,1.014,4.6,Negative,Negative,Trace,Negative,Negative,Normal,Negative,8-10,1,2-2,Nil,Nil,NIL,8.9,4.3,19,74.2,20,46,13.6,44.6,13418,59,27,3,7,0,6.82,3.33,0.77,0.05,0.17,376,10.8,12,0.63,25.6,3.1,0.09,0.23,0.27,203,53,77.6,50.6,253,166,3.8,1.46,0.68,0.4,0.1,0.3,92,39,22,10,8,4.2,3.8,1.11,0.9,6.5,3.0355,3.37,143,4.6,102,5.4,104.74,187,303,490,38.16,6.6,142.72,0.5,22.4,240.5,9.31,10.4,5,199,22.2,1.07,78,87,91,66
432377,MZLGI04BRC,377450,22/10/2018,07:38,08:23,Orange,Clear,1.012,6.7,Negative,1+,Negative,Negative,Negative,Normal,Negative,10-12,2,1-4,Nil,Nil,Fat droplets or lipiduria,21.9,6,54.7,93.5,36,40,12.6,42.7,4391,37,50,6,8,0,4.74,2.6,0.8,0.24,0.07,13,7.6,17,0.25,31.4,2.4,0.06,4.51,0.8,175,40,86.1,11.5,57.5,125,4.4,2.15,0.46,0.4,0.1,0.3,41,36,18,46,5.8,4.4,1.4,3.14,0.7,14.9,6.9583,9.94,138,3.6,108,6.2,101.83,140,358,498,28.11,6.4,136.98,0.1,29,189,15.34,7.9,2.6,103,13.7,0.57,87,83,70,98
476931,KLTRS09NLZ,856668,22/10/2018,09:01,10:05,Pale Yellow,Slightly cloudy,1.024,4.8,1+,Trace,Negative,Negative,Negative,Normal,Negative,11-13,1,1-4,Rare,Nil,Amorphous debris,19.2,6.9,45.6,81.6,27,42,12.9,48.3,9733,56,47,1,3,0,1.28,2.84,0.7,0.17,0.03,302,14.2,17,0.23,12.7,0.1,0.4,0.3,0.1,192,53,70.8,22.9,114.5,116,3.6,1.34,0.75,0.7,0.3,0.4,59,36,39,28,8.2,4.7,3.5,1.34,1.1,11.6,5.4172,4.92,143,7.4,101,5.9,105.68,62,199,261,23.75,6,125.5,35.8,14.7,38.4,38.28,10.1,1.4,199,9.7,2.16,116,81,75,286
896846,KLTRS07TSS,474364,24/10/2018,09:25,10:05,Light Yellow,Clear,1.019,6.8,Trace,Negative,Negative,Negative,Negative,Normal,Negative,TNTC,1,2-3,Rare,Nil,NIL,12.3,6.8,63,68.7,18,19,11.6,36.4,9300,58,34,6,2,0.9,5.97,0.44,0.75,0.68,0.04,186,7.4,16,0.37,22.2,3,0.52,0.22,0.16,196,49,88.5,38.1,190.5,163,4,1.81,0.55,0.5,0.2,0.3,111,29,25,22,7.1,3.9,3.2,1.22,1.2,14.7,6.8649,5.72,121,4.8,104,3.1,112.18,79,256,335,23.58,6.7,145.59,0.4,15.9,100,15.9,9.7,5,99,8,2.04,83,247,205,125
613684,KLTRS01KLP,770722,23/10/2018,08:08,09:24,Pale Yellow,Slightly cloudy,1.013,5,Trace,Trace,Negative,Negative,Negative,Normal,Negative,7-8,2,1-2,Nil,Nil,NIL,11,4.2,23,93.5,26,47,9.2,43.5,8822,24,44,7,6,0,2.71,2.75,0.61,0.36,0.05,351,7.2,15,0.15,14.4,1.2,0.18,0.14,0.28,144,46,47.2,6.7,33.5,63,3.1,1.03,0.97,1,0.3,0.7,125,19,35,8,7.1,4.5,2.6,1.73,1.1,36.2,16.9054,15.37,135,3.2,96,8.7,83.28,163,352,515,31.65,5.7,116.89,0.5,16.6,67.6,24.56,8.5,4.4,328,2.6,2.88,75,90,91,130
936369,GYAHD09ODK,501686,24/10/2018,11:10,12:25,Pale Yellow,Hazy,1.019,5.2,Trace,2+,Negative,Negative,Negative,Normal,Negative,1-3,2,1-2,Rare,Nil,NIL,19,4.9,56.1,72.2,38,33,12.5,48.2,10065,36,50,23,2,7.6,7.43,1.06,0.3,0.26,0.05,475,7.2,10,0.22,16.2,1.7,0.38,0.27,0.93,186,79,83,31.1,155.5,204,2.4,1.05,0.95,1,0.3,0.7,73,13,82,25,7.7,3.7,4,0.93,0.6,25.7,12.0019,20,143,4.7,107,3.7,97.49,157,271,428,36.68,5.8,119.76,0.5,15.2,134.7,11.28,10.5,2.9,283,15,2.91,113,85,87,165
333433,KLTRS15TSS,206197,26/10/2018,07:48,08:58,Deep Amber,Clear,1.016,5,Negative,Negative,Negative,Negative,Negative,Normal,Negative,13-15,1,2-3,Nil,Nil,NIL,14.9,5.4,52.9,87.4,27,28,13,43.2,44715,57,29,9,3,0.8,0.85,5.77,1.07,0.59,0,221,9.1,12,0.37,13.1,2.8,0.16,0.14,3.2,239,53,89.4,18.3,91.5,92,4.5,1.69,0.59,0.4,0,0.4,43,31,33,76,6.6,3.8,2.8,1.36,1.2,11.6,5.4172,4.51,138,3,110,2.2,106.7,68,137,205,33.17,6.9,151.33,0.8,20.4,39.2,52.04,9,2.4,131,16.9,0.13,83,159,79,198
768597,PBCHD04PBP,245494,25/10/2018,06:30,07:23,Yellow,Clear,1.018,6.8,Negative,Trace,Negative,Negative,Negative,Normal,Negative,3-5,2,3-4,Nil,Nil,NIL,17.2,4.4,49.9,70.9,39,34,13.7,44.2,5027,43,11,6,5,1.3,1.13,3.84,0.4,0.1,0.09,262,7.1,16,0.42,13.1,0.6,1.12,6.25,0.03,103,42,94,51.6,258,180,2.5,2.24,0.45,0.6,0.2,0.4,96,13,11,47,7.6,3.8,3.8,1,0.9,11.9,5.5573,6.17,134,5.9,100,2.5,80.54,72,219,291,24.74,8.3,191.51,0.2,10.5,103.6,10.14,9.4,4.1,108,11.5,3.7,105,108,77,97
732623,MZLGI03GJS,868474,25/10/2018,09:55,10:48,Straw,Slightly cloudy,1.015,8.4,Negative,Trace,2+,Trace,Negative,Normal,Negative,5-6,1,3-2,Rare,Nil,NIL,8.6,5.1,52.8,91.4,16,16,12.5,39,9892,69,36,2,7,1,9.59,1.77,0.24,0.69,0.07,255,10.2,24,0.27,47.6,4.6,0.32,3.52,0.31,210,54,85.8,15.4,77,93,3.9,1.59,0.63,0.4,0.1,0.3,85,9,32,33,6.8,4.7,2.1,2.24,0.9,16.3,7.6121,8.46,139,4,102,2.8,111.33,88,345,433,20.32,7.6,171.42,0.9,18.6,113.3,16.42,11.3,5.5,42,3.3,10.74,90,105,86,169
497866,PBCHD14PBM,796018,22/10/2018,08:36,09:42,Straw,Clear,1.03,4.5,Negative,Trace,Negative,Negative,Trace,Normal,Negative,5-6,1,2-3,Nil,Nil,NIL,12,5.7,36.7,92.2,21,32,12,41.3,47427,51,38,1,2,0,3.99,7.53,0.1,0.42,0.04,177,11.4,11,0.3,30.8,0.4,0.12,0.33,0.17,175,71,108.7,8.2,41,189,2.5,1.53,0.65,0.3,0.1,0.2,119,11,29,25,6.8,3.7,3.1,1.19,0.7,10.5,4.9035,7.01,138,5.8,95,6.1,110.33,82,280,362,22.65,6,125.5,1,21.9,38.1,57.48,10.4,6.2,184,4.9,3.46,88,95,301,96
294558,MZLGI14RJK,245951,24/10/2018,06:19,07:16,Yellow,Clear,1.017,4.6,Trace,Negative,Negative,Negative,Negative,Normal,Negative,26-31,0,3-3,Nil,Nil,Mucus threads,19.5,2.6,47.3,94.6,75,41,11.8,44.9,4051,51,15,19,4,0,1.4,2.33,0.57,0.02,0.08,523,8.5,10,0.3,18.9,3.5,0.08,0.58,0.32,202,53,23.2,53.8,269,148,3.8,0.44,2.28,0.5,0.2,0.3,71,24,13,34,7.8,3.7,4.1,0.9,0.7,18.7,8.7329,12.48,136,5.8,102,4.2,101.2,110,193,303,36.3,6.3,134.11,0.4,12.9,52.1,24.76,8.2,4.5,249,8.5,9.23,108,89,92,363
487573,MZLGI06MHP,541145,24/10/2018,07:23,08:14,Pale Yellow,Clear,1.013,6.7,Trace,Trace,Negative,Negative,Negative,Normal,Negative,2-4,2,>20,Nil,Nil,Parasites,9.4,8.2,54.9,73.1,11,17,14.6,43.8,4048,43,24,4,25,0,6.82,2.46,0.91,0.5,0.1,438,9.1,11,0.32,24.5,4.3,0.21,2.02,0.09,181,55,98.5,25.3,126.5,184,3.3,1.79,0.56,0.6,0.2,0.4,126,3,33,36,8.2,4.8,3.4,1.41,1.2,10.8,5.0436,4.2,142,5.6,105,6.9,90.67,129,218,347,37.18,5.8,119.76,0,27.5,73.8,37.26,8.9,3.4,136,12.1,0.47,80,85,116,101
858206,MZLGI01RJK,538674,26/10/2018,06:22,07:20,Straw,Slightly cloudy,1.026,6.5,1+,Trace,Negative,Negative,Negative,Normal,Negative,14-15,0,2-2,Nil,Nil,Yeast cells,15.9,4.4,57.8,74.2,36,27,12.9,44,4826,76,27,7,11,0,2.12,2.86,1.13,0.59,0.11,358,6.9,16,0.38,19.2,2.9,0.71,0.72,2.82,553,59,88.4,31.2,156,98,9.4,1.5,0.67,0.8,0.1,0.7,98,26,40,33,7,4.6,2.4,1.92,0.9,6.6,3.0822,3.42,121,4.2,104,3,97.23,113,336,449,25.17,5.9,122.63,0.9,152.5,125.7,121.32,9.4,4.6,100,5.6,3.67,92,66,189,127
405602,GYAHD14KAU,602210,23/10/2018,06:15,07:14,Pale Yellow,Cloudy,1.015,6.8,1+,Negative,Negative,Negative,Negative,Normal,Negative,48-51,2,>20,Nil,Moderate,Mucus threads,12.2,4.9,37.9,89.8,24,32,12,39.9,5020,31,52,3,4,8,7.12,2.87,0.67,0.15,0.04,320,9.1,17,0.26,44.3,1.5,0.22,0.32,0.73,179,42,64.8,37.6,188,191,4.3,1.54,0.65,1.9,0.9,1,118,60,22,19,7.4,4,3.4,1.18,1.2,8.4,3.9228,3.27,139,3.2,104,5.8,107.83,103,193,296,34.8,6.6,142.72,0.2,132.7,95.7,138.66,7.6,5.5,302,7.2,1.1,91,90,206,102
744298,GYAHD07KLM,596659,26/10/2018,11:29,12:17,Light Yellow,Hazy,1.014,6.4,Negative,Negative,Negative,Trace,1+,Normal,Negative,TNTC,0,2-4,Nil,Nil,Fungal elements,11.4,5.8,63,96.7,19,18,12.6,39.2,10213,36,31,4,11,0,4.25,2.34,0.21,0.34,0.09,199,7.2,11,0.22,19.1,0.5,0.05,0.38,0.37,169,46,138.6,98.4,492,89,3.7,3.01,0.33,0.7,0.3,0.4,69,33,32,17,8.1,4,4.1,0.98,1.1,16.7,7.7989,7.09,139,5.3,97,5.2,64.66,123,122,245,50.2,7.6,171.42,0.2,14.7,61.4,23.94,10,2.2,82,3.5,3.61,98,61,85,150
758925,KLTRS15KLP,577399,23/10/2018,10:02,10:47,Straw,Clear,1.013,5.7,Negative,1+,Negative,Negative,Negative,Normal,Negative,6-8,1,3-4,Nil,Nil,Mucus threads,8.6,4.1,51,71.7,20,16,14.2,44.5,6590,53,40,2,4,0,2.93,1.91,0.61,0.51,0.4,188,8.7,14,0.13,20.5,1.1,0.64,0.01,0.07,177,55,205.6,9,45,123,3.2,3.74,0.27,0.5,0.2,0.3,57,38,21,42,6.9,4.4,2.5,1.76,1.1,17.5,8.1725,7.43,142,4.4,112,3.4,113.51,167,225,392,42.6,6.2,131.24,0.2,23.5,96.2,24.43,8.5,2.5,152,12.1,2.65,112,101,93,67
674511,PBCHD02MHS,293404,24/10/2018,08:15,09:40,Red,Cloudy,1.013,7,Negative,Trace,Negative,Negative,2+,Normal,Negative,2-3,2,>20,Nil,Nil,NIL,11.8,4.9,28.2,67.7,24,41,13.3,39.7,9206,53,25,5,2,0.1,6.28,1.03,0.53,0.53,0.44,183,9.7,11,0.56,16.3,1.7,0.14,0.03,0.03,186,65,79.9,27.2,136,121,2.9,1.23,0.81,0.8,0.2,0.6,85,42,22,41,6.5,4.3,2.2,1.95,0.8,10.8,5.0436,6.3,148,3.8,100,7.6,118.35,46,127,173,26.59,5.9,122.63,0.1,10.1,64.7,15.61,7.7,2.9,169,20,1.36,80,61,155,86
810518,PBCHD04NLM,456260,25/10/2018,06:24,07:40,Straw,Clear,1.014,5.3,1+,Trace,Negative,Negative,Negative,Normal,Negative,13-15,2,3-4,Nil,Nil,NIL,17.7,6.9,47.6,97.1,25,37,12.1,42.3,9717,51,39,25,14,0,9.61,2.18,0.22,0.16,0.04,27,12.4,26,0.37,21.4,3.4,0.03,0.27,0.06,168,42,71.1,18.4,92,202,4,1.69,0.59,0.7,0,0.7,93,22,28,26,6.9,4.5,2.4,1.88,1.4,7.8,3.6426,2.6,139,4.7,96,6.6,117.53,89,160,249,35.74,9,211.6,0.7,22.5,108.5,20.74,10.6,2.4,144,3.3,3.35,128,77,117,152
483260,MZLGI02BRC,692207,26/10/2018,11:07,11:41,Straw,Hazy,1.016,6.3,Negative,Negative,Negative,Negative,Negative,Normal,Negative,78-82,2,3-3,Rare,Nil,Mucus threads,11.7,5.8,31.7,92.1,20,36,14.8,49.3,10877,58,33,8,2,0,14.86,2.1,0.36,0.19,0.1,442,14.7,9,0.32,31.2,2.6,0.36,0.19,1.77,227,20,86.8,28.6,143,72,11.4,4.34,0.23,0.6,0,0.6,64,39,31,37,6.9,3.5,3.4,1.03,0.7,18.9,8.8263,12.61,145,4.5,75,5,98.72,193,356,549,35.15,6,125.5,0.4,22.8,107.5,21.21,11.7,5.9,141,7.1,1.29,98,64,79,72
625213,PBCHD14MHS,119322,26/10/2018,07:51,08:52,Light Yellow,Hazy,1.024,6.4,Negative,Negative,Negative,Negative,Negative,Normal,Negative,11-13,0,2-4,Nil,Nil,NIL,9.1,5.5,42.6,43.6,16,21,14.1,43.8,10439,59,38,1,6,0,5.66,4.97,0.59,0.28,0.04,424,7,7,0.29,28.7,3,0.3,0.07,0.27,191,42,125.6,24.6,123,181,4.5,2.99,0.33,0.6,0.2,0.4,47,53,27,35,7,4.9,2.1,2.33,0.6,33.3,15.5511,25.92,142,3.7,97,2.5,119.61,116,167,283,40.99,8.7,202.99,0,12.4,102.9,12.05,10.5,2.6,330,9.7,0.61,70,62,90,130
645523,KLTRS13MLT,199965,22/10/2018,09:06,09:39,Pale Yellow,Clear,1.013,5.4,1+,Trace,Negative,Negative,Negative,Normal,Negative,1-2,0,3-4,Nil,Nil,NIL,14.7,6.9,34.4,74,21,42,11.5,37.3,10444,47,51,5,8,0,8.65,2.52,0.54,0.1,0.04,247,7.4,11,0.49,34.7,4.2,3.63,0.2,0.28,161,72,49.7,19.5,97.5,60,2.2,0.69,1.45,0.6,0,0.6,57,50,22,12,7.6,4.5,3.1,1.45,0.7,22.2,10.3674,14.81,144,4.1,101,5.1,114.19,63,346,409,15.4,6.8,148.46,0.9,14.1,218.6,6.45,9.9,4.9,339,9.9,1.6,101,197,88,82
881575,KLTRS08WBD,200438,23/10/2018,09:09,10:31,Deep Amber,Cloudy,1.014,6.8,Trace,Negative,Negative,Negative,Negative,Normal,Negative,13-14,0,6-17,Rare,Nil,Fat droplets or lipiduria,18.7,5.2,37.5,75.3,35,49,11.9,40,10020,53,20,6,5,0,6.43,2.83,0.03,0.68,0.09,68,10.8,14,0.6,47.6,4.2,0.25,0.36,0.03,238,57,98.9,24.8,124,170,4.2,1.74,0.58,0.2,0,0.2,86,50,33,20,7.6,4.9,2.7,1.81,1.1,19.2,8.9664,8.15,138,4.6,106,6.3,112.56,173,311,484,35.74,5.2,102.54,0.1,26.3,146.7,17.93,9.4,4.3,299,3.7,0.41,92,118,71,154
247098,MZLGI12BRC,464777,24/10/2018,08:33,09:38,Light Yellow,Clear,1.018,6.6,Trace,1+,Negative,Negative,Negative,3+,Negative,10-12,0,3-3,Nil,Nil,NIL,10.6,4.5,34.8,73.3,23,30,13.7,39.6,9982,43,32,2,2,0,9.63,2.38,0.73,0.18,0.05,227,12.9,16,0.58,21.3,1.5,0.21,0.18,0.28,152,39,72.7,31.3,156.5,161,3.9,1.86,0.54,0.5,0.2,0.3,49,45,20,40,7.1,4.1,3,1.37,0.9,19,8.873,9.86,139,4.1,98,5.7,100.53,123,186,309,39.81,7.9,180.03,0.9,14.7,67.8,21.68,9.1,4.8,152,9.4,3.53,112,190,77,176
583858,KLTRS14WBD,584899,22/10/2018,11:52,12:53,Yellow,Slightly cloudy,1.026,6.1,Negative,Trace,2+,Negative,Negative,Normal,Negative,4-6,2,12-13,Nil,Nil,NIL,14.6,5.6,45,97.9,26,32,13.4,39,10976,52,21,1,2,0,19.61,1.2,0.78,0.45,0.08,1117,7.4,17,0.2,22.5,4.4,0.29,0.88,0.43,198,65,99.1,31.9,159.5,95,3,1.52,0.66,0.7,0,0.7,44,25,35,15,6.7,4,2.7,1.48,1.1,18,8.406,7.64,149,4,95,4,93.52,29,318,347,8.36,6.1,128.37,0.4,20.9,97.5,21.44,8.5,2.8,333,9,2.52,113,91,90,139
974751,PBCHD01NLM,156508,25/10/2018,06:23,06:53,Pale Yellow,Clear,1.019,4.8,Negative,Trace,Negative,Negative,Negative,Normal,Negative,3-4,0,1-4,Nil,Rare,NIL,12.9,6.9,39.2,85.3,18,32,12.2,42.7,10120,54,39,5,8,1.4,7.43,2.69,0.52,0.16,0.07,494,9.2,11,0.29,14.4,1.5,0.19,0.15,0.41,180,32,73,58.2,291,156,5.6,2.28,0.44,0.5,0.2,0.3,108,43,17,28,7.1,4,3.1,1.29,0.7,16.9,7.8923,11.27,142,3,85,3.3,91.3,95,181,276,34.42,8,182.9,0.2,12.3,118.7,10.36,10.2,4.3,237,6.6,3.12,103,103,73,127
463104,MZLGI02BRC,221203,25/10/2018,11:17,11:53,Pale Yellow,Clear,1.026,4.6,1+,Trace,Trace,Negative,Negative,Normal,Negative,32-33,20,3-3,Nil,Nil,Parasites,14.8,5.2,25.4,93.7,28,58,12.4,43.4,6616,44,41,4,12,0,4.71,1.31,0.95,0.39,0.05,290,7.9,11,0.22,21.9,2.2,2.49,0,4.47,159,28,51.4,6,30,134,5.7,1.84,0.54,0.6,0,0.6,75,30,17,30,7.8,3.8,4,0.95,0.6,19.8,9.2466,15.41,138,3.9,98,3,114.77,146,277,423,34.52,6.2,131.24,0.9,16.7,35.1,47.58,6.4,3.9,185,13.1,2.12,75,166,229,139
649076,MZLGI03RJK,942960,25/10/2018,09:29,10:07,Pale Yellow,Clear,1.357,6.9,Negative,Trace,Negative,Negative,Negative,Normal,Negative,8-9,0,1-4,Nil,Nil,NIL,16.8,8.2,34.5,87,20,48,12.2,39.9,8980,79,17,1,6,0,19.84,2.79,0.6,0.07,0.05,780,7.1,11,0.34,15,5.8,2.97,0.08,4.99,225,23,75.8,6.6,33,103,9.8,3.3,0.3,2.9,1.4,1.5,70,46,20,6,8,3.7,4.3,0.86,0.8,13.2,6.1644,7.71,143,5.2,101,4.7,113.67,81,225,306,26.47,5.7,116.89,0,18.9,146.7,12.88,9.4,3.3,97,9.8,3.41,85,82,229,115
618769,PBCHD04HPP,181862,26/10/2018,10:19,11:17,Deep Amber,Clear,1.011,6.8,Trace,Trace,Negative,Negative,Negative,Normal,Negative,8-9,1,3-2,Nil,Nil,NIL,17.3,3.4,26.2,82.1,50,66,14.4,41.8,9430,42,36,1,8,0,5.84,2.54,0.71,0.61,0.06,273,17.7,11,0.15,24.9,1.8,0.13,0.04,0.32,105,47,100.4,19.8,99,142,2.2,2.14,0.47,1.1,0,1.1,224,32,39,30,6.7,3.8,2.9,1.31,0.9,6.8,3.1756,3.53,140,3.7,96,5.6,97.08,113,236,349,32.38,8.8,205.86,0.5,25.4,118.7,21.4,11.4,2.9,101,2.6,0.44,124,93,95,93
868902,KLTRS06WBD,988418,23/10/2018,09:47,10:19,Deep Amber,Slightly cloudy,1.019,6.4,Trace,Trace,Negative,Negative,Negative,Normal,Negative,4-6,2,6-14,Nil,Nil,Mucus threads,12.5,4.4,64.2,75.2,28,19,13.4,33.5,9646,48,11,5,5,0,7.8,1.32,0.5,0.57,0.09,101,7.2,15,0.26,30.9,0.1,0.16,0.34,0.67,190,41,74.4,40.1,200.5,127,4.6,1.81,0.55,0.9,0.2,0.7,91,47,12,16,7.3,3.9,3.4,1.15,0.9,6.8,3.1756,3.53,141,3.9,98,2,107.04,216,355,571,37.83,8.8,205.86,0.9,15.2,25.4,59.84,11.4,3.2,77,4.7,1.78,94,96,82,72
816253,KLTRS07MLT,436456,25/10/2018,07:11,08:32,Pale Yellow,Clear,1.016,5.6,Trace,Negative,Negative,Negative,Negative,Normal,Negative,3-5,2,7-11,Nil,Few,Parasites,1.8,4.2,54.6,65.2,4,3,13.5,43,7555,54,24,0,10,0,6.27,2.05,1.31,0.36,0.05,371,8.2,14,0.37,14.7,1.6,0.13,0.64,0.25,175,48,83.6,17.1,85.5,163,3.6,1.74,0.57,0.5,0.2,0.3,128,14,18,25,7.5,3.5,4,0.88,1,43.1,20.1277,20.13,126,3,110,7,92.54,152,221,373,40.75,6.1,128.37,0.4,12.7,75.5,16.82,11.5,3.2,100,10.2,0.34,86,95,134,76
577390,KLTRS08KLP,568837,24/10/2018,08:00,09:00,Dark Yellow,Hazy,1.012,4.7,Negative,Trace,Negative,Negative,Negative,Normal,Negative,12-14,1,3-2,Rare,Nil,NIL,15.6,4.4,53.9,84.5,35,28,11.7,44.2,8002,69,23,6,7,0,8.17,1.17,0.73,0.07,0.19,145,11.5,17,0.24,12.8,3.5,0.35,0.35,0.16,191,57,70.9,8.8,44,90,3.4,1.24,0.8,0.9,0.2,0.7,41,10,33,12,6.5,3.6,2.9,1.24,0.8,14.5,6.7715,8.46,109,3.6,106,4.5,115.26,64,184,248,25.81,6,125.5,0.4,15.7,126.2,12.44,9.6,4.4,135,4.4,0.83,76,110,89,61
881651,GYAHD09KLM,763326,25/10/2018,06:09,07:17,Pale Yellow,Slightly cloudy,1.03,6.1,Negative,Negative,Negative,Negative,Negative,Normal,Negative,12-14,2,1-4,Few,Nil,NIL,21.1,5.1,58.8,76.5,41,35,12.3,43.9,9894,59,16,6,3,0.2,9.51,2.83,0.1,0.13,0.08,378,9.7,11,0.33,17.8,0.9,0.23,0.3,0.08,230,24,112.8,7.3,36.5,177,9.6,4.7,0.21,0.5,0.2,0.3,94,49,16,32,7.6,4.9,2.7,1.81,1.2,8.1,3.7827,3.15,137,4.6,83,6.9,115.01,77,315,392,19.64,7.4,165.68,0.4,20.8,139.8,14.88,13.3,2.6,83,12.4,1.84,113,137,81,80
956336,PBCHD15HPP,765548,22/10/2018,06:27,07:38,Yellow,Slightly cloudy,1.029,4.8,Trace,Trace,Negative,1+,1+,Normal,Negative,13-14,2,3-2,Nil,Nil,NIL,14.3,5.4,41.1,77.4,26,34,13.5,43.2,6591,63,38,16,4,0,2.52,0.03,0.78,0.14,0.03,381,8,12,0.2,14.9,2.8,0.12,0.03,0.31,222,44,78.3,19.2,96,209,5,1.78,0.56,0.6,0.2,0.4,59,41,11,25,7.8,3.8,4,0.95,0.9,219.9,102.6933,114.1,139,4.3,81,5.1,97.37,121,219,340,35.59,6.2,131.24,0.5,18.3,186.6,9.81,9.2,3,165,4.7,3.29,76,99,180,269
474675,MZLGI14BRC,200542,24/10/2018,07:17,08:29,Pink,Clear,1.013,5.7,Negative,Negative,Negative,Negative,Negative,Normal,Negative,6-7,17,3-2,Nil,Nil,NIL,19.3,4.9,46.2,86.9,39,41,13.3,40.2,10808,63,26,2,8,0,8.46,2.17,0.33,0.4,0.16,347,10.8,11,0.16,38.6,5,0.2,0.33,0.35,175,21,167.5,82.1,410.5,161,8.3,7.98,0.13,0.4,0,0.4,116,55,16,10,6.1,4.7,1.4,3.36,0.7,6.1,2.8487,4.07,143,4.9,101,2.4,33.11,120,359,479,25.05,6.8,148.46,0.9,17.1,284.6,6.01,8.3,3,90,10.3,0.92,79,72,93,93
617990,PBCHD12MHS,793953,24/10/2018,08:05,09:24,Pale Yellow,Clear,1.012,6.9,Negative,Negative,Negative,Negative,Negative,Normal,Negative,9-10,1,9-12,Nil,Nil,NIL,5.4,2.9,34.5,66.1,18,15,12.3,44.5,6490,45,27,2,4,0,0.74,2.71,0.26,0.64,0.1,447,7.3,16,0.49,29,4.5,0.19,0.95,1.18,236,50,78,29.4,147,73,4.7,1.56,0.64,0.7,0.1,0.6,151,34,17,24,6.4,3.7,2.7,1.37,0.8,8.6,4.0162,5.02,137,5.9,97,4.7,109.94,146,127,273,53.48,5.8,119.76,0.4,13.5,22.7,59.47,9.2,3.6,97,13.7,6.51,96,200,95,126
369768,GYAHD06ODK,867354,23/10/2018,11:47,12:44,Pale Yellow,Slightly cloudy,1.016,6.7,Trace,2+,Negative,Negative,Negative,Normal,Negative,9-11,2,2-4,Rare,Nil,Fat droplets or lipiduria,4.1,5.9,38.3,82.7,6,10,16.4,39.7,4077,40,35,5,8,0,9.33,2.26,0.62,0.35,0.14,310,11.3,11,0.35,23.8,3.3,0.3,0.85,0.07,238,41,169.4,25.3,126.5,142,5.8,4.13,0.24,0.2,0,0.2,112,38,23,31,8,4.3,3.7,1.16,1.2,28.4,13.2628,11.05,141,2.8,108,2.9,96.46,107,316,423,25.3,7.3,162.81,0.2,23.4,129.6,18.06,8.5,2.9,291,11.4,1.26,105,80,86,194
446911,GYAHD07ODK,777512,24/10/2018,11:12,12:22,Yellow,Clear,1.03,4.9,Trace,Negative,Negative,Negative,Negative,Normal,Negative,13-15,1,2-3,Nil,Moderate,NIL,8.2,5.9,40.2,70.5,13,20,13.9,40.6,9114,53,49,4,6,0.2,21.5,1.89,0.57,0.48,0.08,367,11,15,0.32,30.3,5.7,0.21,0.23,0.08,202,33,51.2,11.2,56,191,6.1,1.55,0.64,0.7,0.3,0.4,53,29,27,38,6.5,4,2.5,1.6,1.1,5.1,2.3817,2.17,148,4.8,106,5.3,116.14,99,151,250,39.6,6.2,131.24,0.6,18.6,28.3,65.72,12,3.5,207,8.7,8.76,100,98,70,108
629341,PBCHD07NLM,514769,23/10/2018,07:00,07:54,Dark Yellow,Clear,1.016,6.6,2+,Negative,Negative,Negative,Negative,Normal,Negative,1-2,5,2-2,Nil,Nil,NIL,17.6,6.6,41.3,89.3,26,42,12.4,43.8,9812,42,16,5,3,0,8.37,0.75,0.22,0.41,0.06,358,9,16,0.17,22.3,4.5,0.08,0.21,1.68,702,20,66.4,13.3,66.5,133,35.1,3.32,0.3,0.2,0,0.2,125,43,33,24,7.7,3.5,4.2,0.83,0.9,18.9,8.8263,9.81,147,3.1,102,5.9,105.24,91,98,189,48.15,5.7,116.89,0,286.5,115.3,248.48,10.6,2.6,64,9.5,1.05,99,72,119,186
339281,KLTRS13WBD,995236,26/10/2018,09:25,10:36,Yellow,Clear,1.022,5.3,Trace,Negative,Negative,Negative,Negative,Normal,Negative,13-15,2,2-3,Nil,Moderate,NIL,17.9,4.9,36.3,81.8,36,49,12.7,40.7,9329,42,23,13,7,0,8.24,1.76,0.37,0.05,0.06,106,10.9,14,0.25,49.2,3.3,0.24,0.37,0.16,196,44,167.5,22.1,110.5,143,4.5,3.81,0.26,0.7,0.3,0.4,105,26,21,39,6.1,4.2,1.9,2.21,0.6,19.9,9.2933,15.49,135,3.9,98,5.4,64.37,102,164,266,38.35,7.6,171.42,0.6,15.6,240,6.5,8.8,4.6,170,7.4,3.16,107,68,97,219
921056,PBCHD11CGD,901949,22/10/2018,10:26,11:21,Pale Yellow,Cloudy,1.012,5.7,Trace,1+,Negative,Trace,Negative,Normal,Negative,5-7,0,2-3,Rare,Few,NIL,8.8,4.4,41.2,81,20,21,13.2,43.5,10106,56,26,7,5,0,1.42,2.39,0.11,0.51,0.16,342,7.2,28,0.31,18.1,0.4,0.01,4.59,2.3,213,42,79.1,5.1,25.5,220,5.1,1.88,0.53,0.8,0.1,0.7,47,31,7,42,6,4.8,1.2,4,1.2,7.1,3.3157,2.76,140,2.8,100,4.7,102.63,199,280,479,41.54,6,125.5,0.2,26.2,46.3,56.59,9.9,1.6,81,8.9,0.84,106,104,157,131
561425,KLTRS09TSS,676584,26/10/2018,09:29,10:11,Yellow,Milky,1.028,6.7,Negative,Trace,Negative,Negative,Negative,Normal,Negative,1-2,2,2-3,Rare,Nil,Parasites,10.8,4.6,49.6,44.8,23,21,12.3,45.9,8035,71,29,4,6,0,7.73,5.2,0.49,0.52,0.03,147,10.1,12,0.22,47.1,4.3,0.21,0.9,0.31,176,49,88.9,20,100,96,3.6,1.81,0.55,0.3,0.1,0.2,67,49,22,46,7.1,4.3,2.8,1.54,1,11.1,5.1837,5.18,121,3.8,83,5.2,104.48,196,141,337,58.16,12.4,309.18,0.2,76.5,67.2,113.84,10.2,4.1,150,6,3.34,84,74,119,131
577542,PBCHD12HPP,224365,23/10/2018,10:19,11:09,Light Yellow,Opaque,1.019,6.6,Trace,Trace,Negative,Negative,Negative,1+,Negative,13-14,0,12-19,Nil,Nil,NIL,14.7,5.4,22.4,95.5,27,65,12.4,34.8,39370,56,14,4,11,0,2.55,1.76,0.54,0.24,0.07,244,11.4,14,0.37,18.4,0.8,0.17,0.1,0.02,160,52,77.6,10.1,50.5,147,3.1,1.49,0.67,0.5,0.2,0.3,112,27,18,9,6.6,3.9,2.7,1.44,1,36.2,16.9054,16.91,138,4.6,97,5.2,87.92,127,167,294,43.2,5.9,122.63,0.3,24.2,86.1,28.11,11.9,5.2,115,9.5,2.16,94,154,87,152
489466,MZLGI01RJK,650504,22/10/2018,09:31,10:14,Light Yellow,Hazy,1.013,6.3,Trace,Trace,Negative,Negative,Negative,Normal,Negative,7-8,0,2-3,Nil,Rare,NIL,10.1,4.9,49.1,72.3,20,20,13.7,25.7,8419,25,16,1,2,0,1.54,2.11,0.69,0.03,0.13,117,10,15,0.25,19.3,0.8,0.71,0.05,0.24,160,65,92.3,35.9,179.5,143,2.5,1.42,0.7,0.4,0.1,0.3,114,25,25,13,7.7,4.1,3.6,1.14,1.2,12.6,5.8842,4.9,141,4.9,95,2.4,104.53,88,225,313,28.12,5.8,119.76,0.4,22.9,154.2,14.85,6.1,4.3,172,10.2,5.35,111,61,108,95
552326,MZLGI05BRC,974759,25/10/2018,06:43,07:22,Light Yellow,Slightly cloudy,1.015,6.5,Trace,1+,Negative,Negative,Negative,Normal,Negative,9-11,1,6-12,Rare,Nil,NIL,14.9,4.5,21.5,60.7,33,69,12.7,45.7,5457,31,54,4,8,1.3,8.82,2.1,0.25,0.06,0.06,60,12.2,12,0.27,31.3,0.3,0.32,0.34,0.31,206,80,80.4,36.4,182,116,2.6,1.01,1,0.7,0.2,0.5,122,36,9,25,6,3.9,2.1,1.86,1.2,18.7,8.7329,7.28,138,4.2,98,3.9,109.73,126,173,299,42.14,8.6,200.12,0.2,14.1,245.3,5.75,9.3,2.1,106,8.7,1.11,86,114,66,158
528698,PBCHD08SKM,784362,23/10/2018,08:42,10:02,Deep Amber,Slightly cloudy,1.013,4.8,Negative,Trace,Negative,Negative,Negative,Normal,Negative,1-3,2,17-17,Nil,Few,Fat droplets or lipiduria,15.9,4.8,51.6,72.8,33,30,11.4,42.2,6530,56,16,1,7,0.6,4.25,2.43,0.61,0.02,0,576,13.6,13,0.3,18.4,0.5,0.1,0.54,0.29,195,25,81.8,18.3,91.5,113,7.8,3.27,0.31,0.6,0.2,0.4,65,26,22,45,6.2,3.9,2.3,1.7,1.2,18.6,8.6862,7.24,143,5.6,103,5.6,107.03,170,199,369,46.07,12.1,300.57,0.2,23.2,34.6,67.05,8.5,5.9,278,6.9,2.08,94,110,104,108
456803,PBCHD10NLM,797944,23/10/2018,10:59,12:00,Straw,Slightly cloudy,1.01,6.5,Negative,1+,Negative,Negative,Negative,Normal,Negative,1-3,0,3-4,Nil,Nil,Fungal elements,11.4,5,57.3,87.6,22,19,13.5,41.8,6795,41,17,1,5,0,1.76,2.76,0.61,0.25,0.06,409,7.7,18,0.23,34.1,3.6,0.85,0.05,0.06,160,55,79.5,11.2,56,158,2.9,1.45,0.69,0.7,0.3,0.4,80,53,37,10,7.5,3.5,4,0.88,0.9,7.9,3.6893,4.1,140,4.3,105,3.2,95.43,162,249,411,39.42,5.9,122.63,0.7,12.3,90.4,13.61,11.1,3.2,138,6.5,1.47,101,185,81,177
400827,GYAHD04JHJ,697157,23/10/2018,10:50,11:35,Pink,Clear,1.016,6.6,Trace,Negative,1+,Negative,Negative,Normal,Negative,10-11,0,3-3,Few,Nil,NIL,9.2,4.4,55.7,96,20,16,12.9,40.6,10743,51,51,1,2,0,4.27,0.73,0.24,0.23,0.14,714,14.3,12,0.2,41.3,0.4,6.34,0.14,0.02,168,59,153.5,19.4,97,204,2.8,2.6,0.38,0.7,0.3,0.4,100,11,21,24,7.9,3,4.9,0.61,0.9,6.3,2.9421,3.27,146,5.5,102,8.2,119.97,96,221,317,30.28,5.9,122.63,0.9,14.4,490.9,2.93,10.6,5.8,73,19.3,1.61,125,71,75,70
140222,PBCHD10SKM,386625,25/10/2018,09:48,10:38,Light Yellow,Slightly cloudy,1.011,5.7,Negative,1+,Negative,Negative,Negative,Normal,Negative,7-8,1,1-3,Nil,Nil,NIL,5.6,4.7,51.9,123.3,11,10,14,42.8,8242,47,46,2,11,0,6.02,2.39,1.4,0.26,0.07,105,8.2,12,0.26,30.1,4.1,0.21,0.39,0.16,234,44,57.7,57.5,287.5,110,5.3,1.31,0.76,0.7,0.3,0.4,40,32,14,46,7.5,5.5,2,2.75,0.7,8.1,3.7827,5.4,122,4.7,100,4.9,101.72,133,356,489,27.2,6.3,134.11,0.3,15.8,79.2,19.95,11.8,2.3,145,4.1,2.72,81,76,79,123
161091,KLTRS12WBD,363921,23/10/2018,06:42,07:43,Yellow,Clear,1.024,6.7,Negative,Trace,Negative,Negative,Negative,Normal,Negative,9-10,2,2-4,Nil,Few,NIL,15,5.6,37.4,93.1,26,40,13.1,42.7,4457,55,39,3,8,0,6.46,2,0.91,0.46,0.04,1061,11.5,18,0.45,33.9,5.2,0.16,0.33,2.37,170,55,80.8,18.4,92,130,3.1,1.47,0.68,0.7,0.3,0.4,80,45,21,40,7.2,5,2.2,2.27,1.1,19.2,8.9664,8.15,138,4.9,105,5.1,92.36,159,284,443,35.89,6.1,128.37,0.1,24.2,120.2,20.13,12.2,5.5,132,11.7,0.31,84,225,61,103
623388,KLTRS06MLT,432308,22/10/2018,06:14,07:22,Straw,Clear,1.02,6.6,Negative,Negative,Negative,Negative,Negative,Normal,Negative,54-57,1,1-2,Nil,Nil,Parasites,16.9,5.4,40.8,84,31,41,12.1,45.7,10036,43,25,20,8,0,7.54,1.05,0.77,0.15,0.08,50,7.6,17,0.08,14.2,4.4,6.76,0.09,0.15,198,21,58.4,13.4,67,147,9.4,2.78,0.36,0.9,0.2,0.7,65,44,27,33,6.1,3.5,2.6,1.35,1.2,19.3,9.0131,7.51,142,4.6,111,5.4,56.66,66,342,408,16.18,7.5,168.55,7.9,16.2,277.8,5.83,10.2,4.2,115,10.6,0.08,80,89,90,176
213545,GYAHD02KLM,454837,25/10/2018,09:48,11:10,Light Yellow,Hazy,1.011,6.8,Negative,Negative,1+,Negative,Negative,Normal,Negative,6-7,8,2-3,Nil,Nil,NIL,10.4,4.3,63.9,99.8,24,16,15.1,40.2,17765,40,44,5,2,0,7.8,2.87,0.1,0.23,0.08,267,8.6,12,0.2,28.8,1.7,0.04,0.12,0.21,157,45,75.5,37,185,97,3.5,1.68,0.6,0.7,0.2,0.5,42,42,10,29,7,5,2,2.5,0.7,16.6,7.7522,11.07,140,2.7,97,5.3,16.58,148,344,492,30.08,5.8,119.76,1,14.6,101.5,14.38,10.2,2.8,153,9.3,7.09,119,92,90,137
396945,MZLGI10APK,130226,22/10/2018,07:08,07:51,Straw,Slightly cloudy,1.023,6.8,Trace,Trace,Negative,Negative,Negative,Normal,Negative,TNTC,1,2-4,Nil,Nil,NIL,9.4,5.5,21.5,73.2,17,43,13.3,44.8,4148,64,20,13,6,0.5,8.93,2.63,0.83,0.42,0,764,10.4,11,0.07,42.8,0.4,0.02,3.78,0.17,106,74,57.5,38.1,190.5,130,1.4,0.78,1.29,0.3,0.1,0.2,52,15,40,16,6.9,4.6,2.3,2,0.9,19,8.873,9.86,148,4.3,102,2.1,96.23,115,115,230,50,5.8,119.76,0.3,26.9,79.4,33.88,11.9,2.6,282,10,2.16,120,105,71,85
163223,KLTRS06NLZ,119822,23/10/2018,08:55,10:19,Straw,Clear,1.015,5.7,Negative,1+,Negative,Negative,Negative,Normal,Negative,2-4,0,2-2,Nil,Nil,NIL,9.8,6.6,63.4,87.8,14,15,15.5,44.9,9665,53,27,6,4,0,1.18,0.64,1.44,0.21,0.07,23,7.5,17,0.28,23.7,0.1,0.29,0.32,0.39,185,56,92.4,18,90,105,3.3,1.65,0.61,0.3,0,0.3,125,51,38,40,8.1,4,4.1,0.98,1,18.7,8.7329,8.73,128,2,110,6.7,115.89,96,235,331,29,5.2,102.54,0.1,17.7,79.7,22.21,10.2,4.8,184,10.3,0.09,121,87,122,81
122283,GYAHD07KAU,490171,26/10/2018,09:51,11:14,Straw,Slightly cloudy,1.01,5.2,Trace,1+,Negative,Negative,Negative,Normal,Negative,9-11,0,1-2,Rare,Nil,NIL,9.2,6,62.6,94.4,15,14,14,44.5,5984,19,29,5,3,0,5.44,3.38,0.8,0.05,0.15,320,9.6,12,0.26,26.1,1.1,0.16,0.2,0.17,198,38,63.5,12.6,63,90,5.2,1.67,0.6,0.5,0,0.5,54,7,31,40,6.5,4.2,2.3,1.83,1,6.5,3.0355,3.04,149,4.6,107,5.1,119.23,182,155,337,54.01,6,125.5,0.6,11.4,29.6,38.51,10.2,2.6,98,8.8,1.45,171,65,77,99
421558,GYAHD07KAU,693040,24/10/2018,09:24,10:24,Straw,Clear,1.022,4.7,Trace,1+,Negative,Negative,Negative,Normal,Negative,11-12,1,3-4,Nil,Nil,Artifacts,6.9,5.5,50.4,60.5,12,13,12.8,42.1,4325,64,25,1,1,0,0.94,0.49,0.94,0.16,0.04,374,7.7,17,0.32,21.6,1.2,0.68,0.92,0.27,191,56,75.5,33.1,165.5,153,3.4,1.35,0.74,0.5,0.2,0.3,66,43,28,16,8,4.6,3.4,1.35,1,14.4,6.7248,6.72,138,5.4,95,10.2,91.45,167,283,450,37.11,8.2,188.64,0.2,12,87.8,13.67,10.2,2.8,151,9.9,3.05,72,70,92,168
816968,KLTRS15NLZ,142314,25/10/2018,08:40,09:55,Dark Yellow,Clear,1.019,4.6,Negative,Negative,Negative,Trace,Negative,Normal,Negative,2-4,2,1-4,Rare,Nil,Mucus threads,11.8,4.2,41.8,91.9,28,28,14.3,45.4,51838,50,23,3,3,0,1.76,2.56,0.73,0.24,0.09,178,7.1,11,0.35,20.5,0.5,0.83,0.23,0.26,190,51,119.1,38,190,160,3.7,2.34,0.43,5.3,2.6,2.7,118,19,35,44,8.3,4.2,4.1,1.02,0.8,15.6,7.2852,9.11,137,3.8,112,3.3,105.62,164,359,523,31.36,11.9,294.83,0.3,26.4,121.3,21.76,7.8,4.7,170,8,3.92,141,125,93,186
507311,MZLGI03MHP,766175,26/10/2018,08:55,09:39,Yellow,Hazy,1.019,6.7,Trace,Trace,Negative,Negative,Negative,Normal,Negative,10-11,1,2-2,Rare,Nil,Artifacts,3.8,7.7,57.4,87.3,4,6,13.7,42.4,9007,55,32,12,8,0,1.45,1,0.46,0.7,0.01,20,7.5,14,0.11,26.4,1.5,0.07,0.72,0.32,158,37,74.2,38.4,192,83,4.3,2.01,0.5,1.5,0.7,0.8,121,54,39,23,6.7,3.9,2.8,1.39,0.4,13.6,6.3512,15.88,137,2.6,96,5.9,71.47,81,293,374,21.66,5.8,119.76,0.7,14.5,138.6,10.46,9,5.7,283,5.2,1.73,78,99,92,120
941217,GYAHD04ODK,668575,22/10/2018,09:08,10:20,Yellow,Clear,1.015,6.5,Negative,Trace,Negative,Trace,Negative,Normal,Negative,6-8,1,1-2,Nil,Nil,Fat droplets or lipiduria,11.6,4.6,56,81.7,25,20,12,39.3,6492,55,50,3,3,0,2.58,2.98,0.45,0.22,0.09,101,7.8,13,0.3,26.7,0.1,0.28,0.26,6.83,879,40,80,36.1,180.5,123,22,2,0.5,0.6,0.2,0.4,113,49,21,10,8.1,3.6,4.5,0.8,0.7,11.2,5.2304,7.47,129,3.5,96,5.4,65.13,81,347,428,18.93,6.2,131.24,1,11.8,106.2,11.11,9.5,4.1,241,5.4,1.52,108,235,117,126
603151,KLTRS02WBD,320564,23/10/2018,10:27,10:57,Straw,Slightly cloudy,1.017,5.8,Trace,Trace,Negative,Trace,Negative,Normal,Negative,3-5,0,1-4,Nil,Nil,NIL,14.8,4.3,45.1,65.2,34,32,12.2,43.4,8121,59,40,6,4,0,6.59,3.79,0.52,0.28,0.04,234,12,12,0.32,33.6,1.5,0.18,0.55,4.93,616,74,70.7,28.3,141.5,151,8.3,0.96,1.05,0.7,0,0.7,90,38,11,26,6.6,4.4,2.2,2,0.9,18.2,8.4994,9.44,145,4.9,114,3.5,100.59,111,204,315,35.24,5.8,119.76,1,14,20.7,67.63,8.8,3.5,186,12.9,3,120,67,250,254
331248,PBCHD07KLC,695427,22/10/2018,10:06,11:29,Deep Amber,Clear,1.013,6.1,Negative,1+,1+,Negative,Negative,Normal,Negative,13-14,1,2-3,Nil,Nil,NIL,10.8,5.5,53.6,76.6,19,20,13.8,42.3,3437,69,48,6,2,0,20.14,1.09,1.4,0.43,0.09,434,7.2,12,0.28,25.5,4.3,0.2,0.18,0.35,164,60,121.7,28.3,141.5,100,2.7,2.03,0.49,0.7,0.3,0.4,110,3,12,41,6.1,4.3,1.8,2.39,0.6,19.9,9.2933,15.49,146,3.8,105,3.2,95.27,169,179,348,48.56,8.7,202.99,0.8,26.3,189.9,13.85,10.5,2.8,118,9.7,1.53,82,88,70,101
761396,MZLGI13GJS,896438,26/10/2018,08:36,09:31,Pale Yellow,Clear,1.015,6.6,Trace,Trace,Negative,Negative,Negative,Normal,Negative,1-3,0,1-4,Nil,Nil,Fungal elements,1.3,4.9,39.1,43.3,2,3,13,47.9,9358,40,28,6,6,0,0.44,0.11,0.5,0.05,0.03,166,9.9,16,0.23,29.4,4.6,0.17,4.37,5.29,159,69,42.2,36.1,180.5,71,2.3,0.61,1.64,3.4,0.2,3.2,51,10,40,18,7,3.5,3.5,1,1.1,76.9,35.9123,32.65,142,5,108,3.7,104.22,47,354,401,11.72,11.9,294.83,0.5,10.1,48.9,20.65,9.9,5,164,6,0.83,71,82,86,124
136619,GYAHD14ODK,471633,22/10/2018,09:48,10:22,Pale Yellow,Clear,1.028,5.2,Negative,Negative,2+,Negative,2+,Normal,Negative,7-9,2,1-2,Nil,Nil,NIL,2.5,8.4,25.8,80.6,2,9,11.6,41.3,7124,47,26,10,5,0,3.43,4.83,0.01,0.53,0.05,390,9.4,16,0.63,18.5,2.1,0.35,0.24,0.82,171,42,129,5,25,95,4.1,3.07,0.33,0.2,0,0.2,124,54,36,23,7.3,4.7,2.6,1.81,1.1,12.1,5.6507,5.14,138,2.1,93,4.4,46.76,156,351,507,30.77,6.1,128.37,0.5,13.3,507.1,2.62,11.2,4,312,6.5,0.5,196,65,113,95
672934,MZLGI11MHP,353645,22/10/2018,06:28,07:07,Pale Yellow,Clear,1.013,6.7,Negative,Trace,Negative,Negative,Trace,Normal,Negative,TNTC,2,1-3,Nil,Rare,Artifacts,14.4,4.6,39.2,76.6,31,36,12.2,41.4,8174,44,20,6,6,0,7.46,2.15,0.85,0.21,0.05,388,7.7,15,0.18,30.7,0.7,0.09,6.8,0.31,153,54,84.8,37.3,186.5,153,2.8,1.57,0.64,1.5,0.3,1.2,318,27,38,15,6,4.9,1.1,4.45,1.2,7.7,3.5959,3,132,4.3,106,6.2,77.25,93,116,209,44.5,7.8,177.16,0.7,21,140.5,14.95,10.1,4.5,196,5.6,9.56,71,60,98,119
407957,PBCHD06SKM,703512,24/10/2018,09:13,10:30,Light Yellow,Slightly cloudy,1.025,6.2,3+,Trace,Negative,Negative,Negative,Normal,Negative,11-12,3,2-4,Nil,Nil,Amorphous debris,16.7,4.3,15.1,86.4,38,110,16.4,40.9,9944,50,23,4,4,0,1.63,4.75,0.27,0.04,0.01,403,9.5,10,0.35,49.7,0.2,0.03,0,0.08,170,57,47.2,87.8,439,201,3,0.83,1.21,0.7,0.1,0.6,102,53,26,17,6.2,3.9,2.3,1.7,1,17.4,8.1258,8.13,149,4,95,2,115.15,168,338,506,33.2,7.7,174.29,0.5,15.4,63.4,24.29,8.8,4.3,134,4.8,0.43,88,87,94,144
748083,PBCHD13GAM,219344,22/10/2018,09:19,10:11,Straw,Milky,1.03,5,Trace,Trace,Negative,Trace,Negative,Normal,Negative,8-10,1,3-4,Nil,Moderate,Artifacts,13.6,6.4,24.7,66.3,21,55,14.5,43.4,6966,43,31,1,4,0,1.18,3.92,0.36,0.03,0.09,360,9.9,15,0.29,25.9,2.4,4.46,0.37,0.27,163,46,106.3,13.1,65.5,133,3.5,2.31,0.43,0.7,0,0.7,129,35,13,32,7.6,4.7,2.9,1.62,1.1,78.9,36.8463,33.5,123,4,70,2.4,111.61,70,259,329,21.28,8.3,191.51,0.3,12.9,26.1,49.43,13.4,2.6,98,15.1,3.19,125,60,97,146
177134,GYAHD15KLM,981638,25/10/2018,11:11,12:22,Yellow,Clear,1.026,5.5,Negative,2+,Negative,Negative,Negative,Normal,Negative,75-79,2,1-3,Nil,Nil,NIL,14.4,4.4,42.8,99.2,32,33,16.6,43,5092,55,28,4,5,0,1.58,2.52,0.75,0.5,0.01,270,7.6,11,0.07,34.3,2.2,0.14,0.77,0.32,193,57,93.1,85.8,429,95,3.4,1.63,0.61,0.3,0,0.3,97,9,27,34,6.5,3.5,3,1.17,0.6,13,6.071,10.12,136,5.9,104,5.5,100.95,130,335,465,27.96,6,125.5,0.3,145.9,140.1,104.14,9.9,2.1,180,7.4,3.88,120,83,98,92
431877,KLTRS13KLP,102028,25/10/2018,10:31,11:20,Pale Yellow,Slightly cloudy,1.016,7,Trace,Negative,Negative,Negative,Negative,Normal,Negative,8-10,1,2-4,Nil,Few,NIL,9,4.1,32.8,76,21,27,13,40.2,9430,47,11,9,4,0,0.55,1.57,1.31,0.36,0.06,165,7.6,26,0.37,32,4.8,0.07,1,0.36,150,64,93.9,23.3,116.5,139,2.3,1.47,0.68,0.9,0.3,0.6,129,28,22,13,6.2,3.6,2.6,1.38,0.8,12.8,5.9776,7.47,144,3.8,103,3.4,62.48,192,142,334,57.49,6,125.5,0.3,14.7,98.2,14.97,6.8,5.2,119,5,2.83,81,97,89,304
188534,GYAHD06ODK,401705,25/10/2018,11:32,12:55,Pale Yellow,Slightly cloudy,1.028,6.3,Negative,Trace,Trace,Negative,Negative,Normal,Negative,9-10,1,1-4,Nil,Nil,NIL,10.3,4.7,60,73.9,21,17,12.8,41.2,3689,68,49,6,4,0,1.28,2.05,0.72,0.34,0.02,142,8.9,17,0.38,24.6,4.2,0.13,0,0.06,176,28,70.8,5.5,27.5,74,6.3,2.53,0.4,0.5,0.2,0.3,51,17,8,9,6.2,4.4,1.8,2.44,1.2,9.5,4.4365,3.7,142,3.5,105,2.9,90.4,117,142,259,45.17,6,125.5,0.8,99.8,80.3,124.28,11.9,2.8,80,5.1,3.37,72,160,120,132
142762,MZLGI12MHP,942485,25/10/2018,08:19,09:10,Pale Yellow,Clear,1.016,5.9,Negative,Negative,Negative,Negative,Negative,Normal,Negative,7-9,2,2-3,Nil,Rare,NIL,10.9,5.6,46.5,120.4,19,23,13.8,45.8,9734,47,45,4,8,0,8.74,1.94,0.43,0.42,0.08,22,9.7,11,0.24,30.1,2.5,3.38,0.29,0.58,200,53,70.4,9.7,48.5,95,3.8,1.33,0.75,2.1,1,1.1,117,36,36,47,6.5,3.7,2.8,1.32,0.9,15.2,7.0984,7.89,135,1.9,110,5.2,110.02,129,320,449,28.73,7.2,159.94,0.4,24.6,454.9,5.41,8.1,5.2,121,11.7,2.82,124,143,72,104
253763,PBCHD13PBP,822660,25/10/2018,06:03,06:56,Yellow,Slightly cloudy,1.184,7.7,Negative,Negative,Negative,Negative,Trace,Normal,Negative,10-12,0,1-4,Nil,Nil,NIL,12.9,4.6,56.1,74.3,28,22,16.7,39.4,10192,61,20,3,6,0,3.89,1.54,0.66,0.08,0.02,120,10,17,0.26,12.4,0.6,0.2,0.97,0.62,132,47,71,13.3,66.5,136,2.8,1.51,0.66,0.7,0.3,0.4,42,50,37,19,8.2,3.5,4.7,0.74,0.9,29,13.543,15.05,131,4.3,101,2.1,98.88,117,124,241,48.55,8.4,194.38,1,21.4,174.3,12.28,10.4,5.8,68,11.2,3.15,89,90,83,105
909193,GYAHD03JHJ,614553,26/10/2018,10:32,11:30,Straw,Hazy,1.017,7,Trace,Negative,Negative,Trace,Negative,Normal,Negative,4-6,0,7-8,Nil,Nil,Amorphous debris,11.3,4.2,54.4,118.9,26,20,12.7,40.6,9686,40,38,13,9,0,2.04,2.45,0.2,0.81,0.03,63,16.5,15,0.25,39.8,0.1,0.33,4.57,0,201,51,50.9,70.3,351.5,118,3.9,1,1,0.7,0,0.7,59,20,23,21,6,4.3,1.7,2.53,1,25.7,12.0019,12,136,3.6,106,4.6,104.85,77,301,378,20.37,5.8,119.76,0.4,10.3,36.3,28.37,7.7,4,282,7,13.1,110,164,72,166
736264,PBCHD11NLM,367883,26/10/2018,08:45,09:37,Yellow,Slightly cloudy,1.012,4.8,1+,Trace,Trace,Negative,Negative,Normal,Negative,12-13,2,3-4,Nil,Rare,Parasites,12.1,4.2,63.1,65.4,28,19,12.9,44.6,8741,40,48,1,25,0,18.34,2.18,0.4,0.56,0.03,253,8.1,16,0.25,32.9,0.8,0.14,6.41,0.08,195,60,82.7,60.2,301,87,3.3,1.38,0.73,0.3,0,0.3,73,13,23,30,7.1,3.8,3.3,1.15,1.2,15.8,7.3786,6.15,149,3.7,113,4.7,78.06,64,353,417,15.35,5.6,114.02,0.8,20.4,24.7,82.59,11.9,3.8,108,10.5,2.56,76,126,85,126
324006,GYAHD01KAU,748374,24/10/2018,08:54,10:21,Pale Yellow,Milky,1.011,6.5,Negative,Negative,Negative,Trace,Negative,Normal,Negative,5-6,2,1-4,Few,Rare,Parasites,10.5,4.3,40.2,81.3,24,26,11.6,43.8,7636,73,39,9,6,0,2.48,2.12,0.65,0.23,0.01,217,8,16,0.1,25.8,3.9,0.04,0.13,0.88,166,38,97,36.1,180.5,149,4.4,2.55,0.39,0.6,0.1,0.5,58,19,29,40,7.5,4,3.5,1.14,0.8,17.4,8.1258,10.16,137,5.7,107,7,101.27,108,278,386,27.98,8,182.9,1,240.8,131.7,182.84,8.7,4,162,9.6,7.54,76,93,183,184
225190,PBCHD10MHS,267750,26/10/2018,06:16,07:24,Pale Yellow,Slightly cloudy,1.017,4.9,Trace,Negative,Negative,Negative,Negative,Normal,Negative,11-13,0,2-4,Rare,Nil,NIL,14.4,5.6,62.3,91.2,25,23,11.8,40.1,5031,51,29,1,7,0,3.02,1.4,0.3,0.64,0.13,432,6.3,17,0.27,12.4,3.7,0.14,0.22,0.51,210,21,114.6,23.5,117.5,141,10,5.46,0.18,0.7,0.1,0.6,56,27,13,26,6.5,3.5,3,1.17,0.6,157.8,73.6926,122.82,140,2.3,106,3.4,98.98,102,238,340,30,6.2,131.24,0.9,24.4,77.9,31.32,8.6,5.1,212,2.8,1.12,109,61,64,186
355094,MZLGI05GJS,946637,23/10/2018,09:04,09:41,Straw,Opaque,1.017,5.9,Negative,3+,Negative,Negative,Negative,Normal,Negative,11-12,2,2-2,Nil,Nil,Mucus threads,19.8,7,22.2,88.3,28,89,11.8,44,8161,57,20,22,9,0,16.46,3.34,0.63,0.24,0.05,211,7.1,13,0.13,42.2,4.2,5.35,0.39,0.21,157,50,92,11.9,59.5,181,3.1,1.84,0.54,0.7,0.3,0.4,98,56,23,25,6,3.6,2.4,1.5,1,18,8.406,8.41,142,3.2,110,9.1,108.99,160,214,374,42.78,5.8,119.76,0.2,27.7,126.3,21.93,12.3,2.7,99,5.1,1.33,78,99,122,162
644634,MZLGI08BRC,626982,25/10/2018,11:08,12:20,Green,Clear,1.015,6.6,Trace,Trace,Negative,Negative,Negative,Normal,Negative,9-10,0,11-12,Rare,Nil,Parasites,5.5,5.7,63.8,79.7,9,8,11.8,28.6,6522,55,33,6,12,0,8.14,1.2,0.64,0.05,0.15,358,11,13,0.3,22.3,2.5,0.16,0.29,0.31,173,51,83.7,12.6,63,168,3.4,1.64,0.61,1.2,0.3,0.9,58,18,19,39,7.3,4,3.3,1.21,1.1,30.3,14.1501,12.86,135,4.9,97,2.8,117.58,60,349,409,14.67,5.9,122.63,0.7,10.8,54.8,19.71,12,3.9,226,12.7,0.62,91,104,83,242
429953,KLTRS09ODB,209653,22/10/2018,09:38,10:34,Light Yellow,Slightly cloudy,1.011,4.7,Negative,1+,Negative,Negative,Negative,Normal,Negative,9-10,2,3-2,Nil,Nil,Fungal elements,12.9,5,30.6,87.2,25,42,9.7,40.8,8628,40,28,1,6,0,1.09,2.02,0.79,0.29,0.06,244,7,12,0.35,12.9,0.5,0.16,0.1,0.12,178,22,128.7,21.1,105.5,167,8.1,5.85,0.17,0.9,0.3,0.6,98,42,24,25,8.1,4.4,3.7,1.19,1,9.4,4.3898,4.39,144,4.6,102,3.1,119.19,168,131,299,56.19,6.3,134.11,0.6,12,32.1,37.38,11.7,4.5,244,20.8,2.32,71,76,106,83
702399,KLTRS03NLZ,327443,23/10/2018,10:59,11:50,Straw,Hazy,1.016,5.7,Trace,Negative,Negative,Negative,Negative,Normal,Negative,2-3,2,1-3,Nil,Nil,NIL,15.2,6.5,39.7,76.3,23,38,11.6,38,4422,56,35,2,6,0,2.57,3.19,0.25,0.28,0.14,135,9.9,20,0.36,31.4,0.1,0.79,0.14,0.16,192,33,76.7,13.3,66.5,174,5.8,2.32,0.43,1.3,0.1,1.2,82,29,25,20,6.4,3.8,2.6,1.46,0.9,14.5,6.7715,7.52,142,3.7,102,6.2,102.06,130,138,268,48.51,6,125.5,0.7,15.5,68,22.79,9,4.6,211,6.1,3.67,91,77,82,236
498701,MZLGI03APK,497837,23/10/2018,11:55,13:01,Straw,Clear,1.015,4.6,Negative,Trace,Negative,Negative,Negative,Normal,Negative,1-2,2,3-2,Nil,Nil,Mucus threads,10.1,5.2,35.4,84.2,19,28,14.5,45,7386,77,29,4,13,0,5.73,1.51,0.3,0.09,0.02,633,15.5,30,0.27,46.5,2.4,0.57,0.03,0.09,183,76,70.7,43,215,81,2.4,0.93,1.07,0.5,0.1,0.4,60,76,11,39,7.8,4.5,3.3,1.36,0.8,37.1,17.3257,21.66,139,4.2,100,3,90.33,138,355,493,27.99,11.2,274.74,0.7,17,107.5,15.81,9.6,3.1,170,4.8,5.54,91,60,177,173
198021,KLTRS09TSS,381437,22/10/2018,09:48,11:08,Light Yellow,Clear,1.018,6.6,1+,Negative,Negative,Negative,Negative,Normal,Negative,5-6,2,2-3,Rare,Nil,Fungal elements,9,4.7,17.3,77.3,19,52,14.2,44.7,4137,54,42,3,6,0,7.57,2.27,0.22,0.55,0.33,382,15.9,11,0.14,29.2,3.4,0.25,0.24,0.45,195,72,145.7,18.1,90.5,110,2.7,2.02,0.49,0.8,0.1,0.7,118,52,40,26,7.7,4.6,3.1,1.48,0.9,17.6,8.2192,9.13,120,5.1,99,4.9,108.53,132,274,406,32.51,7.9,180.03,20.8,337.9,71.7,471.27,10.9,5.2,98,8.2,9.24,94,98,70,92
264919,KLTRS06MLT,330062,25/10/2018,11:38,12:48,Pale Yellow,Clear,1.018,6.8,Trace,Negative,Negative,Negative,Negative,Normal,Negative,8-10,1,2-4,Nil,Nil,Artifacts,18.1,5.5,30.9,76.7,32,58,13.9,39.2,9829,53,22,4,8,0,20.78,0.13,0.42,0.41,0.1,390,9,16,0.36,29.6,3.9,0.27,4.28,0.75,190,46,64.8,16.7,83.5,108,4.1,1.41,0.71,0.4,0,0.4,77,16,99,39,6.1,4,2.1,1.9,1.1,13.3,6.2111,5.65,129,4.8,96,3.7,91.82,122,94,216,56.48,6.1,128.37,0.4,23.6,26,90.77,10.3,3.3,81,10.4,2.87,124,134,74,105
202585,MZLGI13MHP,219014,22/10/2018,07:19,08:15,Green,Clear,1.012,4.8,Negative,Trace,Negative,Negative,Negative,Normal,Negative,8-10,2,2-2,Rare,Nil,NIL,8.6,4.8,50.2,68.9,17,17,13.1,45.4,10088,52,18,1,8,2.6,8.02,1.09,0.51,0.38,0.02,300,11.6,16,0.27,19.2,6.2,0.27,0.38,0.32,132,23,67,25.9,129.5,94,5.7,2.91,0.34,0.7,0.3,0.4,45,45,16,91,7.4,4.5,2.9,1.55,0.8,26.8,12.5156,15.64,142,4.4,110,5.5,110.39,160,300,460,34.78,6.2,131.24,0.3,22.8,71.2,32.02,9.3,2.6,110,9.9,1.7,83,81,99,128
288957,GYAHD07ODK,755063,24/10/2018,09:08,09:58,Deep Amber,Hazy,1.016,6.8,1+,Negative,Negative,Negative,Negative,Normal,Negative,6-7,2,1-3,Nil,Nil,Parasites,9.3,5.6,19.7,98.3,16,47,14.6,40.5,43411,40,45,6,3,0,1.1,1.72,0.56,0.15,0.07,131,9.4,18,0.28,24.3,4.3,0.46,0.06,0.25,197,25,70.9,35.7,178.5,103,7.9,2.84,0.35,0.7,0.2,0.5,44,50,38,45,7.2,4.8,2.4,2,0.7,10.4,4.8568,6.94,141,4.9,97,5.5,109.31,147,350,497,29.58,7.4,165.68,0,17.9,88.1,20.32,8.9,5.6,232,11.8,2.19,94,84,94,159
499363,KLTRS04MLT,862768,25/10/2018,11:49,13:16,Pale Yellow,Slightly cloudy,1.016,4.7,Negative,1+,Negative,Negative,Negative,Normal,Negative,1-3,1,1-3,Nil,Nil,Fat droplets or lipiduria,4.1,4.3,53.2,86.3,9,7,14.3,41,8492,45,28,10,3,0,1.52,2.64,0.45,0.15,0.02,240,11.9,11,0.32,38.7,3,0.26,0.97,0.1,178,44,136.2,70.7,353.5,114,4,3.1,0.32,0.4,0.1,0.3,71,39,25,24,6.4,3.6,2.8,1.29,0.9,12.4,5.7908,6.43,146,4.8,108,5,113.73,132,262,394,33.5,6.8,148.46,0.3,26.8,251.2,10.67,10.5,3.4,165,11.3,2.33,74,97,89,83
513550,KLTRS06NLZ,780597,22/10/2018,07:26,08:36,Straw,Slightly cloudy,1.012,6,Trace,Trace,Negative,Negative,Negative,Normal,Negative,5-7,0,1-4,Nil,Nil,NIL,4.8,5.6,57,85.6,8,8,11.6,42,6528,64,47,1,4,0,8.22,2.32,0.25,0.16,0.02,222,12.5,13,0.33,14.2,0.1,0.27,0.26,0.09,156,53,145.6,11.4,57,194,2.9,2.75,0.36,0.6,0,0.6,70,48,20,10,6.3,4,2.3,1.74,0.5,9,4.203,8.41,148,3.1,105,2,102.02,49,116,165,29.7,5.8,119.76,0.5,24.2,40.6,59.61,10.3,2.9,180,7,11.76,84,73,100,95
243498,GYAHD15ODK,162188,23/10/2018,09:31,10:21,Light Yellow,Clear,1.013,6.8,2+,Negative,Negative,Negative,Negative,Normal,Negative,2-4,0,1-3,Nil,Rare,Fat droplets or lipiduria,9.3,4.5,22.4,92.2,20,41,12.9,40.7,5309,42,21,3,2,0,6.47,1.18,0.27,0.12,0.04,1192,10.8,16,0.25,13.9,0.1,0.86,2.81,0.03,161,22,132.8,34.8,174,70,7.3,6.04,0.17,0.5,0.2,0.3,43,6,22,12,6.2,5,1.2,4.17,1.2,13.3,6.2111,5.18,132,4.4,102,5.1,94.25,152,348,500,30.4,8.9,208.73,0,11.1,23.9,46.44,10.7,4.1,101,15.5,2.02,85,78,89,76
163641,KLTRS01WBD,136856,22/10/2018,07:55,08:54,Light Yellow,Clear,1.032,4,Negative,2+,Negative,Negative,Negative,Normal,Negative,4-5,0,2-3,Rare,Nil,Mucus threads,2.8,5.3,40.6,68.9,5,6,11.6,47.9,7836,55,27,5,11,0,1.4,2.81,0.99,0.35,0.02,46,5.6,6,0.38,12.3,6.5,0.09,1.35,0.17,238,51,83.9,33.8,169,72,4.7,1.65,0.61,0.9,0.3,0.6,115,54,37,15,6.5,3.8,2.7,1.41,0.8,17.7,8.2659,10.33,143,4.5,113,4.2,115.02,142,214,356,39.89,6.1,128.37,0.9,12,114.3,10.5,9.7,4.1,56,17.3,4.66,119,88,99,114
187746,KLTRS07WBD,432951,22/10/2018,07:50,09:19,Light Yellow,Slightly cloudy,1.017,6.8,Negative,Negative,Negative,Negative,Trace,Normal,Negative,2-4,1,2-2,Few,Rare,NIL,11.6,6.1,43.6,108.3,19,26,12.3,42.1,10165,51,19,2,2,0,3.27,2.89,0.64,0.07,0.04,313,9.3,17,0.28,22.1,0.1,0.21,0.36,0.8,194,20,44.4,47.8,239,64,9.7,2.22,0.45,0.3,0,0.3,86,48,10,15,6.8,4.5,2.3,1.96,1.2,122.9,57.3943,47.83,137,3.9,105,2.2,108.71,143,269,412,34.71,6.2,131.24,0.9,28.8,26.6,108.27,10.5,5.4,114,9.7,1.77,100,91,70,157
216339,MZLGI13GJS,723754,23/10/2018,06:13,07:04,Straw,Clear,1.02,6.8,3+,Trace,Negative,Negative,1+,Normal,Negative,1-2,0,3-3,Nil,Nil,Artifacts,9.9,5.6,50,97.5,17,19,13.6,46.9,6771,44,32,3,20,0,0.53,4.54,1.3,0.31,0.04,171,10.5,12,0.55,18.4,0.1,4.4,0.29,0.09,219,53,186.9,31.2,156,76,4.1,3.53,0.28,0.3,0,0.3,66,8,15,38,7,4.9,2.1,2.33,1.2,17.6,8.2192,6.85,145,2.7,96,10.9,107.71,87,259,346,25.14,7.3,162.81,0.5,12.4,265.3,4.67,8.1,3.6,152,3.1,0.24,106,96,87,147
905443,KLTRS01MLT,308327,23/10/2018,06:34,07:48,Straw,Hazy,1.014,5.2,Negative,Trace,Negative,Negative,Trace,Normal,Positive,10-11,0,9-14,Nil,Nil,NIL,16.6,6.2,38.2,78.6,26,43,14.5,41.4,3465,56,42,1,6,0,0.6,1.25,0.58,0.22,0.01,295,9.3,15,0.31,21.9,0.2,0.4,0.88,0.06,232,23,91.1,38,190,139,10.1,3.96,0.25,0.4,0,0.4,98,33,16,24,8,3.5,4.5,0.78,0.9,16,7.472,8.3,139,3.3,98,9.5,98.11,130,159,289,44.98,6.1,128.37,0.8,124.2,31.8,390.57,9.2,3.2,109,12.8,2.5,86,99,219,194
241514,PBCHD07KLC,536240,23/10/2018,10:28,11:56,Red,Clear,1.018,6.7,Negative,Negative,Negative,Negative,Negative,Normal,Negative,13-15,0,17-8,Nil,Nil,NIL,1,6,41.8,83,1,2,12.2,40.1,4749,79,27,16,12,0,0.65,1.44,0.4,0.36,0.1,105,8.9,20,0.36,12.1,0.1,0.55,0.79,0.22,181,54,94.3,99.9,499.5,116,3.4,1.75,0.57,0.3,0.1,0.2,114,45,30,28,6.5,3.2,3.3,0.97,1.2,7.3,3.4091,2.84,142,3.2,107,7,65.42,115,291,406,28.33,6,125.5,0.6,18,119.6,15.05,8.6,3.7,165,7.6,2.76,140,118,87,189
583824,GYAHD04JHJ,334180,25/10/2018,11:20,12:14,Light Yellow,Clear,1.012,4.8,Trace,Trace,1+,Negative,Negative,Normal,Negative,4-5,1,3-4,Nil,Nil,NIL,14.4,5.8,54.3,98.4,24,26,14,40.9,4353,30,19,3,6,0.5,11.96,1.46,0.47,0.07,0.04,121,11.1,11,0.23,15.4,4.7,0.2,0.23,0.34,226,41,34.5,16.1,80.5,147,5.5,0.84,1.19,0.6,0.1,0.5,64,43,20,38,8.2,4.4,3.8,1.16,1.2,15.6,7.2852,6.07,149,4,107,4.5,116.68,114,286,400,28.5,8,182.9,1.5,10.5,116.8,8.99,7.7,5.2,97,9.5,3.05,77,105,60,91
477184,PBCHD10RJU,663796,22/10/2018,11:11,11:47,Light Yellow,Hazy,1.013,4.6,Trace,Negative,Negative,Negative,Negative,Normal,Negative,11-13,2,2-4,Nil,Nil,NIL,12.4,4.1,47.6,87.2,30,26,12.7,44.2,4972,40,55,2,4,0.5,1.67,2.83,0.29,0.08,0.01,450,17.7,14,0.43,15,3,0.2,0.2,0.02,206,60,90.8,108.1,540.5,156,3.4,1.51,0.66,1,0.4,0.6,122,35,31,23,6.6,4.7,1.9,2.47,1.2,12.5,5.8375,4.86,142,3.3,98,7.6,48.44,144,163,307,46.91,7.6,171.42,7.8,13.2,353.6,3.73,9.8,3.3,78,18.2,2.45,82,284,74,130
681821,GYAHD06KLM,917679,25/10/2018,07:42,08:18,Light Yellow,Hazy,1.016,6.5,Trace,Negative,Negative,1+,Negative,Normal,Negative,13-15,1,2-2,Nil,Nil,NIL,14.4,5.7,48.2,40.1,25,29,14,42.4,9904,20,24,2,6,0,9.94,1.37,0.45,0.33,0.02,306,10.7,12,0.44,35.2,6,0.25,0.3,0.22,212,51,93.7,52.5,262.5,124,4.2,1.84,0.54,0.3,0,0.3,52,11,37,40,6.5,4,2.5,1.6,0.7,19.4,9.0598,12.94,139,3.6,95,5.4,117.05,99,349,448,22.1,6.1,128.37,0.7,21,146,14.38,9.2,5.1,116,2,0.62,108,82,108,81
211350,KLTRS02TSS,519331,22/10/2018,11:07,12:18,Light Yellow,Clear,1.026,6.6,Trace,Trace,Negative,Trace,Negative,Normal,Negative,5-7,2,6-10,Nil,Nil,NIL,18.5,4.6,43.4,90.4,40,42,12,40.8,8729,45,47,1,12,0.3,5.84,1.06,0.46,0.02,0.08,198,10,16,0.2,30.7,6.6,0.36,0.29,1.36,192,49,60.6,46.1,230.5,130,3.9,1.24,0.81,0.7,0,0.7,68,28,19,10,6.7,4,2.7,1.48,0.7,10.5,4.9035,7.01,141,3.9,105,5.4,54.44,145,277,422,34.36,5.9,122.63,0,23.4,51.1,45.79,10.3,4.6,243,18.9,8.9,134,74,80,189
206621,PBCHD12CGD,301600,23/10/2018,11:28,12:22,Pale Yellow,Hazy,1.022,7,Trace,Trace,Negative,Negative,Negative,Normal,Negative,9-11,1,1-4,Nil,Nil,NIL,19.4,5.6,19.9,71.6,34,97,13.8,40,10330,43,41,1,4,0,0.89,1.25,0.51,0.14,0,217,11.6,11,0.33,17.1,3.2,0.19,6.65,0.36,192,51,67.3,21.5,107.5,191,3.8,1.32,0.76,0.6,0,0.6,80,14,35,16,8.1,4.5,3.6,1.25,0.3,13.7,6.3979,21.33,136,4.4,102,5.7,68.97,78,183,261,29.89,6,125.5,0.1,18.5,270.2,6.85,9.9,4.4,180,7.6,2.87,72,101,123,131
572854,PBCHD03PBP,451362,22/10/2018,06:27,07:18,Light Yellow,Slightly cloudy,1.015,5.3,Trace,Negative,Negative,Negative,Negative,Normal,Negative,14-15,11,1-4,Nil,Nil,Fat droplets or lipiduria,8.4,5.5,64.7,88.8,15,12,13.5,42,8460,56,52,5,5,10.1,4.43,4.46,0.9,0.36,0.09,35,8,12,0.29,29.8,0.1,1.02,0.11,0.2,223,49,197.3,13.4,67,76,4.6,4.03,0.25,0.7,0.2,0.5,110,34,18,17,6.5,4.5,2,2.25,1.1,7,3.269,2.97,145,4.8,97,2.6,97.45,160,276,436,36.7,5.9,122.63,0.7,10.2,128,7.97,6.9,3.7,162,9.2,1.95,71,123,87,73
598870,GYAHD11ODK,238286,22/10/2018,08:19,09:29,Pale Yellow,Clear,1.029,6.4,Negative,1+,Negative,Negative,Negative,Normal,Negative,11-13,1,3-3,Nil,Nil,Yeast cells,20.2,4.4,49,92.4,45,41,16.8,26.4,9758,39,39,5,5,0.5,9.93,0.86,0.19,0.28,0.23,107,9.4,18,0.18,42.5,3.5,0.64,0.04,0.94,833,36,90.8,38.3,191.5,195,23.1,2.52,0.4,0.7,0.2,0.5,44,52,11,29,7.3,4.7,2.6,1.81,0.7,8.9,4.1563,5.94,135,7.1,104,6.7,118.53,170,294,464,36.64,6.1,128.37,0.7,14.1,104.5,13.49,10.7,4.5,116,5.7,0.02,170,97,79,105
849608,KLTRS11MLT,591734,22/10/2018,07:34,08:33,Light Yellow,Slightly cloudy,1.235,5.5,Negative,2+,Negative,Negative,Negative,Normal,Negative,7-8,4,>20,Nil,Nil,Fat droplets or lipiduria,15,4.5,36.6,85.4,33,40,13.5,45.2,4533,18,34,10,7,0.9,21.74,1.81,0.6,0.63,0.13,145,7.4,20,0.39,23.5,4.2,2.44,2.22,3.71,205,54,99.3,37.3,186.5,130,3.8,1.84,0.54,0.7,0.2,0.5,125,10,38,24,6.5,4.2,2.3,1.83,0.6,18.4,8.5928,14.32,138,4,106,6,92.67,43,206,249,17.27,6.4,136.98,0.9,13.1,144.1,9.09,10.4,2.5,325,5.3,6.99,88,74,115,226
994123,PBCHD04PBP,524868,25/10/2018,06:58,08:00,Light Yellow,Clear,1.017,6.5,Trace,3+,Negative,Negative,Negative,Normal,Negative,13-15,0,3-3,Moderate,Nil,NIL,15.4,2.8,42.8,93.4,55,35,12.1,27.8,16785,42,22,2,3,0,9.62,2.05,0.17,0.15,0.18,245,8.7,19,0.27,15.4,3.6,0.7,0.05,0.67,171,26,84.6,32.4,162,111,6.6,3.25,0.31,0.8,0.1,0.7,45,53,17,37,7,4.7,2.3,2.04,1.2,19.4,9.0598,7.55,145,5.3,102,6.5,103.29,74,126,200,37,8,182.9,0.1,27.8,110,25.27,9,4,100,18,5.3,78,64,77,184
536873,PBCHD05MHS,489769,26/10/2018,10:16,11:07,Pale Yellow,Clear,1.018,6.7,Negative,Trace,1+,Negative,Negative,Normal,Negative,10-12,57,1-4,Moderate,Nil,NIL,12.7,5.4,51,48.5,23,24,13.5,43.6,10479,59,25,9,2,0,18.62,1.18,0.68,0.26,0.1,251,10.8,16,0.21,15,1.3,0.33,0.16,2.95,231,52,158,33.3,166.5,208,4.4,3.04,0.33,2.3,1.1,1.2,53,24,27,15,6.3,3.6,2.7,1.33,0.6,14.1,6.5847,10.97,137,4.6,105,2.4,34.2,137,264,401,34.16,7.1,157.07,0.1,10.4,82.4,12.62,7.7,2.2,174,7.3,2.48,149,120,88,351
783444,KLTRS11ODB,402131,26/10/2018,08:25,09:19,Pale Yellow,Slightly cloudy,1.02,6.9,Trace,Negative,Negative,Negative,Negative,Normal,Negative,14-15,1,2-3,Nil,Nil,NIL,16.9,4,25,84.5,42,67,12.8,44,6190,56,36,2,7,0,0.52,3.14,0.72,0,0.1,342,16,18,0.33,32.5,6.9,0.08,0.37,0.11,179,27,88.7,32.3,161.5,127,6.6,3.29,0.3,0.3,0.1,0.2,309,54,22,31,6,3.5,2.5,1.4,0.6,16,7.472,12.45,142,3.9,103,4.7,104.66,70,123,193,36.27,5.9,122.63,0.6,15,148.2,10.12,8.6,4.3,119,8.8,7.34,100,107,98,119
934650,PBCHD13HPP,160811,22/10/2018,09:42,10:47,Pale Yellow,Hazy,1.023,6.6,Trace,Trace,Negative,Negative,Negative,Normal,Negative,10-12,2,1-3,Nil,Nil,NIL,11.7,5.9,34,76.8,19,34,12.7,45.9,10744,57,44,4,4,0,1.31,3.2,0.64,0.58,0.01,76,11.5,17,0.12,20.9,5.3,0.9,0.63,0.6,231,29,71.9,87.7,438.5,61,8,2.48,0.4,0.5,0.2,0.3,53,25,11,33,7.9,3.6,4.3,0.84,0.7,15.2,7.0984,10.14,145,2.5,96,3.1,92.63,116,193,309,37.54,6.2,131.24,0.2,13.8,84.1,16.41,8.7,3.7,100,4.6,3.05,115,77,84,264
524527,MZLGI01RJK,183054,23/10/2018,07:49,09:16,Straw,Hazy,1.023,5.3,Trace,Trace,Negative,Negative,Negative,Normal,Negative,12-13,0,8-19,Nil,Nil,NIL,13.4,4.2,40.5,75.1,31,33,12.8,44.7,9304,35,36,4,6,0,6.42,3.21,0.93,0.46,0.07,401,8.5,17,0.29,19.5,1.5,0.4,0.38,0.35,195,51,25.3,81.1,405.5,105,3.8,0.5,2.02,0.2,0,0.2,50,31,53,21,6.9,4.1,2.8,1.46,1,11.7,5.4639,5.46,141,2.8,79,4.6,106.57,81,358,439,18.45,8.8,205.86,0.8,18.9,63,30,12.9,5.1,62,6,9.89,74,94,72,179
525745,GYAHD05ODK,839997,23/10/2018,10:31,11:06,Yellow,Slightly cloudy,1.027,6,Negative,Trace,Negative,Negative,Negative,Normal,Negative,2-4,0,15-16,Nil,Nil,Parasites,9,4.2,46.8,57.6,21,19,13.2,41.8,9922,43,25,6,7,0,4.34,4.29,0.51,0.45,0.01,344,15.9,12,0.23,32.1,0.5,0.7,4.56,0.34,194,51,78.7,21.2,106,174,3.8,1.54,0.65,0.8,0.3,0.5,110,43,40,13,7.2,4.8,2.4,2,1,6.8,3.1756,3.18,143,4.8,105,1.8,75.27,140,314,454,30.84,5.8,119.76,0,10.4,99.6,10.44,9.7,5.1,72,6.9,2.49,104,74,98,149
484668,GYAHD14KAU,984971,25/10/2018,06:24,07:24,Light Yellow,Slightly cloudy,1.016,7.5,Negative,Trace,Negative,Negative,Negative,Normal,Negative,10-11,2,2-3,Rare,Nil,NIL,11,4.8,34,99.8,22,32,13.9,39.5,7478,40,47,1,10,0,8.86,2.61,0.44,0.68,0,372,17,11,0.21,19.3,0.2,2.69,0.52,0.22,213,43,92.7,70.7,353.5,143,5,2.16,0.46,0.7,0,0.7,46,30,29,18,6.1,4.9,1.2,4.08,1.1,14.1,6.5847,5.99,129,4.4,106,5.1,113.87,200,262,462,43.29,5.3,105.41,0.1,13.2,139.7,9.45,9.9,3.4,104,11.7,12.34,91,103,87,231
751804,KLTRS14MLT,718261,22/10/2018,11:34,12:46,Straw,Clear,1.017,4.9,Negative,Negative,Negative,Negative,Negative,Normal,Negative,8-9,1,3-3,Nil,Nil,Mucus threads,13.3,4.9,63.7,83.3,27,20,11.6,41.6,7028,66,21,25,2,0,5.81,2.44,0.54,0.12,0.07,190,15.5,10,0.09,13.6,0.1,0.03,2.54,0.19,223,57,81.3,34.3,171.5,157,3.9,1.43,0.7,0.7,0,0.7,84,22,39,39,6.8,3.9,2.9,1.34,1.2,8.7,4.0629,3.39,142,2.9,95,2.4,117.71,159,136,295,53.9,8.5,197.25,0.4,134.6,133.1,101.13,8.1,6.7,93,7.5,1.37,84,76,122,169
381173,PBCHD08CGD,260002,22/10/2018,06:31,07:36,Pale Yellow,Cloudy,1.018,6.9,Negative,Negative,Negative,Negative,Negative,Normal,Negative,11-12,1,3-3,Nil,Nil,NIL,9.2,5.7,28.5,91.2,16,32,14,39.1,8048,38,35,2,7,0,9.98,1.46,0.37,0.29,0.07,432,14.6,20,0.44,18.5,1.1,0.09,1.12,0,202,53,117.4,7.9,39.5,106,3.8,2.22,0.45,1,0.3,0.7,118,35,24,15,7.4,4.7,2.7,1.74,0.9,21.4,9.9938,11.1,117,3.8,95,1.4,113.14,82,281,363,22.59,5.8,119.76,0.9,16.6,140.7,11.8,7.9,4.2,248,8.8,2.62,249,63,92,187
742308,GYAHD12JHJ,634915,22/10/2018,07:13,08:41,Deep Amber,Clear,1.016,5.1,Negative,1+,Negative,Negative,Negative,Normal,Negative,17-22,2,13-12,Nil,Nil,NIL,17.7,6.4,54.2,71.1,27,32,13,44.4,5308,31,45,4,12,0,1.88,0.48,0.79,0.03,0.01,10,6.9,17,0.17,16.5,1.1,0.59,0.64,0.15,175,40,140.3,106.3,531.5,103,4.4,3.51,0.29,1.1,0.5,0.6,41,34,21,36,7.8,4.9,2.9,1.69,1,15.3,7.1451,7.15,146,6,98,4.6,96.89,27,250,277,9.75,7.7,174.29,0.8,14.5,36,40.28,9.9,6.5,196,6.5,1.74,86,112,112,105
878597,GYAHD03JHJ,631437,22/10/2018,06:59,07:54,Yellow,Clear,1.011,4.6,Negative,Trace,Negative,Negative,Negative,Normal,Negative,9-10,2,3-2,Rare,Nil,Parasites,13.5,5.1,53.2,87.8,26,25,14.4,40.2,8569,34,28,6,11,0,5.68,3.69,0.87,0.35,0.06,852,7.2,26,0.74,17.9,1.2,0.26,0.17,0.15,159,40,99.6,35.1,175.5,93,4,2.49,0.4,15,10.5,4.5,41,15,94,31,7.8,4.8,3,1.6,0.6,13.7,6.3979,10.66,145,3.1,100,5.2,101.2,105,305,410,25.61,6.2,131.24,0,195.3,76.9,253.97,9.2,4.9,204,12.4,2.57,102,92,86,223
547284,PBCHD11RJU,460737,26/10/2018,07:59,09:18,Straw,Slightly cloudy,1.019,6.9,Negative,Trace,Negative,Negative,Negative,Normal,Negative,3-4,4,1-4,Nil,Nil,Amorphous debris,12.1,5.3,32.5,76,22,37,12.2,41.9,10285,52,51,3,2,0,9.65,2.44,0.16,0,0.03,428,9.7,19,0.34,46.5,1.6,0.4,0.08,0.19,155,51,102,37.6,188,113,3,2,0.5,0.2,0,0.2,62,50,32,21,6.6,4.8,1.8,2.67,1,10.4,4.8568,4.86,138,4.9,107,2.8,111.12,117,172,289,40.48,5.6,114.02,0.9,15.6,140.6,11.1,10.8,3.2,189,10.1,4.95,77,81,96,183
695504,MZLGI10RJK,572482,23/10/2018,07:39,08:09,Yellow,Slightly cloudy,1.022,6.5,Negative,Negative,Negative,Negative,Negative,Normal,Negative,12-13,2,1-4,Nil,Nil,NIL,15.8,5.8,16.1,70.5,27,98,14.5,40.8,8796,76,35,6,5,0,4.44,2.41,0.59,0.08,0.04,125,15.3,12,0.34,21.5,3.2,0.38,4.04,0.18,168,49,90.5,12.2,61,109,3.4,1.85,0.54,0.7,0.3,0.4,139,22,25,28,7.3,4.9,2.4,2.04,1.7,19.9,9.2933,5.47,137,1.8,97,5.2,109.36,139,124,263,52.85,6.2,131.24,0.3,10.5,44.2,23.76,9.2,6.7,87,15.1,3.96,124,142,75,108
560021,PBCHD02MHS,874620,23/10/2018,10:30,11:32,Orange,Clear,1.014,4.7,Trace,Trace,Negative,Negative,Negative,Normal,Negative,8-10,1,1-2,Nil,Nil,Artifacts,14.9,6.4,53.1,88.5,23,28,14.2,29.8,10058,48,42,9,2,0,8.84,1.45,0.42,0.25,0.14,485,8.2,20,0.22,16,0.1,0.18,0.14,0.68,175,68,74.3,38.9,194.5,120,2.6,1.09,0.92,1.7,0.8,0.9,96,48,11,44,7.7,5,2.7,1.85,1.2,61.9,28.9073,24.09,146,3.3,87,2.4,101.39,239,166,405,59.01,8.7,202.99,0.6,10.8,159.2,6.78,10.9,3.6,182,8.3,0.45,114,103,87,134
837257,GYAHD03KAU,393147,26/10/2018,10:13,11:30,Deep Amber,Clear,1.028,7,Negative,Negative,Negative,Negative,Negative,Normal,Negative,8-10,1,13-13,Nil,Nil,NIL,11,4.8,33.6,84.2,22,32,13.7,40.9,10857,47,30,2,6,1.4,2.64,1.09,0.35,0.32,0.11,1044,10.5,13,0.2,15.9,2.8,0.29,0.68,0.39,230,49,95.6,31.3,156.5,129,4.7,1.95,0.51,0.6,0.2,0.4,41,32,81,42,6.9,2.8,4.1,0.68,0.7,19.4,9.0598,12.94,141,4,108,8.7,115.47,107,308,415,25.78,8,182.9,0.6,14.1,35,40.29,9.3,3.5,92,6.2,8.6,79,75,70,60
214001,GYAHD11KAU,143210,22/10/2018,10:25,11:48,Straw,Hazy,1.019,6.8,Negative,Negative,Negative,Negative,Negative,Normal,Negative,7-8,0,1-4,Nil,Rare,NIL,16.2,5.7,35.5,96.8,28,45,13.1,45.3,7304,49,15,5,4,0.3,0.92,2.87,0.55,0.21,0.07,557,8.6,6,0.41,22.6,5.2,0.26,0.35,0.16,147,53,121.7,27.3,136.5,115,2.8,2.3,0.44,0.8,0.3,0.5,102,37,14,16,7.4,3.5,3.9,0.9,0.7,9.7,4.5299,6.47,139,3.9,88,4.8,116.95,181,288,469,38.59,7,154.2,0.3,28,321.6,8.71,9.6,5,129,6,1.45,96,99,82,73
929156,GYAHD14KAU,667171,25/10/2018,10:29,11:18,Pale Yellow,Slightly cloudy,1.015,4.6,1+,1+,Negative,Negative,Negative,Normal,Negative,4-5,2,1-4,Nil,Nil,NIL,14.3,5.5,54.4,85.9,26,26,14.3,40,5049,58,31,6,4,0,3.53,2.45,1.18,0.29,0.01,113,14.6,19,0.19,34.3,4.2,0.38,0.21,0.21,205,51,47.5,10.2,51,170,4,0.93,1.07,0.2,0,0.2,65,21,16,99,6.7,4.6,2.1,2.19,1,19.6,9.1532,9.15,139,2.7,101,4.8,94.64,154,180,334,46.11,6.8,148.46,0.8,20.5,142.6,14.38,9.1,4.8,48,12,3.46,122,113,144,151
949547,MZLGI10GJS,581913,25/10/2018,08:42,09:40,Deep Amber,Clear,1.03,6.9,Negative,Trace,Trace,Negative,Negative,Normal,Negative,4-6,2,2-3,Rare,Nil,Yeast cells,18.3,4.8,52.1,65,38,35,12.3,44.2,8492,60,25,1,3,0,2.61,1.93,0.17,0.91,0.01,158,5.9,13,0.51,42.2,1.4,0.36,0.2,0.19,191,42,48.1,7.7,38.5,116,4.5,1.15,0.87,0.5,0,0.5,80,22,40,9,6,3.7,2.3,1.61,0.7,13.9,6.4913,9.27,138,2.7,99,5.9,104.91,112,312,424,26.42,5.9,122.63,0.4,21.9,29.2,75,11.7,1.4,245,15.1,0.33,106,93,92,112
415130,MZLGI03GJS,952332,23/10/2018,10:31,11:38,Red,Clear,1.018,6,4+,Negative,Negative,Negative,Negative,Normal,Negative,3-4,1,3-3,Nil,Nil,NIL,9.1,8.5,39.6,78.9,10,22,15.1,41.3,20108,55,41,25,7,3,1.76,1.33,0.69,0.33,0.01,279,7.2,17,0.33,21.6,1.3,0.11,0.98,0.12,236,57,47.9,31.9,159.5,143,4.1,0.84,1.19,0.5,0.2,0.3,102,52,27,40,7.8,4.2,3.6,1.17,0.8,10.8,5.0436,6.3,147,3.7,109,4.3,105.25,132,220,352,37.5,8.5,197.25,0,23.3,84.6,27.54,10.1,3.5,66,4.7,3.04,90,89,115,76
762888,GYAHD09KAU,706745,25/10/2018,06:13,07:38,Pale Yellow,Hazy,1.016,4.8,Trace,Trace,Negative,Negative,1+,Normal,Negative,9-10,1,1-3,Nil,Nil,Mucus threads,8,5.6,62.7,79.7,14,12,13.3,42.2,9427,35,26,1,5,0,14.88,2.11,0.66,0.22,0.08,413,11,20,0.38,27.5,0.7,0.22,1.54,0.43,189,57,86.3,108.8,544,142,3.3,1.51,0.66,0.6,0.2,0.4,103,10,37,17,7.7,4.8,2.9,1.66,0.9,38,17.746,19.72,141,4.7,97,3.2,117.69,135,342,477,28.3,10.9,266.13,0.7,12,85.1,14.1,9.3,4,135,14.6,1.32,81,76,75,82
987336,KLTRS03MLT,314904,22/10/2018,10:54,11:51,Pale Yellow,Opaque,1.021,5.4,Trace,Negative,Trace,Negative,Negative,Normal,Negative,10-12,1,1-3,Nil,Nil,NIL,8.6,5.3,58.1,79.3,16,14,12.6,40.9,9802,33,18,4,3,0,1.25,1.73,0.86,0.47,0.07,363,7.4,11,0.34,24.8,1.2,1.83,0.26,0.31,159,25,70,30,150,109,6.4,2.8,0.36,0.5,0,0.5,91,55,18,30,6.7,3.7,3,1.23,0.3,17.2,8.0324,26.77,128,3.5,101,2.6,99.35,170,344,514,33.07,5.8,119.76,0.7,15.1,80.9,18.67,6.3,2.1,286,13.6,1.37,77,87,79,74
985137,MZLGI06RJK,833045,23/10/2018,07:23,08:19,Light Yellow,Clear,1.032,6.3,Trace,Negative,Negative,Negative,Negative,Normal,Negative,11-13,2,1-3,Rare,Few,Artifacts,14.5,5,53.6,99.6,29,27,13.1,26.4,8870,43,39,1,4,0,7.3,1.65,0.47,0.32,0.02,290,12.4,10,0.36,31.8,5.1,0.39,0.01,0.28,231,31,141.4,36.7,183.5,161,7.5,4.56,0.22,0.5,0,0.5,94,52,18,14,8.2,4,4.2,0.95,0.9,7.9,3.6893,4.1,148,2.9,104,4.6,108.5,96,356,452,21.24,6,125.5,0.2,21,187.1,11.22,10.3,3.8,152,7,0.31,87,124,94,176
223583,KLTRS15MLT,923979,26/10/2018,06:05,07:27,Pale Yellow,Slightly cloudy,1.012,4.6,Negative,Negative,Negative,Trace,Negative,Normal,Negative,5-7,2,3-4,Nil,Nil,Mucus threads,8,5.1,49.6,100,15,16,12,42.5,10825,78,21,9,5,0,2.1,1.13,0.4,0.09,0.03,167,10.7,5,0.31,40.7,3,3.18,0.81,0.09,964,43,106.5,53.4,267,129,22.4,2.48,0.4,0.4,0.1,0.3,60,52,12,39,6.7,3.6,3.1,1.16,0.4,12.9,6.0243,15.06,138,5,109,3.5,68.18,199,91,290,68.62,5.9,122.63,9.2,17.3,55.6,31.12,9.9,4.1,68,13.1,2.11,99,178,78,101
604121,GYAHD14KAU,647354,22/10/2018,08:57,09:43,Yellow,Hazy,1.018,5.8,Negative,4+,Negative,Negative,Negative,Normal,Negative,6-8,3,3-2,Nil,Nil,NIL,12.1,5.9,59.8,91.6,20,20,11.8,35,8708,69,32,2,7,0.6,6.84,2,0.79,0.36,0.08,374,8.7,19,0.21,26.5,5.9,0.02,0.36,0.18,159,53,136.4,22.3,111.5,89,3,2.57,0.39,0.8,0.2,0.6,60,15,15,39,6.8,4,2.8,1.43,0.7,16.7,7.7989,11.14,143,4.2,106,6.4,62.47,157,123,280,56.07,6.1,128.37,0.6,25.3,90.5,27.96,11.7,6,124,10.9,5.88,98,61,95,64
710379,KLTRS10ODB,709767,22/10/2018,11:23,12:21,Pale Yellow,Clear,1.011,4.5,Negative,Negative,Negative,Negative,Trace,Normal,Negative,11-13,1,1-2,Nil,Few,NIL,20.1,4.9,41.7,78.6,41,48,14.4,39.4,5489,34,34,4,14,0,9.7,2.52,0.42,0.56,0.04,325,9.3,13,0.28,33.6,7.1,0.35,0.3,0.13,177,58,120.2,69.3,346.5,114,3.1,2.07,0.48,0.5,0.1,0.4,82,10,12,21,6,4.9,1.1,4.45,0.6,8.7,4.0629,6.77,129,4.5,105,4.6,110.06,104,99,203,51.23,6.2,131.24,0.5,20,143.8,13.91,9.6,2.8,235,9.2,9.55,100,65,74,109
282543,KLTRS14ODB,387498,23/10/2018,11:47,12:42,Straw,Slightly cloudy,1.014,6.7,Trace,1+,Negative,Negative,Negative,Normal,Negative,8-10,2,3-3,Rare,Nil,NIL,6.1,4.3,50.8,91.9,14,12,12.4,49.4,7996,62,12,9,2,0,0.92,1.89,0.88,0.31,0.07,281,15.2,7,0.22,12.9,1.1,0.09,0.39,0.37,154,41,88.4,16.8,84,103,3.8,2.16,0.46,0.2,0,0.2,91,52,33,18,8.3,4.6,3.7,1.24,0.6,17.4,8.1258,13.54,136,4,115,3,115.44,166,269,435,38.16,7.9,180.03,0.4,17.7,88.1,20.09,11,2.7,259,4.2,2.3,75,93,93,138
785414,GYAHD02KLM,634670,26/10/2018,09:49,11:02,Straw,Clear,1.018,5.4,Negative,1+,Negative,Negative,Negative,Normal,Negative,7-8,2,1-4,Nil,Nil,NIL,9.5,6.8,35.3,73.3,13,26,13.7,45,8898,32,33,10,3,0.4,0.92,2.15,0.22,0.2,0.16,107,11.6,12,0.12,12.1,6.5,4.3,0.36,0.2,100,42,151.5,10.2,51,95,2.4,3.61,0.28,0.8,0.3,0.5,103,52,28,45,7.9,3.7,4.2,0.88,1.1,18.7,8.7329,7.94,142,3.7,101,4.6,98.2,134,235,369,36.31,5.7,116.89,0.6,26.6,118.1,22.52,8.3,4.3,155,22,2.22,76,84,82,75
967060,PBCHD10KLC,742367,25/10/2018,09:56,10:34,Light Yellow,Clear,1.015,5.3,Negative,Trace,Negative,Negative,Negative,Normal,Negative,6-8,1,3-2,Nil,Few,Yeast cells,2.2,4.4,56.4,95.2,5,3,13.1,42.5,7093,37,25,5,6,0,9.32,0.11,0.64,0.07,0.02,255,7.8,12,0.36,25.1,1.6,0.13,0.14,0.84,162,41,81.7,24.3,121.5,107,4,1.99,0.5,0.7,0,0.7,106,32,24,36,7.6,4.7,2.9,1.62,1.1,15.8,7.3786,6.71,139,3.9,107,4.7,117.63,164,336,500,32.8,6.4,136.98,0,13.5,39.7,34.01,11.8,3.9,62,4,1.62,95,90,70,197
858392,GYAHD14KAU,312186,26/10/2018,07:21,08:39,Light Yellow,Hazy,1.017,4.7,Trace,Negative,Negative,Negative,Negative,Normal,Negative,TNTC,2,>20,Rare,Nil,NIL,8.5,5,34.3,83.9,17,24,12.8,48.6,3422,48,26,5,11,0,19.4,2.37,0.42,0.51,0.12,442,7.3,10,0.43,31.3,1.1,0.78,0.08,0.14,166,46,135.8,106.6,533,67,3.6,2.95,0.34,0.7,0.3,0.4,110,48,15,44,7.2,3.6,3.6,1,1.2,19.9,9.2933,7.74,92,4.6,110,5.7,112.9,106,358,464,22.84,6,125.5,0.7,10.7,64.9,16.49,10.3,2.4,161,8.3,2.7,81,175,82,196
680462,PBCHD15NLM,564307,24/10/2018,09:13,10:33,Pale Yellow,Clear,1.014,5,1+,Negative,Negative,Negative,Negative,Normal,Negative,TNTC,2,3-2,Nil,Nil,NIL,15.5,5.6,46.8,54.4,27,33,12.3,26.2,9168,40,28,6,12,0,0.93,2.94,0.26,0.48,0.07,12,8.6,15,0.35,33.5,1.1,0.3,0.04,0.27,214,40,156.1,9.4,47,180,5.4,3.9,0.26,0.4,0,0.4,95,11,12,12,7,4,3,1.33,1.1,19.1,8.9197,8.11,136,4.2,94,2.7,118,246,134,380,64.74,10.9,266.13,0.4,21.3,60.8,35.03,8.5,2.8,197,8,2.35,82,60,94,109
912513,KLTRS07WBD,229718,23/10/2018,06:14,07:42,Straw,Clear,1.014,4.8,Trace,Trace,Negative,Negative,Negative,Normal,Negative,8-9,0,1-2,Nil,Nil,NIL,10.5,5.4,26,84.9,19,40,11.4,45.4,34940,70,37,9,4,0,0.7,1.66,0.22,0.67,0.09,354,10.1,15,0.35,18.9,4.7,0.39,0.27,0.02,166,58,53.1,63.5,317.5,83,2.9,0.92,1.09,0.6,0.2,0.4,54,36,35,38,7.6,3.5,4.1,0.85,1,187.4,87.5158,87.52,137,4.8,104,4.2,105.86,117,106,223,52.47,6.1,128.37,0.8,227,134.7,168.52,7.7,3.2,72,12.3,2.51,91,78,68,165
729591,KLTRS14MLT,496106,25/10/2018,08:25,09:45,Yellow,Hazy,1.015,6.3,Trace,Negative,Negative,Negative,Negative,Normal,Negative,TNTC,2,2-2,Nil,Nil,NIL,14.3,5.8,34,77.4,24,42,12.3,45.9,7436,58,39,4,2,0,4.34,2.61,0.34,0.31,0,358,13.1,16,0.35,18.5,4.1,0.17,4.88,0.38,204,78,95.3,103.4,517,172,2.6,1.22,0.82,0.8,0.2,0.6,104,11,20,46,7.3,4.8,2.5,1.92,0.8,11,5.137,6.42,128,2.8,108,3.7,115.72,168,350,518,32.43,6.2,131.24,0.8,13.6,286.6,4.75,8.2,2.6,122,15.4,2.17,115,139,116,78
491715,PBCHD12GAM,379483,24/10/2018,10:26,11:09,Yellow,Clear,1.011,5.5,Trace,Negative,Negative,Negative,Negative,Normal,Negative,3-5,2,1-4,Nil,Nil,NIL,15.3,5.1,38.1,89.3,30,40,13.5,44.8,7396,59,50,6,0,0.5,3.79,1.65,0.37,0.28,0.06,298,10.2,14,0.3,21.6,1.8,0.1,0.28,4.2,228,21,99.9,14.1,70.5,159,10.9,4.76,0.21,0.6,0,0.6,110,38,17,10,6.3,3.8,2.5,1.52,0.7,11.5,5.3705,7.67,143,3.8,96,6.4,117.02,121,234,355,34.08,5.8,119.76,0.7,17.1,94.3,18.13,8.1,6.1,182,12.5,2.21,77,116,142,268
402276,KLTRS11ODB,469686,25/10/2018,06:20,06:56,Deep Amber,Clear,1.03,4.7,Negative,Trace,Negative,Negative,Negative,Normal,Negative,13-15,1,1-4,Nil,Rare,NIL,14.1,7.1,31,77.9,19,45,10.3,42.8,9642,58,31,3,7,0,8.44,1.49,0.87,0.34,0.05,407,11.3,13,0.08,34.5,1.6,0.22,0.98,0.25,232,59,165.7,8.8,44,185,3.9,2.81,0.36,2.3,1.1,1.2,124,14,13,25,7.1,4.6,2.5,1.84,1.2,16.4,7.6588,6.38,134,2.8,96,2.7,114.62,193,280,473,40.8,6.3,134.11,0.7,17,129.8,13.1,9.8,1.9,163,14.6,3.2,83,113,96,249
165971,MZLGI08APK,284181,23/10/2018,08:55,09:35,Pale Yellow,Hazy,1.028,5.3,Trace,Negative,Negative,Negative,Negative,Normal,Negative,1-2,5,10-8,Few,Few,Fat droplets or lipiduria,11.2,8.3,49.1,60.1,13,22,12.6,44,10818,42,32,5,3,0,0.78,4.49,0.21,0.31,0.03,112,7.4,17,0.3,21,0.1,0.02,0.05,0.57,192,53,134.6,6.3,31.5,113,3.6,2.54,0.39,2.2,0.1,2.1,121,44,15,44,6.4,5,1.4,3.57,1,10.9,5.0903,5.09,135,1.7,99,6.3,94.59,127,118,245,51.84,9.6,228.82,0.2,18.5,133.4,13.87,11.5,3.8,125,10.2,0.24,85,94,91,191
184792,MZLGI06BRC,861410,24/10/2018,11:30,12:56,Light Yellow,Hazy,1.024,7,Negative,1+,Negative,Negative,Negative,Normal,Negative,5-7,2,2-2,Rare,Nil,NIL,15,4.2,35.8,49.5,35,41,11.9,45.3,9841,30,26,4,3,0,16.3,4.18,0.95,0.37,0.01,21,12.7,14,0.39,13.5,2.3,0.31,4.86,0.37,139,51,143.1,44.2,221,93,2.7,2.81,0.36,0.8,0.3,0.5,37,9,26,20,6.4,4.3,2.1,2.05,0.5,148.4,69.3028,138.61,97,3.5,105,1.7,115.28,31,121,152,20.39,8.4,194.38,4.1,182.2,272.6,66.84,8.3,5.9,118,5,3.96,90,85,121,103
585774,GYAHD04KLM,199832,22/10/2018,11:37,12:30,Dark Yellow,Clear,1.018,5.4,Negative,1+,Negative,Negative,Negative,Normal,Negative,7-9,1,1-4,Nil,Rare,Amorphous debris,11.7,6.4,52.9,88.9,18,22,14.2,40.2,8495,48,19,1,4,0,9.19,1.04,0.65,0.2,0.03,201,8.5,16,0.38,12,0.7,0.4,0.18,0.39,185,41,121.6,8.9,44.5,101,4.5,2.97,0.34,0.8,0.2,0.6,98,28,14,17,6.9,4,2.9,1.38,0.8,14,6.538,8.17,149,2.7,87,2.3,98.6,122,345,467,26.12,5.5,111.15,0.4,11.6,144.8,8.01,11.8,2.7,264,19.8,1.46,97,99,140,99
156523,KLTRS04MLT,132786,23/10/2018,08:53,09:31,Pale Yellow,Clear,1.025,6.7,1+,Trace,Negative,Negative,Negative,Normal,Negative,6-8,2,3-4,Nil,Nil,NIL,10.1,4.9,59.6,99.2,20,16,12.5,42.4,8516,79,35,1,2,0.9,9.79,3.11,0.72,0.38,0.07,345,10.4,10,0.18,12.5,1.3,0.05,0.29,0.07,207,50,54,40.8,204,86,4.1,1.08,0.93,0.7,0.3,0.4,94,40,36,18,7.7,4.7,3,1.57,1,15.4,7.1918,7.19,138,4.1,101,4.9,113.71,81,105,186,43.55,6.2,131.24,0.5,26.6,186,14.3,11.9,3.3,199,8.8,3.04,92,71,341,246
119788,GYAHD14KAU,598606,26/10/2018,10:37,11:12,Light Yellow,Hazy,1.023,4.8,Trace,Negative,Negative,Negative,Negative,Normal,Negative,2-3,1,>20,Nil,Nil,NIL,7.8,5.2,45.6,122.4,15,17,14.4,39.7,8248,41,18,4,5,0,6.5,1.17,0.09,0.39,0.04,291,7.2,15,0.23,19.8,1.8,0.73,0.19,0.05,165,27,111,32.2,161,151,6.1,4.11,0.24,16.5,12,4.5,100,50,10,20,8,4.7,3.3,1.42,1,10,4.67,4.67,143,2.9,97,2.7,103.74,61,311,372,16.4,5.8,119.76,0.6,18.1,138,13.12,11.9,3,180,4.5,3.11,74,60,65,193
982417,PBCHD03HPP,174146,25/10/2018,06:45,08:00,Pale Yellow,Clear,1.017,6.3,1+,Negative,Negative,Negative,Negative,Normal,Negative,34-35,0,1-2,Rare,Nil,Amorphous debris,11.3,6.9,64,96.6,16,17,12,44.6,6589,44,14,1,10,0,2.45,1.43,0.9,0.15,0.04,288,7.3,11,0.34,48.3,4.6,0.23,0.15,0.34,160,26,187.8,20.4,102,113,6.2,7.22,0.14,0.7,0,0.7,81,52,98,42,7.7,4.5,3.2,1.41,0.9,15,7.005,7.78,141,4.3,111,5.8,116.61,116,260,376,30.85,8.4,194.38,0.8,14.4,111.3,12.94,8.8,5.5,76,6.7,1,95,67,79,306
910121,GYAHD01KAU,892752,25/10/2018,07:18,08:02,Light Yellow,Milky,1.018,6.7,1+,Negative,2+,Negative,Negative,Normal,Negative,TNTC,2,3-2,Nil,Rare,NIL,8.7,4.7,30.3,98.1,18,28,13.7,45.3,7674,60,32,4,8,0,7.33,4.42,0.78,0.11,0.08,172,14.7,17,0.3,22.7,7,4.4,0.3,0.05,164,62,62.5,32.9,164.5,174,2.6,1.01,0.99,0.7,0.3,0.4,76,43,40,38,7.8,4.6,3.2,1.44,0.8,17.8,8.3126,10.39,139,4,96,6.2,114.16,101,352,453,22.3,6.2,131.24,0.2,28.4,112.6,25.22,6.2,4.2,128,10.5,2.36,94,81,82,135
458896,GYAHD09ODK,751696,25/10/2018,06:31,07:49,Pale Yellow,Clear,1.026,6.6,3+,1+,Negative,Negative,Negative,Normal,Negative,6-8,1,12-13,Nil,Few,Fat droplets or lipiduria,21.4,4.3,30.7,90.8,49,69,12.3,39.5,25690,33,41,3,4,0,9.8,2.9,0.61,0.22,0.13,343,10.7,20,0.1,12.5,6.1,0.07,0.13,1.07,181,41,150.8,20.7,103.5,161,4.4,3.68,0.27,0.7,0.1,0.6,62,46,27,43,7.8,3.5,4.3,0.81,0.3,18.8,8.7796,29.27,159,3.8,105,6.6,74.93,62,308,370,16.76,12,297.7,0.9,11.7,193.4,6.05,9.4,4.5,130,8.5,2.53,75,72,178,86
177020,KLTRS02KLP,133137,24/10/2018,10:35,12:02,Straw,Slightly cloudy,1.011,4.9,Trace,Trace,Negative,Negative,Negative,1+,Negative,7-9,39,2-4,Nil,Nil,NIL,17.2,3.2,48.2,48.5,53,35,12.2,43.2,6822,49,33,12,3,0,6.03,2.06,0.23,0.1,0.15,168,14.4,17,0.36,26.5,0.2,0.02,0.15,0.33,204,37,67.9,35.6,178,111,5.5,1.84,0.54,0.8,0,0.8,122,90,37,20,7.2,4.8,2.4,2,0.5,28.3,13.2161,26.43,138,4.5,108,6.2,105.11,81,126,207,39.13,8.2,188.64,0.3,17.5,90.3,19.38,8.6,3.2,299,13.3,0.72,94,62,72,145
721781,PBCHD14CGD,525304,24/10/2018,11:28,12:31,Light Yellow,Clear,1.023,6.1,Negative,Trace,Negative,Negative,Negative,Normal,Negative,74-79,0,3-4,Nil,Nil,Amorphous debris,16.2,4.6,44.5,97.3,35,36,12.4,45.5,2285,57,46,3,2,0,7.52,0.91,0.97,0.15,0.01,385,11.8,17,0.29,21.7,4.9,0.4,0.1,0.34,181,70,59.4,67.3,336.5,80,2.6,0.85,1.18,0.9,0.3,0.6,55,10,35,38,6.2,3.5,2.7,1.3,1.1,9.3,4.3431,3.95,135,3.9,114,2.5,118.19,101,256,357,28.29,6.2,131.24,0.2,16.1,98.8,16.3,11.4,2.3,199,8.6,8.26,124,79,79,156
369866,KLTRS10WBD,815530,23/10/2018,11:16,12:02,Light Yellow,Clear,1.013,6,Negative,Trace,Negative,Trace,Negative,Normal,Negative,2-4,1,2-4,Nil,Nil,NIL,9.9,5,49.3,95.6,19,20,12.1,40.8,10873,46,10,5,8,0.8,2.54,2.21,0.35,0.19,0.19,228,7.7,11,0.15,42.3,5.8,0.24,0.57,0.38,204,63,98,25.8,129,84,3.2,1.56,0.64,0.6,0.1,0.5,256,34,32,29,8,5,3,1.67,0.9,5.9,2.7553,3.06,144,4,107,4,111.15,203,326,529,38.37,5.9,122.63,1,25.2,76.2,33.07,10,6.4,111,9,3.85,178,87,135,103
700349,MZLGI11APK,523751,24/10/2018,10:01,11:07,Yellow,Clear,1.019,4.6,Trace,Trace,Negative,Negative,Trace,Normal,Negative,13-15,43,3-4,Nil,Nil,NIL,15.8,8,16.3,91.3,19,96,13.3,43.2,4166,46,18,3,2,1.7,3.24,1.03,0.71,0.22,0.07,11,9.5,11,0.39,28,1,0.23,0.9,4.04,152,58,81.7,37.6,188,117,2.6,1.41,0.71,0.6,0.2,0.4,55,34,21,45,5.9,4.9,1,4.9,0.9,43.2,20.1744,22.42,148,2,96,6.6,108.32,79,226,305,25.9,6.2,131.24,0.6,11.5,140.8,8.17,8.5,2.7,137,5.8,1.25,114,75,100,68
329529,GYAHD12ODK,208632,23/10/2018,10:20,10:52,Straw,Clear,1.017,6.9,Negative,Negative,Negative,Negative,Negative,Normal,Negative,9-10,2,2-2,Nil,Moderate,Mucus threads,10.7,5.9,55,48.5,18,19,11.6,35.5,7037,47,38,1,4,0.8,1.5,5.54,0.12,0.16,0.41,341,9.6,13,0.48,27.3,0.8,0.08,4.34,0.01,183,25,183.9,20,100,121,7.3,7.36,0.14,0.3,0,0.3,54,11,40,27,7.8,4.3,3.5,1.23,1,5.6,2.6152,2.62,144,5.3,107,6.2,116.87,195,307,502,38.84,6.1,128.37,0.1,18.7,136.9,13.66,9.1,1.9,86,8.1,0.85,205,99,94,131
489183,MZLGI06APK,883881,26/10/2018,08:18,08:50,Light Yellow,Clear,1.024,5.6,Trace,2+,Negative,Negative,Negative,Normal,Negative,1-2,0,15-18,Nil,Nil,NIL,13.4,5.8,64,68.9,23,20,12.1,39.9,7266,58,21,3,12,0,0.63,7.95,0.77,0.28,0.07,132,7.2,11,0.44,33.5,7.3,0.1,0.03,0.04,191,54,95.7,29.5,147.5,155,3.5,1.77,0.56,0.2,0,0.2,70,26,13,11,7.7,4.8,2.9,1.66,1.1,74.5,34.7915,31.63,146,4.1,108,2.4,80.38,133,236,369,36.04,6.2,131.24,0.6,22.9,67.4,33.98,11.5,6.6,160,7.7,1.27,80,135,72,134
384794,MZLGI15MHP,485898,26/10/2018,08:41,09:56,Pale Yellow,Slightly cloudy,1.014,5.8,Trace,Negative,Negative,Negative,Negative,Normal,Negative,1-2,9,3-2,Nil,Rare,Artifacts,17.1,5.6,52.3,49.1,30,32,9.6,41.9,5445,34,25,1,4,0,7.04,2.86,0.58,0.16,0.02,278,8.7,8,0.36,29.7,0.5,0.1,5.43,0.77,226,45,77.9,38.4,192,203,5,1.73,0.58,0.7,0.2,0.5,73,29,24,35,6.6,4.7,1.9,2.47,0.8,5.7,2.6619,3.33,138,3.7,103,3.9,114.68,162,320,482,33.61,5.8,119.76,0.5,11.2,32.5,34.46,8.7,4.4,146,9.5,8.7,100,245,219,135
541892,MZLGI01BRC,379479,25/10/2018,09:53,11:04,Pale Yellow,Slightly cloudy,1.016,6.4,1+,Negative,Negative,Negative,Trace,Normal,Negative,1-2,2,1-4,Nil,Nil,Yeast cells,17.1,6.5,51.7,93.2,26,33,14.5,39.3,5062,38,21,8,6,0,7.34,1.67,0.48,0.2,0.02,277,10.1,13,0.2,45.1,4.7,3.85,0.3,0.61,177,75,87.1,8.5,42.5,217,2.4,1.16,0.86,0.4,0.1,0.3,99,5,40,42,8.3,4.2,4.1,1.02,0.6,13.9,6.4913,10.82,143,4.9,110,6.7,95.74,114,217,331,34.44,6.1,128.37,0.9,16,47.9,33.4,11.3,4,311,2.4,7.11,94,85,123,185
383174,MZLGI14MHP,388685,25/10/2018,09:56,11:23,Straw,Slightly cloudy,1.018,6.2,1+,Trace,Negative,Negative,Negative,Normal,Negative,6-7,0,2-2,Nil,Nil,NIL,10.3,6.4,23.7,94.8,16,43,12.7,43.8,31067,56,30,4,4,0,8.03,2.33,0.28,0.22,0.14,164,10.8,20,0.21,33,1.2,0.59,3.34,0.7,180,41,30.9,23.8,119,103,4.4,0.75,1.33,0.4,0.1,0.3,77,47,18,33,6.2,4.5,1.7,2.65,1,16.8,7.8456,7.85,143,4.5,102,5.4,45.86,197,306,503,39.17,5.8,119.76,0.7,12,34.6,34.68,10.2,3.1,226,8.1,2.92,250,116,97,94
212647,PBCHD08PBM,714401,22/10/2018,06:11,06:43,Straw,Hazy,1.015,6.8,Trace,Trace,Negative,Negative,Negative,Normal,Negative,91-93,2,2-3,Few,Nil,Mucus threads,14.9,4.4,51,73.8,33,29,14.3,41.7,9223,43,24,1,12,0,11.71,2.77,0.71,0.08,0.02,251,11.5,10,0.3,16.5,1.3,0.19,0.05,0.23,218,56,90.9,95,475,76,3.9,1.62,0.62,0.5,0,0.5,90,48,6,21,7.6,4.4,3.2,1.38,0.6,18.7,8.7329,14.55,139,2.6,108,5,50.51,101,325,426,23.71,8.2,188.64,0.4,25.4,272.6,9.32,8.8,2.9,123,5.6,3.09,142,87,79,102
842108,MZLGI07RJK,483456,25/10/2018,10:36,11:29,Pale Yellow,Slightly cloudy,1.019,6.8,Negative,Trace,Negative,Trace,Negative,Normal,Negative,10-12,2,3-2,Nil,Nil,Parasites,16.7,4,30.3,78.9,41,55,12.2,43.2,7750,44,24,1,7,0,18.79,1.61,0.6,0.31,0.02,314,9.6,16,0.2,24.3,1.3,0.63,0.01,2.08,100,51,78.8,6.4,32,124,2,1.55,0.65,0.8,0.3,0.5,112,43,12,17,8.2,4.4,3.8,1.16,0.7,32.7,15.2709,21.82,123,4.9,85,6.7,97.62,63,143,206,30.58,6.2,131.24,4.9,27.2,98.8,27.53,10.3,3.4,197,16.2,5.69,121,60,98,169
535417,GYAHD11JHJ,696972,23/10/2018,09:39,10:11,Pale Yellow,Clear,1.014,7,Trace,1+,Negative,Negative,Negative,Normal,Negative,2-3,0,>20,Nil,Nil,Mucus threads,20.4,5.9,33.6,94.8,34,60,13.8,44.7,4252,47,40,5,8,0,3.23,1.93,0.95,0.22,0.06,165,8,24,0.15,15.6,1.9,0.76,0.36,3.91,169,58,76.3,31.4,157,103,2.9,1.32,0.76,5.5,2.7,2.8,41,24,12,33,6.4,4.9,1.5,3.27,1.1,7.8,3.6426,3.31,138,4.4,97,5.6,63.19,161,207,368,43.75,19.5,512.95,0.3,14,114.6,12.22,7,3.7,290,8.1,2.29,82,156,75,241
166852,PBCHD08HPP,489886,23/10/2018,06:06,07:07,Pale Yellow,Clear,1.015,5.7,1+,2+,Negative,Negative,Trace,Normal,Negative,1-3,0,1-4,Few,Nil,NIL,19.1,5,21.8,93.1,38,87,12.8,42.9,4493,72,39,4,4,0,6.12,2.54,0.67,0.39,0.04,297,7,17,0.49,13.7,5.3,0.35,0.18,0.2,188,51,73.9,11.1,55.5,104,3.7,1.45,0.69,0.8,0.2,0.6,82,17,25,34,6.3,3.6,2.7,1.33,0.6,11,5.137,8.56,140,3,107,3.7,103.31,105,125,230,45.65,6.3,134.11,0.9,13,118.8,10.94,11.8,2.3,93,3.5,3.42,72,72,83,132
111762,KLTRS07KLP,293791,22/10/2018,06:41,07:34,Pale Yellow,Clear,1.025,5.7,Trace,Negative,Negative,Negative,Negative,Normal,Negative,38-40,3,2-3,Rare,Nil,NIL,14.5,8,25.4,88.1,18,57,14.4,39.2,8270,49,37,3,7,0,2.54,0.94,0.75,0.24,0.01,259,7.9,14,0.14,28.4,3.8,0.89,0.17,0.29,162,54,75.5,23.4,117,95,3,1.4,0.72,0.5,0.2,0.3,55,27,10,42,7.3,4.2,3.1,1.35,0.9,19.6,9.1532,10.17,137,4.5,105,4.7,111.7,135,250,385,35.06,5.6,114.02,0.7,25.1,61.5,40.81,11.3,3.6,206,10.7,1.86,87,63,94,266
983705,PBCHD03RJU,774535,22/10/2018,11:54,12:46,Light Yellow,Hazy,1.014,6.8,Negative,Negative,Negative,Negative,Negative,Normal,Negative,11-13,3,6-14,Rare,Nil,NIL,16.4,5.3,45,94.5,30,36,14.1,42.5,2240,38,43,6,7,8.9,4.47,2.95,0.67,0.55,0.08,293,8.6,15,0.35,18.7,3.7,0.28,0.02,0.08,300,46,137.1,85.6,428,80,6.5,2.98,0.34,0.5,0.1,0.4,114,22,36,25,6.1,4.6,1.5,3.07,1,11.9,5.5573,5.56,136,4.5,99,5.5,107.09,245,342,587,41.74,5.7,116.89,0.4,22.5,86.2,26.1,7.7,4.4,134,10.1,3.4,117,118,87,79
547582,MZLGI03GJS,973597,26/10/2018,07:57,08:46,Light Yellow,Slightly cloudy,1.028,6.5,3+,Trace,Trace,Negative,Negative,Normal,Negative,10-11,1,>20,Nil,Nil,Amorphous debris,21.8,5.2,21.5,96.3,41,101,14.4,49.8,9622,46,54,3,8,2,5.71,1.28,0.53,0.61,0.07,373,7.5,16,0.35,28.2,1,0.32,0.6,0.48,157,40,59,38.5,192.5,106,3.9,1.48,0.68,1.7,0.8,0.9,123,48,37,27,7.2,4.1,3.1,1.32,1,13.2,6.1644,6.16,159,5.1,106,3.5,61.43,167,94,261,63.98,7,154.2,0.7,18.8,218.9,8.59,8.5,3,77,12.3,3.16,93,85,103,107
421343,KLTRS12WBD,477311,22/10/2018,11:02,12:07,Dark Yellow,Slightly cloudy,1.018,6.6,Trace,Negative,Negative,Negative,Negative,Normal,Negative,5-7,0,15-10,Nil,Nil,NIL,17.1,4.6,32.8,99.1,37,52,14,42.5,5872,57,38,5,5,0,1.58,1.81,0.48,0.21,0.11,150,9.7,17,0.27,43.9,4.9,2.41,0.3,0.3,165,55,76.8,69,345,144,3,1.4,0.72,0.7,0.3,0.4,94,10,19,47,5.9,5,0.9,5.56,1.2,7.4,3.4558,2.88,137,4.4,112,4.8,118.61,81,247,328,24.7,5.6,114.02,0.2,24.6,74.3,33.11,10.7,6,130,16.9,3.54,122,93,178,110
640054,KLTRS06MLT,226100,25/10/2018,09:04,10:16,Light Yellow,Slightly cloudy,1.026,7,Negative,Negative,Negative,Trace,Negative,Normal,Negative,5-6,2,3-3,Nil,Nil,Yeast cells,16.3,4.9,23.7,75.3,33,68,12.6,41.4,5483,56,28,5,3,0,9.6,1.43,1.26,0.12,0.12,424,9,16,0.19,28.1,1.4,0.22,0.03,0.91,154,45,94.9,32.6,163,153,3.4,2.11,0.47,0.8,0.2,0.6,45,36,20,18,8.1,4.3,3.8,1.13,1.2,6.2,2.8954,2.41,149,3.7,95,2,114.18,94,348,442,21.27,8.3,191.51,0.9,15.2,285.1,5.33,8.4,2.3,62,8.6,2.49,92,84,76,125
682771,KLTRS02TSS,440745,22/10/2018,07:04,08:24,Light Yellow,Clear,1.025,6.7,Negative,Trace,2+,Negative,Negative,2+,Negative,11-12,2,2-4,Few,Rare,NIL,12.9,6.4,55.2,62.4,20,23,13.5,44.8,9088,52,28,2,2,0,8.85,1.96,0.15,0.28,0.08,417,8.3,19,0.19,25.8,6.7,0.03,0.24,0,125,23,74.7,16.4,82,70,5.4,3.25,0.31,0.7,0,0.7,112,32,22,10,7.4,4.8,2.6,1.85,1.1,106,49.502,45,139,2.8,101,3.1,92.05,226,122,348,64.94,5.8,119.76,0,25.6,80.2,31.92,9.6,5.5,133,6.1,3.08,86,71,92,92
711414,KLTRS13NLZ,826533,26/10/2018,11:04,12:13,Light Yellow,Clear,1.017,5.4,Trace,Trace,Negative,Trace,Negative,Normal,Negative,5-6,4,10-11,Rare,Nil,NIL,16.8,4.9,15.5,91.2,34,108,11.9,37.7,8023,71,21,10,6,0,3.81,4.75,0.22,0.34,0.08,106,10.7,10,0.29,26.8,4.5,0.12,0.28,0.73,236,76,109,35,175,79,3.1,1.43,0.7,0.8,0.1,0.7,119,56,36,22,6.5,4.7,1.8,2.61,0.8,12.7,5.9309,7.41,144,5.3,111,4.4,109.31,120,347,467,25.7,5.7,116.89,0.5,22.5,28.7,78.4,11.2,5.8,97,21.4,1.05,116,91,70,160
172971,MZLGI05MHP,104783,26/10/2018,06:50,08:11,Light Yellow,Clear,1.015,6.7,Trace,Negative,Negative,Negative,Negative,Normal,Negative,7-9,0,3-3,Nil,Nil,NIL,18.8,6.3,35.5,92.3,29,52,14.4,40.4,9215,36,35,11,12,0.4,2.53,1.47,0.69,0.45,0.1,139,9.9,8,0.28,27.1,1.5,0.39,0.03,0.36,197,48,57.2,107.5,537.5,190,4.1,1.19,0.84,0.8,0.2,0.6,96,18,22,52,7.1,4.4,2.7,1.63,0.7,18.9,8.8263,12.61,141,3.1,102,3.4,105.5,104,346,450,23.11,6.1,128.37,4.6,18.3,43.2,42.36,8.7,3.4,91,11.6,7.24,81,83,75,176
654375,KLTRS08MLT,610048,22/10/2018,06:10,07:25,Straw,Clear,1.029,6.6,Negative,Trace,Negative,Negative,Negative,1+,Negative,2-3,0,16-9,Rare,Nil,Artifacts,15.2,5.7,48.8,82.7,26,31,12.4,44.7,5768,53,20,4,12,0,0.66,4.33,0.8,0.65,0,419,8.2,15,0.24,28.4,0.1,5.42,0.07,0.68,154,59,89.7,25.4,127,135,2.6,1.52,0.66,0.7,0,0.7,45,39,25,40,6,4.6,1.4,3.29,1.1,18.3,8.5461,7.77,141,4.6,98,2.2,62.56,85,345,430,19.77,7.3,162.81,0.5,14,68.4,20.47,8.7,3,173,9.4,3.9,106,96,98,63
693656,PBCHD09RJU,735096,23/10/2018,09:27,10:31,Pale Yellow,Slightly cloudy,1.025,6.5,Trace,Negative,Negative,Negative,Negative,Normal,Negative,12-13,1,6-14,Rare,Rare,NIL,13.1,5.1,43.6,72.5,25,30,12.1,44.9,5952,69,38,9,7,0,4.83,2.9,0.97,0.3,0.02,429,10.2,17,0.14,24,1.1,0.05,0.36,0.21,124,40,89.8,17.3,86.5,91,3.1,2.25,0.45,0.9,0.3,0.6,88,6,37,21,6.3,3.8,2.5,1.52,1.1,19.3,9.0131,8.19,138,5.2,108,4.3,91.47,80,350,430,18.6,5.8,119.76,0.8,15.7,49.2,31.91,9.9,3.1,300,10.9,1.05,119,200,88,166
651211,KLTRS13ODB,852573,23/10/2018,11:00,12:16,Light Yellow,Clear,1.013,6.6,Negative,Negative,Negative,Negative,Negative,Normal,Negative,51-55,2,9-13,Nil,Nil,NIL,12.7,4.5,39.5,81,28,32,11.5,45,10956,79,32,10,4,0,5.55,2.43,0.58,0.59,0.06,290,10.3,12,0.24,28.7,2.6,2.92,0.29,0.28,782,49,78.8,17.4,87,72,16,1.61,0.62,1,0.2,0.8,107,14,11,43,8.1,3.8,4.3,0.88,1.1,14.9,6.9583,6.33,149,3.8,99,3.3,118.88,119,163,282,42.2,5.9,122.63,0.4,25.6,42.4,60.38,11.9,3.1,133,5.3,1.48,101,73,119,136
625637,GYAHD15JHJ,535401,23/10/2018,07:48,08:28,Straw,Clear,1.027,6.9,Negative,Negative,1+,Negative,Negative,Normal,Negative,10-11,1,2-3,Nil,Nil,NIL,8.4,7.9,56.1,86.9,10,14,14.1,43.5,7714,41,30,1,3,0,0.61,3.48,0.51,0.49,0.07,12,12.3,13,0.1,29.9,4.1,0.22,0.07,4.75,151,71,67.7,33.3,166.5,215,2.1,0.95,1.05,0.8,0.3,0.5,95,42,19,45,6.7,3.8,2.9,1.31,1.1,9.2,4.2964,3.91,140,3.9,105,2.1,97.69,79,326,405,19.51,8.8,205.86,0.3,18.2,67.8,26.84,12.5,2.3,286,16.3,2.96,73,216,216,167
676988,KLTRS01ODB,712128,22/10/2018,06:45,07:31,Dark Yellow,Slightly cloudy,1.02,6.8,Negative,1+,Negative,Negative,Negative,Normal,Negative,3-5,1,1-3,Nil,Nil,NIL,14.7,4.1,40.8,71.1,35,36,16.4,43.9,4452,31,40,3,1,0,5.6,5.53,0.28,0.16,0.04,897,7.5,15,0.37,13.2,1.1,0.29,0.21,0.36,166,57,70.6,99.2,496,66,2.9,1.24,0.81,0.8,0.1,0.7,58,31,17,25,6.7,4.4,2.3,1.91,1.2,18.6,8.6862,7.24,149,2.3,103,9.2,95.03,125,253,378,33.07,6.3,134.11,1,21.3,138.1,15.42,10.4,3.5,187,4.8,0.69,89,78,77,116
271092,MZLGI11BRC,979975,23/10/2018,08:44,09:27,Light Yellow,Slightly cloudy,1.015,4.9,Trace,Trace,Negative,Negative,3+,1+,Negative,12-14,2,1-3,Nil,Nil,NIL,8.3,5.7,54,90.1,14,15,13.9,45.6,5137,45,30,3,7,10.8,22.75,1.41,0.91,0.29,0.05,261,7.4,6,0.27,33.1,1,0.8,0.44,0.04,162,51,210.4,76,380,199,3.2,4.13,0.24,0.4,0,0.4,50,20,36,79,6.7,4,2.7,1.48,0.9,22.5,10.5075,11.68,143,4.3,100,1.6,116.93,170,360,530,32.08,6.3,134.11,0.5,24.6,104.4,23.56,12.5,3.2,130,7.4,0.69,115,108,78,85
795836,KLTRS04WBD,258056,23/10/2018,07:19,08:15,Yellow,Hazy,1.013,5.5,1+,Trace,Negative,Negative,Negative,Normal,Negative,13-14,1,3-4,Rare,Nil,Mucus threads,11,5.8,53,98.3,18,20,12.7,44.2,6031,50,53,3,3,0,1.82,2.76,0.56,0.2,0.03,856,9.3,12,0.26,26.5,2.9,0.29,1.72,0.08,623,23,38.3,15.8,79,142,27.1,1.67,0.6,0.6,0,0.6,124,17,24,28,7.5,4.8,2.7,1.78,0.9,14.9,6.9583,7.73,141,3,105,5.3,90.04,183,148,331,55.29,5.7,116.89,0.3,27.2,145.2,18.73,8.2,3.5,103,4.4,1.55,91,179,96,147
428350,PBCHD08PBM,918257,24/10/2018,11:47,12:43,Pale Yellow,Slightly cloudy,1.019,7,Negative,Negative,Negative,Negative,2+,Normal,Negative,8-10,1,3-2,Nil,Rare,NIL,6.2,3.7,59.9,87,16,10,14.6,44.8,8020,58,19,3,4,0.8,6.7,2.34,0.72,0.34,0.03,11,8,18,0.28,33.6,4.8,0.98,0.07,3.06,175,80,47.2,15.6,78,144,2.2,0.59,1.69,0.5,0,0.5,62,39,40,11,6.8,4,2.8,1.43,1.1,7.2,3.3624,3.06,147,3.8,115,6.2,98.8,131,162,293,44.71,8.8,205.86,0.2,18.8,523.8,3.59,11.3,2,117,9,3.77,135,87,100,113
304232,GYAHD07KLM,414906,23/10/2018,07:14,07:51,Pale Yellow,Clear,1.011,4.7,Trace,Trace,Negative,Negative,Negative,Normal,Negative,3-4,2,3-3,Nil,Moderate,NIL,12,6,35.2,88,20,34,12.8,42.4,8351,79,21,16,7,0,1.09,3.13,0.4,0.01,0.42,446,11.6,12,0.15,28.7,2.7,0.28,0.39,0.35,236,53,122,12.5,62.5,122,4.5,2.3,0.43,2,0.9,1.1,66,53,20,36,7.5,4.1,3.4,1.21,1,7.4,3.4558,3.46,131,4.5,105,5.6,93.44,170,315,485,35.05,6.3,134.11,0.6,23.9,283.3,8.44,8.4,3.9,184,2.1,0.32,107,96,88,135
952992,KLTRS10MLT,669485,22/10/2018,08:06,08:52,Pale Yellow,Clear,1.017,4.9,Negative,1+,Negative,Negative,Negative,Normal,Negative,6-7,0,16-13,Nil,Nil,Artifacts,9,5.1,32.9,86.1,17,27,14.1,42.7,10611,43,38,3,5,0,1.55,0.36,0.46,0.45,0.08,250,7.6,17,0.29,24.5,0.1,0.18,3.53,0.16,153,52,80,100.1,500.5,65,2.9,1.54,0.65,0.7,0.2,0.5,59,40,17,33,8.1,4.3,3.8,1.13,1.2,22.3,10.4141,8.68,140,4.4,105,4.2,76.87,30,281,311,9.65,8.2,188.64,0,22.6,109.5,20.64,8.7,3,170,4.4,1.77,103,178,91,188
603185,MZLGI12BRC,817199,26/10/2018,09:04,10:02,Deep Amber,Slightly cloudy,1.018,6.4,Negative,Negative,Trace,Negative,1+,Normal,Negative,12-14,1,>20,Rare,Nil,NIL,14.5,7.4,31.4,86.7,19,46,12,48.8,7238,79,37,4,8,0,3.55,3.69,1.34,0.16,0.49,393,9.3,12,0.36,21.3,3.5,0.49,0.2,0.25,164,37,77.6,27,135,115,4.4,2.1,0.48,0.7,0.3,0.4,126,17,38,111,8.3,3.6,4.7,0.77,0.6,54.6,25.4982,42.5,142,4.8,114,5.5,97.46,108,90,198,54.55,12.5,312.05,0.3,26.5,74.7,35.48,9.9,2.9,184,9.7,2.3,98,92,105,104
380504,KLTRS11NLZ,709213,24/10/2018,07:50,08:42,Pale Yellow,Hazy,1.011,6.6,Trace,Negative,Negative,Negative,Negative,Normal,Negative,12-13,0,13-18,Nil,Nil,NIL,11.1,4.5,22.9,98.5,24,48,12.8,40,6762,76,17,6,8,0,7.7,2.09,0.22,0.05,0.03,242,9.9,16,0.07,12.8,1.4,0.21,0,0.06,234,51,75.4,27.5,137.5,106,4.6,1.48,0.68,0.7,0.3,0.4,101,34,13,38,6.4,4.3,2.1,2.05,0.6,17.9,8.3593,13.93,122,4.6,108,3.6,111.13,186,235,421,44.18,8.7,202.99,0.3,22.1,63.4,34.86,8.9,3.6,273,3.2,3.63,125,114,279,129
494155,MZLGI06RJK,609332,22/10/2018,07:11,08:24,Light Yellow,Hazy,1.018,6.6,2+,Negative,Negative,Negative,Negative,Normal,Negative,4-6,1,10-19,Nil,Rare,NIL,17.5,4.1,46.7,83,42,37,12.1,40.9,10748,54,29,2,6,1,6.99,1.32,0.53,0.13,0.05,303,14.1,22,0.3,32,0.1,0.33,0.16,0.37,193,33,83.6,17.6,88,184,5.8,2.53,0.39,0.8,0.1,0.7,62,48,55,41,8,3.6,4.4,0.82,0.7,12.6,5.8842,8.41,149,2.5,110,3.8,92.53,100,239,339,29.5,11.4,280.48,0.9,14.9,280.9,5.3,10.4,5.2,75,7.6,0.04,123,68,76,95
548886,GYAHD03ODK,135332,24/10/2018,10:36,11:56,Pale Yellow,Clear,1.027,5.3,Trace,Trace,Negative,Negative,Negative,Normal,Negative,7-8,0,2-4,Rare,Nil,Parasites,14.4,5.5,37.4,95.3,26,38,13,39.1,4310,64,47,3,8,0,9.34,1.31,0.22,0.47,0.08,371,15.3,6,0.33,21.9,5.6,0.31,0.22,0.33,197,52,148.3,46.9,234.5,113,3.8,2.85,0.35,0.5,0.1,0.4,72,32,36,40,6.6,3.5,3.1,1.13,0.8,11.9,5.5573,6.95,138,2.7,114,3.5,98.54,118,306,424,27.83,6.4,136.98,1,14.5,79.3,18.28,9.5,2.6,165,11.7,2.47,74,96,213,300
647263,KLTRS11KLP,113690,25/10/2018,09:53,10:44,Straw,Clear,1.015,5.1,Trace,Trace,Negative,Negative,Negative,Normal,Negative,5-6,2,2-2,Rare,Nil,Parasites,17.6,4.8,38.3,65,36,45,12.2,45.4,8261,37,30,8,3,0,9.68,2.4,0.58,0.49,0,319,6.9,12,0.21,48.6,6.8,0.02,2.27,0.33,854,46,47.3,8.8,44,70,18.6,1.03,0.97,0.6,0,0.6,113,12,26,45,8.2,3.6,4.6,0.78,0.6,7.1,3.3157,5.53,148,4.4,109,3.3,94.75,135,312,447,30.2,5.8,119.76,0.3,10,90.8,11.01,8.5,3.8,185,7,2.27,84,98,72,119
155586,KLTRS07WBD,767665,23/10/2018,08:30,09:00,Yellow,Slightly cloudy,1.016,6.5,Trace,Negative,Negative,Negative,Negative,Normal,Negative,3-5,0,2-4,Nil,Rare,NIL,15.6,5.5,13.4,47.3,28,116,13.8,40.3,4101,38,30,2,8,0,5.81,2.25,0.36,0.35,0.03,261,11.9,15,0.59,26.1,6,0.01,0.27,0.08,113,35,78.4,58,290,86,3.2,2.24,0.45,0.9,0.3,0.6,74,20,32,32,8.1,3.7,4.4,0.84,0.8,17.6,8.2192,10.27,125,4.1,105,4.8,31.85,129,127,256,50.39,6.2,131.24,0.9,21.6,72.2,29.92,6.2,2.2,158,12.6,3.41,100,73,89,96
643801,KLTRS10ODB,386372,22/10/2018,06:13,07:29,Straw,Clear,1.029,6.9,Negative,Trace,Negative,Negative,Negative,Normal,Negative,9-10,5,1-4,Nil,Nil,NIL,12.9,6,44,44.6,21,29,13.2,45.2,9078,56,44,24,11,0,8.24,1.89,0.46,0.09,0.17,397,9.8,15,0.23,27.5,2.6,0.01,0.54,0.1,189,31,79.6,38,190,199,6.1,2.57,0.39,0.4,0,0.4,40,37,26,9,7.8,4.9,2.9,1.69,0.7,17.5,8.1725,11.68,142,3.8,100,6.9,111.64,84,216,300,28,5.8,119.76,0,18.5,89.4,20.69,8.7,2.3,254,14.9,4.5,128,65,86,99
226907,MZLGI05APK,169640,24/10/2018,06:49,08:06,Dark Yellow,Hazy,1.013,4.8,Trace,Negative,Negative,Negative,Negative,Normal,Negative,2-3,14,>20,Nil,Nil,NIL,13.4,5.4,49,90.8,24,27,12.8,43.3,10639,51,10,4,2,0,0.83,2.96,0.48,0.44,0.09,252,7.2,16,0.34,15.3,4.1,2.88,0.22,0.19,119,38,95.6,53.2,266,80,3.1,2.52,0.4,0.8,0.2,0.6,106,109,14,35,6.3,4.3,2,2.15,1,14.5,6.7715,6.77,101,5.9,100,6.8,114.76,166,338,504,32.94,6,125.5,0.8,21.2,50.8,41.73,9.4,2.5,160,4.5,1.99,76,168,81,80
264878,GYAHD09JHJ,491268,25/10/2018,09:37,10:50,Straw,Clear,1.03,5.2,Negative,Negative,Negative,Negative,Negative,Normal,Negative,9-11,0,2-4,Few,Nil,Amorphous debris,10.3,4.3,33.9,71,23,30,11.8,40.6,36647,54,48,4,24,4,7.15,0.46,0.52,0.23,0.04,123,12,12,0.26,13.8,3,5.26,1.02,0.11,157,50,51.6,25.7,128.5,163,3.1,1.03,0.97,0.9,0.3,0.6,119,18,10,12,7.7,4.7,3,1.57,0.9,12,5.604,6.23,143,4.5,108,4.6,119.44,112,194,306,36.6,6.9,151.33,0.8,17.5,204.7,8.55,8.8,3.4,168,9,5.99,161,73,86,181
133905,KLTRS15NLZ,977553,22/10/2018,06:24,07:11,Pale Yellow,Clear,1.01,5.9,Negative,3+,Negative,Negative,Negative,Normal,Positive,1-3,5,>20,Rare,Nil,NIL,12.7,6.8,46.6,72.2,18,27,13.5,44.8,9236,64,48,8,7,0,19.49,1.94,0.24,0.54,0.09,437,10.3,15,0.3,15.6,0.9,0.24,0.08,0.16,194,59,104.6,6.4,32,103,3.3,1.77,0.56,2.1,0,2.1,110,25,10,15,7.5,3.8,3.7,1.03,0.9,17.9,8.3593,9.29,139,3.2,115,6.5,118.14,165,225,390,42.31,6.3,134.11,0.3,21.5,148.8,14.45,7.9,2.5,222,8.6,8.91,78,78,76,113
107854,KLTRS05TSS,708247,25/10/2018,09:46,10:32,Dark Yellow,Hazy,1.02,5,Negative,3+,Negative,Negative,Negative,1+,Negative,34-35,1,2-4,Nil,Nil,NIL,16.4,4.1,15,97.5,40,109,11.6,43.7,9015,35,38,1,8,8.1,4.86,2.21,0.53,0.09,0.07,125,8.4,13,0.64,14.2,1,0.05,0.01,0.2,128,51,92.4,36.2,181,112,2.5,1.81,0.55,0.3,0.1,0.2,64,37,29,67,8.3,4,4.3,0.93,0.8,5.1,2.3817,2.98,139,4.5,111,5.8,96.95,61,360,421,14.49,6,125.5,0.3,15.2,33.1,45.92,9.6,2,184,13.3,3.99,82,110,90,138
402784,MZLGI09GJS,120195,24/10/2018,06:26,07:19,Pale Yellow,Clear,1.019,6.6,Trace,Trace,Trace,Trace,Negative,Normal,Negative,13-14,1,3-3,Nil,Nil,NIL,13.8,4.7,47.2,77.8,29,29,13,46.3,22090,51,28,2,2,0,2.45,2.01,0.8,0.43,0.11,904,7.3,10,0.37,27.4,1.9,0.1,0.32,0.1,228,41,110.8,21.9,109.5,85,5.6,2.7,0.37,0.8,0.1,0.7,96,56,35,15,7.7,3.9,3.8,1.03,0.9,15.5,7.2385,8.04,123,3.8,101,5,110.52,203,360,563,36.06,8.9,208.73,0.7,17.4,65.3,26.65,11.9,2.6,127,3.2,2.79,84,81,91,116
569708,GYAHD13KAU,681689,25/10/2018,11:17,12:19,Pale Yellow,Slightly cloudy,1.017,5.3,Negative,Trace,Negative,Negative,Negative,Normal,Negative,6-8,0,1-4,Nil,Nil,NIL,13.2,5.9,47.3,80.2,22,27,13.8,43.9,10076,56,35,3,5,0,9.16,4.06,0.81,0.02,0.08,126,8.5,16,0.23,26.5,6.9,0.04,0.27,0.07,224,31,66.4,5.9,29.5,68,7.2,2.14,0.47,4.7,2.3,2.4,98,17,7,31,6.5,3.8,2.7,1.41,0.6,18.9,8.8263,14.71,137,5.3,107,7.3,104.16,104,257,361,28.81,7.1,157.07,0.8,23,99.6,23.09,10.8,2,76,14.5,14.61,89,93,208,98
430000,MZLGI03APK,705656,24/10/2018,11:53,13:07,Light Yellow,Clear,1.01,6.3,Negative,Trace,Negative,Negative,Negative,Normal,Negative,3-4,0,3-3,Rare,Rare,NIL,1.2,5.9,52,116.8,2,2,15,39.1,8468,61,41,5,3,0,17.04,2.02,0.49,0.14,0.06,287,13,10,0.47,46,1.6,0.37,0.21,0.14,236,58,110.4,37.4,187,71,4.1,1.9,0.53,0.3,0,0.3,126,36,29,40,8.2,3.7,4.5,0.82,0.7,10.8,5.0436,7.21,144,5.9,96,3.7,97.61,160,205,365,43.84,5.8,119.76,1,16.9,108,15.65,11,3.3,227,9.8,1.55,99,78,93,162
618316,MZLGI08RJK,667509,24/10/2018,08:56,09:41,Pale Yellow,Hazy,1.013,6.9,1+,Negative,Negative,Negative,Negative,Normal,Negative,1-3,0,2-4,Nil,Nil,NIL,18.9,4.5,37,86.7,42,51,13.8,40.4,9406,56,33,3,2,0,6.96,2.16,0.69,0.42,0.04,13,16.2,15,0.38,14.2,0.9,0.37,0.3,0.24,197,40,97.9,23.2,116,119,4.9,2.45,0.41,0.7,0.1,0.6,91,31,13,32,8.2,4,4.2,0.95,0.9,21.8,10.1806,11.31,108,1.6,108,5,94.12,144,352,496,29.03,8.8,205.86,0.6,18.3,89.2,20.52,10.6,4.4,162,12.3,1.54,97,95,109,109
584138,KLTRS07TSS,895311,24/10/2018,06:27,07:08,Orange,Slightly cloudy,1.017,4.5,Negative,Negative,Negative,Negative,Negative,Normal,Negative,TNTC,2,1-2,Nil,Nil,NIL,12.4,2.7,43.1,84.1,45,28,12.4,39.2,7631,57,34,2,14,0,0.58,2.78,0.4,0.3,0.04,238,8.4,10,0.23,45.6,4.8,0.28,0.65,0.37,218,58,97,38.5,192.5,137,3.8,1.67,0.6,0.6,0.2,0.4,49,31,32,13,6.9,4.6,2.3,2,0.7,19.1,8.9197,12.74,147,3.3,114,6.6,107.22,115,168,283,40.64,5.8,119.76,0.1,26.7,61.7,43.27,10.3,5.7,198,22.7,0.34,83,300,90,79
253603,KLTRS02MLT,569794,26/10/2018,07:29,08:48,Deep Amber,Slightly cloudy,1.023,6.1,Negative,Trace,Negative,Negative,Negative,Normal,Negative,97-98,2,10-12,Nil,Nil,NIL,11.2,4.8,46.9,93,23,23,13.3,42.3,8118,35,16,4,7,0,3.62,1.13,0.7,0.39,0.01,446,8.6,10,0.38,24.5,5.7,0.35,0,0.22,181,39,106.5,10.1,50.5,164,4.6,2.73,0.37,0.5,0.2,0.3,110,45,18,33,8.1,3.5,4.6,0.76,0.6,13.6,6.3512,10.59,148,3.2,97,2,99.39,133,332,465,28.6,6.2,131.24,0.2,18.1,87.9,20.59,9.8,2.2,116,10.5,4.68,117,97,118,97
313602,MZLGI07BRC,438145,22/10/2018,06:15,07:01,Pale Yellow,Clear,1.018,4.8,Negative,3+,Negative,Negative,Negative,Normal,Negative,27-31,1,1-4,Rare,Moderate,NIL,11.9,5.9,53.1,41.4,20,22,14.4,39.7,8129,48,26,0,4,0,0.84,1.83,0.18,0.85,0.02,327,7.5,19,0.19,38.2,3.9,5.81,0.37,2.05,216,45,185.7,32.1,160.5,64,4.8,4.13,0.24,0.7,0.1,0.6,65,23,12,16,6.4,4.2,2.2,1.91,1,18.8,8.7796,8.78,138,3,103,2.9,108.52,99,180,279,35.48,8.7,202.99,0.6,467.6,273.9,170.72,9.3,4.2,295,6.1,3.67,100,74,75,122
490128,KLTRS01TSS,454122,26/10/2018,10:53,11:51,Dark Yellow,Hazy,1.017,4.3,Trace,Negative,Negative,Negative,Negative,Normal,Negative,35-39,0,1-4,Nil,Few,Amorphous debris,8.5,5,61.9,92.8,17,13,13.4,42.6,2260,50,14,6,18,0,1.46,2.37,0.75,0.25,0.01,1181,10.5,6,0.35,29.5,4.9,0.55,0.14,0.25,165,21,83,25.2,126,132,7.9,3.95,0.25,0.7,0,0.7,102,21,39,45,5.8,4.1,1.7,2.41,1.1,14.6,6.8182,6.2,149,2.6,115,5.7,86.91,131,171,302,43.38,6.1,128.37,0.2,10.8,132.1,8.18,10.3,2.5,198,18.3,0.97,110,96,100,299
733117,KLTRS13MLT,639610,24/10/2018,07:17,07:59,Straw,Slightly cloudy,1.03,6.5,Trace,Trace,Negative,Negative,Negative,Normal,Negative,3-5,1,2-4,Nil,Nil,NIL,14.8,4.8,53.3,70.9,30,27,11.6,39.3,4378,59,31,1,3,2.4,3.6,0.05,0.21,0.43,0,44,11.1,11,0.31,26.1,3,0.14,0.27,0.23,230,53,85.7,49.1,245.5,136,4.3,1.62,0.62,0.4,0.1,0.3,112,35,17,30,6.1,4.5,1.6,2.81,0.6,6.1,2.8487,4.75,129,4.4,100,5.7,117.34,155,183,338,45.86,6.3,134.11,0.4,25.8,88.2,29.25,8.8,4.5,220,5.5,1.46,214,187,112,146
377426,GYAHD11JHJ,632473,22/10/2018,11:54,13:13,Pale Yellow,Clear,1.01,6.7,Trace,Trace,Negative,Negative,Negative,Normal,Negative,11-12,2,2-4,Nil,Nil,Fat droplets or lipiduria,19,4.4,32.9,84.1,43,57,11.7,45.9,6261,34,15,1,2,0,6.39,1.73,0.09,0.39,0.05,148,9.3,14,0.16,23.1,4.8,0.99,0.26,0.31,175,57,75.1,69,345,139,3.1,1.32,0.76,0.6,0.1,0.5,128,54,35,9,6.4,3.6,2.8,1.29,0.6,10.8,5.0436,8.41,142,1.5,102,5.3,119.75,30,114,144,20.83,9.8,234.56,0.9,26.4,264.2,9.99,9.5,3.1,182,7.2,10.7,92,128,91,178
547053,KLTRS15MLT,316354,22/10/2018,06:22,07:14,Light Yellow,Clear,1.017,6.7,Trace,1+,1+,Negative,Negative,Normal,Negative,TNTC,2,1-2,Nil,Nil,Parasites,14.9,5.3,28,73.4,28,53,12.2,42.9,10555,60,27,3,24,0,6.89,2.14,0.71,0.06,0.03,324,10.8,16,0.44,33.3,5.7,2.56,0.37,0.15,168,51,81.8,26.2,131,146,3.3,1.6,0.62,0.2,0,0.2,110,18,30,29,7.4,4.3,3.1,1.39,1.1,16.3,7.6121,6.92,141,4.2,103,6.9,102.88,35,311,346,10.12,6.2,131.24,1,15.1,43.4,34.79,9,2.3,85,19.2,1.6,107,187,70,157
472483,KLTRS09ODB,557165,22/10/2018,06:34,07:10,Light Yellow,Clear,1.011,6.9,Trace,Negative,Negative,Negative,Negative,Normal,Negative,12-14,2,2-2,Nil,Nil,NIL,12.8,5.7,35.5,91.2,22,36,11.7,44.6,5042,58,34,5,4,0,8.59,2.3,0.61,0.66,0.04,444,8.4,17,0.53,46.3,4.7,0.27,0.37,0.16,210,42,86.9,59.6,298,111,5,2.07,0.48,0.6,0,0.6,126,17,36,30,7.9,5,2.9,1.72,1.2,19.2,8.9664,7.47,125,3.6,99,6.6,113.69,172,325,497,34.61,6.3,134.11,0.9,14.2,143,9.93,9.9,3.4,123,6,2.9,123,82,87,253
554810,MZLGI15BRC,897198,23/10/2018,08:29,09:56,Yellow,Clear,1.026,6.6,1+,Negative,Negative,Negative,Negative,Normal,Negative,12-13,0,1-3,Nil,Nil,Artifacts,12.5,6.5,54.4,51.7,19,22,13.3,40.4,7164,62,38,1,7,0,4.37,0.62,0.6,0.48,0.06,187,13.6,14,0.14,24.1,0.1,0.19,1.75,0.13,177,65,97.6,29.5,147.5,133,2.7,1.5,0.67,0.6,0,0.6,101,10,10,37,7.2,4.4,2.8,1.57,0.7,15.9,7.4253,10.61,136,4,102,3.9,107.69,64,345,409,15.65,7.9,180.03,0.9,14.7,20.1,73.13,11.5,3.4,280,17.2,2.76,138,81,89,133
382127,GYAHD04ODK,608854,25/10/2018,06:36,07:44,Light Yellow,Slightly cloudy,1.01,4.5,Negative,Trace,Negative,Negative,Negative,Normal,Negative,13-14,2,3-4,Nil,Nil,Parasites,13,5,32.7,97.2,26,39,12.9,39.4,7082,43,21,3,8,0.8,20.46,1.06,1.12,0.07,0.1,286,8.6,19,0.1,25.4,1.1,0.05,0.31,0.33,179,25,175.1,17.5,87.5,157,7.2,7,0.14,0.8,0.2,0.6,84,13,16,9,6.5,4.2,2.3,1.83,0.6,12,5.604,9.34,120,4.7,97,6.9,111.98,122,184,306,39.87,7.3,162.81,1,276.3,22.4,1233.48,11.8,1.1,90,9.4,0.29,117,69,90,109
185821,KLTRS10KLP,596267,22/10/2018,11:59,12:30,Yellow,Cloudy,1.018,5.4,Trace,Negative,Negative,Negative,Negative,Normal,Negative,7-8,2,1-3,Rare,Rare,Fungal elements,13.8,5.1,43.9,95.8,27,31,13.2,40.9,7194,45,27,5,12,0,8.15,1.75,0.74,0.45,0.04,156,13.7,11,0.1,16.7,0.9,2.45,0.25,0.4,209,63,88.7,12.5,62.5,132,3.3,1.41,0.71,0.5,0.2,0.3,121,53,12,26,6,4.6,1.4,3.29,1.2,14.1,6.5847,5.49,125,4.2,86,6.9,113.64,200,233,433,46.19,8.8,205.86,0.8,21.1,69.8,30.23,8.8,4.1,106,5.4,3.69,97,97,93,137
559006,MZLGI13MHP,336756,22/10/2018,06:17,07:15,Straw,Slightly cloudy,1.027,5.5,Trace,Trace,Negative,Negative,Negative,Normal,Negative,5-7,0,13-13,Few,Nil,NIL,15,4.8,32.5,65,31,46,11.9,41.4,6699,77,46,4,3,0,9.71,1.4,0.63,0.22,0.01,151,7.6,16,0.31,14.6,1.5,0.05,0.24,0.06,126,22,83.9,#VALUE!,#VALUE!,93,5.7,3.81,0.26,0.7,0.3,0.4,46,11,35,43,6.5,3.8,2.7,1.41,0.7,16.4,7.6588,10.94,142,3.2,121,5.3,106.87,147,329,476,30.88,6.3,134.11,0.5,12.6,54.8,22.99,10.6,5,148,11.7,10.75,70,256,127,72
977542,MZLGI12GJS,718581,23/10/2018,09:22,10:44,Light Yellow,Hazy,1.013,6.6,Negative,1+,1+,Negative,Negative,Normal,Negative,11-12,1,1-2,Nil,Nil,NIL,10.7,5.1,39.2,45.3,20,27,10.4,42.1,8417,77,37,10,7,0,6.81,1.03,0.43,0.01,0.02,108,10.8,14,0.27,36.4,1.7,0.81,0.22,0.36,216,76,117.9,21.4,107,135,2.8,1.55,0.64,0.7,0,0.7,91,29,20,19,6.8,3.7,3.1,1.19,0.8,11.7,5.4639,6.83,136,4.1,114,4.3,128.38,159,170,329,48.33,5.8,119.76,0.3,127.1,77.6,163.79,8.9,4.1,204,5.4,3.41,100,71,98,290
970563,MZLGI09RJK,299848,22/10/2018,09:19,10:09,Light Yellow,Hazy,1.018,4.9,3+,Trace,Negative,Trace,Negative,Normal,Negative,TNTC,2,2-4,Nil,Nil,Mucus threads,21.1,5.6,49.3,94.5,37,42,13,45.1,8733,45,52,4,4,0.3,9.84,4.61,0.76,0.01,0.17,140,7.5,17,0.35,19.8,0.5,0.8,0.37,0.07,215,54,94.6,34.9,174.5,151,4,1.75,0.57,0.7,0.3,0.4,84,53,30,26,6.5,4.6,1.9,2.42,0.6,11.3,5.2771,8.8,139,2.9,98,5.8,68.18,196,355,551,35.57,7.9,180.03,2.8,27.6,144.9,19.05,10.1,5.1,129,9.3,3.54,89,68,78,277
744899,GYAHD08JHJ,194115,22/10/2018,07:55,08:25,Straw,Slightly cloudy,1.037,5.6,Negative,Trace,Negative,Negative,Negative,Normal,Negative,10-11,1,1-4,Nil,Nil,NIL,13.5,4.6,51.9,99.2,29,26,14.6,44.8,4409,46,26,5,13,0,0.51,1.31,0.41,0.4,0,187,7.8,15,0.22,32.5,4.8,0.12,0.85,0.22,194,39,87.6,21.1,105.5,159,5,2.25,0.45,0.7,0,0.7,43,25,14,22,7.8,4.7,3.1,1.52,1.5,13.8,6.4446,4.3,122,4.3,105,3.2,73.75,105,200,305,34.43,6.7,145.59,0.5,20.7,29.2,70.89,10.4,5.1,64,10.3,1.11,288,118,62,123
745661,KLTRS13WBD,838991,26/10/2018,08:07,09:01,Pale Yellow,Clear,1.012,5.4,Trace,Trace,Negative,Negative,Negative,Normal,Negative,9-11,0,2-2,Nil,Nil,Mucus threads,16.8,4.4,21,86.9,38,80,13.9,40.6,7482,45,50,1,3,0.3,9.84,4.72,1.08,0.06,0.13,331,5.5,17,0.2,28.3,3.8,0.37,0,0.14,157,59,82.1,32.7,163.5,217,2.7,1.39,0.72,3.9,1.9,2,70,49,28,26,6.4,4.9,1.5,3.27,1.2,16.4,7.6588,6.38,124,3.7,100,3.3,77.24,165,165,330,50,6.1,128.37,0.4,23.5,113.5,20.7,9.1,6,125,20.1,3.31,85,67,78,91
674929,KLTRS02TSS,770595,22/10/2018,10:05,10:42,Pale Yellow,Hazy,1.013,5.6,Negative,Negative,Negative,Negative,1+,Normal,Negative,3-4,14,12-18,Nil,Nil,NIL,9.5,2.2,33.1,46.1,43,28,12.4,44,9882,48,51,5,4,10.1,7.44,2.35,0.67,0.7,0.05,412,10.9,10,0.2,33.6,1.2,0.25,0.49,0.03,171,76,86.1,15.5,77.5,160,2.3,1.13,0.88,0.6,0.1,0.5,90,32,18,48,6,5,1,5,1.1,16.9,7.8923,7.17,140,4.4,83,2.1,103.71,65,357,422,15.4,6.2,131.24,0.8,14.8,119.4,12.4,6.9,5.6,156,11.7,0.37,76,155,82,134
182526,GYAHD06JHJ,404336,22/10/2018,06:20,07:26,Deep Amber,Slightly cloudy,1.026,4.1,Trace,Trace,Trace,Negative,Negative,Normal,Negative,9-11,0,1-3,Nil,Rare,Artifacts,16.1,5.2,30.3,90.5,30,53,15.2,40.9,4837,30,44,2,6,0,7.61,5.85,0.68,0.12,0.01,186,9.4,17,0.57,31.6,0.1,0.34,0.33,0.02,237,24,75.6,5.5,27.5,60,9.9,3.15,0.32,0.7,0.3,0.4,100,4,18,47,7.2,4.8,2.4,2,0.8,18.6,8.6862,10.86,139,4.6,100,5.1,103.82,195,306,501,38.92,5.8,119.76,0.6,21.5,125.5,17.13,8.6,4,74,8.3,3.26,97,69,63,107
844197,MZLGI04APK,455626,26/10/2018,09:29,10:51,Yellow,Clear,1.02,8.1,Negative,Trace,Negative,Negative,Negative,Normal,Negative,TNTC,2,3-2,Nil,Nil,NIL,17.2,6.9,42.4,84.7,24,40,14.4,37.4,9729,37,20,1,16,0.7,5.35,2.33,0.33,0.37,0.1,55,11,18,0.2,21.3,4.3,0.06,0.75,0.45,217,29,181.8,29.1,145.5,131,7.5,6.27,0.16,0.7,0.3,0.4,45,44,39,47,5.3,4.2,1.1,3.82,1.2,34.2,15.9714,13.31,144,4.3,103,5.7,102.51,67,127,194,34.54,6.5,139.85,1.8,11.1,143,7.76,8.6,2.6,116,14.7,1.77,91,75,67,86
571391,GYAHD14JHJ,653577,26/10/2018,07:06,08:20,Straw,Clear,1.013,6.9,Negative,Negative,Negative,Negative,Negative,Normal,Negative,6-8,1,3-3,Nil,Nil,NIL,12.7,5.5,23.6,90.9,23,53,14,45,9312,42,18,24,6,0,2.83,2.36,0.95,0.25,0.06,436,11.9,17,0.26,18.8,0.2,0.17,0.24,0.04,154,57,134,18.6,93,106,2.7,2.35,0.43,0.5,0.2,0.3,121,10,33,36,5.9,4.7,1.2,3.92,2.8,30.7,14.3369,5.12,125,4,108,6.6,102.65,122,158,280,43.57,5.9,122.63,0.3,241.1,550.5,43.8,8.7,4.1,184,11.9,3.84,105,64,116,222
978898,PBCHD11PBM,711366,24/10/2018,07:39,08:24,Light Yellow,Cloudy,1.011,4.7,3+,Trace,Trace,Negative,Negative,Normal,Negative,11-13,1,2-3,Nil,Nil,NIL,3.1,5.6,45.8,79.6,5,6,14.5,36.8,3199,53,32,1,12,0,9.08,2.81,0.22,0.23,0.08,503,7.4,14,0.29,33.8,4.7,0.17,0.38,0.32,165,46,107.6,25,125,160,3.6,2.34,0.43,0.8,0.1,0.7,51,45,20,10,7.2,4.8,2.4,2,1.5,5.2,2.4284,1.62,144,3.1,106,3.6,103.77,75,259,334,22.46,5.8,119.76,0.1,490.7,67,732.39,11.1,3.7,160,8.2,4.82,94,90,80,148
765168,PBCHD06CGD,480889,22/10/2018,08:28,09:02,Straw,Slightly cloudy,1.026,6.1,Negative,Trace,Negative,Negative,Negative,Normal,Negative,12-14,1,2-2,Rare,Nil,NIL,21.8,5.7,36.7,99,38,59,14.3,45.5,8500,31,36,14,2,0,2.84,2.8,1.43,0.1,0.01,297,10.1,17,0.22,43.6,0.6,3.16,0.71,0.12,194,31,84.8,34.7,173.5,160,6.3,2.74,0.37,1.9,0.9,1,59,41,13,18,6,3.8,2.2,1.73,1,150.6,70.3302,70.33,147,5.5,102,5.4,106.27,103,149,252,40.87,7.4,165.68,0.9,12,99.1,12.11,7.7,3.4,69,11.7,2.62,102,87,147,99
104534,PBCHD05RJU,741954,22/10/2018,10:31,11:47,Pale Yellow,Slightly cloudy,1.02,5.5,3+,1+,Negative,Negative,Negative,Normal,Negative,TNTC,0,3-2,Nil,Few,NIL,17.3,4.2,34.2,99.1,41,50,12.1,43.6,32402,58,16,2,6,0,0.62,2.49,0.77,0.42,0.08,1020,11.4,11,0.06,33.1,5,0.13,3.25,4.77,163,43,59.6,19.6,98,69,3.8,1.39,0.72,0.7,0.1,0.6,45,16,16,40,7.1,4.1,3,1.37,0.8,37,17.279,21.6,135,5,101,2.3,110.44,141,351,492,28.66,5.9,122.63,0.1,14.2,100.7,14.1,9.6,3,155,3.7,2.22,112,92,87,181
186686,PBCHD09KLC,288727,26/10/2018,06:16,07:15,Pale Yellow,Clear,1.016,6.9,Trace,Negative,Negative,Negative,Negative,Normal,Negative,66-67,0,3-4,Nil,Nil,NIL,12.8,4.4,49.9,74.1,29,25,14.6,42.8,8458,40,45,2,3,0,3.64,1.77,0.88,0.65,0.09,996,15,11,0.25,29.4,1.1,0.15,3.17,0.23,659,48,97.3,27.4,137,119,13.7,2.03,0.49,0.7,0.1,0.6,63,8,26,18,6.6,3.6,3,1.2,0.8,19.5,9.1065,11.38,129,3.9,102,2.5,98.99,141,285,426,33.1,5.7,116.89,0.1,23.8,216.2,11.01,9.3,4.2,154,7.5,2.06,138,68,91,186
954051,GYAHD05JHJ,394031,24/10/2018,07:03,08:16,Red,Slightly cloudy,1.013,6.5,Trace,Trace,Negative,Negative,Negative,Normal,Negative,45-49,0,2-3,Nil,Nil,Fungal elements,13.7,7.2,51.3,90,19,26,11.3,40,4174,54,53,1,4,0,6.05,0.93,0.23,0.45,0.06,117,8.4,15,0.2,22.2,0.9,0.2,1.51,0.32,157,54,112.7,21.8,109,184,2.9,2.09,0.48,0.8,0.3,0.5,328,73,28,23,7.5,3.8,3.7,1.03,0.8,13.5,6.3045,7.88,147,4.4,110,3.7,103.95,26,229,255,10.2,6.4,136.98,0.6,153.3,20.6,744.17,10.9,3.5,115,14.7,3.72,92,95,86,95
905977,GYAHD12JHJ,409835,23/10/2018,11:21,12:16,Light Yellow,Hazy,1.015,6.2,Negative,Negative,Negative,1+,Negative,Normal,Negative,7-9,2,2-2,Few,Moderate,NIL,8,4.7,34,40.5,17,23,13.8,42.7,6070,22,25,5,6,0,1.03,3.39,0.51,0.32,0.06,229,11.6,11,0.2,15.7,5,0.01,0.33,0.98,157,42,79,31.8,159,103,3.7,1.88,0.53,1,0.3,0.7,114,30,31,30,6.2,4,2.2,1.82,0.8,17.5,8.1725,10.22,140,3.2,106,5.4,93.08,147,220,367,40.05,6.1,128.37,0.9,10.6,102.7,10.32,9,3.8,132,10.4,3.92,140,70,89,181
600936,PBCHD11MHS,285781,25/10/2018,09:48,10:33,Pale Yellow,Opaque,1.029,7,Negative,Negative,Negative,Negative,Negative,Normal,Negative,7-9,1,12-13,Nil,Nil,NIL,2.3,5.5,46.8,98,4,4,12.4,44.6,45785,46,40,6,4,0,7.37,2.27,0.9,0.39,0,387,11.2,12,0.31,25.2,4.5,0.25,0.76,0.1,118,26,83.6,7.3,36.5,118,4.5,3.22,0.31,0.7,0.1,0.6,85,43,10,39,6.7,3.6,3.1,1.16,0.8,18.6,8.6862,10.86,143,4.2,100,2.9,117.13,221,260,481,45.95,6.9,151.33,0.6,26.6,82.3,32.32,8.9,3.1,331,3.5,3.3,97,79,90,89
476850,KLTRS13NLZ,347482,25/10/2018,09:08,09:39,Light Yellow,Slightly cloudy,1.012,5.3,Negative,Trace,Negative,Negative,Trace,1+,Negative,TNTC,3,1-4,Few,Nil,NIL,8.7,4.2,51.7,93.4,20,16,13.4,40.4,10447,60,22,2,2,0,1.56,1.68,0.83,0.14,0.03,326,12.5,17,0.16,14,2.2,0.16,2.12,0.35,193,44,67.7,5.8,29,153,4.4,1.54,0.65,0.5,0.1,0.4,98,52,26,28,6.1,3.8,2.3,1.65,0.7,6.8,3.1756,4.54,143,3.8,101,4.7,96.59,64,291,355,18.03,9.2,217.34,0.7,14.3,231.8,6.17,10.6,5,85,3.8,1.28,108,91,119,117
650170,PBCHD05CGD,389562,26/10/2018,07:37,08:50,Pale Yellow,Hazy,1.015,7.7,Negative,Trace,Negative,Negative,Negative,Normal,Negative,11-12,1,1-4,Nil,Rare,NIL,13.1,5.4,30,96.2,24,43,13.2,40.9,10609,70,38,5,7,0,7.87,2.97,0.96,0.36,0.03,1058,8,16,0.27,12.6,5.9,0.6,0.38,0.32,169,49,110.5,53.5,267.5,84,3.4,2.26,0.44,0.9,0.3,0.6,126,41,23,43,7.3,4.3,3,1.43,0.8,8.3,3.8761,4.85,122,5,106,5.4,103.57,78,354,432,18.06,5.7,116.89,0.9,21.8,91.4,23.85,9,4,205,6.4,8.79,90,69,72,168
715077,MZLGI04BRC,857055,24/10/2018,11:42,12:50,Light Yellow,Clear,1.018,6.9,Negative,Negative,Trace,Negative,Negative,Normal,Negative,1-2,0,14-12,Nil,Nil,NIL,17.3,4.4,35.5,93.7,39,48,12.1,44.7,9820,80,32,6,3,0,9.36,4.25,0.68,0.29,0.02,194,15,12,0.24,18,3.8,4.42,0.1,0.13,187,76,93.8,29.2,146,198,2.5,1.23,0.81,0.7,0.2,0.5,104,24,32,37,7.4,4.7,2.7,1.74,0.6,15.2,7.0984,11.83,129,3.8,100,3.6,98.09,93,200,293,31.74,6.2,131.24,0.5,12,91.7,13.09,10.2,4.4,158,9.9,1.92,74,207,87,178
274735,MZLGI05GJS,261545,23/10/2018,06:50,07:53,Straw,Slightly cloudy,1.025,5,Negative,Trace,Negative,Negative,Negative,Normal,Negative,9-10,1,1-4,Rare,Few,Yeast cells,21.3,4.2,36.1,70.1,50,59,12.7,39.3,8175,59,10,3,8,0.4,9.56,1.64,0.29,0.42,0.08,313,7.2,7,0.1,29.3,5,0.52,4.98,0.66,232,52,99.7,26.9,134.5,219,4.5,1.92,0.52,0.8,0.3,0.5,49,47,20,32,8.1,4.4,3.7,1.19,1.4,15.8,7.3786,5.27,141,5.5,96,6.2,102.08,69,100,169,40.83,7.1,157.07,0.6,15.9,93.2,17.06,8.7,4.5,199,8.9,2.71,78,79,64,73
957869,KLTRS07NLZ,533096,24/10/2018,10:37,12:00,Light Yellow,Clear,1.017,6.9,Trace,3+,Negative,Negative,Negative,Normal,Negative,47-50,0,2-2,Nil,Rare,NIL,20.5,5.7,43.5,81.6,35,47,13.7,44.6,6427,56,18,6,6,0,6.58,3.72,0.24,0.08,0.17,32,10.7,16,0.2,19.4,0.3,0.3,0.35,0.12,184,50,71.7,18,90,192,3.7,1.43,0.7,1.3,0.5,0.8,58,28,35,23,6.5,5,1.5,3.33,0.8,19,8.873,11.09,149,4,103,2.3,101.49,105,310,415,25.3,8.1,185.77,1.9,22,84.7,25.97,10.1,2.6,162,10.5,0.68,95,77,117,125
576063,KLTRS01TSS,157829,26/10/2018,07:09,07:39,Yellow,Slightly cloudy,1.015,4.7,Trace,Trace,Negative,Negative,Negative,Normal,Negative,91-96,1,3-4,Nil,Nil,NIL,12.1,4.8,61.9,87.3,25,19,12.1,39.3,8150,53,21,2,10,0,15.11,0.65,0.31,0,0.03,218,12.6,21,0.32,16.9,6.3,0.18,0.29,0.15,159,48,75.9,48.9,244.5,157,3.3,1.58,0.63,0.4,0,0.4,50,35,30,25,7.2,4.7,2.5,1.88,1,8.7,4.0629,4.06,137,2.7,102,4.2,60.94,61,289,350,17.43,5.7,116.89,1,19,342.7,5.54,10.1,3.6,144,10.7,1,87,66,70,406
281277,KLTRS14NLZ,846834,23/10/2018,07:54,09:23,Light Yellow,Clear,1.019,4.9,Negative,Trace,Negative,Negative,Negative,Normal,Negative,70-73,1,3-3,Nil,Nil,NIL,9.8,6.8,53,92,14,18,14.1,39.4,8307,60,19,0,8,0,9.42,3.76,0.59,0.24,0.08,233,7.4,11,0.07,32.5,3.6,0.04,0.27,4.08,180,40,123.9,16.2,81,131,4.5,3.1,0.32,0.5,0.1,0.4,111,39,29,24,6.4,4.4,2,2.2,1.1,14.7,6.8649,6.24,142,6.5,107,2.5,112.33,106,299,405,26.17,6.6,142.72,0.8,11.5,25.9,44.4,9,2.1,80,6.2,0.79,119,80,96,69
279145,MZLGI05BRC,290964,24/10/2018,09:20,10:20,Dark Yellow,Clear,1.013,4.5,Negative,Trace,Negative,Negative,Negative,Normal,Negative,4-6,0,3-2,Nil,Moderate,Mucus threads,11.1,5.8,45,89,19,24,12.3,44.6,7482,53,37,6,5,0,1.66,1.49,0.42,0.22,0.05,397,11.9,11,0.25,27.7,1.6,0.2,0.24,0.18,180,68,67.4,18.8,94,108,2.6,0.99,1.01,1.7,0.8,0.9,87,15,16,23,6.9,4.8,2.1,2.29,1.1,5.2,2.4284,2.21,141,4.2,100,2.1,98.81,116,204,320,36.25,8,182.9,0.9,16.5,96,17.19,9.3,4.1,78,19,2.87,71,113,61,145
902850,PBCHD11SKM,782482,26/10/2018,08:30,09:14,Pale Yellow,Clear,1.017,6.8,Trace,Negative,Negative,Negative,Negative,Normal,Negative,99-100,0,2-4,Nil,Rare,NIL,7.7,4.7,13.3,94.5,16,57,13.2,40,7972,38,34,2,8,0,4.54,1.88,0.57,0.87,0,147,12.9,10,0.21,33.7,3.6,0.04,0.27,0.29,202,50,121.2,15,75,100,4,2.42,0.41,15.3,10.8,4.5,101,40,25,41,8.2,4,4.2,0.95,0.8,10.5,4.9035,6.13,105,4,105,3.9,90.21,69,309,378,18.25,8.5,197.25,0.3,12.6,42.5,29.65,7.6,4,209,10.3,0.88,125,159,87,69
569395,MZLGI15MHP,470572,23/10/2018,06:35,07:53,Green,Hazy,1.021,6.9,1+,Trace,Negative,Trace,2+,Normal,Negative,3-5,0,2-3,Nil,Rare,NIL,15.5,4.3,32.7,48.9,36,47,13.5,39.3,4498,42,20,3,5,0,8.61,0.17,0.9,0.18,0.01,385,5.1,20,0.36,30.1,2.9,0.12,0.99,0.1,174,59,86.3,38.7,193.5,190,2.9,1.46,0.68,0.8,0.2,0.6,99,36,30,32,6.9,4.4,2.5,1.76,0.9,14.8,6.9116,7.68,149,4.6,102,2.3,96.21,133,346,479,27.77,6.2,131.24,0.7,16.8,85.3,19.7,11.8,3.2,346,13.7,3.52,84,82,76,151
654545,PBCHD11PBM,768864,24/10/2018,09:46,10:18,Red,Clear,1.018,4.5,Negative,Trace,Negative,Negative,Negative,Normal,Negative,9-10,5,14-19,Nil,Nil,NIL,19.8,4.5,39.4,70.7,44,50,14,40.1,7651,45,20,1,7,0,1.81,4.79,0.75,0.05,0.04,894,15,19,0.06,33.1,0.9,0.12,0.94,0.84,189,52,153.3,31.6,158,107,3.6,2.95,0.34,0.2,0,0.2,65,25,35,20,6.2,4.5,1.7,2.65,0.9,9.6,4.4832,4.98,149,5.4,97,2.1,95.28,80,150,230,34.78,6.8,148.46,0.9,12,247.2,4.85,11.3,4.9,218,3.9,3.85,71,105,75,133
966880,KLTRS06MLT,661565,26/10/2018,08:19,09:40,Light Yellow,Slightly cloudy,1.085,6.3,Negative,3+,Negative,Negative,Negative,Normal,Negative,12-13,2,1-3,Nil,Nil,Mucus threads,15.1,4.2,13.5,93.1,35,111,13.6,43.3,8294,43,55,2,4,0,8.24,2.15,0.78,0.43,0,278,7.2,11,0.35,18.5,4.8,0.28,0.3,0.38,191,58,99.1,33.8,169,169,3.3,1.71,0.59,0.9,0.2,0.7,107,7,15,42,8,2.6,5.4,0.48,0.5,12.6,5.8842,11.77,142,4.3,105,6.4,110.42,143,353,496,28.83,5,96.8,0.4,248.1,23.5,1055.74,10.1,6.9,246,6,1.43,87,122,226,136
777901,PBCHD13CGD,121090,22/10/2018,08:03,08:45,Pale Yellow,Clear,1.016,4.6,Trace,Negative,Negative,Negative,1+,Normal,Negative,12-14,5,3-3,Nil,Nil,NIL,10.8,5.5,36.8,61.7,19,29,12.5,38.3,6923,77,39,3,5,0,4.18,1.32,0.32,0.23,0.05,115,7.1,20,0.16,34.6,1.6,0.32,2.66,0.11,233,43,133.4,38.9,194.5,118,5.4,3.1,0.32,0.9,0.2,0.7,126,11,11,17,7.8,3.5,4.3,0.81,1.2,10.4,4.8568,4.05,129,4.9,81,2.6,114.91,99,336,435,22.76,8.6,200.12,0.5,24.2,102.1,23.7,9.1,2.6,171,10.2,1.88,122,88,92,137
273265,PBCHD10NLM,490866,22/10/2018,09:42,10:56,Straw,Slightly cloudy,1.019,5.5,1+,Trace,Negative,Negative,Negative,Normal,Negative,21-22,1,1-2,Nil,Nil,Mucus threads,11.5,6.4,41.7,71,17,27,11.9,31.6,46010,50,52,9,6,0,20.76,1.67,0.48,0.01,0.1,62,11.5,16,0.32,19.5,1.3,0.14,0.47,0.2,210,49,131,28.3,141.5,185,4.3,2.67,0.37,0.9,0.3,0.6,49,31,29,14,7.3,4,3.3,1.21,0.9,12.4,5.7908,6.43,142,3.5,108,6.6,115.94,170,251,421,40.38,5.8,119.76,0.7,95.7,93.8,102.03,8.7,3.4,302,10,0.45,81,95,65,75
164942,KLTRS07WBD,539871,26/10/2018,09:43,11:04,Pale Yellow,Clear,1.028,5.6,Trace,Negative,Negative,Negative,Negative,Normal,Negative,3-4,2,9-11,Nil,Nil,NIL,10.2,5.5,34,71.5,18,30,12.2,43.4,9815,60,33,5,4,0,3.22,3.86,0.74,0.23,0.04,375,9.7,11,0.15,29.8,4.2,0.21,0.14,0.02,186,54,92.5,68.9,344.5,103,3.4,1.71,0.58,3.3,0.3,3,32,23,30,18,7,4.3,2.7,1.59,1.2,16.1,7.5187,6.27,142,2.4,105,5.3,111.08,113,230,343,32.94,6.4,136.98,0,11.4,51.2,22.27,11.4,3.1,194,8.6,1.1,110,112,83,70
868627,KLTRS09TSS,410237,23/10/2018,11:43,12:25,Yellow,Clear,1.019,4.9,Negative,Trace,Negative,Negative,Negative,Normal,Negative,3-4,0,3-2,Nil,Nil,Amorphous debris,15.1,6.9,55.4,60.1,21,27,11.9,40.3,7108,65,40,1,4,0,4.25,2.24,0.37,0.12,0.03,150,7.1,15,0.07,45,2.6,0.47,0.33,0.3,166,56,94.2,12.5,62.5,78,3,1.68,0.59,5.1,2.5,2.6,129,21,14,33,8,4,4,1,1.1,9.3,4.3431,3.95,148,4.2,98,2.5,101.77,170,305,475,35.79,8.7,202.99,0.4,20.8,135,15.41,9.2,2.7,85,4.9,3.82,85,91,89,182
583932,GYAHD01KLM,474672,24/10/2018,11:19,11:54,Light Yellow,Clear,1.027,4.6,1+,1+,Negative,Negative,Negative,Normal,Negative,9-11,1,3-4,Nil,Nil,NIL,10.8,5.7,37.9,97.5,18,28,16.4,44.6,5552,54,26,4,5,0,3.76,1.7,0.72,0.89,0,900,11.9,13,0.46,30.7,4.6,0.67,0.23,0.15,142,52,131.2,24.9,124.5,139,2.7,2.52,0.4,0.7,0.3,0.4,90,10,33,15,8.1,5,3.1,1.61,0.7,18.6,8.6862,12.41,139,2.5,103,3.5,101.98,116,119,235,49.36,8.6,200.12,0.2,23,105.3,21.84,9.6,5.8,258,8.4,0.29,89,88,111,80
381054,MZLGI05BRC,514686,23/10/2018,11:41,12:24,Yellow,Clear,1.017,6.4,Negative,Negative,Negative,Negative,Negative,Normal,Negative,53-56,1,2-2,Nil,Rare,NIL,10.4,3.9,63.2,98.2,26,16,13.4,39.9,4521,59,20,6,2,0,1.11,0.38,0.24,0.2,0.04,445,11.5,13,0.16,19.9,4.6,0.21,0.21,0.17,193,46,85.5,10.2,51,122,4.2,1.86,0.54,0.7,0.3,0.4,100,45,25,19,7.7,4.8,2.9,1.66,0.9,7.7,3.5959,4,148,4.5,113,3.8,107.84,61,325,386,15.8,6.1,128.37,0.9,16.2,46.3,34.99,8.3,4.5,293,2.3,7.98,72,83,71,144
959297,MZLGI10BRC,835072,24/10/2018,11:38,12:10,Pale Yellow,Clear,1.013,5,Trace,1+,Negative,Negative,Negative,1+,Negative,TNTC,1,9-15,Nil,Nil,Artifacts,16.7,5.3,52.3,97.2,31,31,13.9,47.4,7074,64,20,19,5,0,1.94,1.63,0.9,0.45,0.05,366,14.3,15,0.27,33.2,4.7,0.34,0.38,0.1,208,63,88.2,62.2,311,114,3.3,1.4,0.71,0.2,0,0.2,69,23,23,24,6.3,4.4,1.9,2.32,1.2,13.6,6.3512,5.29,128,4,96,3.9,82.64,143,231,374,38.24,6,125.5,0.2,17.1,81.9,20.88,7.5,3.6,120,11.1,2.64,111,86,106,79
356066,GYAHD01ODK,204686,26/10/2018,09:39,10:16,Light Yellow,Hazy,1.012,4.6,Negative,Trace,2+,Negative,Negative,Normal,Negative,TNTC,1,1-4,Nil,Nil,NIL,12.2,6.1,49.5,80.6,20,24,12.4,45.9,4680,32,34,5,4,0,2.48,1.86,0.69,0.11,0.03,177,15,21,0.2,30.8,1.1,0.37,0.08,0.26,161,48,97.1,34.9,174.5,129,3.4,2.02,0.49,0.3,0.1,0.2,54,35,25,29,6,4.3,1.7,2.53,1.2,10.3,4.8101,4.01,136,4.4,96,2.9,115.46,141,296,437,32.27,6.3,134.11,0.5,25.9,125.3,20.67,8.9,6.3,152,10.9,8,98,91,82,99
585117,GYAHD06KAU,322880,25/10/2018,06:11,07:29,Light Yellow,Hazy,1.016,6,Trace,Trace,Negative,Negative,Negative,Normal,Negative,TNTC,1,1-3,Nil,Rare,NIL,15.1,7.3,59.3,76.3,20,25,11.6,35.8,6244,41,30,2,3,1.8,6.62,1.18,0.31,0.33,0.02,270,12.3,12,0.16,19.8,4.3,0.36,0.28,0.34,163,41,138.2,32.3,161.5,179,4,3.37,0.3,0.2,0,0.2,73,32,25,46,7.1,4.7,2.4,1.96,0.9,181.8,84.9006,94.33,145,4.3,100,4,94.03,160,116,276,57.97,8.7,202.99,0.4,25.6,93,27.53,10,5.2,253,11.5,1.6,82,94,63,61
390014,MZLGI09APK,578838,22/10/2018,11:32,12:29,Yellow,Clear,1.002,6.1,Negative,Trace,Negative,Negative,Negative,2+,Negative,4-6,1,1-3,Nil,Nil,NIL,13.2,5.1,51.9,95.8,25,25,13.5,44.3,5244,76,33,6,7,0,19.21,2.27,0.07,0.15,0.03,206,12.1,11,0.36,29.1,1.6,4.89,0.67,0.3,201,65,92.2,38.4,192,136,3.1,1.42,0.7,0.3,0.1,0.2,55,12,31,11,7.7,3.5,4.2,0.83,0.8,11.3,5.2771,6.6,136,3.8,102,3.3,111.89,68,317,385,17.66,6,125.5,3.6,10.3,86.7,11.88,8.6,5.5,216,2.4,6.59,94,64,75,149
562112,KLTRS05KLP,542781,23/10/2018,09:52,10:53,Light Yellow,Clear,1.014,6.3,Negative,Negative,Negative,Negative,Negative,Normal,Negative,82-85,1,3-3,Nil,Moderate,NIL,10.8,5.6,58.1,90,19,18,14.5,42.7,8059,50,28,0,7,0,6.13,5.15,0.67,0.49,0.02,189,8.7,17,0.39,27.9,4.3,0.01,0.36,0.3,195,63,99.3,43.2,216,69,3.1,1.58,0.63,0.5,0.2,0.3,67,33,35,37,7.8,3.5,4.3,0.81,1,7.1,3.3157,3.32,148,4.7,100,3,94.63,118,281,399,29.57,6.9,151.33,0.4,21.1,63.1,33.44,9.1,4.7,288,7.7,6.25,95,66,72,108
615859,KLTRS13TSS,123339,22/10/2018,09:29,10:21,Pale Yellow,Clear,1.019,4.6,Trace,Trace,Negative,Negative,Trace,Normal,Negative,12-13,32,11-18,Nil,Nil,NIL,14.4,5.3,55.1,60.7,27,26,13.2,43.3,9524,53,24,1,3,0,6.41,2.09,0.61,0.12,0.04,312,7,19,0.24,30.5,4.6,1.45,0.03,0.2,179,38,82,22.9,114.5,190,4.7,2.16,0.46,0.3,0,0.3,122,10,30,13,7.1,3.8,3.3,1.15,1.1,6.2,2.8954,2.63,126,5,100,3.4,96.71,63,116,179,35.2,8.9,208.73,0.5,13,136.9,9.5,8.7,2.1,131,8.5,5.71,194,190,64,73
194187,MZLGI11RJK,178168,22/10/2018,07:16,07:59,Pale Yellow,Hazy,1.015,8.8,Negative,Negative,Negative,Negative,Negative,Normal,Negative,8-10,2,1-4,Nil,Nil,Parasites,9.9,6.1,52.9,63.9,16,18,13,45.4,8810,36,27,5,4,0,3.47,1.94,0.78,0.33,0.02,1023,9.4,19,0.22,23.8,4.7,0.14,4.08,0.09,231,75,71.6,31.8,159,146,3.1,0.95,1.05,0.7,0.3,0.4,40,13,37,10,7.5,4.5,3,1.5,1.4,12.4,5.7908,4.14,147,3.6,95,3.9,90.23,70,340,410,17.07,8.4,194.38,17.9,24.1,112,21.52,9.6,4.9,216,3.7,3.42,71,64,79,119
840945,KLTRS04NLZ,436995,23/10/2018,08:24,09:12,Deep Amber,Slightly cloudy,1.021,4.5,3+,Trace,Negative,Negative,Negative,Normal,Negative,10-12,0,3-2,Nil,Few,NIL,10.3,4.1,38.4,89.4,25,26,13.7,41.5,6480,44,32,1,6,0,5.91,2.9,1.36,0.05,0.1,154,7.3,14,0.47,30.9,1.1,0.15,0.17,0.06,187,75,86.9,29.8,149,141,2.5,1.16,0.86,0.2,0,0.2,107,36,34,20,7.7,3.5,4.2,0.83,0.6,15,7.005,11.68,135,5.1,104,3.6,115.45,168,345,513,32.75,8,182.9,0,14.6,115,12.7,8.5,2.3,160,7.1,5.63,118,176,67,109
550283,MZLGI05GJS,529368,22/10/2018,06:45,08:05,Light Yellow,Clear,1.011,4.7,Trace,Trace,Negative,Trace,1+,Normal,Negative,6-7,2,2-3,Nil,Nil,Parasites,9.7,4.2,39.2,75.6,23,24,12.2,42.4,8647,58,26,1,6,0.3,7.05,1.64,0.48,0.27,0.03,103,10.4,15,0.32,25.8,3.6,5.41,0.97,0.3,181,69,73,9.2,46,127,2.6,1.06,0.95,0.6,0,0.6,65,87,26,14,7.3,4.9,2.4,2.04,1.1,7.6,3.5492,3.23,143,4.2,95,3.3,118.78,122,214,336,36.31,5.8,119.76,0.1,127.3,51.9,245.28,9.6,2.9,174,6.3,2.58,171,119,118,370
252275,MZLGI10RJK,108584,22/10/2018,08:14,09:02,Dark Yellow,Clear,1.017,4.9,Negative,Negative,Negative,1+,Negative,Normal,Negative,48-52,2,1-2,Nil,Nil,Fungal elements,17.5,6,37,85.6,29,47,13.8,45.4,7815,56,20,5,23,1.6,5.01,4.04,0.78,0.42,0.05,406,7.3,16,0.25,21.9,6,0.15,0.09,0.34,187,50,97.3,33.7,168.5,184,3.7,1.95,0.51,0.5,0.2,0.3,75,4,24,17,8.2,3.7,4.5,0.82,1.1,76.8,35.8656,32.61,145,4.8,102,2.4,85.25,154,226,380,40.53,5.8,119.76,0,23.5,220.4,10.66,11.2,5.2,129,15.3,5.29,112,107,77,100
103412,PBCHD08HPP,474853,24/10/2018,07:48,08:52,Green,Hazy,1.01,5.6,Trace,Negative,Negative,Negative,Negative,Normal,Negative,6-8,2,3-3,Nil,Nil,NIL,6.7,5.7,31.4,74.6,11,21,14.2,46,9004,54,29,6,3,0,11.84,4.81,0.78,0.26,0.07,392,8.7,8,0.35,14.1,3.3,0.51,0.18,0.03,175,55,95.7,33,165,141,3.2,1.74,0.57,2,0.3,1.7,40,44,39,73,7.3,4.9,2.4,2.04,0.7,13.8,6.4446,9.21,143,4.6,83,4.3,98.41,68,194,262,25.95,6.2,131.24,0.9,16.2,107.6,15.06,10.2,3.5,159,5.6,6.34,71,117,95,61
770352,PBCHD09MHS,609625,23/10/2018,06:08,06:52,Deep Amber,Clear,1.018,6.1,Trace,Negative,Negative,Negative,Negative,Normal,Negative,7-8,1,3-4,Nil,Nil,NIL,10.4,4,60.1,107.2,26,17,12.6,41.6,7568,31,53,6,7,0,5.18,2.8,0.09,0.69,0.04,287,9.3,13,0.28,24,1.8,5.48,0.35,0.34,174,57,45.8,37.7,188.5,82,3.1,0.8,1.24,5.9,2.9,3,67,21,17,40,7.2,5,2.2,2.27,1,12.5,5.8375,5.84,134,4.4,99,2.6,119.41,72,309,381,18.9,9.5,225.95,1,11.4,43.7,26.09,9.5,2.8,70,22.6,3.73,134,64,122,88
931802,MZLGI05RJK,442224,22/10/2018,08:42,09:32,Dark Yellow,Clear,1.027,6.5,Negative,Negative,Negative,Negative,Negative,Normal,Negative,13-14,1,3-3,Rare,Nil,NIL,11.9,5.5,33.2,93,21,35,14.5,25.6,11538,44,25,4,8,0,1.49,1.32,0.44,0.05,0.3,104,9.9,13,0.23,25.8,1.2,5.4,0.32,0.42,201,22,125.4,32,160,172,9.1,5.7,0.18,0.8,0.3,0.5,85,51,14,32,6.5,4,2.5,1.6,1.2,14.6,6.8182,5.68,141,4.2,102,4.1,101.63,73,350,423,17.26,7.4,165.68,0.9,492.8,115.9,425.19,8.3,5.2,139,3.3,3.82,104,74,73,142
812494,PBCHD04PBP,349061,22/10/2018,07:19,08:40,Light Yellow,Clear,1.016,5.1,Trace,Trace,Trace,Negative,Negative,Normal,Negative,11-13,0,3-2,Rare,Rare,NIL,17.9,4.1,12.3,73.6,43,145,12.2,45.6,8775,59,30,4,6,0,3.35,1.66,0.67,0.34,0.07,12,10.7,13,0.22,17.3,0.1,2.43,4.62,0.38,165,44,88.1,6.2,31,218,3.8,2,0.5,0.8,0,0.8,98,7,35,31,7.5,3.6,3.9,0.92,0.9,14.8,6.9116,7.68,141,3.6,107,4.1,93.2,115,333,448,25.67,6.1,128.37,0.3,11.7,297.3,3.94,7.7,4.8,184,7,2.63,86,80,62,114
314633,PBCHD01HPP,366061,26/10/2018,06:52,07:39,Light Yellow,Clear,1.019,6.8,Trace,Trace,Negative,Negative,Negative,Normal,Negative,2-3,2,3-3,Nil,Nil,NIL,9.2,5.5,17.2,93.1,16,53,12.8,42.4,5819,66,28,4,6,0,0.26,5.87,0.23,0.2,0.01,223,10.6,17,0.31,38,4.7,0.4,0.3,0.25,158,33,77.9,69.3,346.5,75,4.8,2.36,0.42,0.5,0,0.5,78,25,20,9,7.5,4,3.5,1.14,1.1,32,14.944,13.59,139,2.9,115,8,98.56,227,263,490,46.33,7.2,159.94,0.3,225.6,84.8,266.04,8.6,3.5,154,11.9,1.44,88,163,94,88
200435,KLTRS08WBD,677093,25/10/2018,06:26,07:41,Light Yellow,Clear,1.017,4.6,Negative,Negative,Negative,2+,Negative,Normal,Negative,13-15,0,9-11,Nil,Nil,Fungal elements,13.1,5.5,31.9,78.3,23,41,13.3,42.6,4096,57,44,4,4,2.2,7.15,2.61,0.74,0.03,0.03,600,7.5,17,0.31,17.6,7.5,0.47,0.38,0.03,210,56,125.2,10.7,53.5,173,3.8,2.24,0.45,0.9,0.2,0.7,116,46,35,28,7.5,4.7,2.8,1.68,0.5,13.4,6.2578,12.52,138,4.3,87,6.7,101.97,128,165,293,43.69,5.8,119.76,0.5,15.8,30.9,51.13,10.5,5.7,87,14.1,2.64,119,69,77,292
234005,GYAHD01KAU,802708,25/10/2018,07:45,08:44,Green,Clear,1.026,4.5,Trace,Trace,Negative,Negative,Negative,Normal,Negative,11-12,7,1-4,Rare,Rare,NIL,18.3,5.2,48.3,79.5,35,37,16.3,45.3,4561,47,20,24,3,0,6.69,1.07,0.93,0.33,0.08,164,12.3,15,0.17,44.8,1.9,0.04,0.02,0.5,200,41,75.8,55.8,279,168,4.9,1.85,0.54,0.2,0,0.2,48,34,25,13,6.6,5,1.6,3.13,1,12,5.604,5.6,141,4,100,5.6,102.54,137,308,445,30.79,6.3,134.11,0.1,17.1,132.9,12.87,11.7,5.4,70,14.6,6.04,116,93,97,100
220859,MZLGI14APK,161051,24/10/2018,10:53,12:01,Dark Yellow,Clear,1.024,6.7,Negative,Negative,Negative,Negative,Negative,Normal,Negative,6-7,2,3-2,Nil,Nil,Mucus threads,18.6,5.9,55.6,91.9,31,33,11.6,42.2,6094,65,20,7,6,2.1,7.39,3.09,0.54,0.62,0.01,300,7,6,0.22,25,1.4,0.07,0.21,0.24,164,37,83.4,11.2,56,74,4.4,2.25,0.44,0.2,0,0.2,65,43,27,28,8.1,5,3.1,1.61,1.2,12.1,5.6507,4.71,96,4.1,106,4.6,103.67,80,269,349,22.92,8.6,200.12,1,17.6,179.1,9.83,10.4,2.6,65,7.5,1.29,156,74,77,132
101700,MZLGI05BRC,633917,25/10/2018,06:29,07:39,Light Yellow,Clear,1.019,6.2,Negative,Negative,Negative,Negative,Negative,Normal,Negative,2-4,0,1-2,Nil,Nil,NIL,10.8,6.1,31.2,87.7,17,34,12,41.4,7973,25,39,0,6,0,8.69,1.45,0.2,0.1,0.15,150,10.1,14,0.08,34.8,5.3,0.11,0.01,2.2,175,64,97.2,21.3,106.5,89,2.7,1.52,0.66,0.3,0,0.3,103,7,21,7,7.7,3.5,4.2,0.83,0.6,11.1,5.1837,8.64,138,3.2,103,2.2,37.5,114,173,287,39.72,5.9,122.63,0.4,20,104.1,19.21,8.9,2.8,156,5.1,0.06,82,66,88,65
611720,KLTRS15KLP,315885,22/10/2018,09:47,10:45,Dark Yellow,Slightly cloudy,1.027,5.4,Negative,Trace,Negative,Negative,Negative,Normal,Negative,7-8,0,3-4,Few,Nil,Parasites,13.1,5.9,51.9,98.7,22,25,12.3,45.5,6630,50,38,1,3,0,4.19,2.42,0.59,0.45,0.07,360,8.1,16,0.2,48.8,0.1,0.23,0.01,0.26,199,30,124.2,6.4,32,157,6.6,4.14,0.24,0.7,0.2,0.5,63,36,38,14,7.8,4,3.8,1.05,0.9,33,15.411,17.12,138,3.3,98,3.7,98.93,138,179,317,43.53,5.8,119.76,0.6,606.1,94.5,641.38,10.6,3.9,142,16.4,0.14,90,71,86,176
524726,MZLGI15RJK,200876,23/10/2018,06:39,07:31,Pale Yellow,Slightly cloudy,1.02,6.6,1+,Negative,Negative,Negative,Negative,Normal,Negative,20-24,4,6-17,Nil,Rare,Yeast cells,15.8,5.2,25.6,82.7,30,61,13.4,45.2,9758,65,34,4,5,0.6,5.39,0.95,0.92,0.41,0,208,9.3,12,0.13,47.5,1.8,0.14,0.08,0.14,184,48,85.4,23.7,118.5,143,3.8,1.78,0.56,0.7,0.3,0.4,44,33,22,17,7.8,3.4,4.4,0.77,1.2,5.9,2.7553,2.3,142,5.6,106,3.2,99.71,143,120,263,54.37,6.1,128.37,4.7,18,112,16.07,8.8,2.8,147,10.9,1.34,122,81,110,91
142110,MZLGI01RJK,250484,23/10/2018,06:25,07:04,Straw,Slightly cloudy,1.029,6.7,1+,Negative,Negative,1+,Negative,1+,Negative,6-8,2,3-3,Nil,Rare,NIL,17.1,5.3,35.2,87.6,32,48,12.3,43.2,10208,24,33,6,4,0,3.35,1.82,0.46,0.3,0.26,132,13.4,6,0.56,12.1,0.4,0.03,0.18,0.22,114,40,117.3,26.5,132.5,104,2.9,2.93,0.34,0.7,0.2,0.5,45,11,37,42,6.1,4.2,1.9,2.21,0.8,15.9,7.4253,9.28,135,3.7,101,5.9,98.24,152,299,451,33.7,7.2,159.94,17.1,14.9,105.6,14.11,8.3,2.6,154,7.8,4.23,118,120,77,136
465452,MZLGI08APK,687918,23/10/2018,08:46,09:41,Pale Yellow,Slightly cloudy,1.016,4.5,Trace,Negative,Negative,Negative,Negative,Normal,Negative,2-4,2,2-3,Nil,Nil,NIL,18.3,6.7,46.4,99.8,27,39,13.6,27.1,14603,51,48,1,4,0,15.91,0.17,0.96,0.5,0.39,879,10.1,10,0.32,20.4,1.7,3.71,2.64,0.24,156,42,81.9,6.2,31,70,3.7,1.95,0.51,1.5,0.7,0.8,108,55,15,45,7,4.8,2.2,2.18,0.8,12.4,5.7908,7.24,147,4,105,5.5,97.16,97,139,236,41.1,5.7,116.89,0.8,18.5,73.2,25.27,9.3,3.9,135,4.5,3.62,83,72,100,131
458366,GYAHD02JHJ,657822,23/10/2018,11:09,11:59,Straw,Clear,1.016,6,Negative,Trace,Negative,Negative,Negative,Normal,Negative,9-10,0,2-3,Rare,Few,NIL,17.4,5.8,32.3,67.5,30,53,13.4,39,9357,26,11,5,3,0,9.55,3.41,0.51,0.43,0.06,411,7.5,19,0.24,22.5,1.8,0.18,3.32,0.12,178,59,83.3,20.7,103.5,93,3,1.41,0.71,0.5,0.2,0.3,48,41,21,45,7.5,3.8,3.7,1.03,1.1,27.5,12.8425,11.68,131,4,114,5.9,112.68,144,187,331,43.5,6.2,131.24,0.4,11.4,38.6,29.53,10.2,2.1,137,15.6,1.1,114,102,79,80
591003,PBCHD09SKM,381192,22/10/2018,11:15,12:32,Light Yellow,Slightly cloudy,1.011,6.6,1+,Negative,Negative,Negative,Negative,Normal,Negative,1-2,2,1-4,Nil,Rare,NIL,14.4,4.5,27.3,90.3,32,52,15.9,48.1,7407,44,30,2,4,0,9.42,3.24,0.39,0.5,0.16,1120,9.1,12,0.54,31.4,0.1,0.07,3.93,0.15,175,45,78.6,75.6,378,112,3.9,1.75,0.57,0.6,0.1,0.5,83,42,26,48,8.2,3.6,4.6,0.78,1.6,10.8,5.0436,3.15,144,4.6,95,5.2,98.3,97,206,303,32.01,8.8,205.86,0.7,133.9,102.7,130.38,9.2,3.8,49,8.7,1.42,70,80,61,280
775225,MZLGI02APK,474128,22/10/2018,09:16,09:54,Straw,Clear,1.019,4.7,Trace,Trace,Negative,Negative,Negative,Normal,Negative,4-5,1,13-9,Nil,Nil,NIL,8.4,4.9,32.1,95.4,17,26,14.4,40.5,5839,58,20,4,3,0,9.77,1.15,0.76,0.13,0.08,325,10.8,13,0.29,33.6,2.6,0.57,0.65,0.4,234,47,78.5,28.3,141.5,130,5,1.67,0.6,0.5,0,0.5,50,28,27,13,5.7,3.7,2,1.85,0.3,10.8,5.0436,16.81,131,4,96,4.6,104.25,191,164,355,53.8,6.2,131.24,0.2,17.8,78.6,22.65,8.2,4.5,68,6.5,3.9,97,64,96,243
409309,PBCHD06CGD,818705,25/10/2018,08:48,10:09,Yellow,Slightly cloudy,1.015,6.3,1+,Negative,Negative,Negative,Negative,Normal,Negative,3-5,1,1-3,Nil,Nil,NIL,2.6,3.5,37,41.4,7,7,11.5,39.2,10679,37,20,6,14,0,8.99,1.09,0.32,0.46,0.15,395,11.2,12,0.67,33.2,2.3,0.53,0.31,0.65,167,50,77.2,37.3,186.5,154,3.3,1.54,0.65,0.5,0.2,0.3,112,46,19,16,8,3.5,4.5,0.78,0.8,8.3,3.8761,4.85,136,2.1,96,4,108.03,174,357,531,32.77,9.4,223.08,0.9,13.8,58,23.79,9.3,4.2,127,10.2,1.73,112,125,312,109
545373,PBCHD04RJU,937889,22/10/2018,10:21,10:56,Deep Amber,Clear,1.021,6.6,Negative,Trace,Negative,Negative,1+,Normal,Negative,8-10,1,2-2,Nil,Nil,NIL,16.9,5.1,34.4,93.1,33,49,12.5,44.3,6795,59,52,2,7,0,22.14,1.32,0.71,0.34,0.08,341,11.6,19,0.14,16.1,0.7,0.31,0.4,2.95,213,49,89.9,8.5,42.5,141,4.3,1.83,0.55,0.7,0.3,0.4,57,43,35,32,7.2,3.8,3.4,1.12,1.2,30.9,14.4303,12.03,126,4.7,94,3.8,65.17,61,274,335,18.21,12.4,309.18,0.5,11.1,225.7,4.92,11.7,2.6,81,2.1,0.28,136,110,111,78
608981,KLTRS04KLP,307625,23/10/2018,10:47,12:09,Pale Yellow,Clear,1.012,6.1,Negative,Trace,Negative,Negative,Negative,Normal,Negative,11-13,2,3-2,Nil,Nil,Fat droplets or lipiduria,10.4,4.5,44.6,95.9,23,23,14.1,41.4,5756,42,30,6,5,0,2.13,1.43,0.8,0.05,0.02,16,8.1,12,0.34,27,4,0.05,1.55,0.98,226,54,119.6,32,160,63,4.2,2.21,0.45,1.9,0.9,1,107,8,24,46,7.2,3.6,3.6,1,1.2,9,4.203,3.5,134,4.2,108,1.4,104.14,151,188,339,44.54,5.7,116.89,1,11.6,106.3,10.91,10.1,4.1,234,12.2,1.56,144,67,94,133
836411,MZLGI12BRC,164238,22/10/2018,08:17,09:18,Straw,Clear,1.014,6.7,Trace,Trace,Negative,Negative,Negative,Normal,Negative,2-4,0,2-2,Nil,Rare,NIL,16.1,4.5,53.3,77.1,35,30,13.7,44.3,10864,74,44,1,10,0.2,6.87,1.45,0.07,0.1,0.09,121,7.7,15,0.21,30.9,0.1,0.25,0.39,0.54,207,44,48.5,15.6,78,113,4.7,1.1,0.91,0.8,0.2,0.6,123,15,15,9,6.7,4.4,2.3,1.91,1.3,10.9,5.0903,3.92,147,3.9,112,2.2,111.28,60,347,407,14.74,6.2,131.24,0.1,14.9,146.3,10.18,9.2,2.4,127,8.2,11.2,81,70,260,248
386994,GYAHD03KLM,836715,25/10/2018,10:00,11:20,Red,Clear,1.012,7,Trace,Trace,Negative,Negative,Negative,Normal,Negative,12-13,1,3-2,Nil,Nil,NIL,11.3,5,12.8,40.2,22,88,13.5,45.7,7211,50,22,6,10,1.1,2.06,2.4,0.43,0.27,0.1,378,7.4,13,0.37,42,2.7,0.07,0.35,0.05,156,78,71.4,16.9,84.5,143,2,0.92,1.09,0.9,0.2,0.7,94,11,35,41,6,3.5,2.5,1.4,0.4,13.9,6.4913,16.23,148,3.4,104,4,70.85,125,186,311,40.19,8.2,188.64,0.5,20.4,414.3,4.92,10.2,3.4,187,6.2,2.31,103,142,127,96
713022,KLTRS11WBD,639090,26/10/2018,08:47,09:52,Orange,Slightly cloudy,1.011,4.9,4+,Negative,Negative,Negative,Negative,Normal,Negative,6-7,0,8-16,Nil,Nil,Artifacts,11.1,5.7,48.3,92.7,19,22,13.9,43,39723,27,49,6,6,0,1.09,2.79,0.57,0.31,0.01,313,11.8,15,0.34,46.9,2.5,0.08,0.83,0.35,179,20,43.7,26.6,133,109,9,2.19,0.46,0.8,0.3,0.5,94,36,22,39,7.9,3.7,4.2,0.88,0.9,42.5,19.8475,22.05,143,5.6,104,4.7,91.16,230,209,439,52.39,7.5,168.55,0.6,27.2,49.6,54.84,11.5,3.5,144,7.2,2.12,98,92,108,161
960491,MZLGI15RJK,791919,22/10/2018,09:42,10:47,Pink,Clear,1.013,5.8,Negative,Negative,Negative,Trace,Negative,Normal,Negative,12-13,2,1-2,Nil,Nil,Parasites,14.8,5.4,49.1,97.6,27,30,14.3,49.6,7963,47,29,5,6,0,7.96,2.15,0.78,0.11,0.43,436,8.5,13,0.51,18.3,2.5,0.07,1.24,0.24,166,53,70.6,102.2,511,145,3.1,1.33,0.75,0.2,0,0.2,76,51,32,24,7.8,5.5,2.3,2.39,0.6,19.1,8.9197,14.87,140,4.7,104,6.3,127.81,47,127,174,27.01,6,125.5,0.3,12.8,123,10.41,11.2,5.4,95,9.3,0.82,85,88,83,132
840886,GYAHD14KAU,983076,22/10/2018,11:40,12:40,Light Yellow,Slightly cloudy,1.011,4.5,Negative,Trace,Trace,Negative,1+,Normal,Negative,1-2,1,2-2,Nil,Nil,NIL,17.5,5.2,39.5,58.1,33,44,11.2,40,10338,51,39,2,24,0,1.11,4.09,0.98,0.15,0.01,211,12.4,14,0.35,19.6,0.1,0.61,0.92,0.37,180,23,99.4,33.3,166.5,117,7.8,4.32,0.23,0.8,0.1,0.7,94,44,33,43,6.7,4.9,1.8,2.72,0.7,21.8,10.1806,14.54,143,4.9,108,5.1,114.3,128,249,377,33.95,5.8,119.76,0.3,12.9,118.7,10.87,9.6,4.1,66,7.7,3.68,124,195,81,170
278268,GYAHD01KLM,522806,24/10/2018,07:02,08:12,Light Yellow,Clear,1.029,7,Negative,1+,Negative,1+,Negative,Normal,Negative,8-9,49,2-2,Nil,Nil,Amorphous debris,4.2,6.3,26.4,86,6,15,12.9,44.7,7147,22,37,5,5,0,3.55,6.1,0.32,0.17,0.07,93,13.8,12,0.09,22.5,0.5,0.1,0.16,4.88,237,53,47,17.3,86.5,115,4.5,0.89,1.13,0.3,0.1,0.2,121,28,40,27,7.6,4.8,2.8,1.71,0.7,172.6,80.6042,115.15,139,4.6,112,3.1,117.49,63,184,247,25.51,11.7,289.09,3.7,11.4,68.4,16.67,9.7,2.8,244,6.4,0.94,83,149,90,107
380667,PBCHD05KLC,839181,26/10/2018,08:03,09:06,Deep Amber,Slightly cloudy,1.007,5.8,Trace,Trace,Negative,Negative,Negative,Normal,Negative,12-14,0,2-2,Nil,Nil,Artifacts,16.4,6,14,106.6,27,117,12.6,39.2,8396,61,26,3,4,0,21.64,1.27,0.69,0.11,0.06,344,7.2,10,0.36,21.5,2.5,0.39,0.28,0.91,173,30,84,7.3,36.5,98,5.8,2.8,0.36,5.1,2.5,2.6,62,22,32,22,7.4,4.2,3.2,1.31,0.6,14.8,6.9116,11.52,141,5.2,100,6.6,102.88,90,201,291,30.93,6.2,131.24,0.4,15.4,100.1,15.38,7.8,4.4,76,3.3,2.98,190,95,101,91
855909,MZLGI11MHP,786017,23/10/2018,10:18,11:12,Light Yellow,Clear,1.013,5.8,2+,Negative,Negative,1+,Negative,Normal,Negative,1-3,2,17-18,Nil,Few,NIL,16.2,4.1,43.7,49.8,39,37,12.1,31.8,4508,56,42,6,7,0,6.56,1.1,1.15,0.06,0.04,444,9.2,20,0.39,22,0.2,0.18,0.44,4.46,116,58,188.8,27.6,138,203,2,3.26,0.31,0.6,0,0.6,85,12,21,18,5.8,3.7,2.1,1.76,0.8,12.9,6.0243,7.53,142,4.6,107,5.9,93.9,167,302,469,35.61,6.2,131.24,0.2,18.6,186,10,8.7,3.6,259,19.7,2.92,78,115,97,84
899609,GYAHD04KAU,458355,22/10/2018,11:20,12:24,Straw,Slightly cloudy,1.019,4.9,Trace,Trace,Negative,Negative,Negative,Normal,Negative,3-4,0,2-2,Nil,Nil,Fungal elements,16.9,4.6,30.3,47.3,36,55,13.8,39.1,6924,41,32,3,8,0,8.23,3.73,1.44,0.33,0.01,357,8.1,16,0.32,38.5,3.9,0.4,0.18,0.21,192,58,92.4,54,270,160,3.3,1.59,0.63,0.7,0.3,0.4,88,45,34,29,5.5,4.9,0.6,8.17,1.2,10,4.67,3.89,146,2.5,83,3.7,104.09,164,358,522,31.42,5.9,122.63,0.3,281.1,127.8,219.95,13,3.6,124,7.5,1.48,115,100,77,88
319395,KLTRS03ODB,715309,24/10/2018,06:40,07:13,Straw,Clear,1.012,6.6,Trace,Negative,Negative,Negative,Negative,Normal,Negative,7-8,0,>20,Nil,Nil,Fat droplets or lipiduria,10.2,6.7,29.1,91.7,15,35,13.3,41.7,4013,72,39,3,2,0,9.34,2.34,0.45,0.4,0.06,313,11.1,11,0.24,14.9,4.2,1.84,0.08,0.3,157,52,127.9,98.6,493,152,3,2.46,0.41,0.2,0,0.2,70,35,33,47,8.1,3.8,4.3,0.88,0.9,11.8,5.5106,6.12,144,3.1,102,2.2,91.14,94,239,333,28.23,7.8,177.16,0.9,26,154.3,16.85,8.5,3.5,350,14.8,0.47,114,107,77,171
306611,GYAHD10KLM,794802,24/10/2018,06:54,07:52,Straw,Clear,1.013,7,Negative,Negative,Negative,Trace,Negative,Normal,Negative,2-4,1,1-4,Rare,Nil,Mucus threads,5.3,4.7,45.8,76.2,11,11,12,41.5,6389,40,31,5,3,0.7,9.66,0.5,0.84,0.4,0.09,236,10.5,16,0.19,25.7,0.3,0.29,2.38,0.27,167,44,100,10,50,138,3.8,2.27,0.44,0.4,0.1,0.3,81,22,36,26,8.1,3.8,4.3,0.88,0.6,15.4,7.1918,11.99,136,4,90,2.8,69.21,144,235,379,37.99,5.8,119.76,3.3,11.6,116.4,9.97,8,2.9,62,14.6,6.34,106,81,63,236
308941,PBCHD09CGD,105738,24/10/2018,07:17,08:44,Yellow,Slightly cloudy,1.013,6.6,Trace,Trace,Trace,Negative,Negative,Normal,Negative,10-12,0,1-3,Nil,Nil,Fungal elements,17.2,5.4,49.6,45.5,31,34,11.5,44.8,9236,52,35,2,5,0,4.98,6.49,0.72,0.32,0.03,164,11.9,16,0.06,31.6,0.1,0.01,0.84,0.14,194,57,92.7,16.7,83.5,144,3.4,1.63,0.61,0.4,0,0.4,91,46,28,33,7.6,4.9,2.7,1.81,1.2,7.1,3.3157,2.76,135,4.7,104,3.1,104.37,185,252,437,42.33,12.8,320.66,0.4,16.5,137.6,11.99,9.6,2.4,184,10.2,0.18,112,92,247,182
978047,KLTRS02TSS,763281,26/10/2018,11:43,13:08,Green,Hazy,1.017,6.7,Trace,Trace,Negative,Negative,Negative,Normal,Negative,9-11,0,15-12,Nil,Nil,Yeast cells,13.6,5.6,48.4,75,24,28,15.7,44.3,3923,45,38,1,4,2.5,1.62,2.9,1.19,0.51,0.03,360,6.8,16,0.2,36.8,2.5,0.23,0.24,0.19,229,31,62.6,84.6,423,152,7.4,2.02,0.5,0.7,0.3,0.4,70,49,25,18,6.1,3.6,2.5,1.44,1,8.6,4.0162,4.02,137,3.7,100,4.4,118.93,243,257,500,48.6,5.9,122.63,1,10.4,84,12.38,9.3,4,298,10.6,6.4,73,62,98,110
373573,MZLGI07MHP,982142,22/10/2018,07:48,08:26,Light Yellow,Clear,1.016,6.7,Trace,Trace,Negative,Negative,Negative,Normal,Negative,TNTC,2,3-2,Rare,Moderate,NIL,18.2,5.5,32.1,96.2,33,56,12.1,42.4,45913,58,29,4,2,0,7.25,1.15,0.43,0.23,0.09,190,10.5,10,0.27,32.4,3.6,2.28,0.16,0.01,179,60,99.7,38,190,72,3,1.66,0.6,2.1,1,1.1,66,22,20,43,6.2,4.3,1.9,2.26,1.2,13,6.071,5.06,121,4.5,102,4.3,81.52,71,259,330,21.52,8.7,202.99,0.6,26.3,124.1,21.19,9.1,4.5,107,7.8,0.86,75,77,112,70
797792,KLTRS07TSS,472533,24/10/2018,07:19,08:30,Pale Yellow,Clear,1.025,4.5,Trace,Negative,Negative,Negative,Negative,Normal,Negative,5-6,1,2-4,Nil,Nil,Amorphous debris,15.1,5.5,60.7,84.8,27,24,13.2,41.2,8674,57,37,5,8,0.4,8.29,1.36,0.99,0.28,0.04,367,7.3,11,0.31,33,2.4,0.2,0.25,0.53,115,27,93.7,32.7,163.5,74,4.3,3.47,0.29,0.9,0.3,0.6,84,3,20,6,6.9,3.7,3.2,1.16,0.9,12.7,5.9309,6.59,144,8.6,102,3.1,108.96,196,343,539,36.36,5.7,116.89,0.7,14.2,142.4,9.97,9.3,4,182,3.7,1.23,81,94,72,85
521686,KLTRS01KLP,633394,23/10/2018,07:16,08:08,Deep Amber,Slightly cloudy,1.017,5.9,Negative,3+,Negative,Negative,Negative,1+,Negative,4-6,1,1-4,Nil,Rare,Amorphous debris,14.3,4.5,48.8,84.6,31,29,12.8,39.4,2796,74,32,2,5,0,2.74,1.28,0.34,0.16,0.1,182,11.6,20,0.25,34.3,4.6,4.59,0.06,0.72,155,37,80.3,13.5,67.5,125,4.2,2.17,0.46,1.7,0.8,0.9,122,12,39,9,7.2,4.7,2.5,1.88,0.7,15,7.005,10.01,122,4.7,95,4.8,100.24,110,309,419,26.25,7.6,171.42,0.9,105.8,592.5,17.86,9.1,6.3,145,5.7,1.42,116,83,71,155
767074,GYAHD15JHJ,818775,25/10/2018,09:26,10:41,Straw,Slightly cloudy,1.028,5.8,Negative,Negative,Negative,Negative,1+,Normal,Negative,13-15,2,3-2,Nil,Nil,Mucus threads,13.6,5.9,32.8,75.6,23,41,14.4,39.2,52112,52,54,2,6,0,0.85,5.28,1.28,0.12,0,175,11.2,15,0.21,26,4.6,0.4,0.41,0.81,208,29,166.7,9.8,49,104,7.2,5.75,0.17,0.7,0,0.7,90,43,40,34,6.8,4.6,2.2,2.09,1,58.9,27.5063,27.51,148,2.4,103,2.9,91.08,72,235,307,23.45,6.2,131.24,0.1,10.3,110.6,9.31,8.6,3.3,103,8.9,4.64,77,119,86,146
451684,MZLGI03APK,144608,24/10/2018,08:28,09:43,Light Yellow,Slightly cloudy,1.019,7,Trace,Trace,Negative,Negative,Negative,Normal,Negative,3-4,2,2-2,Rare,Few,NIL,17.1,6.2,32.4,71.3,27,52,13.3,43.8,9352,53,36,5,8,0,7.57,0.67,0.64,0.5,0.04,849,14.5,25,0.33,19,0.3,0.48,0.06,0.28,197,57,123,5.6,28,110,3.5,2.16,0.46,0.2,0,0.2,99,49,36,45,6.8,3.8,3,1.27,0.9,38,17.746,19.72,144,4.8,99,4.6,102.81,105,296,401,26.18,6,125.5,0.3,20.8,95.7,21.73,9.5,3.5,155,8.8,3.25,113,102,241,242
819842,MZLGI13RJK,983515,22/10/2018,09:56,10:56,Pale Yellow,Hazy,1.016,6.9,Trace,Trace,Negative,Negative,Negative,Normal,Negative,5-7,0,8-13,Nil,Nil,NIL,19.3,5.4,45.3,80,35,42,14.5,39.1,6468,60,15,3,6,0,17.75,2.18,0.75,0.48,0.07,291,10.1,11,0.25,30.1,0.1,0.17,3.98,0.13,184,80,60.3,74.1,370.5,65,2.3,0.75,1.33,0.5,0.2,0.3,77,18,57,12,6,3.4,2.6,1.31,1.2,8.8,4.1096,3.42,148,4,104,3.6,36.99,83,127,210,39.52,6,125.5,0.1,21.5,82.1,26.19,11.9,4.4,120,7.5,1.96,91,105,74,108
341246,GYAHD10ODK,689257,26/10/2018,07:19,07:56,Yellow,Cloudy,1.431,4.9,2+,Negative,Negative,Negative,Negative,Normal,Negative,7-9,1,5-20,Nil,Nil,Yeast cells,17.2,3.4,47.3,70.5,50,36,13.7,44,5038,44,27,1,4,0,5.71,1.86,0.43,0.16,0.08,324,12,20,0.37,15.2,0.5,0.08,6.71,0.02,196,42,34.4,92.9,464.5,118,4.7,0.82,1.22,0.8,0.3,0.5,47,7,35,10,5.6,4.9,0.7,7,1,5.5,2.5685,2.57,149,4.3,102,4.6,84.95,108,358,466,23.18,6,125.5,0.6,12.2,124.1,9.83,10.8,4.3,93,8.8,3.09,248,60,106,152
391191,MZLGI07BRC,493776,22/10/2018,07:25,08:08,Red,Clear,1.013,6.8,Negative,2+,Negative,Negative,Negative,1+,Negative,13-14,0,1-4,Nil,Nil,NIL,13.1,4,54.5,45.1,32,24,12.9,45.3,54464,66,20,3,6,0,4.03,2.03,1.38,0.84,0.17,125,16.2,10,0.37,19.7,1.7,0.34,0.4,0.08,225,53,59.2,96.1,480.5,154,4.2,1.12,0.9,0.6,0.2,0.4,127,10,19,32,8.1,4,4.1,0.98,0.9,17.9,8.3593,9.29,127,3.7,113,5.1,98.37,199,157,356,55.9,6.3,134.11,0.3,17.6,133.4,13.19,10.6,3.1,50,13.2,3.58,118,94,250,146
441141,PBCHD09KLC,360668,25/10/2018,06:47,08:07,Yellow,Hazy,1.013,6.6,Negative,Negative,Negative,Negative,Negative,Normal,Negative,72-73,1,>20,Rare,Nil,Fat droplets or lipiduria,15.4,5,51.9,89.3,30,29,13.2,43.6,5768,78,47,10,6,0,5.89,1.34,0.31,0.56,0.02,123,13.8,13,0.39,25.1,6.9,0.79,0.05,4.97,196,51,96,32.9,164.5,186,3.8,1.88,0.53,0.8,0.1,0.7,47,26,29,10,7.7,3.7,4,0.93,1.1,175.1,81.7717,74.34,134,4.1,102,2.2,100.49,174,347,521,33.4,7.7,174.29,0.4,14.4,145.2,9.92,9.2,1.2,92,9.5,0.006,124,108,95,66
303681,PBCHD06HPP,737148,23/10/2018,08:05,09:20,Red,Clear,1.028,4.7,Negative,Negative,Negative,Negative,Negative,Normal,Negative,TNTC,1,2-3,Rare,Few,Fat droplets or lipiduria,9.5,2.6,16.6,61.7,36,57,13.6,46,5840,56,33,1,6,1.4,6,1.71,0.78,0.65,0.07,815,11.6,16,0.36,30.9,0.1,0.6,0.17,0.11,206,47,30.9,10.8,54,68,4.4,0.66,1.52,0.5,0,0.5,290,7,48,44,7.4,4.7,2.7,1.74,0.7,12.1,5.6507,8.07,125,5.5,98,5.9,93.09,150,165,315,47.62,5.8,119.76,0.5,13.7,129.7,10.56,10,5.3,214,3.9,1.56,94,110,310,245
696502,GYAHD05KAU,671898,23/10/2018,07:32,08:51,Pink,Hazy,1.025,6.8,Trace,Negative,Negative,Negative,Negative,Normal,Negative,66-69,0,2-3,Nil,Nil,NIL,9.9,2.4,43.8,82.8,41,22,14.1,44.3,7690,52,27,1,2,0,0.41,2.17,0.99,0.28,0.1,405,9.3,8,0.27,26.4,2.6,0.75,0.74,0.28,167,55,114.2,57.4,287,211,3,2.08,0.48,0.9,0.3,0.6,81,53,14,14,7.7,3.7,4,0.93,1.2,18.8,8.7796,7.32,142,2.4,104,3.9,100.57,81,349,430,18.84,7.1,157.07,0.4,18.3,60.2,30.4,9.3,3.2,62,21.4,3.73,123,77,82,108
293733,KLTRS15ODB,702081,24/10/2018,07:03,08:19,Straw,Slightly cloudy,1.015,5.5,1+,Trace,Negative,1+,Negative,Normal,Negative,5-6,1,2-3,Few,Nil,NIL,15.6,5.9,50.4,92.5,26,30,13.2,28,8901,48,20,3,4,0,0.68,2.84,0.74,0.39,0.02,235,11.9,17,0.64,21.9,2.4,0.4,0.78,2.46,213,42,24.7,94.8,474,79,5.1,0.59,1.7,0.4,0,0.4,273,40,13,42,7.3,4.3,3,1.43,0.6,17.6,8.2192,13.7,135,5.8,105,4.3,98.66,175,170,345,50.72,8,182.9,0.3,10.7,107.8,9.93,10.2,3.3,51,19.3,11.06,197,82,123,146
795797,KLTRS02WBD,747362,25/10/2018,09:44,11:03,Light Yellow,Slightly cloudy,1.022,6.7,Negative,1+,Negative,Negative,Negative,Normal,Negative,12-14,2,6-10,Nil,Nil,NIL,19.6,5.3,31.3,95.1,36,62,13.4,42.3,4855,65,31,3,4,0,7.74,0.77,0.49,0.16,0.1,314,9.6,16,0.32,20,3.2,1.87,0.31,1.39,193,33,86.3,33.1,165.5,143,5.8,2.62,0.38,0.6,0.1,0.5,125,15,20,10,8.2,5,3.2,1.56,1.1,18.9,8.8263,8.02,149,2.4,100,5.7,101.39,146,123,269,54.28,6.1,128.37,0.6,14.8,83.2,17.79,7.9,4.9,74,9.8,0.18,91,93,85,262
491679,GYAHD08KAU,838107,26/10/2018,07:02,07:47,Light Yellow,Clear,1.018,6.6,Negative,Negative,Negative,Negative,Negative,Normal,Negative,5-7,0,1-4,Rare,Rare,NIL,1.3,4.3,50.6,44.6,3,2,14,45.9,4923,60,27,2,7,0,20.76,1.35,0.88,0.14,0.03,330,7.9,11,0.27,32.8,6.5,0.16,0.15,0.03,152,43,78.5,49.1,245.5,115,3.5,1.83,0.55,1.3,0.3,1,64,11,38,23,8.3,5.1,3.2,1.59,0.3,8.1,3.7827,12.61,138,3.8,104,5.4,101.47,96,243,339,28.32,6.6,142.72,0.3,12.4,132.9,9.33,12.4,2.6,86,4.4,1.6,98,82,84,155
835969,KLTRS07NLZ,620073,26/10/2018,07:55,09:07,Straw,Slightly cloudy,1.012,4.6,Negative,Trace,Negative,Negative,Negative,Normal,Negative,46-47,2,2-3,Nil,Nil,Amorphous debris,9.2,5.7,18.1,88.5,16,50,12.8,43.7,28760,41,32,8,5,0,1.29,2.82,0.4,0.23,0.04,159,7.4,16,0.34,16.7,6.5,0.15,0.14,0.22,170,35,119.4,43.5,217.5,108,4.9,3.41,0.29,0.5,0.2,0.3,79,13,29,12,7.9,3.8,4.1,0.93,0.6,13.2,6.1644,10.27,127,5.6,104,3.7,106.58,168,146,314,53.5,6.3,134.11,0.7,11.9,67.5,17.63,9.3,4,69,11.7,1.78,95,116,163,198
819321,GYAHD10ODK,201596,22/10/2018,10:10,11:11,Pale Yellow,Clear,1.02,6.1,Trace,Trace,Negative,Negative,Negative,Normal,Negative,2-4,2,17-12,Nil,Nil,Yeast cells,8.6,5.8,22.8,70.6,14,37,11.6,44.8,2840,30,24,4,3,0,8.98,1.4,0.27,0.11,0.01,111,8.6,13,0.14,13.5,0.7,0.76,0.3,0.76,165,42,93.5,9.5,47.5,76,3.9,2.23,0.45,0.7,0.1,0.6,68,10,18,41,8,4.2,3.8,1.11,1,13.1,6.1177,6.12,136,3.5,78,3.7,103.99,104,358,462,22.51,9.3,220.21,1,17.5,456.6,3.83,9.3,3.7,158,18.8,0.62,118,78,320,106
359738,MZLGI11BRC,574707,26/10/2018,11:21,12:14,Deep Amber,Slightly cloudy,1.018,5.2,Trace,Negative,Negative,Negative,Negative,Normal,Negative,3-5,2,5-8,Rare,Nil,NIL,8.9,4.1,48.8,92.1,21,18,10,42.8,7108,55,12,4,6,1.7,3.83,2.31,0.8,0.1,0.07,118,11.4,12,0.27,19.6,6.4,0.73,0.3,0.56,132,37,156.4,14.2,71,164,3.6,4.23,0.24,0.9,0.3,0.6,60,27,32,40,6.4,4,2.4,1.67,1,18.9,8.8263,8.83,132,4.9,105,9.2,118.75,124,227,351,35.33,6.3,134.11,0.2,12.4,80,15.5,11.5,3.9,173,6.6,5.55,169,107,95,275
842121,MZLGI04MHP,991031,24/10/2018,06:19,07:34,Pale Yellow,Clear,1.013,4.8,Negative,Negative,Negative,Trace,Negative,Normal,Negative,14-15,0,2-2,Nil,Nil,Yeast cells,10.6,5.7,38.6,91.8,18,27,14.4,47.6,10107,58,16,3,5,0,10.54,2.15,0.69,0.29,0.33,124,11.5,12,0.2,21.7,0.3,0.83,1.34,3,104,31,104.2,38.3,191.5,85,3.4,3.36,0.3,0.5,0,0.5,87,124,20,19,6.6,4.8,1.8,2.67,1,16,7.472,7.47,143,3.3,80,2.8,109.92,86,329,415,20.72,5.8,119.76,0.7,13.5,63.3,21.33,12.7,2.6,96,17.2,6.08,88,80,109,137
700738,PBCHD01PBM,469652,24/10/2018,11:25,12:25,Dark Yellow,Slightly cloudy,1.02,4.8,Trace,Negative,Negative,Negative,Negative,Normal,Negative,2-4,0,1-3,Nil,Nil,NIL,8.8,5,54,93,17,16,12.3,39.3,4259,31,53,2,6,0,1.81,4.9,0.78,0.41,0.06,228,7.6,19,0.34,24.1,3.8,5.14,0.03,2.93,118,27,83.9,71.1,355.5,173,4.4,3.11,0.32,1.1,0.1,1,54,51,18,22,6.4,4.9,1.5,3.27,0.9,9.9,4.6233,5.14,136,3.8,107,6.8,112.16,79,257,336,23.51,7.3,162.81,0.4,11.9,143.8,8.28,10.2,5,172,11.7,2.85,107,76,106,134
181704,GYAHD14JHJ,738615,26/10/2018,10:00,11:26,Straw,Clear,1.023,6.2,Trace,Negative,Negative,Trace,Negative,Normal,Negative,9-10,2,1-2,Moderate,Rare,Fungal elements,13.8,4.4,38.2,96.1,31,36,13.8,43.1,6932,70,43,2,5,0.4,0.82,0.2,0.5,0.4,0.15,202,8.3,11,0.19,13.4,5.9,0.86,4.73,6.96,232,31,41.3,21.3,106.5,119,7.5,1.33,0.75,0.8,0.3,0.5,86,42,20,23,6.4,5,1.4,3.57,0.6,15.4,7.1918,11.99,144,3.8,96,5.5,103.66,156,223,379,41.16,13,326.4,0.2,289.9,113.6,255.19,7.7,3.8,76,7.6,4.28,117,211,234,353
568428,KLTRS02KLP,139760,25/10/2018,07:07,08:06,Red,Slightly cloudy,1.016,6.7,Negative,Negative,Negative,Negative,Negative,Normal,Negative,4-6,2,2-2,Nil,Nil,Amorphous debris,16.6,5.6,39.2,90.6,29,42,14.3,39.5,10215,42,28,2,8,0,1.04,2.73,0.11,0.22,0.01,305,9.3,10,0.2,24.1,2.6,0.95,4.86,0.14,190,53,89.7,22.2,111,73,3.6,1.69,0.59,0.5,0.2,0.3,127,54,38,47,8.1,4.6,3.5,1.31,1.2,17.9,8.3593,6.97,140,5.1,107,4,90.04,120,182,302,39.74,8.9,208.73,0.3,13.6,125.4,10.85,12,4,90,7.1,3.04,82,103,72,72
139971,KLTRS08ODB,781271,25/10/2018,09:12,09:49,Straw,Slightly cloudy,1.018,4.7,1+,Trace,Negative,Negative,Negative,Normal,Negative,3-5,1,1-2,Nil,Nil,NIL,17.1,6.3,41.7,40.4,27,41,13.3,39.8,4452,36,18,6,7,0,5.15,1.31,0.06,0.16,0.01,408,7.2,13,0.58,33,2.7,0.05,0.12,0.37,184,56,93.5,16.7,83.5,84,3.3,1.67,0.6,0.7,0.3,0.4,235,49,10,20,7.1,4,3.1,1.29,1,12.1,5.6507,5.65,135,4.5,110,2.5,119.13,40,125,165,24.24,7.9,180.03,0.3,10.7,112.1,9.55,9.2,4.5,49,18.6,8.21,174,76,230,179
246011,KLTRS03NLZ,428095,25/10/2018,09:36,11:05,Pale Yellow,Clear,1.017,7,Negative,Trace,Negative,Negative,Negative,Normal,Negative,3-5,0,>20,Nil,Few,NIL,12.5,4.9,43.1,77.5,25,29,11.8,40.2,9584,48,24,4,5,0,4.49,5.77,0.83,0.32,0.03,361,7.1,11,0.16,33.9,0.6,1.63,0.29,0.06,181,48,98.4,11,55,130,3.8,2.05,0.49,0.8,0.3,0.5,109,21,15,37,8.1,4.5,3.6,1.25,0.7,13.3,6.2111,8.87,149,5.8,98,7.5,110.05,122,305,427,28.57,5.7,116.89,0.1,16.5,77.7,21.24,11.7,2.1,182,11.1,4.45,85,114,70,90
525260,PBCHD01GAM,990432,23/10/2018,06:10,06:52,Pale Yellow,Clear,1.011,5.6,Negative,Negative,2+,Negative,Negative,Normal,Negative,7-9,5,1-2,Nil,Nil,NIL,12.3,6.3,46,67.3,19,26,13.8,32.4,9063,23,24,4,7,0.4,9.08,2.49,0.59,0.09,0.3,25,15.9,5,0.53,15.5,0.1,0.25,0.37,6.95,194,75,155.5,35.3,176.5,92,2.6,2.07,0.48,0.9,0,0.9,69,35,39,39,7.5,4.9,2.6,1.88,1.2,42.1,19.6607,16.38,139,4.1,114,4.7,109.17,35,196,231,15.15,6,125.5,0.7,10.4,487.2,2.13,10.4,4.5,160,10.4,6.01,93,123,132,73
876447,KLTRS04TSS,437996,24/10/2018,08:25,09:38,Light Yellow,Clear,1.015,4.7,Negative,Trace,Negative,Negative,Negative,Normal,Negative,7-9,0,>20,Rare,Nil,NIL,21.7,4.8,27.7,95.2,45,78,13.9,48.2,5353,42,38,5,2,0,5.31,2.25,0.39,0.09,0.06,350,13.9,16,0.72,34.8,3.6,1.98,0.18,6.04,162,23,153.8,13.7,68.5,116,7,6.69,0.15,0.5,0.1,0.4,65,47,19,48,7.6,5,2.6,1.92,1,19.1,8.9197,8.92,124,4,99,5.3,26.22,117,135,252,46.43,5.2,102.54,0.9,12.3,117.7,10.45,9.8,3.8,92,5.6,9.81,100,64,92,97
698018,GYAHD06ODK,899718,24/10/2018,09:50,11:11,Straw,Slightly cloudy,1.02,4.6,Negative,Negative,Negative,Negative,Negative,Normal,Negative,9-10,1,1-3,Nil,Nil,NIL,10,4.6,39.5,97.1,21,25,12.7,43.3,9958,44,28,5,10,0,20.91,2.57,0.7,0.4,0.05,98,11.8,11,0.05,14.7,3.4,0.05,0.08,0.39,181,23,170.3,27.9,139.5,101,7.9,7.4,0.14,1,0.3,0.7,50,76,12,40,8,4.5,3.5,1.29,0.7,45.5,21.2485,30.36,146,4.8,101,3.3,106.08,40,358,398,10.05,8,182.9,0.5,145.1,117,124.02,9.2,3.4,151,11.7,3.13,83,73,89,94
367204,KLTRS05NLZ,996094,22/10/2018,11:53,12:25,Light Yellow,Slightly cloudy,1.013,6.9,Negative,Negative,Negative,Negative,Negative,Normal,Negative,4-6,2,1-2,Nil,Nil,Parasites,16.6,4.6,32.5,79.7,36,51,12.5,44.1,7112,71,48,10,12,0,9.22,2.85,1.5,0.11,0.15,240,7.5,24,0.07,24.7,4.7,0.22,0.33,0,194,48,108.7,99.8,499,63,4,2.26,0.44,0.5,0.1,0.4,44,8,25,26,7.8,4.3,3.5,1.23,1.2,19.6,9.1532,7.63,125,3.9,95,1.1,96.56,138,299,437,31.58,6,125.5,0.7,27.3,48.4,56.4,10.2,4.6,111,8.3,3.01,85,70,110,137
