,,,,,Urine,,,,,,,,,,,,,,,,,CBC,,,,,,,,,,,,,,,,,,,Platelet Profile,,,,,,,,,Lipid Profile,,,,,,,,, Liver Function,,,,,,,,,,,Kidney Function,,,,,,,,,Iron Profile,,,,HbA1c,,,Urine ACR,,,Calcium & Phos,,Thyroid Profile,,,Glucose - Fasting,Glucose - PP,Glucose (Diagnopath),,
MedID,LabReference,Sample ID,Collected,,Reported,Colour,Appearance,Specific Gravity,pH,Proteins,Glucose,Bilirubin,Ketones,Blood,Urobilinogen,Nitrites,WBC (Pus Cells) (/HPF),RBC,Epithelial Cells (/HPF),Casts,Crystals,Others,Hemoglobin (g/dL),RBC Count (mil/µL),Hematocrit %,MCV (fL),MCH (pg),MCHC (g/dL),RDW-CV %,RDW-SD (fL),WBC (cells/µL),Neutrophils %,Lymphocytes %,Eosinophils %,Monocytes %,Basophils %,Abs Neutrophils,Abs Lymphocytes,Abs Monocytes,Abs Eosinophils,Abs Basophils,Platelet Count (×10^3/µL),MPV (fL),Platelet RDW %,PCT %,P-LCR %,IMG %,IMM %,IML %,LIC %,Total Cholesterol (mg/dL),HDL (mg/dL),LDL (mg/dL),VLDL (mg/dL),Triglycerides (mg/dL),Non-HDL (mg/dL),Total/HDL Ratio,LDL/HDL Ratio,HDL/LDL Ratio,Bilirubin Total (mg/dL),Bilirubin Direct (mg/dL),Bilirubin Indirect (mg/dL),ALP (U/L),ALT/SGPT (U/L),AST/SGOT (U/L),GGT (U/L),Protein Total (g/dL),Albumin (g/dL),Globulin (g/dL),A/G Ratio,Creatinine (mg/dL),Urea (mg/dL),BUN (mg/dL),BUN/Creatinine Ratio,Sodium (mmol/L),Potassium (mmol/L),Chloride (mmol/L),Uric Acid (mg/dL),eGFR (mL/min/1.73m²),Iron (µg/dL),UIBC (µg/dL),TIBC (µg/dL),Transferrin Saturation %,HbA1c %,Estimated Avg Glucose (mg/dL),HbF %,Urine Albumin (mg/L),Urine Creatinine (mg/dL),Albumin/Creatinine Ratio,Calcium (mg/dL),Phosphorus (mg/dL),TT3 (ng/dL),TT4 (µg/dL),TSH (µIU/mL),Fasting Glucose (mg/dL),Postprandial Glucose (mg/dL),FBS (mg/dL),PLBS (mg/dL)
560252,GYAHD06ODK,337905,25/09/2018,10:48,11:30,Straw,Clear,1.02,6.5,Trace,Negative,Negative,Negative,Negative,Normal,Negative,4–5,Nil,1–2,Nil,Nil,Nil,15.2,5.8,47,80,26,32.4,14.9,39,4260,53,38,2,7,0,2.26,1.62,0.3,0.09,0,160,11,17,0.2,34.5,0.2,0.2,0.2,0.9,196,35,63.2,97.8,489,161,5.6,1.81,0.55,0.6,0.2,0.4,101,47,35,66,7.6,4.6,3,1.53,0.8,16.5,7.71,9.64,139,4.2,101,5.7,106.48,100,288,388,25.77,6.9,151.33,0.2,26.3,57.9,45.42,8.4,2.8,112,5.6,4.42,145,160,103,129
348202,KLTRS12ODB,861641,25/09/2018,09:49,10:22,Pale Yellow,Clear,1.022,6.9,Negative,Negative,Negative,Negative,Negative,Normal,Negative,1-3,1,1-2,Nil,Rare,NIL,13.6,5.2,35,48.9,26,38,12.6,42.6,9286,54,37,6,22,0,1.37,2.6,1.5,0.02,0.03,476,10,14,0.31,31.7,3.7,0.18,0.08,0.83,169,57,119.3,36.5,182.5,89,3,2.09,0.48,0.3,0,0.3,121,32,20,44,8.3,4.4,3.9,1.13,0.8,10.1,4.7167,5.9,144,2.9,98,4,98.48,169,347,516,32.75,8,182.9,0.4,27,54.3,49.72,14,2.9,297,4.1,2.95,116,71,95,219
178677,PBCHD01SKM,303423,27/09/2018,08:41,09:25,Yellow,Slightly cloudy,1.014,5.4,Negative,Negative,Negative,Negative,Negative,Normal,Negative,77-78,1,3-2,Nil,Nil,NIL,11.2,5.3,12.5,83.3,21,89,11.8,41.3,2120,58,29,4,6,0.9,14.65,4.19,0.29,0.3,0.1,210,16.7,5,0.34,23.9,2.9,0.34,0.14,0.09,179,79,80,32,160,127,2.3,1.01,0.99,0.4,0.1,0.3,109,13,19,15,6.9,4.6,2.3,2,1.2,16.7,7.7989,6.5,139,3.6,86,4.7,98.38,134,157,291,46.05,5.7,116.89,0.6,20.5,147.9,13.86,10.2,5.5,90,9.9,2.78,145,77,111,186
118231,GYAHD01KAU,705984,24/09/2018,09:29,10:44,Yellow,Slightly cloudy,1.013,6.8,Trace,Negative,Negative,Trace,Negative,Normal,Negative,14-15,1,3-2,Nil,Few,Mucus threads,8.1,6.8,37,92.4,11,21,13.2,40.4,5215,67,19,2,7,2.4,7.96,3.73,0.74,0.23,0.08,247,10.2,15,0.08,18.3,1.3,0.27,0.07,0.85,234,24,93.8,20.6,103,118,9.8,3.91,0.26,0.5,0.2,0.3,124,27,22,48,7.4,3.5,3.9,0.9,1.2,10.9,5.0903,4.24,145,4.7,98,1.5,93.06,81,356,437,18.54,5.9,122.63,0.5,13.1,113.7,11.52,11.5,1.8,134,6.7,6.69,234,91,75,137
869170,MZLGI02APK,547028,26/09/2018,08:34,09:44,Orange,Slightly cloudy,1.012,6.8,1+,Negative,Negative,Negative,Negative,Normal,Negative,9-10,0,1-2,Nil,Nil,NIL,13.8,4.5,42.8,124.2,30,32,11.9,45.6,5728,44,53,5,6,0,9.97,1.39,0.93,0.31,0.04,146,10.7,15,0.31,21.4,2.3,4.51,0.16,0.16,222,55,94.3,48.6,243,155,4,1.71,0.58,0.7,0.2,0.5,82,18,28,30,7.8,3.7,4.1,0.9,1,10.5,4.9035,4.9,120,3,95,3.6,116.79,32,352,384,8.33,5,96.8,0.2,11,283.1,3.89,9.6,3.3,102,12.2,2.9,121,83,258,125
200291,MZLGI09APK,155886,25/09/2018,10:44,11:24,Light Yellow,Slightly cloudy,1.013,4.6,Negative,1+,Negative,Negative,Negative,Normal,Negative,33-35,0,2-2,Nil,Rare,Artifacts,16.8,4.6,43.6,86.2,36,38,12.3,33.1,50289,31,25,4,6,0,9.51,1.17,1.05,0.28,0.09,312,11.5,15,0.21,33.8,4.5,0.11,0.35,0.17,182,57,120.6,65.4,327,149,3.2,2.12,0.47,0.8,0.3,0.5,109,32,34,26,6.1,3.7,2.4,1.54,0.8,11.2,5.2304,6.54,144,6,112,3.9,113.05,120,354,474,25.32,5.9,122.63,0.9,13.6,137.4,9.9,10.7,4.5,252,4.3,2.87,133,90,91,238
525348,KLTRS15MLT,700059,23/09/2018,07:25,08:31,Straw,Slightly cloudy,1.015,5.2,Trace,Negative,Negative,Negative,Negative,Normal,Negative,12-13,1,2-2,Nil,Nil,NIL,3.4,4.7,46.8,70.4,7,7,16.1,40.6,7993,69,26,6,8,0,1.09,5.38,0.33,0.03,0.08,56,11.9,14,0.33,32.5,3.5,0.38,0.74,0.35,190,30,82.3,95.9,479.5,68,6.3,2.74,0.36,0.5,0.2,0.3,73,42,34,46,6.7,3.6,3.1,1.16,1.1,18,8.406,7.64,107,4.8,97,3.3,99.92,107,215,322,33.23,12,297.7,0.8,23,74.9,30.71,9,3.6,145,5.3,2.73,76,85,86,67
114307,KLTRS10KLP,168627,24/09/2018,10:25,11:20,Light Yellow,Clear,1.016,5.3,Trace,Trace,Negative,Negative,Trace,Normal,Negative,5-7,1,2-3,Nil,Nil,NIL,13.7,5.5,48.6,72.2,24,28,12.8,45.3,9205,34,29,8,1,9.9,8.68,6.18,0.68,0.49,0.09,78,13,11,0.21,13.8,2.5,0.68,0.08,0.35,225,46,39.8,36.7,183.5,66,4.9,0.87,1.16,0.9,0.3,0.6,45,32,37,26,8,4.9,3.1,1.58,1,8,3.736,3.74,145,4.8,106,5.7,108.3,191,132,323,59.13,6,125.5,0.9,17.1,312.4,5.47,8.5,2.2,162,10.3,0.59,79,66,72,133
577148,MZLGI01RJK,435001,25/09/2018,07:13,07:57,Dark Yellow,Slightly cloudy,1.028,6.7,Trace,Trace,Negative,Negative,Negative,Normal,Negative,22-25,1,3-2,Nil,Nil,NIL,14.2,6.4,59.5,79.6,22,23,14.5,40.9,5066,79,49,6,4,0,1.21,5.9,0.67,0.41,0.15,171,11.1,11,0.37,23.9,2.1,0.13,3.37,0.3,163,51,85.7,6.1,30.5,102,3.2,1.68,0.6,0.6,0.2,0.4,117,33,39,31,7.6,3.5,4.1,0.85,1.2,19.7,9.1999,7.67,142,4.6,114,7.2,98.2,92,181,273,33.7,6.2,131.24,0,18.6,116.3,15.99,10.9,5.6,193,9.2,9.42,90,80,71,275
750381,GYAHD14KAU,864500,25/09/2018,08:04,09:29,Orange,Clear,1.313,5.7,Trace,Negative,Negative,Negative,Negative,Normal,Negative,7-8,0,3-4,Nil,Rare,Mucus threads,10.9,5.6,33.4,76.6,19,32,11.6,40,8516,42,34,3,2,0,7.19,2.57,0.34,0,0.1,380,11.2,15,0.23,33.3,2.4,4.02,0.04,0.97,141,58,146.8,17.4,87,143,2.4,2.53,0.4,0.9,0.2,0.7,44,10,39,26,7.9,4.4,3.5,1.26,1,18,8.406,8.41,140,3.7,82,2.3,102.94,81,358,439,18.45,6.2,131.24,0.8,10.3,83.5,12.34,8.3,3.8,84,6.3,3.41,90,87,107,339
663177,GYAHD10KLM,756220,27/09/2018,09:37,10:15,Yellow,Clear,1.029,5.9,Negative,Negative,Negative,Negative,Negative,Normal,Negative,5-6,1,1-4,Nil,Nil,Fat droplets or lipiduria,10.2,5.1,61.3,82.9,20,16,11.7,41.8,13007,40,20,5,16,0,5.62,1.57,0.28,0.27,0.02,80,7.7,11,0.34,26.3,4.8,0.83,0.37,0.15,170,46,88.6,35.1,175.5,108,3.7,1.93,0.52,0.8,0.2,0.6,101,38,17,13,7,4.3,2.7,1.59,0.7,5,2.335,3.34,148,4.4,102,4.5,93.82,89,218,307,28.99,5.7,116.89,0.4,17.4,107.7,16.16,10.2,2.8,111,18.2,6.82,70,90,197,123
965906,PBCHD04KLC,543006,25/09/2018,06:35,07:49,Light Yellow,Slightly cloudy,1.012,4.5,Negative,Trace,Negative,Negative,Negative,Normal,Negative,9-11,0,14-17,Nil,Nil,Artifacts,3.9,5.6,53.7,77.1,6,7,14,42.6,4553,44,39,1,5,0,1.42,4.72,0.76,0.04,0.06,325,9.7,15,0.25,38.3,0.1,0.26,0.47,0.1,159,53,74.3,43.9,219.5,200,3,1.4,0.71,0.4,0.1,0.3,76,30,36,19,7.2,4.2,3,1.4,1,25.2,11.7684,11.77,166,4.8,96,4.4,105.1,115,249,364,31.59,7.2,159.94,0.9,25.5,57.2,44.58,9.3,4.4,106,5.8,4.25,132,85,71,136
316178,MZLGI08APK,583810,26/09/2018,06:25,07:24,Pale Yellow,Clear,1.014,6.3,Negative,Negative,Trace,Negative,Negative,Normal,Negative,13-15,2,1-2,Nil,Nil,Amorphous debris,17.4,8.3,51.2,83.6,20,33,11.8,40.6,7460,80,29,2,5,0,8.76,1.18,0.93,0.17,0.38,272,7.1,16,0.25,34.6,0.6,0.22,0.2,0.21,175,25,61.3,85.6,428,62,7,2.45,0.41,0.7,0.1,0.6,58,41,16,13,6.2,3.8,2.4,1.58,1.2,10.8,5.0436,4.2,136,3.7,105,6.2,112.12,143,351,494,28.95,6.1,128.37,0,21.4,74.6,28.69,10.1,2.4,185,11.1,3.59,94,79,84,71
698944,GYAHD13JHJ,400846,27/09/2018,11:15,12:35,Dark Yellow,Clear,1.026,6.6,Negative,Negative,Negative,Negative,Negative,Normal,Negative,10-12,0,3-4,Nil,Nil,Artifacts,11.4,5.2,30,78.2,21,38,13.8,44.4,4315,45,22,4,8,0.3,7.33,2.46,0.34,0.05,0.1,248,10.2,15,0.06,14.5,2.5,0.15,0.12,0.05,234,61,93.9,60,300,89,3.8,1.54,0.65,0.2,0,0.2,102,49,26,9,6.5,3.5,3,1.17,1,19.1,8.9197,8.92,140,4,115,4.6,77.29,156,353,509,30.65,8.6,200.12,0.5,11.5,37.4,30.75,9.8,3.5,240,12.5,10.82,107,74,73,138
130589,MZLGI01BRC,430960,23/09/2018,07:50,08:27,Orange,Slightly cloudy,1.011,7,Trace,Trace,Negative,Negative,Negative,Normal,Negative,3-4,0,3-2,Nil,Nil,NIL,12.1,4.7,45.3,61.7,25,26,12.1,41.8,24160,54,46,14,7,0,20.47,1.61,0.69,0.13,0.07,455,9.7,16,0.39,33.8,6,0.36,0.4,0.3,152,57,87.5,38.5,192.5,88,2.7,1.54,0.65,2.3,1.1,1.2,102,19,31,18,7.7,3.7,4,0.93,0.6,14.5,6.7715,11.29,142,2.8,98,3.9,106.13,47,269,316,14.87,7.4,165.68,0.1,17.4,101.7,17.11,9.7,2.9,159,6.1,3.46,74,193,81,194
811384,MZLGI07RJK,441607,25/09/2018,09:42,10:51,Orange,Clear,1.01,6.4,Negative,Negative,Negative,Negative,Negative,Normal,Negative,TNTC,0,1-3,Nil,Nil,NIL,13.6,4.9,42.9,89.6,27,31,11.5,45.8,7574,54,20,6,6,0,8.61,0.65,0.95,0.33,0.04,209,11.4,14,0.19,40.2,0.6,2.56,0.12,0,175,49,80.7,95.1,475.5,171,3.6,1.65,0.61,0.8,0.1,0.7,46,45,6,19,6.6,4,2.6,1.54,0.6,16.6,7.7522,12.92,147,4.4,106,2.3,114.56,170,376,546,31.14,8.5,197.25,0.5,14.9,78.1,19.08,8.8,2.8,42,10.2,0.55,172,70,93,90
578164,GYAHD11KAU,900131,25/09/2018,08:27,09:10,Yellow,Hazy,1.029,6.6,Negative,Negative,Negative,Negative,2+,Normal,Negative,14-15,11,1-2,Few,Nil,Yeast cells,2.5,4.5,45.9,59.5,5,5,12.5,39.3,10272,48,33,2,2,0,7.8,2.92,0.29,0.16,0,340,8.2,12,0.55,29.8,3.7,1,6.66,0.33,221,44,70.5,33.2,166,88,5,1.6,0.62,0.4,0.1,0.3,56,51,36,30,6.1,4.8,1.3,3.69,1.2,16.6,7.7522,6.46,143,3.7,104,2.3,110.33,93,358,451,20.62,8,182.9,0.3,27.9,56.4,49.47,10.6,2.5,104,15.8,3.01,77,123,99,144
167119,GYAHD14KLM,522323,23/09/2018,07:33,08:40,Light Yellow,Hazy,1.019,5.2,Trace,Negative,Negative,Negative,Negative,Normal,Negative,5-7,1,2-2,Few,Nil,NIL,14.1,4.7,31.7,75.5,30,44,14.1,40.8,6733,39,48,4,8,0,8.99,2.68,0.35,0.54,0.08,375,9.1,11,0.35,34.4,0.1,0.23,3.8,0.27,176,58,71.8,15.6,78,161,3,1.24,0.81,0.3,0,0.3,103,28,40,26,6.3,3.7,2.6,1.42,1,33.7,15.7379,15.74,147,3.1,103,5.2,44.18,133,347,480,27.71,7.2,159.94,0.7,28.3,137.2,20.63,9.1,2.6,47,19,5.32,79,165,75,191
201194,GYAHD10KLM,439503,26/09/2018,07:29,08:07,Pale Yellow,Hazy,1.028,5.1,Trace,Trace,Negative,Negative,Negative,Normal,Negative,TNTC,2,2-2,Nil,Nil,NIL,3.6,5.6,58.5,97.6,6,6,14,44.2,5648,54,30,3,8,2.4,0.84,2.53,0.54,0.02,0.03,703,10.6,10,0.19,34.9,2.3,0.12,0.84,0.13,159,42,153,29,145,81,3.8,3.64,0.27,0.6,0.2,0.4,81,33,40,7,7.7,3.7,4,0.93,0.9,18.9,8.8263,9.81,135,4.1,109,2.2,104.49,65,313,378,17.2,6,125.5,0.3,28.9,285.9,10.11,10.3,3.3,95,6.5,5.49,143,118,70,167
217661,MZLGI14BRC,267933,23/09/2018,09:39,10:21,Dark Yellow,Clear,1.019,4.6,2+,Negative,2+,Negative,Negative,Normal,Negative,2-3,1,3-4,Few,Nil,Artifacts,13.8,6.3,44.1,79.8,21,31,13.5,40.3,8491,60,30,6,6,2.8,8.42,2.58,0.94,0.04,0.1,425,9.6,15,0.55,14.9,0.1,0.97,0.39,0.36,161,69,73.5,109.5,547.5,152,2.3,1.07,0.94,0.8,0.2,0.6,55,53,35,35,7,4.3,2.7,1.59,0.6,16.6,7.7522,12.92,141,3.9,103,2.8,104.03,104,329,433,24.02,6.1,128.37,0.6,22.9,539.1,4.25,8.6,4.2,191,7.5,1.64,86,70,107,198
997187,MZLGI06MHP,730780,27/09/2018,10:04,10:54,Pale Yellow,Clear,1.03,6.4,Trace,2+,Negative,Negative,Negative,Normal,Negative,9-11,2,>20,Nil,Rare,Yeast cells,7.4,4,52,58.1,18,14,12.2,40.1,7890,68,46,1,10,0,4.86,4.88,0.66,0.05,0.07,328,13.1,11,0.36,17.1,0.3,0.72,0.28,0.03,177,44,102.5,10.6,53,120,4,2.33,0.43,0.9,0.2,0.7,71,20,25,15,6.7,4.5,2.2,2.05,0.9,8.7,4.0629,4.51,140,4.1,101,4.7,113.63,153,347,500,30.6,6.2,131.24,0.1,14.2,125.8,11.29,8.4,3.7,121,12.8,1.68,120,78,113,138
552423,KLTRS12TSS,882642,27/09/2018,06:02,06:53,Deep Amber,Hazy,1.014,5.1,Trace,Trace,Negative,Negative,Negative,Normal,Negative,75-76,1,3-2,Nil,Nil,NIL,15.9,5.3,50.1,83.2,30,31,12.1,39.5,9270,36,20,2,1,0,16.31,2.3,0.22,0.97,0.01,18,9.4,13,0.38,14.3,4.1,6.39,0.33,0.14,150,39,71.7,8.9,44.5,74,3.8,1.84,0.54,0.9,0.3,0.6,95,21,12,30,8.3,4.1,4.2,0.98,0.8,61.9,28.9073,36.13,130,3.8,106,2,103.39,74,260,334,22.16,5.8,119.76,0.3,18.5,480.3,3.85,11.3,4.1,78,14.1,3.14,110,169,136,187
775154,MZLGI08BRC,831442,27/09/2018,09:10,09:57,Straw,Slightly cloudy,1.015,6.2,Trace,Trace,Negative,Negative,Negative,Normal,Negative,7-8,2,2-4,Rare,Nil,NIL,15.8,5.2,27.4,94.6,30,57,13.7,41.4,5062,52,34,3,6,0,6.64,2.21,0.07,0.36,0.39,905,7.1,9,0.37,25.2,4.8,0.16,0.37,0.11,194,52,156.6,22,110,81,3.7,3.01,0.33,0.3,0,0.3,86,47,36,46,6.3,4.1,2.2,1.86,0.9,10.1,4.7167,5.24,146,3.7,108,4.2,98.83,99,346,445,22.25,6.4,136.98,0.2,20.9,109.9,19.02,13.1,2.8,176,9.5,1.35,102,95,85,196
354654,PBCHD14HPP,367296,25/09/2018,06:27,07:39,Pale Yellow,Clear,1.016,7,Trace,Negative,Negative,Negative,1+,Normal,Negative,7-8,3,1-2,Nil,Nil,NIL,15,4.5,40.2,75.9,33,37,12.5,45.9,12769,45,24,6,1,0,4.77,2.06,0.71,0.09,0.05,374,8.6,17,0.31,22.2,2.1,0.34,0.98,0.05,196,73,108.7,36.9,184.5,144,2.7,1.49,0.67,3,0.2,2.8,40,30,11,14,7.9,4.8,3.1,1.55,0.9,11.1,5.1837,5.76,112,3.1,81,2.1,105.05,99,320,419,23.63,6.4,136.98,0.9,28.3,131,21.6,7.7,3.4,300,10,6.37,71,92,75,148
338118,GYAHD08KLM,917614,26/09/2018,09:19,10:38,Light Yellow,Slightly cloudy,1.016,4.9,Negative,Negative,Negative,Negative,Negative,Normal,Negative,2-4,1,>20,Moderate,Nil,NIL,7.3,5.5,29,80.2,13,25,11.1,45.7,6977,80,45,18,4,0,0.56,2.29,0,0,0.05,263,11.3,17,0.33,15,2.3,0.22,0.25,0.81,191,48,37.7,7.1,35.5,156,4,0.79,1.27,0.7,0,0.7,127,25,17,27,7.1,4.8,2.3,2.09,0.6,12.6,5.8842,9.81,132,4.1,98,5.6,103.8,69,341,410,16.83,5.9,122.63,0.3,22.1,83.4,26.5,11.3,4.5,264,3.4,5.37,93,75,90,124
115246,GYAHD04JHJ,886511,25/09/2018,11:21,11:56,Light Yellow,Cloudy,1.023,6.9,Negative,1+,Negative,Negative,Negative,Normal,Negative,2-4,2,3-3,Nil,Nil,NIL,16.4,4.7,30.4,80.7,34,53,11.9,44.3,10532,56,35,5,6,1.7,2.58,0.17,0.34,0.22,0.06,436,11.7,17,0.27,25.5,2.5,0.11,0.68,6.12,173,74,73.2,62.7,313.5,123,2.3,0.99,1.01,0.7,0.3,0.4,118,33,22,31,8.1,4,4.1,0.98,0.9,13.9,6.4913,7.21,137,1.6,98,8.8,68.69,145,267,412,35.19,5.9,122.63,0.5,16.9,118.3,14.29,9.7,3.5,109,17.8,1.1,133,101,87,186
255580,KLTRS02ODB,138224,24/09/2018,09:44,11:03,Light Yellow,Clear,1.021,6.9,Trace,Trace,Negative,Negative,Negative,Normal,Negative,12-14,1,2-3,Nil,Few,Fat droplets or lipiduria,10.9,5.2,49.6,82,20,21,11.9,40.8,8268,32,30,4,9,0,3.1,1.22,0.64,0.53,0.08,393,8.3,8,0.27,37.1,0.9,0.19,4.11,4.77,163,49,152.6,73.8,369,128,3.3,3.11,0.32,0.4,0.1,0.3,50,39,38,38,7.4,4.3,3.1,1.39,1.2,10.5,4.9035,4.09,149,4.6,98,5.9,76.54,91,153,244,37.3,6.2,131.24,0.9,11.1,133.5,8.31,9.3,4.2,146,4.8,0.21,88,63,104,89
787227,PBCHD07RJU,453796,24/09/2018,09:52,10:45,Yellow,Clear,1.019,6.6,Trace,Negative,Negative,1+,Negative,Normal,Positive,8-9,2,1-4,Moderate,Nil,NIL,15.8,5.9,41.6,95.8,26,37,11.1,40,4905,57,22,1,2,0,5.29,5.98,0.3,0.03,0.07,256,7.4,13,0.2,45.2,2,0.25,0.14,0.28,156,53,121.7,29.4,147,74,2.9,2.3,0.44,0.8,0.2,0.6,65,54,14,32,8.1,4.1,4,1.03,0.7,6.1,2.8487,4.07,138,4.6,108,3.2,103.96,160,141,301,53.16,6.2,131.24,0.3,27.3,108.2,25.23,8.6,3,170,14.1,3.14,139,92,122,411
718025,MZLGI14RJK,867994,27/09/2018,07:13,07:47,Straw,Slightly cloudy,1.014,6.7,Negative,Trace,Negative,Negative,3+,Normal,Negative,2-3,2,3-3,Rare,Nil,NIL,14.6,5.5,56.5,54.9,26,25,13.6,44.4,5914,69,50,5,5,0,1.32,0.28,0.65,0.17,0.06,227,11.4,13,0.15,13.9,0.7,6.5,0.12,0.4,200,45,133.5,7.2,36,213,4.4,2.97,0.34,0.7,0.3,0.4,105,4,16,34,6.5,4,2.5,1.6,1.2,7.2,3.3624,2.8,136,5.3,85,2.4,97.57,155,345,500,31,6.2,131.24,0.1,12.2,77.9,15.66,11.1,5.1,212,8.9,1.21,120,97,77,84
676076,GYAHD10KAU,311666,25/09/2018,11:31,12:59,Pale Yellow,Clear,1.028,4.9,Negative,Negative,Negative,Negative,Negative,Normal,Negative,TNTC,4,15-13,Nil,Rare,NIL,1.6,7,35.6,87.2,2,4,14.1,41.8,9278,74,25,13,4,0,0.71,2.21,0.73,0.71,0.02,291,5.7,12,0.26,15.9,3.4,0.05,0.51,2.84,240,71,43.6,35.7,178.5,111,3.4,0.61,1.63,0.7,0.3,0.4,126,39,16,40,7.7,4.3,3.4,1.26,0.7,17.4,8.1258,11.61,142,4,106,5.4,101.07,195,265,460,42.39,6.2,131.24,0.4,100,72.1,138.7,8.6,5.5,143,12.3,1.18,91,111,87,111
681640,GYAHD06KLM,782555,27/09/2018,08:03,09:08,Pale Yellow,Clear,1.018,6.3,2+,Negative,Negative,Negative,Negative,Normal,Negative,9-11,1,1-4,Nil,Nil,Yeast cells,11.9,5,24.9,93.8,23,47,12.4,42.9,8956,37,23,5,2,0.2,5.13,4.58,0.53,0.38,0.02,198,9.2,11,0.63,16.3,4.4,0.31,0,0.24,225,31,106.5,108.2,541,187,7.3,3.44,0.29,6.1,3,3.1,90,48,25,23,6,4.4,1.6,2.75,1,7.3,3.4091,3.41,147,3.8,96,4.8,41.72,128,166,294,43.54,8.8,205.86,0,28.3,124.4,22.75,8.2,4.2,133,7,3.68,105,74,91,150
816456,KLTRS04TSS,945884,23/09/2018,07:10,07:58,Light Yellow,Clear,1.022,6.8,Trace,Negative,Trace,Negative,Negative,Normal,Negative,2-4,2,1-4,Nil,Nil,NIL,21.9,4.1,39.4,89.5,53,55,14.6,40.6,10613,30,15,0,2,0,0.7,0.13,0.45,0.25,0.12,65,7.7,11,0.32,12,4.2,0.14,0.31,0.71,227,58,76.9,96.3,481.5,137,3.9,1.33,0.75,0.6,0,0.6,72,55,38,29,7.8,3.5,4.3,0.81,0.5,10.8,5.0436,10.09,143,4,124,6.3,99.98,74,317,391,18.93,8.4,194.38,0.2,204.1,160,127.56,11.1,2.6,103,19.4,2.63,114,81,84,99
216805,GYAHD12ODK,805850,25/09/2018,07:57,08:27,Dark Yellow,Clear,1.015,6.9,2+,Trace,Negative,Negative,2+,Normal,Negative,12-13,2,13-16,Nil,Nil,NIL,17.7,5.1,31.1,76.8,34,56,13.8,40.3,7086,42,24,4,7,0,21.11,1.09,0.79,0.24,0.1,266,7.3,19,0.28,21,7.1,0.01,1.83,0.23,175,75,98.7,16.1,80.5,109,2.3,1.32,0.76,0.8,0.2,0.6,127,55,25,10,8,4.4,3.6,1.22,1.1,18.2,8.4994,7.73,146,4.9,106,4.2,115.39,85,213,298,28.52,9.1,214.47,0.9,12.7,71.3,17.81,8.7,2.5,164,6.6,2.36,115,80,97,155
914445,MZLGI13BRC,807356,24/09/2018,06:54,08:00,Red,Clear,1.024,5.3,Negative,Trace,Negative,Negative,Negative,3+,Negative,10-11,2,1-4,Rare,Nil,NIL,11.9,4.5,39.3,82.7,26,30,13.6,44.8,48144,40,40,11,7,0,0.51,2.32,0.66,0.38,0.03,124,11.1,11,0.39,28.4,6.3,0.03,0.17,0.45,166,70,81,21.7,108.5,124,2.4,1.16,0.86,0.5,0.1,0.4,113,41,31,24,8,3.5,4.5,0.78,1.1,9.6,4.4832,4.08,98,4.3,95,3.8,116.25,164,350,514,31.91,6.2,131.24,0.1,14.3,79.2,18.06,8.6,2.7,136,12.4,1.23,111,85,74,113
318787,MZLGI13BRC,124743,26/09/2018,07:52,09:12,Yellow,Clear,1.019,6.8,Trace,Trace,Negative,Trace,Negative,Normal,Negative,7-8,1,3-4,Nil,Nil,Amorphous debris,15.2,5.6,20.3,42.8,27,74,12.8,40.7,10328,43,36,4,2,0,1.93,1.78,0.67,0.4,0.11,129,7.3,17,0.36,12.2,2.2,0.08,0.23,0.26,103,46,80.8,13.3,66.5,103,2.2,1.76,0.57,0.6,0.2,0.4,42,53,24,45,7.4,4.7,2.7,1.74,0.8,16.3,7.6121,9.52,146,4.2,97,6.7,100.49,102,348,450,22.67,5.1,99.67,0.6,23.6,380,6.21,8,3.1,114,4.7,7.75,76,72,115,84
338565,MZLGI03RJK,341175,24/09/2018,09:24,10:29,Light Yellow,Clear,1.023,6,2+,Negative,Trace,Negative,Negative,Normal,Negative,6-8,2,5-14,Nil,Nil,Parasites,7.7,4.2,39.7,80.5,18,19,14.1,43,10972,46,35,0,4,2.6,5.39,1.63,0.4,0.24,0.06,354,7.5,13,0.39,15.9,4.8,6.73,6.19,0.01,221,51,97,9.8,49,64,4.3,1.9,0.53,0.3,0.1,0.2,48,55,30,100,6.7,4.7,2,2.35,0.7,19.2,8.9664,12.81,133,3.9,103,3,91.81,29,281,310,9.35,5.8,119.76,0.8,14.2,153.4,9.26,10.9,3.4,269,5.5,1.38,70,113,89,258
836233,PBCHD14PBP,760453,27/09/2018,08:23,09:23,Pale Yellow,Clear,1.014,4.7,Trace,Trace,Trace,Negative,Negative,Normal,Negative,2-4,0,2-4,Nil,Nil,NIL,5.4,4.1,47.9,88,13,11,14.6,45.5,9255,56,46,2,12,0,9.86,1.37,0.08,0.49,0.09,230,11.6,14,0.28,14.7,2.2,0.99,3.56,0.22,167,53,70.4,96.2,481,143,3.2,1.33,0.75,0.5,0.2,0.3,88,42,39,14,6.9,4.6,2.3,2,1,8,3.736,3.74,143,3.1,113,6.3,108.68,126,302,428,29.44,7.7,174.29,0.9,20.6,263.7,7.81,9.2,3,133,9.8,1.71,111,128,110,136
624821,MZLGI11BRC,963171,26/09/2018,10:23,11:52,Pale Yellow,Hazy,1.01,4.9,Trace,Trace,Negative,Negative,Negative,Normal,Negative,41-46,0,2-3,Nil,Nil,NIL,8.1,5.7,47.6,82,14,17,12.7,40.3,8313,69,24,2,8,0,3.47,1.96,0.47,0.72,0.05,224,10.2,17,0.2,27,5.4,3.62,0.08,4.72,163,25,109,52.3,261.5,143,6.5,4.36,0.23,1,0.3,0.7,65,46,25,28,8,4.7,3.3,1.42,0.8,13.8,6.4446,8.06,141,3.9,101,4.6,106.35,129,145,274,47.08,6.3,134.11,0.1,13,57.5,22.61,11.9,3.7,197,10.2,3.28,288,93,119,92
412576,GYAHD02ODK,128597,27/09/2018,11:56,12:50,Pale Yellow,Clear,1.014,6.8,Trace,Negative,Negative,Negative,Negative,Normal,Negative,5-6,1,1-3,Nil,Nil,NIL,17.7,4.9,63.5,80.9,36,27,13.7,45.6,2250,41,27,1,6,1.3,1.79,0.49,0.23,0.37,0.02,102,11.6,11,0.25,22.7,3.1,0.01,0.08,0.04,170,53,188.1,17.5,87.5,110,3.2,3.55,0.28,0.6,0.2,0.4,90,23,14,28,8.2,4.6,3.6,1.28,1.1,13.4,6.2578,5.69,146,5.4,113,3.2,103.56,130,230,360,36.11,6.2,131.24,0.8,887.5,92.4,960.5,11.9,4,227,9.2,3.95,118,71,121,129
256905,MZLGI01GJS,805466,27/09/2018,08:21,08:53,Yellow,Clear,1.013,5.5,Negative,Negative,Negative,Negative,Negative,Normal,Negative,6-7,1,3-4,Nil,Nil,Parasites,19.6,6,38.1,88.2,32,51,13,36.2,9773,56,15,9,5,0,7.49,0.19,0.68,0.08,0,256,9.5,13,0.24,23.2,0.1,3.57,0.37,0.32,227,43,115.7,94,470,83,5.3,2.69,0.37,0.9,0.3,0.6,75,43,65,31,6.1,3.6,2.5,1.44,0.8,10.4,4.8568,6.07,145,3.5,110,3.5,119.41,140,219,359,39,11.4,280.48,0.4,16.2,184.2,8.79,8.9,6.4,189,4.2,2.84,98,94,77,103
843182,GYAHD07JHJ,548302,26/09/2018,09:30,10:58,Pale Yellow,Slightly cloudy,1.013,5.3,Negative,Negative,Trace,Negative,Negative,Normal,Negative,TNTC,2,>20,Few,Rare,Artifacts,17.9,4.3,57.2,89.5,41,31,14.5,45.8,6838,42,22,14,19,10.9,1.26,2.16,1.35,0.43,0.02,159,9.9,13,0.37,13.3,2.1,0.28,2.93,0.17,185,48,73.6,56.7,283.5,91,3.9,1.53,0.65,0.5,0.1,0.4,49,46,37,9,7.3,3.9,3.4,1.15,1.1,39.3,18.3531,16.68,145,2.9,104,3.9,107.32,192,248,440,43.64,6.2,131.24,0.7,20.7,161.7,12.8,9.7,3.3,189,7.5,2.9,158,115,61,95
273490,PBCHD15MHS,429957,26/09/2018,09:00,10:04,Orange,Clear,1.027,4.8,Negative,Negative,Negative,Negative,Negative,Normal,Negative,3-4,1,2-4,Nil,Few,Mucus threads,9.9,5.7,34.3,70.9,17,28,9.9,40.6,8084,44,41,1,7,0,7.36,4.66,0.54,0.12,0.09,274,14.4,12,0.24,35.5,1.4,0.33,0.21,0.09,173,34,74,27.4,137,82,5.1,2.18,0.46,10.5,6,4.5,63,14,15,33,7.2,4.3,2.9,1.48,1,13.6,6.3512,6.35,113,4.5,87,3.5,110.56,195,245,440,44.32,6.1,128.37,0.8,25.4,457.6,5.55,10.1,4.4,112,18.9,0.81,114,99,80,133
704940,GYAHD15KLM,614278,25/09/2018,10:01,11:26,Light Yellow,Slightly cloudy,1.024,6.4,2+,1+,1+,Negative,Negative,Normal,Negative,1-2,1,16-9,Nil,Nil,Artifacts,16.9,5.6,57.5,77.4,30,29,13.3,49.1,9165,41,24,3,3,0,1.43,2.58,0.59,0.07,0.01,189,9.8,11,0.41,29.5,0.8,1.26,0.31,0.13,150,36,54.5,34.5,172.5,121,4.2,1.51,0.66,0.6,0.2,0.4,296,14,39,9,6.1,4.6,1.5,3.07,0.8,17.5,8.1725,10.22,130,3.2,100,3.3,108.58,97,126,223,43.5,8.4,194.38,0.1,16.3,532.4,3.06,9.7,5.6,68,2.3,3.42,124,94,91,291
489980,MZLGI07RJK,663719,24/09/2018,10:46,11:34,Straw,Hazy,1.012,5.1,Trace,Negative,Negative,Negative,Negative,Normal,Negative,3-4,2,2-3,Nil,Nil,NIL,16.3,5.8,45.2,96.5,28,36,14.5,40.3,7281,60,21,5,4,1.7,17.78,2.89,0.46,0.59,0.07,436,8.4,13,0.37,29.8,0.3,0.04,1.13,0.29,180,51,75.8,26,130,105,3.5,1.49,0.67,0.4,0,0.4,41,19,35,13,6.1,4.6,1.5,3.07,1.1,7.7,3.5959,3.27,138,4.1,98,5.7,95.02,174,348,522,33.33,6.3,134.11,0.4,24,75.5,31.79,10.9,4.5,112,7.9,2.98,91,70,79,71
182760,GYAHD09KAU,711242,23/09/2018,11:28,12:14,Pale Yellow,Clear,1.012,6.6,Trace,Negative,1+,Negative,Negative,Normal,Negative,10-11,4,1-2,Nil,Nil,Fat droplets or lipiduria,14.8,4.2,39.5,83,35,37,13,43.9,5540,60,25,1,6,0,1.31,1.61,0.43,0.34,0.09,321,10.5,7,0.4,43.8,4,0.05,0.1,2.24,225,59,99.1,35.5,177.5,80,3.8,1.68,0.6,0.3,0.1,0.2,63,38,21,30,7.9,4.8,3.1,1.55,0.6,14.7,6.8649,11.44,135,4.2,101,2,111.08,166,100,266,62.41,5.8,119.76,0,17.4,138.1,12.6,8.6,3.4,192,11.5,3.96,88,60,236,131
550941,MZLGI14GJS,441403,25/09/2018,09:10,10:39,Yellow,Slightly cloudy,1.012,5.4,Trace,Trace,Negative,Negative,Negative,Normal,Negative,10-12,2,>20,Rare,Nil,Yeast cells,9.5,6,52.8,70.4,15,17,16.4,41.2,6592,48,39,4,8,10.9,4.19,1.38,0.5,0.11,0.1,361,9.2,17,0.28,35.6,0.8,0.32,0.09,0.75,129,51,81.5,51.3,256.5,129,2.5,1.6,0.63,0.3,0.1,0.2,52,49,39,15,7,4.9,2.1,2.33,1.1,9,4.203,3.82,145,3.6,104,6,115.3,87,263,350,24.86,6.4,136.98,0.2,13.8,135,10.22,9.8,4.1,93,18.6,3.97,98,104,81,239
100311,PBCHD05PBM,679520,25/09/2018,08:34,09:51,Dark Yellow,Clear,1.017,6.7,4+,Trace,Trace,Negative,Negative,Normal,Negative,8-10,1,1-4,Nil,Few,Parasites,10.5,4.2,51.8,86.3,25,20,12.8,45,6721,32,55,2,10,0,6.75,2.12,0.44,0.22,0.07,219,7.9,16,0.53,28.5,1.5,0.18,6.94,0.01,159,54,101.3,33.8,169,83,2.9,1.88,0.53,0.8,0.1,0.7,78,11,26,42,6.2,4.6,1.6,2.88,1,13.2,6.1644,6.16,132,4.3,95,7.9,110.12,121,346,467,25.91,5.8,119.76,0.8,10.2,107.7,9.47,8.4,3.2,45,4.2,7.12,107,85,80,107
592368,MZLGI06MHP,212466,27/09/2018,10:46,12:08,Light Yellow,Clear,1.013,4.6,Trace,4+,Negative,Negative,Negative,Normal,Negative,9-11,5,2-3,Nil,Nil,NIL,8.3,5.3,45.5,41.5,15,18,12.4,44.4,3859,45,22,17,7,1,2.48,3.29,0.75,0.31,0.12,724,10.9,12,0.35,23.9,0.1,0.37,0.09,0.13,172,23,112.1,10.9,54.5,204,7.5,4.87,0.21,0.8,0.2,0.6,65,47,14,14,7.7,3.8,3.9,0.97,1.9,9.1,4.2497,2.24,135,4.9,98,3.3,116.54,162,178,340,47.65,7.2,159.94,0.7,18,128.8,13.98,9.5,2.6,187,5.2,4.91,71,83,65,106
373801,PBCHD06NLM,891434,27/09/2018,11:02,11:37,Pale Yellow,Slightly cloudy,1.014,4.8,Trace,Negative,Negative,Negative,Negative,Normal,Negative,12-14,2,3-3,Nil,Rare,NIL,17.7,7.9,59.7,116.5,22,29,11.5,43.3,5275,52,52,5,2,0,7.03,2.93,0.89,0.45,0.09,125,7.8,15,0.37,41.5,3.1,2.13,0.01,0.08,166,59,89.7,34.9,174.5,87,2.8,1.52,0.66,2.5,1.2,1.3,95,29,39,26,6.5,4.7,1.8,2.61,0.8,13.1,6.1177,7.65,140,3.9,104,2.5,96.06,120,231,351,34.19,7.6,171.42,0.7,17.7,110.7,15.99,9.5,2.7,128,12,4.47,119,74,97,194
307112,MZLGI14MHP,570702,25/09/2018,06:46,07:17,Light Yellow,Clear,1.016,5.2,Trace,Trace,Negative,Negative,Negative,Normal,Negative,6-8,1,3-2,Moderate,Nil,Fungal elements,14.4,4.2,16.2,44.3,34,88,11.9,41.7,39376,41,54,5,6,0,18.06,0.84,0.96,0.04,0.04,408,9.8,11,0.38,14.5,1,0.37,3.66,0.18,175,64,94.7,8.5,42.5,208,2.7,1.48,0.68,0.7,0,0.7,88,7,26,11,7.1,5.4,1.7,3.18,1.2,15.4,7.1918,5.99,135,3,100,2.8,98.7,125,170,295,42.37,5.8,119.76,0.6,144.2,94.4,152.75,10.3,2.9,83,15.2,1.27,85,87,66,78
383283,GYAHD09ODK,487311,23/09/2018,11:12,12:23,Pale Yellow,Clear,1.022,7,Negative,Trace,Negative,Negative,Negative,Normal,Negative,11-12,1,2-2,Nil,Few,NIL,16.8,4,41.3,89.9,42,40,12.1,42.2,6745,54,55,4,2,0,6.65,1.84,0.05,0.2,0.1,122,11.8,10,0.35,16.4,3.1,0.34,0.59,0.09,170,54,142.1,69.2,346,114,3.1,2.63,0.38,3.1,1.5,1.6,58,44,27,48,6,4.5,1.5,3,0.6,15,7.005,11.68,143,4.5,99,3.3,114.89,121,216,337,35.91,5.9,122.63,0.8,16,352.9,4.53,11.4,2.2,196,11.3,0.27,111,119,150,200
411457,MZLGI07GJS,213274,27/09/2018,11:12,12:35,Pale Yellow,Slightly cloudy,1.018,6.9,Negative,Trace,Negative,Negative,Negative,Normal,Negative,7-8,52,1-4,Nil,Nil,NIL,4.5,4.2,37.3,71.5,10,12,12.5,43.7,4290,54,26,1,8,0,2.26,1.8,0.26,0.29,0.08,828,7.1,8,0.15,24.5,1.4,0.84,0.05,0.3,987,22,97.9,66.6,333,132,44.9,4.45,0.22,0.5,0.2,0.3,104,34,27,36,8,4.3,3.7,1.16,1,10.6,4.9502,4.95,142,4.4,92,5.8,106.24,68,342,410,16.59,7.2,159.94,0.1,24.7,124.8,19.79,8.6,6.9,290,10.8,1.98,129,63,110,191
694502,MZLGI10GJS,285019,27/09/2018,09:42,10:27,Light Yellow,Hazy,1.017,4.4,Trace,Negative,Negative,Negative,Negative,Normal,Negative,3-5,0,2-2,Nil,Nil,Fat droplets or lipiduria,10.4,5.3,52.9,98.3,19,19,16.2,40.6,6289,70,25,4,1,0,6.98,6.05,0.77,0.27,0.1,430,17.4,13,0.2,16.6,1.8,3.71,0.37,0.7,137,70,85,37.5,187.5,118,2,1.21,0.82,0.3,0,0.3,95,55,15,25,8.3,4.9,3.4,1.44,0.6,28.1,13.1227,21.87,145,3.6,115,6.3,47.73,21,216,237,8.86,7.4,165.68,0.2,18.8,45.7,41.14,9.5,3.3,133,7.3,0.83,77,63,83,117
892081,KLTRS06ODB,826906,27/09/2018,08:56,09:40,Yellow,Slightly cloudy,1.017,6.2,1+,Negative,Negative,Negative,Negative,Normal,Negative,2-4,2,>20,Nil,Nil,Fat droplets or lipiduria,10.4,4.6,50.6,71.3,22,20,12.7,43.5,3151,50,39,1,9,0,5,1.75,0.38,0.33,0.01,423,7.8,12,0.26,21.7,2.1,0.52,0.11,0.01,190,29,89.6,25.2,126,92,6.6,3.09,0.32,0.5,0.2,0.3,111,19,14,31,7.8,4.7,3.1,1.52,0.6,13.9,6.4913,10.82,139,3.4,102,3.7,117.68,112,203,315,35.56,6.8,148.46,0.9,24.8,121,20.5,11.6,3.1,79,17.3,0.16,85,70,159,118
963323,PBCHD01MHS,641938,27/09/2018,07:38,08:48,Light Yellow,Opaque,1.013,5.7,Negative,Trace,Negative,Trace,Trace,Normal,Negative,12-14,1,11-7,Nil,Nil,Amorphous debris,17.5,5.3,47.1,99.7,33,37,15.9,26,5861,64,49,4,2,0,6.25,2.86,0.52,0.07,0.01,420,9.6,16,0.24,30.9,3.9,4.57,0.23,0.17,154,43,50.2,19.1,95.5,89,3.6,1.17,0.86,0.8,0.3,0.5,111,33,25,10,7.7,3,4.7,0.64,0.6,10.9,5.0903,8.48,140,3.5,102,4.7,92.74,148,346,494,29.96,6.1,128.37,0.1,26.7,85.8,31.12,10.8,4.3,231,12.3,0.33,89,158,79,163
413974,PBCHD01CGD,499459,23/09/2018,11:21,12:50,Pale Yellow,Clear,1.015,6.6,Trace,Negative,Negative,Negative,Negative,Normal,Negative,9-10,0,3-2,Nil,Nil,NIL,20.1,4.9,60.9,79.6,41,33,14.5,42.9,7716,33,48,6,8,0,4.48,1.64,0.72,0.34,0.15,259,6.6,13,0.06,32.5,3.3,0.03,3.74,5.36,159,59,127.1,9.4,47,81,2.7,2.15,0.46,0.5,0.2,0.3,64,19,15,10,6.4,4.6,1.8,2.56,0.8,16.7,7.7989,9.75,140,3.6,103,5.5,101.79,93,176,269,34.57,6,125.5,0.2,28.1,72.8,38.6,10.3,4,218,13.6,1.83,109,98,79,65
145866,MZLGI04APK,540935,25/09/2018,06:06,07:33,Yellow,Slightly cloudy,1.011,6.6,Trace,Negative,Negative,Negative,Negative,Normal,Negative,12-13,0,1-2,Nil,Nil,NIL,19.7,7.3,54.5,41.8,26,36,14.4,45.4,6384,54,32,2,7,0,1.71,1.61,0.59,0.2,0.06,26,7.4,11,0.55,28,4.6,0.37,0.19,3.47,217,45,152.9,22.3,111.5,125,4.8,3.4,0.29,0.7,0.3,0.4,104,29,23,24,7.2,4.7,2.5,1.88,0.8,5.1,2.3817,2.98,147,4.1,100,5.3,94.51,109,322,431,25.29,7.9,180.03,0.4,16.4,133.5,12.28,10.2,2.5,122,9.5,9.11,103,64,109,178
494719,GYAHD07KAU,583644,26/09/2018,06:51,07:53,Dark Yellow,Hazy,1.013,5.5,Trace,Negative,Negative,Negative,Negative,Normal,Negative,TNTC,1,2-4,Nil,Few,NIL,20.2,5.5,39.2,71.3,36,51,11.7,42.6,5885,11,36,3,5,0,8.56,1.02,0.92,0.11,0.02,406,9.3,15,0.35,27.6,3.2,2.91,0.52,0.37,177,41,117,58.3,291.5,87,4.3,2.85,0.35,0.4,0,0.4,89,44,39,14,6.9,5,1.9,2.63,0.5,14.5,6.7715,13.54,142,3.6,106,5.7,69.62,108,254,362,29.83,7.3,162.81,0.1,10.9,26.1,41.76,9.4,4.1,124,10.2,2.71,113,120,108,199
306867,KLTRS11MLT,292415,23/09/2018,11:19,12:22,Straw,Hazy,1.02,5.1,Negative,1+,Negative,Negative,Negative,Normal,Negative,6-7,1,1-4,Rare,Nil,Artifacts,9.7,4.2,42.8,90.3,23,22,12.3,41.9,8787,52,48,5,6,0,3.81,1.69,0.27,0.39,0.09,942,7.2,16,0.25,23.2,1.1,0.07,4.15,0,196,59,85.3,38.5,192.5,85,3.3,1.45,0.69,0.4,0,0.4,98,55,21,8,7.7,4.2,3.5,1.2,1.2,7.6,3.5492,2.96,137,4.9,105,4.5,96.05,60,206,266,22.56,9.1,214.47,0.7,19,75.5,25.17,10.1,3.2,150,7.2,8,76,110,83,92
753838,KLTRS04MLT,787131,24/09/2018,07:00,07:31,Light Yellow,Slightly cloudy,1.015,4.5,Trace,Trace,Negative,Negative,Negative,Normal,Negative,11-12,1,2-2,Rare,Nil,NIL,21,5.8,31.3,80,36,67,15.2,43.8,10825,53,39,5,7,0,2.38,2.04,0.73,0.11,0.06,432,9.6,11,0.22,15.2,3,2.5,0.3,3.38,177,56,90.8,12,60,109,3.2,1.62,0.62,0.7,0,0.7,117,7,23,76,6,4.5,1.5,3,0.6,15.9,7.4253,12.38,141,4.3,108,5.5,97.33,75,245,320,23.44,5.8,119.76,0.3,26.1,145.4,17.95,8.6,2.7,73,8.8,1.7,108,80,88,137
135962,GYAHD08JHJ,835824,23/09/2018,09:45,11:09,Orange,Cloudy,1.008,5.4,Negative,Negative,Negative,Negative,Negative,Normal,Negative,1-3,2,1-2,Rare,Nil,NIL,21.8,6.1,38.8,44.4,35,56,11.7,47.3,41891,69,32,4,5,0,9.46,2.52,0.35,0.37,0.1,364,13.6,17,0.36,14.4,0.4,0.2,0.05,0.3,158,62,68.4,20.6,103,194,2.5,1.1,0.91,0.5,0,0.5,63,56,12,24,5,4.1,0.9,4.56,1.1,10,4.67,4.25,121,2.8,111,3.4,111.66,166,275,441,37.64,5.9,122.63,0.7,10.5,129.4,8.11,10.1,5.9,324,6.8,2.61,89,61,124,189
880235,PBCHD06NLM,543769,27/09/2018,09:14,09:49,Orange,Opaque,1.016,6.7,Negative,Negative,Negative,Negative,Negative,Normal,Negative,5-7,0,5-13,Nil,Nil,NIL,13.3,4.5,37.9,60,29,35,15.4,42.3,3201,49,42,4,3,1,9.98,4.72,0.54,0.45,0.15,363,17.1,11,0.38,25,2.5,0.22,0.15,0.24,199,46,79.4,44.6,223,150,4.3,1.73,0.58,1.5,0.7,0.8,125,15,40,90,6,4.8,1.2,4,1,17.8,8.3126,8.31,103,2.8,100,3.1,96.16,77,340,417,18.47,8.7,202.99,0.4,17.8,90.1,19.76,9.3,3.8,176,4,4.54,116,90,107,87
212578,KLTRS07WBD,238894,25/09/2018,10:49,11:35,Yellow,Clear,1.017,6.8,1+,1+,Negative,Negative,Negative,Normal,Negative,13-15,2,1-3,Nil,Nil,NIL,13.3,4.7,27.9,79.4,28,47,14.3,42.6,8404,63,21,2,11,0,0.3,2.23,0.43,0.67,0.03,447,11,13,0.38,15.9,0.1,0.08,0.17,0.08,158,43,87.1,10,50,96,3.7,2.03,0.49,0.4,0.1,0.3,126,22,30,21,8.2,4.5,3.7,1.22,1,12.9,6.0243,6.02,138,2.6,103,3,106.69,121,326,447,27.07,5.9,122.63,0.6,12.7,100.4,12.65,8.9,3.6,131,13.5,1.79,200,77,72,76
369004,MZLGI11BRC,393083,25/09/2018,06:38,07:30,Pale Yellow,Clear,1.012,6.2,Trace,Trace,Negative,Negative,Negative,Normal,Negative,6-7,1,1-4,Nil,Rare,NIL,8.3,5.1,30.5,93.8,16,27,11.6,42.8,4557,45,27,1,2,0,4.26,2.17,0.95,0.03,0.18,130,10,10,0.15,20.2,0.1,0.97,0.23,0.38,144,78,66.1,10.3,51.5,160,1.8,0.85,1.18,1,0.3,0.7,120,10,14,43,6.5,4.6,1.9,2.42,0.9,6.6,3.0822,3.42,139,5.2,101,5.5,46.71,137,230,367,37.33,7.8,177.16,0.5,12.1,63.4,19.09,10.8,2.9,141,7.3,0.61,118,93,78,252
733294,KLTRS11MLT,268334,26/09/2018,08:32,09:25,Pale Yellow,Clear,1.016,5.6,Trace,Negative,Negative,Negative,Negative,Normal,Negative,29-31,2,2-4,Nil,Few,NIL,18.8,4.7,37.9,70.4,40,49,12.8,40.1,10940,53,35,6,5,10.5,6.05,2.42,0.26,0.05,0.03,17,10,16,0.27,20.7,0.8,0.08,0.69,4.02,171,62,81.9,16.6,83,98,2.8,1.32,0.76,0.7,0.2,0.5,104,16,22,31,7.8,4.5,3.3,1.36,1.2,19.8,9.2466,7.71,145,5.7,111,2.1,101.12,136,277,413,32.93,6.1,128.37,0.1,11,52.9,20.79,12.1,2.6,137,18.7,0.79,123,63,75,89
877155,KLTRS05KLP,457097,26/09/2018,09:24,09:59,Straw,Slightly cloudy,1.012,5,Negative,Negative,Negative,Negative,Negative,Normal,Negative,2-3,0,1-2,Rare,Nil,NIL,15.7,6.6,42.3,85.8,23,37,11.5,41.4,38855,47,11,1,3,0,4.97,2.65,0.62,0.08,0.07,249,8.9,28,0.67,15.8,6.5,0.16,0.13,2.45,179,49,116.5,37.9,189.5,117,3.7,2.38,0.42,0.7,0.1,0.6,155,17,18,21,8.8,4,4.8,0.83,0.8,71.2,33.2504,41.56,141,3.7,107,6.2,111.09,106,329,435,24.37,5.7,116.89,1,13.3,77.6,17.14,11.7,3.9,188,17,3.96,78,91,108,139
629104,GYAHD14KAU,469104,24/09/2018,07:58,08:39,Pale Yellow,Clear,1.011,4.7,Trace,Trace,Negative,Negative,Negative,Normal,Negative,1-3,2,7-19,Nil,Nil,Artifacts,14.1,4.9,45.1,61.7,28,31,14.3,44.8,4119,74,20,2,8,5.8,1.31,4.33,0.64,0.1,0.04,235,11.2,11,0.12,22.2,7,0.1,0.05,0,156,50,87.1,20.1,100.5,69,3.1,1.74,0.57,0.7,0,0.7,107,31,30,44,7.2,3.8,3.4,1.12,1,10.8,5.0436,5.04,135,2.8,104,3,99.6,104,128,232,44.83,5.8,119.76,0.6,21.9,80.9,27.07,9.7,2.8,136,6.9,2.35,93,83,72,82
996245,KLTRS11KLP,104998,26/09/2018,08:58,10:05,Dark Yellow,Cloudy,1.018,5.6,1+,Trace,Negative,Negative,Negative,Normal,Negative,8-9,0,2-4,Nil,Nil,NIL,1,4.5,42.1,81.3,2,2,13.1,42,4431,56,39,6,5,0,4.67,2.38,1.38,0.48,0.01,81,17.1,12,0.29,22,2.1,0.81,0.91,3.84,120,20,70.3,27.6,138,129,6,3.52,0.28,0.3,0,0.3,85,45,10,47,7.7,4.4,3.3,1.33,2,19.1,8.9197,4.46,148,6.2,97,5.7,94.93,66,270,336,19.64,19.7,518.69,0.5,10.7,45.1,23.73,7.8,2.8,285,2.9,2.5,79,78,80,150
241880,PBCHD06CGD,670416,24/09/2018,07:04,08:16,Pale Yellow,Slightly cloudy,1.024,6.3,Negative,Negative,Negative,Negative,Negative,1+,Negative,8-9,4,1-3,Nil,Nil,Parasites,17.1,5.8,37.2,95,29,45,13.3,44,6732,57,26,5,8,2.8,7.9,1.92,0.6,0.48,0.19,290,12.3,14,0.21,23.9,4.2,0.08,0.1,0,171,50,114.1,5.5,27.5,96,3.4,2.28,0.44,0.6,0.1,0.5,92,28,36,38,6.6,4.8,1.8,2.67,1.2,7.6,3.5492,2.96,138,2.4,103,5.9,105.92,144,348,492,29.27,8.4,194.38,0.3,12.6,141.2,8.92,10.4,2.8,200,20.8,1.48,89,89,77,61
363521,GYAHD15KLM,960518,26/09/2018,08:02,09:15,Light Yellow,Clear,1.029,6.4,Negative,1+,Negative,Negative,Negative,Normal,Negative,5-7,2,2-2,Nil,Nil,Artifacts,11.3,5.8,12.3,40.6,19,91,10.1,45.4,10531,39,10,4,3,0,7.49,2.42,0.28,0.3,0.01,124,10.8,12,0.37,15.9,4,0.11,0.18,0.29,188,59,91.8,22.1,110.5,75,3.2,1.56,0.64,0.4,0,0.4,100,17,13,34,6.5,5,1.5,3.33,0.8,5.6,2.6152,3.27,142,4.5,101,3.3,94.01,131,147,278,47.12,6.1,128.37,0.9,16.5,81.4,20.27,10.2,4.5,87,15.7,0.34,75,64,99,257
974785,PBCHD05PBM,552730,27/09/2018,09:19,10:04,Green,Hazy,1.016,4.1,Trace,Trace,Negative,2+,Negative,Normal,Negative,68-69,2,>20,Nil,Nil,NIL,15.7,5.2,43.6,79.6,30,36,14.4,34.4,44619,41,22,4,8,0,8.84,2.37,0.37,0.45,0.05,386,7.3,13,0.07,36.7,1.6,0.19,0.9,0.26,205,24,67.3,27.8,139,186,8.5,2.8,0.36,5.1,2.5,2.6,105,27,11,16,6.4,5.3,1.1,4.82,0.7,10.6,4.9502,7.07,140,5.2,105,10.2,111.48,145,353,498,29.12,5.8,119.76,0.1,26.2,23.3,112.45,10.2,2.2,256,18.2,1.51,108,87,74,284
197321,MZLGI03MHP,790529,26/09/2018,09:14,10:38,Pale Yellow,Clear,1.016,6.4,Trace,Trace,Negative,Negative,Negative,Normal,Negative,6-8,0,1-4,Rare,Nil,NIL,14.9,4.6,41.5,71.5,32,35,11.5,43.9,7382,52,24,3,2,0,3.81,5.36,0.21,0.23,0.1,148,8.6,11,0.31,12.4,1.3,0.28,0.21,0.01,157,50,113.9,25.2,126,161,3.1,2.28,0.44,0.5,0.1,0.4,86,40,16,21,8.2,4.2,4,1.05,0.9,11.5,5.3705,5.97,147,2.2,102,5.6,112.05,129,311,440,29.32,10,240.3,0.2,13.5,285.8,4.72,10,2.5,165,6.2,3.84,72,124,90,156
702720,GYAHD14JHJ,648124,25/09/2018,09:44,11:08,Pale Yellow,Clear,1.02,4.8,Negative,Negative,Negative,Negative,Negative,Normal,Negative,10-11,3,3-4,Nil,Nil,Amorphous debris,10,5.6,47.1,87.4,17,21,13,42.8,11462,59,27,10,3,0,5.38,1.24,0.1,0.48,0.06,32,7.4,16,0.42,37.1,3.9,1.99,0.28,0.14,216,59,42.1,102.4,512,78,3.7,0.71,1.4,0.7,0.3,0.4,91,4,35,46,8.3,4.4,3.9,1.13,0.6,43,20.081,33.47,137,4.8,105,3.1,75.87,92,261,353,26.06,5.8,119.76,0.2,13.6,57.1,23.82,8.5,2.1,76,5.7,3.43,199,196,63,176
338604,MZLGI12GJS,174758,26/09/2018,11:09,12:11,Yellow,Slightly cloudy,1.015,7,Negative,2+,1+,Negative,Negative,Normal,Negative,9-10,2,3-3,Rare,Moderate,NIL,9.3,5.7,29.2,84.6,16,31,13.2,43.3,10635,46,37,25,5,0,6.05,5.04,0.5,0.41,0.02,142,7.4,16,0.28,29.1,4.1,0.1,0.08,0.28,237,27,158.1,72.3,361.5,111,8.8,5.86,0.17,0.5,0,0.5,91,10,22,21,6.2,4.9,1.3,3.77,0.6,19.8,9.2466,15.41,138,3.5,99,2.5,92.33,162,356,518,31.27,6.9,151.33,0.6,18,108.8,16.54,9.2,2.8,110,6.5,3.56,80,175,95,164
685525,MZLGI02BRC,342967,24/09/2018,08:04,09:01,Pink,Slightly cloudy,1.011,7.9,Negative,Negative,Negative,Trace,Negative,Normal,Negative,4-5,0,9-16,Rare,Rare,Parasites,13.5,4.7,36.2,84.5,28,37,12.7,43.7,7320,24,27,4,8,0,3.53,1.53,0.28,0.44,0.03,52,7.9,15,0.29,13,0.3,0.39,0.29,0.28,181,78,74.9,34.1,170.5,205,2.3,0.96,1.04,0.9,0.3,0.6,94,50,40,42,8.1,4.1,4,1.03,1,19.5,9.1065,9.11,137,3.4,102,4.6,115.47,200,189,389,51.41,5.1,99.67,0.3,147.9,64.6,228.95,10.5,4,115,14.9,0.99,75,95,78,134
433592,GYAHD11KAU,582783,26/09/2018,11:01,11:45,Dark Yellow,Clear,1.014,5.4,Trace,Trace,Negative,Negative,Negative,Normal,Negative,11-13,2,1-3,Rare,Nil,Parasites,15.6,6.7,41,41,23,38,14.4,42,6280,54,33,3,2,0,4.15,2.57,0.42,0.41,0.19,398,7.5,16,0.19,24.6,2.5,0.86,0.36,0.43,197,73,97.9,28.2,141,77,2.7,1.34,0.75,0.7,0.3,0.4,60,47,29,9,8.3,3.3,5,0.66,1.1,16.2,7.5654,6.88,127,3.8,107,5.5,116.58,86,183,269,31.97,6.4,136.98,0.3,24.1,139.1,17.33,10.8,4.8,86,10.5,1.44,92,62,85,126
399651,GYAHD06JHJ,114881,23/09/2018,10:25,11:47,Dark Yellow,Slightly cloudy,1.027,6.4,Negative,Negative,Negative,Negative,Negative,Normal,Negative,13-14,50,2-3,Rare,Nil,NIL,11.4,6.1,44.7,76.6,18,25,12.6,33.1,4436,33,46,5,7,0,5.87,1.82,0.62,0.01,0.05,434,9.7,12,0.16,44.9,4.7,0.06,0.19,0.28,209,55,32.8,7.7,38.5,118,3.8,0.6,1.68,0.6,0.1,0.5,58,38,30,33,6.9,3.5,3.4,1.03,0.8,16.7,7.7989,9.75,145,5.3,98,8.9,95.8,25,139,164,15.24,5.7,116.89,0.9,22.9,115.7,19.79,11.1,2.3,154,4.5,1.39,114,63,74,73
689966,PBCHD05KLC,572790,25/09/2018,06:13,07:33,Green,Slightly cloudy,1.023,6.3,Trace,Negative,Negative,2+,Negative,Normal,Negative,7-9,0,2-2,Nil,Nil,NIL,8.4,4.3,20,88.8,19,42,12.3,31,8210,58,20,5,2,0,7.03,1.66,0.98,0.31,0.13,432,7.5,13,0.2,14.2,3.1,0.31,0.25,4.08,171,50,92.8,44.6,223,180,3.4,1.86,0.54,0.9,0.2,0.7,81,16,26,39,6.5,4.7,1.8,2.61,0.8,9.1,4.2497,5.31,146,2.8,107,5,99.39,72,129,201,35.82,8.5,197.25,0.8,574.1,260.8,220.13,9.9,4.1,185,7.5,1.6,100,87,81,83
653774,PBCHD04PBP,146835,27/09/2018,11:22,12:49,Pink,Clear,1.027,6.9,Negative,Trace,Negative,Negative,Negative,Normal,Negative,12-14,1,3-2,Nil,Nil,NIL,11.1,4,53.5,71.8,27,20,13.5,40.5,7295,23,21,9,5,0,8.1,1.42,0.79,0.11,0.02,397,11.8,25,0.21,14.9,2,0.03,0.1,6.48,117,54,45.7,10.8,54,140,2.2,0.85,1.18,0.7,0.1,0.6,60,97,31,15,7.3,3.9,3.4,1.15,0.7,10.6,4.9502,7.07,143,3.9,103,3.2,94.74,117,171,288,40.63,6,125.5,0,13.8,150.3,9.18,9.4,4.5,74,19.1,8.56,85,89,95,75
322857,PBCHD03NLM,402728,24/09/2018,10:42,11:48,Orange,Slightly cloudy,1.01,6.7,Trace,Negative,Negative,Negative,Negative,Normal,Negative,8-9,0,>20,Nil,Rare,Artifacts,9.5,5.4,55.3,83,17,17,12.3,44.1,7826,31,51,2,5,0,6,1.49,0.48,0.06,0.06,358,10.9,19,0.22,28.6,0.1,0.34,0.16,0.29,158,64,54.5,20,100,89,2.5,0.85,1.17,0.6,0.2,0.4,85,10,19,27,6.2,4.8,1.4,3.43,1,7.4,3.4558,3.46,142,3.9,71,4.7,103.28,241,347,588,40.99,5.4,108.28,0.9,18.1,134.7,13.44,9.9,2.7,124,5.1,3.88,107,78,113,90
308510,GYAHD04JHJ,169123,25/09/2018,07:42,08:49,Dark Yellow,Slightly cloudy,1.014,4.5,1+,Trace,Negative,Negative,Negative,Normal,Negative,5-7,1,7-19,Rare,Nil,NIL,19,5.4,34,76,35,55,11.8,41.5,8865,56,23,2,11,2.8,5.93,1.01,0.7,0.35,0.19,203,8,16,0.49,32.3,2.9,0.51,0.24,3.4,219,30,82.4,31.6,158,179,7.3,2.75,0.36,0.7,0.2,0.5,96,7,32,16,6.9,4.9,2,2.45,0.5,16.8,7.8456,15.69,136,3.8,115,5.7,90.86,55,136,191,28.8,6.2,131.24,0.6,14.2,79.2,17.93,8.4,3,184,3.3,3.78,87,67,98,260
177419,GYAHD10ODK,902217,26/09/2018,10:37,12:06,Pale Yellow,Clear,1.023,4.5,Negative,Negative,Negative,1+,1+,Normal,Negative,8-9,1,3-4,Nil,Few,Mucus threads,17.4,5.2,34.5,40.1,33,50,12.6,40,9005,66,24,3,3,0,2.87,2.6,0.62,0.15,0.01,447,8.2,12,0.34,21.7,1.2,0.51,1.88,4.66,197,40,78.2,94.5,472.5,145,4.9,1.96,0.51,0.5,0.2,0.3,83,8,39,17,8.3,3.7,4.6,0.8,0.6,8.7,4.0629,6.77,148,3.7,98,5.5,114.16,104,216,320,32.5,8.7,202.99,9.5,223.7,78.6,284.61,11.4,3.4,98,13.4,3.48,82,92,123,404
564791,MZLGI04APK,536352,27/09/2018,11:11,12:22,Light Yellow,Slightly cloudy,1.015,5.6,1+,1+,Negative,Negative,Negative,Normal,Negative,10-12,1,11-17,Nil,Nil,NIL,18.3,4,37.1,80.2,45,49,13.7,27.3,48035,57,54,5,11,0.1,10.94,3.7,0.61,0.22,0.05,287,13.7,13,0.25,45.3,0.6,0.2,0.44,0.32,228,44,99.7,53.4,267,127,5.2,2.27,0.44,0.7,0.3,0.4,320,46,27,34,6.5,5,1.5,3.33,0.6,25.2,11.7684,19.61,116,2.6,102,4.6,102.15,138,147,285,48.42,6.1,128.37,4.2,17.8,74.1,24.02,11,3.2,179,2.8,3.64,91,75,108,190
645814,GYAHD10KLM,706654,27/09/2018,09:40,11:02,Light Yellow,Clear,1.023,4.9,Trace,Negative,Negative,Negative,Negative,Normal,Negative,7-8,0,1-4,Nil,Nil,Yeast cells,16.8,5.8,57.4,78.4,28,29,13.3,44.8,7143,33,33,4,3,0,12.93,1.27,0.6,0.26,0.02,917,12,13,0.34,28.2,3.6,3.03,5.08,0.35,218,55,74.7,17.5,87.5,146,4,1.36,0.74,1,0.3,0.7,86,50,22,43,8.1,4.7,3.4,1.38,0.6,11.2,5.2304,8.72,144,2.8,103,3.2,97.37,139,319,458,30.35,6.1,128.37,0.3,814.1,67,1215.07,10.2,4.3,193,10.2,2.82,102,156,264,137
543271,PBCHD02PBP,829136,23/09/2018,08:44,09:41,Straw,Slightly cloudy,1.023,5.9,Trace,Negative,Negative,Negative,Negative,Normal,Negative,1-2,1,3-2,Rare,Few,Fat droplets or lipiduria,7.2,6.7,32.9,71,10,21,13.4,40.9,8362,58,39,4,2,0.8,7.97,1.28,0.32,0.45,0.05,417,8.7,17,0.46,15.6,1.7,0.36,0.09,0.1,197,52,84,20.8,104,127,3.8,1.62,0.62,0.7,0,0.7,100,21,12,30,8.1,4.6,3.5,1.31,1.1,7.7,3.5959,3.27,145,4.7,104,9.7,90.14,175,289,464,37.72,5.9,122.63,0.3,16.2,87.6,18.49,8.1,2.1,89,18.9,1.41,85,69,117,129
336738,MZLGI08APK,615956,24/09/2018,11:06,12:07,Straw,Clear,1.015,5.6,Trace,1+,3+,Negative,Negative,Normal,Negative,6-8,2,2-3,Nil,Nil,NIL,14.3,5,38.9,89.6,28,36,12.6,37.4,9842,74,38,4,3,0,0.57,2.13,0.54,0.24,0.01,230,7.1,7,0.09,21.2,1.2,0.13,4.63,0.37,153,35,97.3,73.8,369,162,4.4,2.78,0.36,1.4,0.2,1.2,42,41,12,25,6.2,4.9,1.3,3.77,1.1,18.7,8.7329,7.94,158,4.8,81,5.8,107.9,126,114,240,52.5,6.3,134.11,0,14.4,127.8,11.27,11.6,2.4,177,11,0.62,117,117,100,291
961299,PBCHD07NLM,204029,24/09/2018,10:32,11:52,Pale Yellow,Clear,1.033,4.8,Negative,Negative,Trace,Negative,Negative,Normal,Negative,42-47,2,3-2,Nil,Nil,Fat droplets or lipiduria,9.1,4.9,33.7,84.6,18,27,13,45.2,10087,44,37,5,7,3.9,0.7,2.74,0.08,0.5,0.08,358,7.9,16,0.46,14.6,1.2,0.27,0.3,0.14,157,38,81.2,67.7,338.5,92,4.1,2.14,0.47,0.6,0.1,0.5,71,30,33,15,6.8,4.1,2.7,1.52,1,10.5,4.9035,4.9,144,2.5,95,5.3,111.8,162,317,479,33.82,5.7,116.89,0.5,13.3,28.5,46.67,8.3,5.1,94,4.9,5.47,129,95,119,103
966545,KLTRS03NLZ,130883,23/09/2018,11:04,12:13,Pale Yellow,Slightly cloudy,1.015,4.6,Negative,Trace,Negative,Negative,Negative,Normal,Negative,4-6,0,3-3,Nil,Nil,Fat droplets or lipiduria,8,5.4,52.4,75.8,14,15,12.1,49.1,9726,44,22,5,5,0.7,11.38,2.36,0.66,0.38,0.05,409,14.7,13,0.34,20.9,2.3,0.06,2.46,0.8,111,47,96.1,35.2,176,128,2.4,2.04,0.49,0.7,0,0.7,124,39,14,32,6.7,4.5,2.2,2.05,1,9,4.203,4.2,141,3.2,113,5.2,111.75,69,360,429,16.08,7.1,157.07,1.9,21.6,85.5,25.26,8.6,4.1,186,3.8,2.68,97,83,82,188
103747,PBCHD04GAM,953406,26/09/2018,07:59,09:24,Pale Yellow,Clear,1.017,7,Trace,Negative,Negative,1+,Negative,Normal,Negative,3-5,0,3-2,Moderate,Nil,NIL,15.4,4.5,61.3,84.1,34,25,13.8,43.1,8679,41,19,18,5,3.9,1.5,6.36,0.8,0.09,0.02,1119,10.3,20,0.42,35,1.4,3.09,0.35,0.19,219,56,95.2,32.6,163,79,3.9,1.7,0.59,0.8,0.2,0.6,138,10,34,30,7.6,3.3,4.3,0.77,0.5,13.9,6.4913,12.98,137,3.7,113,2.2,112.95,185,349,534,34.64,5.8,119.76,0.3,174.8,91.1,191.88,11.8,6.1,83,5.8,1.07,89,121,95,115
386544,KLTRS08WBD,518062,24/09/2018,07:28,08:20,Light Yellow,Slightly cloudy,1.019,7,Trace,1+,Negative,Negative,1+,Normal,Negative,4-5,1,2-2,Rare,Nil,Amorphous debris,10.7,5.5,56.1,96.7,19,19,12.1,43,4163,58,35,2,6,0,5.02,2.56,0.08,0.2,0.18,1066,10.8,16,0.2,14.8,1.2,0.1,4.44,0.05,164,44,79.6,45.3,226.5,208,3.7,1.81,0.55,0.7,0.2,0.5,56,17,31,18,6.6,4.1,2.5,1.64,0.7,15.1,7.0517,10.07,137,3.3,98,2.9,37.83,122,110,232,52.59,5.7,116.89,0.1,12.3,303.7,4.05,11.7,4.5,174,5.7,5.31,143,65,92,114
974441,PBCHD12KLC,675930,27/09/2018,07:16,07:57,Dark Yellow,Clear,1.019,5.1,1+,Negative,Negative,Negative,Negative,Normal,Negative,7-8,1,1-3,Nil,Nil,Artifacts,13.7,4.8,47.8,74,28,28,12.5,43.6,8042,78,28,22,8,0.7,5.57,1.33,0.49,0.26,0.12,94,13.3,14,0.13,14.8,1.9,0.14,0.77,0.24,231,37,147.2,35.1,175.5,99,6.2,3.98,0.25,0.7,0.3,0.4,59,38,38,29,8.3,4.6,3.7,1.24,0.3,16.5,7.7055,25.69,148,4.3,97,2.7,98.65,80,357,437,18.31,5.8,119.76,0.5,28.8,117.5,24.51,10.4,4.3,190,14.8,1.95,138,176,72,194
372561,GYAHD01ODK,129825,23/09/2018,07:56,08:36,Pale Yellow,Hazy,1.014,6.6,Trace,Trace,Negative,Negative,Negative,Normal,Negative,9-10,2,2-2,Nil,Nil,NIL,9.7,5.8,47,46.8,16,20,13.2,45.6,4017,30,16,5,3,0,0.71,1.12,0.67,0.83,0.05,117,9.8,16,0.22,20.6,1.4,0.78,0.14,0.22,184,77,95.7,35.2,176,161,2.4,1.24,0.8,0.7,0.3,0.4,109,18,23,35,6.7,3.8,2.9,1.31,1,16,7.472,7.47,111,4.8,105,2.7,113.93,91,194,285,31.93,6,125.5,0.9,18.7,93.8,19.94,11.5,5.6,150,7.2,0.08,98,65,81,146
240667,GYAHD13JHJ,132619,24/09/2018,10:22,11:18,Light Yellow,Clear,1.02,5.5,Negative,Negative,1+,Negative,Negative,Normal,Negative,2-3,1,17-18,Nil,Nil,NIL,1,6.1,52.5,79.6,1,1,13.5,41.5,5811,31,38,4,3,0,3.25,1.25,0.22,0.42,0.07,198,7.4,11,0.3,16.4,4.2,0.22,0.11,0.26,147,48,66.2,36.2,181,174,3.1,1.38,0.73,0.7,0.1,0.6,44,46,23,12,7,3.2,3.8,0.84,1.2,13.6,6.3512,5.29,144,4.3,98,3.6,106.03,82,261,343,23.91,6.1,128.37,0.6,26,167,15.57,9.3,3.6,272,5.5,7.78,113,76,343,111
245629,MZLGI15RJK,553748,25/09/2018,11:51,13:17,Pale Yellow,Slightly cloudy,1.01,7.6,1+,Trace,Negative,Negative,Trace,Normal,Negative,57-60,1,2-2,Nil,Rare,Artifacts,15.2,6,52.3,83.7,25,29,12.6,40.9,9799,47,52,3,7,0,6.65,2.65,0.37,0.35,0.08,375,8.7,14,0.26,22.2,0.2,0.16,0.23,0.45,215,38,85.6,21.2,106,72,5.7,2.25,0.44,0.5,0,0.5,89,59,37,31,8.2,4,4.2,0.95,0.9,19.3,9.0131,10.01,144,4.7,113,3.9,104.86,97,200,297,32.66,5.8,119.76,0.1,281.6,61.9,454.93,9.3,5.5,184,15.4,0.48,97,96,107,73
539854,MZLGI13BRC,271991,27/09/2018,11:03,12:27,Yellow,Slightly cloudy,1.033,5.6,Negative,Trace,Negative,Negative,Negative,Normal,Negative,6-8,0,1-3,Nil,Nil,NIL,15.7,4.7,32.8,54.3,33,47,14,39.6,10280,55,49,6,4,0,8.43,2.15,0.9,0.08,0.04,371,10.8,14,0.21,15.8,7.3,0.39,0.39,0.47,188,42,110,26.7,133.5,156,4.5,2.62,0.38,0.6,0.1,0.5,35,67,32,25,6.8,4.1,2.7,1.52,0.8,17.2,8.0324,10.04,147,3,110,5.9,107.14,122,250,372,32.8,7.7,174.29,0.4,17.7,97.3,18.19,13.4,3.6,131,18.5,0.82,73,93,90,165
245948,PBCHD06GAM,948703,23/09/2018,07:10,08:39,Light Yellow,Hazy,1.015,5.8,Negative,Trace,Negative,Negative,Negative,Normal,Negative,13-14,0,1-2,Rare,Rare,NIL,11.2,6.7,32.1,87.2,16,34,12.3,44.2,10623,48,38,0,6,0,8.02,2.91,0.45,0.6,0.04,16,14.2,12,0.3,21.7,4.7,0.01,0.37,2.39,200,41,87.8,40.9,204.5,104,4.9,2.14,0.47,0.9,0.4,0.5,105,17,26,11,8,3.8,4.2,0.9,1,9.4,4.3898,4.39,141,3.7,98,3,107.82,140,171,311,45.02,6.2,131.24,0.6,17,68.6,24.78,12.6,5.7,77,5.5,1.3,101,65,86,108
394152,KLTRS02MLT,281887,25/09/2018,06:07,07:15,Pale Yellow,Clear,1.03,6.8,Negative,Trace,Negative,Negative,Negative,Normal,Negative,13-14,2,3-2,Nil,Rare,NIL,8.7,4.6,48.3,98.4,18,18,11.9,43.9,8148,58,24,1,7,0,8.69,1.33,0.43,0.46,0.19,234,9.2,12,0.1,29.1,0.8,0.38,0.83,0.38,181,55,91.4,14.9,74.5,90,3.3,1.66,0.6,0.9,0.2,0.7,120,9,17,47,6.7,3.7,3,1.23,1.1,202.7,94.6609,86.06,145,4.2,109,3.1,109.31,108,301,409,26.41,7.7,174.29,0.3,13.4,98.4,13.62,9.6,3.1,82,9.5,2.46,87,101,96,198
555353,MZLGI05BRC,465061,27/09/2018,06:54,07:38,Straw,Hazy,1.019,4.6,Negative,2+,Trace,Negative,Negative,Normal,Negative,72-77,2,2-4,Nil,Nil,NIL,11.9,6.6,39.1,93.4,18,30,13,44.1,6849,30,21,10,7,0,20.74,2.18,1.2,0.46,0.03,1196,7.4,18,0.09,20.3,0.1,0.87,0.09,0.08,188,61,41.1,20.7,103.5,158,3.1,0.67,1.48,0.5,0.2,0.3,44,33,15,30,8.2,4,4.2,0.95,0.8,17.3,8.0791,10.1,142,5,101,4.6,90.8,87,256,343,25.36,5.9,122.63,0.1,21.5,101.5,21.18,9.1,3.3,62,12.3,0.58,76,97,115,133
322927,MZLGI05GJS,142353,26/09/2018,09:52,11:15,Orange,Clear,1.014,7,Trace,Trace,Negative,1+,Negative,1+,Negative,2-3,2,1-2,Nil,Nil,NIL,21.4,5.4,27.8,91.2,39,76,14.3,43.4,2683,58,35,2,4,0,6.8,2.48,0.54,0.07,0.16,647,11.1,11,0.35,17.3,0.9,0.16,0.4,0.1,232,71,52.8,6.3,31.5,67,3.3,0.74,1.34,1.7,0.8,0.9,95,24,33,29,7.4,5,2.4,2.08,1.2,5,2.335,1.95,139,2.3,100,3.2,110.54,91,209,300,30.33,6.1,128.37,0.5,25.1,130.4,19.25,8.4,2.7,249,10.4,2.58,93,82,125,68
629649,KLTRS11ODB,299797,25/09/2018,11:45,12:19,Pale Yellow,Clear,1.015,5.1,Trace,Negative,Negative,Negative,Negative,Normal,Negative,6-7,2,3-4,Rare,Few,NIL,12.9,4.6,38.3,44.9,28,33,13.7,46.9,10389,47,34,6,8,0,4.19,6.82,0.91,0.15,0.03,303,11.2,20,0.28,25.2,2.6,1.53,0.04,0.15,228,53,94.4,83.2,416,119,4.3,1.78,0.56,0.2,0,0.2,58,48,26,19,8,4.1,3.9,1.05,0.7,33.2,15.5044,22.15,143,5.8,100,2.4,105.62,163,131,294,55.44,6.1,128.37,0.4,17,88.5,19.21,8.5,4.5,126,8.6,0.46,122,74,71,113
598504,GYAHD06KAU,590331,27/09/2018,06:44,08:13,Light Yellow,Slightly cloudy,1.013,6.6,Trace,1+,Negative,Negative,Negative,Normal,Negative,44-48,0,3-2,Nil,Nil,NIL,20.2,6.8,30.6,86,29,66,14.4,46.8,4869,17,48,6,8,0,3.69,1.69,0.62,0.67,0.03,65,5.1,14,0.3,34.8,5.3,0.18,0.08,0.55,172,75,52.2,28.9,144.5,169,2.3,0.7,1.44,0.7,0.1,0.6,123,21,24,37,6.8,4.1,2.7,1.52,1.2,6.5,3.0355,2.53,135,2.7,104,2.4,55.08,104,325,429,24.24,9,211.6,0.7,28.1,65.9,42.64,10.1,5.4,147,8.3,0.23,73,96,78,70
925420,KLTRS06WBD,480281,23/09/2018,07:30,08:13,Light Yellow,Clear,1.023,5.5,Negative,Trace,Negative,Negative,Negative,Normal,Negative,2-4,2,3-4,Rare,Rare,Fat droplets or lipiduria,14.7,4.4,52.7,87.3,33,27,14.3,39.3,9314,24,36,9,4,0,3.29,2.75,0.28,0.31,0.01,129,7.3,16,0.38,20.8,6.5,0.27,0.19,0.09,111,36,88.1,25.9,129.5,187,3.1,2.45,0.41,0.9,0.3,0.6,103,41,10,18,6.6,4.6,2,2.3,0.6,6.9,3.2223,5.37,143,4.6,98,4.8,94.06,69,216,285,24.21,8.8,205.86,0.8,16.2,273.4,5.93,8.4,3.1,196,12.4,0.06,76,114,98,134
207854,KLTRS11WBD,810497,25/09/2018,07:06,07:46,Straw,Clear,1.018,6.4,Negative,Trace,Negative,Negative,Negative,1+,Negative,27-28,1,2-2,Nil,Nil,NIL,16,5.9,40.3,65.8,27,39,11.7,30.9,9255,48,32,5,7,0,6.25,1.03,1.17,0.09,0.05,144,9.8,13,0.33,29.1,1.3,0.09,4.8,0.14,214,51,138,23.2,116,93,4.2,2.71,0.37,0.3,0.1,0.2,110,33,11,34,6.5,3.7,2.8,1.32,0.7,13.3,6.2111,8.87,135,5.1,99,2.5,108.2,144,305,449,32.07,6.3,134.11,0.7,12.6,146.2,8.62,10.1,2.7,196,6.2,2.25,149,81,99,98
343547,KLTRS09MLT,541772,26/09/2018,09:05,09:55,Light Yellow,Clear,1.013,6.8,Trace,1+,1+,Negative,Negative,1+,Negative,2-3,1,10-16,Moderate,Rare,NIL,13.5,5.2,39.3,76.4,25,34,12.3,45.1,3468,59,22,18,4,0,3.22,4.22,1.01,0.13,0.11,445,7.4,17,0.34,14.6,3.5,0.17,0.31,0.58,194,44,92.5,#VALUE!,#VALUE!,92,4.4,2.1,0.48,0.5,0.2,0.3,63,29,18,28,7.5,4.5,3,1.5,0.6,30.1,14.0567,23.43,140,1.6,96,3.2,103.97,84,288,372,22.58,5.7,116.89,0,28,112,25,11.9,4.5,199,4.5,0.11,92,242,124,87
825120,GYAHD10KAU,601449,23/09/2018,07:05,08:13,Yellow,Clear,1.019,6.7,Trace,Trace,Negative,Negative,Negative,1+,Negative,3-4,0,1-3,Nil,Nil,Parasites,8.3,5.2,53.7,45.1,15,15,11.7,40.1,10678,47,10,1,25,10.8,0.91,1.31,0.45,0.26,0.09,330,6.1,12,0.28,14.8,0.2,0.06,2.55,4.44,196,76,74.6,18.2,91,125,2.6,0.98,1.02,2.3,1.1,1.2,58,11,19,15,6.7,4.4,2.3,1.91,1.1,5.3,2.4751,2.25,146,4.5,96,5.4,97.21,159,148,307,51.79,6,125.5,0.4,18.3,62.7,29.19,10.5,3.5,83,9.7,0.95,90,85,111,170
154220,PBCHD02KLC,160777,27/09/2018,07:52,08:29,Straw,Slightly cloudy,1.039,5.9,Trace,Trace,Trace,Negative,Negative,Normal,Negative,6-8,0,3-4,Rare,Rare,Fungal elements,5.6,5.1,39.8,77.4,10,14,13.7,39.7,9908,48,37,1,3,0,20.22,2.52,0.79,0.01,0.05,364,9.1,15,0.23,39.7,5.9,0.39,0.76,0.4,180,29,122.1,19.5,97.5,104,6.2,4.21,0.24,0.8,0.3,0.5,90,17,18,44,6.9,4,2.9,1.38,1.1,13.5,6.3045,5.73,139,3.9,97,4.7,101.93,90,320,410,21.95,8.1,185.77,0.8,229.4,64.1,357.88,9.7,3,129,3.8,3.75,131,83,91,261
546348,KLTRS13WBD,317851,25/09/2018,07:00,07:59,Dark Yellow,Slightly cloudy,1.013,4.7,Negative,Negative,Negative,Negative,Negative,Normal,Negative,12-13,9,7-15,Nil,Nil,Amorphous debris,8.2,5.8,38.9,85.8,14,21,14.3,39.8,7153,55,24,10,2,0,7.74,2.32,0.54,0.56,0.08,357,8.3,11,0.21,38.4,1.3,0.01,0.06,0.31,161,73,77.9,24.3,121.5,61,2.2,1.07,0.94,0.7,0.1,0.6,99,56,32,42,7.8,3.5,4.3,0.81,1.1,10.9,5.0903,4.63,144,4.1,105,4,46.04,109,127,236,46.19,6.1,128.37,0.1,12.9,74,17.43,9,5.2,248,12.2,2.22,77,141,71,142
981058,KLTRS11KLP,269335,26/09/2018,09:13,10:40,Light Yellow,Clear,1.012,4.5,Negative,Trace,Negative,Negative,Negative,Normal,Negative,4-5,2,5-12,Nil,Nil,Parasites,4.3,4.3,46.5,70.5,10,9,12.6,42.4,5798,46,35,2,5,0,8.42,1.29,0.45,0.22,0.02,123,12,13,0.39,12.6,5.2,5.67,0.18,0.12,187,58,87.1,37.4,187,146,3.2,1.5,0.67,1.1,0.4,0.7,48,17,27,26,7.7,4.4,3.3,1.33,0.9,8.2,3.8294,4.25,141,5.4,110,5.6,115.66,170,212,382,44.5,5.9,122.63,0.3,27.3,132.7,20.57,10.8,3.2,121,5.2,0.1,85,174,89,360
828855,MZLGI10GJS,242558,27/09/2018,06:45,08:03,Straw,Milky,1.026,4.7,Trace,Trace,Negative,Negative,Negative,Normal,Negative,10-11,1,2-2,Nil,Nil,Artifacts,20.7,5.4,37.1,98,38,55,14.5,46.2,4417,47,20,6,6,0,3.25,1.12,0.28,0.18,0.05,113,9,11,0.08,17,0.9,0.24,0.36,0.06,163,50,80.1,35.6,178,69,3.3,1.6,0.62,0.9,0.3,0.6,51,55,34,20,8.2,3.8,4.4,0.86,0.7,19.2,8.9664,12.81,137,4.3,107,7.4,117.11,126,313,439,28.7,7.1,157.07,0.1,16.9,75.8,22.3,10.4,3.7,68,8.1,1.44,79,97,76,190
930327,KLTRS05ODB,650182,25/09/2018,07:38,08:57,Orange,Clear,1.095,6,Negative,Trace,Negative,Negative,Negative,Normal,Positive,6-7,0,1-2,Nil,Nil,NIL,15.7,3.4,20.6,80.1,46,76,14.4,43.1,13159,57,39,4,7,0,5.2,1.29,0.69,0.06,0.17,17,9.5,17,0.26,30.9,0.3,0.48,1.24,0.03,151,68,61.3,25,125,77,2.2,0.9,1.11,1,0.3,0.7,49,48,39,27,7.1,5,2.1,2.38,0.8,17,7.939,9.92,134,2,103,5.1,107.78,148,356,504,29.37,8,182.9,0.3,17.3,74.7,23.16,12.2,4.8,140,7.8,1.23,88,88,76,127
126796,PBCHD08PBM,292033,25/09/2018,08:32,09:10,Yellow,Slightly cloudy,1.013,4.9,Negative,Negative,Negative,Negative,Negative,Normal,Negative,4-5,0,2-3,Nil,Rare,Amorphous debris,14.2,5.8,48.1,79,24,29,12.5,40.5,9055,36,47,2,2,0,21.53,2.46,0.46,0.13,0.07,81,8.3,14,0.34,14,5.2,0.14,0.88,0.05,184,73,93.9,8.9,44.5,121,2.5,1.29,0.78,0.5,0.1,0.4,63,24,34,23,8,3.8,4.2,0.9,0.6,18.6,8.6862,14.48,141,2.8,98,3,115.12,127,302,429,29.6,6.2,131.24,0.5,13,262.5,4.95,9.7,2,159,19,2.12,87,72,190,94
889258,PBCHD12GAM,539011,23/09/2018,07:36,08:36,Light Yellow,Clear,1.017,6.6,Negative,Negative,Negative,Negative,Negative,2+,Negative,8-10,2,2-4,Nil,Nil,Fungal elements,11.5,4.2,34.3,83.5,27,33,15.1,42.2,5543,52,29,1,7,0,5.83,0.54,0.52,0.2,0.1,241,7.4,16,0.34,19,1.2,0.09,0.36,0.34,142,46,86.6,14.5,72.5,113,3.1,1.88,0.53,0.4,0.1,0.3,83,14,19,46,6.8,4,2.8,1.43,1.1,26.7,12.4689,11.34,139,1.5,114,5.5,106.42,113,273,386,29.27,6.8,148.46,0.4,20.1,43.5,46.21,8.5,4.4,73,9,1.74,101,82,120,186
246371,KLTRS11ODB,707518,27/09/2018,06:34,07:26,Light Yellow,Opaque,1.02,6.8,Trace,Negative,Negative,Negative,Negative,Normal,Negative,10-12,1,1-4,Nil,Nil,Fungal elements,18.1,5.7,33.3,73.9,31,54,12,39.1,8993,51,33,1,5,0,1.12,2.58,0.36,0.37,0.09,116,10.5,25,0.33,17.7,3.7,0.09,0.21,0.04,211,50,154.9,76.1,380.5,130,4.2,3.1,0.32,0.7,0,0.7,55,23,90,45,7.9,4.6,3.3,1.39,1.2,6.9,3.2223,2.69,134,3.6,101,8.3,118.75,249,289,538,46.28,6.3,134.11,0,18.1,233.6,7.75,12,2.9,189,14.7,2.71,121,69,67,118
690003,GYAHD12KLM,402200,25/09/2018,09:08,09:52,Pale Yellow,Hazy,1.01,5.3,Negative,Negative,Negative,Negative,Negative,Normal,Negative,9-11,2,3-2,Nil,Nil,NIL,11.4,6,64.4,88.4,19,17,14.4,25.8,7822,60,49,1,4,0,6.49,2.47,0.93,0.48,0.08,344,7.3,17,0.35,22.9,2.4,0.61,0.06,0.3,223,50,98.5,24.1,120.5,119,4.5,1.97,0.51,0.3,0,0.3,61,31,66,48,6.3,3.8,2.5,1.52,1.2,48.8,22.7896,18.99,140,3.1,99,4.9,82.73,157,260,417,37.65,7.1,157.07,0.1,14.4,44,32.73,8.7,2.9,68,2,2.03,140,83,193,126
232311,GYAHD12JHJ,422076,27/09/2018,06:31,07:27,Orange,Slightly cloudy,1.013,6.7,Trace,Negative,Negative,Negative,Negative,Normal,Negative,3-4,2,3-4,Nil,Nil,NIL,15.9,5.9,60.9,82.4,26,26,13.1,43.5,4451,32,32,9,2,0,1.12,2.63,0.78,0.03,0.37,221,9.5,10,0.6,15.5,1.7,0.37,0.18,0.22,180,66,91.8,9.1,45.5,160,2.7,1.39,0.72,0.6,0.2,0.4,87,23,28,26,8,4.8,3.2,1.5,1.2,16,7.472,6.23,155,4.5,106,4.7,127.65,46,133,179,25.7,5.8,119.76,0.7,14,106.5,13.15,9.9,3.1,46,17.2,6.6,83,66,86,97
823130,GYAHD04JHJ,275033,26/09/2018,07:25,08:14,Light Yellow,Hazy,1.016,5.7,2+,Negative,Trace,Negative,Negative,Normal,Negative,2-3,1,1-2,Nil,Moderate,NIL,12.6,6.2,30.6,83.8,20,41,13.1,42.1,9542,47,25,16,3,0,15.9,2.96,0.26,0.46,0.08,488,11,15,0.23,22.6,4.3,0.17,0.94,0.67,207,43,142.7,29.6,148,133,4.8,3.32,0.3,0.7,0.1,0.6,113,28,33,31,5.4,3.6,1.8,2,1.1,16.3,7.6121,6.92,126,3.2,97,4.2,115.9,137,250,387,35.4,8.2,188.64,0.8,13.9,91,15.27,9.2,3,122,19.1,0.21,78,115,95,185
734576,PBCHD08CGD,127462,27/09/2018,10:14,11:02,Orange,Clear,1.017,4.2,2+,Trace,Negative,Negative,Negative,Normal,Negative,28-33,2,1-3,Rare,Nil,NIL,7,6,19.9,87.6,11,35,14.5,26.2,45147,80,36,3,6,0,7.44,0.09,0.54,0.05,0.06,381,9.4,13,0.52,28.9,1.7,0.14,0.18,0.4,239,52,91.7,17,85,202,4.6,1.76,0.57,11.6,7.1,4.5,97,43,13,18,8,4.3,3.7,1.16,0.6,18.1,8.4527,14.09,141,2.6,103,2.5,48.12,67,110,177,37.85,6.1,128.37,0.2,13.3,96.3,13.81,9.1,4.9,74,6.5,8.2,77,60,185,117
124404,GYAHD15KAU,305463,26/09/2018,06:38,07:29,Light Yellow,Clear,1.016,6.6,Negative,Negative,Negative,Negative,Negative,1+,Negative,11-13,2,3-3,Nil,Nil,Fungal elements,7.7,4.4,22.2,80.5,17,34,11.7,44.7,8667,67,27,3,7,0,1.22,1.24,0.77,0.37,0.03,471,7.6,16,0.28,30.6,4.7,0.22,1.03,5.44,168,49,119.8,31.1,155.5,200,3.4,2.44,0.41,0.6,0.1,0.5,89,7,40,23,8.2,4,4.2,0.95,0.9,18,8.406,9.34,143,3,108,5.8,83.09,49,330,379,12.93,7.9,180.03,0.5,28.7,130.6,21.98,9.8,2.6,144,17.2,2.13,174,106,111,78
857176,PBCHD05NLM,402250,24/09/2018,10:15,11:01,Dark Yellow,Slightly cloudy,1.024,4.6,Negative,Trace,3+,Negative,Negative,Normal,Negative,4-5,0,1-2,Nil,Nil,Fat droplets or lipiduria,18.3,5.1,44.2,93.4,35,41,14.3,25.4,5988,69,20,5,11,0,2.06,0.38,0.06,0.28,0.03,171,8.2,15,0.36,34.3,6.1,0.3,0.09,0.31,156,46,101.5,62.4,312,65,3.4,2.21,0.45,0.9,0.1,0.8,125,24,39,23,6.7,4.3,2.4,1.79,0.7,19,8.873,12.68,146,4.8,105,2.9,114.32,165,359,524,31.49,5.4,108.28,0.8,28.1,201.7,13.93,8.8,3.5,90,5,9.73,97,145,95,116
265407,MZLGI10RJK,617240,25/09/2018,08:45,09:16,Light Yellow,Clear,1.016,6.9,1+,Trace,Negative,Negative,Negative,Normal,Negative,TNTC,0,2-2,Nil,Nil,Yeast cells,12.5,5.8,39,74.3,21,32,14.5,40.3,9785,36,16,4,12,4.9,0.66,1.38,0.91,0.07,0.03,389,8.4,10,0.33,17.7,1.9,0.32,0.06,0.76,115,47,94.3,23.2,116,106,2.4,2.01,0.5,0.5,0,0.5,115,53,16,42,7.4,4.6,2.8,1.64,1.1,12.3,5.7441,5.22,144,3.9,101,3.5,106.84,191,283,474,40.3,6.4,136.98,0.7,11,143.9,7.64,8.9,4.3,117,10.8,1.91,92,107,82,98
864780,GYAHD01JHJ,590703,27/09/2018,08:55,10:04,Orange,Hazy,1.011,4.8,Negative,Negative,Negative,2+,Trace,Normal,Negative,10-12,2,2-4,Nil,Nil,NIL,15.1,7.4,53,90.9,20,28,13.1,40.2,6664,80,23,4,8,0,5.67,3.08,0.37,0.13,0.07,806,7.9,10,0.09,28.1,2.1,0.05,0.36,0.07,178,44,73.3,82.9,414.5,97,4,1.67,0.6,0.7,0,0.7,62,55,8,44,7.1,3.8,3.3,1.15,0.6,10.1,4.7167,7.86,104,3,113,4.5,83.78,154,190,344,44.77,5.2,102.54,0.5,10.9,247.7,4.4,11.1,3.3,164,18.2,0.25,144,147,90,149
318674,GYAHD06KLM,434146,27/09/2018,07:55,08:40,Pale Yellow,Clear,1.02,6.8,Negative,Negative,Negative,Negative,Negative,Normal,Negative,65-66,1,3-4,Few,Nil,Yeast cells,14.9,5.1,49.9,75.9,29,29,12.6,41.9,3865,25,27,5,8,0,2.98,1.33,0.68,0.03,0.03,271,12.3,14,0.28,25.4,1.6,0.52,0.37,0.21,171,50,84.5,13.7,68.5,150,3.4,1.69,0.59,0.9,0.3,0.6,104,94,38,14,7.4,4.3,3.1,1.39,0.9,19.4,9.0598,10.07,131,2.8,115,3.1,118.57,147,259,406,36.21,5.8,119.76,0.5,14.9,142.6,10.45,8.1,3.9,49,12.8,8.55,73,81,99,262
729204,PBCHD10KLC,269275,27/09/2018,10:46,12:03,Pale Yellow,Clear,1.012,4.8,Trace,Trace,Negative,Negative,Negative,Normal,Negative,11-12,0,2-3,Nil,Nil,Artifacts,12.5,5.1,39.4,85.7,24,31,14.5,45.9,8235,51,31,4,4,0,2.47,1.11,0.64,0.13,0,128,8.7,23,0.31,17.6,0.6,0.38,0.54,2.36,161,42,98.4,33.2,166,93,3.8,2.34,0.43,0.3,0,0.3,76,5,12,16,6,4.3,1.7,2.53,1.2,16.5,7.7055,6.42,140,4.6,109,3.8,105.72,200,337,537,37.24,5.9,122.63,0.4,11.6,117.4,9.88,11.4,3.9,121,11.5,0.54,109,63,84,126
371039,MZLGI10RJK,580068,27/09/2018,07:59,08:56,Light Yellow,Hazy,1.019,6.9,Negative,Negative,Negative,Negative,Negative,Normal,Negative,TNTC,1,2-2,Rare,Nil,NIL,18.7,4.5,23.2,44.7,41,80,14.2,39.9,8764,32,53,6,21,0,4.9,0.63,0.99,0.21,0.1,204,11,12,0.3,24.5,2.6,0.32,0.07,0.12,151,41,71.3,36.1,180.5,94,3.7,1.74,0.58,0.6,0.2,0.4,61,9,23,18,7.1,4.8,2.3,2.09,0.7,16.1,7.5187,10.74,145,5.2,88,4.6,112.84,161,270,431,37.35,7.8,177.16,0.5,701.3,110.8,632.94,8.9,2.2,156,8.1,2.34,143,192,70,173
510361,GYAHD07JHJ,368325,27/09/2018,07:04,08:13,Light Yellow,Slightly cloudy,1.023,6.7,Negative,Negative,Negative,Negative,Negative,Normal,Negative,1-2,0,3-2,Nil,Nil,Amorphous debris,14.1,4,44.8,90.2,35,31,12.7,41.5,30489,46,27,6,25,0,7.27,1.27,0.21,0.12,0.08,390,10.9,15,0.39,28.8,0.7,0.31,0.36,2.22,153,55,139.7,53.2,266,124,2.8,2.54,0.39,0.3,0.1,0.2,63,38,35,30,7.9,5.5,2.4,2.29,1,15,7.005,7.01,140,4.1,95,3.9,117.99,111,261,372,29.84,8,182.9,1,11.1,131.8,8.42,8.6,5.5,216,8.7,2.61,117,68,92,257
286210,GYAHD13JHJ,961289,25/09/2018,08:41,09:30,Yellow,Clear,1.024,6.9,Trace,Trace,Negative,Negative,Negative,Normal,Negative,14-15,2,1-4,Few,Few,Fat droplets or lipiduria,17.4,3,32.3,85.3,58,53,14.1,43.8,51557,40,22,5,5,0,4.06,1.63,0.77,0.45,0.02,137,11.9,11,0.19,19.7,6.4,0.87,0.48,0.32,218,54,95.6,37.5,187.5,118,4,1.77,0.56,17.4,12.9,4.5,59,46,39,45,8.1,3.6,4.5,0.8,1.9,16.9,7.8923,4.15,140,4.1,114,2.7,102.78,153,291,444,34.46,8.4,194.38,0.1,26.7,61.7,43.27,8.2,2.3,108,6.5,0.55,106,114,81,73
881283,PBCHD15MHS,848995,26/09/2018,11:45,12:26,Green,Clear,1.011,6.6,1+,Trace,Negative,Negative,Negative,1+,Negative,3-5,0,3-4,Nil,Nil,NIL,9.9,5.5,36.2,72,18,27,13.5,43.9,8885,40,52,4,7,0,5.96,2.3,0.46,0.27,0.03,150,11,14,0.37,32.6,0.1,0.17,0.14,0.34,178,79,112.7,18.6,93,216,2.3,1.43,0.7,1.9,0.9,1,43,43,33,32,7.5,4.6,2.9,1.59,1.2,18.5,8.6395,7.2,141,3.3,102,6,116.66,107,349,456,23.46,7.3,162.81,0.2,524.2,405.6,129.24,8.8,4.1,87,12.5,1.52,107,72,78,104
448421,PBCHD03GAM,404885,25/09/2018,07:01,07:52,Straw,Clear,1.014,5.3,Trace,Trace,Negative,Negative,Negative,Normal,Negative,6-8,0,3-2,Rare,Nil,NIL,10.6,4.8,64.2,75.6,22,16,13.5,42,8667,55,36,2,4,0,5.99,2.54,0.25,0.07,0.05,336,11,11,0.3,20.6,0.1,0.24,5.39,0.02,199,46,76.8,107.9,539.5,74,4.3,1.67,0.6,0.7,0.1,0.6,113,37,27,30,6,4.1,1.9,2.16,0.8,16.4,7.6588,9.57,140,3.2,88,3.5,99.53,154,337,491,31.36,5.8,119.76,0.5,24.6,93.7,26.25,7.9,5.6,65,18.5,2.85,88,78,78,69
197593,GYAHD06JHJ,589829,26/09/2018,08:01,09:29,Straw,Clear,1.01,5,Trace,1+,Negative,Negative,Negative,1+,Negative,20-25,2,3-4,Nil,Nil,Amorphous debris,8.7,5.3,37.4,84.1,16,23,12.5,40.4,5247,67,20,4,4,0,2.45,1.17,0.7,0.42,0.06,1171,12.1,15,0.43,42.1,4.5,0.29,0.2,0.08,159,64,89.4,63.1,315.5,153,2.5,1.4,0.72,3.3,1.6,1.7,48,9,25,42,7,4.1,2.9,1.41,1.2,6.8,3.1756,2.65,142,3.6,108,4.9,103.88,132,194,326,40.49,5.8,119.76,0.3,28.9,129.1,22.39,9.9,5.6,114,8.1,0.7,80,197,249,90
332486,GYAHD04JHJ,856758,27/09/2018,10:21,11:39,Pale Yellow,Clear,1.03,5.3,2+,Negative,Negative,Negative,Negative,Normal,Negative,44-47,0,2-4,Nil,Nil,NIL,17,6.2,41,87.4,27,41,13.3,45.8,50318,43,39,3,7,11,4.32,3.5,0.8,0.27,0.06,246,10.9,9,0.34,19.4,0.1,0.25,0.2,0.02,186,28,56.6,21.7,108.5,94,6.6,2.02,0.49,17.4,12.9,4.5,68,37,13,17,7.6,4.4,3.2,1.38,1,10.4,4.8568,4.86,125,2.7,111,3.8,117.62,84,347,431,19.49,6.2,131.24,0.2,10.4,132.3,7.86,8.8,3.3,261,11.5,2.35,129,97,99,168
764833,PBCHD11PBP,794450,23/09/2018,07:54,08:45,Pale Yellow,Clear,1.014,6.2,Trace,Trace,1+,Negative,Negative,Normal,Negative,13-15,2,1-3,Nil,Rare,NIL,9,5.1,56.1,72.1,17,16,13.4,39.5,10883,35,44,3,9,0.5,11.54,1.81,0.66,0.24,0.1,256,12.9,15,0.25,15.9,1.1,1.88,0,0.98,548,73,98.9,8.3,41.5,89,7.5,1.35,0.74,0.9,0.3,0.6,184,44,31,47,5.4,4.3,1.1,3.91,1,12.3,5.7441,5.74,136,2.5,100,2.2,105.44,211,183,394,53.55,6,125.5,0.4,13.7,141.7,9.67,8.6,5.2,166,11.8,4.88,82,81,113,122
288118,GYAHD13KAU,852225,23/09/2018,06:19,07:32,Pale Yellow,Clear,1.021,4.1,2+,Negative,Negative,Negative,Negative,Normal,Negative,1-2,2,2-4,Rare,Nil,NIL,16.6,5.5,35.4,59.9,30,46,12.4,44.4,9527,41,11,4,7,0,4.35,1.05,1.11,0.34,0.07,412,9,17,0.28,49.6,1.6,0.07,0.39,0.31,203,67,53.6,44.9,224.5,67,3,0.8,1.25,0.8,0.3,0.5,129,11,37,33,7.1,3.8,3.3,1.15,1.2,9.6,4.4832,3.74,137,3.4,98,3.7,116.25,174,244,418,41.63,6.3,134.11,0.8,12.5,110.9,11.27,10.2,2.6,194,10,1.99,285,63,154,119
759321,KLTRS04MLT,171462,27/09/2018,08:06,08:36,Orange,Slightly cloudy,1.011,7,Trace,Negative,Negative,Negative,Negative,Normal,Negative,TNTC,1,1-2,Nil,Nil,Fat droplets or lipiduria,9.7,2,33.3,71.9,48,29,12.5,44.8,4218,55,23,22,7,0,7.3,2.51,0.32,0.38,0.04,212,11.9,16,0.3,12.3,4.2,0.03,6.38,3.95,188,56,72.4,19.5,97.5,106,3.4,1.29,0.77,0.8,0.2,0.6,101,16,25,46,8.1,3.5,4.6,0.76,0.9,32.8,15.3176,17.02,140,4,102,3,101.82,97,118,215,45.12,10.8,263.26,0.8,12.5,352.5,3.55,11.3,4.1,66,7.4,1.69,125,161,76,84
153644,PBCHD05RJU,515090,26/09/2018,08:08,09:37,Pale Yellow,Clear,1.017,6.8,Negative,2+,Negative,3+,Negative,Normal,Negative,1-2,1,2-2,Nil,Nil,NIL,16.7,5.8,60.3,99.8,28,27,13.2,44.5,9027,67,21,5,3,0,1.44,1.95,0.57,0.19,0.13,123,12,16,0.29,23.4,2.1,0.37,0.08,6.32,179,50,140.1,31.8,159,175,3.6,2.8,0.36,0.5,0.2,0.3,107,15,28,35,8.3,4.1,4.2,0.98,0.6,112,52.304,87.17,111,2.9,95,5.4,99.31,160,359,519,30.83,5.7,116.89,0.8,257.7,118.5,217.47,9.8,3.5,181,14.3,3.81,89,97,90,65
236131,PBCHD01CGD,484249,26/09/2018,06:24,07:32,Yellow,Clear,1.026,4.7,1+,Negative,Negative,Negative,Negative,Normal,Negative,TNTC,2,1-2,Nil,Rare,NIL,14.3,6.4,57.8,88.7,22,24,14.3,49.1,4868,41,23,2,11,0,1.91,1.47,0.73,0.02,0.01,921,14.4,13,0.33,12.1,1.2,0.91,4.98,0.11,230,23,75.1,45.8,229,71,10,3.27,0.31,0.7,0.3,0.4,90,30,18,32,6.4,4,2.4,1.67,0.9,12.1,5.6507,6.28,142,3.2,106,4.7,115.88,103,212,315,32.7,7.9,180.03,0.2,23.6,144.3,16.35,9.9,6,200,5,3.97,103,87,107,65
857886,GYAHD13JHJ,845099,27/09/2018,08:00,08:58,Yellow,Clear,1.018,6.9,Trace,Negative,Negative,Trace,Negative,Normal,Negative,85-90,2,15-13,Nil,Nil,NIL,9.6,5.8,48.9,65.8,16,19,12.6,40.2,5472,31,30,1,8,0,1.19,1.36,0.64,0.21,0.02,238,7.2,16,0.29,49.3,3.2,0.12,0.1,0.07,222,59,96.4,17.2,86,122,3.8,1.63,0.61,5.1,2.5,2.6,60,29,38,16,7.3,3.6,3.7,0.97,0.7,9.2,4.2964,6.14,146,4.9,105,3.2,108.57,138,92,230,60,8.1,185.77,0.6,23.7,146.3,16.2,8.9,5.1,158,11.1,2.26,78,93,120,130
306831,PBCHD06MHS,546816,24/09/2018,08:12,08:43,Pale Yellow,Cloudy,1.014,5.7,Negative,1+,Negative,Negative,Negative,Normal,Negative,6-8,1,>20,Nil,Nil,Parasites,16.4,4.8,35.2,84.5,34,46,11.9,41.7,5715,56,39,2,7,0,4.44,0.89,0.22,0.35,0.09,881,7.1,10,0.52,23.9,3,0.19,0.5,0.07,167,52,59.5,31.3,156.5,121,3.2,1.14,0.87,0.7,0,0.7,64,16,23,14,7.7,3.9,3.8,1.03,0.8,5.9,2.7553,3.44,143,3.3,98,3.1,107.16,181,277,458,39.52,5.7,116.89,0.1,26.3,163.7,16.07,10.5,3,69,14.7,4.97,111,91,81,139
809058,KLTRS09WBD,250985,27/09/2018,08:02,09:31,Straw,Slightly cloudy,1.028,6.8,Negative,2+,Negative,Negative,Trace,Normal,Negative,5-7,0,1-3,Nil,Nil,NIL,17.8,4.9,45.2,99.1,36,39,14.3,43.2,5538,60,43,1,4,0,21.59,2.22,0.56,0.29,0.09,262,10.9,10,0.22,12.9,0.7,0.36,0.27,0.7,142,31,53.2,96.8,484,145,4.6,1.72,0.58,0.5,0.2,0.3,79,18,36,20,6.7,4,2.7,1.48,0.8,8.6,4.0162,5.02,145,5.9,106,3.6,19.48,131,331,462,28.35,8.2,188.64,2.2,18.3,81.6,22.43,8.8,5.7,87,11.4,0.006,97,84,72,189
520093,MZLGI04MHP,529376,24/09/2018,11:35,12:58,Light Yellow,Slightly cloudy,1.012,6.6,Trace,Negative,Negative,Negative,Negative,2+,Negative,1-3,2,3-2,Nil,Nil,Fat droplets or lipiduria,17.9,4.6,30.9,86.8,38,57,12.2,41.6,5299,44,41,5,5,0,3.73,1.32,0.96,0.26,0.08,368,10.2,12,0.32,38.8,4.5,1.99,0.38,0.09,211,37,78.1,13.6,68,135,5.7,2.11,0.47,0.7,0.1,0.6,111,28,40,30,6.1,4.8,1.3,3.69,0.9,8.4,3.9228,4.36,134,5.4,95,4.1,95.86,150,199,349,42.98,5.5,111.15,0.4,29,115.8,25.04,10.2,4.1,328,15.5,1.78,77,60,93,273
995675,GYAHD10JHJ,191104,26/09/2018,07:40,08:17,Pale Yellow,Clear,1.012,6.5,Negative,1+,Negative,Negative,Negative,Normal,Negative,3-5,1,2-4,Nil,Nil,NIL,15.4,5.4,43.1,89.6,28,35,13.2,43.9,5406,61,13,4,5,0,9.59,2.26,0.47,0.27,0.01,358,7.3,16,0.62,24.5,3.3,2.27,0.3,1.75,160,58,115,38.9,194.5,136,2.8,1.98,0.5,0.4,0.1,0.3,73,43,13,22,7.1,3.8,3.3,1.15,0.8,7.3,3.4091,4.26,136,4.9,106,4.9,103.21,144,240,384,37.5,6.7,145.59,1,21.2,132.3,16.02,10,3.6,125,7.2,1.49,77,84,221,145
837539,GYAHD12KLM,107238,26/09/2018,08:37,09:35,Light Yellow,Clear,1.01,6.7,Trace,Negative,Negative,Negative,Trace,Normal,Negative,79-82,2,1-2,Nil,Nil,Yeast cells,18.1,5.3,28.2,75.9,34,64,13.4,40.8,8149,32,36,0,4,0,15.67,2.28,0.78,0.21,0.04,251,7.1,14,0.07,27.1,2.8,0.18,3.55,0.7,553,29,153.2,68.9,344.5,160,19.1,5.28,0.19,0.5,0,0.5,110,7,18,17,8.1,4.6,3.5,1.31,1,18.8,8.7796,8.78,141,4.4,100,9.3,111.57,170,201,371,45.82,6.2,131.24,0.3,11.3,91.7,12.32,10.1,2.6,159,6.3,2.69,84,146,208,152
833857,MZLGI01BRC,744831,25/09/2018,07:06,08:02,Dark Yellow,Clear,1.01,6.6,Negative,Trace,Negative,Negative,Negative,Normal,Negative,3-5,2,9-13,Nil,Nil,NIL,5.6,5.5,52.2,85.4,10,10,11.6,40.8,7405,43,37,11,7,11.9,7.22,3.63,0.52,0.31,0.06,450,8.2,16,0.37,22,4.2,0.76,0.23,0.06,187,50,70.7,25.7,128.5,122,3.7,1.41,0.71,0.2,0,0.2,84,47,31,29,8,4,4,1,0.6,10.5,4.9035,8.17,141,4.4,103,2.1,106.33,122,232,354,34.46,6.1,128.37,0.1,24.6,84.3,29.18,8.8,3.1,101,8.9,0.68,86,65,114,72
665695,PBCHD07RJU,605942,26/09/2018,11:20,11:56,Straw,Slightly cloudy,1.014,4.5,Trace,Negative,Negative,Negative,Negative,Normal,Negative,10-12,0,8-12,Nil,Rare,Yeast cells,11.5,4.8,34.6,70.2,23,33,9.8,41.4,10541,46,20,3,8,0,8.87,4.38,0.76,0.27,0.07,220,8.1,16,0.36,23.1,4.4,0.25,0.48,0.04,118,73,95.2,64.7,323.5,218,1.6,1.3,0.77,0.6,0,0.6,127,43,31,9,6.3,4.2,2.1,2,1.1,10.8,5.0436,4.59,139,3.6,95,5.6,92.24,108,345,453,23.84,6.1,128.37,0.3,721.5,133.1,542.07,8,4.3,88,6.4,2.39,74,114,111,135
451134,KLTRS02WBD,506628,26/09/2018,08:19,09:37,Red,Slightly cloudy,1.018,4.7,Trace,1+,Negative,Negative,1+,Normal,Negative,6-8,0,12-13,Nil,Nil,NIL,14.6,5.2,38.3,80.7,28,38,11.8,39.4,8399,30,38,3,6,0.6,0.97,2.17,0.62,0.95,0.03,388,7.3,15,0.37,32.9,1,0.04,0.39,0.33,224,37,99.1,26.1,130.5,141,6.1,2.68,0.37,0.7,0.3,0.4,128,31,35,19,6.5,5.3,1.2,4.42,1.1,15.2,7.0984,6.45,141,4.4,98,4.7,34.05,196,111,307,63.84,8.2,188.64,0.7,25.2,79,31.9,10.1,3.6,156,4.7,0.57,140,73,90,156
521501,PBCHD03CGD,236994,24/09/2018,11:25,12:39,Light Yellow,Clear,1.024,5.3,Trace,Trace,Negative,Negative,1+,Normal,Negative,14-15,1,1-3,Nil,Rare,Fat droplets or lipiduria,10.5,4.2,33.1,40.8,25,31,13.3,45.2,8305,60,30,10,2,0,4.2,0.09,0.26,0,0.05,377,10.3,13,0.06,28.1,2.3,0.14,0.19,0.39,177,70,52.6,19.2,96,81,2.5,0.75,1.33,0.3,0,0.3,37,53,18,39,6.6,4.1,2.5,1.64,0.8,14.7,6.8649,8.58,140,3.1,110,3.5,100.3,150,309,459,32.68,8.8,205.86,0.6,11.6,43.8,26.48,11.1,6.6,193,5.2,1.1,115,84,75,146
439195,PBCHD08RJU,891742,26/09/2018,06:22,06:54,Yellow,Clear,1.019,4.7,Trace,Trace,Negative,Negative,Negative,Normal,Negative,TNTC,2,15-14,Nil,Rare,Fat droplets or lipiduria,10.3,5.5,35.6,75,18,28,13.2,39.6,10299,35,43,1,2,0,20.97,2.47,0.62,0.49,0.04,338,15,17,0.28,15,3.7,0.06,0.12,0.87,154,46,83.6,36,180,89,3.3,1.82,0.55,0.7,0.1,0.6,106,29,11,20,7,3.7,3.3,1.12,1,15.7,7.3319,7.33,150,5.7,100,2.3,34.65,69,207,276,25,6.2,131.24,0.6,13.4,97.9,13.69,8.6,2.5,253,7.8,3.25,81,71,74,109
846920,PBCHD07MHS,199888,27/09/2018,08:37,09:27,Light Yellow,Clear,1.018,7,Trace,Trace,Negative,Negative,Negative,Normal,Negative,TNTC,2,16-16,Nil,Nil,Artifacts,11.1,6.8,57.9,70.1,16,19,12.2,40.4,6193,58,49,2,2,0,6.85,2.51,0.02,0.63,0.01,88,8.9,11,0.08,13.6,2.8,0.08,0.1,0.02,169,46,142.6,35.5,177.5,143,3.7,3.1,0.32,0.3,0,0.3,77,44,26,91,7.9,4.1,3.8,1.08,0.6,8,3.736,6.23,136,4.4,111,4.9,102.18,144,264,408,35.29,12.8,320.66,0.1,15.6,27.6,56.52,8.3,2.7,185,8.8,3.27,102,72,165,395
717139,KLTRS06ODB,930731,23/09/2018,09:35,10:26,Dark Yellow,Slightly cloudy,1.018,6.8,Negative,Negative,Negative,Negative,Negative,Normal,Negative,12-14,1,1-2,Nil,Nil,NIL,20.8,5,44.2,68.4,41,47,12.6,34.3,4445,53,36,1,8,0.8,1.13,1.6,0.55,0.12,0,261,10.1,15,0.14,32.7,4.8,0.24,0.18,0.32,223,40,99.7,13.2,66,93,5.6,2.49,0.4,0.7,0.1,0.6,123,5,20,15,7,4,3,1.33,0.7,18.1,8.4527,12.08,124,2.9,103,7.9,101.7,75,209,284,26.41,6.7,145.59,0.7,258,78.2,329.92,8.8,3.3,172,6.4,3.61,85,148,108,92
491809,PBCHD11SKM,100592,27/09/2018,09:41,11:07,Pale Yellow,Clear,1.016,5.1,2+,Trace,Negative,Negative,Negative,Normal,Negative,17-18,0,>20,Nil,Nil,NIL,15.3,8.3,50.7,76.8,18,30,12.7,40.1,6776,50,43,1,3,0,3.6,2.79,0.54,0.01,0.07,1098,7.4,11,0.35,17.4,3.7,0.41,0.7,4.7,239,32,64.4,25.1,125.5,186,7.5,2.01,0.5,0.7,0.1,0.6,129,7,26,31,7.7,3.8,3.9,0.97,1.8,14.1,6.5847,3.66,146,1.6,113,3.4,109.28,61,320,381,16.01,6.3,134.11,0.8,23.8,21.4,111.21,8.3,3.8,200,5.4,3.05,98,81,79,115
481822,PBCHD02KLC,506467,23/09/2018,09:11,10:22,Light Yellow,Cloudy,1.015,7,Trace,Trace,Negative,Negative,Trace,Normal,Negative,11-12,1,11-16,Rare,Nil,Amorphous debris,13.5,4.8,43,81,28,31,12.3,42.5,7941,51,37,1,8,0,2.96,1.69,0.74,0.14,0.05,442,8.7,20,0.31,15.4,4.6,0.05,0.12,0.93,225,46,70.5,18.2,91,164,4.9,1.53,0.65,1.2,0.3,0.9,116,10,30,45,7.3,4.3,3,1.43,0.7,17.1,7.9857,11.41,136,2.9,105,6.3,63.16,82,214,296,27.7,6,125.5,0.3,17.8,100.3,17.75,11.2,4.7,72,12.1,0.46,112,80,122,121
884220,MZLGI06RJK,154535,23/09/2018,08:42,10:09,Light Yellow,Clear,1.018,5.9,1+,Trace,Negative,Negative,Negative,Normal,Negative,3-4,1,2-3,Rare,Rare,NIL,16.6,5.8,40.9,62.8,28,40,14.6,42.2,2667,31,40,6,10,0,9.19,2.98,0.25,0.2,0.08,360,9.6,17,0.2,32.3,2.3,0.03,0.29,0.26,234,56,81.1,29.4,147,147,4.2,1.45,0.69,3.7,1.8,1.9,64,52,18,15,7.8,4.1,3.7,1.11,0.7,9.4,4.3898,6.27,144,4.5,107,5.2,113.49,130,301,431,30.16,6.1,128.37,0.4,25.9,148.7,17.42,8.2,4.2,69,5.9,0.009,88,82,98,148
301823,PBCHD13NLM,540261,26/09/2018,11:53,13:18,Straw,Clear,1.02,6.9,Negative,Negative,Negative,Negative,Negative,Normal,Negative,11-13,2,3-4,Nil,Nil,Fat droplets or lipiduria,7.1,5.5,27.5,95.4,12,25,10.9,40.2,7192,51,27,18,4,0,3.57,1.05,0.57,0.6,0.07,122,7.2,13,0.33,16.2,0.2,0.02,0.1,0.35,196,55,140.2,15.5,77.5,97,3.6,2.55,0.39,0.8,0.2,0.6,114,17,12,15,7.8,4.1,3.7,1.11,1.2,34.2,15.9714,13.31,137,3.6,105,4.3,51.72,91,130,221,41.18,8.2,188.64,0.8,17.2,91.3,18.84,8.8,2.2,232,11,3.73,120,80,83,95
972624,MZLGI10APK,236489,23/09/2018,07:08,07:57,Pale Yellow,Slightly cloudy,1.029,5.1,1+,Trace,Negative,Negative,Negative,Normal,Negative,1-3,1,1-2,Rare,Few,Fungal elements,13.9,4.9,32.3,79.3,28,43,12.2,44.3,3837,79,27,6,1,0,3.81,1.48,0.22,0.39,0.02,316,10.8,13,0.08,46.4,4.7,0.22,0.95,0.74,140,45,86.8,15,75,135,3.1,1.93,0.52,0.9,0.4,0.5,105,52,58,9,5.1,4.2,0.9,4.67,0.6,18.7,8.7329,14.55,123,2.8,95,4.8,91.5,146,224,370,39.46,11.2,274.74,0,14.8,109.6,13.5,10.1,3.1,246,5.2,0.53,84,78,125,89
355179,GYAHD03ODK,985319,26/09/2018,08:33,09:04,Red,Clear,1.026,4.3,3+,Negative,Negative,Negative,Negative,Normal,Negative,7-8,2,1-4,Nil,Nil,NIL,15.3,3.7,51.8,94.5,41,29,13.5,26.1,6364,46,34,3,2,0.7,1.5,2.2,0.44,0.48,0.28,140,10.6,13,0.32,25.8,2.5,0.35,0.19,0.21,214,56,121.6,37.4,187,213,3.8,2.17,0.46,0.7,0.3,0.4,104,34,39,44,7.9,4.9,3,1.63,0.9,10.6,4.9502,5.5,141,4.9,102,4.3,94.28,96,236,332,28.92,5.9,122.63,1,22.2,39.4,56.35,10.6,4.2,207,4.9,4.8,103,86,74,134
563047,MZLGI15APK,873919,27/09/2018,11:03,12:26,Yellow,Slightly cloudy,1.025,4.8,Negative,Negative,Negative,Negative,Negative,Normal,Negative,3-5,2,1-4,Nil,Nil,Fat droplets or lipiduria,12.1,4,57.4,75.7,30,21,12.3,40.5,39914,51,25,5,6,0,0.76,3.05,0.91,0.29,0.08,265,13.1,12,0.2,26.7,3.3,3.2,0.3,0.24,199,47,41.4,7.3,36.5,94,4.2,0.88,1.14,0.8,0.1,0.7,80,18,30,18,7.8,4.6,3.2,1.44,1.1,10.5,4.9035,4.46,137,5.7,101,3.7,103.94,123,225,348,35.34,6,125.5,0.2,21.2,143.6,14.76,9.1,5.4,253,3.4,6.94,83,81,115,72
424706,MZLGI10RJK,567855,26/09/2018,11:06,12:02,Red,Clear,1.017,7,Negative,Trace,Trace,Negative,Negative,Normal,Negative,6-7,1,3-2,Nil,Nil,NIL,17.6,4.9,43.3,85.5,35,40,14.8,39.5,7837,10,52,2,7,0,5.53,2.71,0.58,0.12,0.06,103,8.8,15,0.39,37.6,0.7,0.3,0.75,0.35,165,57,112.6,21.6,108,112,2.9,1.98,0.51,0.3,0.1,0.2,123,56,39,19,6.5,3.6,2.9,1.24,0.9,16.5,7.7055,8.56,138,5.4,98,5.7,96.1,129,259,388,33.25,6.4,136.98,0.6,26.8,459.3,5.83,9.2,6,272,6.8,0.7,104,93,101,121
231622,PBCHD12NLM,938194,24/09/2018,09:07,10:20,Straw,Clear,1.013,6.7,Negative,Negative,Negative,Negative,Negative,Normal,Negative,10-12,2,1-2,Rare,Nil,NIL,18.9,4.9,64.9,114.2,38,29,14.2,39.8,48229,74,22,6,10,3,1.23,4.01,1.3,0.05,0.34,293,7.8,10,0.59,32.2,1.9,0.1,0.07,0.09,163,54,112.7,76.4,382,119,3,2.09,0.48,0.7,0.3,0.4,41,34,20,30,6.1,4.6,1.5,3.07,1,17.4,8.1258,8.13,125,4.6,108,3.3,98.09,114,353,467,24.41,9.8,234.56,0.7,14.8,100.9,14.67,10.1,5.5,277,8.4,2.7,77,95,188,72
448356,KLTRS02KLP,229833,27/09/2018,10:01,11:22,Straw,Slightly cloudy,1.017,4.8,Negative,2+,Negative,Negative,Negative,Normal,Negative,37-42,1,1-2,Nil,Few,NIL,13.4,5.4,43,95.1,24,31,9.8,39.9,10552,33,48,10,5,0,1.28,1.35,0.41,0.4,0.07,745,8.2,17,0.49,15.5,2.8,0.02,0.27,0.36,197,45,94.8,33.6,168,126,4.4,2.11,0.47,0.7,0.3,0.4,51,48,36,27,6.4,3.7,2.7,1.37,0.9,23.1,10.7877,11.99,124,4,108,5.2,93,98,93,191,51.31,5.7,116.89,0.1,21,124.9,16.81,11.9,6.4,185,7.2,1.83,117,82,335,87
854196,MZLGI07RJK,594247,25/09/2018,09:17,10:21,Straw,Clear,1.017,4.5,Trace,Negative,Negative,Negative,Negative,Normal,Negative,4-6,0,2-2,Rare,Nil,NIL,8.6,4.3,18.5,92.1,20,46,13,39.1,7732,32,48,2,12,0,7.76,3,0.51,0,0.03,152,12.6,20,0.17,18.2,2,0.01,0.02,0.2,199,24,193.8,28.6,143,167,8.3,8.08,0.12,0.5,0.1,0.4,127,55,11,32,5.3,3.5,1.8,1.94,0.7,5.4,2.5218,3.6,141,4.9,101,7.6,109.39,107,93,200,53.5,7.5,168.55,0.8,14.1,207,6.81,10.5,3.3,238,5.7,2.38,94,79,71,174
802564,MZLGI11GJS,178163,23/09/2018,08:52,09:39,Deep Amber,Slightly cloudy,1.022,4.1,Trace,Trace,Negative,Negative,Negative,Normal,Negative,12-13,2,11-8,Rare,Rare,Amorphous debris,11.1,4.1,31.4,69.4,27,35,12.5,43.6,10602,77,44,6,7,0,4.78,2.43,0.68,0.56,0.09,131,7.5,17,0.31,32.7,0.1,0.09,0.32,0.44,219,77,93.3,46.1,230.5,188,2.8,1.21,0.83,0.7,0.3,0.4,125,39,8,47,7.5,4,3.5,1.14,1.1,8.8,4.1096,3.74,146,5.1,96,7,104.69,50,315,365,13.7,6.1,128.37,0.5,28.5,101.2,28.16,9.3,3.5,83,4.6,1.62,108,134,88,113
494174,PBCHD13PBP,382388,27/09/2018,07:08,08:06,Light Yellow,Hazy,1.018,6.7,Trace,Trace,Negative,Negative,2+,Normal,Negative,13-14,1,2-3,Nil,Rare,Amorphous debris,14.9,5,35.1,98.2,29,42,12.6,41.4,8163,35,33,2,17,0,6.83,2.49,0.94,0.17,0.06,355,16.3,12,0.12,24.4,1.3,0.13,0.23,0,116,42,97.4,13.3,66.5,95,2.8,2.32,0.43,0.7,0.1,0.6,83,36,18,13,7.3,4.8,2.5,1.92,0.9,19.5,9.1065,10.12,148,2.8,105,5,95.79,60,231,291,20.62,7,154.2,0.3,12.8,147.1,8.7,8.8,4.6,169,12.2,2.27,118,89,183,125
475870,PBCHD14PBP,768573,23/09/2018,10:10,10:57,Yellow,Clear,1.021,5.8,Trace,Trace,Trace,Negative,Negative,Normal,Negative,5-6,2,1-4,Nil,Nil,NIL,16.6,5.3,44.6,66.6,31,37,14,39.2,7504,53,16,5,10,0,8.73,1.68,0.38,0.84,0.44,12,12.4,11,0.45,27.7,1.3,3.77,0.06,0.32,195,64,102.6,28.1,140.5,86,3,1.6,0.62,0.6,0.2,0.4,104,45,64,48,6.8,4.7,2.1,2.24,1,8,3.736,3.74,119,4.1,95,2.5,106.54,250,137,387,64.6,6.3,134.11,0.6,10.2,119.8,8.51,7.6,5.1,167,9.9,11.43,87,105,60,104
778892,KLTRS04MLT,151875,26/09/2018,08:42,09:26,Straw,Clear,1.014,6.9,Trace,Negative,Negative,Negative,Negative,Normal,Negative,1-2,0,1-2,Nil,Moderate,NIL,9.4,4.4,51.8,96.1,21,18,12.9,43.7,9114,36,14,5,5,0.9,1.71,1.59,0.77,0.03,0.01,442,9.5,11,0.21,26.9,1.4,0.22,0.39,2.72,136,31,99.1,86.7,433.5,158,4.4,3.2,0.31,0.9,0.3,0.6,96,20,38,28,6.7,4.8,1.9,2.53,0.8,14.5,6.7715,8.46,138,4.3,107,5,110.57,126,258,384,32.81,6.1,128.37,0.4,27.6,265.3,10.4,10.6,4.9,284,24.9,2.92,121,95,134,80
382871,PBCHD02CGD,890695,26/09/2018,10:02,11:02,Deep Amber,Slightly cloudy,1.011,4.8,Trace,Negative,Negative,Negative,Negative,Normal,Negative,14-15,2,1-4,Nil,Nil,NIL,20.7,4.9,31.9,95.6,42,64,14.1,41.4,10353,48,35,10,9,0,0.66,1.22,0.45,0.18,0.08,357,7.5,16,0.27,27.1,2.9,0.12,0.06,0.1,136,53,79.3,35.5,177.5,85,2.6,1.5,0.67,0.6,0.2,0.4,66,27,34,34,7.4,4.4,3,1.47,0.6,16.3,7.6121,12.69,136,4,104,3.4,77.12,180,360,540,33.33,6.3,134.11,0.9,12.5,44.4,28.15,10.6,3,135,6.6,0.67,89,84,84,134
607285,MZLGI07BRC,112288,24/09/2018,08:44,09:46,Dark Yellow,Clear,1.017,4.1,Negative,Negative,Negative,Negative,Trace,Normal,Negative,5-7,0,2-4,Rare,Nil,NIL,14.1,5.3,41.1,83.3,26,34,13.1,39.2,10820,57,31,3,10,0,1.4,2.25,0.97,0.38,0.12,19,8.3,16,0.22,31.8,0.8,0.26,0.31,0.23,206,63,28.3,35.1,175.5,154,3.3,0.45,2.23,1.1,0.4,0.7,103,51,30,30,7.9,3.5,4.4,0.8,1,14,6.538,6.54,142,2.7,112,4.5,37.64,97,211,308,31.49,5.7,116.89,0.7,15.9,141.5,11.24,9.1,3.7,248,9.5,2.9,78,84,122,210
363385,MZLGI13BRC,338714,27/09/2018,06:25,07:06,Pale Yellow,Hazy,1.019,6.6,Trace,Negative,Negative,Negative,Negative,Normal,Negative,9-10,0,3-3,Nil,Nil,NIL,17.3,5.8,51.7,97.8,29,33,11.9,39.1,37562,31,41,4,2,0,1.48,2.58,0.57,0.44,0.02,435,8.8,13,0.26,25.2,4,4.03,0.21,3.93,144,49,91.5,21.2,106,154,2.9,1.87,0.54,1.7,0.8,0.9,73,24,33,42,7.9,4.7,3.2,1.47,1,7.8,3.6426,3.64,143,4.6,99,2.1,111.53,93,250,343,27.11,5,96.8,0.1,338.7,76.5,442.75,10.3,5.7,153,8.8,3.6,166,60,74,134
160911,GYAHD02KAU,802667,23/09/2018,09:49,10:42,Pale Yellow,Clear,1.024,5.7,Negative,Trace,Negative,Negative,Negative,Normal,Negative,7-9,0,2-3,Nil,Nil,NIL,8.5,4.1,23.9,81.2,20,35,16.4,45.8,9388,40,20,1,7,0,7.48,3.19,0.06,0.14,0.09,217,10,15,0.25,19.6,4.4,0.38,0.12,3.5,213,53,94.2,54.5,272.5,62,4,1.78,0.56,3.9,1.9,2,115,18,12,46,5.9,4.7,1.2,3.92,0.8,13.5,6.3045,7.88,133,4.7,106,2.1,113.65,117,256,373,31.37,6,125.5,0.8,216.4,101,214.26,9.7,3.3,103,7.3,4.81,92,88,72,103
749140,KLTRS10KLP,615617,25/09/2018,09:22,10:24,Yellow,Clear,1.012,5.8,Negative,Trace,Negative,Negative,Negative,Normal,Negative,13-14,2,1-4,Nil,Nil,NIL,10.8,5,10.6,43.7,21,101,12.6,39.8,4058,33,13,5,12,0,3.67,2.44,0.58,0.05,0.09,92,14.3,12,0.3,25.9,4.7,0.03,0.32,0.09,174,52,85.7,28.8,144,161,3.3,1.65,0.61,0.5,0,0.5,81,52,24,21,7.2,4.9,2.3,2.13,1.1,17.1,7.9857,7.26,92,3.6,97,3.3,126.34,141,105,246,57.32,6.3,134.11,0.2,15.6,124.1,12.57,10.1,3.7,188,3,2.69,84,94,74,155
993038,KLTRS06WBD,820251,25/09/2018,11:22,12:14,Light Yellow,Slightly cloudy,1.013,4.6,Trace,Negative,Negative,Negative,Negative,Normal,Negative,97-98,0,1-3,Nil,Nil,NIL,12.9,4.2,46.6,62.7,30,27,12.4,45.3,51549,55,30,2,19,0,6.53,2.87,0.2,0.59,0.02,449,12.1,17,0.23,14,0.1,0.19,0.23,0.23,151,36,25,11.1,55.5,126,4.2,0.69,1.44,0.4,0.1,0.3,111,44,23,24,7.3,4.7,2.6,1.81,0.8,8.9,4.1563,5.2,142,2.5,102,1.5,99.51,170,276,446,38.12,6,125.5,19.8,16.8,76.7,21.9,10.4,2.9,70,10.3,1.17,74,125,83,246
907240,KLTRS14MLT,421223,25/09/2018,08:11,09:05,Straw,Clear,1.023,5.6,1+,Negative,Negative,Negative,Negative,Normal,Negative,2-3,2,2-3,Nil,Nil,NIL,3.3,6,21.3,91.1,5,15,11.5,39.3,7487,60,25,14,7,0,3.1,2.11,0.35,0.19,0.09,308,6.7,13,0.2,27.8,4.8,3.86,2.73,0.26,196,51,70.8,8.2,41,217,3.8,1.39,0.72,0.4,0.1,0.3,65,10,29,40,6.7,3.7,3,1.23,0.9,8.3,3.8761,4.31,144,2.6,107,5.4,39.32,104,314,418,24.88,5.9,122.63,1,28.3,224.8,12.59,8.7,2.3,193,16.2,6.06,183,108,86,117
926092,GYAHD03KLM,132995,23/09/2018,11:57,12:46,Yellow,Clear,1.02,4.6,Negative,1+,Trace,Negative,Negative,Normal,Negative,8-9,2,3-4,Rare,Nil,NIL,14,4.9,41.7,75.2,28,33,13.1,45.8,4867,50,24,4,13,0,8.32,1.53,0.24,0.32,0.02,238,7.5,17,0.28,16.9,0.3,0.63,0.02,0.28,183,56,90.3,38.6,193,123,3.3,1.61,0.62,0.2,0,0.2,114,54,14,43,7.8,4.8,3,1.6,0.6,35.9,16.7653,27.94,135,1.7,96,5.4,110.65,87,206,293,29.69,9,211.6,0.3,196.5,54.1,363.22,8,2.1,91,12.5,2.35,83,72,85,108
953137,MZLGI08MHP,567537,26/09/2018,06:42,07:57,Light Yellow,Slightly cloudy,1.012,6.8,Negative,Trace,Negative,Negative,Negative,Normal,Negative,4-5,1,1-2,Nil,Nil,NIL,12.3,4.8,31.9,80.5,25,38,14,45.4,5577,39,34,6,3,0,1.27,2.31,0.24,0,0.05,109,9.5,13,0.24,33.2,3.9,0.16,3.63,0.24,189,54,186.4,33.6,168,158,3.5,3.45,0.29,1,0.2,0.8,113,45,37,32,6.5,4.1,2.4,1.71,0.8,211.7,98.8639,123.58,137,3.9,108,2,43.38,169,314,483,34.99,5.8,119.76,1,14.9,63.2,23.58,8.8,4.8,221,19.6,9.09,119,191,108,113
610362,GYAHD11JHJ,794094,24/09/2018,08:26,09:32,Light Yellow,Hazy,1.009,5.5,Trace,Negative,Negative,Negative,Negative,Normal,Negative,54-59,0,2-3,Nil,Nil,NIL,11.7,4.5,31.3,79.2,26,37,13.8,45.8,7884,50,37,4,8,0,8.44,1.69,0.53,0.61,0.01,216,11.9,16,0.12,16.3,0.8,0.36,6.72,3.64,158,28,130.9,6.7,33.5,141,5.6,4.68,0.21,0.8,0.1,0.7,113,72,39,12,8.3,4.2,4.1,1.02,0.6,6.3,2.9421,4.9,120,3.8,108,5,105.56,83,175,258,32.17,8.4,194.38,0.1,23.5,146.8,16.01,9.1,4.5,255,10.2,1.52,71,70,115,81
595894,GYAHD06ODK,375409,24/09/2018,07:35,08:51,Straw,Slightly cloudy,1.02,4.3,Trace,Trace,Negative,Negative,Negative,Normal,Positive,11-12,5,1-3,Nil,Nil,Fungal elements,10.9,4.7,52.6,67.5,23,20,13.6,45.1,52558,48,21,5,3,0,0.26,1.49,0.67,0.32,0.1,440,7.3,16,0.19,13.6,3.9,0.14,0.13,0.12,234,76,74.9,27.1,135.5,136,3.1,0.99,1.01,0.9,0.3,0.6,81,33,11,32,6.9,4,2.9,1.38,0.8,10.5,4.9035,6.13,149,4.8,105,5.6,112.82,102,195,297,34.34,5.9,122.63,0.1,16.7,265.7,6.29,10.7,3.5,227,9.4,6.4,99,60,90,77
525439,GYAHD07ODK,230424,23/09/2018,06:08,07:05,Pale Yellow,Hazy,1.013,5.8,Negative,Trace,Negative,Negative,Negative,Normal,Negative,14-15,0,3-2,Rare,Nil,NIL,2.8,4.2,52.4,82,6,5,14.4,40.3,10138,69,33,3,4,0,2.97,1.65,0.72,0.63,0.01,194,7.7,17,0.32,43,3.7,4.52,4.6,0.3,169,25,57.3,10.6,53,138,6.8,2.29,0.44,0.5,0.2,0.3,67,46,16,42,8.2,4.9,3.3,1.48,2,13.7,6.3979,3.2,140,3.7,100,5.6,75.42,166,265,431,38.52,6.2,131.24,0.7,290.4,134.5,215.91,8.5,3,273,10.5,3.28,96,93,82,125
281607,KLTRS02MLT,899582,24/09/2018,10:17,11:16,Orange,Clear,1.012,4.8,Negative,Trace,Negative,Negative,Negative,3+,Negative,13-15,0,1-4,Nil,Nil,Parasites,17.6,4.1,51.7,82.3,42,34,12.7,41.2,4500,60,28,3,8,0.4,8.46,2.04,0.65,0.61,0.13,409,8.8,18,0.28,16.8,0.8,1.05,0.26,0.32,225,28,130.3,60.3,301.5,84,8,4.65,0.21,0.6,0.1,0.5,97,26,21,32,7.4,4.2,3.2,1.31,0.8,9.8,4.5766,5.72,141,4,107,2.7,93.05,143,336,479,29.85,8.9,208.73,0.1,14,99.9,14.01,11.6,3.4,191,5.7,2.81,111,118,108,62
997382,MZLGI12APK,735156,25/09/2018,06:10,07:36,Light Yellow,Slightly cloudy,1.028,6.8,Trace,Trace,Negative,Negative,Negative,Normal,Negative,11-13,2,1-2,Nil,Nil,Artifacts,9,8.3,53.4,70.1,10,16,13.8,41.5,9080,47,43,5,2,0,9.92,1.76,0.54,0.04,0.1,114,5.5,16,0.13,20.2,6.4,0.03,2.02,0.18,168,58,72.6,31.1,155.5,145,2.9,1.25,0.8,1.1,0.5,0.6,44,33,20,26,7,3.6,3.4,1.06,0.9,11.9,5.5573,6.17,140,4.5,118,3.9,114.96,209,161,370,56.49,5.7,116.89,0.2,26.3,26.2,100.38,10.3,1.5,155,18.8,4.68,98,212,68,133
353969,MZLGI08RJK,120109,25/09/2018,10:05,10:57,Straw,Slightly cloudy,1.017,6.4,Trace,Negative,Trace,Negative,Negative,Normal,Negative,12-13,2,1-4,Nil,Rare,NIL,10.4,4.2,53.8,72.9,24,19,13.1,45.6,5105,58,37,4,3,0,4.61,3.21,0.48,0.05,0.06,773,17.4,16,0.54,15.2,0.9,0.1,0.02,0.43,152,24,43,26.8,134,121,6.3,1.79,0.56,0.3,0,0.3,65,4,36,47,8.2,5,3.2,1.56,1.2,7.9,3.6893,3.07,103,4.7,101,2.7,98.82,160,334,494,32.39,7,154.2,0.1,16.3,160.7,10.14,7.8,3.7,244,10.8,0.29,77,60,80,147
848355,MZLGI09APK,176372,26/09/2018,07:04,07:58,Light Yellow,Slightly cloudy,1.015,6,Negative,Negative,Negative,Trace,Negative,Normal,Negative,4-6,0,3-3,Nil,Nil,NIL,11.9,4.1,41.9,80.2,29,28,13.9,45.2,36805,49,28,2,6,0,8.5,0.68,1.42,0.03,0.04,232,7.3,27,0.27,21.8,2.4,0.29,0.14,0.2,163,37,72.5,37.5,187.5,73,4.4,1.96,0.51,1,0,1,86,7,39,35,7,4.8,2.2,2.18,1,12.6,5.8842,5.88,149,4.3,112,3.2,108.3,150,141,291,51.55,5.7,116.89,0.5,57.3,137.4,41.7,9.4,3.5,97,3.8,1.65,108,119,94,129
711666,KLTRS09WBD,549656,24/09/2018,10:37,11:54,Yellow,Clear,1.017,7.6,Trace,Trace,Negative,Negative,Negative,Normal,Negative,7-9,0,3-4,Nil,Nil,NIL,12.1,5.2,30.2,85.7,23,40,14.2,42.6,4474,41,38,1,3,0,21.05,2.97,0.56,0.29,0.04,696,10.4,5,0.28,33.4,3.1,5.82,0.28,0.29,161,27,42,35.9,179.5,100,6,1.56,0.64,0.5,0.1,0.4,80,115,24,9,6,3.7,2.3,1.61,1.1,8.9,4.1563,3.78,108,3,111,2.5,101.82,208,134,342,60.82,5.8,119.76,0.5,14,63.7,21.98,11.7,3.7,266,7.7,2.63,91,110,78,101
787843,KLTRS07KLP,678169,23/09/2018,11:34,12:30,Pale Yellow,Slightly cloudy,1.023,6.7,Trace,Trace,Negative,Negative,Negative,Normal,Negative,6-8,2,3-3,Nil,Nil,NIL,14.4,5.1,53.6,87.7,28,26,13.1,43.7,8730,42,30,5,7,0,7.53,1.48,0.84,0.67,0.07,30,10.3,10,0.65,45.9,4.6,0,0.25,0.13,163,59,76.3,12.9,64.5,72,2.8,1.29,0.77,0.5,0.2,0.3,58,45,6,9,7.1,4.6,2.5,1.84,0.8,209.2,97.6964,122.12,138,4.4,89,5.2,105.51,128,108,236,54.24,6.1,128.37,0.1,14.1,137.7,10.24,9.2,5.2,150,9.3,3.05,75,70,118,73
588811,KLTRS06ODB,497785,27/09/2018,09:07,10:20,Light Yellow,Clear,1.016,6.9,1+,Trace,Negative,Negative,Negative,Normal,Negative,7-9,3,1-2,Few,Nil,NIL,17.5,4.7,41.2,76.5,37,42,13.5,39.3,9132,42,15,1,4,0,5.27,3.26,0.68,0.12,0.03,116,9.4,13,0.34,12,0.1,1.63,0.3,0.03,185,44,70.3,7.7,38.5,126,4.2,1.6,0.63,0.5,0.2,0.3,109,7,25,26,6.3,4.5,1.8,2.5,0.7,10.1,4.7167,6.74,135,4.2,110,3.9,119.16,132,344,476,27.73,5.8,119.76,0.7,18.9,287,6.59,9.9,2,89,15.3,7.75,76,82,262,62
347540,KLTRS06ODB,376698,26/09/2018,10:27,11:39,Yellow,Slightly cloudy,1.017,4.5,Negative,Negative,Negative,Negative,1+,Normal,Negative,TNTC,2,2-4,Nil,Nil,NIL,10.7,4.9,64.9,95.2,21,16,14.3,43.9,7339,53,33,0,2,0,6.08,1.64,0.93,0.51,0.07,286,10.3,15,0.38,15.4,4,0.07,0.09,0.19,178,46,88.3,37.6,188,157,3.9,1.92,0.52,0.4,0.1,0.3,65,23,34,26,8.1,3.2,4.9,0.65,0.8,14.9,6.9583,8.7,136,5,113,3.7,105.85,149,258,407,36.61,12.1,300.57,0.4,12.8,75.6,16.93,8.3,3.2,191,11.7,11.75,103,135,89,64
853310,GYAHD01JHJ,806843,27/09/2018,07:01,08:06,Straw,Clear,1.008,5.1,Negative,Negative,Negative,Negative,Negative,Normal,Negative,14-15,2,3-2,Nil,Nil,NIL,2.6,5.9,51.7,94,4,5,14.1,39.7,39197,49,36,2,6,0,2.72,1.15,0.81,0.16,0.06,168,8.9,17,0.22,44.9,6.9,0.08,0.07,0.8,160,49,86.5,18.4,92,71,3.3,1.77,0.57,0.6,0,0.6,62,53,28,22,8.2,4.4,3.8,1.16,1.2,10.5,4.9035,4.09,137,3.2,101,3.3,64.04,165,339,504,32.74,8,182.9,0.8,18.4,190.7,9.65,8.6,2.2,76,3,2.43,80,107,76,122
351378,GYAHD07ODK,749498,23/09/2018,09:38,10:55,Light Yellow,Slightly cloudy,1.016,6.8,Negative,Trace,1+,Negative,Negative,3+,Negative,6-7,3,13-19,Nil,Nil,NIL,15.4,4.5,44,90.5,34,35,9.6,41.9,10746,79,37,6,8,0,9.74,0.35,0.99,0.17,0.02,242,9.4,16,0.19,33.3,1.9,0.36,0.24,2.98,196,46,68.7,22.2,111,152,4.3,1.49,0.67,0.7,0.3,0.4,64,34,33,24,8.5,3.6,4.9,0.73,1,12.6,5.8842,5.88,141,4,106,1,49.35,84,177,261,32.18,6.4,136.98,0.9,10.7,97.5,10.97,9.7,1.4,159,11.6,3,118,61,95,134
101660,PBCHD07CGD,510396,25/09/2018,07:13,08:08,Green,Slightly cloudy,1.018,4.9,Trace,Negative,1+,Negative,Negative,Normal,Negative,5-7,1,1-4,Nil,Nil,NIL,15.7,5.6,56.3,95,28,27,13.5,41.7,3072,54,48,4,3,1.1,0.67,2.28,0.2,0.11,0.02,419,13.9,17,0.38,21.2,3.9,0.99,0.19,0.31,225,55,49.2,31.6,158,156,4.1,0.89,1.12,0.7,0.2,0.5,100,20,18,29,7.4,4,3.4,1.18,0.7,10.5,4.9035,7.01,128,4.3,101,3.7,116.6,161,215,376,42.82,7.6,171.42,0.9,28.5,178.7,15.95,7.9,4.8,141,18.6,2.69,100,82,64,94
431700,MZLGI04MHP,502737,26/09/2018,06:28,07:13,Light Yellow,Clear,1.027,8.9,Trace,Negative,Negative,Negative,Negative,Normal,Negative,9-11,0,3-2,Nil,Rare,NIL,3.7,5.1,40.7,96.1,7,9,12.8,40.4,4694,32,34,6,11,0,9.17,1.56,0.34,0.16,0.02,181,17.7,15,0.3,17.7,1.9,0.39,0.23,0.22,174,51,94,84,420,104,3.4,1.84,0.54,0.7,0.3,0.4,104,13,34,15,6.3,3.5,2.8,1.25,0.7,6.8,3.1756,4.54,126,2.1,98,2.1,96.51,61,146,207,29.47,6.3,134.11,0.6,25.6,173.5,14.76,9.6,5.3,173,6,12.87,148,97,85,253
965266,KLTRS11MLT,634040,24/09/2018,09:02,09:43,Pale Yellow,Clear,1.024,4.9,1+,1+,Negative,Negative,Negative,Normal,Negative,76-78,2,2-2,Nil,Rare,Fat droplets or lipiduria,12.5,4.2,47.5,75.7,29,26,13,29.9,11467,35,37,5,6,0,3.53,2.44,0.71,0.55,0.05,130,5.2,9,0.34,12.6,1.4,0.03,0.62,3.06,235,58,96.1,13.5,67.5,86,4.1,1.66,0.6,0.9,0.2,0.7,91,34,36,37,7.8,3.5,4.3,0.81,1,13.9,6.4913,6.49,135,4.3,114,8.2,116.25,70,140,210,33.33,6.7,145.59,0.6,14.6,131.2,11.13,8.2,5.1,70,19.9,2.39,87,75,81,109
273576,GYAHD06KLM,596642,26/09/2018,10:34,11:45,Pale Yellow,Clear,1.02,6.7,Negative,Negative,Negative,Negative,Negative,Normal,Negative,81-82,2,3-3,Nil,Moderate,NIL,12.3,6,35,52.2,20,35,12.7,39.5,7521,43,40,3,5,0,8,4.53,0.59,0.32,0.09,379,7.6,14,0.33,13.4,0.5,0.63,0.04,0.18,148,55,83.8,11.7,58.5,142,2.7,1.52,0.66,0.5,0.2,0.3,102,16,10,36,7.1,3.8,3.3,1.15,1.2,11.4,5.3238,4.44,141,1.8,100,5.5,101.91,129,140,269,47.96,5.7,116.89,0.7,26.5,87.2,30.39,11.2,3.5,143,19.6,3.48,101,75,93,94
966121,GYAHD06KLM,852482,25/09/2018,10:50,12:09,Yellow,Clear,1.013,4.9,Negative,Negative,Negative,Negative,Negative,Normal,Negative,7-9,0,14-15,Nil,Nil,NIL,9.6,4.6,60.4,85.6,20,15,13.1,40.4,10713,52,20,3,20,0,14,2.03,0.69,0.37,0.05,864,15.9,14,0.35,13.4,1.7,0.17,0.14,0.43,155,55,42.3,35.3,176.5,152,2.8,0.77,1.3,0.4,0,0.4,69,27,34,32,5.4,4.7,0.7,6.71,1.2,10.8,5.0436,4.2,142,4.4,101,4.1,72.77,113,101,214,52.8,7.5,168.55,0.3,24.6,72.3,34.02,6,5.5,228,6.9,1.17,79,104,72,83
574878,PBCHD10SKM,151009,23/09/2018,09:04,10:10,Straw,Cloudy,1.028,6.5,3+,2+,Negative,Negative,Negative,Normal,Negative,13-15,0,3-4,Nil,Nil,Parasites,5,5.5,33.1,49.6,9,15,12.3,43.6,7372,48,40,6,0,11,5.12,2.27,0.62,0.37,0.01,55,10.8,16,0.35,20.8,2.2,0.16,0.07,0.31,177,48,144.3,34.5,172.5,107,3.7,3.01,0.33,1.1,0.2,0.9,102,45,17,40,6.1,4.8,1.3,3.69,0.8,10.5,4.9035,6.13,135,3.6,105,3.6,87.77,207,358,565,36.64,7.1,157.07,0.1,16.6,126.8,13.09,11.7,5.6,101,16.1,3.13,130,86,203,224
641423,PBCHD02RJU,319102,26/09/2018,08:44,10:07,Light Yellow,Clear,1.018,4.5,1+,1+,Negative,Negative,Negative,Normal,Negative,2-4,0,14-18,Nil,Rare,NIL,16.2,4.6,24.5,73.5,35,66,12.3,32.8,8637,39,12,3,2,0,5.52,2.59,0.96,0.06,0.06,283,11.7,18,0.29,20.5,0.3,4.94,0.21,0.07,157,49,83.8,27.9,139.5,134,3.2,1.71,0.58,0.5,0.2,0.3,87,51,38,12,7.8,3.9,3.9,1,0.3,18.1,8.4527,28.18,139,4.8,113,6.3,112.19,64,355,419,15.27,6.6,142.72,0.3,512.3,183.7,278.88,8.9,4.5,100,8.8,3.43,88,122,83,172
775235,GYAHD06KLM,583841,24/09/2018,11:28,12:29,Light Yellow,Clear,1.028,7,Negative,Trace,1+,Negative,Negative,Normal,Negative,11-13,1,2-4,Nil,Nil,NIL,10,8.4,63.8,98.5,11,15,13.4,45.9,8996,53,22,4,3,0,0.84,1.05,0.2,0.56,0.02,285,7.5,9,0.21,28.7,6.8,2.56,0.04,0.15,232,59,75.2,35.1,175.5,80,3.9,1.27,0.78,0.3,0.1,0.2,52,33,14,11,6.9,4.2,2.7,1.56,1.1,19.2,8.9664,8.15,135,4.3,100,5.4,96,74,155,229,32.31,8.3,191.51,0.1,18.7,135,13.85,12.3,2.2,65,13.2,0.56,117,110,86,165
930315,PBCHD12PBM,828558,26/09/2018,10:10,11:26,Light Yellow,Slightly cloudy,1.021,5,Negative,Negative,Negative,Negative,Negative,Normal,Negative,5-7,2,2-2,Nil,Few,NIL,9.5,5.4,46.9,91.4,17,20,12.8,44.7,10109,52,38,2,8,0,6.31,1.3,0.41,0.7,0.01,251,8.4,19,0.33,14.5,4.2,6.46,0.07,0.35,152,79,87.7,32.5,162.5,81,1.9,1.11,0.9,0.7,0.3,0.4,71,20,20,15,6.4,4.7,1.7,2.76,1.2,18.8,8.7796,7.32,138,3.6,103,1.1,92.89,81,356,437,18.54,5.9,122.63,0.2,26.7,86,31.05,8.2,2.8,121,17.4,1.07,99,68,118,159
855950,MZLGI05MHP,316451,25/09/2018,11:24,12:38,Light Yellow,Slightly cloudy,1.014,5.9,Trace,Trace,Negative,1+,Trace,Normal,Negative,3-5,0,2-3,Nil,Nil,NIL,11.3,4.8,20.1,77.6,23,56,12.5,39.1,4782,54,47,1,6,0,2.88,1.64,0.89,0.26,0.07,372,7.2,19,0.24,40.1,0.7,0.21,0.13,0.03,155,54,41,36.2,181,173,2.9,0.76,1.32,0.5,0.2,0.3,116,43,8,12,7.3,4.7,2.6,1.81,0.6,15.9,7.4253,12.38,136,3.7,105,6.8,46.6,154,116,270,57.04,7.8,177.16,0.9,16.3,173.4,9.4,8.7,3.5,91,14.8,0.97,75,93,65,130
175339,KLTRS05ODB,912754,26/09/2018,06:38,07:30,Pale Yellow,Clear,1.014,5,Negative,1+,Negative,Trace,Negative,Normal,Negative,5-6,0,3-4,Nil,Nil,Mucus threads,16.7,4.4,59.1,44.1,37,28,12.5,45.9,10734,40,29,3,3,0,4.11,2.01,0.88,0.42,0.08,257,9.3,12,0.22,12.4,3.8,0.37,0.32,0.13,155,56,92.5,38.7,193.5,74,2.8,1.65,0.61,0.8,0.3,0.5,119,26,40,18,7.5,4.4,3.1,1.42,0.6,18.4,8.5928,14.32,130,4.6,106,4.9,119.65,73,113,186,39.25,5.8,119.76,0.1,17.4,136.9,12.71,11.4,2.4,209,3.6,3.81,121,64,186,163
270902,PBCHD15KLC,834038,25/09/2018,08:07,09:08,Light Yellow,Slightly cloudy,1.019,5.6,Trace,Trace,Negative,Negative,Negative,Normal,Negative,6-7,2,1-4,Nil,Rare,Fungal elements,13,4.2,56.8,65,30,22,11.7,44.5,6892,62,33,2,5,0,0.92,0.08,0.22,0.49,0.04,96,11,14,0.07,23.1,2.6,0.1,5.49,0.22,181,77,104.4,15.2,76,69,2.4,1.36,0.74,0.8,0.2,0.6,73,32,28,48,7.2,4.3,2.9,1.48,0.6,15,7.005,11.68,139,2.6,95,5.7,82.81,120,228,348,34.48,8.6,200.12,0.7,21.5,97.3,22.1,7.6,4.5,152,9.1,2.97,94,100,231,127
516598,PBCHD06MHS,139459,23/09/2018,08:26,09:25,Yellow,Clear,1.019,7,Negative,Trace,Negative,Negative,Negative,Normal,Negative,10-11,2,3-4,Nil,Moderate,Parasites,10.4,5.3,49.9,98.5,19,20,13.3,39.2,5022,55,25,6,5,0,3.42,0.35,0.12,0.31,0.04,167,9.1,11,0.33,19,1.2,0.02,0.19,0.33,159,56,96.5,11.5,57.5,131,2.8,1.72,0.58,0.4,0,0.4,40,25,17,15,7,4.5,2.5,1.8,1,11.5,5.3705,5.37,136,4.8,113,6,28.89,137,311,448,30.58,6.5,139.85,0.6,28.6,63.1,45.32,10.9,5.4,90,11.3,1.96,90,124,72,89
232141,PBCHD13RJU,816691,23/09/2018,11:26,12:44,Yellow,Hazy,1.029,5.5,3+,Trace,Negative,Negative,Negative,Normal,Negative,4-5,0,5-19,Rare,Nil,NIL,10.1,4.1,46.4,98.9,24,21,13.1,47.2,10909,72,37,6,7,0,5.37,2.88,0.31,0.69,0.04,567,10.5,16,0.22,31.3,5.6,0.34,0.12,3.73,175,47,137.4,33.8,169,84,3.7,2.92,0.34,0.5,0.2,0.3,40,22,27,12,6.9,3.1,3.8,0.82,0.9,7.7,3.5959,4,121,3.5,105,3.5,110.94,121,110,231,52.38,5.7,116.89,0.7,10.1,253.2,3.99,9.8,3.1,290,10.2,0.2,99,104,74,279
977945,GYAHD08KLM,842694,25/09/2018,09:45,10:30,Light Yellow,Clear,1.024,5.1,Negative,2+,Negative,Negative,Negative,Normal,Negative,8-10,1,2-4,Rare,Nil,NIL,10.8,5,52,89.5,21,20,12.5,41.6,10402,42,49,5,3,0,1.2,1.62,0.44,0.69,0.01,281,11.6,11,0.07,46.3,4.1,0.07,0.71,0.25,565,61,127.8,33.7,168.5,183,9.3,2.1,0.48,0.3,0.1,0.2,75,7,14,11,6,4.6,1.4,3.29,0.9,8.6,4.0162,4.46,139,3,99,1.4,67.45,107,229,336,31.85,7.7,174.29,0.8,13.2,111.8,11.81,10.3,3,211,4.9,10.36,101,72,100,110
713299,GYAHD02JHJ,125826,26/09/2018,07:19,08:20,Orange,Slightly cloudy,1.014,6.8,Trace,Trace,Negative,Negative,Negative,Normal,Negative,11-13,0,1-3,Nil,Nil,Yeast cells,16.1,3.1,46.6,93.8,51,34,14.1,45.6,4433,38,36,4,5,3.6,6.21,2.05,0.32,0.27,0.11,109,10.2,10,0.33,24.5,4.4,2.18,0.42,0.05,218,69,86.7,8.4,42,60,3.2,1.26,0.8,0.7,0.3,0.4,76,29,10,34,8.3,4.6,3.7,1.24,0.8,12.9,6.0243,7.53,109,3.5,97,7.7,116.29,75,265,340,22.06,8.8,205.86,0,24.2,131.7,18.38,9,3.3,87,7.7,0.17,81,81,119,99
661839,PBCHD11SKM,419085,24/09/2018,11:18,11:59,Pale Yellow,Clear,1.014,5.8,Negative,Trace,Negative,Trace,Negative,Normal,Negative,2-3,1,1-4,Nil,Nil,NIL,16.8,5.3,46.9,63.5,31,35,12.1,41.5,17474,35,33,0,5,0,1.49,2.42,0.75,0.44,0.09,447,6.3,10,0.05,23.1,0.1,0.26,0.01,0.92,219,41,97.8,59,295,71,5.3,2.39,0.42,0.5,0.1,0.4,108,131,18,32,7.2,4.2,3,1.4,1.4,14.8,6.9116,4.94,141,2.6,103,2.6,114.4,130,98,228,57.02,5.8,119.76,0.9,22.1,58.5,37.78,9.5,2.7,286,5.7,1.95,108,84,98,251
959785,KLTRS13TSS,483671,25/09/2018,06:59,08:16,Straw,Hazy,1.017,7,1+,Trace,Negative,2+,Negative,Normal,Negative,7-8,0,2-2,Nil,Nil,NIL,12.7,4.1,22.1,98.1,30,57,14.4,39.6,52043,51,22,1,7,0,1.19,2.7,0.74,0.44,0.06,293,9.6,5,0.29,13,3,0.08,0.32,0.29,190,36,63.2,38.9,194.5,166,5.3,1.76,0.57,0.7,0.3,0.4,111,55,34,14,7.8,4.2,3.6,1.17,0.9,31.5,14.7105,16.35,137,5.1,114,4.9,119.47,135,287,422,31.99,6.1,128.37,0.9,28.7,97.7,29.38,9.5,4,133,11.5,2.44,91,102,94,92
155635,KLTRS01WBD,428337,27/09/2018,07:55,09:08,Deep Amber,Slightly cloudy,1.013,5.6,Negative,1+,Negative,Negative,Negative,Normal,Negative,8-9,1,2-4,Nil,Moderate,NIL,8.8,4.1,33.6,74.9,21,26,14.4,36.8,9426,45,16,1,8,0,5,1.55,0.79,0.36,0.17,312,10.5,25,0.68,33.3,2.2,0.43,0.03,0.09,165,30,71.6,15.3,76.5,64,5.5,2.39,0.42,1.2,0.1,1.1,112,42,22,38,7.6,4.8,2.8,1.71,0.8,19.9,9.2933,11.62,106,4.3,112,5,91.23,141,114,255,55.29,7.5,168.55,0.9,10.3,62.5,16.48,8.8,3.2,84,6.3,0.24,91,85,99,66
534206,KLTRS15KLP,710469,26/09/2018,11:25,11:55,Light Yellow,Slightly cloudy,1.021,6.6,Trace,Trace,Negative,Negative,Negative,Normal,Negative,8-10,2,3-3,Nil,Rare,NIL,11.8,2.3,60.5,80.1,51,19,14.1,43.9,10262,60,34,10,11,0,6.37,1.36,0.71,0.23,0.01,302,5.2,15,0.3,39.1,1.9,0.29,0.29,0.15,232,44,132.4,24.5,122.5,65,5.3,3.01,0.33,0.7,0.3,0.4,51,12,18,40,7.5,4.3,3.2,1.34,1,18.6,8.6862,8.69,136,4.9,103,4.9,112.4,165,282,447,36.91,6.2,131.24,0.5,26.8,268.7,9.97,10.5,3.5,73,8.3,3.51,291,155,86,298
325269,GYAHD07KLM,942547,25/09/2018,07:22,08:42,Deep Amber,Cloudy,1.027,6.5,Negative,1+,Negative,Negative,1+,Normal,Negative,11-12,2,1-2,Nil,Nil,Parasites,15.6,5.3,52.1,62.9,29,29,11.8,39.8,6978,49,50,4,4,0,1.21,2.69,0.53,0.2,0.07,253,11,11,0.05,30.8,3.4,4.7,0.13,5.96,216,43,90.4,25.7,128.5,148,5,2.1,0.48,0.4,0,0.4,52,23,30,29,8.3,4.4,3.9,1.13,0.7,29,13.543,19.35,129,4.4,115,3.9,93.37,166,345,511,32.49,6.2,131.24,1,28.4,71.7,39.61,10.8,4.2,72,15.9,3.91,91,80,173,118
292730,KLTRS09TSS,237661,27/09/2018,10:04,11:15,Dark Yellow,Slightly cloudy,1.011,7,Trace,1+,Negative,Negative,Negative,Normal,Negative,13-14,1,2-4,Nil,Nil,NIL,5.8,4.4,63.5,55.6,13,9,11.5,28.1,4206,53,32,12,5,0,8.61,3.93,0.81,0.18,0.02,434,6.3,7,0.59,32.1,0.2,0.24,3.51,0.01,197,42,88.7,5.7,28.5,119,4.7,2.11,0.47,0.9,0.2,0.7,95,50,15,20,6.8,3.8,3,1.27,1,5.3,2.4751,2.48,147,3.4,106,2.6,106.18,84,198,282,29.79,7.7,174.29,0.1,13.9,76.7,18.12,9.8,3.5,119,8.8,3.07,112,92,117,132
399332,GYAHD11ODK,143313,24/09/2018,09:26,10:25,Pale Yellow,Clear,1.018,6.4,Negative,Trace,Negative,Negative,Negative,Normal,Negative,14-15,1,1-4,Nil,Few,NIL,13.1,5.7,25.6,73.7,22,51,11.7,39.9,9797,57,27,2,6,0,9.38,4.53,0.21,0.15,0.1,227,11.4,16,0.38,32.3,4,0.08,6.39,0.41,200,41,96.5,34.5,172.5,128,4.9,2.35,0.42,0.7,0.3,0.4,80,55,24,46,7.6,4.5,3.1,1.45,0.7,13.3,6.2111,8.87,135,1.6,100,4.9,95.92,81,355,436,18.58,13,326.4,0.5,17.1,148.1,11.55,8.7,5.5,176,10.8,0.15,95,99,104,175
595935,PBCHD10PBM,491971,23/09/2018,06:45,07:51,Dark Yellow,Slightly cloudy,1.013,6.8,1+,Trace,Negative,Negative,Negative,Normal,Negative,9-10,0,1-4,Few,Nil,NIL,11.4,5.4,21.5,88.3,21,53,13.9,43,9769,55,38,6,5,8.9,1.77,2.68,0.52,0.43,0.06,20,11.4,17,0.14,12.2,3.9,0.32,0.29,0.11,186,52,57,16.7,83.5,217,3.6,1.1,0.91,0.6,0,0.6,122,7,32,28,7.5,4.6,2.9,1.59,1.1,10.7,4.9969,4.54,141,2.9,115,4.6,116.1,92,234,326,28.22,5.9,122.63,0.5,17.6,79,22.28,8.4,4,84,4.7,3.76,84,75,83,166
138690,MZLGI10MHP,659645,26/09/2018,09:05,10:01,Pale Yellow,Slightly cloudy,1.021,6,Negative,Negative,3+,Negative,Negative,Normal,Negative,13-14,0,2-2,Nil,Rare,NIL,12.6,4.3,29.9,96.8,29,42,13.5,33,9958,32,47,3,20,2.2,17.02,1.5,0.82,0.2,0.05,140,13.9,17,0.22,18.5,3,0.15,0.17,0.31,191,49,73.2,16.7,83.5,98,3.9,1.49,0.67,0.6,0.2,0.4,93,56,28,46,6.5,4.6,1.9,2.42,1.2,16.1,7.5187,6.27,110,3.1,105,3.9,98.34,190,238,428,44.39,5.5,111.15,0.5,14,44.1,31.75,10.1,3.4,73,8.5,1.74,177,76,95,71
610520,MZLGI03GJS,483145,25/09/2018,06:08,07:29,Deep Amber,Slightly cloudy,1.016,4.7,Trace,Trace,Negative,Trace,Negative,Normal,Negative,5-7,1,1-4,Nil,Few,NIL,11.6,5.8,45.2,94.8,20,25,13.7,41.7,4427,60,34,3,7,0,20.31,2.7,0.76,0.19,0,228,18,17,0.08,14,1.2,0,0.08,3.12,182,49,98.8,55.8,279,73,3.7,2.02,0.5,0.7,0.3,0.4,64,46,22,11,8.2,4.1,4.1,1,1.1,11.2,5.2304,4.75,135,5.3,106,2.5,103.2,31,267,298,10.4,9.9,237.43,0.6,18.8,28.1,66.9,10.4,4.3,120,8.9,6.74,123,83,72,226
951820,GYAHD03KAU,490238,25/09/2018,06:06,06:54,Straw,Slightly cloudy,1.02,6.8,Negative,Negative,Negative,Negative,Negative,Normal,Negative,8-10,2,3-3,Nil,Nil,Parasites,11.7,5.6,58.9,51.5,20,19,13.1,35.9,10623,32,28,5,3,8.4,3.68,2.42,1.38,0.15,0.09,100,9.8,7,0.44,48.9,6.5,0.1,5.04,0.38,902,46,59.4,18,90,98,19.6,1.29,0.77,0.8,0.3,0.5,64,26,33,47,7.3,3.7,3.6,1.03,0.8,14.4,6.7248,8.41,141,4.9,102,3.2,108.94,104,357,461,22.56,5.8,119.76,0.3,95.6,28.2,339.01,9.9,4.5,90,3.5,2.41,78,76,74,71
733977,MZLGI12APK,356242,23/09/2018,08:15,09:13,Light Yellow,Clear,1.032,4.6,1+,Negative,Negative,Negative,Negative,Normal,Negative,2-4,2,10-10,Rare,Rare,Fat droplets or lipiduria,16.9,3.8,25.8,94.2,44,65,12.2,42.8,8687,59,35,6,5,0,2.31,0.54,0.6,0.24,0.14,347,8.6,16,0.75,16.7,2.3,0.11,0.11,0.36,218,73,89.9,34.8,174,160,3,1.23,0.81,1,0.3,0.7,114,55,12,35,6.2,4.8,1.4,3.43,1.2,19,8.873,7.39,148,5,101,5.8,100.01,140,178,318,44.03,5.9,122.63,0.4,27,118.9,22.71,10.2,4.9,107,17,1.06,73,93,105,106
902567,MZLGI10BRC,327199,23/09/2018,06:10,06:55,Yellow,Clear,1.018,5.4,Negative,Trace,Negative,Negative,Negative,Normal,Negative,2-3,3,3-2,Rare,Rare,NIL,8.1,8.5,51.4,88.5,9,15,14,43.4,7629,42,29,5,12,0,1.15,2.91,0.03,0.34,0.06,210,6.4,11,0.21,14.6,0.2,0.27,0.02,0.01,195,25,99.3,35.4,177,149,7.8,3.97,0.25,0.5,0,0.5,123,67,11,30,7,3.5,3.5,1,1,16,7.472,7.47,139,3.1,103,7.1,116.29,140,129,269,52.04,6.1,128.37,0,14.7,100.9,14.57,10.1,4.5,83,11.9,0.43,117,119,74,193
403870,PBCHD08GAM,544349,27/09/2018,06:40,07:12,Orange,Clear,1.017,6.9,1+,Trace,Negative,Negative,Negative,Normal,Negative,9-11,2,2-2,Few,Nil,Artifacts,10.7,5.5,52.7,53.7,19,20,14.5,39.2,7296,55,38,2,3,0,7.75,4.69,0.37,0.33,0,395,10.9,14,0.08,12.1,0.1,0.34,0.33,0.13,138,78,85.8,95,475,83,1.8,1.1,0.91,0.7,0.1,0.6,125,9,18,18,8.2,3.7,4.5,0.82,1.5,7.8,3.6426,2.43,158,3.6,101,3.2,115.04,101,272,373,27.08,8.1,185.77,0.4,27.5,83.1,33.09,10.6,2.3,216,9.4,3.17,96,124,84,114
825858,MZLGI11GJS,625871,27/09/2018,08:21,09:48,Pale Yellow,Slightly cloudy,1.019,4.5,Negative,Trace,Negative,Negative,Negative,Normal,Negative,5-7,0,2-2,Nil,Nil,Artifacts,11.4,4,32.9,90.2,28,34,11.5,44,7476,56,46,7,6,0,1.1,0.39,0.89,0.27,0.07,175,7.5,11,0.31,25.6,0.4,0.01,0.12,0.3,208,52,149.1,41.9,209.5,120,4,2.87,0.35,0.9,0.3,0.6,44,16,36,40,5.2,4.8,0.4,12,1,16.4,7.6588,7.66,135,4.5,103,5.8,115.25,83,115,198,41.92,5.1,99.67,0.7,16.7,74.6,22.39,11.4,3.6,122,17.7,1.88,74,136,111,139
556981,KLTRS03ODB,479609,25/09/2018,06:05,06:58,Orange,Slightly cloudy,1.016,5,Trace,Trace,Negative,Negative,Negative,Normal,Negative,6-7,1,1-2,Nil,Nil,Fat droplets or lipiduria,10.3,4.9,36,85.1,21,28,14.6,43.8,4523,69,24,2,5,0,1.08,2.59,0.54,0.04,0.1,136,10.3,7,0.22,32,4.9,0.2,0.32,0.03,125,53,99.9,96.2,481,70,2.4,1.88,0.53,0.8,0.2,0.6,51,28,23,11,6.6,3.8,2.8,1.36,0.7,19.9,9.2933,13.28,134,3.1,76,5.2,106.98,145,329,474,30.59,6,125.5,0.2,21.2,514.6,4.12,8.6,6.4,103,11.8,1.19,85,123,80,103
425210,GYAHD09ODK,457928,23/09/2018,06:08,06:44,Pale Yellow,Slightly cloudy,1.015,8,3+,Negative,Negative,Negative,Negative,Normal,Negative,3-5,2,1-2,Few,Nil,NIL,15.8,5.1,37.7,99.5,30,41,15.7,40.6,6396,30,26,4,6,0,8.43,4.16,0.77,0.68,0.07,262,11.2,14,0.23,32.2,0.1,0.21,4.17,0.14,157,27,99.7,18.2,91,91,5.8,3.69,0.27,0.7,0.2,0.5,71,25,14,24,8.1,3.9,4.2,0.93,0.8,13.9,6.4913,8.11,154,4.6,101,3,95.27,122,135,257,47.47,6.1,128.37,3.9,17.2,113.4,15.17,11.1,5,199,5.9,0.8,96,94,71,64
481946,MZLGI09APK,967286,26/09/2018,10:07,10:52,Light Yellow,Clear,1.015,6.4,Trace,Trace,Negative,Negative,1+,Normal,Negative,2-4,0,>20,Nil,Nil,NIL,12.8,6,34.2,76.9,21,37,16.2,32.6,5362,43,25,2,6,0,5.21,1.65,0.17,0.04,0.04,103,9.8,14,0.34,31,0.1,0.87,0.4,0.04,178,43,85.1,44.5,222.5,155,4.1,1.98,0.51,3.3,1.6,1.7,96,40,24,15,7.4,4,3.4,1.18,0.9,17.9,8.3593,9.29,142,4.3,99,3.1,107.12,35,249,284,12.32,6.1,128.37,0.2,18,201.9,8.92,8.9,4.1,251,7.4,3.43,100,129,77,111
619834,KLTRS12WBD,794142,26/09/2018,07:46,08:58,Light Yellow,Slightly cloudy,1.016,7,Trace,Trace,Negative,Negative,Negative,Normal,Negative,3-4,2,3-3,Nil,Nil,Fungal elements,11.2,4.9,50.4,95.1,22,22,13.2,49,9191,40,36,5,4,0,9.37,4.78,0.46,0.25,0.09,43,16.6,5,0.36,30,0.6,0.13,0.14,0.26,230,31,78.8,31.8,159,154,7.4,2.54,0.39,0.4,0.1,0.3,51,19,15,38,6,3.7,2.3,1.61,0.6,7.5,3.5025,5.84,136,4.9,104,4.6,116.11,138,350,488,28.28,6.1,128.37,0.5,27.5,155.8,17.65,8.7,5.3,372,10.4,2.82,96,97,97,139
144260,KLTRS01MLT,440632,25/09/2018,06:26,07:21,Red,Cloudy,1.013,4.2,Negative,1+,Negative,Negative,Negative,Normal,Negative,13-14,1,3-4,Nil,Nil,NIL,15,5.5,32.2,78.8,27,46,13.2,29.3,6825,36,38,4,12,0,1.37,1.7,1.46,0.25,0.07,19,9.8,11,0.36,24.2,2.8,0.17,0.03,0.37,116,80,89,10.3,51.5,103,1.5,1.11,0.9,0.7,0.3,0.4,73,9,28,31,7.7,4.8,2.9,1.66,0.8,99.8,46.6066,58.26,144,4.8,97,7,118.55,157,346,503,31.21,6.2,131.24,0.9,16.8,283.4,5.93,11.3,2.8,176,13.8,3.71,193,108,74,108
167585,GYAHD14KLM,563829,26/09/2018,09:45,10:42,Light Yellow,Clear,1.011,4.8,Negative,Trace,Negative,Negative,Negative,Normal,Negative,2-3,1,3-3,Nil,Nil,NIL,10,4.4,61.3,55.3,22,16,12.9,39.7,3511,72,24,2,2,0,8.69,2.8,0.24,0.32,0.04,310,8.7,17,0.24,21.7,3.8,0.33,0.34,0.09,213,29,24.4,93.8,469,104,7.3,0.84,1.19,0.8,0.3,0.5,177,49,23,11,6.1,4.9,1.2,4.08,1,13.4,6.2578,6.26,139,4.6,100,4.4,95.4,163,234,397,41.06,6.1,128.37,0.9,15.9,83,19.16,11.6,4,369,8.1,1.22,101,117,176,277
743968,PBCHD04MHS,410681,23/09/2018,06:30,07:37,Orange,Hazy,1.02,4.9,Trace,Trace,Negative,1+,Negative,Normal,Negative,5-7,1,2-3,Nil,Nil,NIL,17.6,6,48.8,42.5,29,36,12.9,41.5,8913,20,39,4,8,1,3.66,1.81,0.22,0.48,0.25,156,7,18,0.3,34.8,0.7,2.07,0.45,0.3,153,35,93.1,32.1,160.5,88,4.4,2.66,0.38,1,0.3,0.7,66,10,26,14,6.6,4.6,2,2.3,0.7,10.2,4.7634,6.8,149,2.6,86,4,113.63,171,259,430,39.77,6.3,134.11,0.3,864.9,113,765.4,8.3,5.5,62,10.1,2.45,81,99,342,130
604992,KLTRS13ODB,416168,23/09/2018,09:48,10:38,Pale Yellow,Clear,1.027,4.8,Negative,Negative,Negative,Negative,Negative,Normal,Negative,10-12,2,1-4,Nil,Nil,NIL,20.3,5.8,43.2,79.4,35,46,13.7,40.9,5113,34,41,1,8,0,1.91,7.63,0.76,0.48,0.2,201,12,17,0.38,24.7,1.1,0.22,0.04,0.12,179,49,122.3,19.3,96.5,151,3.7,2.5,0.4,0.4,0.1,0.3,111,11,16,29,7.9,3.9,4,0.98,1,15.5,7.2385,7.24,145,3,102,3.4,106.49,82,147,229,35.81,6.2,131.24,0.4,12.8,122.4,10.46,11.3,3.9,152,19.7,1.98,79,89,95,97
846401,MZLGI15RJK,812059,25/09/2018,06:54,08:13,Light Yellow,Slightly cloudy,1.011,4.9,Negative,Trace,Negative,Negative,Negative,Normal,Negative,5-6,2,>20,Nil,Nil,NIL,12.6,5.3,20.8,73.9,23,60,14.2,31.5,10487,45,40,6,5,0.7,1.99,1.9,0.8,0.04,0.01,884,7,11,0.29,12.2,5.9,0.63,0.24,0.11,188,47,83.1,5.4,27,98,4,1.77,0.57,0.8,0.1,0.7,55,40,38,45,8,3.7,4.3,0.86,1.1,180.1,84.1067,76.46,141,4.4,104,5.9,109.83,145,182,327,44.34,5.2,102.54,0.2,383.7,116.2,330.21,9.4,2.8,64,11.7,3.2,85,80,108,168
571099,PBCHD10CGD,948039,24/09/2018,07:10,07:58,Yellow,Clear,1.013,6.3,Trace,Negative,Negative,Negative,Negative,Normal,Negative,9-10,2,3-4,Rare,Rare,Amorphous debris,8.5,6.9,41.5,77.6,12,20,15.9,45.8,5912,23,11,3,3,0.6,2.11,4.56,0.98,0.46,0.09,185,8,13,0.14,32.3,1.6,0.23,0.17,0.24,223,50,81.7,31.5,157.5,146,4.5,1.63,0.61,0.2,0,0.2,55,28,32,22,7,4,3,1.33,0.6,36.6,17.0922,28.49,138,1.8,115,5.1,92.62,136,138,274,49.64,6.2,131.24,0.5,13.4,99.4,13.48,9.5,3.8,143,9.1,3.1,79,90,97,298
964735,MZLGI09APK,457125,23/09/2018,08:09,08:51,Deep Amber,Clear,1.014,4.9,Negative,Negative,Negative,Negative,Negative,Normal,Negative,5-6,0,3-4,Nil,Nil,NIL,8.5,5.2,35.5,88.9,16,23,12.3,45,6356,44,40,15,3,0,3.87,2.62,0.82,0.26,0.06,297,9,9,0.28,26.4,2.8,0.07,2.09,0.35,174,45,78.6,20.8,104,79,3.9,1.75,0.57,0.9,0.2,0.7,72,44,29,30,7.1,3.6,3.5,1.03,1,15.4,7.1918,7.19,131,4.3,102,5.3,107.86,140,348,488,28.69,6.2,131.24,0.5,13.5,152.6,8.85,9.5,4.3,284,11.4,3.09,98,67,78,183
878014,MZLGI03RJK,352246,24/09/2018,07:07,07:50,Light Yellow,Clear,1.025,4.6,Trace,Trace,Negative,Negative,Negative,Normal,Negative,7-9,2,16-13,Rare,Nil,Fungal elements,14.4,2.1,51.5,73.4,68,27,13.9,42.2,7712,43,52,3,5,0,7.77,1.97,0.46,0.3,0.43,289,7.6,23,0.69,12.2,2.6,0.12,0.04,0.87,168,38,158.9,12.2,61,187,4.4,4.18,0.24,0.5,0.2,0.3,54,7,21,71,8.2,3.6,4.6,0.78,0.9,5.2,2.4284,2.7,123,4.1,115,5.6,95.66,60,356,416,14.42,6.1,128.37,0.6,15.6,35.2,44.32,8.6,5.4,121,8.1,9.77,119,75,79,62
256950,KLTRS01TSS,897567,27/09/2018,06:12,07:14,Green,Hazy,1.02,5.1,Negative,Negative,Negative,Negative,Negative,Normal,Negative,11-13,2,2-3,Nil,Nil,NIL,16.6,5.8,32.5,82.2,28,51,12.2,39.2,8096,61,36,3,3,0.4,2.42,1.54,0.4,0.56,0.08,1103,11.8,17,0.49,20.5,0.1,0.07,0.38,0.54,209,67,97,32.6,163,70,3.1,1.45,0.69,0.8,0.1,0.7,122,27,26,33,6.4,4.6,1.8,2.56,0.9,18.4,8.5928,9.55,146,2.6,101,4.2,105.11,145,236,381,38.06,6.4,136.98,0.4,10.1,253.3,3.99,8.9,2.7,85,8.1,2.34,85,105,106,107
563116,KLTRS14MLT,106624,25/09/2018,06:29,07:42,Pale Yellow,Slightly cloudy,1.029,4.5,Negative,Trace,Negative,Negative,Negative,Normal,Negative,2-3,2,2-3,Rare,Nil,NIL,19.8,4.5,60.2,89.5,44,32,12.7,42.8,10509,39,33,14,7,0,8.27,1.49,0.64,0.69,0.04,437,9.6,19,0.27,30.6,5,0.04,0.21,0.06,181,36,78.1,14,70,119,5,2.17,0.46,0.3,0.1,0.2,87,25,30,25,6.3,3.5,2.8,1.25,1.2,140.9,65.8003,54.83,138,4.4,105,3.2,116.44,160,242,402,39.8,6.3,134.11,0.1,27.2,104.1,26.13,8.8,3.3,140,7.1,1.17,80,75,138,107
317893,MZLGI12APK,655626,25/09/2018,08:25,09:22,Pale Yellow,Clear,1.018,6.9,Negative,Negative,Negative,Negative,Negative,Normal,Negative,12-13,0,2-4,Nil,Nil,NIL,17.5,5.7,58.3,95.1,30,30,13.4,40,5825,44,49,0,4,0.1,2.32,1.7,0.04,0.32,0.41,303,8.6,16,0.29,12.6,0.1,0.22,0.32,0.34,184,58,104.7,36.6,183,145,3.2,1.81,0.55,0.4,0.1,0.3,54,56,39,20,7.5,3.5,4,0.88,0.8,9.4,4.3898,5.49,149,4.9,100,5.5,108.16,151,219,370,40.81,5.9,122.63,0.7,167.2,118.1,141.57,11.3,2,149,19.3,1.34,125,66,93,102
240290,GYAHD08KAU,726535,23/09/2018,10:10,11:11,Pale Yellow,Slightly cloudy,1.015,4.2,Negative,1+,Negative,Negative,Negative,Normal,Negative,32-37,2,1-4,Few,Nil,Mucus threads,17.3,4.2,32.5,82.9,41,53,11.8,46,4146,50,27,6,4,0,7.48,5.86,0.75,0.3,0.03,157,8.5,11,0.38,34.3,4.7,0.26,0.57,0.02,204,40,88.6,31.9,159.5,78,5.1,2.22,0.45,1.3,0.1,1.2,51,5,84,9,6.3,3.8,2.5,1.52,0.6,17.2,8.0324,13.39,137,4.4,111,4,117.85,140,245,385,36.36,6.3,134.11,0.7,15.6,146.8,10.63,12,2.6,84,15.1,0.08,72,99,111,165
653702,KLTRS08WBD,502359,25/09/2018,11:16,12:24,Light Yellow,Slightly cloudy,1.011,4.8,Negative,Negative,1+,Negative,Negative,Normal,Negative,8-10,1,1-3,Nil,Nil,NIL,8.9,6,50.1,79,14,17,14.2,48.1,6999,50,26,5,7,0,3.62,1.63,0.33,0.3,0.06,212,10.1,14,0.22,13.1,0.8,0.89,0.27,0.13,238,29,91.9,24.7,123.5,109,8.2,3.17,0.32,0.2,0,0.2,95,17,17,14,7.6,4.7,2.9,1.62,0.6,7.1,3.3157,5.53,143,4.3,102,2.9,114.66,97,168,265,36.6,7.4,165.68,0.8,10.2,411.7,2.48,8.5,5.9,121,6.1,0.21,116,83,124,113
700122,GYAHD01JHJ,240438,23/09/2018,08:44,10:12,Pale Yellow,Slightly cloudy,1.019,4.8,Negative,Trace,Trace,Trace,Negative,Normal,Negative,12-14,2,3-2,Nil,Few,Artifacts,9.7,4.2,56.3,81.6,23,17,13.5,43.6,6085,48,24,1,3,0.6,6.22,4.97,0.03,0.22,0.02,16,17.7,15,0.43,15.7,0.1,0.11,0.01,3.96,168,56,134.8,27.7,138.5,144,3,2.41,0.42,0.3,0.1,0.2,45,45,33,92,6.8,3.4,3.4,1,1.2,34.6,16.1582,13.47,136,3.6,108,3.3,105.85,128,203,331,38.67,5.8,119.76,0.5,25.1,146,17.19,10.3,4.6,247,3.9,8.39,87,149,102,128
921941,MZLGI05GJS,172407,27/09/2018,06:02,07:17,Green,Hazy,1.026,6.8,1+,Trace,2+,Negative,Negative,Normal,Negative,12-13,0,8-14,Rare,Nil,NIL,15.2,4.1,52.4,74,37,29,13.6,43.2,10600,51,35,1,8,2.4,2.02,1.32,0.43,0.16,0.05,148,11.9,17,0.26,22.6,4.5,0.28,0.3,0.22,207,59,49.9,21.1,105.5,98,3.5,0.85,1.18,0.8,0.1,0.7,45,29,17,36,6.1,4.3,1.8,2.39,0.9,37.5,17.5125,19.46,139,4.1,89,6.6,116.09,151,306,457,33.04,6.2,131.24,0.8,10.2,108.9,9.37,8.7,5.3,68,2.3,0.03,83,111,69,195
420888,GYAHD06KAU,821641,27/09/2018,09:31,10:04,Pale Yellow,Clear,1.016,5.1,Trace,Negative,Negative,Negative,Negative,Normal,Negative,4-6,12,2-4,Few,Few,Mucus threads,18.6,4.4,49.7,115.5,42,37,14.2,43.9,4622,25,16,6,8,0,9.26,4.63,0.67,0.04,0.1,342,16.7,20,0.72,17.9,4,0.28,0.04,3.12,344,42,95.5,9,45,108,8.2,2.27,0.44,18.4,13.9,4.5,87,35,12,43,6.6,3.5,3.1,1.13,0.4,13,6.071,15.18,138,5.3,101,3.1,91.17,245,344,589,41.6,5.9,122.63,0.6,11.1,93.7,11.85,10.4,5.7,205,9.5,2.81,90,79,98,227
373691,MZLGI02APK,516693,26/09/2018,08:56,09:48,Pale Yellow,Clear,1.017,4.6,Trace,Trace,Negative,Negative,Negative,Normal,Negative,3-4,2,1-4,Nil,Rare,NIL,9.5,8.2,44,45.6,11,21,14,30.1,10820,49,50,6,3,0,10.18,1.92,0.62,0.17,0.04,48,10.3,16,0.36,23.5,4.5,4.73,0.09,0,193,53,124.9,8.7,43.5,167,3.6,2.36,0.42,0.6,0.1,0.5,75,49,31,25,6.2,4.4,1.8,2.44,0.9,5.2,2.4284,2.7,142,4.5,103,3.8,21.18,153,270,423,36.17,6,125.5,0.4,18.6,285.9,6.51,10,4.5,166,11.1,0.51,105,99,83,72
345532,GYAHD05KLM,152830,26/09/2018,07:31,08:29,Light Yellow,Clear,1.017,6.6,Negative,Negative,2+,Negative,Negative,Normal,Negative,12-13,1,1-3,Nil,Rare,Amorphous debris,6,2.1,32.3,81.7,28,18,13.4,41.3,7298,30,38,25,7,0,4.18,1.72,0.52,0.17,0.01,256,13.4,12,0.38,15.6,0.3,0.15,0.32,4.24,239,65,81.6,16.6,83,156,3.7,1.26,0.8,0.2,0,0.2,109,10,31,30,6,4.3,1.7,2.53,0.7,11.2,5.2304,7.47,135,4.4,99,3.1,98.65,92,358,450,20.44,8.2,188.64,0.7,17.6,60.3,29.19,9.6,5.2,134,11.7,0.56,114,88,75,125
824692,PBCHD06MHS,698071,24/09/2018,07:35,08:59,Pale Yellow,Slightly cloudy,1.022,6.7,4+,Trace,Negative,2+,Negative,Normal,Negative,4-6,1,1-3,Nil,Nil,Mucus threads,12.8,4.4,26.1,72.4,29,49,12.1,41.1,9902,35,46,9,4,0,16.03,2.25,0.12,0.11,0.06,296,9.5,17,0.31,18.6,3.1,3.53,3.25,0.29,194,50,218.6,26.8,134,167,3.9,4.37,0.23,0.7,0.1,0.6,70,19,18,23,6.9,3.7,3.2,1.16,0.8,8.9,4.1563,5.2,143,3.9,105,2.3,67.83,174,146,320,54.38,6.1,128.37,0.3,11.2,89.9,12.46,8.7,3.6,159,9.4,2.1,91,112,117,71
644044,GYAHD04JHJ,190266,24/09/2018,07:57,09:09,Green,Clear,1.019,4.8,1+,Negative,Negative,Negative,1+,1+,Negative,12-14,0,2-4,Nil,Nil,NIL,18.8,6.9,37.8,90.6,27,49,12.7,41.9,10625,51,35,4,3,0,4.08,0.78,0.31,0.11,0,215,8.5,16,0.24,35.4,0.1,0.27,0.12,0.3,187,72,79.4,15.3,76.5,104,2.6,1.1,0.91,0.7,0.1,0.6,82,9,28,18,6.6,5,1.6,3.13,1.1,15.3,7.1451,6.5,132,4.3,96,2.1,97.59,119,354,473,25.16,6.5,139.85,0.5,16.7,542.8,3.08,9.4,3.3,137,6.2,1.57,85,74,75,166
630659,KLTRS04TSS,750824,27/09/2018,08:22,09:36,Light Yellow,Hazy,1.014,4.7,Negative,Trace,1+,Negative,Negative,Normal,Negative,12-14,1,2-4,Nil,Nil,Fat droplets or lipiduria,13.9,2.9,28.4,76.8,47,48,13.4,43.2,7895,54,39,3,8,2.1,9.51,2.82,0.82,0.02,0.05,373,17.5,15,0.15,27,3.9,0.28,0.16,0.33,199,42,122.9,67.4,337,61,4.7,2.93,0.34,0.7,0.3,0.4,286,53,37,39,6.1,4,2.1,1.9,1.2,12.7,5.9309,4.94,139,3.9,101,5.8,96.2,112,335,447,25.06,5.9,122.63,0.4,122,124.7,97.83,10.5,3.4,336,7.2,2.81,89,78,91,158
604405,GYAHD06JHJ,375269,23/09/2018,10:49,11:59,Orange,Hazy,1.019,6.3,Negative,Trace,Negative,Negative,Negative,Normal,Negative,TNTC,3,3-4,Nil,Few,Fungal elements,16.8,5.2,57.7,77.2,32,29,13.3,39.5,8910,43,39,3,4,0,7.86,3.28,0.26,0.67,0.09,350,17.5,12,0.22,14.6,1.7,0.28,0.2,2.21,166,57,98.4,68.5,342.5,135,2.9,1.73,0.58,0.7,0.3,0.4,70,50,12,25,5.7,4.9,0.8,6.13,1,11.4,5.3238,5.32,95,5.7,108,4.6,95.97,83,226,309,26.86,6,125.5,0.5,25.3,82.8,30.56,11.7,5,140,9.2,2.5,77,65,81,176
953654,GYAHD13JHJ,382170,26/09/2018,08:44,09:16,Straw,Clear,1.012,4.6,Negative,Negative,Trace,Negative,Negative,Normal,Negative,2-3,0,2-3,Nil,Moderate,NIL,16.3,4.8,59.2,75.8,33,27,14.2,44.9,8452,59,51,6,2,0,8.32,2.34,0.7,0.17,0.08,76,9.7,17,0.09,12.4,0.4,0.33,0.34,0.02,240,54,86.3,7,35,77,4.4,1.6,0.63,0.8,0.1,0.7,59,15,34,23,6,4.3,1.7,2.53,0.7,27.1,12.6557,18.08,138,4.7,90,6.2,105.02,174,358,532,32.71,6.2,131.24,0.1,28.3,116.6,24.27,8.7,3.7,135,11.6,3.19,84,79,70,90
800396,MZLGI05GJS,549414,24/09/2018,08:35,09:06,Yellow,Clear,1.014,6.7,Negative,Trace,1+,1+,Negative,Normal,Negative,1-3,2,3-4,Nil,Nil,NIL,10,4,25.1,89.4,25,39,12.5,25.6,4088,45,24,5,2,0,7.31,2.94,0.65,0.39,0.12,79,10.4,15,0.18,21.2,2.2,0.06,0.29,0.99,176,31,216.2,9,45,124,5.7,6.97,0.14,3.9,0.1,3.8,91,29,37,14,6.8,3.8,3,1.27,1.9,7.9,3.6893,1.94,141,5.2,105,6.3,97.57,110,349,459,23.97,5.8,119.76,1,16.6,40.6,40.89,12,3,147,9.5,9.21,79,160,84,160
200869,MZLGI12MHP,377986,27/09/2018,10:54,12:09,Light Yellow,Hazy,1.015,4.2,Trace,1+,1+,Negative,Negative,Normal,Negative,5-6,4,1-2,Few,Rare,NIL,5.1,5.6,43.6,120.5,9,11,14,43.8,10128,58,22,6,4,0,4.89,2.71,0.24,0.56,0.1,284,9,18,0.37,34,4.2,0.42,0.01,0.27,195,44,122.8,102.8,514,63,4.4,2.79,0.36,0.4,0,0.4,65,33,31,26,7.7,3.3,4.4,0.75,0.8,8.1,3.7827,4.73,147,3.8,103,2.2,100.08,142,349,491,28.92,5.9,122.63,0.5,14.8,203.3,7.28,10.9,4,311,6.8,1.76,78,77,85,189
314766,PBCHD07CGD,248160,23/09/2018,06:40,07:11,Pale Yellow,Hazy,1.029,5.2,Negative,Negative,Negative,Negative,Negative,Normal,Negative,TNTC,1,1-4,Rare,Nil,Amorphous debris,1.7,6.5,33.3,82,2,5,13.7,43.9,5492,47,20,6,4,0,8.75,1.29,0.42,0.15,0.07,336,7.6,17,0.38,14.5,1,0.03,0.1,3.59,483,73,95,13.7,68.5,104,6.6,1.3,0.77,0.5,0,0.5,89,21,26,7,7,4.6,2.4,1.92,0.8,19.8,9.2466,11.56,141,4.5,109,3.2,103.04,119,257,376,31.65,7.9,180.03,0.5,27.6,141.3,19.53,11.5,2,139,16.7,3.78,146,154,96,71
555466,MZLGI04MHP,713936,24/09/2018,11:39,12:56,Pale Yellow,Slightly cloudy,1.011,5.3,Trace,Negative,Negative,Negative,Negative,Normal,Positive,9-10,1,3-4,Nil,Nil,NIL,9.2,5,45.6,91.8,18,20,14.4,39.4,4151,73,31,24,7,0,3.59,2.94,0.52,0.16,0.06,200,7.3,12,0.23,19,0.6,0.16,0.32,0.16,218,63,97.3,18.1,90.5,114,3.5,1.54,0.65,0.4,0.1,0.3,109,28,31,46,6.8,3.9,2.9,1.34,0.9,11.8,5.5106,6.12,135,1.8,109,2.7,101.99,161,101,262,61.45,7.4,165.68,0.3,13.7,137.2,9.99,8.5,5.8,98,10.2,0.26,105,80,73,255
467648,KLTRS01ODB,513543,26/09/2018,11:28,12:49,Pale Yellow,Clear,1.019,6.3,3+,1+,Negative,Negative,Negative,Normal,Negative,9-10,2,2-2,Nil,Nil,NIL,15.4,4.5,58.5,95.4,34,26,11.9,41.1,8942,51,39,1,6,0,0.64,1.46,0.45,0.39,0.03,216,9.8,15,0.22,26.7,4.3,1.74,0.07,0.25,165,21,87.5,44.5,222.5,176,7.9,4.17,0.24,0.4,0.1,0.3,35,9,8,24,8.1,4,4.1,0.98,0.9,15.2,7.0984,7.89,121,2.6,94,3.5,117.4,83,326,409,20.29,5.9,122.63,0.2,15.5,85.2,18.19,11.8,4.1,52,15.8,3.19,104,60,77,336
265778,MZLGI14BRC,180356,23/09/2018,06:53,07:50,Pale Yellow,Clear,1.017,4.9,Trace,1+,Negative,Negative,Negative,Normal,Positive,1-2,2,>20,Nil,Nil,NIL,5,4.7,46,55.1,10,10,11.7,36.7,7365,58,18,3,12,1,0.55,1.81,0.2,0.41,0.05,315,8.8,16,0.24,44.2,0.4,0.16,0.03,0.31,199,41,61.1,23.4,117,149,4.9,1.49,0.67,0.9,0.2,0.7,83,53,27,22,8.7,4,4.7,0.85,1.2,5.2,2.4284,2.02,144,2.7,96,4.8,93.43,192,243,435,44.14,10.7,260.39,0.5,20.1,146.8,13.69,10.2,2.7,135,11.2,2.9,104,73,207,127
349835,MZLGI07RJK,341236,25/09/2018,11:56,12:36,Light Yellow,Milky,1.024,5.3,Trace,Trace,Negative,Negative,Negative,Normal,Negative,2-4,1,1-3,Nil,Few,NIL,16.1,4.2,41.6,75.3,38,38,14.4,42.4,6041,80,36,17,7,0,4.17,1.97,0.39,0.16,0.08,276,9.9,10,0.35,25.2,4.7,0.16,0.01,2.81,194,48,87.6,23.4,117,171,4,1.83,0.55,0.7,0.1,0.6,115,18,29,26,6.2,4.2,2,2.1,1.1,13,6.071,5.52,144,4.8,99,3.1,107.43,63,230,293,21.5,7.8,177.16,0.7,21.2,21.1,100.47,9.3,4.4,66,10,0.63,116,96,108,73
412998,KLTRS05WBD,105327,26/09/2018,06:43,08:01,Green,Slightly cloudy,1.027,4.6,Negative,Negative,Negative,Negative,Negative,Normal,Negative,10-11,3,1-4,Nil,Nil,NIL,9.5,5.8,46.6,75.2,16,20,13.6,40,4337,56,28,2,9,0.2,20.06,1.85,0.3,0.47,0.06,214,11.5,11,0.16,13.8,2.3,0.03,0.32,0.14,225,38,42.3,11.3,56.5,159,5.9,1.11,0.9,0.3,0,0.3,70,51,10,8,7.2,3.9,3.3,1.18,0.7,7.8,3.6426,5.2,136,3.9,99,2.1,114.43,150,214,364,41.21,6.1,128.37,0.1,17.1,113.9,15.01,11,5.6,148,4.7,3.21,117,88,93,244
806590,MZLGI12RJK,121014,27/09/2018,09:15,10:44,Yellow,Slightly cloudy,1.011,6.9,1+,Negative,Negative,Negative,Negative,Normal,Negative,9-10,1,1-3,Nil,Rare,NIL,11.6,4.6,23.4,98.2,25,49,11.7,39.8,6899,40,47,6,8,0,8.77,1.49,0.34,0.54,0.14,387,10.9,13,0.7,17.2,2.6,0.14,5.2,0.34,180,21,73.9,5.7,28.5,106,8.6,3.52,0.28,0.7,0,0.7,68,26,13,30,6.6,5,1.6,3.13,1,11.5,5.3705,5.37,145,3.1,107,3.7,116.09,62,206,268,23.13,5.9,122.63,0.9,16.5,147.4,11.19,8.8,5.7,161,7.4,1.01,118,139,95,116
961104,PBCHD03RJU,206536,23/09/2018,10:01,10:42,Straw,Slightly cloudy,1.012,6.9,Trace,Trace,Negative,Negative,Negative,Normal,Negative,5-7,1,>20,Nil,Nil,Fungal elements,12.7,5.5,40.2,76.2,23,31,9.6,39.5,9572,40,36,10,4,0,14.07,2.3,0.55,0.14,0.1,138,11.2,14,0.37,26.8,4.5,0.32,0.69,0.23,232,68,80.8,47.2,236,87,3.4,1.19,0.84,1.9,0.9,1,80,52,31,34,6.5,4.6,1.9,2.42,0.9,77.6,36.2392,40.27,137,7.2,106,3.3,55.34,93,297,390,23.85,7.3,162.81,0.4,284.6,69.4,410.09,9.8,3.9,118,19.6,5.54,114,60,98,383
919452,GYAHD10KAU,234482,23/09/2018,07:11,08:08,Orange,Slightly cloudy,1.014,6.5,Trace,Trace,Negative,Negative,Negative,Normal,Negative,3-4,0,3-4,Nil,Nil,Fungal elements,12.3,5.7,59.3,83.8,21,20,13.4,43.3,40948,57,39,4,4,0.1,2.38,5.45,0.65,0.65,0.04,36,14.4,15,0.37,25.5,2.1,0.14,0.38,0.04,742,40,103.5,25,125,92,18.6,2.59,0.39,0.8,0.1,0.7,83,55,39,21,6.5,4.3,2.2,1.95,0.9,14,6.538,7.26,140,4.3,102,5.4,93.88,97,283,380,25.53,5.6,114.02,0.8,22.9,233.1,9.82,9.2,2.5,229,16.2,0.08,83,113,118,146
838977,MZLGI15GJS,667394,24/09/2018,08:58,09:44,Yellow,Slightly cloudy,1.015,6.9,Negative,Trace,Negative,Negative,Negative,Normal,Negative,10-12,0,1-2,Few,Rare,NIL,20.4,6.1,36.5,86.3,33,55,13.7,44.7,4916,42,26,4,5,0,1.62,1.91,0.57,0.11,0.19,226,8.9,14,0.24,21.4,4.4,0.09,0.27,0.24,433,27,82.9,51.8,259,75,16,3.07,0.33,1.5,0.7,0.8,108,16,27,25,6.2,4.2,2,2.1,1.2,7.8,3.6426,3.04,131,3.8,97,5.2,99.92,240,308,548,43.8,9,211.6,0.6,13.4,128.1,10.46,9.2,3.1,287,9.2,2.88,78,72,96,134
228310,GYAHD15JHJ,828033,27/09/2018,10:21,11:20,Pale Yellow,Slightly cloudy,1.014,4.9,2+,Negative,Negative,Negative,Negative,Normal,Negative,12-13,2,1-4,Nil,Nil,NIL,8.4,4.3,64.2,73.8,19,13,13.6,43.2,8653,53,25,14,13,0,7.27,1.99,0.49,0.3,0.02,37,5.9,15,0.45,23.5,1.3,4.55,0.13,0.39,152,73,43.3,15.3,76.5,119,2.1,0.59,1.69,0.8,0.2,0.6,119,51,30,43,8.3,4.6,3.7,1.24,0.9,70.6,32.9702,36.63,145,3.1,99,5.8,115.56,170,240,410,41.46,11.9,294.83,0.1,15.7,120.9,12.99,10.2,4,126,9,1.23,98,90,116,69
407248,MZLGI12GJS,794023,26/09/2018,08:55,09:55,Pale Yellow,Hazy,1.019,6.5,Negative,Negative,Negative,Negative,1+,Normal,Negative,5-6,2,1-3,Nil,Nil,NIL,14.1,6.2,46.3,118.5,22,30,14,42,8228,32,33,6,12,0,5.28,2.41,1.06,0.03,0.09,308,9.9,13,0.22,12.4,0.4,0.92,0.24,3.05,232,36,50.1,9,45,193,6.4,1.39,0.72,0.9,0.2,0.7,67,7,33,16,8.7,4.6,4.1,1.12,1.1,12.7,5.9309,5.39,122,5.9,103,3.2,113.04,94,344,438,21.46,6.4,136.98,0.5,986.1,115.6,853.03,8.9,3.8,198,12.7,0.66,79,87,75,326
182969,GYAHD03JHJ,622697,26/09/2018,10:35,11:48,Light Yellow,Slightly cloudy,1.024,6.8,Negative,Negative,Negative,Negative,Negative,Normal,Negative,3-4,0,11-13,Nil,Moderate,NIL,15.5,4.7,56.5,71.7,32,27,14.5,49.5,9525,50,43,1,6,0,5.12,2.91,0.3,0.49,0.01,332,10.5,14,0.36,33.9,5.3,0.05,0.02,0.01,181,46,47.1,27.7,138.5,153,3.9,1.02,0.98,0.2,0,0.2,91,45,23,14,6.2,4.3,1.9,2.26,1,11.3,5.2771,5.28,145,4,104,4.8,103.97,135,281,416,32.45,6.1,128.37,0.1,10.1,99.4,10.16,10.1,5,95,14.4,9.34,112,96,210,119
986429,PBCHD01SKM,735116,27/09/2018,07:14,07:49,Deep Amber,Slightly cloudy,1.021,4.8,Trace,Trace,Negative,Negative,Negative,Normal,Negative,TNTC,19,2-4,Nil,Nil,NIL,6.7,4.8,41.5,80.6,13,16,13.9,25.6,6413,78,15,20,5,0,5.93,3.05,0.79,0.61,0.09,113,15.9,25,0.31,19.9,3.7,0.15,0.36,0.35,161,60,80.2,105.9,529.5,132,2.7,1.34,0.75,1.3,0.2,1.1,109,50,40,22,7.4,3.6,3.8,0.95,1.2,11.7,5.4639,4.55,144,2.5,106,4.1,100.55,141,354,495,28.48,7.3,162.81,0.2,18.3,68.9,26.56,9.1,3.6,169,16.9,0.33,131,88,63,89
567292,PBCHD04MHS,789753,24/09/2018,09:32,10:42,Yellow,Slightly cloudy,1.02,4.9,Negative,1+,Negative,Negative,Negative,Normal,Negative,TNTC,1,1-4,Nil,Nil,NIL,10.5,5.2,22.6,79.6,20,46,14.1,40.1,8792,57,32,3,9,0,4.51,2.07,0.83,0.72,0,349,10.3,14,0.09,23.9,0.4,3.77,0.42,0.08,184,76,166,93.8,469,218,2.4,2.18,0.46,0.5,0.2,0.3,67,42,37,16,6.1,4.4,1.7,2.59,1,6.3,2.9421,2.94,128,5.7,101,4.5,100.77,165,286,451,36.59,6.4,136.98,0.2,25,23.2,107.76,8.7,2.4,273,15.3,0.95,120,80,78,283
227829,GYAHD04ODK,442453,26/09/2018,10:36,11:32,Pale Yellow,Cloudy,1.017,6.7,Negative,Negative,Negative,Negative,Trace,Normal,Negative,1-3,1,>20,Nil,Rare,Fat droplets or lipiduria,8.8,8.5,39.8,55,10,22,9.7,40.2,8491,60,44,1,2,0,7.81,2.21,0.56,0.23,0.04,434,13.6,15,0.06,12.3,2.4,1.15,0.78,0.3,188,33,65.8,23.9,119.5,174,5.7,1.99,0.5,0.8,0.3,0.5,85,37,13,7,6.4,3.7,2.7,1.37,1.3,18,8.406,6.47,143,3.2,97,2.6,118.18,174,170,344,50.58,6.1,128.37,0.5,17.4,139.7,12.46,9.7,3.2,191,3.4,3.7,95,92,115,133
577169,MZLGI14GJS,128373,25/09/2018,07:33,08:20,Light Yellow,Clear,1.016,4.4,1+,Negative,Negative,Negative,Negative,Normal,Negative,7-9,1,>20,Nil,Nil,NIL,11.7,5.4,27.9,96.6,21,41,13.6,41.5,6022,41,50,3,2,0,1.48,2.34,0.06,0.22,0.08,174,11.6,14,0.19,15.5,0.7,0.08,0.12,0.36,203,52,122.2,10.7,53.5,145,3.9,2.35,0.43,0.6,0.1,0.5,88,16,8,30,7.3,4.1,3.2,1.28,0.8,222.6,103.9542,129.94,138,3.7,102,1.8,99.44,71,360,431,16.47,8.9,208.73,0.3,14.7,240.2,6.12,11.2,4.4,245,4.9,1.68,77,76,93,101
862569,GYAHD10ODK,515355,23/09/2018,11:02,11:53,Straw,Clear,1.029,6.3,Trace,Negative,Negative,Negative,Negative,Normal,Negative,7-9,1,16-11,Nil,Rare,NIL,8.2,4,43.7,98.4,20,18,14.6,41.8,5948,49,24,0,4,0,0.86,2.99,0.7,0.28,0.07,334,7.6,12,0.18,25.9,0.2,0.21,5.25,0.06,198,34,146,9,45,169,5.8,4.29,0.23,0.7,0,0.7,126,29,16,47,6.8,3.6,3.2,1.13,0.6,18.9,8.8263,14.71,137,4.3,113,6.7,94.42,157,252,409,38.39,6.6,142.72,0.5,18.1,209.3,8.65,10.3,4.8,75,9.4,2.09,103,63,98,152
980433,GYAHD15JHJ,908994,23/09/2018,07:42,09:11,Light Yellow,Hazy,1.014,6.8,Negative,1+,Trace,Negative,2+,Normal,Negative,TNTC,2,2-2,Nil,Nil,NIL,15.1,5.9,44.8,71.7,25,33,14.5,40.7,5728,48,26,1,8,0.5,6.06,1.37,0.73,0.16,0.13,266,9.4,20,0.22,37.6,1.4,0.9,0.74,0.28,169,53,94.5,11.3,56.5,166,3.2,1.78,0.56,0.7,0.2,0.5,82,22,37,45,7.7,4.4,3.3,1.33,0.7,8.1,3.7827,5.4,139,5.9,99,2.3,90.69,65,181,246,26.42,7.7,174.29,0.7,15.8,263.3,6,7.6,3.6,111,9.3,7.6,115,79,81,163
596373,MZLGI06MHP,966172,25/09/2018,10:51,11:36,Pale Yellow,Slightly cloudy,1.019,6.8,Trace,Negative,Negative,Negative,Negative,Normal,Negative,14-15,4,1-3,Rare,Nil,Amorphous debris,7,5.6,62,105.8,12,11,14.3,38.9,5326,39,37,4,2,6.2,1.1,2.98,0.75,0.21,0.05,335,11.8,15,0.23,25.1,1.7,0.09,0.59,0.85,212,39,118,20.7,103.5,215,5.4,3.03,0.33,0.7,0.3,0.4,109,51,19,41,7,4.8,2.2,2.18,0.6,16.5,7.7055,12.84,140,2.9,98,5.3,101.04,129,114,243,53.09,5.8,119.76,0.6,103.2,28.6,360.84,8.6,4.6,136,9.4,1.91,84,133,83,100
805706,GYAHD02ODK,586350,25/09/2018,10:36,11:14,Light Yellow,Clear,1.025,4.7,Negative,Negative,Trace,Negative,Negative,Normal,Negative,TNTC,1,2-2,Nil,Nil,NIL,14.5,6.3,32.8,82.1,23,44,12,45.8,29773,49,40,5,6,0,1.35,2.72,0.76,0.53,0.05,11,12.5,14,0.38,33.7,2.9,0.17,0.1,0.3,174,79,73.8,69.4,347,104,2.2,0.93,1.07,4.3,2.1,2.2,62,33,36,40,7.8,4,3.8,1.05,1.1,17.6,8.2192,7.47,136,5.8,108,6.9,90.01,151,269,420,35.95,5.9,122.63,0.7,12.1,114.1,10.6,9.5,4.3,69,4.3,3.2,82,62,82,149
704383,GYAHD03KAU,554979,23/09/2018,07:02,08:07,Light Yellow,Slightly cloudy,1.013,6.6,Trace,Negative,Negative,Negative,Negative,Normal,Negative,95-99,0,2-4,Nil,Nil,NIL,16.8,6.8,51.5,73.5,24,32,10.1,42.7,6062,49,16,5,2,0,16.72,3.72,0.72,0.67,0.05,202,8.6,7,0.1,16,3.3,0.33,0.06,0.3,196,75,92.6,26.4,132,63,2.6,1.23,0.81,1.4,0.3,1.1,61,37,16,33,6.6,3.6,3,1.2,1.2,15,7.005,5.84,139,5,122,6.7,111.98,28,196,224,12.5,5.8,119.76,0.5,12.8,54.3,23.57,8.9,3.6,171,5.3,0.33,80,72,71,73
697870,PBCHD03NLM,556077,23/09/2018,09:02,09:40,Yellow,Clear,1.022,6.1,1+,Negative,Negative,Negative,Negative,Normal,Negative,TNTC,0,>20,Nil,Nil,NIL,1.3,5.5,37.7,98,2,3,12.3,41.5,8018,28,40,6,6,0,4.17,1.09,0.19,0.06,0.07,112,8.5,11,0.29,21.4,5.9,0.36,0.2,0.06,222,52,150.2,65.6,328,208,4.3,2.89,0.35,0.9,0.3,0.6,93,20,17,11,7,4.6,2.4,1.92,1,15.9,7.4253,7.43,143,3.9,112,2.5,92.02,166,106,272,61.03,8.2,188.64,0.9,16.6,77.9,21.31,9.8,4.5,196,18.5,3.31,109,86,78,166
491695,MZLGI04BRC,130180,24/09/2018,10:58,11:36,Pale Yellow,Clear,1.027,6.4,Trace,Trace,Negative,Negative,Negative,2+,Negative,2-4,4,2-2,Nil,Nil,NIL,16.6,5.6,57.9,85.8,29,28,14.2,42.8,4762,79,37,5,8,0,20.07,0.23,0.72,0.26,0.5,270,11.7,16,0.08,28.1,2.1,0.04,1.84,0.32,163,59,80.9,37.6,188,164,2.8,1.37,0.73,0.3,0,0.3,103,46,27,15,8.1,4,4.1,0.98,1.1,14.7,6.8649,6.24,137,4.9,97,3.9,118.14,179,236,415,43.13,12.1,300.57,0.6,25.9,109.3,23.7,9.3,3.3,69,12.3,2.98,72,62,78,115
590687,MZLGI03MHP,149175,26/09/2018,06:01,07:12,Straw,Clear,1.014,6.8,Negative,Negative,Negative,Negative,Negative,Normal,Negative,82-85,1,2-3,Nil,Rare,Fungal elements,13.9,4.5,39.6,92.4,30,35,11.8,43.7,7020,47,39,3,8,0.4,6,1.15,0.6,0.21,0.12,244,10.1,11,0.34,19.9,0.1,5.27,0.12,4.95,210,50,79.5,10.6,53,111,4.2,1.59,0.63,1.5,0.4,1.1,66,12,38,18,7.7,4.5,3.2,1.41,0.6,69,32.223,53.71,140,2.5,97,3.2,112.67,242,300,542,44.65,5.2,102.54,0.3,10.9,143.6,7.59,10,3.3,120,12.2,3.03,148,72,93,73
206179,KLTRS10WBD,306809,24/09/2018,09:24,10:07,Light Yellow,Clear,1.021,6.9,Trace,Negative,Negative,Negative,Negative,Normal,Negative,3-4,2,2-2,Rare,Nil,NIL,16.1,5.4,40.8,68.2,29,39,12.8,45.6,6414,60,28,5,3,0,4.6,2.69,0.82,0.44,0.04,907,8.6,10,0.29,26.9,0.9,0.54,0.23,0.2,214,24,66.1,47.1,235.5,121,8.9,2.75,0.36,0.7,0.3,0.4,98,37,32,19,7.7,3.7,4,0.93,2,11.9,5.5573,2.78,147,4.3,96,2.2,33.21,156,349,505,30.89,7.8,177.16,0.8,27,66.4,40.66,9,4.4,65,11,1.39,140,106,80,88
101476,KLTRS11MLT,145526,27/09/2018,11:10,11:58,Yellow,Hazy,1.012,4.6,Trace,Negative,Negative,Negative,Negative,Normal,Negative,8-10,1,2-2,Few,Few,Fungal elements,13.8,4.2,50.2,97.5,32,27,12.8,40,4801,40,20,5,6,0,9.6,2.9,0.3,0.14,0.12,370,11,11,0.36,25.8,0.1,0.12,0.23,0.12,126,50,92.2,21.8,109,212,2.5,1.84,0.54,0.2,0,0.2,111,29,15,28,7,4.7,2.3,2.04,1.1,195.8,91.4386,83.13,124,2.7,106,6.4,31.17,175,283,458,38.21,7,154.2,0.9,22.6,86.9,26.01,8.7,3.9,180,10.9,7.47,143,82,96,114
326788,MZLGI02RJK,814445,24/09/2018,10:55,11:38,Straw,Hazy,1.02,7.1,Negative,Negative,Negative,Negative,Negative,Normal,Negative,12-13,4,1-4,Nil,Few,NIL,18.6,6.7,49.2,84.7,27,37,12.6,40.5,6348,41,20,3,8,0,9.16,2.91,0.59,0.23,0.06,175,10.5,12,0.3,12.8,4.2,4.2,0.99,0.12,208,54,72.2,5.4,27,69,3.9,1.34,0.75,5.9,2.9,3,128,14,32,16,8.3,4.5,3.8,1.18,0.7,7.4,3.4558,4.94,147,3.9,106,3.9,103.82,79,336,415,19.04,5.9,122.63,0.4,13.4,127.8,10.49,10.3,4.3,99,5.8,10.94,83,148,88,261
339807,PBCHD10GAM,666801,27/09/2018,07:52,08:47,Light Yellow,Clear,1.012,5.8,Trace,1+,Negative,Negative,Negative,Normal,Negative,9-11,1,3-3,Nil,Few,Parasites,11.4,5,40.8,78.7,22,27,10.2,45.8,8804,45,17,4,5,0,9.67,1.05,0.34,0.27,0.1,219,9.6,14,0.34,31.6,6.8,1.58,0.93,0.14,161,42,38.4,5.2,26,212,3.8,0.91,1.09,0.5,0.1,0.4,127,33,27,22,7.2,4.6,2.6,1.77,1.2,10.4,4.8568,4.05,140,4.7,101,5.9,91.9,154,359,513,30.02,6,125.5,0.7,17.5,139.5,12.54,9.7,2.4,126,6.7,1.6,87,107,116,158
883336,GYAHD12KLM,925758,26/09/2018,11:37,12:12,Pale Yellow,Slightly cloudy,1.025,6,Negative,Negative,2+,Negative,Negative,Normal,Negative,6-7,0,1-2,Nil,Nil,NIL,2.2,5.3,41.9,80.1,4,5,12.3,47.6,5771,64,11,1,5,2.2,8.44,4.76,0.63,0.03,0.13,416,10.6,14,0.33,13.5,4.8,2.93,0.76,0.07,158,42,84.3,59,295,75,3.8,2.01,0.5,0.7,0.2,0.5,58,23,26,9,6.5,3.8,2.7,1.41,0.6,8.1,3.7827,6.3,129,4.1,98,5.8,119.52,77,277,354,21.75,8.1,185.77,0,21,78,26.92,10,2.8,89,16.5,1.58,90,74,105,139
295849,PBCHD14KLC,465795,24/09/2018,07:56,08:43,Light Yellow,Clear,1.01,4.9,Negative,Trace,Negative,Negative,2+,Normal,Negative,12-14,0,3-2,Nil,Nil,NIL,15.4,5.1,31.3,85,30,49,12.5,39.2,4630,44,20,7,8,0,3.95,2.99,0.32,0.11,0.01,152,7.1,19,0.13,23.8,4.1,0.08,0.17,0.07,172,46,114.2,9,45,119,3.7,2.48,0.4,2.5,1.2,1.3,114,31,22,16,6.3,4,2.3,1.74,1,26.4,12.3288,12.33,148,4,104,5.3,112.67,143,322,465,30.75,5.9,122.63,0.6,11.2,98.9,11.32,10.5,3.2,136,8.1,2.87,73,134,91,79
454492,KLTRS06NLZ,604484,23/09/2018,06:41,07:55,Pale Yellow,Hazy,1.03,6.8,Negative,Negative,Negative,Negative,Negative,Normal,Negative,9-11,2,1-4,Nil,Nil,NIL,15,5.6,20.9,97.5,26,71,9.5,42.3,4929,67,20,6,7,0,8.81,2.12,0.55,0.17,0.05,105,11.8,18,0.27,26.7,5.8,5.56,0.21,0.19,200,55,107.8,8.8,44,86,3.6,1.96,0.51,0.7,0,0.7,115,19,34,13,8.3,4.3,4,1.08,1.2,77.7,36.2859,30.24,144,4.8,108,2.3,101.48,131,165,296,44.26,6.2,131.24,0.6,10,175.2,5.71,9,3.4,117,11.7,1.09,151,95,86,137
129694,PBCHD01SKM,334427,25/09/2018,11:35,12:20,Straw,Clear,1.017,5.2,Trace,Negative,2+,Negative,Negative,Normal,Negative,13-15,0,3-4,Nil,Nil,Fungal elements,17.9,5.3,32.3,59.1,33,55,13.8,41.5,2514,60,36,1,3,7.7,2.32,1.05,0.4,0.22,0.07,233,10.8,14,0.2,20.5,1.5,0.33,0.37,0.55,178,55,82.2,14.1,70.5,207,3.2,1.49,0.67,0.4,0.1,0.3,97,28,30,37,8.3,3.6,4.7,0.77,1,19.9,9.2933,9.29,130,4.6,109,4.9,116.13,166,165,331,50.15,8.1,185.77,0.6,91.5,108.1,84.64,9.7,4,299,5.7,3.53,78,79,87,293
509745,MZLGI02BRC,813180,23/09/2018,08:34,09:20,Light Yellow,Clear,1.226,4.8,Trace,Negative,Negative,3+,Negative,Normal,Negative,13-15,0,2-4,Nil,Nil,NIL,17.8,5.1,51.9,83.9,34,34,13.5,30.3,7682,74,27,2,3,0,5.88,1.71,0.22,0.24,0.15,242,7.8,22,0.5,49.1,4.2,0.33,0.31,0.95,174,48,100,11.9,59.5,75,3.6,2.08,0.48,0.7,0.1,0.6,88,13,27,37,7.8,4.3,3.5,1.23,0.9,8,3.736,4.15,136,3.1,102,5.2,95.67,218,134,352,61.93,7.6,171.42,0.1,16.5,113.6,14.52,10.1,5,101,8.8,3.11,71,69,121,96
343123,PBCHD14CGD,504371,23/09/2018,10:55,12:02,Light Yellow,Clear,1.016,5.4,Trace,Negative,Negative,Negative,1+,3+,Negative,TNTC,1,5-20,Nil,Nil,NIL,16.6,5.5,35.5,79.6,30,46,13.6,42.6,40231,42,45,1,4,0,2.83,1.6,0.38,0.39,0.06,397,10.4,11,0.35,19.1,5,0.38,0.17,0.32,130,57,53.3,25.1,125.5,142,2.3,0.94,1.07,0.7,0.3,0.4,64,49,14,9,6.9,3.8,3.1,1.23,0.9,13,6.071,6.75,142,3.7,115,6,57.78,164,344,508,32.28,8.3,191.51,0.1,22.9,265.8,8.62,11.6,2.4,150,3.6,1.93,116,64,119,85
324166,GYAHD09JHJ,294242,25/09/2018,08:59,09:45,Yellow,Opaque,1.02,6.6,Negative,Negative,Negative,Trace,Negative,Normal,Negative,13-14,5,2-2,Moderate,Nil,Amorphous debris,17.8,4.9,55.8,81.5,36,31,14.7,42.4,6546,51,39,2,2,0.7,7.84,7.22,0.33,0.04,0.09,177,8.6,15,0.18,34,3.7,0.53,0.25,0.04,178,56,87.8,15.4,77,217,3.2,1.57,0.64,0.8,0.2,0.6,74,36,58,45,6.4,4.9,1.5,3.27,0.7,7.2,3.3624,4.8,139,4,109,4.6,110.71,102,351,453,22.52,11.5,283.35,0.5,26.7,27.2,98.16,8.7,4,96,4.1,2.28,75,116,70,122
162743,PBCHD05PBP,643564,26/09/2018,06:40,08:00,Light Yellow,Clear,1.016,5.6,Trace,Negative,Negative,Negative,Negative,Normal,Negative,11-13,2,2-4,Nil,Nil,NIL,2,3.8,52.3,62.9,5,3,11.9,43.8,6165,50,33,4,6,0,16.47,1.11,0.77,0.17,0.06,463,7.7,16,0.35,31.7,4.6,0.97,0.16,0.28,117,36,55.8,46.9,234.5,115,3.3,1.55,0.65,0.6,0,0.6,53,15,14,19,7.8,3.7,4.1,0.9,1.2,19.3,9.0131,7.51,142,4,98,2.7,113.74,131,179,310,42.26,8.1,185.77,0,11.5,282.5,4.07,10.9,2.6,113,11.8,0.81,80,111,76,287
524928,GYAHD13JHJ,675556,26/09/2018,08:07,09:32,Straw,Clear,1.098,5.8,Trace,Trace,Negative,Negative,Negative,Normal,Negative,3-5,1,2-2,Nil,Few,NIL,16.9,5.8,28.2,84.2,29,59,13.6,44.7,10116,47,22,10,8,0,3.21,2.01,0.67,0.03,0.06,272,9.5,15,0.29,47.7,2.4,0.09,0.19,0.17,235,67,67.9,95.6,478,85,3.5,1.01,0.99,0.7,0.3,0.4,77,16,24,30,7.6,4.4,3.2,1.38,0.6,12.8,5.9776,9.96,143,2.5,98,5.2,116.76,72,349,421,17.1,6.7,145.59,0.8,26.6,68.3,38.95,9.7,2.7,166,7.6,3.11,88,94,75,109
543208,MZLGI08GJS,102732,27/09/2018,07:36,08:46,Pale Yellow,Slightly cloudy,1.011,5.4,Negative,Trace,Trace,Negative,Negative,Normal,Negative,13-15,2,3-2,Nil,Few,NIL,18.1,4.8,59.9,81.6,37,30,14,40.3,5851,35,26,4,2,0,1.29,0.38,0.59,0.38,0.09,446,7.9,15,0.36,17,4.5,0.12,0.12,2.61,165,75,80.8,29.3,146.5,161,2.2,1.08,0.93,0.3,0,0.3,63,40,39,25,6,3.8,2.2,1.73,0.9,10.7,4.9969,5.55,104,4,104,8.3,119.14,80,330,410,19.51,5.8,119.76,0.8,10.1,33.5,30.15,8.1,3.6,249,19.7,8.88,137,85,70,61
681216,GYAHD09JHJ,347321,24/09/2018,11:31,12:08,Straw,Clear,1.012,6.6,Negative,Trace,Negative,Negative,Negative,Normal,Negative,12-14,0,14-19,Nil,Nil,NIL,18.8,4.7,44.6,84,40,42,13.1,42.9,10126,47,21,5,8,0,3.68,4.18,0.79,0.34,0.09,219,17.6,12,0.35,28.9,5,0.08,4.56,0.28,155,41,60.6,86.8,434,138,3.8,1.48,0.68,0.3,0,0.3,126,20,13,22,6.6,4.6,2,2.3,1,7.6,3.5492,3.55,139,4.3,107,6.3,109.16,90,305,395,22.78,6.2,131.24,0.9,27.8,166.3,16.72,9.6,4.6,191,9.9,3.79,70,75,77,79
591383,PBCHD07NLM,789775,24/09/2018,06:53,07:30,Light Yellow,Slightly cloudy,1.01,6.3,Trace,Negative,Negative,2+,Negative,Normal,Negative,TNTC,0,12-13,Nil,Nil,NIL,8.8,4.9,14.3,53.5,17,61,14.2,29.9,5578,40,38,6,5,0,6.97,2.31,0.47,0.43,0.03,304,7.3,14,0.17,24.4,3.1,0.25,0.35,0.18,112,55,88.1,19.1,95.5,205,2,1.6,0.62,0.8,0.3,0.5,110,36,22,18,6.8,4.9,1.9,2.58,0.8,27.3,12.7491,15.94,138,5.6,105,9.1,125.13,105,298,403,26.05,6.4,136.98,0.6,15.3,136.6,11.2,10.2,2.3,283,15.7,3.85,117,88,89,121
281999,GYAHD05KAU,101040,24/09/2018,10:24,11:46,Straw,Clear,1.016,6.4,Trace,Negative,Negative,Negative,Negative,Normal,Negative,22-27,0,1-3,Nil,Nil,Fungal elements,20.1,4.3,24.2,71.3,46,83,13.4,44.4,9697,40,49,1,7,0,13.6,4.47,0.99,0.12,0.14,438,8,6,0.55,14.2,1.3,0.13,2.03,0.19,168,23,81.8,108.6,543,128,7.3,3.56,0.28,3.6,0.1,3.5,121,32,16,21,7.1,4.6,2.5,1.84,0.7,33.4,15.5978,22.28,136,4.6,95,4,100.63,98,356,454,21.59,6.9,151.33,0.7,21.6,72,30,10.4,2.8,112,11.2,3.27,133,97,177,196
489332,MZLGI07GJS,846281,23/09/2018,08:41,10:04,Straw,Clear,1.016,6.5,Negative,Trace,Negative,Negative,Negative,1+,Negative,TNTC,0,2-3,Rare,Rare,Fat droplets or lipiduria,15,5,34.4,50.8,30,43,12.9,41.2,8716,40,15,1,2,0,2.52,1.26,1.33,0.32,0.02,294,8.1,16,0.25,37.2,1.7,0.68,0.31,0.05,154,44,32.4,57.3,286.5,65,3.5,0.74,1.36,0.8,0.3,0.5,55,54,23,29,7.5,3.8,3.7,1.03,0.6,7.2,3.3624,5.6,145,3.4,109,9.8,112.22,217,153,370,58.65,5.3,105.41,0.6,11,97.8,11.25,9.5,3.3,80,21,1.36,87,68,79,196
828189,MZLGI04APK,774259,25/09/2018,07:10,08:04,Yellow,Hazy,1.012,6.4,Negative,2+,Negative,Negative,Negative,Normal,Negative,5-6,0,2-4,Nil,Rare,NIL,15.9,5.9,46.3,72.9,26,34,11.8,37.7,9661,29,20,6,4,0.6,5.01,2.06,0.43,0.09,0.01,147,9.5,17,0.08,14.9,2,0.09,0.25,0.17,210,42,128.5,49.3,246.5,172,5,3.06,0.33,0.7,0.2,0.5,40,41,6,27,6.8,3.5,3.3,1.06,1,16.4,7.6588,7.66,141,4.8,100,4.1,97.74,99,358,457,21.66,7.8,177.16,0.7,20.1,130.2,15.44,9.5,5.8,266,19.1,1.44,83,80,80,119
907201,GYAHD13KAU,951641,23/09/2018,07:54,09:06,Straw,Hazy,1.023,4.1,Trace,Trace,Negative,Negative,Negative,Normal,Negative,TNTC,1,14-20,Nil,Nil,Fat droplets or lipiduria,14.3,5.7,34.6,64.6,25,41,12.9,32.4,5487,46,39,2,6,0.6,7.47,1.33,0.83,0.25,0.09,181,5.3,13,0.28,12,0.1,0.23,4.79,0.09,160,45,75.2,42.2,211,90,3.6,1.67,0.6,0.7,0,0.7,56,34,26,35,7.7,4.4,3.3,1.33,1.2,30.2,14.1034,11.75,135,3.2,98,5,107.99,151,180,331,45.62,6.2,131.24,0,111.9,140.1,79.87,11.2,3.3,131,3.3,3.82,105,138,87,163
851495,GYAHD08KLM,488152,27/09/2018,06:14,07:08,Light Yellow,Hazy,1.018,6.5,Negative,Trace,Negative,2+,Negative,Normal,Negative,8-9,33,14-10,Nil,Nil,Artifacts,15.5,5.5,53.7,94.9,28,28,13.5,44.4,7866,48,21,2,5,0,4.38,1.73,0.8,0.15,0.09,789,10.9,12,0.32,12.7,5.5,0.68,0.08,0.28,165,53,73.5,71.3,356.5,110,3.1,1.39,0.72,0.7,0,0.7,50,53,31,39,8,3.5,4.5,0.78,1.2,7.1,3.3157,2.76,120,3.1,101,3.8,111.13,141,179,320,44.06,5.9,122.63,0.4,10.7,76.8,13.93,7.7,4.6,114,10.1,1.64,84,162,90,140
665912,KLTRS05ODB,603123,24/09/2018,06:32,07:52,Yellow,Clear,1.019,6.8,Negative,Trace,Negative,Trace,Trace,Normal,Negative,9-10,0,2-2,Nil,Nil,Artifacts,15.8,4.8,50,113.4,32,31,12.4,40.5,4609,53,35,2,2,0,3.46,1.3,0.58,0.16,0.08,287,9.1,10,0.38,20.4,0.1,0.32,0.72,2,181,24,84.6,38.6,193,92,7.5,3.53,0.28,0.5,0.1,0.4,65,14,11,44,6.5,4.9,1.6,3.06,1,18.7,8.7329,8.73,133,5.7,84,6.9,91.21,99,182,281,35.23,6.1,128.37,0.5,27.9,61.4,45.44,8.8,2.1,273,25.2,5.26,70,67,93,127
710136,PBCHD05HPP,654527,23/09/2018,06:44,08:12,Light Yellow,Slightly cloudy,1.039,5.8,Trace,Trace,Negative,Negative,Negative,Normal,Negative,40-45,0,>20,Few,Nil,NIL,8.7,2.4,31.3,94.4,36,27,16.2,40,5212,66,54,6,5,0.5,4.3,1.99,0.38,0.27,0.04,372,10.2,18,0.19,38.8,0.4,0.07,0.26,0.04,190,79,66.7,15,75,204,2.4,0.84,1.18,0.9,0.2,0.7,112,40,14,43,8.3,3.5,4.8,0.73,1.1,12.5,5.8375,5.31,126,3.7,101,3.5,119.23,143,360,503,28.43,5.9,122.63,1,145.2,109.3,132.85,10.9,2.5,108,5.3,3.11,122,81,84,75
689221,GYAHD05KLM,105395,24/09/2018,07:36,08:33,Light Yellow,Hazy,1.018,6.8,1+,Negative,Negative,Negative,Negative,Normal,Negative,13-15,1,3-3,Moderate,Nil,Fungal elements,9.3,4.3,38.5,96.2,21,24,11.7,44.9,8825,21,29,0,2,0,1.44,1.55,0.85,0.4,0.09,340,9,11,0.31,13.7,4.1,0.51,5.42,0.09,178,35,96.9,82.4,412,118,5.1,2.77,0.36,1,0.3,0.7,44,20,35,46,7.9,5.4,2.5,2.16,0.7,16.1,7.5187,10.74,121,4.9,99,4.1,115.48,223,196,419,53.22,8.5,197.25,0.3,17.8,138.2,12.88,11.2,3,65,7.5,1.17,106,78,103,192
759388,GYAHD09KLM,602880,26/09/2018,08:32,09:40,Light Yellow,Slightly cloudy,1.037,6.6,Negative,Negative,Negative,Negative,Negative,Normal,Negative,14-15,2,1-2,Rare,Nil,Fungal elements,11.6,5.2,37.9,98.5,22,30,11.6,40.9,10150,31,50,9,16,0,5.15,0.67,0.69,0.7,0.01,932,7.3,13,0.29,14.8,0.4,0.38,0.4,0.23,169,59,91.7,13.2,66,66,2.9,1.55,0.64,0.6,0.1,0.5,123,28,18,43,6.9,4.7,2.2,2.14,0.8,10.6,4.9502,6.19,142,4.8,102,4.2,90.81,66,332,398,16.58,5.7,116.89,0.7,23.6,90.9,25.96,9.2,3.9,305,8.9,10.56,80,93,111,123
226443,MZLGI11APK,626352,24/09/2018,09:30,10:26,Deep Amber,Clear,1.011,5.1,Negative,Negative,Negative,Negative,Negative,Normal,Negative,7-9,2,1-4,Few,Nil,NIL,9,5.8,30.1,81.9,15,29,11.9,42.4,6223,55,37,4,3,0,1.64,0.12,0.6,0.26,0.09,316,7.5,13,0.2,25.6,6.7,3.65,0.23,0.33,193,70,183.8,17.4,87,142,2.8,2.63,0.38,0.7,0,0.7,62,45,12,43,6.1,4.1,2,2.05,1.1,19.4,9.0598,8.24,138,3.9,105,6.1,98.4,144,317,461,31.24,7.5,168.55,0.5,10.5,52.6,19.96,10.6,5.8,71,9.4,2.85,83,65,249,167
286200,MZLGI05MHP,902270,25/09/2018,09:51,11:01,Orange,Slightly cloudy,1.017,4.5,Negative,Trace,Negative,Trace,Negative,Normal,Negative,8-9,0,9-18,Nil,Nil,Fat droplets or lipiduria,16.3,5.1,40.8,91.4,31,39,12.5,41.7,13039,60,31,2,6,0,7.87,0.5,0.49,0.38,0.02,133,9.9,18,0.23,15.2,2.7,4.57,1.17,3.08,230,32,71.1,26.9,134.5,187,7.2,2.22,0.45,0.7,0.2,0.5,57,52,23,34,8.3,3.6,4.7,0.77,1.9,19.7,9.1999,4.84,148,3.3,100,5.1,107.29,141,272,413,34.14,6.1,128.37,0.5,660.8,47.9,1379.54,8.9,3.7,132,8.1,1.97,175,67,89,66
199627,KLTRS15WBD,412230,26/09/2018,08:53,09:30,Yellow,Clear,1.029,4.9,Negative,Trace,Negative,Negative,Negative,Normal,Negative,78-79,4,3-2,Nil,Nil,NIL,16,5.1,38.9,97.8,31,41,11.8,46.9,7139,64,24,2,12,0,8.26,1.17,0.66,0.26,0.09,94,11.9,14,0.33,27.7,1.8,0.27,0.79,3.46,182,28,68.7,31.4,157,214,6.5,2.45,0.41,0.7,0.3,0.4,68,3,13,30,7.3,2.7,4.6,0.59,0.7,18.2,8.4994,12.14,137,4,115,3.3,107.16,82,350,432,18.98,5.2,102.54,0.8,21.6,69,31.3,8.8,4.7,112,11.7,0.47,110,101,113,196
692464,MZLGI08RJK,909179,27/09/2018,10:38,11:38,Pale Yellow,Slightly cloudy,1.019,6.5,Trace,Trace,Negative,Negative,1+,Normal,Negative,51-53,0,2-4,Rare,Rare,NIL,17.2,5.7,46.1,83.3,30,37,12.7,40.9,6065,54,30,3,8,0,3.59,2.31,0.49,0.19,0.34,282,9.4,12,0.24,20.3,6.9,4.03,0.25,0.18,187,57,130.3,34.9,174.5,171,3.3,2.29,0.44,0.2,0,0.2,78,47,33,17,7,4.1,2.9,1.41,0.6,19.4,9.0598,15.1,123,2.2,96,4.5,103.59,157,348,505,31.09,7.8,177.16,0.8,17,281.1,6.05,9.8,2.7,137,10.3,2.92,91,105,87,132
494945,GYAHD01KLM,518322,25/09/2018,06:38,07:57,Pale Yellow,Clear,1.038,5.2,2+,Negative,Negative,Negative,Negative,Normal,Negative,13-15,1,1-3,Nil,Nil,NIL,3.8,5.6,53.3,99.4,6,7,14.5,46.6,4748,79,24,5,8,0,7.6,2.27,0.34,0.43,0.05,302,7.3,11,0.29,34.4,6.4,0.27,0.24,2.68,155,46,80.6,36.8,184,71,3.4,1.75,0.57,0.7,0.3,0.4,84,18,14,23,7.7,3.9,3.8,1.03,0.9,8.5,3.9695,4.41,122,4.3,103,3.6,101.96,80,156,236,33.9,5.8,119.76,0.3,13.4,39,34.36,10.2,2.1,161,17.4,3.23,102,64,74,75
966160,GYAHD09JHJ,855999,27/09/2018,07:59,09:27,Light Yellow,Clear,1.012,5.2,Trace,Negative,Negative,Negative,Negative,Normal,Negative,4-6,1,1-2,Rare,Nil,NIL,16.7,5.5,52.8,70.4,30,31,14.4,33.8,7628,47,16,2,5,0,2.04,0.65,0.37,0.41,0.02,253,11.5,11,0.33,25.3,2.4,0.24,0.15,0.18,197,40,86.6,13.6,68,92,4.9,2.17,0.46,0.8,0.3,0.5,53,14,21,26,6.9,4,2.9,1.38,0.7,18.5,8.6395,12.34,141,5.9,100,5.1,30.04,136,109,245,55.51,5.9,122.63,0.5,18.9,88.8,21.28,10.1,3.8,72,4,0.2,171,86,103,82
751778,MZLGI02GJS,778892,26/09/2018,08:08,09:27,Yellow,Clear,1.014,5.4,Negative,Trace,Negative,Negative,Negative,Normal,Negative,12-14,0,2-4,Nil,Nil,NIL,1.7,7.1,40.7,81,2,4,15.2,40.5,9353,46,39,5,6,0,17.07,2.99,0.67,0.25,0.09,190,9.1,24,0.2,14.5,0.1,0.49,0.13,0.39,164,50,118.7,33.5,167.5,122,3.3,2.37,0.42,0.5,0.1,0.4,79,21,31,43,7.5,4.8,2.7,1.78,1.1,12.5,5.8375,5.31,135,2.5,104,2.3,91.37,119,216,335,35.52,5.9,122.63,0.4,23.5,144.3,16.29,9.2,3.3,92,5.7,3.57,92,72,60,125
490687,KLTRS08KLP,943727,26/09/2018,06:10,07:25,Straw,Slightly cloudy,1.03,6.9,3+,1+,1+,Negative,Negative,Normal,Negative,12-13,2,3-2,Nil,Rare,Fat droplets or lipiduria,12.2,5.7,20.7,97.1,21,58,12.6,45.1,5216,41,33,1,15,0,5.35,1.06,0.5,0.29,0.1,174,7.2,11,0.69,14.2,0.3,5.48,0.71,0.29,232,56,91.7,103.2,516,156,4.1,1.64,0.61,0.8,0.1,0.7,43,46,10,13,7.9,4.4,3.5,1.26,1.1,10.9,5.0903,4.63,148,2.7,99,2.5,108.82,156,171,327,47.71,5.9,122.63,0.6,16.9,257.1,6.57,9.8,2.6,137,10.9,1.22,185,66,88,136
170923,KLTRS15MLT,604387,24/09/2018,09:10,10:01,Pale Yellow,Clear,1.015,6.6,Trace,Trace,Negative,Negative,Trace,Normal,Negative,TNTC,3,3-4,Nil,Nil,NIL,11.3,6,33.6,103.5,18,33,12.9,39.4,5259,34,40,6,7,0,3.4,2.98,0.01,0.04,0.04,322,11.1,13,0.22,33,1.4,3.82,0.44,3.3,406,47,93.8,13.1,65.5,145,8.6,2,0.5,0.5,0.2,0.3,71,58,21,46,6.9,3.9,3,1.3,1,35.4,16.5318,16.53,140,4.4,113,4.6,95.62,148,350,498,29.72,6.2,131.24,0.1,24.4,105,23.24,11.1,4.1,276,3.8,3.42,86,114,89,141
950377,PBCHD08SKM,463132,24/09/2018,10:39,11:55,Pale Yellow,Clear,1.019,5.4,Trace,Trace,Negative,Negative,Negative,Normal,Negative,10-11,2,1-3,Nil,Nil,Artifacts,10.1,5.5,30.2,94.5,18,33,13.2,40.9,7114,44,16,12,3,0,1.53,6.86,0.14,0.29,0.04,381,12.9,8,0.32,24.4,4.7,0.22,0.15,0.18,191,58,67.5,11.6,58,168,3.3,1.16,0.86,0.3,0,0.3,73,18,22,14,7.9,3.8,4.1,0.93,0.6,17.1,7.9857,13.31,127,4.7,103,4.6,114.99,129,350,479,26.93,6.4,136.98,4.5,112.1,117.4,95.49,8.6,4.2,99,11.3,9.2,111,102,124,90
304730,KLTRS13NLZ,597052,23/09/2018,06:50,07:53,Pale Yellow,Clear,1.019,5.5,Trace,Trace,Negative,Negative,Negative,Normal,Negative,5-6,25,>20,Nil,Nil,Yeast cells,17.2,5.3,48.7,91.5,32,35,15.1,41.1,10810,42,32,2,11,0,0.56,2.1,0.82,0.25,0.07,122,6.6,16,0.32,26,4.9,3.46,0.14,0.04,112,29,151.8,16.7,83.5,152,3.9,5.23,0.19,0.3,0,0.3,115,54,32,36,8,3.8,4.2,0.9,1,8.7,4.0629,4.06,143,3.7,97,9.7,63.82,152,280,432,35.19,11.4,280.48,0.8,12.5,69.4,18.01,9.5,2.5,82,5.5,1.43,147,103,110,68
964497,KLTRS05KLP,911526,27/09/2018,07:36,08:32,Yellow,Clear,1.014,6.2,Trace,Trace,Negative,Negative,1+,Normal,Negative,6-7,2,>20,Nil,Nil,NIL,10.7,5.6,46.5,96,19,23,14.3,39.6,9424,60,41,3,3,0,7.77,1,0.49,0.29,0.03,296,5.7,15,0.57,22,0.1,0.98,0.57,0.16,226,49,89.5,103.2,516,119,4.6,1.83,0.55,1.5,0.7,0.8,107,36,23,21,8.3,4.5,3.8,1.18,1.2,10.7,4.9969,4.16,133,3.7,101,2.5,102.93,76,196,272,27.94,5.7,116.89,0.2,268.8,80.3,334.74,9.5,3.9,114,11.3,2.24,149,85,246,127
139278,KLTRS03KLP,339610,24/09/2018,09:08,10:02,Orange,Clear,1.026,5.4,Trace,Negative,Negative,Negative,Negative,Normal,Negative,11-13,2,1-2,Rare,Nil,Amorphous debris,9.1,7.2,40.1,41.6,12,22,12.4,39.2,10206,42,24,5,7,0,3.34,4.31,0.35,0.47,0.09,368,7.2,17,0.74,20.5,2.3,0.14,0.12,0.32,150,25,87.7,26.4,132,161,6,3.51,0.29,0.2,0,0.2,63,54,31,42,6.7,4.4,2.3,1.91,1.2,7.5,3.5025,2.92,138,6.2,102,4.5,103,151,185,336,44.94,5.9,122.63,0.6,17.1,55,31.09,10.5,3.1,169,4.6,3.05,76,94,113,85
150964,MZLGI03GJS,493659,26/09/2018,09:40,11:09,Green,Slightly cloudy,1.015,5.7,Trace,Negative,Negative,Negative,Negative,Normal,Negative,13-14,0,2-3,Nil,Nil,Fat droplets or lipiduria,12.8,5.4,34.5,88.8,23,37,12.5,45.1,5615,57,25,5,5,0,15.24,6.69,0.55,0.3,0.09,229,5.3,12,0.33,12,3.5,0.01,2.53,0.32,221,71,67.8,12.7,63.5,136,3.1,0.95,1.05,0.6,0.2,0.4,128,26,25,45,6.8,4.9,1.9,2.58,0.6,31.4,14.6638,24.44,139,5.9,103,3.8,103.37,142,296,438,32.42,8.9,208.73,0.6,15.2,86.7,17.53,10,2,177,3.5,1.19,124,63,89,148
361085,MZLGI13MHP,538874,27/09/2018,07:57,09:22,Light Yellow,Slightly cloudy,1.012,6.1,Trace,Negative,Negative,Negative,Negative,Normal,Negative,TNTC,2,1-4,Nil,Rare,NIL,14.6,4.3,33.2,91.8,33,43,11.4,42.9,5416,52,28,9,5,5,6.43,1.31,0.26,0.23,0.08,448,7.1,16,0.24,25.5,3,0.34,0.44,0.21,191,45,72,36.8,184,132,4.2,1.6,0.63,0.5,0.2,0.3,89,44,16,18,6.2,4.7,1.5,3.13,0.6,9.2,4.2964,7.16,135,4.2,95,4.9,90.29,82,238,320,25.63,10.1,243.17,0.4,14.2,110,12.91,8.9,2.8,94,13.2,3.62,104,62,64,183
812982,GYAHD15KAU,990135,23/09/2018,09:27,10:51,Dark Yellow,Clear,1.016,6.8,Trace,1+,Negative,Negative,Trace,Normal,Negative,3-4,2,2-3,Nil,Rare,Amorphous debris,12.8,5.9,45.8,76.3,21,27,12.5,43.7,10577,54,28,1,17,0,8.93,2.12,0.11,0.55,0.36,318,12.7,17,0.2,16.9,2.3,4.13,5.04,0.36,191,47,125.4,5.1,25.5,96,4.1,2.67,0.37,0.7,0,0.7,106,49,11,92,7.5,5,2.5,2,0.9,13.6,6.3512,7.06,143,3.8,99,2.6,114.65,150,165,315,47.62,8.9,208.73,0.9,16.1,137.9,11.68,9.8,2.4,136,18.6,1.76,78,70,74,294
636098,KLTRS10TSS,671035,26/09/2018,08:09,08:57,Pale Yellow,Clear,1.011,4.9,3+,Trace,Trace,Negative,Negative,3+,Negative,8-10,1,1-2,Rare,Nil,NIL,16.6,6.2,37.4,78,26,44,12.9,45.3,7100,44,51,6,2,0,4.39,2.8,0.07,0.25,0.15,52,8.5,15,0.26,44,6,2.57,4.8,6.46,202,52,86.4,16,80,141,3.9,1.66,0.6,0.8,0.3,0.5,90,30,15,38,6.3,3.7,2.6,1.42,0.9,14.6,6.8182,7.58,129,5.4,105,2.7,77.61,89,276,365,24.38,11.2,274.74,0.6,20.5,54.8,37.41,10.3,3,130,18,6.85,85,81,90,95
915304,GYAHD14ODK,752870,25/09/2018,07:23,08:01,Dark Yellow,Hazy,1.015,6.1,Negative,Negative,Negative,Negative,1+,Normal,Negative,13-14,4,3-3,Nil,Moderate,NIL,21.5,5.7,50.9,76.8,37,42,13.5,43.9,5948,50,38,9,7,0,17.79,2.46,0.14,0.03,0.06,39,9.9,15,0.3,29,5.4,0.34,0.22,0.87,170,80,86.3,26.7,133.5,165,2.1,1.08,0.93,0.3,0,0.3,110,44,37,16,6,3.5,2.5,1.4,1,13.8,6.4446,6.44,137,4.7,99,3.4,102.16,97,358,455,21.32,6.3,134.11,0.3,13.6,235.6,5.77,10.1,6.2,205,4.7,0.08,84,93,112,131
198700,KLTRS06TSS,295792,26/09/2018,07:36,08:22,Pale Yellow,Clear,1.015,5.7,Negative,Negative,Negative,Negative,Negative,Normal,Negative,4-5,0,3-4,Nil,Nil,Mucus threads,8.2,5,52,117.8,16,15,12.5,44.7,7054,45,44,6,2,0,9.9,0.18,0.89,0.44,0.13,293,10.1,15,0.34,14.2,0.1,0.24,2.49,0.64,168,41,60.2,74.2,371,121,4.1,1.47,0.68,0.7,0.2,0.5,124,27,21,27,7.2,4.1,3.1,1.32,0.7,19.5,9.1065,13.01,121,3.7,105,2.3,116.81,57,289,346,16.47,6.2,131.24,0.7,11.7,23.2,50.43,11.6,4.4,241,6,6.51,97,161,151,190
872070,MZLGI05APK,471781,25/09/2018,11:16,12:10,Straw,Slightly cloudy,1.018,4.9,Trace,Trace,Negative,Negative,Negative,Normal,Negative,6-7,2,3-3,Nil,Nil,NIL,1.9,5.3,42.5,97.2,3,4,12.9,45.6,8186,46,33,13,7,0,9.48,1.05,0.2,0.36,0.08,174,8.1,12,0.25,12.2,4.4,0.64,0.13,0.34,231,35,98.4,10.4,52,219,6.6,2.81,0.36,0.9,0.3,0.6,73,4,29,21,6,4.7,1.3,3.62,0.6,26.1,12.1887,20.31,93,4.9,112,4.4,103.76,107,253,360,29.72,7.2,159.94,0.8,26.8,112.3,23.86,8.9,4.1,261,3.6,3.51,125,70,245,155
563541,PBCHD11NLM,325648,25/09/2018,10:30,11:41,Light Yellow,Clear,1.014,4.9,Trace,Negative,Negative,Negative,Negative,Normal,Negative,2-4,0,3-2,Nil,Nil,NIL,10.5,4.9,53.5,86.2,21,19,14.5,28.3,4429,55,34,17,8,0,7.16,1.37,0.28,0.19,0.02,79,14.7,17,0.14,36.3,1.5,0.07,0.11,0.45,174,39,74.4,9.6,48,108,4.5,1.91,0.52,0.3,0.1,0.2,107,47,15,29,6.1,4.4,1.7,2.59,1.1,9.8,4.5766,4.16,136,4.3,117,6.4,69.4,97,287,384,25.26,8.1,185.77,0.6,22.1,108.8,20.31,9.4,2.1,192,10,1.78,75,60,85,136
658587,GYAHD13JHJ,864129,26/09/2018,10:30,11:22,Yellow,Clear,1.014,6.6,Trace,2+,Negative,Negative,Negative,Normal,Negative,5-7,0,1-2,Nil,Nil,Fat droplets or lipiduria,8.4,6.7,42.7,84.7,12,19,14.6,43,6259,50,25,1,8,0,4.26,2.18,0.26,0.35,0.03,324,8.6,29,0.22,21.1,4.3,0.99,0.98,0.34,169,58,89.9,29.7,148.5,179,2.9,1.55,0.65,0.9,0.2,0.7,79,20,12,24,7.2,3.9,3.3,1.18,1.2,14.5,6.7715,5.64,121,2.8,84,2.8,60.94,171,253,424,40.33,7.9,180.03,0.7,26.3,123.5,21.3,9.8,2.4,111,9.5,2.82,154,183,84,81
594563,GYAHD02JHJ,551376,24/09/2018,11:34,12:06,Light Yellow,Clear,1.017,5.7,1+,Trace,Negative,Negative,Negative,Normal,Negative,12-14,1,11-19,Nil,Nil,Amorphous debris,12.8,5.2,58.3,73.1,24,21,12.6,45.3,32926,76,36,10,7,0,6.23,0.26,0.75,0.29,0.09,325,8.8,10,0.6,19.2,2,0.02,0.2,0.32,201,48,94.7,38,190,161,4.2,1.97,0.51,0.9,0.2,0.7,113,19,16,46,8.2,3.7,4.5,0.82,0.6,33.3,15.5511,25.92,146,3.2,97,2.6,99.12,128,186,314,40.76,6.2,131.24,0.5,10.5,202.9,5.17,10.3,3.3,86,10.6,2.27,113,89,124,82
233154,GYAHD07KLM,259582,26/09/2018,09:44,10:15,Pale Yellow,Clear,1.013,6.9,Negative,Negative,Negative,Negative,Negative,Normal,Negative,46-49,1,3-4,Nil,Nil,NIL,10.6,4.5,47.1,74.3,23,22,13.7,42.1,36758,47,51,2,2,0,4.89,1.96,0.47,0.36,0.04,325,14.8,13,0.25,35.1,3,4.14,0.05,0.07,195,55,119.5,102.7,513.5,141,3.5,2.17,0.46,0.5,0,0.5,45,29,14,25,6.8,3.9,2.9,1.34,0.6,12.5,5.8375,9.73,136,3,110,5.4,113.74,61,302,363,16.8,8.4,194.38,0.1,13.5,135.6,9.96,10.1,3.1,111,7.2,6.03,111,61,320,287
622372,MZLGI08MHP,151087,25/09/2018,11:30,12:44,Deep Amber,Clear,1.01,6.9,Trace,Trace,1+,Negative,Negative,Normal,Negative,6-7,0,11-10,Nil,Nil,Amorphous debris,4.9,6.7,45.3,118.5,7,10,13.4,44.5,8450,43,20,1,4,0,0.65,5.34,0.73,0.35,0.16,217,9.1,10,0.29,32.1,4.4,0.37,0.41,0.13,216,46,92.5,42.1,210.5,97,4.7,2.01,0.5,0.7,0.3,0.4,234,10,30,38,6.3,4,2.3,1.74,1.2,23.3,10.8811,9.07,120,4.4,100,5.4,93.66,207,274,481,43.04,6,125.5,0.7,74.1,97.8,75.77,10.9,3.3,82,7.4,9.23,75,91,94,167
300610,MZLGI08MHP,724233,25/09/2018,10:28,11:36,Light Yellow,Clear,1.015,6.9,Negative,Negative,2+,Negative,Negative,Normal,Negative,7-9,1,3-2,Nil,Nil,Yeast cells,17.1,4.9,47.1,65.7,34,36,14,45.8,31451,46,17,2,10,0.5,3.9,0.18,0.6,0.15,0.18,130,10.5,18,0.09,16.4,0.1,0.46,0.06,0.17,188,38,53.3,22.8,114,181,4.9,1.4,0.71,0.6,0,0.6,71,20,14,42,8.1,4.3,3.8,1.13,0.6,10.2,4.7634,7.94,111,4.9,104,3.5,106.03,153,356,509,30.06,6.2,131.24,0.2,126.2,120.7,104.56,9.5,5.7,154,11.1,2.62,89,104,119,162
917043,KLTRS15ODB,400696,24/09/2018,10:07,11:33,Straw,Clear,1.016,6,Trace,Negative,Negative,Negative,2+,Normal,Negative,37-39,1,3-4,Nil,Nil,Fat droplets or lipiduria,10.3,5.3,46.3,51.1,19,22,11.9,42.9,9884,63,35,3,5,0,1.73,3.68,0.32,0.49,0.09,245,16.2,17,0.33,38.1,4.4,0.13,0.08,0.16,160,47,74.6,12.2,61,117,3.4,1.59,0.63,0.7,0,0.7,77,46,36,45,6.3,4.2,2.1,2,0.6,9.2,4.2964,7.16,143,4.5,97,3,112.79,134,329,463,28.94,8.6,200.12,0.8,12.4,70.5,17.59,8.8,5.1,157,17.5,2.9,124,110,133,88
429927,MZLGI01APK,988186,23/09/2018,11:02,12:16,Dark Yellow,Clear,1.011,4.8,Trace,Negative,Negative,Negative,Negative,Normal,Negative,74-75,2,1-4,Nil,Nil,Fungal elements,10.3,4.1,38.5,83,25,26,11.8,42,46810,48,22,10,8,0,3.46,0.45,0.16,0.24,0.05,231,8.7,13,0.1,40.8,5.8,0.39,0.39,0.2,182,52,77,9.7,48.5,145,3.5,1.48,0.68,0.7,0.3,0.4,76,9,24,44,6.2,3.9,2.3,1.7,0.9,16.1,7.5187,8.35,148,4.6,106,5.5,50.02,198,353,551,35.93,8.4,194.38,0.2,16.5,167.1,9.87,10.4,3.6,95,9.1,4.52,103,77,118,254
872696,PBCHD10PBP,441323,26/09/2018,08:15,09:03,Light Yellow,Hazy,1.021,5.7,Trace,Negative,Negative,Negative,1+,Normal,Negative,TNTC,2,3-4,Nil,Rare,Parasites,8.3,4,36.7,43.4,20,22,13.8,40.5,5572,44,42,5,11,2.7,8.03,1.04,0.31,0.58,0.05,164,17.6,20,0.27,17.6,1.5,0.06,0.18,0.02,186,25,26.4,24.4,122,187,7.4,1.06,0.95,0.6,0.1,0.5,43,35,29,45,7.5,4.5,3,1.5,1.2,18.5,8.6395,7.2,139,4.9,94,4.7,106.06,76,357,433,17.55,6.3,134.11,0.8,17.1,61.5,27.8,8.9,4.1,320,10.8,3.2,82,116,80,151
563909,MZLGI08MHP,523635,23/09/2018,06:41,07:42,Yellow,Clear,1.02,4.9,Trace,Negative,Trace,Negative,Negative,Normal,Negative,9-11,2,11-19,Few,Nil,Artifacts,13.4,4.7,49,92.4,28,27,12.2,39.2,7467,44,16,5,1,0,4.95,2.27,0.16,0.52,0.04,340,8.5,17,0.21,28.3,0.8,0.22,0.02,0.39,231,47,70.4,9.2,46,103,4.9,1.5,0.67,0.4,0,0.4,40,46,120,19,7.1,4.7,2.4,1.96,1.1,34.8,16.2516,14.77,145,2.9,103,6.9,116.38,170,242,412,41.26,8.6,200.12,0.4,15.1,55,27.45,7.9,4.5,172,4.1,4.93,110,60,91,63
894238,PBCHD07KLC,570877,27/09/2018,09:13,10:12,Pale Yellow,Slightly cloudy,1.021,4.6,Negative,Trace,Negative,Negative,Negative,Normal,Negative,9-10,2,1-4,Rare,Nil,NIL,12.9,5.5,36.6,57.7,23,35,14.5,43,8841,47,46,6,24,0,6.53,2.98,0.42,0.39,0.04,402,10.4,20,0.33,17.5,2.5,4.09,0.11,0.03,170,38,106,17,85,126,4.5,2.79,0.36,0.5,0.1,0.4,125,11,18,46,7.1,3.8,3.3,1.15,0.9,8.1,3.7827,4.2,133,6,108,3.7,71.08,70,354,424,16.51,6.2,131.24,0.3,26.6,85,31.29,11.7,2.6,310,8.6,2.61,92,118,162,264
731878,GYAHD01KAU,951671,23/09/2018,10:27,11:34,Light Yellow,Slightly cloudy,1.016,5.8,Negative,Negative,Negative,Negative,Negative,Normal,Negative,3-5,1,3-3,Nil,Nil,NIL,9.7,4.1,32.8,72.1,23,29,13.9,45.5,4566,54,55,2,7,0,9.49,0.63,0.62,0.01,0.09,255,5.2,13,0.24,12.3,5,2.65,3.45,0.02,161,50,89.3,34.2,171,201,3.2,1.79,0.56,0.6,0.1,0.5,77,27,11,31,7.1,4.1,3,1.37,1.2,7.7,3.5959,3,147,4,105,4.7,26.62,104,290,394,26.4,5.7,116.89,0.6,18.4,102.1,18.02,9.4,4.4,176,7.3,0.83,95,171,124,175
993119,MZLGI14GJS,384385,26/09/2018,09:49,11:07,Light Yellow,Slightly cloudy,1.017,6.1,Negative,Trace,Trace,Negative,Negative,Normal,Negative,10-12,0,1-4,Few,Nil,Amorphous debris,15,2.2,47.7,56.3,68,31,13,40.8,8396,32,37,3,9,0,0.71,1.13,0.44,0.41,0.07,109,10.8,11,0.22,30.9,3.6,0.24,0.05,0.31,138,35,80.9,18.7,93.5,127,3.9,2.31,0.43,1.1,0,1.1,128,31,15,28,6.1,4.3,1.8,2.39,0.8,10.9,5.0903,6.36,121,2.2,95,4.1,129.77,133,258,391,34.02,15.2,389.54,0.9,21.7,122.1,17.77,11.8,3.6,98,5.9,12.39,120,61,103,405
477062,PBCHD12SKM,632332,24/09/2018,11:15,12:05,Pale Yellow,Milky,1.01,4.7,Trace,Trace,Negative,Negative,Negative,Normal,Negative,4-6,3,1-2,Nil,Few,Yeast cells,18.9,4.8,59,77.3,39,32,12.8,32.1,5365,44,28,6,8,0,1.22,2.16,0.55,0.53,0.07,209,7.9,12,0.5,21.4,2.5,0.3,0.43,0.53,189,52,59.6,60,300,84,3.6,1.15,0.87,0.8,0.1,0.7,119,49,19,29,8.1,4.8,3.3,1.45,0.9,12,5.604,6.23,139,4,100,3,57.9,104,122,226,46.02,5.8,119.76,0.9,17.4,131.5,13.23,10.9,4.5,127,7.2,1.43,70,170,69,96
565161,KLTRS06TSS,100481,24/09/2018,10:27,11:52,Red,Opaque,1.016,6.6,Negative,Trace,Negative,Negative,Trace,Normal,Negative,10-12,3,15-17,Few,Nil,Fungal elements,17.1,5.8,53.8,86.6,29,31,13.6,42.9,6792,59,28,5,4,0.2,1.46,1.34,0.3,0.07,0.01,113,7.1,17,0.27,28.3,3,1.68,0.06,0.73,817,73,104.2,12.9,64.5,92,11.2,1.43,0.7,0.8,0.3,0.5,51,26,12,26,7.8,4.6,3.2,1.44,0.3,17.9,8.3593,27.86,146,5.1,112,6.4,103.07,135,329,464,29.09,9.4,223.08,0.6,12.2,100.4,12.15,11.1,4.3,90,6.6,7.87,96,81,121,284
894190,GYAHD15KAU,679780,24/09/2018,06:16,06:59,Light Yellow,Clear,1.019,6.9,Trace,Trace,Trace,Negative,Negative,Normal,Negative,10-12,0,3-4,Few,Nil,Artifacts,8.1,4.4,50.6,78.5,18,16,11.6,44.3,4133,30,15,10,6,0,5.38,1.23,0.43,0.36,0.1,317,9.5,5,0.35,30,0.1,0.49,3.87,0.38,137,49,126.6,5.1,25.5,68,2.8,2.58,0.39,0.5,0.2,0.3,99,37,15,41,8.1,4.2,3.9,1.08,0.8,18.2,8.4994,10.62,145,4.7,114,1.3,116.28,162,134,296,54.73,6.5,139.85,0.7,17.8,69.3,25.69,8.5,5,187,12.1,1.1,136,103,81,126
218850,PBCHD03RJU,978389,23/09/2018,09:29,10:02,Light Yellow,Slightly cloudy,1.012,4.3,2+,Negative,Negative,Negative,Negative,Normal,Negative,TNTC,0,1-2,Nil,Moderate,NIL,15.4,5.3,48.1,91,29,32,13.9,45.5,7360,47,38,3,10,0,10.49,1.81,0.56,0.34,0.04,336,8.4,17,0.32,15,7.2,0.06,0.23,0.22,187,80,77.8,8.4,42,129,2.3,0.97,1.03,0.6,0,0.6,119,49,34,34,7.8,4.5,3.3,1.36,0.9,16,7.472,8.3,143,3.7,98,5.8,119.53,161,94,255,63.14,5.9,122.63,0.4,18.5,94.4,19.6,8.8,6.1,147,6.6,3.27,81,108,80,113
603338,PBCHD05RJU,768439,23/09/2018,08:09,09:07,Pale Yellow,Clear,1.018,5.2,Negative,Negative,Negative,Negative,Negative,Normal,Negative,10-12,0,1-2,Nil,Nil,NIL,13.8,5.3,26.4,41.2,26,52,11.2,44.1,9922,21,31,2,7,0,2.73,3.33,0.45,0.05,0.09,165,8.2,15,0.06,27.4,4,0.34,0.34,0.06,214,27,54.1,32.1,160.5,182,7.9,2,0.5,0.6,0.2,0.4,55,48,28,17,6.9,3.7,3.2,1.16,0.7,17,7.939,11.34,147,4.8,98,4.3,118.99,162,284,446,36.32,7.7,174.29,0.2,18.2,82.8,21.98,9,2.6,165,12.1,2.23,108,99,82,116
920783,PBCHD10CGD,336862,27/09/2018,07:12,07:46,Light Yellow,Slightly cloudy,1.019,6.2,Trace,Negative,Negative,Negative,Negative,Normal,Negative,3-5,1,1-3,Few,Nil,Fat droplets or lipiduria,14.5,4.5,42.9,94.1,32,33,12.1,42.5,6645,59,38,3,7,0,3.07,2.61,0.22,0.4,0.06,111,8.3,13,0.24,26.5,4.1,0.26,0.03,0.17,189,50,53.8,44.3,221.5,75,3.8,1.08,0.93,0.3,0.1,0.2,50,45,23,35,8.2,4.5,3.7,1.22,0.6,12.5,5.8375,9.73,140,2.6,114,3.1,101.75,67,155,222,30.18,6.2,131.24,0.8,10.2,103.7,9.84,9.9,2.8,142,5.1,0.62,205,75,69,158
204267,PBCHD02GAM,996757,24/09/2018,08:41,09:27,Light Yellow,Clear,1.023,6.9,Negative,Trace,Negative,Negative,Negative,Normal,Negative,2-4,0,1-4,Moderate,Few,Yeast cells,8.3,4.1,50,89.3,20,16,12.6,44.1,5080,75,39,4,3,2.6,21.52,2.73,0.02,0.14,0.05,214,7.8,20,0.25,34.5,0.7,0.62,2.74,0.34,230,43,121,76.8,384,103,5.3,2.81,0.36,0.6,0,0.6,98,28,21,27,8.3,4.9,3.4,1.44,0.9,20,9.34,10.38,123,3.3,106,2.9,108.15,176,357,533,33.02,6.9,151.33,0,11.4,107.1,10.64,10.2,2.8,166,8.6,1.81,105,90,119,169
778160,KLTRS01MLT,472080,26/09/2018,09:04,09:59,Pink,Clear,1.015,6.4,Negative,1+,Trace,Negative,Negative,Normal,Negative,11-12,32,3-4,Nil,Nil,NIL,15,8.3,59.2,88,18,25,12.1,43.1,10028,59,53,2,5,0,0.96,1.31,0.67,0.12,0.49,208,7.2,17,0.09,24.8,5.9,0.1,0.28,2.48,190,45,100,21.1,105.5,98,4.2,2.22,0.45,0.2,0,0.2,112,37,12,18,6.4,3.9,2.5,1.56,0.9,18.4,8.5928,9.55,147,2.9,70,4.9,103.06,61,278,339,17.99,5.5,111.15,0.6,15.5,23.1,67.1,9.2,4.9,149,12.1,9.16,94,77,95,131
468674,PBCHD03RJU,225492,27/09/2018,08:21,09:11,Dark Yellow,Hazy,1.02,4.5,1+,Negative,Negative,Negative,Negative,Normal,Negative,66-70,2,1-4,Nil,Nil,Yeast cells,19.2,4.2,16.4,70.1,45,117,12.6,45.2,9743,40,19,6,5,0.9,1.67,4.67,0.27,0.1,0.13,72,5.5,11,0.3,27.7,4.9,1.5,0.36,0.12,162,46,88.2,38.6,193,174,3.5,1.92,0.52,1,0.3,0.7,69,42,29,21,8.1,3.9,4.2,0.93,1,29.1,13.5897,13.59,149,4.3,107,4.4,118.48,117,118,235,49.79,6.1,128.37,0.4,14.8,129.8,11.4,9.2,4.9,86,14,0.84,70,69,114,231
295307,KLTRS09KLP,400508,27/09/2018,10:28,11:44,Light Yellow,Clear,1.02,5.6,Negative,Negative,Negative,Negative,Negative,Normal,Negative,11-12,1,>20,Nil,Nil,Artifacts,17.6,5.9,50.6,86.6,29,34,14.3,42.5,6602,61,27,3,13,0,9.57,1.5,0.34,0.63,0.04,251,8.5,14,0.54,26.5,0.1,0.69,0.15,0.6,143,57,78.5,76.2,381,188,2.5,1.38,0.73,0.6,0.2,0.4,128,22,24,19,7.3,4.2,3.1,1.35,0.8,7.9,3.6893,4.61,137,2.7,90,5.3,105.18,96,118,214,44.86,12.1,300.57,0.1,16.2,39.4,41.12,9.1,2.6,162,9.5,3.68,100,66,77,127
176293,GYAHD01KAU,309560,23/09/2018,10:45,11:49,Straw,Clear,1.011,5.1,Negative,1+,Negative,Negative,Negative,Normal,Negative,1-2,0,3-3,Nil,Nil,Fat droplets or lipiduria,9.2,5.2,47.2,83.8,17,19,13.7,40.9,6653,54,35,9,3,0,0.38,6.12,0.5,0.06,0.01,10,7.6,13,0.08,22.1,6.5,0.25,0.24,0.33,135,65,55.7,22.4,112,106,2.1,0.86,1.17,0.7,0.3,0.4,43,35,11,25,7.9,3.6,4.3,0.84,0.7,12.8,5.9776,8.54,140,3.4,120,4.6,65.88,91,148,239,38.08,6.4,136.98,0.8,26.7,107.4,24.86,9.2,6.6,256,7.3,11.51,116,71,87,254
392032,KLTRS09WBD,635301,25/09/2018,09:26,10:46,Yellow,Slightly cloudy,1.013,5.5,Trace,Trace,Negative,Negative,Negative,Normal,Negative,11-13,2,3-3,Nil,Nil,NIL,18.6,4.8,22.7,93.7,38,81,12.6,31.4,4598,52,24,4,4,0,9.49,1.19,0,0,0.13,643,7.8,24,0.39,24.4,0.1,6.26,0.85,0.22,161,33,124.6,6.3,31.5,160,4.9,3.78,0.26,0.7,0.2,0.5,106,12,23,14,6.4,4.9,1.5,3.27,0.7,17,7.939,11.34,145,3.8,103,9.6,55.81,109,255,364,29.95,8.8,205.86,0.2,28.4,198,14.34,8.5,5.8,89,6.2,0.34,99,124,198,128
769221,MZLGI01RJK,514946,23/09/2018,11:10,12:28,Straw,Slightly cloudy,1.02,4.4,Negative,Negative,Negative,Negative,Negative,Normal,Negative,3-4,2,2-2,Nil,Nil,NIL,12.6,6.2,42.2,78.4,20,29,14.1,44,9538,37,50,4,3,0,1.01,2.27,0.67,0.18,0.06,1077,13.7,11,0.26,21.9,0.5,0.12,0.07,0.4,203,20,91.4,29.5,147.5,121,10.2,4.57,0.22,0.6,0.2,0.4,40,9,12,48,8.3,3.6,4.7,0.77,1.1,17.4,8.1258,7.39,140,5.3,107,3.5,90.49,60,347,407,14.74,8.8,205.86,0.9,13.5,109.9,12.28,11.3,4.8,173,7.4,3.61,198,95,98,246
247986,PBCHD07RJU,821556,25/09/2018,07:05,07:52,Straw,Slightly cloudy,1.019,4.9,Trace,3+,Trace,Negative,Negative,Normal,Negative,3-4,2,2-4,Nil,Rare,NIL,15,5.8,21.7,74.8,25,69,14.4,40.6,10784,49,39,2,8,0,3.75,1.62,1.44,0.06,0.07,213,11.7,20,0.29,24.5,4,0.31,0.32,0.32,194,21,45.5,11.1,55.5,172,9.2,2.17,0.46,0.7,0.3,0.4,86,41,20,28,7.9,3.5,4.4,0.8,0.8,12.2,5.6974,7.12,148,5,104,4.8,104.45,132,125,257,51.36,8.3,191.51,0.5,11.3,121.9,9.27,7.8,2.9,214,6.3,2.79,70,121,334,87
113566,MZLGI05RJK,288016,27/09/2018,06:28,07:49,Straw,Cloudy,1.015,6.8,Trace,Negative,Negative,Trace,Negative,Normal,Negative,2-4,0,1-2,Nil,Nil,NIL,12.7,6.6,54.7,93.2,19,23,11.8,45.6,10828,45,34,3,9,9.1,7.23,0.34,0.54,0.4,0.02,413,10.9,15,0.22,36.3,4,0.19,0.13,0.18,165,40,130.1,17.6,88,76,4.1,3.25,0.31,0.5,0.1,0.4,43,19,10,26,7.1,4.5,2.6,1.73,0.6,19.2,8.9664,14.94,147,4.3,106,7.2,118.15,63,262,325,19.38,7.2,159.94,7.4,28.4,121.4,23.39,12,2.4,268,10.4,0.73,91,122,94,62
339062,MZLGI05BRC,113328,25/09/2018,11:11,12:09,Dark Yellow,Slightly cloudy,1.012,6.1,Trace,1+,Negative,Negative,Negative,Normal,Negative,9-11,0,2-4,Nil,Nil,NIL,11.9,4.2,25.4,90.2,28,46,13.6,45.1,6987,50,39,1,2,0.7,9.13,4.19,0.93,0.77,0.04,299,5.1,10,0.54,36,3.9,0.35,0.36,2.88,109,22,58.9,19.3,96.5,76,5,2.68,0.37,0.5,0.2,0.3,69,56,17,25,5.1,3.5,1.6,2.19,1,23,10.741,10.74,149,3.4,103,2.8,119.22,137,112,249,55.02,7.5,168.55,0.6,99.3,106.1,93.59,14.1,2.8,203,22.3,6.8,137,77,89,154
131746,GYAHD03ODK,662392,26/09/2018,11:23,12:22,Pale Yellow,Clear,1.025,4.6,Trace,Negative,Trace,Negative,Negative,Normal,Negative,9-10,0,5-16,Nil,Nil,NIL,18.5,6.7,38.3,96.3,27,48,9.2,34,4125,39,30,5,7,0,7.33,4.96,0.56,0.12,0.01,296,11.1,12,0.08,34.6,0.4,0.2,0.43,0.16,153,41,80.6,25.8,129,84,3.7,1.97,0.51,0.7,0.3,0.4,57,36,36,43,7.3,3.6,3.7,0.97,0.7,12.9,6.0243,8.61,121,4.6,103,4.5,114.02,120,183,303,39.6,7.7,174.29,0.1,16.2,230.1,7.04,9.3,2.1,102,6.1,3.85,87,147,321,88
556834,GYAHD02JHJ,668815,25/09/2018,11:29,12:28,Light Yellow,Clear,1.018,6.8,Trace,Trace,Negative,Negative,Negative,Normal,Negative,TNTC,1,1-2,Nil,Few,Artifacts,16.6,4.9,51.7,91.1,33,32,14.2,44.3,2633,60,28,3,6,0,0.14,1.98,0.78,0.1,0.03,271,8.6,19,0.16,24.3,2.3,0.39,0.03,0.33,152,32,99.9,15.2,76,133,4.8,3.12,0.32,0.7,0.3,0.4,86,52,38,25,6.4,4.6,1.8,2.56,1.2,13.1,6.1177,5.1,135,4.2,97,4.6,81.78,109,280,389,28.02,6.3,134.11,0.8,14.9,131.9,11.3,12,4.2,95,6.9,1.27,82,75,115,420
363173,PBCHD13HPP,401252,24/09/2018,11:51,13:08,Pale Yellow,Slightly cloudy,1.036,6.8,Negative,Negative,Negative,Negative,Negative,Normal,Negative,7-9,1,2-3,Nil,Nil,NIL,2,5.2,54.9,93.5,3,3,13.4,43.6,7778,78,30,1,3,0,7.5,1.89,0.96,0.15,0.02,56,9.1,19,0.13,12.5,5,0.21,0.32,0.17,151,24,46.7,14.1,70.5,187,6.3,1.95,0.51,0.6,0,0.6,83,9,22,26,8,3.3,4.7,0.7,1.1,16.3,7.6121,6.92,149,2.6,115,2.1,77.7,95,338,433,21.94,5.8,119.76,1,24.9,99.2,25.1,11.5,2.1,140,18.9,1.23,98,93,81,111
433688,KLTRS15TSS,163566,25/09/2018,09:49,11:01,Pale Yellow,Clear,1.026,6.9,Trace,Trace,Negative,Negative,Negative,Normal,Negative,5-7,0,2-3,Nil,Few,NIL,8.1,5,56.3,96.5,16,14,9.5,44.1,8499,59,22,2,7,0,6.8,0.86,0.79,0.1,0.08,971,10.3,30,0.25,42.6,1,0.77,3.89,0.89,185,49,78.1,38.7,193.5,121,3.8,1.59,0.63,0.6,0.2,0.4,117,9,22,39,7.8,4,3.8,1.05,1,14.1,6.5847,6.58,147,4,99,4.2,47.07,171,322,493,34.69,6,125.5,0.7,26,26.9,96.65,10.3,4.1,136,20.6,2.8,75,101,99,91
458319,GYAHD06JHJ,854700,25/09/2018,09:13,10:26,Pale Yellow,Slightly cloudy,1.015,6.3,Negative,2+,Negative,Negative,Trace,Normal,Negative,TNTC,1,3-3,Few,Nil,NIL,16.2,5.1,34.1,110.5,31,47,14.2,42.1,8824,76,22,6,3,0,3.04,4.76,0.33,0.02,0.01,120,9.2,11,0.35,17.1,0.1,1.71,0.6,0.82,204,66,76.1,9.2,46,185,3.1,1.15,0.87,4.5,2.2,2.3,81,17,38,24,6.8,4.5,2.3,1.96,1.2,28.4,13.2628,11.05,138,4,97,2.3,93.4,153,202,355,43.1,8.5,197.25,0.5,11.3,274,4.12,9.7,3.1,169,9.9,0.25,108,98,179,86
406097,PBCHD15GAM,258042,23/09/2018,06:01,07:29,Pale Yellow,Clear,1.023,6,3+,Trace,Negative,Negative,Negative,Normal,Negative,8-9,1,9-11,Rare,Nil,NIL,20.2,4.3,52.5,81.1,46,38,13.5,43.9,8979,31,17,20,8,0,1.43,1.29,1.42,0.26,0.02,421,8.9,12,0.38,32.3,1.3,0.2,0.29,0.24,201,49,97.9,32,160,101,4.1,2,0.5,0.6,0.1,0.5,102,20,26,19,6.6,5.3,1.3,4.08,0.6,15.4,7.1918,11.99,146,3.4,97,5.6,115.58,109,176,285,38.25,6,125.5,0.7,16.6,107.1,15.5,8.7,1.6,244,4,3.16,94,60,74,224
287197,PBCHD06MHS,103796,24/09/2018,11:52,13:12,Light Yellow,Slightly cloudy,1.029,4.5,Trace,Trace,Negative,Trace,Negative,Normal,Negative,4-6,1,3-3,Nil,Rare,NIL,11.9,6.1,48,68.6,19,24,13.4,43.1,9314,40,31,3,7,0,9.9,2.11,0.73,0.32,0.04,1119,8.8,17,0.26,21.8,0.8,0.81,0.09,0.32,178,54,93.8,26,130,176,3.3,1.74,0.58,17.8,13.3,4.5,74,38,33,39,7.5,4.7,2.8,1.68,0.9,5.6,2.6152,2.91,148,3.9,101,3,84.99,134,308,442,30.32,7.4,165.68,0.7,21.6,46.2,46.75,10,3.5,234,12.3,2.09,75,80,82,133
377354,GYAHD07ODK,169476,23/09/2018,09:39,10:27,Green,Clear,1.019,5.1,Trace,Trace,Negative,Negative,Negative,Normal,Negative,6-8,1,1-2,Nil,Nil,Amorphous debris,16.8,4.3,55.4,98.9,39,30,13.5,42.4,10549,61,18,4,10,0.7,3.46,1.75,0.58,0.04,0.02,319,10.8,15,0.32,24.2,2.6,3.99,0.36,0.03,109,53,111,67.7,338.5,106,2.1,2.09,0.48,0.4,0.1,0.3,76,18,33,11,7,5,2,2.5,0.3,13.9,6.4913,21.64,137,3.5,91,4.5,94.44,78,344,422,18.48,6.9,151.33,0.1,260.6,73.2,356.01,11.6,4.7,200,3.7,2.26,71,90,96,137
445948,KLTRS03MLT,459846,26/09/2018,06:50,08:02,Pale Yellow,Slightly cloudy,1.015,5.4,Trace,Negative,Negative,Negative,Negative,Normal,Negative,8-10,1,2-2,Nil,Nil,NIL,14.6,4,54.6,91.9,36,26,14.5,42.7,4844,59,33,4,10,0,4.57,4.48,0.61,0.27,0.08,161,7.4,14,0.09,22.2,1.9,0.91,0.23,0.63,108,36,77.5,9,45,109,3,2.15,0.46,1.4,0.2,1.2,50,56,29,22,8,4.8,3.2,1.5,0.8,19.8,9.2466,11.56,143,4.4,95,5.4,93.89,190,138,328,57.93,6.1,128.37,0.5,64.5,146.9,43.91,9.6,4.5,148,6.8,2.31,70,95,91,72
486088,PBCHD10KLC,143146,26/09/2018,06:51,07:46,Pale Yellow,Clear,1.026,6.9,Trace,Negative,Negative,Trace,1+,Normal,Negative,12-14,0,1-2,Nil,Nil,NIL,8.8,4.8,29.5,70.3,18,29,13.3,40.9,5237,30,26,0,8,0,7.17,1.99,0.72,0.14,0.14,191,9.3,13,0.18,28.3,0.1,0.68,0.81,0.08,153,30,82.5,31.3,156.5,73,5.1,2.75,0.36,0.7,0.3,0.4,69,56,34,31,7.2,5.1,2.1,2.43,0.6,13.7,6.3979,10.66,145,4.6,91,7.9,113.04,104,351,455,22.86,5.7,116.89,0.9,22.6,212,10.66,10,2.6,264,4.8,2.78,109,76,87,197
831231,MZLGI12BRC,341221,24/09/2018,07:05,07:57,Yellow,Clear,1.011,4.5,Trace,Trace,Negative,Negative,Negative,Normal,Negative,13-14,1,3-2,Nil,Nil,NIL,19.6,4.4,39.1,94.5,44,50,12.4,40.5,8289,50,30,6,2,0,7.61,2.19,0.18,0.33,0.09,342,8.2,17,0.33,30,4.5,0.02,0.23,0.14,172,21,148.8,26.9,134.5,142,8.2,7.09,0.14,0.8,0.1,0.7,128,45,24,11,7.4,4.1,3.3,1.24,1.2,26.3,12.2821,10.24,136,5.4,105,3.2,98.78,149,204,353,42.21,7.2,159.94,0.5,27.2,229.4,11.86,11.6,6.5,194,4.6,3.72,93,188,77,106
809802,PBCHD02NLM,630841,26/09/2018,11:43,12:56,Light Yellow,Slightly cloudy,1.014,7.7,Trace,Negative,Negative,Negative,Negative,Normal,Negative,62-67,1,2-2,Nil,Nil,Artifacts,17.6,5.3,31.2,78.4,33,56,12.3,45.6,7613,55,20,6,5,0,19.92,2.07,0.16,0.28,0.01,190,10.9,11,0.28,29,2.7,0.34,3.64,1.86,175,70,145.9,18.7,93.5,100,2.5,2.08,0.48,0.4,0.1,0.3,111,52,20,9,6.3,3.7,2.6,1.42,1.7,26.3,12.2821,7.22,135,5.6,100,2.8,118.49,91,187,278,32.73,6.2,131.24,0.4,20.9,408.4,5.12,12.1,2.9,89,15.4,1.89,89,93,70,178
653558,MZLGI07BRC,177168,25/09/2018,07:02,08:11,Straw,Clear,1.02,6.8,Negative,Negative,Negative,Negative,Negative,Normal,Negative,TNTC,1,2-4,Nil,Rare,NIL,14,2.8,35,84.8,50,40,15.1,40.7,5303,37,53,10,2,0,15.16,2.36,0.76,0.5,0.01,328,7.4,20,0.06,30.3,0.9,0.77,0.01,0.26,164,48,62.7,6.5,32.5,156,3.4,1.31,0.77,0.5,0,0.5,63,53,12,28,6.5,4.6,1.9,2.42,1,10.9,5.0903,5.09,140,2.8,104,5.2,96.03,123,237,360,34.17,7.2,159.94,0.2,10.4,117,8.89,9.5,2,84,3.8,7.18,143,125,92,128
316775,KLTRS09WBD,716269,24/09/2018,10:11,11:14,Light Yellow,Slightly cloudy,1.018,7,Trace,Negative,Negative,Negative,Negative,Normal,Negative,8-10,5,3-4,Rare,Nil,NIL,12.7,5.6,55.1,86.6,22,23,13.7,44.9,5026,51,39,6,4,0,4.15,0.89,0.37,0.17,0.12,254,7,10,0.07,22.4,4.2,0.3,2.97,0.35,143,46,183.5,69.2,346,144,3.1,3.99,0.25,0.5,0,0.5,56,44,21,12,6.2,4,2.2,1.82,0.6,6.8,3.1756,5.29,134,4.7,101,6.3,112.92,151,277,428,35.28,5.7,116.89,0.2,12.7,49.5,25.66,9.2,5.5,127,4.4,0.24,119,148,83,250
240786,PBCHD06PBM,131529,26/09/2018,09:05,10:21,Yellow,Clear,1.027,6.8,3+,Trace,Negative,Negative,Negative,Normal,Negative,10-11,0,15-15,Nil,Nil,NIL,11.5,4.2,57.2,62.2,27,20,13.6,45,4175,58,39,6,5,9.5,20.32,2.23,0.61,0.33,0.19,125,9.6,13,0.09,34.9,3.3,0.28,0.04,0.06,104,55,63.4,42.5,212.5,189,1.9,1.15,0.87,14.5,10,4.5,124,33,39,118,7.4,3.7,3.7,1,0.9,57.2,26.7124,29.68,137,1.9,98,6.8,118.49,34,266,300,11.33,10.2,246.04,0.2,18.9,52.8,35.8,10.1,2.2,189,11.5,4.36,95,62,73,118
248160,GYAHD05ODK,771400,23/09/2018,09:17,10:11,Light Yellow,Slightly cloudy,1.013,5.5,3+,1+,Negative,Negative,Negative,Normal,Negative,3-4,2,2-3,Nil,Rare,NIL,11.4,4.3,35.9,95.2,26,31,10.1,41,9030,34,36,4,7,0,6.65,2.5,0.73,0.44,0.03,205,12.8,14,0.39,18.5,0.5,0.01,0.29,0.18,171,57,90.3,33.8,169,145,3,1.58,0.63,2,0,2,65,72,30,28,7.5,4.1,3.4,1.21,1.1,36.8,17.1856,15.62,143,3.7,106,5.3,77.88,248,296,544,45.59,6.3,134.11,0.3,21,37.3,56.3,8.8,3.4,331,4.5,2.94,86,84,97,121
700968,PBCHD14SKM,114531,26/09/2018,09:15,09:45,Yellow,Clear,1.01,5,Negative,Trace,Negative,Negative,Negative,Normal,Negative,8-9,0,2-3,Nil,Nil,Amorphous debris,13.8,4.2,33.6,115.5,32,41,12.9,39.5,10757,32,23,3,8,0,5.9,2.48,0.88,0.37,0.06,218,9.7,12,0.59,17.1,1.9,1.3,0.97,0.28,174,67,75.5,37.3,186.5,126,2.6,1.13,0.89,0.3,0.1,0.2,329,56,12,26,6.4,3.6,2.8,1.29,0.9,10.7,4.9969,5.55,144,2.9,101,3.7,101.3,122,318,440,27.73,6,125.5,0.9,16.5,280.3,5.89,10.6,5.2,135,11,3.2,110,76,65,84
910231,GYAHD05ODK,649105,25/09/2018,08:01,09:16,Deep Amber,Clear,1.015,4.6,Trace,Negative,Negative,Negative,Negative,Normal,Negative,6-8,2,10-9,Nil,Rare,NIL,15.6,5.5,54.5,96.1,28,28,13,41.9,9848,70,24,4,3,0,6.4,2.78,0.32,0.55,0.05,134,9.3,11,0.1,13.5,1.3,0.07,0.27,0.14,154,44,89.9,32.2,161,77,3.5,2.04,0.49,1.1,0,1.1,108,11,30,27,6,4.1,1.9,2.16,1.1,18,8.406,7.64,146,2.8,99,2.4,119.81,168,327,495,33.94,6.2,131.24,0.5,20.5,90.1,22.75,11,3.6,175,18.9,1.5,110,72,176,265
326876,MZLGI12RJK,579084,23/09/2018,11:55,13:16,Orange,Clear,1.016,6.2,Negative,Trace,Negative,Negative,1+,Normal,Negative,13-14,0,3-2,Nil,Nil,NIL,15.8,5.8,42.5,97.3,27,37,16.8,40.5,28725,71,18,6,2,0,3.19,0.94,0.27,0.26,0.08,296,9.2,11,0.36,26.2,2.1,0.2,0.18,0.34,240,31,70.9,5.7,28.5,199,7.7,2.29,0.44,0.3,0,0.3,74,56,25,48,6.3,4.3,2,2.15,1.2,13.5,6.3045,5.25,92,4.5,95,3.6,116.93,163,323,486,33.54,5.7,116.89,0.9,23.8,468.8,5.08,7.6,3.4,194,6.5,5.28,111,67,117,63
956608,GYAHD05ODK,662656,26/09/2018,08:21,08:54,Pale Yellow,Clear,1.011,4.6,1+,Negative,Negative,Trace,Negative,Normal,Negative,TNTC,0,1-4,Nil,Nil,Yeast cells,11.1,4.4,42,57.9,25,26,11.7,36.2,6696,42,39,1,5,0,22.27,3.79,0.51,0.37,0.01,304,8.2,18,0.29,34.2,0.8,0.37,0.18,3.87,123,53,88.6,35.2,176,126,2.3,1.67,0.6,0.6,0.2,0.4,117,17,38,29,7.9,3.6,4.3,0.84,0.9,9.5,4.4365,4.93,143,3.1,105,4.9,74.42,60,281,341,17.6,6.1,128.37,0.9,17.7,115.8,15.28,10.2,6.5,135,4.4,2.63,73,92,72,128
428239,GYAHD13ODK,234581,25/09/2018,06:13,07:20,Pale Yellow,Hazy,1.013,4.8,Negative,Negative,Negative,Negative,Negative,Normal,Negative,14-15,0,1-4,Nil,Nil,Amorphous debris,9.3,3.4,40,74.6,27,23,13.9,39.7,8022,60,24,1,8,0,9.24,2.09,0.52,0.2,0.06,263,10,16,0.2,22.8,0.1,5.88,0.25,0.03,183,29,75.4,43,215,128,6.3,2.6,0.38,0.3,0.1,0.2,95,55,20,15,6.1,3.8,2.3,1.65,0.9,13,6.071,6.75,136,3.6,97,5.5,102.6,30,117,147,20.41,5.1,99.67,0,16.3,155.9,10.46,10,5,172,9.3,2.87,87,87,239,156
195349,KLTRS15MLT,781341,27/09/2018,10:08,11:37,Light Yellow,Slightly cloudy,1.017,4.6,Negative,1+,Negative,Negative,Negative,Normal,Negative,2-4,1,2-3,Nil,Nil,NIL,10.8,5.8,41.2,84.1,18,26,12,42,24238,61,30,6,7,0,1.5,5,0.39,0.12,0.02,390,7.4,15,0.39,26.2,0.5,0.49,1.78,0.12,168,69,81.6,42.8,214,154,2.4,1.18,0.85,1.4,0.2,1.2,67,48,33,34,6.6,3.7,2.9,1.28,0.9,19.4,9.0598,10.07,141,4.2,105,4,90.83,175,360,535,32.71,6.4,136.98,0.2,14.5,112.8,12.85,11.7,4.3,195,13,2.65,105,80,312,264
109135,MZLGI04BRC,126760,23/09/2018,07:02,08:07,Deep Amber,Clear,1.024,4.9,Trace,Negative,Negative,1+,Negative,Normal,Negative,6-7,2,2-3,Nil,Nil,Mucus threads,14.6,5.1,36.7,85.6,28,39,13.1,27.4,18249,30,37,21,3,0,6.85,1.16,0.32,0.19,0.05,682,6.6,13,0.14,15.5,0.4,0.21,0.33,0.11,168,51,121.3,15.3,76.5,153,3.3,2.38,0.42,1,0.3,0.7,193,28,20,32,7.6,4.7,2.9,1.62,0.6,8.6,4.0162,6.69,146,3.5,107,4.7,118.56,133,348,481,27.65,6.1,128.37,0.4,11.8,30.3,38.94,9.2,5,145,14.4,0.14,122,95,95,121
494122,PBCHD15PBM,382327,24/09/2018,08:38,09:26,Light Yellow,Clear,1.012,6.5,Trace,Negative,Negative,Negative,Negative,Normal,Negative,87-92,3,9-15,Rare,Rare,Amorphous debris,9.9,4.7,56.3,70.9,21,17,13,45.4,8718,54,32,0,6,0,8.35,4.93,0.46,0.43,0.08,198,10.6,10,0.17,25,0.1,0.22,0.22,0.99,200,58,94.2,24.4,122,77,3.4,1.62,0.62,0.3,0,0.3,101,38,33,23,6.9,3.5,3.4,1.03,0.8,12.4,5.7908,7.24,140,5,98,6.5,104.49,105,278,383,27.42,6.5,139.85,0.1,16,164.5,9.73,9.3,3.3,212,4.7,0.05,96,123,85,79
519466,GYAHD12JHJ,730225,23/09/2018,10:02,10:36,Pale Yellow,Hazy,1.025,4.7,Negative,Negative,Negative,Negative,1+,Normal,Negative,4-6,1,2-4,Rare,Nil,NIL,12.9,6.5,36.7,112,19,35,12,44.1,8988,27,16,5,5,0.8,1.96,2.05,0.54,0.62,0.01,204,11.4,25,0.55,17.6,1.6,0.38,0.17,0.4,210,47,65.2,34.6,173,98,4.5,1.39,0.72,0.3,0.1,0.2,96,53,17,31,7.8,3.9,3.9,1,0.7,13.2,6.1644,8.81,146,5.6,102,4.4,78.9,139,253,392,35.46,6.3,134.11,0.2,14.4,143.7,10.02,8.6,2.9,218,20,5.68,108,97,95,209
609650,PBCHD04KLC,143389,27/09/2018,07:52,09:09,Straw,Opaque,1.015,6.8,Negative,Trace,Negative,Negative,Negative,Normal,Negative,9-10,0,1-2,Few,Nil,Yeast cells,13.8,5.1,54.4,83.2,27,25,12.3,41.4,5468,56,35,6,7,0,1.01,1.49,0.59,0.41,0.36,228,8.3,13,0.09,13.3,0.4,0.23,0.95,0.04,180,58,71.8,10.1,50.5,209,3.1,1.24,0.81,0.6,0,0.6,88,48,20,18,8.3,4.1,4.2,0.98,0.7,12,5.604,8.01,136,4.8,97,2.6,111.13,158,177,335,47.16,5.8,119.76,0.2,22.7,162.5,13.97,8.5,3.4,176,4.8,0.75,146,76,125,138
645348,MZLGI04APK,597246,27/09/2018,07:30,08:33,Pale Yellow,Slightly cloudy,1.016,6.3,Trace,1+,Negative,Negative,Negative,Normal,Negative,TNTC,0,16-11,Rare,Nil,Yeast cells,16,6,52.4,87.8,26,30,11.5,46.9,5326,45,53,1,3,0,21.96,1.96,0.48,0.05,0.02,231,7.1,17,0.34,23.6,1.3,0.45,0.27,0.12,159,55,106.2,37.2,186,115,2.9,1.93,0.52,2.1,1,1.1,50,33,32,19,7,4.2,2.8,1.5,1.1,16.4,7.6588,6.96,143,5.7,103,3,99.35,164,232,396,41.41,7.7,174.29,0.8,22,123.8,17.77,9.4,1.7,256,15,0.04,74,92,245,223
334587,KLTRS04MLT,605869,27/09/2018,10:53,12:19,Light Yellow,Hazy,1.015,6.7,Negative,Trace,Trace,Negative,Negative,Normal,Negative,12-13,4,2-2,Nil,Rare,NIL,10.7,5.7,45.6,93.1,18,23,13.8,40.7,5766,57,14,6,7,0,0.51,2.44,0.68,0.34,0,132,8.4,20,0.33,25.4,3.6,0.26,0.25,0.29,209,40,58.7,27.2,136,155,5.2,1.47,0.68,1.2,0.2,1,75,39,10,14,7.9,4.3,3.6,1.19,0.7,7.9,3.6893,5.27,143,3.7,86,1.6,118.19,117,360,477,24.53,5.8,119.76,0.2,11.5,97.2,11.83,9.8,3.4,199,9.8,3.94,80,84,86,196
160294,MZLGI13MHP,777917,27/09/2018,11:05,12:09,Yellow,Clear,1.015,5.7,Negative,Trace,Negative,Negative,Negative,Normal,Negative,6-7,1,2-2,Nil,Rare,NIL,9.1,4.9,57.8,86.5,18,15,13.8,46,22017,59,46,2,7,0,8.91,4.23,0.32,0.08,0.07,444,5.9,13,0.39,23,6.1,0.67,0.33,0.22,168,35,65.2,19.5,97.5,159,4.8,1.86,0.54,0.7,0.1,0.6,115,14,11,26,6,3.7,2.3,1.61,1.1,13.4,6.2578,5.69,143,5,102,6.1,113.43,62,162,224,27.68,6.3,134.11,0.8,11.6,121.4,9.56,9.6,3.1,122,19.7,0.75,142,101,84,103
504356,PBCHD15KLC,136172,24/09/2018,08:12,08:46,Straw,Clear,1.027,6.4,Negative,Trace,Negative,Negative,Negative,Normal,Negative,8-10,2,3-4,Nil,Nil,Fungal elements,14.7,7,55.6,73.4,21,26,14.6,40.4,9925,42,31,9,2,0,6.39,1.44,0.38,0.46,0.04,258,7.3,16,0.14,29.9,5.8,0.03,0.32,0.87,231,51,73,74.5,372.5,173,4.5,1.43,0.7,0.5,0.2,0.3,76,53,37,24,6.2,4.6,1.6,2.88,1.8,37.1,17.3257,9.63,136,4.7,111,3.8,105.96,80,180,260,30.77,7.4,165.68,0.2,12.1,128.1,9.45,9.9,3.4,144,9.5,2.4,147,164,117,266
249098,MZLGI04APK,489472,27/09/2018,08:03,09:10,Pale Yellow,Hazy,1.018,6.8,Trace,Trace,Negative,Negative,Negative,Normal,Negative,14-15,2,2-3,Nil,Nil,NIL,17.2,4.5,64.2,88.2,38,26,11.7,40.4,7910,33,19,15,7,0,0.94,1.41,0.74,0.41,0.09,376,6.6,16,0.3,21.4,0.8,0.22,0.29,0.07,155,59,187.6,38.2,191,116,2.6,3.18,0.31,0.3,0,0.3,321,25,23,11,7.5,4.2,3.3,1.27,1.1,12.5,5.8375,5.31,102,5.5,101,3.6,97.06,95,263,358,26.54,8.5,197.25,0.4,15.2,21.6,70.37,10.4,3,65,4.2,2.64,125,91,107,436
712175,GYAHD04KAU,299778,25/09/2018,10:20,11:49,Straw,Clear,1.019,5.7,Negative,Negative,1+,Negative,Negative,Normal,Negative,11-12,5,2-2,Nil,Nil,NIL,8.7,4.4,42.9,53.2,19,20,12.9,42.7,7034,49,18,5,5,0,5.54,1.97,0.11,0.13,0.05,288,11.3,19,0.3,13.6,1.9,0.19,0.06,0,159,39,99.6,13,65,123,4.1,2.55,0.39,2.1,1,1.1,75,20,37,39,6.4,3.5,2.9,1.21,1.1,9.6,4.4832,4.08,126,3.2,90,3.6,107.58,82,227,309,26.54,6,125.5,0.9,22.1,95.9,23.04,8.6,3.1,285,6.7,0.09,93,99,105,255
407641,KLTRS04WBD,991064,26/09/2018,06:02,07:02,Yellow,Hazy,1.014,6.7,Trace,Trace,Negative,Negative,Negative,Normal,Negative,4-6,0,9-17,Nil,Nil,NIL,16.7,6.9,20.6,83,24,81,12.5,39.2,5303,58,48,9,4,0,7.36,1.49,0.51,0.37,0.08,26,9.8,10,0.23,12,0.1,0.32,0.27,0.19,179,31,74.1,20.3,101.5,78,5.8,2.39,0.42,0.7,0.3,0.4,77,20,14,35,8.1,3.5,4.6,0.76,0.6,32.3,15.0841,25.14,132,3.8,113,5.5,112.84,231,178,409,56.48,5.8,119.76,0.4,238.1,88.7,268.43,7.9,4.8,150,8.6,1.61,76,61,73,63
647878,MZLGI06APK,305338,27/09/2018,08:30,09:35,Yellow,Clear,1.019,5.7,Negative,Negative,2+,Negative,Trace,Normal,Negative,11-12,1,2-4,Few,Nil,NIL,8.9,4.4,35.9,41.4,20,24,12.7,43.4,10404,49,20,4,4,0,2.94,4.13,0.27,0.02,0.06,97,7.1,17,0.21,13.4,5.9,0.34,6.12,0.39,234,54,83.3,73.8,369,121,4.3,1.54,0.65,1,0.2,0.8,51,20,27,37,6.7,4.5,2.2,2.05,1,36.4,16.9988,17,135,5.6,113,3.7,119.41,163,261,424,38.44,8.1,185.77,0.7,24.2,98.1,24.67,8.6,6.4,137,19.8,2.37,92,118,72,290
722503,PBCHD09SKM,416976,25/09/2018,07:42,09:07,Pale Yellow,Slightly cloudy,1.016,5,Negative,Negative,Negative,Negative,Negative,Normal,Negative,TNTC,1,3-2,Nil,Rare,NIL,11.4,5.4,45.4,86,21,25,13.4,45.6,7935,32,47,3,8,0,4.07,1.64,0.37,0.47,0.02,268,7.4,20,0.25,17.9,1.6,0.22,0.15,0.4,205,57,81,33.6,168,109,3.6,1.42,0.7,0.4,0.1,0.3,129,26,13,14,7.4,4.1,3.3,1.24,0.5,29.4,13.7298,27.46,132,4,106,4.5,112.64,76,281,357,21.29,5.7,116.89,0.1,16.3,28.6,56.99,10,2.8,115,9.4,3.38,100,99,106,154
397423,KLTRS11KLP,720259,23/09/2018,09:59,10:49,Pale Yellow,Hazy,1.013,7,Negative,1+,2+,Negative,Negative,Normal,Negative,10-12,1,2-3,Rare,Nil,Amorphous debris,12.8,4.8,21,117.4,26,60,12.4,45.7,9290,53,49,1,5,0,7.04,2.02,0.16,0.02,0.05,228,8.7,16,0.65,14.9,0.5,0.18,0.14,0.12,186,50,51,107.1,535.5,85,3.7,1.02,0.98,0.7,0.3,0.4,113,4,20,18,6.4,4.3,2.1,2.05,1.4,5.6,2.6152,1.87,140,4.5,101,3.9,100.28,109,302,411,26.52,6.1,128.37,0.4,195,123.6,157.77,9.4,6.7,292,9.5,0.44,93,96,72,181
733461,KLTRS08WBD,918413,25/09/2018,09:18,10:13,Pale Yellow,Clear,1.013,5.3,Trace,Trace,Trace,3+,Negative,Normal,Positive,7-8,2,3-4,Rare,Nil,NIL,17.8,5.8,49.2,86.9,30,36,13.7,32.2,6461,55,42,2,8,0,5.07,1.74,0.44,0.49,0,406,8.5,16,0.31,17.4,0.4,0.34,0.28,0.14,186,70,151.1,72.4,362,79,2.7,2.16,0.46,0.7,0.3,0.4,85,8,24,41,6.4,4.2,2.2,1.91,1.1,9,4.203,3.82,135,3.7,103,3.9,99.92,60,271,331,18.13,5.1,99.67,0.4,144,96.1,149.84,10.2,3.8,137,3.3,3.4,79,64,73,141
544669,PBCHD03NLM,547928,23/09/2018,06:58,07:39,Light Yellow,Slightly cloudy,1.011,5.3,Trace,Trace,Negative,Negative,Negative,1+,Negative,14-15,18,3-2,Nil,Nil,NIL,15.1,4.2,36.3,77.9,35,41,14.1,44.1,2157,38,36,5,7,0,8.77,2.77,1.27,0.52,0.1,372,8.8,12,0.24,25,1.3,0.28,0.07,0.04,200,31,49.1,21.9,109.5,71,6.5,1.58,0.63,0.6,0,0.6,100,13,21,38,7.9,3.9,4,0.98,0.9,19.8,9.2466,10.27,144,3.9,105,5.8,104.9,85,144,229,37.12,5.9,122.63,0.4,21,95,22.11,13,3.6,97,11.2,3.42,96,93,105,246
841480,PBCHD09NLM,421697,24/09/2018,06:44,07:38,Deep Amber,Clear,1.018,6.4,Trace,Negative,Negative,Negative,Negative,Normal,Negative,10-11,1,3-2,Nil,Nil,Mucus threads,8.4,4.7,57.9,45.5,17,14,14.4,43.8,4844,56,16,3,15,0,11.94,2.21,0.57,0.13,0.01,231,15.8,17,0.58,29.6,1.8,2.88,0.17,0.84,165,23,76.5,59.1,295.5,60,7.2,3.33,0.3,0.4,0,0.4,77,26,86,26,7.7,4.5,3.2,1.41,1.2,17,7.939,6.62,114,3.6,108,1,97.81,102,213,315,32.38,6.4,136.98,0.5,13.2,21.7,60.83,11.1,2.9,165,18.4,0.78,115,84,86,175
942692,MZLGI13BRC,353468,27/09/2018,09:20,10:00,Pale Yellow,Slightly cloudy,1.025,6.8,Negative,Negative,2+,Negative,Negative,Normal,Negative,TNTC,2,3-3,Few,Rare,Fat droplets or lipiduria,17.8,4.8,36.5,90.7,37,48,16.3,32.1,9753,54,29,1,6,0,2.58,2.24,0.44,0.39,0.01,146,9.2,13,0.29,14.6,4.3,0.02,0.2,0.45,209,56,79.2,17.2,86,165,3.7,1.41,0.71,0.7,0.3,0.4,57,15,26,38,6.6,4.2,2.4,1.75,1.2,7.4,3.4558,2.88,137,4.3,107,8.7,93.66,135,347,482,28.01,11.6,286.22,0.6,11,82.8,13.29,8.9,3,179,11.2,2.31,85,75,119,115
649915,MZLGI13MHP,282611,24/09/2018,06:52,08:15,Yellow,Hazy,1.012,6.1,Negative,1+,Negative,Negative,1+,Normal,Negative,3-4,0,12-19,Nil,Rare,NIL,2.1,4.4,32.7,95,4,6,14.5,44.5,10307,48,24,9,4,0,8.84,2.25,0.66,0.45,0.05,847,10,15,0.5,34.9,4.8,2.46,2.46,0.13,166,56,68.9,21.7,108.5,148,3,1.23,0.81,1,0.3,0.7,122,23,30,9,7.4,3.6,3.8,0.95,0.7,10.8,5.0436,7.21,140,4.8,102,4.2,105.15,60,349,409,14.67,5.7,116.89,0.1,18.2,304.5,5.98,9.5,5.6,225,15,2,93,60,77,142
201573,PBCHD03HPP,467897,23/09/2018,11:40,12:19,Light Yellow,Clear,1.017,5,Trace,Trace,Negative,1+,Negative,Normal,Negative,5-7,0,3-3,Nil,Rare,Fat droplets or lipiduria,10.5,5.7,48.2,85.5,18,21,12.4,43.5,4868,61,34,4,2,0,1.05,2.8,0.4,0.03,0.08,127,7.2,15,0.32,34.1,3.1,3.03,0.18,0.33,200,75,79.7,20.8,104,147,2.7,1.06,0.94,0.6,0.1,0.5,115,25,34,41,8.3,3.7,4.6,0.8,0.7,11.3,5.2771,7.54,127,3.6,106,2.5,117.32,86,155,241,35.68,7.1,157.07,0.4,13.3,68.2,19.5,7.7,3.1,91,10.4,3.08,78,86,240,89
607389,KLTRS03MLT,599285,25/09/2018,07:19,08:31,Light Yellow,Slightly cloudy,1.028,6.7,Trace,Negative,Negative,Negative,Negative,Normal,Negative,12-13,0,7-19,Nil,Rare,NIL,20.8,5.6,42.6,86,37,48,12.2,28.7,9145,36,29,5,12,0,4.49,1.97,0.33,0.48,0.08,122,11.1,13,0.28,32.8,4.2,0.38,0.28,0.97,199,58,89.8,94.1,470.5,93,3.4,1.55,0.65,1.7,0.8,0.9,79,31,34,22,6.7,4.3,2.4,1.79,0.3,13,6.071,20.24,136,3.9,83,6.8,95.51,89,294,383,23.24,6.1,128.37,0,18.9,129.8,14.56,8.7,3.6,132,3.2,1.93,106,64,120,191
472559,KLTRS04ODB,262104,25/09/2018,08:26,09:23,Pale Yellow,Clear,1.014,6.6,Negative,1+,Trace,Negative,Negative,Normal,Negative,4-6,2,1-4,Few,Rare,NIL,8.9,5.8,30.4,120.3,15,29,13.8,40.6,9011,51,45,2,0,0,2.09,2.45,0.57,0.6,0.09,165,11.6,16,0.31,15.1,2.6,0.27,0.36,0.03,139,46,114.8,14.2,71,169,3,2.5,0.4,0.8,0.1,0.7,44,27,15,18,6.4,4.9,1.5,3.27,0.8,31.6,14.7572,18.45,138,4.4,105,3,94.24,159,186,345,46.09,6.1,128.37,0.5,27.6,116.7,23.65,12.8,4,132,6.9,0.72,86,136,107,164
305842,PBCHD15NLM,899141,26/09/2018,07:28,08:17,Straw,Hazy,1.016,6.4,Trace,Trace,Negative,Negative,Negative,Normal,Negative,6-8,5,17-10,Few,Rare,NIL,7.2,5.5,36.5,97.6,13,19,12,41.7,5725,56,28,1,12,0,3.34,2.52,0.67,0.58,0.16,398,8.4,11,0.31,33.8,0.4,0.13,0.11,0.34,161,54,90.4,69.4,347,195,3,1.67,0.6,0.8,0.3,0.5,80,55,29,24,7.7,4.6,3.1,1.48,1,7.4,3.4558,3.46,144,4.2,92,3.3,109.97,127,337,464,27.37,8.3,191.51,0.9,15.4,95.2,16.18,11.3,5.8,162,11.4,5.47,217,75,106,104
420673,PBCHD02GAM,403571,26/09/2018,09:26,10:00,Yellow,Clear,1.018,5.4,Trace,Negative,Negative,Negative,Negative,Normal,Negative,6-7,5,2-2,Nil,Moderate,Mucus threads,9.5,5.7,45.5,45.2,16,20,10.9,44,38790,50,20,5,4,1.8,2.73,2.02,0.1,0.04,0.04,143,8.3,14,0.35,23.8,7.5,0.28,0.37,0.23,104,31,83.9,44.6,223,142,3.4,2.71,0.37,0.7,0.3,0.4,80,29,21,23,8.3,4.8,3.5,1.37,0.9,31.8,14.8506,16.5,138,2.7,114,8,90.58,138,264,402,34.33,5.9,122.63,0,12,27.6,43.48,9.4,4.2,91,5,2.92,76,81,91,132
532826,MZLGI06MHP,788227,26/09/2018,06:41,08:09,Pale Yellow,Clear,1.012,4.6,Negative,2+,Negative,Negative,Negative,Normal,Negative,21-22,1,1-2,Nil,Rare,Fat droplets or lipiduria,15.3,7.3,44.5,95.2,20,34,14.6,41.2,6619,37,24,7,2,0,14.26,1.31,0.25,0.01,0.12,159,11.6,17,0.34,30.4,4.5,0.07,0.82,0.97,207,55,88.7,27.1,135.5,199,3.8,1.61,0.62,0.4,0.1,0.3,59,44,17,39,7.8,5,2.8,1.79,1.1,15,7.005,6.37,139,2.6,97,6,111.54,73,305,378,19.31,9.2,217.34,3,12.6,99.8,12.63,8.9,2.6,336,22.1,3.65,91,79,94,181
336729,GYAHD13ODK,706426,25/09/2018,11:51,12:59,Orange,Clear,1.028,6.6,Trace,Trace,Trace,Negative,Negative,Normal,Negative,4-5,0,2-4,Nil,Nil,NIL,15.1,4.6,53.6,97.4,32,28,13.1,44.5,10813,60,34,3,2,0,8.98,1.74,0.43,0.3,0.16,275,9.7,12,0.32,26.1,3.7,0.35,0.59,3.89,176,30,99.4,15.6,78,99,5.9,3.31,0.3,0.3,0,0.3,62,10,39,25,8,4.6,3.4,1.35,0.6,14.6,6.8182,11.36,136,3.6,109,4.9,112.05,117,266,383,30.55,6.1,128.37,0.3,12.3,298.5,4.12,8.6,5.1,99,16.3,3.2,79,73,94,90
391262,GYAHD11KLM,448016,24/09/2018,10:21,10:59,Yellow,Clear,1.01,5.7,Negative,Negative,Negative,Negative,Negative,Normal,Negative,95-97,2,3-4,Nil,Rare,Parasites,3.9,7,51.1,96.9,5,7,14.5,45.3,4963,45,27,4,3,0,0.61,1.78,0.92,0.35,0.09,412,11.3,14,0.07,21.6,2.2,0.01,0.85,0.24,202,61,94.2,6.7,33.5,175,3.3,1.54,0.65,1,0.3,0.7,128,79,17,19,7.5,4.1,3.4,1.21,0.8,18.9,8.8263,11.03,143,4.7,97,5.2,90.03,106,250,356,29.78,6.3,134.11,0.8,16.9,133.5,12.66,9.2,4,84,12.5,8.27,119,65,95,100
711964,MZLGI10MHP,914718,24/09/2018,10:24,11:19,Pale Yellow,Clear,1.018,6,Trace,Negative,Negative,Negative,Negative,1+,Negative,1-3,0,3-4,Nil,Nil,Mucus threads,11.4,5.8,42.9,72.3,19,26,12,39.3,6572,34,13,3,7,0,2.32,1.98,0.53,0.52,0.07,119,11,17,0.29,49,6.6,0.99,5.41,0.58,151,76,134.1,26.5,132.5,72,2,1.76,0.57,9.3,4.8,4.5,47,40,15,18,8.4,4.5,3.9,1.15,1,12.5,5.8375,5.84,138,3.9,105,11.2,114.5,185,242,427,43.33,19.7,518.69,1,20.8,137.1,15.17,8.9,3.8,77,8.7,11.35,74,94,85,75
338486,PBCHD09CGD,836612,27/09/2018,10:22,11:08,Yellow,Clear,1.016,5.7,Trace,Trace,Negative,Negative,Negative,Normal,Negative,10-11,1,1-3,Nil,Nil,NIL,11.1,4.4,48,69.1,25,23,12.7,43.5,9994,40,37,2,2,0,1.78,1.4,0.41,0.5,0.02,204,10.1,11,0.08,34.6,2.7,0.38,0.12,0.22,215,48,105.4,13.3,66.5,111,4.5,2.2,0.46,14.5,10,4.5,51,39,24,46,6.1,4.1,2,2.05,1.1,15.1,7.0517,6.41,147,4.2,101,5.4,119,155,347,502,30.88,8.5,197.25,0.7,13.1,123.3,10.62,8.9,5,171,6.6,8.47,221,148,84,96
377217,PBCHD03MHS,174754,24/09/2018,06:20,07:08,Red,Slightly cloudy,1.019,6.8,Negative,Trace,Negative,Negative,1+,Normal,Negative,TNTC,1,3-3,Nil,Few,NIL,16.6,2.6,40.5,85.5,63,40,12.4,45.1,5480,43,24,9,2,0,7.6,4.48,0.35,0.37,0.02,212,11.5,11,0.06,37.3,0.1,0.03,0.26,0.09,215,37,155.5,28.7,143.5,155,5.8,4.2,0.24,0.5,0.2,0.3,54,52,7,34,7.3,4.4,2.9,1.52,0.6,19.7,9.1999,15.33,128,4.2,110,6.3,115.48,138,217,355,38.87,6.4,136.98,0.6,24.9,112.9,22.05,9.4,3.5,144,6.7,1.15,96,74,83,77
384522,PBCHD09SKM,357841,24/09/2018,11:32,12:15,Pale Yellow,Opaque,1.011,7,Negative,Trace,Negative,Negative,Negative,Normal,Negative,TNTC,8,10-12,Rare,Few,Yeast cells,9.4,5.9,48.4,83.4,15,19,13.5,40.9,7142,64,35,5,4,2.6,2.2,2.47,0.45,0.49,0.06,380,11.9,14,0.34,26.6,1.3,0.18,0.13,0.21,175,40,70.9,64.4,322,136,4.4,1.77,0.56,0.7,0.1,0.6,43,43,40,26,6.4,4.7,1.7,2.76,1.1,16.4,7.6588,6.96,144,4,115,2,102.79,102,220,322,31.68,6.3,134.11,0.2,13.3,598.2,2.22,9.9,3.7,146,15.8,8.91,123,89,106,123
420599,PBCHD15RJU,279059,25/09/2018,07:59,08:32,Pale Yellow,Hazy,1.019,5.7,Trace,1+,Negative,Negative,Trace,Normal,Negative,43-46,1,5-15,Nil,Nil,Mucus threads,10.1,5.9,31,85.2,17,32,13.9,41.4,9211,44,18,1,7,0,6.01,6.98,0.06,0.44,0.03,178,8.3,15,0.09,31.7,1.3,0.36,3.48,0.36,217,45,70.8,22.6,113,97,4.8,1.57,0.64,0.5,0.1,0.4,279,26,25,20,6.7,3.4,3.3,1.03,1.1,15.1,7.0517,6.41,126,4.1,97,2.3,116.4,82,355,437,18.76,7.7,174.29,0.4,23.3,125.7,18.54,10.3,2.5,200,10.2,0.51,88,64,77,93
233357,MZLGI10APK,657348,24/09/2018,06:13,06:47,Light Yellow,Clear,1.016,6.3,Negative,Trace,Trace,1+,Negative,Normal,Negative,5-6,1,2-4,Few,Nil,Parasites,11.1,5.4,42.5,70.6,20,26,13.3,44.8,7410,45,25,5,3,0,6.26,3.21,0.63,0.4,0.07,187,12,17,0.36,31.2,4.9,2.68,0.06,0.38,226,34,74.3,62.7,313.5,184,6.6,2.19,0.46,0.7,0.3,0.4,106,14,37,16,7.8,4.8,3,1.6,1.2,8.6,4.0162,3.35,140,3.7,111,4.8,108.82,87,280,367,23.71,5.9,122.63,0.9,21,113.8,18.45,6.9,2.7,124,4.9,1.85,261,84,94,189
294220,MZLGI09BRC,468774,25/09/2018,06:51,08:03,Pale Yellow,Slightly cloudy,1.017,6.9,Trace,Trace,Negative,Negative,Negative,Normal,Negative,7-8,4,1-2,Nil,Nil,NIL,11.9,5.9,54,55.1,20,22,13.4,40.5,7126,53,33,5,3,2.9,6.94,2.1,0.71,0.37,0.06,271,7.1,11,0.14,28.6,0.1,0.03,0.04,0.58,156,50,85.6,9.3,46.5,146,3.1,1.71,0.58,0.5,0.2,0.3,73,17,19,37,7.8,3.8,4,0.95,0.7,38.6,18.0262,25.75,145,4.1,107,3.7,99.53,114,305,419,27.21,6.2,131.24,0.6,11.5,104.8,10.97,9.7,3.3,165,12,1.38,70,89,172,99
630114,MZLGI15BRC,708824,25/09/2018,07:48,08:38,Yellow,Clear,1.014,6.3,2+,Negative,Negative,Negative,Negative,Normal,Negative,4-6,18,2-3,Nil,Nil,NIL,18.6,6.7,58.5,92.3,27,31,13.7,29.4,9959,40,35,4,12,0,0.67,0.31,0.49,0.22,0,979,11.3,13,0.23,30.2,0.1,0.11,0.4,0.26,200,75,63.6,17.1,85.5,92,2.7,0.85,1.18,0.4,0.1,0.3,114,28,29,12,7.9,4.5,3.4,1.32,1,37.6,17.5592,17.56,144,3.5,99,2.3,100.41,231,243,474,48.73,6,125.5,0.9,20.9,76.2,27.43,9.3,2.8,184,6.5,1.56,76,94,119,69
909602,KLTRS04MLT,588061,27/09/2018,09:17,09:53,Orange,Clear,1.027,6.6,Negative,Negative,Negative,Negative,Negative,Normal,Positive,3-4,1,6-17,Nil,Nil,Yeast cells,1.8,6.5,58.2,98.2,2,3,14.4,48.6,4050,41,20,5,5,0,2.24,1.36,0.8,0.26,0.07,18,11.2,13,0.32,21.3,4,0.32,4.33,0.19,196,37,128.4,8.3,41.5,83,5.3,3.47,0.29,0.7,0.3,0.4,41,43,18,29,8.2,4.8,3.4,1.41,0.8,8.9,4.1563,5.2,141,3.3,98,8.6,101.75,183,196,379,48.28,5.5,111.15,0.1,17,134.5,12.64,9.8,4.5,93,9.3,1.3,70,60,177,84
232625,PBCHD07RJU,837690,26/09/2018,10:54,11:43,Yellow,Clear,1.015,5.4,Negative,Trace,Negative,Negative,Negative,Normal,Negative,11-13,5,3-2,Nil,Nil,Fungal elements,15.9,5.9,52.1,101,26,30,11.5,43.5,9364,62,44,3,3,0,7.39,2.2,0.29,0.16,0.09,352,7.9,13,0.06,13.2,1.3,0.07,2.11,0.48,228,49,89.9,7.6,38,130,4.7,1.83,0.55,1.3,0.6,0.7,72,49,26,25,7,4.5,2.5,1.8,1.2,49.1,22.9297,19.11,140,4.4,103,5.8,105.08,147,252,399,36.84,6.3,134.11,0.7,17,56.6,30.04,11.5,2.3,183,7.9,2.84,103,141,119,78
198071,MZLGI12BRC,419528,26/09/2018,10:38,11:12,Pale Yellow,Slightly cloudy,1.011,6.7,Negative,Negative,Trace,Negative,Negative,Normal,Negative,1-3,5,1-3,Rare,Nil,NIL,16.7,4.4,55,78.9,37,30,12.7,45.1,10817,45,40,2,5,9.3,5.01,1.87,0.32,0.64,0.06,400,11.4,10,0.32,26.3,0.1,0.21,2.11,0.12,193,52,75.2,15.8,79,135,3.7,1.45,0.69,0.7,0.1,0.6,256,43,33,34,8.7,3.9,4.8,0.81,1.1,5.9,2.7553,2.5,144,3.8,106,5.4,92.79,106,258,364,29.12,6.9,151.33,0.8,26.4,106.9,24.7,8.8,4.3,108,3.1,2.49,82,92,96,190
154719,KLTRS05KLP,682699,27/09/2018,07:40,08:25,Light Yellow,Clear,1.017,7,Trace,Trace,Negative,Negative,Negative,Normal,Negative,2-4,1,2-3,Nil,Nil,Parasites,11.2,7,31.2,53.3,16,35,13.2,42.2,33848,57,22,5,8,0,2.66,2.78,0.32,0.04,0.01,1117,10.4,15,0.36,29.7,7.2,0.02,4.71,0.31,194,37,76.2,72.2,361,102,5.2,2.06,0.49,1,0.3,0.7,92,19,16,28,6.9,3.8,3.1,1.23,0.7,8.1,3.7827,5.4,146,3.8,106,2.3,109.52,82,172,254,32.28,6.1,128.37,0.4,17.9,135.6,13.2,10.6,2.7,66,22,3.49,113,70,79,174
254427,PBCHD01RJU,147954,23/09/2018,11:57,13:02,Straw,Hazy,1.012,6.6,1+,Trace,Negative,2+,Trace,Normal,Negative,12-14,3,5-9,Nil,Nil,Fat droplets or lipiduria,16.5,5.3,53,72.5,31,31,13.9,26.7,2163,32,30,2,6,0,15.19,5.53,0.44,0.66,0.05,190,13.6,13,0.22,14.8,2.7,0.59,0.17,0.3,170,40,114.4,26,130,118,4.3,2.86,0.35,0.3,0,0.3,129,52,21,29,6,4.1,1.9,2.16,0.6,16.6,7.7522,12.92,126,2.9,97,4.2,105.8,111,93,204,54.41,7.8,177.16,0.9,13.4,101.7,13.18,8.2,5,245,15.2,2.92,111,119,87,145
822437,GYAHD01KAU,953041,24/09/2018,11:47,12:52,Pale Yellow,Hazy,1.017,6.3,Trace,Trace,Negative,Negative,Negative,Normal,Negative,12-14,0,1-4,Nil,Nil,NIL,10.6,6.1,53.5,99.9,17,19,13.7,43.4,6230,38,36,25,2,0,1.5,3.52,0.62,0.22,0.01,1172,11.8,10,0.37,13.8,0.1,0.23,0.36,0.35,152,54,42.1,37.3,186.5,104,2.8,0.78,1.28,0.3,0,0.3,118,9,36,36,6.5,5,1.5,3.33,1,31.9,14.8973,14.9,139,4.9,114,5.5,102.19,146,149,295,49.49,9.8,234.56,0.1,28.9,84.4,34.24,9.6,3.2,189,14.5,3.89,121,90,72,243
993277,PBCHD06GAM,649938,27/09/2018,07:18,08:25,Light Yellow,Slightly cloudy,1.018,6.6,Trace,Trace,Negative,Negative,Negative,Normal,Negative,28-32,1,2-3,Few,Nil,Artifacts,13.5,6,42.3,124.6,22,31,13,39.4,6130,28,10,4,3,0,16.6,4.79,0.24,0.11,0.08,940,10.4,10,0.59,12.1,0.1,0.03,0.07,0.19,155,80,23.4,27,135,74,1.9,0.29,3.42,0.5,0.1,0.4,117,23,14,45,7,4.8,2.2,2.18,1.2,14.7,6.8649,5.72,146,5.4,88,5,13.85,139,346,485,28.66,5.7,116.89,0.1,279.1,257.9,108.22,10.3,2.7,171,12,3.92,98,90,97,289
494695,GYAHD10KAU,825514,24/09/2018,11:22,12:28,Pink,Opaque,1.019,6.6,Trace,Trace,Negative,Negative,Negative,Normal,Negative,77-81,2,3-4,Nil,Moderate,Artifacts,14,5.5,44.6,99.3,25,31,16.9,40.9,8949,54,34,2,8,0,1.74,2.97,0.5,0.04,0.19,188,12.4,17,0.38,19.4,1.7,0.08,0.87,0.61,158,69,69.5,13.5,67.5,203,2.3,1.01,0.99,0.6,0.1,0.5,88,39,108,21,7.3,3.9,3.4,1.15,0.9,22,10.274,11.42,145,5.8,106,4.6,110.65,129,253,382,33.77,12.7,317.79,0.7,18.3,98.6,18.56,10.5,5.1,180,8.6,5.15,94,63,83,135
832818,GYAHD11ODK,508051,27/09/2018,09:31,10:50,Light Yellow,Hazy,1.015,5,Negative,Negative,Negative,Negative,Negative,Normal,Negative,11-13,0,16-16,Nil,Nil,NIL,8.8,4.5,34,71.4,19,25,13.7,39.9,6005,43,51,4,2,0,1.17,2.58,0.45,0.24,0.05,134,7,17,0.2,34.1,2.3,3.32,0.25,0.25,114,57,76.7,32.4,162,114,2,1.35,0.74,0.7,0.3,0.4,69,30,27,26,8.1,4.4,3.7,1.19,1.2,18.8,8.7796,7.32,135,4.6,105,2.9,90.6,139,273,412,33.74,9,211.6,0.7,10.2,265.5,3.84,9,3.5,173,11.7,2.11,106,122,116,94
301840,MZLGI14APK,762030,24/09/2018,11:47,12:17,Straw,Clear,1.004,4.9,1+,Negative,Negative,Negative,Negative,Normal,Negative,41-45,1,1-2,Nil,Nil,NIL,13.4,5.3,30.1,89.1,25,44,12,39.7,48908,40,24,2,5,0,0.96,2.13,0.7,0.54,0.2,85,7.1,19,0.35,19,4.8,0.22,5.8,0.14,231,46,173.9,18.6,93,73,5,3.78,0.26,1,0.3,0.7,60,35,14,30,6.3,4.8,1.5,3.2,0.6,6.1,2.8487,4.75,157,2.9,107,3.2,119.8,52,353,405,12.84,8.4,194.38,0.4,14.7,98.3,14.95,8.6,3.2,219,10.8,2.79,115,125,92,147
900968,KLTRS05MLT,893514,27/09/2018,10:03,11:06,Yellow,Clear,1.016,6.9,Negative,1+,Negative,Negative,Negative,Normal,Negative,7-8,1,3-2,Nil,Nil,NIL,13.1,2.4,52.7,81.4,54,24,12.6,42.8,8361,47,21,3,3,0,22.4,0.64,0.15,0.49,0.03,260,12.6,13,0.26,13.6,1.8,4.79,0.07,0.14,231,38,96.8,33.4,167,80,6.1,2.55,0.39,0.8,0.1,0.7,62,34,28,28,6.9,3.7,3.2,1.16,1.2,17,7.939,6.62,120,4.9,97,4.8,108.2,110,177,287,38.33,8.7,202.99,0.9,21.1,49.6,42.54,12.5,4.2,160,6.6,3.13,148,94,97,272
754701,MZLGI14BRC,283767,26/09/2018,09:38,11:07,Straw,Hazy,1.012,6.8,Negative,Trace,Negative,Negative,Negative,Normal,Negative,12-13,2,2-3,Nil,Nil,NIL,13.7,5,33.5,93.4,27,40,16.6,40.6,7519,45,20,2,8,7,7.06,1.6,0.66,0.36,0.09,194,8.4,16,0.19,27.7,2.3,0.02,0.46,0.58,128,51,49.9,31.5,157.5,182,2.5,0.98,1.02,0.6,0.1,0.5,44,11,13,39,7,4.2,2.8,1.5,1.2,6.3,2.9421,2.45,99,3,98,5.9,115.41,109,187,296,36.82,7.5,168.55,25.5,18.7,130.2,14.36,10,4.5,131,12.1,1.37,132,89,328,194
855309,KLTRS14TSS,967872,23/09/2018,10:11,11:26,Pale Yellow,Hazy,1.03,5.2,Negative,1+,Negative,Negative,Negative,Normal,Negative,5-7,0,2-4,Nil,Nil,NIL,18.2,6,38.6,71.3,30,47,12.9,41.5,6827,62,38,3,7,0,5.79,0.38,0.4,0.32,0.02,336,14.5,14,0.19,13.3,7,0.61,0.1,0.26,164,40,65.9,58,290,64,4.1,1.65,0.61,0.7,0.3,0.4,95,38,18,47,7.1,4.7,2.4,1.96,1.1,8,3.736,3.4,139,4.3,96,2.4,95.24,177,123,300,59,8.9,208.73,0,61,63.3,96.37,10.4,3.9,132,3.6,0.51,115,97,77,168
550596,KLTRS04TSS,150294,23/09/2018,07:15,07:50,Straw,Clear,1.028,4.6,3+,2+,Negative,Negative,Trace,Normal,Negative,8-9,0,3-3,Rare,Rare,Parasites,15.4,4.9,36.3,81.1,31,42,14.4,44,9152,61,17,1,5,0,0.83,2.64,0.62,0.18,0.01,399,5.7,17,0.19,36,3.8,6.75,0.01,0.03,158,76,137.6,92.8,464,74,2.1,1.81,0.55,0.4,0,0.4,68,28,39,18,6.5,3.6,2.9,1.24,0.6,139.6,65.1932,108.66,143,4.7,109,2.7,91.06,133,350,483,27.54,5.8,119.76,0.6,16.8,184.4,9.11,9.2,4.4,81,6.5,0.13,71,78,64,186
623405,GYAHD07KAU,692257,26/09/2018,10:51,12:10,Light Yellow,Clear,1.017,4.6,1+,Trace,Negative,Negative,Negative,Normal,Negative,6-8,2,3-4,Rare,Nil,NIL,17.2,6,45.6,95.8,28,37,14.2,44.8,7057,47,35,4,11,0,5.47,6.83,0.26,0.24,0.09,306,10.9,13,0.38,27.5,0.7,0.26,0.15,0.1,170,70,94.5,20.3,101.5,109,2.4,1.35,0.74,0.9,0.2,0.7,43,124,34,22,6.2,4.1,2.1,1.95,0.9,14.3,6.6781,7.42,146,3.6,99,2.3,115.32,98,340,438,22.37,6,125.5,1.8,15.7,130.8,12,11.1,4.6,243,5.9,1.63,77,79,85,105
246923,MZLGI07MHP,234959,24/09/2018,08:20,09:07,Light Yellow,Clear,1.013,6.6,Negative,1+,Trace,Negative,Negative,Normal,Negative,11-13,2,1-2,Nil,Nil,NIL,11.8,6,51.4,95.5,19,22,12,38.5,8808,43,41,18,6,0,8.83,1.61,0.36,0.34,0.09,418,15.4,14,0.22,18.7,6.6,0.16,0.39,0.24,155,29,51.5,60,300,136,5.3,1.78,0.56,15.7,11.2,4.5,71,29,25,26,7.1,3.8,3.3,1.15,2.8,7,3.269,1.17,139,4.7,103,2.9,108.76,69,251,320,21.56,6,125.5,0.5,26.9,398.1,6.76,10.5,6.9,224,17.1,3.82,89,108,70,70
467007,PBCHD05PBP,639543,27/09/2018,07:30,08:39,Pale Yellow,Clear,1.019,4.9,Trace,Trace,Negative,Negative,2+,Normal,Negative,13-14,2,14-8,Nil,Rare,NIL,7.2,5.4,40.7,86.3,13,17,12.4,45.5,43309,46,55,10,0,0,8.05,0.7,0.68,0.22,0.01,395,7.9,30,0.22,38,3.9,0.27,5.3,0.06,185,29,48.1,41.2,206,171,6.4,1.66,0.6,2.6,0.3,2.3,95,55,37,18,5.8,4.1,1.7,2.41,1.2,9.7,4.5299,3.77,147,1.5,106,3.1,112.27,81,343,424,19.1,6,125.5,0.5,15.1,336.7,4.48,9.1,6.6,150,3.6,5.94,97,65,76,62
361457,KLTRS14TSS,618110,27/09/2018,07:43,08:48,Straw,Clear,1.017,6.9,Trace,Trace,Negative,Negative,Negative,Normal,Negative,12-13,1,3-2,Nil,Rare,NIL,14.1,5.3,38.8,85.8,26,36,13.2,40.2,4246,44,32,6,8,2.5,8.14,7.52,0.73,0.76,0.03,230,7,20,0.3,30.7,3.9,0.13,0.64,0.7,180,26,51,8.5,42.5,215,6.9,1.96,0.51,0.3,0,0.3,64,41,35,31,8.2,4.2,4,1.05,1,18.8,8.7796,8.78,144,2.6,103,3.9,99.71,48,289,337,14.24,6.9,151.33,1,12.5,29.2,42.81,9.9,6.1,167,7.7,2.2,76,123,121,133
345354,PBCHD08RJU,797213,26/09/2018,06:55,08:13,Orange,Clear,1.028,6.6,Negative,Negative,1+,Negative,Negative,Normal,Negative,4-5,2,1-3,Nil,Nil,NIL,14.8,4.1,38.4,115.2,36,38,11.7,27.5,6485,54,46,6,3,0,0.52,2.65,0.41,0.02,0.09,187,8.6,15,0.34,33.5,0.3,1.28,0.59,0.15,109,52,90.2,27.8,139,167,2.1,1.73,0.58,0.4,0,0.4,65,50,32,15,6.2,3.8,2.4,1.58,1,21.4,9.9938,9.99,92,3.2,102,3.4,60.51,141,98,239,59,7.8,177.16,0.5,481.2,252.4,190.65,11.1,4.1,197,16.4,9.89,88,79,179,96
795531,KLTRS09MLT,568064,23/09/2018,06:01,07:04,Pale Yellow,Slightly cloudy,1.012,6.2,Negative,2+,Negative,Negative,Negative,Normal,Negative,12-14,2,13-14,Nil,Nil,Fat droplets or lipiduria,10.7,4.8,44.9,74.6,22,23,13.1,43.2,5016,60,15,1,3,0,1.99,2.52,0.41,0.57,0.04,421,10.1,10,0.08,23.8,5.6,5.31,0.03,0.82,196,42,93.1,33.1,165.5,116,4.7,2.22,0.45,0.8,0.1,0.7,72,23,21,64,7.8,3.9,3.9,1,1,9.2,4.2964,4.3,130,4.1,93,3.7,90.87,197,301,498,39.56,8.6,200.12,0.2,269.5,25.8,1044.57,10.2,1.8,103,7.5,1.55,83,84,77,106
232130,GYAHD05ODK,101267,25/09/2018,09:54,10:47,Deep Amber,Clear,1.014,6.6,Negative,Trace,Negative,Negative,Negative,Normal,Negative,10-12,0,3-4,Nil,Nil,Fungal elements,10.2,4.5,49.8,90.4,22,20,14.2,44.8,7817,59,51,5,15,1.1,2.29,1.27,0.7,0.17,0.02,388,11,15,0.32,22.6,3.5,0.44,0.07,0.15,156,45,122.2,7.1,35.5,76,3.5,2.72,0.37,0.8,0.2,0.6,62,49,14,15,6.3,4.2,2.1,2,0.8,16.6,7.7522,9.69,141,4.2,104,3,97.44,167,91,258,64.73,6,125.5,0.7,11.9,269.2,4.42,8.9,3.9,174,15.9,1.02,208,68,109,128
477983,MZLGI07RJK,514291,26/09/2018,07:49,09:00,Light Yellow,Slightly cloudy,1.014,6.7,Negative,Trace,Negative,3+,Negative,Normal,Negative,9-10,0,1-3,Nil,Few,NIL,9.6,4.1,36.5,75.6,23,26,10.4,40.4,4794,32,37,8,4,0,22.84,2.81,0.93,0.17,0.05,327,8.8,14,0.06,40.4,2.3,0.48,0.34,0.22,177,48,191.2,88.2,441,90,3.7,3.98,0.25,0.9,0.3,0.6,129,50,39,10,7.3,5,2.3,2.17,0.8,16.8,7.8456,9.81,145,3.4,96,4.6,98.83,88,344,432,20.37,6.3,134.11,0.2,11.3,91.2,12.39,7.7,3,134,15.5,1.81,100,93,85,72
755690,PBCHD02SKM,264379,24/09/2018,11:43,12:40,Pale Yellow,Hazy,1.018,4.5,Trace,Negative,Negative,Negative,2+,Normal,Negative,4-5,2,1-2,Nil,Nil,Artifacts,12.4,5.7,45.8,82.5,21,27,12.7,42.6,4460,75,28,4,3,0,0.96,5.95,0.29,0.34,0.02,319,9.6,11,0.2,40.1,7.2,0.37,0.17,0.07,165,48,37.2,29.8,149,160,3.4,0.78,1.29,0.7,0,0.7,111,10,35,37,6.1,4.8,1.3,3.69,0.8,7.8,3.6426,4.55,125,4.3,99,4.7,95.75,129,301,430,30,6.1,128.37,0.8,18.6,121.3,15.33,9.3,3.3,168,11,3.29,92,122,77,106
959699,GYAHD12KLM,274764,23/09/2018,08:55,09:55,Pale Yellow,Slightly cloudy,1.011,5.4,Trace,Trace,Negative,Negative,Negative,Normal,Negative,9-10,0,1-2,Nil,Nil,Parasites,8.7,6.3,37,106.3,13,23,13.2,45.3,2830,42,48,10,11,0,1.03,2.17,0.34,0.35,0.03,112,8.7,15,0.17,14.5,4.6,0.25,3.1,4.71,172,49,73.1,37.7,188.5,82,3.5,1.49,0.67,0.5,0.2,0.3,84,48,12,22,6.5,4.9,1.6,3.06,0.8,35.9,16.7653,20.96,137,3.9,108,5.7,114.93,109,107,216,50.46,7.1,157.07,1,10.9,62.4,17.47,9.5,4.6,96,10.3,0.38,99,69,105,110
769874,KLTRS07TSS,257904,27/09/2018,09:34,10:44,Straw,Slightly cloudy,1.02,4.8,Trace,Trace,Negative,Negative,Negative,Normal,Negative,36-38,1,3-4,Nil,Nil,Parasites,17.6,4.6,27.2,40.5,38,64,14,45.6,6463,50,46,9,5,0,5.57,2.57,0.36,0.44,0.16,106,7.9,10,0.36,16.8,2.8,0,2.17,0.37,186,59,102.6,46,230,149,3.2,1.74,0.58,0.7,0.1,0.6,63,8,39,41,6.1,4.3,1.8,2.39,1.1,7.5,3.5025,3.18,141,4.7,98,2.4,121.13,156,197,353,44.19,5.9,122.63,0.2,10.2,185.1,5.51,10.5,7.3,75,10,1.43,80,123,74,146
711955,KLTRS02MLT,865014,25/09/2018,08:03,08:46,Dark Yellow,Slightly cloudy,1.012,5.4,Negative,Trace,Negative,Negative,Negative,Normal,Negative,TNTC,1,1-2,Rare,Moderate,Fat droplets or lipiduria,11.9,5.8,39.6,90.5,20,30,14.4,47.9,4944,72,43,6,7,0,4.54,2.22,0.26,0.52,0.05,377,10.2,12,0.13,36.3,2.3,2.05,1.07,0.1,198,58,98.6,36.8,184,72,3.4,1.7,0.59,0.8,0.3,0.5,40,22,31,13,8.1,4,4.1,0.98,0.9,17.8,8.3126,9.24,147,4.6,103,5,81.21,79,356,435,18.16,10,240.3,0.7,20.7,422.1,4.9,10,3.3,116,14.9,3.07,72,91,93,100
222120,PBCHD09SKM,183742,25/09/2018,10:47,11:43,Straw,Clear,1.016,6.6,Negative,Trace,Negative,Negative,Trace,Normal,Negative,90-91,9,1-4,Nil,Few,NIL,11.9,5.3,36.9,93.8,22,32,11.8,42.9,8373,50,40,3,4,1.7,7.41,1.01,0.34,0.33,0.02,300,9,16,0.12,27.3,2.9,2.14,1.79,0.05,100,61,73.5,18.2,91,115,1.6,1.2,0.83,0.9,0.3,0.6,81,33,37,40,6.8,5.2,1.6,3.25,0.6,37.1,17.3257,28.88,136,2.7,102,6.8,92.77,123,296,419,29.36,7.6,171.42,0.7,25.8,48.1,53.64,10.6,2.5,202,15.7,3.12,86,61,112,66
378058,MZLGI07MHP,192218,24/09/2018,09:23,10:25,Light Yellow,Clear,1.021,6.9,Negative,Trace,Negative,1+,Negative,Normal,Negative,4-5,1,3-3,Moderate,Nil,NIL,11.8,5.4,50.6,40.3,21,23,9.4,43.4,10385,48,30,6,2,0,8.2,1.69,0.9,0.5,0.07,184,10.3,16,0.35,20.5,0.5,0.88,2.18,3.88,153,56,153.7,42.8,214,175,2.7,2.74,0.36,0.6,0.2,0.4,95,11,7,28,7.5,4.4,3.1,1.42,1,17.7,8.2659,8.27,142,4.9,104,3.6,108.92,195,160,355,54.93,6.3,134.11,0.2,10.3,62.2,16.56,10.1,4.4,269,13.2,3.13,97,109,94,142
270954,GYAHD12JHJ,837038,23/09/2018,11:12,12:10,Straw,Slightly cloudy,1.026,4.9,Trace,Trace,Negative,Negative,Negative,Normal,Negative,TNTC,1,3-3,Rare,Nil,NIL,12.3,4.1,44.4,95.6,30,27,13.3,26.1,23198,44,26,4,7,0,18.29,6.21,0.48,0.69,0.2,189,9,13,0.36,23.3,4.4,0.35,0.13,0.3,154,46,99.5,18.1,90.5,115,3.3,2.16,0.46,0.7,0.1,0.6,40,35,23,39,7.8,3.6,4.2,0.86,1,33.5,15.6445,15.64,149,4.8,103,2.1,111.09,120,343,463,25.92,8.7,202.99,0.1,13.3,137.2,9.69,11.1,4.2,144,6.3,2.18,92,87,79,93
908824,MZLGI09BRC,972541,24/09/2018,07:59,09:15,Dark Yellow,Clear,1.012,5.3,Trace,2+,Negative,Negative,Negative,Normal,Negative,8-9,2,3-3,Nil,Nil,Yeast cells,17.6,4.6,23.4,102.4,38,75,13.6,42.7,8251,53,37,2,0,0,5.71,2.33,0.5,0.05,0.09,784,11.1,10,0.36,41.4,0.7,0.72,0.26,0.27,152,44,92.3,61.7,308.5,62,3.5,2.1,0.48,0.5,0.2,0.3,84,32,12,37,8,4.7,3.3,1.42,0.7,15,7.005,10.01,121,2.8,99,6.3,109.46,84,231,315,26.67,8.7,202.99,0.5,28.7,51,56.27,10.4,3.3,237,7.5,2.28,75,197,241,168
717401,KLTRS13WBD,728200,24/09/2018,11:24,12:49,Yellow,Clear,1.011,6.4,Negative,Negative,Negative,Negative,Negative,Normal,Positive,1-3,2,1-3,Nil,Nil,NIL,15,4.3,36.2,78.4,34,41,11,44.1,10094,62,21,2,4,0,6.55,2.93,0.33,0.57,0.09,167,11.9,11,0.35,15.7,0.1,2.3,0.64,0.16,169,58,178.8,40.5,202.5,88,2.9,3.08,0.32,0.2,0,0.2,81,21,35,32,6,4.6,1.4,3.29,0.9,13.3,6.2111,6.9,137,1.7,104,5.8,93.05,105,186,291,36.08,5.8,119.76,0.1,25.5,190.7,13.37,12,2.7,76,5.2,0.1,86,196,73,124
728774,PBCHD05MHS,945008,26/09/2018,10:08,10:59,Light Yellow,Hazy,1.012,4.7,Trace,Trace,Negative,Negative,Negative,Normal,Negative,11-12,1,1-2,Rare,Moderate,Artifacts,1.9,5.3,30.4,81.6,3,6,12.2,28.5,7180,51,39,5,5,0,7.79,2.48,0.9,0.53,0.01,445,7.3,17,0.51,20.8,2.9,0.7,0.15,0.84,143,80,80.4,13.2,66,207,1.8,1.01,1,18,13.5,4.5,124,12,30,13,6.1,3.6,2.5,1.44,1,14.9,6.9583,6.96,144,4.3,105,4.7,62.2,117,187,304,38.49,6,125.5,0.2,22,254.6,8.64,11.9,3.7,107,8.4,3.4,119,81,61,129
193055,KLTRS04TSS,555318,27/09/2018,08:31,10:00,Yellow,Hazy,1.01,6.7,Negative,Negative,Negative,Negative,Negative,Normal,Negative,TNTC,1,3-3,Nil,Nil,Fat droplets or lipiduria,17.4,4.6,45.1,97.2,37,38,12.9,43.6,9983,76,44,1,7,0,3.04,2.12,0.35,0.41,0.08,287,9.6,11,0.31,25.3,4.7,0.38,0.98,0.32,162,53,76.7,8.9,44.5,155,3.1,1.45,0.69,0.7,0.3,0.4,327,51,38,35,8.7,3.8,4.9,0.78,1.2,9.1,4.2497,3.54,128,4.1,99,6.9,70.54,98,199,297,33,5.8,119.76,0.6,11.9,126.4,9.41,12.3,6.3,126,9.4,2.7,108,185,133,203
416660,KLTRS09ODB,276842,26/09/2018,08:46,09:28,Pale Yellow,Clear,1.017,6.3,Trace,Trace,2+,Negative,Negative,Normal,Negative,3-4,9,8-15,Rare,Nil,NIL,17,4.1,36.7,88.2,41,46,11.9,45.4,9588,41,48,6,8,0.3,4.61,1.15,0.32,0.35,0.09,334,10.7,14,0.18,40.9,6.4,0.15,0.74,0.37,209,30,81.4,19.1,95.5,87,7,2.71,0.37,0.7,0.3,0.4,120,51,24,16,6.6,3.6,3,1.2,0.6,16.4,7.6588,12.76,143,4.6,114,5.8,95.69,60,349,409,14.67,5.9,122.63,0,20.5,88,23.3,8.8,2.8,91,17.9,12.87,184,163,97,78
222054,PBCHD12PBM,871417,23/09/2018,07:37,08:50,Pale Yellow,Hazy,1.025,4.1,Negative,Trace,Negative,Trace,Negative,Normal,Negative,16-21,0,3-2,Nil,Nil,NIL,13.6,5.4,41.9,76.6,25,32,12.6,45.4,5513,61,33,3,2,0,1.15,2.49,0.93,0.11,0.07,51,7.3,6,0.07,28.1,1.8,0.26,0.52,2.86,158,43,97.2,100.8,504,60,3.7,2.26,0.44,0.5,0.1,0.4,67,37,24,42,8.2,3.8,4.4,0.86,1.1,11,5.137,4.67,116,5.1,112,5.1,65.52,133,135,268,49.63,5.9,122.63,0.9,12.9,25.5,50.59,9.7,2.9,140,7.1,3.87,83,108,78,192
159524,PBCHD02PBP,252942,25/09/2018,09:34,10:45,Deep Amber,Clear,1.013,6.6,Trace,1+,Negative,2+,Negative,Normal,Negative,3-5,0,1-2,Nil,Rare,Artifacts,6,4.3,38.9,88.3,13,15,13.2,31.8,6171,43,30,4,25,0,1.44,2.34,0.59,0.04,0.05,408,7.2,13,0.24,32,3.7,0.72,4.44,0.32,150,74,143.6,36.5,182.5,105,2,1.94,0.52,0.4,0,0.4,316,38,33,39,7.2,4.3,2.9,1.48,1.2,14.8,6.9116,5.76,122,5.7,98,4.6,23.27,74,321,395,18.73,6.3,134.11,0.4,18.2,109.1,16.68,9.5,2.7,56,12.8,2.05,199,123,82,96
593777,KLTRS07KLP,827862,24/09/2018,06:10,07:18,Light Yellow,Slightly cloudy,1.029,4.6,Trace,Negative,Negative,Negative,Negative,Normal,Negative,4-5,2,1-4,Nil,Nil,NIL,12.7,6,46.7,85.3,21,27,12.3,42.1,44948,46,26,3,0,0,6.94,2.53,0.11,0.46,0.06,240,7.4,18,0.08,32.9,3.2,0.04,0.36,0.08,136,51,121.1,107,535,162,2.7,2.37,0.42,0.7,0.3,0.4,50,56,16,46,5.4,4.7,0.7,6.71,0.6,13.9,6.4913,10.82,143,5.2,87,2,98.09,64,350,414,15.46,6.2,131.24,0.9,143.4,482.4,29.73,9.8,3.8,351,15.9,0.76,72,85,88,241
591481,MZLGI05GJS,761240,26/09/2018,06:46,07:31,Yellow,Clear,1.028,6.7,Negative,Negative,1+,1+,Negative,Normal,Negative,TNTC,1,1-2,Moderate,Nil,Amorphous debris,12.7,5.3,35.3,65.3,23,35,11.2,39.1,9733,30,52,8,10,0,9.63,1.52,0.43,0.12,0.04,304,10.8,15,0.1,28.4,0.1,0.26,0.38,0.02,176,26,45.4,29.7,148.5,152,6.8,1.75,0.57,0.3,0,0.3,100,50,15,13,6.4,5,1.4,3.57,0.7,19.4,9.0598,12.94,142,2.9,102,3.8,104.87,142,322,464,30.6,6.3,134.11,0.4,14.4,102.6,14.04,10.2,4.5,145,8.1,0.34,117,164,82,142
330274,GYAHD12KAU,101599,23/09/2018,09:56,10:33,Light Yellow,Clear,1.011,4.9,Trace,Negative,Negative,Negative,Negative,Normal,Negative,7-8,31,3-4,Nil,Nil,NIL,12.6,4.4,37,91,28,34,12.2,36,4359,78,32,10,7,0,13.49,2.97,0.01,0.3,0.08,309,7.7,16,0.21,12.3,0.2,0,0.25,0.97,212,38,89.9,13.3,66.5,131,5.6,2.37,0.42,0.3,0.1,0.2,67,8,37,48,8,4.1,3.9,1.05,1.8,12.6,5.8842,3.27,135,5.3,111,3.4,95.42,128,148,276,46.38,6.2,131.24,2.2,10.2,165.2,6.17,8.8,2.7,169,5.1,1.1,82,103,120,161
542747,KLTRS06TSS,558640,24/09/2018,08:40,09:38,Yellow,Clear,1.014,4.6,Negative,1+,Negative,Negative,Negative,Normal,Negative,6-8,5,2-3,Nil,Rare,NIL,11.4,4.2,53.2,88.1,27,21,12.9,39.3,2722,74,33,3,2,0,3.59,1.17,0.28,0.4,0.06,1028,11.7,13,0.41,43.8,2.3,0.11,0.77,0.08,197,51,96,34.2,171,125,3.9,1.88,0.53,0.6,0.1,0.5,42,53,18,10,8.1,4.6,3.5,1.31,0.8,10.7,4.9969,6.25,126,3.8,73,5.3,100.3,160,162,322,49.69,5.8,119.76,0.9,22.4,199,11.26,10.2,4.8,110,9.9,2.66,81,87,95,85
669255,MZLGI14MHP,147080,27/09/2018,10:11,10:47,Pale Yellow,Clear,1.015,5.2,Trace,Trace,Negative,Negative,Negative,Normal,Negative,12-13,1,>20,Nil,Nil,NIL,13.6,4.3,48.1,85.9,31,28,14.4,40.8,6921,54,23,6,13,0,7.8,4.11,0.63,0.4,0.11,375,11.6,10,0.28,30.8,6.7,0.07,0,1.01,173,29,89.7,33.3,166.5,113,6,3.09,0.32,0.7,0.2,0.5,88,11,19,35,6.7,4,2.7,1.48,1.1,5.1,2.3817,2.17,139,2.4,102,3.2,97.12,94,334,428,21.96,5.9,122.63,0.5,14.8,113.3,13.06,8.6,3.2,110,4.7,1.15,71,80,60,175
863285,PBCHD08SKM,151207,27/09/2018,06:56,07:29,Yellow,Clear,1.011,4.8,Negative,Trace,Negative,Negative,Negative,Normal,Negative,11-12,2,3-4,Nil,Nil,NIL,18.6,3.3,46.4,85.2,56,40,11.7,45.7,6198,59,43,2,3,0,1.37,0.62,0.78,0.21,0.04,1105,7,17,0.26,12,2.4,0.29,0.09,0.74,187,47,89.2,32.7,163.5,110,4,1.9,0.53,0.9,0.3,0.6,124,49,86,12,8.7,4,4.7,0.85,1,11.8,5.5106,5.51,145,2.6,107,4.9,90.14,94,291,385,24.42,8.4,194.38,0.9,11.6,94,12.34,12.4,2.2,196,9.5,1.2,86,71,82,120
334314,GYAHD04KAU,827650,24/09/2018,09:16,09:47,Pale Yellow,Clear,1.014,5.3,Negative,Negative,Negative,Negative,Negative,Normal,Negative,3-4,1,2-3,Few,Nil,NIL,19.5,4.1,35,107.4,47,55,12.2,41,10167,33,35,5,3,0,2.39,2.76,0.95,0.05,0.09,408,8.9,18,0.31,33.8,0.1,1.71,0.22,2.59,193,47,183.1,25.5,127.5,168,4.1,3.9,0.26,0.7,0.3,0.4,41,43,20,9,5.6,4,1.6,2.5,1.5,8.5,3.9695,2.65,145,4.3,112,4.1,105.67,168,146,314,53.5,10.5,254.65,0.5,10.7,137.2,7.8,11.7,4.9,146,11.7,2.72,179,155,90,130
447952,MZLGI05GJS,945713,24/09/2018,06:00,07:09,Orange,Slightly cloudy,1.022,5.4,Negative,Negative,Negative,Negative,Negative,Normal,Negative,13-15,2,3-4,Nil,Nil,Yeast cells,7.5,4.9,50.2,73.2,15,14,12.4,41.5,10149,47,37,4,8,0,1.28,2.19,0.86,0.2,0.09,93,14.8,14,0.25,39.9,0.1,1.22,0.73,0.13,240,50,99.4,82.5,412.5,101,4.8,1.99,0.5,0.5,0.1,0.4,66,16,30,30,7.7,3.9,3.8,1.03,1.1,10.3,4.8101,4.37,141,3.8,110,6.3,104.81,54,328,382,14.14,6,125.5,0.6,25,168.1,14.87,11.7,3.6,161,3,0.79,108,104,76,129
496533,PBCHD11HPP,604024,24/09/2018,09:30,10:30,Dark Yellow,Hazy,1.016,4.7,Negative,Negative,Negative,Negative,Negative,Normal,Negative,TNTC,0,6-14,Nil,Rare,NIL,16.4,5.7,23.6,75.3,28,69,13.6,40.7,9916,50,44,1,2,0,4.5,7.28,0.2,0.38,0.09,328,7.7,11,0.33,25.1,0.1,1.89,0.03,0.38,186,22,56.4,26.3,131.5,80,8.5,2.56,0.39,0.9,0.3,0.6,121,32,28,20,7.6,4.8,2.8,1.71,0.8,14.6,6.8182,8.52,137,4.8,114,2.2,93.3,107,282,389,27.51,5.9,122.63,0.7,13.2,88.1,14.98,11.9,5.1,142,3.5,5.93,135,94,242,291
298118,PBCHD15MHS,855825,26/09/2018,09:43,10:58,Pale Yellow,Clear,1.019,7,Negative,Negative,Negative,Negative,Negative,Normal,Negative,7-9,0,1-4,Nil,Rare,Fat droplets or lipiduria,13.6,2.9,53,76.8,46,25,13.2,40,6201,78,28,1,8,0,8.46,2.63,0.51,0.39,0.05,410,7.5,13,0.37,36.7,3.9,3.15,0.09,0.56,163,47,102.7,14.8,74,113,3.5,2.19,0.46,0.7,0,0.7,74,25,36,22,6.8,4.4,2.4,1.83,1.1,9.8,4.5766,4.16,144,4.7,98,3,108.62,168,335,503,33.4,6.3,134.11,0,15.2,66,23.03,9.9,2.9,335,12.2,1.97,86,81,99,75
888613,GYAHD04KLM,498857,27/09/2018,07:59,09:24,Pale Yellow,Clear,1.016,5.2,Negative,Trace,Negative,Negative,Negative,Normal,Negative,7-9,0,2-3,Rare,Nil,NIL,17,4.1,31.8,70.6,41,53,13.5,44.9,7313,58,19,4,13,0,22.09,3.53,0.48,0.37,0,414,9.3,10,0.28,24.3,7.4,0.13,0.36,0.19,177,27,38,23.5,117.5,168,6.6,1.41,0.71,0.4,0,0.4,52,51,22,33,6.9,4.8,2.1,2.29,1.1,10.7,4.9969,4.54,127,2.7,95,7,90.82,69,331,400,17.25,5.8,119.76,1,28.5,64.5,44.19,10.1,3.7,161,11.2,2.23,192,67,109,115
311532,GYAHD09KAU,902821,25/09/2018,09:08,10:20,Straw,Clear,1.013,6.6,Trace,Trace,Negative,Negative,Negative,Normal,Negative,7-8,1,3-2,Nil,Nil,NIL,10.4,5.3,45.5,81.5,19,22,13.9,44.5,6533,54,15,3,6,0,19.51,1.66,0.65,0.13,0.03,191,8.8,11,0.33,13.1,4.1,0.07,0.24,0.73,158,41,73,21.6,108,131,3.9,1.78,0.56,0.8,0.2,0.6,128,34,14,12,6.3,4.5,1.8,2.5,0.9,129.1,60.2897,66.99,135,4.8,105,3,92.78,200,232,432,46.3,5.8,119.76,0.9,10.1,94,10.74,9.3,4.7,81,7.2,1.27,127,91,90,84
577806,GYAHD05KLM,851721,24/09/2018,11:48,13:14,Straw,Hazy,1.02,6.1,Negative,Trace,Negative,Negative,Negative,Normal,Negative,6-7,1,12-16,Few,Nil,NIL,9.1,4.2,25.4,66.7,21,35,9.7,41.6,4288,44,27,4,6,0,6.2,1.35,0.33,0.38,0.02,184,8.1,14,0.2,14.2,2.9,0.23,0.29,0.09,215,44,75.7,17.7,88.5,166,4.9,1.72,0.58,0.5,0,0.5,53,7,13,32,8.2,4.9,3.3,1.48,1,8.5,3.9695,3.97,138,5.6,109,2.7,92.04,128,177,305,41.97,6.4,136.98,0.7,143,124.2,115.14,9.8,4.1,111,10,3.73,181,116,75,251
958793,PBCHD10GAM,786695,23/09/2018,09:53,10:56,Pale Yellow,Opaque,1.033,7,Trace,Trace,Negative,Negative,Negative,Normal,Negative,7-8,4,9-11,Few,Nil,NIL,11.4,4.6,31.3,54.5,24,36,13.6,39.3,22429,47,33,16,3,0,1.02,0.05,0.45,0.02,0.17,192,13.8,13,0.28,26.7,4.7,6.76,0.23,1.9,172,56,89.1,34.6,173,146,3.1,1.59,0.63,0.7,0.2,0.5,70,53,30,32,6.2,4.4,1.8,2.44,0.8,17.6,8.2192,10.27,137,3.3,108,3.3,118.39,92,196,288,31.94,5.8,119.76,0.6,28.7,36.6,78.42,9.9,5.2,276,21.8,0.65,77,95,118,150
771939,MZLGI07GJS,908140,25/09/2018,09:36,10:14,Red,Clear,1.013,5.7,Negative,Trace,Negative,Negative,Negative,Normal,Negative,13-15,2,2-2,Rare,Rare,NIL,8,7.9,42,66.4,10,19,13.4,44.6,8731,59,31,2,7,2.9,9.8,2.28,0.59,0.29,0.02,94,5.7,12,0.38,26.6,0.1,0.26,6.11,3.84,106,27,46.5,50.4,252,133,3.9,1.72,0.58,0.7,0,0.7,113,33,21,46,7.4,4.3,3.1,1.39,1.3,18.1,8.4527,6.5,139,4.9,97,1,109.25,97,161,258,37.6,6.4,136.98,0.2,18.9,426.3,4.43,8.5,5.5,342,13.7,1.43,85,86,78,137
838694,KLTRS10WBD,197864,27/09/2018,06:43,07:26,Light Yellow,Clear,1.013,5.1,Negative,Negative,Negative,Negative,1+,Normal,Negative,8-10,4,3-4,Nil,Rare,NIL,17.8,4.4,52.8,84.7,40,33,12.2,41.5,9977,45,24,6,2,0,8.93,2.81,0.21,0.34,0.01,52,9,16,0.37,25.4,0.1,0.18,0.23,0.32,226,40,42.6,32.9,164.5,138,5.7,1.07,0.94,0.7,0.3,0.4,64,12,12,28,7.2,4.9,2.3,2.13,0.7,30.4,14.1968,20.28,139,2.6,100,5.2,116.68,109,350,459,23.75,8.8,205.86,0.5,14.4,176.2,8.17,12.8,2.6,295,10.7,1.62,104,79,72,64
931141,KLTRS12TSS,346665,25/09/2018,09:06,09:54,Deep Amber,Clear,1.01,5.4,Trace,1+,Negative,Negative,Negative,Normal,Negative,13-15,0,1-3,Nil,Nil,Amorphous debris,12,5.4,51.9,88.1,22,23,14.2,44.1,4010,55,36,1,4,0.4,6.53,1.47,1.05,0.4,0.11,434,10.8,17,0.34,34,4.6,0.08,0.3,0.12,170,52,80.6,16.1,80.5,166,3.3,1.55,0.65,1.3,0.6,0.7,56,57,26,13,7.3,5,2.3,2.17,0.9,10,4.67,5.19,141,3.5,98,2.5,110.64,137,162,299,45.82,6.1,128.37,0.4,12.1,91.4,13.24,11.3,4.6,70,5.2,0.36,75,109,192,108
797239,KLTRS03TSS,876937,26/09/2018,07:27,08:49,Green,Hazy,1.014,5,1+,Negative,Negative,Negative,Negative,Normal,Negative,3-5,0,2-4,Rare,Nil,Mucus threads,4.2,7.5,31.7,73.2,5,13,13.4,25.3,7010,74,22,6,7,6.2,1.31,1.98,0.25,0.34,0.03,317,7.4,14,0.23,24.7,2.4,0.09,0.34,0.53,183,40,73,19.7,98.5,129,4.6,1.83,0.55,0.6,0.2,0.4,93,52,39,10,7,4.2,2.8,1.5,1.2,9.9,4.6233,3.85,120,4.6,102,2.9,128.91,74,93,167,44.31,6.3,134.11,0.5,13.5,117.7,11.47,11,1.8,298,8.5,0.42,86,184,94,108
438769,PBCHD04PBP,615608,26/09/2018,06:03,06:38,Pale Yellow,Clear,1.023,4.9,Negative,Negative,Negative,Negative,Negative,Normal,Negative,4-5,8,2-4,Nil,Rare,Parasites,5.9,4.7,39,76.1,12,15,13.5,45.3,10953,35,41,3,6,0.9,9.16,2.52,0.72,0.15,0.23,99,11.7,14,0.19,28.8,3.7,0.45,0.15,0.4,192,55,87.3,99.3,496.5,178,3.5,1.59,0.63,0.8,0.2,0.6,69,122,23,46,7.1,3.9,3.2,1.22,0.8,11,5.137,6.42,132,4.5,101,6,99.12,193,167,360,53.61,6.4,136.98,0.5,15.4,88.7,17.36,9.6,2.8,107,7.6,0.71,124,120,82,71
249121,KLTRS13MLT,666096,23/09/2018,11:14,12:11,Straw,Slightly cloudy,1.02,5.1,Trace,Negative,Negative,1+,Trace,Normal,Negative,6-8,2,2-3,Nil,Nil,Fat droplets or lipiduria,15.6,4.9,53.5,89.5,31,29,13.9,27.4,10237,49,20,7,2,0,2.4,1.94,0.23,0.43,0.05,196,15.3,10,0.27,34.6,1.6,0.47,0.04,0.76,222,50,156.5,109.2,546,164,4.4,3.13,0.32,1.1,0.2,0.9,118,18,17,28,6.3,4.5,1.8,2.5,0.7,9.9,4.6233,6.6,144,4.3,97,4.3,64.29,162,150,312,51.92,7.1,157.07,0.7,17.9,78.6,22.77,6.5,3,174,7.1,2.77,110,83,87,85
307473,PBCHD13NLM,981779,27/09/2018,10:49,11:48,Light Yellow,Hazy,1.016,6.9,Negative,Negative,Negative,Negative,Negative,Normal,Negative,13-14,0,1-4,Nil,Nil,NIL,12.5,4.8,53.5,90.1,26,23,12.1,40.2,43005,60,38,2,7,0,9.31,3.74,0.3,0.15,0.09,876,8,17,0.17,13,1.7,0.31,0.07,6.73,176,34,73.7,13.7,68.5,86,5.2,2.17,0.46,0.3,0,0.3,84,49,24,25,7.2,4.3,2.9,1.48,0.9,31.1,14.5237,16.14,131,4.3,96,9,119.13,84,323,407,20.64,8,182.9,0.1,11.9,54.8,21.72,11.7,3,144,21.5,1.69,103,90,124,124
353451,KLTRS13TSS,710217,24/09/2018,10:38,11:42,Pale Yellow,Clear,1.019,6.8,Negative,Negative,Negative,Negative,Negative,Normal,Negative,12-13,2,2-2,Nil,Few,Amorphous debris,18.5,4.8,30.4,83.9,38,60,12.1,43.1,8247,57,23,5,6,0,3.84,4.06,0.71,0.29,0.41,259,10.1,16,0.3,13.4,4.7,0.31,0.02,3.24,169,51,95.5,26.3,131.5,137,3.3,1.87,0.53,0.6,0.2,0.4,60,46,34,12,4.7,3.5,1.2,2.92,1.1,12.5,5.8375,5.31,137,2.6,101,3.5,111.67,61,345,406,15.02,6.4,136.98,0.4,25,26.7,93.63,9.7,4.5,192,3.2,3.89,116,122,121,302
154886,MZLGI13BRC,757369,26/09/2018,11:53,13:05,Red,Clear,1.019,4.7,Trace,Trace,Negative,Negative,Negative,Normal,Negative,9-11,0,3-2,Nil,Nil,NIL,12.5,5.3,48.9,86.9,23,25,11.8,44.4,8128,41,39,0,10,0,8.56,2.87,0.59,0.19,0.05,326,9.8,14,0.38,28.2,3.4,0.69,0.09,0.99,228,24,94.2,74.7,373.5,162,9.5,3.93,0.25,0.6,0.2,0.4,44,11,31,15,6.8,4.6,2.2,2.09,1,15.7,7.3319,7.33,144,2.6,104,4.3,72.07,135,331,466,28.97,6.9,151.33,0.3,17.8,77.8,22.88,10.8,2.8,158,10.2,3.09,90,77,88,180
332624,MZLGI14RJK,666936,27/09/2018,09:30,10:03,Straw,Slightly cloudy,1.026,5.8,Trace,1+,Negative,Negative,Negative,Normal,Negative,4-5,1,3-4,Nil,Few,Mucus threads,16,4.1,59.2,62.4,39,27,12.1,40,7201,59,47,3,5,0,2.46,2.78,0.49,0.64,0.06,340,8.3,10,0.42,13.2,3.5,0.28,0.12,0.06,170,60,91.7,96.4,482,112,2.8,1.53,0.65,0.8,0.2,0.6,107,37,14,40,5,3.8,1.2,3.17,0.7,14.5,6.7715,9.67,120,3.5,99,4.4,93.14,87,179,266,32.71,5.9,122.63,0.3,21.2,133.6,15.87,10.7,5.2,116,7.6,0.47,141,117,98,262
943686,PBCHD03KLC,242528,26/09/2018,11:01,12:30,Deep Amber,Hazy,1.018,4.4,Trace,Trace,Negative,Negative,Negative,Normal,Negative,1-3,2,2-3,Rare,Nil,NIL,16.9,7,38.5,73.8,24,43,12.5,46,10349,51,28,5,3,0,1.22,1.49,0.21,0.63,0.02,124,13.6,10,0.1,46.4,2.4,3.2,0.35,0.63,136,53,89.7,69.2,346,86,2.6,1.69,0.59,0.9,0.3,0.6,53,15,30,48,6.5,4.6,1.9,2.42,1.5,16,7.472,4.98,147,2.9,100,6.3,93.05,99,214,313,31.63,6.1,128.37,0.6,12.1,21.6,56.02,11.4,4.6,274,5.4,0.62,77,186,96,64
350097,MZLGI09GJS,888451,23/09/2018,06:16,07:41,Yellow,Slightly cloudy,1.023,5.4,Trace,Trace,Negative,Trace,Negative,Normal,Negative,2-3,2,2-3,Nil,Nil,NIL,18.9,5.9,38.2,85.1,32,49,11.8,42,8353,47,36,1,4,0,0.7,2.88,0.45,0.42,0.05,444,7.8,11,0.22,15.1,3.7,0.42,0.22,0.05,226,32,90.2,11.2,56,111,7.1,2.82,0.35,0.3,0,0.3,115,22,10,34,7.2,3.6,3.6,1,1.1,15.8,7.3786,6.71,149,4,103,5.2,81.82,120,349,469,25.59,7.9,180.03,0.6,14.6,36.2,40.33,8.6,3.7,60,5.2,5.65,90,83,98,229
383910,KLTRS12ODB,362970,26/09/2018,11:43,12:32,Pale Yellow,Clear,1.027,6.6,Trace,1+,Negative,Negative,Negative,Normal,Negative,3-4,2,15-13,Nil,Rare,Amorphous debris,11.6,4.7,15.3,88.5,24,75,12.8,48.9,5054,54,31,4,6,0.6,2.71,2.72,0.3,0.48,0.08,322,7.4,17,0.24,24.2,3.6,0.05,0.13,0.02,190,46,100.2,18.7,93.5,81,4.1,2.18,0.46,0.5,0.2,0.3,90,10,31,43,8.1,4.1,4,1.03,0.6,11.3,5.2771,8.8,142,5.9,112,4.1,109.32,105,160,265,39.62,6,125.5,0.6,11.3,203.8,5.54,9.6,4.1,116,13.7,0.99,133,78,74,169
809898,MZLGI11RJK,335880,27/09/2018,07:29,08:18,Red,Clear,1.012,5.1,Negative,1+,Trace,Negative,3+,Normal,Negative,12-13,0,8-17,Nil,Nil,NIL,4,5.2,27.8,85.1,7,14,12.1,39.1,5892,46,20,1,4,0,3.52,2.66,0.06,0.26,0.12,150,10.5,12,0.32,13.3,1.3,0.82,0.25,0.11,152,75,92.8,97.4,487,138,2,1.24,0.81,0.6,0,0.6,83,34,32,48,6.4,4,2.4,1.67,0.6,79.9,37.3133,62.19,94,5.1,101,2.1,110.63,127,158,285,44.56,6,125.5,0,18.5,179.6,10.3,9.4,2.5,149,7.9,3.66,87,123,112,62
798195,GYAHD12JHJ,878098,23/09/2018,06:08,07:20,Light Yellow,Slightly cloudy,1.019,7.9,Negative,Negative,Negative,Negative,Negative,Normal,Negative,9-10,0,1-4,Nil,Nil,NIL,4.2,5.8,33.6,50.8,7,12,12.6,33.3,14393,45,35,1,6,0,6.11,1.25,0.87,0.37,0.01,434,8.4,12,0.22,32.6,1.9,0.13,0.21,0.04,238,48,70.5,6.6,33,73,5,1.47,0.68,0.3,0,0.3,121,8,39,32,8.2,3.8,4.4,0.86,0.7,18.2,8.4994,12.14,141,4.2,95,4.8,66.55,231,113,344,67.15,10.9,266.13,1,20,96.3,20.77,8.9,3,153,3.9,1.36,77,64,82,362
260469,KLTRS05WBD,947255,26/09/2018,10:50,12:02,Orange,Slightly cloudy,1.03,6.8,Trace,Negative,Negative,Negative,Negative,Normal,Negative,7-9,2,2-4,Nil,Few,Amorphous debris,17.4,5.2,62.7,89.2,33,27,12.3,44.8,50755,50,10,5,6,0,0.93,1.82,0.26,0.34,0.1,265,8.9,11,0.32,28.9,1.6,0.1,0.18,0.27,222,51,99.5,38.7,193.5,179,4.4,1.95,0.51,0.7,0.1,0.6,163,40,34,33,7.1,4.6,2.5,1.84,1,18.1,8.4527,8.45,138,3.5,111,6.4,116.35,110,250,360,30.56,6.3,134.11,0.5,17.6,87.5,20.11,9,4.7,257,3.4,3.9,92,64,122,134
263143,GYAHD03KLM,707599,24/09/2018,10:59,12:14,Orange,Slightly cloudy,1.017,5,Negative,Negative,Negative,Negative,Negative,Normal,Negative,6-8,1,1-3,Rare,Few,Parasites,5.6,4.5,49.1,48.5,12,11,12,43.6,6551,61,32,1,4,0,21.55,2.78,0.76,0.48,0.04,107,10.3,15,0.3,18.6,0.1,0.52,0.04,0.2,173,46,86.1,58.5,292.5,210,3.8,1.87,0.53,0.8,0.3,0.5,40,14,28,40,6,3.7,2.3,1.61,0.7,31.2,14.5704,20.81,133,4.7,109,3.2,92.26,166,174,340,48.82,6.1,128.37,0.7,27.2,45.4,59.91,9,3.5,255,10.4,2.86,121,60,106,125
159830,KLTRS03TSS,894061,23/09/2018,06:46,07:24,Red,Clear,1.015,6.7,Negative,Negative,Negative,Negative,Negative,Normal,Negative,1-3,1,3-3,Nil,Moderate,Fat droplets or lipiduria,17.1,5.6,24.4,68.9,30,70,12.9,39.3,10319,49,25,2,3,0,7.96,2.11,0.72,0.27,0.04,110,8,12,0.44,30.6,4.9,0.05,1,0.29,197,54,120.9,32.5,162.5,148,3.6,2.24,0.45,0.4,0,0.4,118,21,13,31,6.4,4.9,1.5,3.27,0.8,9.4,4.3898,5.49,137,4.6,96,4.9,96.04,135,362,497,27.16,9.7,231.69,0.3,19,65.9,28.83,8.8,3.6,314,12.4,2.65,116,72,73,152
377365,GYAHD14KLM,301392,26/09/2018,08:45,10:12,Yellow,Clear,1.017,5.4,Trace,2+,Negative,Negative,Negative,Normal,Negative,7-9,0,2-4,Rare,Nil,Yeast cells,17.9,4.3,50.1,82.9,41,35,12.5,34.6,5195,50,29,4,2,0,5.95,2.67,0.22,0.69,0.04,445,7.2,12,0.38,43.3,4.4,0.18,0.07,0.24,191,42,102.7,8.8,44,87,4.5,2.45,0.41,0.8,0.2,0.6,115,38,40,46,7.7,3.5,4.2,0.83,1.1,15,7.005,6.37,148,3.3,95,5,52.43,128,192,320,40,6.8,148.46,0.4,15.7,33.7,46.59,11.4,6.3,161,7.2,3.11,111,96,83,92
612044,MZLGI14MHP,313252,26/09/2018,10:23,11:10,Deep Amber,Clear,1.013,5.6,Negative,1+,1+,Negative,1+,Normal,Negative,12-14,2,3-4,Nil,Nil,NIL,11.9,5.4,25.3,94.3,22,47,13.4,40.9,50049,39,45,6,8,11.7,6.89,1.47,0.24,0.17,0.04,271,7.5,15,0.32,18.5,2.6,0.08,0.05,0.19,133,55,77,17.9,89.5,103,2.4,1.4,0.71,0.6,0,0.6,95,11,8,8,7.9,4.2,3.7,1.14,1,5.9,2.7553,2.76,134,4,82,3.5,98.45,153,234,387,39.53,6.9,151.33,5,20.5,103.3,19.85,8.9,2.9,274,8.3,4,79,74,71,141
279535,MZLGI03GJS,627579,26/09/2018,09:03,10:18,Yellow,Clear,1.019,4.8,1+,Trace,Negative,Negative,Negative,Normal,Negative,3-4,1,12-8,Nil,Nil,NIL,12.3,2.6,51.8,50.8,47,23,11.8,44,6708,72,27,6,4,0,7.88,1.71,1.13,0.08,0.01,444,8.6,12,0.38,13.4,5.1,0.78,0.61,0.26,150,40,58.5,36.2,181,207,3.8,1.46,0.68,0.3,0.1,0.2,89,33,14,23,8,4.8,3.2,1.5,0.9,13.3,6.2111,6.9,136,2.9,101,4.9,104.83,166,226,392,42.35,6.1,128.37,0.3,18.5,478.6,3.87,9.7,4.4,162,20.8,9.57,86,74,73,102
498582,KLTRS02MLT,505905,26/09/2018,11:47,13:14,Light Yellow,Hazy,1.019,6.2,Negative,1+,Negative,Negative,Negative,Normal,Negative,12-14,2,3-4,Nil,Nil,NIL,10.5,5,38.2,76.3,21,27,11.6,43.6,9762,54,39,3,15,0,5.02,3.58,0.08,0.18,0.01,194,16.1,14,0.43,14.2,2.3,0.32,0.28,0.04,137,52,85.1,68.9,344.5,112,2.6,1.64,0.61,0.5,0.2,0.3,42,36,35,30,5.2,4.1,1.1,3.73,1,14,6.538,6.54,122,3.6,112,3.8,98.44,121,188,309,39.16,6.2,131.24,0.5,732.5,189.6,386.34,9,3,160,12.3,2.49,122,189,82,179
966099,MZLGI12RJK,339082,27/09/2018,07:47,08:44,Dark Yellow,Slightly cloudy,1.012,6.9,Negative,Negative,Negative,Negative,Negative,Normal,Negative,7-8,1,1-3,Nil,Nil,NIL,15.6,4.5,36.7,48.4,34,42,12.3,39.2,6071,30,37,1,4,0,2.83,0.32,0.63,0.38,0.06,121,8.6,20,0.1,12.6,5,5.93,0.16,0.38,183,60,47.2,23.1,115.5,115,3.1,0.79,1.27,0.2,0,0.2,115,52,20,14,7.8,4.2,3.6,1.17,0.6,9.5,4.4365,7.39,136,3.3,112,4.3,118.97,170,155,325,52.31,6.3,134.11,4.7,56.7,78.1,72.6,8.5,3.5,132,15.5,1.01,76,72,183,79
182420,PBCHD04SKM,746131,24/09/2018,06:02,07:14,Light Yellow,Slightly cloudy,1.02,4.9,Negative,2+,Negative,Negative,Negative,Normal,Negative,7-9,0,>20,Moderate,Nil,Yeast cells,15.3,5.9,59.6,99.1,25,25,14.3,41.6,2678,21,19,3,3,0,4.38,2.56,0.49,0.52,0.11,72,9.9,6,0.34,35.6,3.1,0.28,0.21,0.12,200,28,70.5,65.5,327.5,209,7.1,2.52,0.4,0.7,0.3,0.4,125,27,39,48,8.2,4.2,4,1.05,1.1,17.3,8.0791,7.34,120,4.6,110,5.9,100.86,158,300,458,34.5,6.8,148.46,0.1,18.6,72.6,25.62,9.3,2.3,116,7.7,3.12,136,99,87,190
260317,MZLGI15BRC,729585,26/09/2018,07:36,08:17,Straw,Hazy,1.016,6,1+,Trace,Negative,3+,Negative,Normal,Negative,6-7,0,17-10,Nil,Nil,NIL,17.1,5.4,46.7,78.7,31,36,13,43.6,10791,68,39,1,8,0,7.36,2.75,0.24,0.19,0.07,142,14.3,13,0.3,44.1,4.1,0.48,6.08,0.09,122,47,140.6,96.2,481,208,2.6,2.99,0.33,0.3,0,0.3,63,23,30,14,7.1,3.6,3.5,1.03,0.6,13,6.071,10.12,138,4.2,95,2.9,109.94,182,199,381,47.77,9,211.6,0.3,10.6,43.2,24.54,8.6,4.4,177,4.9,1.99,117,72,93,150
464139,PBCHD01SKM,378956,26/09/2018,09:24,10:37,Straw,Clear,1.014,5,Negative,Trace,Negative,Trace,Negative,Normal,Negative,1-2,0,2-3,Nil,Rare,NIL,17.1,4.9,18,85.4,34,95,14.2,42.5,6748,49,21,10,0,0,0.95,1.58,0.56,0.22,0.07,144,14.1,17,0.13,21.6,4.7,0.08,4.8,0.34,177,24,105.7,34.2,171,162,7.4,4.4,0.23,0.9,0.2,0.7,74,50,21,21,5.1,4,1.1,3.64,1,16.1,7.5187,7.52,139,3.7,99,3.3,115.99,168,357,525,32,6.9,151.33,0.9,18.3,107.5,17.02,9.5,2.6,172,9.6,0.29,112,68,83,126
798441,GYAHD04JHJ,678671,23/09/2018,10:51,11:43,Dark Yellow,Clear,1.013,7.5,Negative,Trace,1+,3+,Negative,Normal,Negative,66-68,0,1-3,Nil,Few,Artifacts,10.5,6.3,38.9,85.6,16,26,13.9,29.3,9379,66,37,3,3,0.3,0.52,1.84,0.67,0.45,0.07,317,7.4,20,0.31,25.4,1.7,0.29,0.08,0.8,205,58,89.7,10,50,74,3.5,1.55,0.65,1.2,0.2,1,57,19,24,14,6.6,3.5,3.1,1.13,1.1,14.5,6.7715,6.16,92,3.8,100,4.8,117.43,30,356,386,7.77,6.9,151.33,0.7,69.3,127.6,54.31,10.9,2.1,155,23,0.41,87,60,70,163
110316,PBCHD12PBP,361971,23/09/2018,10:50,11:59,Pale Yellow,Clear,1.013,6.3,Trace,Trace,Negative,Negative,1+,Normal,Negative,4-5,2,1-3,Nil,Rare,Mucus threads,8.3,4.4,46.2,87.1,18,17,14.5,40.9,4582,59,15,1,8,0.2,7.18,1.41,0.45,0.45,0.17,165,11.2,14,0.23,42.3,0.2,0.38,1.61,0.4,155,41,161.9,19,95,174,3.8,3.95,0.25,0.3,0.1,0.2,73,26,21,36,7.8,4.9,2.9,1.69,1,11.3,5.2771,5.28,141,4.5,108,3.6,92.41,85,211,296,28.72,6.4,136.98,1,16.6,28,59.29,10.5,2.1,106,7.3,0.85,97,65,120,133
205362,MZLGI03GJS,997731,27/09/2018,09:50,10:20,Yellow,Slightly cloudy,1.02,5.8,Trace,Trace,Negative,Negative,Negative,Normal,Negative,13-15,2,3-4,Nil,Nil,NIL,8.1,3.3,49.6,95.6,24,16,13.5,45.2,3573,31,17,6,5,0,1.57,3.83,0.56,0.31,0.1,82,11.4,14,0.13,12.9,2.9,0.13,0.4,0.95,201,35,139.8,19,95,106,5.7,3.99,0.25,0.7,0.1,0.6,127,36,14,33,6.6,4.8,1.8,2.67,1,19.8,9.2466,9.25,142,3.6,91,2.7,103.64,85,182,267,31.84,7.6,171.42,0,26.6,184.3,14.43,11.2,3.9,140,9.4,0.006,78,60,79,127
952263,GYAHD05KLM,564922,25/09/2018,09:36,10:45,Straw,Clear,1.015,5.5,Trace,Negative,Negative,Negative,Negative,Normal,Negative,12-13,2,2-4,Nil,Nil,NIL,10.4,4.4,32.2,95.9,23,32,9.1,49,4289,46,34,3,3,0,6.23,1.56,0.41,0.03,0.09,227,11,11,0.44,16.3,0.1,0.19,0.02,1.59,206,58,94,11,55,90,3.6,1.62,0.62,9.4,4.9,4.5,57,39,32,44,6.6,4.3,2.3,1.87,0.7,18.6,8.6862,12.41,122,4.7,89,5.4,96.31,200,344,544,36.76,5.9,122.63,0.7,14.6,144.9,10.08,8.6,3.6,296,9.9,2.54,93,83,89,116
308988,PBCHD15RJU,714685,26/09/2018,09:47,10:42,Light Yellow,Clear,1.016,4.8,Negative,Trace,Trace,Negative,Negative,Normal,Negative,12-14,2,2-4,Nil,Nil,NIL,8.7,5.2,34,47.7,16,25,13.5,42.1,4930,66,41,3,2,0,5.18,1.47,0.65,0.41,0.08,249,16,20,0.21,12.6,4.6,1.67,0.04,0.34,171,26,72.5,28.8,144,79,6.6,2.79,0.36,0.7,0.1,0.6,80,40,16,37,7,3.7,3.3,1.12,0.9,61.5,28.7205,31.91,128,3.8,108,3.4,107.26,101,268,369,27.37,6.5,139.85,0.5,15.1,132.1,11.43,12.6,2.4,295,17.8,2.1,96,65,65,103
739712,MZLGI04BRC,558584,25/09/2018,06:06,07:23,Pale Yellow,Clear,1.011,5.1,Trace,Trace,Trace,Negative,Negative,Normal,Negative,2-4,2,1-2,Nil,Nil,Parasites,14,4.7,32.5,90.1,29,43,13.6,41.5,9665,42,31,15,19,2.2,22.84,4.68,0.5,0.2,0.09,95,10.4,9,0.45,13.2,5.9,0.18,0.24,0.15,163,51,53.4,10.4,52,130,3.2,1.05,0.96,0.6,0.1,0.5,109,13,20,15,7.1,3.9,3.2,1.22,0.7,20,9.34,13.34,139,1.5,107,3.5,93.84,109,359,468,23.29,5.9,122.63,0.2,10.3,65.2,15.8,8.5,3.4,83,9.4,3.8,91,88,246,122
587059,PBCHD04KLC,403620,27/09/2018,11:02,11:45,Straw,Clear,1.027,4.8,Negative,1+,Negative,Negative,Negative,Normal,Negative,4-6,0,14-10,Nil,Nil,NIL,16.5,4.8,57.6,86,34,28,12.5,39.9,34653,31,32,6,4,0,1.61,2.22,1.49,0.04,0.1,204,12.1,14,0.21,25.7,5.3,0.08,0.31,1.19,163,28,77.7,25.1,125.5,79,5.8,2.78,0.36,1.1,0.5,0.6,97,13,24,12,7,3.5,3.5,1,1,13.5,6.3045,6.3,144,3.7,92,4.9,112.06,76,347,423,17.97,5.4,108.28,0.7,422.6,86.3,489.69,13.5,4.9,323,6.9,3.82,107,65,109,186
790573,PBCHD13HPP,868952,27/09/2018,09:08,09:57,Yellow,Clear,1.017,6.9,Negative,1+,Negative,Negative,Negative,Normal,Positive,3-4,1,>20,Nil,Rare,Fat droplets or lipiduria,16.2,3.4,42.3,83.1,47,38,12,39.5,8610,30,27,9,4,0,9.33,2.72,0.62,0.01,0.08,127,9.3,12,0.27,14.2,4.3,0.18,0.05,0.24,198,80,125,46.9,234.5,205,2.5,1.56,0.64,0.9,0.2,0.7,90,20,14,21,6.8,4.4,2.4,1.83,0.8,11.5,5.3705,6.71,135,4.8,113,3.6,110.52,55,195,250,22,7.7,174.29,0.4,18.3,44.3,41.31,7.6,3.2,241,17.3,0.64,100,65,97,156
958573,GYAHD08JHJ,382710,26/09/2018,09:57,11:10,Light Yellow,Slightly cloudy,1.019,5.2,Trace,Negative,Trace,Negative,Negative,Normal,Negative,13-15,2,1-2,Nil,Nil,NIL,13.2,5.1,59.1,77.9,25,22,12.2,48.3,8741,46,55,5,12,0.3,4.87,2.44,0.27,0.17,0.02,417,9.3,17,0.34,12.6,6.8,0.41,5.73,0.27,228,46,106.6,19.5,97.5,192,5,2.32,0.43,5.9,2.9,3,45,56,29,27,7.2,4.5,2.7,1.67,0.7,19.9,9.2933,13.28,146,5,95,2.3,100.05,132,198,330,40,5.7,116.89,1,20.7,97.3,21.27,11.2,2.9,43,5.4,2.82,102,82,75,110
649477,GYAHD09KAU,169373,23/09/2018,08:10,09:26,Dark Yellow,Hazy,1.023,8.1,Trace,Negative,Negative,Negative,Negative,Normal,Negative,TNTC,1,2-3,Rare,Nil,NIL,8.4,8.1,38.7,94.8,10,21,13.8,39.3,10429,36,28,1,4,0,5.85,2.95,0.35,0.36,0.02,371,10.4,14,0.34,29.7,3.8,0.76,0.31,4.49,195,40,99.7,34.8,174,148,4.9,2.49,0.4,0.8,0.1,0.7,43,34,16,47,5.1,3.5,1.6,2.19,0.5,8.5,3.9695,7.94,142,4.5,105,4.6,85.78,106,294,400,26.5,6.1,128.37,0.3,10.8,86.6,12.47,9.2,4.5,345,3.7,3.25,121,81,75,108
544929,PBCHD03NLM,131213,27/09/2018,07:22,08:13,Pale Yellow,Clear,1.016,5.7,Negative,Trace,Negative,Negative,Negative,Normal,Negative,2-4,2,2-4,Few,Nil,Artifacts,9.5,5.2,56.1,85.5,18,16,11.4,39.9,5100,77,36,1,13,0,18.8,2.94,0.57,0.06,0.07,450,15.5,16,0.5,22,2.6,0.25,6.84,0.1,185,51,53.5,28.9,144.5,72,3.6,1.05,0.95,0.2,0,0.2,62,5,28,41,7.8,4.6,3.2,1.44,0.9,203.1,94.8477,105.39,144,3.9,114,3,69.4,162,334,496,32.66,8.7,202.99,0,13,116.8,11.13,7.9,4.6,112,19.4,3.02,71,78,124,274
558530,KLTRS11MLT,222102,24/09/2018,07:01,08:02,Yellow,Slightly cloudy,1.019,6.9,Trace,Negative,Negative,Negative,Negative,Normal,Negative,8-10,0,1-2,Nil,Nil,NIL,9.1,5.2,55.6,61.7,17,16,14.5,40.9,4428,59,46,0,6,0,5.68,2.08,0.81,0.61,0.16,266,9.4,10,0.21,34.5,0.7,0.04,0.8,0.26,183,29,94.4,35.4,177,131,6.3,3.26,0.31,0.9,0.2,0.7,70,17,20,26,8.1,3.7,4.4,0.84,0.6,11.6,5.4172,9.03,137,3.6,105,5.7,116.65,119,122,241,49.38,6,125.5,0.9,11.9,100.8,11.81,10.8,3.9,90,13.3,0.32,82,84,88,82
780189,MZLGI09APK,214101,27/09/2018,07:16,08:19,Pale Yellow,Clear,1.018,6.3,Negative,Negative,Negative,Negative,Negative,Normal,Negative,8-9,0,6-17,Rare,Nil,NIL,8.7,5.6,50,76.3,15,17,11.8,43.4,20986,31,46,1,7,0,0.56,1.76,0.56,0.67,0.08,387,9.6,12,0.33,30,0.6,0.18,0.82,0.1,185,43,51.8,13.1,65.5,105,4.3,1.2,0.83,0.9,0.3,0.6,110,14,11,47,6.2,3.9,2.3,1.7,1.1,13.6,6.3512,5.77,142,5,111,4.3,109.73,76,191,267,28.46,7.2,159.94,0.4,15.4,91.4,16.85,13,3.1,268,3.6,1.96,153,97,87,74
229781,KLTRS15ODB,433913,25/09/2018,11:32,12:39,Pale Yellow,Hazy,1.016,5.7,Negative,Negative,1+,Negative,Negative,Normal,Negative,3-4,1,2-4,Rare,Rare,NIL,12.3,4.2,53.7,91,29,22,12.6,41.5,4109,43,27,4,5,0,13.16,1.74,0.49,0.49,0.05,363,12.5,20,0.34,12.6,4.3,0.18,4.52,0.07,214,54,97.2,35,175,210,4,1.8,0.56,16.2,11.7,4.5,68,26,8,17,6.1,3,3.1,0.97,0.9,10.5,4.9035,5.45,140,3.6,107,2.6,95.68,90,346,436,20.64,5.7,116.89,0.4,11.5,24,47.92,10.2,5.4,132,6.3,2.09,92,77,105,110
944123,GYAHD08JHJ,239329,26/09/2018,10:31,11:14,Light Yellow,Slightly cloudy,1.012,6.5,Negative,Negative,Negative,Negative,Negative,Normal,Negative,12-13,0,9-13,Moderate,Nil,Artifacts,18.1,5.1,44.4,70.7,35,40,11.8,41.7,7712,52,35,5,4,1.4,5.87,2.59,0.67,0.33,0.15,314,6.7,13,0.22,31.3,2.7,0.33,0.24,0.03,177,41,115,23.7,118.5,137,4.3,2.8,0.36,0.3,0,0.3,106,25,39,30,6.8,4.6,2.2,2.09,1.2,19.3,9.0131,7.51,148,4.1,99,7.3,94.57,102,114,216,47.22,8.1,185.77,0.5,20.5,290.3,7.06,9.1,3.4,72,8.8,2.96,94,67,107,90
506616,KLTRS15TSS,487647,26/09/2018,07:12,08:03,Light Yellow,Clear,1.019,5.9,Negative,Negative,Negative,Negative,Negative,Normal,Negative,6-8,1,1-4,Few,Nil,NIL,14.9,5.3,34,111.9,28,43,13.5,42.1,5205,14,46,2,3,1.8,16.41,1.69,0.58,0.61,0.15,298,12.6,15,0.32,26.8,6.7,0.26,0.05,0.75,196,76,34.6,22.3,111.5,167,2.6,0.46,2.2,0.5,0.2,0.3,61,40,18,46,7.9,5,2.9,1.72,1,19.7,9.1999,9.2,143,5.4,104,2.4,97.02,172,179,351,49,8.4,194.38,0.6,806.8,125.8,641.34,10,5.3,68,8.4,10.9,84,109,77,217
216127,MZLGI06MHP,751187,24/09/2018,09:53,10:39,Light Yellow,Slightly cloudy,1.013,4.8,1+,Negative,Negative,Negative,Negative,Normal,Negative,6-8,4,3-2,Few,Nil,NIL,20.2,7.1,34.1,96.2,28,59,13.5,45.5,8519,44,43,4,23,0,6.17,2.33,0.24,0.36,0.1,159,7.4,11,0.56,20,3.3,0.04,1.83,2.14,173,23,117.9,77.4,387,180,7.5,5.13,0.2,0.7,0.2,0.5,88,29,26,43,6.7,4.3,2.4,1.79,1,17.7,8.2659,8.27,130,4.5,107,6.7,58.35,131,195,326,40.18,8.9,208.73,0.1,28.2,596.2,4.73,11.9,5.5,239,7.7,0.3,119,68,115,73
368485,KLTRS12ODB,393621,27/09/2018,08:38,09:30,Light Yellow,Clear,1.024,6.8,Trace,1+,Negative,Negative,Negative,Normal,Negative,9-11,1,2-3,Few,Nil,Yeast cells,20.4,5.5,50.5,91.7,37,40,12.8,41.8,5011,35,20,2,3,0.1,3.46,2.23,0.36,0.19,0.06,142,17,8,0.39,19.6,0.7,0.3,0.62,0.02,151,40,61.8,37.6,188,165,3.8,1.55,0.65,4.6,0.1,4.5,298,23,15,27,6.8,5,1.8,2.78,0.7,6.9,3.2223,4.6,124,3.2,111,3.7,103.9,79,279,358,22.07,7.5,168.55,0.8,16.1,31.6,50.95,12.3,3,154,9.6,0.21,101,86,183,114
381454,PBCHD08PBP,566027,24/09/2018,11:10,12:32,Light Yellow,Clear,1.014,4.8,Trace,Trace,Negative,Negative,Negative,Normal,Negative,11-12,2,6-7,Nil,Nil,NIL,8.1,4.4,47.8,58.7,18,16,13,40.5,5964,53,40,6,4,2,19.7,2.44,0.29,0.5,0.05,292,11.6,15,0.21,12.2,3,0.32,4.91,0.51,222,57,101.3,42.5,212.5,82,3.9,1.78,0.56,1.5,0.7,0.8,45,12,22,42,6.2,3.6,2.6,1.38,1,9.8,4.5766,4.58,138,4.5,96,5.2,67.71,148,147,295,50.17,6.1,128.37,0.7,11.5,108.8,10.57,10.9,4.6,180,5.5,6.2,93,129,85,152
992069,GYAHD04ODK,554173,25/09/2018,11:30,12:19,Pale Yellow,Clear,1.011,4.6,Trace,Trace,Negative,Negative,Negative,Normal,Negative,TNTC,2,1-3,Nil,Nil,NIL,15.9,4.4,45.4,87.2,36,35,12.8,44.7,4759,56,30,2,6,0.9,1.48,1.1,0.24,0.46,0.19,1181,12,15,0.07,16.5,0.2,0.15,0.08,0.25,208,72,81.8,26.5,132.5,94,2.9,1.14,0.88,0.7,0.3,0.4,64,43,35,36,7.3,3.4,3.9,0.87,1.2,27,12.609,10.51,139,4.2,107,4.3,65.54,159,289,448,35.49,6.4,136.98,6,18.4,101.9,18.06,9.2,3,115,7,1.97,113,68,85,91
175285,MZLGI01BRC,961166,25/09/2018,06:49,07:31,Straw,Slightly cloudy,1.016,5.7,Negative,Trace,Negative,Negative,Negative,Normal,Negative,2-4,1,3-2,Rare,Few,NIL,17.4,5.2,39.4,105.8,33,44,13.4,44.4,7777,53,45,3,7,0,1.79,1.83,0.77,0.38,0.15,326,11.2,19,0.54,15.1,6.2,0.36,0.21,0.33,132,40,128.7,20.6,103,151,3.3,3.22,0.31,0.7,0.3,0.4,41,46,26,23,5.8,4.4,1.4,3.14,0.6,16.3,7.6121,12.69,139,5.7,97,5.9,94.91,199,167,366,54.37,5.4,108.28,0.4,22.8,263.9,8.64,7.9,2.4,168,18.8,1.23,87,79,124,104
693460,MZLGI07GJS,382514,24/09/2018,06:04,07:01,Straw,Clear,1.012,4.6,Trace,Negative,Negative,Negative,Negative,Normal,Negative,6-7,2,1-4,Rare,Nil,NIL,16.3,4.3,39.6,93,37,41,12.6,39.7,8577,36,50,23,6,0,2.47,1,0.22,0,0.02,282,17.2,17,0.36,27,2.7,0.05,3.12,0.38,176,24,160.8,28.8,144,171,7.3,6.7,0.15,0.8,0.1,0.7,83,54,29,23,8,3.6,4.4,0.82,1.1,24.8,11.5816,10.53,141,4.7,106,3.5,30.86,142,350,492,28.86,7.6,171.42,0.5,16.6,25.9,64.09,12.1,3.5,73,10.6,0.15,91,69,92,113
353008,GYAHD06JHJ,152286,26/09/2018,06:06,07:35,Pale Yellow,Cloudy,1.015,5.4,Trace,Negative,Negative,Negative,Negative,Normal,Negative,6-8,1,2-3,Few,Nil,Mucus threads,10,5.5,34.1,70,18,29,14,44.1,5055,40,45,6,10,0,1.97,0.24,0.39,0.48,0.05,296,10.3,15,0.51,16,4.8,0.07,0.33,0.16,221,50,86.4,49.1,245.5,73,4.4,1.73,0.58,0.8,0.3,0.5,127,40,25,33,7.3,3.7,3.6,1.03,0.9,19.8,9.2466,10.27,144,5.3,107,3.4,98.78,81,272,353,22.95,7.8,177.16,0.8,11.3,121.3,9.32,9.1,2.7,81,8.6,0.59,117,93,85,93
736967,KLTRS08NLZ,704973,24/09/2018,11:35,12:31,Light Yellow,Clear,1.013,8.6,Negative,Trace,Negative,3+,Negative,Normal,Negative,9-11,0,1-3,Nil,Nil,NIL,9.3,5.9,37.6,92,15,24,11.8,41.5,7153,59,42,3,3,0,9.58,1.68,0.22,0.21,0.02,1188,14.4,12,0.35,13.4,5.6,0.37,0.21,3.08,195,40,78.2,28.4,142,128,4.9,1.96,0.51,0.7,0.3,0.4,73,44,34,11,7.7,4.4,3.3,1.33,0.9,74.7,34.8849,38.76,141,4.6,103,6.9,111.14,112,349,461,24.3,6,125.5,0,15.9,233,6.82,10.2,2.8,92,5.8,2.27,103,70,95,137
476577,PBCHD15SKM,171035,25/09/2018,10:07,11:06,Orange,Slightly cloudy,1.014,6.9,2+,1+,Negative,Negative,Negative,Normal,Negative,1-2,0,2-3,Nil,Nil,NIL,19.6,6.4,30.6,88.4,30,64,13.7,39.5,5529,47,36,4,6,6,1,4.97,0.46,0.34,0,305,7.3,13,0.05,13.7,1.1,0.12,0.25,0.3,240,66,92.7,64.8,324,79,3.6,1.4,0.71,0.3,0.1,0.2,125,40,21,42,6.6,3.8,2.8,1.36,0.6,16.6,7.7522,12.92,137,3.2,108,4.2,122.55,171,324,495,34.55,6.6,142.72,0.1,924.7,162.4,569.4,11.6,4.4,326,7.9,2.15,99,65,116,112
243974,KLTRS09NLZ,656029,24/09/2018,09:46,11:06,Pale Yellow,Slightly cloudy,1.011,4.6,Negative,Negative,Negative,Negative,3+,Normal,Negative,3-5,2,2-4,Nil,Few,Yeast cells,12.5,5.5,33,101.1,22,37,12.4,41.9,4182,25,27,6,3,0,6.43,0.51,1.02,0.34,0.08,78,10.3,5,0.37,14.4,7.3,0.41,1.13,5.18,175,79,122.8,94.5,472.5,150,2.2,1.55,0.64,4.1,2,2.1,92,25,7,47,7.9,4.5,3.4,1.32,1.2,14,6.538,5.45,96,4.7,108,2.7,119.93,119,353,472,25.21,6.2,131.24,7.2,13.9,263.9,5.27,9.2,2.8,196,15.6,9.15,103,61,108,89
560751,KLTRS08WBD,857468,26/09/2018,08:34,09:56,Light Yellow,Hazy,1.023,6.5,2+,Trace,Negative,Negative,Negative,Normal,Negative,1-2,2,2-4,Rare,Nil,Fat droplets or lipiduria,12.1,6.7,45.3,83.9,18,26,12.9,41.7,10808,60,24,1,6,0,9.52,1.41,0.33,0.12,0.06,18,8.6,14,0.17,20.8,3.9,0.6,0.08,0.24,185,58,70.3,97.4,487,76,3.2,1.21,0.83,0.6,0,0.6,60,39,33,23,7.5,4.7,2.8,1.68,1,5.8,2.7086,2.71,139,3.8,97,9.9,117.94,174,107,281,61.92,5.8,119.76,23.7,14.1,141.8,9.94,10.2,4,106,4,0.06,118,85,70,146
468771,PBCHD11MHS,771917,23/09/2018,09:48,10:19,Pale Yellow,Hazy,1.019,5.8,Negative,Negative,Negative,Negative,Negative,Normal,Negative,TNTC,2,1-4,Nil,Nil,NIL,21,5.7,17.9,50.8,36,117,12.3,43.4,7524,51,51,5,3,0,0.83,1.07,0.45,0.1,0.09,224,11.1,14,0.6,34.7,3.1,0.32,0.17,1.66,153,43,88.3,65.1,325.5,73,3.6,2.05,0.49,0.2,0,0.2,110,27,34,26,6.9,3.6,3.3,1.09,0.7,10.2,4.7634,6.8,144,4.9,109,2.7,92.18,236,229,465,50.75,6,125.5,0.9,15.6,132.2,11.8,10.2,2.9,84,9.5,5.2,123,143,72,159
793415,MZLGI01MHP,364884,23/09/2018,10:13,11:01,Pale Yellow,Slightly cloudy,1.029,6.9,Negative,Negative,Negative,Negative,Negative,Normal,Negative,4-6,2,3-2,Nil,Nil,NIL,7.4,7.5,19.8,96.6,9,37,12.9,44.1,6171,66,29,2,11,0,1.41,0.93,0.45,0.2,0.04,103,10.4,16,0.35,28.6,2.1,0.33,0.2,0.03,231,64,124.7,18.1,90.5,199,3.6,1.95,0.51,0.6,0.1,0.5,72,40,14,14,5.6,4.9,0.7,7,1.2,7.2,3.3624,2.8,135,2.7,81,3.1,90.28,188,150,338,55.62,6,125.5,0.7,14.9,140.9,10.57,8.7,3.7,140,10.3,0.17,78,79,76,141
219745,PBCHD10KLC,811759,26/09/2018,09:35,10:09,Light Yellow,Slightly cloudy,1.016,6.8,Negative,Negative,Negative,Negative,Negative,Normal,Negative,2-4,0,1-2,Nil,Rare,NIL,19.7,7.9,39.8,46.4,24,49,17,43.1,9919,34,38,17,3,0,6.68,1.03,0.27,0.24,0.11,362,8.4,16,0.57,27,4.5,3.18,0.07,0.02,167,51,91.4,17.8,89,128,3.3,1.79,0.56,3.9,1.9,2,120,139,30,25,6,3.8,2.2,1.73,0.7,10.7,4.9969,7.14,132,2.5,75,1.6,91.51,186,160,346,53.76,5.8,119.76,0.7,14.7,66.2,22.21,9.7,3.5,209,5.6,0.43,82,122,209,89
112232,PBCHD12HPP,737790,25/09/2018,10:47,11:42,Light Yellow,Slightly cloudy,1.017,6.6,1+,Trace,Negative,Negative,Negative,Normal,Negative,5-6,0,1-2,Rare,Nil,NIL,15.7,4.2,32.6,90,37,48,13.8,40.6,10557,77,35,3,6,0,5.11,2.92,0.7,0.37,0.06,735,10.5,11,0.29,27.5,1.2,0.34,0.42,0.39,222,50,120.4,26.3,131.5,95,4.4,2.41,0.42,0.8,0.2,0.6,71,34,16,21,6.3,3.6,2.7,1.33,0.7,8.2,3.8294,5.47,136,3.7,92,3.7,99.94,211,207,418,50.48,5.7,116.89,0.8,10.7,93.6,11.43,9.5,5.6,168,4,5.44,170,68,331,140
162712,KLTRS09NLZ,481719,27/09/2018,10:34,11:33,Pale Yellow,Slightly cloudy,1.016,6.6,Negative,Trace,Negative,Negative,Negative,Normal,Negative,12-14,1,1-4,Moderate,Nil,NIL,10.8,5.4,48,86.3,20,22,14.3,41.9,5462,30,43,0,8,0,3.38,6.71,0.12,0.66,0.03,406,11.2,11,0.29,12.1,4,0.05,0.39,0.06,164,40,78.2,7,35,117,4.1,1.96,0.51,0.5,0.1,0.4,66,41,14,15,7.2,3.9,3.3,1.18,0.9,12.5,5.8375,6.49,151,4.3,106,1.8,101.54,111,225,336,33.04,6.3,134.11,0.8,28.9,79.1,36.54,9.2,4.2,283,4.5,9.8,96,90,116,73
105081,MZLGI11MHP,552990,23/09/2018,07:01,07:47,Orange,Clear,1.03,5,Trace,Negative,Negative,Negative,Negative,Normal,Negative,11-12,69,2-3,Nil,Few,Fungal elements,9.1,7,39.7,95.5,13,22,12.4,41.9,5531,35,19,5,6,0,4.58,2.9,0.76,0.01,0.1,392,7.2,15,0.57,28.5,4.9,0.19,0.05,0.06,183,43,87.1,97.7,488.5,67,4.3,2.03,0.49,0.5,0.2,0.3,95,80,38,21,6.1,4.5,1.6,2.81,1.2,7,3.269,2.72,141,4.4,103,4.8,116.35,90,302,392,22.96,6.3,134.11,0.8,10,115.7,8.64,10.4,4.2,127,8.6,1.91,92,69,83,112
832226,KLTRS09TSS,171008,23/09/2018,08:28,09:28,Deep Amber,Clear,1.017,4.6,Negative,Negative,Negative,Negative,Negative,Normal,Negative,8-9,0,3-2,Nil,Rare,Amorphous debris,16.3,4.1,48.1,89.9,39,33,9.3,41.4,9563,62,34,10,5,0,0.98,2.21,0.43,0.09,0.07,265,7.1,20,0.37,46.3,5,0.25,0.17,2.53,171,22,123.1,31.1,155.5,175,7.8,5.6,0.18,0.7,0.3,0.4,61,27,36,37,7.8,4.7,3.1,1.52,0.7,10.3,4.8101,6.87,143,4.6,101,4,116.18,112,153,265,42.26,6.6,142.72,0.1,11.2,44,25.45,11.1,2.2,278,13.2,0.94,115,90,77,185
989442,KLTRS02TSS,800712,27/09/2018,07:57,09:14,Pale Yellow,Slightly cloudy,1.022,6.7,Trace,Trace,Negative,Trace,Negative,Normal,Negative,10-11,1,2-3,Nil,Nil,Fungal elements,17.1,4.9,22.4,79.1,34,76,14.5,40.8,10258,56,35,1,7,0,0.06,2.03,0.65,0.52,0.08,984,8.7,16,0.24,26,1.5,0.7,0.12,0.18,198,36,54,25.1,125.5,110,5.5,1.5,0.67,0.7,0,0.7,73,31,31,34,7.5,4.4,3.1,1.42,0.6,25.4,11.8618,19.77,128,5.2,96,3,53.83,88,333,421,20.9,6,125.5,0.7,14.2,258.8,5.49,10.1,5,89,6.8,0.63,77,93,107,65
553086,KLTRS12TSS,469014,24/09/2018,11:34,12:48,Light Yellow,Slightly cloudy,1.016,4.7,Negative,2+,Trace,Negative,Negative,Normal,Negative,6-7,1,3-2,Nil,Nil,NIL,18.5,4.5,53.1,89,41,34,11.7,43,3573,58,12,4,5,0,9.71,2.51,0.05,0.54,0.01,288,7.1,14,0.37,20.4,1.3,0.33,0.75,0.4,185,22,73.3,84.5,422.5,74,8.4,3.33,0.3,0.7,0.3,0.4,88,33,40,39,5.8,4.5,1.3,3.46,1.1,9.8,4.5766,4.16,140,4.6,108,5.3,96.26,76,181,257,29.57,5.9,122.63,0.7,16.3,141.5,11.52,10.4,2.4,201,9.6,0.63,103,121,114,76
727190,GYAHD03JHJ,793663,25/09/2018,11:01,11:55,Orange,Slightly cloudy,1.019,6.6,Negative,Trace,Negative,Negative,Negative,Normal,Negative,2-4,0,3-4,Nil,Nil,NIL,15.8,6,36.5,94.1,26,43,12.9,41.7,4853,34,47,1,8,0,7.52,1.43,0.78,0.07,0.04,321,11.2,14,0.05,31.6,1.7,0.76,3.13,0.17,170,29,88.7,25.1,125.5,140,5.9,3.06,0.33,0.2,0,0.2,129,14,28,27,6.9,3.6,3.3,1.09,1.2,9.7,4.5299,3.77,122,5.1,95,3.4,114.02,71,308,379,18.73,5.9,122.63,0.2,16,103.2,15.5,8.8,2,177,5.5,4.76,83,99,119,271
248426,GYAHD06ODK,451354,25/09/2018,08:02,08:40,Light Yellow,Hazy,1.021,4.7,Trace,2+,Negative,1+,Negative,Normal,Positive,56-59,0,3-3,Nil,Nil,NIL,10.7,4.8,56.9,51.5,22,18,13,45.4,6280,38,53,3,7,0,1.01,1.37,0.28,0.3,0.09,149,7.5,12,0.53,24.1,4.1,0.53,0.32,1.68,161,59,87.7,38.5,192.5,97,2.7,1.49,0.67,0.6,0,0.6,90,47,23,37,8,4.4,3.6,1.22,0.6,10.7,4.9969,8.33,142,4.1,106,8.1,115.64,88,306,394,22.34,6.5,139.85,0.1,21.7,515.8,4.21,11.6,6.6,249,3.8,3.7,150,60,70,77
629580,GYAHD10KLM,413368,27/09/2018,09:31,10:02,Pale Yellow,Slightly cloudy,1.019,6.8,Negative,1+,Negative,Negative,Negative,Normal,Negative,3-4,2,6-12,Nil,Nil,NIL,8.4,5.5,29.7,63.1,15,28,13.8,40.1,8952,70,36,9,10,0,3.7,1.04,0.69,0.48,0.1,320,9,11,0.32,19.5,2.5,0.08,4.69,0.17,152,38,99,15,75,111,4,2.61,0.38,2.3,1.1,1.2,49,45,11,46,8.3,4.3,4,1.08,0.9,7.7,3.5959,4,143,4.7,103,4.8,104.45,178,339,517,34.43,5.9,122.63,0.8,23.2,100.7,23.04,8.6,2.3,159,12.5,3.42,143,77,109,74
553814,KLTRS09ODB,168060,26/09/2018,08:38,10:07,Dark Yellow,Clear,1.011,7,Trace,Negative,Negative,Negative,Negative,Normal,Negative,TNTC,1,1-3,Nil,Moderate,Artifacts,12.6,5.9,43,94.9,21,29,11.6,48.9,10236,45,36,4,6,0,9.35,1.78,0.46,0.1,0.04,212,6.7,10,0.55,33.8,3.5,3.49,0.15,0.14,155,76,150.2,24.5,122.5,116,2,1.98,0.51,0.6,0.1,0.5,116,9,33,28,6.7,4.3,2.4,1.79,0.7,5.8,2.7086,3.87,133,5.9,109,3.1,40.14,115,117,232,49.57,5.9,122.63,3.2,45.1,139.6,32.31,11,3.3,62,6.9,3.19,96,260,101,168
806585,MZLGI05GJS,287309,23/09/2018,07:26,08:23,Pale Yellow,Clear,1.023,6.1,Trace,3+,Negative,Negative,Negative,Normal,Negative,12-13,1,3-2,Nil,Nil,Amorphous debris,4.1,5.2,38.5,86.1,7,10,14.2,41.5,9536,43,38,3,10,0,5.77,1.67,0.49,0.29,0.07,383,11.6,11,0.37,27.1,4.4,0.34,0.86,0.12,103,41,91.6,64.6,323,96,2.5,2.23,0.45,0.7,0.3,0.4,79,23,17,44,6.2,4.6,1.6,2.88,0.9,17.2,8.0324,8.92,142,3.3,95,2.9,50.88,146,148,294,49.66,5.7,116.89,0.9,28.3,186.6,15.17,11.5,2.7,170,9.8,5.79,94,138,111,191
405287,GYAHD07KAU,624466,25/09/2018,06:34,07:38,Light Yellow,Slightly cloudy,1.016,6.8,Trace,Negative,Negative,Trace,Negative,Normal,Negative,1-3,0,2-2,Nil,Nil,NIL,18.8,3.6,41.1,93.2,52,45,14.2,40.5,7864,45,19,4,5,0,2.3,3.02,0.61,0.67,0.03,895,7.3,16,0.37,21,0.1,0.51,0.03,0.33,184,46,76,15.4,77,161,4,1.65,0.61,0.9,0.2,0.7,72,12,37,26,6.5,4.2,2.3,1.83,0.6,7.5,3.5025,5.84,145,2.8,88,4.3,97.08,193,349,542,35.61,5.8,119.76,0.1,16.2,141.4,11.46,9.8,2.3,114,3.8,5.61,193,95,79,81
560919,PBCHD08RJU,659799,26/09/2018,11:53,12:28,Deep Amber,Clear,1.01,6,Trace,1+,Negative,Negative,Negative,Normal,Negative,9-11,1,12-18,Rare,Nil,Fat droplets or lipiduria,19.2,4.1,19.3,82.7,46,99,13.3,41.4,3420,42,41,7,6,0,1.2,3.73,0.54,0.46,0.09,306,7.2,12,0.26,38.9,7.5,0.28,0.31,0.03,202,53,110.3,11,55,79,3.8,2.08,0.48,0.7,0.3,0.4,122,67,13,16,7.6,4.1,3.5,1.17,1,12.6,5.8842,5.88,124,3.6,105,2.1,77.57,123,325,448,27.46,5.9,122.63,0.4,22.1,160.9,13.74,10.9,4.4,88,5.2,3.42,80,166,111,76
377768,MZLGI14MHP,793132,23/09/2018,08:26,09:04,Light Yellow,Slightly cloudy,1.006,5.9,Trace,Negative,Negative,Negative,Negative,Normal,Negative,1-3,0,3-3,Nil,Moderate,Mucus threads,11,5.7,48,76.8,19,22,12.2,39,9571,55,41,5,10,1.3,18.55,2.4,0.53,0.37,0.03,113,7.6,20,0.14,24.2,4.4,0.51,0.26,0.96,167,49,108.6,12.4,62,130,3.4,2.22,0.45,3.3,1.6,1.7,41,54,34,25,6.6,4.6,2,2.3,0.7,36.6,17.0922,24.42,149,3.8,95,4.2,116.67,102,239,341,29.91,5.8,119.76,0.7,24.3,41,59.27,9.1,3,198,21.1,1.88,127,72,84,134
909515,KLTRS14NLZ,575733,27/09/2018,11:03,12:13,Yellow,Clear,1.016,5.3,Negative,Negative,Negative,Negative,Negative,Normal,Negative,10-12,2,>20,Nil,Nil,NIL,6.5,4.6,35.8,71.8,14,18,13.6,42.6,2434,53,34,1,2,0,1.06,2.75,0.3,0.28,0.1,843,11.8,13,0.41,14.9,5.8,0,0.47,0.13,189,44,83.8,17.9,89.5,152,4.3,1.9,0.53,3.7,1.8,1.9,90,32,12,19,6.9,3.9,3,1.3,1.2,10.5,4.9035,4.09,144,3.5,112,5.7,106.97,234,351,585,40,6.2,131.24,0.2,14.4,60.3,23.88,11.9,5,107,18,3.29,84,76,94,93
634842,MZLGI02RJK,579345,27/09/2018,09:32,10:54,Dark Yellow,Cloudy,1.029,6.9,Trace,3+,Negative,Negative,Negative,Normal,Negative,11-13,2,3-3,Nil,Nil,Artifacts,12.7,4.1,52.9,89.8,30,24,14.2,46,7319,58,15,1,4,1.8,5.26,2.3,0.23,0.15,0.07,402,16.8,11,0.37,31.6,3.5,0.18,4.94,0.66,172,42,53.3,10.5,52.5,134,4.1,1.27,0.79,0.8,0.2,0.6,91,53,15,31,4.8,4.7,0.1,47,0.8,16.5,7.7055,9.63,137,4.2,107,1.5,100.81,146,121,267,54.68,8.2,188.64,0,16.2,157.9,10.26,9.5,4.8,182,5.7,5.82,90,89,79,115
271685,GYAHD12ODK,657724,23/09/2018,09:04,10:31,Straw,Clear,1.018,5.3,Trace,Trace,Negative,Negative,Negative,3+,Negative,11-12,2,2-2,Rare,Nil,Parasites,4.1,4.8,46.5,99.3,8,8,12,36.4,2945,42,27,2,6,0.8,8.5,1.85,0.38,0.22,0.01,169,8.6,13,0.32,23.9,4.1,0.09,0.2,6.85,185,37,108.5,8,40,80,5,2.93,0.34,0.9,0.3,0.6,72,37,17,31,6.2,3.5,2.7,1.3,0.7,14.2,6.6314,9.47,135,3.7,99,3.9,93.88,160,228,388,41.24,8,182.9,0.7,13.5,468.5,2.88,8.2,2.2,128,11.3,1.54,109,92,95,254
754969,PBCHD02KLC,629406,25/09/2018,08:18,09:35,Straw,Clear,1.017,7,Trace,4+,Negative,Negative,Negative,Normal,Negative,13-14,1,1-4,Nil,Nil,Yeast cells,8.9,5.9,32,80.5,15,27,13.6,34.8,9425,47,20,1,4,0.5,9.9,2.52,0.07,0.03,0.06,333,9.7,16,0.72,19.9,0.7,0.94,0.23,0.04,183,47,59.4,6.1,30.5,105,3.9,1.26,0.79,0.6,0.1,0.5,60,14,56,41,8,5.4,2.6,2.08,1.1,36.3,16.9521,15.41,136,4.2,106,3.4,73.11,83,261,344,24.13,7.8,177.16,0.8,26.5,241,11,11.6,4.2,169,10.4,5.16,72,62,96,145
122368,MZLGI10APK,205356,26/09/2018,10:42,11:16,Straw,Clear,1.012,6.5,4+,Negative,Negative,Negative,Trace,Normal,Negative,23-27,5,3-2,Nil,Nil,Fungal elements,15.6,5.4,53.5,80.9,28,29,13.2,41.9,7714,53,40,5,5,0,8.64,2.18,0.67,0.38,0.09,203,8.1,13,0.26,13.6,0.2,0.34,4.36,0.34,131,31,57,21.3,106.5,95,4.2,1.84,0.54,1,0,1,50,27,33,29,7.9,4.9,3,1.63,1.1,18.5,8.6395,7.85,138,5.8,100,5.2,109.55,83,327,410,20.24,8.2,188.64,0.1,437.5,121.1,361.27,9.3,4.5,74,5.1,0.52,141,86,100,237
819061,KLTRS08ODB,811665,26/09/2018,07:48,08:44,Pale Yellow,Slightly cloudy,1.028,4.9,Negative,1+,Negative,Negative,Negative,Normal,Negative,3-4,0,1-2,Nil,Nil,NIL,4.5,4.8,43.2,91.8,9,10,11.6,41.7,5456,49,33,1,7,0,1.68,1.8,0.91,0.34,0.04,919,7.3,20,0.36,22.5,5.6,0.38,5.77,0.38,370,44,67.1,12.7,63.5,130,8.4,1.53,0.66,0.7,0.2,0.5,40,50,26,43,7.5,4.9,2.6,1.88,1.1,11.8,5.5106,5.01,141,3.9,101,7,110.14,97,151,248,39.11,5.8,119.76,0.8,635.6,60.1,1057.57,10.1,4.8,70,9.1,3.96,125,92,193,93
596503,KLTRS04KLP,723629,24/09/2018,10:19,11:43,Light Yellow,Clear,1.011,6.9,Trace,Negative,1+,Negative,Negative,Normal,Negative,8-9,0,2-4,Nil,Nil,NIL,17.8,5,15.6,87.5,35,114,16,39.2,6154,55,25,3,2,0,2.11,1.28,0.98,0.44,0.05,486,10.2,11,0.23,33.9,0.1,0.23,0.32,0.34,236,31,58,6.7,33.5,125,7.6,1.87,0.53,0.8,0.3,0.5,127,53,19,13,6,4.9,1.1,4.45,0.9,14.9,6.9583,7.73,141,2.8,102,3.2,116.29,209,288,497,42.05,8.5,197.25,0.9,119.8,80,149.75,9.3,2.1,137,4,2.9,104,160,118,104
587808,GYAHD13ODK,860937,26/09/2018,06:05,07:21,Straw,Slightly cloudy,1.013,5.3,Negative,Negative,Negative,Negative,Negative,Normal,Negative,71-72,0,3-3,Nil,Nil,NIL,19.8,4.5,32.5,78.9,44,60,14.5,44.6,10536,39,21,3,5,2.1,3.46,1.04,0.24,0.05,0.01,253,10.3,12,0.23,13.2,1.2,0.04,0.33,0.62,175,46,108.8,11.6,58,125,3.8,2.37,0.42,0.8,0.2,0.6,144,66,40,20,6.8,4.7,2.1,2.24,0.9,14.7,6.8649,7.63,127,3.2,103,4.8,101.42,138,281,419,32.94,5.7,116.89,0,115.7,124,93.31,11.7,4.1,62,6.4,9.17,117,85,77,311
362554,PBCHD05CGD,949254,26/09/2018,08:05,09:29,Yellow,Slightly cloudy,1.343,7,1+,Negative,Negative,Negative,Negative,Normal,Negative,TNTC,0,15-14,Rare,Rare,Fat droplets or lipiduria,10.2,4.5,35.1,52.2,22,29,14.2,40.7,6831,41,53,3,5,0,1.17,1.53,0.7,0.69,0.07,403,7.5,20,0.38,12,1.8,0.26,0.11,0.27,196,54,99.2,53,265,80,3.6,1.84,0.54,0.4,0,0.4,95,40,32,29,7.2,3.9,3.3,1.18,0.9,203.1,94.8477,105.39,141,3,99,5,114.68,126,315,441,28.57,6.2,131.24,0.1,27.4,91.7,29.88,11.5,3.8,52,15.6,0.01,110,94,83,124
142805,GYAHD15KAU,162234,24/09/2018,07:52,09:11,Pale Yellow,Clear,1.027,6.1,Negative,Negative,Negative,Negative,Negative,Normal,Negative,11-12,2,1-3,Nil,Nil,NIL,19.3,4.8,59.2,44.4,40,32,12.4,44.6,4483,68,25,3,4,0,0.16,3.2,0.68,0.47,0.05,15,9.2,17,0.29,13,3.5,0.62,3.56,0.2,170,49,103.6,44.7,223.5,137,3.5,2.11,0.47,0.8,0.1,0.7,41,40,25,31,6.3,4.1,2.2,1.86,1.2,19.1,8.9197,7.43,149,4.3,95,4.6,114.98,177,224,401,44.14,6,125.5,0.7,11.8,107.7,10.96,9.9,3.6,129,17.1,3.79,150,148,103,198
740762,MZLGI14BRC,533642,24/09/2018,07:58,08:56,Light Yellow,Slightly cloudy,1.026,5,Trace,Negative,Negative,Negative,Negative,Normal,Negative,3-5,1,2-4,Rare,Nil,NIL,10.2,4.9,44.6,94.1,20,22,13,41.3,6530,57,39,3,7,0,4.72,0.8,0.1,0.2,0.05,418,11.8,11,0.31,40.6,4.9,0.95,3.56,0.26,188,57,74.3,23.6,118,83,3.3,1.3,0.77,1.1,0.5,0.6,55,39,17,26,6.2,4.7,1.5,3.13,1,15.1,7.0517,7.05,130,2.9,97,5.4,106.46,231,180,411,56.2,6.4,136.98,0,14,51.3,27.29,11.1,3.8,64,11,0.008,81,95,97,88
873301,GYAHD10KAU,636733,23/09/2018,09:23,10:18,Orange,Slightly cloudy,1.011,5,Trace,Negative,Negative,Negative,Negative,Normal,Negative,TNTC,16,10-15,Rare,Moderate,NIL,15.9,4.3,46.4,93.4,36,34,14.1,43.9,35156,59,24,6,4,0,4.52,2.04,0.05,0.34,0.03,285,8.4,17,0.21,25.2,4.9,0.32,0.03,3.57,190,41,87.7,10.2,51,133,4.6,2.14,0.47,0.5,0.2,0.3,118,43,16,32,8.1,3.8,4.3,0.88,0.8,9.6,4.4832,5.6,109,3.4,108,3.8,100.25,64,177,241,26.56,5.7,116.89,0.4,419.7,87.2,481.31,13.8,2.8,147,12.1,6.29,81,96,108,295
850088,KLTRS11KLP,805987,26/09/2018,07:55,08:42,Deep Amber,Slightly cloudy,1.012,6.8,Trace,Negative,Negative,Negative,Negative,Normal,Negative,47-49,1,1-4,Rare,Nil,NIL,16.1,5.8,12.9,41.5,27,124,13.2,44.6,7431,43,19,4,2,0,1.16,2.84,0.49,0.15,0.3,410,7.1,11,0.39,21.7,4.8,0.23,3.44,0.2,212,50,78.5,29.6,148,169,4.2,1.57,0.64,0.4,0.1,0.3,121,55,22,18,7.8,4.4,3.4,1.29,0.6,10.6,4.9502,8.25,153,2,105,5.5,117.27,60,314,374,16.04,8.7,202.99,0.9,12.2,134.7,9.06,9.3,2.1,63,13,2.44,91,83,96,286
676818,MZLGI02BRC,639670,24/09/2018,10:38,11:19,Deep Amber,Clear,1.016,5.8,1+,Negative,Negative,Negative,Negative,Normal,Negative,10-12,5,2-3,Nil,Nil,Fat droplets or lipiduria,13.1,5.2,49.6,86.2,25,26,12.9,33.7,7395,45,52,6,3,0,4.57,4.84,0.48,0.56,0.08,350,10.9,10,0.2,12.5,4.1,0.37,0.06,1.08,175,71,135.8,69.6,348,112,2.5,1.91,0.52,0.8,0.3,0.5,55,47,12,16,7.4,4.1,3.3,1.24,1.2,18.4,8.5928,7.16,139,2.9,95,4,104.85,141,189,330,42.73,5.7,116.89,0.8,164.3,45,365.11,9.6,4.4,91,8.4,3.55,156,75,122,96
594130,MZLGI06RJK,585590,24/09/2018,11:25,12:09,Deep Amber,Slightly cloudy,1.024,4.6,Negative,4+,Negative,Negative,Negative,Normal,Negative,6-7,1,3-3,Rare,Nil,NIL,7.3,5.9,52,97.3,12,14,13,41.8,49601,42,31,1,6,0,4.49,1.04,0.62,0.05,0.07,447,9.3,14,0.15,25.2,0.1,0.18,0.12,0.47,158,67,104,73.1,365.5,178,2.4,1.55,0.64,0.2,0,0.2,40,12,23,26,7.2,3.5,3.7,0.95,1,15.3,7.1451,7.15,91,1.9,107,6.8,100.89,200,186,386,51.81,5.8,119.76,0.4,18.6,48.3,38.51,11.5,2.9,183,12.1,2.43,72,80,75,121
704114,GYAHD08KLM,807573,27/09/2018,09:48,11:03,Dark Yellow,Opaque,1.013,6.6,Negative,Negative,Negative,Negative,Negative,Normal,Negative,9-11,0,>20,Nil,Nil,Mucus threads,12,4.3,53.1,80.6,27,22,11.9,43.7,10584,46,37,2,3,0,9.45,2.21,1.44,0.05,0.09,196,9.8,11,0.39,28.1,4.4,0.13,0.4,0.19,204,49,81.7,13.5,67.5,148,4.2,1.67,0.6,1,0.3,0.7,127,47,12,31,7.1,3.5,3.6,0.97,0.7,12.7,5.9309,8.47,135,4.5,98,2.3,49.6,70,313,383,18.28,5.8,119.76,0.6,11.4,91.2,12.5,12,5.8,153,3.5,1.29,90,78,109,69
992646,GYAHD04KAU,370229,27/09/2018,10:25,11:28,Red,Clear,1.012,5.9,Trace,Negative,Negative,Negative,Negative,Normal,Negative,TNTC,0,1-3,Nil,Nil,Artifacts,11.6,5.9,59.2,90.9,19,19,11.6,41.1,2224,43,35,3,23,0,7.33,2.18,0.57,0.07,0.06,441,11.2,16,0.09,13.8,1.7,0.9,0.4,0.33,172,46,77.5,35,175,118,3.7,1.68,0.59,0.5,0.2,0.3,85,35,38,27,6.3,3.5,2.8,1.25,1.2,33.8,15.7846,13.15,137,2.8,107,2,90.07,85,313,398,21.36,5.9,122.63,0.7,24.4,143.5,17,9.5,3.1,194,2.8,2.73,78,93,91,163
395819,PBCHD09RJU,211408,25/09/2018,11:08,11:57,Orange,Slightly cloudy,1.012,5.9,Negative,Negative,Negative,Negative,Negative,Normal,Negative,1-2,0,1-4,Rare,Nil,NIL,17.7,4.4,56.6,92.8,40,31,13.9,44.6,16792,38,50,2,9,0,2.06,2.05,0.53,0.08,0.03,114,11.1,20,0.26,43.3,4.3,0.08,0.33,0.18,171,55,91.5,34.1,170.5,90,3.1,1.66,0.6,1.5,0.7,0.8,65,32,14,63,6.1,3.9,2.2,1.77,1.2,12.9,6.0243,5.02,132,2.9,104,5.4,93.11,99,345,444,22.3,8.8,205.86,4.5,12.7,87,14.6,11.7,3.8,108,8.5,1.64,99,115,80,82
232810,KLTRS07ODB,859654,27/09/2018,11:01,11:51,Pale Yellow,Hazy,1.013,5.1,Trace,Negative,Negative,Negative,Negative,3+,Negative,13-14,0,2-4,Nil,Nil,NIL,2.1,5.6,36.4,79.2,3,5,11.6,32.8,8876,79,26,3,4,0,2.27,4.45,1.07,0,0.15,147,5.6,14,0.12,30.5,2.4,0.21,2.62,3.6,152,36,96.9,14.7,73.5,78,4.2,2.69,0.37,0.7,0,0.7,41,20,15,48,8.2,3.8,4.4,0.86,0.7,18.7,8.7329,12.48,136,4.1,89,6.2,106.19,163,97,260,62.69,6.3,134.11,0.3,25.1,72.2,34.76,10.1,3.1,158,8.5,0.64,103,167,94,123
700466,GYAHD07KAU,718785,24/09/2018,08:33,09:42,Pale Yellow,Clear,1.01,6.4,Trace,2+,Negative,Negative,Negative,Normal,Negative,20-25,2,1-4,Nil,Nil,Fat droplets or lipiduria,15.3,4.2,30.4,81.7,36,50,11.9,42.2,2965,60,35,1,6,10.8,3.73,4.46,0.61,0.28,0.13,423,7.6,15,0.34,13.2,6.8,0.01,0.06,5.73,156,65,100.6,12.3,61.5,150,2.4,1.55,0.65,0.2,0,0.2,44,11,29,59,7.9,3.7,4.2,0.88,0.7,26.8,12.5156,17.88,124,4.8,97,9.1,116.72,163,228,391,41.69,5.9,122.63,0,982.3,84.2,1166.63,9.4,2.9,191,3.5,0.81,79,209,96,146
350367,PBCHD01RJU,836078,25/09/2018,09:57,11:10,Pale Yellow,Hazy,1.021,5.1,Negative,Negative,Negative,Trace,Negative,Normal,Negative,10-12,2,15-7,Nil,Nil,Yeast cells,18.7,5.5,43.9,61.7,34,42,14.8,43.4,9720,33,19,5,7,0.9,1.04,2.32,0.55,0.14,0.06,128,7.4,12,0.06,40.3,0.1,0.11,0.26,2.72,165,45,60.3,10.4,52,67,3.7,1.34,0.75,0.5,0.2,0.3,97,41,40,17,6.4,4.5,1.9,2.37,0.9,23.3,10.8811,12.09,125,3.4,115,4.5,118.99,98,261,359,27.3,6.2,131.24,0.5,11,122.9,8.95,9.2,3.2,115,8.7,1.19,87,111,95,139
800478,MZLGI06BRC,389100,27/09/2018,10:47,11:17,Light Yellow,Slightly cloudy,1.018,5.5,Negative,Trace,Negative,Negative,Negative,Normal,Negative,1-2,0,3-4,Nil,Nil,NIL,15.3,4.9,24.9,90.2,31,61,12.8,41.6,4857,44,20,10,8,0,6.32,2.74,0.32,0.32,0.05,859,9.9,12,0.49,15,2.5,0.12,0.53,0.03,163,62,98.7,21.2,106,114,2.6,1.59,0.63,0.7,0.2,0.5,123,42,11,47,7.8,3.5,4.3,0.81,1.2,14,6.538,5.45,128,5,102,2.3,119.9,66,263,329,20.06,6.3,134.11,1,121.2,93.7,129.35,9,2.9,125,4.2,1.12,77,89,115,85
653219,PBCHD05PBP,812623,23/09/2018,08:17,09:42,Yellow,Clear,1.02,6.9,Negative,Negative,Negative,Negative,Negative,Normal,Negative,7-8,0,3-3,Nil,Nil,Fungal elements,1.5,4.4,36.6,84.9,3,4,11.5,39.2,7660,51,21,1,8,0,1.25,1.83,0.57,0.84,0.03,1146,9.2,13,0.08,44.3,0.9,0.88,0.32,0.07,153,41,77.9,32,160,141,3.7,1.9,0.53,0.8,0.3,0.5,65,43,30,20,7.5,4.9,2.6,1.88,0.9,14.4,6.7248,7.47,135,5.3,105,5.2,104.4,204,139,343,59.48,6,125.5,0.2,17.9,133.6,13.4,12,3.1,215,8.3,2.57,76,82,91,82
923818,GYAHD08ODK,409319,25/09/2018,09:34,10:07,Pink,Cloudy,1.026,5.5,Trace,Negative,Negative,Negative,Negative,Normal,Negative,9-11,2,14-17,Nil,Nil,Yeast cells,8.4,5.8,59.1,43.6,14,14,13.8,32.7,4004,40,33,6,3,0,4.39,2.09,0.92,0.23,0.04,423,13.2,15,0.3,13.3,2.1,0.11,0.33,0.28,180,52,73.9,5.4,27,109,3.5,1.42,0.7,17.3,12.8,4.5,107,48,22,46,7.4,5,2.4,2.08,0.6,8.4,3.9228,6.54,136,2.6,100,4.2,101.43,112,170,282,39.72,6.3,134.11,0.4,120.7,135.3,89.21,11.3,2.9,94,4.2,2.1,97,111,170,123
443253,GYAHD14KAU,903927,27/09/2018,06:33,07:35,Yellow,Slightly cloudy,1.012,6.3,Negative,Negative,Negative,Negative,Negative,Normal,Negative,7-8,2,3-3,Nil,Rare,NIL,9.9,4.7,36,118.5,21,27,12.8,45.7,7262,39,33,2,16,0.2,8.31,0.24,0.85,0.23,0.16,292,12,16,0.13,14.7,3.7,0.34,0.32,0.22,192,56,50.5,37.5,187.5,90,3.4,0.9,1.11,0.5,0.2,0.3,41,35,12,11,6.7,4.9,1.8,2.72,0.8,17,7.939,9.92,145,4.6,108,5.3,117.63,50,350,400,12.5,5.9,122.63,0.3,12.7,30.3,41.91,8.9,5.5,103,14.5,2.82,87,79,122,101
353895,KLTRS09NLZ,998976,24/09/2018,09:13,10:37,Orange,Cloudy,1.028,5.7,Trace,Trace,Negative,Negative,Negative,Normal,Negative,11-12,2,3-2,Few,Nil,Fat droplets or lipiduria,19.2,5.4,54.7,86.7,35,35,12.9,40.6,9671,42,10,5,3,0.5,18.15,1.96,0.44,0.23,0.04,114,7.4,14,0.29,31.7,2.1,0.28,0.31,0.72,698,55,85.8,11.1,55.5,78,12.7,1.56,0.64,0.6,0,0.6,104,51,29,20,6.6,4.7,1.9,2.47,1,15.9,7.4253,7.43,137,4.1,100,5,119.53,153,356,509,30.06,6,125.5,0.8,14.6,32.1,45.48,8.1,4.9,174,4.4,2.5,77,84,82,72
699452,PBCHD08KLC,789196,26/09/2018,10:50,12:11,Pale Yellow,Slightly cloudy,1.019,6.5,Negative,Negative,Negative,Trace,Negative,Normal,Negative,2-4,1,2-4,Rare,Nil,NIL,10.4,4.5,22.8,54.3,23,45,12,39.7,9671,45,22,2,4,0.8,1.45,4.66,1.45,0.05,0.03,395,5.2,16,0.23,21,1.3,1.76,0.05,0.36,160,42,55.3,20.1,100.5,213,3.8,1.32,0.76,1.4,0.3,1.1,45,27,27,14,7,5.3,1.7,3.12,1.1,19.5,9.1065,8.28,149,4.4,107,4.3,117.84,112,190,302,37.09,6.4,136.98,0.8,24.8,110.9,22.36,8.5,3.9,96,8.2,0.97,140,111,71,127
100427,MZLGI09APK,706440,26/09/2018,07:58,08:43,Red,Slightly cloudy,1.02,6,Trace,1+,Negative,3+,Trace,Normal,Negative,11-13,61,1-2,Moderate,Nil,NIL,9,6.3,63.7,94.8,14,14,9.4,41.2,9821,56,41,6,4,0,0.77,2.25,0.91,0.34,0.12,982,10.5,11,0.6,16.6,1.7,0.32,3.02,0.37,102,69,118.7,17.1,85.5,74,1.5,1.72,0.58,0.2,0,0.2,114,15,29,34,6.9,3.3,3.6,0.92,1,13.9,6.4913,6.49,128,1.8,102,6.2,66.98,119,270,389,30.59,7.7,174.29,0.5,23.1,148.1,15.6,10.6,2.6,158,9.8,0.25,272,105,121,61
410662,KLTRS07MLT,470231,24/09/2018,10:43,11:15,Yellow,Clear,1.035,6.7,Trace,Negative,Negative,Negative,Negative,Normal,Negative,89-90,66,2-2,Nil,Nil,Parasites,7.7,7.4,36,94.8,10,21,11.9,39.5,53579,62,20,6,3,0.4,5.01,1.91,0.68,0.11,0.01,128,7.8,23,0.66,26.8,1.1,0.17,0.3,0.33,214,33,73.1,26.7,133.5,117,6.5,2.22,0.45,0.9,0.2,0.7,115,47,25,48,6.2,3.7,2.5,1.48,0.9,18,8.406,9.34,125,2.9,95,2.6,107.72,87,112,199,43.72,5.7,116.89,0.9,27.3,115.4,23.66,12.6,4.6,173,11.9,3.19,108,107,88,100
459733,GYAHD09KAU,290544,26/09/2018,06:54,07:50,Deep Amber,Clear,1.015,5.1,Trace,Negative,Negative,3+,Negative,Normal,Negative,13-15,0,1-3,Nil,Nil,NIL,8.8,7.7,59.1,80,11,14,13.9,30.8,5066,47,55,2,2,0,5.03,1.29,0.43,0.48,0.09,384,9.1,15,0.22,34.2,7,0.11,0.32,0.37,238,29,52.9,109.6,548,210,8.2,1.82,0.55,0.9,0.2,0.7,97,4,31,41,6.6,3.9,2.7,1.44,0.6,13.7,6.3979,10.66,143,4.3,108,8,30.58,104,179,283,36.75,5.9,122.63,0.9,288,148.7,193.68,6.2,3.7,101,13.2,0.16,76,71,80,173
512379,PBCHD15PBM,189471,24/09/2018,08:49,09:28,Straw,Clear,1.014,5.3,Negative,Negative,1+,Negative,Trace,Normal,Negative,42-44,2,14-17,Nil,Nil,Mucus threads,16.7,3.6,62.9,92.6,46,26,12.5,40.8,8495,35,44,2,10,2.2,6.16,2.45,1.08,0.15,0.03,124,8.5,17,0.36,32.7,7.2,0.77,2.8,0.19,169,58,83.8,31.9,159.5,66,2.9,1.44,0.69,0.6,0.2,0.4,111,21,36,15,8.1,4.2,3.9,1.08,0.9,7.8,3.6426,4.05,142,2,104,5.8,45.05,153,353,506,30.24,6.3,134.11,0.7,12.5,20.8,60.1,6.8,3,126,12.1,2.71,73,68,86,66
931523,PBCHD06HPP,709650,27/09/2018,10:45,11:35,Pale Yellow,Clear,1.018,6.3,Trace,Trace,Negative,Negative,Negative,Normal,Negative,8-10,5,2-2,Nil,Rare,NIL,13.3,3.1,40.6,82.6,42,32,12,34.3,8363,39,33,3,8,0,2.05,7.07,0.24,0.05,0.01,203,5.4,17,0.43,14.9,1.9,0.98,0.25,0.19,184,49,94.7,33.9,169.5,213,3.8,1.93,0.52,0.6,0.2,0.4,116,21,12,40,6.7,4.2,2.5,1.68,0.9,15,7.005,7.78,136,4.2,107,5.7,95.06,106,332,438,24.2,6.4,136.98,0.6,22.7,128.5,17.67,10.1,2,160,2.6,2.68,74,115,93,85
211734,PBCHD02PBM,700406,24/09/2018,06:29,07:50,Light Yellow,Clear,1.012,5.6,Negative,Negative,Trace,Negative,Negative,Normal,Negative,3-4,0,2-2,Nil,Nil,NIL,1.7,5.2,31.7,86.9,3,5,14.4,42.6,8425,74,15,5,7,0,0.73,1.67,0.99,0.28,0.04,105,15.1,18,0.13,13,0.6,0.38,0.28,0.07,215,54,64,104.9,524.5,65,4,1.19,0.84,1,0.3,0.7,93,36,35,46,7.4,4.7,2.7,1.74,1.6,14.1,6.5847,4.12,148,5.1,109,3.3,115.98,140,356,496,28.23,8.3,191.51,0.9,21.5,236.2,9.1,9.7,3.8,153,14.4,7.55,95,63,99,204
594555,PBCHD10PBP,164971,24/09/2018,11:28,12:43,Light Yellow,Clear,1.021,6.5,Negative,Negative,Negative,Negative,Negative,Normal,Negative,1-3,0,2-3,Few,Nil,NIL,8.7,4.5,37.6,91.6,19,23,12.3,45.2,10663,34,25,3,3,1.4,21.2,1.06,0.22,0.17,0.1,188,9,11,0.29,35.4,1.9,0.16,0.1,4.42,161,51,40.2,14.6,73,136,3.2,0.79,1.27,0.7,0.3,0.4,60,49,19,31,6.9,3.5,3.4,1.03,1.2,8.2,3.8294,3.19,136,4,95,2.8,93.33,267,250,517,51.64,8.7,202.99,0.2,16,223,7.17,7.6,6.3,164,8.1,2.73,79,74,69,153
169179,PBCHD12MHS,505244,24/09/2018,10:41,11:14,Light Yellow,Hazy,1.029,4.3,Trace,Negative,Negative,Negative,Negative,Normal,Negative,7-9,1,1-2,Nil,Nil,NIL,5.7,4.7,52.7,93.9,12,10,12.1,40,10623,54,42,2,8,0,1.51,2.29,0.44,0.35,0.05,368,10.1,15,0.35,21.6,0.5,1.21,0.96,2.02,162,76,79.1,14.5,72.5,95,2.1,1.04,0.96,0.8,0.1,0.7,48,51,33,21,8,3.5,4.5,0.78,1.1,6.7,3.1289,2.84,145,3.8,101,8.4,129.1,74,221,295,25.08,6.3,134.11,0.4,23.4,254,9.21,10,4.1,226,9.9,3.09,102,116,96,274
654593,GYAHD06ODK,672722,27/09/2018,09:04,10:19,Orange,Clear,1.016,4.7,Trace,Negative,Negative,Negative,Negative,Normal,Negative,2-3,1,9-10,Nil,Nil,Parasites,9.3,7.5,45.3,85.3,12,20,12.5,34.8,5282,57,44,3,2,0,1.49,4.13,1.04,0.15,0.05,246,8,13,0.26,13.7,0.1,1.7,0.71,2.43,158,42,71.5,60.5,302.5,127,3.8,1.7,0.59,1.1,0.2,0.9,114,22,37,41,7.4,4.2,3.2,1.31,1.1,18.4,8.5928,7.81,138,4.7,101,5.8,95.64,84,251,335,25.07,6,125.5,0.4,649.3,145.7,445.64,8,3.7,191,6.3,4.81,72,91,107,82
908007,MZLGI10BRC,593054,26/09/2018,07:44,08:17,Straw,Cloudy,1.018,6.2,Trace,Trace,Negative,Negative,Negative,Normal,Negative,45-48,1,2-2,Nil,Nil,NIL,19,4.8,42.7,82.4,39,44,13.3,44.3,7487,55,27,4,15,0,1.23,2.92,0.71,0.03,0.05,427,7.1,13,0.34,15.2,1.6,2.07,0.64,0.16,207,33,80.2,6.8,34,125,6.3,2.43,0.41,0.8,0.2,0.6,92,35,29,18,6.4,4,2.4,1.67,1.1,13.5,6.3045,5.73,141,4.2,97,5.8,96.2,89,275,364,24.45,7.5,168.55,0.1,28.4,168.6,16.84,11.2,4.3,120,10.5,8.64,99,97,120,167
796383,KLTRS12ODB,790234,24/09/2018,10:22,11:36,Red,Slightly cloudy,1.01,6.8,4+,Negative,Negative,Negative,Negative,Normal,Negative,6-7,2,1-4,Nil,Nil,NIL,18.9,5.3,54.7,83.4,35,34,14.9,41.7,7435,31,33,13,5,0,3.94,1.68,0.9,0.05,0.07,312,9.5,20,0.31,15.5,0.2,0.27,0.22,0.26,150,78,81.1,33.4,167,175,1.9,1.04,0.96,0.5,0.2,0.3,53,10,13,23,6.3,4.6,1.7,2.71,1.2,7.7,3.5959,3,146,3.7,106,4.4,73.91,91,350,441,20.63,5.8,119.76,0.2,23,102.2,22.5,10.9,4.3,274,4.6,3.81,90,75,98,91
789794,GYAHD05KAU,177865,27/09/2018,11:38,12:54,Light Yellow,Clear,1.016,6.6,Negative,Trace,Negative,Negative,Negative,Normal,Negative,2-3,2,2-3,Few,Nil,NIL,16.7,8.2,64.4,96,20,25,13,42.2,6922,56,33,8,4,0,4.53,0.7,0.63,0.19,0.12,15,8.4,15,0.45,12.7,0.4,0.08,4.4,0.15,164,30,101.9,7.5,37.5,74,5.5,3.4,0.29,9.6,5.1,4.5,103,75,79,33,7.3,4.1,3.2,1.28,0.6,18.2,8.4994,14.17,140,2.8,96,5.2,98.26,73,344,417,17.51,6.1,128.37,0.1,28.9,92.8,31.14,11.7,2.9,136,9.9,2.14,139,90,107,164
406736,KLTRS10KLP,356859,26/09/2018,10:58,12:18,Pale Yellow,Clear,1.011,6.1,Negative,Negative,Negative,Negative,Negative,Normal,Negative,13-14,2,3-4,Nil,Rare,NIL,12.6,4.2,38.2,80.7,30,32,11.5,42.1,6690,37,34,6,4,0,2.96,1.23,0.73,0.05,0.05,43,6.5,13,0.21,28,4.9,0.36,0.05,0.3,174,42,57.7,54.3,271.5,153,4.1,1.37,0.73,0.3,0.1,0.2,40,42,11,20,6.8,4.1,2.7,1.52,0.6,8.1,3.7827,6.3,149,4.6,103,5.4,118.71,160,260,420,38.1,8,182.9,0.1,174.9,84.2,207.72,8.5,4.5,173,10.5,2.48,108,75,87,294
152091,GYAHD04JHJ,118143,25/09/2018,08:44,10:14,Pale Yellow,Slightly cloudy,1.017,4.9,Negative,Trace,Negative,Negative,Negative,Normal,Negative,36-39,0,3-2,Nil,Rare,NIL,13.3,5.8,36.8,91.2,22,36,14,40.6,5726,51,48,6,12,0,2.38,2.92,0.03,0.1,0.01,392,7.7,17,0.33,17.3,4.1,6.96,0.63,0.42,171,63,95.4,65.7,328.5,92,2.7,1.51,0.66,5.6,1.8,3.8,40,48,20,43,8.2,4.5,3.7,1.22,0.3,12.4,5.7908,19.3,136,4.3,104,5.1,74.59,96,102,198,48.48,5.9,122.63,0.6,12.3,247.2,4.98,11.3,5.5,99,14.9,3.39,106,248,114,171
105937,MZLGI11RJK,562108,25/09/2018,09:33,10:42,Pale Yellow,Hazy,1.027,6.2,Trace,1+,Negative,Trace,Negative,Normal,Negative,5-7,15,14-15,Few,Nil,NIL,11.5,4.2,39.9,95.4,27,28,11.6,43.8,4486,48,29,6,2,0,5.94,6.6,0.84,0.34,0,277,7.1,13,0.48,14.7,0.2,1.57,0.96,0.29,186,50,62.3,21.6,108,74,3.7,1.25,0.8,0.8,0.3,0.5,76,21,32,33,8.2,4.1,4.1,1,0.8,13.1,6.1177,7.65,145,4.9,105,2.2,118.77,115,211,326,35.28,5.9,122.63,1,14.7,65.5,22.44,9.9,2.2,198,11,3.68,144,120,243,114
487017,PBCHD08PBM,945650,24/09/2018,11:32,12:31,Straw,Hazy,1.039,5.9,1+,Trace,Negative,Negative,Negative,Normal,Negative,5-6,1,2-4,Nil,Nil,Mucus threads,10.2,5.1,63.7,69.4,20,16,14.7,37.2,39515,42,18,5,7,2,0.73,0.95,0.66,0,0.1,813,9.9,11,0.21,44,4.5,6.74,0.27,0.28,152,57,77.3,24,120,192,2.7,1.36,0.74,0.3,0.1,0.2,103,48,28,77,6.5,3.6,2.9,1.24,0.8,18.1,8.4527,10.57,144,4.2,83,3.3,111.21,149,345,494,30.16,6.2,131.24,0.9,14.5,459,3.16,9.1,6.2,138,18.6,0.01,70,81,94,69
581211,MZLGI12MHP,298431,25/09/2018,08:11,09:36,Pale Yellow,Clear,1.014,6.8,Trace,Trace,3+,Trace,Negative,Normal,Negative,13-14,1,1-4,Nil,Nil,Yeast cells,10.6,5.7,30.6,82.6,18,34,11.9,43.9,6149,57,29,5,4,0,21.66,4.34,0.79,0.18,0.09,248,9.9,13,0.2,44.9,7.4,0.31,0.37,0.07,167,52,20.2,50.9,254.5,76,3.2,0.39,2.57,1.4,0,1.4,125,39,12,9,7.6,3.9,3.7,1.05,1.2,18.7,8.7329,7.28,151,4,96,8.5,99.48,110,356,466,23.61,6,125.5,0.1,83.6,246.7,33.89,9.6,5.5,133,4.5,1.99,88,87,86,108
124326,PBCHD02RJU,577909,24/09/2018,07:13,08:27,Pale Yellow,Slightly cloudy,1.032,4.9,Negative,Negative,Negative,Negative,Negative,Normal,Negative,3-4,1,1-3,Nil,Nil,Fungal elements,14.6,4.4,45.2,81.4,33,32,13.3,45.1,45208,42,20,6,0,0,5.94,1.83,0.32,0.2,0.03,292,15.8,16,0.18,42.3,0.1,0.62,0.2,0.12,175,52,74.2,15.5,77.5,136,3.4,1.43,0.7,0.6,0,0.6,96,54,31,36,7.6,4.7,2.9,1.62,0.8,18.3,8.5461,10.68,148,3,91,2.4,93.92,71,258,329,21.58,6.2,131.24,0.8,26.1,474.6,5.5,11.4,5.6,184,4.6,0.78,138,67,92,80
703800,MZLGI04RJK,965697,26/09/2018,06:26,07:07,Light Yellow,Slightly cloudy,1.019,6.6,Negative,Trace,Negative,Negative,Negative,Normal,Negative,2-3,2,>20,Nil,Nil,Fungal elements,14.9,4.4,15.4,57.5,33,96,13.6,47.7,9123,33,33,16,10,0,0.57,2.84,0.54,0.33,0.17,224,8,11,0.36,14.8,4.4,0.5,0.22,0.35,173,73,81.7,37.1,185.5,139,2.4,1.12,0.89,0.8,0.1,0.7,123,51,23,48,6.1,5.5,0.6,9.17,1,61.4,28.6738,28.67,121,4.6,100,2.3,106.53,183,352,535,34.21,8.4,194.38,0.6,13.8,136.7,10.1,8.1,4.1,69,19.2,0.38,85,67,62,185
447249,GYAHD14ODK,283621,27/09/2018,09:46,10:58,Light Yellow,Clear,1.019,6.5,Negative,Trace,Negative,Negative,Negative,Normal,Negative,TNTC,2,1-4,Nil,Nil,NIL,14.8,4,39.6,81.7,37,37,14.5,45.9,4127,47,24,1,5,0,3.36,1.86,1.46,0.44,0.03,166,9.4,11,0.61,36.2,2.7,0.1,0.31,2.17,219,77,97.8,51.2,256,123,2.8,1.27,0.79,1,0.3,0.7,98,43,12,11,8.3,4.8,3.5,1.37,0.9,19,8.873,9.86,138,4.2,102,4.6,114.67,137,227,364,37.64,5.9,122.63,1,10,308.9,3.24,9.5,3.5,158,9.9,2.96,102,93,112,150
529827,PBCHD08RJU,928075,23/09/2018,08:42,10:06,Straw,Clear,1.026,5.2,Trace,Trace,Negative,Trace,Negative,Normal,Negative,10-11,4,2-2,Nil,Few,NIL,13.5,4.5,28.6,87.8,30,47,13.8,39,8280,69,47,5,3,0,6.65,2.38,0.43,0.53,0.02,432,6.8,17,0.38,12.6,5.2,0.08,0.37,0.1,124,38,75.6,92.9,464.5,115,3.3,1.99,0.5,0.7,0,0.7,53,12,11,32,8.3,3.6,4.7,0.77,0.7,35.7,16.6719,23.82,137,5.3,99,4.3,93.17,145,254,399,36.34,6.3,134.11,0.5,16.2,223.8,7.24,8.7,5,140,3.5,1.83,200,60,99,124
179467,PBCHD02CGD,873480,27/09/2018,08:24,08:57,Light Yellow,Clear,1.014,4.5,Negative,Trace,Negative,Negative,Negative,Normal,Negative,3-5,0,2-3,Rare,Nil,NIL,17.3,5.9,14.8,58.5,29,116,12.6,42.9,5095,47,22,5,10,0,1.4,1.7,0.57,0.43,0.05,239,11.3,15,0.19,19.1,4.6,0.22,0.18,0.35,508,57,89.8,20.6,103,97,8.9,1.58,0.63,0.7,0.2,0.5,47,12,88,33,6,4.4,1.6,2.75,0.9,28.4,13.2628,14.74,125,4.2,99,5.2,68.75,64,201,265,24.15,9.5,225.95,0.2,27.1,22.2,122.07,9.6,2.6,136,12.7,1.63,93,74,80,116
877795,KLTRS09ODB,493358,23/09/2018,08:26,09:29,Pale Yellow,Clear,1.016,6.6,Negative,Negative,Negative,Negative,Negative,1+,Negative,6-7,1,1-3,Rare,Rare,Parasites,13.5,4.9,53.7,82,27,25,14.2,45.1,46395,75,34,2,4,0.7,0.99,4.01,0.69,0.28,0.03,15,10,18,0.21,30.8,4,0.39,0.04,0.2,165,37,119.9,32.7,163.5,125,4.5,3.24,0.31,0.3,0.1,0.2,124,51,31,28,7.1,4.2,2.9,1.45,0.6,8.9,4.1563,6.93,125,2.2,103,6.2,88.86,160,239,399,40.1,7.8,177.16,2.8,23.6,37.4,63.1,9.3,3.6,86,4.9,3.55,93,107,95,131
701979,PBCHD01NLM,635042,25/09/2018,10:10,10:49,Yellow,Opaque,1.013,4.8,Trace,Trace,Negative,Negative,Negative,Normal,Negative,1-3,56,3-4,Nil,Nil,Parasites,3.1,5.4,26.8,82.5,5,11,13.8,40,10641,35,24,5,5,0.9,9.17,1.06,0.68,0.14,0.08,349,9.4,6,0.22,43.7,1.4,0.37,0.21,3.99,107,52,98,37.8,189,105,2.1,1.88,0.53,0.7,0.1,0.6,64,49,35,48,7.9,3.7,4.2,0.88,0.6,13.4,6.2578,10.43,116,5,99,6.9,118.82,128,196,324,39.51,7.3,162.81,0.3,12.4,72.6,17.08,10.8,5.7,327,5,9.76,70,61,77,120
801752,GYAHD14JHJ,650816,23/09/2018,11:07,11:50,Orange,Hazy,1.011,7,Trace,Negative,Negative,Negative,Negative,Normal,Positive,3-4,2,2-4,Nil,Nil,NIL,10.7,5,50.5,95.4,21,21,12.8,39.8,5761,42,20,1,5,0,2.58,1.63,1,0.09,0.15,326,7.4,19,0.27,38.6,3.7,0.9,0.33,1.5,191,53,75,28.9,144.5,102,3.6,1.42,0.71,0.9,0,0.9,94,21,13,44,7.9,4.4,3.5,1.26,0.8,12.5,5.8375,7.3,144,4.3,98,6,94.89,191,191,382,50,6.1,128.37,0.5,223.8,41.5,539.28,9.8,6.3,102,8.4,1.18,84,117,84,115
309083,PBCHD06PBM,454439,25/09/2018,06:31,08:00,Pink,Clear,1.019,4.8,Trace,Negative,Negative,Negative,Negative,Normal,Negative,4-6,0,2-4,Few,Nil,NIL,13.6,5.2,52.8,92.8,26,25,14.3,41,4481,34,39,3,4,0,5.36,4.73,0.85,0.13,0.12,123,10.8,11,0.38,33.3,0.1,0.02,0.09,0.02,211,55,91.5,103.7,518.5,131,3.8,1.66,0.6,0.5,0.2,0.3,42,17,29,28,6.1,4.6,1.5,3.07,1.2,13.8,6.4446,5.37,148,4.4,104,3.1,118.94,231,315,546,42.31,6.1,128.37,0.3,13.6,133.5,10.19,10.1,2.2,85,4.2,8.21,115,67,69,94
901741,GYAHD03KLM,411843,24/09/2018,11:53,13:18,Light Yellow,Slightly cloudy,1.019,6.4,Negative,Trace,Negative,Negative,Negative,Normal,Negative,1-2,2,>20,Nil,Nil,NIL,15.4,4,58.5,84.4,38,26,13,41.8,9774,50,13,0,2,1.6,5.35,2.47,0.35,0.37,0.05,721,9.7,16,0.42,34.6,2.1,2.23,0.11,2.52,192,48,70.6,25.3,126.5,119,4,1.47,0.68,0.3,0,0.3,211,44,10,47,7.3,4.1,3.2,1.28,0.8,14.4,6.7248,8.41,166,4.3,107,2.3,113.35,200,153,353,56.66,6.2,131.24,0.8,16.9,78.2,21.61,12.5,2.6,197,10.9,3.31,200,89,103,93
202897,PBCHD09MHS,886391,24/09/2018,11:01,11:35,Yellow,Clear,1.015,4.8,Negative,Trace,Negative,Negative,Negative,Normal,Negative,6-7,2,1-4,Rare,Nil,Mucus threads,16.4,4.5,42,90.6,36,39,12.7,45.4,50929,60,41,6,5,0,2.4,1.7,0.88,0.22,0.05,269,11.4,13,0.26,42.8,7,0.09,0.54,0.14,219,52,111.2,20.5,102.5,142,4.2,2.14,0.47,0.7,0.3,0.4,62,37,38,18,6.4,4.2,2.2,1.91,1.2,12,5.604,4.67,145,3.6,96,3.4,103.42,167,173,340,49.12,5.9,122.63,0.8,23,123.7,18.59,9.9,2.3,119,15.1,1.8,133,76,79,94
461310,MZLGI05MHP,813962,26/09/2018,07:53,08:23,Yellow,Hazy,1.018,6.7,Trace,Negative,Negative,Negative,Negative,Normal,Negative,8-9,1,2-3,Nil,Nil,Parasites,8.7,5.6,27.9,77.3,15,31,14.2,41.6,5389,74,39,4,4,0,18.87,2.75,0.96,0.17,0.01,962,13.7,16,0.29,33.3,0.1,3.56,0.56,6.39,162,33,47,43.5,217.5,109,4.9,1.42,0.7,0.5,0,0.5,127,23,34,18,6.2,5.4,0.8,6.75,0.9,7.1,3.3157,3.68,139,3.7,101,6.9,90.87,144,313,457,31.51,6.1,128.37,8,10.2,146.7,6.95,9.2,3.3,155,8.2,2.28,81,124,74,325
878873,PBCHD12KLC,765302,24/09/2018,08:33,09:24,Pale Yellow,Clear,1.013,5.1,Negative,1+,2+,Negative,Negative,Normal,Negative,11-13,1,1-4,Moderate,Nil,Fat droplets or lipiduria,9.7,4.4,57.7,52.7,22,16,13.3,42.3,7280,45,31,2,8,0,4.86,2.76,0.21,0.22,0.01,143,5.2,12,0.22,33.3,2.3,0.29,0.39,0.17,151,56,98.9,13.7,68.5,87,2.7,1.77,0.57,0.5,0.2,0.3,63,56,15,26,6.6,4.9,1.7,2.88,0.9,11.9,5.5573,6.17,135,3.3,95,5.4,114.74,102,266,368,27.72,6.2,131.24,0.8,28.5,24.2,117.77,9.5,2.4,89,9.7,3.35,82,81,118,78
953446,MZLGI06RJK,430952,25/09/2018,06:00,07:24,Light Yellow,Clear,1.026,4.7,Trace,Trace,Negative,Negative,Negative,Normal,Negative,12-13,1,12-16,Nil,Nil,NIL,11.6,4.9,45.2,99.5,23,25,12.5,41.7,40913,58,38,4,4,0,9.9,1.12,0.46,0.05,0.03,231,8.8,17,0.16,32.1,2.2,0.01,0.29,0.17,157,50,80,33.1,165.5,136,3.1,1.6,0.63,0.7,0,0.7,118,62,98,26,6.5,4.1,2.4,1.71,0.6,15.5,7.2385,12.06,143,3,105,6.9,41.75,83,181,264,31.44,6.6,142.72,0.2,20.2,229.3,8.81,9.5,3,170,13.8,1.15,81,90,76,93
797596,PBCHD09PBP,593977,23/09/2018,06:13,07:21,Light Yellow,Clear,1.011,6.1,1+,1+,Negative,Negative,Negative,1+,Negative,11-12,1,>20,Nil,Nil,NIL,14.8,4.3,39.8,41.5,34,37,12.8,44.3,10944,58,43,6,8,0,3.16,3.55,0.29,0.03,0.09,643,8.3,15,0.27,13.4,2.2,0.21,0.11,0.33,150,40,58.3,6,30,108,3.8,1.46,0.69,0.8,0.3,0.5,93,23,22,18,6.7,4.4,2.3,1.91,1.2,18.1,8.4527,7.04,128,4.1,106,3.5,16.48,107,294,401,26.68,6,125.5,0.5,17.9,21.3,84.04,8.9,4,87,16.1,0.43,123,72,91,178
837270,KLTRS13KLP,737157,23/09/2018,06:55,07:42,Deep Amber,Clear,1.012,6.6,Trace,Trace,Negative,Negative,Negative,Normal,Negative,2-3,2,2-2,Nil,Rare,Mucus threads,15.2,4.3,40.2,95,35,37,12.4,42.5,53173,32,42,2,6,0.9,3.88,1.76,0.33,0.98,0.03,172,7.7,13,0.41,48.5,1.8,1.58,0.1,0.15,209,73,43.3,7.8,39,149,2.9,0.59,1.69,0.8,0.3,0.5,123,13,18,12,8.1,4.2,3.9,1.08,0.9,8.9,4.1563,4.62,145,3.7,103,1.3,115.86,92,190,282,32.62,7.1,157.07,0.3,26.8,289,9.27,9.7,2.1,283,21.2,0.19,175,61,92,99
591285,MZLGI15APK,270914,25/09/2018,07:37,08:24,Pale Yellow,Clear,1.016,5.1,2+,Negative,Negative,Negative,Negative,Normal,Negative,9-10,50,2-4,Rare,Nil,Mucus threads,15.5,4.4,63.7,83.2,35,24,10.9,45.6,9671,50,24,2,3,0,1.36,2.84,0.76,0.08,0.09,730,7.2,16,0.21,22.4,3.2,0.04,0.7,0.42,211,59,211.3,8.1,40.5,85,3.6,3.58,0.28,0.8,0.3,0.5,86,56,36,24,7.5,4.4,3.1,1.42,0.8,17.9,8.3593,10.45,135,2.6,103,3.2,38.71,113,253,366,30.87,6.1,128.37,0.1,13,203.7,6.38,10.7,4,182,6,0.56,119,89,116,116
477555,MZLGI09APK,534438,24/09/2018,07:54,08:31,Pink,Hazy,1.019,6.6,Trace,1+,Negative,Negative,Negative,Normal,Negative,TNTC,2,2-3,Nil,Nil,Mucus threads,10.2,5.1,39.9,83.9,20,25,12.5,44.7,6063,73,48,9,6,0,2.64,2.16,0.53,0.26,0.05,370,15.5,13,0.23,19.3,5.7,0.2,2.44,0.12,161,46,108.2,22.5,112.5,174,3.5,2.35,0.43,0.3,0,0.3,99,50,19,28,6.8,3.9,2.9,1.34,0.9,11.3,5.2771,5.86,128,5.9,105,4.6,103.76,203,129,332,61.14,8.8,205.86,0,20.7,137.3,15.08,10.8,3.7,75,7.1,6.9,148,74,81,132
201619,MZLGI06RJK,354428,25/09/2018,09:26,10:26,Straw,Clear,1.011,6.7,Trace,1+,Negative,Negative,Negative,Normal,Positive,8-10,2,1-4,Nil,Nil,Parasites,12.1,4.1,47.6,59.5,29,25,13.2,42.4,2351,75,29,6,2,0,3.45,1.8,0.21,0.63,0.09,343,13.9,16,0.27,24.4,4.8,0.4,0.06,0.12,150,22,58.1,43.3,216.5,97,6.8,2.64,0.38,0.5,0.2,0.3,80,18,24,42,6.4,4.6,1.8,2.56,0.6,237,110.679,184.47,144,4,106,2.4,115.94,103,270,373,27.61,5.5,111.15,0.1,16.7,203.6,8.2,11.3,3.9,85,9.3,1.95,97,87,112,160
319612,MZLGI04APK,988455,26/09/2018,06:13,07:12,Straw,Clear,1.023,7,1+,Negative,Negative,Negative,Negative,Normal,Negative,3-5,1,3-4,Nil,Nil,NIL,16.3,5.3,43.1,86.6,30,37,13.7,45.2,8117,44,29,4,6,0,0.97,2.62,0.5,0.38,0.12,285,13.8,14,0.27,42.9,6.7,0.06,0.12,0.07,226,61,139.3,16.3,81.5,148,3.7,2.28,0.44,0.6,0.1,0.5,122,36,18,33,7.9,4.1,3.8,1.08,0.8,10.4,4.8568,6.07,145,4.7,95,5.9,115.83,148,198,346,42.77,7.7,174.29,0.5,10.8,117.2,9.22,6.4,3.4,84,16.5,1.56,92,114,185,155
505085,MZLGI09MHP,138137,24/09/2018,10:41,11:26,Straw,Clear,1.01,6.1,Trace,Trace,Negative,Negative,Negative,Normal,Negative,4-6,0,3-4,Nil,Nil,NIL,10.5,5.1,50,89.4,20,21,13.7,41.6,10828,47,38,5,8,0,6.5,1.1,1.04,0,0.08,257,7.5,15,0.21,30,1.9,2.18,0.02,5.33,155,63,93,19.1,95.5,141,2.5,1.48,0.68,0.7,0.3,0.4,107,46,34,22,7.7,4.7,3,1.57,1,15,7.005,7.01,100,5.9,95,4.4,106.18,141,249,390,36.15,5.1,99.67,0.5,23.9,39.2,60.97,10.1,4.6,169,4.8,2.03,103,64,193,116
819398,GYAHD06JHJ,628124,27/09/2018,07:20,08:40,Pale Yellow,Clear,1.014,5.8,Negative,Negative,Negative,Trace,Negative,Normal,Negative,9-10,1,3-2,Nil,Nil,NIL,2.2,4.3,48.3,44.8,5,4,14.5,43.1,4112,70,26,24,2,0,9.53,2.09,0.37,0.58,0.01,377,9.9,5,0.17,18.6,1.4,0.13,0.33,0.16,210,52,71.6,29.7,148.5,99,4,1.38,0.73,0.7,0.3,0.4,60,50,21,14,8.2,4.2,4,1.05,1.2,110.7,51.6969,43.08,136,5.8,96,3.3,93.4,113,116,229,49.34,5.4,108.28,0.2,15.8,78.3,20.18,7.7,2.9,141,11.9,0.04,93,105,106,387
570769,PBCHD02RJU,883409,23/09/2018,10:21,10:51,Light Yellow,Clear,1.024,6.4,Trace,Trace,Negative,Negative,Negative,Normal,Negative,80-82,2,3-3,Nil,Nil,NIL,8.6,6.4,63.7,99.8,13,13,12.6,41,5289,45,33,1,6,0,20.63,1.03,0.21,0.3,0.01,258,9.8,16,0.35,14.9,2,4.09,0.22,0.3,132,54,40.9,34,170,92,2.4,0.76,1.32,0.5,0.2,0.3,84,42,31,17,7.1,3.6,3.5,1.03,0.7,13.7,6.3979,9.14,148,3.8,111,5.1,93.39,60,148,208,28.85,7.6,171.42,0.5,16.2,411.3,3.94,9.7,2.9,164,8.2,4.2,186,149,76,74
506888,KLTRS01NLZ,729005,25/09/2018,09:53,11:17,Pale Yellow,Clear,1.012,6.4,Trace,Negative,Negative,Negative,Negative,Normal,Positive,89-91,2,2-3,Nil,Nil,Yeast cells,1.5,3.4,63.5,76.7,4,2,13.1,41.4,10006,45,20,8,7,0,7.05,5.98,0.27,0.23,0.08,314,8.7,15,0.32,24.7,5.1,0.35,0.23,6.27,214,42,57.5,85.3,426.5,195,5.1,1.37,0.73,0.6,0,0.6,340,36,37,22,6.8,4.8,2,2.4,1,54.2,25.3114,25.31,142,4.1,112,3.8,117.17,84,262,346,24.28,5.9,122.63,0.6,10.8,126.1,8.56,11,2.6,325,12.4,1.69,118,62,90,175
262208,KLTRS01TSS,490500,24/09/2018,10:28,10:58,Light Yellow,Slightly cloudy,1.017,4.9,Trace,3+,Negative,Negative,Negative,Normal,Negative,14-15,1,>20,Few,Nil,NIL,9.6,4.7,49.6,87.3,20,19,13.3,33.3,4650,59,39,2,2,0,8.07,3.78,0.99,0.63,0.01,257,7.3,12,0.31,25.5,4.8,0.24,0.16,0.2,200,25,152.4,75.6,378,104,8,6.1,0.16,1.7,0.8,0.9,87,8,11,40,8,5,3,1.67,0.8,12.4,5.7908,7.24,144,3.3,106,3.5,99.64,63,270,333,18.92,6.1,128.37,0.4,12.1,21.6,56.02,8.8,4.2,297,9.2,1.19,88,66,119,251
863999,GYAHD06KLM,604272,23/09/2018,08:23,09:13,Light Yellow,Clear,1.018,4.6,Negative,Negative,Negative,Negative,Negative,Normal,Negative,3-5,0,1-3,Nil,Few,Fungal elements,10.2,7.7,35.1,70.7,13,29,12.2,41,4694,33,31,1,8,0,9.89,2.09,0.32,0.45,0.09,194,11.8,13,0.22,39.4,3.8,0.2,0.04,6.94,187,23,138,77.7,388.5,141,8.1,6,0.17,0.5,0.1,0.4,42,12,23,32,6.3,3.3,3,1.1,0.8,12.4,5.7908,7.24,135,4,95,5,117.75,77,325,402,19.15,6.4,136.98,0.3,145.2,124.5,116.63,10.3,5,94,17.9,5.17,91,68,85,151
381354,GYAHD03ODK,774135,27/09/2018,10:53,11:57,Pink,Slightly cloudy,1.014,4.8,1+,Trace,Negative,Negative,Negative,Normal,Negative,TNTC,1,>20,Nil,Moderate,NIL,4.2,5.9,32.4,91.4,7,12,14.3,45,7132,59,33,23,16,0,4.05,0.31,0.24,0.63,0.05,428,8,19,0.27,33.3,1,0.29,6.92,0.13,226,24,89.6,105.4,527,76,9.4,3.73,0.27,0.6,0.1,0.5,109,92,36,53,7.2,4,3.2,1.25,1.1,19.2,8.9664,8.15,130,3.6,99,5.6,98.85,196,347,543,36.1,6,125.5,0.3,15,235.8,6.36,8.5,5.9,186,12.3,3.2,113,77,82,86
392236,KLTRS10NLZ,384613,25/09/2018,07:07,08:17,Light Yellow,Slightly cloudy,1.012,5.3,Negative,Trace,1+,Negative,Negative,Normal,Negative,4-6,0,14-11,Nil,Nil,NIL,12.5,4.2,51.5,83.4,29,24,12.2,42,7563,54,38,5,24,0,7.23,1.57,0.64,0.39,0.05,145,14.5,16,0.09,20.9,6.7,0.32,1,0.04,193,58,82.5,31.6,158,101,3.3,1.42,0.7,0.5,0.1,0.4,110,32,19,48,7.7,4.6,3.1,1.48,0.8,18.4,8.5928,10.74,139,4.3,92,5.9,113.59,99,343,442,22.4,7.2,159.94,0.7,17.3,61.1,28.31,8.6,4.5,184,14.9,1.18,123,146,76,94
123597,KLTRS09MLT,680734,23/09/2018,08:16,09:31,Straw,Clear,1.018,5.2,Negative,Negative,Negative,Negative,Negative,Normal,Negative,12-13,1,3-3,Rare,Nil,NIL,12.6,4.9,54.3,86.6,25,23,13.3,44.6,10050,37,37,3,3,0,9.71,2.3,0.72,0.33,0.09,373,7.7,15,0.28,17.3,3.9,0.28,0.09,0.13,169,55,85.4,22.4,112,115,3.1,1.55,0.64,0.6,0.2,0.4,82,40,30,14,8.3,4.6,3.7,1.24,1.1,8.1,3.7827,3.44,124,3.2,96,3.9,52.21,81,137,218,37.16,10.1,243.17,0.9,10.6,84.1,12.6,11.4,3.5,269,5.3,2.8,114,98,68,208
994374,PBCHD11CGD,384093,26/09/2018,08:09,09:00,Orange,Clear,1.015,6.7,Trace,Negative,Negative,Negative,Negative,Normal,Negative,14-15,2,3-2,Few,Nil,Fungal elements,11.7,5.1,62.1,72.8,22,18,11.7,28.3,10454,44,33,1,2,0,9.09,4.69,0.35,0.26,0.09,426,15.2,14,0.36,13,4.6,0.16,0.14,0.77,172,41,70.6,22.8,114,139,4.2,1.72,0.58,0.4,0.1,0.3,105,9,32,12,6.9,3.7,3.2,1.16,0.8,19.2,8.9664,11.21,106,4.2,103,4.1,111.04,74,186,260,28.46,6.1,128.37,1,27.9,78.6,35.5,11.5,4.4,178,7.2,0.02,70,60,77,180
834226,MZLGI08RJK,117875,23/09/2018,09:02,10:02,Straw,Clear,1.013,5.7,Trace,Trace,Negative,Negative,Negative,Normal,Negative,10-12,0,>20,Few,Few,NIL,10.2,6.1,41.8,61.8,16,24,12.5,42.1,5835,54,36,1,11,0,6.83,2.42,0.89,0.04,0.07,364,10.4,15,0.38,19,5.8,0.05,0.04,0.31,221,46,93.9,37.8,189,147,4.8,2.04,0.49,0.4,0.1,0.3,45,15,40,15,8.1,4.1,4,1.03,0.8,10.7,4.9969,6.25,148,3,99,5.3,108.07,107,189,296,36.15,7.2,159.94,1,25.8,58.4,44.18,7.9,1.2,302,5.8,0.63,123,94,83,115
506031,GYAHD11JHJ,728459,26/09/2018,09:20,10:44,Light Yellow,Hazy,1.014,6.1,Trace,1+,Negative,Negative,Negative,Normal,Negative,69-74,0,3-3,Rare,Nil,Fungal elements,9.1,5.8,47.5,70.2,15,19,13.9,43.1,8851,69,28,5,5,0,4.8,1.68,1,0.29,0.06,237,9.9,15,0.33,14.6,4.4,0.4,0.35,0.34,197,71,97.7,103.6,518,137,2.8,1.38,0.73,0.5,0.2,0.3,113,77,32,31,7,4.1,2.9,1.41,0.9,18.1,8.4527,9.39,137,2.8,106,5,96.82,149,314,463,32.18,12.9,323.53,0,11.9,144.6,8.23,7.8,2.3,171,10.4,3.95,124,69,95,91
650709,KLTRS09TSS,171428,27/09/2018,10:03,10:51,Yellow,Clear,1.011,5.2,Trace,Negative,Negative,Negative,Negative,Normal,Negative,5-6,1,1-4,Moderate,Nil,Fat droplets or lipiduria,14.3,6.1,39.4,79.6,23,36,14.4,41.5,7592,57,12,21,2,0,4.82,2.64,0.65,0.47,0,772,15.2,10,0.21,17.6,4.5,0.01,0.53,0.13,169,42,139.6,45,225,94,4,3.32,0.3,3.7,1.8,1.9,41,55,87,38,7.5,5.3,2.2,2.41,1,19.6,9.1532,9.15,126,3.5,101,4.1,101.62,111,204,315,35.24,5.9,122.63,0.3,18.6,99.3,18.73,7.9,2.3,170,6.3,3.8,136,71,189,128
375108,PBCHD09GAM,659447,27/09/2018,07:19,08:24,Dark Yellow,Clear,1.014,6.3,Trace,1+,Negative,Negative,Negative,Normal,Negative,10-12,1,1-3,Moderate,Nil,Artifacts,17.2,5.3,61.7,82.6,32,27,13.1,34.3,10258,43,38,2,12,0,6.54,0.14,0.73,0.24,0.04,59,11.4,15,0.19,15.4,1,0.36,0.14,0.46,220,45,70.3,14.1,70.5,114,4.9,1.56,0.64,0.7,0.2,0.5,40,20,15,27,6.4,3.8,2.6,1.46,0.6,8,3.736,6.23,143,4.2,102,5.4,97.42,110,210,320,34.38,6,125.5,0.8,12,47.3,25.37,9.2,4.4,131,5.6,0.4,102,112,114,107
387830,KLTRS01WBD,278293,23/09/2018,08:43,09:32,Yellow,Clear,1.007,4.9,2+,Trace,Negative,Negative,Negative,1+,Negative,2-4,2,2-4,Nil,Nil,NIL,14.7,5.8,52.3,52.3,25,28,13.9,43.1,9601,53,50,4,1,0,8.98,1.83,0.26,0.6,0.06,285,9.2,12,0.5,38.8,3.9,0.16,0.37,3.08,201,58,176.7,66.4,332,66,3.5,3.05,0.33,0.7,0.3,0.4,31,15,35,36,7.8,4.4,3.4,1.29,1,11.7,5.4639,5.46,133,1.8,101,2.1,107.96,161,307,468,34.4,8.4,194.38,0.3,11.4,278.7,4.09,8.9,5.5,276,10.3,3.29,105,77,104,279
157655,PBCHD03PBP,401225,25/09/2018,09:25,10:27,Dark Yellow,Hazy,1.026,4.7,Trace,Trace,Negative,Negative,Negative,Normal,Negative,1-3,0,1-4,Few,Moderate,Amorphous debris,11.9,4.2,59.2,109.6,28,20,13.3,45.7,9347,59,28,4,5,0,5.07,1.42,0.71,0.32,0.1,286,12,17,0.31,33.4,1.1,0.29,0.16,2.67,221,40,82.1,7.6,38,113,5.5,2.05,0.49,0.4,0,0.4,49,40,31,29,6.8,4.6,2.2,2.09,0.8,60.1,28.0667,35.08,138,4,110,4.7,111.4,50,319,369,13.55,5.9,122.63,0.9,15.7,122.4,12.83,9.4,3.2,74,11.1,0.36,77,132,81,60
232477,PBCHD08KLC,347586,23/09/2018,09:11,10:38,Light Yellow,Clear,1.021,6.1,Trace,Negative,Negative,Trace,Negative,Normal,Negative,TNTC,0,2-2,Nil,Nil,NIL,2,5.7,51.1,46.1,3,3,11.8,43.4,2825,35,34,2,6,0,7.15,2.19,0.26,0.45,0.08,75,8.7,15,0.2,24.8,3.8,0.13,0.32,2.11,165,65,71.6,25.5,127.5,63,2.5,1.1,0.91,0.8,0.3,0.5,51,28,14,30,7.3,4.1,3.2,1.28,0.7,7.6,3.5492,5.07,139,4.8,115,3.9,108.4,186,348,534,34.83,7.4,165.68,0.1,17.2,177.1,9.71,9.3,4,344,3.8,0.11,86,70,99,80
241269,MZLGI07RJK,321019,24/09/2018,08:16,08:59,Pale Yellow,Clear,1.01,6.6,Trace,Negative,Negative,Negative,Negative,Normal,Negative,8-10,0,3-2,Nil,Nil,Fat droplets or lipiduria,13.4,5,54.7,78.6,26,24,13.1,27.1,3144,59,32,4,5,0.7,7.76,4.17,0.65,0.31,0,303,7.2,24,0.3,26,1.2,0.93,4.55,0.26,196,24,73.9,32.5,162.5,92,8.2,3.08,0.32,0.5,0.1,0.4,99,22,29,34,6.6,3.5,3.1,1.13,0.8,17.7,8.2659,10.33,148,4.8,104,3.3,24.04,124,193,317,39.12,8.9,208.73,0.3,25.2,222,11.35,10,5.1,74,9.2,0.73,145,154,99,99
968725,KLTRS05NLZ,736276,23/09/2018,09:33,10:59,Deep Amber,Slightly cloudy,1.021,6.6,Negative,Trace,Negative,Negative,Negative,Normal,Negative,6-8,0,>20,Nil,Nil,NIL,13.7,4.7,55.9,85.8,29,24,14.3,40.8,10580,48,32,6,5,0.8,1.41,1.29,1.33,0.34,0.08,189,11.5,17,0.15,16.3,0.7,0.24,0.18,0.4,172,48,108.8,24.2,121,60,3.6,2.27,0.44,0.4,0.1,0.3,121,20,22,45,7,4.7,2.3,2.04,0.6,23,10.741,17.9,140,4,104,6.7,52.17,159,197,356,44.66,7.3,162.81,0.9,624.2,144.4,432.27,9.3,2.2,208,9.3,1.03,70,87,238,98
624679,KLTRS04ODB,119590,26/09/2018,09:56,10:40,Light Yellow,Slightly cloudy,1.001,5,Trace,1+,Negative,Negative,1+,Normal,Negative,TNTC,28,7-17,Nil,Moderate,NIL,13.6,5.1,38.2,89.8,26,35,12.1,45.6,46363,40,44,6,3,0,2.15,0.67,0.25,0.42,0.05,396,12.9,11,0.32,38.5,3.4,0.34,0.76,0.12,406,39,97.3,23.2,116,89,10.4,2.49,0.4,0.9,0.3,0.6,93,46,30,16,7.3,4.9,2.4,2.04,0.8,25.3,11.8151,14.77,143,5.9,96,6.9,98.64,97,346,443,21.9,11.1,271.87,0.1,12.6,86.7,14.53,8.7,3.4,141,18,8,110,76,207,108
382231,GYAHD01KLM,584332,23/09/2018,06:32,07:11,Light Yellow,Clear,1.015,6.3,Trace,1+,Negative,Negative,Negative,Normal,Negative,11-13,1,1-3,Rare,Nil,NIL,8.4,4.6,51.5,89.1,18,16,12.8,42.3,4068,51,26,1,4,0,3.02,0.91,0.38,0.63,0.1,1144,7.1,14,0.34,15.3,1.9,6.57,0.15,0.23,154,51,76.2,17.7,88.5,106,3,1.49,0.67,0.8,0.2,0.6,119,27,34,20,6.7,4.3,2.4,1.79,0.9,23.5,10.9745,12.19,132,3.4,104,3.5,101.5,162,360,522,31.03,6.1,128.37,32.3,18.6,105.9,17.56,10.4,2.7,142,5.4,2.28,173,102,101,176
953630,KLTRS15MLT,931550,26/09/2018,11:07,12:07,Dark Yellow,Cloudy,1.019,4.3,1+,Negative,Negative,Negative,Negative,Normal,Negative,TNTC,1,1-3,Nil,Nil,NIL,14.1,5.3,15.5,74.5,26,90,13.4,42.6,6449,51,37,4,3,0,8.38,4.27,0.42,0.16,0.02,445,6.6,12,0.07,12.5,5.3,0.27,0.25,0.13,203,34,139.6,22.7,113.5,161,6,4.11,0.24,0.6,0,0.6,71,32,38,26,6.6,4.2,2.4,1.75,0.8,19.9,9.2933,11.62,127,4.6,101,5.5,98.56,72,348,420,17.14,8.4,194.38,0.3,101.8,112,90.89,10.5,3.9,139,9,3.17,76,140,94,64
100271,GYAHD06ODK,422007,24/09/2018,11:04,12:26,Yellow,Slightly cloudy,1.016,6.8,Trace,Negative,Negative,Negative,Negative,Normal,Negative,7-9,1,2-3,Nil,Nil,Parasites,15.6,5.8,32.8,89.4,26,47,13.3,43.6,6804,40,25,3,5,0,4.57,3.23,0.04,0.31,0.05,288,11.3,10,0.26,23.5,1.2,1.98,0.24,0.19,174,56,106.8,37.4,187,67,3.1,1.91,0.52,1.3,0.1,1.2,126,21,9,24,7,3.6,3.4,1.06,0.9,16.4,7.6588,8.51,138,3,99,4.2,95.73,119,310,429,27.74,6.6,142.72,0.7,28.4,120.1,23.65,7.7,2.8,198,9.9,3.44,123,98,94,126
977140,PBCHD06CGD,213095,24/09/2018,09:05,10:30,Straw,Slightly cloudy,1.017,5.4,Negative,3+,Negative,Negative,Negative,Normal,Negative,5-7,0,1-4,Rare,Nil,NIL,9.8,4.4,35.8,99.9,22,27,12.1,42.1,9605,70,24,2,10,0.5,1.77,1.89,0.31,0.46,0.19,412,11.5,12,0.24,35.8,1.1,0.14,4.53,6.94,110,21,103.5,17.6,88,140,5.2,4.93,0.2,0.8,0.1,0.7,100,23,32,13,7.5,4.1,3.4,1.21,1,6.5,3.0355,3.04,133,2.5,100,5.4,92.96,156,118,274,56.93,8.9,208.73,0.8,260.1,73.3,354.84,8.6,4.3,140,10,0.55,72,99,98,133
946832,PBCHD04SKM,223716,25/09/2018,11:15,12:43,Yellow,Clear,1.011,5.5,Negative,Trace,Negative,Negative,Negative,Normal,Negative,4-5,0,3-2,Nil,Rare,NIL,11.5,5,49.9,75.7,23,23,14.1,41.9,10082,53,33,6,2,0,0.51,2.13,0.26,0.05,0.07,503,8.7,17,0.34,27.6,5.7,0.16,0.25,0.12,125,48,72.2,12.6,63,178,2.6,1.5,0.66,2.5,1.2,1.3,81,48,24,17,6.5,3.5,3,1.17,0.8,10.6,4.9502,6.19,143,4.5,100,2.4,119.21,122,218,340,35.88,6,125.5,0.5,14,160.2,8.74,11.8,1.9,74,13.2,9.05,77,98,87,157
443424,KLTRS12TSS,153599,23/09/2018,11:12,12:11,Light Yellow,Clear,1.014,4.9,Trace,Trace,Negative,Negative,Negative,Normal,Negative,2-4,0,3-4,Few,Nil,NIL,12.8,5.5,58.2,76.6,23,21,12.7,44.6,2289,68,40,4,8,0,1.25,7.2,0.34,0.45,0.03,222,13.6,15,0.27,19.6,1.9,0.78,0.14,0.05,181,53,88.9,35.6,178,100,3.4,1.68,0.6,1,0.3,0.7,54,52,38,40,6.3,4.1,2.2,1.86,0.8,18.9,8.8263,11.03,139,5.9,101,6.4,93.83,161,137,298,54.03,6.2,131.24,0.4,26.8,80.4,33.33,10.2,4,248,14.6,0.94,76,160,72,242
812644,GYAHD01ODK,944785,25/09/2018,06:11,06:52,Light Yellow,Cloudy,1.028,4.9,Negative,Trace,Negative,Negative,Negative,Normal,Negative,7-9,2,1-4,Rare,Nil,Artifacts,1.6,5.9,57.4,42.1,2,2,14.1,46,7206,48,44,1,8,0,0.59,2.77,0.92,0.22,0.03,991,7.5,11,0.16,28.6,0.1,0.01,0.71,0.36,217,31,94.4,34.2,171,93,7,3.05,0.33,0.7,0.2,0.5,75,34,31,16,6.6,4.6,2,2.3,2,15.5,7.2385,3.62,127,2.9,110,9.5,94.03,61,295,356,17.13,6,125.5,0.6,17.4,82.8,21.01,9,3.7,62,10.8,2.07,94,87,98,243
333809,KLTRS05TSS,238754,27/09/2018,09:20,10:47,Yellow,Slightly cloudy,1.017,6.6,Trace,Trace,Negative,Negative,Negative,Normal,Positive,7-9,0,2-3,Nil,Nil,Mucus threads,15.8,5.8,36.9,72.6,27,42,13.2,27.2,33893,42,37,4,7,0,9.18,1.62,0.72,0.1,0.06,198,17.3,17,0.24,13.6,0.1,0.17,3.95,0.09,236,56,76.6,9.3,46.5,146,4.2,1.37,0.73,1,0.2,0.8,66,18,16,21,7.9,4.4,3.5,1.26,0.7,28.6,13.3562,19.08,115,3.7,96,3.3,101.97,202,354,556,36.33,6,125.5,0.8,22.5,113.2,19.88,10.5,3.5,196,4.7,2.01,100,113,64,82
326164,GYAHD12KAU,185645,23/09/2018,09:51,10:33,Green,Clear,1.015,6.8,Negative,1+,Trace,Negative,Trace,Normal,Negative,11-13,2,2-4,Nil,Few,Artifacts,12.6,5.1,55.9,53.1,24,22,14.1,44.2,6132,38,37,2,1,0,9.23,1.18,0.35,0.35,0.11,335,10.4,12,0.3,30,0.1,0.28,0.11,0.27,177,57,53.6,5.1,25.5,154,3.1,0.94,1.06,0.7,0.2,0.5,78,7,37,37,7.4,3.8,3.6,1.06,0.9,5.7,2.6619,2.96,137,4.1,98,4.7,106.71,72,316,388,18.56,7.4,165.68,0.3,13.1,48.8,26.84,11,3,81,19.5,0.91,212,93,90,125
757469,PBCHD15NLM,918804,24/09/2018,06:56,08:06,Pale Yellow,Clear,1.011,4.9,Negative,Trace,Negative,Negative,Negative,Normal,Negative,1-2,2,2-2,Nil,Few,NIL,12.1,5.5,36.6,114.3,22,33,12.7,39.5,6096,39,33,1,3,0,5.49,2.93,0.64,0.59,0.06,138,13.2,17,0.24,33.4,0.9,0.4,4.64,0.09,167,53,44,7.2,36,110,3.2,0.83,1.2,1,0.3,0.7,71,49,26,38,6.1,4.3,1.8,2.39,1,53.4,24.9378,24.94,143,2.7,100,3.9,111.32,104,286,390,26.67,5.8,119.76,0,20.2,75.5,26.75,8.4,3.2,76,12.5,3.88,99,119,92,85
520960,KLTRS11NLZ,427813,23/09/2018,06:17,07:30,Pale Yellow,Clear,1.016,5.3,1+,Negative,Negative,Negative,Negative,Normal,Negative,4-6,3,2-3,Rare,Nil,Fungal elements,14.4,5.3,45.3,93.9,27,31,14.4,41.8,4627,55,27,21,8,0,4.7,0.34,0.21,0.17,0.02,11,7,14,0.26,33.1,4.8,0.02,0.17,0.21,154,60,67.1,49.1,245.5,117,2.6,1.12,0.89,0.8,0.1,0.7,39,28,10,34,6.5,4.9,1.6,3.06,0.7,16.4,7.6588,10.94,145,3.8,105,4.4,122.2,143,291,434,32.95,9,211.6,0.9,95.6,132,72.42,8.8,5.5,166,3,5.75,90,77,78,267
574184,MZLGI13APK,235644,23/09/2018,10:04,11:28,Light Yellow,Slightly cloudy,1.026,4.5,Trace,Trace,Negative,Negative,Negative,Normal,Negative,11-12,4,2-3,Nil,Nil,NIL,9.6,6.7,22.1,75.2,14,43,12.8,39.3,8785,50,41,1,7,0.7,1.73,3.59,0.75,0.18,0.02,170,14.4,11,0.06,24.1,2.4,0.23,0.11,0.04,189,41,152.9,35,175,125,4.6,3.73,0.27,0.2,0,0.2,85,30,13,26,6.6,3.8,2.8,1.36,0.8,26.8,12.5156,15.64,91,4.8,101,3.8,114,31,169,200,15.5,6,125.5,21.8,26.1,284.2,9.18,11.3,1.6,293,7.4,3.92,72,65,96,131
885868,PBCHD06RJU,942875,26/09/2018,06:45,07:47,Straw,Slightly cloudy,1.015,6.6,1+,Negative,Negative,Negative,Negative,Normal,Negative,13-14,1,3-3,Nil,Nil,NIL,14.3,4.2,53.1,76.4,34,26,13.2,33.5,9762,36,25,5,10,0,1.38,1.94,0.04,0.05,0.04,427,10.7,10,0.06,31.9,0.6,0.07,0.02,0.66,167,58,169.3,65.1,325.5,94,2.9,2.92,0.34,0.3,0,0.3,50,22,24,32,6.7,4.7,2,2.35,1.1,7.5,3.5025,3.18,120,3.7,105,5.7,93.55,165,99,264,62.5,6.1,128.37,0.3,13.6,139.3,9.76,10.1,2.9,283,7,5.23,109,249,82,142
795562,PBCHD04PBP,966427,25/09/2018,07:11,07:45,Pale Yellow,Hazy,1.025,4.8,Negative,Negative,Negative,Negative,Negative,Normal,Negative,87-92,1,1-4,Nil,Nil,NIL,9.4,4.5,41.1,90.1,20,22,15.6,42.3,6092,56,36,2,4,0,1.28,2.21,0.74,0.59,0.06,355,9.5,17,0.65,20.6,1.7,0.11,2.14,0.13,912,46,28.1,17.7,88.5,67,19.8,0.61,1.64,0.8,0.2,0.6,84,50,12,13,6.6,3.4,3.2,1.06,0.9,8.8,4.1096,4.57,144,3.8,98,3.7,60.99,62,347,409,15.16,5.9,122.63,0.6,18.1,75.4,24.01,8.7,2.2,169,12,2.05,163,116,93,276
631016,KLTRS12NLZ,828521,26/09/2018,07:03,07:51,Dark Yellow,Hazy,1.028,6.8,Negative,Negative,Negative,Negative,Negative,Normal,Negative,12-14,5,1-2,Nil,Nil,NIL,11.9,5.2,47.8,93.6,22,24,13,34.4,9674,53,36,2,3,0,1.32,2.83,0.79,0.07,0.02,205,9.5,11,0.19,13.5,4.5,0.12,0.65,0.32,220,44,145.7,16.8,84,79,5,3.31,0.3,7.9,3.9,4,129,18,36,48,6.7,3.7,3,1.23,0.9,5.8,2.7086,3.01,120,4.8,96,3.9,91.44,49,357,406,12.07,5.8,119.76,0.4,10.2,64.9,15.72,8.8,2.9,158,7,2.58,89,113,110,133
431802,KLTRS14TSS,474390,27/09/2018,07:10,08:02,Light Yellow,Slightly cloudy,1.018,6.3,Trace,Negative,Negative,Negative,Negative,Normal,Negative,TNTC,1,2-4,Rare,Nil,Parasites,16.4,4.1,40.5,74.7,40,40,15,40.9,6631,57,30,2,2,0,7.6,0.17,0.21,0.09,0.03,322,16.4,12,0.21,14.3,2.7,2.22,0.32,0.06,169,68,217,9.4,47,127,2.5,3.19,0.31,0.5,0.2,0.3,45,37,11,13,6.7,4.9,1.8,2.72,0.7,29.2,13.6364,19.48,143,4,97,2.3,104.89,161,345,506,31.82,6.1,128.37,0.5,16.2,43,37.67,9.4,2.6,71,22.2,3.2,98,144,64,92
923830,KLTRS06TSS,702044,27/09/2018,06:34,07:16,Straw,Slightly cloudy,1.014,6.1,Trace,Negative,Negative,Negative,Negative,Normal,Negative,TNTC,1,1-2,Nil,Nil,NIL,10.7,4.7,30.8,97.4,22,34,13.3,40.4,53284,49,52,2,8,0,1.62,1.72,0.34,0.42,0.08,405,7.7,10,0.27,25.7,2.4,0.41,0.22,0.2,193,55,88.4,29.6,148,89,3.5,1.61,0.62,0.4,0,0.4,85,33,23,30,6.6,4.6,2,2.3,0.8,14.1,6.5847,8.23,123,4.2,103,5.5,101.52,137,357,494,27.73,8.7,202.99,0.8,157.2,65.2,241.1,11.2,3,137,10.9,1.75,87,72,242,83
265947,PBCHD09RJU,400157,23/09/2018,08:33,09:33,Straw,Clear,1.013,6.8,Negative,Trace,Negative,Negative,Negative,Normal,Negative,11-13,0,>20,Nil,Nil,Yeast cells,16.7,6.8,59.5,88.4,24,28,13.7,42.9,8043,42,45,6,4,0,4.93,2.26,0.65,0.45,0.09,287,13.1,15,0.4,23.5,0.1,0.79,6.96,0.2,154,44,96.6,31.3,156.5,111,3.5,2.2,0.46,0.7,0.1,0.6,127,21,25,26,7,3.7,3.3,1.12,0.8,12.6,5.8842,7.36,125,2,96,3.5,115.24,89,188,277,32.13,8.1,185.77,0.8,12.3,102.8,11.96,9.2,1.9,46,8.3,2.32,75,102,96,80
550725,PBCHD01GAM,294233,26/09/2018,08:22,09:20,Pale Yellow,Clear,1.02,6.8,Trace,Trace,Negative,Negative,Negative,Normal,Negative,9-11,1,1-2,Nil,Nil,NIL,8.3,6,48.3,45.6,13,17,12.8,25.7,9713,32,11,6,8,2,7.78,2.21,0.61,0.18,0.1,391,15.5,25,0.51,17.4,3.7,0.37,0.51,0.37,221,40,144.5,23,115,91,5.5,3.61,0.28,4.5,0.2,4.3,97,15,27,23,8.9,4.9,4,1.23,0.9,18,8.406,9.34,139,3.8,97,1.6,101.12,137,186,323,42.41,5.7,116.89,0.2,25.6,135.1,18.95,10.2,4.7,166,4.7,8.85,104,101,83,136
758528,KLTRS13NLZ,586423,26/09/2018,07:14,08:09,Dark Yellow,Slightly cloudy,1.012,6.7,2+,Trace,Negative,Negative,Negative,Normal,Negative,TNTC,1,>20,Rare,Rare,NIL,6.5,7.7,21.2,80.6,8,30,11.9,45.1,6291,21,32,0,13,0,7.48,1.72,0.56,0.55,0.1,210,11,10,0.49,33.1,6.3,0.28,0.15,3.83,218,26,84.5,14.2,71,67,8.4,3.25,0.31,0.5,0.2,0.3,59,39,10,19,7.2,4.6,2.6,1.77,1.1,10.3,4.8101,4.37,135,3.6,112,4.8,102.28,160,293,453,35.32,5.9,122.63,1,24.4,76.5,31.9,9.5,3.8,143,8.3,8.32,77,76,92,259
230087,MZLGI06APK,390958,27/09/2018,11:13,12:16,Pale Yellow,Clear,1.012,6.3,Negative,2+,Negative,Negative,Negative,Normal,Negative,6-8,1,2-4,Nil,Nil,Fat droplets or lipiduria,8.5,5.1,45.3,77.1,16,18,12.8,39.3,9012,57,46,2,3,0.4,22.81,4.05,0.27,0.11,0.08,291,7.3,17,0.25,21.7,4.6,0.23,0.06,0.24,198,26,72.1,11.6,58,89,7.6,2.77,0.36,2.9,1.4,1.5,73,29,23,34,6,4.4,1.6,2.75,0.6,16.8,7.8456,13.08,148,3.7,106,5.1,113.58,86,295,381,22.57,8,182.9,1,23.8,129.9,18.32,10.3,4.5,159,19.2,3.79,73,93,204,122
725071,KLTRS14MLT,673019,25/09/2018,10:21,11:31,Pale Yellow,Hazy,1.01,6.8,Negative,Trace,1+,Negative,Negative,Normal,Positive,10-12,1,1-3,Rare,Rare,NIL,13.1,7,39,92.9,18,33,13.5,44.2,10582,54,39,6,6,0,0.91,1.25,0.81,0.42,0.06,173,9.2,14,0.24,19.6,2.3,0.25,0.57,2.12,181,27,117.4,34.4,172,183,6.7,4.35,0.23,14.1,9.6,4.5,327,48,24,13,7.7,4.7,3,1.57,1.1,31.4,14.6638,13.33,138,5.7,105,4.2,99.67,99,300,399,24.81,7.7,174.29,0.9,168.2,21.3,789.67,11.7,2.3,281,2.4,2.89,129,61,91,180
203664,KLTRS10ODB,463186,27/09/2018,10:38,11:34,Light Yellow,Hazy,1.026,4.6,3+,Trace,Negative,3+,Negative,Normal,Negative,24-25,2,2-3,Nil,Nil,NIL,8.1,4.3,27.7,96.6,18,29,11.7,43.5,4259,26,18,6,19,0,2.8,1.64,0.52,0.38,0.1,618,8.4,20,0.23,22.7,0.7,0.06,0.99,0.54,185,37,88.8,24.9,124.5,102,5,2.4,0.42,0.9,0.3,0.6,63,12,18,41,7.3,4.3,3,1.43,0.7,14.7,6.8649,9.81,146,3.4,89,6.3,95.99,63,359,422,14.93,6.8,148.46,0.5,18.8,38.2,49.21,9.9,4.8,72,12.3,1.64,93,93,178,194
216686,GYAHD05KAU,314245,23/09/2018,07:35,08:40,Straw,Clear,1.013,4.7,2+,Trace,Negative,Negative,Negative,Normal,Negative,TNTC,1,>20,Nil,Nil,Yeast cells,10.2,4.8,36.2,66.8,21,28,9.2,42.8,9194,44,33,6,16,0,0.44,1.27,0.76,0.54,0.05,129,10.9,17,0.34,25.5,0.1,0.54,0.08,0.98,204,47,115.5,21,105,136,4.3,2.46,0.41,0.3,0.1,0.2,80,34,40,47,6.5,4.9,1.6,3.06,0.8,36.8,17.1856,21.48,139,5.2,115,3.8,91.54,190,355,545,34.86,6.8,148.46,0.3,25.2,244.9,10.29,10.1,5,219,11.4,3.75,72,117,122,118
350054,GYAHD11KLM,441284,27/09/2018,10:13,11:28,Light Yellow,Slightly cloudy,1.029,4.8,2+,Trace,Negative,Negative,Negative,Normal,Negative,1-2,0,2-2,Nil,Nil,NIL,16.5,4.7,50.8,53.9,35,32,10.8,39.5,9890,48,16,2,5,0,8.37,2.53,0.43,0.21,0.1,403,12,14,0.09,45.8,4.8,0.12,0.94,0.29,196,80,96,5.3,26.5,156,2.5,1.2,0.83,0.8,0.2,0.6,42,23,31,36,6.7,4.7,2,2.35,1.2,8.7,4.0629,3.39,135,4.8,99,3.8,116.92,65,360,425,15.29,7.6,171.42,0,27.3,45,60.67,11.4,4.6,94,10.8,11.39,97,127,110,74
894092,MZLGI10MHP,754995,23/09/2018,10:23,11:43,Light Yellow,Hazy,1.011,6.8,Negative,3+,Negative,Negative,Trace,Normal,Negative,53-57,0,2-4,Nil,Rare,Artifacts,15.9,3.3,38.4,99.6,48,41,13.3,41.4,4151,72,39,5,2,10,7.81,2.22,0.28,0.46,0.05,177,6,12,0.34,31,1.9,0.18,0.18,0.11,184,51,50.1,63.1,315.5,183,3.6,0.98,1.02,0.9,0.2,0.7,183,24,18,40,9,4.2,4.8,0.88,0.7,13.9,6.4913,9.27,140,3.8,83,3.8,100.05,124,298,422,29.38,5.8,119.76,0.2,816.7,27.3,2991.58,10,5.1,268,3.7,2.43,74,88,106,63
103562,KLTRS06TSS,675974,27/09/2018,06:04,06:59,Straw,Clear,1.019,6.2,1+,Trace,1+,Negative,Negative,Normal,Negative,11-12,1,2-3,Nil,Rare,Artifacts,14.8,5.6,35.6,74.6,26,41,13.6,44.1,10194,46,44,1,8,0,7.16,2.52,0.52,0.05,0.16,136,8.8,14,0.22,22.3,2.8,0.21,0.6,1,135,51,120.7,34.4,172,123,2.6,2.37,0.42,0.6,0,0.6,59,22,17,36,7.6,3.7,3.9,0.95,1,32.9,15.3643,15.36,148,3.1,97,4.1,81.86,82,345,427,19.2,10.1,243.17,0.4,27.1,232.8,11.64,11.5,4.3,93,10,1.45,76,101,101,104
739683,MZLGI08BRC,516661,25/09/2018,10:33,11:07,Yellow,Slightly cloudy,1.013,4.9,2+,Trace,Negative,Negative,Negative,Normal,Negative,4-6,0,2-3,Nil,Nil,Artifacts,16.1,8.3,36.1,86.7,19,44,12.8,28.6,39725,36,34,4,8,0,4.37,1.36,0.39,0.42,0.08,236,14.5,16,0.23,17.9,3.4,6.58,0.31,0.25,576,73,64.8,31.6,158,110,7.9,0.89,1.13,0.7,0.3,0.4,72,55,29,48,6.5,4.1,2.4,1.71,0.6,67.3,31.4291,52.38,140,4.6,105,5.7,96,161,143,304,52.96,8.5,197.25,0.1,22.3,102.8,21.69,8.6,4.1,160,14.4,1.78,123,70,162,117
303313,KLTRS14MLT,159256,24/09/2018,09:51,10:57,Pale Yellow,Clear,1.01,4.9,1+,Negative,Negative,Negative,1+,Normal,Negative,1-3,0,12-7,Nil,Few,NIL,10.5,5.2,50.8,86.8,20,20,11.8,45.1,7744,47,55,5,7,0,6.67,2.97,0.47,0.06,0.05,124,11.9,11,0.14,24.5,4.8,0.67,3.65,1.03,158,45,172.3,10.8,54,154,3.5,3.83,0.26,0.5,0.2,0.3,105,28,26,43,7.3,4.6,2.7,1.7,1.2,10.7,4.9969,4.16,116,3.7,103,1.1,87.31,122,180,302,40.4,6.2,131.24,0.2,14.3,79.3,18.03,11.1,2.5,109,8,2.7,105,130,100,82
709599,KLTRS14NLZ,501797,25/09/2018,11:28,12:49,Light Yellow,Clear,1.019,4.9,Trace,Negative,Negative,Negative,Negative,Normal,Negative,12-13,1,16-14,Nil,Nil,Fungal elements,15.1,4.1,50.5,93.4,36,29,14,45.1,8611,51,27,2,2,0,4.74,3.03,0.65,0.44,0.01,450,11.7,16,0.2,13,0.1,0.39,0.34,0.22,168,37,109.6,28,140,220,4.5,2.96,0.34,0.5,0.1,0.4,78,11,27,36,7.9,4.1,3.8,1.08,0.7,10.8,5.0436,7.21,125,4.1,85,2.1,106.03,195,351,546,35.71,9,211.6,0.1,27.9,95.9,29.09,8.9,2.5,142,3.8,8.51,103,87,86,169
100757,PBCHD09MHS,532334,25/09/2018,06:12,07:12,Straw,Opaque,1.026,6.9,1+,Negative,Negative,Negative,Negative,Normal,Negative,2-3,0,2-3,Nil,Few,Yeast cells,17.8,4.8,23.1,44.6,37,77,13.3,40.1,3582,48,28,3,3,0,7.88,0.58,0.85,0.34,0.11,673,11.5,28,0.24,16.2,1.5,0.34,0.08,0.24,178,48,70.8,34.6,173,72,3.7,1.48,0.68,0.9,0.3,0.6,83,39,31,32,8.2,4.2,4,1.05,1,13.1,6.1177,6.12,142,5,110,3.6,100.14,128,124,252,50.79,6.1,128.37,9.6,27.1,63.4,42.74,12,3.6,130,4.4,1.82,78,98,83,165
651195,PBCHD13SKM,437773,25/09/2018,07:43,09:00,Pale Yellow,Clear,1.02,5.5,2+,Negative,Negative,Negative,Trace,Normal,Negative,2-3,2,2-2,Nil,Rare,Fat droplets or lipiduria,6.9,5.6,48.6,97.4,12,14,14.4,31.5,12914,51,20,5,2,0,8.72,2.26,0.26,0.21,0.03,357,7.1,16,0.1,39.9,4.9,0.18,0.36,0.82,185,58,46.7,51.4,257,125,3.2,0.81,1.24,0.7,0.3,0.4,118,9,16,28,6.4,4.6,1.8,2.56,1,5.9,2.7553,2.76,146,4.9,101,2.4,37.58,124,177,301,41.2,6.1,128.37,0.2,12.2,65,18.77,9,4.5,115,8.9,0.16,111,77,70,137
593193,GYAHD08ODK,842079,25/09/2018,10:20,11:17,Light Yellow,Slightly cloudy,1.023,7.3,Negative,1+,Negative,Negative,Negative,Normal,Negative,10-12,0,3-4,Nil,Rare,NIL,13.8,5.4,37,90.6,25,37,11.6,42,8124,46,15,4,4,0,0.7,2.77,0.83,0.18,0.02,243,10,14,0.72,34.4,0.8,0.26,0.86,0,156,58,96.5,38.3,191.5,64,2.7,1.66,0.6,0.7,0.2,0.5,121,20,29,27,6.2,3.5,2.7,1.3,0.7,48.2,22.5094,32.16,135,3.7,100,4.9,94.4,120,349,469,25.59,9,211.6,0.3,13.8,125.8,10.97,11.9,2.5,178,9.7,7,73,83,185,148
532432,KLTRS05NLZ,222413,26/09/2018,10:30,11:42,Light Yellow,Hazy,1.029,4.9,Negative,Negative,Negative,Trace,Negative,Normal,Negative,6-7,1,17-16,Nil,Few,Amorphous debris,18.3,5.6,51.8,58.1,32,35,13.6,44.1,7722,49,53,6,4,0.6,4.25,2.39,0.35,0.41,0.02,369,8.7,13,0.25,18.1,3,0.17,0.22,0.37,200,23,169,29.3,146.5,107,8.7,7.35,0.14,1,0.3,0.7,97,50,25,16,8.1,3.6,4.5,0.8,0.9,14.2,6.6314,7.37,142,3.3,98,5.2,78.18,93,127,220,42.27,5.8,119.76,0.5,26.7,67.2,39.73,9.5,2.5,116,6.2,3.66,109,160,122,243
405554,KLTRS03TSS,249221,26/09/2018,07:17,08:08,Pale Yellow,Clear,1.016,7,1+,Trace,Negative,Negative,Negative,Normal,Negative,51-56,2,1-2,Rare,Nil,Fungal elements,13,4.4,38.8,61.7,29,33,13.9,45.9,9173,57,22,6,2,0,9.54,2.13,0.52,0.61,0.08,292,8,14,0.2,35.2,0.1,0.29,0.29,0.01,198,76,57.5,34.9,174.5,149,2.6,0.76,1.32,0.6,0.2,0.4,89,26,29,16,7.6,3.2,4.4,0.73,0.5,17.6,8.2192,16.44,126,4.7,95,4.2,110.04,149,118,267,55.81,8.5,197.25,0,12.9,229.3,5.63,12.8,6.5,194,6.2,2.91,99,60,111,117
961533,KLTRS14WBD,236302,23/09/2018,08:43,10:12,Pale Yellow,Clear,1.01,4.8,Negative,Negative,Negative,Negative,Negative,Normal,Negative,8-10,1,7-8,Nil,Nil,NIL,13.3,5.1,59.5,70.6,26,22,12,37.8,10083,45,45,23,8,0,9.27,2.61,0.08,0.32,0.09,313,11.1,11,0.34,24,3.4,0.18,0.19,0.15,185,48,103.5,34.7,173.5,98,3.9,2.16,0.46,0.9,0.3,0.6,49,21,34,19,8.1,4.3,3.8,1.13,0.9,35.8,16.7186,18.58,138,1.6,99,6.9,113.19,132,253,385,34.29,6,125.5,4.3,17.5,46.2,37.88,9.4,5.5,61,13.5,3.73,97,82,95,144
559361,GYAHD02JHJ,892170,26/09/2018,09:33,10:53,Dark Yellow,Clear,1.012,6.9,Negative,1+,Negative,Negative,Negative,Normal,Negative,8-9,2,2-2,Nil,Nil,NIL,9.2,8.5,52.6,76.2,10,17,13,42.8,10866,52,31,9,3,0,7.78,4.37,0.51,0.27,0.05,84,17.5,25,0.22,35.1,2.5,0.08,0.01,0.16,177,59,80.5,29.2,146,72,3,1.36,0.73,0.9,0.3,0.6,125,45,11,13,6.8,5,1.8,2.78,0.6,18.4,8.5928,14.32,149,3.6,98,4.5,105.96,145,323,468,30.98,6.2,131.24,0.9,16.2,96.4,16.8,7.7,6.2,114,4.4,1.53,82,69,77,127
333964,MZLGI07BRC,523017,24/09/2018,09:02,10:21,Pale Yellow,Slightly cloudy,1.013,5.8,1+,Negative,Negative,Negative,Trace,1+,Negative,9-11,1,>20,Nil,Rare,Fungal elements,14.5,6.5,33.6,97,22,43,14.2,41.5,10945,52,49,1,2,0,4.52,2.5,0.52,0.43,0.03,279,8.4,14,0.39,27.4,7.1,0.74,0.72,0.28,200,61,96.9,36.6,183,126,3.3,1.59,0.63,1,0.3,0.7,126,45,21,81,7.2,3.5,3.7,0.95,1,99.9,46.6533,46.65,142,3.8,96,6.9,84.6,75,136,211,35.55,6,125.5,0.6,16.8,146.2,11.49,10.1,3.4,131,6.1,4.55,72,82,120,69
445719,PBCHD13PBM,288258,24/09/2018,07:33,08:15,Light Yellow,Slightly cloudy,1.012,6.8,Negative,Negative,2+,Negative,Negative,Normal,Negative,64-68,2,1-3,Nil,Nil,NIL,14.9,5.8,39.6,118.4,25,37,14.5,45.2,5396,35,24,4,2,0,1.09,0.75,0.16,0.2,0.05,1194,9.7,13,0.33,27.6,1.5,0.18,0.04,0.37,160,36,90.9,54.5,272.5,120,4.4,2.53,0.4,4.9,2.4,2.5,111,36,25,9,6.4,3.6,2.8,1.29,1,12.7,5.9309,5.93,143,2.6,95,5.9,111.21,71,145,216,32.87,11.6,286.22,9.7,12.1,222.3,5.44,10.6,4.1,66,8.1,3.79,115,83,84,200
782471,MZLGI07BRC,831341,26/09/2018,09:28,10:45,Orange,Clear,1.018,5.3,Trace,Negative,Negative,Negative,Negative,Normal,Negative,7-9,2,3-4,Nil,Nil,NIL,21.1,4.1,49.9,74.6,51,42,11.8,42.1,7633,41,14,3,4,0,4.26,1.15,0.28,0.21,0.03,259,10.1,14,0.33,31.5,0.4,0.26,0.63,0.14,214,53,178.9,36.2,181,184,4,3.38,0.3,0.7,0.1,0.6,90,55,34,45,7.2,3.8,3.4,1.12,1.1,153.8,71.8246,65.3,138,2.8,104,4.5,106.36,149,360,509,29.27,5.8,119.76,2.8,14.4,122.9,11.72,11.9,1.9,123,12,3.24,81,82,83,96
312669,KLTRS10TSS,658068,27/09/2018,08:50,09:31,Pale Yellow,Slightly cloudy,1.011,4.7,Negative,Negative,Negative,Negative,Trace,Normal,Negative,13-14,1,2-2,Few,Rare,Fungal elements,5.7,5.2,30.7,86.7,10,18,14.6,33.2,7953,51,40,2,7,0,0.41,1.75,0.76,0.57,0.04,13,14.9,25,0.21,25,4.2,0.16,0.19,0.04,229,25,126.9,11.9,59.5,62,9.2,5.08,0.2,3.3,1.6,1.7,40,31,16,20,8,4.7,3.3,1.42,0.7,17.7,8.2659,11.81,135,4.2,101,3.2,99.18,101,290,391,25.83,8.8,205.86,0.1,16.6,117.6,14.12,10.3,3.5,247,4.4,1.33,79,70,79,175
836561,GYAHD02KLM,238053,24/09/2018,10:46,11:39,Yellow,Clear,1.04,4.8,Trace,Trace,Negative,Negative,Negative,Normal,Negative,60-65,2,1-3,Nil,Moderate,Parasites,18.7,6.5,36.9,68.7,28,50,11.7,46,8136,31,22,6,25,0.2,18.62,2.02,0.79,0.4,0.06,227,11.4,14,0.57,21.5,2.6,0.18,0.34,0.24,202,40,78.6,8.9,44.5,91,5.1,1.97,0.51,0.8,0.2,0.6,114,35,83,23,7.3,4.4,2.9,1.52,1,22.1,10.3207,10.32,134,4.7,105,5.4,98.39,161,185,346,46.53,7.6,171.42,0.4,14.9,141.2,10.55,12.4,4.5,161,7.6,0.68,97,77,90,270
190772,KLTRS13KLP,274654,25/09/2018,09:34,10:20,Red,Clear,1.028,5.4,Negative,Negative,Negative,Negative,Negative,2+,Negative,34-36,2,1-4,Nil,Nil,NIL,12.9,4.2,33.7,95.4,30,38,15.6,43.5,4320,52,20,5,5,0.9,4.97,4.37,0.5,0.02,0.06,264,11.5,11,0.29,22.1,0.1,0.51,0.28,0.08,153,23,92.4,15.9,79.5,127,6.7,4.02,0.25,0.8,0.1,0.7,82,20,35,29,6.3,4.9,1.4,3.5,1.2,18.2,8.4994,7.08,143,3.6,107,5.3,117.48,136,106,242,56.2,7.7,174.29,0.3,12,126.1,9.52,10.1,4.6,115,9,0.54,103,80,106,133
343204,KLTRS04ODB,820732,24/09/2018,08:59,10:12,Straw,Slightly cloudy,1.02,5.8,Negative,Trace,Trace,Negative,Negative,Normal,Negative,10-11,15,2-2,Nil,Nil,NIL,19.4,8,24.9,95.4,24,77,12.7,45.9,9594,53,28,1,7,0,6.9,1.39,0.59,0.22,0.06,137,10.8,10,0.24,12.2,1.3,0.35,0.39,0.57,140,73,79.3,20,100,153,1.9,1.09,0.92,0.9,0.3,0.6,97,41,39,10,7.8,4.6,3.2,1.44,1.1,35.2,16.4384,14.94,143,3.6,99,2.4,95.53,111,162,273,40.66,6,125.5,0.1,27.3,88.1,30.99,9.7,4.2,63,14.4,2.12,79,86,114,78
136872,GYAHD11KAU,630257,27/09/2018,06:27,07:38,Straw,Clear,1.014,5.4,Trace,Negative,Negative,Negative,1+,Normal,Negative,6-8,0,3-2,Nil,Rare,NIL,5,5.6,46.6,88.2,8,10,11.9,43.7,10275,40,10,20,4,0,15.1,1.11,0.15,0.06,0.05,421,11.2,11,0.35,27.9,1.4,0.19,0.35,0.31,192,39,102.8,26.7,133.5,76,4.9,2.64,0.38,0.9,0.2,0.7,110,26,15,38,8.3,3.8,4.5,0.84,1.2,6.8,3.1756,2.65,137,4.8,100,6.7,113.81,194,353,547,35.47,6,125.5,0.1,12.3,67.3,18.28,10.3,3.9,241,11.6,3.22,154,118,101,71
753540,PBCHD11NLM,997743,27/09/2018,09:38,11:04,Pale Yellow,Hazy,1.013,6.6,Trace,2+,Negative,Negative,Negative,Normal,Negative,6-7,5,1-3,Nil,Nil,NIL,11.6,5.4,37.7,85,21,30,12.2,40.1,5106,34,31,3,2,0,4.68,4,0.05,0.11,0.15,315,12,12,0.35,16,3,0.13,0.28,0.94,197,49,85.2,26.3,131.5,140,4,1.74,0.58,0.6,0,0.6,82,23,25,17,6.4,4.6,1.8,2.56,1.1,6.8,3.1756,2.89,140,3.8,96,2.7,112.3,65,216,281,23.13,6.3,134.11,0.4,12.7,31.7,40.06,10.3,5,158,15.2,3.26,97,98,327,111
844692,GYAHD01KAU,334873,25/09/2018,07:25,08:04,Pale Yellow,Slightly cloudy,1.02,5.5,Negative,Negative,Negative,Negative,Negative,Normal,Negative,6-7,1,3-2,Nil,Nil,NIL,18.6,5.6,58.9,85.5,33,31,14.9,48.2,51240,75,31,4,6,0,6.08,2.49,0.41,0.53,0.11,116,7.5,13,0.13,38.4,0.1,0.34,0.36,0.38,199,47,64.8,11.4,57,91,4.2,1.38,0.73,0.3,0,0.3,288,46,19,21,7.6,2.6,5,0.52,1.2,19.9,9.2933,7.74,142,4.4,110,3.4,36.34,78,249,327,23.85,8.3,191.51,0.7,12.4,113,10.97,9.1,5.1,53,13.2,7.75,72,70,80,238
416632,MZLGI12RJK,653867,27/09/2018,09:20,10:05,Pale Yellow,Slightly cloudy,1.039,4.7,2+,Trace,Negative,Negative,Negative,Normal,Negative,4-5,0,>20,Nil,Few,Amorphous debris,17,5.2,34.3,75.9,32,49,12.1,43.7,7166,32,28,4,2,0.7,5.47,7.31,0.33,0.05,0.09,45,7.3,16,0.38,18.2,1.5,0.11,0.47,0.33,187,80,87.6,32.3,161.5,68,2.3,1.1,0.91,0.5,0.2,0.3,66,41,34,47,8.7,3.7,5,0.74,0.7,8.1,3.7827,5.4,135,3.3,104,2.8,114.26,136,356,492,27.64,6.2,131.24,0.8,16.7,217,7.7,13.1,4.5,237,9.5,5.17,110,137,85,82
897248,PBCHD11RJU,893292,25/09/2018,07:13,08:11,Straw,Hazy,1.016,6.9,Trace,Negative,Negative,Negative,Negative,Normal,Negative,1-3,1,3-2,Few,Nil,Fat droplets or lipiduria,17.3,4.8,53.5,54.6,36,32,16.2,39.8,10873,37,44,3,6,0,4.07,2.63,0.63,0.38,0.07,353,8.9,14,0.26,37.2,1.7,0.09,2.23,3.63,186,46,116.4,19.2,96,108,4,2.53,0.4,0.6,0.1,0.5,68,23,32,15,6.5,4.4,2.1,2.1,0.7,29,13.543,19.35,142,4.1,108,2.2,30.86,189,131,320,59.06,6.3,134.11,0.6,15.3,85.5,17.89,10.9,3.4,88,24.4,1.68,124,80,94,152
971143,KLTRS07KLP,954774,23/09/2018,08:14,08:49,Straw,Slightly cloudy,1.021,6.7,Negative,Trace,Negative,Negative,Trace,Normal,Negative,11-12,1,1-4,Nil,Nil,NIL,15.1,5.7,18.9,96.4,26,79,13.7,40.6,2870,31,32,0,4,0,1.78,1.22,0.33,0.19,0.1,129,11.8,13,0.32,38.4,4,0.06,0.21,0.3,126,68,86.2,38.8,194,154,1.9,1.27,0.79,0.9,0.3,0.6,112,43,19,9,7.9,3.7,4.2,0.88,1.1,11.7,5.4639,4.97,136,4.9,101,3.5,31.82,63,100,163,38.65,6.1,128.37,0.9,10.8,210.5,5.13,9.3,1.5,241,9.2,0.56,99,94,91,175
977157,KLTRS13WBD,358757,26/09/2018,11:20,12:37,Green,Clear,1.013,6.7,Trace,Trace,Negative,Negative,Negative,Normal,Negative,12-13,0,>20,Rare,Nil,NIL,16.4,5.3,33.1,79.7,30,49,13.7,42.2,10464,57,18,6,14,0.4,4.57,1.72,0.51,0.04,0.03,23,9.6,14,0.16,18.5,4.1,0.59,0.93,0.46,217,42,53.3,7,35,147,5.2,1.27,0.79,0.8,0.3,0.5,66,22,13,40,6.3,4.8,1.5,3.2,0.8,13.6,6.3512,7.94,147,4.1,97,2.2,112.62,190,218,408,46.57,5.2,102.54,0.7,13.2,123.9,10.65,11.7,2.1,229,9.4,1.85,83,166,75,315
828292,PBCHD10HPP,899128,26/09/2018,10:01,11:27,Straw,Clear,1.011,5.9,Negative,Negative,Negative,Negative,Negative,Normal,Negative,5-7,2,3-3,Nil,Nil,NIL,18.8,5.7,60,67.3,32,31,14.4,42.6,4472,42,38,2,19,0,6.06,2.62,0.44,0.07,0.08,409,11.9,5,0.33,32.8,4.3,0.13,4.27,0.08,164,56,71.8,14.2,71,168,2.9,1.28,0.78,0.5,0.1,0.4,123,22,33,21,6.6,4,2.6,1.54,1,10.2,4.7634,4.76,146,3.9,107,5.1,65.67,166,358,524,31.68,6.2,131.24,0.2,17.8,83.8,21.24,9.5,3.3,129,4.9,1.69,98,91,91,114
642916,MZLGI15APK,707604,27/09/2018,09:07,09:41,Light Yellow,Clear,1.017,6.7,Negative,Negative,Negative,Trace,Negative,Normal,Negative,6-7,0,2-3,Rare,Nil,NIL,11.4,5.6,45.4,69.2,20,25,12.4,39.9,3562,41,24,1,3,0,1.4,1.87,0.61,0.12,0.04,61,11.4,13,0.27,21.7,0.3,0.09,0.25,0.01,164,43,178,37.1,185.5,144,3.8,4.14,0.24,0.7,0.3,0.4,95,36,26,18,7.6,3.6,4,0.9,0.6,17,7.939,13.23,140,4.2,97,4.8,115.19,93,282,375,24.8,6.2,131.24,0.4,16.1,25,64.4,8.9,3.7,76,16.2,0.66,101,94,105,65
524545,KLTRS14ODB,728312,24/09/2018,10:55,11:38,Straw,Cloudy,1.012,6.6,Negative,Trace,Negative,Negative,Trace,Normal,Negative,8-9,1,3-4,Rare,Rare,Artifacts,15.1,5.3,52.9,99.4,28,28,12.1,49.1,8570,60,32,5,4,0,5.27,2.19,0.56,0.31,0.08,324,13.3,12,0.33,19.4,4.5,0.45,0.18,0.18,219,46,139.9,38.6,193,154,4.8,3.04,0.33,0.6,0.1,0.5,47,7,30,39,7.8,3.7,4.1,0.9,0.9,8.1,3.7827,4.2,123,4,102,4.6,91.79,164,176,340,48.24,8,182.9,0.6,26.8,40.1,66.83,9.9,5.4,164,9.5,4.74,87,89,76,191
343689,PBCHD03RJU,235531,26/09/2018,11:44,12:53,Light Yellow,Slightly cloudy,1.015,6.6,Trace,2+,Negative,Negative,Negative,Normal,Negative,13-14,4,1-4,Nil,Nil,NIL,9.9,4.7,10.6,104,21,93,11.9,41.9,5189,67,27,2,8,0,6.97,2.05,0.14,0.09,0.04,162,7.1,6,0.36,13.7,5.3,0.1,0.49,0.06,233,52,85.9,62.6,313,194,4.5,1.65,0.61,0.3,0,0.3,44,37,21,8,7.8,3.6,4.2,0.86,1.1,17,7.939,7.22,145,3.7,99,1.3,116.01,73,212,285,25.61,8.1,185.77,0.6,15.8,53.5,29.53,7.8,2.9,85,12.2,0.81,114,114,99,264
367114,GYAHD15KLM,343213,23/09/2018,09:27,10:48,Yellow,Clear,1.016,4.6,Trace,Negative,Negative,Negative,Negative,Normal,Negative,10-12,0,2-2,Nil,Rare,NIL,15,5.5,33.8,95,27,44,12.5,43.2,4685,75,30,1,9,0,3.16,3.21,0.1,0.38,0.01,168,7.1,11,0.23,19.5,4.1,0.02,0.25,0.75,193,46,88.8,63.1,315.5,68,4.2,1.93,0.52,0.8,0.2,0.6,43,18,11,21,7.1,4.7,2.4,1.96,1.2,19.8,9.2466,7.71,149,5,95,2.4,119.27,81,209,290,27.93,7.9,180.03,0,11.6,112.5,10.31,10.3,2.4,203,18.7,12.65,85,72,125,128
417137,GYAHD01JHJ,893943,27/09/2018,11:37,12:55,Pale Yellow,Slightly cloudy,1.017,5.9,Trace,Trace,Negative,Negative,Negative,Normal,Positive,81-86,2,3-2,Nil,Nil,Artifacts,15.3,7.2,34.3,93.4,21,44,10.8,44.5,7596,31,35,4,2,0,1.29,0.51,0.79,0.51,0.02,64,10.9,20,0.15,32.4,1.1,0.09,0.34,0.03,201,72,119.8,10.7,53.5,133,2.8,1.66,0.6,0.5,0.2,0.3,124,22,10,106,8.2,4.7,3.5,1.34,0.8,13.4,6.2578,7.82,135,2.8,98,3.8,32,200,180,380,52.63,8.8,205.86,0.4,14.7,102.3,14.37,10.3,3.6,102,15.1,7.34,109,291,106,152
912542,KLTRS10TSS,212904,23/09/2018,09:36,10:30,Light Yellow,Clear,1.013,7.5,Negative,Trace,Negative,Negative,Negative,Normal,Negative,7-8,11,1-4,Nil,Nil,Artifacts,7.8,5.4,47.3,97,14,16,13.9,44.4,5076,55,38,4,5,0,8.64,0.4,1.28,0.55,0.07,65,11.3,17,0.07,34.6,2.7,0.03,0.15,0.33,189,39,118.8,12.6,63,190,4.8,3.05,0.33,0.8,0.3,0.5,62,31,13,28,7.3,4.1,3.2,1.28,0.6,18.9,8.8263,14.71,146,4.9,92,3.1,51.34,165,287,452,36.5,5.9,122.63,0.5,15.8,171.3,9.22,8.1,4.2,180,4.8,3.58,70,67,77,94
329360,MZLGI12BRC,610352,25/09/2018,07:53,08:26,Light Yellow,Hazy,1.018,7,Trace,Negative,Negative,Negative,Negative,Normal,Negative,11-12,1,3-2,Few,Few,Yeast cells,21,5.4,52.9,118,38,39,13.3,40.6,9311,45,17,4,7,0,6.96,1.53,0.53,0.32,0.02,318,10.9,11,0.36,19.9,3.3,6.2,0.88,0.19,159,64,91.8,17.9,89.5,148,2.5,1.43,0.7,0.5,0.2,0.3,68,26,35,46,8.2,4.1,4.1,1,0.8,9.2,4.2964,5.37,124,4.7,95,4,90.92,185,227,412,44.9,8.4,194.38,0.9,12.7,29.2,43.49,10.5,2.8,163,9.3,0.89,105,296,72,115
176883,KLTRS13TSS,695542,27/09/2018,08:41,09:35,Yellow,Clear,1.018,6.8,1+,Negative,Negative,Negative,Negative,Normal,Negative,12-13,0,2-4,Nil,Rare,Parasites,17.2,5.6,52,55.8,30,33,10.4,39.4,5384,50,14,4,4,0,1.22,2.98,0.39,0.11,0.03,396,7.7,15,0.37,12.1,1.9,0.27,0.29,0.25,562,43,85.1,60.9,304.5,171,13.1,1.98,0.51,0.5,0.2,0.3,51,29,14,31,7,4.9,2.1,2.33,0.9,11.3,5.2771,5.86,136,4,106,3.3,104.5,152,240,392,38.78,6.1,128.37,0.7,12.8,127.1,10.07,9.5,6.9,343,10.4,3.46,72,90,96,358
628761,GYAHD12JHJ,840573,24/09/2018,09:17,10:42,Orange,Slightly cloudy,1.012,6,Negative,4+,Negative,Trace,Negative,Normal,Negative,3-4,1,2-2,Nil,Nil,Fungal elements,15.8,4.2,58.1,80.2,37,27,13.1,40.4,7251,50,47,6,2,0,3.18,1.18,0.48,0.64,0.08,396,11.6,10,0.2,21,4.3,1.34,0.35,0.27,184,55,98.7,9.8,49,85,3.3,1.79,0.56,0.9,0.2,0.7,79,8,18,29,7.8,4.4,3.4,1.29,0.8,17.4,8.1258,10.16,118,4.9,88,4.7,97.14,102,264,366,27.87,5.7,116.89,0.6,18.7,218.8,8.55,8.9,3.9,169,4.6,6.11,124,195,89,139
520608,MZLGI12MHP,174799,25/09/2018,11:11,11:45,Pale Yellow,Clear,1.016,6.5,Trace,Trace,Negative,Negative,Negative,Normal,Negative,8-10,0,1-4,Few,Nil,NIL,8.4,4.7,51.4,50.4,17,16,13.7,43.4,9581,74,35,2,8,0,8.28,2.13,0.25,0.03,0.05,191,10.3,15,0.28,16.4,4.1,0.08,0.28,0.4,215,38,80.8,47.3,236.5,77,5.7,2.13,0.47,9.3,4.8,4.5,52,54,15,37,6.1,3.7,2.4,1.54,1.2,15.4,7.1918,5.99,121,5.9,96,4,99.57,70,161,231,30.3,5.9,122.63,0.2,12.8,88.5,14.46,11.1,2.2,69,7.6,2.86,118,69,122,369
769520,MZLGI05BRC,982840,25/09/2018,08:46,09:46,Light Yellow,Slightly cloudy,1.011,5.8,Trace,2+,Negative,Negative,Trace,Normal,Negative,2-4,1,1-4,Rare,Rare,NIL,7.2,7.9,35,85.2,9,20,13.7,32.5,18327,33,38,6,11,0,3.47,2.89,0.3,0.4,0.04,100,7.2,15,0.3,13.2,0.1,0.22,0.35,0.03,203,44,81.7,9.1,45.5,137,4.6,1.86,0.54,0.5,0.2,0.3,121,18,35,31,5.6,3.5,2.1,1.67,0.7,17.2,8.0324,11.47,146,4.6,103,2.7,92.33,193,226,419,46.06,6,125.5,1,20.7,89.9,23.03,10.1,2.2,164,3.7,0.12,181,90,82,138
485351,KLTRS01NLZ,507943,25/09/2018,11:48,13:13,Deep Amber,Clear,1.019,6.8,Trace,1+,Negative,Negative,2+,Normal,Negative,4-5,2,3-2,Nil,Nil,NIL,9,5.8,60.9,70.8,15,14,13.8,39,9371,66,10,5,8,0,1.84,0.37,0.69,0.08,0.04,247,8.6,15,0.37,12.1,0.8,0.25,0.73,0.33,204,33,81.6,84.6,423,150,6.2,2.47,0.4,2.5,1.2,1.3,63,40,27,47,6.5,3.9,2.6,1.5,0.5,16.5,7.7055,15.41,136,3.9,107,6.5,103.71,151,261,412,36.65,6.3,134.11,1,16.5,73.4,22.48,10.5,4.2,168,5.2,2.57,95,108,103,280
256210,GYAHD04JHJ,806573,23/09/2018,11:18,12:27,Light Yellow,Slightly cloudy,1.012,5.4,Trace,Negative,Negative,Negative,Negative,Normal,Negative,2-4,0,1-2,Rare,Rare,Amorphous debris,9.5,5.2,47,64.8,18,20,13.1,41.3,8466,43,17,1,12,0,12.29,1.41,0.39,0.02,0.18,420,8.3,20,0.37,26.6,2.4,0.08,0.22,0.33,207,48,150.9,7.2,36,172,4.3,3.14,0.32,0.4,0.1,0.3,53,50,14,16,7,3.8,3.2,1.19,1.2,45.7,21.3419,17.78,132,5.6,103,6.5,40.46,95,192,287,33.1,6.2,131.24,0.9,27.1,102.4,26.46,10,2.3,119,6.8,7.02,135,122,241,112
541797,MZLGI08BRC,266762,27/09/2018,09:37,10:14,Straw,Hazy,1.011,5.8,Negative,Negative,Negative,Negative,Negative,Normal,Negative,14-15,1,3-3,Rare,Nil,Fat droplets or lipiduria,11.3,5.6,31.4,89.1,20,35,13.8,42.4,49816,58,30,3,5,0,3,0.38,0.77,0.17,0.21,402,7,16,0.52,18.6,0.7,0.29,0.82,2.59,107,55,82.2,66.7,333.5,144,1.9,1.49,0.67,2.3,0,2.3,57,30,37,28,8.1,4.9,3.2,1.53,1,16.8,7.8456,7.85,144,2.5,99,2.8,118.55,105,294,399,26.32,5.9,122.63,0.2,10.8,108.4,9.96,10.3,4.9,251,4.9,0.7,72,69,120,131
352676,MZLGI11BRC,139917,24/09/2018,08:26,09:51,Pale Yellow,Clear,1.019,6.8,1+,Negative,Negative,Negative,Negative,Normal,Negative,9-10,1,1-3,Moderate,Rare,Parasites,21.7,4.9,44.4,80.1,44,48,12.7,29.1,23043,46,45,9,3,2.5,8.65,2.61,0.46,0.3,0.07,355,11.8,15,0.36,36,4.8,0.08,0.32,0.16,190,49,79.5,26.1,130.5,83,3.9,1.62,0.62,0.2,0,0.2,50,15,24,12,5.9,4.5,1.4,3.21,0.9,11.5,5.3705,5.97,145,5.2,101,2.7,108.54,98,172,270,36.3,8.7,202.99,0,149.1,240.1,62.1,10.3,3.4,118,12.2,1.2,122,65,79,175
153031,KLTRS02TSS,162333,27/09/2018,11:16,11:51,Light Yellow,Clear,1.018,7,Trace,Negative,Negative,Negative,Negative,Normal,Negative,10-12,1,1-4,Rare,Nil,Yeast cells,16.4,4.1,24.3,87.4,40,67,11.4,45.4,5243,39,37,3,5,7.7,3.15,2.61,0.7,0.01,0.09,82,11.6,16,0.07,24.2,4.2,0.28,2.38,0,165,41,218,35.9,179.5,101,4,5.32,0.19,0.4,0,0.4,97,21,30,24,7.6,3.9,3.7,1.05,1.2,12.5,5.8375,4.86,144,4.8,108,3.1,113.74,89,138,227,39.21,8.6,200.12,0.4,16.5,237.9,6.94,9.7,4.1,170,12.5,8.77,76,95,101,112
143032,PBCHD04HPP,372114,24/09/2018,10:20,11:42,Straw,Slightly cloudy,1.018,6.7,Negative,Negative,Negative,Negative,Trace,Normal,Negative,13-15,0,1-3,Nil,Moderate,Fungal elements,15.9,5.1,48.2,81.3,31,32,12.3,43.3,9730,54,13,1,4,0,8.59,1.86,1.08,0.03,0.35,276,7.4,12,0.43,15.5,6.1,0.35,6.4,0.17,144,61,98.3,47.1,235.5,82,2.4,1.61,0.62,4.7,2.3,2.4,67,23,17,24,6.2,4.8,1.4,3.43,1.2,15,7.005,5.84,123,4.5,101,3.1,90.05,128,324,452,28.32,6.3,134.11,0.6,22.1,41.1,53.77,8.8,1.9,177,10.5,1.47,80,266,73,101
469453,KLTRS06TSS,167268,26/09/2018,10:17,10:57,Light Yellow,Clear,1.012,6.2,Trace,Negative,Negative,Negative,Trace,Normal,Negative,10-12,2,3-3,Nil,Nil,NIL,16.8,5.1,61.4,72.5,32,27,13.2,49.4,7972,61,36,2,3,0,3.48,1.64,0.42,0.41,0.05,198,11.9,21,0.24,16.3,0.6,0.24,0.36,0.07,176,34,95.7,91.7,458.5,98,5.2,2.81,0.36,0.9,0.3,0.6,113,53,17,29,6.6,3.9,2.7,1.44,0.3,5.1,2.3817,7.94,138,3.3,96,2.2,95.8,137,324,461,29.72,5.7,116.89,0.8,17.8,162.2,10.97,9.7,3.5,215,6.8,1.26,76,98,86,96
146315,PBCHD15KLC,490251,27/09/2018,07:56,08:47,Yellow,Slightly cloudy,1.009,4.9,Trace,Negative,Negative,1+,Negative,Normal,Negative,12-14,3,3-4,Nil,Nil,NIL,12.7,4.3,32.1,48.8,29,39,11.5,42,7654,55,24,2,7,0,1.39,1,0.52,0.37,0.03,318,16.2,12,0.32,21,2.2,2.52,3.48,0.31,233,41,108.3,41.1,205.5,121,5.7,2.64,0.38,0.4,0,0.4,105,19,21,45,7.5,4.6,2.9,1.59,0.7,10,4.67,6.67,145,2.2,104,3.4,108.98,66,253,319,20.69,5.7,116.89,0.2,11,208.6,5.27,11.4,5.2,90,8.2,1.66,106,81,122,122
798971,GYAHD10ODK,753607,27/09/2018,06:34,07:44,Pale Yellow,Slightly cloudy,1.027,6.6,Negative,Trace,Negative,Negative,Negative,Normal,Negative,20-25,0,2-4,Few,Nil,Artifacts,10.6,6.9,49,86.4,15,21,14,41,7671,49,25,6,7,0,0.95,4.86,0.97,0.35,0.07,168,9.4,11,0.26,40.6,2.3,0.48,3.22,3.62,176,58,111,60.4,302,140,3,1.91,0.52,0.7,0,0.7,83,12,15,43,8.1,3.8,4.3,0.88,1.1,14.9,6.9583,6.33,143,3.4,106,11.7,117.18,183,216,399,45.86,5.3,105.41,0.7,179.6,70.8,253.67,7.7,2.1,67,11.9,2.26,121,78,178,75
866879,MZLGI04APK,819011,24/09/2018,06:13,06:45,Yellow,Clear,1.015,4.7,Trace,3+,Negative,Negative,Trace,Normal,Negative,TNTC,0,1-3,Nil,Nil,Fat droplets or lipiduria,21.3,4,47.2,94.7,53,45,12.2,48.2,4637,23,30,2,5,11.4,7.09,1.51,0.61,0.23,0.01,147,11,16,0.56,32,4.8,0.49,0.29,0.06,185,51,76,5.8,29,118,3.6,1.49,0.67,0.7,0.1,0.6,81,23,22,7,5.4,4.3,1.1,3.91,0.7,11.5,5.3705,7.67,137,5,105,5.7,65.65,162,232,394,41.12,8.1,185.77,0.8,11.3,78,14.49,11,3.9,126,2.3,2.73,287,106,76,116
523503,MZLGI09GJS,713096,24/09/2018,09:17,10:18,Pale Yellow,Clear,1.018,4.9,Trace,2+,Negative,Negative,Negative,Normal,Negative,2-4,7,2-3,Nil,Nil,Fat droplets or lipiduria,16.9,4,41.9,77.6,42,40,9.8,40.7,6878,38,35,1,3,0,0.87,2.23,0.73,0.36,0.15,178,15.3,14,0.2,12.7,2.6,0.33,0.19,0.28,487,40,72,28,140,204,12.2,1.8,0.56,0.7,0,0.7,96,43,31,34,7.2,4.2,3,1.4,1,9.1,4.2497,4.25,144,4.8,97,3.5,116.63,156,354,510,30.59,5.9,122.63,0.4,22.9,121.5,18.85,9.8,2.6,102,12.3,3.6,93,120,76,236
859019,MZLGI05APK,831934,24/09/2018,08:13,08:55,Straw,Clear,1.018,6.9,Negative,Trace,Negative,Negative,Negative,Normal,Negative,11-12,39,3-3,Moderate,Nil,NIL,15,6.7,49.2,83.7,22,30,16.2,40.2,9905,33,36,6,7,0,6.76,2.97,0.86,0.1,0.19,436,13,15,0.34,22.5,2.1,0.21,4.54,0.2,219,41,72,36.9,184.5,83,5.3,1.76,0.57,0.7,0.3,0.4,188,8,37,70,7,4.2,2.8,1.5,1.2,18.3,8.5461,7.12,146,4,106,3.5,113.82,167,114,281,59.43,8.2,188.64,0.1,95.4,95.2,100.21,11.1,2.5,80,7,5.48,120,117,121,101
143079,GYAHD15JHJ,297667,27/09/2018,10:18,10:50,Pale Yellow,Clear,1.013,5.9,Negative,Trace,1+,Negative,Negative,Normal,Negative,14-15,0,3-2,Nil,Nil,Artifacts,13.4,4.4,33.8,82.6,30,39,11.7,41.9,6458,31,49,1,3,0,3.28,3.77,0.97,0.01,0.02,336,8.9,13,0.31,22.8,2.7,0.39,0.24,0,156,57,91.9,104.1,520.5,104,2.7,1.61,0.62,0.7,0.3,0.4,88,30,78,38,6.6,4.3,2.3,1.87,0.7,8.6,4.0162,5.74,141,3.1,103,4.9,107.12,137,335,472,29.03,5.9,122.63,0.5,20.6,78.1,26.38,10.7,4.9,299,11.5,3.73,75,128,210,137
281427,PBCHD12HPP,295427,25/09/2018,10:40,11:30,Pale Yellow,Clear,1.393,4.7,Trace,Trace,Negative,Negative,Negative,Normal,Negative,12-14,0,3-4,Nil,Nil,NIL,14.7,2.4,46.2,48.2,61,31,13.8,42.9,9428,52,13,4,3,0,5.62,2.75,0.93,0.12,0.07,227,8.9,12,0.39,35,4.6,0.52,0.31,0.27,672,31,143.4,86.1,430.5,63,21.7,4.63,0.22,0.7,0.3,0.4,123,55,28,23,6.8,3.7,3.1,1.19,0.8,18.8,8.7796,10.97,142,4.9,107,5.3,113.1,60,133,193,31.09,6.3,134.11,0.9,190.9,83,230,8.6,3.2,126,2.7,3.04,87,73,84,84
583786,MZLGI06RJK,857989,23/09/2018,08:51,09:44,Yellow,Clear,1.012,6.8,Negative,Negative,Negative,Negative,Negative,Normal,Negative,5-7,1,2-3,Nil,Nil,NIL,9.1,4,55.3,85.5,22,16,14.1,47.3,10437,46,40,3,3,0,1.31,1.16,0.97,0.23,0.03,229,11.8,14,0.27,13.3,4.7,0.13,0.26,0.69,192,46,55.7,17.8,89,173,4.2,1.21,0.83,0.4,0.1,0.3,63,49,30,30,7.8,4.1,3.7,1.11,0.7,12.7,5.9309,8.47,122,4.7,97,5.7,117.41,111,238,349,31.81,6.1,128.37,27.3,24.9,67.3,37,8.5,3.7,198,12.4,0.26,75,78,113,84
581526,GYAHD07KLM,100090,25/09/2018,09:33,11:02,Dark Yellow,Slightly cloudy,1.008,6.8,Trace,1+,Negative,Negative,Negative,Normal,Negative,3-5,1,1-4,Nil,Nil,Amorphous debris,13.5,3.3,31.6,71.7,40,42,13.8,39.3,7808,11,48,2,6,0,2.63,2.83,0.3,0.06,0.07,174,9.6,18,0.58,14,1.8,0.14,0.27,0.36,237,40,75.9,14.9,74.5,188,5.9,1.9,0.53,1,0.3,0.7,312,33,40,15,5.9,4.6,1.3,3.54,0.8,15,7.005,8.76,130,4.9,99,2.3,104.62,198,205,403,49.13,5.9,122.63,0.6,26.7,280.4,9.52,11.7,2.8,194,11.6,2.45,138,97,108,108
782988,KLTRS02ODB,339926,26/09/2018,10:50,11:24,Light Yellow,Clear,1.011,6.1,Trace,Trace,Negative,Negative,Negative,Normal,Negative,9-11,0,2-2,Nil,Nil,Artifacts,16.7,4.9,42.2,77.4,34,39,12.4,43.7,6886,57,34,0,6,0,14.73,1.74,0.66,0.22,0.11,136,9.9,17,0.55,19.9,1.6,0.3,0.33,2.76,189,45,92.1,10.4,52,110,4.2,2.05,0.49,0.6,0,0.6,40,41,39,14,7.3,3.9,3.4,1.15,0.7,28.5,13.3095,19.01,98,2.9,72,6,99.12,149,208,357,41.74,5.9,122.63,0,26.4,69.5,37.99,8.3,4.8,134,3.7,1.29,121,62,71,120
619256,PBCHD06HPP,925206,27/09/2018,06:45,07:19,Straw,Clear,1.015,6.7,1+,Negative,Negative,Negative,Negative,Normal,Negative,56-60,0,2-3,Nil,Nil,NIL,2.2,6.5,51.7,97.6,3,4,9.3,25.1,9263,70,35,9,8,0,2.57,7.56,0.75,0.01,0.05,193,10.1,17,0.37,19.9,3.8,0.09,2.96,6.02,120,22,85.3,8.4,42,116,5.5,3.88,0.26,0.8,0.2,0.6,126,28,31,12,6.3,4.6,1.7,2.71,0.8,14.9,6.9583,8.7,142,5.7,101,3.8,111.75,95,251,346,27.46,5.9,122.63,0.5,15,124.1,12.09,10.2,4.6,157,5.8,0.57,185,185,75,199
516473,PBCHD06CGD,549236,23/09/2018,08:33,10:01,Red,Clear,1.011,6.8,Negative,Negative,Negative,2+,Negative,Normal,Negative,5-7,2,1-4,Nil,Nil,NIL,14.5,4.8,45.1,96.4,30,32,11.5,42.9,5737,37,20,2,8,5.1,8.64,2.68,0.59,0.46,0.04,229,13.1,21,0.68,22.1,0.1,0.31,0.04,5.32,423,68,126.5,108.8,544,79,6.2,1.86,0.54,0.5,0.2,0.3,108,13,28,15,7.5,3.9,3.6,1.08,1,16.2,7.5654,7.57,142,4.9,100,9.3,115.5,159,311,470,33.83,6.3,134.11,1,14.5,76.1,19.05,11.2,4.4,195,7.2,0.2,152,92,143,126
399527,PBCHD13PBP,426652,23/09/2018,06:21,07:31,Light Yellow,Slightly cloudy,1.025,6.7,Negative,2+,Negative,Negative,Negative,Normal,Negative,10-11,0,3-4,Nil,Nil,NIL,14.7,7.4,47.6,94.1,19,30,11.4,42.7,4520,49,31,4,9,9.8,4.81,2.05,0.91,0.5,0.09,431,7.9,22,0.35,24.5,2.9,0.54,0.33,0.01,162,43,166.5,59.7,298.5,130,3.8,3.87,0.26,0.5,0.1,0.4,49,52,27,31,7.5,3.8,3.7,1.03,2,15,7.005,3.5,144,4.4,99,3.7,92.44,163,164,327,49.85,6.4,136.98,0.4,20.1,184.6,10.89,8.2,4.9,72,7.1,3.89,94,65,306,198
700258,KLTRS10ODB,548511,27/09/2018,06:29,07:47,Straw,Slightly cloudy,1.01,7,Trace,Negative,Negative,Negative,Negative,Normal,Negative,1-3,0,2-4,Nil,Nil,NIL,15.1,4.1,49,81.5,36,30,13.1,42.2,5188,71,35,6,5,0,7.63,1.91,0.44,0.68,0.01,428,7.3,30,0.25,23.1,2.2,0.08,0.24,2.9,133,29,157.2,14,70,168,4.6,5.42,0.18,0.9,0.3,0.6,80,46,33,13,6.7,5.5,1.2,4.58,1.1,8.4,3.9228,3.57,145,5,81,4.9,108.36,99,302,401,24.69,5.8,119.76,0.1,71.4,108.2,65.99,9.3,3.6,134,9.9,1.92,116,177,89,113
498559,MZLGI14MHP,355325,25/09/2018,11:07,12:17,Light Yellow,Hazy,1.014,4.9,Negative,Negative,Negative,Negative,Negative,Normal,Negative,13-15,1,3-3,Nil,Nil,Fat droplets or lipiduria,16.8,5.6,45,93,30,37,12.3,40.6,4817,52,23,3,6,0,0.84,2.82,0.96,0.44,0.05,66,13.7,12,0.53,22.4,2.1,0.4,0.06,0.36,194,23,161.8,19.5,97.5,119,8.4,7.03,0.14,0.3,0,0.3,71,28,13,33,6.4,4.7,1.7,2.76,1.1,10.1,4.7167,4.29,143,3.1,110,4.5,61.31,170,175,345,49.28,6.3,134.11,0.7,18.7,74.5,25.1,10.2,2.5,187,18.2,2.62,110,190,71,101
529529,PBCHD10HPP,285911,25/09/2018,08:57,10:01,Pale Yellow,Clear,1.018,6.8,Negative,Trace,Negative,Negative,Negative,Normal,Negative,TNTC,1,2-2,Nil,Few,Fungal elements,13.8,6.7,61.2,90.2,20,22,13.3,39.7,6494,37,31,9,7,0,14.08,1.06,0.39,0.47,0.09,51,11.8,22,0.22,22.6,3.4,0.86,0.15,0.22,166,28,80.7,#VALUE!,#VALUE!,146,5.9,2.88,0.35,1,0.3,0.7,125,34,27,20,7.9,3.9,4,0.98,1,18,8.406,8.41,135,4,95,6.9,91.08,142,101,243,58.44,5.1,99.67,0.6,13.4,118.6,11.3,9.1,3,245,5.3,2.3,191,71,75,138
382724,GYAHD06JHJ,923871,23/09/2018,10:10,10:53,Yellow,Clear,1.01,6.7,Trace,Negative,Negative,Negative,Negative,Normal,Negative,48-51,1,3-2,Nil,Nil,NIL,9.2,5.1,30.5,81.9,18,30,13.3,27.8,5824,39,20,1,3,0,5.84,2.6,0.44,0.2,0.04,383,11,14,0.27,34.6,1.4,0.36,0.77,0.06,181,42,41.3,37.4,187,111,4.3,0.98,1.02,0.8,0.2,0.6,119,67,27,16,6.6,3.9,2.7,1.44,1,11,5.137,5.14,143,5.4,106,4.3,39.38,137,310,447,30.65,6.9,151.33,0.4,18.6,136.7,13.61,11.1,3.2,109,10.6,12.09,80,94,94,160
660271,KLTRS13NLZ,426561,25/09/2018,07:25,08:51,Straw,Clear,1.019,6.8,Negative,Negative,Negative,Negative,1+,Normal,Negative,9-10,1,2-4,Nil,Nil,Parasites,14,4.7,40.4,91.3,29,34,14.6,41.7,10401,48,28,2,4,0,2.91,4.91,0.26,0.18,0,211,10.3,14,0.25,17.8,2.9,0.22,0.06,0.38,170,58,96.3,22.5,112.5,75,2.9,1.66,0.6,0.5,0,0.5,62,53,20,17,6.9,4.5,2.4,1.88,1,11.6,5.4172,5.42,137,5.9,106,3.8,91.53,61,150,211,28.91,6.2,131.24,1,484.6,447.3,108.34,10.3,4.4,177,7.7,2.43,70,70,74,173
983430,PBCHD01RJU,484366,26/09/2018,09:47,11:00,Straw,Slightly cloudy,1.015,4.9,Negative,Trace,Negative,Negative,Negative,Normal,Negative,3-5,1,1-2,Rare,Rare,NIL,9.7,5,48.7,85,19,19,13.3,40.6,9807,46,36,4,8,0,2.25,2.43,0.5,0.05,0.04,296,11.5,16,0.23,44.9,1.1,6.98,0.03,2.51,239,34,77.2,57.3,286.5,154,7,2.27,0.44,0.7,0.2,0.5,75,26,36,42,7.1,4.7,2.4,1.96,0.6,13.9,6.4913,10.82,142,4.3,101,4.8,62.27,161,191,352,45.74,5.9,122.63,0.6,190.1,71.5,265.87,9.7,4.3,102,19.4,0.19,88,84,183,90
998413,GYAHD03KLM,722739,27/09/2018,07:36,08:43,Pale Yellow,Slightly cloudy,1.018,5.8,Negative,Negative,Negative,Negative,Negative,2+,Negative,2-4,0,3-4,Nil,Nil,NIL,14.4,5.6,49.6,91.7,25,29,14,31.2,7730,54,38,4,10,0,6.9,2.92,0.96,0.49,0.05,118,7.4,15,0.29,32.4,1,0.32,0.31,0.27,150,30,86.8,18.9,94.5,174,5,2.89,0.35,0.3,0.1,0.2,86,46,16,30,8.2,4.7,3.5,1.34,1.2,12.5,5.8375,4.86,135,2,100,2.4,102.13,136,228,364,37.36,6,125.5,0.4,27.8,143.7,19.35,11.3,5,109,4.2,1.85,88,82,325,125
464235,KLTRS06TSS,564038,25/09/2018,10:37,12:05,Pale Yellow,Clear,1.019,6.6,Negative,Negative,Negative,Negative,Negative,Normal,Positive,6-8,0,11-18,Few,Nil,NIL,10.3,4.7,34.8,95.3,21,29,12.3,42.9,9045,61,53,10,6,0,0.93,1.36,0.36,0.41,0.03,40,9.5,16,0.44,34.2,6.9,0.62,0.17,0.23,139,64,133.1,23.5,117.5,99,2.2,2.08,0.48,1.7,0.8,0.9,94,25,28,45,7.8,4.8,3,1.6,0.9,37.7,17.6059,19.56,127,3,110,6.1,94.01,120,332,452,26.55,6,125.5,0.2,14.2,134.9,10.53,8.9,2.9,44,3.2,1.57,116,70,78,119
742055,KLTRS13NLZ,826565,23/09/2018,06:49,07:43,Light Yellow,Clear,1.023,4.5,Trace,Negative,Negative,Negative,Negative,Normal,Negative,9-10,1,3-2,Nil,Nil,Mucus threads,16.8,5.9,35.7,72.1,28,47,12.5,41.7,12488,44,32,0,11,0,4.88,2.22,0.4,0.53,0.03,226,10.4,15,0.57,29.8,3.3,0.32,2.56,0.23,141,43,114.2,38.9,194.5,137,3.3,2.66,0.38,0.6,0,0.6,113,56,36,13,6.2,4.1,2.1,1.95,0.9,16.2,7.5654,8.41,148,4.2,99,5.3,93.08,113,106,219,51.6,6.3,134.11,0.6,27,96.7,27.92,12.3,2.2,100,18,1.51,104,76,77,119
184088,PBCHD04GAM,101384,27/09/2018,09:11,10:13,Yellow,Clear,1.01,4.6,1+,Negative,Negative,Negative,Negative,Normal,Negative,7-8,1,6-11,Nil,Nil,NIL,8.4,5.1,54,79.1,16,15,14.2,40.4,10729,74,16,1,4,0,5.16,1.97,0.33,0.49,0.08,284,10.4,11,0.25,15,1.5,0.29,0.18,0.11,162,44,95.7,36,180,90,3.7,2.18,0.46,0.7,0.2,0.5,122,55,29,23,8.2,4,4.2,0.95,1,13.2,6.1644,6.16,131,2.8,99,4.8,108.23,54,289,343,15.74,6,125.5,0.5,14.2,136.1,10.43,8.1,6.1,75,4,3.17,90,74,98,81
547991,KLTRS14NLZ,877762,27/09/2018,08:18,09:08,Light Yellow,Slightly cloudy,1.011,5.3,Negative,Trace,Trace,Negative,Negative,Normal,Negative,71-73,0,5-16,Nil,Nil,NIL,14.3,5.1,34.8,90.4,28,41,14.2,42.2,6723,73,40,2,2,0,2.89,2.27,0.29,0.27,0.09,126,9,11,0.33,30,1.7,0.19,0.17,0.04,199,49,125.5,51.8,259,84,4.1,2.56,0.39,0.5,0.2,0.3,53,17,35,22,6.7,4,2.7,1.48,0.7,16.8,7.8456,11.21,145,6,98,6.7,104.94,121,163,284,42.61,7.7,174.29,0.7,17.8,122.7,14.51,9.7,3.7,274,7.6,3.76,92,68,210,82
338788,GYAHD01ODK,429421,23/09/2018,09:43,10:37,Light Yellow,Clear,1.011,4.6,Negative,1+,Negative,Trace,Negative,Normal,Negative,9-10,1,3-2,Rare,Nil,Fat droplets or lipiduria,11.9,4.8,49.3,80.5,24,24,14.4,41.7,8069,46,36,10,8,0,7.08,4.3,0.44,0.19,0.02,366,8.3,17,0.25,36.2,4.9,0.35,0.18,0.23,123,77,90.9,11.5,57.5,133,1.6,1.18,0.85,0.4,0,0.4,302,36,10,23,7.3,4.5,2.8,1.61,1.1,12.7,5.9309,5.39,141,5,96,3.7,78.67,120,354,474,25.32,9,211.6,0.1,11.6,79.7,14.55,9.6,4,64,9.2,2.27,117,92,103,199
874609,KLTRS07KLP,110155,23/09/2018,09:38,10:27,Straw,Slightly cloudy,1.018,6.6,Negative,Trace,Negative,Negative,Negative,Normal,Negative,2-3,1,1-2,Nil,Nil,NIL,11.1,6.8,44.9,86.3,16,24,14.1,40.5,9287,79,50,6,7,0,13.47,1.03,0.06,0.26,0,196,16.7,16,0.28,21.3,0.1,0.07,0.06,0.14,118,52,74.1,56.4,282,87,2.3,1.43,0.7,0.5,0.1,0.4,122,8,22,40,6.3,4.2,2.1,2,1.1,18.4,8.5928,7.81,139,5.4,102,2.2,116.16,160,356,516,31.01,7.3,162.81,0.8,17.3,134.6,12.85,9.3,3.3,93,9.2,0.51,90,93,86,189
791781,KLTRS15NLZ,102115,25/09/2018,09:58,11:04,Pale Yellow,Slightly cloudy,1.012,6.6,Trace,Trace,Negative,Negative,Negative,Normal,Negative,13-14,2,3-4,Rare,Nil,NIL,14.2,7,21.4,73.5,20,66,13.1,41.2,8687,41,20,6,9,0,5.17,2.67,0.19,0.29,0.1,236,10.6,10,0.47,33.9,6.9,0.15,2.69,0.13,161,54,90.3,5.5,27.5,192,3,1.67,0.6,0.7,0,0.7,94,16,16,36,7.8,4.8,3,1.6,0.7,15.2,7.0984,10.14,135,4.6,101,3.4,13.45,128,350,478,26.78,6.1,128.37,0.8,14.1,297,4.75,9.2,2,228,6.6,0.5,75,73,77,225
250508,MZLGI07BRC,414738,26/09/2018,11:39,12:38,Light Yellow,Slightly cloudy,1.019,6.8,Negative,1+,Negative,3+,2+,Normal,Negative,10-12,0,3-2,Nil,Nil,NIL,10.4,5.1,53.3,89.3,20,19,11.9,40.4,10350,51,18,1,3,0,8.51,1.74,0.51,0.47,0.03,422,9.4,16,0.25,16.1,2,0.23,0.04,0.29,161,26,44.1,23.7,118.5,77,6.2,1.7,0.59,0.9,0.2,0.7,54,23,26,15,7.4,3.5,3.9,0.9,1.2,21.3,9.9471,8.29,121,2.8,103,6.4,83.48,95,102,197,48.22,6.2,131.24,0.6,10.3,268,3.84,8.6,2.6,299,5.7,0.38,95,124,94,182
227563,PBCHD12SKM,209641,27/09/2018,11:23,12:27,Dark Yellow,Slightly cloudy,1.026,5.2,Negative,Negative,Negative,Negative,Negative,Normal,Negative,6-8,1,3-3,Nil,Rare,Amorphous debris,11.3,5.7,31.6,82.9,19,35,14.8,40.5,21475,45,20,1,3,0,6.12,7.44,0.15,0.33,0.03,141,8.1,11,0.21,32.3,0.6,0.3,0.46,0.22,182,50,92.1,23.2,116,96,3.6,1.84,0.54,0.3,0.1,0.2,117,29,30,31,6.4,3.8,2.6,1.46,0.9,15.4,7.1918,7.99,146,4.9,97,1.5,104.09,172,183,355,48.45,12.7,317.79,0.6,15.3,86.5,17.69,9.3,3.1,117,12.2,5.87,119,83,112,184
110418,KLTRS05WBD,748607,23/09/2018,10:00,11:05,Pale Yellow,Clear,1.012,6.8,Negative,Trace,Negative,Negative,Negative,Normal,Negative,8-10,0,11-14,Nil,Nil,NIL,13.1,5.6,52.2,88.3,23,25,13.6,45,5009,38,25,5,4,0,2.24,2.06,0.37,0.27,0.06,313,7.7,18,0.22,13.8,0.3,0.39,0.32,0.16,212,32,156.9,30,150,120,6.6,4.9,0.2,1.7,0.8,0.9,76,15,34,30,7.5,4,3.5,1.14,1,9.6,4.4832,4.48,138,4.3,97,3.9,103.21,98,91,189,51.85,7,154.2,0,14.4,88,16.36,8.4,3.9,178,4.4,1.62,157,183,121,165
445920,PBCHD02HPP,468518,23/09/2018,10:19,10:56,Light Yellow,Clear,1.016,5.7,3+,Trace,Trace,Negative,Trace,Normal,Negative,5-7,0,2-4,Nil,Nil,NIL,16.4,4.7,40.3,99.5,34,40,13,40.5,10787,36,20,3,6,8,20.34,1.06,0.17,0.12,0.01,199,10.2,11,0.19,14,7.4,0.38,4.35,0.21,172,44,112.4,105.3,526.5,147,3.9,2.55,0.39,0.9,0.3,0.6,71,38,13,28,6.2,4.9,1.3,3.77,1,5.2,2.4284,2.43,137,4.6,99,6.8,116.19,76,258,334,22.75,5.7,116.89,0.7,24,94,25.53,11.8,3.1,68,6.4,12.88,92,94,229,116
911957,KLTRS09TSS,174628,23/09/2018,07:06,07:49,Light Yellow,Slightly cloudy,1.015,4.8,Trace,Negative,Negative,1+,Negative,Normal,Negative,4-6,0,2-2,Rare,Nil,NIL,17.5,6.1,48.8,77.8,28,35,12.4,40.4,34885,49,20,1,16,0,3.93,3.52,0.3,0.36,0.02,168,10.9,19,0.38,36.3,3.4,0.15,0.12,0.37,185,61,90.3,16.4,82,123,3,1.48,0.68,0.3,0,0.3,49,9,14,20,8.1,4,4.1,0.98,1,14,6.538,6.54,147,2.5,96,2.6,94.39,68,177,245,27.76,6.3,134.11,0.9,10.9,40.2,27.11,10.4,2.9,117,16.3,3.74,125,117,163,83
960166,GYAHD14KAU,792435,26/09/2018,10:16,11:24,Light Yellow,Clear,1.011,6.9,Negative,Negative,Negative,Negative,Negative,Normal,Negative,2-3,68,8-11,Nil,Nil,NIL,16,5.4,50.4,83.5,29,31,14.1,42.7,39409,45,37,4,8,0,8.32,2.54,0.53,0.39,0.05,143,7,23,0.55,23.8,1.5,0.27,0.12,4.92,195,24,86.3,22,110,167,8.1,3.6,0.28,0.7,0.3,0.4,129,41,20,12,8.1,3.7,4.4,0.84,0.9,25.8,12.0486,13.39,136,4.1,111,6.6,114.58,83,350,433,19.17,6,125.5,0.6,17.5,139.5,12.54,8.7,5.9,141,5.1,2.2,138,63,135,77
315609,PBCHD03MHS,917665,27/09/2018,06:15,06:53,Pale Yellow,Clear,1.013,6.3,3+,Trace,Negative,Negative,Negative,Normal,Negative,2-4,0,2-2,Nil,Nil,NIL,6.7,4.4,52.5,63.9,15,12,11.6,41.5,8300,44,51,4,3,0,21.13,1.63,0.36,0.03,0,376,8,10,0.56,26,3.3,0.27,0.77,0.33,175,56,39.7,29.3,146.5,118,3.1,0.71,1.41,0.8,0.3,0.5,101,31,21,11,8.3,4.5,3.8,1.18,1,13.4,6.2578,6.26,120,5.6,113,3.4,98.49,128,277,405,31.6,5.2,102.54,0.6,431.9,136.7,315.95,7.6,3.7,94,13.3,9.04,258,103,108,112
571227,KLTRS01WBD,642444,23/09/2018,06:42,07:40,Yellow,Cloudy,1.013,6.8,4+,Negative,Negative,Negative,Negative,Normal,Negative,6-7,1,11-11,Nil,Nil,NIL,9,8.2,49.3,76.6,10,18,15,45.5,4560,51,54,1,6,0,8.8,2.46,0.72,0.57,0.06,325,9.1,12,0.26,30.9,4.4,0.21,0.3,0.37,166,40,77.3,84.6,423,83,4.2,1.93,0.52,1,0.3,0.7,108,24,18,40,7.4,4.9,2.5,1.96,1.1,9.7,4.5299,4.12,129,2.5,114,2.9,90.84,172,173,345,49.86,6.4,136.98,0.5,15.4,125.7,12.25,8.6,2.6,64,6.9,3.76,101,78,89,237
729012,KLTRS05MLT,731131,26/09/2018,06:33,07:38,Pale Yellow,Slightly cloudy,1.019,6.4,2+,2+,Negative,Negative,Negative,Normal,Negative,2-3,11,>20,Few,Nil,NIL,1.2,4.3,62.1,82.9,2,1,16.2,45.5,10773,29,43,2,9,0,2.1,2.46,0.77,0.21,0.09,136,8.6,11,0.23,41.3,4.2,0.82,0.86,0.33,200,75,111.3,32.8,164,126,2.7,1.48,0.67,0.9,0.1,0.8,81,44,38,24,7.6,4.9,2.7,1.81,1,11.6,5.4172,5.42,147,3,87,3,109.77,167,127,294,56.8,6.9,151.33,2.5,21.3,484.4,4.4,10.5,5.4,154,19.3,2.2,151,122,75,100
723592,PBCHD14GAM,491700,27/09/2018,10:39,12:08,Yellow,Slightly cloudy,1.011,4.8,Negative,Trace,Negative,Negative,Negative,Normal,Negative,25-28,0,1-3,Nil,Nil,NIL,15.4,4,47.4,123.1,38,32,12.5,42.1,49665,50,50,11,5,0,1.3,2.43,0.3,0.41,0.19,145,9.6,17,0.25,22.2,2.6,0.16,6.64,0.37,115,46,70.9,28,140,64,2.5,1.54,0.65,0.7,0,0.7,120,105,19,26,8,4.1,3.9,1.05,0.9,7.6,3.5492,3.94,139,4.3,107,5.2,90.66,134,346,480,27.92,7.3,162.81,0.3,14.4,135,10.67,10.2,4.4,64,11.8,0.26,100,93,87,136
877117,KLTRS12WBD,546129,26/09/2018,08:58,09:49,Green,Slightly cloudy,1.02,6.6,Trace,Negative,1+,Negative,Negative,Normal,Negative,8-10,1,3-2,Nil,Nil,NIL,11.8,4.1,35.1,70.9,28,33,13.7,39.2,7872,55,21,4,2,0,1.97,2.77,0.33,0.71,0.02,192,6.6,16,0.38,22.8,0.1,0.12,1.31,0.15,162,45,93.3,18.1,90.5,182,3.6,2.07,0.48,0.7,0.1,0.6,124,38,16,38,8.2,3.9,4.3,0.91,1.3,18.1,8.4527,6.5,143,4.1,106,6.5,99.78,170,167,337,50.45,7.4,165.68,0.3,11.8,181,6.52,9.1,4.8,287,14.6,3.45,101,69,75,189
910143,PBCHD10PBM,463419,24/09/2018,07:55,09:01,Light Yellow,Clear,1.005,6.1,Negative,Trace,Negative,Negative,Negative,Normal,Positive,1-3,2,2-4,Nil,Rare,NIL,14.5,6.7,47.5,61.3,21,30,13,41.9,5078,47,27,6,5,0,14.82,7.25,0.24,0.06,0.09,1128,11.9,11,0.36,14.6,1.3,0.67,0.37,0.37,212,73,98.9,6.2,31,68,2.9,1.35,0.74,0.7,0.3,0.4,73,31,24,23,7.4,5.2,2.2,2.36,1.1,6.8,3.1756,2.89,124,3,102,2.4,109.93,230,176,406,56.65,8.5,197.25,0.8,13.8,467.3,2.95,9.1,3,309,6,2.32,163,110,74,129
435814,GYAHD09ODK,696155,26/09/2018,11:49,12:31,Dark Yellow,Slightly cloudy,1.018,5.3,Negative,Trace,Negative,Negative,Negative,Normal,Negative,9-10,1,7-15,Nil,Nil,Amorphous debris,14.9,4.9,59,87.2,30,25,13.4,41.9,6900,40,39,4,8,0,1.38,2.65,0.41,0.03,0.06,109,9,10,0.34,21,3.2,4.02,0.25,0.24,168,40,121.7,52.8,264,73,4.2,3.04,0.33,0.2,0,0.2,60,23,16,17,6,4.3,1.7,2.53,1,18.7,8.7329,8.73,126,4.3,91,4.3,93.99,97,142,239,40.59,6.3,134.11,19.7,38.4,101.1,37.98,10,3.1,95,16.2,0.82,88,73,242,127
891232,MZLGI11RJK,601120,27/09/2018,08:26,09:22,Pale Yellow,Clear,1.013,6.7,Trace,Negative,Negative,2+,Negative,Normal,Negative,10-12,0,14-15,Nil,Moderate,NIL,6.3,5.4,48.3,85.2,11,13,14.5,41.6,8908,23,39,6,4,0,1.15,1.72,0.98,0.5,0.04,91,10.2,16,0.27,31.5,1.2,0.06,0.33,0.1,166,21,98.1,38,190,142,7.9,4.67,0.21,0.6,0.1,0.5,117,12,29,31,7.5,2.8,4.7,0.6,0.7,10.5,4.9035,7.01,143,4.7,93,3.1,96.13,171,340,511,33.46,8.2,188.64,1,28.4,263.3,10.79,10.8,3.5,253,3.9,3.59,93,183,119,102
608301,KLTRS06NLZ,458254,23/09/2018,07:04,07:37,Light Yellow,Clear,1.027,6.1,Trace,Negative,Negative,Negative,Negative,Normal,Negative,12-13,0,1-4,Few,Nil,Mucus threads,13.2,5.4,62.3,77.1,24,21,10.9,42.8,9819,60,24,5,4,0,8.2,2.34,0.69,0.05,0.07,64,8.9,16,0.31,19.2,0.7,0.06,0.37,0.33,123,40,87.1,89.1,445.5,106,3.1,2.18,0.46,0.7,0.2,0.5,67,42,37,42,7,4.5,2.5,1.8,1,13.9,6.4913,6.49,137,3.6,105,4.9,93.73,104,261,365,28.49,6.9,151.33,1,134.8,271.6,49.63,8.6,2.2,98,15.3,3.77,90,92,76,117
619387,PBCHD04NLM,993398,27/09/2018,08:29,09:13,Deep Amber,Slightly cloudy,1.017,6.3,Negative,Negative,Negative,Negative,1+,Normal,Negative,8-9,2,3-2,Nil,Nil,Artifacts,8.6,6.9,35.1,97.6,12,24,13.7,41.1,10280,58,11,3,20,0,1.99,1.66,0.68,0.12,0.17,599,11,16,0.75,32.5,4.4,0.2,0.22,0.12,223,34,117.8,24.5,122.5,142,6.6,3.46,0.29,0.7,0.3,0.4,68,20,17,10,7.6,4,3.6,1.11,1.1,14.2,6.6314,6.03,135,4.7,83,4.6,60.31,63,186,249,25.3,7.6,171.42,0.5,21.6,135.2,15.98,12,5.4,80,8.9,0.13,95,184,117,243
817235,MZLGI10RJK,991075,27/09/2018,09:56,10:31,Straw,Slightly cloudy,1.017,5.6,Trace,Negative,Negative,Negative,1+,Normal,Negative,TNTC,0,2-4,Nil,Rare,Amorphous debris,15.7,4,55,78.4,39,28,11.6,41.5,8869,40,52,5,4,0,7.42,2.51,1,0.43,0.18,413,9.6,22,0.26,27.9,1.9,0.04,0.11,0.02,181,71,78.1,27.8,139,83,2.5,1.1,0.91,0.3,0,0.3,95,8,24,21,6.5,4.7,1.8,2.61,2,11.3,5.2771,2.64,140,3.9,96,2.9,119.75,182,261,443,41.08,6.1,128.37,0.2,17.4,277.9,6.26,7.1,5.7,149,10.1,0.16,96,90,85,264
333864,PBCHD02CGD,646645,26/09/2018,06:59,07:48,Pale Yellow,Slightly cloudy,1.013,5.7,Trace,Negative,Negative,Negative,Negative,Normal,Negative,43-45,9,3-4,Nil,Nil,NIL,11.4,4.7,41.3,83.4,24,27,12.1,44.6,7850,41,49,5,4,0,0.55,2.46,0.57,0.02,0.02,867,7.4,11,0.2,18.1,4.4,0.03,0.17,0.29,127,54,124.7,57.6,288,134,2.4,2.31,0.43,2.1,1,1.1,77,34,27,35,7.4,3.5,3.9,0.9,1.2,9.3,4.3431,3.62,123,4.5,106,4,101.53,138,313,451,30.6,6.1,128.37,0.6,13.6,124.1,10.96,10.3,6.9,166,15.4,0.17,80,93,99,129
281329,GYAHD03ODK,881509,27/09/2018,07:15,08:13,Straw,Slightly cloudy,1.015,5.5,Negative,1+,Trace,Negative,Negative,Normal,Negative,8-9,0,1-4,Rare,Rare,Artifacts,18.6,4.6,52.4,71.9,40,35,11.6,45.2,10519,56,17,6,6,0,0.32,3.24,0.74,0.16,0.02,306,9.3,16,0.26,31,1.1,1.51,3.83,0.26,171,55,98.6,55.4,277,99,3.1,1.79,0.56,0.3,0.1,0.2,117,23,34,43,8,4.8,3.2,1.5,1.2,16.9,7.8923,6.58,147,3.2,81,4.3,119.94,92,150,242,38.02,6.1,128.37,0.6,15,123,12.2,10.9,2.7,89,12.4,1.03,95,134,68,86
759750,KLTRS06KLP,233956,26/09/2018,09:03,10:03,Deep Amber,Clear,1.013,7,Trace,Negative,Negative,Negative,Negative,Normal,Negative,10-11,1,3-3,Nil,Nil,Yeast cells,6.7,4.7,54.4,84.8,14,12,13.3,42.6,8248,59,41,2,17,0,2.33,6.81,0.32,0.49,0.08,122,8.9,13,0.48,24.4,3.2,0.23,0.22,0.33,119,54,83.2,86.7,433.5,97,2.2,1.54,0.65,0.5,0.2,0.3,116,55,22,39,7.2,4,3.2,1.25,1.2,7.7,3.5959,3,144,2.9,110,4.8,105.01,129,353,482,26.76,6.2,131.24,0.5,853,118.3,721.05,9.3,5.3,89,6,0.58,129,89,119,76
157009,MZLGI08GJS,986594,26/09/2018,07:27,08:41,Pale Yellow,Hazy,1.016,7.9,Trace,Negative,Negative,Negative,Negative,Normal,Negative,1-3,2,1-4,Nil,Nil,NIL,14.6,4.7,25.9,48.6,31,56,12.6,44,3181,52,27,1,3,3.8,0.7,2.47,0.69,0.1,0.09,145,7.4,12,0.06,23.5,1.9,0.59,0.05,1,183,46,85.8,22.6,113,61,4,1.87,0.54,0.3,0,0.3,57,23,38,13,8.3,3.6,4.7,0.77,1.1,7.8,3.6426,3.31,122,5.2,115,2.1,108.4,165,358,523,31.55,6,125.5,0.8,16.3,95.6,17.05,11.1,5.5,65,6.1,2.61,114,87,98,87
385796,GYAHD11JHJ,781603,25/09/2018,10:33,11:50,Pale Yellow,Clear,1.012,6.5,1+,Negative,Negative,Negative,Negative,Normal,Negative,6-8,1,2-3,Moderate,Moderate,NIL,15,4.7,42,78.6,31,35,12.7,33.9,10213,47,34,2,0,1.2,1.73,0.64,1.2,0.61,0.05,190,9.4,16,0.36,47.6,1.4,0.6,0.16,0.17,183,50,185.1,7.9,39.5,175,3.7,3.7,0.27,0.9,0.4,0.5,119,17,41,13,6.8,4.1,2.7,1.52,0.6,19.8,9.2466,15.41,124,3.5,108,5.7,114.31,190,124,314,60.51,6,125.5,0.4,23.3,25.6,91.02,11.9,3,154,19,0.84,93,199,93,74
974953,MZLGI07BRC,686004,24/09/2018,10:42,11:55,Straw,Slightly cloudy,1.018,6.6,Negative,Trace,Negative,Negative,Negative,Normal,Negative,17-18,2,2-2,Nil,Few,Artifacts,17.7,4.6,37.5,84.5,38,47,12.8,42.9,10531,42,22,5,4,0,0.54,1.06,0.77,0.54,0.37,62,11.6,14,0.11,26.3,0.7,0.04,0.04,0.23,164,23,73.1,16.4,82,169,7.1,3.18,0.31,0.6,0.2,0.4,86,13,74,45,7.6,3.9,3.7,1.05,0.7,17.2,8.0324,11.47,142,3.7,109,4.3,19.49,106,263,369,28.73,7.8,177.16,0.2,15.5,123.4,12.56,11,4.4,84,5.6,2.22,74,98,87,90
657839,PBCHD08PBM,701305,26/09/2018,06:56,08:24,Straw,Clear,1.016,6.9,Negative,Negative,Negative,Negative,Negative,Normal,Negative,7-8,1,2-4,Nil,Nil,Yeast cells,13,5.5,39.7,88.5,23,32,14.4,44.1,9277,58,17,4,6,0,0.62,1.72,0.37,0.43,0.04,140,12,11,0.27,34.7,0.2,0.39,0.02,0.11,153,59,103.1,82.9,414.5,123,2.6,1.75,0.57,0.7,0.2,0.5,59,45,30,17,7.7,5,2.7,1.85,1,54.5,25.4515,25.45,147,4.6,97,5.2,118.5,118,347,465,25.38,5,96.8,0.2,21.4,24.6,86.99,11.8,2.4,316,12.4,3.76,96,110,97,287
932730,GYAHD14ODK,257843,25/09/2018,09:27,10:15,Light Yellow,Slightly cloudy,1.023,6.9,Trace,Negative,Negative,Negative,Negative,Normal,Negative,7-8,1,3-4,Nil,Nil,NIL,3.2,4.6,64.4,99.1,6,4,12.3,29.8,9011,41,36,7,6,0,3.9,2.06,0.71,0.47,0,267,9.6,16,0.36,13.8,1.7,5.98,0.08,0.08,193,57,79.5,43.8,219,132,3.4,1.39,0.72,0.8,0.3,0.5,59,19,19,15,7.2,3.6,3.6,1,0.9,7.1,3.3157,3.68,138,4.1,95,6.2,109.54,133,140,273,48.72,5.9,122.63,0,22.5,136.8,16.45,9.4,5.9,191,11.5,1.05,72,71,80,74
652329,KLTRS04WBD,535110,25/09/2018,10:00,10:50,Deep Amber,Clear,1.019,6.5,Trace,Negative,Negative,Negative,Negative,Normal,Negative,13-14,1,1-4,Nil,Rare,NIL,16.8,4.2,47,88.1,40,35,12.5,46,9530,62,31,1,3,0,4.98,1.68,0.71,0.77,0.08,285,9.9,13,0.18,17.2,4.5,0.23,0.21,0.32,240,71,186.9,16,80,180,3.4,2.63,0.38,0.7,0.3,0.4,46,36,10,11,5.5,4.5,1,4.5,1.1,7.7,3.5959,3.27,140,2.3,100,6.4,106.11,110,202,312,35.26,6.4,136.98,0.9,783.2,140.8,556.25,12.8,3.6,122,20,2.82,70,143,86,124
370328,PBCHD14PBM,180795,23/09/2018,06:19,07:26,Pale Yellow,Clear,1.029,6.2,Negative,3+,Negative,1+,Negative,Normal,Negative,8-9,0,3-3,Nil,Few,Amorphous debris,9.2,2.8,42,45.8,32,21,11.9,42.7,5067,77,27,1,4,0,0.74,4.62,0.6,0.19,0.07,184,12.5,20,0.28,42,4.2,0.09,0.44,2.36,176,45,116.9,43.4,217,150,3.9,2.6,0.38,0.6,0.1,0.5,70,12,20,40,5.4,4.7,0.7,6.71,0.7,15.8,7.3786,10.54,140,2.8,108,3.3,92.05,176,211,387,45.48,6.8,148.46,0.7,10.2,256.7,3.97,10.8,4.1,173,9.3,7.44,97,72,106,247
788335,KLTRS06KLP,326354,26/09/2018,11:59,13:08,Pale Yellow,Clear,1.012,5.7,Trace,Negative,Negative,Negative,Negative,Normal,Negative,62-64,1,2-4,Nil,Nil,NIL,12.4,5.8,54.9,83.4,21,22,13.7,25.7,6847,59,36,6,6,11.8,4.82,2.75,0.5,0.37,0.04,1066,10.6,16,0.32,45.5,0.3,0.56,0.9,4.35,196,35,107.7,36.1,180.5,86,5.6,3.08,0.32,0.6,0.2,0.4,126,38,36,31,6.5,3.5,3,1.17,0.8,15.3,7.1451,8.93,129,3.1,104,3.6,114.09,75,352,427,17.56,6.1,128.37,12.9,26.7,148.2,18.02,8.7,2.8,67,22.5,6.53,121,95,78,80
823421,MZLGI14GJS,823242,25/09/2018,11:54,13:00,Light Yellow,Slightly cloudy,1.019,6.7,Trace,Negative,Negative,Negative,Negative,Normal,Negative,2-4,1,3-2,Nil,Nil,NIL,19.2,4.4,50.8,61.7,43,37,13.5,45.3,7487,57,29,6,2,0,4.96,1.94,0.46,0.31,0.1,436,11.9,10,0.34,41.4,4,0.22,0.14,0.9,164,78,64.8,73.5,367.5,150,2.1,0.83,1.2,0.4,0,0.4,128,20,16,23,6.4,4.8,1.6,3,0.6,32.2,15.0374,25.06,147,4.3,87,2.8,108.91,124,119,243,51.03,6.3,134.11,0.7,14.6,178.3,8.19,11.5,4.4,66,6.2,2.94,106,90,105,180
133216,KLTRS08KLP,999424,24/09/2018,08:47,09:52,Light Yellow,Slightly cloudy,1.017,4.8,Negative,Trace,Negative,Negative,Negative,Normal,Negative,1-2,2,3-2,Nil,Rare,NIL,13.6,5.7,27.2,93.3,23,50,12.4,44.6,8849,66,42,1,3,0,6.51,1.37,0.82,0.45,0.06,398,11.9,13,0.53,22.6,5,0,0.06,0.31,161,28,81.2,7.7,38.5,61,5.8,2.9,0.34,0.7,0.3,0.4,123,34,18,20,7.3,4.6,2.7,1.7,0.6,67.7,31.6159,52.69,146,4.4,98,5.9,111.39,153,248,401,38.15,5.2,102.54,0.6,18.8,75.6,24.87,9.8,1.2,108,18.6,3.33,90,117,81,193
539872,PBCHD06HPP,327925,23/09/2018,07:39,08:10,Light Yellow,Clear,1.019,6.6,1+,Trace,Trace,Negative,Negative,Normal,Negative,3-5,1,3-4,Nil,Nil,NIL,1.3,6,48.3,88.4,2,2,12.5,41.2,10109,56,24,7,11,0,8.87,7.03,0.62,0.13,0.03,329,7.2,11,0.27,29.4,3.8,0.38,0.04,0.11,153,62,72.7,20.9,104.5,145,2.5,1.17,0.85,0.6,0.2,0.4,77,28,21,42,8.2,4.6,3.6,1.28,0.7,34,15.878,22.68,137,4.5,114,6,100.37,121,340,461,26.25,8.2,188.64,0.5,13.2,143.4,9.21,9.9,4.2,172,12.1,0.55,129,89,93,114
854366,PBCHD08PBM,568995,25/09/2018,06:45,07:47,Yellow,Clear,1.01,6.9,Trace,Negative,Negative,Negative,Negative,Normal,Negative,8-10,0,2-3,Rare,Nil,NIL,4.9,4.3,26.4,80.7,11,18,12.4,45.4,6633,34,20,5,5,0,22.36,1.93,0.92,0.47,0.02,64,7.6,14,0.29,32.6,5.8,2.52,0.66,4.87,164,54,81.9,24.2,121,78,3,1.52,0.66,0.7,0.3,0.4,87,18,24,30,7.7,4.4,3.3,1.33,0.6,10.2,4.7634,7.94,149,5.8,115,2.9,119.15,121,134,255,47.45,5.8,119.76,0.7,18.4,188.9,9.74,10.2,3.7,183,3.2,0.68,106,65,77,83
914222,MZLGI01APK,437469,23/09/2018,08:07,09:09,Light Yellow,Clear,1.016,6.2,Negative,Negative,Negative,Negative,Negative,Normal,Negative,TNTC,3,1-2,Nil,Nil,Mucus threads,8.6,5.7,43.1,85.2,15,19,12.8,42.4,10065,51,44,1,5,0,2.33,2.15,1.12,0.5,0.09,82,9.8,13,0.24,14.2,4.2,0.09,0.26,0.19,222,58,71.4,12,60,153,3.8,1.23,0.81,4.5,2.2,2.3,93,74,36,33,7.4,4.7,2.7,1.74,0.7,14.7,6.8649,9.81,147,3.9,96,4.2,113.45,145,314,459,31.59,6.1,128.37,0.2,225.4,44.7,504.25,8.8,5.3,74,10.3,6.89,146,179,90,112
591345,MZLGI04MHP,906487,26/09/2018,08:15,09:25,Deep Amber,Slightly cloudy,1.011,6.8,Negative,Trace,Negative,Negative,Negative,Normal,Negative,5-6,2,15-13,Nil,Rare,Fat droplets or lipiduria,13.7,5,18,85.7,27,76,13.5,40.9,6020,79,38,4,4,0,6.54,1.14,0.79,0.92,0.07,215,5.4,17,0.33,25.7,3.3,2.66,0.13,0.38,169,45,69.1,10.5,52.5,93,3.8,1.54,0.65,0.7,0.3,0.4,89,114,21,21,6.7,4.9,1.8,2.72,1,16.1,7.5187,7.52,144,4.4,106,3.4,111.27,143,351,494,28.95,7.3,162.81,0.9,16.7,145,11.52,7.9,2.4,122,5.4,3.29,99,76,87,429
175037,KLTRS11MLT,635608,24/09/2018,07:38,08:36,Light Yellow,Clear,1.014,5.8,Trace,Negative,Negative,Negative,Trace,Normal,Negative,11-13,0,14-10,Nil,Rare,Artifacts,14.5,4.7,43.4,80.1,30,33,14.2,42.3,6607,48,39,6,4,0,16.5,2.67,0.05,0.08,0.09,293,11.8,12,0.29,25,3.9,0.08,0.12,0.6,204,41,70.4,15.7,78.5,183,5,1.72,0.58,0.8,0.3,0.5,86,46,10,32,7.8,4.5,3.3,1.36,0.6,9.5,4.4365,7.39,143,5.7,107,5.5,114.29,159,358,517,30.75,6.4,136.98,0.5,27.7,497.8,5.56,8.3,3.5,169,12.3,0.33,106,69,89,136
797420,PBCHD05HPP,428717,26/09/2018,09:44,10:41,Light Yellow,Clear,1.011,4.7,Negative,Trace,Negative,Negative,Negative,Normal,Negative,7-8,0,1-4,Nil,Nil,Fat droplets or lipiduria,13,4.2,51.9,73.4,30,25,11.5,41.1,2590,55,18,4,3,0,7.88,7.49,0.23,0.06,0.04,113,16,9,0.12,34.6,0.6,0.18,0.16,0.02,160,47,78.3,32.8,164,144,3.4,1.67,0.6,0.3,0.1,0.2,88,32,20,22,6.7,4.6,2.1,2.19,1.1,92.4,43.1508,39.23,120,5,100,4.3,113.41,101,233,334,30.24,5.8,119.76,0.4,28.1,65.4,42.97,9.7,2.8,196,9.5,12.32,116,82,92,144
687980,GYAHD13JHJ,342016,25/09/2018,11:10,12:03,Dark Yellow,Slightly cloudy,1.017,6.7,1+,Negative,Negative,Negative,Negative,Normal,Negative,2-4,2,14-12,Nil,Nil,NIL,11.1,7.7,64.1,74.8,14,17,13.2,39.9,9443,66,18,3,19,0,19.25,1.57,0.39,0.36,0.02,294,8.1,15,0.43,33.6,1.7,0.34,0.24,3.38,177,24,89,25.9,129.5,110,7.4,3.71,0.27,0.6,0.2,0.4,61,28,32,11,6.6,4,2.6,1.54,0.7,14.5,6.7715,9.67,139,5.8,102,2.5,114.86,93,345,438,21.23,5.7,116.89,0.7,23.3,321.4,7.25,9.9,3.4,56,18.8,0.26,81,109,88,231
530357,MZLGI08MHP,943258,25/09/2018,08:58,10:16,Red,Clear,1.026,6.3,Negative,Negative,Negative,Negative,Negative,Normal,Negative,70-73,1,2-4,Nil,Nil,NIL,2.8,4.9,43,70.2,5,6,15.3,42.1,4804,77,34,4,5,0,0.46,1.64,0.52,0.48,0.04,156,13.9,15,0.2,13.8,0.8,0.8,0.91,0.78,178,55,80.6,7.3,36.5,144,3.2,1.47,0.68,0.6,0.1,0.5,125,48,14,31,8.1,4.6,3.5,1.31,0.7,19.9,9.2933,13.28,142,3.5,88,3.3,104.72,48,126,174,27.59,5.8,119.76,0,11.7,87.8,13.33,11.8,2.9,89,10.2,4.67,95,82,70,180
110204,PBCHD05MHS,483464,24/09/2018,11:45,12:20,Light Yellow,Clear,1.017,6.8,Negative,Negative,Negative,Negative,Negative,Normal,Negative,6-8,2,3-4,Rare,Nil,NIL,15.5,5.3,11.8,99.1,29,131,11.5,39.1,6732,75,53,25,2,0,1.49,2.86,0.53,0.33,0.03,338,13.1,13,0.47,26.9,0.7,0.3,4.76,0.26,141,78,97.8,29.5,147.5,139,1.8,1.25,0.8,0.2,0,0.2,119,56,21,42,7.1,4.5,2.6,1.73,0.9,10.5,4.9035,5.45,145,3.7,108,5.7,90.58,67,168,235,28.51,5.9,122.63,3.7,23.7,75.1,31.56,10.2,4.4,278,8.1,2.18,122,109,72,195
567274,PBCHD15RJU,165553,27/09/2018,07:31,08:24,Yellow,Clear,1.017,5.9,Negative,Negative,Negative,Negative,Negative,3+,Negative,4-6,1,1-3,Nil,Nil,Yeast cells,14.7,6.3,10.7,96.3,23,137,14.3,41.6,9939,57,24,5,18,0,3.86,2.72,0.43,0.06,0.01,414,7.2,11,0.3,18.6,4.9,0.94,0.09,0.85,159,32,97.2,70.2,351,143,5,3.04,0.33,0.8,0.2,0.6,112,14,35,32,7.8,5,2.8,1.79,1.1,10.9,5.0903,4.63,141,3.5,108,4.3,111.07,76,271,347,21.9,6.2,131.24,0.3,13,61.2,21.24,9.4,2.9,143,12.5,0.92,125,80,95,145
650259,PBCHD12HPP,753480,23/09/2018,09:46,10:47,Orange,Hazy,1.019,6.4,Trace,Negative,Negative,Negative,Negative,Normal,Negative,5-6,69,2-3,Nil,Nil,NIL,18.5,5.5,34.3,97,33,53,11.4,44.2,6358,59,31,2,4,0,0.95,1.22,0.25,0.28,0.03,140,10.5,10,0.37,13.5,1.8,4.09,0.21,0.06,150,52,48,35.2,176,88,2.9,0.92,1.08,0.3,0,0.3,97,53,23,25,7.3,4.3,3,1.43,1.1,17.2,8.0324,7.3,141,4.1,107,2.2,95.31,111,323,434,25.58,8.1,185.77,0.7,12.2,280.9,4.34,9.4,4,146,14.5,1.3,125,102,67,136
235072,PBCHD03KLC,636738,25/09/2018,07:53,08:41,Deep Amber,Slightly cloudy,1.02,4.6,Trace,Negative,Negative,Negative,Negative,2+,Negative,13-15,1,3-2,Rare,Nil,NIL,15.9,5,46,85.3,31,34,14.5,45.1,9016,37,30,8,4,0,1.4,2.54,0.62,0.35,0.03,185,9.2,12,0.28,13.2,3,0.26,0.32,0.37,116,59,102.3,62.3,311.5,68,2,1.73,0.58,0.9,0.2,0.7,60,21,27,36,8.3,4.8,3.5,1.37,0.9,16.3,7.6121,8.46,128,5.4,98,3.3,115.35,77,352,429,17.95,19,498.6,0.6,15.7,215.6,7.28,9.3,2.8,216,17.2,1.04,90,189,204,149
182165,PBCHD14PBM,513392,25/09/2018,11:40,12:23,Pale Yellow,Clear,1.018,5.5,Trace,Negative,Negative,Negative,Negative,Normal,Negative,3-4,1,2-2,Rare,Nil,NIL,14,3.5,29.3,85.9,40,47,14.3,45.6,35002,60,20,2,11,0,6.38,2.19,0.34,0.26,0.09,425,11.4,16,0.08,43.1,1.6,0.28,0.03,0.05,173,29,75.2,69.6,348,157,6,2.59,0.39,0.8,0.1,0.7,99,30,20,46,7.4,4.6,2.8,1.64,0.7,58.6,27.3662,39.09,139,3.3,100,5.9,97.21,88,214,302,29.14,5.8,119.76,0.8,18.9,360.2,5.25,9.3,4,196,18.6,2.78,178,67,75,126
559247,PBCHD05SKM,167790,27/09/2018,07:11,07:46,Deep Amber,Slightly cloudy,1.019,6.8,Trace,Negative,Negative,Negative,Negative,Normal,Negative,1-2,1,1-3,Nil,Nil,Fungal elements,20,5.6,54.8,87.1,35,36,13,40.1,5403,47,18,21,10,0,4.74,2.02,0.27,0.44,0.09,229,10.3,13,0.36,26,1.3,0.23,0.11,1.87,216,40,53.1,15.2,76,142,5.4,1.33,0.75,0.7,0,0.7,108,33,13,17,8.2,4.2,4,1.05,0.8,33.5,15.6445,19.56,135,4.9,112,10.8,82.93,44,138,182,24.18,5.1,99.67,0.6,21.1,123.5,17.09,9.4,4.1,212,8.1,7.05,97,62,100,74
645382,MZLGI03APK,317105,25/09/2018,07:48,08:57,Straw,Clear,1.037,4.8,1+,1+,Trace,1+,Negative,Normal,Negative,3-4,1,1-2,Nil,Rare,Amorphous debris,8.3,5.7,23.2,85.9,14,35,12.4,43.8,9369,51,43,3,6,0,8.1,2.44,0.47,0.02,0.02,229,10.4,11,0.5,33,0.4,3.87,3.28,0.28,231,45,109.3,23.2,116,75,5.1,2.43,0.41,0.6,0.2,0.4,102,19,28,14,6.8,3.7,3.1,1.19,0.7,11.5,5.3705,7.67,139,3.3,98,5.5,104.15,108,95,203,53.2,8,182.9,0.7,11.6,31.4,36.94,7.6,4.3,85,11.2,0.36,78,95,76,162
665469,MZLGI05BRC,274480,27/09/2018,10:13,10:50,Straw,Clear,1.013,5.3,Negative,3+,Negative,Negative,Negative,Normal,Negative,11-13,2,2-3,Nil,Few,NIL,7.5,5.4,52.4,82.8,13,14,14.4,42.6,2226,46,13,1,21,0,1.16,2.95,0.46,0.06,0.09,270,9.5,20,0.57,19.5,0.1,0.16,0.84,0.25,209,36,116.5,9.6,48,128,5.8,3.24,0.31,0.9,0.2,0.7,48,55,39,16,8.1,4.4,3.7,1.19,0.6,8.4,3.9228,6.54,139,4.1,104,5.3,113.25,71,288,359,19.78,6.7,145.59,0,24.1,66.3,36.35,9.8,2.6,81,17.2,0.4,72,86,109,247
825828,GYAHD13ODK,217893,25/09/2018,10:50,12:17,Pink,Slightly cloudy,1.013,6.6,Trace,Negative,Negative,Negative,Negative,Normal,Negative,TNTC,2,16-10,Nil,Nil,Yeast cells,13.1,6.4,39.7,92.9,20,32,12.8,39.4,6201,47,32,2,8,0,7.75,1.94,0.71,0.13,0.17,202,9.4,11,0.3,17,0.9,0.04,0.16,0.33,199,58,87.1,24.9,124.5,72,3.4,1.5,0.67,1.9,0.9,1,182,42,25,90,8.1,4.1,4,1.03,1,140.3,65.5201,65.52,138,2.8,99,3.4,92.71,119,107,226,52.65,6.3,134.11,0.7,27.6,228.5,12.08,8.8,3.6,260,12.1,2.52,128,82,86,112
185402,MZLGI13APK,504578,25/09/2018,08:35,09:16,Straw,Slightly cloudy,1.021,6.6,Trace,Negative,Negative,Negative,Negative,Normal,Negative,7-9,1,2-4,Nil,Few,Artifacts,17.2,5.6,35.7,74.2,30,48,11.1,45.7,17452,48,15,5,7,0,2.28,1.18,0.98,0.17,0.06,809,9.6,17,0.32,21.1,5.4,0.56,0.05,0.01,189,35,64.9,13.1,65.5,174,5.4,1.85,0.54,0.7,0,0.7,112,23,103,16,7.2,4.7,2.5,1.88,1.2,8.5,3.9695,3.31,139,4.4,100,2.9,93.85,199,326,525,37.9,8.9,208.73,0.2,16.8,86.8,19.35,9.5,5.3,138,7.8,3.84,192,95,69,127
899963,PBCHD11RJU,457101,26/09/2018,09:03,10:29,Red,Slightly cloudy,1.014,6,Trace,Trace,Trace,1+,Negative,Normal,Negative,3-4,0,1-3,Rare,Nil,Mucus threads,10.5,6.2,53.3,72,16,19,16.4,46,8124,78,18,10,6,0,9.53,3.17,0.38,0.34,0.02,121,7.5,10,0.35,20.8,2.2,6.95,0.05,2.17,157,44,125.9,44.5,222.5,152,3.6,2.86,0.35,1,0.1,0.9,106,55,29,47,7.5,3.1,4.4,0.7,1.2,12.4,5.7908,4.83,135,4.5,106,5.4,102.43,157,196,353,44.48,6,125.5,0.1,11.2,75.2,14.89,10.4,4.4,149,6.3,2.35,88,119,99,166
179860,KLTRS03ODB,536330,27/09/2018,09:19,10:04,Orange,Clear,1.02,4.7,4+,Trace,Negative,Negative,Negative,Normal,Negative,1-2,2,1-2,Nil,Nil,Mucus threads,11.9,5.4,42.2,86.5,22,28,12.6,41.2,4730,80,37,6,0,0,5.63,3.79,0.62,0.97,0.08,303,7.9,25,0.18,12.5,7.5,2.9,0.25,0.06,207,69,70.1,96.3,481.5,169,3,1.02,0.98,0.9,0.2,0.7,70,10,29,9,6.7,4.3,2.4,1.79,1,134.4,62.7648,62.76,136,4.1,104,6.4,86.21,61,346,407,14.99,6.3,134.11,0.3,11.7,41.5,28.19,9.6,5.4,220,16,2.76,85,79,79,229
614990,KLTRS11MLT,726605,24/09/2018,11:17,12:45,Deep Amber,Hazy,1.01,5.4,Negative,Negative,Negative,Negative,Negative,Normal,Positive,7-9,0,>20,Nil,Nil,NIL,19.3,4.1,38.9,87.4,47,49,14.3,42,4345,48,12,6,6,0,7.94,2.96,1.28,0.06,0.1,183,11,16,0.19,25.9,2.9,0.31,0.34,2.3,198,51,87.1,37.8,189,150,3.9,1.71,0.59,0.6,0,0.6,117,21,38,24,6.5,4.5,2,2.25,0.9,15.8,7.3786,8.2,137,3.2,86,4.4,115.79,122,240,362,33.7,6.1,128.37,0.9,14.8,228,6.49,10,2.7,188,14.7,11.29,80,84,171,193
340136,GYAHD04KAU,123583,27/09/2018,07:28,08:32,Light Yellow,Clear,1.02,6.8,Trace,2+,Negative,Negative,Negative,Normal,Negative,13-15,0,1-3,Nil,Rare,Amorphous debris,17.5,4.5,33.6,70.5,38,52,12.3,41.2,6848,52,23,4,7,0,1.97,1.82,0.78,0.04,0.03,296,7.1,17,0.37,12,1.9,0.79,0.25,0.05,176,23,97.4,17.6,88,141,7.7,4.23,0.24,0.7,0.1,0.6,70,17,26,38,7.7,4.5,3.2,1.41,1.2,75.2,35.1184,29.27,141,4.3,100,4.2,66.7,182,201,383,47.52,5.8,119.76,0.5,839.8,171,491.11,10.1,3.3,178,9.2,0.55,112,64,94,70
608299,PBCHD14KLC,952313,23/09/2018,10:39,11:13,Red,Slightly cloudy,1.013,6.3,Negative,Trace,Trace,Negative,Negative,Normal,Negative,TNTC,1,1-3,Nil,Rare,NIL,9.7,4.4,56.5,54.7,22,17,11.8,41.7,10377,39,11,6,7,10.1,11.66,7.04,0.83,0.34,0.07,253,12,14,0.55,12.2,4.1,0.16,0.84,0.24,162,45,73.9,85.5,427.5,136,3.6,1.64,0.61,0.4,0.1,0.3,76,52,28,9,6.6,4.9,1.7,2.88,0.8,50.1,23.3967,29.25,141,2.4,84,3,96.8,92,127,219,42.01,5.9,122.63,0.8,918.3,265,346.53,8.5,5.4,54,7.8,1.33,177,88,98,162
327258,MZLGI03BRC,441741,23/09/2018,06:20,06:53,Yellow,Slightly cloudy,1.014,5.7,3+,Negative,Negative,Negative,Negative,Normal,Negative,7-9,2,3-3,Rare,Nil,NIL,17.1,5.1,36.8,53.1,33,46,11.5,41.4,6454,50,32,5,18,0,9.22,2.51,0.84,0.48,0.04,162,8.2,9,0.28,13.3,3.1,0.11,0.33,0.25,115,46,146.8,10,50,109,2.5,3.19,0.31,14.8,10.3,4.5,82,10,37,20,6.5,3.5,3,1.17,0.8,15.4,7.1918,8.99,139,3.5,93,2.2,109.85,121,277,398,30.4,8.9,208.73,0.4,23.7,75.5,31.39,10.4,4.2,294,9.7,1.86,97,62,73,93
209488,PBCHD15GAM,321150,27/09/2018,07:47,08:59,Pale Yellow,Clear,1.019,6.4,Trace,Negative,Negative,Negative,Negative,Normal,Negative,7-9,1,3-4,Nil,Few,NIL,11.1,5.9,48.6,84.4,18,22,12.1,46.2,5517,40,44,8,8,0,1.27,5.15,0.74,0.26,0.08,255,9.7,11,0.27,31.8,0.5,0.3,5.61,0.34,205,41,82.5,22.1,110.5,134,5,2.01,0.5,0.4,0,0.4,99,49,13,18,7.6,4.3,3.3,1.3,0.6,11.3,5.2771,8.8,131,2.8,115,4.5,103.76,158,218,376,42.02,12.7,317.79,0.8,17.5,53.8,32.53,10.2,5.8,243,9,0.55,82,64,76,175
998843,PBCHD12HPP,289295,25/09/2018,06:54,08:23,Pale Yellow,Clear,1.011,5.5,Negative,Negative,Trace,Negative,Negative,Normal,Negative,TNTC,1,3-2,Nil,Rare,NIL,10.1,5.6,34.7,58.1,18,29,12.8,43.8,52434,48,39,8,10,0,5.69,2.27,0.75,0.03,0.06,447,10.1,17,0.18,34,6.8,0.23,0.72,0.09,234,57,155.4,65.1,325.5,107,4.1,2.73,0.37,0.8,0.2,0.6,107,53,27,40,6,3.9,2.1,1.86,1,16,7.472,7.47,145,4.5,104,6,113.14,68,171,239,28.45,6.9,151.33,0.4,481.9,63.2,762.5,7.5,2.6,123,18.9,0.76,76,97,90,78
628208,GYAHD08KAU,382068,27/09/2018,09:40,10:26,Pale Yellow,Clear,1.016,5.2,Negative,Trace,Negative,Negative,Negative,Normal,Negative,1-2,1,2-4,Nil,Nil,NIL,8.1,4.6,41.6,97.2,17,19,16.8,44.7,4123,45,24,4,6,0,5.69,2.09,0.08,0.15,0.06,265,10.1,12,0.2,33,2.6,0.19,0.17,3.26,231,44,89.5,38.1,190.5,149,5.3,2.03,0.49,0.7,0.3,0.4,71,30,23,27,6.1,3.7,2.4,1.54,1.2,16.4,7.6588,6.38,138,4.1,101,6.2,109.76,118,210,328,35.98,6.2,131.24,0.2,24.9,77.6,32.09,10.5,5.7,188,5.9,2.8,79,77,111,89
100004,KLTRS05TSS,814028,27/09/2018,07:25,08:33,Light Yellow,Milky,1.006,6.2,Negative,Trace,Trace,Trace,Negative,Normal,Negative,5-6,2,1-4,Nil,Nil,NIL,8,4.2,22.2,70.5,19,36,14.5,45.4,5817,58,28,4,7,0,3.9,2.77,0.29,0.42,0.07,184,7.2,15,0.32,20.3,1,0.17,0.35,0.53,109,55,75.3,22.1,110.5,137,2,1.37,0.73,0.8,0.2,0.6,112,18,39,41,6.3,4.5,1.8,2.5,1.2,11.8,5.5106,4.59,144,3.2,102,5.1,66.26,178,156,334,53.29,7.1,157.07,23.7,16.5,176.2,9.36,7.5,2.3,73,11.4,2.27,102,112,85,129
747043,MZLGI10APK,879510,27/09/2018,11:01,12:10,Light Yellow,Clear,1.015,6.1,Negative,Negative,Negative,Trace,Negative,Normal,Negative,22-27,0,3-2,Nil,Rare,Artifacts,10.6,5.2,36.2,98.8,20,29,12.7,40,8406,49,23,5,5,0,0.76,0.3,0.34,0.15,0.13,312,10.6,14,0.45,24.2,0.2,0.14,0.91,0.22,190,53,175,23.3,116.5,73,3.6,3.3,0.3,0.7,0,0.7,72,53,18,43,6.9,4.2,2.7,1.56,0.6,16,7.472,12.45,134,4.8,100,4.4,96.01,151,229,380,39.74,7.7,174.29,0.3,16.2,324.4,4.99,10,5.5,144,13.3,9.21,228,75,74,181
722906,MZLGI06RJK,407661,26/09/2018,10:25,11:17,Pale Yellow,Clear,1.011,6.6,Trace,1+,Negative,Negative,Negative,Normal,Negative,10-11,0,3-2,Few,Nil,Amorphous debris,14.6,4.3,33.5,89.7,33,43,14.4,40.1,7383,54,22,11,2,0,1.93,2.1,0.65,0.62,0.01,235,10.7,17,0.35,32.5,2.1,0.21,5.77,0.58,130,59,46.6,82.4,412,154,2.2,0.79,1.27,0.7,0,0.7,125,46,31,38,6.4,4.3,2.1,2.05,0.6,32.5,15.1775,25.3,139,2.8,103,4.2,113.75,135,177,312,43.27,7.6,171.42,0.8,343.9,515.5,66.71,10.8,5,74,17.9,1.72,115,71,89,109
604900,PBCHD14GAM,752384,23/09/2018,10:50,11:40,Light Yellow,Slightly cloudy,1.014,5.3,Trace,Trace,Negative,Negative,Negative,Normal,Negative,7-9,2,1-2,Nil,Nil,NIL,11,5.3,50.3,93.3,20,21,14.2,44.7,10021,57,26,17,8,0,6.04,3.13,0.23,0.19,0.05,123,10.6,17,0.2,17.8,4.4,0.94,0.29,0.23,178,66,152.6,6.6,33,62,2.7,2.31,0.43,0.6,0,0.6,76,45,27,31,6.1,4.5,1.6,2.81,0.7,7.5,3.5025,5,130,5.6,100,5.9,100.57,66,125,191,34.55,6.1,128.37,0.5,636.4,96.3,660.85,10.1,4.6,131,6.4,1.64,94,122,84,89
390795,PBCHD06NLM,243096,24/09/2018,08:23,09:33,Light Yellow,Slightly cloudy,1.012,6.7,Negative,Trace,Negative,Negative,Negative,1+,Positive,4-6,1,2-4,Nil,Nil,NIL,11.3,5.9,59.6,91.3,19,18,14.3,40.9,9021,41,37,2,5,1.5,8.45,2.83,0.98,0.6,0.01,99,14.7,17,0.31,28,1.3,0.21,0.4,0.01,158,59,97.1,26.8,134,119,2.7,1.65,0.61,0.9,0.2,0.7,62,7,27,46,7.9,4,3.9,1.03,0.8,70.2,32.7834,40.98,140,4.2,103,5.5,101.08,128,348,476,26.89,5.7,116.89,0.4,14,167.6,8.35,11.5,4.5,185,4.7,0.76,92,79,95,85
728515,PBCHD07KLC,525987,24/09/2018,07:52,08:40,Dark Yellow,Hazy,1.013,6.9,Trace,Trace,Trace,Negative,Negative,Normal,Negative,TNTC,1,2-2,Rare,Nil,NIL,8.3,5.8,36.4,98.4,14,22,12,44.6,10167,25,33,2,6,0,6.95,1.44,0.84,0.07,0.1,107,11.6,21,0.55,21.2,0.1,4.52,0.06,0.06,156,47,92.1,25.9,129.5,119,3.3,1.96,0.51,0.3,0,0.3,115,15,23,15,7.9,3.8,4.1,0.93,0.8,12.8,5.9776,7.47,147,4.5,83,5.4,91.4,66,131,197,33.5,8.1,185.77,0.8,23.9,143.7,16.63,9.3,3.4,139,12.5,3.28,95,71,104,183
797727,PBCHD14PBP,780450,26/09/2018,08:18,09:27,Light Yellow,Clear,1.019,6.9,Negative,Trace,Negative,Negative,Negative,Normal,Negative,8-10,2,2-3,Nil,Nil,NIL,8.9,4.9,49.3,93.1,18,18,14.1,39.5,6870,54,43,1,7,0,2.81,2.67,0.68,0.24,0.01,197,11.4,14,0.34,19.6,0.8,0.48,0.3,0.18,197,57,95,37.2,186,121,3.5,1.67,0.6,0.4,0.1,0.3,127,13,37,32,7.4,3,4.4,0.68,1.1,60.6,28.3002,25.73,145,2.5,105,3.3,108.7,183,332,515,35.53,6.4,136.98,0.7,17.6,177.7,9.9,10,2.9,131,5.8,3.21,81,72,62,166
845825,KLTRS02ODB,461617,26/09/2018,06:46,07:25,Pale Yellow,Slightly cloudy,1.017,5.2,Negative,Negative,Negative,Negative,Negative,Normal,Negative,6-7,2,15-14,Nil,Rare,NIL,8.6,5.3,60.4,95.9,16,14,13.8,45.7,9186,35,35,6,5,0,1.08,1.03,0.48,0.1,0.03,155,14.9,10,0.32,18.2,0.1,0.19,0.1,0.02,170,46,54.3,49.5,247.5,166,3.7,1.18,0.85,0.5,0.2,0.3,77,13,24,18,7.2,4.5,2.7,1.67,0.6,11.2,5.2304,8.72,141,4.8,102,4.3,90.11,200,171,371,53.91,5.8,119.76,0.4,25.8,28.9,89.27,9.2,1.8,259,7.3,0.05,86,83,112,167
318540,MZLGI08APK,800445,25/09/2018,08:36,09:22,Deep Amber,Slightly cloudy,1.019,6.8,Negative,Negative,Negative,Negative,Negative,Normal,Negative,47-51,3,1-4,Rare,Nil,Yeast cells,8.6,5.7,45,99.2,15,19,11.6,43.8,4993,80,42,4,15,0,3.86,1.99,0.53,0.49,0.03,393,14.5,11,0.2,20.9,0.1,0.19,2.33,0.19,227,56,86.9,9.8,49,100,4.1,1.55,0.64,0.5,0.1,0.4,55,30,40,46,6.6,4.7,1.9,2.47,1.2,9.8,4.5766,3.81,137,4.5,95,2.7,111.53,154,288,442,34.84,6.1,128.37,0.8,21.3,210.6,10.11,9.1,4.5,67,13.7,9.56,127,118,74,64
429131,KLTRS03NLZ,669954,27/09/2018,06:31,07:16,Straw,Clear,1.017,4.7,Trace,Trace,Negative,Negative,Negative,Normal,Negative,TNTC,2,3-4,Nil,Rare,Yeast cells,18.4,5.2,48.9,98.9,35,37,14.2,45,4433,35,17,2,4,0,7.91,2.19,0.55,0.46,0.16,54,9.9,11,0.52,18.2,0.1,0.28,0.1,4.49,197,26,114.3,36.5,182.5,63,7.6,4.4,0.23,0.9,0.2,0.7,82,40,22,24,7.4,3.9,3.5,1.11,0.6,11.9,5.5573,9.26,125,5.8,96,5.4,116.09,116,168,284,40.85,8.4,194.38,0.9,234,580.5,40.31,9.8,2.3,284,11.2,3.46,80,87,81,110
373580,GYAHD13ODK,418148,25/09/2018,09:00,10:19,Light Yellow,Clear,1.017,5.6,Negative,1+,Negative,Trace,Negative,Normal,Negative,9-11,1,2-2,Nil,Few,NIL,14.8,8.3,28.6,98.3,17,51,12.7,40.4,8992,50,30,2,3,0,5.45,0.54,0.49,0.07,0.03,217,8.8,20,0.42,33.2,4.7,0.04,0.39,5.89,216,20,98.2,38.1,190.5,113,10.8,4.91,0.2,0.3,0.1,0.2,251,44,37,9,7.3,3.6,3.7,0.97,1.1,19.3,9.0131,8.19,131,3,110,2.5,103.01,62,230,292,21.23,14.7,375.19,0.7,11.2,96.2,11.64,10.7,5,341,2,3.95,72,64,87,105
598933,MZLGI01RJK,207411,26/09/2018,09:45,10:54,Straw,Clear,1.019,4.9,Trace,Negative,Negative,Negative,1+,Normal,Negative,1-3,0,2-3,Nil,Nil,NIL,14.7,4.2,42.3,95,35,34,14.6,43.9,6338,44,54,4,9,0.6,6.91,1.16,0.26,0.56,0.01,107,10.9,11,0.38,21.9,0.1,2.37,0.09,0.27,173,26,164,68.6,343,139,6.7,6.31,0.16,0.8,0.2,0.6,118,10,17,32,7.9,4.2,3.7,1.14,1.1,29.3,13.6831,12.44,138,5.8,103,5.4,86.27,162,345,507,31.95,7.6,171.42,0.7,21.2,105.5,20.09,13.2,3.6,77,2.4,3.98,86,88,205,156
273613,PBCHD01MHS,974588,25/09/2018,10:43,11:38,Pale Yellow,Clear,1.017,6.9,Trace,Negative,Negative,Negative,Negative,Normal,Negative,14-15,0,1-3,Nil,Moderate,NIL,14.2,5.5,37.7,97.6,25,37,13.8,41.6,9629,40,52,4,6,0,7.81,2.89,0.8,0.22,0.01,362,10.2,12,0.3,39.4,1.5,0.63,3.26,0.43,162,57,151.9,15.8,79,118,2.8,2.66,0.38,12.3,7.8,4.5,63,40,28,21,8.3,4,4.3,0.93,0.8,5,2.335,2.92,139,6,99,2.2,64.35,177,329,506,34.98,5.7,116.89,0.9,15.1,113.7,13.28,10.5,3.7,180,20.8,1.05,74,91,83,61
476714,KLTRS14MLT,445686,23/09/2018,11:21,12:24,Pale Yellow,Clear,1.023,4.7,Trace,2+,Negative,Negative,Negative,Normal,Negative,TNTC,3,13-7,Nil,Few,Fungal elements,16.5,4,27.3,92.2,41,60,14.3,31.1,50785,34,35,1,3,0,6.56,2.58,1.05,0.16,0.2,397,13,13,0.26,29.4,1.9,0.21,0.9,0.34,210,51,77.9,14.5,72.5,183,4.1,1.53,0.65,18.5,14,4.5,123,23,15,22,6.9,3.4,3.5,0.97,1.2,6.8,3.1756,2.65,138,2.7,115,2.9,54.31,154,125,279,55.2,6.7,145.59,0.4,10.5,128.7,8.16,10.5,4.4,106,8.9,3.51,104,86,87,229
506502,PBCHD01MHS,725843,25/09/2018,10:47,11:57,Red,Clear,1.022,5.2,Negative,Trace,Negative,1+,Negative,Normal,Negative,2-4,1,1-3,Few,Nil,NIL,12.9,5.1,63.6,94.6,25,20,13.9,43.2,8905,38,33,5,4,0,8,1.4,0.5,0.47,0.07,361,9,16,0.3,26.1,1.2,0.2,0.1,0.4,198,48,54.6,31.9,159.5,100,4.1,1.14,0.88,1.7,0.8,0.9,76,34,27,46,6.8,3.1,3.7,0.84,1.1,28.3,13.2161,12.01,138,4,95,4.6,112.49,196,93,289,67.82,6,125.5,0.1,23.5,52.1,45.11,9.2,4.1,128,5.2,9.68,100,101,224,74
679852,MZLGI15APK,382275,23/09/2018,10:23,11:10,Pale Yellow,Clear,1.017,5.1,1+,Trace,Negative,Negative,Trace,Normal,Negative,4-5,0,3-4,Rare,Nil,NIL,8.3,4.2,49.8,96.4,19,16,12,45.8,10436,61,26,2,2,0,7.56,2.85,0.91,0.32,0.05,319,9.2,17,0.34,34.1,1.7,0.21,0.91,0.05,182,33,57.1,34.6,173,88,5.5,1.73,0.58,0.8,0.2,0.6,87,45,16,10,7.2,4.6,2.6,1.77,0.8,14.7,6.8649,8.58,137,4.3,101,3.6,100.27,173,351,524,33.02,6.9,151.33,0.3,26.6,111.4,23.88,8.9,6.4,151,11.2,3.35,81,196,88,76
982692,PBCHD04RJU,722239,24/09/2018,07:33,08:11,Light Yellow,Clear,1.016,6.6,Trace,Trace,3+,Negative,Negative,Normal,Positive,10-11,2,1-2,Nil,Nil,Parasites,17.4,7,48.6,86.6,24,35,10.7,40.7,8451,52,52,5,3,0,6.75,1.03,0.96,0.06,0.08,349,6.6,17,0.25,28.7,3,1.82,2.53,0.27,106,73,82.6,20.4,102,83,1.5,1.13,0.88,0.8,0.1,0.7,49,43,97,38,7.3,5,2.3,2.17,1,22.9,10.6943,10.69,143,3.8,105,6.3,97.18,88,351,439,20.05,6.3,134.11,0.4,10.4,131.8,7.89,8.3,3.4,86,12.5,1.42,76,74,99,160
981935,GYAHD13KLM,636457,26/09/2018,08:33,09:46,Straw,Opaque,1.012,4.5,Negative,Trace,Negative,Negative,Negative,Normal,Negative,2-3,1,1-2,Nil,Nil,Artifacts,19.4,4.5,42.5,87.6,43,45,13.2,41.5,10632,68,38,10,6,0,0.72,1.05,0.05,0.08,0.02,432,15.5,17,0.34,17.8,0.1,0.39,0.24,0,184,21,142.7,11.9,59.5,68,8.8,6.8,0.15,0.7,0.3,0.4,129,44,21,21,7.9,5,2.9,1.72,0.6,9.7,4.5299,7.55,132,4.6,115,2.9,109.45,106,256,362,29.28,12,297.7,1,16.6,62.7,26.48,11.8,4,168,6.1,0.83,131,81,94,440
657378,GYAHD07KAU,609809,26/09/2018,07:19,07:49,Pale Yellow,Slightly cloudy,1.037,6.4,Negative,Trace,Negative,Negative,Negative,Normal,Negative,4-6,0,3-2,Nil,Nil,Mucus threads,13.2,5.6,19.1,86.1,23,69,14.4,41.3,5918,52,33,4,7,0.6,8.21,1.99,0.77,0.36,0.05,270,6.3,12,0.27,14.1,4.3,0.2,0.3,0.77,200,29,168.9,22.8,114,105,6.9,5.82,0.17,0.6,0.2,0.4,123,43,24,33,8,4.6,3.4,1.35,1.2,15.4,7.1918,5.99,135,3,106,6,115.68,120,346,466,25.75,8.7,202.99,0.2,24.5,21.4,114.49,11.3,2.9,130,18.2,7.01,99,153,82,92
911527,KLTRS08KLP,925695,25/09/2018,08:12,09:00,Yellow,Slightly cloudy,1.02,5.1,Trace,Negative,Negative,Negative,Negative,Normal,Negative,2-3,0,14-11,Few,Nil,NIL,12,4.6,35.4,48.3,26,33,13.3,44.9,54341,39,26,2,6,0,1.58,1.07,0.59,0.24,0.1,393,8.7,16,0.23,29.7,1.4,0.39,0.97,0.39,167,55,72.3,13,65,131,3,1.31,0.76,0.5,0.2,0.3,86,22,23,12,7,4.8,2.2,2.18,1,10.6,4.9502,4.95,142,3.7,97,4.4,77.9,39,230,269,14.5,6.1,128.37,0.2,26.4,107.4,24.58,10.1,5,125,11.3,0.9,112,71,69,143
849322,MZLGI10GJS,364121,24/09/2018,07:01,07:56,Light Yellow,Slightly cloudy,1.018,6.3,Negative,Trace,Negative,Negative,Negative,3+,Negative,5-7,2,3-3,Rare,Nil,NIL,21.9,2.7,15,83.5,81,146,12.9,45,7104,40,34,10,5,0,22.81,2.21,0.43,0.09,0.3,373,8.8,11,0.2,20.7,5.2,3.66,0.15,0.05,127,41,105.1,20,100,84,3.1,2.56,0.39,0.9,0.3,0.6,119,8,34,44,5.3,5,0.3,16.67,0.9,17.9,8.3593,9.29,146,3.9,108,4.8,118.13,138,331,469,29.42,6.3,134.11,0.1,15.5,64,24.22,8,4.5,131,13.6,3.88,99,66,83,261
669275,GYAHD01ODK,720336,23/09/2018,07:34,08:54,Pale Yellow,Slightly cloudy,1.014,4.8,Negative,Trace,Negative,Negative,Negative,Normal,Negative,TNTC,2,6-13,Moderate,Nil,NIL,11.5,7.3,47.1,83.1,15,24,12.1,44.5,6045,59,32,6,7,0,3.96,5.49,0.31,0.99,0.06,427,11.1,24,0.53,24.4,1.9,0.82,5.04,0.27,155,54,181.8,27.6,138,66,2.9,3.37,0.3,1.1,0.5,0.6,40,37,54,91,7,3.6,3.4,1.06,0.9,15.1,7.0517,7.84,145,4.6,101,4,112.14,94,173,267,35.21,7.5,168.55,2.5,18,88.6,20.32,7.6,5.1,232,16.4,3.03,80,75,97,416
596162,MZLGI13APK,510407,27/09/2018,11:27,12:37,Straw,Clear,1.019,5.3,Negative,Negative,Negative,Negative,Negative,Normal,Negative,6-8,5,1-4,Nil,Moderate,Artifacts,14.8,5.8,24.1,56.5,25,61,12.1,41.1,19470,57,46,6,4,0,9.44,2.93,0.77,0.61,0.08,395,9.8,11,0.25,31.3,3.9,0.26,0.19,0.35,168,52,96.2,77.2,386,132,3.2,1.85,0.54,0.6,0.2,0.4,109,14,19,15,7.3,4,3.3,1.21,1.1,10.8,5.0436,4.59,137,4.9,96,2.5,99.13,79,351,430,18.37,8.7,202.99,0.4,24.6,77.6,31.7,11.8,2.8,115,3.5,1.83,122,108,77,103
257261,GYAHD01JHJ,960328,26/09/2018,09:27,10:32,Green,Clear,1.011,6.7,Negative,Trace,1+,Negative,1+,Normal,Negative,3-4,2,1-4,Rare,Rare,NIL,6,5,64.7,86.8,12,9,13.3,49.4,9123,43,39,4,7,0,8.1,1.27,0.35,0.43,0.09,367,11.7,13,0.2,18.9,1.6,0.99,0.33,0.02,223,59,136.1,26.8,134,137,3.8,2.31,0.43,0.5,0,0.5,78,18,13,37,6.1,4.9,1.2,4.08,1.1,12,5.604,5.09,144,3.3,92,2.2,107.21,84,107,191,43.98,5.5,111.15,0.6,14.4,21.1,68.25,9.4,3,107,12,5.04,105,66,71,152
740530,PBCHD08CGD,998771,24/09/2018,06:02,07:30,Yellow,Hazy,1.018,6.9,Trace,Trace,Negative,Negative,Negative,Normal,Negative,11-13,1,2-4,Rare,Nil,NIL,18.8,5.9,13.6,85.9,31,138,13.2,40.4,6271,60,21,11,7,0,1.92,1.56,0.57,0.44,0.05,66,11.8,13,0.35,21.1,0.1,0.67,0.35,0.36,155,20,66.5,11,55,159,7.8,3.33,0.3,0.6,0.2,0.4,54,17,34,14,6.8,4.5,2.3,1.96,0.6,10.9,5.0903,8.48,144,3.3,106,4.5,102.35,186,177,363,51.24,7.4,165.68,0.7,20.7,99.1,20.89,9.5,4,242,3.4,1.78,91,98,82,111
918886,MZLGI13MHP,890727,23/09/2018,10:04,11:18,Pale Yellow,Clear,1.026,5.6,Negative,Negative,Negative,Negative,Negative,Normal,Negative,22-23,2,8-19,Nil,Rare,NIL,11.6,4.9,50.4,42,23,23,12.5,49.7,44763,49,31,3,4,2.9,2.22,2.78,0.23,0.35,0.08,862,7.3,20,0.25,34.2,2,0.01,0.18,0,207,46,79.9,23.1,115.5,66,4.5,1.74,0.58,0.3,0.1,0.2,109,47,39,23,6.3,4.7,1.6,2.94,0.9,14.9,6.9583,7.73,97,4.5,103,2.6,93.17,128,158,286,44.76,6.4,136.98,0.7,15,132.5,11.32,10.5,3.2,195,20.9,3.98,104,151,94,291
639014,KLTRS13KLP,231197,25/09/2018,06:05,07:24,Dark Yellow,Clear,1.009,5.6,Negative,Negative,Negative,Negative,Negative,Normal,Negative,12-13,32,2-2,Nil,Nil,NIL,14.2,5.4,31.7,78.2,26,44,12.2,40.6,4957,36,43,6,5,0,12.55,2.25,0.79,0.37,0,822,12.1,16,0.21,34.6,3.4,0.15,0.39,0.32,219,21,107.8,9.5,47.5,99,10.4,5.13,0.19,0.7,0.3,0.4,50,26,31,47,8,4.1,3.9,1.05,1.2,31.4,14.6638,12.22,147,6,99,5.3,40.05,77,196,273,28.21,5.8,119.76,1,18.9,20.7,91.3,8.6,3.7,76,3.5,0.71,115,70,60,237
808825,MZLGI02APK,441730,24/09/2018,08:27,09:37,Light Yellow,Hazy,1.024,7.5,Trace,Trace,Negative,Negative,Negative,Normal,Negative,4-5,2,3-3,Nil,Nil,Artifacts,18.8,5.7,33,64.3,32,56,13.2,42.7,3649,41,45,9,7,0.8,0.6,1.41,0.03,0.43,0.06,214,8.4,17,0.35,14.3,4.7,0.32,2.29,0.31,213,40,75.7,18.1,90.5,115,5.3,1.89,0.53,0.6,0.2,0.4,94,36,22,18,7.6,4.5,3.1,1.45,1,16.1,7.5187,7.52,148,1.9,112,2.5,94.59,87,201,288,30.21,5.9,122.63,1,16.1,78.5,20.51,10.6,3.3,65,13,0.53,103,66,61,88
954209,KLTRS10ODB,427150,23/09/2018,09:42,10:22,Light Yellow,Clear,1.021,4.9,Negative,Trace,Negative,Negative,Negative,Normal,Negative,11-13,3,1-3,Nil,Rare,Artifacts,11.4,4.6,50.2,75.1,24,22,13.5,41,9203,61,32,6,5,0,6.15,3.95,0.76,0.3,0.09,22,9.5,17,0.06,13.1,1.4,0.28,0.18,0.36,163,58,83.3,15.4,77,203,2.8,1.44,0.7,0.5,0,0.5,252,40,37,31,7.2,4.8,2.4,2,1.1,7.6,3.5492,3.23,143,2.5,96,2.7,115.74,106,183,289,36.68,6.3,134.11,0.7,18.5,113.4,16.31,8.6,3.5,129,11,0.69,79,93,61,98
669191,KLTRS03WBD,588460,26/09/2018,07:14,08:34,Dark Yellow,Slightly cloudy,1.026,5.1,Negative,Trace,Negative,Negative,Negative,Normal,Negative,9-10,1,>20,Rare,Nil,NIL,19.5,4.4,23.1,87.4,44,84,12.6,40,7304,30,39,5,2,0,6.41,0.57,0.87,0.38,0.04,445,11.5,17,0.18,32.9,0.8,1.95,3.75,5.63,226,22,118.3,28,140,125,10.3,5.38,0.19,0.7,0.3,0.4,122,48,34,15,7.1,3,4.1,0.73,1.1,13.1,6.1177,5.56,143,5.8,102,3.4,93.91,119,296,415,28.67,7,154.2,0.9,25.6,140.8,18.18,7.6,5.2,185,11.1,14.24,89,82,106,72
699907,MZLGI08MHP,423949,24/09/2018,07:51,09:17,Straw,Clear,1.024,6.9,Negative,Trace,Negative,1+,Negative,Normal,Negative,12-14,1,3-2,Nil,Few,NIL,9,4.5,51.4,98.3,20,17,14.4,40.7,8491,57,17,8,7,0.7,3.69,1.83,0.08,0.43,0.02,180,10.5,28,0.26,31.5,1.9,0.14,0.57,0.07,780,20,123.8,17.3,86.5,199,39,6.19,0.16,0.4,0,0.4,47,38,17,11,7,4.9,2.1,2.33,0.7,17.4,8.1258,11.61,136,4,98,2.8,106.15,186,246,432,43.06,6.3,134.11,0.5,26,166.7,15.6,10.4,2.4,229,10.1,2.47,124,133,96,71
139191,PBCHD03SKM,935253,23/09/2018,11:28,12:09,Dark Yellow,Slightly cloudy,1.019,4.6,Trace,Negative,Negative,Negative,Trace,Normal,Negative,10-11,1,8-16,Nil,Moderate,Mucus threads,8.1,5.3,33.4,83,15,24,14.6,46.2,8042,53,26,6,5,10.1,9.43,1.26,0.62,0.07,0,116,8.7,15,0.26,32.1,7.2,0.25,0.16,0.18,214,54,137.2,37.4,187,157,4,2.54,0.39,0.8,0.2,0.6,129,53,28,46,6.8,3.3,3.5,0.94,0.8,10.5,4.9035,6.13,140,3.7,109,4.9,105.32,136,105,241,56.43,6.2,131.24,7.2,19,40.8,46.57,8.9,3.3,118,6.1,3.12,108,174,211,299
786571,PBCHD06HPP,719168,26/09/2018,11:36,12:22,Pale Yellow,Clear,1.014,5.7,Negative,Negative,Negative,Negative,Negative,Normal,Negative,13-15,2,1-3,Nil,Nil,NIL,15.7,4.3,31.4,86.1,36,50,13,39.8,24354,52,38,16,6,0,18.11,4.48,0.6,0.44,0.02,283,7.1,11,0.17,29,1.4,0.87,6.73,0.25,174,49,83.8,13.6,68,182,3.6,1.71,0.58,0.3,0,0.3,71,8,31,36,6,5,1,5,1.1,18.3,8.5461,7.77,123,4.5,96,5.3,106.08,128,163,291,43.99,5.8,119.76,0.7,24.5,123.2,19.89,10.6,5.9,306,22.3,2.72,85,91,70,115
327932,MZLGI08GJS,566927,24/09/2018,11:16,12:25,Pale Yellow,Clear,1.02,5,1+,Trace,Negative,Negative,Negative,Normal,Negative,8-10,4,1-4,Rare,Nil,NIL,7.6,6.1,49.5,88.6,12,15,12.8,45.9,9285,60,32,4,2,0,8.49,1.08,0.88,0.32,0.09,371,7.3,14,0.09,29.2,4.7,0.21,0.36,0.11,209,48,61.8,37.9,189.5,161,4.4,1.29,0.78,0.7,0.3,0.4,49,55,12,21,6.2,3.2,3,1.07,2,16.4,7.6588,3.83,143,2.6,106,5.2,93.72,71,152,223,31.84,6.2,131.24,0.5,18.7,67.7,27.62,8.8,2.8,83,10,3.66,103,80,110,151
678498,PBCHD05HPP,506605,26/09/2018,06:14,06:50,Light Yellow,Clear,1.015,4.9,Negative,Trace,Negative,Negative,Negative,Normal,Negative,6-8,2,1-3,Nil,Nil,Parasites,14.7,5.6,43,85.7,26,34,11.5,41.6,6957,80,43,4,1,0,2.23,4.95,0.82,0.08,0.05,176,8.9,12,0.3,33.6,4.3,0.07,0.4,0.32,239,42,87.2,26.5,132.5,140,5.7,2.08,0.48,0.4,0.1,0.3,110,37,31,12,6.4,4.8,1.6,3,0.6,10.9,5.0903,8.48,142,4.1,107,1,104.5,68,145,213,31.92,8.3,191.51,21.3,26.2,107,24.49,11.5,5,107,6.2,1.03,113,62,95,264
191948,KLTRS04WBD,666220,24/09/2018,07:30,08:41,Pale Yellow,Slightly cloudy,1.016,6.9,2+,Negative,Negative,Negative,Negative,Normal,Negative,7-8,0,3-2,Nil,Moderate,Amorphous debris,8.7,4.7,37.1,84.8,18,23,13.9,49.1,10235,68,34,3,2,10,8.21,1.71,0.41,0.32,0,431,11.1,15,0.51,17.1,3.2,0.02,0.33,0.85,198,39,97.4,17.5,87.5,144,5.1,2.5,0.4,0.4,0,0.4,67,39,70,48,6.3,4.6,1.7,2.71,1.1,12.2,5.6974,5.18,140,2.5,113,3.2,36.63,144,345,489,29.45,6.3,134.11,0.9,161.9,67.3,240.56,9.4,4.7,122,19.4,1.9,139,98,110,93
994271,KLTRS06TSS,565064,27/09/2018,08:49,09:38,Straw,Clear,1.014,5.6,1+,1+,Negative,Negative,Negative,1+,Negative,7-9,0,2-4,Nil,Nil,Fungal elements,17.3,5.3,32.4,77.5,32,53,14.4,36.1,4257,48,21,2,6,0,8.24,4.8,0.5,0.29,0.17,111,9.8,15,0.26,25.3,0.1,0.15,0.37,0.26,180,42,80.2,16.4,82,168,4.3,1.91,0.52,1.9,0.9,1,80,34,7,89,6.3,3.5,2.8,1.25,0.9,8.6,4.0162,4.46,128,4.7,103,4.4,100.58,117,346,463,25.27,7.9,180.03,0.8,12.2,259.6,4.7,9.2,2.2,295,14.1,3.31,82,116,86,190
750756,KLTRS04ODB,938328,27/09/2018,09:40,10:47,Pale Yellow,Clear,1.013,5.3,Negative,Negative,Negative,Negative,Negative,Normal,Negative,TNTC,0,1-4,Nil,Nil,NIL,19,4.9,45.2,92.3,38,42,12.3,44.3,6607,58,32,6,4,0,2.87,2.89,0.59,0.03,0.08,1017,9.8,7,0.37,23.2,0.1,0.37,0.22,0.27,180,56,98.9,7.6,38,195,3.2,1.77,0.57,0.7,0.3,0.4,79,52,10,30,8.3,4.4,3.9,1.13,1,14.4,6.7248,6.72,131,4.1,99,9.7,97.48,155,139,294,52.72,6.2,131.24,0.4,333.6,104.9,318.02,10.2,2.1,194,15,3.59,97,67,102,111
990098,PBCHD03PBM,881769,23/09/2018,06:44,07:43,Red,Clear,1.012,6.9,1+,Trace,Negative,Negative,Negative,Normal,Negative,4-6,2,1-4,Nil,Nil,Fungal elements,17,5.5,51.9,97.4,30,32,12.7,42.7,5939,57,21,3,6,0,6.49,4.46,0.07,0.23,0.15,70,9.7,15,0.37,42.8,4.8,1.17,0.21,0.17,203,68,88.8,84.7,423.5,125,3,1.31,0.77,0.7,0,0.7,115,25,15,17,7.4,5.1,2.3,2.22,0.7,5.3,2.4751,3.54,147,2.9,104,3.5,98.66,60,297,357,16.81,8.1,185.77,0,22.7,101.4,22.39,9,4.6,173,8,2.03,74,83,116,274
986691,KLTRS10KLP,980775,24/09/2018,07:13,07:49,Pale Yellow,Hazy,1.028,4.9,Negative,Trace,Negative,1+,Negative,1+,Negative,4-6,20,2-2,Nil,Nil,NIL,11.2,4.7,32.1,73.8,23,34,12.4,42.9,8266,45,20,13,8,0,7.09,1.27,0.89,0.04,0.08,246,9.8,11,0.26,26.4,2.9,1,0.39,0,168,48,81.7,66.2,331,120,3.5,1.7,0.59,0.4,0.1,0.3,64,43,40,16,7.2,4,3.2,1.25,1,17.5,8.1725,8.17,148,4.8,100,3.7,100.12,246,264,510,48.24,7.4,165.68,0.5,28.8,138.9,20.73,8.8,3.7,191,11.2,0.38,75,68,123,89
270400,MZLGI10GJS,691648,23/09/2018,11:56,12:40,Straw,Slightly cloudy,1.01,6.9,Negative,Negative,Negative,Negative,Negative,Normal,Negative,9-11,0,1-2,Nil,Nil,NIL,16.6,4.9,17.3,90,33,95,12.1,40.6,4195,44,35,3,9,0,6.51,2.78,0.56,0.25,0.07,370,10.3,20,0.23,34.5,3.9,0.28,0.31,0.36,168,48,63.7,11.5,57.5,149,3.5,1.33,0.75,0.7,0.3,0.4,264,17,20,21,6.1,4.8,1.3,3.69,0.8,18.6,8.6862,10.86,136,4.1,125,2,105.52,97,220,317,30.6,7.5,168.55,0.2,12,132.3,9.07,10,3.4,170,5,3.54,145,91,84,99
794510,GYAHD07JHJ,925335,23/09/2018,08:18,09:47,Straw,Clear,1.018,5,Trace,Trace,Negative,Negative,Negative,Normal,Negative,10-12,2,>20,Rare,Nil,NIL,10.7,5.7,43.3,47.7,18,24,13.8,41.2,7591,46,39,6,11,1.5,1.31,1.15,0.58,0.03,0.06,363,9.6,16,0.23,31.8,0.5,5.84,0.08,0.21,150,37,119.8,59.4,297,61,4.1,3.24,0.31,0.8,0.1,0.7,83,46,23,36,8,4,4,1,0.9,7.2,3.3624,3.74,147,4.5,110,3.6,114.29,112,157,269,41.64,7.7,174.29,20,56.7,24.9,227.71,10.1,2,98,11.9,1.71,130,187,74,165
226943,MZLGI08GJS,478162,24/09/2018,07:21,07:54,Dark Yellow,Clear,1.023,5.2,Trace,Negative,Negative,Negative,Negative,Normal,Negative,TNTC,4,3-4,Nil,Nil,NIL,8.6,5.9,52.8,85.6,14,16,13.5,45.7,8759,66,23,4,6,0,14.92,0.01,0.69,0.47,0.09,450,10.5,16,0.56,13.1,0.8,0.76,0.32,3.49,179,56,68.6,37.6,188,114,3.2,1.23,0.82,0.7,0.3,0.4,107,25,34,35,7.4,3.8,3.6,1.06,1.2,9.3,4.3431,3.62,135,3.3,108,5.7,109.62,195,344,539,36.18,7.6,171.42,0.4,313.6,23.1,1357.58,10.4,4.4,60,12.3,2,81,199,93,161
514658,KLTRS15ODB,944971,26/09/2018,10:50,11:20,Straw,Slightly cloudy,1.018,5,Trace,Trace,1+,Negative,Negative,Normal,Negative,13-15,2,1-2,Nil,Nil,NIL,11.9,8,46.5,81.3,14,25,13.3,40.5,21894,55,33,4,3,0,4.54,4.25,0.64,0.18,0,154,11.3,8,0.38,25.8,5,0.04,0.02,0.16,225,39,150.3,13.1,65.5,111,5.8,3.85,0.26,0.9,0.3,0.6,78,50,12,29,6.3,4.1,2.2,1.86,1.2,9.8,4.5766,3.81,138,3.9,106,2.5,79.72,67,298,365,18.36,6.1,128.37,0.4,14.8,51.7,28.63,10.2,2.8,71,6.6,2.47,125,76,105,156
239096,MZLGI02RJK,920332,26/09/2018,06:32,07:45,Light Yellow,Slightly cloudy,1.011,6.9,Trace,2+,Negative,Negative,Negative,Normal,Negative,6-7,1,3-2,Nil,Nil,Fungal elements,18.1,4.3,38.9,89.3,42,46,12,40.9,7652,53,48,4,4,0,6.22,2.82,0.67,0.34,0.08,226,7.1,11,0.09,42.2,3.6,0.12,0.31,0.01,230,67,93.7,34.9,174.5,72,3.4,1.4,0.72,0.7,0.2,0.5,110,14,11,15,7.3,4,3.3,1.21,2.2,16.6,7.7522,3.52,141,4.3,95,4.2,106.29,135,278,413,32.69,7.5,168.55,0.9,508.2,131,387.94,9.8,5.1,93,16.1,3.99,72,97,73,286
463168,GYAHD11KLM,396005,27/09/2018,06:39,08:08,Pale Yellow,Slightly cloudy,1.013,4.7,Trace,Trace,Negative,Negative,Negative,Normal,Negative,TNTC,1,2-2,Nil,Nil,NIL,21.1,4.1,30.5,78.7,51,69,14.6,34.2,5143,59,34,3,8,0.2,17.88,2.44,1.22,0.25,0.02,539,8.3,28,0.31,13.6,2.3,0.22,0.36,0.27,226,73,108.2,27.8,139,203,3.1,1.48,0.67,1,0.3,0.7,70,15,18,22,7.4,3.7,3.7,1,1.2,9.6,4.4832,3.74,136,2.8,98,5.3,115.78,193,347,540,35.74,7,154.2,0.9,921.8,123.8,744.59,13.3,2.6,106,12.5,2.84,90,88,97,158
663298,GYAHD11KLM,762799,27/09/2018,11:02,11:33,Deep Amber,Hazy,1.013,5.9,Negative,Negative,Negative,Negative,Negative,Normal,Negative,TNTC,0,3-2,Nil,Nil,Yeast cells,12.5,5,33.1,94.8,25,37,13.7,41.1,6921,34,22,5,23,0,4.73,1.64,0.22,0.25,0.07,116,12.6,20,0.07,21.4,0.1,0.07,0.2,0.51,184,40,157.8,11.4,57,69,4.6,3.95,0.25,0.8,0.2,0.6,60,41,18,12,7.3,4.2,3.1,1.35,1,11.1,5.1837,5.18,126,4.3,102,2.2,105.63,92,276,368,25,5.7,116.89,0.1,18.7,90.4,20.69,9.8,2.9,205,16.5,3.49,160,70,97,150
441173,PBCHD04KLC,569612,26/09/2018,07:21,07:55,Straw,Clear,1.013,6,2+,1+,Negative,Negative,Negative,Normal,Negative,3-5,1,3-4,Moderate,Nil,Yeast cells,10.8,5.8,39.5,94.9,18,27,13.5,44.4,4942,51,39,5,2,0,6.27,2.73,0.3,0.08,0.07,395,13.7,15,0.28,18,4.3,0.31,0.38,0,221,30,101.7,43.7,218.5,84,7.4,3.39,0.29,0.3,0.1,0.2,62,46,16,38,6.3,4.4,1.9,2.32,0.6,10.8,5.0436,8.41,138,3.8,97,3.6,76.3,192,213,405,47.41,11.5,283.35,0.1,22.7,148.1,15.33,10.3,5,109,8.1,0.25,92,88,80,65
707151,KLTRS11MLT,770033,27/09/2018,07:38,08:49,Pale Yellow,Clear,1.016,5.7,Trace,Trace,Negative,Negative,Trace,Normal,Negative,7-9,0,>20,Nil,Nil,NIL,16.7,6.8,34,56.6,24,49,12.1,45.9,52335,46,25,6,5,0,3.91,2.06,0.06,0.15,0.01,312,5.8,12,0.49,22.8,3.1,0.52,0.02,0.3,200,41,71.5,65.4,327,117,4.9,1.74,0.57,0.5,0.2,0.3,100,36,24,17,6.1,3.5,2.6,1.35,1,11.9,5.5573,5.56,135,4.2,104,6.4,97.55,99,132,231,42.86,6,125.5,24.3,291.4,60.9,478.49,8.6,4.2,41,6.1,5.08,74,84,79,103
587363,GYAHD08JHJ,991827,25/09/2018,08:23,09:16,Light Yellow,Clear,1.018,6.9,1+,1+,Negative,Trace,Negative,Normal,Negative,1-3,2,1-3,Rare,Nil,NIL,15.9,5,46.7,52.7,31,34,13.7,43.1,9660,49,21,5,3,0,18.41,4.68,0.26,0.49,0.02,258,7.4,14,0.34,27.9,2.7,0.3,0.16,0.39,155,55,86.2,28.7,143.5,85,2.8,1.57,0.64,0.7,0.3,0.4,47,19,24,8,6.7,4.7,2,2.35,0.9,17.9,8.3593,9.29,149,4.7,98,3.2,99.57,91,112,203,44.83,8.2,188.64,1,12.6,293.7,4.29,10,3.4,64,19.5,1.92,135,286,111,63
129681,MZLGI02APK,652286,24/09/2018,10:13,10:54,Light Yellow,Clear,1.015,6.2,Negative,Trace,Negative,Negative,Negative,Normal,Negative,92-95,0,1-2,Rare,Few,NIL,15.4,6.2,59.2,73.3,24,26,14.3,39.9,5533,43,55,6,6,0,0.29,2.5,0.13,0,0.01,249,5.2,12,0.28,19.5,0.1,0.34,0.06,0.26,224,49,85.7,31.9,159.5,69,4.6,1.75,0.57,0.8,0.2,0.6,121,16,31,38,8,4.5,3.5,1.29,1,17.8,8.3126,8.31,139,3.8,112,2.5,85.1,105,133,238,44.12,8.9,208.73,0.1,18.6,121.6,15.3,9.1,3.7,79,17.1,3.72,134,117,84,131
377840,PBCHD14HPP,933658,25/09/2018,06:18,07:28,Pale Yellow,Hazy,1.013,6.8,Trace,Negative,Negative,Negative,Trace,Normal,Negative,2-3,5,3-4,Nil,Rare,Yeast cells,11.2,4.1,23.2,88.8,27,48,14,44.7,43603,54,24,4,4,0,1,0.09,0.69,0.23,0.08,84,7.4,12,0.28,28.9,0.1,0.3,0.3,0.07,231,40,74.8,6.8,34,104,5.8,1.87,0.53,0.8,0.2,0.6,89,20,14,30,7.1,3.8,3.3,1.15,0.7,9.8,4.5766,6.54,148,4.3,103,5.7,117.42,149,353,502,29.68,7.6,171.42,0.9,23.9,82.4,29,10.3,4.5,57,10,2.99,114,66,70,101
182518,MZLGI10RJK,374798,26/09/2018,09:24,10:22,Pale Yellow,Hazy,1.014,6.1,Trace,Trace,Negative,Negative,Negative,Normal,Negative,9-10,0,3-3,Rare,Nil,NIL,11.4,5.4,43.2,94,21,26,13,39.2,5185,56,38,1,2,2.5,1.46,2.02,0.66,0.26,0.13,208,7.9,15,0.23,19.6,1.9,2.37,0.2,0.46,168,58,90,35.4,177,79,2.9,1.55,0.64,0.8,0.3,0.5,81,25,35,44,6.6,4.8,1.8,2.67,0.7,15.9,7.4253,10.61,135,4,96,5.1,95.18,188,295,483,38.92,7.8,177.16,6.1,16.7,110.3,15.14,9.2,2.8,194,7.4,0.8,79,97,70,237
467954,KLTRS10MLT,448385,25/09/2018,11:51,12:34,Light Yellow,Slightly cloudy,1.019,6,Negative,Negative,Negative,Negative,Trace,Normal,Negative,82-86,2,1-2,Nil,Nil,Fat droplets or lipiduria,5.7,5.4,62.2,99.5,10,9,11.7,44.9,10696,57,34,1,2,0,8.46,1.92,0.63,0.07,0.09,702,10.3,12,0.31,32.6,0.5,0.11,0.28,0.42,238,71,88.4,27.5,137.5,121,3.4,1.25,0.8,0.5,0.1,0.4,73,17,39,18,8,4.1,3.9,1.05,0.6,19.9,9.2933,15.49,146,3.9,106,3.2,91,90,181,271,33.21,9.4,223.08,0.6,14.7,93.3,15.76,9.7,2.5,108,11.9,3.57,100,69,86,397
333597,KLTRS11WBD,647087,25/09/2018,08:00,09:02,Straw,Slightly cloudy,1.019,4.5,Trace,Trace,Negative,Negative,Negative,Normal,Negative,9-10,5,1-3,Moderate,Nil,NIL,15.3,5.5,45.1,75.3,27,33,11.6,39.2,4178,51,33,1,11,0,14.3,4.85,0.44,0.61,0.08,194,9.8,12,0.51,32.9,1.4,3.87,0.08,0.07,148,41,88.8,31,155,90,3.6,2.17,0.46,0.7,0.2,0.5,81,14,19,40,7.2,4.8,2.4,2,1,13.1,6.1177,6.12,132,3.9,95,3.7,103.84,115,369,484,23.76,8,182.9,0.8,20.6,126.3,16.31,9.4,3,86,16.7,2.63,144,95,63,195
582652,GYAHD15ODK,727260,26/09/2018,09:19,10:36,Straw,Slightly cloudy,1.01,6.8,Negative,Trace,Negative,Negative,2+,Normal,Negative,2-3,1,3-4,Few,Nil,Artifacts,19.3,5.1,52.1,84.4,37,37,13.3,42.7,5411,66,26,11,3,0,0.63,2.06,0.61,0.22,0.1,1147,9.2,14,0.39,18,4.4,0.24,0.83,0.36,185,42,101.7,33.9,169.5,116,4.4,2.42,0.41,0.3,0,0.3,62,13,37,35,7.5,4.1,3.4,1.21,0.9,10.2,4.7634,5.29,144,3.3,103,4.6,106.43,34,140,174,19.54,5.9,122.63,0.1,25.6,140.2,18.26,9.4,2.4,213,22.8,0.89,70,81,96,101
886997,PBCHD15HPP,752162,27/09/2018,08:40,09:11,Green,Slightly cloudy,1.022,6.3,Negative,Trace,Negative,Negative,Negative,Normal,Negative,44-48,2,3-4,Nil,Nil,Mucus threads,12.4,4.8,47.4,83.2,25,26,13.4,35.1,4656,42,43,5,8,0,5.02,5.61,0.78,0.2,0.06,188,8.5,16,0.3,13.5,3.1,0.15,0.3,2.47,167,65,75.9,23.7,118.5,132,2.6,1.17,0.86,0.5,0.2,0.3,78,28,28,30,7,3.6,3.4,1.06,0.7,13.7,6.3979,9.14,144,4.4,90,5.8,107.09,68,125,193,35.23,8.7,202.99,0.5,28.8,90.6,31.79,9,3.7,199,16.8,1.62,147,192,80,98
639179,KLTRS06ODB,183593,25/09/2018,08:39,09:59,Light Yellow,Clear,1.019,4.8,Negative,Negative,Negative,Negative,Negative,Normal,Negative,3-4,1,1-4,Nil,Nil,NIL,13,6.2,14.9,94,20,87,11.7,41,10036,42,37,5,6,0,4.35,1.38,0.97,0.2,0,150,8.6,16,0.36,19.6,0.1,0.24,0.72,0.41,166,50,128.7,31.8,159,154,3.3,2.57,0.39,0.7,0.3,0.4,238,9,37,31,7,3.9,3.1,1.26,1.8,12.3,5.7441,3.19,136,3.6,95,4.8,28.39,37,344,381,9.71,8.9,208.73,0.7,17.3,64.8,26.7,9.3,4.4,273,7.5,1.45,111,65,88,90
789574,PBCHD03RJU,870445,26/09/2018,09:03,09:58,Pale Yellow,Slightly cloudy,1.011,6.1,Negative,Trace,Negative,Negative,Negative,Normal,Negative,5-7,0,1-4,Rare,Nil,Parasites,8.5,4.6,42.3,97.7,18,20,11.1,45.1,40706,41,48,2,8,8.9,0.95,2.65,0.52,0.17,0.08,119,11.5,11,0.06,47.9,7.1,0.13,0.19,0.31,203,41,157.6,35.9,179.5,125,5,3.84,0.26,0.9,0.2,0.7,40,45,20,29,6.1,3.6,2.5,1.44,1.9,33.1,15.4577,8.14,139,2.6,101,2,114.05,86,92,178,48.31,5.8,119.76,0.3,24.6,118.6,20.74,8.5,2.5,167,4.8,3.04,158,94,85,207
387298,GYAHD11KLM,154630,26/09/2018,09:29,10:53,Pale Yellow,Clear,1.017,4.6,1+,Trace,Trace,Negative,Negative,Normal,Negative,12-13,2,3-2,Nil,Nil,NIL,14.6,7.3,43.2,74.4,20,33,11.8,44.2,9625,27,22,5,3,0,1.31,3.68,0.07,0.3,0,292,9.3,16,0.07,23.7,2,0.23,0.13,0.08,169,76,80,37.9,189.5,91,2.2,1.05,0.95,0.9,0.2,0.7,45,45,30,47,8.1,4.6,3.5,1.31,1.2,19.5,9.1065,7.59,130,5.8,103,3.7,117.8,96,358,454,21.15,8.4,194.38,0.1,27.9,140.3,19.89,9.1,2,148,19.3,0.61,102,196,169,278
811466,MZLGI04APK,772615,27/09/2018,07:02,08:10,Straw,Clear,1.014,6.1,Trace,Trace,Negative,Negative,Negative,Normal,Negative,TNTC,1,3-4,Nil,Nil,Amorphous debris,11.5,5.2,51.7,50.6,22,22,13.7,45.3,10788,42,28,2,1,0,5.72,2.79,0.53,0.06,0.09,317,11.7,14,0.23,32.6,0.1,0.35,0.9,0.57,197,53,88,42.3,211.5,115,3.7,1.66,0.6,0.9,0.2,0.7,61,32,37,29,6.6,4.2,2.4,1.75,0.9,7.7,3.5959,4,123,4.4,97,2.7,51.45,132,346,478,27.62,5.8,119.76,1,18.3,146.9,12.46,9.2,3.9,166,15.1,12.54,72,74,95,172
986400,KLTRS12ODB,181714,26/09/2018,08:54,09:41,Straw,Clear,1.014,9,Trace,Negative,Negative,Negative,Trace,Normal,Negative,12-13,0,1-4,Nil,Rare,NIL,4,4.4,61.1,51.9,9,6,12.2,49,2728,48,23,0,20,11.6,6.25,5.81,0.24,0.64,0.09,356,8.8,15,0.36,37.8,4.6,0.34,0.33,0.1,171,47,96,29.4,147,83,3.6,2.04,0.49,0.9,0.3,0.6,92,45,16,18,7.3,4.5,2.8,1.61,0.9,13.2,6.1644,6.85,139,3.9,108,5.8,103.14,60,303,363,16.53,6.3,134.11,0.8,23,127,18.11,10.7,5.6,191,17.9,4.44,89,88,120,85
864233,PBCHD05CGD,943711,23/09/2018,06:30,07:50,Pale Yellow,Clear,1.019,6.7,Trace,3+,Negative,Negative,Negative,Normal,Negative,4-6,5,3-4,Nil,Rare,NIL,9.4,4.5,48.6,79.4,20,19,12.8,49,10639,44,33,2,14,0,3.55,2.84,0.15,0.17,0.02,152,10.5,13,0.37,38.3,4.5,0.26,0.31,0.75,196,61,88.3,27.6,138,74,3.2,1.45,0.69,0.3,0.1,0.2,41,21,19,24,6.3,4.1,2.2,1.86,1.2,11.2,5.2304,4.36,131,4.2,114,3.8,112.69,179,321,500,35.8,6.4,136.98,0.8,18.1,107.4,16.85,10.4,4.6,132,8.8,3.85,82,95,78,93
887537,PBCHD02SKM,907533,26/09/2018,10:56,12:04,Yellow,Hazy,1.015,5.3,Trace,1+,Negative,Negative,Trace,Normal,Negative,7-9,0,3-2,Nil,Nil,Parasites,11.3,5.4,24.3,115.7,20,46,13.6,41.7,9364,47,22,3,2,0,9.77,2.99,0.62,0.63,0.03,346,9,16,0.27,25.9,2.9,0.29,5.46,0.05,187,54,80,32.8,164,136,3.5,1.48,0.68,0.6,0.1,0.5,82,14,39,14,6.4,5,1.4,3.57,0.9,16.9,7.8923,8.77,139,4.3,105,5.1,115.08,166,115,281,59.07,6,125.5,0.5,12.4,22.3,55.61,8.9,3.8,153,13.3,7.65,74,80,216,123
847697,GYAHD04KAU,320502,25/09/2018,06:49,07:21,Light Yellow,Opaque,1.02,6.6,Trace,Negative,Negative,Negative,Negative,Normal,Negative,1-2,2,3-3,Rare,Nil,NIL,11.4,4.5,57.3,71.5,25,19,12.5,39.5,34810,53,32,2,7,0,5.92,2.82,0.69,0.55,0.09,118,10.7,17,0.33,18.8,1.8,3.82,0.09,0.53,589,49,40.2,38.3,191.5,138,12,0.82,1.22,0.9,0.2,0.7,125,32,12,67,7.7,4.5,3.2,1.41,1.2,16.1,7.5187,6.27,138,4,107,5.1,102.25,188,129,317,59.31,5.7,116.89,0.9,12.7,40.5,31.36,11.5,3.5,169,5,1.87,91,99,240,93
268116,PBCHD13MHS,229969,23/09/2018,11:20,11:51,Pale Yellow,Clear,1.032,6.8,Negative,Negative,Negative,Negative,Negative,Normal,Negative,5-6,0,2-4,Nil,Few,NIL,17.7,7.3,51.6,94.5,24,34,12.7,44.3,5546,50,19,6,14,0,4.21,3.36,0.25,0.55,0.06,108,7.1,11,0.14,14,5.8,0.5,4.69,3.91,183,22,88.1,33.1,165.5,82,8.3,4,0.25,0.5,0.2,0.3,127,34,14,46,6.2,3.9,2.3,1.7,1.2,220.6,103.0202,85.85,144,2.9,112,4.1,99.8,150,334,484,30.99,6.3,134.11,1.4,21.5,43.3,49.65,10,3.4,272,11.8,0.77,99,83,61,139
411297,PBCHD08KLC,795251,23/09/2018,06:30,07:15,Straw,Clear,1.013,6.6,Trace,1+,Negative,Negative,Negative,Normal,Negative,TNTC,0,3-2,Nil,Rare,Mucus threads,15.4,5.2,53.6,73.7,29,28,13.8,42.9,33928,47,21,5,7,0,6.43,4.12,0.73,0.88,0.07,115,9.6,22,0.26,31.7,0.1,5.11,0.18,0.1,185,29,162.4,12.6,63,105,6.4,5.6,0.18,0.6,0,0.6,95,44,33,12,7.1,4.6,2.5,1.84,1.2,20,9.34,7.78,147,4.4,103,3.1,104.7,84,191,275,30.55,7.9,180.03,0.5,13.2,53,24.91,9.5,1.2,89,4.7,2.07,106,75,82,123
603836,GYAHD08ODK,277812,23/09/2018,08:26,09:23,Yellow,Slightly cloudy,1.018,4.6,1+,Trace,Negative,1+,Negative,1+,Negative,6-7,2,2-3,Nil,Nil,NIL,14.2,5,33.2,87.1,28,42,14,40.4,6930,30,42,1,3,0,2.78,3.19,0.32,0.09,0.05,256,7.4,20,0.3,21.4,4.1,2.31,0.21,3.45,127,78,29.3,51.7,258.5,123,1.6,0.38,2.66,0.8,0.1,0.7,85,43,32,21,8.2,4.2,4,1.05,0.8,15,7.005,8.76,136,4.2,100,6.3,71.64,184,356,540,34.07,5.9,122.63,0.3,287.1,32.3,888.85,10.5,3.2,192,7,11.83,76,74,207,190
706043,GYAHD06JHJ,421899,24/09/2018,10:56,11:28,Straw,Clear,1.026,7,Trace,Negative,Negative,Negative,Negative,Normal,Negative,10-11,1,1-4,Nil,Rare,NIL,11.7,6.4,31.2,71,18,37,14,40.4,4824,60,14,5,7,0.2,9.98,0.65,0.01,0.36,0.04,312,11.1,12,0.34,24.3,6.9,0.25,0.04,0.26,193,27,39,45.3,226.5,214,7.1,1.44,0.69,0.9,0.2,0.7,289,18,26,40,6.4,4.1,2.3,1.78,0.8,51.8,24.1906,30.24,148,4.6,99,5.5,107.26,86,145,231,37.23,6,125.5,0.6,14.4,282.6,5.1,9.6,3.6,72,4,2,110,146,64,190
144494,MZLGI09MHP,622513,27/09/2018,10:39,11:50,Pale Yellow,Hazy,1.015,6.4,Negative,Trace,Trace,Negative,Negative,Normal,Negative,6-8,2,3-4,Nil,Nil,NIL,8.5,3.3,52.9,124.7,25,16,14.1,40,10619,35,32,5,0,0,6.01,1.98,0.87,0.49,0.09,170,10.5,17,0.38,32.8,0.9,0.01,0.17,0.18,119,45,210.4,7.1,35.5,179,2.6,4.68,0.21,0.9,0.2,0.7,86,12,40,28,7.5,4.2,3.3,1.27,1.1,19.9,9.2933,8.45,149,2.9,103,2.2,107.73,82,282,364,22.53,11.2,274.74,0.8,17.5,88.3,19.82,7.6,2.9,206,8.8,1.67,137,79,72,97
997426,PBCHD05MHS,759116,25/09/2018,11:00,11:51,Light Yellow,Slightly cloudy,1.014,4.9,Negative,Trace,Negative,Negative,Negative,Normal,Negative,3-4,0,2-3,Nil,Nil,NIL,9.3,5.2,54.3,44.7,17,17,13.4,40.8,10612,49,20,5,5,0.8,5.78,1.26,0.57,0.38,0.04,259,12,17,0.27,33.5,0.1,0.15,0.16,0.07,228,74,89.7,32.4,162,143,3.1,1.21,0.82,0.7,0.3,0.4,40,53,20,33,7.3,4.5,2.8,1.61,1.1,7.2,3.3624,3.06,148,3.6,87,5.7,116.98,98,271,369,26.56,8.1,185.77,0.6,28,73.5,38.1,8,2.5,204,9.6,1.55,105,60,75,192
344280,KLTRS13ODB,816665,27/09/2018,08:02,09:24,Straw,Clear,1.011,6.8,Trace,Trace,Negative,Negative,Negative,Normal,Negative,79-83,0,1-2,Rare,Nil,Fat droplets or lipiduria,14.1,5.5,40.2,99.2,25,35,14,44.2,6733,44,33,24,5,0,4.82,7.4,0.45,0.22,0.09,119,9.3,10,0.15,14,4.3,0.04,0.17,4.63,193,58,131.7,62.5,312.5,125,3.3,2.27,0.44,0.6,0.2,0.4,78,17,26,10,7.4,4.8,2.6,1.85,1,16.6,7.7522,7.75,142,4.5,107,2.2,107.41,25,357,382,6.54,6.3,134.11,0.3,14.8,27.8,53.24,12.7,2.2,146,3.6,1.34,99,104,115,170
818259,GYAHD13JHJ,976404,23/09/2018,08:02,08:32,Straw,Slightly cloudy,1.017,6.7,Negative,2+,Negative,Negative,Negative,Normal,Negative,12-13,2,1-2,Nil,Nil,NIL,9.1,4.6,47,95.1,19,19,12.4,41.7,8371,36,21,10,7,0,6.63,3.47,0.16,0.33,0.02,373,6,16,0.23,17.5,3.8,0.85,0.14,0.77,208,32,126.8,11.8,59,67,6.5,3.96,0.25,0.6,0.1,0.5,125,18,14,40,6.9,4,2.9,1.38,0.6,26.4,12.3288,20.55,139,4,95,3.4,112.96,96,254,350,27.43,5.5,111.15,0.4,16.4,25.4,64.57,10.3,3.1,150,10.1,3.53,167,79,122,97
228252,MZLGI02APK,171778,24/09/2018,08:35,09:34,Light Yellow,Hazy,1.013,4.5,1+,Trace,Negative,Negative,Negative,Normal,Negative,12-13,2,1-2,Nil,Nil,NIL,8.3,8.3,51.7,85.5,10,16,13,39.2,48408,32,16,3,7,0,5.51,1.47,0.29,0.44,0.09,217,11.2,15,0.31,25.7,2.2,0.65,0.21,0.13,156,25,91.7,5.2,26,201,6.2,3.67,0.27,0.5,0,0.5,70,41,26,40,6.6,4.8,1.8,2.67,0.8,17.4,8.1258,10.16,138,4.9,99,6.5,81.42,99,249,348,28.45,5.9,122.63,0.5,25.7,135.2,19.01,10.1,2.2,162,7.3,2.88,111,86,109,113
873362,GYAHD03KAU,473767,24/09/2018,08:55,09:28,Light Yellow,Slightly cloudy,1.012,5.5,Negative,Trace,Negative,Negative,Negative,Normal,Negative,1-2,1,9-15,Nil,Nil,NIL,14.7,5.4,42.1,85.4,27,34,11.6,36.6,4366,39,21,4,7,0,5.37,3.33,0.26,0.69,0.02,349,11.5,11,0.38,29.4,0.6,0.08,0.26,0.1,168,59,70.5,35.9,179.5,99,2.8,1.19,0.84,0.3,0.1,0.2,48,7,16,18,6.6,4.1,2.5,1.64,0.9,8.9,4.1563,4.62,149,4.5,104,2.3,92.53,146,275,421,34.68,5.9,122.63,1,10.2,73.2,13.93,10.8,6.3,304,4.6,9.24,165,64,84,112
332573,KLTRS01KLP,922342,24/09/2018,08:51,09:48,Light Yellow,Hazy,1.024,5.4,Negative,Trace,Negative,Negative,Negative,Normal,Negative,5-7,2,2-2,Nil,Nil,NIL,16.5,6.8,56.2,82.8,24,29,14.5,44.9,7098,43,23,5,7,0.1,5.95,2.66,0.03,0.17,0.01,136,11.3,15,0.31,16.8,3.9,4.14,0.16,0.08,202,57,82.1,94.7,473.5,165,3.5,1.44,0.69,0.6,0,0.6,40,24,37,38,7.9,3.6,4.3,0.84,0.6,18.6,8.6862,14.48,135,5.4,104,9.8,104.27,163,274,437,37.3,7.4,165.68,0.6,10.1,115.9,8.71,9.2,2.9,163,14.1,2.85,138,67,76,70
950781,GYAHD02KAU,737330,24/09/2018,08:37,09:55,Pale Yellow,Clear,1.013,4.9,Negative,Negative,Negative,Negative,Negative,Normal,Negative,10-11,2,1-2,Rare,Rare,NIL,9.1,5.1,25.7,93,17,35,12.7,39.7,8207,54,23,3,3,3,8.62,1.25,0.79,0.14,0.05,143,7.5,10,0.2,13,3.2,0.01,2.57,0.39,224,53,87.1,17.6,88,61,4.2,1.64,0.61,0.7,0.3,0.4,62,48,18,23,8,5.4,2.6,2.08,1.1,19.9,9.2933,8.45,138,4.5,99,5.7,63.12,113,303,416,27.16,7.4,165.68,0.9,461.9,113,408.76,11.9,4,123,11.7,3.98,70,90,95,109
501493,PBCHD08MHS,323451,24/09/2018,07:45,08:37,Pale Yellow,Clear,1.016,4.6,Trace,Trace,Negative,Negative,Negative,Normal,Negative,2-4,1,3-3,Nil,Nil,NIL,11,5.1,45.2,91.4,21,24,13.2,41.3,9771,48,50,6,8,0,5.34,0.59,1.45,0.41,0.05,166,8.9,17,0.72,26.1,0.3,0.21,0.37,0.26,232,22,75.1,14.6,73,106,10.5,3.41,0.29,0.7,0.3,0.4,120,25,30,35,8.2,4.3,3.9,1.1,1,166.9,77.9423,77.94,145,4.2,112,4.2,101.17,133,108,241,55.19,7.7,174.29,0.9,18.3,74.8,24.47,11.5,2.2,178,9.6,1.06,251,118,78,101
699159,PBCHD05HPP,466949,24/09/2018,10:45,11:22,Pale Yellow,Slightly cloudy,1.019,5.6,Negative,Trace,Negative,Negative,Trace,Normal,Negative,13-14,2,16-9,Nil,Moderate,Amorphous debris,10.2,4.3,64.8,93.7,23,15,12.7,43.8,6628,58,40,3,7,0,0.58,1.02,0.3,0.13,0.1,50,10.7,16,0.38,22.9,4.9,0.08,0.47,0.46,197,46,109.7,19,95,107,4.3,2.38,0.42,0.7,0.3,0.4,109,39,25,31,8,2.9,5.1,0.57,1.1,27.9,13.0293,11.84,138,3,105,5.7,98.41,66,108,174,37.93,7.8,177.16,0,18.1,66.3,27.3,8.2,4.4,88,18.9,5.05,104,99,96,156
715967,MZLGI14APK,326207,23/09/2018,09:45,10:36,Light Yellow,Hazy,1.012,4.9,Trace,Trace,Negative,Negative,Negative,Normal,Negative,12-13,2,1-3,Moderate,Rare,Artifacts,15.4,4.2,46.8,87.2,36,32,14,39.2,6463,49,23,4,4,0,9.76,1.99,0.36,0.24,0.09,167,11.9,17,0.36,24.2,3.1,0.02,0.26,0.07,169,22,87.6,37.7,188.5,178,7.7,3.98,0.25,0.5,0,0.5,41,16,14,47,8.3,3.5,4.8,0.73,0.6,14.4,6.7248,11.21,141,4.9,109,3.8,115.63,121,93,214,56.54,6.2,131.24,0.7,26.4,79.7,33.12,13.5,3.7,240,22.5,1.78,77,73,77,153
638466,KLTRS01MLT,757801,23/09/2018,06:27,07:36,Pale Yellow,Slightly cloudy,1.03,5.7,Trace,Trace,Negative,Negative,Negative,Normal,Negative,6-8,1,14-9,Nil,Nil,Artifacts,11.4,4.8,31.7,93.2,23,35,12.2,43.2,7588,35,22,1,6,0.5,9.21,2.93,0.53,0.31,0.15,355,10.1,30,0.34,16.9,1.1,0.08,0,0.28,172,48,26.2,7.6,38,90,3.6,0.55,1.83,0.5,0.2,0.3,116,71,39,23,7.1,4.7,2.4,1.96,0.5,15.3,7.1451,14.29,121,4.9,109,3.8,14.65,156,160,316,49.37,6.4,136.98,0.5,10.9,70.4,15.48,10.5,2.9,78,22.3,6.22,122,106,109,116
273907,KLTRS15NLZ,198416,23/09/2018,07:58,08:52,Yellow,Clear,1.012,6.2,Negative,Trace,Negative,Negative,Negative,Normal,Negative,8-10,1,3-4,Nil,Nil,Artifacts,16.4,2.6,26.5,75.3,63,61,13.9,44.7,5932,59,41,1,5,0,6.09,1.01,0.45,0.69,0.05,142,12.9,10,0.25,12.4,7.4,0.17,4.92,0.08,230,35,132.5,28.6,143,119,6.6,3.79,0.26,0.7,0.1,0.6,58,16,29,48,9,3.6,5.4,0.67,1.1,7.6,3.5492,3.23,142,3.6,105,3.7,97.55,86,352,438,19.63,6.5,139.85,0.9,15,35.9,41.78,10.3,3.4,142,16.2,0.97,78,77,119,75
540596,KLTRS09KLP,602635,24/09/2018,07:05,07:55,Light Yellow,Hazy,1.016,6.8,Trace,Trace,Negative,Negative,Negative,Normal,Negative,8-9,2,1-3,Nil,Nil,NIL,14,4.7,50.5,94.6,29,27,12.7,40.2,10088,51,30,3,2,0,8.19,2.21,0.05,0.05,0.01,1018,7.1,17,0.08,21.3,4.7,0.07,1.09,0.35,179,47,143.3,58.7,293.5,95,3.8,3.05,0.33,0.7,0.3,0.4,213,7,33,29,7,3.5,3.5,1,1.1,39.9,18.6333,16.94,136,4,104,3.8,80.62,129,358,487,26.49,7.4,165.68,0.7,27.9,124.7,22.37,11.2,3.4,91,19.1,2.44,90,83,87,111
345790,GYAHD09ODK,136324,25/09/2018,11:18,12:32,Yellow,Cloudy,1.018,6.9,Trace,Trace,Trace,Negative,Trace,Normal,Negative,81-82,1,2-2,Rare,Nil,NIL,2.1,5.7,42.7,90.7,3,4,16.6,39.9,6039,46,36,1,8,0,2.58,2.37,0.84,0.31,0.08,396,7.2,12,0.61,21.5,2.3,0.39,4.7,0.01,239,39,78.1,35,175,128,6.1,2,0.5,2.5,1.2,1.3,115,56,12,18,8.2,4.5,3.7,1.22,0.9,12.5,5.8375,6.49,143,2,98,3.4,94.11,66,165,231,28.57,6.3,134.11,1,1056.1,58.3,1811.49,9.3,4.2,284,15.6,2.24,122,81,81,121
449067,KLTRS05MLT,266116,25/09/2018,11:51,13:04,Light Yellow,Clear,1.022,4.6,Negative,Negative,Negative,Negative,Negative,Normal,Negative,8-10,1,2-3,Nil,Moderate,NIL,18.5,6.9,51.4,49.9,26,35,13.9,44.8,6145,48,31,6,8,0,1.42,3.03,0.83,0.27,0.05,410,9.6,18,0.06,41.5,3.8,0.44,0.3,0.22,188,27,57.3,67.7,338.5,152,7,2.12,0.47,0.8,0.1,0.7,62,18,11,23,7.6,4.3,3.3,1.3,0.7,13.4,6.2578,8.94,138,3.5,108,4.6,56.71,184,127,311,59.16,7.7,174.29,0.6,21.3,53.8,39.59,10.3,3.8,147,6.3,2.46,101,91,71,91
612207,PBCHD08GAM,705597,27/09/2018,08:37,09:25,Light Yellow,Hazy,1.004,5.1,Negative,Negative,Negative,Negative,Negative,Normal,Negative,9-11,0,1-3,Nil,Nil,Amorphous debris,14.2,4.2,50.1,74.6,33,28,11.8,39.8,2723,51,20,2,3,0,3.85,1.24,0.33,0.1,0.01,123,9.4,11,0.22,38.9,2.3,0.61,0.2,0.39,201,38,181.7,35.1,175.5,98,5.3,4.78,0.21,0.9,0.3,0.6,77,49,36,27,6.9,3.9,3,1.3,0.6,16.7,7.7989,13,138,3.9,114,2.1,110.88,67,225,292,22.95,6.9,151.33,0.3,14,205.3,6.82,7.7,3.9,315,11.4,3.85,107,74,84,202
720783,MZLGI12RJK,730538,24/09/2018,08:22,09:06,Straw,Clear,1.025,6.1,Negative,Negative,Negative,2+,Negative,Normal,Negative,5-6,1,1-4,Rare,Nil,Fungal elements,13.6,5.5,45.5,88.4,24,29,14.3,35.1,5980,64,24,2,4,0,6.58,1.63,0.65,0.02,0.08,330,7.8,11,0.31,38.3,2.4,1.5,0.05,0.14,229,24,141.3,55,275,126,9.5,5.89,0.17,0.4,0.1,0.3,57,20,22,44,8.3,4.8,3.5,1.37,1.1,18.7,8.7329,7.94,143,4.4,111,7,80.16,95,105,200,47.5,6.3,134.11,0.3,14.6,98.3,14.85,11.9,5.8,98,9.4,3.21,104,236,88,250
946635,KLTRS01WBD,976361,23/09/2018,08:32,09:51,Dark Yellow,Clear,1.01,6.6,Negative,Negative,Negative,Negative,Negative,Normal,Negative,6-8,2,3-4,Nil,Few,NIL,10.3,4.4,54.5,126.5,23,18,13.2,43.4,54706,33,47,5,22,0,8.15,2.88,0.34,0.7,0.08,178,14,11,0.33,25.9,0.1,0.3,0.18,2.76,235,28,92,5.9,29.5,112,8.4,3.29,0.3,0.7,0.3,0.4,55,12,17,39,7.8,4.6,3.2,1.44,0.9,19.6,9.1532,10.17,146,6.7,95,6.3,95.44,86,298,384,22.4,7.1,157.07,0.8,105.9,175.7,60.27,8.1,3.3,85,18.9,0.38,120,72,171,149
893073,KLTRS05MLT,831082,23/09/2018,11:45,12:51,Light Yellow,Hazy,1.012,7.8,Trace,Negative,Negative,Negative,Negative,Normal,Negative,4-5,1,1-3,Nil,Rare,NIL,14.3,4.5,46.7,80.3,31,30,13.9,39.6,4414,77,20,1,8,0,6.46,0.15,0.32,0.19,0.02,54,12.1,14,0.3,24.5,3,0.07,3.95,0.26,166,25,79.7,57.1,285.5,83,6.6,3.19,0.31,0.8,0.1,0.7,94,30,23,35,8.1,4.4,3.7,1.19,0.7,11.6,5.4172,7.74,146,4.8,111,2.9,70.59,112,133,245,45.71,8.4,194.38,1,18.9,80.9,23.36,7.7,4.1,247,10.7,0.92,123,80,78,127
344501,KLTRS12KLP,205552,26/09/2018,11:02,12:17,Pale Yellow,Clear,1.017,6.6,Negative,Negative,Negative,Negative,Negative,Normal,Negative,12-14,0,2-4,Few,Few,NIL,17.7,5,22.7,83.1,35,77,14.5,45.1,6852,41,52,1,8,0,1.26,1.46,0.6,0.12,0.05,429,7.5,17,0.23,15.2,1.5,0.56,0.26,0.28,941,57,82.2,10.4,52,139,16.5,1.44,0.69,0.5,0,0.5,46,22,13,6,7.7,4.8,2.9,1.66,1.1,18.4,8.5928,7.81,146,4.3,101,3.6,93.47,168,145,313,53.67,6.2,131.24,0.8,21.6,146.6,14.73,10.3,2.8,81,8,0.005,91,98,109,433
906256,MZLGI03APK,510525,23/09/2018,08:24,09:01,Green,Clear,1.027,5.8,Negative,Negative,Negative,Trace,3+,Normal,Negative,TNTC,2,1-2,Nil,Nil,NIL,12.6,5.1,48.2,94.8,24,26,12.3,45.4,5633,50,28,3,6,0,4.62,1.92,0.69,0.44,0.06,195,7.2,17,0.21,23,0.9,0.14,0.21,0.25,217,24,89.8,14.3,71.5,119,9,3.74,0.27,0.6,0,0.6,48,31,15,18,6.5,4.1,2.4,1.71,0.7,22.8,10.6476,15.21,137,3.7,108,5.5,91.18,182,342,524,34.73,6.1,128.37,0.2,17.8,125.2,14.22,10.4,4,78,9.6,1.59,97,97,98,275
370880,GYAHD07KLM,263579,27/09/2018,08:46,10:13,Pale Yellow,Clear,1.01,6.9,Negative,Trace,Negative,Negative,Negative,Normal,Negative,6-8,0,3-4,Nil,Nil,NIL,14.8,5.7,23.6,88.7,25,62,11.7,42.2,6778,32,24,6,7,6.1,6.16,1.16,0.66,0.17,0.04,282,11.2,14,0.3,19.8,5.7,2.99,0.99,0.26,220,22,70.8,24.1,120.5,70,10,3.22,0.31,0.4,0.1,0.3,128,48,27,30,6.6,3.8,2.8,1.36,0.6,6.4,2.9888,4.98,142,4.2,102,3.5,46.27,105,192,297,35.35,5.8,119.76,54.9,12.7,61.9,20.52,10.1,2.7,244,9.7,3.16,71,136,76,101
213193,GYAHD03ODK,291949,27/09/2018,08:03,09:14,Yellow,Slightly cloudy,1.014,4.7,Trace,Negative,Negative,Negative,Negative,Normal,Negative,12-14,2,2-2,Rare,Rare,NIL,17.7,6.4,50.1,96,27,35,12.5,28,5550,57,12,4,8,0,5,1.71,0.01,0.18,0.03,450,9.6,10,0.19,13.1,1.7,0.4,0.14,6.17,184,43,97.6,22.8,114,179,4.3,2.27,0.44,0.6,0.2,0.4,125,48,32,12,6.2,4.9,1.3,3.77,0.6,14.9,6.9583,11.6,136,3.2,113,3.4,119.2,71,128,199,35.68,8.9,208.73,0.8,144.1,42,343.1,9.6,2.4,84,17.7,0.12,72,94,70,112
176249,KLTRS07MLT,262056,27/09/2018,07:00,08:23,Pale Yellow,Clear,1.026,5.3,Trace,Negative,Negative,Negative,Negative,Normal,Negative,99-100,0,3-3,Nil,Nil,NIL,15.4,4.3,64.2,81.6,35,23,15.8,42.5,10483,45,41,5,4,0,1.04,2.06,0.47,0.13,0.01,436,10.6,29,0.3,26,1.8,0.25,0.07,0,153,69,102.9,32.7,163.5,114,2.2,1.49,0.67,0.8,0.2,0.6,78,43,29,34,6.5,4.6,1.9,2.42,0.3,10.3,4.8101,16.03,122,5.3,111,3.7,110.66,199,118,317,62.78,7.4,165.68,0.9,56.1,291.1,19.27,10.4,3,311,10.9,3.24,129,176,79,87
568871,PBCHD09PBP,804984,25/09/2018,10:54,11:54,Light Yellow,Clear,1.018,6.4,1+,Negative,Negative,Negative,Negative,Normal,Negative,9-11,2,2-3,Rare,Rare,Fat droplets or lipiduria,15.7,4.4,35.7,46.8,35,43,14.6,43.1,3329,56,25,2,0,0,0.6,3.07,0.9,0.64,0.04,118,12.1,11,0.21,32.9,4.8,0.25,0.16,0.84,177,33,46.9,15.7,78.5,81,5.4,1.42,0.7,0.2,0,0.2,84,28,26,38,8.9,3.9,5,0.78,1,7.6,3.5492,3.55,145,4.1,112,3.2,55.34,141,274,415,33.98,5.9,122.63,0,21.8,123.2,17.69,9.9,2.3,151,8.6,1.94,84,75,62,95
432377,KLTRS09KLP,102443,24/09/2018,09:11,09:48,Green,Slightly cloudy,1.025,7,Negative,3+,Negative,Negative,1+,Normal,Negative,8-10,2,6-12,Nil,Few,NIL,16.6,4.7,43,95.4,35,38,13.7,30.9,4457,45,37,5,3,0,8.84,2.26,0.22,0.36,0.06,412,11,11,0.35,40.5,4.8,0.13,0.18,0.01,189,49,72.6,34.5,172.5,123,3.9,1.48,0.67,0.6,0,0.6,112,49,36,18,7.4,4.8,2.6,1.85,0.8,15.1,7.0517,8.81,138,4.9,95,2.1,92.53,97,357,454,21.37,7.8,177.16,1.5,17.4,148.2,11.74,9.4,4.5,93,3.1,0.84,70,75,72,167
476931,PBCHD09NLM,149834,25/09/2018,09:06,10:02,Pale Yellow,Clear,1.013,6.8,Negative,Trace,Negative,Negative,Negative,Normal,Negative,9-11,4,1-4,Rare,Nil,Parasites,16.4,4.6,41.4,94.4,35,39,13,41.7,6117,49,47,10,7,9.5,1.21,2.52,0.31,0.86,0.1,47,11.7,14,0.22,12.6,3.1,0.35,0.59,0.12,176,42,40.2,48.6,243,118,4.2,0.96,1.04,0.5,0,0.5,77,19,37,44,6.7,4.8,1.9,2.53,0.9,18.6,8.6862,9.65,144,3.2,115,3.8,91.66,73,95,168,43.45,6.3,134.11,0.2,16.4,109.7,14.95,10.3,5.3,286,11.5,1.94,100,105,93,215
896846,PBCHD06MHS,864234,24/09/2018,06:16,07:28,Pale Yellow,Slightly cloudy,1.013,4.6,Negative,Trace,Negative,Negative,Negative,Normal,Negative,7-9,2,2-4,Nil,Nil,NIL,14.9,5.9,50.6,87.1,25,29,14.1,44.8,8856,35,40,0,2,0,1.9,2.44,0.99,0.39,0.06,247,6.4,13,0.35,19.4,4.3,0.32,0.34,0.15,232,53,151.8,40.2,201,71,4.4,2.86,0.35,0.7,0.2,0.5,102,7,32,24,6.9,4.6,2.3,2,1.5,5.7,2.6619,1.77,145,3.1,102,3.7,119.29,158,349,507,31.16,8.8,205.86,0.8,21.8,106.3,20.51,10.6,5.5,153,7.4,2.53,74,67,93,113
613684,MZLGI06MHP,935094,24/09/2018,10:17,11:45,Pale Yellow,Hazy,1.014,4.9,2+,Trace,Negative,Negative,1+,Normal,Negative,5-7,0,1-3,Nil,Few,Artifacts,8.6,5.7,26.4,81.6,15,32,14.3,44.1,3035,49,38,4,6,0.6,5.41,1.15,0.77,0.55,0.09,213,8.2,15,0.29,19.6,1.6,0.37,0.12,0.35,193,45,94.1,6.8,34,90,4.3,2.09,0.48,0.5,0,0.5,55,30,36,16,8.3,3.9,4.4,0.89,0.8,7.8,3.6426,4.55,143,5.2,98,5.6,92.36,200,206,406,49.26,8.4,194.38,0.5,11.3,92.5,12.22,7.6,2.4,114,9.8,0.13,114,74,74,186
936369,KLTRS06ODB,571657,26/09/2018,10:25,11:03,Light Yellow,Clear,1.014,4.8,Negative,Negative,Negative,Negative,Negative,Normal,Negative,13-14,0,7-8,Nil,Few,Fat droplets or lipiduria,17.4,4,31.4,85.2,43,55,13.2,40.7,52078,53,27,1,7,0.6,2.1,2.82,0.89,0.68,0.04,382,13.6,14,0.34,37,0.1,0.08,0.12,1.85,189,40,71.9,21.9,109.5,211,4.7,1.8,0.56,0.6,0,0.6,51,26,28,19,6.4,4.8,1.6,3,0.7,12.5,5.8375,8.34,144,4.3,103,2.8,101.83,159,353,512,31.05,11.4,280.48,0.9,18.4,51.3,35.87,10,4.1,67,14,3.79,93,82,70,204
333433,MZLGI02RJK,120952,24/09/2018,06:45,08:13,Deep Amber,Clear,1.012,5.9,Negative,Trace,Negative,Negative,Negative,Normal,Negative,11-12,3,2-3,Nil,Rare,Artifacts,17.8,5.5,31.2,124.8,32,57,13.1,42.3,9031,42,41,1,6,0,3.75,1.66,0.3,0.46,0.07,180,9.1,17,0.32,31.1,2.6,0.23,0.24,0.13,155,72,72.8,14.4,72,98,2.2,1.01,0.99,0.8,0.1,0.7,61,45,19,30,6.7,3.8,2.9,1.31,0.6,17,7.939,13.23,143,4.2,90,4.1,94.12,160,124,284,56.34,5.8,119.76,0.6,11.1,106.6,10.41,8.7,2.9,141,12.3,3.63,116,110,101,77
768597,KLTRS08TSS,922469,27/09/2018,09:21,10:20,Pale Yellow,Slightly cloudy,1.011,5.8,Trace,Negative,Negative,Negative,Negative,Normal,Negative,TNTC,1,2-3,Nil,Moderate,Yeast cells,14,4.6,41.8,90.1,30,33,14.3,45.8,10548,38,51,2,2,0,6.09,1.43,0.26,0.22,0.19,424,11.6,20,0.21,14.4,1.4,0.27,0.09,0.94,166,46,107.3,18.2,91,173,3.6,2.33,0.43,0.6,0.2,0.4,100,33,11,44,7.6,3.7,3.9,0.95,1,13,6.071,6.07,145,4.6,104,3.4,36.68,101,206,307,32.9,5.7,116.89,0.3,22.7,102.6,22.12,10.4,1.8,177,4.3,3.99,106,79,84,126
732623,MZLGI01APK,826499,24/09/2018,09:04,09:42,Light Yellow,Slightly cloudy,1.019,4.5,Trace,Negative,Negative,Negative,Negative,Normal,Negative,12-13,1,8-10,Nil,Nil,Fat droplets or lipiduria,22,5.2,35.2,89.4,42,62,12.5,47.8,2212,49,40,3,2,1,6.22,1.16,0.27,0.25,0,233,12.5,11,0.69,26.9,3.5,0.3,0.21,0.06,150,40,135.5,45.1,225.5,184,3.8,3.39,0.3,1.5,0.3,1.2,93,52,12,32,7.9,4,3.9,1.03,0.8,7.3,3.4091,4.26,125,3.1,103,3.6,118.92,61,297,358,17.04,5.2,102.54,0.7,13.9,141.2,9.84,10.7,4.4,90,4.5,8.16,83,76,79,76
497866,KLTRS11WBD,317342,27/09/2018,08:01,08:48,Green,Clear,1.018,6.8,Negative,Negative,Negative,Negative,Negative,Normal,Negative,10-11,2,1-2,Rare,Nil,NIL,5.1,4.6,54.7,83.1,11,9,12.9,42.3,7037,58,24,5,4,0,1.2,4.42,0.84,0.03,0.09,360,8.3,11,0.21,16.2,5.8,0.1,1.91,0.01,212,52,68.4,50.6,253,161,4.1,1.32,0.76,0.8,0.3,0.5,230,12,33,25,8.2,4.7,3.5,1.34,0.8,34.5,16.1115,20.14,126,2.8,103,5.7,99.19,157,257,414,37.92,5.8,119.76,0.8,12.3,118.2,10.41,9,3.4,57,10.4,2.32,119,101,196,186
294558,GYAHD11ODK,446584,27/09/2018,11:40,12:35,Orange,Hazy,1.011,6.9,Negative,Negative,1+,Negative,Negative,Normal,Negative,10-12,0,2-3,Nil,Nil,NIL,11.4,6.7,33,92.6,17,34,13.7,41.3,4422,54,21,5,17,0,4.05,2.78,0.24,0.24,0.02,260,9.9,16,0.13,20,0.1,0.34,6.81,0.04,103,47,151.2,19.6,98,81,2.2,3.22,0.31,0.7,0.3,0.4,302,10,31,36,7.7,4,3.7,1.08,1.2,14,6.538,5.45,121,3.2,107,5.5,75.2,103,309,412,25,6.2,131.24,0.3,21.1,388.5,5.43,8.6,4.9,153,10.1,0.28,119,64,73,146
487573,PBCHD06MHS,861251,27/09/2018,09:37,10:14,Pale Yellow,Slightly cloudy,1.029,6.7,Trace,3+,Negative,Negative,Negative,Normal,Negative,5-7,0,2-2,Nil,Nil,Fat droplets or lipiduria,15.8,4.8,50.2,86.5,32,31,13.2,40.7,6534,51,28,1,7,0,1.12,5.83,0.51,0.21,0.04,150,10.4,13,0.25,14.4,0.8,0.13,0.16,0.14,180,32,91.1,32.8,164,88,5.6,2.85,0.35,0.6,0.2,0.4,117,15,13,42,8.1,4.5,3.6,1.25,2,6,2.802,1.4,104,3.9,86,6.9,98.37,136,251,387,35.14,9,211.6,6.5,13.7,30,45.67,10.1,4.9,170,4.9,2.55,112,73,83,132
858206,GYAHD09JHJ,135281,26/09/2018,06:10,07:05,Light Yellow,Milky,1.015,6.8,Trace,1+,Negative,Negative,Negative,Normal,Negative,7-8,1,2-2,Nil,Nil,Parasites,16.2,6.8,30.5,75.9,23,53,12.8,39.7,8146,55,38,3,6,0.2,5.53,1.35,1.47,0.12,0.08,307,9.2,19,0.2,25.7,6.4,4.64,0.19,0.24,195,35,85.3,38.7,193.5,170,5.6,2.44,0.41,0.8,0.2,0.6,60,39,28,19,7.2,4.1,3.1,1.32,0.8,15.8,7.3786,9.22,143,3.9,104,4.3,114.58,170,275,445,38.2,6.4,136.98,0.1,11.9,135.9,8.76,10,2.2,205,15,0.84,92,84,118,113
405602,KLTRS08ODB,307791,25/09/2018,07:37,08:29,Deep Amber,Clear,1.018,4.7,3+,Trace,Negative,Negative,Negative,Normal,Negative,13-14,2,3-2,Nil,Nil,NIL,12.4,6.6,45.7,75.7,18,27,12.5,44.6,5295,42,18,5,3,0,2.55,2.33,0.66,0.25,0.06,313,6.1,15,0.25,38.3,3.2,0.55,0.21,0.3,216,51,93.1,67,335,66,4.2,1.83,0.55,0.5,0.2,0.3,50,31,16,24,7.4,4.9,2.5,1.96,0.6,36.4,16.9988,28.33,142,5.4,109,6.1,112.68,84,190,274,30.66,5.9,122.63,0.2,17.2,33.6,51.19,9.1,3.1,105,3.9,0.64,85,86,89,195
744298,PBCHD11PBP,743580,27/09/2018,11:22,12:24,Light Yellow,Slightly cloudy,1.015,5.9,Negative,1+,Negative,Negative,Negative,Normal,Negative,12-14,1,12-11,Nil,Rare,Yeast cells,10.1,4.8,28.4,90.6,21,35,13.2,30.6,22410,49,17,6,5,0,1.75,2.87,0.25,0.14,0.03,126,7.8,18,0.22,23.5,2.6,0.14,0.03,2.59,198,58,50,42.8,214,134,3.4,0.86,1.16,0.6,0.1,0.5,109,16,10,12,7.7,4.6,3.1,1.48,1.2,9.2,4.2964,3.58,126,3.8,89,4.7,91.18,243,315,558,43.55,9.2,217.34,4.6,20.6,228.4,9.02,10.4,1.4,112,10.3,1.36,89,134,76,136
758925,KLTRS07MLT,200234,23/09/2018,07:24,08:11,Pale Yellow,Clear,1.013,6,1+,Negative,Negative,Negative,Negative,Normal,Negative,5-6,1,11-13,Few,Nil,NIL,17.1,6.5,33.5,126.3,26,51,13.4,41.1,10505,45,20,3,5,0,16.33,3.84,0.49,0.68,0.04,448,7.4,15,0.31,12.8,0.2,0.23,0.09,0.39,125,58,85.8,13.1,65.5,170,2.2,1.48,0.68,0.7,0.3,0.4,80,55,37,36,7.7,3.7,4,0.93,0.8,32.9,15.3643,19.21,106,5.9,105,8.8,103.64,97,248,345,28.12,5.8,119.76,0.9,25.3,34.7,72.91,11.4,3.5,122,2.7,8.79,128,65,81,126
674511,GYAHD04KAU,118851,27/09/2018,06:18,07:05,Yellow,Clear,1.017,5.7,Negative,Trace,Negative,Negative,Negative,Normal,Negative,6-7,1,>20,Nil,Few,NIL,15.8,5.6,36.3,77,28,43,11.9,45.6,7429,69,27,5,10,0,0.68,2.3,0.69,0.28,0.02,328,11.2,17,0.26,15.8,4.5,0.39,1.02,1.9,189,53,113,64.9,324.5,186,3.6,2.13,0.47,0.9,0.3,0.6,109,31,12,35,6.1,4.8,1.3,3.69,1,18.2,8.4994,8.5,145,2.3,103,7,109.48,180,204,384,46.88,5.4,108.28,0.5,16.6,109.4,15.17,9.3,6.4,170,6.9,0.09,78,71,118,361
810518,MZLGI10GJS,473844,23/09/2018,06:48,07:28,Light Yellow,Slightly cloudy,1.006,5.5,Negative,1+,Negative,Negative,Negative,2+,Negative,10-11,0,1-2,Nil,Nil,NIL,16.5,4.1,37.6,73.5,40,43,13,30.2,8621,38,24,4,3,0,0.54,2.92,1.43,0.22,0.02,131,11,10,0.31,17,2.1,6.37,0.27,0.23,157,46,141.6,75.3,376.5,107,3.4,3.08,0.32,0.6,0.1,0.5,45,10,19,23,6.9,5,1.9,2.63,0.9,17.3,8.0791,8.98,134,3.7,108,6.3,114.85,115,217,332,34.64,6,125.5,0.8,25.6,373,6.86,10.8,5,130,10.7,1.1,76,77,95,111
483260,KLTRS12MLT,778154,27/09/2018,08:46,09:55,Light Yellow,Slightly cloudy,1.019,4.9,1+,1+,Negative,Negative,1+,Normal,Negative,3-4,1,1-4,Rare,Moderate,NIL,20.7,5.4,28,91,38,73,13.7,43.4,6773,30,53,5,4,0,8,2.98,0.55,0.42,0.02,253,14.1,19,0.49,41.9,2.5,0.38,0.96,0.23,159,61,84.1,32.9,164.5,160,2.6,1.38,0.73,0.3,0.1,0.2,48,11,26,26,6.8,3.2,3.6,0.89,1.2,5.6,2.6152,2.18,144,3.8,95,5.2,118.69,100,178,278,35.97,5.8,119.76,0.8,10.7,72.7,14.72,9,3.6,176,9,6.47,70,92,96,74
625213,KLTRS03ODB,146776,26/09/2018,08:51,09:27,Deep Amber,Clear,1.023,5.6,Trace,Trace,Negative,Negative,Negative,Normal,Negative,68-72,2,1-3,Moderate,Nil,Artifacts,13.3,4.6,34.6,99.6,28,38,12.6,40.3,9214,52,29,10,4,0,2.2,1.97,0.41,0.48,0.03,335,6,5,0.3,16.8,1.2,0.74,0.4,0.34,168,39,95.5,78.3,391.5,70,4.3,2.45,0.41,0.8,0.2,0.6,81,33,22,18,8.1,3.9,4.2,0.93,0.7,16.4,7.6588,10.94,140,3.6,101,3.6,60.99,97,204,301,32.23,6,125.5,0.7,23.1,99.8,23.15,10,2.6,293,7.4,8.1,83,67,105,121
645523,MZLGI14BRC,634654,26/09/2018,07:54,08:35,Pale Yellow,Clear,1.016,4.9,Trace,Negative,Negative,Negative,Negative,Normal,Negative,6-7,1,5-8,Rare,Nil,NIL,9,5.9,51.6,91.9,15,17,12.7,43.6,49978,41,53,4,12,0,1.29,1.49,0.53,0.09,0.12,347,9.9,12,0.5,13.5,2.4,0.35,0.31,0.03,201,55,81.5,102.5,512.5,88,3.7,1.48,0.67,0.8,0.1,0.7,77,32,12,42,7,5,2,2.5,1,17.4,8.1258,8.13,140,4.7,99,6.4,118.07,235,354,589,39.9,8.6,200.12,2.9,212.6,112.5,188.98,9.7,4.4,190,8.9,3.65,71,99,97,158
881575,PBCHD12PBP,815495,24/09/2018,08:20,08:56,Pale Yellow,Clear,1.016,6.8,Trace,Negative,Negative,Trace,Negative,Normal,Negative,4-5,0,3-4,Nil,Nil,NIL,9.6,5.2,34,123.5,18,28,12,44.4,21750,67,28,3,5,0,9.82,2.96,0.72,0.3,0.01,372,7.8,16,0.15,25.2,2.7,0.28,0.33,3.44,172,54,54.1,24.5,122.5,108,3.2,1,1,1,0.3,0.7,55,37,31,39,7.4,4.3,3.1,1.39,0.6,11.5,5.3705,8.95,143,6,114,4.1,100.32,147,318,465,31.61,5.1,99.67,1,17.3,231.4,7.48,12.4,4,164,8.4,3.37,92,73,79,125
247098,MZLGI04RJK,903502,24/09/2018,09:38,10:40,Deep Amber,Clear,1.016,5.2,Trace,Negative,Negative,Negative,Negative,Normal,Negative,9-11,40,3-3,Nil,Rare,Fat droplets or lipiduria,8.1,2.4,46.1,42,33,17,11.9,41,7919,44,33,8,2,0,1.83,1.15,0.56,0.46,0.04,186,9.8,13,0.48,49.2,4.4,2.4,0.34,0.01,190,53,117.9,34.2,171,139,3.6,2.22,0.45,0.3,0,0.3,96,35,8,30,6.3,4.2,2.1,2,1.2,19.3,9.0131,7.51,135,5.6,101,4.2,94.59,43,240,283,15.19,7.1,157.07,0.8,23.9,136.2,17.55,8.6,1.1,121,17.8,6.59,120,92,244,217
583858,MZLGI11APK,867259,25/09/2018,11:00,11:40,Pale Yellow,Clear,1.013,5.3,1+,Negative,Negative,Negative,Negative,Normal,Negative,1-3,0,>20,Nil,Rare,NIL,9.2,5,32.3,44.8,18,28,14.2,42.3,6789,56,15,2,2,0,3.29,4.25,0.46,0.41,0.03,308,9.2,10,0.19,25.8,0.6,0.24,0.22,0.03,195,45,123.8,27,135,173,4.3,2.75,0.36,0.5,0.1,0.4,41,36,16,17,7.5,4.8,2.7,1.78,0.9,7.3,3.4091,3.79,121,3.9,97,6.7,94.98,118,253,371,31.81,6.4,136.98,1,28,107.3,26.1,8.7,4.7,192,18,6.57,75,109,75,99
974751,PBCHD04RJU,149701,24/09/2018,08:49,09:46,Orange,Slightly cloudy,1.022,5.7,Trace,3+,Negative,Negative,Negative,Normal,Negative,4-6,2,2-2,Nil,Rare,NIL,8.1,6.5,11.9,73.7,12,68,12.8,43.4,4132,55,30,9,5,0,1.51,2.5,0.74,0.33,0.09,153,8.1,16,0.17,21.5,2.1,4.62,0.32,0.98,212,27,141.3,64.2,321,140,7.9,5.23,0.19,0.6,0.1,0.5,124,27,29,47,7.6,3.5,4.1,0.85,0.7,12.8,5.9776,8.54,136,4.4,98,3.3,116.71,63,147,210,30,6.8,148.46,0.7,10.9,272.7,4,7.8,3.8,192,3.1,3.04,120,98,66,205
463104,PBCHD01PBP,738531,24/09/2018,08:34,09:42,Light Yellow,Slightly cloudy,1.011,5,Trace,Negative,Negative,Negative,Negative,Normal,Negative,6-7,0,1-3,Moderate,Nil,NIL,13.5,6,49.1,95.4,22,27,12.8,40.7,8016,57,19,3,1,0,1.19,2.27,0.95,0.04,0.08,448,8,13,0.61,37.5,4.4,0.07,0.17,0.4,218,54,77.3,47.5,237.5,210,4,1.43,0.7,1.1,0.3,0.8,72,26,15,45,6.7,3.7,3,1.23,0.6,19.8,9.2466,15.41,122,3.7,98,6.3,114.65,141,294,435,32.41,5.2,102.54,0.1,846.6,285.1,296.95,8.6,2.4,204,10.4,3.15,95,96,83,212
649076,MZLGI15BRC,462960,26/09/2018,10:37,11:49,Straw,Slightly cloudy,1.021,7,Negative,Trace,Negative,Negative,Negative,Normal,Negative,13-15,2,3-2,Moderate,Rare,NIL,17,4.1,30.7,106.6,41,55,13.1,40.3,5040,50,15,10,3,0,4.3,2.31,0.71,0.04,0.03,263,14.3,17,0.35,25.8,1.4,0.02,0.26,2.28,179,20,98.6,9.2,46,168,9,4.93,0.2,0.6,0,0.6,54,51,28,42,7.5,5.2,2.3,2.26,0.8,15.1,7.0517,8.81,122,5.5,85,6.2,98.8,112,356,468,23.93,5.7,116.89,0.8,26.6,142,18.73,8.3,4.7,253,9.2,1.55,110,75,121,85
618769,KLTRS05WBD,438441,25/09/2018,07:06,07:43,Green,Cloudy,1.03,6.9,Negative,Trace,Negative,Negative,Negative,Normal,Negative,8-9,11,3-3,Nil,Rare,NIL,10.4,3.2,47.2,90.5,32,22,14,45.3,8545,62,21,3,5,0,1.03,7.07,0.53,0.64,0.05,104,7.7,5,0.4,36.3,4.8,0.76,0.68,3.44,200,80,78.7,14.6,73,72,2.5,0.98,1.02,0.2,0,0.2,33,28,18,40,7.9,4.2,3.7,1.14,0.6,36.7,17.1389,28.56,135,3.1,96,5.2,119.13,60,136,196,30.61,6.3,134.11,0.9,272.3,60.1,453.08,10.9,5.6,267,3.3,2.57,133,74,92,120
868902,GYAHD07KLM,649668,24/09/2018,06:02,07:07,Pale Yellow,Hazy,1.012,6.9,Trace,Negative,Negative,Negative,Negative,Normal,Negative,6-8,0,1-3,Nil,Rare,Artifacts,11.7,4.5,33.3,87.8,26,35,14.4,41.3,10166,50,45,5,5,0.7,4.81,3.05,1.07,0.74,0.05,219,11.6,17,0.24,22,2,5.88,0.24,0.45,105,51,89.4,33.2,166,123,2.1,1.75,0.57,15.7,11.2,4.5,43,41,36,23,7,3.6,3.4,1.06,1.2,11.5,5.3705,4.48,144,4,100,6.4,94.52,90,122,212,42.45,7.9,180.03,0.6,20.7,230.8,8.97,10.2,4.4,88,4.8,1.22,116,69,105,137
816253,KLTRS01WBD,269617,26/09/2018,08:49,10:18,Light Yellow,Hazy,1.022,5.7,Negative,Negative,Negative,Negative,Negative,Normal,Negative,11-13,1,1-3,Nil,Nil,Yeast cells,8.3,5.1,40.5,99.5,16,20,12.4,45.1,4405,42,31,5,8,0,1.18,2.82,0.31,0.27,0.03,335,8.2,20,0.35,38.3,1.5,0.29,0.3,5.51,144,58,81,5.5,27.5,189,2.5,1.4,0.72,0.9,0.3,0.6,184,8,13,48,6.7,4.8,1.9,2.53,1,17.1,7.9857,7.99,143,4.9,102,6.6,117.61,102,359,461,22.13,6.3,134.11,0.9,13.2,199.5,6.62,8.7,6.9,75,5.6,2.24,120,88,84,85
577390,MZLGI13GJS,152672,23/09/2018,06:59,08:18,Pale Yellow,Hazy,1.017,5.6,2+,Negative,1+,Negative,Negative,Normal,Negative,9-10,0,12-12,Rare,Nil,Amorphous debris,14.4,4.9,36.1,90.7,29,39,14.5,43.5,2522,43,27,1,2,0,9.44,2.62,0.59,0.31,0.01,430,10.1,11,0.09,20.2,4,2.83,0.37,0.11,101,44,96,22.1,110.5,111,2.3,2.18,0.46,0.6,0,0.6,110,20,29,17,7.1,4.9,2.2,2.23,1.1,13.8,6.4446,5.86,146,3.7,106,2.9,93.83,109,251,360,30.28,5.9,122.63,0.8,14.2,148.1,9.59,10.1,5.9,161,11.2,0.41,79,66,76,290
881651,GYAHD13KLM,952614,26/09/2018,08:32,09:42,Pale Yellow,Slightly cloudy,1.013,4.8,Negative,Negative,Negative,Negative,Negative,Normal,Negative,4-6,1,1-2,Nil,Nil,NIL,17.3,5.3,34.9,81.8,32,49,16.9,40.5,45312,79,21,2,8,0,6.82,1.46,0.37,0.16,0.07,316,11.4,10,0.27,14.1,1.7,0.39,0.21,0.24,655,38,137.5,18.7,93.5,77,17.2,3.62,0.28,0.5,0.1,0.4,61,22,35,6,8.1,3.7,4.4,0.84,0.9,19.5,9.1065,10.12,122,4.6,96,2.6,55.59,86,196,282,30.5,6.1,128.37,0.7,25.2,73.2,34.43,10.7,3,154,2.2,3.09,130,100,65,448
956336,MZLGI09APK,222770,23/09/2018,10:00,11:21,Green,Slightly cloudy,1.01,6.4,Trace,Trace,Trace,Negative,Negative,Normal,Negative,8-9,1,2-4,Rare,Nil,NIL,17.4,4.3,32.7,80.6,40,53,12.6,43.1,9592,53,36,5,4,0,3.15,1.55,0.5,0.22,0.04,126,7.4,12,0.29,23.2,3.5,0.26,5.02,0.27,213,22,85.9,25.3,126.5,141,9.7,3.9,0.26,0.5,0.2,0.3,112,12,11,45,7.7,5.2,2.5,2.08,0.8,26.8,12.5156,15.64,148,3.6,97,2.4,86.46,165,356,521,31.67,8.1,185.77,0.5,15.2,145.2,10.47,9.7,4.6,210,7.2,2.53,72,93,116,97
474675,PBCHD11NLM,466628,25/09/2018,08:25,08:59,Pale Yellow,Hazy,1.01,6.8,Trace,Trace,Negative,Negative,Negative,Normal,Negative,4-6,10,2-4,Moderate,Nil,NIL,8.7,4.8,46.2,92.7,18,18,13,45.7,10416,33,42,3,8,0,1.4,1.26,0.21,0.26,0.09,1150,10,20,0.29,20.2,4,0.18,0.88,0.17,210,55,97.6,37.7,188.5,92,3.8,1.77,0.56,0.8,0.2,0.6,114,23,19,42,6.2,4.9,1.3,3.77,0.3,8.5,3.9695,13.23,139,5,96,2.2,113.01,162,100,262,61.83,6.6,142.72,0.2,27.6,130.5,21.15,8,4.1,141,12.1,1.94,89,108,249,168
617990,KLTRS05WBD,665324,25/09/2018,08:57,09:42,Green,Hazy,1.018,6.3,Negative,1+,Negative,Negative,Negative,Normal,Negative,14-15,0,1-2,Few,Nil,NIL,15.3,5.8,31.1,77.6,26,49,14.4,36.9,10121,48,16,6,6,0,6.02,1.71,0.36,0.38,0,261,8.8,18,0.29,29,3.7,0.07,0.66,0.87,198,43,50.8,74.1,370.5,91,4.6,1.18,0.85,0.7,0.3,0.4,265,3,28,18,6.9,4,2.9,1.38,1,12,5.604,5.6,128,2.2,96,2.6,95.38,72,281,353,20.4,7.1,157.07,0.2,21.5,422.9,5.08,8.8,4.1,65,7.7,8,148,113,100,128
369768,GYAHD07KAU,128603,25/09/2018,08:46,09:39,Pale Yellow,Clear,1.019,5.8,Trace,Negative,Trace,Negative,Negative,Normal,Negative,13-15,2,2-3,Nil,Moderate,NIL,18.9,5.8,47.1,96.3,32,40,11.6,39.3,8016,52,21,5,5,0,4.54,1.32,0.87,0.54,0.01,243,7.6,14,0.06,12.5,0.6,0.16,0.06,0.09,237,28,97.9,58.3,291.5,154,8.5,3.5,0.29,0.8,0.3,0.5,68,18,23,21,6.3,4.3,2,2.15,0.7,10.7,4.9969,7.14,141,3,96,5.1,96.47,137,222,359,38.16,5.1,99.67,0.3,23.8,48.4,49.17,11.7,4.1,86,16.4,6.09,75,122,70,139
446911,PBCHD08SKM,768354,27/09/2018,06:57,07:31,Pink,Clear,1.014,5,Trace,Negative,Negative,Negative,Negative,Normal,Negative,9-10,0,3-4,Nil,Nil,Mucus threads,8.7,4.3,48.3,99.7,20,18,14.4,46.3,8691,50,36,4,3,0,3.16,2.8,0.48,0.07,0,406,12.8,16,0.24,38.7,1.7,0.52,0.65,0.04,213,67,123.4,19.8,99,117,3.2,1.84,0.54,0.7,0,0.7,74,41,11,32,8.3,3.9,4.4,0.89,1.1,18.3,8.5461,7.77,136,4.9,96,4.6,97.49,134,322,456,29.39,8.2,188.64,0.1,24.7,61,40.49,10.2,3.7,84,3.4,0.1,80,98,122,253
629341,GYAHD11KLM,206661,24/09/2018,09:35,10:09,Pale Yellow,Slightly cloudy,1.015,6.8,Trace,Trace,Negative,Negative,Negative,Normal,Negative,14-15,2,14-15,Rare,Nil,NIL,3.2,4.1,57.1,87.9,7,5,14.9,41.8,9260,72,40,0,19,0,1.36,1.87,0.89,0.08,0.07,372,16,11,0.35,34.3,0.1,0.21,0.2,0.07,196,41,80.9,9.6,48,175,4.8,1.97,0.51,0.8,0.3,0.5,81,51,12,36,7.9,3.2,4.7,0.68,0.6,10.4,4.8568,8.09,142,4.1,98,5.3,93.75,156,335,491,31.77,7.2,159.94,0.8,21.5,68.9,31.2,8.2,6,176,5.6,3.41,148,82,74,172
339281,MZLGI04MHP,206068,26/09/2018,10:23,11:43,Yellow,Slightly cloudy,1.002,5.4,1+,Negative,1+,Trace,Negative,Normal,Negative,2-3,1,3-2,Nil,Nil,Fungal elements,14.7,4.6,48.7,92.9,31,30,13.8,45.3,9155,51,21,6,4,0,0.83,2.71,0.08,0.07,0.08,114,8.4,11,0.2,20.7,0.5,0.34,0.07,0.78,116,56,67.2,85.8,429,156,2.1,1.2,0.83,0.7,0.3,0.4,104,32,25,35,7.2,4.3,2.9,1.48,1,17.8,8.3126,8.31,136,4.2,107,3.4,79.31,158,274,432,36.57,6,125.5,0.4,13.8,133.2,10.36,9,2.6,245,11.6,1.05,172,73,82,131
921056,KLTRS09NLZ,130477,27/09/2018,07:44,08:21,Yellow,Clear,1.028,6.6,Negative,Trace,Negative,Negative,Negative,Normal,Negative,11-12,2,1-3,Nil,Nil,Parasites,11.7,5.4,40.5,88,21,28,14.6,40,6324,54,49,3,2,0,0.51,1.19,0.63,0.15,0.13,243,13.4,15,0.09,21.4,0.1,0.89,0.31,0.27,162,70,148,35.3,176.5,199,2.3,2.11,0.47,1.5,0.7,0.8,78,18,24,57,7.4,4,3.4,1.18,0.4,15.4,7.1918,17.98,143,4.7,105,2.4,93.05,82,100,182,45.05,7.7,174.29,0.1,22.2,86.5,25.66,12.3,2.9,165,8.7,3.81,96,101,102,97
561425,MZLGI04RJK,113108,25/09/2018,11:05,11:37,Pale Yellow,Hazy,1.019,4.6,1+,Trace,Negative,Negative,Negative,Normal,Negative,18-19,0,2-4,Nil,Nil,NIL,1.8,4.3,30.9,80.7,4,5,12.8,26.7,20499,39,12,21,6,0,9.59,1.33,0.49,0.11,0.06,182,11.2,12,0.33,13.7,1.2,0.12,0.39,0.05,843,27,96.1,7.5,37.5,150,31.2,3.56,0.28,0.7,0.2,0.5,65,23,22,19,6.7,5,1.7,2.94,1.2,34.8,16.2516,13.54,142,7.3,104,9.1,103.5,109,344,453,24.06,5.9,122.63,0.8,924.9,60.7,1523.72,8.7,3,142,4.4,1.79,75,91,96,67
577542,PBCHD11GAM,770161,26/09/2018,10:15,11:23,Pale Yellow,Slightly cloudy,1.011,5.1,1+,Negative,Negative,Negative,Negative,Normal,Negative,4-6,2,3-4,Few,Nil,Fat droplets or lipiduria,16.1,4.2,38,55.9,38,42,13.3,43.8,6546,54,41,8,2,0.2,7.55,6.09,0.68,0.21,0,400,8.8,11,0.26,22.5,4.9,0.37,0.88,5.91,194,71,29.7,47.4,237,76,2.7,0.42,2.39,0.8,0.1,0.7,118,42,17,14,5.2,4.4,0.8,5.5,1,74.2,34.6514,34.65,137,2.8,107,4.8,117.16,174,353,527,33.02,7,154.2,0.7,12.7,71,17.89,8.6,4.5,67,20.7,13.19,72,111,84,70
489466,KLTRS05NLZ,941915,26/09/2018,09:23,09:55,Yellow,Clear,1.012,5.5,Trace,Trace,Negative,Negative,Negative,Normal,Negative,6-8,2,2-4,Nil,Nil,NIL,8.5,5.3,48,76.5,16,17,13.8,43.7,8555,58,40,5,2,0,5.24,6.93,0.55,0.19,0.08,392,10.2,17,0.29,25.2,1.1,0.4,0.82,0.21,203,58,44,80.3,401.5,138,3.5,0.76,1.32,0.7,0.3,0.4,101,56,15,46,7.1,3.6,3.5,1.03,0.9,8.1,3.7827,4.2,135,3.3,98,2.5,90.9,138,351,489,28.22,6.2,131.24,0.3,16.5,92.9,17.76,10.3,4.4,113,5.8,0.82,104,95,117,111
552326,MZLGI11APK,443679,24/09/2018,08:02,09:18,Straw,Clear,1.014,5.8,Negative,2+,Negative,Negative,Negative,3+,Negative,9-10,15,2-2,Nil,Nil,NIL,10.8,5.4,37.6,71.2,20,28,13.1,25.3,7546,31,30,1,8,0,9.28,1.83,0.59,0.46,0,102,15.6,11,0.06,39.1,0.1,0.21,0.27,0.36,228,42,114.6,28.8,144,96,5.4,2.73,0.37,0.6,0,0.6,81,14,23,15,5.5,4.3,1.2,3.58,0.9,17.1,7.9857,8.87,121,4.8,106,2.4,117.61,79,288,367,21.53,8.6,200.12,0.9,275,139.1,197.7,10.6,2.2,107,6.6,0.48,133,82,71,62
528698,KLTRS03WBD,809710,24/09/2018,10:43,11:39,Green,Opaque,1.016,4.9,Negative,Negative,Negative,Negative,Negative,Normal,Positive,2-4,2,3-2,Nil,Nil,NIL,14.1,5.6,25.8,91.7,25,54,14.3,44.7,6130,43,15,6,4,0,6.07,3.26,0.11,0.62,0.04,164,10.5,15,0.27,25.6,2.6,0.4,0.38,0.29,240,25,78.7,33,165,105,9.6,3.15,0.32,0.7,0.1,0.6,113,29,29,17,7,4.2,2.8,1.5,1.2,172,80.324,66.94,145,4.6,96,7.8,107.25,91,232,323,28.17,7.4,165.68,0.4,16.1,68.5,23.5,8.3,3,166,3.4,3.89,83,101,90,120
456803,MZLGI09BRC,963025,24/09/2018,09:45,10:43,Yellow,Clear,1.017,4.5,4+,Trace,Negative,Negative,Negative,Normal,Negative,12-13,2,7-9,Rare,Nil,NIL,9.2,6.3,48.9,56.8,14,18,14.2,39.2,9212,59,54,16,10,2.2,5.82,3.35,0.37,0.11,0.17,408,9.6,17,0.27,19.8,1.7,0.52,0.22,0.25,170,35,167.5,26.3,131.5,170,4.9,4.79,0.21,0.9,0.2,0.7,103,9,35,18,7.8,4.9,2.9,1.69,1.1,12,5.604,5.09,142,3.8,98,4.3,113.73,162,107,269,60.22,5.7,116.89,0.6,18.7,116.8,16.01,9.5,1.8,138,11.8,1.12,83,116,221,112
400827,MZLGI02MHP,383269,24/09/2018,11:22,12:32,Light Yellow,Clear,1.012,6.5,Negative,Negative,Negative,Negative,Negative,Normal,Negative,7-9,0,3-2,Nil,Rare,Parasites,12.4,5.1,37.7,47.5,24,32,12.2,49.3,7423,37,50,4,5,0,1.36,2.61,0.48,0.04,0.09,141,9.1,14,0.29,21.1,2.8,0.33,0.24,0.1,191,43,62.8,15.2,76,88,4.4,1.46,0.68,0.4,0.1,0.3,40,50,30,47,6.5,3.9,2.6,1.5,0.6,11.6,5.4172,9.03,132,4,108,3.2,100.89,83,287,370,22.43,6.3,134.11,0.2,22.8,229.6,9.93,9.3,3.5,150,13.8,3.02,183,66,235,232
140222,GYAHD09KAU,956918,24/09/2018,07:22,08:46,Deep Amber,Milky,1.024,4.6,Trace,Negative,Negative,Negative,Negative,Normal,Negative,6-7,1,1-3,Nil,Few,Amorphous debris,15.1,5.9,21.2,74.2,25,71,14,45.4,4814,53,12,2,16,0,4.26,2.14,0.66,0.29,0.05,35,11.3,5,0.24,16.4,6.8,0.14,1.88,4.16,207,75,128.1,12.9,64.5,70,2.8,1.71,0.59,0.5,0.1,0.4,110,55,14,41,6.2,4,2.2,1.82,0.6,171.3,79.9971,133.33,143,4.3,97,4.9,83.57,118,323,441,26.76,11.3,277.61,0.4,16.7,146.3,11.41,12.6,3.2,142,5.6,2.61,92,76,82,109
161091,PBCHD04SKM,381661,24/09/2018,07:40,08:35,Light Yellow,Slightly cloudy,1.013,5.4,Negative,Trace,Negative,Negative,Negative,Normal,Negative,14-15,0,1-2,Nil,Few,Fat droplets or lipiduria,12.9,4.3,48.3,108.8,30,26,11.7,44.2,6148,47,44,10,8,0,3.57,1.15,0.77,0.43,0.07,143,6.5,11,0.22,31.7,4.1,0.05,0.9,0.26,225,49,71.2,52,260,109,4.6,1.45,0.69,0.5,0.2,0.3,85,11,30,24,7.1,4.7,2.4,1.96,0.6,16.6,7.7522,12.92,140,2.4,99,6.7,91.1,210,346,556,37.77,6,125.5,0.1,16.3,122.4,13.32,9.9,3.8,143,17.5,3.61,99,117,241,133
623388,GYAHD06ODK,657932,23/09/2018,07:24,08:49,Orange,Clear,1.028,5.7,Negative,Negative,Negative,Negative,Negative,Normal,Negative,TNTC,2,>20,Rare,Nil,Artifacts,15.6,5.4,22.8,60,28,68,13.9,45.2,3146,36,27,3,6,0,1.9,0.25,0.08,0.39,0.02,156,11.3,17,0.16,33,0.1,6.47,0.31,0.27,169,31,80,17,85,154,5.5,2.58,0.39,1,0.3,0.7,75,31,30,37,6.8,4.7,2.1,2.24,1,11.7,5.4639,5.46,137,5.6,105,6.8,98.6,130,177,307,42.35,7.3,162.81,0.2,26.5,95.1,27.87,10.7,3.3,155,9.5,2.71,105,80,72,284
213545,PBCHD15PBM,955406,25/09/2018,10:58,12:16,Straw,Hazy,1.019,4.9,1+,Trace,Negative,Negative,1+,Normal,Negative,7-8,0,2-3,Nil,Nil,NIL,11.1,5,39,79.1,22,28,12,44.3,49400,80,39,14,8,0,20.96,2.05,0.53,0.08,0.07,894,11.7,15,0.36,28.6,4.6,0.13,0.3,0.08,205,27,124.4,32.4,162,175,7.6,4.61,0.22,1,0.3,0.7,98,24,15,45,7.7,3.9,3.8,1.03,0.9,13.7,6.3979,7.11,115,5.6,103,11.4,101.07,118,201,319,36.99,7.2,159.94,0.9,12.5,211.8,5.9,10.5,4,107,18.6,2.93,102,82,107,89
396945,PBCHD03MHS,504630,25/09/2018,08:52,10:01,Straw,Clear,1.018,5.1,Trace,Trace,Negative,Negative,Negative,Normal,Negative,TNTC,0,2-3,Nil,Nil,Yeast cells,1.4,5.1,29.5,86.9,2,4,13.9,45.5,10615,48,31,5,7,0.2,5.66,2.13,0.72,0.5,0.24,10,7.3,19,0.73,33.3,4.3,0.32,0.82,0.05,190,40,126,31.5,157.5,92,4.8,3.15,0.32,0.7,0.3,0.4,124,40,33,35,6.4,4.3,2.1,2.05,0.8,7.1,3.3157,4.14,137,4.1,98,4.1,83.04,171,311,482,35.48,7.2,159.94,0.4,116.4,63,184.76,8.9,2.8,293,6.5,7.34,76,82,77,95
163223,PBCHD14CGD,409466,25/09/2018,11:31,12:11,Pale Yellow,Slightly cloudy,1.012,6,Negative,Negative,Negative,Negative,Negative,Normal,Negative,9-11,2,1-2,Rare,Nil,NIL,9,5.9,34.4,87.8,15,26,13.2,44.1,7736,47,33,1,8,0,6.54,2.54,0.77,0.51,0.2,667,7.5,16,0.26,26.7,3.2,0.42,5.59,0.09,200,55,86.6,31.4,157,92,3.6,1.57,0.64,0.4,0,0.4,64,138,40,14,6,3.4,2.6,1.31,0.6,12.3,5.7441,9.57,94,5.4,100,4,96.61,93,136,229,40.61,6.5,139.85,0.6,13,111.7,11.64,10.8,4,91,10.6,1.73,81,90,70,291
122283,PBCHD06GAM,248870,26/09/2018,09:54,10:53,Green,Clear,1.017,6.8,2+,Negative,Negative,Negative,Trace,Normal,Negative,6-8,0,>20,Nil,Nil,NIL,12.6,5,41.4,54.7,25,30,12.1,42.9,6177,44,27,3,2,0,2.84,2.74,0.45,0.34,0.01,99,11.2,10,0.2,13,5.4,0.01,0.28,1.85,208,43,20,42,210,118,4.8,0.47,2.15,0.8,0,0.8,80,8,28,32,7.2,4,3.2,1.25,0.7,8.4,3.9228,5.6,148,2.7,108,3.9,100.6,89,349,438,20.32,7.6,171.42,3.2,195.4,35,558.29,10.3,6,300,6.3,1.43,116,118,216,129
421558,KLTRS01ODB,224808,25/09/2018,10:22,11:05,Red,Hazy,1.017,5.3,2+,Trace,Negative,Negative,Negative,Normal,Negative,13-14,0,2-2,Nil,Nil,NIL,11.3,4.3,50.8,79.4,26,22,12.6,44.1,6159,44,54,1,2,0,5.89,2.33,0.7,0.05,0.06,380,8.9,14,0.27,21.1,0.1,0.24,0.07,0.76,169,47,139.4,22.6,113,72,3.6,2.97,0.34,1,0.3,0.7,123,20,100,46,6.3,4.8,1.5,3.2,0.8,7.9,3.6893,4.61,98,4.2,99,4.8,118.28,137,349,486,28.19,5.1,99.67,0.2,12.4,259.3,4.78,10,3.8,111,6.7,3.56,175,60,112,272
816968,KLTRS13TSS,897914,26/09/2018,06:29,07:37,Light Yellow,Clear,1.019,5.9,Negative,Negative,Negative,Negative,Negative,Normal,Negative,2-3,2,3-3,Nil,Nil,Artifacts,14,6.2,41.6,89.2,22,33,12.6,43.5,2136,55,31,3,6,0,1.17,2.1,0.57,0.19,0,235,7.7,16,0.25,23.8,3.1,0.64,0.04,1.99,213,33,72.7,21,105,92,6.5,2.2,0.45,0.6,0.1,0.5,73,22,15,40,8.1,3.9,4.2,0.93,1.1,11.4,5.3238,4.84,146,4.9,106,4.6,101.71,136,318,454,29.96,5.9,122.63,0.9,27.8,68.8,40.41,9.1,3.4,157,6.3,2.59,280,79,108,73
507311,GYAHD13JHJ,420870,27/09/2018,11:48,12:57,Light Yellow,Slightly cloudy,1.023,6.8,Trace,Trace,Trace,Negative,Negative,Normal,Negative,9-11,1,3-4,Nil,Nil,NIL,11.5,5.4,40.8,97.8,21,28,13.7,39.2,54521,68,21,4,3,0,6.77,3.48,1.34,0.54,0.36,1039,8,17,0.37,36.4,1.9,0.14,0.09,5.66,191,48,125.4,11.4,57,218,4,2.61,0.38,0.7,0.3,0.4,120,46,14,19,6.2,4.1,2.1,1.95,0.8,15.1,7.0517,8.81,145,4.5,107,4.2,93.08,113,217,330,34.24,6.3,134.11,0,18.9,125.3,15.08,10.4,4,127,20.8,3.01,90,78,89,123
941217,KLTRS13KLP,421117,23/09/2018,10:41,11:40,Straw,Clear,1.017,6.9,2+,Negative,Negative,Negative,Negative,Normal,Negative,7-9,0,1-2,Nil,Moderate,NIL,13.5,6.7,54.8,70.5,20,24,11.9,41.9,9098,51,25,3,6,0,1.51,1.27,0.43,0.43,0.04,234,11.1,6,0.2,38.2,5.9,5.95,0.18,0.36,197,58,117.3,23,115,105,3.4,2.02,0.49,0.9,0.2,0.7,128,40,31,28,6.8,3.8,3,1.27,0.3,16.8,7.8456,26.15,141,5.6,103,7.5,108.61,145,335,480,30.21,6.4,136.98,0.2,13.7,144,9.51,7.6,4,227,12.6,7.76,84,96,161,170
603151,PBCHD14CGD,213182,23/09/2018,09:30,10:59,Pale Yellow,Slightly cloudy,1.018,6.8,1+,Trace,Negative,Negative,Negative,Normal,Negative,12-13,2,3-3,Nil,Nil,Mucus threads,16.8,5.5,55.9,77.4,30,30,13.3,44.8,5088,73,24,4,2,0,9.01,4.66,0.08,0.55,0.09,1054,8.3,14,0.38,25.5,0.1,0.11,0.06,0.15,159,66,186,32.6,163,81,2.4,2.82,0.35,17.3,12.8,4.5,83,24,35,27,6.8,4.6,2.2,2.09,1,18.2,8.4994,8.5,125,3.9,102,5.1,116.11,170,324,494,34.41,8.8,205.86,0.1,18.8,21.4,87.85,9.3,3.5,157,13.3,0.62,75,73,83,135
331248,KLTRS05NLZ,291084,24/09/2018,08:22,09:45,Straw,Clear,1.014,4.4,Trace,Negative,Trace,Negative,Negative,Normal,Negative,11-12,4,1-2,Nil,Nil,NIL,5,7,39.5,80.2,7,12,14.3,39.5,10356,53,19,6,6,7.6,16.13,1.1,1.11,0.36,0.09,372,11.1,14,0.38,29,1,0.37,0.06,0.23,208,66,70.2,17.8,89,166,3.2,1.06,0.94,0.2,0,0.2,97,17,23,41,6.7,3.1,3.6,0.86,1.1,15.4,7.1918,6.54,136,4.7,101,2.4,105.88,214,164,378,56.61,6.2,131.24,0.7,23.2,91,25.49,11.9,5.5,69,6.2,1.44,95,116,112,164
761396,KLTRS05NLZ,311863,26/09/2018,11:58,13:01,Light Yellow,Hazy,1.018,4.7,Trace,Negative,Negative,Negative,Negative,Normal,Negative,11-13,1,8-13,Nil,Nil,NIL,17.8,4.6,55.7,79.7,38,31,12.8,39.8,6717,38,34,6,10,0,14.62,7.87,0.91,0.27,0.12,265,6.1,15,0.33,27.9,4.2,0.17,0.02,0.39,135,52,77,57,285,83,2.6,1.48,0.68,0.6,0,0.6,67,53,37,36,6.7,3.7,3,1.23,0.9,14.8,6.9116,7.68,144,4.6,100,4.1,87.81,65,353,418,15.55,8,182.9,0.9,11,131.5,8.37,9.7,4,171,18.4,2.38,95,186,81,156
136619,GYAHD12KLM,436684,26/09/2018,10:22,10:53,Orange,Clear,1.018,6.6,Negative,Negative,Negative,Negative,Negative,Normal,Negative,10-11,0,1-3,Nil,Nil,Fungal elements,17.1,5.9,39.2,86,28,43,13.7,42.6,3078,52,21,2,7,0,3.56,2.51,0.66,0.07,0.06,135,7.5,16,0.16,12.8,3.7,0.16,0.1,0.87,181,41,79.8,20.8,104,105,4.4,1.95,0.51,0.3,0.1,0.2,110,14,23,13,7,3.6,3.4,1.06,0.8,9.5,4.4365,5.55,139,5.5,104,4.8,105.99,89,138,227,39.21,7.4,165.68,0.2,27.5,69.6,39.51,10,3.2,182,9.9,1.57,126,115,174,104
672934,GYAHD02JHJ,431525,23/09/2018,08:50,09:44,Light Yellow,Hazy,1.011,4.8,Negative,1+,Negative,Negative,Negative,Normal,Negative,3-4,2,1-2,Nil,Rare,NIL,9.5,4.1,30.4,94,23,31,16.5,47.8,2656,40,54,6,5,0,1.71,2.88,0.48,0.37,0.06,440,11,16,0.25,17.5,3.8,0.15,0.34,0.38,158,22,99.6,36.3,181.5,209,7.2,4.53,0.22,0.7,0.2,0.5,83,9,6,47,6.7,3.8,2.9,1.31,1.1,12.2,5.6974,5.18,145,2.5,104,9.4,115.63,177,104,281,62.99,6.2,131.24,0,17,46.6,36.48,11.7,4.2,148,9.4,2.98,136,81,93,113
407957,GYAHD04KLM,271896,23/09/2018,09:35,10:54,Pale Yellow,Slightly cloudy,1.025,5.7,2+,Trace,Negative,Negative,3+,Normal,Negative,5-7,2,3-2,Rare,Nil,NIL,8.7,5.1,53.5,96.6,17,16,12.2,41.3,6747,57,51,4,5,0,0.3,1.78,0.92,0.49,0.06,329,12.1,16,0.36,22,2.6,0.13,0.38,0.25,195,38,77.4,17.2,86,97,5.1,2.04,0.49,0.7,0.1,0.6,119,24,84,25,6.5,3.7,2.8,1.32,1.4,14.7,6.8649,4.9,144,4.3,100,4.6,95.12,98,329,427,22.95,7,154.2,0.8,101.4,146.7,69.12,8.9,5.4,90,6,2.73,74,87,72,182
748083,PBCHD02GAM,987016,26/09/2018,08:18,09:39,Pale Yellow,Hazy,1.015,4.7,Negative,Negative,Negative,Negative,2+,Normal,Negative,37-40,0,3-2,Nil,Nil,NIL,21.2,4.6,44.3,91.1,46,47,14,39.6,7116,77,18,10,2,0,6.91,2.3,0.39,0.17,0,410,16.7,16,0.31,17.8,4.5,1.99,0.05,0.01,152,48,82.9,85.3,426.5,129,3.2,1.73,0.58,1,0.3,0.7,113,38,18,34,6.8,3.7,3.1,1.19,0.8,14,6.538,8.17,144,4.9,113,2.9,100.06,123,145,268,45.9,7.3,162.81,0.7,128.7,148.2,86.84,8.9,3.5,156,12.9,1.84,200,92,203,96
177134,PBCHD15GAM,915832,25/09/2018,06:51,07:26,Pale Yellow,Clear,1.015,6.8,2+,Negative,Negative,Negative,Trace,Normal,Negative,47-48,2,1-3,Nil,Nil,Artifacts,16.2,6,36.4,97,27,44,12.2,44.1,7809,39,18,1,8,0,1.51,1.07,0.24,0.47,0.07,201,7.1,15,0.26,14.6,4.1,0.01,2.34,2.88,162,56,51.6,34.4,172,72,2.9,0.92,1.09,0.9,0.3,0.6,95,43,28,25,8.3,4.4,3.9,1.13,0.6,18.6,8.6862,14.48,138,3.4,103,4.2,116.24,161,321,482,33.4,6.2,131.24,0.1,11,144.4,7.62,11.3,4.2,284,3.9,3.85,86,93,232,110
431877,MZLGI02BRC,796996,23/09/2018,10:31,11:51,Yellow,Clear,1.017,6.7,Negative,Trace,Negative,Negative,Negative,Normal,Negative,14-15,3,3-2,Nil,Rare,Parasites,9,3.1,37.8,77.9,29,23,13.4,26.1,9632,41,20,1,10,0,7.5,2.99,0.13,0.04,0.03,186,11.8,11,0.25,31.6,0.5,0.94,2.93,1.77,177,53,111.6,28.2,141,70,3.3,2.11,0.47,0.7,0.3,0.4,106,21,20,46,6.1,4.3,1.8,2.39,0.4,15.3,7.1451,17.86,147,1.6,109,2.4,108.55,197,351,548,35.95,6,125.5,0.8,124.2,146.1,85.01,8.1,5.6,113,12.3,2.95,137,117,95,94
188534,PBCHD04HPP,126932,25/09/2018,11:04,11:34,Light Yellow,Clear,1.012,4.6,Trace,Negative,Negative,Negative,Negative,Normal,Negative,13-15,0,2-3,Nil,Rare,NIL,10.7,6.8,22.5,129.2,15,47,13.3,39.3,24011,56,27,2,2,6.4,5.37,1.15,0.11,0.46,0.1,416,9.8,12,0.17,25.5,5.1,0.22,0.76,0.33,156,44,96.1,22.1,110.5,160,3.5,2.18,0.46,0.4,0,0.4,119,7,14,25,6.9,4.1,2.8,1.46,1,16.3,7.6121,7.61,138,5.7,106,3.4,111.42,139,274,413,33.66,8.3,191.51,1.7,10.3,129,7.98,9.7,3.7,240,5.4,3.2,87,79,97,200
142762,KLTRS04MLT,630994,24/09/2018,06:23,07:25,Green,Clear,1.015,5.1,Negative,Trace,Negative,Negative,Negative,Normal,Negative,9-11,1,2-2,Rare,Nil,Yeast cells,7.4,5.8,33.3,73.4,12,22,13.5,47,10635,79,18,3,22,0,1.33,2.18,0.34,0.31,0.06,208,10.6,15,0.11,31.1,2.2,0.51,4.89,0.69,181,74,101.6,24.6,123,117,2.4,1.37,0.73,0.7,0.3,0.4,64,49,40,38,7.3,3.3,4,0.83,0.8,15.6,7.2852,9.11,141,5,89,3.8,72.38,150,348,498,30.12,6.1,128.37,0.2,10.3,71.8,14.35,8.4,3.3,145,4,10.77,107,75,73,108
253763,GYAHD07JHJ,853219,23/09/2018,06:08,07:10,Orange,Slightly cloudy,1.019,6.9,Negative,Trace,Negative,Negative,Negative,Normal,Negative,2-4,1,2-2,Rare,Nil,NIL,12.2,8.3,40.7,77,14,29,12.6,39.5,3696,75,30,1,3,0.6,2.18,3.25,0.76,0.16,0.01,244,9.3,13,0.23,34.2,3,6.94,0.35,0.03,141,54,98.5,61.8,309,155,2.6,1.82,0.55,0.4,0.1,0.3,116,14,12,31,7.1,3.5,3.6,0.97,0.7,8.8,4.1096,5.87,139,4.4,96,3.3,106.2,111,186,297,37.37,6.3,134.11,0.2,18,68.8,26.16,9.6,4.7,247,16.5,1.58,117,118,115,94
909193,MZLGI15APK,636858,27/09/2018,09:19,10:22,Light Yellow,Clear,1.026,5.5,Trace,3+,Trace,Negative,Negative,Normal,Negative,3-4,2,2-3,Rare,Few,Fat droplets or lipiduria,17.7,4.1,43,101.7,43,41,14.3,44.9,6761,42,48,3,5,0,7.44,2.6,0.36,0,0.02,266,7.6,21,0.12,12.7,0.2,1,0.03,3.25,159,28,110.5,37.3,186.5,164,5.7,3.95,0.25,0.3,0,0.3,111,45,13,36,6.3,4.9,1.4,3.5,0.9,10.1,4.7167,5.24,126,2.6,95,6.6,90.6,103,345,448,22.99,9.2,217.34,0.6,21.8,139.7,15.6,13.1,4.7,198,11.3,6.9,113,72,74,72
736264,GYAHD04KAU,808859,27/09/2018,08:31,09:55,Light Yellow,Clear,1.017,4.6,Trace,Trace,Negative,Negative,Negative,Normal,Negative,2-4,0,2-2,Nil,Nil,NIL,7.1,4.2,11.6,88,16,61,12.3,31.4,6469,56,45,2,4,0,1.4,2.62,0.81,0.14,0.01,109,7.1,15,0.29,21.7,5,0.97,0.73,3.23,161,27,84.5,22.3,111.5,152,6,3.13,0.32,0.7,0.3,0.4,60,31,37,14,8.1,4.9,3.2,1.53,1.2,10.5,4.9035,4.09,144,3.1,91,4,108.9,72,357,429,16.78,5.8,119.76,0.3,12.8,29.8,42.95,8.7,2.2,85,10.4,7.55,87,78,72,87
324006,MZLGI03APK,346634,24/09/2018,07:54,08:27,Light Yellow,Clear,1.027,5.4,3+,Trace,Trace,Negative,Negative,Normal,Negative,7-9,0,1-4,Moderate,Rare,Yeast cells,16.6,5.8,37,93.8,28,44,12.5,36.3,7680,45,32,5,8,0,15.48,2.47,0.7,0.1,0.1,307,11.8,15,0.14,37.6,3.7,0.97,0.04,0.82,161,64,86.9,8.9,44.5,163,2.5,1.36,0.74,0.8,0.2,0.6,80,32,15,16,7.5,4.1,3.4,1.21,0.6,15.4,7.1918,11.99,124,2.7,103,4.3,111.56,92,344,436,21.1,10.4,251.78,3.9,14.4,435.4,3.31,11,4.1,140,9.1,2.66,145,155,73,238
225190,MZLGI14APK,926110,23/09/2018,09:28,10:02,Pale Yellow,Slightly cloudy,1.014,7,Trace,Trace,Negative,Negative,Negative,Normal,Negative,95-99,1,3-2,Rare,Nil,Artifacts,15,7.5,31.9,77.8,20,47,13.6,43.3,5570,43,40,2,6,0,4.99,1.49,0.38,0.45,0.08,397,11.5,11,0.27,38.2,0.8,0.05,0.14,0.1,177,43,45.7,36.2,181,156,4.1,1.06,0.94,0.7,0.3,0.4,88,45,12,11,7.4,4,3.4,1.18,0.6,10.9,5.0903,8.48,121,2.8,95,4.7,105.45,99,168,267,37.08,5.7,116.89,0.9,16.4,28.5,57.54,8.2,3.4,177,11,1.56,127,87,121,172
355094,MZLGI02MHP,147201,24/09/2018,06:33,07:09,Orange,Clear,1.014,5.8,Negative,Trace,Negative,Negative,Negative,Normal,Negative,80-81,2,3-4,Nil,Moderate,NIL,11.9,6,41.2,76.2,19,28,12.2,44.7,4679,59,16,0,7,0,8.03,2.72,0.52,0.48,0.04,371,12.1,14,0.32,14.8,4.6,3.02,6.76,0.27,209,64,97.4,23.1,115.5,177,3.3,1.52,0.66,0.5,0.2,0.3,126,23,21,13,7.7,4.1,3.6,1.14,1.2,13.1,6.1177,5.1,139,4.7,99,5.2,117.4,132,353,485,27.22,5.8,119.76,0.5,28.9,134.5,21.49,10.8,2.9,197,18.9,2.24,84,64,85,135
644634,GYAHD10KAU,215132,24/09/2018,11:24,11:55,Pink,Clear,1.015,5,Negative,Negative,Negative,Negative,Negative,Normal,Negative,9-11,1,1-2,Nil,Rare,Amorphous debris,17.4,4.3,49.9,78.6,40,34,14.3,35.8,9584,54,26,10,8,0,20.77,2.91,1.03,0.73,0.05,135,8.5,15,0.56,32.3,1.6,0.18,0.16,0.25,240,53,73.5,45.8,229,96,4.5,1.39,0.72,0.3,0,0.3,57,56,14,48,6.4,4.7,1.7,2.76,0.6,7.8,3.6426,6.07,141,5,103,2.8,91.44,87,263,350,24.86,7.7,174.29,0.6,885.6,132,670.91,8.1,3,109,5.6,0.48,71,87,88,185
429953,GYAHD10ODK,856810,25/09/2018,08:45,09:30,Yellow,Slightly cloudy,1.012,4.7,Negative,Trace,Negative,Negative,Negative,Normal,Negative,7-8,1,1-2,Nil,Nil,NIL,17.6,5.4,30,97.7,32,58,12.2,39.3,10831,45,25,1,8,0,4.78,2.65,0.32,0.45,0.03,142,8.5,30,0.38,17.4,3.7,0.23,2.23,0.02,169,31,103.9,32.8,164,106,5.5,3.35,0.3,1,0.3,0.7,43,121,10,20,6.2,4.6,1.6,2.88,1,9.5,4.4365,4.44,141,3.2,111,4.5,114.6,155,114,269,57.62,6.1,128.37,0.4,17.6,270.1,6.52,11.1,3,157,11,1.23,92,147,97,198
702399,KLTRS07NLZ,415136,23/09/2018,07:00,07:35,Light Yellow,Clear,1.017,6.7,Negative,Negative,Negative,Negative,Negative,Normal,Negative,14-15,1,1-4,Nil,Rare,Fungal elements,18.7,6,46.5,78.3,31,40,12.2,42.4,7731,62,44,2,4,0,9.29,1.92,1.37,0.26,0.08,131,7.1,15,0.13,34.9,2.2,0.05,0.05,0.39,222,22,93.8,21.8,109,117,10.1,4.26,0.23,0.7,0.2,0.5,108,50,24,13,8.1,4.8,3.3,1.45,1.2,9.8,4.5766,3.81,140,4.9,100,9.9,105.93,99,313,412,24.03,6.3,134.11,0.3,23.4,79.6,29.4,10.6,5.6,111,16.9,1.49,149,90,64,73
498701,PBCHD07KLC,321898,26/09/2018,11:13,12:42,Pale Yellow,Slightly cloudy,1.021,5.4,Negative,Negative,Negative,Negative,Negative,Normal,Negative,3-5,0,3-2,Rare,Nil,Mucus threads,19.2,3.7,45.8,62.3,51,41,12.4,43.9,5654,60,23,1,7,0,12.08,2.69,0.33,0.03,0.05,159,11.2,17,0.62,31,2.1,6.47,0.31,0.17,151,41,77,8,40,147,3.7,1.88,0.53,0.7,0.2,0.5,111,13,32,18,7.2,4.4,2.8,1.57,1.2,13.7,6.3979,5.33,135,4.8,103,4.2,92.16,76,356,432,17.59,7.1,157.07,0.5,24.8,92.7,26.75,13.3,3.6,68,8,1.43,99,67,229,187
198021,PBCHD04PBM,726235,27/09/2018,07:25,08:54,Pale Yellow,Slightly cloudy,1.034,5.9,1+,Trace,Negative,Negative,Negative,Normal,Negative,9-10,0,2-3,Rare,Nil,NIL,14.1,5.4,58.8,82.9,26,23,12.9,35.2,8129,43,15,0,12,0.4,7.93,1.95,0.68,0.24,0.08,88,9,12,0.1,20.9,2,0.02,0.36,0.34,225,73,85.8,8,40,111,3.1,1.18,0.85,0.7,0,0.7,104,44,30,21,6.6,4.9,1.7,2.88,1,13.5,6.3045,6.3,147,4.3,95,5.5,107.2,151,298,449,33.63,10.1,243.17,0.9,14,249.4,5.61,8.7,3.5,157,5.6,0.71,183,92,81,132
264919,KLTRS14WBD,273721,26/09/2018,07:41,08:41,Pale Yellow,Clear,1.016,4.8,Trace,Trace,Negative,Trace,Negative,Normal,Negative,14-15,0,2-4,Nil,Few,NIL,11.4,5.4,41.3,94.1,21,27,13.7,44.8,7456,39,20,6,4,0,9.16,1.66,0.64,0.44,0.05,388,17.5,9,0.37,22.6,5.1,0.34,0.06,0.32,186,52,79.8,20,100,151,3.6,1.53,0.65,0.7,0.2,0.5,111,9,14,39,8,4.8,3.2,1.5,0.6,10.5,4.9035,8.17,129,7.4,95,3.8,93.9,161,254,415,38.8,6,125.5,0.3,18.8,110.2,17.06,12.5,3.8,219,7.1,1.88,98,98,86,103
202585,PBCHD15PBM,853122,25/09/2018,11:29,12:17,Yellow,Milky,1.018,6.8,Trace,2+,Negative,Trace,Negative,Normal,Negative,9-10,1,3-2,Nil,Nil,Parasites,13.7,5.9,37.2,99.5,23,36,11.2,38.4,5368,51,41,11,2,0,5.43,2.37,0.7,0.44,0.07,141,8,12,0.26,12.7,3.3,0.11,0.45,0.09,195,49,135.1,12.4,62,118,4,2.76,0.36,1.7,0.8,0.9,61,7,20,38,8.1,3.9,4.2,0.93,0.7,6.5,3.0355,4.34,155,3,108,6.1,119.15,62,171,233,26.61,6.7,145.59,0.5,15.5,587.5,2.64,9,3.5,103,12.9,3.66,151,98,92,172
288957,MZLGI09MHP,937708,23/09/2018,08:56,09:54,Yellow,Hazy,1.014,6.5,2+,Negative,Negative,Negative,Negative,Normal,Negative,12-13,0,2-4,Nil,Nil,Mucus threads,11.9,4.1,63.3,95.2,29,18,14.1,39,7336,40,20,2,3,0,1.7,1.01,0.25,0.27,0.05,310,11.7,11,0.41,27.5,6,4.06,0.2,0.16,152,63,107.5,44.9,224.5,144,2.4,1.71,0.59,0.5,0,0.5,85,9,29,24,6.4,4.5,1.9,2.37,0.8,7.7,3.5959,4.49,142,4.7,115,6.5,118.27,71,147,218,32.57,11.4,280.48,0.1,60.1,82.5,72.85,9.4,2.6,118,5.5,2.83,75,88,179,79
499363,KLTRS13MLT,435535,27/09/2018,06:03,06:43,Yellow,Slightly cloudy,1.011,5.1,Trace,Negative,Trace,Negative,Trace,Normal,Negative,3-5,11,1-4,Rare,Nil,Yeast cells,6.7,3.6,55.4,75.9,18,12,14.5,45.7,8853,68,30,5,3,3,11.7,0.23,1.13,0.2,0.03,879,8.2,12,0.27,27.6,2.9,0.72,0.84,2.98,157,58,53.7,38.4,192,70,2.7,0.93,1.08,0.4,0,0.4,47,50,7,44,8.1,4.6,3.5,1.31,1.2,71.9,33.5773,27.98,148,1.7,105,4.2,113,160,351,511,31.31,10,240.3,0.9,14.6,107.2,13.62,11.9,1.8,124,9.6,1.64,81,64,117,79
513550,MZLGI07APK,600136,26/09/2018,08:54,09:59,Pale Yellow,Clear,1.011,6.9,1+,Negative,Negative,Negative,Negative,Normal,Negative,76-78,2,2-3,Nil,Nil,NIL,11.9,6,57.4,83.5,19,20,13.4,35.3,4306,54,17,6,12,10.2,2.6,2.8,0.84,0.37,0.05,279,8.4,11,0.14,29,5.6,0.35,0.39,0.2,122,49,127.9,10.8,54,73,2.5,2.61,0.38,0.7,0.2,0.5,54,27,27,45,6.6,4,2.6,1.54,0.6,18.7,8.7329,14.55,140,4.1,104,5.5,97.69,89,222,311,28.62,8.3,191.51,0.6,20.7,88.9,23.28,9.4,3.6,91,9.9,2.22,78,72,114,98
243498,GYAHD08ODK,806013,24/09/2018,06:30,07:31,Light Yellow,Clear,1.028,6.6,Trace,1+,Negative,Negative,Negative,Normal,Negative,57-58,0,1-4,Moderate,Nil,NIL,12,4.4,30.4,83,27,39,13.8,40.5,7081,48,22,4,3,0.4,2.81,2.51,0.29,0.04,0.02,361,12,16,0.34,18.4,4.2,4.55,2.67,0.31,186,76,93.3,5.5,27.5,145,2.4,1.23,0.81,0.4,0,0.4,98,28,24,12,6,4.7,1.3,3.62,1.2,16,7.472,6.23,127,4,95,3.9,110.03,187,184,371,50.4,8.9,208.73,5.1,13.1,116.8,11.22,6.8,4.8,266,11.2,1.25,81,78,74,153
163641,GYAHD06JHJ,632723,24/09/2018,08:06,09:14,Orange,Slightly cloudy,1.018,6.7,Trace,Trace,Negative,2+,Negative,Normal,Positive,4-5,1,2-3,Nil,Nil,NIL,20.5,5.5,28.1,83.3,37,72,13.2,46.3,7116,66,41,24,6,4,8.17,4.09,1.14,0.41,0.02,106,9.6,9,0.49,18,1.1,0.15,0.47,2.66,226,36,46.8,13,65,169,6.3,1.3,0.77,0.3,0.1,0.2,59,35,31,22,7.1,3.9,3.2,1.22,0.6,9.7,4.5299,7.55,143,1.8,108,2.5,105.09,160,339,499,32.06,8.1,185.77,0.7,78.5,131.6,59.65,10.1,4.5,231,11.8,2.19,107,88,183,143
187746,GYAHD02ODK,398873,24/09/2018,11:34,12:17,Pale Yellow,Clear,1.023,6.9,Trace,Trace,Negative,Negative,Negative,Normal,Negative,5-6,1,3-4,Nil,Nil,NIL,8.7,4.3,30.9,90.6,20,28,14.4,43.3,5259,60,35,2,5,0,5.96,1.28,1.21,0.34,0.03,430,7.8,19,0.52,19.2,0.9,0.64,0.12,0.12,170,39,51.4,26.6,133,82,4.4,1.32,0.76,0.6,0,0.6,123,40,37,30,7.8,3.8,4,0.95,0.8,14.5,6.7715,8.46,144,4,102,3.4,95.16,101,259,360,28.06,6.1,128.37,0.8,17.1,63.1,27.1,11.1,3.7,107,10.4,1.1,105,113,109,278
216339,MZLGI10RJK,488872,24/09/2018,10:13,10:55,Dark Yellow,Clear,1.006,5.2,Negative,Negative,Negative,Negative,Negative,Normal,Negative,10-12,1,2-2,Nil,Nil,NIL,14.3,5.8,50.8,92.4,24,28,12.3,39.5,7016,59,40,2,10,0,0.64,1.05,0.61,0.78,0.03,107,16.6,11,0.33,15.1,0.1,3.12,0.11,5.25,151,40,92.7,13.3,66.5,67,3.8,2.32,0.43,0.6,0.1,0.5,81,47,38,42,5.9,4.6,1.3,3.54,0.8,7.3,3.4091,4.26,141,2.7,107,3.7,103.06,151,328,479,31.52,5.9,122.63,0.3,20.1,49.4,40.69,8.9,3.3,196,10,2.56,87,60,84,207
905443,MZLGI13BRC,553874,26/09/2018,10:50,12:13,Light Yellow,Clear,1.016,6.5,Trace,Negative,Negative,Negative,Negative,Normal,Negative,14-15,0,2-3,Moderate,Rare,Fungal elements,13.3,4,34.1,73.9,33,39,11.6,27.8,9139,71,20,4,7,0,9.76,2.43,0.67,0.01,0.01,314,7.3,17,0.68,25.1,0.1,6.79,0.04,0.15,867,48,91.9,9.9,49.5,127,18.1,1.91,0.52,0.3,0.1,0.2,52,48,32,37,8.2,4.2,4,1.05,1.2,188.7,88.1229,73.44,142,4.3,106,5.7,108.58,130,246,376,34.57,5.7,116.89,0.8,28.4,155.7,18.24,10.1,3.5,90,6.5,3.68,131,82,68,268
241514,KLTRS09TSS,643469,24/09/2018,11:13,11:47,Light Yellow,Hazy,1.02,4.7,3+,Trace,Negative,Negative,Negative,Normal,Negative,14-15,0,2-3,Rare,Nil,NIL,14,4.3,47.6,72.6,32,29,13.7,31.7,5242,58,25,6,8,1.1,8.92,2.63,0.23,0.68,0.03,303,7.9,16,0.09,31.6,1.7,0.05,3.45,0.2,205,58,93.4,36.6,183,75,3.5,1.61,0.62,0.6,0,0.6,113,23,23,37,7.3,3.5,3.8,0.92,0.9,19.4,9.0598,10.07,135,5.9,99,6.7,117.39,89,134,223,39.91,5.7,116.89,0.4,14.5,75.7,19.15,8.8,5.3,194,12.4,12.95,89,99,80,92
583824,PBCHD09KLC,818629,26/09/2018,06:15,07:06,Yellow,Slightly cloudy,1.013,4.6,Trace,1+,Negative,Negative,Negative,Normal,Negative,14-15,2,1-4,Rare,Few,Mucus threads,14.7,5.3,55.3,86.3,27,26,12,45.4,5340,76,36,5,4,0,1.35,1.83,0.66,0.31,0.02,339,11,11,0.26,21.4,7.4,0.32,0.66,0.13,191,40,95.9,25.1,125.5,97,4.8,2.4,0.42,0.6,0.2,0.4,46,12,40,16,6.7,4.6,2.1,2.19,1,38.4,17.9328,17.93,137,4.8,108,6.7,99.12,123,134,257,47.86,6.3,134.11,0.1,174.1,116.7,149.19,10.2,3.4,131,5.1,0.21,84,66,63,99
477184,MZLGI11BRC,380944,27/09/2018,09:41,11:05,Light Yellow,Clear,1.017,6.6,Negative,Negative,Negative,Negative,Negative,2+,Negative,TNTC,1,1-4,Nil,Nil,NIL,12.5,5.9,45.9,86.7,21,27,13.6,42.3,8750,54,27,5,6,3,0.52,0.02,0.71,0.28,0.06,159,11.2,15,0.51,33.7,2.7,0.36,6.36,2.2,169,30,112.9,27.9,139.5,131,5.6,3.76,0.27,0.3,0,0.3,91,31,20,33,6.5,3.5,3,1.17,0.6,9.6,4.4832,7.47,133,4.7,109,5,100.59,201,209,410,49.02,6.1,128.37,0.5,14.6,142.4,10.25,8.6,4,96,8.5,1.49,122,83,95,145
681821,PBCHD08RJU,284081,27/09/2018,09:39,10:15,Straw,Clear,1.014,5,1+,Negative,Negative,Negative,Negative,Normal,Negative,TNTC,1,3-2,Nil,Nil,Fungal elements,13.4,4.6,31.1,59.3,29,43,12.8,45.4,51173,49,36,6,24,0,1.44,2.16,0.43,0.5,0.03,384,7.6,11,0.23,12.1,2.8,0.19,0.72,0.33,178,44,87.1,29.8,149,122,4,1.98,0.51,0.7,0.3,0.4,52,25,12,43,7.1,4.8,2.3,2.09,1.2,8,3.736,3.11,140,3.8,103,5.9,94.27,60,148,208,28.85,5.7,116.89,0.2,827.4,95.6,865.48,8.3,3,191,8.8,0.32,78,87,113,130
211350,GYAHD01KAU,982481,25/09/2018,08:19,08:55,Deep Amber,Clear,1.018,6.5,Trace,Negative,Negative,Negative,Negative,Normal,Negative,7-9,2,>20,Few,Nil,NIL,15.7,4.7,34.7,78,33,45,11.6,45.3,8555,36,21,5,9,0,5.58,0.2,0.99,0.23,0.05,942,10.9,19,0.34,16.8,6.3,3.64,0.89,0.22,185,59,76.3,6.8,34,91,3.1,1.29,0.77,0.3,0.1,0.2,87,53,24,35,5.7,4.5,1.2,3.75,1,19.1,8.9197,8.92,141,4.3,100,3.8,101.41,194,344,538,36.06,6.3,134.11,1,15.7,71.9,21.84,9.3,3.7,211,5.3,0.66,82,84,78,103
206621,GYAHD14JHJ,768820,23/09/2018,09:35,10:14,Light Yellow,Clear,1.01,4.8,4+,1+,Negative,Negative,Negative,Normal,Negative,4-6,2,3-3,Nil,Nil,NIL,6.9,5.1,48,77.7,13,14,12.4,43,3914,60,21,1,3,0,1.09,1.75,0.33,0.18,0.02,309,7.2,12,0.24,13.8,1.2,4.58,0.06,2.98,169,40,92.7,32.2,161,62,4.2,2.32,0.43,0.5,0,0.5,59,7,28,22,6.9,5,1.9,2.63,0.8,8.4,3.9228,4.9,123,2.7,103,5.4,113.13,84,214,298,28.19,6,125.5,0.8,22.7,126.4,17.96,11.2,3.2,241,9.7,2.28,73,63,82,115
572854,GYAHD12KAU,521811,25/09/2018,10:24,11:27,Light Yellow,Clear,1.027,5,Trace,Trace,Negative,Negative,Negative,Normal,Negative,53-56,2,2-4,Nil,Nil,NIL,13.9,3.5,43.8,81.5,39,31,14.6,42.6,5205,50,23,3,7,0,9.85,1.43,0.6,0.35,0.01,115,10.5,17,0.12,32.6,2.4,0.74,0.07,0.32,163,49,57.5,46.9,234.5,76,3.3,1.17,0.85,0.4,0,0.4,68,9,19,29,6.4,3.7,2.7,1.37,1.2,9.4,4.3898,3.66,147,4.9,82,4.1,101.86,136,190,326,41.72,6.4,136.98,0.6,16,95.5,16.75,10.5,4.5,124,5.4,2.95,93,102,76,163
598870,PBCHD10NLM,671687,27/09/2018,06:18,06:48,Straw,Cloudy,1.001,6.6,Negative,1+,Negative,Negative,Negative,Normal,Negative,8-10,1,15-13,Nil,Rare,Amorphous debris,14.8,5,64,98.8,29,23,13.6,42.9,6410,36,26,1,5,0,4.57,0.87,0.07,0.36,0.03,68,11.7,13,0.3,44,4.4,0.35,0.34,0.43,220,47,22,89.1,445.5,115,4.7,0.47,2.14,0.9,0.1,0.8,91,27,17,40,7.1,3.7,3.4,1.09,0.7,40,18.68,26.69,144,3.2,96,2.1,76.29,51,223,274,18.61,14.9,380.93,0.9,935.8,128.5,728.25,10.5,3.8,52,6,5.34,180,62,115,138
849608,PBCHD08PBP,945378,24/09/2018,07:18,07:49,Dark Yellow,Slightly cloudy,1.023,5.2,3+,Trace,Negative,Negative,Negative,Normal,Negative,1-2,0,>20,Nil,Few,NIL,17.1,5.3,37.5,82.8,32,45,12.2,39.7,45692,42,13,6,2,0,4.7,1.3,0.77,0.29,0.16,532,9.3,11,0.27,15.9,4.1,0.32,0.76,0.14,160,43,112.6,15.3,76.5,180,3.7,2.62,0.38,0.9,0.4,0.5,88,116,26,16,6.2,4.4,1.8,2.44,1.1,13.3,6.2111,5.65,140,4,101,2.7,109.61,138,327,465,29.68,8.1,185.77,0,25.5,103.8,24.57,9.9,4.4,87,7.3,2.74,83,289,69,117
994123,GYAHD12JHJ,995958,26/09/2018,08:18,08:54,Pale Yellow,Slightly cloudy,1.014,5.9,Trace,Trace,Trace,Negative,Trace,Normal,Negative,4-5,0,2-4,Nil,Nil,NIL,17.5,4.5,45.1,72.8,38,38,12.3,42.4,8090,32,39,10,7,0,6.83,2.69,0.46,0.03,0.01,163,10.5,8,0.52,12.7,7.3,0.11,0.32,0.27,210,30,107.4,36.2,181,139,7,3.58,0.28,0.8,0.1,0.7,116,4,26,19,8.3,3.7,4.6,0.8,1,8.2,3.8294,3.83,94,6,103,6.3,114.23,178,139,317,56.15,7,154.2,0.4,17.3,78.8,21.95,7.9,3.1,82,5.9,3.63,73,95,62,190
536873,GYAHD05KAU,780377,26/09/2018,06:36,07:15,Orange,Slightly cloudy,1.019,6.9,Negative,Negative,Negative,Negative,Negative,Normal,Negative,1-2,1,8-16,Rare,Rare,NIL,13.5,5.1,20.5,80.1,26,65,14.3,42.1,6013,57,35,3,9,0,12.67,4.93,0.69,0.08,0.09,153,7.4,16,0.27,13.2,3.4,0.96,0.04,0.91,169,43,113.5,9.1,45.5,123,3.9,2.64,0.38,0.7,0.2,0.5,105,45,20,43,7.6,3.5,4.1,0.85,0.7,10.3,4.8101,6.87,145,3.2,76,6.7,97.96,175,148,323,54.18,6,125.5,0.8,11.7,27.3,42.86,9.6,4.9,128,18.6,0.31,178,97,98,97
783444,GYAHD08KAU,762522,25/09/2018,11:53,12:47,Deep Amber,Slightly cloudy,1.02,6.5,Trace,Negative,Negative,Negative,Negative,Normal,Negative,2-4,0,2-3,Rare,Nil,NIL,17.5,5.5,56.6,94.6,31,30,13.3,46,9772,49,26,2,12,0,7.32,2.71,0.69,0.18,0.02,136,9.3,16,0.49,18.7,4,0.13,1.97,0.36,188,48,41.4,20.8,104,206,3.9,0.86,1.16,3.9,0,3.9,66,30,24,13,6.3,4,2.3,1.74,1.1,14.6,6.8182,6.2,127,4.2,99,2.8,92.17,139,303,442,31.45,12.6,314.92,0.3,17.2,74.6,23.06,11.5,5.5,177,11.9,4.92,106,160,113,132
934650,KLTRS02ODB,116058,26/09/2018,09:14,10:25,Orange,Clear,1.019,6.6,Trace,Trace,Negative,Negative,Negative,Normal,Negative,7-9,2,1-3,Nil,Nil,NIL,6,5.4,20.9,74.1,11,28,12.6,45.1,7175,49,35,5,4,0,4.58,2.42,0.12,0.32,0.06,708,14.2,16,0.32,32.8,4.5,6.14,0.06,1.99,155,55,45.7,20.7,103.5,92,2.8,0.83,1.2,0.5,0.2,0.3,109,36,15,37,6,4.7,1.3,3.62,0.8,10.2,4.7634,5.95,135,4,101,2.9,85.99,121,324,445,27.19,7,154.2,0.7,30.1,102.6,29.34,11.2,2.6,193,5.6,1.58,110,114,125,129
524527,GYAHD07KLM,519790,23/09/2018,10:57,11:51,Light Yellow,Clear,1.011,4.7,Negative,Trace,Negative,Negative,3+,Normal,Negative,2-3,1,2-2,Nil,Rare,Fat droplets or lipiduria,16,6.1,38.2,78.8,26,41,12.8,45.6,9278,54,23,3,8,0,6.11,1.88,0.81,0.48,0.04,228,9.5,25,0.24,26.1,4,0.23,0.4,0.04,209,71,99.5,36.2,181,86,2.9,1.4,0.71,0.9,0.2,0.7,73,13,20,23,7.4,4,3.4,1.18,0.8,7.1,3.3157,4.14,97,4,96,5.3,115.93,143,216,359,39.83,6.7,145.59,0.4,16.1,46,35,7.6,4.1,76,4.6,2.04,83,72,75,147
525745,KLTRS04MLT,552791,27/09/2018,10:26,11:42,Yellow,Slightly cloudy,1.018,4.7,Negative,Negative,Negative,Negative,Negative,1+,Negative,14-15,1,3-4,Nil,Few,Artifacts,8.1,6.6,46,82.7,12,17,12,45.5,10865,59,26,10,6,0,1.42,3.07,0.66,0.02,0,150,12.1,15,0.41,21.6,3.1,0.14,1.84,0.19,216,58,141.1,37.4,187,88,3.7,2.43,0.41,0.5,0.2,0.3,107,54,28,30,7.3,3.5,3.8,0.92,0.8,18.6,8.6862,10.86,143,4.5,100,6.4,30.42,147,131,278,52.88,8.5,197.25,0.8,460.2,137.4,334.93,8.9,4.8,140,15.6,14.99,104,105,79,102
484668,KLTRS05KLP,646764,24/09/2018,07:01,07:45,Pale Yellow,Clear,1.015,6.7,Negative,Trace,Negative,Negative,Negative,Normal,Negative,8-10,1,2-4,Nil,Few,Artifacts,9.3,6.6,13.9,75.2,14,66,14.1,39.1,10639,66,16,6,11,0,9.77,1.31,0.98,0.41,0.04,101,10.3,11,0.32,12.7,1.2,0.2,0.3,0.02,112,46,81.9,35.8,179,123,2.4,1.78,0.56,0.3,0,0.3,100,52,38,28,6.1,4.4,1.7,2.59,0.6,37.7,17.6059,29.34,139,3.2,121,2.8,119.14,128,304,432,29.63,6.3,134.11,0.5,11.4,452.4,2.52,10.4,2.8,231,18.7,0.15,108,66,121,333
751804,PBCHD01SKM,228291,27/09/2018,10:17,11:33,Light Yellow,Clear,1.01,5.8,Trace,Negative,Negative,Negative,Negative,Normal,Negative,6-7,2,2-3,Nil,Rare,Amorphous debris,16.7,4.1,34.9,79.1,40,47,14.6,40,5556,53,46,4,5,0,6.41,2.56,1.47,0.39,0.05,1112,10.2,27,0.37,33.3,4.1,0.09,0.01,0.17,199,25,85.1,103.7,518.5,142,8,3.4,0.29,0.7,0.3,0.4,48,47,14,42,6.8,4.7,2.1,2.24,0.9,9.7,4.5299,5.03,138,4.7,104,6.8,93.5,197,334,531,37.1,5.9,122.63,1,25.8,144.3,17.88,11.6,5,129,6.7,0.57,95,70,303,115
381173,MZLGI14MHP,182360,27/09/2018,06:23,07:46,Pale Yellow,Slightly cloudy,1.013,4.7,Trace,Negative,Negative,Negative,Negative,Normal,Negative,3-4,5,3-2,Nil,Nil,Fat droplets or lipiduria,1.2,5.8,42.4,78.5,2,2,13.6,40.7,5893,37,22,25,6,0,1.4,2.09,0.46,0.29,0.11,142,6.2,13,0.68,25.2,4.9,0.92,0.82,5.9,172,21,82,32.5,162.5,135,8.2,3.9,0.26,0.7,0.2,0.5,69,22,36,37,7.7,4.5,3.2,1.41,0.9,7,3.269,3.63,140,2.1,98,3.6,63.24,168,350,518,32.43,8.5,197.25,0.1,342.2,134.7,254.05,10.5,4.5,150,3.9,5.97,77,99,140,178
742308,KLTRS13MLT,560070,27/09/2018,10:48,11:38,Red,Slightly cloudy,1.013,6.7,Trace,Trace,Negative,Negative,Negative,Normal,Negative,3-4,1,2-3,Nil,Nil,NIL,15.4,6.1,23.4,95.6,25,65,14,40.6,7124,52,48,2,8,0,22.49,2.19,0.7,0.06,0.03,255,11.7,12,0.26,38,2.3,0.08,0.56,6.1,231,48,73,56.2,281,169,4.8,1.52,0.66,0.5,0.2,0.3,105,20,32,40,5,4.6,0.4,11.5,0.8,7.7,3.5959,4.49,146,4.4,98,6.1,99.25,156,344,500,31.2,5.5,111.15,0.8,23.4,101.4,23.08,11.5,5.8,109,5.3,7.41,76,78,243,121
878597,MZLGI01RJK,699112,25/09/2018,10:03,11:28,Straw,Hazy,1.013,6.8,Trace,Trace,Negative,Negative,Negative,Normal,Negative,14-15,5,13-11,Few,Nil,Parasites,13.7,5.1,39.4,71,26,34,14.2,39.9,3035,52,55,5,2,0,4.79,1.12,1,0.02,0.11,15,7.4,13,0.23,34.1,2.2,0.09,5.6,0.02,209,61,93.9,68.3,341.5,153,3.4,1.54,0.65,0.6,0.2,0.4,104,38,34,29,7.5,5,2.5,2,1.1,7,3.269,2.97,136,4.4,101,6.4,102.47,98,355,453,21.63,7.6,171.42,1,26.5,97.6,27.15,10.5,2.5,181,8.6,6.82,76,259,89,131
547284,GYAHD14KLM,900477,25/09/2018,11:16,12:38,Orange,Clear,1.027,6.7,Trace,Negative,Negative,Negative,Negative,Normal,Negative,89-94,1,1-4,Nil,Nil,Fat droplets or lipiduria,14.6,4.3,24.2,59,33,60,12.4,41.5,2808,41,31,2,25,0,1.38,1.22,0.79,0.2,0.09,105,10,13,0.58,33,4,0.14,0.1,0.39,208,56,173.5,41.2,206,141,3.7,3.1,0.32,0.4,0,0.4,112,47,11,33,8.2,3.9,4.3,0.91,1,12.4,5.7908,5.79,149,4,111,2.8,25.88,71,164,235,30.21,6,125.5,5.7,16.1,133.4,12.07,6.6,5.7,140,7.9,1.33,75,172,181,133
695504,KLTRS14WBD,116431,25/09/2018,09:47,10:18,Deep Amber,Clear,1.025,6.6,Negative,Trace,Negative,Negative,Negative,Normal,Negative,4-6,1,3-3,Nil,Nil,Fat droplets or lipiduria,10.6,5.4,31.6,86.8,19,33,11.1,43.8,7337,56,21,3,4,0,9.25,1.9,0.47,0.05,0.05,67,13.9,11,0.33,14.8,7.4,0.4,0.09,0.08,187,60,171.3,43.7,218.5,99,3.1,2.86,0.35,0.5,0.1,0.4,125,28,15,14,8.1,3.6,4.5,0.8,0.8,16.3,7.6121,9.52,146,5.1,95,6.7,91.02,156,351,507,30.77,9,211.6,8.5,13,252.8,5.14,10.7,3.5,119,11.5,0.7,98,122,107,129
560021,GYAHD02JHJ,362846,26/09/2018,08:54,10:09,Straw,Clear,1.019,4.7,Trace,Trace,Negative,Negative,Negative,Normal,Negative,3-5,2,1-2,Rare,Nil,Artifacts,7.7,5.1,42.8,71.5,15,17,11.9,46.1,4582,30,28,5,8,2.2,8.91,1.31,0.35,0.49,0.12,50,5.6,13,0.11,12.5,3.5,0.34,0.07,0.06,189,64,48.7,17.5,87.5,212,3,0.76,1.31,0.6,0.1,0.5,73,20,29,40,8.2,3.7,4.5,0.82,1,18.1,8.4527,8.45,100,2.7,98,9.5,103.88,63,345,408,15.44,6,125.5,0.7,24.3,281.7,8.63,11,4.1,211,4.8,3.94,98,99,222,190
837257,GYAHD03JHJ,597458,23/09/2018,07:47,08:30,Light Yellow,Clear,1.018,6.3,Negative,Trace,Negative,2+,Negative,Normal,Negative,5-6,0,1-3,Rare,Nil,Fungal elements,11.6,4.3,47.9,59.1,26,24,12,30,9516,51,23,2,8,0,18.36,1.59,0.35,0.03,0.01,352,10.2,11,0.3,44.9,4.7,0.23,0.04,0.01,187,54,46.9,20.7,103.5,101,3.5,0.87,1.15,0.9,0.3,0.6,122,5,17,22,7.4,4.2,3.2,1.31,1.2,14.3,6.6781,5.57,138,4.6,106,3.7,114.62,133,345,478,27.82,7,154.2,0.5,13.8,165.4,8.34,9.8,5,88,15.3,1.89,109,76,69,131
214001,MZLGI15MHP,607951,23/09/2018,06:44,08:01,Pale Yellow,Hazy,1.028,6.6,Trace,Negative,Negative,Negative,Trace,Normal,Negative,TNTC,2,3-4,Nil,Nil,Fat droplets or lipiduria,12,4.5,43.3,78.2,26,27,16.3,39.2,38949,53,11,2,9,0,6.72,1.99,1.31,0.18,0,400,8.9,17,0.36,16.7,0.3,0.28,0.01,0.05,231,70,43.6,16.4,82,76,3.3,0.62,1.61,0.7,0,0.7,111,47,19,33,8.1,4,4.1,0.98,0.9,10.5,4.9035,5.45,145,3.8,104,5.5,112.17,98,312,410,23.9,5.8,119.76,0.1,11.2,78.8,14.21,10.5,2,232,5.3,2.47,82,75,120,276
929156,PBCHD06PBP,905726,23/09/2018,06:43,07:59,Light Yellow,Clear,1.013,4.7,Trace,Negative,Negative,Negative,Negative,Normal,Negative,2-3,1,2-2,Few,Nil,NIL,17.5,5.8,10.1,85.8,30,173,11.9,45.9,8617,48,41,1,3,0,6.35,1.34,0.67,0.17,0.04,13,8.4,16,0.24,27.2,2.2,0.26,0.26,0.01,164,59,98.6,7.9,39.5,96,2.8,1.67,0.6,1.3,0.2,1.1,46,55,27,29,6.1,4.9,1.2,4.08,0.3,9.2,4.2964,14.32,135,5.7,100,2,99.78,87,149,236,36.86,8.9,208.73,0.7,22.8,134.8,16.91,10.8,4.2,129,12.3,3.48,74,62,77,128
949547,KLTRS14KLP,701769,27/09/2018,06:15,07:08,Pale Yellow,Clear,1.015,6.1,Negative,1+,Negative,Negative,Negative,Normal,Negative,56-57,1,1-2,Nil,Nil,NIL,14,4.5,55,82.6,31,25,12.1,45.4,10323,72,35,0,1,0,3.59,1.33,0.37,0.35,0.03,393,10.8,11,0.35,31.6,0.1,0.36,0.8,0.03,194,73,98.4,36.2,181,61,2.7,1.35,0.74,0.5,0.1,0.4,124,57,23,41,7.5,4.3,3.2,1.34,0.8,7.9,3.6893,4.61,144,4.8,93,2.5,82.33,108,261,369,29.27,11.3,277.61,0.7,18.7,45.8,40.83,10.2,4.6,230,5.9,4.66,106,73,71,176
415130,GYAHD05ODK,659761,24/09/2018,09:09,10:02,Pale Yellow,Slightly cloudy,1.014,6.9,Trace,Negative,Trace,3+,Negative,Normal,Negative,10-12,0,2-3,Nil,Rare,Fungal elements,10,2.8,47.9,94,35,20,13.8,45.9,9508,56,34,2,8,0,5.08,3.39,0.36,0.11,0.06,367,11.2,15,0.23,16.1,0.9,0.07,0.39,0.12,213,44,92.2,81.9,409.5,125,4.8,2.1,0.48,0.7,0.3,0.4,44,38,10,41,6.8,3.7,3.1,1.19,1.1,12.5,5.8375,5.31,137,4,103,5.2,68.9,140,163,303,46.2,5.7,116.89,0.8,24.7,145,17.03,10.2,4.3,335,13.9,0.006,90,71,71,94
762888,KLTRS10ODB,997752,27/09/2018,10:57,11:36,Pale Yellow,Clear,1.019,4.6,Trace,Negative,Negative,Negative,Negative,Normal,Negative,3-4,1,1-4,Nil,Nil,NIL,18.3,5.1,54.6,70.1,35,33,11.8,41.8,7048,43,39,3,11,0,2.22,1.75,0.73,0.06,0.06,197,12.9,16,0.38,24.7,0.1,0.4,0.1,0.15,170,57,22.7,37,185,122,3,0.4,2.51,0.7,0.2,0.5,60,53,33,14,8.1,4.4,3.7,1.19,1,11.2,5.2304,5.23,142,3.8,112,5.2,106.51,172,184,356,48.31,7.1,157.07,0.9,25.8,152.9,16.87,9.5,3.4,85,10.2,0.32,72,79,76,107
987336,PBCHD05CGD,560816,24/09/2018,07:53,08:38,Pale Yellow,Slightly cloudy,1.027,6.8,1+,Trace,Negative,Negative,Negative,Normal,Negative,4-6,3,2-4,Nil,Moderate,NIL,21.8,5.4,51.3,85.2,40,42,14.1,44.3,9250,59,29,7,25,0,6.28,4.9,0.76,0.06,0.08,46,8.4,15,0.54,30,0.3,0.13,0.08,0.02,221,49,155.7,16.9,84.5,207,4.5,3.18,0.31,0.5,0,0.5,104,51,29,12,8.1,4.1,4,1.03,0.3,7.6,3.5492,11.83,141,5.6,108,5.2,105.9,134,133,267,50.19,6.2,131.24,0.6,12.7,85.6,14.84,7.7,3.7,195,19.9,3.12,127,112,71,103
985137,KLTRS04ODB,769250,26/09/2018,10:59,12:10,Light Yellow,Clear,1.018,4.5,Trace,4+,Negative,Negative,Negative,Normal,Negative,1-3,2,3-2,Nil,Nil,NIL,20.2,4.6,46.8,89.3,43,43,13.5,42.4,6011,42,20,5,8,0,4.04,0.25,0.33,0.01,0.1,83,8.6,17,0.27,30.9,4.8,0.33,0.36,0.26,143,40,72.6,31.3,156.5,108,3.6,1.82,0.55,0.7,0.2,0.5,120,52,36,7,7,3.7,3.3,1.12,0.8,14.7,6.8649,8.58,143,3.6,104,5.3,118,105,259,364,28.85,6.2,131.24,0.3,20,136.4,14.66,11.7,3.2,187,8.3,0.09,111,152,90,91
223583,PBCHD06HPP,279721,25/09/2018,06:43,07:31,Red,Clear,1.013,6.9,Negative,Negative,Negative,Negative,1+,Normal,Negative,3-5,2,2-2,Nil,Nil,NIL,11.3,2.8,62.5,99.5,40,18,13.9,41.2,9757,26,12,6,8,0,5.26,2.81,0.59,0.03,0.06,87,17.3,11,0.22,31.8,2.3,0.26,3.69,5.37,230,33,95.6,64.5,322.5,175,7,2.9,0.35,0.7,0.3,0.4,65,33,23,29,7.9,4,3.9,1.03,1.2,7.9,3.6893,3.07,143,1.5,102,8.4,108.52,125,287,412,30.34,5.9,122.63,0.9,16.5,556.9,2.96,9.2,3.7,192,14,2.61,119,78,94,82
604121,MZLGI03RJK,540522,24/09/2018,09:24,10:13,Light Yellow,Slightly cloudy,1.013,4.9,Negative,Negative,Negative,Negative,Negative,Normal,Negative,1-3,0,15-11,Nil,Nil,NIL,13.7,4.6,54,71.6,29,25,14.4,42.5,8334,46,17,2,4,0,6.22,1.74,0.26,0.64,0.07,237,9.3,25,0.26,20.5,1.8,0.02,0.24,0.1,178,56,52.8,34.7,173.5,97,3.2,0.94,1.06,0.6,0,0.6,126,107,21,38,8.1,4.8,3.3,1.45,1.2,15,7.005,5.84,103,4.8,98,3,93.64,145,310,455,31.87,6.1,128.37,0.2,17.3,79.1,21.87,10.6,3.6,229,7.8,6.25,91,80,101,69
710379,GYAHD05KLM,282583,27/09/2018,06:42,07:52,Pale Yellow,Clear,1.012,4.8,1+,Negative,Negative,Negative,Negative,Normal,Negative,13-14,0,15-18,Nil,Nil,NIL,9.2,4.6,55.2,98.4,20,16,12.5,40.6,4808,32,20,7,12,0,5.4,1.39,0.7,0.38,0.07,402,16.7,11,0.2,12.7,2,0.03,0.23,5.12,172,20,76,15.4,77,103,8.6,3.8,0.26,0.6,0.1,0.5,65,23,24,45,7.9,4,3.9,1.03,0.9,6.2,2.8954,3.22,138,8.5,106,2.1,71.01,181,318,499,36.27,6.2,131.24,0.3,27.8,133.3,20.86,9,3.8,286,8.4,0.31,75,99,99,285
282543,PBCHD11PBM,781298,24/09/2018,11:00,11:52,Green,Slightly cloudy,1.013,6.8,Trace,Trace,Negative,Negative,Negative,Normal,Negative,70-72,1,3-3,Nil,Moderate,NIL,20.9,5.5,52,96.5,38,40,13.4,44.7,8818,35,32,16,3,0,6.28,7.63,0.22,0.38,0.02,833,11.5,11,0.73,34,0.1,0.29,0.03,6.62,216,47,105.8,93.2,466,180,4.6,2.25,0.44,0.8,0.1,0.7,98,15,40,32,7.9,4.3,3.6,1.19,0.8,24.5,11.4415,14.3,129,4.1,94,4.1,96.75,106,269,375,28.27,8,182.9,0.6,12.8,82.3,15.55,8.7,3.7,150,14.4,0.93,77,69,207,88
785414,KLTRS11KLP,258408,24/09/2018,08:02,09:22,Yellow,Clear,1.154,4.8,Trace,Trace,Negative,Negative,Negative,Normal,Negative,97-100,58,2-2,Moderate,Nil,Fat droplets or lipiduria,9.6,7,34.6,87,13,27,14.2,41.8,7745,78,45,9,12,1.3,0.9,2.72,0.42,0.02,0.04,335,6.5,11,0.23,20.6,0.5,0.4,0.17,0.57,193,40,124.6,24.7,123.5,104,4.8,3.12,0.32,2.1,1,1.1,61,25,10,19,8,3.9,4.1,0.95,1.2,12.7,5.9309,4.94,145,4.7,98,2.4,32.58,33,322,355,9.3,7.3,162.81,0.6,15,219.8,6.82,9.2,3.7,192,8.8,0.54,139,195,209,113
967060,KLTRS06ODB,552916,24/09/2018,06:39,08:08,Pale Yellow,Clear,1.013,6.5,Negative,Negative,Trace,Negative,Negative,Normal,Negative,8-10,2,6-19,Nil,Nil,Yeast cells,8.3,6.4,49.5,95.1,12,16,11.8,44.6,6440,79,26,5,6,0,22.64,2.25,0.8,0.19,0.05,374,8.2,17,0.26,22.6,3.2,1.99,0.2,0,255,42,76.4,34.6,173,143,6.1,1.82,0.55,0.8,0.1,0.7,71,53,33,24,5,3.5,1.5,2.33,0.3,16.6,7.7522,25.84,140,4.6,104,4.9,113.54,182,292,474,38.4,6.3,134.11,0.7,12,24.4,49.18,12.2,2.7,147,7.7,1.51,75,85,84,98
858392,MZLGI03GJS,304871,25/09/2018,07:47,08:22,Light Yellow,Clear,1.021,5.8,Trace,3+,Negative,Negative,Negative,1+,Negative,96-99,0,1-3,Nil,Nil,NIL,11.8,7.2,41.7,99.7,16,28,11.6,40.1,26544,64,34,2,2,1,3.31,2.57,0.01,0.75,0.12,482,7.4,5,0.49,24.7,4.6,0.24,0.87,0.14,478,48,83,17,85,170,10,1.73,0.58,0.6,0,0.6,110,15,23,19,6.6,4.1,2.5,1.64,0.9,10.8,5.0436,5.6,132,3.5,97,4.7,110.03,110,271,381,28.87,9,211.6,0.9,26,100.3,25.92,10.7,6.9,103,19.2,4.97,111,97,98,137
680462,PBCHD13GAM,663060,25/09/2018,08:16,08:58,Light Yellow,Clear,1.02,6.9,Trace,1+,Negative,Negative,Negative,Normal,Negative,TNTC,1,2-2,Nil,Nil,NIL,17.3,4.2,59.5,98.3,41,29,15,39.4,4863,56,29,2,7,0.1,3.84,2.96,0.83,0.54,0.07,174,7.6,14,0.33,23.6,3.6,0.27,0.29,0.11,195,26,103.2,14,70,91,7.5,3.97,0.25,0.8,0.1,0.7,80,37,40,27,7.8,3.7,4.1,0.9,0.7,14.5,6.7715,9.67,139,2.8,105,5.6,105.24,106,270,376,28.19,8.6,200.12,0.9,17.1,235.1,7.27,10.2,3.7,102,18.5,3.28,84,70,105,64
912513,GYAHD04ODK,147484,25/09/2018,08:54,10:21,Straw,Clear,1.011,5.4,1+,Trace,Negative,1+,Negative,1+,Negative,7-8,2,1-3,Nil,Nil,Amorphous debris,19.7,4.9,49.6,79.3,40,39,14.5,41.9,24044,20,42,6,4,0,0.61,4.06,0.49,0.26,0.06,30,8.3,16,0.32,16.3,0.6,0.01,0.49,0.23,190,67,174.8,8.6,43,186,2.8,2.61,0.38,0.2,0,0.2,121,9,119,14,8.1,3.6,4.5,0.8,0.8,12.4,5.7908,7.24,122,2.6,113,1.9,62.67,131,228,359,36.49,5.9,122.63,0.8,204.8,123.6,165.7,10.2,2.7,152,4.5,0.5,85,71,131,117
729591,KLTRS05KLP,109617,23/09/2018,08:43,10:05,Light Yellow,Slightly cloudy,1.013,6.2,1+,Negative,Negative,Negative,Negative,Normal,Negative,12-13,41,2-4,Nil,Rare,NIL,8.1,4,29.6,98.2,20,27,13.5,41.2,8499,55,33,7,9,0,6.45,1.86,0.33,0.45,0,420,10.3,11,0.29,48.7,4.1,4.28,2.3,0.01,158,54,92.4,19.5,97.5,131,2.9,1.71,0.58,0.8,0.1,0.7,82,9,18,19,8.2,5,3.2,1.56,0.8,174.1,81.3047,101.63,139,4.2,105,4.6,90.44,126,252,378,33.33,6.2,131.24,0.7,16.8,38.9,43.19,10.1,6,177,4,1.99,113,138,96,392
491715,GYAHD13ODK,622118,24/09/2018,07:46,08:36,Green,Clear,1.016,6.6,Negative,Negative,Negative,Negative,Negative,Normal,Negative,14-15,5,2-2,Nil,Nil,NIL,11.3,6.8,61.4,84.8,16,18,12.2,39.2,6107,42,53,4,5,0,0.83,5.91,0.77,0.3,0.03,218,10.7,13,0.38,12,4.7,0.93,0.51,2.55,167,59,119.4,16.2,81,175,2.8,2.02,0.49,11.7,7.2,4.5,94,46,35,38,7.8,3.7,4.1,0.9,0.8,14.6,6.8182,8.52,138,4,103,3.6,100.58,114,336,450,25.33,6.3,134.11,0.8,17.9,79.9,22.4,8.9,2.4,262,7.6,0.79,118,85,89,86
402276,PBCHD13RJU,566534,25/09/2018,08:39,09:48,Yellow,Slightly cloudy,1.015,6.7,1+,Trace,Negative,Negative,Negative,Normal,Negative,3-5,1,3-2,Nil,Nil,Fat droplets or lipiduria,11.7,4.5,24.5,73.8,26,47,10.6,44,5707,62,39,5,3,0.6,3.32,1.82,0.24,0.02,0.05,306,7.9,13,0.45,17,2.7,0.29,0.29,0.05,156,23,99.4,37.9,189.5,180,6.8,4.32,0.23,14.6,10.1,4.5,41,19,29,44,7.4,4.8,2.6,1.85,0.9,16.9,7.8923,8.77,142,5,101,2.3,96.57,141,358,499,28.26,5.9,122.63,0.7,10.5,231,4.55,10.7,3.6,74,10.2,2.61,83,178,89,284
165971,MZLGI01GJS,355866,26/09/2018,06:47,07:19,Light Yellow,Clear,1.014,6.8,Trace,Trace,Negative,Negative,Negative,Normal,Negative,5-6,2,15-15,Nil,Nil,NIL,16.9,5.1,51.6,97.5,33,32,13.2,40.6,4894,32,12,14,3,0,7.85,4.98,1.35,0.69,0.07,106,5,12,0.31,31.9,5.2,0.21,0.27,0.49,169,21,92.2,56.1,280.5,158,8,4.39,0.23,2.1,1,1.1,125,10,40,47,7.7,3.8,3.9,0.97,1.2,16.1,7.5187,6.27,136,4.4,111,4.4,98.64,71,280,351,20.23,5.9,122.63,1,11.6,26.7,43.45,10.4,3.2,128,5.1,6.56,116,95,85,105
184792,KLTRS08KLP,938971,26/09/2018,11:02,11:34,Red,Hazy,1.019,6.6,Negative,Trace,Negative,Negative,Negative,Normal,Negative,12-14,1,3-2,Nil,Nil,Artifacts,14.4,4.7,48.9,79.7,30,29,13.8,36,52866,51,37,4,5,0,16.72,0.72,0,0.25,0.1,343,10.4,13,0.35,27.9,4.6,0.61,0.17,6.14,165,40,78.9,7.3,36.5,153,4.1,1.97,0.51,0.7,0.2,0.5,302,52,37,20,6.5,4,2.5,1.6,0.6,11.9,5.5573,9.26,146,3.8,100,5.4,90.02,221,243,464,47.63,5.8,119.76,0.7,17.3,81.3,21.28,11,2.2,290,4.9,0.75,96,163,109,128
585774,KLTRS01MLT,849438,23/09/2018,07:03,08:25,Light Yellow,Hazy,1.018,6.7,Trace,Trace,1+,Negative,Negative,Normal,Negative,1-2,2,1-4,Nil,Rare,NIL,10.8,4.1,47.8,73.5,26,22,12.2,44,4523,48,24,4,10,0,1.71,1.74,0.73,0.03,0.07,38,11.1,11,0.32,18.1,2.2,3.47,0.24,0.59,173,43,43.8,36.3,181.5,136,4,1.02,0.98,0.5,0.1,0.4,78,16,13,11,7.3,3.6,3.7,0.97,1,39.7,18.5399,18.54,140,4.1,107,2.2,39.43,157,186,343,45.77,6.9,151.33,0.5,12.1,137.2,8.82,10.4,3.5,187,18.5,2.03,119,172,106,230
156523,MZLGI01RJK,560025,26/09/2018,10:33,11:31,Pale Yellow,Slightly cloudy,1.012,6.1,3+,Negative,2+,Negative,Negative,Normal,Negative,2-4,0,3-3,Nil,Few,Amorphous debris,21,5.4,41,80.3,38,51,13.9,42.2,8442,55,21,1,5,5.4,1.29,2.74,0.94,0.35,0.09,374,10.6,14,0.22,22.6,3.8,0.27,4.14,0.24,177,49,57.5,37.4,187,61,3.6,1.17,0.85,0.6,0.2,0.4,100,47,33,18,4.7,3.9,0.8,4.88,1,8.3,3.8761,3.88,139,3.8,103,4,101.67,58,177,235,24.68,7.6,171.42,0.9,28.2,118.6,23.78,9.4,4.3,180,15.1,0.71,118,79,71,135
119788,MZLGI05MHP,284406,26/09/2018,08:02,08:34,Pink,Slightly cloudy,1.017,6.6,Negative,Negative,Negative,Negative,Negative,Normal,Negative,4-5,2,12-8,Nil,Few,NIL,16.2,6.5,17.5,81.1,24,92,13.3,34,3372,55,45,1,3,0,9.34,4.6,0.51,0.37,0.02,106,10.9,17,0.3,26,4,0.05,0.69,4.57,125,56,101.2,24.2,121,96,2.2,1.81,0.55,4.1,2,2.1,125,29,39,23,7.4,3.7,3.7,1,1,30.5,14.2435,14.24,141,5.7,99,7.8,119.47,62,300,362,17.13,6.3,134.11,56.9,27.7,123,22.52,8.5,2.2,62,6.2,0.16,72,92,64,136
982417,PBCHD13GAM,636942,23/09/2018,08:00,08:54,Light Yellow,Clear,1.018,6.6,Trace,Trace,Negative,Negative,Negative,Normal,Negative,12-14,2,7-13,Nil,Nil,Amorphous debris,14.7,5.3,41.2,47.3,27,35,11.8,45.5,8063,31,26,3,8,0,6.71,2.06,0.34,0.02,0.1,383,11.5,13,0.22,22.5,0.7,0.02,0.14,0.09,156,45,82.7,11.6,58,200,3.5,1.84,0.54,0.8,0.3,0.5,125,43,49,42,6.8,4,2.8,1.43,0.9,19.3,9.0131,10.01,135,6.9,108,6.9,101.14,113,219,332,34.04,7.3,162.81,0.5,21.2,100.1,21.18,12.4,3.6,167,14.6,1.47,99,83,317,133
910121,MZLGI05APK,934148,27/09/2018,11:27,12:25,Straw,Slightly cloudy,1.021,6.5,3+,Negative,Negative,Negative,Negative,Normal,Negative,5-7,0,2-2,Nil,Nil,NIL,7.4,4.7,35.1,94.2,15,21,12.1,44.9,7199,68,37,3,7,2.8,3.36,0.02,0.73,0.01,0.07,108,8.8,17,0.26,21.5,3.9,0.32,0.88,0.08,227,44,82.3,55.1,275.5,154,5.2,1.87,0.53,0.5,0.2,0.3,56,44,21,10,6.2,4,2.2,1.82,0.6,19.1,8.9197,14.87,114,2,105,5.8,118.68,77,267,344,22.38,8,182.9,0.6,173.2,148.7,116.48,9.9,2.9,208,11.8,3.07,74,180,77,100
458896,PBCHD12GAM,808865,27/09/2018,08:43,09:25,Pale Yellow,Slightly cloudy,1.022,5.5,Negative,Trace,Negative,Negative,Negative,Normal,Negative,13-14,0,3-4,Moderate,Nil,Fungal elements,12,6,36.9,93.1,20,32,14.1,40.2,6932,49,33,2,7,0,18.77,2.14,0.21,0.63,0.06,217,11.4,15,0.23,31.8,2.6,0.11,0.95,0.92,194,41,76.8,12.1,60.5,155,4.7,1.87,0.53,0.4,0,0.4,47,26,15,39,6.8,3.9,2.9,1.34,0.9,5.4,2.5218,2.8,131,3.7,102,2.8,116.92,91,329,420,21.67,6,125.5,0.7,231.2,70.3,328.88,9.5,4.3,295,12.3,3.6,81,105,80,120
177020,MZLGI15GJS,227661,26/09/2018,08:59,10:08,Light Yellow,Clear,1.012,6.8,Negative,Trace,Trace,Negative,Negative,Normal,Negative,TNTC,1,2-2,Nil,Few,NIL,8,5.6,25.8,84.6,14,31,12.8,43.5,6328,47,32,1,8,0.9,1.95,2.24,0.37,0.59,0.05,241,7.1,15,0.37,12.4,1.5,0.65,0.64,0.34,156,44,92,23.4,117,73,3.5,2.09,0.48,0.5,0,0.5,105,30,23,17,6.5,4.9,1.6,3.06,0.9,9.1,4.2497,4.72,141,7.4,97,5.1,115.93,104,212,316,32.91,8.2,188.64,0.8,11.1,142.9,7.77,10.5,4.2,87,11.8,3.99,112,87,104,170
721781,GYAHD07ODK,616734,25/09/2018,10:38,11:51,Pale Yellow,Hazy,1.01,4.5,Negative,Negative,Negative,Negative,Negative,Normal,Negative,11-13,0,2-4,Rare,Nil,Fat droplets or lipiduria,11.9,5.7,33.6,87.9,20,35,12.3,44.8,9121,42,23,3,3,0,8.84,1.51,0.48,0.32,0.07,351,10.2,14,0.49,42.8,1.2,0.47,0.22,0.37,170,46,49.4,35.6,178,146,3.7,1.07,0.93,0.3,0.1,0.2,69,8,34,27,6,4.6,1.4,3.29,0.7,14.1,6.5847,9.41,136,4.2,113,5.4,114.65,95,348,443,21.44,6.1,128.37,0.4,27.3,108.2,25.23,11.2,4.3,139,5.1,0.14,75,115,114,75
369866,PBCHD12PBP,709759,26/09/2018,08:22,09:09,Light Yellow,Slightly cloudy,1.012,6.8,Trace,1+,Negative,Negative,Negative,Normal,Negative,3-5,1,11-10,Nil,Nil,NIL,20.6,4.2,29.5,94,49,69,14.4,39.6,9246,58,24,1,8,8.3,6.68,1.13,0.98,0,0.02,167,7.4,12,0.41,32.6,2.1,0.27,0.38,0.09,236,55,169.1,10.8,54,78,4.3,3.07,0.33,0.3,0,0.3,115,16,34,24,7.8,4.1,3.7,1.11,0.8,23.9,11.1613,13.95,96,3.8,106,3.1,114.02,119,359,478,24.9,12.4,309.18,0.9,10.4,90.3,11.52,10.4,3.1,199,5.3,1.83,102,158,119,133
700349,PBCHD09GAM,618910,27/09/2018,08:20,09:37,Straw,Clear,1.011,6.4,1+,1+,Negative,Negative,Negative,Normal,Negative,13-15,1,>20,Moderate,Few,NIL,15.8,5.6,38.7,53.7,28,40,13.1,39.5,7843,38,25,3,4,0,8.34,1.75,0.28,0.29,0.02,247,11.6,15,0.23,18.6,3.3,0.03,2.73,0.14,224,45,85.7,56.6,283,131,5,1.9,0.53,0.8,0.3,0.5,116,40,20,32,7,4.1,2.9,1.41,0.6,11.5,5.3705,8.95,113,2.8,109,4.7,92.65,70,109,179,39.11,8.2,188.64,0.1,25.5,119.3,21.37,11.7,4,231,15.6,3.07,109,70,105,152
329529,MZLGI12APK,440832,25/09/2018,11:15,12:25,Light Yellow,Hazy,1.01,6.5,1+,Trace,Negative,Negative,Negative,Normal,Positive,3-4,1,3-4,Moderate,Nil,NIL,14.9,4.2,25.1,87.3,35,59,13,44.2,5231,40,33,4,12,0,19.02,2.83,0.18,0.24,0.04,315,9.6,11,0.2,22.9,3.1,0.13,0.06,1.27,159,32,60.9,11.8,59,140,5,1.9,0.53,0.8,0.1,0.7,51,21,23,36,7.4,3.5,3.9,0.9,0.9,9.4,4.3898,4.88,120,3.9,106,4.2,112.28,113,118,231,48.92,12.4,309.18,0.5,20.7,541.4,3.82,11.4,4.4,201,4.4,3.46,116,64,62,74
489183,MZLGI12GJS,464191,26/09/2018,08:28,09:33,Pale Yellow,Clear,1.025,6.8,Trace,Trace,Negative,Negative,Negative,Normal,Negative,94-97,1,1-2,Nil,Nil,Fat droplets or lipiduria,2.1,5.5,49.6,124.8,3,4,12.3,45.5,5652,33,17,2,7,0,5.2,4.5,0.33,0.3,0.06,389,11,14,0.35,24.3,1.5,0.07,0.6,3.16,141,42,98.1,64.7,323.5,66,3.4,2.34,0.43,9,4.5,4.5,126,33,37,33,7.4,4.9,2.5,1.96,0.6,14.4,6.7248,11.21,137,4.3,107,7.8,106.76,197,170,367,53.68,6.1,128.37,0.8,15.5,73,21.23,11.1,2.6,121,5.4,9.76,97,91,78,254
384794,MZLGI08APK,987996,27/09/2018,08:28,09:39,Orange,Clear,1.011,5.3,Negative,Trace,Negative,Negative,Negative,Normal,Negative,3-5,2,1-2,Nil,Nil,Mucus threads,3.6,8.5,45.1,76.1,4,7,13.2,44.3,26950,57,20,5,3,2.6,2.66,1.81,0.43,0.26,0.15,242,7.2,14,0.25,15.7,2,0.39,0.22,0.37,165,45,117.2,18.1,90.5,78,3.7,2.6,0.38,0.5,0,0.5,58,26,40,15,7,3.5,3.5,1,0.7,10.9,5.0903,7.27,143,5,96,4.1,118.6,149,343,492,30.28,6.2,131.24,0.5,20.9,115.8,18.05,10.4,4.1,74,11,1.04,137,116,108,80
541892,MZLGI04RJK,724719,24/09/2018,08:27,09:34,Straw,Clear,1.016,6.2,Negative,Trace,1+,Negative,Negative,Normal,Negative,12-14,2,1-4,Nil,Nil,NIL,14,4.2,45.1,66.6,33,31,14,40.6,6657,29,16,4,8,0,4.98,2.84,0.81,0.33,0.06,348,10.1,12,0.12,17.3,0.8,0.13,0.14,0.14,151,65,88,34.6,173,164,2.3,1.35,0.74,0.5,0,0.5,112,42,14,23,6.3,4.5,1.8,2.5,1.1,13.3,6.2111,5.65,146,4.7,87,4.9,110.17,80,110,190,42.11,7.2,159.94,0.7,28.3,80.4,35.2,7.2,4.8,293,10,0.95,119,64,184,131
383174,GYAHD08KAU,605846,27/09/2018,07:29,07:59,Yellow,Clear,1.014,6.6,Trace,Trace,Negative,Negative,Negative,Normal,Negative,7-9,1,13-8,Rare,Few,NIL,15.8,5.2,55.1,59.5,30,28,14.5,33.6,8158,53,27,6,8,0,6.71,2.72,0.32,0.09,0.1,374,11.8,11,0.31,31.9,0.6,0.09,0.05,0.28,198,44,84.2,62.5,312.5,118,4.5,1.91,0.52,0.6,0,0.6,92,13,10,43,7.2,3.9,3.3,1.18,0.8,7.3,3.4091,4.26,136,3.9,95,5,115.28,164,197,361,45.43,6.6,142.72,1,12.4,105.4,11.76,8.9,4.6,190,7.8,0.38,106,84,95,128
212647,MZLGI06BRC,516491,27/09/2018,07:15,08:10,Straw,Clear,1.01,4.8,Negative,3+,Negative,Negative,Negative,Normal,Negative,1-3,2,14-10,Nil,Few,NIL,13.4,5.2,48.8,91.1,25,27,15.9,46,9720,73,25,6,3,0,3.17,2.05,0.3,0.48,0.03,220,10.4,17,0.39,31.1,2.1,0.25,0.17,0.18,178,53,52.3,85.9,429.5,100,3.4,0.99,1.01,0.5,0,0.5,87,47,25,25,6.5,4.3,2.2,1.95,0.9,9,4.203,4.67,137,4.1,108,2.2,95.12,59,94,153,38.56,5.9,122.63,0.8,23.2,127.2,18.24,9.3,2.6,73,18.5,0.06,233,78,89,170
842108,PBCHD08RJU,129967,25/09/2018,07:14,08:08,Pale Yellow,Slightly cloudy,1.011,7,Trace,Negative,Negative,Negative,Negative,Normal,Negative,13-15,1,3-3,Nil,Rare,NIL,13.9,6.7,32.5,74.3,20,42,13.1,40.1,5686,51,26,2,5,0,19.57,1.58,0.73,0.44,0.05,266,6.3,19,0.32,19.7,1.1,6.33,0.19,0.06,192,49,125.8,38.7,193.5,140,3.9,2.57,0.39,0.7,0,0.7,80,37,35,25,8.3,3.9,4.4,0.89,1,18,8.406,8.41,139,4.8,95,2,112.39,65,351,416,15.63,6.1,128.37,0.2,12.9,112.7,11.45,9.6,2.9,144,8.7,1.72,91,90,123,135
535417,PBCHD10RJU,861273,27/09/2018,11:11,12:30,Pale Yellow,Opaque,1.017,4.8,Trace,Negative,Negative,Negative,Negative,Normal,Negative,11-12,2,1-4,Nil,Rare,NIL,9,6,22.3,97.2,15,40,11.8,43.4,9213,40,27,6,6,0,13.46,2.31,0.35,0.45,0.12,252,17.7,12,0.35,31.6,1.5,0.8,0.37,0.98,177,50,90.5,11.5,57.5,62,3.5,1.81,0.55,1.3,0.6,0.7,129,24,30,44,7.9,3.6,4.3,0.84,1.2,18.4,8.5928,7.16,136,4.2,103,5.9,109.17,130,306,436,29.82,6.3,134.11,0.6,11.7,116.3,10.06,10.2,4.9,103,6.4,3.71,92,65,88,248
166852,MZLGI01APK,316375,26/09/2018,07:33,08:56,Pale Yellow,Clear,1.014,4.1,2+,2+,Negative,Trace,Negative,Normal,Negative,3-5,0,3-3,Nil,Moderate,Fungal elements,17.6,5.2,31.7,78.1,33,55,14,39.6,6789,68,54,6,7,0,5.79,2.97,0.76,0.47,0.03,138,8.6,9,0.21,22,2.9,0.19,0.37,0.02,122,53,104.2,21.7,108.5,81,2.3,1.97,0.51,0.6,0.2,0.4,38,23,22,24,6.9,4.2,2.7,1.56,1.9,19.9,9.2933,4.89,140,7.2,107,5.5,99.77,165,271,436,37.84,6,125.5,0.4,13,140.2,9.27,10.1,2.1,150,9.9,1.47,90,134,97,67
111762,GYAHD06ODK,590400,23/09/2018,06:49,08:09,Yellow,Clear,1.012,6.2,3+,Negative,Negative,Negative,Negative,Normal,Negative,8-9,0,2-4,Nil,Rare,Amorphous debris,17.8,5,34.4,74,35,51,12,42,10521,51,45,6,5,0,8.24,1.82,0.87,0.17,0.13,102,10.5,17,0.2,28.9,1.8,0.06,0.22,0.34,153,55,79,15.9,79.5,114,2.8,1.44,0.7,0.7,0.3,0.4,86,28,13,36,6.7,3.5,3.2,1.09,1.1,13.1,6.1177,5.56,140,3.3,115,6.6,97.26,97,275,372,26.08,5.7,116.89,0.8,28.9,91.6,31.55,8.6,4.5,139,9.8,0.11,102,75,83,141
983705,GYAHD08KLM,808083,26/09/2018,11:53,12:33,Light Yellow,Slightly cloudy,1.012,4.7,1+,2+,Negative,Negative,Negative,Normal,Positive,3-4,1,1-4,Nil,Nil,NIL,9.8,5.2,31.7,83.5,18,30,12.7,43.2,3812,58,32,5,8,0,3.73,0.79,0.36,0.46,0.05,188,11.6,20,0.37,33.7,2.1,0.77,3.41,0.21,150,53,152.8,61.3,306.5,149,2.8,2.88,0.35,0.5,0.2,0.3,44,44,25,35,7.2,4.6,2.6,1.77,1.2,13.9,6.4913,5.41,139,6,101,4,114.65,83,215,298,27.85,5,96.8,22.1,21.3,377.8,5.64,13.3,4.4,278,6.9,3.24,72,108,88,244
547582,PBCHD06KLC,906774,24/09/2018,06:11,07:13,Yellow,Clear,1.02,6.7,2+,1+,Negative,Negative,Negative,Normal,Positive,6-8,1,2-2,Nil,Nil,NIL,3.8,5.9,60.1,98.7,6,6,12.9,41.7,8650,53,30,13,6,0,7.74,1.35,0.68,0.53,0.29,271,9.6,17,0.16,39.4,4.4,0.38,0.06,0.26,207,37,95.8,38.8,194,151,5.6,2.59,0.39,0.6,0.2,0.4,59,11,18,13,5.7,4,1.7,2.35,0.8,10.6,4.9502,6.19,148,4.2,87,6.3,119.75,67,334,401,16.71,8.6,200.12,0.7,248.4,97.1,255.82,9.5,5.3,101,22.1,1.94,89,72,188,219
421343,MZLGI15RJK,410536,24/09/2018,07:06,07:41,Deep Amber,Slightly cloudy,1.02,5.2,Negative,Trace,Negative,Negative,Trace,Normal,Negative,1-2,15,1-4,Nil,Nil,Fat droplets or lipiduria,4.5,5.8,40.6,72.6,7,11,12.3,41,9513,46,34,5,5,0,8.27,1.83,0.18,0.28,0.06,109,10.1,14,0.33,19.4,2.9,0.01,0.25,0.56,222,32,52.5,41.2,206,150,6.9,1.64,0.61,0.7,0.3,0.4,74,56,11,16,6.3,5,1.3,3.85,1.1,19.5,9.1065,8.28,135,4.4,98,5.3,125.01,95,180,275,34.55,8.5,197.25,0.4,356.5,43.6,817.66,12,5.9,115,7.6,0.66,80,95,72,116
640054,KLTRS09WBD,743040,26/09/2018,11:05,12:22,Orange,Clear,1.026,6.6,Negative,Trace,Negative,Negative,2+,Normal,Negative,10-11,1,1-2,Nil,Nil,NIL,14.2,5.2,45,97.2,27,31,13.4,42.9,5346,55,24,2,5,0,3.38,1.69,0.43,0.08,0.08,316,5.8,5,0.35,24.8,1.2,0.04,0.3,0.02,216,42,101.8,38.1,190.5,72,5.1,2.42,0.41,0.8,0.3,0.5,51,50,14,36,7.5,4.7,2.8,1.68,1,19.5,9.1065,9.11,140,5.2,107,6.2,108.1,119,353,472,25.21,7.4,165.68,0.7,25.9,208.2,12.44,10.1,3.3,216,2.9,2.87,79,115,90,81
682771,MZLGI02APK,107117,25/09/2018,09:28,10:25,Pale Yellow,Clear,1.017,5.9,Negative,Negative,Negative,Negative,Negative,Normal,Negative,58-60,1,2-2,Nil,Few,NIL,11.9,8.2,20.7,75.5,14,57,12.3,40.1,10864,61,17,1,8,0,2.56,0.14,1.46,0.08,0.02,349,8.3,11,0.34,13.9,1.3,0.32,0.22,0.25,178,44,54.9,24.9,124.5,73,4,1.25,0.8,0.4,0.1,0.3,96,41,38,25,7,3.7,3.3,1.12,0.8,11.6,5.4172,6.77,135,4.1,108,3.9,81.05,222,299,521,42.61,6.2,131.24,0.3,21.8,108.7,20.06,9.2,4.1,316,5.6,3.41,150,80,78,189
711414,PBCHD11RJU,942992,26/09/2018,07:52,08:37,Pale Yellow,Slightly cloudy,1.016,6.7,1+,Negative,Negative,Negative,Negative,Normal,Negative,8-9,1,1-4,Nil,Nil,NIL,13.5,5.8,37.8,94.6,23,35,12.8,41.5,4694,21,11,5,2,0,3.42,1.57,0.99,0.1,0.06,106,14.6,13,0.2,23.9,5.1,0.16,0.05,5.84,179,59,100.7,59.2,296,148,3,1.71,0.59,0.9,0.3,0.6,125,41,33,29,6.2,4.1,2.1,1.95,0.7,18.8,8.7796,12.54,122,4.3,97,3.5,60.16,186,351,537,34.64,5.8,119.76,0.8,14.8,314.9,4.7,10.3,4.4,42,21.1,1.9,80,100,98,170
172971,PBCHD14NLM,472284,27/09/2018,11:18,12:09,Pale Yellow,Hazy,1.012,6.6,1+,1+,Negative,Negative,Negative,Normal,Negative,8-10,2,3-2,Few,Moderate,NIL,9.5,5.3,50.3,91,17,18,14,44.2,4478,45,14,5,0,0,4.48,2.16,0.29,0.5,0.12,147,7.1,17,0.52,27.5,0.5,0.09,0.04,0.15,171,37,92,19,95,153,4.6,2.49,0.4,0.7,0.3,0.4,65,12,35,45,8.3,4.9,3.4,1.44,0.6,12.8,5.9776,9.96,137,4.4,112,3.1,110.3,136,130,266,51.13,6.3,134.11,0.1,15,112.9,13.29,10.6,2.8,131,4.1,3.48,81,83,60,91
654375,KLTRS02ODB,812567,27/09/2018,10:54,11:54,Straw,Clear,1.012,6.1,1+,Negative,Negative,Negative,Negative,Normal,Negative,1-2,1,1-4,Nil,Rare,Fat droplets or lipiduria,10,5.8,21.3,82.5,17,46,13.8,40.3,7959,52,11,19,18,0,1.25,2.48,0.7,0.88,0.05,34,11,14,0.42,39.9,1.3,0.1,0.93,0.96,188,60,79.6,34.6,173,127,3.1,1.33,0.75,0.6,0.2,0.4,127,8,14,104,7.6,3.5,4.1,0.85,0.7,6.7,3.1289,4.47,148,4.2,95,2.4,108.33,148,143,291,50.86,6,125.5,0.9,26.9,79.2,33.96,8.4,5.4,162,16.9,3.12,92,69,86,129
693656,PBCHD07NLM,372792,24/09/2018,10:28,10:58,Straw,Clear,1.011,7.7,4+,Negative,Negative,Negative,Negative,Normal,Negative,11-12,2,1-2,Nil,Rare,NIL,8.1,5.9,47.3,86.3,13,17,12.2,40,8057,48,40,6,7,0,6.24,2.88,0.39,0.19,0.07,401,7.3,16,0.15,20.1,4.9,0.13,1.99,0.34,192,42,132.6,21.1,105.5,137,4.6,3.16,0.32,0.7,0.3,0.4,54,7,10,26,7.9,3.6,4.3,0.84,0.9,19.2,8.9664,9.96,137,5.8,101,6.2,58.59,141,174,315,44.76,7.6,171.42,0.1,23.7,190.7,12.43,10,3.8,230,7.3,1.15,85,87,86,258
651211,KLTRS11MLT,379349,25/09/2018,10:05,11:25,Pale Yellow,Hazy,1.025,5,Negative,1+,Negative,Negative,Negative,Normal,Negative,3-4,1,2-2,Nil,Nil,NIL,12,5.6,44,57.3,21,27,12.6,43.2,30201,45,20,2,7,1,12.41,1.2,0.89,0,0.02,261,9.4,15,0.26,15.6,0.1,0.06,0.37,0.33,202,71,113.1,6.5,32.5,128,2.8,1.59,0.63,0.4,0.1,0.3,75,22,32,27,8.1,3.9,4.2,0.93,1.2,16.8,7.8456,6.54,120,3.4,96,3.3,113.59,91,246,337,27,6.1,128.37,0.3,12,137.7,8.71,12.1,5.1,137,7.4,3.69,155,94,94,93
625637,MZLGI04RJK,476425,24/09/2018,10:36,11:24,Deep Amber,Clear,1.014,4.7,Negative,Trace,Negative,Negative,Negative,Normal,Negative,13-14,2,3-3,Few,Nil,Parasites,9.6,4.1,33.5,78.2,23,28,13.8,39.4,8794,33,23,0,4,0,0.58,7.29,0.6,0.16,0.04,386,8.5,23,0.25,29.8,2.4,0.67,0.28,2.93,183,73,76.8,63.7,318.5,106,2.5,1.05,0.95,0.4,0.1,0.3,39,17,17,21,6.1,3.7,2.4,1.54,1.1,8.5,3.9695,3.61,141,4.9,95,5.3,118.2,108,255,363,29.75,6.1,128.37,0.9,10.8,144.7,7.46,11.5,2.7,74,8.7,2.05,84,125,113,121
676988,PBCHD07PBM,884468,24/09/2018,08:18,09:08,Red,Hazy,1.011,6.8,3+,Trace,Trace,Negative,2+,Normal,Negative,7-8,2,2-3,Nil,Nil,NIL,16.1,3.7,29.6,44,43,54,14,40.4,10420,59,23,6,5,0,8.1,2.2,0.78,0.15,0.12,227,11,13,0.35,34.2,1.8,0.2,0.49,0.39,169,25,79.5,51.1,255.5,78,6.8,3.18,0.31,0.5,0.2,0.3,75,46,11,36,7.8,2.7,5.1,0.53,1.2,238.5,111.3795,92.82,120,3.3,119,4.4,102.61,71,110,181,39.23,6,125.5,0.2,15.6,93.4,16.7,9,4.1,314,12.1,2.36,120,70,85,97
271092,MZLGI04APK,952635,25/09/2018,07:26,08:52,Light Yellow,Clear,1.016,6.5,Negative,Negative,Negative,Negative,Negative,Normal,Negative,2-3,1,1-3,Rare,Nil,Yeast cells,12.7,5.1,37.4,95.9,24,33,13.5,40.8,5348,51,33,4,15,0,4.4,2.84,0.27,0.36,0.45,190,7.4,11,0.28,21.9,4.3,0.33,0.35,0.5,213,61,97.6,36.5,182.5,146,3.5,1.6,0.63,0.4,0,0.4,91,7,26,48,6.6,4.7,1.9,2.47,1.2,19.5,9.1065,7.59,139,5.4,102,3,65.39,135,356,491,27.49,5.9,122.63,0.6,27.2,97.3,27.95,10.7,2.1,130,6.6,2.07,147,71,216,152
795836,GYAHD12KLM,830652,27/09/2018,06:45,07:57,Light Yellow,Hazy,1.014,5.8,Trace,Negative,Negative,Negative,Negative,Normal,Negative,13-14,1,3-3,Nil,Few,NIL,15.2,3.8,46.9,79.5,40,32,12.8,34.1,9947,31,21,6,0,0,8.89,1.53,0.69,0.2,0.03,176,12,16,0.3,13,4.8,0.19,0.31,4.63,185,55,96.9,33.8,169,105,3.4,1.76,0.57,0.5,0.2,0.3,116,14,22,9,6,3.9,2.1,1.86,0.6,12.2,5.6974,9.5,139,3.8,89,5,83.32,141,349,490,28.78,6,125.5,0.4,27.7,45.7,60.61,10,4.5,159,8.4,2.07,95,121,83,342
428350,KLTRS12ODB,256619,24/09/2018,10:37,11:49,Straw,Hazy,1.029,6.9,Negative,Negative,Negative,Negative,Negative,Normal,Negative,TNTC,0,3-2,Few,Nil,NIL,7.1,5.6,33.3,98.4,12,21,11.7,33.9,4283,28,54,3,2,0.7,19.73,1.95,0.93,0.41,0.02,322,14.8,8,0.21,13.1,4.5,0.35,0.4,0.81,174,39,148.5,29.4,147,129,4.5,3.81,0.26,0.7,0,0.7,70,15,10,43,6.6,3.7,2.9,1.28,0.7,35.6,16.6252,23.75,131,5.3,106,3.4,106.07,181,357,538,33.64,5.7,116.89,0.5,24.5,72.7,33.7,12.2,3.7,131,15.8,0.77,102,110,85,278
304232,GYAHD06JHJ,370664,23/09/2018,10:11,11:26,Straw,Hazy,1.012,5.9,Negative,1+,Negative,Negative,1+,Normal,Negative,TNTC,1,3-3,Nil,Nil,Fat droplets or lipiduria,11.6,5.6,52.3,73.4,20,22,11.6,43.2,2157,60,33,2,4,1.8,8.18,1.07,0.21,0.46,0.14,59,9.3,12,0.07,26.7,4.4,0.74,6.88,0.09,177,40,77.5,7.8,39,125,4.4,1.94,0.52,4.5,2.2,2.3,59,13,15,13,7.2,3.7,3.5,1.06,1.1,16.8,7.8456,7.13,135,3.5,97,5.4,66.41,85,254,339,25.07,6.2,131.24,1,28.1,76.2,36.88,10.3,3.3,194,3.6,0.38,89,120,116,61
952992,PBCHD09MHS,389355,26/09/2018,06:20,07:43,Pale Yellow,Hazy,1.012,6.8,4+,Trace,Negative,Negative,Negative,Normal,Negative,11-12,1,1-3,Nil,Nil,Yeast cells,11.1,8.1,61.4,85.9,13,18,13.7,41.7,10812,53,26,5,4,0,5.43,1.93,0.34,0.75,0.04,210,11.9,12,0.25,37,0.1,0.25,0.39,6.8,207,45,72.4,31.7,158.5,148,4.6,1.61,0.62,0.6,0.2,0.4,76,29,34,47,8.3,3.7,4.6,0.8,0.7,18.3,8.5461,12.21,142,4.2,103,5.9,108.46,83,199,282,29.43,6.7,145.59,0.9,11.2,249.6,4.49,10.1,4.1,238,3.2,0.09,103,280,120,156
603185,GYAHD13KAU,113537,24/09/2018,09:40,10:48,Pale Yellow,Slightly cloudy,1.019,5.5,Negative,Trace,Negative,Negative,Negative,Normal,Negative,88-92,0,1-2,Few,Nil,NIL,12.9,6.5,38.1,123,19,33,10.8,39,4251,79,17,4,9,1,3.14,2.58,0.58,0.29,0.09,146,10.7,15,0.26,43.1,4.1,1.68,0.87,0.02,176,40,81.4,5.2,26,86,4.4,2.04,0.49,0.7,0.3,0.4,46,13,81,43,7.3,3.7,3.6,1.03,1.1,9.6,4.4832,4.08,143,4.5,109,2.9,118.62,93,358,451,20.62,5.2,102.54,0.9,11.4,95.8,11.9,9.1,2.4,185,4.2,0.38,75,171,110,119
380504,MZLGI11GJS,835366,23/09/2018,09:32,10:17,Red,Slightly cloudy,1.018,6,Trace,1+,Negative,Negative,Negative,Normal,Negative,18-21,1,3-2,Nil,Nil,NIL,10.7,4.8,44.3,83.9,22,24,13.7,43.9,9358,56,45,4,6,0,3.38,2.28,0.82,0.55,0.04,198,8.4,16,0.41,29.4,0.6,0.29,0.73,0.23,217,49,60.8,48.4,242,70,4.4,1.24,0.81,0.4,0.1,0.3,46,24,39,12,8,4.7,3.3,1.42,0.6,8.5,3.9695,6.62,144,2.8,100,5.9,109.32,117,255,372,31.45,6.3,134.11,1,166.1,297.1,55.91,11,3.6,62,6.3,0.87,83,61,85,84
494155,MZLGI01BRC,191629,25/09/2018,10:49,12:12,Light Yellow,Cloudy,1.013,6.8,Negative,Negative,Trace,Negative,Negative,Normal,Negative,11-13,2,3-3,Nil,Few,Amorphous debris,19.6,5.2,52,95.4,37,37,11.8,40.3,10085,66,35,5,8,0,2.2,0.43,0.68,0.04,0.04,444,10.5,16,0.38,22.8,4.7,0.4,0.23,1.01,175,35,83.7,95.4,477,146,5,2.39,0.42,0.4,0.1,0.3,73,8,37,42,7.6,3.9,3.7,1.05,0.7,14.5,6.7715,9.67,129,2.7,95,3.6,103.8,160,147,307,52.12,5.8,119.76,0.5,28.1,102.8,27.33,11.2,3,187,12.4,1.25,81,98,70,95
548886,KLTRS13MLT,760826,27/09/2018,07:26,08:16,Deep Amber,Clear,1.02,5,Trace,Trace,Negative,1+,Negative,Normal,Negative,2-3,0,1-2,Nil,Nil,NIL,7.8,4.1,39.2,86.9,19,19,13.8,45.8,10772,54,30,2,6,0.7,5.24,0.27,0.31,0.56,0.07,137,11.3,13,0.34,23.3,1.2,0.46,0.38,0.1,434,44,68.4,28.4,142,62,9.9,1.55,0.64,0.7,0.2,0.5,105,51,33,48,8,3.5,4.5,0.78,0.8,18.4,8.5928,10.74,149,4.2,96,4.5,62.48,99,201,300,33,5.8,119.76,0.2,16.3,43.7,37.3,9.6,3.3,162,7.3,1.03,99,96,118,248
647263,MZLGI09GJS,482821,23/09/2018,09:57,10:27,Pale Yellow,Slightly cloudy,1.016,4.6,Negative,Trace,Trace,Negative,Negative,Normal,Negative,3-5,0,3-4,Nil,Nil,Artifacts,15.9,3.3,32.3,81.2,48,49,12.7,42.1,5748,64,22,2,7,1.4,9.16,2.4,0.7,0.48,0.07,429,8.3,11,0.27,33.1,0.1,0.54,0.44,0.99,203,40,111.3,41.1,205.5,72,5.1,2.78,0.36,0.5,0.2,0.3,119,11,105,41,7.3,4.6,2.7,1.7,1.2,16.9,7.8923,6.58,124,3.8,104,4.3,80.98,67,113,180,37.22,6.3,134.11,0.7,189.7,114.3,165.97,8.6,4.1,145,21.3,0.97,104,76,85,344
155586,PBCHD10GAM,202003,27/09/2018,06:06,07:01,Light Yellow,Hazy,1.017,6.3,Negative,1+,Negative,Negative,Trace,Normal,Negative,TNTC,1,1-4,Nil,Few,Parasites,9.4,5,36,73,18,26,13.2,41.9,7329,71,31,2,2,0,3.29,2.62,0.67,0.23,0.02,115,11.8,13,0.3,27,0.1,0.03,0.34,0.01,226,24,77,52.7,263.5,204,9.4,3.21,0.31,0.5,0.1,0.4,67,21,23,28,7.8,4.9,2.9,1.69,0.9,16.2,7.5654,8.41,148,4.3,96,3.8,112.21,86,257,343,25.07,5.8,119.76,0.7,90,123.1,73.11,9,4.1,132,11.9,3.04,120,69,125,370
643801,GYAHD12ODK,169742,27/09/2018,07:24,08:18,Light Yellow,Slightly cloudy,1.023,5.2,3+,Negative,1+,Negative,Negative,Normal,Negative,1-3,2,2-4,Nil,Rare,Fat droplets or lipiduria,10.3,5.4,63.4,96.6,19,16,13.2,43.8,7073,40,35,6,5,0.6,4.87,2.45,0.37,0.54,0.09,288,7.4,7,0.18,29.1,0.7,0.98,0.37,0.89,224,48,78.8,12.2,61,211,4.7,1.64,0.61,0.9,0.3,0.6,129,36,8,20,6.4,4.4,2,2.2,1.2,9.7,4.5299,3.77,149,4.1,87,3.4,113.5,104,121,225,46.22,6.2,131.24,0.9,23.1,68.2,33.87,9.1,3.1,243,11.4,2.39,85,63,125,263
226907,KLTRS15NLZ,114160,24/09/2018,09:34,10:29,Deep Amber,Hazy,1.015,6.1,Negative,Negative,Negative,Negative,Negative,Normal,Negative,7-9,0,13-15,Moderate,Nil,NIL,19.8,5.9,35.3,80.9,33,56,11.2,44.9,10756,49,11,10,8,0,14.75,1.91,0.58,0.06,0.16,361,12.5,11,0.26,47.8,2.5,0.23,0.31,0.51,231,54,31.8,5.6,28,192,4.3,0.59,1.7,2.9,1.4,1.5,44,21,17,29,6.1,4.7,1.4,3.36,0.7,18.1,8.4527,12.08,104,4.1,106,3.5,105.9,107,301,408,26.23,5.8,119.76,0,15.9,232.8,6.83,10.1,3.3,340,5.3,3.16,156,97,90,292
264878,MZLGI08GJS,831902,25/09/2018,06:17,07:19,Deep Amber,Hazy,1.012,5.3,Negative,Negative,Negative,Negative,Negative,Normal,Negative,2-4,0,2-3,Few,Nil,NIL,14.8,5.6,42.6,88.4,26,34,12.1,45.1,9191,55,48,5,6,0,3.29,2.67,0.16,0.03,0,101,16.9,12,0.34,29.2,1.2,0.23,0.35,0.16,171,55,194.9,96.5,482.5,132,3.1,3.54,0.28,0.7,0.2,0.5,58,25,38,8,8,4,4,1,0.6,11.7,5.4639,9.11,140,2.7,102,2.4,100.63,119,124,243,48.97,5.9,122.63,0.8,16.7,255,6.55,10.4,5.8,253,12.2,1.19,97,64,79,142
133905,PBCHD02HPP,619177,25/09/2018,08:52,10:15,Straw,Slightly cloudy,1.016,6.9,Trace,Negative,Negative,Negative,Negative,1+,Negative,1-3,1,1-4,Nil,Rare,Yeast cells,14.5,5.5,39.8,93.2,26,36,11.2,45.5,4752,25,23,6,7,0,7.47,1.75,0.61,0.02,0.17,283,8,13,0.37,25.4,4.7,0.36,0.11,6.58,223,54,71.3,21.1,105.5,155,4.1,1.32,0.76,0.6,0,0.6,68,36,39,47,5.1,4.8,0.3,16,0.7,13.4,6.2578,8.94,142,3.1,109,2.1,98.8,109,187,296,36.82,5.8,119.76,1,14,119.4,11.73,8.8,3.7,68,11.2,3.73,111,118,65,150
107854,PBCHD07RJU,704609,27/09/2018,11:22,12:29,Pale Yellow,Clear,1.01,5.6,Trace,1+,Negative,Negative,Negative,Normal,Negative,9-11,0,1-2,Few,Moderate,NIL,15.5,5.2,34.6,48.7,29,44,12,37.3,7713,56,47,6,23,0.3,9.61,1.99,0.46,0.31,0.08,396,7.9,19,0.42,19.1,4.8,0.27,0.3,0.03,128,24,67.6,22.2,111,126,5.3,2.82,0.36,0.5,0.1,0.4,108,14,23,13,7.6,3.6,4,0.9,0.9,14.8,6.9116,7.68,142,4.6,95,2.4,102.68,62,141,203,30.54,7.7,174.29,0.9,15.3,29.2,52.4,9.2,5.7,111,7.2,0.7,150,91,91,137
402784,PBCHD04SKM,352262,27/09/2018,06:17,07:28,Yellow,Clear,1.008,7,Negative,Negative,Trace,Negative,Negative,Normal,Negative,7-8,0,16-20,Nil,Few,NIL,12.2,4.9,54.7,95.6,24,22,14.1,43.1,5979,58,40,1,3,0,7.63,2.81,0.68,0.08,0.17,378,7,8,0.07,25.1,2,0.27,0.91,0.3,160,46,99.7,14,70,189,3.5,2.17,0.46,0.7,0.1,0.6,119,67,34,39,6.5,4,2.5,1.6,0.6,11.8,5.5106,9.18,126,4.1,95,3.2,115.45,53,353,406,13.05,6.9,151.33,0.2,18.6,140.8,13.21,9.5,2.4,194,22.6,11.34,73,72,74,60
569708,MZLGI02BRC,386896,24/09/2018,10:05,11:27,Straw,Hazy,1.011,6.9,Negative,Negative,Negative,Negative,Negative,Normal,Negative,10-11,0,1-4,Nil,Nil,Fat droplets or lipiduria,15.5,4.3,35.6,76.3,36,43,14.6,45.5,51583,39,30,10,8,0.2,7.06,1.93,0.92,0.61,0.05,292,14.5,28,0.24,30.2,0.1,4.89,0,0.29,160,77,63,26.4,132,92,2.1,0.82,1.22,0.9,0.4,0.5,66,41,36,16,6.3,5,1.3,3.85,1,14.7,6.8649,6.86,138,4,108,2.7,115.19,102,198,300,34,5.9,122.63,0.3,27.1,111.9,24.22,11.7,5.9,174,11.7,1.44,105,95,80,217
430000,KLTRS05MLT,352257,24/09/2018,06:42,07:31,Yellow,Clear,1.019,5.5,Trace,1+,Negative,Negative,Negative,Normal,Negative,9-11,1,3-3,Nil,Nil,NIL,15.5,6.4,13.3,47.5,24,116,16,42.9,6695,37,20,2,6,1.1,6.2,2.36,0.5,0.02,0.13,182,8.5,11,0.32,14.9,3.7,0.02,0.2,0.06,180,72,69,35.6,178,77,2.5,0.96,1.04,1.3,0.6,0.7,49,5,32,27,8,4,4,1,1.1,15,7.005,6.37,148,3.2,107,8.9,111.13,91,206,297,30.64,6.2,131.24,0.1,15.4,91.6,16.81,9.3,3.5,188,19.1,3.56,91,112,246,165
618316,MZLGI15RJK,141760,26/09/2018,07:21,08:19,Light Yellow,Clear,1.018,6.6,Trace,Negative,Negative,Negative,Negative,Normal,Negative,2-4,0,3-3,Rare,Nil,Artifacts,11.6,5,52.2,88.9,23,22,14.4,44,9569,59,24,4,7,0,4.85,1.2,0.58,0.35,0.07,32,7.1,12,0.36,26.6,2.8,4.17,0.92,0.21,155,50,154.4,18.1,90.5,75,3.1,3.09,0.32,0.9,0.2,0.7,99,17,29,42,6,4.8,1.2,4,1,11.4,5.3238,5.32,114,4.3,99,5.1,118.12,130,141,271,47.97,6,125.5,0.9,13.3,47.2,28.18,10.2,3.7,72,15.5,1.09,118,68,116,110
584138,KLTRS07ODB,708866,25/09/2018,10:39,11:17,Straw,Clear,1.019,7,1+,Negative,Negative,Negative,Negative,Normal,Negative,10-12,2,2-3,Nil,Nil,NIL,5.4,5.3,54.6,90.9,10,9,11.6,49.5,10788,64,35,4,11,0,1.6,1.5,0.79,0.18,0.03,62,5.3,10,0.25,26.2,3.6,0.31,0.16,0.11,170,54,93,17.2,86,80,3.1,1.72,0.58,1,0.3,0.7,104,5,13,23,7.2,3.7,3.5,1.06,1.6,16.8,7.8456,4.9,121,4.4,96,2.4,102.41,113,195,308,36.69,8.8,205.86,0.2,18.6,223.9,8.31,10.2,4.3,77,13,1.56,143,78,120,333
253603,GYAHD06ODK,763444,23/09/2018,08:15,09:28,Pale Yellow,Clear,1.019,4.8,Trace,Trace,Negative,Negative,Negative,Normal,Negative,TNTC,0,1-4,Nil,Nil,NIL,9.4,5.7,24.9,54.9,16,37,12.2,43.5,2268,42,26,5,2,0,1.18,1.96,0.37,0.18,0.06,204,8.1,16,0.21,13.2,0.2,0.27,0.02,0.12,164,55,94.5,36,180,66,3,1.72,0.58,0.8,0.3,0.5,109,10,31,19,6,4.2,1.8,2.33,0.4,9,4.203,10.51,143,4.7,108,4.5,108.28,129,166,295,43.73,5.4,108.28,0.8,22.1,279.6,7.9,13,3.2,264,6.9,3.71,79,61,113,125
313602,GYAHD05JHJ,522893,23/09/2018,06:46,08:08,Straw,Slightly cloudy,1.011,5,Negative,Negative,Negative,Negative,Negative,Normal,Negative,13-15,0,2-3,Nil,Nil,Yeast cells,12.5,5.5,45.1,97.8,22,27,12.8,45.3,45051,42,22,4,3,0,0.63,2.81,0.7,0.34,0.06,318,8,16,0.26,25.3,1.6,0.47,0.05,0.04,168,45,95.1,67.3,336.5,162,3.7,2.11,0.47,0.4,0,0.4,104,37,22,20,7.9,3.5,4.4,0.8,0.8,12.3,5.7441,7.18,127,4.2,98,4,110.46,79,349,428,18.46,5.2,102.54,0.4,16.6,111,14.95,11,2.9,251,3.9,0.26,95,74,111,79
490128,KLTRS02MLT,730975,25/09/2018,08:59,09:48,Yellow,Clear,1.022,5.9,Negative,Trace,Negative,Trace,Negative,Normal,Negative,3-4,2,>20,Rare,Nil,NIL,9.1,2.4,46,53.5,37,19,12.2,45,10626,52,50,6,2,0,3.12,1.57,0.64,0.07,0.05,186,8.7,11,0.38,48.2,0.7,4.73,0.13,0.28,137,46,79.2,18.5,92.5,88,3,1.72,0.58,1.3,0.2,1.1,114,12,37,30,6.4,4.7,1.7,2.76,1.7,19.3,9.0131,5.3,144,3.8,106,6.3,62.81,80,144,224,35.71,6.2,131.24,0,221.1,99.5,222.21,10,5.4,254,5,1.83,96,162,79,117
733117,KLTRS06KLP,599167,24/09/2018,08:22,09:13,Straw,Clear,1.013,6.6,Negative,Trace,Negative,Negative,Negative,Normal,Negative,7-8,2,8-16,Moderate,Nil,NIL,21.3,4.7,21.4,65.9,45,99,14.1,40.4,6965,44,23,5,2,0,4.75,6.34,0.26,0.07,0.06,327,7.9,12,0.35,21.5,1.8,1.85,0.86,0.06,146,51,84.4,13.6,68,135,2.9,1.65,0.6,0.9,0.2,0.7,55,35,33,45,7.8,4.2,3.6,1.17,0.3,13.5,6.3045,21.02,136,3.3,90,3.2,99.96,109,272,381,28.61,6.4,136.98,0.2,11,29.5,37.29,10.1,5.7,235,9.5,3.73,101,67,118,288
377426,GYAHD04JHJ,334058,25/09/2018,11:25,12:03,Light Yellow,Clear,1.016,6.7,1+,Trace,Negative,Negative,2+,2+,Negative,13-15,0,2-3,Nil,Few,NIL,12,7.4,50.2,54,16,23,14.3,39.8,4318,76,35,21,2,0,6.93,1.14,0.97,0.57,0.07,207,14,20,0.2,22.8,1,0.35,0.29,0.06,104,40,128.4,56.3,281.5,160,2.6,3.21,0.31,0.7,0.3,0.4,108,30,27,34,7.1,5.5,1.6,3.44,0.8,35.9,16.7653,20.96,149,5.2,108,3.5,77.53,184,253,437,42.11,7.6,171.42,0.4,18.4,181.4,10.14,9.6,5.1,97,5.7,1.41,98,60,70,183
547053,KLTRS03KLP,145868,24/09/2018,09:54,11:16,Pale Yellow,Slightly cloudy,1.017,6.9,Negative,Negative,Negative,Negative,2+,Normal,Negative,6-7,0,1-3,Nil,Nil,Yeast cells,12.7,5.7,46.8,82.4,22,27,12,48.7,4910,55,34,2,7,1.6,7.45,1.34,0.86,0.56,0.08,327,5.7,12,0.17,42.3,3.3,4.42,0.23,0.22,229,53,79,75.6,378,82,4.3,1.49,0.67,0.8,0.1,0.7,59,29,19,21,6.5,2.8,3.7,0.76,1.2,11.3,5.2771,4.4,126,4.7,104,5.2,99.07,168,205,373,45.04,5.7,116.89,0.9,173.8,89.8,193.54,8.7,4.2,187,19.3,0.44,207,66,188,113
472483,MZLGI09GJS,675132,23/09/2018,11:10,11:43,Pale Yellow,Slightly cloudy,1.019,4.5,Negative,Negative,Negative,Negative,Negative,Normal,Negative,6-8,1,2-4,Nil,Nil,NIL,18.8,4.1,40.4,73.7,45,46,14,45.5,10069,41,26,2,10,0,1.11,4.37,0.41,0.09,0.06,310,10.8,13,0.36,30.8,4.7,0.34,0.57,0.12,151,45,146.7,38.5,192.5,75,3.4,3.26,0.31,0.7,0.3,0.4,93,19,23,26,8.1,5,3.1,1.61,1,12,5.604,5.6,130,3.7,107,9,91.51,115,357,472,24.36,7,154.2,0,18.7,124.9,14.97,10.6,6.9,165,9.8,0.97,91,60,121,65
554810,GYAHD14KAU,942381,23/09/2018,06:49,08:14,Straw,Clear,1.028,6.4,Negative,Negative,Negative,Negative,Negative,Normal,Negative,9-11,1,2-3,Nil,Nil,NIL,16.9,7.2,31.1,80,23,54,16.5,39,13894,55,24,1,3,0,7.39,3.03,0.73,0.32,0.04,334,10.3,12,0.25,28.3,0.8,3.01,0,0.04,193,27,78.7,34.1,170.5,99,7.1,2.91,0.34,0.5,0.2,0.3,41,52,20,12,6.4,3.6,2.8,1.29,1.2,5.3,2.4751,2.06,129,5.7,96,5.3,32.18,183,208,391,46.8,5.8,119.76,0.5,17.1,85.7,19.95,8.6,4.8,172,12.6,2.46,95,73,80,113
382127,PBCHD04KLC,905791,24/09/2018,07:36,08:35,Pale Yellow,Slightly cloudy,1.012,4.8,Negative,Trace,2+,Negative,Negative,Normal,Negative,4-6,1,2-4,Nil,Nil,NIL,10.8,4.8,56.8,95.1,22,19,12,42.8,6101,49,49,5,8,0.1,1.68,0.84,0.72,0.34,0.01,610,9,18,0.2,31.7,0.4,0.03,0.77,0.23,202,48,70.2,7.3,36.5,146,4.2,1.46,0.68,0.7,0.1,0.6,133,38,16,46,6.4,3.2,3.2,1,0.6,18.8,8.7796,14.63,132,5.5,102,5.9,93.54,124,267,391,31.71,5.8,119.76,0.1,25.6,191,13.4,10,7,132,5.2,2.03,83,92,109,143
185821,GYAHD15JHJ,103539,25/09/2018,06:22,07:32,Pale Yellow,Clear,1.015,4.6,Trace,4+,Negative,Negative,Negative,Normal,Negative,6-8,2,2-3,Nil,Nil,Parasites,11.5,4.5,37.2,79.7,25,30,12.8,35,6888,57,38,6,4,0,2.37,1.07,0.3,0,0.09,515,11.7,9,0.11,26.7,6,0.24,0.23,0.22,216,42,47.5,9.3,46.5,125,5.1,1.13,0.88,0.7,0.3,0.4,95,51,34,39,6.3,5,1.3,3.85,1.2,18.2,8.4994,7.08,135,3.3,98,5.9,93.89,162,325,487,33.26,6,125.5,0.4,17.7,101.2,17.49,10.8,5.5,197,7.5,9.1,122,111,125,130
559006,MZLGI01GJS,587417,27/09/2018,07:44,08:48,Straw,Slightly cloudy,1.012,4.9,Trace,Trace,Negative,Negative,Negative,1+,Negative,11-13,1,3-4,Nil,Rare,NIL,16.8,4.4,49.5,57.5,38,33,12.7,36.8,10064,73,29,1,2,0,17.44,1.8,0.71,0.69,0.07,231,15.4,12,0.08,18,1.2,0.36,0.1,0.12,214,70,91.7,29.5,147.5,153,3.1,1.31,0.76,0.7,0.3,0.4,124,56,23,32,5.7,4.9,0.8,6.13,1,18.6,8.6862,8.69,137,4.3,105,6.1,91.46,144,333,477,30.19,6.3,134.11,0.9,11.6,103.6,11.2,10.3,4.5,76,5,6.11,97,113,113,90
977542,PBCHD14KLC,267307,24/09/2018,10:50,12:04,Dark Yellow,Hazy,1.017,6.9,Trace,Negative,Negative,Negative,Negative,Normal,Negative,10-12,0,1-2,Nil,Nil,NIL,10.4,5.9,19.5,58.6,17,53,13.4,39.4,2691,65,49,5,3,0,2.74,2.78,0.77,0.37,0.09,348,10.6,12,0.21,17.8,0.9,2.58,4.17,5.63,214,43,23.3,15.7,78.5,71,5,0.54,1.85,0.5,0.1,0.4,104,13,11,12,6,4.4,1.6,2.75,1.2,16.5,7.7055,6.42,147,2,101,2.4,100.57,128,138,266,48.12,6.1,128.37,0.1,21.9,52.8,41.48,9.6,6.8,113,8.7,5.49,106,76,111,103
970563,KLTRS07KLP,753280,24/09/2018,06:54,07:48,Pale Yellow,Slightly cloudy,1.02,6.5,Trace,Negative,Negative,Negative,Negative,Normal,Negative,10-12,1,3-3,Nil,Nil,Fat droplets or lipiduria,17.4,5,52.3,74.2,34,33,13.7,48.3,16329,58,31,6,10,0,14.7,0.41,0.01,0.38,0.09,333,9.2,18,0.05,22.6,0.1,0.29,0.3,0.2,152,69,40.1,23.3,116.5,68,2.2,0.58,1.72,4.7,0.2,4.5,123,22,27,44,6.1,4.4,1.7,2.59,0.9,11.8,5.5106,6.12,130,4.3,98,2.5,118.58,197,291,488,40.37,6.4,136.98,8.9,15.8,319,4.95,9.2,4,252,11.8,2.78,108,98,72,82
744899,GYAHD05ODK,141358,26/09/2018,07:08,08:09,Red,Slightly cloudy,1.015,5.2,1+,Negative,Negative,Negative,Negative,Normal,Negative,11-12,2,1-3,Nil,Rare,NIL,13.7,5.7,24.8,97.9,24,55,14.6,42.9,8871,59,23,5,4,0,2.49,2.03,0.88,0.32,0.07,425,14.7,15,0.7,14.8,3.3,0.08,0.36,0.34,183,33,52.9,37.9,189.5,156,5.5,1.6,0.62,0.7,0.3,0.4,114,41,30,10,6,4.8,1.2,4,0.8,10.1,4.7167,5.9,132,3.7,99,2.2,90.68,115,350,465,24.73,7.1,157.07,0.6,25.6,280.3,9.13,9.3,3.6,100,3.3,1.6,103,119,89,119
745661,KLTRS01WBD,108409,23/09/2018,06:50,07:54,Pale Yellow,Clear,1.015,6.9,2+,Trace,Negative,Negative,Negative,Normal,Negative,5-6,0,1-2,Nil,Few,Artifacts,15.9,3.8,57.8,97.4,41,27,12.4,43.1,6956,48,25,3,7,0,10.26,2.77,0.01,0.45,0.08,40,11.9,14,0.33,24,1.2,3.62,0.11,0.29,239,56,53.6,7.6,38,63,4.3,0.96,1.04,0.6,0,0.6,111,37,26,47,8.2,4.5,3.7,1.22,1.2,62.5,29.1875,24.32,146,3.5,98,4.4,99.97,167,276,443,37.7,8.2,188.64,2.3,24.2,268.3,9.02,10.6,3.5,255,9.2,0.83,76,108,65,79
674929,GYAHD01KAU,740877,27/09/2018,08:29,09:41,Pale Yellow,Hazy,1.029,5.6,Trace,Negative,Negative,Negative,Negative,Normal,Negative,7-8,1,>20,Nil,Nil,NIL,20.6,4.9,17.4,92.3,42,118,12.7,38.5,4796,56,31,5,6,0,8.41,1.26,0.27,0.15,0.1,78,8.4,12,0.45,24,0.6,2.2,0.06,0.3,160,59,77.6,36.7,183.5,146,2.7,1.32,0.76,0.8,0.1,0.7,114,26,33,16,6.4,4.3,2.1,2.05,0.7,17.5,8.1725,11.68,135,5.7,96,3,35.67,108,281,389,27.76,8,182.9,0.3,129.4,136.9,94.52,10.6,2.3,193,6.7,3.9,168,63,216,124
182526,MZLGI05APK,139855,27/09/2018,08:48,09:30,Orange,Clear,1.013,5.6,Negative,Trace,Negative,Negative,Negative,Normal,Negative,2-3,1,17-13,Nil,Rare,NIL,15,6.2,12.2,91.2,24,122,12.5,44.7,4585,36,33,5,7,0,22.85,2.77,1.24,0.06,0.09,18,9.5,17,0.19,14.8,4.2,0.18,0.39,0.22,169,56,86.5,6,30,134,3,1.54,0.65,0.5,0.2,0.3,49,17,16,27,5.1,5,0.1,50,1,10.5,4.9035,4.9,118,3.7,99,4.5,99.46,69,322,391,17.65,6.3,134.11,0.3,18.8,557.6,3.37,11.3,3.5,93,4.3,5.9,121,81,61,182
844197,PBCHD08GAM,686636,25/09/2018,06:23,07:43,Pale Yellow,Clear,1.023,4.5,Trace,2+,1+,Negative,Negative,Normal,Negative,2-3,0,1-3,Nil,Nil,Parasites,10.1,8,15.9,40.3,12,63,13.1,43.9,6850,71,32,4,4,0,8.1,2.84,0.32,0.35,0.39,365,10.1,11,0.28,13.4,2,0.95,3.82,0.21,230,44,43.7,34.8,174,93,5.2,0.99,1.01,0.6,0,0.6,77,16,19,38,7.3,3.7,3.6,1.03,1.2,12.7,5.9309,4.94,140,2.6,103,8.2,66.61,138,336,474,29.11,5.8,119.76,0.1,24.8,82.7,29.99,10.2,3,177,6.4,3.84,132,85,123,426
571391,GYAHD02JHJ,796769,25/09/2018,06:47,07:45,Pale Yellow,Clear,1.013,6.7,Negative,Negative,Negative,Negative,Negative,Normal,Negative,TNTC,2,2-4,Nil,Nil,Fungal elements,15.1,5.3,42.5,59.8,28,35,14.2,40.3,7050,27,46,6,8,0,2.19,1.55,1.47,0.21,0.12,140,7.1,17,0.21,31.2,2.4,0,0.01,0.29,172,53,66,18.8,94,106,3.2,1.25,0.8,0.6,0,0.6,155,48,34,45,8,4.2,3.8,1.11,0.7,17.2,8.0324,11.47,139,5.8,110,3.8,116.56,111,203,314,35.35,6.3,134.11,0.4,150.1,77.5,193.68,8.7,2.7,148,12.6,4.37,123,192,79,227
978898,PBCHD02RJU,361188,26/09/2018,10:06,10:40,Yellow,Clear,1.024,5.9,Negative,1+,Negative,Negative,Negative,Normal,Negative,5-6,1,2-2,Nil,Nil,Artifacts,20.2,5.2,36.8,79.5,38,54,13,47.9,8528,35,53,2,7,0,4.83,3.31,0.63,0.42,0.03,376,8.3,19,0.5,31.3,0.7,0.35,0.73,0.35,213,53,55.4,60.5,302.5,69,4,1.05,0.96,0.9,0.2,0.7,69,40,25,34,7,3.8,3.2,1.19,0.7,9,4.203,6,123,4.1,99,6.3,101.31,126,265,391,32.23,10,240.3,0.9,15.1,21.4,70.56,10,1.3,134,14.6,1.89,144,72,185,86
765168,PBCHD15CGD,597102,25/09/2018,11:33,13:02,Straw,Clear,1.017,6.6,Negative,Negative,Negative,Negative,1+,Normal,Negative,7-8,0,2-3,Nil,Nil,Fungal elements,11.6,4.1,52.3,91.2,28,22,12.5,47.8,8109,33,50,5,5,0,8.17,1.71,0.43,0.34,0.13,372,7.3,5,0.19,24.2,0.7,5.07,0.12,0.29,176,72,44.2,31.9,159.5,136,2.4,0.61,1.63,0.8,0.3,0.5,123,50,11,24,7.7,4.2,3.5,1.2,1.2,8.2,3.8294,3.19,145,3.8,98,5,109.13,158,223,381,41.47,6.2,131.24,0.3,11.2,139.9,8.01,8.5,2.3,199,12.6,3.75,192,64,75,75
104534,PBCHD12SKM,856061,26/09/2018,08:50,09:48,Light Yellow,Milky,1.017,5.1,1+,Trace,Negative,Negative,Negative,Normal,Negative,9-11,0,1-3,Few,Nil,NIL,16.9,4.9,47.1,78.4,34,35,13.8,45.2,2038,58,15,5,5,0,6.46,2.38,0.45,0.13,0.06,528,7.2,11,0.41,38.4,3.2,1.4,0.17,0.21,216,45,86.1,25.2,126,129,4.8,1.91,0.52,0.9,0.3,0.6,81,17,19,48,8,3.6,4.4,0.82,1.3,7.9,3.6893,2.84,138,2.9,100,5.8,111.13,166,333,499,33.27,5.8,119.76,0.7,12.4,237.8,5.21,11.8,2.2,82,5.1,9.19,77,65,83,91
186686,MZLGI08RJK,529517,23/09/2018,10:52,11:54,Light Yellow,Clear,1.01,5.5,Trace,Trace,Negative,Negative,Negative,1+,Negative,9-10,1,2-3,Nil,Nil,NIL,17.4,4.1,53.4,74,42,32,14,42.8,8214,55,44,1,7,0,1.06,3.33,0.67,0,0.03,193,11.6,25,0.08,16.2,1.4,0.32,0.29,0.16,217,53,84.5,20.4,102,91,4.1,1.59,0.63,15.1,10.6,4.5,49,13,25,15,7.1,4,3.1,1.29,0.7,18.6,8.6862,12.41,142,4.1,96,4.9,96.17,67,333,400,16.75,7.5,168.55,0.8,10.3,105.3,9.78,8,3.1,104,7,7,92,119,99,172
954051,MZLGI01BRC,200851,24/09/2018,08:02,09:05,Yellow,Slightly cloudy,1.011,5,Trace,Negative,Negative,Negative,Negative,Normal,Negative,13-15,1,1-3,Nil,Nil,Mucus threads,7.6,5.6,53.6,91.7,13,14,12.8,48.5,5162,32,26,3,8,0.9,2.01,0.16,0.48,0.29,0.12,239,17.5,12,0.18,33.6,0.7,0.05,0.21,0.27,233,54,96.5,72.8,364,174,4.3,1.79,0.56,0.5,0.2,0.3,97,54,33,28,7.6,4.8,2.8,1.71,0.8,9.7,4.5299,5.66,102,2.7,102,2.7,39.85,74,320,394,18.78,7,154.2,17.6,15.2,99,15.35,7.9,5.7,190,15.5,1.9,82,75,99,100
905977,PBCHD14MHS,634671,25/09/2018,06:32,07:16,Light Yellow,Slightly cloudy,1.016,5.4,Negative,3+,Negative,Negative,Negative,Normal,Negative,13-14,0,3-3,Nil,Moderate,Yeast cells,9.1,5.8,42.5,88.7,15,21,15.8,44.5,4778,55,21,2,8,0,0.99,1.79,0.76,0.32,0.06,435,10.8,25,0.14,21.4,0.1,0.14,2.56,0.12,171,50,96.2,29.2,146,175,3.4,1.92,0.52,0.8,0.1,0.7,79,10,106,36,6.8,4,2.8,1.43,0.6,8.6,4.0162,6.69,135,4.4,95,4.8,48.04,137,116,253,54.15,7.3,162.81,0.3,27.9,134.4,20.76,10.4,3.7,95,17.8,0.81,72,65,92,118
600936,GYAHD03JHJ,240983,26/09/2018,07:00,08:24,Light Yellow,Clear,1.025,6.3,1+,Trace,1+,Negative,Negative,Normal,Negative,6-7,2,2-2,Nil,Nil,Fat droplets or lipiduria,11.3,6.4,40.3,96.4,17,28,12.1,40.2,8582,40,49,4,12,0,3.6,1.82,0.49,0.13,0.02,358,12.2,11,0.32,19.2,0.3,4.38,0.07,0.15,198,46,78.5,15.3,76.5,187,4.3,1.71,0.59,0.7,0,0.7,104,43,25,27,6.2,4.9,1.3,3.77,0.8,9.3,4.3431,5.43,137,3.9,95,5.4,116.07,74,345,419,17.66,6.3,134.11,0.1,14.3,97,14.74,9.3,3.9,127,3.1,0.2,113,76,99,143
476850,KLTRS14NLZ,720535,27/09/2018,07:01,07:56,Deep Amber,Clear,1.019,5.6,Negative,Negative,Negative,2+,Negative,Normal,Negative,9-10,1,7-10,Nil,Nil,NIL,14.2,5.2,58,109.6,27,24,12.1,44.1,34780,43,50,3,19,0,8.8,2.43,0.46,0.48,0.07,141,11.9,14,0.2,30.2,7.5,4.36,0.25,0.09,194,55,78.5,29.6,148,184,3.5,1.43,0.7,0.7,0.3,0.4,113,41,22,22,7.5,5,2.5,2,1.1,10.7,4.9969,4.54,146,5.2,107,6.2,61.44,83,322,405,20.49,11.7,289.09,0.7,26.1,136.1,19.18,7.9,4.3,201,3.7,10.75,103,115,79,372
650170,GYAHD11JHJ,152480,24/09/2018,09:50,10:30,Orange,Hazy,1.015,6.3,Negative,Trace,Negative,Negative,Negative,1+,Negative,25-28,2,2-2,Nil,Nil,Fungal elements,13.2,4.4,42.8,70.1,30,30,13.6,45.2,9546,59,47,6,5,0,5.89,0.4,0.23,0.02,0.04,446,11.6,13,0.23,23.2,0.2,0.44,1.71,4.35,232,48,94.5,35.3,176.5,85,4.8,1.97,0.51,0.7,0,0.7,64,23,36,43,7.9,3.6,4.3,0.84,0.6,19.6,9.1532,15.26,145,4.6,103,5.6,113.32,111,201,312,35.58,8.4,194.38,0.4,860.9,35.9,2398.05,9.1,3.2,127,3.2,3.86,83,81,70,131
715077,KLTRS01TSS,212033,23/09/2018,06:12,07:36,Yellow,Clear,1.019,4.8,Negative,Negative,Negative,Negative,Negative,Normal,Negative,TNTC,1,1-4,Moderate,Nil,NIL,14,4.8,14.2,71.9,29,98,13,47.3,6047,60,21,4,9,0,0.41,0.34,0.29,0.34,0.11,341,9,17,0.32,44.9,2.7,0.25,0.12,0.14,181,44,136.8,13.2,66,165,4.1,3.11,0.32,0.7,0.1,0.6,217,39,17,20,6.5,3.5,3,1.17,1.1,6.5,3.0355,2.76,144,4.7,104,4.1,117.24,145,347,492,29.47,6.7,145.59,0.1,13.1,27.8,47.12,8.9,1,140,4.8,2.89,102,88,95,92
274735,KLTRS06MLT,409658,24/09/2018,10:24,11:22,Deep Amber,Hazy,1.027,6.5,3+,Negative,2+,Negative,Negative,1+,Negative,5-6,1,2-3,Few,Moderate,NIL,18.2,3.9,43.7,92,46,41,14.4,43.8,10201,42,34,6,11,0,6.02,1.53,0.91,0.21,0.01,259,5.1,18,0.2,28.3,2.5,0.31,2.03,0.21,218,42,102.2,9.6,48,131,5.2,2.43,0.41,0.5,0.2,0.3,58,31,30,21,8.3,3.6,4.7,0.77,1.3,81.6,38.1072,29.31,121,4.9,114,4.1,110.92,93,129,222,41.89,5.9,122.63,0.8,18.4,214.5,8.58,9.3,4.7,134,7.8,2.78,90,91,91,136
957869,PBCHD05RJU,679239,27/09/2018,08:24,08:58,Straw,Slightly cloudy,1.016,5,Negative,Negative,Negative,Negative,Negative,Normal,Negative,5-6,0,3-4,Nil,Moderate,Fat droplets or lipiduria,13.1,5.4,56.7,49,24,23,13.7,41.7,5590,59,34,4,3,1,4.62,2.84,0.69,0.06,0.03,430,10.7,13,0.27,13.6,0.3,0.04,0,1.11,177,20,89.3,35.4,177,73,8.9,4.47,0.22,0.9,0.2,0.7,89,50,28,44,8.2,3.1,5.1,0.61,1.2,19.9,9.2933,7.74,138,2,106,3.9,109.34,114,324,438,26.03,5.6,114.02,0.4,25.6,81.4,31.45,9.4,2.4,147,6.9,2.63,99,60,95,160
576063,MZLGI10MHP,572181,23/09/2018,07:57,08:44,Pale Yellow,Slightly cloudy,1.013,6.4,Negative,Trace,Negative,Negative,Negative,Normal,Negative,5-6,2,3-4,Nil,Nil,Artifacts,8,5.7,61.2,91.6,14,13,10.5,44.7,6022,40,47,2,7,0,4.08,1.63,0.8,0.42,0.1,305,11.2,21,0.41,30.4,4.7,0.25,0.01,0.21,741,40,165.8,7.6,38,101,18.5,4.15,0.24,1.9,0.9,1,68,31,21,27,6,3.6,2.4,1.5,0.9,15.5,7.2385,8.04,126,4.8,103,4.8,115.54,183,214,397,46.1,6,125.5,0.1,14.2,140.4,10.11,6.8,5.1,247,4.1,1.2,97,60,99,133
281277,KLTRS08NLZ,281429,26/09/2018,06:36,07:55,Pale Yellow,Clear,1.011,6.9,Trace,Trace,Negative,Negative,Negative,Normal,Negative,5-7,2,3-3,Nil,Nil,NIL,12.4,5.2,44.4,74.8,23,27,13.3,43.3,8031,46,22,4,9,0.4,9.36,3.46,0.55,0.29,0.14,410,11.7,9,0.29,33.4,7.2,0.28,0.29,0.16,109,63,49.8,82.4,412,110,1.7,0.79,1.27,0.5,0.1,0.4,115,27,13,48,6.5,3.7,2.8,1.32,0.8,15.2,7.0984,8.87,131,4.4,102,3.7,104.22,61,345,406,15.02,6.1,128.37,0.6,17.1,103.9,16.46,9.9,2.4,223,7.4,3.49,82,79,87,131
279145,PBCHD02NLM,840666,23/09/2018,07:50,08:37,Pale Yellow,Clear,1.016,5.5,Trace,Negative,Negative,Negative,Negative,Normal,Negative,4-6,1,3-3,Rare,Nil,NIL,8.5,3.7,38.8,56.1,22,21,14,39.5,6229,56,52,6,5,0,9.76,1.17,0.32,0.03,0.06,228,12.1,16,0.62,34.6,3.7,0.24,0.3,3.66,189,55,52.1,37.7,188.5,157,3.4,0.95,1.06,0.7,0,0.7,69,15,18,32,6.3,4.8,1.5,3.2,0.8,13,6.071,7.59,136,5.2,91,4.5,113.81,135,128,263,51.33,12.9,323.53,0.3,114.4,111.9,102.23,10.9,2.8,83,10.3,1.28,107,61,199,193
902850,GYAHD13KLM,763412,25/09/2018,07:03,08:21,Light Yellow,Slightly cloudy,1.023,4.7,Negative,3+,2+,Negative,Negative,Normal,Negative,2-3,0,6-20,Nil,Nil,NIL,10.3,4.1,50,86.9,25,20,12.7,40.1,6790,60,49,2,4,0,0.69,3.69,0.11,0.26,0.06,272,10.9,11,0.29,49,2.8,4.54,5.07,0.72,109,57,75,23.1,115.5,133,1.9,1.32,0.76,0.5,0,0.5,102,28,25,47,7.9,4.7,3.2,1.47,0.9,5.8,2.7086,3.01,136,3.6,98,4.5,67.58,164,324,488,33.61,10.1,243.17,0.4,16.3,82.1,19.85,8,6.2,167,7.7,0.34,71,99,154,73
569395,MZLGI11BRC,417372,26/09/2018,09:07,10:31,Pale Yellow,Clear,1.018,6.7,Negative,Negative,Negative,Negative,Negative,Normal,Negative,1-2,0,3-4,Nil,Nil,NIL,15.2,4.3,20.8,72.9,35,73,13.1,43.4,4215,34,32,4,5,0,1.43,2.47,0.39,0.1,0.08,399,11.9,11,0.32,37.5,1.6,0.4,0.9,0.86,197,46,113.7,70.2,351,121,4.3,2.47,0.4,1,0.3,0.7,113,21,26,45,7.1,5,2.1,2.38,0.9,18.4,8.5928,9.55,134,4.4,98,6.2,102.29,109,295,404,26.98,5.8,119.76,0.5,24.9,115.9,21.48,9.1,4.3,74,10.8,1.95,85,93,77,91
654545,PBCHD11NLM,111501,23/09/2018,07:21,08:47,Pale Yellow,Slightly cloudy,1.014,6.8,Trace,Trace,Negative,Negative,Negative,Normal,Negative,9-10,19,2-3,Nil,Nil,Artifacts,6.3,3.3,48.3,82.5,19,13,11.9,41.9,9455,46,36,2,8,0,7.31,2.27,0.62,0.53,0.07,135,11.9,14,0.31,19.8,4.9,0.26,0.77,0.1,207,40,81.7,11.6,58,217,5.2,2.04,0.49,1,0.3,0.7,59,42,19,27,6.2,3.7,2.5,1.48,1.2,16.1,7.5187,6.27,136,2.1,107,6.3,65,62,346,408,15.2,5.8,119.76,0.2,12.9,114.1,11.31,7.3,2.9,166,7.6,3.42,88,69,92,237
966880,GYAHD02ODK,396552,24/09/2018,07:31,08:31,Pale Yellow,Cloudy,1.016,4.5,Negative,Trace,Negative,Negative,Negative,Normal,Negative,3-4,0,2-2,Nil,Nil,NIL,17.9,7.3,25.7,76.5,24,69,11.7,40.6,15146,57,11,1,3,0,8.64,0.66,0.21,0.43,0.07,396,11.7,17,0.38,25.6,2.5,0.29,0.08,0.27,153,23,155.8,9.8,49,149,6.7,6.77,0.15,0.3,0,0.3,60,13,38,26,7.8,3.5,4.3,0.81,2,9.5,4.4365,2.22,142,2.1,100,2.6,60.3,98,129,227,43.17,6,125.5,0.9,27.4,398.1,6.88,9.7,2.6,273,9.6,0.16,117,85,95,152
777901,MZLGI10GJS,508197,26/09/2018,09:49,10:50,Dark Yellow,Slightly cloudy,1.012,4.5,Trace,Negative,Negative,Negative,2+,Normal,Negative,52-56,0,1-4,Few,Nil,NIL,14.3,5,30.1,88.1,28,47,12.9,45.6,8317,32,37,6,7,0,5.25,4.44,0.62,0.34,0.09,263,12.3,12,0.34,26.9,0.1,0.29,0.79,0.31,756,47,93.8,7.7,38.5,105,16.1,2,0.5,0.5,0.1,0.4,54,28,18,28,6.4,4.7,1.7,2.76,0.6,7.3,3.4091,5.68,142,5.1,99,4.2,104.62,93,188,281,33.1,12.4,309.18,0.4,12.9,90.5,14.25,10.5,3.6,63,7,2.38,82,61,96,260
273265,PBCHD13MHS,740952,24/09/2018,11:46,12:41,Dark Yellow,Milky,1.019,6,Trace,1+,Negative,Negative,Negative,1+,Negative,7-9,1,>20,Few,Nil,NIL,16.1,5.9,34.9,70.2,27,46,13,48.2,9996,47,45,7,12,0,1.72,1.28,0.39,0.01,0.1,153,9.9,15,0.24,23.8,1.3,0.18,0.92,0.87,182,42,97.5,77.8,389,144,4.3,2.32,0.43,0.8,0.1,0.7,82,5,17,114,7.2,4.2,3,1.4,0.9,10.4,4.8568,5.4,135,2.6,99,5.8,97.89,103,177,280,36.79,5.9,122.63,1,17.4,84.4,20.62,11.2,2.4,266,8.3,1.34,99,67,187,104
164942,GYAHD13JHJ,321415,26/09/2018,08:38,09:52,Straw,Clear,1.022,5.1,Negative,Trace,Negative,Negative,Negative,Normal,Negative,8-10,1,3-2,Nil,Nil,NIL,17.5,5.6,29.9,54.3,31,58,14.5,42.2,5028,57,45,4,6,2.4,2.31,2.27,0.16,0.37,0.01,443,8.4,14,0.05,31.5,0.9,0.47,0.25,0.14,163,78,51.8,16.1,80.5,78,2.1,0.66,1.51,0.6,0,0.6,119,51,23,22,5.3,4.9,0.4,12.25,0.9,20,9.34,10.38,143,5.2,104,5.6,116.77,192,250,442,43.44,5.8,119.76,0.1,27.4,133.4,20.54,9.7,2.9,164,18.3,3.4,110,70,80,83
868627,PBCHD10PBM,431797,24/09/2018,10:50,11:40,Straw,Hazy,1.024,6.7,Negative,Trace,Negative,Negative,Negative,Normal,Negative,8-9,16,2-3,Nil,Nil,Fungal elements,20.3,4.5,14.4,82.1,45,140,11.9,44.5,49642,47,26,4,3,0.9,8.67,4.57,0.76,0.47,0.09,121,16.1,15,0.35,32.7,3.7,0.26,0.95,0.02,227,47,145.4,25.7,128.5,217,4.8,3.09,0.32,0.2,0,0.2,58,15,22,15,7,5,2,2.5,0.7,17.1,7.9857,11.41,144,2.7,95,6.7,82.33,159,325,484,32.85,5.4,108.28,0.4,25.5,74.3,34.32,9.6,3.1,132,10.1,5.27,90,95,122,174
583932,GYAHD06KLM,244614,26/09/2018,09:08,10:23,Straw,Clear,1.024,4.7,Trace,Trace,Negative,Negative,Negative,Normal,Negative,7-9,0,5-12,Rare,Nil,Parasites,6.2,4.9,33.9,72.1,12,18,14.5,40.8,10311,44,32,3,7,0,7.42,3.97,0.45,0.55,0.03,386,12.5,11,0.48,15.5,4.6,0.28,2.03,0.35,213,56,123.4,19.9,99.5,116,3.8,2.2,0.45,0.2,0,0.2,74,19,29,65,8,5,3,1.67,0.6,11.4,5.3238,8.87,138,3.5,98,4.2,106.65,216,176,392,55.1,6.4,136.98,0.3,14.4,26.6,54.14,8.9,3.1,118,5.7,2.97,81,87,64,81
381054,PBCHD08PBP,697653,24/09/2018,10:02,11:24,Pale Yellow,Slightly cloudy,1.013,6.8,Trace,Negative,2+,Negative,Negative,Normal,Negative,6-8,2,2-4,Nil,Nil,NIL,12,4.6,43.7,96.5,26,27,14.3,44.7,9616,78,45,0,7,0,7.54,2.43,0.26,0.03,0.11,402,7.1,17,0.28,29.2,3,3.59,0.49,0.15,195,40,84.1,48.9,244.5,213,4.9,2.1,0.48,5.9,2.9,3,40,53,9,7,6.4,4.6,1.8,2.56,0.9,17,7.939,8.82,137,3.3,83,4.6,93.52,163,252,415,39.28,6.3,134.11,0.4,23.2,123.6,18.77,10.3,4.3,68,6.8,1.13,73,188,87,85
959297,GYAHD06KLM,412572,25/09/2018,08:08,09:15,Green,Clear,1.013,6.6,Trace,Negative,Negative,Negative,Negative,Normal,Negative,5-6,0,1-2,Nil,Nil,NIL,3.4,5.7,35.1,71.9,5,9,12.2,45.2,9194,49,20,1,8,0,8.76,2.64,0.75,0.08,0.07,256,7.5,17,0.3,14.2,4.6,0.12,0.66,0.52,105,44,79,27.5,137.5,161,2.4,1.8,0.56,0.8,0.1,0.7,117,48,19,23,6.7,3.7,3,1.23,1.1,9.4,4.3898,3.99,137,4.4,99,7.8,113.33,126,152,278,45.32,6.3,134.11,0.1,18.2,225.1,8.09,11.9,3.9,120,5.1,1.58,81,75,91,104
356066,GYAHD05KAU,200349,23/09/2018,07:37,08:30,Pale Yellow,Clear,1.013,6.4,Negative,Trace,Negative,Negative,Negative,Normal,Negative,9-10,0,2-4,Nil,Few,Amorphous debris,16,6,22.8,76.2,26,70,13,41.6,5370,47,39,0,12,0,3.66,1.12,0.24,0.29,0.06,59,7.1,20,0.32,12.8,0.1,0.2,0.23,0.55,155,40,96.9,11.6,58,123,3.9,2.42,0.41,0.5,0.2,0.3,96,42,28,48,7.1,4.1,3,1.37,1.8,6.7,3.1289,1.74,149,3.8,110,3,114.82,102,116,218,46.79,6.3,134.11,0.6,13,101.5,12.81,10.3,2.3,215,11.4,0.69,83,137,70,112
585117,PBCHD02NLM,506590,27/09/2018,06:28,07:21,Brown,Hazy,1.023,4.7,Negative,Trace,Negative,Negative,Negative,Normal,Negative,7-8,0,3-2,Nil,Nil,NIL,16.3,5,50.4,81.5,32,32,11.4,41.9,28024,46,27,2,7,0,1.29,1.04,0.73,0.5,0.01,990,7.4,12,0.53,32.1,1.2,0.24,0.3,0.42,191,54,87.5,38.5,192.5,133,3.5,1.62,0.62,1.4,0.2,1.2,113,22,7,15,4.6,4.5,0.1,45,0.9,18.7,8.7329,9.7,124,4.1,97,2.6,100.86,98,310,408,24.02,6.2,131.24,0.6,12.8,137.5,9.31,8,3.8,328,15.4,9.28,112,70,99,194
390014,GYAHD02KLM,188528,24/09/2018,06:22,07:20,Yellow,Clear,1.013,7.5,Negative,Trace,Negative,2+,Negative,Normal,Negative,6-8,2,3-4,Nil,Nil,NIL,13.1,5.1,46.9,93.3,25,27,13.5,42,10679,47,28,9,3,0.2,1.81,1.79,0.25,0.28,0,117,9.6,13,0.51,12.3,3.6,0.27,0.39,0.29,240,46,109.3,6.8,34,105,5.2,2.38,0.42,0.6,0,0.6,113,29,24,32,7,4.8,2.2,2.18,0.9,14.1,6.5847,7.32,146,5.7,111,2.4,107.05,180,278,458,39.3,6,125.5,0.2,17.4,78.7,22.11,9.1,5.4,297,9.6,0.73,115,87,106,160
562112,MZLGI05APK,121464,23/09/2018,10:53,12:19,Light Yellow,Slightly cloudy,1.017,4.8,Trace,Trace,Negative,1+,Negative,2+,Positive,19-22,0,11-11,Moderate,Nil,NIL,17.5,4.5,52,95.9,38,33,11.8,48.4,5451,48,47,4,2,0,1.11,2.63,0.52,0.1,0.02,235,10.1,6,0.21,23.5,0.1,0.57,0.24,0.31,235,63,62.9,108.1,540.5,117,3.7,1,1,0.4,0.1,0.3,73,21,27,18,6.3,4.5,1.8,2.5,0.6,7.1,3.3157,5.53,128,3.3,110,4.5,103.67,187,96,283,66.08,7.6,171.42,0.8,12,70.9,16.93,12.9,3.8,78,3.8,2.43,96,224,79,80
615859,MZLGI02RJK,590418,26/09/2018,08:01,08:36,Straw,Slightly cloudy,1.011,6.6,Trace,Trace,Negative,Negative,Negative,Normal,Negative,13-15,2,12-19,Nil,Nil,Yeast cells,19.4,5,26.9,59.5,38,72,13.3,41.4,33323,53,23,1,6,0,3.8,1.27,0.56,0.01,0.02,461,9.4,14,0.22,16,1.6,0.03,5.32,3.88,181,43,74.2,27.5,137.5,216,4.2,1.73,0.58,0.4,0,0.4,47,37,30,26,7.3,4.3,3,1.43,0.7,15.3,7.1451,10.21,145,8.4,108,2.5,98.35,137,241,378,36.24,6,125.5,0.1,16.7,55.3,30.2,9.8,5.7,217,5.2,10.95,114,84,284,135
194187,PBCHD03MHS,404720,27/09/2018,07:27,08:29,Green,Clear,1.005,5.2,Trace,Negative,Negative,Negative,Negative,Normal,Negative,8-9,2,2-4,Nil,Nil,Amorphous debris,17,6.1,42.7,86.8,27,39,14.2,38,10047,23,33,4,11,6.9,0.77,1.53,0.5,0.46,0.04,875,10.1,15,0.36,20.1,3.5,4.38,0.36,0.28,183,67,97.5,34.4,172,71,2.7,1.46,0.69,1.5,0.5,1,117,20,26,43,6.3,3.9,2.4,1.63,1,11.8,5.5106,5.51,141,5.2,99,4.7,33.45,57,106,163,34.97,5.9,122.63,0.6,13.4,142.6,9.4,8,4.4,191,11.6,0.3,132,117,98,447
840945,MZLGI14RJK,238332,23/09/2018,10:49,11:32,Yellow,Hazy,1.021,6.5,Negative,Trace,Negative,Negative,Negative,Normal,Negative,8-10,0,2-2,Nil,Rare,NIL,5.6,4,19.3,79.1,14,29,12.6,41.3,51422,66,47,2,4,0,0.94,4.85,0.6,0.16,0.06,130,10.4,17,0.26,24.4,0.1,0.1,0.34,0,198,23,116.8,11.4,57,174,8.6,5.08,0.2,0.8,0.2,0.6,70,53,39,13,7.9,4.6,3.3,1.39,0.7,16.2,7.5654,10.81,123,5.2,101,2.6,91.91,117,257,374,31.28,6.4,136.98,0.8,11.8,23.7,49.79,10.2,3.5,176,9.6,2.66,126,114,71,167
550283,KLTRS07TSS,162020,25/09/2018,07:02,08:14,Orange,Clear,1.024,7,Negative,3+,Negative,Negative,Trace,Normal,Negative,TNTC,0,2-2,Nil,Nil,Artifacts,12.1,5.6,39.8,88.6,21,30,12.1,43.3,7203,50,41,4,8,0,19.51,2.46,0.75,0.31,0.15,401,9.6,17,0.41,26.1,3.6,0.07,0.32,0.24,186,51,80.3,26.1,130.5,158,3.6,1.57,0.64,0.3,0.1,0.2,107,21,21,13,6.6,4.3,2.3,1.87,1.2,8.8,4.1096,3.42,137,3.5,91,1.2,103.64,167,327,494,33.81,8.3,191.51,0.3,27.5,107.2,25.65,10.6,5.2,69,9.2,3.82,90,96,94,447
252275,GYAHD02KLM,408106,27/09/2018,10:58,12:21,Pale Yellow,Cloudy,1.021,4.8,Trace,Trace,Negative,Negative,Negative,Normal,Negative,6-7,2,3-2,Nil,Nil,NIL,13.8,4.2,33.3,81,32,41,13.4,42.6,5255,54,33,5,3,0,1.87,2.86,0.73,0.64,0.09,144,10.7,12,0.31,16.5,4.5,0.06,0.87,0.36,191,47,107.8,14.6,73,183,4.1,2.29,0.44,0.6,0.1,0.5,102,40,20,24,8,3.5,4.5,0.78,1,140.3,65.5201,65.52,100,4.2,108,9.1,112.52,200,105,305,65.57,8.5,197.25,0.1,28.6,255.1,11.21,10.1,2.1,79,12.3,6.04,116,89,88,94
103412,PBCHD11CGD,195358,23/09/2018,11:12,12:20,Light Yellow,Clear,1.01,5,Trace,Trace,Negative,Negative,Trace,Normal,Negative,13-14,1,3-4,Nil,Rare,NIL,14.5,5.8,36.4,65.6,25,39,14.3,42.4,13266,60,25,1,8,0,5.72,0.3,0.59,0.46,0.09,265,10.4,12,0.25,31.2,5,0.14,0.16,0.03,228,24,75.1,60.7,303.5,154,9.5,3.13,0.32,0.8,0.3,0.5,116,31,36,46,7.5,4.5,3,1.5,1,7.2,3.3624,3.36,141,2.6,96,1.6,114.23,88,350,438,20.09,5.8,119.76,0.6,16.5,61,27.05,8.5,2.5,137,10.9,1.82,76,122,267,126
770352,GYAHD01ODK,723454,24/09/2018,07:17,08:35,Pale Yellow,Clear,1.028,4.9,2+,1+,Negative,Negative,Negative,Normal,Negative,6-7,1,2-2,Nil,Nil,NIL,17.2,5.4,62.5,95.2,31,27,14.2,45.1,4027,48,38,6,7,0,1.17,1.89,0.88,0.21,0.05,145,13.8,14,0.33,17.6,1.5,0.92,0.03,0.01,204,51,95.5,26.5,132.5,85,4,1.87,0.53,0.7,0.2,0.5,64,35,28,40,8.2,5,3.2,1.56,0.9,6.3,2.9421,3.27,140,5.4,104,10.8,90.04,161,351,512,31.45,6.3,134.11,0.7,49.7,86.5,57.46,9.2,3.6,158,5.9,2.68,120,84,72,93
931802,PBCHD14NLM,665843,24/09/2018,09:45,10:47,Pale Yellow,Clear,1.019,5.8,Trace,Negative,Negative,Negative,Trace,Normal,Negative,1-2,16,3-3,Rare,Nil,NIL,14.2,4.9,47.6,61.3,28,29,12.8,45.5,5928,50,40,2,10,0,9.99,4.57,0.42,0.16,0.02,95,11.3,21,0.24,23.3,4.1,0.1,0.25,0.11,172,64,115.9,33.7,168.5,76,2.7,1.81,0.55,0.7,0.3,0.4,80,47,32,30,6.1,3.1,3,1.03,0.9,15.5,7.2385,8.04,132,3.1,93,3.5,93.81,220,173,393,55.98,6.4,136.98,0.5,13,26.1,49.81,9.4,2.7,240,12.5,1.34,99,89,98,125
812494,PBCHD02KLC,781195,24/09/2018,08:54,10:05,Light Yellow,Clear,1.016,5.3,Negative,Trace,Negative,Negative,Negative,Normal,Negative,TNTC,2,>20,Rare,Nil,NIL,17.6,4.8,31.1,64.5,36,56,11.7,39.4,4507,51,22,3,20,0,8.36,2.61,0.39,0.32,0.09,188,9.6,13,0.21,34.5,0.1,0.04,0.29,0.66,158,67,78,81.1,405.5,95,2.4,1.16,0.86,0.8,0.3,0.5,105,41,35,120,6,4.9,1.1,4.45,1,21.5,10.0405,10.04,135,4.1,110,4,101.45,92,346,438,21,8.1,185.77,0.4,12.4,107.1,11.58,7.9,3,188,14.7,3.57,85,79,75,237
314633,GYAHD10JHJ,372084,23/09/2018,09:37,10:53,Straw,Clear,1.018,4,Negative,Trace,Negative,Negative,Negative,Normal,Negative,11-13,0,2-4,Nil,Nil,NIL,13.2,4.6,48.2,82.8,28,27,9.5,39.2,5421,65,36,5,5,0,7.82,2.43,0.38,0.38,0,115,7.4,17,0.24,29.4,0.1,0.16,0.03,0.36,127,62,83.8,64.4,322,112,2,1.35,0.74,0.5,0,0.5,109,40,13,37,8,3.3,4.7,0.7,0.7,16.4,7.6588,10.94,146,4.4,95,2.6,94.36,126,332,458,27.51,7.3,162.81,0.1,15.5,99.4,15.59,9.9,3.1,163,17.1,2.98,124,115,113,95
200435,PBCHD05MHS,732244,26/09/2018,10:51,12:15,Straw,Slightly cloudy,1.014,4.9,Trace,Negative,Negative,Negative,Negative,Normal,Negative,4-6,1,3-2,Nil,Rare,Fat droplets or lipiduria,10.8,2.2,33.9,45.5,49,31,11.5,43.2,10921,54,21,22,6,1.2,8.43,2.23,0.22,0.06,0.01,268,9,20,0.35,31.6,5,0.44,0.14,0.29,184,54,100.2,18.9,94.5,70,3.4,1.86,0.54,0.9,0.2,0.7,62,32,40,82,6.4,3.1,3.3,0.94,1.1,26.6,12.4222,11.29,121,2.7,96,5.5,93.23,89,236,325,27.38,7.4,165.68,1,25.2,182.5,13.81,9.7,2.6,194,11.8,3.79,111,93,71,82
234005,GYAHD01ODK,770176,27/09/2018,08:49,09:36,Straw,Hazy,1.026,6.9,Negative,Negative,Negative,Negative,Negative,Normal,Negative,24-26,0,1-2,Nil,Nil,NIL,20.2,4.7,52.7,92.1,42,38,11.9,45,8224,58,37,5,8,0,4.87,1.44,0.38,0.07,0.09,633,11.1,14,0.11,14.8,2.5,0.36,0.34,0.36,238,31,106.5,13.5,67.5,103,7.7,3.44,0.29,0.5,0.2,0.3,79,13,21,37,6.2,4.1,2.1,1.95,0.8,12.6,5.8842,7.36,111,4.4,100,2.3,106.36,66,275,341,19.35,6,125.5,0,13.2,79.2,16.67,8.8,3.6,194,8.2,8.48,122,73,122,76
220859,GYAHD13JHJ,683496,26/09/2018,08:29,09:29,Light Yellow,Clear,1.011,6.5,Negative,Negative,Negative,Negative,3+,Normal,Negative,86-88,2,6-14,Nil,Moderate,Fat droplets or lipiduria,14,5.2,43.7,89.7,26,32,14.4,47.3,6688,55,52,4,2,0,6.4,4.67,1.31,0.22,0.49,348,11.3,16,0.23,25.8,0.7,0.3,0.31,3.76,167,55,85.3,18.7,93.5,64,3,1.55,0.64,5.9,2.9,3,87,20,36,11,7.8,5,2.8,1.79,0.6,5.2,2.4284,4.05,123,4.6,92,4.6,92.3,84,357,441,19.05,5.9,122.63,0.2,24.3,82.2,29.56,9.7,5,188,8.1,2.51,103,72,84,128
101700,GYAHD08KLM,792296,26/09/2018,06:23,07:07,Dark Yellow,Slightly cloudy,1.019,6.5,Negative,Trace,Negative,Negative,Negative,Normal,Negative,2-4,1,3-3,Nil,Nil,Fat droplets or lipiduria,13.5,6.4,63.5,98.7,21,21,14.6,41.6,9591,58,34,8,5,0,9.13,2.54,1.2,0.24,0.06,236,8.2,17,0.36,32.8,3.2,0.41,0.23,0.87,215,53,73.2,57.2,286,69,4.1,1.38,0.72,0.7,0.3,0.4,127,37,29,34,6.8,4.2,2.6,1.62,0.6,7.8,3.6426,6.07,133,3.5,103,2.4,119.28,91,306,397,22.92,5.7,116.89,0.5,13.8,42.3,32.62,9.7,4.1,117,2.1,3.19,164,103,71,137
611720,GYAHD05KLM,948731,26/09/2018,06:16,06:51,Pale Yellow,Clear,1.012,6.2,Negative,1+,Negative,Negative,Negative,Normal,Negative,13-15,0,1-3,Nil,Nil,Fat droplets or lipiduria,10.3,5.6,31.9,111.1,18,32,13.4,43,5623,55,37,5,4,0,2.53,2.03,0.28,0.29,0.03,139,10.7,16,0.53,16.9,0.1,0,0.9,0.45,188,54,122.2,20.9,104.5,219,3.5,2.26,0.44,0.7,0.3,0.4,75,15,10,41,6,3.7,2.3,1.61,0.6,16.5,7.7055,12.84,148,5.8,99,2.8,105.84,104,253,357,29.13,8.1,185.77,0.8,10.6,81.2,13.05,8.5,3.6,150,11,3.83,120,134,73,81
524726,GYAHD14KLM,525760,23/09/2018,06:39,07:46,Straw,Slightly cloudy,1.018,4.5,3+,Negative,Negative,Negative,Negative,Normal,Negative,7-9,0,3-3,Rare,Nil,Yeast cells,13.1,5.4,53.7,71.2,24,24,12.3,43.7,5451,57,44,2,6,0,1.23,3.5,0.61,0.98,0.05,54,15,12,0.6,16,0.1,0.02,0.39,0.48,231,55,149.2,10.4,52,84,4.2,2.71,0.37,0.5,0.2,0.3,59,23,25,47,6,5,1,5,1.2,17.6,8.2192,6.85,141,5.7,105,6.6,96.8,169,281,450,37.56,8.2,188.64,0.6,12.3,67.5,18.22,9.1,2.6,239,13.7,0.22,127,67,72,296
142110,GYAHD02KAU,349290,24/09/2018,11:25,12:39,Yellow,Clear,1.011,5.8,1+,Trace,Negative,Negative,Negative,Normal,Negative,12-14,2,1-3,Nil,Nil,NIL,8.2,4.1,48.1,89.7,20,17,13.6,45.7,7975,53,20,5,2,0,1.75,1.51,0.43,0.13,0.09,209,8.2,13,0.38,12.3,0.5,0.31,0.2,0.19,223,55,107.6,76.6,383,200,4.1,1.96,0.51,0.5,0.1,0.4,62,53,25,32,6.3,5,1.3,3.85,0.8,13.2,6.1644,7.71,138,4.9,94,1,95.79,220,300,520,42.31,6.2,131.24,0.4,23.2,52.7,44.02,9.2,2.3,91,4.1,0.44,84,89,75,276
465452,KLTRS02NLZ,784731,27/09/2018,06:56,07:30,Straw,Slightly cloudy,1.024,6.6,1+,Negative,1+,Negative,Negative,Normal,Negative,4-6,2,3-2,Nil,Nil,Parasites,9,7.5,49.7,74.7,12,18,14.4,45.1,7078,59,55,12,5,0,1.44,2.77,1.21,0.36,0.07,108,9.9,10,0.23,41,0.1,0.38,0.34,0.21,240,59,106.1,38.4,192,201,4.1,1.8,0.56,1.1,0.1,1,100,41,30,20,6.3,3.7,2.6,1.42,1.2,54,25.218,21.02,127,3.5,90,5.6,87.42,178,97,275,64.73,8.8,205.86,0.2,21.4,274.2,7.8,10.3,5.8,161,11.5,1.12,193,89,99,174
458366,PBCHD02CGD,846922,23/09/2018,11:23,12:50,Light Yellow,Clear,1.017,5.8,4+,Negative,Negative,Negative,Negative,Normal,Negative,TNTC,0,2-2,Nil,Nil,NIL,16,5.2,63.7,74.7,30,25,14.5,42.1,5766,54,34,4,4,0,2.19,0.27,0.53,0.17,0.1,320,10.7,15,0.28,34.1,2.4,0.43,0.1,2.55,158,58,91.3,26.8,134,62,2.7,1.57,0.64,0.5,0,0.5,48,7,38,30,6,4.5,1.5,3,2,8.1,3.7827,1.89,125,5.9,107,4.3,104.24,116,357,473,24.52,7.2,159.94,0.5,10,38.9,25.71,9,3,150,12.3,2.74,92,119,88,227
591003,MZLGI11GJS,570516,24/09/2018,07:24,08:32,Light Yellow,Slightly cloudy,1.019,6.4,Negative,2+,Negative,Negative,Negative,Normal,Negative,11-12,0,2-2,Nil,Few,NIL,8.3,5.5,34.1,79,15,24,13.4,39.1,4753,40,20,2,7,0,3.01,1.37,0.39,0.26,0.33,100,9.5,14,0.3,25,0.1,0.3,0.31,0.22,170,46,135.9,64.6,323,88,3.7,2.95,0.34,0.5,0.2,0.3,109,54,35,34,6.4,3.7,2.7,1.37,1,33.5,15.6445,15.64,128,2.8,103,2.7,102.07,112,181,293,38.23,7.3,162.81,0.1,11.4,133.7,8.53,12,3.7,182,13.7,1.37,84,90,74,162
775225,PBCHD02NLM,841989,24/09/2018,11:05,12:29,Straw,Slightly cloudy,1.019,6.5,Trace,Trace,Negative,Negative,3+,Normal,Negative,10-11,0,1-2,Moderate,Nil,Fat droplets or lipiduria,7,4.2,56.5,80.6,16,12,13.8,40.1,5837,40,25,2,8,0,8.51,1.08,0.42,0.43,0.03,352,13.5,9,0.22,15.9,0.1,0.3,0.73,0.13,209,46,109.2,33.5,167.5,97,4.5,2.37,0.42,0.7,0.3,0.4,76,44,10,21,6.4,5,1.4,3.57,1.1,7.2,3.3624,3.06,137,2.8,99,2.7,113.88,194,196,390,49.74,8.9,208.73,0.5,11.6,80.4,14.43,10.2,2.8,88,4.9,0.51,71,165,105,121
409309,PBCHD11HPP,334789,27/09/2018,06:05,07:13,Dark Yellow,Slightly cloudy,1.029,6,Negative,1+,Negative,Negative,Negative,Normal,Negative,7-9,2,11-17,Nil,Nil,NIL,11.8,4.2,23.6,98.9,28,50,14.2,40.5,10969,56,30,3,7,0,2.49,4.51,0.84,0.18,0.05,390,10.4,11,0.32,46.2,0.1,0.26,0.09,0.16,183,45,83.7,106.1,530.5,140,4.1,1.86,0.54,0.7,0.1,0.6,55,16,97,99,6.2,3.8,2.4,1.58,1.2,7.7,3.5959,3,133,3.8,106,9,117.08,109,156,265,41.13,6,125.5,0.9,18.1,107.3,16.87,10.6,4.1,171,3,3.27,90,211,134,87
545373,MZLGI13APK,408086,26/09/2018,10:36,11:10,Dark Yellow,Slightly cloudy,1.011,6.9,1+,Negative,Negative,Negative,Negative,Normal,Negative,12-13,0,2-2,Moderate,Rare,Fungal elements,11.1,5.7,33.4,67.7,19,33,14.3,44.8,8215,49,44,19,20,0.2,8.34,2.3,0.44,0.5,0.04,114,10.6,16,0.27,22.3,0.1,0.47,0.28,0.72,166,74,179.8,48.5,242.5,63,2.2,2.43,0.41,0.5,0.2,0.3,115,25,14,43,7.8,4.8,3,1.6,0.7,13.6,6.3512,9.07,143,3.7,98,5.7,80.34,92,199,291,31.62,5.8,119.76,0.9,14,106.2,13.18,10,6.3,147,5.2,0.64,120,170,89,198
608981,GYAHD14KAU,474037,26/09/2018,11:20,12:27,Pale Yellow,Slightly cloudy,1.003,5,Negative,Trace,Negative,Negative,Negative,Normal,Negative,25-28,2,3-2,Rare,Nil,Parasites,13.8,4.8,35.6,88,28,38,14.6,39.8,2094,40,21,6,20,0,0.96,2.12,0.64,0.4,0.08,165,10.9,14,0.21,32.5,3,0.73,3.49,0.52,222,40,109.7,22.3,111.5,130,5.6,2.74,0.36,0.5,0.2,0.3,259,45,34,11,8,4.9,3.1,1.58,1,15.9,7.4253,7.43,129,4.8,98,4.4,114.05,129,259,388,33.25,6.2,131.24,1,11.2,73.7,15.2,8.2,3.8,273,7.2,5.7,235,93,86,188
836411,MZLGI01MHP,702345,23/09/2018,09:59,11:12,Straw,Cloudy,1.02,5.4,Negative,Trace,Negative,Negative,1+,Normal,Negative,TNTC,1,12-13,Nil,Nil,NIL,16.9,4.4,33,88.9,38,51,13.6,40.4,8178,45,12,25,3,0,5.76,2.01,0.42,0.04,0.08,293,7.4,18,0.3,32.7,2.1,0.48,0.02,0.12,151,53,139.8,38.2,191,102,2.8,2.64,0.38,0.2,0,0.2,90,22,32,13,7.3,4.9,2.4,2.04,0.9,16,7.472,8.3,140,2.2,96,5.6,108.18,107,188,295,36.27,5.9,122.63,0.6,17.2,20.7,83.09,8.6,3.5,168,8.5,2.45,96,85,98,262
386994,KLTRS12WBD,138723,27/09/2018,07:30,08:45,Red,Clear,1.017,6.6,Negative,Trace,Negative,Trace,Negative,Normal,Negative,3-5,37,3-2,Nil,Nil,NIL,9.6,4.3,39.1,76.1,22,24,12.7,44.6,38168,40,33,3,2,0,20.05,2.71,0.6,0.7,0.1,700,7.3,11,0.06,17.6,2.3,0.12,0.18,0.69,155,38,95.5,21.4,107,134,4.1,2.51,0.4,0.7,0.3,0.4,197,52,25,23,6.9,5.4,1.5,3.6,1,15.7,7.3319,7.33,135,3.7,104,6.4,98.66,132,157,289,45.67,6.4,136.98,0.3,17.9,78.9,22.69,8.6,3.1,196,3.3,10.38,86,97,100,121
713022,MZLGI11MHP,387860,27/09/2018,07:13,08:34,Light Yellow,Slightly cloudy,1.017,6.1,Negative,Negative,Negative,Negative,Negative,Normal,Negative,3-5,0,2-2,Nil,Nil,Amorphous debris,10.5,4,22.7,87,26,46,11.9,42.1,6098,47,20,3,2,0,2.11,1.75,0.31,0.46,0.18,564,9.2,11,0.22,42.8,3.7,3.26,0.15,0.16,175,43,80.6,72.4,362,152,4.1,1.87,0.53,0.4,0.1,0.3,72,39,18,41,7.3,3.5,3.8,0.92,0.8,42.8,19.9876,24.98,138,2.9,106,4.6,107.14,142,348,490,28.98,7.2,159.94,0,26.4,133.2,19.82,7.8,4.1,185,7.7,3.93,125,90,72,172
960491,GYAHD01ODK,644147,27/09/2018,11:47,12:54,Dark Yellow,Hazy,1.023,4.7,Negative,1+,Negative,Negative,Negative,Normal,Negative,4-5,10,7-17,Nil,Nil,NIL,11.2,4.3,59.1,94.7,26,18,12.2,44.3,7821,53,22,6,7,0,0.22,0.74,0.69,0.22,0.08,1138,11.2,17,0.55,14.6,0.2,0.38,0.61,0.63,179,41,70.3,8.2,41,85,4.4,1.71,0.58,0.7,0.3,0.4,107,30,10,11,8.1,4.6,3.5,1.31,0.8,32.7,15.2709,19.09,138,4.6,105,3.6,97.34,118,358,476,24.79,5.9,122.63,0.6,17.2,147.3,11.68,9.6,3.4,345,4.6,6.41,108,102,93,69
840886,PBCHD09NLM,764527,27/09/2018,10:18,11:06,Light Yellow,Clear,1.028,6.7,Negative,Negative,Negative,Negative,Negative,Normal,Negative,1-3,0,1-2,Nil,Nil,NIL,10.2,6.7,36.6,76.9,15,27,14.4,44.9,25258,72,36,4,4,0,4.47,2.84,0.57,0.59,0.02,354,15.5,6,0.43,31.3,5,0.62,0.33,0.12,215,65,73.4,29.1,145.5,64,3.3,1.13,0.89,0.9,0.4,0.5,105,55,31,41,6.3,4.1,2.2,1.86,0.6,16,7.472,12.45,136,3.9,98,5.8,99.16,184,311,495,37.17,5.9,122.63,0.6,26.5,99,26.77,9.2,2.5,176,7.2,0.31,80,78,88,117
278268,PBCHD08HPP,455275,23/09/2018,06:23,07:31,Pale Yellow,Clear,1.016,6.5,Trace,Trace,Trace,Negative,Negative,Normal,Negative,1-2,1,2-2,Nil,Nil,Amorphous debris,17.1,4.6,35,98.2,37,48,12,40.6,8908,57,33,3,7,0,1.3,4.41,0.57,0.37,0.06,254,13.4,17,0.26,48.3,1,1.72,0.44,0.18,198,74,95,74.4,372,151,2.7,1.28,0.78,0.7,0.3,0.4,70,55,27,40,7.7,4.4,3.3,1.33,1.1,19,8.873,8.07,138,4.6,103,3.7,109.22,117,357,474,24.68,8.3,191.51,0.2,22.5,91,24.73,9.7,4.3,169,11.9,3.39,95,85,73,103
380667,GYAHD07KAU,578084,23/09/2018,10:27,11:40,Pale Yellow,Slightly cloudy,1.017,4.5,Trace,Negative,1+,Negative,Trace,Normal,Negative,12-14,1,3-2,Nil,Nil,NIL,11.8,6.2,38.6,91.1,19,30,13.7,42.9,10199,35,35,5,4,0,16.45,1.86,0.99,0.28,0.06,151,7.2,16,0.24,13.3,0.7,2.45,0.31,0.92,223,56,120.5,43.3,216.5,130,4,2.15,0.46,0.6,0.2,0.4,42,26,24,21,7.2,4.2,3,1.4,0.5,19.9,9.2933,18.59,140,4.4,106,2.5,116.49,103,344,447,23.04,8.2,188.64,0.6,18.2,64.1,28.39,9.2,2.7,197,3.5,5.41,79,98,87,205
855909,PBCHD14SKM,734760,23/09/2018,07:56,09:07,Light Yellow,Hazy,1.017,6.2,Trace,Trace,Negative,Negative,Negative,1+,Negative,4-5,0,2-2,Rare,Nil,NIL,16.4,3.6,35.1,98.9,45,46,12.9,41.7,4414,48,26,3,8,0,8.71,1.27,0.36,0.31,0.03,124,9,13,0.15,19.9,7.4,0.34,0.04,0.21,187,50,86.1,26.9,134.5,210,3.7,1.72,0.58,0.7,0.3,0.4,62,35,37,46,7.9,4.4,3.5,1.26,0.9,16.3,7.6121,8.46,143,4.5,98,6.5,95.57,154,100,254,60.63,6,125.5,0.3,495.4,158.1,313.35,10.9,3.6,234,4,1.31,93,67,116,189
899609,GYAHD07ODK,318446,27/09/2018,10:13,11:41,Straw,Hazy,1.014,4.9,Negative,Negative,Negative,Negative,Negative,Normal,Negative,3-5,0,2-3,Nil,Nil,Fat droplets or lipiduria,10.9,2,29.2,69.2,54,37,12.6,42.5,6841,15,50,1,6,1.9,22.48,2.77,0.64,0.62,0.04,887,11.7,20,0.33,19.1,2.5,0.37,0.42,0.27,180,52,80.9,7.7,38.5,157,3.5,1.56,0.64,0.3,0,0.3,125,43,36,23,6.1,5.5,0.6,9.17,0.8,8.5,3.9695,4.96,128,4.5,102,4.5,104.09,86,137,223,38.57,6,125.5,0.5,12.5,93.6,13.35,9.3,5.6,72,7.1,1.76,120,96,79,329
319395,KLTRS09NLZ,470486,26/09/2018,10:28,11:38,Light Yellow,Slightly cloudy,1.024,4.5,1+,Trace,Negative,Negative,Negative,Normal,Negative,6-8,1,7-11,Rare,Nil,NIL,13.7,5.1,64.8,79.7,26,21,12.9,40.2,29440,51,38,2,12,0.5,8.87,2.13,0.86,0.1,0.09,432,8.7,12,0.59,34.8,2.2,0.03,0.36,0.07,198,69,207,9.5,47.5,104,2.9,3,0.33,0.2,0,0.2,116,51,36,35,6.7,3.9,2.8,1.39,1.2,11.7,5.4639,4.55,147,4.8,100,4.9,101.75,126,307,433,29.1,8.4,194.38,0.9,17.8,199.1,8.94,8.5,4.5,77,11.9,2.42,77,86,91,199
306611,MZLGI05RJK,562276,25/09/2018,06:31,07:13,Light Yellow,Hazy,1.017,6.9,Negative,Negative,Negative,Negative,Negative,Normal,Negative,8-10,1,2-4,Rare,Nil,Fungal elements,13.1,5.5,64.8,88.2,23,20,12.5,45.6,5158,47,19,2,3,0,16.73,2.89,0.41,0.22,0.06,448,10.8,15,0.39,22.7,1.4,0.03,0.35,0.02,169,51,73,8,40,98,3.3,1.43,0.7,0.5,0.1,0.4,53,48,29,46,6.1,3.6,2.5,1.44,0.7,14.4,6.7248,9.61,140,4.2,108,2.3,101.23,228,160,388,58.76,5.6,114.02,0.7,15.4,45.2,34.07,9.1,5.5,123,10.4,1.15,109,96,96,116
308941,KLTRS10MLT,149875,24/09/2018,10:51,12:18,Light Yellow,Clear,1.018,4.7,1+,Trace,Negative,Negative,Negative,Normal,Negative,30-35,0,3-2,Nil,Nil,Yeast cells,13.3,5.2,58.7,86.8,25,22,14.2,44.1,7994,31,31,2,1,0,5.58,1.99,0.43,0.68,0.06,203,15.2,17,0.34,33.1,1.7,0.17,0.21,0.32,184,50,84,10.5,52.5,117,3.7,1.68,0.6,0.9,0.2,0.7,52,35,37,24,7,5,2,2.5,0.8,19.7,9.1999,11.5,139,4.7,101,3.8,63.53,108,340,448,24.11,6.4,136.98,0.2,15.4,90.7,16.98,9.6,3.7,285,10.2,9.39,72,141,89,102
978047,PBCHD01CGD,673785,23/09/2018,11:52,12:41,Light Yellow,Clear,1.01,6.7,Negative,Negative,Negative,Negative,Trace,Normal,Negative,10-11,2,3-3,Nil,Nil,Amorphous debris,12.8,6,40.4,86.9,21,31,12.2,44.1,4079,35,36,2,7,0,6.48,2.81,0.51,0.05,0.07,293,16,20,0.15,15.2,3.9,0.17,0.17,0.16,156,26,58.6,37.2,186,64,6,2.25,0.44,0.8,0.3,0.5,119,9,27,14,6.8,5,1.8,2.78,0.7,14.5,6.7715,9.67,144,2.8,104,2.5,107.61,105,150,255,41.18,5.7,116.89,0.1,35.6,65.7,54.19,10.7,4.1,158,10.8,0.94,145,86,98,89
373573,KLTRS11WBD,896031,27/09/2018,08:37,09:22,Light Yellow,Clear,1.01,6.7,Negative,Trace,Negative,Negative,Negative,Normal,Negative,4-6,1,>20,Nil,Nil,Yeast cells,19,7,52.1,97.4,27,36,13.6,44.4,4043,43,37,1,2,0,4.02,1.93,0.67,0.03,0.05,391,10,11,0.11,34.4,1,0.09,2.06,0.28,169,57,138,31.4,157,101,3,2.42,0.41,0.9,0.3,0.6,88,7,10,43,8.1,4.4,3.7,1.19,0.7,11.7,5.4639,7.81,147,5.4,96,6.6,104.62,74,200,274,27.01,12.1,300.57,0,18.4,272.1,6.76,10.2,5.1,106,8.5,11.13,126,74,239,256
797792,GYAHD01KLM,137685,24/09/2018,08:05,08:36,Pale Yellow,Slightly cloudy,1.017,6.8,Negative,Negative,Negative,Negative,Negative,Normal,Negative,14-15,0,>20,Nil,Rare,Parasites,13.1,8.3,46.3,60.8,15,28,11.7,25.8,2457,75,30,2,4,7.7,4.94,2.54,0.23,0.08,0.04,252,17.5,19,0.25,17.7,1.3,0.34,0.19,0,631,38,64.2,26.2,131,70,16.6,1.69,0.59,0.4,0,0.4,104,8,16,53,6.5,5,1.5,3.33,0.9,32.3,15.0841,16.76,91,6,81,5,100.13,135,123,258,52.33,5.7,116.89,0.1,10.5,134.5,7.81,8.4,3.4,282,18.1,3.43,139,81,97,89
521686,KLTRS13KLP,255559,23/09/2018,06:16,07:31,Yellow,Clear,1.013,6.5,Trace,Trace,Negative,Negative,Negative,Normal,Negative,11-13,0,3-4,Nil,Nil,NIL,14.1,4.5,45,81.9,31,31,12.7,39.2,4382,43,20,5,18,0,6.57,1.05,0.76,0.12,0.06,450,8.7,11,0.06,26.7,7.4,0.25,0.01,4.67,173,55,71.3,10.7,53.5,212,3.1,1.3,0.77,0.7,0.1,0.6,98,56,19,12,6.4,5.5,0.9,6.11,0.6,9.9,4.6233,7.71,144,3.6,102,5.8,107.88,114,292,406,28.08,5.9,122.63,0.5,25.4,121.5,20.91,9.2,2.4,196,8.4,1.36,105,104,96,109
767074,GYAHD09KLM,281927,24/09/2018,07:51,09:16,Light Yellow,Clear,1.018,6.7,Negative,Trace,Negative,Negative,Negative,Normal,Negative,79-83,1,2-3,Nil,Nil,NIL,12.8,5.8,46.5,90.7,22,27,9.8,42.7,5497,45,45,5,5,0,3.61,0.73,0.64,0.33,0.07,112,8.9,11,0.59,12.6,4.4,4.27,0.21,0.2,198,33,86.7,36.7,183.5,128,6,2.63,0.38,0.4,0,0.4,129,35,35,32,7,3.8,3.2,1.19,0.7,17.3,8.0791,11.54,138,4.6,101,4.6,105.33,128,322,450,28.44,5.9,122.63,0.9,14.4,113.2,12.72,8.3,6.4,199,12,5.56,212,61,118,70
451684,KLTRS14KLP,269799,26/09/2018,10:57,11:27,Straw,Clear,1.011,6.8,Negative,Negative,Negative,Trace,Negative,Normal,Negative,11-13,0,2-4,Few,Few,NIL,18.1,5.6,44.3,93.1,32,40,12.2,42.8,16891,44,11,6,2,0,6.23,3.3,0.66,0.26,0.09,273,5.8,17,0.12,28.1,3.8,0.28,0.02,0.34,170,41,76.4,106,530,200,4.1,1.86,0.54,0.9,0.3,0.6,113,54,99,40,7.6,4.7,2.9,1.62,0.7,16.7,7.7989,11.14,144,4.4,106,5.7,94.85,167,318,485,34.43,6.4,136.98,0.4,98.8,288,34.31,8.9,1.1,73,8,2.22,88,65,241,119
819842,PBCHD13NLM,557949,25/09/2018,10:27,11:09,Pale Yellow,Slightly cloudy,1.015,8.8,Trace,Negative,Negative,Negative,Negative,Normal,Negative,2-4,1,3-2,Nil,Nil,Fat droplets or lipiduria,11.4,5.7,45.3,72.5,20,25,14.4,40.7,5343,39,27,2,5,0,9.87,2.23,0.13,0.17,0.02,230,7.3,11,0.09,34.5,0.7,5.22,0.85,0.31,123,34,43.6,33.3,166.5,149,3.6,1.28,0.78,0.7,0.3,0.4,96,55,22,15,7.7,4.8,2.9,1.66,0.7,18.4,8.5928,12.28,148,3.7,77,2.6,106.63,147,94,241,61,9.9,237.43,0.4,24.4,120.4,20.27,8.6,3.5,219,11.4,1.54,95,93,92,93
341246,GYAHD03JHJ,870471,27/09/2018,07:16,08:07,Pale Yellow,Clear,1.012,4.4,2+,Negative,Negative,Negative,Negative,Normal,Negative,8-10,0,14-10,Nil,Nil,Mucus threads,3.6,8.5,46.8,76.5,4,7,14.5,45.6,5885,41,24,6,7,0,0.69,0.26,0.74,0.23,0.02,245,11.2,11,0.13,16.2,0.5,0.1,0.22,1.94,179,27,83,23.6,118,62,6.6,3.07,0.33,0.5,0.2,0.3,112,19,29,14,7.2,4.7,2.5,1.88,1.1,14.7,6.8649,6.24,137,2.2,95,3.2,118.64,103,357,460,22.39,7.3,162.81,0.5,17.7,128.7,13.75,10.3,2.3,187,9.2,0.18,188,60,83,85
391191,KLTRS04WBD,153121,24/09/2018,09:00,10:29,Light Yellow,Hazy,1.02,5,1+,Negative,Negative,Negative,Negative,Normal,Negative,7-8,4,1-3,Moderate,Nil,Yeast cells,8.4,4.4,35.5,91.9,19,23,12.5,40.1,5940,55,51,1,4,0.6,5.1,0.79,0.2,0.43,0.05,387,7.2,10,0.38,27.6,2.6,0.06,0.18,0.69,222,58,79.9,32.5,162.5,189,3.8,1.38,0.73,0.7,0,0.7,56,50,26,28,7.9,4.3,3.6,1.19,1,11.2,5.2304,5.23,134,2,110,5.4,102.63,89,351,440,20.23,8,182.9,0.7,21,146.5,14.33,10.6,3.9,109,4.7,7.86,100,81,65,388
441141,KLTRS05NLZ,434297,27/09/2018,06:27,07:24,Light Yellow,Slightly cloudy,1.015,6.9,Negative,Negative,Negative,Negative,Negative,Normal,Negative,69-73,1,13-10,Rare,Rare,NIL,10.5,5.4,49.4,76.6,19,21,12.3,43.8,9350,25,28,1,3,0,2.37,7.03,0.22,0.05,0.08,113,14.7,12,0.15,25.4,3.4,0.17,0.28,0.36,114,47,57.3,35.7,178.5,83,2.4,1.22,0.82,0.6,0.1,0.5,122,43,43,19,6.1,4.1,2,2.05,0.8,159.3,74.3931,92.99,140,4.8,97,5.3,91.08,223,355,578,38.58,9.7,231.69,0.9,17.3,100,17.3,7.9,3.8,158,20,2.65,102,89,80,89
303681,MZLGI08MHP,689431,26/09/2018,11:34,12:11,Green,Slightly cloudy,1.027,4.6,Negative,Trace,Negative,Negative,Negative,Normal,Negative,13-14,0,2-4,Nil,Nil,NIL,2.5,4.7,49.4,81,5,5,14.4,45.9,7695,10,48,6,2,0,7,2.28,0.8,0.01,0.44,368,7.5,17,0.25,28.6,3.9,0.02,0.57,0.08,171,26,42.4,34.6,173,97,6.6,1.63,0.61,0.7,0.1,0.6,120,17,25,28,6.9,4.2,2.7,1.56,1,18.3,8.5461,8.55,128,3.1,95,2.5,117.61,153,152,305,50.16,5.6,114.02,0.4,188.3,112.2,167.83,7.7,3.1,64,8.1,1,114,162,95,166
696502,KLTRS08ODB,567268,24/09/2018,09:31,10:11,Straw,Clear,1.012,5.6,Negative,Negative,Negative,Negative,Negative,Normal,Negative,2-4,2,3-3,Nil,Rare,Amorphous debris,14.4,4.4,64.2,99.3,32,22,12.1,45.6,5147,55,21,6,4,0,1.32,1.99,0.88,0.26,0.09,101,10.5,11,0.21,42.7,4.9,0.01,3.62,1.44,191,55,115,5.7,28.5,122,3.5,2.09,0.48,0.6,0,0.6,218,20,25,46,8.3,4.8,3.5,1.37,1.6,8.6,4.0162,2.51,139,4.2,98,2.4,105.14,60,295,355,16.9,6,125.5,0.9,21.3,24.2,88.02,10.1,3.3,260,9.7,5.87,83,95,92,127
293733,GYAHD05ODK,538809,26/09/2018,07:34,08:05,Yellow,Clear,1.013,5,Negative,Negative,Negative,Negative,Negative,Normal,Negative,3-4,1,2-3,Nil,Nil,NIL,12.7,4.1,31.2,98.3,30,40,11.9,41.4,10621,60,21,14,5,0,2.18,2.25,0.12,0.04,0.02,248,7,29,0.13,40.8,2.6,0.97,0.02,0.83,161,79,95.7,19.2,96,121,2,1.21,0.83,0.5,0,0.5,70,29,22,14,6.6,4.7,1.9,2.47,1,18.3,8.5461,8.55,148,3.9,95,4,101.47,177,134,311,56.91,6.7,145.59,0,11.5,284.8,4.04,9.8,3.5,139,7,1.05,109,91,111,136
795797,MZLGI06GJS,574592,26/09/2018,07:24,07:56,Pale Yellow,Clear,1.025,6.1,Negative,Trace,Negative,Negative,Negative,Normal,Negative,12-14,1,6-13,Nil,Nil,Amorphous debris,4,4.3,44.2,91.2,9,9,13.7,42.8,6196,49,54,4,6,0,0.26,1.81,0.21,0.1,0.26,212,9.2,11,0.26,31.2,1,0.24,0,0.11,158,30,133,17.6,88,160,5.3,4.43,0.23,0.3,0,0.3,79,23,28,32,7.5,4.9,2.6,1.88,0.8,6.5,3.0355,3.79,148,3.9,101,3.1,109.2,145,355,500,29,6.3,134.11,0.1,12.6,38.1,33.07,10.9,4.3,154,3.7,0.13,90,67,117,238
491679,MZLGI11GJS,548929,23/09/2018,11:55,12:30,Yellow,Clear,1.011,7,Negative,Negative,Negative,Negative,Negative,Normal,Positive,7-9,2,8-17,Nil,Nil,NIL,11.4,5,36.7,60.6,22,31,13.3,42.8,6529,41,16,6,6,0,8.87,7.25,0.37,0.07,0.02,408,5.6,13,0.51,32.9,0.9,0.81,0.06,0.19,155,41,98.4,35.8,179,189,3.8,2.4,0.42,1.7,0.8,0.9,103,54,92,41,6.3,4.4,1.9,2.32,0.5,12,5.604,11.21,144,4.4,112,5.1,85.51,160,337,497,32.19,5.8,119.76,0.3,13.5,21,64.29,9,4.2,165,6.6,1.6,96,64,71,97
835969,MZLGI05APK,466909,24/09/2018,09:12,10:27,Light Yellow,Clear,1.015,4.5,Trace,1+,Negative,Negative,Negative,Normal,Negative,6-7,1,1-4,Nil,Nil,Yeast cells,12.2,6.6,54.8,99.7,18,22,13,29.7,8707,40,20,1,6,0.7,4.55,1.54,0.92,0.19,0,74,14,16,0.66,26.8,0.1,0.22,0.65,6.6,180,57,99,6.2,31,119,3.2,1.74,0.58,0.5,0.2,0.3,106,18,26,44,7.4,4.1,3.3,1.24,0.7,19.6,9.1532,13.08,129,5.7,106,2.4,102.98,159,353,512,31.05,6.4,136.98,0.5,10.6,135.9,7.8,10.8,3.2,183,6.4,6.38,123,82,71,146
819321,MZLGI02BRC,244521,23/09/2018,10:25,11:03,Light Yellow,Milky,1.016,5.9,Negative,Negative,Negative,Negative,Negative,Normal,Negative,9-10,1,1-4,Nil,Nil,Artifacts,9.3,6.4,62.6,113.8,14,14,12.3,42.8,6127,66,29,4,8,11.7,2.29,2.9,0.85,0.47,0.08,105,10.8,15,0.34,34.2,2.4,4.99,0.02,0.13,219,49,97.9,33.5,167.5,142,4.5,2,0.5,2.9,1.4,1.5,82,8,34,23,7.2,3.8,3.4,1.12,0.8,17.6,8.2192,10.27,141,3.9,107,4.6,101.86,133,316,449,29.62,6.3,134.11,0.6,26.2,79.2,33.08,9.2,4.6,107,14.6,2.95,96,114,70,97
359738,MZLGI15GJS,843383,27/09/2018,11:21,12:29,Light Yellow,Clear,1.192,4.7,Negative,Negative,Negative,Negative,Negative,Normal,Negative,7-9,1,2-2,Nil,Nil,NIL,13.4,5.9,32.5,53.4,22,41,14.5,33.9,4362,41,22,5,3,0.5,7.25,1.51,0.87,0.41,0.07,66,9.3,13,0.16,29.2,4.5,0.12,0.37,0.03,157,44,148.1,5.5,27.5,100,3.6,3.37,0.3,0.5,0,0.5,43,12,32,29,6.5,3.8,2.7,1.41,2,5.7,2.6619,1.33,138,3.4,102,2.6,97.01,62,349,411,15.09,6.2,131.24,0.9,28,145,19.31,8.7,4.6,77,4.7,2.07,118,67,100,89
842121,GYAHD05KLM,463403,26/09/2018,06:41,08:04,Light Yellow,Slightly cloudy,1.014,6.6,Negative,3+,Negative,Negative,2+,Normal,Negative,2-3,2,>20,Nil,Nil,NIL,8.9,6,44.5,70.6,14,20,11.6,48.9,5773,47,44,6,2,0,5.9,1.66,0.62,0.01,0.06,386,6.2,14,0.45,18.9,4.9,0.65,0.26,0.34,184,45,95.5,10.7,53.5,107,4.1,2.12,0.47,0.7,0.3,0.4,123,35,33,29,7.3,3.8,3.5,1.09,1.1,10.4,4.8568,4.42,144,3.1,108,1.6,103.3,143,197,340,42.06,6.1,128.37,0.7,290.3,104.8,277,8.7,4,252,4.6,2.44,94,86,135,111
700738,GYAHD12KAU,956622,24/09/2018,08:20,09:26,Straw,Clear,1.011,6.7,Negative,Trace,Negative,Negative,Negative,Normal,Negative,54-57,0,1-4,Rare,Nil,Artifacts,14.2,5.7,43.6,95.2,24,32,12,43.4,50066,48,28,4,7,0,0.84,1.62,0.36,0.01,0.09,429,10.6,12,0.32,12,5.1,0.08,0.09,0.15,649,61,66,52.7,263.5,139,10.6,1.08,0.92,0.5,0,0.5,107,12,38,42,7.6,5.2,2.4,2.17,1.1,7.1,3.3157,3.01,143,5.9,98,2.9,112.64,174,281,455,38.24,6.8,148.46,0.9,17.3,139.1,12.44,9.9,2.9,108,7.6,3.06,100,69,98,133
181704,GYAHD09KLM,909208,27/09/2018,09:50,10:57,Pale Yellow,Hazy,1.011,6.6,Trace,Trace,Negative,Negative,Negative,Normal,Negative,4-6,1,2-2,Nil,Rare,NIL,15.9,5.2,10.6,91.1,30,150,14.5,42.3,35759,78,34,6,6,0,4.99,1.73,0.74,0.21,0.08,134,9.5,15,0.68,26.9,3,0.26,0.09,0.38,153,64,47.5,62.3,311.5,118,2.4,0.74,1.35,1,0.3,0.7,111,27,37,13,5,4.6,0.4,11.5,0.8,7,3.269,4.09,126,3.7,101,2.2,71.33,182,306,488,37.3,9,211.6,0.2,24.5,254.5,9.63,10.2,5.1,325,17.4,2.66,77,74,108,70
568428,KLTRS14WBD,404769,24/09/2018,08:04,09:09,Pale Yellow,Slightly cloudy,1.016,6.9,Trace,Negative,Negative,Negative,Trace,Normal,Negative,11-13,2,1-3,Nil,Nil,NIL,8.8,4.1,37.7,75.4,21,23,11.6,30.4,7263,35,25,6,2,0,2.19,1.05,0.71,0.06,0.02,143,8.2,14,0.34,17.8,2.6,0.37,0.26,0.14,150,51,65.3,14.8,74,148,2.9,1.28,0.78,4.8,0.3,4.5,59,44,94,29,7.1,3.7,3.4,1.09,1.8,13.6,6.3512,3.53,140,2.9,115,11.9,91.17,48,348,396,12.12,8.2,188.64,0.4,16.6,70.8,23.45,9.2,3.3,72,9.3,8.07,101,91,98,189
139971,KLTRS07NLZ,755133,27/09/2018,06:08,07:11,Dark Yellow,Hazy,1.027,6.3,Trace,Negative,Trace,Negative,Negative,Normal,Positive,12-14,0,2-3,Rare,Rare,NIL,13.7,5.7,48.9,89.6,24,28,12.6,42.6,36917,55,23,2,4,0,9.15,2.74,0.96,0.01,0,299,9.2,13,0.37,16.1,0.9,0.44,0.36,0.36,205,54,116.8,33.2,166,155,3.8,2.16,0.46,0.7,0.3,0.4,60,40,17,15,6.4,4.7,1.7,2.76,1.2,10.6,4.9502,4.13,139,3,99,3.9,100.85,128,185,313,40.89,8.4,194.38,0.9,23.3,101.7,22.91,11.9,3.5,136,4.9,3.84,85,91,104,64
246011,MZLGI06GJS,751024,27/09/2018,11:59,13:02,Light Yellow,Slightly cloudy,1.019,5.9,Negative,Trace,1+,Negative,1+,Normal,Negative,12-14,20,3-3,Nil,Nil,NIL,13.3,4.3,44.9,106.4,30,29,13,41.9,9125,45,18,6,5,0.9,7.66,2.15,0.63,0.75,0.07,203,7.1,8,0.26,24.9,4.6,0.05,0.35,0.32,205,30,80,34,170,88,6.8,2.67,0.38,0.7,0.3,0.4,86,45,11,15,5,3.7,1.3,2.85,0.9,26.6,12.4222,13.8,147,3.5,104,6.6,108.84,110,283,393,27.99,6.2,131.24,0.4,15.7,107.3,14.63,9.4,4.4,198,5.5,2.26,72,69,80,122
525260,MZLGI14RJK,759029,23/09/2018,11:53,13:21,Light Yellow,Clear,1.02,5.4,Negative,Negative,Negative,Trace,Trace,Normal,Negative,10-12,1,>20,Nil,Nil,NIL,12.2,5.2,32.6,71.2,23,37,14.3,40,5235,46,33,5,8,0,2.39,1.84,0.4,0.07,0.02,434,11.1,17,0.27,15.6,3.6,0.25,0.23,0.12,146,51,23.2,29.2,146,130,2.9,0.45,2.2,0.6,0.2,0.4,116,10,12,37,6.5,4.3,2.2,1.95,0.6,7.7,3.5959,5.99,143,5.1,108,5.2,67.42,103,293,396,26.01,6.3,134.11,0.2,11.3,257.5,4.39,9.1,4.4,155,11.3,2.71,88,124,119,151
876447,KLTRS15NLZ,600859,24/09/2018,11:25,12:41,Orange,Hazy,1.012,6.7,Negative,Trace,Negative,Negative,Negative,Normal,Negative,11-13,0,11-17,Nil,Nil,NIL,19.1,5.5,50.3,108.2,34,37,11.6,45.3,8650,51,36,2,4,0,5.31,1.42,0.34,0.33,0.07,441,9.2,13,0.35,47.7,5.1,0.31,0.28,0.03,167,53,79.2,63.3,316.5,125,3.2,1.49,0.67,1,0.3,0.7,70,135,25,48,7.4,4.4,3,1.47,1,15.9,7.4253,7.43,147,4.7,109,4,114.84,130,212,342,38.01,7,154.2,0.3,16.9,38.5,43.9,10.9,5.8,273,8.7,1.19,71,61,102,71
698018,KLTRS12NLZ,252309,23/09/2018,08:47,09:45,Yellow,Clear,1.019,4.9,3+,Negative,2+,Negative,Negative,Normal,Negative,11-12,1,1-3,Nil,Nil,Parasites,17.6,4.6,60.2,95.5,38,29,13.9,42.3,5643,45,43,2,4,0,6.15,0.08,0.57,0.45,0.06,35,7.5,11,0.38,33.3,3,0.38,0.22,0.02,236,50,33.7,36,180,96,4.7,0.67,1.48,0.6,0,0.6,58,34,26,29,6.6,3.7,2.9,1.28,1.2,16.4,7.6588,6.38,138,4.1,102,4.4,101.72,93,230,323,28.79,6.1,128.37,0.3,16.5,108.1,15.26,9.6,2.5,189,15.5,2.66,119,87,113,357
367204,MZLGI13APK,638576,23/09/2018,08:15,08:56,Pale Yellow,Clear,1.008,6.7,Negative,Negative,Negative,Negative,Negative,Normal,Negative,13-14,3,1-2,Rare,Nil,NIL,11.2,5.9,18.7,83.7,18,59,12.9,45.4,4750,29,53,3,3,0,5.04,1.67,0.86,0.36,0.05,704,8.6,16,0.33,30.3,1.6,0.33,1.81,0.35,174,26,89.6,28.5,142.5,111,6.7,3.45,0.29,0.7,0,0.7,78,16,11,38,7.6,4.2,3.4,1.24,1.2,8,3.736,3.11,144,3.3,103,3.2,116.54,124,300,424,29.25,6.7,145.59,0.6,24.9,238.9,10.42,9.2,2.3,103,11.7,3.55,110,95,83,81
